id,probability_maraud,successful_mating,next_foraging_time,x_pos,y_pos,foraging_events,foraging_hrs,foraging_sqhrs,staying_events,staying_hrs,staying_sqhrs,repairing_events,repairing_hrs,repairing_sqhrs,marauding_events,marauding_hrs,marauding_sqhrs,traveling_events,traveling_hrs,traveling_sqhrs
0,0.0,5,360.35193752073087,0.0,0.0,572.0,70.4699911393274,14.005787003082395,1548.0,264.9097758474293,56.917290223044255,140.0,24.621841158633032,5.386674599590151,0.0,0.0,0.0,0.0,0.0,0.0
1,0.0,6,360.04089803585066,0.0,1000.0,572.0,71.2119018116781,14.300429482292397,1612.0,264.52335191116,55.13248701805264,144.0,24.42315488306439,5.134799355695739,0.0,0.0,0.0,0.0,0.0,0.0
2,0.054,13,360.5029701887193,1000.0,0.0,573.0,70.31266292495106,13.456804565380068,1204.0,202.8029025940761,43.092664256800724,481.0,81.2764623447934,17.618238899849132,13.0,1.3,0.13000000000000006,95.0,4.398148148148151,0.20361796982167316
3,0.054,9,360.226942021614,1000.0,1000.0,560.0,74.60204225333288,17.144124208765742,1405.0,238.07964833442074,50.83932704062376,246.0,42.900451081761844,9.449387368250967,9.0,0.8999999999999999,0.09000000000000002,76.0,3.576048179959225,0.16932441700960202
4,0.054,11,360.01877996004595,2000.0,0.0,571.0,70.01409642132238,13.818775950603172,1577.0,266.16530843475687,56.91328365826433,110.0,18.36692544790235,3.7775161546290903,19.0,1.9000000000000006,0.1900000000000001,79.0,3.6765839612209756,0.17146776406035646
5,0.0,10,360.6421979447294,2000.0,1000.0,570.0,69.4760543193703,13.753843718423404,1416.0,241.47046326783064,51.275545098104104,296.0,49.080399853042785,10.784727673911275,0.0,0.0,0.0,0.0,0.0,0.0
