id,probability_maraud,successful_mating,next_foraging_time,x_pos,y_pos,foraging_events,foraging_hrs,foraging_sqhrs,staying_events,staying_hrs,staying_sqhrs,repairing_events,repairing_hrs,repairing_sqhrs,marauding_events,marauding_hrs,marauding_sqhrs,traveling_events,traveling_hrs,traveling_sqhrs
0,0.0,4,360.1942687651611,0.0,0.0,566.0,70.91598390800341,14.556368306915141,1439.0,240.44170538170977,51.80207359363554,294.0,48.75158140386469,10.377533358403307,0.0,0.0,0.0,0.0,0.0,0.0
1,0.054,8,360.8960528758632,0.0,1000.0,570.0,71.93521747059238,14.631108731306227,1639.0,275.8714768826138,59.10490873141872,31.0,6.038766758893414,1.3654143782047368,16.0,1.6000000000000003,0.1600000000000001,104.0,4.833991368628391,0.22505144032921764
2,0.0,16,359.9829088877035,1000.0,0.0,556.0,70.09035797925189,14.530711541519514,1504.0,253.19557261209917,54.099841467105215,232.0,36.74194857820561,7.442454445136995,0.0,0.0,0.0,0.0,0.0,0.0
3,0.054,9,360.0059116732031,1000.0,1000.0,575.0,68.51263975120504,14.19704929505025,1107.0,186.39139362737717,39.807469108809656,587.0,100.67485571472587,21.605500097146837,11.0,1.0999999999999999,0.11000000000000004,71.0,3.3829198061048817,0.16289437585733874
4,0.0,9,360.146825304669,2000.0,0.0,569.0,73.02284631022619,15.61648954442632,1363.0,231.85985447323424,49.71850846472549,319.0,55.176331408227604,11.8918539020077,0.0,0.0,0.0,0.0,0.0,0.0
5,0.054,8,359.89239839126617,2000.0,1000.0,572.0,72.69715329466949,15.617300377223877,1499.0,256.3260529902717,55.15659803435463,143.0,24.60581471226749,5.353742836413127,18.0,1.8000000000000005,0.1800000000000001,98.0,4.57539014466418,0.21433470507544544
