id,probability_maraud,successful_mating,next_foraging_time,x_pos,y_pos,foraging_events,foraging_hrs,foraging_sqhrs,staying_events,staying_hrs,staying_sqhrs,repairing_events,repairing_hrs,repairing_sqhrs,marauding_events,marauding_hrs,marauding_sqhrs,traveling_events,traveling_hrs,traveling_sqhrs
0,0.0,8,360.25959023919256,0.0,0.0,569.0,70.11435790553362,13.733909177695963,1704.0,290.13019686469005,61.91067360683985,0.0,0.0,0.0,0.0,0.0,0.0,0.0,0.0,0.0
1,0.0,11,359.83993107105556,0.0,1000.0,564.0,67.573245983967,13.609953087283335,1628.0,274.10732719934924,59.15680056649274,106.0,18.36835097319028,4.201363813296468,0.0,0.0,0.0,0.0,0.0,0.0
2,0.0,8,359.96409605223585,1000.0,0.0,559.0,68.53291531627794,13.571098437843538,1521.0,255.1736088092212,54.32095006397746,204.0,36.30086748078667,8.176975271897032,0.0,0.0,0.0,0.0,0.0,0.0
3,0.054,11,360.2971482075517,1000.0,1000.0,568.0,70.73911442866039,14.270680019768324,1389.0,229.99430647628657,49.002257048269044,335.0,54.958203277688945,11.61906774450651,10.0,0.9999999999999999,0.10000000000000003,72.0,3.3908629947740403,0.16075102880658423
4,0.054,8,360.2695859022003,2000.0,0.0,562.0,69.93462588354924,14.304204440327343,1388.0,237.4973319147995,51.00314660870403,295.0,48.784510636984216,10.380211228828548,8.0,0.7999999999999999,0.08000000000000002,66.0,3.055555555555555,0.14146090534979422
5,0.054,8,360.2535043460603,2000.0,1000.0,573.0,70.22498229010954,15.217859817057649,1329.0,228.8063797734418,49.257878574795896,320.0,54.60815242136027,11.457689462481413,17.0,1.7000000000000004,0.1700000000000001,100.0,4.687159291070342,0.22076474622770872
