id,probability_maraud,successful_mating,next_foraging_time,x_pos,y_pos,foraging_events,foraging_hrs,foraging_sqhrs,staying_events,staying_hrs,staying_sqhrs,repairing_events,repairing_hrs,repairing_sqhrs,marauding_events,marauding_hrs,marauding_sqhrs,traveling_events,traveling_hrs,traveling_sqhrs
0,0.0,7,360.3568927054186,0.0,0.0,553.0,70.79349914816528,14.788572674599365,1636.0,277.1095724813694,59.85506722225342,66.0,12.13328216105824,2.822000819560965,0.0,0.0,0.0,0.0,0.0,0.0
1,0.0,5,359.908896202324,0.0,1000.0,566.0,71.24924821260122,14.614481045361135,1446.0,240.08065127053703,50.78276240621656,284.0,48.712757388846974,10.527673248782616,0.0,0.0,0.0,0.0,0.0,0.0
2,0.054,10,360.2904208584415,1000.0,0.0,577.0,72.25922469099191,14.800593522545258,1261.0,210.6891874340879,44.97180223108323,439.0,72.81789954248846,15.323282896870683,10.0,0.9999999999999999,0.10000000000000003,70.0,3.3366235098085855,0.16075102880658426
3,0.054,16,360.14553252575695,1000.0,1000.0,581.0,69.46570630957095,13.634534296680108,1544.0,260.45403807276807,55.96275840559418,141.0,24.731479275265865,5.5633053362882166,19.0,1.9000000000000006,0.1900000000000001,75.0,3.5297518836629287,0.16718106995884763
4,0.054,10,359.97252911130767,2000.0,0.0,554.0,73.13995781509978,16.657538768715558,1484.0,250.24317941444764,52.82203109932707,172.0,30.552691076137947,6.922533405647842,14.0,1.4000000000000001,0.14000000000000007,104.0,4.85316792244196,0.22719478737997212
5,0.0,6,359.8592519077457,2000.0,1000.0,558.0,70.2118831884894,15.125553324329777,1265.0,216.4175549477353,47.61608677319721,431.0,73.45619942231545,15.647586919316568,0.0,0.0,0.0,0.0,0.0,0.0
