id,probability_maraud,successful_mating,next_foraging_time,x_pos,y_pos,foraging_events,foraging_hrs,foraging_sqhrs,staying_events,staying_hrs,staying_sqhrs,repairing_events,repairing_hrs,repairing_sqhrs,marauding_events,marauding_hrs,marauding_sqhrs,traveling_events,traveling_hrs,traveling_sqhrs
0,0.054,5,360.1817997500997,0.0,0.0,567.0,72.40903546898407,15.624366545082257,1439.0,246.38792258094574,52.51182963248345,217.0,36.42135094957778,7.770964056319298,12.0,1.2,0.12000000000000005,79.0,3.734113622661683,0.17789780521261983
1,0.054,4,360.11352502689067,0.0,1000.0,567.0,68.29514200736892,14.156817063694517,1514.0,256.22296372566024,55.10834786038216,179.0,30.54581938487013,6.909790399177968,11.0,1.0999999999999999,0.11000000000000004,83.0,3.8425925925925917,0.1778978052126198
2,0.0,14,360.10839965418177,1000.0,0.0,561.0,76.76495055880905,17.520638037448908,1425.0,246.34850939093786,53.527823522135876,229.0,36.88866915263651,7.242802383196093,0.0,0.0,0.0,0.0,0.0,0.0
3,0.0,11,360.3995466099733,1000.0,1000.0,561.0,72.07115971319985,16.284877057931674,1259.0,208.94310571378742,43.672325002581005,460.0,79.19027929303086,17.617689710306035,0.0,0.0,0.0,0.0,0.0,0.0
4,0.0,5,360.29055481556566,2000.0,0.0,563.0,72.77559029868083,16.297460605718257,1392.0,236.89720781034802,50.624185742709074,307.0,50.52155594357525,10.407386216423244,0.0,0.0,0.0,0.0,0.0,0.0
5,0.054,15,360.35916893379584,2000.0,1000.0,559.0,70.32107533484799,15.20024576512702,1672.0,283.86223764742164,61.88668430098155,0.0,0.0,0.0,16.0,1.6000000000000003,0.1600000000000001,92.0,4.2976123668863995,0.2014746227709187
