id,probability_maraud,successful_mating,next_foraging_time,x_pos,y_pos,foraging_events,foraging_hrs,foraging_sqhrs,staying_events,staying_hrs,staying_sqhrs,repairing_events,repairing_hrs,repairing_sqhrs,marauding_events,marauding_hrs,marauding_sqhrs,traveling_events,traveling_hrs,traveling_sqhrs
0,0.0,6,360.68274518749695,0.0,0.0,564.0,70.60116474914453,14.802647185376065,1573.0,265.08874747328963,57.12305856241722,149.0,24.510864484758656,5.327826328259467,0.0,0.0,0.0,0.0,0.0,0.0
1,0.0,11,359.9914870717745,0.0,1000.0,573.0,71.21819305453913,15.280600581214252,1699.0,288.84690547591464,62.30467763602491,0.0,0.0,0.0,0.0,0.0,0.0,0.0,0.0,0.0
2,0.054,15,360.2578909869532,1000.0,0.0,563.0,71.46245378285676,14.49376984693843,1442.0,246.83681267534845,53.50658515162267,209.0,36.532223048128024,8.130402631112,13.0,1.3,0.13000000000000006,85.0,3.9927148466258915,0.18861454046639206
3,0.0,7,360.69802458482775,1000.0,1000.0,565.0,73.76485384062676,17.472373899097203,1410.0,237.80817790908216,51.29716172400032,279.0,48.6440537967326,10.526825704454208,0.0,0.0,0.0,0.0,0.0,0.0
4,0.054,7,360.11431010807127,2000.0,0.0,565.0,68.42070493045357,13.688182461366512,1395.0,237.1078009871281,51.027821203806255,291.0,49.37218892126735,10.72333097103366,14.0,1.4000000000000001,0.14000000000000007,82.0,3.853825957737003,0.1821844993141287
5,0.054,8,360.1370788527839,2000.0,1000.0,568.0,69.44999683057924,14.488182463679188,1377.0,237.62820062713988,51.88518847207868,287.0,49.1377555471575,10.724131385822059,7.0,0.7,0.07,69.0,3.213620998258013,0.150034293552812
