id,probability_maraud,successful_mating,next_foraging_time,x_pos,y_pos,foraging_events,foraging_hrs,foraging_sqhrs,staying_events,staying_hrs,staying_sqhrs,repairing_events,repairing_hrs,repairing_sqhrs,marauding_events,marauding_hrs,marauding_sqhrs,traveling_events,traveling_hrs,traveling_sqhrs
0,0.054,12,360.38951261784973,0.0,0.0,580.0,69.36690208194689,13.930882390709863,1727.0,284.71699453524707,59.76272015500266,0.0,0.0,0.0,15.0,1.5000000000000002,0.15000000000000008,96.0,4.482797552071586,0.21004801097393652
1,0.0,7,360.0979241674648,0.0,1000.0,565.0,76.58026353951173,16.39022153462039,1224.0,207.70809618253446,44.57138931457312,440.0,75.81182535348015,16.341296185186863,0.0,0.0,0.0,0.0,0.0,0.0
2,0.0,10,361.0390675109614,1000.0,0.0,559.0,72.40689099090268,15.198973342602407,1144.0,192.46849085480844,41.21021606262125,574.0,95.290260266967,19.89574825738976,0.0,0.0,0.0,0.0,0.0,0.0
3,0.054,8,360.06269751004663,1000.0,1000.0,568.0,71.35635755990882,14.600367680307732,1251.0,210.0211665671359,44.64144598492415,434.0,73.00806743336676,15.614308624241408,17.0,1.7000000000000004,0.1700000000000001,84.0,3.9655951041431643,0.1886145404663921
4,0.0,7,360.09239935034543,2000.0,0.0,568.0,68.72058239844691,13.800613611188885,1514.0,254.42198162698213,54.23781453516826,234.0,37.018925570709634,7.688975988547694,0.0,0.0,0.0,0.0,0.0,0.0
5,0.054,10,360.4420720488479,2000.0,1000.0,565.0,68.69049545068104,13.69531830070899,1498.0,260.6315485321078,57.43936413512937,143.0,24.479252382885758,5.287395492319567,19.0,1.9000000000000006,0.1900000000000001,94.0,4.409381513292562,0.2079046639231821
