id,probability_maraud,successful_mating,next_foraging_time,x_pos,y_pos,foraging_events,foraging_hrs,foraging_sqhrs,staying_events,staying_hrs,staying_sqhrs,repairing_events,repairing_hrs,repairing_sqhrs,marauding_events,marauding_hrs,marauding_sqhrs,traveling_events,traveling_hrs,traveling_sqhrs
0,0.054,11,359.94264693538344,0.0,0.0,574.0,70.57093162703217,14.266283295666469,1671.0,283.8803109598177,60.97749949430814,0.0,0.0,0.0,15.0,1.5000000000000002,0.15000000000000008,89.0,4.13954692418394,0.19290123456790095
1,0.0,8,360.0083749794723,0.0,1000.0,559.0,74.65687713835369,16.102889631105608,1317.0,218.44311267375608,46.32801028596822,410.0,66.94983906474386,14.032225389108383,0.0,0.0,0.0,0.0,0.0,0.0
2,0.0,6,360.44966582043753,1000.0,0.0,562.0,69.41471367726756,13.793109150308853,1377.0,236.0113157982377,50.34505463581106,331.0,54.692391967628744,11.752000080516744,0.0,0.0,0.0,0.0,0.0,0.0
3,0.054,11,359.9788188069124,1000.0,1000.0,558.0,65.68576983598874,12.936045368787536,1450.0,246.73791438349858,53.67817420992096,258.0,42.82170352162628,9.000047766068063,7.0,0.7,0.07,93.0,4.343908663182696,0.20361796982167316
4,0.0,8,360.40454364194545,2000.0,0.0,577.0,68.02365878231208,13.470098019677504,1430.0,243.0420587619958,52.318742411828445,303.0,49.19949383807245,10.394729057125447,0.0,0.0,0.0,0.0,0.0,0.0
5,0.054,10,360.47257390761985,2000.0,1000.0,555.0,73.25617842799005,16.90132784794032,1588.0,268.8983805437639,57.69970626160603,69.0,12.164247568114678,2.579714588681613,16.0,1.6000000000000003,0.1600000000000001,91.0,4.212962962962964,0.19504458161865537
