id,probability_maraud,successful_mating,next_foraging_time,x_pos,y_pos,foraging_events,foraging_hrs,foraging_sqhrs,staying_events,staying_hrs,staying_sqhrs,repairing_events,repairing_hrs,repairing_sqhrs,marauding_events,marauding_hrs,marauding_sqhrs,traveling_events,traveling_hrs,traveling_sqhrs
0,0.054,12,360.3630950525605,0.0,0.0,563.0,69.85323156978286,15.021022404794875,1713.0,285.1570216441017,59.944753840247735,0.0,0.0,0.0,11.0,1.0999999999999999,0.11000000000000004,89.0,4.1970765856246475,0.19933127572016432
1,0.0,11,360.2640099681371,0.0,1000.0,562.0,69.71222587882244,14.68315797123553,1654.0,278.13212669997,59.69103575758019,69.0,12.22437239170145,2.6598897226604237,0.0,0.0,0.0,0.0,0.0,0.0
2,0.0,7,360.1835674108748,1000.0,0.0,566.0,69.39383938484352,14.343725227392413,1123.0,186.62363576918403,39.57719852880621,620.0,104.08351322730678,22.056392467304857,0.0,0.0,0.0,0.0,0.0,0.0
3,0.0,17,359.91768966308604,1000.0,1000.0,587.0,71.77994791324367,14.771973999494756,1650.0,276.0312170567836,58.76597013082905,73.0,12.212029367410793,2.3851541468651396,0.0,0.0,0.0,0.0,0.0,0.0
4,0.054,7,360.08255609359003,2000.0,0.0,558.0,69.12105616985053,14.628327977800174,1515.0,259.9935298597223,56.43374951682964,145.0,24.38180391467047,5.259376950386289,16.0,1.6000000000000003,0.1600000000000001,108.0,5.038353107627147,0.23576817558298988
5,0.054,0,360.30218460407264,2000.0,1000.0,569.0,71.36451556711714,14.997972255359338,1418.0,236.0487992922203,50.0478995444233,294.0,48.77355499249744,9.977605433013947,6.0,0.6,0.06000000000000001,71.0,3.3062135908506054,0.1543209876543209
