id,probability_maraud,successful_mating,next_foraging_time,x_pos,y_pos,foraging_events,foraging_hrs,foraging_sqhrs,staying_events,staying_hrs,staying_sqhrs,repairing_events,repairing_hrs,repairing_sqhrs,marauding_events,marauding_hrs,marauding_sqhrs,traveling_events,traveling_hrs,traveling_sqhrs
0,0.054,8,360.4619510162901,0.0,0.0,561.0,71.66238495672023,15.932072715780269,1632.0,276.72506383778943,59.958311276978435,32.0,6.0527564296068395,1.5216830826293541,15.0,1.5000000000000002,0.15000000000000008,91.0,4.251316070590103,0.1993312757201643
1,0.0,7,360.0058224687195,0.0,1000.0,559.0,70.26849501580313,15.003261108566248,1192.0,198.4504398468138,42.18903706321445,525.0,91.3037314996794,19.66009890990795,0.0,0.0,0.0,0.0,0.0,0.0
2,0.0,9,360.1319278220698,1000.0,0.0,557.0,68.33672460219982,13.548781781843319,1328.0,225.01181913168307,48.686811371585755,385.0,66.68181906229253,14.788624549495683,0.0,0.0,0.0,0.0,0.0,0.0
3,0.054,13,360.8977854781416,1000.0,1000.0,572.0,70.36690879260006,14.887944143688243,1374.0,236.1742781730808,51.643845664099196,290.0,48.59587723875156,10.545770883916466,16.0,1.6000000000000003,0.1600000000000001,78.0,3.6302876649246794,0.16932441700960202
4,0.0,10,360.4520456609324,2000.0,0.0,569.0,69.64387474095585,14.718648109359306,1299.0,223.131530239817,48.59008506403452,409.0,67.425990645782,13.907254045263945,0.0,0.0,0.0,0.0,0.0,0.0
5,0.054,7,360.06695106906926,2000.0,1000.0,573.0,67.2819553227738,12.769110446817768,1579.0,268.7054812814672,57.5990638333921,106.0,18.379449432470306,4.040147085758782,18.0,1.8000000000000005,0.1800000000000001,82.0,3.8346494039234336,0.18004115226337428
