id,probability_maraud,successful_mating,next_foraging_time,x_pos,y_pos,foraging_events,foraging_hrs,foraging_sqhrs,staying_events,staying_hrs,staying_sqhrs,repairing_events,repairing_hrs,repairing_sqhrs,marauding_events,marauding_hrs,marauding_sqhrs,traveling_events,traveling_hrs,traveling_sqhrs
0,0.0,9,360.3982273681129,0.0,0.0,557.0,71.96679363886668,15.167626013469588,1324.0,217.54426279216057,45.62170380176504,413.0,70.49295263717902,15.174688270621788,0.0,0.0,0.0,0.0,0.0,0.0
1,0.054,5,360.28785688174804,0.0,1000.0,562.0,73.90381119528116,16.26794749440431,1528.0,262.4532180630567,56.409468831069255,109.0,18.162304874510916,3.774192011495996,17.0,1.7000000000000004,0.1700000000000001,82.0,3.7962962962962954,0.17575445816186536
2,0.0,10,360.04796428237665,1000.0,0.0,567.0,73.2233017333389,15.644048161357068,1324.0,219.62510940635357,46.042173539488495,378.0,67.17755718694296,15.30897368711863,0.0,0.0,0.0,0.0,0.0,0.0
3,0.054,10,359.89553478191914,1000.0,1000.0,560.0,69.73148567033434,14.364491492647145,1441.0,242.79669794351298,52.24572832279336,241.0,42.46537093100656,9.269692537159285,11.0,1.0999999999999999,0.11000000000000004,84.0,3.908065442702457,0.1821844993141287
4,0.054,14,360.2485341631259,2000.0,0.0,576.0,72.258677732602,15.299106010398797,1620.0,281.2972014162448,61.511870221357825,0.0,0.0,0.0,21.0,2.1000000000000005,0.21000000000000013,93.0,4.363085216996265,0.2057613168724276
5,0.0,6,360.354232294243,2000.0,1000.0,552.0,72.43728738552001,15.412787796205729,1131.0,190.22349120868526,40.76287554293985,575.0,97.4070888657644,21.099335597364348,0.0,0.0,0.0,0.0,0.0,0.0
