id,probability_maraud,successful_mating,next_foraging_time,x_pos,y_pos,foraging_events,foraging_hrs,foraging_sqhrs,staying_events,staying_hrs,staying_sqhrs,repairing_events,repairing_hrs,repairing_sqhrs,marauding_events,marauding_hrs,marauding_sqhrs,traveling_events,traveling_hrs,traveling_sqhrs
0,0.0,8,360.0892742754573,0.0,0.0,570.0,72.72655824743711,15.086690641090946,1334.0,225.7550970906448,48.35229369813092,357.0,61.70010480556962,13.403998783618148,0.0,0.0,0.0,0.0,0.0,0.0
1,0.054,8,360.31807545147393,0.0,1000.0,551.0,67.06397597176901,13.213991121882056,1742.0,287.3097127267058,60.564287449283384,0.0,0.0,0.0,12.0,1.2,0.12000000000000005,96.0,4.482797552071586,0.21004801097393652
2,0.054,13,360.12368855778544,1000.0,0.0,566.0,72.90208664962748,15.838277091313829,1505.0,257.58823274363976,55.66331202602834,147.0,24.25218213171845,5.0461199737160545,13.0,1.3,0.13000000000000006,85.0,3.9927148466258915,0.1886145404663921
3,0.0,11,360.4012752011823,1000.0,1000.0,573.0,69.88598026271939,14.252662523452601,1327.0,222.89703450218647,46.948820202465775,409.0,67.30091566462447,14.291066353458229,0.0,0.0,0.0,0.0,0.0,0.0
4,0.054,6,359.96388512279856,2000.0,0.0,570.0,71.7841079350762,14.811013310023451,1572.0,264.4036218326828,56.208417896867495,108.0,18.315807442555663,3.940999132796388,10.0,0.9999999999999999,0.10000000000000003,98.0,4.537037037037041,0.2100480109739365
5,0.0,8,360.2864575013155,2000.0,1000.0,552.0,71.27256721692045,15.770220987114033,1443.0,245.76196995595768,53.650667774377276,246.0,43.091908634760536,9.458957051231103,0.0,0.0,0.0,0.0,0.0,0.0
