id,probability_maraud,successful_mating,next_foraging_time,x_pos,y_pos,foraging_events,foraging_hrs,foraging_sqhrs,staying_events,staying_hrs,staying_sqhrs,repairing_events,repairing_hrs,repairing_sqhrs,marauding_events,marauding_hrs,marauding_sqhrs,traveling_events,traveling_hrs,traveling_sqhrs
0,0.0,10,360.50054431752005,0.0,0.0,562.0,68.90898712682322,13.907860654577833,1522.0,254.68151048049072,54.26384607187833,225.0,36.54386181717018,7.603429180296191,0.0,0.0,0.0,0.0,0.0,0.0
1,0.0,6,360.72910293081026,0.0,1000.0,562.0,73.34655460151654,16.32032414535186,1660.0,281.0471045589561,60.20608784832032,36.0,6.0930564766218,1.3246242711259197,0.0,0.0,0.0,0.0,0.0,0.0
2,0.054,14,360.3139132842806,1000.0,0.0,578.0,70.1735350189658,14.293314928301271,1516.0,259.0792656572889,55.576274652166425,152.0,24.44748970791533,5.085527178589738,17.0,1.7000000000000004,0.1700000000000001,97.0,4.6441531712492985,0.22505144032921762
3,0.0,14,359.9415997196527,1000.0,1000.0,568.0,66.75149642055547,12.562804394803296,1406.0,238.3967884244187,51.29322910171039,320.0,55.09513557827399,12.259531255025987,0.0,0.0,0.0,0.0,0.0,0.0
4,0.054,2,360.2429118236601,2000.0,0.0,560.0,73.92390414536956,16.161280541459927,1409.0,238.68038487919168,51.880433042083155,252.0,42.82002915183185,9.123370812669469,10.0,0.9999999999999999,0.10000000000000003,77.0,3.583991368628383,0.16718106995884757
5,0.054,8,360.0296493845335,2000.0,1000.0,570.0,69.45457122722242,14.518956916590103,1430.0,243.60662596309416,52.21244808280994,252.0,42.57316964298939,9.20043552583298,7.0,0.7,0.07,80.0,3.742056811330841,0.17575445816186538
