id,probability_maraud,successful_mating,next_foraging_time,x_pos,y_pos,foraging_events,foraging_hrs,foraging_sqhrs,staying_events,staying_hrs,staying_sqhrs,repairing_events,repairing_hrs,repairing_sqhrs,marauding_events,marauding_hrs,marauding_sqhrs,traveling_events,traveling_hrs,traveling_sqhrs
0,0.054,9,360.0063654768952,0.0,0.0,560.0,72.73662951255473,15.363981477760968,1391.0,233.50981741510373,49.26500343391349,280.0,48.97458118387941,10.484260420162274,13.0,1.3,0.13000000000000006,77.0,3.603167922441952,0.16932441700960205
1,0.054,11,360.19289696929803,0.0,1000.0,567.0,68.86405647611159,13.431194750287242,1468.0,248.9454302680262,53.64392717034721,217.0,36.62145529842933,7.811647894824508,14.0,1.4000000000000001,0.14000000000000007,92.0,4.2976123668863995,0.20147462277091874
2,0.0,8,359.966279722821,1000.0,0.0,566.0,71.92847373497843,16.079460236662364,1307.0,226.92493894110052,49.746582805917306,358.0,61.17352958706563,13.37727551723573,0.0,0.0,0.0,0.0,0.0,0.0
3,0.0,11,360.05681301145603,1000.0,1000.0,585.0,68.64051577806367,13.159463279948104,1136.0,199.6115452612449,43.61267196167862,550.0,91.75041675263543,19.728068653231617,0.0,0.0,0.0,0.0,0.0,0.0
4,0.0,5,360.07581067223873,2000.0,0.0,566.0,69.28158632417598,14.331563094763036,1489.0,254.29462297002837,54.87722355320341,227.0,36.501676649464414,7.638248234550261,0.0,0.0,0.0,0.0,0.0,0.0
5,0.054,10,360.4904229624442,2000.0,1000.0,568.0,75.04862286544349,16.40600136099146,1648.0,279.17033362326725,59.17951466444505,0.0,0.0,0.0,18.0,1.8000000000000005,0.1800000000000001,88.0,4.131603735514782,0.1950445816186554
