id,probability_maraud,successful_mating,next_foraging_time,x_pos,y_pos,foraging_events,foraging_hrs,foraging_sqhrs,staying_events,staying_hrs,staying_sqhrs,repairing_events,repairing_hrs,repairing_sqhrs,marauding_events,marauding_hrs,marauding_sqhrs,traveling_events,traveling_hrs,traveling_sqhrs
0,0.0,7,360.35278387042484,0.0,0.0,563.0,67.61924293793928,12.998283301331167,1499.0,254.29903825797538,54.892427798570246,236.0,38.14380222746371,7.813899404932047,0.0,0.0,0.0,0.0,0.0,0.0
1,0.0,8,360.8056333350339,0.0,1000.0,561.0,73.20205866184578,15.932934751783899,1584.0,262.50329334237455,55.476415202665635,138.0,24.400939247141565,5.511990523618091,0.0,0.0,0.0,0.0,0.0,0.0
2,0.054,9,360.2364314106093,1000.0,0.0,563.0,68.7821535083378,14.614581501265832,1219.0,206.79194751949618,44.41848500569025,476.0,79.50575571045539,17.180842332073322,13.0,1.3,0.13000000000000006,76.0,3.633577841399933,0.17575445816186536
3,0.054,13,359.900211936087,1000.0,1000.0,570.0,68.26297712619439,13.381710563879729,1572.0,267.39895581031453,57.55797060533979,113.0,18.15397278744902,3.897401514543972,18.0,1.8000000000000005,0.1800000000000001,97.0,4.58662350980859,0.21862139917695433
4,0.054,10,360.23782706790297,2000.0,0.0,564.0,72.4582404442792,16.098822421439024,1532.0,257.63934176177565,54.75867038212682,148.0,24.460371326264312,4.975702339727425,11.0,1.0999999999999999,0.11000000000000004,95.0,4.474854363402428,0.21219135802469102
5,0.0,7,360.1313093563403,2000.0,1000.0,569.0,71.5940458762372,15.191526852916468,1303.0,221.6950993123119,47.825617533455855,371.0,66.95877728878219,14.8055182645155,0.0,0.0,0.0,0.0,0.0,0.0
