id,probability_maraud,successful_mating,next_foraging_time,x_pos,y_pos,foraging_events,foraging_hrs,foraging_sqhrs,staying_events,staying_hrs,staying_sqhrs,repairing_events,repairing_hrs,repairing_sqhrs,marauding_events,marauding_hrs,marauding_sqhrs,traveling_events,traveling_hrs,traveling_sqhrs
0,0.0,3,359.96464210269835,0.0,0.0,568.0,74.5218015750539,16.05224239967005,1283.0,218.68464922259508,47.26551179237446,393.0,66.86497703893112,14.378313332102215,0.0,0.0,0.0,0.0,0.0,0.0
1,0.054,9,359.79597146213536,0.0,1000.0,566.0,69.68335561261061,14.591754552113205,1363.0,229.97063681917038,49.735967645364596,334.0,55.06357829473751,11.658910069097312,12.0,1.2,0.12000000000000005,88.0,4.112427181701213,0.19290123456790093
2,0.054,14,360.068565111774,1000.0,0.0,577.0,68.30736863069758,12.858533440907573,1650.0,278.73541880862734,59.45027948916199,35.0,6.064134753463689,1.3678825522291638,20.0,2.0000000000000004,0.20000000000000012,107.0,4.972880257517281,0.23148148148148096
3,0.054,16,360.09014323476356,1000.0,1000.0,574.0,72.39186260364222,14.476862370352523,1223.0,206.26946514193344,43.946438583443296,450.0,77.22172138028164,16.852850532381332,13.0,1.3,0.13000000000000006,63.0,2.9550197742938047,0.13931755829903977
4,0.0,6,360.0801849622441,2000.0,0.0,566.0,67.8618145699712,13.847418765644885,1486.0,249.74627435286732,53.313864170627745,246.0,42.54743503339724,9.201867053294674,0.0,0.0,0.0,0.0,0.0,0.0
5,0.0,6,359.939099614212,2000.0,1000.0,565.0,72.87168038641941,15.677680709762413,1564.0,262.8555669953875,56.22614016143386,150.0,24.29073987843452,5.0787749461373455,0.0,0.0,0.0,0.0,0.0,0.0
