id,probability_maraud,successful_mating,next_foraging_time,x_pos,y_pos,foraging_events,foraging_hrs,foraging_sqhrs,staying_events,staying_hrs,staying_sqhrs,repairing_events,repairing_hrs,repairing_sqhrs,marauding_events,marauding_hrs,marauding_sqhrs,traveling_events,traveling_hrs,traveling_sqhrs
0,0.0,9,360.48048151801135,0.0,0.0,570.0,69.1934316506999,13.856302850075,1576.0,263.84246899315946,56.94858936528881,169.0,26.99184380049329,5.484449217022816,0.0,0.0,0.0,0.0,0.0,0.0
1,0.054,7,360.6187518801157,0.0,1000.0,565.0,73.84949725358034,16.29411576932055,1697.0,280.1814178960942,59.329089881153614,0.0,0.0,0.0,10.0,0.9999999999999999,0.10000000000000003,108.0,5.095882769067854,0.24219821673525327
2,0.0,14,360.2446110730406,1000.0,0.0,564.0,71.62053146928065,14.967764228273113,1529.0,258.0282853463555,55.33256010625135,179.0,30.484902946928703,6.612643980144448,0.0,0.0,0.0,0.0,0.0,0.0
3,0.0,9,359.7635508178364,1000.0,1000.0,561.0,73.41384917274887,15.754888869622906,1347.0,225.7512127058256,47.384293142284925,376.0,60.96310975044331,12.604954531040601,0.0,0.0,0.0,0.0,0.0,0.0
4,0.054,8,360.54221957782624,2000.0,0.0,550.0,65.30982305061434,13.590946437765636,1555.0,264.8285961464384,56.82366894320937,149.0,24.33661529050139,5.220668346534047,12.0,1.2,0.12000000000000005,96.0,4.463620998258017,0.20790466392318208
5,0.054,7,360.4117051892995,2000.0,1000.0,564.0,70.41839862040388,14.679608003204422,1399.0,236.3267174001074,50.75430540325302,279.0,48.94878661909382,11.085517471685112,10.0,0.9999999999999999,0.10000000000000003,72.0,3.3333333333333326,0.1543209876543209
