id,probability_maraud,successful_mating,next_foraging_time,x_pos,y_pos,foraging_events,foraging_hrs,foraging_sqhrs,staying_events,staying_hrs,staying_sqhrs,repairing_events,repairing_hrs,repairing_sqhrs,marauding_events,marauding_hrs,marauding_sqhrs,traveling_events,traveling_hrs,traveling_sqhrs
0,0.0,7,360.42662528972306,0.0,0.0,557.0,69.58553973621387,14.614286312537148,1447.0,243.7370642260751,52.41179898130619,291.0,46.756375933563156,9.568070282234402,0.0,0.0,0.0,0.0,0.0,0.0
1,0.054,10,360.4196345638143,0.0,1000.0,575.0,67.28405882652528,12.794100967986841,1620.0,275.41984579098016,59.294513860405644,77.0,12.157846560118319,2.4673536673610297,13.0,1.3,0.13000000000000006,83.0,3.8425925925925917,0.1778978052126198
2,0.0,12,360.4435044261166,1000.0,0.0,579.0,68.46198015482861,13.706422817597472,1446.0,241.36019558207877,50.922245160771936,291.0,50.218040764573104,10.998315149215804,0.0,0.0,0.0,0.0,0.0,0.0
3,0.054,14,360.31211481459866,1000.0,1000.0,567.0,70.3225343032048,14.860206730756932,1499.0,254.91121775775892,54.48791162137105,174.0,30.456808988106896,6.53457761669495,11.0,1.0999999999999999,0.11000000000000004,69.0,3.2903272135122896,0.1586076817558298
4,0.054,4,359.9022700693145,2000.0,0.0,557.0,75.03472658337972,17.10677834886091,1597.0,274.0754980904817,59.284382526071354,31.0,6.3289442379329905,1.6087924802687839,11.0,1.0999999999999999,0.11000000000000004,76.0,3.5185185185185177,0.16289437585733868
5,0.0,7,360.4178707532592,2000.0,1000.0,578.0,70.85455355861376,13.630891793288296,1391.0,228.13740099192466,47.53602674205891,393.0,61.142173848798286,12.304680463460002,0.0,0.0,0.0,0.0,0.0,0.0
