id,probability_maraud,successful_mating,next_foraging_time,x_pos,y_pos,foraging_events,foraging_hrs,foraging_sqhrs,staying_events,staying_hrs,staying_sqhrs,repairing_events,repairing_hrs,repairing_sqhrs,marauding_events,marauding_hrs,marauding_sqhrs,traveling_events,traveling_hrs,traveling_sqhrs
0,0.054,7,360.44892112204195,0.0,0.0,560.0,71.69371270859179,14.742793200853983,1376.0,234.30838850823775,50.645508589277696,297.0,48.609737495873865,10.294195454064518,16.0,1.6000000000000003,0.1600000000000001,82.0,3.8346494039234336,0.18004115226337425
1,0.0,10,360.5974140435022,0.0,1000.0,566.0,71.57574084038231,15.20286238299559,1397.0,233.54733636593755,50.05483644210751,312.0,54.9177691429969,12.254698919298168,0.0,0.0,0.0,0.0,0.0,0.0
2,0.054,17,359.9689159505364,1000.0,0.0,566.0,65.63526646999787,12.34034825123558,1472.0,246.11439494029003,52.755617747211225,244.0,43.14631721926533,9.255320678722372,14.0,1.4000000000000001,0.14000000000000007,80.0,3.722880257517272,0.1736111111111109
3,0.0,8,360.34308787605676,1000.0,1000.0,562.0,72.93925259293137,16.259033935451612,1366.0,232.32361237995767,50.54093306312931,333.0,54.973940827743796,11.56488919426507,0.0,0.0,0.0,0.0,0.0,0.0
4,0.0,3,360.0488921088401,2000.0,0.0,562.0,72.07788465073098,14.554339495237846,1414.0,244.90775376988955,53.20611906938541,262.0,43.036022325046915,9.200716078036784,0.0,0.0,0.0,0.0,0.0,0.0
5,0.054,9,360.042562885956,2000.0,1000.0,566.0,69.5581277007171,14.258715997095104,1687.0,285.80323603949745,60.65863754744102,0.0,0.0,0.0,10.0,0.9999999999999999,0.10000000000000003,80.0,3.722880257517272,0.1736111111111109
