id,probability_maraud,successful_mating,next_foraging_time,x_pos,y_pos,foraging_events,foraging_hrs,foraging_sqhrs,staying_events,staying_hrs,staying_sqhrs,repairing_events,repairing_hrs,repairing_sqhrs,marauding_events,marauding_hrs,marauding_sqhrs,traveling_events,traveling_hrs,traveling_sqhrs
0,0.054,9,359.8499928889769,0.0,0.0,561.0,72.96030529506214,15.295765254733713,1661.0,275.4468029515119,58.1234335023923,32.0,6.023192928103102,1.4520423419019661,8.0,0.7999999999999999,0.08000000000000002,103.0,4.8260481799592325,0.22719478737997206
1,0.0,6,360.0216311763158,0.0,1000.0,562.0,74.1883918767155,16.59511993795713,1238.0,212.8385432387696,45.85855732224991,428.0,73.08630772768713,16.0005511754081,0.0,0.0,0.0,0.0,0.0,0.0
2,0.0,11,360.92725994881783,1000.0,0.0,574.0,69.19436681827206,13.970318916885546,1317.0,223.41428136749937,48.52709600574944,401.0,67.50483183628265,14.415335995086805,0.0,0.0,0.0,0.0,0.0,0.0
3,0.054,13,360.1234159795234,1000.0,1000.0,576.0,69.41116515497721,13.475128576392674,1661.0,285.10185145417887,61.47788187014186,0.0,0.0,0.0,14.0,1.4000000000000001,0.14000000000000007,94.0,4.409381513292562,0.2079046639231821
4,0.054,8,360.0661792737693,2000.0,0.0,562.0,71.28295459641492,14.897387792539265,1693.0,281.77401435095567,60.02088823815014,0.0,0.0,0.0,15.0,1.5000000000000002,0.15000000000000008,122.0,5.667324701961731,0.26363168724279784
5,0.0,7,360.6686666875318,2000.0,1000.0,559.0,71.9775955221196,15.035163861118253,1239.0,212.00261129536975,45.22999895075473,460.0,76.07339009024606,16.17958304288546,0.0,0.0,0.0,0.0,0.0,0.0
