id,probability_maraud,successful_mating,next_foraging_time,x_pos,y_pos,foraging_events,foraging_hrs,foraging_sqhrs,staying_events,staying_hrs,staying_sqhrs,repairing_events,repairing_hrs,repairing_sqhrs,marauding_events,marauding_hrs,marauding_sqhrs,traveling_events,traveling_hrs,traveling_sqhrs
0,0.054,8,359.9581952710184,0.0,0.0,571.0,70.1759245740365,14.180265191854334,1707.0,284.1721704718947,60.650729532351214,0.0,0.0,0.0,12.0,1.2,0.12000000000000005,98.0,4.55621359085061,0.21219135802469097
1,0.0,9,360.03430730092896,0.0,1000.0,566.0,71.37613274118581,15.33750589932189,1550.0,264.2477721072561,56.42179770677021,150.0,24.52715970534077,4.968491771876406,0.0,0.0,0.0,0.0,0.0,0.0
2,0.0,11,360.14513807342405,1000.0,0.0,565.0,69.52707183161336,14.678601832148654,1286.0,211.363970101576,44.70917544945863,494.0,79.27904486614086,15.949084129131316,0.0,0.0,0.0,0.0,0.0,0.0
3,0.054,8,359.96510160350164,1000.0,1000.0,573.0,69.35698603339435,14.08625718926527,1286.0,219.41873245215928,47.44220749308323,412.0,67.32476067112879,14.141315986431495,7.0,0.7,0.07,71.0,3.3253901446641745,0.15646433470507537
4,0.0,10,360.11363110467664,2000.0,0.0,552.0,70.89335533412027,15.044956081271527,1474.0,252.14959380222135,54.752803409083214,230.0,37.0945407016583,7.635007419495195,0.0,0.0,0.0,0.0,0.0,0.0
5,0.054,8,359.8155082651627,2000.0,1000.0,573.0,72.68146710898749,15.296360430658526,1589.0,268.72166158418827,57.84491006569933,66.0,12.253873265748854,2.716941737552814,17.0,1.7000000000000004,0.1700000000000001,100.0,4.667982737256773,0.2186213991769543
