id,probability_maraud,successful_mating,next_foraging_time,x_pos,y_pos,foraging_events,foraging_hrs,foraging_sqhrs,staying_events,staying_hrs,staying_sqhrs,repairing_events,repairing_hrs,repairing_sqhrs,marauding_events,marauding_hrs,marauding_sqhrs,traveling_events,traveling_hrs,traveling_sqhrs
0,0.0,9,360.3267743843794,0.0,0.0,566.0,70.19969870607228,14.666151626164504,1606.0,271.4146257368727,57.7744147726195,102.0,18.44939719725242,4.1361577530951,0.0,0.0,0.0,0.0,0.0,0.0
1,0.054,5,360.27441002229006,0.0,1000.0,579.0,73.4734966717111,16.641228432757913,1367.0,233.92364037773476,50.03966312293318,297.0,48.99342905538606,10.160685403886443,5.0,0.5,0.05000000000000001,68.0,3.1865012557752856,0.150034293552812
2,0.0,7,360.23660567833656,1000.0,0.0,564.0,72.07970747229828,15.604214321750474,1630.0,269.7666309759994,56.1294007999684,106.0,18.173363310567613,3.7771153658584966,0.0,0.0,0.0,0.0,0.0,0.0
3,0.054,15,359.9578464911543,1000.0,1000.0,569.0,65.46817555292546,12.257480100971891,1436.0,246.03140305848177,53.71469115976264,249.0,42.32213301192268,9.091488649680112,20.0,2.0000000000000004,0.20000000000000012,92.0,4.25925925925926,0.19718792866940982
4,0.0,8,359.99404208869976,2000.0,0.0,566.0,69.6100389886241,13.853167344178845,1424.0,241.75763754568283,52.46306206139623,303.0,48.832165058163255,10.124519969012116,0.0,0.0,0.0,0.0,0.0,0.0
5,0.054,10,360.2167284728471,2000.0,1000.0,561.0,70.09501461684214,15.321671530736838,1373.0,230.462657650122,49.20686575126537,330.0,54.815863009844776,11.333122141055403,13.0,1.3,0.13000000000000006,73.0,3.379629629629629,0.15646433470507534
