id,probability_maraud,successful_mating,next_foraging_time,x_pos,y_pos,foraging_events,foraging_hrs,foraging_sqhrs,staying_events,staying_hrs,staying_sqhrs,repairing_events,repairing_hrs,repairing_sqhrs,marauding_events,marauding_hrs,marauding_sqhrs,traveling_events,traveling_hrs,traveling_sqhrs
0,0.054,10,360.38288322968776,0.0,0.0,571.0,70.21069756095034,13.862526403976268,1659.0,283.23722341871434,60.966187605923295,0.0,0.0,0.0,16.0,1.6000000000000003,0.1600000000000001,108.0,5.019176553813578,0.23362482853223543
1,0.0,4,360.6644147940163,0.0,1000.0,563.0,71.08437720499101,14.625124550789923,1249.0,209.84876850265056,45.03453629121751,488.0,79.11831992726462,16.15053403494789,0.0,0.0,0.0,0.0,0.0,0.0
2,0.0,14,360.5970533062866,1000.0,0.0,566.0,70.16857546135878,16.07355743002164,1153.0,198.39399486851215,43.25100617186552,541.0,91.55888021450559,19.63972879887997,0.0,0.0,0.0,0.0,0.0,0.0
3,0.054,16,360.4516663757147,1000.0,1000.0,574.0,72.05828216609464,15.819872246394143,1510.0,251.68455231687395,53.130624231942114,183.0,30.462582322926078,6.334672900990465,20.0,2.0000000000000004,0.20000000000000012,85.0,3.9543617389987533,0.18432784636488317
4,0.0,5,360.0341241316596,2000.0,0.0,566.0,69.49479460134883,13.752883651205075,1446.0,241.6614626502207,50.43202340970293,297.0,48.88933555301535,10.06974025010873,0.0,0.0,0.0,0.0,0.0,0.0
5,0.054,5,359.9912913309136,2000.0,1000.0,562.0,71.76984718252052,16.39752685939476,1399.0,234.35168230445498,49.713574444896075,294.0,49.24395847401764,10.354108387469974,13.0,1.3,0.13000000000000006,71.0,3.3445666984777436,0.1586076817558298
