id,probability_maraud,successful_mating,next_foraging_time,x_pos,y_pos,foraging_events,foraging_hrs,foraging_sqhrs,staying_events,staying_hrs,staying_sqhrs,repairing_events,repairing_hrs,repairing_sqhrs,marauding_events,marauding_hrs,marauding_sqhrs,traveling_events,traveling_hrs,traveling_sqhrs
0,0.0,11,359.99922658377636,0.0,0.0,563.0,71.20920903472583,14.436239420296218,1692.0,288.8482064517284,62.52750078591187,0.0,0.0,0.0,0.0,0.0,0.0,0.0,0.0,0.0
1,0.0,5,360.4936772121243,0.0,1000.0,551.0,68.85610433381443,14.960129487872361,1486.0,248.2647503987755,52.796002160920295,251.0,43.08921727060274,9.240162280952323,0.0,0.0,0.0,0.0,0.0,0.0
2,0.0,5,360.43018400498767,1000.0,0.0,575.0,70.32228184210658,14.082760129349246,1289.0,222.59546880279962,48.79946136459527,406.0,67.08907108064501,14.17266226744511,0.0,0.0,0.0,0.0,0.0,0.0
3,0.054,17,360.52014537546876,1000.0,1000.0,558.0,73.85081760376235,15.878167870128022,1386.0,239.3250642134518,51.89333410690589,244.0,42.73250272850872,9.52440118355039,11.0,1.0999999999999999,0.11000000000000004,65.0,3.0092592592592586,0.13931755829903977
4,0.054,8,360.5440327691326,2000.0,0.0,556.0,72.64537457180117,15.985760396591425,1433.0,239.50218644892448,51.10090856247056,247.0,42.87896840724696,9.452182289559593,15.0,1.5000000000000002,0.15000000000000008,78.0,3.6302876649246794,0.16932441700960202
5,0.054,8,360.1635173546934,2000.0,1000.0,572.0,71.0666821599419,14.639481355329936,1345.0,228.72298010378046,49.15573936588251,324.0,54.91211188148094,11.677665146616636,15.0,1.5000000000000002,0.15000000000000008,82.0,3.8154728501098645,0.1778978052126198
