id,probability_maraud,successful_mating,next_foraging_time,x_pos,y_pos,foraging_events,foraging_hrs,foraging_sqhrs,staying_events,staying_hrs,staying_sqhrs,repairing_events,repairing_hrs,repairing_sqhrs,marauding_events,marauding_hrs,marauding_sqhrs,traveling_events,traveling_hrs,traveling_sqhrs
0,0.0,6,360.51187592731844,0.0,0.0,566.0,70.11505614023159,14.341401274679558,1318.0,222.89450612485984,47.3135355043918,412.0,67.10865272356034,14.057645417015687,0.0,0.0,0.0,0.0,0.0,0.0
1,0.054,8,360.00056283520775,0.0,1000.0,581.0,73.00414044250415,14.8727446792305,1628.0,275.30450600325025,58.40435361287834,39.0,6.010675044442673,1.1993486367649167,13.0,1.3,0.13000000000000006,95.0,4.455677809588859,0.21004801097393658
2,0.054,14,360.375040937459,1000.0,0.0,551.0,71.52993142382783,15.898466807281142,1649.0,282.2128974956584,61.090340186507355,0.0,0.0,0.0,16.0,1.6000000000000003,0.1600000000000001,101.0,4.733455587366639,0.22290809327846323
3,0.0,7,360.1053077606715,1000.0,1000.0,568.0,68.88312282822147,13.829286915691839,1120.0,193.2086211440572,42.19625772332477,557.0,97.99137163193994,21.70500845673524,0.0,0.0,0.0,0.0,0.0,0.0
4,0.0,8,360.741712063842,2000.0,0.0,556.0,68.38950587372415,14.484252125367139,1328.0,224.163485377754,47.7559545777869,373.0,67.52843770771321,15.451246145468113,0.0,0.0,0.0,0.0,0.0,0.0
5,0.054,11,359.9719067934103,2000.0,1000.0,569.0,72.73151770896571,14.818697325196469,1655.0,275.7955675914799,59.32901475236578,38.0,6.081880332166974,1.2438236832225356,11.0,1.0999999999999999,0.11000000000000004,93.0,4.305555555555557,0.19933127572016426
