id,probability_maraud,successful_mating,next_foraging_time,x_pos,y_pos,foraging_events,foraging_hrs,foraging_sqhrs,staying_events,staying_hrs,staying_sqhrs,repairing_events,repairing_hrs,repairing_sqhrs,marauding_events,marauding_hrs,marauding_sqhrs,traveling_events,traveling_hrs,traveling_sqhrs
0,0.0,8,360.17725729865515,0.0,0.0,569.0,68.86736318146859,13.623968181611037,1487.0,248.13593220268544,52.49349707383257,242.0,43.070455457159746,9.607029336259536,0.0,0.0,0.0,0.0,0.0,0.0
1,0.054,7,360.0742372054105,0.0,1000.0,565.0,68.38417179602504,13.415617587032973,1465.0,250.42615761791123,54.242582583869705,221.0,36.60579886385777,7.973624694987924,11.0,1.0999999999999999,0.11000000000000004,78.0,3.6302876649246794,0.16932441700960202
2,0.0,17,360.26519801288526,1000.0,0.0,563.0,70.376401034778,14.974212471902188,1593.0,271.3716561523805,58.7403542258542,107.0,18.372411358339633,3.9396332239773275,0.0,0.0,0.0,0.0,0.0,0.0
3,0.054,8,360.3512701693147,1000.0,1000.0,560.0,71.94142080150746,15.803525894825496,1403.0,233.83592372588984,49.66196832329022,275.0,48.88324082548692,10.977803878423916,15.0,1.5000000000000002,0.15000000000000008,84.0,3.927241996516026,0.18432784636488314
4,0.0,9,360.15750028579254,2000.0,0.0,568.0,73.7764829233515,15.01661863427512,1381.0,231.27972683867247,49.07076201776843,327.0,54.99651646190027,11.591528284820118,0.0,0.0,0.0,0.0,0.0,0.0
5,0.054,5,360.4919086682219,2000.0,1000.0,565.0,70.73107551045506,15.30577447395755,1478.0,248.08496574994734,52.75797169618069,204.0,36.35498278357801,7.837214339906509,13.0,1.3,0.13000000000000006,78.0,3.6494642187382484,0.1714677640603565
