id,probability_maraud,successful_mating,next_foraging_time,x_pos,y_pos,foraging_events,foraging_hrs,foraging_sqhrs,staying_events,staying_hrs,staying_sqhrs,repairing_events,repairing_hrs,repairing_sqhrs,marauding_events,marauding_hrs,marauding_sqhrs,traveling_events,traveling_hrs,traveling_sqhrs
0,0.054,9,360.4691765635966,0.0,0.0,591.0,69.87911264151897,13.730332045343713,1385.0,231.5049338969116,49.22947498639425,329.0,54.63782642785789,11.388720698510209,9.0,0.8999999999999999,0.09000000000000002,71.0,3.3062135908506054,0.1543209876543209
1,0.054,9,360.23735348852597,0.0,1000.0,569.0,71.34656486592257,15.072521673862253,1465.0,246.44529185633542,52.50702731253663,224.0,36.439573680411094,7.811560398156218,16.0,1.6000000000000003,0.1600000000000001,90.0,4.185843220480237,0.19504458161865537
2,0.0,16,360.62006548712486,1000.0,0.0,566.0,74.0312929635995,15.870994336634872,1391.0,232.59160521517305,48.975424078532654,311.0,53.38715830170549,11.562696595752554,0.0,0.0,0.0,0.0,0.0,0.0
3,0.0,8,360.0137561990677,1000.0,1000.0,569.0,72.18357797592253,15.22678371657666,1456.0,245.29889493659513,52.06452989267966,255.0,42.64218275783014,8.935889871081091,0.0,0.0,0.0,0.0,0.0,0.0
4,0.054,7,360.01500147573944,2000.0,0.0,566.0,75.78456555960503,16.926700298250896,1634.0,278.972803716128,60.437501678769884,0.0,0.0,0.0,15.0,1.5000000000000002,0.15000000000000008,82.0,3.7962962962962954,0.17575445816186536
5,0.0,5,360.3781374344241,2000.0,1000.0,564.0,73.86445762957023,16.418867294902853,1358.0,231.93144216471347,49.8709241183368,323.0,54.439571750845964,11.385236673094179,0.0,0.0,0.0,0.0,0.0,0.0
