id,probability_maraud,successful_mating,next_foraging_time,x_pos,y_pos,foraging_events,foraging_hrs,foraging_sqhrs,staying_events,staying_hrs,staying_sqhrs,repairing_events,repairing_hrs,repairing_sqhrs,marauding_events,marauding_hrs,marauding_sqhrs,traveling_events,traveling_hrs,traveling_sqhrs
0,0.0,5,360.5829873162425,0.0,0.0,556.0,67.17958546424111,13.310041055886698,1426.0,237.43468574980696,49.5878889704781,325.0,55.43784774639958,12.009761919922488,0.0,0.0,0.0,0.0,0.0,0.0
1,0.054,11,360.0473926617432,0.0,1000.0,554.0,71.63124964910793,15.020347377678497,1651.0,282.33193175299226,61.391534013285174,0.0,0.0,0.0,16.0,1.6000000000000003,0.1600000000000001,96.0,4.463620998258017,0.20790466392318208
2,0.054,10,360.3552391127725,1000.0,0.0,572.0,73.88809678413682,16.182104143344763,1339.0,221.52264240173318,46.985176217664886,372.0,61.10378186808752,13.12177428703624,6.0,0.6,0.06000000000000001,65.0,3.0284358130728277,0.14146090534979425
3,0.0,10,360.3295562554686,1000.0,1000.0,566.0,71.83147036029324,14.776701642381301,1223.0,209.15975610227878,45.34137037916134,483.0,79.0452563250105,16.15172009198223,0.0,0.0,0.0,0.0,0.0,0.0
4,0.054,6,360.35235549064305,2000.0,0.0,556.0,73.75467385503471,17.93993281373158,1620.0,274.2679794161905,59.170483092516164,35.0,6.1094456553919985,1.2549924728278115,20.0,2.0000000000000004,0.20000000000000012,85.0,3.9735382928123224,0.18647119341563761
5,0.0,12,360.80415565606097,2000.0,1000.0,564.0,71.98028271173742,15.2002724777645,1340.0,233.0095019499028,51.016576751522194,331.0,55.21694450977262,11.530710676901847,0.0,0.0,0.0,0.0,0.0,0.0
