id,probability_maraud,successful_mating,next_foraging_time,x_pos,y_pos,foraging_events,foraging_hrs,foraging_sqhrs,staying_events,staying_hrs,staying_sqhrs,repairing_events,repairing_hrs,repairing_sqhrs,marauding_events,marauding_hrs,marauding_sqhrs,traveling_events,traveling_hrs,traveling_sqhrs
0,0.0,8,360.70063256444234,0.0,0.0,576.0,65.30923519965143,12.264504019603589,1509.0,252.06943016863445,53.6940437625006,270.0,42.70101390914565,8.91668957177174,0.0,0.0,0.0,0.0,0.0,0.0
1,0.054,7,359.76268009920614,0.0,1000.0,577.0,67.33108202413072,13.36354273073604,1702.0,288.2795080273111,62.271776691841126,0.0,0.0,0.0,6.0,0.6,0.06000000000000001,83.0,3.8425925925925917,0.1778978052126198
2,0.054,20,359.8557916644076,1000.0,0.0,566.0,73.06105080312135,15.396481840105254,1629.0,276.2523080349953,58.954577135413594,36.0,6.038278812490321,1.293983650258173,11.0,1.0999999999999999,0.11000000000000004,80.0,3.703703703703703,0.17146776406035646
3,0.0,7,360.179494326055,1000.0,1000.0,564.0,68.32770693702918,14.13410324409228,1177.0,200.4875294820132,43.325647152981716,537.0,91.25085224733837,19.413840238537144,0.0,0.0,0.0,0.0,0.0,0.0
4,0.0,5,360.0967111448625,2000.0,0.0,562.0,70.0872442574268,14.60007300885296,1432.0,239.37136537830926,50.694312028169755,285.0,50.78988778141241,11.234067789231416,0.0,0.0,0.0,0.0,0.0,0.0
5,0.054,7,360.2475434622113,2000.0,1000.0,569.0,71.92672030650225,15.140940070335041,1683.0,282.167158072672,60.33986486563825,0.0,0.0,0.0,15.0,1.5000000000000002,0.15000000000000008,95.0,4.43650125577529,0.20790466392318205
