id,probability_maraud,successful_mating,next_foraging_time,x_pos,y_pos,foraging_events,foraging_hrs,foraging_sqhrs,staying_events,staying_hrs,staying_sqhrs,repairing_events,repairing_hrs,repairing_sqhrs,marauding_events,marauding_hrs,marauding_sqhrs,traveling_events,traveling_hrs,traveling_sqhrs
0,0.054,7,359.8758605990432,0.0,0.0,563.0,73.18724240635667,16.979870398299866,1533.0,261.91889464338965,57.09876851265601,115.0,18.343239064608678,3.656477181025499,22.0,2.2000000000000006,0.22000000000000014,94.0,4.371028405665424,0.20361796982167316
1,0.0,6,360.19685929468915,0.0,1000.0,577.0,70.15294890480715,14.20893106756031,1213.0,205.42951737521963,43.85671144952438,503.0,84.59112824253103,18.13336157981969,0.0,0.0,0.0,0.0,0.0,0.0
2,0.054,12,360.8028610238749,1000.0,0.0,552.0,69.46075143886809,13.926198493749583,1350.0,231.14721035163993,50.089004710621246,330.0,55.0542113327318,11.493910179144644,13.0,1.3,0.13000000000000006,68.0,3.224854363402424,0.1543209876543209
3,0.0,12,360.03171487101366,1000.0,1000.0,554.0,71.42279333075926,15.810916262003081,1260.0,212.58278328102622,45.675360685179854,437.0,76.0103479657546,16.769250575972855,0.0,0.0,0.0,0.0,0.0,0.0
4,0.0,11,360.58382511813574,2000.0,0.0,576.0,71.4603567631161,14.579212565481637,1347.0,227.47003239429327,48.34696826464157,359.0,61.0712085046931,13.156773497110942,0.0,0.0,0.0,0.0,0.0,0.0
5,0.054,6,360.2745625139996,2000.0,1000.0,575.0,66.44506692560581,13.0049711866426,1647.0,288.30533581090083,63.086471906330495,0.0,0.0,0.0,14.0,1.4000000000000001,0.14000000000000007,88.0,4.0932506278876435,0.19075788751714648
