id,probability_maraud,successful_mating,next_foraging_time,x_pos,y_pos,foraging_events,foraging_hrs,foraging_sqhrs,staying_events,staying_hrs,staying_sqhrs,repairing_events,repairing_hrs,repairing_sqhrs,marauding_events,marauding_hrs,marauding_sqhrs,traveling_events,traveling_hrs,traveling_sqhrs
0,0.054,5,360.14586093195635,0.0,0.0,559.0,76.72545217977692,17.198710840331717,1502.0,259.8405708006554,56.08744342273225,104.0,18.06861950327083,3.954524328018898,16.0,1.6000000000000003,0.1600000000000001,82.0,3.8154728501098645,0.1778978052126198
1,0.054,7,360.17723497848704,0.0,1000.0,562.0,71.88121362098207,14.775810595968009,1338.0,222.9823739006708,46.16923214564334,357.0,61.28595196714898,13.23036512346531,10.0,0.9999999999999999,0.10000000000000003,69.0,3.232797552071582,0.15217764060356648
2,0.0,7,360.23050117467176,1000.0,0.0,576.0,70.62701275451047,14.653602755035912,1227.0,210.00363730562992,45.87430322286283,464.0,79.57945824315803,17.190852979337013,0.0,0.0,0.0,0.0,0.0,0.0
3,0.054,17,360.1485905936332,1000.0,1000.0,557.0,71.24762351384905,15.213921046329133,1468.0,246.24188537368653,52.21741724640235,219.0,36.53666720862443,7.5684712498011235,12.0,1.2,0.12000000000000005,102.0,4.818104991290074,0.22933813443072656
4,0.0,11,359.96083304917045,2000.0,0.0,572.0,65.90735705818327,12.290711806946117,1701.0,294.1164183393887,63.44957883707184,0.0,0.0,0.0,0.0,0.0,0.0,0.0,0.0,0.0
5,0.0,7,360.07886968061433,2000.0,1000.0,564.0,68.73131565716909,13.845958721105216,1505.0,254.81290659024455,54.87215002840124,214.0,36.54475212380996,7.842328240995793,0.0,0.0,0.0,0.0,0.0,0.0
