id,probability_maraud,successful_mating,next_foraging_time,x_pos,y_pos,foraging_events,foraging_hrs,foraging_sqhrs,staying_events,staying_hrs,staying_sqhrs,repairing_events,repairing_hrs,repairing_sqhrs,marauding_events,marauding_hrs,marauding_sqhrs,traveling_events,traveling_hrs,traveling_sqhrs
0,0.0,6,360.597683323573,0.0,0.0,574.0,67.85114707397697,13.439887083768026,1665.0,280.16549918953945,59.62130932715938,73.0,12.223310465846577,2.5810703325042508,0.0,0.0,0.0,0.0,0.0,0.0
1,0.0,10,360.093640889293,0.0,1000.0,558.0,71.1634452430213,14.679821484741353,1479.0,258.5254071710545,56.538606293276935,192.0,30.315455704697204,6.184170544507003,0.0,0.0,0.0,0.0,0.0,0.0
2,0.054,11,360.06282265612367,1000.0,0.0,564.0,69.64288488755055,14.165305784614922,1513.0,254.6102290501574,54.944488140820646,180.0,30.676336197941144,6.5451724166405425,13.0,1.3,0.13000000000000006,84.0,3.9272419965160266,0.18432784636488314
3,0.054,13,359.84565326287014,1000.0,1000.0,568.0,69.26483734296384,13.492686279339903,1370.0,236.37954010930045,51.604334981612034,289.0,48.91548952674427,10.876096573165057,17.0,1.7000000000000004,0.1700000000000001,81.0,3.749999999999999,0.1736111111111109
4,0.0,4,360.3723474206884,2000.0,0.0,566.0,71.12256726948442,15.044881677040962,1306.0,221.63341259099744,47.45130283356277,397.0,67.2815539740951,14.242726357068557,0.0,0.0,0.0,0.0,0.0,0.0
5,0.054,10,360.18081593638124,2000.0,1000.0,565.0,73.53898354094727,15.8626404235374,1410.0,238.87912566762685,51.8110464963424,254.0,42.86561154404184,9.209757578727865,8.0,0.7999999999999999,0.08000000000000002,85.0,3.9927148466258915,0.1886145404663921
