id,probability_maraud,successful_mating,next_foraging_time,x_pos,y_pos,foraging_events,foraging_hrs,foraging_sqhrs,staying_events,staying_hrs,staying_sqhrs,repairing_events,repairing_hrs,repairing_sqhrs,marauding_events,marauding_hrs,marauding_sqhrs,traveling_events,traveling_hrs,traveling_sqhrs
0,0.0,5,360.3094313716435,0.0,0.0,563.0,71.96277339325836,15.599137724006162,1379.0,233.15089231728726,49.5948829121854,330.0,54.91043810377213,11.950217577224509,0.0,0.0,0.0,0.0,0.0,0.0
1,0.054,12,360.6513837735605,0.0,1000.0,567.0,70.36764472188531,14.275907459992826,1661.0,282.2864938868764,60.61054566860088,0.0,0.0,0.0,21.0,2.1000000000000005,0.21000000000000013,118.0,5.501316070590114,0.2572016460905344
2,0.0,12,360.3244865020082,1000.0,0.0,559.0,69.08512035775189,15.116203746130788,1332.0,229.75600099232378,50.24340939344171,358.0,61.29544290176779,13.279701151774852,0.0,0.0,0.0,0.0,0.0,0.0
3,0.0,11,360.0453265658067,1000.0,1000.0,566.0,73.11196816386156,15.576758702493331,1220.0,207.42373141184822,44.45847680726594,477.0,79.61153216073318,16.637573089984237,0.0,0.0,0.0,0.0,0.0,0.0
4,0.054,8,359.9231940977686,2000.0,0.0,561.0,70.36230674397949,14.650227743392692,1422.0,240.20203148246915,51.52990126729247,246.0,43.08376397737049,9.490144497172821,21.0,2.1000000000000005,0.21000000000000013,92.0,4.2976123668863995,0.20147462277091874
5,0.054,6,360.3607849969262,2000.0,1000.0,575.0,71.4256722142332,14.244967103893291,1279.0,222.252325264138,48.190635455324376,373.0,62.65255978638523,13.121054999393454,8.0,0.7999999999999999,0.08000000000000002,64.0,2.9821395167765314,0.13931755829903977
