id,probability_maraud,successful_mating,next_foraging_time,x_pos,y_pos,foraging_events,foraging_hrs,foraging_sqhrs,staying_events,staying_hrs,staying_sqhrs,repairing_events,repairing_hrs,repairing_sqhrs,marauding_events,marauding_hrs,marauding_sqhrs,traveling_events,traveling_hrs,traveling_sqhrs
0,0.054,6,360.2299960503461,0.0,0.0,564.0,72.70783211661039,15.77451544403037,1475.0,251.96245399112874,54.646325687852155,190.0,30.487835052438157,6.47456188621273,12.0,1.2,0.12000000000000005,81.0,3.749999999999999,0.1736111111111109
1,0.0,8,360.09406275743504,0.0,1000.0,559.0,70.25623842726795,14.282405545101412,1320.0,216.96464655570986,45.289931107789904,434.0,73.06914327818929,15.236582086242954,0.0,0.0,0.0,0.0,0.0,0.0
2,0.054,12,359.90339165832216,1000.0,0.0,575.0,70.90156528567681,15.232327775483208,1412.0,238.02479193169893,50.18852682358415,270.0,46.39892366358473,9.846006839490213,15.0,1.5000000000000002,0.15000000000000008,69.0,3.213620998258013,0.150034293552812
3,0.054,14,360.0171054305664,1000.0,1000.0,570.0,70.38071398323113,14.060214063370099,1530.0,259.25969273714844,54.8211830081315,143.0,24.57031196560569,5.521333451112491,15.0,1.5000000000000002,0.15000000000000008,92.0,4.316788920699969,0.20361796982167318
4,0.0,4,360.6323740189865,2000.0,0.0,568.0,71.8495373391264,15.488167110232085,1549.0,257.67990483215016,54.564518028036424,186.0,30.57753460208339,6.193636828035927,0.0,0.0,0.0,0.0,0.0,0.0
5,0.0,10,360.43585894421255,2000.0,1000.0,566.0,70.5846190936926,14.431754432992186,1414.0,242.00956850429404,51.93790032806806,277.0,47.421867373111105,10.309571262935844,0.0,0.0,0.0,0.0,0.0,0.0
