id,probability_maraud,successful_mating,next_foraging_time,x_pos,y_pos,foraging_events,foraging_hrs,foraging_sqhrs,staying_events,staying_hrs,staying_sqhrs,repairing_events,repairing_hrs,repairing_sqhrs,marauding_events,marauding_hrs,marauding_sqhrs,traveling_events,traveling_hrs,traveling_sqhrs
0,0.0,10,360.4266513719973,0.0,0.0,572.0,68.88296610472848,13.45149105582892,1460.0,248.47795922612653,52.637488688619456,247.0,42.66329606597294,9.615198985347575,0.0,0.0,0.0,0.0,0.0,0.0
1,0.054,6,360.2798416122923,0.0,1000.0,563.0,73.00072095963219,16.801486586500413,1631.0,280.7337739409327,60.96884169538689,0.0,0.0,0.0,14.0,1.4000000000000001,0.14000000000000007,105.0,4.899464218738257,0.22933813443072654
2,0.0,14,360.1176996811539,1000.0,0.0,571.0,73.84393187119527,16.048011435505018,1421.0,231.2777589611432,47.77696952913489,328.0,54.90061536250865,11.870877944891296,0.0,0.0,0.0,0.0,0.0,0.0
3,0.0,12,360.32990320410613,1000.0,1000.0,576.0,70.74716536711762,14.271777933388783,1258.0,212.88135682921322,45.09473167263247,460.0,76.56952975272924,16.38207594111567,0.0,0.0,0.0,0.0,0.0,0.0
4,0.054,5,360.2342833866381,2000.0,0.0,564.0,72.68320531169249,16.455183117733604,1425.0,237.90873025136844,50.35393208292386,258.0,42.71791401951299,9.113048789657293,22.0,2.2000000000000006,0.22000000000000014,102.0,4.741398776035798,0.22076474622770875
5,0.054,7,360.04065074004177,2000.0,1000.0,569.0,70.74199576406694,14.930557441568741,1207.0,206.17483749780592,44.042729899723554,468.0,79.26115664078405,16.954083127592803,13.0,1.3,0.13000000000000006,58.0,2.6851851851851847,0.12431412894375864
