id,probability_maraud,successful_mating,next_foraging_time,x_pos,y_pos,foraging_events,foraging_hrs,foraging_sqhrs,staying_events,staying_hrs,staying_sqhrs,repairing_events,repairing_hrs,repairing_sqhrs,marauding_events,marauding_hrs,marauding_sqhrs,traveling_events,traveling_hrs,traveling_sqhrs
0,0.0,13,360.02609337232025,0.0,0.0,570.0,71.3343558423815,15.392381061144363,1440.0,245.61341680579014,52.60809756456291,234.0,43.14884640871764,9.875705758318318,0.0,0.0,0.0,0.0,0.0,0.0
1,0.054,8,360.5669580945254,0.0,1000.0,561.0,69.08258665870459,14.208846791784506,1575.0,266.49554371086987,57.342585269491885,108.0,18.519405407188977,4.079886728133621,16.0,1.6000000000000003,0.1600000000000001,94.0,4.390204959478993,0.20576131687242766
2,0.054,10,360.21180185001475,1000.0,0.0,565.0,70.70102729440103,14.01712780347821,1509.0,259.72491613020134,56.75697479912919,149.0,24.326076246264854,4.810377560389086,8.0,0.7999999999999999,0.08000000000000002,96.0,4.482797552071586,0.2100480109739365
3,0.054,13,359.95329141316955,1000.0,1000.0,560.0,67.79691140107563,13.713727791990001,1352.0,226.84285591549076,48.84232311445083,368.0,61.02612797481961,12.699390147447497,13.0,1.3,0.13000000000000006,66.0,3.093908663182693,0.14574759945130314
4,0.0,3,360.0031025895077,2000.0,0.0,566.0,69.48525346577027,14.682975600953737,1472.0,242.62657016724336,51.305295208166534,277.0,47.9721361512968,10.34479418147176,0.0,0.0,0.0,0.0,0.0,0.0
5,0.0,7,360.63633466650475,2000.0,1000.0,574.0,69.85057230593475,14.187946201603138,1526.0,259.3235221760603,55.666722451427795,188.0,30.98924799050749,6.588005030639794,0.0,0.0,0.0,0.0,0.0,0.0
