id,probability_maraud,successful_mating,next_foraging_time,x_pos,y_pos,foraging_events,foraging_hrs,foraging_sqhrs,staying_events,staying_hrs,staying_sqhrs,repairing_events,repairing_hrs,repairing_sqhrs,marauding_events,marauding_hrs,marauding_sqhrs,traveling_events,traveling_hrs,traveling_sqhrs
0,0.054,12,360.3009538247573,0.0,0.0,568.0,69.2498115944982,13.70502753522399,1586.0,265.2326358868274,57.30491724866156,119.0,18.537480555040556,3.8333704354070703,16.0,1.6000000000000003,0.1600000000000001,116.0,5.447076585624659,0.2572016460905345
1,0.0,3,360.6614058490236,0.0,1000.0,565.0,68.22285725295791,14.031977943523,1297.0,219.664027417847,46.746577053166455,443.0,72.2910736895086,14.967553363257306,0.0,0.0,0.0,0.0,0.0,0.0
2,0.054,8,360.0835365165808,1000.0,0.0,562.0,70.60494223984698,15.059385106756823,1110.0,189.3834285996581,40.35018045063664,569.0,96.81946004613157,20.218235579861553,5.0,0.5,0.05000000000000001,62.0,2.9279000318110775,0.13931755829903977
3,0.054,8,359.99011167768344,1000.0,1000.0,564.0,71.44258548453455,14.803348484522907,1347.0,229.40042430517178,49.475063716281,345.0,55.196692663410694,11.437669146677472,10.0,0.9999999999999999,0.10000000000000003,69.0,3.232797552071582,0.15217764060356648
4,0.054,14,360.18863995857953,2000.0,0.0,580.0,74.03336459188981,15.140836932980678,1565.0,261.3663624451909,55.41413502738397,107.0,18.5733697473396,4.0352775928077556,15.0,1.5000000000000002,0.15000000000000008,98.0,4.537037037037041,0.2100480109739365
5,0.054,9,360.3463782009085,2000.0,1000.0,570.0,70.23491442209395,14.404249002458593,1259.0,217.19276671952815,46.54410943591664,408.0,68.42075269513403,14.549836224956659,9.0,0.8999999999999999,0.09000000000000002,70.0,3.259917294554309,0.15217764060356645
