id,probability_maraud,successful_mating,next_foraging_time,x_pos,y_pos,foraging_events,foraging_hrs,foraging_sqhrs,staying_events,staying_hrs,staying_sqhrs,repairing_events,repairing_hrs,repairing_sqhrs,marauding_events,marauding_hrs,marauding_sqhrs,traveling_events,traveling_hrs,traveling_sqhrs
0,0.054,9,360.1591423382776,0.0,0.0,566.0,69.05844486966492,14.037782948477885,1396.0,238.09342036894415,51.047877497738845,262.0,48.80564134361061,11.234736154384233,12.0,1.2,0.12000000000000005,62.0,2.889546924183939,0.13503086419753088
1,0.054,6,360.39004079979344,0.0,1000.0,573.0,69.00088452439942,13.991276805189159,1477.0,254.55941512013592,55.02220367062453,172.0,30.74035101356693,6.884725906253504,15.0,1.5000000000000002,0.15000000000000008,92.0,4.27843581307283,0.19933127572016426
2,0.054,17,360.4901943106953,1000.0,0.0,556.0,72.87720209310615,16.73559911386666,1356.0,222.09261013415923,46.488803184280336,358.0,61.156301039732845,12.967193485276152,6.0,0.6,0.06000000000000001,72.0,3.3525098871469017,0.15646433470507534
3,0.0,10,360.08997707016135,1000.0,1000.0,570.0,67.0486379786481,12.549647400813726,1286.0,213.90841648026787,45.235051955032255,487.0,79.11840236131624,16.52665387033325,0.0,0.0,0.0,0.0,0.0,0.0
4,0.054,5,359.99590546040463,2000.0,0.0,561.0,71.42651978717025,15.818234344769133,1295.0,218.461741551601,46.860686660506474,401.0,66.867450850274,13.817736933447273,4.0,0.4,0.04000000000000001,64.0,2.9821395167765314,0.13931755829903977
5,0.054,7,359.9656678847378,2000.0,1000.0,577.0,70.27029857196733,14.449433675524418,1614.0,271.7165550706384,57.00808356303382,65.0,12.1343986827798,2.8093033258386426,12.0,1.2,0.12000000000000005,102.0,4.722222222222228,0.21862139917695428
