id,probability_maraud,successful_mating,next_foraging_time,x_pos,y_pos,foraging_events,foraging_hrs,foraging_sqhrs,staying_events,staying_hrs,staying_sqhrs,repairing_events,repairing_hrs,repairing_sqhrs,marauding_events,marauding_hrs,marauding_sqhrs,traveling_events,traveling_hrs,traveling_sqhrs
0,0.054,9,360.7336158845394,0.0,0.0,556.0,70.28568476336892,14.538503847678573,1457.0,242.7898401897347,51.47369950030763,250.0,42.48717279645801,9.396836113226364,15.0,1.5000000000000002,0.15000000000000008,68.0,3.1481481481481475,0.1457475994513031
1,0.054,5,360.26614878933844,0.0,1000.0,575.0,67.30303728635803,13.454555739718487,1317.0,219.79452992546032,46.69584457579304,404.0,67.46645880957688,14.221853856743698,12.0,1.2,0.12000000000000005,92.0,4.316788920699969,0.20361796982167318
2,0.054,11,360.02212119610925,1000.0,0.0,570.0,69.33469394284467,13.92322894209314,1316.0,218.8327889425929,47.02663299300665,390.0,67.35382203014444,15.279904369709596,11.0,1.0999999999999999,0.11000000000000004,74.0,3.483455587366633,0.16503772290809313
3,0.054,15,359.9521244470957,1000.0,1000.0,572.0,71.79681440622399,15.385799806372765,1131.0,188.4662385486067,39.11711175789144,575.0,95.36376478744783,19.87403771425753,13.0,1.3,0.13000000000000006,69.0,3.1944444444444438,0.14789094650205756
4,0.0,6,360.23714656024487,2000.0,0.0,573.0,69.14909941223779,14.140645333617105,1471.0,248.74311306486976,52.85259757842887,255.0,42.38364665661938,9.024572123533032,0.0,0.0,0.0,0.0,0.0,0.0
5,0.054,8,360.18777862884644,2000.0,1000.0,556.0,70.27310587020978,15.059840334616677,1413.0,236.66605689707646,50.57561293826144,326.0,48.73060429247698,9.673737574001693,9.0,0.8999999999999999,0.09000000000000002,76.0,3.556871626145656,0.16718106995884757
