id,probability_maraud,successful_mating,next_foraging_time,x_pos,y_pos,foraging_events,foraging_hrs,foraging_sqhrs,staying_events,staying_hrs,staying_sqhrs,repairing_events,repairing_hrs,repairing_sqhrs,marauding_events,marauding_hrs,marauding_sqhrs,traveling_events,traveling_hrs,traveling_sqhrs
0,0.054,6,360.6812278894974,0.0,0.0,575.0,72.26791337608316,15.016604553219238,1437.0,245.0657479165191,52.12823174523231,214.0,36.70515216082026,7.928989694019077,16.0,1.6000000000000003,0.1600000000000001,95.0,4.398148148148151,0.20361796982167316
1,0.054,9,360.42555990532276,0.0,1000.0,577.0,70.74601613332266,13.946798832081203,1299.0,217.81689289818948,46.37107812570239,395.0,67.01163840029169,14.315204932337139,11.0,1.0999999999999999,0.11000000000000004,74.0,3.4451024797394942,0.16075102880658423
2,0.0,7,360.2171304085495,1000.0,0.0,564.0,71.48679523700618,14.943565500710074,974.0,166.45443118073834,35.56556727579716,709.0,122.09201090996072,26.687472075157412,0.0,0.0,0.0,0.0,0.0,0.0
3,0.054,18,360.02598164324246,1000.0,1000.0,557.0,70.36874583411617,14.9426717474966,1208.0,204.90567240456755,43.92227763761895,462.0,80.17630331608821,17.806425650196466,13.0,1.3,0.13000000000000006,71.0,3.3445666984777436,0.15860768175582982
4,0.054,6,360.2685471041302,2000.0,0.0,567.0,73.23149451238643,15.86729126010158,1447.0,244.53435973133708,52.532096394073236,213.0,36.541776657533525,7.990208888967759,17.0,1.7000000000000004,0.1700000000000001,86.0,4.00065803529505,0.18647119341563761
5,0.054,8,360.5114960215237,2000.0,1000.0,568.0,67.55474593915523,12.988828224924687,1221.0,208.75202809685115,44.83112810817144,474.0,79.67917643657435,16.943577067960007,13.0,1.3,0.13000000000000006,60.0,2.7969543315913463,0.130744170096022
