id,probability_maraud,successful_mating,next_foraging_time,x_pos,y_pos,foraging_events,foraging_hrs,foraging_sqhrs,staying_events,staying_hrs,staying_sqhrs,repairing_events,repairing_hrs,repairing_sqhrs,marauding_events,marauding_hrs,marauding_sqhrs,traveling_events,traveling_hrs,traveling_sqhrs
0,0.054,8,360.19557605678733,0.0,0.0,553.0,72.35733218132462,15.35597540916247,1547.0,263.8786966509073,57.39190162803102,116.0,18.23485039253499,3.603352815775091,16.0,1.6000000000000003,0.1600000000000001,85.0,4.011891400439461,0.19075788751714653
1,0.054,4,360.01290280586494,0.0,1000.0,560.0,70.26909436811437,14.249716664881225,1118.0,194.90399814444845,42.78526827837669,533.0,91.13223412691153,19.366777551272175,10.0,0.9999999999999999,0.10000000000000003,60.0,2.7969543315913463,0.130744170096022
2,0.0,11,360.1571136363873,1000.0,0.0,564.0,72.07866493424223,15.138951958823313,1172.0,199.370880842808,42.82244956555334,510.0,88.62689372431825,19.37619663989332,0.0,0.0,0.0,0.0,0.0,0.0
3,0.054,8,360.1340828277035,1000.0,1000.0,565.0,69.59695400568637,14.331834587851944,1224.0,207.33713465424938,44.83888345637704,460.0,79.13057092311097,17.230654342152157,11.0,1.0999999999999999,0.11000000000000004,62.0,2.889546924183939,0.13503086419753088
4,0.054,12,359.9596356618388,2000.0,0.0,567.0,73.58465689311075,15.887361697679175,1413.0,238.1207797327113,51.20919697877213,247.0,43.0204672403475,9.351023221244693,14.0,1.4000000000000001,0.14000000000000007,83.0,3.919298807846868,0.18647119341563764
5,0.054,11,360.03688927324544,2000.0,1000.0,566.0,74.19920220848425,16.28742267098849,1249.0,207.97741868145164,44.015781281518514,431.0,73.36872659289261,16.023504195428384,14.0,1.4000000000000001,0.14000000000000007,67.0,3.14020495947899,0.14789094650205756
