id,probability_maraud,successful_mating,next_foraging_time,x_pos,y_pos,foraging_events,foraging_hrs,foraging_sqhrs,staying_events,staying_hrs,staying_sqhrs,repairing_events,repairing_hrs,repairing_sqhrs,marauding_events,marauding_hrs,marauding_sqhrs,traveling_events,traveling_hrs,traveling_sqhrs
0,0.0,9,360.1922971833035,0.0,0.0,566.0,69.71829239840226,14.343861926125848,1427.0,247.93015888354202,54.218120218988105,251.0,42.46233116299937,9.219112651559437,0.0,0.0,0.0,0.0,0.0,0.0
1,0.054,9,360.14760940149137,0.0,1000.0,575.0,69.20806483846873,15.083938861306468,1504.0,254.9949558926745,54.24512700962917,188.0,30.67985613874441,6.239420015290327,13.0,1.3,0.13000000000000006,85.0,3.9351851851851842,0.1821844993141287
2,0.054,15,360.6304270594133,1000.0,0.0,570.0,71.91499234231135,14.407373435559478,1335.0,229.20927687502643,49.56045843054404,326.0,55.07671617772668,11.53649453597558,9.0,0.8999999999999999,0.09000000000000002,66.0,3.093908663182693,0.14574759945130314
3,0.054,6,359.96309380816007,1000.0,1000.0,567.0,71.73908340064764,15.373590020784345,1247.0,208.0695707673281,44.437489237252244,444.0,76.36400700861785,16.399841276696797,9.0,0.8999999999999999,0.09000000000000002,66.0,3.093908663182693,0.14574759945130314
4,0.054,9,360.3568009031542,2000.0,0.0,549.0,69.69775047105392,14.25735548509052,1221.0,210.25736754932902,45.93158512372605,449.0,75.13171430224016,16.076836443448354,13.0,1.3,0.13000000000000006,80.0,3.742056811330841,0.17575445816186536
5,0.054,6,360.1759842091481,2000.0,1000.0,569.0,69.91115322799428,14.40245549305601,1423.0,243.4936642698949,51.888894925419315,261.0,42.5531504446472,8.780127702967455,10.0,0.9999999999999999,0.10000000000000003,66.0,3.074732109369124,0.14360425240054867
