id,probability_maraud,successful_mating,next_foraging_time,x_pos,y_pos,foraging_events,foraging_hrs,foraging_sqhrs,staying_events,staying_hrs,staying_sqhrs,repairing_events,repairing_hrs,repairing_sqhrs,marauding_events,marauding_hrs,marauding_sqhrs,traveling_events,traveling_hrs,traveling_sqhrs
0,0.054,10,360.68624752441093,0.0,0.0,577.0,74.14222944993604,15.188837837075754,1552.0,255.72585444294768,53.40642636359856,147.0,24.557733165442365,5.012592237583706,14.0,1.4000000000000001,0.14000000000000007,92.0,4.27843581307283,0.1993312757201643
1,0.054,7,359.8620622535012,0.0,1000.0,555.0,73.76102930929008,15.554477958015728,1297.0,215.47130472331006,45.43615551526902,396.0,66.9332016610418,14.267904870973759,8.0,0.7999999999999999,0.08000000000000002,66.0,3.093908663182693,0.1457475994513031
2,0.0,14,360.3140436516945,1000.0,0.0,564.0,68.20995698942173,13.458218562945152,1286.0,218.35296036503496,47.208496039809965,438.0,73.48642763630599,15.133640693156945,0.0,0.0,0.0,0.0,0.0,0.0
3,0.054,11,360.3485074262623,1000.0,1000.0,556.0,69.37852763142706,14.115507791800628,1189.0,201.48247176232104,43.46605659468947,480.0,85.50145759318099,18.754333202991294,10.0,0.9999999999999999,0.10000000000000003,59.0,2.731481481481481,0.1264574759945131
4,0.054,7,359.96221912220676,2000.0,0.0,572.0,72.95412252930883,17.1120489312527,1384.0,233.7468967086463,50.29065892778589,283.0,48.6820997765527,10.659648850125944,12.0,1.2,0.12000000000000005,76.0,3.537695072332087,0.16503772290809313
5,0.054,5,360.2961739501052,2000.0,1000.0,561.0,71.04336105581255,15.244329253071228,1237.0,204.43247373599846,43.013382597803805,442.0,79.15447929006734,17.84068773349899,18.0,1.8000000000000005,0.1800000000000001,77.0,3.583991368628383,0.1671810699588476
