id,probability_maraud,successful_mating,next_foraging_time,x_pos,y_pos,foraging_events,foraging_hrs,foraging_sqhrs,staying_events,staying_hrs,staying_sqhrs,repairing_events,repairing_hrs,repairing_sqhrs,marauding_events,marauding_hrs,marauding_sqhrs,traveling_events,traveling_hrs,traveling_sqhrs
0,0.054,14,360.0288075428262,0.0,0.0,564.0,69.50887846535863,14.049693984564362,1662.0,276.92174114137896,58.36962461760241,33.0,6.156410477780733,1.3042845572993895,19.0,1.9000000000000006,0.1900000000000001,118.0,5.5396691782172525,0.2614883401920434
1,0.0,4,360.22717219405627,0.0,1000.0,557.0,70.44772804364914,15.06329990906104,1201.0,204.10976063545294,43.75173768118943,507.0,85.60474485764523,18.288170983125294,0.0,0.0,0.0,0.0,0.0,0.0
2,0.054,6,360.46455708732003,1000.0,0.0,581.0,72.4785708593583,14.722423110218063,1048.0,177.00088480160926,37.51931989071325,626.0,107.73740123088105,22.973927646646548,4.0,0.4,0.04000000000000001,55.0,2.546296296296296,0.11788408779149526
3,0.054,13,360.04857687980325,1000.0,1000.0,575.0,71.5976947112741,14.991683389967953,1419.0,238.99439355550302,51.7366431529619,270.0,44.38075417474454,9.107269879046934,14.0,1.4000000000000001,0.14000000000000007,78.0,3.687817326365387,0.17575445816186536
4,0.054,7,360.1291701704977,2000.0,0.0,566.0,69.6817428894654,14.399758064854225,1321.0,224.50943035820947,48.20794315865121,350.0,60.911480198756195,13.484843027554781,14.0,1.4000000000000001,0.14000000000000007,77.0,3.583991368628383,0.16718106995884757
5,0.054,10,360.0767508009814,2000.0,1000.0,560.0,70.33575629355286,14.98889488090117,1256.0,211.85052751307649,45.882478361741136,445.0,72.79170265635537,15.45453511501613,12.0,1.2,0.12000000000000005,82.0,3.8346494039234336,0.18004115226337428
