id,probability_maraud,successful_mating,next_foraging_time,x_pos,y_pos,foraging_events,foraging_hrs,foraging_sqhrs,staying_events,staying_hrs,staying_sqhrs,repairing_events,repairing_hrs,repairing_sqhrs,marauding_events,marauding_hrs,marauding_sqhrs,traveling_events,traveling_hrs,traveling_sqhrs
0,0.054,7,359.80251644413255,0.0,0.0,563.0,68.55806349637749,13.688809507506084,1363.0,231.36258639416076,50.036060139133724,333.0,55.36202040078351,11.521069730784275,13.0,1.3,0.13000000000000006,74.0,3.425925925925925,0.1586076817558298
1,0.054,4,360.26694862049214,0.0,1000.0,560.0,72.7452100265154,15.444583083514882,1271.0,215.61391723898052,46.24769860596978,388.0,66.9130650161352,14.856469595831511,12.0,1.2,0.12000000000000005,77.0,3.583991368628383,0.1671810699588476
2,0.054,17,359.82245346541856,1000.0,0.0,560.0,71.28405380397338,14.458848308691032,1383.0,240.46061302344393,52.93023241945744,263.0,42.68590384052834,8.825693228653384,12.0,1.2,0.12000000000000005,94.0,4.409381513292562,0.2079046639231821
3,0.054,10,359.93099162146007,1000.0,1000.0,564.0,73.59047140837855,16.12495102858236,1150.0,190.76744846508308,39.850824348844796,529.0,91.289649923675,19.775100174671966,11.0,1.0999999999999999,0.11000000000000004,71.0,3.3062135908506054,0.15432098765432092
4,0.0,11,360.0224717353909,2000.0,0.0,566.0,72.95056274756463,15.791703661888619,1361.0,232.13958010633107,50.00150443943418,313.0,55.02630911896953,12.16901143414182,0.0,0.0,0.0,0.0,0.0,0.0
5,0.054,5,359.8718539544507,2000.0,1000.0,557.0,71.30938315243503,15.04523833013864,1450.0,246.99986003594984,53.875826693252996,216.0,36.54017059431384,7.8958205693870385,9.0,0.8999999999999999,0.09000000000000002,91.0,4.289669178217242,0.20361796982167318
