id,probability_maraud,successful_mating,next_foraging_time,x_pos,y_pos,foraging_events,foraging_hrs,foraging_sqhrs,staying_events,staying_hrs,staying_sqhrs,repairing_events,repairing_hrs,repairing_sqhrs,marauding_events,marauding_hrs,marauding_sqhrs,traveling_events,traveling_hrs,traveling_sqhrs
0,0.054,9,360.57404531879814,0.0,0.0,563.0,70.17226209002989,14.968481458581367,1451.0,247.25104355638038,52.47713676116991,215.0,36.45333075526193,7.694502621128677,13.0,1.3,0.13000000000000006,105.0,4.956993880178964,0.23576817558298999
1,0.0,9,360.4209230687702,0.0,1000.0,577.0,69.70354172788043,13.492432492618395,1384.0,229.30353398883648,47.93261744143055,373.0,61.087890518199686,12.955916848214546,0.0,0.0,0.0,0.0,0.0,0.0
2,0.054,5,360.60672148977187,1000.0,0.0,577.0,73.25725527791583,16.072156637091073,1096.0,185.29259229279222,39.32317876203348,594.0,97.20536660352467,19.996515592391056,16.0,1.6000000000000003,0.1600000000000001,59.0,2.75065803529505,0.12860082304526754
3,0.054,13,360.267827521256,1000.0,1000.0,556.0,71.42531127514812,14.40467777317346,1339.0,226.53162960533564,48.44670472085962,330.0,58.15456019816254,12.689771563632647,7.0,0.7,0.07,73.0,3.398806183443198,0.1586076817558298
4,0.054,6,360.02638072501924,2000.0,0.0,572.0,65.8287959509778,12.149098389407069,1313.0,228.05280190488756,49.61407701839978,359.0,61.376792800893554,13.44370765381014,13.0,1.3,0.13000000000000006,74.0,3.4642790335530633,0.16289437585733874
5,0.054,12,360.3033210981798,2000.0,1000.0,583.0,71.47314784641674,14.759086339388517,1450.0,253.80509123788642,55.59181322516838,198.0,30.534578867336425,6.259268987893364,8.0,0.7999999999999999,0.08000000000000002,74.0,3.4642790335530633,0.16289437585733868
