id,probability_maraud,successful_mating,next_foraging_time,x_pos,y_pos,foraging_events,foraging_hrs,foraging_sqhrs,staying_events,staying_hrs,staying_sqhrs,repairing_events,repairing_hrs,repairing_sqhrs,marauding_events,marauding_hrs,marauding_sqhrs,traveling_events,traveling_hrs,traveling_sqhrs
0,0.054,11,359.7636136082878,0.0,0.0,565.0,69.71357777846876,14.113294835764716,1346.0,224.72394983234994,47.02722315680995,360.0,60.86756745620833,13.05690892089132,14.0,1.4000000000000001,0.14000000000000007,72.0,3.3525098871469017,0.15646433470507534
1,0.054,7,360.6571967097991,0.0,1000.0,572.0,74.5340993831281,16.879676178146013,1209.0,207.0484375695754,44.85774804547185,433.0,73.59481703330499,15.713269784376019,15.0,1.5000000000000002,0.15000000000000008,74.0,3.4642790335530633,0.16289437585733868
2,0.054,13,360.2736333754212,1000.0,0.0,568.0,68.24776110875801,13.470542041216738,989.0,166.53075252360438,35.70134977051205,719.0,121.77139436690786,26.654658144015208,9.0,0.8999999999999999,0.09000000000000002,57.0,2.6388888888888884,0.12217078189300418
3,0.054,6,360.0161720484011,1000.0,1000.0,567.0,68.16510180356673,13.408670273334737,1345.0,231.10324503555768,49.64341820650228,329.0,54.72507392294856,11.403998586520581,11.0,1.0999999999999999,0.11000000000000004,105.0,4.937817326365395,0.23362482853223543
4,0.054,10,360.69879923511064,2000.0,0.0,570.0,74.74272804481956,15.875133576457335,1487.0,249.10968586169602,53.21116427880379,184.0,30.728168525018713,6.646580549415033,16.0,1.6000000000000003,0.1600000000000001,82.0,3.8346494039234336,0.18004115226337425
5,0.0,7,360.17309900048906,2000.0,1000.0,566.0,73.31122376691296,15.249899664396764,1362.0,231.97640735684794,49.92978464152858,320.0,54.8027470614511,11.760942766094782,0.0,0.0,0.0,0.0,0.0,0.0
