id,probability_maraud,successful_mating,next_foraging_time,x_pos,y_pos,foraging_events,foraging_hrs,foraging_sqhrs,staying_events,staying_hrs,staying_sqhrs,repairing_events,repairing_hrs,repairing_sqhrs,marauding_events,marauding_hrs,marauding_sqhrs,traveling_events,traveling_hrs,traveling_sqhrs
0,0.054,11,360.2453796481289,0.0,0.0,558.0,68.69867551686741,14.703907839237775,1612.0,267.4564977740917,57.2606412780665,104.0,18.283237083718085,3.8237248617669732,14.0,1.4000000000000001,0.14000000000000007,93.0,4.343908663182696,0.20361796982167318
1,0.0,3,360.08413264880943,0.0,1000.0,569.0,73.95388134889703,16.755409583745415,1364.0,231.60594275936484,50.20553618644213,334.0,54.6010519530014,11.409633169617965,0.0,0.0,0.0,0.0,0.0,0.0
2,0.054,12,360.65060868195104,1000.0,0.0,564.0,67.08906046739392,13.106070002719003,1032.0,173.2643408922592,37.23434781742953,683.0,116.05721050358798,25.06653565317347,11.0,1.0999999999999999,0.11000000000000004,59.0,2.75065803529505,0.12860082304526754
3,0.054,11,359.90399214062114,1000.0,1000.0,553.0,69.48430848755892,14.58141779665778,1360.0,223.71631000947914,46.75866282938439,356.0,60.903670159873535,12.971351906923502,18.0,1.8000000000000005,0.1800000000000001,91.0,4.251316070590103,0.19933127572016426
4,0.054,6,360.2988536967225,2000.0,0.0,566.0,69.39188074564584,15.710210281100428,1443.0,246.3760359009318,53.102146999277664,232.0,39.11658082438447,8.468183999564983,13.0,1.3,0.13000000000000006,86.0,4.00065803529505,0.1864711934156376
5,0.054,11,360.3926302291918,2000.0,1000.0,571.0,71.8146049825361,15.826019058756797,1087.0,188.15199924710438,41.167307408985224,596.0,97.33573346236633,20.14832057005749,8.0,0.7999999999999999,0.08000000000000002,42.0,1.944444444444444,0.09002057613168728
