id,probability_maraud,successful_mating,next_foraging_time,x_pos,y_pos,foraging_events,foraging_hrs,foraging_sqhrs,staying_events,staying_hrs,staying_sqhrs,repairing_events,repairing_hrs,repairing_sqhrs,marauding_events,marauding_hrs,marauding_sqhrs,traveling_events,traveling_hrs,traveling_sqhrs
0,0.054,4,359.9942617768096,0.0,0.0,572.0,65.80400235426211,12.13954661501515,1377.0,234.1066429193203,50.522024129488656,337.0,55.2265987232669,11.505226766768066,16.0,1.6000000000000003,0.1600000000000001,71.0,3.2870370370370363,0.15217764060356645
1,0.054,10,360.2783021629315,0.0,1000.0,580.0,72.25573864883124,15.180636105858637,1241.0,209.22936058148377,44.84755664878687,444.0,73.63130531276498,15.624653480152261,16.0,1.6000000000000003,0.1600000000000001,72.0,3.3525098871469017,0.15646433470507537
2,0.054,13,360.1408580309545,1000.0,0.0,584.0,68.18244764096616,13.058022599858019,1370.0,226.4604441210994,47.615654930529054,357.0,60.768707993865696,13.195712787169793,11.0,1.0999999999999999,0.11000000000000004,75.0,3.5105753298493596,0.16503772290809315
3,0.0,7,360.87486509923076,1000.0,1000.0,553.0,69.39888255687582,15.134334349830167,1093.0,184.9769680871392,39.66325431955854,611.0,105.7534870920196,23.196302805799746,0.0,0.0,0.0,0.0,0.0,0.0
4,0.054,8,360.1736616666243,2000.0,0.0,563.0,70.01436184354031,14.683455838094348,1447.0,243.78284784321812,52.30689675969329,239.0,40.71143229716432,8.921417243845328,13.0,1.3,0.13000000000000006,92.0,4.27843581307283,0.19933127572016426
5,0.054,12,360.24315833192475,2000.0,1000.0,572.0,71.1404739888912,13.751674412450223,1417.0,241.7020386360405,52.145784580937395,243.0,42.92348951944796,9.652011082496372,7.0,0.7,0.07,79.0,3.6574074074074066,0.16932441700960202
