id,probability_maraud,successful_mating,next_foraging_time,x_pos,y_pos,foraging_events,foraging_hrs,foraging_sqhrs,staying_events,staying_hrs,staying_sqhrs,repairing_events,repairing_hrs,repairing_sqhrs,marauding_events,marauding_hrs,marauding_sqhrs,traveling_events,traveling_hrs,traveling_sqhrs
0,0.0,12,360.12542869822107,0.0,0.0,567.0,72.63144437387808,16.1399426192107,1421.0,239.7790051716506,51.22808732064336,290.0,47.63120032785777,9.98089900469908,0.0,0.0,0.0,0.0,0.0,0.0
1,0.054,8,360.7441209224257,0.0,1000.0,557.0,70.18113292861003,14.636900554873128,1503.0,260.57001003420584,56.54692305892577,153.0,24.4025405933371,4.898799107893819,7.0,0.7,0.07,91.0,4.308845732030811,0.20576131687242763
2,0.054,11,360.39360361664654,1000.0,0.0,553.0,72.38503283851918,15.128232214471813,1135.0,197.92850577890857,43.09158288105881,508.0,85.09815259072326,18.263682496223712,11.0,1.0999999999999999,0.11000000000000004,76.0,3.537695072332087,0.16503772290809315
3,0.054,11,359.88764086533126,1000.0,1000.0,572.0,74.99407231797298,15.769968534618858,1158.0,195.06901147499826,41.49046517984563,503.0,84.47230368565955,17.708472395357656,18.0,1.8000000000000005,0.1800000000000001,80.0,3.742056811330841,0.17575445816186538
4,0.054,8,360.2289367906705,2000.0,0.0,575.0,68.44295598452204,13.30769975042795,1442.0,243.75085141838525,51.68446398248873,249.0,42.8334436906669,9.568001420942577,12.0,1.2,0.12000000000000005,86.0,4.019834589108619,0.18861454046639203
5,0.054,4,360.17102821859885,2000.0,1000.0,553.0,71.49736609767454,15.495825264685553,1242.0,210.74988818687,46.010025612770896,444.0,73.50039775643951,15.665631541816353,11.0,1.0999999999999999,0.11000000000000004,71.0,3.2870370370370363,0.15217764060356645
