id,probability_maraud,successful_mating,next_foraging_time,x_pos,y_pos,foraging_events,foraging_hrs,foraging_sqhrs,staying_events,staying_hrs,staying_sqhrs,repairing_events,repairing_hrs,repairing_sqhrs,marauding_events,marauding_hrs,marauding_sqhrs,traveling_events,traveling_hrs,traveling_sqhrs
0,0.054,10,359.9555295973052,0.0,0.0,571.0,67.46506183015275,13.763574630072371,1272.0,215.82802853147464,46.59903784133806,436.0,73.1915894893214,15.393286259958119,8.0,0.7999999999999999,0.08000000000000002,59.0,2.731481481481481,0.1264574759945131
1,0.054,7,360.07745700743845,0.0,1000.0,573.0,70.14984088205863,14.631005875578925,1366.0,229.8417050025214,49.17514502884477,320.0,55.42889132487212,12.039231436850452,12.0,1.2,0.12000000000000005,74.0,3.4642790335530633,0.16289437585733868
2,0.054,7,360.1986079270744,1000.0,0.0,576.0,67.27767197493188,12.958213245061392,1334.0,221.01336542224792,46.61408956460712,389.0,67.02682126454192,14.330670578460934,11.0,1.0999999999999999,0.11000000000000004,78.0,3.6686407725518175,0.1736111111111109
3,0.054,19,360.2910645246241,1000.0,1000.0,558.0,71.2777532785031,15.172127628772017,1386.0,229.05604458787073,48.24873311661508,319.0,54.86096870853208,11.937561707434506,11.0,1.0999999999999999,0.11000000000000004,81.0,3.769176553813568,0.17575445816186536
4,0.054,9,359.9802286423574,2000.0,0.0,563.0,70.36555877210817,14.681862456234436,1570.0,270.95956504836204,59.189852797264756,82.0,12.227757499805698,2.3739359481861335,15.0,1.5000000000000002,0.15000000000000008,109.0,5.065472850109875,0.23576817558298985
5,0.0,2,360.46555824149874,2000.0,1000.0,563.0,71.3039788515127,15.150580643419822,1218.0,203.23837160420698,42.7924223081699,505.0,85.49113266729618,18.375652158005238,0.0,0.0,0.0,0.0,0.0,0.0
