id,probability_maraud,successful_mating,next_foraging_time,x_pos,y_pos,foraging_events,foraging_hrs,foraging_sqhrs,staying_events,staying_hrs,staying_sqhrs,repairing_events,repairing_hrs,repairing_sqhrs,marauding_events,marauding_hrs,marauding_sqhrs,traveling_events,traveling_hrs,traveling_sqhrs
0,0.0,7,360.5393305872308,0.0,0.0,551.0,72.1740303619718,15.324089307598745,1257.0,215.17128393337845,46.05958733942702,443.0,72.6645634791102,14.890896733187756,0.0,0.0,0.0,0.0,0.0,0.0
1,0.054,10,360.00100244584263,0.0,1000.0,560.0,70.45049957355565,14.799873345243595,1550.0,264.8909902870095,56.54539767537183,110.0,18.459678788360797,3.9835663145973736,15.0,1.5000000000000002,0.15000000000000008,103.0,4.806871626145663,0.22505144032921762
2,0.054,6,360.1277167272976,1000.0,0.0,565.0,73.75542712174926,15.906340616067396,1301.0,217.86958401545687,46.91742003219694,390.0,64.40858006403259,13.521838312911063,10.0,0.9999999999999999,0.10000000000000003,67.0,3.1402049594789894,0.14789094650205756
3,0.054,13,360.2471798672928,1000.0,1000.0,560.0,71.33411296619052,14.812862007982872,1226.0,203.50605723295567,42.99070399527642,470.0,80.64635527996968,16.92632887586199,12.0,1.2,0.12000000000000005,71.0,3.344566698477744,0.1586076817558298
4,0.054,6,360.5359861722405,2000.0,0.0,567.0,71.14035402984946,14.75191076055323,1428.0,235.67799092705613,49.736299593242286,277.0,48.76504390918478,10.978993571512321,11.0,1.0999999999999999,0.11000000000000004,73.0,3.417982737256767,0.16075102880658426
5,0.054,12,360.4573196573466,2000.0,1000.0,569.0,74.24235070183225,15.810726869026523,1365.0,232.44217792667087,49.726472475085465,288.0,48.56884862210998,10.39419607868633,8.0,0.7999999999999999,0.08000000000000002,85.0,4.011891400439461,0.19075788751714653
