id,probability_maraud,successful_mating,next_foraging_time,x_pos,y_pos,foraging_events,foraging_hrs,foraging_sqhrs,staying_events,staying_hrs,staying_sqhrs,repairing_events,repairing_hrs,repairing_sqhrs,marauding_events,marauding_hrs,marauding_sqhrs,traveling_events,traveling_hrs,traveling_sqhrs
0,0.054,8,359.9451709965646,0.0,0.0,562.0,72.20570681521102,15.2364953857079,1473.0,246.81084857140198,53.125993400425614,218.0,36.40503647989594,7.77731654695077,10.0,0.9999999999999999,0.10000000000000003,80.0,3.703703703703703,0.17146776406035646
1,0.054,10,360.6656008273621,0.0,1000.0,565.0,73.66390618731799,15.798501086654966,1438.0,247.71448511013082,53.46216482241167,213.0,34.034793774574084,6.725923370089984,10.0,0.9999999999999999,0.10000000000000003,81.0,3.769176553813568,0.17575445816186536
2,0.0,5,360.2543454002963,1000.0,0.0,558.0,66.69447824384295,13.078035285655721,1232.0,208.8396904307071,44.73584165813456,493.0,84.57199809705095,18.357916163839192,0.0,0.0,0.0,0.0,0.0,0.0
3,0.054,15,360.1129364438432,1000.0,1000.0,583.0,73.48820049863723,15.659384744198391,1358.0,221.982681448523,46.53027477831979,350.0,61.01586457439515,13.373061259923706,7.0,0.7,0.07,60.0,2.8161308854049154,0.13288751714677643
4,0.054,5,360.28808445603767,2000.0,0.0,568.0,69.3334533441711,13.85788362192398,1404.0,235.55362313425522,50.40976684210457,290.0,49.20861733029261,10.694862011166189,15.0,1.5000000000000002,0.15000000000000008,96.0,4.482797552071586,0.21004801097393652
5,0.054,11,360.07947911984405,2000.0,1000.0,567.0,72.08510814491103,15.514763145752907,1206.0,210.6385960569842,46.27815217917096,419.0,72.78197483864807,15.80615921891391,14.0,1.4000000000000001,0.14000000000000007,69.0,3.213620998258013,0.150034293552812
