id,probability_maraud,successful_mating,next_foraging_time,x_pos,y_pos,foraging_events,foraging_hrs,foraging_sqhrs,staying_events,staying_hrs,staying_sqhrs,repairing_events,repairing_hrs,repairing_sqhrs,marauding_events,marauding_hrs,marauding_sqhrs,traveling_events,traveling_hrs,traveling_sqhrs
0,0.054,6,360.0420336608215,0.0,0.0,559.0,72.5144446519972,15.309866495724929,1418.0,234.42459075963623,49.37569742949704,291.0,48.69810799080454,10.054425448454037,13.0,1.3,0.13000000000000006,68.0,3.2056778095888547,0.15217764060356648
1,0.054,9,360.1128988964823,0.0,1000.0,559.0,67.00694422870687,12.619919448206387,1474.0,250.65988915159946,53.98714465157487,218.0,37.04141619237718,8.118865524723548,12.0,1.2,0.12000000000000005,88.0,4.0932506278876435,0.1907578875171465
2,0.054,17,359.8563732768527,1000.0,0.0,573.0,67.61992358372487,12.70920140883739,1436.0,242.9661630013378,51.52423293492372,247.0,43.475066413999244,9.510415600488667,15.0,1.5000000000000002,0.15000000000000008,97.0,4.58662350980859,0.21862139917695433
3,0.0,8,360.39959654453884,1000.0,1000.0,561.0,70.24088969456287,14.520932746557273,1179.0,197.7119121060868,42.003339432431,541.0,92.16309381031148,19.990776604679393,0.0,0.0,0.0,0.0,0.0,0.0
4,0.054,6,360.0815603375894,2000.0,0.0,573.0,68.01987947169921,12.75007515824186,1327.0,221.93434757701144,47.88090511875818,384.0,65.46370910874427,14.239558992017121,12.0,1.2,0.12000000000000005,78.0,3.6111111111111103,0.16718106995884757
5,0.054,8,360.1429852048769,2000.0,1000.0,570.0,76.67617857519713,17.673051637979803,1284.0,219.91402894508042,47.733772749262535,361.0,59.38129261865009,12.401798404407089,7.0,0.7,0.07,73.0,3.437159291070336,0.16289437585733876
