id,probability_maraud,successful_mating,next_foraging_time,x_pos,y_pos,foraging_events,foraging_hrs,foraging_sqhrs,staying_events,staying_hrs,staying_sqhrs,repairing_events,repairing_hrs,repairing_sqhrs,marauding_events,marauding_hrs,marauding_sqhrs,traveling_events,traveling_hrs,traveling_sqhrs
0,0.0,8,360.02781378710426,0.0,0.0,580.0,71.38597643980947,14.979257372481054,1564.0,264.29856010828667,56.273458516547365,137.0,24.45501733780917,5.28727196951801,0.0,0.0,0.0,0.0,0.0,0.0
1,0.054,4,360.03272950550297,0.0,1000.0,578.0,74.51828446773241,17.20506209601663,1470.0,250.8665703038956,53.927397050551896,178.0,30.709567247014206,6.634963151462772,7.0,0.7,0.07,69.0,3.232797552071582,0.15217764060356648
2,0.054,16,359.89911891418046,1000.0,0.0,572.0,66.55050763741656,12.998678362991527,1292.0,215.5777347211092,45.42239247174526,448.0,72.98154447938641,15.253907574311782,13.0,1.3,0.13000000000000006,78.0,3.6494642187382484,0.17146776406035646
3,0.054,6,360.20463716760344,1000.0,1000.0,574.0,71.50565050576355,14.83146966243679,1175.0,198.7495144118608,42.68397954557438,494.0,85.42876008072628,18.5647388232265,13.0,1.3,0.13000000000000006,67.0,3.101851851851851,0.14360425240054867
4,0.054,11,360.08717944022186,2000.0,0.0,560.0,73.16280834818461,15.717378650036233,1132.0,197.22906725768533,42.95755118560735,521.0,85.87804137230223,18.225883644742122,10.0,0.9999999999999999,0.10000000000000003,63.0,2.935843220480235,0.13717421124828533
5,0.054,9,360.23348667961045,2000.0,1000.0,574.0,71.5847816816505,14.988872172010993,1454.0,240.4034124277468,51.393759313923475,245.0,43.0333096658352,9.507454401610492,13.0,1.3,0.13000000000000006,80.0,3.722880257517272,0.1736111111111109
