id,probability_maraud,successful_mating,next_foraging_time,x_pos,y_pos,foraging_events,foraging_hrs,foraging_sqhrs,staying_events,staying_hrs,staying_sqhrs,repairing_events,repairing_hrs,repairing_sqhrs,marauding_events,marauding_hrs,marauding_sqhrs,traveling_events,traveling_hrs,traveling_sqhrs
0,0.054,5,360.19476296712696,0.0,0.0,585.0,72.84985351139085,15.552232128619634,1316.0,220.49773002213004,47.11457642904846,378.0,61.348027595950754,12.594149644339428,15.0,1.5000000000000002,0.15000000000000008,82.0,3.8346494039234336,0.18004115226337428
1,0.054,8,360.16627367547954,0.0,1000.0,566.0,67.07957381414882,12.980559602548945,1496.0,250.81624120730285,53.121099711964426,213.0,36.64752865833794,7.949290367051409,13.0,1.3,0.13000000000000006,89.0,4.1970765856246475,0.19933127572016426
2,0.054,13,360.1269250111556,1000.0,0.0,570.0,69.60318021107781,14.216294468362577,1194.0,201.26174564003026,42.27266172214943,488.0,85.42437479042358,18.589424534244007,7.0,0.7,0.07,65.0,3.066788920699966,0.14574759945130314
3,0.0,11,360.1669874684646,1000.0,1000.0,560.0,70.71954130231322,14.230316573013173,1268.0,216.20871459679228,47.22531372419962,435.0,73.21614738409636,15.617373890301959,0.0,0.0,0.0,0.0,0.0,0.0
4,0.054,10,360.3789124149996,2000.0,0.0,571.0,67.95931822443178,14.453718087369337,1330.0,226.09734775459353,48.709947766594894,342.0,61.163598763834415,13.730646593860806,10.0,0.9999999999999999,0.10000000000000003,84.0,3.946418550329595,0.1864711934156376
5,0.054,7,360.80464805911794,2000.0,1000.0,572.0,73.46585403702741,15.868850773489436,1480.0,250.34051082040548,53.1873413741988,171.0,30.68442768745956,7.013650965339592,13.0,1.3,0.13000000000000006,94.0,4.351851851851854,0.2014746227709187
