id,probability_maraud,successful_mating,next_foraging_time,x_pos,y_pos,foraging_events,foraging_hrs,foraging_sqhrs,staying_events,staying_hrs,staying_sqhrs,repairing_events,repairing_hrs,repairing_sqhrs,marauding_events,marauding_hrs,marauding_sqhrs,traveling_events,traveling_hrs,traveling_sqhrs
0,0.054,7,360.59848543245073,0.0,0.0,569.0,72.46736169934422,15.490616577174288,1413.0,240.49922595744732,51.87842329930174,248.0,42.66541233272764,9.323699475291535,9.0,0.8999999999999999,0.09000000000000002,75.0,3.5105753298493596,0.16503772290809313
1,0.0,2,360.53041177658946,0.0,1000.0,570.0,70.60241971395263,14.806117850690038,1401.0,234.4979833566475,49.8260379326097,319.0,55.00290275749443,12.29810282792523,0.0,0.0,0.0,0.0,0.0,0.0
2,0.054,14,360.21092033176365,1000.0,0.0,563.0,73.41843515784663,15.932975832507271,1255.0,214.2787398604117,46.13875885019707,400.0,67.1284110769977,14.017348330451059,15.0,1.5000000000000002,0.15000000000000008,82.0,3.7962962962962954,0.17575445816186536
3,0.054,12,360.011442198906,1000.0,1000.0,576.0,73.75184856962174,15.369146669405751,1393.0,232.51489031814748,49.02292360476958,281.0,48.98726967402997,10.585078679767287,9.0,0.8999999999999999,0.09000000000000002,88.0,4.131603735514782,0.19504458161865537
4,0.054,10,359.9519184345169,2000.0,0.0,570.0,72.45390533450008,15.345385287224607,1250.0,216.03086853295605,47.16383039258781,412.0,67.2935231687121,14.042978126368416,10.0,0.9999999999999999,0.10000000000000003,70.0,3.2982704021814473,0.15646433470507537
5,0.054,9,360.10578553689624,2000.0,1000.0,563.0,72.11656765851036,16.315118050328252,1404.0,234.64862467766164,50.300714411832836,303.0,48.604107974940575,10.004514734963168,11.0,1.0999999999999999,0.11000000000000004,77.0,3.6223444762555213,0.1714677640603565
