id,probability_maraud,successful_mating,next_foraging_time,x_pos,y_pos,foraging_events,foraging_hrs,foraging_sqhrs,staying_events,staying_hrs,staying_sqhrs,repairing_events,repairing_hrs,repairing_sqhrs,marauding_events,marauding_hrs,marauding_sqhrs,traveling_events,traveling_hrs,traveling_sqhrs
0,0.054,9,360.07017011674066,0.0,0.0,571.0,69.59498797260426,14.144196930637609,1296.0,217.37688483814267,46.24199733991429,404.0,67.52898713343248,14.535034630466088,15.0,1.5000000000000002,0.15000000000000008,87.0,4.066130885404916,0.1907578875171465
1,0.054,6,360.02967281232986,0.0,1000.0,546.0,73.28259974310225,15.828751804517404,1391.0,233.43076841753634,50.2316035454125,291.0,48.6247791173452,10.300082932048937,13.0,1.3,0.13000000000000006,72.0,3.3716864409604708,0.15860768175582982
2,0.054,6,360.3660837748857,1000.0,0.0,559.0,71.77645306294053,14.651933557351981,1252.0,210.643188793217,45.37806935290562,460.0,73.3642869338825,15.330473312047332,12.0,1.2,0.12000000000000005,65.0,3.047612366886397,0.14360425240054867
3,0.054,15,360.7456250761789,1000.0,1000.0,559.0,69.42023454535946,14.588530485244224,1126.0,194.85051555007615,42.106225320668706,534.0,91.68159396387152,19.92658180090378,11.0,1.0999999999999999,0.11000000000000004,63.0,2.9741963281073733,0.14146090534979422
4,0.0,7,360.1817616008881,2000.0,0.0,571.0,69.40891297555822,14.453060181740573,1279.0,217.21280905481353,46.954047164405125,422.0,73.41923829962045,16.16647439358491,0.0,0.0,0.0,0.0,0.0,0.0
5,0.054,11,360.01754569207253,2000.0,1000.0,562.0,71.10050281055591,14.111090689397162,1473.0,249.66263556086193,54.38654409364191,213.0,34.744238237159756,6.877614920235927,13.0,1.3,0.13000000000000006,72.0,3.3716864409604708,0.1586076817558298
