id,probability_maraud,successful_mating,next_foraging_time,x_pos,y_pos,foraging_events,foraging_hrs,foraging_sqhrs,staying_events,staying_hrs,staying_sqhrs,repairing_events,repairing_hrs,repairing_sqhrs,marauding_events,marauding_hrs,marauding_sqhrs,traveling_events,traveling_hrs,traveling_sqhrs
0,0.054,10,359.9882826050794,0.0,0.0,559.0,72.11278749647659,15.316655093826048,1278.0,217.30208902402882,46.515102584521706,396.0,67.36247106597165,14.595602612507573,8.0,0.7999999999999999,0.08000000000000002,53.0,2.4728802575172724,0.1157407407407408
1,0.054,13,360.11256919484623,0.0,1000.0,564.0,71.45462263365928,15.153783470568271,1491.0,252.32723545433925,53.82459541521262,186.0,30.941392341228944,6.491682388226829,15.0,1.5000000000000002,0.15000000000000008,85.0,3.9735382928123224,0.18647119341563764
2,0.054,7,360.4482842078782,1000.0,0.0,567.0,70.11833982172287,14.462070627465943,1364.0,226.99402974970246,48.25941382072603,346.0,59.13801121013762,13.04696100647789,7.0,0.7,0.07,66.0,3.055555555555555,0.14146090534979422
3,0.0,10,360.0476727162336,1000.0,1000.0,567.0,69.56521008996793,14.709936692397557,1188.0,198.8785597009237,42.70646634417156,550.0,91.67712269273802,19.348563558438876,0.0,0.0,0.0,0.0,0.0,0.0
4,0.054,8,360.13276687948854,2000.0,0.0,567.0,70.58132926806776,14.745028326277488,1440.0,241.97843118608978,51.29534225087863,261.0,42.37464260999836,8.707898906637476,16.0,1.6000000000000003,0.1600000000000001,77.0,3.603167922441952,0.16932441700960205
5,0.054,6,359.93499879246014,2000.0,1000.0,584.0,70.66456959064915,14.317686778206799,1368.0,230.27196034799388,49.35098773014427,340.0,54.53907758282501,11.254630318170213,11.0,1.0999999999999999,0.11000000000000004,76.0,3.5185185185185177,0.16289437585733868
