id,probability_maraud,successful_mating,next_foraging_time,x_pos,y_pos,foraging_events,foraging_hrs,foraging_sqhrs,staying_events,staying_hrs,staying_sqhrs,repairing_events,repairing_hrs,repairing_sqhrs,marauding_events,marauding_hrs,marauding_sqhrs,traveling_events,traveling_hrs,traveling_sqhrs
0,0.054,5,360.48503645520873,0.0,0.0,579.0,70.50453029198859,14.68688419863924,1408.0,236.7647586941157,50.448236858495434,293.0,48.58816898420793,10.237232433672723,9.0,0.8999999999999999,0.09000000000000002,74.0,3.425925925925925,0.1586076817558298
1,0.054,4,360.0786370745712,0.0,1000.0,552.0,73.90726903877673,15.909274778363152,1478.0,250.3265191301872,53.981449902593816,186.0,30.41681843852501,6.611220161307125,13.0,1.3,0.13000000000000006,90.0,4.166666666666667,0.19290123456790093
2,0.054,16,360.05448766693934,1000.0,0.0,564.0,67.5839603047961,13.31143113807075,1241.0,211.2970335414529,45.2203981069534,471.0,76.79662677560009,16.208802004162674,7.0,0.7,0.07,77.0,3.679874137696229,0.17789780521261986
3,0.0,11,360.7825462293699,1000.0,1000.0,565.0,71.0175845174296,15.404816086225146,1197.0,197.2926239991831,41.49780774073299,545.0,91.9195630980651,19.31290716374007,0.0,0.0,0.0,0.0,0.0,0.0
4,0.054,7,359.9867395872084,2000.0,0.0,569.0,73.35934517421356,17.43564853733853,1402.0,232.06178504256079,48.71290018851511,285.0,48.978131650070914,10.597207218218953,16.0,1.6000000000000003,0.1600000000000001,85.0,4.0502445080666,0.19504458161865545
5,0.054,11,360.8449291300471,2000.0,1000.0,563.0,69.20115514273665,13.987958251699125,1521.0,254.8690402880865,54.081642928241614,185.0,30.630568389004523,6.635623487254398,9.0,0.8999999999999999,0.09000000000000002,100.0,4.648806183443204,0.21647805212619983
