id,probability_maraud,successful_mating,next_foraging_time,x_pos,y_pos,foraging_events,foraging_hrs,foraging_sqhrs,staying_events,staying_hrs,staying_sqhrs,repairing_events,repairing_hrs,repairing_sqhrs,marauding_events,marauding_hrs,marauding_sqhrs,traveling_events,traveling_hrs,traveling_sqhrs
0,0.054,9,360.4036551263199,0.0,0.0,558.0,73.28200348678378,17.246535962448302,1382.0,233.1833273475086,49.53304570900992,291.0,48.98578850667997,10.622233699796618,9.0,0.8999999999999999,0.09000000000000002,78.0,3.6494642187382484,0.17146776406035646
1,0.054,6,360.03526427545546,0.0,1000.0,569.0,70.41398062833892,14.112053443001463,1447.0,242.545010894111,51.9053072242754,253.0,42.11618014535203,9.091473484204025,14.0,1.4000000000000001,0.14000000000000007,76.0,3.537695072332087,0.16503772290809313
2,0.054,13,360.7341282782857,1000.0,0.0,562.0,73.78043506404072,15.402074656677584,1148.0,191.88284030341165,40.53287657830952,539.0,90.96848212193517,19.8316053253806,9.0,0.8999999999999999,0.09000000000000002,56.0,2.592592592592592,0.12002743484224972
3,0.054,15,360.2256540902997,1000.0,1000.0,561.0,69.31328797578097,14.630896134796219,1246.0,215.01125233464572,46.893805893568455,441.0,71.63462958827117,14.995754795157858,12.0,1.2,0.12000000000000005,62.0,2.927900031811077,0.13931755829903977
4,0.054,5,360.57837066124273,2000.0,0.0,558.0,68.04768465055358,14.778818246559421,1541.0,262.8477178142396,57.02944323248965,142.0,24.29354103425744,5.279032155911524,10.0,0.9999999999999999,0.10000000000000003,83.0,3.88094570021973,0.18218449931412872
5,0.0,6,360.3456426210394,2000.0,1000.0,572.0,68.26396813465736,13.4044348168171,1450.0,242.9218438070444,51.36745599896514,291.0,48.906109540914805,10.57578782892538,0.0,0.0,0.0,0.0,0.0,0.0
