id,probability_maraud,successful_mating,next_foraging_time,x_pos,y_pos,foraging_events,foraging_hrs,foraging_sqhrs,staying_events,staying_hrs,staying_sqhrs,repairing_events,repairing_hrs,repairing_sqhrs,marauding_events,marauding_hrs,marauding_sqhrs,traveling_events,traveling_hrs,traveling_sqhrs
0,0.054,8,360.4856241527121,0.0,0.0,569.0,71.45252212067516,14.467735770015555,1296.0,216.35101402979913,46.03439872873379,387.0,67.07501790091413,14.463042631360274,15.0,1.5000000000000002,0.15000000000000008,81.0,3.7883531076271373,0.1778978052126198
1,0.054,9,360.3067910148997,0.0,1000.0,575.0,67.95258105416978,13.471184594995345,1297.0,219.6279815546321,46.8401839507782,410.0,66.70314084676986,13.961690132583447,18.0,1.8000000000000005,0.1800000000000001,85.0,3.9543617389987533,0.18432784636488317
2,0.054,9,359.99663184701075,1000.0,0.0,555.0,68.9955150861486,14.692951804615658,1099.0,189.1527023147453,40.940735461666215,598.0,97.98295203978186,20.538594085341536,11.0,1.0999999999999999,0.11000000000000004,65.0,3.0092592592592586,0.13931755829903977
3,0.054,8,359.89272979818594,1000.0,1000.0,557.0,70.21880091081697,14.427098877334359,1271.0,212.8660321699906,45.886051122547265,441.0,73.29067549754943,15.729408529868001,10.0,0.9999999999999999,0.10000000000000003,56.0,2.6501222540332994,0.1264574759945131
4,0.054,10,360.129833831796,2000.0,0.0,562.0,74.95621006945822,16.857114310945693,1374.0,236.76611810870122,51.317277747022466,244.0,43.13935159101295,9.2769475187809,11.0,1.0999999999999999,0.11000000000000004,86.0,4.039011142922188,0.19075788751714648
5,0.0,10,359.85819323110655,2000.0,1000.0,568.0,69.85843522911519,14.295808297858123,1469.0,251.1292546562384,54.32001669055496,244.0,39.13324186243816,7.9670588211853115,0.0,0.0,0.0,0.0,0.0,0.0
