id,probability_maraud,successful_mating,next_foraging_time,x_pos,y_pos,foraging_events,foraging_hrs,foraging_sqhrs,staying_events,staying_hrs,staying_sqhrs,repairing_events,repairing_hrs,repairing_sqhrs,marauding_events,marauding_hrs,marauding_sqhrs,traveling_events,traveling_hrs,traveling_sqhrs
0,0.054,9,360.2726374910244,0.0,0.0,562.0,72.57721730742325,14.737289007919667,1260.0,214.31071936605895,46.1576909356611,393.0,68.36642605879797,14.781622673121422,13.0,1.3,0.13000000000000006,77.0,3.564814814814814,0.16503772290809313
1,0.054,7,360.46035352485825,0.0,1000.0,553.0,72.26660402488267,16.400198627400837,1367.0,234.4042428051155,50.56128614138613,282.0,48.83937856161669,10.519906808795492,10.0,0.9999999999999999,0.10000000000000003,76.0,3.5185185185185177,0.16289437585733868
2,0.054,12,359.9687900692535,1000.0,0.0,571.0,74.23573625052285,15.936059948902484,1267.0,213.99396712585957,45.48400605989937,387.0,67.10048936175443,14.493575953584617,14.0,1.4000000000000001,0.14000000000000007,75.0,3.529751883662929,0.1671810699588476
3,0.054,9,360.4178646462058,1000.0,1000.0,553.0,65.27324380385785,13.4815479226756,1251.0,211.7608395149298,45.800304254061956,467.0,79.3125965457424,17.16409437355612,10.0,0.9999999999999999,0.10000000000000003,62.0,2.927900031811077,0.13931755829903977
4,0.0,10,360.03799535601104,2000.0,0.0,568.0,75.27618716278197,16.4154585366938,1339.0,223.87694369168045,48.00892186716476,367.0,61.017405514939426,12.972718010218188,0.0,0.0,0.0,0.0,0.0,0.0
5,0.054,7,360.1541338607155,2000.0,1000.0,556.0,71.69095780696112,15.491751223835458,1554.0,258.573375259587,54.71685460073686,137.0,24.408516896335303,5.253974601592641,11.0,1.0999999999999999,0.11000000000000004,93.0,4.363085216996265,0.2057613168724276
