id,probability_maraud,successful_mating,next_foraging_time,x_pos,y_pos,foraging_events,foraging_hrs,foraging_sqhrs,staying_events,staying_hrs,staying_sqhrs,repairing_events,repairing_hrs,repairing_sqhrs,marauding_events,marauding_hrs,marauding_sqhrs,traveling_events,traveling_hrs,traveling_sqhrs
0,0.0,4,360.1070605144338,0.0,0.0,577.0,73.46422139277414,16.468187816196075,1303.0,219.4613605321244,47.0253375834772,398.0,67.25326619684168,14.374907945791367,0.0,0.0,0.0,0.0,0.0,0.0
1,0.054,7,360.3647746268574,0.0,1000.0,566.0,69.76332368890836,14.020046412327574,1571.0,266.979101521031,57.09294306146318,119.0,18.20168765144545,3.4676700209561186,13.0,1.3,0.13000000000000006,88.0,4.112427181701213,0.19290123456790095
2,0.054,10,360.4026142886015,1000.0,0.0,576.0,71.91372026349842,14.756872935644276,1201.0,204.66319928081708,43.892250609167284,471.0,79.06124323806787,17.420018274158352,14.0,1.4000000000000001,0.14000000000000007,69.0,3.1944444444444438,0.14789094650205756
3,0.054,6,360.2698903480267,1000.0,1000.0,567.0,70.94950712434485,14.08364008333372,1174.0,193.02706167864974,40.25846609783698,548.0,91.53439655028953,19.807129444343104,14.0,1.4000000000000001,0.14000000000000007,68.0,3.1673247019617166,0.14789094650205756
4,0.054,12,360.3165530101048,2000.0,0.0,560.0,74.34698080739997,16.884082327321707,1372.0,235.79697329534275,50.93268888979204,273.0,45.36967904769327,9.424772896637188,11.0,1.0999999999999999,0.11000000000000004,73.0,3.4563358448839057,0.16503772290809313
5,0.054,15,360.1033818938898,2000.0,1000.0,557.0,70.76997742290418,14.658997229916867,1338.0,223.9589751763536,47.605085558576306,349.0,61.28247717128783,13.621160123002216,8.0,0.7999999999999999,0.08000000000000002,69.0,3.232797552071582,0.15217764060356645
