id,probability_maraud,successful_mating,next_foraging_time,x_pos,y_pos,foraging_events,foraging_hrs,foraging_sqhrs,staying_events,staying_hrs,staying_sqhrs,repairing_events,repairing_hrs,repairing_sqhrs,marauding_events,marauding_hrs,marauding_sqhrs,traveling_events,traveling_hrs,traveling_sqhrs
0,0.0,7,360.13453568713084,0.0,0.0,571.0,75.26584727882211,17.248992897325934,1302.0,216.50820976129086,45.70870783045148,391.0,68.37768452711848,14.903704291855878,0.0,0.0,0.0,0.0,0.0,0.0
1,0.054,12,360.55464594712487,0.0,1000.0,576.0,69.9552025104458,14.01748208539353,1487.0,245.94934755714317,51.942911803325615,213.0,36.81019220989588,8.025696731543736,21.0,2.1000000000000005,0.21000000000000013,112.0,5.261891400439473,0.24862825788751655
2,0.054,12,360.35038585192956,1000.0,0.0,551.0,72.24905784718219,15.24697502767805,1307.0,219.90621066229616,47.01607449942751,395.0,64.40979418545865,13.307552165983346,4.0,0.4,0.04000000000000001,65.0,3.085965474513535,0.14789094650205759
3,0.054,12,360.0892647676875,1000.0,1000.0,585.0,74.22065629524005,15.440682669156846,1062.0,185.06625165485622,40.69051427599625,565.0,97.61964193222352,21.118582273009284,9.0,0.8999999999999999,0.09000000000000002,47.0,2.1951024797394947,0.10288065843621404
4,0.054,7,360.1560115006564,2000.0,0.0,559.0,72.2734079592466,14.669846662698273,1318.0,221.1516664861304,46.384849757258195,352.0,61.33946932394063,13.343460825711848,14.0,1.4000000000000001,0.14000000000000007,86.0,4.039011142922188,0.1907578875171465
5,0.054,4,360.3192077368692,2000.0,1000.0,561.0,71.55495850312323,15.469642939097865,1364.0,228.2532622843991,48.716393736158345,311.0,54.80014941158419,11.60238829023466,16.0,1.6000000000000003,0.1600000000000001,87.0,4.046954331591347,0.18861454046639203
