id,probability_maraud,successful_mating,next_foraging_time,x_pos,y_pos,foraging_events,foraging_hrs,foraging_sqhrs,staying_events,staying_hrs,staying_sqhrs,repairing_events,repairing_hrs,repairing_sqhrs,marauding_events,marauding_hrs,marauding_sqhrs,traveling_events,traveling_hrs,traveling_sqhrs
0,0.0,5,360.290474251383,0.0,0.0,560.0,70.97601604672357,15.355349458874013,1542.0,258.17132149833856,55.25690402549651,178.0,30.935751734765574,6.494584967949138,0.0,0.0,0.0,0.0,0.0,0.0
1,0.054,11,360.5519878457563,0.0,1000.0,564.0,69.8758147480996,14.116807352143699,1555.0,261.3384584700729,56.54286110075692,149.0,24.326600747958256,4.914707046431199,8.0,0.7999999999999999,0.08000000000000002,79.0,3.6957605150345447,0.1736111111111109
2,0.054,14,359.9939012026253,1000.0,0.0,562.0,72.92936878925465,15.302831248686283,1338.0,221.43939003172483,46.973853666891124,354.0,60.704012921299814,13.367200595641236,12.0,1.2,0.12000000000000005,81.0,3.7883531076271373,0.1778978052126198
3,0.054,8,360.3934866503965,1000.0,1000.0,563.0,71.03660393656209,14.257474164955429,1162.0,193.5605083608208,41.002079543994235,539.0,91.58214956260078,19.675042117039037,10.0,0.9999999999999999,0.10000000000000003,62.0,2.9087234779975084,0.13717421124828533
4,0.054,6,359.94016486863495,2000.0,0.0,580.0,68.22373066947884,13.211746983876724,1400.0,238.87419553017625,51.410327968532116,299.0,49.023268264434044,10.412427086527309,10.0,0.9999999999999999,0.10000000000000003,64.0,2.9821395167765314,0.13931755829903977
5,0.054,10,360.43307145704927,2000.0,1000.0,578.0,67.17679671736727,13.088153544932409,1453.0,245.30129837637676,51.81246521111396,250.0,43.31928080024897,9.346427325649621,10.0,0.9999999999999999,0.10000000000000003,70.0,3.259917294554309,0.15217764060356645
