id,probability_maraud,successful_mating,next_foraging_time,x_pos,y_pos,foraging_events,foraging_hrs,foraging_sqhrs,staying_events,staying_hrs,staying_sqhrs,repairing_events,repairing_hrs,repairing_sqhrs,marauding_events,marauding_hrs,marauding_sqhrs,traveling_events,traveling_hrs,traveling_sqhrs
0,0.054,6,359.98493430567345,0.0,0.0,551.0,68.92517346424026,13.859130945805452,1524.0,256.38179879168155,54.509443640489174,171.0,29.145289263102846,6.3662270943629515,16.0,1.6000000000000003,0.1600000000000001,91.0,4.289669178217241,0.20361796982167324
1,0.0,3,360.0759103676498,0.0,1000.0,571.0,71.3307820165946,15.312725919798794,1165.0,197.1741849115191,42.81972581277642,531.0,91.51270834611282,19.90753506320983,0.0,0.0,0.0,0.0,0.0,0.0
2,0.054,7,360.5648813701305,1000.0,0.0,560.0,71.18369420441672,15.637878633862304,1281.0,211.15501609577706,43.94999751127194,432.0,73.13859939000737,15.800071535437628,11.0,1.0999999999999999,0.11000000000000004,74.0,3.5026321411802015,0.16718106995884763
3,0.054,16,360.253570453703,1000.0,1000.0,576.0,71.4731374031693,15.001856353778647,1382.0,227.94542381128142,47.893744133797,310.0,55.21305539118174,12.084882682220416,17.0,1.7000000000000004,0.1700000000000001,82.0,3.8154728501098645,0.1778978052126198
4,0.054,14,360.14335211988686,2000.0,0.0,568.0,74.54029230265256,17.443215735672194,1207.0,208.53927206382195,45.17461078025012,437.0,73.34982137717307,15.212726358260577,5.0,0.5,0.05000000000000001,66.0,3.074732109369124,0.14360425240054867
5,0.054,8,360.3177241464535,2000.0,1000.0,571.0,69.20586165844318,13.608609741975016,1286.0,218.33110257181875,46.93902055348712,388.0,66.56222164313806,14.50771403364022,16.0,1.6000000000000003,0.1600000000000001,97.0,4.529093848367883,0.21219135802469094
