id,probability_maraud,successful_mating,next_foraging_time,x_pos,y_pos,foraging_events,foraging_hrs,foraging_sqhrs,staying_events,staying_hrs,staying_sqhrs,repairing_events,repairing_hrs,repairing_sqhrs,marauding_events,marauding_hrs,marauding_sqhrs,traveling_events,traveling_hrs,traveling_sqhrs
0,0.054,11,360.4034570527844,0.0,0.0,559.0,69.67946886825999,14.580409292588906,1634.0,272.40271301394614,57.91570583378204,69.0,12.015499146209173,2.5456789708686878,15.0,1.5000000000000002,0.15000000000000008,97.0,4.529093848367883,0.21219135802469097
1,0.054,5,360.27829543191194,0.0,1000.0,568.0,67.34364000895884,13.33828459885702,1275.0,216.60131503640957,45.8228365464971,426.0,72.174100666326,15.551739560042277,8.0,0.7999999999999999,0.08000000000000002,67.0,3.101851851851851,0.14360425240054867
2,0.0,12,360.31122845339735,1000.0,0.0,561.0,72.63439243216409,15.560333024084551,1176.0,196.1196280141097,41.45436367479508,532.0,91.29127679050418,19.743749466471325,0.0,0.0,0.0,0.0,0.0,0.0
3,0.054,9,360.28777280719885,1000.0,1000.0,565.0,68.68235655671866,13.472798581294507,1335.0,225.92956648072268,48.29060713386654,356.0,60.82133154883795,12.987742529002235,10.0,0.9999999999999999,0.10000000000000003,79.0,3.734113622661683,0.17789780521261983
4,0.054,10,360.28881114593526,2000.0,0.0,561.0,65.91143145221905,12.694382062712213,1453.0,245.96840561892614,52.69216149656507,246.0,42.89743953388893,9.300657304558607,12.0,1.2,0.12000000000000005,86.0,4.039011142922188,0.19075788751714648
5,0.054,7,360.4860356028268,2000.0,1000.0,561.0,73.93890697610041,17.73264006033661,1333.0,221.112866151876,46.85731688448536,350.0,60.843821588254,13.321560421838429,11.0,1.0999999999999999,0.11000000000000004,67.0,3.1210284056654203,0.1457475994513031
