id,probability_maraud,successful_mating,next_foraging_time,x_pos,y_pos,foraging_events,foraging_hrs,foraging_sqhrs,staying_events,staying_hrs,staying_sqhrs,repairing_events,repairing_hrs,repairing_sqhrs,marauding_events,marauding_hrs,marauding_sqhrs,traveling_events,traveling_hrs,traveling_sqhrs
0,0.054,8,360.30021381230637,0.0,0.0,568.0,76.54424545956333,17.733921340681178,1264.0,218.85492540317293,47.45626370975735,360.0,61.32159422144829,13.132966001722403,8.0,0.7999999999999999,0.08000000000000002,54.0,2.4999999999999996,0.1157407407407408
1,0.054,6,360.06126941029873,0.0,1000.0,554.0,70.89550937044474,15.160159725616076,1256.0,218.0060577776176,47.633849363364426,398.0,67.06873190567735,14.204154918065626,11.0,1.0999999999999999,0.11000000000000004,64.0,2.9821395167765314,0.13931755829903977
2,0.054,11,360.3704748781745,1000.0,0.0,576.0,68.52937110610269,14.182666473463545,1400.0,235.17467585114346,50.09811053066677,316.0,52.602635264161435,10.807719415019495,8.0,0.7999999999999999,0.08000000000000002,66.0,3.093908663182693,0.1457475994513031
3,0.054,16,360.2997246729846,1000.0,1000.0,580.0,69.9167477533105,13.782067471938833,1260.0,209.0570821688065,43.71758899238001,457.0,76.77000527413408,16.193523491635908,13.0,1.3,0.13000000000000006,67.0,3.1402049594789894,0.14789094650205759
4,0.0,9,359.74518758743255,2000.0,0.0,564.0,69.50934074396874,14.720808764956866,1363.0,229.22318673881114,48.204969210205086,360.0,61.29993120978164,12.944851305265656,0.0,0.0,0.0,0.0,0.0,0.0
5,0.054,4,359.929641004878,2000.0,1000.0,568.0,68.86322772692569,13.669917980029625,1630.0,272.8810520396971,57.95385533116872,72.0,12.366521506721291,2.948505327390718,15.0,1.5000000000000002,0.15000000000000008,97.0,4.490740740740744,0.20790466392318205
