id,probability_maraud,successful_mating,next_foraging_time,x_pos,y_pos,foraging_events,foraging_hrs,foraging_sqhrs,staying_events,staying_hrs,staying_sqhrs,repairing_events,repairing_hrs,repairing_sqhrs,marauding_events,marauding_hrs,marauding_sqhrs,traveling_events,traveling_hrs,traveling_sqhrs
0,0.054,6,360.4049755027186,0.0,0.0,578.0,67.41362574281379,12.906626424950021,1341.0,221.4253662896657,46.48900996142765,398.0,66.99879905785025,14.048394600592674,11.0,1.0999999999999999,0.11000000000000004,68.0,3.1673247019617166,0.14789094650205756
1,0.054,7,360.5435794941887,0.0,1000.0,573.0,70.19094588171728,14.115999064845292,1453.0,246.79837771370964,53.73568454853428,222.0,36.75333995911814,7.525848715006861,18.0,1.8000000000000005,0.1800000000000001,97.0,4.58662350980859,0.21862139917695436
2,0.054,15,359.81824033764957,1000.0,0.0,577.0,70.9207331818767,14.252447702171041,1374.0,228.95762067485845,47.98438196981848,327.0,54.9402704858202,11.744515476524215,14.0,1.4000000000000001,0.14000000000000007,81.0,3.7883531076271373,0.17789780521261983
3,0.054,8,360.3784146652895,1000.0,1000.0,575.0,70.4123432482592,13.536829497946533,905.0,156.6502082633354,33.268237760030566,761.0,129.35825211780968,27.719493215906468,8.0,0.7999999999999999,0.08000000000000002,62.0,2.889546924183939,0.13503086419753088
4,0.0,9,360.3241817125,2000.0,0.0,569.0,68.76956871101319,13.638679668834941,1386.0,224.74904164971406,47.225780111440095,377.0,66.55107620886716,15.00801369021516,0.0,0.0,0.0,0.0,0.0,0.0
5,0.054,9,360.04784291197257,2000.0,1000.0,555.0,75.12836550069416,17.087361473825414,1468.0,243.2093326465462,51.23009408885569,221.0,36.24198085277874,7.582932399211034,14.0,1.4000000000000001,0.14000000000000007,91.0,4.232139516776534,0.19718792866940985
