id,probability_maraud,successful_mating,next_foraging_time,x_pos,y_pos,foraging_events,foraging_hrs,foraging_sqhrs,staying_events,staying_hrs,staying_sqhrs,repairing_events,repairing_hrs,repairing_sqhrs,marauding_events,marauding_hrs,marauding_sqhrs,traveling_events,traveling_hrs,traveling_sqhrs
0,0.0,8,360.16389545986056,0.0,0.0,568.0,66.26011898133754,13.232142980481061,1278.0,220.70655928444916,48.1285871615092,454.0,73.36727306106846,15.398624636446739,0.0,0.0,0.0,0.0,0.0,0.0
1,0.054,11,360.42705412036287,0.0,1000.0,559.0,73.05829929197598,16.168469387421545,1561.0,262.9948537592295,56.37921698085686,106.0,18.3131201095364,3.9570730070964752,15.0,1.5000000000000002,0.15000000000000008,90.0,4.185843220480237,0.19504458161865537
2,0.054,8,360.4139200633403,1000.0,0.0,552.0,73.70388901891656,16.56509228312792,1268.0,215.99952026754823,46.15009074817637,385.0,66.53493466826126,14.59344616389616,9.0,0.8999999999999999,0.09000000000000002,65.0,3.047612366886397,0.14360425240054867
3,0.054,9,360.3313959874423,1000.0,1000.0,572.0,68.42955094778041,14.739793839859159,1129.0,189.66399207961868,40.33638079985893,583.0,97.36704299794297,20.548242819788378,11.0,1.0999999999999999,0.11000000000000004,74.0,3.4834555873666324,0.16503772290809313
4,0.054,12,360.0928701213943,2000.0,0.0,565.0,73.93732493412627,16.35014737313824,1220.0,209.39948465427997,45.766805614329165,434.0,72.97351509223581,15.478110955334369,10.0,0.9999999999999999,0.10000000000000003,63.0,2.9550197742938042,0.13931755829903983
5,0.054,6,360.01282827624743,2000.0,1000.0,567.0,68.53516160330386,13.588631607782716,1454.0,243.08068184845007,51.83168849476499,253.0,42.60886471432673,9.023919488230266,16.0,1.6000000000000003,0.1600000000000001,90.0,4.205019774293806,0.19718792866940985
