id,probability_maraud,successful_mating,next_foraging_time,x_pos,y_pos,foraging_events,foraging_hrs,foraging_sqhrs,staying_events,staying_hrs,staying_sqhrs,repairing_events,repairing_hrs,repairing_sqhrs,marauding_events,marauding_hrs,marauding_sqhrs,traveling_events,traveling_hrs,traveling_sqhrs
0,0.054,10,360.61884791061834,0.0,0.0,583.0,65.75329060104032,12.328510658448552,1332.0,222.29162996217545,48.09192682829917,396.0,67.55849934317615,14.653937803328324,10.0,0.9999999999999999,0.10000000000000003,76.0,3.537695072332087,0.16503772290809313
1,0.054,6,360.21548337177626,0.0,1000.0,570.0,71.1218916302736,14.540550886727576,1423.0,234.11680919118936,48.73363384384257,305.0,49.85835009573736,10.098425820133357,11.0,1.0999999999999999,0.11000000000000004,82.0,3.8154728501098645,0.17789780521261983
2,0.054,8,360.05076849821546,1000.0,0.0,569.0,75.67350255539347,16.632996299774536,1118.0,188.97441666129677,40.77302609099872,540.0,91.0623851848207,19.273510567414373,14.0,1.4000000000000001,0.14000000000000007,65.0,3.0284358130728277,0.14146090534979422
3,0.054,14,360.122943393915,1000.0,1000.0,565.0,69.33072967402667,14.424074990386963,1416.0,236.40489881140445,50.74926275100807,289.0,48.697892150945265,10.320035859315217,13.0,1.3,0.13000000000000006,92.0,4.27843581307283,0.19933127572016426
4,0.054,8,360.21843474071983,2000.0,0.0,573.0,71.65463405183544,14.58358810791301,1507.0,246.58207178739661,51.89990996027947,202.0,36.57688650004923,8.282469682790808,12.0,1.2,0.12000000000000005,88.0,4.0740740740740735,0.18861454046639203
5,0.0,8,360.1254649203604,2000.0,1000.0,565.0,72.92078908958848,15.957371711630653,1337.0,223.1148194369682,46.979587064148745,384.0,64.05678720781363,13.893437737020493,0.0,0.0,0.0,0.0,0.0,0.0
