id,probability_maraud,successful_mating,next_foraging_time,x_pos,y_pos,foraging_events,foraging_hrs,foraging_sqhrs,staying_events,staying_hrs,staying_sqhrs,repairing_events,repairing_hrs,repairing_sqhrs,marauding_events,marauding_hrs,marauding_sqhrs,traveling_events,traveling_hrs,traveling_sqhrs
0,0.0,5,360.2392141983608,0.0,0.0,548.0,71.57069986576647,15.342192593403565,1365.0,235.1723124367126,50.902528467819494,318.0,53.39157221289003,11.454190312959872,0.0,0.0,0.0,0.0,0.0,0.0
1,0.054,8,360.1103150865497,0.0,1000.0,561.0,71.09628810199467,15.16198527717226,1503.0,253.88861958257584,53.94265972450859,191.0,30.576925513165914,6.4691928045178075,11.0,1.0999999999999999,0.11000000000000004,73.0,3.398806183443198,0.1586076817558298
2,0.054,12,360.2199184516268,1000.0,0.0,575.0,74.4362599348948,16.529139297241507,1347.0,223.73214449199426,47.227775432984416,349.0,57.75903082359289,12.03492504736202,10.0,0.9999999999999999,0.10000000000000003,68.0,3.1673247019617166,0.14789094650205756
3,0.054,12,359.9014430517856,1000.0,1000.0,564.0,73.14464248909138,16.09506677256171,1153.0,197.03962674934618,42.429740938727846,527.0,85.38536812272574,17.875126443356155,15.0,1.5000000000000002,0.15000000000000008,64.0,2.9821395167765314,0.13931755829903977
4,0.054,7,359.79987025983723,2000.0,0.0,556.0,71.50001077099891,15.059092766311089,1244.0,211.80778273862717,45.47306913179981,435.0,72.77080341953322,15.553787240951777,9.0,0.8999999999999999,0.09000000000000002,65.0,3.047612366886397,0.14360425240054867
5,0.054,10,360.1240366258168,2000.0,1000.0,558.0,70.65682005628987,14.827131079806197,1382.0,235.18440356977516,50.75562920693983,293.0,49.05849785759843,10.63586561243366,13.0,1.3,0.13000000000000006,84.0,3.946418550329595,0.18647119341563761
