id,probability_maraud,successful_mating,next_foraging_time,x_pos,y_pos,foraging_events,foraging_hrs,foraging_sqhrs,staying_events,staying_hrs,staying_sqhrs,repairing_events,repairing_hrs,repairing_sqhrs,marauding_events,marauding_hrs,marauding_sqhrs,traveling_events,traveling_hrs,traveling_sqhrs
0,0.054,9,360.31858705171936,0.0,0.0,566.0,68.93691034200151,13.768092548060563,1383.0,238.87882542796447,51.50174129502507,292.0,48.653483405013986,10.005131891302188,6.0,0.6,0.06000000000000001,64.0,2.9629629629629624,0.13717421124828533
1,0.054,6,360.2733497833316,0.0,1000.0,564.0,69.4748092369181,14.110156581223984,1471.0,249.0284565087218,53.90360855723804,224.0,36.42655662271189,7.825738937646105,14.0,1.4000000000000001,0.14000000000000007,85.0,3.9735382928123224,0.18647119341563764
2,0.0,10,360.2503716035946,1000.0,0.0,558.0,71.53991756793872,15.860051061535446,1251.0,209.37079939067536,44.443403452893826,472.0,79.18649718600447,16.70752363746901,0.0,0.0,0.0,0.0,0.0,0.0
3,0.054,12,360.450477049553,1000.0,1000.0,569.0,68.76980853741287,13.919300172922938,1400.0,238.02560006655008,51.47397243765345,285.0,48.721255261530715,10.42077338460209,9.0,0.8999999999999999,0.09000000000000002,77.0,3.603167922441952,0.16932441700960202
4,0.054,7,359.9937943117853,2000.0,0.0,561.0,67.67413718771088,13.767729862105158,1462.0,245.16701863633048,52.13039213427283,251.0,42.73967518205721,9.159204892051303,12.0,1.2,0.12000000000000005,71.0,3.3445666984777436,0.15860768175582982
5,0.054,10,360.27660376053393,2000.0,1000.0,562.0,71.37163961852264,14.48716210727182,1418.0,240.5556504939014,51.2672879671377,258.0,44.10495674803369,9.551742996263785,9.0,0.8999999999999999,0.09000000000000002,68.0,3.1481481481481475,0.1457475994513031
