id,probability_maraud,successful_mating,next_foraging_time,x_pos,y_pos,foraging_events,foraging_hrs,foraging_sqhrs,staying_events,staying_hrs,staying_sqhrs,repairing_events,repairing_hrs,repairing_sqhrs,marauding_events,marauding_hrs,marauding_sqhrs,traveling_events,traveling_hrs,traveling_sqhrs
0,0.054,5,360.30711491109724,0.0,0.0,569.0,66.50186481325804,12.396620888427355,1374.0,239.85150452344612,52.53488315582356,291.0,48.85046263326186,10.640139555818209,15.0,1.5000000000000002,0.15000000000000008,72.0,3.3333333333333326,0.1543209876543209
1,0.054,11,360.26897829729734,0.0,1000.0,568.0,71.8929838635995,15.02097243223261,1222.0,204.52615648170055,43.33848646634135,477.0,78.99626139553342,16.76028965335377,11.0,1.0999999999999999,0.11000000000000004,80.0,3.742056811330841,0.17575445816186536
2,0.0,8,359.9127256158894,1000.0,0.0,558.0,71.26865239846555,15.029359410866931,1166.0,199.60187087646514,43.06320289248512,543.0,89.16222825521402,18.464677794140055,0.0,0.0,0.0,0.0,0.0,0.0
3,0.054,13,360.35311954554396,1000.0,1000.0,557.0,71.76124602726004,15.774314437763048,1352.0,222.38913547486774,47.03195941364906,346.0,60.95133174968432,13.040645410688663,9.0,0.8999999999999999,0.09000000000000002,89.0,4.177900031811078,0.19718792866940985
4,0.054,10,360.0442562071723,2000.0,0.0,569.0,73.90941805298516,15.759245329586673,1473.0,249.65475565533396,53.04751297051634,188.0,30.655511204662474,6.4182736162978,15.0,1.5000000000000002,0.15000000000000008,93.0,4.305555555555557,0.19933127572016426
5,0.054,7,360.2978362709878,2000.0,1000.0,559.0,74.39426163964096,17.469031931217742,1294.0,220.0061197410574,47.7281278845105,375.0,61.24851149411186,12.814637347200055,12.0,1.2,0.12000000000000005,69.0,3.213620998258013,0.150034293552812
