id,probability_maraud,successful_mating,next_foraging_time,x_pos,y_pos,foraging_events,foraging_hrs,foraging_sqhrs,staying_events,staying_hrs,staying_sqhrs,repairing_events,repairing_hrs,repairing_sqhrs,marauding_events,marauding_hrs,marauding_sqhrs,traveling_events,traveling_hrs,traveling_sqhrs
0,0.054,1,360.1876415082238,0.0,0.0,574.0,71.97173386084565,15.13237113833233,1145.0,192.2486805980188,40.623359701377936,551.0,91.69303480187348,19.521897729461298,10.0,0.9999999999999999,0.10000000000000003,67.0,3.1402049594789894,0.14789094650205756
1,0.054,9,359.9553197705141,0.0,1000.0,582.0,71.19354656353427,14.00386007149173,1407.0,236.80852721905256,50.416034448661506,268.0,47.424776349719274,10.721068272249282,11.0,1.0999999999999999,0.11000000000000004,76.0,3.537695072332087,0.16503772290809313
2,0.054,12,360.5672407525091,1000.0,0.0,573.0,71.87716695769552,15.410951890488125,1476.0,246.61906912502857,52.33097417564506,216.0,36.41690876037414,7.7961321772789525,15.0,1.5000000000000002,0.15000000000000008,82.0,3.8538259577370026,0.18218449931412872
3,0.0,13,359.7997622287282,1000.0,1000.0,562.0,69.93809565917658,14.952643112181317,1171.0,199.11370202793563,42.65791893026003,544.0,90.98516843588273,19.355817043336266,0.0,0.0,0.0,0.0,0.0,0.0
4,0.054,9,360.1258413127997,2000.0,0.0,559.0,69.68938143387727,14.331532222773749,1295.0,218.33010447602388,46.400284728916205,407.0,66.91452879164883,14.225746511865767,13.0,1.3,0.13000000000000006,83.0,3.88094570021973,0.1821844993141287
5,0.054,10,360.25327801821504,2000.0,1000.0,563.0,70.34506001131552,14.403864729706912,1394.0,235.03446397104736,50.22609273490907,297.0,48.85459147139548,10.410183937221191,14.0,1.4000000000000001,0.14000000000000007,97.0,4.58662350980859,0.2186213991769544
