id,probability_maraud,successful_mating,next_foraging_time,x_pos,y_pos,foraging_events,foraging_hrs,foraging_sqhrs,staying_events,staying_hrs,staying_sqhrs,repairing_events,repairing_hrs,repairing_sqhrs,marauding_events,marauding_hrs,marauding_sqhrs,traveling_events,traveling_hrs,traveling_sqhrs
0,0.054,9,360.28811422089336,0.0,0.0,574.0,72.91495730970175,14.69430316484203,1379.0,232.28407962148492,49.47584835148103,277.0,48.73182861956662,10.476746974364104,20.0,2.0000000000000004,0.20000000000000012,87.0,4.104483993032054,0.1950445816186554
1,0.054,5,360.4894926458485,0.0,1000.0,561.0,68.87459234221225,14.350274016809287,1090.0,189.22418251206298,41.04710267581119,588.0,98.31741009837172,20.673037383905122,8.0,0.7999999999999999,0.08000000000000002,61.0,2.8432506278876426,0.13288751714677643
2,0.054,9,360.1371867198604,1000.0,0.0,568.0,71.32984008605597,15.551691228874821,1218.0,211.43776625665882,46.30102818983111,443.0,73.02351204817705,15.601368281351217,9.0,0.8999999999999999,0.09000000000000002,73.0,3.398806183443198,0.1586076817558298
3,0.054,11,360.0999602730332,1000.0,1000.0,564.0,74.3699082088079,15.894064066779386,1290.0,220.09508961586303,47.02781971813943,361.0,60.844672134507505,13.164411881254622,14.0,1.4000000000000001,0.14000000000000007,72.0,3.3716864409604708,0.1586076817558298
4,0.0,10,359.77935663292857,2000.0,0.0,565.0,71.80187701035408,14.46493640620249,1308.0,226.83832737146994,49.889474565046434,365.0,61.420708291192746,13.127536184287395,0.0,0.0,0.0,0.0,0.0,0.0
5,0.054,10,359.80976244547224,2000.0,1000.0,561.0,70.9119529642021,15.011022703965747,1494.0,247.6145275632126,53.3105425799161,203.0,36.59677133737803,8.332374724905588,11.0,1.0999999999999999,0.11000000000000004,82.0,3.8154728501098645,0.1778978052126198
