id,probability_maraud,successful_mating,next_foraging_time,x_pos,y_pos,foraging_events,foraging_hrs,foraging_sqhrs,staying_events,staying_hrs,staying_sqhrs,repairing_events,repairing_hrs,repairing_sqhrs,marauding_events,marauding_hrs,marauding_sqhrs,traveling_events,traveling_hrs,traveling_sqhrs
0,0.054,7,360.2265859211615,0.0,0.0,576.0,67.3935596335776,13.574503577815806,1381.0,233.47068744189065,51.0058999345172,318.0,54.956856929184354,11.595599027666367,11.0,1.0999999999999999,0.11000000000000004,69.0,3.213620998258013,0.15003429355281203
1,0.054,11,360.68912083775376,0.0,1000.0,558.0,70.55615285626311,14.540047689375678,1449.0,248.60686676052384,54.18289234702189,209.0,36.85014726439991,8.175134743181479,10.0,0.9999999999999999,0.10000000000000003,69.0,3.213620998258013,0.150034293552812
2,0.054,15,360.4366057776196,1000.0,0.0,562.0,74.41158527294303,16.94011553635403,1222.0,206.74088835623206,44.156070401786664,446.0,73.77502579330279,15.255715798319512,14.0,1.4000000000000001,0.14000000000000007,80.0,3.722880257517272,0.17361111111111094
3,0.0,7,360.5066412190207,1000.0,1000.0,560.0,70.26614052139081,14.737179510977413,1144.0,189.87315684819447,39.728671321673794,612.0,99.98070618593096,20.921429365503776,0.0,0.0,0.0,0.0,0.0,0.0
4,0.054,4,360.12072016246503,2000.0,0.0,577.0,69.91154231982475,13.678635840633408,1187.0,200.43986000964614,42.79802460775777,498.0,85.0846784988713,18.503476177803773,13.0,1.3,0.13000000000000006,71.0,3.3062135908506054,0.1543209876543209
5,0.054,10,360.39851029138083,2000.0,1000.0,575.0,72.18722817983345,15.44956537294133,1428.0,239.67493852296917,50.31741939227178,255.0,42.633885702015256,9.139542838777563,17.0,1.7000000000000004,0.1700000000000001,85.0,3.9543617389987533,0.18432784636488314
