id,probability_maraud,successful_mating,next_foraging_time,x_pos,y_pos,foraging_events,foraging_hrs,foraging_sqhrs,staying_events,staying_hrs,staying_sqhrs,repairing_events,repairing_hrs,repairing_sqhrs,marauding_events,marauding_hrs,marauding_sqhrs,traveling_events,traveling_hrs,traveling_sqhrs
0,0.054,5,360.4549010707444,0.0,0.0,567.0,72.41341546208089,14.673692021719743,1487.0,246.09669097677178,51.49231609961787,209.0,36.68551805778011,8.05239927794963,12.0,1.2,0.12000000000000005,82.0,3.8538259577370026,0.18218449931412875
1,0.054,8,359.83713374616235,0.0,1000.0,560.0,68.8954770216863,14.187452262570167,1284.0,220.63610997329997,48.14923353589658,414.0,66.82459359173045,13.761965077917955,10.0,0.9999999999999999,0.10000000000000003,60.0,2.7969543315913463,0.130744170096022
2,0.0,12,360.5304405019293,1000.0,0.0,563.0,70.58148723338675,14.641642073513603,1233.0,203.35694038434804,42.35982546030073,494.0,86.14801059526908,18.563645337023612,0.0,0.0,0.0,0.0,0.0,0.0
3,0.054,13,360.1238367188327,1000.0,1000.0,572.0,66.76991306091696,12.363048098026578,1418.0,239.32200529455628,51.16022750268363,304.0,48.64624583513352,9.79833893530514,16.0,1.6000000000000003,0.1600000000000001,81.0,3.769176553813568,0.17575445816186536
4,0.054,10,360.1968176541417,2000.0,0.0,569.0,71.92141016568085,15.261192851011273,1451.0,246.2510651496647,53.55807472049766,222.0,37.076399817201676,7.869055942917802,11.0,1.0999999999999999,0.11000000000000004,84.0,3.927241996516026,0.18432784636488317
5,0.054,6,360.186327244645,2000.0,1000.0,555.0,73.99005693745262,16.743079849983495,1174.0,202.79778307656363,44.35569337472363,458.0,79.3077341029163,17.426773390739655,9.0,0.8999999999999999,0.09000000000000002,65.0,3.047612366886397,0.14360425240054867
