id,probability_maraud,successful_mating,next_foraging_time,x_pos,y_pos,foraging_events,foraging_hrs,foraging_sqhrs,staying_events,staying_hrs,staying_sqhrs,repairing_events,repairing_hrs,repairing_sqhrs,marauding_events,marauding_hrs,marauding_sqhrs,traveling_events,traveling_hrs,traveling_sqhrs
0,0.054,6,360.1086791767663,0.0,0.0,576.0,68.09095042732496,13.614373083699014,1625.0,274.1190693474313,59.305668403892454,69.0,12.278458572126805,2.7139014310368004,12.0,1.2,0.12000000000000005,94.0,4.390204959478993,0.20576131687242763
1,0.0,3,359.96733021254505,0.0,1000.0,567.0,70.81167293411123,14.856220863430618,1325.0,221.60759503125507,47.926550635294994,401.0,67.67915656462247,14.692043879795301,0.0,0.0,0.0,0.0,0.0,0.0
2,0.054,8,360.20754451827906,1000.0,0.0,562.0,76.05845499187903,17.148149521088488,1200.0,201.13485483255235,42.40136754458373,455.0,79.41616134669113,16.899758504318534,9.0,0.8999999999999999,0.09000000000000002,54.0,2.5191765538135686,0.11788408779149526
3,0.054,16,360.30789120100513,1000.0,1000.0,559.0,69.12885938858074,14.304144395020105,1304.0,218.9815759988196,45.70583224088833,406.0,67.46318760120066,14.388186797723371,14.0,1.4000000000000001,0.14000000000000007,70.0,3.259917294554309,0.15217764060356645
4,0.054,13,360.58409829784694,2000.0,0.0,560.0,73.63320133751047,15.95127202444098,1342.0,232.88268077735873,51.06419101440778,282.0,48.710064516272254,10.61571819713531,14.0,1.4000000000000001,0.14000000000000007,74.0,3.4451024797394942,0.16075102880658423
5,0.054,8,360.43815451142365,2000.0,1000.0,586.0,73.28018162844886,14.865031023420599,1139.0,191.53592076661428,40.31020730517062,544.0,91.05954129358962,19.268825789081713,11.0,1.0999999999999999,0.11000000000000004,66.0,3.074732109369124,0.14360425240054867
