id,probability_maraud,successful_mating,next_foraging_time,x_pos,y_pos,foraging_events,foraging_hrs,foraging_sqhrs,staying_events,staying_hrs,staying_sqhrs,repairing_events,repairing_hrs,repairing_sqhrs,marauding_events,marauding_hrs,marauding_sqhrs,traveling_events,traveling_hrs,traveling_sqhrs
0,0.0,9,360.1573732225082,0.0,0.0,564.0,72.72295585301309,14.089463580842384,1456.0,244.9684291006253,52.40842914790287,245.0,42.63639436307244,9.52183739595398,0.0,0.0,0.0,0.0,0.0,0.0
1,0.054,11,359.8791657337325,0.0,100.0,572.0,68.52576254589448,13.579813591823843,1737.0,289.2314379659029,60.925599760386405,0.0,0.0,0.0,17.0,1.7000000000000004,0.1700000000000001,117.0,0.6145375711582307,0.0033221879286694134
2,0.0,8,359.8624083192892,100.0,0.0,561.0,69.54533397811853,14.77703804859548,1473.0,258.29862696021115,57.13026103003358,198.0,32.24807673104971,6.80949020326273,0.0,0.0,0.0,0.0,0.0,0.0
3,0.0,8,360.05400121050513,100.0,100.0,561.0,68.71215635047085,14.378260016399947,1613.0,266.5200171735274,56.19654487229056,136.0,24.781032358377185,5.694320150314712,0.0,0.0,0.0,0.0,0.0,0.0
