id,probability_maraud,successful_mating,next_foraging_time,x_pos,y_pos,foraging_events,foraging_hrs,foraging_sqhrs,staying_events,staying_hrs,staying_sqhrs,repairing_events,repairing_hrs,repairing_sqhrs,marauding_events,marauding_hrs,marauding_sqhrs,traveling_events,traveling_hrs,traveling_sqhrs
0,0.054,7,359.9307210703446,0.0,0.0,557.0,71.1892573807301,15.391173111982182,1668.0,287.14091842807215,62.22024747262957,0.0,0.0,0.0,13.0,1.3,0.13000000000000006,93.0,0.48616756161490693,0.0026148834019204398
1,0.0,12,359.9910136886004,0.0,100.0,577.0,68.8702280245745,14.49595010485003,1641.0,278.91771659259683,59.87640072127364,80.0,12.271743365812378,2.390421025769991,0.0,0.0,0.0,0.0,0.0,0.0
2,0.0,11,360.36246726227586,100.0,0.0,573.0,68.76454172794743,13.521992645687654,1603.0,273.3028874524859,58.49817481571267,112.0,18.10119002441497,3.9915841605389417,0.0,0.0,0.0,0.0,0.0,0.0
3,0.0,6,360.014743393625,100.0,100.0,573.0,72.4908424192197,16.152322245510657,1396.0,239.10311960074773,51.71419179576552,289.0,48.4973472849806,10.111147850772975,0.0,0.0,0.0,0.0,0.0,0.0
