id,probability_maraud,successful_mating,next_foraging_time,x_pos,y_pos,foraging_events,foraging_hrs,foraging_sqhrs,staying_events,staying_hrs,staying_sqhrs,repairing_events,repairing_hrs,repairing_sqhrs,marauding_events,marauding_hrs,marauding_sqhrs,traveling_events,traveling_hrs,traveling_sqhrs
0,0.0,12,360.796289083468,0.0,0.0,563.0,67.71583615318973,14.527618651375043,1673.0,279.93810742046185,59.84987285673464,72.0,12.500693783295773,2.7240053243341507,0.0,0.0,0.0,0.0,0.0,0.0
1,0.0,9,359.87252595773356,0.0,100.0,576.0,70.23787739986437,13.387193341018946,1448.0,241.14448889698735,50.55748538179732,295.0,48.61940379608078,10.339100332753775,0.0,0.0,0.0,0.0,0.0,0.0
2,0.0,11,360.2147378103988,100.0,0.0,569.0,69.14762750130869,14.114878533213057,1457.0,248.0903691422025,53.35747220681344,273.0,42.860006350099276,8.42695724791053,0.0,0.0,0.0,0.0,0.0,0.0
3,0.054,4,360.04459188016904,100.0,100.0,552.0,68.77814331192292,14.549172420426032,1705.0,289.0286748607926,62.26641696057254,0.0,0.0,0.0,17.0,1.7000000000000004,0.1700000000000001,100.0,0.5166573136409576,0.0027434842249657084
