id,probability_maraud,successful_mating,next_foraging_time,x_pos,y_pos,foraging_events,foraging_hrs,foraging_sqhrs,staying_events,staying_hrs,staying_sqhrs,repairing_events,repairing_hrs,repairing_sqhrs,marauding_events,marauding_hrs,marauding_sqhrs,traveling_events,traveling_hrs,traveling_sqhrs
0,0.0,12,360.8009189823175,0.0,0.0,575.0,71.06104509014375,14.504721333103436,1565.0,264.44241282010296,56.782983233793324,141.0,24.659114924008513,5.268864522109041,0.0,0.0,0.0,0.0,0.0,0.0
1,0.054,10,360.4843458597239,0.0,100.0,579.0,68.05891433850739,13.07195487886942,1685.0,290.01851156888495,62.63638362444836,0.0,0.0,0.0,14.0,1.4000000000000001,0.14000000000000007,116.0,0.6310021507235273,0.0035365226337448603
2,0.0,5,360.3086483984827,100.0,0.0,582.0,69.8889396721017,13.450285146593407,1561.0,259.82289421722,54.85611826223047,178.0,30.382218463282634,6.279125600890806,0.0,0.0,0.0,0.0,0.0,0.0
3,0.0,9,359.99280873448845,100.0,100.0,559.0,72.88659999564734,15.406791015732095,1526.0,256.81749283441593,53.9944455747383,177.0,30.329182434017426,6.6072199909069695,0.0,0.0,0.0,0.0,0.0,0.0
