id,probability_maraud,successful_mating,next_foraging_time,x_pos,y_pos,foraging_events,foraging_hrs,foraging_sqhrs,staying_events,staying_hrs,staying_sqhrs,repairing_events,repairing_hrs,repairing_sqhrs,marauding_events,marauding_hrs,marauding_sqhrs,traveling_events,traveling_hrs,traveling_sqhrs
0,0.0,10,360.73456148784845,0.0,0.0,562.0,69.08068027299473,13.915239073269197,1615.0,272.36809035384664,58.49925778692871,109.0,18.689330919903515,4.104307860069714,0.0,0.0,0.0,0.0,0.0,0.0
1,0.054,13,360.21324421111825,0.0,100.0,555.0,70.22827101954915,14.753967608555994,1705.0,287.86704517441063,61.96090450120704,0.0,0.0,0.0,14.0,1.4000000000000001,0.14000000000000007,99.0,0.5139453393926847,0.002743484224965708
2,0.0,4,360.15707531531694,100.0,0.0,561.0,72.47042946080421,15.550285542458353,1469.0,250.9685676118027,54.10566846926697,212.0,36.82985396731743,7.992665878014835,0.0,0.0,0.0,0.0,0.0,0.0
3,0.0,9,360.2585005375973,100.0,100.0,559.0,68.55022851514643,14.15441474154833,1538.0,261.02493316933595,56.45114974854155,176.0,30.60901628879119,6.83042070099388,0.0,0.0,0.0,0.0,0.0,0.0
