id,probability_maraud,successful_mating,next_foraging_time,x_pos,y_pos,foraging_events,foraging_hrs,foraging_sqhrs,staying_events,staying_hrs,staying_sqhrs,repairing_events,repairing_hrs,repairing_sqhrs,marauding_events,marauding_hrs,marauding_sqhrs,traveling_events,traveling_hrs,traveling_sqhrs
0,0.0,6,360.1251840580827,0.0,0.0,564.0,75.38769769285412,15.879757336607977,1346.0,230.0264883970007,49.859463114875396,326.0,54.771678292802186,11.797249216578356,0.0,0.0,0.0,0.0,0.0,0.0
1,0.054,10,360.66220335575264,0.0,100.0,559.0,70.82490993896431,15.047728908972331,1708.0,286.75623701733866,61.36045158023713,0.0,0.0,0.0,19.0,1.9000000000000006,0.1900000000000001,102.0,0.5278342282815737,0.0028077846364883414
2,0.0,10,359.93838702730983,100.0,0.0,562.0,69.95451027906775,13.920229118366908,1612.0,271.70909166146913,58.402298605272044,101.0,18.341738872698592,4.117264149596139,0.0,0.0,0.0,0.0,0.0,0.0
3,0.0,10,360.3154843862268,100.0,100.0,551.0,71.55826216240247,15.846036660117969,1456.0,245.75153916576568,53.038405718585665,271.0,42.80453872252202,8.838727281110382,0.0,0.0,0.0,0.0,0.0,0.0
