id,probability_maraud,successful_mating,next_foraging_time,x_pos,y_pos,foraging_events,foraging_hrs,foraging_sqhrs,staying_events,staying_hrs,staying_sqhrs,repairing_events,repairing_hrs,repairing_sqhrs,marauding_events,marauding_hrs,marauding_sqhrs,traveling_events,traveling_hrs,traveling_sqhrs
0,0.0,6,360.1812112789968,0.0,0.0,565.0,70.85418584306771,14.934178142878768,1419.0,240.5237244845294,50.80824817596521,293.0,48.63568552765239,9.968626124372179,0.0,0.0,0.0,0.0,0.0,0.0
1,0.0,13,360.257855696959,0.0,100.0,566.0,67.52398924366695,13.465996633564156,1487.0,250.02876098222936,53.38386722786674,251.0,42.47439154944263,9.08319661794387,0.0,0.0,0.0,0.0,0.0,0.0
2,0.0,5,360.09666530417235,100.0,0.0,569.0,70.8533985099516,14.497162512530554,1521.0,255.98243102001032,54.816514628799354,194.0,33.306963229224586,7.32075794049049,0.0,0.0,0.0,0.0,0.0,0.0
3,0.054,12,359.887735824681,100.0,100.0,548.0,71.19001316149394,14.690253592387737,1704.0,286.3061033368381,60.78937725884577,0.0,0.0,0.0,21.0,2.1000000000000005,0.21000000000000013,95.0,0.49926213163688016,0.0027006172839506197
