id,probability_maraud,successful_mating,next_foraging_time,x_pos,y_pos,foraging_events,foraging_hrs,foraging_sqhrs,staying_events,staying_hrs,staying_sqhrs,repairing_events,repairing_hrs,repairing_sqhrs,marauding_events,marauding_hrs,marauding_sqhrs,traveling_events,traveling_hrs,traveling_sqhrs
0,0.0,8,359.9639380910544,0.0,0.0,570.0,69.39394570891311,14.245560853268726,1363.0,229.75795751772492,49.365454398206246,360.0,60.99729495555238,13.252218611048482,0.0,0.0,0.0,0.0,0.0,0.0
1,0.054,12,360.20490466688466,0.0,100.0,562.0,71.91135318678725,15.943563663813986,1654.0,285.44269605949717,61.64414604954169,0.0,0.0,0.0,23.0,2.3000000000000007,0.23000000000000015,90.0,0.4626903958192332,0.002443415637860082
2,0.0,7,360.3239639855137,100.0,0.0,563.0,70.54800249923552,15.049375208825758,1419.0,240.62453960301278,50.9665676715269,286.0,49.067363262061825,10.499806010917764,0.0,0.0,0.0,0.0,0.0,0.0
3,0.0,9,360.15733154133363,100.0,100.0,564.0,73.80507079420984,16.184200257327717,1524.0,255.92459197519335,54.65364023502717,179.0,30.357199216700685,6.754743089243205,0.0,0.0,0.0,0.0,0.0,0.0
