id,probability_maraud,successful_mating,next_foraging_time,x_pos,y_pos,foraging_events,foraging_hrs,foraging_sqhrs,staying_events,staying_hrs,staying_sqhrs,repairing_events,repairing_hrs,repairing_sqhrs,marauding_events,marauding_hrs,marauding_sqhrs,traveling_events,traveling_hrs,traveling_sqhrs
0,0.0,10,359.7928252279782,0.0,0.0,573.0,65.0632127561275,12.24882360262818,1536.0,258.5113323993694,55.467588894065806,218.0,36.42589864245375,7.636163729752487,0.0,0.0,0.0,0.0,0.0,0.0
1,0.0,11,360.14811750894967,0.0,100.0,565.0,72.24325006938204,15.308990365469363,1454.0,238.65792842348128,50.106575251979905,292.0,49.2270422533793,10.51999196077366,0.0,0.0,0.0,0.0,0.0,0.0
2,0.054,8,360.2520814928905,100.0,0.0,577.0,72.50610480733216,15.190104517642418,1709.0,285.3945400674891,59.54623683320461,0.0,0.0,0.0,17.0,1.7000000000000004,0.1700000000000001,107.0,0.5835825179127895,0.003279320987654323
3,0.0,7,360.1873330116071,100.0,100.0,561.0,69.77795764196047,13.795836456562606,1627.0,271.7496294968144,58.383626431644565,115.0,18.478229300946065,3.892104491844973,0.0,0.0,0.0,0.0,0.0,0.0
