id,probability_maraud,successful_mating,next_foraging_time,x_pos,y_pos,foraging_events,foraging_hrs,foraging_sqhrs,staying_events,staying_hrs,staying_sqhrs,repairing_events,repairing_hrs,repairing_sqhrs,marauding_events,marauding_hrs,marauding_sqhrs,traveling_events,traveling_hrs,traveling_sqhrs
0,0.0,4,360.7524914079065,0.0,0.0,566.0,68.81957014022076,14.068005501263343,1464.0,248.53661724164442,53.11676103126403,247.0,42.92422035847301,9.22477003195918,0.0,0.0,0.0,0.0,0.0,0.0
1,0.0,8,360.43074696722937,0.0,100.0,552.0,71.60489324636669,15.109567969670577,1495.0,251.59076078489824,53.991342445067616,216.0,36.81991735002002,8.081133906524729,0.0,0.0,0.0,0.0,0.0,0.0
2,0.054,13,360.3277846146899,100.0,0.0,573.0,74.60675185594481,16.626782264317114,1691.0,282.86995429676307,60.05252847439344,0.0,0.0,0.0,21.0,2.1000000000000005,0.21000000000000013,97.0,0.5066037355147823,0.002722050754458164
3,0.0,11,360.3773790764164,100.0,100.0,562.0,66.3297587366367,12.898690600619238,1457.0,245.366452620029,51.624405725678706,278.0,48.42577999672315,10.546955946606023,0.0,0.0,0.0,0.0,0.0,0.0
