id,probability_maraud,successful_mating,next_foraging_time,x_pos,y_pos,foraging_events,foraging_hrs,foraging_sqhrs,staying_events,staying_hrs,staying_sqhrs,repairing_events,repairing_hrs,repairing_sqhrs,marauding_events,marauding_hrs,marauding_sqhrs,traveling_events,traveling_hrs,traveling_sqhrs
0,0.054,11,360.2471599930037,0.0,0.0,574.0,67.25168199466847,13.303953192879886,1760.0,290.745858053391,61.48256711242217,0.0,0.0,0.0,17.0,1.7000000000000004,0.1700000000000001,96.0,0.5019741058851528,0.002700617283950619
1,0.0,4,360.15853636440477,0.0,100.0,566.0,71.50384835996003,15.45520199445588,1397.0,233.66966728859953,50.03482522994751,335.0,54.91730512521344,11.541048824412927,0.0,0.0,0.0,0.0,0.0,0.0
2,0.0,7,360.610773807837,100.0,0.0,568.0,71.61797531957602,15.097848437420703,1479.0,251.68145297379945,54.58912368649335,209.0,36.74116803136256,8.208893163562411,0.0,0.0,0.0,0.0,0.0,0.0
3,0.0,14,360.43814424082257,100.0,100.0,574.0,70.60181864430469,14.267612309675803,1685.0,277.70779563509035,58.24970591234337,72.0,12.059436722049023,2.4930854022659465,0.0,0.0,0.0,0.0,0.0,0.0
