id,probability_maraud,successful_mating,next_foraging_time,x_pos,y_pos,foraging_events,foraging_hrs,foraging_sqhrs,staying_events,staying_hrs,staying_sqhrs,repairing_events,repairing_hrs,repairing_sqhrs,marauding_events,marauding_hrs,marauding_sqhrs,traveling_events,traveling_hrs,traveling_sqhrs
0,0.0,9,360.54329489554465,0.0,0.0,557.0,73.93536159219673,16.539472235368127,1504.0,255.7786777771459,55.067478877321285,189.0,30.41474285082428,6.198219135855218,0.0,0.0,0.0,0.0,0.0,0.0
1,0.0,6,360.28115654626737,0.0,100.0,562.0,70.79956174247211,15.434629530562615,1442.0,246.4227231918351,53.3000205123065,242.0,42.80904107199701,9.526250411011617,0.0,0.0,0.0,0.0,0.0,0.0
2,0.054,7,359.91697684022785,100.0,0.0,561.0,73.5076464866945,15.595874709010419,1713.0,284.21477662588364,60.43484938651915,0.0,0.0,0.0,18.0,1.8000000000000005,0.1800000000000001,95.0,0.5107680639250216,0.0028292181069958875
3,0.0,14,360.05956070154554,100.0,100.0,572.0,67.74040828902046,13.253829688326478,1496.0,255.98988553674909,54.66514106270615,217.0,36.410367624286835,7.81413498356312,0.0,0.0,0.0,0.0,0.0,0.0
