id,probability_maraud,successful_mating,next_foraging_time,x_pos,y_pos,foraging_events,foraging_hrs,foraging_sqhrs,staying_events,staying_hrs,staying_sqhrs,repairing_events,repairing_hrs,repairing_sqhrs,marauding_events,marauding_hrs,marauding_sqhrs,traveling_events,traveling_hrs,traveling_sqhrs
0,0.0,11,360.64656221594845,0.0,0.0,563.0,71.8834518362135,15.738588046952035,1583.0,263.8338146691744,55.99745022458318,146.0,24.330079929075026,5.041389738398758,0.0,0.0,0.0,0.0,0.0,0.0
1,0.0,6,360.1622086796221,0.0,100.0,567.0,69.25738373891055,13.691633592639718,1461.0,247.67530814688038,53.46043531921206,276.0,43.131660378960746,8.732700044427663,0.0,0.0,0.0,0.0,0.0,0.0
2,0.054,14,360.40326746286263,100.0,0.0,564.0,69.62730539879266,13.862697676414179,1682.0,288.28374871037727,62.475782063217665,0.0,0.0,0.0,17.0,1.7000000000000004,0.1700000000000001,80.0,0.4029705118534384,0.0020790466392318235
3,0.0,5,360.519439084907,100.0,100.0,551.0,68.96037233990054,14.173515909026252,1519.0,254.46961461932676,54.480974789387616,210.0,36.62929656079168,8.273937801573657,0.0,0.0,0.0,0.0,0.0,0.0
