id,probability_maraud,successful_mating,next_foraging_time,x_pos,y_pos,foraging_events,foraging_hrs,foraging_sqhrs,staying_events,staying_hrs,staying_sqhrs,repairing_events,repairing_hrs,repairing_sqhrs,marauding_events,marauding_hrs,marauding_sqhrs,traveling_events,traveling_hrs,traveling_sqhrs
0,0.0,6,360.681810297622,0.0,0.0,568.0,71.07268458095919,14.666550960183843,1478.0,252.2626231072164,54.81559099759861,212.0,36.66972283364071,8.028365610550848,0.0,0.0,0.0,0.0,0.0,0.0
1,0.054,11,360.1334908988786,0.0,100.0,569.0,71.44551665642186,14.859845970975195,1690.0,286.1871859105177,61.569170775110656,0.0,0.0,0.0,20.0,2.0000000000000004,0.20000000000000012,112.0,0.5952247337727963,0.0032578875171467795
2,0.0,8,360.3700858377843,100.0,0.0,571.0,71.41066681997626,14.933041521675253,1451.0,239.80874181152404,50.17869576389913,294.0,48.877314769076705,10.709622975693176,0.0,0.0,0.0,0.0,0.0,0.0
3,0.0,11,360.2731510227735,100.0,100.0,576.0,69.99055282473478,14.074629169195408,1521.0,253.49989858329792,53.73013367834761,213.0,36.587594036397455,8.13526211134287,0.0,0.0,0.0,0.0,0.0,0.0
