id,probability_maraud,successful_mating,next_foraging_time,x_pos,y_pos,foraging_events,foraging_hrs,foraging_sqhrs,staying_events,staying_hrs,staying_sqhrs,repairing_events,repairing_hrs,repairing_sqhrs,marauding_events,marauding_hrs,marauding_sqhrs,traveling_events,traveling_hrs,traveling_sqhrs
0,0.0,8,360.022777624125,0.0,0.0,563.0,72.56736006334647,15.42621412918563,1532.0,263.0526285120756,57.01176962316584,150.0,24.45128226277487,4.967303254181003,0.0,0.0,0.0,0.0,0.0,0.0
1,0.0,5,360.34991214947866,0.0,100.0,552.0,68.7959305512085,14.644014669176228,1521.0,259.56393913511334,57.01947774987051,193.0,31.857680054400767,6.562610109520233,0.0,0.0,0.0,0.0,0.0,0.0
2,0.0,9,361.07147594994444,100.0,0.0,563.0,70.40586212502747,15.501849839357686,1595.0,265.6746069091457,56.962492715686786,137.0,24.290116975358384,5.538472691323614,0.0,0.0,0.0,0.0,0.0,0.0
3,0.054,14,360.4845528596863,100.0,100.0,570.0,70.31142406434812,14.177889193868692,1693.0,288.0839874914353,61.63839194721432,0.0,0.0,0.0,14.0,1.4000000000000001,0.14000000000000007,89.0,0.4829902861472439,0.002700617283950619
