id,probability_maraud,successful_mating,next_foraging_time,x_pos,y_pos,foraging_events,foraging_hrs,foraging_sqhrs,staying_events,staying_hrs,staying_sqhrs,repairing_events,repairing_hrs,repairing_sqhrs,marauding_events,marauding_hrs,marauding_sqhrs,traveling_events,traveling_hrs,traveling_sqhrs
0,0.0,14,360.40434020953586,0.0,0.0,553.0,69.8254949908435,15.540816258931436,1543.0,265.623605192136,57.4598481960637,146.0,24.618145312483914,5.115381405162893,0.0,0.0,0.0,0.0,0.0,0.0
1,0.0,7,360.1020413719382,0.0,100.0,578.0,70.4099505776715,14.378496805132228,1580.0,262.64647815414565,54.67241933529332,156.0,27.074315795037382,5.982614855386726,0.0,0.0,0.0,0.0,0.0,0.0
2,0.054,6,360.124645994882,100.0,0.0,568.0,68.36373548368589,13.825494886725853,1686.0,290.37557245554854,63.20612020415318,0.0,0.0,0.0,10.0,0.9999999999999999,0.10000000000000003,69.0,0.35204458592751225,0.0018432784636488323
3,0.0,9,360.22221706477,100.0,100.0,566.0,70.01105640687602,13.917739227391632,1700.0,283.8536583082268,61.09431416782141,37.0,6.175448840287351,1.2908568974897192,0.0,0.0,0.0,0.0,0.0,0.0
