id,probability_maraud,successful_mating,next_foraging_time,x_pos,y_pos,foraging_events,foraging_hrs,foraging_sqhrs,staying_events,staying_hrs,staying_sqhrs,repairing_events,repairing_hrs,repairing_sqhrs,marauding_events,marauding_hrs,marauding_sqhrs,traveling_events,traveling_hrs,traveling_sqhrs
0,0.0,7,360.71239821274276,0.0,0.0,570.0,69.7211349108707,14.361845159042195,1660.0,278.4024367106216,59.63115917657781,74.0,12.08511972097625,2.5284796706733714,0.0,0.0,0.0,0.0,0.0,0.0
1,0.0,7,360.081148699524,0.0,100.0,564.0,75.26200613523886,16.923149961034923,1522.0,254.29101323680013,54.418117908442035,169.0,30.466286016001654,6.851826528555052,0.0,0.0,0.0,0.0,0.0,0.0
2,0.054,13,360.05349813596854,100.0,0.0,572.0,72.81368187973666,15.824767185984275,1696.0,285.62402174151686,60.97347400082279,0.0,0.0,0.0,12.0,1.2,0.12000000000000005,82.0,0.4218180480194823,0.0022290809327846365
3,0.0,9,360.44214078951995,100.0,100.0,561.0,70.16016579676158,15.11175887738819,1523.0,258.98599417212137,55.656097039154396,173.0,30.938212250753235,6.773781495319393,0.0,0.0,0.0,0.0,0.0,0.0
