id,probability_maraud,successful_mating,next_foraging_time,x_pos,y_pos,foraging_events,foraging_hrs,foraging_sqhrs,staying_events,staying_hrs,staying_sqhrs,repairing_events,repairing_hrs,repairing_sqhrs,marauding_events,marauding_hrs,marauding_sqhrs,traveling_events,traveling_hrs,traveling_sqhrs
0,0.0,11,360.06343456204587,0.0,0.0,566.0,70.29718473981752,14.75913213475814,1556.0,259.21299538264253,54.854232549767126,171.0,30.505372452504545,6.680880432009928,0.0,0.0,0.0,0.0,0.0,0.0
1,0.0,9,360.16777645401334,0.0,100.0,567.0,71.16766130537438,15.068694568567118,1620.0,270.3582724385443,57.139491221377185,100.0,18.474857080355953,4.208118603885923,0.0,0.0,0.0,0.0,0.0,0.0
2,0.054,12,360.00417097418455,100.0,0.0,573.0,68.47242366307606,13.398234416265797,1719.0,289.69061148700285,61.92771694008913,0.0,0.0,0.0,15.0,1.5000000000000002,0.15000000000000008,80.0,0.41831175490429384,0.0022505144032921804
3,0.0,4,359.97627251591047,100.0,100.0,573.0,70.47543527415505,14.68647163223185,1475.0,246.746114879906,52.44363992125001,264.0,42.84711671404279,8.912727965536503,0.0,0.0,0.0,0.0,0.0,0.0
