id,probability_maraud,successful_mating,next_foraging_time,x_pos,y_pos,foraging_events,foraging_hrs,foraging_sqhrs,staying_events,staying_hrs,staying_sqhrs,repairing_events,repairing_hrs,repairing_sqhrs,marauding_events,marauding_hrs,marauding_sqhrs,traveling_events,traveling_hrs,traveling_sqhrs
0,0.0,10,359.6912746613957,0.0,0.0,558.0,67.81040433364785,14.192619539638285,1536.0,261.8039974214673,56.75170959063893,180.0,30.42120823324572,6.535593594775427,0.0,0.0,0.0,0.0,0.0,0.0
1,0.0,7,359.9433197280749,0.0,100.0,571.0,66.59197261616558,12.844785638201815,1519.0,250.2025133917083,52.62126260572781,268.0,43.32494562502407,8.936491580111227,0.0,0.0,0.0,0.0,0.0,0.0
2,0.054,11,359.93577390958427,100.0,0.0,566.0,69.1914099520723,13.56973762489821,1704.0,288.5166215667576,61.7688811073331,0.0,0.0,0.0,18.0,1.8000000000000005,0.1800000000000001,99.0,0.5235336162994693,0.002850651577503432
3,0.0,8,360.2166679736938,100.0,100.0,557.0,73.31184760931117,15.385858164321215,1497.0,250.23348470097662,53.106794047731995,233.0,36.65771120964767,7.175461485679219,0.0,0.0,0.0,0.0,0.0,0.0
