id,probability_maraud,successful_mating,next_foraging_time,x_pos,y_pos,foraging_events,foraging_hrs,foraging_sqhrs,staying_events,staying_hrs,staying_sqhrs,repairing_events,repairing_hrs,repairing_sqhrs,marauding_events,marauding_hrs,marauding_sqhrs,traveling_events,traveling_hrs,traveling_sqhrs
0,0.0,9,360.3860757945438,0.0,0.0,565.0,69.88989149439381,14.066115050391149,1581.0,271.95155729740287,58.86196380321223,109.0,18.366544816838164,3.857897766431024,0.0,0.0,0.0,0.0,0.0,0.0
1,0.0,10,360.1839374538379,0.0,100.0,562.0,68.3131990974442,13.99946323376981,1560.0,271.32165380576544,58.909754584321696,119.0,20.384952589465783,4.453640140192329,0.0,0.0,0.0,0.0,0.0,0.0
2,0.054,5,360.31873689819446,100.0,0.0,556.0,69.55183951947565,14.170428092707951,1674.0,289.03972510683633,61.955495162620906,0.0,0.0,0.0,11.0,1.0999999999999999,0.11000000000000004,94.0,0.49271484662589343,0.00265775034293553
3,0.0,12,360.1369018080316,100.0,100.0,560.0,70.07672652752787,15.157997344046994,1560.0,265.6993443536503,56.25297127289835,131.0,24.376540691879512,5.53331206645883,0.0,0.0,0.0,0.0,0.0,0.0
