id,probability_maraud,successful_mating,next_foraging_time,x_pos,y_pos,foraging_events,foraging_hrs,foraging_sqhrs,staying_events,staying_hrs,staying_sqhrs,repairing_events,repairing_hrs,repairing_sqhrs,marauding_events,marauding_hrs,marauding_sqhrs,traveling_events,traveling_hrs,traveling_sqhrs
0,0.0,7,360.2302858782874,0.0,0.0,553.0,66.96696202620987,13.66183231311058,1482.0,256.82246995090657,55.980904712141566,219.0,36.39837370474304,7.616346065177632,0.0,0.0,0.0,0.0,0.0,0.0
1,0.054,12,359.9262620791672,0.0,100.0,574.0,69.0015868732076,14.17503862798135,1693.0,288.7947197847146,62.88647666590527,0.0,0.0,0.0,18.0,1.8000000000000005,0.1800000000000001,99.0,0.531204237824897,0.002936385459533609
2,0.0,9,360.2199288444624,100.0,0.0,564.0,69.53149719880781,14.545205421467513,1535.0,253.89921375959364,53.394812612676105,209.0,36.789892687517984,8.069057314514101,0.0,0.0,0.0,0.0,0.0,0.0
3,0.0,8,360.2232750099366,100.0,100.0,575.0,72.56687857346583,14.979320188745726,1464.0,251.00493728576234,54.624623126098186,210.0,36.60715071215843,8.0060606380316,0.0,0.0,0.0,0.0,0.0,0.0
