id,probability_maraud,successful_mating,next_foraging_time,x_pos,y_pos,foraging_events,foraging_hrs,foraging_sqhrs,staying_events,staying_hrs,staying_sqhrs,repairing_events,repairing_hrs,repairing_sqhrs,marauding_events,marauding_hrs,marauding_sqhrs,traveling_events,traveling_hrs,traveling_sqhrs
0,0.054,12,360.7282845250997,0.0,0.0,569.0,69.14121608574396,14.183336628269995,1696.0,288.15706273907404,62.3432817321996,0.0,0.0,0.0,21.0,2.1000000000000005,0.21000000000000013,119.0,0.6161262088920624,0.0032793209876543256
1,0.0,10,360.07414718957324,0.0,100.0,565.0,67.05052931384289,12.779135978704016,1495.0,256.47036557820985,55.336118596346296,226.0,36.59241645081798,7.633432578254404,0.0,0.0,0.0,0.0,0.0,0.0
2,0.0,7,359.94705190032425,100.0,0.0,565.0,65.94601352525791,13.170198332949392,1441.0,239.62144702180655,51.04593781159418,310.0,54.740783896317105,11.987662818752982,0.0,0.0,0.0,0.0,0.0,0.0
3,0.0,7,360.0164911478909,100.0,100.0,564.0,74.33885749651122,16.314925735830094,1440.0,249.2839071348272,54.621721157767105,213.0,36.43222431764363,7.932233777981328,0.0,0.0,0.0,0.0,0.0,0.0
