id,probability_maraud,successful_mating,next_foraging_time,x_pos,y_pos,foraging_events,foraging_hrs,foraging_sqhrs,staying_events,staying_hrs,staying_sqhrs,repairing_events,repairing_hrs,repairing_sqhrs,marauding_events,marauding_hrs,marauding_sqhrs,traveling_events,traveling_hrs,traveling_sqhrs
0,0.0,10,360.23967765769174,0.0,0.0,560.0,71.42168836399577,15.725962475553603,1434.0,246.37702725331738,53.256915297150556,259.0,42.53303124968783,8.542289509090715,0.0,0.0,0.0,0.0,0.0,0.0
1,0.0,8,360.648667839333,0.0,100.0,565.0,73.35255038705479,15.649913196741327,1434.0,250.1680081404068,55.041753318420646,219.0,36.54654968406303,7.891853016026065,0.0,0.0,0.0,0.0,0.0,0.0
2,0.054,8,360.69532165000504,100.0,0.0,566.0,74.76932846736979,16.02221068594512,1676.0,282.94425714048293,60.45412503992365,0.0,0.0,0.0,20.0,2.0000000000000004,0.20000000000000012,106.0,0.552105712944163,0.002957818930041155
3,0.0,10,359.928030628796,100.0,100.0,578.0,71.17610958764477,14.999940002752824,1468.0,245.90259088499468,51.874999748187236,248.0,42.99111997378354,9.450684051815667,0.0,0.0,0.0,0.0,0.0,0.0
