id,probability_maraud,successful_mating,next_foraging_time,x_pos,y_pos,foraging_events,foraging_hrs,foraging_sqhrs,staying_events,staying_hrs,staying_sqhrs,repairing_events,repairing_hrs,repairing_sqhrs,marauding_events,marauding_hrs,marauding_sqhrs,traveling_events,traveling_hrs,traveling_sqhrs
0,0.0,8,359.9962195223812,0.0,0.0,574.0,68.21073192984528,13.50214852359787,1594.0,267.3205326531831,56.7534894026106,147.0,24.51208777870393,5.113900009554538,0.0,0.0,0.0,0.0,0.0,0.0
1,0.0,8,359.94763569241525,0.0,100.0,573.0,71.82983392585078,14.210671090093523,1465.0,251.3014113972594,54.615429125359505,223.0,36.91137905406848,8.175344396923151,0.0,0.0,0.0,0.0,0.0,0.0
2,0.054,10,360.25007165280346,100.0,0.0,565.0,72.87578345796096,15.815814479755732,1670.0,285.0083080001747,62.38426339062743,0.0,0.0,0.0,16.0,1.6000000000000003,0.1600000000000001,102.0,0.5412578159510723,0.002957818930041155
3,0.0,10,360.28602007612847,100.0,100.0,564.0,71.79717675087578,14.770842938494884,1466.0,251.8600519388122,54.18209614644097,233.0,36.44901529530166,7.568550840752553,0.0,0.0,0.0,0.0,0.0,0.0
