id,probability_maraud,successful_mating,next_foraging_time,x_pos,y_pos,foraging_events,foraging_hrs,foraging_sqhrs,staying_events,staying_hrs,staying_sqhrs,repairing_events,repairing_hrs,repairing_sqhrs,marauding_events,marauding_hrs,marauding_sqhrs,traveling_events,traveling_hrs,traveling_sqhrs
0,0.0,9,360.26296618371214,0.0,0.0,563.0,70.53148581467151,14.946802514464325,1577.0,271.3281877217234,58.45219555099479,108.0,18.255048424518318,4.067965089174664,0.0,0.0,0.0,0.0,0.0,0.0
1,0.0,8,360.5182768224184,0.0,100.0,575.0,71.74695341521578,14.639068368189848,1131.0,197.15188947862242,43.099572138632816,543.0,91.27845382263914,19.64961262851191,0.0,0.0,0.0,0.0,0.0,0.0
2,0.0,9,360.21064026310324,100.0,0.0,567.0,72.04942358422609,15.279199898247942,1585.0,269.3181548710713,58.296466559202926,116.0,18.68967337611516,3.975349466871585,0.0,0.0,0.0,0.0,0.0,0.0
3,0.054,10,360.11427605695684,100.0,100.0,576.0,70.69033111366583,13.957329192986311,1702.0,286.74978423118006,60.88400496850795,0.0,0.0,0.0,21.0,2.1000000000000005,0.21000000000000013,97.0,0.49126249246392695,0.002550582990397806
