id,probability_maraud,successful_mating,next_foraging_time,x_pos,y_pos,foraging_events,foraging_hrs,foraging_sqhrs,staying_events,staying_hrs,staying_sqhrs,repairing_events,repairing_hrs,repairing_sqhrs,marauding_events,marauding_hrs,marauding_sqhrs,traveling_events,traveling_hrs,traveling_sqhrs
0,0.0,12,360.06291129015625,0.0,0.0,554.0,68.1337160206558,14.52435549259227,1541.0,261.57214789457043,56.50429694281427,182.0,30.46386832221111,6.460920344166212,0.0,0.0,0.0,0.0,0.0,0.0
1,0.0,11,359.77757126812395,0.0,100.0,564.0,71.16033082306026,14.799626351628932,1518.0,258.29887595845025,55.39439474122007,191.0,30.642307955037058,6.192405473956688,0.0,0.0,0.0,0.0,0.0,0.0
2,0.0,7,360.1326453893802,100.0,0.0,577.0,65.54918052710727,12.479745635438672,1724.0,288.42941155764714,61.564185725644535,37.0,6.025068747462181,1.3394362341172896,0.0,0.0,0.0,0.0,0.0,0.0
3,0.054,6,360.1493249032164,100.0,100.0,567.0,70.14247417781,13.763964713957714,1705.0,288.4107938392019,61.21772778935156,0.0,0.0,0.0,11.0,1.0999999999999999,0.11000000000000004,99.0,0.5235336162994694,0.0028506515775034314
