id,probability_maraud,successful_mating,next_foraging_time,x_pos,y_pos,foraging_events,foraging_hrs,foraging_sqhrs,staying_events,staying_hrs,staying_sqhrs,repairing_events,repairing_hrs,repairing_sqhrs,marauding_events,marauding_hrs,marauding_sqhrs,traveling_events,traveling_hrs,traveling_sqhrs
0,0.054,15,360.14434282620783,0.0,0.0,559.0,67.96974246383864,13.711920158404295,1739.0,289.7857239446813,61.505933460561344,0.0,0.0,0.0,18.0,1.8000000000000005,0.1800000000000001,107.0,0.572076585624648,0.003150720164609055
1,0.0,10,360.8426273970794,0.0,100.0,560.0,70.20695692010926,14.761020557882382,1550.0,259.5956144876498,55.47210110636325,175.0,30.328943333687693,6.675332970167762,0.0,0.0,0.0,0.0,0.0,0.0
2,0.0,5,360.33549551949983,100.0,0.0,567.0,70.40601366901296,14.540506818074622,1490.0,246.97444762526996,52.351533006266905,252.0,42.65715659790753,9.096626847676587,0.0,0.0,0.0,0.0,0.0,0.0
3,0.0,6,360.4258498446122,100.0,100.0,558.0,69.58531600206521,14.657092596743462,1518.0,254.03033224898334,53.46632304379936,209.0,36.43064426355546,7.975468073319827,0.0,0.0,0.0,0.0,0.0,0.0
