id,probability_maraud,successful_mating,next_foraging_time,x_pos,y_pos,foraging_events,foraging_hrs,foraging_sqhrs,staying_events,staying_hrs,staying_sqhrs,repairing_events,repairing_hrs,repairing_sqhrs,marauding_events,marauding_hrs,marauding_sqhrs,traveling_events,traveling_hrs,traveling_sqhrs
0,0.0,9,359.76533353897133,0.0,0.0,564.0,70.09509866723526,14.550522953592575,1538.0,259.25853669242406,55.83788591846159,186.0,30.65992930710959,6.368128989742875,0.0,0.0,0.0,0.0,0.0,0.0
1,0.0,11,360.03824242131583,0.0,100.0,561.0,71.26350364486966,15.846643918242137,1567.0,264.5213671202854,56.232043702630556,143.0,24.417355406208703,5.028065083059587,0.0,0.0,0.0,0.0,0.0,0.0
2,0.0,7,360.56389211862296,100.0,0.0,579.0,73.143565316173,16.137719378297696,1549.0,262.72881028613153,56.020156678826424,162.0,24.275528185045193,4.799595512024576,0.0,0.0,0.0,0.0,0.0,0.0
3,0.054,9,360.25628656993985,100.0,100.0,562.0,70.37571673395342,15.940030608679423,1682.0,287.91195951151445,61.758789203816036,0.0,0.0,0.0,13.0,1.3,0.13000000000000006,96.0,0.5115623827919373,0.00280778463648834
