id,probability_maraud,successful_mating,next_foraging_time,x_pos,y_pos,foraging_events,foraging_hrs,foraging_sqhrs,staying_events,staying_hrs,staying_sqhrs,repairing_events,repairing_hrs,repairing_sqhrs,marauding_events,marauding_hrs,marauding_sqhrs,traveling_events,traveling_hrs,traveling_sqhrs
0,0.0,15,360.2897667811773,0.0,0.0,595.0,73.26117381554187,15.26543413293334,1548.0,256.45571650982095,54.488142787591215,182.0,30.347235022445034,6.5991997158186475,0.0,0.0,0.0,0.0,0.0,0.0
1,0.0,6,359.92203742901535,0.0,100.0,576.0,69.45780518157073,14.404935971328845,1429.0,247.5145839683819,54.03687042141659,248.0,43.121216468320796,9.461124044651028,0.0,0.0,0.0,0.0,0.0,0.0
2,0.0,8,360.6199605783503,100.0,0.0,559.0,72.35727605851851,15.676964495401812,1492.0,250.78478012930205,53.285831033975995,205.0,36.93232838500743,8.119603161032565,0.0,0.0,0.0,0.0,0.0,0.0
3,0.054,7,360.4883379031753,100.0,100.0,580.0,71.78924592262936,14.845020873674093,1667.0,285.8982736060218,61.91808552655833,0.0,0.0,0.0,18.0,1.8000000000000005,0.1800000000000001,99.0,0.5292865824435402,0.0029149519890260644
