id,probability_maraud,successful_mating,next_foraging_time,x_pos,y_pos,foraging_events,foraging_hrs,foraging_sqhrs,staying_events,staying_hrs,staying_sqhrs,repairing_events,repairing_hrs,repairing_sqhrs,marauding_events,marauding_hrs,marauding_sqhrs,traveling_events,traveling_hrs,traveling_sqhrs
0,0.0,5,360.53316440307503,0.0,0.0,557.0,74.60390805568115,16.139646666632288,1283.0,215.671993182279,46.11334213433745,411.0,70.01532699843172,15.126563041031039,0.0,0.0,0.0,0.0,0.0,0.0
1,0.054,11,360.46095567263467,0.0,100.0,547.0,70.42316608714219,15.913143095718276,1705.0,287.39714741804096,61.56484839996809,0.0,0.0,0.0,17.0,1.7000000000000004,0.1700000000000001,93.0,0.4900028723776207,0.0026577503429355293
2,0.0,8,360.0050444049745,100.0,0.0,560.0,72.1854252601234,14.728698028146798,1579.0,269.5446285788316,57.94850868053246,108.0,18.376838126414324,3.930992851923408,0.0,0.0,0.0,0.0,0.0,0.0
3,0.0,12,360.24586004899004,100.0,100.0,567.0,70.73975324460456,14.778182498156227,1661.0,277.1661887480309,58.35866142175322,67.0,12.125066038457131,2.534605277880696,0.0,0.0,0.0,0.0,0.0,0.0
