id,probability_maraud,successful_mating,next_foraging_time,x_pos,y_pos,foraging_events,foraging_hrs,foraging_sqhrs,staying_events,staying_hrs,staying_sqhrs,repairing_events,repairing_hrs,repairing_sqhrs,marauding_events,marauding_hrs,marauding_sqhrs,traveling_events,traveling_hrs,traveling_sqhrs
0,0.054,9,360.87108145014105,0.0,0.0,584.0,69.85191128654483,13.634579062345557,1693.0,288.6834630148249,62.20126428204118,0.0,0.0,0.0,12.0,1.2,0.12000000000000005,87.0,0.47181337150662755,0.002636316872427984
1,0.0,13,360.13307777062136,0.0,100.0,574.0,68.86748770467622,13.546644007121145,1571.0,272.91311511965023,59.703078550153684,109.0,18.402617788684797,3.8423251982403652,0.0,0.0,0.0,0.0,0.0,0.0
2,0.0,6,360.2749247529791,100.0,0.0,561.0,69.83102000757366,14.618190561116096,1574.0,266.00926364047626,57.3325745549175,137.0,24.39825549708614,5.254109226816547,0.0,0.0,0.0,0.0,0.0,0.0
3,0.0,8,359.848666187582,100.0,100.0,561.0,69.52759460135297,13.65302588149727,1524.0,260.1369188170058,55.623827888570275,176.0,30.41521324973168,6.6129138209582585,0.0,0.0,0.0,0.0,0.0,0.0
