id,probability_maraud,successful_mating,next_foraging_time,x_pos,y_pos,foraging_events,foraging_hrs,foraging_sqhrs,staying_events,staying_hrs,staying_sqhrs,repairing_events,repairing_hrs,repairing_sqhrs,marauding_events,marauding_hrs,marauding_sqhrs,traveling_events,traveling_hrs,traveling_sqhrs
0,0.0,14,360.521432179148,0.0,0.0,570.0,71.41451074357596,15.282111313596221,1497.0,252.50696523327346,53.36238150209955,207.0,36.2993100326876,7.969721966290821,0.0,0.0,0.0,0.0,0.0,0.0
1,0.054,7,360.4252156038935,0.0,100.0,558.0,71.87330300623448,14.784015309307755,1715.0,286.1963001006523,60.833908561456425,0.0,0.0,0.0,16.0,1.6000000000000003,0.1600000000000001,94.0,0.4946325020072504,0.0026791838134430732
2,0.0,7,360.19039742970443,100.0,0.0,566.0,79.23630038584898,17.953419342453593,1453.0,250.63280199068242,53.87995409766734,184.0,30.159396683184106,6.3533820422008205,0.0,0.0,0.0,0.0,0.0,0.0
3,0.0,8,360.3252517976188,100.0,100.0,559.0,70.89961782750375,14.52675123093325,1485.0,258.8141259092394,56.953898479976864,186.0,30.418437187638514,6.4910705958357315,0.0,0.0,0.0,0.0,0.0,0.0
