id,probability_maraud,successful_mating,next_foraging_time,x_pos,y_pos,foraging_events,foraging_hrs,foraging_sqhrs,staying_events,staying_hrs,staying_sqhrs,repairing_events,repairing_hrs,repairing_sqhrs,marauding_events,marauding_hrs,marauding_sqhrs,traveling_events,traveling_hrs,traveling_sqhrs
0,0.0,10,360.96868005701003,0.0,0.0,580.0,71.91759394908304,14.38965790009125,1516.0,258.0072238226356,55.662126805398636,179.0,30.083949835877167,6.408427937407932,0.0,0.0,0.0,0.0,0.0,0.0
1,0.054,7,360.3563888698042,0.0,100.0,564.0,71.62020085182877,14.970155996997814,1694.0,286.30441753879325,61.3783774816916,0.0,0.0,0.0,16.0,1.6000000000000003,0.1600000000000001,103.0,0.5382168240552739,0.0028935185185185192
2,0.0,9,360.51960478491264,100.0,0.0,563.0,71.8640858799926,15.548412132134871,1484.0,251.8860627379083,54.308726313361774,206.0,36.453649998140556,8.14085525170762,0.0,0.0,0.0,0.0,0.0,0.0
3,0.0,10,360.34819683387457,100.0,100.0,549.0,69.90297861505854,15.233039902749395,1552.0,259.14605989255915,54.54548488514264,184.0,30.957369755685114,6.578065094869802,0.0,0.0,0.0,0.0,0.0,0.0
