id,probability_maraud,successful_mating,next_foraging_time,x_pos,y_pos,foraging_events,foraging_hrs,foraging_sqhrs,staying_events,staying_hrs,staying_sqhrs,repairing_events,repairing_hrs,repairing_sqhrs,marauding_events,marauding_hrs,marauding_sqhrs,traveling_events,traveling_hrs,traveling_sqhrs
0,0.054,15,360.07786618345216,0.0,0.0,571.0,71.55608108533612,15.51687787334666,1683.0,286.1633022978312,61.61520360855746,0.0,0.0,0.0,18.0,1.8000000000000005,0.1800000000000001,102.0,0.5412578159510721,0.002957818930041154
1,0.0,5,359.92147267522506,0.0,100.0,559.0,69.1561685086996,13.889510960630195,1413.0,242.200916800617,52.69639581024592,282.0,48.769823307898555,10.581666773312453,0.0,0.0,0.0,0.0,0.0,0.0
2,0.0,10,360.2997063412031,100.0,0.0,563.0,70.10015662473398,15.115050292124875,1580.0,271.759092388532,58.513808362364315,109.0,18.155996381724517,3.650760676436833,0.0,0.0,0.0,0.0,0.0,0.0
3,0.0,6,360.36492102126215,100.0,100.0,570.0,73.31138179678985,15.748009908320512,1466.0,244.05810285467143,52.465146927959466,253.0,42.657900800163695,8.835833995824242,0.0,0.0,0.0,0.0,0.0,0.0
