id,probability_maraud,successful_mating,next_foraging_time,x_pos,y_pos,foraging_events,foraging_hrs,foraging_sqhrs,staying_events,staying_hrs,staying_sqhrs,repairing_events,repairing_hrs,repairing_sqhrs,marauding_events,marauding_hrs,marauding_sqhrs,traveling_events,traveling_hrs,traveling_sqhrs
0,0.054,6,359.8898415211401,0.0,0.0,550.0,71.22071566089592,15.089933890370304,1308.0,222.70232863613714,47.878893898308206,366.0,61.641634861195975,13.220479292610698,9.0,0.8999999999999999,0.09000000000000002,76.0,3.556871626145656,0.1671810699588476
1,0.054,7,360.65241278035757,0.0,1000.0,581.0,68.39869992435781,13.420586563191058,1406.0,237.80360613478666,50.64351361983071,283.0,48.90231889964805,10.614345793402371,18.0,1.8000000000000005,0.1800000000000001,69.0,3.251974105885151,0.1543209876543209
2,0.0,9,360.19531855561934,1000.0,0.0,570.0,75.27942963270482,16.52212204941498,1309.0,223.99619960806888,48.020398392937715,357.0,60.90763138697807,13.124510174303358,0.0,0.0,0.0,0.0,0.0,0.0
3,0.054,11,360.1999860597323,1000.0,1000.0,562.0,71.06330266445276,14.392503323828288,1199.0,209.00013472292218,45.7899533309189,434.0,76.7426923521805,16.813706114361427,9.0,0.8999999999999999,0.09000000000000002,50.0,2.3339913686283835,0.10931069958847742
4,0.0,13,360.0381940845606,2000.0,0.0,569.0,68.26932572397875,13.197070312968668,1398.0,236.8883842255549,49.75647984274539,315.0,54.979746846089895,11.937393055023028,0.0,0.0,0.0,0.0,0.0,0.0
5,0.054,11,360.00756283561975,2000.0,1000.0,571.0,71.80354001848316,14.664804586812194,1462.0,245.97207963950214,53.303874855984425,215.0,36.69466251423656,7.99732287603749,15.0,1.5000000000000002,0.15000000000000008,88.0,4.169956843141921,0.19933127572016432
6,0.054,7,360.03062050933164,3000.0,0.0,564.0,71.07339258830984,14.906997400159092,1508.0,252.994020422134,53.983041250459166,181.0,30.269150601015998,6.500793962379125,14.0,1.4000000000000001,0.14000000000000007,93.0,4.305555555555557,0.19933127572016426
7,0.054,8,360.28930854210574,3000.0,1000.0,546.0,75.0997193154619,16.831787322148287,1190.0,199.11777222403248,42.5409594043622,463.0,82.02279388678407,18.368053607197503,10.0,0.9999999999999999,0.10000000000000003,62.0,2.908723477997508,0.13717421124828533
