id,probability_maraud,successful_mating,next_foraging_time,x_pos,y_pos,foraging_events,foraging_hrs,foraging_sqhrs,staying_events,staying_hrs,staying_sqhrs,repairing_events,repairing_hrs,repairing_sqhrs,marauding_events,marauding_hrs,marauding_sqhrs,traveling_events,traveling_hrs,traveling_sqhrs
0,0.054,14,360.3507772454455,0.0,0.0,572.0,70.17033841554994,14.057654333539066,1458.0,248.01730051390516,53.451876139936545,229.0,36.48419148958138,7.409197393387362,13.0,1.3,0.13000000000000006,87.0,4.066130885404916,0.19075788751714648
1,0.054,9,360.2307081241987,0.0,1000.0,560.0,71.64242935490054,15.563020428168818,1303.0,216.9383286040091,46.05673281720543,389.0,67.12191590548834,14.81827980069079,13.0,1.3,0.13000000000000006,66.0,3.101851851851851,0.14789094650205753
2,0.0,10,360.4969111083432,1000.0,0.0,557.0,73.37907858772334,15.816930211725715,1002.0,170.84163056200995,36.80244562839257,682.0,115.82681263949975,24.725673852821636,0.0,0.0,0.0,0.0,0.0,0.0
3,0.054,11,360.0698517527189,1000.0,1000.0,560.0,70.46248388629606,15.259951205823903,1177.0,206.86180692234507,45.99385426247399,460.0,79.01887303928325,17.092511207221833,10.0,0.9999999999999999,0.10000000000000003,58.0,2.7043617389987538,0.1264574759945131
4,0.054,11,360.036613607677,2000.0,0.0,563.0,74.52779824600962,15.572559104848127,1618.0,273.64785397857503,57.94325481983181,36.0,6.00890671230805,1.2224685752719304,16.0,1.6000000000000003,0.1600000000000001,93.0,4.343908663182696,0.20361796982167318
5,0.054,7,359.9341579659263,2000.0,1000.0,552.0,71.0499942818704,15.580768681112316,1288.0,217.55627633745627,46.74111611187667,395.0,67.4756524842581,14.920468299290667,12.0,1.2,0.12000000000000005,61.0,2.862427181701212,0.13503086419753088
6,0.0,4,360.51178591336634,3000.0,0.0,562.0,72.8756728054736,15.92837742195673,1310.0,226.33461676948326,49.35334078058132,359.0,60.79556660652121,13.007380789765431,0.0,0.0,0.0,0.0,0.0,0.0
7,0.054,6,360.2517030341641,3000.0,1000.0,569.0,70.04391178530541,14.356427012856344,1536.0,260.2600170041861,56.13279495439503,142.0,24.458822083823215,5.383757141171416,11.0,1.0999999999999999,0.11000000000000004,90.0,4.205019774293806,0.19718792866940982
