id,probability_maraud,successful_mating,next_foraging_time,x_pos,y_pos,foraging_events,foraging_hrs,foraging_sqhrs,staying_events,staying_hrs,staying_sqhrs,repairing_events,repairing_hrs,repairing_sqhrs,marauding_events,marauding_hrs,marauding_sqhrs,traveling_events,traveling_hrs,traveling_sqhrs
0,0.054,8,359.77077939132556,0.0,0.0,571.0,67.32880403776717,12.785365299591339,1257.0,214.60865635092716,46.03829049655717,434.0,73.27381493360397,15.50061396202063,12.0,1.2,0.12000000000000005,78.0,3.6494642187382484,0.17146776406035652
1,0.054,7,360.55325793760164,0.0,1000.0,580.0,67.58175706988847,13.479990313823423,1381.0,231.6648614007739,49.349618819477755,321.0,54.922466779217324,12.056842191024458,14.0,1.4000000000000001,0.14000000000000007,96.0,4.5019741058851555,0.212191358024691
2,0.054,11,360.28861282696244,1000.0,0.0,570.0,69.75820241604042,14.678855787983156,1358.0,230.56013332285346,49.43518816523097,330.0,55.0708567288014,11.79031046524995,11.0,1.0999999999999999,0.11000000000000004,77.0,3.583991368628383,0.1671810699588476
3,0.054,8,360.2552733449028,1000.0,1000.0,559.0,71.36260683352477,15.06152583527517,1146.0,193.98593426171334,41.79132073364797,545.0,91.30180896576526,19.448561717369778,9.0,0.8999999999999999,0.09000000000000002,56.0,2.6309457002197303,0.12431412894375864
4,0.0,12,360.5000003984166,2000.0,0.0,561.0,71.01173252740838,15.180262001965378,1168.0,198.3945497927782,42.76434947432489,538.0,90.59643982655356,19.354388734638768,0.0,0.0,0.0,0.0,0.0,0.0
5,0.054,15,360.42917733072954,2000.0,1000.0,572.0,73.15981437102828,15.884373909405381,1510.0,256.7267945142274,55.10104076627087,141.0,24.334652474562578,5.1455004459558324,16.0,1.6000000000000003,0.1600000000000001,93.0,4.382261770809834,0.20790466392318216
6,0.054,5,359.83950444161934,3000.0,0.0,550.0,69.62818360850784,14.435174784488526,1685.0,278.6131070337512,58.36246480545517,32.0,6.1642008839989035,1.4077775029963466,13.0,1.3,0.13000000000000006,92.0,4.316788920699969,0.20361796982167316
7,0.0,6,360.19499634343885,3000.0,1000.0,567.0,70.81218226327579,13.934163660940778,1369.0,228.05471864360678,48.4486344344435,356.0,61.17824844068741,13.455559648160838,0.0,0.0,0.0,0.0,0.0,0.0
