id,probability_maraud,successful_mating,next_foraging_time,x_pos,y_pos,foraging_events,foraging_hrs,foraging_sqhrs,staying_events,staying_hrs,staying_sqhrs,repairing_events,repairing_hrs,repairing_sqhrs,marauding_events,marauding_hrs,marauding_sqhrs,traveling_events,traveling_hrs,traveling_sqhrs
0,0.054,6,360.0551621764285,0.0,0.0,568.0,69.30579246988,13.75241236199615,1361.0,226.09378162245815,47.84175701765738,360.0,61.00605591611019,13.00656004636452,13.0,1.3,0.13000000000000006,52.0,2.445760515034545,0.1157407407407408
1,0.054,11,360.3835475949153,0.0,1000.0,570.0,71.27939540730954,13.882905954850346,1556.0,256.5862431803534,54.07517076233021,160.0,27.189911147540236,5.951964904459057,10.0,0.9999999999999999,0.10000000000000003,89.0,4.158723477997509,0.1950445816186554
2,0.054,7,360.2604577039788,1000.0,0.0,567.0,69.10451759581862,14.350114447370036,1277.0,213.49692731916255,45.002446083966134,446.0,73.00185724563609,15.501522210282573,10.0,0.9999999999999999,0.10000000000000003,76.0,3.556871626145656,0.1671810699588476
3,0.0,9,360.2145085058328,1000.0,1000.0,573.0,68.23392905827066,14.115014799558939,1255.0,212.62043701662944,45.005189368988454,471.0,79.35090785051709,17.11580615930625,0.0,0.0,0.0,0.0,0.0,0.0
4,0.054,9,360.4616665187333,2000.0,0.0,569.0,77.63850024557968,17.868524060283903,1343.0,222.7215782322851,47.05340322545235,317.0,55.21300891468969,11.936560496846647,13.0,1.3,0.13000000000000006,70.0,3.279093848367878,0.1543209876543209
5,0.054,9,360.28562765188747,2000.0,1000.0,582.0,69.5156568358013,14.834928494428308,1334.0,225.02085210788744,48.41834501599678,369.0,60.87816603612426,13.032437517208699,14.0,1.4000000000000001,0.14000000000000007,68.0,3.1865012557752856,0.15003429355281203
6,0.0,9,359.8334980855309,3000.0,0.0,560.0,68.22290765492696,13.791294760508888,1245.0,212.63212334903656,46.20469420238437,485.0,79.21619169933457,16.721116129465532,0.0,0.0,0.0,0.0,0.0,0.0
7,0.054,12,360.30874732770747,3000.0,1000.0,577.0,71.118366633392,13.88220680869543,1566.0,263.99214657768715,55.65592096040457,113.0,18.44770128764573,3.8822427177478396,15.0,1.5000000000000002,0.15000000000000008,109.0,5.103825957737013,0.2400548696844988
