id,probability_maraud,successful_mating,next_foraging_time,x_pos,y_pos,foraging_events,foraging_hrs,foraging_sqhrs,staying_events,staying_hrs,staying_sqhrs,repairing_events,repairing_hrs,repairing_sqhrs,marauding_events,marauding_hrs,marauding_sqhrs,traveling_events,traveling_hrs,traveling_sqhrs
0,0.054,7,360.3011572665987,0.0,0.0,568.0,74.75652269852387,16.236266997303506,1345.0,225.35259312645442,47.819080756559615,328.0,55.08785889738553,11.884305339611377,12.0,1.2,0.12000000000000005,80.0,3.722880257517272,0.1736111111111109
1,0.054,11,360.3856560662857,0.0,1000.0,569.0,69.79931855802944,13.895409173594594,1293.0,219.79657372354953,47.236450795985895,388.0,66.11952342891159,14.293460635368126,16.0,1.6000000000000003,0.1600000000000001,61.0,2.8432506278876426,0.13288751714677643
2,0.054,10,359.99540541822586,1000.0,0.0,567.0,67.5344992775506,14.099782115219405,1384.0,238.64052115362335,51.89226163741315,301.0,48.632813895780835,10.137261249236063,16.0,1.6000000000000003,0.1600000000000001,77.0,3.6223444762555217,0.17146776406035646
3,0.054,8,359.97104461553005,1000.0,1000.0,567.0,72.96061007783757,15.47191502152814,1034.0,173.3869732665128,37.72686370157373,655.0,110.0072771103471,23.327254368750957,9.0,0.8999999999999999,0.09000000000000002,59.0,2.75065803529505,0.12860082304526754
4,0.0,8,360.52321752667586,2000.0,0.0,569.0,68.36200849360759,13.243724788899621,1120.0,187.5664910889409,40.032985723889595,610.0,104.13870138897609,22.79517308241841,0.0,0.0,0.0,0.0,0.0,0.0
5,0.054,11,359.9595062692741,2000.0,1000.0,575.0,71.17278155900901,14.32144858421075,1503.0,252.94808768257622,53.638565951736936,179.0,30.35422004182791,6.4665400299701865,14.0,1.4000000000000001,0.14000000000000007,89.0,4.177900031811078,0.19718792866940985
6,0.054,10,360.10210611677184,3000.0,0.0,574.0,71.8711236656548,14.408508003881119,1666.0,283.3921682289265,60.347205684786225,0.0,0.0,0.0,12.0,1.2,0.12000000000000005,80.0,3.703703703703703,0.17146776406035646
7,0.0,7,360.3577982428431,3000.0,1000.0,562.0,69.67259134673658,14.142045894312627,1337.0,222.9760878568317,46.48737939560713,398.0,67.37076797497114,14.516774238325082,0.0,0.0,0.0,0.0,0.0,0.0
