id,probability_maraud,successful_mating,next_foraging_time,x_pos,y_pos,foraging_events,foraging_hrs,foraging_sqhrs,staying_events,staying_hrs,staying_sqhrs,repairing_events,repairing_hrs,repairing_sqhrs,marauding_events,marauding_hrs,marauding_sqhrs,traveling_events,traveling_hrs,traveling_sqhrs
0,0.054,5,360.43956095850353,0.0,0.0,570.0,67.12600931800328,13.782049643125058,1458.0,244.8625850828461,52.35736388433486,258.0,42.986676339993515,9.140612534812895,10.0,0.9999999999999999,0.10000000000000003,89.0,4.158723477997509,0.1950445816186554
1,0.0,8,360.4978662200397,0.0,1000.0,576.0,68.53811856461729,13.230167214834497,1391.0,242.88494165729801,53.3471694951499,296.0,48.63953406210214,9.952850093786603,0.0,0.0,0.0,0.0,0.0,0.0
2,0.054,11,360.3162544495245,1000.0,0.0,568.0,71.12950937295187,14.864874799673668,1223.0,203.01766442220259,43.47839011788527,471.0,80.06092650554116,17.223485579125455,15.0,1.5000000000000002,0.15000000000000008,92.0,4.2976123668863995,0.20147462277091874
3,0.054,12,360.1434924242414,1000.0,1000.0,558.0,70.55860238158411,14.311642760466889,1362.0,230.66581344601238,50.04245358493235,318.0,54.85920779500448,11.739789159117995,9.0,0.8999999999999999,0.09000000000000002,71.0,3.3062135908506054,0.1543209876543209
4,0.054,12,360.0958109883114,2000.0,0.0,555.0,68.70810284194441,14.754735853740184,1224.0,207.99700678070133,45.072068541656954,456.0,79.63617290487244,17.753374412953654,10.0,0.9999999999999999,0.10000000000000003,59.0,2.75065803529505,0.12860082304526754
5,0.054,11,359.9411839793625,2000.0,1000.0,572.0,68.73172625895721,14.786834615969692,1610.0,269.902964541188,57.639852367787284,97.0,16.087449677756382,3.389436886046917,11.0,1.0999999999999999,0.11000000000000004,90.0,4.224196328107375,0.1993312757201643
6,0.054,4,360.34555310737096,3000.0,0.0,559.0,76.72472634430048,18.273636541854653,1458.0,246.36890224615286,52.723520599350266,196.0,33.395189552847846,7.161173140921011,7.0,0.7,0.07,63.0,2.916666666666666,0.13503086419753088
7,0.0,9,360.2603255590875,3000.0,1000.0,558.0,67.10147732482268,13.611621149096981,1639.0,275.0801402297189,58.91432457671545,103.0,18.063438203092314,3.840052460798653,0.0,0.0,0.0,0.0,0.0,0.0
