id,probability_maraud,successful_mating,next_foraging_time,x_pos,y_pos,foraging_events,foraging_hrs,foraging_sqhrs,staying_events,staying_hrs,staying_sqhrs,repairing_events,repairing_hrs,repairing_sqhrs,marauding_events,marauding_hrs,marauding_sqhrs,traveling_events,traveling_hrs,traveling_sqhrs
0,0.054,6,360.86446748552606,0.0,0.0,580.0,68.24983719776321,13.551737031183338,1292.0,220.13043821507173,47.55365049636512,402.0,67.07587953037572,14.166501731864237,13.0,1.3,0.13000000000000006,77.0,3.583991368628383,0.16718106995884757
1,0.054,8,360.2624911339939,0.0,1000.0,570.0,68.90379122921196,13.788594891749746,1343.0,224.9745176714934,48.115527142616436,366.0,60.82386983429428,12.82899459595437,14.0,1.4000000000000001,0.14000000000000007,84.0,3.908065442702457,0.18218449931412872
2,0.054,9,360.46760134872886,1000.0,0.0,565.0,71.27636573228497,15.40412936318475,1271.0,213.19716963910642,45.36734108961283,436.0,72.97871668847483,15.51977489694676,3.0,0.30000000000000004,0.030000000000000006,52.0,2.407407407407407,0.11145404663923188
3,0.054,12,360.14194169583567,1000.0,1000.0,574.0,70.00753581709522,13.965895479860432,1307.0,223.45701107122767,48.05738920624332,348.0,61.07749422053809,13.719080798312666,17.0,1.7000000000000004,0.1700000000000001,82.0,3.8154728501098645,0.1778978052126198
4,0.0,13,360.10433175004084,2000.0,0.0,574.0,68.84279956902178,13.366178577526574,1474.0,248.5837261736703,53.16406601340807,252.0,42.616931893808626,9.05203738746611,0.0,0.0,0.0,0.0,0.0,0.0
5,0.054,10,360.0132648589406,2000.0,1000.0,567.0,74.19955506641233,15.54573723091331,1225.0,207.92867368378663,44.62324763360145,426.0,73.07641392381407,15.663038525557765,12.0,1.2,0.12000000000000005,80.0,3.742056811330841,0.17575445816186536
6,0.0,6,359.98927346966906,3000.0,0.0,558.0,69.60558754554165,14.557772997175308,1362.0,232.0854306438594,49.43893058245102,361.0,58.36698730908212,12.03588113556484,0.0,0.0,0.0,0.0,0.0,0.0
7,0.054,8,360.0435735920415,3000.0,1000.0,567.0,71.33012967948812,14.243534451558304,1571.0,264.39038792424594,56.40736795501157,115.0,18.340644160825608,3.843314625609193,16.0,1.6000000000000003,0.1600000000000001,93.0,4.363085216996265,0.20576131687242763
