id,probability_maraud,successful_mating,next_foraging_time,x_pos,y_pos,foraging_events,foraging_hrs,foraging_sqhrs,staying_events,staying_hrs,staying_sqhrs,repairing_events,repairing_hrs,repairing_sqhrs,marauding_events,marauding_hrs,marauding_sqhrs,traveling_events,traveling_hrs,traveling_sqhrs
0,0.0,8,360.2722015098722,0.0,0.0,562.0,68.04290784409422,13.606481623216991,1449.0,243.09059173621176,52.02573642191638,307.0,48.89566334609163,10.09094764434895,0.0,0.0,0.0,0.0,0.0,0.0
1,0.054,10,360.0849597628717,0.0,1000.0,564.0,68.92823661669145,14.015649586893236,1439.0,254.36882937592713,56.18379637075109,180.0,30.724888281574174,6.733254651815383,19.0,1.9000000000000006,0.1900000000000001,89.0,4.158723477997509,0.19504458161865537
2,0.054,7,360.0962437937955,1000.0,0.0,568.0,70.70981005365559,14.595190452796688,1336.0,229.70526471813648,49.47868190998189,325.0,54.94740063755486,11.877871382165823,12.0,1.2,0.12000000000000005,75.0,3.529751883662929,0.1671810699588476
3,0.054,10,359.9511713439299,1000.0,1000.0,568.0,72.25702838834547,14.914991239637793,924.0,156.2931551749072,33.04598666184646,764.0,128.1333029672526,27.97245311387716,12.0,1.2,0.12000000000000005,46.0,2.1679827372567675,0.10288065843621404
4,0.054,8,360.3374498698563,2000.0,0.0,575.0,70.25744605364855,14.280258306874531,1336.0,223.46762620796343,47.70436806792754,359.0,61.299211739608324,13.113436400051144,14.0,1.4000000000000001,0.14000000000000007,78.0,3.7261704339925257,0.18004115226337425
5,0.054,6,360.4248865938652,2000.0,1000.0,567.0,67.74963061053002,13.926288256601403,1243.0,209.08443260867872,44.45716673270474,470.0,79.18302136651674,16.770752067692126,7.0,0.7,0.07,71.0,3.2870370370370363,0.15217764060356645
6,0.0,9,360.05973860174515,3000.0,0.0,558.0,69.14392894225551,14.162899634111353,1408.0,243.6192228504447,52.81473947769543,274.0,47.281121272483276,10.491383569783064,0.0,0.0,0.0,0.0,0.0,0.0
7,0.054,14,360.45630539644714,3000.0,1000.0,548.0,71.0609955254106,15.442701996392026,1552.0,263.5643816382792,56.95543906428594,105.0,19.38800076076079,4.6138020950466805,14.0,1.4000000000000001,0.14000000000000007,99.0,4.6025098871469075,0.2143347050754454
