id,probability_maraud,successful_mating,next_foraging_time,x_pos,y_pos,foraging_events,foraging_hrs,foraging_sqhrs,staying_events,staying_hrs,staying_sqhrs,repairing_events,repairing_hrs,repairing_sqhrs,marauding_events,marauding_hrs,marauding_sqhrs,traveling_events,traveling_hrs,traveling_sqhrs
0,0.054,12,360.19943770704197,0.0,0.0,571.0,68.11872903414425,13.016101468252222,1438.0,237.4914612744557,49.48602336065674,282.0,49.230110210815006,10.739136850595996,10.0,0.9999999999999999,0.10000000000000003,90.0,4.243372881920945,0.20147462277091874
1,0.054,7,360.1165035263874,0.0,1000.0,549.0,69.57788895627066,14.105925165508179,1487.0,248.5985375057637,52.75110362756875,214.0,36.58666351991944,8.079092135612692,16.0,1.6000000000000003,0.1600000000000001,80.0,3.742056811330841,0.1757544581618654
2,0.0,9,360.8017110387601,1000.0,0.0,574.0,71.2352335365631,14.74805166636506,1277.0,215.38170032292615,45.845772904395844,426.0,73.56314128988917,15.878676729218528,0.0,0.0,0.0,0.0,0.0,0.0
3,0.054,9,360.0198278418691,1000.0,1000.0,571.0,71.38160355776547,14.812393236407871,1232.0,207.44578879882465,43.894138773511116,466.0,77.65614040959115,16.228521806250196,4.0,0.4,0.04000000000000001,70.0,3.24074074074074,0.150034293552812
4,0.054,10,360.0764987605372,2000.0,0.0,562.0,69.67850633665154,13.729940200332303,1526.0,259.722401631632,55.76856430930806,153.0,24.804962695210854,5.172026196878449,19.0,1.9000000000000006,0.1900000000000001,83.0,3.900122254033299,0.18432784636488314
5,0.054,11,360.17273806658636,2000.0,1000.0,561.0,70.44572414690431,14.257772359701121,1249.0,210.67824347037765,45.380687976276775,406.0,73.33874143273577,16.322269658725173,17.0,1.7000000000000004,0.1700000000000001,83.0,3.88094570021973,0.18218449931412872
6,0.0,8,360.0218412378778,3000.0,0.0,561.0,67.98465882223884,13.738476613637035,1316.0,225.1320735820997,49.23697228782343,388.0,67.10213053489039,14.711550481962242,0.0,0.0,0.0,0.0,0.0,0.0
7,0.054,6,360.3982915711221,3000.0,1000.0,561.0,68.31319097198816,13.720247469107198,1417.0,238.35550819159064,51.02509227180165,278.0,49.096343841587064,10.768673156120446,8.0,0.7999999999999999,0.08000000000000002,76.0,3.537695072332087,0.16503772290809313
