id,probability_maraud,successful_mating,next_foraging_time,x_pos,y_pos,foraging_events,foraging_hrs,foraging_sqhrs,staying_events,staying_hrs,staying_sqhrs,repairing_events,repairing_hrs,repairing_sqhrs,marauding_events,marauding_hrs,marauding_sqhrs,traveling_events,traveling_hrs,traveling_sqhrs
0,0.054,9,360.19297331564957,0.0,0.0,559.0,70.58125499815431,15.684898477667295,1517.0,254.92922944572408,54.54034681370648,176.0,30.571949762209346,6.635148659772079,6.0,0.6,0.06000000000000001,76.0,3.5185185185185177,0.16289437585733868
1,0.0,10,359.98436424164265,0.0,1000.0,558.0,69.67471415439104,14.585648654948518,1475.0,247.73575796550892,52.4284277417564,235.0,42.71876720097274,9.821613829897855,0.0,0.0,0.0,0.0,0.0,0.0
2,0.054,9,360.6609112763514,1000.0,0.0,557.0,69.97318969144408,14.22814794664934,1220.0,206.0221518469213,43.853845219313605,483.0,79.43232974411887,16.397748464568206,13.0,1.3,0.13000000000000006,72.0,3.3333333333333326,0.1543209876543209
3,0.054,11,360.487345503187,1000.0,1000.0,559.0,75.46671591553074,16.88813447509647,1310.0,218.923091672833,46.61133649618079,366.0,61.37756061481043,12.978866669747005,10.0,0.9999999999999999,0.10000000000000003,76.0,3.5185185185185177,0.16289437585733868
4,0.054,9,360.03147695750374,2000.0,0.0,572.0,70.0886817830767,14.768356118913246,1468.0,247.2505706350127,53.22624081560286,214.0,36.569397177897756,7.893625262498326,20.0,2.0000000000000004,0.20000000000000012,93.0,4.324732109369127,0.2014746227709187
5,0.054,9,359.997984239106,2000.0,1000.0,566.0,72.91016178120822,15.01538660514188,1358.0,228.262170708579,48.783340162756446,319.0,54.78046753268672,11.564103731159657,9.0,0.8999999999999999,0.09000000000000002,71.0,3.3253901446641745,0.15646433470507537
6,0.054,9,360.55890642406297,3000.0,0.0,581.0,72.17391433106692,15.242181139387688,1416.0,240.4720032881257,51.40168082374139,256.0,42.80536208963978,8.870945013054138,10.0,0.9999999999999999,0.10000000000000003,79.0,3.6957605150345447,0.17361111111111097
7,0.0,6,359.97462243613336,3000.0,1000.0,567.0,71.01184748576738,14.516830326113604,1339.0,227.9314558996414,49.78868418080961,364.0,61.22531568754652,13.17771020968404,0.0,0.0,0.0,0.0,0.0,0.0
