id,probability_maraud,successful_mating,next_foraging_time,x_pos,y_pos,foraging_events,foraging_hrs,foraging_sqhrs,staying_events,staying_hrs,staying_sqhrs,repairing_events,repairing_hrs,repairing_sqhrs,marauding_events,marauding_hrs,marauding_sqhrs,traveling_events,traveling_hrs,traveling_sqhrs
0,0.054,15,359.91063721898917,0.0,0.0,565.0,71.23696791068757,15.422496382870918,1366.0,234.92743971697956,50.68628335962857,283.0,48.55612725184653,10.45960893528219,17.0,1.7000000000000004,0.1700000000000001,76.0,3.614401287586363,0.173611111111111
1,0.054,9,359.8464654749852,0.0,1000.0,564.0,70.23804931489234,14.250745099266897,1201.0,207.87313636465245,45.266554972114726,442.0,77.417770620723,16.58341879860939,11.0,1.0999999999999999,0.11000000000000004,72.0,3.39086299477404,0.1607510288065843
2,0.054,6,360.01606197826965,1000.0,0.0,556.0,70.60098382721358,14.904962513352519,1049.0,177.0226259658624,37.652461778567144,618.0,107.83132117087098,23.234020904297235,12.0,1.2,0.12000000000000005,73.0,3.437159291070336,0.1628943758573387
3,0.054,10,360.20346655106096,1000.0,1000.0,562.0,70.71801188597448,15.367693856862768,1240.0,211.01486773717474,44.933087130367554,442.0,73.43299859216707,15.395412445271047,13.0,1.3,0.13000000000000006,77.0,3.583991368628383,0.16718106995884757
4,0.054,8,360.04390467648454,2000.0,0.0,563.0,73.86519603961528,16.358824513113213,1313.0,225.7454680699712,48.60972382991495,302.0,54.77979010792612,12.24277372763068,12.0,1.2,0.12000000000000005,97.0,4.490740740740744,0.20790466392318205
5,0.054,13,360.35881371767135,2000.0,1000.0,549.0,69.65230556751945,14.497074179294867,1368.0,230.7528470461594,49.709689591597545,310.0,54.70605018857216,11.89680094304796,15.0,1.5000000000000002,0.15000000000000008,77.0,3.583991368628383,0.16718106995884757
6,0.0,6,359.946462801971,3000.0,0.0,562.0,66.97965526279249,13.482920416562802,1570.0,262.5509149959843,56.577806821637246,187.0,30.489047242822146,6.386797188111059,0.0,0.0,0.0,0.0,0.0,0.0
7,0.0,5,360.3316719736789,3000.0,1000.0,569.0,70.88273835079183,15.214266571779067,1480.0,252.85442303770265,54.38169920718972,215.0,36.47511660216882,7.7361221493639745,0.0,0.0,0.0,0.0,0.0,0.0
