id,probability_maraud,successful_mating,next_foraging_time,x_pos,y_pos,foraging_events,foraging_hrs,foraging_sqhrs,staying_events,staying_hrs,staying_sqhrs,repairing_events,repairing_hrs,repairing_sqhrs,marauding_events,marauding_hrs,marauding_sqhrs,traveling_events,traveling_hrs,traveling_sqhrs
0,0.054,8,360.5297731952094,0.0,0.0,568.0,67.41469706934693,13.247350817697138,1476.0,251.71857130609817,53.57745347496055,236.0,36.40683951150641,7.309782339039651,12.0,1.2,0.12000000000000005,71.0,3.3253901446641745,0.15646433470507537
1,0.054,14,359.84764469555313,0.0,1000.0,559.0,67.59756156960206,13.928191032341223,1324.0,220.99027710915755,46.42510238860618,398.0,67.00500963929723,14.5085428804251,10.0,0.9999999999999999,0.10000000000000003,75.0,3.4722222222222214,0.16075102880658423
2,0.054,11,360.3274852303226,1000.0,0.0,566.0,72.66256861984333,15.99043173496275,1228.0,209.35206500975443,44.97483069775165,447.0,73.13763764083265,14.99591861547417,16.0,1.6000000000000003,0.1600000000000001,71.0,3.3062135908506054,0.1543209876543209
3,0.054,10,360.226349858009,1000.0,1000.0,557.0,75.01241567337712,16.79988069714413,1141.0,194.13118961944502,41.23095469818692,511.0,85.45202041624484,18.15410879627812,17.0,1.7000000000000004,0.1700000000000001,81.0,3.7883531076271373,0.17789780521261983
4,0.0,9,360.32179517430615,2000.0,0.0,579.0,71.24894855162087,15.090691220632612,1196.0,203.27930184828776,43.402737826606746,505.0,85.79410360699306,18.639670328339736,0.0,0.0,0.0,0.0,0.0,0.0
5,0.0,7,359.9877356642549,2000.0,1000.0,559.0,73.38933547970822,16.480950058624074,1196.0,201.21720580420856,42.594304122798754,500.0,85.48124615777225,18.246438949125046,0.0,0.0,0.0,0.0,0.0,0.0
6,0.054,5,360.1736738957793,3000.0,0.0,570.0,72.56908649532483,15.477478481384251,1392.0,239.33519313806917,52.51082014069505,257.0,42.776356138259075,9.069054591301992,20.0,2.0000000000000004,0.20000000000000012,78.0,3.6302876649246794,0.16932441700960202
7,0.054,8,360.5602888041827,3000.0,1000.0,568.0,69.97005565903352,14.604389630302165,1333.0,224.1861165872552,47.57302463867719,354.0,61.16351431338658,13.395671023274977,13.0,1.3,0.13000000000000006,73.0,3.437159291070336,0.16289437585733868
