id,probability_maraud,successful_mating,next_foraging_time,x_pos,y_pos,foraging_events,foraging_hrs,foraging_sqhrs,staying_events,staying_hrs,staying_sqhrs,repairing_events,repairing_hrs,repairing_sqhrs,marauding_events,marauding_hrs,marauding_sqhrs,traveling_events,traveling_hrs,traveling_sqhrs
0,0.0,11,360.0187393188812,0.0,0.0,573.0,74.03407080421226,15.630813537231937,1514.0,255.39726756070417,54.32352148980739,187.0,30.666946007396586,6.3683181833404685,0.0,0.0,0.0,0.0,0.0,0.0
1,0.054,6,360.50482482935536,0.0,1000.0,578.0,71.08879709803257,14.519709433166673,1524.0,258.9461717560053,55.69038389121853,143.0,24.681556024711686,5.362808935648609,14.0,1.4000000000000001,0.14000000000000007,85.0,3.9543617389987533,0.18432784636488317
2,0.0,5,360.154382970482,1000.0,0.0,569.0,72.23500255106957,15.546332536829834,1472.0,244.67117942872852,51.75265538856845,251.0,43.13877631539631,9.394859694290755,0.0,0.0,0.0,0.0,0.0,0.0
3,0.054,7,360.2578762076917,1000.0,1000.0,561.0,71.50919929276434,14.649234841003548,1248.0,205.66721972423818,43.093222304913574,466.0,78.77344782567704,16.63950133250064,7.0,0.7,0.07,72.0,3.3525098871469017,0.15646433470507534
4,0.054,12,359.96512765637743,2000.0,0.0,553.0,68.80246862670909,14.098581306541057,1440.0,237.72853648946,49.94703219960996,276.0,48.42149044245793,10.52562882134392,13.0,1.3,0.13000000000000006,81.0,3.7883531076271373,0.1778978052126198
5,0.054,11,360.31202007554623,2000.0,1000.0,573.0,70.72537322167769,14.784952435854194,1327.0,223.52530958819563,48.3108606737672,366.0,60.94320041893688,12.80219542447613,12.0,1.2,0.12000000000000005,76.0,3.6144012875863636,0.17361111111111094
6,0.054,14,359.8803107530181,3000.0,0.0,565.0,72.26835969020102,14.738762707396969,1399.0,240.73298872135524,52.46442459255786,255.0,43.096885858144475,9.267478444134412,12.0,1.2,0.12000000000000005,63.0,2.916666666666666,0.13503086419753088
7,0.054,6,360.0430484919156,3000.0,1000.0,573.0,69.49689544351547,14.764639204073807,1234.0,208.98821283356736,44.12464721938115,463.0,77.15829008039393,16.379779333597426,9.0,0.8999999999999999,0.09000000000000002,75.0,3.5105753298493596,0.16503772290809315
