id,probability_maraud,successful_mating,next_foraging_time,x_pos,y_pos,foraging_events,foraging_hrs,foraging_sqhrs,staying_events,staying_hrs,staying_sqhrs,repairing_events,repairing_hrs,repairing_sqhrs,marauding_events,marauding_hrs,marauding_sqhrs,traveling_events,traveling_hrs,traveling_sqhrs
0,0.054,5,360.120631969892,0.0,0.0,567.0,69.38862090508235,14.25646175120117,1415.0,237.773999782356,51.129812432805096,294.0,48.61264878133763,10.284617014810488,11.0,1.0999999999999999,0.11000000000000004,69.0,3.232797552071582,0.15217764060356645
1,0.0,11,359.9729137006576,0.0,1000.0,558.0,67.60717911845171,13.512428762261107,1409.0,244.3430555247916,53.00471132790372,279.0,48.18704162666315,10.366199172867285,0.0,0.0,0.0,0.0,0.0,0.0
2,0.054,12,360.41708695682513,1000.0,0.0,561.0,72.37150003485553,15.598292545743695,1023.0,173.93263852869498,37.62755413679483,634.0,108.99163928660558,23.721708384071917,16.0,1.6000000000000003,0.1600000000000001,66.0,3.1130852169962626,0.14789094650205756
3,0.054,11,360.34783420724983,1000.0,1000.0,578.0,70.14433318414343,14.057089221958552,1359.0,223.719246529135,46.38649095354858,371.0,60.97726346221744,12.706605092862874,13.0,1.3,0.13000000000000006,85.0,4.011891400439461,0.19075788751714648
4,0.054,10,359.8512251509001,2000.0,0.0,568.0,70.01572643155973,14.227174943121303,1424.0,242.08996367412144,51.84354879818518,248.0,42.79925085444962,9.454376428234767,14.0,1.4000000000000001,0.14000000000000007,80.0,3.742056811330841,0.17575445816186536
5,0.054,5,359.9781967471418,2000.0,1000.0,578.0,68.00290060964872,13.505595969894967,1154.0,196.116888841255,42.239257126649896,545.0,91.62646206877632,19.702942165094605,14.0,1.4000000000000001,0.14000000000000007,66.0,3.093908663182693,0.1457475994513031
6,0.0,10,360.2674702686316,3000.0,0.0,565.0,71.14560323620537,15.027257908045378,1327.0,221.62036957906872,47.24263929150793,403.0,67.3787728585865,14.295597016910278,0.0,0.0,0.0,0.0,0.0,0.0
7,0.054,8,359.98613586740044,3000.0,1000.0,560.0,71.65340791219876,14.528379118337442,1523.0,253.00322441097111,53.82137750618379,177.0,29.99268778477528,6.430986120330286,14.0,1.4000000000000001,0.14000000000000007,89.0,4.158723477997509,0.1950445816186554
