id,probability_maraud,successful_mating,next_foraging_time,x_pos,y_pos,foraging_events,foraging_hrs,foraging_sqhrs,staying_events,staying_hrs,staying_sqhrs,repairing_events,repairing_hrs,repairing_sqhrs,marauding_events,marauding_hrs,marauding_sqhrs,traveling_events,traveling_hrs,traveling_sqhrs
0,0.054,9,360.1622780317042,0.0,0.0,562.0,69.37098302258882,14.225082748780027,1311.0,219.58522243003668,46.238057484473075,409.0,66.77066203001928,13.702153193341315,8.0,0.7999999999999999,0.08000000000000002,75.0,3.4913987760357905,0.1628943758573387
1,0.054,4,360.1584054188206,0.0,1000.0,562.0,73.27084118608113,15.947465117540736,1269.0,209.09033502557023,43.661546522979805,425.0,73.7106862704196,16.138241782594026,11.0,1.0999999999999999,0.11000000000000004,62.0,2.889546924183939,0.13503086419753088
2,0.054,15,360.0901899131099,1000.0,0.0,570.0,71.13987220004955,14.444292793798892,1377.0,235.632368582498,51.16265850457022,290.0,48.73672934581703,10.157275371111254,13.0,1.3,0.13000000000000006,74.0,3.4834555873666324,0.16503772290809315
3,0.054,8,360.168836027482,1000.0,1000.0,566.0,73.90906177700819,16.188583887712443,1401.0,232.6879086827269,49.44812987049186,302.0,48.80624704481065,10.164901774032636,10.0,0.9999999999999999,0.10000000000000003,83.0,3.8425925925925917,0.1778978052126198
4,0.054,16,360.0616546104691,2000.0,0.0,570.0,70.22834530813554,14.162065725605895,1417.0,235.44646074540998,49.26199238981546,287.0,48.85747346176594,10.324841889870859,17.0,1.7000000000000004,0.1700000000000001,83.0,3.8617691464061608,0.18004115226337428
5,0.0,10,359.91263577243166,2000.0,1000.0,579.0,70.41489185315075,14.383984844885761,1407.0,234.33007675140414,50.21420037473718,337.0,55.32255387126984,11.607989956936276,0.0,0.0,0.0,0.0,0.0,0.0
6,0.054,3,360.3151189307515,3000.0,0.0,569.0,71.79686664183416,14.747030609617049,1453.0,246.44017827493028,52.893485084950534,222.0,36.83260743416922,7.781298856605323,13.0,1.3,0.13000000000000006,79.0,3.6574074074074066,0.16932441700960202
7,0.0,7,360.07070170624485,3000.0,1000.0,558.0,72.94019459471026,15.64592555070909,1426.0,238.29331189475027,51.043203181522344,286.0,48.85430267275011,10.342210683514052,0.0,0.0,0.0,0.0,0.0,0.0
