id,probability_maraud,successful_mating,next_foraging_time,x_pos,y_pos,foraging_events,foraging_hrs,foraging_sqhrs,staying_events,staying_hrs,staying_sqhrs,repairing_events,repairing_hrs,repairing_sqhrs,marauding_events,marauding_hrs,marauding_sqhrs,traveling_events,traveling_hrs,traveling_sqhrs
0,0.054,6,360.772977222463,0.0,0.0,573.0,67.94534188725645,13.73899775429405,1249.0,209.09504056477675,44.435659879161925,459.0,78.9638085084697,17.378783207180167,9.0,0.8999999999999999,0.09000000000000002,71.0,3.3062135908506054,0.1543209876543209
1,0.054,8,359.94167860882925,0.0,1000.0,558.0,69.34366649568865,14.392862454451484,1258.0,213.2275945223301,46.24878081650099,431.0,72.82343036336488,15.265750960122746,12.0,1.2,0.12000000000000005,74.0,3.4451024797394942,0.16075102880658423
2,0.054,7,359.93252883865904,1000.0,0.0,562.0,68.44605999308956,13.84696843368947,1273.0,213.36203073484012,45.63299368722025,427.0,73.43177809009354,16.06305098179907,11.0,1.0999999999999999,0.11000000000000004,79.0,3.714937068848114,0.17575445816186536
3,0.054,15,360.4747746530243,1000.0,1000.0,562.0,70.07619317016216,14.706376558480775,1209.0,206.10373419239974,44.39009428526022,471.0,79.13210481074071,17.273577362473144,14.0,1.4000000000000001,0.14000000000000007,70.0,3.317446955995017,0.15860768175582982
4,0.054,10,359.94131613643475,2000.0,0.0,574.0,69.2083504687115,15.082819555860047,1454.0,242.61459449248653,51.36045717764969,263.0,43.68973007865135,9.521692020682185,11.0,1.0999999999999999,0.11000000000000004,75.0,3.5297518836629287,0.16718106995884757
5,0.054,11,359.9902388072446,2000.0,1000.0,557.0,68.0441854802727,14.052834065569156,1456.0,249.88342112714403,54.26191673495613,217.0,36.60274180236441,7.726153234131721,19.0,1.9000000000000006,0.1900000000000001,78.0,3.6494642187382484,0.17146776406035646
6,0.0,9,360.4540314943936,3000.0,0.0,565.0,72.79668329585803,15.433759367706037,1499.0,262.8805800077133,57.016112650656005,150.0,24.44407866846504,5.255090975605228,0.0,0.0,0.0,0.0,0.0,0.0
7,0.0,6,360.01059506820366,3000.0,1000.0,555.0,71.65728687174519,14.532513530426908,1412.0,239.543101166598,51.73351333135649,271.0,48.91223472273166,10.729487154964016,0.0,0.0,0.0,0.0,0.0,0.0
