id,probability_maraud,successful_mating,next_foraging_time,x_pos,y_pos,foraging_events,foraging_hrs,foraging_sqhrs,staying_events,staying_hrs,staying_sqhrs,repairing_events,repairing_hrs,repairing_sqhrs,marauding_events,marauding_hrs,marauding_sqhrs,traveling_events,traveling_hrs,traveling_sqhrs
0,0.054,8,360.5779630479171,0.0,0.0,561.0,71.35269183497526,15.120860692374853,1150.0,198.70643506907942,43.04944106029936,508.0,85.46784358716569,18.459495084728676,14.0,1.4000000000000001,0.14000000000000007,68.0,3.1865012557752856,0.150034293552812
1,0.054,8,360.13161783559923,0.0,1000.0,566.0,71.3140198475441,14.255408687687574,1342.0,227.72166499527816,49.40407709228392,319.0,56.275081170262155,12.23176543774902,12.0,1.2,0.12000000000000005,77.0,3.603167922441952,0.16932441700960202
2,0.054,10,360.0952579669217,1000.0,0.0,566.0,72.51698051434077,15.590487134638012,1257.0,210.1301719793026,45.31934112591002,442.0,73.24440396000576,15.429702471404408,10.0,0.9999999999999999,0.10000000000000003,69.0,3.232797552071582,0.15217764060356648
3,0.054,10,360.2517762524039,1000.0,1000.0,562.0,68.4832248651831,13.291542122804215,1303.0,219.73927928324488,47.25464502606795,391.0,67.40054367721656,14.623492468720865,11.0,1.0999999999999999,0.11000000000000004,71.0,3.3062135908506054,0.1543209876543209
4,0.0,11,360.4017583648784,2000.0,0.0,569.0,72.52132349266832,14.897246208330612,1527.0,257.0188598781438,54.555052733986216,183.0,30.58540628559735,6.5037757442847335,0.0,0.0,0.0,0.0,0.0,0.0
5,0.054,8,360.05133432614497,2000.0,1000.0,567.0,69.63506929657854,14.07657651074382,1441.0,242.80666197365832,51.518388259688734,264.0,42.74071293333852,9.02587735386007,13.0,1.3,0.13000000000000006,77.0,3.6415210300690903,0.173611111111111
6,0.0,8,360.1365712447842,3000.0,0.0,564.0,66.67831266954676,12.988876132042535,1498.0,258.8012498893979,56.00074223690527,197.0,34.72031957716335,7.583130817210677,0.0,0.0,0.0,0.0,0.0,0.0
7,0.054,9,360.10968065074957,3000.0,1000.0,584.0,69.04778026092221,14.106719558472657,1498.0,255.40158680477276,54.71595925596346,182.0,30.411237507889844,6.416532466139583,10.0,0.9999999999999999,0.10000000000000003,92.0,4.27843581307283,0.19933127572016426
