id,probability_maraud,successful_mating,next_foraging_time,x_pos,y_pos,foraging_events,foraging_hrs,foraging_sqhrs,staying_events,staying_hrs,staying_sqhrs,repairing_events,repairing_hrs,repairing_sqhrs,marauding_events,marauding_hrs,marauding_sqhrs,traveling_events,traveling_hrs,traveling_sqhrs
0,0.054,13,360.3499620915067,0.0,0.0,580.0,72.25447774118638,15.472780712345866,1337.0,221.497610068081,46.45822566384542,360.0,61.27406583707297,13.32345244614763,12.0,1.2,0.12000000000000005,84.0,3.908065442702457,0.1821844993141287
1,0.054,5,359.9824401826868,0.0,1000.0,568.0,69.80931879841893,13.927052096559274,1450.0,247.8435249131459,52.94189860957984,215.0,36.61500912661348,7.935602683276897,17.0,1.7000000000000004,0.1700000000000001,88.0,4.0932506278876435,0.19075788751714648
2,0.054,12,359.9321791521805,1000.0,0.0,567.0,67.0134093324428,13.402010324027025,1402.0,241.77290785372037,52.90410552831148,285.0,47.50129464077977,10.173220046062486,6.0,0.6,0.06000000000000001,67.0,3.1402049594789894,0.14789094650205756
3,0.0,10,359.9787082270516,1000.0,1000.0,558.0,73.05193144527034,16.877385013285043,1399.0,238.07810983038428,50.98209229072157,283.0,48.892902554593206,10.722412509845453,0.0,0.0,0.0,0.0,0.0,0.0
4,0.054,8,360.1772528364251,2000.0,0.0,563.0,68.71107881613018,14.103187770110992,1249.0,214.8359574075143,46.80708085189169,445.0,72.97068499760226,15.242333520519331,9.0,0.8999999999999999,0.09000000000000002,58.0,2.6851851851851847,0.12431412894375864
5,0.0,5,360.3083826886581,2000.0,1000.0,572.0,67.03492945266551,13.157574235169276,1352.0,232.10413207843558,50.1622443845285,365.0,60.953681283543254,13.210417181734092,0.0,0.0,0.0,0.0,0.0,0.0
6,0.054,10,360.3414969251136,3000.0,0.0,572.0,71.2496536739739,15.061335590526868,1343.0,227.86715482084333,48.57761712191211,331.0,55.567610869837786,12.143251605861913,11.0,1.0999999999999999,0.11000000000000004,92.0,4.2976123668863995,0.2014746227709187
7,0.054,9,360.518437483985,3000.0,1000.0,558.0,72.33239165433105,16.185052782399424,1504.0,258.57131271482723,55.51568954368905,140.0,24.269698511237646,5.335917548826242,13.0,1.3,0.13000000000000006,79.0,3.714937068848114,0.17575445816186538
