id,probability_maraud,successful_mating,next_foraging_time,x_pos,y_pos,foraging_events,foraging_hrs,foraging_sqhrs,staying_events,staying_hrs,staying_sqhrs,repairing_events,repairing_hrs,repairing_sqhrs,marauding_events,marauding_hrs,marauding_sqhrs,traveling_events,traveling_hrs,traveling_sqhrs
0,0.054,4,360.4956107926889,0.0,0.0,565.0,73.61009016671156,15.591707248093078,1328.0,227.14199748244826,49.37663264854648,332.0,54.99722270823543,11.550357744704288,8.0,0.7999999999999999,0.08000000000000002,77.0,3.6223444762555213,0.1714677640603565
1,0.054,13,359.87435628231236,0.0,1000.0,567.0,71.15517790808256,15.372245604802599,1368.0,229.6346619236509,48.591968704492636,322.0,54.56990442410317,12.179596898983206,15.0,1.5000000000000002,0.15000000000000008,69.0,3.24074074074074,0.1543209876543209
2,0.0,14,360.1861736303474,1000.0,0.0,557.0,70.57907274339863,14.689951406311577,1372.0,234.55096275085302,50.11406970356911,337.0,54.88030337363453,11.450871530030852,0.0,0.0,0.0,0.0,0.0,0.0
3,0.054,11,360.08089063692137,1000.0,1000.0,570.0,72.68359684987163,15.19719323365091,1393.0,232.88690650964338,48.65569071247795,279.0,49.21201297037123,11.204320118052651,12.0,1.2,0.12000000000000005,86.0,4.019834589108619,0.18861454046639203
4,0.054,10,360.2259164446417,2000.0,0.0,560.0,69.18662979647259,14.085220266252552,1288.0,225.4056583054818,49.00374118949589,364.0,61.30547456364941,12.956919762882839,14.0,1.4000000000000001,0.14000000000000007,58.0,2.742714846625892,0.130744170096022
5,0.0,10,360.127051092232,2000.0,1000.0,571.0,69.0146163882051,14.240991148343191,1244.0,205.75511503426262,43.86110767994726,502.0,85.38373842572518,18.554248996217243,0.0,0.0,0.0,0.0,0.0,0.0
6,0.054,5,360.322722320694,3000.0,0.0,566.0,73.5507893923117,15.443437662149856,1303.0,219.82292817879537,46.3815270656157,357.0,61.34657606934589,13.173367401310353,17.0,1.7000000000000004,0.1700000000000001,78.0,3.6494642187382484,0.17146776406035646
7,0.054,5,360.15368684804923,3000.0,1000.0,575.0,68.37324375104417,12.854186063036336,1399.0,237.56989276216592,50.975037459130945,293.0,48.799487350935706,10.073967040342067,12.0,1.2,0.12000000000000005,87.0,4.066130885404916,0.19075788751714653
