id,probability_maraud,successful_mating,next_foraging_time,x_pos,y_pos,foraging_events,foraging_hrs,foraging_sqhrs,staying_events,staying_hrs,staying_sqhrs,repairing_events,repairing_hrs,repairing_sqhrs,marauding_events,marauding_hrs,marauding_sqhrs,traveling_events,traveling_hrs,traveling_sqhrs
0,0.054,5,360.0131320459992,0.0,0.0,567.0,69.33541214820161,14.216596367223222,1432.0,237.32505326867994,50.059080487407506,297.0,48.92268765343698,10.490409049194152,7.0,0.7,0.07,81.0,3.769176553813568,0.17575445816186536
1,0.054,9,359.8772935002107,0.0,1000.0,571.0,73.3365505458058,16.36232834627748,1383.0,232.81988652831024,49.73406424480858,300.0,49.23286415438525,10.085443061513054,10.0,0.9999999999999999,0.10000000000000003,80.0,3.742056811330841,0.17575445816186538
2,0.054,11,359.9389837415847,1000.0,0.0,563.0,75.54747200921092,16.37557214070315,1249.0,207.58295486183417,44.13066718502573,429.0,72.82740549766875,15.497289936423298,13.0,1.3,0.13000000000000006,62.0,2.889546924183939,0.13503086419753088
3,0.054,11,360.0345135164615,1000.0,1000.0,567.0,72.34995185246993,16.60232453322824,1232.0,209.95525332626957,45.68285530813717,423.0,73.5544448778106,16.384966671781363,10.0,0.9999999999999999,0.10000000000000003,70.0,3.279093848367878,0.15432098765432092
4,0.054,9,360.2752586909238,2000.0,0.0,564.0,73.12785496834412,15.972908663737455,1258.0,215.42430482104112,46.3735806697651,398.0,67.1154857406132,13.973103500084097,11.0,1.0999999999999999,0.11000000000000004,72.0,3.3716864409604708,0.1586076817558298
5,0.0,12,360.0767311642224,2000.0,1000.0,566.0,72.7983869768036,15.466644644661557,1503.0,250.87052332310398,52.77723450525146,207.0,36.39933996675855,8.00956290786535,0.0,0.0,0.0,0.0,0.0,0.0
6,0.054,5,360.46614302214954,3000.0,0.0,572.0,70.50833804452765,15.226691313721235,1629.0,277.90098738531447,59.26823526116726,33.0,6.2235749065945765,1.3505157386180087,15.0,1.5000000000000002,0.15000000000000008,83.0,3.9576519154740066,0.1907578875171465
7,0.0,10,360.6303925274197,3000.0,1000.0,565.0,70.55147166048906,14.90679706533074,1429.0,240.92758147824134,50.76857158902802,307.0,48.59694609707094,9.92058266189996,0.0,0.0,0.0,0.0,0.0,0.0
