id,probability_maraud,successful_mating,next_foraging_time,x_pos,y_pos,foraging_events,foraging_hrs,foraging_sqhrs,staying_events,staying_hrs,staying_sqhrs,repairing_events,repairing_hrs,repairing_sqhrs,marauding_events,marauding_hrs,marauding_sqhrs,traveling_events,traveling_hrs,traveling_sqhrs
0,0.054,7,360.04209701212386,0.0,0.0,581.0,71.41279716093251,15.200146276356996,1638.0,270.8132951223067,56.95334769228127,72.0,12.169888741769691,2.6342792681453546,17.0,1.7000000000000004,0.1700000000000001,86.0,3.9814814814814805,0.18432784636488314
1,0.054,6,360.0717187300564,0.0,1000.0,569.0,71.82606951202023,16.033412140838596,1390.0,231.79607053664287,48.32456056293332,308.0,52.88413814574758,11.33620502285006,5.0,0.5,0.05000000000000001,71.0,3.2870370370370363,0.15217764060356645
2,0.0,8,360.5125073271649,1000.0,0.0,559.0,71.72584340035228,15.783129989568799,1283.0,212.42459659600354,45.14403921937996,443.0,75.97280660727257,16.50129288710532,0.0,0.0,0.0,0.0,0.0,0.0
3,0.054,10,359.7661543291295,1000.0,1000.0,562.0,70.62979523527129,14.78166943059551,1536.0,259.4408122243309,55.061031688404434,142.0,24.804197008306403,5.46395546231716,6.0,0.6,0.06000000000000001,98.0,4.556213590850611,0.21219135802469094
4,0.054,14,360.3342131056661,2000.0,0.0,573.0,72.78242785141606,14.886024606745266,1493.0,251.5316828831156,53.71609859467031,197.0,31.658409573419373,6.740385954601577,4.0,0.4,0.04000000000000001,83.0,3.900122254033299,0.18432784636488317
5,0.0,9,360.36597005198144,2000.0,1000.0,559.0,73.14968009732779,16.671877265464893,1326.0,225.61695793878758,48.93471932358736,375.0,61.321817556576434,12.710919990841376,0.0,0.0,0.0,0.0,0.0,0.0
6,0.054,12,359.9796118212432,3000.0,0.0,569.0,70.75041670681541,14.077897769976698,1386.0,235.3227038936335,50.84144200763006,288.0,49.104939307125484,10.68417421924338,16.0,1.6000000000000003,0.1600000000000001,71.0,3.2870370370370363,0.15217764060356645
7,0.054,6,360.11379495614085,3000.0,1000.0,569.0,67.81639188558661,13.6221296714295,1343.0,230.00587666541264,48.84029567833291,355.0,56.62465713663612,11.574971244992547,14.0,1.4000000000000001,0.14000000000000007,89.0,4.158723477997509,0.1950445816186554
