id,probability_maraud,successful_mating,next_foraging_time,x_pos,y_pos,foraging_events,foraging_hrs,foraging_sqhrs,staying_events,staying_hrs,staying_sqhrs,repairing_events,repairing_hrs,repairing_sqhrs,marauding_events,marauding_hrs,marauding_sqhrs,traveling_events,traveling_hrs,traveling_sqhrs
0,0.054,10,360.4084523443872,0.0,0.0,585.0,67.68703904448188,13.291257511485735,1450.0,243.9348687121177,51.40019507708588,264.0,42.72993770391014,8.880498225457673,17.0,1.7000000000000004,0.1700000000000001,89.0,4.13954692418394,0.19290123456790093
1,0.054,7,360.3081182289165,0.0,1000.0,568.0,74.07254435177136,15.756986666118415,1282.0,219.89546901521348,48.3279490417099,364.0,60.91639275460084,12.812398347174135,15.0,1.5000000000000002,0.15000000000000008,79.0,3.6574074074074066,0.16932441700960202
2,0.054,7,360.01075736208827,1000.0,0.0,558.0,73.68961825244897,15.476441156856128,1068.0,183.64064993551247,39.58180612617824,585.0,99.2979541577677,21.552389862349802,7.0,0.7,0.07,59.0,2.731481481481481,0.1264574759945131
3,0.054,9,360.395929760259,1000.0,1000.0,570.0,72.40475043255593,14.53893584356408,1060.0,185.64665780453234,40.60460328556864,579.0,98.15223750646946,20.62836506888666,11.0,1.0999999999999999,0.11000000000000004,61.0,2.881603735514781,0.13717421124828533
4,0.0,16,360.28564865349006,2000.0,0.0,558.0,68.8318961993211,13.917388734676612,1514.0,254.82771782390864,55.14183656160565,212.0,36.374114918279105,7.940662533487543,0.0,0.0,0.0,0.0,0.0,0.0
5,0.054,10,360.41355465490597,2000.0,1000.0,569.0,73.29809598905486,15.51289579125238,1323.0,215.33898908082074,44.52263281287914,392.0,67.08997821964171,14.702467490984061,13.0,1.3,0.13000000000000006,67.0,3.159381513292559,0.150034293552812
6,0.0,8,360.1291452941163,3000.0,0.0,557.0,75.82618271837583,16.893535460299752,1478.0,247.5587966431845,52.84183668602464,219.0,36.66951178575368,7.905216201951345,0.0,0.0,0.0,0.0,0.0,0.0
7,0.054,5,359.89992843409124,3000.0,1000.0,578.0,71.33915953818003,15.305822123077432,1495.0,251.93536343146815,53.914520031802795,181.0,31.14215142657635,6.643861932670372,15.0,1.5000000000000002,0.15000000000000008,90.0,4.212962962962964,0.19933127572016424
