id,probability_maraud,successful_mating,next_foraging_time,x_pos,y_pos,foraging_events,foraging_hrs,foraging_sqhrs,staying_events,staying_hrs,staying_sqhrs,repairing_events,repairing_hrs,repairing_sqhrs,marauding_events,marauding_hrs,marauding_sqhrs,traveling_events,traveling_hrs,traveling_sqhrs
0,0.054,6,359.88305537880547,0.0,0.0,567.0,68.56791626570254,14.276800443921834,1459.0,244.31275659830678,51.546997242190464,262.0,42.65576003208146,9.060725385261389,10.0,0.9999999999999999,0.10000000000000003,77.0,3.6223444762555213,0.17146776406035652
1,0.054,10,360.422931520521,0.0,1000.0,583.0,71.52618702151968,14.443867391686126,1345.0,225.3644366686816,48.21313291047177,345.0,58.02440607378516,12.210897411949405,13.0,1.3,0.13000000000000006,81.0,3.8075296614407064,0.18004115226337428
2,0.054,8,359.9646642075643,1000.0,0.0,559.0,70.2917922806708,14.581625869780622,1115.0,189.77062255842893,40.89367366540187,558.0,97.53836946148365,21.238811816436304,6.0,0.6,0.06000000000000001,42.0,1.944444444444444,0.09002057613168728
3,0.054,8,359.9073460852138,1000.0,1000.0,551.0,67.04881691881214,13.185438808346039,1341.0,227.78380150269606,49.210628208229366,355.0,60.08333653244286,13.039175500588279,16.0,1.6000000000000003,0.1600000000000001,79.0,3.7532901764752524,0.18004115226337425
4,0.054,14,360.6514569186817,2000.0,0.0,565.0,69.46801494855686,14.87712592589594,1347.0,229.41923703776263,48.52690993169067,329.0,55.22201360403758,11.850115444544755,18.0,1.8000000000000005,0.1800000000000001,89.0,4.1970765856246475,0.19933127572016432
5,0.0,10,360.7993548546938,2000.0,1000.0,562.0,69.51229909640533,13.981207148629014,1223.0,210.41098504255228,45.59666500449608,471.0,80.25616392675725,17.441968005812196,0.0,0.0,0.0,0.0,0.0,0.0
6,0.054,6,360.17133993472316,3000.0,0.0,560.0,70.650125745916,14.712769431330207,1516.0,252.59075422368,53.726685711887555,174.0,30.64915852030161,6.7301966602686765,16.0,1.6000000000000003,0.1600000000000001,100.0,4.648806183443204,0.21647805212619986
7,0.0,10,360.8731903124965,3000.0,1000.0,561.0,73.58623415042541,16.702359567558858,1429.0,237.9120964082452,50.25246062526976,292.0,48.83763554994076,10.262993257217126,0.0,0.0,0.0,0.0,0.0,0.0
