id,probability_maraud,successful_mating,next_foraging_time,x_pos,y_pos,foraging_events,foraging_hrs,foraging_sqhrs,staying_events,staying_hrs,staying_sqhrs,repairing_events,repairing_hrs,repairing_sqhrs,marauding_events,marauding_hrs,marauding_sqhrs,traveling_events,traveling_hrs,traveling_sqhrs
0,0.054,6,360.47132913679263,0.0,0.0,564.0,73.37336202759191,15.719941457497278,1371.0,231.89968008487696,49.31876732246123,313.0,48.96511814262967,9.828898495212274,17.0,1.7000000000000004,0.1700000000000001,89.0,4.158723477997509,0.1950445816186554
1,0.054,8,360.35863016075166,0.0,1000.0,567.0,69.84278838103396,15.32272542466956,1210.0,206.22446677971402,44.55846718330585,467.0,79.57238345792418,17.278928926464904,11.0,1.0999999999999999,0.11000000000000004,72.0,3.3525098871469017,0.15646433470507534
2,0.054,12,360.4371515125672,1000.0,0.0,564.0,70.68404511877154,14.763250129746279,1417.0,240.83862785547453,51.99595764213452,261.0,42.5881015024916,8.81061686264922,14.0,1.4000000000000001,0.14000000000000007,95.0,4.494030917215997,0.21433470507544547
3,0.054,9,359.99664553900834,1000.0,1000.0,574.0,71.62323343958938,14.340706342557672,1194.0,198.38380479113863,41.324283850094645,497.0,86.02321258727109,18.688769288854225,5.0,0.5,0.05000000000000001,80.0,3.722880257517272,0.1736111111111109
4,0.0,8,360.1508728160746,2000.0,0.0,558.0,72.04361403504566,14.895640534417648,1470.0,245.50385097504912,51.828098941184685,253.0,42.67005411054553,8.967321390880182,0.0,0.0,0.0,0.0,0.0,0.0
5,0.054,13,360.37448933395143,2000.0,1000.0,565.0,73.5690664039909,15.66651206142733,1332.0,226.7318674995406,48.87732741823386,334.0,54.85518924918165,11.23258243110107,13.0,1.3,0.13000000000000006,80.0,3.742056811330841,0.17575445816186536
6,0.0,7,360.5265844730511,3000.0,0.0,573.0,71.69353448891985,14.922915938157784,1490.0,251.18329007591126,54.208991262727416,220.0,37.15418555500334,7.828405594468872,0.0,0.0,0.0,0.0,0.0,0.0
7,0.054,9,360.2562393672259,3000.0,1000.0,561.0,72.5976507870512,15.071778494542816,1421.0,237.07659653554143,50.867958762772325,277.0,46.036191286161696,9.937873210879948,12.0,1.2,0.12000000000000005,71.0,3.2870370370370363,0.15217764060356645
