id,probability_maraud,successful_mating,next_foraging_time,x_pos,y_pos,foraging_events,foraging_hrs,foraging_sqhrs,staying_events,staying_hrs,staying_sqhrs,repairing_events,repairing_hrs,repairing_sqhrs,marauding_events,marauding_hrs,marauding_sqhrs,traveling_events,traveling_hrs,traveling_sqhrs
0,0.054,8,360.0417609607312,0.0,0.0,557.0,71.24281243430787,15.232503487531725,1469.0,253.67363593781644,55.37501836918429,180.0,30.6353643349471,6.39430874409766,11.0,1.0999999999999999,0.11000000000000004,74.0,3.4834555873666324,0.16503772290809315
1,0.054,4,360.56603435885796,0.0,1000.0,569.0,71.73262715343073,14.404669862244317,1253.0,210.70686401027922,44.51200248407536,447.0,72.96741980220501,15.447750186613614,10.0,0.9999999999999999,0.10000000000000003,79.0,3.6574074074074066,0.16932441700960202
2,0.054,10,360.292366330277,1000.0,0.0,576.0,71.80658061868621,14.74203094185655,1439.0,245.01802895907625,53.00531605977264,208.0,36.83332672166539,8.089538829848996,11.0,1.0999999999999999,0.11000000000000004,115.0,5.419956843141931,0.2572016460905344
3,0.054,11,360.4964916322135,1000.0,1000.0,555.0,71.52240492021879,14.93269284443258,1242.0,211.230408489435,45.41682260764189,440.0,73.35469743489851,15.716366271942512,13.0,1.3,0.13000000000000006,56.0,2.611769146406161,0.12217078189300418
4,0.0,8,359.7398573951906,2000.0,0.0,568.0,71.61959597704735,14.921247799075264,1090.0,187.54992365661957,40.01340937102417,609.0,100.84722989759025,20.792255624362543,0.0,0.0,0.0,0.0,0.0,0.0
5,0.0,8,360.19731573077934,2000.0,1000.0,560.0,70.27127816781672,14.394054977295793,1363.0,228.5612712603657,48.01074036847795,341.0,61.1738357751665,13.606636048003065,0.0,0.0,0.0,0.0,0.0,0.0
6,0.054,11,360.77917363924496,3000.0,0.0,567.0,71.31376100184255,14.659586968683994,1266.0,217.2477891332973,47.10411393491362,394.0,66.77704252420546,14.16036643295955,15.0,1.5000000000000002,0.15000000000000008,72.0,3.3333333333333326,0.1543209876543209
7,0.054,12,360.6315868619841,3000.0,1000.0,561.0,73.37697985351218,15.940706002653311,1537.0,256.3628795980138,54.28704628852808,143.0,24.326335228330002,5.160731990821815,17.0,1.7000000000000004,0.1700000000000001,91.0,4.289669178217241,0.20361796982167318
