id,probability_maraud,successful_mating,next_foraging_time,x_pos,y_pos,foraging_events,foraging_hrs,foraging_sqhrs,staying_events,staying_hrs,staying_sqhrs,repairing_events,repairing_hrs,repairing_sqhrs,marauding_events,marauding_hrs,marauding_sqhrs,traveling_events,traveling_hrs,traveling_sqhrs
0,0.0,4,360.35851426757,0.0,0.0,558.0,70.73842770535151,14.762180136463318,1359.0,228.22658340473723,48.76192077752654,362.0,61.21041894871668,13.057387540067584,0.0,0.0,0.0,0.0,0.0,0.0
1,0.054,7,360.3015612542652,0.0,1000.0,563.0,71.78975194129049,16.145144041653055,1463.0,247.2005615310623,53.36342865332693,231.0,36.717071660748,7.730590417742248,8.0,0.7999999999999999,0.08000000000000002,79.0,3.6957605150345447,0.17361111111111094
2,0.054,11,360.11585988428453,1000.0,0.0,563.0,69.59320913443338,14.282569231707248,1383.0,236.33582945086346,50.55677125255824,308.0,48.831030371422784,10.108823314717803,17.0,1.7000000000000004,0.1700000000000001,82.0,3.8346494039234336,0.18004115226337428
3,0.054,10,360.10116610423506,1000.0,1000.0,565.0,70.55543933339804,13.995784384824233,1271.0,218.06007614304883,47.05955017998224,406.0,67.24738780129438,14.069148635845727,10.0,0.9999999999999999,0.10000000000000003,67.0,3.1402049594789894,0.14789094650205756
4,0.054,15,360.2275973261946,2000.0,0.0,565.0,70.2912878079856,14.101658529664416,1443.0,247.0835517374063,52.74730310824833,216.0,36.87025508777086,7.763277365625637,15.0,1.5000000000000002,0.15000000000000008,93.0,4.324732109369127,0.20147462277091874
5,0.0,9,360.1578008811249,2000.0,1000.0,575.0,69.06282403763376,14.203344473891002,1296.0,220.2058641630569,47.18469235471243,424.0,70.74142607054456,14.879778554903474,0.0,0.0,0.0,0.0,0.0,0.0
6,0.054,6,360.0263108603704,3000.0,0.0,567.0,67.6384649551609,14.310934843894438,1267.0,216.3426112334319,47.43093415523577,419.0,71.37864703667144,15.489061143389888,11.0,1.0999999999999999,0.11000000000000004,79.0,3.7341136226616833,0.17789780521261983
7,0.054,10,360.1628530906108,3000.0,1000.0,574.0,74.0225823164043,15.739892076929376,1380.0,232.75192304473293,49.51519751090654,296.0,49.053930873068545,10.274790546830726,12.0,1.2,0.12000000000000005,67.0,3.1210284056654203,0.1457475994513031
