id,probability_maraud,successful_mating,next_foraging_time,x_pos,y_pos,foraging_events,foraging_hrs,foraging_sqhrs,staying_events,staying_hrs,staying_sqhrs,repairing_events,repairing_hrs,repairing_sqhrs,marauding_events,marauding_hrs,marauding_sqhrs,traveling_events,traveling_hrs,traveling_sqhrs
0,0.054,5,360.27250685145725,0.0,0.0,568.0,72.43217548576962,15.152943876486125,1358.0,224.50812343723152,47.60971324328107,350.0,58.514944082315246,12.50132164325708,11.0,1.0999999999999999,0.11000000000000004,80.0,3.703703703703703,0.17146776406035646
1,0.054,2,360.5422064153931,0.0,1000.0,561.0,69.98327256756147,14.711689991857,1303.0,224.74784020773842,49.27752688405508,363.0,61.20401634251424,12.915358144630291,12.0,1.2,0.12000000000000005,64.0,3.0013160705901005,0.14146090534979422
2,0.054,9,359.91653712375665,1000.0,0.0,559.0,70.03850637344662,14.942989489807873,1074.0,176.86674733087779,37.650615341969306,622.0,109.85705100770343,24.574387330778507,10.0,0.9999999999999999,0.10000000000000003,49.0,2.3068716261456563,0.10931069958847742
3,0.054,13,360.22186076682084,1000.0,1000.0,561.0,68.27471922605982,14.806378286104176,1351.0,231.57263941040236,49.799015645079876,326.0,54.73288179935125,12.02238592009863,18.0,1.8000000000000005,0.1800000000000001,78.0,3.6494642187382484,0.1714677640603565
4,0.054,17,360.3534175686957,2000.0,0.0,556.0,72.66195658788185,16.07888688041594,1310.0,219.00423603731358,46.33618266965859,379.0,63.17718017145602,13.160114131779965,17.0,1.7000000000000004,0.1700000000000001,75.0,3.5105753298493596,0.16503772290809313
5,0.0,13,360.6856172394868,2000.0,1000.0,561.0,72.09508103369093,14.811561265052251,1342.0,226.8839491002384,48.292337625641395,377.0,61.12628408750569,12.791745752348952,0.0,0.0,0.0,0.0,0.0,0.0
6,0.054,4,360.42496037730126,3000.0,0.0,574.0,71.04944015751043,13.793581513218587,1377.0,229.72561789052725,48.32892750135269,333.0,54.833181443167106,11.567861298946704,16.0,1.6000000000000003,0.1600000000000001,61.0,2.8240740740740735,0.130744170096022
7,0.0,9,359.85154074748675,3000.0,1000.0,563.0,71.0350604286452,14.657571549570132,1467.0,246.5289525714211,52.82718806388667,257.0,42.50166661866617,8.59156819958197,0.0,0.0,0.0,0.0,0.0,0.0
