id,probability_maraud,successful_mating,next_foraging_time,x_pos,y_pos,foraging_events,foraging_hrs,foraging_sqhrs,staying_events,staying_hrs,staying_sqhrs,repairing_events,repairing_hrs,repairing_sqhrs,marauding_events,marauding_hrs,marauding_sqhrs,traveling_events,traveling_hrs,traveling_sqhrs
0,0.054,13,360.09524244615096,0.0,0.0,558.0,71.51311323587794,14.856635555495208,1461.0,252.3601959873095,54.90114337037794,184.0,30.578760178435243,6.237060299872586,16.0,1.6000000000000003,0.1600000000000001,90.0,4.166666666666667,0.19290123456790093
1,0.054,7,360.14323100315625,0.0,1000.0,560.0,70.45406694251082,14.306575248776781,1288.0,227.1106129945963,49.72344615158526,345.0,57.940692680889676,12.304994937527763,9.0,0.8999999999999999,0.09000000000000002,78.0,3.6494642187382484,0.17146776406035646
2,0.054,10,359.72043220167564,1000.0,0.0,566.0,69.7490958666723,15.237513538171376,1230.0,207.68189366155974,44.62098721762464,464.0,79.17539515392161,17.04123595736518,5.0,0.5,0.05000000000000001,62.0,2.908723477997508,0.13717421124828533
3,0.0,9,360.32727669114456,1000.0,1000.0,560.0,70.08414939324781,14.63928563412602,1437.0,241.29661703449372,50.92139094804743,291.0,48.71678379282331,10.060432485362217,0.0,0.0,0.0,0.0,0.0,0.0
4,0.054,13,360.20779498888396,2000.0,0.0,573.0,71.27315665298333,14.167709092617113,1566.0,264.09441787031915,56.46809425970574,122.0,18.32129154328827,3.4782760520223786,13.0,1.3,0.13000000000000006,108.0,5.057529661440716,0.23791152263374432
5,0.054,7,360.3216021598544,2000.0,1000.0,547.0,70.14753475884437,15.818788224597018,1230.0,206.77828931842723,44.49785888259565,468.0,79.70807640560919,17.054884101994894,6.0,0.6,0.06000000000000001,61.0,2.90078028932835,0.13931755829903977
6,0.0,5,360.28630662344995,3000.0,0.0,568.0,72.5394988656848,14.52888568675472,1273.0,220.27861906742842,47.91108906895485,394.0,67.1824424039967,14.264488320775916,0.0,0.0,0.0,0.0,0.0,0.0
7,0.054,8,360.2153328580973,3000.0,1000.0,569.0,73.99840185554923,16.224517749681198,1546.0,262.21968828601086,56.48606552685195,102.0,18.366469555919615,4.184301128767747,17.0,1.7000000000000004,0.1700000000000001,82.0,3.8538259577370026,0.18218449931412872
