id,probability_maraud,successful_mating,next_foraging_time,x_pos,y_pos,foraging_events,foraging_hrs,foraging_sqhrs,staying_events,staying_hrs,staying_sqhrs,repairing_events,repairing_hrs,repairing_sqhrs,marauding_events,marauding_hrs,marauding_sqhrs,traveling_events,traveling_hrs,traveling_sqhrs
0,0.054,8,359.868837657219,0.0,0.0,570.0,73.59534399441313,16.09940878129888,1401.0,232.5754757695997,48.57755609174457,296.0,48.99208161258937,10.432798432746543,13.0,1.3,0.13000000000000006,75.0,3.5489284374764978,0.16932441700960205
1,0.054,7,360.06512085489095,0.0,1000.0,559.0,66.86282735517375,12.613594794919003,1414.0,239.1038726220197,51.65363153773865,287.0,49.105524225830045,10.382582527700029,10.0,0.9999999999999999,0.10000000000000003,85.0,3.9543617389987533,0.18432784636488314
2,0.054,13,360.52170626287784,1000.0,0.0,565.0,67.6353562004362,13.66317196821067,1344.0,226.71402502835807,48.59207816070835,373.0,61.183094152724536,13.05377656085863,9.0,0.8999999999999999,0.09000000000000002,78.0,3.6494642187382484,0.1714677640603565
3,0.054,13,360.11675284021055,1000.0,1000.0,573.0,70.94993863408595,14.137071366808279,1184.0,198.8809526156382,42.01471955151926,517.0,86.18361802036542,17.98916565870887,11.0,1.0999999999999999,0.11000000000000004,67.0,3.1402049594789894,0.14789094650205756
4,0.054,13,360.10253933721384,2000.0,0.0,573.0,73.62590758926402,16.32494526716498,1434.0,238.89514015845123,50.97479614807367,242.0,42.91031330657377,9.614665022519864,8.0,0.7999999999999999,0.08000000000000002,84.0,3.946418550329595,0.1864711934156376
5,0.054,4,360.3773024564685,2000.0,1000.0,581.0,73.00118526752054,14.904017133214241,1401.0,233.07441937257514,49.716921056898066,289.0,48.601127947521434,10.300686773501484,13.0,1.3,0.13000000000000006,86.0,4.058187696735758,0.19290123456790095
6,0.0,7,360.38726192068157,3000.0,0.0,577.0,72.17522864906171,15.367979574045783,1598.0,269.5282928061485,57.95876410427477,114.0,18.329643239033018,3.8360720395480605,0.0,0.0,0.0,0.0,0.0,0.0
7,0.0,7,360.199345170525,3000.0,1000.0,556.0,73.54429692517097,16.30564539411496,1531.0,255.91944461673802,54.8265219766115,172.0,30.650864180975706,7.067324133511104,0.0,0.0,0.0,0.0,0.0,0.0
