id,probability_maraud,successful_mating,next_foraging_time,x_pos,y_pos,foraging_events,foraging_hrs,foraging_sqhrs,staying_events,staying_hrs,staying_sqhrs,repairing_events,repairing_hrs,repairing_sqhrs,marauding_events,marauding_hrs,marauding_sqhrs,traveling_events,traveling_hrs,traveling_sqhrs
0,0.0,6,360.1858816171767,0.0,0.0,554.0,68.99720764569098,14.33242765940458,1727.0,291.03522424693256,62.582002235144415,0.0,0.0,0.0,0.0,0.0,0.0,0.0,0.0,0.0
1,0.0,3,360.37797382159636,0.0,1000.0,567.0,65.77119534290244,12.417991371766423,1620.0,275.84388989607527,60.00979705874617,104.0,18.459097789352693,4.103677678228144,0.0,0.0,0.0,0.0,0.0,0.0
2,0.054,3,360.68006702912095,1000.0,0.0,565.0,71.55014261874929,14.806586516642183,1364.0,227.7881454718604,48.24015253405356,328.0,55.98294066310398,12.339959610504035,9.0,0.8999999999999999,0.09000000000000002,81.0,3.807529661440707,0.18004115226337428
3,0.054,14,359.92801743379545,1000.0,1000.0,561.0,70.5998369085074,13.846066850189668,1401.0,234.8132929872719,49.38720932980453,272.0,48.88535498415064,10.853366174783016,17.0,1.7000000000000004,0.1700000000000001,87.0,4.046954331591347,0.18861454046639203
4,0.054,15,360.2070372350618,2000.0,0.0,570.0,67.24471136916452,13.513013658065397,1331.0,221.74708701912076,46.928362797995575,411.0,67.14477693457522,14.06372881092479,9.0,0.8999999999999999,0.09000000000000002,68.0,3.1673247019617166,0.14789094650205756
5,0.054,12,360.5451980068807,2000.0,1000.0,567.0,73.99361477384137,16.291916162396134,1042.0,175.0135718230196,37.36039648317929,650.0,107.22932280937596,22.410020828754654,11.0,1.0999999999999999,0.11000000000000004,58.0,2.7618914004394615,0.13288751714677643
6,0.054,11,360.36617184664,3000.0,0.0,562.0,73.98915533632655,16.102498281882706,1269.0,221.22241496646538,48.83827961835785,370.0,60.65261999104262,12.862514056372055,7.0,0.7,0.07,77.0,3.564814814814814,0.16503772290809313
7,0.054,8,360.29404048042267,3000.0,1000.0,561.0,71.90287485139655,15.684334970498353,1294.0,220.77418122169112,47.09323011830191,368.0,61.39074756410641,12.878356537838433,17.0,1.7000000000000004,0.1700000000000001,91.0,4.270492624403672,0.20147462277091874
