id,probability_maraud,successful_mating,next_foraging_time,x_pos,y_pos,foraging_events,foraging_hrs,foraging_sqhrs,staying_events,staying_hrs,staying_sqhrs,repairing_events,repairing_hrs,repairing_sqhrs,marauding_events,marauding_hrs,marauding_sqhrs,traveling_events,traveling_hrs,traveling_sqhrs
0,0.054,6,360.2507806571134,0.0,0.0,549.0,74.71953742521652,16.597478172078638,1413.0,243.65940180446006,52.93185747521252,230.0,36.71684039504088,7.352564742639363,14.0,1.4000000000000001,0.14000000000000007,79.0,3.753290176475252,0.1800411522633743
1,0.054,5,360.2777703613921,0.0,1000.0,559.0,68.20669863331834,13.882498895895953,1192.0,203.03829161547364,44.46241785445476,508.0,84.87455787164619,18.199884856150277,8.0,0.7999999999999999,0.08000000000000002,67.0,3.101851851851851,0.14360425240054867
2,0.0,13,359.9556632711025,1000.0,0.0,577.0,67.57017632096021,13.097639082586674,1537.0,262.120493944592,56.37970507380385,180.0,30.361197591438614,6.459936731859133,0.0,0.0,0.0,0.0,0.0,0.0
3,0.054,13,360.10415154876006,1000.0,1000.0,568.0,67.66201401765464,14.08239968770609,1333.0,222.35844568840082,46.87946859953927,384.0,67.03694241615388,14.835995418432152,7.0,0.7,0.07,56.0,2.592592592592592,0.12002743484224972
4,0.0,11,360.09916982189185,2000.0,0.0,565.0,71.089600579158,15.355686696442845,1333.0,221.68563304832279,46.64418336424307,398.0,67.43670772969348,14.145406549362939,0.0,0.0,0.0,0.0,0.0,0.0
5,0.054,10,360.4006181663078,2000.0,1000.0,561.0,75.16413402251025,16.38269325782404,1409.0,236.56701505030875,50.339168240633526,260.0,42.63506717016276,9.051044303645282,18.0,1.8000000000000005,0.1800000000000001,82.0,3.873002511550572,0.18432784636488317
6,0.054,8,359.856855291349,3000.0,0.0,540.0,70.20612265944796,15.286536018481463,1366.0,230.59519178806914,49.204360218138866,339.0,54.55689273643619,11.024785661782273,10.0,0.9999999999999999,0.10000000000000003,78.0,3.6494642187382484,0.1714677640603565
7,0.054,6,360.4558758595344,3000.0,1000.0,569.0,69.67418960421017,14.009811210004221,1487.0,248.96587610819523,53.330687750907586,219.0,36.64081760060189,7.478321494112711,12.0,1.2,0.12000000000000005,77.0,3.583991368628383,0.1671810699588476
