id,probability_maraud,successful_mating,next_foraging_time,x_pos,y_pos,foraging_events,foraging_hrs,foraging_sqhrs,staying_events,staying_hrs,staying_sqhrs,repairing_events,repairing_hrs,repairing_sqhrs,marauding_events,marauding_hrs,marauding_sqhrs,traveling_events,traveling_hrs,traveling_sqhrs
0,0.054,9,359.9467606057948,0.0,0.0,568.0,68.5972948785081,12.972136274423093,1552.0,261.47478661012144,56.046604516749476,140.0,24.279993088511088,5.389779150763631,15.0,1.5000000000000002,0.15000000000000008,89.0,4.177900031811078,0.19718792866940985
1,0.0,12,360.1943333105247,0.0,1000.0,569.0,64.92484059571106,12.30704173676686,1464.0,252.48218969483924,54.8424921271073,256.0,42.59522270082921,8.9658876399302,0.0,0.0,0.0,0.0,0.0,0.0
2,0.054,8,360.16375922752457,1000.0,0.0,569.0,69.66919041193185,14.475832047824406,1212.0,204.41095604941816,43.61185901361884,483.0,81.13603596623501,17.613650997209774,12.0,1.2,0.12000000000000005,82.0,3.8538259577370026,0.18218449931412872
3,0.054,10,360.8314170521893,1000.0,1000.0,575.0,71.20404803070365,14.090231109092388,1221.0,211.16700874424214,46.07391029412865,423.0,73.67295045088937,15.925110999402749,9.0,0.8999999999999999,0.09000000000000002,69.0,3.1944444444444438,0.14789094650205756
4,0.054,9,359.9824132974565,2000.0,0.0,594.0,68.135812403362,12.599839865634744,1307.0,221.21646778621093,47.34590071725224,398.0,67.0781593034916,14.170212389491327,8.0,0.7999999999999999,0.08000000000000002,63.0,2.9550197742938042,0.13931755829903977
5,0.054,12,360.34081451675,2000.0,1000.0,581.0,67.41235207837552,13.396099740745017,1379.0,239.01930405543985,51.95716327534463,285.0,48.60701664834571,10.447171919488202,12.0,1.2,0.12000000000000005,84.0,3.9464185503295957,0.18647119341563761
6,0.054,9,359.8932652549621,3000.0,0.0,560.0,70.86666123581051,14.890742632891946,1614.0,271.207788820014,58.34849277368912,75.0,12.261126648883872,2.440600427933013,13.0,1.3,0.13000000000000006,94.0,4.371028405665424,0.20361796982167316
7,0.0,3,360.01575771328993,3000.0,1000.0,558.0,73.73546876327467,16.737830064067477,1312.0,219.42264009471614,47.15794453571602,405.0,66.98954694720625,13.915701042859112,0.0,0.0,0.0,0.0,0.0,0.0
