id,probability_maraud,successful_mating,next_foraging_time,x_pos,y_pos,foraging_events,foraging_hrs,foraging_sqhrs,staying_events,staying_hrs,staying_sqhrs,repairing_events,repairing_hrs,repairing_sqhrs,marauding_events,marauding_hrs,marauding_sqhrs,traveling_events,traveling_hrs,traveling_sqhrs
0,0.054,6,360.3402281713519,0.0,0.0,569.0,72.12202033598278,15.505078031861439,1384.0,234.70250158886222,50.3739065176148,290.0,49.1960441446505,10.350021327478903,9.0,0.8999999999999999,0.09000000000000002,68.0,3.1481481481481475,0.1457475994513031
1,0.054,10,360.29705417017135,0.0,1000.0,566.0,67.52027160665806,13.22123673423617,1519.0,257.2014346883155,55.73858699297107,189.0,30.362393397022835,6.199581977239394,16.0,1.6000000000000003,0.1600000000000001,77.0,3.583991368628383,0.16718106995884757
2,0.054,12,360.0041333152099,1000.0,0.0,576.0,69.23929916699636,13.936807628708753,1162.0,195.32578221035536,41.56791856104015,553.0,91.2607493598615,18.989075439473833,13.0,1.3,0.13000000000000006,63.0,2.935843220480235,0.13717421124828533
3,0.054,12,360.3209257665439,1000.0,1000.0,572.0,66.79457051888328,13.304818437833141,1091.0,184.9916545534447,39.94585004490612,613.0,104.03917857050651,22.46432583869687,13.0,1.3,0.13000000000000006,69.0,3.213620998258013,0.150034293552812
4,0.054,10,360.1295821094901,2000.0,0.0,570.0,71.16466949944534,14.903935080973712,1524.0,255.23248891846256,53.82630878598322,162.0,27.651171774515074,5.97138863354149,14.0,1.4000000000000001,0.14000000000000007,98.0,4.613743252291318,0.2186213991769543
5,0.0,8,360.4893062735646,2000.0,1000.0,554.0,68.99043654247615,14.381077146139004,1142.0,192.3364472863465,41.40229102434338,564.0,98.68224073936041,21.66557093390588,0.0,0.0,0.0,0.0,0.0,0.0
6,0.0,6,360.13057636467533,3000.0,0.0,554.0,68.21097228002584,14.541582494279469,1492.0,242.92309127538192,50.79521042561916,296.0,48.991757493426064,10.288226785953315,0.0,0.0,0.0,0.0,0.0,0.0
7,0.054,8,360.02064164010045,3000.0,1000.0,563.0,72.99274998400288,16.269327815692098,1663.0,281.6559775447604,59.06827727225593,0.0,0.0,0.0,9.0,0.8999999999999999,0.09000000000000002,97.0,4.548270402181452,0.21433470507544541
