id,probability_maraud,successful_mating,next_foraging_time,x_pos,y_pos,foraging_events,foraging_hrs,foraging_sqhrs,staying_events,staying_hrs,staying_sqhrs,repairing_events,repairing_hrs,repairing_sqhrs,marauding_events,marauding_hrs,marauding_sqhrs,traveling_events,traveling_hrs,traveling_sqhrs
0,0.054,10,360.7555818009405,0.0,0.0,581.0,69.54652057506256,14.066210294774582,1479.0,248.91637157428832,52.72098308346641,216.0,36.56313320603986,7.787375262595851,13.0,1.3,0.13000000000000006,80.0,3.703703703703703,0.17146776406035646
1,0.0,7,360.2052069745295,0.0,1000.0,573.0,67.66501809968288,13.69976903543061,1403.0,231.08921786146084,48.95875400491003,369.0,61.44002626486486,12.900816397057486,0.0,0.0,0.0,0.0,0.0,0.0
2,0.054,13,360.45309097088074,1000.0,0.0,571.0,70.67454053024437,14.097711515882688,1471.0,246.57753007012542,52.142455379908036,225.0,36.42200724146071,7.645367329710689,19.0,1.9000000000000006,0.1900000000000001,94.0,4.466911174733269,0.2143347050754455
3,0.054,12,359.9468961780277,1000.0,1000.0,571.0,69.56066997328384,13.638344245660482,1315.0,224.67299221803447,47.817403093293734,364.0,61.49700888402244,13.416843458672881,9.0,0.8999999999999999,0.09000000000000002,73.0,3.456335844883905,0.16503772290809315
4,0.0,8,360.79952246804334,2000.0,0.0,556.0,71.8547047332736,15.668506680323517,1315.0,221.41813476899813,46.7952174680937,395.0,67.01592512349174,14.388314234523495,0.0,0.0,0.0,0.0,0.0,0.0
5,0.054,5,360.3134872059308,2000.0,1000.0,561.0,73.16814159503006,16.241091671149377,1094.0,184.83013795220796,38.82015787040233,568.0,97.83995671925885,21.12950131629408,9.0,0.8999999999999999,0.09000000000000002,71.0,3.3062135908506054,0.1543209876543209
6,0.054,11,360.08871046591315,3000.0,0.0,553.0,72.1676274483963,15.644518404107734,1425.0,246.57821198811908,53.71642778533505,216.0,36.48927581059889,7.7159651835865795,10.0,0.9999999999999999,0.10000000000000003,83.0,3.946418550329595,0.1907578875171465
7,0.054,6,360.10975510358514,3000.0,1000.0,569.0,70.95407241416046,15.386910136589137,1379.0,237.76737100880231,51.413005607323235,287.0,46.39433707302738,9.410256885676063,14.0,1.4000000000000001,0.14000000000000007,75.0,3.4913987760357905,0.16289437585733868
