id,probability_maraud,successful_mating,next_foraging_time,x_pos,y_pos,foraging_events,foraging_hrs,foraging_sqhrs,staying_events,staying_hrs,staying_sqhrs,repairing_events,repairing_hrs,repairing_sqhrs,marauding_events,marauding_hrs,marauding_sqhrs,traveling_events,traveling_hrs,traveling_sqhrs
0,0.054,7,360.2844307517406,0.0,0.0,568.0,73.8527014590141,15.515045781688235,1478.0,251.11317301550835,53.934467799261576,179.0,29.981296140034946,6.291588706563181,14.0,1.4000000000000001,0.14000000000000007,82.0,3.8346494039234336,0.18004115226337425
1,0.0,4,360.07763542966757,0.0,1000.0,558.0,73.42085819868511,15.965653534594052,1351.0,225.60419385855712,48.75434364874318,382.0,61.06536034969073,12.657227112301642,0.0,0.0,0.0,0.0,0.0,0.0
2,0.054,9,360.17997690383305,1000.0,0.0,572.0,70.9858639136046,15.18359635595398,1202.0,205.63181289682697,44.929442400177656,459.0,79.24499036409912,17.120985397715614,11.0,1.0999999999999999,0.11000000000000004,69.0,3.213620998258013,0.150034293552812
3,0.054,14,359.95569390775904,1000.0,1000.0,574.0,74.5282876669362,15.62407926674876,1428.0,236.62801768273215,50.2486699185933,250.0,42.71690761055384,9.196317101799552,13.0,1.3,0.13000000000000006,104.0,4.910697583882668,0.23362482853223543
4,0.0,11,359.90009368513165,2000.0,0.0,553.0,72.51494327248561,16.216715333933966,1185.0,194.88664637660767,41.20339988226791,543.0,92.65310455893741,20.085945861329897,0.0,0.0,0.0,0.0,0.0,0.0
5,0.054,14,360.3094816796479,2000.0,1000.0,564.0,66.75075058578992,13.70887298346711,1392.0,238.64943943756077,52.042337107820664,286.0,49.34102292307056,10.688232565230987,14.0,1.4000000000000001,0.14000000000000007,85.0,4.069421061880169,0.19718792866940993
6,0.054,8,360.62051443917585,3000.0,0.0,567.0,69.94232230555137,14.024611132395709,1603.0,267.5013548777635,56.57608586875444,118.0,18.364915367941066,3.61823769932182,9.0,0.8999999999999999,0.09000000000000002,75.0,3.4913987760357905,0.1628943758573387
7,0.054,5,360.19736734405535,3000.0,1000.0,578.0,72.56080025120467,14.44014367848205,1358.0,235.47553376970208,51.073665812131345,284.0,47.52329282635141,10.081043779217811,8.0,0.7999999999999999,0.08000000000000002,80.0,3.742056811330841,0.17575445816186536
