id,probability_maraud,successful_mating,next_foraging_time,x_pos,y_pos,foraging_events,foraging_hrs,foraging_sqhrs,staying_events,staying_hrs,staying_sqhrs,repairing_events,repairing_hrs,repairing_sqhrs,marauding_events,marauding_hrs,marauding_sqhrs,traveling_events,traveling_hrs,traveling_sqhrs
0,0.054,14,360.03836184093785,0.0,0.0,567.0,72.77260538434112,15.016466755475058,1318.0,222.59028763342437,47.729365586488996,389.0,60.978834023516384,12.433050645730273,9.0,0.8999999999999999,0.09000000000000002,64.0,2.9629629629629624,0.13717421124828533
1,0.054,8,360.1028764731842,0.0,1000.0,569.0,71.75139647657068,15.137277277936324,1268.0,216.53920929275804,47.86084816589724,396.0,67.64425387036502,14.377270678244946,9.0,0.8999999999999999,0.09000000000000002,70.0,3.24074074074074,0.150034293552812
2,0.054,10,359.94189720384566,1000.0,0.0,572.0,71.92644172845206,16.288450528780373,1323.0,224.1374091733786,47.794045614306896,349.0,57.716861429011374,12.310059255608653,16.0,1.6000000000000003,0.1600000000000001,102.0,4.722222222222228,0.21862139917695428
3,0.054,11,360.19766853969236,1000.0,1000.0,566.0,71.54344063296642,15.26341251352901,1225.0,207.58832595935283,44.18621990261265,451.0,76.28571887496817,16.268575364474295,13.0,1.3,0.13000000000000006,71.0,3.3062135908506054,0.15432098765432092
4,0.054,8,360.2152852577965,2000.0,0.0,570.0,74.77401294660703,16.234631784100646,1219.0,207.7952926250365,44.25167255075956,455.0,73.42293814367443,15.328720069839607,13.0,1.3,0.13000000000000006,59.0,2.769834589108619,0.130744170096022
5,0.0,11,359.88006566528304,2000.0,1000.0,556.0,69.90792922856053,14.366880152019158,1466.0,242.05443864665585,51.052909940418935,285.0,48.09119809627047,10.553992229813028,0.0,0.0,0.0,0.0,0.0,0.0
6,0.054,5,360.37138963115257,3000.0,0.0,576.0,72.88067711484078,15.451745229270104,1512.0,253.34422855991036,53.796373677350516,163.0,28.405084256884205,6.225126905349742,12.0,1.2,0.12000000000000005,92.0,4.316788920699969,0.2036179698216732
7,0.0,5,360.08271123026236,3000.0,1000.0,549.0,72.00203227838317,15.517592519758086,1593.0,269.5906586347776,57.10621875654472,110.0,18.46885627452945,3.7934092414651555,0.0,0.0,0.0,0.0,0.0,0.0
