id,probability_maraud,successful_mating,next_foraging_time,x_pos,y_pos,foraging_events,foraging_hrs,foraging_sqhrs,staying_events,staying_hrs,staying_sqhrs,repairing_events,repairing_hrs,repairing_sqhrs,marauding_events,marauding_hrs,marauding_sqhrs,traveling_events,traveling_hrs,traveling_sqhrs
0,0.054,9,360.18857183799395,0.0,0.0,554.0,71.95986564434146,16.316446225073502,1285.0,222.36469543489906,49.20137637372949,355.0,60.65396311952722,13.227484031358017,14.0,1.4000000000000001,0.14000000000000007,80.0,3.703703703703703,0.17146776406035646
1,0.054,8,360.0946691172982,0.0,1000.0,557.0,68.04915211215082,13.088879243304001,1289.0,220.5941908299029,47.8073993599339,395.0,67.02778666597584,14.870649873095228,9.0,0.8999999999999999,0.09000000000000002,77.0,3.603167922441952,0.16932441700960202
2,0.054,6,360.1816140149357,1000.0,0.0,577.0,72.20918777608915,15.742182415234497,1302.0,222.80267050888898,47.67331340859939,383.0,60.092117209867595,12.058218507327577,11.0,1.0999999999999999,0.11000000000000004,84.0,3.984771657956734,0.1907578875171465
3,0.054,13,360.5491389014096,1000.0,1000.0,570.0,71.22706588107958,15.625400598076297,1411.0,235.24311960298746,49.535550381924935,279.0,48.353702257589305,10.759246862707021,8.0,0.7999999999999999,0.08000000000000002,97.0,4.605800063622159,0.2207647462277088
4,0.0,10,359.9778885308276,2000.0,0.0,567.0,69.92869928757115,14.049900779342883,1377.0,241.9858629519447,53.635694452135155,301.0,48.47916061638779,10.06113605918191,0.0,0.0,0.0,0.0,0.0,0.0
5,0.054,14,360.2683262720629,2000.0,1000.0,567.0,70.07775826260519,13.66249042629141,1583.0,266.4979470156846,57.18529096585506,116.0,18.261722639060093,3.7881124383092626,7.0,0.7,0.07,97.0,4.509917294554314,0.21004801097393652
6,0.054,3,359.877142220155,3000.0,0.0,574.0,71.54726493393618,14.731301177828133,1668.0,282.84030870709904,60.839757110627666,0.0,0.0,0.0,12.0,1.2,0.12000000000000005,96.0,4.5403272135122945,0.2164780521261999
7,0.0,9,360.32773036735097,3000.0,1000.0,574.0,69.90590143991608,14.589613888237382,1317.0,225.01259291659753,48.44039100877722,389.0,65.1506301548758,14.226691944859052,0.0,0.0,0.0,0.0,0.0,0.0
