id,probability_maraud,successful_mating,next_foraging_time,x_pos,y_pos,foraging_events,foraging_hrs,foraging_sqhrs,staying_events,staying_hrs,staying_sqhrs,repairing_events,repairing_hrs,repairing_sqhrs,marauding_events,marauding_hrs,marauding_sqhrs,traveling_events,traveling_hrs,traveling_sqhrs
0,0.0,8,360.0579839630561,0.0,0.0,574.0,72.4876705688722,15.64193060748925,1298.0,214.11888939108337,44.197463591311866,439.0,73.53985144319208,15.328369023642674,0.0,0.0,0.0,0.0,0.0,0.0
1,0.054,7,360.0161946652254,0.0,1000.0,560.0,71.60323227461875,14.718415613878415,1630.0,271.5602213805839,57.52047720734316,71.0,12.197274145731399,2.653966807174963,13.0,1.3,0.13000000000000006,75.0,3.4913987760357905,0.16289437585733868
2,0.054,8,360.19104380902246,1000.0,0.0,574.0,71.36699645512229,15.078376102296252,1510.0,253.35182397736529,54.13849258177891,181.0,30.306742873110327,6.394033855497063,12.0,1.2,0.12000000000000005,82.0,3.8346494039234336,0.1800411522633743
3,0.054,9,359.9527184113478,1000.0,1000.0,557.0,72.49883701782665,15.751373095251438,1262.0,217.13390870155285,47.84698198928618,394.0,67.58291895278094,14.923156525410437,9.0,0.8999999999999999,0.09000000000000002,45.0,2.083333333333333,0.09645061728395066
4,0.0,12,360.45907443581575,2000.0,0.0,568.0,72.45479552417436,15.814159611654055,1300.0,223.5786128389026,48.75202234673735,384.0,64.18966438149644,13.763906119715402,0.0,0.0,0.0,0.0,0.0,0.0
5,0.054,5,359.9814548879812,2000.0,1000.0,565.0,68.56910993804524,14.15090394039708,1240.0,208.80133392923537,44.74951221802325,479.0,79.28886018456926,16.90588920151465,5.0,0.5,0.05000000000000001,61.0,2.90078028932835,0.13931755829903977
6,0.054,15,360.40778189283446,3000.0,0.0,561.0,69.87466114294178,14.738851046741527,1625.0,271.53473790756664,57.683397545955025,65.0,12.157451173537332,2.745299176994011,16.0,1.6000000000000003,0.1600000000000001,106.0,4.945760515034554,0.23148148148148098
7,0.054,8,360.1444239532443,3000.0,1000.0,561.0,72.4981497749384,15.07914159746837,1224.0,217.84296521675515,48.683396923254236,388.0,64.77535540189633,13.527968710642227,12.0,1.2,0.12000000000000005,80.0,3.7612333651444105,0.1778978052126198
