id,probability_maraud,successful_mating,next_foraging_time,x_pos,y_pos,foraging_events,foraging_hrs,foraging_sqhrs,staying_events,staying_hrs,staying_sqhrs,repairing_events,repairing_hrs,repairing_sqhrs,marauding_events,marauding_hrs,marauding_sqhrs,traveling_events,traveling_hrs,traveling_sqhrs
0,0.0,4,359.99158997768757,0.0,0.0,574.0,69.60143968458196,13.729334035198868,1422.0,237.41779412647944,49.74537722753544,306.0,53.03987206242072,11.72517560056233,0.0,0.0,0.0,0.0,0.0,0.0
1,0.0,8,360.02309119879624,0.0,100.0,578.0,72.9322202599829,15.233649876784341,1427.0,244.0814335561183,52.967025613092325,261.0,43.09924095820786,8.99314891228682,0.0,0.0,0.0,0.0,0.0,0.0
2,0.054,8,359.8768396495549,100.0,0.0,550.0,71.04999838106663,15.980251718331777,1512.0,256.23789968347586,54.71790617873071,178.0,30.585181972099125,6.602145266920161,16.0,1.6000000000000003,0.1600000000000001,90.0,0.6147043311554515,0.004672496570644723
3,0.054,7,360.3936708629455,100.0,100.0,571.0,67.36857196885781,13.08205848917227,1578.0,266.62267008365507,57.90328733566452,141.0,24.463095449088406,5.304785876458754,11.0,1.0999999999999999,0.11000000000000004,70.0,0.4716713842590724,0.0035150891632373116
4,0.054,9,360.3074482596436,200.0,0.0,570.0,72.76857033450916,15.327110598788133,1561.0,261.5472023151616,55.248373478491644,148.0,24.45931034079848,5.047374005113266,9.0,0.8999999999999999,0.09000000000000002,90.0,0.5691921949176191,0.00400805898491084
5,0.054,17,360.1316141483671,200.0,100.0,555.0,70.56653907261395,14.872177480780234,1549.0,263.473433379635,56.73133927226354,145.0,24.72418605592087,5.5942699982838135,8.0,0.7999999999999999,0.08000000000000002,71.0,0.47824909848126035,0.0035365226337448568
6,0.0,9,359.8529413064352,300.0,0.0,571.0,68.38812027874012,13.311641692408314,1556.0,261.3786405671969,55.33032406794659,193.0,30.23481287007746,6.049860550858568,0.0,0.0,0.0,0.0,0.0,0.0
7,0.0,10,359.99676565151293,300.0,100.0,565.0,64.53673669915203,12.201926651581546,1514.0,258.85516805694266,55.82907625596596,209.0,36.613849935453715,8.023693971158888,0.0,0.0,0.0,0.0,0.0,0.0
