id,probability_maraud,successful_mating,next_foraging_time,x_pos,y_pos,foraging_events,foraging_hrs,foraging_sqhrs,staying_events,staying_hrs,staying_sqhrs,repairing_events,repairing_hrs,repairing_sqhrs,marauding_events,marauding_hrs,marauding_sqhrs,traveling_events,traveling_hrs,traveling_sqhrs
0,0.0,9,360.4271976129289,0.0,0.0,558.0,72.93719589018477,17.76139782582819,1309.0,221.8301934566844,48.58569968814889,368.0,65.34536616334451,14.528409494527379,0.0,0.0,0.0,0.0,0.0,0.0
1,0.0,11,360.0311036494523,0.0,100.0,568.0,68.89686125895867,14.223279322611646,1599.0,272.72385359109506,58.574297337721646,101.0,18.390712829709912,4.090371842563236,0.0,0.0,0.0,0.0,0.0,0.0
2,0.0,8,359.9285834831229,100.0,0.0,565.0,70.55996022468379,15.000066701013667,1518.0,259.22175655089995,55.93997891279045,175.0,30.34446206188728,6.5364366572969566,0.0,0.0,0.0,0.0,0.0,0.0
3,0.054,5,360.5438442118438,100.0,100.0,566.0,70.1378745642912,14.02788608767254,1360.0,228.0415961185446,48.17843552649429,367.0,60.93514749575158,12.65093627842764,6.0,0.6,0.06000000000000001,68.0,0.4226529549060513,0.0028720850480109736
4,0.0,11,360.0874630497698,200.0,0.0,553.0,70.46334852037971,14.07260250794887,1438.0,246.9875867713012,53.464100642544466,259.0,42.569700719010285,8.751020124278503,0.0,0.0,0.0,0.0,0.0,0.0
5,0.054,7,360.25803094870406,200.0,100.0,567.0,72.79641887164323,14.556222306927458,1380.0,236.78422860114176,51.02046882889474,295.0,48.637951754013876,10.270473808273788,14.0,1.4000000000000001,0.14000000000000007,77.0,0.519824477514323,0.003922325102880662
6,0.054,13,360.0412176951089,300.0,0.0,563.0,67.69128638103174,13.891003647353182,1500.0,253.41075125309737,54.556645735900844,216.0,36.74386001686099,7.985567716866963,17.0,1.7000000000000004,0.1700000000000001,90.0,0.7498939928511227,0.007373113854595344
7,0.054,8,360.23228123758054,300.0,100.0,548.0,73.81403892780669,16.409098612061257,1492.0,253.00549581418431,53.838277022541824,193.0,30.735689738398996,6.277095921241727,18.0,1.8000000000000005,0.1800000000000001,79.0,0.6952581980750945,0.007287379972565163
