id,probability_maraud,successful_mating,next_foraging_time,x_pos,y_pos,foraging_events,foraging_hrs,foraging_sqhrs,staying_events,staying_hrs,staying_sqhrs,repairing_events,repairing_hrs,repairing_sqhrs,marauding_events,marauding_hrs,marauding_sqhrs,traveling_events,traveling_hrs,traveling_sqhrs
0,0.054,8,360.53940020249274,0.0,0.0,560.0,71.27075038241003,14.452865574826586,1549.0,261.9991605733157,56.32373465839681,143.0,24.42231721909778,5.242381420455582,15.0,1.5000000000000002,0.15000000000000008,111.0,0.9133881220289518,0.008873456790123462
1,0.0,13,360.0115622693018,0.0,100.0,560.0,69.05490320306835,14.177210748279764,1431.0,245.71929599650778,52.96849918514791,283.0,45.36034797882412,9.04431940269304,0.0,0.0,0.0,0.0,0.0,0.0
2,0.054,12,360.2707068606607,100.0,0.0,560.0,67.62202087531209,14.325550058413276,1536.0,266.5791753750444,58.322192288378915,146.0,24.122379585994288,4.937286649816532,13.0,1.3,0.13000000000000006,93.0,0.6226938115199525,0.004565329218107
3,0.0,7,360.31663683020923,100.0,100.0,564.0,71.27171123036119,14.707524098972682,1401.0,237.1689792542042,50.26433579321068,320.0,51.57606206643877,10.345353652162634,0.0,0.0,0.0,0.0,0.0,0.0
4,0.0,5,360.6431231751802,200.0,0.0,548.0,70.59977240822288,15.891105295629554,1428.0,246.31938106142104,53.51060505050687,254.0,43.17891312399388,9.246224892006397,0.0,0.0,0.0,0.0,0.0,0.0
5,0.0,8,360.25973590860264,200.0,100.0,570.0,72.68644083780845,16.094184614106638,1364.0,232.45059553862336,50.502860094643154,328.0,54.87254561725484,11.642517884740554,0.0,0.0,0.0,0.0,0.0,0.0
6,0.054,11,360.0434998613556,300.0,0.0,571.0,67.56964507737895,12.82768103946714,1599.0,265.7724598510719,55.78725666262071,144.0,25.12027070794761,5.380664306059742,9.0,0.8999999999999999,0.09000000000000002,82.0,0.6736036749593676,0.006537208504801104
7,0.054,8,360.31302781470185,300.0,100.0,563.0,69.29224293040527,15.033414540500019,1658.0,276.81374819978527,58.83115894068997,68.0,12.12468451888691,2.686527539755537,10.0,0.9999999999999999,0.10000000000000003,91.0,0.8425618105908084,0.009259259259259262
