id,probability_maraud,successful_mating,next_foraging_time,x_pos,y_pos,foraging_events,foraging_hrs,foraging_sqhrs,staying_events,staying_hrs,staying_sqhrs,repairing_events,repairing_hrs,repairing_sqhrs,marauding_events,marauding_hrs,marauding_sqhrs,traveling_events,traveling_hrs,traveling_sqhrs
0,0.054,5,360.2614237650647,0.0,0.0,559.0,66.96435416159817,13.717598062463098,1576.0,266.8754141952208,57.6872541758936,152.0,24.372754357518016,4.99873064974964,10.0,0.9999999999999999,0.10000000000000003,96.0,0.8073714117042733,0.008251886145404673
1,0.054,12,360.5568355490511,0.0,100.0,567.0,67.62072757416422,14.37921066197681,1464.0,246.67200569631487,52.38811843721611,247.0,42.80391757455988,9.511578671293286,23.0,2.3000000000000007,0.23000000000000015,96.0,0.8665520489878713,0.009130658436213997
2,0.054,8,360.628247687724,100.0,0.0,567.0,77.34992973399352,17.071819310553284,1315.0,219.67501655978177,46.559985384550565,368.0,61.129688472960446,12.834496228706694,14.0,1.4000000000000001,0.14000000000000007,91.0,0.5934941087914096,0.004265260631001374
3,0.0,9,360.12694471258357,100.0,100.0,569.0,68.07316408843107,13.339878615265302,1510.0,255.44984627823325,54.575246210681094,212.0,36.53326694234165,7.783969915204212,0.0,0.0,0.0,0.0,0.0,0.0
4,0.0,11,359.9996434562858,200.0,0.0,557.0,70.81329925961661,14.97716674276249,1397.0,239.84253447665023,51.751084320097064,280.0,49.41375620700511,11.194485750530244,0.0,0.0,0.0,0.0,0.0,0.0
5,0.054,10,359.99904318646855,200.0,100.0,553.0,70.06443132413395,15.31459387202828,1507.0,251.7881731378312,53.61394675799166,214.0,36.655296213811965,8.032656993778716,10.0,0.9999999999999999,0.10000000000000003,89.0,0.5741508421947741,0.004093792866941019
6,0.0,12,360.6173123012565,300.0,0.0,566.0,68.85824539629147,14.098417821742094,1412.0,236.19113118015284,49.558635820948666,310.0,55.042668709473425,12.082042997994508,0.0,0.0,0.0,0.0,0.0,0.0
7,0.0,5,360.5074256735184,300.0,100.0,562.0,64.70044083397232,12.68902424497598,1516.0,252.4371780737775,53.840958728021405,252.0,43.036856683291724,9.402060803770517,0.0,0.0,0.0,0.0,0.0,0.0
