id,probability_maraud,successful_mating,next_foraging_time,x_pos,y_pos,foraging_events,foraging_hrs,foraging_sqhrs,staying_events,staying_hrs,staying_sqhrs,repairing_events,repairing_hrs,repairing_sqhrs,marauding_events,marauding_hrs,marauding_sqhrs,traveling_events,traveling_hrs,traveling_sqhrs
0,0.054,9,360.22797707806836,0.0,0.0,565.0,69.21091814898776,13.79971273222708,1517.0,252.3988436966987,52.790760151423974,206.0,36.43306260768371,7.97632707758497,14.0,1.4000000000000001,0.14000000000000007,95.0,0.7758347612242633,0.007566015089163244
1,0.0,7,360.41778426986303,0.0,100.0,560.0,69.65296773623697,14.891377791647654,1467.0,247.77238687847034,53.12130334844378,255.0,42.674348292887004,8.939657089814293,0.0,0.0,0.0,0.0,0.0,0.0
2,0.054,10,360.1091365309572,100.0,0.0,562.0,72.42413613657058,15.490751006539696,1408.0,240.27726273428578,52.3930702829461,259.0,45.39496259848474,10.146877099037063,14.0,1.4000000000000001,0.14000000000000007,81.0,0.5062544474645075,0.0034936556927297694
3,0.054,9,360.5728546940205,100.0,100.0,540.0,72.43482219795133,16.543736725802617,1556.0,261.61366933444725,56.03105334150542,143.0,24.244743925250116,5.209264085845138,12.0,1.2,0.12000000000000005,83.0,0.5714084387352999,0.004329561042524009
4,0.0,13,360.5327528829259,200.0,0.0,569.0,71.48740863275604,14.746674288380353,1477.0,252.12719195157538,54.07974421291525,214.0,36.61542999930557,7.737161065607973,0.0,0.0,0.0,0.0,0.0,0.0
5,0.0,8,360.2146350421679,200.0,100.0,564.0,73.02892178168224,15.894864993764562,1424.0,243.5802203146819,52.81810691672922,253.0,43.45847022494129,9.358074894713521,0.0,0.0,0.0,0.0,0.0,0.0
6,0.054,10,360.67966541094586,300.0,0.0,561.0,72.01102574963369,14.499317969860183,1503.0,255.64512365802452,54.614085504404166,180.0,30.37205644933422,6.267809796103624,13.0,1.3,0.13000000000000006,83.0,0.7660134922823826,0.008144718792866948
7,0.0,6,359.99937017412725,300.0,100.0,555.0,73.52670450139391,16.32702197256967,1387.0,231.35201451873294,48.85907760830519,310.0,55.40276717658929,12.525280014457092,0.0,0.0,0.0,0.0,0.0,0.0
