id,probability_maraud,successful_mating,next_foraging_time,x_pos,y_pos,foraging_events,foraging_hrs,foraging_sqhrs,staying_events,staying_hrs,staying_sqhrs,repairing_events,repairing_hrs,repairing_sqhrs,marauding_events,marauding_hrs,marauding_sqhrs,traveling_events,traveling_hrs,traveling_sqhrs
0,0.0,9,359.99859961639237,0.0,0.0,567.0,70.24629637269828,15.018838586655766,1339.0,227.99993169324154,48.56908134651829,378.0,61.920824354757954,12.727824319246883,0.0,0.0,0.0,0.0,0.0,0.0
1,0.0,7,360.7894859966283,0.0,100.0,572.0,74.61984180993484,16.48977626492766,1381.0,231.02334995455777,49.17143313497975,316.0,54.56590535067116,11.78190554763508,0.0,0.0,0.0,0.0,0.0,0.0
2,0.054,11,360.07516973587286,100.0,0.0,560.0,68.49495657011295,14.076762647852563,1528.0,253.34304089262756,53.02164668152467,207.0,36.37074069498632,7.945486761295033,12.0,1.2,0.12000000000000005,103.0,0.6471624381768097,0.004479595336076823
3,0.054,7,360.348807636975,100.0,100.0,575.0,71.22438906039872,14.268355936493336,1397.0,238.64435023277645,51.14516676315727,278.0,48.60987894454738,10.646226843958999,11.0,1.0999999999999999,0.11000000000000004,68.0,0.42533449994312267,0.0029363854595336088
4,0.0,11,360.2609121204533,200.0,0.0,577.0,70.1635513148187,14.439682476512962,1486.0,252.94708500410292,54.60621423875158,224.0,37.07833052685167,7.857205588885478,0.0,0.0,0.0,0.0,0.0,0.0
5,0.0,7,360.0054559208041,200.0,100.0,552.0,73.24418678929224,16.177293767853115,1563.0,268.68195682708654,58.41069914426433,106.0,18.15848593922401,3.8015733594569747,0.0,0.0,0.0,0.0,0.0,0.0
6,0.054,12,360.0878815753393,300.0,0.0,578.0,68.46132384484379,13.433125966611042,1416.0,234.83722810007703,49.60355753867893,320.0,54.89545641871612,11.729319517089863,12.0,1.2,0.12000000000000005,76.0,0.693265317546644,0.007394547325102887
7,0.054,8,360.57371892614105,300.0,100.0,578.0,68.72013943040196,13.142674539458644,1604.0,270.2201918655239,57.50378748593874,104.0,18.329740733954363,3.8836155626808258,20.0,2.0000000000000004,0.20000000000000012,103.0,0.8988686516101067,0.009366426611796985
