id,probability_maraud,successful_mating,next_foraging_time,x_pos,y_pos,foraging_events,foraging_hrs,foraging_sqhrs,staying_events,staying_hrs,staying_sqhrs,repairing_events,repairing_hrs,repairing_sqhrs,marauding_events,marauding_hrs,marauding_sqhrs,traveling_events,traveling_hrs,traveling_sqhrs
0,0.0,5,360.1854963409201,0.0,0.0,566.0,69.58484208070892,14.043702196520218,1514.0,254.06862010578186,54.610716998768915,212.0,36.593251913776434,8.153612627067782,0.0,0.0,0.0,0.0,0.0,0.0
1,0.0,8,360.1642940544072,0.0,100.0,546.0,73.54133349245318,17.135613847008027,1440.0,243.64503669670594,52.487219144034064,248.0,42.85750908877833,9.459523251912943,0.0,0.0,0.0,0.0,0.0,0.0
2,0.054,12,360.53383762318174,100.0,0.0,557.0,68.74015482646716,14.17325889098676,1555.0,265.0102264000529,57.2575219717491,146.0,24.244320036772034,4.9893868837969855,16.0,1.6000000000000003,0.1600000000000001,82.0,0.5291750244071864,0.0037722908093278484
3,0.054,11,360.1073930155516,100.0,100.0,564.0,70.18758746123804,14.178746739896983,1471.0,245.7891485723771,51.71228670917618,243.0,42.786924101742365,9.300411416577626,9.0,0.8999999999999999,0.09000000000000002,66.0,0.4207352995246944,0.002936385459533608
4,0.054,14,360.27637255895235,200.0,0.0,569.0,67.80980745372348,12.880820357707123,1474.0,247.31601490052398,52.30497990883027,256.0,42.906750290028434,9.068672867022203,14.0,1.4000000000000001,0.14000000000000007,97.0,0.6133026766074361,0.0043081275720164664
5,0.054,5,359.997339920198,200.0,100.0,557.0,70.52319438270989,15.321018167854954,1393.0,238.44484541798525,51.64284805629124,308.0,48.747527403470826,9.761903062396208,19.0,1.9000000000000006,0.1900000000000001,84.0,0.5498489283209832,0.00400805898491084
6,0.0,10,360.2052783296639,300.0,0.0,555.0,71.09189943148588,15.504445442978255,1452.0,240.3778876129346,50.49549358395105,277.0,48.65247656619855,10.787517192240383,0.0,0.0,0.0,0.0,0.0,0.0
7,0.0,7,360.1486596872277,300.0,100.0,569.0,69.1675416537161,13.463989574421435,1305.0,223.5850615150923,48.44579353320064,416.0,67.27510350177428,14.281457059628519,0.0,0.0,0.0,0.0,0.0,0.0
