id,probability_maraud,successful_mating,next_foraging_time,x_pos,y_pos,foraging_events,foraging_hrs,foraging_sqhrs,staying_events,staying_hrs,staying_sqhrs,repairing_events,repairing_hrs,repairing_sqhrs,marauding_events,marauding_hrs,marauding_sqhrs,traveling_events,traveling_hrs,traveling_sqhrs
0,0.054,8,360.3948711948197,0.0,0.0,573.0,72.3548377079515,15.446103894320574,1435.0,242.81577824280006,51.63450214129082,240.0,43.280553674107146,9.481512653450078,10.0,0.9999999999999999,0.10000000000000003,79.0,0.6470729130759237,0.006322873799725659
1,0.054,7,360.3328945000423,0.0,100.0,564.0,68.5703279247116,12.864410920535809,1521.0,258.886703469925,55.75443295362736,168.0,30.42402145675891,6.988218601502252,14.0,1.4000000000000001,0.14000000000000007,81.0,0.7342057071311431,0.007758916323731146
2,0.0,13,360.46537269837296,100.0,0.0,553.0,67.35680709809229,13.704290203548602,1538.0,262.39455613368267,56.26474205828695,187.0,30.362496480842047,6.234636338740467,0.0,0.0,0.0,0.0,0.0,0.0
3,0.054,8,360.5879385360954,100.0,100.0,573.0,70.71397169450353,14.173170596752003,1495.0,250.33513977665442,53.08640714184527,219.0,37.03650707106038,7.660487584942241,14.0,1.4000000000000001,0.14000000000000007,82.0,0.5262253201449923,0.0036865569272976685
4,0.0,7,360.2281305929021,200.0,0.0,561.0,69.76521243824922,14.441766706111105,1371.0,241.3518559699988,53.406039855901646,276.0,49.005975258509515,10.732065540823012,0.0,0.0,0.0,0.0,0.0,0.0
5,0.0,7,360.2623695293068,200.0,100.0,569.0,70.47962676373461,14.138109556182291,1259.0,210.18262519882262,45.067274296626834,471.0,79.37658607321906,17.14288016986337,0.0,0.0,0.0,0.0,0.0,0.0
6,0.054,13,360.12266773491433,300.0,0.0,570.0,74.30616917437119,16.98328119522965,1499.0,259.4855761376742,56.157922739734964,148.0,24.17911220390223,5.003767628815322,14.0,1.4000000000000001,0.14000000000000007,82.0,0.7165119366907416,0.007458847736625521
7,0.0,9,359.91746019569314,300.0,100.0,559.0,72.0362709382421,14.860751240975445,1581.0,263.5560697392804,56.34121775053605,143.0,24.436544346526293,5.3684311112624545,0.0,0.0,0.0,0.0,0.0,0.0
