id,probability_maraud,successful_mating,next_foraging_time,x_pos,y_pos,foraging_events,foraging_hrs,foraging_sqhrs,staying_events,staying_hrs,staying_sqhrs,repairing_events,repairing_hrs,repairing_sqhrs,marauding_events,marauding_hrs,marauding_sqhrs,traveling_events,traveling_hrs,traveling_sqhrs
0,0.0,4,359.89613104486415,0.0,0.0,567.0,68.47714306327602,13.059005651715761,1437.0,243.1311969328781,52.1243113226237,293.0,48.535867707603316,10.65124780035105,0.0,0.0,0.0,0.0,0.0,0.0
1,0.054,11,359.9199297522827,0.0,100.0,568.0,68.50444063919105,13.744042333032997,1654.0,277.3001358535583,59.18944233594409,63.0,12.269238585947166,2.9759144622904814,12.0,1.2,0.12000000000000005,94.0,0.7769222476978767,0.007758916323731148
2,0.0,7,359.833605945659,100.0,0.0,564.0,72.44248386831208,15.018069473747055,1443.0,245.06680506711052,52.962824651113685,257.0,42.544273414873594,8.812340711435697,0.0,0.0,0.0,0.0,0.0,0.0
3,0.054,13,360.2756039883516,100.0,100.0,564.0,73.92108115725759,16.28901101390702,1416.0,235.23138850253338,48.9506858389949,286.0,48.830003133900625,10.778637722994407,14.0,1.4000000000000001,0.14000000000000007,99.0,0.6477291858382563,0.0046724965706447215
4,0.0,9,360.06509220843515,200.0,0.0,555.0,68.2115458748553,14.078356446427655,1516.0,261.17362648582764,56.78463990952893,179.0,30.70376667906732,6.713267948318612,0.0,0.0,0.0,0.0,0.0,0.0
5,0.054,12,360.1171135279984,200.0,100.0,571.0,70.50928054009579,14.951395482923406,1371.0,233.41910040388305,49.627023842224055,339.0,54.66471370884262,11.141339448275174,11.0,1.0999999999999999,0.11000000000000004,76.0,0.511481253966785,0.003772290809327849
6,0.0,7,360.03020709422117,300.0,0.0,573.0,67.7562964216671,12.81752045596651,1457.0,243.3889905579223,51.51258617694187,281.0,48.99809040664878,10.760994704220082,0.0,0.0,0.0,0.0,0.0,0.0
7,0.054,9,360.05283820065273,300.0,100.0,577.0,70.6462256737941,13.85735847298298,1566.0,264.073495868205,56.17848980980405,141.0,23.350305053218467,5.023423025600938,14.0,1.4000000000000001,0.14000000000000007,81.0,0.6561422137032606,0.006322873799725658
