id,probability_maraud,successful_mating,next_foraging_time,x_pos,y_pos,foraging_events,foraging_hrs,foraging_sqhrs,staying_events,staying_hrs,staying_sqhrs,repairing_events,repairing_hrs,repairing_sqhrs,marauding_events,marauding_hrs,marauding_sqhrs,traveling_events,traveling_hrs,traveling_sqhrs
0,0.0,12,360.58393488765944,0.0,0.0,567.0,70.72447911215208,14.275479093485252,1383.0,234.46446278128815,50.41607386334983,321.0,54.833121721805334,11.850190753654603,0.0,0.0,0.0,0.0,0.0,0.0
1,0.054,9,360.1490258874586,0.0,100.0,571.0,72.65160817728331,15.625482421089162,1415.0,235.97189579025823,49.92995225926583,300.0,48.76869226236131,10.122934756370986,18.0,1.8000000000000005,0.1800000000000001,99.0,0.8650625651007903,0.008873456790123462
2,0.0,9,360.41767220766553,100.0,0.0,566.0,69.82689425310308,14.91869660090144,1368.0,235.13761368227256,50.776013265892914,320.0,55.22938950013175,12.09137531179451,0.0,0.0,0.0,0.0,0.0,0.0
3,0.054,11,359.95538681691613,100.0,100.0,569.0,72.01313938333767,15.419004512576711,1491.0,255.4215677770729,55.563524209172485,170.0,30.727016805264157,6.811579269161727,13.0,1.3,0.13000000000000006,91.0,0.5857930580547807,0.004200960219478741
4,0.054,9,360.7177163892951,200.0,0.0,554.0,70.96052719214002,15.599847989969927,1415.0,238.13621192327915,51.0406080645655,292.0,48.823812004320665,10.40881108953849,16.0,1.6000000000000003,0.1600000000000001,80.0,0.5626144806954307,0.004372427983539097
5,0.054,7,360.16556393320406,200.0,100.0,578.0,67.38140770435425,12.422813226825161,1331.0,223.56174669842483,47.5892699689565,392.0,67.2612225102128,14.640732412595277,12.0,1.2,0.12000000000000005,87.0,0.6029910980645901,0.004608196159122087
6,0.0,5,360.15073221113016,300.0,0.0,563.0,71.35124384828868,15.40151792675168,1465.0,252.01462651217574,54.720838267488276,211.0,36.666783618772506,7.947782741300154,0.0,0.0,0.0,0.0,0.0,0.0
7,0.0,10,360.4504348271044,300.0,100.0,570.0,74.3058813350283,16.358917918486714,1573.0,268.30896326837916,57.09014309461562,108.0,17.432020636532275,3.634398693317503,0.0,0.0,0.0,0.0,0.0,0.0
