id,probability_maraud,successful_mating,next_foraging_time,x_pos,y_pos,foraging_events,foraging_hrs,foraging_sqhrs,staying_events,staying_hrs,staying_sqhrs,repairing_events,repairing_hrs,repairing_sqhrs,marauding_events,marauding_hrs,marauding_sqhrs,traveling_events,traveling_hrs,traveling_sqhrs
0,0.054,11,360.65921492990145,0.0,0.0,567.0,67.70284903527741,13.772354198409664,1622.0,277.27630748612114,59.375512847073765,70.0,12.109180543510632,2.6073731806922225,22.0,2.2000000000000006,0.22000000000000014,105.0,0.9316176808570109,0.009687928669410152
1,0.0,5,360.1059584797477,0.0,100.0,566.0,75.53821879420278,17.710524783402214,1286.0,217.6566525154077,47.02876589313816,391.0,66.98132286285173,14.767873344276214,0.0,0.0,0.0,0.0,0.0,0.0
2,0.0,13,360.0770111574286,100.0,0.0,566.0,70.5784615180675,13.946437131665508,1383.0,234.6615941959398,50.16359477622033,322.0,54.78173243028047,11.727033654883792,0.0,0.0,0.0,0.0,0.0,0.0
3,0.054,7,359.9379066507057,100.0,100.0,560.0,71.17995599954664,14.903208749457463,1397.0,231.5859111280276,48.93119298439749,330.0,55.15340182956203,11.865574270460813,16.0,1.6000000000000003,0.1600000000000001,82.0,0.5101201874384227,0.0034722222222222233
4,0.0,8,360.20026181167935,200.0,0.0,572.0,71.60628258736223,14.805992736102533,1352.0,227.3954365800701,48.573212752532235,358.0,61.10683000737681,13.365141534309211,0.0,0.0,0.0,0.0,0.0,0.0
5,0.054,7,360.00464585416796,200.0,100.0,574.0,67.4288785855909,14.017166793553734,1455.0,248.38772810051137,53.3917133707112,244.0,42.6307854197398,9.2332760856081,11.0,1.0999999999999999,0.11000000000000004,96.0,0.6174365758064737,0.004393861454046644
6,0.0,9,359.94768463170277,300.0,0.0,573.0,70.60233075184793,14.106099760080555,1363.0,234.50568600743694,50.60648690468533,325.0,54.95957843869341,11.727650352120726,0.0,0.0,0.0,0.0,0.0,0.0
7,0.054,12,360.0284472141638,300.0,100.0,553.0,71.77307490468466,16.151460154805488,1595.0,274.571681173132,59.444499685980595,71.0,12.20236989420684,2.6873773252620756,10.0,0.9999999999999999,0.10000000000000003,68.0,0.6327993689443643,0.006772976680384094
