id,probability_maraud,successful_mating,next_foraging_time,x_pos,y_pos,foraging_events,foraging_hrs,foraging_sqhrs,staying_events,staying_hrs,staying_sqhrs,repairing_events,repairing_hrs,repairing_sqhrs,marauding_events,marauding_hrs,marauding_sqhrs,traveling_events,traveling_hrs,traveling_sqhrs
0,0.0,4,359.88210768541245,0.0,0.0,563.0,73.25256557130194,15.643735743741718,1283.0,216.35421713082735,45.555905254213094,421.0,70.49968467497433,15.213718014537598,0.0,0.0,0.0,0.0,0.0,0.0
1,0.054,11,360.2503410251759,0.0,100.0,557.0,71.99784099297537,15.535798504556194,1546.0,258.5083317513015,55.02350713507438,159.0,26.74278509806728,5.686365332514958,19.0,1.9000000000000006,0.1900000000000001,95.0,0.8540320928404904,0.009087791495198907
2,0.054,4,360.60942457878923,100.0,0.0,574.0,70.64272604518294,13.960473348446563,1508.0,256.9624652704744,55.11589946378037,171.0,30.76254694047949,6.819958316578643,11.0,1.0999999999999999,0.11000000000000004,88.0,0.591905471057578,0.004350994513031552
3,0.0,6,360.51503575511396,100.0,100.0,568.0,69.12963946751887,13.846362224978757,1450.0,254.03652911641154,56.40053943896476,217.0,36.950084372823405,7.8293999833828956,0.0,0.0,0.0,0.0,0.0,0.0
4,0.054,15,359.9886126041737,200.0,0.0,559.0,73.79208910613303,15.334524595358532,1548.0,253.80503157264346,53.119752071864745,188.0,30.62833225275169,6.383587429895829,12.0,1.2,0.12000000000000005,100.0,0.6274901539326487,0.004372427983539099
5,0.0,11,360.26311295035805,200.0,100.0,576.0,68.30191056538602,13.37252270725088,1379.0,236.19259639922237,51.25132380030982,318.0,55.532538364367944,12.023068692738107,0.0,0.0,0.0,0.0,0.0,0.0
6,0.0,12,360.21979388258126,300.0,0.0,555.0,71.9745364701548,15.273590121184837,1527.0,251.67890163897601,52.743174328840674,216.0,36.35101759631272,7.748009508314765,0.0,0.0,0.0,0.0,0.0,0.0
7,0.054,9,359.8340952033535,300.0,100.0,557.0,73.13225632817036,16.336924911399727,1308.0,223.47231919427918,48.30701787200162,362.0,61.113454616311806,12.899483882359535,16.0,1.6000000000000003,0.1600000000000001,86.0,0.7482415212487812,0.0077374828532236015
