id,probability_maraud,successful_mating,next_foraging_time,x_pos,y_pos,foraging_events,foraging_hrs,foraging_sqhrs,staying_events,staying_hrs,staying_sqhrs,repairing_events,repairing_hrs,repairing_sqhrs,marauding_events,marauding_hrs,marauding_sqhrs,traveling_events,traveling_hrs,traveling_sqhrs
0,0.0,8,360.0847776978369,0.0,0.0,567.0,69.8999051351195,14.187613984352428,1501.0,253.61829660943957,53.728937248204474,216.0,36.68864480477472,7.9480522178519655,0.0,0.0,0.0,0.0,0.0,0.0
1,0.0,15,360.0835837237913,0.0,100.0,555.0,70.97401745502343,15.09247415762596,1324.0,221.84668348109886,47.17449016336523,390.0,67.22200591247584,14.422152007518154,0.0,0.0,0.0,0.0,0.0,0.0
2,0.054,5,360.5167413460877,100.0,0.0,563.0,69.37627330069584,14.320786076511755,1446.0,245.03599012863884,52.8813117264981,249.0,42.98265731754005,9.416355996351939,19.0,1.9000000000000006,0.1900000000000001,114.0,0.7480228291674782,0.0053798010973936964
3,0.054,12,359.95717961773795,100.0,100.0,565.0,70.42063335548512,15.127992130102218,1461.0,251.14917125542308,54.05966702505104,219.0,36.6335527484038,8.065294346376078,13.0,1.3,0.13000000000000006,83.0,0.5340728132619388,0.003815157750342938
4,0.0,8,360.6247549991767,200.0,0.0,567.0,70.23754447011191,14.32906774760881,1485.0,247.46698319556097,52.513507684382816,241.0,42.34173661631811,9.171668533841512,0.0,0.0,0.0,0.0,0.0,0.0
5,0.054,7,360.31009576802273,200.0,100.0,554.0,71.17434110260606,15.339840817959086,1295.0,220.05762119638518,47.33044917836496,378.0,67.31776370086425,14.905468997012061,10.0,0.9999999999999999,0.10000000000000003,73.0,0.48830267660743537,0.0036008230452674902
6,0.054,7,360.07190858625023,300.0,0.0,582.0,70.48137496194816,14.241058119942,1572.0,262.2664283510272,55.910254574874685,147.0,24.695897466797785,5.107821693364897,19.0,1.9000000000000006,0.1900000000000001,83.0,0.6904697218755449,0.006858710562414274
7,0.0,10,360.4048857295935,300.0,100.0,573.0,68.62652954629648,14.037364709007456,1370.0,236.87212263961044,51.566590099517185,326.0,54.624268361857915,11.57438074311686,0.0,0.0,0.0,0.0,0.0,0.0
