id,probability_maraud,successful_mating,next_foraging_time,x_pos,y_pos,foraging_events,foraging_hrs,foraging_sqhrs,staying_events,staying_hrs,staying_sqhrs,repairing_events,repairing_hrs,repairing_sqhrs,marauding_events,marauding_hrs,marauding_sqhrs,traveling_events,traveling_hrs,traveling_sqhrs
0,0.0,9,360.44948358983453,0.0,0.0,565.0,69.11689828714876,13.441450835014821,1541.0,260.4016907231014,55.9069910244017,189.0,30.49146374146934,6.255534261644682,0.0,0.0,0.0,0.0,0.0,0.0
1,0.054,8,360.1233598928436,0.0,100.0,568.0,72.41571895242268,15.856187650517693,1183.0,199.66426295847197,42.714758295683644,508.0,85.53987359884897,17.895883393733435,16.0,1.6000000000000003,0.1600000000000001,82.0,0.8176978870343965,0.009409293552812076
2,0.054,13,360.3811268412732,100.0,0.0,569.0,72.48413786106035,15.316117261790414,1446.0,248.25441650442556,53.30953493098531,233.0,36.61083556106938,7.656569281235766,20.0,2.0000000000000004,0.20000000000000012,92.0,0.6588249716537204,0.005229766803840884
3,0.054,12,360.5350863252414,100.0,100.0,568.0,71.94485810456513,14.809247238071062,1560.0,267.881817940376,57.842825794343774,110.0,18.304306144766375,3.9462756220085216,15.0,1.5000000000000002,0.15000000000000008,93.0,0.6460188312596192,0.004972565157750347
4,0.0,9,360.53287599094466,200.0,0.0,567.0,72.94516421886544,15.768403487912611,1377.0,225.99370707781694,47.580849850384695,364.0,61.102289395233385,12.669568002843096,0.0,0.0,0.0,0.0,0.0,0.0
5,0.054,10,359.9302858753967,200.0,100.0,554.0,68.54956975555346,14.299025458400948,1422.0,240.82431671557325,51.2620770611654,277.0,48.50943060872295,10.64932910847512,17.0,1.7000000000000004,0.1700000000000001,86.0,0.5936912507856772,0.004501028806584366
6,0.0,8,359.9673097183921,300.0,0.0,578.0,65.42793096994954,12.011459330136871,1474.0,245.7986646647581,52.69786109621777,304.0,48.839522882698596,10.186557264413771,0.0,0.0,0.0,0.0,0.0,0.0
7,0.0,3,360.5971857079896,300.0,100.0,559.0,75.11892197259692,16.257941939809488,1186.0,199.42990811390678,43.122184400507095,503.0,85.57241549855968,18.66630799742965,0.0,0.0,0.0,0.0,0.0,0.0
