id,probability_maraud,successful_mating,next_foraging_time,x_pos,y_pos,foraging_events,foraging_hrs,foraging_sqhrs,staying_events,staying_hrs,staying_sqhrs,repairing_events,repairing_hrs,repairing_sqhrs,marauding_events,marauding_hrs,marauding_sqhrs,traveling_events,traveling_hrs,traveling_sqhrs
0,0.0,12,359.8330962102924,0.0,0.0,561.0,73.01339222923143,14.808755660142012,1352.0,225.783015290808,47.50000564078627,335.0,61.21457647727755,14.103881004149963,0.0,0.0,0.0,0.0,0.0,0.0
1,0.0,7,360.1114578857218,0.0,100.0,569.0,69.0273750511645,14.402390409662186,1345.0,236.323128195406,51.95507523507551,325.0,54.659086741458864,11.60969401855241,0.0,0.0,0.0,0.0,0.0,0.0
2,0.054,12,359.9048210172961,100.0,0.0,565.0,69.12359089360878,13.968351618765551,1479.0,246.0346026151886,52.3781503577884,258.0,42.57694444530765,8.874472218228185,17.0,1.7000000000000004,0.1700000000000001,87.0,0.5809054280084803,0.004329561042524012
3,0.0,11,360.0140077686885,100.0,100.0,572.0,68.26920234079364,12.906884458283505,1290.0,218.84486926215718,46.475539081196985,426.0,73.04462810157806,15.94040451543156,0.0,0.0,0.0,0.0,0.0,0.0
4,0.054,9,360.1938018664958,200.0,0.0,572.0,68.23940987068232,14.644974192908753,1415.0,241.45915235690802,52.19214422933815,283.0,48.965746871063736,10.54460596861647,9.0,0.8999999999999999,0.09000000000000002,75.0,0.4984171131560134,0.003622256515775036
5,0.054,10,359.799763826001,200.0,100.0,564.0,69.03294652023122,13.287491001864558,1619.0,276.69847062772044,60.11859282763869,71.0,12.187499663100088,2.533915812544095,16.0,1.6000000000000003,0.1600000000000001,86.0,0.5580152802770028,0.004029492455418384
6,0.054,6,360.4782379790908,300.0,0.0,563.0,70.91638973460839,15.361015255825071,1513.0,255.84537706482132,55.05829013511079,178.0,30.492152722952337,6.706062734686063,19.0,1.9000000000000006,0.1900000000000001,100.0,0.9135142467923647,0.009795096021947882
7,0.0,5,360.2419862698516,300.0,100.0,585.0,70.12814974662236,14.354147323580793,1431.0,241.00791392117256,51.19226690718218,286.0,49.04116823210896,10.625136801486555,0.0,0.0,0.0,0.0,0.0,0.0
