id,probability_maraud,successful_mating,next_foraging_time,x_pos,y_pos,foraging_events,foraging_hrs,foraging_sqhrs,staying_events,staying_hrs,staying_sqhrs,repairing_events,repairing_hrs,repairing_sqhrs,marauding_events,marauding_hrs,marauding_sqhrs,traveling_events,traveling_hrs,traveling_sqhrs
0,0.054,11,359.8902226410816,0.0,0.0,560.0,68.04914659044952,13.449613716675369,1500.0,253.86363018215076,54.25799079175874,217.0,36.571703154391074,7.668187601354715,10.0,0.9999999999999999,0.10000000000000003,64.0,0.5854173487071734,0.006301440329218112
1,0.054,13,360.36289161762704,0.0,100.0,579.0,75.18606699697303,15.785119331331828,1582.0,271.1631600451584,58.72785720644843,75.0,12.043496006012518,2.580794422434246,9.0,0.8999999999999999,0.09000000000000002,82.0,0.7667647777461253,0.00825188614540467
2,0.0,12,359.99125864994625,100.0,0.0,555.0,68.64120834310617,13.758814383719589,1412.0,236.38222759601916,50.77166158857497,326.0,55.020293824093336,11.768102843874033,0.0,0.0,0.0,0.0,0.0,0.0
3,0.0,9,360.0698948391609,100.0,100.0,562.0,69.34217852205815,14.529826038745034,1529.0,252.78375399279193,53.18792326714573,234.0,38.10362627822371,8.141843177386257,0.0,0.0,0.0,0.0,0.0,0.0
4,0.0,5,360.3037034358938,200.0,0.0,566.0,71.7347933979095,15.215194347381098,1383.0,239.80794238721126,52.315612601579765,281.0,48.61557588857914,10.613861257043594,0.0,0.0,0.0,0.0,0.0,0.0
5,0.0,8,359.99833713651947,200.0,100.0,576.0,68.18762307500863,13.000043045925587,1621.0,267.7876278585122,56.12670357981646,144.0,24.335805677229033,5.201364335101028,0.0,0.0,0.0,0.0,0.0,0.0
6,0.054,8,360.02649920326655,300.0,0.0,565.0,67.45394590235594,12.754125942166336,1631.0,272.52893558693603,57.124417201575866,102.0,18.085106226728243,3.83928655822297,12.0,1.2,0.12000000000000005,93.0,0.7800869189735675,0.00782321673525378
7,0.054,6,360.1552730927351,300.0,100.0,568.0,72.50389004210952,15.325783562610194,1582.0,267.24791964921735,57.49824076616507,106.0,18.349569313289365,3.9120377210695563,11.0,1.0999999999999999,0.11000000000000004,89.0,0.8131751246764495,0.008551954732510296
