id,probability_maraud,successful_mating,next_foraging_time,x_pos,y_pos,foraging_events,foraging_hrs,foraging_sqhrs,staying_events,staying_hrs,staying_sqhrs,repairing_events,repairing_hrs,repairing_sqhrs,marauding_events,marauding_hrs,marauding_sqhrs,traveling_events,traveling_hrs,traveling_sqhrs
0,0.0,12,360.1767934268401,0.0,0.0,568.0,70.27927151611065,14.920859705933818,1485.0,247.48574060479442,53.03362704828454,256.0,42.44530508925463,8.873034967673439,0.0,0.0,0.0,0.0,0.0,0.0
1,0.0,12,359.81338481805386,0.0,100.0,546.0,71.62817374176053,15.64923159719391,1325.0,228.52869339787347,50.16323533143566,363.0,59.85318947954976,12.27246915040418,0.0,0.0,0.0,0.0,0.0,0.0
2,0.054,5,360.09103983321927,100.0,0.0,572.0,72.41030066090958,15.209775153377596,1467.0,248.55929519272306,53.06011224061532,217.0,36.67556936077576,7.9490815271517725,19.0,1.9000000000000006,0.1900000000000001,80.0,0.5154832775125653,0.0036865569272976706
3,0.054,14,360.39681961172334,100.0,100.0,561.0,69.55488308908487,14.362169473854092,1428.0,240.3955366656472,51.596821568879925,290.0,48.816521294020184,10.392864004786848,7.0,0.7,0.07,83.0,0.5626449099066322,0.004222393689986285
4,0.054,9,360.26382940204445,200.0,0.0,566.0,68.5364539660087,13.642349411949596,1532.0,264.99230358629205,57.93481689821388,139.0,24.18314009097025,5.253288172952233,18.0,1.8000000000000005,0.1800000000000001,90.0,0.5802632551975714,0.004072359396433472
5,0.054,9,360.0265976082165,200.0,100.0,566.0,73.01110152263051,15.645766103464519,1519.0,261.2422209052355,56.944774298104385,147.0,24.221380618762606,4.956579253735444,12.0,1.2,0.12000000000000005,73.0,0.4798073070038905,0.0035150891632373124
6,0.0,3,359.89512510598007,300.0,0.0,554.0,72.96056131835125,15.628470421453933,1344.0,230.71893054655033,50.2581054514425,326.0,56.56841029472679,12.361191867316501,0.0,0.0,0.0,0.0,0.0,0.0
7,0.0,8,360.1759823854483,300.0,100.0,548.0,68.77071753211031,14.002990613822487,1453.0,248.67416198160203,54.10117730825919,249.0,42.617349146397586,9.352499732245633,0.0,0.0,0.0,0.0,0.0,0.0
