id,probability_maraud,successful_mating,next_foraging_time,x_pos,y_pos,foraging_events,foraging_hrs,foraging_sqhrs,staying_events,staying_hrs,staying_sqhrs,repairing_events,repairing_hrs,repairing_sqhrs,marauding_events,marauding_hrs,marauding_sqhrs,traveling_events,traveling_hrs,traveling_sqhrs
0,0.0,7,360.04512591875715,0.0,0.0,558.0,73.33759972803725,16.393505389562026,1473.0,244.01752058220688,51.589002673546545,246.0,42.871155758025026,9.524303071214517,0.0,0.0,0.0,0.0,0.0,0.0
1,0.0,8,360.8309192934905,0.0,100.0,561.0,69.86716458515113,14.570954087618283,1423.0,241.84723485480293,52.39808562010643,279.0,48.50241836447213,10.826069188898156,0.0,0.0,0.0,0.0,0.0,0.0
2,0.054,13,360.36218801620834,100.0,0.0,561.0,68.98139416165056,14.226874819054384,1571.0,258.6544993440257,54.153108429250075,185.0,30.410774820903598,6.252110413284088,16.0,1.6000000000000003,0.1600000000000001,80.0,0.5142236574262591,0.0036222565157750354
3,0.054,6,360.43624742002885,100.0,100.0,572.0,71.73328599371126,15.172803828299338,1348.0,231.79539729802215,49.94453837569719,332.0,54.883584490535746,11.690670086762722,12.0,1.2,0.12000000000000005,64.0,0.41363142566071326,0.0029578189300411522
4,0.0,10,360.2889515399238,200.0,0.0,579.0,69.464570370765,14.664570474823307,1527.0,260.2436922785856,55.45433823275917,186.0,30.386862464435403,6.326711997140886,0.0,0.0,0.0,0.0,0.0,0.0
5,0.054,9,360.31056482162154,200.0,100.0,572.0,70.58910026904672,14.888736208714615,1397.0,233.21155611934145,49.12702969752006,311.0,54.88978987013735,12.187207121131383,9.0,0.8999999999999999,0.09000000000000002,64.0,0.4471013111601591,0.003450788751714678
6,0.0,12,360.1002195394683,300.0,0.0,569.0,67.67938786525157,13.724686918981082,1487.0,249.58353762074523,52.768479860935514,278.0,42.76056252972776,8.771215894528044,0.0,0.0,0.0,0.0,0.0,0.0
7,0.054,7,360.43953658409094,300.0,100.0,567.0,69.45378345755829,13.730355315375235,1573.0,264.02656516867444,55.85952429753445,144.0,24.127842558856827,5.232286339602806,17.0,1.7000000000000004,0.1700000000000001,83.0,0.7363126382936217,0.00778034979423869
