id,probability_maraud,successful_mating,next_foraging_time,x_pos,y_pos,foraging_events,foraging_hrs,foraging_sqhrs,staying_events,staying_hrs,staying_sqhrs,repairing_events,repairing_hrs,repairing_sqhrs,marauding_events,marauding_hrs,marauding_sqhrs,traveling_events,traveling_hrs,traveling_sqhrs
0,0.054,7,360.2776860804852,0.0,0.0,560.0,71.10231864141372,15.171183290693037,1342.0,232.54861555761966,50.74837006837027,329.0,54.64617152344045,11.287275616528204,12.0,1.2,0.12000000000000005,68.0,0.6238458814837743,0.006708676268861462
1,0.054,12,360.02264513105416,0.0,100.0,568.0,72.22506969514161,15.680285140644825,1580.0,264.75809701295316,56.78156649928911,126.0,20.86773819669301,4.425455770250364,15.0,1.5000000000000002,0.15000000000000008,95.0,0.7908469866275935,0.007801783264746236
2,0.0,12,359.9289263385564,100.0,0.0,557.0,74.2091766328725,16.77564187166887,1443.0,242.95856209167445,51.87592361655889,247.0,42.85966751148335,9.138721825980438,0.0,0.0,0.0,0.0,0.0,0.0
3,0.054,9,360.3196904663073,100.0,100.0,567.0,70.82959946989239,14.532263980745075,1612.0,275.09286483624516,59.452547111841895,76.0,12.16275683725837,2.4381112180802345,15.0,1.5000000000000002,0.15000000000000008,71.0,0.47176267189267657,0.0034079218106995886
4,0.054,6,360.6651056857142,200.0,0.0,560.0,73.23808333147932,15.652476478896764,1405.0,236.86746273903537,50.77548919736514,283.0,48.75076557026045,10.749314229554454,9.0,0.8999999999999999,0.09000000000000002,70.0,0.4487812365275949,0.003172153635116599
5,0.0,11,360.28131239401824,200.0,100.0,578.0,73.64518943154279,15.634243125874175,1439.0,243.69811411840223,51.596995187896624,255.0,42.67920016084498,9.147866442703469,0.0,0.0,0.0,0.0,0.0,0.0
6,0.0,7,360.0394109212374,300.0,0.0,561.0,71.29294660322724,14.379251052406444,1445.0,246.03204924919928,52.93288810317371,249.0,42.73677953648831,9.379797378931398,0.0,0.0,0.0,0.0,0.0,0.0
7,0.0,8,360.02877835643517,300.0,100.0,552.0,73.11521065004442,15.23069488345893,1460.0,244.0922052831675,52.0539433183027,251.0,42.828648965103056,9.277370055665408,0.0,0.0,0.0,0.0,0.0,0.0
