id,probability_maraud,successful_mating,next_foraging_time,x_pos,y_pos,foraging_events,foraging_hrs,foraging_sqhrs,staying_events,staying_hrs,staying_sqhrs,repairing_events,repairing_hrs,repairing_sqhrs,marauding_events,marauding_hrs,marauding_sqhrs,traveling_events,traveling_hrs,traveling_sqhrs
0,0.054,11,360.04379724869887,0.0,0.0,562.0,69.75637783204353,14.409298524198588,1512.0,257.83603390842376,54.69859560652461,173.0,30.256333332740915,6.414983083497547,14.0,1.4000000000000001,0.14000000000000007,84.0,0.792829708347591,0.00885202331961592
1,0.0,4,360.22862215460555,0.0,100.0,561.0,69.62960155879088,14.09556858499089,1402.0,241.35558728886707,52.41925176040818,300.0,49.07030722942055,10.247632505604576,0.0,0.0,0.0,0.0,0.0,0.0
2,0.054,7,360.0950859252875,100.0,0.0,568.0,72.72749193123083,15.376532706447538,1409.0,242.26126783253872,52.10483619922009,257.0,43.02302322403538,9.111868737699433,15.0,1.5000000000000002,0.15000000000000008,78.0,0.5183271274140956,0.003772290809327847
3,0.0,11,359.8371137014662,100.0,100.0,570.0,70.19169486581278,14.935252478017654,1575.0,265.44094325899476,56.841779815759445,148.0,24.552635389249875,5.136048809482851,0.0,0.0,0.0,0.0,0.0,0.0
4,0.0,9,359.9787001563494,200.0,0.0,564.0,70.5525592909684,14.049589702052753,1493.0,258.9820980716926,56.95947008710331,182.0,30.55856988062011,6.332679987997537,0.0,0.0,0.0,0.0,0.0,0.0
5,0.0,9,360.1303028426019,200.0,100.0,551.0,68.50944309830456,13.780480066218166,1437.0,242.97962625298007,52.05507032222098,290.0,48.57707267747027,10.523857515464476,0.0,0.0,0.0,0.0,0.0,0.0
6,0.054,8,360.23945673671295,300.0,0.0,559.0,69.68781460372314,14.65880562239774,1320.0,221.6209654284551,46.941050089293746,401.0,66.82207241194983,13.907306527255285,11.0,1.0999999999999999,0.11000000000000004,95.0,0.8154195051100264,0.008230452674897127
7,0.054,13,360.78911871271083,300.0,100.0,555.0,73.78310941929847,17.050035456553648,1381.0,234.94233129236994,49.96855264840613,277.0,48.98772999079826,11.081448167638525,16.0,1.6000000000000003,0.1600000000000001,89.0,0.7429137983670344,0.007265946502057619
