id,probability_maraud,successful_mating,next_foraging_time,x_pos,y_pos,foraging_events,foraging_hrs,foraging_sqhrs,staying_events,staying_hrs,staying_sqhrs,repairing_events,repairing_hrs,repairing_sqhrs,marauding_events,marauding_hrs,marauding_sqhrs,traveling_events,traveling_hrs,traveling_sqhrs
0,0.054,8,360.2110305135268,0.0,0.0,579.0,71.34513648593338,13.788827140630914,1493.0,250.27956347657383,53.510874545337316,214.0,36.53343615935123,7.823689266770726,12.0,1.2,0.12000000000000005,89.0,0.7861636819379064,0.008230452674897125
1,0.0,10,360.2629932327267,0.0,100.0,552.0,71.39539477844167,15.805413116353623,1531.0,264.43380091394073,57.839049592598755,148.0,24.257755565671285,4.958269294209653,0.0,0.0,0.0,0.0,0.0,0.0
2,0.054,4,359.97299814390954,100.0,0.0,558.0,71.75627146218402,14.941887826798299,1315.0,225.93498667689744,49.14851217653788,371.0,60.89477952627227,12.791278226857987,11.0,1.0999999999999999,0.11000000000000004,75.0,0.4866836096624026,0.0034936556927297694
3,0.054,11,360.3174983351461,100.0,100.0,568.0,74.89225821866184,15.696001959916305,1425.0,246.70004151131442,53.521676395655334,219.0,36.26220774394173,7.623621305457854,17.0,1.7000000000000004,0.1700000000000001,78.0,0.5179981097665702,0.003793724279835393
4,0.0,11,360.02180339252385,200.0,0.0,567.0,69.8777148446215,14.607723749090141,1581.0,262.94677161942707,55.39003469637902,169.0,27.26138367796889,5.632164534471936,0.0,0.0,0.0,0.0,0.0,0.0
5,0.0,11,359.96351739780056,200.0,100.0,576.0,68.84922743081549,13.652932938015685,1397.0,236.42310542858738,50.754245039163784,332.0,54.797491525308374,11.442854582491751,0.0,0.0,0.0,0.0,0.0,0.0
6,0.054,10,360.4981812967963,300.0,0.0,572.0,68.44184982634836,13.745585700537381,1468.0,253.3464283641828,54.71716429003245,227.0,36.510542965490416,7.451261603884183,11.0,1.0999999999999999,0.11000000000000004,81.0,0.7753407933263899,0.008551954732510293
7,0.0,7,360.1994228771802,300.0,100.0,569.0,68.89131633711924,14.091264634153806,1566.0,260.4878005860185,55.07254499292755,188.0,30.773449990634376,6.414369072029768,0.0,0.0,0.0,0.0,0.0,0.0
