id,probability_maraud,successful_mating,next_foraging_time,x_pos,y_pos,foraging_events,foraging_hrs,foraging_sqhrs,staying_events,staying_hrs,staying_sqhrs,repairing_events,repairing_hrs,repairing_sqhrs,marauding_events,marauding_hrs,marauding_sqhrs,traveling_events,traveling_hrs,traveling_sqhrs
0,0.054,8,359.93950406661406,0.0,0.0,555.0,71.81964023333194,15.487879141549588,1406.0,237.59277599794535,51.19057138826349,278.0,48.96902717901939,10.71444365839246,10.0,0.9999999999999999,0.10000000000000003,79.0,0.6943277956386826,0.007180212620027441
1,0.0,8,360.0490795841853,0.0,100.0,561.0,70.70497653625088,14.871442341049564,1337.0,228.05771880229375,49.090933782015675,364.0,61.330758408756196,13.36925800943227,0.0,0.0,0.0,0.0,0.0,0.0
2,0.054,11,359.77900134963176,100.0,0.0,583.0,66.89301179889272,12.482320399575986,1499.0,254.38021126353016,54.491720689341605,214.0,36.58407047643619,8.031901502220594,17.0,1.7000000000000004,0.1700000000000001,78.0,0.4841383481971963,0.003365054869684502
3,0.054,7,359.9961099664556,100.0,100.0,568.0,71.06480364038536,16.049937568881823,1492.0,249.9715643685398,53.46508588034567,225.0,36.76686451007403,7.933827066217278,17.0,1.7000000000000004,0.1700000000000001,82.0,0.5340728132619388,0.0038580246913580266
4,0.054,15,360.4950074248891,200.0,0.0,552.0,70.61456901516264,15.929456643257256,1545.0,263.4712608047105,56.695351870848356,139.0,24.40287049712177,5.30525650422458,11.0,1.0999999999999999,0.11000000000000004,73.0,0.49941873282564886,0.0037937242798353915
5,0.0,12,360.1545962561649,200.0,100.0,573.0,72.05484907485925,15.467735568748045,1446.0,245.32835823483106,52.5281342909314,256.0,42.6908466582702,9.112864903467976,0.0,0.0,0.0,0.0,0.0,0.0
6,0.0,4,359.7509451678531,300.0,0.0,566.0,69.89517903896478,14.950283171063989,1421.0,235.13712279159265,49.27872252414114,317.0,55.02582418669848,11.483891736083889,0.0,0.0,0.0,0.0,0.0,0.0
7,0.0,7,360.0451447629221,300.0,100.0,566.0,71.33272916365787,14.140490625311108,1514.0,258.28258127272966,55.36388735837832,176.0,30.66587526930764,6.545322125737214,0.0,0.0,0.0,0.0,0.0,0.0
