id,probability_maraud,successful_mating,next_foraging_time,x_pos,y_pos,foraging_events,foraging_hrs,foraging_sqhrs,staying_events,staying_hrs,staying_sqhrs,repairing_events,repairing_hrs,repairing_sqhrs,marauding_events,marauding_hrs,marauding_sqhrs,traveling_events,traveling_hrs,traveling_sqhrs
0,0.0,8,360.2652681309242,0.0,0.0,563.0,72.03265046316389,15.292802097321076,1434.0,245.40620542693492,52.606505501950636,253.0,42.66246024967509,8.984632500904636,0.0,0.0,0.0,0.0,0.0,0.0
1,0.054,8,360.67545683885055,0.0,100.0,557.0,69.28892986552738,14.370891978158738,1491.0,252.0228873537371,54.390270913396186,216.0,36.4817941935789,7.847607908188051,16.0,1.6000000000000003,0.1600000000000001,78.0,0.6921221934778857,0.007180212620027442
2,0.054,7,360.0785337803436,100.0,0.0,571.0,69.15829678866788,14.232244697706001,1415.0,240.12250707476815,51.44780316012904,281.0,49.26588313063914,10.83051118657756,10.0,0.9999999999999999,0.10000000000000003,79.0,0.5245453947775569,0.003836591220850483
3,0.054,9,360.13346473153985,100.0,100.0,571.0,71.47527496028403,14.680694808173643,1499.0,249.89540452437785,52.56320525427291,223.0,36.63538111830633,7.660768796752203,14.0,1.4000000000000001,0.14000000000000007,94.0,0.5989789157103579,0.004179526748971198
4,0.054,7,360.01646211435065,200.0,0.0,557.0,72.97621723505095,15.916338148201113,1421.0,236.89395211402692,50.39752178207703,277.0,48.47059455502735,10.566270794814233,12.0,1.2,0.12000000000000005,87.0,0.5651191541409838,0.0040509259259259274
5,0.0,10,360.00026096331993,200.0,100.0,569.0,73.08831723093805,15.619603808728616,1398.0,237.9795613426239,51.28807379424003,284.0,49.083744778682814,10.64319767095772,0.0,0.0,0.0,0.0,0.0,0.0
6,0.0,18,360.2027479769632,300.0,0.0,563.0,70.00098317492787,14.64571256376871,1653.0,277.8479098629311,59.7326364052018,62.0,12.20080789805059,2.7756459677652603,0.0,0.0,0.0,0.0,0.0,0.0
7,0.0,5,359.95287813119404,300.0,100.0,559.0,70.16617025826899,14.721591420429341,1443.0,247.23925350851005,52.85188218474268,251.0,42.59515403211946,8.989039375545781,0.0,0.0,0.0,0.0,0.0,0.0
