id,probability_maraud,successful_mating,next_foraging_time,x_pos,y_pos,foraging_events,foraging_hrs,foraging_sqhrs,staying_events,staying_hrs,staying_sqhrs,repairing_events,repairing_hrs,repairing_sqhrs,marauding_events,marauding_hrs,marauding_sqhrs,traveling_events,traveling_hrs,traveling_sqhrs
0,0.054,7,360.1458212203003,0.0,0.0,566.0,73.43428882909801,15.615483649492935,1622.0,266.5747458520774,56.48258151277804,102.0,18.348998995442553,4.1757969701880775,10.0,0.9999999999999999,0.10000000000000003,80.0,0.7105313993412016,0.007480281207133065
1,0.0,6,359.8019488316228,0.0,100.0,566.0,72.35843155208077,15.775316385169436,1408.0,238.8377370739045,51.59745866831214,272.0,48.96017229263771,10.884727218874993,0.0,0.0,0.0,0.0,0.0,0.0
2,0.0,10,360.0190640813184,100.0,0.0,556.0,67.93931416132328,12.86440053055113,1490.0,255.69557750942369,55.098007138499625,215.0,36.46139477304427,7.888008560685339,0.0,0.0,0.0,0.0,0.0,0.0
3,0.054,7,359.9787701499304,100.0,100.0,557.0,70.32009786380677,14.573646714299674,1544.0,257.3329305946595,54.44773081027994,186.0,30.61066370853721,6.576563482122708,13.0,1.3,0.13000000000000006,84.0,0.5570238194158191,0.004072359396433474
4,0.0,10,360.34033287958636,200.0,0.0,567.0,72.6274781455513,15.612165047594274,1393.0,232.84235244310935,48.84302362108248,332.0,54.65886723762699,11.522890548664515,0.0,0.0,0.0,0.0,0.0,0.0
5,0.0,12,359.95820207390364,200.0,100.0,565.0,69.69391603454085,14.366908178019806,1447.0,241.48638964151698,51.04020569327968,296.0,48.966862508333264,10.800591370459543,0.0,0.0,0.0,0.0,0.0,0.0
6,0.054,10,360.2415995943101,300.0,0.0,578.0,68.35103044405419,14.217592474586018,1451.0,252.77670221364843,55.17774531369076,210.0,36.60112265259735,8.060608838953653,16.0,1.6000000000000003,0.1600000000000001,81.0,0.6914102831204088,0.0070944787379972635
7,0.054,10,360.35244758926575,300.0,100.0,570.0,71.88842520782119,15.17970857001176,1512.0,256.1081409224613,54.84900779843202,172.0,30.386484315486964,6.841111370720075,11.0,1.0999999999999999,0.11000000000000004,79.0,0.6345475360989172,0.006194272976680388
