id,probability_maraud,successful_mating,next_foraging_time,x_pos,y_pos,foraging_events,foraging_hrs,foraging_sqhrs,staying_events,staying_hrs,staying_sqhrs,repairing_events,repairing_hrs,repairing_sqhrs,marauding_events,marauding_hrs,marauding_sqhrs,traveling_events,traveling_hrs,traveling_sqhrs
0,0.0,9,360.6598123857475,0.0,0.0,559.0,70.60868935509295,15.09027375706412,1418.0,240.92635439163973,51.80694873701328,274.0,48.551005096088666,10.609242333924898,0.0,0.0,0.0,0.0,0.0,0.0
1,0.054,9,360.05526963676573,0.0,100.0,553.0,69.36481230998218,14.665355499382516,1615.0,275.63980172901387,59.610931610732926,75.0,12.197545179582164,2.5025355797079882,18.0,1.8000000000000005,0.1800000000000001,107.0,1.001595998368181,0.010716735253772296
2,0.0,7,359.91463097738614,100.0,0.0,572.0,73.57491679010364,16.315851482699497,1277.0,213.21271817782375,45.202411570674016,425.0,73.34913226031146,16.075144412821793,0.0,0.0,0.0,0.0,0.0,0.0
3,0.054,11,360.1559077393885,100.0,100.0,579.0,70.22500059000087,13.926628835237546,1472.0,244.08669827304874,51.108369083793626,276.0,43.99784418613079,9.105541594921814,12.0,1.2,0.12000000000000005,94.0,0.5864409345413794,0.003986625514403297
4,0.0,2,360.19665885346325,200.0,0.0,570.0,73.8618137648702,16.58310467547555,1368.0,225.1715104245946,47.632346272814615,366.0,61.11343825708624,12.998364312573296,0.0,0.0,0.0,0.0,0.0,0.0
5,0.054,9,360.43787129382486,200.0,100.0,559.0,72.76419386623294,15.92578534794921,1354.0,230.9273766418935,50.13169539636647,344.0,54.86107289316408,11.11569548826919,9.0,0.8999999999999999,0.09000000000000002,89.0,0.5755017499146843,0.004093792866941017
6,0.0,9,360.19707022644633,300.0,0.0,563.0,71.62128941152551,14.973288760677985,1550.0,257.73022731592215,54.91971293698554,189.0,30.843478799518834,6.713664305574812,0.0,0.0,0.0,0.0,0.0,0.0
7,0.054,16,360.3665299601627,300.0,100.0,577.0,68.75650943917647,13.36830557054278,1537.0,264.08064629017434,56.379011657255894,137.0,24.541930219723632,5.500123346653731,19.0,1.9000000000000006,0.1900000000000001,91.0,0.7683031987144383,0.007544581618655698
