id,probability_maraud,successful_mating,next_foraging_time,x_pos,y_pos,foraging_events,foraging_hrs,foraging_sqhrs,staying_events,staying_hrs,staying_sqhrs,repairing_events,repairing_hrs,repairing_sqhrs,marauding_events,marauding_hrs,marauding_sqhrs,traveling_events,traveling_hrs,traveling_sqhrs
0,0.0,8,360.3498825339503,0.0,0.0,584.0,70.72633127141967,14.325427637343774,1386.0,234.1983674366375,50.52134722301317,329.0,55.246185917438495,11.759768751695017,0.0,0.0,0.0,0.0,0.0,0.0
1,0.0,6,360.30630622135095,0.0,100.0,555.0,68.72487808840421,14.417505559212639,1319.0,229.90168108939648,50.10952909495245,366.0,61.37918869970781,13.002225011899537,0.0,0.0,0.0,0.0,0.0,0.0
2,0.054,9,360.2023059815813,100.0,0.0,559.0,71.53353628016976,14.380537168818941,1577.0,262.10314621663684,55.28042128363123,140.0,24.300389840566808,5.135197250609103,15.0,1.5000000000000002,0.15000000000000008,98.0,0.6632473004806303,0.00497256515775035
3,0.054,5,360.04297394094937,100.0,100.0,561.0,72.9683773444796,15.265158185680939,1512.0,260.53182629518517,56.58470090452088,145.0,24.170179024157814,5.229853782010131,17.0,1.7000000000000004,0.1700000000000001,109.0,0.6962011379325803,0.004886831275720172
4,0.054,15,360.36154259309984,200.0,0.0,558.0,69.61801322025023,14.238473366941841,1513.0,257.8860085852732,55.33994372722054,183.0,30.567845132954783,6.603068363632764,14.0,1.4000000000000001,0.14000000000000007,87.0,0.5414042583313889,0.0037079903978052137
5,0.054,10,360.4940172706638,200.0,100.0,559.0,72.13966360082624,16.00235969148398,1300.0,220.5900328319319,47.510066268394056,390.0,65.44853193921122,13.933494655909103,16.0,1.6000000000000003,0.1600000000000001,72.0,0.4482550768858017,0.003086419753086421
6,0.0,10,360.0135134106877,300.0,0.0,571.0,71.79283058321903,15.364040781065139,1452.0,239.33238964384336,50.78212707873238,300.0,48.9725684508336,10.119973685826505,0.0,0.0,0.0,0.0,0.0,0.0
7,0.0,9,360.25485391826106,300.0,100.0,564.0,70.82738479574296,14.258960213541483,1332.0,222.1830701251804,47.43024148044353,407.0,67.11269004865557,13.965781967646103,0.0,0.0,0.0,0.0,0.0,0.0
