id,probability_maraud,successful_mating,next_foraging_time,x_pos,y_pos,foraging_events,foraging_hrs,foraging_sqhrs,staying_events,staying_hrs,staying_sqhrs,repairing_events,repairing_hrs,repairing_sqhrs,marauding_events,marauding_hrs,marauding_sqhrs,traveling_events,traveling_hrs,traveling_sqhrs
0,0.0,9,359.9120304212195,0.0,0.0,558.0,71.75298007665694,14.5643486241453,1320.0,224.8569733168879,48.325090727428844,370.0,63.41958143437536,13.691202974336226,0.0,0.0,0.0,0.0,0.0,0.0
1,0.054,9,360.12037862413007,0.0,100.0,568.0,72.79721378207661,15.753084500152458,1601.0,272.91075017737336,58.990933354997686,81.0,12.15526268577939,2.367611393623777,14.0,1.4000000000000001,0.14000000000000007,86.0,0.785058170442694,0.008530521262002749
2,0.054,12,360.48251260950025,100.0,0.0,578.0,68.6175629113584,13.375441657329235,1487.0,252.44728364177962,54.00135546341434,226.0,36.63136565402622,7.385344216554231,19.0,1.9000000000000006,0.1900000000000001,89.0,0.5868149481271655,0.004308127572016463
3,0.0,8,360.0918972570672,100.0,100.0,563.0,73.47831140806663,16.132148654038275,1444.0,243.68138235523563,52.4008848539783,248.0,42.956478143452934,9.516319607960671,0.0,0.0,0.0,0.0,0.0,0.0
4,0.0,12,359.97660828134343,200.0,0.0,565.0,64.639276881168,12.661966136379334,1545.0,264.5749425319669,57.02509101949003,171.0,30.8330053334609,6.881135116991145,0.0,0.0,0.0,0.0,0.0,0.0
5,0.054,13,360.1321690633426,200.0,100.0,571.0,70.24892042857131,15.310352719651902,1499.0,257.27680121637593,55.37577374805303,174.0,30.534719809679366,6.676091317037674,15.0,1.5000000000000002,0.15000000000000008,78.0,0.5580862975078574,0.004372427983539096
6,0.054,4,360.1776114237907,300.0,0.0,557.0,71.68115851557639,15.496033455847774,1314.0,217.77740244268819,46.297460642225914,413.0,69.08807092754103,14.766813668681989,10.0,0.9999999999999999,0.10000000000000003,61.0,0.5096108399048396,0.005122599451303159
7,0.0,5,360.1732319572634,300.0,100.0,575.0,70.42250058773189,15.625261267060338,1417.0,234.2377991518381,49.36411816621094,337.0,55.395264981530524,11.463030120523246,0.0,0.0,0.0,0.0,0.0,0.0
