id,probability_maraud,successful_mating,next_foraging_time,x_pos,y_pos,foraging_events,foraging_hrs,foraging_sqhrs,staying_events,staying_hrs,staying_sqhrs,repairing_events,repairing_hrs,repairing_sqhrs,marauding_events,marauding_hrs,marauding_sqhrs,traveling_events,traveling_hrs,traveling_sqhrs
0,0.054,9,360.22171929911997,0.0,0.0,573.0,70.96767148171955,14.53183571623134,1478.0,250.63946042445323,53.27840713342424,215.0,36.46292613964327,7.891113544756639,12.0,1.2,0.12000000000000005,86.0,0.7599775173400669,0.007866083676268867
1,0.0,7,360.0883729407394,0.0,100.0,560.0,73.6282735875564,16.6302253775911,1398.0,237.77581476122677,51.125211748563075,292.0,48.709992695202736,10.396195892201625,0.0,0.0,0.0,0.0,0.0,0.0
2,0.0,10,360.0675910537856,100.0,0.0,559.0,72.8124997855163,16.783423153792064,1417.0,238.2737526026934,50.911454192376404,284.0,49.123347823565204,10.38997902447623,0.0,0.0,0.0,0.0,0.0,0.0
3,0.054,12,360.771322492681,100.0,100.0,575.0,69.10135334327553,13.713374708472195,1595.0,270.52150476549775,58.25458458947934,119.0,18.257913990533158,3.5662386049306574,16.0,1.6000000000000003,0.1600000000000001,99.0,0.6365218419864388,0.0045438957475994555
4,0.054,14,359.90160687558017,200.0,0.0,574.0,72.66029699303031,14.834956704045334,1509.0,261.34285998688125,57.04778638125762,137.0,24.223421235968395,5.35619864517525,13.0,1.3,0.13000000000000006,90.0,0.5857930580547807,0.00424382716049383
5,0.054,4,360.17069435856104,200.0,100.0,560.0,66.26831371226626,13.742372309230483,1378.0,233.07109687464146,49.37775743238132,342.0,59.19208249357389,12.970549516978833,10.0,0.9999999999999999,0.10000000000000003,75.0,0.4893955839106753,0.0035365226337448568
6,0.0,9,360.10063704638117,300.0,0.0,560.0,68.37347232975297,13.962566525746231,1479.0,255.22117620171883,55.703174342438906,214.0,36.60487068884634,7.742929209542577,0.0,0.0,0.0,0.0,0.0,0.0
7,0.0,7,360.1339797392391,300.0,100.0,579.0,66.4135746706845,12.566012889802096,1538.0,257.23619469740424,54.916058406612756,224.0,36.363770900191206,7.728470005479357,0.0,0.0,0.0,0.0,0.0,0.0
