id,probability_maraud,successful_mating,next_foraging_time,x_pos,y_pos,foraging_events,foraging_hrs,foraging_sqhrs,staying_events,staying_hrs,staying_sqhrs,repairing_events,repairing_hrs,repairing_sqhrs,marauding_events,marauding_hrs,marauding_sqhrs,traveling_events,traveling_hrs,traveling_sqhrs
0,0.0,8,360.16997797013227,0.0,0.0,574.0,70.55926620324516,14.293422182522836,1502.0,259.0882783920341,56.45405629976262,173.0,30.456565363483172,6.819150041412406,0.0,0.0,0.0,0.0,0.0,0.0
1,0.0,10,360.24575490503474,0.0,100.0,563.0,68.3454918544816,13.200122081386287,1490.0,249.03180233101267,52.69906824388048,250.0,42.65308911031388,9.123200441725839,0.0,0.0,0.0,0.0,0.0,0.0
2,0.054,10,360.5336673384825,100.0,0.0,559.0,68.98083525147767,14.76450979263703,1578.0,263.9151289293376,55.77927704492439,163.0,25.797285904460075,5.3392323893098,8.0,0.7999999999999999,0.08000000000000002,83.0,0.5392590317445627,0.0038580246913580258
3,0.0,11,360.11220782003966,100.0,100.0,566.0,71.36846193601006,14.479564128732996,1423.0,239.7687928737916,50.79391190724202,293.0,49.15058715404899,10.429630574545683,0.0,0.0,0.0,0.0,0.0,0.0
4,0.054,6,360.2059449158761,200.0,0.0,577.0,70.11473517252246,14.40022765932572,1485.0,249.96864477640557,53.6577431963873,215.0,37.820014588192755,8.42185155368524,17.0,1.7000000000000004,0.1700000000000001,83.0,0.5360513270656985,0.003793724279835394
5,0.054,10,360.0370113164655,200.0,100.0,563.0,69.31432471109734,13.83873502233886,1475.0,252.02363485593978,53.32670132393496,206.0,36.64633747767918,8.166673261505682,15.0,1.5000000000000002,0.15000000000000008,83.0,0.5416419883453102,0.0039223251028806605
6,0.054,10,360.30832038149236,300.0,0.0,564.0,71.23587438945307,15.209164377941326,1476.0,250.68623133202956,53.91579563661816,215.0,36.49998020356083,7.862300470144788,12.0,1.2,0.12000000000000005,65.0,0.5464608937560611,0.005358367626886149
7,0.0,7,359.9216766459449,300.0,100.0,569.0,73.32083996164167,15.259546618944183,1421.0,238.05475472585445,50.46816848380753,291.0,48.74922606646557,10.541186954292533,0.0,0.0,0.0,0.0,0.0,0.0
