id,probability_maraud,successful_mating,next_foraging_time,x_pos,y_pos,foraging_events,foraging_hrs,foraging_sqhrs,staying_events,staying_hrs,staying_sqhrs,repairing_events,repairing_hrs,repairing_sqhrs,marauding_events,marauding_hrs,marauding_sqhrs,traveling_events,traveling_hrs,traveling_sqhrs
0,0.054,9,360.02856828205074,0.0,0.0,559.0,70.81776533019674,14.831212744042245,1300.0,226.18212020077857,49.36847649744922,346.0,61.01621897411329,13.283851282834355,13.0,1.3,0.13000000000000006,79.0,0.6939735696072135,0.007115912208504808
1,0.054,6,360.26178044724156,0.0,100.0,552.0,72.03681952121701,15.261443470064853,1476.0,248.51060714791748,52.66163957486789,218.0,36.678974886839256,7.914672908824155,20.0,2.0000000000000004,0.20000000000000012,104.0,0.9185589608758662,0.009452160493827168
2,0.0,11,360.880556398225,100.0,0.0,563.0,71.53852251325533,14.604558837512169,1235.0,214.2017099731141,46.21393638852079,418.0,74.44273134499413,16.758188091519628,0.0,0.0,0.0,0.0,0.0,0.0
3,0.054,8,360.5379103625983,100.0,100.0,565.0,65.92218058894758,12.831428766292634,1418.0,242.66777088693155,52.90845232292245,287.0,48.917495845333605,10.306726591264125,21.0,2.1000000000000005,0.21000000000000013,76.0,0.48072334271561207,0.0033221879286694125
4,0.0,11,359.82411521717233,200.0,0.0,563.0,69.26183493684486,13.257042130657748,1296.0,223.52660778931826,48.705214067343604,389.0,67.25378413339139,14.71176174990816,0.0,0.0,0.0,0.0,0.0,0.0
5,0.0,8,360.5477869743527,200.0,100.0,571.0,65.31437959629052,11.67971871321541,1443.0,239.92109382071374,51.07251340136359,340.0,54.77357055219405,11.297930926309014,0.0,0.0,0.0,0.0,0.0,0.0
6,0.054,12,360.11315422407256,300.0,0.0,560.0,68.94851009964175,13.982372072279713,1471.0,252.19125258773065,55.35700832129066,216.0,36.34933352162223,7.6295868511889875,19.0,1.9000000000000006,0.1900000000000001,89.0,0.7760677532593591,0.007951817558299046
7,0.0,7,360.23948266900464,300.0,100.0,568.0,70.25971765822983,14.526106997821921,1379.0,229.04484444541225,48.45406247389449,354.0,60.82501573540216,13.140872944382817,0.0,0.0,0.0,0.0,0.0,0.0
