id,probability_maraud,successful_mating,next_foraging_time,x_pos,y_pos,foraging_events,foraging_hrs,foraging_sqhrs,staying_events,staying_hrs,staying_sqhrs,repairing_events,repairing_hrs,repairing_sqhrs,marauding_events,marauding_hrs,marauding_sqhrs,traveling_events,traveling_hrs,traveling_sqhrs
0,0.0,4,359.9885887493333,0.0,0.0,567.0,71.12732745077435,14.690232038556227,1455.0,246.22264178097515,52.65042633625277,267.0,42.8055199435696,8.773707002025454,0.0,0.0,0.0,0.0,0.0,0.0
1,0.0,9,359.9903491809958,0.0,100.0,558.0,70.2129797929406,14.701022233534529,1554.0,263.70077114584325,56.82896734920063,158.0,26.220775049533763,5.6796709218300325,0.0,0.0,0.0,0.0,0.0,0.0
2,0.054,11,360.08910527368835,100.0,0.0,569.0,70.37907579966421,15.060677110881596,1526.0,260.76506839857973,56.54526209412754,157.0,27.092567127757338,5.96172969228668,14.0,1.4000000000000001,0.14000000000000007,85.0,0.5404127974702055,0.003750857338820303
3,0.0,12,360.3403477682363,100.0,100.0,569.0,69.69208115278062,13.639933188552202,1455.0,241.78959476410824,51.16445618450045,306.0,48.58834240372918,9.859150943025977,0.0,0.0,0.0,0.0,0.0,0.0
4,0.054,6,360.2623120589512,200.0,0.0,562.0,72.51102130529362,15.262394811022551,1360.0,230.64871396821724,49.552142507944644,324.0,55.19218294863471,12.05267550333062,13.0,1.3,0.13000000000000006,81.0,0.5447844266831644,0.004008058984910837
5,0.0,10,360.3933372472875,200.0,100.0,558.0,72.37044284048736,16.067496780185436,1314.0,220.49247576241837,46.67134818647334,398.0,67.30308921140347,14.607368394936541,0.0,0.0,0.0,0.0,0.0,0.0
6,0.054,9,360.06158328851603,300.0,0.0,579.0,65.292422916283,12.126945413523849,1644.0,280.1386479530671,60.31320330615525,68.0,12.228539668016063,2.584281267370255,15.0,1.5000000000000002,0.15000000000000008,101.0,0.9185582780250648,0.009880829903978062
7,0.054,11,360.16640680317295,300.0,100.0,566.0,71.65903279611666,14.515744622286677,1440.0,243.87159377348726,52.58599360976451,251.0,42.872923446206265,9.295237214052706,12.0,1.2,0.12000000000000005,61.0,0.5505255382569624,0.005937071330589854
