id,probability_maraud,successful_mating,next_foraging_time,x_pos,y_pos,foraging_events,foraging_hrs,foraging_sqhrs,staying_events,staying_hrs,staying_sqhrs,repairing_events,repairing_hrs,repairing_sqhrs,marauding_events,marauding_hrs,marauding_sqhrs,traveling_events,traveling_hrs,traveling_sqhrs
0,0.0,4,360.5504481088076,0.0,0.0,580.0,68.03226099394054,13.25419671486184,1738.0,292.0540976153962,62.56709615982157,0.0,0.0,0.0,0.0,0.0,0.0,0.0,0.0,0.0
1,0.0,6,360.4605690955388,0.0,100.0,560.0,72.44542516424494,15.722469647992979,1701.0,287.58059726637146,61.69740964438747,0.0,0.0,0.0,0.0,0.0,0.0,0.0,0.0,0.0
2,0.054,13,360.4151164801689,0.0,200.0,569.0,72.61102281861682,15.832533110159364,1676.0,285.47492299043256,61.878321703626064,0.0,0.0,0.0,12.0,1.2,0.12000000000000005,73.0,0.7444775283503264,0.008637688614540465
3,0.0,11,360.4389713905017,100.0,0.0,565.0,72.14390062974059,15.070093122920593,1644.0,275.73476138013166,59.37060179731981,69.0,12.150289417527366,2.6553776138540037,0.0,0.0,0.0,0.0,0.0,0.0
4,0.0,10,360.7222597145639,100.0,100.0,565.0,71.88782107105057,15.34615384242218,1731.0,288.3766961972447,60.92583867590518,0.0,0.0,0.0,0.0,0.0,0.0,0.0,0.0,0.0
5,0.0,9,359.97160651054276,100.0,200.0,569.0,74.01230345593461,15.413868785062407,1638.0,273.9337529247716,57.74909028346588,73.0,12.131413480398503,2.5892019441448335,0.0,0.0,0.0,0.0,0.0,0.0
6,0.0,11,360.06389163215744,200.0,0.0,581.0,71.12539505109,14.608073684011554,1666.0,276.78634826724897,58.791782499506695,74.0,12.30829733808329,2.584721676982202,0.0,0.0,0.0,0.0,0.0,0.0
7,0.0,9,360.0276342589169,200.0,100.0,566.0,72.90613047903983,16.004824458285274,1619.0,275.0519517694031,59.179305723458704,73.0,12.141801922571096,2.6182760516056387,0.0,0.0,0.0,0.0,0.0,0.0
8,0.0,11,360.58332269461664,200.0,200.0,566.0,72.29134661591033,15.766363733224663,1623.0,275.14303268869077,58.9603237199307,72.0,12.657462936488416,2.8405168095791606,0.0,0.0,0.0,0.0,0.0,0.0
9,0.0,5,360.15059817458024,300.0,0.0,570.0,67.27543126931616,12.830328436163757,1679.0,286.830918797498,61.976344095487114,33.0,6.135202024171088,1.3667434761681194,0.0,0.0,0.0,0.0,0.0,0.0
10,0.0,14,360.5015313747986,300.0,100.0,562.0,68.63908539443457,14.443531040481654,1717.0,291.62215318100675,63.20712379954202,0.0,0.0,0.0,0.0,0.0,0.0,0.0,0.0,0.0
11,0.0,5,360.56574929684996,300.0,200.0,560.0,74.17734364056683,16.2895713780403,1666.0,279.9051593497774,59.91629762128368,38.0,6.0265129178722825,1.2545306399958245,0.0,0.0,0.0,0.0,0.0,0.0
