id,probability_maraud,successful_mating,next_foraging_time,x_pos,y_pos,foraging_events,foraging_hrs,foraging_sqhrs,staying_events,staying_hrs,staying_sqhrs,repairing_events,repairing_hrs,repairing_sqhrs,marauding_events,marauding_hrs,marauding_sqhrs,traveling_events,traveling_hrs,traveling_sqhrs
0,0.0,13,360.107795486768,0.0,0.0,579.0,74.18119099121273,15.369925572477936,1668.0,285.95717480010535,61.99086329926935,0.0,0.0,0.0,0.0,0.0,0.0,0.0,0.0,0.0
1,0.0,8,360.4847408445959,0.0,1000.0,581.0,70.73957075103083,15.196525382552403,1341.0,228.3683130108377,49.887058680206835,365.0,61.011385832223354,13.038378701399122,0.0,0.0,0.0,0.0,0.0,0.0
2,0.054,5,360.5442386639909,0.0,2000.0,566.0,72.53247785423804,15.871941919179498,1655.0,281.68919182667275,60.93354369179712,0.0,0.0,0.0,18.0,1.8000000000000005,0.1800000000000001,88.0,4.112427181701213,0.19290123456790095
3,0.0,10,359.91262144150875,1000.0,0.0,557.0,70.12843253611523,14.571880381459636,1716.0,290.02504094833944,61.89992323447917,0.0,0.0,0.0,0.0,0.0,0.0,0.0,0.0,0.0
4,0.0,16,359.851299206929,1000.0,1000.0,560.0,71.3176254499751,15.244065423609545,1677.0,288.7198502771266,62.60539122524443,0.0,0.0,0.0,0.0,0.0,0.0,0.0,0.0,0.0
5,0.0,7,360.8332641130036,1000.0,2000.0,559.0,72.87334711276418,15.813814135675596,1315.0,220.52914558409682,47.01830947861025,399.0,66.8581886513202,13.952013901505124,0.0,0.0,0.0,0.0,0.0,0.0
6,0.0,11,360.0565206574828,2000.0,0.0,564.0,71.02102679858086,14.675712527394758,1694.0,289.0829018785072,63.24830701868788,0.0,0.0,0.0,0.0,0.0,0.0,0.0,0.0,0.0
7,0.0,9,360.0820738176043,2000.0,1000.0,559.0,69.84542781321376,14.964139162976036,1576.0,266.13118353510316,56.865294089156265,142.0,24.131012067751122,5.361037653158301,0.0,0.0,0.0,0.0,0.0,0.0
8,0.054,11,360.44565741081425,2000.0,2000.0,574.0,69.81821323439577,14.245601744114484,1680.0,284.89753797790934,61.092214984397,0.0,0.0,0.0,13.0,1.3,0.13000000000000006,89.0,4.177900031811078,0.19718792866940985
9,0.0,2,360.3314657075632,3000.0,0.0,553.0,73.44259937799097,16.13112855261985,1690.0,286.70004965928484,61.54099216670482,0.0,0.0,0.0,0.0,0.0,0.0,0.0,0.0,0.0
10,0.0,11,359.87411404634105,3000.0,1000.0,569.0,73.16920956260398,15.001083920692384,1671.0,286.9330011517252,62.14774413889562,0.0,0.0,0.0,0.0,0.0,0.0,0.0,0.0,0.0
11,0.0,5,360.0315791593823,3000.0,2000.0,582.0,70.52076573590156,13.5518252666803,1501.0,252.9490246522625,53.80652009250084,207.0,36.776232677470404,8.026970945595433,0.0,0.0,0.0,0.0,0.0,0.0
