id,probability_maraud,successful_mating,next_foraging_time,x_pos,y_pos,foraging_events,foraging_hrs,foraging_sqhrs,staying_events,staying_hrs,staying_sqhrs,repairing_events,repairing_hrs,repairing_sqhrs,marauding_events,marauding_hrs,marauding_sqhrs,traveling_events,traveling_hrs,traveling_sqhrs
0,0.054,7,360.06254502564883,0.0,0.0,575.0,71.84738130411667,14.615569769052524,1664.0,281.7585588620897,60.528164363079085,0.0,0.0,0.0,16.0,1.6000000000000003,0.1600000000000001,104.0,4.85316792244196,0.22719478737997206
1,0.0,5,360.0083723828824,0.0,1000.0,584.0,72.44386106728628,15.511159729044174,1150.0,190.72264994171664,40.370899686529526,570.0,96.99985169382946,20.15915186163387,0.0,0.0,0.0,0.0,0.0,0.0
2,0.054,6,360.07082799259416,0.0,2000.0,558.0,70.64047335030237,14.121411457793798,1678.0,283.6637546843947,60.99354753759188,0.0,0.0,0.0,13.0,1.3,0.13000000000000006,100.0,4.667982737256773,0.2186213991769543
3,0.0,7,360.4331581449623,1000.0,0.0,574.0,69.92896085566774,13.91758236809623,1544.0,259.6065393457615,55.42573347747663,185.0,30.517926876373203,6.296654322319787,0.0,0.0,0.0,0.0,0.0,0.0
4,0.0,13,359.8869704529491,1000.0,1000.0,573.0,74.34160182660221,15.245605591403837,1697.0,279.48763129828103,58.48764236303599,39.0,6.177784953455705,1.291056911407282,0.0,0.0,0.0,0.0,0.0,0.0
5,0.0,11,360.21380917310415,1000.0,2000.0,567.0,70.676256494569,14.278340519981985,1490.0,246.73847646736465,52.83041114207471,251.0,42.75815925764305,9.414678940299787,0.0,0.0,0.0,0.0,0.0,0.0
6,0.0,12,360.1059798101563,2000.0,0.0,555.0,73.41370167821577,16.21784484343048,1682.0,286.772988304517,61.415513313107894,0.0,0.0,0.0,0.0,0.0,0.0,0.0,0.0,0.0
7,0.0,13,360.14101315456,2000.0,1000.0,570.0,70.30612749664736,14.650658361772125,1708.0,289.7443258229293,61.459718875356444,0.0,0.0,0.0,0.0,0.0,0.0,0.0,0.0,0.0
8,0.0,9,360.1263923364604,2000.0,2000.0,562.0,71.42509084389862,14.957541300670645,1704.0,288.6232880867862,61.94885223487387,0.0,0.0,0.0,0.0,0.0,0.0,0.0,0.0,0.0
9,0.0,7,360.50294542049306,3000.0,0.0,565.0,70.40833903295677,15.006848727501165,1704.0,289.66393106835835,61.68516204882694,0.0,0.0,0.0,0.0,0.0,0.0,0.0,0.0,0.0
10,0.0,14,360.61911022544086,3000.0,1000.0,566.0,72.0313424745346,15.12917018433817,1674.0,288.0224880327789,62.304931613753645,0.0,0.0,0.0,0.0,0.0,0.0,0.0,0.0,0.0
11,0.0,4,360.2223699065008,3000.0,2000.0,554.0,69.95235774920374,15.050450506838995,1722.0,290.060919045284,61.657481400614884,0.0,0.0,0.0,0.0,0.0,0.0,0.0,0.0,0.0
