id,probability_maraud,successful_mating,next_foraging_time,x_pos,y_pos,foraging_events,foraging_hrs,foraging_sqhrs,staying_events,staying_hrs,staying_sqhrs,repairing_events,repairing_hrs,repairing_sqhrs,marauding_events,marauding_hrs,marauding_sqhrs,traveling_events,traveling_hrs,traveling_sqhrs
0,0.0,4,360.5739495069902,0.0,0.0,556.0,69.77756415250018,14.64254626045952,1725.0,290.2529372203052,61.389098780823495,0.0,0.0,0.0,0.0,0.0,0.0,0.0,0.0,0.0
1,0.0,15,360.14705751379495,0.0,1000.0,572.0,71.11037026261494,15.01766685737323,1734.0,288.94954301828403,60.78990837056786,0.0,0.0,0.0,0.0,0.0,0.0,0.0,0.0,0.0
2,0.0,8,360.06520153345986,0.0,2000.0,560.0,71.39158863744841,14.722237094131781,1716.0,288.6604512137975,62.230322119186255,0.0,0.0,0.0,0.0,0.0,0.0,0.0,0.0,0.0
3,0.0,9,360.2179931154858,1000.0,0.0,577.0,67.70217169465685,12.98951139438882,1710.0,292.36149892304115,62.96239352881172,0.0,0.0,0.0,0.0,0.0,0.0,0.0,0.0,0.0
4,0.0,9,360.3426348950403,1000.0,1000.0,574.0,68.8991898835442,13.641948588982032,1736.0,291.37653161346464,61.68614953170437,0.0,0.0,0.0,0.0,0.0,0.0,0.0,0.0,0.0
5,0.0,11,359.92142371559777,1000.0,2000.0,566.0,70.11712072899022,13.907491141742542,1712.0,289.89005154490957,62.84732031967806,0.0,0.0,0.0,0.0,0.0,0.0,0.0,0.0,0.0
6,0.0,8,360.0010681472227,2000.0,0.0,562.0,68.15782460516192,13.188728072565423,1459.0,249.40541046009508,53.24645658251945,262.0,42.51209338279291,8.936616608084401,0.0,0.0,0.0,0.0,0.0,0.0
7,0.0,13,360.588480502701,2000.0,1000.0,576.0,68.13816786582957,13.775034777514165,1681.0,285.7151025529974,61.01499533164004,34.0,6.273163100189113,1.345215831234874,0.0,0.0,0.0,0.0,0.0,0.0
8,0.0,5,359.98191702340404,2000.0,2000.0,557.0,67.6992607835064,13.33544746511,1352.0,225.59641799476492,47.600203305180116,384.0,66.74129958469477,14.433964963934798,0.0,0.0,0.0,0.0,0.0,0.0
9,0.054,13,360.1000443639832,3000.0,0.0,562.0,72.20082117209358,14.448096715410584,1682.0,282.05923735444384,59.95157935208074,0.0,0.0,0.0,14.0,1.4000000000000001,0.14000000000000007,96.0,4.463620998258017,0.20790466392318205
10,0.0,10,359.9270843202753,3000.0,1000.0,556.0,69.02976268522002,14.313997327549776,1284.0,217.9847309687338,46.5649377618576,416.0,73.10722969169416,16.3872274944975,0.0,0.0,0.0,0.0,0.0,0.0
11,0.054,3,360.43000666026865,3000.0,2000.0,560.0,71.28339359688698,14.897406143997227,1656.0,282.04848369464423,60.94048333354417,0.0,0.0,0.0,17.0,1.7000000000000004,0.1700000000000001,108.0,5.019176553813578,0.2336248285322354
