id,probability_maraud,successful_mating,next_foraging_time,x_pos,y_pos,foraging_events,foraging_hrs,foraging_sqhrs,staying_events,staying_hrs,staying_sqhrs,repairing_events,repairing_hrs,repairing_sqhrs,marauding_events,marauding_hrs,marauding_sqhrs,traveling_events,traveling_hrs,traveling_sqhrs
0,0.054,5,359.77551011528004,0.0,0.0,566.0,72.31347468839077,15.307320601829504,1572.0,266.97776984866636,57.51492268941707,111.0,18.339825167710273,3.8207569935680676,16.0,1.6000000000000003,0.1600000000000001,85.0,0.7721481382230173,0.008273319615912213
1,0.0,10,360.20272749027356,0.0,100.0,564.0,72.80286573419751,15.408691228033167,1587.0,269.2090936036765,58.36141361015498,100.0,18.200909525081073,4.208256054284113,0.0,0.0,0.0,0.0,0.0,0.0
2,0.0,9,360.3803856007037,100.0,0.0,561.0,68.6677037874126,14.160645054364332,1635.0,279.2640968215583,61.08768845807255,78.0,12.128123220490643,2.3490150975332584,0.0,0.0,0.0,0.0,0.0,0.0
3,0.0,6,360.2504746714864,100.0,100.0,555.0,70.01865923823703,14.973116931139439,1544.0,265.6642218032039,57.80133399291214,152.0,24.350828350710053,5.020985244824823,0.0,0.0,0.0,0.0,0.0,0.0
4,0.0,14,360.6323515632427,200.0,0.0,563.0,70.00419569319926,15.769247805412753,1561.0,265.5816404435205,57.660164814258074,146.0,24.543850254868737,5.308060567835816,0.0,0.0,0.0,0.0,0.0,0.0
5,0.0,10,360.6751526629669,200.0,100.0,567.0,76.01693459590003,17.391514385515524,1484.0,259.66493358214666,57.26027335325255,142.0,24.361224663820103,5.351826251881579,0.0,0.0,0.0,0.0,0.0,0.0
6,0.054,10,360.8523632034031,300.0,0.0,574.0,73.65708007827921,15.542442200763826,1522.0,254.02707832282658,53.34111537801582,180.0,30.515285427466218,6.4020273317365195,13.0,1.3,0.13000000000000006,81.0,0.7343627911683444,0.0076731824417009655
7,0.0,8,360.0773633779982,300.0,100.0,567.0,68.47129503401861,13.840849491350038,1555.0,267.26618404950193,58.27640470786323,144.0,24.544519620902694,5.333182475535254,0.0,0.0,0.0,0.0,0.0,0.0
