id,probability_maraud,successful_mating,next_foraging_time,x_pos,y_pos,foraging_events,foraging_hrs,foraging_sqhrs,staying_events,staying_hrs,staying_sqhrs,repairing_events,repairing_hrs,repairing_sqhrs,marauding_events,marauding_hrs,marauding_sqhrs,traveling_events,traveling_hrs,traveling_sqhrs
0,0.0,10,360.0081857279403,0.0,0.0,583.0,75.88276291338119,16.363359197807686,1435.0,247.2587646324901,53.696866845609726,211.0,36.958187003653435,7.8808004133574965,0.0,0.0,0.0,0.0,0.0,0.0
1,0.054,8,360.09714880406244,0.0,100.0,558.0,70.38461391518192,14.915268437821664,1585.0,268.3176647229301,57.055805489968215,108.0,18.148562222345095,3.876919718701081,23.0,2.3000000000000007,0.23000000000000015,103.0,0.8572049603895466,0.008466220850480117
2,0.0,9,360.5211106523712,100.0,0.0,555.0,72.93711187264333,15.537815631057983,1472.0,250.44897908800908,53.512331085082586,217.0,36.79021689294328,7.700982310079445,0.0,0.0,0.0,0.0,0.0,0.0
3,0.054,11,360.7352470112222,100.0,100.0,556.0,68.8660850091409,14.417509087918532,1533.0,264.2110320149883,57.569880491177024,139.0,24.427609250366757,5.253147054804339,20.0,2.0000000000000004,0.20000000000000012,97.0,0.6465348320929604,0.004758230452674902
4,0.0,12,360.2096201146786,200.0,0.0,573.0,72.30492705770257,15.06926528610998,1615.0,269.2881716173483,57.2175380937841,111.0,18.447054345657467,3.85450764404147,0.0,0.0,0.0,0.0,0.0,0.0
5,0.0,9,360.38923025304035,200.0,100.0,573.0,69.56376192630916,13.253440805935492,1431.0,248.07159076448983,53.857472103004326,248.0,42.49961809763695,9.304480984636887,0.0,0.0,0.0,0.0,0.0,0.0
6,0.0,6,360.40492934840944,300.0,0.0,557.0,70.25484049661605,13.820755095528133,1449.0,246.82699525147834,52.976954613954575,258.0,43.01560492301161,8.968177644786802,0.0,0.0,0.0,0.0,0.0,0.0
7,0.0,7,360.0617097412387,300.0,100.0,583.0,71.29175971811618,14.720011791829217,1455.0,246.14021442291957,52.74479231854298,253.0,42.64695288047011,9.236328283708142,0.0,0.0,0.0,0.0,0.0,0.0
