id,probability_maraud,successful_mating,next_foraging_time,x_pos,y_pos,foraging_events,foraging_hrs,foraging_sqhrs,staying_events,staying_hrs,staying_sqhrs,repairing_events,repairing_hrs,repairing_sqhrs,marauding_events,marauding_hrs,marauding_sqhrs,traveling_events,traveling_hrs,traveling_sqhrs
0,0.054,9,360.3848319454049,0.0,0.0,581.0,73.76875243381531,16.106965096521147,1570.0,265.60873959464703,56.77668290820289,106.0,18.310074750590317,3.877156341018293,17.0,1.7000000000000004,0.1700000000000001,93.0,0.8077231923522225,0.008423353909465026
1,0.0,8,360.44100458435395,0.0,100.0,572.0,73.10375830174296,15.914937735109138,1468.0,253.59420690524004,55.09294850765071,182.0,33.54832575290463,7.629908965638373,0.0,0.0,0.0,0.0,0.0,0.0
2,0.0,5,360.0278413658113,100.0,0.0,559.0,74.11817727907983,16.4672193111432,1407.0,237.14756299401682,50.401521222922185,284.0,48.757089008228746,10.688375403516867,0.0,0.0,0.0,0.0,0.0,0.0
3,0.0,12,360.6078442242099,100.0,100.0,572.0,69.0325407006122,13.781518304151156,1570.0,254.1152447614751,52.966944614046554,228.0,36.858627287505456,7.661375055918481,0.0,0.0,0.0,0.0,0.0,0.0
4,0.0,9,360.2158753473248,200.0,0.0,552.0,66.83379797576805,13.782044369670606,1585.0,275.17196722502155,59.85577539421305,104.0,18.30827627362258,3.883788971804413,0.0,0.0,0.0,0.0,0.0,0.0
5,0.0,12,360.32756238475866,200.0,100.0,561.0,73.5615516913719,16.065137459669756,1593.0,268.0333438368715,56.77670312469698,106.0,18.494292357547124,4.243189823515392,0.0,0.0,0.0,0.0,0.0,0.0
6,0.054,9,360.09467438444284,300.0,0.0,565.0,71.05014160716787,15.531640874517112,1675.0,286.74399697433734,62.302720878158524,0.0,0.0,0.0,15.0,1.5000000000000002,0.15000000000000008,86.0,0.7828043140514669,0.008080418381344313
7,0.0,8,360.04766262776417,300.0,100.0,576.0,68.92973087316192,13.357889138642541,1633.0,272.8542993909311,58.00294961905422,107.0,18.410818516079562,3.8858810572054407,0.0,0.0,0.0,0.0,0.0,0.0
