id,probability_maraud,successful_mating,next_foraging_time,x_pos,y_pos,foraging_events,foraging_hrs,foraging_sqhrs,staying_events,staying_hrs,staying_sqhrs,repairing_events,repairing_hrs,repairing_sqhrs,marauding_events,marauding_hrs,marauding_sqhrs,traveling_events,traveling_hrs,traveling_sqhrs
0,0.0,7,360.1463920720089,0.0,0.0,565.0,73.7980834652243,16.677560438457142,1512.0,255.60824590872903,54.34867842933626,181.0,30.686860984201722,6.677377643053816,0.0,0.0,0.0,0.0,0.0,0.0
1,0.0,12,360.19944093953757,0.0,100.0,573.0,68.29529828590611,13.891167205312774,1697.0,279.5708731643065,58.88410173474634,80.0,12.319367165216068,2.5217375647922498,0.0,0.0,0.0,0.0,0.0,0.0
2,0.0,18,360.2389926923785,100.0,0.0,560.0,70.5143008525656,14.668895007753825,1568.0,265.27559685702465,56.73867430361985,146.0,24.383205921679917,5.202510545074388,0.0,0.0,0.0,0.0,0.0,0.0
3,0.0,6,360.10664547347443,100.0,100.0,560.0,68.1157011538184,13.64051825941717,1424.0,242.96659801238152,52.240656354028914,281.0,49.04003022630759,10.771023789365396,0.0,0.0,0.0,0.0,0.0,0.0
4,0.054,9,359.86172081473717,200.0,0.0,561.0,69.98233339025144,15.18989064415422,1652.0,281.76806799108283,60.6256407881675,37.0,6.170214397514581,1.3208016886480882,15.0,1.5000000000000002,0.15000000000000008,88.0,0.588636907956311,0.004329561042524008
5,0.0,6,360.00066211255984,200.0,100.0,570.0,72.43936363670298,15.93303621805714,1597.0,269.53988316934084,58.12154267261284,115.0,18.367836188021666,3.7203461626702805,0.0,0.0,0.0,0.0,0.0,0.0
6,0.0,8,360.04628545522405,300.0,0.0,582.0,68.07226609428302,13.198852188213138,1626.0,273.94799742156283,58.28163157648909,107.0,18.21022953521741,3.9931656046023063,0.0,0.0,0.0,0.0,0.0,0.0
7,0.054,6,360.3007899497991,300.0,100.0,564.0,70.14347555271615,13.799200865668915,1539.0,263.18018111800416,56.35780640398784,148.0,24.71931929702974,5.195195689978601,15.0,1.5000000000000002,0.15000000000000008,73.0,0.6325438139112137,0.006387174211248291
