id,probability_maraud,successful_mating,next_foraging_time,x_pos,y_pos,foraging_events,foraging_hrs,foraging_sqhrs,staying_events,staying_hrs,staying_sqhrs,repairing_events,repairing_hrs,repairing_sqhrs,marauding_events,marauding_hrs,marauding_sqhrs,traveling_events,traveling_hrs,traveling_sqhrs
0,0.054,12,360.70313738445486,0.0,0.0,565.0,69.54224213245918,14.260864563224775,1616.0,275.84453494158436,58.99428399720139,65.0,12.10339984264545,2.748910789258596,20.0,2.0000000000000004,0.20000000000000012,103.0,0.9362114604458127,0.01028806584362141
1,0.0,7,360.2097284151228,0.0,100.0,563.0,75.3684599352387,16.756699367588247,1400.0,235.68575767675247,50.446471011615735,299.0,48.994305369688796,10.235896764022002,0.0,0.0,0.0,0.0,0.0,0.0
2,0.0,9,360.25798981724597,100.0,0.0,563.0,69.5504889175436,13.590261002614312,1632.0,276.2475967920396,58.7355688955486,84.0,14.35371517720937,3.099096569214522,0.0,0.0,0.0,0.0,0.0,0.0
3,0.0,6,360.5326075337191,100.0,100.0,566.0,72.03860185651173,15.065464242412066,1561.0,263.8155685793055,56.00838420744588,142.0,24.267795772305462,5.326297715492055,0.0,0.0,0.0,0.0,0.0,0.0
4,0.0,9,359.9899886229689,200.0,0.0,571.0,72.5050016459725,15.73745364915027,1539.0,263.06128427063453,57.19028621136799,133.0,24.560290653875356,5.598339021116025,0.0,0.0,0.0,0.0,0.0,0.0
5,0.0,11,360.56381972935753,200.0,100.0,584.0,71.82780092011964,15.049470187815674,1481.0,251.72861190080974,53.60671940192287,227.0,36.63943987293631,7.4831844697386325,0.0,0.0,0.0,0.0,0.0,0.0
6,0.054,7,359.8221202999461,300.0,0.0,574.0,74.88223431971072,16.28327504685793,1553.0,258.12111982686486,54.2809067458894,143.0,24.558397050427704,5.397014954379788,17.0,1.7000000000000004,0.1700000000000001,83.0,0.7497440921762664,0.007951817558299046
7,0.0,11,360.1632705533168,300.0,100.0,572.0,73.27762514152994,15.621539803410279,1492.0,249.8781631022624,53.006788260357155,216.0,36.852735238315326,7.8517158709959265,0.0,0.0,0.0,0.0,0.0,0.0
