id,probability_maraud,successful_mating,next_foraging_time,x_pos,y_pos,foraging_events,foraging_hrs,foraging_sqhrs,staying_events,staying_hrs,staying_sqhrs,repairing_events,repairing_hrs,repairing_sqhrs,marauding_events,marauding_hrs,marauding_sqhrs,traveling_events,traveling_hrs,traveling_sqhrs
0,0.0,5,359.9219112015674,0.0,0.0,573.0,69.5026005838198,13.43892710498032,1535.0,254.10574709148608,53.429389303982155,214.0,36.52446253181796,7.800701245185955,0.0,0.0,0.0,0.0,0.0,0.0
1,0.0,9,360.31983385690023,0.0,100.0,559.0,74.23333452735986,15.970486779377458,1430.0,243.1936148394851,53.216910855803,250.0,42.80174976488145,9.25995438306631,0.0,0.0,0.0,0.0,0.0,0.0
2,0.0,11,360.4830106012014,100.0,0.0,564.0,68.20373297858441,13.490771479459434,1541.0,261.44401550081716,55.45148440397174,187.0,30.43359277740363,6.4050409185231505,0.0,0.0,0.0,0.0,0.0,0.0
3,0.0,12,359.90339432035404,100.0,100.0,568.0,67.05433335271447,12.53953732855639,1547.0,262.12555392836185,56.76258685907973,177.0,30.919901138444022,6.673069186238276,0.0,0.0,0.0,0.0,0.0,0.0
4,0.0,12,360.0536337906564,200.0,0.0,570.0,69.41341986310124,13.515663982528771,1558.0,265.63927424664047,57.61175726901681,146.0,24.964684421671,5.1650386901898955,0.0,0.0,0.0,0.0,0.0,0.0
5,0.0,9,360.21655978166024,200.0,100.0,566.0,69.61769222376672,14.01137084283286,1652.0,278.2998316556226,59.52867333003876,75.0,12.10794204478347,2.517109134438965,0.0,0.0,0.0,0.0,0.0,0.0
6,0.054,7,360.14339287501804,300.0,0.0,566.0,68.85744169785151,13.996826094283916,1577.0,264.61480927711085,56.23339024568952,145.0,24.067513386776987,5.09745023737216,17.0,1.7000000000000004,0.1700000000000001,91.0,0.7806338790806971,0.007758916323731146
7,0.054,7,360.5270199746402,300.0,100.0,563.0,66.61049892647684,12.614590136545146,1650.0,278.6408172526966,59.317997370360786,68.0,12.09363677000383,2.6373968703102206,19.0,1.9000000000000006,0.1900000000000001,106.0,0.9835677894506275,0.010652434842249658
