id,probability_maraud,successful_mating,next_foraging_time,x_pos,y_pos,foraging_events,foraging_hrs,foraging_sqhrs,staying_events,staying_hrs,staying_sqhrs,repairing_events,repairing_hrs,repairing_sqhrs,marauding_events,marauding_hrs,marauding_sqhrs,traveling_events,traveling_hrs,traveling_sqhrs
0,0.0,10,360.2785769859496,0.0,0.0,569.0,68.00792014307262,13.979644354945366,1631.0,273.9400144920442,58.56915302174786,103.0,18.1122504598981,3.9696097878671157,0.0,0.0,0.0,0.0,0.0,0.0
1,0.0,7,360.3057501176117,0.0,100.0,546.0,74.64876459268125,17.42421505391301,1591.0,267.2163763288128,56.192387093688495,114.0,18.2089675333498,3.8052575988712904,0.0,0.0,0.0,0.0,0.0,0.0
2,0.0,8,360.01771578521937,100.0,0.0,566.0,70.22355886399163,14.366662466049672,1469.0,247.10717606749986,52.90412519192974,256.0,42.73181476449254,9.19094756639126,0.0,0.0,0.0,0.0,0.0,0.0
3,0.054,5,360.05807533108765,100.0,100.0,577.0,70.24348796786076,13.508207177967657,1568.0,263.7818849045867,56.59969816510428,151.0,24.273482554730638,4.922520753303196,11.0,1.0999999999999999,0.11000000000000004,94.0,0.6134345522606933,0.004393861454046644
4,0.0,10,360.4755747866608,200.0,0.0,557.0,70.6086258630889,15.504264500962005,1472.0,253.02652759623916,55.17472723745522,236.0,36.529845544844925,7.255091189565171,0.0,0.0,0.0,0.0,0.0,0.0
5,0.054,11,360.1371867608517,200.0,100.0,570.0,70.64639609853246,14.176213203312678,1615.0,274.0376264606296,59.067903356829305,76.0,12.323655455508446,2.504789030187845,25.0,2.500000000000001,0.25000000000000017,111.0,0.7413842565228878,0.005486968449931421
6,0.0,8,360.51050319461257,300.0,0.0,563.0,67.69297851843017,14.287566490643124,1553.0,262.0938765831624,55.28133682319666,185.0,30.23504537814581,6.201571986067328,0.0,0.0,0.0,0.0,0.0,0.0
7,0.0,13,360.0683940851601,300.0,100.0,569.0,67.26090232097114,12.946654663946596,1487.0,256.4862934205461,55.65550383649336,214.0,36.28416920542233,7.9543394538659555,0.0,0.0,0.0,0.0,0.0,0.0
