id,probability_maraud,successful_mating,next_foraging_time,x_pos,y_pos,foraging_events,foraging_hrs,foraging_sqhrs,staying_events,staying_hrs,staying_sqhrs,repairing_events,repairing_hrs,repairing_sqhrs,marauding_events,marauding_hrs,marauding_sqhrs,traveling_events,traveling_hrs,traveling_sqhrs
0,0.0,5,360.47166903999687,0.0,0.0,559.0,68.07933359747005,13.098182584273266,1660.0,280.03178462178073,60.185316912270736,71.0,12.054248731602687,2.859803922531798,0.0,0.0,0.0,0.0,0.0,0.0
1,0.0,10,360.81208320044584,0.0,100.0,569.0,71.06263866147155,14.839170693714125,1628.0,278.7745996851883,59.84997683794774,56.0,10.328031107992,2.350140648928027,0.0,0.0,0.0,0.0,0.0,0.0
2,0.0,10,360.1963216599091,100.0,0.0,561.0,67.92147715706321,13.109011902787753,1616.0,267.51680460620935,56.16958769443325,149.0,24.58706820143373,5.1755923347835155,0.0,0.0,0.0,0.0,0.0,0.0
3,0.0,11,360.01294805936226,100.0,100.0,560.0,72.08601662263787,16.021802891596646,1649.0,275.4989988807463,58.80949151801573,69.0,12.483380908102703,2.7644266434239615,0.0,0.0,0.0,0.0,0.0,0.0
4,0.054,13,360.3939226092606,200.0,0.0,566.0,70.88296125907986,14.969472817495898,1492.0,257.2050550027547,55.93905146685327,180.0,30.35628559564432,6.432855114927792,12.0,1.2,0.12000000000000005,82.0,0.6005168538302385,0.004822530864197533
5,0.0,5,359.9547855067489,200.0,100.0,554.0,72.67222553711966,15.356206886950838,1590.0,269.017212677656,57.7716509746335,114.0,18.41404661144528,3.83399824864488,0.0,0.0,0.0,0.0,0.0,0.0
6,0.054,10,360.0587271979866,300.0,0.0,553.0,67.52705246661172,13.28674329739463,1660.0,284.3126655251129,61.98475087288527,32.0,6.0351199919475995,1.4231618380842663,14.0,1.4000000000000001,0.14000000000000007,95.0,0.7897338089216043,0.007673182441700967
7,0.0,8,360.3616970845848,300.0,100.0,556.0,72.87321866774431,16.465104589781678,1431.0,250.5034436387038,54.91825128622607,206.0,36.64891843471659,8.17549595399677,0.0,0.0,0.0,0.0,0.0,0.0
