id,probability_maraud,successful_mating,next_foraging_time,x_pos,y_pos,foraging_events,foraging_hrs,foraging_sqhrs,staying_events,staying_hrs,staying_sqhrs,repairing_events,repairing_hrs,repairing_sqhrs,marauding_events,marauding_hrs,marauding_sqhrs,traveling_events,traveling_hrs,traveling_sqhrs
0,0.0,6,359.942526075046,0.0,0.0,560.0,68.14815493306824,14.113221608141332,1502.0,255.53553425496133,54.878863640331126,211.0,36.55974504389292,7.9576059779300685,0.0,0.0,0.0,0.0,0.0,0.0
1,0.054,8,360.73464463641955,0.0,100.0,564.0,74.61968310494633,17.440465952246402,1594.0,271.1390084372551,57.605214432986855,72.0,12.403517036948882,2.574882083151807,12.0,1.2,0.12000000000000005,98.0,0.8164585373508395,0.008209019204389585
2,0.054,8,359.9778891543376,100.0,0.0,566.0,69.2292381594979,13.86484487015407,1612.0,276.63057448121947,60.49518004905874,78.0,12.293913408812148,2.5214686340574897,14.0,1.4000000000000001,0.14000000000000007,90.0,0.5774498345072427,0.00405092592592593
3,0.0,5,359.9502258811122,100.0,100.0,561.0,67.49822300345679,13.816484942087062,1477.0,256.026624851564,55.322995748861814,225.0,36.512601948053785,7.538795189679823,0.0,0.0,0.0,0.0,0.0,0.0
4,0.0,9,360.31598394132294,200.0,0.0,560.0,73.93480101433173,16.055039265552804,1607.0,274.099783621082,59.578094669983,73.0,12.089722959455292,2.647493567581658,0.0,0.0,0.0,0.0,0.0,0.0
5,0.0,10,360.48597708447807,200.0,100.0,559.0,70.02023357506879,14.345744926479632,1580.0,271.8491326722521,58.59881407649943,117.0,18.14441211087142,3.5850054350529508,0.0,0.0,0.0,0.0,0.0,0.0
6,0.0,18,360.31028390302333,300.0,0.0,573.0,68.02135521422878,12.816262438118635,1623.0,279.54029914582674,60.89509614312646,68.0,12.542807571081868,2.760222172162289,0.0,0.0,0.0,0.0,0.0,0.0
7,0.0,8,360.47193647511637,300.0,100.0,566.0,67.31148425356243,12.917615722701285,1669.0,280.857023983058,59.70004629403268,78.0,12.141999656287638,2.4735148700384055,0.0,0.0,0.0,0.0,0.0,0.0
