id,probability_maraud,successful_mating,next_foraging_time,x_pos,y_pos,foraging_events,foraging_hrs,foraging_sqhrs,staying_events,staying_hrs,staying_sqhrs,repairing_events,repairing_hrs,repairing_sqhrs,marauding_events,marauding_hrs,marauding_sqhrs,traveling_events,traveling_hrs,traveling_sqhrs
0,0.0,9,361.04939916978987,0.0,0.0,570.0,71.4382641889496,15.19313606035649,1577.0,270.49920417362017,58.45831757581562,102.0,18.406593183040123,4.354381796102322,0.0,0.0,0.0,0.0,0.0,0.0
1,0.0,9,359.9657650963992,0.0,100.0,561.0,72.86987744913122,16.684321954620877,1626.0,269.0594844232683,57.141398414681106,103.0,18.278620767030443,4.217326170810087,0.0,0.0,0.0,0.0,0.0,0.0
2,0.0,11,360.24256324277377,100.0,0.0,556.0,71.78752596648104,16.057934206978047,1596.0,276.0373335802756,59.85332290309354,71.0,12.248059503074847,2.586723586753904,0.0,0.0,0.0,0.0,0.0,0.0
3,0.054,3,360.1479915225185,100.0,100.0,580.0,71.90411249471732,14.144758256051524,1556.0,262.3654348721534,55.441672235114545,129.0,24.18876572592022,5.69676130540565,10.0,0.9999999999999999,0.10000000000000003,87.0,0.5776875645211638,0.004222393689986286
4,0.0,9,360.7225151179181,200.0,0.0,565.0,73.27856605368554,15.675805844175951,1485.0,249.42861916894887,53.427704616285986,229.0,37.43770350039545,7.727297707209501,0.0,0.0,0.0,0.0,0.0,0.0
5,0.0,10,360.1320056166357,200.0,100.0,563.0,67.54785174460292,13.452550957165066,1546.0,264.5225695326805,57.74938917389563,162.0,28.01633520821437,5.858586102030265,0.0,0.0,0.0,0.0,0.0,0.0
6,0.054,8,359.9539688080823,300.0,0.0,557.0,67.92978562645935,14.067251659131745,1657.0,283.57339462002767,61.57344703782376,35.0,6.151288634610516,1.4014075418895457,18.0,1.8000000000000005,0.1800000000000001,90.0,0.77897197873486,0.007801783264746233
7,0.0,13,360.2381307005625,300.0,100.0,568.0,69.06719303422588,13.442370057213154,1606.0,272.7380422245926,58.6007469490366,107.0,18.291307984538136,3.933122312146656,0.0,0.0,0.0,0.0,0.0,0.0
