id,probability_maraud,successful_mating,next_foraging_time,x_pos,y_pos,foraging_events,foraging_hrs,foraging_sqhrs,staying_events,staying_hrs,staying_sqhrs,repairing_events,repairing_hrs,repairing_sqhrs,marauding_events,marauding_hrs,marauding_sqhrs,traveling_events,traveling_hrs,traveling_sqhrs
0,0.0,9,360.46715504955375,0.0,0.0,560.0,69.64089689708278,14.701387590104883,1556.0,259.66068322223856,55.57079837011932,181.0,30.819079588183552,6.556823739978465,0.0,0.0,0.0,0.0,0.0,0.0
1,0.0,7,360.0975004766992,0.0,100.0,567.0,68.43513533689222,13.354744152628347,1532.0,254.7224930842237,53.54918153371663,215.0,36.88271899173028,8.187662375112774,0.0,0.0,0.0,0.0,0.0,0.0
2,0.0,9,360.5111481845335,100.0,0.0,561.0,66.86582376733382,12.732784409918551,1558.0,262.7350284171138,56.29107204703799,183.0,30.43147132355262,6.608759810890214,0.0,0.0,0.0,0.0,0.0,0.0
3,0.0,11,360.0665670057654,100.0,100.0,566.0,69.11752602389619,14.00733937094433,1564.0,265.409597804085,57.41375939895405,164.0,25.50942616989663,5.244038755565924,0.0,0.0,0.0,0.0,0.0,0.0
4,0.0,10,360.1769947542706,200.0,0.0,560.0,72.17857024746779,15.022293164121377,1620.0,275.76654767334315,59.21392580838872,72.0,12.067789781440446,2.6678406060541215,0.0,0.0,0.0,0.0,0.0,0.0
5,0.0,10,360.2848527088693,200.0,100.0,560.0,73.89816159016678,16.868573094073696,1485.0,255.28891404186248,55.37627747359281,172.0,30.884297846007527,6.933247281597488,0.0,0.0,0.0,0.0,0.0,0.0
6,0.054,9,360.0750617727312,300.0,0.0,564.0,67.1625674105319,13.934944042072177,1676.0,284.01387735848164,60.7273652228902,37.0,6.130102615038496,1.2661929217699597,19.0,1.9000000000000006,0.1900000000000001,97.0,0.8584113882642274,0.00904492455418382
7,0.054,7,360.0125514019152,300.0,100.0,574.0,68.78752740145259,13.18047596920532,1543.0,258.6561192603086,55.38962304602925,174.0,30.418264337900666,6.843183820071809,15.0,1.5000000000000002,0.15000000000000008,91.0,0.7752249801596435,0.007844650205761326
