id,probability_maraud,successful_mating,next_foraging_time,x_pos,y_pos,foraging_events,foraging_hrs,foraging_sqhrs,staying_events,staying_hrs,staying_sqhrs,repairing_events,repairing_hrs,repairing_sqhrs,marauding_events,marauding_hrs,marauding_sqhrs,traveling_events,traveling_hrs,traveling_sqhrs
0,0.0,15,360.27094454576945,0.0,0.0,571.0,70.04118719100393,14.647056847929555,1596.0,271.78207470029304,57.65906295913663,99.0,18.314131867331298,4.053193998647988,0.0,0.0,0.0,0.0,0.0,0.0
1,0.0,7,360.0299124321651,0.0,100.0,559.0,70.0206968925343,14.463326623386536,1614.0,272.06523572315984,58.070435601345565,113.0,18.147167821273523,3.814248466673384,0.0,0.0,0.0,0.0,0.0,0.0
2,0.0,9,360.08190566773914,100.0,0.0,567.0,68.12960124230632,13.861827107225302,1423.0,243.3983249566659,52.7411767849894,268.0,48.53386994600396,10.69233193233872,0.0,0.0,0.0,0.0,0.0,0.0
3,0.0,7,359.9506080947192,100.0,100.0,572.0,68.15826679066664,13.752102442924262,1572.0,267.5052682251795,57.37592716111403,144.0,24.409456959946773,5.623120198295212,0.0,0.0,0.0,0.0,0.0,0.0
4,0.054,5,360.17064809150094,200.0,0.0,563.0,73.56526653363288,17.103848406662642,1554.0,260.50947911276575,55.70110511363806,136.0,24.35956203378142,5.474924566292013,12.0,1.2,0.12000000000000005,85.0,0.547693542925705,0.0039008916323731158
5,0.0,15,360.2292502318667,200.0,100.0,562.0,67.49428836339621,14.387729862636826,1577.0,268.25195000704025,58.48600985317498,153.0,24.33156682971233,4.876205826567227,0.0,0.0,0.0,0.0,0.0,0.0
6,0.054,3,360.05668628673754,300.0,0.0,568.0,75.33483675621895,16.441415612250633,1594.0,282.1087895367775,62.33738666486012,0.0,0.0,0.0,17.0,1.7000000000000004,0.1700000000000001,101.0,0.897828936518492,0.009387860082304527
7,0.0,11,360.4868288449955,300.0,100.0,562.0,71.56923359016032,15.225178279209974,1584.0,270.47355937627526,58.5147352504351,114.0,18.203650199414948,3.6417097904741484,0.0,0.0,0.0,0.0,0.0,0.0
