id,probability_maraud,successful_mating,next_foraging_time,x_pos,y_pos,foraging_events,foraging_hrs,foraging_sqhrs,staying_events,staying_hrs,staying_sqhrs,repairing_events,repairing_hrs,repairing_sqhrs,marauding_events,marauding_hrs,marauding_sqhrs,traveling_events,traveling_hrs,traveling_sqhrs
0,0.0,12,360.37214632075046,0.0,0.0,580.0,70.55159349373065,14.613794766911477,1657.0,277.43386802988346,59.18358728910612,74.0,12.216442872479819,2.6427811204143152,0.0,0.0,0.0,0.0,0.0,0.0
1,0.0,7,360.0912380007802,0.0,100.0,562.0,70.53688986471937,14.253044350243272,1693.0,283.4185794937259,61.02210555227555,38.0,6.144286369559731,1.2699542232172578,0.0,0.0,0.0,0.0,0.0,0.0
2,0.0,10,360.14116474181395,100.0,0.0,559.0,70.49957559286607,14.784094193668382,1485.0,246.8977925082756,51.95567877818996,258.0,42.77209319987736,8.892085201591538,0.0,0.0,0.0,0.0,0.0,0.0
3,0.054,9,360.3224415241167,100.0,100.0,562.0,73.8298163815426,15.72136402036719,1588.0,266.8876811371057,56.56539041350486,97.0,17.200922975145062,3.751662800908025,17.0,1.7000000000000004,0.1700000000000001,79.0,0.515255706307096,0.003729423868312759
4,0.0,3,360.0970145805384,200.0,0.0,567.0,69.44754775345284,13.934316447281287,1602.0,266.0377185927988,56.5190580250594,136.0,24.54839493054582,5.448322366326503,0.0,0.0,0.0,0.0,0.0,0.0
5,0.0,13,360.4601479564636,200.0,100.0,562.0,71.81137439362887,14.909233313581076,1424.0,245.4117046158681,53.20397218616554,258.0,42.82012945873707,9.226567141637563,0.0,0.0,0.0,0.0,0.0,0.0
6,0.054,7,359.797745064869,300.0,0.0,566.0,70.65692215179135,14.525347221496592,1647.0,275.1230927883769,58.52189532276218,86.0,12.183525829884886,2.3555740925994018,12.0,1.2,0.12000000000000005,98.0,0.8925996846326946,0.009344993141289445
7,0.0,11,360.2820211525698,300.0,100.0,566.0,67.16309510998596,13.880573754961931,1576.0,274.3263588257675,60.71631328784411,104.0,18.62821552932866,4.05022085649939,0.0,0.0,0.0,0.0,0.0,0.0
