id,probability_maraud,successful_mating,next_foraging_time,x_pos,y_pos,foraging_events,foraging_hrs,foraging_sqhrs,staying_events,staying_hrs,staying_sqhrs,repairing_events,repairing_hrs,repairing_sqhrs,marauding_events,marauding_hrs,marauding_sqhrs,traveling_events,traveling_hrs,traveling_sqhrs
0,0.0,11,360.4075297847898,0.0,0.0,565.0,71.66844368272865,15.212295334176135,1531.0,251.66134955571127,52.74683838239539,216.0,36.75555838364183,8.087078145884963,0.0,0.0,0.0,0.0,0.0,0.0
1,0.0,5,360.08765016772657,0.0,100.0,561.0,73.60129194212149,16.07616314787152,1529.0,262.0879206888997,56.5160499057043,139.0,24.49771985786231,5.571191811879536,0.0,0.0,0.0,0.0,0.0,0.0
2,0.0,5,360.1424057897193,100.0,0.0,561.0,69.66574745391769,14.451880023679262,1445.0,248.56480564249952,52.887883062060645,238.0,41.793639273895536,9.256609692820232,0.0,0.0,0.0,0.0,0.0,0.0
3,0.0,14,360.25322942822817,100.0,100.0,567.0,67.91964463131785,13.40388962833597,1546.0,255.4763192922727,53.94098520748786,223.0,36.62571251534626,7.60049093227974,0.0,0.0,0.0,0.0,0.0,0.0
4,0.054,8,360.74749560665435,200.0,0.0,551.0,70.43035609988789,14.55909989671073,1515.0,256.96490940459313,55.6052267462288,184.0,30.349449539748267,6.379499170889957,18.0,1.8000000000000005,0.1800000000000001,103.0,0.6931094464228316,0.005208333333333339
5,0.054,11,359.8716937802202,200.0,100.0,570.0,70.79648982374732,14.655781311450935,1683.0,286.47302770988375,61.35252531986081,0.0,0.0,0.0,22.0,2.2000000000000006,0.22000000000000014,93.0,0.6065886788133829,0.004350994513031555
6,0.0,7,360.3583511038771,300.0,0.0,556.0,67.51832968690199,13.82101723697005,1439.0,249.7984713347194,54.603598706794166,248.0,42.71663277992492,9.039552590849638,0.0,0.0,0.0,0.0,0.0,0.0
7,0.0,11,359.9689480933007,300.0,100.0,571.0,70.60495430508767,14.260344740345959,1534.0,259.2587241776505,56.16584756781976,181.0,30.14176452897791,6.558421338474566,0.0,0.0,0.0,0.0,0.0,0.0
