id,probability_maraud,successful_mating,next_foraging_time,x_pos,y_pos,foraging_events,foraging_hrs,foraging_sqhrs,staying_events,staying_hrs,staying_sqhrs,repairing_events,repairing_hrs,repairing_sqhrs,marauding_events,marauding_hrs,marauding_sqhrs,traveling_events,traveling_hrs,traveling_sqhrs
0,0.054,10,360.50782516201514,0.0,0.0,558.0,67.92605111506207,13.870479694780332,1542.0,264.9862365007869,57.853487411376975,141.0,24.303881223783765,5.229918446299455,22.0,2.2000000000000006,0.22000000000000014,84.0,0.6631476165712925,0.006215706447187936
1,0.054,12,359.9052162342776,0.0,100.0,567.0,68.56701687573336,13.488853701889454,1609.0,276.8058582965185,60.30154464639061,67.0,12.211414944659909,2.809509395246413,16.0,1.6000000000000003,0.1600000000000001,111.0,0.8753412690489151,0.008359053497942392
2,0.0,9,360.5599933216099,100.0,0.0,575.0,69.86971662029339,13.749168600039422,1587.0,265.6817067201607,56.17365195179338,140.0,24.677017781700545,5.331804186070244,0.0,0.0,0.0,0.0,0.0,0.0
3,0.0,8,360.1091336783326,100.0,100.0,576.0,72.69461585300546,15.426238512230247,1500.0,250.93878675918089,54.36912245794771,222.0,36.501964140499965,7.702329729347968,0.0,0.0,0.0,0.0,0.0,0.0
4,0.0,11,360.431065488394,200.0,0.0,565.0,70.67672179135455,14.605577445435852,1483.0,252.37651509626158,53.57632094073348,230.0,36.98554935852698,7.764008786266238,0.0,0.0,0.0,0.0,0.0,0.0
5,0.0,8,360.9752787918795,200.0,100.0,556.0,71.01335427742181,14.974177635959327,1442.0,246.4580913363419,53.8898904434151,264.0,42.82451551080769,8.959953568739252,0.0,0.0,0.0,0.0,0.0,0.0
6,0.0,8,360.328588863295,300.0,0.0,558.0,70.91966587512727,14.992861343429293,1589.0,264.71725059858943,56.77226028591875,138.0,24.38593137121507,5.3728634487147335,0.0,0.0,0.0,0.0,0.0,0.0
7,0.0,6,360.0984065025767,300.0,100.0,572.0,73.83218994968469,15.236560494547803,1524.0,255.678177109891,54.09573573619612,176.0,30.53941441354066,6.503378595918385,0.0,0.0,0.0,0.0,0.0,0.0
