id,probability_maraud,successful_mating,next_foraging_time,x_pos,y_pos,foraging_events,foraging_hrs,foraging_sqhrs,staying_events,staying_hrs,staying_sqhrs,repairing_events,repairing_hrs,repairing_sqhrs,marauding_events,marauding_hrs,marauding_sqhrs,traveling_events,traveling_hrs,traveling_sqhrs
0,0.0,8,360.1514720948411,0.0,0.0,568.0,70.28223369278034,14.842932466831549,1508.0,253.01686913117396,52.837139149736856,223.0,36.820472613092434,7.81295650395175,0.0,0.0,0.0,0.0,0.0,0.0
1,0.054,7,359.8736485213807,0.0,100.0,566.0,70.99238573447312,14.483251199904416,1636.0,276.8455737765183,59.912571837042364,59.0,9.988237956009627,2.2263094889761836,15.0,1.5000000000000002,0.15000000000000008,88.0,0.7725355689094252,0.007973251028806593
2,0.0,4,359.8997403681729,100.0,0.0,563.0,71.30895677838376,15.346719449809619,1380.0,233.82996339472453,49.55184647352639,342.0,54.998415560646016,11.350845413382062,0.0,0.0,0.0,0.0,0.0,0.0
3,0.0,13,360.3504569491403,100.0,100.0,556.0,73.43571596930519,15.93363221259518,1425.0,240.1563080320668,50.88095561709297,289.0,46.44119854866702,9.795679729361296,0.0,0.0,0.0,0.0,0.0,0.0
4,0.054,9,360.4406584645194,200.0,0.0,577.0,70.81554592958808,14.143141255420934,1536.0,262.14107176480024,56.47490480063467,139.0,24.506854678330495,5.301836189805831,21.0,2.1000000000000005,0.21000000000000013,104.0,0.6280771719968448,0.004158093278463653
5,0.0,10,360.35037289618714,200.0,100.0,565.0,73.589097100679,16.1943446785608,1646.0,280.4635443920877,60.26495827512946,40.0,6.101813693056293,1.2308448419009037,0.0,0.0,0.0,0.0,0.0,0.0
6,0.0,12,360.3456053581812,300.0,0.0,573.0,69.7424363696338,14.259335042673753,1543.0,259.7946029134291,55.30991475091225,186.0,30.494389950594634,6.23959648493704,0.0,0.0,0.0,0.0,0.0,0.0
7,0.0,9,359.94631676596777,300.0,100.0,565.0,75.89506996642521,15.51775131355917,1627.0,278.1591123145888,60.73864837370731,37.0,6.117492774058285,1.2947329307809632,0.0,0.0,0.0,0.0,0.0,0.0
