id,probability_maraud,successful_mating,next_foraging_time,x_pos,y_pos,foraging_events,foraging_hrs,foraging_sqhrs,staying_events,staying_hrs,staying_sqhrs,repairing_events,repairing_hrs,repairing_sqhrs,marauding_events,marauding_hrs,marauding_sqhrs,traveling_events,traveling_hrs,traveling_sqhrs
0,0.0,10,360.3800179686255,0.0,0.0,570.0,65.39936102149179,13.412215128166713,1669.0,282.71421705579786,60.41861517646365,75.0,12.131662846308641,2.4598191090312693,0.0,0.0,0.0,0.0,0.0,0.0
1,0.0,7,360.47311599275486,0.0,100.0,565.0,71.61114252624625,14.957414392590229,1527.0,257.67903479462865,54.78434400462164,179.0,30.792308863536242,6.64845628549741,0.0,0.0,0.0,0.0,0.0,0.0
2,0.054,17,360.09476094918847,100.0,0.0,566.0,68.85972412009941,13.966246394109785,1637.0,277.4559652070427,59.13136819991789,73.0,12.09416527097217,2.4756099405790035,12.0,1.2,0.12000000000000005,80.0,0.5185242694083633,0.003707990397805213
3,0.054,9,360.0002168777138,100.0,100.0,560.0,71.7895657786211,16.078994240281236,1612.0,270.8798274607985,57.250014646090385,92.0,15.298618258809462,3.2504455985969885,15.0,1.5000000000000002,0.15000000000000008,98.0,0.6482857746912509,0.004693930041152268
4,0.0,8,359.72402642074024,200.0,0.0,561.0,74.75596264537265,16.516454751031308,1507.0,260.7689662453403,56.99722197874415,149.0,24.475293291965453,5.2383561843239965,0.0,0.0,0.0,0.0,0.0,0.0
5,0.0,6,359.9910834618705,200.0,100.0,573.0,69.86276188332369,14.763380859787807,1488.0,253.64982773496266,54.56743029793904,218.0,36.54834250127922,7.661621364189748,0.0,0.0,0.0,0.0,0.0,0.0
6,0.0,8,360.01376482513655,300.0,0.0,583.0,67.94555319727681,12.864934302581013,1631.0,273.7109475185842,58.34109159141546,101.0,18.395275924210974,4.08154493052405,0.0,0.0,0.0,0.0,0.0,0.0
7,0.0,7,360.24981548234,300.0,100.0,551.0,73.88218170241456,16.168843620248833,1608.0,274.2397498085499,58.8615266288942,62.0,12.111313177655587,2.907195037711126,0.0,0.0,0.0,0.0,0.0,0.0
