id,probability_maraud,successful_mating,next_foraging_time,x_pos,y_pos,foraging_events,foraging_hrs,foraging_sqhrs,staying_events,staying_hrs,staying_sqhrs,repairing_events,repairing_hrs,repairing_sqhrs,marauding_events,marauding_hrs,marauding_sqhrs,traveling_events,traveling_hrs,traveling_sqhrs
0,0.054,12,360.5953511757133,0.0,0.0,572.0,69.35976123837125,15.22610395920605,1753.0,288.2415052564391,61.16804699390955,0.0,0.0,0.0,15.0,1.5000000000000002,0.15000000000000008,112.0,0.9385489382598674,0.009516460905349805
1,0.054,9,360.64906546631926,0.0,100.0,547.0,72.34630288545738,15.85590677524713,1538.0,260.8243943728128,56.68977285077265,144.0,24.577434926896608,5.087419848949563,16.0,1.6000000000000003,0.1600000000000001,91.0,0.8711393280651281,0.009495027434842254
2,0.0,5,360.14063467512284,100.0,0.0,578.0,69.58600506526284,14.635620462665049,1661.0,278.06468420499056,59.40975304073481,69.0,12.381062883251168,2.750594741081744,0.0,0.0,0.0,0.0,0.0,0.0
3,0.0,11,360.1742826055692,100.0,100.0,561.0,73.51851939888348,16.154366032204685,1593.0,270.76163899047333,58.20054833401358,99.0,15.730967386475951,3.1360133779964046,0.0,0.0,0.0,0.0,0.0,0.0
4,0.0,8,359.98105561815015,200.0,0.0,583.0,70.23432572476541,13.663008729185314,1546.0,259.49453822494286,55.0220688519821,191.0,30.433838866236872,6.431952059552941,0.0,0.0,0.0,0.0,0.0,0.0
5,0.0,8,359.96949369506615,200.0,100.0,567.0,72.66287800665758,14.568617006260876,1486.0,250.7787046657988,53.526768857988195,204.0,36.65781414030245,8.27944806445485,0.0,0.0,0.0,0.0,0.0,0.0
6,0.0,9,360.46074039081316,300.0,0.0,588.0,68.84219143429796,13.88100094014966,1609.0,272.87476759325864,58.08064897504984,109.0,18.33116173886241,3.9165864098619125,0.0,0.0,0.0,0.0,0.0,0.0
7,0.0,10,360.24545049703715,300.0,100.0,567.0,70.72688894240454,14.852102018431125,1409.0,240.84535372310262,51.61889730352349,285.0,48.465469267238426,10.401777458252122,0.0,0.0,0.0,0.0,0.0,0.0
