id,probability_maraud,successful_mating,next_foraging_time,x_pos,y_pos,foraging_events,foraging_hrs,foraging_sqhrs,staying_events,staying_hrs,staying_sqhrs,repairing_events,repairing_hrs,repairing_sqhrs,marauding_events,marauding_hrs,marauding_sqhrs,traveling_events,traveling_hrs,traveling_sqhrs
0,0.054,11,360.2703083512348,0.0,0.0,562.0,68.53668306502077,13.644752585923946,1664.0,282.8593460806745,60.440721864887465,29.0,6.0132688759063,1.5495957638900297,19.0,1.9000000000000006,0.1900000000000001,89.0,0.7390681287934996,0.007244513031550074
1,0.0,9,360.2913543050151,0.0,100.0,562.0,71.57659221933443,14.892311641193421,1500.0,257.89368765569924,55.98021634238878,173.0,30.602503270011077,6.768929497132963,0.0,0.0,0.0,0.0,0.0,0.0
2,0.0,8,360.3122738778529,100.0,0.0,569.0,70.7652699383582,14.979038088816628,1462.0,252.88799446008431,55.20588060373415,226.0,36.49318090153525,7.591763301208713,0.0,0.0,0.0,0.0,0.0,0.0
3,0.0,8,360.1384307369758,100.0,100.0,579.0,68.95166817486292,13.70721995700459,1421.0,242.3808641034171,52.43153430416881,281.0,48.68699331508333,10.455274116310537,0.0,0.0,0.0,0.0,0.0,0.0
4,0.0,9,360.1431391381943,200.0,0.0,558.0,73.03718475816017,16.238706386294503,1580.0,268.52670513999124,57.300817461988316,115.0,18.45889071750856,3.8002556104084344,0.0,0.0,0.0,0.0,0.0,0.0
5,0.0,11,360.13905431877697,200.0,100.0,575.0,68.28088201867865,13.723635353900722,1634.0,273.29212885668585,57.6616428491053,104.0,18.429937590225116,4.01313603791485,0.0,0.0,0.0,0.0,0.0,0.0
6,0.0,10,360.2802518715442,300.0,0.0,563.0,71.53845976452013,14.70133789505759,1319.0,227.76896556808683,49.47094559174349,363.0,60.805235974253584,12.974966932084202,0.0,0.0,0.0,0.0,0.0,0.0
7,0.054,6,360.42228215288554,300.0,100.0,571.0,70.82324999021012,14.514266366146352,1543.0,261.8396118960658,56.521624410065066,152.0,24.50675003494498,4.925950172058922,21.0,2.1000000000000005,0.21000000000000013,94.0,0.8150217628269522,0.008401920438957483
