id,probability_maraud,successful_mating,next_foraging_time,x_pos,y_pos,foraging_events,foraging_hrs,foraging_sqhrs,staying_events,staying_hrs,staying_sqhrs,repairing_events,repairing_hrs,repairing_sqhrs,marauding_events,marauding_hrs,marauding_sqhrs,traveling_events,traveling_hrs,traveling_sqhrs
0,0.0,13,359.8404860477421,0.0,0.0,557.0,69.29878781073681,13.824842424906468,1522.0,260.48613518897895,56.71644937259069,174.0,30.296075276868798,6.608730717417945,0.0,0.0,0.0,0.0,0.0,0.0
1,0.0,6,360.21449345329563,0.0,100.0,578.0,67.66444199125961,12.8365153303168,1412.0,244.1375454648227,53.058470906455945,301.0,48.3088707332337,10.137604534060172,0.0,0.0,0.0,0.0,0.0,0.0
2,0.054,7,360.5210471241061,100.0,0.0,569.0,72.71566476497512,15.79435818749527,1534.0,260.5755966077521,55.60994331169299,146.0,24.35195501159613,5.096334538595118,18.0,1.8000000000000005,0.1800000000000001,93.0,0.6081773165472145,0.004393861454046643
3,0.0,10,359.987583801029,100.0,100.0,566.0,68.10764824927244,13.885320125261831,1583.0,268.63981579589114,57.27968986813539,146.0,23.41042451053175,4.7360697939843295,0.0,0.0,0.0,0.0,0.0,0.0
4,0.0,9,360.32749452048836,200.0,0.0,565.0,75.09165852330486,16.672899467013078,1482.0,248.30140124229183,52.69974799303235,216.0,36.622236934768225,7.894050609330746,0.0,0.0,0.0,0.0,0.0,0.0
5,0.054,7,360.19833753808945,200.0,100.0,562.0,72.77640654405134,15.471061103371161,1601.0,272.1050353383125,59.23506483823732,74.0,12.276665752285437,2.6058089125864874,24.0,2.400000000000001,0.24000000000000016,95.0,0.6412123300384711,0.004736796982167357
6,0.0,9,360.1689986272133,300.0,0.0,559.0,72.5125203444239,14.946399890374638,1354.0,232.62696666940212,50.81693968187482,320.0,54.86736624435438,11.660953043243342,0.0,0.0,0.0,0.0,0.0,0.0
7,0.0,11,360.07350096944356,300.0,100.0,554.0,70.25814231494611,13.987850884743768,1546.0,265.6134621026557,57.7699608994946,148.0,24.312747088351646,5.216404877862811,0.0,0.0,0.0,0.0,0.0,0.0
