id,probability_maraud,successful_mating,next_foraging_time,x_pos,y_pos,foraging_events,foraging_hrs,foraging_sqhrs,staying_events,staying_hrs,staying_sqhrs,repairing_events,repairing_hrs,repairing_sqhrs,marauding_events,marauding_hrs,marauding_sqhrs,traveling_events,traveling_hrs,traveling_sqhrs
0,0.0,3,360.74089037878815,0.0,0.0,570.0,71.73062730363303,14.69821654279257,1462.0,245.60790005369432,52.28121543146822,251.0,42.690371030316,9.020091412569734,0.0,0.0,0.0,0.0,0.0,0.0
1,0.0,12,360.3203153241385,0.0,100.0,564.0,73.36971852692535,16.095775494538408,1413.0,237.81572038143793,50.19284702442575,288.0,48.839473591942955,10.533778649076076,0.0,0.0,0.0,0.0,0.0,0.0
2,0.0,12,360.35318912218474,100.0,0.0,565.0,71.3680578743247,14.349826863322324,1566.0,264.2396025424021,56.9075881853199,142.0,24.456136445905564,5.413286821622667,0.0,0.0,0.0,0.0,0.0,0.0
3,0.0,7,360.6781354078587,100.0,100.0,575.0,68.55367834356112,13.884445319982769,1527.0,254.86475480046207,53.765126845803245,221.0,36.638243014748184,7.6449338843596015,0.0,0.0,0.0,0.0,0.0,0.0
4,0.054,4,360.3340456196021,200.0,0.0,575.0,68.43095286421025,12.909008281088767,1597.0,270.9571817016361,58.0931622204705,116.0,18.277313341722913,3.9440870707632327,18.0,1.8000000000000005,0.1800000000000001,88.0,0.5795747906913193,0.0042223936899862865
5,0.054,18,360.3111170437293,200.0,100.0,559.0,70.68592541732632,14.61670182785666,1669.0,286.96446364905455,61.3635163950322,0.0,0.0,0.0,19.0,1.9000000000000006,0.1900000000000001,93.0,0.6389656570095887,0.004822530864197534
6,0.0,10,360.3292359595752,300.0,0.0,557.0,74.12122533438941,15.741809014520266,1409.0,242.79613722860537,53.26001982765888,249.0,43.14464768141739,9.40582949357682,0.0,0.0,0.0,0.0,0.0,0.0
7,0.0,6,360.2149494505736,300.0,100.0,570.0,66.56330770376586,12.171597932237063,1678.0,281.44520863727803,60.41755910075159,73.0,12.067267755182948,2.480216711554288,0.0,0.0,0.0,0.0,0.0,0.0
