id,probability_maraud,successful_mating,next_foraging_time,x_pos,y_pos,foraging_events,foraging_hrs,foraging_sqhrs,staying_events,staying_hrs,staying_sqhrs,repairing_events,repairing_hrs,repairing_sqhrs,marauding_events,marauding_hrs,marauding_sqhrs,traveling_events,traveling_hrs,traveling_sqhrs
0,0.0,8,360.2622795131857,0.0,0.0,571.0,71.52908533271439,15.267357937636378,1477.0,251.39434327115737,54.25251513012417,208.0,37.09237681576368,8.41590782570767,0.0,0.0,0.0,0.0,0.0,0.0
1,0.054,8,360.50785662409606,0.0,100.0,575.0,70.3415072883816,14.298632289303903,1582.0,268.4829960300195,57.33494469011843,110.0,18.77057191361482,4.034818698818949,16.0,1.6000000000000003,0.1600000000000001,101.0,0.8720220063336968,0.00880915637860083
2,0.0,14,360.1634543080291,100.0,0.0,564.0,72.47407538574889,15.527436184472815,1519.0,256.8827921244035,54.526738408686015,185.0,30.685090107144305,6.399172657940675,0.0,0.0,0.0,0.0,0.0,0.0
3,0.054,10,360.10081822126836,100.0,100.0,550.0,72.28095460651537,15.740372690236182,1574.0,265.3064333744861,57.27159294288481,125.0,19.640516934278022,3.9346111834143813,24.0,2.400000000000001,0.24000000000000016,97.0,0.6450172115899837,0.004715363511659813
4,0.0,6,360.09596752598605,200.0,0.0,570.0,69.75271825170844,14.74627659399041,1429.0,241.57155202368452,51.78871906479957,286.0,48.737193636439436,10.324524098132578,0.0,0.0,0.0,0.0,0.0,0.0
5,0.0,8,360.34859967645974,200.0,100.0,571.0,68.1776742161661,13.961970039970362,1623.0,267.3790570528911,56.99910167539725,145.0,24.507220829571384,5.267996543335121,0.0,0.0,0.0,0.0,0.0,0.0
6,0.0,10,360.0234614973277,300.0,0.0,570.0,74.85508410871152,16.59457029707928,1535.0,258.0792115455705,54.79305173819025,163.0,27.17816323058495,5.688838215142713,0.0,0.0,0.0,0.0,0.0,0.0
7,0.0,8,360.38744167355895,300.0,100.0,565.0,71.32561661397543,15.263994614610276,1480.0,258.4152486046302,57.325552598041284,182.0,30.27028845368309,6.482578260246152,0.0,0.0,0.0,0.0,0.0,0.0
