id,probability_maraud,successful_mating,next_foraging_time,x_pos,y_pos,foraging_events,foraging_hrs,foraging_sqhrs,staying_events,staying_hrs,staying_sqhrs,repairing_events,repairing_hrs,repairing_sqhrs,marauding_events,marauding_hrs,marauding_sqhrs,traveling_events,traveling_hrs,traveling_sqhrs
0,0.0,5,360.4040212196686,0.0,0.0,559.0,67.8954026628169,13.692940580483459,1586.0,267.8489067313594,57.73035701057154,142.0,24.277698914574916,5.230428640344014,0.0,0.0,0.0,0.0,0.0,0.0
1,0.054,7,360.4947657277581,0.0,100.0,563.0,74.38503863387204,16.222419976693224,1576.0,265.30264726217865,55.735872884827074,104.0,18.19726554848177,4.1965907966353315,15.0,1.5000000000000002,0.15000000000000008,86.0,0.7032936872888752,0.006815843621399186
2,0.0,10,360.5307599920146,100.0,0.0,565.0,72.856699899171,15.105517774423191,1561.0,262.76714628566896,55.77152826134925,138.0,24.548658083500165,5.567885726150833,0.0,0.0,0.0,0.0,0.0,0.0
3,0.0,8,359.9972260950275,100.0,100.0,571.0,68.81986240826654,13.946909358950187,1479.0,248.6919528965418,53.0114085361096,238.0,42.4916515108647,9.50519802684683,0.0,0.0,0.0,0.0,0.0,0.0
4,0.0,13,360.4904491307002,200.0,0.0,570.0,73.33941373124658,15.635857790408036,1476.0,250.12804541456433,53.67036206154091,220.0,36.66119141553172,7.989857447531135,0.0,0.0,0.0,0.0,0.0,0.0
5,0.0,9,360.44051095131135,200.0,100.0,557.0,67.387966436355,14.001843345047114,1558.0,262.32585171095184,56.121292511077776,180.0,30.37698351270842,6.432296974377357,0.0,0.0,0.0,0.0,0.0,0.0
6,0.0,9,360.40863669335414,300.0,0.0,556.0,67.89093073352984,12.704276233180428,1522.0,261.54092786655934,56.352667180707385,172.0,30.663616552123454,6.896981940006103,0.0,0.0,0.0,0.0,0.0,0.0
7,0.054,11,359.8894189023539,300.0,100.0,570.0,73.55745796213185,15.335213962979665,1666.0,277.6823233178673,59.08124883526645,37.0,6.014205625916998,1.207273982880062,20.0,2.0000000000000004,0.20000000000000012,86.0,0.7978971854315164,0.00861625514403293
