id,probability_maraud,successful_mating,next_foraging_time,x_pos,y_pos,foraging_events,foraging_hrs,foraging_sqhrs,staying_events,staying_hrs,staying_sqhrs,repairing_events,repairing_hrs,repairing_sqhrs,marauding_events,marauding_hrs,marauding_sqhrs,traveling_events,traveling_hrs,traveling_sqhrs
0,0.0,3,360.3372927195572,0.0,0.0,577.0,69.347964546696,14.158715041232956,1695.0,284.8656406944535,60.679691510366126,30.0,6.041337516192488,1.419300610680873,0.0,0.0,0.0,0.0,0.0,0.0
1,0.0,4,360.0885922615208,0.0,100.0,571.0,73.17658991649174,15.04334103936878,1646.0,274.5756543054749,58.07324913613208,72.0,12.287142435199229,2.678767978573151,0.0,0.0,0.0,0.0,0.0,0.0
2,0.0,7,360.2624302742166,100.0,0.0,570.0,71.9725225120286,15.03446801810903,1530.0,257.6564637935582,54.939527968312795,185.0,30.398282300278712,6.4694832530406545,0.0,0.0,0.0,0.0,0.0,0.0
3,0.0,11,360.01635867672593,100.0,100.0,568.0,67.4188640576607,12.995942328895694,1528.0,262.1078455725566,56.611817347209445,178.0,30.512745575804,6.4940506128946485,0.0,0.0,0.0,0.0,0.0,0.0
4,0.054,15,360.7031749057667,200.0,0.0,561.0,68.19576722983614,13.166635067143007,1651.0,277.7077852984721,59.182385074169254,67.0,12.105250548422694,2.767823445693833,17.0,1.7000000000000004,0.1700000000000001,84.0,0.5210695308735697,0.0035365226337448577
5,0.0,13,360.5169812477228,200.0,100.0,561.0,68.92794872745174,13.22942976155595,1594.0,273.5750272016153,58.30041417069994,98.0,17.750492659083992,4.191267064763596,0.0,0.0,0.0,0.0,0.0,0.0
6,0.054,10,359.93801365553423,300.0,0.0,567.0,69.95182030732175,13.447000502693998,1603.0,269.84695514395753,57.66496194531143,105.0,18.476283370529035,4.0415296739016755,12.0,1.2,0.12000000000000005,76.0,0.5994687424628906,0.00567986968449932
7,0.0,8,360.36166231136565,300.0,100.0,573.0,72.33032591340572,15.122702581607728,1465.0,244.04204465370384,51.5438416343763,267.0,43.65927276414108,9.158342010736218,0.0,0.0,0.0,0.0,0.0,0.0
