id,probability_maraud,successful_mating,next_foraging_time,x_pos,y_pos,foraging_events,foraging_hrs,foraging_sqhrs,staying_events,staying_hrs,staying_sqhrs,repairing_events,repairing_hrs,repairing_sqhrs,marauding_events,marauding_hrs,marauding_sqhrs,traveling_events,traveling_hrs,traveling_sqhrs
0,0.054,12,360.1932005645863,0.0,0.0,557.0,70.66455180520244,14.90747399435937,1595.0,268.5066490301868,57.258484041863035,97.0,18.5090300000058,4.294109313162689,16.0,1.6000000000000003,0.1600000000000001,76.0,0.7236160105570916,0.007930384087791498
1,0.0,13,360.1111845711377,0.0,100.0,556.0,68.98125498633733,14.268025380355759,1595.0,272.7422862395869,59.048134631203844,116.0,18.361994991913157,3.8820960409252363,0.0,0.0,0.0,0.0,0.0,0.0
2,0.0,12,360.38703710536265,100.0,0.0,561.0,71.45759875278412,15.875717240840618,1612.0,276.7278103560529,58.90102797791464,71.0,12.067187484947857,2.475331738149079,0.0,0.0,0.0,0.0,0.0,0.0
3,0.0,1,360.05358316770736,100.0,100.0,570.0,71.26418931433892,15.537908634596196,1457.0,246.00539602175098,52.737218881952444,260.0,42.742494133201625,9.079799238837898,0.0,0.0,0.0,0.0,0.0,0.0
4,0.054,10,360.51334965805177,200.0,0.0,560.0,70.13937038411841,14.193552104393474,1535.0,263.38353633238637,56.655203116137116,137.0,24.32671548484897,5.478509632043496,17.0,1.7000000000000004,0.1700000000000001,92.0,0.6203108549192051,0.0045438957475994555
5,0.0,11,360.65560420821913,200.0,100.0,570.0,72.21183861852337,14.741015298136253,1506.0,257.0309884977683,55.77626199444404,187.0,30.788456898456623,6.619432397450296,0.0,0.0,0.0,0.0,0.0,0.0
6,0.0,8,360.5493060352111,300.0,0.0,575.0,71.05321550581698,14.012144410442334,1495.0,247.1472496037499,51.999379307694966,246.0,41.959621471092035,9.109679668490836,0.0,0.0,0.0,0.0,0.0,0.0
7,0.0,5,360.3930412739541,300.0,100.0,569.0,69.45192411751013,13.500359356408529,1645.0,279.1920030026642,60.29819646892559,71.0,11.375424655858858,2.2590217558049854,0.0,0.0,0.0,0.0,0.0,0.0
