id,probability_maraud,successful_mating,next_foraging_time,x_pos,y_pos,foraging_events,foraging_hrs,foraging_sqhrs,staying_events,staying_hrs,staying_sqhrs,repairing_events,repairing_hrs,repairing_sqhrs,marauding_events,marauding_hrs,marauding_sqhrs,traveling_events,traveling_hrs,traveling_sqhrs
0,0.0,12,360.1426185061891,0.0,0.0,572.0,70.92873185012232,15.70237987240336,1613.0,276.72379499254214,60.10265965992528,76.0,12.508451402514595,2.6597385081543634,0.0,0.0,0.0,0.0,0.0,0.0
1,0.0,7,360.1212176600811,0.0,100.0,567.0,71.53851005032118,14.64295898563776,1567.0,264.21582466965424,56.83042690241838,140.0,24.250655387177755,5.041625872631237,0.0,0.0,0.0,0.0,0.0,0.0
2,0.054,11,360.2733427359044,100.0,0.0,565.0,69.19626509873301,14.65017697227867,1535.0,264.41748898367155,56.72063699384508,144.0,24.07504830795061,5.27508218476344,18.0,1.8000000000000005,0.1800000000000001,77.0,0.5209782432399656,0.0039008916323731158
3,0.054,9,360.15702061943523,100.0,100.0,566.0,72.18425453638112,14.500067811959505,1641.0,277.406771060204,59.14522718367988,46.0,7.760320350489636,1.6691384866132606,21.0,2.1000000000000005,0.21000000000000013,104.0,0.6901597421606376,0.005079732510288072
4,0.0,8,360.1825983244106,200.0,0.0,560.0,74.4730886516805,15.67360535677839,1460.0,248.87874248847362,54.38992335663005,230.0,36.72610187570032,7.725137861426943,0.0,0.0,0.0,0.0,0.0,0.0
5,0.0,7,360.6647937298871,200.0,100.0,555.0,69.356096340524,14.412063533375358,1453.0,247.87915565002658,52.84063076689829,255.0,43.02526099147756,9.130773880441696,0.0,0.0,0.0,0.0,0.0,0.0
6,0.0,10,360.0870925502256,300.0,0.0,567.0,69.9438959993259,14.883734566227655,1445.0,241.18759623377494,51.387759973855594,289.0,48.91077619983198,10.324987537122414,0.0,0.0,0.0,0.0,0.0,0.0
7,0.0,8,360.44830201669606,300.0,100.0,573.0,71.68896097745065,16.113726272524225,1505.0,251.77178146346708,53.71225168650996,230.0,36.631401119694885,7.464008252578588,0.0,0.0,0.0,0.0,0.0,0.0
