id,probability_maraud,successful_mating,next_foraging_time,x_pos,y_pos,foraging_events,foraging_hrs,foraging_sqhrs,staying_events,staying_hrs,staying_sqhrs,repairing_events,repairing_hrs,repairing_sqhrs,marauding_events,marauding_hrs,marauding_sqhrs,traveling_events,traveling_hrs,traveling_sqhrs
0,0.0,8,360.50117556503244,0.0,0.0,554.0,71.59253531352978,15.94707505565948,1462.0,246.15428626973463,52.06169218232175,246.0,42.428485418095825,9.298867301651239,0.0,0.0,0.0,0.0,0.0,0.0
1,0.054,6,359.9002384342861,0.0,100.0,570.0,71.21155588049184,14.062403181518803,1556.0,265.1859604146375,57.42487236373091,135.0,21.93705249450669,4.40176862324519,10.0,0.9999999999999999,0.10000000000000003,85.0,0.7127070551392293,0.007137345679012353
2,0.054,13,359.93310005034266,100.0,0.0,550.0,72.89440471072976,15.2731599790468,1633.0,272.58906566408956,58.21782995660575,69.0,12.179477601657794,2.740926598169882,18.0,1.8000000000000005,0.1800000000000001,99.0,0.6635053008973008,0.004908264746227713
3,0.0,8,360.01713893948653,100.0,100.0,568.0,72.14499045066931,14.697718233374983,1570.0,263.41781921370176,57.060870799123094,149.0,24.50625769536981,5.175906860755029,0.0,0.0,0.0,0.0,0.0,0.0
4,0.0,8,359.8081232593791,200.0,0.0,575.0,71.25644458728148,15.114480204149013,1629.0,276.4369873073238,59.13537494270289,71.0,12.310613669567054,2.6691527142216143,0.0,0.0,0.0,0.0,0.0,0.0
5,0.0,14,360.33918244794773,200.0,100.0,565.0,66.56517971264016,12.368898677754423,1721.0,287.4994684362283,60.82114178702848,32.0,6.004405606905402,1.4437771578043634,0.0,0.0,0.0,0.0,0.0,0.0
6,0.0,8,359.9498419984771,300.0,0.0,546.0,71.39581436975465,15.295590245981199,1562.0,269.9891303505971,59.22200378146044,97.0,18.621967640505087,4.292791326359618,0.0,0.0,0.0,0.0,0.0,0.0
7,0.0,7,360.2138873766354,300.0,100.0,563.0,71.84671181099097,16.26863538873106,1509.0,257.7476343529639,55.992341463532746,179.0,30.440693941313604,6.445420252645878,0.0,0.0,0.0,0.0,0.0,0.0
