id,probability_maraud,successful_mating,next_foraging_time,x_pos,y_pos,foraging_events,foraging_hrs,foraging_sqhrs,staying_events,staying_hrs,staying_sqhrs,repairing_events,repairing_hrs,repairing_sqhrs,marauding_events,marauding_hrs,marauding_sqhrs,traveling_events,traveling_hrs,traveling_sqhrs
0,0.0,8,360.212943213652,0.0,0.0,572.0,69.27310522282043,14.274132178405834,1644.0,278.8209855021345,60.1877480426974,70.0,12.06069261303484,2.606553687804682,0.0,0.0,0.0,0.0,0.0,0.0
1,0.0,14,360.3319543533696,0.0,100.0,581.0,69.61005118832912,13.622936196139941,1572.0,269.54973468620125,57.48642811241059,119.0,20.84483367198599,4.613274480302367,0.0,0.0,0.0,0.0,0.0,0.0
2,0.054,9,360.07617024781376,100.0,0.0,566.0,69.82038540395752,14.432653696052666,1467.0,251.7926111325131,54.28224651589116,220.0,36.5970053945956,7.587462328227028,14.0,1.4000000000000001,0.14000000000000007,92.0,0.5547669875784849,0.0036865569272976706
3,0.0,5,360.07671194512034,100.0,100.0,570.0,70.44274357891291,14.328982542574849,1532.0,259.17158069774246,56.057888367789,180.0,30.50523972988653,6.480116301706623,0.0,0.0,0.0,0.0,0.0,0.0
4,0.0,8,359.8102401634492,200.0,0.0,557.0,70.42265066419918,14.170383048616845,1564.0,265.3298479164362,57.1224486070991,146.0,24.339630157519288,5.081513931473823,0.0,0.0,0.0,0.0,0.0,0.0
5,0.0,12,360.228889196971,200.0,100.0,561.0,70.52908945913411,15.066970108488201,1464.0,250.4396780244838,53.90854774097715,219.0,39.101381711474204,8.626505629538505,0.0,0.0,0.0,0.0,0.0,0.0
6,0.0,8,360.437641366398,300.0,0.0,553.0,73.68825507551877,15.806069021629018,1425.0,243.39745832325775,52.65619466300986,255.0,42.9196069377987,9.206169937177066,0.0,0.0,0.0,0.0,0.0,0.0
7,0.054,8,360.6179981895062,300.0,100.0,557.0,73.84398581938878,15.726165520121416,1657.0,277.21674652191234,58.73725999204989,37.0,6.012392046247573,1.2420604753187625,22.0,2.2000000000000006,0.22000000000000014,91.0,0.7368926729978413,0.007223079561042532
