id,probability_maraud,successful_mating,next_foraging_time,x_pos,y_pos,foraging_events,foraging_hrs,foraging_sqhrs,staying_events,staying_hrs,staying_sqhrs,repairing_events,repairing_hrs,repairing_sqhrs,marauding_events,marauding_hrs,marauding_sqhrs,traveling_events,traveling_hrs,traveling_sqhrs
0,0.0,6,359.9702157191976,0.0,0.0,579.0,73.54175786277327,15.052647083770783,1480.0,249.68321828789865,53.75535793898434,229.0,36.90582542219705,7.9217837612685615,0.0,0.0,0.0,0.0,0.0,0.0
1,0.054,11,360.42899146381643,0.0,100.0,571.0,71.31112491658789,13.755573216684372,1654.0,280.2399175095095,60.49158533303269,36.0,6.103125876044187,1.2670167819653226,16.0,1.6000000000000003,0.1600000000000001,105.0,0.9003157849448153,0.009066358024691364
2,0.0,9,360.29283557415425,100.0,0.0,563.0,71.94366270941941,15.525485748755711,1558.0,269.56556134672377,58.14616819013186,96.0,18.518519800189097,4.617205186547667,0.0,0.0,0.0,0.0,0.0,0.0
3,0.0,6,359.93129994600423,100.0,100.0,571.0,72.5163639627634,15.45178615591941,1441.0,239.37990361537575,50.55544044023194,285.0,48.2660374839734,10.460883491705683,0.0,0.0,0.0,0.0,0.0,0.0
4,0.0,14,360.2246684669586,200.0,0.0,570.0,66.51954113371355,12.024519952469307,1640.0,281.3060708333095,60.83929829403649,82.0,12.260191732536933,2.349391819998968,0.0,0.0,0.0,0.0,0.0,0.0
5,0.0,9,359.97740191473497,200.0,100.0,565.0,75.282898742246,15.913840554367383,1497.0,254.4294757951075,54.82087328711115,179.0,30.345371428718202,6.274800547604149,0.0,0.0,0.0,0.0,0.0,0.0
6,0.054,8,360.2509261157481,300.0,0.0,576.0,69.05629644179204,14.194016661785206,1682.0,282.6852792598987,60.191752569985915,38.0,6.021471948399144,1.2279505204712087,15.0,1.5000000000000002,0.15000000000000008,91.0,0.7604863348110624,0.007501714677640609
7,0.0,9,360.2230582696296,300.0,100.0,558.0,67.9656880739002,13.88269396335345,1535.0,261.57689325811447,56.26999591060587,184.0,30.45785685663932,6.862072952295119,0.0,0.0,0.0,0.0,0.0,0.0
