id,probability_maraud,successful_mating,next_foraging_time,x_pos,y_pos,foraging_events,foraging_hrs,foraging_sqhrs,staying_events,staying_hrs,staying_sqhrs,repairing_events,repairing_hrs,repairing_sqhrs,marauding_events,marauding_hrs,marauding_sqhrs,traveling_events,traveling_hrs,traveling_sqhrs
0,0.054,12,360.21175915853627,0.0,0.0,555.0,73.83605075981978,16.928966419837693,1411.0,238.20890250766683,50.729630828645924,272.0,46.15751249448092,9.982631629603645,13.0,1.3,0.13000000000000006,76.0,0.5290837367735821,0.004093792866941015
1,0.054,8,360.01742688765074,0.0,100.0,569.0,72.25221910920843,15.423193818752395,1342.0,225.34307871056933,47.58453194202223,380.0,61.182736357587046,12.652189738256787,8.0,0.7999999999999999,0.08000000000000002,73.0,0.4903566155606574,0.003686556927297669
2,0.054,8,360.4046067107041,100.0,0.0,555.0,71.24283192318231,16.58199306765675,1281.0,219.01432112556142,47.508226693348504,394.0,67.6674919542774,14.713565697699087,18.0,1.8000000000000005,0.1800000000000001,68.0,0.36659151011145197,0.002036179698216734
3,0.054,13,360.10194622477485,100.0,100.0,569.0,68.34129041816254,13.504305725430147,1229.0,211.1709975065704,46.460226955741426,474.0,79.47255820853697,16.808256736427126,9.0,0.8999999999999999,0.09000000000000002,54.0,0.27684717533899683,0.0014574759945130303
4,0.054,9,360.07823097586873,200.0,0.0,559.0,68.12137159898067,13.251066450556419,1421.0,241.82472796284299,52.4376300030939,276.0,48.49195360888321,10.494353645254046,11.0,1.0999999999999999,0.11000000000000004,70.0,0.47600242545237803,0.0035793895747599463
5,0.0,4,359.842945402251,200.0,100.0,561.0,71.11398894275203,15.118968640704303,1408.0,235.60788884988915,49.73553220143002,309.0,53.37723531205933,11.83503031642885,0.0,0.0,0.0,0.0,0.0,0.0
