id,probability_maraud,successful_mating,next_foraging_time,x_pos,y_pos,foraging_events,foraging_hrs,foraging_sqhrs,staying_events,staying_hrs,staying_sqhrs,repairing_events,repairing_hrs,repairing_sqhrs,marauding_events,marauding_hrs,marauding_sqhrs,traveling_events,traveling_hrs,traveling_sqhrs
0,0.054,13,360.3559806650394,0.0,0.0,570.0,69.83159683541163,14.010848257655155,1510.0,251.5729521523345,53.67196691442476,212.0,36.56136949421578,7.819980707784818,15.0,1.5000000000000002,0.15000000000000008,74.0,0.5364659286711381,0.004308127572016464
1,0.054,10,360.4108953283537,0.0,100.0,563.0,72.0110121712329,15.508177233029322,1431.0,236.87002645207323,49.89960218216911,284.0,49.235821745245026,10.86530745124628,14.0,1.4000000000000001,0.14000000000000007,92.0,0.6228402539002698,0.004715363511659814
2,0.0,10,360.1058821870065,100.0,0.0,563.0,72.90849363796066,15.939381957707702,1430.0,244.79543151100432,52.8295053689746,248.0,42.547717297254735,9.165296462247357,0.0,0.0,0.0,0.0,0.0,0.0
3,0.054,8,360.1895271851834,100.0,100.0,572.0,67.40258659250881,13.541737311273092,1284.0,212.69523960557083,45.07222371335494,475.0,79.15285823101291,16.583455802143607,5.0,0.5,0.05000000000000001,65.0,0.3488673104598492,0.0019290123456790105
4,0.054,5,360.0864601302468,200.0,0.0,568.0,70.7454708009816,15.568133708443098,1332.0,226.45779687112397,48.036009993897345,359.0,61.015736261580706,13.181469542948266,13.0,1.3,0.13000000000000006,69.0,0.4999550512758941,0.004008058984910839
5,0.054,8,360.5348073653276,200.0,100.0,555.0,73.54685488659713,16.140624716959245,1305.0,218.45651486804857,46.74582955151424,392.0,66.93261218224194,14.592110357118392,8.0,0.7999999999999999,0.08000000000000002,77.0,0.5096998821572931,0.0037722908093278484
