id,probability_maraud,successful_mating,next_foraging_time,x_pos,y_pos,foraging_events,foraging_hrs,foraging_sqhrs,staying_events,staying_hrs,staying_sqhrs,repairing_events,repairing_hrs,repairing_sqhrs,marauding_events,marauding_hrs,marauding_sqhrs,traveling_events,traveling_hrs,traveling_sqhrs
0,0.0,11,359.8732576026785,0.0,0.0,560.0,68.64301614475272,13.966217944676266,1430.0,242.50184193249723,52.05662038961022,277.0,48.86039821830023,10.984201619062656,0.0,0.0,0.0,0.0,0.0,0.0
1,0.054,5,360.7650175655159,0.0,100.0,580.0,69.05177755860484,14.276273341763396,1325.0,222.48101773618205,47.212379641845864,392.0,66.78350582533163,14.2427371010731,13.0,1.3,0.13000000000000006,80.0,0.5519332964854066,0.00424382716049383
2,0.054,9,360.53538069413156,100.0,0.0,564.0,78.96873124578941,18.805927283590727,1261.0,213.01292251994477,45.83363011454554,415.0,66.89824188116403,13.582051774200448,10.0,0.9999999999999999,0.10000000000000003,66.0,0.3630852169962634,0.002057613168724279
3,0.054,8,360.0808534968715,100.0,100.0,562.0,68.71549355453976,13.408539366602739,1439.0,246.66316500784933,53.32503324446654,258.0,42.81152381640507,9.167704176183653,14.0,1.4000000000000001,0.14000000000000007,89.0,0.4906609076726714,0.002786351165980796
4,0.054,11,360.25669492500117,200.0,0.0,560.0,73.795471766012,16.591772991454864,1372.0,235.58666229192488,51.29691845908877,275.0,48.90680751864438,10.877772537754678,13.0,1.3,0.13000000000000006,82.0,0.5773382764708891,0.004522462277091912
5,0.054,10,360.8099528839659,200.0,100.0,566.0,72.47240360332351,15.89810685266809,1239.0,209.0464535609327,44.503978277760226,469.0,77.30161825636176,16.061780767755426,8.0,0.7999999999999999,0.08000000000000002,66.0,0.4391625304096089,0.0032578875171467778
