id,probability_maraud,successful_mating,next_foraging_time,x_pos,y_pos,foraging_events,foraging_hrs,foraging_sqhrs,staying_events,staying_hrs,staying_sqhrs,repairing_events,repairing_hrs,repairing_sqhrs,marauding_events,marauding_hrs,marauding_sqhrs,traveling_events,traveling_hrs,traveling_sqhrs
0,0.054,10,359.74018486447716,0.0,0.0,563.0,70.93635783069017,14.898891860909952,1318.0,224.84518492342426,48.04447055941681,354.0,62.190976839152626,13.43981828553294,15.0,1.5000000000000002,0.15000000000000008,75.0,0.5470456664391061,0.004415294924554185
1,0.054,10,360.68475705652605,0.0,100.0,577.0,69.87502353030065,13.905217825998594,1169.0,202.75801188155413,43.93304568206211,521.0,85.57703980099367,17.915208293971002,13.0,1.3,0.13000000000000006,65.0,0.505419587792093,0.004286694101508918
2,0.054,13,360.78051861348786,100.0,0.0,569.0,71.34611867323714,14.891934407281523,1444.0,238.09585592629307,50.69495982519958,284.0,48.984919341429126,10.70141674073957,12.0,1.2,0.12000000000000005,93.0,0.4957558385216915,0.002722050754458163
3,0.054,9,360.03462060840735,100.0,100.0,559.0,77.05015809163818,17.507987171600753,1318.0,220.10648431147195,47.10736495150436,367.0,61.25485041514824,13.165229361409054,13.0,1.3,0.13000000000000006,75.0,0.3970812621375025,0.0021647805212620013
4,0.054,5,360.2246086240351,200.0,0.0,571.0,69.86541587228879,14.989800542516512,1345.0,227.6872733550286,49.25614826195674,339.0,60.817637446503824,13.368875189688143,12.0,1.2,0.12000000000000005,72.0,0.49257285937833833,0.003750857338820305
5,0.0,7,360.0709900797689,200.0,100.0,565.0,70.42772411214848,14.640512534319827,1276.0,216.67625854334202,46.98707282358427,418.0,73.09082206022757,15.928480685807306,0.0,0.0,0.0,0.0,0.0,0.0
