id,probability_maraud,successful_mating,next_foraging_time,x_pos,y_pos,foraging_events,foraging_hrs,foraging_sqhrs,staying_events,staying_hrs,staying_sqhrs,repairing_events,repairing_hrs,repairing_sqhrs,marauding_events,marauding_hrs,marauding_sqhrs,traveling_events,traveling_hrs,traveling_sqhrs
0,0.054,13,360.40596394836314,0.0,0.0,560.0,71.28944307241147,15.775250406005904,1313.0,219.60183646866395,46.212064312927055,379.0,66.96591729360404,14.902322868918816,16.0,1.6000000000000003,0.1600000000000001,78.0,0.5591081875802424,0.004393861454046642
1,0.0,10,359.8778235456746,0.0,100.0,567.0,68.36187867868946,12.994323513372006,1257.0,212.10608638051218,45.495023982913615,461.0,79.5911441435703,17.18964018873704,0.0,0.0,0.0,0.0,0.0,0.0
2,0.054,8,360.4401979423081,100.0,0.0,561.0,69.4249805784534,14.250072930723247,1192.0,203.55710047066924,43.57748185303883,492.0,85.42300468814865,18.995758148906656,13.0,1.3,0.13000000000000006,61.0,0.3169252042718321,0.0016932441700960204
3,0.054,8,360.14951848094677,100.0,100.0,581.0,72.67423845092563,14.99412517462986,1335.0,224.811608538665,47.670035300836425,363.0,60.756335502285665,12.848795969971032,14.0,1.4000000000000001,0.14000000000000007,73.0,0.3878220028782432,0.002121913580246912
4,0.054,6,360.0973163031868,200.0,0.0,567.0,71.732418444586,14.529292961912187,1310.0,220.0049945211256,46.79329521489086,395.0,66.80009199724884,14.276307543255236,11.0,1.0999999999999999,0.11000000000000004,62.0,0.40759002988877063,0.0030221193415637874
5,0.054,9,360.28849779216193,200.0,100.0,572.0,68.72794873210901,13.535772009211739,1500.0,253.13029084891843,54.1413272238706,208.0,36.44637814120032,7.776879673921004,11.0,1.0999999999999999,0.11000000000000004,90.0,0.6457912600541502,0.005101165980795617
