id,probability_maraud,successful_mating,next_foraging_time,x_pos,y_pos,foraging_events,foraging_hrs,foraging_sqhrs,staying_events,staying_hrs,staying_sqhrs,repairing_events,repairing_hrs,repairing_sqhrs,marauding_events,marauding_hrs,marauding_sqhrs,traveling_events,traveling_hrs,traveling_sqhrs
0,0.054,10,360.5753265264912,0.0,0.0,580.0,69.13993519418506,13.417955795763879,1392.0,236.3827155382214,51.14137844853739,290.0,51.999989650545245,11.902767476154738,19.0,1.9000000000000006,0.1900000000000001,86.0,0.5917228957903699,0.004565329218106998
1,0.054,10,360.2837352922417,0.0,100.0,566.0,68.2217053424848,13.20674977284937,1425.0,240.56229183103287,51.48335591518204,296.0,49.09421371579555,10.400613997429465,15.0,1.5000000000000002,0.15000000000000008,90.0,0.644207030238926,0.005165466392318249
2,0.054,8,360.03638299403343,100.0,0.0,569.0,68.24570092988778,13.77668712660612,1286.0,218.87133270375654,47.4425127598691,422.0,71.75253369886761,15.25261983509909,8.0,0.7999999999999999,0.08000000000000002,68.0,0.3608385439673812,0.0019718792866940996
3,0.0,8,360.1475502747504,100.0,100.0,565.0,72.03604677805775,15.053061393416352,1418.0,227.32101276638676,46.0716794711322,354.0,60.82466242291568,13.136495311520589,0.0,0.0,0.0,0.0,0.0,0.0
4,0.054,7,360.42450541383886,200.0,0.0,574.0,73.35604663730967,15.70420929950291,1221.0,206.07888150821475,43.802308288830595,454.0,79.35966453773177,17.123575434408487,8.0,0.7999999999999999,0.08000000000000002,66.0,0.4542051850241401,0.003429355281207134
5,0.054,10,360.0558022638373,200.0,100.0,556.0,71.63780057220086,15.614778067363318,1352.0,225.83556072787363,47.640738436751214,352.0,61.05012579001146,13.763601044333347,12.0,1.2,0.12000000000000005,67.0,0.5121944440085485,0.004286694101508917
