id,probability_maraud,successful_mating,next_foraging_time,x_pos,y_pos,foraging_events,foraging_hrs,foraging_sqhrs,staying_events,staying_hrs,staying_sqhrs,repairing_events,repairing_hrs,repairing_sqhrs,marauding_events,marauding_hrs,marauding_sqhrs,traveling_events,traveling_hrs,traveling_sqhrs
0,0.054,16,360.31272929806653,0.0,0.0,571.0,70.01361729827491,14.387163000531238,1423.0,239.55062123176467,51.37860447629227,285.0,48.729159393933095,10.557584170052309,11.0,1.0999999999999999,0.11000000000000004,91.0,0.6072917100466944,0.004522462277091911
1,0.054,7,360.48232360797925,0.0,100.0,565.0,67.3963175132622,13.639660284732125,1389.0,235.68728755990443,50.59072610349521,318.0,54.72929507237025,12.091170989285658,16.0,1.6000000000000003,0.1600000000000001,98.0,0.6400179762931753,0.004608196159122091
2,0.054,10,360.09048891616055,100.0,0.0,576.0,69.59014607100545,14.015292356011868,1162.0,197.51501459792178,42.37212361396602,536.0,91.47030250371044,19.569765982437584,12.0,1.2,0.12000000000000005,70.0,0.3796860801334251,0.002121913580246913
3,0.054,6,360.17817721982505,100.0,100.0,569.0,72.5642860833511,14.652743935542725,1336.0,225.0599039418103,48.44306005485107,340.0,60.47229561619991,13.301700020782526,16.0,1.6000000000000003,0.1600000000000001,82.0,0.4525005341211932,0.0025720164609053507
4,0.054,9,360.23063142800817,200.0,0.0,565.0,70.82348585924254,15.369063512345525,1304.0,220.81194818411865,47.25468908855698,416.0,67.28361537947029,14.179416294083659,8.0,0.7999999999999999,0.08000000000000002,66.0,0.4732295927817026,0.003750857338820303
5,0.0,6,360.0464320391362,200.0,100.0,557.0,68.53875202608151,14.294852149049763,1360.0,230.39286774343242,49.00520170445586,346.0,61.08586135176716,13.489334423832691,0.0,0.0,0.0,0.0,0.0,0.0
