id,probability_maraud,successful_mating,next_foraging_time,x_pos,y_pos,foraging_events,foraging_hrs,foraging_sqhrs,staying_events,staying_hrs,staying_sqhrs,repairing_events,repairing_hrs,repairing_sqhrs,marauding_events,marauding_hrs,marauding_sqhrs,traveling_events,traveling_hrs,traveling_sqhrs
0,0.054,8,360.4080667086752,0.0,0.0,573.0,69.98486410057414,13.986735200710894,1462.0,245.86346975350418,52.888458489190576,256.0,43.23449442952088,9.255906589500903,6.0,0.6,0.06000000000000001,67.0,0.45748390693385954,0.0034507887517146786
1,0.054,12,359.98165646214653,0.0,100.0,562.0,67.90142935410506,13.648954250614231,1213.0,205.088130686749,43.814278355094615,495.0,85.47219390279128,18.619316556892343,11.0,1.0999999999999999,0.11000000000000004,76.0,0.5016349766433299,0.0036865569272976706
2,0.0,3,360.04790537907337,100.0,0.0,557.0,72.49267356348247,16.4771205893681,1321.0,226.71602131066254,49.692395736984835,366.0,60.81584767729078,12.975975983387327,0.0,0.0,0.0,0.0,0.0,0.0
3,0.054,11,360.5535859289895,100.0,100.0,562.0,73.00487328493043,16.45859743238322,1210.0,206.9209719352533,44.91726948985131,457.0,78.43415178244977,16.885672579615647,13.0,1.3,0.13000000000000006,74.0,0.4039575647960144,0.002271947873799725
4,0.054,10,360.3983054567092,200.0,0.0,574.0,69.61276334607818,13.769307214368654,1546.0,257.9734137831368,54.92882095882504,192.0,30.513854417726527,6.127434593781112,14.0,1.4000000000000001,0.14000000000000007,89.0,0.5822563357283906,0.0042438271604938295
5,0.054,10,360.73337504185236,200.0,100.0,568.0,68.7086088692929,13.824135760967328,1353.0,233.92818570119044,50.38470296051272,325.0,55.532774804273316,12.077465181300903,14.0,1.4000000000000001,0.14000000000000007,76.0,0.5013972466294085,0.00364368998628258
