id,probability_maraud,successful_mating,next_foraging_time,x_pos,y_pos,foraging_events,foraging_hrs,foraging_sqhrs,staying_events,staying_hrs,staying_sqhrs,repairing_events,repairing_hrs,repairing_sqhrs,marauding_events,marauding_hrs,marauding_sqhrs,traveling_events,traveling_hrs,traveling_sqhrs
0,0.054,14,360.1232453134822,0.0,0.0,557.0,69.79854406516455,14.358412223469902,1177.0,196.78841386446493,42.19914187753374,553.0,91.93627077343989,19.31576164626319,13.0,1.3,0.13000000000000006,55.0,0.37765686671571463,0.002872085048010975
1,0.054,9,360.1050054891563,0.0,100.0,572.0,60.116626773858734,10.076831619581776,1493.0,255.46814436267996,55.044979314036205,250.0,42.57108812832786,9.282448243482786,13.0,1.3,0.13000000000000006,83.0,0.5735333949193766,0.004415294924554189
2,0.054,7,360.1583109252397,100.0,0.0,572.0,69.8281105610624,14.068277361507837,1295.0,218.8160645378245,47.10542694172886,430.0,69.88335316026394,15.100876449088897,12.0,1.2,0.12000000000000005,71.0,0.3939039866698393,0.00225051440329218
3,0.0,5,360.0043476716275,100.0,100.0,556.0,70.54259907983382,14.948309430250779,1327.0,223.41580091659642,47.901565157362,398.0,66.04489251544793,13.879661026424188,0.0,0.0,0.0,0.0,0.0,0.0
4,0.054,15,360.24313653821855,200.0,0.0,574.0,69.85733421533824,13.66395236651621,1460.0,245.67073794411874,52.49897422856091,259.0,42.565519416430305,8.642676130630754,16.0,1.6000000000000003,0.1600000000000001,81.0,0.560995413750398,0.004308127572016463
5,0.054,4,360.3229996991373,200.0,100.0,569.0,70.80882440539497,14.903995231394056,1240.0,208.4921173610976,43.66269184893954,472.0,79.16846257759266,16.942214307884335,11.0,1.0999999999999999,0.11000000000000004,70.0,0.48358175934420156,0.003729423868312758
