id,probability_maraud,successful_mating,next_foraging_time,x_pos,y_pos,foraging_events,foraging_hrs,foraging_sqhrs,staying_events,staying_hrs,staying_sqhrs,repairing_events,repairing_hrs,repairing_sqhrs,marauding_events,marauding_hrs,marauding_sqhrs,traveling_events,traveling_hrs,traveling_sqhrs
0,0.054,11,359.8449845134097,0.0,0.0,566.0,68.10988259373755,14.01940663024185,1250.0,210.35173908815324,44.92451483991567,492.0,79.71713708978633,16.66941829185103,13.0,1.3,0.13000000000000006,89.0,0.6209225985189126,0.004822530864197535
1,0.054,10,359.7922520826835,0.0,100.0,570.0,68.92563294938827,13.724993165263124,1474.0,241.61549428328655,50.69120085023441,285.0,46.9364360152866,10.099025455178538,20.0,2.0000000000000004,0.20000000000000012,83.0,0.5655946141688263,0.004308127572016464
2,0.054,2,360.2035714999244,100.0,0.0,572.0,69.8352300142865,14.255215071959952,1276.0,215.33284755616464,45.91765838962585,444.0,73.71837902640301,15.199304702757845,8.0,0.7999999999999999,0.08000000000000002,70.0,0.38735670165885294,0.0022076474622770913
3,0.054,7,360.0368777737395,100.0,100.0,563.0,69.90927778208956,14.000607711610396,1332.0,222.08105780181626,47.29604973495496,395.0,67.15837114701463,14.0374567701527,6.0,0.6,0.06000000000000001,72.0,0.37360409634182895,0.0019933127572016444
4,0.054,10,360.03088190685185,200.0,0.0,565.0,71.67516598949959,14.421465008065773,1377.0,237.1629396208002,51.87970263431651,287.0,48.92972806600432,10.174326381888966,17.0,1.7000000000000004,0.1700000000000001,79.0,0.5631102111260227,0.004436728395061732
5,0.0,14,360.9018727300911,200.0,100.0,576.0,70.09446569344638,14.04706666272883,1259.0,216.96884588942405,46.671610136277614,442.0,73.03705287641753,15.256727762000052,0.0,0.0,0.0,0.0,0.0,0.0
