id,probability_maraud,successful_mating,next_foraging_time,x_pos,y_pos,foraging_events,foraging_hrs,foraging_sqhrs,staying_events,staying_hrs,staying_sqhrs,repairing_events,repairing_hrs,repairing_sqhrs,marauding_events,marauding_hrs,marauding_sqhrs,traveling_events,traveling_hrs,traveling_sqhrs
0,0.054,13,360.1654441656936,0.0,0.0,561.0,74.41767361652903,15.747172647014454,1309.0,222.52983228026412,47.630589958142025,357.0,61.654725704184976,13.685441408084106,10.0,0.9999999999999999,0.10000000000000003,77.0,0.5356310217845688,0.004136659807956107
1,0.054,10,360.0678366094236,0.0,100.0,564.0,71.39957212047835,15.316159021039205,1410.0,237.850492368978,51.04307961800226,290.0,48.6743422890611,10.356733686137545,15.0,1.5000000000000002,0.15000000000000008,82.0,0.5776064356960117,0.0045438957475994555
2,0.054,8,360.03000627454105,100.0,0.0,564.0,73.50858832533191,15.140162784120243,1298.0,211.6603964516988,43.664563778068846,436.0,73.11549032006558,15.61831042593813,15.0,1.5000000000000002,0.15000000000000008,75.0,0.40666953904428715,0.002271947873799725
3,0.0,11,360.05792690396305,100.0,100.0,574.0,73.15020778580312,15.57287635656296,1202.0,201.5777041463924,42.62553405007209,508.0,85.34213041923745,18.336194910394532,0.0,0.0,0.0,0.0,0.0,0.0
4,0.054,2,360.37036105764537,200.0,0.0,567.0,70.56289598776426,15.144514232678379,1441.0,238.87429011211287,50.74225185540245,291.0,48.874041884286584,10.47370954211825,13.0,1.3,0.13000000000000006,80.0,0.5669861099083899,0.004458161865569276
5,0.054,10,360.85803558161336,200.0,100.0,566.0,69.43640106910921,14.403580421669098,1285.0,221.94584856414866,48.65184435278364,384.0,67.33497091632731,14.884693513590332,10.0,0.9999999999999999,0.10000000000000003,68.0,0.4560721407915467,0.003450788751714681
