id,probability_maraud,successful_mating,next_foraging_time,x_pos,y_pos,foraging_events,foraging_hrs,foraging_sqhrs,staying_events,staying_hrs,staying_sqhrs,repairing_events,repairing_hrs,repairing_sqhrs,marauding_events,marauding_hrs,marauding_sqhrs,traveling_events,traveling_hrs,traveling_sqhrs
0,0.054,7,360.60744097673563,0.0,0.0,562.0,70.6877350632832,13.789311919602486,1384.0,231.94686565877933,49.55931197429041,319.0,55.37982579952032,12.056814129939598,15.0,1.5000000000000002,0.15000000000000008,98.0,0.6762404240605471,0.005165466392318247
1,0.054,9,360.134069822184,0.0,100.0,569.0,68.97196481258959,14.277606711786849,1347.0,228.17930562008488,49.37467463468427,377.0,61.527730712844644,12.801874161823685,10.0,0.9999999999999999,0.10000000000000003,80.0,0.5405288106393211,0.004093792866941018
2,0.0,9,360.3260209080452,100.0,0.0,557.0,68.45446783483638,14.332206917210279,1144.0,198.46276698594752,43.199784696301485,541.0,93.38727353360964,20.205923597241704,0.0,0.0,0.0,0.0,0.0,0.0
3,0.054,9,360.1403313320845,100.0,100.0,547.0,71.52460687227607,15.719093718510743,1338.0,231.284922709196,50.61314015385975,311.0,55.40705796371481,12.03978105450711,15.0,1.5000000000000002,0.15000000000000008,82.0,0.431406324926267,0.002336248285322359
4,0.054,9,360.1388244389099,200.0,0.0,561.0,66.40983740666235,12.89803762789572,1428.0,242.86275379045728,52.8596015596513,283.0,48.659531823781826,10.454655332986588,16.0,1.6000000000000003,0.1600000000000001,77.0,0.5086171336625055,0.0037937242798353936
5,0.054,11,360.2189758011416,200.0,100.0,564.0,72.76837282278717,15.540539824630827,1245.0,212.78756323384135,46.06773980948173,417.0,73.22406906053286,16.18648199962929,8.0,0.7999999999999999,0.08000000000000002,74.0,0.5334553659865413,0.004265260631001375
