id,probability_maraud,successful_mating,next_foraging_time,x_pos,y_pos,foraging_events,foraging_hrs,foraging_sqhrs,staying_events,staying_hrs,staying_sqhrs,repairing_events,repairing_hrs,repairing_sqhrs,marauding_events,marauding_hrs,marauding_sqhrs,traveling_events,traveling_hrs,traveling_sqhrs
0,0.054,11,360.03368680208933,0.0,0.0,569.0,70.19467232447016,13.857280890818812,1221.0,209.54197295188885,44.76246348127,488.0,78.7512241137328,15.996894488592744,10.0,0.9999999999999999,0.10000000000000003,71.0,0.5133482097341913,0.004093792866941017
1,0.054,10,360.04616391303836,0.0,100.0,557.0,70.97880934072074,14.705280265762221,1411.0,244.52021044830227,52.87726624826125,246.0,42.83002616243848,9.252178241432125,12.0,1.2,0.12000000000000005,74.0,0.49744021902188923,0.0037722908093278493
2,0.054,7,360.15279723426954,100.0,0.0,556.0,70.05933813307051,15.213066190117832,1432.0,239.31230577541146,51.11273888853745,299.0,49.04482223025912,10.408258170174499,11.0,1.0999999999999999,0.11000000000000004,99.0,0.5312042378248971,0.0029363854595336096
3,0.0,8,360.0548359072862,100.0,100.0,549.0,69.1861672835573,14.73430030048512,1280.0,216.56201742555197,46.93613093656303,434.0,74.31111577675675,16.206243688729877,0.0,0.0,0.0,0.0,0.0,0.0
4,0.054,13,360.5007969286348,200.0,0.0,563.0,69.43498547138131,14.594793787856553,1285.0,222.39718236448834,48.439731245827566,403.0,66.94818397112626,14.062943617347116,9.0,0.8999999999999999,0.09000000000000002,68.0,0.4634746030918516,0.003515089163237314
5,0.054,5,359.81458060337206,200.0,100.0,571.0,69.17126828090294,12.944260732363185,1414.0,237.0434375292341,50.7096202359231,311.0,51.426776897871676,11.024253002702705,18.0,1.8000000000000005,0.1800000000000001,90.0,0.64844237588002,0.005186899862825794
