id,probability_maraud,successful_mating,next_foraging_time,x_pos,y_pos,foraging_events,foraging_hrs,foraging_sqhrs,staying_events,staying_hrs,staying_sqhrs,repairing_events,repairing_hrs,repairing_sqhrs,marauding_events,marauding_hrs,marauding_sqhrs,traveling_events,traveling_hrs,traveling_sqhrs
0,0.054,12,360.32353391776553,0.0,0.0,582.0,71.92287875059073,14.668800204816618,1338.0,225.62243016569974,48.50039257712167,358.0,61.18303084566496,13.087762009507019,9.0,0.8999999999999999,0.09000000000000002,77.0,0.511916125974974,0.003793724279835392
1,0.054,7,360.29144625984975,0.0,100.0,570.0,72.64772829908873,16.511763128053616,1297.0,214.37616749639315,45.44077290224908,421.0,71.75782875588298,15.576135381720299,9.0,0.8999999999999999,0.09000000000000002,71.0,0.48626330438127313,0.0037508573388203054
2,0.054,11,360.23102679949545,100.0,0.0,579.0,67.1799173599135,13.184653910723522,1533.0,260.64006750635895,56.42561606294261,190.0,30.35295158709286,6.440990327852487,14.0,1.4000000000000001,0.14000000000000007,109.0,0.5813358448839074,0.0031935871056241465
3,0.054,6,360.0754493980023,100.0,100.0,572.0,67.91730746560555,14.370091481502682,1393.0,235.61695151834476,50.564728809204276,332.0,54.96795873226183,11.977370976598502,12.0,1.2,0.12000000000000005,69.0,0.3731387951224386,0.002079046639231823
4,0.054,11,360.11752273421337,200.0,0.0,559.0,69.3397648756727,14.350616482241785,1355.0,227.7619789652228,48.587129170662536,360.0,61.18647286912373,13.607253703532606,12.0,1.2,0.12000000000000005,82.0,0.5729362180467289,0.004458161865569278
5,0.0,7,360.20716859656653,200.0,100.0,560.0,67.0144425251212,13.20118653916609,1425.0,237.89008850193923,50.297277671043744,321.0,55.15047672759885,12.020443691134506,0.0,0.0,0.0,0.0,0.0,0.0
