id,probability_maraud,successful_mating,next_foraging_time,x_pos,y_pos,foraging_events,foraging_hrs,foraging_sqhrs,staying_events,staying_hrs,staying_sqhrs,repairing_events,repairing_hrs,repairing_sqhrs,marauding_events,marauding_hrs,marauding_sqhrs,traveling_events,traveling_hrs,traveling_sqhrs
0,0.0,10,360.050550867416,0.0,0.0,569.0,72.95346569314158,15.855842936104617,1262.0,207.8689697125804,44.099376561984116,475.0,79.22366093661265,16.48804576520084,0.0,0.0,0.0,0.0,0.0,0.0
1,0.054,14,360.38198223420085,0.0,100.0,571.0,69.13543835511925,14.131490714750894,1437.0,245.89682515428004,53.647914905149584,243.0,42.809601955326166,9.628801777862403,16.0,1.6000000000000003,0.1600000000000001,90.0,0.6176438766091935,0.004715363511659813
2,0.054,5,360.6129149274872,100.0,0.0,572.0,70.07746920968644,14.60833779143313,1259.0,215.75931938139968,45.92298276888813,439.0,73.0204213945878,15.721042180086911,8.0,0.7999999999999999,0.08000000000000002,66.0,0.3573322508521926,0.0019933127572016444
3,0.054,8,360.015816873029,100.0,100.0,559.0,69.62157068021703,13.741513462124114,1441.0,246.30717363859304,53.24469093599221,260.0,42.782783415698354,9.184838559944687,12.0,1.2,0.12000000000000005,78.0,0.422476083314533,0.002357681755829904
4,0.054,10,359.9696601113462,200.0,0.0,571.0,71.55496152915616,15.124754072622338,1315.0,216.62349990911312,44.99783949045253,417.0,70.32751457317933,14.78277305306136,12.0,1.2,0.12000000000000005,83.0,0.576513528392772,0.004479595336076822
5,0.054,7,360.0284197772813,200.0,100.0,556.0,71.05435844689278,15.295859939314843,1362.0,234.41101321071923,50.48929211146786,308.0,52.82168701949419,11.474930104821143,12.0,1.2,0.12000000000000005,104.0,0.691222220252676,0.00512259945130316
