id,probability_maraud,successful_mating,next_foraging_time,x_pos,y_pos,foraging_events,foraging_hrs,foraging_sqhrs,staying_events,staying_hrs,staying_sqhrs,repairing_events,repairing_hrs,repairing_sqhrs,marauding_events,marauding_hrs,marauding_sqhrs,traveling_events,traveling_hrs,traveling_sqhrs
0,0.0,7,360.0817298848523,0.0,0.0,575.0,71.02527730107356,14.661664464808876,1345.0,227.56758188327234,48.63861397531757,383.0,61.43258229475254,12.424604302820656,0.0,0.0,0.0,0.0,0.0,0.0
1,0.054,12,360.25677036486087,0.0,100.0,581.0,66.33922679399608,12.793986564973347,1479.0,254.7435919377137,55.519931875865375,214.0,36.46071644670206,7.7524388032668625,18.0,1.8000000000000005,0.1800000000000001,93.0,0.6903163433494068,0.005701303155006865
2,0.054,4,360.6361406829752,100.0,0.0,571.0,67.75160722354414,13.564232544134557,1277.0,218.08650366733937,46.71777718521215,424.0,73.49538534914649,15.65970731071393,4.0,0.4,0.04000000000000001,59.0,0.3172542219193575,0.001757544581618654
3,0.054,13,360.0257861126705,100.0,100.0,558.0,69.21680191910642,14.465032927875075,1350.0,228.87792464809732,49.07652652606188,344.0,60.974044042282614,13.420581122810189,7.0,0.7,0.07,64.0,0.3442376808302195,0.0019075788751714662
4,0.054,9,360.0262569483742,200.0,0.0,567.0,72.5900715934601,15.936837847071553,1129.0,193.8798834997513,42.25961818906067,519.0,91.80677664849068,20.12742595312454,14.0,1.4000000000000001,0.14000000000000007,66.0,0.4451836557788022,0.0033436213991769556
5,0.054,9,360.4272951221892,200.0,100.0,568.0,74.61988245636095,15.943569337856776,1432.0,240.56353127705006,50.791918226273175,248.0,42.57690749739496,9.185891172391031,17.0,1.7000000000000004,0.1700000000000001,93.0,0.6473798977879817,0.005015432098765437
