id,probability_maraud,successful_mating,next_foraging_time,x_pos,y_pos,foraging_events,foraging_hrs,foraging_sqhrs,staying_events,staying_hrs,staying_sqhrs,repairing_events,repairing_hrs,repairing_sqhrs,marauding_events,marauding_hrs,marauding_sqhrs,traveling_events,traveling_hrs,traveling_sqhrs
0,0.054,6,360.28478499582576,0.0,0.0,573.0,69.15865428363001,14.620171171182262,1170.0,197.5240829379357,42.34299061471246,553.0,91.38684997800912,18.88928411839377,15.0,1.5000000000000002,0.15000000000000008,69.0,0.48546898551435724,0.0038151577503429367
1,0.054,6,360.0704444922667,0.0,100.0,568.0,71.1436933440693,15.239339528633089,1145.0,189.68763636687717,39.84940066460692,558.0,97.67888921648407,21.387571618205538,11.0,1.0999999999999999,0.11000000000000004,75.0,0.507853244006791,0.0038365912208504823
2,0.054,12,360.4669987387831,100.0,0.0,568.0,72.62960036315111,15.24464823921342,1448.0,242.42090574441985,51.23449629740309,240.0,43.096645208070484,9.905944315896907,15.0,1.5000000000000002,0.15000000000000008,85.0,0.4568011461032974,0.002529149519890261
3,0.054,10,360.369496246477,100.0,100.0,560.0,73.23168675482313,15.078309849891179,1245.0,211.5249873053798,45.76949568241884,408.0,73.1539276680831,16.146627791561258,17.0,1.7000000000000004,0.1700000000000001,87.0,0.4775663376506983,0.002700617283950617
4,0.054,12,360.0986012722343,200.0,0.0,574.0,72.56930728549617,15.240349412531584,1383.0,230.93361777179865,49.05006295324815,316.0,54.64173440371544,11.920507943169095,13.0,1.3,0.13000000000000006,88.0,0.6274698835298992,0.004951131687242803
5,0.0,8,360.0601783342906,200.0,100.0,567.0,72.82135382686934,15.61420887977632,1289.0,213.81881395288508,45.37567048881502,449.0,73.50110960493677,15.364417110647075,0.0,0.0,0.0,0.0,0.0,0.0
