id,probability_maraud,successful_mating,next_foraging_time,x_pos,y_pos,foraging_events,foraging_hrs,foraging_sqhrs,staying_events,staying_hrs,staying_sqhrs,repairing_events,repairing_hrs,repairing_sqhrs,marauding_events,marauding_hrs,marauding_sqhrs,traveling_events,traveling_hrs,traveling_sqhrs
0,0.0,9,360.32593839865996,0.0,0.0,574.0,70.17276006369042,13.781048320726883,1248.0,216.4361393060131,47.645884778336296,429.0,73.55578609486348,15.910862756312426,0.0,0.0,0.0,0.0,0.0,0.0
1,0.054,5,359.9236512307741,0.0,100.0,565.0,70.70055840420365,15.136124039843828,1341.0,226.72381977429097,48.75933810979211,371.0,61.387873466412486,12.980211434358818,9.0,0.8999999999999999,0.09000000000000002,78.0,0.53586875179849,0.004136659807956106
2,0.054,7,359.97671595214837,100.0,0.0,557.0,68.97559027015785,14.111529342278605,1324.0,227.84760885537375,49.87001885017583,348.0,61.11598044942569,13.271250903050753,18.0,1.8000000000000005,0.1800000000000001,86.0,0.4537601542074994,0.0024648491083676272
3,0.054,11,360.34351071524446,100.0,100.0,568.0,70.12281410620261,15.546980158449767,1420.0,238.23034827403734,50.501071278224025,301.0,49.47790527853064,10.202138536744947,17.0,1.7000000000000004,0.1700000000000001,93.0,0.49767349390304844,0.002743484224965709
4,0.054,6,359.9733395221655,200.0,0.0,568.0,68.83931757474114,13.930264960764612,1251.0,210.64392540211477,45.464740452019306,448.0,79.24353939188335,17.167187509473028,9.0,0.8999999999999999,0.09000000000000002,71.0,0.49522397520420824,0.0038794581618655714
5,0.054,16,360.0846140369094,200.0,100.0,566.0,73.64564101750832,15.57772571421773,1304.0,223.8373572893012,48.47179154619205,359.0,61.216973197397785,13.031736473081935,10.0,0.9999999999999999,0.10000000000000003,63.0,0.43315156384886755,0.0033436213991769564
