id,probability_maraud,successful_mating,next_foraging_time,x_pos,y_pos,foraging_events,foraging_hrs,foraging_sqhrs,staying_events,staying_hrs,staying_sqhrs,repairing_events,repairing_hrs,repairing_sqhrs,marauding_events,marauding_hrs,marauding_sqhrs,traveling_events,traveling_hrs,traveling_sqhrs
0,0.054,9,360.38097675825003,0.0,0.0,567.0,67.42099958901595,13.151269138486137,1454.0,254.02559737511402,55.87400036446678,218.0,36.50108175097422,7.560589762566007,15.0,1.5000000000000002,0.15000000000000008,103.0,0.6726326845033026,0.004908264746227713
1,0.054,11,360.12715249044,0.0,100.0,561.0,69.78108629540799,14.570035713810285,1309.0,227.30835753591955,49.249253280935896,379.0,61.58865142200732,12.759386825945205,9.0,0.8999999999999999,0.09000000000000002,74.0,0.503719344807753,0.0038365912208504827
2,0.054,7,360.4700150554834,100.0,0.0,560.0,69.00110526869008,14.246279000171025,1391.0,234.44525591404897,50.19200679304355,342.0,55.163494137438796,11.70477853418213,10.0,0.9999999999999999,0.10000000000000003,76.0,0.3921226148603474,0.0020790466392318226
3,0.054,12,360.2647770171297,100.0,100.0,554.0,68.74921144121248,13.854513968202077,1320.0,223.40959350670812,47.35081233322369,405.0,66.8191447674979,13.886964869340249,7.0,0.7,0.07,80.0,0.4317353425737923,0.0024005486968449925
4,0.054,7,360.22238667766754,200.0,0.0,568.0,73.15224881974527,15.868433497349395,1306.0,217.69372166633624,46.22105890873734,404.0,67.56490877144113,14.616001599106033,11.0,1.0999999999999999,0.11000000000000004,75.0,0.5392387613418135,0.004265260631001374
5,0.0,8,360.08866665725947,200.0,100.0,562.0,65.75986596814283,12.550156685787405,1601.0,271.4526022069313,58.78880689438535,135.0,22.787982154832633,4.76773473091075,0.0,0.0,0.0,0.0,0.0,0.0
