id,probability_maraud,successful_mating,next_foraging_time,x_pos,y_pos,foraging_events,foraging_hrs,foraging_sqhrs,staying_events,staying_hrs,staying_sqhrs,repairing_events,repairing_hrs,repairing_sqhrs,marauding_events,marauding_hrs,marauding_sqhrs,traveling_events,traveling_hrs,traveling_sqhrs
0,0.054,17,360.1540192803323,0.0,0.0,564.0,69.08614823425789,14.010140045149955,1487.0,246.28156857387967,51.20051859398792,259.0,42.707769009342776,9.249875608571454,15.0,1.5000000000000002,0.15000000000000008,85.0,0.596322096208798,0.004693930041152268
1,0.054,8,360.0740610808644,0.0,100.0,544.0,71.40452916505116,15.077303832367356,1462.0,249.80687918160993,53.759631598534945,214.0,36.546029713906094,8.112474802167549,17.0,1.7000000000000004,0.1700000000000001,88.0,0.6023432215779915,0.0046510631001371785
2,0.054,7,360.0978318826057,100.0,0.0,564.0,75.71395146895485,17.605567713497216,1247.0,210.12015348769467,44.778472769375846,420.0,73.36908831106155,15.923941801054626,7.0,0.7,0.07,74.0,0.3847810109824452,0.0020576131687242787
3,0.0,5,360.0220684142295,100.0,100.0,579.0,71.45144410344629,14.719945842830873,1170.0,199.64449069200364,42.85880006491627,527.0,89.08374452324188,18.719204436779744,0.0,0.0,0.0,0.0,0.0,0.0
4,0.054,6,360.4709664770491,200.0,0.0,568.0,70.42667315305897,14.786427654244749,1286.0,214.3890482140592,45.634702390521916,433.0,73.64537010609513,15.725660289220547,11.0,1.0999999999999999,0.11000000000000004,70.0,0.524196106727282,0.004308127572016462
5,0.054,11,360.41502465706753,200.0,100.0,557.0,66.70140615703727,13.54429928097948,1579.0,261.36075538297075,55.038046146934114,178.0,30.836670709199296,6.780441599523013,7.0,0.7,0.07,86.0,0.6135201362186078,0.004886831275720171
