id,probability_maraud,successful_mating,next_foraging_time,x_pos,y_pos,foraging_events,foraging_hrs,foraging_sqhrs,staying_events,staying_hrs,staying_sqhrs,repairing_events,repairing_hrs,repairing_sqhrs,marauding_events,marauding_hrs,marauding_sqhrs,traveling_events,traveling_hrs,traveling_sqhrs
0,0.054,8,360.17084652037767,0.0,0.0,559.0,69.99163747761574,14.562815303056771,1363.0,227.89162908576577,48.42904161857379,347.0,61.0216961825763,13.446531350495313,6.0,0.6,0.06000000000000001,84.0,0.5721418991798126,0.004350994513031553
1,0.054,12,360.3396422087224,0.0,100.0,568.0,71.77632999888111,15.798465615071583,1338.0,224.97020611203513,48.114525006286065,346.0,61.251796335904935,13.980956787169765,16.0,1.6000000000000003,0.1600000000000001,71.0,0.5023684370878426,0.0039651920438957475
2,0.054,7,360.04473612216674,100.0,0.0,572.0,70.92526995763474,14.522934730039696,1429.0,238.3861328963557,50.54134964772746,291.0,49.22581515264809,10.431501743006832,12.0,1.2,0.12000000000000005,75.0,0.41817547133242877,0.002400548696844993
3,0.054,10,360.2935390594772,100.0,100.0,556.0,71.75085057309225,15.165142319639637,1472.0,244.33581421462765,51.49230469277853,257.0,42.56726604962609,8.984260772975185,10.0,0.9999999999999999,0.10000000000000003,81.0,0.4440355937288495,0.0025077160493827155
4,0.0,5,360.7567933976502,200.0,0.0,565.0,73.29819908878709,15.655707131121952,1228.0,213.06871205564283,46.071622083256614,442.0,73.85266200683492,15.867777172313398,0.0,0.0,0.0,0.0,0.0,0.0
5,0.054,12,360.3093260161665,200.0,100.0,562.0,70.66551797419832,15.159749147945558,1514.0,251.4872798293616,53.16933906616809,218.0,36.50741074330642,7.826740784498824,10.0,0.9999999999999999,0.10000000000000003,79.0,0.5222682925374731,0.0038580246913580258
