id,probability_maraud,successful_mating,next_foraging_time,x_pos,y_pos,foraging_events,foraging_hrs,foraging_sqhrs,staying_events,staying_hrs,staying_sqhrs,repairing_events,repairing_hrs,repairing_sqhrs,marauding_events,marauding_hrs,marauding_sqhrs,traveling_events,traveling_hrs,traveling_sqhrs
0,0.054,4,360.2591325976854,0.0,0.0,550.0,71.44035868263065,15.14225374299852,1469.0,249.85072836302533,53.37781705805372,215.0,36.99964697376573,8.12512854029738,13.0,1.3,0.13000000000000006,81.0,0.5549742883812046,0.004222393689986285
1,0.054,11,359.9692723758047,0.0,100.0,580.0,70.83780407946533,14.253148152422858,1441.0,246.07566511312467,53.16014469194957,245.0,41.649673262108045,9.02673267237607,9.0,0.8999999999999999,0.09000000000000002,76.0,0.5487560210177433,0.004329561042524007
2,0.054,8,360.15376959326227,100.0,0.0,561.0,67.9177703565474,13.0290074577062,1346.0,223.56776269237955,47.23783252257593,389.0,67.24658848056781,14.321650334346536,11.0,1.0999999999999999,0.11000000000000004,84.0,0.4598421379990955,0.002593449931412895
3,0.054,11,360.22027151040794,100.0,100.0,578.0,69.15219024347795,13.758328610004217,1429.0,242.64776647325814,52.844789793398654,289.0,46.767506726474636,9.787063828514915,11.0,1.0999999999999999,0.11000000000000004,74.0,0.4039575647960144,0.002271947873799724
4,0.054,14,360.08741565982626,200.0,0.0,552.0,71.26976526608097,15.527182101352842,1317.0,222.6983804150142,47.63880159188529,366.0,64.60191216749668,14.67686110846739,10.0,0.9999999999999999,0.10000000000000003,66.0,0.4443893369118864,0.003322187928669411
5,0.0,6,360.3798146200083,200.0,100.0,560.0,69.48773622400871,14.499754474834301,1279.0,222.94733126691395,49.10648381273144,396.0,67.59160039246807,14.578508860906934,0.0,0.0,0.0,0.0,0.0,0.0
