id,probability_maraud,successful_mating,next_foraging_time,x_pos,y_pos,foraging_events,foraging_hrs,foraging_sqhrs,staying_events,staying_hrs,staying_sqhrs,repairing_events,repairing_hrs,repairing_sqhrs,marauding_events,marauding_hrs,marauding_sqhrs,traveling_events,traveling_hrs,traveling_sqhrs
0,0.054,11,359.98231247918295,0.0,0.0,567.0,66.69326397567463,12.696183892882024,1552.0,261.03358210616653,56.43703011207585,177.0,30.67655149864872,6.5566858965695145,10.0,0.9999999999999999,0.10000000000000003,88.0,0.6012401554662996,0.004586762688614545
1,0.054,10,359.97461304105366,0.0,100.0,568.0,66.98376501935083,13.587392071154069,1380.0,235.89092153293697,50.71249987936291,330.0,55.15338479134373,11.803370871006086,15.0,1.5000000000000002,0.15000000000000008,94.0,0.6489989647330147,0.004993998628257893
2,0.054,9,360.63436671317567,100.0,0.0,584.0,73.56945541558748,15.730312408227002,1291.0,218.4864927451056,46.670890763658996,408.0,67.0661441843596,14.268294050329104,9.0,0.8999999999999999,0.09000000000000002,62.0,0.340731387715031,0.0019290123456790105
3,0.054,8,360.07721602490335,100.0,100.0,568.0,70.47687510238107,15.213367188673852,1427.0,239.13659273476634,50.75780363257931,301.0,48.967603996088094,10.179206830218341,11.0,1.0999999999999999,0.11000000000000004,65.0,0.3565379319852769,0.002014746227709189
4,0.054,9,360.6610559958002,200.0,0.0,577.0,71.6872197180506,14.493803492853035,1222.0,207.5210401373379,44.718665897032196,461.0,79.38696566281791,17.2218836523688,11.0,1.0999999999999999,0.11000000000000004,60.0,0.384401293720969,0.0027649176954732515
5,0.0,7,360.53597268276104,200.0,100.0,582.0,72.68268235969936,15.03740289594856,1339.0,226.4962968254632,48.67004827281553,353.0,60.964321022377696,13.257779918895114,0.0,0.0,0.0,0.0,0.0,0.0
