id,probability_maraud,successful_mating,next_foraging_time,x_pos,y_pos,foraging_events,foraging_hrs,foraging_sqhrs,staying_events,staying_hrs,staying_sqhrs,repairing_events,repairing_hrs,repairing_sqhrs,marauding_events,marauding_hrs,marauding_sqhrs,traveling_events,traveling_hrs,traveling_sqhrs
0,0.054,12,360.46573580375576,0.0,0.0,556.0,73.95929469730972,15.225814804189158,1233.0,210.9552949624219,45.51425020991,421.0,73.9233638077684,16.43358750027716,7.0,0.7,0.07,70.0,0.4876852293320381,0.003793724279835393
1,0.054,11,360.0703669967052,0.0,100.0,571.0,71.06243341060775,13.797916825303544,1329.0,226.6871225227389,48.84317303987577,358.0,60.64249932385926,12.961840160544321,11.0,1.0999999999999999,0.11000000000000004,79.0,0.5350642741231223,0.004029492455418384
2,0.0,14,360.42821726250213,100.0,0.0,568.0,70.17943126486689,15.384343915200978,1304.0,214.6679714971662,44.62729879686053,431.0,75.28532656719274,16.595711581229008,0.0,0.0,0.0,0.0,0.0,0.0
3,0.054,8,360.1498848258952,100.0,100.0,569.0,70.90972325224573,15.732709858239248,1432.0,239.05676298909256,50.61847874515569,272.0,48.852689910721836,11.000261613168174,10.0,0.9999999999999999,0.10000000000000003,84.0,0.4349126180414554,0.0023148148148148143
4,0.054,3,360.63309474952126,200.0,0.0,553.0,69.90778429019949,14.781122427646343,1399.0,233.1835021390636,49.89041094888239,327.0,54.97354925120433,11.81856396985609,14.0,1.4000000000000001,0.14000000000000007,84.0,0.6195311027793489,0.005015432098765435
5,0.054,6,360.2030382290288,200.0,100.0,569.0,72.18270218616296,15.059649220781937,1463.0,243.40810659936204,51.72025287324027,234.0,42.0686232301967,9.44912721107703,17.0,1.7000000000000004,0.1700000000000001,105.0,0.7040486310495268,0.005229766803840882
