id,probability_maraud,successful_mating,next_foraging_time,x_pos,y_pos,foraging_events,foraging_hrs,foraging_sqhrs,staying_events,staying_hrs,staying_sqhrs,repairing_events,repairing_hrs,repairing_sqhrs,marauding_events,marauding_hrs,marauding_sqhrs,traveling_events,traveling_hrs,traveling_sqhrs
0,0.054,7,360.2708962452589,0.0,0.0,573.0,71.57553728149439,14.566173100375314,1305.0,225.0412128040001,49.1322145111036,361.0,61.15382766557272,13.24850654474105,16.0,1.6000000000000003,0.1600000000000001,95.0,0.6438330166531399,0.004843964334705082
1,0.054,13,360.3060904615082,0.0,100.0,553.0,71.79896558608249,15.547637226673338,1269.0,212.8460278617918,45.34746250347463,426.0,73.75537441558019,16.084394150757266,12.0,1.2,0.12000000000000005,64.0,0.44296741196112116,0.003407921810699589
2,0.054,8,360.1891895765545,100.0,0.0,569.0,70.01533267888345,14.25053996829599,1427.0,239.00102519520732,50.86162435149515,295.0,48.97539960448148,10.478887007230423,16.0,1.6000000000000003,0.1600000000000001,87.0,0.46797806074391357,0.002593449931412894
3,0.054,10,360.3748630387974,100.0,100.0,556.0,68.47028136547651,14.265361339140432,1280.0,210.89651696646183,44.325812876558516,449.0,79.73696769482528,17.89881330647372,6.0,0.6,0.06000000000000001,70.0,0.37585076937071127,0.002079046639231823
4,0.054,6,360.3783352684944,200.0,0.0,581.0,66.28399993425411,13.19921657386717,1514.0,255.50543246027823,55.180884729856665,210.0,36.67433703789889,8.233266581642011,12.0,1.2,0.12000000000000005,80.0,0.5424768952318794,0.004093792866941017
5,0.0,10,360.04596357945246,200.0,100.0,568.0,69.16847203046677,14.891599666184698,1323.0,218.0735765709686,45.946172570603444,437.0,73.00392885792779,15.616317752836693,0.0,0.0,0.0,0.0,0.0,0.0
