id,probability_maraud,successful_mating,next_foraging_time,x_pos,y_pos,foraging_events,foraging_hrs,foraging_sqhrs,staying_events,staying_hrs,staying_sqhrs,repairing_events,repairing_hrs,repairing_sqhrs,marauding_events,marauding_hrs,marauding_sqhrs,traveling_events,traveling_hrs,traveling_sqhrs
0,0.054,6,360.3239932702134,0.0,0.0,561.0,69.53664887195153,13.961556068835307,1422.0,240.13766298340175,51.014179851782416,290.0,48.66515921027086,10.549053902260628,12.0,1.2,0.12000000000000005,74.0,0.5212058144454346,0.004029492455418383
1,0.0,10,360.4125146151941,0.0,100.0,569.0,70.10461969007837,14.162398308303768,1304.0,226.2048806245034,49.41971178340569,363.0,63.72406968408623,14.167730113408725,0.0,0.0,0.0,0.0,0.0,0.0
2,0.054,10,360.0014609083394,100.0,0.0,567.0,70.42316993161587,13.622954765274248,1289.0,221.26854851879,48.14674735819943,390.0,67.02259592809575,14.849533499711075,10.0,0.9999999999999999,0.10000000000000003,69.0,0.35587989669022624,0.0018861454046639214
3,0.054,14,360.74038187893854,100.0,100.0,575.0,70.82060893128505,15.913204555691097,1374.0,226.4964780634792,48.16303126699778,363.0,61.44116371593848,13.36516446269005,10.0,0.9999999999999999,0.10000000000000003,63.0,0.33385508505651906,0.0018218449931412877
4,0.054,9,360.2885503799223,200.0,0.0,571.0,72.31891894024479,14.953581564972586,1404.0,237.559281225026,50.88760004989202,297.0,48.689001868451165,10.238974802809192,10.0,0.9999999999999999,0.10000000000000003,77.0,0.5190301586474073,0.0039008916323731166
5,0.054,5,360.24985130267714,200.0,100.0,584.0,70.58342506108477,13.949780147275371,1344.0,226.187214625372,47.84418276703434,366.0,61.22991176730996,13.273710551866404,16.0,1.6000000000000003,0.1600000000000001,65.0,0.42666513726028366,0.0031292866941015096
