id,probability_maraud,successful_mating,next_foraging_time,x_pos,y_pos,foraging_events,foraging_hrs,foraging_sqhrs,staying_events,staying_hrs,staying_sqhrs,repairing_events,repairing_hrs,repairing_sqhrs,marauding_events,marauding_hrs,marauding_sqhrs,traveling_events,traveling_hrs,traveling_sqhrs
0,0.054,11,359.8639345291089,0.0,0.0,559.0,72.95979829736162,16.73338355672656,1386.0,230.68185867243741,48.37839410904777,323.0,54.92748191806761,11.932150929538423,10.0,0.9999999999999999,0.10000000000000003,80.0,0.5732043772718513,0.0045653292181069985
1,0.0,11,360.1229395054729,0.0,100.0,559.0,69.56941920945265,14.65826961782186,1365.0,235.47357152543717,50.641340765961395,316.0,55.00341500711346,11.878559761958744,0.0,0.0,0.0,0.0,0.0,0.0
2,0.054,5,360.0845721121784,100.0,0.0,581.0,71.8410843856145,14.170317719463368,1231.0,202.07199040451528,42.09175929924186,511.0,84.99986001791774,17.8058343753557,8.0,0.7999999999999999,0.08000000000000002,69.0,0.3712211397410816,0.0020576131687242787
3,0.054,4,359.8913780075292,100.0,100.0,555.0,72.57895532810734,16.6176881270005,1288.0,218.8532565711234,46.965093745972695,389.0,66.94780751746622,14.948144842801701,13.0,1.3,0.13000000000000006,75.0,0.3913282959934317,0.002100480109739368
4,0.054,12,360.1432190721986,200.0,0.0,581.0,66.69863185372276,12.733134123978127,1507.0,254.6554358109168,54.70720688304934,220.0,36.60313495983518,7.548224363419363,15.0,1.5000000000000002,0.15000000000000008,90.0,0.6100138431034193,0.004651063100137181
5,0.054,11,360.18667207947595,200.0,100.0,572.0,72.07024030391656,15.635059047701544,1352.0,231.47095097660514,50.26338956971342,325.0,54.81856704008914,11.65638388222355,12.0,1.2,0.12000000000000005,84.0,0.5743581429974937,0.004372427983539097
