id,probability_maraud,successful_mating,next_foraging_time,x_pos,y_pos,foraging_events,foraging_hrs,foraging_sqhrs,staying_events,staying_hrs,staying_sqhrs,repairing_events,repairing_hrs,repairing_sqhrs,marauding_events,marauding_hrs,marauding_sqhrs,traveling_events,traveling_hrs,traveling_sqhrs
0,0.054,10,360.3534683630686,0.0,0.0,569.0,70.08516432838563,13.616681723125923,1382.0,232.93402048169452,49.75754612810532,318.0,54.78941790860437,11.722449022709814,17.0,1.7000000000000004,0.1700000000000001,89.0,0.6103022727312912,0.004651063100137178
1,0.054,8,359.9573492013067,0.0,100.0,561.0,71.42406275774398,15.270783520003683,1398.0,231.82283500873316,49.63456320623655,334.0,55.17739201411592,11.513684661882996,10.0,0.9999999999999999,0.10000000000000003,83.0,0.6021460795837236,0.004843964334705081
2,0.054,6,360.7166635518307,100.0,0.0,562.0,72.15058069139648,15.554241097146358,1172.0,200.49363082814682,43.83899874275968,506.0,85.59165154928952,18.234178346678373,16.0,1.6000000000000003,0.1600000000000001,74.0,0.39245163250787285,0.002143347050754457
3,0.054,11,360.1838250961554,100.0,100.0,562.0,69.70035213492366,14.532782707734766,1226.0,209.53453654467575,45.46084466847957,485.0,79.28087262988905,16.106948185466727,11.0,1.0999999999999999,0.11000000000000004,78.0,0.420558427933176,0.002336248285322359
4,0.054,9,359.8394313846175,200.0,0.0,558.0,70.49847948651849,15.60741577997851,1351.0,226.59374292468073,48.359081101009565,368.0,61.12111129316677,12.9492882366403,13.0,1.3,0.13000000000000006,76.0,0.5260529036862364,0.004115226337448563
5,0.0,10,360.5324835496074,200.0,100.0,565.0,70.38232433255148,15.214770238397278,1304.0,216.50485556590112,45.795764768180646,433.0,73.16216110030571,15.786916785508895,0.0,0.0,0.0,0.0,0.0,0.0
