id,probability_maraud,successful_mating,next_foraging_time,x_pos,y_pos,foraging_events,foraging_hrs,foraging_sqhrs,staying_events,staying_hrs,staying_sqhrs,repairing_events,repairing_hrs,repairing_sqhrs,marauding_events,marauding_hrs,marauding_sqhrs,traveling_events,traveling_hrs,traveling_sqhrs
0,0.054,9,360.17533428129474,0.0,0.0,557.0,73.32849258149024,15.915961700490366,1365.0,229.38184315698882,49.28687593524363,338.0,55.050933203079246,11.292189798644163,17.0,1.7000000000000004,0.1700000000000001,100.0,0.6794481287394118,0.005144032921810705
1,0.054,4,360.74360252092015,0.0,100.0,568.0,70.643583479737,14.615068620214862,1405.0,238.92912543548942,51.198497959932084,285.0,48.99807557334786,10.62159647035822,10.0,0.9999999999999999,0.10000000000000003,80.0,0.5565426557122869,0.004372427983539098
2,0.054,8,360.5965358056772,100.0,0.0,560.0,72.38384264499706,15.331920367843113,1189.0,201.05483525400214,42.768250561045136,524.0,85.33575037424718,17.82642596733969,9.0,0.8999999999999999,0.09000000000000002,69.0,0.35971520745294006,0.0019290123456790105
3,0.054,12,360.1302050496191,100.0,100.0,566.0,70.35232929012521,14.380730398380981,1201.0,203.03238317425075,43.32741811300048,495.0,85.43431990501645,18.90597610666719,11.0,1.0999999999999999,0.11000000000000004,68.0,0.36467385473009506,0.0020147462277091887
4,0.0,5,360.2406500130427,200.0,0.0,572.0,69.91181185048517,14.666752301055967,1351.0,222.7072857504724,46.47981759656862,408.0,67.66307899997636,14.052458232742467,0.0,0.0,0.0,0.0,0.0,0.0
5,0.054,16,360.1173682489558,200.0,100.0,564.0,72.52180121001624,15.354456029996179,1480.0,248.79594511450335,53.179872350609216,214.0,36.66698300447267,7.782853135593846,16.0,1.6000000000000003,0.1600000000000001,85.0,0.5890413507532984,0.0045438957475994555
