id,probability_maraud,successful_mating,next_foraging_time,x_pos,y_pos,foraging_events,foraging_hrs,foraging_sqhrs,staying_events,staying_hrs,staying_sqhrs,repairing_events,repairing_hrs,repairing_sqhrs,marauding_events,marauding_hrs,marauding_sqhrs,traveling_events,traveling_hrs,traveling_sqhrs
0,0.054,8,360.10287161838636,0.0,0.0,573.0,70.34084088843979,15.267523143238334,1438.0,245.18834438024956,53.02530670648605,252.0,42.616138309470045,9.23544848857523,13.0,1.3,0.13000000000000006,93.0,0.6895422948852403,0.0056155692729766855
1,0.054,12,360.3301884862348,0.0,100.0,570.0,71.05947456074102,15.280941177636057,1398.0,236.56731524273107,50.47343942981748,301.0,51.03481700856077,11.002866614199013,9.0,0.8999999999999999,0.09000000000000002,79.0,0.5528594910055799,0.004265260631001374
2,0.0,12,360.6000157171096,100.0,0.0,551.0,72.16349007556018,15.818094594588672,1441.0,247.88842523252802,53.67514841291533,228.0,40.20276120540957,9.085008612598772,0.0,0.0,0.0,0.0,0.0,0.0
3,0.054,6,359.9569141884434,100.0,100.0,560.0,71.12560656034329,14.862854467271038,1405.0,238.9610781176224,50.97403058358841,287.0,48.90645384552824,10.45315891078551,7.0,0.7,0.07,70.0,0.3758507693707111,0.0020790466392318226
4,0.054,8,360.22628415238574,200.0,0.0,553.0,70.75009730196615,15.483990605042534,1263.0,215.11254772475354,46.738112157695724,430.0,72.78483323163294,15.240234999055108,10.0,0.9999999999999999,0.10000000000000003,67.0,0.4696827116468607,0.0036222565157750354
5,0.054,8,360.14219691579416,200.0,100.0,558.0,70.67145900963125,14.461179776057628,1420.0,238.88808261938544,51.113317294172134,285.0,48.70648139059448,11.035355848698968,12.0,1.2,0.12000000000000005,81.0,0.5625536222730281,0.004372427983539097
