id,probability_maraud,successful_mating,next_foraging_time,x_pos,y_pos,foraging_events,foraging_hrs,foraging_sqhrs,staying_events,staying_hrs,staying_sqhrs,repairing_events,repairing_hrs,repairing_sqhrs,marauding_events,marauding_hrs,marauding_sqhrs,traveling_events,traveling_hrs,traveling_sqhrs
0,0.0,7,360.3309357753631,0.0,0.0,567.0,68.31855204321141,13.688094100092247,1430.0,243.2356155356462,52.151865818309034,276.0,48.49653165783894,10.506283815994692,0.0,0.0,0.0,0.0,0.0,0.0
1,0.0,9,360.3738505433007,0.0,100.0,550.0,71.0349262833398,15.598953834829707,1560.0,264.78100624790653,56.721720659155785,147.0,24.185991860135456,4.982798176382365,0.0,0.0,0.0,0.0,0.0,0.0
2,0.0,6,359.98793556236825,100.0,0.0,574.0,72.1797474535693,15.77061870680814,1543.0,257.34300524205105,54.27769744090702,183.0,30.59717831258077,6.32251046345896,0.0,0.0,0.0,0.0,0.0,0.0
3,0.054,15,360.43618273675673,100.0,100.0,568.0,74.7984015240483,15.727268676065078,1585.0,271.385366649143,58.61888449881965,72.0,12.072796994403564,2.4558134355889063,15.0,1.5000000000000002,0.15000000000000008,89.0,0.4772373200031728,0.002636316872427983
4,0.0,9,360.40901501876635,200.0,0.0,560.0,68.70686122080794,13.913622657066341,1558.0,266.9560153344153,57.403028782630315,149.0,24.344118806859505,5.0659019189285335,0.0,0.0,0.0,0.0,0.0,0.0
5,0.054,8,360.02597616049,200.0,100.0,556.0,68.96169007690612,14.346378848712366,1512.0,252.10261393581862,53.04140953715797,207.0,36.93870776794357,8.146563492812287,14.0,1.4000000000000001,0.14000000000000007,82.0,0.6187469427208852,0.00512259945130316
