id,probability_maraud,successful_mating,next_foraging_time,x_pos,y_pos,foraging_events,foraging_hrs,foraging_sqhrs,staying_events,staying_hrs,staying_sqhrs,repairing_events,repairing_hrs,repairing_sqhrs,marauding_events,marauding_hrs,marauding_sqhrs,traveling_events,traveling_hrs,traveling_sqhrs
0,0.0,8,359.96160807544817,0.0,0.0,567.0,73.080790382018,15.368315104887786,1467.0,244.24007459319176,51.11553512326485,248.0,42.691008668445455,9.2349270143452,0.0,0.0,0.0,0.0,0.0,0.0
1,0.0,11,360.18770925396353,0.0,100.0,567.0,69.18794221322138,14.40075324596453,1454.0,248.34712740380607,53.84989916763066,250.0,42.57942451829301,9.348129075091414,0.0,0.0,0.0,0.0,0.0,0.0
2,0.054,8,360.5723674322102,100.0,0.0,554.0,75.332985316564,17.12443810031693,1586.0,264.33709899240665,56.05383830350357,100.0,18.353336613667835,4.0846386097590655,16.0,1.6000000000000003,0.1600000000000001,89.0,0.4638137323336744,0.002486282578875171
3,0.0,16,360.13073435480186,100.0,100.0,556.0,70.56078638742807,14.879920545532134,1616.0,271.38473249613935,57.90365958042117,98.0,18.281154964252824,4.2007276928655255,0.0,0.0,0.0,0.0,0.0,0.0
4,0.0,4,360.6163911712421,200.0,0.0,548.0,71.79717625357792,15.581003508960954,1558.0,264.32787329920075,56.67858627037339,147.0,24.044382772407662,4.836513801422309,0.0,0.0,0.0,0.0,0.0,0.0
5,0.054,7,359.8874555071068,200.0,100.0,557.0,70.25014806065735,14.981311504957336,1556.0,263.62330498000034,56.63034377295907,146.0,24.419603514661823,5.261384811747539,12.0,1.2,0.12000000000000005,73.0,0.5378776948134509,0.004308127572016463
