id,probability_maraud,successful_mating,next_foraging_time,x_pos,y_pos,foraging_events,foraging_hrs,foraging_sqhrs,staying_events,staying_hrs,staying_sqhrs,repairing_events,repairing_hrs,repairing_sqhrs,marauding_events,marauding_hrs,marauding_sqhrs,traveling_events,traveling_hrs,traveling_sqhrs
0,0.0,8,360.4024013779281,0.0,0.0,577.0,69.04702190826633,13.435853206216397,1477.0,251.21669762370877,53.769323160825685,239.0,39.77001100797544,8.713944139991233,0.0,0.0,0.0,0.0,0.0,0.0
1,0.0,10,360.039752052353,0.0,100.0,566.0,69.02200027349272,14.69188736129751,1587.0,266.9355549639662,56.96507347087724,140.0,24.295229194555297,5.283705290332445,0.0,0.0,0.0,0.0,0.0,0.0
2,0.054,14,360.0789691794269,100.0,0.0,557.0,73.00355001643759,15.219961330462779,1566.0,266.33989358348776,57.54613347998751,105.0,18.242217279633177,4.0079941892986755,21.0,2.1000000000000005,0.21000000000000013,86.0,0.4441718773007149,0.0023576817558299034
3,0.0,8,360.04504542333405,100.0,100.0,551.0,71.22103190273597,14.484833993239004,1397.0,233.81378080252347,49.756634978485195,312.0,55.165723087420766,12.32443390851852,0.0,0.0,0.0,0.0,0.0,0.0
4,0.054,7,360.34127865126504,200.0,0.0,566.0,69.80161026145235,14.689290307060148,1519.0,257.8046461709102,54.9122790971981,176.0,30.537785751267293,6.545256066754115,14.0,1.4000000000000001,0.14000000000000007,70.0,0.5244541071439526,0.004286694101508918
5,0.0,7,359.97123249537765,200.0,100.0,563.0,73.64736563534586,16.57369704266268,1402.0,243.21594834219187,52.310370955975166,259.0,43.147697004669574,9.279477937005284,0.0,0.0,0.0,0.0,0.0,0.0
