id,probability_maraud,successful_mating,next_foraging_time,x_pos,y_pos,foraging_events,foraging_hrs,foraging_sqhrs,staying_events,staying_hrs,staying_sqhrs,repairing_events,repairing_hrs,repairing_sqhrs,marauding_events,marauding_hrs,marauding_sqhrs,traveling_events,traveling_hrs,traveling_sqhrs
0,0.0,5,360.41978924203585,0.0,0.0,585.0,70.99198276588011,14.281622290705773,1406.0,240.44559573211697,52.013154290151,286.0,48.73811263713082,10.341333561904142,0.0,0.0,0.0,0.0,0.0,0.0
1,0.0,8,360.38782158757806,0.0,100.0,565.0,73.950410375091,15.51053136291354,1538.0,255.496358567325,54.09232774332217,190.0,30.65378266471187,6.328025564539854,0.0,0.0,0.0,0.0,0.0,0.0
2,0.0,13,360.5023596125835,100.0,0.0,577.0,71.48135616758,15.43278039940766,1600.0,269.9859072910138,57.6858521041618,107.0,18.56732595306494,4.088407664426546,0.0,0.0,0.0,0.0,0.0,0.0
3,0.0,9,360.56864386369983,100.0,100.0,573.0,68.95696118785378,14.315523711707169,1446.0,242.30765079098933,52.074618298935505,285.0,48.829789039077696,10.312609979452406,0.0,0.0,0.0,0.0,0.0,0.0
4,0.054,13,360.55449319675404,200.0,0.0,557.0,71.73881599553823,15.371882558958482,1686.0,286.2663206340943,61.33405188702781,0.0,0.0,0.0,16.0,1.6000000000000003,0.1600000000000001,94.0,0.6699612982746834,0.005272633744855972
5,0.054,6,360.66009513524176,200.0,100.0,557.0,73.25539303698807,16.07546850285815,1574.0,266.61911518598913,57.72160184611297,106.0,18.41853601982043,4.015901193721162,11.0,1.0999999999999999,0.11000000000000004,98.0,0.7290333057538796,0.005979938271604944
