id,probability_maraud,successful_mating,next_foraging_time,x_pos,y_pos,foraging_events,foraging_hrs,foraging_sqhrs,staying_events,staying_hrs,staying_sqhrs,repairing_events,repairing_hrs,repairing_sqhrs,marauding_events,marauding_hrs,marauding_sqhrs,traveling_events,traveling_hrs,traveling_sqhrs
0,0.054,6,360.301614134942,0.0,0.0,585.0,67.23741019617087,13.005824686113675,1595.0,272.0863695462501,58.52778062421947,113.0,18.19938488874534,3.818648942227396,21.0,2.1000000000000005,0.21000000000000013,92.0,0.6220966346473047,0.004608196159122087
1,0.0,8,360.3816763563953,0.0,100.0,570.0,72.8327250781149,16.385983140609717,1385.0,232.51506938450905,49.11708229957813,330.0,54.845720520265026,11.849198576371885,0.0,0.0,0.0,0.0,0.0,0.0
2,0.0,8,360.68319320471954,100.0,0.0,569.0,72.01015059972421,14.959515857600632,1339.0,227.05127583645472,48.600318793543,354.0,61.022110811773075,13.38176998739956,0.0,0.0,0.0,0.0,0.0,0.0
3,0.0,17,360.57065383711785,100.0,100.0,575.0,71.48359039216564,15.564844226045555,1362.0,233.42347055967025,50.64021431225459,335.0,55.40168858536097,11.775209942635279,0.0,0.0,0.0,0.0,0.0,0.0
4,0.0,8,360.131908011801,200.0,0.0,566.0,70.30336519353374,14.200807846369955,1539.0,259.38080943413087,55.04936621890518,194.0,30.48015908428527,6.326523881560111,0.0,0.0,0.0,0.0,0.0,0.0
5,0.054,7,360.07872463709543,200.0,100.0,555.0,71.9178078843339,14.99491098157906,1658.0,279.79029392461683,59.24848840271006,38.0,6.020142993170632,1.2598736825041286,16.0,1.6000000000000003,0.1600000000000001,105.0,0.7574285308070545,0.00600137174211249
