id,probability_maraud,successful_mating,next_foraging_time,x_pos,y_pos,foraging_events,foraging_hrs,foraging_sqhrs,staying_events,staying_hrs,staying_sqhrs,repairing_events,repairing_hrs,repairing_sqhrs,marauding_events,marauding_hrs,marauding_sqhrs,traveling_events,traveling_hrs,traveling_sqhrs
0,0.0,8,360.1552647734799,0.0,0.0,560.0,70.53375865759985,15.466135332826846,1312.0,222.23306152552823,47.51355709194919,391.0,67.32481696115671,14.759830838781125,0.0,0.0,0.0,0.0,0.0,0.0
1,0.054,4,360.29653078892807,0.0,100.0,571.0,73.84123029340925,15.722123969254007,1563.0,264.3937895634199,56.30015935354626,104.0,18.60428964846356,4.295051873539994,25.0,2.500000000000001,0.25000000000000017,100.0,0.6856968253140743,0.005229766803840885
2,0.0,12,359.92063926873226,100.0,0.0,547.0,72.84632596030681,15.645338715605188,1285.0,220.02282764819594,47.94081810190424,404.0,67.15479736244127,14.161457622970607,0.0,0.0,0.0,0.0,0.0,0.0
3,0.054,13,360.2326515083145,100.0,100.0,571.0,68.49876175661953,13.014064665548782,1599.0,270.88709110500974,58.3071182774003,112.0,18.313512304374598,3.821456961946119,18.0,1.8000000000000005,0.1800000000000001,93.0,0.5034264600471191,0.0028077846364883406
4,0.0,7,359.9770637428199,200.0,0.0,569.0,66.10131676179368,12.643073315296629,1567.0,263.68219813690496,56.41315067683841,189.0,30.276885749188374,6.212252768277255,0.0,0.0,0.0,0.0,0.0,0.0
5,0.0,10,360.5333158315114,200.0,100.0,565.0,70.38911571139282,14.151140918442882,1359.0,228.3675961751847,48.054722416805134,378.0,61.320044324573416,12.95058830429835,0.0,0.0,0.0,0.0,0.0,0.0
