id,probability_maraud,successful_mating,next_foraging_time,x_pos,y_pos,foraging_events,foraging_hrs,foraging_sqhrs,staying_events,staying_hrs,staying_sqhrs,repairing_events,repairing_hrs,repairing_sqhrs,marauding_events,marauding_hrs,marauding_sqhrs,traveling_events,traveling_hrs,traveling_sqhrs
0,0.054,7,360.0632021236132,0.0,0.0,580.0,67.64366021888684,13.306928791821143,1579.0,266.46813640614323,57.01161879445808,139.0,24.13746882756605,5.240450941638688,12.0,1.2,0.12000000000000005,87.0,0.6013416019083558,0.004608196159122088
1,0.0,10,360.20711030587285,0.0,100.0,559.0,70.85225295429872,14.475195108489705,1452.0,246.56832332249846,53.13682137046667,251.0,42.73669135851534,9.21917779676459,0.0,0.0,0.0,0.0,0.0,0.0
2,0.054,16,359.7885470296376,100.0,0.0,569.0,75.77407742545293,17.12815034605819,1618.0,276.64449460307236,59.99232433963279,37.0,6.148414517686638,1.2267814085466215,10.0,0.9999999999999999,0.10000000000000003,83.0,0.45137719760675193,0.0025291495198902602
3,0.0,11,360.7034757167566,100.0,100.0,563.0,69.36970102554078,14.461594390194808,1677.0,278.4162460184807,59.16342735107879,76.0,12.243032424287696,2.521514161851606,0.0,0.0,0.0,0.0,0.0,0.0
4,0.0,6,360.3292278691327,200.0,0.0,564.0,70.32378786501143,14.37531393948309,1506.0,259.1098955389266,55.80572549463952,183.0,30.58838442053391,6.211170635267686,0.0,0.0,0.0,0.0,0.0,0.0
5,0.0,4,360.5697310545277,200.0,100.0,577.0,73.70821383119139,15.637702569084556,1569.0,267.90355223791636,57.4178225664162,102.0,18.507591276317754,4.201926098821735,0.0,0.0,0.0,0.0,0.0,0.0
