id,probability_maraud,successful_mating,next_foraging_time,x_pos,y_pos,foraging_events,foraging_hrs,foraging_sqhrs,staying_events,staying_hrs,staying_sqhrs,repairing_events,repairing_hrs,repairing_sqhrs,marauding_events,marauding_hrs,marauding_sqhrs,traveling_events,traveling_hrs,traveling_sqhrs
0,0.0,8,359.98333397412244,0.0,0.0,559.0,66.20444245346211,12.204218900701354,1487.0,251.25052844358817,53.65019906506982,247.0,42.61992351766603,9.190814193464156,0.0,0.0,0.0,0.0,0.0,0.0
1,0.0,11,360.55409756295285,0.0,100.0,557.0,71.33718287420905,14.508286873324392,1433.0,239.9313369236876,50.906807698907095,281.0,48.824099934532285,10.691991411094492,0.0,0.0,0.0,0.0,0.0,0.0
2,0.0,9,360.7212716602611,100.0,0.0,566.0,71.26037862469374,14.914479127312937,1627.0,264.77824743307286,55.185009442043615,139.0,24.19181115027002,5.294370212683177,0.0,0.0,0.0,0.0,0.0,0.0
3,0.054,14,360.5076765939915,100.0,100.0,560.0,73.31090001780152,16.36843569003485,1664.0,278.82514278134596,58.84035754880573,43.0,6.062134084376104,1.0989506723719726,15.0,1.5000000000000002,0.15000000000000008,84.0,0.45792448261773855,0.00257201646090535
4,0.0,4,359.8664318727459,200.0,0.0,563.0,67.62773342752287,13.287973830350591,1441.0,243.3194150319134,51.67377813968228,283.0,49.07240149131386,10.529811767752166,0.0,0.0,0.0,0.0,0.0,0.0
5,0.054,8,360.7472495291763,200.0,100.0,557.0,73.59612655187964,16.28780975390601,1387.0,241.2429450612342,52.58294012140507,249.0,42.73415356554967,9.163153601311642,20.0,2.0000000000000004,0.20000000000000012,86.0,0.578122436529353,0.0043295610425240095
