id,probability_maraud,successful_mating,next_foraging_time,x_pos,y_pos,foraging_events,foraging_hrs,foraging_sqhrs,staying_events,staying_hrs,staying_sqhrs,repairing_events,repairing_hrs,repairing_sqhrs,marauding_events,marauding_hrs,marauding_sqhrs,traveling_events,traveling_hrs,traveling_sqhrs
0,0.0,7,360.1615404887176,0.0,0.0,567.0,69.31472778547366,14.059679493575562,1476.0,248.32360372231383,52.810935938721606,266.0,42.43726630038968,9.175998254401053,0.0,0.0,0.0,0.0,0.0,0.0
1,0.0,14,360.04876367730617,0.0,100.0,576.0,70.82439323647641,14.958256400258671,1541.0,259.2656683260456,55.13669554265623,177.0,30.270644698369534,6.446605804094824,0.0,0.0,0.0,0.0,0.0,0.0
2,0.0,9,360.05160128071145,100.0,0.0,562.0,73.34640035297424,16.233608864760576,1479.0,250.4959130915909,53.233930124771106,219.0,36.425388843237776,7.682684249133701,0.0,0.0,0.0,0.0,0.0,0.0
3,0.0,5,360.45935071901084,100.0,100.0,560.0,67.78753843778257,13.791826648848007,1407.0,237.4169838636408,50.24745436872553,312.0,54.80109693792278,12.14797755558273,0.0,0.0,0.0,0.0,0.0,0.0
4,0.054,7,360.26953834331346,200.0,0.0,570.0,72.76923389144372,14.969351246799691,1527.0,260.65832057217057,56.07316959170676,153.0,24.554711658761317,5.210183072633346,15.0,1.5000000000000002,0.15000000000000008,90.0,0.6326358316097742,0.004972565157750348
5,0.054,12,359.91899269038777,200.0,100.0,567.0,70.93346070282117,14.317113517628792,1631.0,280.5309160066831,60.80281668195766,36.0,6.208707981895065,1.374197240179265,17.0,1.7000000000000004,0.1700000000000001,88.0,0.6385859397481128,0.005144032921810704
