id,probability_maraud,successful_mating,next_foraging_time,x_pos,y_pos,foraging_events,foraging_hrs,foraging_sqhrs,staying_events,staying_hrs,staying_sqhrs,repairing_events,repairing_hrs,repairing_sqhrs,marauding_events,marauding_hrs,marauding_sqhrs,traveling_events,traveling_hrs,traveling_sqhrs
0,0.0,6,360.03532521757364,0.0,0.0,554.0,71.52249816813821,15.601390459208147,1499.0,258.16438595582423,56.07754438116315,176.0,30.361504546297912,6.5409335328674585,0.0,0.0,0.0,0.0,0.0,0.0
1,0.0,4,360.4483141126888,0.0,100.0,559.0,72.2266481123351,14.689378429129228,1305.0,220.83336197081593,47.376796655600934,403.0,67.08104602894181,14.306631524297599,0.0,0.0,0.0,0.0,0.0,0.0
2,0.054,6,359.98148031329566,100.0,0.0,564.0,69.27658473277039,14.307108194841788,1584.0,270.2461024369195,58.83912602807795,107.0,18.29776045097828,3.9117374329800505,18.0,1.8000000000000005,0.1800000000000001,81.0,0.4497885598729204,0.0025720164609053494
3,0.0,15,360.74021246776056,100.0,100.0,578.0,65.54229992786742,13.06843060840295,1427.0,246.00905486499008,54.036686631078545,289.0,48.807936536980655,10.14591483500431,0.0,0.0,0.0,0.0,0.0,0.0
4,0.054,10,360.1179311854599,200.0,0.0,568.0,72.44544390135599,14.970643937778771,1582.0,266.4569907788355,57.34599123729251,113.0,18.371339683152968,3.7826866478181187,21.0,2.1000000000000005,0.21000000000000013,93.0,0.6394715462486327,0.004886831275720169
5,0.0,13,360.08989212777306,200.0,100.0,570.0,69.4772303346897,13.230909998620843,1377.0,236.76138920322845,51.343121146876896,332.0,53.80538441101289,10.945652545981051,0.0,0.0,0.0,0.0,0.0,0.0
