id,probability_maraud,successful_mating,next_foraging_time,x_pos,y_pos,foraging_events,foraging_hrs,foraging_sqhrs,staying_events,staying_hrs,staying_sqhrs,repairing_events,repairing_hrs,repairing_sqhrs,marauding_events,marauding_hrs,marauding_sqhrs,traveling_events,traveling_hrs,traveling_sqhrs
0,0.0,10,359.96742070104887,0.0,0.0,558.0,65.55007626541556,13.003208928058482,1451.0,245.70859019955765,52.718828967899555,299.0,48.80676656738783,9.957390921711394,0.0,0.0,0.0,0.0,0.0,0.0
1,0.054,6,360.83595599521567,0.0,100.0,573.0,69.55209212846854,14.267470182930943,1711.0,282.4128884261003,58.95609040112728,36.0,6.109255610468057,1.2553251508386627,14.0,1.4000000000000001,0.14000000000000007,100.0,0.707038923331374,0.005551268861454054
2,0.0,6,360.3907728160622,100.0,0.0,550.0,72.29465312484042,15.701160382859792,1373.0,238.66042773251837,52.0445930712157,288.0,49.097623349582165,10.251440342089756,0.0,0.0,0.0,0.0,0.0,0.0
3,0.0,11,359.9526242366428,100.0,100.0,561.0,70.60987177955349,14.630917986460268,1472.0,246.76562946519118,53.26666331979414,244.0,42.788936722082184,9.509131532895926,0.0,0.0,0.0,0.0,0.0,0.0
4,0.0,10,360.2891973006371,200.0,0.0,557.0,72.13801789064142,15.55273444020115,1558.0,267.72313437526003,57.720364950014684,117.0,20.33414315969156,4.37520169442571,0.0,0.0,0.0,0.0,0.0,0.0
5,0.054,11,360.1741341794751,200.0,100.0,566.0,69.87877075910934,14.282178543140255,1565.0,269.93028134920684,58.90818128098335,111.0,18.19657910959814,3.9112292115893683,17.0,1.7000000000000004,0.1700000000000001,77.0,0.5201534951618485,0.003900891632373116
