id,probability_maraud,successful_mating,next_foraging_time,x_pos,y_pos,foraging_events,foraging_hrs,foraging_sqhrs,staying_events,staying_hrs,staying_sqhrs,repairing_events,repairing_hrs,repairing_sqhrs,marauding_events,marauding_hrs,marauding_sqhrs,traveling_events,traveling_hrs,traveling_sqhrs
0,0.0,5,360.47690764905695,0.0,0.0,570.0,69.10490773234434,14.25175136873444,1530.0,260.61966941508814,56.09926670477613,185.0,30.363650969858675,6.305172426828231,0.0,0.0,0.0,0.0,0.0,0.0
1,0.0,13,360.40549606312015,0.0,100.0,563.0,71.36019893213481,15.134077745884863,1591.0,270.3626340095385,57.17310359245512,112.0,18.30150000568689,3.761533043203935,0.0,0.0,0.0,0.0,0.0,0.0
2,0.054,7,360.50020332937976,100.0,0.0,559.0,72.61170378100417,15.684653796410005,1421.0,240.57363990553858,51.26094770578195,259.0,45.19277533904926,9.826674150826829,12.0,1.2,0.12000000000000005,89.0,0.45997842157096064,0.002443415637860083
3,0.0,11,360.34554819124617,100.0,100.0,561.0,70.45164683603062,15.217740919010499,1464.0,247.00097968440747,52.612654841458365,248.0,42.659668691129895,9.273362665346518,0.0,0.0,0.0,0.0,0.0,0.0
4,0.0,8,360.5762683494331,200.0,0.0,559.0,71.38574606634116,14.526474799675006,1532.0,258.1522084378393,54.81230370300412,180.0,30.84521590727839,6.796508857985029,0.0,0.0,0.0,0.0,0.0,0.0
5,0.054,10,359.74435273907386,200.0,100.0,577.0,68.37764579400665,14.013574866527067,1632.0,277.1102397456388,59.12038099015024,69.0,12.139394910548797,2.6605058416326757,18.0,1.8000000000000005,0.1800000000000001,90.0,0.62065443929379,0.0047582304526749015
