id,probability_maraud,successful_mating,next_foraging_time,x_pos,y_pos,foraging_events,foraging_hrs,foraging_sqhrs,staying_events,staying_hrs,staying_sqhrs,repairing_events,repairing_hrs,repairing_sqhrs,marauding_events,marauding_hrs,marauding_sqhrs,traveling_events,traveling_hrs,traveling_sqhrs
0,0.0,9,360.1871124999377,0.0,0.0,564.0,67.35040070322124,13.743316984895728,1562.0,262.4402670279377,55.68428390396712,181.0,30.36707048255179,6.706024380434426,0.0,0.0,0.0,0.0,0.0,0.0
1,0.0,3,360.32526166025946,0.0,100.0,568.0,72.7865686567111,15.058861467901911,1535.0,256.8002566874002,54.333592361458265,169.0,30.4488062367025,6.779162734867025,0.0,0.0,0.0,0.0,0.0,0.0
2,0.054,17,360.4899971623991,100.0,0.0,574.0,72.23006671673389,15.01132370545981,1599.0,267.5439120926118,57.01365567133903,102.0,18.447254583456374,4.01900934082153,15.0,1.5000000000000002,0.15000000000000008,97.0,0.51427435704021,0.002807784636488341
3,0.0,8,360.3462789568018,100.0,100.0,567.0,71.17321335116283,14.554385314543268,1527.0,256.0723667536637,53.96253032344626,185.0,32.8994088277597,7.267241332525238,0.0,0.0,0.0,0.0,0.0,0.0
4,0.0,11,360.4582639706915,200.0,0.0,564.0,69.62575569174335,13.898761919647397,1391.0,235.56988864214136,50.00761516840032,330.0,54.91301091170195,11.552658170669766,0.0,0.0,0.0,0.0,0.0,0.0
5,0.054,6,360.4030545246042,200.0,100.0,558.0,71.04421615655824,15.226335344061393,1608.0,274.5639019645117,59.763336449713016,85.0,12.263759420756168,2.250465498703679,15.0,1.5000000000000002,0.15000000000000008,96.0,0.657868347922346,0.005101165980795615
