id,probability_maraud,successful_mating,next_foraging_time,x_pos,y_pos,foraging_events,foraging_hrs,foraging_sqhrs,staying_events,staying_hrs,staying_sqhrs,repairing_events,repairing_hrs,repairing_sqhrs,marauding_events,marauding_hrs,marauding_sqhrs,traveling_events,traveling_hrs,traveling_sqhrs
0,0.0,12,359.8677321452238,0.0,0.0,571.0,72.0057114260008,15.113550814399304,1626.0,269.8482385990587,56.92063433552304,102.0,18.155470524420537,4.102300492912629,0.0,0.0,0.0,0.0,0.0,0.0
1,0.0,9,360.0123416117513,0.0,100.0,585.0,72.61949146257986,15.180383111777882,1513.0,256.82195914727123,55.716329262339215,171.0,30.607110031964535,6.801902171244355,0.0,0.0,0.0,0.0,0.0,0.0
2,0.0,9,360.065098114689,100.0,0.0,570.0,71.0784790819387,14.316641986990321,1412.0,246.1677290351055,53.68881237949325,248.0,42.758522683872584,9.22391201085151,0.0,0.0,0.0,0.0,0.0,0.0
3,0.054,6,360.41475282159513,100.0,100.0,564.0,73.11356823106414,15.730994246035277,1530.0,254.80208655809656,54.4593638131559,184.0,30.84897566234674,6.3661904865225125,9.0,0.8999999999999999,0.09000000000000002,79.0,0.4386116452323043,0.0025077160493827163
4,0.054,10,359.9598176934243,200.0,0.0,562.0,68.60802266721507,13.738371805461593,1667.0,282.7989740766641,60.43622137938091,34.0,6.234590421509622,1.441814294130442,17.0,1.7000000000000004,0.1700000000000001,98.0,0.6781885086531056,0.005165466392318251
5,0.0,8,360.43086089477583,200.0,100.0,566.0,69.84505766337267,14.00825133947628,1561.0,259.8956810637078,54.84764208473935,175.0,30.418068958771737,6.843967646605101,0.0,0.0,0.0,0.0,0.0,0.0
