id,probability_maraud,successful_mating,next_foraging_time,x_pos,y_pos,foraging_events,foraging_hrs,foraging_sqhrs,staying_events,staying_hrs,staying_sqhrs,repairing_events,repairing_hrs,repairing_sqhrs,marauding_events,marauding_hrs,marauding_sqhrs,traveling_events,traveling_hrs,traveling_sqhrs
0,0.054,9,360.2358184392124,0.0,0.0,563.0,70.60467612271083,15.459518392678463,1655.0,281.3597846030363,61.06222487336986,40.0,6.088928633799858,1.1193862561841241,15.0,1.5000000000000002,0.15000000000000008,101.0,0.6841487755998964,0.0051654663923182504
1,0.0,9,360.09237656548817,0.0,100.0,572.0,69.24605791988367,14.343022164144706,1294.0,217.93883790884576,46.718868464793054,444.0,72.92509409122755,15.612262689028798,0.0,0.0,0.0,0.0,0.0,0.0
2,0.0,11,360.3502728206017,100.0,0.0,553.0,71.5362364161715,16.584315553224226,1502.0,258.15944987410035,55.312172254121414,186.0,30.46080611584397,6.135579249446201,0.0,0.0,0.0,0.0,0.0,0.0
3,0.054,6,360.3403795945109,100.0,100.0,565.0,73.63649706152009,16.002484181374527,1512.0,259.77289830628683,56.25694832273103,155.0,24.48059947010109,4.977440186569029,18.0,1.8000000000000005,0.1800000000000001,88.0,0.4860312780430418,0.002764917695473252
4,0.0,9,360.29294376011734,200.0,0.0,583.0,70.82990569718149,14.8572954201053,1475.0,253.021103000944,54.77179232566588,216.0,36.51182001571363,7.689540336283257,0.0,0.0,0.0,0.0,0.0,0.0
5,0.0,10,359.9814458145607,200.0,100.0,557.0,74.47046080354691,16.251145585547885,1506.0,255.1184286696153,54.097477764983275,173.0,30.438803000900155,6.739940896933756,0.0,0.0,0.0,0.0,0.0,0.0
