id,probability_maraud,successful_mating,next_foraging_time,x_pos,y_pos,foraging_events,foraging_hrs,foraging_sqhrs,staying_events,staying_hrs,staying_sqhrs,repairing_events,repairing_hrs,repairing_sqhrs,marauding_events,marauding_hrs,marauding_sqhrs,traveling_events,traveling_hrs,traveling_sqhrs
0,0.0,7,360.0493234515777,0.0,0.0,570.0,70.72608432492783,14.488211519006413,1608.0,276.96761477908126,59.841561466973886,72.0,12.453329693220867,2.7716306403901636,0.0,0.0,0.0,0.0,0.0,0.0
1,0.0,10,360.23816041831435,0.0,100.0,563.0,72.00702664444546,14.584750535894397,1348.0,232.99831710017546,50.94162507501966,340.0,55.07184104570973,11.628511425830444,0.0,0.0,0.0,0.0,0.0,0.0
2,0.054,11,360.098072969669,100.0,0.0,566.0,70.69715294560413,14.552014115607784,1697.0,281.77888178369517,59.01429142347931,34.0,6.00686971682325,1.3508645744570242,12.0,1.2,0.12000000000000005,92.0,0.4968791750361325,0.002764917695473251
3,0.0,7,359.79806517425976,100.0,100.0,562.0,69.91472771328726,14.584283114892493,1480.0,253.45942710480233,55.38442860161355,215.0,36.633559280859586,7.761006198214918,0.0,0.0,0.0,0.0,0.0,0.0
4,0.0,5,360.29074183785457,200.0,0.0,577.0,67.8773189618038,13.109191185291861,1456.0,246.46260796676472,51.710199819772114,286.0,45.75970732341222,9.661399546680949,0.0,0.0,0.0,0.0,0.0,0.0
5,0.054,14,360.5622117671287,200.0,100.0,573.0,68.60383229355664,13.51431837736953,1707.0,283.1969184647334,60.15272845525209,40.0,6.186198695185859,1.4051073181253964,15.0,1.5000000000000002,0.15000000000000008,93.0,0.6573624586833019,0.005165466392318248
