id,probability_maraud,successful_mating,next_foraging_time,x_pos,y_pos,foraging_events,foraging_hrs,foraging_sqhrs,staying_events,staying_hrs,staying_sqhrs,repairing_events,repairing_hrs,repairing_sqhrs,marauding_events,marauding_hrs,marauding_sqhrs,traveling_events,traveling_hrs,traveling_sqhrs
0,0.0,8,360.00319212057263,0.0,0.0,574.0,70.74531684853778,14.460936132883102,1505.0,252.67655648266862,53.158927049285275,220.0,36.621379665460765,7.572883722712896,0.0,0.0,0.0,0.0,0.0,0.0
1,0.054,9,360.4455846769743,0.0,100.0,577.0,68.52694350559537,14.119656673050146,1593.0,271.3382879702997,58.46722087536366,114.0,18.475726112761542,3.8116776967936747,13.0,1.3,0.13000000000000006,67.0,0.4615873769216961,0.003515089163237313
2,0.0,11,359.906458986724,100.0,0.0,560.0,68.49055470348759,14.25267114093493,1415.0,236.92279048664392,49.861970110644485,327.0,54.58917126171132,11.986432578879276,0.0,0.0,0.0,0.0,0.0,0.0
3,0.054,5,360.00066827128006,100.0,100.0,575.0,73.16135325094251,16.607219490359164,1578.0,266.43636440543816,56.900930076387105,110.0,18.396418230348363,3.9042538232148787,16.0,1.6000000000000003,0.1600000000000001,90.0,0.4914552265395872,0.002764917695473251
4,0.0,9,360.26165517664305,200.0,0.0,564.0,70.55110534925383,14.882115508496629,1566.0,264.94487929296673,56.72418116534179,140.0,24.525301735463746,5.589763753651847,0.0,0.0,0.0,0.0,0.0,0.0
5,0.0,12,360.7566679267421,200.0,100.0,564.0,67.75363448442059,14.025377211546617,1596.0,267.7782866938598,57.19096720869629,163.0,24.67168968869339,4.704998931564966,0.0,0.0,0.0,0.0,0.0,0.0
