id,probability_maraud,successful_mating,next_foraging_time,x_pos,y_pos,foraging_events,foraging_hrs,foraging_sqhrs,staying_events,staying_hrs,staying_sqhrs,repairing_events,repairing_hrs,repairing_sqhrs,marauding_events,marauding_hrs,marauding_sqhrs,traveling_events,traveling_hrs,traveling_sqhrs
0,0.0,13,360.34462003783807,0.0,0.0,572.0,67.59965064242421,12.740409265890648,1600.0,274.3474192198023,59.27722172196718,114.0,18.247591621662114,3.7740594014361695,0.0,0.0,0.0,0.0,0.0,0.0
1,0.0,9,360.16572188750206,0.0,100.0,561.0,71.30565745211379,14.270936673107817,1500.0,252.10313718353842,54.16741991566176,215.0,36.71484847939833,8.123746911343353,0.0,0.0,0.0,0.0,0.0,0.0
2,0.0,6,359.9392934658549,100.0,0.0,552.0,76.8583263520817,17.842035673600147,1399.0,246.72993710717367,55.22505677854421,207.0,36.4150400066828,7.865780650605801,0.0,0.0,0.0,0.0,0.0,0.0
3,0.054,6,360.09830579398573,100.0,100.0,560.0,69.25683568604707,14.611063229733087,1570.0,266.55582152997056,58.1719772808667,133.0,22.4393788247567,4.703245458452037,14.0,1.4000000000000001,0.14000000000000007,83.0,0.45137719760675205,0.0025291495198902607
4,0.0,10,360.29231257365524,200.0,0.0,569.0,70.0903974668867,14.169297420097493,1447.0,246.99674928058363,53.367174573480284,239.0,42.98569578106535,9.616696798138275,0.0,0.0,0.0,0.0,0.0,0.0
5,0.054,10,360.3263729550243,200.0,100.0,563.0,67.42308771195852,13.994679630107074,1579.0,266.33550365628236,56.97088955073981,136.0,24.168386566378295,5.3004199302870445,16.0,1.6000000000000003,0.1600000000000001,95.0,0.667416036809477,0.005229766803840883
