id,probability_maraud,successful_mating,next_foraging_time,x_pos,y_pos,foraging_events,foraging_hrs,foraging_sqhrs,staying_events,staying_hrs,staying_sqhrs,repairing_events,repairing_hrs,repairing_sqhrs,marauding_events,marauding_hrs,marauding_sqhrs,traveling_events,traveling_hrs,traveling_sqhrs
0,0.0,9,359.92183519280417,0.0,0.0,576.0,69.34193896326494,13.66109653917386,1410.0,241.79730218594977,52.13140240724887,292.0,48.891107316119424,10.168748745009657,0.0,0.0,0.0,0.0,0.0,0.0
1,0.054,7,360.2152030710033,0.0,100.0,568.0,70.64647330682482,14.196893325064945,1609.0,269.45156902966164,57.29771762663969,107.0,18.296689450779326,4.062099008485183,10.0,0.9999999999999999,0.10000000000000003,107.0,0.7530366311913462,0.005894204389574766
2,0.0,7,359.77256501055103,100.0,0.0,569.0,69.5151034024064,13.845777850264977,1585.0,266.02535933722146,56.42781299160746,130.0,24.517620889918447,5.74924808393453,0.0,0.0,0.0,0.0,0.0,0.0
3,0.054,11,360.487722174023,100.0,100.0,560.0,70.31350644885522,13.792172112115887,1670.0,281.5798980276743,60.06604551565267,36.0,6.069776551238127,1.269540997572898,17.0,1.7000000000000004,0.1700000000000001,95.0,0.5146033746877354,0.0028720850480109753
4,0.0,4,360.21868077768795,200.0,0.0,564.0,72.810129754344,15.986051998356873,1537.0,256.8121999934386,54.553403675269514,183.0,30.393894389803314,6.4292905787044115,0.0,0.0,0.0,0.0,0.0,0.0
5,0.0,16,359.8360041125034,200.0,100.0,564.0,70.81527833641597,14.75922284955491,1484.0,252.61391753060633,55.24488279641507,240.0,36.58095712710948,7.303111258427921,0.0,0.0,0.0,0.0,0.0,0.0
