id,probability_maraud,successful_mating,next_foraging_time,x_pos,y_pos,foraging_events,foraging_hrs,foraging_sqhrs,staying_events,staying_hrs,staying_sqhrs,repairing_events,repairing_hrs,repairing_sqhrs,marauding_events,marauding_hrs,marauding_sqhrs,traveling_events,traveling_hrs,traveling_sqhrs
0,0.0,6,360.0139173454269,0.0,0.0,559.0,69.6084325393843,14.366193099012342,1410.0,241.51528676382716,51.95279810409365,289.0,48.976964331117856,10.34960952426972,0.0,0.0,0.0,0.0,0.0,0.0
1,0.0,10,359.8695977411613,0.0,100.0,553.0,70.19741069744771,14.294088176890279,1569.0,259.41372664720467,54.866358380144916,170.0,30.426917254693073,6.583691851342691,0.0,0.0,0.0,0.0,0.0,0.0
2,0.054,12,360.1466085838179,100.0,0.0,571.0,73.42152261318438,16.012613990779606,1637.0,278.4618478771874,60.90897045455044,40.0,6.165568933868587,1.2811195334444536,18.0,1.8000000000000005,0.1800000000000001,83.0,0.4379536099372536,0.0023791152263374486
3,0.0,10,360.1688648725137,100.0,100.0,562.0,69.2393009923451,14.476468151143415,1494.0,248.0050774039153,52.67698854120174,247.0,42.8215173997413,9.76092770516869,0.0,0.0,0.0,0.0,0.0,0.0
4,0.054,8,359.9366759163957,200.0,0.0,578.0,69.44223736266613,14.020522663762474,1563.0,264.3627156343147,56.82562012839647,146.0,24.211887938445496,5.036108132757345,14.0,1.4000000000000001,0.14000000000000007,90.0,0.6179120358343162,0.0047367969821673584
5,0.0,8,359.9921370578911,200.0,100.0,572.0,72.01817019313722,14.992918663466456,1434.0,245.2773510018251,53.39218157830825,244.0,42.94560939725382,9.26652413744938,0.0,0.0,0.0,0.0,0.0,0.0
