id,probability_maraud,successful_mating,next_foraging_time,x_pos,y_pos,foraging_events,foraging_hrs,foraging_sqhrs,staying_events,staying_hrs,staying_sqhrs,repairing_events,repairing_hrs,repairing_sqhrs,marauding_events,marauding_hrs,marauding_sqhrs,traveling_events,traveling_hrs,traveling_sqhrs
0,0.0,5,360.3990308985788,0.0,0.0,586.0,69.90726814001162,14.067757579947276,1572.0,259.8234633412856,54.51384690582516,185.0,30.47718397966574,6.344194752378646,0.0,0.0,0.0,0.0,0.0,0.0
1,0.054,11,360.1978332600705,0.0,100.0,564.0,71.35101723479042,14.831332679069206,1675.0,280.49054978400477,59.205049510059055,42.0,6.128586651440691,1.2420742057429877,13.0,1.3,0.13000000000000006,102.0,0.749768068090079,0.006087105624142666
2,0.0,11,360.5415578048943,100.0,0.0,554.0,68.81369579916175,14.3369176576261,1576.0,266.75137854530215,57.699476267704,150.0,24.44628343767622,5.266666780987919,0.0,0.0,0.0,0.0,0.0,0.0
3,0.054,8,360.4995194396289,100.0,100.0,554.0,70.94252821561788,14.782080846271537,1627.0,281.79787550145306,61.818447249040695,37.0,6.055969910121219,1.323663556421867,10.0,0.9999999999999999,0.10000000000000003,84.0,0.4617597933804523,0.002614883401920438
4,0.0,10,360.56318448059926,200.0,0.0,567.0,70.61814378873616,16.15546825578846,1550.0,264.79216749420783,57.19803738716295,153.0,24.619650048274313,5.088208399127201,0.0,0.0,0.0,0.0,0.0,0.0
5,0.0,9,360.0301032580672,200.0,100.0,571.0,70.9658453630635,14.567138046949387,1425.0,240.26765415888764,51.52723235753553,289.0,48.803537877902016,10.459352234549307,0.0,0.0,0.0,0.0,0.0,0.0
