id,probability_maraud,successful_mating,next_foraging_time,x_pos,y_pos,foraging_events,foraging_hrs,foraging_sqhrs,staying_events,staying_hrs,staying_sqhrs,repairing_events,repairing_hrs,repairing_sqhrs,marauding_events,marauding_hrs,marauding_sqhrs,traveling_events,traveling_hrs,traveling_sqhrs
0,0.0,8,359.99917283775505,0.0,0.0,566.0,69.86012116502378,13.85136273082389,1543.0,253.6750202362456,53.642791470522816,227.0,36.58392275697652,7.52351905129796,0.0,0.0,0.0,0.0,0.0,0.0
1,0.0,9,360.24396642213986,0.0,100.0,563.0,71.73547467242498,15.32418330703867,1611.0,278.36046213636956,60.37960144414514,64.0,9.951737054064989,2.0197204863442018,0.0,0.0,0.0,0.0,0.0,0.0
2,0.054,10,359.9847187578567,100.0,0.0,556.0,72.55498299694597,15.790269775539937,1502.0,261.41765534298156,57.052910236869884,131.0,24.235822790912103,5.376854410686378,14.0,1.4000000000000001,0.14000000000000007,89.0,0.4657313877150314,0.002507716049382716
3,0.0,8,360.1698291050057,100.0,100.0,559.0,68.6867939811571,14.122486328755175,1511.0,255.0378017192812,54.476831842415486,215.0,36.3422777804234,7.692598919541075,0.0,0.0,0.0,0.0,0.0,0.0
4,0.054,13,360.2914975249579,200.0,0.0,565.0,71.52735348420491,14.751757457919693,1570.0,268.16821685463583,58.21248677795044,110.0,18.665674542463947,3.953554454648363,11.0,1.0999999999999999,0.11000000000000004,92.0,0.6206138512741368,0.0046510631001371785
5,0.0,6,360.23662279840994,200.0,100.0,564.0,70.09647920698356,14.785114769786626,1556.0,265.48107678672164,57.629546444142,156.0,24.475508390167764,5.228139506090499,0.0,0.0,0.0,0.0,0.0,0.0
