id,probability_maraud,successful_mating,next_foraging_time,x_pos,y_pos,foraging_events,foraging_hrs,foraging_sqhrs,staying_events,staying_hrs,staying_sqhrs,repairing_events,repairing_hrs,repairing_sqhrs,marauding_events,marauding_hrs,marauding_sqhrs,traveling_events,traveling_hrs,traveling_sqhrs
0,0.0,10,360.3368600936003,0.0,0.0,571.0,74.92503221402822,16.844542057720723,1420.0,236.14720313424047,50.11610920086224,280.0,48.958213661699496,10.484024026103796,0.0,0.0,0.0,0.0,0.0,0.0
1,0.0,8,360.33486199926074,0.0,100.0,557.0,72.22233243507877,15.696491442099497,1500.0,257.3255660949264,56.26011803037511,175.0,30.541101370177106,6.788812372246959,0.0,0.0,0.0,0.0,0.0,0.0
2,0.054,9,360.132593223464,100.0,0.0,559.0,67.88894137490294,13.377732899065037,1659.0,278.2052367266664,59.81652672513893,72.0,12.075662998016616,2.488763238865006,14.0,1.4000000000000001,0.14000000000000007,88.0,0.47644300113625715,0.0026577503429355285
3,0.0,10,360.0476475468776,100.0,100.0,559.0,71.35285648344706,15.046858399330066,1533.0,257.7260998413969,54.36897808682457,179.0,30.989620589298468,6.842973197329128,0.0,0.0,0.0,0.0,0.0,0.0
4,0.0,7,360.0557424787362,200.0,0.0,562.0,73.86730387685301,15.25336522244281,1409.0,237.83984130085753,50.792854644505766,282.0,48.541380346094854,10.685403567555374,0.0,0.0,0.0,0.0,0.0,0.0
5,0.054,10,360.00453005676854,200.0,100.0,556.0,70.98600315301212,15.243825505509799,1575.0,262.4401121487432,55.958734339896786,140.0,24.178603169847474,5.30874898605699,18.0,1.8000000000000005,0.1800000000000001,93.0,0.6628269951995008,0.005272633744855972
