id,probability_maraud,successful_mating,next_foraging_time,x_pos,y_pos,foraging_events,foraging_hrs,foraging_sqhrs,staying_events,staying_hrs,staying_sqhrs,repairing_events,repairing_hrs,repairing_sqhrs,marauding_events,marauding_hrs,marauding_sqhrs,traveling_events,traveling_hrs,traveling_sqhrs
0,0.0,8,360.11483624136605,0.0,0.0,572.0,71.14406396540237,15.075124023238715,1640.0,270.56272806038197,56.69727601420197,106.0,18.368846857273677,3.9441108520586723,0.0,0.0,0.0,0.0,0.0,0.0
1,0.0,6,360.3219166048376,0.0,100.0,559.0,75.34219262704097,17.029235930412998,1567.0,266.4666914249285,57.470249445308504,113.0,18.263005602101863,3.8463605933668927,0.0,0.0,0.0,0.0,0.0,0.0
2,0.0,8,360.55580518880816,100.0,0.0,576.0,72.46895762726862,16.220031063478213,1370.0,233.84651464537473,50.63723094121434,322.0,53.889689457366075,11.502243779691465,0.0,0.0,0.0,0.0,0.0,0.0
3,0.054,12,360.2823816034752,100.0,100.0,572.0,70.60796680299954,14.59727565306884,1559.0,269.1582935172506,57.88806760334369,103.0,18.416762700519552,4.253326381989125,14.0,1.4000000000000001,0.14000000000000007,83.0,0.44178892069996745,0.002421982167352538
4,0.054,8,360.2812686196021,200.0,0.0,565.0,69.41449270574931,14.65294806640878,1582.0,264.4125117674515,56.2379600632091,141.0,24.357600761958253,5.36347084683434,14.0,1.4000000000000001,0.14000000000000007,87.0,0.5911561481289231,0.004501028806584364
5,0.0,12,360.1369702155546,200.0,100.0,568.0,67.3259182018041,13.366686791822564,1514.0,256.3052369571988,55.013916044646265,201.0,36.36936370960655,7.851148191333522,0.0,0.0,0.0,0.0,0.0,0.0
