id,probability_maraud,successful_mating,next_foraging_time,x_pos,y_pos,foraging_events,foraging_hrs,foraging_sqhrs,staying_events,staying_hrs,staying_sqhrs,repairing_events,repairing_hrs,repairing_sqhrs,marauding_events,marauding_hrs,marauding_sqhrs,traveling_events,traveling_hrs,traveling_sqhrs
0,0.054,12,360.0931224852627,0.0,0.0,564.0,69.98980753921602,14.724236817635221,1698.0,281.59364448937134,59.047515365312826,36.0,6.119276142436213,1.2305617383040586,18.0,1.8000000000000005,0.1800000000000001,96.0,0.6418849320605815,0.004801097393689991
1,0.0,9,360.13101183432843,0.0,100.0,559.0,72.18570852725179,15.894993940866424,1566.0,263.10016227252856,55.72699391621248,144.0,24.734034524332237,5.39897458237401,0.0,0.0,0.0,0.0,0.0,0.0
2,0.054,9,359.9471733987973,100.0,0.0,565.0,69.26802114153217,13.6475534066525,1507.0,252.1639257374786,54.06600559446674,207.0,36.94513432979904,8.159159582755354,13.0,1.3,0.13000000000000006,81.0,0.4306120060593511,0.002357681755829903
3,0.0,10,359.98664699241795,100.0,100.0,557.0,70.62192777246533,15.389445367204964,1593.0,275.1491446881102,59.24551645070253,82.0,14.422000276654417,3.082964158209246,0.0,0.0,0.0,0.0,0.0,0.0
4,0.0,8,360.57135656100803,200.0,0.0,569.0,71.56311670154528,15.201007235984973,1343.0,233.65440527382498,51.61726491697426,327.0,54.89885117245995,11.778000538645175,0.0,0.0,0.0,0.0,0.0,0.0
5,0.0,6,359.8344945084832,200.0,100.0,573.0,72.94811235282417,14.983374093228106,1444.0,243.40328004659767,52.003057814084684,267.0,43.73129959743886,9.028974735724805,0.0,0.0,0.0,0.0,0.0,0.0
