id,probability_maraud,successful_mating,next_foraging_time,x_pos,y_pos,foraging_events,foraging_hrs,foraging_sqhrs,staying_events,staying_hrs,staying_sqhrs,repairing_events,repairing_hrs,repairing_sqhrs,marauding_events,marauding_hrs,marauding_sqhrs,traveling_events,traveling_hrs,traveling_sqhrs
0,0.0,17,359.92094551621227,0.0,0.0,573.0,70.96426934089862,14.474578024851395,1432.0,240.64263934184527,51.16022618511332,298.0,48.48801267818498,9.779047751777883,0.0,0.0,0.0,0.0,0.0,0.0
1,0.0,10,360.21461927502,0.0,100.0,562.0,70.21650490999194,14.207571978875443,1495.0,253.08491335105396,54.24975334827756,206.0,36.73792342862835,8.39334250467303,0.0,0.0,0.0,0.0,0.0,0.0
2,0.0,8,360.01016803496293,100.0,0.0,560.0,71.61802189668917,14.972033170530919,1431.0,245.72268323615214,52.58116673005276,258.0,42.82729498414868,8.959183778204663,0.0,0.0,0.0,0.0,0.0,0.0
3,0.054,4,360.5428966991923,100.0,100.0,572.0,70.2213520564524,14.817090852399623,1635.0,281.38544505575726,60.89419188186701,32.0,6.03096194382974,1.351250076713629,19.0,1.9000000000000006,0.1900000000000001,116.0,0.609907941528601,0.0033007544581618686
4,0.0,11,360.0439394094006,200.0,0.0,564.0,69.50205986431445,14.036925790167567,1510.0,254.0409448175347,54.92234741316477,227.0,36.460685638011114,7.586010916568017,0.0,0.0,0.0,0.0,0.0,0.0
5,0.054,4,360.1973070576608,200.0,100.0,563.0,71.67775028162424,15.17199721801279,1533.0,262.1220924843311,56.642449964742895,138.0,24.35734449430082,5.153247531206804,13.0,1.3,0.13000000000000006,80.0,0.5789877726271234,0.004608196159122089
