id,probability_maraud,successful_mating,next_foraging_time,x_pos,y_pos,foraging_events,foraging_hrs,foraging_sqhrs,staying_events,staying_hrs,staying_sqhrs,repairing_events,repairing_hrs,repairing_sqhrs,marauding_events,marauding_hrs,marauding_sqhrs,traveling_events,traveling_hrs,traveling_sqhrs
0,0.0,9,360.26664118093953,0.0,0.0,569.0,72.33200877592336,15.279822023075981,1495.0,251.11207534581814,53.80204237797707,232.0,36.865815138269454,7.380018797394931,0.0,0.0,0.0,0.0,0.0,0.0
1,0.0,8,360.3503228518857,0.0,100.0,559.0,71.29057027074421,14.501572313915794,1640.0,276.512983968802,59.01437445361826,73.0,12.359285792763451,2.6882502057660242,0.0,0.0,0.0,0.0,0.0,0.0
2,0.054,10,360.18041817026824,100.0,0.0,567.0,70.79733037346244,14.780615177649194,1698.0,287.09766673679644,61.36414867365892,0.0,0.0,0.0,17.0,1.7000000000000004,0.1700000000000001,103.0,0.5554757224874864,0.0030864197530864213
3,0.054,12,360.57225298326745,100.0,100.0,567.0,68.62223473538418,14.160288739115668,1512.0,258.7949628938002,56.45085694952685,176.0,30.740845989830056,6.575904998251739,15.0,1.5000000000000002,0.15000000000000008,76.0,0.4093815132925599,0.0022719478737997247
4,0.0,4,360.5183241775789,200.0,0.0,563.0,70.84221987070875,14.454646998004193,1359.0,228.23960470207848,48.72381733561277,344.0,60.98367433717131,13.381228937011299,0.0,0.0,0.0,0.0,0.0,0.0
5,0.0,11,360.84562344433596,200.0,100.0,567.0,68.31619778299613,13.985758871152639,1382.0,237.16201293579303,51.16117454274682,317.0,54.75842210595932,11.825607802353424,0.0,0.0,0.0,0.0,0.0,0.0
