id,probability_maraud,successful_mating,next_foraging_time,x_pos,y_pos,foraging_events,foraging_hrs,foraging_sqhrs,staying_events,staying_hrs,staying_sqhrs,repairing_events,repairing_hrs,repairing_sqhrs,marauding_events,marauding_hrs,marauding_sqhrs,traveling_events,traveling_hrs,traveling_sqhrs
0,0.0,4,360.8050991890805,0.0,0.0,562.0,73.59162250721658,16.166481982118796,1320.0,231.71775959201784,51.7249631077704,330.0,54.94358463142831,11.730959747622403,0.0,0.0,0.0,0.0,0.0,0.0
1,0.054,10,359.9782312126137,0.0,100.0,568.0,67.79849627950574,13.122365821847481,1623.0,277.7110087151704,60.10508437432156,79.0,12.182516388667173,2.4362410541083492,17.0,1.7000000000000004,0.1700000000000001,107.0,0.7200218881028387,0.005401234567901238
2,0.054,7,360.1236421908931,100.0,0.0,568.0,70.22463056709486,14.759014167701123,1575.0,263.96401741749764,56.58859865801789,149.0,24.427985628307393,5.230944940045694,12.0,1.2,0.12000000000000005,67.0,0.35045594819368076,0.0018861454046639214
3,0.0,9,360.1441727079323,100.0,100.0,555.0,68.85880636124713,13.846815807999926,1577.0,267.1417895818095,57.110759067741995,132.0,24.29920330575386,5.592328196722549,0.0,0.0,0.0,0.0,0.0,0.0
4,0.0,11,360.31965241938576,200.0,0.0,547.0,72.63529378717338,15.719302823516943,1525.0,256.6004518205657,54.881143492720874,189.0,30.776159201973154,6.242848320663745,0.0,0.0,0.0,0.0,0.0,0.0
5,0.0,13,360.40882992191615,200.0,100.0,557.0,73.5364287601442,15.479847003135488,1469.0,256.1097791363839,55.887369873311854,184.0,30.359674434678418,6.3249931132186,0.0,0.0,0.0,0.0,0.0,0.0
