id,probability_maraud,successful_mating,next_foraging_time,x_pos,y_pos,foraging_events,foraging_hrs,foraging_sqhrs,staying_events,staying_hrs,staying_sqhrs,repairing_events,repairing_hrs,repairing_sqhrs,marauding_events,marauding_hrs,marauding_sqhrs,traveling_events,traveling_hrs,traveling_sqhrs
0,0.054,9,359.84956740883644,0.0,0.0,567.0,70.21364027373993,13.513514526333363,1499.0,252.7928127249971,54.07741832722465,205.0,34.954008481251776,7.586147722416953,16.0,1.6000000000000003,0.1600000000000001,80.0,0.5263109041029069,0.003922325102880661
1,0.054,12,360.06071977935756,0.0,100.0,568.0,75.32184539531481,16.2399517657877,1576.0,271.1675198268797,58.760341633389096,68.0,12.014043523382693,2.6238380492514937,11.0,1.0999999999999999,0.11000000000000004,93.0,0.6029809392561383,0.0043081275720164664
2,0.0,7,360.019772555349,100.0,0.0,574.0,71.30926353801749,15.582879399439294,1500.0,251.9913543686429,53.55438741293021,215.0,36.75860018505538,7.951003604839142,0.0,0.0,0.0,0.0,0.0,0.0
3,0.0,8,360.1403867679841,100.0,100.0,565.0,69.81022210239652,15.027492834563974,1541.0,259.7918311151609,55.82062085038848,178.0,30.444656459517503,6.6133314909794425,0.0,0.0,0.0,0.0,0.0,0.0
4,0.0,10,360.00094974348013,200.0,0.0,558.0,70.77407585427683,15.594269483069302,1635.0,277.139772860916,60.35034044257369,77.0,12.149333380511646,2.542022827813173,0.0,0.0,0.0,0.0,0.0,0.0
5,0.0,8,360.5479374747264,200.0,100.0,570.0,73.4709423479565,16.42505153563943,1500.0,249.97569513765364,52.69750297450392,222.0,36.74438869775553,7.660575673904877,0.0,0.0,0.0,0.0,0.0,0.0
