id,probability_maraud,successful_mating,next_foraging_time,x_pos,y_pos,foraging_events,foraging_hrs,foraging_sqhrs,staying_events,staying_hrs,staying_sqhrs,repairing_events,repairing_hrs,repairing_sqhrs,marauding_events,marauding_hrs,marauding_sqhrs,traveling_events,traveling_hrs,traveling_sqhrs
0,0.054,9,360.52836801846695,0.0,0.0,568.0,68.79522926907896,14.454134033419969,1601.0,270.9528982951118,58.12405738696655,104.0,17.45450679025384,3.672776941136024,21.0,2.1000000000000005,0.21000000000000013,100.0,0.7228150383904183,0.005787037037037044
1,0.0,10,360.51802288978234,0.0,100.0,577.0,72.39989543941287,14.987255236719102,1491.0,250.9700738935744,53.730207992187935,207.0,36.63747620779243,8.031827315997413,0.0,0.0,0.0,0.0,0.0,0.0
2,0.0,10,360.58747999187403,100.0,0.0,573.0,73.9854092976149,15.355703761941932,1375.0,231.70822269273748,49.557764674556914,332.0,54.57736261144314,11.197924472751072,0.0,0.0,0.0,0.0,0.0,0.0
3,0.0,7,360.4569240004075,100.0,100.0,567.0,73.16620613407305,16.00841581680852,1484.0,250.21585917211337,52.86093966448075,221.0,36.788410197066526,7.607662133877454,0.0,0.0,0.0,0.0,0.0,0.0
4,0.054,8,360.1305729630528,200.0,0.0,569.0,69.19346787608768,13.748265358214084,1680.0,283.08386682395394,61.072663573327226,32.0,6.0204532377998214,1.335609902849812,11.0,1.0999999999999999,0.11000000000000004,95.0,0.6573928878945033,0.0050582990397805274
5,0.0,10,360.4762552678037,200.0,100.0,561.0,70.73260285957907,15.120659758589373,1474.0,246.23196759947754,51.96389106609032,251.0,43.11532537088174,9.443362919784489,0.0,0.0,0.0,0.0,0.0,0.0
