id,probability_maraud,successful_mating,next_foraging_time,x_pos,y_pos,foraging_events,foraging_hrs,foraging_sqhrs,staying_events,staying_hrs,staying_sqhrs,repairing_events,repairing_hrs,repairing_sqhrs,marauding_events,marauding_hrs,marauding_sqhrs,traveling_events,traveling_hrs,traveling_sqhrs
0,0.0,4,359.88787143804404,0.0,0.0,557.0,71.34016762741942,14.800069735486419,1453.0,246.06854758188516,53.211220724567944,248.0,42.60055515726865,9.260597466628646,0.0,0.0,0.0,0.0,0.0,0.0
1,0.0,12,360.63514662999154,0.0,100.0,564.0,68.72747595701529,13.973531340395906,1530.0,257.47160128240637,54.61628908232449,207.0,33.86870521643239,6.947307637341559,0.0,0.0,0.0,0.0,0.0,0.0
2,0.0,9,360.1833362654801,100.0,0.0,578.0,68.92414496489934,14.056499615333971,1535.0,260.5779683965129,55.36737124014183,169.0,30.51585164644016,6.773939580134097,0.0,0.0,0.0,0.0,0.0,0.0
3,0.054,12,360.1079133168023,100.0,100.0,551.0,69.59342870805504,14.410189550136595,1665.0,282.720077044136,60.98907059388228,36.0,6.016828433502933,1.3308647539657084,12.0,1.2,0.12000000000000005,88.0,0.48411362266168484,0.002743484224965707
4,0.054,11,360.11176996797576,200.0,0.0,564.0,71.87503623026899,15.266069426863552,1590.0,268.1348797214564,57.53822923848046,105.0,18.196149338855818,3.999082141946271,13.0,1.3,0.13000000000000006,86.0,0.598826769654351,0.004629629629629632
5,0.0,6,360.094699010046,200.0,100.0,567.0,69.64859650108662,13.415607950405324,1578.0,272.160035037513,59.76608044332814,110.0,18.266434263800562,3.7062359800354483,0.0,0.0,0.0,0.0,0.0,0.0
