id,probability_maraud,successful_mating,next_foraging_time,x_pos,y_pos,foraging_events,foraging_hrs,foraging_sqhrs,staying_events,staying_hrs,staying_sqhrs,repairing_events,repairing_hrs,repairing_sqhrs,marauding_events,marauding_hrs,marauding_sqhrs,traveling_events,traveling_hrs,traveling_sqhrs
0,0.0,10,360.0418446685362,0.0,0.0,551.0,72.40950571017973,15.486131157784436,1434.0,245.07323804660356,52.991049979987416,240.0,42.520102417544635,9.38545110664946,0.0,0.0,0.0,0.0,0.0,0.0
1,0.054,9,360.2398555193867,0.0,100.0,561.0,69.15926075386757,13.854766156380796,1671.0,282.84904455584933,60.06791381180671,34.0,6.014431852960808,1.2804122617680052,14.0,1.4000000000000001,0.14000000000000007,85.0,0.5982701808013564,0.004693930041152267
2,0.054,8,360.10173036167254,100.0,0.0,584.0,69.267622646081,13.03533833588119,1745.0,288.9383310912696,61.0105111904877,0.0,0.0,0.0,14.0,1.4000000000000001,0.14000000000000007,83.0,0.4417889206999674,0.0024219821673525386
3,0.0,6,359.8826890524264,100.0,100.0,564.0,71.55786915079092,15.09090954018721,1457.0,251.90909217937082,54.023332421946165,218.0,36.665013598696234,7.84527451768677,0.0,0.0,0.0,0.0,0.0,0.0
4,0.0,13,360.2968956834912,200.0,0.0,567.0,73.3116593678606,15.924265079144416,1500.0,255.9682513884804,55.11107551584633,188.0,30.832858424168347,6.452406238454957,0.0,0.0,0.0,0.0,0.0,0.0
5,0.0,7,360.04601735171906,200.0,100.0,569.0,73.60591765837616,15.632921966210167,1377.0,230.97531699501633,49.475784021905355,341.0,55.544049639603365,11.653649805711174,0.0,0.0,0.0,0.0,0.0,0.0
