id,probability_maraud,successful_mating,next_foraging_time,x_pos,y_pos,foraging_events,foraging_hrs,foraging_sqhrs,staying_events,staying_hrs,staying_sqhrs,repairing_events,repairing_hrs,repairing_sqhrs,marauding_events,marauding_hrs,marauding_sqhrs,traveling_events,traveling_hrs,traveling_sqhrs
0,0.0,6,360.45867052102477,0.0,0.0,557.0,70.86964099964071,14.788120807211824,1336.0,228.20578957430115,49.43627162680553,362.0,60.92631303059363,13.047701867201914,0.0,0.0,0.0,0.0,0.0,0.0
1,0.054,9,360.15056396037807,0.0,100.0,578.0,65.8349505978759,12.167004191201412,1623.0,274.06806389358917,58.515833436451764,112.0,18.508424743467202,3.5910190300536047,12.0,1.2,0.12000000000000005,105.0,0.5474760833145333,0.002936385459533609
2,0.0,9,360.4790115826304,100.0,0.0,563.0,66.7291813636471,13.683280625934318,1517.0,250.92217493980266,53.2430282096904,243.0,42.635418187608586,9.345530564410364,0.0,0.0,0.0,0.0,0.0,0.0
3,0.054,12,360.56603236494556,100.0,100.0,563.0,71.98952848687345,15.957222428020128,1583.0,267.96869272178236,57.02154989924993,113.0,18.491894874169596,3.7915578487613226,12.0,1.2,0.12000000000000005,95.0,0.49542682087416623,0.0026577503429355293
