id,probability_maraud,successful_mating,next_foraging_time,x_pos,y_pos,foraging_events,foraging_hrs,foraging_sqhrs,staying_events,staying_hrs,staying_sqhrs,repairing_events,repairing_hrs,repairing_sqhrs,marauding_events,marauding_hrs,marauding_sqhrs,traveling_events,traveling_hrs,traveling_sqhrs
0,0.054,10,360.33852634960766,0.0,0.0,569.0,70.69554987640257,15.776328734565702,1578.0,262.9441186761527,54.73945992761874,136.0,24.36326437389206,5.479787098601105,18.0,1.8000000000000005,0.1800000000000001,90.0,0.46844336196330405,0.002507716049382716
1,0.054,6,360.7817956133236,0.0,100.0,560.0,73.72032697482311,16.328247380892,1342.0,230.5381226176341,49.73099109583728,331.0,54.78658395647894,11.532075848242876,9.0,0.8999999999999999,0.09000000000000002,61.0,0.3265134811786167,0.0018004115226337432
2,0.0,12,360.24038534805123,100.0,0.0,560.0,72.63334586593024,15.51393316551095,1514.0,256.8652007114253,55.63802545156355,173.0,30.565450237501867,6.914394180098592,0.0,0.0,0.0,0.0,0.0,0.0
3,0.0,8,360.1097716922921,100.0,100.0,555.0,71.73614882800746,15.97483216506844,1383.0,233.45479800377493,50.593653195988274,324.0,54.90053837161814,11.764320978529202,0.0,0.0,0.0,0.0,0.0,0.0
