id,probability_maraud,successful_mating,next_foraging_time,x_pos,y_pos,foraging_events,foraging_hrs,foraging_sqhrs,staying_events,staying_hrs,staying_sqhrs,repairing_events,repairing_hrs,repairing_sqhrs,marauding_events,marauding_hrs,marauding_sqhrs,traveling_events,traveling_hrs,traveling_sqhrs
0,0.0,6,359.9648018037253,0.0,0.0,570.0,74.03792635885152,16.040893900694265,1229.0,206.6578698854142,44.04275754511357,461.0,79.41225267242166,17.741995868234348,0.0,0.0,0.0,0.0,0.0,0.0
1,0.0,7,360.2191081439619,0.0,100.0,570.0,68.30197738802488,13.7500642338235,1436.0,242.8925509518003,52.16717567210823,303.0,48.948539208473605,9.99677106040746,0.0,0.0,0.0,0.0,0.0,0.0
2,0.054,9,360.10068519584405,100.0,0.0,563.0,71.31077802484836,15.970574237513407,1471.0,250.09663933566586,54.391993195191574,222.0,36.59259172164051,7.542319059663816,18.0,1.8000000000000005,0.1800000000000001,78.0,0.4013818741196068,0.0021219135802469126
3,0.054,14,360.3755984505267,100.0,100.0,570.0,70.48814696131892,14.206639608465355,1506.0,257.4060487166991,54.940878666978286,168.0,30.473652371960778,7.011711674911075,14.0,1.4000000000000001,0.14000000000000007,72.0,0.37935706248589973,0.0020576131687242787
