id,probability_maraud,successful_mating,next_foraging_time,x_pos,y_pos,foraging_events,foraging_hrs,foraging_sqhrs,staying_events,staying_hrs,staying_sqhrs,repairing_events,repairing_hrs,repairing_sqhrs,marauding_events,marauding_hrs,marauding_sqhrs,traveling_events,traveling_hrs,traveling_sqhrs
0,0.054,11,360.0516401051369,0.0,0.0,576.0,69.62428531142089,14.449632174266274,1500.0,258.18838280016877,56.06633745983874,181.0,30.290472942915788,6.419693462760688,16.0,1.6000000000000003,0.1600000000000001,83.0,0.4341182991745397,0.00233624828532236
1,0.054,12,360.0689372192734,0.0,100.0,569.0,70.86371391868244,14.809371209444238,1493.0,245.02004127930607,51.631514312711545,253.0,42.5258832132247,9.039227608023381,12.0,1.2,0.12000000000000005,82.0,0.42373570340083927,0.0022505144032921804
2,0.0,5,360.22369909062473,100.0,0.0,574.0,68.97484479016386,13.765570229193324,1458.0,242.31043047745996,51.03092456212923,288.0,48.91629524606713,10.533833094515744,0.0,0.0,0.0,0.0,0.0,0.0
3,0.0,8,360.316530153435,100.0,100.0,567.0,71.2908665978088,14.283918483330352,1434.0,239.96454890003034,50.99921280290907,291.0,48.99245030991737,10.581688035955585,0.0,0.0,0.0,0.0,0.0,0.0
