id,probability_maraud,successful_mating,next_foraging_time,x_pos,y_pos,foraging_events,foraging_hrs,foraging_sqhrs,staying_events,staying_hrs,staying_sqhrs,repairing_events,repairing_hrs,repairing_sqhrs,marauding_events,marauding_hrs,marauding_sqhrs,traveling_events,traveling_hrs,traveling_sqhrs
0,0.054,11,359.91257208390704,0.0,0.0,563.0,71.69307254411103,15.358401553807939,1475.0,243.3653981412282,51.02783893546605,252.0,43.054835196655056,9.345847257282479,15.0,1.5000000000000002,0.15000000000000008,86.0,0.46910139725835465,0.0026363168724279832
1,0.0,3,360.4384546105656,0.0,100.0,566.0,74.60350829877225,16.442083487247938,1336.0,224.3734692245369,47.78308969540581,344.0,61.20807022738185,13.576695875490797,0.0,0.0,0.0,0.0,0.0,0.0
2,0.054,14,360.1888796043382,100.0,0.0,553.0,70.23374215623943,14.98680225821233,1519.0,257.56123912341445,55.234750872277,177.0,30.544110906499018,6.598887623332234,12.0,1.2,0.12000000000000005,95.0,0.5030974423995939,0.002743484224965707
3,0.0,8,360.1057611591857,100.0,100.0,578.0,68.30841286591996,13.115924095723315,1557.0,264.5093515148679,57.03291790214922,159.0,27.45217537808433,5.856628319816892,0.0,0.0,0.0,0.0,0.0,0.0
