id,probability_maraud,successful_mating,next_foraging_time,x_pos,y_pos,foraging_events,foraging_hrs,foraging_sqhrs,staying_events,staying_hrs,staying_sqhrs,repairing_events,repairing_hrs,repairing_sqhrs,marauding_events,marauding_hrs,marauding_sqhrs,traveling_events,traveling_hrs,traveling_sqhrs
0,0.0,8,360.657844248108,0.0,0.0,560.0,72.96246638927416,15.612410772300706,1246.0,214.11650342670845,46.85160858354726,438.0,73.12961740228211,15.638689965264588,0.0,0.0,0.0,0.0,0.0,0.0
1,0.0,5,360.14691943473633,0.0,100.0,567.0,68.99265608202624,13.554947030309181,1383.0,230.16164806563845,48.20344733383571,344.0,60.94875098814151,13.78140440242327,0.0,0.0,0.0,0.0,0.0,0.0
2,0.054,8,360.6765845619789,100.0,0.0,568.0,75.0535973754535,17.37390190031792,1407.0,234.68357959491786,49.90982008424602,305.0,48.74543389638021,9.872974431163266,13.0,1.3,0.13000000000000006,65.0,0.3450319996971352,0.0018861454046639214
3,0.054,15,360.41091118938596,100.0,100.0,563.0,72.26639551744825,15.306704212274694,1632.0,273.0866435499845,58.25916779206027,66.0,12.251693507635416,2.6511815773877134,19.0,1.9000000000000006,0.1900000000000001,96.0,0.496221139741082,0.002636316872427984
