id,probability_maraud,successful_mating,next_foraging_time,x_pos,y_pos,foraging_events,foraging_hrs,foraging_sqhrs,staying_events,staying_hrs,staying_sqhrs,repairing_events,repairing_hrs,repairing_sqhrs,marauding_events,marauding_hrs,marauding_sqhrs,traveling_events,traveling_hrs,traveling_sqhrs
0,0.0,10,360.01107378910257,0.0,0.0,568.0,69.20816584022413,14.729746108948747,1441.0,240.14595300084474,51.02723718948816,300.0,50.786204131815005,10.77076700144089,0.0,0.0,0.0,0.0,0.0,0.0
1,0.054,10,359.949884237507,0.0,100.0,568.0,68.08841387398925,13.54048322781992,1572.0,265.8431236807036,56.624616221426024,135.0,24.531259014751413,5.794779861716945,12.0,1.2,0.12000000000000005,89.0,0.4772373200031729,0.0026363168724279832
2,0.054,12,360.0471050819371,100.0,0.0,575.0,67.58522301994986,12.741733312430325,1612.0,272.7744781243571,59.024795778087466,105.0,18.21553080334695,3.8346972094062983,11.0,1.0999999999999999,0.11000000000000004,77.0,0.41017583215947573,0.002250514403292181
3,0.0,4,360.09590362461734,100.0,100.0,563.0,70.60998337517634,14.52130165826319,1478.0,246.89969878306977,52.43890150782193,250.0,42.695918190557926,9.184337565609665,0.0,0.0,0.0,0.0,0.0,0.0
