id,probability_maraud,successful_mating,next_foraging_time,x_pos,y_pos,foraging_events,foraging_hrs,foraging_sqhrs,staying_events,staying_hrs,staying_sqhrs,repairing_events,repairing_hrs,repairing_sqhrs,marauding_events,marauding_hrs,marauding_sqhrs,traveling_events,traveling_hrs,traveling_sqhrs
0,0.0,5,359.80908611187556,0.0,0.0,570.0,72.23369288058034,14.855510692145707,1274.0,214.50978599434478,46.00945006172594,447.0,73.35734356528616,15.34239917146603,0.0,0.0,0.0,0.0,0.0,0.0
1,0.054,11,360.33085507381037,0.0,100.0,564.0,72.80652115004142,15.553786236833826,1463.0,242.5796631018306,51.016953144094934,260.0,42.98328628960746,8.987409567649648,12.0,1.2,0.12000000000000005,99.0,0.5350395485876109,0.0029792524005486983
2,0.054,13,360.1650646103112,100.0,0.0,555.0,76.26147198442156,16.596332642601368,1489.0,257.2500554447102,56.12818138564508,144.0,24.517403079350768,5.22327984333763,15.0,1.5000000000000002,0.15000000000000008,91.0,0.4788259577370045,0.002593449931412896
3,0.0,7,360.3350182411338,100.0,100.0,556.0,70.3780831802362,14.622680164298139,1548.0,265.44612843223376,57.35954746631216,152.0,24.322754234273223,5.067410731741776,0.0,0.0,0.0,0.0,0.0,0.0
