id,probability_maraud,successful_mating,next_foraging_time,x_pos,y_pos,foraging_events,foraging_hrs,foraging_sqhrs,staying_events,staying_hrs,staying_sqhrs,repairing_events,repairing_hrs,repairing_sqhrs,marauding_events,marauding_hrs,marauding_sqhrs,traveling_events,traveling_hrs,traveling_sqhrs
0,0.0,7,360.24844328602467,0.0,0.0,542.0,73.29919993654998,16.572294350824205,1416.0,238.3606938091112,50.87412547029315,281.0,48.49472317186059,10.564669297762919,0.0,0.0,0.0,0.0,0.0,0.0
1,0.054,19,360.2424797231511,0.0,100.0,572.0,70.55343112630842,14.979515788770769,1632.0,275.16467337631167,59.21235146505887,70.0,12.087764948567651,2.681044994176114,17.0,1.7000000000000004,0.1700000000000001,106.0,0.5616939898509477,0.0030649862825788774
2,0.0,2,360.12618597596804,100.0,0.0,559.0,71.65016713857985,14.56446416804182,1382.0,233.68755907241723,49.718859082444666,324.0,54.72461438483611,11.503265573861828,0.0,0.0,0.0,0.0,0.0,0.0
3,0.054,8,360.11370662941636,100.0,100.0,566.0,70.05228783911093,15.049217663166692,1473.0,252.27588108186671,54.33487030720326,224.0,36.52425675194101,7.572705998959877,8.0,0.7999999999999999,0.08000000000000002,72.0,0.3774394071045429,0.002036179698216734
