id,probability_maraud,successful_mating,next_foraging_time,x_pos,y_pos,foraging_events,foraging_hrs,foraging_sqhrs,staying_events,staying_hrs,staying_sqhrs,repairing_events,repairing_hrs,repairing_sqhrs,marauding_events,marauding_hrs,marauding_sqhrs,traveling_events,traveling_hrs,traveling_sqhrs
0,0.054,13,360.38259955771764,0.0,0.0,572.0,70.58567821124845,15.205792488044805,1588.0,263.5640208833252,54.91949531278311,150.0,24.2326180676713,4.963842893093623,13.0,1.3,0.13000000000000006,94.0,0.49271484662589354,0.0026577503429355298
1,0.0,10,359.9750267869448,0.0,100.0,570.0,70.59992230218009,15.100045928740368,1419.0,240.3346139812519,51.5207726708552,284.0,49.1056099367708,10.463268970813788,0.0,0.0,0.0,0.0,0.0,0.0
2,0.0,6,360.45086149381797,100.0,0.0,566.0,72.48317949558373,15.069290843693118,1355.0,232.90947100641813,50.89205464619189,326.0,54.66159916119709,11.362492497640403,0.0,0.0,0.0,0.0,0.0,0.0
3,0.054,7,360.527548827847,100.0,100.0,557.0,71.89478136326923,14.819850252749884,1535.0,262.0997702787465,56.87448474943252,157.0,24.427812233862475,4.889118620252547,12.0,1.2,0.12000000000000005,95.0,0.4973444762555232,0.002679183813443075
