id,probability_maraud,successful_mating,next_foraging_time,x_pos,y_pos,foraging_events,foraging_hrs,foraging_sqhrs,staying_events,staying_hrs,staying_sqhrs,repairing_events,repairing_hrs,repairing_sqhrs,marauding_events,marauding_hrs,marauding_sqhrs,traveling_events,traveling_hrs,traveling_sqhrs
0,0.0,3,360.4587805476801,0.0,0.0,562.0,72.41073609430588,15.424900675897437,1283.0,214.86856222252652,45.45358223070863,431.0,72.80474329038202,15.47745798956981,0.0,0.0,0.0,0.0,0.0,0.0
1,0.054,10,359.84391538437876,0.0,100.0,573.0,69.391659341804,13.757773369607477,1560.0,269.84681861756616,59.02169521973335,108.0,18.513572250895894,4.18357848763122,18.0,1.8000000000000005,0.1800000000000001,84.0,0.45217151647366777,0.0025077160493827146
2,0.0,11,360.50772305006615,100.0,0.0,561.0,72.83280377725015,15.772106494559116,1341.0,225.90706239802742,47.72848735997176,367.0,61.28036674251259,13.075484828956414,0.0,0.0,0.0,0.0,0.0,0.0
3,0.054,12,360.5591388549219,100.0,100.0,577.0,70.33379223603657,14.684273328019843,1468.0,251.05406006552872,54.6130878076519,202.0,36.97926431412815,8.459266529454583,13.0,1.3,0.13000000000000006,66.0,0.34774397394540807,0.0018861454046639214
