id,probability_maraud,successful_mating,next_foraging_time,x_pos,y_pos,foraging_events,foraging_hrs,foraging_sqhrs,staying_events,staying_hrs,staying_sqhrs,repairing_events,repairing_hrs,repairing_sqhrs,marauding_events,marauding_hrs,marauding_sqhrs,traveling_events,traveling_hrs,traveling_sqhrs
0,0.0,13,360.0894393833688,0.0,0.0,566.0,72.94335520656614,15.90369617931498,1297.0,220.04338852795857,47.569826533389545,418.0,67.0538283586621,13.744958228464718,0.0,0.0,0.0,0.0,0.0,0.0
1,0.054,8,360.66669002065356,0.0,100.0,571.0,69.96637511231366,13.146952331573683,1447.0,245.6944517111877,52.94742445802127,255.0,42.80016308267648,8.88622338933894,12.0,1.2,0.12000000000000005,90.0,0.4626903958192333,0.002443415637860083
2,0.054,9,359.95672567419894,100.0,0.0,550.0,70.0574951434987,14.906913603020158,1580.0,275.61865772554336,60.250752872044316,70.0,12.05459987556626,2.545968834709879,19.0,1.9000000000000006,0.1900000000000001,87.0,0.45263681769305825,0.002421982167352537
3,0.0,6,360.8186984001747,100.0,100.0,567.0,71.84720005447598,14.729568936307082,1248.0,221.58724325397367,48.888420036310016,393.0,66.81718796919078,14.296275730752722,0.0,0.0,0.0,0.0,0.0,0.0
