id,probability_maraud,successful_mating,next_foraging_time,x_pos,y_pos,foraging_events,foraging_hrs,foraging_sqhrs,staying_events,staying_hrs,staying_sqhrs,repairing_events,repairing_hrs,repairing_sqhrs,marauding_events,marauding_hrs,marauding_sqhrs,traveling_events,traveling_hrs,traveling_sqhrs
0,0.0,10,359.84559917975935,0.0,0.0,567.0,70.4715870947489,14.592479886278387,1329.0,228.39787312661693,49.165479085912374,359.0,61.17280108709423,13.152594010393328,0.0,0.0,0.0,0.0,0.0,0.0
1,0.054,8,360.18337867395377,0.0,100.0,570.0,71.06578821916726,15.216499354258714,1522.0,255.77163115938697,54.563962382143146,187.0,30.831919103081024,6.580580371904921,20.0,2.0000000000000004,0.20000000000000012,77.0,0.39483458910862035,0.002079046639231824
2,0.054,13,360.8635219083467,100.0,0.0,553.0,71.42222370099866,16.13722362906642,1549.0,262.64982296182654,56.6862075355646,135.0,24.650307234881573,5.5630063688615605,10.0,0.9999999999999999,0.10000000000000003,80.0,0.4259823764297216,0.0023362482853223595
3,0.0,5,360.4762936450315,100.0,100.0,575.0,71.00492740657916,14.760586665860835,1370.0,226.32442462647663,48.01944420586767,381.0,62.69374377115362,13.46612903235712,0.0,0.0,0.0,0.0,0.0,0.0
