id,probability_maraud,successful_mating,next_foraging_time,x_pos,y_pos,foraging_events,foraging_hrs,foraging_sqhrs,staying_events,staying_hrs,staying_sqhrs,repairing_events,repairing_hrs,repairing_sqhrs,marauding_events,marauding_hrs,marauding_sqhrs,traveling_events,traveling_hrs,traveling_sqhrs
0,0.054,6,359.89459361719844,0.0,0.0,558.0,69.94078656577703,14.720742311297176,1423.0,241.37561344158706,51.47599658676708,280.0,47.224760891368625,10.372860186205878,13.0,1.3,0.13000000000000006,66.0,0.34582631856405105,0.0018647119341563768
1,0.0,11,359.93369823787634,0.0,100.0,569.0,69.8724839978687,15.118154935559414,1537.0,253.74403317290785,52.780570885669455,210.0,36.46384672404476,7.801416800255685,0.0,0.0,0.0,0.0,0.0,0.0
2,0.054,10,360.4687245918922,100.0,0.0,573.0,72.16907164849306,14.979835978276656,1438.0,243.55138170910956,52.59544876588323,264.0,42.5343233365832,8.857316960270246,15.0,1.5000000000000002,0.15000000000000008,90.0,0.4703610173446611,0.002529149519890262
3,0.0,9,360.4593554356369,100.0,100.0,568.0,67.92412983473827,13.575353643801979,1456.0,249.50512790866074,53.74427425300415,244.0,42.7822433441794,9.654439064842943,0.0,0.0,0.0,0.0,0.0,0.0
