id,probability_maraud,successful_mating,next_foraging_time,x_pos,y_pos,foraging_events,foraging_hrs,foraging_sqhrs,staying_events,staying_hrs,staying_sqhrs,repairing_events,repairing_hrs,repairing_sqhrs,marauding_events,marauding_hrs,marauding_sqhrs,traveling_events,traveling_hrs,traveling_sqhrs
0,0.0,10,360.3544973054177,0.0,0.0,560.0,72.63237939770052,16.922673520633143,1277.0,219.48542966630754,47.326423800976265,405.0,67.91222570919176,14.567723339971868,0.0,0.0,0.0,0.0,0.0,0.0
1,0.054,7,360.3751015187353,0.0,100.0,570.0,67.67487834909727,14.110090377393753,1643.0,278.12647690332074,59.267501438842125,79.0,12.276090094022203,2.441227139231565,15.0,1.5000000000000002,0.15000000000000008,88.0,0.4649370688481157,0.0025291495198902607
2,0.0,12,360.04337923903756,100.0,0.0,564.0,69.77551348034032,14.457796654384099,1481.0,249.6234517663402,53.6098135218189,235.0,40.67651358487707,8.9408097790572,0.0,0.0,0.0,0.0,0.0,0.0
3,0.054,7,360.067011035847,100.0,100.0,569.0,72.66529637118998,15.100077459106002,1504.0,255.4750311728447,54.720596674364494,189.0,30.39043929884751,6.356221202457005,11.0,1.0999999999999999,0.11000000000000004,85.0,0.4491305245778697,0.002443415637860082
