id,probability_maraud,successful_mating,next_foraging_time,x_pos,y_pos,foraging_events,foraging_hrs,foraging_sqhrs,staying_events,staying_hrs,staying_sqhrs,repairing_events,repairing_hrs,repairing_sqhrs,marauding_events,marauding_hrs,marauding_sqhrs,traveling_events,traveling_hrs,traveling_sqhrs
0,0.054,8,360.4808158809764,0.0,0.0,572.0,70.13810615527312,13.25855519755262,1412.0,233.81183340312066,49.711157409496096,320.0,54.52343387909532,11.895742201027547,13.0,1.3,0.13000000000000006,84.0,0.4445008949482401,0.002421982167352537
1,0.0,8,359.8427616835345,0.0,100.0,567.0,71.9891547746021,15.398192789299348,1381.0,231.94528793623033,49.589167341278014,335.0,56.094314007028416,12.08051601113564,0.0,0.0,0.0,0.0,0.0,0.0
2,0.054,10,360.43266954537893,100.0,0.0,566.0,68.00702316318203,13.847780779068975,1485.0,252.85854269424078,54.26521581677438,211.0,36.86476210372046,7.949652470538983,19.0,1.9000000000000006,0.1900000000000001,78.0,0.4128878064077483,0.00225051440329218
3,0.0,10,359.9472883152543,100.0,100.0,566.0,69.26190633961345,13.665392962847923,1428.0,247.80240453125103,54.1415806611784,250.0,42.97050121296824,9.635883594704042,0.0,0.0,0.0,0.0,0.0,0.0
