id,probability_maraud,successful_mating,next_foraging_time,x_pos,y_pos,foraging_events,foraging_hrs,foraging_sqhrs,staying_events,staying_hrs,staying_sqhrs,repairing_events,repairing_hrs,repairing_sqhrs,marauding_events,marauding_hrs,marauding_sqhrs,traveling_events,traveling_hrs,traveling_sqhrs
0,0.054,13,360.6228996029248,0.0,0.0,577.0,69.18162290528262,13.905273992028313,1571.0,264.04051656159515,56.551042329209345,147.0,24.465246874867077,5.198336897300434,19.0,1.9000000000000006,0.1900000000000001,78.0,0.4128878064077483,0.0022505144032921795
1,0.0,6,360.64899775219277,0.0,100.0,569.0,69.70396045832946,14.168672021830181,1290.0,216.97335759602018,46.16868881406131,427.0,73.47701615953933,16.031191677223745,0.0,0.0,0.0,0.0,0.0,0.0
2,0.054,9,360.0923493998948,100.0,0.0,573.0,65.70644088232542,12.424227255891994,1665.0,280.3810240757957,59.765342999231564,76.0,12.268625965659739,2.640044656792803,14.0,1.4000000000000001,0.14000000000000007,81.0,0.40760014148306806,0.002100480109739368
3,0.0,8,360.1377796249376,100.0,100.0,559.0,67.82836836258404,14.153594729326715,1205.0,205.9616754936348,44.391618422707516,506.0,86.36471767072528,18.51434247915155,0.0,0.0,0.0,0.0,0.0,0.0
