id,probability_maraud,successful_mating,next_foraging_time,x_pos,y_pos,foraging_events,foraging_hrs,foraging_sqhrs,staying_events,staying_hrs,staying_sqhrs,repairing_events,repairing_hrs,repairing_sqhrs,marauding_events,marauding_hrs,marauding_sqhrs,traveling_events,traveling_hrs,traveling_sqhrs
0,0.0,6,360.20127376720995,0.0,0.0,567.0,68.68771624547747,13.411436692218436,1378.0,230.0295203093128,48.81577523837966,359.0,61.33307439355685,13.142260492960023,0.0,0.0,0.0,0.0,0.0,0.0
1,0.054,12,359.96415753761596,0.0,100.0,559.0,68.44468363507674,13.470460852931573,1658.0,277.5167513975078,58.442113175032496,72.0,12.088055745483958,2.5431345222886317,15.0,1.5000000000000002,0.15000000000000008,102.0,0.5355048498070013,0.00289351851851852
2,0.054,13,360.71760525471586,100.0,0.0,572.0,67.86238350157508,12.850702007406388,1542.0,259.8689748681074,55.327299244936405,180.0,31.206620872708896,6.869453389554159,9.0,0.8999999999999999,0.09000000000000002,79.0,0.3925879160797379,0.0019933127572016444
3,0.0,5,360.29618495642893,100.0,100.0,575.0,69.18384395174373,13.649486621674345,1510.0,254.61542518235035,54.54567699355212,211.0,36.35777668914575,7.793171802759312,0.0,0.0,0.0,0.0,0.0,0.0
