id,probability_maraud,successful_mating,next_foraging_time,x_pos,y_pos,foraging_events,foraging_hrs,foraging_sqhrs,staying_events,staying_hrs,staying_sqhrs,repairing_events,repairing_hrs,repairing_sqhrs,marauding_events,marauding_hrs,marauding_sqhrs,traveling_events,traveling_hrs,traveling_sqhrs
0,0.0,3,360.2340893406788,0.0,0.0,559.0,72.69937302546941,15.825106990967265,1444.0,238.70658577783237,50.598745257249156,277.0,48.91314206161212,10.972449475067856,0.0,0.0,0.0,0.0,0.0,0.0
1,0.054,14,359.9543538014922,0.0,100.0,557.0,63.90692826930677,11.966866619842202,1698.0,282.11439098731154,59.18871802707188,84.0,12.342409298809235,2.493081722339173,12.0,1.2,0.12000000000000005,90.0,0.45501977429380575,0.002357681755829905
2,0.0,9,360.58905615697716,100.0,0.0,578.0,71.35683455113481,15.045160555116846,1414.0,246.4384118595331,54.29524773184771,243.0,42.44757478099935,9.23254826363451,0.0,0.0,0.0,0.0,0.0,0.0
3,0.054,10,360.2033722560629,100.0,100.0,552.0,69.59488614196363,14.70982013032114,1511.0,254.74508948678732,55.34051174119133,203.0,34.13973173124395,7.339935874814835,11.0,1.0999999999999999,0.11000000000000004,85.0,0.43762459228972833,0.0023148148148148156
