id,probability_maraud,successful_mating,next_foraging_time,x_pos,y_pos,foraging_events,foraging_hrs,foraging_sqhrs,staying_events,staying_hrs,staying_sqhrs,repairing_events,repairing_hrs,repairing_sqhrs,marauding_events,marauding_hrs,marauding_sqhrs,traveling_events,traveling_hrs,traveling_sqhrs
0,0.054,10,360.4328598426058,0.0,0.0,566.0,69.39777880987178,14.37021001497221,1456.0,245.93932945760557,53.38143289633278,257.0,42.74199773377225,8.965999308740994,15.0,1.5000000000000002,0.15000000000000008,87.0,0.4622250945998429,0.0025291495198902607
1,0.0,12,359.95580179649056,0.0,100.0,568.0,69.36806568725947,13.845239222282872,1310.0,224.56848094436052,48.63054871085849,390.0,66.1909882254514,14.551175867084442,0.0,0.0,0.0,0.0,0.0,0.0
2,0.054,5,360.6089659440398,100.0,0.0,560.0,72.01919139101814,14.56947603602602,1538.0,255.54110528929328,54.65309500664917,172.0,30.540348745942858,6.583789700672746,16.0,1.6000000000000003,0.1600000000000001,75.0,0.3894106406120748,0.0020790466392318235
3,0.0,9,359.8848000281698,100.0,100.0,558.0,70.46811055381035,14.513297418752593,1410.0,240.8595828309547,51.16554350134094,292.0,48.714304712286925,10.179720089452148,0.0,0.0,0.0,0.0,0.0,0.0
