id,probability_maraud,successful_mating,next_foraging_time,x_pos,y_pos,foraging_events,foraging_hrs,foraging_sqhrs,staying_events,staying_hrs,staying_sqhrs,repairing_events,repairing_hrs,repairing_sqhrs,marauding_events,marauding_hrs,marauding_sqhrs,traveling_events,traveling_hrs,traveling_sqhrs
0,0.054,10,360.12811806898435,0.0,0.0,559.0,73.7413360830185,16.125015641352924,1424.0,241.49074570983757,51.321068391282225,266.0,42.749688731703124,8.97264277116756,18.0,1.8000000000000005,0.1800000000000001,101.0,0.5251222540333009,0.002807784636488342
1,0.054,11,360.23201873970004,0.0,100.0,568.0,69.40503629850606,14.811284246913313,1479.0,252.11424214909704,54.10982730684635,211.0,36.596947174045354,7.920252348891111,14.0,1.4000000000000001,0.14000000000000007,96.0,0.4866328628342974,0.002529149519890261
2,0.0,8,360.15574390229125,100.0,0.0,566.0,67.25818466601548,13.482444179849855,1412.0,237.785692153603,51.185070846502384,333.0,55.03315913121975,11.669708967729052,0.0,0.0,0.0,0.0,0.0,0.0
3,0.0,7,360.0402902680144,100.0,100.0,558.0,73.63225992289583,16.457278892373456,1342.0,225.39295183918182,48.35785195216075,368.0,60.97744001350776,12.746470231881448,0.0,0.0,0.0,0.0,0.0,0.0
