id,probability_maraud,successful_mating,next_foraging_time,x_pos,y_pos,foraging_events,foraging_hrs,foraging_sqhrs,staying_events,staying_hrs,staying_sqhrs,repairing_events,repairing_hrs,repairing_sqhrs,marauding_events,marauding_hrs,marauding_sqhrs,traveling_events,traveling_hrs,traveling_sqhrs
0,0.0,6,360.5623167708429,0.0,0.0,565.0,72.7486026203422,15.990092654656879,1491.0,256.6566645604641,55.89014058899737,191.0,30.676199444936884,6.421469646857479,0.0,0.0,0.0,0.0,0.0,0.0
1,0.0,11,360.2016614180608,0.0,100.0,575.0,73.33339400320783,16.046998016389633,1253.0,213.08498624353098,45.87498255018377,433.0,73.60450287459834,15.648758547299067,0.0,0.0,0.0,0.0,0.0,0.0
2,0.054,11,360.46794812145595,100.0,0.0,567.0,71.32040849305515,15.747860536942902,1667.0,280.91536832002123,60.15369814454365,34.0,6.09174496826563,1.3394952985045148,12.0,1.2,0.12000000000000005,94.0,0.49079719124453663,0.0026363168724279837
3,0.054,8,360.42914140956725,100.0,100.0,570.0,67.92874268660363,13.524954450263733,1469.0,247.48380272724654,52.62459106093842,251.0,42.896246031110216,9.11522315730751,13.0,1.3,0.13000000000000006,83.0,0.4417889206999674,0.0024219821673525377
