id,probability_maraud,successful_mating,next_foraging_time,x_pos,y_pos,foraging_events,foraging_hrs,foraging_sqhrs,staying_events,staying_hrs,staying_sqhrs,repairing_events,repairing_hrs,repairing_sqhrs,marauding_events,marauding_hrs,marauding_sqhrs,traveling_events,traveling_hrs,traveling_sqhrs
0,0.0,8,360.4620193213093,0.0,0.0,563.0,73.50353279425882,15.379402242183536,1254.0,209.86331572774287,44.17265490977457,462.0,76.77132958385195,15.97024662455124,0.0,0.0,0.0,0.0,0.0,0.0
1,0.054,8,359.9541777007444,0.0,100.0,562.0,69.04611951561469,14.32438501065908,1342.0,233.2020064212349,50.3934400697557,326.0,55.51723337666116,12.14876929737209,18.0,1.8000000000000005,0.1800000000000001,83.0,0.45137719760675205,0.002529149519890261
2,0.0,5,360.22416112919865,100.0,0.0,561.0,75.2665431251164,17.274888033331102,1189.0,205.61886118673212,45.01348922344498,470.0,79.21831528298821,16.54468860103585,0.0,0.0,0.0,0.0,0.0,0.0
3,0.054,15,359.88693994129517,100.0,100.0,561.0,69.01161613858584,14.448333380091466,1560.0,264.3290400993366,56.84436602179017,145.0,24.23650280440945,5.251703090914673,21.0,2.1000000000000005,0.21000000000000013,85.0,0.44529521381515574,0.002400548696844993
