id,probability_maraud,successful_mating,next_foraging_time,x_pos,y_pos,foraging_events,foraging_hrs,foraging_sqhrs,staying_events,staying_hrs,staying_sqhrs,repairing_events,repairing_hrs,repairing_sqhrs,marauding_events,marauding_hrs,marauding_sqhrs,traveling_events,traveling_hrs,traveling_sqhrs
0,0.0,14,360.3055708469846,0.0,0.0,571.0,74.9529730588874,16.456180034226872,1405.0,235.80647848828818,49.976819357357385,298.0,49.26688546705696,10.2233219906766,0.0,0.0,0.0,0.0,0.0,0.0
1,0.054,12,359.89304814314613,0.0,100.0,568.0,70.774505637993,14.97128904501848,1535.0,262.92726761883915,56.85680771488202,144.0,24.179346033019595,5.099160017668225,18.0,1.8000000000000005,0.1800000000000001,88.0,0.46685472422947244,0.0025505829903978055
2,0.054,4,359.9720737449661,100.0,0.0,566.0,68.8073751558541,14.189502810925768,1400.0,234.37091085500302,49.14674595068207,344.0,54.971273456200606,11.514216679201246,14.0,1.4000000000000001,0.14000000000000007,85.0,0.4568011461032975,0.002529149519890261
3,0.0,6,359.89922653625644,100.0,100.0,564.0,72.3435923652379,15.660093414114003,1307.0,220.23397183589924,46.406186756713566,408.0,67.49922624315019,14.032568067782027,0.0,0.0,0.0,0.0,0.0,0.0
