id,probability_maraud,successful_mating,next_foraging_time,x_pos,y_pos,foraging_events,foraging_hrs,foraging_sqhrs,staying_events,staying_hrs,staying_sqhrs,repairing_events,repairing_hrs,repairing_sqhrs,marauding_events,marauding_hrs,marauding_sqhrs,traveling_events,traveling_hrs,traveling_sqhrs
0,0.054,10,359.92959245254224,0.0,0.0,560.0,69.0260142514586,14.540011855624853,1588.0,270.7049961360929,57.90127114845085,102.0,18.330985724018483,3.97301423759154,16.0,1.6000000000000003,0.1600000000000001,102.0,0.5393401605697153,0.0029363854595336105
1,0.0,9,360.0878568148075,0.0,100.0,563.0,69.93687645622327,15.211081029800225,1332.0,229.10765300905356,49.843763962862106,356.0,60.9720347240695,13.121826026421898,0.0,0.0,0.0,0.0,0.0,0.0
2,0.0,6,359.9753278703686,100.0,0.0,564.0,70.16155976873496,14.39105635298188,1525.0,259.2715512894365,56.03499314938042,194.0,30.56874536245915,6.34162604542627,0.0,0.0,0.0,0.0,0.0,0.0
3,0.054,11,360.48398302720483,100.0,100.0,565.0,67.92395131916955,13.763826379392544,1413.0,242.92641208546988,53.117207758559346,287.0,47.989337115975395,10.105930950521014,10.0,0.9999999999999999,0.10000000000000003,74.0,0.3790280448383744,0.0019933127572016444
