id,probability_maraud,successful_mating,next_foraging_time,x_pos,y_pos,foraging_events,foraging_hrs,foraging_sqhrs,staying_events,staying_hrs,staying_sqhrs,repairing_events,repairing_hrs,repairing_sqhrs,marauding_events,marauding_hrs,marauding_sqhrs,traveling_events,traveling_hrs,traveling_sqhrs
0,0.054,6,360.2426647710268,0.0,0.0,566.0,70.90492863679434,15.053087577445169,1500.0,251.12224094389137,53.22720115984055,224.0,36.63210932643318,7.552288078977485,10.0,0.9999999999999999,0.10000000000000003,106.0,0.5463527468000924,0.002893518518518522
1,0.0,8,359.9311165585291,0.0,100.0,565.0,71.94463217058217,15.687877556595655,1471.0,245.30692623348025,52.08146001352247,250.0,42.76704009048717,9.410727183838349,0.0,0.0,0.0,0.0,0.0,0.0
2,0.0,13,360.00556840807087,100.0,0.0,562.0,70.34659870007481,14.799888152615221,1308.0,222.89304212621857,47.97778426900087,391.0,66.98415111543842,14.392035358477633,0.0,0.0,0.0,0.0,0.0,0.0
3,0.054,9,360.2214338309069,100.0,100.0,561.0,69.32446299959341,13.952293737387762,1570.0,270.35925093648814,59.276753776734004,110.0,18.31281090268393,4.127779093699998,17.0,1.7000000000000004,0.1700000000000001,75.0,0.3970812621375026,0.0021647805212620017
