id,probability_maraud,successful_mating,next_foraging_time,x_pos,y_pos,foraging_events,foraging_hrs,foraging_sqhrs,staying_events,staying_hrs,staying_sqhrs,repairing_events,repairing_hrs,repairing_sqhrs,marauding_events,marauding_hrs,marauding_sqhrs,traveling_events,traveling_hrs,traveling_sqhrs
0,0.054,12,360.30684024812217,0.0,0.0,577.0,69.1555540866578,12.852255356069417,1457.0,252.96501153430626,54.90781638509862,207.0,36.687214494045115,8.120034380812289,11.0,1.0999999999999999,0.11000000000000004,79.0,0.41368212527466425,0.002229080932784636
1,0.0,8,360.0605270776956,0.0,100.0,558.0,69.80919343609865,14.247218406122899,1291.0,223.2308237947671,49.667276931338364,380.0,67.20202216716292,14.97176138834886,0.0,0.0,0.0,0.0,0.0,0.0
2,0.0,5,360.49622027942416,100.0,0.0,572.0,69.65413374488078,14.713124650850789,1486.0,253.82729457697056,54.23620156427551,210.0,36.62448082999876,7.844126268752063,0.0,0.0,0.0,0.0,0.0,0.0
3,0.054,11,360.22331641354714,100.0,100.0,571.0,68.65901848846252,13.01105888736837,1587.0,270.9821615910792,58.14584121306352,102.0,18.407699987388206,4.104234919896892,15.0,1.5000000000000002,0.15000000000000008,91.0,0.47882595773700437,0.0025934499314128946
