id,probability_maraud,successful_mating,next_foraging_time,x_pos,y_pos,foraging_events,foraging_hrs,foraging_sqhrs,staying_events,staying_hrs,staying_sqhrs,repairing_events,repairing_hrs,repairing_sqhrs,marauding_events,marauding_hrs,marauding_sqhrs,traveling_events,traveling_hrs,traveling_sqhrs
0,0.054,19,360.33219085998667,0.0,0.0,574.0,69.90077167463387,14.596164033469917,1494.0,258.0541476407474,55.958314335695036,180.0,30.267557378426492,6.2485051058513195,17.0,1.7000000000000004,0.1700000000000001,72.0,0.3755217517231859,0.0020147462277091887
1,0.054,4,360.008270927868,0.0,100.0,549.0,74.18041115982814,15.808874667714205,1401.0,235.47278890283664,50.15435972251063,308.0,48.80230534026213,10.130892319702236,13.0,1.3,0.13000000000000006,87.0,0.46030743921848605,0.0025077160493827168
2,0.0,6,360.63931263634146,100.0,0.0,565.0,72.25796933646826,14.79181335574507,1298.0,222.96256375409246,47.912654919758545,379.0,64.96804403068064,13.948639647040398,0.0,0.0,0.0,0.0,0.0,0.0
3,0.0,7,360.0465501171752,100.0,100.0,554.0,73.05985364580593,16.88106011729756,1474.0,250.19378773753368,53.90673223460382,228.0,36.76243675118647,7.517384532370393,0.0,0.0,0.0,0.0,0.0,0.0
