id,probability_maraud,successful_mating,next_foraging_time,x_pos,y_pos,foraging_events,foraging_hrs,foraging_sqhrs,staying_events,staying_hrs,staying_sqhrs,repairing_events,repairing_hrs,repairing_sqhrs,marauding_events,marauding_hrs,marauding_sqhrs,traveling_events,traveling_hrs,traveling_sqhrs
0,0.054,9,360.05962115946073,0.0,0.0,564.0,70.10272994616295,15.31747101978927,1562.0,263.81181922903505,56.32188485420073,143.0,24.6562951203173,5.465983185343144,11.0,1.0999999999999999,0.11000000000000004,65.0,0.3316084120276368,0.0017361111111111095
1,0.0,10,360.4028664089438,0.0,100.0,567.0,69.1164060425973,14.25548971086605,1527.0,254.7260931007215,53.93843039177155,201.0,36.44581746854886,8.223456034028684,0.0,0.0,0.0,0.0,0.0,0.0
2,0.0,9,360.0822061690886,100.0,0.0,571.0,69.18430786873112,13.419077152452413,1474.0,249.21584046394176,52.969034071329276,246.0,41.662860781889506,9.134455525302455,0.0,0.0,0.0,0.0,0.0,0.0
3,0.054,8,359.9093285053105,100.0,100.0,562.0,70.66593595695569,14.539977034177229,1477.0,250.25383561950764,53.0422388204283,229.0,37.49416198748588,7.758425731961959,13.0,1.3,0.13000000000000006,75.0,0.385575329849361,0.002036179698216734
