id,probability_maraud,successful_mating,next_foraging_time,x_pos,y_pos,foraging_events,foraging_hrs,foraging_sqhrs,staying_events,staying_hrs,staying_sqhrs,repairing_events,repairing_hrs,repairing_sqhrs,marauding_events,marauding_hrs,marauding_sqhrs,traveling_events,traveling_hrs,traveling_sqhrs
0,0.054,12,359.81450101853267,0.0,0.0,561.0,65.78913637043235,12.236014132344526,1470.0,247.58924015265276,52.882106297683386,256.0,45.08056880220101,9.906688532327102,13.0,1.3,0.13000000000000006,73.0,0.38206903673417253,0.0020576131687242783
1,0.0,5,360.0792514030678,0.0,100.0,558.0,71.83085364779147,16.180549916333167,1368.0,239.35315681454526,52.811570118140494,276.0,48.85404215578071,11.229840647871358,0.0,0.0,0.0,0.0,0.0,0.0
2,0.0,9,360.15444784945913,100.0,0.0,571.0,73.11752494086448,15.690311639612034,1553.0,256.1740662657925,53.5240754271207,168.0,30.825957593207765,7.1121248508154,0.0,0.0,0.0,0.0,0.0,0.0
3,0.054,10,359.95623395951293,100.0,100.0,573.0,71.83828794244488,14.690002035818583,1463.0,250.1163959554561,54.03651029580438,220.0,36.38313314546022,7.753414564066847,14.0,1.4000000000000001,0.14000000000000007,83.0,0.4302829884118258,0.0022933813443072695
