id,probability_maraud,successful_mating,next_foraging_time,x_pos,y_pos,foraging_events,foraging_hrs,foraging_sqhrs,staying_events,staying_hrs,staying_sqhrs,repairing_events,repairing_hrs,repairing_sqhrs,marauding_events,marauding_hrs,marauding_sqhrs,traveling_events,traveling_hrs,traveling_sqhrs
0,0.0,7,360.0455750641301,0.0,0.0,565.0,68.05641536216788,14.453643411852763,1585.0,268.064660531918,57.20232266500255,140.0,24.190838943569332,5.284410148421822,0.0,0.0,0.0,0.0,0.0,0.0
1,0.054,12,360.0332716802235,0.0,100.0,561.0,74.27948804151451,16.997933297981785,1425.0,244.9713650337914,53.14728132924457,239.0,39.54623488175638,8.29705476583872,9.0,0.8999999999999999,0.09000000000000002,58.0,0.3145422476710848,0.001757544581618654
2,0.0,11,360.1489783793913,100.0,0.0,573.0,72.88830991629627,15.70917598999761,1444.0,244.18972148698649,51.82697878885552,250.0,43.08280746160022,9.15236515096753,0.0,0.0,0.0,0.0,0.0,0.0
3,0.054,6,360.1526841727103,100.0,100.0,558.0,71.13453169587072,15.076055508362487,1557.0,262.8210517208145,56.41611340227123,145.0,24.298393387699637,5.0627125552953745,14.0,1.4000000000000001,0.14000000000000007,94.0,0.5003854681513211,0.0027434842249657084
