id,probability_maraud,successful_mating,next_foraging_time,x_pos,y_pos,foraging_events,foraging_hrs,foraging_sqhrs,staying_events,staying_hrs,staying_sqhrs,repairing_events,repairing_hrs,repairing_sqhrs,marauding_events,marauding_hrs,marauding_sqhrs,traveling_events,traveling_hrs,traveling_sqhrs
0,0.0,9,360.13809363961457,0.0,0.0,576.0,69.71797332264599,14.680256483941122,1481.0,250.55682772406917,53.35293484687969,239.0,39.75777214249624,8.369108354474939,0.0,0.0,0.0,0.0,0.0,0.0
1,0.054,5,360.27050874093555,0.0,100.0,562.0,68.41347315552639,14.339765321245988,1549.0,265.521109745547,57.38846678166451,136.0,24.453135950779682,5.439241696841948,13.0,1.3,0.13000000000000006,68.0,0.36275619934873804,0.0019933127572016444
2,0.054,8,360.56343908169674,100.0,0.0,564.0,72.53030389636055,15.875786674757588,1386.0,237.08458583615388,50.45974039645904,288.0,48.61409306930262,10.478688065469463,14.0,1.4000000000000001,0.14000000000000007,87.0,0.46030743921848594,0.002507716049382716
3,0.0,14,360.37307960942235,100.0,100.0,571.0,68.88315094274198,14.48155317593261,1425.0,242.2323512993227,52.2259347945528,295.0,48.98670097332596,10.045651806540487,0.0,0.0,0.0,0.0,0.0,0.0
