id,probability_maraud,successful_mating,next_foraging_time,x_pos,y_pos,foraging_events,foraging_hrs,foraging_sqhrs,staying_events,staying_hrs,staying_sqhrs,repairing_events,repairing_hrs,repairing_sqhrs,marauding_events,marauding_hrs,marauding_sqhrs,traveling_events,traveling_hrs,traveling_sqhrs
0,0.0,9,360.135773969855,0.0,0.0,562.0,69.13678171471874,14.377930680101503,1283.0,215.22020201592562,45.73580014921927,435.0,75.72843820500007,16.929750423723913,0.0,0.0,0.0,0.0,0.0,0.0
1,0.054,13,360.0796764073539,0.0,100.0,566.0,69.9733269109931,15.174019007826065,1600.0,275.358162559488,59.82485834101378,82.0,12.092845255661063,2.4548927259639997,22.0,2.2000000000000006,0.22000000000000014,102.0,0.5259165729002168,0.002786351165980798
2,0.054,9,360.30456924097933,100.0,0.0,571.0,69.1137187358273,14.337975588952757,1515.0,258.60854586428326,55.3907004198712,183.0,30.958445107794706,6.605404587048103,9.0,0.8999999999999999,0.09000000000000002,81.0,0.43252966144070815,0.0023791152263374477
3,0.0,5,360.1798610865904,100.0,100.0,564.0,69.96581436722191,14.457284310930595,1315.0,223.33419665702678,48.6392640387032,401.0,66.76976597382985,14.396632776330355,0.0,0.0,0.0,0.0,0.0,0.0
