id,probability_maraud,successful_mating,next_foraging_time,x_pos,y_pos,foraging_events,foraging_hrs,foraging_sqhrs,staying_events,staying_hrs,staying_sqhrs,repairing_events,repairing_hrs,repairing_sqhrs,marauding_events,marauding_hrs,marauding_sqhrs,traveling_events,traveling_hrs,traveling_sqhrs
0,0.054,10,360.01304582749907,0.0,0.0,578.0,69.04200235098185,13.746381293934306,1451.0,246.18897057175334,52.624256939793,238.0,42.98473780846895,9.710656536887361,15.0,1.5000000000000002,0.15000000000000008,65.0,0.3411966889344215,0.0018432784636488323
1,0.0,10,360.15180623098894,0.0,100.0,571.0,70.37837245400797,14.24648760510369,1409.0,241.172985053946,52.148649827707715,287.0,48.54790427365649,10.364074522316724,0.0,0.0,0.0,0.0,0.0,0.0
2,0.0,7,360.0479290480291,100.0,0.0,570.0,67.99094969561877,12.857895657281935,1369.0,236.6712828777661,51.18000900580991,324.0,55.340394473503906,11.937527078676483,0.0,0.0,0.0,0.0,0.0,0.0
3,0.054,9,360.2740088465708,100.0,100.0,560.0,69.9441228622,13.99731616924901,1576.0,263.9951427522572,55.72532348294195,135.0,24.488256318102618,5.560298219997404,13.0,1.3,0.13000000000000006,93.0,0.48424990623355,0.0025934499314128946
