id,probability_maraud,successful_mating,next_foraging_time,x_pos,y_pos,foraging_events,foraging_hrs,foraging_sqhrs,staying_events,staying_hrs,staying_sqhrs,repairing_events,repairing_hrs,repairing_sqhrs,marauding_events,marauding_hrs,marauding_sqhrs,traveling_events,traveling_hrs,traveling_sqhrs
0,0.054,12,360.3509263970508,0.0,0.0,568.0,70.33712379142553,14.115003253559232,1523.0,263.11687174289966,56.84846705494065,152.0,24.366840262169575,5.257574737667576,18.0,1.8000000000000005,0.1800000000000001,80.0,0.4336529979551491,0.0024219821673525377
1,0.054,8,360.04982211511,0.0,100.0,566.0,73.54085980228274,15.586603412712604,1501.0,248.7600030703206,52.068507171464624,226.0,35.51727943307099,7.211226109433725,18.0,1.8000000000000005,0.1800000000000001,95.0,0.48775619934873843,0.0025720164609053507
2,0.0,9,360.20207218599836,100.0,0.0,576.0,69.96639997085887,13.921198944490385,1295.0,211.00691184613473,44.150432649970206,468.0,79.0753544045814,17.064228398615665,0.0,0.0,0.0,0.0,0.0,0.0
3,0.0,7,360.0101632289527,100.0,100.0,576.0,71.92553272577011,14.83658616814538,1248.0,208.9491867291645,44.67705035999019,486.0,79.27310926591525,16.28957157134181,0.0,0.0,0.0,0.0,0.0,0.0
