id,probability_maraud,successful_mating,next_foraging_time,x_pos,y_pos,foraging_events,foraging_hrs,foraging_sqhrs,staying_events,staying_hrs,staying_sqhrs,repairing_events,repairing_hrs,repairing_sqhrs,marauding_events,marauding_hrs,marauding_sqhrs,traveling_events,traveling_hrs,traveling_sqhrs
0,0.054,9,360.0254068289963,0.0,0.0,568.0,69.63379940736837,15.060067070320748,1484.0,251.69264758467233,54.242731013650946,226.0,36.842464814588475,7.745827074643712,14.0,1.4000000000000001,0.14000000000000007,90.0,0.474196328107375,0.0025720164609053507
1,0.0,10,360.2747310295387,0.0,100.0,570.0,69.09346645786646,13.450579896472254,1353.0,223.87160065603163,47.47220541729319,395.0,67.20294657025265,14.2718685884973,0.0,0.0,0.0,0.0,0.0,0.0
2,0.054,10,360.01054602756597,100.0,0.0,573.0,70.90716587532859,14.870160154584667,1517.0,256.3494670804024,55.00972812666712,175.0,30.575401688466968,6.944937471504005,18.0,1.8000000000000005,0.1800000000000001,87.0,0.4411308854049167,0.0022933813443072703
3,0.0,7,360.34467179084925,100.0,100.0,567.0,68.47294834108718,13.361389899566724,1385.0,230.8904340334935,48.80086357669861,357.0,60.7582793457697,13.37113102876297,0.0,0.0,0.0,0.0,0.0,0.0
