id,probability_maraud,successful_mating,next_foraging_time,x_pos,y_pos,foraging_events,foraging_hrs,foraging_sqhrs,staying_events,staying_hrs,staying_sqhrs,repairing_events,repairing_hrs,repairing_sqhrs,marauding_events,marauding_hrs,marauding_sqhrs,traveling_events,traveling_hrs,traveling_sqhrs
0,0.054,13,359.96547308526306,0.0,0.0,565.0,72.1002713171707,15.784386159876302,1522.0,256.5487019404137,54.69657671049864,181.0,30.34978251409832,6.264331803068185,7.0,0.7,0.07,73.0,0.3878220028782432,0.002121913580246913
1,0.0,5,360.58205335214456,0.0,100.0,564.0,72.499633568399,15.651302692394575,1599.0,269.1767356789193,57.13399893791712,115.0,18.537805444502208,3.756464684866628,0.0,0.0,0.0,0.0,0.0,0.0
2,0.0,6,360.1056607220346,100.0,0.0,572.0,68.13474652712966,13.314350832353687,1527.0,261.4597267305079,57.05761904885386,165.0,30.427498750375285,7.095813750777483,0.0,0.0,0.0,0.0,0.0,0.0
3,0.054,12,360.4283856019623,100.0,100.0,570.0,71.26507488809774,14.848168704844534,1527.0,250.61554639164618,52.66889971458754,225.0,36.52583450299229,7.562014727318256,12.0,1.2,0.12000000000000005,81.0,0.43444731682206505,0.0024005486968449933
