id,probability_maraud,successful_mating,next_foraging_time,x_pos,y_pos,foraging_events,foraging_hrs,foraging_sqhrs,staying_events,staying_hrs,staying_sqhrs,repairing_events,repairing_hrs,repairing_sqhrs,marauding_events,marauding_hrs,marauding_sqhrs,traveling_events,traveling_hrs,traveling_sqhrs
0,0.054,9,360.1401504752748,0.0,0.0,557.0,70.60486522954056,15.230341916445274,1498.0,251.59072595223844,53.99231983702888,218.0,36.488460673598894,7.709550603849079,12.0,1.2,0.12000000000000005,58.0,0.2972833492388724,0.001564643347050753
1,0.054,8,360.35982418858976,0.0,100.0,563.0,68.91099536058525,13.5713311087369,1467.0,254.57586423241753,55.02721682474595,201.0,34.71936029330749,7.418234541173441,14.0,1.4000000000000001,0.14000000000000007,90.0,0.47994929425144567,0.002636316872427985
2,0.0,12,360.5376578583768,100.0,0.0,574.0,69.624664823337,13.994521652016322,1454.0,247.81325870499535,53.76446315674596,263.0,42.66302776837245,8.821794035925283,0.0,0.0,0.0,0.0,0.0,0.0
3,0.0,7,360.4884553765489,100.0,100.0,562.0,72.73690544631432,16.47328512220272,1475.0,250.0381090109085,54.221261633297196,239.0,37.38411043186078,7.490573680057002,0.0,0.0,0.0,0.0,0.0,0.0
