id,probability_maraud,successful_mating,next_foraging_time,x_pos,y_pos,foraging_events,foraging_hrs,foraging_sqhrs,staying_events,staying_hrs,staying_sqhrs,repairing_events,repairing_hrs,repairing_sqhrs,marauding_events,marauding_hrs,marauding_sqhrs,traveling_events,traveling_hrs,traveling_sqhrs
0,0.0,10,360.6329147803786,0.0,0.0,574.0,70.96255705290346,14.148166134304752,1317.0,221.8493173085095,47.39405437757089,412.0,67.24303413385923,13.841716472690543,0.0,0.0,0.0,0.0,0.0,0.0
1,0.0,9,360.8973006065088,0.0,100.0,563.0,73.28791280987431,16.219907950843783,1355.0,226.19995612440604,48.33366065690912,356.0,61.054406786895974,13.162966019848863,0.0,0.0,0.0,0.0,0.0,0.0
2,0.054,11,360.16765544563356,100.0,0.0,559.0,72.89210233696055,15.65054940066377,1553.0,260.7658388731259,55.709998014688914,148.0,24.39968364498127,5.2881188727692,17.0,1.7000000000000004,0.1700000000000001,93.0,0.4995911492844053,0.0027649176954732515
3,0.054,6,360.2261807167408,100.0,100.0,580.0,72.95705944789287,15.566894693939068,1364.0,236.409797134973,50.62026007344051,285.0,48.65948988518564,10.720672522295805,16.0,1.6000000000000003,0.1600000000000001,94.0,0.48120891433775204,0.0025291495198902616
