id,probability_maraud,successful_mating,next_foraging_time,x_pos,y_pos,foraging_events,foraging_hrs,foraging_sqhrs,staying_events,staying_hrs,staying_sqhrs,repairing_events,repairing_hrs,repairing_sqhrs,marauding_events,marauding_hrs,marauding_sqhrs,traveling_events,traveling_hrs,traveling_sqhrs
0,0.054,15,360.07363163845173,0.0,0.0,572.0,69.82021548650278,13.690620094460998,1562.0,264.06836506957364,56.60729064168813,137.0,24.44494978548306,5.44654417066175,13.0,1.3,0.13000000000000006,85.0,0.43378928152701435,0.0022719478737997256
1,0.0,6,360.252939291657,0.0,100.0,561.0,73.32646760396953,15.840974489222306,1122.0,189.28606940340404,40.51905153428877,574.0,97.44126849175278,20.80888270859103,0.0,0.0,0.0,0.0,0.0,0.0
2,0.0,10,360.0861220235322,100.0,0.0,548.0,66.41756355410014,13.187181523360067,1578.0,260.1678108306929,55.56416116008105,207.0,33.555917818888986,6.733544916456225,0.0,0.0,0.0,0.0,0.0,0.0
3,0.054,5,360.40209972803814,100.0,100.0,563.0,67.48805686194706,13.384317557711663,1619.0,278.12050164263405,60.916054819122046,68.0,12.454066800720803,2.766696926042481,15.0,1.5000000000000002,0.15000000000000008,85.0,0.44337755843379884,0.002379115226337448
