id,probability_maraud,successful_mating,next_foraging_time,x_pos,y_pos,foraging_events,foraging_hrs,foraging_sqhrs,staying_events,staying_hrs,staying_sqhrs,repairing_events,repairing_hrs,repairing_sqhrs,marauding_events,marauding_hrs,marauding_sqhrs,traveling_events,traveling_hrs,traveling_sqhrs
0,0.0,8,360.27188423550587,0.0,0.0,562.0,67.59203533537394,13.017891671712148,1462.0,243.81695647177696,52.33919741697143,298.0,48.77771026592022,10.109837034743958,0.0,0.0,0.0,0.0,0.0,0.0
1,0.054,9,359.9862281386827,0.0,100.0,560.0,68.764566105982,13.899909002429684,1369.0,234.19574920681436,50.989073744176245,325.0,55.217998990523434,11.852642853477224,15.0,1.5000000000000002,0.15000000000000008,78.0,0.395628907975536,0.0020576131687242787
2,0.054,10,359.9442234854038,100.0,0.0,566.0,69.11714852696844,14.34024619487482,1608.0,270.3713470654884,56.805670102394906,111.0,18.689656437526157,3.8983279426753596,14.0,1.4000000000000001,0.14000000000000007,84.0,0.4540891718550247,0.002529149519890261
3,0.0,9,359.99826216334225,100.0,100.0,546.0,70.709100085739,15.943641530849105,1359.0,234.0781639436747,51.205928409566916,334.0,55.34261446735973,11.6625211245257,0.0,0.0,0.0,0.0,0.0,0.0
