id,probability_maraud,successful_mating,next_foraging_time,x_pos,y_pos,foraging_events,foraging_hrs,foraging_sqhrs,staying_events,staying_hrs,staying_sqhrs,repairing_events,repairing_hrs,repairing_sqhrs,marauding_events,marauding_hrs,marauding_sqhrs,traveling_events,traveling_hrs,traveling_sqhrs
0,0.0,10,360.5175350033606,0.0,0.0,580.0,70.86358916832697,14.305918424563774,1461.0,246.1048734600782,52.68778918283014,258.0,43.04809631232069,8.968741415818736,0.0,0.0,0.0,0.0,0.0,0.0
1,0.054,13,360.24914275857554,0.0,100.0,564.0,69.38043080811403,13.659507725793437,1521.0,258.57600093869456,55.456887688901915,179.0,30.478631032808444,6.584838867417709,13.0,1.3,0.13000000000000006,86.0,0.4575954649702132,0.0025077160493827155
2,0.054,9,360.57621505818526,100.0,0.0,577.0,72.71731406188337,15.648665884081092,1545.0,254.5510337081963,53.62532420295291,179.0,30.71410360747084,6.613051149207156,17.0,1.7000000000000004,0.1700000000000001,101.0,0.5366281863214426,0.002936385459533609
3,0.0,4,360.02327323186535,100.0,100.0,572.0,70.62296023981783,13.678806046587557,1251.0,209.62513297459836,44.614141140836374,480.0,79.77517814650928,17.33245353888287,0.0,0.0,0.0,0.0,0.0,0.0
