id,probability_maraud,successful_mating,next_foraging_time,x_pos,y_pos,foraging_events,foraging_hrs,foraging_sqhrs,staying_events,staying_hrs,staying_sqhrs,repairing_events,repairing_hrs,repairing_sqhrs,marauding_events,marauding_hrs,marauding_sqhrs,traveling_events,traveling_hrs,traveling_sqhrs
0,0.0,9,360.0498122756325,0.0,0.0,561.0,70.85035493526247,14.89355374633989,1396.0,234.0238671534611,49.455200025164565,312.0,55.27723963149331,12.074350108895628,0.0,0.0,0.0,0.0,0.0,0.0
1,0.054,13,359.98195325581565,0.0,100.0,562.0,71.73014492653301,15.127587497599624,1540.0,256.06793321249995,54.423571539201895,182.0,30.362468376594276,6.356183098706482,14.0,1.4000000000000001,0.14000000000000007,87.0,0.45838978383712903,0.002486282578875172
2,0.054,9,359.987063320435,100.0,0.0,560.0,74.32078592155065,16.470006517160844,1469.0,247.25965371477568,52.62837215830761,221.0,36.46539291928313,7.43360987092879,16.0,1.6000000000000003,0.1600000000000001,85.0,0.43570693690837126,0.0022933813443072703
3,0.0,5,360.16547116410135,100.0,100.0,556.0,72.70270684587881,15.870037311233805,1345.0,226.31821066751246,48.42712703068241,357.0,60.99966460594879,13.217040548330914,0.0,0.0,0.0,0.0,0.0,0.0
