id,probability_maraud,successful_mating,next_foraging_time,x_pos,y_pos,foraging_events,foraging_hrs,foraging_sqhrs,staying_events,staying_hrs,staying_sqhrs,repairing_events,repairing_hrs,repairing_sqhrs,marauding_events,marauding_hrs,marauding_sqhrs,traveling_events,traveling_hrs,traveling_sqhrs
0,0.054,10,360.4973791371964,0.0,0.0,557.0,71.50572608080155,14.78136487937525,1483.0,249.76571152599902,53.40382204371145,218.0,36.565258374172835,7.859456714801151,18.0,1.8000000000000005,0.1800000000000001,95.0,0.4896738547300955,0.002593449931412896
1,0.0,5,360.0369458755127,0.0,100.0,551.0,67.9577622743986,14.095929276715369,1258.0,216.29461218936913,47.41401378811235,455.0,75.83778238000811,15.88248525301429,0.0,0.0,0.0,0.0,0.0,0.0
2,0.0,13,360.2746827097584,100.0,0.0,566.0,73.70545400595812,16.282313723242044,1243.0,213.2067758452421,45.86745397445935,434.0,73.18885574980393,15.420979471298862,0.0,0.0,0.0,0.0,0.0,0.0
3,0.054,8,360.2842870618684,100.0,100.0,552.0,69.43784303814938,14.557985855899004,1534.0,257.888100640172,55.018742956332666,167.0,30.417458131590635,6.83714571902173,18.0,1.8000000000000005,0.1800000000000001,103.0,0.5362991686739171,0.0028720850480109745
