id,probability_maraud,successful_mating,next_foraging_time,x_pos,y_pos,foraging_events,foraging_hrs,foraging_sqhrs,staying_events,staying_hrs,staying_sqhrs,repairing_events,repairing_hrs,repairing_sqhrs,marauding_events,marauding_hrs,marauding_sqhrs,traveling_events,traveling_hrs,traveling_sqhrs
0,0.054,9,359.983413754998,0.0,0.0,578.0,68.68701198731911,13.930065998735053,1492.0,252.98780218057138,54.6808570707095,214.0,36.71366459616227,7.88795395924445,13.0,1.3,0.13000000000000006,89.0,0.4599784215709606,0.002443415637860082
1,0.054,9,359.94619969510916,0.0,100.0,579.0,66.6819686297168,13.1223032660467,1582.0,266.96369193281396,57.34724229984437,131.0,24.43110385280135,5.678423256838034,15.0,1.5000000000000002,0.15000000000000008,86.0,0.45567780958885634,0.002486282578875173
2,0.0,8,360.5393793071347,100.0,0.0,577.0,71.75601131005375,14.878415361151857,1423.0,239.370599417899,51.68180408569166,300.0,49.11154583066595,10.073332580806513,0.0,0.0,0.0,0.0,0.0,0.0
3,0.0,10,360.12455710526706,100.0,100.0,552.0,72.80711764146623,15.563787040325419,1343.0,226.15946909680565,48.32659055950326,370.0,61.24549350592595,13.07039276785602,0.0,0.0,0.0,0.0,0.0,0.0
