id,probability_maraud,successful_mating,next_foraging_time,x_pos,y_pos,foraging_events,foraging_hrs,foraging_sqhrs,staying_events,staying_hrs,staying_sqhrs,repairing_events,repairing_hrs,repairing_sqhrs,marauding_events,marauding_hrs,marauding_sqhrs,traveling_events,traveling_hrs,traveling_sqhrs
0,0.054,8,360.10133901666575,0.0,0.0,563.0,73.23194848955949,15.915350341926157,1381.0,235.87066767618677,50.93833624184976,297.0,48.78710840472995,10.24303456674144,19.0,1.9000000000000006,0.1900000000000001,74.0,0.38861632174515903,0.002100480109739368
1,0.0,13,360.486659441339,0.0,100.0,567.0,69.4911850847888,13.946110068293514,1432.0,241.98964353309336,51.43606254484133,291.0,48.62730603122613,10.396645218776163,0.0,0.0,0.0,0.0,0.0,0.0
2,0.054,7,360.073784995488,100.0,0.0,550.0,75.39751888081445,18.1086621109317,1454.0,246.47268703053564,52.25349937406573,213.0,36.61330370312942,7.664235695808805,11.0,1.0999999999999999,0.11000000000000004,85.0,0.45104817995922675,0.0024648491083676272
3,0.0,8,360.13069731286345,100.0,100.0,578.0,69.96206112972727,13.609536909867309,1458.0,241.31437411726222,50.60954223121337,300.0,48.78826921962374,10.228178919847819,0.0,0.0,0.0,0.0,0.0,0.0
