id,probability_maraud,successful_mating,next_foraging_time,x_pos,y_pos,foraging_events,foraging_hrs,foraging_sqhrs,staying_events,staying_hrs,staying_sqhrs,repairing_events,repairing_hrs,repairing_sqhrs,marauding_events,marauding_hrs,marauding_sqhrs,traveling_events,traveling_hrs,traveling_sqhrs
0,0.054,9,359.9795059988449,0.0,0.0,574.0,72.8077555297498,15.118562683665774,1477.0,254.75208542302366,55.245940914420416,178.0,30.43129893535105,6.4125494988757135,16.0,1.6000000000000003,0.1600000000000001,92.0,0.48729089812934806,0.002657750342935529
1,0.054,8,360.16606739895536,0.0,100.0,576.0,71.92371172137194,16.439614177665998,1545.0,267.83523349820814,58.53080669399704,108.0,18.389757184731558,3.8928684670205267,15.0,1.5000000000000002,0.15000000000000008,84.0,0.44066558418552626,0.002379115226337448
2,0.0,7,360.4472983349469,100.0,0.0,558.0,73.26575319445631,16.044355153615484,1377.0,231.77474402322352,49.2598246397366,329.0,55.08519087983637,11.678792480998393,0.0,0.0,0.0,0.0,0.0,0.0
3,0.0,12,360.27785331468027,100.0,100.0,573.0,69.85345722847265,13.677254644866593,1243.0,210.51605926400424,45.25649183371552,470.0,79.73208676401366,17.119581725987075,0.0,0.0,0.0,0.0,0.0,0.0
