id,probability_maraud,successful_mating,next_foraging_time,x_pos,y_pos,foraging_events,foraging_hrs,foraging_sqhrs,staying_events,staying_hrs,staying_sqhrs,repairing_events,repairing_hrs,repairing_sqhrs,marauding_events,marauding_hrs,marauding_sqhrs,traveling_events,traveling_hrs,traveling_sqhrs
0,0.0,9,359.9293914068318,0.0,0.0,574.0,72.44429226942104,15.957811423987664,1378.0,239.2470495845838,52.47610101271829,296.0,48.314345615958146,9.939574906494435,0.0,0.0,0.0,0.0,0.0,0.0
1,0.0,10,360.62459011336654,0.0,100.0,565.0,71.75089703501605,15.635053142128292,1426.0,245.31207118443996,53.41416876657691,253.0,42.958543234749925,9.195306448006475,0.0,0.0,0.0,0.0,0.0,0.0
2,0.054,9,360.4128225779827,100.0,0.0,558.0,71.14764685286755,15.664883571509561,1335.0,226.9323232849667,48.15610425666568,376.0,60.90755567191406,12.412693836294522,8.0,0.7999999999999999,0.08000000000000002,73.0,0.397410279785028,0.0022290809327846365
3,0.054,8,359.9164001259853,100.0,100.0,563.0,71.53028210873225,15.852132699509028,1584.0,267.7494184097281,57.64306994332384,121.0,18.334848757775152,3.5851737259452396,20.0,2.0000000000000004,0.20000000000000012,93.0,0.49383818314033456,0.0027006172839506176
