id,probability_maraud,successful_mating,next_foraging_time,x_pos,y_pos,foraging_events,foraging_hrs,foraging_sqhrs,staying_events,staying_hrs,staying_sqhrs,repairing_events,repairing_hrs,repairing_sqhrs,marauding_events,marauding_hrs,marauding_sqhrs,traveling_events,traveling_hrs,traveling_sqhrs
0,0.0,8,359.9546828204327,0.0,0.0,572.0,70.80183523811061,14.758107272423652,1364.0,228.18921679150816,48.36426136492884,361.0,61.05851421852523,13.303590399944634,0.0,0.0,0.0,0.0,0.0,0.0
1,0.0,9,359.97491778886194,0.0,100.0,561.0,71.12917112578633,14.229962352745867,1379.0,234.1936388462761,50.742821205203114,337.0,54.866795074138174,11.368784079189554,0.0,0.0,0.0,0.0,0.0,0.0
2,0.054,12,360.26997068272345,100.0,0.0,559.0,70.47320486551642,14.526789230675325,1473.0,251.10457347562627,54.42629567214753,208.0,36.5794378564084,8.021280421955062,15.0,1.5000000000000002,0.15000000000000008,85.0,0.4376245922897281,0.002314814814814814
3,0.054,7,360.13314686172447,100.0,100.0,557.0,72.82447225238515,16.339049034194506,1469.0,248.68376360449366,53.247789357491705,221.0,36.41272188570651,7.3544843913624245,16.0,1.6000000000000003,0.1600000000000001,94.0,0.4850442251004659,0.002572016460905351
