id,probability_maraud,successful_mating,next_foraging_time,x_pos,y_pos,foraging_events,foraging_hrs,foraging_sqhrs,staying_events,staying_hrs,staying_sqhrs,repairing_events,repairing_hrs,repairing_sqhrs,marauding_events,marauding_hrs,marauding_sqhrs,traveling_events,traveling_hrs,traveling_sqhrs
0,0.0,10,359.91170772899227,0.0,0.0,565.0,73.31153497871195,15.908848580091785,1661.0,280.57396073331785,59.63608927292132,39.0,6.1268785335033975,1.2323204207684988,0.0,0.0,0.0,0.0,0.0,0.0
1,0.0,5,359.8609025195722,0.0,1000.0,566.0,70.55764929317031,15.117423463188691,1517.0,259.00542085669525,55.7674246538884,175.0,30.486914557540796,6.772874393867292,0.0,0.0,0.0,0.0,0.0,0.0
2,0.0,14,360.57373594206234,1000.0,0.0,568.0,64.68294923686123,12.30470302976297,1638.0,283.0342204704631,61.491441222559445,76.0,12.412195056959943,2.5742035791327083,0.0,0.0,0.0,0.0,0.0,0.0
3,0.054,13,360.28749207947635,1000.0,1000.0,563.0,73.70633695675303,16.20354505696907,1670.0,281.32220966599016,60.15624536159106,0.0,0.0,0.0,12.0,1.2,0.12000000000000005,81.0,3.7883531076271373,0.17789780521261983
4,0.0,10,360.0296634748381,2000.0,0.0,577.0,67.9463779244595,12.829897522424746,1721.0,292.126499261091,63.05260633106455,0.0,0.0,0.0,0.0,0.0,0.0,0.0,0.0,0.0
5,0.0,10,359.93594689667356,2000.0,1000.0,576.0,70.45124899291591,14.848461089607287,1552.0,265.0315000718711,57.670201423967754,146.0,24.575954792137868,5.17227279062946,0.0,0.0,0.0,0.0,0.0,0.0
6,0.0,5,360.3785021507412,3000.0,0.0,558.0,69.80954952012515,15.089109562201767,1713.0,290.30782830494013,61.58511566870896,0.0,0.0,0.0,0.0,0.0,0.0,0.0,0.0,0.0
7,0.0,5,360.5956697273065,3000.0,1000.0,565.0,70.76946498555583,14.44420457488289,1700.0,289.2426952745083,62.68036550467048,0.0,0.0,0.0,0.0,0.0,0.0,0.0,0.0,0.0
