id,probability_maraud,successful_mating,next_foraging_time,x_pos,y_pos,foraging_events,foraging_hrs,foraging_sqhrs,staying_events,staying_hrs,staying_sqhrs,repairing_events,repairing_hrs,repairing_sqhrs,marauding_events,marauding_hrs,marauding_sqhrs,traveling_events,traveling_hrs,traveling_sqhrs
0,0.0,6,360.02827977035355,0.0,0.0,573.0,68.15652005751633,14.078176796371965,1674.0,285.97668664691025,61.450412352001564,34.0,6.047504314820964,1.2995415300168878,0.0,0.0,0.0,0.0,0.0,0.0
1,0.054,8,360.1210352300963,0.0,1000.0,552.0,67.92444914057411,13.700134714544964,1675.0,287.4278182549865,62.37330560947354,0.0,0.0,0.0,9.0,0.8999999999999999,0.09000000000000002,84.0,3.927241996516026,0.18432784636488317
2,0.0,12,360.83724234033417,1000.0,0.0,571.0,68.18409214642107,13.496818546207798,1686.0,285.8863114146631,60.765826002129764,30.0,6.027596991615549,1.4778203327877462,0.0,0.0,0.0,0.0,0.0,0.0
3,0.0,12,360.018139993824,1000.0,1000.0,570.0,73.41083742974395,16.859744847391955,1474.0,245.33070585064837,51.806824905037466,228.0,41.38633466824426,9.148743715274497,0.0,0.0,0.0,0.0,0.0,0.0
4,0.0,11,359.88507628926186,2000.0,0.0,571.0,69.54041420134087,14.130738129333121,1720.0,290.5645042162226,62.11952222880643,0.0,0.0,0.0,0.0,0.0,0.0,0.0,0.0,0.0
5,0.0,17,360.2789612640501,2000.0,1000.0,565.0,71.97071350836832,16.01922352038362,1711.0,288.14866645612227,61.69538197137832,0.0,0.0,0.0,0.0,0.0,0.0,0.0,0.0,0.0
6,0.0,4,360.0898242223016,3000.0,0.0,567.0,65.77193951517447,13.36671462561454,1747.0,294.24241524992186,62.70567926769258,0.0,0.0,0.0,0.0,0.0,0.0,0.0,0.0,0.0
7,0.0,2,360.0471392248697,3000.0,1000.0,568.0,71.02797606230266,14.471126180091208,1697.0,289.0568174631895,62.14448057431019,0.0,0.0,0.0,0.0,0.0,0.0,0.0,0.0,0.0
