id,probability_maraud,successful_mating,next_foraging_time,x_pos,y_pos,foraging_events,foraging_hrs,foraging_sqhrs,staying_events,staying_hrs,staying_sqhrs,repairing_events,repairing_hrs,repairing_sqhrs,marauding_events,marauding_hrs,marauding_sqhrs,traveling_events,traveling_hrs,traveling_sqhrs
0,0.0,6,360.3559237529752,0.0,0.0,563.0,70.43929790319633,14.704558694187941,1732.0,289.5821043582256,61.33631462226508,0.0,0.0,0.0,0.0,0.0,0.0,0.0,0.0,0.0
1,0.0,5,360.2975052846533,0.0,1000.0,573.0,70.85816962726715,14.151087216498148,1687.0,289.19871505547695,62.55389595383623,0.0,0.0,0.0,0.0,0.0,0.0,0.0,0.0,0.0
2,0.0,13,360.41921656930106,1000.0,0.0,579.0,68.56959584574628,13.091894456899478,1770.0,291.62643791148764,61.25256841008484,0.0,0.0,0.0,0.0,0.0,0.0,0.0,0.0,0.0
3,0.0,8,360.51702020933,1000.0,1000.0,568.0,76.60893368220412,17.14558450853598,1658.0,283.4147825719859,61.1256127871603,0.0,0.0,0.0,0.0,0.0,0.0,0.0,0.0,0.0
4,0.0,12,360.00364412919487,2000.0,0.0,566.0,67.14486703961803,14.217752500372967,1734.0,292.9115105096832,62.98205575397934,0.0,0.0,0.0,0.0,0.0,0.0,0.0,0.0,0.0
5,0.0,10,360.0419109438786,2000.0,1000.0,574.0,70.13083436599929,14.004290580089034,1367.0,229.2699199957746,48.73042876322932,362.0,60.681460002718595,13.041595758375452,0.0,0.0,0.0,0.0,0.0,0.0
6,0.0,8,359.9771687960346,3000.0,0.0,570.0,71.35157064065237,14.72604306605691,1297.0,221.28941971840683,47.65717083229382,397.0,67.366606599761,14.270687376185279,0.0,0.0,0.0,0.0,0.0,0.0
7,0.054,10,359.9994399686514,3000.0,1000.0,555.0,73.58505836543556,16.055309928633672,1690.0,280.57714220394007,59.54938742408741,0.0,0.0,0.0,21.0,2.1000000000000005,0.21000000000000013,85.0,3.9543617389987533,0.18432784636488314
