id,probability_maraud,successful_mating,next_foraging_time,x_pos,y_pos,foraging_events,foraging_hrs,foraging_sqhrs,staying_events,staying_hrs,staying_sqhrs,repairing_events,repairing_hrs,repairing_sqhrs,marauding_events,marauding_hrs,marauding_sqhrs,traveling_events,traveling_hrs,traveling_sqhrs
0,0.0,12,359.81386353812456,0.0,0.0,557.0,70.6795092514539,14.758363424071446,1719.0,289.4683640354644,62.412352477360585,0.0,0.0,0.0,0.0,0.0,0.0,0.0,0.0,0.0
1,0.0,7,360.45945724297775,0.0,1000.0,573.0,74.56924982618244,15.672651163480255,1692.0,285.5681095979132,60.72686056034866,0.0,0.0,0.0,0.0,0.0,0.0,0.0,0.0,0.0
2,0.0,13,360.06095041492677,1000.0,0.0,562.0,70.39941869538671,14.931952950882525,1757.0,289.68052567708054,60.69249450320301,0.0,0.0,0.0,0.0,0.0,0.0,0.0,0.0,0.0
3,0.0,7,360.7728584830417,1000.0,1000.0,563.0,68.8581775975703,13.484449582658721,1736.0,291.42302433283174,62.53490795757184,0.0,0.0,0.0,0.0,0.0,0.0,0.0,0.0,0.0
4,0.0,4,359.9877623649857,2000.0,0.0,565.0,71.95425949700727,14.508369191600734,1096.0,190.27297533013257,41.59022028967406,580.0,98.04296601844283,21.40917172827295,0.0,0.0,0.0,0.0,0.0,0.0
5,0.0,13,359.90457513479635,2000.0,1000.0,569.0,72.85928992863865,14.874342773732277,1679.0,287.2599878391223,61.45761990733978,0.0,0.0,0.0,0.0,0.0,0.0,0.0,0.0,0.0
6,0.054,9,359.9571141122803,3000.0,0.0,562.0,67.32480138986828,13.679141332511787,1699.0,285.6061131339608,60.037675148930425,0.0,0.0,0.0,24.0,2.400000000000001,0.24000000000000016,104.0,4.814814814814821,0.22290809327846317
7,0.0,7,360.24231389503547,3000.0,1000.0,571.0,70.44337036422661,14.088524631266381,1417.0,240.952973912142,51.74916857928067,275.0,48.6260857906642,10.727824939332848,0.0,0.0,0.0,0.0,0.0,0.0
