id,probability_maraud,successful_mating,next_foraging_time,x_pos,y_pos,foraging_events,foraging_hrs,foraging_sqhrs,staying_events,staying_hrs,staying_sqhrs,repairing_events,repairing_hrs,repairing_sqhrs,marauding_events,marauding_hrs,marauding_sqhrs,traveling_events,traveling_hrs,traveling_sqhrs
0,0.0,5,360.04600996488085,0.0,0.0,563.0,70.60932504255152,15.234852404174614,1525.0,259.2054599469637,56.37050604267533,181.0,30.329824348137787,6.5258759939236,0.0,0.0,0.0,0.0,0.0,0.0
1,0.054,8,360.0217412207524,0.0,1000.0,571.0,73.95416516711752,15.804099505573756,1688.0,281.2627666406262,59.626331986992135,0.0,0.0,0.0,10.0,0.9999999999999999,0.10000000000000003,85.0,3.9543617389987533,0.18432784636488314
2,0.0,9,360.13726654588737,1000.0,0.0,567.0,71.5569639449103,15.134371711975758,1733.0,288.5569382475672,60.74020993956204,0.0,0.0,0.0,0.0,0.0,0.0,0.0,0.0,0.0
3,0.0,8,360.6925077386138,1000.0,1000.0,565.0,68.10505428497125,13.72602042189665,1538.0,261.64852878144524,56.37754234848802,175.0,30.484443693346744,6.378248498727466,0.0,0.0,0.0,0.0,0.0,0.0
4,0.0,10,360.210354207745,2000.0,0.0,569.0,70.02152131819561,14.5097223293116,1695.0,289.99872536787365,62.386883022757715,0.0,0.0,0.0,0.0,0.0,0.0,0.0,0.0,0.0
5,0.0,13,360.21189539713066,2000.0,1000.0,568.0,69.89478160605475,13.827075503717033,1692.0,290.45651136769203,62.66798413369832,0.0,0.0,0.0,0.0,0.0,0.0,0.0,0.0,0.0
6,0.0,13,360.37657955257333,3000.0,0.0,575.0,70.20279398054981,14.54435616782008,1756.0,289.8239387522051,60.60575265647034,0.0,0.0,0.0,0.0,0.0,0.0,0.0,0.0,0.0
7,0.0,6,360.5244006344577,3000.0,1000.0,567.0,73.74815253582095,16.526418793315294,1665.0,286.415757961396,61.57202852365197,0.0,0.0,0.0,0.0,0.0,0.0,0.0,0.0,0.0
