id,probability_maraud,successful_mating,next_foraging_time,x_pos,y_pos,foraging_events,foraging_hrs,foraging_sqhrs,staying_events,staying_hrs,staying_sqhrs,repairing_events,repairing_hrs,repairing_sqhrs,marauding_events,marauding_hrs,marauding_sqhrs,traveling_events,traveling_hrs,traveling_sqhrs
0,0.0,9,360.48977482616993,0.0,0.0,555.0,75.03870221861666,18.350798495269128,1378.0,236.01353352115308,50.19197353149754,280.0,49.03357757776606,11.255221485544434,0.0,0.0,0.0,0.0,0.0,0.0
1,0.0,7,360.4724525014136,0.0,1000.0,557.0,71.54471857026691,15.830756032739497,1705.0,288.4961743032306,62.395267685616304,0.0,0.0,0.0,0.0,0.0,0.0,0.0,0.0,0.0
2,0.054,16,360.3458721758422,1000.0,0.0,558.0,71.56685943434012,15.657684094658762,1640.0,281.9015118473223,60.84021455964678,0.0,0.0,0.0,23.0,2.3000000000000007,0.23000000000000015,96.0,4.463620998258017,0.20790466392318205
3,0.0,10,360.7455396610615,1000.0,1000.0,562.0,69.94993058316072,14.303324646354078,1458.0,247.29240474090847,53.92788196808157,274.0,42.893424697843834,8.685781674267472,0.0,0.0,0.0,0.0,0.0,0.0
4,0.0,11,360.27381459539794,2000.0,0.0,575.0,69.43341022900087,14.022481369290842,1434.0,246.5195244196036,53.1057180019184,258.0,44.07674466816126,9.488827580937425,0.0,0.0,0.0,0.0,0.0,0.0
5,0.0,11,360.242603114864,2000.0,1000.0,568.0,71.01175775352544,14.041134997877627,1704.0,289.0150792578222,62.40743769258518,0.0,0.0,0.0,0.0,0.0,0.0,0.0,0.0,0.0
6,0.0,5,360.63274411447816,3000.0,0.0,552.0,73.18102928716573,16.10465260741142,1679.0,286.9009136807147,61.57999897481657,0.0,0.0,0.0,0.0,0.0,0.0,0.0,0.0,0.0
7,0.0,3,360.254687890361,3000.0,1000.0,575.0,71.71594837104921,15.392782293764347,1688.0,288.3125434240026,61.88298779248604,0.0,0.0,0.0,0.0,0.0,0.0,0.0,0.0,0.0
