id,probability_maraud,successful_mating,next_foraging_time,x_pos,y_pos,foraging_events,foraging_hrs,foraging_sqhrs,staying_events,staying_hrs,staying_sqhrs,repairing_events,repairing_hrs,repairing_sqhrs,marauding_events,marauding_hrs,marauding_sqhrs,traveling_events,traveling_hrs,traveling_sqhrs
0,0.0,8,360.763505148821,0.0,0.0,548.0,72.129795295076,16.569176580031737,1539.0,257.57759726518873,55.018980753480356,181.0,30.319817057045476,6.422279337569804,0.0,0.0,0.0,0.0,0.0,0.0
1,0.0,9,360.4424747365216,0.0,1000.0,560.0,73.2285630202023,15.734327511985896,1691.0,284.74704541668945,60.43640823946001,11.0,2.0963902842292357,0.49960699452063156,0.0,0.0,0.0,0.0,0.0,0.0
2,0.054,8,360.03371259927025,1000.0,0.0,574.0,70.55548957273025,14.805965244074281,1654.0,284.33250798086954,61.107320539100165,0.0,0.0,0.0,14.0,1.4000000000000001,0.14000000000000007,79.0,3.714937068848114,0.1757544581618654
3,0.0,7,360.10136776141553,1000.0,1000.0,558.0,68.17210177624582,13.534481852088353,1540.0,261.4105689371279,55.85660366450741,182.0,30.430884741404846,6.591620596528405,0.0,0.0,0.0,0.0,0.0,0.0
4,0.0,10,360.9455417213161,2000.0,0.0,558.0,73.79655662646748,15.885260066491522,1588.0,268.02233532075206,58.252879065872385,109.0,18.23237457880987,3.68673724870243,0.0,0.0,0.0,0.0,0.0,0.0
5,0.0,12,360.39196339828135,2000.0,1000.0,547.0,71.61013650131143,15.629618371601492,1674.0,288.5983469813867,63.17677657266846,0.0,0.0,0.0,0.0,0.0,0.0,0.0,0.0,0.0
6,0.0,12,360.32540427303707,3000.0,0.0,575.0,67.487174713744,13.215481444654852,1728.0,292.5900089641827,62.351639235076235,0.0,0.0,0.0,0.0,0.0,0.0,0.0,0.0,0.0
7,0.0,6,360.2689503050959,3000.0,1000.0,560.0,68.81216996924499,14.388325500680548,1719.0,291.2484371465757,62.7954865746214,0.0,0.0,0.0,0.0,0.0,0.0,0.0,0.0,0.0
