id,probability_maraud,successful_mating,next_foraging_time,x_pos,y_pos,foraging_events,foraging_hrs,foraging_sqhrs,staying_events,staying_hrs,staying_sqhrs,repairing_events,repairing_hrs,repairing_sqhrs,marauding_events,marauding_hrs,marauding_sqhrs,traveling_events,traveling_hrs,traveling_sqhrs
0,0.0,7,360.2180467263269,0.0,0.0,590.0,71.69051252278382,14.160807552929436,1719.0,288.3635398579652,61.213779893469486,0.0,0.0,0.0,0.0,0.0,0.0,0.0,0.0,0.0
1,0.0,8,360.53336156466696,0.0,1000.0,583.0,67.67841374629525,13.448273009779175,1643.0,277.13068142111894,58.579415061966095,88.0,15.228470701080237,3.162584592014952,0.0,0.0,0.0,0.0,0.0,0.0
2,0.0,8,360.26799312469814,1000.0,0.0,561.0,67.4177021502255,12.959559986866761,1407.0,237.67981781377188,50.53708078664685,351.0,55.126907253906694,11.039714330908158,0.0,0.0,0.0,0.0,0.0,0.0
3,0.054,12,360.1688301423557,1000.0,1000.0,569.0,70.97780520438286,14.026642130864627,1687.0,282.12246734985615,58.88056585895613,0.0,0.0,0.0,20.0,2.0000000000000004,0.20000000000000012,107.0,4.99205681133085,0.2336248285322354
4,0.0,14,360.12235757275363,2000.0,0.0,567.0,72.15499172948309,15.10602763505578,1671.0,288.00480961740004,62.3550090493843,0.0,0.0,0.0,0.0,0.0,0.0,0.0,0.0,0.0
5,0.0,9,360.30520991602015,2000.0,1000.0,565.0,72.14961603065085,15.306958602500549,1365.0,238.45941850647915,52.02869783016193,296.0,49.399693548403924,10.4946034106095,0.0,0.0,0.0,0.0,0.0,0.0
6,0.0,7,360.0042221082565,3000.0,0.0,557.0,74.92155370167318,16.515249719695735,1651.0,285.1062425882815,62.164694212764964,0.0,0.0,0.0,0.0,0.0,0.0,0.0,0.0,0.0
7,0.0,7,359.9595276418521,3000.0,1000.0,553.0,68.64892607576532,14.100348689741388,1722.0,291.4428103970325,62.47958285023957,0.0,0.0,0.0,0.0,0.0,0.0,0.0,0.0,0.0
