id,probability_maraud,successful_mating,next_foraging_time,x_pos,y_pos,foraging_events,foraging_hrs,foraging_sqhrs,staying_events,staying_hrs,staying_sqhrs,repairing_events,repairing_hrs,repairing_sqhrs,marauding_events,marauding_hrs,marauding_sqhrs,traveling_events,traveling_hrs,traveling_sqhrs
0,0.0,7,360.66699659987506,0.0,0.0,570.0,68.009331200042,13.5485032030453,1695.0,292.1980792638917,63.55084809391514,0.0,0.0,0.0,0.0,0.0,0.0,0.0,0.0,0.0
1,0.0,6,360.08609728857584,0.0,1000.0,573.0,74.61271127362119,17.03549330491526,1661.0,285.4662661679382,62.11405168608748,0.0,0.0,0.0,0.0,0.0,0.0,0.0,0.0,0.0
2,0.0,12,360.0798690449263,1000.0,0.0,564.0,68.10718410806162,13.41493237413722,1514.0,255.38622576915176,54.351408676542086,210.0,36.70184603263864,8.005561342128278,0.0,0.0,0.0,0.0,0.0,0.0
3,0.0,5,360.6415132038312,1000.0,1000.0,571.0,70.57164304380825,15.32110253925564,1622.0,277.51093875131227,60.01065704261215,67.0,12.113295614801116,2.7219726859800657,0.0,0.0,0.0,0.0,0.0,0.0
4,0.054,17,360.17248963779684,2000.0,0.0,558.0,69.32700516670324,14.092483211114185,1676.0,283.8487224582549,60.562306338522696,0.0,0.0,0.0,23.0,2.3000000000000007,0.23000000000000015,99.0,4.679216102401184,0.22290809327846325
5,0.0,12,360.37064210692563,2000.0,1000.0,560.0,71.27311141430626,15.602383824294527,1488.0,246.35485545050372,51.611037988270844,245.0,42.431871746943486,9.393430614372653,0.0,0.0,0.0,0.0,0.0,0.0
6,0.0,6,360.5269284986263,3000.0,0.0,570.0,69.61497879206891,14.213848765980428,1381.0,241.52825141864133,53.219736568001004,294.0,48.93849930284335,10.271571471437008,0.0,0.0,0.0,0.0,0.0,0.0
7,0.0,7,360.46786479899475,3000.0,1000.0,558.0,77.28488399919728,17.724937096255587,1686.0,282.80158339992926,60.45329325325051,0.0,0.0,0.0,0.0,0.0,0.0,0.0,0.0,0.0
