id,probability_maraud,successful_mating,next_foraging_time,x_pos,y_pos,foraging_events,foraging_hrs,foraging_sqhrs,staying_events,staying_hrs,staying_sqhrs,repairing_events,repairing_hrs,repairing_sqhrs,marauding_events,marauding_hrs,marauding_sqhrs,traveling_events,traveling_hrs,traveling_sqhrs
0,0.0,5,360.0004881389524,0.0,0.0,562.0,69.32811602258236,14.169093659458115,1710.0,291.00592782205536,62.7383924697922,0.0,0.0,0.0,0.0,0.0,0.0,0.0,0.0,0.0
1,0.0,6,360.5042679534917,0.0,1000.0,570.0,68.78730796446932,14.066142669192438,1702.0,291.2489965762495,62.84048648544149,0.0,0.0,0.0,0.0,0.0,0.0,0.0,0.0,0.0
2,0.0,8,360.5877494804843,1000.0,0.0,568.0,71.8752474013183,13.879481797946173,1708.0,288.3656474737403,61.20935503681963,0.0,0.0,0.0,0.0,0.0,0.0,0.0,0.0,0.0
3,0.0,15,360.187879456467,1000.0,1000.0,581.0,70.2558063603342,13.881851023388421,1732.0,289.90794330799554,61.58709789615082,0.0,0.0,0.0,0.0,0.0,0.0,0.0,0.0,0.0
4,0.0,19,360.23454037441627,2000.0,0.0,559.0,70.85219045506437,14.187813503198585,1731.0,289.1710998663608,61.374800572388835,0.0,0.0,0.0,0.0,0.0,0.0,0.0,0.0,0.0
5,0.0,10,360.4635676928499,2000.0,1000.0,558.0,70.9299021616647,15.054566189967764,1389.0,233.84464511064405,50.14191015064057,318.0,55.24376065934945,11.908553244362547,0.0,0.0,0.0,0.0,0.0,0.0
6,0.0,4,360.2259469415115,3000.0,0.0,567.0,73.3530281134621,16.200507035139854,1386.0,234.73543251132293,50.07716731319299,295.0,51.94900837775163,11.631494003685678,0.0,0.0,0.0,0.0,0.0,0.0
7,0.054,5,360.22435832945996,3000.0,1000.0,564.0,71.94386050111646,14.78633804996001,1703.0,281.3719670820242,59.47366530588475,0.0,0.0,0.0,18.0,1.8000000000000005,0.1800000000000001,106.0,5.003290176475262,0.23791152263374435
