id,probability_maraud,successful_mating,next_foraging_time,x_pos,y_pos,foraging_events,foraging_hrs,foraging_sqhrs,staying_events,staying_hrs,staying_sqhrs,repairing_events,repairing_hrs,repairing_sqhrs,marauding_events,marauding_hrs,marauding_sqhrs,traveling_events,traveling_hrs,traveling_sqhrs
0,0.054,15,360.0765956092033,0.0,0.0,559.0,70.55589327306403,14.476202335323203,1693.0,283.55093654883353,60.50199576034761,0.0,0.0,0.0,16.0,1.6000000000000003,0.1600000000000001,97.0,4.529093848367883,0.21219135802469094
1,0.0,3,360.03617396449306,0.0,1000.0,564.0,72.42651957558078,15.075934300813556,1411.0,238.67573141249122,51.21824531528146,297.0,48.951889260885096,10.147176765904554,0.0,0.0,0.0,0.0,0.0,0.0
2,0.0,10,360.07664288443345,1000.0,0.0,566.0,68.87459536662959,14.257949350573123,1469.0,248.28338308259848,53.85609995256503,249.0,43.0634264706016,9.414569337079454,0.0,0.0,0.0,0.0,0.0,0.0
3,0.0,14,360.514021579789,1000.0,1000.0,562.0,72.07301516947692,15.210700945136395,1646.0,281.9238368041927,60.27733305815591,38.0,6.1341971985681045,1.1987917412276246,0.0,0.0,0.0,0.0,0.0,0.0
4,0.0,8,360.36660297976243,2000.0,0.0,572.0,72.00231444728618,15.455650777705847,1703.0,288.0361045338472,62.311100448816376,0.0,0.0,0.0,0.0,0.0,0.0,0.0,0.0,0.0
5,0.0,6,359.8846778277851,2000.0,1000.0,560.0,70.7227682724735,14.560313860895247,1697.0,289.3687776067908,62.693041282699724,0.0,0.0,0.0,0.0,0.0,0.0,0.0,0.0,0.0
6,0.0,8,360.2587791917067,3000.0,0.0,572.0,71.3833350242804,14.95874121861842,1732.0,288.62020335698054,61.030451087113256,0.0,0.0,0.0,0.0,0.0,0.0,0.0,0.0,0.0
7,0.0,8,360.75683709105505,3000.0,1000.0,567.0,67.61158339210584,13.424568845464995,1713.0,292.4635759880538,63.04337434025164,0.0,0.0,0.0,0.0,0.0,0.0,0.0,0.0,0.0
