id,probability_maraud,successful_mating,next_foraging_time,x_pos,y_pos,foraging_events,foraging_hrs,foraging_sqhrs,staying_events,staying_hrs,staying_sqhrs,repairing_events,repairing_hrs,repairing_sqhrs,marauding_events,marauding_hrs,marauding_sqhrs,traveling_events,traveling_hrs,traveling_sqhrs
0,0.054,7,359.9635798083,0.0,0.0,557.0,73.09150473389023,15.912982944942145,1635.0,280.76491234499116,60.96606203989572,0.0,0.0,0.0,15.0,1.5000000000000002,0.15000000000000008,100.0,4.667982737256773,0.2186213991769543
1,0.0,4,360.33207285530284,0.0,1000.0,574.0,68.51551604470524,13.88320289247678,1367.0,236.4832250035737,51.748103368181674,296.0,55.0583503463208,12.335713228045792,0.0,0.0,0.0,0.0,0.0,0.0
2,0.0,8,360.1710920695011,1000.0,0.0,556.0,69.22830365034446,14.633692479214917,1542.0,266.4910837257414,57.92434074048846,139.0,24.401500831976207,5.515307482636557,0.0,0.0,0.0,0.0,0.0,0.0
3,0.0,15,360.19920602324424,1000.0,1000.0,566.0,71.5290117275743,14.54957699705786,1641.0,276.5738690808295,59.53307241140608,76.0,12.07731549507169,2.4586943502046954,0.0,0.0,0.0,0.0,0.0,0.0
4,0.0,9,360.1857796262999,2000.0,0.0,563.0,69.58481198078327,13.8607246267218,1699.0,290.45320912853543,62.93601808122251,0.0,0.0,0.0,0.0,0.0,0.0,0.0,0.0,0.0
5,0.0,11,360.0806069355744,2000.0,1000.0,568.0,71.11769624492713,14.19295908849213,1685.0,288.9622525571081,62.38945308811633,0.0,0.0,0.0,0.0,0.0,0.0,0.0,0.0,0.0
6,0.0,10,360.3064612895228,3000.0,0.0,566.0,70.83539436853557,15.659709622855875,1720.0,289.16542804528467,61.50042657671748,0.0,0.0,0.0,0.0,0.0,0.0,0.0,0.0,0.0
7,0.0,8,360.4991391594196,3000.0,1000.0,560.0,72.9567376433859,15.934160775601695,1698.0,287.26397627419624,61.5869994487512,0.0,0.0,0.0,0.0,0.0,0.0,0.0,0.0,0.0
