id,probability_maraud,successful_mating,next_foraging_time,x_pos,y_pos,foraging_events,foraging_hrs,foraging_sqhrs,staying_events,staying_hrs,staying_sqhrs,repairing_events,repairing_hrs,repairing_sqhrs,marauding_events,marauding_hrs,marauding_sqhrs,traveling_events,traveling_hrs,traveling_sqhrs
0,0.0,8,360.2243829618057,0.0,0.0,565.0,74.71454284996189,16.340893046373477,1699.0,285.36050033583354,60.872788774669,0.0,0.0,0.0,0.0,0.0,0.0,0.0,0.0,0.0
1,0.0,6,360.040744600057,0.0,1000.0,551.0,68.75019549432221,14.303854283013418,1707.0,291.2637729591714,63.66082270014037,0.0,0.0,0.0,0.0,0.0,0.0,0.0,0.0,0.0
2,0.0,9,360.17555498356063,1000.0,0.0,561.0,71.411683174172,15.283677592451252,1693.0,288.6781171411109,62.403576182377904,0.0,0.0,0.0,0.0,0.0,0.0,0.0,0.0,0.0
3,0.0,9,360.2827440483579,1000.0,1000.0,556.0,69.20083045450893,14.67028015716592,1750.0,290.90470482417,61.98013867852879,0.0,0.0,0.0,0.0,0.0,0.0,0.0,0.0,0.0
4,0.0,17,360.2632137951696,2000.0,0.0,557.0,71.18978379179676,14.72351163644652,1696.0,288.9297319114657,61.583258112664055,0.0,0.0,0.0,0.0,0.0,0.0,0.0,0.0,0.0
5,0.0,5,360.80247179461145,2000.0,1000.0,572.0,72.60432851957842,14.935357462222699,1385.0,232.71795717509195,48.89438132249382,343.0,54.99132721332603,11.358641956501776,0.0,0.0,0.0,0.0,0.0,0.0
6,0.0,6,360.35080379001823,3000.0,0.0,566.0,68.1488611208777,14.416665071177341,1392.0,243.02837730312754,52.92550278560368,286.0,48.82625263209877,10.393932837582007,0.0,0.0,0.0,0.0,0.0,0.0
7,0.054,12,360.3974556422881,3000.0,1000.0,577.0,72.24184542996107,14.549863900375252,1677.0,282.0119081877678,60.2828417458002,0.0,0.0,0.0,17.0,1.7000000000000004,0.1700000000000001,89.0,4.158723477997509,0.1950445816186554
