id,probability_maraud,successful_mating,next_foraging_time,x_pos,y_pos,foraging_events,foraging_hrs,foraging_sqhrs,staying_events,staying_hrs,staying_sqhrs,repairing_events,repairing_hrs,repairing_sqhrs,marauding_events,marauding_hrs,marauding_sqhrs,traveling_events,traveling_hrs,traveling_sqhrs
0,0.0,9,360.576841109978,0.0,0.0,565.0,72.97809652471898,15.447194199155202,1694.0,287.0229022155567,61.72403696453869,0.0,0.0,0.0,0.0,0.0,0.0,0.0,0.0,0.0
1,0.0,11,359.8867600036969,0.0,1000.0,577.0,68.82497479810333,13.620688074066218,1712.0,291.19032271642817,62.7517780773631,0.0,0.0,0.0,0.0,0.0,0.0,0.0,0.0,0.0
2,0.0,7,359.98555038718985,1000.0,0.0,581.0,73.53459614222483,15.854398214199978,1700.0,286.4736976250069,60.25264885090967,0.0,0.0,0.0,0.0,0.0,0.0,0.0,0.0,0.0
3,0.0,8,360.39027436421975,1000.0,1000.0,580.0,69.70635080603977,13.677039066160386,1703.0,290.33510466055174,62.63875649428751,0.0,0.0,0.0,0.0,0.0,0.0,0.0,0.0,0.0
4,0.054,16,360.159081033516,2000.0,0.0,562.0,66.87977334191082,13.663502100390886,1664.0,288.1064983809341,62.86085226425212,0.0,0.0,0.0,13.0,1.3,0.13000000000000006,82.0,3.8538259577370026,0.18218449931412872
5,0.0,8,360.64344120718,2000.0,1000.0,556.0,69.38570936724872,14.43550785582914,1535.0,259.9781965964053,56.28592242087009,179.0,30.650051515143193,6.624886191659334,0.0,0.0,0.0,0.0,0.0,0.0
6,0.0,4,360.50928584389294,3000.0,0.0,569.0,74.68454183787601,16.65918720008351,1434.0,236.59381515850185,49.8203014245209,291.0,48.800832393732215,10.167819869631591,0.0,0.0,0.0,0.0,0.0,0.0
7,0.0,9,360.25083730411046,3000.0,1000.0,563.0,71.13685294962985,15.605401611165378,1683.0,289.00253503444503,63.097798610669685,0.0,0.0,0.0,0.0,0.0,0.0,0.0,0.0,0.0
