id,probability_maraud,successful_mating,next_foraging_time,x_pos,y_pos,foraging_events,foraging_hrs,foraging_sqhrs,staying_events,staying_hrs,staying_sqhrs,repairing_events,repairing_hrs,repairing_sqhrs,marauding_events,marauding_hrs,marauding_sqhrs,traveling_events,traveling_hrs,traveling_sqhrs
0,0.0,3,360.21439701448,0.0,0.0,557.0,71.86709524997586,15.919675464799623,1687.0,288.2799492170498,61.55087714856087,0.0,0.0,0.0,0.0,0.0,0.0,0.0,0.0,0.0
1,0.0,9,360.4739197026783,0.0,1000.0,573.0,73.52969906024175,15.387685849049209,1690.0,286.5316185255705,60.71640666833062,0.0,0.0,0.0,0.0,0.0,0.0,0.0,0.0,0.0
2,0.0,6,361.0612779781059,1000.0,0.0,574.0,69.77965850063397,13.887456042796732,1634.0,277.9299219788894,60.37040564463674,70.0,12.38258004496913,2.66967875589226,0.0,0.0,0.0,0.0,0.0,0.0
3,0.0,15,360.2071738107946,1000.0,1000.0,561.0,70.16047773822916,14.480322191487833,1653.0,283.7733005613015,61.13959268076703,40.0,6.09758739350122,1.2314868661497298,0.0,0.0,0.0,0.0,0.0,0.0
4,0.054,10,360.6010463310863,2000.0,0.0,570.0,73.96843950279973,15.330130864597582,1644.0,281.05297813540955,60.83857424924144,0.0,0.0,0.0,11.0,1.0999999999999999,0.11000000000000004,85.0,3.9735382928123224,0.18647119341563761
5,0.0,11,360.5277446901944,2000.0,1000.0,571.0,66.00906634301647,12.443660201712518,1526.0,263.507402452882,57.23213829198175,178.0,30.607290150539953,6.692107566678502,0.0,0.0,0.0,0.0,0.0,0.0
6,0.0,7,360.41493722292773,3000.0,0.0,569.0,71.51339969722181,14.222114223060709,1597.0,269.94292304114936,57.96300916358689,104.0,18.595888880144194,4.176585502051929,0.0,0.0,0.0,0.0,0.0,0.0
7,0.0,11,360.2763102686786,3000.0,1000.0,557.0,70.7163862650719,14.31340638997724,1708.0,289.3847422419252,62.14579925559284,0.0,0.0,0.0,0.0,0.0,0.0,0.0,0.0,0.0
