id,probability_maraud,successful_mating,next_foraging_time,x_pos,y_pos,foraging_events,foraging_hrs,foraging_sqhrs,staying_events,staying_hrs,staying_sqhrs,repairing_events,repairing_hrs,repairing_sqhrs,marauding_events,marauding_hrs,marauding_sqhrs,traveling_events,traveling_hrs,traveling_sqhrs
0,0.0,9,359.7150688228344,0.0,0.0,565.0,70.23472886218927,14.267888429561395,1737.0,289.7677149155209,61.60158272483945,0.0,0.0,0.0,0.0,0.0,0.0,0.0,0.0,0.0
1,0.0,6,359.91756666789934,0.0,1000.0,575.0,72.58115456385705,14.717524978389601,1694.0,287.5265334953703,62.18692068754507,0.0,0.0,0.0,0.0,0.0,0.0,0.0,0.0,0.0
2,0.0,12,360.90726997849,1000.0,0.0,580.0,71.30395965236958,14.428405437178842,1558.0,258.68871316572336,54.72061396117202,175.0,30.167317464738524,6.911749968172157,0.0,0.0,0.0,0.0,0.0,0.0
3,0.0,11,359.94844717540707,1000.0,1000.0,585.0,71.5829900136273,15.31256011031595,1705.0,288.4437464861173,61.744867315295366,0.0,0.0,0.0,0.0,0.0,0.0,0.0,0.0,0.0
4,0.054,10,360.02237955533394,2000.0,0.0,562.0,71.62106411233647,14.922177335971098,1672.0,281.89834361814843,59.297919756678006,0.0,0.0,0.0,19.0,1.9000000000000006,0.1900000000000001,97.0,4.58662350980859,0.21862139917695436
5,0.0,11,360.5901941677094,2000.0,1000.0,574.0,72.51861182038142,15.859557484827782,1482.0,250.90507889989652,53.329821801226366,217.0,36.577560587997354,8.067426802405699,0.0,0.0,0.0,0.0,0.0,0.0
6,0.0,3,360.0071843840543,3000.0,0.0,559.0,73.21046233605357,16.00277213217999,1410.0,238.5296065657328,50.962487795544085,271.0,48.275091620955706,10.790186897495659,0.0,0.0,0.0,0.0,0.0,0.0
7,0.0,10,360.1870499115302,3000.0,1000.0,569.0,71.3703600243074,14.811976169797898,1754.0,288.71390996262915,60.91563312865829,0.0,0.0,0.0,0.0,0.0,0.0,0.0,0.0,0.0
