id,probability_maraud,successful_mating,next_foraging_time,x_pos,y_pos,foraging_events,foraging_hrs,foraging_sqhrs,staying_events,staying_hrs,staying_sqhrs,repairing_events,repairing_hrs,repairing_sqhrs,marauding_events,marauding_hrs,marauding_sqhrs,traveling_events,traveling_hrs,traveling_sqhrs
0,0.0,7,359.86944147796453,0.0,0.0,562.0,71.95073459041824,15.2921306958603,1763.0,288.10329051433325,59.72500244655916,0.0,0.0,0.0,0.0,0.0,0.0,0.0,0.0,0.0
1,0.0,10,359.93469362460047,0.0,1000.0,556.0,71.25197046729865,16.028966489029028,1683.0,288.8318990252231,63.04425120149643,0.0,0.0,0.0,0.0,0.0,0.0,0.0,0.0,0.0
2,0.0,14,360.16506073257636,1000.0,0.0,566.0,72.10674401823962,15.331079486107429,1688.0,287.95157216778966,62.53086588952048,0.0,0.0,0.0,0.0,0.0,0.0,0.0,0.0,0.0
3,0.0,8,359.9303275067184,1000.0,1000.0,554.0,69.66100912715389,14.491822567891026,1511.0,259.68982096171055,56.949724630590275,186.0,30.68162474680418,6.420070702895309,0.0,0.0,0.0,0.0,0.0,0.0
4,0.0,13,359.78699534155714,2000.0,0.0,557.0,71.41345532092446,15.364454066124953,1472.0,251.66864768319914,53.95567383968971,221.0,36.99698368735973,7.99599645444396,0.0,0.0,0.0,0.0,0.0,0.0
5,0.054,12,360.3692821586298,2000.0,1000.0,558.0,70.50823221075147,15.992688743061725,1624.0,283.8447838308923,62.04706684545911,0.0,0.0,0.0,19.0,1.9000000000000006,0.1900000000000001,81.0,3.8267062152542755,0.18218449931412875
6,0.0,4,360.2995387813765,3000.0,0.0,566.0,73.15513864708262,15.70519489848571,1655.0,281.0995606351618,61.09316995515082,37.0,6.079337662171557,1.2304870981943181,0.0,0.0,0.0,0.0,0.0,0.0
7,0.0,4,360.43838505940255,3000.0,1000.0,567.0,70.72888371562465,14.191721370321272,1436.0,246.610424290962,54.01928132839901,254.0,42.73370433091644,9.195980185035328,0.0,0.0,0.0,0.0,0.0,0.0
