id,probability_maraud,successful_mating,next_foraging_time,x_pos,y_pos,foraging_events,foraging_hrs,foraging_sqhrs,staying_events,staying_hrs,staying_sqhrs,repairing_events,repairing_hrs,repairing_sqhrs,marauding_events,marauding_hrs,marauding_sqhrs,traveling_events,traveling_hrs,traveling_sqhrs
0,0.0,8,360.1793535368041,0.0,0.0,562.0,73.28681775972754,15.678783250385067,1420.0,249.9411386463211,54.87100702459785,217.0,36.82638897999585,7.85696707669557,0.0,0.0,0.0,0.0,0.0,0.0
1,0.054,12,360.15877724581367,0.0,1000.0,562.0,67.67468439378524,13.961816770263107,1701.0,286.46077850112084,61.65418778003068,0.0,0.0,0.0,18.0,1.8000000000000005,0.1800000000000001,89.0,4.1970765856246475,0.1993312757201643
2,0.0,12,360.20107259945206,1000.0,0.0,564.0,68.68496923012451,13.848830368643894,1732.0,291.3161055063801,62.677629963856674,0.0,0.0,0.0,0.0,0.0,0.0,0.0,0.0,0.0
3,0.0,2,360.1917253623595,1000.0,1000.0,561.0,72.0271610334477,15.512540936578562,1287.0,214.9191862828997,45.208906354854335,425.0,73.16347580229505,15.911704773368658,0.0,0.0,0.0,0.0,0.0,0.0
4,0.0,17,360.03698950367095,2000.0,0.0,578.0,70.59789377511474,14.979000851347758,1722.0,289.43591699619157,61.928791330762756,0.0,0.0,0.0,0.0,0.0,0.0,0.0,0.0,0.0
5,0.0,9,360.2096418792814,2000.0,1000.0,557.0,74.47168083506071,16.86929950831352,1691.0,285.6317293073876,60.86372701046884,0.0,0.0,0.0,0.0,0.0,0.0,0.0,0.0,0.0
6,0.0,5,360.13657202253825,3000.0,0.0,556.0,73.66749626867394,16.198401248916905,1731.0,286.3781286225837,60.17622191246568,0.0,0.0,0.0,0.0,0.0,0.0,0.0,0.0,0.0
7,0.0,7,360.66176230025167,3000.0,1000.0,558.0,70.73581573059626,14.424042446371875,1755.0,289.47255908535897,60.717362691008596,0.0,0.0,0.0,0.0,0.0,0.0,0.0,0.0,0.0
