id,probability_maraud,successful_mating,next_foraging_time,x_pos,y_pos,foraging_events,foraging_hrs,foraging_sqhrs,staying_events,staying_hrs,staying_sqhrs,repairing_events,repairing_hrs,repairing_sqhrs,marauding_events,marauding_hrs,marauding_sqhrs,traveling_events,traveling_hrs,traveling_sqhrs
0,0.054,11,360.7593441699927,0.0,0.0,569.0,72.90485519042808,15.640022348842644,1655.0,281.264212455481,60.8406834228312,0.0,0.0,0.0,16.0,1.6000000000000003,0.1600000000000001,94.0,4.447734620919701,0.212191358024691
1,0.0,8,360.28289185619,0.0,1000.0,571.0,72.76426470424744,15.436762322221485,1572.0,263.08741706272025,55.91698603256323,142.0,24.17861400772221,5.0854292739960805,0.0,0.0,0.0,0.0,0.0,0.0
2,0.0,7,360.1042812377254,1000.0,0.0,557.0,70.87850676479731,15.051875241097067,1301.0,227.93623784290995,49.76334496929266,356.0,61.24109952625459,13.568837616657582,0.0,0.0,0.0,0.0,0.0,0.0
3,0.0,12,360.3206481708948,1000.0,1000.0,574.0,73.08813232137341,15.89783842924954,1646.0,274.79728352660464,58.45038951074881,77.0,12.290685559992301,2.4966619452274497,0.0,0.0,0.0,0.0,0.0,0.0
4,0.0,7,360.26540430732365,2000.0,0.0,563.0,74.38712738958938,16.861991508029377,1706.0,285.82713167792474,60.88847890914923,0.0,0.0,0.0,0.0,0.0,0.0,0.0,0.0,0.0
5,0.0,11,360.1713707735745,2000.0,1000.0,569.0,66.152090796007,12.323237845562693,1748.0,294.0188595959146,61.79527644430635,0.0,0.0,0.0,0.0,0.0,0.0,0.0,0.0,0.0
6,0.0,8,359.9595470032953,3000.0,0.0,574.0,71.4815101801996,14.657517232573532,1720.0,288.63459634881895,62.62936504179352,0.0,0.0,0.0,0.0,0.0,0.0,0.0,0.0,0.0
7,0.0,8,360.45741812086317,3000.0,1000.0,565.0,69.27194498100606,14.745145112442954,1744.0,290.7880270350947,61.367218511991545,0.0,0.0,0.0,0.0,0.0,0.0,0.0,0.0,0.0
