id,probability_maraud,successful_mating,next_foraging_time,x_pos,y_pos,foraging_events,foraging_hrs,foraging_sqhrs,staying_events,staying_hrs,staying_sqhrs,repairing_events,repairing_hrs,repairing_sqhrs,marauding_events,marauding_hrs,marauding_sqhrs,traveling_events,traveling_hrs,traveling_sqhrs
0,0.0,8,360.1865816100447,0.0,0.0,568.0,72.42627712775504,15.869266607700407,1700.0,287.62314071793645,61.81963509787987,0.0,0.0,0.0,0.0,0.0,0.0,0.0,0.0,0.0
1,0.0,9,360.01821896147413,0.0,1000.0,569.0,70.05633933500374,14.327983620754202,1759.0,290.0185583537534,60.63188582504949,0.0,0.0,0.0,0.0,0.0,0.0,0.0,0.0,0.0
2,0.0,10,360.3670693570672,1000.0,0.0,560.0,74.60989859574357,16.38389884243479,1707.0,285.4212515646921,61.15466432588893,0.0,0.0,0.0,0.0,0.0,0.0,0.0,0.0,0.0
3,0.0,12,359.98793522592626,1000.0,1000.0,569.0,73.80289376762725,15.717452686676069,1699.0,286.27009162850953,61.089037649692074,0.0,0.0,0.0,0.0,0.0,0.0,0.0,0.0,0.0
4,0.0,7,359.97448860412794,2000.0,0.0,559.0,70.94963564107259,15.751552528639102,1384.0,234.03900557862593,50.43319014042148,336.0,55.12982458756533,11.533792977050231,0.0,0.0,0.0,0.0,0.0,0.0
5,0.0,14,360.32979973641307,2000.0,1000.0,568.0,68.27292535456353,13.935169347271774,1741.0,291.73411120856076,62.248558368513784,0.0,0.0,0.0,0.0,0.0,0.0,0.0,0.0,0.0
6,0.054,9,360.34253209865665,3000.0,0.0,580.0,69.25175080506,13.690239068866259,1725.0,285.2717608708197,60.131626947014205,0.0,0.0,0.0,15.0,1.5000000000000002,0.15000000000000008,88.0,4.0740740740740735,0.18861454046639203
7,0.0,3,360.3274395181036,3000.0,1000.0,571.0,71.20291576941722,15.228677321581259,1532.0,258.71458009907025,55.197428002612504,188.0,30.272894288192752,6.189460331913788,0.0,0.0,0.0,0.0,0.0,0.0
