id,probability_maraud,successful_mating,next_foraging_time,x_pos,y_pos,foraging_events,foraging_hrs,foraging_sqhrs,staying_events,staying_hrs,staying_sqhrs,repairing_events,repairing_hrs,repairing_sqhrs,marauding_events,marauding_hrs,marauding_sqhrs,traveling_events,traveling_hrs,traveling_sqhrs
0,0.0,9,360.3541329345597,0.0,0.0,575.0,70.76851537899822,14.110121254249643,1714.0,289.24233114090686,62.8785268788069,0.0,0.0,0.0,0.0,0.0,0.0,0.0,0.0,0.0
1,0.0,10,360.26796985361403,0.0,1000.0,575.0,70.3549082541099,14.357995765291724,1734.0,289.7180081547787,61.09965962932773,0.0,0.0,0.0,0.0,0.0,0.0,0.0,0.0,0.0
2,0.0,9,360.10567014884003,1000.0,0.0,566.0,71.33268150974473,15.03568318711985,1760.0,288.913842587853,60.78765564382424,0.0,0.0,0.0,0.0,0.0,0.0,0.0,0.0,0.0
3,0.0,6,359.86186176497296,1000.0,1000.0,578.0,69.23328097049837,14.160951271228976,1732.0,290.76847778698107,62.155416412273055,0.0,0.0,0.0,0.0,0.0,0.0,0.0,0.0,0.0
4,0.0,11,360.5105857588764,2000.0,0.0,581.0,70.00545848519086,13.595704536174436,1403.0,235.6671684498597,50.60187655140736,332.0,54.58481853293554,11.51889045667085,0.0,0.0,0.0,0.0,0.0,0.0
5,0.0,7,360.6241659546004,2000.0,1000.0,559.0,70.40947112127753,14.686979383732258,1750.0,289.7738585881315,61.29809960415253,0.0,0.0,0.0,0.0,0.0,0.0,0.0,0.0,0.0
6,0.054,13,360.5377661047253,3000.0,0.0,571.0,71.44414245425635,14.691525907609044,1634.0,282.7404214588484,61.08955020573422,0.0,0.0,0.0,17.0,1.7000000000000004,0.1700000000000001,92.0,4.27843581307283,0.19933127572016426
7,0.0,7,360.22527918922947,3000.0,1000.0,568.0,73.61330989392685,16.081012792201395,1409.0,238.03485918239872,50.97726896869742,276.0,48.60642673424354,10.735720263190053,0.0,0.0,0.0,0.0,0.0,0.0
