id,probability_maraud,successful_mating,next_foraging_time,x_pos,y_pos,foraging_events,foraging_hrs,foraging_sqhrs,staying_events,staying_hrs,staying_sqhrs,repairing_events,repairing_hrs,repairing_sqhrs,marauding_events,marauding_hrs,marauding_sqhrs,traveling_events,traveling_hrs,traveling_sqhrs
0,0.054,3,359.9832808911839,0.0,0.0,556.0,71.44690707060371,15.62766690272705,1688.0,282.0665620520324,59.81388735016825,0.0,0.0,0.0,16.0,1.6000000000000003,0.1600000000000001,109.0,5.103825957737013,0.2400548696844988
1,0.0,7,360.2775003504513,0.0,1000.0,559.0,72.3502106578043,15.686629785945573,1449.0,239.17909328022952,50.494157738818046,285.0,48.56762052081025,10.423946222614036,0.0,0.0,0.0,0.0,0.0,0.0
2,0.0,8,360.2465066434122,1000.0,0.0,579.0,68.12813211892126,12.791237774419375,1402.0,242.80757722059053,52.83573915845969,288.0,49.24683260332362,10.542906984541295,0.0,0.0,0.0,0.0,0.0,0.0
3,0.0,11,359.95884753987815,1000.0,1000.0,560.0,69.83610265802449,14.3000687970952,1690.0,290.2679562612151,63.46212654417827,0.0,0.0,0.0,0.0,0.0,0.0,0.0,0.0,0.0
4,0.0,21,360.3443417304483,2000.0,0.0,558.0,71.12352769544782,15.602502672993854,1688.0,288.96556357518233,62.55547738910989,0.0,0.0,0.0,0.0,0.0,0.0,0.0,0.0,0.0
5,0.0,9,360.2627198813879,2000.0,1000.0,562.0,72.48505945332636,15.58139663382547,1686.0,287.59920114375615,62.27474682095924,0.0,0.0,0.0,0.0,0.0,0.0,0.0,0.0,0.0
6,0.0,4,360.64170940125535,3000.0,0.0,564.0,72.85665327714138,15.811321615977818,1688.0,287.2959352399535,61.603907677733886,0.0,0.0,0.0,0.0,0.0,0.0,0.0,0.0,0.0
7,0.0,9,360.77138166149973,3000.0,1000.0,552.0,69.52396041980221,14.939384803686936,1717.0,290.6272901673064,61.83714018859184,0.0,0.0,0.0,0.0,0.0,0.0,0.0,0.0,0.0
