id,probability_maraud,successful_mating,next_foraging_time,x_pos,y_pos,foraging_events,foraging_hrs,foraging_sqhrs,staying_events,staying_hrs,staying_sqhrs,repairing_events,repairing_hrs,repairing_sqhrs,marauding_events,marauding_hrs,marauding_sqhrs,traveling_events,traveling_hrs,traveling_sqhrs
0,0.0,5,360.1362215115161,0.0,0.0,559.0,73.79303057189267,15.964119491696273,1712.0,286.3532744123669,60.57771102388744,0.0,0.0,0.0,0.0,0.0,0.0,0.0,0.0,0.0
1,0.0,9,359.9919700912914,0.0,1000.0,569.0,73.56822933492366,15.234492880381806,1728.0,286.64023434913423,60.82696639330454,0.0,0.0,0.0,0.0,0.0,0.0,0.0,0.0,0.0
2,0.0,13,360.17157509669386,1000.0,0.0,555.0,68.8546104473402,13.679300280266478,1669.0,287.11906252595634,62.583082268599654,23.0,4.157412167983876,0.9443363889831046,0.0,0.0,0.0,0.0,0.0,0.0
3,0.0,15,360.05633881953014,1000.0,1000.0,567.0,72.61075869608321,14.880749205209925,1549.0,262.9123911297407,56.567378162357016,147.0,24.53914778458565,5.046803095198073,0.0,0.0,0.0,0.0,0.0,0.0
4,0.0,3,360.3870490600733,2000.0,0.0,564.0,73.55757451747628,15.381355368462662,1442.0,243.63443759844873,52.045316703966996,268.0,42.90667708137276,8.865791916658365,0.0,0.0,0.0,0.0,0.0,0.0
5,0.054,13,360.2090466083299,2000.0,1000.0,571.0,67.8135638903923,13.440460113825416,1679.0,285.8936010998375,61.00893942434776,0.0,0.0,0.0,16.0,1.6000000000000003,0.1600000000000001,103.0,4.8260481799592325,0.22719478737997212
6,0.0,7,360.74221185215436,3000.0,0.0,553.0,67.86713966718612,13.797281204801669,1685.0,286.0555538770886,62.27750002068355,33.0,6.099940723920106,1.4143082353142664,0.0,0.0,0.0,0.0,0.0,0.0
7,0.0,7,359.919117985248,3000.0,1000.0,577.0,70.46842360007714,14.442270415935152,1624.0,271.4546200745806,57.766039995802316,111.0,18.239737816146853,3.725364349140598,0.0,0.0,0.0,0.0,0.0,0.0
