id,probability_maraud,successful_mating,next_foraging_time,x_pos,y_pos,foraging_events,foraging_hrs,foraging_sqhrs,staying_events,staying_hrs,staying_sqhrs,repairing_events,repairing_hrs,repairing_sqhrs,marauding_events,marauding_hrs,marauding_sqhrs,traveling_events,traveling_hrs,traveling_sqhrs
0,0.0,13,360.5707600785745,0.0,0.0,574.0,71.17338704524907,14.584527863055927,1673.0,288.8418057491475,62.362514668993406,0.0,0.0,0.0,0.0,0.0,0.0,0.0,0.0,0.0
1,0.0,4,360.09027646785523,0.0,1000.0,559.0,66.08407663870015,13.592101439362157,1730.0,293.9187966065184,62.76177826871094,0.0,0.0,0.0,0.0,0.0,0.0,0.0,0.0,0.0
2,0.0,9,360.1105502822796,1000.0,0.0,572.0,67.81516183982944,13.510525937278068,1753.0,292.31720005695115,61.79833745416386,0.0,0.0,0.0,0.0,0.0,0.0,0.0,0.0,0.0
3,0.0,12,360.395644720697,1000.0,1000.0,560.0,67.16447997292615,13.267490864569144,1749.0,292.878847968602,62.69009879941736,0.0,0.0,0.0,0.0,0.0,0.0,0.0,0.0,0.0
4,0.0,9,360.14584548237804,2000.0,0.0,573.0,68.24718722439884,13.502605132499076,1743.0,291.88263462798045,62.52614762650066,0.0,0.0,0.0,0.0,0.0,0.0,0.0,0.0,0.0
5,0.0,11,360.46025966661864,2000.0,1000.0,570.0,70.9326711688399,15.63559317787586,1507.0,252.27088830049686,53.723431468046535,208.0,36.79866433020734,8.209100252383166,0.0,0.0,0.0,0.0,0.0,0.0
6,0.0,4,360.190024283259,3000.0,0.0,572.0,70.4451133527184,14.99142215511435,1480.0,246.74389563534623,51.69352887384839,257.0,42.85854638688031,8.942402933145543,0.0,0.0,0.0,0.0,0.0,0.0
7,0.054,10,360.09197760160356,3000.0,1000.0,574.0,66.38273210076964,13.22536348003298,1683.0,288.0004492759623,62.08445758656024,0.0,0.0,0.0,13.0,1.3,0.13000000000000006,94.0,4.390204959478993,0.20576131687242763
