id,probability_maraud,successful_mating,next_foraging_time,x_pos,y_pos,foraging_events,foraging_hrs,foraging_sqhrs,staying_events,staying_hrs,staying_sqhrs,repairing_events,repairing_hrs,repairing_sqhrs,marauding_events,marauding_hrs,marauding_sqhrs,traveling_events,traveling_hrs,traveling_sqhrs
0,0.0,8,360.2422103954562,0.0,0.0,581.0,68.41930409963722,13.231100132495685,1716.0,291.78601736957484,63.2766277977588,0.0,0.0,0.0,0.0,0.0,0.0,0.0,0.0,0.0
1,0.0,7,360.1655501794551,0.0,1000.0,571.0,68.31773666699414,12.906474392646754,1735.0,291.7043286093749,62.01106524611828,0.0,0.0,0.0,0.0,0.0,0.0,0.0,0.0,0.0
2,0.0,4,360.12579792648836,1000.0,0.0,582.0,70.15574070101869,13.738208640795943,1760.0,290.02598568356615,60.798524895004206,0.0,0.0,0.0,0.0,0.0,0.0,0.0,0.0,0.0
3,0.0,10,360.1524040737197,1000.0,1000.0,555.0,70.88219001188462,14.529772956684026,1476.0,246.2818975148955,52.35705307622733,249.0,42.836820810070925,9.322095448838223,0.0,0.0,0.0,0.0,0.0,0.0
4,0.0,12,360.46634740623523,2000.0,0.0,573.0,69.78372581679807,13.857952888168077,1507.0,253.6924475760247,54.34449630876532,216.0,36.6464232577389,7.551715438606577,0.0,0.0,0.0,0.0,0.0,0.0
5,0.054,16,360.4460842856595,2000.0,1000.0,574.0,69.53978548738259,14.598209702649312,1715.0,284.4975936910454,60.73672827923186,0.0,0.0,0.0,19.0,1.9000000000000006,0.1900000000000001,87.0,4.066130885404916,0.19075788751714648
6,0.0,9,360.3949770174404,3000.0,0.0,574.0,67.11462542894603,12.72224900197813,1707.0,286.97209599905773,61.53229098872614,40.0,6.048808418442127,1.1317133281220326,0.0,0.0,0.0,0.0,0.0,0.0
7,0.0,6,360.2478179369131,3000.0,1000.0,579.0,71.81568114511339,14.369289138141754,1583.0,257.9020312504082,53.91225071263545,185.0,30.426171389911442,6.29471818248917,0.0,0.0,0.0,0.0,0.0,0.0
