id,probability_maraud,successful_mating,next_foraging_time,x_pos,y_pos,foraging_events,foraging_hrs,foraging_sqhrs,staying_events,staying_hrs,staying_sqhrs,repairing_events,repairing_hrs,repairing_sqhrs,marauding_events,marauding_hrs,marauding_sqhrs,traveling_events,traveling_hrs,traveling_sqhrs
0,0.0,12,360.47107440654923,0.0,0.0,567.0,71.6156943588966,14.238648071323682,1367.0,233.28507158674728,50.891107530359854,344.0,55.112293952603515,11.320183423796573,0.0,0.0,0.0,0.0,0.0,0.0
1,0.0,9,360.10404660762083,0.0,1000.0,563.0,71.50889479852513,15.46873634619637,1725.0,288.57817668776846,60.68441310669564,0.0,0.0,0.0,0.0,0.0,0.0,0.0,0.0,0.0
2,0.054,8,360.42112485149204,1000.0,0.0,579.0,71.1088546696047,14.71105416040529,1654.0,282.2394425238165,60.779877151041305,0.0,0.0,0.0,20.0,2.0000000000000004,0.20000000000000012,99.0,4.679216102401184,0.22290809327846323
3,0.0,6,360.0431604746575,1000.0,1000.0,564.0,71.70033626256375,15.983236670487408,1435.0,251.6522477793138,55.53535744447374,205.0,36.79148119581415,8.223331362255443,0.0,0.0,0.0,0.0,0.0,0.0
4,0.0,7,360.293178584301,2000.0,0.0,570.0,70.84654004671933,14.699094189497403,1549.0,258.4419579303539,54.24498383231717,188.0,30.79159365741415,6.278833869467408,0.0,0.0,0.0,0.0,0.0,0.0
5,0.0,12,360.3305024616853,2000.0,1000.0,576.0,68.63391292625109,14.069532996255639,1721.0,291.4014217613514,62.69572935030417,0.0,0.0,0.0,0.0,0.0,0.0,0.0,0.0,0.0
6,0.0,10,359.90676570164175,3000.0,0.0,584.0,69.30679909250905,13.900764292059094,1704.0,290.7193697976903,62.61440093027997,0.0,0.0,0.0,0.0,0.0,0.0,0.0,0.0,0.0
7,0.0,8,360.0779012809643,3000.0,1000.0,561.0,68.86067107256994,14.74119181565441,1727.0,291.1742418049666,61.65454077748974,0.0,0.0,0.0,0.0,0.0,0.0,0.0,0.0,0.0
