id,probability_maraud,successful_mating,next_foraging_time,x_pos,y_pos,foraging_events,foraging_hrs,foraging_sqhrs,staying_events,staying_hrs,staying_sqhrs,repairing_events,repairing_hrs,repairing_sqhrs,marauding_events,marauding_hrs,marauding_sqhrs,traveling_events,traveling_hrs,traveling_sqhrs
0,0.0,8,360.0681573662602,0.0,0.0,571.0,70.31281972775969,14.560510107996873,1716.0,289.83567538761224,62.24561197147957,0.0,0.0,0.0,0.0,0.0,0.0,0.0,0.0,0.0
1,0.0,11,360.3610166696441,0.0,1000.0,564.0,65.93938668482355,13.047398019277487,1733.0,294.31255616159564,63.79028346212101,0.0,0.0,0.0,0.0,0.0,0.0,0.0,0.0,0.0
2,0.0,12,360.00907042100346,1000.0,0.0,557.0,69.97082002672266,14.842246835613933,1698.0,290.24208294388035,63.1578926355429,0.0,0.0,0.0,0.0,0.0,0.0,0.0,0.0,0.0
3,0.0,5,360.11217878449344,1000.0,1000.0,566.0,70.56101742375098,14.793905856588756,1732.0,289.6025869194909,61.61638247562955,0.0,0.0,0.0,0.0,0.0,0.0,0.0,0.0,0.0
4,0.0,7,360.4539185567566,2000.0,0.0,569.0,72.91327114763243,15.976775003359053,1371.0,232.3025859937804,49.3604740861524,338.0,54.98473584891795,11.374665026451353,0.0,0.0,0.0,0.0,0.0,0.0
5,0.0,11,360.2601003879927,2000.0,1000.0,562.0,71.95112906503401,16.484523587117568,1570.0,269.74112415009216,58.194474555581316,112.0,18.325317156643887,3.84079893267681,0.0,0.0,0.0,0.0,0.0,0.0
6,0.054,9,360.3473454380819,3000.0,0.0,574.0,71.52970058938276,14.24455844183524,1658.0,282.8525603506906,60.81006687925001,0.0,0.0,0.0,18.0,1.8000000000000005,0.1800000000000001,86.0,4.058187696735757,0.19290123456790098
7,0.0,9,360.34826054887236,3000.0,1000.0,561.0,70.10732775000652,14.262379952514214,1480.0,253.35857914665567,54.82921253636606,214.0,36.58809147088714,7.7759216830002105,0.0,0.0,0.0,0.0,0.0,0.0
