id,probability_maraud,successful_mating,next_foraging_time,x_pos,y_pos,foraging_events,foraging_hrs,foraging_sqhrs,staying_events,staying_hrs,staying_sqhrs,repairing_events,repairing_hrs,repairing_sqhrs,marauding_events,marauding_hrs,marauding_sqhrs,traveling_events,traveling_hrs,traveling_sqhrs
0,0.0,6,360.44314970262377,0.0,0.0,563.0,69.21662729223416,14.199900290634258,1738.0,290.82405361091674,62.37002078069348,0.0,0.0,0.0,0.0,0.0,0.0,0.0,0.0,0.0
1,0.0,8,359.907322959493,0.0,1000.0,569.0,67.74851572309288,13.517405218767154,1741.0,292.3934857668788,62.56419939096274,0.0,0.0,0.0,0.0,0.0,0.0,0.0,0.0,0.0
2,0.0,8,359.65248817874,1000.0,0.0,574.0,63.95442460622823,11.997919769339338,1770.0,296.09832526876016,63.26966280547583,0.0,0.0,0.0,0.0,0.0,0.0,0.0,0.0,0.0
3,0.0,11,359.9752538530322,1000.0,1000.0,566.0,67.83399722469461,13.071594117306176,1723.0,292.223515276213,62.84576112127827,0.0,0.0,0.0,0.0,0.0,0.0,0.0,0.0,0.0
4,0.0,12,360.16814159144474,2000.0,0.0,564.0,65.68794675181701,12.922584563045554,1726.0,294.3350144963653,64.2185321892358,0.0,0.0,0.0,0.0,0.0,0.0,0.0,0.0,0.0
5,0.0,9,359.94364188118067,2000.0,1000.0,560.0,68.06101620516252,13.29759865008354,1326.0,225.09851926487394,48.05440140875753,394.0,66.94484006961642,14.367767735537235,0.0,0.0,0.0,0.0,0.0,0.0
6,0.0,6,360.39993253233723,3000.0,0.0,564.0,70.90441051186583,14.826358353148603,1246.0,215.47313087500004,47.16445987059769,435.0,73.71455572985181,16.09487627585812,0.0,0.0,0.0,0.0,0.0,0.0
7,0.054,12,359.91295173139315,3000.0,1000.0,563.0,72.16721596926948,16.108504405901193,1667.0,280.2632971827007,60.21199964149384,0.0,0.0,0.0,23.0,2.3000000000000007,0.23000000000000015,115.0,5.343250627887655,0.24862825788751652
