id,probability_maraud,successful_mating,next_foraging_time,x_pos,y_pos,foraging_events,foraging_hrs,foraging_sqhrs,staying_events,staying_hrs,staying_sqhrs,repairing_events,repairing_hrs,repairing_sqhrs,marauding_events,marauding_hrs,marauding_sqhrs,traveling_events,traveling_hrs,traveling_sqhrs
0,0.054,9,360.17502103288047,0.0,0.0,572.0,69.40586789665232,14.416983187165648,1653.0,283.7301137016805,61.5971285204099,0.0,0.0,0.0,18.0,1.8000000000000005,0.1800000000000001,110.0,5.092592592592601,0.23576817558298985
1,0.0,10,360.37051105263726,0.0,1000.0,567.0,70.015004363333,14.302229958967262,1435.0,239.78334410198826,51.07571483544016,303.0,50.46554708156739,10.81370005113101,0.0,0.0,0.0,0.0,0.0,0.0
2,0.0,11,360.43715706017014,1000.0,0.0,580.0,71.01543635010573,14.70981369689734,1355.0,233.87923080101422,50.72538363005404,325.0,55.32539975936663,11.852350345393141,0.0,0.0,0.0,0.0,0.0,0.0
3,0.0,7,360.45945541143624,1000.0,1000.0,573.0,69.37976700698034,14.486358826171482,1675.0,290.6385974194531,63.209408084357,0.0,0.0,0.0,0.0,0.0,0.0,0.0,0.0,0.0
4,0.0,9,360.0435911873853,2000.0,0.0,559.0,66.69489427558494,13.466535170739519,1727.0,293.4033587015445,63.43682630430828,0.0,0.0,0.0,0.0,0.0,0.0,0.0,0.0,0.0
5,0.0,10,360.0891036894065,2000.0,1000.0,558.0,67.31880268956891,13.63656266656666,1714.0,292.855298842516,63.70482936789602,0.0,0.0,0.0,0.0,0.0,0.0,0.0,0.0,0.0
6,0.0,10,360.2534892673417,3000.0,0.0,565.0,70.04637745221795,14.280288140535163,1737.0,289.9712004884004,61.43438053113527,0.0,0.0,0.0,0.0,0.0,0.0,0.0,0.0,0.0
7,0.0,6,360.2955456870463,3000.0,1000.0,568.0,72.43614858846563,15.000385598457072,1693.0,287.58664575985335,62.105185817134675,0.0,0.0,0.0,0.0,0.0,0.0,0.0,0.0,0.0
