id,probability_maraud,successful_mating,next_foraging_time,x_pos,y_pos,foraging_events,foraging_hrs,foraging_sqhrs,staying_events,staying_hrs,staying_sqhrs,repairing_events,repairing_hrs,repairing_sqhrs,marauding_events,marauding_hrs,marauding_sqhrs,traveling_events,traveling_hrs,traveling_sqhrs
0,0.0,9,360.3415732862527,0.0,0.0,559.0,68.09038602228999,13.408487839685229,1732.0,292.0082300854017,62.13833665253504,0.0,0.0,0.0,0.0,0.0,0.0,0.0,0.0,0.0
1,0.0,10,360.37667865945673,0.0,1000.0,576.0,69.9523574729188,14.497649888083977,1705.0,290.19536850932593,61.96139177498877,0.0,0.0,0.0,0.0,0.0,0.0,0.0,0.0,0.0
2,0.0,8,360.23900022023946,1000.0,0.0,579.0,77.00366171893363,17.804611794911203,1722.0,283.0042219104552,59.49862890415469,0.0,0.0,0.0,0.0,0.0,0.0,0.0,0.0,0.0
3,0.0,15,360.06960015572764,1000.0,1000.0,565.0,71.95784623276617,14.908386439484651,1701.0,288.08200766028034,61.36709640034688,0.0,0.0,0.0,0.0,0.0,0.0,0.0,0.0,0.0
4,0.0,6,360.31982314717607,2000.0,0.0,576.0,72.43012398572812,15.429562538494732,1664.0,281.4807511392563,60.236384832733094,37.0,6.135074053958735,1.363043231546229,0.0,0.0,0.0,0.0,0.0,0.0
5,0.0,7,360.4071977622267,2000.0,1000.0,557.0,70.88541820533729,15.441205884610811,1539.0,264.5101934515192,57.58724396291494,147.0,24.630989299882504,5.400858424086141,0.0,0.0,0.0,0.0,0.0,0.0
6,0.0,8,359.93754101567026,3000.0,0.0,564.0,71.66749005296538,15.045097850187306,1385.0,239.3121142036464,51.14636016353953,277.0,49.0881088670535,10.951804155327537,0.0,0.0,0.0,0.0,0.0,0.0
7,0.054,9,360.68676063519024,3000.0,1000.0,580.0,73.05129260343831,14.96176560783584,1651.0,282.2030321931157,61.2639577831555,0.0,0.0,0.0,13.0,1.3,0.13000000000000006,76.0,3.5568716261456563,0.16718106995884757
