id,probability_maraud,successful_mating,next_foraging_time,x_pos,y_pos,foraging_events,foraging_hrs,foraging_sqhrs,staying_events,staying_hrs,staying_sqhrs,repairing_events,repairing_hrs,repairing_sqhrs,marauding_events,marauding_hrs,marauding_sqhrs,traveling_events,traveling_hrs,traveling_sqhrs
0,0.0,11,360.05304068644324,0.0,0.0,569.0,65.2972242675199,12.879535186002418,1771.0,294.726739819218,61.88972925796311,0.0,0.0,0.0,0.0,0.0,0.0,0.0,0.0,0.0
1,0.0,6,360.3046799870868,0.0,1000.0,577.0,75.78366511057403,16.437971775035642,1693.0,284.2649152472533,60.430869349510836,0.0,0.0,0.0,0.0,0.0,0.0,0.0,0.0,0.0
2,0.0,15,360.2909208851287,1000.0,0.0,562.0,72.87467221670443,16.05722780122083,1712.0,287.45857853045334,60.52136865341214,0.0,0.0,0.0,0.0,0.0,0.0,0.0,0.0,0.0
3,0.0,10,360.08370228260475,1000.0,1000.0,560.0,71.0307232576929,15.482708828793413,1707.0,289.0036844312512,61.67945458848968,0.0,0.0,0.0,0.0,0.0,0.0,0.0,0.0,0.0
4,0.0,8,359.9278168230716,2000.0,0.0,566.0,71.4001504097637,14.484241080581613,1724.0,288.61290396913944,61.529769142901074,0.0,0.0,0.0,0.0,0.0,0.0,0.0,0.0,0.0
5,0.0,11,360.2855356187566,2000.0,1000.0,556.0,72.70995796105612,15.96886248788233,1463.0,250.96513031903882,54.166825791020614,220.0,36.47518150534446,7.647588123189165,0.0,0.0,0.0,0.0,0.0,0.0
6,0.0,3,360.45154812641744,3000.0,0.0,559.0,70.75425752589481,15.552593000564968,1449.0,252.72484060861592,56.09913521877274,225.0,36.6396638361185,7.730174476248979,0.0,0.0,0.0,0.0,0.0,0.0
7,0.054,8,360.5059765322832,3000.0,1000.0,556.0,71.43603563450519,14.577156767541297,1598.0,282.8393665071504,61.72434515609609,0.0,0.0,0.0,12.0,1.2,0.12000000000000005,98.0,4.594566698477749,0.21647805212619986
