id,probability_maraud,successful_mating,next_foraging_time,x_pos,y_pos,foraging_events,foraging_hrs,foraging_sqhrs,staying_events,staying_hrs,staying_sqhrs,repairing_events,repairing_hrs,repairing_sqhrs,marauding_events,marauding_hrs,marauding_sqhrs,traveling_events,traveling_hrs,traveling_sqhrs
0,0.0,7,360.3573842314529,0.0,0.0,559.0,71.82263954501093,14.87815473184065,1728.0,288.42688987418035,61.22782130779357,0.0,0.0,0.0,0.0,0.0,0.0,0.0,0.0,0.0
1,0.0,7,360.16640257384086,0.0,1000.0,556.0,70.31791467905215,14.548432674193178,1722.0,289.72538219491844,61.34725814473017,0.0,0.0,0.0,0.0,0.0,0.0,0.0,0.0,0.0
2,0.0,14,359.97049243724683,1000.0,0.0,566.0,75.1865534163454,18.223126357546242,1688.0,284.8428537600958,60.74011316348578,0.0,0.0,0.0,0.0,0.0,0.0,0.0,0.0,0.0
3,0.0,11,360.5219907491184,1000.0,1000.0,564.0,72.45777904896362,16.182321837374058,1717.0,287.56012230617745,60.70879308204178,0.0,0.0,0.0,0.0,0.0,0.0,0.0,0.0,0.0
4,0.0,6,360.2358606847556,2000.0,0.0,559.0,74.52084515707881,16.769647951808494,1300.0,224.07753517787876,48.17414814228546,383.0,61.50665692465577,12.74082945766554,0.0,0.0,0.0,0.0,0.0,0.0
5,0.0,12,360.353604690267,2000.0,1000.0,568.0,71.84804370677938,15.013528525938638,1693.0,288.1723835045227,62.502980070248576,0.0,0.0,0.0,0.0,0.0,0.0,0.0,0.0,0.0
6,0.054,8,360.0486966396675,3000.0,0.0,575.0,71.67063425962726,15.159960215730177,1666.0,281.7616636509849,60.69573190217241,0.0,0.0,0.0,20.0,2.0000000000000004,0.20000000000000012,100.0,4.667982737256773,0.2186213991769543
7,0.0,7,359.94208183118906,3000.0,1000.0,561.0,72.19277289469875,15.016679033273855,1371.0,226.58452618187653,47.8606297798337,373.0,61.234136215214484,12.943336575674708,0.0,0.0,0.0,0.0,0.0,0.0
