id,probability_maraud,successful_mating,next_foraging_time,x_pos,y_pos,foraging_events,foraging_hrs,foraging_sqhrs,staying_events,staying_hrs,staying_sqhrs,repairing_events,repairing_hrs,repairing_sqhrs,marauding_events,marauding_hrs,marauding_sqhrs,traveling_events,traveling_hrs,traveling_sqhrs
0,0.0,7,359.95721066846244,0.0,0.0,561.0,72.79655988255985,15.701036104369368,1427.0,244.60816847334902,52.25847035090612,260.0,42.61239856045375,8.926148554444152,0.0,0.0,0.0,0.0,0.0,0.0
1,0.054,7,359.8758157295076,0.0,1000.0,574.0,69.04180604792494,13.946112253710307,1679.0,285.1824293348743,61.28297596625961,0.0,0.0,0.0,16.0,1.6000000000000003,0.1600000000000001,91.0,4.212962962962964,0.19504458161865537
2,0.0,11,359.9845664281053,1000.0,0.0,570.0,70.50283171789519,14.601842245934376,1703.0,289.52981925028723,61.926193617385586,0.0,0.0,0.0,0.0,0.0,0.0,0.0,0.0,0.0
3,0.0,9,360.2655841698962,1000.0,1000.0,585.0,70.76639620649985,14.576755993179058,1400.0,234.66103462276672,50.185844514945984,326.0,54.799212988496535,12.068793810049169,0.0,0.0,0.0,0.0,0.0,0.0
4,0.0,10,360.0045696706108,2000.0,0.0,577.0,67.79289804099878,13.12031742143074,1736.0,292.49411885565814,62.64728925661432,0.0,0.0,0.0,0.0,0.0,0.0,0.0,0.0,0.0
5,0.0,9,359.927227159135,2000.0,1000.0,574.0,70.97142830043978,14.169560160621687,1693.0,289.14979628227866,62.066217733213264,0.0,0.0,0.0,0.0,0.0,0.0,0.0,0.0,0.0
6,0.0,8,360.3833052118714,3000.0,0.0,558.0,73.35361652364064,16.196898580972523,1702.0,286.7762879152522,60.92339333349016,0.0,0.0,0.0,0.0,0.0,0.0,0.0,0.0,0.0
7,0.0,11,360.4663879297915,3000.0,1000.0,577.0,68.69384664050779,13.610321592456732,1754.0,291.3972811167791,61.716194002027365,0.0,0.0,0.0,0.0,0.0,0.0,0.0,0.0,0.0
