id,probability_maraud,successful_mating,next_foraging_time,x_pos,y_pos,foraging_events,foraging_hrs,foraging_sqhrs,staying_events,staying_hrs,staying_sqhrs,repairing_events,repairing_hrs,repairing_sqhrs,marauding_events,marauding_hrs,marauding_sqhrs,traveling_events,traveling_hrs,traveling_sqhrs
0,0.0,11,360.4369539886539,0.0,0.0,564.0,70.25878624928133,14.654283005176104,1722.0,289.80317257211345,62.24338548545934,0.0,0.0,0.0,0.0,0.0,0.0,0.0,0.0,0.0
1,0.0,4,360.2131963833891,0.0,1000.0,565.0,71.98691608123193,15.30526828082791,1670.0,288.228337289254,62.06805403141273,0.0,0.0,0.0,0.0,0.0,0.0,0.0,0.0,0.0
2,0.0,12,360.61411605375963,1000.0,0.0,567.0,72.94839166156166,14.676216877670319,1732.0,287.4037892444009,60.18530292434295,0.0,0.0,0.0,0.0,0.0,0.0,0.0,0.0,0.0
3,0.0,13,360.17844571683173,1000.0,1000.0,566.0,68.26914354439369,13.363330498878444,1707.0,291.86173264693747,63.45478442956602,0.0,0.0,0.0,0.0,0.0,0.0,0.0,0.0,0.0
4,0.0,11,360.19106168585756,2000.0,0.0,563.0,67.58374506321043,13.207837290249246,1448.0,249.68527493429625,54.60145936370894,263.0,42.79470936396135,9.206787852144236,0.0,0.0,0.0,0.0,0.0,0.0
5,0.0,6,360.6760562484649,2000.0,1000.0,565.0,75.49073384178713,16.451615808875992,1720.0,284.5492780526859,59.26285616797906,0.0,0.0,0.0,0.0,0.0,0.0,0.0,0.0,0.0
6,0.054,9,360.10962943997436,3000.0,0.0,565.0,68.76607805612956,14.71835593653539,1712.0,286.02471979543947,60.85461134015604,0.0,0.0,0.0,11.0,1.0999999999999999,0.11000000000000004,90.0,4.205019774293806,0.19718792866940987
7,0.0,6,360.04925748108275,3000.0,1000.0,567.0,71.29392116829479,14.857545355828863,1563.0,264.16947872808976,56.34725434760831,141.0,24.667453834563354,5.624638362714871,0.0,0.0,0.0,0.0,0.0,0.0
