id,probability_maraud,successful_mating,next_foraging_time,x_pos,y_pos,foraging_events,foraging_hrs,foraging_sqhrs,staying_events,staying_hrs,staying_sqhrs,repairing_events,repairing_hrs,repairing_sqhrs,marauding_events,marauding_hrs,marauding_sqhrs,traveling_events,traveling_hrs,traveling_sqhrs
0,0.0,10,360.2000162151937,0.0,0.0,569.0,68.80184058759215,13.296631874253045,1716.0,291.23635651890635,63.44168337098861,0.0,0.0,0.0,0.0,0.0,0.0,0.0,0.0,0.0
1,0.0,4,360.3036885813523,0.0,1000.0,560.0,70.46786601961216,14.50771873354449,1724.0,289.6409789836885,62.19985781616411,0.0,0.0,0.0,0.0,0.0,0.0,0.0,0.0,0.0
2,0.0,11,360.31081571757494,1000.0,0.0,568.0,68.3376178049771,13.713128772638466,1708.0,291.7917890411248,63.66000535759014,0.0,0.0,0.0,0.0,0.0,0.0,0.0,0.0,0.0
3,0.0,16,359.8235968682444,1000.0,1000.0,569.0,73.07311402104874,15.77061008136489,1397.0,238.01086078910686,51.649423812402915,286.0,48.99703333779687,10.419599846913394,0.0,0.0,0.0,0.0,0.0,0.0
4,0.0,12,360.51413657897854,2000.0,0.0,554.0,71.07070204855118,14.664880918720753,1473.0,252.48605709993555,54.03279894352148,210.0,36.594398265360546,7.937328424514231,0.0,0.0,0.0,0.0,0.0,0.0
5,0.054,11,360.2742029768971,2000.0,1000.0,569.0,71.44298951933558,15.708755445184812,1666.0,282.20663770207545,61.25714900243142,0.0,0.0,0.0,19.0,1.9000000000000006,0.1900000000000001,99.0,4.640862994774046,0.21862139917695433
6,0.0,4,359.9478406704234,3000.0,0.0,569.0,66.24179936888095,12.38166861940245,1706.0,293.8231889007471,64.48709169679898,0.0,0.0,0.0,0.0,0.0,0.0,0.0,0.0,0.0
7,0.0,4,359.89939772974725,3000.0,1000.0,562.0,70.48995631589135,14.069619918120203,1531.0,258.84121325182883,55.57442151505921,170.0,30.67776901286242,6.833751883771328,0.0,0.0,0.0,0.0,0.0,0.0
