id,probability_maraud,successful_mating,next_foraging_time,x_pos,y_pos,foraging_events,foraging_hrs,foraging_sqhrs,staying_events,staying_hrs,staying_sqhrs,repairing_events,repairing_hrs,repairing_sqhrs,marauding_events,marauding_hrs,marauding_sqhrs,traveling_events,traveling_hrs,traveling_sqhrs
0,0.0,7,360.072585568918,0.0,0.0,577.0,68.4590692582501,13.560582043154678,1764.0,291.5518163396147,61.63355365126369,0.0,0.0,0.0,0.0,0.0,0.0,0.0,0.0,0.0
1,0.0,9,360.35460077027886,0.0,1000.0,572.0,72.00234646878526,15.29862632862387,1692.0,288.12457582283116,62.15494953158783,0.0,0.0,0.0,0.0,0.0,0.0,0.0,0.0,0.0
2,0.0,6,360.658541986952,1000.0,0.0,584.0,71.61766762576435,15.355165903610262,1716.0,288.417846473875,61.35574194494962,0.0,0.0,0.0,0.0,0.0,0.0,0.0,0.0,0.0
3,0.0,6,360.45257525579405,1000.0,1000.0,567.0,73.33733794651066,15.899368196973851,1431.0,243.77806956207698,52.66325505521928,254.0,42.88648227200045,9.230184729571064,0.0,0.0,0.0,0.0,0.0,0.0
4,0.0,5,360.261526077542,2000.0,0.0,570.0,72.64400830853877,15.03052335922575,1496.0,250.83089460804223,53.561935142418946,206.0,36.67200838574344,8.54273406222802,0.0,0.0,0.0,0.0,0.0,0.0
5,0.054,18,360.59280295580544,2000.0,1000.0,557.0,71.91896676624151,16.06205312131092,1634.0,281.2222412901492,60.644751421219475,0.0,0.0,0.0,19.0,1.9000000000000006,0.1900000000000001,107.0,4.972880257517281,0.23148148148148098
6,0.0,12,360.2616007042023,3000.0,0.0,576.0,68.81819856942474,13.780167187084686,1722.0,291.3854077705499,62.9886908003606,0.0,0.0,0.0,0.0,0.0,0.0,0.0,0.0,0.0
7,0.0,9,360.0243651120306,3000.0,1000.0,559.0,69.15379446717006,15.010404490439887,1510.0,254.46462226104003,54.51368202702699,221.0,36.38895937389261,7.717637974870144,0.0,0.0,0.0,0.0,0.0,0.0
