id,probability_maraud,successful_mating,next_foraging_time,x_pos,y_pos,foraging_events,foraging_hrs,foraging_sqhrs,staying_events,staying_hrs,staying_sqhrs,repairing_events,repairing_hrs,repairing_sqhrs,marauding_events,marauding_hrs,marauding_sqhrs,traveling_events,traveling_hrs,traveling_sqhrs
0,0.0,9,360.05506437804485,0.0,0.0,573.0,70.81936585788907,14.934279117084449,1716.0,289.2072159242565,60.93519995219497,0.0,0.0,0.0,0.0,0.0,0.0,0.0,0.0,0.0
1,0.0,9,360.0819157978906,0.0,1000.0,566.0,71.34792361953073,15.204177075244477,1712.0,288.79315275007366,62.21680315909245,0.0,0.0,0.0,0.0,0.0,0.0,0.0,0.0,0.0
2,0.0,11,360.2937330899015,1000.0,0.0,568.0,70.67003646022901,14.78833728559861,1711.0,289.38226873639127,61.873075598265736,0.0,0.0,0.0,0.0,0.0,0.0,0.0,0.0,0.0
3,0.0,13,360.5399820640284,1000.0,1000.0,558.0,71.47585924141089,14.85732433413242,1709.0,288.6353179801799,62.35690734033469,0.0,0.0,0.0,0.0,0.0,0.0,0.0,0.0,0.0
4,0.0,10,360.472789059707,2000.0,0.0,557.0,69.96151538702807,15.096981350531577,1736.0,290.0797457562785,62.31387212215577,0.0,0.0,0.0,0.0,0.0,0.0,0.0,0.0,0.0
5,0.0,6,360.6296251842696,2000.0,1000.0,573.0,73.79428186702687,15.901762172501552,1393.0,231.06459222590638,48.18734570998053,330.0,55.22933119875914,11.666900034296843,0.0,0.0,0.0,0.0,0.0,0.0
6,0.0,5,360.05937523544446,3000.0,0.0,583.0,66.6153748999123,12.425886526155436,1566.0,268.8459060126891,57.6809847849441,146.0,24.539695574264474,5.333040575080233,0.0,0.0,0.0,0.0,0.0,0.0
7,0.054,9,360.45802781348874,3000.0,1000.0,555.0,71.7163696861047,15.578040607268134,1685.0,282.13425464594445,59.471352263964185,0.0,0.0,0.0,13.0,1.3,0.13000000000000006,109.0,5.065472850109875,0.23576817558298985
