id,probability_maraud,successful_mating,next_foraging_time,x_pos,y_pos,foraging_events,foraging_hrs,foraging_sqhrs,staying_events,staying_hrs,staying_sqhrs,repairing_events,repairing_hrs,repairing_sqhrs,marauding_events,marauding_hrs,marauding_sqhrs,traveling_events,traveling_hrs,traveling_sqhrs
0,0.0,11,360.10931282481783,0.0,0.0,564.0,67.37952610901311,13.275653378917799,1739.0,292.6834849951314,62.830740869521996,0.0,0.0,0.0,0.0,0.0,0.0,0.0,0.0,0.0
1,0.0,9,360.3073554534288,0.0,1000.0,577.0,66.80585545342795,12.798532184667181,1647.0,274.8474656734556,58.69616497987459,108.0,18.37807488092614,3.8364121825530764,0.0,0.0,0.0,0.0,0.0,0.0
2,0.0,7,360.5697718702264,1000.0,0.0,559.0,67.01306853815431,13.627947086727602,1375.0,233.99122018520492,49.51412287618353,345.0,58.99599372772459,12.855360435505782,0.0,0.0,0.0,0.0,0.0,0.0
3,0.054,9,360.33432670083454,1000.0,1000.0,571.0,69.94217429286758,13.447815959465586,1662.0,285.12640760854185,61.98661113358945,0.0,0.0,0.0,13.0,1.3,0.13000000000000006,79.0,3.6765839612209756,0.17146776406035646
