id,probability_maraud,successful_mating,next_foraging_time,x_pos,y_pos,foraging_events,foraging_hrs,foraging_sqhrs,staying_events,staying_hrs,staying_sqhrs,repairing_events,repairing_hrs,repairing_sqhrs,marauding_events,marauding_hrs,marauding_sqhrs,traveling_events,traveling_hrs,traveling_sqhrs
0,0.054,8,360.2240346725982,0.0,0.0,565.0,67.27768972059745,13.389196381002158,1657.0,286.4656383352395,62.508064319841864,0.0,0.0,0.0,16.0,1.6000000000000003,0.1600000000000001,102.0,4.722222222222228,0.21862139917695428
1,0.0,13,359.9840592796567,0.0,1000.0,567.0,73.9449182960519,16.64225526989516,1491.0,249.46121614859186,53.20158807616786,215.0,36.654795790261005,7.784508980366377,0.0,0.0,0.0,0.0,0.0,0.0
2,0.0,4,360.0769359081624,1000.0,0.0,566.0,69.03291070282236,13.580977151323507,1345.0,229.89848634841658,48.87524079712688,347.0,61.24411131785276,13.443454320881232,0.0,0.0,0.0,0.0,0.0,0.0
3,0.0,11,360.27281741998564,1000.0,1000.0,567.0,71.03939033620541,15.598861205533245,1691.0,289.0787801227749,62.188725046433895,0.0,0.0,0.0,0.0,0.0,0.0,0.0,0.0,0.0
