id,probability_maraud,successful_mating,next_foraging_time,x_pos,y_pos,foraging_events,foraging_hrs,foraging_sqhrs,staying_events,staying_hrs,staying_sqhrs,repairing_events,repairing_hrs,repairing_sqhrs,marauding_events,marauding_hrs,marauding_sqhrs,traveling_events,traveling_hrs,traveling_sqhrs
0,0.0,8,360.33619930012077,0.0,0.0,562.0,70.11747344318711,15.016993991623536,1681.0,290.0257796505712,62.73223329833903,0.0,0.0,0.0,0.0,0.0,0.0,0.0,0.0,0.0
1,0.0,7,360.426454780305,0.0,1000.0,567.0,67.43971235964041,12.537300244643218,1331.0,225.25488532196246,48.554948461231014,383.0,67.4117869471078,14.989212522031082,0.0,0.0,0.0,0.0,0.0,0.0
2,0.0,10,359.9669238330754,1000.0,0.0,562.0,68.07210812569376,13.332916360215595,1407.0,242.91482173536548,52.98642650876787,293.0,49.12322233715296,10.620853743146698,0.0,0.0,0.0,0.0,0.0,0.0
3,0.054,11,359.99772043153064,1000.0,1000.0,576.0,69.73290933983469,14.361342226608926,1659.0,283.47378139961216,61.19410640177687,0.0,0.0,0.0,19.0,1.9000000000000006,0.1900000000000001,108.0,5.000000000000008,0.23148148148148096
