id,probability_maraud,successful_mating,next_foraging_time,x_pos,y_pos,foraging_events,foraging_hrs,foraging_sqhrs,staying_events,staying_hrs,staying_sqhrs,repairing_events,repairing_hrs,repairing_sqhrs,marauding_events,marauding_hrs,marauding_sqhrs,traveling_events,traveling_hrs,traveling_sqhrs
0,0.0,12,360.1253444017975,0.0,0.0,561.0,72.11758426029331,15.796018222141026,1432.0,245.0451152111292,52.92708851812316,249.0,42.96390765808479,9.125750163987739,0.0,0.0,0.0,0.0,0.0,0.0
1,0.054,6,360.3543389070458,0.0,1000.0,571.0,69.08492306365164,13.868276503545093,1685.0,284.5537431677784,60.27948605500066,0.0,0.0,0.0,17.0,1.7000000000000004,0.1700000000000001,100.0,4.667982737256773,0.2186213991769543
2,0.0,13,360.37658614853495,1000.0,0.0,565.0,70.84672812917184,14.214387230977302,1686.0,282.99053624581677,60.084427389981904,34.0,6.303333496261076,1.396321282472382,0.0,0.0,0.0,0.0,0.0,0.0
3,0.0,5,360.5583483258742,1000.0,1000.0,571.0,68.31704389978471,13.515615711280619,1438.0,236.77238172087533,49.73025609341776,326.0,55.011884388114176,11.735271901740834,0.0,0.0,0.0,0.0,0.0,0.0
