id,probability_maraud,successful_mating,next_foraging_time,x_pos,y_pos,foraging_events,foraging_hrs,foraging_sqhrs,staying_events,staying_hrs,staying_sqhrs,repairing_events,repairing_hrs,repairing_sqhrs,marauding_events,marauding_hrs,marauding_sqhrs,traveling_events,traveling_hrs,traveling_sqhrs
0,0.0,4,360.4343291123758,0.0,0.0,574.0,67.96406920791027,12.992283503204636,1451.0,249.39511164919918,53.99213019285433,264.0,42.775233897933546,8.822499555325397,0.0,0.0,0.0,0.0,0.0,0.0
1,0.054,10,360.44216325024877,0.0,1000.0,577.0,73.9780578214059,15.406875770524048,1677.0,281.2279227813538,59.95027957868454,0.0,0.0,0.0,13.0,1.3,0.13000000000000006,79.0,3.6765839612209756,0.17146776406035646
2,0.0,9,360.2473050337531,1000.0,0.0,551.0,70.87182017065956,14.566237379314726,1683.0,289.1818127564712,62.52313528433883,0.0,0.0,0.0,0.0,0.0,0.0,0.0,0.0,0.0
3,0.0,13,360.3872061708449,1000.0,1000.0,578.0,71.92464361009847,15.44322954310898,1522.0,251.82401486335277,53.393468402135746,211.0,36.37293581829741,7.78379033976352,0.0,0.0,0.0,0.0,0.0,0.0
