id,probability_maraud,successful_mating,next_foraging_time,x_pos,y_pos,foraging_events,foraging_hrs,foraging_sqhrs,staying_events,staying_hrs,staying_sqhrs,repairing_events,repairing_hrs,repairing_sqhrs,marauding_events,marauding_hrs,marauding_sqhrs,traveling_events,traveling_hrs,traveling_sqhrs
0,0.0,16,360.19221158758774,0.0,0.0,565.0,69.76453343621343,13.998999462772305,1721.0,290.3163395463366,61.89639226261756,0.0,0.0,0.0,0.0,0.0,0.0,0.0,0.0,0.0
1,0.0,8,360.15869821065274,0.0,1000.0,564.0,73.06344506524212,16.046630440989595,1407.0,238.3365843429943,51.62417792360361,286.0,48.70549138153851,10.424338737425751,0.0,0.0,0.0,0.0,0.0,0.0
2,0.0,3,360.4717657941613,1000.0,0.0,553.0,72.4992867523828,15.800268071306434,1464.0,250.7731195857782,54.26805112168746,222.0,36.889825770198215,7.8121317470779825,0.0,0.0,0.0,0.0,0.0,0.0
3,0.054,9,359.9665293510808,1000.0,1000.0,564.0,72.18649256239803,15.415381567130584,1627.0,282.9263477892874,61.730975504793186,0.0,0.0,0.0,14.0,1.4000000000000001,0.14000000000000007,76.0,3.5760481799592254,0.16932441700960202
