id,probability_maraud,successful_mating,next_foraging_time,x_pos,y_pos,foraging_events,foraging_hrs,foraging_sqhrs,staying_events,staying_hrs,staying_sqhrs,repairing_events,repairing_hrs,repairing_sqhrs,marauding_events,marauding_hrs,marauding_sqhrs,traveling_events,traveling_hrs,traveling_sqhrs
0,0.0,12,360.4218699958844,0.0,0.0,569.0,65.32626514538023,12.461715727068546,1548.0,264.09031259841936,57.05633466942076,186.0,30.585359593819852,6.475909075154444,0.0,0.0,0.0,0.0,0.0,0.0
1,0.054,11,360.55518405976585,0.0,1000.0,562.0,69.76532594617437,14.225115741323114,1679.0,284.7185057192273,60.92008400989552,0.0,0.0,0.0,16.0,1.6000000000000003,0.1600000000000001,86.0,4.019834589108619,0.18861454046639206
2,0.0,7,360.02707175776254,1000.0,0.0,578.0,74.5097225543646,15.391197769218659,1698.0,285.6037188743397,61.433620133013996,0.0,0.0,0.0,0.0,0.0,0.0,0.0,0.0,0.0
3,0.0,6,360.35664755913473,1000.0,1000.0,573.0,70.85214264459471,15.165081123002164,1374.0,227.78972119985002,48.12850429979024,355.0,61.57430705908625,13.195520268447359,0.0,0.0,0.0,0.0,0.0,0.0
