id,probability_maraud,successful_mating,next_foraging_time,x_pos,y_pos,foraging_events,foraging_hrs,foraging_sqhrs,staying_events,staying_hrs,staying_sqhrs,repairing_events,repairing_hrs,repairing_sqhrs,marauding_events,marauding_hrs,marauding_sqhrs,traveling_events,traveling_hrs,traveling_sqhrs
0,0.0,11,360.30387949241776,0.0,0.0,560.0,70.08509805845881,13.951748849127366,1513.0,253.26102847003068,54.01494564218991,205.0,36.72061276806053,8.233231245250519,0.0,0.0,0.0,0.0,0.0,0.0
1,0.0,9,360.08870977023395,0.0,1000.0,563.0,72.42421954133795,15.633583907794437,1717.0,287.7230898034918,60.1684847765587,0.0,0.0,0.0,0.0,0.0,0.0,0.0,0.0,0.0
2,0.054,12,359.8926070956121,1000.0,0.0,583.0,70.12198511422875,13.876990449251062,1694.0,284.23910356432384,60.36131039713909,0.0,0.0,0.0,14.0,1.4000000000000001,0.14000000000000007,95.0,4.398148148148151,0.20361796982167316
3,0.0,4,360.2219869870088,1000.0,1000.0,560.0,71.05258898583457,15.544734815597828,1410.0,240.4431304476702,51.75358502158341,278.0,48.79205224737843,10.522308510585736,0.0,0.0,0.0,0.0,0.0,0.0
