id,probability_maraud,successful_mating,next_foraging_time,x_pos,y_pos,foraging_events,foraging_hrs,foraging_sqhrs,staying_events,staying_hrs,staying_sqhrs,repairing_events,repairing_hrs,repairing_sqhrs,marauding_events,marauding_hrs,marauding_sqhrs,traveling_events,traveling_hrs,traveling_sqhrs
0,0.0,9,360.12575140260736,0.0,0.0,559.0,72.28555465474469,14.789248754482148,1683.0,287.93774593266465,62.41874151600761,0.0,0.0,0.0,0.0,0.0,0.0,0.0,0.0,0.0
1,0.0,5,359.95393077303385,0.0,1000.0,560.0,75.58219557785254,16.797618618671883,1525.0,253.8756570376574,53.55290358175258,189.0,30.60313989213713,6.29049056149164,0.0,0.0,0.0,0.0,0.0,0.0
2,0.0,10,360.333700593861,1000.0,0.0,567.0,67.87934016215647,13.464972184320205,1468.0,249.64889906310262,53.31628183678684,250.0,42.4755337990244,8.952063348969885,0.0,0.0,0.0,0.0,0.0,0.0
3,0.054,12,360.7166774260608,1000.0,1000.0,565.0,68.20352699830998,13.231276586568773,1694.0,285.6650333356205,60.78063758641386,0.0,0.0,0.0,12.0,1.2,0.12000000000000005,107.0,5.011233365144419,0.2357681755829899
