id,probability_maraud,successful_mating,next_foraging_time,x_pos,y_pos,foraging_events,foraging_hrs,foraging_sqhrs,staying_events,staying_hrs,staying_sqhrs,repairing_events,repairing_hrs,repairing_sqhrs,marauding_events,marauding_hrs,marauding_sqhrs,traveling_events,traveling_hrs,traveling_sqhrs
0,0.054,9,360.17821791245495,0.0,0.0,559.0,72.53127933934064,16.290524121089124,1712.0,282.2948703446543,59.40895476896712,0.0,0.0,0.0,11.0,1.0999999999999999,0.11000000000000004,92.0,4.2976123668863995,0.20147462277091874
1,0.0,10,360.3022677407706,0.0,1000.0,577.0,67.18422436778383,13.515578971447352,1457.0,245.87029026025846,52.68565758616762,280.0,47.139053519388504,10.06791256532466,0.0,0.0,0.0,0.0,0.0,0.0
2,0.0,10,360.00038165026024,1000.0,0.0,556.0,68.70999798693164,14.466240762009713,1627.0,272.9321226565073,58.39028450922787,100.0,18.405941637390193,4.029535539625399,0.0,0.0,0.0,0.0,0.0,0.0
3,0.0,7,359.95542970191303,1000.0,1000.0,559.0,67.07625743763137,13.447044799923113,1704.0,293.0938244904065,63.609169834535564,0.0,0.0,0.0,0.0,0.0,0.0,0.0,0.0,0.0
