id,probability_maraud,successful_mating,next_foraging_time,x_pos,y_pos,foraging_events,foraging_hrs,foraging_sqhrs,staying_events,staying_hrs,staying_sqhrs,repairing_events,repairing_hrs,repairing_sqhrs,marauding_events,marauding_hrs,marauding_sqhrs,traveling_events,traveling_hrs,traveling_sqhrs
0,0.054,9,360.2806444375593,0.0,0.0,566.0,68.64313882542184,13.243763088293273,1669.0,284.05887025011583,61.149533011013,0.0,0.0,0.0,22.0,2.2000000000000006,0.22000000000000014,110.0,5.111769146406171,0.23791152263374432
1,0.0,3,360.06361737445627,0.0,1000.0,574.0,72.40071290009617,15.838045675343388,1289.0,214.69908992865135,45.4824299525435,432.0,72.99387571359681,15.654655830860378,0.0,0.0,0.0,0.0,0.0,0.0
2,0.0,10,360.3118624882896,1000.0,0.0,557.0,72.78729037540525,16.0258030584043,1350.0,226.1899646698714,48.254708338715126,348.0,61.07160770445809,13.707019755951395,0.0,0.0,0.0,0.0,0.0,0.0
3,0.0,14,360.54499290887156,1000.0,1000.0,552.0,69.70732867556575,14.589719035032129,1693.0,290.5033947256612,63.13367378538431,0.0,0.0,0.0,0.0,0.0,0.0,0.0,0.0,0.0
