id,probability_maraud,successful_mating,next_foraging_time,x_pos,y_pos,foraging_events,foraging_hrs,foraging_sqhrs,staying_events,staying_hrs,staying_sqhrs,repairing_events,repairing_hrs,repairing_sqhrs,marauding_events,marauding_hrs,marauding_sqhrs,traveling_events,traveling_hrs,traveling_sqhrs
0,0.0,13,360.3600912734867,0.0,0.0,569.0,72.99764277049896,16.3095076387422,1640.0,287.3409159560937,63.29200647915757,0.0,0.0,0.0,0.0,0.0,0.0,0.0,0.0,0.0
1,0.0,6,360.40135152789424,0.0,1000.0,572.0,72.16221526978144,15.466018436569348,1411.0,237.23298091463218,49.93573559207662,283.0,50.67413108274219,10.93006201024667,0.0,0.0,0.0,0.0,0.0,0.0
2,0.0,7,359.92101718039294,1000.0,0.0,570.0,71.32289999394925,14.360020309069808,1393.0,234.90442469849754,50.7674198727071,314.0,53.83191631893679,11.676139885889183,0.0,0.0,0.0,0.0,0.0,0.0
3,0.054,10,360.10431434049,1000.0,1000.0,562.0,67.77969488948364,14.566973539717166,1697.0,286.03551814643714,61.224160531299226,0.0,0.0,0.0,18.0,1.8000000000000005,0.1800000000000001,98.0,4.556213590850611,0.21219135802469094
