id,probability_maraud,successful_mating,next_foraging_time,x_pos,y_pos,foraging_events,foraging_hrs,foraging_sqhrs,staying_events,staying_hrs,staying_sqhrs,repairing_events,repairing_hrs,repairing_sqhrs,marauding_events,marauding_hrs,marauding_sqhrs,traveling_events,traveling_hrs,traveling_sqhrs
0,0.0,6,359.95572670386355,0.0,0.0,578.0,70.39737808675717,14.475425899360422,1395.0,235.10592717550392,49.55608976018155,323.0,54.659178704557945,11.872934155796571,0.0,0.0,0.0,0.0,0.0,0.0
1,0.054,9,360.4118150808872,0.0,1000.0,569.0,74.75104743635622,16.488888367488066,1648.0,278.95875801022936,59.58864076222749,0.0,0.0,0.0,21.0,2.1000000000000005,0.21000000000000013,91.0,4.232139516776534,0.19718792866940982
2,0.0,15,360.68473663338057,1000.0,0.0,567.0,73.67579609165007,15.667430835650158,1639.0,280.2927113397319,60.97618916229853,37.0,6.093806809233263,1.2089387624804064,0.0,0.0,0.0,0.0,0.0,0.0
3,0.0,6,360.099121345712,1000.0,1000.0,566.0,67.55296774610689,13.383328785884165,1307.0,227.24184946537557,49.35782273894617,375.0,65.34061447497012,13.972315174155838,0.0,0.0,0.0,0.0,0.0,0.0
