id,probability_maraud,successful_mating,next_foraging_time,x_pos,y_pos,foraging_events,foraging_hrs,foraging_sqhrs,staying_events,staying_hrs,staying_sqhrs,repairing_events,repairing_hrs,repairing_sqhrs,marauding_events,marauding_hrs,marauding_sqhrs,traveling_events,traveling_hrs,traveling_sqhrs
0,0.054,9,360.2013070852039,0.0,0.0,566.0,71.87566814494973,15.111087038388488,1687.0,281.477682316651,58.80318024293703,0.0,0.0,0.0,19.0,1.9000000000000006,0.1900000000000001,104.0,4.872344476255529,0.22933813443072654
1,0.0,7,360.45830229562455,0.0,1000.0,552.0,73.5287844629573,16.573641376966904,1369.0,231.83838561705429,49.633294148933125,329.0,54.645799794412284,11.714092603332146,0.0,0.0,0.0,0.0,0.0,0.0
2,0.0,8,360.2650878455872,1000.0,0.0,565.0,72.01132311422529,14.542656247645981,1329.0,227.1007857432147,49.379769176944194,368.0,61.21187885271417,13.023274465092797,0.0,0.0,0.0,0.0,0.0,0.0
3,0.0,12,360.4207762490895,1000.0,1000.0,566.0,69.5956530013624,14.299581469848015,1713.0,290.41190973313013,62.37467596226411,0.0,0.0,0.0,0.0,0.0,0.0,0.0,0.0,0.0
