id,probability_maraud,successful_mating,next_foraging_time,x_pos,y_pos,foraging_events,foraging_hrs,foraging_sqhrs,staying_events,staying_hrs,staying_sqhrs,repairing_events,repairing_hrs,repairing_sqhrs,marauding_events,marauding_hrs,marauding_sqhrs,traveling_events,traveling_hrs,traveling_sqhrs
0,0.054,14,360.23092205609265,0.0,0.0,567.0,68.73268586323537,14.783037358403714,1652.0,284.9074733861065,61.96827889693255,0.0,0.0,0.0,17.0,1.7000000000000004,0.1700000000000001,101.0,4.733455587366639,0.2229080932784632
1,0.0,7,360.83323645812175,0.0,1000.0,563.0,74.97003479666813,16.73949298683907,1368.0,224.4531196960844,47.63170150918912,361.0,60.7606293152458,12.832496874477087,0.0,0.0,0.0,0.0,0.0,0.0
2,0.0,8,360.3557448737061,1000.0,0.0,555.0,69.74598894461616,14.356859199952117,1478.0,247.81533952499902,53.198682418738805,250.0,42.52595066607149,9.174993527760236,0.0,0.0,0.0,0.0,0.0,0.0
3,0.0,7,360.2020725228858,1000.0,1000.0,562.0,71.71889639897245,14.808016390002374,1726.0,288.4229437268347,61.25301444447519,0.0,0.0,0.0,0.0,0.0,0.0,0.0,0.0,0.0
