id,probability_maraud,successful_mating,next_foraging_time,x_pos,y_pos,foraging_events,foraging_hrs,foraging_sqhrs,staying_events,staying_hrs,staying_sqhrs,repairing_events,repairing_hrs,repairing_sqhrs,marauding_events,marauding_hrs,marauding_sqhrs,traveling_events,traveling_hrs,traveling_sqhrs
0,0.0,13,360.2299429563905,0.0,0.0,570.0,71.06936739162255,14.733012308773574,1487.0,252.46604376025996,54.1588180967979,219.0,36.69537290282449,7.74508544192913,0.0,0.0,0.0,0.0,0.0,0.0
1,0.0,9,360.36109791348196,0.0,1000.0,561.0,69.68753503270402,14.266876922805883,1680.0,284.39080120645224,61.4709611144109,41.0,6.077804569701563,1.209068297076173,0.0,0.0,0.0,0.0,0.0,0.0
2,0.054,7,360.26102375859097,1000.0,0.0,569.0,71.12741425460753,14.56998465735563,1701.0,283.4012174979791,60.1124529468391,0.0,0.0,0.0,12.0,1.2,0.12000000000000005,97.0,4.529093848367883,0.21219135802469094
3,0.0,7,360.3527134226149,1000.0,1000.0,573.0,69.61012733787054,14.402722618232836,1546.0,260.2088668082966,55.07860174397181,179.0,30.298644401212893,6.3688841063549235,0.0,0.0,0.0,0.0,0.0,0.0
