id,probability_maraud,successful_mating,next_foraging_time,x_pos,y_pos,foraging_events,foraging_hrs,foraging_sqhrs,staying_events,staying_hrs,staying_sqhrs,repairing_events,repairing_hrs,repairing_sqhrs,marauding_events,marauding_hrs,marauding_sqhrs,traveling_events,traveling_hrs,traveling_sqhrs
0,0.0,7,360.4074888826978,0.0,0.0,563.0,74.02451648615782,16.5528209715825,1708.0,286.0289335481675,60.851078190927325,0.0,0.0,0.0,0.0,0.0,0.0,0.0,0.0,0.0
1,0.0,12,360.06678785721306,0.0,1000.0,582.0,73.22809170275745,15.778896803727747,1438.0,244.23794898401846,53.10841486348076,272.0,42.65766450090522,8.663466015237644,0.0,0.0,0.0,0.0,0.0,0.0
2,0.0,6,360.2864092648102,1000.0,0.0,555.0,73.52829675814247,15.51359975727119,1252.0,219.2836995528397,48.204910764772244,404.0,67.29833997632467,14.162537737087685,0.0,0.0,0.0,0.0,0.0,0.0
3,0.054,11,360.04807627643805,1000.0,1000.0,572.0,71.34881380258201,13.986965813989006,1672.0,282.00677129519727,59.65042326387046,0.0,0.0,0.0,18.0,1.8000000000000005,0.1800000000000001,108.0,5.019176553813578,0.2336248285322354
