id,probability_maraud,successful_mating,next_foraging_time,x_pos,y_pos,foraging_events,foraging_hrs,foraging_sqhrs,staying_events,staying_hrs,staying_sqhrs,repairing_events,repairing_hrs,repairing_sqhrs,marauding_events,marauding_hrs,marauding_sqhrs,traveling_events,traveling_hrs,traveling_sqhrs
0,0.054,10,360.5573328277561,0.0,0.0,583.0,68.31465900393329,12.25234098010522,1679.0,285.63803137568163,60.940956684815845,0.0,0.0,0.0,17.0,1.7000000000000004,0.1700000000000001,95.0,4.455677809588859,0.2100480109739365
1,0.0,7,360.1489402866311,0.0,1000.0,560.0,68.51754261827622,13.816825835830077,1310.0,224.129050161937,48.52078321644818,398.0,67.38723948010077,14.352092004121038,0.0,0.0,0.0,0.0,0.0,0.0
2,0.0,11,360.12817442604353,1000.0,0.0,576.0,71.61839832342022,15.138435313848358,1523.0,258.02220664556916,55.885742785490464,169.0,30.380643613711314,6.746086919352233,0.0,0.0,0.0,0.0,0.0,0.0
3,0.0,8,360.13285263056645,1000.0,1000.0,562.0,67.4278224434083,13.044152446668594,1726.0,286.51530590229396,60.24562904235084,38.0,6.103597884649885,1.2125637226843502,0.0,0.0,0.0,0.0,0.0,0.0
