id,probability_maraud,successful_mating,next_foraging_time,x_pos,y_pos,foraging_events,foraging_hrs,foraging_sqhrs,staying_events,staying_hrs,staying_sqhrs,repairing_events,repairing_hrs,repairing_sqhrs,marauding_events,marauding_hrs,marauding_sqhrs,traveling_events,traveling_hrs,traveling_sqhrs
0,0.0,7,360.33212606027524,0.0,0.0,576.0,71.33750125543892,15.449821712093422,1343.0,227.5022155339515,48.93866157834327,367.0,61.358192020755325,13.047363831793351,0.0,0.0,0.0,0.0,0.0,0.0
1,0.054,10,360.320373301647,0.0,1000.0,573.0,73.5992833213678,15.539048058358215,1673.0,280.16925652831605,60.18837406587969,0.0,0.0,0.0,19.0,1.9000000000000006,0.1900000000000001,98.0,4.613743252291318,0.2186213991769543
2,0.0,13,360.43515973819166,1000.0,0.0,569.0,71.58225233898125,15.377452490927324,1708.0,288.4491126362269,61.75152741266426,0.0,0.0,0.0,0.0,0.0,0.0,0.0,0.0,0.0
3,0.0,6,360.1369029631643,1000.0,1000.0,570.0,70.84118236544789,14.503442568122491,1400.0,234.50529929603428,49.57806916203413,319.0,54.69785132363109,11.99919744902099,0.0,0.0,0.0,0.0,0.0,0.0
