id,probability_maraud,successful_mating,next_foraging_time,x_pos,y_pos,foraging_events,foraging_hrs,foraging_sqhrs,staying_events,staying_hrs,staying_sqhrs,repairing_events,repairing_hrs,repairing_sqhrs,marauding_events,marauding_hrs,marauding_sqhrs,traveling_events,traveling_hrs,traveling_sqhrs
0,0.054,8,360.24140461029316,0.0,0.0,555.0,71.79060500157146,14.713752126750254,1648.0,281.42520242975706,60.467520592439435,0.0,0.0,0.0,21.0,2.1000000000000005,0.21000000000000013,104.0,4.872344476255529,0.2293381344307266
1,0.0,4,359.8068374381042,0.0,1000.0,556.0,70.2267947172039,15.023959470480593,1256.0,210.7777017151944,45.42534203514171,469.0,79.0335945490721,16.989527243464856,0.0,0.0,0.0,0.0,0.0,0.0
2,0.0,9,360.7571862250837,1000.0,0.0,554.0,74.02982020440602,16.587341968955354,1395.0,237.32153759756767,51.085464083726734,283.0,48.893102108749794,10.70104952693412,0.0,0.0,0.0,0.0,0.0,0.0
3,0.0,15,360.11786194089825,1000.0,1000.0,580.0,72.1251638668151,14.684277962873185,1717.0,288.0182836751649,61.27068170538263,0.0,0.0,0.0,0.0,0.0,0.0,0.0,0.0,0.0
