id,probability_maraud,successful_mating,next_foraging_time,x_pos,y_pos,foraging_events,foraging_hrs,foraging_sqhrs,staying_events,staying_hrs,staying_sqhrs,repairing_events,repairing_hrs,repairing_sqhrs,marauding_events,marauding_hrs,marauding_sqhrs,traveling_events,traveling_hrs,traveling_sqhrs
0,0.0,9,360.24702410048656,0.0,0.0,566.0,74.07220241526481,16.14126014716349,1422.0,237.66977275990064,50.76779756542518,281.0,48.52653529665114,10.330548532203231,0.0,0.0,0.0,0.0,0.0,0.0
1,0.054,11,360.2044015112051,0.0,1000.0,578.0,68.71819703599334,13.24817629933158,1715.0,285.46058052720065,61.62111719571642,0.0,0.0,0.0,16.0,1.6000000000000003,0.1600000000000001,91.0,4.232139516776534,0.19718792866940982
2,0.0,9,360.36865571865786,1000.0,0.0,575.0,71.17678217954159,14.493780270898295,1727.0,288.8604290096473,61.211111454615676,0.0,0.0,0.0,0.0,0.0,0.0,0.0,0.0,0.0
3,0.0,7,359.9106213446575,1000.0,1000.0,565.0,70.43065389169978,13.837087033381929,1425.0,240.88775583753542,51.50469796847473,276.0,48.7689856607286,10.97087585181283,0.0,0.0,0.0,0.0,0.0,0.0
