id,probability_maraud,successful_mating,next_foraging_time,x_pos,y_pos,foraging_events,foraging_hrs,foraging_sqhrs,staying_events,staying_hrs,staying_sqhrs,repairing_events,repairing_hrs,repairing_sqhrs,marauding_events,marauding_hrs,marauding_sqhrs,traveling_events,traveling_hrs,traveling_sqhrs
0,0.0,5,360.5207293056866,0.0,0.0,559.0,68.01353315452559,13.393215608157863,1266.0,215.14596951913992,46.42130906593631,455.0,77.00878834109389,16.092303035330076,0.0,0.0,0.0,0.0,0.0,0.0
1,0.0,10,360.04771766209376,0.0,1000.0,585.0,72.34684565864916,14.494362945389364,1694.0,287.743372316378,61.49232729527848,0.0,0.0,0.0,0.0,0.0,0.0,0.0,0.0,0.0
2,0.054,13,360.03681536233375,1000.0,0.0,567.0,73.49207831716322,16.414483194278482,1636.0,280.0276790340406,60.703420947842254,0.0,0.0,0.0,20.0,2.0000000000000004,0.20000000000000012,98.0,4.556213590850611,0.21219135802469094
3,0.0,8,360.4838928464032,1000.0,1000.0,572.0,70.45934496599662,14.504620999935145,1491.0,252.82833240022515,54.34106355515439,236.0,36.73783357290831,7.467086818583704,0.0,0.0,0.0,0.0,0.0,0.0
