id,probability_maraud,successful_mating,next_foraging_time,x_pos,y_pos,foraging_events,foraging_hrs,foraging_sqhrs,staying_events,staying_hrs,staying_sqhrs,repairing_events,repairing_hrs,repairing_sqhrs,marauding_events,marauding_hrs,marauding_sqhrs,traveling_events,traveling_hrs,traveling_sqhrs
0,0.0,7,360.3940881179034,0.0,0.0,566.0,72.08507308504784,14.891944862720598,1322.0,220.8616571644971,46.881759343482386,398.0,67.21155375988933,14.534931732055025,0.0,0.0,0.0,0.0,0.0,0.0
1,0.0,12,359.8197107781492,0.0,1000.0,570.0,71.77241672910323,15.211777851812293,1721.0,288.2614671639399,61.480065519430845,0.0,0.0,0.0,0.0,0.0,0.0,0.0,0.0,0.0
2,0.054,7,360.00505651658744,1000.0,0.0,574.0,71.79199400675583,15.755112074632134,1713.0,282.2709108781995,59.042518884162256,0.0,0.0,0.0,17.0,1.7000000000000004,0.1700000000000001,93.0,4.324732109369127,0.20147462277091874
3,0.0,10,359.8459375678971,1000.0,1000.0,560.0,67.49115051194005,13.01792586940823,1539.0,255.95198636370884,53.99119201533213,212.0,36.59854548994394,8.064490471898054,0.0,0.0,0.0,0.0,0.0,0.0
