id,probability_maraud,successful_mating,next_foraging_time,x_pos,y_pos,foraging_events,foraging_hrs,foraging_sqhrs,staying_events,staying_hrs,staying_sqhrs,repairing_events,repairing_hrs,repairing_sqhrs,marauding_events,marauding_hrs,marauding_sqhrs,traveling_events,traveling_hrs,traveling_sqhrs
0,0.054,6,360.47460567352164,0.0,0.0,574.0,71.7548126221817,14.229535850231013,1706.0,282.9688390078681,59.58808808769769,0.0,0.0,0.0,12.0,1.2,0.12000000000000005,90.0,4.224196328107375,0.19933127572016426
1,0.0,8,360.16006246425707,0.0,1000.0,572.0,67.47960046549095,13.165706984615207,1570.0,259.8424508763644,55.22895980702794,184.0,32.82965320897412,7.331864289054003,0.0,0.0,0.0,0.0,0.0,0.0
2,0.0,9,360.2639880271545,1000.0,0.0,582.0,65.3301104613823,12.013690354594454,1543.0,257.91189606442464,54.48751935817502,215.0,36.78552782091245,7.801900406149478,0.0,0.0,0.0,0.0,0.0,0.0
3,0.0,13,360.08911807940757,1000.0,1000.0,566.0,71.43616198436838,15.34939393677113,1702.0,288.6832058770168,61.47160829931959,0.0,0.0,0.0,0.0,0.0,0.0,0.0,0.0,0.0
