id,probability_maraud,successful_mating,next_foraging_time,x_pos,y_pos,foraging_events,foraging_hrs,foraging_sqhrs,staying_events,staying_hrs,staying_sqhrs,repairing_events,repairing_hrs,repairing_sqhrs,marauding_events,marauding_hrs,marauding_sqhrs,traveling_events,traveling_hrs,traveling_sqhrs
0,0.0,7,360.0813268507287,0.0,0.0,561.0,73.51228913220021,16.200263252993974,1449.0,243.69536863264568,52.57754216878041,260.0,42.88734071798346,8.887215568317698,0.0,0.0,0.0,0.0,0.0,0.0
1,0.0,10,359.93375382336956,0.0,1000.0,574.0,72.80389200198567,15.521381948640355,1655.0,281.2425141318317,60.28953483836915,38.0,6.004677197393572,1.195343227339529,0.0,0.0,0.0,0.0,0.0,0.0
2,0.054,10,359.8157807230234,1000.0,0.0,570.0,71.87441911283626,15.678202490608662,1649.0,282.424189234783,61.43549591356643,0.0,0.0,0.0,16.0,1.6000000000000003,0.1600000000000001,89.0,4.1970765856246475,0.19933127572016432
3,0.0,9,360.38502924575636,1000.0,1000.0,562.0,72.44580419143949,15.200973464321338,1409.0,238.77955085851536,51.25206218912144,288.0,48.82404649141404,10.515988773492618,0.0,0.0,0.0,0.0,0.0,0.0
