id,probability_maraud,successful_mating,next_foraging_time,x_pos,y_pos,foraging_events,foraging_hrs,foraging_sqhrs,staying_events,staying_hrs,staying_sqhrs,repairing_events,repairing_hrs,repairing_sqhrs,marauding_events,marauding_hrs,marauding_sqhrs,traveling_events,traveling_hrs,traveling_sqhrs
0,0.054,10,360.1552936216383,0.0,0.0,569.0,75.42323228543994,16.804318074812066,1705.0,279.0786978023923,57.72080733382894,0.0,0.0,0.0,13.0,1.3,0.13000000000000006,91.0,4.212962962962964,0.19504458161865537
1,0.0,8,360.3872403430285,0.0,1000.0,568.0,68.8391808024669,13.84017259341024,1483.0,254.7572795962656,55.6437656487156,204.0,36.52352693421248,8.063494675703764,0.0,0.0,0.0,0.0,0.0,0.0
2,0.0,8,360.1385114057432,1000.0,0.0,556.0,67.91842930257818,13.378232121208825,1479.0,249.68013594606705,53.341507992422784,241.0,42.493743984427816,9.476936301698947,0.0,0.0,0.0,0.0,0.0,0.0
3,0.0,10,360.1434621572484,1000.0,1000.0,565.0,72.20998886760087,14.858153378897073,1703.0,287.8536733480118,61.5296500976236,0.0,0.0,0.0,0.0,0.0,0.0,0.0,0.0,0.0
