id,probability_maraud,successful_mating,next_foraging_time,x_pos,y_pos,foraging_events,foraging_hrs,foraging_sqhrs,staying_events,staying_hrs,staying_sqhrs,repairing_events,repairing_hrs,repairing_sqhrs,marauding_events,marauding_hrs,marauding_sqhrs,traveling_events,traveling_hrs,traveling_sqhrs
0,0.054,12,360.26558598900266,0.0,0.0,574.0,70.7044066350565,13.957394171330655,1700.0,282.91631267839614,60.27413873473142,0.0,0.0,0.0,18.0,1.8000000000000005,0.1800000000000001,100.0,4.706335844883911,0.22290809327846325
1,0.0,5,360.13993847578945,0.0,1000.0,562.0,68.85215061849345,13.180598490221572,1370.0,236.03608210481298,51.010070835115485,322.0,55.3778701449507,11.913237548354314,0.0,0.0,0.0,0.0,0.0,0.0
2,0.0,9,360.1082343613746,1000.0,0.0,557.0,71.76428559753386,14.558112828559775,1451.0,247.90384792798596,53.24827817380971,244.0,40.335932252817365,8.547559812855177,0.0,0.0,0.0,0.0,0.0,0.0
3,0.0,10,360.1286291150764,1000.0,1000.0,569.0,73.41276678731424,15.459513150998237,1614.0,274.5655821433729,59.2806775726088,74.0,12.05648263662505,2.494418343527516,0.0,0.0,0.0,0.0,0.0,0.0
