id,probability_maraud,successful_mating,next_foraging_time,x_pos,y_pos,foraging_events,foraging_hrs,foraging_sqhrs,staying_events,staying_hrs,staying_sqhrs,repairing_events,repairing_hrs,repairing_sqhrs,marauding_events,marauding_hrs,marauding_sqhrs,traveling_events,traveling_hrs,traveling_sqhrs
0,0.054,14,360.27912919492456,0.0,0.0,560.0,71.8815296690487,15.113861002459798,1658.0,282.79858084600664,60.48056542278383,0.0,0.0,0.0,13.0,1.3,0.13000000000000006,86.0,4.039011142922188,0.19075788751714648
1,0.0,8,360.4417784176848,0.0,1000.0,571.0,66.38723082945596,12.384747084455661,1416.0,238.91845892860573,50.18100218764453,320.0,54.73813544470952,11.764906161070126,0.0,0.0,0.0,0.0,0.0,0.0
2,0.0,3,360.01957519451213,1000.0,0.0,577.0,71.24384284201321,15.31889862335833,1588.0,270.32194572836005,57.69960854228951,111.0,18.5735706990336,4.021040587268796,0.0,0.0,0.0,0.0,0.0,0.0
3,0.0,11,360.05475543312974,1000.0,1000.0,565.0,64.50435528803443,12.379577332861803,1703.0,289.44955767306686,62.28777700893508,36.0,6.0601053430509655,1.2217055937196093,0.0,0.0,0.0,0.0,0.0,0.0
