id,probability_maraud,successful_mating,next_foraging_time,x_pos,y_pos,foraging_events,foraging_hrs,foraging_sqhrs,staying_events,staying_hrs,staying_sqhrs,repairing_events,repairing_hrs,repairing_sqhrs,marauding_events,marauding_hrs,marauding_sqhrs,traveling_events,traveling_hrs,traveling_sqhrs
0,0.0,12,360.0546935569731,0.0,0.0,564.0,67.90070572890401,13.821216264896384,1706.0,292.13844597192724,63.003739761614035,0.0,0.0,0.0,0.0,0.0,0.0,0.0,0.0,0.0
1,0.0,9,360.21488381071146,0.0,1000.0,564.0,68.76205095452342,14.18215814294106,1449.0,248.52661715668273,53.659578343019305,269.0,42.75716993755879,8.549137555189914,0.0,0.0,0.0,0.0,0.0,0.0
2,0.0,9,360.0322323669379,1000.0,0.0,555.0,70.26310049417916,14.52945472883756,1245.0,216.53093098697641,47.79771968682022,436.0,73.50742059874527,15.912480929219162,0.0,0.0,0.0,0.0,0.0,0.0
3,0.054,6,359.97281124360967,1000.0,1000.0,569.0,71.94207202523135,14.201535219896492,1648.0,281.83101816913484,60.5044201357005,0.0,0.0,0.0,19.0,1.9000000000000006,0.1900000000000001,94.0,4.371028405665424,0.20361796982167316
