id,probability_maraud,successful_mating,next_foraging_time,x_pos,y_pos,foraging_events,foraging_hrs,foraging_sqhrs,staying_events,staying_hrs,staying_sqhrs,repairing_events,repairing_hrs,repairing_sqhrs,marauding_events,marauding_hrs,marauding_sqhrs,traveling_events,traveling_hrs,traveling_sqhrs
0,0.0,11,360.6254256242373,0.0,0.0,571.0,72.2007389188707,16.128550290527162,1499.0,251.42966187513198,53.33204649123174,212.0,36.709595229270334,7.803114732537235,0.0,0.0,0.0,0.0,0.0,0.0
1,0.054,9,360.1867586624054,0.0,1000.0,569.0,68.74266075519715,12.824761457884486,1687.0,285.15014369554876,60.63127724358643,0.0,0.0,0.0,20.0,2.0000000000000004,0.20000000000000012,89.0,4.13954692418394,0.19290123456790093
2,0.0,14,360.3338337666945,1000.0,0.0,561.0,71.47819584011896,15.469085064885505,1679.0,288.6369256174474,61.964721988342056,0.0,0.0,0.0,0.0,0.0,0.0,0.0,0.0,0.0
3,0.0,2,360.36143096980754,1000.0,1000.0,570.0,69.6161514349668,14.323619177443003,1216.0,205.00265615074724,43.197924582237306,522.0,85.62890105807895,17.89701534612483,0.0,0.0,0.0,0.0,0.0,0.0
