id,probability_maraud,successful_mating,next_foraging_time,x_pos,y_pos,foraging_events,foraging_hrs,foraging_sqhrs,staying_events,staying_hrs,staying_sqhrs,repairing_events,repairing_hrs,repairing_sqhrs,marauding_events,marauding_hrs,marauding_sqhrs,traveling_events,traveling_hrs,traveling_sqhrs
0,0.0,9,360.1453097166796,0.0,0.0,572.0,71.74534862482763,14.591511841180733,1507.0,254.36909039112456,54.434767255631144,194.0,33.99903431797987,7.4149640025007875,0.0,0.0,0.0,0.0,0.0,0.0
1,0.054,9,360.02263863280984,0.0,1000.0,571.0,72.24922331378933,15.790184502475773,1675.0,282.32485911969616,60.1648380988009,0.0,0.0,0.0,11.0,1.0999999999999999,0.11000000000000004,94.0,4.390204959478993,0.20576131687242763
2,0.0,8,360.124921364289,1000.0,0.0,562.0,73.46542247184857,15.648482172076495,1683.0,286.5945729134421,61.62647772009227,0.0,0.0,0.0,0.0,0.0,0.0,0.0,0.0,0.0
3,0.0,10,359.9857551042003,1000.0,1000.0,584.0,71.03998198597169,13.874394182093345,1543.0,258.77260459467414,55.0612843158995,190.0,30.288039923298808,6.1037742813319085,0.0,0.0,0.0,0.0,0.0,0.0
