id,probability_maraud,successful_mating,next_foraging_time,x_pos,y_pos,foraging_events,foraging_hrs,foraging_sqhrs,staying_events,staying_hrs,staying_sqhrs,repairing_events,repairing_hrs,repairing_sqhrs,marauding_events,marauding_hrs,marauding_sqhrs,traveling_events,traveling_hrs,traveling_sqhrs
0,0.054,7,360.40388129580447,0.0,0.0,578.0,68.18657824470745,13.449066221515999,1707.0,285.3557975753557,60.44382637958763,0.0,0.0,0.0,21.0,2.1000000000000005,0.21000000000000013,96.0,4.5211506596987245,0.21433470507544547
1,0.0,9,359.98105290621766,0.0,1000.0,568.0,66.82190219930595,12.179878061569394,1493.0,256.7327355209076,56.024754824857624,217.0,36.58091916940427,7.87939128872329,0.0,0.0,0.0,0.0,0.0,0.0
2,0.0,10,360.22727881234454,1000.0,0.0,562.0,73.22148546914863,15.304322179032576,1226.0,211.40896841626255,46.03211962170439,420.0,75.39336929408512,16.805734067689112,0.0,0.0,0.0,0.0,0.0,0.0
3,0.0,10,360.3152069345273,1000.0,1000.0,564.0,69.30119071868234,14.291594087981956,1638.0,278.55857894932484,59.50289554483662,68.0,12.286692399642812,2.789315388010739,0.0,0.0,0.0,0.0,0.0,0.0
