id,probability_maraud,successful_mating,next_foraging_time,x_pos,y_pos,foraging_events,foraging_hrs,foraging_sqhrs,staying_events,staying_hrs,staying_sqhrs,repairing_events,repairing_hrs,repairing_sqhrs,marauding_events,marauding_hrs,marauding_sqhrs,traveling_events,traveling_hrs,traveling_sqhrs
0,0.054,10,360.16063108799125,0.0,0.0,562.0,65.76387531935278,12.660144302847446,1683.0,287.1878817981873,61.62459491143749,0.0,0.0,0.0,22.0,2.2000000000000006,0.22000000000000014,103.0,4.864401287586371,0.23148148148148107
1,0.0,11,360.24042741681893,0.0,1000.0,555.0,71.35404531429967,15.249364652122969,1273.0,221.23467613260317,48.53131198810429,402.0,67.53304356361033,14.706063453319885,0.0,0.0,0.0,0.0,0.0,0.0
2,0.0,6,360.0217008057197,1000.0,0.0,561.0,71.68898443191449,16.31819929738772,1392.0,233.412016860995,49.621033742879284,335.0,54.94874618438307,11.299899938618326,0.0,0.0,0.0,0.0,0.0,0.0
3,0.0,9,360.11005418742394,1000.0,1000.0,556.0,71.67067933941634,15.446997866453511,1636.0,276.0811666989977,59.2160607639702,78.0,12.282938128376886,2.505239665985264,0.0,0.0,0.0,0.0,0.0,0.0
