id,probability_maraud,successful_mating,next_foraging_time,x_pos,y_pos,foraging_events,foraging_hrs,foraging_sqhrs,staying_events,staying_hrs,staying_sqhrs,repairing_events,repairing_hrs,repairing_sqhrs,marauding_events,marauding_hrs,marauding_sqhrs,traveling_events,traveling_hrs,traveling_sqhrs
0,0.054,9,360.36786069777776,0.0,0.0,558.0,74.89980556957686,16.499266586115205,1692.0,279.92093469490476,58.85044371860765,0.0,0.0,0.0,10.0,0.9999999999999999,0.10000000000000003,90.0,4.224196328107375,0.1993312757201643
1,0.0,7,359.84024981589295,0.0,1000.0,558.0,70.51980643576621,14.808493606180523,1530.0,265.18697327513047,57.72658834647132,161.0,24.414784994090713,4.864002345549704,0.0,0.0,0.0,0.0,0.0,0.0
2,0.0,10,360.3793781691517,1000.0,0.0,561.0,72.22416217154834,16.492385091787238,1441.0,251.28683892309604,55.25776777207456,200.0,36.65601892824867,8.414913341527061,0.0,0.0,0.0,0.0,0.0,0.0
3,0.0,10,360.20852264393966,1000.0,1000.0,570.0,70.73543819633262,15.189557993284039,1714.0,289.55454978171366,62.1555216108194,0.0,0.0,0.0,0.0,0.0,0.0,0.0,0.0,0.0
