id,probability_maraud,successful_mating,next_foraging_time,x_pos,y_pos,foraging_events,foraging_hrs,foraging_sqhrs,staying_events,staying_hrs,staying_sqhrs,repairing_events,repairing_hrs,repairing_sqhrs,marauding_events,marauding_hrs,marauding_sqhrs,traveling_events,traveling_hrs,traveling_sqhrs
0,0.0,11,360.37006105497466,0.0,0.0,582.0,70.24230465065502,14.24096345715829,1718.0,289.77373116838254,61.88046577552766,0.0,0.0,0.0,0.0,0.0,0.0,0.0,0.0,0.0
1,0.0,7,360.0311906519279,0.0,1000.0,582.0,70.45856680700321,14.081021586187621,1416.0,240.69264387396592,51.19216981792667,273.0,48.90537746882045,10.959345088098408,0.0,0.0,0.0,0.0,0.0,0.0
2,0.0,2,360.49793232721584,1000.0,0.0,576.0,68.78711523017041,13.13255966892557,1430.0,241.984352554576,51.542874395746054,292.0,49.35557118692683,10.691186779120084,0.0,0.0,0.0,0.0,0.0,0.0
3,0.054,16,360.4686150927158,1000.0,1000.0,565.0,70.59606846544709,14.463857584583534,1652.0,283.3135365851248,60.681173464312835,0.0,0.0,0.0,16.0,1.6000000000000003,0.1600000000000001,100.0,4.667982737256773,0.21862139917695433
