id,probability_maraud,successful_mating,next_foraging_time,x_pos,y_pos,foraging_events,foraging_hrs,foraging_sqhrs,staying_events,staying_hrs,staying_sqhrs,repairing_events,repairing_hrs,repairing_sqhrs,marauding_events,marauding_hrs,marauding_sqhrs,traveling_events,traveling_hrs,traveling_sqhrs
0,0.054,12,360.40986250187007,0.0,0.0,567.0,70.26656074052381,14.792321470886625,1677.0,284.28804150348884,61.27407728892432,0.0,0.0,0.0,15.0,1.5000000000000002,0.15000000000000008,88.0,4.0740740740740735,0.18861454046639203
1,0.0,7,360.2802678041468,0.0,1000.0,572.0,69.3175430886924,13.320638097622513,1461.0,241.8644727786526,51.28362545531341,279.0,48.847019417889236,10.816805483729508,0.0,0.0,0.0,0.0,0.0,0.0
2,0.0,7,360.3635595278347,1000.0,0.0,555.0,72.12697238846486,16.55179856161555,1422.0,245.4134813212526,53.47001883262841,247.0,42.56383055071284,9.125489764541852,0.0,0.0,0.0,0.0,0.0,0.0
3,0.0,10,360.49749521247895,1000.0,1000.0,567.0,69.32896574874559,13.558275012547215,1708.0,290.77180237888007,63.19191186183155,0.0,0.0,0.0,0.0,0.0,0.0,0.0,0.0,0.0
