id,probability_maraud,successful_mating,next_foraging_time,x_pos,y_pos,foraging_events,foraging_hrs,foraging_sqhrs,staying_events,staying_hrs,staying_sqhrs,repairing_events,repairing_hrs,repairing_sqhrs,marauding_events,marauding_hrs,marauding_sqhrs,traveling_events,traveling_hrs,traveling_sqhrs
0,0.054,8,360.05952413849167,0.0,0.0,561.0,69.59793426417018,14.615329730584232,1677.0,284.6995935422387,61.50348740451412,0.0,0.0,0.0,12.0,1.2,0.12000000000000005,98.0,4.594566698477749,0.21647805212619983
1,0.0,11,360.60179392039043,0.0,1000.0,581.0,66.94719434945512,12.3817955172326,1538.0,256.54059089180214,54.44771360659691,211.0,36.5946769891076,7.788752792806494,0.0,0.0,0.0,0.0,0.0,0.0
2,0.0,7,360.33863289788786,1000.0,0.0,555.0,72.78356969807906,16.14670480346086,1481.0,250.59182379722142,53.70674934144512,231.0,36.80715210961531,7.398486197350504,0.0,0.0,0.0,0.0,0.0,0.0
3,0.0,10,360.52014518332186,1000.0,1000.0,571.0,74.85061887369677,16.423851137045176,1694.0,285.2101672486255,60.913744078282235,0.0,0.0,0.0,0.0,0.0,0.0,0.0,0.0,0.0
