id,probability_maraud,successful_mating,next_foraging_time,x_pos,y_pos,foraging_events,foraging_hrs,foraging_sqhrs,staying_events,staying_hrs,staying_sqhrs,repairing_events,repairing_hrs,repairing_sqhrs,marauding_events,marauding_hrs,marauding_sqhrs,traveling_events,traveling_hrs,traveling_sqhrs
0,0.0,8,360.2968992552184,0.0,0.0,580.0,69.59473455607333,14.363516569287128,1373.0,229.38406949748943,48.85361927782201,360.0,61.27690301373913,13.159853456813625,0.0,0.0,0.0,0.0,0.0,0.0
1,0.0,11,360.29004812692335,0.0,1000.0,561.0,74.41557702824812,16.200663150596835,1655.0,279.6898909466736,59.87012310119781,31.0,6.020904258285011,1.4432602866244904,0.0,0.0,0.0,0.0,0.0,0.0
2,0.054,11,360.6780574609001,1000.0,0.0,557.0,70.31032251713793,15.378547857847412,1691.0,283.04434109686633,60.01732189871381,0.0,0.0,0.0,20.0,2.0000000000000004,0.20000000000000012,100.0,4.706335844883911,0.22290809327846325
3,0.0,6,360.5240755308385,1000.0,1000.0,569.0,74.93523618833468,16.62118264529259,1368.0,230.31874123622438,49.227352281181844,322.0,54.83339715919127,11.598092582603295,0.0,0.0,0.0,0.0,0.0,0.0
