id,probability_maraud,successful_mating,next_foraging_time,x_pos,y_pos,foraging_events,foraging_hrs,foraging_sqhrs,staying_events,staying_hrs,staying_sqhrs,repairing_events,repairing_hrs,repairing_sqhrs,marauding_events,marauding_hrs,marauding_sqhrs,traveling_events,traveling_hrs,traveling_sqhrs
0,0.0,11,360.41172044750374,0.0,0.0,570.0,69.63923445024597,13.690284957814272,1459.0,247.78057770883723,53.51231582538368,249.0,42.740752537496384,9.121457400331217,0.0,0.0,0.0,0.0,0.0,0.0
1,0.0,12,360.7145090097583,0.0,1000.0,575.0,70.05682297901589,14.592840242458601,1675.0,284.1236799439028,60.93894617174439,41.0,6.046424637906878,1.203138078294642,0.0,0.0,0.0,0.0,0.0,0.0
2,0.054,9,360.5553090145839,1000.0,0.0,565.0,71.90437119734668,15.262433362365147,1661.0,281.5451671643845,60.79006168507493,0.0,0.0,0.0,19.0,1.9000000000000006,0.1900000000000001,102.0,4.798928437476505,0.2271947873799721
3,0.0,4,360.1941291394457,1000.0,1000.0,555.0,74.24480691956572,17.284441974081993,1281.0,218.9010797955993,47.402191165210674,394.0,67.09583307605784,14.25899530131058,0.0,0.0,0.0,0.0,0.0,0.0
