id,probability_maraud,successful_mating,next_foraging_time,x_pos,y_pos,foraging_events,foraging_hrs,foraging_sqhrs,staying_events,staying_hrs,staying_sqhrs,repairing_events,repairing_hrs,repairing_sqhrs,marauding_events,marauding_hrs,marauding_sqhrs,traveling_events,traveling_hrs,traveling_sqhrs
0,0.0,10,360.3361977738965,0.0,0.0,576.0,70.86966176109014,15.298605073965389,1370.0,228.51514151650966,47.863567233168226,371.0,60.752732467716534,12.866996347297688,0.0,0.0,0.0,0.0,0.0,0.0
1,0.0,12,360.0119156856476,0.0,1000.0,563.0,67.74491726170015,13.097496293473592,1710.0,292.669078163122,63.639620991816685,0.0,0.0,0.0,0.0,0.0,0.0,0.0,0.0,0.0
2,0.054,12,359.83304328570983,1000.0,0.0,561.0,71.59190739251778,15.216630692150328,1646.0,281.46997752907777,59.75653890745765,0.0,0.0,0.0,23.0,2.3000000000000007,0.23000000000000015,101.0,4.752632141180208,0.22505144032921764
3,0.0,2,360.5595285336283,1000.0,1000.0,561.0,75.59987405391438,17.165836559324802,1191.0,205.43231083137925,45.06251703543408,452.0,79.31967055352389,17.593382787420904,0.0,0.0,0.0,0.0,0.0,0.0
