id,probability_maraud,successful_mating,next_foraging_time,x_pos,y_pos,foraging_events,foraging_hrs,foraging_sqhrs,staying_events,staying_hrs,staying_sqhrs,repairing_events,repairing_hrs,repairing_sqhrs,marauding_events,marauding_hrs,marauding_sqhrs,traveling_events,traveling_hrs,traveling_sqhrs
0,0.0,6,360.0452169017126,0.0,0.0,559.0,69.78582902989112,14.175740280000605,1341.0,229.25365788161977,48.66164046194232,364.0,61.24978048942474,13.164832193713108,0.0,0.0,0.0,0.0,0.0,0.0
1,0.0,13,360.55887275782004,0.0,1000.0,560.0,70.63676724615334,14.469734379025098,1690.0,289.4304913707056,62.31643866257675,0.0,0.0,0.0,0.0,0.0,0.0,0.0,0.0,0.0
2,0.054,11,360.3240376336667,1000.0,0.0,566.0,77.85056194903333,18.266896188065857,1644.0,276.5422775193375,58.89362134075338,0.0,0.0,0.0,17.0,1.7000000000000004,0.1700000000000001,88.0,4.112427181701213,0.19290123456790095
3,0.0,6,360.49122523200083,1000.0,1000.0,569.0,69.70173278988027,14.505612090931029,1422.0,247.84378689247376,53.709906822286584,257.0,42.53792095820665,9.083875496391636,0.0,0.0,0.0,0.0,0.0,0.0
