id,probability_maraud,successful_mating,next_foraging_time,x_pos,y_pos,foraging_events,foraging_hrs,foraging_sqhrs,staying_events,staying_hrs,staying_sqhrs,repairing_events,repairing_hrs,repairing_sqhrs,marauding_events,marauding_hrs,marauding_sqhrs,traveling_events,traveling_hrs,traveling_sqhrs
0,0.0,6,360.55393353976723,0.0,0.0,562.0,74.98572445425485,16.4509479895496,1289.0,218.3479229724631,46.71078763917002,408.0,66.7738840078671,13.85759114610887,0.0,0.0,0.0,0.0,0.0,0.0
1,0.054,6,360.6879440827054,0.0,1000.0,571.0,71.98560844963202,14.913797880994363,1669.0,281.80245593188675,60.02557736431159,0.0,0.0,0.0,22.0,2.2000000000000006,0.22000000000000014,88.0,4.0740740740740735,0.18861454046639203
2,0.0,15,360.391635049013,1000.0,0.0,569.0,71.08420993339675,14.616982534477335,1704.0,289.02650711985825,61.77537665075165,0.0,0.0,0.0,0.0,0.0,0.0,0.0,0.0,0.0
3,0.0,9,359.82932674439564,1000.0,1000.0,567.0,73.06105281304173,16.23054118461686,1292.0,222.0220975877872,48.34558553328092,388.0,64.9976387117719,13.821311719595897,0.0,0.0,0.0,0.0,0.0,0.0
