id,probability_maraud,successful_mating,next_foraging_time,x_pos,y_pos,foraging_events,foraging_hrs,foraging_sqhrs,staying_events,staying_hrs,staying_sqhrs,repairing_events,repairing_hrs,repairing_sqhrs,marauding_events,marauding_hrs,marauding_sqhrs,traveling_events,traveling_hrs,traveling_sqhrs
0,0.0,9,360.0546807562763,0.0,0.0,561.0,71.33307163649326,14.823508174275359,1342.0,227.69598024888984,48.37610418649389,368.0,61.27482846736723,12.883397231824862,0.0,0.0,0.0,0.0,0.0,0.0
1,0.054,15,360.1829573131186,0.0,100.0,562.0,73.52865516386362,16.18659286992153,1580.0,260.5261422454316,55.18112134600805,137.0,24.377038040161388,5.319737284103122,11.0,1.0999999999999999,0.11000000000000004,82.0,0.7200916924203049,0.00750171467764061
2,0.0,7,360.1565450078289,100.0,0.0,573.0,69.6275293213676,14.023148525391887,1548.0,264.82072413501845,57.30882207009181,140.0,25.57405900645019,5.650475228997186,0.0,0.0,0.0,0.0,0.0,0.0
3,0.054,12,360.8602304144456,100.0,100.0,562.0,71.39057665528154,14.89637233907448,1545.0,256.2952794298777,54.54035711969917,180.0,30.27345578620456,6.302804636876181,16.0,1.6000000000000003,0.1600000000000001,89.0,0.593433250369007,0.004393861454046643
4,0.054,12,360.57762612461244,200.0,0.0,560.0,69.1181627029151,13.891231748249142,1652.0,281.9735092294095,60.916148764590304,34.0,6.090673400659515,1.4514072423014515,24.0,2.400000000000001,0.24000000000000016,99.0,0.6051667538626178,0.00409379286694102
5,0.0,7,360.52397755836176,200.0,100.0,563.0,68.06975287252607,13.563317850641743,1454.0,243.28804660077301,52.24601585726253,277.0,48.78927658114019,10.767248099260307,0.0,0.0,0.0,0.0,0.0,0.0
6,0.0,3,360.0121040656126,300.0,0.0,574.0,72.07030536242176,14.43624802786782,1331.0,227.2812114859238,49.471705683486526,365.0,60.894297911209314,12.682353374497243,0.0,0.0,0.0,0.0,0.0,0.0
7,0.0,7,360.34583350595716,300.0,100.0,558.0,68.85605809248851,15.87391622401199,1458.0,242.38683157283717,51.18123571191009,299.0,48.87226213476451,10.010489441650028,0.0,0.0,0.0,0.0,0.0,0.0
