id,probability_maraud,successful_mating,next_foraging_time,x_pos,y_pos,foraging_events,foraging_hrs,foraging_sqhrs,staying_events,staying_hrs,staying_sqhrs,repairing_events,repairing_hrs,repairing_sqhrs,marauding_events,marauding_hrs,marauding_sqhrs,traveling_events,traveling_hrs,traveling_sqhrs
0,0.0,9,360.4617988729418,0.0,0.0,558.0,71.70740533435588,16.249097365866998,1367.0,233.607268364772,51.03719380562785,320.0,54.70512468903748,11.80873798710568,0.0,0.0,0.0,0.0,0.0,0.0
1,0.054,11,360.4663961151288,0.0,100.0,573.0,71.70335575087924,15.675974448861714,1574.0,268.6468992536446,57.739929772252964,114.0,18.225173877726373,3.8953000166622376,9.0,0.8999999999999999,0.09000000000000002,86.0,0.7700459450393647,0.008166152263374494
2,0.054,8,360.0345593858526,100.0,0.0,567.0,66.99376143007132,13.369504252701619,1564.0,260.9160823297818,55.65563059850295,178.0,30.72895428799672,6.918885856774415,8.0,0.7999999999999999,0.08000000000000002,83.0,0.5683776056479537,0.004350994513031553
3,0.0,12,360.2187698378654,100.0,100.0,566.0,69.58211491305673,14.479599808604585,1655.0,281.0293314099531,61.082947538537134,65.0,9.500186117415927,1.875471904834036,0.0,0.0,0.0,0.0,0.0,0.0
4,0.0,8,360.1130934612696,200.0,0.0,574.0,71.73576660280646,14.61194448878184,1579.0,267.99934680548824,57.33313688960556,120.0,20.44775967309235,4.475614336458824,0.0,0.0,0.0,0.0,0.0,0.0
5,0.0,7,360.20419433839413,200.0,100.0,551.0,68.09104926859717,14.400629971470707,1465.0,243.36659441173654,51.139220029305186,283.0,48.59075464023515,10.37711248812209,0.0,0.0,0.0,0.0,0.0,0.0
6,0.0,8,360.3762413016568,300.0,0.0,566.0,74.31304467753505,16.644983051373632,1439.0,243.10081394201336,51.436984727903535,253.0,42.65586854667718,9.053041552840552,0.0,0.0,0.0,0.0,0.0,0.0
7,0.054,9,360.180881144513,300.0,100.0,561.0,72.2063584770985,15.643334513462134,1674.0,285.00751033313287,60.381121174278846,0.0,0.0,0.0,21.0,2.1000000000000005,0.21000000000000013,98.0,0.7760294578350114,0.00743741426611798
