id,probability_maraud,successful_mating,next_foraging_time,x_pos,y_pos,foraging_events,foraging_hrs,foraging_sqhrs,staying_events,staying_hrs,staying_sqhrs,repairing_events,repairing_hrs,repairing_sqhrs,marauding_events,marauding_hrs,marauding_sqhrs,traveling_events,traveling_hrs,traveling_sqhrs
0,0.054,6,360.188318807813,0.0,0.0,572.0,69.5824990662594,14.00837642107726,1675.0,282.1739074664387,60.59387188060648,33.0,6.148160831606594,1.3236638301468835,13.0,1.3,0.13000000000000006,97.0,0.8576218073761374,0.0089377572016461
1,0.0,5,360.49953553423285,0.0,100.0,558.0,74.343504326846,16.296569437142594,1343.0,224.48672366410565,47.470180784777874,370.0,61.195123992791125,12.77391092271232,0.0,0.0,0.0,0.0,0.0,0.0
2,0.0,11,360.24512559765355,100.0,0.0,561.0,71.98119601825506,15.728558535710993,1600.0,269.79578071585644,57.948351795329,112.0,18.361238932502264,3.79821111863698,0.0,0.0,0.0,0.0,0.0,0.0
3,0.0,8,360.3137586775679,100.0,100.0,573.0,70.66337686389171,14.600116808525852,1517.0,258.69479936516757,55.7507932655948,189.0,30.927475302302348,6.479279267338916,0.0,0.0,0.0,0.0,0.0,0.0
4,0.054,14,360.63246323620285,200.0,0.0,568.0,72.32848050843901,15.015859777442493,1692.0,273.35346392156185,56.67504198959235,66.0,12.290469102847917,2.728487856883383,15.0,1.5000000000000002,0.15000000000000008,104.0,0.7190101568389059,0.005551268861454055
5,0.054,10,360.21250021207436,200.0,100.0,570.0,76.23976075260136,19.17459010156676,1495.0,251.39852880518825,54.31245677172862,170.0,30.652700017832668,7.119089103498366,13.0,1.3,0.13000000000000006,72.0,0.44868994889399105,0.0031507201646090574
6,0.0,7,360.088078928482,300.0,0.0,573.0,74.21369905714798,15.838642171129747,1411.0,237.4247150646299,50.329647642997806,296.0,48.51442194510996,10.18592666793455,0.0,0.0,0.0,0.0,0.0,0.0
7,0.0,11,360.2986079607419,300.0,100.0,558.0,71.9800247860788,15.983183479645325,1444.0,245.6539165821744,52.65807457000945,252.0,42.59588373966907,9.078116361279479,0.0,0.0,0.0,0.0,0.0,0.0
