id,probability_maraud,successful_mating,next_foraging_time,x_pos,y_pos,foraging_events,foraging_hrs,foraging_sqhrs,staying_events,staying_hrs,staying_sqhrs,repairing_events,repairing_hrs,repairing_sqhrs,marauding_events,marauding_hrs,marauding_sqhrs,traveling_events,traveling_hrs,traveling_sqhrs
0,0.0,7,360.30813137862197,0.0,0.0,562.0,67.79878763995505,14.087140473879023,1511.0,255.25688250817691,55.38326991263364,228.0,37.09926099065131,7.959190064493873,0.0,0.0,0.0,0.0,0.0,0.0
1,0.054,9,360.6021186358714,0.0,100.0,563.0,68.45981464021924,14.057911208157282,1641.0,276.8888525241229,59.46420566517348,70.0,12.246432320184658,2.7778226810496927,17.0,1.7000000000000004,0.1700000000000001,87.0,0.7175494064012056,0.007094478737997264
2,0.054,12,360.4289399407069,100.0,0.0,566.0,68.97596587890605,13.825285554101331,1497.0,252.5146453627509,53.90542931855238,208.0,36.349714642200574,8.070546658419863,16.0,1.6000000000000003,0.1600000000000001,101.0,0.6563608390136663,0.0047367969821673584
3,0.0,11,360.0644156400776,100.0,100.0,561.0,69.9082874525508,14.918572775082062,1371.0,235.30155719425267,50.67475442020736,325.0,54.82848363717783,11.92505229800362,0.0,0.0,0.0,0.0,0.0,0.0
4,0.0,7,359.9700384485407,200.0,0.0,570.0,67.94913915858605,13.324021409294987,1383.0,237.05466649310353,51.49866909284447,322.0,55.0140854751234,12.035935309182598,0.0,0.0,0.0,0.0,0.0,0.0
5,0.0,11,360.6876878621979,200.0,100.0,568.0,71.16039880915696,14.417533329604018,1591.0,264.5337073241885,55.77485342139483,141.0,24.520995765023603,5.260800850592957,0.0,0.0,0.0,0.0,0.0,0.0
6,0.054,9,359.98496120040164,300.0,0.0,558.0,71.34738795854754,16.162390450747623,1484.0,256.0771623167133,55.5955736756593,178.0,30.559060886546597,6.640237826171574,14.0,1.4000000000000001,0.14000000000000007,81.0,0.6911475447249125,0.00707304526748972
7,0.0,6,360.46108804318595,300.0,100.0,565.0,71.27354038461309,14.573201992384488,1523.0,258.39027349139553,55.03584582338483,179.0,30.50875355587308,6.449618719788708,0.0,0.0,0.0,0.0,0.0,0.0
