id,probability_maraud,successful_mating,next_foraging_time,x_pos,y_pos,foraging_events,foraging_hrs,foraging_sqhrs,staying_events,staying_hrs,staying_sqhrs,repairing_events,repairing_hrs,repairing_sqhrs,marauding_events,marauding_hrs,marauding_sqhrs,traveling_events,traveling_hrs,traveling_sqhrs
0,0.0,11,360.3851817121691,0.0,0.0,572.0,73.12043957124422,15.650888798574758,1492.0,250.01779828052,52.59293165638828,212.0,37.05524899450734,8.163216456835661,0.0,0.0,0.0,0.0,0.0,0.0
1,0.054,8,360.63940333161736,0.0,100.0,558.0,68.73234833551282,13.742452660194507,1589.0,264.63205727059517,55.81079929053926,145.0,24.433231594121843,5.300478309271833,15.0,1.5000000000000002,0.15000000000000008,85.0,0.780423119983438,0.008423353909465024
2,0.0,12,360.0604083110504,100.0,0.0,581.0,69.97282278099789,14.661540524371391,1546.0,265.3357630572671,57.48382497967328,147.0,24.7343225759112,5.433994651444866,0.0,0.0,0.0,0.0,0.0,0.0
3,0.0,7,360.52790163077725,100.0,100.0,584.0,68.66794749194975,13.436164132312612,1498.0,254.88409380817066,54.75420344308519,207.0,36.56636340245947,8.087373296718454,0.0,0.0,0.0,0.0,0.0,0.0
4,0.054,6,359.9881907548717,200.0,0.0,558.0,72.45090836521007,15.747085935880236,1507.0,256.3398533325272,55.1083184483143,173.0,30.209148788395176,6.618533199963298,6.0,0.6,0.06000000000000001,81.0,0.5196476059228045,0.0036651234567901233
5,0.054,10,360.12064588482355,200.0,100.0,566.0,69.20104435193993,14.501772680625521,1634.0,270.0922761039516,56.58225642648505,106.0,18.413190312814347,4.15503820660534,19.0,1.9000000000000006,0.1900000000000001,98.0,0.621211028146785,0.0043938614540466455
6,0.0,7,360.26071757233694,300.0,0.0,571.0,66.93811003618175,12.56242621085883,1509.0,250.54548642615438,53.45327294037047,246.0,42.53386699792712,9.178827528807117,0.0,0.0,0.0,0.0,0.0,0.0
7,0.0,11,359.9798353331348,300.0,100.0,553.0,71.12680647480455,15.327518621117218,1515.0,258.0540891277858,55.761031816735795,180.0,30.921188801823074,6.762180741244145,0.0,0.0,0.0,0.0,0.0,0.0
