id,probability_maraud,successful_mating,next_foraging_time,x_pos,y_pos,foraging_events,foraging_hrs,foraging_sqhrs,staying_events,staying_hrs,staying_sqhrs,repairing_events,repairing_hrs,repairing_sqhrs,marauding_events,marauding_hrs,marauding_sqhrs,traveling_events,traveling_hrs,traveling_sqhrs
0,0.0,11,360.5084474586033,0.0,0.0,561.0,69.46805120121934,14.642715733604955,1493.0,254.04800111011298,54.35160493273686,217.0,36.51259487496933,7.658976376894493,0.0,0.0,0.0,0.0,0.0,0.0
1,0.0,6,360.1833320633771,0.0,100.0,572.0,68.34973958542105,14.34541104778965,1455.0,248.8792182037095,53.949153910389214,250.0,42.86191607216304,9.450229215203448,0.0,0.0,0.0,0.0,0.0,0.0
2,0.054,11,360.3691317317986,100.0,0.0,568.0,68.48099008455458,13.890832852154546,1484.0,245.96590579806477,52.256433470709005,250.0,43.215670729517456,9.397590973202037,19.0,1.9000000000000006,0.1900000000000001,104.0,0.6948198010014687,0.005122599451303159
3,0.054,10,359.9619512894413,100.0,100.0,565.0,70.31609950238749,13.890679041139961,1608.0,268.69295459704074,57.20704128700518,110.0,18.182540874661985,3.9112321612116414,24.0,2.400000000000001,0.24000000000000016,98.0,0.6280873308052967,0.004458161865569279
4,0.054,5,360.0791999176549,200.0,0.0,566.0,69.36184778278393,14.049882207405538,1383.0,233.6985565244862,50.121198924098124,318.0,55.093982909779456,12.576200184556484,13.0,1.3,0.13000000000000006,84.0,0.5678412871977087,0.004265260631001375
5,0.0,7,360.514439151364,200.0,100.0,560.0,74.95518538654808,17.38061809141425,1428.0,242.45664661247162,51.81407463448407,265.0,42.683919154966276,8.631688935465833,0.0,0.0,0.0,0.0,0.0,0.0
6,0.0,10,360.02965028505025,300.0,0.0,565.0,73.27212647649478,15.869977713728579,1379.0,231.7119237470718,49.399909319684376,325.0,55.07057345398406,11.894244180902387,0.0,0.0,0.0,0.0,0.0,0.0
7,0.0,12,360.74723382442664,300.0,100.0,552.0,71.42823850186457,15.635720038991408,1391.0,240.28845610100007,52.196538984080995,286.0,48.539986138669235,10.663471239104418,0.0,0.0,0.0,0.0,0.0,0.0
