id,probability_maraud,successful_mating,next_foraging_time,x_pos,y_pos,foraging_events,foraging_hrs,foraging_sqhrs,staying_events,staying_hrs,staying_sqhrs,repairing_events,repairing_hrs,repairing_sqhrs,marauding_events,marauding_hrs,marauding_sqhrs,traveling_events,traveling_hrs,traveling_sqhrs
0,0.0,10,360.50591838750756,0.0,0.0,576.0,67.88323792535985,13.078655395164722,1601.0,267.6884349024864,56.626380944088666,150.0,24.429983593747263,5.070577966151501,0.0,0.0,0.0,0.0,0.0,0.0
1,0.054,3,360.44992273230883,0.0,100.0,563.0,71.03869209490263,14.127975709478365,1528.0,256.90310853648214,54.441015907437134,176.0,30.330240609361347,6.726736594425721,12.0,1.2,0.12000000000000005,72.0,0.5840975530492659,0.00559413580246914
2,0.0,12,360.3648064002875,100.0,0.0,573.0,69.7199179856759,13.424352177411977,1427.0,241.49186082617825,52.13927513398652,287.0,48.79941879336658,10.4001999844173,0.0,0.0,0.0,0.0,0.0,0.0
3,0.0,6,360.35383249103785,100.0,100.0,567.0,70.71666608701663,14.954852485121435,1447.0,246.76774197112917,53.605238729159694,255.0,42.64712543882169,9.04114417974564,0.0,0.0,0.0,0.0,0.0,0.0
4,0.0,13,359.97461335526816,200.0,0.0,555.0,70.71431210378061,14.966593139546728,1443.0,246.35125010874236,52.75592708261856,258.0,42.9797650364141,9.03603596283385,0.0,0.0,0.0,0.0,0.0,0.0
5,0.0,12,360.53003789080407,200.0,100.0,558.0,70.48078790668583,14.731810261644313,1535.0,265.2405911800637,58.50710264715355,140.0,24.504243728278478,5.395147885296903,0.0,0.0,0.0,0.0,0.0,0.0
6,0.054,8,360.2326525493818,300.0,0.0,559.0,72.85391440094979,15.387988803197764,1512.0,260.9811506100877,56.98896586563068,147.0,24.212117101433048,5.120360628985179,12.0,1.2,0.12000000000000005,86.0,0.776213995637307,0.008080418381344313
7,0.054,8,360.0355189806747,300.0,100.0,556.0,68.01309120479748,13.922191615763358,1665.0,277.41446588737966,58.08219247399303,66.0,12.157585830206935,2.798761229288372,17.0,1.7000000000000004,0.1700000000000001,87.0,0.8015909917951078,0.008573388203017836
