id,probability_maraud,successful_mating,next_foraging_time,x_pos,y_pos,foraging_events,foraging_hrs,foraging_sqhrs,staying_events,staying_hrs,staying_sqhrs,repairing_events,repairing_hrs,repairing_sqhrs,marauding_events,marauding_hrs,marauding_sqhrs,traveling_events,traveling_hrs,traveling_sqhrs
0,0.0,10,359.9512645015386,0.0,0.0,558.0,73.41063130576775,15.479919131635736,1471.0,256.09462242847894,55.76057086475354,182.0,30.766402080672208,6.5473629954415715,0.0,0.0,0.0,0.0,0.0,0.0
1,0.0,6,360.2660260235933,0.0,100.0,558.0,66.91882069056322,13.590302726613746,1439.0,238.15504166955125,49.786991408785994,327.0,54.99084441096432,11.753017351564251,0.0,0.0,0.0,0.0,0.0,0.0
2,0.054,12,360.10887087447566,100.0,0.0,576.0,72.02946668954937,14.05951766653072,1579.0,267.4546002259645,57.40640061912278,109.0,18.278617882850373,3.9463115132824402,17.0,1.7000000000000004,0.1700000000000001,97.0,0.6787552563145521,0.005229766803840883
3,0.0,10,360.33609537264334,100.0,100.0,578.0,69.61024879148707,13.731371996630783,1456.0,249.37434922468154,53.941601227267576,247.0,41.02053470171769,8.8823161146038,0.0,0.0,0.0,0.0,0.0,0.0
4,0.0,9,360.1659278547671,200.0,0.0,558.0,68.47558147568945,14.49438328866791,1388.0,236.02490098343856,50.79161531910255,317.0,55.5572464225608,12.421554862921505,0.0,0.0,0.0,0.0,0.0,0.0
5,0.0,10,359.8486502274558,200.0,100.0,560.0,68.89076688668133,14.32047974479169,1627.0,272.79776874878917,58.920104714551805,109.0,18.41511853089649,3.8041454190657022,0.0,0.0,0.0,0.0,0.0,0.0
6,0.054,7,360.8008298843622,300.0,0.0,565.0,72.99824325215495,15.437504348514887,1456.0,242.22225292088876,50.841373060878695,262.0,42.69233625588093,8.78322582752032,14.0,1.4000000000000001,0.14000000000000007,86.0,0.816862980147827,0.008980624142661183
7,0.054,8,360.1511716784631,300.0,100.0,565.0,70.2485507760021,14.490555663019567,1588.0,262.65170896716893,55.41554331432315,138.0,24.517269947299138,5.429327463763113,17.0,1.7000000000000004,0.1700000000000001,102.0,0.9226468512256236,0.00977366255144034
