id,probability_maraud,successful_mating,next_foraging_time,x_pos,y_pos,foraging_events,foraging_hrs,foraging_sqhrs,staying_events,staying_hrs,staying_sqhrs,repairing_events,repairing_hrs,repairing_sqhrs,marauding_events,marauding_hrs,marauding_sqhrs,traveling_events,traveling_hrs,traveling_sqhrs
0,0.0,14,360.4437663660461,0.0,0.0,565.0,66.83452064613546,12.443253037266496,1592.0,275.0879492666948,60.15038524598061,116.0,18.256505274645892,3.647222165335887,0.0,0.0,0.0,0.0,0.0,0.0
1,0.0,7,360.0063109423979,0.0,100.0,561.0,66.0341391906756,12.90052343040037,1517.0,257.70981381053355,55.29222496207899,214.0,36.55844941938019,7.775417673723495,0.0,0.0,0.0,0.0,0.0,0.0
2,0.054,9,360.29819354365924,100.0,0.0,580.0,72.50160149028486,15.329814690877233,1469.0,243.06045833623037,50.990988675392,251.0,42.707527791533394,9.403591288269007,12.0,1.2,0.12000000000000005,90.0,0.5902255456901423,0.00428669410150892
3,0.0,5,360.3992910889199,100.0,100.0,588.0,71.88191133512179,14.664399785556634,1469.0,251.66193348934243,53.975330144975345,211.0,36.46842028608701,7.791279320501975,0.0,0.0,0.0,0.0,0.0,0.0
4,0.054,12,360.23517927208917,200.0,0.0,549.0,70.21827049580361,15.170316994569939,1486.0,244.85392156652813,51.83796827414916,259.0,42.663844207358174,8.871939115842679,19.0,1.9000000000000006,0.1900000000000001,95.0,0.6111574500206097,0.004372427983539096
5,0.0,6,359.942631455733,200.0,100.0,569.0,72.43268884922303,15.555599817168863,1571.0,262.8986204204055,55.866236827985915,158.0,24.680535291037767,4.927937659510455,0.0,0.0,0.0,0.0,0.0,0.0
6,0.0,14,359.80624910940276,300.0,0.0,575.0,66.99416564107783,13.289369637905262,1486.0,250.26938890372168,52.93538988876286,240.0,42.750546787669435,9.596568452107483,0.0,0.0,0.0,0.0,0.0,0.0
7,0.054,5,360.0775136224582,300.0,100.0,567.0,71.0018000375012,14.454700240501968,1439.0,250.46684057756525,55.01722538317115,204.0,36.43135588687887,8.24415173650863,15.0,1.5000000000000002,0.15000000000000008,84.0,0.7607795024177597,0.00805898491083677
