id,probability_maraud,successful_mating,next_foraging_time,x_pos,y_pos,foraging_events,foraging_hrs,foraging_sqhrs,staying_events,staying_hrs,staying_sqhrs,repairing_events,repairing_hrs,repairing_sqhrs,marauding_events,marauding_hrs,marauding_sqhrs,traveling_events,traveling_hrs,traveling_sqhrs
0,0.0,11,359.9936456100675,0.0,0.0,563.0,70.264458595315,14.518466997840676,1575.0,265.3997291863705,57.19499175719442,141.0,24.53150831872926,5.2559400223684145,0.0,0.0,0.0,0.0,0.0,0.0
1,0.0,12,360.6232219607626,0.0,100.0,575.0,72.81596404790109,15.425856261131635,1545.0,256.91766891605124,54.30127398405102,194.0,30.472997745684463,6.201480391706686,0.0,0.0,0.0,0.0,0.0,0.0
2,0.054,9,360.52364497467045,100.0,0.0,572.0,70.47822123981284,14.448828974212747,1511.0,257.15673120576184,55.4116557045549,178.0,30.423791724517784,6.4785882772807515,13.0,1.3,0.13000000000000006,97.0,0.6476378982046522,0.004822530864197535
3,0.054,8,360.0051883638277,100.0,100.0,563.0,71.70255187841795,14.566275249902098,1476.0,253.2301474929646,55.069891435299255,193.0,33.04390040987846,7.063446067309183,15.0,1.5000000000000002,0.15000000000000008,82.0,0.5545089871618142,0.0041366598079561065
4,0.0,11,360.5303046174548,200.0,0.0,574.0,71.86977384004122,14.283266081767916,1502.0,251.57196610084037,53.969852233505556,214.0,36.652683256593,7.812720338220436,0.0,0.0,0.0,0.0,0.0,0.0
5,0.0,7,360.04920057580046,200.0,100.0,569.0,72.9404916849074,15.747392176750427,1449.0,237.93875168364295,49.80040927857282,280.0,49.2099410385034,11.20032560195588,0.0,0.0,0.0,0.0,0.0,0.0
6,0.054,8,360.1286787539356,300.0,0.0,556.0,73.830620434267,15.614967983571681,1519.0,253.6712565986252,53.504015946226,181.0,30.52253152496086,6.418283451868038,15.0,1.5000000000000002,0.15000000000000008,85.0,0.7112349134229455,0.007073045267489719
7,0.0,6,360.49766630104347,300.0,100.0,570.0,73.19866085270498,15.035270194269344,1542.0,262.7363530079798,56.27525243741723,141.0,24.256938585682057,5.1834135086508235,0.0,0.0,0.0,0.0,0.0,0.0
