id,probability_maraud,successful_mating,next_foraging_time,x_pos,y_pos,foraging_events,foraging_hrs,foraging_sqhrs,staying_events,staying_hrs,staying_sqhrs,repairing_events,repairing_hrs,repairing_sqhrs,marauding_events,marauding_hrs,marauding_sqhrs,traveling_events,traveling_hrs,traveling_sqhrs
0,0.0,8,360.3959609067171,0.0,0.0,578.0,68.46466789476602,13.349776013507537,1493.0,257.6133788955323,56.0494026866239,209.0,34.07697558753095,7.081954561767646,0.0,0.0,0.0,0.0,0.0,0.0
1,0.054,10,360.3595233115302,0.0,100.0,576.0,71.70360019889172,15.26985447211805,1622.0,264.7307646537386,55.54460514870676,127.0,20.824630274959873,4.40580141800865,19.0,1.9000000000000006,0.1900000000000001,117.0,1.020261442115449,0.010459533607681766
2,0.0,15,360.22646940313206,100.0,0.0,570.0,68.76907973206812,14.247480549124052,1520.0,253.55082236564954,53.309626785460196,218.0,37.708939977150585,8.317117760586866,0.0,0.0,0.0,0.0,0.0,0.0
3,0.0,9,360.2543877449782,100.0,100.0,565.0,68.95329654036126,13.96340674854186,1406.0,242.59530026534077,52.526359981387806,295.0,48.665273019104276,10.178763907484312,0.0,0.0,0.0,0.0,0.0,0.0
4,0.054,6,360.1885359991451,200.0,0.0,560.0,69.07082363596324,13.821231272201807,1408.0,240.02728681868575,51.635718605487234,287.0,48.95649142806962,10.432282582047128,15.0,1.5000000000000002,0.15000000000000008,72.0,0.45119462233954355,0.00312928669410151
5,0.0,7,360.33531651018774,200.0,100.0,580.0,67.88152666842751,12.67076095188387,1554.0,261.7468327043427,56.41037373365981,178.0,30.40579171583075,6.712499819508682,0.0,0.0,0.0,0.0,0.0,0.0
6,0.0,12,360.4768074608655,300.0,0.0,571.0,69.1885974293671,14.6159408327718,1538.0,257.4004249944232,54.05189653049156,199.0,33.41105279771335,6.948432313860956,0.0,0.0,0.0,0.0,0.0,0.0
7,0.054,5,360.1031187987965,300.0,100.0,577.0,71.32044308621786,14.384970492951002,1568.0,262.2836247253851,55.8860302391393,141.0,24.457244493109684,5.474542562474911,14.0,1.4000000000000001,0.14000000000000007,73.0,0.6445276516107175,0.006708676268861458
