id,probability_maraud,successful_mating,next_foraging_time,x_pos,y_pos,foraging_events,foraging_hrs,foraging_sqhrs,staying_events,staying_hrs,staying_sqhrs,repairing_events,repairing_hrs,repairing_sqhrs,marauding_events,marauding_hrs,marauding_sqhrs,traveling_events,traveling_hrs,traveling_sqhrs
0,0.054,8,360.4039969449037,0.0,0.0,565.0,71.73640054863513,15.634584502848753,1605.0,267.31225627008587,56.884830755099536,112.0,18.53432327972452,3.9322531282204456,16.0,1.6000000000000003,0.1600000000000001,107.0,0.9378028736233821,0.009816529492455425
1,0.0,8,359.77501350529883,0.0,100.0,562.0,70.86102865119986,15.759563071522688,1541.0,258.63297513277826,54.834874402794235,189.0,30.53534216946476,6.060674663933479,0.0,0.0,0.0,0.0,0.0,0.0
2,0.0,12,360.59915700934454,100.0,0.0,575.0,73.59362530021157,15.906488236255548,1567.0,262.3217833220735,55.254512427051004,141.0,24.2119310840363,5.161344123813229,0.0,0.0,0.0,0.0,0.0,0.0
3,0.054,9,359.93327808552294,100.0,100.0,558.0,70.3810933817073,14.756117163042747,1471.0,250.92698186645413,53.95533239748245,230.0,36.709013215041644,7.713278893241019,16.0,1.6000000000000003,0.1600000000000001,76.0,0.4923655585756187,0.0035150891632373133
4,0.0,9,359.9393145199563,200.0,0.0,569.0,70.60436384431868,14.320080213978864,1365.0,234.78436748328886,50.48945297943883,322.0,54.667157998477684,11.65369060171461,0.0,0.0,0.0,0.0,0.0,0.0
5,0.054,15,360.39092986045455,200.0,100.0,568.0,68.50353075748936,13.891920304335239,1574.0,271.50808926617475,58.92989919615606,105.0,18.30721133540188,4.19703827425065,12.0,1.2,0.12000000000000005,80.0,0.5493227686791899,0.004179526748971197
6,0.0,3,360.42667272619923,300.0,0.0,579.0,72.76095235692308,15.459363670280146,1453.0,250.63052491170168,54.34792907999894,218.0,36.84990469231376,7.863853634545728,0.0,0.0,0.0,0.0,0.0,0.0
7,0.0,8,360.0471132315327,300.0,100.0,558.0,70.49452743955574,14.512844208295013,1452.0,240.7972456535233,50.8845977298631,304.0,48.83539516838033,10.185075207586602,0.0,0.0,0.0,0.0,0.0,0.0
