id,probability_maraud,successful_mating,next_foraging_time,x_pos,y_pos,foraging_events,foraging_hrs,foraging_sqhrs,staying_events,staying_hrs,staying_sqhrs,repairing_events,repairing_hrs,repairing_sqhrs,marauding_events,marauding_hrs,marauding_sqhrs,traveling_events,traveling_hrs,traveling_sqhrs
0,0.054,5,360.1195835668933,0.0,0.0,568.0,67.30826665449368,13.387226747899366,1462.0,248.02049044581548,53.16808544162316,243.0,42.59125186815675,9.601263005080446,15.0,1.5000000000000002,0.15000000000000008,73.0,0.6608453059472649,0.0070087448559670845
1,0.054,10,360.5148997812474,0.0,100.0,567.0,70.17517244351008,14.861330887690944,1408.0,239.04212548293614,50.65521726999511,286.0,48.808307442671165,10.543694714336954,13.0,1.3,0.13000000000000006,81.0,0.7182146250586015,0.007415980795610431
2,0.0,8,360.47831788095993,100.0,0.0,561.0,69.77888737641885,14.789439165516201,1491.0,253.51983404896126,54.25893421826781,210.0,36.71861918643593,8.021002834583527,0.0,0.0,0.0,0.0,0.0,0.0
3,0.0,9,360.440114062302,100.0,100.0,569.0,70.46635237764667,14.084964595139489,1492.0,253.22771545756785,54.02399513618893,219.0,36.51920153289156,7.757431845959989,0.0,0.0,0.0,0.0,0.0,0.0
4,0.054,10,360.3380230039676,200.0,0.0,570.0,71.34339871948751,15.33157969994163,1645.0,280.39337407185695,61.037363482988795,40.0,6.123463881032295,1.1637013193456174,17.0,1.7000000000000004,0.1700000000000001,88.0,0.61555950844477,0.004736796982167357
5,0.0,8,359.9887049507941,200.0,100.0,565.0,71.53841310943636,15.265450320773926,1475.0,252.0076555334293,54.142417460309126,208.0,36.46624069899864,7.705288454960806,0.0,0.0,0.0,0.0,0.0,0.0
6,0.0,12,359.8178985697556,300.0,0.0,566.0,69.54377748436191,14.622705313972562,1636.0,271.21864356440545,57.78738957014198,105.0,19.286209192954566,4.255401540884779,0.0,0.0,0.0,0.0,0.0,0.0
7,0.0,10,360.0084404615809,300.0,100.0,562.0,65.41951615701578,13.08685763874566,1486.0,251.8934005154992,54.380455920953764,263.0,42.719794415932554,8.726790279431901,0.0,0.0,0.0,0.0,0.0,0.0
