id,probability_maraud,successful_mating,next_foraging_time,x_pos,y_pos,foraging_events,foraging_hrs,foraging_sqhrs,staying_events,staying_hrs,staying_sqhrs,repairing_events,repairing_hrs,repairing_sqhrs,marauding_events,marauding_hrs,marauding_sqhrs,traveling_events,traveling_hrs,traveling_sqhrs
0,0.054,10,360.00399637344816,0.0,0.0,568.0,70.89143999496969,15.202164856977808,1664.0,274.13705487940575,57.34574241104103,74.0,12.519544072791884,2.60970340241248,18.0,1.8000000000000005,0.1800000000000001,94.0,0.7718225788700308,0.007608882030178337
1,0.0,11,360.1113050721972,0.0,100.0,560.0,73.02201577696538,16.214048248170688,1439.0,238.49580673905956,50.55768659483197,299.0,48.61127049956453,10.007854043913735,0.0,0.0,0.0,0.0,0.0,0.0
2,0.0,7,360.16159090558534,100.0,0.0,569.0,70.31793936098185,14.615862395776439,1477.0,247.07506890336037,52.513978608431884,247.0,42.66121437500892,9.397393788043345,0.0,0.0,0.0,0.0,0.0,0.0
3,0.054,3,360.3534248305348,100.0,100.0,569.0,73.24753337019844,16.47148193880138,1390.0,241.56544326446004,52.84488599587894,246.0,42.96222805817445,9.40784915515584,17.0,1.7000000000000004,0.1700000000000001,87.0,0.5561178952983951,0.0039008916323731153
4,0.054,6,360.79790885375064,200.0,0.0,573.0,73.79340378051639,15.304540550469655,1506.0,254.41707434789424,54.277576852380605,175.0,30.410016543536585,6.5811421623295665,11.0,1.0999999999999999,0.11000000000000004,81.0,0.556932531782215,0.004265260631001375
5,0.0,12,360.4891479133185,200.0,100.0,584.0,71.5230093321059,14.863186400819334,1413.0,239.77113428664504,51.364323900025326,289.0,48.72593499365674,10.589519200978328,0.0,0.0,0.0,0.0,0.0,0.0
6,0.0,14,360.30110075272387,300.0,0.0,561.0,71.35249536379733,15.651618085480917,1624.0,270.2844070100213,56.7978379877072,110.0,18.37442585407852,3.7869486573934936,0.0,0.0,0.0,0.0,0.0,0.0
7,0.0,9,360.39056075406796,300.0,100.0,568.0,73.28058322356195,15.551324970999604,1476.0,256.5156133297374,56.80475839609829,183.0,30.35300015193719,6.521674038413299,0.0,0.0,0.0,0.0,0.0,0.0
