id,probability_maraud,successful_mating,next_foraging_time,x_pos,y_pos,foraging_events,foraging_hrs,foraging_sqhrs,staying_events,staying_hrs,staying_sqhrs,repairing_events,repairing_hrs,repairing_sqhrs,marauding_events,marauding_hrs,marauding_sqhrs,traveling_events,traveling_hrs,traveling_sqhrs
0,0.0,10,359.965247674446,0.0,0.0,573.0,68.55514048885988,13.219746469205699,1522.0,254.5226197436323,53.49533050346667,221.0,36.98803491017407,7.620814134550978,0.0,0.0,0.0,0.0,0.0,0.0
1,0.0,7,360.37633721806753,0.0,100.0,558.0,75.52094281487332,16.920208891070896,1393.0,242.06066479638721,52.51270242606376,245.0,42.5170410766774,9.243266094841864,0.0,0.0,0.0,0.0,0.0,0.0
2,0.0,8,360.4928312024779,100.0,0.0,560.0,72.31380825357597,15.062427687193784,1440.0,244.83776985032335,52.73744324801636,256.0,42.86572096730169,9.19777072033409,0.0,0.0,0.0,0.0,0.0,0.0
3,0.054,8,360.4696132096201,100.0,100.0,580.0,67.57641775558366,13.079223163937707,1494.0,259.639162153201,56.769714545987604,182.0,30.525348453430425,6.300008315233425,18.0,1.8000000000000005,0.1800000000000001,76.0,0.4901899027775912,0.003515089163237314
4,0.054,9,359.83556551706744,200.0,0.0,571.0,71.05408722005478,14.721382337517314,1438.0,244.1912707556832,52.40861756756686,262.0,42.92582496238953,8.82589183344571,13.0,1.3,0.13000000000000006,83.0,0.5637073879986708,0.004265260631001375
5,0.054,11,360.08864130561517,200.0,100.0,567.0,69.24751589495575,14.234924848616487,1569.0,263.66545870038766,56.69693501477083,143.0,24.428883605676734,5.127320843032597,22.0,2.2000000000000006,0.22000000000000014,87.0,0.5473949544893809,0.003815157750342936
6,0.0,11,360.2087744880517,300.0,0.0,562.0,70.82922828519814,14.928845098558833,1407.0,234.43067853591666,48.86069569781857,312.0,54.847841449065896,12.111218743039473,0.0,0.0,0.0,0.0,0.0,0.0
7,0.0,8,360.3764752388775,300.0,100.0,556.0,70.42429687918565,14.290971512608168,1438.0,240.99524118937566,50.84952139808132,296.0,48.64706490389234,10.093309789145637,0.0,0.0,0.0,0.0,0.0,0.0
