id,probability_maraud,successful_mating,next_foraging_time,x_pos,y_pos,foraging_events,foraging_hrs,foraging_sqhrs,staying_events,staying_hrs,staying_sqhrs,repairing_events,repairing_hrs,repairing_sqhrs,marauding_events,marauding_hrs,marauding_sqhrs,traveling_events,traveling_hrs,traveling_sqhrs
0,0.054,8,360.47426841273375,0.0,0.0,563.0,75.17252121404893,16.70456925045402,1535.0,260.65594864659056,55.69069187193454,122.0,21.5715589247961,4.703613108577008,18.0,1.8000000000000005,0.1800000000000001,98.0,0.8372543581118113,0.00842335390946503
1,0.0,10,360.23897931949347,0.0,100.0,563.0,67.40160652588636,13.441027069175322,1515.0,256.05319431319487,54.66978778178904,214.0,36.59748243247464,7.824191770296004,0.0,0.0,0.0,0.0,0.0,0.0
2,0.054,8,360.2087720024047,100.0,0.0,561.0,67.46659819766926,13.73771931738053,1540.0,260.8336670556207,56.385332638139054,177.0,30.432853549198427,6.660071228803731,9.0,0.8999999999999999,0.09000000000000002,81.0,0.5005623397428393,0.003386488340192044
3,0.0,9,360.6743050099511,100.0,100.0,570.0,72.23294366619885,14.25304836615693,1401.0,236.7626621779454,50.721012703914234,293.0,51.2025015337952,11.35461033205056,0.0,0.0,0.0,0.0,0.0,0.0
4,0.0,14,360.3981876129877,200.0,0.0,558.0,67.89747241840283,12.781601115512471,1353.0,231.08246326461966,49.64271266856879,345.0,61.123329821948204,13.831588971077261,0.0,0.0,0.0,0.0,0.0,0.0
5,0.0,10,360.02141242225747,200.0,100.0,569.0,69.52671685473362,13.625156030706107,1624.0,272.2201957453095,58.25237470457103,120.0,18.49169034500518,3.7430485032060035,0.0,0.0,0.0,0.0,0.0,0.0
6,0.0,4,360.2840360042499,300.0,0.0,576.0,70.80399436934877,13.683572022287784,1394.0,233.9921621349769,50.404475603409345,336.0,55.28585621078301,11.70539103182283,0.0,0.0,0.0,0.0,0.0,0.0
7,0.054,9,360.0712987616979,300.0,100.0,565.0,71.8676256838102,15.187428612034129,1643.0,279.2332590601475,59.92321900003046,37.0,6.2240557739040945,1.3256012549202336,20.0,2.0000000000000004,0.20000000000000012,92.0,0.7844161976341549,0.0077803497942386885
