id,probability_maraud,successful_mating,next_foraging_time,x_pos,y_pos,foraging_events,foraging_hrs,foraging_sqhrs,staying_events,staying_hrs,staying_sqhrs,repairing_events,repairing_hrs,repairing_sqhrs,marauding_events,marauding_hrs,marauding_sqhrs,traveling_events,traveling_hrs,traveling_sqhrs
0,0.0,10,360.4672884885437,0.0,0.0,558.0,67.02283597306652,13.52919983514955,1529.0,262.7602728506363,56.350616340779254,184.0,30.371780523469944,6.183834654721256,0.0,0.0,0.0,0.0,0.0,0.0
1,0.054,5,359.89037681250187,0.0,100.0,566.0,72.58373923731239,15.818813993475382,1605.0,266.71639801812495,55.808295903410645,102.0,18.24019075750155,4.009844504845076,17.0,1.7000000000000004,0.1700000000000001,97.0,0.8910761132375042,0.009773662551440335
2,0.054,7,360.0807971681974,100.0,0.0,561.0,73.5595289900759,16.010374333629645,1578.0,263.2548922271909,55.68105922718002,118.0,20.505638994027947,4.450072597243757,23.0,2.3000000000000007,0.23000000000000015,102.0,0.6627414112415866,0.004736796982167359
3,0.0,13,360.0828843235005,100.0,100.0,565.0,71.919595926133,15.004884499610167,1488.0,251.36606247798608,53.60066945403039,210.0,36.88488148439021,8.323899466911904,0.0,0.0,0.0,0.0,0.0,0.0
4,0.0,7,360.2084761161434,200.0,0.0,568.0,71.57546910201867,15.090614206179865,1394.0,233.3632968758839,50.12200749680039,312.0,55.08728171684571,11.929058127262804,0.0,0.0,0.0,0.0,0.0,0.0
5,0.0,14,360.7808173553774,200.0,100.0,565.0,72.67608253113298,15.514698198853464,1462.0,245.1014545815041,52.56196420206933,245.0,42.47485793726536,9.198272020570139,0.0,0.0,0.0,0.0,0.0,0.0
6,0.054,7,360.27075438207845,300.0,0.0,563.0,67.8886932881621,13.524419498048353,1432.0,241.4607680825079,51.35710045751861,287.0,49.06173393517329,10.493096960162836,10.0,0.9999999999999999,0.10000000000000003,72.0,0.6144809678662204,0.006087105624142665
7,0.0,9,360.5362773682684,300.0,100.0,565.0,70.35304801838893,14.227790338833879,1410.0,240.62350400242073,52.12063104083986,305.0,49.135038356308655,10.12753405446813,0.0,0.0,0.0,0.0,0.0,0.0
