id,probability_maraud,successful_mating,next_foraging_time,x_pos,y_pos,foraging_events,foraging_hrs,foraging_sqhrs,staying_events,staying_hrs,staying_sqhrs,repairing_events,repairing_hrs,repairing_sqhrs,marauding_events,marauding_hrs,marauding_sqhrs,traveling_events,traveling_hrs,traveling_sqhrs
0,0.054,5,359.8102655699215,0.0,0.0,557.0,71.92448961405914,15.579403805545637,1615.0,273.33459497496233,59.089500520086666,72.0,12.34521948625017,2.6965949860094414,17.0,1.7000000000000004,0.1700000000000001,87.0,0.7767527594710721,0.008230452674897125
1,0.0,10,360.3858935977066,0.0,100.0,570.0,68.24228516780082,13.338898548515134,1533.0,261.4570130045414,56.24239837171186,194.0,30.4462433041231,6.032043819002541,0.0,0.0,0.0,0.0,0.0,0.0
2,0.0,7,360.27299514256566,100.0,0.0,575.0,70.60560155652432,15.390693407337343,1488.0,253.22162142306533,54.24858651768444,207.0,36.19727420970079,7.763965351099235,0.0,0.0,0.0,0.0,0.0,0.0
3,0.0,7,359.61611980663713,100.0,100.0,558.0,72.97513264443786,16.256110502410408,1589.0,268.8482915002585,57.03139900871582,103.0,18.231360851739964,3.973600874205502,0.0,0.0,0.0,0.0,0.0,0.0
4,0.054,7,359.9895842028764,200.0,0.0,564.0,70.28920378279528,14.76487035839368,1441.0,245.46334724426427,52.827959683175735,259.0,42.777157445996984,9.279770884940532,11.0,1.0999999999999999,0.11000000000000004,70.0,0.4073725702775987,0.00257201646090535
5,0.0,8,360.287382434176,200.0,100.0,559.0,73.75069207543723,15.935608593786872,1313.0,219.29071370515277,46.82628072649322,391.0,66.98043709935683,14.285159968074012,0.0,0.0,0.0,0.0,0.0,0.0
6,0.054,15,360.74726688945003,300.0,0.0,561.0,67.1890402623012,13.238073407333726,1623.0,278.26483208598097,60.842392991309225,71.0,12.186797073220108,2.6266001163688775,16.0,1.6000000000000003,0.1600000000000001,95.0,0.8339147777796887,0.00887345679012346
7,0.0,13,360.4841010858331,300.0,100.0,579.0,74.98670345271667,16.267539488562218,1428.0,236.14527385873598,49.12438558664276,298.0,49.08961518175089,10.094015404966207,0.0,0.0,0.0,0.0,0.0,0.0
