id,probability_maraud,successful_mating,next_foraging_time,x_pos,y_pos,foraging_events,foraging_hrs,foraging_sqhrs,staying_events,staying_hrs,staying_sqhrs,repairing_events,repairing_hrs,repairing_sqhrs,marauding_events,marauding_hrs,marauding_sqhrs,traveling_events,traveling_hrs,traveling_sqhrs
0,0.0,6,360.4108164290546,0.0,0.0,576.0,69.65685230615875,13.739723814951208,1399.0,241.71814352030864,52.18231583642039,310.0,48.847122098519186,9.870571371124026,0.0,0.0,0.0,0.0,0.0,0.0
1,0.0,8,360.22637449866073,0.0,100.0,564.0,74.73015853060762,16.153099992702863,1710.0,279.2773147016212,58.83390766549952,44.0,6.121133993504826,1.0966207327261897,0.0,0.0,0.0,0.0,0.0,0.0
2,0.0,12,360.3763035557354,100.0,0.0,552.0,75.65600614317917,18.145632790873073,1523.0,253.76327567140171,53.543988169579,177.0,30.626160999249535,6.376406629229141,0.0,0.0,0.0,0.0,0.0,0.0
3,0.054,8,360.5423031501782,100.0,100.0,567.0,69.83799059249068,14.34825704097501,1679.0,282.1542969084851,60.25917942664457,36.0,6.168814465827821,1.353482277939085,14.0,1.4000000000000001,0.14000000000000007,93.0,0.6438938750755425,0.004886831275720169
4,0.054,10,360.5654346104693,200.0,0.0,566.0,71.40976380466037,14.308228719206065,1575.0,268.286336036897,58.19656505506283,100.0,18.455472026606625,4.079753898867751,16.0,1.6000000000000003,0.1600000000000001,81.0,0.551033123257827,0.004093792866941018
5,0.054,10,360.00642366126004,200.0,100.0,570.0,74.52954898825695,16.654115332023615,1509.0,253.3456660121423,54.055965200216875,186.0,30.711514965294395,6.460909839420853,9.0,0.8999999999999999,0.09000000000000002,78.0,0.5283502763290693,0.003943758573388205
6,0.0,8,360.49815630404123,300.0,0.0,552.0,73.01061160795837,17.215313496596576,1480.0,250.3605484013565,53.31998279756471,206.0,36.69854959977378,8.086852659597913,0.0,0.0,0.0,0.0,0.0,0.0
7,0.0,10,360.35342985185747,300.0,100.0,552.0,72.43149930823473,15.272235368905037,1323.0,226.4046355342819,48.65253887554717,381.0,61.21229692285986,12.728342862615596,0.0,0.0,0.0,0.0,0.0,0.0
