id,probability_maraud,successful_mating,next_foraging_time,x_pos,y_pos,foraging_events,foraging_hrs,foraging_sqhrs,staying_events,staying_hrs,staying_sqhrs,repairing_events,repairing_hrs,repairing_sqhrs,marauding_events,marauding_hrs,marauding_sqhrs,traveling_events,traveling_hrs,traveling_sqhrs
0,0.0,5,359.90277678911116,0.0,0.0,573.0,72.00181885884476,14.930986806985898,1507.0,251.54927201791548,53.01270055552495,227.0,36.544468959580925,7.743082723596325,0.0,0.0,0.0,0.0,0.0,0.0
1,0.0,7,360.3126036999555,0.0,100.0,565.0,69.35430145883859,14.211989235032409,1518.0,250.28591444377352,53.14723207778884,247.0,40.3955746436186,8.637375242415507,0.0,0.0,0.0,0.0,0.0,0.0
2,0.0,8,360.38524088803257,100.0,0.0,558.0,72.7207163643004,15.375966472630616,1482.0,244.54895656000463,51.19733983071682,269.0,42.84944038225606,8.771113255367935,0.0,0.0,0.0,0.0,0.0,0.0
3,0.0,16,360.2018516299681,100.0,100.0,566.0,68.01648636667778,13.746291336472936,1503.0,249.03392703540703,53.40934640429046,265.0,42.974621219222705,8.91323517041601,0.0,0.0,0.0,0.0,0.0,0.0
4,0.054,9,360.24878872786104,200.0,0.0,562.0,68.89660740217151,14.088354212125932,1477.0,252.69155487501365,54.246911893241574,203.0,36.78994081715525,8.14968745668287,13.0,1.3,0.13000000000000006,84.0,0.5453105863249577,0.0038794581618655706
5,0.0,13,360.0689454240507,200.0,100.0,564.0,72.34519352088199,15.427880050024177,1579.0,269.35268059132886,57.333919643815236,111.0,18.32951224826938,3.8847163419357473,0.0,0.0,0.0,0.0,0.0,0.0
6,0.054,6,360.08386369824234,300.0,0.0,567.0,71.13468514027419,15.17682999491241,1647.0,281.26547992802915,60.3144155245111,33.0,6.051934803822059,1.3666500126947796,11.0,1.0999999999999999,0.11000000000000004,85.0,0.7558817135630076,0.007887517146776414
7,0.054,8,360.3703257854529,300.0,100.0,558.0,67.82383853238854,13.26040346743445,1559.0,271.43236191141335,59.99880593396575,120.0,18.381278093616753,3.574322871711805,16.0,1.6000000000000003,0.1600000000000001,92.0,0.8162615953589412,0.008380486968449934
