id,probability_maraud,successful_mating,next_foraging_time,x_pos,y_pos,foraging_events,foraging_hrs,foraging_sqhrs,staying_events,staying_hrs,staying_sqhrs,repairing_events,repairing_hrs,repairing_sqhrs,marauding_events,marauding_hrs,marauding_sqhrs,traveling_events,traveling_hrs,traveling_sqhrs
0,0.0,11,360.03063658680287,0.0,0.0,554.0,73.08411105549631,15.449167507056062,1541.0,262.6432834690178,56.602199518563374,153.0,24.32337855301262,5.030207104611573,0.0,0.0,0.0,0.0,0.0,0.0
1,0.0,8,360.4041728222044,0.0,100.0,581.0,73.6194665873476,15.447157585923861,1578.0,268.00504503771515,57.91185866318715,104.0,18.46373644556202,4.244289169526577,0.0,0.0,0.0,0.0,0.0,0.0
2,0.054,10,360.5643727699228,100.0,0.0,571.0,70.2430763816002,14.71298015196194,1405.0,239.46539336603325,51.41238451196218,289.0,48.792852502254945,10.420617129852115,11.0,1.0999999999999999,0.11000000000000004,79.0,0.5501779459685084,0.00420096021947874
3,0.0,12,360.2594917505945,100.0,100.0,562.0,72.20424269622256,16.458477881972104,1488.0,251.60784690915187,53.409679146215,217.0,36.38208857812438,7.869653442431969,0.0,0.0,0.0,0.0,0.0,0.0
4,0.0,7,360.04592886046237,200.0,0.0,562.0,69.77039355878786,14.007488989613888,1314.0,223.57685594228113,48.003561746317494,392.0,66.72086067475428,14.126578250379248,0.0,0.0,0.0,0.0,0.0,0.0
5,0.054,6,360.243474669155,200.0,100.0,561.0,71.45977499815997,15.629777881990831,1523.0,259.57448007843743,55.830612007518994,159.0,26.395626974666673,5.686987910744003,21.0,2.1000000000000005,0.21000000000000013,94.0,0.627232153515978,0.004651063100137177
6,0.054,9,359.8424937995815,300.0,0.0,575.0,68.70533599902281,14.042966950965958,1572.0,264.5001916907567,57.138273907338736,139.0,24.413119255195866,5.504204662822737,16.0,1.6000000000000003,0.1600000000000001,90.0,0.8094563099312836,0.008401920438957482
7,0.0,9,360.2231684678199,300.0,100.0,576.0,71.52348133357984,14.184568805033596,1460.0,246.1926394456355,52.682282102879604,258.0,42.47922725108563,9.064791859924744,0.0,0.0,0.0,0.0,0.0,0.0
