id,probability_maraud,successful_mating,next_foraging_time,x_pos,y_pos,foraging_events,foraging_hrs,foraging_sqhrs,staying_events,staying_hrs,staying_sqhrs,repairing_events,repairing_hrs,repairing_sqhrs,marauding_events,marauding_hrs,marauding_sqhrs,traveling_events,traveling_hrs,traveling_sqhrs
0,0.054,13,360.01352471885383,0.0,0.0,567.0,67.42025786373203,13.695117625357788,1605.0,265.40636132190525,55.92645921818809,145.0,24.35560757791091,5.3057156962438645,20.0,2.0000000000000004,0.20000000000000012,108.0,0.9461467800217216,0.009666495198902614
1,0.0,8,360.87852112319996,0.0,100.0,561.0,72.6787510568245,15.520637040512325,1433.0,244.94740697862352,52.859514466945484,253.0,42.611506081203046,9.232882812704638,0.0,0.0,0.0,0.0,0.0,0.0
2,0.0,5,360.1830532296738,100.0,0.0,574.0,69.38486221446668,13.325305875116557,1493.0,248.12574546028318,52.31557580750635,246.0,42.64163897857592,9.358570050209192,0.0,0.0,0.0,0.0,0.0,0.0
3,0.054,9,360.23433833930886,100.0,100.0,563.0,72.71933387455256,15.255165071352218,1455.0,248.5621439985439,53.87961595966055,224.0,36.46140770551188,7.5369637953768684,16.0,1.6000000000000003,0.1600000000000001,111.0,0.7253197118359712,0.00529406721536352
4,0.0,15,360.0532312987864,200.0,0.0,570.0,66.73444792835399,12.959627527913634,1677.0,285.7120700350031,61.34231153839005,44.0,7.573945482298399,1.6074388348916386,0.0,0.0,0.0,0.0,0.0,0.0
5,0.0,9,360.00210015406776,200.0,100.0,575.0,73.14766113170754,16.05840022560329,1258.0,213.8251430048853,46.124831530045,432.0,73.11109037611465,15.681307963408498,0.0,0.0,0.0,0.0,0.0,0.0
6,0.0,6,360.0644870350285,300.0,0.0,570.0,71.49465021377151,15.27439811445611,1526.0,257.88926605371245,54.875548051931986,175.0,30.627880499602476,6.575254104469626,0.0,0.0,0.0,0.0,0.0,0.0
7,0.054,7,360.51536722068397,300.0,100.0,554.0,72.57810476315237,16.170247197120652,1428.0,242.24225883368695,52.03128405943479,253.0,42.93370655755775,9.120040423219352,14.0,1.4000000000000001,0.14000000000000007,104.0,0.9125603985047276,0.009452160493827171
