id,probability_maraud,successful_mating,next_foraging_time,x_pos,y_pos,foraging_events,foraging_hrs,foraging_sqhrs,staying_events,staying_hrs,staying_sqhrs,repairing_events,repairing_hrs,repairing_sqhrs,marauding_events,marauding_hrs,marauding_sqhrs,traveling_events,traveling_hrs,traveling_sqhrs
0,0.054,15,360.47798981682115,0.0,0.0,565.0,73.91223454018677,15.95340218040382,1552.0,259.45091586205024,55.36091907796904,149.0,24.203787787004693,5.179213293244001,18.0,1.8000000000000005,0.1800000000000001,86.0,0.7854910799157954,0.008294753086419759
1,0.0,7,359.8650704502523,0.0,100.0,570.0,71.87083565280675,14.94274869849871,1337.0,227.1542834439916,49.014729465702686,362.0,60.98572183353414,12.97310931517931,0.0,0.0,0.0,0.0,0.0,0.0
2,0.054,13,360.3534045699449,100.0,0.0,566.0,69.31857879743228,13.616760593540121,1558.0,264.1962556416887,56.87438861904132,128.0,24.55723208668195,5.7199551380129945,14.0,1.4000000000000001,0.14000000000000007,83.0,0.545341015536159,0.0039008916323731153
3,0.054,6,360.0156429288471,100.0,100.0,553.0,68.81013708576063,14.482495539093915,1496.0,252.475357666259,54.90631554310927,219.0,36.899221455515836,8.03555548932087,15.0,1.5000000000000002,0.15000000000000008,86.0,0.5757699091398067,0.004243827160493829
4,0.0,9,360.3584793791461,200.0,0.0,563.0,71.92973601985524,15.357142400555606,1342.0,227.36750376116657,49.147581723395675,373.0,60.75200838928178,12.747929410334493,0.0,0.0,0.0,0.0,0.0,0.0
5,0.0,10,360.5872272024949,200.0,100.0,573.0,67.23146986583878,13.34982313876456,1660.0,274.47194840774836,57.9279368196071,101.0,18.350914847750865,3.993098567139217,0.0,0.0,0.0,0.0,0.0,0.0
6,0.0,4,359.9919728304828,300.0,0.0,554.0,70.56227259281098,15.897683274836535,1471.0,246.78728984955686,53.18723876364686,241.0,42.7372387197642,9.365547739614291,0.0,0.0,0.0,0.0,0.0,0.0
7,0.0,8,360.4446317379856,300.0,100.0,551.0,73.00112233628704,15.999454387267356,1593.0,269.02583499373236,57.224513717432046,106.0,18.239469430411003,3.971528505561902,0.0,0.0,0.0,0.0,0.0,0.0
