id,probability_maraud,successful_mating,next_foraging_time,x_pos,y_pos,foraging_events,foraging_hrs,foraging_sqhrs,staying_events,staying_hrs,staying_sqhrs,repairing_events,repairing_hrs,repairing_sqhrs,marauding_events,marauding_hrs,marauding_sqhrs,traveling_events,traveling_hrs,traveling_sqhrs
0,0.0,9,360.39016130547606,0.0,0.0,579.0,70.3092197549718,14.466720600173542,1597.0,265.1203564260541,56.00637920464681,156.0,24.577025303263145,5.114963848539067,0.0,0.0,0.0,0.0,0.0,0.0
1,0.0,4,360.0789285993156,0.0,100.0,565.0,72.24288661720205,16.47924433771453,1522.0,257.43869579399677,54.90776100918934,175.0,30.405563043455928,6.499407765653343,0.0,0.0,0.0,0.0,0.0,0.0
2,0.054,10,359.97125441359276,100.0,0.0,584.0,67.74288899089527,12.800752701051469,1498.0,247.61870086052116,51.88034431435906,263.0,42.792806434278965,9.075903196733135,12.0,1.2,0.12000000000000005,100.0,0.6627414112415865,0.0048225308641975375
3,0.054,7,360.19912003634346,100.0,100.0,568.0,72.01482857647986,15.127845992891391,1469.0,249.1102477268602,53.657725647752315,226.0,36.78302014959964,7.716485460202892,17.0,1.7000000000000004,0.1700000000000001,85.0,0.532155157880582,0.0037079903978052163
4,0.0,10,360.67871852694645,200.0,0.0,575.0,71.19441402662564,14.91979552088885,1387.0,239.81556516948456,52.23461880518077,284.0,49.15236791972186,10.684287674995844,0.0,0.0,0.0,0.0,0.0,0.0
5,0.0,10,360.9412065348351,200.0,100.0,571.0,75.067760797729,16.936963298057666,1611.0,266.94958288283124,56.40939246191906,108.0,18.223602453306114,4.190073684040002,0.0,0.0,0.0,0.0,0.0,0.0
6,0.054,11,359.9636021417414,300.0,0.0,566.0,72.21979312399452,14.820295037049709,1559.0,261.26529168407063,55.16247536459323,149.0,24.442160861114317,5.1641804344005955,14.0,1.4000000000000001,0.14000000000000007,81.0,0.7422305546880399,0.007908950617283955
7,0.0,11,360.4204456901041,300.0,100.0,561.0,70.46617831973998,14.48613994381071,1477.0,253.09672640140946,54.904345914213664,213.0,36.51797038547413,7.9483574133040635,0.0,0.0,0.0,0.0,0.0,0.0
