id,probability_maraud,successful_mating,next_foraging_time,x_pos,y_pos,foraging_events,foraging_hrs,foraging_sqhrs,staying_events,staying_hrs,staying_sqhrs,repairing_events,repairing_hrs,repairing_sqhrs,marauding_events,marauding_hrs,marauding_sqhrs,traveling_events,traveling_hrs,traveling_sqhrs
0,0.0,10,360.4693553322598,0.0,0.0,575.0,68.72523662458882,13.056399914901977,1437.0,242.060861605924,51.706266739403844,285.0,49.260088191655406,10.90560221298204,0.0,0.0,0.0,0.0,0.0,0.0
1,0.0,12,360.2631569484575,0.0,100.0,565.0,72.95884587456428,15.741919883903668,1560.0,262.8134289043824,56.59937803626155,147.0,24.526260161469136,5.109266581031355,0.0,0.0,0.0,0.0,0.0,0.0
2,0.0,10,360.0214385077756,100.0,0.0,565.0,73.34736926105201,15.649914306483819,1515.0,260.2379041843296,56.24663806462049,157.0,26.524707235539914,5.597490585587758,0.0,0.0,0.0,0.0,0.0,0.0
3,0.054,12,360.41773508715806,100.0,100.0,560.0,72.8391243727256,15.523659900113527,1457.0,242.69540977943223,51.55346612248568,252.0,42.605981282817595,9.254603343455042,15.0,1.5000000000000002,0.15000000000000008,73.0,0.47877525812305355,0.0034507887517146786
4,0.0,8,360.2689031442188,200.0,0.0,566.0,69.3765034096101,13.857129572842185,1471.0,248.01015241600265,53.31510937675399,265.0,42.8427397698313,8.834402079396362,0.0,0.0,0.0,0.0,0.0,0.0
5,0.0,7,360.15995548274856,200.0,100.0,570.0,71.77415914180118,14.813569228777462,1452.0,243.31819258687673,51.50115058987107,269.0,44.99004869716901,9.332239646357957,0.0,0.0,0.0,0.0,0.0,0.0
6,0.054,8,360.40989188681016,300.0,0.0,558.0,70.72118100455188,15.686050633803152,1442.0,249.83377247852897,53.556371795000516,220.0,36.47310355908266,7.550870788499189,22.0,2.2000000000000006,0.22000000000000014,87.0,0.7853191463054716,0.008316186556927308
7,0.054,5,360.1667611152256,300.0,100.0,563.0,72.03267261338087,14.864420293897847,1534.0,255.43736403139775,54.57910416564157,181.0,30.581878818106716,6.610079290604599,13.0,1.3,0.13000000000000006,79.0,0.6752299252667455,0.006837277091906728
