id,probability_maraud,successful_mating,next_foraging_time,x_pos,y_pos,foraging_events,foraging_hrs,foraging_sqhrs,staying_events,staying_hrs,staying_sqhrs,repairing_events,repairing_hrs,repairing_sqhrs,marauding_events,marauding_hrs,marauding_sqhrs,traveling_events,traveling_hrs,traveling_sqhrs
0,0.054,12,360.26019571907773,0.0,0.0,568.0,74.0751884521482,16.075140361926792,1691.0,277.87773497104257,58.90074383869238,47.0,6.163545720025483,1.0658033096828512,12.0,1.2,0.12000000000000005,106.0,0.9017377098955806,0.009152091906721541
1,0.0,8,360.38571266224756,0.0,100.0,578.0,70.06361655074828,13.48076871288988,1609.0,271.79912211660417,57.76284949930092,117.0,18.27730706460754,3.7373660369321957,0.0,0.0,0.0,0.0,0.0,0.0
2,0.0,11,360.12911742018696,100.0,0.0,565.0,66.53002409402495,13.646376986040643,1594.0,270.54163730163543,58.488834692864316,141.0,23.022260011381068,4.772182815465217,0.0,0.0,0.0,0.0,0.0,0.0
3,0.0,14,360.0421819382184,100.0,100.0,560.0,71.55648544643492,14.454322840871304,1568.0,263.7923383744652,57.17925760374599,144.0,24.671547843882603,5.561820046402463,0.0,0.0,0.0,0.0,0.0,0.0
4,0.054,8,360.4205111335264,200.0,0.0,561.0,69.68212893391065,14.247726488465327,1609.0,270.3624265962865,57.96208210174938,116.0,18.08606484990528,3.6163641767996344,13.0,1.3,0.13000000000000006,89.0,0.5738218245472486,0.004115226337448563
5,0.054,10,360.4340972008114,200.0,100.0,574.0,71.57982602373856,15.334013523366831,1529.0,256.45411638019834,54.76303102352972,186.0,30.504239137621408,6.4309484044365774,11.0,1.0999999999999999,0.11000000000000004,74.0,0.4910755092781108,0.0035579561042524003
6,0.0,5,360.47302121415345,300.0,0.0,553.0,71.68551736083795,15.091717223740119,1354.0,233.5821908690356,50.438061737746594,330.0,54.82521251894634,11.60107112553713,0.0,0.0,0.0,0.0,0.0,0.0
7,0.0,4,360.28546121298996,300.0,100.0,573.0,70.68779555025927,14.669783965783166,1463.0,246.64871701527895,52.90680913743396,249.0,42.78039686965061,9.458555230214868,0.0,0.0,0.0,0.0,0.0,0.0
