id,probability_maraud,successful_mating,next_foraging_time,x_pos,y_pos,foraging_events,foraging_hrs,foraging_sqhrs,staying_events,staying_hrs,staying_sqhrs,repairing_events,repairing_hrs,repairing_sqhrs,marauding_events,marauding_hrs,marauding_sqhrs,traveling_events,traveling_hrs,traveling_sqhrs
0,0.054,12,360.09798627691015,0.0,0.0,569.0,68.52289689165812,14.432447746892283,1523.0,258.8917927004445,55.7452112680634,186.0,30.544208511747524,6.289301327086659,14.0,1.4000000000000001,0.14000000000000007,78.0,0.6588190207615064,0.006430041152263379
1,0.0,14,360.44577560894214,0.0,100.0,556.0,72.0294387414365,15.152882555114811,1649.0,275.9099206321833,58.77590380339876,75.0,12.09888067060801,2.4843747996161616,0.0,0.0,0.0,0.0,0.0,0.0
2,0.0,6,360.3138131456498,100.0,0.0,553.0,67.91505055635446,13.944659836559657,1533.0,261.62788535756243,55.94444982357383,184.0,30.522787786161537,6.466251340890312,0.0,0.0,0.0,0.0,0.0,0.0
3,0.0,8,360.220190194811,100.0,100.0,573.0,75.88944259373666,17.301315795133412,1433.0,235.38011086341706,49.4359491514026,281.0,49.0066072125904,10.458999479269218,0.0,0.0,0.0,0.0,0.0,0.0
4,0.054,12,360.3993069754059,200.0,0.0,559.0,67.56638283368126,14.474687034902596,1495.0,253.33073444137017,54.78928466535646,213.0,36.91807702226792,8.365666431432466,17.0,1.7000000000000004,0.1700000000000001,86.0,0.5635000871959508,0.004072359396433472
5,0.054,4,359.8372696849114,200.0,100.0,577.0,71.2620498987258,14.209901519782925,1606.0,274.7971660752357,58.90931650546993,75.0,12.186069603812632,2.623843554116503,12.0,1.2,0.12000000000000005,93.0,0.6040434173481765,0.004350994513031553
6,0.0,6,360.1630733887035,300.0,0.0,572.0,66.62647623157557,12.92387365545842,1489.0,250.40005462537977,53.605190586455485,254.0,43.13783186157808,9.213106288754306,0.0,0.0,0.0,0.0,0.0,0.0
7,0.0,10,360.03273393297695,300.0,100.0,568.0,67.45419484727327,13.04284026256675,1446.0,243.69424699459918,51.80827234168572,296.0,49.03260034963078,10.126807208417262,0.0,0.0,0.0,0.0,0.0,0.0
