id,probability_maraud,successful_mating,next_foraging_time,x_pos,y_pos,foraging_events,foraging_hrs,foraging_sqhrs,staying_events,staying_hrs,staying_sqhrs,repairing_events,repairing_hrs,repairing_sqhrs,marauding_events,marauding_hrs,marauding_sqhrs,traveling_events,traveling_hrs,traveling_sqhrs
0,0.0,7,360.1785067933924,0.0,0.0,561.0,68.45533360945235,13.882345755550892,1561.0,268.04200508687234,57.433924317559644,141.0,23.53799441086313,4.9763679011428525,0.0,0.0,0.0,0.0,0.0,0.0
1,0.054,4,360.15808313491044,0.0,100.0,560.0,70.64800419358863,14.679238295120062,1497.0,251.35993008119587,53.670121425765934,215.0,36.43046485221357,7.976131630773644,10.0,0.9999999999999999,0.10000000000000003,79.0,0.7351469512268078,0.007951817558299046
2,0.0,8,360.6429850797257,100.0,0.0,574.0,70.97223732034709,14.489833927082957,1437.0,246.32078639555345,53.230569706150646,253.0,42.76329568235743,9.097828659978996,0.0,0.0,0.0,0.0,0.0,0.0
3,0.0,15,360.2881688157077,100.0,100.0,570.0,67.84828836626717,13.675076010255642,1499.0,255.5667278839658,54.903584186055845,197.0,36.67246312582785,8.209326927631892,0.0,0.0,0.0,0.0,0.0,0.0
4,0.0,11,360.24881801989505,200.0,0.0,582.0,69.94280496576008,14.51759371477013,1512.0,252.10554122957328,53.71465891299045,228.0,38.019971044535396,7.868785320540181,0.0,0.0,0.0,0.0,0.0,0.0
5,0.0,8,360.32266070573985,200.0,100.0,569.0,71.51956869162973,15.792550027755745,1261.0,215.61139783104662,46.76148468946935,421.0,73.0432086865795,16.08214189167678,0.0,0.0,0.0,0.0,0.0,0.0
6,0.054,12,360.04817906829044,300.0,0.0,549.0,72.07684563452071,15.636837145118436,1613.0,272.7602331584852,57.93673247708698,70.0,12.314204235291882,2.7149629769881143,22.0,2.2000000000000006,0.22000000000000014,87.0,0.732981937085665,0.0072016460905349865
7,0.054,7,360.1958125918166,300.0,100.0,553.0,69.64299020176315,15.13843115600555,1614.0,269.9713963753376,56.20737662432256,102.0,18.163186460267376,4.110273356013974,15.0,1.5000000000000002,0.15000000000000008,88.0,0.8166079551772636,0.008766289437585742
