id,probability_maraud,successful_mating,next_foraging_time,x_pos,y_pos,foraging_events,foraging_hrs,foraging_sqhrs,staying_events,staying_hrs,staying_sqhrs,repairing_events,repairing_hrs,repairing_sqhrs,marauding_events,marauding_hrs,marauding_sqhrs,traveling_events,traveling_hrs,traveling_sqhrs
0,0.0,13,360.14761110606275,0.0,0.0,567.0,68.58919383411757,13.51673988912615,1580.0,267.2626465148712,56.89891401967768,144.0,24.20516507553557,5.353308762956908,0.0,0.0,0.0,0.0,0.0,0.0
1,0.054,7,359.9372148682639,0.0,100.0,574.0,65.26841392971205,12.07335846996089,1578.0,267.71435148269774,57.50829096069535,152.0,25.00369607282808,5.153895768900186,14.0,1.4000000000000001,0.14000000000000007,90.0,0.7273902628950342,0.007137345679012352
2,0.054,12,360.2152086240796,100.0,0.0,569.0,71.38803994269927,14.472173394019627,1524.0,255.7005546271369,54.47894065681898,184.0,30.58169197147565,6.320649062930254,17.0,1.7000000000000004,0.1700000000000001,103.0,0.6855402713394599,0.005101165980795617
3,0.0,5,359.84733583011035,100.0,100.0,563.0,70.16960302875661,13.517114323269432,1307.0,222.54173157884142,48.031251834188815,405.0,67.43855708297643,14.273670584759621,0.0,0.0,0.0,0.0,0.0,0.0
4,0.054,9,359.9604473878212,200.0,0.0,560.0,70.95986274407842,16.272397138593327,1544.0,262.3436246468915,56.3022384570353,145.0,24.30585329009176,5.119703803117912,18.0,1.8000000000000005,0.1800000000000001,91.0,0.6125185165489719,0.004586762688614544
5,0.0,6,360.15611211110604,200.0,100.0,558.0,70.82637567576495,14.434305388845234,1434.0,246.52549894322965,53.55613957488749,251.0,42.66803622433782,8.977848683881891,0.0,0.0,0.0,0.0,0.0,0.0
6,0.0,7,360.20484893774517,300.0,0.0,547.0,67.10709368790846,12.553553130756898,1533.0,262.4021858493617,56.7995541063198,178.0,30.60049135002765,6.658234720983451,0.0,0.0,0.0,0.0,0.0,0.0
7,0.0,13,360.70950584078133,300.0,100.0,559.0,72.53486515550853,15.92839233455686,1454.0,242.03194715834243,51.20800552365114,272.0,45.90399293582903,9.680386128424686,0.0,0.0,0.0,0.0,0.0,0.0
