id,probability_maraud,successful_mating,next_foraging_time,x_pos,y_pos,foraging_events,foraging_hrs,foraging_sqhrs,staying_events,staying_hrs,staying_sqhrs,repairing_events,repairing_hrs,repairing_sqhrs,marauding_events,marauding_hrs,marauding_sqhrs,traveling_events,traveling_hrs,traveling_sqhrs
0,0.054,11,360.3426298369527,0.0,0.0,566.0,71.14193672834514,15.808370255398469,1379.0,231.39086361041157,49.501776262045105,314.0,54.922580974584335,12.275135461591594,18.0,1.8000000000000005,0.1800000000000001,91.0,0.7832928611197132,0.007951817558299044
1,0.054,7,360.3790887562786,0.0,100.0,571.0,72.74058479033434,14.700509810438392,1360.0,231.4075517345728,49.23540017104273,320.0,55.04295936002499,11.894970794586387,4.0,0.4,0.04000000000000001,51.0,0.5106780559757033,0.005808470507544584
2,0.054,11,360.5086572758334,100.0,0.0,564.0,72.40371820886983,15.218975788281856,1189.0,200.36336148028593,42.768098139286955,517.0,85.99978275971685,17.976032059583915,11.0,1.0999999999999999,0.11000000000000004,57.0,0.35529287862603004,0.002443415637860081
3,0.054,10,360.6117000595796,100.0,100.0,563.0,70.73273684845805,14.763109227821515,1336.0,220.10057055819317,46.38360003275354,397.0,67.41534205001358,14.212504463526601,12.0,1.2,0.12000000000000005,89.0,0.5915460241988514,0.004350994513031555
4,0.0,11,360.5474061019201,200.0,0.0,551.0,72.34889241462702,15.623386042672612,1144.0,195.76922127661123,42.58700058455448,561.0,91.8883326374937,19.463174246033102,0.0,0.0,0.0,0.0,0.0,0.0
5,0.054,8,360.5092309650451,200.0,100.0,576.0,72.25870482496397,15.166669058225079,1121.0,194.24690262549376,42.17027986719248,543.0,91.46023530362598,19.240240999835436,16.0,1.6000000000000003,0.1600000000000001,73.0,0.4687216799968785,0.003300754458161867
6,0.054,8,360.4475565377002,300.0,0.0,572.0,69.64414223110313,15.081053155737955,1324.0,225.88279124880174,48.132744309642106,365.0,61.9992498831487,13.511442254533561,19.0,1.9000000000000006,0.1900000000000001,83.0,0.694267420064712,0.006815843621399182
7,0.054,6,360.341163884329,300.0,100.0,559.0,69.0913221853548,13.995078182657695,1293.0,221.7381771178299,48.14656638021191,403.0,67.289597357515,14.487514627390135,15.0,1.5000000000000002,0.15000000000000008,75.0,0.6264420425653004,0.006215706447187934
