id,probability_maraud,successful_mating,next_foraging_time,x_pos,y_pos,foraging_events,foraging_hrs,foraging_sqhrs,staying_events,staying_hrs,staying_sqhrs,repairing_events,repairing_hrs,repairing_sqhrs,marauding_events,marauding_hrs,marauding_sqhrs,traveling_events,traveling_hrs,traveling_sqhrs
0,0.054,8,360.0023277051186,0.0,0.0,567.0,71.42909597038717,14.984320364970678,1155.0,195.68929798895272,42.10266685894254,535.0,91.39838169993538,19.13401485347401,10.0,0.9999999999999999,0.10000000000000003,60.0,0.5273451983648944,0.005358367626886148
1,0.054,8,360.44241557501283,0.0,100.0,558.0,67.64214555895802,13.050426566315453,1406.0,235.9753307144122,50.527748988713924,324.0,54.876908124714475,11.62729543440634,10.0,0.9999999999999999,0.10000000000000003,74.0,0.615839058948476,0.0061514060356653
2,0.054,7,360.14450232286504,100.0,0.0,574.0,70.25458536157647,14.296871283255678,1235.0,203.57682014999673,43.10997768507002,520.0,84.55937662048052,17.690835050364896,14.0,1.4000000000000001,0.14000000000000007,61.0,0.42564324718789864,0.0032793209876543212
3,0.054,12,360.5380134060568,100.0,100.0,577.0,68.60822205131392,13.081958972745776,1345.0,229.3344619914517,49.323396809908516,363.0,60.89732144233153,12.819809971960531,7.0,0.7,0.07,74.0,0.4880345173823127,0.0035365226337448563
4,0.054,12,360.1359734422188,200.0,0.0,573.0,67.26476716783068,13.051228836894897,1319.0,223.29560993045567,48.126126038790176,412.0,67.27402378036822,13.767412495369914,17.0,1.7000000000000004,0.1700000000000001,70.0,0.4801058954402147,0.003643689986282581
5,0.054,6,359.9601876354347,200.0,100.0,574.0,70.3912697205658,14.283415762343944,1365.0,226.79318813328726,47.63212748243218,375.0,61.341976022129906,12.900111041501654,12.0,1.2,0.12000000000000005,80.0,0.5201839243730497,0.0037508573388203036
6,0.0,10,360.4593546754667,300.0,0.0,573.0,71.3670371450304,14.446624592040095,1375.0,227.87473141605855,48.39247081307358,359.0,61.06236318462384,12.995976387825962,0.0,0.0,0.0,0.0,0.0,0.0
7,0.054,9,360.43611399254866,300.0,100.0,560.0,69.0076050016914,14.702150548195824,1309.0,220.94516022226938,47.23019620548376,390.0,67.66873022880381,14.800051198105928,20.0,2.0000000000000004,0.20000000000000012,74.0,0.6647714214951508,0.006837277091906727
