id,probability_maraud,successful_mating,next_foraging_time,x_pos,y_pos,foraging_events,foraging_hrs,foraging_sqhrs,staying_events,staying_hrs,staying_sqhrs,repairing_events,repairing_hrs,repairing_sqhrs,marauding_events,marauding_hrs,marauding_sqhrs,traveling_events,traveling_hrs,traveling_sqhrs
0,0.054,12,359.87310890574673,0.0,0.0,556.0,71.23341365155346,15.159202900494416,1473.0,249.51042284783287,53.56600078638893,214.0,36.87774579093464,8.018227098253124,17.0,1.7000000000000004,0.1700000000000001,77.0,0.70087732603082,0.007480281207133065
1,0.0,11,360.1294397467433,0.0,100.0,561.0,70.77571470623482,15.837627554566167,1393.0,240.66258075704732,52.29014291373815,263.0,48.676499787553574,10.991277432241612,0.0,0.0,0.0,0.0,0.0,0.0
2,0.054,4,360.05062389999273,100.0,0.0,560.0,68.70643349502794,14.016417771485557,1246.0,207.88430999786067,43.64059662067088,467.0,82.46168457836076,17.87953876947795,7.0,0.7,0.07,60.0,0.3990090763273113,0.002872085048010973
3,0.054,13,360.31314796634996,100.0,100.0,567.0,71.10817382109146,14.304916966425713,1426.0,238.18069524783334,50.45997014996507,288.0,49.08091969178338,10.57978545852779,13.0,1.3,0.13000000000000006,72.0,0.4550299331022574,0.0031721536351165982
4,0.054,9,360.0279800636135,200.0,0.0,575.0,70.54670595742448,14.428050464559021,1422.0,238.74003977366607,51.07883464900458,291.0,49.18266571037231,10.463034652231531,11.0,1.0999999999999999,0.11000000000000004,78.0,0.5008609281791633,0.0035150891632373124
5,0.054,5,360.37570978511934,200.0,100.0,551.0,69.25752451071398,13.926142575975636,1400.0,240.6057248390967,52.90237081953728,291.0,48.87895185979363,10.798616766919467,9.0,0.8999999999999999,0.09000000000000002,80.0,0.5008609281791634,0.0034293552812071355
6,0.054,10,359.95902141189003,300.0,0.0,574.0,70.46425319310781,15.073469825969772,1306.0,220.06293853850792,46.810332724773396,425.0,67.54007991528188,13.767031466871778,14.0,1.4000000000000001,0.14000000000000007,63.0,0.5584823440291111,0.005808470507544585
7,0.054,8,360.3909515723513,300.0,100.0,562.0,68.82782582180812,13.974348747637215,1225.0,204.48870316625073,43.02205889635204,492.0,85.76869621196046,18.342906777333933,6.0,0.6,0.06000000000000001,56.0,0.4622926535361583,0.004543895747599452
