id,probability_maraud,successful_mating,next_foraging_time,x_pos,y_pos,foraging_events,foraging_hrs,foraging_sqhrs,staying_events,staying_hrs,staying_sqhrs,repairing_events,repairing_hrs,repairing_sqhrs,marauding_events,marauding_hrs,marauding_sqhrs,traveling_events,traveling_hrs,traveling_sqhrs
0,0.054,10,360.45057052885585,0.0,0.0,565.0,68.96577254226315,13.893821591682256,1234.0,210.21884686997308,45.274897018892105,468.0,79.35123552241195,17.198859079145215,11.0,1.0999999999999999,0.11000000000000004,64.0,0.5847090966466042,0.006280006858710565
1,0.054,11,360.17841267811747,0.0,100.0,565.0,71.10069215765118,14.640969372029955,1305.0,220.9647099884819,47.335591565668224,406.0,66.61763292811824,14.080517673395754,9.0,0.8999999999999999,0.09000000000000002,60.0,0.5299102473844177,0.005444101508916327
2,0.054,7,360.3082078169769,100.0,0.0,562.0,71.7401106271111,16.214224700896832,1280.0,219.27727603200378,47.58723005810141,421.0,67.02005389185457,13.693959027690228,15.0,1.5000000000000002,0.15000000000000008,72.0,0.47715619117802066,0.0034722222222222233
3,0.054,6,360.02536605574704,100.0,100.0,564.0,71.09274709728344,14.285683437551493,1295.0,214.17403884177057,45.23825467334697,441.0,73.50614166020817,15.391370637080763,8.0,0.7999999999999999,0.08000000000000002,73.0,0.4405438673407206,0.002936385459533609
4,0.054,7,360.1313655916519,200.0,0.0,570.0,68.83940235013299,13.309397193535181,1420.0,241.10386886952412,51.60442749259639,301.0,48.70068996236985,10.234481249079971,9.0,0.8999999999999999,0.09000000000000002,80.0,0.5531174914222501,0.004200960219478739
5,0.054,12,360.11524180711183,200.0,100.0,568.0,68.53314317288232,14.58356438680773,1345.0,226.84764127015248,48.767672862024476,367.0,62.27620623491268,13.365268795317663,18.0,1.8000000000000005,0.1800000000000001,94.0,0.6155189204251166,0.004458161865569276
6,0.054,10,360.3316751113433,300.0,0.0,570.0,74.10628287882852,16.834078782528415,1294.0,222.51040670380982,48.88122378332435,371.0,61.242398979179065,12.788828442079812,14.0,1.4000000000000001,0.14000000000000007,93.0,0.8039791692231132,0.008144718792866948
7,0.0,9,360.4322100969538,300.0,100.0,553.0,69.35323373664406,14.245906418981278,1415.0,242.28275930925545,52.99854458534792,299.0,48.463455047883286,10.357346564626113,0.0,0.0,0.0,0.0,0.0,0.0
