id,probability_maraud,successful_mating,next_foraging_time,x_pos,y_pos,foraging_events,foraging_hrs,foraging_sqhrs,staying_events,staying_hrs,staying_sqhrs,repairing_events,repairing_hrs,repairing_sqhrs,marauding_events,marauding_hrs,marauding_sqhrs,traveling_events,traveling_hrs,traveling_sqhrs
0,0.0,13,360.06210383188494,0.0,0.0,564.0,69.27825221040803,14.327629045637336,1378.0,229.44640524966465,48.07540580554439,370.0,61.47443012076569,12.979344822932086,0.0,0.0,0.0,0.0,0.0,0.0
1,0.054,9,360.39227294673793,0.0,100.0,563.0,68.82106336639944,14.308978957682926,1607.0,270.281658003426,57.82328082670459,98.0,18.220294439927784,4.307041732347235,20.0,2.0000000000000004,0.20000000000000012,92.0,0.773241045526257,0.00782321673525378
2,0.054,9,359.9747716573455,100.0,0.0,565.0,70.82212972267746,14.265486486058442,1333.0,232.98544167284987,50.97275635133393,307.0,54.949015227574414,12.56935044004101,10.0,0.9999999999999999,0.10000000000000003,74.0,0.4894260131218766,0.0035579561042524024
3,0.054,10,360.15406780775885,100.0,100.0,575.0,70.9150199583224,14.551045755662406,1172.0,195.99076909590062,41.538931550445646,522.0,91.60016894140716,20.159506534366724,10.0,0.9999999999999999,0.10000000000000003,78.0,0.5051716989697198,0.0036436899862825815
4,0.054,11,360.33383981926016,200.0,0.0,563.0,67.59784853491549,14.113013878862152,1252.0,211.0540058303477,45.49315429784213,476.0,79.81237623855333,16.940556572265315,11.0,1.0999999999999999,0.11000000000000004,81.0,0.5177603797526489,0.0036222565157750346
5,0.054,6,360.2403880527253,200.0,100.0,565.0,69.39888362050291,13.7012135837636,1029.0,173.74377996918736,36.73258360504845,680.0,115.5070839495049,24.727186172085073,11.0,1.0999999999999999,0.11000000000000004,59.0,0.37328523750275566,0.0026148834019204406
6,0.054,9,360.2637984591879,300.0,0.0,557.0,73.12977698191142,16.265090660560716,1399.0,231.27858933692067,49.08037517372724,326.0,53.989704258544016,11.326735938280656,11.0,1.0999999999999999,0.11000000000000004,70.0,0.5954763476629753,0.006022805212620031
7,0.054,5,359.75806846728506,300.0,100.0,574.0,74.13180238378715,15.85488424287635,1334.0,228.93716300500114,49.40421217119652,318.0,54.80783462338064,11.816472204862675,14.0,1.4000000000000001,0.14000000000000007,89.0,0.7436369000007267,0.007566015089163246
