id,probability_maraud,successful_mating,next_foraging_time,x_pos,y_pos,foraging_events,foraging_hrs,foraging_sqhrs,staying_events,staying_hrs,staying_sqhrs,repairing_events,repairing_hrs,repairing_sqhrs,marauding_events,marauding_hrs,marauding_sqhrs,traveling_events,traveling_hrs,traveling_sqhrs
0,0.054,11,360.63730275066183,0.0,0.0,562.0,71.30368745649093,14.95494342984774,1377.0,232.22822166232612,49.785479873214676,326.0,54.90246631163765,11.798686573014132,10.0,0.9999999999999999,0.10000000000000003,63.0,0.5839882403940629,0.006280006858710566
1,0.054,7,360.6049410999322,0.0,100.0,567.0,72.09560310125376,15.849175735278774,1306.0,224.68618904273382,48.230596207119355,369.0,62.433423021335734,13.266633271243176,7.0,0.7,0.07,53.0,0.43503336918939634,0.00420096021947874
2,0.054,7,359.9768732727034,100.0,0.0,568.0,69.62969325862429,13.68774046584374,1374.0,233.23344443571304,49.805990924818495,317.0,55.06836424097346,12.03595671574378,16.0,1.6000000000000003,0.1600000000000001,86.0,0.5441263913881138,0.0038365912208504823
3,0.054,7,360.15243833024397,100.0,100.0,558.0,73.63087803381141,16.580752162454942,1287.0,217.519782295473,46.39412232171715,421.0,67.23773543913244,13.498062409772006,12.0,1.2,0.12000000000000005,81.0,0.49970716245352087,0.0034079218106995907
4,0.054,11,359.9963671723129,200.0,0.0,574.0,69.07785679966429,13.407393581935812,1423.0,240.74662512453727,51.543428423804414,283.0,48.78554586360007,10.574744640609008,9.0,0.8999999999999999,0.09000000000000002,80.0,0.5024901539326484,0.003493655692729769
5,0.0,13,360.1331844019323,200.0,100.0,558.0,75.25261138600791,16.504640001948886,1086.0,186.65509988716622,40.163726882540516,590.0,98.20374285350654,20.743325966910586,0.0,0.0,0.0,0.0,0.0,0.0
6,0.054,6,360.0193382973324,300.0,0.0,567.0,67.58242144417433,13.950849266238878,1528.0,263.2909105141589,57.70940786101536,169.0,27.61772636623473,5.759552263652776,10.0,0.9999999999999999,0.10000000000000003,87.0,0.6956183277846226,0.006730109739369004
7,0.054,10,359.93780113842246,300.0,100.0,564.0,72.58401269308322,16.570044912377845,1392.0,237.61940200426886,50.893014079832064,290.0,47.86235604687639,9.937130816324636,13.0,1.3,0.13000000000000006,70.0,0.6349876289343638,0.006751543209876548
