id,probability_maraud,successful_mating,next_foraging_time,x_pos,y_pos,foraging_events,foraging_hrs,foraging_sqhrs,staying_events,staying_hrs,staying_sqhrs,repairing_events,repairing_hrs,repairing_sqhrs,marauding_events,marauding_hrs,marauding_sqhrs,traveling_events,traveling_hrs,traveling_sqhrs
0,0.054,8,360.11980045508875,0.0,0.0,568.0,70.56308321526964,15.360155103759746,1416.0,238.64243013836614,51.33941662233308,295.0,49.19116425948629,10.629527933576956,11.0,1.0999999999999999,0.11000000000000004,86.0,0.7129650555558996,0.007115912208504808
1,0.054,12,359.99304531657606,0.0,100.0,588.0,69.61375575101474,14.418780657465824,1384.0,233.79008548173246,49.89341860479854,326.0,54.60330604735622,11.802550561254812,14.0,1.4000000000000001,0.14000000000000007,75.0,0.6755965554878175,0.007201646090534985
2,0.054,12,360.10729281306845,100.0,0.0,580.0,68.31699191536292,13.277175563085027,1252.0,214.18763316514398,45.945905849477505,457.0,75.76121282148615,15.721090868082262,13.0,1.3,0.13000000000000006,81.0,0.5446627098383591,0.004093792866941019
3,0.054,11,360.12836542513105,100.0,100.0,557.0,73.16619131382227,16.404918222200696,1355.0,227.03063732361383,48.64331073074898,341.0,57.96177094923498,12.517042241520796,15.0,1.5000000000000002,0.15000000000000008,89.0,0.5484574325814195,0.0037722908093278497
4,0.054,9,360.10065018701465,200.0,0.0,566.0,67.95608620133183,13.835698912998756,1226.0,205.4028183775843,44.185291642992794,526.0,85.2470564536938,17.926327546852143,12.0,1.2,0.12000000000000005,63.0,0.4031125463151479,0.002807784636488341
5,0.054,5,360.50225386257057,200.0,100.0,569.0,69.2160309187695,15.088221272572373,1226.0,204.2097600112828,43.13627911906205,513.0,85.44789675447178,18.148220605602486,10.0,0.9999999999999999,0.10000000000000003,65.0,0.3994439483355004,0.0027220507544581615
6,0.0,7,359.95689401094285,300.0,0.0,557.0,71.01542399707245,15.456380092912408,1463.0,246.50648078096665,52.89427201159252,255.0,42.67332185288189,9.15022082598102,0.0,0.0,0.0,0.0,0.0,0.0
7,0.054,8,360.2491257914762,300.0,100.0,563.0,69.8230743538024,14.887613377901413,1307.0,221.60546250247157,47.59965835783329,406.0,66.87659797206467,14.238972166506693,11.0,1.0999999999999999,0.11000000000000004,77.0,0.6189230842474475,0.00591563786008231
