id,probability_maraud,successful_mating,next_foraging_time,x_pos,y_pos,foraging_events,foraging_hrs,foraging_sqhrs,staying_events,staying_hrs,staying_sqhrs,repairing_events,repairing_hrs,repairing_sqhrs,marauding_events,marauding_hrs,marauding_sqhrs,traveling_events,traveling_hrs,traveling_sqhrs
0,0.054,10,360.1440639141715,0.0,0.0,579.0,70.07095129202804,14.2616232857514,1521.0,257.4305847789298,55.38056928106537,189.0,30.189880088413087,6.146767985313342,16.0,1.6000000000000003,0.1600000000000001,91.0,0.7573897053201195,0.007458847736625523
1,0.054,18,360.56062452389045,0.0,100.0,564.0,70.17542616349802,14.24150417465703,1387.0,232.86934271829054,49.91946622520763,340.0,55.353877258086385,11.334101428148431,10.0,0.9999999999999999,0.10000000000000003,72.0,0.6535922142592288,0.006965877914951994
2,0.054,6,360.3391757270164,100.0,0.0,574.0,70.56462186987822,14.077081398455993,1196.0,203.19370471370323,43.154334900405274,503.0,85.14747355940881,18.42535370703479,8.0,0.7999999999999999,0.08000000000000002,72.0,0.4667431661931189,0.0033650548696845008
3,0.054,9,360.0654413085446,100.0,100.0,559.0,70.12059366526962,13.990627216041881,1477.0,239.86758809357352,49.970907903331614,283.0,47.80790724277322,10.194982846914634,17.0,1.7000000000000004,0.1700000000000001,87.0,0.5882470318863826,0.004436728395061731
4,0.054,7,359.98598462735225,200.0,0.0,551.0,71.6102862116711,15.299240990116761,1327.0,220.0860882658263,46.76028975481872,393.0,67.30227813968328,14.44577012759575,7.0,0.7,0.07,70.0,0.4495755553945106,0.003193587105624145
5,0.0,4,360.1604580207842,200.0,100.0,567.0,66.47461825595492,13.428766824139878,1251.0,214.08999999168702,46.228480618223614,472.0,79.4505386712288,16.804730909444057,0.0,0.0,0.0,0.0,0.0,0.0
6,0.054,11,359.97161759407567,300.0,0.0,571.0,72.54615187744093,15.750661771297812,1440.0,242.56226824928504,51.855403287688425,241.0,43.09554053686958,9.705967660070739,12.0,1.2,0.12000000000000005,81.0,0.7213691375258404,0.007651748971193421
7,0.054,7,359.7929240815535,300.0,100.0,567.0,69.24887116605585,14.215252157374447,1359.0,227.87574404028862,49.001587475802395,364.0,61.562840988603455,13.237501778646202,7.0,0.7,0.07,74.0,0.6195328653120672,0.006108539094650212
