id,probability_maraud,successful_mating,next_foraging_time,x_pos,y_pos,foraging_events,foraging_hrs,foraging_sqhrs,staying_events,staying_hrs,staying_sqhrs,repairing_events,repairing_hrs,repairing_sqhrs,marauding_events,marauding_hrs,marauding_sqhrs,traveling_events,traveling_hrs,traveling_sqhrs
0,0.054,10,361.0425966142169,0.0,0.0,566.0,72.32549021121385,14.886062970819875,1342.0,225.61977217047115,48.15076551468783,365.0,60.890367902865755,12.867886728979569,10.0,0.9999999999999999,0.10000000000000003,78.0,0.7049988210402546,0.007394547325102884
1,0.054,7,360.4568227764718,0.0,100.0,560.0,74.70573529839314,16.51439051074926,1256.0,210.33569848252952,44.85235525035998,444.0,73.65439973196932,15.351571729270262,8.0,0.7999999999999999,0.08000000000000002,84.0,0.6667172134924034,0.006301440329218112
2,0.054,12,360.1399909969113,100.0,0.0,569.0,71.64873164742386,15.961588754032427,1349.0,227.45645248956072,48.53909694496413,346.0,59.080526919235815,12.561565972295343,13.0,1.3,0.13000000000000006,80.0,0.5215348320929599,0.0037508573388203028
3,0.054,7,360.63641305223257,100.0,100.0,551.0,74.97932478871672,16.821045418441145,1253.0,210.34821620284538,45.47165753312919,422.0,72.91283542456983,15.902170880427354,14.0,1.4000000000000001,0.14000000000000007,80.0,0.543630660957522,0.004072359396433474
4,0.054,7,360.6306754570358,200.0,0.0,569.0,70.68230385759738,14.594304248633893,1325.0,220.71140722386343,46.52052002258369,401.0,66.91891613826886,14.238976353163263,13.0,1.3,0.13000000000000006,78.0,0.5044078093140053,0.003600823045267491
5,0.054,5,360.44871098457446,200.0,100.0,561.0,75.7316778500437,16.094185391878394,1271.0,210.73816632953364,44.608880586595724,429.0,71.67018732684606,15.239091536534248,15.0,1.5000000000000002,0.15000000000000008,65.0,0.4259925352381733,0.003022119341563786
6,0.0,15,360.5246441837612,300.0,0.0,548.0,71.01081640757216,15.071564723168294,1379.0,227.72111661960477,47.34540913392861,338.0,61.321455775233204,13.643731383260992,0.0,0.0,0.0,0.0,0.0,0.0
7,0.054,9,360.2440720878461,300.0,100.0,556.0,72.16814244973,16.27162073518006,1392.0,224.36751313876877,46.518991198100224,345.0,61.34098202315614,13.586949262590194,14.0,1.4000000000000001,0.14000000000000007,84.0,0.7474598065738375,0.007823216735253777
