id,probability_maraud,successful_mating,next_foraging_time,x_pos,y_pos,foraging_events,foraging_hrs,foraging_sqhrs,staying_events,staying_hrs,staying_sqhrs,repairing_events,repairing_hrs,repairing_sqhrs,marauding_events,marauding_hrs,marauding_sqhrs,traveling_events,traveling_hrs,traveling_sqhrs
0,0.054,11,360.45640963867066,0.0,0.0,577.0,73.80221124695697,15.021742534694086,1360.0,229.70824943035356,49.63941038502803,332.0,54.959875835512,11.67593771140763,9.0,0.8999999999999999,0.09000000000000002,76.0,0.6694643549307027,0.006965877914951997
1,0.054,3,360.04126282090067,0.0,100.0,578.0,69.91898855192001,14.072918447793391,1331.0,227.93029090545124,49.526663362852524,364.0,60.83104178729925,12.647134667510933,9.0,0.8999999999999999,0.09000000000000002,59.0,0.5220627542674715,0.0054012345679012395
2,0.054,9,360.33153486710495,100.0,0.0,570.0,73.59221623295146,15.710661061205437,1220.0,204.87662619032008,43.412788513784335,494.0,79.46677558400818,16.23750509982384,16.0,1.6000000000000003,0.1600000000000001,75.0,0.47500080578274256,0.0032793209876543225
3,0.0,16,360.05226669089154,100.0,100.0,550.0,74.93288185487837,16.895807439326685,1392.0,236.2501062688003,50.91405273533573,285.0,48.91534410978867,10.70668976678751,0.0,0.0,0.0,0.0,0.0,0.0
4,0.054,12,359.9950981105028,200.0,0.0,560.0,73.10882330399812,15.874044684604524,1302.0,224.1498687589807,48.755287956790866,372.0,61.11647025978497,12.62840696873773,12.0,1.2,0.12000000000000005,84.0,0.5474253837005825,0.0039223251028806605
5,0.054,4,360.2742536574888,200.0,100.0,557.0,71.22572354171878,15.176351950549279,1319.0,232.83501540789996,51.24428864329785,326.0,54.04578561887466,11.351080878902335,14.0,1.4000000000000001,0.14000000000000007,81.0,0.5005724985512918,0.0034293552812071364
6,0.054,8,360.1095641969243,300.0,0.0,560.0,73.28913604222171,15.276016577703594,1322.0,224.21642108688346,48.309705534654555,374.0,60.918664797790036,12.854439985530243,10.0,0.9999999999999999,0.10000000000000003,78.0,0.6354027133882357,0.006172839506172844
7,0.054,9,359.9048284370865,300.0,100.0,565.0,69.9690762619136,13.898990691929438,1498.0,251.83276980598006,53.69009790151592,226.0,37.08170580692997,7.6048724113010095,5.0,0.5,0.05000000000000001,87.0,0.7548622688741425,0.0077589163237311454
