id,probability_maraud,successful_mating,next_foraging_time,x_pos,y_pos,foraging_events,foraging_hrs,foraging_sqhrs,staying_events,staying_hrs,staying_sqhrs,repairing_events,repairing_hrs,repairing_sqhrs,marauding_events,marauding_hrs,marauding_sqhrs,traveling_events,traveling_hrs,traveling_sqhrs
0,0.054,8,360.00699870480645,0.0,0.0,579.0,72.09353441098291,14.98595076628022,1397.0,230.85172546260145,48.577331437832335,303.0,54.81991132794604,12.857976878154055,15.0,1.5000000000000002,0.15000000000000008,94.0,0.7732291241850863,0.0075445816186556994
1,0.054,8,360.33406531481444,0.0,100.0,572.0,71.14624119107175,14.891084488983472,1450.0,248.01666384143687,53.94301355602785,231.0,38.87745558768897,8.254880814891989,14.0,1.4000000000000001,0.14000000000000007,79.0,0.6695504217370495,0.0066658093278463715
2,0.054,6,360.30588285217306,100.0,0.0,558.0,71.37441250317089,15.186282604412128,1261.0,214.21488134005673,46.35929620080964,438.0,73.53946600693561,15.57489476539215,6.0,0.6,0.06000000000000001,61.0,0.40387643597086226,0.0029363854595336088
3,0.0,10,360.2662598908082,100.0,100.0,573.0,71.12707042718641,13.872487733713735,1152.0,197.64817208063303,42.535729076597214,535.0,91.36011607135778,19.405335608836022,0.0,0.0,0.0,0.0,0.0,0.0
4,0.054,17,360.0788492617268,200.0,0.0,565.0,71.45075960587444,14.835568296060371,1326.0,220.34299940882232,46.62591039409516,384.0,67.1425495595918,14.566257790029217,9.0,0.8999999999999999,0.09000000000000002,79.0,0.5090070097324335,0.003643689986282581
5,0.054,6,360.55890879274983,200.0,100.0,578.0,69.04675267151042,14.728249409182888,1342.0,228.43776070907506,48.93519942435665,357.0,60.89190104534268,13.114218312916432,14.0,1.4000000000000001,0.14000000000000007,60.0,0.3929270925357151,0.002829218106995885
6,0.054,7,360.113612944491,300.0,0.0,582.0,70.9512731527785,14.040805986498016,1294.0,220.15162954008943,47.41660659991447,414.0,67.15939416595867,13.608881601368113,12.0,1.2,0.12000000000000005,61.0,0.5538222851882804,0.005808470507544583
7,0.054,10,360.62839304876513,300.0,100.0,559.0,73.01481663633881,15.38346134062898,1404.0,242.6087419256503,52.160921415497064,262.0,42.56887470902422,8.768505296444202,12.0,1.2,0.12000000000000005,78.0,0.6762392111471585,0.007008744855967084
