id,probability_maraud,successful_mating,next_foraging_time,x_pos,y_pos,foraging_events,foraging_hrs,foraging_sqhrs,staying_events,staying_hrs,staying_sqhrs,repairing_events,repairing_hrs,repairing_sqhrs,marauding_events,marauding_hrs,marauding_sqhrs,traveling_events,traveling_hrs,traveling_sqhrs
0,0.054,6,359.9734104926661,0.0,0.0,581.0,68.27562438113242,13.855149590990305,1368.0,234.77291456014382,50.34351742064045,317.0,54.96081604615471,11.961191220643496,14.0,1.4000000000000001,0.14000000000000007,75.0,0.6732083780598126,0.0071159122085048074
1,0.054,7,360.4935857914271,0.0,100.0,566.0,68.44365770192232,13.634333229119301,1452.0,241.11574447363168,50.937367254299666,280.0,48.89738428053415,10.787079185605515,8.0,0.7999999999999999,0.08000000000000002,86.0,0.8156213850831199,0.008894890260631007
2,0.0,5,360.33974879403485,100.0,0.0,576.0,70.26402913851581,14.621036434344406,1474.0,253.12332447653054,55.23843997109873,227.0,36.77150446026283,7.68963914647807,0.0,0.0,0.0,0.0,0.0,0.0
3,0.054,9,360.3656957384133,100.0,100.0,565.0,70.63784224030805,14.39796191681844,1398.0,238.88372229113085,51.38534226983106,286.0,48.84902085092449,10.592897482302265,12.0,1.2,0.12000000000000005,66.0,0.4353880780692977,0.0031721536351165987
4,0.054,13,360.21969919686495,200.0,0.0,554.0,70.54577440609106,14.626970211881419,1565.0,263.34164336203696,55.83410837976041,137.0,24.340268711866454,5.445047278778013,12.0,1.2,0.12000000000000005,94.0,0.6256029277624933,0.004586762688614544
5,0.054,14,360.4202376548358,200.0,100.0,558.0,72.07035437644761,15.69120054885158,1205.0,205.9224290868177,44.546418649820765,466.0,80.45288414162246,17.62223843015035,11.0,1.0999999999999999,0.11000000000000004,74.0,0.4830758701051579,0.0034936556927297685
6,0.054,8,360.8900805528864,300.0,0.0,562.0,76.16842385791091,17.309912555636235,1208.0,203.9430630362011,43.29898360121635,461.0,78.73777184508194,16.72600096091047,8.0,0.7999999999999999,0.08000000000000002,70.0,0.6741746305370523,0.007587448559670787
7,0.054,10,360.1052814188633,300.0,100.0,566.0,68.50033471420855,13.35935590918329,1284.0,217.36284606906568,46.24720744707216,440.0,72.79899795442995,15.71207244400041,9.0,0.8999999999999999,0.09000000000000002,54.0,0.4673087009411771,0.004929698216735258
