id,probability_maraud,successful_mating,next_foraging_time,x_pos,y_pos,foraging_events,foraging_hrs,foraging_sqhrs,staying_events,staying_hrs,staying_sqhrs,repairing_events,repairing_hrs,repairing_sqhrs,marauding_events,marauding_hrs,marauding_sqhrs,traveling_events,traveling_hrs,traveling_sqhrs
0,0.054,10,360.12321579417335,0.0,0.0,567.0,68.17564100604028,13.84169261437129,1222.0,209.89748374260594,45.31658546768974,476.0,79.87592299362346,16.941077683413695,15.0,1.5000000000000002,0.15000000000000008,70.0,0.5717770314914591,0.005336934156378602
1,0.0,13,360.1134195115038,0.0,100.0,561.0,70.23964850125058,14.559136515762898,1251.0,216.7824462173628,47.33255042404095,425.0,73.00894311306764,15.745777479533675,0.0,0.0,0.0,0.0,0.0,0.0
2,0.054,7,361.15913032736063,100.0,0.0,580.0,71.26807298014086,14.274176847712157,1003.0,170.87657220252947,35.786668139990546,708.0,116.65941588180434,24.75558617074088,10.0,0.9999999999999999,0.10000000000000003,73.0,0.45857681423709934,0.003215020576131688
3,0.054,6,359.99759872738923,100.0,100.0,582.0,69.94862643514433,13.737300030486931,1344.0,233.1069600699005,51.034361881057045,309.0,55.15342703083519,12.073003782863115,14.0,1.4000000000000001,0.14000000000000007,70.0,0.4681245031242304,0.003429355281207133
4,0.054,11,360.6522445864901,200.0,0.0,551.0,73.73564260843793,16.71951891381901,1270.0,217.26446786575562,46.54983320214578,406.0,67.37223191994877,14.366297497243613,12.0,1.2,0.12000000000000005,78.0,0.503810632441357,0.00360082304526749
5,0.054,11,360.37310832686285,200.0,100.0,568.0,67.39289530586514,13.203344220579336,1405.0,243.89644087059588,53.36219867029595,289.0,46.840826025490436,9.666361153540588,14.0,1.4000000000000001,0.14000000000000007,75.0,0.47603285466357953,0.003343621399176956
6,0.054,7,360.59930182517076,300.0,0.0,571.0,68.85360867235194,13.510391042932675,1333.0,227.56769014107,49.04823576078012,354.0,61.88548380655133,13.71112028523726,12.0,1.2,0.12000000000000005,72.0,0.6384437052840336,0.006580075445816192
7,0.054,7,360.13699701765364,300.0,100.0,572.0,68.13567471409199,12.99944251627554,1365.0,228.28810313634062,48.45571761423735,366.0,61.41625531335862,13.298067699390181,15.0,1.5000000000000002,0.15000000000000008,79.0,0.6694925387607537,0.006515775034293556
