id,probability_maraud,successful_mating,next_foraging_time,x_pos,y_pos,foraging_events,foraging_hrs,foraging_sqhrs,staying_events,staying_hrs,staying_sqhrs,repairing_events,repairing_hrs,repairing_sqhrs,marauding_events,marauding_hrs,marauding_sqhrs,traveling_events,traveling_hrs,traveling_sqhrs
0,0.054,9,360.05877666689565,0.0,0.0,575.0,70.79973585509326,15.374755417078699,1207.0,202.0515628434675,43.39388093805828,518.0,85.49018590264251,17.689619030176413,11.0,1.0999999999999999,0.11000000000000004,66.0,0.6207242436112562,0.006730109739369006
1,0.0,13,360.21053449974045,0.0,100.0,572.0,72.56300139916613,14.992551346724966,1276.0,216.97288167227052,46.50766768918275,414.0,70.56776729981608,15.425132639821937,0.0,0.0,0.0,0.0,0.0,0.0
2,0.054,16,360.43217730846754,100.0,0.0,567.0,72.12620450245889,14.894971358067094,1326.0,225.52535039367046,48.10895348357143,355.0,61.10800576322818,13.318311122655592,8.0,0.7999999999999999,0.08000000000000002,84.0,0.5243076647636357,0.003579389574759947
3,0.054,7,360.1353089333345,100.0,100.0,562.0,69.71327322410237,14.712232813036268,1503.0,251.3674450433417,53.35509401683679,226.0,36.74048966436914,7.729418845284628,19.0,1.9000000000000006,0.1900000000000001,83.0,0.5330407643811018,0.0037508573388203036
4,0.054,7,360.250694036628,200.0,0.0,566.0,73.12324497235488,15.441405778578345,1351.0,230.80514735089028,49.60955854680327,318.0,55.24201154760678,12.094541754704574,4.0,0.4,0.04000000000000001,67.0,0.44140920343849127,0.0032150205761316887
5,0.054,8,360.2247755577169,200.0,100.0,573.0,73.34995445868651,16.158464104613145,1260.0,209.0811486861575,44.68707547850482,461.0,75.79671284878488,15.872603478514282,13.0,1.3,0.13000000000000006,76.0,0.5038106324413574,0.0036865569272976693
6,0.054,4,360.12673356015284,300.0,0.0,563.0,70.86750333058308,15.206080620300785,1308.0,225.84901321741836,48.85305315440565,366.0,60.80902812993569,12.433217657259467,18.0,1.8000000000000005,0.1800000000000001,81.0,0.6939992608395893,0.007094478737997262
7,0.054,8,360.9580709908963,300.0,100.0,566.0,72.90976800898689,14.95338850032456,1431.0,239.63190233870714,51.17617802796329,272.0,46.263042344047705,9.84837768849682,9.0,0.8999999999999999,0.09000000000000002,83.0,0.6862121432966138,0.006858710562414274
