id,probability_maraud,successful_mating,next_foraging_time,x_pos,y_pos,foraging_events,foraging_hrs,foraging_sqhrs,staying_events,staying_hrs,staying_sqhrs,repairing_events,repairing_hrs,repairing_sqhrs,marauding_events,marauding_hrs,marauding_sqhrs,traveling_events,traveling_hrs,traveling_sqhrs
0,0.054,2,360.2479424948884,0.0,0.0,567.0,70.46650854034453,14.66244237734633,1025.0,172.45056251744958,36.35578795761776,708.0,116.12634849172105,24.206780798370165,6.0,0.6,0.06000000000000001,56.0,0.5001843850140817,0.005229766803840882
1,0.0,12,360.168718845778,0.0,100.0,568.0,70.98183487062563,14.786987709114591,1510.0,252.16003124009842,53.241722185404114,216.0,37.004268306356444,7.917879238878517,0.0,0.0,0.0,0.0,0.0,0.0
2,0.054,11,360.2508399028553,100.0,0.0,569.0,67.80573266274673,13.105040410820823,1365.0,235.60769846713018,50.561901015676796,311.0,54.89102991570176,12.087237881080776,12.0,1.2,0.12000000000000005,83.0,0.5283198471178681,0.0037508573388203045
3,0.054,7,360.05992879682657,100.0,100.0,558.0,70.11269121777826,14.593558108459636,1368.0,232.9981724585278,49.58761484427754,312.0,54.941506724448224,11.891811142131118,15.0,1.5000000000000002,0.15000000000000008,78.0,0.4924264169980213,0.0033864883401920455
4,0.054,10,359.90093583806083,200.0,0.0,562.0,72.65046203047936,15.62894613203047,1252.0,209.7241491926992,44.91487478814739,451.0,76.2991951180878,16.631986346097072,9.0,0.8999999999999999,0.09000000000000002,65.0,0.4310266076647908,0.003172153635116599
5,0.054,13,360.472331635171,200.0,100.0,556.0,71.68007932417078,15.569394111005655,1315.0,219.72998215374128,46.835975735059705,381.0,67.03183604809554,14.879166374562459,11.0,1.0999999999999999,0.11000000000000004,73.0,0.4773939211919419,0.003472222222222224
6,0.054,6,359.86529574749284,300.0,0.0,580.0,68.92894159180729,13.573970860442575,1577.0,264.9751178952065,56.66604368033157,125.0,24.09914114831288,5.600736843147246,12.0,1.2,0.12000000000000005,90.0,0.8115859568800309,0.00880915637860083
7,0.054,11,359.8800236543704,300.0,100.0,560.0,70.71288912578358,14.63905529213977,1370.0,232.07391513041668,49.73445106878,331.0,55.262346841778744,11.59214047961508,15.0,1.5000000000000002,0.15000000000000008,78.0,0.6469588624418958,0.006365740740740746
