id,probability_maraud,successful_mating,next_foraging_time,x_pos,y_pos,foraging_events,foraging_hrs,foraging_sqhrs,staying_events,staying_hrs,staying_sqhrs,repairing_events,repairing_hrs,repairing_sqhrs,marauding_events,marauding_hrs,marauding_sqhrs,traveling_events,traveling_hrs,traveling_sqhrs
0,0.0,8,360.5082991593401,0.0,0.0,559.0,74.27307552434075,15.616083927360302,1149.0,193.9791535827209,41.139226772046705,544.0,91.80451286049524,19.852244386484553,0.0,0.0,0.0,0.0,0.0,0.0
1,0.054,10,360.0516072757026,0.0,100.0,571.0,72.69226958705197,14.78961397581574,1303.0,224.65358851673062,48.52823988904311,347.0,61.13644169749032,13.602480655044925,10.0,0.9999999999999999,0.10000000000000003,69.0,0.5525525062935223,0.005315500685871061
2,0.054,12,360.43687816429696,100.0,0.0,559.0,72.75123371481307,16.13060877898484,1310.0,224.17143270915903,48.52941091195624,361.0,61.27195108370605,13.228070938599167,14.0,1.4000000000000001,0.14000000000000007,87.0,0.5607272545252754,0.0040294924554183835
3,0.054,3,359.91319101186605,100.0,100.0,566.0,70.2532323412253,14.248206074682132,1301.0,220.83615081086643,47.38868993195105,397.0,67.19229850879235,14.250382158947014,13.0,1.3,0.13000000000000006,76.0,0.516945790482984,0.0038794581618655714
4,0.054,11,360.17315691945095,200.0,0.0,565.0,70.84195550202213,14.479783353004441,1418.0,235.93553748133345,50.72808286026297,305.0,51.395771843730415,11.251730796379425,14.0,1.4000000000000001,0.14000000000000007,78.0,0.514430958228979,0.003772290809327848
5,0.054,9,359.9677288846715,200.0,100.0,563.0,73.48663592786643,15.648306161779063,1274.0,211.4633354369512,44.859713320077006,424.0,73.29890908710682,15.92762023986949,14.0,1.4000000000000001,0.14000000000000007,67.0,0.3983206118210595,0.0026363168724279854
6,0.054,6,360.32309406649443,300.0,0.0,567.0,74.463080101979,16.27987254942209,1291.0,216.52033433617888,45.08552214115549,399.0,67.33370893772516,14.504337727140877,10.0,0.9999999999999999,0.10000000000000003,78.0,0.7230718258937002,0.007823216735253777
7,0.054,13,360.28376217690106,300.0,100.0,565.0,72.49089066233482,15.394946732805805,1324.0,218.42888613855854,46.63794744669029,396.0,67.07221430219207,14.147759624920795,14.0,1.4000000000000001,0.14000000000000007,75.0,0.6654264813440945,0.007030178326474631
