id,probability_maraud,successful_mating,next_foraging_time,x_pos,y_pos,foraging_events,foraging_hrs,foraging_sqhrs,staying_events,staying_hrs,staying_sqhrs,repairing_events,repairing_hrs,repairing_sqhrs,marauding_events,marauding_hrs,marauding_sqhrs,traveling_events,traveling_hrs,traveling_sqhrs
0,0.054,8,360.3948152775161,0.0,0.0,568.0,76.26377740839911,16.4284783462178,1253.0,208.28367961045225,44.18418889479346,429.0,73.25771811309428,15.484058272438944,17.0,1.7000000000000004,0.1700000000000001,71.0,0.6389137444822497,0.006751543209876549
1,0.054,9,360.45153646349615,0.0,100.0,567.0,71.19922301997121,14.216206153084306,1296.0,219.65414863531046,46.868144758490274,395.0,66.9421049828019,14.005155577728349,16.0,1.6000000000000003,0.1600000000000001,70.0,0.6180147147465034,0.006494341563786013
2,0.054,6,360.1186475203595,100.0,0.0,573.0,70.16425349751145,14.006806983515679,1293.0,221.23203268563822,47.79061154566614,394.0,67.2408727389866,14.20267129938044,10.0,0.9999999999999999,0.10000000000000003,66.0,0.44606926227932203,0.003300754458161865
3,0.054,13,360.2925602867066,100.0,100.0,564.0,70.33294823338532,15.224859440266309,1304.0,221.34780659326782,47.08631706654324,398.0,66.70097982861056,13.740619762674674,12.0,1.2,0.12000000000000005,81.0,0.5267616385952377,0.003772290809327848
4,0.0,6,359.9750716590412,200.0,0.0,557.0,69.4036253331989,14.75412984855124,1435.0,241.8058603223382,51.53383152122746,289.0,48.822463508370866,10.609777195665014,0.0,0.0,0.0,0.0,0.0,0.0
5,0.054,10,359.9316945253946,200.0,100.0,550.0,73.46862903040962,16.477738647824015,1340.0,224.28063979968374,47.078631099361736,353.0,60.58670902267159,12.83084454104603,12.0,1.2,0.12000000000000005,78.0,0.5163790428215373,0.003772290809327849
6,0.054,12,360.204499978639,300.0,0.0,566.0,65.92648814885733,13.247139537842374,1304.0,221.2993950876367,46.92109484504331,417.0,71.36389514498472,15.47561158356188,8.0,0.7999999999999999,0.08000000000000002,72.0,0.6326704687372137,0.006451474622770924
7,0.054,8,360.2227066144927,300.0,100.0,561.0,71.58711758066298,15.73210635288207,1357.0,225.83914588374836,47.30483667922877,351.0,60.98921574693072,13.461665218401523,10.0,0.9999999999999999,0.10000000000000003,75.0,0.663584733960632,0.0070087448559670845
