id,probability_maraud,successful_mating,next_foraging_time,x_pos,y_pos,foraging_events,foraging_hrs,foraging_sqhrs,staying_events,staying_hrs,staying_sqhrs,repairing_events,repairing_hrs,repairing_sqhrs,marauding_events,marauding_hrs,marauding_sqhrs,traveling_events,traveling_hrs,traveling_sqhrs
0,0.054,10,360.24670643985263,0.0,0.0,568.0,71.4399030922726,15.097140097945623,1366.0,231.46927359316606,49.87265470686915,317.0,55.12421777490703,11.781724101302327,13.0,1.3,0.13000000000000006,76.0,0.6677844295632668,0.006944444444444449
1,0.054,9,360.0558492560766,0.0,100.0,565.0,69.0603702295078,13.855633863388682,1421.0,234.93218911067692,49.542251348757695,327.0,54.92177283972701,11.21848149219417,5.0,0.5,0.05000000000000001,73.0,0.5917879621290109,0.005808470507544586
2,0.054,8,360.64168467029833,100.0,0.0,560.0,75.1304918750799,16.63602409138117,1364.0,227.80699373323907,48.489500709853075,305.0,55.00139861519206,11.840924416080023,16.0,1.6000000000000003,0.1600000000000001,82.0,0.5490546094540674,0.004072359396433473
3,0.054,9,360.66261321068345,100.0,100.0,571.0,73.48652679009564,15.395371385851085,1366.0,231.04962564086415,49.328768380905665,325.0,53.79479955221618,11.251204535494239,13.0,1.3,0.13000000000000006,83.0,0.5046658097306758,0.0033650548696845008
4,0.054,11,360.4862694315121,200.0,0.0,571.0,67.64154038605518,12.90054130805064,1295.0,217.63161840695616,46.297695086905534,437.0,73.46352385462315,15.71372950637365,10.0,0.9999999999999999,0.10000000000000003,67.0,0.4512352103591969,0.0033650548696844995
5,0.054,8,359.99328717060484,200.0,100.0,575.0,69.09897555083933,14.338508429222701,1170.0,197.97335580141663,43.162774340980796,534.0,91.86750553019021,19.749805687218448,8.0,0.7999999999999999,0.08000000000000002,66.0,0.43463434722203537,0.0031721536351165995
6,0.054,7,359.8408313240874,300.0,0.0,571.0,70.68076704562525,15.17164600784066,1404.0,238.43561234987553,51.355441133768664,299.0,48.864127755125004,10.379448671700263,13.0,1.3,0.13000000000000006,81.0,0.7377399840740131,0.00778034979423869
7,0.0,10,360.20235092005225,300.0,100.0,564.0,66.17615019170952,13.255450976352527,1492.0,251.3489099919679,53.62731243830139,238.0,42.52676816251473,9.673647225645084,0.0,0.0,0.0,0.0,0.0,0.0
