id,probability_maraud,successful_mating,next_foraging_time,x_pos,y_pos,foraging_events,foraging_hrs,foraging_sqhrs,staying_events,staying_hrs,staying_sqhrs,repairing_events,repairing_hrs,repairing_sqhrs,marauding_events,marauding_hrs,marauding_sqhrs,traveling_events,traveling_hrs,traveling_sqhrs
0,0.054,12,360.44084727360854,0.0,0.0,565.0,71.29027473096751,15.695307189709192,1456.0,248.3616214319139,53.64859492151781,233.0,38.67188760055294,8.1898713711922,11.0,1.0999999999999999,0.11000000000000004,83.0,0.7289662964368936,0.007630315500685879
1,0.054,7,360.0838725214827,0.0,100.0,558.0,70.17808286494726,14.502286752493767,1340.0,226.94139382695485,49.292082496854846,377.0,61.229222653187826,12.636642688540933,9.0,0.8999999999999999,0.09000000000000002,98.0,0.8456028024866064,0.008594821673525386
2,0.054,9,360.18596155433397,100.0,0.0,559.0,65.53280062963992,12.803342140380021,1364.0,225.84110350043952,47.85766416066327,386.0,67.10485158615082,14.578086582084518,11.0,1.0999999999999999,0.11000000000000004,83.0,0.5623767506815097,0.004200960219478739
3,0.054,4,360.5160467610422,100.0,100.0,566.0,70.12629953551166,13.987537318842747,1249.0,209.22790903383583,44.209781088916806,441.0,78.9878185419776,17.569471946258574,13.0,1.3,0.13000000000000006,58.0,0.389658529434448,0.0028935185185185192
4,0.054,11,360.41516878538107,200.0,0.0,563.0,70.74771322166539,14.983011312991119,1333.0,226.96937946994547,49.1080879267699,337.0,61.05404254502077,13.600856401634989,9.0,0.8999999999999999,0.09000000000000002,66.0,0.4305917356566015,0.003064986282578875
5,0.054,11,360.2606511453171,200.0,100.0,553.0,75.70728423763903,16.686174802434987,1387.0,233.55029619838825,49.49011009444478,280.0,48.59255515634702,10.636442699402684,17.0,1.7000000000000004,0.1700000000000001,84.0,0.5470659368418556,0.003965192043895749
6,0.0,9,360.50257815807,300.0,0.0,560.0,71.01854270150281,15.970857639609932,1312.0,221.42435679092563,47.41558866204305,424.0,67.58175421744124,14.343988642476624,0.0,0.0,0.0,0.0,0.0,0.0
7,0.054,8,360.2023702746957,300.0,100.0,563.0,70.35554072780205,15.401925859025669,1211.0,201.93942525480438,42.853714272080595,512.0,85.82767840018879,17.989035047218596,14.0,1.4000000000000001,0.14000000000000007,71.0,0.5842516616403601,0.005701303155006861
