id,probability_maraud,successful_mating,next_foraging_time,x_pos,y_pos,foraging_events,foraging_hrs,foraging_sqhrs,staying_events,staying_hrs,staying_sqhrs,repairing_events,repairing_hrs,repairing_sqhrs,marauding_events,marauding_hrs,marauding_sqhrs,traveling_events,traveling_hrs,traveling_sqhrs
0,0.054,12,360.1456732537494,0.0,0.0,559.0,69.21405211918804,14.24123287383167,1406.0,239.69745809704173,51.33504603671657,282.0,49.29962163857857,10.890135973520133,12.0,1.2,0.12000000000000005,67.0,0.5979936253004999,0.006365740740740745
1,0.054,11,360.253498848823,0.0,100.0,573.0,72.31931862910238,15.750016314801877,1493.0,249.37539008295764,52.85604876775217,216.0,36.44104125324677,7.767822189349242,13.0,1.3,0.13000000000000006,88.0,0.7296925735190616,0.007330246913580254
2,0.0,5,360.4782964019921,100.0,0.0,567.0,68.19563065899503,14.679099365137029,1366.0,230.36671787272024,48.61492396725893,377.0,61.50613876516701,13.05175825718947,0.0,0.0,0.0,0.0,0.0,0.0
3,0.054,11,360.06399473382504,100.0,100.0,566.0,71.11995058435748,14.978839173028597,1244.0,208.28451197464412,44.86245133025337,451.0,79.24775018217592,17.547406904197885,9.0,0.8999999999999999,0.09000000000000002,70.0,0.4506684626977505,0.003215020576131689
4,0.054,11,360.4830284225204,200.0,0.0,577.0,71.3751106676319,14.054894801624515,1421.0,244.18702473923,52.62976351619205,258.0,42.51831755072441,8.844204298886766,14.0,1.4000000000000001,0.14000000000000007,82.0,0.5207709424372458,0.0036222565157750367
5,0.054,10,360.471180656485,200.0,100.0,551.0,73.74625590382166,17.750346812356824,1303.0,224.01452626261784,48.63936520365005,350.0,61.24656277912833,13.399297260436567,8.0,0.7999999999999999,0.08000000000000002,67.0,0.41961196301025344,0.002893518518518521
6,0.054,10,360.0365082101935,300.0,0.0,550.0,75.22418205483227,16.58821746434177,1309.0,221.46821799818377,47.226542709354746,358.0,61.07819393319098,13.072643102880818,15.0,1.5000000000000002,0.15000000000000008,82.0,0.7324881691901608,0.007608882030178333
7,0.054,2,360.32142982282903,300.0,100.0,567.0,67.01458010603443,12.759175171277997,1258.0,212.36034199156467,44.96432204121303,461.0,79.64225837833084,17.09097063504747,6.0,0.6,0.06000000000000001,71.0,0.5522969512603718,0.005272633744855973
