id,probability_maraud,successful_mating,next_foraging_time,x_pos,y_pos,foraging_events,foraging_hrs,foraging_sqhrs,staying_events,staying_hrs,staying_sqhrs,repairing_events,repairing_hrs,repairing_sqhrs,marauding_events,marauding_hrs,marauding_sqhrs,traveling_events,traveling_hrs,traveling_sqhrs
0,0.054,11,360.0744001724625,0.0,0.0,571.0,71.14681041017998,14.853425450945965,1368.0,227.22036024491723,47.75017787981589,338.0,59.759435310920885,13.215336206077032,12.0,1.2,0.12000000000000005,84.0,0.7081056093396504,0.006923010973936908
1,0.0,13,360.2172181920173,0.0,100.0,575.0,70.72659428008333,15.278342764832875,1288.0,216.02599335342714,46.11605357559325,442.0,73.449377506301,15.467576911757062,0.0,0.0,0.0,0.0,0.0,0.0
2,0.054,13,360.09199028496744,100.0,0.0,567.0,71.5682384528998,14.93868136450838,1248.0,213.7584230247406,46.33484690857256,430.0,72.88730039100648,15.723549323605807,14.0,1.4000000000000001,0.14000000000000007,67.0,0.44001770769892734,0.0031935871056241434
3,0.054,9,360.1127089432104,100.0,100.0,569.0,72.57895716752664,15.364238140505265,1315.0,225.45469494732887,48.48411669536946,361.0,60.715705071471,12.843956433215128,9.0,0.8999999999999999,0.09000000000000002,79.0,0.5277936874760747,0.00392232510288066
4,0.054,7,360.12121741448453,200.0,0.0,554.0,69.50629353984905,14.565716490667587,1296.0,221.46351698618986,48.33800292450496,414.0,67.07441463481602,14.098550288270799,15.0,1.5000000000000002,0.15000000000000008,79.0,0.5337742248256148,0.003986625514403295
5,0.054,3,360.3838360745632,200.0,100.0,571.0,68.32013895437984,13.541195542168493,1358.0,234.71252559431332,51.02926289077462,310.0,55.16841814704159,12.451102287817404,12.0,1.2,0.12000000000000005,86.0,0.6043825938041539,0.004672496570644722
6,0.054,8,360.3069705244362,300.0,0.0,563.0,69.37625404217083,13.670982742340755,1332.0,228.06881706439071,49.330564712977825,353.0,61.49973491685797,13.314975577607775,7.0,0.7,0.07,73.0,0.6599745490198677,0.0071159122085048074
7,0.054,8,360.0723169834853,300.0,100.0,576.0,71.41804463724513,16.001541566218528,1440.0,248.50754738637517,54.14292788589163,227.0,38.081257903690776,7.921518589462464,12.0,1.2,0.12000000000000005,92.0,0.8206636537831012,0.008487654320987663
