id,probability_maraud,successful_mating,next_foraging_time,x_pos,y_pos,foraging_events,foraging_hrs,foraging_sqhrs,staying_events,staying_hrs,staying_sqhrs,repairing_events,repairing_hrs,repairing_sqhrs,marauding_events,marauding_hrs,marauding_sqhrs,traveling_events,traveling_hrs,traveling_sqhrs
0,0.054,7,360.4944307412883,0.0,0.0,557.0,70.60053534954754,15.461911150535055,1289.0,220.12484110248025,48.201401951928105,407.0,67.84292270476878,14.35284068174743,9.0,0.8999999999999999,0.09000000000000002,68.0,0.6383648218400322,0.006987311385459538
1,0.054,11,360.64178112896724,0.0,100.0,553.0,66.97718935207162,13.738767929943181,1541.0,260.48842768056636,56.29745954756634,185.0,30.437570445413368,6.407398534050597,15.0,1.5000000000000002,0.15000000000000008,92.0,0.7825970132487471,0.007887517146776414
2,0.054,5,360.18246343338586,100.0,0.0,567.0,72.65453716231505,15.156441415064053,1168.0,200.5529445353651,43.48499840300798,480.0,85.4575671131469,18.659985289236182,10.0,0.9999999999999999,0.10000000000000003,55.0,0.34550745972497765,0.0024005486968449933
3,0.054,9,360.49214226304576,100.0,100.0,565.0,69.41851162279141,14.612670584380464,1411.0,240.3151257221592,51.88721952682832,298.0,48.69490379400447,10.21378814413381,12.0,1.2,0.12000000000000005,75.0,0.48523125550043605,0.003515089163237314
4,0.054,12,360.7637217786716,200.0,0.0,562.0,70.2808945833322,14.590804242031837,1436.0,239.11378969028732,50.72380084056493,285.0,48.8898414997055,10.57727907272052,15.0,1.5000000000000002,0.15000000000000008,76.0,0.4871793400929943,0.0034722222222222238
5,0.0,12,360.1722798333025,200.0,100.0,566.0,71.16123068501054,15.280882627246342,1154.0,197.2305345226197,42.27236729808323,551.0,91.69233271883884,19.329571098489282,0.0,0.0,0.0,0.0,0.0,0.0
6,0.054,7,359.908875221843,300.0,0.0,584.0,70.13060497699996,14.146894296469469,1410.0,235.14919275250708,50.10049753179106,327.0,53.58632617846316,10.976249682458347,6.0,0.6,0.06000000000000001,67.0,0.5577310585653691,0.005529835390946506
7,0.054,9,360.1177304842846,300.0,100.0,569.0,68.06794788407723,13.28078013632621,1460.0,247.73710774648876,53.24979962459494,233.0,42.66916224319237,9.837280135121627,10.0,0.9999999999999999,0.10000000000000003,67.0,0.6189176634178206,0.006772976680384094
