id,probability_maraud,successful_mating,next_foraging_time,x_pos,y_pos,foraging_events,foraging_hrs,foraging_sqhrs,staying_events,staying_hrs,staying_sqhrs,repairing_events,repairing_hrs,repairing_sqhrs,marauding_events,marauding_hrs,marauding_sqhrs,traveling_events,traveling_hrs,traveling_sqhrs
0,0.054,6,360.7417167250347,0.0,0.0,571.0,67.05418826341312,13.047209536992412,1408.0,241.47490105755114,51.8832160739694,299.0,50.31197383240466,10.5792970965598,7.0,0.7,0.07,63.0,0.5930223738313729,0.006472908093278467
1,0.054,11,360.2292866263233,0.0,100.0,569.0,70.73948018827565,15.442536795896194,1359.0,226.82032314596745,47.887834870138285,336.0,60.78657271793118,13.654339534147342,11.0,1.0999999999999999,0.11000000000000004,73.0,0.6891564267291809,0.007544581618655697
2,0.054,10,360.1862873949723,100.0,0.0,569.0,67.46226971981339,13.385122310345182,1492.0,254.08829710890808,54.764509642884065,208.0,36.677591548105525,8.048876828474182,13.0,1.3,0.13000000000000006,78.0,0.5166066140270065,0.0037722908093278476
3,0.054,10,360.1412102258483,100.0,100.0,564.0,72.37613094518251,14.6109441851861,1380.0,234.59465132684124,51.00603596777432,287.0,51.32328768986934,11.4108625007661,13.0,1.3,0.13000000000000006,99.0,0.6439243042867439,0.004608196159122089
4,0.054,11,360.1367517931214,200.0,0.0,565.0,67.91704376647397,14.567350539881177,1313.0,217.6338266392741,46.246344310231216,452.0,73.3609921991119,15.111849237198514,7.0,0.7,0.07,61.0,0.39177332681007265,0.0028077846364883393
5,0.0,11,360.48050494706797,200.0,100.0,569.0,71.79370330655078,14.426003655473737,1419.0,239.36013081721075,50.39834794056303,299.0,49.02209471467752,10.263042728493467,0.0,0.0,0.0,0.0,0.0,0.0
6,0.054,7,360.00966134357327,300.0,0.0,564.0,72.92671457977329,15.313625291210725,1299.0,217.9474625409688,46.79542269078678,404.0,67.506923425694,14.371815541321732,10.0,0.9999999999999999,0.10000000000000003,71.0,0.6255814444463553,0.006537208504801102
7,0.054,6,360.52924631531306,300.0,100.0,557.0,72.23592575472873,14.982732390208504,1491.0,255.8419771479573,54.99491649682327,179.0,30.49809093949774,6.66009018946753,9.0,0.8999999999999999,0.09000000000000002,79.0,0.6887700089537918,0.007008744855967084
