id,probability_maraud,successful_mating,next_foraging_time,x_pos,y_pos,foraging_events,foraging_hrs,foraging_sqhrs,staying_events,staying_hrs,staying_sqhrs,repairing_events,repairing_hrs,repairing_sqhrs,marauding_events,marauding_hrs,marauding_sqhrs,traveling_events,traveling_hrs,traveling_sqhrs
0,0.0,7,360.13472741326933,0.0,0.0,565.0,71.2021326582742,14.907262011302796,1418.0,241.6298810214477,52.49691106218064,276.0,47.17071007443544,10.37216051861357,0.0,0.0,0.0,0.0,0.0,0.0
1,0.054,6,359.9881330056675,0.0,100.0,557.0,71.54742300878475,14.84592418914317,1261.0,208.36138130603845,44.00027026603371,453.0,78.87209421973331,17.25736068655257,10.0,0.9999999999999999,0.10000000000000003,66.0,0.5406977688035379,0.005336934156378604
2,0.054,6,360.130241794878,100.0,0.0,573.0,71.4053312408735,14.37854457637792,1297.0,221.94767635646377,47.739744903755124,397.0,65.51872006512522,13.653259275894085,7.0,0.7,0.07,87.0,0.5648611537243133,0.004072359396433473
3,0.054,9,359.9577658004013,100.0,100.0,565.0,74.12804348540566,15.899569558790018,1457.0,247.83465450318994,53.61544065530118,231.0,36.443774615177674,7.41272927692075,11.0,1.0999999999999999,0.11000000000000004,74.0,0.5033149020107653,0.003750857338820302
4,0.054,12,360.1267880683888,200.0,0.0,564.0,72.1753272333059,15.5581408366405,1412.0,237.3748694469661,50.145646151212496,289.0,49.117684768961354,10.556113237460162,9.0,0.8999999999999999,0.09000000000000002,69.0,0.4673099138545655,0.0035150891632373137
5,0.054,13,360.0794442890191,200.0,100.0,564.0,71.39605777656898,15.075696422914888,1245.0,214.96150638130638,46.74134695304602,440.0,72.72443608419464,15.364934954652554,6.0,0.6,0.06000000000000001,60.0,0.3857826306520807,0.002743484224965707
6,0.054,11,359.8296970797974,300.0,0.0,573.0,69.14419749565776,13.739958633664294,1438.0,246.21115832317795,53.72235478052042,248.0,42.47850461470831,9.142289635415603,15.0,1.5000000000000002,0.15000000000000008,87.0,0.6987703948683416,0.0066872427983539155
7,0.054,8,360.39434158541803,300.0,100.0,580.0,64.75821344365912,11.903392716160711,1386.0,231.8180335455113,50.12909988473228,353.0,61.01689844242019,13.663130198795157,17.0,1.7000000000000004,0.1700000000000001,81.0,0.7414362358211242,0.007887517146776412
