id,probability_maraud,successful_mating,next_foraging_time,x_pos,y_pos,foraging_events,foraging_hrs,foraging_sqhrs,staying_events,staying_hrs,staying_sqhrs,repairing_events,repairing_hrs,repairing_sqhrs,marauding_events,marauding_hrs,marauding_sqhrs,traveling_events,traveling_hrs,traveling_sqhrs
0,0.054,8,359.98896166274477,0.0,0.0,557.0,70.21857985882832,14.902251169702321,1389.0,246.1571786989818,54.73614149609234,252.0,42.52665824310458,9.131898822976662,5.0,0.5,0.05000000000000001,74.0,0.6712303471044848,0.007244513031550074
1,0.054,12,360.34323644228596,0.0,100.0,572.0,66.87106333376516,12.717879967355183,1409.0,243.17876730786742,52.48469412476001,282.0,48.304289353573424,10.203352281798692,11.0,1.0999999999999999,0.11000000000000004,69.0,0.6202739919673577,0.006644375857338826
2,0.054,9,360.1115848178298,100.0,0.0,571.0,71.02067973234136,14.4215064376753,1313.0,219.5340345810523,46.23874626062376,402.0,67.30444013643354,14.487289764886238,16.0,1.6000000000000003,0.1600000000000001,91.0,0.6063205195882602,0.004415294924554187
3,0.054,12,359.918192065699,100.0,100.0,561.0,67.86340237767477,13.078534359221033,1386.0,235.4888660128483,50.989799751029665,314.0,55.2431665399431,12.09615499455851,10.0,0.9999999999999999,0.10000000000000003,76.0,0.499418732825649,0.003665123456790126
4,0.054,6,360.45568442129814,200.0,0.0,568.0,72.8071410248745,15.035461516205205,1362.0,236.94909255149346,52.33627094104325,291.0,48.69189819621507,10.27381137590587,13.0,1.3,0.13000000000000006,66.0,0.4330152802770024,0.0031507201646090543
5,0.054,9,360.38839640492944,200.0,100.0,570.0,69.25236692691956,13.715257272187344,1453.0,242.65767077591394,51.85702331334456,289.0,46.71675786397684,9.731480153582911,8.0,0.7999999999999999,0.08000000000000002,85.0,0.5779252945350849,0.004350994513031552
6,0.0,11,360.4258704107558,300.0,0.0,557.0,72.52409938599172,15.257767532629138,1293.0,220.0092995605594,47.73464836916831,392.0,67.73849929108634,14.799692062672154,0.0,0.0,0.0,0.0,0.0,0.0
7,0.054,5,359.9695833743494,300.0,100.0,570.0,72.20891935822239,14.499378203488002,1408.0,237.10097584596318,50.72562652433864,298.0,49.170452161373795,10.269940709286589,8.0,0.7999999999999999,0.08000000000000002,94.0,0.8429034324303053,0.00895919067215364
