id,probability_maraud,successful_mating,next_foraging_time,x_pos,y_pos,foraging_events,foraging_hrs,foraging_sqhrs,staying_events,staying_hrs,staying_sqhrs,repairing_events,repairing_hrs,repairing_sqhrs,marauding_events,marauding_hrs,marauding_sqhrs,traveling_events,traveling_hrs,traveling_sqhrs
0,0.0,8,360.570542626806,0.0,0.0,563.0,72.5399661757991,15.697254878109353,1297.0,220.25103916827757,47.45192945058933,395.0,67.29292619956881,14.506706406061658,0.0,0.0,0.0,0.0,0.0,0.0
1,0.054,12,360.03380623849057,0.0,100.0,565.0,69.13666287524627,14.235157849752174,1401.0,233.5527326504448,49.23217826395216,324.0,54.9928515462145,11.737624443056879,16.0,1.6000000000000003,0.1600000000000001,91.0,0.7787592571025134,0.0077374828532236015
2,0.054,10,359.8360662957397,100.0,0.0,572.0,67.8165437176598,13.523004722531558,1310.0,217.34296240240175,45.99940336319491,443.0,72.97018750978228,15.247417210313921,14.0,1.4000000000000001,0.14000000000000007,78.0,0.48581827356463186,0.0033436213991769556
3,0.054,8,360.12202556743097,100.0,100.0,566.0,70.83602088013474,15.059791293316406,1372.0,232.35404092661108,49.3804539301731,322.0,55.4239864268132,12.165135723999684,10.0,0.9999999999999999,0.10000000000000003,73.0,0.5033250608192175,0.0038365912208504806
4,0.054,5,360.25436251209044,200.0,0.0,575.0,70.73393777044836,14.34438555301791,1382.0,232.46220575323048,49.08080642286768,326.0,54.693548257437264,11.746153106726219,16.0,1.6000000000000003,0.1600000000000001,80.0,0.5417434347873665,0.004029492455418383
5,0.054,11,360.49336400783574,200.0,100.0,567.0,74.02159507450122,15.613885470473129,1175.0,199.47998870750183,42.34612622290927,508.0,85.35115013928491,17.935931595568487,8.0,0.7999999999999999,0.08000000000000002,66.0,0.43053087723419897,0.003107853223593966
6,0.054,8,360.194965347657,300.0,0.0,564.0,72.08272940553405,15.378766843455356,1359.0,231.74352271148322,49.603124830989785,314.0,55.227385352861475,12.378482701444513,6.0,0.6,0.06000000000000001,58.0,0.5204258623032091,0.005379801097393693
7,0.054,10,360.5515031899759,300.0,100.0,567.0,73.80978912819289,15.909560559369742,1366.0,229.56069878987836,48.29224387212247,334.0,54.809029747307875,11.796508499786707,12.0,1.2,0.12000000000000005,76.0,0.6244939579727422,0.006129972565157755
