id,probability_maraud,successful_mating,next_foraging_time,x_pos,y_pos,foraging_events,foraging_hrs,foraging_sqhrs,staying_events,staying_hrs,staying_sqhrs,repairing_events,repairing_hrs,repairing_sqhrs,marauding_events,marauding_hrs,marauding_sqhrs,traveling_events,traveling_hrs,traveling_sqhrs
0,0.0,5,360.12749342210117,0.0,0.0,565.0,71.97671156284999,14.929723696013658,1268.0,214.506250582688,46.04226286719983,436.0,73.65440928854693,15.691475628253379,0.0,0.0,0.0,0.0,0.0,0.0
1,0.054,15,360.158560648057,0.0,100.0,577.0,69.53391119510874,13.951267602203403,1402.0,237.5378981402145,51.37945649807933,304.0,50.72998135548833,10.674048890988766,17.0,1.7000000000000004,0.1700000000000001,80.0,0.7282377739735751,0.007716049382716056
2,0.054,8,360.49428684050906,100.0,0.0,570.0,69.60676307478866,13.60768860814542,1358.0,233.9254330633654,49.68523420609209,333.0,55.07446046371509,11.48866022912375,10.0,0.9999999999999999,0.10000000000000003,61.0,0.41313569523012156,0.003064986282578876
3,0.054,10,359.74267609736125,100.0,100.0,571.0,71.23049658273335,14.315196180578528,1185.0,201.8764392533167,43.10176783327798,524.0,85.93710872502216,17.935539421952242,6.0,0.6,0.06000000000000001,63.0,0.380626841380658,0.002550582990397806
4,0.054,6,360.1382823118476,200.0,0.0,573.0,69.65481580703975,14.125113810025189,1441.0,241.28078228212348,51.762073964527175,283.0,47.462830050332855,10.396621454008661,13.0,1.3,0.13000000000000006,86.0,0.580864839988827,0.004350994513031553
5,0.054,11,360.05866236856974,200.0,100.0,562.0,71.55553030955352,15.01131122572565,1249.0,207.07097694968073,43.26062808635439,467.0,79.73136739806264,17.19273015895206,13.0,1.3,0.13000000000000006,68.0,0.45721574770873696,0.003386488340192045
6,0.054,12,359.84048066685654,300.0,0.0,568.0,71.4109917915835,15.132518098601716,1303.0,225.82406618516447,49.54824369848275,350.0,60.621769963609545,13.449038384228801,14.0,1.4000000000000001,0.14000000000000007,79.0,0.7585578377704519,0.008423353909465026
7,0.054,5,360.27254885800716,300.0,100.0,571.0,69.07281181391286,14.193795051291024,1272.0,215.89597065989994,46.24445477340878,444.0,73.03590101521652,15.408280837255697,14.0,1.4000000000000001,0.14000000000000007,76.0,0.6690445324980052,0.006987311385459539
