id,probability_maraud,successful_mating,next_foraging_time,x_pos,y_pos,foraging_events,foraging_hrs,foraging_sqhrs,staying_events,staying_hrs,staying_sqhrs,repairing_events,repairing_hrs,repairing_sqhrs,marauding_events,marauding_hrs,marauding_sqhrs,traveling_events,traveling_hrs,traveling_sqhrs
0,0.054,9,360.132864666172,0.0,0.0,573.0,68.23762899357055,13.482521781238841,1450.0,240.89850963710427,50.75566784389714,297.0,49.00385920915148,10.28135802402052,14.0,1.4000000000000001,0.14000000000000007,78.0,0.6899185538521766,0.0070516117969821705
1,0.054,9,360.0614433555253,0.0,100.0,555.0,66.61046689912878,13.115251153819713,1358.0,230.18387671018115,49.29528081889861,376.0,61.38015294887058,12.699090174100817,12.0,1.2,0.12000000000000005,85.0,0.7279522725776549,0.00745884773662552
2,0.054,10,360.3904053657094,100.0,0.0,572.0,68.66243891593079,12.696781444527437,1170.0,199.41659579005938,43.32644073213931,551.0,90.6197438109994,19.555942482471256,11.0,1.0999999999999999,0.11000000000000004,49.0,0.3150177076989272,0.002229080932784636
3,0.054,8,360.6754164634666,100.0,100.0,590.0,71.31670404080157,14.052539509927326,1302.0,218.82593030328056,46.51268772333332,407.0,67.88769655447607,14.378817311621214,16.0,1.6000000000000003,0.1600000000000001,80.0,0.5297417720686329,0.0038794581618655706
4,0.054,10,360.4689657939366,200.0,0.0,568.0,71.91280189682334,14.84662329864656,1194.0,207.9292056729319,44.96310168215157,445.0,78.98439216535658,17.47794318475562,11.0,1.0999999999999999,0.11000000000000004,64.0,0.38257492597321624,0.0025077160493827163
5,0.0,8,360.2718656221219,200.0,100.0,568.0,68.43860274990183,13.20529923672312,1462.0,242.85399145141767,51.4372848836577,297.0,48.74811687402551,10.126422464120823,0.0,0.0,0.0,0.0,0.0,0.0
6,0.054,10,360.06427763397505,300.0,0.0,571.0,71.83553956870121,15.428144697258508,1174.0,195.32759767885176,41.29570909738219,543.0,91.53546747380155,19.349472464927807,9.0,0.8999999999999999,0.09000000000000002,63.0,0.5551605887162187,0.0057441700960219515
7,0.054,8,360.4151508630239,300.0,100.0,564.0,72.21036744441314,16.3358385788808,1374.0,230.84378945895722,48.777803897774675,323.0,54.62252276228926,11.87983527211801,17.0,1.7000000000000004,0.1700000000000001,76.0,0.6490640310716553,0.006408607681755836
