id,probability_maraud,successful_mating,next_foraging_time,x_pos,y_pos,foraging_events,foraging_hrs,foraging_sqhrs,staying_events,staying_hrs,staying_sqhrs,repairing_events,repairing_hrs,repairing_sqhrs,marauding_events,marauding_hrs,marauding_sqhrs,traveling_events,traveling_hrs,traveling_sqhrs
0,0.054,9,360.08868797419836,0.0,0.0,562.0,70.14288091924374,14.741364647351004,1398.0,233.05561335120856,49.0073597631568,331.0,54.820646819406306,11.789315053353526,13.0,1.3,0.13000000000000006,85.0,0.6990182836907153,0.006815843621399184
1,0.054,7,360.36743123104947,0.0,100.0,566.0,70.18781465223567,14.520308239461675,1350.0,226.78705532564672,47.99863603525972,352.0,61.25010004637651,13.239218109277084,13.0,1.3,0.13000000000000006,81.0,0.668179726462822,0.006365740740740747
2,0.054,8,360.2744087133471,100.0,0.0,566.0,71.67918781687148,15.68097793742641,1243.0,213.3645100894,46.18670208276245,429.0,73.35494224954249,15.696794926572293,12.0,1.2,0.12000000000000005,74.0,0.5090070097324335,0.0038580246913580253
3,0.0,10,360.0407693501884,100.0,100.0,565.0,70.0926975998954,15.221239091371327,1510.0,253.26521960493017,53.53273561354492,212.0,36.736640866665226,7.82829289260718,0.0,0.0,0.0,0.0,0.0,0.0
4,0.054,9,360.30835660524207,200.0,0.0,563.0,70.9450610523764,15.08801583799739,1193.0,201.09910960812363,43.05368081037354,510.0,86.79396948861523,18.834730993564406,7.0,0.7,0.07,65.0,0.4816742627712969,0.003965192043895749
5,0.054,6,360.5056022580267,200.0,100.0,570.0,68.59782996887247,13.910045478225678,1367.0,232.4196893880907,49.45730930732113,337.0,57.585085537055,12.249137323311448,9.0,0.8999999999999999,0.09000000000000002,84.0,0.5473949544893811,0.003943758573388205
6,0.054,12,360.4210093056726,300.0,0.0,569.0,67.74808280393746,13.848183316211129,1353.0,228.99986857270648,49.5292364765983,349.0,61.18694969108424,13.30087547572916,13.0,1.3,0.13000000000000006,94.0,0.8115639239445632,0.00820901920438958
7,0.054,11,360.14013831315174,300.0,100.0,559.0,73.27296785907087,16.41188987652342,1331.0,223.8708499542826,47.867784751402084,354.0,60.91246179639987,13.550210044174742,15.0,1.5000000000000002,0.15000000000000008,69.0,0.5366272206245778,0.004951131687242804
