id,probability_maraud,successful_mating,next_foraging_time,x_pos,y_pos,foraging_events,foraging_hrs,foraging_sqhrs,staying_events,staying_hrs,staying_sqhrs,repairing_events,repairing_hrs,repairing_sqhrs,marauding_events,marauding_hrs,marauding_sqhrs,traveling_events,traveling_hrs,traveling_sqhrs
0,0.054,10,360.4233058729268,0.0,0.0,564.0,68.02813433275179,13.025478111090951,1345.0,235.30848209200033,51.952966237753735,321.0,54.67490633798471,12.200275857019804,14.0,1.4000000000000001,0.14000000000000007,76.0,0.6107191197178812,0.005765603566529496
1,0.054,10,360.41629584981115,0.0,100.0,558.0,77.55900591960508,17.92447567095074,1410.0,237.7623539358556,51.07171057427367,242.0,42.757248855667825,9.401875945958261,13.0,1.3,0.13000000000000006,72.0,0.6540830539227808,0.006858710562414272
2,0.054,9,360.197134047543,100.0,0.0,566.0,74.34684035176979,16.339186531689773,1202.0,205.30610916507587,44.53421694816695,472.0,79.3801531429892,16.866109286421835,7.0,0.7,0.07,62.0,0.4097758444952503,0.003064986282578878
3,0.054,12,360.2578740370158,100.0,100.0,565.0,69.95694706130229,13.620775928450866,1254.0,215.31656231187142,46.74130709532741,429.0,73.49496967179344,15.903928133941728,9.0,0.8999999999999999,0.09000000000000002,67.0,0.44280069917805487,0.0032364540466392334
4,0.054,10,360.1790750302277,200.0,0.0,558.0,72.95951674201584,15.527777177695425,1404.0,241.9576261415103,52.404648725885686,261.0,43.18501154068868,9.011537467768584,15.0,1.5000000000000002,0.15000000000000008,79.0,0.5062240182533061,0.0036008230452674924
5,0.054,8,360.4272391692577,200.0,100.0,566.0,72.98100952547999,16.2459051088871,1395.0,236.7572645022872,50.55003883421644,297.0,48.94844573487192,10.43653466756643,10.0,0.9999999999999999,0.10000000000000003,74.0,0.5110159527473945,0.003815157750342936
6,0.0,8,360.23642441094495,300.0,0.0,570.0,74.69728678252669,16.75594190923479,1314.0,224.16132914572114,48.20115060154151,370.0,61.216501823004016,12.799031561134626,0.0,0.0,0.0,0.0,0.0,0.0
7,0.054,5,360.27790070876995,300.0,100.0,577.0,69.89383345367561,14.140121205799446,1416.0,234.4228149496486,49.722293376405574,333.0,54.41167988083732,11.26379323736814,7.0,0.7,0.07,67.0,0.6208454776076296,0.00662294238683128
