id,probability_maraud,successful_mating,next_foraging_time,x_pos,y_pos,foraging_events,foraging_hrs,foraging_sqhrs,staying_events,staying_hrs,staying_sqhrs,repairing_events,repairing_hrs,repairing_sqhrs,marauding_events,marauding_hrs,marauding_sqhrs,traveling_events,traveling_hrs,traveling_sqhrs
0,0.054,15,360.0724564417282,0.0,0.0,565.0,71.1057601660467,14.793994353746664,1393.0,232.32190998533784,49.434891549905196,313.0,54.98031644712947,12.261883033096577,10.0,0.9999999999999999,0.10000000000000003,78.0,0.6643038276804546,0.006730109739369006
1,0.054,12,360.5390387285325,0.0,100.0,565.0,73.52541888365417,16.48624219399498,1489.0,248.0425380731776,52.49037608956838,205.0,36.86306168283017,8.159295607491375,9.0,0.8999999999999999,0.09000000000000002,89.0,0.7651355519926402,0.00788751714677641
2,0.054,3,359.9356692506594,100.0,0.0,554.0,69.00956473382999,14.558478637969765,1352.0,227.96353235708426,49.28811505687499,351.0,61.33862553169345,13.87544410684536,12.0,1.2,0.12000000000000005,76.0,0.5064921774784287,0.003750857338820303
3,0.0,9,359.99174642318354,100.0,100.0,563.0,73.05592352081165,14.897732210936663,1235.0,207.21275204983456,44.105590103066056,476.0,79.83096823889747,16.48983601902638,0.0,0.0,0.0,0.0,0.0,0.0
4,0.054,7,360.52825669450124,200.0,0.0,554.0,71.37556585391324,15.11434626780273,1201.0,201.74241664725966,43.12736052481895,526.0,85.37090533039576,17.952249123426792,13.0,1.3,0.13000000000000006,73.0,0.5063558939065635,0.0038151577503429367
5,0.054,12,360.1400317027704,200.0,100.0,571.0,69.79642906188097,14.491097453606068,1441.0,246.05175429494514,53.11107467805087,262.0,42.59598519808791,8.998393831768311,12.0,1.2,0.12000000000000005,91.0,0.5850291683990663,0.004158093278463652
6,0.054,7,360.3107299856055,300.0,0.0,564.0,68.9530381371895,13.587610456565503,1238.0,210.9867258488847,45.254882885622145,467.0,78.7878686859803,16.9328390074429,7.0,0.7,0.07,74.0,0.6663553212501567,0.007051611796982174
7,0.054,7,360.2903137329918,300.0,100.0,574.0,66.28353192663806,12.671531161767241,1415.0,238.69951074019875,51.35334224455579,319.0,52.32957777306704,10.997732546151688,19.0,1.9000000000000006,0.1900000000000001,92.0,0.8256623590173223,0.008637688614540475
