id,probability_maraud,successful_mating,next_foraging_time,x_pos,y_pos,foraging_events,foraging_hrs,foraging_sqhrs,staying_events,staying_hrs,staying_sqhrs,repairing_events,repairing_hrs,repairing_sqhrs,marauding_events,marauding_hrs,marauding_sqhrs,traveling_events,traveling_hrs,traveling_sqhrs
0,0.054,13,360.4457299281993,0.0,0.0,566.0,70.27980042987208,14.654352010659382,1297.0,219.58397679319316,47.3307671947651,400.0,67.37324228907184,14.463490133573249,21.0,2.1000000000000005,0.21000000000000013,92.0,0.817384931873382,0.00833762002743485
1,0.054,9,360.65702255643964,0.0,100.0,565.0,72.33155687776267,14.862010972630818,1308.0,218.924507651413,46.66712285467805,413.0,67.31648286468564,14.143533535493093,11.0,1.0999999999999999,0.11000000000000004,67.0,0.5940902727530382,0.006215706447187933
2,0.054,11,360.2310126490691,100.0,0.0,573.0,73.8791031091427,15.39393597881001,1449.0,241.9453272014526,50.835376378428435,262.0,42.57047767427235,8.929498520471949,12.0,1.2,0.12000000000000005,63.0,0.4278189029859262,0.003193587105624143
3,0.054,7,360.5347780655758,100.0,100.0,562.0,67.00916392710575,12.62568748011052,1372.0,238.41456677621957,51.690239547297146,318.0,53.177331608407734,11.217578179158863,10.0,0.9999999999999999,0.10000000000000003,64.0,0.426994154907809,0.0031507201646090548
4,0.054,4,360.1489297385275,200.0,0.0,556.0,70.92116010190153,14.96191972996349,1157.0,196.20498832372633,42.63057761196166,548.0,91.47345631403759,19.411481749626216,11.0,1.0999999999999999,0.11000000000000004,70.0,0.45305141929849774,0.003279320987654323
5,0.054,8,359.93596303213815,200.0,100.0,567.0,69.7619144747194,14.560824419421419,1215.0,202.92784087668343,43.18667652304442,507.0,85.72235529638125,18.39519901197012,13.0,1.3,0.13000000000000006,55.0,0.3642637082574175,0.0027006172839506184
6,0.0,10,360.05691414727426,300.0,0.0,567.0,71.0296074164982,14.543086545799154,1187.0,203.08327403479618,44.008564441332965,509.0,85.92840866137587,18.66908622043098,0.0,0.0,0.0,0.0,0.0,0.0
7,0.054,10,360.4052435613819,300.0,100.0,570.0,67.96093283150341,13.489155152192513,1333.0,229.18264613626275,50.11712733695981,356.0,61.1978962980057,13.436259876550197,13.0,1.3,0.13000000000000006,65.0,0.5511281359592373,0.005508401920438961
