id,probability_maraud,successful_mating,next_foraging_time,x_pos,y_pos,foraging_events,foraging_hrs,foraging_sqhrs,staying_events,staying_hrs,staying_sqhrs,repairing_events,repairing_hrs,repairing_sqhrs,marauding_events,marauding_hrs,marauding_sqhrs,traveling_events,traveling_hrs,traveling_sqhrs
0,0.054,11,359.924455924327,0.0,0.0,561.0,69.5130739834793,13.703086769293135,1334.0,227.67445102716937,48.482183771158276,344.0,61.65007461229049,13.709327753702409,10.0,0.9999999999999999,0.10000000000000003,71.0,0.37472743285627014,0.002036179698216734
1,0.054,10,360.1736912214975,0.0,100.0,573.0,68.34654988221808,13.649946278767231,1472.0,253.94693432120988,55.310790257175086,218.0,36.57428992107978,7.704026840836206,9.0,0.8999999999999999,0.09000000000000002,73.0,0.3897396582596002,0.002143347050754457
2,0.0,9,360.76093377159816,100.0,0.0,571.0,70.31721232777535,14.3129913013101,1255.0,216.50675423704047,47.02772429424146,444.0,73.25711260930176,15.515134916749476,0.0,0.0,0.0,0.0,0.0,0.0
3,0.054,6,360.2005698152168,100.0,100.0,570.0,69.03139166422773,13.772059796975343,1417.0,240.2571312739891,51.522499602575245,295.0,48.66896722275944,10.373654810609883,17.0,1.7000000000000004,0.1700000000000001,83.0,0.43411829917453976,0.0023362482853223586
