id,probability_maraud,successful_mating,next_foraging_time,x_pos,y_pos,foraging_events,foraging_hrs,foraging_sqhrs,staying_events,staying_hrs,staying_sqhrs,repairing_events,repairing_hrs,repairing_sqhrs,marauding_events,marauding_hrs,marauding_sqhrs,traveling_events,traveling_hrs,traveling_sqhrs
0,0.054,10,360.35016655134996,0.0,0.0,563.0,69.09891180622894,13.884113704047811,1340.0,229.24765819217407,49.535767956158296,351.0,60.938159439239705,13.110325643230219,7.0,0.7,0.07,60.0,0.32571916231170106,0.0018218449931412877
1,0.054,11,359.9574514392018,0.0,100.0,569.0,69.79580684758218,13.794736509461542,1459.0,244.7910164438406,51.9260379447938,252.0,43.013488783520984,9.180916033571181,19.0,1.9000000000000006,0.1900000000000001,101.0,0.5155339771265163,0.002700617283950618
2,0.0,6,360.1864565462514,100.0,0.0,572.0,70.02298979775986,13.835030856127217,1275.0,216.6533207121989,46.19206621916661,422.0,73.43911583789364,15.841929379920044,0.0,0.0,0.0,0.0,0.0,0.0
3,0.054,9,360.0038745746838,100.0,100.0,554.0,66.10159330954517,12.94785860612933,1417.0,237.44974163284996,51.59227584568993,313.0,54.87342334017104,12.320782481058348,12.0,1.2,0.12000000000000005,75.0,0.39708126213750256,0.0021647805212620017
