id,probability_maraud,successful_mating,next_foraging_time,x_pos,y_pos,foraging_events,foraging_hrs,foraging_sqhrs,staying_events,staying_hrs,staying_sqhrs,repairing_events,repairing_hrs,repairing_sqhrs,marauding_events,marauding_hrs,marauding_sqhrs,traveling_events,traveling_hrs,traveling_sqhrs
0,0.054,10,359.8636112769164,0.0,0.0,558.0,70.39399765197155,14.681348428795385,1336.0,227.2063124009147,48.94153057567259,352.0,60.800750631253194,13.239418440302538,12.0,1.2,0.12000000000000005,94.0,0.5138090558208196,0.0028935185185185184
1,0.054,10,360.02778458976394,0.0,100.0,565.0,69.53956734239478,15.088585309315818,1312.0,227.76063199264732,49.95657543439684,363.0,61.2464259555904,12.983195339629399,11.0,1.0999999999999999,0.11000000000000004,77.0,0.4101758321594757,0.0022505144032921804
2,0.0,7,360.2216709525484,100.0,0.0,560.0,72.05786791009974,16.071556576606476,1245.0,208.2423410571048,44.80552249190415,474.0,79.82479398019613,17.15596542615772,0.0,0.0,0.0,0.0,0.0,0.0
3,0.054,9,360.16587529355485,100.0,100.0,582.0,71.50384374577027,14.871550959289634,1386.0,237.72147863822016,51.59165836624051,277.0,48.65054165006036,10.474166445487018,18.0,1.8000000000000005,0.1800000000000001,80.0,0.42406472104836457,0.0023148148148148143
