id,probability_maraud,successful_mating,next_foraging_time,x_pos,y_pos,foraging_events,foraging_hrs,foraging_sqhrs,staying_events,staying_hrs,staying_sqhrs,repairing_events,repairing_hrs,repairing_sqhrs,marauding_events,marauding_hrs,marauding_sqhrs,traveling_events,traveling_hrs,traveling_sqhrs
0,0.054,13,360.4384042563234,0.0,0.0,568.0,71.81062794952003,15.442111664640345,1381.0,236.4445301604212,50.76304203849143,297.0,49.782390827013735,10.452545733828453,17.0,1.7000000000000004,0.1700000000000001,80.0,0.42790003181107855,0.0023576817558299047
1,0.054,7,360.52134932146146,0.0,100.0,564.0,71.03324382737276,14.753208652998934,1336.0,232.89130928074508,51.504194031259004,334.0,55.295358067893005,11.719333639424189,5.0,0.5,0.05000000000000001,61.0,0.3265134811786168,0.0018004115226337432
2,0.0,7,360.28876649316834,100.0,0.0,560.0,68.93777235331854,14.23049206964598,1289.0,217.77254650411044,46.23579172602095,439.0,73.41467946243054,15.944651658488247,0.0,0.0,0.0,0.0,0.0,0.0
3,0.054,9,360.8417308799378,100.0,100.0,565.0,69.53245712159016,14.871169731672223,1478.0,246.09967385611085,52.055942344849676,266.0,42.62429868389188,8.559222642996938,15.0,1.5000000000000002,0.15000000000000008,78.0,0.4148054617891053,0.002271947873799725
