id,probability_maraud,successful_mating,next_foraging_time,x_pos,y_pos,foraging_events,foraging_hrs,foraging_sqhrs,staying_events,staying_hrs,staying_sqhrs,repairing_events,repairing_hrs,repairing_sqhrs,marauding_events,marauding_hrs,marauding_sqhrs,traveling_events,traveling_hrs,traveling_sqhrs
0,0.054,10,360.44068186706335,0.0,0.0,581.0,68.1778925119959,13.156702309671582,1501.0,259.4114322109579,56.640384591369106,180.0,30.539693305136502,6.4989809795514475,15.0,1.5000000000000002,0.15000000000000008,89.0,0.4810726307658866,0.0026791838134430724
1,0.0,8,360.20465163587426,0.0,100.0,567.0,69.89449570072914,15.04399859604489,1379.0,229.3097067253472,48.296305130865036,350.0,60.81159556301228,13.360647198643004,0.0,0.0,0.0,0.0,0.0,0.0
2,0.054,5,360.49827239161294,100.0,0.0,563.0,67.95630336593992,13.318947869008863,1361.0,230.24561918342144,49.654323569280784,349.0,60.67025673049357,12.877114146949992,8.0,0.7999999999999999,0.08000000000000002,83.0,0.4341182991745396,0.0023362482853223595
3,0.054,13,360.3564341906564,100.0,100.0,562.0,71.48924581560111,15.267752967245425,1291.0,220.06282878880404,47.592214838609486,394.0,66.93504422427925,14.452201361348477,13.0,1.3,0.13000000000000006,68.0,0.35125026706059653,0.0018647119341563768
