id,probability_maraud,successful_mating,next_foraging_time,x_pos,y_pos,foraging_events,foraging_hrs,foraging_sqhrs,staying_events,staying_hrs,staying_sqhrs,repairing_events,repairing_hrs,repairing_sqhrs,marauding_events,marauding_hrs,marauding_sqhrs,traveling_events,traveling_hrs,traveling_sqhrs
0,0.054,12,360.03198685426224,0.0,0.0,567.0,71.88436599941328,14.67894352450796,1590.0,262.18706914520436,55.35156159840824,142.0,24.355482674497008,5.1499933547251935,13.0,1.3,0.13000000000000006,92.0,0.49304386427341884,0.0027220507544581615
1,0.054,11,360.3216503051325,0.0,100.0,564.0,67.08329439213291,13.121722595210029,1405.0,243.11039775422543,52.84661245617205,286.0,48.62599606295109,10.326610567277328,10.0,0.9999999999999999,0.10000000000000003,65.0,0.3411966889344214,0.0018432784636488323
2,0.0,6,360.0542312158603,100.0,0.0,565.0,74.73463028021953,15.18051156588677,1308.0,224.1508729814501,48.3394624292214,361.0,61.50475082947574,13.042024312120297,0.0,0.0,0.0,0.0,0.0,0.0
3,0.054,7,360.53266563704983,100.0,100.0,572.0,70.89011110021131,13.888273890785753,1286.0,220.61978433178777,47.503614356648306,389.0,67.26757464999379,14.634978960327315,10.0,0.9999999999999999,0.10000000000000003,75.0,0.3970812621375025,0.0021647805212620013
