id,probability_maraud,successful_mating,next_foraging_time,x_pos,y_pos,foraging_events,foraging_hrs,foraging_sqhrs,staying_events,staying_hrs,staying_sqhrs,repairing_events,repairing_hrs,repairing_sqhrs,marauding_events,marauding_hrs,marauding_sqhrs,traveling_events,traveling_hrs,traveling_sqhrs
0,0.054,8,360.2059531856386,0.0,0.0,584.0,67.9366664088783,13.42244192590755,1294.0,223.4471215098956,48.70003800233346,402.0,67.29702166175919,14.515750774334562,10.0,0.9999999999999999,0.10000000000000003,66.0,0.33815569703862336,0.0017789780521261986
1,0.054,13,359.88012215976164,0.0,100.0,570.0,70.22613322677806,14.55305989393676,1482.0,251.04172021541086,53.926461532122026,235.0,36.74336514385908,7.421820453520355,16.0,1.6000000000000003,0.1600000000000001,78.0,0.4263113940772469,0.0024005486968449925
2,0.054,9,359.9616406737069,100.0,0.0,561.0,72.19280602264287,15.739243623650069,1342.0,225.19924406072403,47.364506269932306,365.0,60.920979899302715,12.949381466089172,13.0,1.3,0.13000000000000006,85.0,0.4491305245778698,0.002443415637860083
3,0.0,6,360.3249677691238,100.0,100.0,556.0,67.97150350767875,13.859606860427482,1271.0,218.69499962488203,46.9943588799717,433.0,73.33840618643684,15.790886235417833,0.0,0.0,0.0,0.0,0.0,0.0
