id,probability_maraud,successful_mating,next_foraging_time,x_pos,y_pos,foraging_events,foraging_hrs,foraging_sqhrs,staying_events,staying_hrs,staying_sqhrs,repairing_events,repairing_hrs,repairing_sqhrs,marauding_events,marauding_hrs,marauding_sqhrs,traveling_events,traveling_hrs,traveling_sqhrs
0,0.054,7,360.3910571395731,0.0,0.0,568.0,72.96205695994949,15.479485387327902,1172.0,201.1243571579536,43.609695387393614,492.0,85.05034649294358,18.337934136286897,7.0,0.7,0.07,54.0,0.2921884183898524,0.0016289437585733867
1,0.054,10,359.8596032942756,0.0,100.0,555.0,70.60897219597413,14.999176437107211,1348.0,226.78072003086874,48.568376748734515,364.0,61.19306467838368,13.058913560290138,11.0,1.0999999999999999,0.11000000000000004,73.0,0.3878220028782432,0.0021219135802469126
2,0.0,6,360.85647728386004,100.0,0.0,572.0,75.0789691335427,16.022617885662008,1212.0,204.23720332451347,43.226841567984174,499.0,80.87451727432133,17.011271226616223,0.0,0.0,0.0,0.0,0.0,0.0
3,0.054,13,360.37311382795576,100.0,100.0,561.0,69.71679504601641,13.763704777986359,1630.0,275.4413960151935,59.10989084594693,73.0,12.112231029176375,2.48541301384194,22.0,2.2000000000000006,0.22000000000000014,103.0,0.5497227563434157,0.0030221193415637883
