id,probability_maraud,successful_mating,next_foraging_time,x_pos,y_pos,foraging_events,foraging_hrs,foraging_sqhrs,staying_events,staying_hrs,staying_sqhrs,repairing_events,repairing_hrs,repairing_sqhrs,marauding_events,marauding_hrs,marauding_sqhrs,traveling_events,traveling_hrs,traveling_sqhrs
0,0.054,13,360.1815162042966,0.0,0.0,549.0,69.47039094957395,14.391305501371948,1487.0,258.4810423214886,57.046118063029496,189.0,30.43150642226054,6.324992081734712,12.0,1.2,0.12000000000000005,94.0,0.48887953586317967,0.002614883401920441
1,0.054,7,359.9441881377758,0.0,100.0,555.0,70.87057582724866,15.28702850412049,1377.0,233.07265747699122,50.088249952780544,333.0,55.26431782621566,11.466141896357751,5.0,0.5,0.05000000000000001,65.0,0.3488673104598491,0.0019290123456790107
2,0.0,7,360.00626196199795,100.0,0.0,568.0,66.704884243749,13.192137442277845,1232.0,207.52607612610063,44.782393502645405,497.0,85.80053276232444,18.9202540444828,0.0,0.0,0.0,0.0,0.0,0.0
3,0.054,9,360.54283651942745,100.0,100.0,575.0,71.2994574742801,14.352469080122862,1598.0,274.6371354668795,59.43932214798,66.0,12.279968754546678,2.8404007309976746,13.0,1.3,0.13000000000000006,100.0,0.5300809013104558,0.0028935185185185192
