id,probability_maraud,successful_mating,next_foraging_time,x_pos,y_pos,foraging_events,foraging_hrs,foraging_sqhrs,staying_events,staying_hrs,staying_sqhrs,repairing_events,repairing_hrs,repairing_sqhrs,marauding_events,marauding_hrs,marauding_sqhrs,traveling_events,traveling_hrs,traveling_sqhrs
0,0.054,9,360.0361451492948,0.0,0.0,566.0,72.44537390831373,14.875846903635932,1426.0,242.00183396312588,52.467046234981815,251.0,43.192782639600914,9.431639994944177,21.0,2.1000000000000005,0.21000000000000013,77.0,0.3929169337272633,0.0020576131687242783
1,0.054,10,359.9845923283947,0.0,100.0,571.0,70.32476604473068,13.998430581689012,1293.0,214.5306488111152,45.17325990806464,436.0,73.84031377578414,15.844899098531705,10.0,0.9999999999999999,0.10000000000000003,65.0,0.34311434431577825,0.001864711934156377
2,0.0,7,360.0520186575758,100.0,0.0,564.0,70.8062388226315,14.68000851827181,1234.0,210.25136798122207,45.41553313051915,479.0,79.10199502006256,16.508503193390315,0.0,0.0,0.0,0.0,0.0,0.0
3,0.054,10,360.4295149316337,100.0,100.0,559.0,70.33087719691386,14.83605198056205,1459.0,252.08440958744345,54.11427606023945,215.0,36.63641118707578,7.9991071225997326,8.0,0.7999999999999999,0.08000000000000002,71.0,0.3804803990003409,0.002100480109739368
