id,probability_maraud,successful_mating,next_foraging_time,x_pos,y_pos,foraging_events,foraging_hrs,foraging_sqhrs,staying_events,staying_hrs,staying_sqhrs,repairing_events,repairing_hrs,repairing_sqhrs,marauding_events,marauding_hrs,marauding_sqhrs,traveling_events,traveling_hrs,traveling_sqhrs
0,0.054,8,360.3548007913498,0.0,0.0,562.0,68.9279902549208,13.88352666546117,1289.0,216.66597772609896,46.29573691882425,439.0,73.06760514238458,15.3485518590637,10.0,0.9999999999999999,0.10000000000000003,76.0,0.3997932363857752,0.0021647805212620013
1,0.054,10,360.45977945046485,0.0,100.0,559.0,69.81819658912852,15.336180240238463,1499.0,258.3037468393349,56.309781768469506,178.0,30.248209916443756,6.404827967009059,13.0,1.3,0.13000000000000006,93.0,0.47274397394540835,0.0024648491083676272
2,0.054,13,360.0901216385712,100.0,0.0,576.0,69.42289968724624,13.301560054600847,1303.0,222.62414625321125,47.65194652726597,397.0,66.39638920339772,13.872950355573474,12.0,1.2,0.12000000000000005,72.0,0.3793570624858997,0.0020576131687242787
3,0.0,5,360.2088121235713,100.0,100.0,559.0,70.41162341943304,13.603271258669874,1438.0,246.796044451937,52.89398318979979,235.0,42.91518662475043,9.822095078587187,0.0,0.0,0.0,0.0,0.0,0.0
