id,probability_maraud,successful_mating,next_foraging_time,x_pos,y_pos,foraging_events,foraging_hrs,foraging_sqhrs,staying_events,staying_hrs,staying_sqhrs,repairing_events,repairing_hrs,repairing_sqhrs,marauding_events,marauding_hrs,marauding_sqhrs,traveling_events,traveling_hrs,traveling_sqhrs
0,0.0,7,360.00419948649034,0.0,0.0,564.0,69.71685112613869,13.838552904384537,1304.0,217.10316770305505,45.74249591650041,436.0,73.3251428339739,15.247498193281592,0.0,0.0,0.0,0.0,0.0,0.0
1,0.054,12,360.4111788085735,0.0,100.0,574.0,71.49772682929166,14.714956003599976,1510.0,256.75521812355896,54.52580121997173,185.0,30.417539395465063,6.3516902118306575,10.0,0.9999999999999999,0.10000000000000003,83.0,0.43028298841182583,0.00229338134430727
2,0.054,7,360.18097733035927,100.0,0.0,572.0,71.37265469919741,15.983590030630697,1224.0,207.67904545028833,44.77072158449303,468.0,79.70015519544472,16.878201038817238,11.0,1.0999999999999999,0.11000000000000004,80.0,0.4144764441415801,0.0022076474622770913
3,0.054,10,360.7314132619304,100.0,100.0,570.0,68.29922898756317,14.03861559528539,1432.0,236.87008054261514,49.6094109473398,293.0,52.547441449180745,11.724652076715046,18.0,1.8000000000000005,0.1800000000000001,97.0,0.516192012421567,0.002829218106995886
