id,probability_maraud,successful_mating,next_foraging_time,x_pos,y_pos,foraging_events,foraging_hrs,foraging_sqhrs,staying_events,staying_hrs,staying_sqhrs,repairing_events,repairing_hrs,repairing_sqhrs,marauding_events,marauding_hrs,marauding_sqhrs,traveling_events,traveling_hrs,traveling_sqhrs
0,0.054,10,359.9339026117011,0.0,0.0,557.0,69.79761480387168,14.442247647437544,1458.0,246.81881041893988,52.29647622290985,236.0,42.23997298512607,9.46548792885887,8.0,0.7999999999999999,0.08000000000000002,89.0,0.4657313877150314,0.0025077160493827168
1,0.054,8,360.3097011306777,0.0,100.0,567.0,70.75902339094218,14.49598537552554,1548.0,256.89747310231473,53.521998403096134,185.0,30.545669997626934,6.411995398405348,14.0,1.4000000000000001,0.14000000000000007,92.0,0.489208553510705,0.0026791838134430745
2,0.054,8,360.17341278113827,100.0,0.0,567.0,70.0107127827694,14.995939543006036,1450.0,245.8615927061198,52.39149099252242,252.0,43.000394554686004,9.360040713494318,8.0,0.7999999999999999,0.08000000000000002,74.0,0.3771103894570176,0.0019718792866940996
3,0.0,10,360.28967579494235,100.0,100.0,561.0,71.62373641320312,14.605411367824763,1324.0,221.4153102518132,46.993359735041594,393.0,67.15539703829616,14.479070239289838,0.0,0.0,0.0,0.0,0.0,0.0
