id,probability_maraud,successful_mating,next_foraging_time,x_pos,y_pos,foraging_events,foraging_hrs,foraging_sqhrs,staying_events,staying_hrs,staying_sqhrs,repairing_events,repairing_hrs,repairing_sqhrs,marauding_events,marauding_hrs,marauding_sqhrs,traveling_events,traveling_hrs,traveling_sqhrs
0,0.0,8,360.30782555851795,0.0,0.0,565.0,70.37884959771208,15.07559693495845,1364.0,228.46908180390318,48.559951473684286,378.0,61.16452280363525,12.680868367280961,0.0,0.0,0.0,0.0,0.0,0.0
1,0.054,7,360.3014519224952,0.0,100.0,566.0,72.65837226452055,15.11568507268134,1240.0,212.59984765891116,46.08547971291736,416.0,73.27698545302299,15.982422124170602,13.0,1.3,0.13000000000000006,76.0,0.4093815132925599,0.002271947873799725
2,0.054,9,360.1489164123765,100.0,0.0,561.0,72.37985224919433,15.131935808249773,1293.0,218.76781203043458,47.12282434023708,412.0,67.19621366952865,13.83453083054541,14.0,1.4000000000000001,0.14000000000000007,70.0,0.3739331139893542,0.0020576131687242783
3,0.054,12,360.638702211656,100.0,100.0,577.0,72.8158700005641,14.915835417196107,1465.0,248.73483985298725,54.51928504857593,211.0,36.87676158326171,7.965317849008054,12.0,1.2,0.12000000000000005,90.0,0.47036101734466107,0.0025291495198902616
