id,probability_maraud,successful_mating,next_foraging_time,x_pos,y_pos,foraging_events,foraging_hrs,foraging_sqhrs,staying_events,staying_hrs,staying_sqhrs,repairing_events,repairing_hrs,repairing_sqhrs,marauding_events,marauding_hrs,marauding_sqhrs,traveling_events,traveling_hrs,traveling_sqhrs
0,0.054,7,360.5924841705804,0.0,0.0,560.0,69.48276921801497,13.948954875910765,1491.0,251.7465108284827,53.22616220660379,207.0,36.79242627147681,8.149767687186538,16.0,1.6000000000000003,0.1600000000000001,98.0,0.536162885102052,0.0030221193415637883
1,0.0,6,360.47729327820196,0.0,100.0,576.0,68.36279135133509,13.146930794794827,1385.0,237.07643904508944,50.569403341583424,312.0,54.679492059148686,11.781309003232682,0.0,0.0,0.0,0.0,0.0,0.0
2,0.054,9,359.986665190411,100.0,0.0,557.0,71.2041400646324,15.91818161191141,1317.0,227.19789419843696,48.947413496169865,355.0,60.34680357521329,13.15790938191339,10.0,0.9999999999999999,0.10000000000000003,66.0,0.34007335241998027,0.0018004115226337432
3,0.054,14,360.38415383412723,100.0,100.0,565.0,71.56970816454728,14.485934853307112,1357.0,232.3054020519115,50.29765550313329,331.0,55.01691772577577,11.858973437123018,8.0,0.7999999999999999,0.08000000000000002,65.0,0.3335260674089937,0.001757544581618654
