id,probability_maraud,successful_mating,next_foraging_time,x_pos,y_pos,foraging_events,foraging_hrs,foraging_sqhrs,staying_events,staying_hrs,staying_sqhrs,repairing_events,repairing_hrs,repairing_sqhrs,marauding_events,marauding_hrs,marauding_sqhrs,traveling_events,traveling_hrs,traveling_sqhrs
0,0.0,13,360.5811323832021,0.0,0.0,557.0,71.68457298390595,15.268047633867273,1246.0,211.43451021110252,45.21237381944211,455.0,77.0641644659683,16.466687495645502,0.0,0.0,0.0,0.0,0.0,0.0
1,0.054,7,360.3335874295357,0.0,100.0,559.0,70.29769128909366,14.242455786581221,1307.0,220.7399783343723,47.6624048561353,391.0,66.88801284885541,14.539196619362784,17.0,1.7000000000000004,0.1700000000000001,81.0,0.4191060737712095,0.0022290809327846356
2,0.054,6,360.09172129168064,100.0,0.0,565.0,70.09325197897392,14.851014266443713,1465.0,251.30424108241218,55.62309472103009,210.0,37.00487949683705,8.214766583801408,13.0,1.3,0.13000000000000006,83.0,0.42644767764911196,0.002250514403292181
3,0.054,10,360.09798448735876,100.0,100.0,576.0,75.37672499705134,16.736310693088047,1212.0,203.34328014603366,43.48760667757261,474.0,79.78471434601742,17.09682861667594,13.0,1.3,0.13000000000000006,69.0,0.36930348435972477,0.0020361796982167335
