id,probability_maraud,successful_mating,next_foraging_time,x_pos,y_pos,foraging_events,foraging_hrs,foraging_sqhrs,staying_events,staying_hrs,staying_sqhrs,repairing_events,repairing_hrs,repairing_sqhrs,marauding_events,marauding_hrs,marauding_sqhrs,traveling_events,traveling_hrs,traveling_sqhrs
0,0.054,11,360.7081103633511,0.0,0.0,566.0,73.78558550136768,16.13324045483562,1354.0,229.83363379576096,49.34546122053486,330.0,54.883336345173475,11.810200818496781,14.0,1.4000000000000001,0.14000000000000007,73.0,0.38590434749688635,0.002100480109739368
1,0.0,8,360.2721574049946,0.0,100.0,569.0,71.53277069784812,14.919451643032996,1120.0,191.1522487034873,41.66704669508215,568.0,97.38742445985709,21.096903511302333,0.0,0.0,0.0,0.0,0.0,0.0
2,0.054,9,360.4559183377101,100.0,0.0,571.0,66.73686655789167,13.414514186683359,1499.0,249.70511071194312,53.61122709075078,254.0,42.46126496563899,8.97030730703158,10.0,0.9999999999999999,0.10000000000000003,86.0,0.4499248434447856,0.002421982167352538
3,0.054,8,360.3242391172123,100.0,100.0,566.0,70.90748172177157,15.07865899206389,1413.0,238.4496715564554,50.9982052136575,294.0,48.72018778960529,10.415129243346144,16.0,1.6000000000000003,0.1600000000000001,73.0,0.3724807598273878,0.001950445816186555
