id,probability_maraud,successful_mating,next_foraging_time,x_pos,y_pos,foraging_events,foraging_hrs,foraging_sqhrs,staying_events,staying_hrs,staying_sqhrs,repairing_events,repairing_hrs,repairing_sqhrs,marauding_events,marauding_hrs,marauding_sqhrs,traveling_events,traveling_hrs,traveling_sqhrs
0,0.054,9,360.1305478693987,0.0,0.0,580.0,67.00687867776065,12.756722970380556,1242.0,211.365406652719,44.687865476825074,468.0,79.49752117301612,17.270707537491415,17.0,1.7000000000000004,0.1700000000000001,82.0,0.4448299125957654,0.0024862825788751716
1,0.0,13,360.5313787795325,0.0,100.0,571.0,69.23960106444007,14.642849590459896,1548.0,260.01386992920845,55.67758589268552,174.0,30.760480692924595,6.94877591088458,0.0,0.0,0.0,0.0,0.0,0.0
2,0.054,6,360.2918733086258,100.0,0.0,585.0,72.195737786977,14.141061648029929,1364.0,236.5003993722555,51.96733047961029,278.0,49.35728526430304,10.99173412952496,15.0,1.5000000000000002,0.15000000000000008,87.0,0.4526368176930582,0.002421982167352537
3,0.054,8,360.43786119886806,100.0,100.0,577.0,70.67174586958221,15.094748265291908,1231.0,209.53780847697521,44.94505203055162,464.0,78.91450887515764,16.647482551880785,7.0,0.7,0.07,54.0,0.27301186457628296,0.0014146090534979412
