id,probability_maraud,successful_mating,next_foraging_time,x_pos,y_pos,foraging_events,foraging_hrs,foraging_sqhrs,staying_events,staying_hrs,staying_sqhrs,repairing_events,repairing_hrs,repairing_sqhrs,marauding_events,marauding_hrs,marauding_sqhrs,traveling_events,traveling_hrs,traveling_sqhrs
0,0.054,10,360.21455680069204,0.0,0.0,563.0,71.21672888005179,14.77049448100738,1573.0,262.5330297922498,55.570518989629775,146.0,24.292796243595827,5.181255899263846,16.0,1.6000000000000003,0.1600000000000001,79.0,0.417517436037378,0.002271947873799725
1,0.0,6,360.4270213519925,0.0,100.0,569.0,71.37179280394824,14.312658405903685,1180.0,196.61315679544018,41.91162625535612,523.0,92.19786849839221,20.3326497550982,0.0,0.0,0.0,0.0,0.0,0.0
2,0.054,12,360.7040051595169,100.0,0.0,578.0,71.8037653182835,15.807375265118587,1356.0,230.9608928311155,49.57170856187845,325.0,55.81311739772557,12.290757030855824,11.0,1.0999999999999999,0.11000000000000004,91.0,0.48266126849971847,0.0026363168724279845
3,0.054,8,360.63518671761534,100.0,100.0,574.0,71.74036446602666,14.886984291355999,1331.0,225.61151095649979,48.4949911824812,377.0,61.23133057673779,12.801496031683103,12.0,1.2,0.12000000000000005,81.0,0.40951779686442497,0.002121913580246913
