id,probability_maraud,successful_mating,next_foraging_time,x_pos,y_pos,foraging_events,foraging_hrs,foraging_sqhrs,staying_events,staying_hrs,staying_sqhrs,repairing_events,repairing_hrs,repairing_sqhrs,marauding_events,marauding_hrs,marauding_sqhrs,traveling_events,traveling_hrs,traveling_sqhrs
0,0.0,7,360.417813620425,0.0,0.0,566.0,71.70842721960814,15.490499434600348,1185.0,202.8973211353824,44.46797948509643,522.0,85.57936754502303,17.79860072799208,0.0,0.0,0.0,0.0,0.0,0.0
1,0.054,4,360.38734422820926,0.0,100.0,569.0,72.07843761766058,15.595925854774729,1440.0,241.28539900331356,51.10871519492093,268.0,44.863077522533715,9.693257342457066,13.0,1.3,0.13000000000000006,90.0,0.4799492942514456,0.0026363168724279845
2,0.054,11,359.89697313048833,100.0,0.0,560.0,72.34153609450547,16.103671927710618,1275.0,218.66432099077556,46.80868634439627,402.0,67.353277344337,14.28182305502271,12.0,1.2,0.12000000000000005,85.0,0.44721286919651265,0.0024219821673525364
3,0.054,14,360.15321726722283,100.0,100.0,564.0,70.44059431806143,14.813558399369262,1437.0,244.4944801548325,52.847037294273605,259.0,43.12936319432025,8.96399408543822,15.0,1.5000000000000002,0.15000000000000008,86.0,0.4537601542074994,0.002464849108367627
