id,probability_maraud,successful_mating,next_foraging_time,x_pos,y_pos,foraging_events,foraging_hrs,foraging_sqhrs,staying_events,staying_hrs,staying_sqhrs,repairing_events,repairing_hrs,repairing_sqhrs,marauding_events,marauding_hrs,marauding_sqhrs,traveling_events,traveling_hrs,traveling_sqhrs
0,0.054,6,360.6374445355045,0.0,0.0,556.0,74.27777287875713,17.282946704751563,1223.0,211.0171496257101,46.30045370011859,434.0,73.19772935888446,15.740876158514679,11.0,1.0999999999999999,0.11000000000000004,82.0,0.4409946018330516,0.0024434156378600825
1,0.054,14,360.3204074523381,0.0,100.0,559.0,69.39267366571826,14.08752138717921,1447.0,246.02439875962853,53.14232931278639,263.0,42.783605319309274,8.967955161872077,15.0,1.5000000000000002,0.15000000000000008,90.0,0.47227867272601803,0.002550582990397806
2,0.054,8,360.12061093618115,100.0,0.0,566.0,71.56163009737237,15.062663693464925,1350.0,231.80715657775855,49.56924709266584,336.0,54.88176020711259,11.277101261673232,14.0,1.4000000000000001,0.14000000000000007,70.0,0.35667421555714185,0.0018647119341563768
3,0.0,8,360.4839811721973,100.0,100.0,554.0,73.43471984705432,16.764266647191747,1258.0,213.53425622302416,45.71024191473879,446.0,73.05534531946985,15.40368231648927,0.0,0.0,0.0,0.0,0.0,0.0
