id,probability_maraud,successful_mating,next_foraging_time,x_pos,y_pos,foraging_events,foraging_hrs,foraging_sqhrs,staying_events,staying_hrs,staying_sqhrs,repairing_events,repairing_hrs,repairing_sqhrs,marauding_events,marauding_hrs,marauding_sqhrs,traveling_events,traveling_hrs,traveling_sqhrs
0,0.054,8,360.5553051077638,0.0,0.0,569.0,69.90903344229154,14.454472936377368,1583.0,271.1973460831564,58.197405190388274,107.0,18.164554346596162,3.890171697142092,6.0,0.6,0.06000000000000001,83.0,0.4379536099372536,0.0023791152263374486
1,0.054,9,359.97769372408726,0.0,100.0,565.0,70.4356855670187,14.56114214062728,1468.0,248.48600417592732,53.20397400826241,232.0,39.78688115805814,8.579699781881557,10.0,0.9999999999999999,0.10000000000000003,82.0,0.4409946018330516,0.002443415637860083
2,0.0,12,359.93951713154934,100.0,0.0,551.0,76.17759497779024,17.666520207461556,1439.0,241.3642571835064,51.042690238229255,242.0,42.6996615891043,9.614246248125536,0.0,0.0,0.0,0.0,0.0,0.0
3,0.054,7,359.9309294411299,100.0,100.0,574.0,71.30185883869589,14.632573253087834,1447.0,245.28691115653788,52.70479983690785,253.0,42.44168845108318,9.0031507551135,8.0,0.7999999999999999,0.08000000000000002,68.0,0.3416619901538118,0.001757544581618654
