id,probability_maraud,successful_mating,next_foraging_time,x_pos,y_pos,foraging_events,foraging_hrs,foraging_sqhrs,staying_events,staying_hrs,staying_sqhrs,repairing_events,repairing_hrs,repairing_sqhrs,marauding_events,marauding_hrs,marauding_sqhrs,traveling_events,traveling_hrs,traveling_sqhrs
0,0.0,10,359.99177858489196,0.0,0.0,564.0,70.32182705115139,14.479476622476616,1387.0,242.2194185444757,52.18472222758532,273.0,47.66591664148452,10.306127734782919,0.0,0.0,0.0,0.0,0.0,0.0
1,0.054,10,360.56900731977345,0.0,100.0,559.0,68.50842719726043,12.861308219899614,1438.0,248.9477714534932,53.76954903253094,238.0,40.679825620822506,9.043243594703606,15.0,1.5000000000000002,0.15000000000000008,86.0,0.47293670802106874,0.002679183813443074
2,0.054,10,360.5103574836912,100.0,0.0,567.0,73.72955309887932,15.690345068245543,1300.0,223.84002850989265,48.40444081028223,356.0,60.99616986255705,13.188804598103554,12.0,1.2,0.12000000000000005,66.0,0.34966162932676487,0.001907578875171466
3,0.054,6,360.18763822285985,100.0,100.0,556.0,69.49912723668326,14.628049034238066,1346.0,228.48364288441803,49.06361243388471,347.0,60.8843204255166,13.7001191616003,8.0,0.7999999999999999,0.08000000000000002,75.0,0.3970812621375025,0.0021647805212620013
