id,probability_maraud,successful_mating,next_foraging_time,x_pos,y_pos,foraging_events,foraging_hrs,foraging_sqhrs,staying_events,staying_hrs,staying_sqhrs,repairing_events,repairing_hrs,repairing_sqhrs,marauding_events,marauding_hrs,marauding_sqhrs,traveling_events,traveling_hrs,traveling_sqhrs
0,0.054,7,360.0547305813728,0.0,0.0,561.0,73.92769262350254,16.088824324133196,1364.0,236.0627092668999,51.44330953830037,292.0,48.735153407683065,10.436059233671063,11.0,1.0999999999999999,0.11000000000000004,70.0,0.3739331139893543,0.002057613168724278
1,0.054,11,360.32095781485873,0.0,100.0,571.0,73.17180200041793,15.931813143190729,1486.0,254.8462063085803,54.36699093219408,178.0,30.65052158935528,6.593714549375352,10.0,0.9999999999999999,0.10000000000000003,83.0,0.4264476776491121,0.002250514403292181
2,0.054,12,359.99421850644967,100.0,0.0,556.0,69.39506489995425,14.174834617433675,1439.0,245.71902276922899,52.90923720710271,257.0,43.09388912464161,9.214496426955494,15.0,1.5000000000000002,0.15000000000000008,76.0,0.40362854714848917,0.002207647462277091
3,0.0,6,360.2268892919083,100.0,100.0,566.0,71.44968722659728,15.16350901186235,1154.0,195.61247383909358,42.05460933392613,561.0,93.05924657785272,19.132348517406626,0.0,0.0,0.0,0.0,0.0,0.0
