id,probability_maraud,successful_mating,next_foraging_time,x_pos,y_pos,foraging_events,foraging_hrs,foraging_sqhrs,staying_events,staying_hrs,staying_sqhrs,repairing_events,repairing_hrs,repairing_sqhrs,marauding_events,marauding_hrs,marauding_sqhrs,traveling_events,traveling_hrs,traveling_sqhrs
0,0.054,6,360.262926156863,0.0,0.0,569.0,71.06520522236579,14.593880470965189,1262.0,215.09156397812464,45.80420902252923,425.0,72.70127941747921,15.997092885460845,9.0,0.8999999999999999,0.09000000000000002,76.0,0.4036285471484891,0.0022076474622770913
1,0.054,13,360.4014037355217,0.0,100.0,566.0,70.33497839961616,14.112657604864829,1382.0,235.92685550123696,50.58764590687183,311.0,52.37791873069933,11.100594033380508,10.0,0.9999999999999999,0.10000000000000003,72.0,0.38127471786725664,0.0020790466392318226
2,0.054,10,360.661309978068,100.0,0.0,578.0,69.29088152275772,13.882769572470973,1501.0,252.13646427017514,53.43362969429415,215.0,36.48335527594009,7.741465024134525,16.0,1.6000000000000003,0.1600000000000001,101.0,0.5251222540333009,0.002807784636488341
3,0.0,7,360.08162022098094,100.0,100.0,560.0,70.4107948944746,14.70505039428747,1419.0,241.00195903343982,52.0691957257265,284.0,48.5996514598937,10.265399598750944,0.0,0.0,0.0,0.0,0.0,0.0
