id,probability_maraud,successful_mating,next_foraging_time,x_pos,y_pos,foraging_events,foraging_hrs,foraging_sqhrs,staying_events,staying_hrs,staying_sqhrs,repairing_events,repairing_hrs,repairing_sqhrs,marauding_events,marauding_hrs,marauding_sqhrs,traveling_events,traveling_hrs,traveling_sqhrs
0,0.0,13,360.2320238122972,0.0,0.0,565.0,71.49868123234174,14.984990805595341,1677.0,282.49938085829115,60.26927227566443,43.0,6.073379349105223,1.0850182662803523,0.0,0.0,0.0,0.0,0.0,0.0
1,0.0,10,360.16698321313635,0.0,100.0,577.0,67.105329807777,12.5846405466572,1604.0,268.46103464083774,57.13124187500226,154.0,24.435275595572648,4.95393928378162,0.0,0.0,0.0,0.0,0.0,0.0
2,0.0,7,360.19654542914617,100.0,0.0,567.0,68.96666275498266,13.641391212707417,1544.0,260.5447030806236,55.39430363395495,175.0,30.750848604830047,6.831817999000955,0.0,0.0,0.0,0.0,0.0,0.0
3,0.0,6,360.24156820333485,100.0,100.0,556.0,71.64398123436567,15.831044676921424,1614.0,270.00924954614015,57.507814788848954,105.0,18.350642211376467,3.95184992934889,0.0,0.0,0.0,0.0,0.0,0.0
4,0.054,10,360.2937313366589,200.0,0.0,564.0,69.23567403907944,14.354785031146276,1704.0,288.2942612532439,61.977568065643915,0.0,0.0,0.0,19.0,1.9000000000000006,0.1900000000000001,100.0,0.6901394717578883,0.005315500685871061
5,0.0,8,360.23707760270895,200.0,100.0,566.0,71.76288447192536,15.028580117864202,1501.0,251.48709571263223,52.94812135020546,215.0,36.797722388443624,7.82337425888864,0.0,0.0,0.0,0.0,0.0,0.0
