id,probability_maraud,successful_mating,next_foraging_time,x_pos,y_pos,foraging_events,foraging_hrs,foraging_sqhrs,staying_events,staying_hrs,staying_sqhrs,repairing_events,repairing_hrs,repairing_sqhrs,marauding_events,marauding_hrs,marauding_sqhrs,traveling_events,traveling_hrs,traveling_sqhrs
0,0.0,11,359.69159876410924,0.0,0.0,560.0,69.88721329545452,15.301601842116957,1652.0,277.94711677036935,59.47014860751008,67.0,12.194534342910666,2.7338012501821254,0.0,0.0,0.0,0.0,0.0,0.0
1,0.0,10,360.34562160094055,0.0,100.0,562.0,68.59353664673495,13.058886309215692,1663.0,285.74058463749725,62.221549530302745,34.0,6.019841485725313,1.3878203518831416,0.0,0.0,0.0,0.0,0.0,0.0
2,0.0,7,360.13923414007127,100.0,0.0,573.0,76.0877751593428,16.53987014788136,1517.0,259.76972524622244,56.19481310778892,132.0,24.212105618782076,5.489098091764295,0.0,0.0,0.0,0.0,0.0,0.0
3,0.0,5,360.5993331251908,100.0,100.0,563.0,67.62774116756195,13.059855740224284,1565.0,268.23289162471593,57.5314248925525,139.0,24.25617046143053,5.318546501385213,0.0,0.0,0.0,0.0,0.0,0.0
4,0.0,10,360.7100891501843,200.0,0.0,568.0,72.20847480867457,15.205431559472537,1564.0,263.452706683552,56.21073122623258,153.0,24.423553583206324,5.003494144890485,0.0,0.0,0.0,0.0,0.0,0.0
5,0.054,11,360.0459270524573,200.0,100.0,573.0,70.2088798740938,15.067213076334852,1743.0,287.53267167176,60.62649956006608,0.0,0.0,0.0,15.0,1.5000000000000002,0.15000000000000008,121.0,0.8124883559320185,0.0060656721536351274
