id,probability_maraud,successful_mating,next_foraging_time,x_pos,y_pos,foraging_events,foraging_hrs,foraging_sqhrs,staying_events,staying_hrs,staying_sqhrs,repairing_events,repairing_hrs,repairing_sqhrs,marauding_events,marauding_hrs,marauding_sqhrs,traveling_events,traveling_hrs,traveling_sqhrs
0,0.0,8,360.3841868381142,0.0,0.0,560.0,70.95503213019522,14.825965492797609,1583.0,270.6774424425291,58.568099761787074,111.0,18.382488228739415,3.9152927032201172,0.0,0.0,0.0,0.0,0.0,0.0
1,0.054,12,360.1383088485599,0.0,100.0,575.0,70.51832984650135,14.210521332847344,1711.0,287.5756607337803,61.144014447074255,0.0,0.0,0.0,13.0,1.3,0.13000000000000006,98.0,0.6598772909373068,0.00497256515775035
2,0.0,8,360.52201642770547,100.0,0.0,573.0,68.70384222839157,13.455273778516412,1630.0,273.11258299015066,58.33470992725475,100.0,18.342419004104737,4.3795522597335985,0.0,0.0,0.0,0.0,0.0,0.0
3,0.0,7,360.11521128346374,100.0,100.0,560.0,69.02980875534949,13.587101317354222,1618.0,278.74007077476244,60.09203861534034,68.0,12.278458551019295,2.681376579748013,0.0,0.0,0.0,0.0,0.0,0.0
4,0.0,14,360.51109702941153,200.0,0.0,560.0,70.19592795366555,14.446858146427003,1628.0,277.703259416876,59.591846806085385,76.0,12.164131903861232,2.701128624239162,0.0,0.0,0.0,0.0,0.0,0.0
5,0.0,5,361.23055993285357,200.0,100.0,560.0,76.05496459791343,18.49792834604035,1568.0,266.277787246496,57.52842711058143,107.0,18.18804458685131,3.756775583153663,0.0,0.0,0.0,0.0,0.0,0.0
