id,probability_maraud,successful_mating,next_foraging_time,x_pos,y_pos,foraging_events,foraging_hrs,foraging_sqhrs,staying_events,staying_hrs,staying_sqhrs,repairing_events,repairing_hrs,repairing_sqhrs,marauding_events,marauding_hrs,marauding_sqhrs,traveling_events,traveling_hrs,traveling_sqhrs
0,0.054,11,359.9833464435782,0.0,0.0,567.0,72.82331037647927,15.083496419502643,1711.0,284.38386801450565,60.294342834725825,0.0,0.0,0.0,21.0,2.1000000000000005,0.21000000000000013,110.0,0.7541599677057874,0.005765603566529502
1,0.0,6,360.5083804824422,0.0,100.0,564.0,69.82325032396196,14.23576089336977,1543.0,265.9240703793459,57.63349034339312,142.0,24.470533792872104,5.358292207098191,0.0,0.0,0.0,0.0,0.0,0.0
2,0.0,10,360.24154225912304,100.0,0.0,567.0,66.42208371637147,12.493800839924909,1576.0,269.4138017905289,57.53720128138321,143.0,24.40337852200596,5.126054628101876,0.0,0.0,0.0,0.0,0.0,0.0
3,0.0,10,360.1782415641361,100.0,100.0,557.0,69.36810459264422,14.077850751158607,1546.0,266.5835810673208,57.574715053855016,138.0,24.259025001409096,5.3262157337091764,0.0,0.0,0.0,0.0,0.0,0.0
4,0.0,12,360.05262219555823,200.0,0.0,566.0,72.52857905275597,14.520329364178723,1542.0,259.2756316437032,55.33969439501078,173.0,28.28446499642698,5.793156497954825,0.0,0.0,0.0,0.0,0.0,0.0
5,0.0,5,359.84537212965904,200.0,100.0,563.0,70.2462737395463,15.363455079993042,1533.0,265.38437067864925,58.59298485383967,157.0,24.37858506661355,4.833231940772368,0.0,0.0,0.0,0.0,0.0,0.0
