id,probability_maraud,successful_mating,next_foraging_time,x_pos,y_pos,foraging_events,foraging_hrs,foraging_sqhrs,staying_events,staying_hrs,staying_sqhrs,repairing_events,repairing_hrs,repairing_sqhrs,marauding_events,marauding_hrs,marauding_sqhrs,traveling_events,traveling_hrs,traveling_sqhrs
0,0.0,13,360.36019799130383,0.0,0.0,554.0,69.83800120268555,15.070130117859614,1480.0,253.62515188524813,54.91369685393183,213.0,36.61464702033854,7.951617140444235,0.0,0.0,0.0,0.0,0.0,0.0
1,0.0,8,359.9635649908865,0.0,100.0,551.0,70.0802741827706,15.42976969825238,1586.0,264.89732244081443,56.311741108122234,147.0,25.1189324936524,5.275967944692194,0.0,0.0,0.0,0.0,0.0,0.0
2,0.0,12,359.97327277252134,100.0,0.0,559.0,68.81488196909633,14.16294844358346,1611.0,273.2466001182282,59.33451328403465,108.0,18.135538971379496,4.024841493653752,0.0,0.0,0.0,0.0,0.0,0.0
3,0.0,8,360.1964590206276,100.0,100.0,566.0,71.2221448721914,15.189875389741692,1431.0,245.97420110612822,53.02711370271437,236.0,42.83006629277976,9.41301450751585,0.0,0.0,0.0,0.0,0.0,0.0
4,0.054,8,359.9547860778781,200.0,0.0,566.0,71.50389831749547,16.401326385101452,1706.0,285.32632698159676,61.090283639286326,0.0,0.0,0.0,24.0,2.400000000000001,0.24000000000000016,107.0,0.7705231008290279,0.006087105624142671
5,0.0,5,360.4752197131206,200.0,100.0,561.0,67.2929587167254,12.712655414965692,1593.0,268.2761663519862,56.50271456780602,145.0,24.579388367357836,5.226303825963885,0.0,0.0,0.0,0.0,0.0,0.0
