id,probability_maraud,successful_mating,next_foraging_time,x_pos,y_pos,foraging_events,foraging_hrs,foraging_sqhrs,staying_events,staying_hrs,staying_sqhrs,repairing_events,repairing_hrs,repairing_sqhrs,marauding_events,marauding_hrs,marauding_sqhrs,traveling_events,traveling_hrs,traveling_sqhrs
0,0.0,10,360.2303765577853,0.0,0.0,563.0,71.06375867328234,14.535436247287503,1539.0,258.40019927879945,54.61735790382956,181.0,30.583819963461565,6.517235564239733,0.0,0.0,0.0,0.0,0.0,0.0
1,0.0,7,360.4624627714729,0.0,100.0,547.0,71.20008608181747,16.316649891144987,1601.0,276.621517847448,60.025498793902756,68.0,12.3046459995035,2.6619386612862583,0.0,0.0,0.0,0.0,0.0,0.0
2,0.0,5,360.0684278565914,100.0,0.0,557.0,73.10353176401023,15.425933666653386,1548.0,262.65126195932874,55.518093851558675,143.0,24.25709255864848,5.178553423408405,0.0,0.0,0.0,0.0,0.0,0.0
3,0.0,9,360.3231204783983,100.0,100.0,564.0,69.57278437019012,13.966374571328618,1568.0,259.764248679253,55.08730295488453,173.0,30.72970247509155,6.728268591734253,0.0,0.0,0.0,0.0,0.0,0.0
4,0.054,12,360.191406192413,200.0,0.0,563.0,73.70183358135864,16.660417969092087,1664.0,284.1553269603464,61.34701117166771,0.0,0.0,0.0,17.0,1.7000000000000004,0.1700000000000001,90.0,0.6070945680524267,0.0045438957475994555
5,0.0,11,359.9729810298572,200.0,100.0,559.0,69.11412953439142,14.072731028462288,1719.0,284.79259593634424,59.94266446907529,38.0,6.248948840554662,1.2375704343590201,0.0,0.0,0.0,0.0,0.0,0.0
