id,probability_maraud,successful_mating,next_foraging_time,x_pos,y_pos,foraging_events,foraging_hrs,foraging_sqhrs,staying_events,staying_hrs,staying_sqhrs,repairing_events,repairing_hrs,repairing_sqhrs,marauding_events,marauding_hrs,marauding_sqhrs,traveling_events,traveling_hrs,traveling_sqhrs
0,0.0,7,360.4617774717107,0.0,0.0,560.0,70.61449095126615,14.320534321647136,1529.0,259.04466442972546,55.631839652921684,172.0,30.388286146890508,6.618741829102505,0.0,0.0,0.0,0.0,0.0,0.0
1,0.0,10,360.47416363903216,0.0,100.0,553.0,67.26147518120227,13.112215519430034,1577.0,268.44543889814304,57.93589683556473,141.0,24.38246452682872,5.387698380102278,0.0,0.0,0.0,0.0,0.0,0.0
2,0.0,12,360.3363784085763,100.0,0.0,557.0,70.34208623786014,15.070665989159089,1598.0,271.50367078911347,58.00508088393307,116.0,18.270768466993047,3.682083870807156,0.0,0.0,0.0,0.0,0.0,0.0
3,0.0,11,359.9799334341057,100.0,100.0,570.0,71.27014579086605,15.35849998165605,1578.0,269.02400833640695,58.39027998138873,118.0,19.748788188582154,4.093399972849098,0.0,0.0,0.0,0.0,0.0,0.0
4,0.0,9,360.0115086012318,200.0,0.0,564.0,70.8265048699256,15.476936928286417,1549.0,264.1114282942236,57.286336557026765,138.0,25.093447079484843,5.625896745622827,0.0,0.0,0.0,0.0,0.0,0.0
5,0.054,5,360.2125766053211,200.0,100.0,553.0,73.8079083429217,17.268700413613068,1670.0,283.50328971974756,60.975367487812235,0.0,0.0,0.0,21.0,2.1000000000000005,0.21000000000000013,100.0,0.6922846983447143,0.005336934156378605
