id,probability_maraud,successful_mating,next_foraging_time,x_pos,y_pos,foraging_events,foraging_hrs,foraging_sqhrs,staying_events,staying_hrs,staying_sqhrs,repairing_events,repairing_hrs,repairing_sqhrs,marauding_events,marauding_hrs,marauding_sqhrs,traveling_events,traveling_hrs,traveling_sqhrs
0,0.0,5,359.9475002487735,0.0,0.0,560.0,68.94488906485236,14.232563660889342,1654.0,272.7614068696541,57.101905050842,112.0,18.31694285668803,3.927548409977683,0.0,0.0,0.0,0.0,0.0,0.0
1,0.054,13,360.38949162653165,0.0,100.0,577.0,70.11565384189869,14.633318266000845,1707.0,287.2181108455947,61.53365658109994,0.0,0.0,0.0,20.0,2.0000000000000004,0.20000000000000012,101.0,0.6819325317822152,0.0051440329218107065
2,0.0,8,360.014269751375,100.0,0.0,555.0,73.94128380205551,15.571548907913654,1640.0,274.0929350164103,57.52787863372457,78.0,12.138163981926823,2.298753824884953,0.0,0.0,0.0,0.0,0.0,0.0
3,0.0,11,360.2872053934508,100.0,100.0,570.0,69.39828906386933,14.45554694324319,1510.0,259.79199480619957,56.479352091793444,196.0,30.81209941409481,5.942928841887849,0.0,0.0,0.0,0.0,0.0,0.0
4,0.0,6,359.9078573670557,200.0,0.0,564.0,69.92028390133959,14.440401067882743,1472.0,247.62972268059195,53.347394260617875,264.0,42.6307047331176,8.690159274469519,0.0,0.0,0.0,0.0,0.0,0.0
5,0.0,11,359.8726294389915,200.0,100.0,570.0,71.69846904737666,14.818095009321693,1628.0,276.0315132414163,59.69736279903517,73.0,12.326899329051061,2.5552233047522823,0.0,0.0,0.0,0.0,0.0,0.0
