id,probability_maraud,successful_mating,next_foraging_time,x_pos,y_pos,foraging_events,foraging_hrs,foraging_sqhrs,staying_events,staying_hrs,staying_sqhrs,repairing_events,repairing_hrs,repairing_sqhrs,marauding_events,marauding_hrs,marauding_sqhrs,traveling_events,traveling_hrs,traveling_sqhrs
0,0.0,7,360.29831858751874,0.0,0.0,560.0,67.82536932850756,13.822990615718174,1609.0,273.8615395733726,59.059572748190135,106.0,18.345842432729526,3.913847441032904,0.0,0.0,0.0,0.0,0.0,0.0
1,0.0,11,360.6610663410159,0.0,100.0,559.0,74.97261744777848,16.347082410868463,1692.0,285.1683060564754,60.831211268125834,0.0,0.0,0.0,0.0,0.0,0.0,0.0,0.0,0.0
2,0.054,10,360.07622773383423,100.0,0.0,559.0,68.53023992598926,12.959344634998864,1733.0,289.65489838106566,61.87131023319056,0.0,0.0,0.0,15.0,1.5000000000000002,0.15000000000000008,97.0,0.5200273231842808,0.0028720850480109758
3,0.0,11,359.97485544918976,100.0,100.0,568.0,71.3679383926887,14.568815205669102,1587.0,264.1721346513081,56.042113447291854,133.0,24.500655773682016,5.468800319270733,0.0,0.0,0.0,0.0,0.0,0.0
4,0.0,10,360.48631419575145,200.0,0.0,559.0,69.02833296415764,13.939026521622115,1601.0,266.84531105027355,57.00169771802948,147.0,24.37139516928679,5.113050201604465,0.0,0.0,0.0,0.0,0.0,0.0
5,0.0,5,360.4191144329411,200.0,100.0,551.0,70.32834120818704,15.051047783649537,1583.0,265.1820741139072,56.29359568253468,148.0,24.572527328018833,5.191829288518721,0.0,0.0,0.0,0.0,0.0,0.0
