id,probability_maraud,successful_mating,next_foraging_time,x_pos,y_pos,foraging_events,foraging_hrs,foraging_sqhrs,staying_events,staying_hrs,staying_sqhrs,repairing_events,repairing_hrs,repairing_sqhrs,marauding_events,marauding_hrs,marauding_sqhrs,traveling_events,traveling_hrs,traveling_sqhrs
0,0.0,11,360.3642256457645,0.0,0.0,569.0,71.08392466747064,14.729894411093392,1571.0,264.67778986900123,56.623770417224165,139.0,24.37090501721567,5.453266153189915,0.0,0.0,0.0,0.0,0.0,0.0
1,0.0,4,360.3524694982668,0.0,100.0,558.0,69.50202305768292,14.611464223204015,1686.0,284.59048681262675,60.82717552345006,34.0,6.035458251067718,1.3276712815572025,0.0,0.0,0.0,0.0,0.0,0.0
2,0.054,7,360.0743976438034,100.0,0.0,565.0,69.05786083489566,13.755952504295257,1709.0,289.20418465867465,62.007504220795596,0.0,0.0,0.0,14.0,1.4000000000000001,0.14000000000000007,95.0,0.5011797870182371,0.0027220507544581636
3,0.0,8,360.0550258355303,100.0,100.0,571.0,67.87419596346378,13.294082643492363,1678.0,286.24229158659006,61.68886099395775,40.0,6.005644532275492,1.1690502512784335,0.0,0.0,0.0,0.0,0.0,0.0
4,0.0,12,360.52476922570645,200.0,0.0,562.0,72.12114950999198,14.87764699924258,1614.0,275.90588293450725,59.57304263458528,67.0,12.106252223796211,2.6221688552192726,0.0,0.0,0.0,0.0,0.0,0.0
5,0.0,12,360.32485631294253,200.0,100.0,574.0,71.08603906050719,15.0873192904242,1495.0,252.8076505462827,53.64125853255715,210.0,36.1451647471624,7.91327404420509,0.0,0.0,0.0,0.0,0.0,0.0
