id,probability_maraud,successful_mating,next_foraging_time,x_pos,y_pos,foraging_events,foraging_hrs,foraging_sqhrs,staying_events,staying_hrs,staying_sqhrs,repairing_events,repairing_hrs,repairing_sqhrs,marauding_events,marauding_hrs,marauding_sqhrs,traveling_events,traveling_hrs,traveling_sqhrs
0,0.0,5,359.9326720577641,0.0,0.0,553.0,70.75514587328087,14.515955574023078,1519.0,260.4043084571575,55.35615680399611,174.0,28.869316076897572,5.944586664484628,0.0,0.0,0.0,0.0,0.0,0.0
1,0.0,11,360.18111332715995,0.0,100.0,577.0,70.50112028513452,14.679598348644124,1672.0,289.53050381629464,62.74697471613693,0.0,0.0,0.0,0.0,0.0,0.0,0.0,0.0,0.0
2,0.0,9,360.12565928326836,100.0,0.0,555.0,72.95013400632921,15.995295754255913,1581.0,268.72258206315445,58.213944916101426,105.0,18.367889668120064,3.9003599151784996,0.0,0.0,0.0,0.0,0.0,0.0
3,0.0,12,359.9009563824563,100.0,100.0,566.0,70.9354335116116,14.510374000345493,1565.0,264.9168782639278,56.448159712736896,148.0,24.351010124527132,5.168239821584182,0.0,0.0,0.0,0.0,0.0,0.0
4,0.0,8,359.9382287235443,200.0,0.0,568.0,69.82256354936308,14.379168444340369,1689.0,284.23292798958465,61.053429488630904,41.0,6.087067568701571,1.128090904335983,0.0,0.0,0.0,0.0,0.0,0.0
5,0.054,9,360.5806758240052,200.0,100.0,581.0,76.96099008783028,16.770437036206328,1660.0,281.33571651856704,60.0997865532784,0.0,0.0,0.0,13.0,1.3,0.13000000000000006,80.0,0.5680181587892272,0.004522462277091911
