id,probability_maraud,successful_mating,next_foraging_time,x_pos,y_pos,foraging_events,foraging_hrs,foraging_sqhrs,staying_events,staying_hrs,staying_sqhrs,repairing_events,repairing_hrs,repairing_sqhrs,marauding_events,marauding_hrs,marauding_sqhrs,traveling_events,traveling_hrs,traveling_sqhrs
0,0.0,7,360.3762868872387,0.0,0.0,576.0,70.60253269135153,14.207899465095863,1681.0,277.3415416804652,58.930112025352585,70.0,12.311482968954786,2.7097127202401565,0.0,0.0,0.0,0.0,0.0,0.0
1,0.0,8,359.8906368468428,0.0,100.0,559.0,70.07088397964449,14.58315386681009,1647.0,276.08339182778485,58.78589459480232,76.0,13.906740556982895,3.083824152729903,0.0,0.0,0.0,0.0,0.0,0.0
2,0.054,11,360.55747954146483,100.0,0.0,558.0,73.60615298469884,17.021321675681687,1654.0,284.9705718099765,62.15871444872052,0.0,0.0,0.0,10.0,0.9999999999999999,0.10000000000000003,88.0,0.480278311898971,0.0027006172839506176
3,0.0,13,360.34514970568085,100.0,100.0,563.0,67.90940216222612,13.198556305124686,1704.0,285.94485214202217,60.81961051890726,37.0,6.220097968604664,1.2827496482513163,0.0,0.0,0.0,0.0,0.0,0.0
4,0.0,8,360.365918728978,200.0,0.0,566.0,70.44561598947642,14.353843904820142,1620.0,277.5152570560217,59.47699658366638,69.0,12.288669019205464,2.839204571525264,0.0,0.0,0.0,0.0,0.0,0.0
5,0.0,7,360.1293364062117,200.0,100.0,568.0,71.03240145332734,14.618726976897257,1601.0,276.67420262779626,60.199574538215835,82.0,12.30023588689364,2.389178002358434,0.0,0.0,0.0,0.0,0.0,0.0
