id,probability_maraud,successful_mating,next_foraging_time,x_pos,y_pos,foraging_events,foraging_hrs,foraging_sqhrs,staying_events,staying_hrs,staying_sqhrs,repairing_events,repairing_hrs,repairing_sqhrs,marauding_events,marauding_hrs,marauding_sqhrs,traveling_events,traveling_hrs,traveling_sqhrs
0,0.0,10,360.5714961376136,0.0,0.0,561.0,67.20578777171447,13.37297854727346,1562.0,268.2990659000235,58.377580328535004,137.0,24.515382511891627,5.358665778914204,0.0,0.0,0.0,0.0,0.0,0.0
1,0.054,6,360.38880648433485,0.0,100.0,580.0,68.42386632998651,14.05307971460394,1686.0,289.2082226099124,62.58970742907438,0.0,0.0,0.0,18.0,1.8000000000000005,0.1800000000000001,84.0,0.6097456838782966,0.004886831275720168
2,0.0,11,360.3411062241942,100.0,0.0,567.0,71.05730662541185,14.487305516659282,1488.0,252.2222677304519,53.83838181666718,216.0,36.72409303855592,7.8607060285025705,0.0,0.0,0.0,0.0,0.0,0.0
3,0.0,8,360.01244480129725,100.0,100.0,572.0,69.29220811506605,13.916728358620976,1607.0,274.6730182159336,59.87365434465193,97.0,16.16608182329603,3.503108951468438,0.0,0.0,0.0,0.0,0.0,0.0
4,0.0,7,360.34263853042023,200.0,0.0,587.0,70.60634749440763,14.168294651042434,1635.0,277.28299265985515,59.85740488113278,74.0,12.11557015272558,2.5492824355391237,0.0,0.0,0.0,0.0,0.0,0.0
5,0.0,12,359.9827949965782,200.0,100.0,565.0,68.87304561043834,14.116672722576693,1642.0,273.104916223365,58.014769216727316,105.0,18.099635337343166,3.8621320667943793,0.0,0.0,0.0,0.0,0.0,0.0
