id,probability_maraud,successful_mating,next_foraging_time,x_pos,y_pos,foraging_events,foraging_hrs,foraging_sqhrs,staying_events,staying_hrs,staying_sqhrs,repairing_events,repairing_hrs,repairing_sqhrs,marauding_events,marauding_hrs,marauding_sqhrs,traveling_events,traveling_hrs,traveling_sqhrs
0,0.0,6,359.82306126716446,0.0,0.0,561.0,72.46983092711935,15.705505285017262,1608.0,263.4061340315569,55.492462360095914,140.0,24.204389593104512,5.25689260271784,0.0,0.0,0.0,0.0,0.0,0.0
1,0.0,9,360.21429953338185,0.0,100.0,559.0,74.01454391717431,16.964680851552114,1624.0,273.98073116127875,58.36639713545464,79.0,12.040764067757612,2.3609575015146356,0.0,0.0,0.0,0.0,0.0,0.0
2,0.0,11,360.2929222847254,100.0,0.0,572.0,71.22544715375788,14.831694381233527,1522.0,264.25872448735106,57.10594124454055,142.0,24.542303320297936,5.6873712853270435,0.0,0.0,0.0,0.0,0.0,0.0
3,0.0,11,360.00546397385693,100.0,100.0,565.0,70.23210278546561,14.50123840527481,1470.0,252.95314372195142,55.01450512517998,219.0,37.07209254234135,7.891118708307753,0.0,0.0,0.0,0.0,0.0,0.0
4,0.054,10,360.09946888210857,200.0,0.0,555.0,71.62973328876089,15.51650739704186,1707.0,286.0948482912016,60.56887130873893,0.0,0.0,0.0,17.0,1.7000000000000004,0.1700000000000001,90.0,0.6366987135779573,0.005015432098765439
5,0.0,7,360.66611979613936,200.0,100.0,556.0,73.68303078487781,15.794122089524144,1680.0,280.2073911629264,59.46479435170055,37.0,6.187470546915114,1.3792034316386448,0.0,0.0,0.0,0.0,0.0,0.0
