id,probability_maraud,successful_mating,next_foraging_time,x_pos,y_pos,foraging_events,foraging_hrs,foraging_sqhrs,staying_events,staying_hrs,staying_sqhrs,repairing_events,repairing_hrs,repairing_sqhrs,marauding_events,marauding_hrs,marauding_sqhrs,traveling_events,traveling_hrs,traveling_sqhrs
0,0.054,5,360.1407973069704,0.0,0.0,572.0,76.9399610530363,17.292210046232203,1675.0,280.0711920067066,59.20788154615854,0.0,0.0,0.0,24.0,2.400000000000001,0.24000000000000016,92.0,0.6078178696884877,0.00447959533607682
1,0.0,6,359.9590640070486,0.0,100.0,565.0,70.52457904046139,15.233434329892116,1545.0,259.18549385478457,55.215052413072996,184.0,30.329816602747307,6.401345864325822,0.0,0.0,0.0,0.0,0.0,0.0
2,0.0,11,360.16142803561337,100.0,0.0,568.0,71.59719889389298,14.836396319734828,1498.0,257.90525064353614,56.06493519546893,182.0,30.539075243042717,6.460596202219504,0.0,0.0,0.0,0.0,0.0,0.0
3,0.0,13,359.92634717957407,100.0,100.0,577.0,71.58037358885055,14.549079608347602,1555.0,257.9203169717689,54.08415796120554,185.0,30.53890393758344,6.374100848577012,0.0,0.0,0.0,0.0,0.0,0.0
4,0.0,11,360.1259698165869,200.0,0.0,565.0,71.78135013928014,15.805581889960273,1523.0,255.45542305487965,54.57901092661003,190.0,32.816275209744845,7.05967926365386,0.0,0.0,0.0,0.0,0.0,0.0
5,0.0,8,359.8798624217233,200.0,100.0,566.0,74.44192221389697,16.92695109118395,1578.0,267.16806708013877,56.981299158758276,109.0,18.41671924473574,4.027022807497121,0.0,0.0,0.0,0.0,0.0,0.0
