id,probability_maraud,successful_mating,next_foraging_time,x_pos,y_pos,foraging_events,foraging_hrs,foraging_sqhrs,staying_events,staying_hrs,staying_sqhrs,repairing_events,repairing_hrs,repairing_sqhrs,marauding_events,marauding_hrs,marauding_sqhrs,traveling_events,traveling_hrs,traveling_sqhrs
0,0.054,7,359.964777496819,0.0,0.0,563.0,67.56259588701259,13.717492840022377,1720.0,289.5343190302457,61.98599554353991,0.0,0.0,0.0,23.0,2.3000000000000007,0.23000000000000015,111.0,0.7625538908672763,0.005829903978052131
1,0.0,7,360.33850648383753,0.0,100.0,567.0,67.56619291071839,13.577405733824195,1473.0,249.71036331903966,54.03869924207421,249.0,42.853136437056754,9.077238743541328,0.0,0.0,0.0,0.0,0.0,0.0
2,0.0,11,360.06696051761946,100.0,0.0,574.0,70.26369463401294,14.370298031403806,1561.0,265.2456463969636,56.64992940035794,167.0,24.69515560167747,4.924429575174911,0.0,0.0,0.0,0.0,0.0,0.0
3,0.0,12,359.9862211888124,100.0,100.0,554.0,70.19330813156743,14.655618185439337,1585.0,271.4345073436533,58.69748476217014,114.0,18.3742489736052,3.956551256367331,0.0,0.0,0.0,0.0,0.0,0.0
4,0.0,6,360.4851514135421,200.0,0.0,573.0,66.61131590762831,13.003342675719097,1576.0,263.1209407502412,56.04167035353777,187.0,30.4910151184772,6.285353309265271,0.0,0.0,0.0,0.0,0.0,0.0
5,0.0,11,360.09951881326117,200.0,100.0,556.0,67.32883265515643,12.987264705372313,1582.0,268.17606363418884,57.56712474675242,149.0,24.53991365980989,5.276041521340868,0.0,0.0,0.0,0.0,0.0,0.0
