id,probability_maraud,successful_mating,next_foraging_time,x_pos,y_pos,foraging_events,foraging_hrs,foraging_sqhrs,staying_events,staying_hrs,staying_sqhrs,repairing_events,repairing_hrs,repairing_sqhrs,marauding_events,marauding_hrs,marauding_sqhrs,traveling_events,traveling_hrs,traveling_sqhrs
0,0.054,7,360.16069922805485,0.0,0.0,556.0,72.55806121153972,15.777619930840743,1687.0,284.78648241708925,60.75781917820442,0.0,0.0,0.0,21.0,2.1000000000000005,0.21000000000000013,95.0,0.6506484608892489,0.004951131687242804
1,0.0,7,359.92400121269156,0.0,100.0,552.0,71.42545695175623,15.915117151420885,1506.0,258.07359076024557,56.12095758934168,186.0,30.571877939564317,6.421628709654545,0.0,0.0,0.0,0.0,0.0,0.0
2,0.0,10,360.35219133828576,100.0,0.0,575.0,68.56386953376563,13.437405262351428,1641.0,279.30994866819174,60.529409213411476,71.0,12.156284131532987,2.446260346127795,0.0,0.0,0.0,0.0,0.0,0.0
3,0.0,14,360.15532265331706,100.0,100.0,567.0,71.23081178805182,14.37952893275409,1555.0,263.2660572499749,56.80076381528567,151.0,25.600324219478594,5.62660761482235,0.0,0.0,0.0,0.0,0.0,0.0
4,0.0,9,359.9027019926659,200.0,0.0,552.0,71.6770931609652,15.226202760319394,1612.0,276.3745315641841,60.08473225373064,74.0,12.047781187450688,2.680349441562682,0.0,0.0,0.0,0.0,0.0,0.0
5,0.0,7,360.1130389846664,200.0,100.0,573.0,70.84961499613574,14.036816073590957,1462.0,246.79824775313298,52.39645747646839,257.0,42.48611088581467,8.73437586355476,0.0,0.0,0.0,0.0,0.0,0.0
