id,probability_maraud,successful_mating,next_foraging_time,x_pos,y_pos,foraging_events,foraging_hrs,foraging_sqhrs,staying_events,staying_hrs,staying_sqhrs,repairing_events,repairing_hrs,repairing_sqhrs,marauding_events,marauding_hrs,marauding_sqhrs,traveling_events,traveling_hrs,traveling_sqhrs
0,0.0,8,360.4860423534239,0.0,0.0,568.0,68.43948721335312,13.910449908608554,1534.0,261.3259190652303,56.28656464733452,173.0,30.31000256713832,6.685018523273081,0.0,0.0,0.0,0.0,0.0,0.0
1,0.0,7,359.9744091277366,0.0,100.0,569.0,70.7172685206146,14.571360504874779,1651.0,277.2844792023742,59.32370192555955,74.0,12.132909786738468,2.562203851849439,0.0,0.0,0.0,0.0,0.0,0.0
2,0.0,8,360.38967406949365,100.0,0.0,572.0,70.37487844324471,14.604215123625055,1612.0,277.3593073450754,60.87014283369638,84.0,12.420629441104124,2.4122454384741485,0.0,0.0,0.0,0.0,0.0,0.0
3,0.0,7,360.14133369782405,100.0,100.0,561.0,71.75709987436493,15.15389288136832,1622.0,276.04908145489804,59.29941670379144,75.0,12.22181543180807,2.6447844096124595,0.0,0.0,0.0,0.0,0.0,0.0
4,0.054,16,360.218261568521,200.0,0.0,556.0,72.81538399278355,15.337295485339046,1695.0,285.19633043981423,60.77758607419042,0.0,0.0,0.0,14.0,1.4000000000000001,0.14000000000000007,106.0,0.7685445870252682,0.006151406035665301
5,0.0,8,360.1626533936036,200.0,100.0,568.0,70.63684308673415,14.66803340378932,1624.0,271.06026773223573,57.81938066986971,108.0,18.31350130350572,4.2275630639816395,0.0,0.0,0.0,0.0,0.0,0.0
