id,probability_maraud,successful_mating,next_foraging_time,x_pos,y_pos,foraging_events,foraging_hrs,foraging_sqhrs,staying_events,staying_hrs,staying_sqhrs,repairing_events,repairing_hrs,repairing_sqhrs,marauding_events,marauding_hrs,marauding_sqhrs,traveling_events,traveling_hrs,traveling_sqhrs
0,0.0,7,360.44864664433265,0.0,0.0,574.0,72.81377670107516,15.561364585503332,1550.0,262.80855757080036,56.631843120353025,142.0,24.46849663492501,5.439249143013774,0.0,0.0,0.0,0.0,0.0,0.0
1,0.054,7,359.87983952288283,0.0,100.0,554.0,72.6857934647088,15.782133479672327,1653.0,285.3233061864727,61.55406024478931,0.0,0.0,0.0,14.0,1.4000000000000001,0.14000000000000007,91.0,0.6181396070397852,0.004693930041152267
2,0.0,5,360.53133603646864,100.0,0.0,574.0,71.0935828040598,14.760833635415597,1665.0,282.8619932840027,60.48019340235072,32.0,6.094645413432801,1.4343871167418365,0.0,0.0,0.0,0.0,0.0,0.0
3,0.0,14,360.47527323101133,100.0,100.0,581.0,71.03773945480505,14.360973330244054,1647.0,276.7631006574355,58.97324154802433,71.0,12.279215693501627,2.650561461610674,0.0,0.0,0.0,0.0,0.0,0.0
4,0.0,6,359.9365247300186,200.0,0.0,571.0,71.16742433396178,14.19611751539414,1578.0,268.63230343220084,57.69735150780161,127.0,20.338984909036004,4.121289992808745,0.0,0.0,0.0,0.0,0.0,0.0
5,0.0,15,360.6612741162351,200.0,100.0,568.0,74.07022236785852,16.671464441796886,1577.0,267.69292741507684,56.874177945662375,100.0,18.28514811235266,4.158044516803285,0.0,0.0,0.0,0.0,0.0,0.0
