id,probability_maraud,successful_mating,next_foraging_time,x_pos,y_pos,foraging_events,foraging_hrs,foraging_sqhrs,staying_events,staying_hrs,staying_sqhrs,repairing_events,repairing_hrs,repairing_sqhrs,marauding_events,marauding_hrs,marauding_sqhrs,traveling_events,traveling_hrs,traveling_sqhrs
0,0.0,11,360.4731712494933,0.0,0.0,564.0,73.86316666353146,16.815503038296743,1585.0,267.95273178864295,57.52429329500553,113.0,18.220703625666523,3.739277615466818,0.0,0.0,0.0,0.0,0.0,0.0
1,0.0,7,360.2336479517848,0.0,100.0,577.0,70.54791111461411,14.227316103830375,1650.0,277.5543727506007,59.27987122005141,67.0,12.067072899830151,2.606680375890245,0.0,0.0,0.0,0.0,0.0,0.0
2,0.0,9,359.85608429477105,100.0,0.0,558.0,71.4873222487059,15.620697802945882,1551.0,263.9022631553575,56.69304486642594,138.0,24.635022642953203,5.563184846987883,0.0,0.0,0.0,0.0,0.0,0.0
3,0.0,11,360.64810580012056,100.0,100.0,555.0,72.58052561543187,15.93334272837033,1559.0,269.44483577197377,58.148453795158005,117.0,18.278501216882564,3.7510910778027378,0.0,0.0,0.0,0.0,0.0,0.0
4,0.0,9,360.41324398203216,200.0,0.0,569.0,75.00354871465947,16.65333132473038,1457.0,242.46320774763296,51.07900037778088,257.0,42.6506596685678,9.00746527459688,0.0,0.0,0.0,0.0,0.0,0.0
5,0.054,7,359.94871417384513,200.0,100.0,557.0,73.46729227763704,15.396391621279166,1697.0,284.2221926448067,60.23195570051661,0.0,0.0,0.0,19.0,1.9000000000000006,0.1900000000000001,73.0,0.5070284959286737,0.00392232510288066
