id,probability_maraud,successful_mating,next_foraging_time,x_pos,y_pos,foraging_events,foraging_hrs,foraging_sqhrs,staying_events,staying_hrs,staying_sqhrs,repairing_events,repairing_hrs,repairing_sqhrs,marauding_events,marauding_hrs,marauding_sqhrs,traveling_events,traveling_hrs,traveling_sqhrs
0,0.0,17,360.22463098771215,0.0,0.0,559.0,71.86175261095224,15.696110688323492,1634.0,282.265538061431,61.0453336764,37.0,6.001971595986549,1.2715825865283281,0.0,0.0,0.0,0.0,0.0,0.0
1,0.0,5,360.52635626452155,0.0,100.0,552.0,68.86665823465603,13.778238914677635,1569.0,267.0012870297713,57.262097065976015,148.0,24.22982663486786,4.943719874617752,0.0,0.0,0.0,0.0,0.0,0.0
2,0.054,5,360.43280401224126,100.0,0.0,560.0,73.2518298614557,16.159481164802262,1697.0,285.4843733604808,60.736494238046006,0.0,0.0,0.0,10.0,0.9999999999999999,0.10000000000000003,92.0,0.4911262088920619,0.002700617283950618
3,0.0,12,360.2795049430624,100.0,100.0,572.0,69.91161598026764,14.112656110287428,1647.0,278.28073169641885,59.1466972812299,68.0,12.16552933461389,2.780834970185032,0.0,0.0,0.0,0.0,0.0,0.0
4,0.0,9,360.3113929414115,200.0,0.0,569.0,67.11339227041763,13.584978552174308,1720.0,292.972395820899,63.32619642747386,0.0,0.0,0.0,0.0,0.0,0.0,0.0,0.0,0.0
5,0.0,6,359.98632869312166,200.0,100.0,568.0,69.35196402561135,13.713690285297966,1616.0,272.4833468693547,58.09119659157796,113.0,18.247758798742073,3.9161870235783853,0.0,0.0,0.0,0.0,0.0,0.0
