id,probability_maraud,successful_mating,next_foraging_time,x_pos,y_pos,foraging_events,foraging_hrs,foraging_sqhrs,staying_events,staying_hrs,staying_sqhrs,repairing_events,repairing_hrs,repairing_sqhrs,marauding_events,marauding_hrs,marauding_sqhrs,traveling_events,traveling_hrs,traveling_sqhrs
0,0.0,7,359.9644536060929,0.0,0.0,575.0,70.75678418319336,14.305306488010102,1622.0,271.065921618043,58.01534838811648,108.0,18.250849611796532,3.9124054953064737,0.0,0.0,0.0,0.0,0.0,0.0
1,0.0,15,360.0887959222889,0.0,100.0,563.0,69.33098009036358,13.825889417003523,1523.0,257.66509987021175,55.62928257153354,195.0,33.14652426241866,7.124902624710535,0.0,0.0,0.0,0.0,0.0,0.0
2,0.054,10,359.9973130203577,100.0,0.0,563.0,73.0077548156077,15.622276889535033,1672.0,285.0181288416394,61.04166878884216,0.0,0.0,0.0,17.0,1.7000000000000004,0.1700000000000001,87.0,0.4698957161252706,0.002614883401920439
3,0.0,7,360.50243409399945,100.0,100.0,577.0,69.95398356195871,13.989210925436357,1609.0,271.86109725182814,58.285666951030684,106.0,18.25880422307884,3.8804868278951017,0.0,0.0,0.0,0.0,0.0,0.0
4,0.0,8,359.98329008531306,200.0,0.0,574.0,67.8475998619118,13.344288939246267,1619.0,273.84435872846547,58.28688082978647,99.0,18.476633252454533,4.220606189952092,0.0,0.0,0.0,0.0,0.0,0.0
5,0.0,7,360.01142873859635,200.0,100.0,564.0,69.12748580416773,13.613462449428894,1642.0,278.72876799128255,60.11006301302398,72.0,12.324508747697882,2.767082581679567,0.0,0.0,0.0,0.0,0.0,0.0
