id,probability_maraud,successful_mating,next_foraging_time,x_pos,y_pos,foraging_events,foraging_hrs,foraging_sqhrs,staying_events,staying_hrs,staying_sqhrs,repairing_events,repairing_hrs,repairing_sqhrs,marauding_events,marauding_hrs,marauding_sqhrs,traveling_events,traveling_hrs,traveling_sqhrs
0,0.0,10,360.2750253708925,0.0,0.0,569.0,68.17289897325237,12.589627074429096,1632.0,273.6662241132101,58.66383334138062,109.0,18.243477339066587,3.8126283795416427,0.0,0.0,0.0,0.0,0.0,0.0
1,0.0,7,360.19921346425224,0.0,100.0,562.0,70.37755689066312,14.511210810481751,1621.0,277.60897994389484,59.36858777386126,69.0,12.298397993787832,2.645032347914722,0.0,0.0,0.0,0.0,0.0,0.0
2,0.0,9,360.51626033637206,100.0,0.0,562.0,73.25424708783804,15.653686822929854,1574.0,268.72335006647444,58.33683886228975,101.0,18.30405390987527,4.139616643943101,0.0,0.0,0.0,0.0,0.0,0.0
3,0.0,11,360.413936887028,100.0,100.0,555.0,72.03445978713262,15.77009084828197,1663.0,275.9028512594206,58.437805960921494,65.0,12.173902840510204,2.75971513962294,0.0,0.0,0.0,0.0,0.0,0.0
4,0.0,7,359.9559867344644,200.0,0.0,572.0,69.93045692771882,14.38599673968476,1606.0,271.74163298617964,58.195896008941894,99.0,18.348492455328664,4.239019795025712,0.0,0.0,0.0,0.0,0.0,0.0
5,0.054,10,359.8147466116347,200.0,100.0,563.0,71.3762758107933,14.100561370333855,1718.0,286.69712873847357,60.88283835040241,0.0,0.0,0.0,13.0,1.3,0.13000000000000006,103.0,0.7122555710251995,0.00544410150891633
