id,probability_maraud,successful_mating,next_foraging_time,x_pos,y_pos,foraging_events,foraging_hrs,foraging_sqhrs,staying_events,staying_hrs,staying_sqhrs,repairing_events,repairing_hrs,repairing_sqhrs,marauding_events,marauding_hrs,marauding_sqhrs,traveling_events,traveling_hrs,traveling_sqhrs
0,0.0,16,360.3780323622714,0.0,0.0,567.0,65.73417470124883,12.82675069461332,1631.0,276.0687438237711,58.710813802996284,103.0,18.24805001319701,3.91280674850795,0.0,0.0,0.0,0.0,0.0,0.0
1,0.0,5,359.9541891579728,0.0,100.0,557.0,70.823507382607,14.333488452652634,1487.0,252.60647822078798,55.00215111909877,218.0,36.651233263470075,7.834445561372247,0.0,0.0,0.0,0.0,0.0,0.0
2,0.0,7,360.2428675263948,100.0,0.0,570.0,70.53616103306388,14.676175050428556,1479.0,252.79487864191384,55.09659247466514,225.0,36.691258653829706,7.669462546752168,0.0,0.0,0.0,0.0,0.0,0.0
3,0.0,8,360.3532704699702,100.0,100.0,575.0,70.0520777271544,14.893681898031913,1587.0,265.9648275543615,55.91073407643589,144.0,24.237525290950714,5.184679705168557,0.0,0.0,0.0,0.0,0.0,0.0
4,0.054,9,359.98902125931863,200.0,0.0,558.0,70.5490979216629,14.305468414175792,1714.0,286.4696872889826,60.37712076920724,0.0,0.0,0.0,23.0,2.3000000000000007,0.23000000000000015,109.0,0.7470763642445557,0.0056798696844993215
5,0.0,9,360.40847515198243,200.0,100.0,575.0,70.93122235015757,14.077224623021396,1576.0,264.86475328735116,56.60147892540937,144.0,24.315359278151263,5.2916934943345755,0.0,0.0,0.0,0.0,0.0,0.0
