id,probability_maraud,successful_mating,next_foraging_time,x_pos,y_pos,foraging_events,foraging_hrs,foraging_sqhrs,staying_events,staying_hrs,staying_sqhrs,repairing_events,repairing_hrs,repairing_sqhrs,marauding_events,marauding_hrs,marauding_sqhrs,traveling_events,traveling_hrs,traveling_sqhrs
0,0.0,6,360.03939073525004,0.0,0.0,570.0,71.32520580459607,15.521365793856882,1611.0,270.48581480169844,57.197815169193476,108.0,18.241229412158432,3.9427395044728013,0.0,0.0,0.0,0.0,0.0,0.0
1,0.0,10,360.15587700408867,0.0,100.0,575.0,65.51145849381277,12.164091337005095,1606.0,270.16812903244374,56.94199031308893,154.0,24.37487227982273,4.783050089946228,0.0,0.0,0.0,0.0,0.0,0.0
2,0.054,12,359.95739990799,100.0,0.0,565.0,68.57959471952131,14.232680521345548,1706.0,289.1373231898498,62.40816361407795,0.0,0.0,0.0,18.0,1.8000000000000005,0.1800000000000001,93.0,0.4938381831403345,0.002700617283950618
3,0.0,7,360.80892985755395,100.0,100.0,557.0,71.86717909350106,15.821905978523608,1415.0,239.35283632733663,51.05933928279329,284.0,48.99538147591909,10.48401811090353,0.0,0.0,0.0,0.0,0.0,0.0
4,0.0,11,360.0032025629836,200.0,0.0,579.0,68.82720245354756,13.600339985432065,1638.0,279.1335303182521,59.52644074687075,72.0,12.069532405347806,2.5016747782930255,0.0,0.0,0.0,0.0,0.0,0.0
5,0.0,8,360.18795789272497,200.0,100.0,565.0,69.66819178537531,14.231553287935785,1650.0,284.13240641543996,61.86866195842884,36.0,6.268447490718388,1.2670801423584335,0.0,0.0,0.0,0.0,0.0,0.0
