id,probability_maraud,successful_mating,next_foraging_time,x_pos,y_pos,foraging_events,foraging_hrs,foraging_sqhrs,staying_events,staying_hrs,staying_sqhrs,repairing_events,repairing_hrs,repairing_sqhrs,marauding_events,marauding_hrs,marauding_sqhrs,traveling_events,traveling_hrs,traveling_sqhrs
0,0.054,11,360.2195106303585,0.0,0.0,568.0,68.51980030963416,13.875243373613516,1744.0,289.772848634466,62.1202375589401,0.0,0.0,0.0,10.0,0.9999999999999999,0.10000000000000003,106.0,0.7184738383886605,0.005422668038408787
1,0.0,3,359.979670804233,0.0,100.0,572.0,68.22186936693795,14.373627987509753,1696.0,292.1441626957757,63.55042866605529,0.0,0.0,0.0,0.0,0.0,0.0,0.0,0.0,0.0
2,0.0,10,360.31464224111613,100.0,0.0,567.0,69.47100204923478,14.322778081697974,1540.0,265.975462904295,58.11839270798499,143.0,24.556728287371328,5.164451272545048,0.0,0.0,0.0,0.0,0.0,0.0
3,0.0,7,359.981145107205,100.0,100.0,575.0,70.14453865158744,13.908309337539803,1551.0,265.4464796545517,57.03581574135547,141.0,24.59801500698944,5.436652342207042,0.0,0.0,0.0,0.0,0.0,0.0
4,0.0,9,360.3880627843142,200.0,0.0,563.0,73.54556196656456,15.927761743987839,1647.0,280.4844956904059,60.17971444311371,34.0,6.068191996102593,1.4307919584995161,0.0,0.0,0.0,0.0,0.0,0.0
5,0.0,14,360.58242316597506,200.0,100.0,580.0,68.8761806639415,13.467554433912623,1721.0,285.25568252110486,60.173555371022296,29.0,6.024055773049955,1.4863247284419447,0.0,0.0,0.0,0.0,0.0,0.0
