id,probability_maraud,successful_mating,next_foraging_time,x_pos,y_pos,foraging_events,foraging_hrs,foraging_sqhrs,staying_events,staying_hrs,staying_sqhrs,repairing_events,repairing_hrs,repairing_sqhrs,marauding_events,marauding_hrs,marauding_sqhrs,traveling_events,traveling_hrs,traveling_sqhrs
0,0.0,11,360.52235052622683,0.0,0.0,557.0,71.40503131643779,15.35097025113011,1575.0,270.32303159907684,58.823652057168914,106.0,18.2840080116392,3.86313084320228,0.0,0.0,0.0,0.0,0.0,0.0
1,0.0,9,360.1775922541544,0.0,100.0,569.0,72.74214634133943,15.32581856987934,1625.0,275.13169469188057,58.68965811542162,89.0,12.18760870557234,2.2969305933882853,0.0,0.0,0.0,0.0,0.0,0.0
2,0.054,9,360.55501426228096,100.0,0.0,560.0,70.68590168086489,14.445859620924226,1696.0,286.8301274364924,62.32365640284248,0.0,0.0,0.0,23.0,2.3000000000000007,0.23000000000000015,100.0,0.5243279351663851,0.0028292181069958866
3,0.0,6,360.0988777973236,100.0,100.0,572.0,71.28333785164968,14.440156702178284,1607.0,267.85602877695806,56.41293845477613,127.0,20.95228309348472,4.578207800644922,0.0,0.0,0.0,0.0,0.0,0.0
4,0.0,11,359.90478398712173,200.0,0.0,571.0,70.5468676600753,14.742092379793304,1434.0,240.31956472066463,50.6693459962966,290.0,49.14202073569234,10.664959046120844,0.0,0.0,0.0,0.0,0.0,0.0
5,0.0,8,360.638598413435,200.0,100.0,573.0,71.3861227546624,14.743500464091296,1480.0,251.82097589246257,53.47015381614817,208.0,36.86721502227764,7.960862250364237,0.0,0.0,0.0,0.0,0.0,0.0
