id,probability_maraud,successful_mating,next_foraging_time,x_pos,y_pos,foraging_events,foraging_hrs,foraging_sqhrs,staying_events,staying_hrs,staying_sqhrs,repairing_events,repairing_hrs,repairing_sqhrs,marauding_events,marauding_hrs,marauding_sqhrs,traveling_events,traveling_hrs,traveling_sqhrs
0,0.0,7,360.61532275037496,0.0,0.0,574.0,73.27589161544127,16.683543908475677,1424.0,244.3961321665771,52.919738478430126,259.0,42.742686001051744,9.128458088872769,0.0,0.0,0.0,0.0,0.0,0.0
1,0.0,11,360.4895862968732,0.0,100.0,560.0,68.32795122382745,13.490189689889776,1570.0,273.2260237506123,59.24956098183464,106.0,18.46696802212312,4.055022882706701,0.0,0.0,0.0,0.0,0.0,0.0
2,0.054,11,360.02637801870026,100.0,0.0,576.0,66.77222167151402,12.567748662816303,1710.0,290.95784621273435,62.37487633899425,0.0,0.0,0.0,18.0,1.8000000000000005,0.1800000000000001,103.0,0.5497227563434156,0.0030221193415637883
3,0.0,11,359.93664010389665,100.0,100.0,576.0,71.46127740446389,14.332544493917394,1561.0,258.1625579686601,53.96549848095854,180.0,30.37745120358069,6.5426895486195225,0.0,0.0,0.0,0.0,0.0,0.0
4,0.0,10,360.18542846226165,200.0,0.0,575.0,67.05132786826263,13.41549856459029,1692.0,287.00091997542137,61.328542457593024,43.0,6.004736244700298,1.0684006313963237,0.0,0.0,0.0,0.0,0.0,0.0
5,0.0,4,360.53527371855716,200.0,100.0,557.0,72.31436979032483,15.324155283805911,1628.0,275.580807301691,59.01433759051271,71.0,12.282114264770668,2.752778386716112,0.0,0.0,0.0,0.0,0.0,0.0
