id,probability_maraud,successful_mating,next_foraging_time,x_pos,y_pos,foraging_events,foraging_hrs,foraging_sqhrs,staying_events,staying_hrs,staying_sqhrs,repairing_events,repairing_hrs,repairing_sqhrs,marauding_events,marauding_hrs,marauding_sqhrs,traveling_events,traveling_hrs,traveling_sqhrs
0,0.0,7,360.0859066222652,0.0,0.0,564.0,72.52394293266406,15.33488445021966,1679.0,281.4534254715526,59.87170998713829,36.0,6.049538132499539,1.308817234993455,0.0,0.0,0.0,0.0,0.0,0.0
1,0.0,8,360.31293642066674,0.0,100.0,566.0,68.10104159199615,13.813370296616176,1609.0,267.60531626934767,57.03886000859576,149.0,24.341228384052265,4.940585765812565,0.0,0.0,0.0,0.0,0.0,0.0
2,0.054,16,360.2160204422584,100.0,0.0,571.0,69.8113106455712,14.865152741613901,1741.0,287.48229276797576,60.30578961901411,0.0,0.0,0.0,21.0,2.1000000000000005,0.21000000000000013,117.0,0.6279611588277292,0.003472222222222226
3,0.0,8,360.63431733951234,100.0,100.0,574.0,66.18678178307643,12.50711114085188,1521.0,257.308236158068,55.07067562905528,223.0,36.68679346200346,7.690783722574686,0.0,0.0,0.0,0.0,0.0,0.0
4,0.0,4,360.10029897200536,200.0,0.0,568.0,68.30877604315839,13.014533123350052,1390.0,237.09848780041958,50.17934397970269,324.0,54.60631215712322,11.804353540220449,0.0,0.0,0.0,0.0,0.0,0.0
5,0.0,11,359.90238125268263,200.0,100.0,573.0,70.77985358540566,14.210578394184965,1681.0,283.39030275271733,60.653887568611566,37.0,6.0182729358602,1.1936258397259027,0.0,0.0,0.0,0.0,0.0,0.0
