id,probability_maraud,successful_mating,next_foraging_time,x_pos,y_pos,foraging_events,foraging_hrs,foraging_sqhrs,staying_events,staying_hrs,staying_sqhrs,repairing_events,repairing_hrs,repairing_sqhrs,marauding_events,marauding_hrs,marauding_sqhrs,traveling_events,traveling_hrs,traveling_sqhrs
0,0.0,12,360.7134510083198,0.0,0.0,569.0,71.2826706216381,14.598413357821247,1530.0,258.2003575423833,55.42846394060392,186.0,30.538568326339703,6.291379319016978,0.0,0.0,0.0,0.0,0.0,0.0
1,0.0,5,360.0429826274681,0.0,100.0,557.0,72.56640986334823,15.349828536054169,1619.0,269.39306002477264,56.566179822923196,109.0,18.232237100217898,3.8852734072530692,0.0,0.0,0.0,0.0,0.0,0.0
2,0.0,9,359.93424094357044,100.0,0.0,559.0,72.05684146221692,14.675926809356062,1544.0,263.64443469595955,56.796997534580015,154.0,24.465054237303317,4.987955156484205,0.0,0.0,0.0,0.0,0.0,0.0
3,0.0,13,359.8761463956274,100.0,100.0,555.0,71.30034413866288,14.605623502697304,1620.0,276.6500372493356,59.20688353841684,69.0,12.175414769842527,2.9253425918099136,0.0,0.0,0.0,0.0,0.0,0.0
4,0.0,7,360.24971350618324,200.0,0.0,562.0,70.17302569031163,15.211446951315407,1635.0,277.78346411052456,60.1533672396636,74.0,12.205902653244651,2.531628184349104,0.0,0.0,0.0,0.0,0.0,0.0
5,0.054,8,360.2789658288269,200.0,100.0,562.0,67.70058966806168,13.213204617613497,1713.0,290.1181308020291,62.84044619742464,0.0,0.0,0.0,16.0,1.6000000000000003,0.1600000000000001,87.0,0.6233664135420628,0.004929698216735257
