id,probability_maraud,successful_mating,next_foraging_time,x_pos,y_pos,foraging_events,foraging_hrs,foraging_sqhrs,staying_events,staying_hrs,staying_sqhrs,repairing_events,repairing_hrs,repairing_sqhrs,marauding_events,marauding_hrs,marauding_sqhrs,traveling_events,traveling_hrs,traveling_sqhrs
0,0.0,6,360.573899764248,0.0,0.0,566.0,71.78479190604205,15.765333313254581,1508.0,257.9002763620975,56.311250812331,168.0,30.459910678431022,6.711720373486644,0.0,0.0,0.0,0.0,0.0,0.0
1,0.0,14,360.39654358302096,0.0,100.0,556.0,69.48639462939516,14.243341449559544,1615.0,266.41529333178056,56.57599219228434,139.0,24.277256519542583,5.240915803124687,0.0,0.0,0.0,0.0,0.0,0.0
2,0.0,7,360.14576094299525,100.0,0.0,567.0,74.10859188596442,15.884435561923391,1434.0,243.5491508442481,52.29283904040474,258.0,42.507728928981415,8.836927217072919,0.0,0.0,0.0,0.0,0.0,0.0
3,0.054,9,359.90653619137635,100.0,100.0,567.0,68.39312806955728,14.027336117880832,1714.0,288.3522198716912,60.786931830743335,0.0,0.0,0.0,27.0,2.700000000000001,0.2700000000000002,110.0,0.5936360960389646,0.0033007544581618686
4,0.0,8,360.26552760178697,200.0,0.0,560.0,71.94388990588268,15.605103896082012,1452.0,251.03820246085408,54.505688890366166,221.0,37.10456022487173,8.067370323746681,0.0,0.0,0.0,0.0,0.0,0.0
5,0.0,10,360.0416460815293,200.0,100.0,561.0,72.28309824623311,15.381579888458313,1524.0,257.1835423068061,55.38938735266433,179.0,30.6672294147967,6.3642799526962905,0.0,0.0,0.0,0.0,0.0,0.0
