id,probability_maraud,successful_mating,next_foraging_time,x_pos,y_pos,foraging_events,foraging_hrs,foraging_sqhrs,staying_events,staying_hrs,staying_sqhrs,repairing_events,repairing_hrs,repairing_sqhrs,marauding_events,marauding_hrs,marauding_sqhrs,traveling_events,traveling_hrs,traveling_sqhrs
0,0.054,11,359.9606835618826,0.0,0.0,576.0,65.17830924597189,12.279767420673583,1720.0,292.6865728985538,63.21495474965327,0.0,0.0,0.0,15.0,1.5000000000000002,0.15000000000000008,105.0,0.7786489119795488,0.006408607681755839
1,0.0,6,360.5502674112048,0.0,100.0,568.0,71.2591094073198,14.274907588769233,1651.0,276.59039286718667,58.79996795470209,68.0,12.222720932462734,2.8472130365919646,0.0,0.0,0.0,0.0,0.0,0.0
2,0.0,13,360.3372046190714,100.0,0.0,561.0,70.69852435193727,14.890377193199932,1637.0,277.17932675292934,59.26918984216345,78.0,12.213664491650407,2.4538014148866014,0.0,0.0,0.0,0.0,0.0,0.0
3,0.0,7,360.7013423386705,100.0,100.0,568.0,69.80852159647168,14.093084821880037,1558.0,265.65278623281046,56.92150883972999,143.0,24.682655825014486,5.295352928701536,0.0,0.0,0.0,0.0,0.0,0.0
4,0.0,9,360.1552652107363,200.0,0.0,552.0,71.54311054291732,15.595133364041349,1577.0,264.11000671524135,56.69333230752134,131.0,24.403354540898537,5.669512395718915,0.0,0.0,0.0,0.0,0.0,0.0
5,0.0,8,360.6673850664565,200.0,100.0,577.0,73.73936314912481,17.05056852778463,1642.0,274.245436534646,58.59242095110739,70.0,12.218111881520006,2.6855558965725197,0.0,0.0,0.0,0.0,0.0,0.0
