id,probability_maraud,successful_mating,next_foraging_time,x_pos,y_pos,foraging_events,foraging_hrs,foraging_sqhrs,staying_events,staying_hrs,staying_sqhrs,repairing_events,repairing_hrs,repairing_sqhrs,marauding_events,marauding_hrs,marauding_sqhrs,traveling_events,traveling_hrs,traveling_sqhrs
0,0.0,10,360.18973508538943,0.0,0.0,555.0,71.64685751394697,15.458048603493268,1563.0,270.13342665941485,58.729458671977305,113.0,18.268911542008414,3.5894077669705666,0.0,0.0,0.0,0.0,0.0,0.0
1,0.054,9,360.1325819712575,0.0,100.0,569.0,68.70982389368952,13.278993165777155,1696.0,288.593238994051,62.66779473453635,0.0,0.0,0.0,21.0,2.1000000000000005,0.21000000000000013,93.0,0.6484728050912214,0.005036865569272981
2,0.0,12,359.85581909176574,100.0,0.0,565.0,69.29547468198332,13.405383179356448,1446.0,248.30503093242933,53.858181008197946,243.0,42.52319081005766,9.137893875157493,0.0,0.0,0.0,0.0,0.0,0.0
3,0.0,10,360.3161040756703,100.0,100.0,574.0,73.96748288430697,16.07336904139081,1499.0,256.69565352825134,55.3901171312853,169.0,29.552572845938307,6.469117171959595,0.0,0.0,0.0,0.0,0.0,0.0
4,0.0,6,359.91471871738594,200.0,0.0,565.0,72.3921580655999,15.239154841414447,1512.0,260.1700553174458,55.89159844814144,162.0,27.443699511827177,5.939998359072694,0.0,0.0,0.0,0.0,0.0,0.0
5,0.0,7,359.95057407596937,200.0,100.0,575.0,70.29050063503222,14.579338291347389,1682.0,283.5244320157459,60.95712695002844,39.0,6.243119422483141,1.264772738945825,0.0,0.0,0.0,0.0,0.0,0.0
