id,probability_maraud,successful_mating,next_foraging_time,x_pos,y_pos,foraging_events,foraging_hrs,foraging_sqhrs,staying_events,staying_hrs,staying_sqhrs,repairing_events,repairing_hrs,repairing_sqhrs,marauding_events,marauding_hrs,marauding_sqhrs,traveling_events,traveling_hrs,traveling_sqhrs
0,0.0,5,359.92696231337686,0.0,0.0,565.0,67.7461698631246,13.720838001157128,1640.0,273.96246093418307,57.58610039312451,110.0,18.33152625011916,3.782514949443729,0.0,0.0,0.0,0.0,0.0,0.0
1,0.054,16,359.98106516210487,0.0,100.0,567.0,65.97749643268583,12.521372448613821,1717.0,291.55388207690623,62.4850601682986,0.0,0.0,0.0,20.0,2.0000000000000004,0.20000000000000012,97.0,0.6824079918100577,0.0054012345679012395
2,0.0,13,360.08832453688933,100.0,0.0,556.0,69.23056548073335,14.234602355589033,1595.0,272.41213404555447,59.04544465505193,97.0,18.358958258746693,4.228054309949612,0.0,0.0,0.0,0.0,0.0,0.0
3,0.0,7,360.52393496455437,100.0,100.0,566.0,72.70054689199698,15.238192579623071,1472.0,256.6988071963611,56.419661054137116,184.0,30.708302670385,6.57242885857965,0.0,0.0,0.0,0.0,0.0,0.0
4,0.0,4,360.8652858697459,200.0,0.0,569.0,68.15528461310575,13.088341372839222,1558.0,261.52722379718296,56.21054599315067,169.0,30.686177634219483,7.136801907484826,0.0,0.0,0.0,0.0,0.0,0.0
5,0.0,9,360.699113123123,200.0,100.0,567.0,70.80875342759023,14.696797326292698,1560.0,264.7202096798502,57.20610228403269,147.0,24.520695978970576,5.116019635162954,0.0,0.0,0.0,0.0,0.0,0.0
