id,probability_maraud,successful_mating,next_foraging_time,x_pos,y_pos,foraging_events,foraging_hrs,foraging_sqhrs,staying_events,staying_hrs,staying_sqhrs,repairing_events,repairing_hrs,repairing_sqhrs,marauding_events,marauding_hrs,marauding_sqhrs,traveling_events,traveling_hrs,traveling_sqhrs
0,0.0,12,359.846091746017,0.0,0.0,566.0,69.76347579469916,14.80398407731962,1593.0,271.72202702761535,58.938047756257575,106.0,18.550466874768272,4.050391172780751,0.0,0.0,0.0,0.0,0.0,0.0
1,0.0,7,360.0623624929893,0.0,100.0,557.0,70.95005641845319,15.852578856424575,1420.0,240.40270953163525,51.50629508860146,289.0,48.86247861846949,10.403881182097843,0.0,0.0,0.0,0.0,0.0,0.0
2,0.054,6,360.1124857493407,100.0,0.0,573.0,75.48330662132342,16.22930806577737,1676.0,282.3571776935469,59.56550724992499,0.0,0.0,0.0,20.0,2.0000000000000004,0.20000000000000012,95.0,0.5165210300690923,0.0028935185185185192
3,0.0,13,360.6126953832805,100.0,100.0,557.0,74.57976338141678,16.287988462079866,1579.0,267.2286303734047,57.919946144747996,108.0,18.24805460096131,3.811280145120568,0.0,0.0,0.0,0.0,0.0,0.0
4,0.0,11,360.4172262307252,200.0,0.0,561.0,72.78090758399073,16.5170886340431,1540.0,268.8784107566465,58.481435630527,113.0,18.453633744139257,3.8281061793693705,0.0,0.0,0.0,0.0,0.0,0.0
5,0.0,5,360.1433576363454,200.0,100.0,563.0,67.37852129397457,13.114727901464374,1641.0,274.3127968477183,58.72375885941816,107.0,18.32324054966481,3.996293567592908,0.0,0.0,0.0,0.0,0.0,0.0
