id,probability_maraud,successful_mating,next_foraging_time,x_pos,y_pos,foraging_events,foraging_hrs,foraging_sqhrs,staying_events,staying_hrs,staying_sqhrs,repairing_events,repairing_hrs,repairing_sqhrs,marauding_events,marauding_hrs,marauding_sqhrs,traveling_events,traveling_hrs,traveling_sqhrs
0,0.054,8,360.4904514573046,0.0,0.0,559.0,69.70248527638996,15.14454544928871,1736.0,288.46489591981816,61.33056952093262,0.0,0.0,0.0,13.0,1.3,0.13000000000000006,98.0,0.5944855696525934,0.0040080589849108405
1,0.0,8,360.21503499185206,0.0,100.0,573.0,68.42321251762783,13.789562593328306,1639.0,279.39983519131204,59.560862149374785,72.0,12.188093913237495,2.4753246958116666,0.0,0.0,0.0,0.0,0.0,0.0
2,0.0,15,360.1017733646466,100.0,0.0,571.0,73.03618528790429,16.007122331797703,1627.0,274.46110040165286,58.97990379596784,75.0,12.65097275566805,2.812625348046066,0.0,0.0,0.0,0.0,0.0,0.0
3,0.0,6,360.073426079959,100.0,100.0,570.0,69.63982927974912,14.110817494305538,1585.0,271.8786775377113,57.925741159057715,112.0,18.494355486630123,3.8419940744877525,0.0,0.0,0.0,0.0,0.0,0.0
4,0.0,7,360.38712119449514,200.0,0.0,560.0,74.00218001980733,17.398108958098355,1552.0,261.7637420175095,55.68823231184534,140.0,24.304962257997,5.174653627645676,0.0,0.0,0.0,0.0,0.0,0.0
5,0.0,10,360.52503674607044,200.0,100.0,567.0,69.46439058003597,14.26519055872698,1669.0,284.6254991429764,61.89262588434119,38.0,6.1275615495536355,1.2672775460315733,0.0,0.0,0.0,0.0,0.0,0.0
