id,probability_maraud,successful_mating,next_foraging_time,x_pos,y_pos,foraging_events,foraging_hrs,foraging_sqhrs,staying_events,staying_hrs,staying_sqhrs,repairing_events,repairing_hrs,repairing_sqhrs,marauding_events,marauding_hrs,marauding_sqhrs,traveling_events,traveling_hrs,traveling_sqhrs
0,0.0,12,360.5554850651853,0.0,0.0,563.0,70.75602358259638,14.059847992415179,1555.0,259.01929764800053,55.16925951279871,171.0,30.262058904280433,6.8590175674104765,0.0,0.0,0.0,0.0,0.0,0.0
1,0.0,5,360.3339701171928,0.0,100.0,557.0,68.18618619634934,14.06086235049076,1554.0,262.2328997247092,56.082034991667385,162.0,29.757067278149574,6.721473661223165,0.0,0.0,0.0,0.0,0.0,0.0
2,0.0,7,360.09479427498167,100.0,0.0,570.0,67.284948562094,13.538108359913839,1577.0,261.91497432763316,55.65368930185874,175.0,30.811229268414497,6.697802386829459,0.0,0.0,0.0,0.0,0.0,0.0
3,0.054,9,360.28047896206465,100.0,100.0,580.0,72.86258836448053,15.219672684872709,1731.0,284.88271742260105,59.52395999083086,0.0,0.0,0.0,18.0,1.8000000000000005,0.1800000000000001,99.0,0.5312042378248971,0.0029363854595336096
4,0.0,12,360.756209486189,200.0,0.0,560.0,73.52834454872077,16.832644517646298,1670.0,280.7788851260271,59.646522429397145,40.0,6.019155228933076,1.1141002831827342,0.0,0.0,0.0,0.0,0.0,0.0
5,0.0,9,360.123568379062,200.0,100.0,573.0,66.6717019013384,13.63108676575301,1668.0,281.41685129461854,60.245050582854596,77.0,12.167053646878534,2.490317928627374,0.0,0.0,0.0,0.0,0.0,0.0
