id,probability_maraud,successful_mating,next_foraging_time,x_pos,y_pos,foraging_events,foraging_hrs,foraging_sqhrs,staying_events,staying_hrs,staying_sqhrs,repairing_events,repairing_hrs,repairing_sqhrs,marauding_events,marauding_hrs,marauding_sqhrs,traveling_events,traveling_hrs,traveling_sqhrs
0,0.0,8,360.1877736437571,0.0,0.0,573.0,70.12722583429832,13.518856006577623,1559.0,259.40052061682354,54.92682924131444,177.0,30.551092404012547,6.367327548981891,0.0,0.0,0.0,0.0,0.0,0.0
1,0.054,8,359.85728383180856,0.0,100.0,562.0,70.31009719767239,14.717604654389422,1424.0,238.76324165443074,51.138213152588726,290.0,49.16864424643693,10.686151200394704,11.0,1.0999999999999999,0.11000000000000004,80.0,0.7331127998279033,0.007866083676268867
2,0.054,17,360.3706122684325,100.0,0.0,581.0,71.51973324541733,14.775205411127619,1456.0,248.1241292935467,53.2817966326223,236.0,39.25726334303282,8.388829854329465,9.0,0.8999999999999999,0.09000000000000002,54.0,0.34222873781525837,0.0023791152263374477
3,0.054,14,360.4018512868499,100.0,100.0,564.0,70.76303997695348,15.209367546968087,1462.0,244.81257413525134,51.91549095206874,250.0,42.7849779898299,9.251378584749254,12.0,1.2,0.12000000000000005,82.0,0.5642741356601174,0.0043295610425240095
4,0.054,13,360.09388015831786,200.0,0.0,567.0,69.62130895412757,14.146044819056849,1443.0,246.6190673766574,53.47460335095913,239.0,42.263964005226576,9.317954779835768,11.0,1.0999999999999999,0.11000000000000004,73.0,0.4727642915623122,0.0034079218106995894
5,0.0,6,360.31998533577735,200.0,100.0,563.0,72.69169551869429,15.118749040705964,1475.0,244.94103050685533,51.30148482232639,250.0,42.49031183835875,9.116132426949159,0.0,0.0,0.0,0.0,0.0,0.0
6,0.0,3,360.4182238585589,300.0,0.0,570.0,76.65233583859357,16.551906516771314,1154.0,192.29535911760448,40.748331644732076,540.0,91.12304792652816,19.631536390358132,0.0,0.0,0.0,0.0,0.0,0.0
7,0.054,3,360.20916712276727,300.0,100.0,565.0,69.71638406590476,14.379252651550047,1489.0,250.8137019320663,53.858307122819205,208.0,36.84343784029607,8.193519030220704,19.0,1.9000000000000006,0.1900000000000001,84.0,0.782444667190371,0.008444787379972568
