id,probability_maraud,successful_mating,next_foraging_time,x_pos,y_pos,foraging_events,foraging_hrs,foraging_sqhrs,staying_events,staying_hrs,staying_sqhrs,repairing_events,repairing_hrs,repairing_sqhrs,marauding_events,marauding_hrs,marauding_sqhrs,traveling_events,traveling_hrs,traveling_sqhrs
0,0.054,8,360.32656038687605,0.0,0.0,569.0,72.70533664928527,14.844425409870675,1239.0,212.6462616322768,45.562309663905815,420.0,73.14498305325543,15.899722558910142,10.0,0.9999999999999999,0.10000000000000003,67.0,0.5474523546172446,0.0054012345679012395
1,0.054,7,360.16234897721483,0.0,100.0,579.0,72.06630602432026,15.61985563354948,1461.0,249.15221048807322,53.148442294351185,213.0,36.611635139439805,8.045204949893,15.0,1.5000000000000002,0.15000000000000008,80.0,0.7191808775358411,0.007673182441700969
2,0.0,10,360.2608459243547,100.0,0.0,552.0,69.22989060306979,15.001804673971677,1268.0,215.08415472768144,46.45970773447489,441.0,75.81448694734301,16.324531804167147,0.0,0.0,0.0,0.0,0.0,0.0
3,0.0,7,360.01661991362704,100.0,100.0,576.0,67.5979903717396,13.496530036398296,1396.0,231.85733114279768,48.87043824092615,349.0,60.58999347207781,13.111945130908113,0.0,0.0,0.0,0.0,0.0,0.0
4,0.054,14,360.2910930118379,200.0,0.0,566.0,67.43231836605221,12.894895859106914,1385.0,236.4902777805399,51.22651883963589,315.0,54.591974274572785,11.73409491320347,11.0,1.0999999999999999,0.11000000000000004,85.0,0.526989209800707,0.0036008230452674915
5,0.054,10,360.09399897297817,200.0,100.0,553.0,70.87883240648546,15.261386689989912,1407.0,243.98954060794543,53.30096380517617,256.0,43.11898514848322,9.294439841851643,16.0,1.6000000000000003,0.1600000000000001,75.0,0.47104377817522314,0.003322187928669412
6,0.0,8,360.0555135099494,300.0,0.0,578.0,66.37979970446055,12.307473154190337,1529.0,257.1697175183055,54.495179146444414,229.0,36.51114600439934,7.550660227585041,0.0,0.0,0.0,0.0,0.0,0.0
7,0.054,8,359.8127960933347,300.0,100.0,547.0,70.62043365626202,15.415631406242527,1512.0,256.4980858895787,55.467565396717035,195.0,30.769711597486356,6.297101749970329,16.0,1.6000000000000003,0.1600000000000001,80.0,0.6947273004544757,0.007330246913580253
