id,probability_maraud,successful_mating,next_foraging_time,x_pos,y_pos,foraging_events,foraging_hrs,foraging_sqhrs,staying_events,staying_hrs,staying_sqhrs,repairing_events,repairing_hrs,repairing_sqhrs,marauding_events,marauding_hrs,marauding_sqhrs,traveling_events,traveling_hrs,traveling_sqhrs
0,0.0,6,360.6340381090654,0.0,0.0,571.0,69.85044388927066,14.179336888449793,1466.0,247.820272983205,52.804063768766156,249.0,42.51504537700676,9.472290638940866,0.0,0.0,0.0,0.0,0.0,0.0
1,0.0,10,360.1544369131783,0.0,100.0,569.0,70.64026244106199,14.972196382056987,1439.0,246.88702869942287,53.67714230495896,248.0,42.81551450742354,9.035747770294586,0.0,0.0,0.0,0.0,0.0,0.0
2,0.0,5,359.9761754797729,100.0,0.0,568.0,70.28031314598934,14.33792660035427,1211.0,210.5945456434334,46.22686406698519,459.0,79.25487814306099,17.005871418186967,0.0,0.0,0.0,0.0,0.0,0.0
3,0.054,8,359.8344332440073,100.0,100.0,567.0,73.93198210567382,17.05276552360261,1408.0,235.336690559706,50.093485954446244,280.0,48.884447888035396,10.603197759206738,14.0,1.4000000000000001,0.14000000000000007,81.0,0.5386720136803669,0.003986625514403295
4,0.054,11,360.2438039748146,200.0,0.0,563.0,69.18606845713165,14.524208575447712,1514.0,254.19800087198433,54.51541670372635,214.0,34.835928873727305,7.077432922499689,12.0,1.2,0.12000000000000005,104.0,0.662113805157737,0.004672496570644723
5,0.054,9,360.2302313476188,200.0,100.0,576.0,68.94115475358089,14.437794025350787,1452.0,240.2890507649067,51.337562476152776,291.0,49.00099739258721,10.663462867547985,12.0,1.2,0.12000000000000005,93.0,0.6174365758064736,0.00452246227709191
6,0.054,10,360.05644384212786,300.0,0.0,572.0,71.54264874085415,14.77378546206542,1365.0,231.59725666311036,49.22886831791873,337.0,55.056262944842885,11.296138571841391,11.0,1.0999999999999999,0.11000000000000004,87.0,0.7215316423926684,0.007180212620027441
7,0.054,13,360.10105912881346,300.0,100.0,571.0,71.92433715314691,14.801689832104215,1486.0,249.08046070944314,53.107056939049244,212.0,36.60949137088323,8.11238606223722,15.0,1.5000000000000002,0.15000000000000008,97.0,0.9028808339643388,0.00992369684499315
