id,probability_maraud,successful_mating,next_foraging_time,x_pos,y_pos,foraging_events,foraging_hrs,foraging_sqhrs,staying_events,staying_hrs,staying_sqhrs,repairing_events,repairing_hrs,repairing_sqhrs,marauding_events,marauding_hrs,marauding_sqhrs,traveling_events,traveling_hrs,traveling_sqhrs
0,0.054,5,360.31182597116026,0.0,0.0,555.0,71.88475697240686,15.284330909027828,1245.0,213.471216848395,45.98484854580092,436.0,73.08297310785083,15.10662336606377,11.0,1.0999999999999999,0.11000000000000004,68.0,0.6223002771531159,0.006622942386831281
1,0.054,13,360.3061334301434,0.0,100.0,557.0,68.70395292376439,14.059126448673378,1536.0,257.78799126823185,54.51242551139729,187.0,31.39549809410739,6.706327204767036,14.0,1.4000000000000001,0.14000000000000007,101.0,0.874797284387892,0.008916323731138553
2,0.0,10,360.1083028954531,100.0,0.0,566.0,69.89496869092217,14.028184905307922,1497.0,253.6418994075711,54.208525060324114,220.0,36.54223780883155,7.9513344119038,0.0,0.0,0.0,0.0,0.0,0.0
3,0.0,6,360.5069938618526,100.0,100.0,574.0,70.06462391362957,14.369132548986439,1478.0,247.01242676279918,52.05153385620025,251.0,42.967676218321046,9.231198355196582,0.0,0.0,0.0,0.0,0.0,0.0
4,0.0,9,359.90624554619376,200.0,0.0,568.0,73.82294096473065,16.0287089141614,1543.0,249.8821548687408,51.96824142181095,207.0,36.450960044151145,7.8996009010381005,0.0,0.0,0.0,0.0,0.0,0.0
5,0.054,10,360.115718682776,200.0,100.0,561.0,68.93058594118584,14.359528533598116,1338.0,225.60849947397648,47.949620477280476,376.0,64.04974456991675,14.03418912613836,9.0,0.8999999999999999,0.09000000000000002,83.0,0.5390314605390938,0.003858024691358027
6,0.054,15,360.7313167616977,300.0,0.0,561.0,68.854048803717,14.20860343996077,1458.0,245.9895468942149,52.41993699393115,246.0,42.619764975486326,9.258196881361338,20.0,2.0000000000000004,0.20000000000000012,88.0,0.7445756987128718,0.007566015089163246
7,0.054,4,360.2884757933054,300.0,100.0,562.0,66.84198108028708,13.3518882636274,1357.0,230.1767740648447,49.71975393393758,389.0,61.22196058493465,12.305411942384712,11.0,1.0999999999999999,0.11000000000000004,89.0,0.7724771558705423,0.007951817558299046
