id,probability_maraud,successful_mating,next_foraging_time,x_pos,y_pos,foraging_events,foraging_hrs,foraging_sqhrs,staying_events,staying_hrs,staying_sqhrs,repairing_events,repairing_hrs,repairing_sqhrs,marauding_events,marauding_hrs,marauding_sqhrs,traveling_events,traveling_hrs,traveling_sqhrs
0,0.054,8,360.0590624652139,0.0,0.0,577.0,71.0584826357543,14.66127500117999,1502.0,256.4433925616584,55.49301794198089,180.0,30.604573888430743,6.570721471104622,12.0,1.2,0.12000000000000005,96.0,0.7672157122408252,0.0073088134430727095
1,0.0,14,360.4205572087955,0.0,100.0,570.0,69.8697764372178,14.461980017515142,1407.0,241.53617988038678,52.173718794545366,300.0,48.59887128245123,10.157923738071162,0.0,0.0,0.0,0.0,0.0,0.0
2,0.0,9,359.88772412763177,100.0,0.0,570.0,73.47732794701707,15.362293456676651,1366.0,231.67647962520505,49.74004235386326,315.0,54.92619919221883,12.06512534557616,0.0,0.0,0.0,0.0,0.0,0.0
3,0.0,12,360.5879156768638,100.0,100.0,554.0,74.2596978054512,16.29052127404972,1361.0,230.89883591835726,48.78148791020611,334.0,54.9223995727079,11.661762290826976,0.0,0.0,0.0,0.0,0.0,0.0
4,0.054,9,360.11161043658524,200.0,0.0,571.0,73.78486126431444,16.45423724810469,1405.0,239.15793217689415,51.31278160339502,269.0,45.72565010793064,10.22046529515801,10.0,0.9999999999999999,0.10000000000000003,91.0,0.5790486310495263,0.004093792866941019
5,0.054,8,360.14178128648325,200.0,100.0,574.0,68.84916993614766,14.221427650105005,1473.0,249.61397702223482,53.17329472438174,242.0,39.8588956390741,8.442762763179099,13.0,1.3,0.13000000000000006,77.0,0.5008304989679621,0.003579389574759946
6,0.054,5,360.53447098531467,300.0,0.0,568.0,69.50985316227036,14.65117767837839,1436.0,246.2275871090168,52.88247219343308,249.0,42.2548794593458,9.085345465766405,14.0,1.4000000000000001,0.14000000000000007,78.0,0.6701421777800707,0.006880144032921818
7,0.054,7,360.3765105015531,300.0,100.0,562.0,72.01605304992951,15.26464812838507,1420.0,243.30932710042347,52.489627437818726,256.0,42.96819211432603,9.292367153694231,11.0,1.0999999999999999,0.11000000000000004,74.0,0.6633625835847894,0.006880144032921815
