id,probability_maraud,successful_mating,next_foraging_time,x_pos,y_pos,foraging_events,foraging_hrs,foraging_sqhrs,staying_events,staying_hrs,staying_sqhrs,repairing_events,repairing_hrs,repairing_sqhrs,marauding_events,marauding_hrs,marauding_sqhrs,traveling_events,traveling_hrs,traveling_sqhrs
0,0.0,6,360.4669533714219,0.0,0.0,562.0,73.3868484329898,15.485290779487759,1336.0,226.5222633523624,48.943862287818895,365.0,60.16415046646091,12.438034485584497,0.0,0.0,0.0,0.0,0.0,0.0
1,0.054,9,360.0573447721036,0.0,100.0,566.0,70.76822293456814,15.075767605811093,1431.0,238.86812433261073,51.118756246430415,296.0,48.79047173861098,10.347202946848094,9.0,0.8999999999999999,0.09000000000000002,74.0,0.6845876555219538,0.007523148148148154
2,0.054,9,360.70883640667125,100.0,0.0,562.0,69.02181507793037,14.182642197573335,1519.0,251.6681232736822,53.10922856180423,217.0,36.84337386933576,8.136424047324518,18.0,1.8000000000000005,0.1800000000000001,110.0,0.6995407182647022,0.004865397805212627
3,0.054,13,360.2553659207465,100.0,100.0,566.0,68.79409336293908,13.649233940828584,1522.0,252.0462840179737,53.48781170327968,214.0,36.59398995865072,7.667526153385467,20.0,2.0000000000000004,0.20000000000000012,115.0,0.7357834364348237,0.0051440329218107065
4,0.0,5,360.3934070200306,200.0,0.0,571.0,70.43391381568672,14.23395377394989,1312.0,216.5828951083376,46.05871138447588,441.0,73.00234101124987,15.336778838607843,0.0,0.0,0.0,0.0,0.0,0.0
5,0.054,13,360.03367664192405,200.0,100.0,570.0,69.37609197111507,14.996996200513882,1365.0,234.3480599231981,50.812900517274905,326.0,54.98430137822275,11.587339073444838,8.0,0.7999999999999999,0.08000000000000002,80.0,0.5141627990038563,0.003665123456790126
6,0.0,9,360.73639807808837,300.0,0.0,565.0,73.67999102561873,15.2681738981764,1349.0,231.42453438543458,50.02222934417685,341.0,54.98111022163576,11.419203787126198,0.0,0.0,0.0,0.0,0.0,0.0
7,0.054,8,360.10204445102335,300.0,100.0,566.0,70.99324961676365,14.488607342145995,1527.0,256.83933882803666,54.84727148412322,188.0,30.4890164325221,6.384161546831859,11.0,1.0999999999999999,0.11000000000000004,83.0,0.6539744241183798,0.006087105624142665
