id,probability_maraud,successful_mating,next_foraging_time,x_pos,y_pos,foraging_events,foraging_hrs,foraging_sqhrs,staying_events,staying_hrs,staying_sqhrs,repairing_events,repairing_hrs,repairing_sqhrs,marauding_events,marauding_hrs,marauding_sqhrs,traveling_events,traveling_hrs,traveling_sqhrs
0,0.054,9,359.81727956889824,0.0,0.0,551.0,69.64526736729192,14.678029022341795,1600.0,269.44731621436415,57.5461285370474,120.0,18.350396524262187,3.733641321173528,18.0,1.8000000000000005,0.1800000000000001,90.0,0.76872072855183,0.007844650205761323
1,0.054,9,360.04452567033195,0.0,100.0,558.0,72.33469119884961,15.675266993780628,1426.0,242.8152368848223,52.525486016337624,247.0,43.49309753480413,9.372249833232441,9.0,0.8999999999999999,0.09000000000000002,69.0,0.5912618024872175,0.005979938271604944
2,0.054,7,360.17062534926026,100.0,0.0,566.0,67.98576307946311,13.051018974070397,1452.0,241.6770671402637,51.431777735596675,282.0,48.80299665117281,10.47798545376582,11.0,1.0999999999999999,0.11000000000000004,70.0,0.4558648399888269,0.003300754458161868
3,0.054,16,359.93030197436156,100.0,100.0,555.0,71.60853903901449,16.107172999347647,1360.0,227.32749873287096,48.23987205668703,347.0,59.15162940243137,12.653543336708248,16.0,1.6000000000000003,0.1600000000000001,67.0,0.43790291032330264,0.0031507201646090543
4,0.0,9,360.1014424820463,200.0,0.0,571.0,73.67400506480162,15.543197475673367,1377.0,231.62785582145722,49.56005634538917,330.0,54.80142374388395,11.829209522278749,0.0,0.0,0.0,0.0,0.0,0.0
5,0.0,7,360.36464697347566,200.0,100.0,571.0,73.04072039111605,15.81166046048185,1469.0,248.9229302825543,53.20014379170048,216.0,38.08296341678969,8.474830087747257,0.0,0.0,0.0,0.0,0.0,0.0
6,0.054,5,360.313109074516,300.0,0.0,571.0,69.91560020506465,13.452321924573795,1375.0,234.0295550804763,50.0403820140175,315.0,54.838895715471665,11.966254358308724,9.0,0.8999999999999999,0.09000000000000002,72.0,0.5783391660755686,0.005572702331961597
7,0.0,10,360.4935899999589,300.0,100.0,575.0,70.06055873485332,14.191964801595933,1347.0,229.02489104546368,49.06703631659765,367.0,61.04869196563912,12.927893390960389,0.0,0.0,0.0,0.0,0.0,0.0
