id,probability_maraud,successful_mating,next_foraging_time,x_pos,y_pos,foraging_events,foraging_hrs,foraging_sqhrs,staying_events,staying_hrs,staying_sqhrs,repairing_events,repairing_hrs,repairing_sqhrs,marauding_events,marauding_hrs,marauding_sqhrs,traveling_events,traveling_hrs,traveling_sqhrs
0,0.054,6,360.5994608242732,0.0,0.0,557.0,68.86541104324854,14.40193267550913,1474.0,252.91276968204303,54.60149642248143,203.0,36.76930687918763,8.486641741784558,9.0,0.8999999999999999,0.09000000000000002,83.0,0.7148624405345074,0.007287379972565164
1,0.054,13,360.187287373311,0.0,100.0,561.0,67.83939615411808,14.12743653586508,1412.0,235.33132094476454,50.511436286659986,311.0,55.30268232915615,12.721215299193457,9.0,0.8999999999999999,0.09000000000000002,79.0,0.6708988840734398,0.006687242798353915
2,0.0,11,360.33206572826793,100.0,0.0,572.0,69.82852909011815,14.384421590287179,1379.0,235.2704201669458,50.70987394329714,326.0,54.91913725874611,11.69449019051089,0.0,0.0,0.0,0.0,0.0,0.0
3,0.0,7,360.1410662806111,100.0,100.0,564.0,69.82665435492552,14.065070816056831,1608.0,271.86313714503274,58.479369882493515,114.0,18.354867118304433,3.6046201956016497,0.0,0.0,0.0,0.0,0.0,0.0
4,0.054,8,360.55142619531944,200.0,0.0,564.0,70.13768850323164,14.557964304573387,1496.0,251.07828047829983,53.79966322091165,205.0,36.74322688903625,8.28579900907399,17.0,1.7000000000000004,0.1700000000000001,69.0,0.4411410442133685,0.003107853223593965
5,0.054,8,360.33384941285794,200.0,100.0,553.0,76.50710387175023,17.354601544967885,1362.0,233.19003043085795,50.33650578814601,291.0,48.50494339656984,10.068971903704801,15.0,1.5000000000000002,0.15000000000000008,72.0,0.4689188219911465,0.0033650548696845016
6,0.054,10,360.63365881597457,300.0,0.0,572.0,70.40996899638706,14.362301097918824,1419.0,245.67073553492511,53.24054557585222,251.0,42.69913908028527,9.247112174754932,7.0,0.7,0.07,73.0,0.5730012843853696,0.005401234567901238
7,0.0,9,360.40930307156424,300.0,100.0,550.0,72.15568905227126,15.921258542780013,1383.0,232.94819240459185,49.49263140111645,330.0,55.034592899010214,11.941114693763401,0.0,0.0,0.0,0.0,0.0,0.0
