id,probability_maraud,successful_mating,next_foraging_time,x_pos,y_pos,foraging_events,foraging_hrs,foraging_sqhrs,staying_events,staying_hrs,staying_sqhrs,repairing_events,repairing_hrs,repairing_sqhrs,marauding_events,marauding_hrs,marauding_sqhrs,traveling_events,traveling_hrs,traveling_sqhrs
0,0.054,13,359.97548740573455,0.0,0.0,568.0,71.1776317330933,14.04193888138174,1452.0,250.33114662214754,54.92806889397755,226.0,36.50545378503589,7.640858565307925,13.0,1.3,0.13000000000000006,86.0,0.842847311986728,0.009559327846364896
1,0.0,7,360.256503615123,0.0,100.0,569.0,70.63592322066759,14.58857307887382,1557.0,258.75885526791376,54.46827960918003,189.0,30.787724697486695,6.371854057947571,0.0,0.0,0.0,0.0,0.0,0.0
2,0.054,6,360.1745496200816,100.0,0.0,558.0,73.05040873554924,15.615389432563926,1380.0,235.8600193387788,50.16653140823359,287.0,49.054044846220826,10.528617301919903,16.0,1.6000000000000003,0.1600000000000001,102.0,0.6471320089656085,0.00454389574759946
3,0.0,10,360.24259114663613,100.0,100.0,564.0,70.0993519795751,14.332995475016236,1430.0,247.44378874681033,53.84931535525268,264.0,42.45711995642901,8.942132165944237,0.0,0.0,0.0,0.0,0.0,0.0
4,0.054,12,360.0877346286236,200.0,0.0,557.0,69.05790464910227,15.09904621467733,1418.0,240.8303211098635,52.0079483898501,283.0,48.79745244066438,10.701795230192708,10.0,0.9999999999999999,0.10000000000000003,68.0,0.4305613064454003,0.003000685871056242
5,0.054,6,359.94078945350265,200.0,100.0,571.0,68.76832969241336,13.261033635123509,1346.0,225.42070203570714,48.32668869339008,385.0,63.99410385114975,13.664037928772325,13.0,1.3,0.13000000000000006,81.0,0.5417434347873663,0.003986625514403295
6,0.054,8,360.2476820106125,300.0,0.0,573.0,68.22510861035214,13.423694058181521,1287.0,224.0716682772413,49.558030922633705,386.0,65.80913636096112,14.229943603668934,13.0,1.3,0.13000000000000006,80.0,0.7031115948700993,0.007265946502057618
7,0.0,10,360.1977748147509,300.0,100.0,565.0,72.58988222995187,15.147871245589991,1417.0,232.67757624464858,49.0179059934849,332.0,54.77693087572693,11.419997436027879,0.0,0.0,0.0,0.0,0.0,0.0
