id,probability_maraud,successful_mating,next_foraging_time,x_pos,y_pos,foraging_events,foraging_hrs,foraging_sqhrs,staying_events,staying_hrs,staying_sqhrs,repairing_events,repairing_hrs,repairing_sqhrs,marauding_events,marauding_hrs,marauding_sqhrs,traveling_events,traveling_hrs,traveling_sqhrs
0,0.0,8,360.4346797266776,0.0,0.0,556.0,69.60132335537334,14.986690938379583,1287.0,223.21036966334447,48.964930414923444,389.0,67.25578451764011,14.936117567597888,0.0,0.0,0.0,0.0,0.0,0.0
1,0.0,6,360.13377657148374,0.0,100.0,563.0,72.23867231329271,15.554948791729963,1246.0,214.25377438965137,46.27432553299046,449.0,73.63312944107157,15.439344373700164,0.0,0.0,0.0,0.0,0.0,0.0
2,0.054,7,360.3832172173267,100.0,0.0,561.0,71.13791686578716,15.022215355340196,1427.0,250.28957938460803,54.79801584217024,214.0,36.856765555093524,8.097175481729977,13.0,1.3,0.13000000000000006,83.0,0.5806981272057603,0.004436728395061729
3,0.054,11,360.5659988330932,100.0,100.0,563.0,71.86316961190549,14.512909829653427,1428.0,243.9009416594934,52.76366061841718,260.0,42.50492159693201,8.764410100705087,13.0,1.3,0.13000000000000006,79.0,0.5068516243371554,0.0035793895747599463
4,0.054,13,360.4057875695581,200.0,0.0,566.0,66.48131533816766,13.084090247622328,1463.0,249.12918787651103,53.59075102084077,255.0,43.00352993888454,9.184306628224832,10.0,0.9999999999999999,0.10000000000000003,81.0,0.5318869986554591,0.0038580246913580253
5,0.054,8,360.2778036499197,200.0,100.0,572.0,67.86777661007343,13.389626460480036,1484.0,253.5627304345744,54.70567017600675,212.0,36.43150837100838,7.87344014276401,17.0,1.7000000000000004,0.1700000000000001,80.0,0.5087388505073109,0.0035793895747599468
6,0.054,9,360.29548966149287,300.0,0.0,569.0,71.4265690875759,14.755885544628404,1492.0,255.928739386337,55.0003682611022,176.0,30.55694260099101,6.836591349498339,13.0,1.3,0.13000000000000006,91.0,0.7941531623024071,0.00816615226337449
7,0.0,10,360.19628641520933,300.0,100.0,564.0,70.69655788960257,13.973732554502583,1255.0,216.410867385717,47.06826642365659,433.0,73.0543498022008,15.67485128559235,0.0,0.0,0.0,0.0,0.0,0.0
