id,probability_maraud,successful_mating,next_foraging_time,x_pos,y_pos,foraging_events,foraging_hrs,foraging_sqhrs,staying_events,staying_hrs,staying_sqhrs,repairing_events,repairing_hrs,repairing_sqhrs,marauding_events,marauding_hrs,marauding_sqhrs,traveling_events,traveling_hrs,traveling_sqhrs
0,0.054,4,359.9048555263642,0.0,0.0,564.0,72.72700578465881,15.962514165811724,1354.0,224.954843071055,48.01575924435162,355.0,60.7629629720942,12.952724382722256,10.0,0.9999999999999999,0.10000000000000003,60.0,0.5820651641830795,0.006558641975308645
1,0.0,5,360.3817032350474,0.0,100.0,562.0,68.65964211894543,13.942461696916903,1452.0,245.33861276552958,52.57987069576867,269.0,46.06475881220365,10.133749854635083,0.0,0.0,0.0,0.0,0.0,0.0
2,0.054,11,360.36492856260384,100.0,0.0,579.0,73.66411850834108,15.110166092956206,1391.0,236.1219241448755,50.83549013203872,279.0,48.82913372892779,10.943405384536165,10.0,0.9999999999999999,0.10000000000000003,72.0,0.4559256984112295,0.0031721536351166
3,0.054,11,360.6364253599328,100.0,100.0,565.0,71.67007162999533,14.48216690635711,1331.0,226.3323991310969,48.80680640175975,357.0,60.28863947120918,13.15133478976884,15.0,1.5000000000000002,0.15000000000000008,69.0,0.4278493321971276,0.002914951989026064
4,0.0,14,360.41434356132123,200.0,0.0,561.0,70.79541620265645,15.080784477479686,1510.0,252.719124502981,53.77335296788523,216.0,36.64788311856642,8.010348739494477,0.0,0.0,0.0,0.0,0.0,0.0
5,0.054,14,359.99290852599665,200.0,100.0,580.0,71.6561931611006,15.008989287949019,1437.0,242.44185955160424,51.09791709023092,261.0,43.611637201830455,9.250349441821381,18.0,1.8000000000000005,0.1800000000000001,82.0,0.5085315497045911,0.003429355281207134
6,0.054,5,360.0281273566094,300.0,0.0,559.0,73.69073209437408,15.956836571990138,1429.0,235.3832747483207,49.22312343265316,287.0,48.983825476661885,10.512142151557281,13.0,1.3,0.13000000000000006,87.0,0.7177493238392111,0.007030178326474633
7,0.0,8,360.2507804642398,300.0,100.0,559.0,69.79753689833582,14.457548691917161,1430.0,241.09981132874375,51.43358234775633,301.0,49.25154134793359,10.411875108220185,0.0,0.0,0.0,0.0,0.0,0.0
