id,probability_maraud,successful_mating,next_foraging_time,x_pos,y_pos,foraging_events,foraging_hrs,foraging_sqhrs,staying_events,staying_hrs,staying_sqhrs,repairing_events,repairing_hrs,repairing_sqhrs,marauding_events,marauding_hrs,marauding_sqhrs,traveling_events,traveling_hrs,traveling_sqhrs
0,0.054,8,360.02800088299136,0.0,0.0,561.0,69.47503868049445,14.448934220222398,1413.0,233.46739768455367,49.69328046330613,320.0,55.07455928528541,11.965422456855102,14.0,1.4000000000000001,0.14000000000000007,82.0,0.6915250166052382,0.0067944101508916385
1,0.0,10,360.0049971222276,0.0,100.0,569.0,67.36779809956539,14.367464246889583,1348.0,231.45130664849654,50.224890328340855,364.0,61.29543602884437,12.933404828992257,0.0,0.0,0.0,0.0,0.0,0.0
2,0.054,7,360.0036232729787,100.0,0.0,576.0,69.6404961505984,14.424661665445901,1378.0,233.77379404137014,50.01159753971244,331.0,54.836181922495825,11.68372259138207,13.0,1.3,0.13000000000000006,74.0,0.47532982343026775,0.003300754458161865
3,0.0,7,360.08233425914005,100.0,100.0,561.0,70.1655968405265,14.874374967680865,1394.0,240.67065687421203,52.539735919976444,308.0,49.33519673385373,9.867327697700905,0.0,0.0,0.0,0.0,0.0,0.0
4,0.0,8,360.277673687953,200.0,0.0,566.0,71.9660274585552,16.057860457193822,1298.0,221.38154841200063,47.94724530332507,396.0,66.68684635823506,13.96017974083817,0.0,0.0,0.0,0.0,0.0,0.0
5,0.054,9,359.89910870440525,200.0,100.0,570.0,70.84449545607701,13.9063932395291,1462.0,244.62037878039402,52.61292446300206,248.0,42.58774050079456,9.03903760206876,16.0,1.6000000000000003,0.1600000000000001,74.0,0.4793420057845001,0.003429355281207134
6,0.054,12,360.2600409931767,300.0,0.0,567.0,69.61163481067338,14.281350753123599,1313.0,226.87481548586038,48.942109637053974,357.0,60.672936354168336,12.89761191905868,21.0,2.1000000000000005,0.21000000000000013,84.0,0.7541713589843704,0.008058984910836769
7,0.054,11,360.27396094239157,300.0,100.0,569.0,69.76610369785192,13.28384915571108,1329.0,227.26583058202536,49.1658074526173,369.0,61.1309399317998,12.83973304950329,12.0,1.2,0.12000000000000005,74.0,0.6733731283077913,0.0072016460905349865
