id,probability_maraud,successful_mating,next_foraging_time,x_pos,y_pos,foraging_events,foraging_hrs,foraging_sqhrs,staying_events,staying_hrs,staying_sqhrs,repairing_events,repairing_hrs,repairing_sqhrs,marauding_events,marauding_hrs,marauding_sqhrs,traveling_events,traveling_hrs,traveling_sqhrs
0,0.0,11,360.07329280992064,0.0,0.0,560.0,69.8684966482607,14.860108105551705,1429.0,241.93705453529935,51.96290235732901,288.0,48.32262275606002,10.312490135124252,0.0,0.0,0.0,0.0,0.0,0.0
1,0.054,11,360.0958776763313,0.0,100.0,557.0,75.32028929104787,16.620265758024015,1331.0,227.99946106035395,48.98677693439113,316.0,55.312859626786754,11.955793941238099,10.0,0.9999999999999999,0.10000000000000003,70.0,0.5883247024169954,0.00587277091906722
2,0.0,4,360.1894860515953,100.0,0.0,567.0,67.8175480208135,13.079000031039408,1362.0,231.63807067501705,50.058969108823575,376.0,60.6817838703121,12.261813270505831,0.0,0.0,0.0,0.0,0.0,0.0
3,0.054,12,360.2883636040738,100.0,100.0,566.0,69.25814618697433,13.683952092751934,1364.0,234.31922678524785,50.90018927227551,320.0,54.73354140192825,11.809558283452297,13.0,1.3,0.13000000000000006,69.0,0.43852035759869984,0.003000685871056241
4,0.054,7,360.05576799701174,200.0,0.0,561.0,70.06132349759221,14.10566283405569,1396.0,238.92933021740666,50.8672750728193,305.0,49.33958327635942,10.208006234089128,12.0,1.2,0.12000000000000005,73.0,0.47904341734817624,0.0034722222222222238
5,0.054,7,360.0587177231479,200.0,100.0,566.0,70.41514266649406,15.340208575838536,1398.0,233.92270926175948,49.25755640745965,305.0,53.6301011072195,11.76922266657972,17.0,1.7000000000000004,0.1700000000000001,88.0,0.5905139753180144,0.004329561042524007
6,0.0,12,360.02264018379884,300.0,0.0,554.0,68.69877103558343,13.584034467824832,1426.0,242.89058714369654,51.90895169994791,297.0,48.472907898258654,10.100588402935733,0.0,0.0,0.0,0.0,0.0,0.0
7,0.054,8,360.07697130388624,300.0,100.0,566.0,71.94564390368478,15.644403239119338,1605.0,261.49652536426566,54.58368033248204,144.0,24.585194334934105,5.09956055481115,13.0,1.3,0.13000000000000006,88.0,0.7597320739012133,0.007758916323731144
