id,probability_maraud,successful_mating,next_foraging_time,x_pos,y_pos,foraging_events,foraging_hrs,foraging_sqhrs,staying_events,staying_hrs,staying_sqhrs,repairing_events,repairing_hrs,repairing_sqhrs,marauding_events,marauding_hrs,marauding_sqhrs,traveling_events,traveling_hrs,traveling_sqhrs
0,0.0,7,360.6891276289532,0.0,0.0,570.0,68.39805810864466,13.535454926397826,1393.0,242.6084116954728,52.17952960649774,289.0,49.062696380382015,10.501889848827895,0.0,0.0,0.0,0.0,0.0,0.0
1,0.0,9,360.11681243813905,0.0,100.0,559.0,72.79804470644224,15.726815038228533,1475.0,250.7947608544025,53.7167799033662,219.0,36.58118556379057,7.671752737820002,0.0,0.0,0.0,0.0,0.0,0.0
2,0.054,8,360.05525239703496,100.0,0.0,553.0,69.71987674113927,14.475458961627433,1491.0,251.64935610704362,53.4655517750211,220.0,36.68013062384189,7.686301978474799,15.0,1.5000000000000002,0.15000000000000008,80.0,0.5095635985854281,0.003579389574759947
3,0.054,16,360.21105875424576,100.0,100.0,553.0,71.46454889879294,16.16266864519076,1468.0,250.91475469831664,54.758226840517054,228.0,36.46436172341123,7.568405390655751,8.0,0.7999999999999999,0.08000000000000002,90.0,0.5807285564169619,0.004115226337448562
4,0.054,9,359.6821577340756,200.0,0.0,568.0,73.54624101603247,16.523788932347923,1341.0,223.92525329663712,47.69443265179197,339.0,60.92700811748457,13.53140389029334,11.0,1.0999999999999999,0.11000000000000004,78.0,0.5160804543852133,0.003772290809327849
5,0.054,8,360.0205908550125,200.0,100.0,570.0,70.9483682427663,14.770457040454119,1365.0,232.88622009032738,49.96416055552802,326.0,54.9224010871352,11.749402110741052,9.0,0.8999999999999999,0.09000000000000002,68.0,0.4474607580188858,0.0032364540466392313
6,0.0,11,360.0019217850189,300.0,0.0,577.0,71.26234807743836,14.463934055284652,1492.0,252.41734536364007,54.007185466422065,212.0,36.53406316964987,7.870379906987131,0.0,0.0,0.0,0.0,0.0,0.0
7,0.054,4,360.1549649678122,300.0,100.0,564.0,69.70650635161888,14.188987181605,1467.0,245.59601219215025,52.36513427636191,259.0,42.65262484750736,8.70996679926819,15.0,1.5000000000000002,0.15000000000000008,91.0,0.7311144984698266,0.007030178326474631
