id,probability_maraud,successful_mating,next_foraging_time,x_pos,y_pos,foraging_events,foraging_hrs,foraging_sqhrs,staying_events,staying_hrs,staying_sqhrs,repairing_events,repairing_hrs,repairing_sqhrs,marauding_events,marauding_hrs,marauding_sqhrs,traveling_events,traveling_hrs,traveling_sqhrs
0,0.054,9,360.35882054774584,0.0,0.0,563.0,72.44557713921719,15.494812735820187,1381.0,235.38223958470203,50.82985266433809,301.0,50.84418629192455,10.983247544392857,8.0,0.7999999999999999,0.08000000000000002,69.0,0.5936625841071942,0.006001371742112487
1,0.054,8,360.6474548850577,0.0,100.0,563.0,71.50993468087637,14.384180905763321,1443.0,248.24483879750716,54.50624376003976,235.0,38.4669195732331,8.19847950897674,13.0,1.3,0.13000000000000006,67.0,0.6289336289704492,0.006880144032921815
2,0.0,5,360.01058511177416,100.0,0.0,572.0,71.52671165300241,15.42034747823313,1404.0,233.62310488391168,49.3939059600668,337.0,54.98152197058754,11.296202600609442,0.0,0.0,0.0,0.0,0.0,0.0
3,0.054,14,360.15285917589273,100.0,100.0,563.0,73.80383620206533,16.146075095726193,1430.0,235.22391259632948,49.24433755038656,296.0,48.77069381742018,10.42184368940986,17.0,1.7000000000000004,0.1700000000000001,81.0,0.5642335476404635,0.004350994513031551
4,0.054,8,360.13717671649425,200.0,0.0,564.0,72.0870424466694,15.926438481835508,1512.0,253.92614799603524,54.34800977248243,188.0,32.0389721864827,6.827174544410942,16.0,1.6000000000000003,0.1600000000000001,81.0,0.49517897926594756,0.003322187928669413
5,0.0,14,360.3035508417343,200.0,100.0,562.0,70.90712959715901,14.352412185959002,1364.0,227.7521364893338,48.634541035661925,377.0,61.42078320418254,12.765656781786792,0.0,0.0,0.0,0.0,0.0,0.0
6,0.054,9,360.34187216185137,300.0,0.0,569.0,72.43432903528239,14.916076042385923,1428.0,242.67679270392603,52.06957293080068,251.0,42.683983872240866,8.944675292372024,16.0,1.6000000000000003,0.1600000000000001,75.0,0.6643820282736546,0.006880144032921815
7,0.0,5,360.0759047671391,300.0,100.0,569.0,69.31208509884611,14.451238995744077,1206.0,205.05178915854543,43.838131842192006,496.0,85.72489988411857,19.35571006151558,0.0,0.0,0.0,0.0,0.0,0.0
