id,probability_maraud,successful_mating,next_foraging_time,x_pos,y_pos,foraging_events,foraging_hrs,foraging_sqhrs,staying_events,staying_hrs,staying_sqhrs,repairing_events,repairing_hrs,repairing_sqhrs,marauding_events,marauding_hrs,marauding_sqhrs,traveling_events,traveling_hrs,traveling_sqhrs
0,0.054,8,360.3160342848336,0.0,0.0,566.0,68.38363087958089,14.208812512646393,1512.0,253.2403247331579,53.076261676889665,211.0,36.59957515407378,8.099755664550058,11.0,1.0999999999999999,0.11000000000000004,90.0,0.6856357668893024,0.006280006858710569
1,0.0,15,360.15769812413436,0.0,100.0,561.0,74.19956517587495,15.869870086090708,1450.0,249.05027099706214,54.58666095671759,216.0,36.81227929668264,8.085102535708971,0.0,0.0,0.0,0.0,0.0,0.0
2,0.0,8,360.11171742757074,100.0,0.0,582.0,65.93294107986621,12.960852879044387,1373.0,227.0022822583992,47.58011606708439,381.0,67.24099344144771,15.04218787166667,0.0,0.0,0.0,0.0,0.0,0.0
3,0.054,10,360.1029414349059,100.0,100.0,569.0,72.26146083086769,15.048584490723288,1486.0,243.71420212769038,51.012700240128126,257.0,42.64411925827319,8.882686470405355,10.0,0.9999999999999999,0.10000000000000003,88.0,0.5447438386635112,0.003686556927297669
4,0.054,8,359.8877412450426,200.0,0.0,569.0,71.63899628246885,15.568171613139,1515.0,256.00711028401315,54.28150448318727,182.0,30.756210075772184,6.636550995298288,12.0,1.2,0.12000000000000005,66.0,0.4552372339049774,0.003493655692729769
5,0.054,6,359.7464894978853,200.0,100.0,566.0,70.1718213551222,15.36082952897257,1474.0,251.65080616545703,54.32742479636992,228.0,36.711812830285695,7.485622198441008,9.0,0.8999999999999999,0.09000000000000002,91.0,0.587154124583143,0.004243827160493831
6,0.054,8,360.3490481697102,300.0,0.0,570.0,70.09968305521886,15.639903528149105,1507.0,257.43755603821745,55.27144090777377,184.0,30.385562237083356,6.265095176788606,13.0,1.3,0.13000000000000006,92.0,0.7913731462693864,0.007973251028806588
7,0.0,9,359.7597931819442,300.0,100.0,553.0,73.30848104198986,16.516760195793022,1389.0,231.62645629644237,48.85621651804632,317.0,55.07944829842272,12.08570180109514,0.0,0.0,0.0,0.0,0.0,0.0
