id,probability_maraud,successful_mating,next_foraging_time,x_pos,y_pos,foraging_events,foraging_hrs,foraging_sqhrs,staying_events,staying_hrs,staying_sqhrs,repairing_events,repairing_hrs,repairing_sqhrs,marauding_events,marauding_hrs,marauding_sqhrs,traveling_events,traveling_hrs,traveling_sqhrs
0,0.0,4,360.5125976598663,0.0,0.0,566.0,71.71823666893064,15.83965985637841,1470.0,245.5532818126566,51.804082824212344,247.0,42.9196716994101,9.46272107122696,0.0,0.0,0.0,0.0,0.0,0.0
1,0.054,4,360.78117485088455,0.0,100.0,577.0,70.30349297379506,14.027252608319824,1384.0,232.77978839815378,49.189991108698855,313.0,55.12278278045612,11.807082129335248,12.0,1.2,0.12000000000000005,81.0,0.7155402633838753,0.007501714677640611
2,0.0,10,360.576667809395,100.0,0.0,569.0,71.35200185774136,14.656322290267026,1310.0,215.7981262369051,45.13145774797664,429.0,72.86846841885841,15.786716844407168,0.0,0.0,0.0,0.0,0.0,0.0
3,0.0,7,360.3876603524461,100.0,100.0,561.0,72.0665283779286,15.498644973318093,1297.0,220.8658400555256,47.85238208718447,393.0,67.2337186402082,14.470407177104518,0.0,0.0,0.0,0.0,0.0,0.0
4,0.054,14,360.26455522962016,200.0,0.0,562.0,70.53026421649069,15.420799101473742,1412.0,238.75215911615823,50.8666901519007,293.0,48.80321931544669,10.243030178336141,14.0,1.4000000000000001,0.14000000000000007,80.0,0.5392590317445631,0.003986625514403296
5,0.054,10,360.13263257847984,200.0,100.0,555.0,70.06224274821847,15.042985749740332,1359.0,233.44766489694115,50.650173665086115,313.0,54.7005761812378,11.898381489363652,13.0,1.3,0.13000000000000006,90.0,0.5760380683649295,0.004093792866941018
6,0.054,11,360.1471437871229,300.0,0.0,559.0,70.79661792681839,14.551325470565265,1323.0,226.0946267084416,48.630816505052245,359.0,61.156014003876614,12.955466130991933,14.0,1.4000000000000001,0.14000000000000007,70.0,0.5732998728216936,0.005572702331961595
7,0.054,12,360.62752583355166,300.0,100.0,571.0,69.02205338886378,13.992986692584454,1609.0,264.18855689748824,55.354939535183604,145.0,24.590436958291686,5.318590430874211,17.0,1.7000000000000004,0.1700000000000001,93.0,0.8248250067472335,0.008659122085048019
