id,probability_maraud,successful_mating,next_foraging_time,x_pos,y_pos,foraging_events,foraging_hrs,foraging_sqhrs,staying_events,staying_hrs,staying_sqhrs,repairing_events,repairing_hrs,repairing_sqhrs,marauding_events,marauding_hrs,marauding_sqhrs,traveling_events,traveling_hrs,traveling_sqhrs
0,0.0,7,360.2095758889309,0.0,0.0,560.0,71.76790596308362,15.380706230033756,1335.0,226.9175547737356,48.81129067675737,355.0,61.542438304074466,13.529760421140308,0.0,0.0,0.0,0.0,0.0,0.0
1,0.054,4,360.4849602500843,0.0,100.0,568.0,72.42823468542481,14.690213486140332,1261.0,219.20943252112423,48.43738216442783,393.0,67.15450097728312,14.630648024989252,7.0,0.7,0.07,70.0,0.5408548528407395,0.004865397805212623
2,0.054,8,360.6417689727568,100.0,0.0,563.0,70.85530237718177,14.907380247467492,1526.0,256.2895624501459,54.9635435924444,187.0,30.44741136905726,6.534880350005145,20.0,2.0000000000000004,0.20000000000000012,70.0,0.44448062454549064,0.00308641975308642
3,0.054,10,360.17859695951483,100.0,100.0,569.0,68.66493556416431,13.517340173721477,1477.0,246.11850182511563,52.04041090137795,257.0,42.94530999059761,8.979138510144947,17.0,1.7000000000000004,0.1700000000000001,89.0,0.5993180921663351,0.004415294924554188
4,0.054,12,361.1548758962933,200.0,0.0,569.0,71.80451402296059,14.74954719527599,1215.0,207.96350214097345,44.6261933432789,460.0,78.20725239325537,16.55981221098977,18.0,1.8000000000000005,0.1800000000000001,86.0,0.5427044664373487,0.0038365912208504827
5,0.054,11,360.03451970736546,200.0,100.0,563.0,70.50122686132299,14.793689040421226,1323.0,229.33049626740635,49.946371624635375,338.0,58.74608201607335,12.32742546223258,11.0,1.0999999999999999,0.11000000000000004,85.0,0.5269892098007071,0.003600823045267493
6,0.0,9,359.9656695281004,300.0,0.0,552.0,69.25464560058111,13.90313772752743,1337.0,231.26004635711888,49.99515469531776,337.0,59.5444509235328,13.11363031568653,0.0,0.0,0.0,0.0,0.0,0.0
7,0.0,11,360.5971932831496,300.0,100.0,577.0,72.36134221202919,15.520684742700317,1460.0,245.27785406811256,51.29050951111539,266.0,42.47110699325836,8.930728420657841,0.0,0.0,0.0,0.0,0.0,0.0
