id,probability_maraud,successful_mating,next_foraging_time,x_pos,y_pos,foraging_events,foraging_hrs,foraging_sqhrs,staying_events,staying_hrs,staying_sqhrs,repairing_events,repairing_hrs,repairing_sqhrs,marauding_events,marauding_hrs,marauding_sqhrs,traveling_events,traveling_hrs,traveling_sqhrs
0,0.054,2,360.21484007777707,0.0,0.0,577.0,69.32953956858651,14.201293315495638,1427.0,239.59663476136748,51.05804539646154,291.0,49.040643360196064,10.624425164615197,15.0,1.5000000000000002,0.15000000000000008,74.0,0.6657151109743356,0.006965877914951992
1,0.0,13,359.99683262864767,0.0,100.0,560.0,70.2035996628373,14.46634180459773,1383.0,234.91480014628885,50.0279560728401,325.0,55.08363937658522,11.939724267253089,0.0,0.0,0.0,0.0,0.0,0.0
2,0.0,16,360.62878821035287,100.0,0.0,558.0,71.36797982541616,15.511417237963803,1413.0,240.0780263480746,52.59299068452593,286.0,48.730193896531404,10.487712581229921,0.0,0.0,0.0,0.0,0.0,0.0
3,0.054,10,360.3889723082137,100.0,100.0,559.0,71.86471086376898,15.377656139866552,1428.0,243.24419588762893,52.586756332914646,251.0,42.66526787693063,9.28478065309947,18.0,1.8000000000000005,0.1800000000000001,78.0,0.5008000697567606,0.003557956104252402
4,0.054,11,360.65392206024944,200.0,0.0,554.0,71.30352789787274,15.133738176017085,1511.0,256.4305687661218,54.86329546495907,172.0,30.546478914232356,6.826797638110305,12.0,1.2,0.12000000000000005,88.0,0.5863902349274284,0.004329561042524008
5,0.054,5,360.1442473928544,200.0,100.0,566.0,71.26405793538368,15.129700824972279,1308.0,218.6190556175867,46.21373462856554,389.0,68.64987407898353,15.609826694658492,10.0,0.9999999999999999,0.10000000000000003,68.0,0.4830860289136099,0.0037937242798353928
6,0.0,9,360.50655517745986,300.0,0.0,556.0,70.63235185637427,14.27984080227122,1417.0,239.12073485105176,51.60321204524906,299.0,50.27853803409349,10.442970596849614,0.0,0.0,0.0,0.0,0.0,0.0
7,0.054,6,359.93740352823903,300.0,100.0,571.0,69.8511449789725,14.470067091443426,1409.0,239.4933721278049,50.95903005267613,302.0,48.99721948385108,10.168378819805474,11.0,1.0999999999999999,0.11000000000000004,75.0,0.6885191918994665,0.007265946502057619
