id,probability_maraud,successful_mating,next_foraging_time,x_pos,y_pos,foraging_events,foraging_hrs,foraging_sqhrs,staying_events,staying_hrs,staying_sqhrs,repairing_events,repairing_hrs,repairing_sqhrs,marauding_events,marauding_hrs,marauding_sqhrs,traveling_events,traveling_hrs,traveling_sqhrs
0,0.054,6,360.02964371062313,0.0,0.0,575.0,69.63623473504352,13.579528268108788,1332.0,223.58350791369472,48.118595817771975,379.0,64.75092018267199,13.776530102895775,15.0,1.5000000000000002,0.15000000000000008,81.0,0.6632109203772151,0.006408607681755836
1,0.054,5,360.29350106937517,0.0,100.0,560.0,67.88469197719044,13.97623856508199,1376.0,231.75695729156106,49.431855872856524,349.0,58.672463467579526,12.384421170325913,13.0,1.3,0.13000000000000006,72.0,0.6467312912364266,0.0067086762688614585
2,0.0,11,359.97511084483216,100.0,0.0,560.0,71.62287962773618,15.186669862633455,1434.0,245.9338815622592,53.197493548103466,248.0,42.504884757011304,9.33240995820081,0.0,0.0,0.0,0.0,0.0,0.0
3,0.0,6,360.20707644073246,100.0,100.0,561.0,72.67514154188513,15.306915690529042,1334.0,220.41793809162118,46.032122845025235,384.0,67.05076160499182,14.323551214054199,0.0,0.0,0.0,0.0,0.0,0.0
4,0.054,11,360.51327824119704,200.0,0.0,569.0,70.10085067401272,15.121284480390115,1224.0,209.92040809241576,44.964661395241684,471.0,78.12444732995046,16.587944042388216,15.0,1.5000000000000002,0.15000000000000008,69.0,0.48307587010515773,0.0037079903978052132
5,0.054,11,360.2073460121537,200.0,100.0,585.0,66.81761506362791,12.602457232168115,1386.0,236.88443609305858,51.322444938005674,318.0,55.01103418190624,11.914339093765932,10.0,0.9999999999999999,0.10000000000000003,85.0,0.5788109010356048,0.004308127572016464
6,0.054,10,360.3815536920981,300.0,0.0,570.0,68.17745216924071,13.302270317757207,1508.0,258.57166589974247,57.253030862609734,190.0,30.642673715171195,6.6375978831581435,20.0,2.0000000000000004,0.20000000000000012,81.0,0.7656617116344336,0.008273319615912215
7,0.0,12,360.54218150841035,300.0,100.0,565.0,66.68357190197713,12.900678789080127,1458.0,250.35288046924254,53.71089155531215,256.0,43.11452336703184,9.097810924760687,0.0,0.0,0.0,0.0,0.0,0.0
