id,probability_maraud,successful_mating,next_foraging_time,x_pos,y_pos,foraging_events,foraging_hrs,foraging_sqhrs,staying_events,staying_hrs,staying_sqhrs,repairing_events,repairing_hrs,repairing_sqhrs,marauding_events,marauding_hrs,marauding_sqhrs,traveling_events,traveling_hrs,traveling_sqhrs
0,0.054,9,359.89546984609854,0.0,0.0,578.0,69.06495840838326,14.000357998278087,1313.0,222.37386052242505,47.74138070402315,377.0,66.92754688656542,14.889505519230626,11.0,1.0999999999999999,0.11000000000000004,74.0,0.6907074518894661,0.007501714677640607
1,0.0,7,360.32548687239637,0.0,100.0,565.0,71.0578828747154,14.425338022063391,1369.0,227.1418680503193,48.09925159235181,372.0,61.83074945945517,13.339407979450908,0.0,0.0,0.0,0.0,0.0,0.0
2,0.054,11,360.07264266602857,100.0,0.0,564.0,67.23156370204634,12.67707026150446,1426.0,242.63474500699405,52.60454909769823,267.0,48.782678012659666,10.843083037544025,9.0,0.8999999999999999,0.09000000000000002,79.0,0.5106260766774665,0.003665123456790125
3,0.054,11,360.0502401035452,100.0,100.0,567.0,71.72824362651193,14.91357466772322,1349.0,228.659928550232,49.14365308299594,350.0,57.9480662095554,12.293143155803568,14.0,1.4000000000000001,0.14000000000000007,68.0,0.4346647764332369,0.0030649862825788765
4,0.0,13,360.21088842621714,200.0,0.0,559.0,66.886769118479,13.870655979895266,1538.0,262.9026474588968,56.53310776490478,166.0,30.346482399589625,6.682490034659447,0.0,0.0,0.0,0.0,0.0,0.0
5,0.054,6,360.28605713973707,200.0,100.0,568.0,70.1676316613565,14.763976704132547,1485.0,250.71020060729182,53.2909990931672,212.0,36.66839738344801,8.029213364109113,18.0,1.8000000000000005,0.1800000000000001,103.0,0.6900234585887725,0.0050582990397805274
6,0.054,6,360.252972347105,300.0,0.0,571.0,74.01340182655532,15.115365341811765,1459.0,247.8716533370791,53.13149646205533,201.0,36.384571078435705,8.305235376441352,11.0,1.0999999999999999,0.11000000000000004,82.0,0.7574070474909168,0.008123285322359402
7,0.0,9,360.31016740320615,300.0,100.0,570.0,69.9169420657672,14.557125767004367,1486.0,253.33127271386104,54.416118447891144,216.0,36.85303622370579,7.944522795241732,0.0,0.0,0.0,0.0,0.0,0.0
