id,probability_maraud,successful_mating,next_foraging_time,x_pos,y_pos,foraging_events,foraging_hrs,foraging_sqhrs,staying_events,staying_hrs,staying_sqhrs,repairing_events,repairing_hrs,repairing_sqhrs,marauding_events,marauding_hrs,marauding_sqhrs,traveling_events,traveling_hrs,traveling_sqhrs
0,0.054,8,360.01568848696047,0.0,0.0,569.0,70.38918890030706,15.357479254124565,1520.0,250.58945786558465,52.58242003371672,215.0,37.021724382636236,8.078193510595655,13.0,1.3,0.13000000000000006,93.0,0.7776663497992735,0.007673182441700967
1,0.0,6,361.08153575934864,0.0,100.0,576.0,69.57053590128147,14.079319835524892,1442.0,245.59714524514632,52.692933580845235,258.0,45.04789117931106,9.663134030970838,0.0,0.0,0.0,0.0,0.0,0.0
2,0.0,15,360.21618638189756,100.0,0.0,546.0,69.21019045800189,13.113415810459278,1330.0,229.7419010881237,49.58756809520408,343.0,61.134570918385634,13.639053980563743,0.0,0.0,0.0,0.0,0.0,0.0
3,0.054,8,360.1071047342162,100.0,100.0,574.0,71.11498458271964,14.772233038705664,1354.0,232.47596700283933,50.48179987493473,327.0,54.73748053789626,11.435817114919825,12.0,1.2,0.12000000000000005,79.0,0.5459077631976055,0.004093792866941015
4,0.054,10,360.0618475161916,200.0,0.0,572.0,69.5220403509197,14.627787662535663,1346.0,227.94299061683853,49.03293676441015,372.0,60.8202877803027,12.768718589474428,14.0,1.4000000000000001,0.14000000000000007,76.0,0.4916118277283562,0.003515089163237312
5,0.0,6,360.0882385212013,200.0,100.0,546.0,70.83917316598654,15.388450098564856,1363.0,228.620291919172,48.529580772035075,352.0,60.775364767419894,13.345674874097972,0.0,0.0,0.0,0.0,0.0,0.0
6,0.054,14,360.7772403262827,300.0,0.0,562.0,70.04327371811593,14.675765634672587,1540.0,264.4277412209682,57.4996954290975,140.0,24.207465037163907,5.231790762340195,8.0,0.7999999999999999,0.08000000000000002,88.0,0.7784374228173332,0.008294753086419759
7,0.054,5,360.82619679038294,300.0,100.0,566.0,70.89352362217936,14.011837524757865,1514.0,255.62760901856578,54.96309361819065,182.0,31.266312546363377,6.451923200680749,16.0,1.6000000000000003,0.1600000000000001,90.0,0.7627580162215195,0.007737482853223603
