id,probability_maraud,successful_mating,next_foraging_time,x_pos,y_pos,foraging_events,foraging_hrs,foraging_sqhrs,staying_events,staying_hrs,staying_sqhrs,repairing_events,repairing_hrs,repairing_sqhrs,marauding_events,marauding_hrs,marauding_sqhrs,traveling_events,traveling_hrs,traveling_sqhrs
0,0.054,10,360.32898261696835,0.0,0.0,580.0,68.76549848010463,13.517122731101962,1387.0,234.5173774364461,50.332165775868454,321.0,54.896304576656945,11.562574178246404,12.0,1.2,0.12000000000000005,79.0,0.6618043750621596,0.00651577503429356
1,0.0,9,360.08658220830483,0.0,100.0,559.0,69.61214413839079,14.793171005936657,1373.0,235.7630788581313,50.873401433110764,327.0,54.705434905816766,11.318156916618637,0.0,0.0,0.0,0.0,0.0,0.0
2,0.0,10,360.2792584155315,100.0,0.0,567.0,70.61588744639946,14.859068368166325,1227.0,203.68089670758857,43.28310803610671,507.0,85.79367754910677,18.206758637990433,0.0,0.0,0.0,0.0,0.0,0.0
3,0.054,4,359.82980556587046,100.0,100.0,557.0,70.08689880523653,15.03768284769855,1338.0,226.6708505888853,48.19685282434713,379.0,61.18202327504432,12.69189330582718,15.0,1.5000000000000002,0.15000000000000008,85.0,0.5841739911097475,0.0044367283950617325
4,0.054,8,360.4230702437524,200.0,0.0,571.0,69.81929764464569,14.009033481293828,1214.0,209.04995162498935,45.44071939292268,471.0,79.22729369750971,16.898175501891824,14.0,1.4000000000000001,0.14000000000000007,78.0,0.5157818659488894,0.0037722908093278484
5,0.054,10,359.9091143221457,200.0,100.0,565.0,67.15793500441245,13.703028833644282,1600.0,273.045404537135,59.22781245388483,109.0,18.034296796279282,3.9869522694420763,14.0,1.4000000000000001,0.14000000000000007,77.0,0.5144918166513818,0.0037722908093278476
6,0.054,8,360.29633667007215,300.0,0.0,570.0,69.56289265730663,13.879268759065472,1511.0,251.72831022858605,53.73634575339656,211.0,36.6263334795179,7.85563998609382,16.0,1.6000000000000003,0.1600000000000001,95.0,0.7425900015467669,0.006965877914951997
7,0.0,13,360.2555986627968,300.0,100.0,572.0,71.51394859761164,15.19149030684553,1466.0,245.59707697199735,52.0663005027496,245.0,43.019504831232965,9.894689943813956,0.0,0.0,0.0,0.0,0.0,0.0
