id,probability_maraud,successful_mating,next_foraging_time,x_pos,y_pos,foraging_events,foraging_hrs,foraging_sqhrs,staying_events,staying_hrs,staying_sqhrs,repairing_events,repairing_hrs,repairing_sqhrs,marauding_events,marauding_hrs,marauding_sqhrs,traveling_events,traveling_hrs,traveling_sqhrs
0,0.0,13,360.13949188445315,0.0,0.0,555.0,67.24428415503712,14.07917248231003,1453.0,250.39583619643736,54.204837349544114,250.0,42.55972881007316,9.0684856030873,0.0,0.0,0.0,0.0,0.0,0.0
1,0.0,8,360.14014643879324,0.0,100.0,569.0,69.77163631344273,13.896223793544738,1582.0,271.9629769073444,59.08683129495669,104.0,18.314252524075947,4.199786860795092,0.0,0.0,0.0,0.0,0.0,0.0
2,0.0,5,360.1597743713556,100.0,0.0,550.0,71.50468062898311,14.842812357865004,1446.0,242.686821310633,51.712503595161465,269.0,45.86350591937415,9.710153282541024,0.0,0.0,0.0,0.0,0.0,0.0
3,0.054,9,360.245946964944,100.0,100.0,573.0,68.97065987285741,15.03607334529209,1331.0,222.8165734634438,47.73409263110388,378.0,67.1517040850536,14.410263537198736,6.0,0.6,0.06000000000000001,77.0,0.5458063167555492,0.004200960219478739
4,0.054,12,359.943177883086,200.0,0.0,579.0,71.40438826400242,14.464939910556037,1409.0,238.137312826146,51.5261646524393,286.0,49.23333173187335,10.677717098136085,9.0,0.8999999999999999,0.09000000000000002,71.0,0.4528847065154313,0.0031935871056241434
5,0.054,9,360.18926009049545,200.0,100.0,564.0,71.02430194856656,15.455833381346622,1367.0,238.03963479645859,52.02600814184411,284.0,49.00008638217128,10.706404404353048,15.0,1.5000000000000002,0.15000000000000008,75.0,0.44878123652759494,0.002957818930041153
6,0.054,8,360.4371356407439,300.0,0.0,565.0,71.83363840588495,16.1865752564115,1285.0,218.61936943307907,46.29557400983875,398.0,67.5311424182407,14.642723859498936,14.0,1.4000000000000001,0.14000000000000007,80.0,0.6995372599701628,0.007094478737997261
7,0.054,8,360.0129922869438,300.0,100.0,578.0,69.77264272566545,14.161800233691906,1509.0,251.10506098137074,52.4944615259343,216.0,36.474154626503626,7.911732536650831,18.0,1.8000000000000005,0.1800000000000001,110.0,0.9964270748421996,0.0107167352537723
