id,probability_maraud,successful_mating,next_foraging_time,x_pos,y_pos,foraging_events,foraging_hrs,foraging_sqhrs,staying_events,staying_hrs,staying_sqhrs,repairing_events,repairing_hrs,repairing_sqhrs,marauding_events,marauding_hrs,marauding_sqhrs,traveling_events,traveling_hrs,traveling_sqhrs
0,0.054,8,360.3752751123772,0.0,0.0,559.0,72.2788402185767,14.876992140489149,1319.0,224.75231789137766,48.60452274709818,371.0,60.781745412278575,12.46177929478927,17.0,1.7000000000000004,0.1700000000000001,67.0,0.5408674570327116,0.005058299039780524
1,0.054,11,360.4520432274224,0.0,100.0,565.0,69.23428057177809,13.654819159113428,1498.0,252.69214481000827,53.947463995442654,203.0,36.51210627591103,8.128646856985938,8.0,0.7999999999999999,0.08000000000000002,88.0,0.8010648321533147,0.008530521262002747
2,0.0,8,360.0094318653269,100.0,0.0,562.0,70.63168231006595,14.175453555225989,1374.0,228.71585031442228,48.20025401912636,374.0,60.70906650267996,12.474284780670267,0.0,0.0,0.0,0.0,0.0,0.0
3,0.0,10,360.2095958471736,100.0,100.0,573.0,72.86280148763507,14.567239298213044,1198.0,205.1235600941893,44.98273182012954,493.0,82.11640585897526,17.428228653672605,0.0,0.0,0.0,0.0,0.0,0.0
4,0.054,12,360.83684767824644,200.0,0.0,556.0,67.86364377403942,13.599614370206393,1421.0,241.35398852970067,52.41466221776111,282.0,49.28383903506386,10.895931558675603,11.0,1.0999999999999999,0.11000000000000004,90.0,0.573781236527595,0.00405092592592593
5,0.054,9,360.33803277012913,200.0,100.0,570.0,68.46365950659697,13.780536095658169,1471.0,252.42096035370594,54.5172763808953,218.0,36.794321038296644,7.618528472510964,18.0,1.8000000000000005,0.1800000000000001,86.0,0.5671078267531955,0.004115226337448562
6,0.0,8,360.19302098011207,300.0,0.0,544.0,71.54213792434028,15.53004049973774,1507.0,258.0665712162558,56.480421824971415,175.0,30.52310601027953,6.788734780469945,0.0,0.0,0.0,0.0,0.0,0.0
7,0.054,6,359.8117658605086,300.0,100.0,571.0,70.68233886577517,14.738743134474984,1505.0,257.2459176272742,55.915012078425264,178.0,30.370214176729004,6.230781820754253,10.0,0.9999999999999999,0.10000000000000003,92.0,0.8385115328145973,0.008894890260631009
