id,probability_maraud,successful_mating,next_foraging_time,x_pos,y_pos,foraging_events,foraging_hrs,foraging_sqhrs,staying_events,staying_hrs,staying_sqhrs,repairing_events,repairing_hrs,repairing_sqhrs,marauding_events,marauding_hrs,marauding_sqhrs,traveling_events,traveling_hrs,traveling_sqhrs
0,0.054,15,360.09513481837297,0.0,0.0,552.0,67.95044778791119,13.098452772280984,1601.0,272.06355949741226,58.303918199085935,119.0,18.494765887579884,3.78987742193938,8.0,0.7999999999999999,0.08000000000000002,88.0,0.7379729761091091,0.007308813443072708
1,0.054,6,360.1286846280293,0.0,100.0,571.0,70.10212691243541,14.108071325173125,1476.0,250.92588254249617,54.14723938489824,204.0,36.93628328432835,8.279314865869958,14.0,1.4000000000000001,0.14000000000000007,84.0,0.7318783881255412,0.0075445816186557
2,0.0,8,360.0216591883781,100.0,0.0,554.0,70.19983684519688,14.225965164035191,1440.0,247.06600917134463,53.62079633117657,250.0,42.83417231307382,9.06126334205308,0.0,0.0,0.0,0.0,0.0,0.0
3,0.054,9,359.9905319530518,100.0,100.0,561.0,75.9895069444703,16.355404266262884,1250.0,212.9033755597847,45.71038666735038,400.0,69.9517733664806,15.302186299321232,7.0,0.7,0.07,82.0,0.5247121075606233,0.003750857338820304
4,0.0,7,360.16756413836566,200.0,0.0,577.0,69.84166914335044,14.061917591870657,1481.0,253.64393098180776,54.61145184808903,228.0,36.64176163700569,7.557758923862983,0.0,0.0,0.0,0.0,0.0,0.0
5,0.054,10,359.8718386208259,200.0,100.0,566.0,70.25067094339975,14.320360625176193,1380.0,239.12712689568335,52.93441669070295,270.0,48.99778732802674,10.968594602191482,12.0,1.2,0.12000000000000005,72.0,0.4771561911780205,0.0034722222222222225
6,0.0,9,360.02126834930533,300.0,0.0,574.0,71.23559949867669,14.928258707403115,1432.0,244.6753425199659,53.011379811110764,261.0,44.09293209207092,9.62072930828443,0.0,0.0,0.0,0.0,0.0,0.0
7,0.054,8,360.3468711771022,300.0,100.0,576.0,69.74466736167184,14.004717849717256,1461.0,245.42836260056006,51.81503671119258,251.0,42.712548625792905,9.115589339922611,16.0,1.6000000000000003,0.1600000000000001,78.0,0.6568583319769765,0.006622942386831283
