id,probability_maraud,successful_mating,next_foraging_time,x_pos,y_pos,foraging_events,foraging_hrs,foraging_sqhrs,staying_events,staying_hrs,staying_sqhrs,repairing_events,repairing_hrs,repairing_sqhrs,marauding_events,marauding_hrs,marauding_sqhrs,traveling_events,traveling_hrs,traveling_sqhrs
0,0.0,9,360.0628179378477,0.0,0.0,581.0,65.75041522701072,12.86818660326154,1627.0,275.8527524455409,59.59010633489351,109.0,18.40075649708554,3.896425269474375,0.0,0.0,0.0,0.0,0.0,0.0
1,0.054,14,360.31540916812776,0.0,100.0,573.0,72.12789155600522,15.206052488044854,1478.0,243.7613191069945,51.163770963902834,235.0,42.5763818445654,9.540624519238765,9.0,0.8999999999999999,0.09000000000000002,78.0,0.7482588634195784,0.008359053497942392
2,0.0,9,360.0314136024901,100.0,0.0,569.0,67.90061806895422,12.934826676426514,1372.0,236.78800683411342,51.123019274556526,316.0,55.33018035178462,12.152450427708585,0.0,0.0,0.0,0.0,0.0,0.0
3,0.054,9,360.35819419663784,100.0,100.0,563.0,68.4584670789081,14.560471539704157,1460.0,243.05291055259775,51.38823006008053,283.0,47.66497767221603,10.126376452809172,4.0,0.4,0.04000000000000001,73.0,0.45583441077762543,0.0031935871056241456
4,0.0,4,360.3726121235572,200.0,0.0,561.0,71.25851188633384,14.906681225624185,1263.0,215.9754745922472,47.114048230782515,431.0,72.86746745103682,15.547564553027227,0.0,0.0,0.0,0.0,0.0,0.0
5,0.054,8,360.43996889662145,200.0,100.0,566.0,68.96451357211495,13.745666130060862,1434.0,246.45224944512188,53.30457309677225,251.0,42.631211434780816,9.296746866500289,16.0,1.6000000000000003,0.1600000000000001,78.0,0.5087997089297137,0.003622256515775036
6,0.054,13,360.6284454850383,300.0,0.0,562.0,71.38412088928177,14.620618307309144,1467.0,250.5438062648065,54.904394874818365,217.0,36.32486949161188,7.629654311564199,11.0,1.0999999999999999,0.11000000000000004,78.0,0.6878844024532722,0.0071373456790123505
7,0.054,6,360.50272545731013,300.0,100.0,563.0,70.38065777132266,13.940599174904381,1623.0,275.56304168941546,59.182861126610405,73.0,12.048296418655537,2.4883298408654513,14.0,1.4000000000000001,0.14000000000000007,89.0,0.7205498102773499,0.007051611796982174
