id,probability_maraud,successful_mating,next_foraging_time,x_pos,y_pos,foraging_events,foraging_hrs,foraging_sqhrs,staying_events,staying_hrs,staying_sqhrs,repairing_events,repairing_hrs,repairing_sqhrs,marauding_events,marauding_hrs,marauding_sqhrs,traveling_events,traveling_hrs,traveling_sqhrs
0,0.054,15,359.9656032571409,0.0,0.0,563.0,71.32334980404589,15.074727525777512,1495.0,254.96638079847858,54.86101321632923,195.0,30.77957772651213,6.338179870248805,22.0,2.2000000000000006,0.22000000000000014,98.0,0.833302551331549,0.008573388203017836
1,0.054,7,360.79600866919657,0.0,100.0,545.0,70.48135670660723,15.419736005904822,1374.0,239.35855294540286,51.8193941326633,291.0,48.955008663189126,10.419044923242978,8.0,0.7999999999999999,0.08000000000000002,81.0,0.7184976338568466,0.007673182441700967
2,0.054,11,360.1236406117254,100.0,0.0,569.0,72.45622879457372,15.416342065946822,1449.0,243.27640219793597,51.93075492940756,263.0,42.914899208943304,9.056752613338924,10.0,0.9999999999999999,0.10000000000000003,70.0,0.45370945459354856,0.0032364540466392326
3,0.0,9,360.0994117664205,100.0,100.0,566.0,69.60881362949328,14.336892565252422,1390.0,236.5414775968094,50.958879334654405,315.0,53.91750383946651,11.089440646055353,0.0,0.0,0.0,0.0,0.0,0.0
4,0.054,13,359.94684077019565,200.0,0.0,573.0,68.298785073871,13.443113088872368,1388.0,229.3785695674966,48.30340963284392,358.0,61.08680307340803,13.254485519488213,10.0,0.9999999999999999,0.10000000000000003,76.0,0.46352530270580244,0.0030864197530864213
5,0.0,2,360.35324665382296,200.0,100.0,564.0,73.85526656348539,17.038349444893903,1401.0,231.1009235732142,48.52243642560052,319.0,55.291142598933014,11.838850729455675,0.0,0.0,0.0,0.0,0.0,0.0
6,0.054,10,360.2104803682831,300.0,0.0,580.0,71.82158080925501,15.003010037123415,1347.0,225.4352055660672,47.992496898610845,379.0,60.72358446292144,12.334117313619,15.0,1.5000000000000002,0.15000000000000008,70.0,0.5926072893775008,0.006108539094650211
7,0.0,5,360.2325518630857,300.0,100.0,559.0,72.49869312569948,15.085001399113393,1497.0,253.1776603720308,54.28034181111027,200.0,34.492541259918575,7.659969179306236,0.0,0.0,0.0,0.0,0.0,0.0
