id,probability_maraud,successful_mating,next_foraging_time,x_pos,y_pos,foraging_events,foraging_hrs,foraging_sqhrs,staying_events,staying_hrs,staying_sqhrs,repairing_events,repairing_hrs,repairing_sqhrs,marauding_events,marauding_hrs,marauding_sqhrs,traveling_events,traveling_hrs,traveling_sqhrs
0,0.054,11,359.9930170784942,0.0,0.0,559.0,70.39491266991192,15.685609632785757,1537.0,257.09193031785975,54.8872672480429,184.0,30.404221389627796,6.4322021515965,16.0,1.6000000000000003,0.1600000000000001,71.0,0.6005836827015981,0.006129972565157755
1,0.054,5,360.2367517800234,0.0,100.0,560.0,69.93171590116069,15.185638107563252,1574.0,263.64502347567065,55.79507481423048,144.0,24.463750802205407,5.197487225303715,12.0,1.2,0.12000000000000005,88.0,0.775295997390498,0.007973251028806591
2,0.054,11,360.2465619906854,100.0,0.0,578.0,69.13042955110714,13.743501530409725,1463.0,252.5483325637985,55.0132249805107,221.0,36.51679334478142,7.648088115424252,13.0,1.3,0.13000000000000006,89.0,0.603188240058858,0.004543895747599456
3,0.054,6,360.6858276100495,100.0,100.0,577.0,73.95973428029866,16.859908516613526,1339.0,229.6256672397027,49.53663999630422,323.0,54.97030905165487,11.732955351956768,9.0,0.8999999999999999,0.09000000000000002,81.0,0.5688733360785457,0.0044581618655692755
4,0.054,11,360.0221220038474,200.0,0.0,556.0,72.5691059086589,15.821786178915609,1562.0,261.5554223834295,56.19815820866911,151.0,24.257475659125962,4.985498527093145,12.0,1.2,0.12000000000000005,77.0,0.5071502127734794,0.003665123456790125
5,0.0,8,360.44180772039556,200.0,100.0,570.0,72.72747411071839,15.046512660245444,1319.0,220.65033867835197,47.05374962886657,365.0,66.75657993174468,14.831841853914979,0.0,0.0,0.0,0.0,0.0,0.0
6,0.0,11,360.26679573319745,300.0,0.0,565.0,68.14479510171341,13.420322040732982,1328.0,231.01713019491504,50.67685361385741,348.0,61.11339746503131,13.717738193629144,0.0,0.0,0.0,0.0,0.0,0.0
7,0.0,9,359.77151687188615,300.0,100.0,569.0,70.85480638108766,15.213233341235705,1266.0,210.16346953297085,44.4917063360667,481.0,78.99093142948026,16.53079084861385,0.0,0.0,0.0,0.0,0.0,0.0
