id,probability_maraud,successful_mating,next_foraging_time,x_pos,y_pos,foraging_events,foraging_hrs,foraging_sqhrs,staying_events,staying_hrs,staying_sqhrs,repairing_events,repairing_hrs,repairing_sqhrs,marauding_events,marauding_hrs,marauding_sqhrs,traveling_events,traveling_hrs,traveling_sqhrs
0,0.054,7,360.48685848779394,0.0,0.0,580.0,75.10897574167193,15.858259712644365,1258.0,210.93347843845427,45.370451864624656,444.0,72.46536935764662,15.211344212528212,10.0,0.9999999999999999,0.10000000000000003,70.0,0.5979936253005002,0.006065672153635121
1,0.054,14,360.06964822994274,0.0,100.0,563.0,68.87665522708923,13.7522993941455,1398.0,243.95022157604404,53.64191263967352,282.0,45.33694590086427,9.514802951542467,12.0,1.2,0.12000000000000005,78.0,0.7008218884380438,0.007437414266117973
2,0.054,15,360.09215194444215,100.0,0.0,567.0,67.09274205994326,12.358451196986643,1568.0,265.6335614602652,57.002259111559816,138.0,24.572674331247857,5.416013462345361,21.0,2.1000000000000005,0.21000000000000013,105.0,0.6850343821004163,0.004951131687242804
3,0.0,6,360.61098586954336,100.0,100.0,569.0,70.34042300257349,15.380979361970535,1228.0,209.6914565012194,44.90971243846453,479.0,80.02085000814729,16.767470567331866,0.0,0.0,0.0,0.0,0.0,0.0
4,0.0,6,360.2353010191666,200.0,0.0,566.0,69.35648786995536,13.842888721201806,1346.0,223.27804320113614,46.87357040964434,413.0,67.63649603197877,14.182115787253931,0.0,0.0,0.0,0.0,0.0,0.0
5,0.0,9,360.2862371661915,200.0,100.0,552.0,70.56132454793241,14.280007012612582,1442.0,247.12513008526105,54.0757343038858,253.0,42.676465286915075,9.153285904783226,0.0,0.0,0.0,0.0,0.0,0.0
6,0.054,7,360.0239641591338,300.0,0.0,560.0,71.5901406348352,15.877455497810942,1482.0,249.76944937073702,53.4977277722655,220.0,36.47852514036768,7.54512599662597,15.0,1.5000000000000002,0.15000000000000008,81.0,0.6731910358890152,0.006708676268861459
7,0.054,8,360.15120064502605,300.0,100.0,571.0,68.71836496345261,13.895490248935381,1522.0,252.99055336742433,54.037332872330964,207.0,36.58394145006974,8.278413526767174,10.0,0.9999999999999999,0.10000000000000003,81.0,0.7420460168857439,0.007823216735253777
