id,probability_maraud,successful_mating,next_foraging_time,x_pos,y_pos,foraging_events,foraging_hrs,foraging_sqhrs,staying_events,staying_hrs,staying_sqhrs,repairing_events,repairing_hrs,repairing_sqhrs,marauding_events,marauding_hrs,marauding_sqhrs,traveling_events,traveling_hrs,traveling_sqhrs
0,0.0,10,360.2304473260351,0.0,0.0,561.0,71.09089918741023,14.331813478962973,1246.0,210.04995904902188,44.44500435090268,455.0,78.87158726710626,17.333087321387172,0.0,0.0,0.0,0.0,0.0,0.0
1,0.054,7,360.12154770296587,0.0,100.0,559.0,71.45507377062496,15.686541484852764,1471.0,255.4000775090655,55.9452131457914,195.0,30.519639900796754,6.102129230797449,18.0,1.8000000000000005,0.1800000000000001,94.0,0.8808762927333812,0.00962362825788753
2,0.054,3,359.76894385745055,100.0,0.0,562.0,72.38748979833098,14.806645569271094,1310.0,225.20241146048028,48.69749933212933,348.0,61.10786921810477,13.39291157077897,10.0,0.9999999999999999,0.10000000000000003,69.0,0.4498437146196333,0.003257887517146778
3,0.0,6,360.16362689485294,100.0,100.0,573.0,69.33434315506835,14.007443006376397,1338.0,229.475149565285,49.87560114241792,347.0,61.21004016988347,13.548041842323371,0.0,0.0,0.0,0.0,0.0,0.0
4,0.054,10,359.925172866645,200.0,0.0,550.0,74.09071762612454,16.78702500200221,1378.0,234.4925759290865,51.05461660450014,286.0,48.98686473603061,10.905659807659974,20.0,2.0000000000000004,0.20000000000000012,82.0,0.5364253406514846,0.003943758573388206
5,0.054,11,360.25513358139625,200.0,100.0,565.0,70.1982371348297,13.252782108847853,1366.0,232.41982402718915,49.997949209212344,316.0,55.217679190708346,12.319805910936012,17.0,1.7000000000000004,0.1700000000000001,82.0,0.5651901713718387,0.004265260631001376
6,0.0,7,359.99317220409927,300.0,0.0,568.0,68.61138060447435,13.76344629017167,1140.0,193.57973991579948,41.281607400301716,595.0,97.93959063769512,20.550272421153466,0.0,0.0,0.0,0.0,0.0,0.0
7,0.054,18,360.8413801957555,300.0,100.0,566.0,69.3620536033378,15.009712714794734,1436.0,239.66504570438957,50.659059732864726,279.0,48.89336366560365,11.037638229070218,15.0,1.5000000000000002,0.15000000000000008,70.0,0.6349822081047374,0.006880144032921817
