id,probability_maraud,successful_mating,next_foraging_time,x_pos,y_pos,foraging_events,foraging_hrs,foraging_sqhrs,staying_events,staying_hrs,staying_sqhrs,repairing_events,repairing_hrs,repairing_sqhrs,marauding_events,marauding_hrs,marauding_sqhrs,traveling_events,traveling_hrs,traveling_sqhrs
0,0.0,8,360.0451217973537,0.0,0.0,569.0,68.31790401100523,13.168719037225882,1564.0,261.4427939842359,54.908432222970696,172.0,30.41091814179342,6.551518173920983,0.0,0.0,0.0,0.0,0.0,0.0
1,0.054,8,360.08480231611503,0.0,100.0,559.0,68.40337950675537,13.487752040222087,1349.0,228.1883597228188,48.896640437708555,367.0,61.23556112613592,12.93434582722476,15.0,1.5000000000000002,0.15000000000000008,76.0,0.6734968076876845,0.007244513031550077
2,0.054,11,360.02331044260444,100.0,0.0,569.0,70.11371095777672,14.248552937913528,1396.0,238.83427209933316,51.09770465352407,302.0,49.32382941914442,10.148636423425913,13.0,1.3,0.13000000000000006,73.0,0.4591638323012953,0.003172153635116599
3,0.0,12,360.20040402626336,100.0,100.0,561.0,70.62734002372014,14.447140084896175,1359.0,228.57762716353557,49.08936215558078,367.0,60.80386344270932,12.760321967176976,0.0,0.0,0.0,0.0,0.0,0.0
4,0.054,8,360.1013001483562,200.0,0.0,565.0,70.72979060406264,14.30901919682656,1294.0,220.0284318983435,47.40530591857519,429.0,67.76963120545439,14.271922422947037,11.0,1.0999999999999999,0.11000000000000004,72.0,0.5035526320246865,0.0038794581618655697
5,0.054,12,360.052350964952,200.0,100.0,571.0,67.00227755777719,13.273829683314267,1525.0,261.0083409569613,55.83511499383587,174.0,30.674592166725578,6.919531804023254,9.0,0.8999999999999999,0.09000000000000002,80.0,0.5544176995282101,0.004286694101508919
6,0.0,6,359.8147241861033,300.0,0.0,567.0,70.27388955329519,15.326259579709962,1378.0,234.7285225740205,50.42061666973892,322.0,55.087155040975624,11.645142130603334,0.0,0.0,0.0,0.0,0.0,0.0
7,0.054,7,360.0741677979448,300.0,100.0,574.0,70.32549377385712,14.248696144529497,1542.0,256.8964214777787,54.66524734997205,178.0,30.405812220105986,6.58294733816637,16.0,1.6000000000000003,0.1600000000000001,89.0,0.7834014909241149,0.008166152263374495
