id,probability_maraud,successful_mating,next_foraging_time,x_pos,y_pos,foraging_events,foraging_hrs,foraging_sqhrs,staying_events,staying_hrs,staying_sqhrs,repairing_events,repairing_hrs,repairing_sqhrs,marauding_events,marauding_hrs,marauding_sqhrs,traveling_events,traveling_hrs,traveling_sqhrs
0,0.054,10,360.00963316812414,0.0,0.0,566.0,70.22546127230025,14.228809656610977,1429.0,244.73602236377113,53.10290362801146,263.0,42.71112038171995,8.996426540263082,17.0,1.7000000000000004,0.1700000000000001,83.0,0.7228090874982042,0.00745884773662552
1,0.054,3,360.3075659939811,0.0,100.0,563.0,71.6512232044825,14.890845887737209,1460.0,243.42777556132566,51.91074051586797,260.0,42.76990809194844,8.927510909657078,14.0,1.4000000000000001,0.14000000000000007,84.0,0.7640122154781989,0.008273319615912215
2,0.054,15,360.46370977357884,100.0,0.0,571.0,68.56901153484579,13.56349026571267,1515.0,252.53764838542966,53.40882115820531,218.0,37.01347335708172,7.884191713887246,14.0,1.4000000000000001,0.14000000000000007,82.0,0.5495807690958605,0.004072359396433471
3,0.0,5,360.05408738549147,100.0,100.0,562.0,68.12149234187224,13.905092640889341,1157.0,200.06655024330658,42.94098172839217,539.0,91.8721084669011,20.059448590338324,0.0,0.0,0.0,0.0,0.0,0.0
4,0.0,9,360.3885424457557,200.0,0.0,554.0,69.49042907651933,14.248350776332218,1406.0,235.90075069591023,51.00947352386528,324.0,54.74965024588019,11.930662652207777,0.0,0.0,0.0,0.0,0.0,0.0
5,0.054,13,360.32104473791566,200.0,100.0,566.0,68.66183003676304,14.208916651740664,1449.0,246.84620971876603,52.91730545506808,260.0,42.664225413073865,8.937377250944943,15.0,1.5000000000000002,0.15000000000000008,77.0,0.49107550927811094,0.0034293552812071342
6,0.0,7,360.23985481625067,300.0,0.0,576.0,66.19331348266967,13.178847632055055,1295.0,214.6895843721607,45.93830773735057,459.0,79.18167126139957,17.220908374464752,0.0,0.0,0.0,0.0,0.0,0.0
7,0.054,10,360.28690288959956,300.0,100.0,567.0,67.7430521709224,13.334148696195415,1508.0,260.2398019304968,56.646225357500526,182.0,30.248342039859757,6.341109615417054,10.0,0.9999999999999999,0.10000000000000003,89.0,0.7787414320832844,0.007823216735253779
