id,probability_maraud,successful_mating,next_foraging_time,x_pos,y_pos,foraging_events,foraging_hrs,foraging_sqhrs,staying_events,staying_hrs,staying_sqhrs,repairing_events,repairing_hrs,repairing_sqhrs,marauding_events,marauding_hrs,marauding_sqhrs,traveling_events,traveling_hrs,traveling_sqhrs
0,0.054,11,360.075248901935,0.0,0.0,566.0,69.69536789827656,14.240720977197931,1544.0,257.9245225557592,54.808665311955956,182.0,30.577954316518376,6.714715689981801,11.0,1.0999999999999999,0.11000000000000004,84.0,0.7352986144343832,0.007566015089163245
1,0.054,7,360.280203932754,0.0,100.0,553.0,67.59963607363537,14.045315462865522,1475.0,247.70833824733674,52.63825329261645,269.0,42.97209496149367,8.824817869238576,11.0,1.0999999999999999,0.11000000000000004,77.0,0.6453021829233163,0.006430041152263382
2,0.0,9,360.40393938094513,100.0,0.0,572.0,72.40679412139244,14.515496182960861,1340.0,227.15064176333934,48.004818445536486,370.0,60.492534441340965,12.39301981893413,0.0,0.0,0.0,0.0,0.0,0.0
3,0.054,6,360.41835733576403,100.0,100.0,578.0,70.25546922018717,14.254153526762359,1344.0,226.76289672012598,48.338140765868346,366.0,61.419853584547546,12.83485257762705,12.0,1.2,0.12000000000000005,85.0,0.5461353344030748,0.0038365912208504797
4,0.0,11,360.2520934902861,200.0,0.0,566.0,68.9986899961173,14.091041377058263,1267.0,218.07783261569102,47.78091162370725,423.0,73.03375452313374,15.527393324674339,0.0,0.0,0.0,0.0,0.0,0.0
5,0.054,12,359.8723528163453,200.0,100.0,573.0,70.03252076445254,14.259460802720511,1569.0,270.1493693155334,58.61876565543837,113.0,18.178158096933828,3.763376521516114,12.0,1.2,0.12000000000000005,75.0,0.4917481113002212,0.0036222565157750367
6,0.0,8,360.2309053704342,300.0,0.0,566.0,72.5937614403314,15.152367685550564,1561.0,263.1044847058042,56.4484275235092,152.0,24.30464116208434,4.954161216414913,0.0,0.0,0.0,0.0,0.0,0.0
7,0.054,8,360.77545386682357,300.0,100.0,558.0,72.58179018474983,15.971572395453652,1460.0,245.70777955632354,52.83545087497608,240.0,40.106865320665925,8.424911365730418,12.0,1.2,0.12000000000000005,71.0,0.5737931578687656,0.005486968449931418
