id,probability_maraud,successful_mating,next_foraging_time,x_pos,y_pos,foraging_events,foraging_hrs,foraging_sqhrs,staying_events,staying_hrs,staying_sqhrs,repairing_events,repairing_hrs,repairing_sqhrs,marauding_events,marauding_hrs,marauding_sqhrs,traveling_events,traveling_hrs,traveling_sqhrs
0,0.0,11,359.9621171861693,0.0,0.0,567.0,69.1074705905955,13.92293706898983,1473.0,248.381573985862,53.35505953150072,244.0,42.68056091017828,9.746001785253634,0.0,0.0,0.0,0.0,0.0,0.0
1,0.054,8,360.0625724782681,0.0,100.0,560.0,73.17946126627953,15.472754580110111,1409.0,241.89056032537593,52.17712254295396,255.0,42.8845575655049,9.102343108141834,15.0,1.5000000000000002,0.15000000000000008,87.0,0.7619530556977198,0.007908950617283956
2,0.0,7,360.2802490698681,100.0,0.0,566.0,68.30206294770143,13.45296401203582,1314.0,224.23837089183746,48.693953074286,379.0,67.47516081975586,14.93864800811048,0.0,0.0,0.0,0.0,0.0,0.0
3,0.054,9,360.39789682727195,100.0,100.0,566.0,72.52439592208327,15.314532506492322,1534.0,257.5287728538903,54.87231806335605,163.0,28.090946785717406,6.000926371371477,14.0,1.4000000000000001,0.14000000000000007,86.0,0.5814924460726761,0.004329561042524008
4,0.054,15,360.3842298976799,200.0,0.0,582.0,73.1864173253048,15.085492696804032,1406.0,235.83423204201364,50.15473931347033,286.0,49.139357449425134,10.469507244259814,12.0,1.2,0.12000000000000005,100.0,0.6584857951977432,0.004865397805212627
5,0.054,2,359.9927372093402,200.0,100.0,551.0,70.84361139140773,14.617407346819101,1334.0,226.454673212639,48.5737804424022,344.0,60.828521340873216,13.455291031718762,15.0,1.5000000000000002,0.15000000000000008,81.0,0.5248338244054286,0.0037079903978052137
6,0.0,4,360.2371799748762,300.0,0.0,561.0,66.01802224235128,12.359312614539803,1463.0,245.39950343905275,51.914084331684776,289.0,48.652552703803,10.172333228541856,0.0,0.0,0.0,0.0,0.0,0.0
7,0.054,16,360.2688192457399,300.0,100.0,559.0,72.11913990084749,14.98655176004991,1352.0,225.20312840494515,47.56979786714406,367.0,61.09806186631167,13.043733830511895,10.0,0.9999999999999999,0.10000000000000003,84.0,0.8063542596107137,0.00895919067215364
