id,probability_maraud,successful_mating,next_foraging_time,x_pos,y_pos,foraging_events,foraging_hrs,foraging_sqhrs,staying_events,staying_hrs,staying_sqhrs,repairing_events,repairing_hrs,repairing_sqhrs,marauding_events,marauding_hrs,marauding_sqhrs,traveling_events,traveling_hrs,traveling_sqhrs
0,0.054,8,360.83064182935357,0.0,0.0,551.0,69.42813056483622,14.689769251681515,1430.0,239.98053153686195,50.862973171563304,274.0,48.709630977984574,10.654905309759593,15.0,1.5000000000000002,0.15000000000000008,81.0,0.7373273450036608,0.007866083676268867
1,0.0,13,359.9636470005636,0.0,100.0,563.0,68.03689618598509,14.197096322281212,1566.0,267.3007570107591,57.576778417723794,144.0,24.726601594603235,5.51571605300101,0.0,0.0,0.0,0.0,0.0,0.0
2,0.0,4,360.04092753205964,100.0,0.0,565.0,73.61366769270141,15.676883232052127,1479.0,250.1924200567357,53.59377203015187,216.0,36.468163757290206,7.740071182537381,0.0,0.0,0.0,0.0,0.0,0.0
3,0.054,8,360.0254248614644,100.0,100.0,560.0,69.46517694985873,13.98890932921179,1293.0,222.6662152981963,48.73518587616912,393.0,66.97739279316258,14.83440569005494,5.0,0.5,0.05000000000000001,73.0,0.476063283874781,0.0034079218106995894
4,0.054,10,360.30610074137485,200.0,0.0,578.0,74.18505424377663,15.78706638246451,1309.0,223.52480424247574,47.487717316834456,374.0,61.02482735998724,12.504079354815053,10.0,0.9999999999999999,0.10000000000000003,71.0,0.4796710234320256,0.0035365226337448568
5,0.054,5,360.06627699000484,200.0,100.0,572.0,72.58465642742371,14.965168730213726,1288.0,218.70002753555238,46.76162158562541,396.0,67.07063665157332,14.38062415466727,13.0,1.3,0.13000000000000006,75.0,0.5092751689575561,0.0038365912208504814
6,0.054,12,360.08665905923004,300.0,0.0,574.0,69.91123784353927,14.25801336676264,1412.0,244.1313743282207,52.950553323182525,259.0,43.10115152065378,8.888043181571128,21.0,2.1000000000000005,0.21000000000000013,94.0,0.8361918800197725,0.008637688614540473
7,0.0,12,359.9347834452928,300.0,100.0,575.0,67.54441495422917,13.451667370301752,1480.0,249.81753106807528,52.87715939526915,261.0,42.6488801266952,9.11773555137735,0.0,0.0,0.0,0.0,0.0,0.0
