id,probability_maraud,successful_mating,next_foraging_time,x_pos,y_pos,foraging_events,foraging_hrs,foraging_sqhrs,staying_events,staying_hrs,staying_sqhrs,repairing_events,repairing_hrs,repairing_sqhrs,marauding_events,marauding_hrs,marauding_sqhrs,traveling_events,traveling_hrs,traveling_sqhrs
0,0.0,12,360.5582123825837,0.0,0.0,568.0,69.85276456884495,14.082572817234432,1519.0,257.5234570914799,55.001052674636064,189.0,32.715807973652154,7.142845149385247,0.0,0.0,0.0,0.0,0.0,0.0
1,0.054,7,360.0736503713518,0.0,100.0,543.0,73.940880823266,15.681185377736917,1451.0,247.38131747465354,53.911396949482274,206.0,36.88264602087279,8.304254114262445,11.0,1.0999999999999999,0.11000000000000004,74.0,0.7127805177536037,0.00797325102880659
2,0.054,8,360.41316827906303,100.0,0.0,548.0,69.31371128443095,14.439820325082197,1349.0,234.29922167969485,51.54468405987804,317.0,55.144399844276094,12.145770582014224,9.0,0.8999999999999999,0.09000000000000002,81.0,0.5435292145154657,0.0040509259259259274
3,0.0,5,360.26728724715434,100.0,100.0,562.0,74.15511458133338,17.495375590407473,1411.0,237.33664527888183,50.82918438878575,283.0,48.544722354810595,10.434689689495741,0.0,0.0,0.0,0.0,0.0,0.0
4,0.054,17,359.9520750639668,200.0,0.0,553.0,69.78391194938403,14.937893957762151,1487.0,252.48278868089415,54.20658845388784,210.0,36.44475742460102,8.125341685189692,10.0,0.9999999999999999,0.10000000000000003,82.0,0.5158731535824933,0.003536522633744856
5,0.0,7,360.0084222570371,200.0,100.0,571.0,74.20414993619156,16.511201285096863,1341.0,224.71216824775266,47.52617906016769,359.0,61.183673184547416,13.023167925366952,0.0,0.0,0.0,0.0,0.0,0.0
6,0.054,7,360.1429430312611,300.0,0.0,569.0,69.99747954691674,13.995296222276897,1387.0,232.61082746354668,49.94797544512323,329.0,55.0809672126993,11.9627215459603,17.0,1.7000000000000004,0.1700000000000001,72.0,0.6135725983652767,0.006108539094650212
7,0.054,9,360.01350059167873,300.0,100.0,554.0,72.3369379339978,15.983299289374173,1394.0,236.59246285881395,50.41722050974995,290.0,48.998954371827274,10.388329665791185,15.0,1.5000000000000002,0.15000000000000008,78.0,0.6740635553491311,0.006923010973936907
