id,probability_maraud,successful_mating,next_foraging_time,x_pos,y_pos,foraging_events,foraging_hrs,foraging_sqhrs,staying_events,staying_hrs,staying_sqhrs,repairing_events,repairing_hrs,repairing_sqhrs,marauding_events,marauding_hrs,marauding_sqhrs,traveling_events,traveling_hrs,traveling_sqhrs
0,0.0,15,359.87994047393175,0.0,0.0,558.0,69.38879379179284,14.02770248636453,1438.0,241.86886112963464,51.74070892701419,293.0,48.83150913373572,10.31132861034054,0.0,0.0,0.0,0.0,0.0,0.0
1,0.0,6,360.3269737699105,0.0,100.0,565.0,73.98780462896063,15.936843878744298,1642.0,275.1613376779938,58.115623782578545,68.0,10.993258403877928,2.304464955097634,0.0,0.0,0.0,0.0,0.0,0.0
2,0.054,10,360.2957711311649,100.0,0.0,561.0,72.09256431962118,14.787835994509622,1326.0,225.61654577334627,48.46815898765064,364.0,61.0108464068464,13.03445580290618,10.0,0.9999999999999999,0.10000000000000003,65.0,0.411683341068155,0.0029149519890260644
3,0.054,6,359.927330546131,100.0,100.0,570.0,71.96989636859453,14.917094156182284,1354.0,225.75267985221603,47.98210663041385,360.0,61.02519727443989,12.927669750344005,9.0,0.8999999999999999,0.09000000000000002,70.0,0.4822612808354928,0.0037079903978052145
4,0.054,4,360.3513416804113,200.0,0.0,549.0,70.19776224555699,14.924121108295536,1523.0,257.5981615990763,55.32841602835431,187.0,30.801221860824093,6.624017195929461,10.0,0.9999999999999999,0.10000000000000003,77.0,0.5013972466294088,0.0036008230452674915
5,0.0,10,360.35704107404774,200.0,100.0,568.0,65.88918873988754,12.820307095041679,1521.0,257.37043465442565,55.56147930166541,216.0,36.784247534752986,8.102569850175652,0.0,0.0,0.0,0.0,0.0,0.0
6,0.054,11,360.09023057618697,300.0,0.0,554.0,71.84711447953612,15.04059915113437,1458.0,250.27098288832264,54.543871621283365,227.0,36.28775534243256,7.382158781404049,11.0,1.0999999999999999,0.11000000000000004,70.0,0.6112704877436184,0.006322873799725656
7,0.054,10,360.1756509242216,300.0,100.0,562.0,68.66847596261236,13.940523299960173,1468.0,246.502724653508,52.896306859168945,246.0,42.75599322246057,9.460472730604895,14.0,1.4000000000000001,0.14000000000000007,93.0,0.7696773522832049,0.007458847736625523
