id,probability_maraud,successful_mating,next_foraging_time,x_pos,y_pos,foraging_events,foraging_hrs,foraging_sqhrs,staying_events,staying_hrs,staying_sqhrs,repairing_events,repairing_hrs,repairing_sqhrs,marauding_events,marauding_hrs,marauding_sqhrs,traveling_events,traveling_hrs,traveling_sqhrs
0,0.0,13,360.35377100491763,0.0,0.0,560.0,70.26883334806897,14.839825196076202,1430.0,240.9818645386614,51.187413900787156,273.0,48.80568223950248,10.731827791248074,0.0,0.0,0.0,0.0,0.0,0.0
1,0.054,4,360.22695015697667,0.0,100.0,575.0,71.74378280463812,15.399348370749028,1392.0,237.8512896444602,51.55872010302837,298.0,49.06302617848637,10.407612512821425,12.0,1.2,0.12000000000000005,60.0,0.5031471763166796,0.004972565157750345
2,0.054,9,360.08183807003655,100.0,0.0,555.0,69.69472337002844,14.333970340902855,1451.0,249.57246156474312,54.540815393459184,223.0,38.61281055793427,8.580143338603678,18.0,1.8000000000000005,0.1800000000000001,83.0,0.5134293385593433,0.0034722222222222225
3,0.054,7,359.9265598042805,100.0,100.0,562.0,70.35509808717096,14.175183493827213,1434.0,244.66997705707794,52.61974766407233,249.0,42.73519779416342,9.206269784862382,17.0,1.7000000000000004,0.1700000000000001,85.0,0.5566846429598417,0.004008058984910839
4,0.0,12,360.2968732065221,200.0,0.0,556.0,75.18676028737974,17.450744532809136,1218.0,211.78653469260485,46.94026263426167,425.0,73.10865723674085,15.654356242048397,0.0,0.0,0.0,0.0,0.0,0.0
5,0.054,7,359.88033468820214,200.0,100.0,567.0,70.4312651824717,14.305247529419239,1293.0,223.81241477005645,48.824500765858424,376.0,64.14320239563527,14.167384348104871,13.0,1.3,0.13000000000000006,72.0,0.479837736215092,0.0035365226337448577
6,0.0,12,360.23325391280343,300.0,0.0,572.0,71.96764448677887,14.41810881502431,1513.0,251.76665455711614,52.39051540113518,228.0,36.29061653812487,7.573479441385056,0.0,0.0,0.0,0.0,0.0,0.0
7,0.054,8,360.66874038604016,300.0,100.0,576.0,72.53198761606573,14.72989571028313,1316.0,224.94711631443522,48.98584241897322,382.0,61.11079732826532,12.564715826025454,9.0,0.8999999999999999,0.09000000000000002,72.0,0.6070557425654912,0.006129972565157754
