id,probability_maraud,successful_mating,next_foraging_time,x_pos,y_pos,foraging_events,foraging_hrs,foraging_sqhrs,staying_events,staying_hrs,staying_sqhrs,repairing_events,repairing_hrs,repairing_sqhrs,marauding_events,marauding_hrs,marauding_sqhrs,traveling_events,traveling_hrs,traveling_sqhrs
0,0.0,6,360.70260616717496,0.0,0.0,565.0,70.12716988249785,14.420263767583094,1203.0,203.8291292796069,43.81080075435681,504.0,86.15002482083591,18.698928292533356,0.0,0.0,0.0,0.0,0.0,0.0
1,0.054,8,360.3995599356284,0.0,100.0,558.0,71.85826918305297,15.928275161944,1374.0,231.40941085124314,49.68874315522972,324.0,54.75699617396963,11.83740876159436,13.0,1.3,0.13000000000000006,89.0,0.7138484166752688,0.006730109739369004
2,0.054,7,360.11008453374006,100.0,0.0,564.0,71.19641994612671,15.33194657754338,1324.0,226.47520798211056,48.361855726490674,364.0,61.03240321561381,13.128352145761486,9.0,0.8999999999999999,0.09000000000000002,67.0,0.45999873918786444,0.0034722222222222216
3,0.0,11,360.02554455594935,100.0,100.0,556.0,71.4334375508922,14.948654246196133,1420.0,239.70067900575788,51.36278677429059,292.0,49.07777460875787,10.109407245852388,0.0,0.0,0.0,0.0,0.0,0.0
4,0.054,11,360.1263153018678,200.0,0.0,578.0,71.7589318446897,14.45263941936052,1558.0,261.7914112725263,54.8901928990843,141.0,24.40930455984086,5.33600180494975,15.0,1.5000000000000002,0.15000000000000008,94.0,0.6037854169315061,0.004329561042524011
5,0.054,9,359.88389697347355,200.0,100.0,562.0,71.16387139626428,15.833418025226724,1356.0,231.75358210543683,50.61056890925135,312.0,54.87686222446642,12.40282197437012,17.0,1.7000000000000004,0.1700000000000001,93.0,0.6170017037982845,0.004458161865569277
6,0.054,9,360.4543412112862,300.0,0.0,564.0,72.21758734257874,14.529617114157586,1421.0,236.86904568799596,50.213718485790366,287.0,48.745095497215175,10.70313658098053,15.0,1.5000000000000002,0.15000000000000008,87.0,0.7116267520279614,0.007051611796982174
7,0.0,11,360.3894729705536,300.0,100.0,569.0,71.17135135162883,15.397843220042676,1446.0,245.83684420991273,53.05001844672886,254.0,43.03279538511449,9.24172514101303,0.0,0.0,0.0,0.0,0.0,0.0
