id,probability_maraud,successful_mating,next_foraging_time,x_pos,y_pos,foraging_events,foraging_hrs,foraging_sqhrs,staying_events,staying_hrs,staying_sqhrs,repairing_events,repairing_hrs,repairing_sqhrs,marauding_events,marauding_hrs,marauding_sqhrs,traveling_events,traveling_hrs,traveling_sqhrs
0,0.054,12,360.6671929189545,0.0,0.0,568.0,71.47505630711818,15.776945250225632,1395.0,230.9061551207935,48.75823037354315,326.0,55.319181534391674,11.862726577934488,16.0,1.6000000000000003,0.1600000000000001,80.0,0.716669020727943,0.007458847736625519
1,0.054,9,360.1206266596353,0.0,100.0,557.0,67.7384908432536,13.752106783631014,1426.0,235.36435698577034,49.97831281820562,327.0,54.871559017656054,11.714595954824123,14.0,1.4000000000000001,0.14000000000000007,76.0,0.6765504037754543,0.007073045267489716
2,0.054,12,360.0643835046357,100.0,0.0,566.0,70.3650753888793,14.456717543619202,1505.0,250.8273300091033,53.462645584336464,212.0,36.78582675445871,8.244854353999237,15.0,1.5000000000000002,0.15000000000000008,89.0,0.5833796722428319,0.004243827160493831
3,0.054,6,360.0701208063022,100.0,100.0,569.0,69.96161647340146,14.397154153782006,1410.0,239.09848512139035,51.56776199119362,284.0,49.268147900505795,10.834469990976245,14.0,1.4000000000000001,0.14000000000000007,57.0,0.361344433206425,0.0025077160493827168
4,0.054,2,360.4544439134736,200.0,0.0,558.0,70.82703150816629,14.659424769724858,1216.0,208.8475393137972,44.899786667696546,481.0,79.29276089059798,16.74036890521532,7.0,0.7,0.07,66.0,0.41581724026719297,0.002914951989026065
5,0.0,11,360.06165010676585,200.0,100.0,565.0,72.71544506224639,14.856547328696054,1139.0,191.15361030414542,40.46280573425835,565.0,96.2032447943277,20.801642100495773,0.0,0.0,0.0,0.0,0.0,0.0
6,0.0,8,360.5385450873997,300.0,0.0,593.0,73.95475482601509,15.239473843346028,1408.0,237.40198250170874,50.96249694094522,283.0,48.648513301502334,10.306674051329166,0.0,0.0,0.0,0.0,0.0,0.0
7,0.054,12,360.2218487253517,300.0,100.0,561.0,69.20516735496508,13.544253184724905,1454.0,247.207307343459,53.040896383148976,252.0,41.8815929853037,8.91695923859305,11.0,1.0999999999999999,0.11000000000000004,76.0,0.6532731554177864,0.0067944101508916385
