id,probability_maraud,successful_mating,next_foraging_time,x_pos,y_pos,foraging_events,foraging_hrs,foraging_sqhrs,staying_events,staying_hrs,staying_sqhrs,repairing_events,repairing_hrs,repairing_sqhrs,marauding_events,marauding_hrs,marauding_sqhrs,traveling_events,traveling_hrs,traveling_sqhrs
0,0.0,7,360.7428903135575,0.0,0.0,559.0,71.00597640220172,15.080535238072416,1442.0,244.05238763254786,52.30273584970153,278.0,45.248486421467504,9.176129245510396,0.0,0.0,0.0,0.0,0.0,0.0
1,0.054,7,360.1839579575879,0.0,100.0,572.0,71.8223010537815,15.847787987837592,1480.0,250.2771823002873,53.6908919743147,215.0,36.58091721207731,7.795705997299775,8.0,0.7999999999999999,0.08000000000000002,71.0,0.640710165867233,0.006794410150891635
2,0.054,10,359.95619468973047,100.0,0.0,559.0,65.1993813523494,12.092391534781969,1346.0,231.9571117111401,50.20098138788101,371.0,61.24958264605552,12.839866672662492,12.0,1.2,0.12000000000000005,69.0,0.4491102541751203,0.0031935871056241434
3,0.0,9,360.64814521529723,100.0,100.0,556.0,73.54350848008403,15.493653670072693,1258.0,213.6983798853589,45.74258459416382,425.0,72.82129444502698,15.474333701369565,0.0,0.0,0.0,0.0,0.0,0.0
4,0.054,8,360.0316686391974,200.0,0.0,562.0,70.62607705950852,14.322748157136711,1389.0,233.25674983062956,49.64041481957682,334.0,55.03317809508419,11.418242697433673,8.0,0.7999999999999999,0.08000000000000002,76.0,0.466535865390399,0.0031292866941015096
5,0.054,5,360.3266784696862,200.0,100.0,571.0,73.80812764823287,15.18586952850019,1312.0,223.67025474755124,48.07371954898705,365.0,61.20510725569325,13.172532673038553,9.0,0.8999999999999999,0.09000000000000002,64.0,0.43238767419315305,0.0032578875171467773
6,0.054,8,360.6544244555879,300.0,0.0,568.0,67.79866512435142,13.592207711764821,1378.0,235.440190630561,50.84134415346692,319.0,54.77055260721042,11.814953763109655,13.0,1.3,0.13000000000000006,92.0,0.7865357329886048,0.008037551440329225
7,0.054,18,360.22397667474564,300.0,100.0,572.0,69.89491612459076,13.631009285744817,1550.0,263.10285819861963,56.48937304355274,136.0,24.477029039920843,5.494980089807198,18.0,1.8000000000000005,0.1800000000000001,85.0,0.7930345637667914,0.008594821673525384
