id,probability_maraud,successful_mating,next_foraging_time,x_pos,y_pos,foraging_events,foraging_hrs,foraging_sqhrs,staying_events,staying_hrs,staying_sqhrs,repairing_events,repairing_hrs,repairing_sqhrs,marauding_events,marauding_hrs,marauding_sqhrs,traveling_events,traveling_hrs,traveling_sqhrs
0,0.054,10,360.0017098730624,0.0,0.0,557.0,67.66409485893534,14.292574575397566,1466.0,247.34834526674499,52.56851673788265,244.0,42.88389342255389,9.488053404278343,13.0,1.3,0.13000000000000006,98.0,0.8180573338931233,0.008294753086419759
1,0.054,10,360.2041929742726,0.0,100.0,566.0,72.63081267590887,16.28108067689451,1354.0,224.3915365430423,47.97966585373818,371.0,60.92401190516347,12.74743730576914,14.0,1.4000000000000001,0.14000000000000007,88.0,0.775204709756894,0.007951817558299048
2,0.054,12,360.69554634835606,100.0,0.0,574.0,66.55409045350541,12.43316609386977,1318.0,220.9076287533593,47.69901117706811,422.0,70.62365228946551,15.100372719582262,14.0,1.4000000000000001,0.14000000000000007,91.0,0.6024243504031436,0.004415294924554188
3,0.054,9,360.0634640224643,100.0,100.0,575.0,64.45080125351268,11.802276384348753,1417.0,239.01599345075348,50.83287857990292,318.0,54.93283802308186,12.052555498187164,14.0,1.4000000000000001,0.14000000000000007,73.0,0.4741760577046253,0.0033650548696845
4,0.0,10,359.8791434569459,200.0,0.0,557.0,70.40250541154195,14.092025005739865,1335.0,228.62491846277794,49.60258610212199,357.0,61.18664283086783,13.044469220892314,0.0,0.0,0.0,0.0,0.0,0.0
5,0.0,8,360.01178865872697,200.0,100.0,551.0,72.59662778358957,16.32235425531033,1438.0,244.65989340927194,52.56627032927902,253.0,42.77928448854352,9.08869307900702,0.0,0.0,0.0,0.0,0.0,0.0
6,0.054,5,359.95023209283477,300.0,0.0,571.0,69.21097416372663,14.649589812900008,1371.0,229.53001242287684,48.6136306991335,349.0,59.1144026019596,12.801004361072454,15.0,1.5000000000000002,0.15000000000000008,79.0,0.7299481285522119,0.007801783264746234
7,0.054,8,360.1503651095452,300.0,100.0,557.0,68.94771561434568,14.471094341390605,1120.0,191.54190957072058,41.07250407661616,557.0,97.82229973105638,21.521376209663288,11.0,1.0999999999999999,0.11000000000000004,67.0,0.6485880881953808,0.007201646090534984
