id,probability_maraud,successful_mating,next_foraging_time,x_pos,y_pos,foraging_events,foraging_hrs,foraging_sqhrs,staying_events,staying_hrs,staying_sqhrs,repairing_events,repairing_hrs,repairing_sqhrs,marauding_events,marauding_hrs,marauding_sqhrs,traveling_events,traveling_hrs,traveling_sqhrs
0,0.054,5,360.2705392404879,0.0,0.0,576.0,72.44730853733063,15.197087221844297,1394.0,231.93811363978253,49.39427810160842,328.0,54.633105735839,11.492194285508832,6.0,0.6,0.06000000000000001,69.0,0.5860278126225947,0.005937071330589854
1,0.054,9,360.3381487752267,0.0,100.0,575.0,68.88603248668754,14.249399835208964,1387.0,239.795299679992,53.14933404195459,308.0,48.765919776508255,9.983349442481133,19.0,1.9000000000000006,0.1900000000000001,82.0,0.7261128177894983,0.007673182441700967
2,0.0,11,360.3739777630159,100.0,0.0,565.0,70.48241762002769,13.769360647046279,1384.0,240.38405884265828,51.71536749736817,296.0,49.160873031847544,9.96903757794189,0.0,0.0,0.0,0.0,0.0,0.0
3,0.0,10,360.61934884650884,100.0,100.0,571.0,70.82273666926203,14.933599907385906,1458.0,246.98209613525358,52.39723707230112,245.0,42.39979009662574,9.043998248736662,0.0,0.0,0.0,0.0,0.0,0.0
4,0.054,6,360.3244660781452,200.0,0.0,562.0,71.0572567628567,15.130194325827064,1415.0,237.1722866039412,51.55550818903303,303.0,50.4002105390744,10.581742476935537,9.0,0.8999999999999999,0.09000000000000002,80.0,0.5130698917006166,0.0036436899862825815
5,0.054,13,360.3562101672379,200.0,100.0,559.0,71.90024545907151,15.136450011204078,1437.0,243.75225241120586,52.17508169810089,254.0,42.63795619913311,8.893030423551588,12.0,1.2,0.12000000000000005,102.0,0.6813962133319701,0.005058299039780526
6,0.054,9,360.4984572483593,300.0,0.0,568.0,69.93270573731047,14.81681193508584,1412.0,246.15971663278867,54.13677985929139,257.0,42.418324519470865,8.527810759699085,10.0,0.9999999999999999,0.10000000000000003,65.0,0.5452969692219662,0.005465534979423872
7,0.054,9,360.2992936896485,300.0,100.0,568.0,68.74475080319237,13.5939369384646,1429.0,241.47992799276355,51.626527404309726,281.0,48.612407951451495,10.747018728585235,7.0,0.7,0.07,70.0,0.6321771836901418,0.00666580932784637
