id,probability_maraud,successful_mating,next_foraging_time,x_pos,y_pos,foraging_events,foraging_hrs,foraging_sqhrs,staying_events,staying_hrs,staying_sqhrs,repairing_events,repairing_hrs,repairing_sqhrs,marauding_events,marauding_hrs,marauding_sqhrs,traveling_events,traveling_hrs,traveling_sqhrs
0,0.054,7,360.2004249331004,0.0,0.0,567.0,69.98740429098868,14.502130523389278,1419.0,238.8418111529701,50.42635643495649,278.0,49.151065492505964,10.704623512840756,16.0,1.6000000000000003,0.1600000000000001,70.0,0.5962150289347459,0.005979938271604943
1,0.054,11,360.03958464678186,0.0,100.0,565.0,68.38288450463182,14.277788226034579,1385.0,235.16571461313902,50.683648895239735,323.0,54.92143435394064,11.44583420395647,12.0,1.2,0.12000000000000005,63.0,0.5266619546858997,0.005144032921810702
2,0.0,6,360.6474091151309,100.0,0.0,556.0,75.16412592012855,17.42539569532437,1180.0,193.21368585135122,40.11675294419892,540.0,91.72979925030641,19.688529899819937,0.0,0.0,0.0,0.0,0.0,0.0
3,0.054,12,360.03040285590794,100.0,100.0,559.0,70.9949205749862,14.932329406897288,1388.0,238.49666605083038,52.04061861068294,278.0,48.50853821744286,10.575300293271342,16.0,1.6000000000000003,0.1600000000000001,80.0,0.5439292493938459,0.004072359396433473
4,0.054,10,359.9259122824847,200.0,0.0,565.0,70.07253199192128,15.524408261429375,1362.0,227.2151913762909,48.718261874858435,359.0,60.98335173309413,13.359780505159344,13.0,1.3,0.13000000000000006,71.0,0.4767663151080924,0.003579389574759946
5,0.0,9,360.269451217,200.0,100.0,576.0,69.62984746971412,13.6374219970997,1422.0,236.29430250386864,48.92268327572454,322.0,54.10564393127001,11.42642304671319,0.0,0.0,0.0,0.0,0.0,0.0
6,0.054,8,359.9455939896658,300.0,0.0,562.0,72.13092995955606,15.633433841165013,1387.0,235.67652161704888,50.17351000604793,301.0,50.579552719909266,10.800178719497701,9.0,0.8999999999999999,0.09000000000000002,77.0,0.7224776244671589,0.007844650205761323
7,0.054,9,360.34974187764266,300.0,100.0,582.0,68.8643657458572,13.559399453663191,1515.0,252.7374795465347,54.23567236422052,227.0,37.01846255163068,7.973184644503879,8.0,0.7999999999999999,0.08000000000000002,72.0,0.6408798540964066,0.0066872427983539155
