id,probability_maraud,successful_mating,next_foraging_time,x_pos,y_pos,foraging_events,foraging_hrs,foraging_sqhrs,staying_events,staying_hrs,staying_sqhrs,repairing_events,repairing_hrs,repairing_sqhrs,marauding_events,marauding_hrs,marauding_sqhrs,traveling_events,traveling_hrs,traveling_sqhrs
0,0.054,11,360.39233171348974,0.0,0.0,561.0,70.74783457455501,14.812165262941802,1389.0,232.47481159767815,49.5421156331386,327.0,54.8069690057643,11.376829739434328,15.0,1.5000000000000002,0.15000000000000008,88.0,0.8027722112858451,0.00872342249657065
1,0.054,7,360.2745372193144,0.0,100.0,568.0,69.38156392883596,14.90884799689273,1505.0,251.7944156458409,53.34757740224468,206.0,36.781181870847924,8.217048666758556,14.0,1.4000000000000001,0.14000000000000007,84.0,0.7332698838651044,0.007566015089163245
2,0.0,15,360.26800456353794,100.0,0.0,564.0,69.06659218069882,13.532699105608131,1350.0,230.164515954469,49.31727287386938,362.0,60.94814704140972,12.957837311548529,0.0,0.0,0.0,0.0,0.0,0.0
3,0.054,9,360.7701124605267,100.0,100.0,576.0,70.14206369285591,14.37712116602575,1214.0,202.72839315955406,43.17202184889987,514.0,85.9416649527458,18.405833381113638,9.0,0.8999999999999999,0.09000000000000002,48.0,0.312862322303649,0.0022076474622770913
4,0.054,5,359.9898429370413,200.0,0.0,548.0,70.21724427115593,15.012178103099622,1284.0,221.5408778349171,48.30074494330163,391.0,66.82127242662509,14.397951086666087,11.0,1.0999999999999999,0.11000000000000004,51.0,0.33572204082392526,0.0024434156378600816
5,0.0,10,360.89551775790125,200.0,100.0,568.0,68.70135762836529,13.34751745694579,1300.0,212.30149001509875,44.73647684809515,467.0,79.19884873679628,16.82529505014058,0.0,0.0,0.0,0.0,0.0,0.0
6,0.054,8,359.8608770685395,300.0,0.0,556.0,71.14630652571796,14.591921473492215,1487.0,248.917528507105,53.349126183822406,232.0,37.130895539791474,7.476703345652281,20.0,2.0000000000000004,0.20000000000000012,89.0,0.8128109398388973,0.008637688614540472
7,0.054,7,360.1413346147446,300.0,100.0,553.0,72.00042497038326,15.368260237690398,1287.0,219.17271295597374,46.77692138668263,389.0,67.10852763674767,14.634627250363241,12.0,1.2,0.12000000000000005,62.0,0.554781354303175,0.005872770919067221
