id,probability_maraud,successful_mating,next_foraging_time,x_pos,y_pos,foraging_events,foraging_hrs,foraging_sqhrs,staying_events,staying_hrs,staying_sqhrs,repairing_events,repairing_hrs,repairing_sqhrs,marauding_events,marauding_hrs,marauding_sqhrs,traveling_events,traveling_hrs,traveling_sqhrs
0,0.054,7,360.0260237905008,0.0,0.0,568.0,69.96666246711189,13.791140372150508,1462.0,245.75925772910435,52.526032207804626,254.0,42.66583533784317,8.986189740424043,10.0,0.9999999999999999,0.10000000000000003,77.0,0.7249840604454305,0.007930384087791502
1,0.0,15,360.4856278181721,0.0,100.0,566.0,66.25711225578243,12.737978920455102,1338.0,226.493228314594,49.36676676408346,407.0,67.35153899186923,14.271218297951064,0.0,0.0,0.0,0.0,0.0,0.0
2,0.0,9,360.0445706590353,100.0,0.0,555.0,70.92834383946493,15.81897314439962,1308.0,225.4022789220904,48.5900459449069,380.0,63.731103448268314,13.685149985873698,0.0,0.0,0.0,0.0,0.0,0.0
3,0.054,8,360.23404665459526,100.0,100.0,573.0,69.32569614864077,13.976419678039791,1416.0,240.7779363761834,51.64631383852901,291.0,48.19575999734943,10.091603909029176,13.0,1.3,0.13000000000000006,68.0,0.42596210602697215,0.002914951989026065
4,0.054,8,360.1587085352703,200.0,0.0,565.0,72.86748288083129,15.81648127371249,1462.0,241.89305675848993,50.91704736020442,279.0,43.678746586340246,8.93681193717038,11.0,1.0999999999999999,0.11000000000000004,79.0,0.5329494767474975,0.003986625514403294
5,0.054,5,360.19169705271815,200.0,100.0,570.0,69.02546937337516,13.930195654095293,1418.0,240.5785889909945,51.65811696165358,301.0,48.82170088080668,9.994759802716874,11.0,1.0999999999999999,0.11000000000000004,86.0,0.5632725159904817,0.004072359396433473
6,0.054,13,360.2808250078775,300.0,0.0,569.0,69.90133058363894,14.175364635041111,1498.0,257.57532430364745,55.9623266128506,190.0,30.876844879897366,6.461452400181925,8.0,0.7999999999999999,0.08000000000000002,96.0,0.9242293852790274,0.010502400548696854
7,0.054,7,359.87487074646475,300.0,100.0,562.0,71.6532226824548,15.47900958576236,1371.0,231.40135953799825,49.78294847493912,323.0,54.95851453507313,11.772938424875594,14.0,1.4000000000000001,0.14000000000000007,69.0,0.6295636804378184,0.00666580932784637
