id,probability_maraud,successful_mating,next_foraging_time,x_pos,y_pos,foraging_events,foraging_hrs,foraging_sqhrs,staying_events,staying_hrs,staying_sqhrs,repairing_events,repairing_hrs,repairing_sqhrs,marauding_events,marauding_hrs,marauding_sqhrs,traveling_events,traveling_hrs,traveling_sqhrs
0,0.0,4,360.3775334316663,0.0,0.0,559.0,73.27541033197984,15.811031520922189,1234.0,209.27925792869016,44.643057748915815,463.0,77.49335052436592,16.576754545228997,0.0,0.0,0.0,0.0,0.0,0.0
1,0.054,13,360.38548504048094,0.0,100.0,579.0,70.61718854178697,13.96250773860829,1458.0,249.98030810193075,53.78796418810623,226.0,37.658750173283664,7.987176343668351,11.0,1.0999999999999999,0.11000000000000004,83.0,0.7622892567075902,0.008251886145404671
2,0.0,9,360.12861460201435,100.0,0.0,566.0,66.93255619864298,13.357727773195291,1362.0,231.87578364502292,50.471982976528224,351.0,61.258191854277115,13.364062989287447,0.0,0.0,0.0,0.0,0.0,0.0
3,0.054,10,360.06485619318863,100.0,100.0,568.0,69.11898422706494,13.5729126621953,1469.0,246.19544199958895,51.93356938099945,256.0,42.85768991049413,9.042047284597322,13.0,1.3,0.13000000000000006,90.0,0.5651800125633866,0.003879458161865572
4,0.054,4,360.1017196744974,200.0,0.0,561.0,71.6828871141068,15.103930170307946,1260.0,213.77893190408298,45.83165125889576,434.0,73.3623535605281,15.368570581286074,8.0,0.7999999999999999,0.08000000000000002,70.0,0.44028586692405014,0.003086419753086422
5,0.054,10,360.379064729104,200.0,100.0,565.0,69.55627811180817,13.958178953236985,1523.0,264.11624486585794,57.88930437753349,152.0,24.4237788881939,4.885221836996158,14.0,1.4000000000000001,0.14000000000000007,80.0,0.5057282878227143,0.0035365226337448577
6,0.054,11,359.9951434123755,300.0,0.0,569.0,68.04153702973848,14.40834455811144,1453.0,247.07462586515007,52.86153953673154,242.0,42.75550116077726,9.416328734679345,15.0,1.5000000000000002,0.15000000000000008,86.0,0.7681235516791821,0.008101851851851855
7,0.054,11,360.35795348258995,300.0,100.0,558.0,70.36254930002657,15.20653952240451,1358.0,227.2336697142434,47.83735969093492,349.0,60.846022478259826,13.436151115408816,9.0,0.8999999999999999,0.09000000000000002,71.0,0.65820137348374,0.007073045267489718
