id,probability_maraud,successful_mating,next_foraging_time,x_pos,y_pos,foraging_events,foraging_hrs,foraging_sqhrs,staying_events,staying_hrs,staying_sqhrs,repairing_events,repairing_hrs,repairing_sqhrs,marauding_events,marauding_hrs,marauding_sqhrs,traveling_events,traveling_hrs,traveling_sqhrs
0,0.0,9,360.19901623974204,0.0,0.0,560.0,72.83248732283577,16.012591543862154,1309.0,225.9015036087122,49.52720932500738,368.0,61.41397425220324,12.962064672882363,0.0,0.0,0.0,0.0,0.0,0.0
1,0.054,12,360.28269841478897,0.0,100.0,560.0,70.64182118343055,15.593047689782068,1341.0,230.82425153439937,50.00506740787497,314.0,57.255532911300854,12.907123288020669,10.0,0.9999999999999999,0.10000000000000003,57.0,0.5361785315110282,0.006065672153635121
2,0.054,10,360.15282935747393,100.0,0.0,572.0,67.9793503474011,13.562645228255464,1361.0,223.08273882214195,46.68861454254805,407.0,67.06034435907543,13.963004536395088,16.0,1.6000000000000003,0.1600000000000001,72.0,0.449605984605712,0.003086419753086421
3,0.054,7,360.0885286869778,100.0,100.0,555.0,74.62201607964515,16.823328991954444,1402.0,231.51359147888311,48.38736302759519,310.0,51.77996987602526,10.86583204811472,15.0,1.5000000000000002,0.15000000000000008,91.0,0.5983614684349603,0.004372427983539097
4,0.054,6,360.2451976823077,200.0,0.0,554.0,73.58735082048123,16.135815069601048,1308.0,224.29910378708232,48.46792822374634,379.0,61.10394874099926,12.499138113430984,5.0,0.5,0.05000000000000001,78.0,0.5577268506491306,0.004415294924554187
5,0.054,12,360.36912759481294,200.0,100.0,571.0,73.15680262337919,16.134720978121592,1455.0,247.98033031577074,53.45008449540994,213.0,36.59343535178362,7.723105229921769,18.0,1.8000000000000005,0.1800000000000001,86.0,0.5542103987254903,0.00396519204389575
6,0.054,7,360.2508908141036,300.0,0.0,559.0,75.02878728066413,16.567673105260717,1247.0,210.81635928833288,45.75749315709457,425.0,72.70336124080713,15.945541109072408,9.0,0.8999999999999999,0.09000000000000002,76.0,0.645638383933187,0.006515775034293558
7,0.0,9,360.79219697627707,300.0,100.0,553.0,69.83062000518228,14.145134527153244,1555.0,259.9152877943756,55.19685831391609,186.0,30.427890040360968,6.259510271575574,0.0,0.0,0.0,0.0,0.0,0.0
