id,probability_maraud,successful_mating,next_foraging_time,x_pos,y_pos,foraging_events,foraging_hrs,foraging_sqhrs,staying_events,staying_hrs,staying_sqhrs,repairing_events,repairing_hrs,repairing_sqhrs,marauding_events,marauding_hrs,marauding_sqhrs,traveling_events,traveling_hrs,traveling_sqhrs
0,0.054,9,360.36126275161035,0.0,0.0,549.0,75.27460266981026,17.774784039690086,1316.0,227.9987722197352,49.27711181418517,327.0,55.070987982713795,11.988894342702906,12.0,1.2,0.12000000000000005,65.0,0.5636255291085622,0.005851337448559676
1,0.054,7,360.8095417293807,0.0,100.0,554.0,75.0351001909722,16.872534076547844,1341.0,227.2484275689974,49.07726097040941,335.0,55.624142803875145,11.924302276798956,14.0,1.4000000000000001,0.14000000000000007,89.0,0.79393819528891,0.008401920438957483
2,0.0,8,360.362634180388,100.0,0.0,570.0,67.90326643064867,13.32280078009549,1264.0,212.63063402973648,45.2277797269418,461.0,79.58929063008209,17.29591103276917,0.0,0.0,0.0,0.0,0.0,0.0
3,0.054,17,360.14426036469666,100.0,100.0,552.0,69.54366127760449,14.342198347355332,1392.0,234.25477022366323,50.18547932855671,338.0,54.870843083685756,11.410570322037293,9.0,0.8999999999999999,0.09000000000000002,82.0,0.526103603300187,0.0037722908093278484
4,0.054,7,360.1961898620531,200.0,0.0,555.0,70.98310640206972,14.692057851298724,1318.0,226.50376123615519,49.25346808255364,365.0,60.62049743206379,12.622115470392954,16.0,1.6000000000000003,0.1600000000000001,79.0,0.4872300397069452,0.0032578875171467778
5,0.054,11,360.2611283814611,200.0,100.0,560.0,66.89484560878978,12.739536593813986,1386.0,231.4917307930178,49.07015641323465,351.0,60.036884455841154,13.237023851017387,13.0,1.3,0.13000000000000006,80.0,0.5000666093122476,0.0034079218106995886
6,0.0,7,359.75108863473264,300.0,0.0,554.0,72.77563777711171,16.379210313955284,1308.0,222.86104798128596,48.13666543122798,375.0,64.3692552474075,13.962795722017269,0.0,0.0,0.0,0.0,0.0,0.0
7,0.054,6,360.5505365649002,300.0,100.0,573.0,73.58039803246474,15.367889108220131,1302.0,222.86554829733484,48.04687576660737,370.0,60.97861221006529,12.889881551472985,18.0,1.8000000000000005,0.1800000000000001,95.0,0.8288252677602951,0.008423353909465026
