id,probability_maraud,successful_mating,next_foraging_time,x_pos,y_pos,foraging_events,foraging_hrs,foraging_sqhrs,staying_events,staying_hrs,staying_sqhrs,repairing_events,repairing_hrs,repairing_sqhrs,marauding_events,marauding_hrs,marauding_sqhrs,traveling_events,traveling_hrs,traveling_sqhrs
0,0.0,6,360.63421542299943,0.0,0.0,571.0,68.94933515079047,14.515759315278181,1382.0,238.73186335219916,52.33250668223282,323.0,52.63527702661856,10.823898455174124,0.0,0.0,0.0,0.0,0.0,0.0
1,0.054,12,360.13576226957474,0.0,100.0,566.0,70.63044317420078,15.073057210423457,1343.0,229.2254405845899,49.05883844972634,330.0,58.398534130506526,13.039904029243306,13.0,1.3,0.13000000000000006,72.0,0.624953838362506,0.006472908093278469
2,0.054,8,359.99134990187866,100.0,0.0,567.0,72.83851865604811,15.102788716364472,1443.0,242.92428549775912,51.644039902242255,249.0,42.54472523465237,9.26726425981825,12.0,1.2,0.12000000000000005,83.0,0.5403215098366012,0.003900891632373115
3,0.054,11,360.15674351113387,100.0,100.0,568.0,70.37865638365882,15.351107155367206,1443.0,251.19691123917107,55.71040449547663,211.0,36.83108413140822,8.0982071719042,12.0,1.2,0.12000000000000005,76.0,0.527824116687276,0.0040294924554183835
4,0.054,8,360.699397271734,200.0,0.0,573.0,73.65760330368651,15.585324146367144,1476.0,248.02976055059943,53.26341449444014,217.0,36.81793738822334,7.7790889006262915,13.0,1.3,0.13000000000000006,75.0,0.4948195324072206,0.0036222565157750363
5,0.0,6,360.15454251366407,200.0,100.0,572.0,67.89095890773858,12.695864488059367,1204.0,200.68262464279505,42.9878923877926,549.0,91.52075552862084,19.273665848710724,0.0,0.0,0.0,0.0,0.0,0.0
6,0.054,9,359.78591653491696,300.0,0.0,557.0,70.88732101968544,14.960960678392894,1355.0,232.02156090369633,50.601674826784496,322.0,54.95564546126708,11.698303010323826,15.0,1.5000000000000002,0.15000000000000008,79.0,0.6674230201694524,0.006730109739369006
7,0.054,12,360.14207397037706,300.0,100.0,570.0,73.51874944104502,14.847510237619641,1284.0,217.71782529006143,46.261663715148444,405.0,67.31042230808272,14.124602616374283,9.0,0.8999999999999999,0.09000000000000002,78.0,0.6993193175105584,0.007351680384087797
