id,probability_maraud,successful_mating,next_foraging_time,x_pos,y_pos,foraging_events,foraging_hrs,foraging_sqhrs,staying_events,staying_hrs,staying_sqhrs,repairing_events,repairing_hrs,repairing_sqhrs,marauding_events,marauding_hrs,marauding_sqhrs,traveling_events,traveling_hrs,traveling_sqhrs
0,0.054,9,360.0257245277988,0.0,0.0,556.0,67.72321491016253,13.867133838415223,1565.0,265.4400398640141,57.41796854917647,155.0,24.482413348176408,5.059958856194546,15.0,1.5000000000000002,0.15000000000000008,95.0,0.9007284240151673,0.009666495198902617
1,0.054,4,360.0033344828463,0.0,100.0,558.0,68.96157247337015,14.647826988036904,1476.0,252.43236602411307,54.52099373389972,209.0,36.60709592353816,7.777565926856257,12.0,1.2,0.12000000000000005,96.0,0.8068123774677589,0.008080418381344316
2,0.054,7,360.17586503599773,100.0,0.0,549.0,71.31867404064718,16.095791532984226,1334.0,222.98505115234104,47.250058884534674,371.0,63.502137537041364,13.829802718336158,18.0,1.8000000000000005,0.1800000000000001,80.0,0.5373211059604567,0.004029492455418384
3,0.054,13,359.9608212246369,100.0,100.0,557.0,70.86133821507721,15.198942291438149,1344.0,221.14051496896295,46.990505120768155,383.0,66.95391340177618,14.961873594272383,6.0,0.6,0.06000000000000001,72.0,0.4629382846416064,0.003300754458161867
4,0.054,8,359.9709139323724,200.0,0.0,556.0,71.78774688229026,15.166685986037777,1379.0,237.16217720156604,51.38475075999737,281.0,48.959840044844114,10.604099049474419,17.0,1.7000000000000004,0.1700000000000001,61.0,0.39048327751256523,0.0027649176954732523
5,0.0,9,359.87811966987044,200.0,100.0,567.0,68.0870889158727,13.358204972657092,1261.0,218.88629877492394,47.571602906563,428.0,73.22675900332221,15.672610616140688,0.0,0.0,0.0,0.0,0.0,0.0
6,0.0,11,359.9535469399939,300.0,0.0,584.0,74.0216285716357,15.735382644972441,1251.0,212.4573770213193,45.94252546964901,460.0,73.61326229499137,14.912771742470461,0.0,0.0,0.0,0.0,0.0,0.0
7,0.054,11,360.569893944471,300.0,100.0,562.0,71.81972346580058,15.501157529230522,1187.0,206.78336249090847,44.89874915639247,471.0,79.77952830866234,17.091860386262788,10.0,0.9999999999999999,0.10000000000000003,76.0,0.6367685178954238,0.006387174211248293
