id,probability_maraud,successful_mating,next_foraging_time,x_pos,y_pos,foraging_events,foraging_hrs,foraging_sqhrs,staying_events,staying_hrs,staying_sqhrs,repairing_events,repairing_hrs,repairing_sqhrs,marauding_events,marauding_hrs,marauding_sqhrs,traveling_events,traveling_hrs,traveling_sqhrs
0,0.054,10,360.1982485650577,0.0,0.0,571.0,70.15449107251045,14.947175797054992,1292.0,220.60592854138028,47.82566764428761,408.0,67.13652104577184,14.300766094829335,15.0,1.5000000000000002,0.15000000000000008,71.0,0.622907082771629,0.006622942386831282
1,0.054,9,360.0259780393471,0.0,100.0,579.0,71.27949033026303,15.593613177854545,1375.0,237.55769737065282,51.10743428712539,300.0,48.51882271712409,9.84268753930405,17.0,1.7000000000000004,0.1700000000000001,103.0,0.9701949013950796,0.01063100137174212
2,0.054,4,360.08520179013783,100.0,0.0,555.0,70.25080662671128,14.96626016160661,1194.0,202.58289068545278,43.646486375528205,508.0,85.21827271970413,17.984118139192894,17.0,1.7000000000000004,0.1700000000000001,73.0,0.504903539744597,0.00383659122085048
3,0.0,13,359.8971174992614,100.0,100.0,559.0,67.4762799030734,13.387773980066012,1503.0,249.8588642270513,53.42045061433444,247.0,42.70200782126262,9.214778763000268,0.0,0.0,0.0,0.0,0.0,0.0
4,0.0,9,360.4961617200271,200.0,0.0,562.0,68.22607818440187,13.773545639475836,1380.0,230.9492382027282,48.9834337978637,350.0,60.87943033158953,13.083043801501766,0.0,0.0,0.0,0.0,0.0,0.0
5,0.054,7,360.1087048322357,200.0,100.0,562.0,69.71313433937323,14.739764314812108,1456.0,246.11870252534763,52.6266577513896,248.0,42.7413478237217,9.38672979367722,11.0,1.0999999999999999,0.11000000000000004,59.0,0.37523332209531374,0.0026148834019204393
6,0.054,12,360.10442765013795,300.0,0.0,574.0,73.28148604238719,16.11613495117474,1297.0,217.7911790749031,47.06465050588857,395.0,67.27836583172969,14.563606928990186,12.0,1.2,0.12000000000000005,67.0,0.5636685625117355,0.005679869684499318
7,0.054,8,360.1411615985573,300.0,100.0,567.0,74.15975120337785,15.98956590938571,1336.0,226.59881425353396,48.51620801196985,351.0,58.034569866149816,12.233688539836297,6.0,0.6,0.06000000000000001,71.0,0.644924711042991,0.006923010973936905
