id,probability_maraud,successful_mating,next_foraging_time,x_pos,y_pos,foraging_events,foraging_hrs,foraging_sqhrs,staying_events,staying_hrs,staying_sqhrs,repairing_events,repairing_hrs,repairing_sqhrs,marauding_events,marauding_hrs,marauding_sqhrs,traveling_events,traveling_hrs,traveling_sqhrs
0,0.054,12,360.5877158602557,0.0,0.0,566.0,69.65344799110154,14.017748242812424,1410.0,238.17950993370883,51.277730482360916,305.0,50.67101207234387,10.953916698580286,8.0,0.7999999999999999,0.08000000000000002,82.0,0.7518314357867963,0.008037551440329225
1,0.0,6,360.32296582352853,0.0,100.0,558.0,69.8629408831531,14.318514728431822,1593.0,265.65785168434496,55.72943851315824,135.0,24.5025779663986,5.538273005365693,0.0,0.0,0.0,0.0,0.0,0.0
2,0.054,9,360.30670783539864,100.0,0.0,569.0,69.00431247760729,14.449990286679416,1380.0,234.04696572125056,50.19444733704435,321.0,55.90983445692481,12.305470784145237,7.0,0.7,0.07,76.0,0.5070589251398752,0.0037722908093278463
3,0.054,6,360.0369546489999,100.0,100.0,564.0,71.52678020149224,15.176368141739195,1397.0,237.97654952073972,50.626536090571165,278.0,48.71085400418077,10.404544338116851,14.0,1.4000000000000001,0.14000000000000007,76.0,0.5081416736346628,0.003750857338820303
4,0.054,12,360.09102727422913,200.0,0.0,549.0,70.8805088493527,15.082258328228463,1450.0,251.19499085108765,54.808048158557106,210.0,36.40724577032633,7.878533606483332,11.0,1.0999999999999999,0.11000000000000004,85.0,0.5751828910756109,0.004329561042524009
5,0.0,12,359.9406521894498,200.0,100.0,558.0,72.263066033542,15.325394871436185,1240.0,209.78739229017808,45.495256757062364,452.0,78.18699834745426,17.14341991926034,0.0,0.0,0.0,0.0,0.0,0.0
6,0.054,5,360.2490528296708,300.0,0.0,566.0,67.22923492004054,13.627336168970116,1296.0,218.14806729285738,46.78619510269675,461.0,73.11001499808074,15.097531096429464,11.0,1.0999999999999999,0.11000000000000004,69.0,0.5934780463048983,0.0059585048010973975
7,0.054,10,360.1710084952715,300.0,100.0,554.0,72.47037607380204,16.02642956610934,1501.0,254.87800936651175,55.389295054073166,182.0,30.568540968411963,6.655955999252422,15.0,1.5000000000000002,0.15000000000000008,92.0,0.8378891475580055,0.00885202331961592
