id,probability_maraud,successful_mating,next_foraging_time,x_pos,y_pos,foraging_events,foraging_hrs,foraging_sqhrs,staying_events,staying_hrs,staying_sqhrs,repairing_events,repairing_hrs,repairing_sqhrs,marauding_events,marauding_hrs,marauding_sqhrs,traveling_events,traveling_hrs,traveling_sqhrs
0,0.0,10,360.3847044991357,0.0,0.0,560.0,69.58925124795584,15.361725804411401,1400.0,241.8053776715689,52.210270390806215,270.0,48.6510500705136,11.124842427249648,0.0,0.0,0.0,0.0,0.0,0.0
1,0.054,8,360.2625730822905,0.0,100.0,561.0,69.3047185570367,14.2722354665043,1321.0,221.7642204786497,47.75165631110234,402.0,67.2300675883787,14.25931364538531,11.0,1.0999999999999999,0.11000000000000004,69.0,0.6357795024177597,0.0067086762688614585
2,0.054,9,360.38922352604254,100.0,0.0,565.0,67.94263367321277,14.412688216868776,1326.0,229.3199673839405,50.14271289672112,383.0,61.00593567693573,12.857464476724248,15.0,1.5000000000000002,0.15000000000000008,76.0,0.5032844727995642,0.0036865569272976698
3,0.054,11,360.19539149848396,100.0,100.0,564.0,71.3993166105275,15.622592861095157,1503.0,250.62936095829986,53.44304000041902,212.0,36.45588963205385,7.702436766904466,11.0,1.0999999999999999,0.11000000000000004,86.0,0.5327421759447778,0.0036222565157750363
4,0.054,7,359.9400638731442,200.0,0.0,571.0,70.31592676360151,13.650828177848823,1404.0,239.0977629656055,51.17270181479173,288.0,48.95519587591419,10.705160521074315,13.0,1.3,0.13000000000000006,68.0,0.45668958806694376,0.0033864883401920447
5,0.054,10,360.09298546271566,200.0,100.0,558.0,70.33013668165152,14.870383744436232,1317.0,221.2716681092935,46.99533908529647,406.0,66.89403616835654,14.046051985375128,11.0,1.0999999999999999,0.11000000000000004,75.0,0.5193287470837311,0.003986625514403294
6,0.054,6,360.07191509292625,300.0,0.0,566.0,68.65881161802129,13.094481010576748,1409.0,240.74790641507568,51.63043067269333,302.0,49.00034414970786,10.17991356209142,10.0,0.9999999999999999,0.10000000000000003,68.0,0.6418837191471927,0.007158779149519895
7,0.0,11,360.44198888430117,300.0,100.0,558.0,72.38763733973595,15.893615624522328,1390.0,232.99865877440553,49.69326596874835,307.0,54.780218124583364,12.129388986921851,0.0,0.0,0.0,0.0,0.0,0.0
