id,probability_maraud,successful_mating,next_foraging_time,x_pos,y_pos,foraging_events,foraging_hrs,foraging_sqhrs,staying_events,staying_hrs,staying_sqhrs,repairing_events,repairing_hrs,repairing_sqhrs,marauding_events,marauding_hrs,marauding_sqhrs,traveling_events,traveling_hrs,traveling_sqhrs
0,0.054,8,360.5532682759142,0.0,0.0,567.0,69.85970592194636,14.56314011836364,1524.0,258.12462011166923,55.63926061346367,178.0,30.506684588173282,6.6953273796689965,9.0,0.8999999999999999,0.09000000000000002,78.0,0.7682571898651578,0.008637688614540468
1,0.0,5,359.9423746880278,0.0,100.0,574.0,67.53458391717521,13.602328408866784,1334.0,230.58908836232314,50.84962654831827,359.0,62.02713226662276,13.155402811096172,0.0,0.0,0.0,0.0,0.0,0.0
2,0.054,14,359.9834596980891,100.0,0.0,576.0,67.35220044074383,12.60264389015038,1303.0,218.1854662672693,46.24386275461439,431.0,73.43097494739878,15.98413800253339,6.0,0.6,0.06000000000000001,68.0,0.44088304379669796,0.0031721536351165987
3,0.054,6,360.3689126959608,100.0,100.0,557.0,72.51201067720339,16.292692210619453,1409.0,236.86622805689464,50.49926490680701,293.0,48.909757055829374,10.302641321932764,12.0,1.2,0.12000000000000005,87.0,0.5312898217828113,0.003600823045267493
4,0.054,12,359.984950393274,200.0,0.0,566.0,71.2652106316554,14.438202229975829,1429.0,250.6892352355345,54.801116448770976,223.0,36.42509720797629,7.389034707732766,12.0,1.2,0.12000000000000005,82.0,0.5531276502307024,0.004158093278463651
5,0.054,8,360.165832753221,200.0,100.0,564.0,72.04059108586992,15.596864507806334,1426.0,243.38681048864825,52.75842265042502,256.0,42.44598058905124,9.339547955809277,17.0,1.7000000000000004,0.1700000000000001,77.0,0.5259368905171203,0.003943758573388204
6,0.054,14,359.98558058155186,300.0,0.0,562.0,70.66243107676615,15.229076129773578,1366.0,231.75134094998592,49.56961698655523,321.0,55.74725083742394,12.28359849547371,13.0,1.3,0.13000000000000006,77.0,0.674180051366679,0.006944444444444449
7,0.0,5,360.1326856650074,300.0,100.0,578.0,69.90270842948125,13.3019932589616,1403.0,228.80781384358968,47.08059394725728,344.0,61.35088755380048,13.832573685311175,0.0,0.0,0.0,0.0,0.0,0.0
