id,probability_maraud,successful_mating,next_foraging_time,x_pos,y_pos,foraging_events,foraging_hrs,foraging_sqhrs,staying_events,staying_hrs,staying_sqhrs,repairing_events,repairing_hrs,repairing_sqhrs,marauding_events,marauding_hrs,marauding_sqhrs,traveling_events,traveling_hrs,traveling_sqhrs
0,0.0,8,360.5107744547261,0.0,0.0,561.0,72.20609551376948,15.087518420337515,1366.0,232.57384896776642,50.50165609433043,336.0,55.264505440314316,11.691872011553926,0.0,0.0,0.0,0.0,0.0,0.0
1,0.054,9,359.92535072487607,0.0,100.0,581.0,71.45202141161631,14.795387999789392,1368.0,231.81427794220684,50.16705051985927,334.0,54.84137029041088,11.342242856382686,11.0,1.0999999999999999,0.11000000000000004,96.0,0.8375757095485588,0.008444787379972571
2,0.0,11,360.1985595027554,100.0,0.0,562.0,71.14790969454744,16.338327233392846,1208.0,197.7003426958328,41.54579579353066,540.0,91.46741218049851,19.65984847993858,0.0,0.0,0.0,0.0,0.0,0.0
3,0.054,10,360.0965747671708,100.0,100.0,562.0,71.35302370491256,14.820636785611752,1449.0,244.37190633423566,52.68757033207639,245.0,42.65540036461821,9.595984388897712,12.0,1.2,0.12000000000000005,87.0,0.5684587344731059,0.004072359396433472
4,0.054,5,360.4020193392044,200.0,0.0,559.0,73.26957815724636,15.74473771214413,1314.0,217.5237712271356,45.287809861457426,401.0,67.30580595398547,14.586473511659463,14.0,1.4000000000000001,0.14000000000000007,87.0,0.5591994752138466,0.003943758573388205
5,0.054,11,359.86671211737234,200.0,100.0,569.0,68.51966730040154,14.00401600289077,1388.0,234.16387159744176,50.4985477099009,307.0,55.202023799915125,12.306325923701985,18.0,1.8000000000000005,0.1800000000000001,74.0,0.47444421692974786,0.003343621399176955
6,0.054,11,360.50095552797853,300.0,0.0,555.0,66.13473430174929,13.307551876349395,1355.0,230.73004596355702,49.901125467932204,347.0,61.19034613797243,13.483919041661398,13.0,1.3,0.13000000000000006,82.0,0.6748405320452497,0.006622942386831282
7,0.054,7,360.1521678261304,300.0,100.0,567.0,73.31348992971293,15.563530806170718,1419.0,236.0723947752175,50.732724943903285,296.0,48.807649609094945,10.482115837317547,11.0,1.0999999999999999,0.11000000000000004,80.0,0.7543683009762691,0.00848765432098766
