id,probability_maraud,successful_mating,next_foraging_time,x_pos,y_pos,foraging_events,foraging_hrs,foraging_sqhrs,staying_events,staying_hrs,staying_sqhrs,repairing_events,repairing_hrs,repairing_sqhrs,marauding_events,marauding_hrs,marauding_sqhrs,traveling_events,traveling_hrs,traveling_sqhrs
0,0.0,9,360.4059362215241,0.0,0.0,564.0,71.6308313234737,15.165015439130334,1373.0,233.53796670860652,51.17185975675537,315.0,54.841139606671874,12.051932428383303,0.0,0.0,0.0,0.0,0.0,0.0
1,0.054,7,360.2627984741748,0.0,100.0,576.0,71.41242718720635,14.71965759895804,1471.0,249.89798089065343,53.15507314877365,223.0,36.81023930118381,7.650033393948722,12.0,1.2,0.12000000000000005,89.0,0.8184724183469951,0.008659122085048019
2,0.054,9,360.4379198654946,100.0,0.0,573.0,72.04033347591414,14.712454543783346,1339.0,225.8051504108869,48.4528571883947,351.0,60.67999801165148,13.279531156708005,12.0,1.2,0.12000000000000005,65.0,0.4002382672024162,0.0027434842249657067
3,0.054,11,360.46610095241834,100.0,100.0,566.0,76.83051666437215,17.798793441964875,1272.0,214.481699710582,45.64964215260973,398.0,67.40616781720173,14.312450159978166,10.0,0.9999999999999999,0.10000000000000003,63.0,0.42020913988290126,0.0030649862825788752
4,0.054,10,360.32551195350595,200.0,0.0,577.0,71.90692925622629,14.606889859479214,1400.0,237.35424577890353,50.832992006668,287.0,49.07818431707682,10.661368398023557,13.0,1.3,0.13000000000000006,75.0,0.4646486392202435,0.0031292866941015096
5,0.054,5,360.38563819662534,200.0,100.0,574.0,69.66807062218155,13.806241196312303,1259.0,215.01814126341284,45.84894345485607,440.0,73.29825885540176,15.760364115839776,16.0,1.6000000000000003,0.1600000000000001,80.0,0.5504359463851789,0.004136659807956105
6,0.054,14,360.41434964855307,300.0,0.0,564.0,69.93517296664761,15.29421453715208,1499.0,251.97230658535423,53.08528295944638,214.0,36.81941558573073,7.901682426384849,6.0,0.6,0.06000000000000001,85.0,0.7517782435751713,0.007823216735253777
7,0.0,7,359.9953080176809,300.0,100.0,567.0,70.49869827838278,15.26463262509577,1451.0,246.85093290622154,53.41552031962899,263.0,42.87549247216678,8.844712297627382,0.0,0.0,0.0,0.0,0.0,0.0
