id,probability_maraud,successful_mating,next_foraging_time,x_pos,y_pos,foraging_events,foraging_hrs,foraging_sqhrs,staying_events,staying_hrs,staying_sqhrs,repairing_events,repairing_hrs,repairing_sqhrs,marauding_events,marauding_hrs,marauding_sqhrs,traveling_events,traveling_hrs,traveling_sqhrs
0,0.054,15,360.2747899078653,0.0,0.0,559.0,69.09768449350007,13.910177612955593,1476.0,251.90011920823372,53.88993813242638,217.0,37.01022441060629,7.9635065009028905,13.0,1.3,0.13000000000000006,85.0,0.7582216367605812,0.007994684499314134
1,0.0,8,359.78920098018705,0.0,100.0,548.0,64.83914677183019,12.916769991828508,1383.0,234.3670381081646,50.43100999456711,355.0,60.88109430838194,13.005944230922607,0.0,0.0,0.0,0.0,0.0,0.0
2,0.0,9,360.1534956476336,100.0,0.0,567.0,69.95399169701571,14.798343970339358,1273.0,216.56285033675212,46.65614923664194,434.0,73.57436405289236,15.561696274847773,0.0,0.0,0.0,0.0,0.0,0.0
3,0.054,6,360.51806013051436,100.0,100.0,555.0,71.1067705873984,14.71012004931563,1279.0,219.78132513085134,47.337724906343254,403.0,67.52556581916187,14.101480567329917,13.0,1.3,0.13000000000000006,66.0,0.4155795102532715,0.0028720850480109736
4,0.054,9,359.9582244479671,200.0,0.0,579.0,73.17281860021086,16.121498393875765,1336.0,224.11493434937566,47.572418427843175,385.0,60.97023640869996,12.37741604215791,13.0,1.3,0.13000000000000006,93.0,0.595143604947644,0.004179526748971195
5,0.054,12,360.18844350261656,200.0,100.0,575.0,70.10851111473268,13.656277752677754,1338.0,220.08259683581375,46.21995478024544,392.0,67.95289177578228,14.659892552442377,13.0,1.3,0.13000000000000006,94.0,0.5667990795084196,0.00372942386831276
6,0.054,8,360.06676603397733,300.0,0.0,574.0,69.93018147399036,14.154065581342703,1304.0,218.84400975732623,46.95426720954406,392.0,69.18028353428319,15.04326079117693,15.0,1.5000000000000002,0.15000000000000008,91.0,0.7320127091623186,0.007008744855967086
7,0.054,5,360.1453272838087,300.0,100.0,572.0,72.43591946347566,14.938017726060563,1439.0,239.8969100501399,50.46137888259315,269.0,45.93722690679656,9.762857284310787,13.0,1.3,0.13000000000000006,74.0,0.6120341773969635,0.006087105624142667
