id,probability_maraud,successful_mating,next_foraging_time,x_pos,y_pos,foraging_events,foraging_hrs,foraging_sqhrs,staying_events,staying_hrs,staying_sqhrs,repairing_events,repairing_hrs,repairing_sqhrs,marauding_events,marauding_hrs,marauding_sqhrs,traveling_events,traveling_hrs,traveling_sqhrs
0,0.054,8,360.0802378064601,0.0,0.0,566.0,64.72485260172135,12.627096016095328,1403.0,238.61809284457806,51.158895662407076,332.0,54.967554971754986,11.480706696361484,10.0,0.9999999999999999,0.10000000000000003,78.0,0.7126741805445082,0.007566015089163244
1,0.054,9,359.97508217706445,0.0,100.0,582.0,72.45341318527142,15.453148959817222,1420.0,238.63010975216375,50.51758744644589,272.0,47.76299460013239,10.354490059885533,5.0,0.5,0.05000000000000001,82.0,0.6837581694650118,0.006751543209876548
2,0.0,7,359.9834463243186,100.0,0.0,571.0,67.99228260230038,13.794099002358228,1539.0,255.3051395442682,53.97059189671785,219.0,36.82782485419644,7.534627809155569,0.0,0.0,0.0,0.0,0.0,0.0
3,0.054,13,359.912535679024,100.0,100.0,557.0,70.47974110579094,14.404176150926656,1483.0,244.67096356041154,51.556109898754016,242.0,42.954946435645915,9.62090686186929,13.0,1.3,0.13000000000000006,92.0,0.6229619707450752,0.004629629629629635
4,0.0,13,360.2222035365614,200.0,0.0,568.0,70.32220516829665,14.241439451420355,1406.0,240.59172983197163,51.87118016713844,280.0,49.12467782364718,10.703344114801121,0.0,0.0,0.0,0.0,0.0,0.0
5,0.054,9,360.5719322053336,200.0,100.0,574.0,69.75226049523599,13.778132325590258,1305.0,222.18184212782157,48.08328524425542,391.0,67.20858725831593,14.508050335954588,8.0,0.7999999999999999,0.08000000000000002,70.0,0.4599581511682109,0.003322187928669411
6,0.054,8,360.46241491460216,300.0,0.0,568.0,75.03465494127485,16.666305586601002,1419.0,240.43276571707835,51.004722210985854,248.0,41.91215980337056,9.154072817682222,19.0,1.9000000000000006,0.1900000000000001,86.0,0.748656605702653,0.007673182441700967
7,0.054,5,360.56873646384827,300.0,100.0,568.0,73.81105423405972,15.238615649360966,1288.0,217.10744435027365,46.93740171747783,392.0,67.30451777193048,14.7527459208617,12.0,1.2,0.12000000000000005,81.0,0.6967159730666874,0.0070944787379972635
