id,probability_maraud,successful_mating,next_foraging_time,x_pos,y_pos,foraging_events,foraging_hrs,foraging_sqhrs,staying_events,staying_hrs,staying_sqhrs,repairing_events,repairing_hrs,repairing_sqhrs,marauding_events,marauding_hrs,marauding_sqhrs,traveling_events,traveling_hrs,traveling_sqhrs
0,0.054,8,360.5124939729647,0.0,0.0,568.0,71.94735399926624,14.311755735005812,1351.0,225.81869137979498,48.11565294410075,369.0,60.97304712837292,12.855649854375242,10.0,0.9999999999999999,0.10000000000000003,64.0,0.5915089612446346,0.006515775034293558
1,0.054,7,359.9690364080455,0.0,100.0,567.0,72.37178093752188,15.89991989427777,1357.0,224.35228192404549,47.05026258858925,367.0,61.100256461477834,13.08501472506574,17.0,1.7000000000000004,0.1700000000000001,75.0,0.66680083491523,0.006837277091906726
2,0.054,8,360.56895464466675,100.0,0.0,568.0,71.608868270452,14.584046629934829,1324.0,231.65891807251506,50.465238714649516,325.0,54.69390127570027,11.849474009417946,15.0,1.5000000000000002,0.15000000000000008,85.0,0.5665512379002011,0.004179526748971197
3,0.0,10,360.20011597799095,100.0,100.0,564.0,69.87629879980315,14.629956419820836,1270.0,216.66255130775116,46.71810284851998,447.0,73.5082475531309,15.21596713819179,0.0,0.0,0.0,0.0,0.0,0.0
4,0.0,11,359.88492076490604,200.0,0.0,553.0,72.88565624017778,16.902488981441337,1198.0,208.17494638218787,45.65682601154941,463.0,79.02286366490587,17.049942790965506,0.0,0.0,0.0,0.0,0.0,0.0
5,0.054,6,360.8423658611396,200.0,100.0,565.0,71.60645795032437,15.651009167282183,1252.0,213.7956438009628,45.93139011877612,446.0,73.28191922729151,15.256226821760178,11.0,1.0999999999999999,0.11000000000000004,68.0,0.4520599584373141,0.003322187928669411
6,0.054,11,360.2943490805529,300.0,0.0,568.0,69.69392606646655,14.015660153888224,1456.0,239.1572596443461,49.332061448852045,286.0,49.154049910427744,10.50653720242006,14.0,1.4000000000000001,0.14000000000000007,82.0,0.7306385555935517,0.007737482853223601
7,0.054,11,360.05063848253684,300.0,100.0,570.0,70.1495391627805,14.523864303826205,1491.0,255.27740462812528,54.979477419883686,187.0,32.469100895340574,7.241909867744089,13.0,1.3,0.13000000000000006,106.0,0.9426202165037836,0.00979509602194788
