id,probability_maraud,successful_mating,next_foraging_time,x_pos,y_pos,foraging_events,foraging_hrs,foraging_sqhrs,staying_events,staying_hrs,staying_sqhrs,repairing_events,repairing_hrs,repairing_sqhrs,marauding_events,marauding_hrs,marauding_sqhrs,traveling_events,traveling_hrs,traveling_sqhrs
0,0.054,8,360.31185396583425,0.0,0.0,572.0,71.753759551747,15.456105804555802,1438.0,241.52610108660173,51.175312206904394,265.0,45.01023832607415,9.663591326672591,12.0,1.2,0.12000000000000005,67.0,0.5589958994789328,0.005658436213991774
1,0.054,7,360.4828477252723,0.0,100.0,568.0,68.24774285538379,13.73046324736215,1446.0,241.5191969779009,51.590727629299465,277.0,49.078939982845405,11.043224714368128,8.0,0.7999999999999999,0.08000000000000002,80.0,0.6996053017549108,0.0072445130315500735
2,0.054,9,360.38615965532586,100.0,0.0,572.0,68.00596471105398,13.400187247710775,1420.0,242.15682332571294,51.752786027835434,290.0,48.66687653801752,10.17365409724922,9.0,0.8999999999999999,0.09000000000000002,79.0,0.51250314403917,0.003665123456790125
3,0.0,9,359.9469164238465,100.0,100.0,566.0,69.38891590773585,13.786155364217215,1466.0,245.78134146311496,52.15297777749123,264.0,44.92644812554277,9.835938203633594,0.0,0.0,0.0,0.0,0.0,0.0
4,0.054,11,360.52844608403785,200.0,0.0,557.0,70.22821106667155,14.295700105149262,1482.0,251.78223647652632,54.32164773750545,214.0,36.264740596414335,8.005595933673057,14.0,1.4000000000000001,0.14000000000000007,76.0,0.4680940739130292,0.0031935871056241434
5,0.0,12,359.92406337937126,200.0,100.0,571.0,69.64289491107357,14.188190346158766,1468.0,253.97720024763152,55.92258666761925,221.0,36.39897304079255,7.550336428890076,0.0,0.0,0.0,0.0,0.0,0.0
6,0.054,8,360.0668948713899,300.0,0.0,574.0,74.4680271460292,16.284678998097522,1490.0,248.1816714728128,52.44510410534251,210.0,36.30033103984339,7.866577178845178,7.0,0.7,0.07,66.0,0.5550871261018441,0.00559413580246914
7,0.054,8,360.2547858599535,300.0,100.0,560.0,70.56511176030796,15.326346336018814,1313.0,220.71909414182073,46.72794361079519,410.0,67.10501013698035,14.517736176602861,11.0,1.0999999999999999,0.11000000000000004,69.0,0.644441584804371,0.006965877914951993
