id,probability_maraud,successful_mating,next_foraging_time,x_pos,y_pos,foraging_events,foraging_hrs,foraging_sqhrs,staying_events,staying_hrs,staying_sqhrs,repairing_events,repairing_hrs,repairing_sqhrs,marauding_events,marauding_hrs,marauding_sqhrs,traveling_events,traveling_hrs,traveling_sqhrs
0,0.0,5,360.02569244039546,0.0,0.0,557.0,68.02541878938224,14.243980351733434,1257.0,213.4786445212674,46.068301366595804,478.0,78.67014529361384,16.822980858059694,0.0,0.0,0.0,0.0,0.0,0.0
1,0.054,7,360.5059767186497,0.0,100.0,559.0,70.41677373440815,14.883542506742364,1426.0,232.51880988206506,48.52704945371007,336.0,55.1507802064873,11.865520650446408,12.0,1.2,0.12000000000000005,84.0,0.7719205670175481,0.008444787379972573
2,0.054,6,360.1673244929645,100.0,0.0,560.0,69.60398004066488,14.314432209121724,1493.0,251.2561727542458,53.92200721594489,214.0,37.520876942221946,8.324379399767286,11.0,1.0999999999999999,0.11000000000000004,82.0,0.5386415844691657,0.00396519204389575
3,0.054,7,360.0411372386671,100.0,100.0,575.0,69.2576916198039,14.255059878712618,1452.0,240.69443225565442,50.58692947628586,299.0,48.56953228173062,10.155527124288527,10.0,0.9999999999999999,0.10000000000000003,85.0,0.5774194052960412,0.00428669410150892
4,0.054,13,360.88046629519783,200.0,0.0,562.0,72.6955921782498,15.47931484594562,1353.0,233.57074101885445,50.75134383801352,299.0,52.56743428376639,11.170152150535731,9.0,0.8999999999999999,0.09000000000000002,78.0,0.5228958986213225,0.0038794581618655714
5,0.054,11,360.353596740976,200.0,100.0,557.0,73.70736566316549,15.626635533571852,1324.0,223.91490498760598,47.76950669015368,359.0,60.74366362107175,13.133180252574359,13.0,1.3,0.13000000000000006,64.0,0.4015891749223266,0.0027863511659807967
6,0.0,13,359.90208302608033,300.0,0.0,569.0,71.38359696845994,15.383666169448638,1429.0,246.38937071965623,53.156458068843186,251.0,42.41816212527665,8.825308477335689,0.0,0.0,0.0,0.0,0.0,0.0
7,0.054,10,360.24586695938984,300.0,100.0,567.0,75.126251556215,16.188011360259395,1461.0,246.40165472096456,52.80434312021063,207.0,36.464643505433536,7.866517421974765,14.0,1.4000000000000001,0.14000000000000007,74.0,0.6564862809262776,0.006772976680384091
