id,probability_maraud,successful_mating,next_foraging_time,x_pos,y_pos,foraging_events,foraging_hrs,foraging_sqhrs,staying_events,staying_hrs,staying_sqhrs,repairing_events,repairing_hrs,repairing_sqhrs,marauding_events,marauding_hrs,marauding_sqhrs,traveling_events,traveling_hrs,traveling_sqhrs
0,0.054,9,360.5249677564318,0.0,0.0,566.0,74.49633492228331,15.818746480769978,1469.0,244.54056406648752,51.318390361872474,242.0,39.07191423736206,8.297582870512207,13.0,1.3,0.13000000000000006,83.0,0.7325084395929103,0.007458847736625519
1,0.054,10,360.0461977712917,0.0,100.0,560.0,75.66563480785584,16.676326551907618,1286.0,216.38285906516072,46.08442881901072,394.0,66.75410671534142,14.239004184215473,8.0,0.7999999999999999,0.08000000000000002,69.0,0.627572562442087,0.006751543209876548
2,0.0,12,360.24467368449115,100.0,0.0,558.0,67.04621189161949,13.085496792150597,1376.0,238.3244502498141,51.843048754992296,343.0,54.85076921651974,11.074498484090885,0.0,0.0,0.0,0.0,0.0,0.0
3,0.054,14,360.3189101129729,100.0,100.0,558.0,71.2401030194375,15.700858348607944,1469.0,243.9451957505111,50.99877410584816,250.0,42.88518652256442,9.401702510754285,15.0,1.5000000000000002,0.15000000000000008,71.0,0.4888389950576807,0.0037294238683127593
4,0.054,6,360.1810494509236,200.0,0.0,572.0,68.4523521479834,14.308722359547042,1194.0,205.41780090220865,44.59928074607736,492.0,85.14465868960197,18.31388886378336,8.0,0.7999999999999999,0.08000000000000002,76.0,0.5414550051594946,0.00424382716049383
5,0.054,9,360.39264846825245,200.0,100.0,567.0,69.56755639824831,13.889501162233657,1399.0,233.764339190377,48.841169788829426,330.0,54.8929261358184,11.682803318738635,14.0,1.4000000000000001,0.14000000000000007,80.0,0.5048731105333958,0.0035579561042524033
6,0.0,8,360.6369319858125,300.0,0.0,568.0,71.1765024937883,14.46817913619677,1259.0,215.70980685760316,46.67834192963091,432.0,73.19901820555772,15.874039594131498,0.0,0.0,0.0,0.0,0.0,0.0
7,0.054,4,360.155210171399,300.0,100.0,574.0,70.40857162223854,15.473616847117354,1435.0,240.37794040652747,50.87172309427329,282.0,46.602363512309104,10.042915836983301,19.0,1.9000000000000006,0.1900000000000001,88.0,0.7659657209003842,0.0079303840877915
