id,probability_maraud,successful_mating,next_foraging_time,x_pos,y_pos,foraging_events,foraging_hrs,foraging_sqhrs,staying_events,staying_hrs,staying_sqhrs,repairing_events,repairing_hrs,repairing_sqhrs,marauding_events,marauding_hrs,marauding_sqhrs,traveling_events,traveling_hrs,traveling_sqhrs
0,0.054,5,360.32139226289144,0.0,0.0,573.0,71.37668878273594,14.515589491324285,1336.0,232.07009082605848,50.54223767259113,305.0,55.03541899787365,12.331196180175493,10.0,0.9999999999999999,0.10000000000000003,68.0,0.578114040253619,0.005979938271604942
1,0.054,7,360.28079988996313,0.0,100.0,563.0,68.7994183515411,13.79368989167639,1517.0,253.31162637436844,54.29447946438175,214.0,36.292644624572546,7.8002450883024155,10.0,0.9999999999999999,0.10000000000000003,82.0,0.7013510235259439,0.00690157750342936
2,0.0,10,360.2956661096877,100.0,0.0,577.0,72.56080866375011,15.767336662115408,1469.0,245.12139893273584,52.30527216490344,256.0,42.456443619947784,9.012175410944277,0.0,0.0,0.0,0.0,0.0,0.0
3,0.054,14,360.2857237689174,100.0,100.0,570.0,70.53928963124184,14.714679400819033,1409.0,240.19318449300033,51.99371791467869,286.0,47.02894346798962,9.824420251950828,18.0,1.8000000000000005,0.1800000000000001,82.0,0.5441568205993151,0.003986625514403294
4,0.0,16,360.14140256625757,200.0,0.0,573.0,69.84130211054062,13.84193210078954,1472.0,247.5044701535467,52.339004412538976,244.0,42.966109785853625,9.339794827965976,0.0,0.0,0.0,0.0,0.0,0.0
5,0.054,9,360.35325320145427,200.0,100.0,570.0,72.62140774326639,15.287017672677052,1309.0,218.67990664493132,46.360825416190394,409.0,67.55085741808682,14.2088334480589,7.0,0.7,0.07,72.0,0.45748390693385976,0.003236454046639235
6,0.054,6,360.11731900589183,300.0,0.0,569.0,69.21043320684619,13.976578379853004,1429.0,240.39811421061754,50.63374906457184,288.0,48.62954546979321,10.411546829861754,12.0,1.2,0.12000000000000005,80.0,0.665629044167989,0.006580075445816193
7,0.054,5,360.4378733998809,300.0,100.0,556.0,69.37613731739391,13.839441186342588,1318.0,227.5126743495092,49.10109171110695,348.0,61.564384498117,13.804249425518677,9.0,0.8999999999999999,0.09000000000000002,81.0,0.6811243958099389,0.006858710562414274
