id,probability_maraud,successful_mating,next_foraging_time,x_pos,y_pos,foraging_events,foraging_hrs,foraging_sqhrs,staying_events,staying_hrs,staying_sqhrs,repairing_events,repairing_hrs,repairing_sqhrs,marauding_events,marauding_hrs,marauding_sqhrs,traveling_events,traveling_hrs,traveling_sqhrs
0,0.054,8,360.22904257724247,0.0,0.0,549.0,74.4149009088582,17.23900211136758,1346.0,228.9411884225941,49.02822732367191,312.0,54.631691054687195,11.954701767069452,13.0,1.3,0.13000000000000006,80.0,0.7272791877071125,0.007673182441700966
1,0.054,10,360.2307974596049,0.0,100.0,577.0,69.34830051195134,14.013656688175574,1388.0,239.29113712802828,52.089453311343355,309.0,50.39222438185551,10.503892251048127,5.0,0.5,0.05000000000000001,67.0,0.6391358948580917,0.007094478737997261
2,0.0,8,359.9195237421074,100.0,0.0,577.0,75.5637007730178,16.40650330841762,1397.0,235.59386495770028,50.92255487827016,276.0,48.906829526110876,10.75753230363708,0.0,0.0,0.0,0.0,0.0,0.0
3,0.054,9,360.16690530127636,100.0,100.0,571.0,73.1122155873799,15.516707935303254,1402.0,236.2884379256004,50.01183769694043,303.0,48.97915742724568,10.060575545605447,11.0,1.0999999999999999,0.11000000000000004,80.0,0.52507155441935,0.0037937242798353928
4,0.054,6,360.08877525998344,200.0,0.0,584.0,68.68502718631746,13.14640538395002,1462.0,246.42555204393247,52.54889915622801,265.0,43.2554068309415,9.121164094919799,11.0,1.0999999999999999,0.11000000000000004,91.0,0.6236650019783867,0.004758230452674902
5,0.0,10,359.9278529025783,200.0,100.0,554.0,70.44505549122188,14.603620751748506,1265.0,219.79363025248503,48.090913768459814,415.0,69.83832097949522,14.693830499040448,0.0,0.0,0.0,0.0,0.0,0.0
6,0.054,8,360.03495354160395,300.0,0.0,565.0,70.24771682038379,13.776946559204147,1512.0,250.80689599683794,53.059943273175634,220.0,36.6968987162445,7.637680158287993,16.0,1.6000000000000003,0.1600000000000001,71.0,0.6489445596080007,0.007051611796982174
7,0.054,13,359.89220254698137,300.0,100.0,561.0,72.88655890004185,16.14231920074722,1414.0,236.80962289740975,50.017414508778856,299.0,48.63616409252975,10.23496365621086,11.0,1.0999999999999999,0.11000000000000004,82.0,0.6711568844901105,0.006622942386831283
