id,probability_maraud,successful_mating,next_foraging_time,x_pos,y_pos,foraging_events,foraging_hrs,foraging_sqhrs,staying_events,staying_hrs,staying_sqhrs,repairing_events,repairing_hrs,repairing_sqhrs,marauding_events,marauding_hrs,marauding_sqhrs,traveling_events,traveling_hrs,traveling_sqhrs
0,0.0,8,360.3845247186235,0.0,0.0,574.0,67.68252138062378,13.23887800563504,1396.0,237.16320378592928,51.30382391446215,317.0,55.30298306890499,12.015976474400754,0.0,0.0,0.0,0.0,0.0,0.0
1,0.054,9,360.0812986202799,0.0,100.0,561.0,70.30854087573958,14.921334635362378,1398.0,239.07524507331215,51.83358338805826,278.0,48.88061467102026,10.997986185946454,12.0,1.2,0.12000000000000005,71.0,0.6032884735875256,0.00610853909465021
2,0.054,10,360.37974961024975,100.0,0.0,566.0,72.30652761906013,15.774514014700001,1227.0,206.33230703306003,44.67778280238645,482.0,79.78526295869221,16.755738900053817,12.0,1.2,0.12000000000000005,66.0,0.4117746287017592,0.002807784636488341
3,0.054,9,359.99890879430643,100.0,100.0,570.0,69.06101411218005,13.793016815816346,1413.0,240.26462536880678,51.44256439571151,298.0,48.90766122379912,10.3258072154018,13.0,1.3,0.13000000000000006,73.0,0.49186982814502667,0.003622256515775035
4,0.0,7,360.2623397086479,200.0,0.0,561.0,72.59491919989406,15.280352313816437,1225.0,208.21581456222142,44.83404855251139,462.0,79.49178712662064,17.4226905025709,0.0,0.0,0.0,0.0,0.0,0.0
5,0.054,12,359.9129660206289,200.0,100.0,556.0,70.7623000866329,15.379774640734414,1362.0,232.47545174455445,50.59495366175639,325.0,54.74471878518119,12.018724544324666,17.0,1.7000000000000004,0.1700000000000001,69.0,0.4447183545594118,0.0031721536351165987
6,0.054,4,360.1620735534998,300.0,0.0,566.0,67.78612947102849,13.059079250641428,1469.0,248.38392549882062,53.75201521097657,254.0,42.66513806748293,9.179740384088452,6.0,0.6,0.06000000000000001,77.0,0.6736133037052323,0.006880144032921813
7,0.054,13,360.28666981019467,300.0,100.0,569.0,67.24555857494013,13.46378108681225,1508.0,254.09101953155158,54.782264944739275,217.0,36.630906001298314,7.692612184687406,13.0,1.3,0.13000000000000006,89.0,0.7327711779884063,0.00730881344307271
