id,probability_maraud,successful_mating,next_foraging_time,x_pos,y_pos,foraging_events,foraging_hrs,foraging_sqhrs,staying_events,staying_hrs,staying_sqhrs,repairing_events,repairing_hrs,repairing_sqhrs,marauding_events,marauding_hrs,marauding_sqhrs,traveling_events,traveling_hrs,traveling_sqhrs
0,0.054,10,360.00070589259315,0.0,0.0,568.0,69.48482797011017,14.803289979878056,1429.0,239.59378257342644,50.9780548497422,290.0,48.816941387589196,10.487493882286573,15.0,1.5000000000000002,0.15000000000000008,89.0,0.7404472203434604,0.0073945473251028895
1,0.054,5,360.82354146180967,0.0,100.0,574.0,69.10577458543176,13.823509313653823,1205.0,204.85353440876221,43.947109781175584,509.0,84.94811681824197,17.90978445553535,9.0,0.8999999999999999,0.09000000000000002,58.0,0.5090488302222184,0.0054012345679012395
2,0.054,9,360.20025517515376,100.0,0.0,561.0,71.96752158383102,15.43331717945877,1354.0,231.25223777153573,49.47716553031754,333.0,55.34692453257985,11.732375379503505,11.0,1.0999999999999999,0.11000000000000004,70.0,0.48175539159644903,0.0036436899862825798
3,0.054,11,360.419029284673,100.0,100.0,576.0,67.8342092131582,12.989642703148458,1380.0,238.87097352806884,51.98522287630235,307.0,51.95209518759819,11.459657995485227,10.0,0.9999999999999999,0.10000000000000003,70.0,0.47954930658722,0.0036651234567901254
4,0.054,6,360.10684433123765,200.0,0.0,574.0,67.23239672197164,12.554443214631938,1504.0,248.93963285102484,52.760656954048955,245.0,42.488947759560936,9.28434523958142,9.0,0.8999999999999999,0.09000000000000002,94.0,0.5972685611317209,0.004222393689986288
5,0.0,7,359.82067395764784,200.0,100.0,566.0,67.21769568150286,13.640173381087763,1485.0,249.93531348532372,54.37276508284028,257.0,42.93230549035134,9.325146376754532,0.0,0.0,0.0,0.0,0.0,0.0
6,0.0,8,360.6168192931048,300.0,0.0,564.0,69.70120833441719,14.630181657935495,1415.0,241.75611039608208,52.18005968846193,299.0,48.70829818976127,10.1045746404807,0.0,0.0,0.0,0.0,0.0,0.0
7,0.054,16,359.9188263794726,300.0,100.0,567.0,71.21419573509033,14.291183951030009,1469.0,249.25347694601322,53.22631161120329,228.0,37.221360697468285,7.619892925277636,15.0,1.5000000000000002,0.15000000000000008,95.0,0.8796216106282693,0.009409293552812076
