id,probability_maraud,successful_mating,next_foraging_time,x_pos,y_pos,foraging_events,foraging_hrs,foraging_sqhrs,staying_events,staying_hrs,staying_sqhrs,repairing_events,repairing_hrs,repairing_sqhrs,marauding_events,marauding_hrs,marauding_sqhrs,traveling_events,traveling_hrs,traveling_sqhrs
0,0.0,8,360.0065655819916,0.0,0.0,559.0,74.00580411652025,15.70673614028067,1159.0,194.77509280207119,41.49312154140559,520.0,91.31874119387768,20.37436939472903,0.0,0.0,0.0,0.0,0.0,0.0
1,0.054,8,360.06245148066364,0.0,100.0,557.0,70.71043959171357,14.90842194666483,1406.0,238.97772481881728,51.02199888592711,294.0,48.29924502384256,10.10868819875204,14.0,1.4000000000000001,0.14000000000000007,96.0,0.8374388959141066,0.008637688614540472
2,0.054,9,360.3096250090735,100.0,0.0,558.0,69.53886804823918,14.947032923194474,1406.0,239.34579387445447,51.33556060170545,290.0,48.88445072504925,10.61892352202484,20.0,2.0000000000000004,0.20000000000000012,71.0,0.5024292955102456,0.00392232510288066
3,0.054,8,360.39032648745916,100.0,100.0,582.0,69.03481472916786,14.1835770111615,1264.0,215.57909178359895,46.61134813940428,423.0,73.63536202888282,16.023620407957136,13.0,1.3,0.13000000000000006,78.0,0.4992722904453318,0.003472222222222222
4,0.0,14,359.96518370102643,200.0,0.0,560.0,68.76472315850587,14.176298281382504,1289.0,217.85950500020255,46.52679457277352,431.0,73.40129054284101,15.526925602114506,0.0,0.0,0.0,0.0,0.0,0.0
5,0.054,5,360.5224166943328,200.0,100.0,568.0,71.07996864241073,13.991309269309832,1240.0,213.80877938213928,46.77846036025934,420.0,73.26451014769437,15.810350760512279,15.0,1.5000000000000002,0.15000000000000008,63.0,0.4087640660171625,0.002893518518518519
6,0.054,13,359.99918010644734,300.0,0.0,571.0,71.1743462264168,14.903994337053462,1387.0,231.75352966568238,48.654377788575786,321.0,55.09910423864042,12.181848562030337,15.0,1.5000000000000002,0.15000000000000008,73.0,0.6322608051129682,0.00638717421124829
7,0.054,7,359.9502832749855,300.0,100.0,579.0,72.74664650282567,14.499634432173735,1276.0,218.4473069553236,47.473737008735554,395.0,67.27086992710657,14.321331513317507,10.0,0.9999999999999999,0.10000000000000003,71.0,0.6097145246021388,0.006301440329218115
