id,probability_maraud,successful_mating,next_foraging_time,x_pos,y_pos,foraging_events,foraging_hrs,foraging_sqhrs,staying_events,staying_hrs,staying_sqhrs,repairing_events,repairing_hrs,repairing_sqhrs,marauding_events,marauding_hrs,marauding_sqhrs,traveling_events,traveling_hrs,traveling_sqhrs
0,0.0,3,359.8141740965567,0.0,0.0,556.0,73.69048510160694,15.83673084509621,1474.0,249.70281062425866,53.3572647256142,222.0,36.740392563909204,7.750200086985443,0.0,0.0,0.0,0.0,0.0,0.0
1,0.054,10,360.23657436157987,0.0,100.0,567.0,69.04723702678265,13.762816651066103,1271.0,221.93880432191358,48.93130719213771,397.0,67.02210182517801,14.586861388051833,13.0,1.3,0.13000000000000006,85.0,0.8133316786510637,0.008980624142661181
2,0.054,7,360.4601315722865,100.0,0.0,551.0,67.43033547840194,14.44588118772804,1371.0,229.80864755562894,48.744261419638896,375.0,61.1710729408642,12.7232197488121,10.0,0.9999999999999999,0.10000000000000003,91.0,0.5958466361809557,0.004350994513031552
3,0.054,9,360.4642322368119,100.0,100.0,573.0,69.3435313045229,13.932152349628517,1450.0,252.0467360192452,54.730616994219325,213.0,36.77380455945247,7.9890514717114,14.0,1.4000000000000001,0.14000000000000007,86.0,0.5452192986913537,0.0038580246913580292
4,0.054,9,359.9437376780215,200.0,0.0,579.0,69.59412599542458,14.880128441668116,1290.0,215.4819095718473,46.306433439160905,425.0,73.33029846147784,16.061264610453076,12.0,1.2,0.12000000000000005,69.0,0.43676941500040933,0.0030221193415637853
5,0.054,14,360.28650006041397,200.0,100.0,584.0,69.93153640036594,13.763207535461714,1389.0,240.14380708841017,52.07380983697836,299.0,48.56005522311368,9.872586636312509,10.0,0.9999999999999999,0.10000000000000003,74.0,0.455060362313459,0.0030649862825788774
6,0.054,14,360.35238169928283,300.0,0.0,569.0,69.5549902850842,14.52679706840875,1494.0,252.3399221088841,54.29649104342978,223.0,36.77169763449045,7.696075957877858,10.0,0.9999999999999999,0.10000000000000003,76.0,0.6367207465134247,0.006258573388203025
7,0.0,6,360.47589497049216,300.0,100.0,557.0,72.62754805440761,17.169818182243336,1370.0,232.82198679694653,50.28545848778952,319.0,54.76421388142496,12.124990968740393,0.0,0.0,0.0,0.0,0.0,0.0
