id,probability_maraud,successful_mating,next_foraging_time,x_pos,y_pos,foraging_events,foraging_hrs,foraging_sqhrs,staying_events,staying_hrs,staying_sqhrs,repairing_events,repairing_hrs,repairing_sqhrs,marauding_events,marauding_hrs,marauding_sqhrs,traveling_events,traveling_hrs,traveling_sqhrs
0,0.0,5,360.5208422216684,0.0,0.0,562.0,72.45918946766338,15.289058068598523,1316.0,220.35374833208664,46.5631931384141,382.0,67.22410288360949,15.09330158269371,0.0,0.0,0.0,0.0,0.0,0.0
1,0.054,7,360.39417018382255,0.0,100.0,569.0,70.55064579239973,14.513883621615562,1516.0,258.20097855103415,55.86645035833921,172.0,29.419977623608297,6.161016533848301,10.0,0.9999999999999999,0.10000000000000003,90.0,0.8468169437862194,0.009152091906721543
2,0.0,10,360.1817247179025,100.0,0.0,552.0,69.01051486442222,13.705578327906357,1288.0,217.72951807302857,47.226728990555735,430.0,73.26523154049657,15.674259675771102,0.0,0.0,0.0,0.0,0.0,0.0
3,0.054,12,360.21938822440615,100.0,100.0,570.0,72.34587351021376,14.732102754084803,1249.0,213.42247597514745,46.10983345499233,434.0,72.91575399745429,15.843612353208144,9.0,0.8999999999999999,0.09000000000000002,78.0,0.5530972210195012,0.004350994513031553
4,0.054,10,360.07351382553196,200.0,0.0,563.0,67.01972443670587,13.222471789847873,1328.0,223.86327928107698,47.848754071130905,404.0,67.4555716206864,14.615055879633262,14.0,1.4000000000000001,0.14000000000000007,70.0,0.46942471123019025,0.0035150891632373146
5,0.054,10,359.910741717569,200.0,100.0,570.0,69.9102325159182,13.799585156850041,1420.0,239.11878490537148,51.236252301658126,277.0,48.6672401734227,10.683271457569552,18.0,1.8000000000000005,0.1800000000000001,82.0,0.5428059128794047,0.003986625514403295
6,0.054,9,360.2324610873062,300.0,0.0,558.0,68.14355479774761,14.200539623566645,1403.0,234.20352878815342,50.17585460428402,345.0,55.33314490182615,11.375233817499064,15.0,1.5000000000000002,0.15000000000000008,94.0,0.8347746930478328,0.008766289437585739
7,0.054,9,359.9029282147395,300.0,100.0,563.0,70.99981617563378,15.609414638763974,1357.0,225.77942530991572,47.927235344104744,362.0,61.39164678276239,12.739120432989262,12.0,1.2,0.12000000000000005,84.0,0.7241897415785146,0.007566015089163248
