id,probability_maraud,successful_mating,next_foraging_time,x_pos,y_pos,foraging_events,foraging_hrs,foraging_sqhrs,staying_events,staying_hrs,staying_sqhrs,repairing_events,repairing_hrs,repairing_sqhrs,marauding_events,marauding_hrs,marauding_sqhrs,traveling_events,traveling_hrs,traveling_sqhrs
0,0.054,6,359.9093992598401,0.0,0.0,590.0,70.67968798733993,14.193218464447526,1371.0,238.0436776743521,51.20167670152619,280.0,48.929905268498786,10.707905978998387,17.0,1.7000000000000004,0.1700000000000001,73.0,0.6702282445864168,0.007265946502057617
1,0.054,8,359.9860952849234,0.0,100.0,560.0,73.53859053251018,15.651894614551066,1408.0,235.9963391894862,50.54843348486475,281.0,48.82681579247358,10.369822761142927,13.0,1.3,0.13000000000000006,66.0,0.604591127077005,0.006472908093278467
2,0.054,19,360.1548479963805,100.0,0.0,568.0,69.17672432469304,13.898440470885872,1387.0,233.65850862773075,49.81374932065386,334.0,54.6457809906051,11.384014695269578,19.0,1.9000000000000006,0.1900000000000001,94.0,0.6196832488353559,0.004479595336076821
3,0.054,8,360.1885513756704,100.0,100.0,563.0,70.04844540851143,14.248400716968112,1331.0,227.19321553736742,49.06072436971555,357.0,61.01409215125932,13.170571754956157,13.0,1.3,0.13000000000000006,94.0,0.5921330422630473,0.004093792866941016
4,0.0,8,360.01414395498807,200.0,0.0,563.0,70.68792940552001,15.188694852690697,1205.0,203.9583987001255,44.08259600050149,504.0,85.39850686945258,18.687916512229805,0.0,0.0,0.0,0.0,0.0,0.0
5,0.054,7,360.02847590277105,200.0,100.0,565.0,70.07040360803735,14.233961639256114,1238.0,215.406625012414,47.428548334879736,440.0,73.15171632894854,15.35423936595253,10.0,0.9999999999999999,0.10000000000000003,73.0,0.46329773150033315,0.0032150205761316874
6,0.054,9,360.51832281440915,300.0,0.0,562.0,71.02173352834335,14.149203266310971,1409.0,237.88768292782171,50.21254251836628,300.0,49.08794953525933,10.250495164673126,12.0,1.2,0.12000000000000005,93.0,0.8076855797786759,0.00820901920438958
7,0.0,7,360.27639910200963,300.0,100.0,572.0,72.29388578864841,15.155628417061545,1221.0,202.58952773751122,43.002588729960124,514.0,85.17721830552179,17.91927281585714,0.0,0.0,0.0,0.0,0.0,0.0
