id,probability_maraud,successful_mating,next_foraging_time,x_pos,y_pos,foraging_events,foraging_hrs,foraging_sqhrs,staying_events,staying_hrs,staying_sqhrs,repairing_events,repairing_hrs,repairing_sqhrs,marauding_events,marauding_hrs,marauding_sqhrs,traveling_events,traveling_hrs,traveling_sqhrs
0,0.0,4,359.98920420925526,0.0,0.0,552.0,68.55168635973479,14.839450928682723,1394.0,242.67282319476996,52.66468113077579,295.0,48.835123449860546,10.496551423445865,0.0,0.0,0.0,0.0,0.0,0.0
1,0.054,7,360.16400152428787,0.0,100.0,573.0,67.91334265474076,12.835514485564678,1292.0,217.20947732254393,45.88826730987173,434.0,73.27275856090658,15.884720277552324,10.0,0.9999999999999999,0.10000000000000003,81.0,0.7056843101004001,0.007223079561042531
2,0.054,14,360.01572454517816,100.0,0.0,562.0,69.43916188083271,13.840580596857013,1344.0,228.42725423475164,49.60858960437357,367.0,60.96874470920484,13.099842358468905,10.0,0.9999999999999999,0.10000000000000003,59.0,0.41092961022089264,0.0031721536351165987
3,0.0,13,360.40449371143166,100.0,100.0,572.0,70.42820055539616,15.233246173336138,1294.0,220.17888901833663,47.10848707793665,420.0,69.51442337596941,14.738668285856907,0.0,0.0,0.0,0.0,0.0,0.0
4,0.054,12,360.481146234117,200.0,0.0,570.0,66.36206988274839,13.226209101060318,1357.0,231.11069855551838,49.03198316933402,350.0,60.83588250587759,13.332274052093087,13.0,1.3,0.13000000000000006,78.0,0.5492619102567873,0.004308127572016464
5,0.054,8,360.4764347118231,200.0,100.0,568.0,70.11943193754303,14.851175146714231,1457.0,245.2974254519783,52.48268288936296,252.0,42.792185619388185,9.112956927811268,14.0,1.4000000000000001,0.14000000000000007,72.0,0.46866082157447586,0.0033864883401920464
6,0.054,10,360.14053552160055,300.0,0.0,559.0,71.38731843697003,15.304838677746739,1359.0,231.985059236036,50.298223785849416,306.0,54.721308562743744,12.026714084575719,13.0,1.3,0.13000000000000006,77.0,0.6186118916191515,0.006022805212620033
7,0.054,4,360.3570502657035,300.0,100.0,559.0,74.93660569982858,16.716660709212277,1383.0,233.69936218215642,50.33062927644248,289.0,49.0709999629451,10.272064776206184,17.0,1.7000000000000004,0.1700000000000001,92.0,0.8431310036357749,0.009130658436213999
