id,probability_maraud,successful_mating,next_foraging_time,x_pos,y_pos,foraging_events,foraging_hrs,foraging_sqhrs,staying_events,staying_hrs,staying_sqhrs,repairing_events,repairing_hrs,repairing_sqhrs,marauding_events,marauding_hrs,marauding_sqhrs,traveling_events,traveling_hrs,traveling_sqhrs
0,0.054,7,360.098817443136,0.0,0.0,567.0,73.12371387033605,15.176597745037382,1258.0,214.23824599477106,46.04132287867873,423.0,71.24729251415319,15.24277775109428,8.0,0.7999999999999999,0.08000000000000002,76.0,0.6163276060167227,0.005894204389574765
1,0.054,10,359.9213997787733,0.0,100.0,566.0,70.15946133481927,14.339337037110488,1416.0,239.08087399705337,51.23027688482163,273.0,48.954494747344185,11.077890472450468,10.0,0.9999999999999999,0.10000000000000003,94.0,0.898789768166105,0.010073731138545962
2,0.054,4,360.60155874984133,100.0,0.0,573.0,73.1824424097005,15.915733010882132,1193.0,205.45539046707938,44.09414814012987,467.0,79.3754197201196,16.98622535858628,18.0,1.8000000000000005,0.1800000000000001,88.0,0.595153763756096,0.004436728395061733
3,0.054,15,360.0092053182343,100.0,100.0,564.0,68.32412988921968,14.01663055959044,1476.0,247.10137718566958,52.81192919459617,256.0,42.60268972726542,9.153406843926772,16.0,1.6000000000000003,0.1600000000000001,88.0,0.5779861529574877,0.004179526748971195
4,0.0,9,359.8700486220282,200.0,0.0,576.0,68.90049173866758,13.301943051990774,1462.0,247.0381094080116,52.852256628145916,243.0,44.16171941516441,9.93109740911187,0.0,0.0,0.0,0.0,0.0,0.0
5,0.054,10,359.9694320865587,200.0,100.0,561.0,71.6169044646805,14.877147106895112,1333.0,225.03783757473425,48.16566255576932,362.0,61.75418288982869,13.593513929537949,12.0,1.2,0.12000000000000005,73.0,0.5005724985512914,0.003772290809327847
6,0.054,6,360.0255657776202,300.0,0.0,577.0,71.31097269991102,14.887335286510506,1406.0,237.85064549640026,50.92788985910074,299.0,49.26775031173601,10.473239860890308,10.0,0.9999999999999999,0.10000000000000003,82.0,0.7141009962623127,0.007394547325102887
7,0.0,11,360.4797525079976,300.0,100.0,566.0,75.07530783635774,16.807790467000387,1412.0,242.35178045330542,51.94306450111623,261.0,42.711625868387344,9.177568465840235,0.0,0.0,0.0,0.0,0.0,0.0
