id,probability_maraud,successful_mating,next_foraging_time,x_pos,y_pos,foraging_events,foraging_hrs,foraging_sqhrs,staying_events,staying_hrs,staying_sqhrs,repairing_events,repairing_hrs,repairing_sqhrs,marauding_events,marauding_hrs,marauding_sqhrs,traveling_events,traveling_hrs,traveling_sqhrs
0,0.054,3,359.9711220653558,0.0,0.0,575.0,72.86756453689374,15.51781374293103,1228.0,206.16639975119529,43.65497520584407,473.0,79.35308055569375,16.874836085031347,11.0,1.0999999999999999,0.11000000000000004,65.0,0.5588794034613848,0.0057227366255144085
1,0.0,9,359.9511750827028,0.0,100.0,560.0,73.5546321449424,16.08514892394095,1276.0,213.1342119049707,44.94269688563512,440.0,73.33508482775622,15.185025421467792,0.0,0.0,0.0,0.0,0.0,0.0
2,0.054,8,360.161718421612,100.0,0.0,556.0,69.15085059282521,14.308674126701433,1374.0,234.60746919482136,50.2845030625287,335.0,55.01555409484061,11.460466012647757,9.0,0.8999999999999999,0.09000000000000002,71.0,0.4302627180090764,0.0028720850480109745
3,0.054,8,360.092362857836,100.0,100.0,561.0,69.86156853502618,14.746638225683936,1329.0,226.22811284164342,48.717990926130526,362.0,61.50597067171127,13.269303121039798,19.0,1.9000000000000006,0.1900000000000001,91.0,0.611693768470855,0.004586762688614547
4,0.054,12,360.2842808382035,200.0,0.0,571.0,66.48305997505933,12.322281988668358,1477.0,248.3445393052738,53.031222580837714,252.0,43.16367311102157,9.433145445734619,15.0,1.5000000000000002,0.15000000000000008,92.0,0.6038158461427073,0.004393861454046645
5,0.0,12,359.92422527019187,200.0,100.0,563.0,70.16183441309761,14.10318511334632,1258.0,216.66897778489354,46.61844899592605,440.0,73.31042246634098,15.552435521043739,0.0,0.0,0.0,0.0,0.0,0.0
6,0.054,11,360.36577529244573,300.0,0.0,557.0,75.961407874455,16.180694617291035,1302.0,226.76127637385594,49.97527339651712,324.0,54.97844817797819,11.590574259502915,17.0,1.7000000000000004,0.1700000000000001,80.0,0.7110934090238229,0.0074159807956104325
7,0.054,9,360.2873868628854,300.0,100.0,574.0,71.80375866189532,15.114940368069533,1321.0,225.11354798574123,47.74875169129143,359.0,61.379479273357326,13.41892126493936,12.0,1.2,0.12000000000000005,70.0,0.6084442628589483,0.0063443072702332
