id,probability_maraud,successful_mating,next_foraging_time,x_pos,y_pos,foraging_events,foraging_hrs,foraging_sqhrs,staying_events,staying_hrs,staying_sqhrs,repairing_events,repairing_hrs,repairing_sqhrs,marauding_events,marauding_hrs,marauding_sqhrs,traveling_events,traveling_hrs,traveling_sqhrs
0,0.054,11,360.67764522128306,0.0,0.0,567.0,68.00260125714632,14.525850605526994,1340.0,226.35182164216022,48.42911555468946,392.0,63.65015106868331,13.340102409562537,15.0,1.5000000000000002,0.15000000000000008,76.0,0.6980238473834243,0.007566015089163245
1,0.054,9,360.16030768772856,0.0,100.0,573.0,68.54775444924135,14.162831547829603,1375.0,233.8654433518937,49.7773259635267,326.0,55.36279827456098,11.908141166944294,15.0,1.5000000000000002,0.15000000000000008,82.0,0.7243294834449187,0.00758744855967079
2,0.054,8,360.2933146641002,100.0,0.0,569.0,69.96512799269618,13.9730571948232,1352.0,227.57777296434676,48.597307212833265,353.0,61.06890388592811,13.360894846560239,10.0,0.9999999999999999,0.10000000000000003,78.0,0.485818273564632,0.003343621399176957
3,0.054,9,360.1623059510587,100.0,100.0,559.0,70.76006473639868,13.954162546262513,1389.0,232.40205814849364,49.257431485340774,330.0,54.97314402090182,11.607032890489013,13.0,1.3,0.13000000000000006,92.0,0.6156102080587207,0.004479595336076821
4,0.054,10,360.38967438310283,200.0,0.0,582.0,71.43203906652268,14.411622128947105,1346.0,226.72804333888325,48.18846115361554,357.0,60.8440236720629,12.855977692452553,6.0,0.6,0.06000000000000001,70.0,0.4827874404772859,0.003707990397805214
5,0.0,12,360.0685312186861,200.0,100.0,562.0,69.01939320122104,13.427614118130805,1403.0,233.29906714602785,49.342698130535204,338.0,57.749299032499444,12.505333015514838,0.0,0.0,0.0,0.0,0.0,0.0
6,0.054,5,360.1970504376158,300.0,0.0,565.0,69.64008664194415,14.067958007283533,1473.0,245.816576510514,52.19494604790299,253.0,42.598584438771795,9.179975862187309,15.0,1.5000000000000002,0.15000000000000008,80.0,0.6725788094408754,0.006751543209876551
7,0.0,8,360.22678941354803,300.0,100.0,551.0,67.87429982000035,13.337945392096392,1446.0,243.64459751206812,52.48380414453451,261.0,48.62609880017093,10.943077760615575,0.0,0.0,0.0,0.0,0.0,0.0
