id,probability_maraud,successful_mating,next_foraging_time,x_pos,y_pos,foraging_events,foraging_hrs,foraging_sqhrs,staying_events,staying_hrs,staying_sqhrs,repairing_events,repairing_hrs,repairing_sqhrs,marauding_events,marauding_hrs,marauding_sqhrs,traveling_events,traveling_hrs,traveling_sqhrs
0,0.0,5,360.31898130294456,0.0,0.0,571.0,70.2966096736131,13.911265143303092,1247.0,210.1158592009467,44.58471450783591,479.0,79.6670781933804,16.90945763942426,0.0,0.0,0.0,0.0,0.0,0.0
1,0.054,6,360.8832718566751,0.0,100.0,562.0,68.66047803306621,14.018138660766935,1405.0,240.75377946349406,52.949535653878975,287.0,48.72595986708379,10.620784598621743,13.0,1.3,0.13000000000000006,77.0,0.6971936784756806,0.0074374142661179764
2,0.054,16,359.9877128041926,100.0,0.0,565.0,70.03524228482254,14.303343396712386,1407.0,239.61599221242454,51.52332701595067,296.0,49.24765651186427,10.403179659540323,6.0,0.6,0.06000000000000001,80.0,0.5569223729737627,0.004265260631001373
3,0.054,8,360.0475950766695,100.0,100.0,558.0,73.89166607316338,15.725273824548557,1180.0,199.2792954997659,42.664094857937336,504.0,85.17882806872358,18.491530558962182,13.0,1.3,0.13000000000000006,67.0,0.4401495833521849,0.0031507201646090535
4,0.054,6,360.1571668942428,200.0,0.0,560.0,67.16777257385635,13.390230046825133,1417.0,242.0367027190162,52.4353841635684,281.0,49.13814541327215,10.588460084660293,12.0,1.2,0.12000000000000005,83.0,0.5248439832138808,0.003665123456790126
5,0.0,12,360.1321614873223,200.0,100.0,574.0,73.595515402735,16.108080255537804,1420.0,237.64934264671876,50.290857301763275,285.0,48.82249307191171,10.663865491292066,0.0,0.0,0.0,0.0,0.0,0.0
6,0.054,6,360.36135080772726,300.0,0.0,579.0,66.72413078561507,12.74259632350418,1480.0,242.11885522888446,50.90204526828094,279.0,48.4760188082577,10.554406097208442,20.0,2.0000000000000004,0.20000000000000012,80.0,0.7186727429156463,0.007566015089163244
7,0.054,13,360.00471447529907,300.0,100.0,558.0,69.05820491449971,15.016610197916169,1408.0,240.567803682647,52.59891941185289,295.0,48.681832184517745,10.065979057825105,11.0,1.0999999999999999,0.11000000000000004,81.0,0.7877701446909667,0.008873456790123462
