id,probability_maraud,successful_mating,next_foraging_time,x_pos,y_pos,foraging_events,foraging_hrs,foraging_sqhrs,staying_events,staying_hrs,staying_sqhrs,repairing_events,repairing_hrs,repairing_sqhrs,marauding_events,marauding_hrs,marauding_sqhrs,traveling_events,traveling_hrs,traveling_sqhrs
0,0.0,8,360.365059131063,0.0,0.0,572.0,70.4047528737293,14.722875376088226,1287.0,216.98207967931205,47.01140783132307,417.0,72.7888754878013,15.908571401876983,0.0,0.0,0.0,0.0,0.0,0.0
1,0.054,16,360.06372533684305,0.0,100.0,580.0,68.97606327376457,13.030566106070221,1502.0,252.16791920452496,53.37959929151183,220.0,36.48275960590357,7.9250817624607155,15.0,1.5000000000000002,0.15000000000000008,102.0,0.920450925024847,0.009666495198902614
2,0.054,7,360.5403628713414,100.0,0.0,560.0,68.15574651170223,13.732678771260758,1541.0,258.85219918600194,55.023033481294306,176.0,30.46103271497006,6.700846835703721,20.0,2.0000000000000004,0.20000000000000012,100.0,0.638667068573265,0.0045224622770919124
3,0.054,11,360.3168890197315,100.0,100.0,559.0,66.65280624269886,12.86055119875096,1402.0,237.9004696281741,50.38098864560743,331.0,54.490935149994975,11.552177926586488,7.0,0.7,0.07,73.0,0.4383682115426931,0.0029363854595336083
4,0.0,11,359.9804894192993,200.0,0.0,551.0,68.70876810078515,13.87373236004949,1227.0,205.8253620903716,44.08792944550924,500.0,85.49817135696759,18.321638940816317,0.0,0.0,0.0,0.0,0.0,0.0
5,0.054,6,360.18426199223245,200.0,100.0,552.0,73.08390750727843,15.010280920903424,1228.0,205.78452842600748,43.92870324006138,464.0,79.52691704759256,17.122973634379814,11.0,1.0999999999999999,0.11000000000000004,77.0,0.5079445316403951,0.0036865569272976685
6,0.054,5,360.20647712122184,300.0,0.0,558.0,71.10615526034773,15.271997907034294,1259.0,213.94050368496906,45.485990434372845,440.0,73.12910067405754,15.244456657219766,14.0,1.4000000000000001,0.14000000000000007,77.0,0.6786053556396956,0.006923010973936907
7,0.054,8,360.5424151157726,300.0,100.0,569.0,69.1998879578468,13.781040916155582,1362.0,227.7796467612788,48.74459697289462,367.0,60.95745566683367,12.757920717133295,14.0,1.4000000000000001,0.14000000000000007,82.0,0.7257031541652532,0.007608882030178333
