id,probability_maraud,successful_mating,next_foraging_time,x_pos,y_pos,foraging_events,foraging_hrs,foraging_sqhrs,staying_events,staying_hrs,staying_sqhrs,repairing_events,repairing_hrs,repairing_sqhrs,marauding_events,marauding_hrs,marauding_sqhrs,traveling_events,traveling_hrs,traveling_sqhrs
0,0.0,5,359.9452728545666,0.0,0.0,554.0,70.15663992811494,14.621520666174,1382.0,240.9459752243298,51.98727235819585,283.0,48.897627618809636,10.711075167753902,0.0,0.0,0.0,0.0,0.0,0.0
1,0.054,11,360.3179682488839,0.0,1000.0,579.0,70.55853354329778,14.132443954819571,1492.0,254.85934857663904,54.4937408616259,181.0,30.438399803123556,6.426640220465235,8.0,0.7999999999999999,0.08000000000000002,72.0,3.3525098871469017,0.15646433470507534
2,0.054,14,360.32366814868016,1000.0,0.0,573.0,74.03241751817924,15.529513584210356,1506.0,256.2279226546221,54.81047062250992,152.0,24.597742864745353,4.875377299294362,14.0,1.4000000000000001,0.14000000000000007,79.0,3.7532901764752524,0.18004115226337428
3,0.054,10,360.1800399187907,1000.0,1000.0,563.0,67.67615668552365,14.265777126822147,1321.0,226.6288568391498,48.900482339063366,372.0,60.692772490101945,12.752210042915712,16.0,1.6000000000000003,0.1600000000000001,73.0,3.437159291070336,0.16289437585733868
4,0.0,8,360.18565135290754,2000.0,0.0,553.0,69.36769371634303,14.836761094516948,1132.0,192.99668378950423,41.49538569575649,595.0,97.69779244979438,20.183949148055692,0.0,0.0,0.0,0.0,0.0,0.0
5,0.054,6,359.9974450205365,2000.0,1000.0,563.0,72.28045067157846,15.480973799684854,1482.0,245.71001079778395,52.380589112276894,211.0,36.67809038851096,7.9498990471544175,11.0,1.0999999999999999,0.11000000000000004,91.0,4.289669178217242,0.20361796982167316
