id,probability_maraud,successful_mating,next_foraging_time,x_pos,y_pos,foraging_events,foraging_hrs,foraging_sqhrs,staying_events,staying_hrs,staying_sqhrs,repairing_events,repairing_hrs,repairing_sqhrs,marauding_events,marauding_hrs,marauding_sqhrs,traveling_events,traveling_hrs,traveling_sqhrs
0,0.054,10,360.0340220405107,0.0,0.0,579.0,69.67702421125718,14.083765179805251,1375.0,236.24874930713605,50.55748788122154,297.0,48.720568878242666,10.03365794575069,15.0,1.5000000000000002,0.15000000000000008,85.0,4.011891400439461,0.19075788751714656
1,0.054,8,360.4209323030769,0.0,1000.0,566.0,69.21887669365518,13.984669418421971,1449.0,247.87929161164712,53.857548285677794,214.0,36.47203389305491,7.690217383479157,23.0,2.3000000000000007,0.23000000000000015,91.0,4.289669178217241,0.2036179698216732
2,0.0,9,360.32551887471936,1000.0,0.0,570.0,71.33434423143392,14.781133501290805,1081.0,185.3259625626385,39.76422947749271,575.0,103.53304287728305,23.060741380673775,0.0,0.0,0.0,0.0,0.0,0.0
3,0.054,13,360.09495999395034,1000.0,1000.0,569.0,73.74280840085424,15.629731641517395,1149.0,190.6881656383331,39.92641135264225,540.0,91.82619239524237,19.661149677905975,10.0,0.9999999999999999,0.10000000000000003,60.0,2.7969543315913463,0.130744170096022
4,0.054,8,360.1200606641543,2000.0,0.0,583.0,69.67677181475923,14.43282606568703,1704.0,284.9974143526225,60.47377536181256,0.0,0.0,0.0,11.0,1.0999999999999999,0.11000000000000004,93.0,4.305555555555557,0.19933127572016426
5,0.0,6,360.1261016662761,2000.0,1000.0,570.0,68.3188605915612,13.163466881956253,1280.0,212.7056021388018,44.9317510482278,460.0,79.08086702869848,17.173529395462914,0.0,0.0,0.0,0.0,0.0,0.0
