id,probability_maraud,successful_mating,next_foraging_time,x_pos,y_pos,foraging_events,foraging_hrs,foraging_sqhrs,staying_events,staying_hrs,staying_sqhrs,repairing_events,repairing_hrs,repairing_sqhrs,marauding_events,marauding_hrs,marauding_sqhrs,traveling_events,traveling_hrs,traveling_sqhrs
0,0.054,15,360.1249757999485,0.0,0.0,567.0,68.42770455627476,12.904955599809062,1579.0,267.84675318509966,57.88558443123668,108.0,18.312029228731706,3.881894187548944,14.0,1.4000000000000001,0.14000000000000007,86.0,4.019834589108619,0.18861454046639206
1,0.0,9,360.2630542934535,0.0,1000.0,565.0,70.5900677307394,15.04062489498725,1216.0,204.11035892595422,43.683947690066226,518.0,85.33219513947246,18.314364568955785,0.0,0.0,0.0,0.0,0.0,0.0
2,0.054,13,360.2713666994015,1000.0,0.0,565.0,69.41533438380883,14.36235307307956,1091.0,183.2258563536266,39.42954901135952,612.0,104.04139634032734,22.40702584836226,10.0,0.9999999999999999,0.10000000000000003,53.0,2.4537037037037033,0.11359739368998634
3,0.054,7,360.502386256214,1000.0,1000.0,578.0,72.33117775615676,14.856872974839739,1525.0,257.602442320135,55.27141259717127,146.0,24.621843905333662,5.2820289994009215,15.0,1.5000000000000002,0.15000000000000008,85.0,3.9543617389987533,0.18432784636488314
4,0.054,6,359.8660227621625,2000.0,0.0,554.0,70.38728774828897,14.971804253838112,1584.0,265.71213079017156,57.040807065881594,115.0,18.37908974896849,3.977447387603614,14.0,1.4000000000000001,0.14000000000000007,92.0,4.316788920699969,0.2036179698216732
5,0.0,4,360.31160521636184,2000.0,1000.0,568.0,69.75448883980052,14.582852153557292,1246.0,217.38845876028228,47.5838745550153,436.0,72.96118275555276,15.485831168361315,0.0,0.0,0.0,0.0,0.0,0.0
