id,probability_maraud,successful_mating,next_foraging_time,x_pos,y_pos,foraging_events,foraging_hrs,foraging_sqhrs,staying_events,staying_hrs,staying_sqhrs,repairing_events,repairing_hrs,repairing_sqhrs,marauding_events,marauding_hrs,marauding_sqhrs,traveling_events,traveling_hrs,traveling_sqhrs
0,0.0,7,360.15210945011694,0.0,0.0,565.0,69.13142480115948,14.236845702601965,1384.0,235.7877578536029,50.411646965865394,335.0,55.15229826378489,11.300994141830357,0.0,0.0,0.0,0.0,0.0,0.0
1,0.054,8,360.0286114838383,0.0,1000.0,581.0,74.00577438003288,16.26277240417167,1515.0,257.76241965518,54.423978178906566,132.0,23.009239601754487,5.147270653730018,14.0,1.4000000000000001,0.14000000000000007,84.0,3.9655951041431643,0.1886145404663921
2,0.054,20,360.324691576065,1000.0,0.0,573.0,72.53424309396387,15.629407077584602,1511.0,257.94513205593347,55.52674107932305,150.0,24.30340532249342,4.832922808828725,13.0,1.3,0.13000000000000006,87.0,4.046954331591346,0.18861454046639206
3,0.054,6,360.5096919233597,1000.0,1000.0,583.0,69.55917418137948,14.29361152983392,1117.0,188.68513125517646,40.61767843030302,605.0,97.27255240907793,20.152873646043535,13.0,1.3,0.13000000000000006,68.0,3.1865012557752856,0.150034293552812
4,0.0,6,359.9810275469687,2000.0,0.0,552.0,71.51955037162352,15.385056107228896,1236.0,214.5880006898683,46.673037512102,437.0,73.94086226029634,15.670330287925392,0.0,0.0,0.0,0.0,0.0,0.0
5,0.054,7,360.22825407158695,2000.0,1000.0,563.0,69.05885673624043,13.8233900000402,1495.0,249.3951598059426,53.133213815518445,214.0,36.74144723706678,8.221239225048528,12.0,1.2,0.12000000000000005,80.0,3.780409918957979,0.18004115226337428
