id,probability_maraud,successful_mating,next_foraging_time,x_pos,y_pos,foraging_events,foraging_hrs,foraging_sqhrs,staying_events,staying_hrs,staying_sqhrs,repairing_events,repairing_hrs,repairing_sqhrs,marauding_events,marauding_hrs,marauding_sqhrs,traveling_events,traveling_hrs,traveling_sqhrs
0,0.0,6,360.0133394059001,0.0,0.0,582.0,66.30350310026566,12.647678680325676,1301.0,222.55376233346422,48.166857063325295,425.0,71.23616067657348,15.37607700842925,0.0,0.0,0.0,0.0,0.0,0.0
1,0.054,11,360.12092688303443,0.0,1000.0,565.0,70.53535731085759,14.433833605572273,1626.0,277.3680765551695,59.7406002509364,36.0,6.154848409390321,1.452524196216134,12.0,1.2,0.12000000000000005,103.0,4.768518518518524,0.22076474622770872
2,0.054,12,360.347219851619,1000.0,0.0,570.0,70.54034640952709,14.421830389145867,1435.0,240.20947303961606,51.19075508053915,278.0,43.397612065443454,9.099399785977049,16.0,1.6000000000000003,0.1600000000000001,91.0,4.32802228584438,0.20790466392318205
3,0.0,12,360.3665531426278,1000.0,1000.0,552.0,72.83445407578958,16.388010269397597,1193.0,201.8216732153109,43.43846695195404,494.0,85.36498724105742,18.70795755756963,0.0,0.0,0.0,0.0,0.0,0.0
4,0.054,3,360.0726049804271,2000.0,0.0,558.0,69.83588057623987,14.302513188392052,1223.0,206.28670784474613,44.25057130481818,476.0,79.53200571551001,16.890264504809487,10.0,0.9999999999999999,0.10000000000000003,73.0,3.417982737256767,0.16075102880658426
5,0.054,10,360.5886211427714,2000.0,1000.0,568.0,70.97859673869536,15.049461175010558,1562.0,265.4460315911331,57.331609646274785,116.0,18.360687653846853,3.711133078562386,12.0,1.2,0.12000000000000005,89.0,4.13954692418394,0.19290123456790095
