id,probability_maraud,successful_mating,next_foraging_time,x_pos,y_pos,foraging_events,foraging_hrs,foraging_sqhrs,staying_events,staying_hrs,staying_sqhrs,repairing_events,repairing_hrs,repairing_sqhrs,marauding_events,marauding_hrs,marauding_sqhrs,traveling_events,traveling_hrs,traveling_sqhrs
0,0.0,2,360.0296982115852,0.0,0.0,560.0,72.09356869907873,15.695660556412214,1246.0,215.17035631792777,46.45529103287752,457.0,72.98688678629652,15.034187870097425,0.0,0.0,0.0,0.0,0.0,0.0
1,0.054,12,360.0857515545313,0.0,1000.0,583.0,70.21916425839258,13.681407974800008,1658.0,284.6018886955141,61.60951191424714,0.0,0.0,0.0,13.0,1.3,0.13000000000000006,90.0,4.166666666666667,0.19290123456790093
2,0.054,9,360.0173312105881,1000.0,0.0,581.0,70.42873667227349,13.386071863395859,1500.0,248.20213756984575,52.1054157792442,214.0,36.76542868420084,8.057973396906615,12.0,1.2,0.12000000000000005,77.0,3.603167922441952,0.16932441700960202
3,0.0,8,360.297625139088,1000.0,1000.0,573.0,70.41832623629212,16.04062294954183,1122.0,191.99451377489902,41.266308609381156,583.0,97.59154655382203,20.822010895367573,0.0,0.0,0.0,0.0,0.0,0.0
4,0.054,14,360.1332907486693,2000.0,0.0,557.0,71.86592873829694,15.860167781066266,1350.0,228.83154372485316,49.438442249499076,323.0,55.44362027841326,12.108805223441118,10.0,0.9999999999999999,0.10000000000000003,68.0,3.1673247019617166,0.14789094650205756
5,0.054,9,360.49299642859506,2000.0,1000.0,574.0,65.90595820119654,12.439621264380467,1552.0,264.54604876567373,57.14415544009506,145.0,24.185427459939458,5.053408887966806,13.0,1.3,0.13000000000000006,88.0,4.150780289328351,0.19718792866940985
