id,probability_maraud,successful_mating,next_foraging_time,x_pos,y_pos,foraging_events,foraging_hrs,foraging_sqhrs,staying_events,staying_hrs,staying_sqhrs,repairing_events,repairing_hrs,repairing_sqhrs,marauding_events,marauding_hrs,marauding_sqhrs,traveling_events,traveling_hrs,traveling_sqhrs
0,0.0,10,360.5307190395756,0.0,0.0,546.0,73.40521355819772,16.630076452077514,1298.0,225.46747365657953,48.641633797692585,353.0,61.136852919349934,13.469754242150398,0.0,0.0,0.0,0.0,0.0,0.0
1,0.054,10,359.948509382914,0.0,1000.0,573.0,68.91970198946609,13.425132053951671,1516.0,250.08710699736636,52.535365667601226,212.0,35.47080629129165,7.4935866933399256,13.0,1.3,0.13000000000000006,93.0,4.324732109369127,0.2014746227709187
2,0.054,9,360.2091174462979,1000.0,0.0,566.0,77.23115298229078,16.94168363924619,1261.0,211.19634711397936,44.98721507616413,397.0,67.13468894341949,14.41144282813554,11.0,1.0999999999999999,0.11000000000000004,72.0,3.3716864409604708,0.1586076817558298
3,0.054,10,360.33692212662,1000.0,1000.0,563.0,68.4170494534735,13.298988249043246,1269.0,214.76951983066027,45.61904216837415,430.0,71.89370467947256,15.236791750588562,16.0,1.6000000000000003,0.1600000000000001,72.0,3.3716864409604708,0.15860768175582982
4,0.054,9,360.2830593941708,2000.0,0.0,567.0,70.71263391128582,14.598388759197295,1528.0,260.89716007322806,56.30635840436242,139.0,24.1149454188079,5.272698491644675,12.0,1.2,0.12000000000000005,70.0,3.259917294554309,0.15217764060356645
5,0.0,6,359.8756783728555,2000.0,1000.0,565.0,68.58425635153462,13.305762383445245,1441.0,236.41051186783216,49.02261907082988,324.0,55.00577726865381,11.78661175104948,0.0,0.0,0.0,0.0,0.0,0.0
