id,probability_maraud,successful_mating,next_foraging_time,x_pos,y_pos,foraging_events,foraging_hrs,foraging_sqhrs,staying_events,staying_hrs,staying_sqhrs,repairing_events,repairing_hrs,repairing_sqhrs,marauding_events,marauding_hrs,marauding_sqhrs,traveling_events,traveling_hrs,traveling_sqhrs
0,0.054,10,360.0959388940493,0.0,0.0,564.0,71.16739440049714,14.996151587295712,1673.0,283.3898738104249,59.68940578746211,0.0,0.0,0.0,16.0,1.6000000000000003,0.1600000000000001,87.0,4.046954331591347,0.18861454046639203
1,0.0,6,359.9419561022127,0.0,1000.0,569.0,71.1776915006313,15.048039075161029,1264.0,215.1682645289146,45.726393898474704,435.0,73.70176066070897,15.75053322710824,0.0,0.0,0.0,0.0,0.0,0.0
2,0.0,5,360.7314337336557,1000.0,0.0,556.0,66.81455230062252,14.037036221131645,1115.0,185.31299154404485,39.45141620705664,607.0,107.90775373595837,24.132438810477815,0.0,0.0,0.0,0.0,0.0,0.0
3,0.054,16,360.225952233955,1000.0,1000.0,570.0,70.35013058281542,14.7716114840426,1568.0,259.60389539968486,55.14975310355252,141.0,24.418324533218982,5.299803381422479,14.0,1.4000000000000001,0.14000000000000007,91.0,4.251316070590103,0.1993312757201643
4,0.054,8,360.11788361067477,2000.0,0.0,558.0,69.88375504280923,14.58585982587031,1466.0,244.1119046349607,51.9486879252594,236.0,40.166932072481146,8.361487344629941,15.0,1.5000000000000002,0.15000000000000008,94.0,4.390204959478993,0.20576131687242763
5,0.054,9,360.08975900164046,2000.0,1000.0,562.0,70.22411637334666,14.735246461764545,1209.0,204.79705963124633,44.00202849773714,474.0,81.30572825473983,17.741820340677997,10.0,0.9999999999999999,0.10000000000000003,61.0,2.8240740740740735,0.130744170096022
