id,probability_maraud,successful_mating,next_foraging_time,x_pos,y_pos,foraging_events,foraging_hrs,foraging_sqhrs,staying_events,staying_hrs,staying_sqhrs,repairing_events,repairing_hrs,repairing_sqhrs,marauding_events,marauding_hrs,marauding_sqhrs,traveling_events,traveling_hrs,traveling_sqhrs
0,0.0,7,360.12180256874575,0.0,0.0,554.0,72.45728560905489,15.621035246600266,1323.0,221.02892757086616,46.721133758970495,398.0,66.70770013243077,14.24490096803638,0.0,0.0,0.0,0.0,0.0,0.0
1,0.054,16,360.12634953549633,0.0,1000.0,553.0,70.26218988642098,16.24524027939451,1686.0,284.3706248629118,61.35649635249365,0.0,0.0,0.0,12.0,1.2,0.12000000000000005,93.0,4.324732109369127,0.20147462277091874
2,0.054,7,360.18674469229325,1000.0,0.0,557.0,70.84576727374962,15.326920661876647,1547.0,259.5665338736922,55.678173683151215,147.0,24.501544538012162,5.025604122891207,8.0,0.7999999999999999,0.08000000000000002,92.0,4.355142028327107,0.2079046639231821
3,0.0,13,360.30418549715654,1000.0,1000.0,564.0,71.6144817510908,15.305897937806305,1378.0,230.8587225069556,49.338694540676414,343.0,57.590618699624066,12.205253372108107,0.0,0.0,0.0,0.0,0.0,0.0
4,0.054,5,360.37485614279893,2000.0,0.0,560.0,72.69406524205057,16.94446657046268,1135.0,191.56983849533682,40.67854096031001,522.0,92.25071394628779,20.175932467570128,9.0,0.8999999999999999,0.09000000000000002,58.0,2.7043617389987538,0.1264574759945131
5,0.054,6,360.6521787074099,2000.0,1000.0,570.0,68.13349763273824,13.431693668536697,1511.0,255.68456834374155,54.38959389193958,182.0,30.73421180556396,6.629533462411184,16.0,1.6000000000000003,0.1600000000000001,87.0,4.027777777777777,0.1864711934156376
