id,probability_maraud,successful_mating,next_foraging_time,x_pos,y_pos,foraging_events,foraging_hrs,foraging_sqhrs,staying_events,staying_hrs,staying_sqhrs,repairing_events,repairing_hrs,repairing_sqhrs,marauding_events,marauding_hrs,marauding_sqhrs,traveling_events,traveling_hrs,traveling_sqhrs
0,0.054,9,360.07754367651876,0.0,0.0,569.0,72.50260822449368,15.661794736205021,1341.0,226.79716473453254,49.17374395620662,327.0,54.85530590478007,11.773756560589826,17.0,1.7000000000000004,0.1700000000000001,88.0,4.150780289328351,0.19718792866940985
1,0.054,7,359.9686271707012,0.0,1000.0,554.0,69.45584350553766,14.227753435371817,1218.0,207.3343884523177,44.766910975332294,472.0,79.10571925754927,17.063766897329334,9.0,0.8999999999999999,0.09000000000000002,68.0,3.2248543634024243,0.15432098765432092
2,0.054,12,360.3008474567294,1000.0,0.0,566.0,71.49829694596163,14.925226430217178,1195.0,202.37197413289164,43.19427552264848,483.0,81.10781374179714,17.127605205391266,11.0,1.0999999999999999,0.11000000000000004,84.0,3.946418550329595,0.1864711934156376
3,0.054,15,360.5437434017868,1000.0,1000.0,557.0,70.61711514537629,15.61258655097437,1437.0,241.97073268996184,50.87613629665769,244.0,42.69169530354936,9.31375987679161,11.0,1.0999999999999999,0.11000000000000004,82.0,3.8538259577370026,0.18218449931412872
4,0.0,5,360.485553280369,2000.0,0.0,569.0,68.75787884391484,13.858009756220024,1536.0,266.8612767826289,58.37525385841583,141.0,24.44930671280565,5.221173347479991,0.0,0.0,0.0,0.0,0.0,0.0
5,0.0,6,360.12896254030596,2000.0,1000.0,573.0,70.86082264816423,14.466120190274856,1679.0,283.0410278424744,60.99577191370647,35.0,6.181104272909998,1.2953682295499063,0.0,0.0,0.0,0.0,0.0,0.0
