id,probability_maraud,successful_mating,next_foraging_time,x_pos,y_pos,foraging_events,foraging_hrs,foraging_sqhrs,staying_events,staying_hrs,staying_sqhrs,repairing_events,repairing_hrs,repairing_sqhrs,marauding_events,marauding_hrs,marauding_sqhrs,traveling_events,traveling_hrs,traveling_sqhrs
0,0.054,8,360.42708454259173,0.0,0.0,571.0,70.63071158890389,14.90701860729507,1357.0,232.51157606888077,50.40402719523048,304.0,51.99207514042736,11.27383865999922,12.0,1.2,0.12000000000000005,79.0,3.6957605150345447,0.17361111111111094
1,0.054,9,360.18179987272197,0.0,1000.0,565.0,73.45096843146773,15.701216415289206,1307.0,220.29675035765132,47.450226194038095,350.0,60.99649650781805,13.312972164913388,16.0,1.6000000000000003,0.1600000000000001,81.0,3.7883531076271373,0.17789780521261983
2,0.0,13,360.042507869704,1000.0,0.0,565.0,70.05921056979172,14.049653816159514,1433.0,241.13360951728563,51.263074856911054,285.0,48.86709627749953,10.677489967192841,0.0,0.0,0.0,0.0,0.0,0.0
3,0.054,11,360.08760896834224,1000.0,1000.0,555.0,65.06498342768671,11.99594733703806,1241.0,206.58007372928247,44.23954053553872,495.0,83.89067336293263,17.827889224903323,12.0,1.2,0.12000000000000005,70.0,3.3174469559950164,0.15860768175582982
4,0.0,3,360.5522482244833,2000.0,0.0,576.0,71.09641483594159,14.483613998058134,1450.0,246.3272510225571,53.10802858488178,271.0,42.73514120141481,8.586660864528353,0.0,0.0,0.0,0.0,0.0,0.0
5,0.054,10,360.2213699382672,2000.0,1000.0,572.0,69.92454010443575,14.771893938082703,1509.0,254.03673104795325,54.6910045432808,179.0,30.579439902275812,6.283664068355245,13.0,1.3,0.13000000000000006,91.0,4.232139516776534,0.19718792866940982
