id,probability_maraud,successful_mating,next_foraging_time,x_pos,y_pos,foraging_events,foraging_hrs,foraging_sqhrs,staying_events,staying_hrs,staying_sqhrs,repairing_events,repairing_hrs,repairing_sqhrs,marauding_events,marauding_hrs,marauding_sqhrs,traveling_events,traveling_hrs,traveling_sqhrs
0,0.0,4,360.18447794753496,0.0,0.0,582.0,69.80801907869133,13.769104092973501,1361.0,229.05687233539504,48.76992393761992,364.0,61.17429654467946,12.910348121565947,0.0,0.0,0.0,0.0,0.0,0.0
1,0.054,3,360.3317076467758,0.0,1000.0,556.0,68.73456988284163,14.35143605712222,1700.0,286.5893705112476,61.46543102141352,0.0,0.0,0.0,8.0,0.7999999999999999,0.08000000000000002,88.0,4.0740740740740735,0.18861454046639203
2,0.054,20,360.14682618230563,1000.0,0.0,570.0,71.44816800965474,15.059347134354175,1435.0,239.1242142224727,50.15174817614124,260.0,42.787332317556064,8.898764665136271,21.0,2.1000000000000005,0.21000000000000013,98.0,4.652096359918457,0.22290809327846328
3,0.0,8,359.98228090243634,1000.0,1000.0,565.0,70.76415762202122,14.698984496326485,1156.0,191.80696097232996,39.98253631625342,573.0,97.54969998754258,20.742078950794014,0.0,0.0,0.0,0.0,0.0,0.0
4,0.054,11,359.9147610675773,2000.0,0.0,563.0,72.70294700491215,15.102324171328375,1165.0,196.5922587259641,42.270044908407755,493.0,86.95262149364541,19.181393831964808,12.0,1.2,0.12000000000000005,55.0,2.565472850109865,0.12002743484224972
5,0.054,8,360.05135795808445,2000.0,1000.0,563.0,68.80971499480206,14.309848216096588,1466.0,249.6919469911159,53.50837718921715,225.0,36.543340556282175,7.30433727493687,13.0,1.3,0.13000000000000006,85.0,3.9735382928123224,0.1864711934156376
