id,probability_maraud,successful_mating,next_foraging_time,x_pos,y_pos,foraging_events,foraging_hrs,foraging_sqhrs,staying_events,staying_hrs,staying_sqhrs,repairing_events,repairing_hrs,repairing_sqhrs,marauding_events,marauding_hrs,marauding_sqhrs,traveling_events,traveling_hrs,traveling_sqhrs
0,0.054,4,360.3205722129747,0.0,0.0,569.0,70.20982909908255,14.867392109936512,1311.0,221.0825632767722,47.352068160919224,386.0,64.49457710712163,13.331271015227708,12.0,1.2,0.12000000000000005,66.0,3.113085216996262,0.14789094650205759
1,0.054,10,359.96895509043645,0.0,1000.0,576.0,66.43721604745168,12.593426272904647,1545.0,259.11036655545684,54.784910464893166,183.0,30.33890702289886,6.7288930740121495,8.0,0.7999999999999999,0.08000000000000002,74.0,3.425925925925925,0.1586076817558298
2,0.054,10,360.2648461626203,1000.0,0.0,573.0,69.72215561591112,13.64257895499587,1524.0,254.26773409559092,54.29713032861234,186.0,30.341437786939537,6.121594897639588,11.0,1.0999999999999999,0.11000000000000004,100.0,4.667982737256773,0.21862139917695428
3,0.0,12,359.9665852741954,1000.0,1000.0,567.0,70.76463266909006,14.688067929109204,1290.0,215.8595829468315,45.51616479280335,418.0,73.46098673271233,16.005528258702483,0.0,0.0,0.0,0.0,0.0,0.0
4,0.0,9,360.23407364904494,2000.0,0.0,568.0,70.96232216169537,14.789827786957117,1482.0,252.61689811607582,54.33586244083179,209.0,36.6149669170889,7.887876658077981,0.0,0.0,0.0,0.0,0.0,0.0
5,0.054,9,360.07236803112704,2000.0,1000.0,563.0,73.79225451922198,16.29850406453818,1638.0,281.2873084904449,60.74913219960343,0.0,0.0,0.0,8.0,0.7999999999999999,0.08000000000000002,89.0,4.235429693251787,0.20361796982167318
