id,probability_maraud,successful_mating,next_foraging_time,x_pos,y_pos,foraging_events,foraging_hrs,foraging_sqhrs,staying_events,staying_hrs,staying_sqhrs,repairing_events,repairing_hrs,repairing_sqhrs,marauding_events,marauding_hrs,marauding_sqhrs,traveling_events,traveling_hrs,traveling_sqhrs
0,0.0,8,360.50148360390534,0.0,0.0,552.0,69.0713246527113,14.04657246421925,1329.0,229.72754154065365,49.784236388142105,362.0,61.324340960121084,12.943055402718603,0.0,0.0,0.0,0.0,0.0,0.0
1,0.054,7,360.4343900369854,0.0,1000.0,575.0,74.64272234931954,16.261071097814973,1693.0,278.9036484652864,59.26158157287663,0.0,0.0,0.0,20.0,2.0000000000000004,0.20000000000000012,95.0,4.513207471029567,0.21647805212619992
2,0.054,11,360.36450908482556,1000.0,0.0,554.0,75.3471955639395,17.30176542252583,1406.0,241.98106536882642,52.39483664994946,225.0,36.380483648117796,7.5435108940113516,18.0,1.8000000000000005,0.1800000000000001,99.0,4.6025098871469075,0.2143347050754454
3,0.0,12,360.05745839493426,1000.0,1000.0,581.0,72.60256310208085,15.735409918593254,1074.0,177.3701477052362,37.80394912162052,655.0,110.04583710711019,23.33186844121785,0.0,0.0,0.0,0.0,0.0,0.0
4,0.054,7,360.30255399587173,2000.0,0.0,575.0,65.68835241336843,11.399404411589707,1196.0,204.46982748377488,44.65290199930747,490.0,85.35509976190392,19.061697303827017,12.0,1.2,0.12000000000000005,73.0,3.398806183443198,0.1586076817558298
5,0.054,9,360.290867191614,2000.0,1000.0,572.0,73.33553840544647,16.635722171929977,1372.0,232.3692339310323,49.70648938337222,298.0,50.38213002918208,10.862925708545259,7.0,0.7,0.07,70.0,3.279093848367878,0.1543209876543209
