id,probability_maraud,successful_mating,next_foraging_time,x_pos,y_pos,foraging_events,foraging_hrs,foraging_sqhrs,staying_events,staying_hrs,staying_sqhrs,repairing_events,repairing_hrs,repairing_sqhrs,marauding_events,marauding_hrs,marauding_sqhrs,traveling_events,traveling_hrs,traveling_sqhrs
0,0.054,8,360.50624038950906,0.0,0.0,565.0,72.25407939263032,15.246624170635933,1466.0,239.72841111382857,50.16068938657768,253.0,42.540053934142584,9.438295901363027,11.0,1.0999999999999999,0.11000000000000004,96.0,4.482797552071586,0.21004801097393652
1,0.054,15,360.1966932222975,0.0,1000.0,561.0,72.53704145919892,15.881561620638212,1506.0,251.97952265733863,53.75441290288449,173.0,30.628798849090543,6.790345945313506,13.0,1.3,0.13000000000000006,80.0,3.76123336514441,0.17789780521261986
2,0.0,8,360.3448199842398,1000.0,0.0,564.0,74.55459531807304,15.85080740373293,1276.0,213.9628324736599,45.41712875486429,428.0,71.58137177163604,15.084271819938246,0.0,0.0,0.0,0.0,0.0,0.0
3,0.0,9,359.71640987466407,1000.0,1000.0,573.0,67.45213887251897,12.505252606273956,1271.0,213.35778460715244,45.115763683902145,467.0,79.23198568427908,17.141270684472087,0.0,0.0,0.0,0.0,0.0,0.0
4,0.054,6,360.17799051454085,2000.0,0.0,574.0,70.1633277184601,14.154165140270809,1363.0,229.77995077372486,48.90453865533168,328.0,54.88949365514925,11.637922399702024,14.0,1.4000000000000001,0.14000000000000007,82.0,3.8154728501098645,0.1778978052126198
5,0.054,8,360.49854396496875,2000.0,1000.0,566.0,70.75237763282848,14.341437002443204,1509.0,249.67879623242766,52.45181550297897,215.0,33.9999583741743,6.723703622459326,14.0,1.4000000000000001,0.14000000000000007,89.0,4.177900031811078,0.19718792866940985
