id,probability_maraud,successful_mating,next_foraging_time,x_pos,y_pos,foraging_events,foraging_hrs,foraging_sqhrs,staying_events,staying_hrs,staying_sqhrs,repairing_events,repairing_hrs,repairing_sqhrs,marauding_events,marauding_hrs,marauding_sqhrs,traveling_events,traveling_hrs,traveling_sqhrs
0,0.054,9,360.19739115321477,0.0,0.0,563.0,68.70019593064912,14.245249637484225,1645.0,280.2789441142266,60.55662402588553,33.0,6.106230483411765,1.3158886586006495,13.0,1.3,0.13000000000000006,80.0,3.76123336514441,0.17789780521261986
1,0.0,2,360.79398213238517,0.0,1000.0,570.0,70.17611503789311,14.537347233642835,1393.0,235.14560271379997,49.966563668987156,339.0,54.814900084402005,11.468058350952045,0.0,0.0,0.0,0.0,0.0,0.0
2,0.0,9,359.7965315367005,1000.0,0.0,561.0,72.62692812578149,14.513963055421867,1004.0,171.64275155430573,37.08705285429616,697.0,115.80788069594708,24.43162100838267,0.0,0.0,0.0,0.0,0.0,0.0
3,0.054,15,360.49238533638896,1000.0,1000.0,565.0,70.34666137109541,14.406263654488077,1454.0,241.79167367197638,50.97705968315386,246.0,42.55644099686023,9.145576933786788,13.0,1.3,0.13000000000000006,86.0,4.058187696735758,0.19290123456790095
4,0.054,12,360.2719586227735,2000.0,0.0,572.0,73.19381179937379,14.680806772161963,1583.0,263.728033392981,56.11730178806818,109.0,18.20981654315897,3.897484031191991,13.0,1.3,0.13000000000000006,81.0,3.7883531076271373,0.17789780521261983
5,0.054,7,360.27846400180874,2000.0,1000.0,581.0,72.65113013160537,15.793024306834953,1322.0,221.82023060429498,47.45540734686721,357.0,60.789866250075335,13.003218662775078,10.0,0.9999999999999999,0.10000000000000003,81.0,3.769176553813568,0.17575445816186536
