id,probability_maraud,successful_mating,next_foraging_time,x_pos,y_pos,foraging_events,foraging_hrs,foraging_sqhrs,staying_events,staying_hrs,staying_sqhrs,repairing_events,repairing_hrs,repairing_sqhrs,marauding_events,marauding_hrs,marauding_sqhrs,traveling_events,traveling_hrs,traveling_sqhrs
0,0.054,5,360.1338872317056,0.0,0.0,579.0,67.09032513856232,12.79057407566431,1626.0,275.2188223899478,59.34950585775804,67.0,12.192282843671626,2.8222768606734503,12.0,1.2,0.12000000000000005,92.0,4.355142028327107,0.20790466392318208
1,0.0,10,360.32609250421694,0.0,1000.0,579.0,70.33149002427106,13.911847415179516,1584.0,265.55365982696304,56.027384320992155,146.0,24.31436336798338,5.043351351462795,0.0,0.0,0.0,0.0,0.0,0.0
2,0.054,11,360.38397906588375,1000.0,0.0,557.0,72.29112821183786,15.329740830928946,1184.0,202.566976046778,43.99185752001689,463.0,81.01595909121515,17.87468343577547,11.0,1.0999999999999999,0.11000000000000004,65.0,3.0284358130728277,0.14146090534979422
3,0.0,5,360.58335651809534,1000.0,1000.0,563.0,71.14323780166694,15.679394213688969,1302.0,227.70903237275496,49.428148990636394,361.0,61.18013711816101,13.305732033264755,0.0,0.0,0.0,0.0,0.0,0.0
4,0.054,6,360.6359131867742,2000.0,0.0,576.0,68.10435535560228,13.493072344874829,1373.0,232.175064153385,49.92463133690432,309.0,55.0850035514032,11.886315747140383,13.0,1.3,0.13000000000000006,72.0,3.3525098871469017,0.15646433470507534
5,0.054,17,360.33994734805265,2000.0,1000.0,582.0,69.7651524968297,13.615698141761353,1485.0,249.3055721436979,53.04345563375818,225.0,36.73371109711274,7.846276448604606,9.0,0.8999999999999999,0.09000000000000002,73.0,3.398806183443198,0.15860768175582982
