id,probability_maraud,successful_mating,next_foraging_time,x_pos,y_pos,foraging_events,foraging_hrs,foraging_sqhrs,staying_events,staying_hrs,staying_sqhrs,repairing_events,repairing_hrs,repairing_sqhrs,marauding_events,marauding_hrs,marauding_sqhrs,traveling_events,traveling_hrs,traveling_sqhrs
0,0.054,11,360.8686056207939,0.0,0.0,578.0,66.97732660143033,13.106469217986424,1470.0,250.49007692347962,53.60981268007104,215.0,36.97788746363195,8.027639103663489,16.0,1.6000000000000003,0.1600000000000001,91.0,4.232139516776534,0.19718792866940985
1,0.054,6,360.41666291667326,0.0,1000.0,567.0,71.16201428392579,15.243117836135735,1302.0,218.73402622360692,47.00878771217509,373.0,65.58758326610675,14.55726972610859,7.0,0.7,0.07,82.0,3.8346494039234336,0.18004115226337428
2,0.0,10,359.95927505987447,1000.0,0.0,571.0,69.63659074354747,14.586184302433729,1201.0,205.5973629207174,43.98942871989655,490.0,84.78192684105302,18.294431734504272,0.0,0.0,0.0,0.0,0.0,0.0
3,0.054,15,359.9675833502492,1000.0,1000.0,566.0,75.22583810010644,17.297429919920084,1416.0,231.34947435183753,48.80780747644103,287.0,48.805109856700994,10.208191671211708,14.0,1.4000000000000001,0.14000000000000007,69.0,3.232797552071582,0.15217764060356645
4,0.0,5,360.5299352792304,2000.0,0.0,551.0,72.85605485506753,15.869488039051676,1349.0,222.38941758989694,46.85691280954948,382.0,64.91736687823148,14.075597319604922,0.0,0.0,0.0,0.0,0.0,0.0
5,0.054,7,360.37847966287967,2000.0,1000.0,583.0,73.83530080501892,15.033164883307547,1523.0,255.46901146846548,54.10251615738987,152.0,24.783753327028588,5.248883561353675,17.0,1.7000000000000004,0.1700000000000001,92.0,4.2976123668863995,0.20147462277091874
