id,probability_maraud,successful_mating,next_foraging_time,x_pos,y_pos,foraging_events,foraging_hrs,foraging_sqhrs,staying_events,staying_hrs,staying_sqhrs,repairing_events,repairing_hrs,repairing_sqhrs,marauding_events,marauding_hrs,marauding_sqhrs,traveling_events,traveling_hrs,traveling_sqhrs
0,0.054,5,360.2367829547723,0.0,0.0,573.0,71.5270559022978,15.047468405004807,1217.0,204.7227158477894,43.60928433102431,456.0,79.71448574982246,17.29808471502615,7.0,0.7,0.07,72.0,3.3525098871469017,0.15646433470507534
1,0.054,6,359.9857591979875,0.0,1000.0,568.0,76.28055317083646,16.86697889050821,1537.0,260.2489322539739,55.50290591107923,105.0,18.172578649913902,3.8415885222822146,14.0,1.4000000000000001,0.14000000000000007,84.0,3.946418550329595,0.18647119341563761
2,0.054,13,360.69149932088067,1000.0,0.0,572.0,68.51744785416983,13.172355913153766,1520.0,257.13946274649254,55.3826952887175,181.0,30.374698884731487,6.433125942365126,7.0,0.7,0.07,75.0,3.5105753298493596,0.16503772290809313
3,0.0,13,360.3380058007394,1000.0,1000.0,560.0,72.24546110725764,14.806637735427362,1134.0,196.48938949848318,43.12756671302353,550.0,91.3921407523934,19.67256486812081,0.0,0.0,0.0,0.0,0.0,0.0
4,0.0,6,360.23210809952315,2000.0,0.0,559.0,73.56631011794332,15.801917458254321,1284.0,213.05103327480197,45.125688114362084,425.0,73.42373016190568,15.9624391081259,0.0,0.0,0.0,0.0,0.0,0.0
5,0.054,11,359.95974996854255,2000.0,1000.0,565.0,74.81321561162572,16.44336937562911,1640.0,278.1125433342606,59.05286419974303,0.0,0.0,0.0,20.0,2.0000000000000004,0.20000000000000012,109.0,5.18053217299129,0.24862825788751663
