id,probability_maraud,successful_mating,next_foraging_time,x_pos,y_pos,foraging_events,foraging_hrs,foraging_sqhrs,staying_events,staying_hrs,staying_sqhrs,repairing_events,repairing_hrs,repairing_sqhrs,marauding_events,marauding_hrs,marauding_sqhrs,traveling_events,traveling_hrs,traveling_sqhrs
0,0.0,8,359.8930261198905,0.0,0.0,557.0,74.59038446580406,16.992744878160902,1450.0,248.57320117851327,53.28047864344351,212.0,36.85625126074919,8.203915122186956,0.0,0.0,0.0,0.0,0.0,0.0
1,0.054,5,360.179253851945,0.0,1000.0,562.0,73.14777080462252,16.16371630556721,1503.0,256.12801918537434,55.36063605304531,150.0,24.804055929229584,5.228742916285581,16.0,1.6000000000000003,0.1600000000000001,95.0,4.43650125577529,0.20790466392318205
2,0.054,16,360.0417695213487,1000.0,0.0,573.0,68.04481642784101,13.592489490630816,1454.0,249.29471852644903,53.96062768211339,209.0,36.71549387342283,8.12120702996762,14.0,1.4000000000000001,0.14000000000000007,101.0,4.733455587366639,0.2229080932784632
3,0.054,9,360.31211480984035,1000.0,1000.0,580.0,68.62952045707463,13.59332842108127,936.0,155.89025156886635,32.984766708126855,807.0,132.40724661212306,27.685477275734016,10.0,0.9999999999999999,0.10000000000000003,45.0,2.179216102401179,0.10716735253772296
4,0.0,6,360.0628195348868,2000.0,0.0,561.0,71.98919827976778,15.177878522961217,1392.0,232.88704422619352,49.77521693422678,326.0,55.20376417604665,11.76667515381931,0.0,0.0,0.0,0.0,0.0,0.0
5,0.054,10,360.1049038880375,2000.0,1000.0,575.0,68.27929804779289,13.29429878188246,1575.0,262.68577875068536,55.73166095641559,149.0,24.376167816506758,5.404336957590864,11.0,1.0999999999999999,0.11000000000000004,77.0,3.6415210300690903,0.173611111111111
