id,probability_maraud,successful_mating,next_foraging_time,x_pos,y_pos,foraging_events,foraging_hrs,foraging_sqhrs,staying_events,staying_hrs,staying_sqhrs,repairing_events,repairing_hrs,repairing_sqhrs,marauding_events,marauding_hrs,marauding_sqhrs,traveling_events,traveling_hrs,traveling_sqhrs
0,0.054,10,360.16086738928664,0.0,0.0,554.0,70.54988849453207,14.635809334500069,1342.0,224.8778736831974,47.99234838389857,349.0,59.125760399066316,12.587019485245834,15.0,1.5000000000000002,0.15000000000000008,85.0,3.9543617389987533,0.18432784636488314
1,0.054,3,359.89035446344644,0.0,1000.0,559.0,76.9294809899261,17.097544651463068,1264.0,210.86760057967734,44.515615686380144,392.0,67.10028366085328,14.471798945594019,14.0,1.4000000000000001,0.14000000000000007,80.0,3.742056811330841,0.1757544581618654
2,0.054,14,360.03978032133716,1000.0,0.0,577.0,71.25776643929251,14.615425909376864,1233.0,204.84702241273487,42.892432472362565,476.0,78.9439904027066,16.658876977711408,17.0,1.7000000000000004,0.1700000000000001,71.0,3.3637432522913127,0.16075102880658426
3,0.054,8,359.9911306025072,1000.0,1000.0,563.0,70.41258311432,14.538966639441297,1177.0,199.74899804008191,43.163384266930066,504.0,85.63672409603014,18.68142989921639,13.0,1.3,0.13000000000000006,62.0,2.908723477997508,0.13717421124828533
4,0.0,10,359.93886907673823,2000.0,0.0,561.0,69.57260033155458,14.830349213469004,1441.0,241.90199059923023,51.91414684608773,283.0,48.59349182229178,10.757633971433687,0.0,0.0,0.0,0.0,0.0,0.0
5,0.0,9,360.2205214935055,2000.0,1000.0,576.0,69.28051699696844,14.490651349844006,1605.0,277.1930274580996,59.79240973582662,83.0,13.597870362606818,2.9592788829142083,0.0,0.0,0.0,0.0,0.0,0.0
