id,probability_maraud,successful_mating,next_foraging_time,x_pos,y_pos,foraging_events,foraging_hrs,foraging_sqhrs,staying_events,staying_hrs,staying_sqhrs,repairing_events,repairing_hrs,repairing_sqhrs,marauding_events,marauding_hrs,marauding_sqhrs,traveling_events,traveling_hrs,traveling_sqhrs
0,0.054,5,359.9995078190986,0.0,0.0,578.0,71.04537763420825,13.94678296406292,1469.0,246.9689115672849,52.6217741652975,212.0,36.55044949362099,7.653537778122794,14.0,1.4000000000000001,0.14000000000000007,91.0,4.232139516776534,0.19718792866940982
1,0.0,7,360.04978235619797,0.0,1000.0,551.0,69.87835118377525,13.906440447560986,1245.0,213.77558381462617,45.73930608058203,448.0,76.44708555808978,16.429876741898127,0.0,0.0,0.0,0.0,0.0,0.0
2,0.054,10,359.96087909861376,1000.0,0.0,558.0,69.83289434619594,14.191376393122598,1255.0,212.03936954226893,45.54071356541191,430.0,73.07942119680857,15.67154905519843,17.0,1.7000000000000004,0.1700000000000001,74.0,3.4642790335530633,0.1628943758573387
3,0.054,11,360.5254225263667,1000.0,1000.0,568.0,69.33207013446352,13.922764047964487,1332.0,224.3250741260625,47.61231874752837,353.0,61.38566194179989,13.099989721806121,14.0,1.4000000000000001,0.14000000000000007,79.0,3.7149370688481143,0.17575445816186536
4,0.0,11,360.134500312148,2000.0,0.0,567.0,71.74420922890525,14.73176954518408,1363.0,227.92206657288008,48.07267860723538,358.0,60.58470367531331,12.841517945776355,0.0,0.0,0.0,0.0,0.0,0.0
5,0.054,10,360.01439057698974,2000.0,1000.0,558.0,67.98373078922634,13.806371930549378,1577.0,269.1223666631874,57.9270053481813,112.0,18.187275126445833,3.936005722797269,10.0,0.9999999999999999,0.10000000000000003,81.0,3.769176553813568,0.17575445816186536
