id,probability_maraud,successful_mating,next_foraging_time,x_pos,y_pos,foraging_events,foraging_hrs,foraging_sqhrs,staying_events,staying_hrs,staying_sqhrs,repairing_events,repairing_hrs,repairing_sqhrs,marauding_events,marauding_hrs,marauding_sqhrs,traveling_events,traveling_hrs,traveling_sqhrs
0,0.054,6,360.08040005669585,0.0,0.0,568.0,72.60180105401642,15.997382518240524,1330.0,221.6878056208035,46.33685053984837,367.0,60.94199978352049,12.799246740609302,12.0,1.2,0.12000000000000005,78.0,3.6111111111111103,0.16718106995884757
1,0.054,2,359.98068826292496,0.0,1000.0,562.0,75.52669594891748,16.954110641725187,1395.0,236.67747311283202,50.836612291916126,240.0,42.5932987056884,9.650995436214167,18.0,1.8000000000000005,0.1800000000000001,76.0,3.556871626145656,0.16718106995884757
2,0.0,7,360.17837416156493,1000.0,0.0,556.0,72.30063967044094,15.809302458328037,1162.0,191.7670326617264,40.14546740650054,550.0,95.98457877595652,21.366935280431473,0.0,0.0,0.0,0.0,0.0,0.0
3,0.054,16,360.15675393440813,1000.0,1000.0,563.0,70.71365742003287,14.902427564729441,1403.0,236.76683977089363,51.37099654147555,287.0,48.46264564084054,10.482733818764382,12.0,1.2,0.12000000000000005,62.0,2.87037037037037,0.13288751714677643
4,0.054,14,360.2904299967089,2000.0,0.0,556.0,69.82384025441819,14.76188518952782,1712.0,284.41713097899435,60.081439202111156,0.0,0.0,0.0,16.0,1.6000000000000003,0.1600000000000001,94.0,4.390204959478993,0.20576131687242763
5,0.0,9,360.2044068581727,2000.0,1000.0,552.0,68.00084163747655,14.361928897546345,1133.0,191.24859205593137,40.981713294270435,584.0,100.78696505763247,21.737056073305485,0.0,0.0,0.0,0.0,0.0,0.0
