id,probability_maraud,successful_mating,next_foraging_time,x_pos,y_pos,foraging_events,foraging_hrs,foraging_sqhrs,staying_events,staying_hrs,staying_sqhrs,repairing_events,repairing_hrs,repairing_sqhrs,marauding_events,marauding_hrs,marauding_sqhrs,traveling_events,traveling_hrs,traveling_sqhrs
0,0.054,7,359.9035206791426,0.0,0.0,565.0,68.99023694832117,14.443067360854869,1530.0,254.09486366457563,53.85702109499931,189.0,30.372066761528675,6.379116280649441,16.0,1.6000000000000003,0.1600000000000001,106.0,4.964937068848123,0.23362482853223546
1,0.054,9,360.12651515129994,0.0,1000.0,547.0,68.20534567699868,14.58062688745391,1377.0,232.89155345468455,49.871920138648534,329.0,54.27096649569002,11.877965194562996,13.0,1.3,0.13000000000000006,72.0,3.39086299477404,0.1607510288065843
2,0.0,9,359.82944885842454,1000.0,0.0,575.0,73.35851654182508,15.699381207438769,1173.0,200.92361498202388,42.64212497860161,507.0,85.72451044606646,18.491964381996645,0.0,0.0,0.0,0.0,0.0,0.0
3,0.054,12,359.8783972788068,1000.0,1000.0,569.0,66.80814196256705,13.614442040350015,1277.0,215.56546900334953,46.07918622618218,440.0,73.56730251256386,15.469813835439478,10.0,0.9999999999999999,0.10000000000000003,67.0,3.1210284056654203,0.1457475994513031
4,0.0,6,359.9145578698338,2000.0,0.0,571.0,71.69836076148206,15.023223725128506,1500.0,251.21369395084037,53.78406423630056,206.0,37.102185970228376,8.36797404567455,0.0,0.0,0.0,0.0,0.0,0.0
5,0.054,11,360.5619358327208,2000.0,1000.0,559.0,68.53025638922196,14.454376046482757,1556.0,262.3300339387585,55.60682795791112,138.0,24.566923880475855,5.3832985122856485,11.0,1.0999999999999999,0.11000000000000004,81.0,3.769176553813568,0.17575445816186536
