id,probability_maraud,successful_mating,next_foraging_time,x_pos,y_pos,foraging_events,foraging_hrs,foraging_sqhrs,staying_events,staying_hrs,staying_sqhrs,repairing_events,repairing_hrs,repairing_sqhrs,marauding_events,marauding_hrs,marauding_sqhrs,traveling_events,traveling_hrs,traveling_sqhrs
0,0.054,6,360.3582660316098,0.0,0.0,570.0,70.7763856109029,15.302318252807945,1207.0,205.63322867313008,43.91071999011507,483.0,79.05794555934948,16.550660066601953,13.0,1.3,0.13000000000000006,71.0,3.3062135908506054,0.1543209876543209
1,0.054,10,360.09007280028055,0.0,1000.0,572.0,70.06775874371034,14.327806507180206,1437.0,242.76759450236113,51.866545960963684,250.0,42.76995345659111,9.15231401593312,8.0,0.7999999999999999,0.08000000000000002,80.0,3.722880257517272,0.1736111111111109
2,0.054,12,360.6837733259785,1000.0,0.0,569.0,66.78767980609567,13.395315916799367,1480.0,251.42860055305235,54.81547802588741,221.0,36.59468694419345,7.561769217199975,12.0,1.2,0.12000000000000005,91.0,4.270492624403672,0.20147462277091877
3,0.0,10,360.18376709650886,1000.0,1000.0,575.0,69.48562499462814,14.119767526394668,1312.0,217.663648815031,46.25795677516218,432.0,73.0856920735091,15.4030190032785,0.0,0.0,0.0,0.0,0.0,0.0
4,0.0,4,360.10316830209825,2000.0,0.0,573.0,69.37547150617253,13.684908334762943,1320.0,223.85221072521645,48.18361620311585,385.0,66.8218026919455,14.375544812691945,0.0,0.0,0.0,0.0,0.0,0.0
5,0.054,12,359.898884317486,2000.0,1000.0,556.0,73.1263954398315,15.719773638815639,1681.0,280.26961697923696,59.272734506269494,0.0,0.0,0.0,16.0,1.6000000000000003,0.1600000000000001,109.0,5.065472850109875,0.23576817558298985
