id,probability_maraud,successful_mating,next_foraging_time,x_pos,y_pos,foraging_events,foraging_hrs,foraging_sqhrs,staying_events,staying_hrs,staying_sqhrs,repairing_events,repairing_hrs,repairing_sqhrs,marauding_events,marauding_hrs,marauding_sqhrs,traveling_events,traveling_hrs,traveling_sqhrs
0,0.0,7,360.122180861227,0.0,0.0,559.0,74.78352533760392,17.931737661304638,1432.0,242.69843289247635,51.363423600897626,252.0,42.707477381952394,9.229939066467194,0.0,0.0,0.0,0.0,0.0,0.0
1,0.054,6,360.2150021176249,0.0,1000.0,554.0,71.71137851914789,16.0477933380673,1684.0,282.3680617251077,59.894146261889325,0.0,0.0,0.0,10.0,0.9999999999999999,0.10000000000000003,106.0,4.984113622661692,0.2357681755829899
2,0.054,11,360.3641261479915,1000.0,0.0,554.0,72.59480936592313,15.936855917443046,1411.0,239.53121814199443,51.20490162028472,265.0,43.07641844429265,9.007070832512028,14.0,1.4000000000000001,0.14000000000000007,73.0,3.398806183443198,0.1586076817558298
3,0.0,14,360.035637097793,1000.0,1000.0,567.0,70.9520249975472,15.216015372740959,1229.0,206.3031427951215,43.60268906370665,483.0,82.9109483636496,17.732073154839984,0.0,0.0,0.0,0.0,0.0,0.0
4,0.054,8,360.6112528147523,2000.0,0.0,565.0,67.8803533658292,13.092249092807466,1265.0,214.40517923269041,46.56300986474272,440.0,73.51340146996193,15.784792461891021,9.0,0.8999999999999999,0.09000000000000002,72.0,3.3716864409604708,0.1586076817558298
5,0.054,8,360.0214804638051,2000.0,1000.0,571.0,70.78718185592588,14.29268888458288,1545.0,259.19311693698705,55.45857961990244,130.0,24.31369733390496,5.635033571200182,12.0,1.2,0.12000000000000005,97.0,4.548270402181452,0.21433470507544544
