id,probability_maraud,successful_mating,next_foraging_time,x_pos,y_pos,foraging_events,foraging_hrs,foraging_sqhrs,staying_events,staying_hrs,staying_sqhrs,repairing_events,repairing_hrs,repairing_sqhrs,marauding_events,marauding_hrs,marauding_sqhrs,traveling_events,traveling_hrs,traveling_sqhrs
0,0.054,4,360.7340162088205,0.0,0.0,573.0,73.79963472933522,15.741488238598722,1463.0,244.37475496220614,52.025499993723535,215.0,36.89195777979186,8.200062555507241,14.0,1.4000000000000001,0.14000000000000007,78.0,3.6686407725518175,0.17361111111111094
1,0.054,8,360.4322322564754,0.0,1000.0,550.0,76.19821245074134,17.912306356750836,1318.0,224.53252722034847,48.834638817779194,327.0,55.21135799635301,11.802081323019426,9.0,0.8999999999999999,0.09000000000000002,71.0,3.2870370370370363,0.15217764060356645
2,0.0,11,360.35241090689306,1000.0,0.0,565.0,69.69786365493081,14.337074369244325,1333.0,228.99595678366902,49.74974249893466,368.0,61.37585096758189,13.257920958145187,0.0,0.0,0.0,0.0,0.0,0.0
3,0.0,14,360.8578093498671,1000.0,1000.0,580.0,74.63245160522415,16.538311154598937,1350.0,230.8028380749418,49.88950475631204,330.0,54.89104251787365,11.474908100346981,0.0,0.0,0.0,0.0,0.0,0.0
4,0.054,6,360.3207594812,2000.0,0.0,572.0,71.11405325357995,14.979238142632632,1276.0,218.03401950871572,47.07000567004767,407.0,67.30461301205858,13.92727434104582,9.0,0.8999999999999999,0.09000000000000002,57.0,2.6580654427024575,0.12431412894375864
5,0.054,11,360.23603958457295,2000.0,1000.0,573.0,70.30281127608357,14.085706129301508,1523.0,259.9913752067342,56.35706601857056,139.0,24.246868975225276,5.230254180289683,17.0,1.7000000000000004,0.1700000000000001,82.0,3.8154728501098645,0.1778978052126198
