id,probability_maraud,successful_mating,next_foraging_time,x_pos,y_pos,foraging_events,foraging_hrs,foraging_sqhrs,staying_events,staying_hrs,staying_sqhrs,repairing_events,repairing_hrs,repairing_sqhrs,marauding_events,marauding_hrs,marauding_sqhrs,traveling_events,traveling_hrs,traveling_sqhrs
0,0.0,6,359.9322880577606,0.0,0.0,568.0,66.87092102365982,13.11118523206888,1369.0,231.81631506918404,49.44219172449175,352.0,61.34757303793303,13.85349031359613,0.0,0.0,0.0,0.0,0.0,0.0
1,0.054,9,360.21169530894747,0.0,1000.0,567.0,72.40605868539515,16.298057702425638,1490.0,251.15364524521965,53.612697134952285,182.0,30.400110380909982,6.390351049760105,20.0,2.0000000000000004,0.20000000000000012,89.0,4.158723477997509,0.1950445816186554
2,0.054,11,360.2994231050737,1000.0,0.0,573.0,71.65083786016831,14.328611382949742,1552.0,258.9054470307207,54.74333585035545,157.0,24.323377458577358,4.907331902219844,9.0,0.8999999999999999,0.09000000000000002,91.0,4.270492624403672,0.20147462277091874
3,0.054,10,359.93230380752027,1000.0,1000.0,565.0,71.71224942756722,15.10733665921984,1026.0,171.1754602214786,36.43091413978958,668.0,113.2999677956851,23.90512520337949,14.0,1.4000000000000001,0.14000000000000007,53.0,2.4728802575172724,0.1157407407407408
4,0.0,12,360.06044565896116,2000.0,0.0,553.0,69.27804719588626,13.344951189187086,1428.0,242.1933845993835,51.91135443383996,283.0,48.58362730168761,10.609703461073522,0.0,0.0,0.0,0.0,0.0,0.0
5,0.054,6,360.435977600058,2000.0,1000.0,563.0,71.62702850773013,15.553324032791387,1484.0,252.85617172111765,54.88963677669068,175.0,30.75431158611537,6.892131201009068,8.0,0.7999999999999999,0.08000000000000002,88.0,4.112427181701213,0.19290123456790093
