id,probability_maraud,successful_mating,next_foraging_time,x_pos,y_pos,foraging_events,foraging_hrs,foraging_sqhrs,staying_events,staying_hrs,staying_sqhrs,repairing_events,repairing_hrs,repairing_sqhrs,marauding_events,marauding_hrs,marauding_sqhrs,traveling_events,traveling_hrs,traveling_sqhrs
0,0.054,9,360.0204149938072,0.0,0.0,571.0,66.61844146199456,13.669187337455678,1533.0,258.8569336050169,55.041260144728255,172.0,30.39058984470536,6.702227340588784,6.0,0.6,0.06000000000000001,78.0,3.6302876649246794,0.16932441700960202
1,0.0,11,359.82508871608474,0.0,1000.0,544.0,71.28275371853239,15.250161244170068,1588.0,264.62003749720645,55.91926853026462,139.0,24.18820774447372,5.261870352705493,0.0,0.0,0.0,0.0,0.0,0.0
2,0.054,12,360.59930816366676,1000.0,0.0,570.0,71.20506670586762,14.46744132224381,1263.0,216.6164561627563,47.43963385873449,395.0,67.28298582336409,14.52499423135919,15.0,1.5000000000000002,0.15000000000000008,73.0,3.398806183443198,0.1586076817558298
3,0.0,3,360.38824061187796,1000.0,1000.0,565.0,68.95672677961304,13.904529108318355,1340.0,236.58321355437096,52.305908786631456,322.0,54.69081772716536,11.953217963595694,0.0,0.0,0.0,0.0,0.0,0.0
4,0.054,10,360.27854567107914,2000.0,0.0,563.0,73.03123889914974,16.19641114057143,1224.0,212.20486560156473,46.393329682410844,411.0,70.48436912505794,15.516766202153947,11.0,1.0999999999999999,0.11000000000000004,72.0,3.3525098871469017,0.15646433470507534
5,0.054,9,360.2411924524375,2000.0,1000.0,569.0,68.91340079116127,14.112269758835216,1615.0,274.42035017941936,58.89844469266051,69.0,12.164076273878415,2.526449252772046,11.0,1.0999999999999999,0.11000000000000004,79.0,3.6574074074074066,0.16932441700960202
