id,probability_maraud,successful_mating,next_foraging_time,x_pos,y_pos,foraging_events,foraging_hrs,foraging_sqhrs,staying_events,staying_hrs,staying_sqhrs,repairing_events,repairing_hrs,repairing_sqhrs,marauding_events,marauding_hrs,marauding_sqhrs,traveling_events,traveling_hrs,traveling_sqhrs
0,0.054,3,360.31850205370836,0.0,0.0,570.0,67.28161346470445,14.481310789060164,1469.0,245.57609426013317,52.25006650204021,261.0,42.428178562909515,9.230164275943679,10.0,0.9999999999999999,0.10000000000000003,81.0,3.749999999999999,0.1736111111111109
1,0.054,8,359.9487914912324,0.0,1000.0,565.0,71.8395810099811,15.54413159285382,1412.0,235.24709538428132,50.377978566399456,288.0,48.69347278335292,10.590711524464805,9.0,0.8999999999999999,0.09000000000000002,75.0,3.4913987760357905,0.1628943758573387
2,0.054,16,360.2857669900783,1000.0,0.0,578.0,70.006725409574,14.298613842414069,1390.0,236.96115014837955,50.96931678749961,302.0,48.53416244367429,9.879141167203386,9.0,0.8999999999999999,0.09000000000000002,79.0,3.6957605150345447,0.1736111111111109
3,0.054,12,360.19333765282886,1000.0,1000.0,557.0,70.97386590981411,14.668089852603849,1443.0,248.311279747454,53.263077911403926,226.0,36.7334846323945,7.82935218313802,10.0,0.9999999999999999,0.10000000000000003,66.0,3.074732109369124,0.14360425240054867
4,0.0,6,359.99745985630165,2000.0,0.0,566.0,70.9463639229645,14.519137280601962,1522.0,258.80169960819615,55.34617966896851,174.0,30.510122229000565,6.671296886243687,0.0,0.0,0.0,0.0,0.0,0.0
5,0.0,9,359.99583500741727,2000.0,1000.0,561.0,71.0829869562829,15.30479484018561,1562.0,264.3334786905001,56.93854009428024,145.0,24.697065036678065,5.376747279278049,0.0,0.0,0.0,0.0,0.0,0.0
