id,probability_maraud,successful_mating,next_foraging_time,x_pos,y_pos,foraging_events,foraging_hrs,foraging_sqhrs,staying_events,staying_hrs,staying_sqhrs,repairing_events,repairing_hrs,repairing_sqhrs,marauding_events,marauding_hrs,marauding_sqhrs,traveling_events,traveling_hrs,traveling_sqhrs
0,0.0,6,360.0960802203562,0.0,0.0,565.0,69.35355528651692,14.384393952082625,1427.0,242.05501988910893,52.13684369054995,291.0,48.605147589592065,10.235469232386023,0.0,0.0,0.0,0.0,0.0,0.0
1,0.054,7,360.13040226358265,0.0,1000.0,558.0,72.43025937860195,15.860062808170085,1566.0,263.50724551308303,56.37651900297879,116.0,18.189839097390127,3.66761480832737,14.0,1.4000000000000001,0.14000000000000007,96.0,4.482797552071586,0.21004801097393652
2,0.0,12,360.38063219876534,1000.0,0.0,562.0,71.63090078662238,15.066947196634827,1293.0,221.25191529000145,47.578929686380896,410.0,67.26765418990273,13.994112906326553,0.0,0.0,0.0,0.0,0.0,0.0
3,0.054,11,360.1924479678111,1000.0,1000.0,572.0,66.41473709578406,12.896501668867248,1269.0,215.2974743668787,46.107077809071434,434.0,73.60910234681593,15.658322604276341,10.0,0.9999999999999999,0.10000000000000003,79.0,3.6957605150345447,0.17361111111111094
4,0.054,9,360.32408058701446,2000.0,0.0,555.0,70.43752400308138,15.040135238620902,1541.0,259.86264789290874,55.96913747908627,139.0,24.41752517331493,5.564458095921527,15.0,1.5000000000000002,0.15000000000000008,84.0,3.908065442702457,0.1821844993141287
5,0.054,9,359.7775661958821,2000.0,1000.0,572.0,68.1162103744178,14.521691881918827,1303.0,221.0160802848418,47.504866247411506,381.0,66.82088323012054,14.55068016128904,10.0,0.9999999999999999,0.10000000000000003,66.0,3.074732109369124,0.14360425240054867
