id,probability_maraud,successful_mating,next_foraging_time,x_pos,y_pos,foraging_events,foraging_hrs,foraging_sqhrs,staying_events,staying_hrs,staying_sqhrs,repairing_events,repairing_hrs,repairing_sqhrs,marauding_events,marauding_hrs,marauding_sqhrs,traveling_events,traveling_hrs,traveling_sqhrs
0,0.0,10,359.9375519944413,0.0,0.0,566.0,69.72939770934798,16.07381895185033,1414.0,235.2548650790989,49.38917134864619,323.0,55.12261170216024,11.499898990356623,0.0,0.0,0.0,0.0,0.0,0.0
1,0.054,12,360.0120593786198,0.0,1000.0,571.0,71.25837748414833,14.761793480479762,1455.0,248.5877402033805,53.787071011060036,215.0,36.534296055587184,7.7407321419728445,7.0,0.7,0.07,61.0,2.919956843141919,0.14146090534979425
2,0.054,9,360.0312304325927,1000.0,0.0,573.0,71.44109516754762,13.965075117102005,1311.0,215.76097817339053,44.92197387823959,391.0,67.4785539574484,14.602751630001494,17.0,1.7000000000000004,0.1700000000000001,78.0,3.6302876649246794,0.16932441700960205
3,0.054,8,360.54415701559617,1000.0,1000.0,568.0,67.1139191287702,13.071516705783777,1476.0,250.08974187123266,53.82368403835968,213.0,36.96144605998665,8.316789886348406,20.0,2.0000000000000004,0.20000000000000012,86.0,4.00065803529505,0.1864711934156376
4,0.054,11,359.9912740277058,2000.0,0.0,565.0,69.48757348644747,14.74895602225869,1404.0,236.4548702408641,49.93622243223862,303.0,48.87356970291622,10.175956999451362,8.0,0.7999999999999999,0.08000000000000002,94.0,4.390204959478993,0.20576131687242763
5,0.0,4,360.2619102640434,2000.0,1000.0,568.0,71.32075825842892,13.946099108460945,1268.0,215.68236006265118,46.502588331071635,419.0,73.09388197814903,15.912362015363362,0.0,0.0,0.0,0.0,0.0,0.0
