id,probability_maraud,successful_mating,next_foraging_time,x_pos,y_pos,foraging_events,foraging_hrs,foraging_sqhrs,staying_events,staying_hrs,staying_sqhrs,repairing_events,repairing_hrs,repairing_sqhrs,marauding_events,marauding_hrs,marauding_sqhrs,traveling_events,traveling_hrs,traveling_sqhrs
0,0.0,4,360.281379442907,0.0,0.0,574.0,68.1579132103157,13.381364304534019,1626.0,273.49047349678295,58.0712581667536,110.0,18.497879675742965,3.9664259275413336,0.0,0.0,0.0,0.0,0.0,0.0
1,0.054,6,360.0424017724144,0.0,1000.0,568.0,68.66411657478938,13.298965621123429,1470.0,250.20929539510445,53.866622233814425,213.0,36.985533593982986,8.085347484278206,9.0,0.8999999999999999,0.09000000000000002,75.0,3.4722222222222214,0.16075102880658423
2,0.0,17,360.68471359203954,1000.0,0.0,559.0,72.75970979184123,16.067831417713393,1327.0,226.6178356129097,49.106324274730326,368.0,61.18755758382099,13.181074271102982,0.0,0.0,0.0,0.0,0.0,0.0
3,0.054,10,359.93110808580985,1000.0,1000.0,570.0,69.5570894280177,14.064354133333623,1113.0,194.0638043709192,43.150403237646394,539.0,91.98296539823565,19.863047679895676,17.0,1.7000000000000004,0.1700000000000001,58.0,2.7043617389987538,0.1264574759945131
4,0.054,8,360.6361622321622,2000.0,0.0,553.0,72.42473984955915,16.161584335128104,1449.0,245.50280901056382,52.47464698004293,221.0,36.75724805064355,7.80864382068768,11.0,1.0999999999999999,0.11000000000000004,92.0,4.27843581307283,0.19933127572016426
5,0.054,9,359.9084172647447,2000.0,1000.0,553.0,71.00813848512388,15.665359096621781,1372.0,229.51040865959516,49.21084715316906,323.0,55.05484161148226,11.691459092375196,13.0,1.3,0.13000000000000006,69.0,3.251974105885151,0.1543209876543209
