id,probability_maraud,successful_mating,next_foraging_time,x_pos,y_pos,foraging_events,foraging_hrs,foraging_sqhrs,staying_events,staying_hrs,staying_sqhrs,repairing_events,repairing_hrs,repairing_sqhrs,marauding_events,marauding_hrs,marauding_sqhrs,traveling_events,traveling_hrs,traveling_sqhrs
0,0.0,6,359.84794662224976,0.0,0.0,562.0,70.12225114421831,13.949196197619997,1336.0,222.76355896593833,46.94915704350869,393.0,67.1679933476856,14.714729990001464,0.0,0.0,0.0,0.0,0.0,0.0
1,0.054,10,360.1316102668602,0.0,1000.0,567.0,70.29452470968018,14.749339486513298,1699.0,284.27906782875607,60.12149084340578,0.0,0.0,0.0,14.0,1.4000000000000001,0.14000000000000007,88.0,4.112427181701213,0.19290123456790095
2,0.054,15,360.1833025400271,1000.0,0.0,557.0,69.05849483211398,13.695480561233449,1470.0,249.12985328763028,53.58070659162645,216.0,36.95592631421206,8.187813309751732,8.0,0.7999999999999999,0.08000000000000002,88.0,4.0932506278876435,0.19075788751714648
3,0.0,6,360.15438112596377,1000.0,1000.0,572.0,69.5592343889934,14.65372745199876,1363.0,229.51461264312215,48.8529106056542,355.0,61.176810679457496,13.515755534788118,0.0,0.0,0.0,0.0,0.0,0.0
4,0.054,7,360.71054024194285,2000.0,0.0,562.0,73.35797504754451,15.64719846447641,1038.0,176.2238400883443,37.412395977963904,625.0,106.85196955385153,23.19839357071942,11.0,1.0999999999999999,0.11000000000000004,58.0,2.723538292812323,0.12860082304526754
5,0.054,10,360.42713059966786,2000.0,1000.0,563.0,71.47140735219672,14.393361289952765,1486.0,251.43866124334303,53.81755876322907,182.0,30.31002815600195,6.480342028496034,17.0,1.7000000000000004,0.1700000000000001,112.0,5.204361738998765,0.24219821673525319
