id,probability_maraud,successful_mating,next_foraging_time,x_pos,y_pos,foraging_events,foraging_hrs,foraging_sqhrs,staying_events,staying_hrs,staying_sqhrs,repairing_events,repairing_hrs,repairing_sqhrs,marauding_events,marauding_hrs,marauding_sqhrs,traveling_events,traveling_hrs,traveling_sqhrs
0,0.0,6,360.03015181529963,0.0,0.0,579.0,68.6872400852279,13.331916569662111,1547.0,266.7861802759029,58.08481983667136,141.0,24.800994914354394,5.544049054180688,0.0,0.0,0.0,0.0,0.0,0.0
1,0.0,7,360.3905625960445,0.0,1000.0,554.0,71.24207720573945,15.326551099955234,1619.0,270.4952771091634,57.37160067130379,120.0,18.29874374825681,3.4687437493576727,0.0,0.0,0.0,0.0,0.0,0.0
2,0.054,16,359.9593862792399,1000.0,0.0,557.0,69.2404819728433,14.615645595454973,1455.0,243.60796096195048,51.33546649150858,257.0,42.40511723897802,8.806611213010454,13.0,1.3,0.13000000000000006,74.0,3.4834555873666324,0.16503772290809315
3,0.054,9,360.7704186101119,1000.0,1000.0,557.0,72.41100187551545,15.962374905349812,1530.0,258.00411043470746,55.26026732709123,164.0,25.31458498360595,4.9937864892888655,9.0,0.8999999999999999,0.09000000000000002,79.0,3.714937068848114,0.17575445816186538
4,0.054,8,360.05261713748644,2000.0,0.0,561.0,71.32208433665603,15.18247426419238,1240.0,211.85206507457005,45.74966406800468,426.0,72.8224400081774,15.681281871594884,10.0,0.9999999999999999,0.10000000000000003,70.0,3.259917294554309,0.15217764060356645
5,0.054,8,360.25509098938403,2000.0,1000.0,570.0,72.33727064412689,15.655081078991358,1318.0,221.9337860251092,47.64993603919445,360.0,61.281217225984896,13.311976862381304,9.0,0.8999999999999999,0.09000000000000002,78.0,3.6111111111111103,0.16718106995884757
