id,probability_maraud,successful_mating,next_foraging_time,x_pos,y_pos,foraging_events,foraging_hrs,foraging_sqhrs,staying_events,staying_hrs,staying_sqhrs,repairing_events,repairing_hrs,repairing_sqhrs,marauding_events,marauding_hrs,marauding_sqhrs,traveling_events,traveling_hrs,traveling_sqhrs
0,0.054,12,360.4340472065913,0.0,0.0,576.0,74.09793154481936,16.01505656919049,1416.0,237.35043942393284,50.272482056042456,252.0,42.6759456606283,9.238190374516915,18.0,1.8000000000000005,0.1800000000000001,89.0,4.13954692418394,0.19290123456790095
1,0.054,9,360.0560119531823,0.0,1000.0,569.0,69.13942226966434,14.185950325785223,1467.0,243.97357866155974,51.524847180513405,235.0,42.546338344886884,9.42907126665104,12.0,1.2,0.12000000000000005,69.0,3.2327975520715824,0.15217764060356645
2,0.054,6,360.6403898629599,1000.0,0.0,562.0,70.56573421120753,14.289578891775827,1033.0,169.60601588151243,35.39202573150567,670.0,116.09598496350235,25.31377600553576,9.0,0.8999999999999999,0.09000000000000002,61.0,2.8432506278876426,0.13288751714677643
3,0.0,12,360.45135379174513,1000.0,1000.0,571.0,71.35872859563668,14.824417071392642,1392.0,233.86433552154355,49.49418770172995,320.0,55.08592554776108,12.0462474411853,0.0,0.0,0.0,0.0,0.0,0.0
4,0.054,10,360.1175225749905,2000.0,0.0,575.0,68.11849668566214,13.197780947010148,1495.0,254.5638660660915,54.24048189742308,183.0,30.647011161589592,6.334988095901023,19.0,1.9000000000000006,0.1900000000000001,104.0,4.85316792244196,0.22719478737997206
5,0.0,5,359.99864903401516,2000.0,1000.0,558.0,73.06073485956838,15.319507964853496,1313.0,219.90456674392692,46.80057716975107,400.0,67.12576731612565,14.321100333634773,0.0,0.0,0.0,0.0,0.0,0.0
