id,probability_maraud,successful_mating,next_foraging_time,x_pos,y_pos,foraging_events,foraging_hrs,foraging_sqhrs,staying_events,staying_hrs,staying_sqhrs,repairing_events,repairing_hrs,repairing_sqhrs,marauding_events,marauding_hrs,marauding_sqhrs,traveling_events,traveling_hrs,traveling_sqhrs
0,0.054,7,360.48688557189644,0.0,0.0,578.0,66.86420536155603,12.953343173444674,1504.0,254.3070909006627,54.758800386755105,204.0,34.1761909393129,7.296587343459489,11.0,1.0999999999999999,0.11000000000000004,77.0,3.583991368628383,0.16718106995884757
1,0.054,9,360.72318148927803,0.0,1000.0,581.0,70.5199469474455,14.82267790367428,1440.0,240.6909285825087,51.50484080161924,247.0,42.715318779275506,9.266396576790358,15.0,1.5000000000000002,0.15000000000000008,98.0,4.613743252291318,0.21862139917695433
2,0.054,17,360.4449054357688,1000.0,0.0,571.0,73.04854387813504,15.144179315076796,1160.0,198.00222630876368,43.21039866197544,496.0,85.64357170083409,18.700895010441783,6.0,0.6,0.06000000000000001,61.0,2.8624271817012117,0.13503086419753088
3,0.0,10,360.5777363883094,1000.0,1000.0,564.0,72.81122204514132,15.925210040568087,1352.0,226.25512466963187,47.95733294591246,377.0,61.0209690922093,12.849792693180165,0.0,0.0,0.0,0.0,0.0,0.0
4,0.054,6,360.5823119797608,2000.0,0.0,573.0,69.48515939434535,14.04985470872017,1506.0,254.3110420751314,54.78064209044836,185.0,30.466545400255665,6.423627174139777,17.0,1.7000000000000004,0.1700000000000001,91.0,4.251316070590103,0.19933127572016426
5,0.0,5,360.06436774589844,2000.0,1000.0,564.0,73.98554020717062,16.426049966510032,1468.0,243.58744410830116,51.07039366620293,255.0,42.563841154566894,8.991620599295326,0.0,0.0,0.0,0.0,0.0,0.0
