id,probability_maraud,successful_mating,next_foraging_time,x_pos,y_pos,foraging_events,foraging_hrs,foraging_sqhrs,staying_events,staying_hrs,staying_sqhrs,repairing_events,repairing_hrs,repairing_sqhrs,marauding_events,marauding_hrs,marauding_sqhrs,traveling_events,traveling_hrs,traveling_sqhrs
0,0.054,7,360.2590119121762,0.0,0.0,570.0,68.16465428355669,13.244251500026868,1248.0,208.92909112018995,44.59528188467529,463.0,79.3983312326477,17.284221201634793,9.0,0.8999999999999999,0.09000000000000002,56.0,2.611769146406161,0.12217078189300418
1,0.054,8,360.16730084591495,0.0,1000.0,572.0,70.58300550660537,15.162580637655696,1501.0,254.29182606344332,53.72792058537471,172.0,30.48462260949081,6.697145771946109,14.0,1.4000000000000001,0.14000000000000007,78.0,3.6302876649246794,0.16932441700960202
2,0.054,14,359.89754282193087,1000.0,0.0,559.0,74.9692781337035,17.26012097918018,1333.0,228.8560986491679,49.506186453101215,304.0,51.24745316708019,10.959688407115532,14.0,1.4000000000000001,0.14000000000000007,76.0,3.576048179959225,0.16932441700960205
3,0.054,11,360.1151471315512,1000.0,1000.0,568.0,71.45311135182705,15.107366712458221,1276.0,216.04742984625287,46.18331459139177,387.0,67.38502001316557,14.496081931652746,13.0,1.3,0.13000000000000006,82.0,3.8154728501098645,0.1778978052126198
4,0.0,4,360.63376139832866,2000.0,0.0,563.0,70.35604458483026,14.444525745109164,1527.0,259.47265796945084,55.507195334725054,185.0,30.36802458800288,6.348755329096937,0.0,0.0,0.0,0.0,0.0,0.0
5,0.0,10,360.3650197193452,2000.0,1000.0,567.0,69.33240191827875,14.160861042711117,1494.0,248.18304186442114,52.19794321495237,237.0,42.5545339682921,9.511925008152362,0.0,0.0,0.0,0.0,0.0,0.0
