id,probability_maraud,successful_mating,next_foraging_time,x_pos,y_pos,foraging_events,foraging_hrs,foraging_sqhrs,staying_events,staying_hrs,staying_sqhrs,repairing_events,repairing_hrs,repairing_sqhrs,marauding_events,marauding_hrs,marauding_sqhrs,traveling_events,traveling_hrs,traveling_sqhrs
0,0.054,12,359.9051496360255,0.0,0.0,565.0,73.1486692785732,15.856513797441956,1482.0,249.25597860150077,53.75511744835541,202.0,32.715714492659814,6.823427249226346,10.0,0.9999999999999999,0.10000000000000003,84.0,3.927241996516026,0.18432784636488317
1,0.054,8,360.2273929322087,0.0,1000.0,555.0,68.04068169917227,14.056393181379367,1185.0,201.50936110945636,43.1173109590421,500.0,85.98102487418247,18.59625209957774,11.0,1.0999999999999999,0.11000000000000004,75.0,3.5297518836629287,0.16718106995884763
2,0.0,11,360.15371717403866,1000.0,0.0,558.0,72.70147794634364,16.064976888830515,1208.0,207.9315392629178,45.09877286850538,456.0,79.53718288675732,17.15862121179994,0.0,0.0,0.0,0.0,0.0,0.0
3,0.054,12,359.90219415317256,1000.0,1000.0,567.0,71.45072966569045,14.38592239164609,1436.0,239.20797577488338,50.22984417684159,254.0,43.26747585310012,9.361469455344299,16.0,1.6000000000000003,0.1600000000000001,96.0,4.482797552071586,0.21004801097393652
4,0.054,7,360.74440578552014,2000.0,0.0,562.0,72.4043985755467,15.454942911457758,1639.0,281.9923529784917,60.96025680733853,0.0,0.0,0.0,16.0,1.6000000000000003,0.1600000000000001,90.0,4.224196328107375,0.19933127572016432
5,0.0,4,360.5454819139435,2000.0,1000.0,559.0,72.40526282655928,15.096347641565236,1216.0,208.1304777390583,44.596857592180335,465.0,79.74538767535923,17.015030928039657,0.0,0.0,0.0,0.0,0.0,0.0
