id,probability_maraud,successful_mating,next_foraging_time,x_pos,y_pos,foraging_events,foraging_hrs,foraging_sqhrs,staying_events,staying_hrs,staying_sqhrs,repairing_events,repairing_hrs,repairing_sqhrs,marauding_events,marauding_hrs,marauding_sqhrs,traveling_events,traveling_hrs,traveling_sqhrs
0,0.0,14,360.07903800862505,0.0,0.0,558.0,70.25809731362288,15.195439809319243,1450.0,247.23327948856613,53.7195477048104,259.0,42.54806151151822,9.342113819872283,0.0,0.0,0.0,0.0,0.0,0.0
1,0.0,10,360.349784265896,0.0,1000.0,551.0,71.06277188710396,15.490896750815812,1277.0,215.58031875099869,46.12546699477517,435.0,73.43664829547933,15.810075294959592,0.0,0.0,0.0,0.0,0.0,0.0
2,0.054,7,360.2788199921406,1000.0,0.0,561.0,75.22827211556395,17.17378672794171,1415.0,243.6673039288145,52.54538139204523,225.0,37.17709025482223,7.82894570339073,9.0,0.8999999999999999,0.09000000000000002,71.0,3.3062135908506054,0.15432098765432092
3,0.054,5,360.2847845330384,1000.0,1000.0,574.0,73.77742171422186,16.97744568688485,1488.0,254.91775978925705,55.68613149386924,146.0,24.505144298679824,4.968682745075162,20.0,2.0000000000000004,0.20000000000000012,104.0,4.891521030069098,0.231481481481481
