id,probability_maraud,successful_mating,next_foraging_time,x_pos,y_pos,foraging_events,foraging_hrs,foraging_sqhrs,staying_events,staying_hrs,staying_sqhrs,repairing_events,repairing_hrs,repairing_sqhrs,marauding_events,marauding_hrs,marauding_sqhrs,traveling_events,traveling_hrs,traveling_sqhrs
0,0.0,10,359.90548570222927,0.0,0.0,562.0,68.72658018174336,13.842139435246672,1471.0,248.50824864151818,52.982702795819264,244.0,42.78835979323429,9.35170636010384,0.0,0.0,0.0,0.0,0.0,0.0
1,0.054,9,360.03698595646256,0.0,1000.0,566.0,70.61103495944214,14.130310693359784,1478.0,248.38736972357816,53.49183980692436,205.0,35.490498424685086,7.876796888174208,16.0,1.6000000000000003,0.1600000000000001,90.0,4.205019774293806,0.19718792866940985
2,0.0,8,360.7810854056554,1000.0,0.0,561.0,70.9127119806672,14.739441225511346,1399.0,240.57488080868754,52.609730590315635,295.0,48.695261040649,10.295123769735378,0.0,0.0,0.0,0.0,0.0,0.0
3,0.054,9,359.9113348405928,1000.0,1000.0,589.0,72.2205810668883,14.345892711071146,1428.0,239.93295006202536,50.57990561634868,246.0,42.91158856906935,9.250160580232842,12.0,1.2,0.12000000000000005,82.0,3.7962962962962954,0.17575445816186536
