id,probability_maraud,successful_mating,next_foraging_time,x_pos,y_pos,foraging_events,foraging_hrs,foraging_sqhrs,staying_events,staying_hrs,staying_sqhrs,repairing_events,repairing_hrs,repairing_sqhrs,marauding_events,marauding_hrs,marauding_sqhrs,traveling_events,traveling_hrs,traveling_sqhrs
0,0.0,9,360.5828601383955,0.0,0.0,566.0,70.14276114276304,14.515783647003968,1360.0,228.89628277493702,49.0881658518929,353.0,61.06293893528899,13.182692209863289,0.0,0.0,0.0,0.0,0.0,0.0
1,0.0,6,360.53829599784166,0.0,1000.0,556.0,75.49263571149699,17.299041414817633,1401.0,241.67815931266523,52.55361217664783,250.0,42.98415875372998,9.11497710038258,0.0,0.0,0.0,0.0,0.0,0.0
2,0.054,10,360.1716333560925,1000.0,0.0,568.0,70.10569979520815,15.367199344155477,1276.0,218.21744302839997,47.64195793687684,415.0,67.09137995924839,13.747206901063658,13.0,1.3,0.13000000000000006,71.0,3.3062135908506054,0.1543209876543209
3,0.054,11,360.1583266098526,1000.0,1000.0,574.0,71.96864365770465,15.215453987996248,1541.0,251.82887962125736,52.80284623661394,187.0,30.603005971380696,6.540764227944468,20.0,2.0000000000000004,0.20000000000000012,84.0,3.9464185503295957,0.1864711934156376
