id,probability_maraud,successful_mating,next_foraging_time,x_pos,y_pos,foraging_events,foraging_hrs,foraging_sqhrs,staying_events,staying_hrs,staying_sqhrs,repairing_events,repairing_hrs,repairing_sqhrs,marauding_events,marauding_hrs,marauding_sqhrs,traveling_events,traveling_hrs,traveling_sqhrs
0,0.054,11,360.13997298522025,0.0,0.0,574.0,71.62934578649849,14.916025602605565,1320.0,221.91993855093153,47.06813697852742,366.0,60.72259000292732,13.068338865996266,17.0,1.7000000000000004,0.1700000000000001,89.0,4.177900031811078,0.19718792866940982
1,0.054,7,360.04457390551414,0.0,1000.0,554.0,73.98524300586568,16.69644472771224,1297.0,222.95185194968474,48.96417814370089,352.0,57.61398636957856,12.188467162727123,20.0,2.0000000000000004,0.20000000000000012,77.0,3.583991368628383,0.16718106995884757
2,0.0,12,360.196791358214,1000.0,0.0,554.0,72.01921611360281,15.08995227782007,1421.0,245.75377952985616,54.054174180188866,234.0,42.353978932356824,9.497014217334726,0.0,0.0,0.0,0.0,0.0,0.0
3,0.0,6,360.0207424626786,1000.0,1000.0,570.0,71.62603035238594,14.786503910590723,1373.0,227.19797776440288,47.78715859354855,364.0,61.29148591361621,13.107227529686877,0.0,0.0,0.0,0.0,0.0,0.0
