id,probability_maraud,successful_mating,next_foraging_time,x_pos,y_pos,foraging_events,foraging_hrs,foraging_sqhrs,staying_events,staying_hrs,staying_sqhrs,repairing_events,repairing_hrs,repairing_sqhrs,marauding_events,marauding_hrs,marauding_sqhrs,traveling_events,traveling_hrs,traveling_sqhrs
0,0.0,8,360.03229796502086,0.0,0.0,553.0,71.16834201493018,14.956864639025138,1321.0,228.08927069683529,49.210746001420716,352.0,60.952805265949245,13.444012800408753,0.0,0.0,0.0,0.0,0.0,0.0
1,0.0,6,359.81354669999916,0.0,1000.0,561.0,65.29476821730049,12.710331677388108,1547.0,270.06779821326194,59.0605135167418,138.0,24.64444236231168,5.390163325302368,0.0,0.0,0.0,0.0,0.0,0.0
2,0.054,11,359.9945268912114,1000.0,0.0,563.0,72.44677580625304,15.09979184823788,1478.0,251.74310771921898,53.916052339502826,173.0,30.13855030411601,6.668571740457655,15.0,1.5000000000000002,0.15000000000000008,91.0,4.212962962962964,0.19504458161865537
3,0.054,11,360.3636097224703,1000.0,1000.0,560.0,73.20915705272517,16.24265756085933,1484.0,252.1135472234964,54.12631991125728,174.0,30.590455916106592,6.851726067139745,9.0,0.8999999999999999,0.09000000000000002,71.0,3.3445666984777436,0.1586076817558298
