id,probability_maraud,successful_mating,next_foraging_time,x_pos,y_pos,foraging_events,foraging_hrs,foraging_sqhrs,staying_events,staying_hrs,staying_sqhrs,repairing_events,repairing_hrs,repairing_sqhrs,marauding_events,marauding_hrs,marauding_sqhrs,traveling_events,traveling_hrs,traveling_sqhrs
0,0.054,12,360.59040621546745,0.0,0.0,563.0,72.29009430638402,15.81975334119999,1502.0,251.29136644150273,53.57931995341358,172.0,30.423343290316303,6.821642153178311,15.0,1.5000000000000002,0.15000000000000008,97.0,4.529093848367883,0.21219135802469094
1,0.0,9,360.212832707838,0.0,1000.0,576.0,76.35464691257341,16.902202440253685,1558.0,259.55858927179304,54.3797052014956,151.0,24.394320893793086,5.134894084132773,0.0,0.0,0.0,0.0,0.0,0.0
2,0.054,9,359.96347034624887,1000.0,0.0,566.0,73.01656873836663,15.872553455363269,1232.0,209.08142955817942,44.94738660168671,443.0,73.54358156979207,15.548142293903814,14.0,1.4000000000000001,0.14000000000000007,67.0,3.1210284056654203,0.1457475994513031
3,0.0,6,360.34826082274316,1000.0,1000.0,557.0,71.52703453935008,15.303821515510121,1386.0,239.7419789497524,52.64905365521448,288.0,48.79416502929751,10.276052299239378,0.0,0.0,0.0,0.0,0.0,0.0
