id,probability_maraud,successful_mating,next_foraging_time,x_pos,y_pos,foraging_events,foraging_hrs,foraging_sqhrs,staying_events,staying_hrs,staying_sqhrs,repairing_events,repairing_hrs,repairing_sqhrs,marauding_events,marauding_hrs,marauding_sqhrs,traveling_events,traveling_hrs,traveling_sqhrs
0,0.0,4,360.4820486032048,0.0,0.0,566.0,71.38674304610399,15.094088540985126,1071.0,185.18559679651494,39.93500782112096,620.0,103.60535030397831,22.15330910197787,0.0,0.0,0.0,0.0,0.0,0.0
1,0.054,11,360.3827591281107,0.0,1000.0,556.0,69.9834236895514,14.447719236667671,1672.0,283.9474465667811,61.532106152260184,0.0,0.0,0.0,17.0,1.7000000000000004,0.1700000000000001,95.0,4.417324701961721,0.20576131687242763
2,0.054,12,359.9878495124928,1000.0,0.0,576.0,72.5698396199734,16.012113117271543,1661.0,281.58451520782876,60.08686588449187,0.0,0.0,0.0,12.0,1.2,0.12000000000000005,106.0,4.9265839612209845,0.22933813443072654
3,0.0,9,360.4737213515916,1000.0,1000.0,572.0,71.26784241409092,15.064170135599035,1266.0,215.55254873188082,47.08716301356575,415.0,73.30704048980877,16.12592869408428,0.0,0.0,0.0,0.0,0.0,0.0
