id,probability_maraud,successful_mating,next_foraging_time,x_pos,y_pos,foraging_events,foraging_hrs,foraging_sqhrs,staying_events,staying_hrs,staying_sqhrs,repairing_events,repairing_hrs,repairing_sqhrs,marauding_events,marauding_hrs,marauding_sqhrs,traveling_events,traveling_hrs,traveling_sqhrs
0,0.0,5,360.25031928732,0.0,0.0,573.0,69.42465995866417,14.105345992964695,1077.0,183.62177341309615,39.574852367899716,625.0,107.16825156143976,23.104598654060563,0.0,0.0,0.0,0.0,0.0,0.0
1,0.054,13,360.34843753128763,0.0,1000.0,566.0,70.88521738613463,14.466218451057781,1724.0,283.0091907828233,59.989784274687565,0.0,0.0,0.0,15.0,1.5000000000000002,0.15000000000000008,100.0,4.667982737256773,0.21862139917695428
2,0.054,8,360.90327805870186,1000.0,0.0,578.0,69.97471931100829,13.76350868091686,1660.0,277.98043001604657,59.38348596120376,40.0,6.135355204206984,1.25760713086644,19.0,1.9000000000000006,0.1900000000000001,91.0,4.232139516776533,0.19718792866940985
3,0.0,10,360.03790560741373,1000.0,1000.0,548.0,71.36226474446113,15.000907324720126,1186.0,200.79657281030424,43.46409964078464,511.0,88.2062094401568,19.171009864775698,0.0,0.0,0.0,0.0,0.0,0.0
