id,probability_maraud,successful_mating,next_foraging_time,x_pos,y_pos,foraging_events,foraging_hrs,foraging_sqhrs,staying_events,staying_hrs,staying_sqhrs,repairing_events,repairing_hrs,repairing_sqhrs,marauding_events,marauding_hrs,marauding_sqhrs,traveling_events,traveling_hrs,traveling_sqhrs
0,0.0,12,360.0667619646897,0.0,0.0,565.0,71.12231965737145,15.617319331390474,1459.0,246.26761620121493,52.56372315657748,247.0,42.66504040752324,9.139184334193558,0.0,0.0,0.0,0.0,0.0,0.0
1,0.0,8,360.0134629941829,0.0,1000.0,563.0,69.80293863284984,13.859918115753675,1507.0,259.89876919020736,56.57715510479327,191.0,30.355833904880182,6.395651482773856,0.0,0.0,0.0,0.0,0.0,0.0
2,0.054,6,360.17135128551183,1000.0,0.0,578.0,71.15750456365699,15.166688874377309,1362.0,230.273308109472,49.48804900152005,324.0,54.61961933571781,11.429564759650813,10.0,0.9999999999999999,0.10000000000000003,63.0,2.9550197742938047,0.13931755829903977
3,0.054,10,360.7101098504467,1000.0,1000.0,561.0,67.43610033231094,13.07905115815479,1514.0,263.49246326603486,57.69455424485486,137.0,24.159801307913835,5.585275917653153,15.0,1.5000000000000002,0.15000000000000008,75.0,3.5297518836629287,0.1671810699588476
