id,probability_maraud,successful_mating,next_foraging_time,x_pos,y_pos,foraging_events,foraging_hrs,foraging_sqhrs,staying_events,staying_hrs,staying_sqhrs,repairing_events,repairing_hrs,repairing_sqhrs,marauding_events,marauding_hrs,marauding_sqhrs,traveling_events,traveling_hrs,traveling_sqhrs
0,0.054,11,359.83771041162504,0.0,0.0,570.0,69.7833529523974,13.91036429486997,1503.0,254.6446499355154,54.52134526804112,185.0,30.75301548326699,6.370657013978752,16.0,1.6000000000000003,0.1600000000000001,71.0,3.3062135908506054,0.15432098765432092
1,0.054,7,360.06322654828483,0.0,1000.0,556.0,71.02894769376819,16.400038492816925,1332.0,223.29677983623696,47.07915975420069,352.0,61.62541458693767,13.818304220190779,11.0,1.0999999999999999,0.11000000000000004,63.0,2.9550197742938042,0.1393175582990398
2,0.0,9,360.2925481553186,1000.0,0.0,553.0,69.60955722903867,14.406199953894957,1497.0,254.02851571462318,53.95307435072525,216.0,36.48284800930164,7.846326182142736,0.0,0.0,0.0,0.0,0.0,0.0
3,0.0,9,359.96276106153744,1000.0,1000.0,565.0,69.89120295376192,14.391902632801472,1477.0,253.30009529701528,54.60482867371591,222.0,36.841977078181046,7.845887319171041,0.0,0.0,0.0,0.0,0.0,0.0
