id,probability_maraud,successful_mating,next_foraging_time,x_pos,y_pos,foraging_events,foraging_hrs,foraging_sqhrs,staying_events,staying_hrs,staying_sqhrs,repairing_events,repairing_hrs,repairing_sqhrs,marauding_events,marauding_hrs,marauding_sqhrs,traveling_events,traveling_hrs,traveling_sqhrs
0,0.054,11,360.02547624199826,0.0,0.0,558.0,70.12026644541561,14.145848099105827,1479.0,255.36476355570946,55.7381767657824,175.0,30.4172311813796,6.549298576549561,8.0,0.7999999999999999,0.08000000000000002,72.0,3.3716864409604708,0.1586076817558298
1,0.0,9,360.4049535646708,0.0,1000.0,561.0,69.70260538571375,14.48919845810333,1703.0,284.4565485939971,60.33587692181917,38.0,6.0529188535058625,1.1493029314858694,0.0,0.0,0.0,0.0,0.0,0.0
2,0.054,12,360.3862607419156,1000.0,0.0,578.0,72.39621555554426,15.71085016599485,1444.0,244.87364643511293,52.778566864576625,229.0,38.865779101027954,8.667772366156166,8.0,0.7999999999999999,0.08000000000000002,69.0,3.1944444444444438,0.14789094650205756
3,0.0,4,360.34547132892936,1000.0,1000.0,558.0,69.65292493991143,14.522448731023973,1606.0,272.23514746865436,58.307712296920826,101.0,18.23962411039334,4.005252733003962,0.0,0.0,0.0,0.0,0.0,0.0
