id,probability_maraud,successful_mating,next_foraging_time,x_pos,y_pos,foraging_events,foraging_hrs,foraging_sqhrs,staying_events,staying_hrs,staying_sqhrs,repairing_events,repairing_hrs,repairing_sqhrs,marauding_events,marauding_hrs,marauding_sqhrs,traveling_events,traveling_hrs,traveling_sqhrs
0,0.0,13,359.98167132472884,0.0,0.0,560.0,67.24029891471946,12.782574515538164,1433.0,243.88037375587567,52.30043156122002,292.0,48.90704420697546,10.338529329503146,0.0,0.0,0.0,0.0,0.0,0.0
1,0.054,5,360.1693674905366,0.0,1000.0,571.0,70.94559166216068,14.809944071743983,1365.0,228.3575320357667,48.511116429190764,331.0,55.01164438725071,11.760249028023196,18.0,1.8000000000000005,0.1800000000000001,87.0,4.046954331591347,0.18861454046639203
2,0.0,7,359.9443049043624,1000.0,0.0,561.0,72.10783965274145,15.67858749099572,1549.0,263.71489226659713,56.57609428567334,136.0,24.273079485644846,5.493656511829291,0.0,0.0,0.0,0.0,0.0,0.0
3,0.054,11,360.02327199942874,1000.0,1000.0,561.0,73.07192008224298,15.749849786192316,1301.0,222.05050142247393,47.775279687015924,364.0,60.66935275003033,12.758309280485083,13.0,1.3,0.13000000000000006,64.0,2.9821395167765314,0.13931755829903977
