id,probability_maraud,successful_mating,next_foraging_time,x_pos,y_pos,foraging_events,foraging_hrs,foraging_sqhrs,staying_events,staying_hrs,staying_sqhrs,repairing_events,repairing_hrs,repairing_sqhrs,marauding_events,marauding_hrs,marauding_sqhrs,traveling_events,traveling_hrs,traveling_sqhrs
0,0.054,15,360.43566980671574,0.0,0.0,563.0,67.24689241392484,13.06876211985607,1536.0,256.5851741088002,54.48397239044951,190.0,30.43467964201498,6.37153868940364,16.0,1.6000000000000003,0.1600000000000001,89.0,4.13954692418394,0.19290123456790095
1,0.054,5,360.2334925836288,0.0,1000.0,557.0,73.56612502106113,17.612785462422373,1329.0,226.7239455436267,48.785341572220844,338.0,55.0523048041868,11.538200772826116,11.0,1.0999999999999999,0.11000000000000004,77.0,3.603167922441952,0.16932441700960205
2,0.0,6,360.35184959844366,1000.0,0.0,565.0,70.59346637935157,15.209708515286863,1468.0,246.46171341706835,52.58381288648789,250.0,42.980960954820596,9.055315978681431,0.0,0.0,0.0,0.0,0.0,0.0
3,0.0,10,360.5417183658755,1000.0,1000.0,555.0,69.70213998702222,14.361468065780025,1521.0,253.6416297483539,54.04384418747223,218.0,36.66735467737201,7.962687837161641,0.0,0.0,0.0,0.0,0.0,0.0
