id,probability_maraud,successful_mating,next_foraging_time,x_pos,y_pos,foraging_events,foraging_hrs,foraging_sqhrs,staying_events,staying_hrs,staying_sqhrs,repairing_events,repairing_hrs,repairing_sqhrs,marauding_events,marauding_hrs,marauding_sqhrs,traveling_events,traveling_hrs,traveling_sqhrs
0,0.0,7,360.19979985909276,0.0,0.0,571.0,68.07052597211484,14.068826294478239,1463.0,242.66469015507238,51.00629889590933,302.0,49.30772159541401,10.27641275739268,0.0,0.0,0.0,0.0,0.0,0.0
1,0.0,12,360.0811621952144,0.0,1000.0,556.0,69.41442736806026,14.31936726947216,1510.0,254.0739606237405,54.54964042394878,205.0,36.667316927111976,8.238411446720248,0.0,0.0,0.0,0.0,0.0,0.0
2,0.054,10,360.43227282599014,1000.0,0.0,569.0,72.14355569775603,15.09383103254684,1524.0,252.9018549039606,53.137866501871976,181.0,30.28267085230666,6.563083546275155,14.0,1.4000000000000001,0.14000000000000007,74.0,3.4642790335530633,0.16289437585733868
3,0.054,7,360.2207907894562,1000.0,1000.0,569.0,70.0360453994494,14.637005233143913,1469.0,248.48492781309022,53.44809186236241,214.0,36.49551951138725,8.211457890219684,11.0,1.0999999999999999,0.11000000000000004,84.0,3.927241996516026,0.18432784636488314
