id,probability_maraud,successful_mating,next_foraging_time,x_pos,y_pos,foraging_events,foraging_hrs,foraging_sqhrs,staying_events,staying_hrs,staying_sqhrs,repairing_events,repairing_hrs,repairing_sqhrs,marauding_events,marauding_hrs,marauding_sqhrs,traveling_events,traveling_hrs,traveling_sqhrs
0,0.054,8,359.87409177100466,0.0,0.0,560.0,73.04933197379161,15.73971827344122,1372.0,232.37269611376266,49.94659308036116,285.0,49.14693212214782,10.669232700023363,16.0,1.6000000000000003,0.1600000000000001,82.0,3.8538259577370026,0.18218449931412872
1,0.054,7,360.1005037421635,0.0,1000.0,565.0,72.31229041908028,15.43944154385593,1270.0,222.0982116220698,48.40503786856819,360.0,61.32939890869191,13.049706784399065,13.0,1.3,0.13000000000000006,65.0,3.0284358130728277,0.14146090534979422
2,0.0,8,359.9687056706484,1000.0,0.0,569.0,71.24031241104812,14.7942419847503,1496.0,252.41644980245076,53.48116731719242,213.0,36.50613311993798,7.733649988717732,0.0,0.0,0.0,0.0,0.0,0.0
3,0.0,13,360.7012349746333,1000.0,1000.0,579.0,67.99426897771842,13.245718305268355,1568.0,261.5030936679603,55.16673696977728,188.0,30.716049018874298,6.288052947667324,0.0,0.0,0.0,0.0,0.0,0.0
