id,probability_maraud,successful_mating,next_foraging_time,x_pos,y_pos,foraging_events,foraging_hrs,foraging_sqhrs,staying_events,staying_hrs,staying_sqhrs,repairing_events,repairing_hrs,repairing_sqhrs,marauding_events,marauding_hrs,marauding_sqhrs,traveling_events,traveling_hrs,traveling_sqhrs
0,0.0,6,360.0732744704857,0.0,0.0,563.0,72.01406768863484,16.112468685837015,1449.0,245.77416829953157,52.67856670009047,243.0,42.24506824550141,9.469961233919907,0.0,0.0,0.0,0.0,0.0,0.0
1,0.054,5,360.1207241550163,0.0,1000.0,564.0,73.23607339008171,15.39810229429537,1515.0,257.43648298000903,55.65473796879411,148.0,24.31635501003603,4.872170995158173,15.0,1.5000000000000002,0.15000000000000008,80.0,3.722880257517272,0.1736111111111109
2,0.0,15,360.3689204661329,1000.0,0.0,564.0,70.42058379154668,13.982851656929705,1572.0,265.27440246971037,57.43420850930966,150.0,24.458049289011647,5.066934904790313,0.0,0.0,0.0,0.0,0.0,0.0
3,0.054,10,359.90523220597754,1000.0,1000.0,567.0,74.03319304283166,16.354828780000744,1363.0,233.30475703325473,50.30680147736638,285.0,48.70134319766072,10.311162317129734,8.0,0.7999999999999999,0.08000000000000002,70.0,3.259917294554309,0.15217764060356648
