id,probability_maraud,successful_mating,next_foraging_time,x_pos,y_pos,foraging_events,foraging_hrs,foraging_sqhrs,staying_events,staying_hrs,staying_sqhrs,repairing_events,repairing_hrs,repairing_sqhrs,marauding_events,marauding_hrs,marauding_sqhrs,traveling_events,traveling_hrs,traveling_sqhrs
0,0.054,10,360.7330700937218,0.0,0.0,566.0,72.98006550621861,16.117838721375904,1442.0,245.46040344407217,52.55694022026726,218.0,36.91105480541338,7.858493369408941,15.0,1.5000000000000002,0.15000000000000008,73.0,3.398806183443198,0.1586076817558298
1,0.054,9,359.96513394422965,0.0,1000.0,558.0,69.98974233408708,14.760507434521232,1348.0,236.67438486558945,52.40171231969357,284.0,48.758950400884224,10.585048442620305,12.0,1.2,0.12000000000000005,73.0,3.456335844883905,0.16503772290809315
2,0.0,7,360.3963323520592,1000.0,0.0,572.0,68.39682908417817,13.042729605612589,1448.0,243.10929937545023,51.74798323873015,288.0,48.51293578297779,10.40146241833769,0.0,0.0,0.0,0.0,0.0,0.0
3,0.0,9,360.1805405167997,1000.0,1000.0,558.0,67.62330986591599,13.89978323916145,1540.0,262.8760872242428,56.07179442381173,165.0,29.557292518100557,6.936182873702903,0.0,0.0,0.0,0.0,0.0,0.0
