id,probability_maraud,successful_mating,next_foraging_time,x_pos,y_pos,foraging_events,foraging_hrs,foraging_sqhrs,staying_events,staying_hrs,staying_sqhrs,repairing_events,repairing_hrs,repairing_sqhrs,marauding_events,marauding_hrs,marauding_sqhrs,traveling_events,traveling_hrs,traveling_sqhrs
0,0.054,6,359.91343945494276,0.0,0.0,556.0,71.2471142640439,16.001510665033397,1324.0,223.0197869745694,47.28748552496372,365.0,61.19346611073114,12.94759592294816,12.0,1.2,0.12000000000000005,73.0,3.398806183443198,0.1586076817558298
1,0.0,7,360.32784647957277,0.0,1000.0,557.0,73.79182895541531,16.325488147704814,1369.0,237.48698199240647,51.822375991745204,304.0,48.79774662208871,10.147980945575764,0.0,0.0,0.0,0.0,0.0,0.0
2,0.054,14,360.2515402170358,1000.0,0.0,562.0,67.19288525592034,12.726470681350857,1582.0,262.4026096578518,55.804504738574494,144.0,24.352066513481702,5.407309805271614,18.0,1.8000000000000005,0.1800000000000001,92.0,4.316788920699969,0.20361796982167316
3,0.0,9,359.93704063746105,1000.0,1000.0,563.0,72.9290259619058,16.736114938830266,1408.0,240.16703311730208,51.50129511725793,289.0,47.00716380873371,9.847372065440416,0.0,0.0,0.0,0.0,0.0,0.0
