id,probability_maraud,successful_mating,next_foraging_time,x_pos,y_pos,foraging_events,foraging_hrs,foraging_sqhrs,staying_events,staying_hrs,staying_sqhrs,repairing_events,repairing_hrs,repairing_sqhrs,marauding_events,marauding_hrs,marauding_sqhrs,traveling_events,traveling_hrs,traveling_sqhrs
0,0.0,9,360.123127512224,0.0,0.0,563.0,71.07034320037891,14.995275659551085,1476.0,252.79977707508831,54.70103290359926,221.0,36.3266211049716,7.622386299080277,0.0,0.0,0.0,0.0,0.0,0.0
1,0.0,13,360.0585015879502,0.0,1000.0,560.0,73.13140723479117,15.777448721425907,1485.0,250.10380543204116,53.19516902583063,226.0,36.82331068791321,7.62064693921662,0.0,0.0,0.0,0.0,0.0,0.0
2,0.054,8,360.67721809534316,1000.0,0.0,566.0,73.0456369028983,15.625246191185749,1319.0,219.81285096642924,46.48532917608678,361.0,61.57983337702184,12.921298208305789,14.0,1.4000000000000001,0.14000000000000007,93.0,4.305555555555557,0.19933127572016426
3,0.054,6,359.87795565032013,1000.0,1000.0,571.0,71.43957320856438,15.55685690300253,1405.0,233.76774796164173,49.60071816118111,288.0,49.24033996087635,10.482988018549353,16.0,1.6000000000000003,0.1600000000000001,85.0,3.9735382928123224,0.18647119341563761
