id,probability_maraud,successful_mating,next_foraging_time,x_pos,y_pos,foraging_events,foraging_hrs,foraging_sqhrs,staying_events,staying_hrs,staying_sqhrs,repairing_events,repairing_hrs,repairing_sqhrs,marauding_events,marauding_hrs,marauding_sqhrs,traveling_events,traveling_hrs,traveling_sqhrs
0,0.0,7,359.9492226548544,0.0,0.0,588.0,68.42256348567024,13.570278277686542,1310.0,218.45913032064277,46.401561711820804,436.0,73.23169516590241,15.384041060066707,0.0,0.0,0.0,0.0,0.0,0.0
1,0.054,7,360.25392127686666,0.0,1000.0,560.0,70.56452094077436,14.670597019598596,1626.0,277.06516571653606,59.953521847352455,33.0,6.259918265230022,1.4364159002284569,14.0,1.4000000000000001,0.14000000000000007,106.0,4.9265839612209845,0.2293381344307265
2,0.054,15,360.41252603311005,1000.0,0.0,568.0,70.60228202431298,14.768484734989055,1692.0,284.6316101841083,60.52244280820059,0.0,0.0,0.0,10.0,0.9999999999999999,0.10000000000000003,84.0,3.908065442702457,0.1821844993141287
3,0.0,7,360.17735710587283,1000.0,1000.0,573.0,68.94427230759678,14.250212907302624,1313.0,224.29444323138046,48.500323679508114,385.0,67.08253007510424,14.490136949250276,0.0,0.0,0.0,0.0,0.0,0.0
