id,probability_maraud,successful_mating,next_foraging_time,x_pos,y_pos,foraging_events,foraging_hrs,foraging_sqhrs,staying_events,staying_hrs,staying_sqhrs,repairing_events,repairing_hrs,repairing_sqhrs,marauding_events,marauding_hrs,marauding_sqhrs,traveling_events,traveling_hrs,traveling_sqhrs
0,0.054,8,360.0993350591124,0.0,0.0,567.0,68.39133322853412,13.281484708410167,1617.0,273.4009032761478,58.701387126737366,73.0,12.167389589382344,2.7081766214114493,17.0,1.7000000000000004,0.1700000000000001,95.0,4.398148148148151,0.20361796982167316
1,0.0,8,360.1796695273116,0.0,1000.0,566.0,70.44534152248046,14.359065341335793,1232.0,209.7194943337547,45.09704739084374,459.0,79.89818465926726,17.578957983399455,0.0,0.0,0.0,0.0,0.0,0.0
2,0.0,8,359.76356408838984,1000.0,0.0,562.0,71.167757504803,14.740126828496473,1314.0,221.9630656339313,47.127784868384744,394.0,66.93114791586034,14.17603464333376,0.0,0.0,0.0,0.0,0.0,0.0
3,0.054,12,359.9769061956684,1000.0,1000.0,578.0,71.3075854179656,16.07320462281387,1688.0,283.750259072067,60.783796324973835,0.0,0.0,0.0,9.0,0.8999999999999999,0.09000000000000002,85.0,4.069421061880169,0.1971879286694099
