id,probability_maraud,successful_mating,next_foraging_time,x_pos,y_pos,foraging_events,foraging_hrs,foraging_sqhrs,staying_events,staying_hrs,staying_sqhrs,repairing_events,repairing_hrs,repairing_sqhrs,marauding_events,marauding_hrs,marauding_sqhrs,traveling_events,traveling_hrs,traveling_sqhrs
0,0.054,7,360.43152843860975,0.0,0.0,568.0,68.74534371563517,13.900320427017792,1435.0,249.47760961951212,54.21439506458337,218.0,36.65326525928298,7.991451958606291,12.0,1.2,0.12000000000000005,85.0,3.9543617389987533,0.18432784636488317
1,0.0,10,360.09133186880547,0.0,1000.0,565.0,70.2918784637608,15.325515303171251,1541.0,259.3205828864541,55.469527058882484,187.0,30.57952575730438,6.398345477837429,0.0,0.0,0.0,0.0,0.0,0.0
2,0.054,8,360.4180911172479,1000.0,0.0,557.0,71.7514603437303,15.665558403391573,1439.0,240.54911849013757,50.88518668582828,247.0,42.82684592625341,9.558393471077867,13.0,1.3,0.13000000000000006,81.0,3.8075296614407064,0.18004115226337425
3,0.0,11,360.24506677926485,1000.0,1000.0,571.0,70.57944314373796,14.222895316670906,1468.0,246.960290479314,52.74789270557858,253.0,42.569380514379944,8.93068086966256,0.0,0.0,0.0,0.0,0.0,0.0
