id,probability_maraud,successful_mating,next_foraging_time,x_pos,y_pos,foraging_events,foraging_hrs,foraging_sqhrs,staying_events,staying_hrs,staying_sqhrs,repairing_events,repairing_hrs,repairing_sqhrs,marauding_events,marauding_hrs,marauding_sqhrs,traveling_events,traveling_hrs,traveling_sqhrs
0,0.054,10,359.96556749671737,0.0,0.0,586.0,67.5521584430448,12.333893147593843,1501.0,256.06873291573504,55.20044929136866,175.0,30.640407993489926,6.6441745411248885,14.0,1.4000000000000001,0.14000000000000007,95.0,4.41732470196172,0.20576131687242763
1,0.0,8,360.2684289866333,0.0,1000.0,567.0,68.78516148624554,13.234359253704303,1370.0,230.4097146810458,49.315227413518095,350.0,60.99684137994986,13.340555594693893,0.0,0.0,0.0,0.0,0.0,0.0
2,0.054,9,360.14912405170134,1000.0,0.0,565.0,70.01189463170523,13.974477306825726,1468.0,254.03137128925295,55.36607481770103,189.0,30.504047507541134,6.287838839150812,13.0,1.3,0.13000000000000006,92.0,4.2976123668863995,0.20147462277091874
3,0.0,9,360.1395354697218,1000.0,1000.0,569.0,73.16521122677548,15.613363040529169,1426.0,244.4824747163263,52.592558432915524,270.0,42.41608010589549,8.39471620160689,0.0,0.0,0.0,0.0,0.0,0.0
