id,probability_maraud,successful_mating,next_foraging_time,x_pos,y_pos,foraging_events,foraging_hrs,foraging_sqhrs,staying_events,staying_hrs,staying_sqhrs,repairing_events,repairing_hrs,repairing_sqhrs,marauding_events,marauding_hrs,marauding_sqhrs,traveling_events,traveling_hrs,traveling_sqhrs
0,0.054,9,360.4575240720021,0.0,0.0,566.0,70.71854748851985,14.22608505626079,1661.0,284.31752764829855,61.18801035243543,0.0,0.0,0.0,12.0,1.2,0.12000000000000005,82.0,3.7962962962962954,0.17575445816186536
1,0.0,8,359.8512036748835,0.0,1000.0,560.0,72.3578354378309,16.538881469849564,1064.0,180.0102172761304,38.354341392982974,638.0,107.75672267821136,22.533786403748817,0.0,0.0,0.0,0.0,0.0,0.0
2,0.0,8,360.2325142236539,1000.0,0.0,560.0,74.00842289644773,16.19178094249684,1239.0,207.16154236465255,43.760725960701556,480.0,79.02176538897345,16.482301062040936,0.0,0.0,0.0,0.0,0.0,0.0
3,0.054,11,360.5207064874969,1000.0,1000.0,568.0,67.2669254443472,12.96630589059838,1677.0,286.0650845168014,61.62755619541132,0.0,0.0,0.0,19.0,1.9000000000000006,0.1900000000000001,106.0,4.964937068848123,0.23362482853223548
