id,probability_maraud,successful_mating,next_foraging_time,x_pos,y_pos,foraging_events,foraging_hrs,foraging_sqhrs,staying_events,staying_hrs,staying_sqhrs,repairing_events,repairing_hrs,repairing_sqhrs,marauding_events,marauding_hrs,marauding_sqhrs,traveling_events,traveling_hrs,traveling_sqhrs
0,0.0,11,360.2623087011518,0.0,0.0,556.0,70.90937307681887,16.03701896240016,1231.0,209.9844879536651,45.24874894157259,476.0,79.15432850094825,16.467692226368154,0.0,0.0,0.0,0.0,0.0,0.0
1,0.054,10,360.4861902479825,0.0,1000.0,565.0,68.40094644258414,13.903246579121383,1705.0,286.0181944872936,61.175696840341864,0.0,0.0,0.0,12.0,1.2,0.12000000000000005,96.0,4.482797552071586,0.2100480109739365
2,0.054,11,360.6925847560077,1000.0,0.0,558.0,71.94319131026754,14.994525958649506,1687.0,282.77813345128374,60.09163707157183,0.0,0.0,0.0,11.0,1.0999999999999999,0.11000000000000004,92.0,4.27843581307283,0.19933127572016426
3,0.0,4,359.94926359096047,1000.0,1000.0,573.0,67.97261535173035,13.726232037852155,1383.0,230.9420581720037,48.806259657012724,367.0,61.254936397565906,13.200971056163924,0.0,0.0,0.0,0.0,0.0,0.0
