id,probability_maraud,successful_mating,next_foraging_time,x_pos,y_pos,foraging_events,foraging_hrs,foraging_sqhrs,staying_events,staying_hrs,staying_sqhrs,repairing_events,repairing_hrs,repairing_sqhrs,marauding_events,marauding_hrs,marauding_sqhrs,traveling_events,traveling_hrs,traveling_sqhrs
0,0.054,8,360.44598868200785,0.0,0.0,580.0,70.33436145558778,14.762746877601446,1386.0,235.98659928403922,50.95439267799777,285.0,48.977022486985966,10.499708312562555,12.0,1.2,0.12000000000000005,76.0,3.5185185185185177,0.16289437585733868
1,0.054,7,360.62350972954016,0.0,1000.0,566.0,72.338549592692,15.082504851915889,1397.0,233.3263617204566,49.30091248614465,285.0,48.936016316204636,10.652789394136677,17.0,1.7000000000000004,0.1700000000000001,84.0,3.908065442702457,0.1821844993141287
2,0.0,13,360.2636486659746,1000.0,0.0,567.0,67.9573123667261,13.964000110490721,1556.0,268.0061971532142,58.45905573045609,140.0,24.218970949233213,5.24729413939964,0.0,0.0,0.0,0.0,0.0,0.0
3,0.0,8,360.1080125472913,1000.0,1000.0,559.0,71.69798469812419,15.385611925085342,1375.0,233.180249184138,50.385053679149266,335.0,55.2411990622916,11.903090372107217,0.0,0.0,0.0,0.0,0.0,0.0
