id,probability_maraud,successful_mating,next_foraging_time,x_pos,y_pos,foraging_events,foraging_hrs,foraging_sqhrs,staying_events,staying_hrs,staying_sqhrs,repairing_events,repairing_hrs,repairing_sqhrs,marauding_events,marauding_hrs,marauding_sqhrs,traveling_events,traveling_hrs,traveling_sqhrs
0,0.0,8,360.16199068661916,0.0,0.0,556.0,72.4668664764294,15.717223511745193,1402.0,238.21337352494598,51.04663840267943,290.0,49.47219156093187,10.818494315901422,0.0,0.0,0.0,0.0,0.0,0.0
1,0.054,11,359.9878872970606,0.0,1000.0,579.0,72.00570770008218,14.406531351466764,1698.0,282.3352999587503,59.989365470705266,0.0,0.0,0.0,11.0,1.0999999999999999,0.11000000000000004,98.0,4.594566698477749,0.2164780521261999
2,0.054,13,359.9412835233554,1000.0,0.0,567.0,72.1424163714876,15.238651937203711,1663.0,282.9118455077194,60.95022652131664,0.0,0.0,0.0,9.0,0.8999999999999999,0.09000000000000002,87.0,4.104483993032054,0.19504458161865543
3,0.0,4,360.4335738247514,1000.0,1000.0,560.0,72.05102931071224,15.350950596372712,1287.0,218.30675622040187,46.280237206928284,409.0,69.64881839153443,15.238658099360537,0.0,0.0,0.0,0.0,0.0,0.0
