id,probability_maraud,successful_mating,next_foraging_time,x_pos,y_pos,foraging_events,foraging_hrs,foraging_sqhrs,staying_events,staying_hrs,staying_sqhrs,repairing_events,repairing_hrs,repairing_sqhrs,marauding_events,marauding_hrs,marauding_sqhrs,traveling_events,traveling_hrs,traveling_sqhrs
0,0.054,11,360.35598000483014,0.0,0.0,563.0,71.34842213724562,15.015569055779311,1441.0,247.74581599642852,53.6822978655351,211.0,36.241259325080456,7.750428472317748,14.0,1.4000000000000001,0.14000000000000007,74.0,3.4451024797394942,0.16075102880658423
1,0.054,6,360.09179841840034,0.0,1000.0,557.0,67.85172559891113,13.324467947964084,1391.0,238.1977559874294,50.83400325295341,286.0,49.08495572800614,10.735899923385817,13.0,1.3,0.13000000000000006,78.0,3.6302876649246794,0.16932441700960202
2,0.0,7,359.93285529527213,1000.0,0.0,571.0,73.22325622740412,15.080210164531092,1473.0,250.30068461124355,53.72613337368175,225.0,36.57301603842263,7.438971713895118,0.0,0.0,0.0,0.0,0.0,0.0
3,0.0,12,360.4010777358507,1000.0,1000.0,571.0,73.79968310281649,15.336700738218486,1429.0,243.98371733355773,52.584436120202405,241.0,42.37212724473145,9.460098440680703,0.0,0.0,0.0,0.0,0.0,0.0
