id,probability_maraud,successful_mating,next_foraging_time,x_pos,y_pos,foraging_events,foraging_hrs,foraging_sqhrs,staying_events,staying_hrs,staying_sqhrs,repairing_events,repairing_hrs,repairing_sqhrs,marauding_events,marauding_hrs,marauding_sqhrs,traveling_events,traveling_hrs,traveling_sqhrs
0,0.054,6,360.12513119594735,0.0,0.0,553.0,71.30980201973134,14.942594100388344,1535.0,259.1639633922615,55.540309199809116,144.0,24.438656889369692,5.2025162603407935,16.0,1.6000000000000003,0.1600000000000001,80.0,3.722880257517272,0.1736111111111109
1,0.054,10,359.99715895658017,0.0,1000.0,559.0,71.93297329320094,14.891418197974751,1358.0,228.76118359395397,48.61798557409449,317.0,55.033388265008554,11.76198351363514,11.0,1.0999999999999999,0.11000000000000004,73.0,3.417982737256767,0.16075102880658423
2,0.0,11,360.09369963093906,1000.0,0.0,570.0,72.82152847607477,15.030291919290779,1451.0,244.70374441729422,52.67332960409622,252.0,42.51718272127331,8.964954116636523,0.0,0.0,0.0,0.0,0.0,0.0
3,0.0,9,360.18612027123714,1000.0,1000.0,559.0,70.86234660431604,15.44123908654371,1425.0,246.03643994899105,52.969631095614915,258.0,43.12929527302035,9.288547976827859,0.0,0.0,0.0,0.0,0.0,0.0
