id,probability_maraud,successful_mating,next_foraging_time,x_pos,y_pos,foraging_events,foraging_hrs,foraging_sqhrs,staying_events,staying_hrs,staying_sqhrs,repairing_events,repairing_hrs,repairing_sqhrs,marauding_events,marauding_hrs,marauding_sqhrs,traveling_events,traveling_hrs,traveling_sqhrs
0,0.0,12,360.14998411342043,0.0,0.0,579.0,68.62129353416488,13.09820929606259,1400.0,242.7009235296575,52.73448781377814,294.0,48.79423648386134,9.89791366541781,0.0,0.0,0.0,0.0,0.0,0.0
1,0.0,7,359.9919160592044,0.0,1000.0,565.0,68.51685308183254,13.756475670018,1384.0,236.4725581789525,50.96910100765166,326.0,55.03113930736273,11.823079580764995,0.0,0.0,0.0,0.0,0.0,0.0
2,0.054,13,360.1268697764629,1000.0,0.0,569.0,72.66460506172801,15.725440961687005,1569.0,263.9052065281505,57.04291948017206,103.0,18.23577992982648,4.106239241326708,18.0,1.8000000000000005,0.1800000000000001,73.0,3.398806183443198,0.15860768175582982
3,0.054,4,359.96729651668005,1000.0,1000.0,576.0,70.14916462731033,14.069070675258649,1338.0,223.51583902884227,46.937018492090935,354.0,61.1492359855803,13.178653446841517,12.0,1.2,0.12000000000000005,86.0,4.019834589108619,0.18861454046639206
