id,probability_maraud,successful_mating,next_foraging_time,x_pos,y_pos,foraging_events,foraging_hrs,foraging_sqhrs,staying_events,staying_hrs,staying_sqhrs,repairing_events,repairing_hrs,repairing_sqhrs,marauding_events,marauding_hrs,marauding_sqhrs,traveling_events,traveling_hrs,traveling_sqhrs
0,0.0,6,360.4475276611482,0.0,0.0,581.0,70.16528559181774,13.997388121220073,1142.0,198.67978543477054,43.052247930320966,533.0,91.19756074970346,19.177902962655065,0.0,0.0,0.0,0.0,0.0,0.0
1,0.054,13,360.1427194007818,0.0,1000.0,560.0,69.8053219762988,14.554430578156083,1617.0,277.9847085674621,60.39785196819877,35.0,6.049618106783333,1.3815503241966247,17.0,1.7000000000000004,0.1700000000000001,96.0,4.482797552071586,0.21004801097393652
2,0.054,11,360.30284719872236,1000.0,0.0,578.0,70.57806255616343,15.043199550371073,1682.0,283.6356372676911,60.69400483382225,0.0,0.0,0.0,15.0,1.5000000000000002,0.15000000000000008,98.0,4.594566698477749,0.21647805212619986
3,0.0,6,360.6300397518623,1000.0,1000.0,562.0,70.44926145197591,15.317817043653704,1153.0,192.8024422893753,40.752122142275496,564.0,96.866732626005,20.763745042389118,0.0,0.0,0.0,0.0,0.0,0.0
