id,probability_maraud,successful_mating,next_foraging_time,x_pos,y_pos,foraging_events,foraging_hrs,foraging_sqhrs,staying_events,staying_hrs,staying_sqhrs,repairing_events,repairing_hrs,repairing_sqhrs,marauding_events,marauding_hrs,marauding_sqhrs,traveling_events,traveling_hrs,traveling_sqhrs
0,0.054,7,360.2259860949261,0.0,0.0,566.0,68.74101726689562,13.319966285674486,1364.0,229.9564062546604,48.97231112367435,327.0,55.76655031297068,12.27846515746029,15.0,1.5000000000000002,0.15000000000000008,91.0,4.232139516776534,0.19718792866940985
1,0.054,4,360.2570029702805,0.0,1000.0,575.0,70.44990658748169,14.735957878822553,1289.0,217.23846007082406,46.69092301419567,404.0,66.79939715097922,13.935229678105957,18.0,1.8000000000000005,0.1800000000000001,81.0,3.769176553813568,0.17575445816186538
2,0.0,10,360.6700019545491,1000.0,0.0,559.0,69.23598118225088,14.069052149313682,1555.0,266.1323944626581,57.633566780728856,148.0,24.689323458985204,5.178633755985274,0.0,0.0,0.0,0.0,0.0,0.0
3,0.0,14,360.15851771690467,1000.0,1000.0,560.0,71.04199827683634,14.71615172456406,1454.0,246.2022142980459,53.102664674542794,255.0,42.85255011232234,8.785676065679361,0.0,0.0,0.0,0.0,0.0,0.0
