id,probability_maraud,successful_mating,next_foraging_time,x_pos,y_pos,foraging_events,foraging_hrs,foraging_sqhrs,staying_events,staying_hrs,staying_sqhrs,repairing_events,repairing_hrs,repairing_sqhrs,marauding_events,marauding_hrs,marauding_sqhrs,traveling_events,traveling_hrs,traveling_sqhrs
0,0.0,12,360.19567587376554,0.0,0.0,554.0,71.2390072201258,16.257786413642652,1469.0,251.7376333683525,54.07274481241853,219.0,37.09549708374561,7.803264596501803,0.0,0.0,0.0,0.0,0.0,0.0
1,0.054,7,360.58962892594514,0.0,1000.0,571.0,72.01081988216778,14.791016001401212,1362.0,228.00413177341034,47.74050690075852,322.0,55.15963070499854,12.078963640345943,11.0,1.0999999999999999,0.11000000000000004,81.0,3.769176553813568,0.17575445816186538
2,0.0,8,360.25035098563677,1000.0,0.0,561.0,72.539987735955,15.428577140148889,1482.0,257.15175408127044,55.66007761272817,177.0,30.42943709307961,6.712629920989313,0.0,0.0,0.0,0.0,0.0,0.0
3,0.054,9,360.07027771277245,1000.0,1000.0,555.0,71.29890809927994,15.041862298833296,1432.0,246.94179388097172,53.86913335127141,219.0,36.82133981407693,7.7836039985510554,15.0,1.5000000000000002,0.15000000000000008,78.0,3.687817326365387,0.17575445816186536
