id,probability_maraud,successful_mating,next_foraging_time,x_pos,y_pos,foraging_events,foraging_hrs,foraging_sqhrs,staying_events,staying_hrs,staying_sqhrs,repairing_events,repairing_hrs,repairing_sqhrs,marauding_events,marauding_hrs,marauding_sqhrs,traveling_events,traveling_hrs,traveling_sqhrs
0,0.0,9,360.04158337367755,0.0,0.0,573.0,67.68204170817492,12.719365955480153,1250.0,213.13179108948128,46.43590918823801,470.0,79.22798913627963,17.040308359505072,0.0,0.0,0.0,0.0,0.0,0.0
1,0.054,6,360.3242442917034,0.0,1000.0,569.0,69.00692675435826,13.23600798831366,1671.0,285.2053516969332,61.49330039058334,0.0,0.0,0.0,16.0,1.6000000000000003,0.1600000000000001,92.0,4.335965474513538,0.20576131687242766
2,0.054,10,359.9945139984802,1000.0,0.0,573.0,66.77240100319949,13.536471983756979,1620.0,277.4893484638942,60.46271992897277,55.0,10.301557243512871,2.361816821522933,10.0,0.9999999999999999,0.10000000000000003,101.0,4.675925925925931,0.21647805212619983
3,0.0,11,360.09065655643474,1000.0,1000.0,567.0,71.9368740929022,14.871642318500848,1320.0,221.30319727821208,47.12097920008141,406.0,66.7942165445444,13.980689548017125,0.0,0.0,0.0,0.0,0.0,0.0
