id,probability_maraud,successful_mating,next_foraging_time,x_pos,y_pos,foraging_events,foraging_hrs,foraging_sqhrs,staying_events,staying_hrs,staying_sqhrs,repairing_events,repairing_hrs,repairing_sqhrs,marauding_events,marauding_hrs,marauding_sqhrs,traveling_events,traveling_hrs,traveling_sqhrs
0,0.0,9,359.91519525714784,0.0,0.0,559.0,71.03023697201104,15.963909380687166,1470.0,252.16040401301544,54.800860244504854,209.0,36.83108202943316,7.94620892510866,0.0,0.0,0.0,0.0,0.0,0.0
1,0.054,6,360.09696940949397,0.0,1000.0,579.0,69.13004578214215,13.70927485280094,1434.0,243.10094228150496,52.61441472536498,253.0,42.81571155942065,9.231114991680537,13.0,1.3,0.13000000000000006,82.0,3.7962962962962954,0.17575445816186536
2,0.0,7,360.3748144138043,1000.0,0.0,573.0,68.68563903426325,13.524455184202184,1407.0,236.38012278820173,49.89946634798452,325.0,54.97725612199268,11.91708891861337,0.0,0.0,0.0,0.0,0.0,0.0
3,0.054,14,360.3291761623635,1000.0,1000.0,553.0,70.59132155106724,14.696781482964523,1446.0,240.70485363262944,51.04427605856249,263.0,42.7511203265504,9.004306910012845,16.0,1.6000000000000003,0.1600000000000001,98.0,4.594566698477749,0.21647805212619986
