id,probability_maraud,successful_mating,next_foraging_time,x_pos,y_pos,foraging_events,foraging_hrs,foraging_sqhrs,staying_events,staying_hrs,staying_sqhrs,repairing_events,repairing_hrs,repairing_sqhrs,marauding_events,marauding_hrs,marauding_sqhrs,traveling_events,traveling_hrs,traveling_sqhrs
0,0.054,15,360.42076826751315,0.0,0.0,566.0,71.93919628495257,15.447654565220214,1656.0,281.714437129032,60.34234120400148,0.0,0.0,0.0,14.0,1.4000000000000001,0.14000000000000007,105.0,4.976170433992534,0.23791152263374438
1,0.0,3,360.2112685072385,0.0,1000.0,556.0,71.14553496456524,15.380514852649084,1216.0,205.17831318407102,43.10880995607672,489.0,83.80477343340684,18.170926432522787,0.0,0.0,0.0,0.0,0.0,0.0
2,0.0,8,360.3134883543075,1000.0,0.0,561.0,74.79048365587917,16.082922832166457,1104.0,187.86260731067208,40.91070097801082,558.0,97.52837208874206,20.91846124561696,0.0,0.0,0.0,0.0,0.0,0.0
3,0.054,10,360.0573506005785,1000.0,1000.0,580.0,71.92264705869586,14.077427778491353,1658.0,281.7805293274321,59.77025161432428,0.0,0.0,0.0,16.0,1.6000000000000003,0.1600000000000001,105.0,4.880287664924688,0.22719478737997206
