id,probability_maraud,successful_mating,next_foraging_time,x_pos,y_pos,foraging_events,foraging_hrs,foraging_sqhrs,staying_events,staying_hrs,staying_sqhrs,repairing_events,repairing_hrs,repairing_sqhrs,marauding_events,marauding_hrs,marauding_sqhrs,traveling_events,traveling_hrs,traveling_sqhrs
0,0.0,9,359.9986105804156,0.0,0.0,555.0,70.16801212587309,14.505747531582086,1291.0,222.8597704745525,48.826119270040756,405.0,67.19009519762331,14.379848079617268,0.0,0.0,0.0,0.0,0.0,0.0
1,0.054,13,360.52100656990393,0.0,1000.0,577.0,71.7677028969467,14.301998734696497,1682.0,282.0856747943737,60.13498180359431,0.0,0.0,0.0,16.0,1.6000000000000003,0.1600000000000001,98.0,4.594566698477749,0.2164780521261999
2,0.054,9,359.99270033209325,1000.0,0.0,570.0,70.29229955167307,14.403757706012346,1641.0,278.41083782477955,59.78185879040878,44.0,6.053599670106994,1.0685879456270482,11.0,1.0999999999999999,0.11000000000000004,91.0,4.270492624403672,0.2014746227709187
3,0.0,5,360.0007029000134,1000.0,1000.0,555.0,70.44500565600113,14.77672730405123,1174.0,198.32879920861922,42.14482900436822,554.0,91.4450715330654,19.425489789865694,0.0,0.0,0.0,0.0,0.0,0.0
