id,probability_maraud,successful_mating,next_foraging_time,x_pos,y_pos,foraging_events,foraging_hrs,foraging_sqhrs,staying_events,staying_hrs,staying_sqhrs,repairing_events,repairing_hrs,repairing_sqhrs,marauding_events,marauding_hrs,marauding_sqhrs,traveling_events,traveling_hrs,traveling_sqhrs
0,0.0,12,360.04798344303873,0.0,0.0,572.0,73.34451496760744,16.448707966681354,1512.0,262.4484257687782,57.54060093482478,150.0,24.352410464554463,5.0048877805825,0.0,0.0,0.0,0.0,0.0,0.0
1,0.054,7,360.0171073808707,0.0,1000.0,565.0,73.27665629235945,15.916734169370365,1291.0,221.90819388049502,48.004789791377085,360.0,61.09763967269054,13.08415921981612,9.0,0.8999999999999999,0.09000000000000002,63.0,2.916666666666666,0.13503086419753088
2,0.0,10,360.7822303126759,1000.0,0.0,565.0,74.68266502837949,16.85111179017845,1376.0,236.36841468606303,50.93250790531686,282.0,49.080253085465344,10.674822201963739,0.0,0.0,0.0,0.0,0.0,0.0
3,0.054,7,360.4677769603663,1000.0,1000.0,562.0,70.52834946738429,14.270765767341555,1488.0,252.54561416748376,54.42509278748635,182.0,30.54350466318421,6.458091057805366,18.0,1.8000000000000005,0.1800000000000001,99.0,4.6025098871469075,0.21433470507544541
