id,probability_maraud,successful_mating,next_foraging_time,x_pos,y_pos,foraging_events,foraging_hrs,foraging_sqhrs,staying_events,staying_hrs,staying_sqhrs,repairing_events,repairing_hrs,repairing_sqhrs,marauding_events,marauding_hrs,marauding_sqhrs,traveling_events,traveling_hrs,traveling_sqhrs
0,0.0,7,360.0413421971789,0.0,0.0,560.0,73.53499867042069,16.804449958621717,970.0,164.56689322309455,35.74253361396992,717.0,121.94156448511175,25.78951984297197,0.0,0.0,0.0,0.0,0.0,0.0
1,0.054,12,360.16472443547036,0.0,1000.0,564.0,69.61481334088225,14.542281092718072,1640.0,277.3022459456732,59.8083151113343,40.0,6.0514926152221005,1.2034568354357225,18.0,1.8000000000000005,0.1800000000000001,113.0,5.250658035295062,0.24434156378600763
2,0.054,7,360.00512124480576,1000.0,0.0,578.0,72.00582648594873,14.651104756377912,1693.0,282.19584473221136,60.463154839596704,0.0,0.0,0.0,17.0,1.7000000000000004,0.1700000000000001,89.0,4.13954692418394,0.19290123456790095
3,0.0,10,360.0050228708513,1000.0,1000.0,565.0,72.07428605140252,16.24970170395607,1194.0,202.77118393494771,43.89787047655581,523.0,85.30352946367651,17.71344111643763,0.0,0.0,0.0,0.0,0.0,0.0
