id,probability_maraud,successful_mating,next_foraging_time,x_pos,y_pos,foraging_events,foraging_hrs,foraging_sqhrs,staying_events,staying_hrs,staying_sqhrs,repairing_events,repairing_hrs,repairing_sqhrs,marauding_events,marauding_hrs,marauding_sqhrs,traveling_events,traveling_hrs,traveling_sqhrs
0,0.0,8,360.3121100860548,0.0,0.0,562.0,69.75093631299967,14.510221347555838,1592.0,273.26156262392135,58.95144611764353,95.0,17.096824394189237,3.847445004017517,0.0,0.0,0.0,0.0,0.0,0.0
1,0.0,11,360.7314780196975,0.0,1000.0,585.0,70.40590777364757,14.906101058431595,1532.0,259.56455740700915,55.88650606006657,179.0,30.246444551513004,6.4332672445071415,0.0,0.0,0.0,0.0,0.0,0.0
2,0.054,7,360.460725877691,1000.0,0.0,576.0,70.78971360216539,13.442835939400522,1511.0,254.41561773820237,54.408001606776885,192.0,30.75354277792075,6.275114011139903,9.0,0.8999999999999999,0.09000000000000002,68.0,3.1673247019617166,0.14789094650205756
3,0.054,10,359.9423461046716,1000.0,1000.0,566.0,67.85652491976299,13.287671319799081,1463.0,250.63300494716668,53.89767093027449,212.0,36.639641409538505,7.922099837566132,10.0,0.9999999999999999,0.10000000000000003,87.0,4.066130885404916,0.19075788751714653
