id,probability_maraud,successful_mating,next_foraging_time,x_pos,y_pos,foraging_events,foraging_hrs,foraging_sqhrs,staying_events,staying_hrs,staying_sqhrs,repairing_events,repairing_hrs,repairing_sqhrs,marauding_events,marauding_hrs,marauding_sqhrs,traveling_events,traveling_hrs,traveling_sqhrs
0,0.054,9,360.4597284531219,0.0,0.0,579.0,67.3631812221443,13.264485852002867,1467.0,243.96210362978215,52.70214346030514,254.0,42.5959698497524,8.878486916744976,18.0,1.8000000000000005,0.1800000000000001,92.0,4.2976123668863995,0.2014746227709187
1,0.054,9,360.154702008819,0.0,1000.0,568.0,69.00908301540177,14.13211721074289,1376.0,236.04351770023476,51.58355129951401,305.0,51.049682479075905,10.824211320982164,9.0,0.8999999999999999,0.09000000000000002,65.0,3.047612366886397,0.14360425240054867
2,0.0,9,360.2289384995153,1000.0,0.0,576.0,73.61150487942942,15.546239881756481,1439.0,237.57350476259958,49.60452074803562,288.0,48.86822787911741,10.540919827948104,0.0,0.0,0.0,0.0,0.0,0.0
3,0.0,9,359.9450681605663,1000.0,1000.0,565.0,69.53750064585176,14.547486870956886,1611.0,272.4010751238188,58.34056538605134,100.0,18.11882625969355,4.078044199940446,0.0,0.0,0.0,0.0,0.0,0.0
