id,probability_maraud,successful_mating,next_foraging_time,x_pos,y_pos,foraging_events,foraging_hrs,foraging_sqhrs,staying_events,staying_hrs,staying_sqhrs,repairing_events,repairing_hrs,repairing_sqhrs,marauding_events,marauding_hrs,marauding_sqhrs,traveling_events,traveling_hrs,traveling_sqhrs
0,0.0,13,360.7207085174359,0.0,0.0,558.0,70.19808470600678,16.194082136881164,1437.0,240.6295437302734,50.5404304948348,310.0,49.351938604040704,10.227624195549582,0.0,0.0,0.0,0.0,0.0,0.0
1,0.0,5,360.7008271522662,0.0,1000.0,563.0,71.36701725051279,15.31973918983526,1527.0,252.29804203554764,53.52575352114553,212.0,36.53207955271395,8.021810855276016,0.0,0.0,0.0,0.0,0.0,0.0
2,0.054,6,360.6211339248003,1000.0,0.0,553.0,69.95977374465186,15.205410792948486,1424.0,242.4602787150594,51.967273117605345,247.0,43.21389589507708,9.632757271233366,14.0,1.4000000000000001,0.14000000000000007,66.0,3.074732109369124,0.14360425240054867
3,0.054,12,360.29049858916034,1000.0,1000.0,574.0,64.10502517486655,11.694904876035087,1521.0,253.33235430922656,54.30003825511169,211.0,37.219009605481176,8.148584292350677,14.0,1.4000000000000001,0.14000000000000007,86.0,4.058187696735757,0.192901234567901
