id,probability_maraud,successful_mating,next_foraging_time,x_pos,y_pos,foraging_events,foraging_hrs,foraging_sqhrs,staying_events,staying_hrs,staying_sqhrs,repairing_events,repairing_hrs,repairing_sqhrs,marauding_events,marauding_hrs,marauding_sqhrs,traveling_events,traveling_hrs,traveling_sqhrs
0,0.0,9,360.3416809918263,0.0,0.0,573.0,70.32115802903104,14.502420702057217,1605.0,271.66029003771405,58.429335192887216,106.0,18.133660932732916,3.926298545435567,0.0,0.0,0.0,0.0,0.0,0.0
1,0.0,9,360.4133689608311,0.0,1000.0,560.0,71.38322999017083,14.472569529046968,1504.0,259.2851039505599,56.4666684634107,179.0,29.397283720238942,6.1618949976116495,0.0,0.0,0.0,0.0,0.0,0.0
2,0.054,7,360.115310765266,1000.0,0.0,559.0,71.82305937359928,15.79790347555087,1361.0,228.95504647152677,48.347515202795044,319.0,54.40938544794377,11.570599937532794,8.0,0.7999999999999999,0.08000000000000002,89.0,4.13954692418394,0.19290123456790095
3,0.054,11,360.26109266092743,1000.0,1000.0,574.0,67.6448480506193,13.162428342549191,1527.0,256.64425617183423,54.85274325611005,182.0,30.490304330712334,6.462240890081858,14.0,1.4000000000000001,0.14000000000000007,83.0,3.938475361660437,0.18861454046639212
