id,probability_maraud,successful_mating,next_foraging_time,x_pos,y_pos,foraging_events,foraging_hrs,foraging_sqhrs,staying_events,staying_hrs,staying_sqhrs,repairing_events,repairing_hrs,repairing_sqhrs,marauding_events,marauding_hrs,marauding_sqhrs,traveling_events,traveling_hrs,traveling_sqhrs
0,0.0,5,360.6071388010526,0.0,0.0,565.0,72.28059213556594,15.580481876518734,1345.0,229.03769416918047,49.93383133013188,341.0,58.797903471913855,12.873330580989855,0.0,0.0,0.0,0.0,0.0,0.0
1,0.054,13,360.19470214728113,0.0,1000.0,571.0,71.12009929916975,14.385531320013076,1504.0,253.17048916747876,54.14196071604998,200.0,30.617845591239387,6.4526619645157,13.0,1.3,0.13000000000000006,85.0,3.9735382928123224,0.1864711934156376
2,0.054,10,360.2198978379639,1000.0,0.0,567.0,74.33073626132516,17.281592530441998,1630.0,279.6304458670337,60.724062182364584,0.0,0.0,0.0,16.0,1.6000000000000003,0.1600000000000001,94.0,4.505264282360408,0.2186213991769544
3,0.0,8,360.8147618661059,1000.0,1000.0,564.0,71.75947812242532,14.529127989445174,1187.0,202.8882741778023,43.89049282131981,508.0,85.44074583497722,18.1204253440853,0.0,0.0,0.0,0.0,0.0,0.0
