id,probability_maraud,successful_mating,next_foraging_time,x_pos,y_pos,foraging_events,foraging_hrs,foraging_sqhrs,staying_events,staying_hrs,staying_sqhrs,repairing_events,repairing_hrs,repairing_sqhrs,marauding_events,marauding_hrs,marauding_sqhrs,traveling_events,traveling_hrs,traveling_sqhrs
0,0.054,8,360.28658242762856,0.0,0.0,564.0,75.87912549545958,18.040737766363197,1620.0,278.21339222563955,59.9649735164482,0.0,0.0,0.0,14.0,1.4000000000000001,0.14000000000000007,97.0,4.509917294554314,0.2100480109739365
1,0.0,6,359.97288705037073,0.0,1000.0,572.0,73.73462416890946,16.748252388604723,1186.0,200.7455285328734,43.687806147721446,505.0,85.56953579987601,18.785320628995347,0.0,0.0,0.0,0.0,0.0,0.0
2,0.0,15,360.297188745636,1000.0,0.0,581.0,71.53647456684942,14.6621627635448,1269.0,215.2314194201933,46.507457176223326,445.0,73.25981739664124,15.595552713361315,0.0,0.0,0.0,0.0,0.0,0.0
3,0.054,7,360.25979207136527,1000.0,1000.0,561.0,73.01938756600809,15.453370251191934,1663.0,282.1462920385214,60.31834791706385,0.0,0.0,0.0,12.0,1.2,0.12000000000000005,80.0,3.722880257517272,0.17361111111111094
