id,probability_maraud,successful_mating,next_foraging_time,x_pos,y_pos,foraging_events,foraging_hrs,foraging_sqhrs,staying_events,staying_hrs,staying_sqhrs,repairing_events,repairing_hrs,repairing_sqhrs,marauding_events,marauding_hrs,marauding_sqhrs,traveling_events,traveling_hrs,traveling_sqhrs
0,0.0,5,360.01915208577725,0.0,0.0,562.0,71.520463871563,14.97427619522807,1210.0,202.523975053374,43.25596652794899,514.0,85.95690672888878,18.25874898735182,0.0,0.0,0.0,0.0,0.0,0.0
1,0.054,12,360.0223310032216,0.0,1000.0,559.0,69.33281710561877,14.507203393952377,1672.0,278.58491076100523,60.192039195716085,36.0,6.151938086532802,1.338167191591295,18.0,1.8000000000000005,0.1800000000000001,94.0,4.409381513292562,0.2079046639231821
2,0.054,10,359.9635434773648,1000.0,0.0,557.0,71.90796303157235,14.932191956928811,1691.0,282.53981921898475,60.06307258025447,0.0,0.0,0.0,12.0,1.2,0.12000000000000005,98.0,4.594566698477749,0.21647805212619986
3,0.0,9,360.33666026605755,1000.0,1000.0,558.0,67.43868284670188,13.162129140590828,1229.0,206.7602746621992,44.490214340406126,495.0,85.85529781709037,19.028938589993466,0.0,0.0,0.0,0.0,0.0,0.0
