id,probability_maraud,successful_mating,next_foraging_time,x_pos,y_pos,foraging_events,foraging_hrs,foraging_sqhrs,staying_events,staying_hrs,staying_sqhrs,repairing_events,repairing_hrs,repairing_sqhrs,marauding_events,marauding_hrs,marauding_sqhrs,traveling_events,traveling_hrs,traveling_sqhrs
0,0.0,6,360.40263281565603,0.0,0.0,567.0,70.24765771284218,14.044638452096843,1458.0,247.28256680806865,52.975824505618476,250.0,42.521518001730854,9.041106998253772,0.0,0.0,0.0,0.0,0.0,0.0
1,0.0,9,360.36977654216963,0.0,1000.0,576.0,67.74588962195956,13.404794949251853,1519.0,261.8018358708849,56.85795175405962,197.0,30.641141644714804,6.284418563324371,0.0,0.0,0.0,0.0,0.0,0.0
2,0.054,8,359.96121406226194,1000.0,0.0,553.0,69.79429358624365,14.91911359973573,1454.0,242.96536875414063,52.13879346120354,259.0,42.63011007275551,8.884337066822084,12.0,1.2,0.12000000000000005,75.0,3.568104991290067,0.17146776406035646
3,0.054,13,359.90010396618516,1000.0,1000.0,573.0,70.73555239146172,14.903563262930493,1531.0,260.3192339211693,55.900174539572355,141.0,24.33384540812308,5.099785414219597,11.0,1.0999999999999999,0.11000000000000004,77.0,3.603167922441952,0.16932441700960202
