id,probability_maraud,successful_mating,next_foraging_time,x_pos,y_pos,foraging_events,foraging_hrs,foraging_sqhrs,staying_events,staying_hrs,staying_sqhrs,repairing_events,repairing_hrs,repairing_sqhrs,marauding_events,marauding_hrs,marauding_sqhrs,traveling_events,traveling_hrs,traveling_sqhrs
0,0.054,6,360.35584852634366,0.0,0.0,569.0,71.38363811488031,15.19611778999627,1258.0,218.3271468144312,47.5122681467338,410.0,66.07382810315669,13.658057596974258,12.0,1.2,0.12000000000000005,71.0,3.2870370370370363,0.15217764060356645
1,0.054,10,359.8963409630213,0.0,1000.0,572.0,70.18163508451502,14.805941741285862,1549.0,259.25135648596967,55.21300253323229,145.0,24.26109903133776,5.10759380966444,16.0,1.6000000000000003,0.1600000000000001,103.0,4.7876950723320935,0.2229080932784632
2,0.054,9,360.6299872964343,1000.0,0.0,561.0,71.31725690119048,15.409420688020747,1315.0,223.78009811937022,47.384434178276614,377.0,60.784143554272376,12.429949174168202,11.0,1.0999999999999999,0.11000000000000004,69.0,3.251974105885151,0.1543209876543209
3,0.0,11,360.4583201594146,1000.0,1000.0,561.0,69.66399404694613,14.166442573103707,1205.0,206.5726874119304,44.940927440613905,477.0,83.89869159901366,18.744531207260547,0.0,0.0,0.0,0.0,0.0,0.0
