id,probability_maraud,successful_mating,next_foraging_time,x_pos,y_pos,foraging_events,foraging_hrs,foraging_sqhrs,staying_events,staying_hrs,staying_sqhrs,repairing_events,repairing_hrs,repairing_sqhrs,marauding_events,marauding_hrs,marauding_sqhrs,traveling_events,traveling_hrs,traveling_sqhrs
0,0.054,11,359.97623405278534,0.0,0.0,557.0,71.03075055232252,15.264134235204354,1469.0,247.13178921618558,52.794353939294304,227.0,36.69613294269707,7.489068750356128,13.0,1.3,0.13000000000000006,84.0,3.888888888888888,0.18004115226337425
1,0.054,6,360.3368337042674,0.0,1000.0,563.0,70.18276254003561,14.61485992109432,1148.0,193.12053365492574,41.03364804246342,564.0,91.76517385682132,19.074165762278778,13.0,1.3,0.13000000000000006,79.0,3.6574074074074066,0.16932441700960202
2,0.0,6,360.0740763095051,1000.0,0.0,557.0,71.16278665754835,14.574608910079622,1230.0,209.54151351328997,44.9226419297527,480.0,79.40059732995066,16.90808768944238,0.0,0.0,0.0,0.0,0.0,0.0
3,0.054,13,360.16879663954364,1000.0,1000.0,557.0,73.2814056361343,16.069766853276043,1417.0,238.01956240574378,50.641452739050116,258.0,42.6417770395648,8.854088331426468,15.0,1.5000000000000002,0.15000000000000008,100.0,4.648806183443204,0.21647805212619983
