id,probability_maraud,successful_mating,next_foraging_time,x_pos,y_pos,foraging_events,foraging_hrs,foraging_sqhrs,staying_events,staying_hrs,staying_sqhrs,repairing_events,repairing_hrs,repairing_sqhrs,marauding_events,marauding_hrs,marauding_sqhrs,traveling_events,traveling_hrs,traveling_sqhrs
0,0.054,6,360.01157198744977,0.0,0.0,564.0,70.43261366309653,14.518764682723779,1451.0,236.77530690478233,49.17863542326448,276.0,49.02431431110436,11.222868389961508,10.0,0.9999999999999999,0.10000000000000003,63.0,2.9741963281073738,0.14146090534979422
1,0.0,10,360.59537784402784,0.0,1000.0,584.0,69.67252997047407,13.680980915933569,1468.0,244.36493839039434,51.28977096862313,281.0,46.03060360814375,9.756234599220445,0.0,0.0,0.0,0.0,0.0,0.0
2,0.054,6,360.2080257658332,1000.0,0.0,558.0,69.75213285067541,13.774881080342492,1194.0,204.1611146995822,44.05633810567637,487.0,81.5245604943865,17.30499332471507,14.0,1.4000000000000001,0.14000000000000007,69.0,3.1944444444444438,0.14789094650205756
3,0.054,14,360.2644913249648,1000.0,1000.0,574.0,70.43334040188918,13.987731196017055,1407.0,236.46449417885398,50.608712810850456,283.0,48.91226196997346,10.762465424544411,14.0,1.4000000000000001,0.14000000000000007,61.0,2.8240740740740735,0.130744170096022
