id,probability_maraud,successful_mating,next_foraging_time,x_pos,y_pos,foraging_events,foraging_hrs,foraging_sqhrs,staying_events,staying_hrs,staying_sqhrs,repairing_events,repairing_hrs,repairing_sqhrs,marauding_events,marauding_hrs,marauding_sqhrs,traveling_events,traveling_hrs,traveling_sqhrs
0,0.054,13,360.2260105105026,0.0,0.0,568.0,69.62721150979142,14.2235787955365,1477.0,255.30677362606983,55.55548713185705,190.0,30.280102062623445,6.214749521814556,11.0,1.0999999999999999,0.11000000000000004,84.0,3.908065442702457,0.18218449931412872
1,0.054,4,360.46307977377825,0.0,1000.0,581.0,72.23339746163363,15.167658795947041,1248.0,209.515933912639,44.893630885329515,406.0,73.3504455492769,16.514554393904184,10.0,0.9999999999999999,0.10000000000000003,84.0,3.908065442702457,0.18218449931412872
2,0.0,9,360.28059587638995,1000.0,0.0,579.0,68.20947519630026,13.310603990516226,1131.0,194.7480162473903,41.80970933014451,559.0,97.29137420619467,21.07729232690688,0.0,0.0,0.0,0.0,0.0,0.0
3,0.054,10,360.0210402272906,1000.0,1000.0,574.0,72.58240865621212,14.556996870737525,1499.0,251.4564130510223,53.917718416935955,181.0,30.537853470300877,6.272858974012382,17.0,1.7000000000000004,0.1700000000000001,82.0,3.7962962962962954,0.17575445816186536
