id,probability_maraud,successful_mating,next_foraging_time,x_pos,y_pos,foraging_events,foraging_hrs,foraging_sqhrs,staying_events,staying_hrs,staying_sqhrs,repairing_events,repairing_hrs,repairing_sqhrs,marauding_events,marauding_hrs,marauding_sqhrs,traveling_events,traveling_hrs,traveling_sqhrs
0,0.054,9,360.1156034251172,0.0,0.0,569.0,70.18812482176148,13.900750958334052,1399.0,236.61196709370202,50.049719391341924,293.0,48.67327529177678,10.083905383941651,14.0,1.4000000000000001,0.14000000000000007,69.0,3.1944444444444438,0.14789094650205756
1,0.0,8,360.24573780461355,0.0,1000.0,576.0,73.9606006867476,15.770353038422874,1164.0,200.49991363302183,43.408254007171315,511.0,85.56122728297083,18.543524437414938,0.0,0.0,0.0,0.0,0.0,0.0
2,0.054,11,360.38330759459586,1000.0,0.0,557.0,72.2006498836879,16.449449069763862,1296.0,216.3955641762905,45.58740369291059,391.0,67.05787242563635,14.456000104874606,12.0,1.2,0.12000000000000005,69.0,3.232797552071582,0.15217764060356645
3,0.054,8,360.0344335502121,1000.0,1000.0,560.0,73.66992118880826,16.31151949626453,1476.0,250.72857275959734,53.84004024257724,179.0,30.53979375872513,6.458485631241165,12.0,1.2,0.12000000000000005,85.0,3.9735382928123224,0.18647119341563764
