id,probability_maraud,successful_mating,next_foraging_time,x_pos,y_pos,foraging_events,foraging_hrs,foraging_sqhrs,staying_events,staying_hrs,staying_sqhrs,repairing_events,repairing_hrs,repairing_sqhrs,marauding_events,marauding_hrs,marauding_sqhrs,traveling_events,traveling_hrs,traveling_sqhrs
0,0.054,16,359.80130453387403,0.0,0.0,579.0,70.42544966693174,13.785584401985519,1542.0,260.54435960113034,55.11682304070876,134.0,23.232167455005623,5.004318263721929,13.0,1.3,0.13000000000000006,96.0,4.5019741058851555,0.21219135802469094
1,0.054,5,360.34479218748925,0.0,1000.0,570.0,70.12418387190023,14.507365688372905,1224.0,206.8904208880081,44.559580372245264,461.0,79.65706642080694,17.423787653583684,6.0,0.6,0.06000000000000001,59.0,2.75065803529505,0.12860082304526754
2,0.0,8,359.9575997955114,1000.0,0.0,558.0,70.30939573569795,14.540077660325206,1229.0,204.3131271696919,43.35530742054318,506.0,85.56966659560581,18.442235358935402,0.0,0.0,0.0,0.0,0.0,0.0
3,0.054,7,360.4535531036308,1000.0,1000.0,576.0,71.31147628127779,14.018468184203618,1622.0,271.02385180437557,57.15105931735151,79.0,12.304997096031055,2.4121724034957084,14.0,1.4000000000000001,0.14000000000000007,87.0,4.046954331591347,0.18861454046639203
