id,probability_maraud,successful_mating,next_foraging_time,x_pos,y_pos,foraging_events,foraging_hrs,foraging_sqhrs,staying_events,staying_hrs,staying_sqhrs,repairing_events,repairing_hrs,repairing_sqhrs,marauding_events,marauding_hrs,marauding_sqhrs,traveling_events,traveling_hrs,traveling_sqhrs
0,0.054,6,359.9394886539868,0.0,0.0,573.0,70.7580595641278,14.138652559871014,1117.0,187.5228270564077,39.99595807317657,584.0,97.32655559748218,21.01925376285243,11.0,1.0999999999999999,0.11000000000000004,72.0,3.3716864409604708,0.1586076817558298
1,0.054,11,360.3670404361089,0.0,1000.0,572.0,67.02453989692535,13.080764381899673,1597.0,263.16455526099185,54.804452298271116,141.0,24.17994110767433,5.134223464917365,15.0,1.5000000000000002,0.15000000000000008,92.0,4.27843581307283,0.19933127572016426
2,0.054,13,359.7802788814083,1000.0,0.0,570.0,69.87868316213157,15.159714690661309,1383.0,236.49935706704912,51.216290299817814,287.0,49.07623720462817,10.59596138951706,10.0,0.9999999999999999,0.10000000000000003,77.0,3.583991368628383,0.16718106995884757
3,0.0,6,360.44434603289136,1000.0,1000.0,570.0,67.71880452106416,13.640310669883007,1449.0,243.35629044093196,52.18392331600843,277.0,48.96451865928113,10.578513359006523,0.0,0.0,0.0,0.0,0.0,0.0
