id,probability_maraud,successful_mating,next_foraging_time,x_pos,y_pos,foraging_events,foraging_hrs,foraging_sqhrs,staying_events,staying_hrs,staying_sqhrs,repairing_events,repairing_hrs,repairing_sqhrs,marauding_events,marauding_hrs,marauding_sqhrs,traveling_events,traveling_hrs,traveling_sqhrs
0,0.054,7,360.10901786693455,0.0,0.0,565.0,70.36368087992751,14.49461021130822,1286.0,218.47684723344628,46.69425475221114,376.0,67.42958552088025,14.905405432020443,5.0,0.5,0.05000000000000001,71.0,3.3253901446641745,0.15646433470507534
1,0.054,10,360.5365812685286,0.0,1000.0,574.0,68.53714174752811,13.384561630354938,1582.0,268.29317778760964,57.642775383056325,102.0,18.50463188722525,4.1819315442990375,11.0,1.0999999999999999,0.11000000000000004,78.0,3.6494642187382484,0.1714677640603565
2,0.054,13,360.45941857316683,1000.0,0.0,574.0,74.44112750999864,15.708991235952807,1595.0,268.0039992318754,57.20471255973191,79.0,12.356852418851105,2.587826476128336,16.0,1.6000000000000003,0.1600000000000001,82.0,3.8346494039234336,0.18004115226337425
3,0.0,6,360.6538437765369,1000.0,1000.0,571.0,74.8114191278641,17.85067827217442,1158.0,187.6909821769827,38.610823789412606,574.0,97.53237728677725,20.965833566836217,0.0,0.0,0.0,0.0,0.0,0.0
