id,probability_maraud,successful_mating,next_foraging_time,x_pos,y_pos,foraging_events,foraging_hrs,foraging_sqhrs,staying_events,staying_hrs,staying_sqhrs,repairing_events,repairing_hrs,repairing_sqhrs,marauding_events,marauding_hrs,marauding_sqhrs,traveling_events,traveling_hrs,traveling_sqhrs
0,0.0,4,360.2733100325514,0.0,0.0,557.0,71.2594590154251,14.68282457957673,1353.0,233.74398597056341,50.5168886715724,324.0,55.09854228480387,12.030296705490686,0.0,0.0,0.0,0.0,0.0,0.0
1,0.054,14,360.09050882141696,0.0,1000.0,571.0,69.37267275255483,13.936359066591127,1406.0,237.70221934880522,50.78017790278154,293.0,48.945058444246875,9.958202885632456,6.0,0.6,0.06000000000000001,76.0,3.537695072332087,0.16503772290809313
2,0.054,11,359.7385146146919,1000.0,0.0,571.0,72.09760040272191,15.567320141150486,1543.0,258.90308820404846,54.91824584691371,142.0,24.346195448572793,5.24227550912111,14.0,1.4000000000000001,0.14000000000000007,71.0,3.3253901446641745,0.15646433470507537
3,0.054,7,360.2831843279191,1000.0,1000.0,563.0,75.3170894638274,17.626525427309577,1267.0,218.32711384461575,47.63688027216692,376.0,61.92126308664492,12.895021916922488,12.0,1.2,0.12000000000000005,73.0,3.437159291070336,0.16289437585733868
