id,probability_maraud,successful_mating,next_foraging_time,x_pos,y_pos,foraging_events,foraging_hrs,foraging_sqhrs,staying_events,staying_hrs,staying_sqhrs,repairing_events,repairing_hrs,repairing_sqhrs,marauding_events,marauding_hrs,marauding_sqhrs,traveling_events,traveling_hrs,traveling_sqhrs
0,0.054,10,360.03780857927086,0.0,0.0,580.0,68.0179235143472,13.320108607995143,1474.0,250.1278477080395,54.25685848548092,217.0,36.39635895069278,7.834355785411635,14.0,1.4000000000000001,0.14000000000000007,90.0,4.185843220480237,0.1950445816186554
1,0.054,6,360.66336696327545,0.0,1000.0,564.0,68.89187335465127,14.217876142741535,1204.0,201.98123481782545,43.34087244623714,499.0,85.29710520965341,18.395995895338327,9.0,0.8999999999999999,0.09000000000000002,64.0,3.0204926244036696,0.14360425240054867
2,0.0,7,360.8656537331523,1000.0,0.0,557.0,68.45375211657607,13.860603880778145,1407.0,237.1359617546735,50.98772679184026,316.0,54.68162631815485,12.088807760912536,0.0,0.0,0.0,0.0,0.0,0.0
3,0.054,13,360.24927394324544,1000.0,1000.0,566.0,68.48576451428937,14.589677618847324,1564.0,262.47029333924934,56.02297366404101,128.0,24.286991534949603,5.624748427219042,10.0,0.9999999999999999,0.10000000000000003,81.0,3.8075296614407064,0.1800411522633743
