id,probability_maraud,successful_mating,next_foraging_time,x_pos,y_pos,foraging_events,foraging_hrs,foraging_sqhrs,staying_events,staying_hrs,staying_sqhrs,repairing_events,repairing_hrs,repairing_sqhrs,marauding_events,marauding_hrs,marauding_sqhrs,traveling_events,traveling_hrs,traveling_sqhrs
0,0.054,7,360.106816633269,0.0,0.0,574.0,70.56932757481363,13.893054590601963,1471.0,248.51787735767437,53.05628920720235,225.0,36.60694396149276,7.637491887642246,11.0,1.0999999999999999,0.11000000000000004,69.0,3.232797552071582,0.15217764060356648
1,0.0,8,360.1487291440511,0.0,1000.0,560.0,70.67093878469866,14.410808069848564,1311.0,222.34020424652655,47.438686278092206,384.0,67.01435801270074,14.948098586928406,0.0,0.0,0.0,0.0,0.0,0.0
2,0.054,9,360.36268874318984,1000.0,0.0,560.0,70.1324935750955,14.826735081206365,1209.0,204.5755620489031,43.63161362787751,476.0,79.58289277235187,17.15864800108215,17.0,1.7000000000000004,0.1700000000000001,89.0,4.1970765856246475,0.1993312757201643
3,0.054,12,360.7872105736161,1000.0,1000.0,570.0,72.65031900936957,15.121589733455842,1315.0,220.8636916618777,46.33459388346342,379.0,61.13435685357259,12.940813554645462,12.0,1.2,0.12000000000000005,90.0,4.205019774293806,0.19718792866940985
