id,probability_maraud,successful_mating,next_foraging_time,x_pos,y_pos,foraging_events,foraging_hrs,foraging_sqhrs,staying_events,staying_hrs,staying_sqhrs,repairing_events,repairing_hrs,repairing_sqhrs,marauding_events,marauding_hrs,marauding_sqhrs,traveling_events,traveling_hrs,traveling_sqhrs
0,0.0,8,360.18710588815924,0.0,0.0,573.0,72.50514120142032,15.113665727765365,1213.0,199.86672592118563,42.040053518983136,523.0,87.68944745200234,18.782687347077964,0.0,0.0,0.0,0.0,0.0,0.0
1,0.054,10,360.5240688486078,0.0,1000.0,578.0,66.62534874064842,13.27267709958356,1519.0,252.32214635742577,54.11256842304442,210.0,36.70846937084253,8.100637440059941,11.0,1.0999999999999999,0.11000000000000004,75.0,3.4722222222222214,0.16075102880658423
2,0.054,9,360.84452251504695,1000.0,0.0,572.0,71.33466637897328,14.514768876886293,1556.0,264.1126175617609,57.110365653011,111.0,18.143279255271192,3.7988214852417954,17.0,1.7000000000000004,0.1700000000000001,105.0,4.937817326365396,0.2336248285322354
3,0.054,9,360.0878209023404,1000.0,1000.0,556.0,71.60423555018971,15.57714408630138,1232.0,213.67959384059606,46.228133604125595,412.0,71.27531179581739,15.697449699399108,8.0,0.7999999999999999,0.08000000000000002,60.0,2.7777777777777772,0.12860082304526754
