id,probability_maraud,successful_mating,next_foraging_time,x_pos,y_pos,foraging_events,foraging_hrs,foraging_sqhrs,staying_events,staying_hrs,staying_sqhrs,repairing_events,repairing_hrs,repairing_sqhrs,marauding_events,marauding_hrs,marauding_sqhrs,traveling_events,traveling_hrs,traveling_sqhrs
0,0.054,7,360.10057777825546,0.0,0.0,573.0,70.59400696930913,14.51474196486517,1477.0,253.41706427939184,55.1301014196037,176.0,30.430237202408943,6.726695528893032,15.0,1.5000000000000002,0.15000000000000008,87.0,4.085307439218485,0.19290123456790095
1,0.054,8,360.2207956574845,0.0,1000.0,571.0,74.94824164619345,15.648942676947126,1144.0,189.63544649664397,39.98698312623209,534.0,91.40455320234565,19.85790997821514,8.0,0.7999999999999999,0.08000000000000002,69.0,3.232797552071582,0.15217764060356645
2,0.0,7,360.3127052640295,1000.0,0.0,564.0,73.47126340900022,16.044221136448794,1103.0,188.89167688360027,40.69804756540206,595.0,97.86150573521778,20.714866886562596,0.0,0.0,0.0,0.0,0.0,0.0
3,0.054,14,360.52045371429773,1000.0,1000.0,557.0,69.72457887919792,14.606085874417762,1590.0,266.6777752732616,56.69162433190151,105.0,18.19701158562826,3.837576974300993,16.0,1.6000000000000003,0.1600000000000001,84.0,3.9464185503295957,0.1864711934156376
