id,probability_maraud,successful_mating,next_foraging_time,x_pos,y_pos,foraging_events,foraging_hrs,foraging_sqhrs,staying_events,staying_hrs,staying_sqhrs,repairing_events,repairing_hrs,repairing_sqhrs,marauding_events,marauding_hrs,marauding_sqhrs,traveling_events,traveling_hrs,traveling_sqhrs
0,0.054,8,360.4435866355327,0.0,0.0,579.0,73.05371560666407,15.892474748100529,1437.0,239.5285223359898,50.87179766007261,259.0,42.71257413796325,9.132806113412995,12.0,1.2,0.12000000000000005,75.0,3.5105753298493596,0.16503772290809315
1,0.0,9,360.20922176337336,0.0,1000.0,564.0,70.29570351868006,14.244128885139055,1312.0,222.68579511926865,47.57213941443684,410.0,67.07358535695913,14.1078781115361,0.0,0.0,0.0,0.0,0.0,0.0
2,0.054,12,360.66469584007467,1000.0,0.0,578.0,72.46206393484613,15.445982829375778,1373.0,228.22239895421833,48.36641634690932,344.0,55.10890713825326,11.725060545030058,12.0,1.2,0.12000000000000005,72.0,3.3525098871469017,0.15646433470507534
3,0.054,7,359.8644725148123,1000.0,1000.0,563.0,72.21519725062066,15.875494904818472,1421.0,241.03026667232896,51.71755771761028,251.0,42.47631979604228,9.176182647298111,10.0,0.9999999999999999,0.10000000000000003,70.0,3.279093848367878,0.1543209876543209
