id,probability_maraud,successful_mating,next_foraging_time,x_pos,y_pos,foraging_events,foraging_hrs,foraging_sqhrs,staying_events,staying_hrs,staying_sqhrs,repairing_events,repairing_hrs,repairing_sqhrs,marauding_events,marauding_hrs,marauding_sqhrs,traveling_events,traveling_hrs,traveling_sqhrs
0,0.054,7,360.5948547096287,0.0,0.0,565.0,68.93778636445899,13.670189763810507,1540.0,260.51858458106227,55.4992295389667,159.0,25.97340917721379,5.487465088141373,10.0,0.9999999999999999,0.10000000000000003,83.0,3.8617691464061608,0.18004115226337428
1,0.054,9,360.4549902120447,0.0,1000.0,557.0,67.45592364793482,13.878942740696125,1326.0,222.00321000759658,47.527737792202856,408.0,67.33361853220276,13.97065789844367,9.0,0.8999999999999999,0.09000000000000002,56.0,2.611769146406161,0.12217078189300418
2,0.0,6,360.49120112025844,1000.0,0.0,555.0,72.42864023359753,15.644177903705716,1152.0,196.0842389507198,42.420189299519805,545.0,91.4943934907788,19.32518497622198,0.0,0.0,0.0,0.0,0.0,0.0
3,0.054,14,360.42259043943375,1000.0,1000.0,566.0,71.16028607961566,14.766422008307503,1564.0,258.81862484750616,54.61092759872781,151.0,24.496857653616892,5.001012511894252,16.0,1.6000000000000003,0.1600000000000001,90.0,4.166666666666667,0.19290123456790093
