id,probability_maraud,successful_mating,next_foraging_time,x_pos,y_pos,foraging_events,foraging_hrs,foraging_sqhrs,staying_events,staying_hrs,staying_sqhrs,repairing_events,repairing_hrs,repairing_sqhrs,marauding_events,marauding_hrs,marauding_sqhrs,traveling_events,traveling_hrs,traveling_sqhrs
0,0.054,8,360.2326339967959,0.0,0.0,561.0,70.42383832860105,14.89196238435528,1298.0,219.24303069602402,47.3284800177,405.0,65.15437894115772,13.728451697039613,16.0,1.6000000000000003,0.1600000000000001,78.0,3.6494642187382484,0.1714677640603565
1,0.054,12,360.24108118474,0.0,1000.0,561.0,75.00094138481849,15.684230014089545,1294.0,218.9884340767618,46.851330680505036,359.0,61.44707494925262,13.139328068371492,8.0,0.7999999999999999,0.08000000000000002,82.0,3.7962962962962954,0.17575445816186536
2,0.054,9,360.0000100542759,1000.0,0.0,572.0,69.43214257988804,14.313721737103693,1475.0,248.72531908039545,53.40582987985309,212.0,36.69276414803694,7.999282980916348,11.0,1.0999999999999999,0.11000000000000004,90.0,4.185843220480237,0.1950445816186554
3,0.0,7,360.2919660547932,1000.0,1000.0,558.0,73.36881076693018,16.329824555216337,1389.0,238.25354742750824,50.59754606616641,305.0,48.55329973258016,10.061475225266916,0.0,0.0,0.0,0.0,0.0,0.0
