id,probability_maraud,successful_mating,next_foraging_time,x_pos,y_pos,foraging_events,foraging_hrs,foraging_sqhrs,staying_events,staying_hrs,staying_sqhrs,repairing_events,repairing_hrs,repairing_sqhrs,marauding_events,marauding_hrs,marauding_sqhrs,traveling_events,traveling_hrs,traveling_sqhrs
0,0.054,8,360.0850297300422,0.0,0.0,567.0,73.77766262489537,16.132894825163163,1441.0,238.82596880671974,49.96178446151912,248.0,42.780100409196336,9.472762409853074,10.0,0.9999999999999999,0.10000000000000003,78.0,3.6686407725518175,0.17361111111111097
1,0.054,7,359.8488341964415,0.0,1000.0,563.0,70.00424747790494,14.243139874225193,1251.0,208.10253434051845,44.16090912834407,449.0,76.95068155033161,16.683271080027094,15.0,1.5000000000000002,0.15000000000000008,77.0,3.564814814814814,0.16503772290809313
2,0.0,14,360.18189097685405,1000.0,0.0,561.0,70.71518512111973,15.561618610550825,1491.0,252.56742053557977,53.564505261852176,220.0,36.79904285810456,7.831329977755767,0.0,0.0,0.0,0.0,0.0,0.0
3,0.054,7,360.257425749632,1000.0,1000.0,568.0,70.51952939284087,14.263879602341293,1372.0,230.32705538557232,48.57609505721353,319.0,54.942678460561396,12.006334478234026,10.0,0.9999999999999999,0.10000000000000003,72.0,3.3525098871469017,0.15646433470507537
