id,probability_maraud,successful_mating,next_foraging_time,x_pos,y_pos,foraging_events,foraging_hrs,foraging_sqhrs,staying_events,staying_hrs,staying_sqhrs,repairing_events,repairing_hrs,repairing_sqhrs,marauding_events,marauding_hrs,marauding_sqhrs,traveling_events,traveling_hrs,traveling_sqhrs
0,0.054,10,360.19772863727894,0.0,0.0,560.0,69.26569437989839,14.25365439721393,1216.0,207.04653253164383,44.78230844973204,466.0,79.45957960353853,17.101569914499308,10.0,0.9999999999999999,0.10000000000000003,70.0,3.259917294554309,0.15217764060356645
1,0.054,5,359.93075617458277,0.0,1000.0,579.0,67.50971859194344,12.93701896227057,1558.0,261.58353881709485,56.246294217634905,142.0,24.451466105405824,5.382845644435401,15.0,1.5000000000000002,0.15000000000000008,107.0,5.011233365144419,0.23576817558298993
2,0.054,13,360.55522838534415,1000.0,0.0,563.0,73.16342398742381,15.923918825689032,1459.0,245.58119224762171,52.40717867971319,210.0,36.53346377362559,8.026478751807236,15.0,1.5000000000000002,0.15000000000000008,73.0,3.379629629629629,0.15646433470507534
3,0.0,8,360.33042568987634,1000.0,1000.0,571.0,69.40946458294418,13.408759056605222,1118.0,189.5728853549345,40.50591891826682,605.0,101.09370954149568,21.207155572874587,0.0,0.0,0.0,0.0,0.0,0.0
