id,probability_maraud,successful_mating,next_foraging_time,x_pos,y_pos,foraging_events,foraging_hrs,foraging_sqhrs,staying_events,staying_hrs,staying_sqhrs,repairing_events,repairing_hrs,repairing_sqhrs,marauding_events,marauding_hrs,marauding_sqhrs,traveling_events,traveling_hrs,traveling_sqhrs
0,0.054,8,360.53603768581087,0.0,0.0,574.0,70.10644405830863,14.58436337439037,1522.0,260.70580503292643,55.75222440587304,148.0,24.613284412531733,5.093579763637223,11.0,1.0999999999999999,0.11000000000000004,75.0,3.4913987760357905,0.16289437585733868
1,0.054,7,360.51822981167845,0.0,1000.0,562.0,71.91739924633502,15.283744385310735,1221.0,209.957912961406,45.59011696649385,416.0,73.32388986352456,16.262314093601226,11.0,1.0999999999999999,0.11000000000000004,81.0,3.769176553813568,0.17575445816186536
2,0.0,15,360.0433891772556,1000.0,0.0,561.0,71.89561458446185,14.781928087312544,1365.0,227.42016890942182,48.17908908462421,352.0,61.009909240105884,12.9902255211467,0.0,0.0,0.0,0.0,0.0,0.0
3,0.054,6,360.0904688324974,1000.0,1000.0,557.0,69.81811881402636,14.56506856312713,1435.0,242.8110390152302,52.26186781805422,252.0,42.87110824427821,9.06876996958118,11.0,1.0999999999999999,0.11000000000000004,76.0,3.537695072332087,0.16503772290809313
