id,probability_maraud,successful_mating,next_foraging_time,x_pos,y_pos,foraging_events,foraging_hrs,foraging_sqhrs,staying_events,staying_hrs,staying_sqhrs,repairing_events,repairing_hrs,repairing_sqhrs,marauding_events,marauding_hrs,marauding_sqhrs,traveling_events,traveling_hrs,traveling_sqhrs
0,0.0,6,360.48715352039545,0.0,0.0,563.0,69.88820708726774,14.357682943635965,1217.0,210.51865666527263,46.245635142557035,475.0,79.63316370169147,16.790182113235318,0.0,0.0,0.0,0.0,0.0,0.0
1,0.054,10,360.46590953995565,0.0,1000.0,576.0,68.96249425125443,13.734899423353061,1492.0,249.14202449427927,52.86185654355347,221.0,36.76691540983297,7.914643803536703,14.0,1.4000000000000001,0.14000000000000007,82.0,3.8154728501098645,0.1778978052126198
2,0.054,11,360.04125693134387,1000.0,0.0,560.0,69.07388627134941,13.407456764453672,1496.0,249.54561648131656,52.39331306895761,232.0,36.611270363865295,7.487533789615655,12.0,1.2,0.12000000000000005,78.0,3.6878173263653866,0.17575445816186538
3,0.054,9,360.00921225946723,1000.0,1000.0,561.0,70.71574046109255,15.599385977382763,1198.0,206.17114439536786,44.759480378091176,467.0,78.36533577284291,16.55800704839919,12.0,1.2,0.12000000000000005,77.0,3.603167922441952,0.16932441700960205
