id,probability_maraud,successful_mating,next_foraging_time,x_pos,y_pos,foraging_events,foraging_hrs,foraging_sqhrs,staying_events,staying_hrs,staying_sqhrs,repairing_events,repairing_hrs,repairing_sqhrs,marauding_events,marauding_hrs,marauding_sqhrs,traveling_events,traveling_hrs,traveling_sqhrs
0,0.054,12,360.1409799156703,0.0,0.0,566.0,72.35940674425207,15.08633339496158,1458.0,246.04234908599554,52.66677931132497,220.0,36.38937261889965,7.312747288009957,15.0,1.5000000000000002,0.15000000000000008,80.0,3.722880257517272,0.1736111111111109
1,0.0,8,360.0330276772699,0.0,1000.0,559.0,67.79110389368593,13.397140669376439,1058.0,182.1952925436864,39.44555820894611,629.0,110.05579983136886,24.42661298649877,0.0,0.0,0.0,0.0,0.0,0.0
2,0.054,6,360.8858709874405,1000.0,0.0,579.0,67.22134065604831,13.732224764590859,1323.0,221.14051379023934,46.930460826317905,401.0,66.70993884677604,13.885893724727747,13.0,1.3,0.13000000000000006,78.0,3.6302876649246794,0.16932441700960202
3,0.054,10,360.15667577534737,1000.0,1000.0,568.0,73.51652545066207,16.345789271648098,1413.0,238.49683476475406,50.751433249215204,233.0,43.129044916385844,10.087482186750798,14.0,1.4000000000000001,0.14000000000000007,76.0,3.537695072332087,0.16503772290809313
