id,probability_maraud,successful_mating,next_foraging_time,x_pos,y_pos,foraging_events,foraging_hrs,foraging_sqhrs,staying_events,staying_hrs,staying_sqhrs,repairing_events,repairing_hrs,repairing_sqhrs,marauding_events,marauding_hrs,marauding_sqhrs,traveling_events,traveling_hrs,traveling_sqhrs
0,0.054,7,360.02742251570777,0.0,0.0,560.0,72.76364778234884,16.250165920179857,1322.0,221.34037565178522,47.03484262941618,359.0,60.627211442810086,12.606341550866409,15.0,1.5000000000000002,0.15000000000000008,81.0,3.7883531076271373,0.17789780521261983
1,0.054,11,360.2411231767148,0.0,1000.0,565.0,70.20869702196535,14.005621977981065,1432.0,241.887937183057,51.43630177191143,256.0,42.6332077022538,9.005874892519028,12.0,1.2,0.12000000000000005,89.0,4.177900031811078,0.19718792866940987
2,0.054,10,360.164098830521,1000.0,0.0,564.0,73.65188573857859,16.80244186834787,1371.0,230.61988496595043,49.15175999704322,310.0,51.417705527660985,10.735397198379665,11.0,1.0999999999999999,0.11000000000000004,72.0,3.3333333333333326,0.1543209876543209
3,0.0,8,359.942812900172,1000.0,1000.0,569.0,68.86712902293978,14.26877945468073,1310.0,221.08026247207013,46.85189712947448,406.0,70.0787749820272,15.258337580740688,0.0,0.0,0.0,0.0,0.0,0.0
