id,probability_maraud,successful_mating,next_foraging_time,x_pos,y_pos,foraging_events,foraging_hrs,foraging_sqhrs,staying_events,staying_hrs,staying_sqhrs,repairing_events,repairing_hrs,repairing_sqhrs,marauding_events,marauding_hrs,marauding_sqhrs,traveling_events,traveling_hrs,traveling_sqhrs
0,0.054,11,360.11409960709756,0.0,0.0,563.0,66.6909771379596,13.54831859063113,1375.0,230.73637750731393,49.542524671048724,324.0,57.6879734529776,12.558026629276078,8.0,0.7999999999999999,0.08000000000000002,89.0,4.12037037037037,0.19075788751714648
1,0.054,8,360.1962322728302,0.0,1000.0,573.0,68.50337693108581,13.815449349976015,1407.0,236.90596878641526,50.34209655573605,294.0,49.274624080384164,10.454599228412295,14.0,1.4000000000000001,0.14000000000000007,87.0,4.046954331591347,0.18861454046639203
2,0.0,6,360.74524885275395,1000.0,0.0,563.0,69.78807453201271,14.475568268910624,1441.0,247.53251126608282,53.50994063725329,256.0,42.85589149258555,8.856651195851525,0.0,0.0,0.0,0.0,0.0,0.0
3,0.054,11,360.3213706095195,1000.0,1000.0,577.0,69.02062819357002,13.893974897901291,1545.0,256.21021542472045,53.82649715378946,180.0,30.637377274756474,6.583389842743531,8.0,0.7999999999999999,0.08000000000000002,71.0,3.344566698477744,0.15860768175582982
