id,probability_maraud,successful_mating,next_foraging_time,x_pos,y_pos,foraging_events,foraging_hrs,foraging_sqhrs,staying_events,staying_hrs,staying_sqhrs,repairing_events,repairing_hrs,repairing_sqhrs,marauding_events,marauding_hrs,marauding_sqhrs,traveling_events,traveling_hrs,traveling_sqhrs
0,0.0,8,360.38343004850003,0.0,0.0,566.0,72.2036362901406,14.797613233651768,1326.0,220.58612935610816,46.60861801336058,397.0,67.24483222711214,14.318378641158441,0.0,0.0,0.0,0.0,0.0,0.0
1,0.054,9,360.48722915976197,0.0,1000.0,569.0,71.87290592377612,14.895421815447005,1253.0,210.1529864651169,44.79956904592757,454.0,73.23722196045773,15.001751817448536,13.0,1.3,0.13000000000000006,75.0,3.4913987760357905,0.16289437585733868
2,0.054,11,359.9958406233151,1000.0,0.0,564.0,71.34220964752397,15.22762368642876,1536.0,258.1352047690666,54.922607649033786,144.0,24.47262000918615,5.3119320084692285,17.0,1.7000000000000004,0.1700000000000001,97.0,4.548270402181452,0.21433470507544544
3,0.054,8,360.622419620781,1000.0,1000.0,591.0,69.00049445867798,12.62128914274208,1053.0,175.97532839092565,36.74052824301376,671.0,110.31538121097634,23.20103315920515,15.0,1.5000000000000002,0.15000000000000008,69.0,3.232797552071582,0.15217764060356645
