id,probability_maraud,successful_mating,next_foraging_time,x_pos,y_pos,foraging_events,foraging_hrs,foraging_sqhrs,staying_events,staying_hrs,staying_sqhrs,repairing_events,repairing_hrs,repairing_sqhrs,marauding_events,marauding_hrs,marauding_sqhrs,traveling_events,traveling_hrs,traveling_sqhrs
0,0.054,7,360.4825758600403,0.0,0.0,562.0,70.43052143395545,15.12666084489695,1350.0,222.4522409324675,47.086989517593885,365.0,63.100248532177794,13.611343573466138,9.0,0.8999999999999999,0.09000000000000002,74.0,3.521808694993771,0.16932441700960205
1,0.054,9,360.2760827663429,0.0,1000.0,550.0,71.21661388520432,15.627071753957571,1221.0,208.98142750711742,44.97594750507613,431.0,73.63403912427219,15.670374071911299,20.0,2.0000000000000004,0.20000000000000012,89.0,4.177900031811078,0.19718792866940985
2,0.0,9,360.09948384274924,1000.0,0.0,567.0,70.45313449589875,14.995835741657993,1193.0,197.45424276727587,41.70602108506442,528.0,92.09740678099885,20.198247090625493,0.0,0.0,0.0,0.0,0.0,0.0
3,0.054,11,360.1646471999334,1000.0,1000.0,566.0,72.97799624110958,15.489290418342039,1377.0,232.80638661465542,49.90460742886034,287.0,48.54681246211433,10.240184591430467,17.0,1.7000000000000004,0.1700000000000001,92.0,4.27843581307283,0.19933127572016426
