id,probability_maraud,successful_mating,next_foraging_time,x_pos,y_pos,foraging_events,foraging_hrs,foraging_sqhrs,staying_events,staying_hrs,staying_sqhrs,repairing_events,repairing_hrs,repairing_sqhrs,marauding_events,marauding_hrs,marauding_sqhrs,traveling_events,traveling_hrs,traveling_sqhrs
0,0.054,8,360.30053738168004,0.0,0.0,572.0,76.34292861550097,17.625381128477787,1240.0,210.71840002402084,45.419332801378104,401.0,67.49568540156153,14.448460305503874,16.0,1.6000000000000003,0.1600000000000001,86.0,4.019834589108619,0.1886145404663921
1,0.054,7,359.8548640056661,0.0,1000.0,557.0,67.40384483182928,13.549481508041627,1343.0,233.16089486929658,50.78804114091393,313.0,55.11565720917307,12.110557872313937,10.0,0.9999999999999999,0.10000000000000003,73.0,3.4371592910703366,0.16289437585733868
2,0.054,12,360.37896364559856,1000.0,0.0,564.0,69.33661178231755,13.863073437900088,1395.0,243.61035969519853,53.14432088811256,251.0,42.46587034604967,9.142483435263546,11.0,1.0999999999999999,0.11000000000000004,77.0,3.6223444762555217,0.17146776406035646
3,0.0,9,360.00049272528713,1000.0,1000.0,579.0,72.5710541133234,15.136618181652235,1361.0,226.52151244797537,48.19766840593084,369.0,60.913046600552484,13.044339313018035,0.0,0.0,0.0,0.0,0.0,0.0
