id,probability_maraud,successful_mating,next_foraging_time,x_pos,y_pos,foraging_events,foraging_hrs,foraging_sqhrs,staying_events,staying_hrs,staying_sqhrs,repairing_events,repairing_hrs,repairing_sqhrs,marauding_events,marauding_hrs,marauding_sqhrs,traveling_events,traveling_hrs,traveling_sqhrs
0,0.054,10,360.1423748659277,0.0,0.0,560.0,70.95972721340455,14.670788499674707,1441.0,241.36114828718055,51.44498474463353,246.0,42.95395880796581,9.355395588717247,10.0,0.9999999999999999,0.10000000000000003,81.0,3.769176553813568,0.17575445816186536
1,0.0,8,360.2699878908207,0.0,1000.0,560.0,74.21544650891367,15.869306944199675,1143.0,194.54833549533325,41.8561828856407,531.0,91.28288931996381,19.643231203470446,0.0,0.0,0.0,0.0,0.0,0.0
2,0.054,9,360.08077733611464,1000.0,0.0,583.0,70.91637540482817,13.968868238832481,1271.0,216.62504534079812,46.105277507900325,420.0,67.21980194812393,13.6312725421874,17.0,1.7000000000000004,0.1700000000000001,77.0,3.583991368628383,0.16718106995884757
3,0.054,9,360.10256311724135,1000.0,1000.0,561.0,68.63511874653213,13.517317202280372,1399.0,231.25112295339562,48.57896995042414,330.0,55.30273147675151,11.78666800710727,15.0,1.5000000000000002,0.15000000000000008,74.0,3.4642790335530633,0.16289437585733868
