id,probability_maraud,successful_mating,next_foraging_time,x_pos,y_pos,foraging_events,foraging_hrs,foraging_sqhrs,staying_events,staying_hrs,staying_sqhrs,repairing_events,repairing_hrs,repairing_sqhrs,marauding_events,marauding_hrs,marauding_sqhrs,traveling_events,traveling_hrs,traveling_sqhrs
0,0.054,9,360.0731757818241,0.0,0.0,570.0,70.59421710934674,14.482356837380587,1498.0,259.4512936822521,56.974420910253336,139.0,24.30131073001008,5.244794280540723,10.0,0.9999999999999999,0.10000000000000003,100.0,4.687159291070342,0.22076474622770875
1,0.0,12,360.1387975848416,0.0,1000.0,564.0,72.51774716510349,15.805671892495152,1311.0,222.47713493551782,48.449610289572426,382.0,65.1227392934085,13.81591051317666,0.0,0.0,0.0,0.0,0.0,0.0
2,0.054,8,360.0916292575633,1000.0,0.0,586.0,70.96872381170044,14.745379380205625,1254.0,211.1071172262845,45.07718503640823,439.0,73.56141032986501,15.75242753432655,13.0,1.3,0.13000000000000006,65.0,3.085965474513535,0.14789094650205756
3,0.054,7,359.95711379040296,1000.0,1000.0,578.0,68.40313581267334,14.201179643946588,1409.0,238.0140851059108,50.850154347789044,278.0,49.006307324228295,10.550134775903999,12.0,1.2,0.12000000000000005,75.0,3.4722222222222214,0.16075102880658423
