id,probability_maraud,successful_mating,next_foraging_time,x_pos,y_pos,foraging_events,foraging_hrs,foraging_sqhrs,staying_events,staying_hrs,staying_sqhrs,repairing_events,repairing_hrs,repairing_sqhrs,marauding_events,marauding_hrs,marauding_sqhrs,traveling_events,traveling_hrs,traveling_sqhrs
0,0.054,13,359.8999566879728,0.0,0.0,570.0,67.19048228953497,13.091925546789732,1445.0,245.00538472904964,53.23377801925918,246.0,42.89037253296558,9.356540370347203,13.0,1.3,0.13000000000000006,79.0,3.6574074074074066,0.16932441700960202
1,0.0,9,360.22427282238505,0.0,1000.0,564.0,73.08451792325445,15.838523137930792,1196.0,201.83087083368133,43.01099339357884,502.0,85.24090865731839,18.217515227753108,0.0,0.0,0.0,0.0,0.0,0.0
2,0.054,9,360.5030841314218,1000.0,0.0,558.0,71.63973029793227,15.812673014456102,1123.0,190.62491734730767,41.006785864274306,549.0,93.07805834247294,19.797483412333904,15.0,1.5000000000000002,0.15000000000000008,68.0,3.2056778095888547,0.15217764060356648
3,0.054,5,360.50462560783103,1000.0,1000.0,579.0,70.17299785373577,15.091497790108408,1437.0,242.15464127127208,51.271174940541854,243.0,42.863041188622724,9.377730253684925,16.0,1.6000000000000003,0.1600000000000001,71.0,3.3062135908506054,0.1543209876543209
