id,probability_maraud,successful_mating,next_foraging_time,x_pos,y_pos,foraging_events,foraging_hrs,foraging_sqhrs,staying_events,staying_hrs,staying_sqhrs,repairing_events,repairing_hrs,repairing_sqhrs,marauding_events,marauding_hrs,marauding_sqhrs,traveling_events,traveling_hrs,traveling_sqhrs
0,0.054,11,359.8073463797214,0.0,0.0,567.0,69.24596593984265,14.853938342141833,1364.0,230.9478978771566,49.83349746039386,315.0,54.99160971839034,12.00174714186334,13.0,1.3,0.13000000000000006,77.0,3.564814814814814,0.16503772290809313
1,0.0,3,360.21156386206354,0.0,1000.0,571.0,68.62328078015308,13.029567783945033,1308.0,224.47608967432004,49.42879377684476,392.0,66.92734209738147,14.331899044503634,0.0,0.0,0.0,0.0,0.0,0.0
2,0.054,10,360.0326718645835,1000.0,0.0,573.0,70.8885997759097,15.283177475332355,1268.0,216.839591001775,46.355698504103586,375.0,67.45198076595943,14.85487799119425,12.0,1.2,0.12000000000000005,79.0,3.6957605150345447,0.1736111111111109
3,0.054,12,360.65160550079736,1000.0,1000.0,562.0,70.96758032541639,15.402320088758737,1467.0,246.26550609952463,52.31411230309676,229.0,36.811551875904904,7.725415303111841,12.0,1.2,0.12000000000000005,102.0,4.818104991290074,0.22933813443072656
