id,probability_maraud,successful_mating,next_foraging_time,x_pos,y_pos,foraging_events,foraging_hrs,foraging_sqhrs,staying_events,staying_hrs,staying_sqhrs,repairing_events,repairing_hrs,repairing_sqhrs,marauding_events,marauding_hrs,marauding_sqhrs,traveling_events,traveling_hrs,traveling_sqhrs
0,0.0,10,360.5309408922118,0.0,0.0,573.0,67.54796768487446,12.596574561217327,1505.0,256.2073889720797,55.65693812915127,234.0,36.37541024869784,7.240973056327815,0.0,0.0,0.0,0.0,0.0,0.0
1,0.054,9,360.0313510170656,0.0,100.0,567.0,70.07433195232096,14.87171370163409,1548.0,258.5040575313432,54.2491530297924,186.0,29.584713692953724,6.113197072072451,14.0,1.4000000000000001,0.14000000000000007,93.0,0.6282540435883629,0.00471536351165981
2,0.054,7,360.124559212429,100.0,0.0,558.0,69.39275897834924,15.099918682267644,1557.0,264.8984716994331,56.70923239913487,157.0,24.432584542827595,4.875664444404203,12.0,1.2,0.12000000000000005,75.0,0.38941064061207475,0.002079046639231823
3,0.0,10,360.31299482887647,100.0,100.0,581.0,69.7252778185098,13.99746575535005,1411.0,235.55712852987043,49.629304254372876,327.0,54.77393814890763,11.518812322619965,0.0,0.0,0.0,0.0,0.0,0.0
4,0.0,11,360.4729048805084,200.0,0.0,566.0,72.79322851573652,15.084898333021778,1418.0,244.73097627289653,52.726779274399355,235.0,42.506716943070614,9.661479354691187,0.0,0.0,0.0,0.0,0.0,0.0
5,0.054,7,360.42814833948324,200.0,100.0,573.0,70.51974800126061,13.926233258887137,1503.0,257.3240681233567,55.80455350284848,176.0,30.583241429694553,6.557869834715209,10.0,0.9999999999999999,0.10000000000000003,90.0,0.6092093654280514,0.004586762688614546
