id,probability_maraud,successful_mating,next_foraging_time,x_pos,y_pos,foraging_events,foraging_hrs,foraging_sqhrs,staying_events,staying_hrs,staying_sqhrs,repairing_events,repairing_hrs,repairing_sqhrs,marauding_events,marauding_hrs,marauding_sqhrs,traveling_events,traveling_hrs,traveling_sqhrs
0,0.054,10,360.4577361975574,0.0,0.0,561.0,72.32577952656776,15.724192044326195,1556.0,261.81764483853124,55.54828592388251,145.0,24.33926604836751,4.914973360194695,11.0,1.0999999999999999,0.11000000000000004,93.0,0.641328343207587,0.004951131687242803
1,0.054,9,360.54741037729343,0.0,100.0,559.0,75.36601654053389,17.103659378807567,1514.0,252.57774211521388,53.86477763853774,187.0,30.400026634770825,6.111833755487573,11.0,1.0999999999999999,0.11000000000000004,85.0,0.5721723283910142,0.004286694101508921
2,0.0,11,360.364628904665,100.0,0.0,573.0,66.99344780894549,12.736772911028133,1431.0,244.1008881564257,53.098268653870605,284.0,48.9473313250149,10.409054325036031,0.0,0.0,0.0,0.0,0.0,0.0
3,0.0,8,360.20968266826253,100.0,100.0,577.0,69.53014583372942,14.287392927639889,1522.0,259.83425025212074,55.820661747120724,167.0,30.71959770016358,7.048964455373784,0.0,0.0,0.0,0.0,0.0,0.0
4,0.054,8,360.367936715366,200.0,0.0,553.0,71.82375052669802,15.414534680793546,1487.0,249.90866517309763,52.71632091813943,219.0,36.85070746974095,7.907688785609916,9.0,0.8999999999999999,0.09000000000000002,74.0,0.5286184355541917,0.004136659807956106
5,0.0,8,360.43200778021395,200.0,100.0,568.0,68.99797832846707,13.480701081770796,1646.0,279.0456293831385,60.22410658502868,70.0,12.066529523479746,2.675457414607996,0.0,0.0,0.0,0.0,0.0,0.0
