id,probability_maraud,successful_mating,next_foraging_time,x_pos,y_pos,foraging_events,foraging_hrs,foraging_sqhrs,staying_events,staying_hrs,staying_sqhrs,repairing_events,repairing_hrs,repairing_sqhrs,marauding_events,marauding_hrs,marauding_sqhrs,traveling_events,traveling_hrs,traveling_sqhrs
0,0.054,13,360.3001452313565,0.0,0.0,560.0,68.57792550813498,14.232482944965083,1413.0,241.23144722475072,52.117745380383006,279.0,48.67551240612716,10.41063448317609,12.0,1.2,0.12000000000000005,74.0,0.5055761417667073,0.0039008916323731158
1,0.054,6,360.1483480952899,0.0,100.0,563.0,69.89259020517454,13.898001748481136,1453.0,245.36167661459828,52.28055822958872,257.0,42.803347506070985,9.041444382147944,14.0,1.4000000000000001,0.14000000000000007,81.0,0.5713171511016956,0.004479595336076821
2,0.054,10,360.1526308864874,100.0,0.0,569.0,69.89880297181428,14.288621702650433,1569.0,263.53436642024053,56.26537429670165,139.0,24.383167855076845,5.423821660342312,17.0,1.7000000000000004,0.1700000000000001,101.0,0.5404634970841563,0.0029792524005486988
3,0.0,10,360.37219977697896,100.0,100.0,581.0,69.27749414089656,13.821027320677016,1468.0,248.02951586354203,52.64360418992805,259.0,42.89287394640668,9.056344640032908,0.0,0.0,0.0,0.0,0.0,0.0
4,0.0,9,360.3671974944088,200.0,0.0,570.0,70.24554791841872,14.660292042540005,1523.0,253.2223952326154,52.70822538423604,223.0,36.65696240935078,7.566207184414281,0.0,0.0,0.0,0.0,0.0,0.0
5,0.0,6,360.3438129953046,200.0,100.0,562.0,71.21834348808049,14.666245417539814,1287.0,221.74361533060045,47.47421463593152,391.0,67.10552738647543,14.460446673807406,0.0,0.0,0.0,0.0,0.0,0.0
