id,probability_maraud,successful_mating,next_foraging_time,x_pos,y_pos,foraging_events,foraging_hrs,foraging_sqhrs,staying_events,staying_hrs,staying_sqhrs,repairing_events,repairing_hrs,repairing_sqhrs,marauding_events,marauding_hrs,marauding_sqhrs,traveling_events,traveling_hrs,traveling_sqhrs
0,0.0,6,360.31487397886224,0.0,0.0,570.0,70.48909910204384,14.393621860703238,1396.0,240.86329166686497,51.8077835215013,300.0,48.844404115839204,10.218443093208746,0.0,0.0,0.0,0.0,0.0,0.0
1,0.054,15,360.4180654582113,0.0,100.0,573.0,69.03508391791257,13.093253940470168,1456.0,245.9183227251689,53.49511871497019,246.0,42.66638923564607,9.319924202162614,21.0,2.1000000000000005,0.21000000000000013,75.0,0.5246918371578738,0.004115226337448562
2,0.0,7,360.20195706975915,100.0,0.0,576.0,69.20137056056672,14.09575532689372,1429.0,236.43991351634494,49.28857021698221,341.0,54.59566284718496,11.432469867114019,0.0,0.0,0.0,0.0,0.0,0.0
3,0.054,12,360.5281655568269,100.0,100.0,570.0,72.1735543606159,14.573426347160593,1610.0,267.6842688831349,56.77178842022976,106.0,18.537342883126286,4.256008421911225,12.0,1.2,0.12000000000000005,90.0,0.4895375711582303,0.0027434842249657075
4,0.0,5,360.21826767589243,200.0,0.0,566.0,69.71445342979663,13.826449813786125,1320.0,223.10667279558558,47.556655249490625,397.0,67.20099714571698,14.337729239672578,0.0,0.0,0.0,0.0,0.0,0.0
5,0.054,9,360.47084935413375,200.0,100.0,567.0,69.73009553638383,13.723981132050312,1340.0,230.58958450874368,50.04606200648581,357.0,57.75443931540964,12.038035572266336,15.0,1.5000000000000002,0.15000000000000008,85.0,0.6160248096641605,0.004908264746227713
