id,probability_maraud,successful_mating,next_foraging_time,x_pos,y_pos,foraging_events,foraging_hrs,foraging_sqhrs,staying_events,staying_hrs,staying_sqhrs,repairing_events,repairing_hrs,repairing_sqhrs,marauding_events,marauding_hrs,marauding_sqhrs,traveling_events,traveling_hrs,traveling_sqhrs
0,0.054,5,360.36169721212525,0.0,0.0,582.0,70.66572765524894,15.02245232101274,1508.0,251.27136565135714,53.11571098728502,210.0,36.39775814143795,7.9295703844215435,11.0,1.0999999999999999,0.11000000000000004,89.0,0.6010125842608304,0.004543895747599455
1,0.0,3,360.0289675856476,0.0,100.0,563.0,72.48685790422616,15.419157463969213,1498.0,248.09839477064935,52.325204687906904,240.0,39.48536777125593,8.300379157739124,0.0,0.0,0.0,0.0,0.0,0.0
2,0.0,13,360.4017084510594,100.0,0.0,572.0,74.20234697010797,16.21134212731395,1330.0,224.62893963687597,47.5277952972706,364.0,61.23099308122144,13.272624173934329,0.0,0.0,0.0,0.0,0.0,0.0
3,0.0,11,360.1111691575211,100.0,100.0,561.0,68.56049776539479,15.030512924885333,1529.0,260.0761207418311,56.2960551501138,189.0,31.370790456218028,6.773091833797365,0.0,0.0,0.0,0.0,0.0,0.0
4,0.054,7,359.89709663295315,200.0,0.0,549.0,67.49094877238181,14.079846425969,1510.0,260.5411267487914,56.286452490456895,180.0,30.447203676053896,6.600218567099762,11.0,1.0999999999999999,0.11000000000000004,74.0,0.500253639712218,0.0037937242798353923
5,0.054,15,360.19693291198536,200.0,100.0,560.0,72.57952295080287,15.198676190759263,1587.0,273.5854758362581,59.82503335552575,71.0,12.163237914221263,2.5847836642346276,14.0,1.4000000000000001,0.14000000000000007,80.0,0.5508809772018202,0.004243827160493831
