id,probability_maraud,successful_mating,next_foraging_time,x_pos,y_pos,foraging_events,foraging_hrs,foraging_sqhrs,staying_events,staying_hrs,staying_sqhrs,repairing_events,repairing_hrs,repairing_sqhrs,marauding_events,marauding_hrs,marauding_sqhrs,traveling_events,traveling_hrs,traveling_sqhrs
0,0.0,7,360.3147969566486,0.0,0.0,554.0,70.77629451263202,15.405963942009038,1475.0,246.41327372550623,52.98749755015554,248.0,43.0021768908591,9.458525950828843,0.0,0.0,0.0,0.0,0.0,0.0
1,0.054,8,360.2568346738133,0.0,100.0,561.0,72.46149939863945,15.570414461892101,1295.0,224.85274646866213,49.531522691187135,338.0,61.3492039610939,13.75351466442121,10.0,0.9999999999999999,0.10000000000000003,70.0,0.5004203524952845,0.004008058984910839
2,0.054,11,360.341853000604,100.0,0.0,570.0,72.84740282017657,16.0744243626335,1457.0,248.29636822320293,53.8138859288543,216.0,36.21885102948974,7.6130185501861325,21.0,2.1000000000000005,0.21000000000000013,100.0,0.5454221443613113,0.0030649862825788765
3,0.054,7,360.258739977419,100.0,100.0,569.0,70.49992012577847,14.846111123682439,1589.0,263.25299944819557,55.505066059457555,147.0,24.34917937565417,5.115911360228767,15.0,1.5000000000000002,0.15000000000000008,82.0,0.433323980307624,0.0023576817558299034
4,0.0,9,360.01541034405045,200.0,0.0,573.0,70.57114918795234,14.877917144601527,1329.0,222.30286833498764,47.5743519185582,397.0,67.15981923037661,14.557709493966383,0.0,0.0,0.0,0.0,0.0,0.0
5,0.0,12,360.11995775286096,200.0,100.0,558.0,68.95695135610185,13.661154984831933,1451.0,246.1259469613112,53.051625264884805,274.0,45.10926473344202,9.45784323190513,0.0,0.0,0.0,0.0,0.0,0.0
