id,probability_maraud,successful_mating,next_foraging_time,x_pos,y_pos,foraging_events,foraging_hrs,foraging_sqhrs,staying_events,staying_hrs,staying_sqhrs,repairing_events,repairing_hrs,repairing_sqhrs,marauding_events,marauding_hrs,marauding_sqhrs,traveling_events,traveling_hrs,traveling_sqhrs
0,0.0,12,360.103654288889,0.0,0.0,575.0,69.2277416665618,14.415869022048057,1439.0,242.2298472377602,51.44228203012785,288.0,48.56369671140487,10.383763288337581,0.0,0.0,0.0,0.0,0.0,0.0
1,0.054,14,360.49817345563184,0.0,100.0,575.0,71.83350007277012,14.438711744512004,1635.0,280.7739698920032,60.56379066592147,39.0,6.082370765472726,1.234100899632805,9.0,0.8999999999999999,0.09000000000000002,70.0,0.4403162961352515,0.0030649862825788765
2,0.054,8,359.9478343045054,100.0,0.0,567.0,68.89431473056712,14.18238568106485,1509.0,259.26130044175926,56.45201415386638,188.0,30.397008415961366,6.337788458294838,10.0,0.9999999999999999,0.10000000000000003,91.0,0.48457892388107526,0.0026577503429355293
3,0.054,8,360.27114253935235,100.0,100.0,569.0,70.22533513812357,14.170088623148315,1516.0,256.74433955335763,55.101818917184836,181.0,30.8025450649989,6.640226849258332,18.0,1.8000000000000005,0.1800000000000001,96.0,0.5326565919868635,0.0030435528120713326
4,0.0,9,360.14967475712086,200.0,0.0,556.0,69.26436689256919,13.985050978159483,1393.0,242.1817942236217,52.65861208178814,299.0,48.80746673109165,10.173960968404762,0.0,0.0,0.0,0.0,0.0,0.0
5,0.0,3,360.0606034289684,200.0,100.0,563.0,71.10552753315704,15.786549571334081,1314.0,227.44344937839446,49.44928940641393,360.0,61.53455737982283,13.23188701652055,0.0,0.0,0.0,0.0,0.0,0.0
