id,probability_maraud,successful_mating,next_foraging_time,x_pos,y_pos,foraging_events,foraging_hrs,foraging_sqhrs,staying_events,staying_hrs,staying_sqhrs,repairing_events,repairing_hrs,repairing_sqhrs,marauding_events,marauding_hrs,marauding_sqhrs,traveling_events,traveling_hrs,traveling_sqhrs
0,0.054,9,360.25236006422415,0.0,0.0,569.0,70.95713551823847,15.48611879780729,1465.0,250.69618495858745,54.24769372851584,214.0,36.531906796309976,7.727532264745586,13.0,1.3,0.13000000000000006,96.0,0.657463905125358,0.00501543209876544
1,0.0,8,359.9793139318448,0.0,100.0,577.0,67.18859506766735,12.675835349621055,1328.0,225.91177401044789,48.21806851164268,396.0,66.97144615886494,14.42680406987488,0.0,0.0,0.0,0.0,0.0,0.0
2,0.054,9,360.35929856568214,100.0,0.0,569.0,69.19711754790771,13.863610313985529,1441.0,246.39660395061918,53.85074668420095,251.0,42.610308656841035,9.238040369937634,14.0,1.4000000000000001,0.14000000000000007,81.0,0.4421179383474927,0.0024862825788751707
3,0.0,8,360.34343877334226,100.0,100.0,563.0,70.84679166758796,15.166790335527725,1442.0,240.35392124829238,50.55365129129731,288.0,48.94256996711617,10.386390960454042,0.0,0.0,0.0,0.0,0.0,0.0
4,0.054,11,360.02030057700074,200.0,0.0,556.0,66.92121792025532,13.475467852936324,1579.0,266.7007382714467,56.833099479875195,144.0,24.273158069545563,5.112342425988622,16.0,1.6000000000000003,0.1600000000000001,72.0,0.5192678886613286,0.004158093278463653
5,0.0,9,360.40292996978974,200.0,100.0,566.0,72.85575457256688,15.562155199474434,1397.0,244.73885696779763,53.82077530041998,238.0,42.424371934516195,9.11872601127545,0.0,0.0,0.0,0.0,0.0,0.0
