id,probability_maraud,successful_mating,next_foraging_time,x_pos,y_pos,foraging_events,foraging_hrs,foraging_sqhrs,staying_events,staying_hrs,staying_sqhrs,repairing_events,repairing_hrs,repairing_sqhrs,marauding_events,marauding_hrs,marauding_sqhrs,traveling_events,traveling_hrs,traveling_sqhrs
0,0.0,12,360.2746358031922,0.0,0.0,560.0,69.08109076031168,14.26049796074382,1323.0,224.33329719887985,47.42480366480174,394.0,66.75482719652076,14.571817254716334,0.0,0.0,0.0,0.0,0.0,0.0
1,0.054,6,360.0964843236688,0.0,100.0,567.0,72.90734336127916,15.139407727662368,1490.0,254.75834203576645,55.431514256595456,181.0,30.555224098751026,6.473288824628342,13.0,1.3,0.13000000000000006,73.0,0.48443693663352033,0.0035793895747599468
2,0.054,12,360.099422312514,100.0,0.0,560.0,71.02329131707782,16.35147171814237,1541.0,258.80208236326683,54.946680312373786,168.0,28.544937354958424,6.233312524932206,12.0,1.2,0.12000000000000005,98.0,0.5227392974325535,0.002872085048010976
3,0.0,13,360.1559463951807,100.0,100.0,563.0,73.15702835403583,16.186000538709933,1501.0,252.29703441176824,53.62879603984661,191.0,34.654503287074235,7.7611746474436165,0.0,0.0,0.0,0.0,0.0,0.0
4,0.0,7,360.2215974965674,200.0,0.0,551.0,71.03809438276659,15.948120982152656,1489.0,252.22698088930653,54.468527962641524,211.0,36.84030208822511,8.1577014826007,0.0,0.0,0.0,0.0,0.0,0.0
5,0.054,4,360.4226635270439,200.0,100.0,551.0,74.68334426731586,16.421206845567315,1533.0,259.0734822986644,55.343461736611864,146.0,24.472096006096397,5.3284784556909806,12.0,1.2,0.12000000000000005,97.0,0.6245201792677056,0.004479595336076823
