id,probability_maraud,successful_mating,next_foraging_time,x_pos,y_pos,foraging_events,foraging_hrs,foraging_sqhrs,staying_events,staying_hrs,staying_sqhrs,repairing_events,repairing_hrs,repairing_sqhrs,marauding_events,marauding_hrs,marauding_sqhrs,traveling_events,traveling_hrs,traveling_sqhrs
0,0.054,8,360.2784282971341,0.0,0.0,558.0,75.45835650855186,16.82079506710173,1489.0,252.62079137318815,54.60245077776087,173.0,30.465101976983778,6.5423160478632845,10.0,0.9999999999999999,0.10000000000000003,73.0,0.5391677441109586,0.004350994513031551
1,0.054,11,360.1895520286985,0.0,100.0,572.0,68.61556210968781,14.183319797385057,1464.0,246.5606518503782,52.85586559969353,257.0,42.81109645536598,8.93276567298134,15.0,1.5000000000000002,0.15000000000000008,74.0,0.5301766440768222,0.004200960219478741
2,0.0,11,360.14648550494695,100.0,0.0,571.0,69.80450779553207,14.707550510347108,1483.0,247.37798759742205,52.13028042911327,256.0,42.8870740895716,9.095756437708165,0.0,0.0,0.0,0.0,0.0,0.0
3,0.0,8,360.419361772557,100.0,100.0,557.0,75.055298921859,17.588712249676977,1400.0,242.13474207204783,53.11461771698403,242.0,42.82159821779441,9.611129460787346,0.0,0.0,0.0,0.0,0.0,0.0
4,0.0,8,360.0317079884813,200.0,0.0,572.0,71.29605785389418,14.077565887951023,1479.0,246.04956745400202,51.73158090481449,250.0,42.76551453851861,9.294598228116003,0.0,0.0,0.0,0.0,0.0,0.0
5,0.054,8,359.9236424138722,200.0,100.0,568.0,73.86583947661555,15.84949478344944,1439.0,247.8388451767367,53.68075964695073,217.0,36.50031406599224,7.728247694891903,14.0,1.4000000000000001,0.14000000000000007,69.0,0.4588652438649713,0.0033436213991769556
