id,probability_maraud,successful_mating,next_foraging_time,x_pos,y_pos,foraging_events,foraging_hrs,foraging_sqhrs,staying_events,staying_hrs,staying_sqhrs,repairing_events,repairing_hrs,repairing_sqhrs,marauding_events,marauding_hrs,marauding_sqhrs,traveling_events,traveling_hrs,traveling_sqhrs
0,0.054,11,360.14918106094547,0.0,0.0,563.0,74.83022769876905,16.35732901824304,1573.0,264.87854062864966,56.847177785624154,106.0,18.388899050973716,3.878515239074684,14.0,1.4000000000000001,0.14000000000000007,79.0,0.5505823887654961,0.004286694101508918
1,0.054,16,360.6367931261926,0.0,100.0,563.0,71.5330501560648,15.47446499281963,1531.0,255.9343515413749,54.16427406836344,193.0,30.613358752642373,6.127280642972181,14.0,1.4000000000000001,0.14000000000000007,102.0,0.7563153531010656,0.006172839506172846
2,0.0,5,360.0773087903547,100.0,0.0,554.0,72.96314216394258,15.019868774052393,1558.0,262.6999648348082,56.25356722907115,157.0,24.40534914328696,4.845060341033263,0.0,0.0,0.0,0.0,0.0,0.0
3,0.054,11,360.02224116884724,100.0,100.0,568.0,71.10631764564393,14.606236118048914,1516.0,256.9805177697471,55.046262668888126,188.0,30.617435915143748,6.230323659719312,11.0,1.0999999999999999,0.11000000000000004,72.0,0.3927806501553983,0.0022076474622770917
4,0.0,7,360.7169178617505,200.0,0.0,550.0,73.99187937431158,17.103501716795066,1357.0,225.12776905311256,47.90784151239757,363.0,61.009221533496564,13.094616189017039,0.0,0.0,0.0,0.0,0.0,0.0
5,0.0,4,360.2010180315767,200.0,100.0,553.0,70.12152708439362,15.021294001655306,1270.0,216.34409291852302,47.08832215155594,440.0,73.56455195711825,15.488414506738044,0.0,0.0,0.0,0.0,0.0,0.0
