id,probability_maraud,successful_mating,next_foraging_time,x_pos,y_pos,foraging_events,foraging_hrs,foraging_sqhrs,staying_events,staying_hrs,staying_sqhrs,repairing_events,repairing_hrs,repairing_sqhrs,marauding_events,marauding_hrs,marauding_sqhrs,traveling_events,traveling_hrs,traveling_sqhrs
0,0.0,11,359.9870385427165,0.0,0.0,562.0,71.2584596958649,15.41576293386969,1475.0,246.85562840297686,52.68513660287711,236.0,42.03464165656438,9.375066999030826,0.0,0.0,0.0,0.0,0.0,0.0
1,0.054,11,360.0015444931648,0.0,100.0,578.0,70.42316633040832,14.311573544521263,1343.0,227.34270589655083,48.572655482814504,351.0,60.85957815548549,13.124402001790022,10.0,0.9999999999999999,0.10000000000000003,81.0,0.587690443033388,0.004715363511659812
2,0.054,17,359.9870895968707,100.0,0.0,566.0,69.27567992468573,14.025877662244332,1346.0,228.38657634926938,48.64863866108363,355.0,60.240717737904404,12.810081967454765,17.0,1.7000000000000004,0.1700000000000001,78.0,0.42822904945860385,0.0024219821673525373
3,0.0,3,360.497378061512,100.0,100.0,563.0,69.53883994069957,14.796315451960789,1474.0,248.04853864700812,52.77319878294884,265.0,42.495511073996106,8.742980136392104,0.0,0.0,0.0,0.0,0.0,0.0
4,0.054,7,359.83322199397986,200.0,0.0,564.0,73.92127132311967,15.841277879025991,1487.0,253.66420087791525,54.67329692049074,179.0,30.054619950528394,6.364850914449237,18.0,1.8000000000000005,0.1800000000000001,81.0,0.5767410995982412,0.004565329218106999
5,0.0,5,359.95696798819273,200.0,100.0,576.0,74.09001607377789,15.555256464078871,1476.0,249.5058832568101,52.96544571295546,220.0,36.406285849555644,7.658494998192969,0.0,0.0,0.0,0.0,0.0,0.0
