id,probability_maraud,successful_mating,next_foraging_time,x_pos,y_pos,foraging_events,foraging_hrs,foraging_sqhrs,staying_events,staying_hrs,staying_sqhrs,repairing_events,repairing_hrs,repairing_sqhrs,marauding_events,marauding_hrs,marauding_sqhrs,traveling_events,traveling_hrs,traveling_sqhrs
0,0.0,6,360.0211408405163,0.0,0.0,556.0,74.19208611458042,16.137341885818845,1531.0,261.25466402688534,56.18193968379234,144.0,24.62775830603357,5.293779435516354,0.0,0.0,0.0,0.0,0.0,0.0
1,0.054,5,360.6102928129704,0.0,100.0,570.0,71.55251209307163,15.19014888672874,1550.0,262.45505761042347,55.699160001101085,143.0,24.456941129584294,5.078216359566258,11.0,1.0999999999999999,0.11000000000000004,104.0,0.7440151019460083,0.005937071330589859
2,0.054,13,360.1946592962513,100.0,0.0,565.0,66.46391837942812,12.665307000478512,1506.0,249.8108711802134,53.26190672616905,245.0,42.74067855136089,9.194146009281242,6.0,0.6,0.06000000000000001,78.0,0.41288780640774847,0.0022505144032921804
3,0.0,14,360.0729568880455,100.0,100.0,568.0,71.02015680405745,14.79470278503948,1423.0,240.4256945027765,51.34675589049879,294.0,48.76127915369705,10.169831879065468,0.0,0.0,0.0,0.0,0.0,0.0
4,0.054,11,360.49220638497286,200.0,0.0,564.0,69.52458226780477,13.813406776985305,1519.0,257.8008688339149,55.84497700934821,194.0,30.72359590075061,6.378135890449452,14.0,1.4000000000000001,0.14000000000000007,96.0,0.6606107513818199,0.005122599451303162
5,0.0,5,360.0352179958926,200.0,100.0,568.0,67.62237212871611,13.410132003044826,1612.0,274.2175510420723,59.59309923563325,106.0,18.3419236996299,4.0674083390728715,0.0,0.0,0.0,0.0,0.0,0.0
