id,probability_maraud,successful_mating,next_foraging_time,x_pos,y_pos,foraging_events,foraging_hrs,foraging_sqhrs,staying_events,staying_hrs,staying_sqhrs,repairing_events,repairing_hrs,repairing_sqhrs,marauding_events,marauding_hrs,marauding_sqhrs,traveling_events,traveling_hrs,traveling_sqhrs
0,0.0,9,360.2647199632952,0.0,0.0,560.0,69.89936356650935,14.306812885008602,1462.0,241.7650255427271,50.9986194575383,287.0,48.359874947807604,10.150343677597464,0.0,0.0,0.0,0.0,0.0,0.0
1,0.054,11,360.19269287144505,0.0,100.0,553.0,69.56959178762385,14.851397623584521,1483.0,258.43852870779443,55.92467638817023,159.0,30.43504333248959,7.344555360183307,12.0,1.2,0.12000000000000005,70.0,0.4309961784535894,0.002979252400548699
2,0.054,14,360.9838391928729,100.0,0.0,560.0,70.27846604266772,14.823906118776035,1566.0,263.83986978209765,56.53744531864025,136.0,24.278353120163608,5.386300020238529,13.0,1.3,0.13000000000000006,86.0,0.4671837418769979,0.002614883401920439
3,0.0,7,360.18296900376185,100.0,100.0,561.0,67.92263862970205,13.916381967985386,1434.0,236.98886979174367,50.00256104317309,328.0,55.199553046955785,11.747675913771339,0.0,0.0,0.0,0.0,0.0,0.0
4,0.0,4,360.3357579039258,200.0,0.0,563.0,71.86170706667033,15.835904783640329,1290.0,220.93718560424506,47.69686914377374,410.0,67.33866295553284,13.537843289827883,0.0,0.0,0.0,0.0,0.0,0.0
5,0.054,9,360.3382264325818,200.0,100.0,559.0,71.58482257779704,14.71821761761653,1620.0,274.501407622658,59.3018678598487,70.0,12.08137657968066,2.459029553711259,14.0,1.4000000000000001,0.14000000000000007,85.0,0.5579848510658012,0.004093792866941019
