id,probability_maraud,successful_mating,next_foraging_time,x_pos,y_pos,foraging_events,foraging_hrs,foraging_sqhrs,staying_events,staying_hrs,staying_sqhrs,repairing_events,repairing_hrs,repairing_sqhrs,marauding_events,marauding_hrs,marauding_sqhrs,traveling_events,traveling_hrs,traveling_sqhrs
0,0.0,10,360.06368027619925,0.0,0.0,554.0,74.04489718427855,16.848317413799524,1393.0,237.29801087281808,51.5359765867143,296.0,48.72361218573229,10.305055368293683,0.0,0.0,0.0,0.0,0.0,0.0
1,0.0,6,360.1005723336495,0.0,100.0,556.0,70.09128885280657,15.165095302819381,1387.0,240.7236768840201,52.556941054560404,281.0,49.31853249400914,10.856418669000252,0.0,0.0,0.0,0.0,0.0,0.0
2,0.054,4,360.2890135366713,100.0,0.0,580.0,69.79525090719598,13.826295767237852,1454.0,246.39908159566616,52.12272803062637,256.0,42.6246744353928,8.871445315147058,10.0,0.9999999999999999,0.10000000000000003,67.0,0.3638795358631792,0.0020361796982167335
3,0.054,5,360.1396747379301,100.0,100.0,561.0,70.4956027082342,14.562094353959905,1583.0,263.03968988092,56.137397092831705,160.0,24.555232318061552,4.941435679863565,16.0,1.6000000000000003,0.1600000000000001,85.0,0.44337755843379895,0.002379115226337448
4,0.054,13,360.3424011086893,200.0,0.0,572.0,69.40188363380396,14.271630580457293,1646.0,283.0073125223567,61.26989179065677,33.0,6.054558122768913,1.3728368488308211,11.0,1.0999999999999999,0.11000000000000004,94.0,0.6254812109176876,0.004672496570644723
5,0.0,16,360.3138580573718,200.0,100.0,554.0,71.68881634552237,15.731838741719805,1390.0,233.56520959921576,49.690371915724796,334.0,54.94879121397005,11.62689422509899,0.0,0.0,0.0,0.0,0.0,0.0
