id,probability_maraud,successful_mating,next_foraging_time,x_pos,y_pos,foraging_events,foraging_hrs,foraging_sqhrs,staying_events,staying_hrs,staying_sqhrs,repairing_events,repairing_hrs,repairing_sqhrs,marauding_events,marauding_hrs,marauding_sqhrs,traveling_events,traveling_hrs,traveling_sqhrs
0,0.0,13,360.0632767679842,0.0,0.0,565.0,72.02561673753289,14.939662959212809,1381.0,233.07567801466007,49.30471272476028,318.0,55.044014914229564,11.979220698850654,0.0,0.0,0.0,0.0,0.0,0.0
1,0.0,12,360.0604029340126,0.0,100.0,564.0,70.648336415469,14.105210450068972,1445.0,241.0658203446043,51.23372062792612,284.0,48.47643242248007,10.347098540854889,0.0,0.0,0.0,0.0,0.0,0.0
2,0.0,8,360.1571312071543,100.0,0.0,562.0,71.34604465629005,15.297407403249851,1391.0,234.20943732515587,50.26655716690398,326.0,54.50966367094272,11.595570808590232,0.0,0.0,0.0,0.0,0.0,0.0
3,0.054,7,360.9289896777185,100.0,100.0,567.0,69.02361283802914,14.203380718852788,1542.0,258.1343638634271,54.63039774154117,173.0,30.808052905801464,6.827576496554893,16.0,1.6000000000000003,0.1600000000000001,87.0,0.4660604053625567,0.0025720164609053494
4,0.054,8,360.34027861183057,200.0,0.0,573.0,70.74821530438489,14.188884295870523,1461.0,250.39847879269135,54.438222681633086,218.0,37.35530095830066,8.09078194141433,10.0,0.9999999999999999,0.10000000000000003,91.0,0.6255116401288889,0.004779663923182446
5,0.054,6,360.71339766964326,200.0,100.0,574.0,72.17619084052336,14.600236623080182,1509.0,254.80439494516145,54.54480486854356,181.0,30.64212754949189,6.561620964434064,17.0,1.7000000000000004,0.1700000000000001,108.0,0.7713681665240492,0.006129972565157757
