id,probability_maraud,successful_mating,next_foraging_time,x_pos,y_pos,foraging_events,foraging_hrs,foraging_sqhrs,staying_events,staying_hrs,staying_sqhrs,repairing_events,repairing_hrs,repairing_sqhrs,marauding_events,marauding_hrs,marauding_sqhrs,traveling_events,traveling_hrs,traveling_sqhrs
0,0.0,9,360.22834844081115,0.0,0.0,567.0,71.67144901154644,14.474184269655911,1312.0,224.7954793852127,48.339061293233726,368.0,63.82113988607823,14.16659244462105,0.0,0.0,0.0,0.0,0.0,0.0
1,0.054,4,360.38246544767026,0.0,100.0,571.0,70.58342958829869,15.070022273330352,1474.0,250.60808521125955,53.42935369859553,215.0,36.41388858826315,7.881970340977592,20.0,2.0000000000000004,0.20000000000000012,87.0,0.5893297803811703,0.004415294924554187
2,0.0,11,360.6144502502208,100.0,0.0,558.0,69.14191543983424,15.008501469242002,1414.0,236.08038331964437,50.12613678817672,325.0,55.072639374068245,11.835555269576492,0.0,0.0,0.0,0.0,0.0,0.0
3,0.0,10,360.2866016735571,100.0,100.0,569.0,76.94707922642287,16.95846971248888,1402.0,234.38807526266464,50.1528793956804,284.0,48.81686749294136,10.9727838888525,0.0,0.0,0.0,0.0,0.0,0.0
4,0.054,14,360.0048100878393,200.0,0.0,561.0,69.63703235949477,14.173300114773053,1268.0,215.9746849908034,46.35102293885042,423.0,72.89754181672838,15.59728935638661,11.0,1.0999999999999999,0.11000000000000004,65.0,0.4478956300270749,0.0034293552812071334
5,0.054,6,360.3343722838689,200.0,100.0,569.0,68.83983989606752,13.851365947125952,1619.0,270.62675629514297,57.42035541000542,109.0,18.276163730789676,3.8703231838694054,18.0,1.8000000000000005,0.1800000000000001,85.0,0.5819577472920667,0.004415294924554188
