id,probability_maraud,successful_mating,next_foraging_time,x_pos,y_pos,foraging_events,foraging_hrs,foraging_sqhrs,staying_events,staying_hrs,staying_sqhrs,repairing_events,repairing_hrs,repairing_sqhrs,marauding_events,marauding_hrs,marauding_sqhrs,traveling_events,traveling_hrs,traveling_sqhrs
0,0.054,8,360.3801942676754,0.0,0.0,563.0,71.50133803601356,14.812887211040874,1381.0,231.7726752873168,49.43590973829637,326.0,55.09000822550785,11.76301963988082,12.0,1.2,0.12000000000000005,82.0,0.5580152802770026,0.00420096021947874
1,0.0,8,360.0177011684252,0.0,100.0,582.0,70.16471583040187,13.30180691731027,1385.0,235.09085051490334,50.13487554110176,320.0,54.810012387471126,12.030138138178174,0.0,0.0,0.0,0.0,0.0,0.0
2,0.054,12,359.9543219941902,100.0,0.0,569.0,73.57106368253176,15.348924919439593,1594.0,266.6934805906677,56.437627974053584,112.0,18.357832400146695,3.7064570093045464,10.0,0.9999999999999999,0.10000000000000003,88.0,0.4745253457549002,0.002636316872427984
3,0.0,12,360.55830036898516,100.0,100.0,562.0,69.23558203146116,13.904371824586052,1503.0,253.94783779437657,54.921931717278945,210.0,36.883862770598036,7.967369840085592,0.0,0.0,0.0,0.0,0.0,0.0
4,0.0,6,360.2414272740014,200.0,0.0,572.0,69.8493678857109,14.905830525202331,1351.0,229.37137867948852,49.23673061855414,360.0,60.858875698682944,13.067337481483781,0.0,0.0,0.0,0.0,0.0,0.0
5,0.054,8,360.54239584143005,200.0,100.0,560.0,69.71198778515154,14.55365243667524,1501.0,256.61296297747367,55.55358929243771,181.0,31.040858645086725,7.003289653191938,21.0,2.1000000000000005,0.21000000000000013,98.0,0.6778696498140322,0.005229766803840882
