id,probability_maraud,successful_mating,next_foraging_time,x_pos,y_pos,foraging_events,foraging_hrs,foraging_sqhrs,staying_events,staying_hrs,staying_sqhrs,repairing_events,repairing_hrs,repairing_sqhrs,marauding_events,marauding_hrs,marauding_sqhrs,traveling_events,traveling_hrs,traveling_sqhrs
0,0.054,12,360.0599439407829,0.0,0.0,572.0,73.17619116592016,16.357611156927618,1688.0,278.6082740102376,58.083980493192804,40.0,6.238748446482346,1.3475911482788951,15.0,1.5000000000000002,0.15000000000000008,98.0,0.6838501871635724,0.005294067215363518
1,0.0,8,360.6140323341664,0.0,100.0,558.0,70.94639275723954,14.829839740473556,1391.0,240.28841979994544,52.26668166022098,277.0,48.809257941105734,11.114356717924757,0.0,0.0,0.0,0.0,0.0,0.0
2,0.0,6,360.07556556105004,100.0,0.0,571.0,71.89003324118838,15.251709811143261,1310.0,224.06075804244583,48.26103229737445,364.0,64.18910781170098,14.085718153366225,0.0,0.0,0.0,0.0,0.0,0.0
3,0.054,10,360.5502061835018,100.0,100.0,553.0,71.42363311445335,14.765328903219974,1534.0,262.76792511317785,57.34492298452028,131.0,24.384311110303187,5.491899825085468,12.0,1.2,0.12000000000000005,80.0,0.4374883087178631,0.002464849108367626
4,0.054,4,360.30789079064624,200.0,0.0,558.0,68.89973738950813,14.290438640519417,1433.0,246.8041514737728,53.570949971716644,248.0,42.522383520757884,9.206373034471095,13.0,1.3,0.13000000000000006,86.0,0.5530262037886463,0.0040080589849108405
5,0.0,14,360.50184530102445,200.0,100.0,565.0,74.44272819528238,15.292235628458014,1349.0,230.50060512698508,50.05562333419497,319.0,55.229677146592664,12.268764940521617,0.0,0.0,0.0,0.0,0.0,0.0
