id,probability_maraud,successful_mating,next_foraging_time,x_pos,y_pos,foraging_events,foraging_hrs,foraging_sqhrs,staying_events,staying_hrs,staying_sqhrs,repairing_events,repairing_hrs,repairing_sqhrs,marauding_events,marauding_hrs,marauding_sqhrs,traveling_events,traveling_hrs,traveling_sqhrs
0,0.054,11,360.2048616411348,0.0,0.0,562.0,66.53652051881207,12.900877659045259,1503.0,253.03575722427064,53.77501930280595,208.0,37.12515613766284,8.176183480719521,26.0,2.600000000000001,0.2600000000000002,94.0,0.7140515095617508,0.005937071330589854
1,0.0,13,359.8369186384155,0.0,100.0,562.0,70.59085321694181,15.13755760988202,1459.0,246.82975166205009,52.183329910367526,241.0,42.590764070223706,9.550831442229356,0.0,0.0,0.0,0.0,0.0,0.0
2,0.054,6,360.06661915988724,100.0,0.0,566.0,66.27751821052597,13.016741897368856,1607.0,267.71310979360703,57.07737430439198,151.0,24.44956891306405,5.045609525303314,11.0,1.0999999999999999,0.11000000000000004,94.0,0.49463250200725045,0.0026791838134430737
3,0.054,8,360.0264683117455,100.0,100.0,562.0,71.36727886232204,14.798792137513761,1432.0,237.99116997136096,50.39649941562091,287.0,49.18399300721984,10.721482857902869,11.0,1.0999999999999999,0.11000000000000004,76.0,0.40938151329256,0.0022719478737997243
4,0.0,9,359.92189737262976,200.0,0.0,567.0,69.97892499307258,13.75515068323951,1287.0,222.40976524307553,47.85049775961816,395.0,67.66816728121874,14.485899279971466,0.0,0.0,0.0,0.0,0.0,0.0
5,0.0,7,360.2711489081141,200.0,100.0,574.0,70.92428243458185,14.94187778907401,1255.0,215.84821117093438,46.59102892477633,443.0,73.41100876057506,16.087374694641813,0.0,0.0,0.0,0.0,0.0,0.0
