id,probability_maraud,successful_mating,next_foraging_time,x_pos,y_pos,foraging_events,foraging_hrs,foraging_sqhrs,staying_events,staying_hrs,staying_sqhrs,repairing_events,repairing_hrs,repairing_sqhrs,marauding_events,marauding_hrs,marauding_sqhrs,traveling_events,traveling_hrs,traveling_sqhrs
0,0.0,6,360.1569067710005,0.0,0.0,571.0,70.17874809047562,13.901842927542393,1400.0,235.32127099252554,49.98287475906326,349.0,54.59591551091504,11.207377911662242,0.0,0.0,0.0,0.0,0.0,0.0
1,0.054,11,360.26095934260314,0.0,100.0,563.0,70.61821933237647,14.926911526173408,1574.0,268.35328664698557,58.164253214916485,111.0,18.42370286201083,3.805561926755022,19.0,1.9000000000000006,0.1900000000000001,109.0,0.7495303380761579,0.005744170096021956
2,0.0,7,360.067850631512,100.0,0.0,561.0,70.4515479213727,14.044801872618077,1274.0,216.4097251794549,46.095832095895375,430.0,73.35533257731976,16.04067196250104,0.0,0.0,0.0,0.0,0.0,0.0
3,0.054,9,360.1943094138489,100.0,100.0,565.0,72.43944443746172,15.268751177364456,1279.0,218.0110850055779,46.837883132489814,409.0,67.51900437513599,14.266758984739825,17.0,1.7000000000000004,0.1700000000000001,90.0,0.4895375711582304,0.002743484224965708
4,0.054,14,360.2364183156374,200.0,0.0,561.0,71.96864700044736,15.498343280185042,1409.0,243.08982808750164,53.71336198600425,263.0,42.94349164354061,8.908303367882839,15.0,1.5000000000000002,0.15000000000000008,70.0,0.498325825522409,0.003900891632373115
5,0.0,7,360.1844724840226,200.0,100.0,565.0,70.26514666803796,14.067509741008456,1416.0,238.1975789132953,50.67482645163629,317.0,51.67007595542462,10.73107560252289,0.0,0.0,0.0,0.0,0.0,0.0
