id,probability_maraud,successful_mating,next_foraging_time,x_pos,y_pos,foraging_events,foraging_hrs,foraging_sqhrs,staying_events,staying_hrs,staying_sqhrs,repairing_events,repairing_hrs,repairing_sqhrs,marauding_events,marauding_hrs,marauding_sqhrs,traveling_events,traveling_hrs,traveling_sqhrs
0,0.054,5,360.38299797776705,0.0,0.0,571.0,71.51146570738386,14.80698276416847,1343.0,225.50563927465822,47.972627054324825,368.0,61.34532349388298,12.661199474567402,11.0,1.0999999999999999,0.11000000000000004,84.0,0.5715853103268183,0.004372427983539097
1,0.054,8,360.48853189465297,0.0,100.0,558.0,70.33833174060813,14.948526017618859,1526.0,254.647067289786,53.451243412559535,203.0,33.31636137036097,7.096273348562216,14.0,1.4000000000000001,0.14000000000000007,82.0,0.5533552214361718,0.004158093278463653
2,0.0,10,360.12706934618,100.0,0.0,570.0,67.95951537720387,13.339528268975705,1550.0,261.6331144149498,56.37458461038295,178.0,30.613055067895047,6.573906751230205,0.0,0.0,0.0,0.0,0.0,0.0
3,0.0,12,360.087650867675,100.0,100.0,575.0,68.44321414570037,12.99529346821574,1482.0,248.948920907904,53.05407532016088,261.0,42.85709440949435,8.978265585362244,0.0,0.0,0.0,0.0,0.0,0.0
4,0.054,7,360.17217804632367,200.0,0.0,559.0,71.58131206047675,15.397346884928044,1682.0,280.2981112610368,60.00809644988799,39.0,6.186999805412101,1.2478486368503476,15.0,1.5000000000000002,0.15000000000000008,84.0,0.5838449734622222,0.004501028806584365
5,0.0,12,360.16061009883026,200.0,100.0,569.0,73.87383575541347,15.084266763931058,1289.0,219.13292407223133,46.53460118245749,418.0,67.1586885039516,13.580328313766824,0.0,0.0,0.0,0.0,0.0,0.0
