id,probability_maraud,successful_mating,next_foraging_time,x_pos,y_pos,foraging_events,foraging_hrs,foraging_sqhrs,staying_events,staying_hrs,staying_sqhrs,repairing_events,repairing_hrs,repairing_sqhrs,marauding_events,marauding_hrs,marauding_sqhrs,traveling_events,traveling_hrs,traveling_sqhrs
0,0.0,14,360.1695013627919,0.0,0.0,574.0,68.832005029202,13.695401856414916,1472.0,248.6072161382094,52.89821879462411,252.0,42.72119571847149,9.094064123331718,0.0,0.0,0.0,0.0,0.0,0.0
1,0.054,5,360.4268455324235,0.0,100.0,570.0,68.58710857989627,13.796799080654848,1359.0,234.83647668658517,51.09996032208215,319.0,55.04658361427764,11.815651457184824,11.0,1.0999999999999999,0.11000000000000004,89.0,0.662032676332585,0.005422668038408784
2,0.0,12,360.5528520631419,100.0,0.0,553.0,69.60354097320615,15.342957937597744,1369.0,235.59351911900663,51.05709470965323,323.0,54.99239146540601,11.82147802524943,0.0,0.0,0.0,0.0,0.0,0.0
3,0.0,5,360.5075635829983,100.0,100.0,562.0,69.74756268779339,14.520318535621085,1441.0,247.26288940496337,53.46971049550623,245.0,43.00505347832313,9.461690163821446,0.0,0.0,0.0,0.0,0.0,0.0
4,0.054,10,360.39179060649377,200.0,0.0,566.0,72.89566216927882,15.829010261555128,1401.0,236.84627081162228,50.687903150305885,280.0,48.66483122439459,10.498160602879214,11.0,1.0999999999999999,0.11000000000000004,85.0,0.6074990108494143,0.00484396433470508
5,0.054,8,360.1524297391293,200.0,100.0,567.0,68.50496818624728,14.251385964981237,1572.0,270.46515305941307,59.30671155721937,116.0,18.32770047349387,3.6773054479076577,21.0,2.1000000000000005,0.21000000000000013,105.0,0.7347152546670958,0.005744170096021953
