id,probability_maraud,successful_mating,next_foraging_time,x_pos,y_pos,foraging_events,foraging_hrs,foraging_sqhrs,staying_events,staying_hrs,staying_sqhrs,repairing_events,repairing_hrs,repairing_sqhrs,marauding_events,marauding_hrs,marauding_sqhrs,traveling_events,traveling_hrs,traveling_sqhrs
0,0.054,6,360.05791993138655,0.0,0.0,574.0,70.33969890691559,14.878585105167149,1381.0,233.11262976613654,49.564216743330185,315.0,55.04165063418734,12.113815211286202,12.0,1.2,0.12000000000000005,71.0,0.4642587631503154,0.0033650548696845008
1,0.0,8,360.2923642076364,0.0,100.0,571.0,63.66047772317583,12.139359917361341,1487.0,255.53202184935887,55.2987513057431,236.0,40.88650112354924,9.050219564449636,0.0,0.0,0.0,0.0,0.0,0.0
2,0.054,8,360.1136641057536,100.0,0.0,565.0,69.51866411759414,14.914082607590288,1565.0,264.13166580389026,57.0544621186075,134.0,24.49626937551633,5.542028716861788,15.0,1.5000000000000002,0.15000000000000008,92.0,0.5083851073242742,0.0028935185185185184
3,0.0,8,360.39333243295016,100.0,100.0,564.0,69.3079006965273,14.113479722486018,1325.0,223.4807437141176,47.84451224705882,406.0,67.24697021246679,14.107686164104395,0.0,0.0,0.0,0.0,0.0,0.0
4,0.0,15,360.16537644000164,200.0,0.0,578.0,72.0804427061354,15.215240112454671,1382.0,234.3553180572305,49.85453230918506,313.0,53.76280976502771,11.602670399272952,0.0,0.0,0.0,0.0,0.0,0.0
5,0.054,9,360.2708409307115,200.0,100.0,576.0,67.95745521943547,13.091412685073829,1557.0,261.8216227375243,55.976258769747936,170.0,27.850274664704223,6.007262351074323,18.0,1.8000000000000005,0.1800000000000001,89.0,0.6115618928175972,0.004715363511659813
