id,probability_maraud,successful_mating,next_foraging_time,x_pos,y_pos,foraging_events,foraging_hrs,foraging_sqhrs,staying_events,staying_hrs,staying_sqhrs,repairing_events,repairing_hrs,repairing_sqhrs,marauding_events,marauding_hrs,marauding_sqhrs,traveling_events,traveling_hrs,traveling_sqhrs
0,0.054,6,360.4790333555627,0.0,0.0,558.0,74.72601709371887,16.6635941583436,1429.0,234.9000561824295,49.35490003073148,288.0,48.87256785639968,10.544184575505538,10.0,0.9999999999999999,0.10000000000000003,78.0,0.5462817767833917,0.004243827160493828
1,0.0,12,360.2181010682622,0.0,100.0,565.0,72.4060756076938,14.804064381496863,1509.0,257.0016998333959,55.22017889232439,174.0,30.699774481130813,6.722491421271313,0.0,0.0,0.0,0.0,0.0,0.0
2,0.054,8,360.2606294464736,100.0,0.0,565.0,68.57963587568888,12.986247425048528,1689.0,282.3804245951445,59.80165288923227,39.0,6.149379306490641,1.247047290067131,23.0,2.3000000000000007,0.23000000000000015,111.0,0.5905951041431667,0.0032364540466392347
3,0.0,10,360.557271881612,100.0,100.0,566.0,69.43586109855364,14.619755862587972,1537.0,258.98698964401484,55.38266192162912,185.0,31.709848276958176,6.878094374666935,0.0,0.0,0.0,0.0,0.0,0.0
4,0.054,9,359.8484384493361,200.0,0.0,578.0,70.98527934104636,14.136197497519776,1380.0,232.52560426812116,49.86684703507088,345.0,55.14983247283803,10.863056243734796,8.0,0.7999999999999999,0.08000000000000002,84.0,0.5936405511717266,0.0046724965706447215
5,0.0,9,360.553622877949,200.0,100.0,575.0,71.66117837868599,14.767913037916221,1303.0,220.5451307130194,46.81864121703205,394.0,67.88866753796454,14.900207147661062,0.0,0.0,0.0,0.0,0.0,0.0
