id,probability_maraud,successful_mating,next_foraging_time,x_pos,y_pos,foraging_events,foraging_hrs,foraging_sqhrs,staying_events,staying_hrs,staying_sqhrs,repairing_events,repairing_hrs,repairing_sqhrs,marauding_events,marauding_hrs,marauding_sqhrs,traveling_events,traveling_hrs,traveling_sqhrs
0,0.0,13,359.98090481168225,0.0,0.0,560.0,71.94682849786979,15.14257981813357,1499.0,251.59106250725307,53.552142103116054,218.0,36.49638503013382,7.7321030900337995,0.0,0.0,0.0,0.0,0.0,0.0
1,0.054,17,359.94495339007574,0.0,100.0,573.0,68.15891965924527,12.686498945403768,1566.0,265.6168304688302,56.93739727279391,135.0,24.48869413274355,5.650417506670034,14.0,1.4000000000000001,0.14000000000000007,77.0,0.5206187963812389,0.003943758573388205
2,0.054,7,360.4813248167035,100.0,0.0,571.0,70.59485702721847,14.885682047730947,1272.0,213.65151741136543,45.64857979694013,446.0,74.36071816931879,16.043717550212353,11.0,1.0999999999999999,0.11000000000000004,60.0,0.3257191623117009,0.0018218449931412877
3,0.0,4,360.03455278591423,100.0,100.0,570.0,69.44356539307189,14.095103048396325,1520.0,254.15242856294148,53.45335122566526,205.0,36.49436682500531,7.9844631307736895,0.0,0.0,0.0,0.0,0.0,0.0
4,0.054,3,360.5361998956433,200.0,0.0,565.0,68.36633152241856,13.421943323515478,1524.0,258.76148043981124,55.01134664808466,182.0,30.559882740984207,6.551681605707229,18.0,1.8000000000000005,0.1800000000000001,87.0,0.6124272289153677,0.004822530864197534
5,0.0,10,360.18871766479066,200.0,100.0,567.0,73.6567938208657,15.765616547744287,1361.0,231.39852832678594,49.651213512244425,321.0,54.94550617233442,12.03341982286852,0.0,0.0,0.0,0.0,0.0,0.0
