id,probability_maraud,successful_mating,next_foraging_time,x_pos,y_pos,foraging_events,foraging_hrs,foraging_sqhrs,staying_events,staying_hrs,staying_sqhrs,repairing_events,repairing_hrs,repairing_sqhrs,marauding_events,marauding_hrs,marauding_sqhrs,traveling_events,traveling_hrs,traveling_sqhrs
0,0.0,8,360.262380021011,0.0,0.0,573.0,70.44220574323545,14.577330314677921,1321.0,222.8852495130175,47.466331018491985,407.0,66.77950248134879,13.818924711269801,0.0,0.0,0.0,0.0,0.0,0.0
1,0.054,8,360.0198771025751,0.0,100.0,565.0,72.77152771636625,15.78356451151914,1391.0,236.11212598918829,51.178439348862014,289.0,49.045069335568584,10.605367029530008,16.0,1.6000000000000003,0.1600000000000001,100.0,0.6999248906589406,0.005444101508916332
2,0.0,11,360.07614219449806,100.0,0.0,570.0,70.25036010430996,14.853272856803589,1481.0,252.86478607881375,54.17325399567113,214.0,37.13052803955722,7.971071297315198,0.0,0.0,0.0,0.0,0.0,0.0
3,0.0,5,360.6133899472183,100.0,100.0,560.0,70.91822551806851,14.783744996637447,1516.0,258.3888585137141,56.16255577351811,184.0,30.779311895155633,6.656997450448065,0.0,0.0,0.0,0.0,0.0,0.0
4,0.054,13,359.9172402740448,200.0,0.0,544.0,74.56050686733943,17.196059412915673,1531.0,259.25444093327366,55.58306835376208,140.0,24.657097198633906,5.362700965327366,11.0,1.0999999999999999,0.11000000000000004,74.0,0.49177854051142267,0.0036436899862825806
5,0.054,9,360.28868607824666,200.0,100.0,576.0,72.57298033646033,15.183378278857054,1582.0,267.21658980097453,57.0483281080712,103.0,18.526263934324987,4.310350158907385,12.0,1.2,0.12000000000000005,87.0,0.6353478058580468,0.005144032921810705
