id,probability_maraud,successful_mating,next_foraging_time,x_pos,y_pos,foraging_events,foraging_hrs,foraging_sqhrs,staying_events,staying_hrs,staying_sqhrs,repairing_events,repairing_hrs,repairing_sqhrs,marauding_events,marauding_hrs,marauding_sqhrs,traveling_events,traveling_hrs,traveling_sqhrs
0,0.0,8,360.06700879452865,0.0,0.0,568.0,73.58828461927193,16.859510388471534,1450.0,243.8484887892524,51.81496398744593,263.0,42.68633455660083,8.697226106402223,0.0,0.0,0.0,0.0,0.0,0.0
1,0.054,8,360.055882797601,0.0,100.0,567.0,70.74073653125966,14.172854644650537,1545.0,256.9374507203351,53.42089458498023,175.0,30.462728246836328,6.68468625041932,14.0,1.4000000000000001,0.14000000000000007,90.0,0.6127866757740947,0.00465106310013718
2,0.054,16,359.92769263727547,100.0,0.0,563.0,69.01304086347594,13.96317811791194,1430.0,247.33427919370723,53.46043612260483,249.0,42.47555763763337,8.809743885353072,8.0,0.7999999999999999,0.08000000000000002,83.0,0.45137719760675205,0.002529149519890261
3,0.0,7,359.8934933188498,100.0,100.0,556.0,68.57446895216214,13.787575686277759,1463.0,242.61938668683354,51.23363956934019,291.0,48.86128297599274,10.399067890686904,0.0,0.0,0.0,0.0,0.0,0.0
4,0.0,6,360.09316005735246,200.0,0.0,570.0,70.88041168183923,14.061022054887983,1416.0,240.07095611801,51.89987994901216,300.0,49.358588684906316,10.562798508576359,0.0,0.0,0.0,0.0,0.0,0.0
5,0.054,9,360.1368705495675,200.0,100.0,558.0,69.5044533054865,15.190457004155268,1464.0,251.30770593714539,54.36103830899293,214.0,36.798229895754176,8.0294299222535,19.0,1.9000000000000006,0.1900000000000001,72.0,0.5189997294362058,0.004136659807956106
