id,probability_maraud,successful_mating,next_foraging_time,x_pos,y_pos,foraging_events,foraging_hrs,foraging_sqhrs,staying_events,staying_hrs,staying_sqhrs,repairing_events,repairing_hrs,repairing_sqhrs,marauding_events,marauding_hrs,marauding_sqhrs,traveling_events,traveling_hrs,traveling_sqhrs
0,0.054,9,360.0413267993202,0.0,0.0,573.0,68.43256442842811,13.561443897605214,1722.0,289.09819707389147,61.89933996127125,0.0,0.0,0.0,19.0,1.9000000000000006,0.1900000000000001,89.0,0.5882064438667292,0.0043295610425240095
1,0.0,14,360.00011822346204,0.0,100.0,571.0,70.77408730539335,15.19143267064311,1349.0,221.95481368080252,46.815565155599906,406.0,67.31709393654948,14.194282972272296,0.0,0.0,0.0,0.0,0.0,0.0
2,0.0,10,360.5222365348493,100.0,0.0,564.0,72.64087562465026,15.846891181531479,1262.0,220.49863356349235,48.140894219128676,400.0,66.98559315542998,14.306311530512136,0.0,0.0,0.0,0.0,0.0,0.0
3,0.054,7,360.4474098167063,100.0,100.0,566.0,72.02581409067362,15.28826938090695,1415.0,243.58099189217964,53.62553199882482,247.0,42.9945190359071,9.244980891581857,10.0,0.9999999999999999,0.10000000000000003,74.0,0.40012225403330054,0.002229080932784635
4,0.054,8,360.26051347593364,200.0,0.0,568.0,68.01552425380598,13.639354627543662,1401.0,234.9154833733058,49.405430775610554,338.0,55.126158575581485,11.416330466215536,15.0,1.5000000000000002,0.15000000000000008,78.0,0.5560469252816951,0.004436728395061732
5,0.0,6,360.2498332368176,200.0,100.0,559.0,69.80649284372069,14.926090398201197,1468.0,253.97812617319457,55.80189315480708,210.0,36.49327161096847,7.72590091684522,0.0,0.0,0.0,0.0,0.0,0.0
