id,probability_maraud,successful_mating,next_foraging_time,x_pos,y_pos,foraging_events,foraging_hrs,foraging_sqhrs,staying_events,staying_hrs,staying_sqhrs,repairing_events,repairing_hrs,repairing_sqhrs,marauding_events,marauding_hrs,marauding_sqhrs,traveling_events,traveling_hrs,traveling_sqhrs
0,0.0,7,360.67225392726135,0.0,0.0,566.0,71.05413249903172,14.938930060669989,1495.0,252.24651325560515,54.1349397286054,212.0,36.79639751323442,8.074802437311897,0.0,0.0,0.0,0.0,0.0,0.0
1,0.0,10,360.26529860866606,0.0,100.0,565.0,70.57575690697409,14.83393271869089,1473.0,247.14096112552548,52.461182435253974,249.0,42.40769276270206,9.254412736321958,0.0,0.0,0.0,0.0,0.0,0.0
2,0.054,13,360.18901499890336,100.0,0.0,563.0,71.83445385847021,14.812232587622342,1449.0,243.9928788511608,52.244701435322824,250.0,42.94495369253364,9.275033717325522,8.0,0.7999999999999999,0.08000000000000002,88.0,0.46877237961082957,0.0025720164609053502
3,0.0,8,359.87636802258106,100.0,100.0,564.0,71.6692673833793,14.9927028748164,1231.0,203.659281570978,43.15570923791132,499.0,84.73155851366857,17.927469474467266,0.0,0.0,0.0,0.0,0.0,0.0
4,0.054,8,360.39460558732,200.0,0.0,565.0,68.17488405439641,13.353868617744782,1487.0,247.17181709765546,52.28071508874972,236.0,42.71116566171646,9.436338657349818,16.0,1.6000000000000003,0.1600000000000001,78.0,0.4972633474303709,0.0035150891632373133
5,0.054,8,360.0708416955285,200.0,100.0,573.0,72.10422202723258,15.256264787473977,1529.0,254.8229863025498,53.62153999939858,182.0,30.370764795319097,6.4981936099531,22.0,2.2000000000000006,0.22000000000000014,95.0,0.6371640147973476,0.0048439643347050814
