id,probability_maraud,successful_mating,next_foraging_time,x_pos,y_pos,foraging_events,foraging_hrs,foraging_sqhrs,staying_events,staying_hrs,staying_sqhrs,repairing_events,repairing_hrs,repairing_sqhrs,marauding_events,marauding_hrs,marauding_sqhrs,traveling_events,traveling_hrs,traveling_sqhrs
0,0.0,5,359.88999218857464,0.0,0.0,566.0,70.90065348080286,14.220456727975357,1474.0,252.6597784153619,54.89686800175153,232.0,36.502566662189956,7.39868838316667,0.0,0.0,0.0,0.0,0.0,0.0
1,0.0,12,359.91561025361557,0.0,100.0,571.0,67.53034720667752,13.111223518030899,1426.0,237.36406448118643,49.91954511901543,319.0,55.127540322131914,12.092826183194829,0.0,0.0,0.0,0.0,0.0,0.0
2,0.054,10,360.3838394326348,100.0,0.0,576.0,70.35589218462749,14.228690771534358,1416.0,251.27392324350788,55.47887388833338,222.0,36.35838533893502,7.603523484563558,18.0,1.8000000000000005,0.1800000000000001,78.0,0.422476083314533,0.002357681755829903
3,0.0,11,359.87492530813637,100.0,100.0,556.0,70.73373556971679,14.677570626106025,1450.0,246.70681734517095,53.222740723869855,251.0,42.680439354703694,9.218151133373924,0.0,0.0,0.0,0.0,0.0,0.0
4,0.054,7,359.9605855131515,200.0,0.0,581.0,74.4268959242507,15.58201835852973,1225.0,204.79131229616783,43.438669351318666,481.0,79.35177795519752,17.066371723374303,10.0,0.9999999999999999,0.10000000000000003,66.0,0.46367174508611936,0.0036222565157750354
5,0.054,9,360.093796106346,200.0,100.0,563.0,70.27576484403666,14.736764668603955,1386.0,238.20545256826279,52.02008245272253,285.0,48.805236289075424,10.586263098800204,21.0,2.1000000000000005,0.21000000000000013,98.0,0.6524342406173482,0.004886831275720169
