id,probability_maraud,successful_mating,next_foraging_time,x_pos,y_pos,foraging_events,foraging_hrs,foraging_sqhrs,staying_events,staying_hrs,staying_sqhrs,repairing_events,repairing_hrs,repairing_sqhrs,marauding_events,marauding_hrs,marauding_sqhrs,traveling_events,traveling_hrs,traveling_sqhrs
0,0.054,7,360.15742789181354,0.0,0.0,583.0,73.52988983449275,15.714445273816237,1496.0,254.30059098146305,54.97396989503917,170.0,30.347943501945664,6.632445714558141,14.0,1.4000000000000001,0.14000000000000007,88.0,0.6462565612735405,0.005229766803840882
1,0.0,9,360.0711834683017,0.0,100.0,569.0,71.58976279045432,14.594162456103666,1426.0,245.71505186004595,53.36604871956224,244.0,42.73099648839006,9.531118048538959,0.0,0.0,0.0,0.0,0.0,0.0
2,0.0,10,360.4799475907437,100.0,0.0,567.0,70.48698142074485,14.137279107900453,1349.0,228.45249119736891,49.80734420089599,355.0,61.18014453880332,13.594124715458468,0.0,0.0,0.0,0.0,0.0,0.0
3,0.0,10,359.8799194497794,100.0,100.0,557.0,69.51481394290734,14.413098219967829,1417.0,236.06843486376602,50.39026265081281,337.0,54.50786077205822,11.295543734762452,0.0,0.0,0.0,0.0,0.0,0.0
4,0.054,9,359.792999629719,200.0,0.0,556.0,72.27348751614203,14.87466028477387,1523.0,257.55941770002863,55.64710608139123,160.0,28.209198937811436,6.154266015171808,15.0,1.5000000000000002,0.15000000000000008,82.0,0.5920823426490966,0.004693930041152267
5,0.054,9,360.0508666913829,200.0,100.0,571.0,73.62367057187232,15.20182369643483,1473.0,248.0439947292339,53.06792461989683,207.0,36.634880609975504,7.905741633054892,13.0,1.3,0.13000000000000006,76.0,0.49585158128805773,0.003643689986282582
