id,probability_maraud,successful_mating,next_foraging_time,x_pos,y_pos,foraging_events,foraging_hrs,foraging_sqhrs,staying_events,staying_hrs,staying_sqhrs,repairing_events,repairing_hrs,repairing_sqhrs,marauding_events,marauding_hrs,marauding_sqhrs,traveling_events,traveling_hrs,traveling_sqhrs
0,0.054,6,360.16445679149723,0.0,0.0,577.0,69.8957995939621,13.860106113364221,1549.0,264.0243436339659,56.646056437043356,138.0,24.381441451394515,5.192003771295691,12.0,1.2,0.12000000000000005,76.0,0.5258151736723151,0.004072359396433473
1,0.054,13,360.0040370054789,0.0,100.0,560.0,72.36220956411574,15.672834545111176,1443.0,239.69508368609638,50.687801430748316,265.0,46.74718328435267,10.284138857569532,10.0,0.9999999999999999,0.10000000000000003,82.0,0.5250106959969474,0.003750857338820304
2,0.0,5,360.1288865320862,100.0,0.0,565.0,66.71784004855064,12.710508866526407,1578.0,262.9681122782246,55.63588593860191,188.0,30.446761695505266,6.281258969062057,0.0,0.0,0.0,0.0,0.0,0.0
3,0.054,10,360.70180566514307,100.0,100.0,559.0,68.93524487705172,14.475208047033023,1480.0,252.99738238371978,54.586529818438464,223.0,36.93460680609219,7.79808301582673,10.0,0.9999999999999999,0.10000000000000003,77.0,0.4082581767781188,0.0022290809327846356
4,0.0,8,359.91531583061635,200.0,0.0,563.0,69.48827375104749,14.05815799785565,1642.0,272.26413385685396,56.885797093944504,104.0,18.469927869425888,4.02084812382988,0.0,0.0,0.0,0.0,0.0,0.0
5,0.0,12,360.6022017533363,200.0,100.0,565.0,69.22196336751611,14.76414644025767,1511.0,254.12363155697028,54.11287826062279,214.0,36.66057682721117,7.966487494116144,0.0,0.0,0.0,0.0,0.0,0.0
