id,probability_maraud,successful_mating,next_foraging_time,x_pos,y_pos,foraging_events,foraging_hrs,foraging_sqhrs,staying_events,staying_hrs,staying_sqhrs,repairing_events,repairing_hrs,repairing_sqhrs,marauding_events,marauding_hrs,marauding_sqhrs,traveling_events,traveling_hrs,traveling_sqhrs
0,0.054,13,359.91722859516346,0.0,0.0,571.0,71.34887026103999,14.805591077011055,1580.0,261.9676125448066,55.72933734684041,149.0,24.33222377318577,5.024450945786211,19.0,1.9000000000000006,0.1900000000000001,74.0,0.541333288314689,0.004415294924554186
1,0.0,7,360.225711195122,0.0,100.0,575.0,69.95326641880173,14.122523437617804,1430.0,241.37957315185415,51.45682002798779,289.0,48.81288718930407,10.430517937515493,0.0,0.0,0.0,0.0,0.0,0.0
2,0.0,8,359.8821389124532,100.0,0.0,560.0,70.8409894852572,15.118480284133783,1430.0,246.27541453045583,52.82385431099974,260.0,42.944857001034535,9.090938850942651,0.0,0.0,0.0,0.0,0.0,0.0
3,0.054,6,360.1797785843084,100.0,100.0,568.0,68.69114252167351,13.648376866557092,1492.0,253.00094745628314,53.831885247316826,214.0,36.60773045380793,7.995966844393363,14.0,1.4000000000000001,0.14000000000000007,95.0,0.5050150977809508,0.0027649176954732523
4,0.0,10,360.002578851319,200.0,0.0,564.0,71.30231530014242,14.92882488936264,1421.0,239.85716718177093,51.28901779005962,297.0,48.89856855864229,10.463064088610333,0.0,0.0,0.0,0.0,0.0,0.0
5,0.054,10,360.1768953320656,200.0,100.0,565.0,69.64604482564148,14.354202761938357,1290.0,216.04696812692703,45.71244918183318,425.0,72.6286042851092,15.829443579449103,12.0,1.2,0.12000000000000005,70.0,0.48470509585864274,0.0037294238683127584
