id,probability_maraud,successful_mating,next_foraging_time,x_pos,y_pos,foraging_events,foraging_hrs,foraging_sqhrs,staying_events,staying_hrs,staying_sqhrs,repairing_events,repairing_hrs,repairing_sqhrs,marauding_events,marauding_hrs,marauding_sqhrs,traveling_events,traveling_hrs,traveling_sqhrs
0,0.0,9,360.4941891591704,0.0,0.0,566.0,70.12929290025596,14.072810292330177,1517.0,252.99765098224708,53.51580368438827,218.0,36.88426164158251,7.867133153463484,0.0,0.0,0.0,0.0,0.0,0.0
1,0.0,9,360.21961530742686,0.0,100.0,562.0,67.94254381631677,13.239437608010187,1440.0,243.0671410284463,51.94856103673888,289.0,49.04929039725044,10.725283557414688,0.0,0.0,0.0,0.0,0.0,0.0
2,0.054,8,360.47986469628745,100.0,0.0,559.0,66.93567612635837,12.630329952392305,1531.0,260.30703187732104,56.29827477993898,183.0,30.617497125137618,6.4234077672582695,17.0,1.7000000000000004,0.1700000000000001,86.0,0.4691013972583548,0.0026363168724279837
3,0.054,11,360.19058240721665,100.0,100.0,569.0,70.96490774169028,14.865114139424302,1597.0,268.16308363206025,57.03921599676612,116.0,19.74892768051529,4.166448173576968,7.0,0.7,0.07,87.0,0.48140164841341204,0.0027434842249657067
4,0.0,7,360.2085337808111,200.0,0.0,569.0,70.82775432998416,15.60957725659518,1320.0,216.3086518276939,45.220966006437024,422.0,72.97624246255654,15.748764478033557,0.0,0.0,0.0,0.0,0.0,0.0
5,0.054,10,360.509732601761,200.0,100.0,578.0,70.6542331842156,14.458671044870142,1596.0,269.0307813840124,57.38655054006593,112.0,18.533637811906065,3.954285216782829,14.0,1.4000000000000001,0.14000000000000007,90.0,0.6230069666833362,0.00484396433470508
