id,probability_maraud,successful_mating,next_foraging_time,x_pos,y_pos,foraging_events,foraging_hrs,foraging_sqhrs,staying_events,staying_hrs,staying_sqhrs,repairing_events,repairing_hrs,repairing_sqhrs,marauding_events,marauding_hrs,marauding_sqhrs,traveling_events,traveling_hrs,traveling_sqhrs
0,0.054,7,359.77029199168646,0.0,0.0,566.0,69.78094544789798,14.381840414000317,1490.0,255.39504179929753,55.011622465762514,194.0,32.6474819343119,6.821159301047466,15.0,1.5000000000000002,0.15000000000000008,104.0,0.6983362529251089,0.005229766803840886
1,0.054,10,360.1272039574807,0.0,100.0,570.0,70.53934781625918,14.760527003771418,1603.0,269.02738035579017,56.89894610684583,106.0,18.336393922992308,3.94206244443554,16.0,1.6000000000000003,0.1600000000000001,109.0,0.747809824689069,0.005744170096021957
2,0.0,7,360.13723462239994,100.0,0.0,558.0,70.71909505512672,15.49479513834559,1303.0,222.21064862215425,47.43870679958666,410.0,67.16599478144296,14.303125047661984,0.0,0.0,0.0,0.0,0.0,0.0
3,0.054,10,360.59126735283127,100.0,100.0,562.0,70.15205541192792,15.013470701457868,1500.0,257.80008541649505,55.77198988189967,180.0,30.433611450850282,6.644833990857598,13.0,1.3,0.13000000000000006,67.0,0.36579719124453614,0.002057613168724278
4,0.0,11,359.88832438190855,200.0,0.0,563.0,72.94544844892995,15.977378488860232,1419.0,238.410183655722,50.995890724724646,308.0,48.67095649679428,9.909750229823892,0.0,0.0,0.0,0.0,0.0,0.0
5,0.0,9,360.3993853270396,200.0,100.0,555.0,72.54069030478263,15.383403140228026,1282.0,224.86321288477038,49.32459945855618,374.0,62.82001498279763,13.468401612190892,0.0,0.0,0.0,0.0,0.0,0.0
