id,probability_maraud,successful_mating,next_foraging_time,x_pos,y_pos,foraging_events,foraging_hrs,foraging_sqhrs,staying_events,staying_hrs,staying_sqhrs,repairing_events,repairing_hrs,repairing_sqhrs,marauding_events,marauding_hrs,marauding_sqhrs,traveling_events,traveling_hrs,traveling_sqhrs
0,0.0,5,360.8643352080167,0.0,0.0,568.0,67.45714805628779,13.565308873356976,1535.0,256.0264818421737,54.07422085645821,221.0,36.522371526161386,7.7265369726380495,0.0,0.0,0.0,0.0,0.0,0.0
1,0.054,8,360.26992986813167,0.0,100.0,572.0,71.36405224699517,14.988607947580777,1396.0,237.50826157322282,50.81518832439263,283.0,49.097016441301754,10.504683868509321,15.0,1.5000000000000002,0.15000000000000008,80.0,0.5588400283551197,0.004286694101508917
2,0.0,9,360.3146646387186,100.0,0.0,571.0,72.21174117964334,14.29602853341009,1430.0,238.69049907241865,51.08758602421315,294.0,49.14550042704546,10.531510496137372,0.0,0.0,0.0,0.0,0.0,0.0
3,0.054,11,360.1359629975789,100.0,100.0,563.0,70.70940334731552,14.090146510617663,1433.0,244.7920233833431,53.53488920885907,249.0,42.8430048477989,9.234746135212067,12.0,1.2,0.12000000000000005,86.0,0.45567780958885634,0.002486282578875172
4,0.0,6,360.1734658640634,200.0,0.0,568.0,72.06042346515147,14.51946378422098,1440.0,238.95554323703686,50.44736490466231,273.0,48.99572914821592,11.222013659979318,0.0,0.0,0.0,0.0,0.0,0.0
5,0.054,15,359.8430101034217,200.0,100.0,565.0,74.52824376046561,16.394012344915282,1457.0,242.97742599257847,51.66550962212809,238.0,40.33121360246151,8.435311255511687,17.0,1.7000000000000004,0.1700000000000001,81.0,0.5832275261868249,0.004693930041152267
