id,probability_maraud,successful_mating,next_foraging_time,x_pos,y_pos,foraging_events,foraging_hrs,foraging_sqhrs,staying_events,staying_hrs,staying_sqhrs,repairing_events,repairing_hrs,repairing_sqhrs,marauding_events,marauding_hrs,marauding_sqhrs,traveling_events,traveling_hrs,traveling_sqhrs
0,0.054,11,360.44373199350133,0.0,0.0,578.0,71.44070401105974,14.684009651674046,1555.0,262.0818612663068,56.589733944635995,149.0,24.37007363000646,5.031955283342128,15.0,1.5000000000000002,0.15000000000000008,94.0,0.6326256728013222,0.004758230452674902
1,0.0,8,360.8060640029679,0.0,100.0,563.0,71.08792945007303,15.3308911316106,1405.0,239.7503972566605,51.52612878904248,302.0,49.29355551920498,10.162541185507802,0.0,0.0,0.0,0.0,0.0,0.0
2,0.0,13,360.4339322072529,100.0,0.0,564.0,68.85261384425615,13.295609291148311,1688.0,291.1580580730816,63.077411557605274,0.0,0.0,0.0,0.0,0.0,0.0,0.0,0.0,0.0
3,0.054,9,360.24054959433437,100.0,100.0,575.0,68.1856992734331,13.192759983070262,1550.0,260.23477330173773,55.59102919261891,177.0,30.466419276839826,6.609233412907195,8.0,0.7999999999999999,0.08000000000000002,81.0,0.4440355937288495,0.002507716049382715
4,0.054,5,359.98263054142666,200.0,0.0,554.0,70.79183485158967,14.456837959460712,1491.0,251.4163613002373,53.94699951117447,222.0,36.69888440988366,7.6849671943815805,7.0,0.7,0.07,77.0,0.527824116687276,0.003986625514403293
5,0.0,8,360.0924814138329,200.0,100.0,569.0,70.41681096878075,14.752296699474229,1452.0,246.92794450090813,52.83912653798555,256.0,42.827541130090864,8.976485115884483,0.0,0.0,0.0,0.0,0.0,0.0
