id,probability_maraud,successful_mating,next_foraging_time,x_pos,y_pos,foraging_events,foraging_hrs,foraging_sqhrs,staying_events,staying_hrs,staying_sqhrs,repairing_events,repairing_hrs,repairing_sqhrs,marauding_events,marauding_hrs,marauding_sqhrs,traveling_events,traveling_hrs,traveling_sqhrs
0,0.054,8,360.12238930990617,0.0,0.0,559.0,68.3463811241655,13.103543085096595,1699.0,285.64107194223357,61.05912008538818,0.0,0.0,0.0,17.0,1.7000000000000004,0.1700000000000001,94.0,4.409381513292562,0.20790466392318208
1,0.0,9,360.3846575568448,0.0,1000.0,557.0,72.11453202789771,14.991020174786412,1518.0,251.1780338620769,52.78451966607892,212.0,36.710434821385576,7.735067698449331,0.0,0.0,0.0,0.0,0.0,0.0
2,0.0,10,359.893005418267,1000.0,0.0,561.0,73.0324094303287,16.10118846477883,1324.0,226.15614178734066,48.64792231331925,366.0,60.89033008591275,13.188029475806179,0.0,0.0,0.0,0.0,0.0,0.0
3,0.0,6,359.7546042672916,1000.0,1000.0,572.0,68.11657076001552,12.986880400697062,1589.0,267.3698542279511,57.068835428171695,141.0,24.51564923563671,5.349596741645636,0.0,0.0,0.0,0.0,0.0,0.0
4,0.0,9,360.1035826160202,2000.0,0.0,563.0,71.39721787785021,15.031247364029364,1480.0,249.20753827413887,53.17817913578646,237.0,39.473260110754175,8.446950318814054,0.0,0.0,0.0,0.0,0.0,0.0
5,0.054,15,360.2406778012763,2000.0,1000.0,556.0,70.7783237293436,15.47798982605976,1683.0,283.9123722579471,61.441765789331924,0.0,0.0,0.0,12.0,1.2,0.12000000000000005,92.0,4.2976123668863995,0.20147462277091874
6,0.0,8,360.2927031457798,3000.0,0.0,573.0,64.25762844406704,12.401446386991253,1733.0,295.8385134372691,64.46702056181836,0.0,0.0,0.0,0.0,0.0,0.0,0.0,0.0,0.0
7,0.0,7,360.2892125670385,3000.0,1000.0,580.0,72.70441947980223,15.164371794964058,1599.0,274.9974301356255,59.16723187437579,73.0,12.505860647448516,2.718587091211211,0.0,0.0,0.0,0.0,0.0,0.0
