id,probability_maraud,successful_mating,next_foraging_time,x_pos,y_pos,foraging_events,foraging_hrs,foraging_sqhrs,staying_events,staying_hrs,staying_sqhrs,repairing_events,repairing_hrs,repairing_sqhrs,marauding_events,marauding_hrs,marauding_sqhrs,traveling_events,traveling_hrs,traveling_sqhrs
0,0.0,7,360.22545301562553,0.0,0.0,560.0,73.02105060086275,15.818271457572461,1665.0,286.97984484943856,62.94486102294105,0.0,0.0,0.0,0.0,0.0,0.0,0.0,0.0,0.0
1,0.0,7,360.36873862740435,0.0,1000.0,572.0,70.79102949926458,14.091639653673761,1522.0,254.9454003123299,53.62090113761569,200.0,34.42691363203378,7.380115871672894,0.0,0.0,0.0,0.0,0.0,0.0
2,0.0,8,359.8644388034345,1000.0,0.0,571.0,71.21768917072211,14.846280141071695,1547.0,264.23002436123085,56.99370387181661,148.0,24.61830921342921,5.135714222030624,0.0,0.0,0.0,0.0,0.0,0.0
3,0.054,12,360.10112414951385,1000.0,1000.0,576.0,69.5130740771137,14.500044565184117,1663.0,284.4809661055905,61.55563541988881,0.0,0.0,0.0,17.0,1.7000000000000004,0.1700000000000001,98.0,4.594566698477749,0.2164780521261999
4,0.0,10,360.2618853562625,2000.0,0.0,571.0,73.58404496615556,16.026673582366257,1557.0,262.1809487047926,56.17526740722365,145.0,24.271993833933628,5.209132536861752,0.0,0.0,0.0,0.0,0.0,0.0
5,0.0,10,360.3533288139733,2000.0,1000.0,563.0,72.44684109983328,14.722518754012109,1295.0,214.2651237776747,45.10777753687532,438.0,73.31273864400863,15.514949897147758,0.0,0.0,0.0,0.0,0.0,0.0
6,0.0,7,360.32612781372893,3000.0,0.0,574.0,73.60653415373896,15.62268441159623,1457.0,242.0168464426016,51.22942362341292,267.0,44.5159237362155,9.581427187338168,0.0,0.0,0.0,0.0,0.0,0.0
7,0.054,11,360.23935880193045,3000.0,1000.0,583.0,71.63638376900516,14.634469593735346,1662.0,282.0683429508811,61.2480805309256,0.0,0.0,0.0,17.0,1.7000000000000004,0.1700000000000001,99.0,4.698392656214754,0.22505144032921767
