id,probability_maraud,successful_mating,next_foraging_time,x_pos,y_pos,foraging_events,foraging_hrs,foraging_sqhrs,staying_events,staying_hrs,staying_sqhrs,repairing_events,repairing_hrs,repairing_sqhrs,marauding_events,marauding_hrs,marauding_sqhrs,traveling_events,traveling_hrs,traveling_sqhrs
0,0.054,11,359.93000420757414,0.0,0.0,565.0,71.707936172718,15.32565153832032,1684.0,282.30982325220947,60.141069256558204,0.0,0.0,0.0,17.0,1.7000000000000004,0.1700000000000001,97.0,4.509917294554314,0.2100480109739365
1,0.0,7,360.25769579568737,0.0,1000.0,565.0,68.9436127345022,13.877584641545859,1412.0,242.24128265886273,52.30835024193579,293.0,48.9161042665686,10.138583906504019,0.0,0.0,0.0,0.0,0.0,0.0
2,0.0,3,360.5416080015744,1000.0,0.0,549.0,70.05454393943293,14.094217046427381,1370.0,235.01512132887657,50.4229924014887,316.0,54.99986012312178,11.739945153101791,0.0,0.0,0.0,0.0,0.0,0.0
3,0.0,10,359.92755087350014,1000.0,1000.0,555.0,69.41580358386672,14.284760693224598,1719.0,290.6059166792008,63.057740005763655,0.0,0.0,0.0,0.0,0.0,0.0,0.0,0.0,0.0
4,0.0,12,359.93097760080377,2000.0,0.0,548.0,72.97024243034235,16.596026091786676,1657.0,280.93236389389824,60.016866445583545,41.0,6.235917835561983,1.2562093369872211,0.0,0.0,0.0,0.0,0.0,0.0
5,0.0,10,360.32196863178376,2000.0,1000.0,553.0,69.99719474322501,14.031343194069386,1487.0,244.205327257439,51.378964568626024,268.0,46.076633215833745,10.12624981283544,0.0,0.0,0.0,0.0,0.0,0.0
6,0.0,8,359.9537943505963,3000.0,0.0,570.0,68.46665643783469,13.44200240783278,1615.0,267.2705776671008,57.01509681273317,139.0,24.328852009052333,5.125049893800602,0.0,0.0,0.0,0.0,0.0,0.0
7,0.054,11,360.21071430602655,3000.0,1000.0,548.0,74.50647289944908,16.232207019930897,1634.0,280.0955501425644,60.21761089497526,0.0,0.0,0.0,13.0,1.3,0.13000000000000006,91.0,4.289669178217241,0.20361796982167318
