id,probability_maraud,successful_mating,next_foraging_time,x_pos,y_pos,foraging_events,foraging_hrs,foraging_sqhrs,staying_events,staying_hrs,staying_sqhrs,repairing_events,repairing_hrs,repairing_sqhrs,marauding_events,marauding_hrs,marauding_sqhrs,traveling_events,traveling_hrs,traveling_sqhrs
0,0.0,9,360.25833620284044,0.0,0.0,552.0,69.94888935365171,15.396896177164253,1706.0,290.17205684248233,61.92870539234783,0.0,0.0,0.0,0.0,0.0,0.0,0.0,0.0,0.0
1,0.0,6,359.92076075541894,0.0,1000.0,566.0,68.55918979056416,13.733057931436413,1684.0,291.5054033003882,63.71669046982922,0.0,0.0,0.0,0.0,0.0,0.0,0.0,0.0,0.0
2,0.0,14,360.29767456452583,1000.0,0.0,567.0,72.57112780798306,14.636102225277147,1670.0,281.44632470685116,60.47347807125561,33.0,6.09853909656776,1.4456515596031512,0.0,0.0,0.0,0.0,0.0,0.0
3,0.0,12,360.31058998729304,1000.0,1000.0,548.0,70.9680343271823,15.391328804148023,1442.0,246.5130220411479,53.016255546588944,264.0,42.606652142359884,8.827067425661035,0.0,0.0,0.0,0.0,0.0,0.0
4,0.054,12,360.11861131852856,2000.0,0.0,568.0,72.5290816128886,15.971800760175565,1447.0,245.49884860947483,52.53596314740973,218.0,36.65785979009501,7.817143042675547,15.0,1.5000000000000002,0.15000000000000008,87.0,4.066130885404916,0.1907578875171465
5,0.054,9,360.10503103434905,2000.0,1000.0,571.0,70.11697428822154,14.179768061437523,1461.0,247.08028593695667,52.74198447058277,219.0,36.53018760092061,7.449305324673845,19.0,1.9000000000000006,0.1900000000000001,95.0,4.455677809588859,0.21004801097393655
6,0.0,3,360.2166356982211,3000.0,0.0,565.0,68.3420663067999,13.512047487219172,1430.0,243.02816590810042,52.31844577172162,293.0,48.862759320747855,10.120951588974542,0.0,0.0,0.0,0.0,0.0,0.0
7,0.0,7,360.31327685559455,3000.0,1000.0,562.0,69.0529852595126,13.615492424664042,1469.0,254.38854269545095,55.53562280465322,230.0,36.787382816066945,7.535744579567995,0.0,0.0,0.0,0.0,0.0,0.0
