id,probability_maraud,successful_mating,next_foraging_time,x_pos,y_pos,foraging_events,foraging_hrs,foraging_sqhrs,staying_events,staying_hrs,staying_sqhrs,repairing_events,repairing_hrs,repairing_sqhrs,marauding_events,marauding_hrs,marauding_sqhrs,traveling_events,traveling_hrs,traveling_sqhrs
0,0.0,5,359.9263891549184,0.0,0.0,565.0,73.14378310059983,15.798258250838177,1327.0,226.03162554876425,48.65248103592633,352.0,60.867392109683216,13.292104784268448,0.0,0.0,0.0,0.0,0.0,0.0
1,0.054,11,359.80420775846613,0.0,1000.0,558.0,71.38108499004198,15.069955815183324,1685.0,283.7353406846687,60.57253454959581,0.0,0.0,0.0,14.0,1.4000000000000001,0.14000000000000007,76.0,3.537695072332087,0.16503772290809315
2,0.0,16,360.19734551372386,1000.0,0.0,558.0,70.30101646805399,14.223413515442974,1701.0,289.77453751517373,62.60703884107915,0.0,0.0,0.0,0.0,0.0,0.0,0.0,0.0,0.0
3,0.0,6,359.9515210627726,1000.0,1000.0,569.0,72.07219906918331,15.311162103724772,1572.0,263.65762088144544,55.52231075716206,150.0,24.41775627552144,4.901905799755394,0.0,0.0,0.0,0.0,0.0,0.0
4,0.0,8,360.1514936912981,2000.0,0.0,556.0,66.88038440194823,13.836252621319604,1576.0,268.95607292852134,58.122437959897034,145.0,24.368653148355087,5.139717090059679,0.0,0.0,0.0,0.0,0.0,0.0
5,0.0,13,360.21034646902086,2000.0,1000.0,550.0,68.46645799151315,14.114994147976466,1707.0,291.60805275590394,62.3679529153641,0.0,0.0,0.0,0.0,0.0,0.0,0.0,0.0,0.0
6,0.054,8,360.47230689394416,3000.0,0.0,565.0,70.18045754499236,14.071257734594429,1701.0,283.882761313819,59.74161056354618,0.0,0.0,0.0,12.0,1.2,0.12000000000000005,103.0,4.8260481799592325,0.22719478737997212
7,0.0,5,360.3957891806939,3000.0,1000.0,578.0,72.25179496571039,14.631092761760486,1447.0,241.17663732653472,51.25864310046101,278.0,46.63677255058738,9.910140847617646,0.0,0.0,0.0,0.0,0.0,0.0
