id,probability_maraud,successful_mating,next_foraging_time,x_pos,y_pos,foraging_events,foraging_hrs,foraging_sqhrs,staying_events,staying_hrs,staying_sqhrs,repairing_events,repairing_hrs,repairing_sqhrs,marauding_events,marauding_hrs,marauding_sqhrs,traveling_events,traveling_hrs,traveling_sqhrs
0,0.0,6,360.4275065702223,0.0,0.0,557.0,70.27315682789522,14.399632408155867,1400.0,240.6582394378617,52.24815979487981,286.0,49.149778713508184,10.834582640672734,0.0,0.0,0.0,0.0,0.0,0.0
1,0.054,9,359.9988773956039,0.0,1000.0,561.0,70.5438712854407,14.737884964550869,1670.0,283.57162034316394,60.7422051597783,0.0,0.0,0.0,17.0,1.7000000000000004,0.1700000000000001,91.0,4.251316070590103,0.19933127572016426
2,0.0,12,359.9677362943592,1000.0,0.0,560.0,71.11401655551214,14.438040244040797,1683.0,288.96412466759597,62.121836649992034,0.0,0.0,0.0,0.0,0.0,0.0,0.0,0.0,0.0
3,0.0,5,360.1323939478635,1000.0,1000.0,566.0,70.54738050013853,15.253707651839054,1402.0,236.05385398143443,50.32980010987891,311.0,53.4800230356292,11.499055625473924,0.0,0.0,0.0,0.0,0.0,0.0
4,0.0,13,360.57984603291874,2000.0,0.0,572.0,74.76869336705806,16.128094801105647,1651.0,279.26465967793877,60.85639209474485,37.0,6.153659023814671,1.2752568250485994,0.0,0.0,0.0,0.0,0.0,0.0
5,0.0,9,359.99060367808653,2000.0,1000.0,560.0,69.52863696931462,13.411396782769948,1491.0,247.30395376387378,51.68903413423166,265.0,43.225653783644795,8.907926388338005,0.0,0.0,0.0,0.0,0.0,0.0
6,0.0,11,360.1315737438647,3000.0,0.0,573.0,72.02103540431995,15.376256458901532,1528.0,257.79485836633086,55.82757473446724,188.0,30.37018681618307,6.35796632704819,0.0,0.0,0.0,0.0,0.0,0.0
7,0.054,7,360.01935344065026,3000.0,1000.0,561.0,71.22257994301046,14.817121244255313,1665.0,283.20807166784306,60.85590911369002,0.0,0.0,0.0,13.0,1.3,0.13000000000000006,92.0,4.316788920699969,0.20361796982167316
