id,probability_maraud,successful_mating,next_foraging_time,x_pos,y_pos,foraging_events,foraging_hrs,foraging_sqhrs,staying_events,staying_hrs,staying_sqhrs,repairing_events,repairing_hrs,repairing_sqhrs,marauding_events,marauding_hrs,marauding_sqhrs,traveling_events,traveling_hrs,traveling_sqhrs
0,0.0,11,359.9305640721349,0.0,0.0,564.0,69.70494611828141,14.371335096543369,1716.0,290.3041243272216,62.11389491244551,0.0,0.0,0.0,0.0,0.0,0.0,0.0,0.0,0.0
1,0.0,4,360.4305471753892,0.0,1000.0,567.0,70.57782673679878,14.89210246177429,1660.0,289.44978464733305,63.970680296472246,0.0,0.0,0.0,0.0,0.0,0.0,0.0,0.0,0.0
2,0.0,16,360.60555934030344,1000.0,0.0,581.0,70.80657263182425,14.225942435854039,1469.0,246.92182191672651,53.02516240645622,246.0,42.41287672609093,9.421168733729647,0.0,0.0,0.0,0.0,0.0,0.0
3,0.0,8,360.6820707705131,1000.0,1000.0,564.0,72.0334277570231,15.301054525231924,1679.0,288.00971622655203,62.8947605356553,0.0,0.0,0.0,0.0,0.0,0.0,0.0,0.0,0.0
4,0.054,10,360.2437838039479,2000.0,0.0,566.0,74.56137958847592,15.47042088424568,1360.0,231.5157950568104,49.58234150840151,302.0,48.82537612494072,10.017768559568093,16.0,1.6000000000000003,0.1600000000000001,81.0,3.7883531076271373,0.1778978052126198
5,0.0,10,360.2406918995919,2000.0,1000.0,558.0,73.87137179075356,15.895876273368284,1453.0,249.74271392232512,54.334955109411204,210.0,36.51403008823714,8.092918970796843,0.0,0.0,0.0,0.0,0.0,0.0
6,0.054,5,360.2705570271189,3000.0,0.0,567.0,70.95989868042903,14.821352700873003,1543.0,258.7448298149959,55.37618126501783,141.0,24.40145861703741,5.43892680625622,17.0,1.7000000000000004,0.1700000000000001,91.0,4.270492624403672,0.20147462277091877
7,0.0,8,360.2171322884744,3000.0,1000.0,556.0,68.79704560177214,14.552258570929926,1423.0,242.69965677403175,52.70714767538488,289.0,48.59313635347863,10.346569865504426,0.0,0.0,0.0,0.0,0.0,0.0
