id,probability_maraud,successful_mating,next_foraging_time,x_pos,y_pos,foraging_events,foraging_hrs,foraging_sqhrs,staying_events,staying_hrs,staying_sqhrs,repairing_events,repairing_hrs,repairing_sqhrs,marauding_events,marauding_hrs,marauding_sqhrs,traveling_events,traveling_hrs,traveling_sqhrs
0,0.0,7,360.12859230463386,0.0,0.0,561.0,71.01385587194048,14.776826311594336,1536.0,258.24669758393594,55.14888990157349,179.0,30.79084801901382,6.6421330794420745,0.0,0.0,0.0,0.0,0.0,0.0
1,0.054,11,360.2230813998068,0.0,1000.0,568.0,73.27436911741232,15.742841478780191,1667.0,281.3538848272339,60.2265480860663,0.0,0.0,0.0,14.0,1.4000000000000001,0.14000000000000007,86.0,4.00065803529505,0.18647119341563761
2,0.0,12,360.17427467816134,1000.0,0.0,562.0,72.96200585586416,15.863741304518763,1702.0,287.100296639021,61.16793870731617,0.0,0.0,0.0,0.0,0.0,0.0,0.0,0.0,0.0
3,0.0,10,360.41159721744634,1000.0,1000.0,571.0,72.09296248016314,15.32648776749582,1377.0,232.75649128323883,49.22991484135963,324.0,55.22822213500427,12.049609042700835,0.0,0.0,0.0,0.0,0.0,0.0
4,0.0,9,360.3801349718435,2000.0,0.0,573.0,70.07771835069744,14.16846114645888,1514.0,253.31712395443859,53.795715506344536,209.0,36.7713277870527,8.37237510850035,0.0,0.0,0.0,0.0,0.0,0.0
5,0.0,10,359.92083992956185,2000.0,1000.0,564.0,75.50335375312316,16.121908450579575,1693.0,284.5848344957266,60.46984110955392,0.0,0.0,0.0,0.0,0.0,0.0,0.0,0.0,0.0
6,0.054,11,360.1344037636403,3000.0,0.0,577.0,69.81000326426243,15.026532218191543,1684.0,284.6270213502235,61.60411987022341,0.0,0.0,0.0,16.0,1.6000000000000003,0.1600000000000001,88.0,4.112427181701213,0.19290123456790095
7,0.0,2,360.0895414992915,3000.0,1000.0,571.0,70.30592948220837,14.366127784706936,1367.0,228.6119764828266,48.60965003868471,362.0,61.1839599064319,13.173587547081667,0.0,0.0,0.0,0.0,0.0,0.0
