id,probability_maraud,successful_mating,next_foraging_time,x_pos,y_pos,foraging_events,foraging_hrs,foraging_sqhrs,staying_events,staying_hrs,staying_sqhrs,repairing_events,repairing_hrs,repairing_sqhrs,marauding_events,marauding_hrs,marauding_sqhrs,traveling_events,traveling_hrs,traveling_sqhrs
0,0.054,7,360.18554958813195,0.0,0.0,568.0,70.96787916283816,14.246037353181404,1379.0,230.12516339066605,49.14506338402883,325.0,54.73683383986962,11.835611907265998,11.0,1.0999999999999999,0.11000000000000004,70.0,3.24074074074074,0.150034293552812
1,0.054,8,360.41064417795434,0.0,1000.0,567.0,68.63370603169649,14.394010614678747,1467.0,249.67512797264573,53.488324183385274,210.0,36.38612453522115,8.300423526178765,17.0,1.7000000000000004,0.1700000000000001,81.0,3.7883531076271373,0.17789780521261983
2,0.0,10,360.3355785798275,1000.0,0.0,569.0,70.17683580163813,14.363797385586723,1544.0,259.76252167687693,55.24220859666519,163.0,30.311618378096625,7.039953960318749,0.0,0.0,0.0,0.0,0.0,0.0
3,0.0,14,360.39747576836635,1000.0,1000.0,558.0,70.12511161439595,14.953564220206589,1397.0,240.9277550271205,51.49659302830909,276.0,49.02287465718942,10.800810733995393,0.0,0.0,0.0,0.0,0.0,0.0
4,0.0,7,360.04370328144256,2000.0,0.0,568.0,72.90715332256893,15.364567242421446,1689.0,287.21771857828037,61.8855302313042,0.0,0.0,0.0,0.0,0.0,0.0,0.0,0.0,0.0
5,0.0,11,360.57192377682037,2000.0,1000.0,566.0,68.43114537078155,13.86195318655133,1746.0,291.76609270859666,61.8720607084955,0.0,0.0,0.0,0.0,0.0,0.0,0.0,0.0,0.0
6,0.0,8,360.2801841726262,3000.0,0.0,579.0,70.83241786156611,14.567983616072967,1723.0,289.23657817884026,61.305756547677,0.0,0.0,0.0,0.0,0.0,0.0,0.0,0.0,0.0
7,0.0,7,359.9542769801104,3000.0,1000.0,568.0,71.22077840806834,14.775488038351352,1692.0,288.93562323586,61.58972703485557,0.0,0.0,0.0,0.0,0.0,0.0,0.0,0.0,0.0
