id,probability_maraud,successful_mating,next_foraging_time,x_pos,y_pos,foraging_events,foraging_hrs,foraging_sqhrs,staying_events,staying_hrs,staying_sqhrs,repairing_events,repairing_hrs,repairing_sqhrs,marauding_events,marauding_hrs,marauding_sqhrs,traveling_events,traveling_hrs,traveling_sqhrs
0,0.0,11,360.07097717610674,0.0,0.0,570.0,69.68229156025379,14.710524077483571,1735.0,290.35131949571013,61.45864451731267,0.0,0.0,0.0,0.0,0.0,0.0,0.0,0.0,0.0
1,0.0,1,360.0979386716129,0.0,1000.0,562.0,71.66203986372268,14.441545718761109,1404.0,239.85830062497124,51.4124373456379,287.0,48.70113065998121,10.751419776417203,0.0,0.0,0.0,0.0,0.0,0.0
2,0.0,6,360.47599114601684,1000.0,0.0,568.0,72.87115663459235,16.173771866558443,1358.0,232.16637956752055,49.57542500000352,322.0,55.02089409562265,11.6383455864335,0.0,0.0,0.0,0.0,0.0,0.0
3,0.054,11,360.3913744986647,1000.0,1000.0,572.0,71.17440681659286,14.306259794143035,1678.0,282.83966045281136,61.01679169230835,0.0,0.0,0.0,20.0,2.0000000000000004,0.20000000000000012,91.0,4.232139516776534,0.19718792866940982
4,0.0,9,360.02300819478944,2000.0,0.0,561.0,72.07123407471416,15.822611875316275,1267.0,214.66368867711347,46.522923827247546,436.0,73.31200002066153,15.518112972377745,0.0,0.0,0.0,0.0,0.0,0.0
5,0.0,15,360.1166509200496,2000.0,1000.0,570.0,68.88816003327642,13.418308445791048,1629.0,278.2823676320707,59.43649384999948,73.0,12.858196692023112,2.76129400556362,0.0,0.0,0.0,0.0,0.0,0.0
6,0.054,6,360.19136962634667,3000.0,0.0,580.0,70.1495811208553,14.084511923748117,1702.0,283.5573928954823,60.73984754986369,0.0,0.0,0.0,20.0,2.0000000000000004,0.20000000000000012,95.0,4.417324701961721,0.2057613168724276
7,0.0,13,360.02199196513953,3000.0,1000.0,567.0,73.74416341794854,16.189767461286483,1421.0,237.6305077882658,50.609209831643376,283.0,48.629924186290104,10.395726876739793,0.0,0.0,0.0,0.0,0.0,0.0
