id,probability_maraud,successful_mating,next_foraging_time,x_pos,y_pos,foraging_events,foraging_hrs,foraging_sqhrs,staying_events,staying_hrs,staying_sqhrs,repairing_events,repairing_hrs,repairing_sqhrs,marauding_events,marauding_hrs,marauding_sqhrs,traveling_events,traveling_hrs,traveling_sqhrs
0,0.0,8,359.74307067716666,0.0,0.0,579.0,69.64249255954462,14.24969270868128,1703.0,290.3828297193106,62.45713250834624,0.0,0.0,0.0,0.0,0.0,0.0,0.0,0.0,0.0
1,0.0,4,360.05709848225297,0.0,1000.0,568.0,72.0081922787729,14.566936202979232,1627.0,276.08418668172817,59.17910909910994,73.0,12.063851074840256,2.636709024328681,0.0,0.0,0.0,0.0,0.0,0.0
2,0.0,9,359.97195166939514,1000.0,0.0,557.0,71.3722595419517,14.854221669770832,1529.0,262.69376333892507,56.702610800985354,142.0,26.102264947576018,6.13844455427448,0.0,0.0,0.0,0.0,0.0,0.0
3,0.054,10,360.2001217433562,1000.0,1000.0,568.0,68.43766121605246,13.256563021865466,1681.0,286.43566277689916,61.746139777715804,0.0,0.0,0.0,14.0,1.4000000000000001,0.14000000000000007,81.0,3.8267062152542755,0.18218449931412875
4,0.0,14,360.159538054795,2000.0,0.0,566.0,70.40182881999304,14.43566212284319,1453.0,247.0902376451364,52.85145809897867,249.0,42.56691324671521,9.538276042564798,0.0,0.0,0.0,0.0,0.0,0.0
5,0.0,12,360.1310793346826,2000.0,1000.0,562.0,72.42744992559493,15.310182045525867,1503.0,257.463184816367,56.07868311907049,187.0,30.27250855346081,6.3503160513989965,0.0,0.0,0.0,0.0,0.0,0.0
6,0.054,8,360.131640773525,3000.0,0.0,555.0,69.11168848651735,14.336369490552855,1688.0,284.51292404537315,60.71576647305627,0.0,0.0,0.0,14.0,1.4000000000000001,0.14000000000000007,107.0,5.0304099189579885,0.23791152263374435
7,0.0,7,360.2346681025946,3000.0,1000.0,574.0,69.39068520739134,14.085101832062737,1387.0,235.9177180916973,51.11970833203826,323.0,54.758827248048846,11.30720054126601,0.0,0.0,0.0,0.0,0.0,0.0
