id,probability_maraud,successful_mating,next_foraging_time,x_pos,y_pos,foraging_events,foraging_hrs,foraging_sqhrs,staying_events,staying_hrs,staying_sqhrs,repairing_events,repairing_hrs,repairing_sqhrs,marauding_events,marauding_hrs,marauding_sqhrs,traveling_events,traveling_hrs,traveling_sqhrs
0,0.0,6,360.1675363553652,0.0,0.0,578.0,69.3191560938341,13.443002635515521,1673.0,284.6387276071709,60.461646276270166,36.0,6.078309620889137,1.2696826589134425,0.0,0.0,0.0,0.0,0.0,0.0
1,0.0,6,359.95072525305346,0.0,1000.0,577.0,67.3846834973714,12.915066410390672,1383.0,237.8975567678814,51.641759789606404,330.0,54.790797178175445,11.643666751794877,0.0,0.0,0.0,0.0,0.0,0.0
2,0.0,8,360.1133779799861,1000.0,0.0,560.0,69.86724654258313,14.084758944403823,1354.0,229.31540763377657,49.12619594801983,371.0,60.9910356499216,12.864324039905725,0.0,0.0,0.0,0.0,0.0,0.0
3,0.054,7,360.31665514212625,1000.0,1000.0,552.0,71.43143623029142,15.552529197019815,1665.0,281.9773911444614,60.3711145671094,0.0,0.0,0.0,23.0,2.3000000000000007,0.23000000000000015,93.0,4.343908663182696,0.20361796982167318
4,0.054,17,360.25272529805545,2000.0,0.0,560.0,71.890208152124,15.24726970525523,1656.0,282.50886610244413,60.73764437716974,0.0,0.0,0.0,19.0,1.9000000000000006,0.1900000000000001,82.0,3.8346494039234336,0.18004115226337425
5,0.0,12,360.2394273551979,2000.0,1000.0,558.0,70.36115094355304,14.829593301266145,1262.0,214.8450736312016,45.69430937263797,446.0,74.91732724331847,16.34601686936264,0.0,0.0,0.0,0.0,0.0,0.0
6,0.0,5,360.5111759707108,3000.0,0.0,579.0,70.78930841134131,16.007754906816505,1413.0,234.31714170340462,49.57637418439633,326.0,55.08948743591696,11.898785256154142,0.0,0.0,0.0,0.0,0.0,0.0
7,0.0,11,360.20613163875834,3000.0,1000.0,574.0,64.62360395627138,11.63617265067229,1737.0,295.7132060520304,63.618955528500315,0.0,0.0,0.0,0.0,0.0,0.0,0.0,0.0,0.0
