id,probability_maraud,successful_mating,next_foraging_time,x_pos,y_pos,foraging_events,foraging_hrs,foraging_sqhrs,staying_events,staying_hrs,staying_sqhrs,repairing_events,repairing_hrs,repairing_sqhrs,marauding_events,marauding_hrs,marauding_sqhrs,traveling_events,traveling_hrs,traveling_sqhrs
0,0.0,7,360.62510973236357,0.0,0.0,577.0,71.94038156141036,14.770295199285203,1415.0,239.63626681584572,51.4399084513864,303.0,48.432506890984186,9.870192661616834,0.0,0.0,0.0,0.0,0.0,0.0
1,0.054,5,359.87278165154027,0.0,1000.0,567.0,69.76960464182852,14.20177786373459,1684.0,284.81325954629403,60.48910698540078,0.0,0.0,0.0,13.0,1.3,0.13000000000000006,90.0,4.243372881920944,0.20147462277091877
2,0.0,17,360.1701061128527,1000.0,0.0,560.0,71.66642692282197,15.049990126290954,1681.0,282.48981481043296,60.76822972340867,34.0,6.089622776894884,1.2617139811978695,0.0,0.0,0.0,0.0,0.0,0.0
3,0.0,9,360.4235341048514,1000.0,1000.0,558.0,71.34800161005985,14.841120428760787,1591.0,264.35437380682407,56.41884379014899,149.0,24.476139101635614,5.209142957314311,0.0,0.0,0.0,0.0,0.0,0.0
4,0.0,11,360.4720579630422,2000.0,0.0,582.0,69.93040425074751,14.493220891583746,1691.0,284.01920510458854,60.32358959755625,33.0,6.152711114345969,1.3934201515464673,0.0,0.0,0.0,0.0,0.0,0.0
5,0.0,4,360.5343693079605,2000.0,1000.0,559.0,74.06899241368511,16.77050123808598,1339.0,224.92688621349782,48.086042002699806,365.0,61.1551132716425,13.285008515559104,0.0,0.0,0.0,0.0,0.0,0.0
6,0.0,9,360.10031640151885,3000.0,0.0,575.0,71.84654513148021,14.830589660114729,1495.0,245.83167456840962,51.51609383665202,251.0,42.60164769709455,9.301475351696698,0.0,0.0,0.0,0.0,0.0,0.0
7,0.054,10,359.9540360214165,3000.0,1000.0,559.0,70.01737794506181,13.999582993089785,1657.0,283.43024341088875,61.01090163508807,0.0,0.0,0.0,18.0,1.8000000000000005,0.1800000000000001,102.0,4.779751883662936,0.22505144032921762
