id,probability_maraud,successful_mating,next_foraging_time,x_pos,y_pos,foraging_events,foraging_hrs,foraging_sqhrs,staying_events,staying_hrs,staying_sqhrs,repairing_events,repairing_hrs,repairing_sqhrs,marauding_events,marauding_hrs,marauding_sqhrs,traveling_events,traveling_hrs,traveling_sqhrs
0,0.0,7,360.08822896275564,0.0,0.0,558.0,70.29263402013677,14.572513095463606,1583.0,265.57650606450244,56.904868450150154,138.0,24.261265346244823,5.538920703963007,0.0,0.0,0.0,0.0,0.0,0.0
1,0.054,8,360.12300728799335,0.0,1000.0,570.0,68.80333102445444,14.185074482235947,1687.0,285.94926993046494,60.6982143561182,0.0,0.0,0.0,11.0,1.0999999999999999,0.11000000000000004,90.0,4.185843220480236,0.1950445816186554
2,0.0,13,360.40190668223323,1000.0,0.0,566.0,71.9455854671431,15.120236796228564,1731.0,288.1482659043347,60.639804150467384,0.0,0.0,0.0,0.0,0.0,0.0,0.0,0.0,0.0
3,0.0,4,360.2029596259071,1000.0,1000.0,565.0,68.95027597114759,13.53183146530411,1500.0,248.15365955996702,52.06735625763625,254.0,42.95821976435502,9.192434284232364,0.0,0.0,0.0,0.0,0.0,0.0
4,0.0,12,360.35834211277864,2000.0,0.0,573.0,68.40382469236421,14.103885483897916,1512.0,255.33923704116978,54.61172240428683,212.0,36.51224466837017,7.861507264329976,0.0,0.0,0.0,0.0,0.0,0.0
5,0.0,15,360.5194075688948,2000.0,1000.0,580.0,72.39565477085421,14.783316959794542,1709.0,287.68027197110416,60.69747131467685,0.0,0.0,0.0,0.0,0.0,0.0,0.0,0.0,0.0
6,0.054,10,359.91873309262235,3000.0,0.0,574.0,70.54170590352992,14.205681520761413,1682.0,283.23033220614036,59.83014392670459,0.0,0.0,0.0,17.0,1.7000000000000004,0.1700000000000001,97.0,4.529093848367883,0.212191358024691
7,0.0,3,360.4917955252308,3000.0,1000.0,570.0,72.1972052389828,15.152522002384233,1305.0,220.86314524619715,47.26486217835495,393.0,67.11043217540342,14.69213693466445,0.0,0.0,0.0,0.0,0.0,0.0
