id,probability_maraud,successful_mating,next_foraging_time,x_pos,y_pos,foraging_events,foraging_hrs,foraging_sqhrs,staying_events,staying_hrs,staying_sqhrs,repairing_events,repairing_hrs,repairing_sqhrs,marauding_events,marauding_hrs,marauding_sqhrs,traveling_events,traveling_hrs,traveling_sqhrs
0,0.0,6,359.78387227516436,0.0,0.0,567.0,70.1790943955629,14.702352821558325,1560.0,265.5033262140775,56.88072785764851,142.0,24.38444598312375,5.2253233477663645,0.0,0.0,0.0,0.0,0.0,0.0
1,0.0,7,360.62397262021335,0.0,1000.0,565.0,72.28021090832523,15.513243999308399,1689.0,287.8904242246868,62.466867413740935,0.0,0.0,0.0,0.0,0.0,0.0,0.0,0.0,0.0
2,0.054,11,360.2046174975567,1000.0,0.0,553.0,69.57457150906477,14.161578868057155,1577.0,272.91072674887334,59.213999950557636,78.0,12.064133277602014,2.5740232800398446,15.0,1.5000000000000002,0.15000000000000008,86.0,3.9814814814814805,0.18432784636488314
3,0.0,10,360.02363271927794,1000.0,1000.0,567.0,73.05127340590707,16.283557869956343,1228.0,207.9864697468333,43.67459859699961,458.0,78.96517146119027,16.985083169538775,0.0,0.0,0.0,0.0,0.0,0.0
4,0.0,9,360.5707112153655,2000.0,0.0,563.0,70.93409106718674,14.686376662914624,1310.0,223.10359680259768,48.17021333480159,408.0,66.06409705233058,13.31509491709216,0.0,0.0,0.0,0.0,0.0,0.0
5,0.054,15,360.4454213079655,2000.0,1000.0,567.0,70.11443180722674,14.696796185017243,1677.0,283.38007321773546,60.72315345920588,0.0,0.0,0.0,18.0,1.8000000000000005,0.1800000000000001,100.0,4.7255123986974805,0.22505144032921767
6,0.0,6,360.18127117697804,3000.0,0.0,557.0,69.40367785317059,15.63092665168,1693.0,290.74429090188085,62.593802418468165,0.0,0.0,0.0,0.0,0.0,0.0,0.0,0.0,0.0
7,0.0,8,359.8469043060891,3000.0,1000.0,578.0,70.44956905781505,14.026335492215505,1636.0,271.35346471692895,57.17325953301436,108.0,18.24639594212482,3.927003234017013,0.0,0.0,0.0,0.0,0.0,0.0
