id,probability_maraud,successful_mating,next_foraging_time,x_pos,y_pos,foraging_events,foraging_hrs,foraging_sqhrs,staying_events,staying_hrs,staying_sqhrs,repairing_events,repairing_hrs,repairing_sqhrs,marauding_events,marauding_hrs,marauding_sqhrs,traveling_events,traveling_hrs,traveling_sqhrs
0,0.054,14,359.99980676776204,0.0,0.0,571.0,66.43939557160925,12.234864662347013,1567.0,263.7060921713818,55.93104201948531,149.0,24.500244153725713,4.943579734067903,17.0,1.7000000000000004,0.1700000000000001,82.0,3.7962962962962954,0.17575445816186536
1,0.0,7,360.19063233988743,0.0,1000.0,559.0,70.87804166158782,15.130466052931103,1485.0,249.92391342444293,53.65506847508826,230.0,39.307817715295364,8.274410852009387,0.0,0.0,0.0,0.0,0.0,0.0
2,0.054,9,360.4558303684261,1000.0,0.0,570.0,71.33847283002487,14.617885317437544,1307.0,222.26088673086574,48.07673118625787,343.0,60.720683989403064,13.59009984022539,13.0,1.3,0.13000000000000006,94.0,4.390204959478993,0.2057613168724276
3,0.0,6,359.8958815198317,1000.0,1000.0,578.0,72.51242374862375,15.010660017250618,1532.0,256.5617827063154,54.504079558263044,186.0,30.995042166630906,6.41479525854142,0.0,0.0,0.0,0.0,0.0,0.0
4,0.0,14,360.58309712081103,2000.0,0.0,572.0,71.42549288615058,14.718891432746247,1574.0,264.3448551713157,55.61748610172265,154.0,24.27587258479334,5.096369187603109,0.0,0.0,0.0,0.0,0.0,0.0
5,0.0,9,359.9729812530154,2000.0,1000.0,543.0,68.0565982753,14.120423196280207,1711.0,292.01432461415766,63.10434618527914,0.0,0.0,0.0,0.0,0.0,0.0,0.0,0.0,0.0
6,0.0,7,360.03122439627987,3000.0,0.0,563.0,69.93545075284656,13.687607762610313,1684.0,290.2495024147755,63.09600270609449,0.0,0.0,0.0,0.0,0.0,0.0,0.0,0.0,0.0
7,0.0,6,360.60417740561957,3000.0,1000.0,569.0,71.75750746670323,14.523630966345827,1670.0,288.28407452048646,62.58996430746664,0.0,0.0,0.0,0.0,0.0,0.0,0.0,0.0,0.0
