id,probability_maraud,successful_mating,next_foraging_time,x_pos,y_pos,foraging_events,foraging_hrs,foraging_sqhrs,staying_events,staying_hrs,staying_sqhrs,repairing_events,repairing_hrs,repairing_sqhrs,marauding_events,marauding_hrs,marauding_sqhrs,traveling_events,traveling_hrs,traveling_sqhrs
0,0.0,5,360.4573930600195,0.0,0.0,562.0,73.3012322422488,15.75305974553272,1701.0,286.91417094263755,60.963813756272366,0.0,0.0,0.0,0.0,0.0,0.0,0.0,0.0,0.0
1,0.0,8,360.4720197343169,0.0,1000.0,577.0,69.88767456504128,14.348220584200172,1382.0,241.90212462012744,53.08673588426702,284.0,48.436759283256706,10.474679296243346,0.0,0.0,0.0,0.0,0.0,0.0
2,0.0,3,360.4959954224727,1000.0,0.0,556.0,71.20685368679561,15.001182325781091,1427.0,240.22533477658837,51.11770176366625,294.0,48.77906358579163,10.141359763494282,0.0,0.0,0.0,0.0,0.0,0.0
3,0.054,10,359.7549847410892,1000.0,1000.0,562.0,69.23423253340837,14.81296263804441,1655.0,284.08182681362894,60.988272754428664,0.0,0.0,0.0,21.0,2.1000000000000005,0.21000000000000013,98.0,4.613743252291319,0.2186213991769543
4,0.0,12,359.8310348853871,2000.0,0.0,575.0,68.8689842303771,13.952223209068242,1451.0,242.4979104943782,51.48694047752252,307.0,48.6504872445285,9.924809067314959,0.0,0.0,0.0,0.0,0.0,0.0
5,0.0,12,360.4081618803144,2000.0,1000.0,562.0,73.3506376495741,15.154475703182552,1524.0,256.0617676055887,54.38973160641026,175.0,30.595319038737365,6.782112742938657,0.0,0.0,0.0,0.0,0.0,0.0
6,0.054,11,360.19805400061216,3000.0,0.0,556.0,70.68569578944985,14.620684132567083,1641.0,282.84863872179136,61.5418278115435,0.0,0.0,0.0,19.0,1.9000000000000006,0.1900000000000001,100.0,4.725512398697481,0.22505144032921764
7,0.0,11,360.54549087391143,3000.0,1000.0,575.0,67.04074429981462,12.657032587817556,1327.0,225.69395884075246,48.33555082538169,393.0,67.31266182600864,14.481067500907036,0.0,0.0,0.0,0.0,0.0,0.0
