id,probability_maraud,successful_mating,next_foraging_time,x_pos,y_pos,foraging_events,foraging_hrs,foraging_sqhrs,staying_events,staying_hrs,staying_sqhrs,repairing_events,repairing_hrs,repairing_sqhrs,marauding_events,marauding_hrs,marauding_sqhrs,traveling_events,traveling_hrs,traveling_sqhrs
0,0.0,9,360.0481062019983,0.0,0.0,569.0,65.31434698308854,12.167327266113872,1718.0,294.8363502412209,63.61826391711846,0.0,0.0,0.0,0.0,0.0,0.0,0.0,0.0,0.0
1,0.0,5,359.98791025285857,0.0,1000.0,551.0,72.28573891751819,15.949419890282124,1684.0,287.7421544032081,62.17276898916365,0.0,0.0,0.0,0.0,0.0,0.0,0.0,0.0,0.0
2,0.0,8,360.2007367074669,1000.0,0.0,550.0,69.13589638094251,14.573625145925044,1682.0,291.04215651884203,63.4840925927697,0.0,0.0,0.0,0.0,0.0,0.0,0.0,0.0,0.0
3,0.0,15,360.0185560888404,1000.0,1000.0,560.0,70.252589272272,14.34011762450787,1721.0,289.77763119919365,61.82311800532883,0.0,0.0,0.0,0.0,0.0,0.0,0.0,0.0,0.0
4,0.0,8,359.99514401238036,2000.0,0.0,572.0,69.322001172689,14.158315067547287,1443.0,248.07582373029376,53.87701851842545,263.0,42.74974940271312,8.832330189177593,0.0,0.0,0.0,0.0,0.0,0.0
5,0.0,7,360.3337372913859,2000.0,1000.0,566.0,72.47101284109065,16.328853378625897,1466.0,251.30295012521424,54.3604674345029,225.0,36.348965232916754,7.511454555724839,0.0,0.0,0.0,0.0,0.0,0.0
6,0.054,7,360.65609667990077,3000.0,0.0,566.0,69.64654508460247,14.645041464460473,1375.0,238.11878145910342,51.52887443367064,289.0,48.588327604358625,10.299276433320525,11.0,1.0999999999999999,0.11000000000000004,61.0,2.8240740740740735,0.130744170096022
7,0.054,13,360.26875181293707,3000.0,1000.0,569.0,70.98013804556786,13.987326497315204,1497.0,253.14249549209788,54.1623420967912,184.0,30.334778362050415,6.174415578536214,15.0,1.5000000000000002,0.15000000000000008,91.0,4.270492624403672,0.20147462277091877
