id,probability_maraud,successful_mating,next_foraging_time,x_pos,y_pos,foraging_events,foraging_hrs,foraging_sqhrs,staying_events,staying_hrs,staying_sqhrs,repairing_events,repairing_hrs,repairing_sqhrs,marauding_events,marauding_hrs,marauding_sqhrs,traveling_events,traveling_hrs,traveling_sqhrs
0,0.0,3,360.1185598179092,0.0,0.0,562.0,71.47776399286714,14.845708664650529,1515.0,252.05771983972505,53.33547333955999,213.0,36.571440502656024,7.636117460453148,0.0,0.0,0.0,0.0,0.0,0.0
1,0.0,11,360.40804908989946,0.0,1000.0,574.0,75.9035576316305,16.526686774698145,1691.0,284.2239648886708,60.0378208613964,0.0,0.0,0.0,0.0,0.0,0.0,0.0,0.0,0.0
2,0.054,4,359.96659897139665,1000.0,0.0,555.0,73.41514355971174,15.789490163775607,1675.0,279.71547846152487,59.48414294455715,0.0,0.0,0.0,21.0,2.1000000000000005,0.21000000000000013,106.0,4.964937068848123,0.23362482853223546
3,0.0,6,360.1668506010397,1000.0,1000.0,560.0,69.80692704517676,14.673635950013592,1251.0,213.37364830391172,45.547071658886004,476.0,76.91120520064601,16.069882993093607,0.0,0.0,0.0,0.0,0.0,0.0
4,0.0,5,360.3136727015815,2000.0,0.0,563.0,67.23539023196774,13.558186452082142,1220.0,207.18290132526803,44.34952461290101,501.0,85.59336449705647,18.640977371997586,0.0,0.0,0.0,0.0,0.0,0.0
5,0.054,22,360.3705225824295,2000.0,1000.0,554.0,71.76046590021537,15.331719669472351,1699.0,282.2030669791618,59.489332021282976,0.0,0.0,0.0,16.0,1.6000000000000003,0.1600000000000001,96.0,4.463620998258017,0.20790466392318208
6,0.0,11,359.998633504514,3000.0,0.0,566.0,69.01190749545114,14.119920748203578,1694.0,291.00960926299604,63.31849437285875,0.0,0.0,0.0,0.0,0.0,0.0,0.0,0.0,0.0
7,0.0,10,360.1566449902146,3000.0,1000.0,567.0,68.96314189894521,13.779281656575197,1573.0,266.3920296028794,57.1583881238294,151.0,24.68808649504695,5.011062802399303,0.0,0.0,0.0,0.0,0.0,0.0
