id,probability_maraud,successful_mating,next_foraging_time,x_pos,y_pos,foraging_events,foraging_hrs,foraging_sqhrs,staying_events,staying_hrs,staying_sqhrs,repairing_events,repairing_hrs,repairing_sqhrs,marauding_events,marauding_hrs,marauding_sqhrs,traveling_events,traveling_hrs,traveling_sqhrs
0,0.0,5,360.0701357925437,0.0,0.0,567.0,69.4514177056605,13.978955994796285,1503.0,253.71701953667835,54.29879924775651,211.0,36.89039710838763,8.035492775316113,0.0,0.0,0.0,0.0,0.0,0.0
1,0.0,6,360.01712436074985,0.0,1000.0,566.0,69.83671447006176,14.176557827035959,1736.0,290.1955358695261,61.73930457666617,0.0,0.0,0.0,0.0,0.0,0.0,0.0,0.0,0.0
2,0.054,14,360.259226017022,1000.0,0.0,577.0,71.46256032198092,15.072685764024293,1683.0,283.1040848513892,60.792847677497406,0.0,0.0,0.0,16.0,1.6000000000000003,0.1600000000000001,86.0,4.019834589108619,0.18861454046639203
3,0.0,8,360.0354740537159,1000.0,1000.0,572.0,69.52966310305293,13.49783062288622,1647.0,278.4422823604721,58.88949322100394,74.0,12.18062535944544,2.5051526475476145,0.0,0.0,0.0,0.0,0.0,0.0
4,0.0,10,360.14928669603955,2000.0,0.0,563.0,67.22363501647975,13.90332578182432,1470.0,243.99102323129907,51.62304598066492,277.0,48.81882392208868,10.844116877545959,0.0,0.0,0.0,0.0,0.0,0.0
5,0.0,8,359.98569932027846,2000.0,1000.0,565.0,70.74806342545959,14.460927556238415,1506.0,258.91268786221366,55.92510309226028,180.0,30.717971428572458,6.494371574940729,0.0,0.0,0.0,0.0,0.0,0.0
6,0.0,10,360.4032303206446,3000.0,0.0,563.0,68.44121470020244,13.66740503662523,1481.0,255.12270101341545,54.7651202091539,210.0,36.48972492390544,7.72785828426962,0.0,0.0,0.0,0.0,0.0,0.0
7,0.054,11,360.1713332466704,3000.0,1000.0,572.0,69.71950223332601,14.190147265035433,1669.0,284.2020465742594,61.69084758480396,0.0,0.0,0.0,11.0,1.0999999999999999,0.11000000000000004,107.0,4.99205681133085,0.2336248285322354
