id,probability_maraud,successful_mating,next_foraging_time,x_pos,y_pos,foraging_events,foraging_hrs,foraging_sqhrs,staying_events,staying_hrs,staying_sqhrs,repairing_events,repairing_hrs,repairing_sqhrs,marauding_events,marauding_hrs,marauding_sqhrs,traveling_events,traveling_hrs,traveling_sqhrs
0,0.0,6,360.2448933005324,0.0,0.0,566.0,70.39575786276409,14.678493142044884,1366.0,228.97809645832822,48.96042098115252,363.0,60.769930892112455,13.044147985147296,0.0,0.0,0.0,0.0,0.0,0.0
1,0.054,5,360.25090372409824,0.0,1000.0,563.0,71.3872644140927,15.720958664540992,1688.0,282.7291538178041,60.187154012744394,0.0,0.0,0.0,19.0,1.9000000000000006,0.1900000000000001,90.0,4.224196328107375,0.19933127572016432
2,0.0,22,360.38803170666785,1000.0,0.0,569.0,72.54035938908318,14.797477633564226,1698.0,281.3384575570098,59.07991748957625,31.0,6.323119372959933,1.5094845055552917,0.0,0.0,0.0,0.0,0.0,0.0
3,0.0,3,359.7755642155451,1000.0,1000.0,558.0,68.43526052108759,14.563722272965709,1460.0,242.4224140589826,50.52015161151965,287.0,49.159088936195154,10.848786061085406,0.0,0.0,0.0,0.0,0.0,0.0
4,0.0,12,360.2466643386746,2000.0,0.0,560.0,70.5075082215514,14.1378607865516,1428.0,240.7350018577013,51.43232492083903,304.0,48.871891052938004,9.992893815639329,0.0,0.0,0.0,0.0,0.0,0.0
5,0.0,13,359.98072117725303,2000.0,1000.0,559.0,74.1127466249739,15.952527145027874,1635.0,279.834779088458,60.780457323139245,33.0,6.0624470275376625,1.3758765517615728,0.0,0.0,0.0,0.0,0.0,0.0
6,0.054,7,360.37483476338525,3000.0,0.0,562.0,67.47372116577381,13.141958681665372,1683.0,286.57638785634003,61.45249845135056,0.0,0.0,0.0,21.0,2.1000000000000005,0.21000000000000013,83.0,3.8617691464061608,0.18004115226337425
7,0.0,4,359.94065721263917,3000.0,1000.0,561.0,74.37998596412413,16.886531787571013,1242.0,212.5944333860826,47.15257707018689,422.0,73.05588005595959,16.05259414225592,0.0,0.0,0.0,0.0,0.0,0.0
