id,probability_maraud,successful_mating,next_foraging_time,x_pos,y_pos,foraging_events,foraging_hrs,foraging_sqhrs,staying_events,staying_hrs,staying_sqhrs,repairing_events,repairing_hrs,repairing_sqhrs,marauding_events,marauding_hrs,marauding_sqhrs,traveling_events,traveling_hrs,traveling_sqhrs
0,0.0,5,360.4431140049287,0.0,0.0,570.0,72.90390328496508,16.72363792938465,1485.0,250.47596344490452,54.03837168577514,230.0,36.78261553699993,7.351370771707851,0.0,0.0,0.0,0.0,0.0,0.0
1,0.0,9,360.1801286954648,0.0,1000.0,570.0,71.28369531135938,15.368833493403349,1720.0,288.8652256409712,61.81346921961636,0.0,0.0,0.0,0.0,0.0,0.0,0.0,0.0,0.0
2,0.054,16,360.1828408032393,1000.0,0.0,566.0,68.67836935130998,13.571385855845705,1678.0,285.31300832578853,60.6330134397772,0.0,0.0,0.0,19.0,1.9000000000000006,0.1900000000000001,88.0,4.112427181701213,0.19290123456790095
3,0.0,7,359.82901501204844,1000.0,1000.0,565.0,74.56141819966334,17.913115614860477,1270.0,212.4345577921396,45.36392926240062,443.0,73.06489645455972,15.647524177995503,0.0,0.0,0.0,0.0,0.0,0.0
4,0.0,4,360.225353867347,2000.0,0.0,550.0,66.45433538546163,13.351157272887964,1310.0,226.46740965959253,49.63125008607964,388.0,67.16314900149642,14.79166228656247,0.0,0.0,0.0,0.0,0.0,0.0
5,0.054,14,360.0390941482135,2000.0,1000.0,556.0,70.79841984722242,15.080163410261797,1701.0,283.66407936704513,60.38251550540338,0.0,0.0,0.0,13.0,1.3,0.13000000000000006,94.0,4.371028405665424,0.20361796982167316
6,0.0,6,360.5027418350452,3000.0,0.0,558.0,73.45015507796832,15.637568763027122,1687.0,286.6412103994446,61.589431216407355,0.0,0.0,0.0,0.0,0.0,0.0,0.0,0.0,0.0
7,0.0,11,360.13545325368335,3000.0,1000.0,562.0,72.78879602378609,16.096690656321414,1588.0,268.8804008242636,57.491907352639124,111.0,18.332848764459744,3.70142415121002,0.0,0.0,0.0,0.0,0.0,0.0
