id,probability_maraud,successful_mating,next_foraging_time,x_pos,y_pos,foraging_events,foraging_hrs,foraging_sqhrs,staying_events,staying_hrs,staying_sqhrs,repairing_events,repairing_hrs,repairing_sqhrs,marauding_events,marauding_hrs,marauding_sqhrs,traveling_events,traveling_hrs,traveling_sqhrs
0,0.0,8,360.6022006709746,0.0,0.0,561.0,69.88108378088741,14.290142018226181,1425.0,235.1362437335425,49.74429228821714,305.0,55.18632808227305,12.816256146107891,0.0,0.0,0.0,0.0,0.0,0.0
1,0.054,7,360.2556870736683,0.0,1000.0,562.0,69.04869892770277,12.977937100273436,1689.0,285.3104121482115,60.160485230727694,0.0,0.0,0.0,12.0,1.2,0.12000000000000005,97.0,4.529093848367883,0.212191358024691
2,0.0,14,360.2919546100058,1000.0,0.0,561.0,69.56310414978796,14.024572521230414,1711.0,290.4633167379997,62.909209396567256,0.0,0.0,0.0,0.0,0.0,0.0,0.0,0.0,0.0
3,0.0,13,360.15076486423646,1000.0,1000.0,555.0,67.38228550568238,13.720057931266608,1625.0,274.5245255992872,58.855376931748964,112.0,18.2817970655674,3.886457261880293,0.0,0.0,0.0,0.0,0.0,0.0
4,0.0,11,360.4277635837892,2000.0,0.0,568.0,66.88150718052432,13.897133482181566,1771.0,293.15078240855604,61.92700188908818,0.0,0.0,0.0,0.0,0.0,0.0,0.0,0.0,0.0
5,0.0,11,360.5906277990958,2000.0,1000.0,577.0,70.08790722285464,14.715001386624255,1523.0,259.4704633992662,56.01170118672434,188.0,30.500863548171345,6.1298883381332505,0.0,0.0,0.0,0.0,0.0,0.0
6,0.0,2,360.4667483439127,3000.0,0.0,566.0,68.03150111488883,14.131930232721912,1404.0,237.83253030611297,50.594250352179586,314.0,54.3568137864075,12.071574808943438,0.0,0.0,0.0,0.0,0.0,0.0
7,0.054,6,360.72699175027026,3000.0,1000.0,568.0,71.6634217495476,14.778349012404238,1669.0,282.93093623231005,60.87116303655061,0.0,0.0,0.0,14.0,1.4000000000000001,0.14000000000000007,87.0,4.066130885404916,0.19075788751714648
