id,probability_maraud,successful_mating,next_foraging_time,x_pos,y_pos,foraging_events,foraging_hrs,foraging_sqhrs,staying_events,staying_hrs,staying_sqhrs,repairing_events,repairing_hrs,repairing_sqhrs,marauding_events,marauding_hrs,marauding_sqhrs,traveling_events,traveling_hrs,traveling_sqhrs
0,0.0,6,360.908425999384,0.0,0.0,576.0,67.79889714119601,13.617078829815812,1740.0,292.2539118154726,62.58183211210854,0.0,0.0,0.0,0.0,0.0,0.0,0.0,0.0,0.0
1,0.0,7,360.17727577640153,0.0,1000.0,561.0,71.95916467813402,16.008725397197665,1715.0,288.0864364895251,61.92147027873485,0.0,0.0,0.0,0.0,0.0,0.0,0.0,0.0,0.0
2,0.0,6,360.1802512054535,1000.0,0.0,567.0,72.10656093598423,14.52301591926982,1690.0,287.98013440682126,61.28449411036986,0.0,0.0,0.0,0.0,0.0,0.0,0.0,0.0,0.0
3,0.0,12,360.14919037926535,1000.0,1000.0,561.0,71.90286716174008,15.537565697324158,1678.0,288.24055147236163,62.06236297954836,0.0,0.0,0.0,0.0,0.0,0.0,0.0,0.0,0.0
4,0.0,13,360.2015255231821,2000.0,0.0,576.0,71.082481082579,13.884976811779296,1502.0,255.59096973616477,55.65880740479401,201.0,33.51401231080255,6.950975600458169,0.0,0.0,0.0,0.0,0.0,0.0
5,0.0,11,360.6797955788692,2000.0,1000.0,565.0,74.1750323693929,16.22958954317335,1429.0,243.22518540411698,52.5070986719858,249.0,42.796386857578774,9.330028001527573,0.0,0.0,0.0,0.0,0.0,0.0
6,0.054,9,360.1590619198159,3000.0,0.0,559.0,68.82110741762679,13.746512226541636,1412.0,243.49595105216255,52.4614401485784,251.0,42.6380984539263,8.894834211739763,11.0,1.0999999999999999,0.11000000000000004,85.0,3.9927148466258915,0.18861454046639206
7,0.054,8,360.2242100479074,3000.0,1000.0,563.0,72.6367237407657,14.95985584433757,1459.0,245.18368285608082,52.37818579047038,218.0,37.03150667995686,8.250059366951895,15.0,1.5000000000000002,0.15000000000000008,79.0,3.6765839612209756,0.1714677640603565
