id,probability_maraud,successful_mating,next_foraging_time,x_pos,y_pos,foraging_events,foraging_hrs,foraging_sqhrs,staying_events,staying_hrs,staying_sqhrs,repairing_events,repairing_hrs,repairing_sqhrs,marauding_events,marauding_hrs,marauding_sqhrs,traveling_events,traveling_hrs,traveling_sqhrs
0,0.054,7,360.1555449239291,0.0,0.0,573.0,70.49201811702262,13.753353966538016,1661.0,284.0722385937935,61.07814235989348,0.0,0.0,0.0,14.0,1.4000000000000001,0.14000000000000007,92.0,4.2784358130728295,0.1993312757201643
1,0.0,6,360.019315704415,0.0,1000.0,563.0,71.55408829836146,15.165629843187721,1184.0,203.34123731376187,44.55756991967258,515.0,85.10506641915772,17.981535915066647,0.0,0.0,0.0,0.0,0.0,0.0
2,0.0,5,360.1461507545259,1000.0,0.0,566.0,75.17567291304906,16.460368565340055,1297.0,218.7261215492536,47.074325265103944,380.0,66.22184585109619,14.44812322880945,0.0,0.0,0.0,0.0,0.0,0.0
3,0.054,14,360.04043975220293,1000.0,1000.0,572.0,66.82673485137543,12.828416078713847,1675.0,287.5253487028361,62.36429245128814,0.0,0.0,0.0,17.0,1.7000000000000004,0.1700000000000001,90.0,4.166666666666667,0.19290123456790093
4,0.0,15,360.4171304764311,2000.0,0.0,571.0,70.80561054868403,14.210214168095945,1716.0,289.2295646256479,61.8369166235202,0.0,0.0,0.0,0.0,0.0,0.0,0.0,0.0,0.0
5,0.0,12,360.48094708313675,2000.0,1000.0,574.0,70.1477725004462,14.519574401841627,1527.0,253.49653743895655,53.32360668300906,212.0,36.37715385008793,7.996602155265233,0.0,0.0,0.0,0.0,0.0,0.0
6,0.0,8,360.2485445488957,3000.0,0.0,572.0,73.61896661458502,16.05725773286531,1684.0,286.52406564611596,61.94340120464028,0.0,0.0,0.0,0.0,0.0,0.0,0.0,0.0,0.0
7,0.0,5,360.25667924318293,3000.0,1000.0,565.0,69.62644354436203,13.96271997418853,1729.0,290.5391839899944,61.90851309935075,0.0,0.0,0.0,0.0,0.0,0.0,0.0,0.0,0.0
