id,probability_maraud,successful_mating,next_foraging_time,x_pos,y_pos,foraging_events,foraging_hrs,foraging_sqhrs,staying_events,staying_hrs,staying_sqhrs,repairing_events,repairing_hrs,repairing_sqhrs,marauding_events,marauding_hrs,marauding_sqhrs,traveling_events,traveling_hrs,traveling_sqhrs
0,0.0,10,360.3011137391311,0.0,0.0,582.0,67.07895587133243,12.41491937362052,1737.0,292.9840250100587,62.397051969462524,0.0,0.0,0.0,0.0,0.0,0.0,0.0,0.0,0.0
1,0.0,9,360.5924218278465,0.0,1000.0,561.0,73.62528545858756,16.18570049012737,1667.0,286.49453851558377,61.86894111471436,0.0,0.0,0.0,0.0,0.0,0.0,0.0,0.0,0.0
2,0.0,6,360.08426984169466,1000.0,0.0,568.0,71.44544295779559,14.83683147441238,1527.0,251.60687446961168,52.74900216424305,211.0,36.94936749097341,8.014308146215422,0.0,0.0,0.0,0.0,0.0,0.0
3,0.0,6,360.37712410329203,1000.0,1000.0,564.0,73.33887677166481,16.178635738857647,1679.0,286.68211423689013,62.13131481210474,0.0,0.0,0.0,0.0,0.0,0.0,0.0,0.0,0.0
4,0.054,11,359.91927899708503,2000.0,0.0,570.0,68.82196261307504,13.938636685899041,1499.0,254.3241403368599,54.02535822085178,180.0,30.60390445607401,6.375193034218458,21.0,2.1000000000000005,0.21000000000000013,93.0,4.324732109369127,0.2014746227709187
5,0.0,12,360.3561300133938,2000.0,1000.0,569.0,70.3331688603931,14.185615038396444,1506.0,247.22883905816624,52.47440220579614,229.0,42.63451109393873,9.783923929183599,0.0,0.0,0.0,0.0,0.0,0.0
6,0.054,9,359.939426363932,3000.0,0.0,559.0,71.81647522817468,15.225199714331735,1349.0,228.46421729301753,49.0185365450732,323.0,54.971309372382784,12.062458672494806,12.0,1.2,0.12000000000000005,77.0,3.583991368628383,0.16718106995884757
7,0.0,9,359.9004850236278,3000.0,1000.0,563.0,71.1693265107274,14.571839999369448,1491.0,251.9361208127199,53.55769371379225,225.0,36.93372410648907,7.703278095714294,0.0,0.0,0.0,0.0,0.0,0.0
