id,probability_maraud,successful_mating,next_foraging_time,x_pos,y_pos,foraging_events,foraging_hrs,foraging_sqhrs,staying_events,staying_hrs,staying_sqhrs,repairing_events,repairing_hrs,repairing_sqhrs,marauding_events,marauding_hrs,marauding_sqhrs,traveling_events,traveling_hrs,traveling_sqhrs
0,0.054,7,360.2769371744338,0.0,0.0,568.0,72.37502210522356,15.878518554250142,1639.0,281.94464401420464,60.56865847953625,0.0,0.0,0.0,16.0,1.6000000000000003,0.1600000000000001,94.0,4.409381513292562,0.2079046639231821
1,0.0,4,360.3976428383256,0.0,1000.0,564.0,70.9014735203364,15.150236117453177,1368.0,233.85095901670843,50.51913769440042,325.0,55.38934220055119,12.120562256396306,0.0,0.0,0.0,0.0,0.0,0.0
2,0.0,13,360.2983085332562,1000.0,0.0,571.0,67.41279539599522,12.836519146022187,1497.0,250.11901437524256,53.10479022862474,237.0,42.56857546351435,9.575680006051568,0.0,0.0,0.0,0.0,0.0,0.0
3,0.0,13,360.16946393459125,1000.0,1000.0,565.0,69.58322080686109,14.257231111254738,1502.0,247.56740086017487,52.03784079866426,250.0,42.9813654802639,9.493460317055463,0.0,0.0,0.0,0.0,0.0,0.0
4,0.0,9,360.0803276863421,2000.0,0.0,566.0,67.83051200073422,14.200992705107405,1550.0,261.7655233886444,56.365924592675334,185.0,30.667524143535022,6.613870885829794,0.0,0.0,0.0,0.0,0.0,0.0
5,0.054,14,360.51291562448574,2000.0,1000.0,570.0,71.3084860155764,14.293632686919565,1685.0,282.44739309253447,60.70034272181427,0.0,0.0,0.0,18.0,1.8000000000000005,0.1800000000000001,95.0,4.513207471029566,0.21647805212619994
6,0.0,5,359.98339998651244,3000.0,0.0,571.0,70.23912333704955,14.806503542282773,1670.0,289.8805587185984,63.5151645561905,0.0,0.0,0.0,0.0,0.0,0.0,0.0,0.0,0.0
7,0.0,7,359.90671672846497,3000.0,1000.0,560.0,71.97428701460615,15.317990542398624,1504.0,251.17251327033657,53.09831459232405,225.0,37.01500035894326,7.66137199938974,0.0,0.0,0.0,0.0,0.0,0.0
