id,probability_maraud,successful_mating,next_foraging_time,x_pos,y_pos,foraging_events,foraging_hrs,foraging_sqhrs,staying_events,staying_hrs,staying_sqhrs,repairing_events,repairing_hrs,repairing_sqhrs,marauding_events,marauding_hrs,marauding_sqhrs,traveling_events,traveling_hrs,traveling_sqhrs
0,0.0,5,360.5694386751267,0.0,0.0,561.0,69.25369905355417,14.598060284504808,1393.0,236.09395419215963,50.76504430896923,328.0,54.832542174416474,11.483697926104625,0.0,0.0,0.0,0.0,0.0,0.0
1,0.0,12,359.8694447141308,0.0,1000.0,560.0,74.1961136011761,16.376167832389235,1664.0,285.8493801859483,61.504531035818346,0.0,0.0,0.0,0.0,0.0,0.0,0.0,0.0,0.0
2,0.054,8,360.242600964247,1000.0,0.0,567.0,73.74166011888045,16.71972706834816,1672.0,280.39644928293825,59.66150456150853,0.0,0.0,0.0,19.0,1.9000000000000006,0.1900000000000001,86.0,4.019834589108619,0.1886145404663921
3,0.0,8,360.4315171338431,1000.0,1000.0,554.0,70.77126106478785,14.621353247583144,1214.0,203.13798859878116,42.64269936244776,515.0,86.10267866568576,18.372082208884862,0.0,0.0,0.0,0.0,0.0,0.0
4,0.0,13,359.97052972117245,2000.0,0.0,574.0,72.81499504797644,15.482926705293448,1407.0,232.40731942657706,49.2624265411329,353.0,54.82648648815624,10.83965653164026,0.0,0.0,0.0,0.0,0.0,0.0
5,0.054,13,360.5333448974774,2000.0,1000.0,559.0,70.19178270233905,14.362044523559588,1658.0,283.3754936305142,61.170863973990116,0.0,0.0,0.0,18.0,1.8000000000000005,0.1800000000000001,102.0,4.798928437476505,0.22719478737997215
6,0.0,8,360.1142413960144,3000.0,0.0,566.0,70.785298456135,14.859217239720806,1747.0,289.2633454754775,60.66009288284649,0.0,0.0,0.0,0.0,0.0,0.0,0.0,0.0,0.0
7,0.0,5,360.1332254166844,3000.0,1000.0,565.0,72.96004244388726,15.918350516222329,1530.0,256.6897696087503,55.02464487153235,175.0,30.525412301320472,6.558260553843995,0.0,0.0,0.0,0.0,0.0,0.0
