id,probability_maraud,successful_mating,next_foraging_time,x_pos,y_pos,foraging_events,foraging_hrs,foraging_sqhrs,staying_events,staying_hrs,staying_sqhrs,repairing_events,repairing_hrs,repairing_sqhrs,marauding_events,marauding_hrs,marauding_sqhrs,traveling_events,traveling_hrs,traveling_sqhrs
0,0.054,7,360.33403067553775,0.0,0.0,570.0,69.66782714912783,14.081739375252042,1675.0,284.63826976071215,61.23115586419066,0.0,0.0,0.0,13.0,1.3,0.13000000000000006,100.0,4.629629629629634,0.2143347050754454
1,0.0,5,360.0046182941635,0.0,1000.0,558.0,69.90627283251145,14.303080824144645,1398.0,241.17270447600148,53.046579137327676,312.0,48.976322218866756,9.948037857967684,0.0,0.0,0.0,0.0,0.0,0.0
2,0.0,20,360.4606518638509,1000.0,0.0,561.0,72.42810129330839,15.201193165851919,1526.0,257.00716145279637,55.38917730820733,177.0,30.682589684999307,6.762310690809967,0.0,0.0,0.0,0.0,0.0,0.0
3,0.0,7,360.0454608963573,1000.0,1000.0,560.0,72.6676121047362,15.61833605084844,1503.0,251.05898042863348,52.88585463610549,216.0,36.313265173441664,7.871967885997865,0.0,0.0,0.0,0.0,0.0,0.0
4,0.0,11,360.1246664141433,2000.0,0.0,569.0,74.2260348567256,16.35655804158313,1408.0,225.09459367894442,45.978655650193474,338.0,60.70139315999779,13.793194631119755,0.0,0.0,0.0,0.0,0.0,0.0
5,0.054,9,360.6470439006556,2000.0,1000.0,560.0,69.86604662271225,14.432914006555416,1664.0,282.7484258531946,60.411738784392085,0.0,0.0,0.0,22.0,2.2000000000000006,0.22000000000000014,115.0,5.324074074074085,0.24648491083676208
6,0.0,8,360.2264338442734,3000.0,0.0,557.0,72.28214286341482,16.12759344634882,1704.0,287.7376737822813,61.218464321101564,0.0,0.0,0.0,0.0,0.0,0.0,0.0,0.0,0.0
7,0.0,5,360.16383083125936,3000.0,1000.0,563.0,65.58163162379157,13.573812446754818,1518.0,257.79640095743605,54.864329371270216,208.0,36.74429112083036,8.261046919634326,0.0,0.0,0.0,0.0,0.0,0.0
