id,probability_maraud,successful_mating,next_foraging_time,x_pos,y_pos,foraging_events,foraging_hrs,foraging_sqhrs,staying_events,staying_hrs,staying_sqhrs,repairing_events,repairing_hrs,repairing_sqhrs,marauding_events,marauding_hrs,marauding_sqhrs,traveling_events,traveling_hrs,traveling_sqhrs
0,0.0,7,360.1443547645652,0.0,0.0,558.0,74.60591937916001,16.085827911674578,1395.0,242.64417361393882,53.53885212142092,260.0,42.913967131254545,9.021386458438691,0.0,0.0,0.0,0.0,0.0,0.0
1,0.0,8,360.19750821469546,0.0,1000.0,567.0,69.47368233049443,13.681198117194084,1727.0,290.5706568960246,61.731324667373066,0.0,0.0,0.0,0.0,0.0,0.0,0.0,0.0,0.0
2,0.054,15,360.0240927230275,1000.0,0.0,584.0,73.01970882574034,15.316095744496415,1630.0,280.86616551946986,61.53203637940842,0.0,0.0,0.0,18.0,1.8000000000000005,0.1800000000000001,94.0,4.371028405665424,0.20361796982167316
3,0.0,10,360.4890236974274,1000.0,1000.0,572.0,70.74840641476806,14.22841764594623,1454.0,246.71665360820705,51.89261303136129,239.0,42.58825525983603,9.593979689253127,0.0,0.0,0.0,0.0,0.0,0.0
4,0.0,9,359.88769559010353,2000.0,0.0,567.0,66.0774569858188,12.41728665011027,1357.0,226.21457966818343,48.19127197949933,382.0,67.71215055002219,15.145444439573346,0.0,0.0,0.0,0.0,0.0,0.0
5,0.054,9,360.39720992316575,2000.0,1000.0,560.0,68.21439138717544,13.936853007377069,1683.0,286.33283275501077,61.551862056022806,0.0,0.0,0.0,11.0,1.0999999999999999,0.11000000000000004,97.0,4.529093848367883,0.21219135802469097
6,0.0,10,360.3262299130597,3000.0,0.0,565.0,67.10845305398759,12.91053902193682,1747.0,292.96915864443463,61.299755524435966,0.0,0.0,0.0,0.0,0.0,0.0,0.0,0.0,0.0
7,0.0,4,360.0061288603531,3000.0,1000.0,568.0,70.88486295056606,14.098077187594464,1583.0,264.9108837637789,56.237643189820304,139.0,24.208989367179775,5.125530308178059,0.0,0.0,0.0,0.0,0.0,0.0
