id,probability_maraud,successful_mating,next_foraging_time,x_pos,y_pos,foraging_events,foraging_hrs,foraging_sqhrs,staying_events,staying_hrs,staying_sqhrs,repairing_events,repairing_hrs,repairing_sqhrs,marauding_events,marauding_hrs,marauding_sqhrs,traveling_events,traveling_hrs,traveling_sqhrs
0,0.0,9,360.4636964291748,0.0,0.0,565.0,72.0658074817533,15.453920031749481,1718.0,287.9748181606058,61.455190377848744,0.0,0.0,0.0,0.0,0.0,0.0,0.0,0.0,0.0
1,0.0,11,360.54366003161186,0.0,1000.0,563.0,67.09102568277444,12.987260707221354,1724.0,293.0269317654616,63.46942734433909,0.0,0.0,0.0,0.0,0.0,0.0,0.0,0.0,0.0
2,0.0,5,360.39520042858254,1000.0,0.0,567.0,66.28798971235433,13.067676270686079,1520.0,256.97375581295876,54.860446819048136,217.0,36.870671899052205,8.176392399729517,0.0,0.0,0.0,0.0,0.0,0.0
3,0.0,9,360.6489141767071,1000.0,1000.0,569.0,71.12436139106956,14.551481111429979,1483.0,253.56038416400847,55.046864734138616,215.0,35.383119080569955,7.491269787725342,0.0,0.0,0.0,0.0,0.0,0.0
4,0.054,12,360.05753121068386,2000.0,0.0,571.0,71.61973813097136,14.94868157770419,1511.0,258.3115941274857,55.848735137603974,154.0,24.608785798751853,4.941583317484206,14.0,1.4000000000000001,0.14000000000000007,88.0,4.0932506278876435,0.1907578875171465
5,0.054,12,360.1704445376281,2000.0,1000.0,556.0,69.87669742967412,15.24198872313709,1568.0,260.4211999028289,55.49185955990544,151.0,24.693251218189946,5.125088665528769,16.0,1.6000000000000003,0.1600000000000001,79.0,3.6765839612209756,0.17146776406035646
6,0.0,5,360.4296123424447,3000.0,0.0,554.0,69.62638739532207,14.25238160591262,1639.0,277.12064021399794,59.383919686077185,80.0,13.378557210125368,2.6486298657999816,0.0,0.0,0.0,0.0,0.0,0.0
7,0.0,9,359.92904468156354,3000.0,1000.0,568.0,71.8619227860154,15.784011099459262,1524.0,251.40019116658254,52.374974068680146,219.0,36.78965161361753,7.9078084002661395,0.0,0.0,0.0,0.0,0.0,0.0
