id,probability_maraud,successful_mating,next_foraging_time,x_pos,y_pos,foraging_events,foraging_hrs,foraging_sqhrs,staying_events,staying_hrs,staying_sqhrs,repairing_events,repairing_hrs,repairing_sqhrs,marauding_events,marauding_hrs,marauding_sqhrs,traveling_events,traveling_hrs,traveling_sqhrs
0,0.0,3,360.503680875078,0.0,0.0,572.0,66.90473461123175,12.356875372299596,1568.0,268.7023010410145,58.75863036368261,143.0,24.457848783845687,5.469756738541102,0.0,0.0,0.0,0.0,0.0,0.0
1,0.0,8,360.3457749486583,0.0,1000.0,559.0,71.04895730891334,15.9542904995018,1556.0,264.84141508261473,57.11858463808301,145.0,24.44834954357181,5.134903869887604,0.0,0.0,0.0,0.0,0.0,0.0
2,0.054,8,360.13930397316943,1000.0,0.0,574.0,72.58641530463674,15.298956122841272,1588.0,262.57313617940923,55.20687793483521,113.0,18.313212275830658,3.9701465283132817,17.0,1.7000000000000004,0.1700000000000001,104.0,4.85316792244196,0.22719478737997206
3,0.054,5,360.1186348050358,1000.0,1000.0,565.0,74.28671388927113,16.58286316304503,1501.0,256.041182011635,54.95668893114316,143.0,24.514400707131493,5.343332031523012,10.0,0.9999999999999999,0.10000000000000003,92.0,4.25925925925926,0.19718792866940982
4,0.0,12,360.1359192183802,2000.0,0.0,572.0,68.10999583820964,13.625548123239874,1426.0,249.56054797384226,54.53008536696295,257.0,42.53937632675321,9.091307898209758,0.0,0.0,0.0,0.0,0.0,0.0
5,0.0,10,360.09999148924067,2000.0,1000.0,559.0,75.71201501891912,16.978258390601308,1573.0,259.8826607819332,54.4471431232363,142.0,24.511292915521537,5.266703785201507,0.0,0.0,0.0,0.0,0.0,0.0
6,0.0,18,359.98236131990046,3000.0,0.0,545.0,72.66584842755415,15.824067813482483,1706.0,287.5069134511195,61.76233380523349,0.0,0.0,0.0,0.0,0.0,0.0,0.0,0.0,0.0
7,0.0,8,360.11296037387024,3000.0,1000.0,563.0,68.72831789444318,14.277850372183153,1701.0,291.3512874964489,62.549376543772816,0.0,0.0,0.0,0.0,0.0,0.0,0.0,0.0,0.0
