id,probability_maraud,successful_mating,next_foraging_time,x_pos,y_pos,foraging_events,foraging_hrs,foraging_sqhrs,staying_events,staying_hrs,staying_sqhrs,repairing_events,repairing_hrs,repairing_sqhrs,marauding_events,marauding_hrs,marauding_sqhrs,traveling_events,traveling_hrs,traveling_sqhrs
0,0.0,11,360.16169772253375,0.0,0.0,558.0,68.52522719204306,13.514035756113996,1700.0,285.39438829351036,60.66027879322926,34.0,6.230163451426799,1.5027619848251383,0.0,0.0,0.0,0.0,0.0,0.0
1,0.0,7,360.48832848233286,0.0,1000.0,572.0,71.10642825318706,15.089801926969933,1683.0,282.94241450617716,60.734177030488624,32.0,6.054721904032886,1.4070079089979184,0.0,0.0,0.0,0.0,0.0,0.0
2,0.054,10,360.39131883573003,1000.0,0.0,571.0,68.98753689004631,13.569165270938148,1526.0,254.93159473573928,53.78139662305689,194.0,30.634544193586738,6.358266858212232,13.0,1.3,0.13000000000000006,90.0,4.224196328107375,0.19933127572016432
3,0.0,7,360.8335450198838,1000.0,1000.0,551.0,74.85844809107743,16.053178327669723,1507.0,254.5325516856631,54.95301431543318,173.0,30.806262125886516,6.825608674887494,0.0,0.0,0.0,0.0,0.0,0.0
4,0.054,9,360.48270678226186,2000.0,0.0,555.0,70.90141118177641,15.769199048890856,1566.0,258.0054217119848,54.69218848854087,138.0,24.489945148998487,5.448366168497206,22.0,2.2000000000000006,0.22000000000000014,97.0,4.529093848367883,0.21219135802469097
5,0.0,11,359.90149946960736,2000.0,1000.0,563.0,70.14453519113499,14.278133407977116,1403.0,241.18037946827044,52.68287667224638,282.0,48.92297190718414,10.94682569535813,0.0,0.0,0.0,0.0,0.0,0.0
6,0.0,8,360.47893102852413,3000.0,0.0,563.0,73.73984233677301,15.877335499081703,1361.0,225.27010844934,47.1792643001891,365.0,61.08699488256324,13.037079371332187,0.0,0.0,0.0,0.0,0.0,0.0
7,0.0,9,360.0450438601343,3000.0,1000.0,562.0,73.04487196655573,15.181562518269788,1715.0,287.1808955818453,60.78752830539935,0.0,0.0,0.0,0.0,0.0,0.0,0.0,0.0,0.0
