id,probability_maraud,successful_mating,next_foraging_time,x_pos,y_pos,foraging_events,foraging_hrs,foraging_sqhrs,staying_events,staying_hrs,staying_sqhrs,repairing_events,repairing_hrs,repairing_sqhrs,marauding_events,marauding_hrs,marauding_sqhrs,traveling_events,traveling_hrs,traveling_sqhrs
0,0.0,11,360.4772396575541,0.0,0.0,570.0,73.11713056798719,15.615920707576468,1645.0,281.03099108389563,60.29845420925235,34.0,6.016619948045899,1.3156434476545231,0.0,0.0,0.0,0.0,0.0,0.0
1,0.054,8,359.97536390188526,0.0,100.0,559.0,73.77041149041177,16.068558385903003,1650.0,284.1384406755299,62.1740913721422,0.0,0.0,0.0,15.0,1.5000000000000002,0.15000000000000008,73.0,0.599610246862013,0.005937071330589853
2,0.0,7,360.22034858857086,100.0,0.0,557.0,69.1044517506402,14.247084580585577,1499.0,254.3880256358591,54.85430706278322,219.0,36.63424649641891,7.928933251915985,0.0,0.0,0.0,0.0,0.0,0.0
3,0.0,4,359.956156030677,100.0,100.0,559.0,69.36815037208312,14.295068203673685,1633.0,278.59871268835604,59.936300536162875,71.0,12.062079526107466,2.523561282477534,0.0,0.0,0.0,0.0,0.0,0.0
4,0.0,16,360.4515414576993,200.0,0.0,560.0,68.49874868347423,14.119044245513736,1677.0,279.1893687664502,59.655979407437876,71.0,12.321197153667574,2.695102360641608,0.0,0.0,0.0,0.0,0.0,0.0
5,0.0,8,359.8917549354093,200.0,100.0,570.0,67.90504162905906,13.576413550188592,1738.0,292.1070324677894,62.53860002443946,0.0,0.0,0.0,0.0,0.0,0.0,0.0,0.0,0.0
6,0.0,9,360.1154235379454,300.0,0.0,570.0,67.82945512872048,12.672291133753076,1690.0,279.8895942374395,59.382319288333065,71.0,12.29484006528897,2.6287067711876246,0.0,0.0,0.0,0.0,0.0,0.0
7,0.0,9,360.32515815654074,300.0,100.0,560.0,66.88600612456152,13.297266265837893,1622.0,281.1438690652392,61.23862640411615,67.0,12.097269936555145,2.640214810397007,0.0,0.0,0.0,0.0,0.0,0.0
