id,probability_maraud,successful_mating,next_foraging_time,x_pos,y_pos,foraging_events,foraging_hrs,foraging_sqhrs,staying_events,staying_hrs,staying_sqhrs,repairing_events,repairing_hrs,repairing_sqhrs,marauding_events,marauding_hrs,marauding_sqhrs,traveling_events,traveling_hrs,traveling_sqhrs
0,0.0,11,360.61228430161293,0.0,0.0,572.0,72.13128874730191,15.32416829656551,1657.0,281.6376085770203,60.52077808236625,35.0,6.283999721744307,1.4215116167491153,0.0,0.0,0.0,0.0,0.0,0.0
1,0.054,5,360.0420001396875,0.0,100.0,581.0,71.66140479252375,13.892853128023203,1722.0,286.5216199252621,59.62709569845557,0.0,0.0,0.0,12.0,1.2,0.12000000000000005,88.0,0.7728492069212413,0.008058984910836769
2,0.0,7,359.97097765059,100.0,0.0,567.0,70.07550388615346,15.182982359598629,1576.0,265.4304276213554,56.97803805348309,146.0,24.602071180932125,5.195959558276133,0.0,0.0,0.0,0.0,0.0,0.0
3,0.0,9,359.9122162781191,100.0,100.0,562.0,68.56277552190198,14.05097478956779,1660.0,285.44906718180084,62.128270307341516,39.0,6.070034349603833,1.2159833001003761,0.0,0.0,0.0,0.0,0.0,0.0
4,0.0,7,360.3613262000405,200.0,0.0,569.0,71.1085043514554,14.569156169697845,1654.0,282.9612727743659,60.72753131569926,36.0,6.033021361101169,1.2133745341464597,0.0,0.0,0.0,0.0,0.0,0.0
5,0.0,13,360.7441080044423,200.0,100.0,570.0,72.42423050979569,15.287590465120376,1676.0,275.55766003998406,57.76886499137304,72.0,12.21266631938416,2.483541837330598,0.0,0.0,0.0,0.0,0.0,0.0
6,0.0,10,360.34933104522355,300.0,0.0,583.0,68.54730270035706,13.37580951999168,1710.0,285.52472068019557,60.34460281900807,35.0,6.016378127389505,1.2934990824396835,0.0,0.0,0.0,0.0,0.0,0.0
7,0.0,10,360.00754582905915,300.0,100.0,552.0,68.70273175115184,14.46204616855965,1610.0,279.241642334994,60.58790648612181,72.0,12.14549718957434,2.504286683671369,0.0,0.0,0.0,0.0,0.0,0.0
