id,probability_maraud,successful_mating,next_foraging_time,x_pos,y_pos,foraging_events,foraging_hrs,foraging_sqhrs,staying_events,staying_hrs,staying_sqhrs,repairing_events,repairing_hrs,repairing_sqhrs,marauding_events,marauding_hrs,marauding_sqhrs,traveling_events,traveling_hrs,traveling_sqhrs
0,0.0,9,360.2209847175113,0.0,0.0,558.0,69.98444784489732,14.567253193234476,1548.0,259.55644979876723,55.335386568415004,189.0,30.53371741725855,6.287002223986733,0.0,0.0,0.0,0.0,0.0,0.0
1,0.0,16,360.1145134153837,0.0,100.0,562.0,69.75151124725124,14.09220379994011,1667.0,278.14315856515384,58.02794407534843,71.0,12.213501334999846,2.7286590749937334,0.0,0.0,0.0,0.0,0.0,0.0
2,0.0,7,360.2063405969389,100.0,0.0,567.0,70.07620621582986,14.489119940140789,1593.0,277.6659409784263,60.86730930387739,75.0,12.325603349298687,2.653041603770655,0.0,0.0,0.0,0.0,0.0,0.0
3,0.0,10,360.0665513525763,100.0,100.0,572.0,70.38255450997848,15.792845367122629,1642.0,277.58695166215074,59.91692678000646,74.0,12.107819900681543,2.4863347256618686,0.0,0.0,0.0,0.0,0.0,0.0
4,0.0,8,360.2182100340207,200.0,0.0,559.0,72.39527170881223,15.124449112150518,1677.0,287.7295508349537,62.47938044524296,0.0,0.0,0.0,0.0,0.0,0.0,0.0,0.0,0.0
5,0.0,8,360.2293627943987,200.0,100.0,578.0,71.65322139805635,14.846272961206578,1622.0,270.3660405218452,57.934887073437075,113.0,18.121705467429592,3.7093629126987806,0.0,0.0,0.0,0.0,0.0,0.0
6,0.0,6,360.4007959950104,300.0,0.0,565.0,70.53283850718597,14.773429770286233,1558.0,265.2236120629974,58.050348354805365,135.0,24.409169001307998,5.18701981763121,0.0,0.0,0.0,0.0,0.0,0.0
7,0.054,8,360.06834626325656,300.0,100.0,557.0,66.65012385101255,13.32660231571828,1738.0,290.80582145686304,61.294111313687566,0.0,0.0,0.0,18.0,1.8000000000000005,0.1800000000000001,108.0,0.9579807170463696,0.01022376543209877
