id,probability_maraud,successful_mating,next_foraging_time,x_pos,y_pos,foraging_events,foraging_hrs,foraging_sqhrs,staying_events,staying_hrs,staying_sqhrs,repairing_events,repairing_hrs,repairing_sqhrs,marauding_events,marauding_hrs,marauding_sqhrs,traveling_events,traveling_hrs,traveling_sqhrs
0,0.0,14,359.82223277821464,0.0,0.0,572.0,71.83066968470523,14.620263817137342,1530.0,263.8559631558562,57.493222483942056,158.0,24.344729552649575,4.927599466635058,0.0,0.0,0.0,0.0,0.0,0.0
1,0.0,12,360.07056264930264,0.0,100.0,563.0,70.38595683589634,15.423732886411875,1624.0,273.97051994537657,58.492529193076244,88.0,15.729552205508194,3.5009318896244435,0.0,0.0,0.0,0.0,0.0,0.0
2,0.0,7,360.40648770532084,100.0,0.0,575.0,70.98526951580804,14.744524908161955,1722.0,289.23085122879877,61.416457046832946,0.0,0.0,0.0,0.0,0.0,0.0,0.0,0.0,0.0
3,0.0,6,360.2583940617257,100.0,100.0,568.0,71.45094078535486,15.842133510727493,1574.0,270.24140340063497,58.79827446972832,101.0,18.352583771734526,3.981024516573178,0.0,0.0,0.0,0.0,0.0,0.0
4,0.054,8,360.4614234186339,200.0,0.0,555.0,69.39453658160214,15.170569366169271,1718.0,288.4054257070035,62.02938482897971,0.0,0.0,0.0,17.0,1.7000000000000004,0.1700000000000001,90.0,0.6052377710934725,0.004479595336076821
5,0.0,7,360.2477466619921,200.0,100.0,572.0,72.51880650708681,15.22294030057574,1659.0,281.4637021270658,60.0832160393841,37.0,6.237264238616364,1.2898354722583032,0.0,0.0,0.0,0.0,0.0,0.0
6,0.0,11,360.0458502574606,300.0,0.0,559.0,73.49581533874516,16.710813573341383,1530.0,255.83084924198877,54.54629731116105,170.0,30.70605972362888,6.6186202074553595,0.0,0.0,0.0,0.0,0.0,0.0
7,0.0,7,360.43875635485335,300.0,100.0,558.0,67.5454186503318,13.095597831466408,1722.0,286.42991462797903,61.130141890555144,39.0,6.088740148544346,1.1836880714618383,0.0,0.0,0.0,0.0,0.0,0.0
