id,probability_maraud,successful_mating,next_foraging_time,x_pos,y_pos,foraging_events,foraging_hrs,foraging_sqhrs,staying_events,staying_hrs,staying_sqhrs,repairing_events,repairing_hrs,repairing_sqhrs,marauding_events,marauding_hrs,marauding_sqhrs,traveling_events,traveling_hrs,traveling_sqhrs
0,0.0,8,360.3522910665663,0.0,0.0,562.0,72.11472746117013,15.689889521090082,1605.0,270.65521971653743,57.56226198833862,102.0,17.254726699020786,3.625915061511917,0.0,0.0,0.0,0.0,0.0,0.0
1,0.0,9,360.5709277830608,0.0,100.0,578.0,72.14318016446309,14.894995099572288,1621.0,269.5736881570473,57.09117099554009,108.0,18.390169965067145,3.8856444332915565,0.0,0.0,0.0,0.0,0.0,0.0
2,0.0,12,360.1930463247776,100.0,0.0,568.0,69.38364261416486,14.078429510511354,1605.0,272.5289561879414,59.00938606832533,112.0,18.38048638856818,3.6759165710886372,0.0,0.0,0.0,0.0,0.0,0.0
3,0.0,11,360.09669068408124,100.0,100.0,565.0,70.81439050204924,15.32588950050283,1642.0,277.1397495647461,58.90170425624385,69.0,12.052844245753356,2.6029751233465483,0.0,0.0,0.0,0.0,0.0,0.0
4,0.054,9,360.4292357609746,200.0,0.0,576.0,72.62671284023492,14.892139938931004,1691.0,284.3378333311981,60.97416646069937,0.0,0.0,0.0,25.0,2.500000000000001,0.25000000000000017,109.0,0.7212466710593362,0.00529406721536352
5,0.0,10,360.67296859518177,200.0,100.0,561.0,73.00327586991233,16.16560371825076,1570.0,262.71767612792667,56.074024260188786,149.0,24.44940373524406,5.131131835312479,0.0,0.0,0.0,0.0,0.0,0.0
6,0.0,9,360.20382667388134,300.0,0.0,572.0,68.75238651800595,12.795723154184971,1540.0,262.0621374788953,56.341640326584525,176.0,29.310855081480646,6.123113337766736,0.0,0.0,0.0,0.0,0.0,0.0
7,0.0,4,360.5563900035938,300.0,100.0,560.0,71.62715127580604,14.978069543467853,1545.0,257.98149917980186,53.97648077392091,180.0,30.604558096701524,6.313753237963168,0.0,0.0,0.0,0.0,0.0,0.0
