id,probability_maraud,successful_mating,next_foraging_time,x_pos,y_pos,foraging_events,foraging_hrs,foraging_sqhrs,staying_events,staying_hrs,staying_sqhrs,repairing_events,repairing_hrs,repairing_sqhrs,marauding_events,marauding_hrs,marauding_sqhrs,traveling_events,traveling_hrs,traveling_sqhrs
0,0.054,10,360.82498813400525,0.0,0.0,565.0,72.93332625588086,15.520926472984884,1696.0,283.8182849166643,59.812970999316626,0.0,0.0,0.0,24.0,2.400000000000001,0.24000000000000016,104.0,0.9553630058778071,0.010138031550068592
1,0.0,12,360.136972184797,0.0,100.0,571.0,72.44642981227088,15.724088921562734,1620.0,275.4921242313618,58.67058982929032,66.0,12.161318817782325,2.7049387501916495,0.0,0.0,0.0,0.0,0.0,0.0
2,0.0,11,360.15513870258076,100.0,0.0,557.0,71.7331823439581,15.991983651000465,1645.0,276.0817310159985,58.79565042581886,66.0,12.207205816434067,2.808885702225206,0.0,0.0,0.0,0.0,0.0,0.0
3,0.0,7,360.21269842406457,100.0,100.0,559.0,66.87290765162592,13.264587764858145,1544.0,262.93506441718165,57.432501806727615,168.0,30.39464027210172,6.702451970655917,0.0,0.0,0.0,0.0,0.0,0.0
4,0.0,9,360.3969877207772,200.0,0.0,570.0,67.3791226338295,13.126974283891037,1573.0,268.4613509244039,57.9391717408955,147.0,24.267832642058394,5.111308895153307,0.0,0.0,0.0,0.0,0.0,0.0
5,0.0,6,360.2106328449617,200.0,100.0,564.0,69.79468107110485,14.101010738335477,1589.0,272.0687065665669,59.154409761452605,109.0,18.185084938468226,3.8056810616533383,0.0,0.0,0.0,0.0,0.0,0.0
6,0.0,9,360.33220079997875,300.0,0.0,552.0,71.1057444405026,14.88354978495977,1572.0,264.441405777318,56.390934007658444,151.0,24.564598348625832,5.127398635854653,0.0,0.0,0.0,0.0,0.0,0.0
7,0.0,8,360.4968117505493,300.0,100.0,561.0,68.61703469237747,14.394753331251133,1576.0,266.879729028044,57.07187897163766,153.0,24.55415314160972,4.87763935371474,0.0,0.0,0.0,0.0,0.0,0.0
