id,probability_maraud,successful_mating,next_foraging_time,x_pos,y_pos,foraging_events,foraging_hrs,foraging_sqhrs,staying_events,staying_hrs,staying_sqhrs,repairing_events,repairing_hrs,repairing_sqhrs,marauding_events,marauding_hrs,marauding_sqhrs,traveling_events,traveling_hrs,traveling_sqhrs
0,0.0,7,359.8529877908259,0.0,0.0,577.0,71.11856047926464,14.986280231068513,1598.0,270.6105870203471,57.776137148865175,106.0,18.311513882228972,4.118083088047773,0.0,0.0,0.0,0.0,0.0,0.0
1,0.0,10,360.153349725189,0.0,100.0,558.0,72.99916063761829,15.88258435222583,1570.0,268.17580966801467,57.6065892905432,108.0,18.87151381121739,4.236383118048059,0.0,0.0,0.0,0.0,0.0,0.0
2,0.0,8,360.381618134312,100.0,0.0,557.0,70.03465714376422,15.437173714890495,1692.0,289.98912841527454,62.782766738970246,0.0,0.0,0.0,0.0,0.0,0.0,0.0,0.0,0.0
3,0.0,13,360.3954239649543,100.0,100.0,570.0,69.37422702370385,13.774385778263108,1570.0,272.35996895565097,59.663174183340914,107.0,18.3578332064607,3.84899214148328,0.0,0.0,0.0,0.0,0.0,0.0
4,0.0,9,360.32028677384875,200.0,0.0,588.0,69.28218278439027,14.764060814220977,1663.0,278.5132083486601,60.08628343082059,76.0,12.391787397754719,2.4340579139990814,0.0,0.0,0.0,0.0,0.0,0.0
5,0.0,9,360.18518788842755,200.0,100.0,554.0,72.6437089075712,16.37735519064843,1650.0,281.50441737812776,60.527930702839114,33.0,6.041515968040213,1.3214840428357395,0.0,0.0,0.0,0.0,0.0,0.0
6,0.0,8,360.0655513627807,300.0,0.0,560.0,71.20469224512591,14.762829580320545,1639.0,267.0589188080152,55.908779530609934,126.0,21.86207419380828,4.656814544248815,0.0,0.0,0.0,0.0,0.0,0.0
7,0.054,8,359.8519755899214,300.0,100.0,570.0,71.41621690544328,14.74836073968651,1681.0,286.14966242638377,60.8808467832224,0.0,0.0,0.0,17.0,1.7000000000000004,0.1700000000000001,82.0,0.7383522105221526,0.007780349794238689
