id,probability_maraud,successful_mating,next_foraging_time,x_pos,y_pos,foraging_events,foraging_hrs,foraging_sqhrs,staying_events,staying_hrs,staying_sqhrs,repairing_events,repairing_hrs,repairing_sqhrs,marauding_events,marauding_hrs,marauding_sqhrs,traveling_events,traveling_hrs,traveling_sqhrs
0,0.0,13,360.25225429736304,0.0,0.0,578.0,68.56297431811592,13.397960695363585,1676.0,285.6768632756717,61.14014913711959,35.0,6.040704524697366,1.2487861521177857,0.0,0.0,0.0,0.0,0.0,0.0
1,0.0,15,360.5291037120878,0.0,100.0,562.0,71.74720858405126,16.000075484298886,1590.0,269.90184765807186,57.98907707867525,109.0,18.418610603366048,3.8554466676360977,0.0,0.0,0.0,0.0,0.0,0.0
2,0.0,9,360.0309085180433,100.0,0.0,572.0,72.57586303424131,15.433506912349435,1629.0,275.49975368750086,59.30011393767785,72.0,12.016318409453877,2.6747366952622613,0.0,0.0,0.0,0.0,0.0,0.0
3,0.054,10,360.4115116488168,100.0,100.0,564.0,71.34138183589953,14.663816124095726,1694.0,286.39412693965625,61.3423053446022,0.0,0.0,0.0,17.0,1.7000000000000004,0.1700000000000001,91.0,0.59130829418493,0.0042223936899862865
4,0.0,7,360.2683987861904,200.0,0.0,566.0,72.53108408622425,14.848036560184788,1646.0,281.4827720281293,60.29152230395621,36.0,6.0368376834784705,1.2576932248528336,0.0,0.0,0.0,0.0,0.0,0.0
5,0.0,4,360.30370852599685,200.0,100.0,563.0,71.78304003381544,14.868026217446165,1601.0,270.133056320866,57.7233229775173,103.0,18.25920994619365,4.188497935834953,0.0,0.0,0.0,0.0,0.0,0.0
6,0.0,9,360.05840719985656,300.0,0.0,576.0,68.2192281304473,12.78889555611033,1539.0,261.25756062906316,55.669020492155944,171.0,30.600178604553708,6.771762538135588,0.0,0.0,0.0,0.0,0.0,0.0
7,0.0,5,360.32663205310365,300.0,100.0,572.0,69.46429152051704,13.808911505512816,1637.0,278.41580074238436,59.61346780479559,71.0,12.139136555511456,2.6260648129626443,0.0,0.0,0.0,0.0,0.0,0.0
