id,probability_maraud,successful_mating,next_foraging_time,x_pos,y_pos,foraging_events,foraging_hrs,foraging_sqhrs,staying_events,staying_hrs,staying_sqhrs,repairing_events,repairing_hrs,repairing_sqhrs,marauding_events,marauding_hrs,marauding_sqhrs,traveling_events,traveling_hrs,traveling_sqhrs
0,0.0,8,360.2944290673137,0.0,0.0,554.0,74.60557504546321,15.833796138938283,1512.0,248.64197355864937,52.69320502773344,217.0,36.89567998959771,7.854806837825935,0.0,0.0,0.0,0.0,0.0,0.0
1,0.0,6,360.2937311600262,0.0,100.0,557.0,73.05656689612016,16.76381849611529,1571.0,262.93898671459726,56.12675489125638,129.0,24.09625630831916,5.767450929938494,0.0,0.0,0.0,0.0,0.0,0.0
2,0.0,11,360.6302933618826,100.0,0.0,572.0,68.35840073668138,14.023907102585548,1634.0,279.61075623511346,60.22684543631473,74.0,12.178730104466648,2.5193666346271675,0.0,0.0,0.0,0.0,0.0,0.0
3,0.0,10,360.49456749474024,100.0,100.0,568.0,74.83757461084846,15.98937569766753,1602.0,266.9668940889523,55.92201548519884,109.0,18.39042079670514,3.951767479854866,0.0,0.0,0.0,0.0,0.0,0.0
4,0.054,15,360.5333940540518,200.0,0.0,567.0,72.3603259494104,15.283160729701963,1683.0,284.8996164297624,60.585557215867894,0.0,0.0,0.0,20.0,2.0000000000000004,0.20000000000000012,113.0,0.7590780269632891,0.005658436213991776
5,0.0,8,360.0146284163301,200.0,100.0,566.0,72.98250110070144,14.98078134828491,1684.0,287.07565981169483,62.130438858061815,0.0,0.0,0.0,0.0,0.0,0.0,0.0,0.0,0.0
6,0.0,5,360.61119274172364,300.0,0.0,583.0,73.58553945675828,14.804678738920954,1580.0,268.19293384728985,57.10828799695587,112.0,18.350582847355465,3.8401368596758156,0.0,0.0,0.0,0.0,0.0,0.0
7,0.0,9,360.3459944779619,300.0,100.0,574.0,72.56744471010195,15.446135552641257,1655.0,275.2861281507392,58.112526271016534,74.0,12.249637580899536,2.6520984298855024,0.0,0.0,0.0,0.0,0.0,0.0
