id,probability_maraud,successful_mating,next_foraging_time,x_pos,y_pos,foraging_events,foraging_hrs,foraging_sqhrs,staying_events,staying_hrs,staying_sqhrs,repairing_events,repairing_hrs,repairing_sqhrs,marauding_events,marauding_hrs,marauding_sqhrs,traveling_events,traveling_hrs,traveling_sqhrs
0,0.0,6,360.1333674284699,0.0,0.0,560.0,69.32939783656214,14.058515684283952,1470.0,248.18410507810324,53.41280207986459,237.0,42.73046905056605,9.60614882565408,0.0,0.0,0.0,0.0,0.0,0.0
1,0.0,7,360.80889236061535,0.0,100.0,556.0,70.50881018864114,14.976534725049136,1509.0,258.47607947871444,55.43767065895966,191.0,31.306341866424745,6.818679350881252,0.0,0.0,0.0,0.0,0.0,0.0
2,0.0,12,360.54107596315026,100.0,0.0,577.0,66.47040479282505,12.447813270556342,1632.0,281.5311225094809,61.48573444737136,69.0,12.082160276334102,2.5193608363755042,0.0,0.0,0.0,0.0,0.0,0.0
3,0.0,10,360.1152351876026,100.0,100.0,574.0,70.62050475787687,14.318948333276683,1533.0,258.9625465015033,56.03768402490408,191.0,30.546014938558077,6.246845338305339,0.0,0.0,0.0,0.0,0.0,0.0
4,0.054,9,360.000477143723,200.0,0.0,566.0,70.15004243524079,14.460063443287085,1676.0,286.43794805510373,62.03918327328919,0.0,0.0,0.0,26.0,2.600000000000001,0.2600000000000002,116.0,0.8136218512549118,0.006322873799725662
5,0.0,1,360.54470081188833,200.0,100.0,571.0,68.35840418148034,13.170675453437173,1596.0,273.5453402520725,59.20489544744112,105.0,18.289991299219125,4.2085070168801595,0.0,0.0,0.0,0.0,0.0,0.0
6,0.0,12,360.21605826963554,300.0,0.0,573.0,66.58008808871514,12.747615104259447,1620.0,275.31781156810825,59.44929406271269,109.0,18.219870407000467,3.8412752901139156,0.0,0.0,0.0,0.0,0.0,0.0
7,0.0,15,360.02665112898956,300.0,100.0,565.0,71.98624287469481,15.724127202571028,1702.0,288.0544061253783,61.60445884685448,0.0,0.0,0.0,0.0,0.0,0.0,0.0,0.0,0.0
