id,probability_maraud,successful_mating,next_foraging_time,x_pos,y_pos,foraging_events,foraging_hrs,foraging_sqhrs,staying_events,staying_hrs,staying_sqhrs,repairing_events,repairing_hrs,repairing_sqhrs,marauding_events,marauding_hrs,marauding_sqhrs,traveling_events,traveling_hrs,traveling_sqhrs
0,0.0,15,360.07527621189485,0.0,0.0,575.0,69.83132165149803,13.732827043443976,1670.0,284.2380535998431,60.62114116696847,36.0,6.049218056240292,1.4128962381727146,0.0,0.0,0.0,0.0,0.0,0.0
1,0.0,9,359.9452859989661,0.0,100.0,566.0,68.77164829023238,13.988365084350269,1517.0,260.96135667582666,56.5417207254732,179.0,30.333299607121067,6.341159135988638,0.0,0.0,0.0,0.0,0.0,0.0
2,0.0,8,360.32999092356806,100.0,0.0,581.0,68.78633357326085,13.679010320248914,1532.0,260.65449886311404,55.4420242978211,180.0,30.593378701571567,6.636857254487898,0.0,0.0,0.0,0.0,0.0,0.0
3,0.0,9,360.1933929625355,100.0,100.0,569.0,68.33714011069573,13.195524657425024,1613.0,273.3244939818688,58.284706964554296,104.0,18.347367488749377,4.017729640216247,0.0,0.0,0.0,0.0,0.0,0.0
4,0.054,8,360.3591560273855,200.0,0.0,550.0,69.44257682800772,14.745236712809499,1714.0,287.83068576241897,62.19482228564711,0.0,0.0,0.0,22.0,2.2000000000000006,0.22000000000000014,115.0,0.7495607672873594,0.005465534979423876
5,0.0,9,360.2939798276425,200.0,100.0,577.0,70.37850340160674,13.822594822256834,1512.0,259.1327173605148,55.842542842859196,179.0,30.622444242290104,6.426178366935008,0.0,0.0,0.0,0.0,0.0,0.0
6,0.0,6,360.2309170694919,300.0,0.0,568.0,67.90200064451852,13.404176448530256,1608.0,280.0674793204381,61.84442150968191,65.0,12.188498673034562,2.812819335985781,0.0,0.0,0.0,0.0,0.0,0.0
7,0.0,8,360.13394565214867,300.0,100.0,578.0,64.89625752689244,11.982021213496573,1719.0,289.02778142131206,61.8456573226134,36.0,6.080996069133742,1.2215692581772752,0.0,0.0,0.0,0.0,0.0,0.0
