id,probability_maraud,successful_mating,next_foraging_time,x_pos,y_pos,foraging_events,foraging_hrs,foraging_sqhrs,staying_events,staying_hrs,staying_sqhrs,repairing_events,repairing_hrs,repairing_sqhrs,marauding_events,marauding_hrs,marauding_sqhrs,traveling_events,traveling_hrs,traveling_sqhrs
0,0.0,11,360.22333242685755,0.0,0.0,558.0,69.99036105229611,14.10514749524046,1682.0,283.90031483949554,61.13306568444671,34.0,6.141753224412236,1.3212232417821343,0.0,0.0,0.0,0.0,0.0,0.0
1,0.0,9,360.32254972891207,0.0,100.0,558.0,73.0847963445067,15.641954593280696,1521.0,256.5375298711102,54.49087348400363,183.0,30.572121452078555,6.559521234702197,0.0,0.0,0.0,0.0,0.0,0.0
2,0.0,8,360.35738045428667,100.0,0.0,571.0,75.35564082075393,15.853488499507616,1664.0,278.6527489497712,59.63370163145224,38.0,6.0770743468210116,1.3197196639464162,0.0,0.0,0.0,0.0,0.0,0.0
3,0.054,11,360.38155002076206,100.0,100.0,559.0,74.81829032575969,16.56702339104025,1684.0,282.39132378128505,60.60137867095212,0.0,0.0,0.0,22.0,2.2000000000000006,0.22000000000000014,98.0,0.6041042757705795,0.00409379286694102
4,0.0,8,360.26561510116005,200.0,0.0,570.0,70.54495253706546,14.183390652818822,1589.0,265.24517631441404,56.03759891946006,141.0,24.423028425520066,5.258832272894342,0.0,0.0,0.0,0.0,0.0,0.0
5,0.0,5,360.17198487084346,200.0,100.0,565.0,69.9534005646134,16.020640954358672,1587.0,265.9545442583093,56.65316400894245,143.0,24.248739270882723,5.1510173848934215,0.0,0.0,0.0,0.0,0.0,0.0
6,0.0,11,360.59676547577146,300.0,0.0,564.0,72.03974069193247,16.014842393321956,1645.0,275.7094983536236,58.83571541524823,66.0,12.273302479888835,2.7427485822246593,0.0,0.0,0.0,0.0,0.0,0.0
7,0.0,9,360.4541652700409,300.0,100.0,570.0,73.39935807300282,15.690924195525431,1546.0,256.53644825227286,53.76829998013038,180.0,30.301777774099694,6.270306142986595,0.0,0.0,0.0,0.0,0.0,0.0
