id,probability_maraud,successful_mating,next_foraging_time,x_pos,y_pos,foraging_events,foraging_hrs,foraging_sqhrs,staying_events,staying_hrs,staying_sqhrs,repairing_events,repairing_hrs,repairing_sqhrs,marauding_events,marauding_hrs,marauding_sqhrs,traveling_events,traveling_hrs,traveling_sqhrs
0,0.054,10,360.138972628686,0.0,0.0,563.0,68.74945347616556,13.932012734779063,1716.0,287.7040752342757,61.1614317637277,0.0,0.0,0.0,28.0,2.800000000000001,0.2800000000000002,100.0,0.8265331159447201,0.00814471879286695
1,0.0,6,360.3369836783515,0.0,100.0,553.0,75.28582265643152,17.285067758615376,1490.0,257.11390391223233,56.04895371952491,153.0,27.748007410754486,6.496732274646419,0.0,0.0,0.0,0.0,0.0,0.0
2,0.0,10,359.9601201568461,100.0,0.0,564.0,67.92653176991647,13.831317015012532,1587.0,273.9522652377553,59.529109048451495,104.0,18.279771857263288,4.201431446606639,0.0,0.0,0.0,0.0,0.0,0.0
3,0.0,6,360.1912117054885,100.0,100.0,570.0,69.32022736735246,14.277404157390677,1470.0,253.95514930928292,55.4363143297647,213.0,36.81562242347701,7.858195260365183,0.0,0.0,0.0,0.0,0.0,0.0
4,0.0,12,360.2722182771456,200.0,0.0,572.0,69.8561478617961,13.746023288887258,1633.0,277.4247589822447,59.03434425794553,67.0,13.021643805441837,3.0314388111606743,0.0,0.0,0.0,0.0,0.0,0.0
5,0.0,10,360.78353083430966,200.0,100.0,555.0,71.9898628802323,15.246199776114194,1556.0,263.64896635465175,57.22656280804798,145.0,24.453186445174516,5.112516482734214,0.0,0.0,0.0,0.0,0.0,0.0
6,0.0,9,360.0862485955216,300.0,0.0,558.0,74.52820700774437,16.812344050992554,1501.0,255.06929034369423,54.59240710139961,184.0,30.523938011110513,6.5583442976472766,0.0,0.0,0.0,0.0,0.0,0.0
7,0.0,9,360.35270855611947,300.0,100.0,554.0,73.22838132009619,15.994192220099587,1611.0,274.7318148650994,59.21394810282045,66.0,12.10835523650561,2.638890443972212,0.0,0.0,0.0,0.0,0.0,0.0
