id,probability_maraud,successful_mating,next_foraging_time,x_pos,y_pos,foraging_events,foraging_hrs,foraging_sqhrs,staying_events,staying_hrs,staying_sqhrs,repairing_events,repairing_hrs,repairing_sqhrs,marauding_events,marauding_hrs,marauding_sqhrs,traveling_events,traveling_hrs,traveling_sqhrs
0,0.0,5,360.3356431132372,0.0,0.0,575.0,67.30959556705203,13.409879177319114,1682.0,280.24455972590425,59.153471325847825,69.0,12.507584941844165,2.8416966724623784,0.0,0.0,0.0,0.0,0.0,0.0
1,0.0,12,360.29561079666723,0.0,100.0,559.0,71.06141132674973,14.438710247130135,1700.0,289.10996207062965,61.885706395646785,0.0,0.0,0.0,0.0,0.0,0.0,0.0,0.0,0.0
2,0.0,8,359.8767510223412,100.0,0.0,561.0,68.95011251920117,14.485913181316864,1650.0,273.0323437838849,57.20109082638772,107.0,18.163039350144714,3.848404124744619,0.0,0.0,0.0,0.0,0.0,0.0
3,0.0,5,360.51351988972147,100.0,100.0,564.0,69.09719546993747,13.996969340913466,1679.0,284.929284009601,61.67699128021828,32.0,6.019165838430397,1.3217864385526732,0.0,0.0,0.0,0.0,0.0,0.0
4,0.054,14,360.4032580246561,200.0,0.0,563.0,69.60041724981855,14.489263292169396,1711.0,288.86392640735835,62.197562698748,0.0,0.0,0.0,11.0,1.0999999999999999,0.11000000000000004,93.0,0.5959683530257611,0.004179526748971197
5,0.0,10,360.2309459874694,200.0,100.0,561.0,69.06128231947943,14.139799707847605,1635.0,278.66085595279174,59.845677538094655,69.0,12.335797962895018,2.6252612848114683,0.0,0.0,0.0,0.0,0.0,0.0
6,0.0,10,360.07362357433857,300.0,0.0,578.0,71.25631986262407,14.690390270674225,1735.0,288.75309520489407,61.1454271325426,0.0,0.0,0.0,0.0,0.0,0.0,0.0,0.0,0.0
7,0.0,8,360.2723782479304,300.0,100.0,572.0,68.88785099602826,13.692537066249091,1618.0,272.9979453978041,57.914938137236376,109.0,18.3074435993586,3.9052791531614974,0.0,0.0,0.0,0.0,0.0,0.0
