id,probability_maraud,successful_mating,next_foraging_time,x_pos,y_pos,foraging_events,foraging_hrs,foraging_sqhrs,staying_events,staying_hrs,staying_sqhrs,repairing_events,repairing_hrs,repairing_sqhrs,marauding_events,marauding_hrs,marauding_sqhrs,traveling_events,traveling_hrs,traveling_sqhrs
0,0.0,11,360.3535936811612,0.0,0.0,564.0,72.11666953221534,16.265270217235468,1608.0,269.45971226836537,56.83188117515856,107.0,18.42496146775146,3.9791883966272645,0.0,0.0,0.0,0.0,0.0,0.0
1,0.054,17,360.18118606648716,0.0,100.0,578.0,69.80252014901356,14.473911339428334,1740.0,287.3674257729331,60.7696872985506,0.0,0.0,0.0,19.0,1.9000000000000006,0.1900000000000001,112.0,1.0008197045228635,0.010373799725651587
2,0.0,10,360.20286983147605,100.0,0.0,567.0,70.15384526808987,14.966771432487482,1636.0,277.8720863223648,59.592319715518904,71.0,12.124035196294965,2.4831018520877235,0.0,0.0,0.0,0.0,0.0,0.0
3,0.0,8,360.46977972000366,100.0,100.0,572.0,70.88336189092642,14.525267557734477,1548.0,264.77804657961684,56.878289461131395,138.0,24.344845094124135,5.40459548352608,0.0,0.0,0.0,0.0,0.0,0.0
4,0.0,5,360.41015906280387,200.0,0.0,570.0,71.57560405023133,15.242923341419981,1620.0,270.07098504015096,56.19440893844155,110.0,18.4291797654224,3.8083437954201877,0.0,0.0,0.0,0.0,0.0,0.0
5,0.0,8,360.479704391571,200.0,100.0,568.0,70.27294078895316,14.207807223221486,1680.0,277.88137883168093,58.66507076617219,76.0,12.108186710509655,2.4342151776093175,0.0,0.0,0.0,0.0,0.0,0.0
6,0.0,5,360.11790435733803,300.0,0.0,568.0,73.30050102233618,15.96186852571522,1665.0,280.55584209513574,59.35423825814274,38.0,6.185528285834305,1.205840914352382,0.0,0.0,0.0,0.0,0.0,0.0
7,0.0,8,360.37605585030406,300.0,100.0,559.0,69.58039435863319,14.323235015629347,1556.0,265.76966633004093,58.56664882355988,152.0,24.76570890885976,5.096454631890942,0.0,0.0,0.0,0.0,0.0,0.0
