id,probability_maraud,successful_mating,next_foraging_time,x_pos,y_pos,foraging_events,foraging_hrs,foraging_sqhrs,staying_events,staying_hrs,staying_sqhrs,repairing_events,repairing_hrs,repairing_sqhrs,marauding_events,marauding_hrs,marauding_sqhrs,traveling_events,traveling_hrs,traveling_sqhrs
0,0.0,8,360.52043762757773,0.0,0.0,554.0,67.39299508799047,13.667121477829808,1642.0,274.3016810435845,58.9796872448805,100.0,18.50790400252281,4.270113041344738,0.0,0.0,0.0,0.0,0.0,0.0
1,0.0,13,360.4048127463427,0.0,100.0,568.0,72.72804151733189,15.080356565197825,1569.0,268.9207083856131,57.717724544057184,104.0,18.42941783651959,3.9830230327826954,0.0,0.0,0.0,0.0,0.0,0.0
2,0.0,12,360.57183895046205,100.0,0.0,564.0,68.76490100796195,13.821445021880221,1623.0,273.3096343583215,59.176234227277256,105.0,18.17273076445769,3.837015278746376,0.0,0.0,0.0,0.0,0.0,0.0
3,0.0,8,360.2688210348945,100.0,100.0,569.0,70.34149979266641,13.97264900876156,1586.0,265.5151315472555,56.75181920178056,144.0,24.501562719915427,5.138140600257417,0.0,0.0,0.0,0.0,0.0,0.0
4,0.0,10,360.0914301948779,200.0,0.0,561.0,73.21352364500967,16.157842291164883,1570.0,268.6247349523616,58.35170889100465,110.0,18.265895671038066,3.8056049750653846,0.0,0.0,0.0,0.0,0.0,0.0
5,0.0,7,360.02495665969025,200.0,100.0,569.0,68.94411497900876,14.22948327285621,1595.0,266.49970598590386,56.70749271166061,135.0,24.587658594632412,5.578150195916162,0.0,0.0,0.0,0.0,0.0,0.0
6,0.0,7,360.0399000916545,300.0,0.0,557.0,71.93030642348312,15.421093845869157,1591.0,269.96305987692773,58.13973407427551,108.0,18.194800236493336,3.923780443124325,0.0,0.0,0.0,0.0,0.0,0.0
7,0.054,7,360.4637919672795,300.0,100.0,553.0,73.95292037186547,16.612412793713787,1673.0,283.1777560132591,60.23984018474577,0.0,0.0,0.0,23.0,2.3000000000000007,0.23000000000000015,100.0,0.8947323070275488,0.009387860082304529
