id,probability_maraud,successful_mating,next_foraging_time,x_pos,y_pos,foraging_events,foraging_hrs,foraging_sqhrs,staying_events,staying_hrs,staying_sqhrs,repairing_events,repairing_hrs,repairing_sqhrs,marauding_events,marauding_hrs,marauding_sqhrs,traveling_events,traveling_hrs,traveling_sqhrs
0,0.0,12,360.1769154568612,0.0,0.0,568.0,70.0318923608041,13.791374106593802,1513.0,253.40927386427765,53.12720369973213,224.0,36.606577295203095,7.578806879030613,0.0,0.0,0.0,0.0,0.0,0.0
1,0.0,8,360.05090742579586,0.0,100.0,568.0,70.49350123045248,15.597648945381781,1691.0,283.6498301441146,60.27397784469882,37.0,6.0541940169457655,1.2553897063044057,0.0,0.0,0.0,0.0,0.0,0.0
2,0.0,10,360.62945990192577,100.0,0.0,579.0,68.69690417370172,13.904062999809955,1631.0,279.24523108226253,59.84592790997958,73.0,12.090112689364016,2.532605449482109,0.0,0.0,0.0,0.0,0.0,0.0
3,0.0,6,360.4086094952484,100.0,100.0,571.0,71.55736500989784,15.112573251898,1656.0,276.13799552790647,58.80555369376452,78.0,12.330086181218148,2.60021283040362,0.0,0.0,0.0,0.0,0.0,0.0
4,0.0,9,360.16779847856367,200.0,0.0,565.0,67.05441871308079,13.31996907780454,1655.0,280.7359193769433,60.474454570547266,70.0,12.301530307822127,2.6340276276330195,0.0,0.0,0.0,0.0,0.0,0.0
5,0.0,12,359.99936803367746,200.0,100.0,561.0,69.43697196394852,13.736857798529336,1648.0,278.6816027610921,59.9386761966622,79.0,12.18000667259515,2.5445014999830686,0.0,0.0,0.0,0.0,0.0,0.0
6,0.0,9,360.0054317203362,300.0,0.0,569.0,68.76012763395677,14.296257269151468,1531.0,260.7064103934745,56.136723593009336,177.0,30.71277822499274,6.7243625842651715,0.0,0.0,0.0,0.0,0.0,0.0
7,0.054,6,360.11889231039214,300.0,100.0,564.0,72.87878036545702,15.92181293764574,1700.0,284.2603715670672,60.35569328986876,0.0,0.0,0.0,20.0,2.0000000000000004,0.20000000000000012,93.0,0.8698636454923111,0.00953789437585735
