id,probability_maraud,successful_mating,next_foraging_time,x_pos,y_pos,foraging_events,foraging_hrs,foraging_sqhrs,staying_events,staying_hrs,staying_sqhrs,repairing_events,repairing_hrs,repairing_sqhrs,marauding_events,marauding_hrs,marauding_sqhrs,traveling_events,traveling_hrs,traveling_sqhrs
0,0.0,12,360.07192193394894,0.0,0.0,561.0,73.43306082392355,15.62899212947519,1494.0,263.19493016768865,58.63209906565235,148.0,23.428474314000216,4.85648832481552,0.0,0.0,0.0,0.0,0.0,0.0
1,0.0,11,359.990742987813,0.0,100.0,569.0,69.05406965190863,14.205782130610825,1719.0,288.8053569281395,62.286803073655385,12.0,2.1568057631610706,0.4660869918714126,0.0,0.0,0.0,0.0,0.0,0.0
2,0.0,9,359.95991498692626,100.0,0.0,565.0,74.87875873225174,16.54197107083645,1509.0,254.49991598275778,53.97232311717835,172.0,30.698049319309547,7.104187649990942,0.0,0.0,0.0,0.0,0.0,0.0
3,0.0,5,360.58841059008427,100.0,100.0,550.0,68.91103864142369,14.40049121222768,1649.0,278.9204095588013,59.881466407301744,77.0,12.236606170106823,2.7002735650306753,0.0,0.0,0.0,0.0,0.0,0.0
4,0.0,6,360.096358332575,200.0,0.0,555.0,72.07552148437755,15.496080182313694,1527.0,263.4390247630143,56.965824511871034,149.0,24.529917436631216,5.090534917813886,0.0,0.0,0.0,0.0,0.0,0.0
5,0.054,10,360.3995435119953,200.0,100.0,571.0,69.90544032782218,14.347202054322299,1742.0,287.355788935906,60.573300799188445,0.0,0.0,0.0,21.0,2.1000000000000005,0.21000000000000013,104.0,0.70143810324331,0.005208333333333339
6,0.0,10,360.19608990336116,300.0,0.0,553.0,71.42218506278752,15.333071009474777,1635.0,276.5231433030722,58.99151725120093,82.0,12.282191628981536,2.526829044974951,0.0,0.0,0.0,0.0,0.0,0.0
7,0.0,9,359.94043893228394,300.0,100.0,569.0,73.05052483128318,15.186802831098175,1584.0,268.4754436230981,57.269498552453285,104.0,18.494785659726872,4.171828535880456,0.0,0.0,0.0,0.0,0.0,0.0
