id,probability_maraud,successful_mating,next_foraging_time,x_pos,y_pos,foraging_events,foraging_hrs,foraging_sqhrs,staying_events,staying_hrs,staying_sqhrs,repairing_events,repairing_hrs,repairing_sqhrs,marauding_events,marauding_hrs,marauding_sqhrs,traveling_events,traveling_hrs,traveling_sqhrs
0,0.0,10,360.0320996640724,0.0,0.0,571.0,69.38582808898754,13.98583528294885,1517.0,260.12816982536106,56.696141690649036,188.0,30.679626716460266,6.114930301127776,0.0,0.0,0.0,0.0,0.0,0.0
1,0.0,6,359.91375356534854,0.0,100.0,559.0,68.71046751109185,13.948286429195665,1665.0,279.184941045129,58.970726436811745,76.0,12.233423034869118,2.501851157876007,0.0,0.0,0.0,0.0,0.0,0.0
2,0.0,14,360.09127569812756,100.0,0.0,563.0,69.83089241400823,14.431098991059168,1595.0,265.93072121020924,56.02676055110077,148.0,24.46674212771633,5.027255765602405,0.0,0.0,0.0,0.0,0.0,0.0
3,0.054,6,360.49744002244756,100.0,100.0,581.0,72.49682208148933,14.865358922234392,1664.0,284.738959272757,62.11125972773627,0.0,0.0,0.0,21.0,2.1000000000000005,0.21000000000000013,104.0,0.7002843375176674,0.005229766803840885
4,0.0,9,360.4333012302746,200.0,0.0,566.0,68.26708668592772,14.176387810517241,1715.0,285.81185296605867,61.060651185785815,36.0,6.173918364778857,1.3644771862304,0.0,0.0,0.0,0.0,0.0,0.0
5,0.0,11,360.5714322146402,200.0,100.0,568.0,70.6664673007803,14.796818682838678,1627.0,277.0386165243103,59.7612100371484,69.0,12.439010587033808,2.794009870314697,0.0,0.0,0.0,0.0,0.0,0.0
6,0.0,7,359.88889478104517,300.0,0.0,580.0,71.65696977371168,14.337291468600833,1543.0,263.9579590928389,57.25210671002371,151.0,24.713983958405986,5.257591616978963,0.0,0.0,0.0,0.0,0.0,0.0
7,0.0,9,360.13524800243545,300.0,100.0,561.0,69.18056693110115,14.687427479034625,1603.0,272.4114082936554,58.45174008615652,103.0,18.50094075938155,4.045380285206957,0.0,0.0,0.0,0.0,0.0,0.0
