id,probability_maraud,successful_mating,next_foraging_time,x_pos,y_pos,foraging_events,foraging_hrs,foraging_sqhrs,staying_events,staying_hrs,staying_sqhrs,repairing_events,repairing_hrs,repairing_sqhrs,marauding_events,marauding_hrs,marauding_sqhrs,traveling_events,traveling_hrs,traveling_sqhrs
0,0.0,7,360.39885088325667,0.0,0.0,556.0,68.5821877735627,14.382303050689066,1650.0,279.3081520038313,59.8222592103821,67.0,12.123354628158104,2.642426845075736,0.0,0.0,0.0,0.0,0.0,0.0
1,0.0,6,359.965933657817,0.0,100.0,562.0,71.18120290817262,14.950456420286638,1740.0,288.8446951140113,61.69744586291033,0.0,0.0,0.0,0.0,0.0,0.0,0.0,0.0,0.0
2,0.0,8,360.22241501528794,100.0,0.0,576.0,71.64719212619539,15.081148486283896,1590.0,270.1743994204215,58.424464528522364,101.0,18.37525727834714,4.145288778968885,0.0,0.0,0.0,0.0,0.0,0.0
3,0.0,9,360.0219977239569,100.0,100.0,558.0,75.00800664914306,17.27926961007848,1507.0,254.42982878572633,54.106182655620046,177.0,30.63051688626191,6.727064099610503,0.0,0.0,0.0,0.0,0.0,0.0
4,0.0,12,360.03231218189484,200.0,0.0,565.0,69.37698500534121,14.996287120509477,1647.0,278.6404949211967,60.04294077104685,62.0,12.249711004018524,2.9809431941197686,0.0,0.0,0.0,0.0,0.0,0.0
5,0.0,14,360.547036914318,200.0,100.0,557.0,70.74546594456068,14.903605752430517,1590.0,271.4461424712818,58.49886136171206,111.0,17.882416692183035,3.530590263503555,0.0,0.0,0.0,0.0,0.0,0.0
6,0.0,9,360.0502149059125,300.0,0.0,559.0,71.89749154267619,14.844734580409176,1540.0,257.7582744598641,54.228035331751464,176.0,30.444031012969905,6.680862586214808,0.0,0.0,0.0,0.0,0.0,0.0
7,0.054,7,360.049126733894,300.0,100.0,569.0,70.94941090930908,14.627746440244522,1718.0,286.2627263130313,60.85974232974805,0.0,0.0,0.0,20.0,2.0000000000000004,0.20000000000000012,110.0,0.920428162024423,0.009302126200274355
