id,probability_maraud,successful_mating,next_foraging_time,x_pos,y_pos,foraging_events,foraging_hrs,foraging_sqhrs,staying_events,staying_hrs,staying_sqhrs,repairing_events,repairing_hrs,repairing_sqhrs,marauding_events,marauding_hrs,marauding_sqhrs,traveling_events,traveling_hrs,traveling_sqhrs
0,0.0,9,360.4872815923675,0.0,0.0,569.0,74.58066115328388,16.11711998306643,1709.0,285.5676590775146,60.45805947050732,0.0,0.0,0.0,0.0,0.0,0.0,0.0,0.0,0.0
1,0.0,9,360.22423151877217,0.0,100.0,571.0,70.19385720321637,14.679645374971127,1602.0,271.77446869117443,58.52156234829755,111.0,18.24049589597315,3.972186231164315,0.0,0.0,0.0,0.0,0.0,0.0
2,0.0,8,360.30137950933863,100.0,0.0,575.0,69.6423054751108,13.636282821741032,1589.0,266.2129657379562,57.00261477165784,137.0,24.340836494105503,5.345210690996627,0.0,0.0,0.0,0.0,0.0,0.0
3,0.0,8,360.38067663309596,100.0,100.0,552.0,70.50208875384355,15.116374570198843,1619.0,271.3174579647105,56.84639585833804,108.0,18.200151886463377,3.9075077573298262,0.0,0.0,0.0,0.0,0.0,0.0
4,0.0,9,360.12693047529945,200.0,0.0,557.0,69.28739708260379,13.79078039583421,1682.0,284.50977668552423,60.659029137520555,33.0,6.309626082474714,1.448766458934027,0.0,0.0,0.0,0.0,0.0,0.0
5,0.0,9,360.2029373241437,200.0,100.0,578.0,70.47905137281991,14.406998615366355,1567.0,265.01562602700506,56.38638065989317,147.0,24.527570681861214,4.999758805535003,0.0,0.0,0.0,0.0,0.0,0.0
6,0.054,12,359.94476063557465,300.0,0.0,573.0,69.58514936673228,14.267734593336652,1720.0,288.10961058726025,61.631123905673014,0.0,0.0,0.0,16.0,1.6000000000000003,0.1600000000000001,99.0,0.8510673390028055,0.008530521262002752
7,0.0,8,360.11633208291,300.0,100.0,587.0,70.23515199586598,14.48356352623594,1662.0,283.8325088363232,61.30904441300197,32.0,6.11833465041313,1.4073618412215199,0.0,0.0,0.0,0.0,0.0,0.0
