id,probability_maraud,successful_mating,next_foraging_time,x_pos,y_pos,foraging_events,foraging_hrs,foraging_sqhrs,staying_events,staying_hrs,staying_sqhrs,repairing_events,repairing_hrs,repairing_sqhrs,marauding_events,marauding_hrs,marauding_sqhrs,traveling_events,traveling_hrs,traveling_sqhrs
0,0.0,6,359.96418880669626,0.0,0.0,565.0,73.71465326338536,16.163360288524796,1590.0,267.99091752814564,57.42179978286221,101.0,18.294434490312693,3.991176259249654,0.0,0.0,0.0,0.0,0.0,0.0
1,0.054,6,360.0989610865558,0.0,100.0,569.0,73.27722970304474,15.490589911158212,1679.0,283.9847839550253,61.5821104010073,0.0,0.0,0.0,20.0,2.0000000000000004,0.20000000000000012,84.0,0.7743441116379487,0.008359053497942389
2,0.0,9,360.1287970533896,100.0,0.0,562.0,67.67313380709476,13.525504838293699,1616.0,274.15224432685443,58.69769416046399,93.0,18.287129823984348,4.222588959993747,0.0,0.0,0.0,0.0,0.0,0.0
3,0.0,17,360.6096322241883,100.0,100.0,575.0,71.08017537855254,14.433437559191669,1543.0,264.658191115401,56.712657467709015,138.0,24.270730782633578,5.481295155645679,0.0,0.0,0.0,0.0,0.0,0.0
4,0.0,8,360.4451614055611,200.0,0.0,569.0,70.89405991364286,14.86529671835116,1606.0,271.0110453735535,57.53469032094421,112.0,18.25506647601947,3.829406141612963,0.0,0.0,0.0,0.0,0.0,0.0
5,0.0,6,360.08759110524164,200.0,100.0,568.0,69.62177090765248,14.829869552870687,1585.0,272.08926201119294,58.629545420598845,109.0,18.38068880651411,3.850781444031942,0.0,0.0,0.0,0.0,0.0,0.0
6,0.0,15,360.3675765717255,300.0,0.0,564.0,72.89621734701545,15.757887828195457,1588.0,269.14245652156336,57.264872286637,118.0,18.16281294071248,3.629765881913172,0.0,0.0,0.0,0.0,0.0,0.0
7,0.0,5,360.50885777561854,300.0,100.0,560.0,70.08250499934185,13.74427709085116,1648.0,283.93911274052437,61.93473024840164,34.0,6.069095456313815,1.2724148634065926,0.0,0.0,0.0,0.0,0.0,0.0
