id,probability_maraud,successful_mating,next_foraging_time,x_pos,y_pos,foraging_events,foraging_hrs,foraging_sqhrs,staying_events,staying_hrs,staying_sqhrs,repairing_events,repairing_hrs,repairing_sqhrs,marauding_events,marauding_hrs,marauding_sqhrs,traveling_events,traveling_hrs,traveling_sqhrs
0,0.0,5,360.0086500486187,0.0,0.0,566.0,71.67846149063412,15.427046455914997,1584.0,269.90403322064805,58.243045282524264,107.0,18.419535941814836,4.162863017894978,0.0,0.0,0.0,0.0,0.0,0.0
1,0.0,9,360.3654355966746,0.0,100.0,559.0,76.27089184652671,17.463764658893588,1680.0,283.75844833890835,59.92373244161744,0.0,0.0,0.0,0.0,0.0,0.0,0.0,0.0,0.0
2,0.0,12,360.27492406693784,100.0,0.0,574.0,68.62728929737332,13.681467615927287,1573.0,267.1068285887984,57.80700473625957,142.0,24.31748000791394,5.228584221762847,0.0,0.0,0.0,0.0,0.0,0.0
3,0.0,11,360.5529822036493,100.0,100.0,567.0,71.06570293531944,15.124796687645466,1712.0,288.98953757054113,62.19510563100216,0.0,0.0,0.0,0.0,0.0,0.0,0.0,0.0,0.0
4,0.054,16,360.3321766164757,200.0,0.0,563.0,73.20142688142822,16.12035048778908,1651.0,284.9365626940702,62.220180629600286,0.0,0.0,0.0,15.0,1.5000000000000002,0.15000000000000008,92.0,0.5762656395703988,0.00400805898491084
5,0.0,7,360.55434423129435,200.0,100.0,570.0,69.18951238841092,14.053796070893103,1621.0,272.6915705937966,58.00335270318065,116.0,18.238511603453123,3.8772081987753206,0.0,0.0,0.0,0.0,0.0,0.0
6,0.0,5,360.04640702433096,300.0,0.0,550.0,70.38614355414687,14.910288291017268,1600.0,271.36138509753044,58.957256457356394,103.0,18.337034075440492,4.091082617134062,0.0,0.0,0.0,0.0,0.0,0.0
7,0.0,7,360.6866078654079,300.0,100.0,555.0,71.4653755388605,14.287475778622094,1629.0,276.6718765554684,59.52693967302217,74.0,12.055479564180905,2.7863580464833775,0.0,0.0,0.0,0.0,0.0,0.0
