id,probability_maraud,successful_mating,next_foraging_time,x_pos,y_pos,foraging_events,foraging_hrs,foraging_sqhrs,staying_events,staying_hrs,staying_sqhrs,repairing_events,repairing_hrs,repairing_sqhrs,marauding_events,marauding_hrs,marauding_sqhrs,traveling_events,traveling_hrs,traveling_sqhrs
0,0.054,9,359.98245678761936,0.0,0.0,583.0,68.63835223634663,14.311176155652017,1726.0,289.27496008876915,61.22484541530809,0.0,0.0,0.0,15.0,1.5000000000000002,0.15000000000000008,97.0,0.8125653436118301,0.00814471879286695
1,0.0,4,360.36698727674064,0.0,100.0,564.0,68.5942559662577,13.873581051309499,1711.0,282.8994095470461,59.05591658248298,53.0,8.600978241380709,1.822625585311555,0.0,0.0,0.0,0.0,0.0,0.0
2,0.0,9,360.17692462997167,100.0,0.0,575.0,71.83090718256797,15.36143815812845,1648.0,275.07850941419883,58.78568815733371,81.0,13.124988554803522,2.6602049277584383,0.0,0.0,0.0,0.0,0.0,0.0
3,0.0,17,360.0604064484429,100.0,100.0,567.0,73.01409528757858,16.012260619499823,1626.0,274.9461188232138,58.43105841888426,66.0,12.132437233664952,2.796791897438511,0.0,0.0,0.0,0.0,0.0,0.0
4,0.0,11,360.2846140406219,200.0,0.0,564.0,75.67934175469583,16.58777025239299,1682.0,278.18840637229573,59.35746896171403,40.0,6.142165387814,1.1959411829210405,0.0,0.0,0.0,0.0,0.0,0.0
5,0.0,6,360.29727242831285,200.0,100.0,573.0,71.57916117519586,15.4306480102728,1605.0,269.76571915584447,57.43921520624873,108.0,18.666062631833263,4.166777671248282,0.0,0.0,0.0,0.0,0.0,0.0
6,0.0,6,360.14471327896166,300.0,0.0,562.0,70.55306084776146,14.936743521071824,1577.0,271.19967617319924,58.67317641490994,104.0,18.427352955084345,3.958133006186331,0.0,0.0,0.0,0.0,0.0,0.0
7,0.0,10,360.16994882445647,300.0,100.0,555.0,68.60082403065319,13.727380855190427,1641.0,285.40506215984465,62.18767463760308,40.0,6.005967310662718,1.2108996306957303,0.0,0.0,0.0,0.0,0.0,0.0
