id,probability_maraud,successful_mating,next_foraging_time,x_pos,y_pos,foraging_events,foraging_hrs,foraging_sqhrs,staying_events,staying_hrs,staying_sqhrs,repairing_events,repairing_hrs,repairing_sqhrs,marauding_events,marauding_hrs,marauding_sqhrs,traveling_events,traveling_hrs,traveling_sqhrs
0,0.0,4,360.85883724267893,0.0,0.0,575.0,69.87347852444904,13.994046634699593,1624.0,271.7806136570625,57.05984918351432,110.0,18.500437629170968,3.8905089070500676,0.0,0.0,0.0,0.0,0.0,0.0
1,0.054,10,360.12275169443893,0.0,100.0,564.0,72.8570445755239,15.284371183222708,1649.0,285.0946017328309,61.80920337728266,0.0,0.0,0.0,16.0,1.6000000000000003,0.1600000000000001,71.0,0.6273934454694176,0.0064514746227709256
2,0.0,6,359.97267605151404,100.0,0.0,567.0,72.95691321527961,15.417990956715604,1632.0,274.89143702939543,58.94157553878081,79.0,12.247757876719072,2.471187750980204,0.0,0.0,0.0,0.0,0.0,0.0
3,0.0,12,360.5620890010414,100.0,100.0,573.0,68.85173493407822,13.536815614197597,1620.0,273.0946354079718,58.28169390236617,104.0,18.217581203419744,3.7659775072580137,0.0,0.0,0.0,0.0,0.0,0.0
4,0.0,9,360.1431841975524,200.0,0.0,563.0,67.92822996512636,13.669981047710344,1631.0,273.6637389632055,58.475533325599706,113.0,18.43530337944971,3.8230465006372927,0.0,0.0,0.0,0.0,0.0,0.0
5,0.0,14,359.8892045053205,200.0,100.0,558.0,66.04811031210005,13.81304186907474,1697.0,287.9531254657988,61.998191805301275,41.0,6.173555389329847,1.2823875174336312,0.0,0.0,0.0,0.0,0.0,0.0
6,0.0,9,360.07730800542885,300.0,0.0,565.0,72.15385560767847,15.087717686530311,1675.0,287.895167131973,62.16785273299573,0.0,0.0,0.0,0.0,0.0,0.0,0.0,0.0,0.0
7,0.0,8,360.26677802565075,300.0,100.0,558.0,71.28687964609486,15.430146913588382,1577.0,264.35557818895995,56.506407672470495,146.0,24.43303686787828,5.096132989579297,0.0,0.0,0.0,0.0,0.0,0.0
