id,probability_maraud,successful_mating,next_foraging_time,x_pos,y_pos,foraging_events,foraging_hrs,foraging_sqhrs,staying_events,staying_hrs,staying_sqhrs,repairing_events,repairing_hrs,repairing_sqhrs,marauding_events,marauding_hrs,marauding_sqhrs,traveling_events,traveling_hrs,traveling_sqhrs
0,0.0,6,360.3963051064224,0.0,0.0,556.0,70.94581693750831,15.560091923665741,1513.0,258.39743825691045,55.77638803486952,189.0,30.775106796547618,6.269078394003693,0.0,0.0,0.0,0.0,0.0,0.0
1,0.0,13,360.4043132740613,0.0,100.0,561.0,70.65798155661895,14.350637286531091,1560.0,264.662323018104,56.81212355866926,144.0,24.697349186438487,5.49984730525739,0.0,0.0,0.0,0.0,0.0,0.0
2,0.0,9,360.5260549272943,100.0,0.0,570.0,72.12104147908107,14.324486556039332,1653.0,275.6924364701079,57.58763621020486,72.0,12.373550318012574,2.7643710533221073,0.0,0.0,0.0,0.0,0.0,0.0
3,0.0,12,360.5778142959082,100.0,100.0,559.0,70.81642441798192,15.150331678886726,1592.0,270.93171900320715,58.337518347388084,102.0,18.290156441584323,4.141256514380685,0.0,0.0,0.0,0.0,0.0,0.0
4,0.0,6,360.11136269432683,200.0,0.0,554.0,70.08328338651144,15.380060936510203,1568.0,271.79000014540827,60.48166287876718,111.0,18.235466088595345,3.862234749322525,0.0,0.0,0.0,0.0,0.0,0.0
5,0.0,8,360.34254259700566,200.0,100.0,549.0,72.27080428663399,15.938291606308685,1620.0,275.6465696544837,59.40639676539993,71.0,12.420080972258711,2.6587131901481813,0.0,0.0,0.0,0.0,0.0,0.0
6,0.0,5,360.00845602079755,300.0,0.0,562.0,67.33868939929785,14.226604655512318,1592.0,280.4877502661758,62.252025243485555,72.0,12.424715065283824,2.6676931624457914,0.0,0.0,0.0,0.0,0.0,0.0
7,0.054,13,359.8387765196428,300.0,100.0,564.0,69.13107654175347,14.66769875976048,1724.0,287.8114557707114,61.2966981954013,0.0,0.0,0.0,21.0,2.1000000000000005,0.21000000000000013,110.0,1.0403881859197466,0.011466906721536354
