id,probability_maraud,successful_mating,next_foraging_time,x_pos,y_pos,foraging_events,foraging_hrs,foraging_sqhrs,staying_events,staying_hrs,staying_sqhrs,repairing_events,repairing_hrs,repairing_sqhrs,marauding_events,marauding_hrs,marauding_sqhrs,traveling_events,traveling_hrs,traveling_sqhrs
0,0.0,12,360.3067187901199,0.0,0.0,581.0,69.94328967490844,13.736586668644247,1575.0,271.6450683526922,58.53481629665355,102.0,18.463358778433182,4.147832269155193,0.0,0.0,0.0,0.0,0.0,0.0
1,0.0,8,360.1062561671771,0.0,100.0,565.0,74.78817917399985,16.610892631020597,1538.0,261.17101663618786,55.476809501477916,144.0,24.11679922676955,5.257944221148541,0.0,0.0,0.0,0.0,0.0,0.0
2,0.0,6,360.63408837576355,100.0,0.0,560.0,71.12928379989792,14.876668585511347,1585.0,270.57590699023433,58.60103886556283,106.0,18.407788678470965,4.195677603895687,0.0,0.0,0.0,0.0,0.0,0.0
3,0.0,12,360.1706226016416,100.0,100.0,563.0,71.3269338566881,14.813316879502283,1485.0,251.94958264923196,54.19366005116637,219.0,36.82514769904559,7.715289509885089,0.0,0.0,0.0,0.0,0.0,0.0
4,0.0,4,360.1275897242715,200.0,0.0,550.0,68.36807231589106,14.307116321334028,1634.0,279.70039744408706,60.340675903515574,70.0,12.084352050481115,2.651285629882037,0.0,0.0,0.0,0.0,0.0,0.0
5,0.054,9,360.28400205001395,200.0,100.0,563.0,68.10234099765641,13.402074228157874,1731.0,289.08419583300207,61.26833328997432,0.0,0.0,0.0,22.0,2.2000000000000006,0.22000000000000014,103.0,0.6498439832138811,0.004543895747599456
6,0.0,11,360.4222938858161,300.0,0.0,563.0,73.23381174206826,15.002775331611355,1724.0,286.88898690419126,60.61227577327876,0.0,0.0,0.0,0.0,0.0,0.0,0.0,0.0,0.0
7,0.0,10,360.2944274073709,300.0,100.0,568.0,72.68026291859186,15.706383224610358,1544.0,262.8494899353507,57.061344238750685,142.0,24.499975125627834,5.268106247675243,0.0,0.0,0.0,0.0,0.0,0.0
