id,probability_maraud,successful_mating,next_foraging_time,x_pos,y_pos,foraging_events,foraging_hrs,foraging_sqhrs,staying_events,staying_hrs,staying_sqhrs,repairing_events,repairing_hrs,repairing_sqhrs,marauding_events,marauding_hrs,marauding_sqhrs,traveling_events,traveling_hrs,traveling_sqhrs
0,0.0,9,360.2854871551238,0.0,0.0,570.0,69.6603793630204,14.365331408366632,1623.0,272.21233076151003,57.8194632109586,104.0,18.176776588443232,4.016264161663152,0.0,0.0,0.0,0.0,0.0,0.0
1,0.0,9,360.05712131725704,0.0,100.0,543.0,68.33751379896788,14.362258738424,1619.0,279.70857328435363,60.60999788550712,79.0,12.1673842476162,2.349767101598085,0.0,0.0,0.0,0.0,0.0,0.0
2,0.0,14,360.173163722306,100.0,0.0,556.0,73.36103202199297,16.538545592078343,1645.0,280.74341896680585,60.314575460016485,33.0,6.004626044443721,1.438195795395466,0.0,0.0,0.0,0.0,0.0,0.0
3,0.0,11,360.4578066444195,100.0,100.0,570.0,74.58677094682885,15.304044119996211,1610.0,273.243977020002,57.857649444265995,81.0,12.249761393309814,2.4791489536646067,0.0,0.0,0.0,0.0,0.0,0.0
4,0.054,8,360.1356722267115,200.0,0.0,563.0,74.33071553953633,16.62207011370866,1666.0,283.68685167423075,61.35485749699694,0.0,0.0,0.0,15.0,1.5000000000000002,0.15000000000000008,88.0,0.5828433537925866,0.004243827160493829
5,0.0,6,360.4928343114099,200.0,100.0,564.0,70.79620666503722,14.254800937734526,1659.0,277.1763841369205,58.752150057613605,70.0,12.196762694285674,2.5594706939312006,0.0,0.0,0.0,0.0,0.0,0.0
6,0.0,9,360.0261110046504,300.0,0.0,557.0,68.89509866247583,13.815719273078,1581.0,266.68476755492895,56.80349311147341,146.0,24.42432878372039,5.236345543970438,0.0,0.0,0.0,0.0,0.0,0.0
7,0.0,6,359.9499606766684,300.0,100.0,554.0,69.23395927520032,14.724574687773764,1702.0,284.7599781325466,60.769297289556825,35.0,6.028820532835765,1.3093535896484352,0.0,0.0,0.0,0.0,0.0,0.0
