id,probability_maraud,successful_mating,next_foraging_time,x_pos,y_pos,foraging_events,foraging_hrs,foraging_sqhrs,staying_events,staying_hrs,staying_sqhrs,repairing_events,repairing_hrs,repairing_sqhrs,marauding_events,marauding_hrs,marauding_sqhrs,traveling_events,traveling_hrs,traveling_sqhrs
0,0.0,6,360.9461389415909,0.0,0.0,568.0,71.44993746502142,15.23427755159204,1670.0,282.69370760508326,60.76082796318129,34.0,6.04146911910451,1.248512549512042,0.0,0.0,0.0,0.0,0.0,0.0
1,0.0,8,360.82266876572953,0.0,100.0,566.0,68.09168800789499,13.79354381975947,1727.0,291.94817104027965,62.155508336626234,0.0,0.0,0.0,0.0,0.0,0.0,0.0,0.0,0.0
2,0.054,7,359.8720025211334,100.0,0.0,565.0,68.7041286356942,13.851525798655809,1738.0,289.89839683045057,60.96013013290156,0.0,0.0,0.0,10.0,0.9999999999999999,0.10000000000000003,90.0,0.5904226876844103,0.004308127572016465
3,0.0,11,360.5349627181267,100.0,100.0,554.0,73.2098251393838,16.813080479212225,1616.0,268.9001875550659,57.03001750417434,105.0,18.12855405341324,3.835911913651821,0.0,0.0,0.0,0.0,0.0,0.0
4,0.0,15,360.51298733031797,200.0,0.0,568.0,67.3133166876338,13.372250946876813,1744.0,292.7254534969398,62.38265749229974,0.0,0.0,0.0,0.0,0.0,0.0,0.0,0.0,0.0
5,0.0,3,360.24489801206255,200.0,100.0,557.0,71.26498470559835,15.452599962075112,1631.0,276.64100035382324,59.62646926346517,66.0,12.123283265459305,2.7593714265910263,0.0,0.0,0.0,0.0,0.0,0.0
6,0.0,13,360.42992002772087,300.0,0.0,570.0,69.5713016324206,14.377510845833555,1636.0,278.40043847200104,60.108942261019585,72.0,12.153613090826353,2.699855450253866,0.0,0.0,0.0,0.0,0.0,0.0
7,0.0,9,360.4183664301889,300.0,100.0,559.0,69.4752597552069,15.297392818479741,1683.0,281.6335278992144,59.52177996316583,56.0,8.966740204465257,1.7824054229676962,0.0,0.0,0.0,0.0,0.0,0.0
