id,probability_maraud,successful_mating,next_foraging_time,x_pos,y_pos,foraging_events,foraging_hrs,foraging_sqhrs,staying_events,staying_hrs,staying_sqhrs,repairing_events,repairing_hrs,repairing_sqhrs,marauding_events,marauding_hrs,marauding_sqhrs,traveling_events,traveling_hrs,traveling_sqhrs
0,0.0,9,360.03413050883813,0.0,0.0,574.0,70.67228287723381,14.179427790976042,1608.0,265.13854729024274,55.645041002845836,145.0,24.26651876062001,5.209757942239971,0.0,0.0,0.0,0.0,0.0,0.0
1,0.0,6,359.9880311388445,0.0,100.0,591.0,70.22974842527182,13.612198071341712,1642.0,271.4884171507836,57.397048334812304,102.0,18.37811848494332,4.048742117463845,0.0,0.0,0.0,0.0,0.0,0.0
2,0.0,9,359.96468793569505,100.0,0.0,564.0,72.4955637587186,14.929928131412169,1620.0,275.49429199870684,60.05305769653713,65.0,12.086409571820246,2.9153506366686472,0.0,0.0,0.0,0.0,0.0,0.0
3,0.0,7,359.92087726449006,100.0,100.0,570.0,74.33262461098359,16.471960104431208,1646.0,273.82836664431215,57.68285245510949,68.0,12.061957185022097,2.5772251604646823,0.0,0.0,0.0,0.0,0.0,0.0
4,0.0,9,360.8301416940469,200.0,0.0,569.0,73.07384029120217,15.029359925220758,1568.0,268.79556080867536,58.672039579503966,104.0,18.346934891146223,4.237902699133101,0.0,0.0,0.0,0.0,0.0,0.0
5,0.0,7,360.57710810037,200.0,100.0,573.0,69.70493681072696,14.202080986545926,1598.0,272.08768650226546,58.01209311613591,109.0,18.33856559245202,3.8780258246521693,0.0,0.0,0.0,0.0,0.0,0.0
6,0.054,13,360.2258344617749,300.0,0.0,569.0,68.16838469765557,14.193703363246849,1720.0,289.19958820657786,61.2077638557334,0.0,0.0,0.0,19.0,1.9000000000000006,0.1900000000000001,92.0,0.7812891389320098,0.007930384087791504
7,0.0,12,360.99033120480584,300.0,100.0,568.0,71.48860217281845,15.416684692029396,1639.0,276.6845347272476,59.24851983635748,71.0,12.103682484536133,2.536604472185269,0.0,0.0,0.0,0.0,0.0,0.0
