id,probability_maraud,successful_mating,next_foraging_time,x_pos,y_pos,foraging_events,foraging_hrs,foraging_sqhrs,staying_events,staying_hrs,staying_sqhrs,repairing_events,repairing_hrs,repairing_sqhrs,marauding_events,marauding_hrs,marauding_sqhrs,traveling_events,traveling_hrs,traveling_sqhrs
0,0.0,7,360.52810229343186,0.0,0.0,555.0,69.0387477546521,14.353117400495675,1661.0,284.84765517370636,61.7273787392191,35.0,6.18900368993397,1.3204825501701958,0.0,0.0,0.0,0.0,0.0,0.0
1,0.0,8,360.3778514180158,0.0,100.0,553.0,71.79088845614662,15.838366356274822,1666.0,282.1932821492518,60.24657065478026,32.0,6.017110976075023,1.4509801113636052,0.0,0.0,0.0,0.0,0.0,0.0
2,0.0,16,360.1317934927738,100.0,0.0,562.0,70.79804435450912,15.064360081209987,1590.0,270.8191769123584,57.97337647247965,100.0,18.45465996576513,4.1778148145216925,0.0,0.0,0.0,0.0,0.0,0.0
3,0.0,6,360.50487175197105,100.0,100.0,564.0,72.1003401766124,15.27988233450644,1697.0,287.9714762646154,61.39480818285666,0.0,0.0,0.0,0.0,0.0,0.0,0.0,0.0,0.0
4,0.0,12,360.53918364768424,200.0,0.0,567.0,68.94338362529368,14.950012020009487,1630.0,272.93254119657934,58.03591976821464,101.0,18.218447089217214,4.184645433478064,0.0,0.0,0.0,0.0,0.0,0.0
5,0.0,4,360.2602171565322,200.0,100.0,565.0,72.96182879399832,16.094469868981548,1631.0,275.10981006767906,58.23403595521243,71.0,12.04403839741466,2.577794261228654,0.0,0.0,0.0,0.0,0.0,0.0
6,0.054,7,360.4950244428384,300.0,0.0,571.0,72.95596267296693,16.545120130837578,1683.0,285.1165358046873,60.976079920079414,0.0,0.0,0.0,14.0,1.4000000000000001,0.14000000000000007,86.0,0.697047436097733,0.006794410150891639
7,0.0,12,360.5649032287199,300.0,100.0,570.0,73.18897126290459,15.246506010130187,1571.0,262.5979787452742,56.271252171599286,136.0,24.29712392926205,5.358046375384564,0.0,0.0,0.0,0.0,0.0,0.0
