id,probability_maraud,successful_mating,next_foraging_time,x_pos,y_pos,foraging_events,foraging_hrs,foraging_sqhrs,staying_events,staying_hrs,staying_sqhrs,repairing_events,repairing_hrs,repairing_sqhrs,marauding_events,marauding_hrs,marauding_sqhrs,traveling_events,traveling_hrs,traveling_sqhrs
0,0.0,9,360.0869979187873,0.0,0.0,567.0,69.65325456991764,14.417974134729931,1611.0,278.08431439186745,61.16532298512527,73.0,12.279276230763898,2.630350808943358,0.0,0.0,0.0,0.0,0.0,0.0
1,0.0,13,359.97132812679195,0.0,100.0,569.0,71.9613322132126,14.683062505405399,1635.0,282.0936852169733,61.41947014248649,34.0,6.154789202984627,1.3419957981985036,0.0,0.0,0.0,0.0,0.0,0.0
2,0.0,10,360.0727846566662,100.0,0.0,569.0,72.48576828789862,14.882621077084579,1656.0,281.4821358852375,60.37670659660945,36.0,6.146417787399042,1.343127112881727,0.0,0.0,0.0,0.0,0.0,0.0
3,0.0,6,360.46801298013395,100.0,100.0,564.0,68.87512761343997,13.568219517097711,1706.0,291.1517945261689,62.63551433070849,0.0,0.0,0.0,0.0,0.0,0.0,0.0,0.0,0.0
4,0.0,10,360.047016507459,200.0,0.0,572.0,68.91731457232574,13.818726297226249,1518.0,254.7070887812976,53.719648106606506,217.0,36.46777307052271,7.732283083633194,0.0,0.0,0.0,0.0,0.0,0.0
5,0.0,8,360.80073587344503,200.0,100.0,568.0,71.05932408328356,14.072342700724667,1599.0,270.61843505522836,58.11023951068811,125.0,18.47084697866234,3.5287236973801224,0.0,0.0,0.0,0.0,0.0,0.0
6,0.054,8,360.96223583657115,300.0,0.0,558.0,66.9255812441095,13.069583079624197,1694.0,290.89067811423087,63.01933210203853,0.0,0.0,0.0,15.0,1.5000000000000002,0.15000000000000008,87.0,0.7362648669116226,0.007566015089163243
7,0.0,8,360.3999006151807,300.0,100.0,568.0,71.34341149689831,14.051705627991412,1620.0,276.49233712963326,59.29811778170435,75.0,12.332090823180447,2.58586094004937,0.0,0.0,0.0,0.0,0.0,0.0
