id,probability_maraud,successful_mating,next_foraging_time,x_pos,y_pos,foraging_events,foraging_hrs,foraging_sqhrs,staying_events,staying_hrs,staying_sqhrs,repairing_events,repairing_hrs,repairing_sqhrs,marauding_events,marauding_hrs,marauding_sqhrs,traveling_events,traveling_hrs,traveling_sqhrs
0,0.0,10,360.30765614863117,0.0,0.0,574.0,70.36870477192151,14.740426701301795,1554.0,265.2394831580032,57.02757824363082,145.0,24.451038490966273,5.176181264089843,0.0,0.0,0.0,0.0,0.0,0.0
1,0.0,4,360.7801399776326,0.0,100.0,570.0,69.93717234583636,14.205107759854194,1593.0,271.7627711846876,58.964040738904316,113.0,18.40187888427179,3.8098624419172644,0.0,0.0,0.0,0.0,0.0,0.0
2,0.0,17,359.96658738694634,100.0,0.0,558.0,65.54262834496252,12.871570990732879,1738.0,288.4440153322676,61.17687083651734,35.0,6.218088688220172,1.3331348037883317,0.0,0.0,0.0,0.0,0.0,0.0
3,0.0,8,360.14550216229526,100.0,100.0,568.0,74.49578430091984,15.758910296806409,1586.0,267.4895390623897,57.487056907315576,109.0,18.19940096242761,3.778564836286389,0.0,0.0,0.0,0.0,0.0,0.0
4,0.0,8,360.1506273312307,200.0,0.0,566.0,70.82926444433578,14.88602972454109,1512.0,258.4799468713722,56.296906146835006,174.0,30.753724098593192,6.737167985146973,0.0,0.0,0.0,0.0,0.0,0.0
5,0.054,11,360.05286875706304,200.0,100.0,563.0,70.57116668572836,14.809860877215582,1694.0,286.9977136927934,61.58561393079016,0.0,0.0,0.0,20.0,2.0000000000000004,0.20000000000000012,96.0,0.6502135888810597,0.004843964334705079
6,0.0,9,360.0075074324156,300.0,0.0,566.0,70.22142660316183,14.93864498661692,1611.0,267.75655531968886,56.64433232945484,128.0,22.284755632523026,4.742984364590123,0.0,0.0,0.0,0.0,0.0,0.0
7,0.0,5,359.87504843041944,300.0,100.0,569.0,72.04563850883005,15.473057160334589,1703.0,288.0180555817553,61.84783266237387,0.0,0.0,0.0,0.0,0.0,0.0,0.0,0.0,0.0
