id,probability_maraud,successful_mating,next_foraging_time,x_pos,y_pos,foraging_events,foraging_hrs,foraging_sqhrs,staying_events,staying_hrs,staying_sqhrs,repairing_events,repairing_hrs,repairing_sqhrs,marauding_events,marauding_hrs,marauding_sqhrs,traveling_events,traveling_hrs,traveling_sqhrs
0,0.0,8,360.02715472586954,0.0,0.0,554.0,66.56566652135582,13.452174768236583,1621.0,275.43568201759575,59.08064845494264,111.0,18.139729085083474,3.774088614080689,0.0,0.0,0.0,0.0,0.0,0.0
1,0.0,4,360.38226152040556,0.0,100.0,577.0,71.43281513786054,14.785375381599218,1614.0,276.5191595926728,60.392729950097724,69.0,12.184059563189509,2.5505824315714642,0.0,0.0,0.0,0.0,0.0,0.0
2,0.054,12,360.10739980152835,100.0,0.0,569.0,69.19403643948651,14.286257459166725,1737.0,288.76327836594373,61.420714127725304,0.0,0.0,0.0,14.0,1.4000000000000001,0.14000000000000007,102.0,0.6550403605049574,0.004672496570644723
3,0.0,8,360.3284814760075,100.0,100.0,554.0,71.14165920426598,15.405184909894444,1634.0,270.5380340732334,57.08433074736538,113.0,18.376548168440703,4.028160402100515,0.0,0.0,0.0,0.0,0.0,0.0
4,0.0,9,360.3492988400513,200.0,0.0,564.0,69.98857222635785,14.578817751714627,1637.0,277.8000124795925,59.816442906310535,72.0,12.414180188020296,2.628977245380569,0.0,0.0,0.0,0.0,0.0,0.0
5,0.0,9,360.23471787906294,200.0,100.0,559.0,70.65030421373135,15.342901121438524,1652.0,277.36048048174086,58.90127845283103,69.0,12.058397253640884,2.6795451378884243,0.0,0.0,0.0,0.0,0.0,0.0
6,0.0,10,360.3819990493041,300.0,0.0,561.0,69.78003329795719,14.926421669346523,1727.0,290.46311455571464,62.61460378016495,0.0,0.0,0.0,0.0,0.0,0.0,0.0,0.0,0.0
7,0.0,12,360.11838315800793,300.0,100.0,563.0,74.36586417653312,16.71448855132885,1645.0,279.7149064023254,60.082735313523195,35.0,6.0795916177167575,1.2030625383090294,0.0,0.0,0.0,0.0,0.0,0.0
