id,probability_maraud,successful_mating,next_foraging_time,x_pos,y_pos,foraging_events,foraging_hrs,foraging_sqhrs,staying_events,staying_hrs,staying_sqhrs,repairing_events,repairing_hrs,repairing_sqhrs,marauding_events,marauding_hrs,marauding_sqhrs,traveling_events,traveling_hrs,traveling_sqhrs
0,0.054,7,360.02669246031184,0.0,0.0,561.0,69.9123414843611,13.929205216027881,1689.0,287.47341916102044,62.81255166460016,0.0,0.0,0.0,17.0,1.7000000000000004,0.1700000000000001,107.0,0.9743443802321967,0.010245198902606317
1,0.0,6,360.33259228024974,0.0,100.0,579.0,70.34086001022938,14.627529157083433,1615.0,271.65472656616794,57.59061102214683,107.0,18.259784264779196,3.8256027910219053,0.0,0.0,0.0,0.0,0.0,0.0
2,0.0,8,360.05459754082955,100.0,0.0,560.0,69.94488227394775,14.593029012727419,1713.0,290.1154900526471,62.06691460101593,0.0,0.0,0.0,0.0,0.0,0.0,0.0,0.0,0.0
3,0.0,10,360.1895412833674,100.0,100.0,572.0,72.57088256150703,15.850585561003582,1656.0,275.29973467356285,58.17159371364894,72.0,12.242912693083424,2.7746941913088246,0.0,0.0,0.0,0.0,0.0,0.0
4,0.0,9,360.205622757446,200.0,0.0,562.0,69.6986765365753,14.15042821296112,1599.0,265.90325147200576,55.5836057781531,139.0,24.444622470465966,5.569100123292208,0.0,0.0,0.0,0.0,0.0,0.0
5,0.0,17,359.84571414588646,200.0,100.0,569.0,69.33540601458782,14.191188272053088,1568.0,272.56247536901685,59.999410066284725,107.0,18.18909614079269,3.868764107897766,0.0,0.0,0.0,0.0,0.0,0.0
6,0.0,8,359.90494856560537,300.0,0.0,563.0,66.34894354268528,13.143955668956881,1606.0,275.1943198367367,59.26363296944711,115.0,18.520047251950864,3.9196827890357797,0.0,0.0,0.0,0.0,0.0,0.0
7,0.0,7,360.27188518449293,300.0,100.0,561.0,69.72891485799428,14.52711159069459,1653.0,278.2847145424018,59.415511813827656,72.0,12.097727073196703,2.6416289040685985,0.0,0.0,0.0,0.0,0.0,0.0
