id,probability_maraud,successful_mating,next_foraging_time,x_pos,y_pos,foraging_events,foraging_hrs,foraging_sqhrs,staying_events,staying_hrs,staying_sqhrs,repairing_events,repairing_hrs,repairing_sqhrs,marauding_events,marauding_hrs,marauding_sqhrs,traveling_events,traveling_hrs,traveling_sqhrs
0,0.0,6,360.11256961295396,0.0,0.0,572.0,69.95844696298016,14.561105611379803,1474.0,247.51719194396028,52.89259929960466,258.0,42.744962102184594,9.142420583412152,0.0,0.0,0.0,0.0,0.0,0.0
1,0.0,11,360.3182988654117,0.0,1000.0,561.0,69.84043181904974,14.109351045399563,1697.0,290.23187437584454,63.66803839660731,0.0,0.0,0.0,0.0,0.0,0.0,0.0,0.0,0.0
2,0.0,6,360.00512598936274,0.0,2000.0,563.0,68.28485835842206,13.05753607357234,1712.0,291.9947199305959,62.592323849650036,0.0,0.0,0.0,0.0,0.0,0.0,0.0,0.0,0.0
3,0.054,12,359.9072562940956,1000.0,0.0,574.0,66.78948567518421,13.112449244003601,1695.0,286.42968835990047,62.22854327561198,0.0,0.0,0.0,18.0,1.8000000000000005,0.1800000000000001,111.0,5.158065442702468,0.24005486968449874
4,0.0,10,360.30876340868923,1000.0,1000.0,565.0,73.7741054449759,15.787174871947979,1470.0,249.69259867613013,53.09298582625316,221.0,36.55538223221457,7.630236192243963,0.0,0.0,0.0,0.0,0.0,0.0
5,0.0,16,360.06079811064006,1000.0,2000.0,576.0,69.32659915564405,14.176257026617536,1758.0,290.91534619550544,61.07030993606718,0.0,0.0,0.0,0.0,0.0,0.0,0.0,0.0,0.0
6,0.0,5,360.0612445459171,2000.0,0.0,553.0,68.93112465773567,14.525993412522942,1532.0,261.1886570140426,56.225122659129575,179.0,30.088699475487008,6.404848435785575,0.0,0.0,0.0,0.0,0.0,0.0
7,0.0,11,360.2527434363739,2000.0,1000.0,549.0,71.64234716666516,15.850843251609428,1717.0,288.41258387255544,60.984921752770255,0.0,0.0,0.0,0.0,0.0,0.0,0.0,0.0,0.0
8,0.0,7,360.01246524780447,2000.0,2000.0,557.0,66.84299612789435,13.149796130942068,1693.0,293.1938739040962,62.90080388171836,0.0,0.0,0.0,0.0,0.0,0.0,0.0,0.0,0.0
9,0.0,3,360.4797084922241,3000.0,0.0,568.0,73.19042292163537,15.481765111109969,1676.0,286.84028102418716,61.4950336889627,0.0,0.0,0.0,0.0,0.0,0.0,0.0,0.0,0.0
10,0.0,15,360.0739977937446,3000.0,1000.0,567.0,70.58762618588564,14.221094223836449,1706.0,289.4451539627446,61.70094912401011,0.0,0.0,0.0,0.0,0.0,0.0,0.0,0.0,0.0
11,0.0,6,360.1347421280478,3000.0,2000.0,565.0,66.68049899461286,12.96394403889976,1732.0,293.4614357384823,62.82055697770918,0.0,0.0,0.0,0.0,0.0,0.0,0.0,0.0,0.0
