id,probability_maraud,successful_mating,next_foraging_time,x_pos,y_pos,foraging_events,foraging_hrs,foraging_sqhrs,staying_events,staying_hrs,staying_sqhrs,repairing_events,repairing_hrs,repairing_sqhrs,marauding_events,marauding_hrs,marauding_sqhrs,traveling_events,traveling_hrs,traveling_sqhrs
0,0.0,7,359.8975143585543,0.0,0.0,576.0,69.62127940407491,13.574708378078043,1721.0,290.45516215788666,62.0706924036278,0.0,0.0,0.0,0.0,0.0,0.0,0.0,0.0,0.0
1,0.0,9,360.15635741427513,0.0,1000.0,570.0,71.6631295469245,14.365550924489092,1687.0,288.41832674408914,61.91300427154069,0.0,0.0,0.0,0.0,0.0,0.0,0.0,0.0,0.0
2,0.0,11,360.068400666477,0.0,2000.0,564.0,64.7203192457478,12.119442010129747,1776.0,295.3769609062167,62.691688048720394,0.0,0.0,0.0,0.0,0.0,0.0,0.0,0.0,0.0
3,0.0,22,360.36804787681916,1000.0,0.0,578.0,67.43051743231305,13.084510143002126,1722.0,292.70035219523476,63.18056206428529,0.0,0.0,0.0,0.0,0.0,0.0,0.0,0.0,0.0
4,0.0,5,360.5570211049441,1000.0,1000.0,567.0,69.21343361175089,14.135236877088884,1695.0,290.8935179142868,63.18615343519724,0.0,0.0,0.0,0.0,0.0,0.0,0.0,0.0,0.0
5,0.0,9,360.10244066052377,1000.0,2000.0,563.0,72.54376857523567,15.265892681593062,1725.0,287.7083676871911,60.96506950179243,0.0,0.0,0.0,0.0,0.0,0.0,0.0,0.0,0.0
6,0.0,10,360.11841877399064,2000.0,0.0,561.0,66.66561275813581,13.420104962250184,1680.0,293.42949187452956,64.60771197740685,0.0,0.0,0.0,0.0,0.0,0.0,0.0,0.0,0.0
7,0.0,11,360.1877976580916,2000.0,1000.0,573.0,67.42813708041177,13.14781817108609,1732.0,292.74426108933517,62.39044378273794,0.0,0.0,0.0,0.0,0.0,0.0,0.0,0.0,0.0
8,0.0,9,360.7017781301512,2000.0,2000.0,559.0,68.46704217383412,14.542701642679248,1324.0,224.69676685367318,48.16946941386593,396.0,66.91417617191705,14.023488295223641,0.0,0.0,0.0,0.0,0.0,0.0
9,0.0,1,360.09986409850075,3000.0,0.0,578.0,72.79142561056538,14.558957766308797,1684.0,287.30094797601373,61.97142988370418,0.0,0.0,0.0,0.0,0.0,0.0,0.0,0.0,0.0
10,0.0,8,360.519931658474,3000.0,1000.0,570.0,75.2239611102203,16.349970352568977,1439.0,242.11338629644422,51.35995136344573,237.0,42.850066951263706,9.671013229592955,0.0,0.0,0.0,0.0,0.0,0.0
11,0.054,6,360.30361660192654,3000.0,2000.0,568.0,72.39316703060754,14.163851311513357,1670.0,280.921736991294,59.87179219179244,0.0,0.0,0.0,18.0,1.8000000000000005,0.1800000000000001,106.0,4.9265839612209845,0.2293381344307265
