id,probability_maraud,successful_mating,next_foraging_time,x_pos,y_pos,foraging_events,foraging_hrs,foraging_sqhrs,staying_events,staying_hrs,staying_sqhrs,repairing_events,repairing_hrs,repairing_sqhrs,marauding_events,marauding_hrs,marauding_sqhrs,traveling_events,traveling_hrs,traveling_sqhrs
0,0.0,4,360.57090839448813,0.0,0.0,572.0,72.52636175062023,14.938135640246825,1702.0,287.50671690902584,61.71338926870582,0.0,0.0,0.0,0.0,0.0,0.0,0.0,0.0,0.0
1,0.0,12,360.00118674795766,0.0,1000.0,572.0,68.09655601112226,12.888466168022976,1537.0,261.38394306596075,56.31902653712167,173.0,30.612505496857956,6.964204692315252,0.0,0.0,0.0,0.0,0.0,0.0
2,0.0,12,360.31551570937194,0.0,2000.0,564.0,70.4785267054495,14.328184751540428,1696.0,289.5757451905786,62.32588720691009,0.0,0.0,0.0,0.0,0.0,0.0,0.0,0.0,0.0
3,0.0,7,360.4755192287436,1000.0,0.0,569.0,69.17283787068394,13.625684811923206,1544.0,266.3429344216066,57.93708790874814,141.0,24.533751714657996,5.204418855426454,0.0,0.0,0.0,0.0,0.0,0.0
4,0.054,6,360.89140937446183,1000.0,1000.0,578.0,71.7790452134712,15.198373077658243,1670.0,281.7540575914829,60.123388476999864,0.0,0.0,0.0,18.0,1.8000000000000005,0.1800000000000001,102.0,4.818104991290074,0.22933813443072654
5,0.0,8,360.0449906565662,1000.0,2000.0,570.0,67.70148420498997,13.492366466408265,1532.0,261.5953050346024,56.962379709051426,193.0,30.783164608642466,6.249832732832968,0.0,0.0,0.0,0.0,0.0,0.0
6,0.0,15,360.43096484444385,2000.0,0.0,574.0,70.40325289605646,14.377993420826458,1723.0,289.7293593336107,62.55104101103598,0.0,0.0,0.0,0.0,0.0,0.0,0.0,0.0,0.0
7,0.0,12,360.47576388872545,2000.0,1000.0,587.0,71.3240824004406,14.06354489258417,1549.0,264.2726172053432,56.566333616412855,167.0,24.479937760750396,4.6135534093675075,0.0,0.0,0.0,0.0,0.0,0.0
8,0.0,11,360.14600003682693,2000.0,2000.0,545.0,66.21404380767763,14.154052844799569,1720.0,293.8052496895166,63.58411744847713,0.0,0.0,0.0,0.0,0.0,0.0,0.0,0.0,0.0
9,0.0,3,360.3416860874567,3000.0,0.0,567.0,73.60600458771951,16.637686581198285,1709.0,286.45624510112737,60.94948936542209,0.0,0.0,0.0,0.0,0.0,0.0,0.0,0.0,0.0
10,0.0,9,360.0298673144093,3000.0,1000.0,561.0,69.22073223611936,13.432169539591401,1684.0,290.824673242111,62.51542412278514,0.0,0.0,0.0,0.0,0.0,0.0,0.0,0.0,0.0
11,0.0,9,360.2779341248149,3000.0,2000.0,567.0,73.41130123123675,15.471628484486502,1702.0,286.6681205460543,60.44151469568613,0.0,0.0,0.0,0.0,0.0,0.0,0.0,0.0,0.0
