id,probability_maraud,successful_mating,next_foraging_time,x_pos,y_pos,foraging_events,foraging_hrs,foraging_sqhrs,staying_events,staying_hrs,staying_sqhrs,repairing_events,repairing_hrs,repairing_sqhrs,marauding_events,marauding_hrs,marauding_sqhrs,traveling_events,traveling_hrs,traveling_sqhrs
0,0.0,8,360.0095613186468,0.0,0.0,560.0,74.10029993628747,17.49568883186664,1696.0,286.0837723524533,61.43255392185384,0.0,0.0,0.0,0.0,0.0,0.0,0.0,0.0,0.0
1,0.0,12,360.02575087592186,0.0,1000.0,562.0,70.52039543717245,14.659280774741314,1717.0,289.56478419473063,61.913210417613435,0.0,0.0,0.0,0.0,0.0,0.0,0.0,0.0,0.0
2,0.0,7,359.8204728151771,0.0,2000.0,569.0,69.01533857451493,13.299635714856159,1724.0,291.0158048428221,62.18335259422313,0.0,0.0,0.0,0.0,0.0,0.0,0.0,0.0,0.0
3,0.0,12,360.57700331153984,1000.0,0.0,567.0,71.12444057041522,14.234719106939941,1709.0,288.8952390095731,61.24183988386511,0.0,0.0,0.0,0.0,0.0,0.0,0.0,0.0,0.0
4,0.0,13,360.0440704323998,1000.0,1000.0,577.0,72.0572653363162,14.732528415482387,1705.0,288.0333193462216,61.803813880429175,0.0,0.0,0.0,0.0,0.0,0.0,0.0,0.0,0.0
5,0.0,12,359.8617474287689,1000.0,2000.0,559.0,66.88151121310021,13.170232134277642,1721.0,293.18621238694067,63.1695535895954,0.0,0.0,0.0,0.0,0.0,0.0,0.0,0.0,0.0
6,0.0,9,360.5372078084378,2000.0,0.0,569.0,74.12889128214884,16.042990483486665,1719.0,286.04730698612394,60.938187456563504,0.0,0.0,0.0,0.0,0.0,0.0,0.0,0.0,0.0
7,0.0,9,360.15806046792176,2000.0,1000.0,567.0,70.28821866338797,14.401301858705363,1716.0,289.8310715777455,61.31370873668917,0.0,0.0,0.0,0.0,0.0,0.0,0.0,0.0,0.0
8,0.0,6,360.0711821737469,2000.0,2000.0,573.0,70.82710044135871,14.939267114010613,1462.0,246.0020926150335,53.407804076548125,244.0,43.18826753216956,9.443226086501998,0.0,0.0,0.0,0.0,0.0,0.0
9,0.0,4,360.23669599619245,3000.0,0.0,560.0,71.57377930294443,14.563328616119586,1711.0,288.46014706975257,61.15330581445862,0.0,0.0,0.0,0.0,0.0,0.0,0.0,0.0,0.0
10,0.0,8,359.9815085370562,3000.0,1000.0,566.0,71.34179276895286,14.820889701453797,1287.0,221.73375093700412,48.13850951507509,405.0,67.00146050345504,14.4003272987571,0.0,0.0,0.0,0.0,0.0,0.0
11,0.054,8,360.41152832488297,3000.0,2000.0,570.0,70.99612621036519,14.916147995945698,1673.0,282.26334282198775,60.93344023731169,0.0,0.0,0.0,18.0,1.8000000000000005,0.1800000000000001,106.0,4.964937068848123,0.23362482853223548
