id,probability_maraud,successful_mating,next_foraging_time,x_pos,y_pos,foraging_events,foraging_hrs,foraging_sqhrs,staying_events,staying_hrs,staying_sqhrs,repairing_events,repairing_hrs,repairing_sqhrs,marauding_events,marauding_hrs,marauding_sqhrs,traveling_events,traveling_hrs,traveling_sqhrs
0,0.0,7,360.3618897990187,0.0,0.0,560.0,73.12628060283886,15.87713026688001,1688.0,286.9204794723003,61.578526216964114,0.0,0.0,0.0,0.0,0.0,0.0,0.0,0.0,0.0
1,0.0,13,360.54169503517574,0.0,1000.0,547.0,74.27282230761557,17.13015333493607,1492.0,255.04456352238697,55.04770371701436,186.0,30.697854504270115,6.516758290844233,0.0,0.0,0.0,0.0,0.0,0.0
2,0.0,9,359.96428011912803,0.0,2000.0,570.0,71.35675001732204,15.587956795252486,1689.0,282.70000018984837,60.15744410090778,35.0,6.1199868424272275,1.4020101384510542,0.0,0.0,0.0,0.0,0.0,0.0
3,0.0,5,360.1349248171813,1000.0,0.0,565.0,71.1723579545509,14.933672478357304,1473.0,252.0901894138997,54.7897168878661,211.0,36.880026300102564,8.155364873047434,0.0,0.0,0.0,0.0,0.0,0.0
4,0.054,16,360.1680475617161,1000.0,1000.0,577.0,67.56254051402732,12.832323721808283,1688.0,285.7838528460681,61.22807459675935,0.0,0.0,0.0,18.0,1.8000000000000005,0.1800000000000001,107.0,4.99205681133085,0.23362482853223543
5,0.0,4,359.998379646,1000.0,2000.0,560.0,71.09210234447282,14.103208502513814,1636.0,277.15493636979545,59.62609676947669,72.0,12.072255384121513,2.615313591087815,0.0,0.0,0.0,0.0,0.0,0.0
6,0.0,9,360.8034958878308,2000.0,0.0,574.0,70.2108898536194,14.080724586500208,1713.0,289.9155034094826,62.60685678857815,0.0,0.0,0.0,0.0,0.0,0.0,0.0,0.0,0.0
7,0.0,10,360.09474001161334,2000.0,1000.0,559.0,70.33048290227718,14.573658451951623,1601.0,271.6739281945039,58.34556635506636,96.0,18.09817719881502,4.062582974715793,0.0,0.0,0.0,0.0,0.0,0.0
8,0.0,14,360.01420818051616,2000.0,2000.0,571.0,68.40062431806341,13.616928147245845,1679.0,291.6543588551163,63.994909125794635,0.0,0.0,0.0,0.0,0.0,0.0,0.0,0.0,0.0
9,0.0,3,360.5216493297368,3000.0,0.0,568.0,70.93158782583437,14.793409204680131,1733.0,289.3728454419129,62.05297474669303,0.0,0.0,0.0,0.0,0.0,0.0,0.0,0.0,0.0
10,0.0,11,360.11536750670405,3000.0,1000.0,558.0,68.86181989863307,15.107467493350828,1747.0,291.1672607690936,61.94281113448622,0.0,0.0,0.0,0.0,0.0,0.0,0.0,0.0,0.0
11,0.0,7,360.1817655787747,3000.0,2000.0,565.0,70.36865260189803,15.237791656584733,1684.0,289.7969945508294,62.94367162504765,0.0,0.0,0.0,0.0,0.0,0.0,0.0,0.0,0.0
