id,probability_maraud,successful_mating,next_foraging_time,x_pos,y_pos,foraging_events,foraging_hrs,foraging_sqhrs,staying_events,staying_hrs,staying_sqhrs,repairing_events,repairing_hrs,repairing_sqhrs,marauding_events,marauding_hrs,marauding_sqhrs,traveling_events,traveling_hrs,traveling_sqhrs
0,0.0,3,360.38172959108516,0.0,0.0,581.0,72.7803304058885,14.652645249106055,1477.0,245.99449165533085,52.43021507359139,254.0,41.28158752001267,8.70670451194625,0.0,0.0,0.0,0.0,0.0,0.0
1,0.0,13,360.0374095969078,0.0,1000.0,572.0,67.4104931550375,13.417854486778905,1696.0,286.81628517327795,61.83509891645947,37.0,6.056866403505905,1.2960605433951358,0.0,0.0,0.0,0.0,0.0,0.0
2,0.0,12,360.34982996247464,0.0,2000.0,554.0,70.93055365725517,15.159841314894766,1707.0,289.1939212121101,62.129350493913144,0.0,0.0,0.0,0.0,0.0,0.0,0.0,0.0,0.0
3,0.054,7,360.2283748068334,1000.0,0.0,566.0,72.56160317031708,15.31711108584558,1674.0,281.51646144134935,60.303716082121426,0.0,0.0,0.0,17.0,1.7000000000000004,0.1700000000000001,90.0,4.243372881920945,0.20147462277091874
4,0.0,14,359.97174503822976,1000.0,1000.0,565.0,73.94222573365393,15.695766077545096,1551.0,255.37901846414584,53.634310612379835,179.0,30.720411574627228,6.536014772905297,0.0,0.0,0.0,0.0,0.0,0.0
5,0.0,11,360.2133464629733,1000.0,2000.0,571.0,69.8844718082808,13.999132762790993,1736.0,290.3622717089892,61.13906255060573,0.0,0.0,0.0,0.0,0.0,0.0,0.0,0.0,0.0
6,0.0,6,359.9358738701809,2000.0,0.0,578.0,71.58484965465004,14.761708979856854,1586.0,264.3348616328535,56.340977337333314,140.0,24.295307332876206,5.27283788865319,0.0,0.0,0.0,0.0,0.0,0.0
7,0.0,10,360.1556702898489,2000.0,1000.0,555.0,69.91610753801709,14.541315642106767,1720.0,290.0907427334752,62.24295114629748,0.0,0.0,0.0,0.0,0.0,0.0,0.0,0.0,0.0
8,0.0,9,359.9246130112367,2000.0,2000.0,565.0,69.51267950164966,14.086563757380702,1740.0,290.5235191205826,61.40906944626695,0.0,0.0,0.0,0.0,0.0,0.0,0.0,0.0,0.0
9,0.0,11,360.1254071922351,3000.0,0.0,564.0,69.85692205790033,14.32966935918091,1712.0,290.30346837541464,61.97089809120934,0.0,0.0,0.0,0.0,0.0,0.0,0.0,0.0,0.0
10,0.0,4,360.12999041672015,3000.0,1000.0,574.0,67.54167238678514,13.175641982389823,1725.0,292.5495334348863,62.82242975659949,0.0,0.0,0.0,0.0,0.0,0.0,0.0,0.0,0.0
11,0.0,8,360.6235859331257,3000.0,2000.0,569.0,71.69973299736112,14.997619603514261,1720.0,288.42785767066755,61.57124801362145,0.0,0.0,0.0,0.0,0.0,0.0,0.0,0.0,0.0
