id,probability_maraud,successful_mating,next_foraging_time,x_pos,y_pos,foraging_events,foraging_hrs,foraging_sqhrs,staying_events,staying_hrs,staying_sqhrs,repairing_events,repairing_hrs,repairing_sqhrs,marauding_events,marauding_hrs,marauding_sqhrs,traveling_events,traveling_hrs,traveling_sqhrs
0,0.0,5,360.2311860680449,0.0,0.0,574.0,68.81001197006583,13.191497094734142,1519.0,260.85436496079745,56.67205617910655,172.0,30.39787251079656,6.700729405568833,0.0,0.0,0.0,0.0,0.0,0.0
1,0.054,12,360.0342797533605,0.0,1000.0,568.0,70.66867494873807,14.88726574492988,1657.0,284.1749212528104,61.729157072765716,0.0,0.0,0.0,12.0,1.2,0.12000000000000005,88.0,4.112427181701213,0.19290123456790093
2,0.0,7,360.3609339135325,0.0,2000.0,568.0,70.37519976151816,14.77699011823492,1562.0,265.0040869274701,56.92792422219058,138.0,24.6573874989328,5.426936979063422,0.0,0.0,0.0,0.0,0.0,0.0
3,0.0,13,360.0640475597555,1000.0,0.0,557.0,69.97953410083714,15.793710141978405,1709.0,290.0767557579131,62.2210533793043,0.0,0.0,0.0,0.0,0.0,0.0,0.0,0.0,0.0
4,0.0,4,360.81814541769455,1000.0,1000.0,557.0,73.13547464264946,16.12634218489829,1619.0,268.42482116199784,56.72371295679108,111.0,18.45652781931814,3.927254423913511,0.0,0.0,0.0,0.0,0.0,0.0
5,0.0,10,360.43624336842345,1000.0,2000.0,551.0,70.59904952665073,15.071608157433825,1687.0,289.55958469165256,62.424585880522905,0.0,0.0,0.0,0.0,0.0,0.0,0.0,0.0,0.0
6,0.0,10,360.38724693465707,2000.0,0.0,564.0,68.57379961729649,13.714506159180257,1700.0,291.468294387144,63.297634501043596,0.0,0.0,0.0,0.0,0.0,0.0,0.0,0.0,0.0
7,0.0,15,360.2051674839505,2000.0,1000.0,559.0,72.79788264323957,15.794889464348968,1676.0,287.451731960496,62.617404162435975,0.0,0.0,0.0,0.0,0.0,0.0,0.0,0.0,0.0
8,0.0,7,360.43622919851146,2000.0,2000.0,569.0,70.16495543944299,14.407645421161636,1728.0,289.9815718525441,61.842099077452474,0.0,0.0,0.0,0.0,0.0,0.0,0.0,0.0,0.0
9,0.0,8,360.53956154556033,3000.0,0.0,570.0,69.37859432023693,14.446349478325855,1725.0,290.6685007050933,62.12503081825373,0.0,0.0,0.0,0.0,0.0,0.0,0.0,0.0,0.0
10,0.0,12,359.8025311246631,3000.0,1000.0,560.0,70.91329347773878,15.480193386377678,1715.0,289.15948964647015,61.303931691681086,0.0,0.0,0.0,0.0,0.0,0.0,0.0,0.0,0.0
11,0.0,5,360.39763947544174,3000.0,2000.0,568.0,66.45363246748923,13.093552775785367,1731.0,293.6020594986988,62.878863606825874,0.0,0.0,0.0,0.0,0.0,0.0,0.0,0.0,0.0
