id,probability_maraud,successful_mating,next_foraging_time,x_pos,y_pos,foraging_events,foraging_hrs,foraging_sqhrs,staying_events,staying_hrs,staying_sqhrs,repairing_events,repairing_hrs,repairing_sqhrs,marauding_events,marauding_hrs,marauding_sqhrs,traveling_events,traveling_hrs,traveling_sqhrs
0,0.0,9,360.4247614836028,0.0,0.0,573.0,68.24951924569572,13.187746042861082,1529.0,261.3639838531716,55.8520711183417,181.0,30.409614132587713,6.384368356392742,0.0,0.0,0.0,0.0,0.0,0.0
1,0.054,13,360.36955828491165,0.0,1000.0,568.0,69.0653639943135,13.762102246826363,1693.0,285.1323159374206,60.894962492756086,0.0,0.0,0.0,13.0,1.3,0.13000000000000006,97.0,4.529093848367883,0.212191358024691
2,0.0,9,360.1601475283304,0.0,2000.0,566.0,72.22592790108719,15.609308858502782,1636.0,275.7340511389079,58.84051083416068,73.0,12.095808723336017,2.4902678022524642,0.0,0.0,0.0,0.0,0.0,0.0
3,0.0,11,360.0622741991558,1000.0,0.0,561.0,68.91031325764637,13.60126120958626,1730.0,291.14744481176126,62.09133897835068,0.0,0.0,0.0,0.0,0.0,0.0,0.0,0.0,0.0
4,0.0,13,360.3209241738604,1000.0,1000.0,552.0,67.65898718596672,13.741866303636616,1497.0,256.1298238176457,54.83732497744188,216.0,36.60775031633727,7.732463187738442,0.0,0.0,0.0,0.0,0.0,0.0
5,0.0,7,360.57373968185686,1000.0,2000.0,568.0,71.60520698000316,15.101593443361754,1704.0,288.4780457266345,62.49802745965736,0.0,0.0,0.0,0.0,0.0,0.0,0.0,0.0,0.0
6,0.0,7,359.9882868227543,2000.0,0.0,562.0,69.02843175363265,13.955344749582144,1699.0,291.0699060125515,62.722589295365864,0.0,0.0,0.0,0.0,0.0,0.0,0.0,0.0,0.0
7,0.0,13,360.0173125325284,2000.0,1000.0,575.0,72.33121403713963,15.232119019946674,1674.0,287.7441249678571,62.35778891718228,0.0,0.0,0.0,0.0,0.0,0.0,0.0,0.0,0.0
8,0.0,8,360.4219522290621,2000.0,2000.0,572.0,69.98376805885772,14.024170526856736,1716.0,290.08933104867185,61.328871417759245,0.0,0.0,0.0,0.0,0.0,0.0,0.0,0.0,0.0
9,0.0,4,359.9802248583865,3000.0,0.0,565.0,68.7257181775209,13.803571689319485,1713.0,291.34205479749374,63.68016635934205,0.0,0.0,0.0,0.0,0.0,0.0,0.0,0.0,0.0
10,0.0,10,360.19265403820623,3000.0,1000.0,572.0,74.38738046553398,15.683066523002472,1691.0,285.77503682521694,61.150289633812655,0.0,0.0,0.0,0.0,0.0,0.0,0.0,0.0,0.0
11,0.0,4,360.53104517480557,3000.0,2000.0,581.0,69.78018229416709,13.550567268226423,1722.0,290.36272630519693,61.52507512137514,0.0,0.0,0.0,0.0,0.0,0.0,0.0,0.0,0.0
