id,probability_maraud,successful_mating,next_foraging_time,x_pos,y_pos,foraging_events,foraging_hrs,foraging_sqhrs,staying_events,staying_hrs,staying_sqhrs,repairing_events,repairing_hrs,repairing_sqhrs,marauding_events,marauding_hrs,marauding_sqhrs,traveling_events,traveling_hrs,traveling_sqhrs
0,0.0,6,360.5537473059374,0.0,0.0,562.0,69.0772706621424,14.496344084304637,1494.0,253.1087365784005,54.434266011389056,210.0,37.97502076395291,8.618746923658275,0.0,0.0,0.0,0.0,0.0,0.0
1,0.054,16,360.5246061005004,0.0,1000.0,563.0,70.66320012139204,14.375509047299783,1720.0,283.4004458876688,59.35362850102813,0.0,0.0,0.0,19.0,1.9000000000000006,0.1900000000000001,92.0,4.316788920699969,0.20361796982167318
2,0.0,8,360.24842210136865,0.0,2000.0,583.0,70.94830259405954,14.532306827691622,1459.0,246.0823040923566,52.334824957241516,249.0,43.25639370415932,9.060540027284462,0.0,0.0,0.0,0.0,0.0,0.0
3,0.0,9,360.60502647038595,1000.0,0.0,558.0,71.89535038532682,15.172279457921203,1647.0,282.27211991167593,60.75063604257821,39.0,6.005396420542492,1.1265685001604173,0.0,0.0,0.0,0.0,0.0,0.0
4,0.0,12,359.83578617736697,1000.0,1000.0,565.0,72.39546661017765,14.860960798917391,1542.0,263.23560711865656,56.40377952893396,149.0,24.391740067406367,5.107623159694672,0.0,0.0,0.0,0.0,0.0,0.0
5,0.0,12,360.01768296149504,1000.0,2000.0,559.0,71.98264315432361,15.178034673731961,1755.0,288.154409126332,60.89636712357659,0.0,0.0,0.0,0.0,0.0,0.0,0.0,0.0,0.0
6,0.0,7,360.43188702907923,2000.0,0.0,582.0,67.83938443664883,13.116666145759917,1748.0,292.2885827045986,62.112229622025716,0.0,0.0,0.0,0.0,0.0,0.0,0.0,0.0,0.0
7,0.0,13,359.8724939764397,2000.0,1000.0,561.0,69.54284024374051,14.419915322285771,1678.0,290.5252341814724,62.982625953165574,0.0,0.0,0.0,0.0,0.0,0.0,0.0,0.0,0.0
8,0.0,9,359.9804252502201,2000.0,2000.0,570.0,68.08700125764435,13.81914724081063,1714.0,291.9809002057182,62.544054456971246,0.0,0.0,0.0,0.0,0.0,0.0,0.0,0.0,0.0
9,0.0,3,360.309126576192,3000.0,0.0,570.0,72.02915317870364,15.862900054943237,1711.0,287.97545355191573,61.33802545772762,0.0,0.0,0.0,0.0,0.0,0.0,0.0,0.0,0.0
10,0.0,7,360.1487005812113,3000.0,1000.0,581.0,71.8059583457909,14.412721188694894,1723.0,288.2492697945903,61.66311531781281,0.0,0.0,0.0,0.0,0.0,0.0,0.0,0.0,0.0
11,0.0,6,360.3609887433587,3000.0,2000.0,558.0,66.87276418920831,12.88707978892508,1715.0,293.165335421759,62.846133976815864,0.0,0.0,0.0,0.0,0.0,0.0,0.0,0.0,0.0
