id,probability_maraud,successful_mating,next_foraging_time,x_pos,y_pos,foraging_events,foraging_hrs,foraging_sqhrs,staying_events,staying_hrs,staying_sqhrs,repairing_events,repairing_hrs,repairing_sqhrs,marauding_events,marauding_hrs,marauding_sqhrs,traveling_events,traveling_hrs,traveling_sqhrs
0,0.0,9,360.27328562443125,0.0,0.0,550.0,72.9743803033372,16.31308382603157,1689.0,287.0469482422577,61.74203462153136,0.0,0.0,0.0,0.0,0.0,0.0,0.0,0.0,0.0
1,0.0,13,360.1890471977021,0.0,1000.0,556.0,68.86788024446881,13.89185405405931,1681.0,291.2096162321658,63.316928170224024,0.0,0.0,0.0,0.0,0.0,0.0,0.0,0.0,0.0
2,0.0,9,359.77120449526626,0.0,2000.0,572.0,69.28203858668851,13.939722730089835,1724.0,290.75821835506326,62.27309417689791,0.0,0.0,0.0,0.0,0.0,0.0,0.0,0.0,0.0
3,0.0,5,360.15706654935383,1000.0,0.0,572.0,75.86550645646763,17.205740362869935,1559.0,259.3824387267239,55.09168958540233,143.0,24.760778913211368,5.453521864174521,0.0,0.0,0.0,0.0,0.0,0.0
4,0.0,9,360.10607596856903,1000.0,1000.0,571.0,71.10321377467531,15.12586404246815,1687.0,289.0429385884778,62.51013586046302,0.0,0.0,0.0,0.0,0.0,0.0,0.0,0.0,0.0
5,0.0,10,360.27850994813514,1000.0,2000.0,571.0,66.61717862048906,12.707452287677532,1724.0,293.5168945600692,63.26724813914912,0.0,0.0,0.0,0.0,0.0,0.0,0.0,0.0,0.0
6,0.054,11,360.0149863802183,2000.0,0.0,573.0,70.84194421352679,14.70392894436171,1700.0,283.5902071773361,60.26764546276879,0.0,0.0,0.0,17.0,1.7000000000000004,0.1700000000000001,87.0,4.046954331591347,0.18861454046639203
7,0.0,7,360.42137065685586,2000.0,1000.0,569.0,69.19273122361999,13.874319992372655,1528.0,260.55610498733563,56.69067787723113,166.0,30.253855300205156,6.829126253419818,0.0,0.0,0.0,0.0,0.0,0.0
8,0.0,8,360.088786823819,2000.0,2000.0,568.0,68.09296526700996,14.020122603761983,1770.0,292.02268665647154,60.793136086286744,0.0,0.0,0.0,0.0,0.0,0.0,0.0,0.0,0.0
9,0.0,4,359.97661809972453,3000.0,0.0,557.0,70.89026671754243,14.685405278451372,1456.0,250.18389639091177,54.32392112670836,222.0,39.0025041207444,8.689480787795453,0.0,0.0,0.0,0.0,0.0,0.0
10,0.0,15,360.2351003616435,3000.0,1000.0,562.0,71.22951476586607,14.785946162259886,1661.0,283.018219642423,61.00684080049755,34.0,6.038841147750721,1.2804512472052112,0.0,0.0,0.0,0.0,0.0,0.0
11,0.0,8,360.2005433578994,3000.0,2000.0,567.0,71.98388491167063,15.122225190463226,1720.0,288.156810116313,62.24998635774148,0.0,0.0,0.0,0.0,0.0,0.0,0.0,0.0,0.0
