id,probability_maraud,successful_mating,next_foraging_time,x_pos,y_pos,foraging_events,foraging_hrs,foraging_sqhrs,staying_events,staying_hrs,staying_sqhrs,repairing_events,repairing_hrs,repairing_sqhrs,marauding_events,marauding_hrs,marauding_sqhrs,traveling_events,traveling_hrs,traveling_sqhrs
0,0.0,9,360.551851323666,0.0,0.0,572.0,68.07148388497127,13.41448299456527,1586.0,267.597957119159,56.8599813935597,145.0,24.532660978244177,5.205645666268063,0.0,0.0,0.0,0.0,0.0,0.0
1,0.0,12,359.9667663553852,0.0,1000.0,562.0,66.04869048763747,12.722536468385869,1687.0,294.00002149298564,64.37005794895673,0.0,0.0,0.0,0.0,0.0,0.0,0.0,0.0,0.0
2,0.0,8,359.899088923004,0.0,2000.0,559.0,69.91393657970195,14.486812351144673,1685.0,290.25826174429903,62.154954298225405,0.0,0.0,0.0,0.0,0.0,0.0,0.0,0.0,0.0
3,0.054,12,360.2549852813464,1000.0,0.0,572.0,69.46318118040844,13.716789402880124,1707.0,285.8296089436128,60.98421985745972,0.0,0.0,0.0,13.0,1.3,0.13000000000000006,74.0,3.425925925925925,0.1586076817558298
4,0.0,7,359.95253599717716,1000.0,1000.0,564.0,68.49729175789102,13.724016165831141,1559.0,267.0516660239329,57.810848980955306,151.0,24.608372518263923,4.985743076621963,0.0,0.0,0.0,0.0,0.0,0.0
5,0.0,9,360.8422095222007,1000.0,2000.0,576.0,71.95319120933947,15.361252209405986,1703.0,288.32069369067756,61.45416326700604,0.0,0.0,0.0,0.0,0.0,0.0,0.0,0.0,0.0
6,0.0,3,360.3551345642549,2000.0,0.0,556.0,67.34096796917537,13.994284432997704,1526.0,262.0835529722476,56.70243926625667,186.0,30.723082292788483,6.5894430937987964,0.0,0.0,0.0,0.0,0.0,0.0
7,0.0,14,360.29797313692546,2000.0,1000.0,560.0,68.4271419446888,14.140463143826095,1753.0,291.5888418598993,61.605855867605754,0.0,0.0,0.0,0.0,0.0,0.0,0.0,0.0,0.0
8,0.0,11,359.8782933036858,2000.0,2000.0,567.0,65.52165285129831,12.475858125099776,1725.0,294.4910775661772,63.53855576912712,0.0,0.0,0.0,0.0,0.0,0.0,0.0,0.0,0.0
9,0.0,7,360.4081362306964,3000.0,0.0,561.0,74.07014326542799,15.736679214547474,1670.0,285.9572304699115,61.786402321926346,0.0,0.0,0.0,0.0,0.0,0.0,0.0,0.0,0.0
10,0.0,8,360.5746967053533,3000.0,1000.0,570.0,70.48895985553648,14.407778902552092,1687.0,289.5163684441569,63.1263502601772,0.0,0.0,0.0,0.0,0.0,0.0,0.0,0.0,0.0
11,0.0,8,360.21556866212654,3000.0,2000.0,579.0,72.08464539629931,15.186603905416428,1726.0,288.0834809018452,61.00527676682179,0.0,0.0,0.0,0.0,0.0,0.0,0.0,0.0,0.0
