id,probability_maraud,successful_mating,next_foraging_time,x_pos,y_pos,foraging_events,foraging_hrs,foraging_sqhrs,staying_events,staying_hrs,staying_sqhrs,repairing_events,repairing_hrs,repairing_sqhrs,marauding_events,marauding_hrs,marauding_sqhrs,traveling_events,traveling_hrs,traveling_sqhrs
0,0.0,5,360.02136918098313,0.0,0.0,567.0,70.50857762590358,14.102336780928377,1386.0,234.49278137376726,49.815661336082584,346.0,55.01758973200354,11.226424584072388,0.0,0.0,0.0,0.0,0.0,0.0
1,0.0,14,360.0604055897914,0.0,1000.0,566.0,68.10429893297092,13.299582060147566,1734.0,291.9044952891459,62.01890253719506,0.0,0.0,0.0,0.0,0.0,0.0,0.0,0.0,0.0
2,0.0,6,360.537286869854,0.0,2000.0,571.0,72.66942837940286,15.675744921719856,1706.0,287.3500434200977,61.09095736603754,0.0,0.0,0.0,0.0,0.0,0.0,0.0,0.0,0.0
3,0.054,10,360.56422696881566,1000.0,0.0,566.0,71.49636915593554,14.590380043588944,1687.0,282.05569284030645,60.008165850312565,0.0,0.0,0.0,19.0,1.9000000000000006,0.1900000000000001,99.0,4.640862994774046,0.2186213991769543
4,0.0,6,360.34899385166193,1000.0,1000.0,571.0,71.11043371730354,14.448133890173184,1545.0,258.47632359584003,54.42346325757299,179.0,30.55223627928401,6.7546356511559225,0.0,0.0,0.0,0.0,0.0,0.0
5,0.0,9,360.25058373940334,1000.0,2000.0,555.0,72.99463192077113,16.01331456009646,1712.0,287.0340069024259,61.17079913307901,0.0,0.0,0.0,0.0,0.0,0.0,0.0,0.0,0.0
6,0.0,10,360.1500292746451,2000.0,0.0,561.0,67.42773748238751,14.007016775451937,1524.0,261.93579713990766,56.8011943977972,186.0,30.738050718465832,6.458465709511989,0.0,0.0,0.0,0.0,0.0,0.0
7,0.0,10,360.31418625042966,2000.0,1000.0,569.0,72.50147568011435,15.103396274746595,1691.0,287.51104901477277,61.49727191448656,0.0,0.0,0.0,0.0,0.0,0.0,0.0,0.0,0.0
8,0.0,16,360.2899201201856,2000.0,2000.0,562.0,72.13185406887837,15.86531902776028,1672.0,288.0377018889383,62.891550922544646,0.0,0.0,0.0,0.0,0.0,0.0,0.0,0.0,0.0
9,0.0,2,360.1116382420477,3000.0,0.0,557.0,71.81162766120941,14.794109740154191,1698.0,288.28440282133835,61.84198370130471,0.0,0.0,0.0,0.0,0.0,0.0,0.0,0.0,0.0
10,0.0,12,359.8911211788816,3000.0,1000.0,564.0,71.6362798304272,15.453316724199585,1728.0,288.4741055905148,60.89858279424086,0.0,0.0,0.0,0.0,0.0,0.0,0.0,0.0,0.0
11,0.0,8,360.03612724602976,3000.0,2000.0,559.0,72.9981934383297,15.516220356904222,1676.0,287.13454053663486,62.358783673851505,0.0,0.0,0.0,0.0,0.0,0.0,0.0,0.0,0.0
