id,probability_maraud,successful_mating,next_foraging_time,x_pos,y_pos,foraging_events,foraging_hrs,foraging_sqhrs,staying_events,staying_hrs,staying_sqhrs,repairing_events,repairing_hrs,repairing_sqhrs,marauding_events,marauding_hrs,marauding_sqhrs,traveling_events,traveling_hrs,traveling_sqhrs
0,0.0,6,359.95723059258285,0.0,0.0,570.0,69.41478433453501,13.953713525744698,1727.0,290.7266617673436,61.9603537998654,0.0,0.0,0.0,0.0,0.0,0.0,0.0,0.0,0.0
1,0.0,10,359.7817075457228,0.0,1000.0,564.0,73.45026098800427,16.569463676068334,1631.0,274.24146505341594,57.96220161194061,75.0,12.367750099591127,2.5477236943733925,0.0,0.0,0.0,0.0,0.0,0.0
2,0.0,7,360.44030670429663,0.0,2000.0,573.0,70.14558258313032,14.428408387361674,1696.0,290.03329720863144,62.42115256434858,0.0,0.0,0.0,0.0,0.0,0.0,0.0,0.0,0.0
3,0.0,10,359.95524101314436,1000.0,0.0,557.0,72.2180078328861,15.127564910168964,1546.0,259.64725261789187,55.98584492824357,161.0,28.228151378497245,6.357206821778289,0.0,0.0,0.0,0.0,0.0,0.0
4,0.054,16,359.9314269307581,1000.0,1000.0,571.0,68.24757813505612,13.607123482805864,1652.0,286.51689198990636,63.25427419631214,0.0,0.0,0.0,17.0,1.7000000000000004,0.1700000000000001,81.0,3.8458827690678445,0.1843278463648832
5,0.0,11,360.0262981162629,1000.0,2000.0,565.0,71.8105273053792,15.363813636736165,1538.0,263.3446714847945,56.80340445013615,154.0,25.05432361023437,5.369136625134199,0.0,0.0,0.0,0.0,0.0,0.0
6,0.0,7,360.0168327573864,2000.0,0.0,571.0,68.93777719395149,14.03307181042907,1716.0,291.1759291596188,62.39603484563549,0.0,0.0,0.0,0.0,0.0,0.0,0.0,0.0,0.0
7,0.0,10,360.28065351292764,2000.0,1000.0,569.0,75.15118268335623,15.993744550431717,1481.0,254.2786051399929,54.50583442251478,177.0,30.718782661634144,6.945221131705414,0.0,0.0,0.0,0.0,0.0,0.0
8,0.0,15,360.2466732304086,2000.0,2000.0,554.0,67.00279782652102,13.133217870152126,1703.0,293.06824207215976,63.6156504849555,0.0,0.0,0.0,0.0,0.0,0.0,0.0,0.0,0.0
9,0.0,6,360.001506845735,3000.0,0.0,562.0,66.1109788476716,13.087960729264074,1737.0,293.9732443075291,62.894234389759134,0.0,0.0,0.0,0.0,0.0,0.0,0.0,0.0,0.0
10,0.0,7,360.3701868661902,3000.0,1000.0,567.0,69.9291731288439,14.74856787686391,1747.0,290.4280063423099,60.68573421074365,0.0,0.0,0.0,0.0,0.0,0.0,0.0,0.0,0.0
11,0.0,3,360.34360203329436,3000.0,2000.0,544.0,69.25297521718262,14.590929894059872,1723.0,291.0993189293599,61.480284735950704,0.0,0.0,0.0,0.0,0.0,0.0,0.0,0.0,0.0
