id,probability_maraud,successful_mating,next_foraging_time,x_pos,y_pos,foraging_events,foraging_hrs,foraging_sqhrs,staying_events,staying_hrs,staying_sqhrs,repairing_events,repairing_hrs,repairing_sqhrs,marauding_events,marauding_hrs,marauding_sqhrs,traveling_events,traveling_hrs,traveling_sqhrs
0,0.0,7,360.04212124450396,0.0,0.0,567.0,71.19815869561421,14.827820914255776,1701.0,288.8344965498272,62.09118875479099,0.0,0.0,0.0,0.0,0.0,0.0,0.0,0.0,0.0
1,0.0,14,360.57645275647997,0.0,1000.0,580.0,72.087698025564,15.605488212973269,1683.0,287.9727432058023,61.968544688739904,0.0,0.0,0.0,0.0,0.0,0.0,0.0,0.0,0.0
2,0.0,7,360.0680844234921,0.0,2000.0,574.0,73.04172067489735,15.429160276800523,1713.0,286.97764171317834,61.07804919309586,0.0,0.0,0.0,0.0,0.0,0.0,0.0,0.0,0.0
3,0.0,9,360.47856936576306,1000.0,0.0,569.0,72.47515804112675,14.989217796337847,1728.0,287.67067785535664,60.860847746919276,0.0,0.0,0.0,0.0,0.0,0.0,0.0,0.0,0.0
4,0.0,15,360.32374306453363,1000.0,1000.0,567.0,72.79706063569597,15.388579492837163,1689.0,287.301983279493,61.17559484183082,0.0,0.0,0.0,0.0,0.0,0.0,0.0,0.0,0.0
5,0.0,5,360.28568680134777,1000.0,2000.0,570.0,71.29661250130425,14.424580663070808,1730.0,288.7043418065494,61.092392758601925,0.0,0.0,0.0,0.0,0.0,0.0,0.0,0.0,0.0
6,0.0,11,360.53887318857096,2000.0,0.0,559.0,68.69060558807288,14.673325792734936,1710.0,291.3126601542735,62.61751651438219,0.0,0.0,0.0,0.0,0.0,0.0,0.0,0.0,0.0
7,0.0,10,360.21483507255755,2000.0,1000.0,577.0,72.35035972336048,15.362149527296486,1427.0,244.94545239341954,52.87777728499168,245.0,42.730533857779776,9.21769030214782,0.0,0.0,0.0,0.0,0.0,0.0
8,0.0,6,360.0006262421322,2000.0,2000.0,563.0,72.50801159130751,15.320834339671052,1714.0,287.54394642880834,61.449884860052144,0.0,0.0,0.0,0.0,0.0,0.0,0.0,0.0,0.0
9,0.0,10,359.9564702885587,3000.0,0.0,570.0,72.37655030829092,14.923835728022683,1612.0,269.59822525698735,58.358884369582455,112.0,18.124440922676335,3.89948913143255,0.0,0.0,0.0,0.0,0.0,0.0
10,0.054,13,359.9541168133404,3000.0,1000.0,568.0,70.33030598215267,13.876468830562183,1660.0,283.5213600644663,60.46053678615379,0.0,0.0,0.0,16.0,1.6000000000000003,0.1600000000000001,102.0,4.741398776035797,0.22076474622770875
11,0.0,1,360.22935102410406,3000.0,2000.0,555.0,75.27822287159303,16.955551030033888,1447.0,248.0379582564492,53.27767737907437,207.0,36.84191226916404,8.32359115785326,0.0,0.0,0.0,0.0,0.0,0.0
