id,probability_maraud,successful_mating,next_foraging_time,x_pos,y_pos,foraging_events,foraging_hrs,foraging_sqhrs,staying_events,staying_hrs,staying_sqhrs,repairing_events,repairing_hrs,repairing_sqhrs,marauding_events,marauding_hrs,marauding_sqhrs,traveling_events,traveling_hrs,traveling_sqhrs
0,0.0,6,360.7580841030234,0.0,0.0,565.0,72.19481392988533,15.105636655621579,1503.0,257.67068305418826,56.334615555049865,180.0,30.38726785660787,6.559272000456812,0.0,0.0,0.0,0.0,0.0,0.0
1,0.054,19,360.1456357491746,0.0,1000.0,567.0,70.4732558949192,14.704415051593314,1703.0,284.57866905704645,60.61807358471238,0.0,0.0,0.0,8.0,0.7999999999999999,0.08000000000000002,92.0,4.316788920699969,0.20361796982167318
2,0.0,3,360.5804712285203,0.0,2000.0,557.0,68.32626766695239,13.79589344845634,1706.0,285.5888108208543,60.9389248571864,41.0,6.20669982209968,1.1728776245219887,0.0,0.0,0.0,0.0,0.0,0.0
3,0.0,6,360.37279467676706,1000.0,0.0,554.0,70.84867081346417,15.382871152429345,1732.0,289.1565915673715,61.200702056698496,0.0,0.0,0.0,0.0,0.0,0.0,0.0,0.0,0.0
4,0.0,11,359.8061061813192,1000.0,1000.0,573.0,72.77271245580006,15.511054123998179,1622.0,275.1408113905682,58.21117468486077,64.0,12.217687833784932,2.9182540633585754,0.0,0.0,0.0,0.0,0.0,0.0
5,0.0,8,360.2647225822815,1000.0,2000.0,563.0,72.68561146797536,16.89946351258172,1689.0,287.48940443713974,61.79280416927808,0.0,0.0,0.0,0.0,0.0,0.0,0.0,0.0,0.0
6,0.0,13,360.2978002515359,2000.0,0.0,566.0,67.45449388315853,13.6966828012445,1745.0,292.58106794360367,62.4983741848727,0.0,0.0,0.0,0.0,0.0,0.0,0.0,0.0,0.0
7,0.0,15,360.27505491357374,2000.0,1000.0,570.0,71.51777801892655,14.656911246165752,1687.0,288.60319776195956,62.37031772236378,0.0,0.0,0.0,0.0,0.0,0.0,0.0,0.0,0.0
8,0.0,7,360.1336943834354,2000.0,2000.0,573.0,69.17235965062301,13.226520318098654,1728.0,290.9394948419271,61.71936337273878,0.0,0.0,0.0,0.0,0.0,0.0,0.0,0.0,0.0
9,0.0,6,360.4155934774927,3000.0,0.0,564.0,73.02007280098901,15.272181159332604,1702.0,287.0151491024767,61.96251229830291,0.0,0.0,0.0,0.0,0.0,0.0,0.0,0.0,0.0
10,0.0,9,360.2085258552595,3000.0,1000.0,561.0,70.78701922437058,15.106930119833184,1719.0,289.2488497546014,60.68173818159391,0.0,0.0,0.0,0.0,0.0,0.0,0.0,0.0,0.0
11,0.0,5,359.9029937087586,3000.0,2000.0,572.0,69.60251026319686,14.169814861007977,1716.0,290.47572565716615,62.64808396019402,0.0,0.0,0.0,0.0,0.0,0.0,0.0,0.0,0.0
