id,probability_maraud,successful_mating,next_foraging_time,x_pos,y_pos,foraging_events,foraging_hrs,foraging_sqhrs,staying_events,staying_hrs,staying_sqhrs,repairing_events,repairing_hrs,repairing_sqhrs,marauding_events,marauding_hrs,marauding_sqhrs,traveling_events,traveling_hrs,traveling_sqhrs
0,0.0,3,360.1709888726293,0.0,0.0,560.0,67.81028853465845,13.359754098529828,1705.0,292.3147492585388,63.64052513754895,0.0,0.0,0.0,0.0,0.0,0.0,0.0,0.0,0.0
1,0.0,7,359.79933123268046,0.0,1000.0,566.0,71.19773851946931,14.334824683957105,1723.0,288.86056613029643,62.29485984528885,0.0,0.0,0.0,0.0,0.0,0.0,0.0,0.0,0.0
2,0.0,6,360.6512407249189,0.0,2000.0,563.0,72.25578284021968,15.117405315876908,1659.0,288.0455438375076,62.38610713775518,0.0,0.0,0.0,0.0,0.0,0.0,0.0,0.0,0.0
3,0.0,13,360.2497976838473,1000.0,0.0,572.0,67.26676926623442,13.066716376022018,1692.0,292.82456019658076,63.58223220992939,0.0,0.0,0.0,0.0,0.0,0.0,0.0,0.0,0.0
4,0.0,11,360.12275452715244,1000.0,1000.0,560.0,69.3977854212435,14.067335926025654,1745.0,290.7014968090282,61.658332180194094,0.0,0.0,0.0,0.0,0.0,0.0,0.0,0.0,0.0
5,0.0,7,360.19371385040523,1000.0,2000.0,572.0,73.09670872501812,15.46002110816182,1712.0,287.11151421379753,61.160399045765296,0.0,0.0,0.0,0.0,0.0,0.0,0.0,0.0,0.0
6,0.0,12,360.05485742309884,2000.0,0.0,574.0,68.16495966203266,13.603668396397685,1721.0,291.8828785147077,61.98690710822161,0.0,0.0,0.0,0.0,0.0,0.0,0.0,0.0,0.0
7,0.0,14,360.7219409760436,2000.0,1000.0,566.0,69.34484162097492,13.650768529813286,1681.0,284.4797626179903,60.56033053716028,38.0,6.205960350795815,1.2281370511588576,0.0,0.0,0.0,0.0,0.0,0.0
8,0.0,11,360.00364639652145,2000.0,2000.0,560.0,70.89964724906321,14.204211560994098,1500.0,252.31953458026143,53.26959732375203,221.0,36.94999287854942,7.794798893531439,0.0,0.0,0.0,0.0,0.0,0.0
9,0.0,6,360.2410507715465,3000.0,0.0,567.0,73.55836078602913,16.48798551616593,1686.0,286.5576319359464,61.59754840219725,0.0,0.0,0.0,0.0,0.0,0.0,0.0,0.0,0.0
10,0.0,11,360.6906956973472,3000.0,1000.0,567.0,71.92076604832083,14.649545827755201,1353.0,233.38525284880677,50.17395839666839,320.0,54.839181588653915,12.511843430386318,0.0,0.0,0.0,0.0,0.0,0.0
11,0.054,7,359.944749668231,3000.0,2000.0,570.0,72.71659735524206,15.297246728979545,1660.0,281.24599562676514,59.593112844628806,0.0,0.0,0.0,16.0,1.6000000000000003,0.1600000000000001,96.0,4.5019741058851555,0.21219135802469094
