id,probability_maraud,successful_mating,next_foraging_time,x_pos,y_pos,foraging_events,foraging_hrs,foraging_sqhrs,staying_events,staying_hrs,staying_sqhrs,repairing_events,repairing_hrs,repairing_sqhrs,marauding_events,marauding_hrs,marauding_sqhrs,traveling_events,traveling_hrs,traveling_sqhrs
0,0.0,4,360.3475548666392,0.0,0.0,570.0,71.76172665195156,15.446624577388892,1593.0,269.86556907604813,58.59356374215548,118.0,18.405854698546744,3.790251420350258,0.0,0.0,0.0,0.0,0.0,0.0
1,0.054,12,360.51004704367085,0.0,1000.0,563.0,72.19502785110924,15.179034938839242,1662.0,282.57005676029195,60.56571039293012,0.0,0.0,0.0,12.0,1.2,0.12000000000000005,90.0,4.166666666666667,0.19290123456790093
2,0.0,10,359.96730071932393,0.0,2000.0,552.0,70.21677865162593,15.449058166775563,1593.0,271.5886451098789,58.623166239440145,108.0,18.27306497356991,3.859751609094478,0.0,0.0,0.0,0.0,0.0,0.0
3,0.0,10,360.0724527514157,1000.0,0.0,576.0,67.12261423250553,13.173981112193948,1732.0,292.9947418775644,63.06853543865781,0.0,0.0,0.0,0.0,0.0,0.0,0.0,0.0,0.0
4,0.0,11,359.98825120311426,1000.0,1000.0,561.0,67.29431357293862,14.44007989836889,1518.0,256.3838081001345,55.62630114336154,214.0,36.322837589413815,7.7645092427461995,0.0,0.0,0.0,0.0,0.0,0.0
5,0.0,13,359.85982813591335,1000.0,2000.0,572.0,73.26801583537375,16.015994401654236,1665.0,286.742493672871,62.16157736327573,0.0,0.0,0.0,0.0,0.0,0.0,0.0,0.0,0.0
6,0.0,5,360.37646354378506,2000.0,0.0,562.0,70.60533610412553,14.687032260987907,1704.0,289.4100791682734,62.17727939562398,0.0,0.0,0.0,0.0,0.0,0.0,0.0,0.0,0.0
7,0.0,6,360.0372145469186,2000.0,1000.0,565.0,72.69785345242705,16.1535314675921,1729.0,287.3516448105294,61.2311825451792,0.0,0.0,0.0,0.0,0.0,0.0,0.0,0.0,0.0
8,0.0,12,360.087635436088,2000.0,2000.0,563.0,73.26597884343226,15.468625282500438,1682.0,286.7669652767267,62.33548587696476,0.0,0.0,0.0,0.0,0.0,0.0,0.0,0.0,0.0
9,0.0,10,360.43177114300306,3000.0,0.0,567.0,66.50881142436522,13.228533383669697,1707.0,293.51350734835614,63.650774067923344,0.0,0.0,0.0,0.0,0.0,0.0,0.0,0.0,0.0
10,0.0,12,360.5176826715941,3000.0,1000.0,573.0,70.47271788821186,14.752123553939242,1721.0,289.66525250317284,61.58967198230823,0.0,0.0,0.0,0.0,0.0,0.0,0.0,0.0,0.0
11,0.0,3,360.23352207136486,3000.0,2000.0,566.0,74.50001256987068,16.51046987165888,1668.0,285.74350909195493,61.787650255300925,0.0,0.0,0.0,0.0,0.0,0.0,0.0,0.0,0.0
