id,probability_maraud,successful_mating,next_foraging_time,x_pos,y_pos,foraging_events,foraging_hrs,foraging_sqhrs,staying_events,staying_hrs,staying_sqhrs,repairing_events,repairing_hrs,repairing_sqhrs,marauding_events,marauding_hrs,marauding_sqhrs,traveling_events,traveling_hrs,traveling_sqhrs
0,0.0,7,360.09864535484985,0.0,0.0,557.0,69.3241210979848,14.643312399261127,1696.0,290.86509633733397,63.297572886253704,0.0,0.0,0.0,0.0,0.0,0.0,0.0,0.0,0.0
1,0.0,11,360.19899695314194,0.0,1000.0,584.0,64.70265165194282,12.341120140597507,1744.0,295.40015362998065,63.562541973327136,0.0,0.0,0.0,0.0,0.0,0.0,0.0,0.0,0.0
2,0.0,5,360.5688566110738,0.0,2000.0,562.0,69.89028703772127,14.832384708556692,1760.0,290.21563870477036,61.87293878047171,0.0,0.0,0.0,0.0,0.0,0.0,0.0,0.0,0.0
3,0.0,10,359.92642891253433,1000.0,0.0,561.0,75.17042596285471,16.403306619562137,1564.0,260.51122275089745,55.38633758744507,141.0,24.32251660531527,5.281348842247783,0.0,0.0,0.0,0.0,0.0,0.0
4,0.0,12,360.4318011011311,1000.0,1000.0,564.0,74.67320414335258,16.16423114224582,1690.0,285.4798945710912,60.92516877256248,0.0,0.0,0.0,0.0,0.0,0.0,0.0,0.0,0.0
5,0.0,10,360.125634482033,1000.0,2000.0,570.0,67.86129604350596,13.360114083425962,1714.0,292.1960293400518,63.2695525204911,0.0,0.0,0.0,0.0,0.0,0.0,0.0,0.0,0.0
6,0.054,18,359.8752138228943,2000.0,0.0,561.0,70.10596515116053,14.334420336345177,1675.0,285.01686905117305,61.20371559252068,0.0,0.0,0.0,14.0,1.4000000000000001,0.14000000000000007,77.0,3.583991368628383,0.16718106995884757
7,0.0,7,360.0264705504878,2000.0,1000.0,559.0,68.52146665455136,14.09191486661253,1487.0,255.11087917775495,55.37125878072276,206.0,36.47820706504512,8.251646306917303,0.0,0.0,0.0,0.0,0.0,0.0
8,0.0,12,359.9675623329139,2000.0,2000.0,557.0,68.19921722527287,13.2350487101716,1750.0,291.81170897036776,61.97004577707253,0.0,0.0,0.0,0.0,0.0,0.0,0.0,0.0,0.0
9,0.0,3,359.6860377159885,3000.0,0.0,583.0,74.57915030694768,15.925051047662008,1604.0,267.1333840438675,55.782070194251794,101.0,18.33816390893027,4.142634485533684,0.0,0.0,0.0,0.0,0.0,0.0
10,0.0,8,360.2869647332836,3000.0,1000.0,568.0,67.63926602637181,13.32466833630692,1704.0,286.515721720492,61.041029989949365,36.0,6.240570315373216,1.3251735090015169,0.0,0.0,0.0,0.0,0.0,0.0
11,0.0,5,360.14079984878316,3000.0,2000.0,570.0,68.58282036419696,13.647653651259914,1682.0,291.4176094719803,63.214517678809266,0.0,0.0,0.0,0.0,0.0,0.0,0.0,0.0,0.0
