id,probability_maraud,successful_mating,next_foraging_time,x_pos,y_pos,foraging_events,foraging_hrs,foraging_sqhrs,staying_events,staying_hrs,staying_sqhrs,repairing_events,repairing_hrs,repairing_sqhrs,marauding_events,marauding_hrs,marauding_sqhrs,traveling_events,traveling_hrs,traveling_sqhrs
0,0.0,4,360.11924995642426,0.0,0.0,563.0,70.66224562119946,15.63408123775701,1745.0,289.6734693212667,61.428826194394965,0.0,0.0,0.0,0.0,0.0,0.0,0.0,0.0,0.0
1,0.0,12,360.45755810279536,0.0,1000.0,561.0,75.54697608363873,16.555313859858234,1554.0,259.81274921357027,55.4362316116386,147.0,24.69698622970032,5.104385429159968,0.0,0.0,0.0,0.0,0.0,0.0
2,0.0,9,360.0928133053441,0.0,2000.0,572.0,67.24366585163212,12.87458726262247,1657.0,286.7412521345279,61.88118302917073,34.0,6.129324263689353,1.4030166856335577,0.0,0.0,0.0,0.0,0.0,0.0
3,0.0,10,360.06418703573047,1000.0,0.0,578.0,72.33852001858955,15.317503476407955,1512.0,255.17252157689242,54.28224332498416,196.0,32.528123402567076,6.748701697220298,0.0,0.0,0.0,0.0,0.0,0.0
4,0.054,16,360.05372512103435,1000.0,1000.0,576.0,72.60457434928063,15.218220710545193,1659.0,280.908007570952,60.383344315532035,0.0,0.0,0.0,18.0,1.8000000000000005,0.1800000000000001,100.0,4.725512398697481,0.22505144032921764
5,0.0,10,360.10924869382876,1000.0,2000.0,571.0,72.07527139603609,15.166565506137893,1591.0,269.72928754448213,57.93802873210985,109.0,18.2574257592535,3.8501140048039275,0.0,0.0,0.0,0.0,0.0,0.0
6,0.0,6,360.01001983995377,2000.0,0.0,563.0,68.57767605985912,14.967426396712396,1677.0,285.54174070499465,61.09323324312884,42.0,6.012630031529425,1.1226428531364157,0.0,0.0,0.0,0.0,0.0,0.0
7,0.0,11,360.25598925469717,2000.0,1000.0,578.0,69.6025632520147,13.653043258466806,1629.0,272.0878315755231,58.51380933827072,113.0,18.414540776490405,3.84033932657309,0.0,0.0,0.0,0.0,0.0,0.0
8,0.0,4,360.35546324923126,2000.0,2000.0,555.0,72.7792679990029,15.160856367474615,1700.0,287.34323938927383,61.86821321668912,0.0,0.0,0.0,0.0,0.0,0.0,0.0,0.0,0.0
9,0.0,2,360.32736181391493,3000.0,0.0,563.0,71.91206868893595,15.960247017356092,1713.0,288.09123317161936,61.14104350330275,0.0,0.0,0.0,0.0,0.0,0.0,0.0,0.0,0.0
10,0.0,18,360.6790795740764,3000.0,1000.0,573.0,69.52187500239734,14.189415789484185,1676.0,290.70636890661154,62.953364871189066,0.0,0.0,0.0,0.0,0.0,0.0,0.0,0.0,0.0
11,0.0,6,359.996503918336,3000.0,2000.0,568.0,71.82333651415838,15.217314216376005,1702.0,288.1846474748618,61.81214393280055,0.0,0.0,0.0,0.0,0.0,0.0,0.0,0.0,0.0
