id,probability_maraud,successful_mating,next_foraging_time,x_pos,y_pos,foraging_events,foraging_hrs,foraging_sqhrs,staying_events,staying_hrs,staying_sqhrs,repairing_events,repairing_hrs,repairing_sqhrs,marauding_events,marauding_hrs,marauding_sqhrs,traveling_events,traveling_hrs,traveling_sqhrs
0,0.0,7,360.145708194507,0.0,0.0,572.0,73.76713109672889,15.720397690906582,1601.0,268.0476647661118,56.9799784480451,118.0,18.198133095459006,3.5849521197959264,0.0,0.0,0.0,0.0,0.0,0.0
1,0.0,14,360.04930384884466,0.0,1000.0,565.0,72.41602747070236,14.894092881775807,1685.0,287.64397900615523,61.19341662581957,0.0,0.0,0.0,0.0,0.0,0.0,0.0,0.0,0.0
2,0.0,7,360.16501154532887,0.0,2000.0,553.0,68.433371161794,13.500690133045708,1715.0,291.91845399035714,63.05009874212801,0.0,0.0,0.0,0.0,0.0,0.0,0.0,0.0,0.0
3,0.054,10,359.99630255088306,1000.0,0.0,565.0,76.10233107560589,17.018953446916466,1650.0,278.59492618534,59.769019061135005,0.0,0.0,0.0,15.0,1.5000000000000002,0.15000000000000008,84.0,3.927241996516026,0.18432784636488314
4,0.0,8,360.3268832555442,1000.0,1000.0,566.0,71.18017014601067,13.901184267500687,1536.0,258.30270002027305,54.867948824385586,181.0,30.661181531346593,6.486519737552817,0.0,0.0,0.0,0.0,0.0,0.0
5,0.0,10,360.0146434151674,1000.0,2000.0,578.0,68.80757049104682,14.018772251064952,1703.0,291.32848607305425,62.689290692586674,0.0,0.0,0.0,0.0,0.0,0.0,0.0,0.0,0.0
6,0.0,10,360.29854529074,2000.0,0.0,569.0,74.77377040786307,15.893911899435857,1451.0,242.8999948046003,52.153496251122355,256.0,42.477813946165625,9.005778652536147,0.0,0.0,0.0,0.0,0.0,0.0
7,0.0,12,359.77775506862895,2000.0,1000.0,553.0,72.08070197317873,15.63109310402339,1681.0,287.9587304349189,62.885400697435315,0.0,0.0,0.0,0.0,0.0,0.0,0.0,0.0,0.0
8,0.0,5,359.85344670402174,2000.0,2000.0,565.0,71.94696332453971,15.054555483746375,1684.0,288.1198533679708,62.486580021533044,0.0,0.0,0.0,0.0,0.0,0.0,0.0,0.0,0.0
9,0.0,7,360.64429010088804,3000.0,0.0,583.0,71.98870813974813,15.092064995838275,1700.0,288.01875146268765,61.593514486975366,0.0,0.0,0.0,0.0,0.0,0.0,0.0,0.0,0.0
10,0.0,11,360.1813418393267,3000.0,1000.0,564.0,71.49788611775602,14.92760636690937,1666.0,288.68166317140947,62.83828526474815,0.0,0.0,0.0,0.0,0.0,0.0,0.0,0.0,0.0
11,0.0,7,359.8602810541565,3000.0,2000.0,562.0,71.12810946412978,15.117045352059469,1732.0,288.88040764183796,60.750717204640814,0.0,0.0,0.0,0.0,0.0,0.0,0.0,0.0,0.0
