id,probability_maraud,successful_mating,next_foraging_time,x_pos,y_pos,foraging_events,foraging_hrs,foraging_sqhrs,staying_events,staying_hrs,staying_sqhrs,repairing_events,repairing_hrs,repairing_sqhrs,marauding_events,marauding_hrs,marauding_sqhrs,traveling_events,traveling_hrs,traveling_sqhrs
0,0.054,4,360.06060590967274,0.0,0.0,566.0,72.53085086428773,15.548109722727649,1641.0,281.99336519234214,61.4750202780156,0.0,0.0,0.0,13.0,1.3,0.13000000000000006,92.0,4.27843581307283,0.19933127572016426
1,0.0,13,360.0326483055506,0.0,1000.0,562.0,67.5407518605633,13.067802378245537,1565.0,267.9163304714163,57.44481527959402,140.0,24.649829703520673,5.54863380972449,0.0,0.0,0.0,0.0,0.0,0.0
2,0.0,5,360.68233359262524,0.0,2000.0,578.0,69.06937957359041,13.46891761948649,1732.0,290.9349832366382,62.47855508029239,0.0,0.0,0.0,0.0,0.0,0.0,0.0,0.0,0.0
3,0.0,3,359.98986029688166,1000.0,0.0,561.0,72.16596809914446,16.150373206232633,1388.0,239.08554675361634,52.12351719104471,292.0,48.92136618006454,10.646633176266816,0.0,0.0,0.0,0.0,0.0,0.0
4,0.0,13,360.1315554107988,1000.0,1000.0,574.0,69.2428477321231,13.592849891558929,1672.0,284.93981342829846,61.543468167958274,33.0,6.025754062222801,1.365556911452695,0.0,0.0,0.0,0.0,0.0,0.0
5,0.0,12,360.16133332702833,1000.0,2000.0,568.0,70.6857815421284,14.552105963291478,1676.0,289.3692712926875,62.76235429341783,0.0,0.0,0.0,0.0,0.0,0.0,0.0,0.0,0.0
6,0.0,6,360.0832548832932,2000.0,0.0,565.0,72.85968224449417,15.473889423099031,1645.0,287.14413774205104,63.05494339139568,0.0,0.0,0.0,0.0,0.0,0.0,0.0,0.0,0.0
7,0.0,14,360.5678859957391,2000.0,1000.0,568.0,67.9839715010144,13.124827713268944,1742.0,292.1054871266113,62.764200835699036,0.0,0.0,0.0,0.0,0.0,0.0,0.0,0.0,0.0
8,0.0,7,360.7164783385173,2000.0,2000.0,563.0,69.46729711186377,15.473544047552735,1715.0,290.7923888129871,62.75787867270355,0.0,0.0,0.0,0.0,0.0,0.0,0.0,0.0,0.0
9,0.0,9,359.98589356486394,3000.0,0.0,566.0,72.49357729349698,15.272072066935696,1704.0,287.5163504426844,61.040708387156116,0.0,0.0,0.0,0.0,0.0,0.0,0.0,0.0,0.0
10,0.0,10,360.3106951267695,3000.0,1000.0,566.0,74.42093393285573,16.248638112270775,1711.0,285.7551971383071,60.651186091038426,0.0,0.0,0.0,0.0,0.0,0.0,0.0,0.0,0.0
11,0.0,12,360.252229501105,3000.0,2000.0,560.0,71.71449644218283,15.321247396713764,1688.0,288.41651216825704,61.94953426614892,0.0,0.0,0.0,0.0,0.0,0.0,0.0,0.0,0.0
