id,probability_maraud,successful_mating,next_foraging_time,x_pos,y_pos,foraging_events,foraging_hrs,foraging_sqhrs,staying_events,staying_hrs,staying_sqhrs,repairing_events,repairing_hrs,repairing_sqhrs,marauding_events,marauding_hrs,marauding_sqhrs,traveling_events,traveling_hrs,traveling_sqhrs
0,0.0,12,360.02729542011843,0.0,0.0,549.0,72.03004733482241,16.045240634706126,1678.0,288.0119938121155,62.246445016881836,0.0,0.0,0.0,0.0,0.0,0.0,0.0,0.0,0.0
1,0.0,8,360.1153488263758,0.0,1000.0,560.0,68.11098234452645,13.735923562009447,1507.0,249.27069116279966,53.089066691635246,260.0,42.83933759917162,9.01696950611606,0.0,0.0,0.0,0.0,0.0,0.0
2,0.054,5,359.9118426630308,0.0,2000.0,559.0,68.98170108869759,15.328225984917921,1690.0,284.3018454026769,60.93882285517504,0.0,0.0,0.0,19.0,1.9000000000000006,0.1900000000000001,108.0,5.057529661440716,0.2379115226337443
3,0.0,10,360.57475066841096,1000.0,0.0,550.0,70.7046164408393,15.42391135417404,1756.0,289.62764660992946,60.25028734838048,0.0,0.0,0.0,0.0,0.0,0.0,0.0,0.0,0.0
4,0.0,11,360.2972257018199,1000.0,1000.0,560.0,71.26503826088853,15.39146298651413,1660.0,282.808994261054,61.75103913028065,37.0,6.2023850878753,1.3154432174945356,0.0,0.0,0.0,0.0,0.0,0.0
5,0.0,5,360.09056509028113,1000.0,2000.0,591.0,68.66721419849806,13.69275814965763,1320.0,224.51068626069247,48.323788148143045,394.0,66.99399880571652,14.255767463604325,0.0,0.0,0.0,0.0,0.0,0.0
6,0.0,12,360.46103154179514,2000.0,0.0,576.0,66.5005510726119,12.74518107434517,1737.0,293.559297622216,62.549168764732904,0.0,0.0,0.0,0.0,0.0,0.0,0.0,0.0,0.0
7,0.0,19,360.29861093233467,2000.0,1000.0,576.0,68.87684053249855,13.749233525500996,1708.0,291.24164752769866,62.92286501150655,0.0,0.0,0.0,0.0,0.0,0.0,0.0,0.0,0.0
8,0.0,9,360.5586598031214,2000.0,2000.0,554.0,71.38293314955372,14.739880679989033,1722.0,288.64237391477997,62.669532425108486,0.0,0.0,0.0,0.0,0.0,0.0,0.0,0.0,0.0
9,0.0,7,360.1855206358935,3000.0,0.0,563.0,73.3445882010113,15.871354935263518,1671.0,286.7763756349726,62.11758394980787,0.0,0.0,0.0,0.0,0.0,0.0,0.0,0.0,0.0
10,0.0,4,359.94448156843225,3000.0,1000.0,563.0,71.57067082609204,16.011309023701347,1704.0,288.47298746320024,62.429284995025235,0.0,0.0,0.0,0.0,0.0,0.0,0.0,0.0,0.0
11,0.0,6,360.1367546698439,3000.0,2000.0,572.0,72.32571488618922,15.403217352697922,1732.0,287.9406337149032,60.95678686280989,0.0,0.0,0.0,0.0,0.0,0.0,0.0,0.0,0.0
