id,probability_maraud,successful_mating,next_foraging_time,x_pos,y_pos,foraging_events,foraging_hrs,foraging_sqhrs,staying_events,staying_hrs,staying_sqhrs,repairing_events,repairing_hrs,repairing_sqhrs,marauding_events,marauding_hrs,marauding_sqhrs,traveling_events,traveling_hrs,traveling_sqhrs
0,0.0,10,360.4333486134543,0.0,0.0,578.0,69.71024392360016,13.735180270147815,1492.0,253.7652914223663,54.48008054246369,196.0,36.60994200648434,8.294368352804803,0.0,0.0,0.0,0.0,0.0,0.0
1,0.0,10,360.30892657873085,0.0,1000.0,574.0,74.34907319249243,16.234495007556923,1681.0,285.9164678245625,61.21535951725139,0.0,0.0,0.0,0.0,0.0,0.0,0.0,0.0,0.0
2,0.0,12,360.40669723768247,0.0,2000.0,571.0,70.68891671998874,14.505803940039064,1727.0,289.40918481744774,61.578253813249546,0.0,0.0,0.0,0.0,0.0,0.0,0.0,0.0,0.0
3,0.054,9,360.53682835508675,1000.0,0.0,570.0,71.3074105168674,15.195518645543716,1700.0,282.791010640634,60.322356153283614,0.0,0.0,0.0,16.0,1.6000000000000003,0.1600000000000001,96.0,4.482797552071586,0.21004801097393652
4,0.0,10,360.42594639746324,1000.0,1000.0,557.0,74.63776608367952,18.126951773508882,1528.0,258.3094092056563,55.70685366289664,156.0,27.147771871100183,5.778093291642676,0.0,0.0,0.0,0.0,0.0,0.0
5,0.0,13,360.242617766448,1000.0,2000.0,568.0,71.21926690853681,15.686586108894613,1679.0,288.8875947585716,63.041379236632274,0.0,0.0,0.0,0.0,0.0,0.0,0.0,0.0,0.0
6,0.0,9,359.9592395610704,2000.0,0.0,561.0,72.49651903831239,16.34754426254161,1508.0,257.1730354514355,55.204368385008316,195.0,30.470797831361057,6.103748305304149,0.0,0.0,0.0,0.0,0.0,0.0
7,0.0,12,360.4378789217028,2000.0,1000.0,567.0,70.34661440664695,14.909425762404632,1707.0,289.6705821849568,61.72088639138689,0.0,0.0,0.0,0.0,0.0,0.0,0.0,0.0,0.0
8,0.0,8,360.09686634815876,2000.0,2000.0,553.0,72.83390088404536,15.337590607042591,1687.0,287.20763990497716,61.523622445562424,0.0,0.0,0.0,0.0,0.0,0.0,0.0,0.0,0.0
9,0.0,4,360.22405540868726,3000.0,0.0,563.0,70.99032585679893,14.911434666250557,1698.0,289.03300575684665,61.81750937825321,0.0,0.0,0.0,0.0,0.0,0.0,0.0,0.0,0.0
10,0.0,8,360.58670487516855,3000.0,1000.0,575.0,69.71367442031305,14.085592751522762,1692.0,290.4052990735393,62.34924767718985,0.0,0.0,0.0,0.0,0.0,0.0,0.0,0.0,0.0
11,0.0,3,360.4590291474324,3000.0,2000.0,573.0,72.15195891949655,14.922456716683357,1691.0,287.9476709716549,62.16615007246157,0.0,0.0,0.0,0.0,0.0,0.0,0.0,0.0,0.0
