id,probability_maraud,successful_mating,next_foraging_time,x_pos,y_pos,foraging_events,foraging_hrs,foraging_sqhrs,staying_events,staying_hrs,staying_sqhrs,repairing_events,repairing_hrs,repairing_sqhrs,marauding_events,marauding_hrs,marauding_sqhrs,traveling_events,traveling_hrs,traveling_sqhrs
0,0.0,4,360.23316748819093,0.0,0.0,576.0,71.2764202789297,14.433053406103106,1513.0,253.0998006263871,53.66481334901673,222.0,35.73938013402695,7.3647435501236025,0.0,0.0,0.0,0.0,0.0,0.0
1,0.0,12,360.20622377393204,0.0,1000.0,550.0,72.36146148921554,16.413873161475806,1698.0,287.66874531732435,61.988458425773274,0.0,0.0,0.0,0.0,0.0,0.0,0.0,0.0,0.0
2,0.0,4,360.0453461106135,0.0,2000.0,556.0,70.8891097924606,14.498027021772081,1675.0,289.3556052412519,62.68457079166489,0.0,0.0,0.0,0.0,0.0,0.0,0.0,0.0,0.0
3,0.054,10,360.2790979388273,1000.0,0.0,573.0,70.75503581246254,14.346690347193272,1685.0,283.8702430183335,60.207645538870544,0.0,0.0,0.0,14.0,1.4000000000000001,0.14000000000000007,87.0,4.046954331591347,0.18861454046639203
4,0.0,12,360.0029197821352,1000.0,1000.0,566.0,69.45669731850009,14.210765957886313,1631.0,272.08785279135685,57.81013129237043,115.0,18.520285008621503,3.590977657745877,0.0,0.0,0.0,0.0,0.0,0.0
5,0.0,5,360.30328572155054,1000.0,2000.0,557.0,67.31694092324246,13.161801499154773,1728.0,292.7596589020905,62.83758381190824,0.0,0.0,0.0,0.0,0.0,0.0,0.0,0.0,0.0
6,0.0,9,360.5771359895419,2000.0,0.0,574.0,70.87624770346063,15.14374552120198,1519.0,258.91236344298295,55.811320215509724,184.0,30.34809068834089,6.782789768761029,0.0,0.0,0.0,0.0,0.0,0.0
7,0.0,17,360.38411693889515,2000.0,1000.0,569.0,71.31232480236378,15.744820688032533,1706.0,288.82362895240703,62.30149604903336,0.0,0.0,0.0,0.0,0.0,0.0,0.0,0.0,0.0
8,0.0,7,359.92158418427584,2000.0,2000.0,556.0,71.14064394594564,15.60002451770302,1713.0,288.87656675951433,62.04056111672717,0.0,0.0,0.0,0.0,0.0,0.0,0.0,0.0,0.0
9,0.0,5,360.330994032408,3000.0,0.0,567.0,69.44064847462276,14.170522611533382,1695.0,290.72702909360675,63.44141662701773,0.0,0.0,0.0,0.0,0.0,0.0,0.0,0.0,0.0
10,0.0,17,360.2725496274305,3000.0,1000.0,564.0,72.42247960389417,15.788565511504613,1696.0,287.6687289246761,61.76332232583898,0.0,0.0,0.0,0.0,0.0,0.0,0.0,0.0,0.0
11,0.0,6,360.55645631066335,3000.0,2000.0,559.0,71.27099497955791,14.63959181104855,1722.0,288.7831336996521,62.09034882242571,0.0,0.0,0.0,0.0,0.0,0.0,0.0,0.0,0.0
