id,probability_maraud,successful_mating,next_foraging_time,x_pos,y_pos,foraging_events,foraging_hrs,foraging_sqhrs,staying_events,staying_hrs,staying_sqhrs,repairing_events,repairing_hrs,repairing_sqhrs,marauding_events,marauding_hrs,marauding_sqhrs,traveling_events,traveling_hrs,traveling_sqhrs
0,0.0,4,360.318588196542,0.0,0.0,571.0,69.65507951766094,14.022590870449763,1716.0,290.36067815097516,61.76015865290912,0.0,0.0,0.0,0.0,0.0,0.0,0.0,0.0,0.0
1,0.0,16,360.0596800097339,0.0,1000.0,558.0,72.59962942358473,15.4371291879258,1700.0,287.4302812914918,61.11092833766634,0.0,0.0,0.0,0.0,0.0,0.0,0.0,0.0,0.0
2,0.0,4,360.13012412175465,0.0,2000.0,572.0,67.41080809279869,13.154212948595255,1724.0,292.77474719665304,63.320510926647536,0.0,0.0,0.0,0.0,0.0,0.0,0.0,0.0,0.0
3,0.0,6,360.22429026449595,1000.0,0.0,582.0,72.21921333876801,14.450045149066817,1690.0,288.0104559407843,61.8680947239658,0.0,0.0,0.0,0.0,0.0,0.0,0.0,0.0,0.0
4,0.0,15,360.5429416947115,1000.0,1000.0,578.0,69.29565699763326,13.275087112463728,1749.0,291.00684356171854,61.229777404119886,0.0,0.0,0.0,0.0,0.0,0.0,0.0,0.0,0.0
5,0.0,12,359.99887944773263,1000.0,2000.0,556.0,74.17111899984943,16.254468941211343,1706.0,285.8510773483104,60.73753676503624,0.0,0.0,0.0,0.0,0.0,0.0,0.0,0.0,0.0
6,0.0,9,359.91602367641514,2000.0,0.0,565.0,72.73790364980403,15.852535517689098,1687.0,287.4133369880551,62.01197728035311,0.0,0.0,0.0,0.0,0.0,0.0,0.0,0.0,0.0
7,0.0,10,360.12682764117477,2000.0,1000.0,563.0,71.28954926084762,14.139357171678169,1705.0,288.7355756999881,61.11650841326953,0.0,0.0,0.0,0.0,0.0,0.0,0.0,0.0,0.0
8,0.0,9,360.00342618746095,2000.0,2000.0,570.0,71.18829829849716,15.04224072395049,1563.0,258.59328922058876,54.23830580611574,175.0,30.380048331127178,6.5554475038791935,0.0,0.0,0.0,0.0,0.0,0.0
9,0.0,6,359.9108143890286,3000.0,0.0,558.0,66.29840930206859,13.052072609207482,1710.0,293.70257649291005,63.88866191395474,0.0,0.0,0.0,0.0,0.0,0.0,0.0,0.0,0.0
10,0.0,10,360.3538533417803,3000.0,1000.0,559.0,69.63880556198217,14.052106971149048,1360.0,229.4144842299217,49.26488458183503,354.0,61.063317640432395,13.360030365009914,0.0,0.0,0.0,0.0,0.0,0.0
11,0.054,7,359.985446334666,3000.0,2000.0,553.0,72.161184590799,15.484740065945479,1653.0,282.4979655307293,60.927292250587335,0.0,0.0,0.0,15.0,1.5000000000000002,0.15000000000000008,83.0,3.8617691464061608,0.18004115226337428
