id,probability_maraud,successful_mating,next_foraging_time,x_pos,y_pos,foraging_events,foraging_hrs,foraging_sqhrs,staying_events,staying_hrs,staying_sqhrs,repairing_events,repairing_hrs,repairing_sqhrs,marauding_events,marauding_hrs,marauding_sqhrs,traveling_events,traveling_hrs,traveling_sqhrs
0,0.0,6,359.9447547313377,0.0,0.0,571.0,71.38561508952198,14.739928327035843,1634.0,273.43990564487353,58.27764722857758,81.0,15.368792042398443,3.4902520011292997,0.0,0.0,0.0,0.0,0.0,0.0
1,0.0,9,360.34575824298145,0.0,1000.0,570.0,71.38907342360137,14.201400560571793,1680.0,288.7267892219087,62.360699432901676,0.0,0.0,0.0,0.0,0.0,0.0,0.0,0.0,0.0
2,0.0,4,359.98394717793855,0.0,2000.0,570.0,71.75530252364385,15.84496893652913,1722.0,288.324846267233,61.02026994992029,0.0,0.0,0.0,0.0,0.0,0.0,0.0,0.0,0.0
3,0.054,16,360.34842722883224,1000.0,0.0,561.0,72.24528826216273,14.905990119672563,1665.0,282.66983899691303,60.49701472051619,0.0,0.0,0.0,14.0,1.4000000000000001,0.14000000000000007,80.0,3.722880257517272,0.1736111111111109
4,0.0,8,360.22383486087847,1000.0,1000.0,568.0,69.15006874404828,14.96446403395875,1555.0,266.54834084273216,57.82696652981872,147.0,24.497022207005283,5.107314485333707,0.0,0.0,0.0,0.0,0.0,0.0
5,0.0,10,360.4492170452116,1000.0,2000.0,568.0,69.9775034483675,13.851007822780515,1696.0,290.0535364373138,62.139856125078076,0.0,0.0,0.0,0.0,0.0,0.0,0.0,0.0,0.0
6,0.0,9,360.33720592955314,2000.0,0.0,555.0,68.27166593991431,13.990963180977074,1461.0,249.11166961755646,53.985501300919424,231.0,42.70983407068481,9.815959709675788,0.0,0.0,0.0,0.0,0.0,0.0
7,0.0,10,360.0410104157184,2000.0,1000.0,557.0,75.6517371900283,16.839317185955387,1692.0,284.38728074803726,60.65825893622166,0.0,0.0,0.0,0.0,0.0,0.0,0.0,0.0,0.0
8,0.0,11,360.17416670457675,2000.0,2000.0,573.0,68.29469367005369,13.822224551531354,1715.0,291.79560562368937,62.78721045938918,0.0,0.0,0.0,0.0,0.0,0.0,0.0,0.0,0.0
9,0.0,9,360.17746324538643,3000.0,0.0,576.0,69.03982802391718,13.452604728593942,1732.0,291.11281721921966,62.60036952908196,0.0,0.0,0.0,0.0,0.0,0.0,0.0,0.0,0.0
10,0.0,9,360.084741093519,3000.0,1000.0,566.0,69.26464032695604,13.457002288088898,1691.0,290.8125392954042,63.10602082451717,0.0,0.0,0.0,0.0,0.0,0.0,0.0,0.0,0.0
11,0.0,7,360.2448838141679,3000.0,2000.0,553.0,73.54369993844273,15.693812547456119,1685.0,286.50481993386285,61.767150092771466,0.0,0.0,0.0,0.0,0.0,0.0,0.0,0.0,0.0
