id,probability_maraud,successful_mating,next_foraging_time,x_pos,y_pos,foraging_events,foraging_hrs,foraging_sqhrs,staying_events,staying_hrs,staying_sqhrs,repairing_events,repairing_hrs,repairing_sqhrs,marauding_events,marauding_hrs,marauding_sqhrs,traveling_events,traveling_hrs,traveling_sqhrs
0,0.0,9,360.1883851608239,0.0,0.0,565.0,71.10889444426037,14.269108930376172,1717.0,288.93788056483396,61.49093074983017,0.0,0.0,0.0,0.0,0.0,0.0,0.0,0.0,0.0
1,0.0,16,360.2347712701462,0.0,1000.0,561.0,72.19700152379812,15.849276706402529,1698.0,287.8839481415967,61.01184075857116,0.0,0.0,0.0,0.0,0.0,0.0,0.0,0.0,0.0
2,0.0,9,360.0659012512711,0.0,2000.0,561.0,69.19639574056916,13.246074653837496,1695.0,290.99028980699603,62.315825840317586,0.0,0.0,0.0,0.0,0.0,0.0,0.0,0.0,0.0
3,0.0,5,359.9404742201548,1000.0,0.0,562.0,71.88003451431969,15.21430333931936,1714.0,288.16569008610884,61.658897831069766,0.0,0.0,0.0,0.0,0.0,0.0,0.0,0.0,0.0
4,0.0,11,359.8692960872439,1000.0,1000.0,570.0,68.09005133681401,13.12318213565719,1699.0,291.93012015258824,63.872000595501525,0.0,0.0,0.0,0.0,0.0,0.0,0.0,0.0,0.0
5,0.0,10,360.0342579368345,1000.0,2000.0,556.0,69.53833302684579,14.40714340107774,1729.0,290.48272725831777,62.60446696474401,0.0,0.0,0.0,0.0,0.0,0.0,0.0,0.0,0.0
6,0.0,8,359.95345531735023,2000.0,0.0,556.0,69.22468734368279,14.522322557636594,1717.0,290.8785942212878,61.7603425943958,0.0,0.0,0.0,0.0,0.0,0.0,0.0,0.0,0.0
7,0.0,11,360.24609181198497,2000.0,1000.0,568.0,76.13529948782758,16.37553887350353,1681.0,283.8816912909797,60.629957349239284,0.0,0.0,0.0,0.0,0.0,0.0,0.0,0.0,0.0
8,0.0,8,360.5016522621404,2000.0,2000.0,571.0,69.48747208768573,14.100675541478894,1452.0,250.04144001893224,55.03676536133738,236.0,40.49241414033128,8.663316413519121,0.0,0.0,0.0,0.0,0.0,0.0
9,0.0,10,360.5648671011534,3000.0,0.0,585.0,68.63458484955362,13.472758371156706,1752.0,291.53842327272,62.39658597671297,0.0,0.0,0.0,0.0,0.0,0.0,0.0,0.0,0.0
10,0.0,5,360.45199469984635,3000.0,1000.0,557.0,72.91358549339311,14.895419534296371,1294.0,220.2762267437491,47.363901236658805,388.0,67.12697303270429,14.552326842806771,0.0,0.0,0.0,0.0,0.0,0.0
11,0.054,6,360.4838113340512,3000.0,2000.0,568.0,72.87806322104716,16.635604341250566,1685.0,280.6957360782175,59.80815738249814,0.0,0.0,0.0,18.0,1.8000000000000005,0.1800000000000001,105.0,4.880287664924687,0.2271947873799721
