id,probability_maraud,successful_mating,next_foraging_time,x_pos,y_pos,foraging_events,foraging_hrs,foraging_sqhrs,staying_events,staying_hrs,staying_sqhrs,repairing_events,repairing_hrs,repairing_sqhrs,marauding_events,marauding_hrs,marauding_sqhrs,traveling_events,traveling_hrs,traveling_sqhrs
0,0.0,5,360.2507950958698,0.0,0.0,566.0,71.49506943744338,14.420528108702367,1730.0,288.5080513286289,61.77105206043884,0.0,0.0,0.0,0.0,0.0,0.0,0.0,0.0,0.0
1,0.0,11,359.9591661052562,0.0,1000.0,562.0,67.36114573375056,13.77807990203343,1708.0,292.6701357933099,63.02129656839278,0.0,0.0,0.0,0.0,0.0,0.0,0.0,0.0,0.0
2,0.0,7,360.1828056587581,0.0,2000.0,565.0,71.41117145586267,14.835426185297234,1721.0,288.8939986350545,61.301786130291134,0.0,0.0,0.0,0.0,0.0,0.0,0.0,0.0,0.0
3,0.0,4,360.1267397974797,1000.0,0.0,574.0,71.96123660498876,14.629841199858209,1497.0,257.68436671331415,55.98419200396946,192.0,30.590379083753586,6.255629486622221,0.0,0.0,0.0,0.0,0.0,0.0
4,0.0,15,360.13256712047075,1000.0,1000.0,578.0,70.48568296404935,14.26679157619958,1721.0,289.6142622759178,61.88975294745581,0.0,0.0,0.0,0.0,0.0,0.0,0.0,0.0,0.0
5,0.0,7,360.4981617502297,1000.0,2000.0,565.0,73.97248065511617,15.685145246578676,1685.0,286.05558647688053,61.9614758338997,0.0,0.0,0.0,0.0,0.0,0.0,0.0,0.0,0.0
6,0.054,15,360.01526404208005,2000.0,0.0,567.0,70.93866871994426,14.530352670600246,1662.0,282.9794344762936,60.25026040486434,0.0,0.0,0.0,15.0,1.5000000000000002,0.15000000000000008,98.0,4.632919806104887,0.2207647462277088
7,0.0,16,360.1625956565624,2000.0,1000.0,570.0,71.26352104322983,15.447078533186799,1648.0,276.6712046819895,59.31179341949044,79.0,12.283805034372731,2.4733238334229535,0.0,0.0,0.0,0.0,0.0,0.0
8,0.0,3,360.124384563386,2000.0,2000.0,565.0,72.69603659944181,16.118316022411452,1723.0,287.32743434332275,60.80322797852407,0.0,0.0,0.0,0.0,0.0,0.0,0.0,0.0,0.0
9,0.0,6,359.9941686303707,3000.0,0.0,568.0,71.67890537902322,15.320193750834143,1411.0,239.41688272170228,51.04953885893064,282.0,48.99435937611538,10.692502669699591,0.0,0.0,0.0,0.0,0.0,0.0
10,0.0,13,359.8938643801076,3000.0,1000.0,580.0,68.39830120444759,13.371384322953787,1699.0,291.65290747975325,62.99185846680162,0.0,0.0,0.0,0.0,0.0,0.0,0.0,0.0,0.0
11,0.0,6,360.5333579903855,3000.0,2000.0,566.0,68.01476915900341,13.547012101919806,1702.0,292.1325583875637,62.6917485783382,0.0,0.0,0.0,0.0,0.0,0.0,0.0,0.0,0.0
