id,probability_maraud,successful_mating,next_foraging_time,x_pos,y_pos,foraging_events,foraging_hrs,foraging_sqhrs,staying_events,staying_hrs,staying_sqhrs,repairing_events,repairing_hrs,repairing_sqhrs,marauding_events,marauding_hrs,marauding_sqhrs,traveling_events,traveling_hrs,traveling_sqhrs
0,0.0,4,360.0473918158206,0.0,0.0,557.0,71.60514931739539,16.85374822740588,1695.0,288.46918607011145,62.391026971886404,0.0,0.0,0.0,0.0,0.0,0.0,0.0,0.0,0.0
1,0.0,10,359.9196453414738,0.0,1000.0,567.0,66.95186771576259,12.482962465255738,1747.0,293.15229988735416,62.99526764049324,0.0,0.0,0.0,0.0,0.0,0.0,0.0,0.0,0.0
2,0.0,8,360.0477801403657,0.0,2000.0,565.0,75.0742441416262,16.923293142099386,1665.0,284.99188344012674,62.54376841494295,0.0,0.0,0.0,0.0,0.0,0.0,0.0,0.0,0.0
3,0.0,16,360.388014487797,1000.0,0.0,558.0,72.99089728631105,15.50339040573121,1699.0,287.21880194643074,61.1483825218915,0.0,0.0,0.0,0.0,0.0,0.0,0.0,0.0,0.0
4,0.0,13,360.296790385598,1000.0,1000.0,564.0,73.28054512131223,15.291909082233195,1576.0,268.43872697622913,57.409399085839325,108.0,18.37929427696288,4.2106657986238405,0.0,0.0,0.0,0.0,0.0,0.0
5,0.0,8,360.02262938660317,1000.0,2000.0,561.0,72.88892834269959,15.392966419870914,1710.0,287.187246282541,61.43304960998538,0.0,0.0,0.0,0.0,0.0,0.0,0.0,0.0,0.0
6,0.0,12,360.4819142482251,2000.0,0.0,562.0,72.55102824842486,15.615954359297623,1551.0,262.82137597139337,56.21326657150225,145.0,24.703811310861273,5.475482175835439,0.0,0.0,0.0,0.0,0.0,0.0
7,0.054,7,360.8348442579892,2000.0,1000.0,567.0,71.08534244968692,15.498847703517185,1684.0,283.7956179734044,60.63229356881452,0.0,0.0,0.0,11.0,1.0999999999999999,0.11000000000000004,89.0,4.158723477997509,0.19504458161865537
8,0.0,7,360.15454079534175,2000.0,2000.0,580.0,68.68109263067316,13.290321991513967,1568.0,266.86908434545285,57.88440456387054,144.0,24.507190879517623,5.249596617250272,0.0,0.0,0.0,0.0,0.0,0.0
9,0.0,7,360.34399159906434,3000.0,0.0,554.0,70.3559334994817,14.50395792330901,1712.0,289.6971262295931,62.31141993970979,0.0,0.0,0.0,0.0,0.0,0.0,0.0,0.0,0.0
10,0.0,12,360.60174004391956,3000.0,1000.0,569.0,74.68120390866413,16.99592299661321,1667.0,285.34581549600347,62.07479972081352,0.0,0.0,0.0,0.0,0.0,0.0,0.0,0.0,0.0
11,0.0,4,360.38744737428595,3000.0,2000.0,564.0,72.45341714298374,14.97309461821375,1697.0,287.62584599124193,62.40964020395625,0.0,0.0,0.0,0.0,0.0,0.0,0.0,0.0,0.0
