id,probability_maraud,successful_mating,next_foraging_time,x_pos,y_pos,foraging_events,foraging_hrs,foraging_sqhrs,staying_events,staying_hrs,staying_sqhrs,repairing_events,repairing_hrs,repairing_sqhrs,marauding_events,marauding_hrs,marauding_sqhrs,traveling_events,traveling_hrs,traveling_sqhrs
0,0.0,2,360.0528860690208,0.0,0.0,572.0,70.1870054003053,14.605204463942785,1636.0,271.66141209950575,57.02149089715362,109.0,18.261070332087467,3.7245053007190707,0.0,0.0,0.0,0.0,0.0,0.0
1,0.0,12,360.7583955557183,0.0,1000.0,573.0,73.4350200148449,15.788882772002832,1746.0,286.6464944844706,60.0765283146953,0.0,0.0,0.0,0.0,0.0,0.0,0.0,0.0,0.0
2,0.0,9,360.0031608388573,0.0,2000.0,567.0,73.9015657275677,15.468319305132074,1677.0,286.1909351224054,61.497161990582946,0.0,0.0,0.0,0.0,0.0,0.0,0.0,0.0,0.0
3,0.054,12,360.8896739320788,1000.0,0.0,576.0,70.24649104263979,13.612549088860293,1620.0,284.4717141027754,62.607694509052635,0.0,0.0,0.0,12.0,1.2,0.12000000000000005,95.0,4.43650125577529,0.20790466392318208
4,0.0,10,360.06747715194916,1000.0,1000.0,566.0,69.2598720596426,14.18914099026377,1492.0,253.93760628995975,54.9036184779135,217.0,36.83963720942208,7.840552298850497,0.0,0.0,0.0,0.0,0.0,0.0
5,0.0,8,360.5410232845029,1000.0,2000.0,569.0,70.32961514849097,14.315802482773357,1724.0,289.70046189947703,61.50761055946737,0.0,0.0,0.0,0.0,0.0,0.0,0.0,0.0,0.0
6,0.0,2,360.693168152869,2000.0,0.0,568.0,70.86474247701224,14.471427939666025,1655.0,276.9177629214511,58.37897977521455,69.0,12.231417994809272,2.771118586181478,0.0,0.0,0.0,0.0,0.0,0.0
7,0.0,9,360.42527166860833,2000.0,1000.0,563.0,70.84836877691568,14.823545703538253,1673.0,283.2210013271251,60.929678225920426,39.0,6.058141440864228,1.2076029795625807,0.0,0.0,0.0,0.0,0.0,0.0
8,0.0,10,360.15556043200525,2000.0,2000.0,580.0,68.7502183196264,13.7828918697086,1749.0,291.38958377481174,62.08973583065108,0.0,0.0,0.0,0.0,0.0,0.0,0.0,0.0,0.0
9,0.0,14,360.03093284728396,3000.0,0.0,575.0,72.19189029714096,15.207062608440806,1715.0,287.83550670819545,61.26965160751131,0.0,0.0,0.0,0.0,0.0,0.0,0.0,0.0,0.0
10,0.0,13,360.1488659901598,3000.0,1000.0,565.0,72.09092703756416,15.296431381583119,1730.0,287.9443720811494,61.80357439205031,0.0,0.0,0.0,0.0,0.0,0.0,0.0,0.0,0.0
11,0.0,7,360.0720097388787,3000.0,2000.0,567.0,66.16291684400944,12.721918619465631,1743.0,293.96212374604954,62.77844401038354,0.0,0.0,0.0,0.0,0.0,0.0,0.0,0.0,0.0
