id,probability_maraud,successful_mating,next_foraging_time,x_pos,y_pos,foraging_events,foraging_hrs,foraging_sqhrs,staying_events,staying_hrs,staying_sqhrs,repairing_events,repairing_hrs,repairing_sqhrs,marauding_events,marauding_hrs,marauding_sqhrs,traveling_events,traveling_hrs,traveling_sqhrs
0,0.0,9,360.41690257092296,0.0,0.0,573.0,71.59464958792225,15.637314646372332,1623.0,270.26482454302874,57.31706579929599,102.0,18.198692340496926,3.9422599978678354,0.0,0.0,0.0,0.0,0.0,0.0
1,0.054,14,360.3176088975695,0.0,1000.0,557.0,71.56060963459416,14.890148759701054,1668.0,283.9087768069398,61.39030959038417,0.0,0.0,0.0,7.0,0.7,0.07,83.0,3.919298807846868,0.18647119341563761
2,0.0,5,360.5675988923762,0.0,2000.0,556.0,68.2171270159748,14.189846735351274,1680.0,285.6972482527027,61.14313658557936,34.0,6.173727020520785,1.4171920200066066,0.0,0.0,0.0,0.0,0.0,0.0
3,0.0,5,360.61450508245434,1000.0,0.0,571.0,69.95703618038304,14.952692566657259,1676.0,283.9669448200217,61.436291414137344,34.0,6.24390014508864,1.4153789569138344,0.0,0.0,0.0,0.0,0.0,0.0
4,0.0,10,360.33191796972375,1000.0,1000.0,549.0,71.27347577045772,16.205652100485658,1641.0,276.28573503219184,58.74961393505327,68.0,12.503718813201846,2.827027400942636,0.0,0.0,0.0,0.0,0.0,0.0
5,0.0,13,360.0940231470087,1000.0,2000.0,567.0,72.63601694555233,15.299943842000502,1690.0,287.5086774853175,60.99735140368153,0.0,0.0,0.0,0.0,0.0,0.0,0.0,0.0,0.0
6,0.0,9,359.9618067541178,2000.0,0.0,563.0,66.92233978866567,13.087047566949698,1745.0,293.090620698522,62.29873413593548,0.0,0.0,0.0,0.0,0.0,0.0,0.0,0.0,0.0
7,0.0,12,360.64180951356667,2000.0,1000.0,552.0,73.867692057816,16.676729575865163,1648.0,286.15319555440755,62.896273428545854,0.0,0.0,0.0,0.0,0.0,0.0,0.0,0.0,0.0
8,0.0,7,359.8605600555865,2000.0,2000.0,561.0,70.65896074386579,15.937672362812124,1734.0,289.4725506722265,60.65415598937384,0.0,0.0,0.0,0.0,0.0,0.0,0.0,0.0,0.0
9,0.0,5,360.20327894294434,3000.0,0.0,569.0,69.89357340809978,14.413812046047502,1714.0,290.17267264052595,61.684878279198955,0.0,0.0,0.0,0.0,0.0,0.0,0.0,0.0,0.0
10,0.0,12,360.2451774451296,3000.0,1000.0,573.0,72.10245833769653,14.980165898971556,1681.0,288.14123604267695,62.00454506912132,0.0,0.0,0.0,0.0,0.0,0.0,0.0,0.0,0.0
11,0.0,7,360.0057028453961,3000.0,2000.0,571.0,68.3990287848351,13.520604502820552,1719.0,291.6873881374491,62.4452693597793,0.0,0.0,0.0,0.0,0.0,0.0,0.0,0.0,0.0
