id,probability_maraud,successful_mating,next_foraging_time,x_pos,y_pos,foraging_events,foraging_hrs,foraging_sqhrs,staying_events,staying_hrs,staying_sqhrs,repairing_events,repairing_hrs,repairing_sqhrs,marauding_events,marauding_hrs,marauding_sqhrs,traveling_events,traveling_hrs,traveling_sqhrs
0,0.0,8,360.0708809933056,0.0,0.0,571.0,72.0324612912153,15.154861471712662,1675.0,287.9965187000717,62.27141625074097,0.0,0.0,0.0,0.0,0.0,0.0,0.0,0.0,0.0
1,0.0,11,360.0203341978732,0.0,1000.0,574.0,67.00482924189424,12.882544836765312,1714.0,293.07262086998526,63.63653597521545,0.0,0.0,0.0,0.0,0.0,0.0,0.0,0.0,0.0
2,0.0,8,360.52249159390686,0.0,2000.0,568.0,72.38619622302521,15.212064945960257,1638.0,287.62131914946724,63.53029592044784,0.0,0.0,0.0,0.0,0.0,0.0,0.0,0.0,0.0
3,0.0,12,360.27482976772035,1000.0,0.0,580.0,73.0892368625565,14.770974905976095,1679.0,286.9358699378078,61.40861841415185,0.0,0.0,0.0,0.0,0.0,0.0,0.0,0.0,0.0
4,0.0,18,360.3682092007607,1000.0,1000.0,572.0,70.66642005668764,14.174933428036576,1719.0,289.4211292630612,61.67481913768827,0.0,0.0,0.0,0.0,0.0,0.0,0.0,0.0,0.0
5,0.0,13,359.8914848206979,1000.0,2000.0,570.0,71.67600694026967,14.954115403493512,1401.0,233.70678111015195,49.36951102592968,303.0,54.66911202409175,12.234435847117116,0.0,0.0,0.0,0.0,0.0,0.0
6,0.0,3,360.18148229683135,2000.0,0.0,559.0,71.65336257785899,15.609407646638465,1741.0,288.3640401651433,61.54819741658511,0.0,0.0,0.0,0.0,0.0,0.0,0.0,0.0,0.0
7,0.0,11,359.9850328772869,2000.0,1000.0,559.0,70.76075712578148,15.05896067326871,1583.0,266.32246889334414,56.65755873657827,133.0,22.924732338896195,5.0263960980045885,0.0,0.0,0.0,0.0,0.0,0.0
8,0.054,10,359.7747416507181,2000.0,2000.0,566.0,70.55913039324726,14.420984701713184,1644.0,282.5802128659274,60.63015038101072,0.0,0.0,0.0,18.0,1.8000000000000005,0.1800000000000001,109.0,5.084649403923444,0.23791152263374432
9,0.0,2,359.93032618516753,3000.0,0.0,564.0,69.0875876262121,13.763208230357847,1723.0,291.0031496385956,62.154042728802395,0.0,0.0,0.0,0.0,0.0,0.0,0.0,0.0,0.0
10,0.0,7,360.2574124656934,3000.0,1000.0,551.0,70.03572643310473,15.840235236761744,1704.0,290.18829671782015,62.40057784545836,0.0,0.0,0.0,0.0,0.0,0.0,0.0,0.0,0.0
11,0.0,5,360.01655056250456,3000.0,2000.0,573.0,69.28331612516175,13.540065264101967,1535.0,260.21948291003923,55.19835462236251,163.0,30.699986292093538,6.999262506715768,0.0,0.0,0.0,0.0,0.0,0.0
