id,probability_maraud,successful_mating,next_foraging_time,x_pos,y_pos,foraging_events,foraging_hrs,foraging_sqhrs,staying_events,staying_hrs,staying_sqhrs,repairing_events,repairing_hrs,repairing_sqhrs,marauding_events,marauding_hrs,marauding_sqhrs,traveling_events,traveling_hrs,traveling_sqhrs
0,0.0,5,360.45445703545346,0.0,0.0,563.0,69.07447077200601,14.943294333354002,1453.0,247.92881027797523,53.4381684955854,241.0,43.039944849958715,9.635434971202528,0.0,0.0,0.0,0.0,0.0,0.0
1,0.054,12,359.96185551992335,0.0,1000.0,562.0,72.75328753832781,15.986600217280824,1647.0,281.1836131739494,60.625502331384226,0.0,0.0,0.0,20.0,2.0000000000000004,0.20000000000000012,88.0,4.0932506278876435,0.19075788751714648
2,0.0,5,360.0205078607939,0.0,2000.0,568.0,69.94624612915878,14.815987669469393,1528.0,253.28755739439922,53.83465670841204,223.0,36.80945429345339,7.651033490983316,0.0,0.0,0.0,0.0,0.0,0.0
3,0.0,8,360.1017212676002,1000.0,0.0,566.0,73.08352635208377,15.504688453011333,1665.0,281.0238165680696,60.09825659533698,39.0,6.0454496870152274,1.1112828813673947,0.0,0.0,0.0,0.0,0.0,0.0
4,0.0,11,359.9597267500038,1000.0,1000.0,571.0,68.32937893577277,13.483201503440124,1533.0,257.32701855698446,54.8777311359351,202.0,34.441049325439224,7.276982968306719,0.0,0.0,0.0,0.0,0.0,0.0
5,0.0,15,360.7476528030352,1000.0,2000.0,583.0,73.11964508596844,15.143241971522595,1750.0,287.02279605145554,59.36627070043388,0.0,0.0,0.0,0.0,0.0,0.0,0.0,0.0,0.0
6,0.0,7,359.9162936845672,2000.0,0.0,571.0,71.4895321596571,14.567573962120571,1723.0,288.5650346979367,60.69959531684676,0.0,0.0,0.0,0.0,0.0,0.0,0.0,0.0,0.0
7,0.0,9,359.97407723040925,2000.0,1000.0,571.0,71.9482065429792,14.568302741738588,1687.0,288.1107399128039,61.88919876197322,0.0,0.0,0.0,0.0,0.0,0.0,0.0,0.0,0.0
8,0.0,16,360.45034975448453,2000.0,2000.0,565.0,69.22453783632531,13.84292158844418,1713.0,290.87727319425636,62.25030690738808,0.0,0.0,0.0,0.0,0.0,0.0,0.0,0.0,0.0
9,0.0,5,360.24401116435564,3000.0,0.0,589.0,67.94222846519543,13.15603896440797,1782.0,292.05827686035354,61.740581234850865,0.0,0.0,0.0,0.0,0.0,0.0,0.0,0.0,0.0
10,0.0,6,360.1383512513867,3000.0,1000.0,566.0,73.24296168111759,16.07694106061606,1696.0,286.7942192629051,61.046076511085694,0.0,0.0,0.0,0.0,0.0,0.0,0.0,0.0,0.0
11,0.0,9,360.33712540677726,3000.0,2000.0,560.0,69.77046979650342,13.884725305693772,1721.0,290.26639372079825,62.452129909838966,0.0,0.0,0.0,0.0,0.0,0.0,0.0,0.0,0.0
