id,probability_maraud,successful_mating,next_foraging_time,x_pos,y_pos,foraging_events,foraging_hrs,foraging_sqhrs,staying_events,staying_hrs,staying_sqhrs,repairing_events,repairing_hrs,repairing_sqhrs,marauding_events,marauding_hrs,marauding_sqhrs,traveling_events,traveling_hrs,traveling_sqhrs
0,0.0,4,360.1551596121573,0.0,0.0,563.0,70.62920553032335,15.429803248386147,1712.0,289.53100204591794,61.542457452715844,0.0,0.0,0.0,0.0,0.0,0.0,0.0,0.0,0.0
1,0.0,11,360.2374103670883,0.0,1000.0,581.0,71.8408417013618,14.0817542092866,1690.0,288.3386723505476,61.3172804646773,0.0,0.0,0.0,0.0,0.0,0.0,0.0,0.0,0.0
2,0.0,7,359.9796763398853,0.0,2000.0,577.0,66.6108147335348,12.535624732574634,1744.0,293.69747215782064,63.06588733135403,0.0,0.0,0.0,0.0,0.0,0.0,0.0,0.0,0.0
3,0.0,7,359.96832154345645,1000.0,0.0,570.0,71.8150733182989,15.558353422901954,1704.0,288.2184164724979,62.85821166121886,0.0,0.0,0.0,0.0,0.0,0.0,0.0,0.0,0.0
4,0.0,13,360.5811502338746,1000.0,1000.0,560.0,70.09341410203405,13.939035088808067,1707.0,290.04192633916443,61.93395676813984,0.0,0.0,0.0,0.0,0.0,0.0,0.0,0.0,0.0
5,0.0,11,360.29923897793304,1000.0,2000.0,566.0,71.2990396371726,15.406390567972672,1510.0,252.15926177375826,53.28012298834357,210.0,36.61862961743996,7.875991603607547,0.0,0.0,0.0,0.0,0.0,0.0
6,0.0,14,360.48937064506487,2000.0,0.0,576.0,68.68076486082086,13.443267522236168,1729.0,291.3493802990149,62.952616797848265,0.0,0.0,0.0,0.0,0.0,0.0,0.0,0.0,0.0
7,0.0,11,360.15503741086115,2000.0,1000.0,553.0,71.80831648267046,15.145920119060278,1458.0,251.6162844020703,54.9785132919698,216.0,36.591785609109024,7.921341754394718,0.0,0.0,0.0,0.0,0.0,0.0
8,0.054,5,360.33045641579525,2000.0,2000.0,564.0,69.86599029858957,14.739725741683541,1651.0,284.2227874023995,61.39242992563864,0.0,0.0,0.0,17.0,1.7000000000000004,0.1700000000000001,94.0,4.409381513292562,0.20790466392318205
9,0.0,9,360.3334820048098,3000.0,0.0,573.0,72.76375557467486,15.44740710640763,1682.0,287.3088782264454,61.77503935082084,0.0,0.0,0.0,0.0,0.0,0.0,0.0,0.0,0.0
10,0.0,10,360.54601078766177,3000.0,1000.0,571.0,73.63536823606682,16.02545845128852,1660.0,286.4167915570925,61.673971651253744,0.0,0.0,0.0,0.0,0.0,0.0,0.0,0.0,0.0
11,0.0,6,360.5537522170043,3000.0,2000.0,555.0,69.22936914133994,14.791472806082705,1493.0,260.43375103646855,56.819272064253965,185.0,30.47437449987809,6.124405338765295,0.0,0.0,0.0,0.0,0.0,0.0
