id,probability_maraud,successful_mating,next_foraging_time,x_pos,y_pos,foraging_events,foraging_hrs,foraging_sqhrs,staying_events,staying_hrs,staying_sqhrs,repairing_events,repairing_hrs,repairing_sqhrs,marauding_events,marauding_hrs,marauding_sqhrs,traveling_events,traveling_hrs,traveling_sqhrs
0,0.054,9,360.4598836380153,0.0,0.0,574.0,72.09516163624616,15.484426011193655,1667.0,281.52272782756876,60.66242133027277,0.0,0.0,0.0,18.0,1.8000000000000005,0.1800000000000001,100.0,4.667982737256773,0.2186213991769543
1,0.0,8,360.39326318080526,0.0,1000.0,561.0,67.40821624089352,13.40917182317164,1377.0,232.8053208029824,50.05815821846642,347.0,59.8485184639273,12.822889824852025,0.0,0.0,0.0,0.0,0.0,0.0
2,0.0,10,360.5765655504318,0.0,2000.0,558.0,67.02032343092567,13.206642639686448,1732.0,293.0894661634228,62.36983211663224,0.0,0.0,0.0,0.0,0.0,0.0,0.0,0.0,0.0
3,0.0,5,360.1098483546563,1000.0,0.0,560.0,70.66810665454184,15.145314613927448,1423.0,240.83849504266473,51.72842886349255,281.0,48.76340745834208,10.611333578074863,0.0,0.0,0.0,0.0,0.0,0.0
4,0.0,8,360.07104745872317,1000.0,1000.0,564.0,72.46780468859285,15.601390057100899,1698.0,287.81317326854094,61.737469967838805,0.0,0.0,0.0,0.0,0.0,0.0,0.0,0.0,0.0
5,0.0,10,360.19288635172825,1000.0,2000.0,558.0,71.68166084026775,15.126703972495104,1699.0,288.4371624004626,61.94547277957014,0.0,0.0,0.0,0.0,0.0,0.0,0.0,0.0,0.0
6,0.0,13,360.1764864043613,2000.0,0.0,572.0,70.85573421199307,14.224462584785185,1717.0,289.22745076980476,61.697367766009165,0.0,0.0,0.0,0.0,0.0,0.0,0.0,0.0,0.0
7,0.0,11,360.21986440744104,2000.0,1000.0,574.0,70.85516780044098,14.480111731388407,1698.0,289.30220074750855,61.5341740966176,0.0,0.0,0.0,0.0,0.0,0.0,0.0,0.0,0.0
8,0.0,9,360.155083507025,2000.0,2000.0,578.0,72.51835095904197,14.278167746124982,1738.0,287.5251183404059,60.477244294203025,0.0,0.0,0.0,0.0,0.0,0.0,0.0,0.0,0.0
9,0.0,9,360.20733838910314,3000.0,0.0,555.0,70.09427573298574,14.454626788541322,1695.0,290.0205798286294,62.59294114263778,0.0,0.0,0.0,0.0,0.0,0.0,0.0,0.0,0.0
10,0.0,12,360.10032573078263,3000.0,1000.0,547.0,65.34265496561892,12.47729485546338,1710.0,294.79513008214064,64.22657979416721,0.0,0.0,0.0,0.0,0.0,0.0,0.0,0.0,0.0
11,0.0,4,360.046479251868,3000.0,2000.0,562.0,69.55159711122785,14.6883631213684,1655.0,290.69697456490707,64.12608773949245,0.0,0.0,0.0,0.0,0.0,0.0,0.0,0.0,0.0
