id,probability_maraud,successful_mating,next_foraging_time,x_pos,y_pos,foraging_events,foraging_hrs,foraging_sqhrs,staying_events,staying_hrs,staying_sqhrs,repairing_events,repairing_hrs,repairing_sqhrs,marauding_events,marauding_hrs,marauding_sqhrs,traveling_events,traveling_hrs,traveling_sqhrs
0,0.0,4,360.36514926160163,0.0,0.0,551.0,76.00644929078719,17.229857037362915,1646.0,284.12671431628377,61.43310909296184,0.0,0.0,0.0,0.0,0.0,0.0,0.0,0.0,0.0
1,0.0,6,360.057638664906,0.0,1000.0,569.0,69.15074680978114,13.351255936043913,1694.0,284.7989684935903,60.53391463689554,42.0,6.139154295110225,1.1355429793227647,0.0,0.0,0.0,0.0,0.0,0.0
2,0.0,6,360.1600271184608,0.0,2000.0,575.0,70.19459952022298,13.626536674595744,1647.0,277.8799318049777,59.461369331858386,82.0,12.254375181459892,2.3487706498482748,0.0,0.0,0.0,0.0,0.0,0.0
3,0.0,6,360.2365431294348,1000.0,0.0,559.0,73.16978592612902,15.739676226565068,1688.0,286.99213966040145,61.84724552239495,0.0,0.0,0.0,0.0,0.0,0.0,0.0,0.0,0.0
4,0.0,14,359.82404721652375,1000.0,1000.0,567.0,70.62870479116339,13.96524079980769,1595.0,264.7435712001755,56.36274307257495,148.0,24.667882813512314,4.990661045694346,0.0,0.0,0.0,0.0,0.0,0.0
5,0.054,13,360.0171297840312,1000.0,2000.0,573.0,74.27900598740503,15.935135597449,1664.0,280.44076806653237,59.871923833530445,0.0,0.0,0.0,11.0,1.0999999999999999,0.11000000000000004,89.0,4.2354296932517865,0.20361796982167318
6,0.0,7,359.8981777679505,2000.0,0.0,559.0,70.38124042389059,14.826025562219245,1722.0,289.8058231714275,62.65074149561675,0.0,0.0,0.0,0.0,0.0,0.0,0.0,0.0,0.0
7,0.0,18,360.341165906743,2000.0,1000.0,573.0,67.32826454744882,12.631718743982303,1679.0,286.56453954522755,62.15380465571268,30.0,6.16050919934386,1.398008644602599,0.0,0.0,0.0,0.0,0.0,0.0
8,0.0,13,360.348902165517,2000.0,2000.0,569.0,73.33969489311737,15.140469052251857,1613.0,273.7660164644709,58.677521428283676,81.0,13.057785806807148,2.828016328351885,0.0,0.0,0.0,0.0,0.0,0.0
9,0.0,6,360.4405938403934,3000.0,0.0,552.0,70.00385822578946,14.820269314630536,1668.0,290.06621178316834,63.35010314478798,0.0,0.0,0.0,0.0,0.0,0.0,0.0,0.0,0.0
10,0.0,12,360.3196961358463,3000.0,1000.0,563.0,68.63934223810759,13.332402215161368,1725.0,291.6011464327238,62.59457785736576,0.0,0.0,0.0,0.0,0.0,0.0,0.0,0.0,0.0
11,0.0,3,359.8930265926595,3000.0,2000.0,587.0,66.08996875309715,12.330256692427238,1746.0,293.98652591002195,63.07418587124959,0.0,0.0,0.0,0.0,0.0,0.0,0.0,0.0,0.0
