id,probability_maraud,successful_mating,next_foraging_time,x_pos,y_pos,foraging_events,foraging_hrs,foraging_sqhrs,staying_events,staying_hrs,staying_sqhrs,repairing_events,repairing_hrs,repairing_sqhrs,marauding_events,marauding_hrs,marauding_sqhrs,traveling_events,traveling_hrs,traveling_sqhrs
0,0.0,8,360.4703021956501,0.0,0.0,567.0,67.84778810988344,13.13670221572847,1354.0,230.98978678995826,49.54931461133798,374.0,61.25673611379662,12.95100959310609,0.0,0.0,0.0,0.0,0.0,0.0
1,0.054,10,360.3071353255029,0.0,1000.0,575.0,69.98230470975204,14.626301506642823,1676.0,283.60575807442854,60.62032747008753,0.0,0.0,0.0,21.0,2.1000000000000005,0.21000000000000013,95.0,4.455677809588859,0.21004801097393655
2,0.0,3,360.63075559549264,0.0,2000.0,574.0,71.72021829399134,14.015283478912231,1590.0,270.32511365323734,57.89360562904677,105.0,18.162688616677162,3.7668993692632613,0.0,0.0,0.0,0.0,0.0,0.0
3,0.0,20,360.08113425106103,1000.0,0.0,580.0,71.2826491828571,15.032792087860926,1677.0,282.76434849624565,60.60906405785751,35.0,6.012697557624771,1.253477331005044,0.0,0.0,0.0,0.0,0.0,0.0
4,0.0,5,360.11415657799364,1000.0,1000.0,561.0,69.46519050345668,14.29338021138924,1474.0,254.05681402498928,55.47743971715274,212.0,36.71413455974626,7.956767667616458,0.0,0.0,0.0,0.0,0.0,0.0
5,0.0,13,360.3082586817591,1000.0,2000.0,559.0,68.46573015788006,13.503817574244943,1692.0,285.57031997671936,61.70914746797991,39.0,6.058066095757686,1.1216087145983782,0.0,0.0,0.0,0.0,0.0,0.0
6,0.0,7,360.41546451539267,2000.0,0.0,568.0,67.86658113935624,13.354640385264108,1708.0,292.2440690316831,63.38548528011544,0.0,0.0,0.0,0.0,0.0,0.0,0.0,0.0,0.0
7,0.0,9,360.19291267276543,2000.0,1000.0,566.0,71.86812255235175,14.822449916174238,1714.0,288.31493362908253,61.41428611066166,0.0,0.0,0.0,0.0,0.0,0.0,0.0,0.0,0.0
8,0.0,6,360.0553895053296,2000.0,2000.0,559.0,67.89418051338528,13.88147512128082,1704.0,292.321341523634,63.669474951145034,0.0,0.0,0.0,0.0,0.0,0.0,0.0,0.0,0.0
9,0.0,6,360.0909379740645,3000.0,0.0,552.0,73.97261973564056,16.733915672284628,1733.0,286.15247978614144,59.766627656296144,0.0,0.0,0.0,0.0,0.0,0.0,0.0,0.0,0.0
10,0.0,12,360.05258181887376,3000.0,1000.0,578.0,72.97496179200373,14.239017231984276,1721.0,287.2812974629523,60.89094489412189,0.0,0.0,0.0,0.0,0.0,0.0,0.0,0.0,0.0
11,0.0,9,360.01530091343653,3000.0,2000.0,566.0,73.77268678075522,16.135210172664216,1719.0,286.3733443780198,60.9425192225199,0.0,0.0,0.0,0.0,0.0,0.0,0.0,0.0,0.0
