id,probability_maraud,successful_mating,next_foraging_time,x_pos,y_pos,foraging_events,foraging_hrs,foraging_sqhrs,staying_events,staying_hrs,staying_sqhrs,repairing_events,repairing_hrs,repairing_sqhrs,marauding_events,marauding_hrs,marauding_sqhrs,traveling_events,traveling_hrs,traveling_sqhrs
0,0.0,12,360.19759607266366,0.0,0.0,569.0,71.35358508805868,14.834670995583755,1667.0,288.726465906942,62.32829446911101,0.0,0.0,0.0,0.0,0.0,0.0,0.0,0.0,0.0
1,0.0,8,360.2814980412897,0.0,1000.0,576.0,69.12968702510663,13.809098711015121,1733.0,291.0231883176454,62.10123996422208,0.0,0.0,0.0,0.0,0.0,0.0,0.0,0.0,0.0
2,0.0,9,360.3580806570067,0.0,2000.0,573.0,69.57455459843749,13.705389462155543,1715.0,290.6429438108009,62.63834495105874,0.0,0.0,0.0,0.0,0.0,0.0,0.0,0.0,0.0
3,0.0,9,360.23575756401084,1000.0,0.0,561.0,73.06457922897614,16.185966355044,1717.0,287.08329631387886,60.68181322067111,0.0,0.0,0.0,0.0,0.0,0.0,0.0,0.0,0.0
4,0.0,18,360.26999865887865,1000.0,1000.0,563.0,70.03419900219899,14.858441116973246,1697.0,290.0123948365327,63.05288710160614,0.0,0.0,0.0,0.0,0.0,0.0,0.0,0.0,0.0
5,0.0,6,360.5590183505564,1000.0,2000.0,569.0,68.4578615737678,13.655604132708064,1706.0,291.5569956779032,62.38857857523603,0.0,0.0,0.0,0.0,0.0,0.0,0.0,0.0,0.0
6,0.0,10,360.45836177172964,2000.0,0.0,563.0,68.73816133360312,13.636922166512534,1730.0,291.4238336556163,63.29669979265844,0.0,0.0,0.0,0.0,0.0,0.0,0.0,0.0,0.0
7,0.0,10,360.6788022203752,2000.0,1000.0,557.0,71.04589121352218,14.923009970602612,1602.0,270.54199275070863,57.448678676222116,105.0,18.47380366481825,4.113152152192076,0.0,0.0,0.0,0.0,0.0,0.0
8,0.0,11,359.9384022586483,2000.0,2000.0,557.0,74.31477808177723,16.511879026714478,1637.0,285.77916333109135,62.70532723748908,0.0,0.0,0.0,0.0,0.0,0.0,0.0,0.0,0.0
9,0.0,5,359.91854765824274,3000.0,0.0,564.0,72.19027724886747,14.921197055230966,1351.0,227.16783717319302,48.384514575895864,355.0,60.6731033570162,12.859745026416938,0.0,0.0,0.0,0.0,0.0,0.0
10,0.054,5,360.4310951927993,3000.0,1000.0,569.0,70.08086302544689,14.040166112628652,1659.0,283.3041070537527,60.72635135676097,0.0,0.0,0.0,19.0,1.9000000000000006,0.1900000000000001,103.0,4.806871626145663,0.22505144032921762
11,0.0,5,360.43646377180994,3000.0,2000.0,560.0,69.92522184044076,14.822050758858847,1548.0,253.54224155820668,52.937838562103465,218.0,36.53603120999417,7.633865985772392,0.0,0.0,0.0,0.0,0.0,0.0
