id,probability_maraud,successful_mating,next_foraging_time,x_pos,y_pos,foraging_events,foraging_hrs,foraging_sqhrs,staying_events,staying_hrs,staying_sqhrs,repairing_events,repairing_hrs,repairing_sqhrs,marauding_events,marauding_hrs,marauding_sqhrs,traveling_events,traveling_hrs,traveling_sqhrs
0,0.0,9,360.3821656217573,0.0,0.0,555.0,73.91221501549343,16.559432804944354,1424.0,241.8224656526987,52.461929004419275,260.0,44.28420400936012,9.631477798239015,0.0,0.0,0.0,0.0,0.0,0.0
1,0.054,9,359.89469408635637,0.0,1000.0,568.0,70.14752202087789,14.030843084367808,1698.0,283.55962042896005,60.669988534068786,0.0,0.0,0.0,19.0,1.9000000000000006,0.1900000000000001,94.0,4.409381513292562,0.20790466392318208
2,0.0,6,360.57625086971404,0.0,2000.0,577.0,72.19419383935187,14.537888780487933,1604.0,263.6330327888457,55.34774496637225,145.0,24.259373469161556,5.176576344007967,0.0,0.0,0.0,0.0,0.0,0.0
3,0.0,8,360.32174807858013,1000.0,0.0,565.0,70.19533344978002,13.642510640782769,1617.0,277.8645475589261,60.24060218076979,76.0,12.112438703785305,2.52521602279118,0.0,0.0,0.0,0.0,0.0,0.0
4,0.0,11,359.98198740437505,1000.0,1000.0,563.0,69.28333045017695,14.057636504464853,1549.0,263.61394166150853,56.58459397489929,161.0,27.2246480350736,5.703280122031127,0.0,0.0,0.0,0.0,0.0,0.0
5,0.0,9,360.25527649360515,1000.0,2000.0,552.0,69.03393922321693,14.62211824544324,1736.0,290.98188910716965,61.367572765511305,0.0,0.0,0.0,0.0,0.0,0.0,0.0,0.0,0.0
6,0.0,12,360.1154434153683,2000.0,0.0,563.0,71.24451237848072,14.827593533696229,1719.0,288.8364411084404,61.532339175160814,0.0,0.0,0.0,0.0,0.0,0.0,0.0,0.0,0.0
7,0.0,10,360.1917598187775,2000.0,1000.0,562.0,70.15106453650944,13.962019333222036,1719.0,289.8723277569479,62.12044637231677,0.0,0.0,0.0,0.0,0.0,0.0,0.0,0.0,0.0
8,0.0,9,360.11999507723203,2000.0,2000.0,562.0,68.63893048419686,13.74334859090956,1745.0,291.39908768793106,61.39303407799941,0.0,0.0,0.0,0.0,0.0,0.0,0.0,0.0,0.0
9,0.0,3,360.46735907999425,3000.0,0.0,564.0,72.46923539251299,14.821687879180283,1658.0,287.77239807845945,62.18099079542207,0.0,0.0,0.0,0.0,0.0,0.0,0.0,0.0,0.0
10,0.0,18,360.47074879823407,3000.0,1000.0,567.0,72.394194858845,16.07012336071758,1680.0,287.7836544540853,62.395423117615294,0.0,0.0,0.0,0.0,0.0,0.0,0.0,0.0,0.0
11,0.0,4,360.30831584912954,3000.0,2000.0,546.0,73.41359746565074,16.555370191338202,1719.0,286.8509190273527,60.70081494825264,0.0,0.0,0.0,0.0,0.0,0.0,0.0,0.0,0.0
