id,probability_maraud,successful_mating,next_foraging_time,x_pos,y_pos,foraging_events,foraging_hrs,foraging_sqhrs,staying_events,staying_hrs,staying_sqhrs,repairing_events,repairing_hrs,repairing_sqhrs,marauding_events,marauding_hrs,marauding_sqhrs,traveling_events,traveling_hrs,traveling_sqhrs
0,0.0,3,359.9428798867056,0.0,0.0,561.0,72.83616631146755,16.13913622806944,1701.0,287.19312632212467,61.78571242683284,0.0,0.0,0.0,0.0,0.0,0.0,0.0,0.0,0.0
1,0.0,8,360.1072817335385,0.0,1000.0,562.0,69.55322251017944,14.448749902956525,1732.0,290.46331702133165,62.425793417345695,0.0,0.0,0.0,0.0,0.0,0.0,0.0,0.0,0.0
2,0.0,9,360.0407697610912,0.0,2000.0,563.0,70.01529483215297,14.629706717462645,1719.0,290.1814944062308,62.372185956853464,0.0,0.0,0.0,0.0,0.0,0.0,0.0,0.0,0.0
3,0.0,9,360.71868674552593,1000.0,0.0,545.0,72.99973539959302,16.33115177821818,1594.0,270.84206595265107,58.92521561161306,83.0,16.40753057935639,3.947954560040536,0.0,0.0,0.0,0.0,0.0,0.0
4,0.0,12,360.10291037288255,1000.0,1000.0,565.0,65.74930044775851,13.233203027199536,1677.0,282.37733878390617,60.71529530352518,74.0,12.06673988325709,2.380669568549459,0.0,0.0,0.0,0.0,0.0,0.0
5,0.0,13,360.1523751797757,1000.0,2000.0,574.0,71.75716469378862,15.142037530313992,1685.0,288.34360795072854,62.675693809722596,0.0,0.0,0.0,0.0,0.0,0.0,0.0,0.0,0.0
6,0.054,6,360.5049894435687,2000.0,0.0,570.0,72.0552743964545,15.227268978370052,1678.0,281.330170835764,59.82505198848205,0.0,0.0,0.0,19.0,1.9000000000000006,0.1900000000000001,103.0,4.921930949027079,0.23791152263374443
7,0.0,11,359.86638529802883,2000.0,1000.0,560.0,72.49929979366127,15.639790050365244,1547.0,256.985500368342,55.10867979847346,166.0,30.64275260874863,7.127899467859741,0.0,0.0,0.0,0.0,0.0,0.0
8,0.0,12,360.3467149065116,2000.0,2000.0,573.0,70.10665528904558,14.199373769380575,1691.0,290.07971989894537,62.97820849905749,0.0,0.0,0.0,0.0,0.0,0.0,0.0,0.0,0.0
9,0.0,9,360.4392104899792,3000.0,0.0,566.0,71.95175946324814,15.229989366166246,1413.0,239.27037284608397,51.11815023133213,284.0,48.822927035599854,10.355139362172496,0.0,0.0,0.0,0.0,0.0,0.0
10,0.0,11,359.9586538618677,3000.0,1000.0,571.0,69.60920714475724,14.369027323159074,1697.0,284.4943008668711,60.45633298160142,39.0,6.031594045557447,1.171776876590058,0.0,0.0,0.0,0.0,0.0,0.0
11,0.0,5,359.97662475133916,3000.0,2000.0,577.0,72.10443624850132,15.179593762043426,1687.0,288.039853694197,62.20641918336626,0.0,0.0,0.0,0.0,0.0,0.0,0.0,0.0,0.0
