id,probability_maraud,successful_mating,next_foraging_time,x_pos,y_pos,foraging_events,foraging_hrs,foraging_sqhrs,staying_events,staying_hrs,staying_sqhrs,repairing_events,repairing_hrs,repairing_sqhrs,marauding_events,marauding_hrs,marauding_sqhrs,traveling_events,traveling_hrs,traveling_sqhrs
0,0.0,4,360.3946466611719,0.0,0.0,569.0,69.36750344970083,14.34083606526839,1645.0,272.5753163054543,57.22640909025828,104.0,18.12710454429021,3.804665614027478,0.0,0.0,0.0,0.0,0.0,0.0
1,0.0,8,360.5380497635091,0.0,1000.0,563.0,73.3327773240058,16.04953097881305,1530.0,262.4592375407408,56.70548197174807,157.0,24.26019200197359,4.738718370631604,0.0,0.0,0.0,0.0,0.0,0.0
2,0.054,12,360.2635176250155,1000.0,0.0,556.0,70.25668065363993,14.780811380014638,1465.0,249.59908845451585,53.44004256291674,206.0,34.79717307375491,7.526831484347387,11.0,1.0999999999999999,0.11000000000000004,92.0,4.2976123668863995,0.20147462277091874
3,0.054,15,360.2922781672939,1000.0,1000.0,569.0,70.15926520949208,14.086496344857414,1567.0,266.44620250308776,58.7020664845337,113.0,18.361570427425224,4.117491732909401,12.0,1.2,0.12000000000000005,83.0,3.8617691464061608,0.18004115226337425
4,0.054,11,360.26151197635767,2000.0,0.0,573.0,69.64925954523373,13.79788555898607,1487.0,253.58548706706307,54.66689813728082,185.0,30.703372244658343,6.3487736556686425,15.0,1.5000000000000002,0.15000000000000008,100.0,4.687159291070342,0.22076474622770872
5,0.0,8,360.5309714969343,2000.0,1000.0,573.0,70.31338677330719,14.718431815502381,1281.0,222.47581881514418,48.89920995299047,396.0,67.2500473445576,14.62548378454304,0.0,0.0,0.0,0.0,0.0,0.0
6,0.0,7,360.78184281172236,3000.0,0.0,562.0,74.67717155940339,17.125498852000543,1524.0,248.93914175701235,51.89356280945812,210.0,36.436430017495844,7.867692392990163,0.0,0.0,0.0,0.0,0.0,0.0
7,0.0,7,360.0757564839045,3000.0,1000.0,568.0,71.07464930848427,13.897461471749882,1701.0,289.18309847311633,62.02050909576583,0.0,0.0,0.0,0.0,0.0,0.0,0.0,0.0,0.0
