id,probability_maraud,successful_mating,next_foraging_time,x_pos,y_pos,foraging_events,foraging_hrs,foraging_sqhrs,staying_events,staying_hrs,staying_sqhrs,repairing_events,repairing_hrs,repairing_sqhrs,marauding_events,marauding_hrs,marauding_sqhrs,traveling_events,traveling_hrs,traveling_sqhrs
0,0.054,9,360.61648368051937,0.0,0.0,559.0,69.51541824631417,13.782701595496023,1658.0,284.42910977452334,61.77854046387684,0.0,0.0,0.0,16.0,1.6000000000000003,0.1600000000000001,98.0,4.537037037037041,0.2100480109739365
1,0.0,6,360.2698772467551,0.0,1000.0,554.0,71.75720955818396,15.112086017762973,1354.0,233.35053047647432,51.0922757849575,322.0,54.958059140876806,11.601687064604478,0.0,0.0,0.0,0.0,0.0,0.0
2,0.0,12,360.12592901437984,1000.0,0.0,565.0,66.88733733582858,13.592344565701175,1282.0,220.3029735754774,47.812358065853566,440.0,73.05538855578195,15.651517170912097,0.0,0.0,0.0,0.0,0.0,0.0
3,0.0,11,360.1779373549993,1000.0,1000.0,553.0,69.7295855174117,15.01430485981269,1559.0,265.8463423292537,57.13500097936931,141.0,24.58626775250906,5.164074250777738,0.0,0.0,0.0,0.0,0.0,0.0
4,0.054,9,360.33078553663705,2000.0,0.0,570.0,68.26127397437135,13.246215642728897,1519.0,255.40503281616446,54.38934382764883,189.0,30.262849868583206,6.071593990845932,15.0,1.5000000000000002,0.15000000000000008,101.0,4.695102479739501,0.21862139917695428
5,0.054,13,360.1444833660568,2000.0,1000.0,564.0,72.38255810632108,15.607908660041584,1448.0,246.69985293777628,53.46568378266746,223.0,36.28718979072356,7.444102022145524,13.0,1.3,0.13000000000000006,73.0,3.437159291070336,0.1628943758573387
6,0.0,4,360.022706148109,3000.0,0.0,568.0,69.71343806246182,14.036433506487056,1565.0,265.8998261284381,57.06516048068255,148.0,24.447947256337578,5.181488464378346,0.0,0.0,0.0,0.0,0.0,0.0
7,0.0,8,360.0657700540411,3000.0,1000.0,562.0,68.00220575452467,13.666203823310907,1586.0,267.40733133434486,57.15302408995203,142.0,24.602164479411034,5.23773302117671,0.0,0.0,0.0,0.0,0.0,0.0
