id,probability_maraud,successful_mating,next_foraging_time,x_pos,y_pos,foraging_events,foraging_hrs,foraging_sqhrs,staying_events,staying_hrs,staying_sqhrs,repairing_events,repairing_hrs,repairing_sqhrs,marauding_events,marauding_hrs,marauding_sqhrs,traveling_events,traveling_hrs,traveling_sqhrs
0,0.054,7,360.2259816534449,0.0,0.0,567.0,69.92003218802633,13.836125710466257,1674.0,283.69152326132127,61.10506329700155,0.0,0.0,0.0,18.0,1.8000000000000005,0.1800000000000001,107.0,4.953703703703711,0.2293381344307265
1,0.0,8,360.5367643678468,0.0,1000.0,562.0,69.46331680595513,14.206738442204157,1366.0,232.34966364487852,50.49561799625306,333.0,58.193928957511076,12.605036564754336,0.0,0.0,0.0,0.0,0.0,0.0
2,0.0,9,359.9814685130169,1000.0,0.0,574.0,67.43946982309171,13.33539888574676,1389.0,237.83001511662405,51.43327267313729,335.0,54.851574029446674,11.563355921660438,0.0,0.0,0.0,0.0,0.0,0.0
3,0.0,10,360.04418209125294,1000.0,1000.0,557.0,70.94135389321563,15.683700541185914,1492.0,252.728870212299,55.222894485753976,221.0,36.40140119719369,7.678860152666812,0.0,0.0,0.0,0.0,0.0,0.0
4,0.0,9,360.32159207623016,2000.0,0.0,567.0,70.32376174965161,14.298642745857766,1446.0,247.14965635314334,53.621766626631995,251.0,42.544478438094,9.439507416874902,0.0,0.0,0.0,0.0,0.0,0.0
5,0.054,16,360.0246785646024,2000.0,1000.0,561.0,69.92240743758165,14.74797288756144,1604.0,266.2312623226374,56.29806679557091,113.0,18.40267711804872,3.7895050199006586,14.0,1.4000000000000001,0.14000000000000007,88.0,4.131603735514782,0.19504458161865537
6,0.054,7,359.88562686958113,3000.0,0.0,560.0,70.90241793896448,14.699786842450086,1676.0,283.7457390297528,61.16897421216411,0.0,0.0,0.0,11.0,1.0999999999999999,0.11000000000000004,91.0,4.270492624403672,0.2014746227709187
7,0.0,6,360.2443568127529,3000.0,1000.0,572.0,70.20151315141432,14.831764522485654,1437.0,241.18337962364814,51.58826158679076,278.0,48.74431311254907,10.805291624150854,0.0,0.0,0.0,0.0,0.0,0.0
