id,probability_maraud,successful_mating,next_foraging_time,x_pos,y_pos,foraging_events,foraging_hrs,foraging_sqhrs,staying_events,staying_hrs,staying_sqhrs,repairing_events,repairing_hrs,repairing_sqhrs,marauding_events,marauding_hrs,marauding_sqhrs,traveling_events,traveling_hrs,traveling_sqhrs
0,0.054,5,360.14148260339346,0.0,0.0,573.0,73.13807048227613,15.247505002958132,1281.0,216.25127563688272,46.392095039172176,396.0,66.92785888505668,14.41815428552235,10.0,0.9999999999999999,0.10000000000000003,63.0,2.916666666666666,0.13503086419753088
1,0.054,8,360.28230328627797,0.0,1000.0,570.0,70.26730561388275,15.28028753080697,1507.0,252.81194596802987,53.908990423774014,167.0,31.42776506043248,7.469469887377658,15.0,1.5000000000000002,0.15000000000000008,89.0,4.12037037037037,0.19075788751714648
2,0.0,10,360.04331726747637,1000.0,0.0,571.0,69.39306686961042,15.126337402489865,1553.0,266.4211298219981,58.15393554033487,155.0,24.221641291815626,4.927740760068495,0.0,0.0,0.0,0.0,0.0,0.0
3,0.0,11,360.2268350776016,1000.0,1000.0,567.0,70.09086236350959,14.12798169535483,1434.0,240.98039607261524,51.459491709008596,303.0,48.96872170350213,10.21350156742555,0.0,0.0,0.0,0.0,0.0,0.0
4,0.0,8,360.12397547130115,2000.0,0.0,570.0,69.47801767277682,13.660356452612678,1440.0,241.98853723768562,51.14336554667928,295.0,48.732627621087566,10.14961001828002,0.0,0.0,0.0,0.0,0.0,0.0
5,0.054,13,360.4626562028814,2000.0,1000.0,574.0,70.64748536519369,14.71040521195156,1673.0,283.8730741354948,61.50000957641521,0.0,0.0,0.0,18.0,1.8000000000000005,0.1800000000000001,82.0,3.853825957737003,0.1821844993141287
6,0.0,12,360.0652480792614,3000.0,0.0,564.0,70.54321766922544,14.657579078196388,1644.0,283.42311944804516,62.135234968033316,35.0,6.0690867376111,1.3400408726204078,0.0,0.0,0.0,0.0,0.0,0.0
7,0.0,5,359.85868531586726,3000.0,1000.0,570.0,69.97702780121017,14.361023254247964,1577.0,259.60651689159175,54.46097020156137,176.0,30.4266945601753,6.605942993141132,0.0,0.0,0.0,0.0,0.0,0.0
