id,probability_maraud,successful_mating,next_foraging_time,x_pos,y_pos,foraging_events,foraging_hrs,foraging_sqhrs,staying_events,staying_hrs,staying_sqhrs,repairing_events,repairing_hrs,repairing_sqhrs,marauding_events,marauding_hrs,marauding_sqhrs,traveling_events,traveling_hrs,traveling_sqhrs
0,0.0,8,360.6004476073516,0.0,0.0,577.0,68.2525860063489,13.40507849519999,1562.0,267.5100211725757,58.081761023056124,155.0,24.394012320482855,4.855672128287154,0.0,0.0,0.0,0.0,0.0,0.0
1,0.054,4,360.0648782988768,0.0,1000.0,563.0,69.7422792375302,14.10718976069557,1664.0,285.33657820816103,61.30204297272688,0.0,0.0,0.0,9.0,0.8999999999999999,0.09000000000000002,85.0,4.0502445080666,0.19504458161865543
2,0.0,14,360.2504557308011,1000.0,0.0,551.0,71.61408369351287,15.600166834780941,1644.0,282.20462978911127,61.79922055013919,35.0,6.220866775694405,1.3017402339959392,0.0,0.0,0.0,0.0,0.0,0.0
3,0.0,7,360.2536615836671,1000.0,1000.0,579.0,72.26439792706361,14.713181437790883,1450.0,238.6683206555494,49.579489213142224,298.0,49.08946911930369,10.16258467273259,0.0,0.0,0.0,0.0,0.0,0.0
4,0.0,10,360.3838946282275,2000.0,0.0,575.0,67.42757022294072,12.36821508395424,1204.0,207.71524333875425,45.58314118569972,521.0,84.93341919991838,17.68360467069346,0.0,0.0,0.0,0.0,0.0,0.0
5,0.054,11,360.162530587709,2000.0,1000.0,574.0,67.92154361999297,13.719635935556456,1681.0,285.2793827348295,61.12981985187045,0.0,0.0,0.0,19.0,1.9000000000000006,0.1900000000000001,108.0,5.038353107627147,0.23576817558298988
6,0.054,9,360.47999402188526,3000.0,0.0,565.0,71.46044190034506,15.45883342245149,1691.0,282.926244115018,60.06884598673839,0.0,0.0,0.0,15.0,1.5000000000000002,0.15000000000000008,93.0,4.324732109369127,0.2014746227709187
7,0.0,9,360.2375195030852,3000.0,1000.0,569.0,71.04951980076402,14.69363662398633,1126.0,191.19203868362763,41.139663916723926,587.0,97.85736989358688,20.465789451740886,0.0,0.0,0.0,0.0,0.0,0.0
