id,probability_maraud,successful_mating,next_foraging_time,x_pos,y_pos,foraging_events,foraging_hrs,foraging_sqhrs,staying_events,staying_hrs,staying_sqhrs,repairing_events,repairing_hrs,repairing_sqhrs,marauding_events,marauding_hrs,marauding_sqhrs,traveling_events,traveling_hrs,traveling_sqhrs
0,0.054,7,360.2574722207112,0.0,0.0,572.0,70.69254485889303,15.259100358583813,1385.0,229.91228391927024,48.37550502528124,319.0,55.30410264574081,11.939591211128153,12.0,1.2,0.12000000000000005,64.0,2.9629629629629624,0.13717421124828533
1,0.054,7,360.20303680206683,0.0,1000.0,563.0,70.10035549612728,14.9213676581831,1608.0,266.035396711823,55.3031315163992,107.0,18.336912843796583,3.797385162351378,18.0,1.8000000000000005,0.1800000000000001,81.0,3.7883531076271373,0.1778978052126198
2,0.0,11,360.38543949219655,1000.0,0.0,553.0,71.3791332841222,14.717966780369943,1343.0,227.7065449021845,49.07141487976848,356.0,60.92701944851326,13.215410444758655,0.0,0.0,0.0,0.0,0.0,0.0
3,0.0,12,360.03347262864594,1000.0,1000.0,572.0,71.70488950491693,14.5704531248211,1388.0,239.82486669034265,51.825780080448176,294.0,48.58018070141789,9.989241334872316,0.0,0.0,0.0,0.0,0.0,0.0
4,0.0,12,360.0419733487666,2000.0,0.0,555.0,71.29953484309807,15.895994250426096,1648.0,282.8818830624651,62.04049552398171,31.0,6.028144130026462,1.4231357728440832,0.0,0.0,0.0,0.0,0.0,0.0
5,0.0,5,360.3267079554621,2000.0,1000.0,586.0,74.41265408527042,16.52041233559273,1500.0,248.16142740257368,52.62075609547054,218.0,37.44388166954102,8.058017714358604,0.0,0.0,0.0,0.0,0.0,0.0
6,0.0,8,360.5644070320277,3000.0,0.0,574.0,72.12813757174148,14.451020572092,1486.0,251.43753446645323,54.187959462671515,210.0,36.43823675775938,7.8903874279248045,0.0,0.0,0.0,0.0,0.0,0.0
7,0.054,10,360.0009035031936,3000.0,1000.0,577.0,71.58262646259217,14.539211395745323,1678.0,282.5540922420724,60.633322614709684,0.0,0.0,0.0,15.0,1.5000000000000002,0.15000000000000008,96.0,4.482797552071586,0.2100480109739365
