id,probability_maraud,successful_mating,next_foraging_time,x_pos,y_pos,foraging_events,foraging_hrs,foraging_sqhrs,staying_events,staying_hrs,staying_sqhrs,repairing_events,repairing_hrs,repairing_sqhrs,marauding_events,marauding_hrs,marauding_sqhrs,traveling_events,traveling_hrs,traveling_sqhrs
0,0.054,8,360.10904882632,0.0,0.0,566.0,71.2049238074651,14.479775273044295,1458.0,246.93091393844912,52.6182284657572,219.0,36.67709498886951,7.580114870897274,15.0,1.5000000000000002,0.15000000000000008,82.0,3.8154728501098645,0.1778978052126198
1,0.0,12,360.65455453231635,0.0,1000.0,577.0,68.60654964921505,13.279784812990231,1504.0,254.76391679603333,54.061801224167056,216.0,36.70227090264127,7.927740544609719,0.0,0.0,0.0,0.0,0.0,0.0
2,0.054,8,360.0588071598261,1000.0,0.0,570.0,67.04131162981218,13.166036118734162,1317.0,218.72479718012553,45.974068634313404,424.0,69.3326537980003,14.733084396229629,11.0,1.0999999999999999,0.11000000000000004,86.0,4.039011142922188,0.1907578875171465
3,0.0,8,360.61609805465645,1000.0,1000.0,570.0,67.85440169556924,13.546553298477825,1627.0,274.15483907098303,58.201392649965236,104.0,18.220888539585303,3.9370421558017394,0.0,0.0,0.0,0.0,0.0,0.0
4,0.054,13,360.4169222533405,2000.0,0.0,565.0,70.44974153826482,15.061102986946006,1628.0,271.5259468809714,57.37822096371602,77.0,12.224991467617043,2.664674220241317,10.0,0.9999999999999999,0.10000000000000003,104.0,4.891521030069098,0.23148148148148098
5,0.0,12,360.19701121356616,2000.0,1000.0,558.0,74.33134743719773,16.38850117627363,1586.0,267.5394501325033,56.74865690504298,113.0,18.36103232366019,3.8532076731137344,0.0,0.0,0.0,0.0,0.0,0.0
6,0.0,3,360.46296255625725,3000.0,0.0,565.0,72.12870162287666,14.999632785053143,1546.0,263.7419938962406,56.76057927331102,141.0,24.21133019484284,5.444448423724022,0.0,0.0,0.0,0.0,0.0,0.0
7,0.0,8,360.0401426706768,3000.0,1000.0,569.0,73.84622983429435,15.421649958589898,1677.0,286.2573794047538,61.39595992683697,0.0,0.0,0.0,0.0,0.0,0.0,0.0,0.0,0.0
