id,probability_maraud,successful_mating,next_foraging_time,x_pos,y_pos,foraging_events,foraging_hrs,foraging_sqhrs,staying_events,staying_hrs,staying_sqhrs,repairing_events,repairing_hrs,repairing_sqhrs,marauding_events,marauding_hrs,marauding_sqhrs,traveling_events,traveling_hrs,traveling_sqhrs
0,0.0,5,360.427000724112,0.0,0.0,563.0,73.20904277871033,15.514280632263766,1723.0,287.0557454719836,61.038001260146316,0.0,0.0,0.0,0.0,0.0,0.0,0.0,0.0,0.0
1,0.0,9,360.0369618909314,0.0,1000.0,568.0,74.00509259345469,16.172321338628628,1684.0,286.15962236434177,61.15672262197593,0.0,0.0,0.0,0.0,0.0,0.0,0.0,0.0,0.0
2,0.0,16,360.2554643493125,1000.0,0.0,563.0,72.27324245407269,15.59129868463959,1658.0,275.7023268210173,59.157491717393,69.0,12.107121504151902,2.5664071067180845,0.0,0.0,0.0,0.0,0.0,0.0
3,0.0,6,360.6649329553829,1000.0,1000.0,558.0,68.45713041178773,13.64796540924552,1679.0,285.4964992415136,61.68261874555698,35.0,6.050888062065854,1.2124037285825415,0.0,0.0,0.0,0.0,0.0,0.0
4,0.054,11,360.0540876657247,2000.0,0.0,565.0,73.19641813298821,16.183653854677736,1339.0,226.00424644326722,48.665615190617736,329.0,54.837743058297775,11.667766034493635,15.0,1.5000000000000002,0.15000000000000008,96.0,4.482797552071586,0.21004801097393652
5,0.0,10,360.4659756423452,2000.0,1000.0,551.0,74.0463246031062,17.241684475699156,1442.0,242.89822794513876,52.24172599814654,249.0,43.08697356880787,9.582862297649223,0.0,0.0,0.0,0.0,0.0,0.0
6,0.054,11,360.25955998174004,3000.0,0.0,571.0,73.07631507438501,16.056492054689848,1244.0,209.14525685176608,44.476674207345475,451.0,73.2249637427244,14.8525516548202,15.0,1.5000000000000002,0.15000000000000008,68.0,3.1481481481481475,0.1457475994513031
7,0.054,4,360.22904198420474,3000.0,1000.0,574.0,70.78269829104778,14.839920626381405,1448.0,248.65072738386718,54.11840588003169,211.0,36.34823251231733,8.114905427527836,7.0,0.7,0.07,76.0,3.537695072332087,0.16503772290809313
