id,probability_maraud,successful_mating,next_foraging_time,x_pos,y_pos,foraging_events,foraging_hrs,foraging_sqhrs,staying_events,staying_hrs,staying_sqhrs,repairing_events,repairing_hrs,repairing_sqhrs,marauding_events,marauding_hrs,marauding_sqhrs,traveling_events,traveling_hrs,traveling_sqhrs
0,0.0,8,360.07069159471445,0.0,0.0,570.0,69.76041102068923,13.808123177748174,1593.0,272.2124244144479,59.122033309568636,111.0,18.190357028962463,3.7454667307476663,0.0,0.0,0.0,0.0,0.0,0.0
1,0.0,13,360.10464591292396,0.0,1000.0,578.0,72.18929806932837,14.822811426255363,1657.0,281.8346849081012,61.1632993497093,38.0,6.1380254792322955,1.3135668074894746,0.0,0.0,0.0,0.0,0.0,0.0
2,0.054,6,360.12462862627217,1000.0,0.0,571.0,72.74683852060159,15.194927800564315,1672.0,281.19016415646644,59.874081974013905,0.0,0.0,0.0,14.0,1.4000000000000001,0.14000000000000007,102.0,4.741398776035798,0.22076474622770872
3,0.0,11,359.9441058607259,1000.0,1000.0,570.0,69.32852191681104,14.012954046908751,1416.0,235.88665497085825,50.032354780665834,322.0,54.93675645482801,12.20484394704443,0.0,0.0,0.0,0.0,0.0,0.0
4,0.0,3,360.14887498898725,2000.0,0.0,552.0,69.39680809000447,15.652375786076666,1172.0,199.14411037667858,42.72303100071655,538.0,91.57254621346166,20.090211154606166,0.0,0.0,0.0,0.0,0.0,0.0
5,0.054,10,360.0804758436598,2000.0,1000.0,569.0,72.62757856740222,15.262072469490356,1686.0,282.13290513791657,59.511935735218,0.0,0.0,0.0,12.0,1.2,0.12000000000000005,87.0,4.046954331591347,0.18861454046639203
6,0.054,14,360.37780972562524,3000.0,0.0,565.0,70.22171675908743,15.145805935352929,1651.0,277.3613200767372,58.791972562388146,39.0,6.101899294356013,1.1685433976505009,14.0,1.4000000000000001,0.14000000000000007,106.0,4.964937068848123,0.2336248285322354
7,0.0,7,360.61318566652943,3000.0,1000.0,573.0,69.6073940728476,14.24509499033351,1323.0,223.40310775487788,47.75916181854277,408.0,67.03100130574502,13.86103706094323,0.0,0.0,0.0,0.0,0.0,0.0
