id,probability_maraud,successful_mating,next_foraging_time,x_pos,y_pos,foraging_events,foraging_hrs,foraging_sqhrs,staying_events,staying_hrs,staying_sqhrs,repairing_events,repairing_hrs,repairing_sqhrs,marauding_events,marauding_hrs,marauding_sqhrs,traveling_events,traveling_hrs,traveling_sqhrs
0,0.0,4,360.1641196148112,0.0,0.0,555.0,68.77128326688671,14.387274067883308,1483.0,254.7183806619906,55.68208190651749,216.0,36.544441030131885,7.774320107608289,0.0,0.0,0.0,0.0,0.0,0.0
1,0.054,9,359.83161260665156,0.0,1000.0,555.0,67.85691538159757,13.408709455081684,1599.0,273.32344667796235,59.929284049822336,76.0,12.252510593245567,2.5557006158308297,14.0,1.4000000000000001,0.14000000000000007,110.0,5.169298807846879,0.24434156378600766
2,0.0,8,360.10380677357676,1000.0,0.0,566.0,71.29807180503772,14.126621129174735,1469.0,248.27638069413737,53.740366297732244,241.0,40.503499465494755,8.686183659358985,0.0,0.0,0.0,0.0,0.0,0.0
3,0.054,11,360.4345114731138,1000.0,1000.0,577.0,68.05619904514418,13.514062779744588,1407.0,238.03210329656062,50.904239428188134,296.0,48.669118738957756,10.349542558084456,15.0,1.5000000000000002,0.15000000000000008,80.0,3.76123336514441,0.17789780521261983
4,0.0,15,360.6768731808522,2000.0,0.0,573.0,66.8654043706585,13.379919483390715,1407.0,231.9562661552943,47.85587091556451,363.0,61.33999735555594,13.169335972676153,0.0,0.0,0.0,0.0,0.0,0.0
5,0.0,7,360.0100754226125,2000.0,1000.0,566.0,67.84228469453771,12.684828444907073,1505.0,255.58422600461208,54.93930440015125,214.0,36.60493601877069,8.001863010905243,0.0,0.0,0.0,0.0,0.0,0.0
6,0.054,10,360.95300984002296,3000.0,0.0,581.0,69.00440980314548,13.906459553895811,1685.0,284.8211187989875,60.57949717546296,0.0,0.0,0.0,18.0,1.8000000000000005,0.1800000000000001,95.0,4.417324701961721,0.20576131687242763
7,0.0,8,360.0035088937299,3000.0,1000.0,571.0,71.16944341059147,15.508194938979814,1438.0,240.12840162393684,51.610002790602856,301.0,48.86671038457789,10.001733569572664,0.0,0.0,0.0,0.0,0.0,0.0
