id,probability_maraud,successful_mating,next_foraging_time,x_pos,y_pos,foraging_events,foraging_hrs,foraging_sqhrs,staying_events,staying_hrs,staying_sqhrs,repairing_events,repairing_hrs,repairing_sqhrs,marauding_events,marauding_hrs,marauding_sqhrs,traveling_events,traveling_hrs,traveling_sqhrs
0,0.0,5,360.015623762599,0.0,0.0,553.0,68.22553328723963,14.159502444532684,1280.0,218.46425506056235,47.19511375266641,424.0,73.33200803714344,15.785959082075761,0.0,0.0,0.0,0.0,0.0,0.0
1,0.054,7,360.4982467767511,0.0,1000.0,557.0,67.54658059656556,13.893513569418994,1616.0,281.13584039532435,61.79208633667394,34.0,6.072226776433126,1.341752261689035,17.0,1.7000000000000004,0.1700000000000001,79.0,3.6765839612209756,0.17146776406035646
2,0.054,14,360.1581599950163,1000.0,0.0,562.0,68.02393952823758,13.015754247509864,1708.0,285.57150013230375,60.87510451242356,0.0,0.0,0.0,15.0,1.5000000000000002,0.15000000000000008,107.0,5.0304099189579885,0.23791152263374435
3,0.0,14,360.1800250125016,1000.0,1000.0,578.0,70.72698724385712,14.212869599549968,1378.0,230.83627262041924,48.389444104019944,325.0,58.4637323712995,13.130779523942394,0.0,0.0,0.0,0.0,0.0,0.0
4,0.0,8,360.07328583748085,2000.0,0.0,560.0,72.9158983825267,15.342518282271863,1433.0,239.25155886067066,50.30870412647586,289.0,47.91592393176125,10.253320511963514,0.0,0.0,0.0,0.0,0.0,0.0
5,0.0,10,360.04508457559575,2000.0,1000.0,568.0,70.1003901912882,14.416127877515097,1436.0,240.9633102761849,51.304297017455895,299.0,48.98869470851351,10.108832409670498,0.0,0.0,0.0,0.0,0.0,0.0
6,0.0,7,359.8589662902662,3000.0,0.0,561.0,69.60997611641959,13.90158884156185,1510.0,254.272079660269,54.20029859036446,217.0,36.24214016432999,7.706784223525082,0.0,0.0,0.0,0.0,0.0,0.0
7,0.054,7,360.2126555472247,3000.0,1000.0,566.0,74.10479779316736,15.890696594593907,1661.0,280.71863349545134,59.89555935775579,0.0,0.0,0.0,13.0,1.3,0.13000000000000006,83.0,3.88094570021973,0.18218449931412872
