id,probability_maraud,successful_mating,next_foraging_time,x_pos,y_pos,foraging_events,foraging_hrs,foraging_sqhrs,staying_events,staying_hrs,staying_sqhrs,repairing_events,repairing_hrs,repairing_sqhrs,marauding_events,marauding_hrs,marauding_sqhrs,traveling_events,traveling_hrs,traveling_sqhrs
0,0.0,8,360.66131085103285,0.0,0.0,560.0,67.86556718756077,13.154316083882883,1290.0,218.93446197288833,47.06208376677176,444.0,73.36194102940124,15.450809551437203,0.0,0.0,0.0,0.0,0.0,0.0
1,0.054,11,360.206604371977,0.0,1000.0,565.0,69.97888353639566,14.049555190732434,1626.0,278.3912706151166,60.5053278356816,35.0,6.287682817519767,1.3714101094988647,12.0,1.2,0.12000000000000005,91.0,4.270492624403672,0.20147462277091874
2,0.054,17,360.31761270736644,1000.0,0.0,552.0,70.4687608059354,14.894223492791062,1665.0,282.4024149035794,60.88672122182895,0.0,0.0,0.0,19.0,1.9000000000000006,0.1900000000000001,113.0,5.308187696735769,0.25077160493827105
3,0.0,9,360.3743975521601,1000.0,1000.0,553.0,71.36254860093536,15.973086655673331,1359.0,229.78647738866476,49.08503327110841,349.0,58.87462566725521,12.582986567221683,0.0,0.0,0.0,0.0,0.0,0.0
4,0.0,6,360.55960269269536,2000.0,0.0,570.0,71.6760884943516,15.625950899924977,1033.0,175.19799476136566,37.46803503739305,658.0,113.40154075749018,24.318951921931667,0.0,0.0,0.0,0.0,0.0,0.0
5,0.0,10,360.26352064017067,2000.0,1000.0,587.0,71.10866014931014,14.608502276358031,1754.0,289.0461804508528,60.820795819034785,0.0,0.0,0.0,0.0,0.0,0.0,0.0,0.0,0.0
6,0.054,6,359.91677865211545,3000.0,0.0,568.0,73.47287455330643,15.47877127521986,1638.0,280.7093744918861,60.71808527110962,0.0,0.0,0.0,16.0,1.6000000000000003,0.1600000000000001,93.0,4.363085216996265,0.2057613168724276
7,0.0,5,360.00935166311376,3000.0,1000.0,568.0,70.70134710695557,14.383258636202934,1516.0,258.797056768784,55.84307835380074,176.0,30.686585807747246,6.679529987497434,0.0,0.0,0.0,0.0,0.0,0.0
