id,probability_maraud,successful_mating,next_foraging_time,x_pos,y_pos,foraging_events,foraging_hrs,foraging_sqhrs,staying_events,staying_hrs,staying_sqhrs,repairing_events,repairing_hrs,repairing_sqhrs,marauding_events,marauding_hrs,marauding_sqhrs,traveling_events,traveling_hrs,traveling_sqhrs
0,0.054,7,360.23178971261143,0.0,0.0,574.0,72.91466628480055,15.596144379523714,1605.0,269.77232906916953,57.63935345292984,67.0,12.10690813569445,2.7101500504037244,12.0,1.2,0.12000000000000005,88.0,4.131603735514782,0.1950445816186554
1,0.0,10,360.12802275834406,0.0,1000.0,568.0,72.4342457439354,15.810935455743117,1707.0,281.3661958010924,59.092945466702496,34.0,6.268823653553115,1.4362770573829169,0.0,0.0,0.0,0.0,0.0,0.0
2,0.054,8,360.2284827284033,1000.0,0.0,573.0,69.13117537422558,13.398836417946864,1254.0,213.2921704026102,45.78510082479624,402.0,73.06242052139987,16.23818866483326,6.0,0.6,0.06000000000000001,87.0,4.027777777777777,0.1864711934156376
3,0.0,7,360.81366434752596,1000.0,1000.0,558.0,72.48733507409375,15.700783430228485,1431.0,237.57448986864998,50.283228097299855,282.0,50.04200072925713,11.063636085971513,0.0,0.0,0.0,0.0,0.0,0.0
4,0.0,14,360.53003232808857,2000.0,0.0,574.0,70.9372114645898,14.732729258477478,1582.0,262.7286871121312,55.09274785228699,151.0,26.59906494901044,5.967565421533364,0.0,0.0,0.0,0.0,0.0,0.0
5,0.054,12,360.16384239223095,2000.0,1000.0,569.0,66.52773090439815,12.840157375815375,1672.0,286.89315240241285,62.16892961409033,0.0,0.0,0.0,21.0,2.1000000000000005,0.21000000000000013,101.0,4.752632141180208,0.22505144032921767
6,0.0,6,360.0711074156745,3000.0,0.0,563.0,67.95814153738147,14.89808200277922,1718.0,292.1000905718948,63.2302500031227,0.0,0.0,0.0,0.0,0.0,0.0,0.0,0.0,0.0
7,0.0,8,360.1879239566509,3000.0,1000.0,565.0,68.89435163526001,13.66063227481979,1339.0,230.39031171330802,49.94739438354893,347.0,60.81401549497422,13.196804138504925,0.0,0.0,0.0,0.0,0.0,0.0
