id,probability_maraud,successful_mating,next_foraging_time,x_pos,y_pos,foraging_events,foraging_hrs,foraging_sqhrs,staying_events,staying_hrs,staying_sqhrs,repairing_events,repairing_hrs,repairing_sqhrs,marauding_events,marauding_hrs,marauding_sqhrs,traveling_events,traveling_hrs,traveling_sqhrs
0,0.0,11,360.12441106590006,0.0,0.0,558.0,72.0343154939792,15.835053964949813,1726.0,288.09516536273003,62.26273293938678,0.0,0.0,0.0,0.0,0.0,0.0,0.0,0.0,0.0
1,0.0,5,360.25769558551553,0.0,1000.0,572.0,69.59112043864347,13.948575169142801,1703.0,290.6330081674121,62.91901009976901,0.0,0.0,0.0,0.0,0.0,0.0,0.0,0.0,0.0
2,0.0,4,360.1047773347959,1000.0,0.0,572.0,68.75429294517082,13.515909376907883,1579.0,266.92184010344783,57.97725944094367,146.0,24.326294961668673,5.196229461495546,0.0,0.0,0.0,0.0,0.0,0.0
3,0.0,13,360.3753566166874,1000.0,1000.0,560.0,67.70156782712617,13.55127376196305,1718.0,292.3312287962743,62.35293686377214,0.0,0.0,0.0,0.0,0.0,0.0,0.0,0.0,0.0
4,0.054,10,360.6067744562546,2000.0,0.0,575.0,69.99706330545892,14.655947858012583,1443.0,241.95192135628406,51.84980835267842,247.0,42.98293300198182,9.472399201766379,13.0,1.3,0.13000000000000006,82.0,3.8346494039234336,0.18004115226337425
5,0.0,11,360.0677316879056,2000.0,1000.0,543.0,70.8450495674878,15.249461390948762,1331.0,228.31849275802776,49.27974176120145,345.0,60.86580888675133,13.232840765744282,0.0,0.0,0.0,0.0,0.0,0.0
6,0.054,10,360.6895486017395,3000.0,0.0,566.0,68.42000059621056,13.172433674679535,1274.0,220.24960572739545,47.87696654615815,416.0,66.95459461592759,13.68740932192896,12.0,1.2,0.12000000000000005,72.0,3.3525098871469017,0.15646433470507534
7,0.054,8,360.0733534992373,3000.0,1000.0,568.0,69.31526857169052,14.050506416884906,1489.0,249.23524681589302,53.282377265498354,214.0,36.379982422304415,7.753260817610644,13.0,1.3,0.13000000000000006,81.0,3.7883531076271377,0.1778978052126198
