id,probability_maraud,successful_mating,next_foraging_time,x_pos,y_pos,foraging_events,foraging_hrs,foraging_sqhrs,staying_events,staying_hrs,staying_sqhrs,repairing_events,repairing_hrs,repairing_sqhrs,marauding_events,marauding_hrs,marauding_sqhrs,traveling_events,traveling_hrs,traveling_sqhrs
0,0.0,4,360.1852991120574,0.0,0.0,573.0,70.2628733124002,14.619029216715315,1477.0,249.8946441498708,53.59849591267897,241.0,39.974896234133915,8.295060997508886,0.0,0.0,0.0,0.0,0.0,0.0
1,0.0,14,360.2438228496946,0.0,1000.0,574.0,69.87282332691566,13.98489369787188,1724.0,290.2752451989073,62.549555467905975,0.0,0.0,0.0,0.0,0.0,0.0,0.0,0.0,0.0
2,0.054,13,359.94871619598626,1000.0,0.0,567.0,69.9078861100419,13.481597186659535,1531.0,259.7346413272677,55.94863628142721,152.0,24.23044919158256,4.835176418766928,20.0,2.0000000000000004,0.20000000000000012,88.0,4.169956843141921,0.19933127572016432
3,0.0,7,359.9348070652092,1000.0,1000.0,575.0,73.90010083307749,16.538305191570842,1395.0,232.48251781016432,48.70726766840304,320.0,53.80663154309798,11.623096690906413,0.0,0.0,0.0,0.0,0.0,0.0
4,0.054,13,360.0110441007931,2000.0,0.0,580.0,71.18606339803281,14.361665721307908,1242.0,211.17045667814466,45.013020007659144,445.0,73.1789510973757,15.3009667275953,12.0,1.2,0.12000000000000005,69.0,3.27115065969872,0.15646433470507534
5,0.0,10,360.3821302598723,2000.0,1000.0,575.0,70.46287602048767,14.488262207424862,1539.0,258.86567260697814,55.5147680613995,184.0,30.83594070017622,6.617064845366933,0.0,0.0,0.0,0.0,0.0,0.0
6,0.054,5,360.0280258406691,3000.0,0.0,559.0,71.24944910560569,14.492992425491696,1504.0,258.41543918748334,55.80466612383662,152.0,24.47385968558608,5.016186183329369,16.0,1.6000000000000003,0.1600000000000001,90.0,4.281725989548082,0.20576131687242763
7,0.0,6,360.3316953372025,3000.0,1000.0,583.0,73.37075181161993,15.352282686551108,1432.0,244.24055310946525,52.8591736806276,262.0,42.62603964787784,8.983463358674014,0.0,0.0,0.0,0.0,0.0,0.0
