id,probability_maraud,successful_mating,next_foraging_time,x_pos,y_pos,foraging_events,foraging_hrs,foraging_sqhrs,staying_events,staying_hrs,staying_sqhrs,repairing_events,repairing_hrs,repairing_sqhrs,marauding_events,marauding_hrs,marauding_sqhrs,traveling_events,traveling_hrs,traveling_sqhrs
0,0.054,8,360.1501563610353,0.0,0.0,565.0,69.08470287853358,13.95242754632004,1692.0,284.82350665646175,60.76964218645312,0.0,0.0,0.0,17.0,1.7000000000000004,0.1700000000000001,97.0,4.509917294554314,0.21004801097393652
1,0.0,6,360.0321662188323,0.0,1000.0,580.0,72.59150008021953,15.203036365868842,1347.0,232.27132908183103,50.22002500648612,324.0,55.19506930931663,11.894509517864751,0.0,0.0,0.0,0.0,0.0,0.0
2,0.0,9,360.2577469798712,1000.0,0.0,572.0,67.54042764951117,13.521375079788212,1441.0,243.67828483468924,52.2817078158233,296.0,48.80595558250994,10.246810019267532,0.0,0.0,0.0,0.0,0.0,0.0
3,0.0,16,360.0609837052781,1000.0,1000.0,552.0,72.8794671586226,16.687971462032476,1541.0,262.7773474868026,56.80564050257271,138.0,24.388241608934038,5.221874564911053,0.0,0.0,0.0,0.0,0.0,0.0
4,0.0,12,360.8550376402326,2000.0,0.0,561.0,70.37923376843209,15.140522794739091,1270.0,216.61156898046966,46.47563333990019,435.0,73.1022230861502,15.642139419910611,0.0,0.0,0.0,0.0,0.0,0.0
5,0.054,11,360.4798991315509,2000.0,1000.0,582.0,72.79941826863741,14.944260094230673,1659.0,282.09167751163653,61.22208386694413,0.0,0.0,0.0,12.0,1.2,0.12000000000000005,89.0,4.12037037037037,0.19075788751714648
6,0.054,7,360.2756662266506,3000.0,0.0,568.0,67.40216669746582,13.489331414058036,1711.0,285.83180903581786,61.36045404003267,0.0,0.0,0.0,16.0,1.6000000000000003,0.1600000000000001,116.0,5.389546924183951,0.250771604938271
7,0.0,3,360.2906709387347,3000.0,1000.0,566.0,71.37407074015054,14.593148342110775,1283.0,215.65829890151974,45.63848082474508,425.0,73.04829704678819,15.495738110510962,0.0,0.0,0.0,0.0,0.0,0.0
