id,probability_maraud,successful_mating,next_foraging_time,x_pos,y_pos,foraging_events,foraging_hrs,foraging_sqhrs,staying_events,staying_hrs,staying_sqhrs,repairing_events,repairing_hrs,repairing_sqhrs,marauding_events,marauding_hrs,marauding_sqhrs,traveling_events,traveling_hrs,traveling_sqhrs
0,0.054,8,360.0175144136853,0.0,0.0,576.0,68.25970861994591,12.775551771347397,1404.0,238.38818906431274,51.75318650105752,267.0,49.05284167078683,11.186875852971763,9.0,0.8999999999999999,0.09000000000000002,75.0,3.4913987760357905,0.16289437585733868
1,0.054,8,360.1452121494482,0.0,1000.0,567.0,74.62733083928616,16.372779580555857,1324.0,225.85571938815332,48.68990066125942,332.0,54.90670830404999,11.465869255475031,14.0,1.4000000000000001,0.14000000000000007,71.0,3.3253901446641745,0.15646433470507537
2,0.0,7,360.6078632191276,1000.0,0.0,575.0,70.6046432553403,14.376445824529235,1430.0,240.3931663163833,51.174991920198075,291.0,49.09600488629236,10.580801473947123,0.0,0.0,0.0,0.0,0.0,0.0
3,0.054,12,360.63441353480516,1000.0,1000.0,566.0,70.33562613667344,14.900747065124955,1457.0,248.17363850724223,53.64482299377369,224.0,36.477651206738386,7.5493698289760145,14.0,1.4000000000000001,0.14000000000000007,79.0,3.6765839612209756,0.17146776406035646
4,0.0,17,360.14899362655115,2000.0,0.0,556.0,72.03358849169422,16.618303693090063,1696.0,288.0331647396706,61.731379457276645,0.0,0.0,0.0,0.0,0.0,0.0,0.0,0.0,0.0
5,0.0,6,360.1999884556498,2000.0,1000.0,566.0,72.17022504944272,15.254181195481067,1472.0,251.20446204994784,54.26911690277119,220.0,36.65507669330994,7.751848929933743,0.0,0.0,0.0,0.0,0.0,0.0
6,0.0,6,360.65698700883297,3000.0,0.0,561.0,73.07711430657507,16.259124660766044,1687.0,287.1235443267963,61.889383702723215,0.0,0.0,0.0,0.0,0.0,0.0,0.0,0.0,0.0
7,0.0,8,360.05823445187025,3000.0,1000.0,564.0,73.29915763796022,17.12339753851335,1668.0,286.7136311634195,61.426614581784726,0.0,0.0,0.0,0.0,0.0,0.0,0.0,0.0,0.0
