id,probability_maraud,successful_mating,next_foraging_time,x_pos,y_pos,foraging_events,foraging_hrs,foraging_sqhrs,staying_events,staying_hrs,staying_sqhrs,repairing_events,repairing_hrs,repairing_sqhrs,marauding_events,marauding_hrs,marauding_sqhrs,traveling_events,traveling_hrs,traveling_sqhrs
0,0.0,5,360.462527499255,0.0,0.0,561.0,70.67095823108916,15.007373175639136,1734.0,289.47274858280673,60.576006710816976,0.0,0.0,0.0,0.0,0.0,0.0,0.0,0.0,0.0
1,0.0,10,360.0861423976382,0.0,1000.0,566.0,67.59122836086212,13.915476049547927,1754.0,292.4721755449413,62.533788021255916,0.0,0.0,0.0,0.0,0.0,0.0,0.0,0.0,0.0
2,0.0,11,360.50349366339253,1000.0,0.0,564.0,69.67727959661033,14.429874965960767,1537.0,265.94816897698246,57.34727584527164,137.0,24.427932475197373,5.658748934791736,0.0,0.0,0.0,0.0,0.0,0.0
3,0.0,14,360.05609132978094,1000.0,1000.0,570.0,72.66988759560559,15.532153169940843,1674.0,287.37405851184343,61.91671276115849,0.0,0.0,0.0,0.0,0.0,0.0,0.0,0.0,0.0
4,0.054,12,360.511099619969,2000.0,0.0,575.0,74.36222286072703,15.4652907292215,1387.0,238.3629023817167,51.66520590281925,257.0,42.87983396940926,8.91121831504553,13.0,1.3,0.13000000000000006,70.0,3.24074074074074,0.150034293552812
5,0.0,8,360.5797747752524,2000.0,1000.0,563.0,69.44286356727575,14.082733171333937,1389.0,234.62661749614583,50.54880804159545,350.0,56.179899797767824,11.589014438812667,0.0,0.0,0.0,0.0,0.0,0.0
6,0.054,5,360.12103035404033,3000.0,0.0,561.0,72.22124350773065,14.869570843186082,1269.0,216.6443666675722,46.519934723214966,393.0,66.29235158028817,14.337181755744643,14.0,1.4000000000000001,0.14000000000000007,75.0,3.4913987760357905,0.16289437585733868
7,0.054,7,359.997360189248,3000.0,1000.0,566.0,71.26927449187761,14.327811121528093,1375.0,234.3706961283262,50.517146467307946,276.0,49.06046337111175,10.8027591387172,13.0,1.3,0.13000000000000006,88.0,4.112427181701213,0.19290123456790093
