id,probability_maraud,successful_mating,next_foraging_time,x_pos,y_pos,foraging_events,foraging_hrs,foraging_sqhrs,staying_events,staying_hrs,staying_sqhrs,repairing_events,repairing_hrs,repairing_sqhrs,marauding_events,marauding_hrs,marauding_sqhrs,traveling_events,traveling_hrs,traveling_sqhrs
0,0.0,4,360.5070832172095,0.0,0.0,563.0,70.27159956221301,14.875545051714226,1459.0,253.20671499343905,55.40217084634985,219.0,36.55267240009387,7.810456890502414,0.0,0.0,0.0,0.0,0.0,0.0
1,0.0,10,359.8090568154224,0.0,1000.0,561.0,69.2835098702389,14.757523289189596,1566.0,266.2176211089777,57.54850287107183,140.0,24.499094557103437,5.458575840827329,0.0,0.0,0.0,0.0,0.0,0.0
2,0.054,10,359.96274798690365,1000.0,0.0,575.0,70.85026434231082,14.464553320206228,1520.0,259.77648513127133,56.30141233810168,142.0,24.453343866637884,5.253166189460213,12.0,1.2,0.12000000000000005,82.0,3.892179065364141,0.18647119341563761
3,0.054,14,360.70010762365905,1000.0,1000.0,555.0,70.83193743968538,15.10274306380137,1270.0,211.6694962829503,45.168007937757324,429.0,73.43158442763922,16.337686090144665,13.0,1.3,0.13000000000000006,65.0,3.0667889206999663,0.14574759945130314
4,0.0,5,359.9688592500588,2000.0,0.0,574.0,70.12228191902919,13.633511502256269,1496.0,253.10406876659582,53.65923763277693,223.0,36.77877195820119,7.7941806774045626,0.0,0.0,0.0,0.0,0.0,0.0
5,0.054,12,360.58645316989777,2000.0,1000.0,559.0,73.63190934150235,15.431864519309903,1523.0,257.30114688236847,54.431285121078794,141.0,24.26193293940158,5.162230143989975,14.0,1.4000000000000001,0.14000000000000007,75.0,3.5105753298493596,0.16503772290809313
6,0.0,9,360.02518095556695,3000.0,0.0,556.0,71.87936329215968,16.41431874639445,1669.0,288.16939387365125,62.429871055698776,0.0,0.0,0.0,0.0,0.0,0.0,0.0,0.0,0.0
7,0.0,8,360.4221833659442,3000.0,1000.0,578.0,69.83816350141153,15.032965645754835,1628.0,272.07894478701525,57.14146969574778,107.0,18.17321999919573,3.9443235854409915,0.0,0.0,0.0,0.0,0.0,0.0
