id,probability_maraud,successful_mating,next_foraging_time,x_pos,y_pos,foraging_events,foraging_hrs,foraging_sqhrs,staying_events,staying_hrs,staying_sqhrs,repairing_events,repairing_hrs,repairing_sqhrs,marauding_events,marauding_hrs,marauding_sqhrs,traveling_events,traveling_hrs,traveling_sqhrs
0,0.054,10,360.4392010593105,0.0,0.0,569.0,72.31273568297519,15.36098272136892,1641.0,280.89694398567997,60.6506626745976,0.0,0.0,0.0,17.0,1.7000000000000004,0.1700000000000001,111.0,5.177241996516037,0.24219821673525319
1,0.0,7,360.25920235467817,0.0,1000.0,559.0,68.80580826894544,13.591688370757698,1302.0,217.533940955161,46.23823588227973,426.0,73.83515981260418,15.928353221920693,0.0,0.0,0.0,0.0,0.0,0.0
2,0.0,4,360.1170554509752,1000.0,0.0,567.0,74.53751303572965,15.250288688593075,1118.0,191.46770683036735,40.91720247677296,559.0,94.09038542564457,20.04959040535268,0.0,0.0,0.0,0.0,0.0,0.0
3,0.054,17,360.6857933149124,1000.0,1000.0,551.0,70.93354754310876,15.284811678000041,1598.0,275.5323200968522,59.67031628847334,37.0,6.159785934272696,1.3676035270499152,19.0,1.9000000000000006,0.1900000000000001,118.0,5.5396691782172525,0.2614883401920434
4,0.0,16,360.10533583197616,2000.0,0.0,564.0,68.57959711019225,13.36813602248221,1725.0,291.46929556153543,61.79067861277994,0.0,0.0,0.0,0.0,0.0,0.0,0.0,0.0,0.0
5,0.0,10,360.5465640708746,2000.0,1000.0,569.0,68.29562008661121,14.102964736539366,1155.0,194.63032732158683,41.54797519919224,571.0,97.34470689045527,21.066802890259176,0.0,0.0,0.0,0.0,0.0,0.0
6,0.0,4,360.6313686503758,3000.0,0.0,566.0,68.99315924140593,13.219783307681404,1392.0,236.63228500981452,50.95684393857093,316.0,54.60033652409524,11.58213997634337,0.0,0.0,0.0,0.0,0.0,0.0
7,0.054,4,360.1329464398173,3000.0,1000.0,579.0,68.75244239284098,13.766092826442307,1706.0,284.7946008959261,59.47842324257498,0.0,0.0,0.0,18.0,1.8000000000000005,0.1800000000000001,101.0,4.760575329849367,0.22719478737997212
