id,probability_maraud,successful_mating,next_foraging_time,x_pos,y_pos,foraging_events,foraging_hrs,foraging_sqhrs,staying_events,staying_hrs,staying_sqhrs,repairing_events,repairing_hrs,repairing_sqhrs,marauding_events,marauding_hrs,marauding_sqhrs,traveling_events,traveling_hrs,traveling_sqhrs
0,0.0,6,360.53667420545656,0.0,0.0,568.0,69.90343556866678,14.951565005182502,1356.0,229.5746891666649,49.16839687235813,371.0,60.64557942613663,12.334940547588742,0.0,0.0,0.0,0.0,0.0,0.0
1,0.054,6,359.8997789412613,0.0,1000.0,573.0,71.27522189221155,15.261203583743452,1639.0,282.17249950823424,61.05485130442505,0.0,0.0,0.0,19.0,1.9000000000000006,0.1900000000000001,100.0,4.667982737256773,0.2186213991769543
2,0.0,10,360.40892838989504,1000.0,0.0,585.0,69.10228843760363,14.045970663461087,1668.0,284.83387571736705,61.41882892372802,37.0,6.085695920384646,1.2060871347973467,0.0,0.0,0.0,0.0,0.0,0.0
3,0.0,12,360.2757078594375,1000.0,1000.0,553.0,72.64779542311851,16.341188602650128,1384.0,238.44981605707974,52.02148435319674,277.0,48.986078665567184,10.683688184887057,0.0,0.0,0.0,0.0,0.0,0.0
4,0.0,11,360.38614410053407,2000.0,0.0,567.0,70.08140943244793,14.430917351433102,1512.0,259.5111077924556,56.20783445883538,188.0,30.506076022781098,6.058362688253453,0.0,0.0,0.0,0.0,0.0,0.0
5,0.0,10,360.15493899389475,2000.0,1000.0,563.0,69.50385461769885,14.108412334477118,1475.0,241.87900011957854,50.68309179501139,277.0,48.74018102460743,10.692475643891207,0.0,0.0,0.0,0.0,0.0,0.0
6,0.054,7,360.3104621815319,3000.0,0.0,562.0,72.42057720073758,15.890445640079191,1370.0,226.90707100150703,48.197934875495264,335.0,55.22117028523856,11.57688141482567,19.0,1.9000000000000006,0.1900000000000001,80.0,3.722880257517272,0.1736111111111109
7,0.054,10,360.4449896747875,3000.0,1000.0,574.0,66.89855598749311,12.639573543583952,1235.0,208.18312005608655,44.80472321480483,502.0,80.28646686152244,16.56740755688824,17.0,1.7000000000000004,0.1700000000000001,63.0,2.9550197742938042,0.13931755829903977
