id,probability_maraud,successful_mating,next_foraging_time,x_pos,y_pos,foraging_events,foraging_hrs,foraging_sqhrs,staying_events,staying_hrs,staying_sqhrs,repairing_events,repairing_hrs,repairing_sqhrs,marauding_events,marauding_hrs,marauding_sqhrs,traveling_events,traveling_hrs,traveling_sqhrs
0,0.0,8,360.10942025105385,0.0,0.0,572.0,67.14983612802816,12.653685284955593,1458.0,250.01088883822473,53.99249855992483,249.0,42.85162908168749,9.589750815413678,0.0,0.0,0.0,0.0,0.0,0.0
1,0.054,4,360.2768117392032,0.0,1000.0,562.0,71.16018051050992,14.21226926913731,1660.0,283.07805710572575,61.18983203011141,0.0,0.0,0.0,13.0,1.3,0.13000000000000006,96.0,4.463620998258017,0.20790466392318208
2,0.0,13,360.01876324213174,1000.0,0.0,552.0,73.11372956456906,16.385158595875822,1641.0,281.09707786921666,61.145277196831515,35.0,6.0384447689080645,1.3288427133809972,0.0,0.0,0.0,0.0,0.0,0.0
3,0.0,10,359.8807188310085,1000.0,1000.0,574.0,66.3979020942702,12.644652071784492,1531.0,263.1642444321386,57.178909131525046,176.0,30.45298776537849,6.796150461443151,0.0,0.0,0.0,0.0,0.0,0.0
4,0.0,10,360.7307933891836,2000.0,0.0,570.0,75.20123001802257,17.883894378578344,1313.0,224.0855953434646,48.40864507067587,353.0,60.956048709529966,13.333032359450577,0.0,0.0,0.0,0.0,0.0,0.0
5,0.0,10,360.0578202463126,2000.0,1000.0,568.0,68.24620196976905,13.557207260571381,1593.0,267.3533039497176,56.63991731781357,140.0,24.48334028663936,5.601500026443503,0.0,0.0,0.0,0.0,0.0,0.0
6,0.054,5,360.08205555328095,3000.0,0.0,570.0,70.26325135372593,14.421048413285806,1297.0,217.03662241769644,45.78602016047003,415.0,67.28847414730956,13.993761902097278,14.0,1.4000000000000001,0.14000000000000007,86.0,4.058187696735757,0.19290123456790098
7,0.054,12,360.1484144876793,3000.0,1000.0,569.0,71.61778045663985,15.056910460137471,1498.0,252.36791205798966,53.88731610830778,180.0,30.550862293021705,6.674783073957795,16.0,1.6000000000000003,0.1600000000000001,84.0,3.946418550329595,0.18647119341563761
