id,probability_maraud,successful_mating,next_foraging_time,x_pos,y_pos,foraging_events,foraging_hrs,foraging_sqhrs,staying_events,staying_hrs,staying_sqhrs,repairing_events,repairing_hrs,repairing_sqhrs,marauding_events,marauding_hrs,marauding_sqhrs,traveling_events,traveling_hrs,traveling_sqhrs
0,0.0,4,359.8766192665294,0.0,0.0,565.0,70.01115163176081,14.547377673033001,1351.0,228.89508769218364,49.353767786243104,366.0,61.122693298748175,12.734943109376564,0.0,0.0,0.0,0.0,0.0,0.0
1,0.054,11,360.18519561492604,0.0,1000.0,581.0,71.8771814799237,15.86153608773067,1482.0,252.80684185587725,55.18003072149824,169.0,30.34242879893223,6.6691592052819795,15.0,1.5000000000000002,0.15000000000000008,78.0,3.6111111111111103,0.16718106995884757
2,0.0,13,359.9010361833443,1000.0,0.0,556.0,73.09046013266052,17.11792033118887,1585.0,268.78634317768586,57.29143987665904,100.0,18.14128235645668,3.8963528306164927,0.0,0.0,0.0,0.0,0.0,0.0
3,0.054,3,360.00433780297584,1000.0,1000.0,559.0,67.34880180374579,14.06932462584511,1339.0,233.70087560532608,51.05592753294568,332.0,54.67653368908821,11.940340217984183,10.0,0.9999999999999999,0.10000000000000003,74.0,3.5026321411802015,0.1671810699588476
4,0.0,11,360.4801150695616,2000.0,0.0,575.0,67.62909866972755,13.34105808594428,1666.0,274.2993272942069,57.54893036106354,105.0,18.192843626788644,3.923372158265836,0.0,0.0,0.0,0.0,0.0,0.0
5,0.054,12,360.35401787824316,2000.0,1000.0,564.0,71.42047922497444,15.131645963674007,1625.0,270.6128835287287,57.97557950599919,73.0,12.21665137208992,2.81439060260813,13.0,1.3,0.13000000000000006,99.0,4.660039548587615,0.22076474622770878
6,0.0,11,360.27208875181447,3000.0,0.0,561.0,73.74391276428909,16.18032187532139,1701.0,286.2730976228133,61.45372526857351,0.0,0.0,0.0,0.0,0.0,0.0,0.0,0.0,0.0
7,0.0,7,359.9780399116614,3000.0,1000.0,565.0,69.68243232396793,14.2424946375024,1517.0,253.9445383186552,53.55620379575518,216.0,36.480429710272226,7.681585940779689,0.0,0.0,0.0,0.0,0.0,0.0
