id,probability_maraud,successful_mating,next_foraging_time,x_pos,y_pos,foraging_events,foraging_hrs,foraging_sqhrs,staying_events,staying_hrs,staying_sqhrs,repairing_events,repairing_hrs,repairing_sqhrs,marauding_events,marauding_hrs,marauding_sqhrs,traveling_events,traveling_hrs,traveling_sqhrs
0,0.054,8,359.8954398917926,0.0,0.0,579.0,68.36314951068445,13.09184269631958,1707.0,284.6888555079206,60.595656464564605,0.0,0.0,0.0,22.0,2.2000000000000006,0.22000000000000014,101.0,4.752632141180208,0.22505144032921764
1,0.0,8,359.90158858673675,0.0,1000.0,576.0,70.12774729039447,14.64949937114695,1268.0,217.09790182627282,46.625604555699,450.0,72.87589470665607,15.025032190773928,0.0,0.0,0.0,0.0,0.0,0.0
2,0.0,3,359.9818820890583,1000.0,0.0,565.0,67.48873721519303,13.750257851986907,1291.0,219.82146734547615,47.616541888915755,421.0,72.83592058734313,15.86658946378757,0.0,0.0,0.0,0.0,0.0,0.0
3,0.0,13,360.06353089853184,1000.0,1000.0,568.0,70.13831682939305,13.857363432857973,1675.0,283.7589158902192,60.803565637029315,35.0,6.152385358091045,1.332142126745869,0.0,0.0,0.0,0.0,0.0,0.0
4,0.054,13,359.8621337059623,2000.0,0.0,572.0,71.02665201160454,14.183398568394614,1630.0,278.3495024077038,60.22302936306443,36.0,6.235277534832873,1.4037684734754416,11.0,1.0999999999999999,0.11000000000000004,70.0,3.2982704021814473,0.15646433470507534
5,0.0,9,360.52621877079923,2000.0,1000.0,564.0,72.03619477184407,15.397362251674611,1310.0,220.3990578495202,47.16780064303089,389.0,67.58692977668775,14.923467819468158,0.0,0.0,0.0,0.0,0.0,0.0
6,0.0,10,360.2614409946043,3000.0,0.0,565.0,72.2971538323681,15.649594315062869,1439.0,244.80099666955437,52.33540412046271,255.0,42.91350825815068,9.206627002031192,0.0,0.0,0.0,0.0,0.0,0.0
7,0.054,8,360.43015499986285,3000.0,1000.0,568.0,69.22279937361994,14.044465384521027,1665.0,286.23137543992107,62.02434754426719,0.0,0.0,0.0,11.0,1.0999999999999999,0.11000000000000004,76.0,3.556871626145656,0.16718106995884757
