id,probability_maraud,successful_mating,next_foraging_time,x_pos,y_pos,foraging_events,foraging_hrs,foraging_sqhrs,staying_events,staying_hrs,staying_sqhrs,repairing_events,repairing_hrs,repairing_sqhrs,marauding_events,marauding_hrs,marauding_sqhrs,traveling_events,traveling_hrs,traveling_sqhrs
0,0.0,8,360.5245355003119,0.0,0.0,572.0,71.04537482098019,15.075324978163612,1426.0,240.18254879991377,50.694453394785626,292.0,48.84085786778556,10.337148968718127,0.0,0.0,0.0,0.0,0.0,0.0
1,0.054,6,360.348781929944,0.0,1000.0,568.0,68.52390798687462,13.700735136027506,1690.0,285.89847541405624,61.244738367245645,0.0,0.0,0.0,14.0,1.4000000000000001,0.14000000000000007,90.0,4.243372881920944,0.20147462277091874
2,0.0,9,360.04863629901087,1000.0,0.0,556.0,69.6642812128048,14.587426489854758,1471.0,253.41687397702984,54.7759167483076,221.0,36.960895869529644,7.911159383123965,0.0,0.0,0.0,0.0,0.0,0.0
3,0.0,18,360.6340460958158,1000.0,1000.0,557.0,69.45165168095727,15.25578228345489,1497.0,253.96507755927814,54.250779019304346,210.0,36.848199477876555,8.119488571101083,0.0,0.0,0.0,0.0,0.0,0.0
4,0.054,8,359.80797246256753,2000.0,0.0,556.0,69.21215242111843,14.321792202323818,1444.0,242.245176732303,52.69815637062372,256.0,42.56856234327489,8.777127973810698,20.0,2.0000000000000004,0.20000000000000012,86.0,4.00065803529505,0.1864711934156376
5,0.0,14,360.3609223022566,2000.0,1000.0,563.0,71.7687325324342,15.504419339097916,1494.0,245.33655755578658,51.62733053611866,272.0,42.97328181187773,8.711130970081548,0.0,0.0,0.0,0.0,0.0,0.0
6,0.054,4,360.24994684567474,3000.0,0.0,566.0,72.98013482550682,14.678288602983736,1455.0,243.24171615825657,51.815231124803134,246.0,37.95086473815319,7.468028007380861,15.0,1.5000000000000002,0.15000000000000008,93.0,4.343908663182696,0.20361796982167316
7,0.0,5,360.01137057228505,3000.0,1000.0,556.0,75.48133523579833,16.806686110082804,1378.0,235.7454968693908,51.1995996516663,295.0,48.94270926257466,10.425523803008954,0.0,0.0,0.0,0.0,0.0,0.0
