id,probability_maraud,successful_mating,next_foraging_time,x_pos,y_pos,foraging_events,foraging_hrs,foraging_sqhrs,staying_events,staying_hrs,staying_sqhrs,repairing_events,repairing_hrs,repairing_sqhrs,marauding_events,marauding_hrs,marauding_sqhrs,traveling_events,traveling_hrs,traveling_sqhrs
0,0.0,5,360.1065312543911,0.0,0.0,569.0,64.60586025826993,12.495660424913195,1552.0,264.7546356999731,57.5078741547327,172.0,30.645061770517927,6.83574558607385,0.0,0.0,0.0,0.0,0.0,0.0
1,0.054,2,359.9892635999489,0.0,1000.0,570.0,70.90409977689973,15.261815751615083,1550.0,265.28377486202766,57.4812890626796,108.0,18.048662610789687,3.833409865761486,14.0,1.4000000000000001,0.14000000000000007,97.0,4.567446955995021,0.2164780521261999
2,0.0,14,360.0899450536515,1000.0,0.0,554.0,67.25973246610495,13.666462054738863,1204.0,208.00288876163123,46.31300121373724,481.0,84.8348171272458,18.581070541717033,0.0,0.0,0.0,0.0,0.0,0.0
3,0.054,10,360.2878315021163,1000.0,1000.0,569.0,71.53694975394096,15.651944583821859,1404.0,240.13520999875865,51.80884838874833,255.0,43.16534980324204,9.148494685162902,15.0,1.5000000000000002,0.15000000000000008,80.0,3.722880257517272,0.1736111111111109
4,0.054,16,360.5694135686118,2000.0,0.0,559.0,73.97875735272137,16.17867368565537,1658.0,281.21388990840376,61.03092351647798,0.0,0.0,0.0,13.0,1.3,0.13000000000000006,79.0,3.695760515034545,0.1736111111111109
5,0.0,13,360.17312212730565,2000.0,1000.0,566.0,68.47708563244267,13.667052497298421,1388.0,236.62333114138573,50.28541674276403,329.0,54.998640214187404,11.645330804422944,0.0,0.0,0.0,0.0,0.0,0.0
6,0.0,7,360.01659596255865,3000.0,0.0,558.0,67.02957451313267,13.110297891813511,1605.0,268.66129912107897,57.348720376185355,137.0,24.33601277028,5.470720555122309,0.0,0.0,0.0,0.0,0.0,0.0
7,0.0,5,360.2627234323713,3000.0,1000.0,567.0,66.65647318762564,13.100022352663574,1716.0,293.4580334849083,62.845717099877504,0.0,0.0,0.0,0.0,0.0,0.0,0.0,0.0,0.0
