id,probability_maraud,successful_mating,next_foraging_time,x_pos,y_pos,foraging_events,foraging_hrs,foraging_sqhrs,staying_events,staying_hrs,staying_sqhrs,repairing_events,repairing_hrs,repairing_sqhrs,marauding_events,marauding_hrs,marauding_sqhrs,traveling_events,traveling_hrs,traveling_sqhrs
0,0.054,11,360.27068594603315,0.0,0.0,569.0,68.09051025424401,13.092194454939195,1670.0,284.74029702159595,61.47903623338171,0.0,0.0,0.0,19.0,1.9000000000000006,0.1900000000000001,114.0,5.354483993032066,0.25291495198902547
1,0.0,4,360.10534168043466,0.0,1000.0,560.0,70.18304568472054,14.324010934603725,1257.0,210.43395206513046,44.88844140382838,461.0,79.58464127820018,17.443602439956564,0.0,0.0,0.0,0.0,0.0,0.0
2,0.0,8,360.3901150505457,1000.0,0.0,558.0,71.14546419477996,14.847022239102172,1240.0,209.01101022288057,44.67093306402586,460.0,79.86073865456142,17.372828361853276,0.0,0.0,0.0,0.0,0.0,0.0
3,0.054,12,360.5355093122682,1000.0,1000.0,559.0,75.48094194184466,16.842548238693986,1642.0,278.30324585961694,59.11297053345092,4.0,0.6309802529364807,0.12737678124236926,14.0,1.4000000000000001,0.14000000000000007,94.0,4.390204959478993,0.20576131687242766
4,0.0,8,360.42632033653416,2000.0,0.0,556.0,71.91263425897593,15.745544653614429,1400.0,233.3959358258212,48.9878132100609,313.0,54.80112952458821,12.10973588699312,0.0,0.0,0.0,0.0,0.0,0.0
5,0.0,9,359.9466054268509,2000.0,1000.0,554.0,68.91309850409327,14.180752484740992,1537.0,260.71007196653414,56.151015756238344,169.0,30.538522101708885,6.9259544705546645,0.0,0.0,0.0,0.0,0.0,0.0
6,0.054,14,359.94386469472664,3000.0,0.0,565.0,70.06025009522439,13.788884724098601,1687.0,284.6209568850841,60.67578110991814,0.0,0.0,0.0,14.0,1.4000000000000001,0.14000000000000007,84.0,3.946418550329595,0.18647119341563761
7,0.0,6,360.14058259826305,3000.0,1000.0,570.0,72.58510243247075,15.397053810396205,1460.0,250.86427651612382,54.238249813614196,222.0,36.5515509022389,7.6462358936075,0.0,0.0,0.0,0.0,0.0,0.0
