id,probability_maraud,successful_mating,next_foraging_time,x_pos,y_pos,foraging_events,foraging_hrs,foraging_sqhrs,staying_events,staying_hrs,staying_sqhrs,repairing_events,repairing_hrs,repairing_sqhrs,marauding_events,marauding_hrs,marauding_sqhrs,traveling_events,traveling_hrs,traveling_sqhrs
0,0.0,9,360.3035694679023,0.0,0.0,561.0,72.41034544651673,16.38899771377683,1500.0,251.01122064554968,53.13216266727419,208.0,36.6349884622934,8.004289312639715,0.0,0.0,0.0,0.0,0.0,0.0
1,0.054,8,360.0156896210714,0.0,1000.0,558.0,71.65339968200308,16.03488658430627,1445.0,240.81332341822497,51.42226704884174,246.0,43.235266096630916,9.733435202764277,8.0,0.7999999999999999,0.08000000000000002,75.0,3.5105753298493596,0.16503772290809313
2,0.054,11,360.28550213570304,1000.0,0.0,575.0,71.31362533647795,14.585451384358935,1409.0,234.58804356211854,50.20915312299578,273.0,48.66292337075327,10.718459489072362,19.0,1.9000000000000006,0.1900000000000001,77.0,3.583991368628383,0.1671810699588476
3,0.054,8,360.60231512733617,1000.0,1000.0,564.0,68.3182405240116,13.945113648377054,1307.0,217.03194494019232,45.52608181301904,417.0,68.62574983897929,14.439324066838063,19.0,1.9000000000000006,0.1900000000000001,88.0,4.131603735514782,0.19504458161865543
4,0.0,9,360.3044869294126,2000.0,0.0,561.0,67.60122336162566,13.135867000319774,1394.0,238.03053700994894,51.47335276034327,328.0,54.56036808536272,11.668638820169445,0.0,0.0,0.0,0.0,0.0,0.0
5,0.0,10,360.30365853207985,2000.0,1000.0,548.0,70.91708101375833,15.882301911795318,1579.0,264.9090903882107,56.13610815672541,146.0,24.311233749684654,5.361841794475462,0.0,0.0,0.0,0.0,0.0,0.0
6,0.0,10,360.26717620882164,3000.0,0.0,561.0,67.83426774763409,13.716117817066523,1714.0,292.1825943929612,63.71275519238373,0.0,0.0,0.0,0.0,0.0,0.0,0.0,0.0,0.0
7,0.0,7,360.0734945453285,3000.0,1000.0,574.0,67.48225269783897,13.200802174355582,1753.0,292.6520303839306,62.59101023173814,0.0,0.0,0.0,0.0,0.0,0.0,0.0,0.0,0.0
