id,probability_maraud,successful_mating,next_foraging_time,x_pos,y_pos,foraging_events,foraging_hrs,foraging_sqhrs,staying_events,staying_hrs,staying_sqhrs,repairing_events,repairing_hrs,repairing_sqhrs,marauding_events,marauding_hrs,marauding_sqhrs,traveling_events,traveling_hrs,traveling_sqhrs
0,0.0,6,360.3645698914662,0.0,0.0,561.0,71.43824982069457,15.191206588328903,1492.0,252.1126525538642,53.36047642819528,211.0,36.501793452806666,8.076264510165982,0.0,0.0,0.0,0.0,0.0,0.0
1,0.054,7,360.280351889119,0.0,1000.0,560.0,71.02513094570038,15.399113939117065,1454.0,253.89505035458197,55.29781513919036,176.0,30.177933973495417,6.569618178374077,14.0,1.4000000000000001,0.14000000000000007,76.0,3.576048179959225,0.16932441700960205
2,0.0,11,360.3512167497266,1000.0,0.0,558.0,68.15323997242963,13.739847655641665,1545.0,261.4797474233626,56.02781331255859,170.0,30.388745109924333,7.0330697910035385,0.0,0.0,0.0,0.0,0.0,0.0
3,0.054,15,360.0421618272172,1000.0,1000.0,575.0,67.84173192700884,14.001068004298679,1460.0,244.59421027344604,51.96231541040231,244.0,42.333243959689106,9.415800258369053,13.0,1.3,0.13000000000000006,85.0,4.03106795425303,0.192901234567901
4,0.0,10,360.4897876932287,2000.0,0.0,560.0,71.46315763187992,14.460715811064306,1571.0,264.2853832028148,56.32535154117968,132.0,24.374629270282508,5.524672309485639,0.0,0.0,0.0,0.0,0.0,0.0
5,0.0,12,359.99814290153165,2000.0,1000.0,570.0,70.33119104880493,14.115600850882025,1569.0,265.1433085575478,56.69008959638069,145.0,24.65351403794456,5.389299823798359,0.0,0.0,0.0,0.0,0.0,0.0
6,0.054,5,360.3306279716939,3000.0,0.0,564.0,70.1170925691328,14.710945523345234,1697.0,285.6050638633289,60.70983238500276,0.0,0.0,0.0,10.0,0.9999999999999999,0.10000000000000003,72.0,3.3716864409604708,0.1586076817558298
7,0.0,6,359.8310117122245,3000.0,1000.0,574.0,69.57724941250473,14.818034471198063,1501.0,253.74054001515134,53.72059737053863,209.0,36.83607732843379,8.551520197958292,0.0,0.0,0.0,0.0,0.0,0.0
