id,probability_maraud,successful_mating,next_foraging_time,x_pos,y_pos,foraging_events,foraging_hrs,foraging_sqhrs,staying_events,staying_hrs,staying_sqhrs,repairing_events,repairing_hrs,repairing_sqhrs,marauding_events,marauding_hrs,marauding_sqhrs,traveling_events,traveling_hrs,traveling_sqhrs
0,0.0,7,360.03988688622127,0.0,0.0,573.0,73.02814685820798,15.75615192315019,1310.0,217.11401347571615,46.115431384308515,400.0,70.07040347017198,15.50177881991578,0.0,0.0,0.0,0.0,0.0,0.0
1,0.0,8,360.07272526236665,0.0,1000.0,561.0,71.85992638585195,15.473352449729937,1638.0,282.1269668848939,61.735579982583026,41.0,6.016853555317976,1.1190197826315926,0.0,0.0,0.0,0.0,0.0,0.0
2,0.054,17,360.29679320937015,1000.0,0.0,571.0,72.702360622833,15.45595557780957,1682.0,280.5679898123788,59.59708111276182,0.0,0.0,0.0,25.0,2.500000000000001,0.25000000000000017,90.0,4.243372881920945,0.20147462277091874
3,0.0,11,360.4658577472872,1000.0,1000.0,581.0,72.87049750064493,14.65423375534355,1324.0,220.3217063276182,46.39482268982656,404.0,66.97898580674044,14.078373821384737,0.0,0.0,0.0,0.0,0.0,0.0
4,0.0,5,360.4933457745626,2000.0,0.0,558.0,77.84753386581016,17.268468924085052,1177.0,200.592130385131,43.05308230692472,469.0,81.63168477264313,17.499102849307576,0.0,0.0,0.0,0.0,0.0,0.0
5,0.054,9,360.2678549345352,2000.0,1000.0,572.0,73.82577521378411,16.03929943858173,1636.0,280.8395955510646,60.466639996420895,0.0,0.0,0.0,14.0,1.4000000000000001,0.14000000000000007,84.0,3.984771657956734,0.1907578875171465
6,0.054,7,360.1352217493717,3000.0,0.0,561.0,69.917124579737,14.290702693070843,1653.0,278.948034645925,59.71676562255709,36.0,6.0650495141169225,1.200840597370512,11.0,1.0999999999999999,0.11000000000000004,89.0,4.12037037037037,0.19075788751714648
7,0.0,8,360.24419535089123,3000.0,1000.0,556.0,71.3651869251201,14.624043816350994,1310.0,221.66477372408613,47.94450278109138,399.0,67.05189182262775,14.067728376726148,0.0,0.0,0.0,0.0,0.0,0.0
