id,probability_maraud,successful_mating,next_foraging_time,x_pos,y_pos,foraging_events,foraging_hrs,foraging_sqhrs,staying_events,staying_hrs,staying_sqhrs,repairing_events,repairing_hrs,repairing_sqhrs,marauding_events,marauding_hrs,marauding_sqhrs,traveling_events,traveling_hrs,traveling_sqhrs
0,0.054,10,360.0188708851355,0.0,0.0,568.0,69.1132305449039,13.560484545915306,1685.0,284.12300044868186,60.76545614864055,0.0,0.0,0.0,24.0,2.400000000000001,0.24000000000000016,94.0,4.390204959478993,0.20576131687242763
1,0.0,8,360.1734406658763,0.0,1000.0,563.0,70.19053950464951,14.051684661273375,1251.0,210.38494294615612,45.17329417878218,453.0,79.57576270204096,17.05070674669781,0.0,0.0,0.0,0.0,0.0,0.0
2,0.0,6,360.1722803266746,1000.0,0.0,571.0,71.77542471017995,15.065635251501206,1357.0,226.60298868763587,47.63493432537961,363.0,61.62490163322411,13.171886647690052,0.0,0.0,0.0,0.0,0.0,0.0
3,0.0,17,360.1899677390778,1000.0,1000.0,574.0,69.50149572235506,13.598564534146186,1664.0,284.38718685961754,61.145288740480424,30.0,6.1509332284314855,1.447146744540766,0.0,0.0,0.0,0.0,0.0,0.0
4,0.0,15,359.8956703853401,2000.0,0.0,566.0,71.00084760763505,14.348995118605062,1486.0,249.3745087262461,53.38841947914784,236.0,39.738282678898905,8.411655719859604,0.0,0.0,0.0,0.0,0.0,0.0
5,0.0,9,360.60455862786813,2000.0,1000.0,573.0,72.91903717587923,15.040174693699802,1409.0,238.03925790281892,50.75148972094776,303.0,49.146834573581344,10.323036405709853,0.0,0.0,0.0,0.0,0.0,0.0
6,0.054,4,360.5825238284616,3000.0,0.0,566.0,74.35681528822073,17.833979400856006,1395.0,236.777832339872,51.05969142393768,254.0,43.0912826606538,9.235890662539651,16.0,1.6000000000000003,0.1600000000000001,93.0,4.382261770809834,0.20790466392318208
7,0.054,3,359.9719454754045,3000.0,1000.0,569.0,71.37229964245786,15.181972337997468,1391.0,229.1871376580256,48.163961302275894,331.0,54.52329270025143,11.414013075518357,15.0,1.5000000000000002,0.15000000000000008,78.0,3.6111111111111103,0.16718106995884757
