id,probability_maraud,successful_mating,next_foraging_time,x_pos,y_pos,foraging_events,foraging_hrs,foraging_sqhrs,staying_events,staying_hrs,staying_sqhrs,repairing_events,repairing_hrs,repairing_sqhrs,marauding_events,marauding_hrs,marauding_sqhrs,traveling_events,traveling_hrs,traveling_sqhrs
0,0.0,9,360.00936142430584,0.0,0.0,584.0,68.62454710567788,12.4903373458336,1522.0,260.9536281963925,56.72882358103666,181.0,30.520524063865608,6.566900314065387,0.0,0.0,0.0,0.0,0.0,0.0
1,0.054,5,359.962531821602,0.0,1000.0,561.0,70.80561540190642,14.739787633811787,1661.0,283.8043176234578,61.063430094681564,0.0,0.0,0.0,11.0,1.0999999999999999,0.11000000000000004,94.0,4.390204959478993,0.20576131687242763
2,0.0,13,359.9183033266641,1000.0,0.0,554.0,70.79319069370449,14.713729717909288,1533.0,258.9002640197959,55.73174843984202,183.0,30.366745593415125,6.556685687170076,0.0,0.0,0.0,0.0,0.0,0.0
3,0.0,13,360.3229642984486,1000.0,1000.0,561.0,70.15446555801329,14.794272218765148,1516.0,253.2891206698204,53.90262271233539,214.0,36.57794988618119,8.031937848770255,0.0,0.0,0.0,0.0,0.0,0.0
4,0.054,10,360.50200224663973,2000.0,0.0,569.0,69.4064311303911,14.783163709060739,1691.0,285.095850159954,61.07047168785033,0.0,0.0,0.0,18.0,1.8000000000000005,0.1800000000000001,82.0,3.8346494039234336,0.18004115226337425
5,0.0,10,359.8792289927892,2000.0,1000.0,561.0,69.17423030854809,14.470532559322208,1308.0,224.50400887460154,48.99723209602102,409.0,66.35209048911034,13.590155986657727,0.0,0.0,0.0,0.0,0.0,0.0
6,0.0,4,359.97789637132564,3000.0,0.0,569.0,71.35132346291182,14.771473345348696,1411.0,233.53518738289912,49.52912653976209,329.0,55.1460816912016,11.694872484362621,0.0,0.0,0.0,0.0,0.0,0.0
7,0.054,8,360.38341496506627,3000.0,1000.0,559.0,70.30536971599624,15.042476091596821,1601.0,279.2936982911657,61.702119442754345,37.0,6.062929137670144,1.36298903091137,8.0,0.7999999999999999,0.08000000000000002,82.0,3.7962962962962954,0.17575445816186536
