id,probability_maraud,successful_mating,next_foraging_time,x_pos,y_pos,foraging_events,foraging_hrs,foraging_sqhrs,staying_events,staying_hrs,staying_sqhrs,repairing_events,repairing_hrs,repairing_sqhrs,marauding_events,marauding_hrs,marauding_sqhrs,traveling_events,traveling_hrs,traveling_sqhrs
0,0.054,11,359.8875188348591,0.0,0.0,562.0,72.96617823787352,15.756560889746657,1195.0,203.89892956206472,43.81848184090873,465.0,78.91814165708143,17.244813747776046,11.0,1.0999999999999999,0.11000000000000004,69.0,3.232797552071582,0.15217764060356648
1,0.054,8,360.4278988936989,0.0,1000.0,580.0,75.5568637331602,16.42101939573825,1510.0,254.61921233374142,53.94994708095935,152.0,24.337493012763783,5.288598874735229,14.0,1.4000000000000001,0.14000000000000007,90.0,4.224196328107375,0.1993312757201643
2,0.054,11,360.3305917821191,1000.0,0.0,573.0,70.18555595438731,14.278570045010158,1419.0,242.88851837350234,52.592081671827586,252.0,42.8404892687337,9.23676249506631,8.0,0.7999999999999999,0.08000000000000002,73.0,3.437159291070336,0.16289437585733868
3,0.0,10,360.22163103582767,1000.0,1000.0,574.0,69.13785110685167,14.228499089870462,1466.0,241.8046496952173,50.561720648715294,279.0,49.07787141625799,10.879913852553303,0.0,0.0,0.0,0.0,0.0,0.0
4,0.0,10,359.9714879255076,2000.0,0.0,549.0,72.919072926629,15.368481111783325,1655.0,280.97595022405596,60.57888139386888,34.0,6.283781466236262,1.4841669359404497,0.0,0.0,0.0,0.0,0.0,0.0
5,0.0,10,359.9858254876073,2000.0,1000.0,561.0,75.37033157836751,16.461706657064695,1691.0,284.8378422765271,60.81878384862918,0.0,0.0,0.0,0.0,0.0,0.0,0.0,0.0,0.0
6,0.0,6,360.29729743621374,3000.0,0.0,548.0,67.62276262347534,13.757135210108334,1721.0,292.5352408030518,62.4710765785463,0.0,0.0,0.0,0.0,0.0,0.0,0.0,0.0,0.0
7,0.0,6,360.36047700651983,3000.0,1000.0,572.0,70.95506894833017,14.898898196650014,1696.0,289.2579778109189,62.266473834824744,0.0,0.0,0.0,0.0,0.0,0.0,0.0,0.0,0.0
