id,probability_maraud,successful_mating,next_foraging_time,x_pos,y_pos,foraging_events,foraging_hrs,foraging_sqhrs,staying_events,staying_hrs,staying_sqhrs,repairing_events,repairing_hrs,repairing_sqhrs,marauding_events,marauding_hrs,marauding_sqhrs,traveling_events,traveling_hrs,traveling_sqhrs
0,0.0,8,360.45261106234847,0.0,0.0,567.0,70.80832281880373,14.952012493306343,1312.0,222.14509628487676,47.72991624903764,402.0,67.31918183735442,14.16787867682015,0.0,0.0,0.0,0.0,0.0,0.0
1,0.054,10,360.4065561819347,0.0,1000.0,553.0,70.28356337040047,14.6986929449278,1573.0,271.5358754534242,58.94477832276506,75.0,12.257704161197221,2.5656848024762207,17.0,1.7000000000000004,0.1700000000000001,92.0,4.335965474513538,0.20576131687242766
2,0.054,16,360.12449563799976,1000.0,0.0,566.0,71.16379978752242,14.961385329973744,1497.0,247.51562761040677,52.381880893854195,212.0,36.5751338316795,8.017347772287474,14.0,1.4000000000000001,0.14000000000000007,77.0,3.641521030069091,0.1736111111111109
3,0.054,4,359.9941706872388,1000.0,1000.0,579.0,71.97885135575105,15.299849870395668,1274.0,211.66870138330293,44.91178806730202,435.0,72.23987869885664,15.16376561726891,12.0,1.2,0.12000000000000005,65.0,3.066788920699966,0.1457475994513031
4,0.0,11,360.1591376267824,2000.0,0.0,575.0,71.89008717502823,14.692301005709204,1437.0,244.35336621593322,52.59650673060183,269.0,43.80796430934866,9.018281529950578,0.0,0.0,0.0,0.0,0.0,0.0
5,0.0,13,360.1343346363484,2000.0,1000.0,546.0,67.10326816717338,13.567443245665084,1588.0,268.9692135426523,57.32291476408677,135.0,24.21367611480298,5.34940510188755,0.0,0.0,0.0,0.0,0.0,0.0
6,0.0,5,359.86533618597883,3000.0,0.0,556.0,73.36572397422657,15.757350371824302,1729.0,286.66255787691836,60.301986440642644,0.0,0.0,0.0,0.0,0.0,0.0,0.0,0.0,0.0
7,0.0,5,360.3492781594174,3000.0,1000.0,571.0,70.68934644798436,14.788172974981089,1688.0,289.51317173756763,62.400462345313926,0.0,0.0,0.0,0.0,0.0,0.0,0.0,0.0,0.0
