id,probability_maraud,successful_mating,next_foraging_time,x_pos,y_pos,foraging_events,foraging_hrs,foraging_sqhrs,staying_events,staying_hrs,staying_sqhrs,repairing_events,repairing_hrs,repairing_sqhrs,marauding_events,marauding_hrs,marauding_sqhrs,traveling_events,traveling_hrs,traveling_sqhrs
0,0.0,7,360.0895355391718,0.0,0.0,549.0,73.8933213079214,16.552166885906082,1531.0,261.8466821571388,56.073658961332335,147.0,24.325863341245803,5.37132182134095,0.0,0.0,0.0,0.0,0.0,0.0
1,0.0,7,360.01555147333573,0.0,1000.0,569.0,72.4837842930532,15.285596283560603,1593.0,269.053594630145,57.47517649051456,113.0,18.53097977207435,3.8747634398623707,0.0,0.0,0.0,0.0,0.0,0.0
2,0.054,11,360.18534184005887,1000.0,0.0,566.0,68.77443287165441,13.952886311555588,1514.0,254.33282204045005,54.29334247290856,181.0,30.275884308296167,6.453310584814999,20.0,2.0000000000000004,0.20000000000000012,99.0,4.660039548587615,0.22076474622770878
3,0.0,11,360.0939367437575,1000.0,1000.0,571.0,69.22279898124397,13.548046794110924,1520.0,254.3171900378826,54.11199767580604,205.0,36.65127917217969,7.97294328426931,0.0,0.0,0.0,0.0,0.0,0.0
4,0.054,11,359.9078983789746,2000.0,0.0,561.0,69.34350131044839,13.863220864631508,1142.0,195.0526486787168,41.754326539185456,536.0,91.29616406761149,19.226330288116863,14.0,1.4000000000000001,0.14000000000000007,62.0,2.947076585624646,0.14146090534979422
5,0.0,8,360.3226308321638,2000.0,1000.0,570.0,72.1606936803822,15.268174858938169,1544.0,263.451889949129,56.85721347573238,142.0,24.420598098062538,5.085290501125433,0.0,0.0,0.0,0.0,0.0,0.0
6,0.054,8,360.50798162804193,3000.0,0.0,576.0,68.66637675090175,13.3995813324403,1559.0,261.0220544990451,55.33044590557728,142.0,24.338116766499446,5.355766607229388,16.0,1.6000000000000003,0.1600000000000001,94.0,4.409381513292562,0.20790466392318205
7,0.0,9,360.14373967297286,3000.0,1000.0,579.0,70.94849815986261,14.489268241817337,1374.0,234.25518726395302,51.01791769702516,337.0,54.918474003780815,11.532574742033564,0.0,0.0,0.0,0.0,0.0,0.0
