id,probability_maraud,successful_mating,next_foraging_time,x_pos,y_pos,foraging_events,foraging_hrs,foraging_sqhrs,staying_events,staying_hrs,staying_sqhrs,repairing_events,repairing_hrs,repairing_sqhrs,marauding_events,marauding_hrs,marauding_sqhrs,traveling_events,traveling_hrs,traveling_sqhrs
0,0.054,7,360.2570978835552,0.0,0.0,561.0,74.56099037190452,16.208665478549623,1272.0,213.54230730187953,45.595631108086444,405.0,66.69144565268512,13.849469500473488,14.0,1.4000000000000001,0.14000000000000007,82.0,3.8154728501098645,0.1778978052126198
1,0.054,9,360.52301813719146,0.0,1000.0,570.0,73.68003661349945,15.774022283686786,1441.0,240.86937370122715,51.33225341063415,246.0,40.60798926388299,8.28624804847921,11.0,1.0999999999999999,0.11000000000000004,85.0,3.9735382928123224,0.18647119341563761
2,0.054,14,360.18441938569094,1000.0,0.0,563.0,74.23374369782381,15.594691262566528,1398.0,236.59587704384634,50.14702686884877,260.0,42.69883243547308,8.95461749671374,17.0,1.7000000000000004,0.1700000000000001,103.0,4.806871626145663,0.22505144032921762
3,0.0,5,360.41756372607114,1000.0,1000.0,577.0,72.11280433878083,15.220389396676998,1361.0,227.06082321878048,46.99953323033301,360.0,60.95426823024274,13.065243059302343,0.0,0.0,0.0,0.0,0.0,0.0
4,0.0,9,359.9629112264226,2000.0,0.0,560.0,69.7029126499463,14.053189296398106,1421.0,247.4204021174825,54.501442951061875,263.0,42.96639408696762,9.07926717349264,0.0,0.0,0.0,0.0,0.0,0.0
5,0.0,14,360.4014574009151,2000.0,1000.0,564.0,69.981260085037,14.99970298310019,1718.0,290.04619381548724,62.64955834105844,0.0,0.0,0.0,0.0,0.0,0.0,0.0,0.0,0.0
6,0.0,8,360.2789309626365,3000.0,0.0,574.0,66.78169486766437,13.813797413736454,1740.0,293.23698615129763,61.79614428745836,0.0,0.0,0.0,0.0,0.0,0.0,0.0,0.0,0.0
7,0.0,6,359.90203728475024,3000.0,1000.0,562.0,70.0618507733095,14.333354692717148,1723.0,289.9928916482764,62.23550551736038,0.0,0.0,0.0,0.0,0.0,0.0,0.0,0.0,0.0
