id,probability_maraud,successful_mating,next_foraging_time,x_pos,y_pos,foraging_events,foraging_hrs,foraging_sqhrs,staying_events,staying_hrs,staying_sqhrs,repairing_events,repairing_hrs,repairing_sqhrs,marauding_events,marauding_hrs,marauding_sqhrs,traveling_events,traveling_hrs,traveling_sqhrs
0,0.0,4,360.03984343488725,0.0,0.0,560.0,71.16772093886702,16.164618676804615,1642.0,276.7099932611607,58.67287894460894,66.0,12.248808827283622,2.7872519454570726,0.0,0.0,0.0,0.0,0.0,0.0
1,0.054,6,359.98886100767413,0.0,1000.0,563.0,71.85102728402288,15.325473877636137,1446.0,246.79017974996194,52.93784595061902,212.0,36.69361931208677,8.217055452760901,10.0,0.9999999999999999,0.10000000000000003,80.0,3.703703703703703,0.17146776406035646
2,0.0,11,360.29231038588307,1000.0,0.0,563.0,69.11754774478835,14.342953603707482,1622.0,272.79454240624426,58.930082369490975,106.0,18.308392563367935,3.9141021853965894,0.0,0.0,0.0,0.0,0.0,0.0
3,0.054,13,360.0614554605783,1000.0,1000.0,577.0,70.07361730780137,14.018203120395425,1408.0,235.4892669174429,49.578250921431014,271.0,48.87612903739852,10.608939778559117,11.0,1.0999999999999999,0.11000000000000004,98.0,4.556213590850611,0.21219135802469097
4,0.0,6,360.0572809332372,2000.0,0.0,557.0,70.77491495251105,14.87289193217597,1247.0,210.11598899573752,44.688204669320214,482.0,79.2550344978452,16.35597158287252,0.0,0.0,0.0,0.0,0.0,0.0
5,0.0,16,360.44666109095965,2000.0,1000.0,575.0,65.56382751102468,12.677047887579153,1632.0,275.8559065640887,58.96746185752027,107.0,18.60626026653273,4.308269364519138,0.0,0.0,0.0,0.0,0.0,0.0
6,0.054,10,360.32764895515925,3000.0,0.0,568.0,67.09259922003815,13.403157250785283,1665.0,286.06118880740246,61.211052627269495,0.0,0.0,0.0,22.0,2.2000000000000006,0.22000000000000014,100.0,4.648806183443204,0.21647805212619983
7,0.0,6,360.2177494612514,3000.0,1000.0,568.0,68.79095651210795,13.850755273422314,1445.0,243.48103552764928,51.828288184186455,273.0,47.77802181360837,10.492877155118057,0.0,0.0,0.0,0.0,0.0,0.0
