id,probability_maraud,successful_mating,next_foraging_time,x_pos,y_pos,foraging_events,foraging_hrs,foraging_sqhrs,staying_events,staying_hrs,staying_sqhrs,repairing_events,repairing_hrs,repairing_sqhrs,marauding_events,marauding_hrs,marauding_sqhrs,traveling_events,traveling_hrs,traveling_sqhrs
0,0.054,6,360.02229905579924,0.0,0.0,553.0,68.95897667906523,14.645189942629138,1666.0,283.79765155998336,61.320861929281314,0.0,0.0,0.0,17.0,1.7000000000000004,0.1700000000000001,119.0,5.547612366886411,0.2593449931412889
1,0.0,3,360.8896543081893,0.0,1000.0,548.0,70.25949066233144,14.631894911189272,1257.0,211.19307774478588,44.68836976994366,460.0,78.72944855712022,17.099336133915703,0.0,0.0,0.0,0.0,0.0,0.0
2,0.0,7,359.96902360817097,1000.0,0.0,572.0,71.43289044641216,14.63928607460205,1214.0,208.86792441997713,44.9873579215158,453.0,79.85495824696976,17.295300263072004,0.0,0.0,0.0,0.0,0.0,0.0
3,0.054,10,360.16949281969846,1000.0,1000.0,561.0,70.5314202926291,14.975267050417253,1633.0,277.8795369397932,59.74404253428484,36.0,6.089878419661662,1.3402106586964873,16.0,1.6000000000000003,0.1600000000000001,86.0,4.019834589108619,0.18861454046639206
4,0.0,11,359.94203160805733,2000.0,0.0,561.0,71.84310359628503,15.130408288853712,1433.0,238.96599022175428,50.645239112627024,290.0,49.213199164865024,10.801974140203638,0.0,0.0,0.0,0.0,0.0,0.0
5,0.0,10,360.5978380296905,2000.0,1000.0,561.0,75.02429834423133,16.36393858538292,1485.0,248.55972150758979,53.252055142086796,218.0,36.61588199267628,7.806332835776528,0.0,0.0,0.0,0.0,0.0,0.0
6,0.054,16,360.4516914304798,3000.0,0.0,567.0,71.78416008250139,15.386951541532568,1651.0,282.2534313307569,60.588636329028375,0.0,0.0,0.0,14.0,1.4000000000000001,0.14000000000000007,100.0,4.648806183443204,0.21647805212619983
7,0.0,9,360.402523261748,3000.0,1000.0,569.0,67.31200635092976,13.189460585803326,1508.0,256.2778878802057,55.13555720784982,220.0,36.49163867944902,7.686283886529676,0.0,0.0,0.0,0.0,0.0,0.0
