id,probability_maraud,successful_mating,next_foraging_time,x_pos,y_pos,foraging_events,foraging_hrs,foraging_sqhrs,staying_events,staying_hrs,staying_sqhrs,repairing_events,repairing_hrs,repairing_sqhrs,marauding_events,marauding_hrs,marauding_sqhrs,traveling_events,traveling_hrs,traveling_sqhrs
0,0.054,6,360.2737446172782,0.0,0.0,551.0,73.44203361403748,16.295490399755284,1513.0,256.6299260315777,55.13959564666861,148.0,24.402446201464777,5.423907986995065,13.0,1.3,0.13000000000000006,94.0,4.390204959478993,0.2057613168724276
1,0.0,10,360.1441907205553,0.0,1000.0,572.0,65.87164844330387,13.42049065374665,1479.0,245.44572054370067,52.10366813877219,286.0,48.83540088789884,10.404805592417373,0.0,0.0,0.0,0.0,0.0,0.0
2,0.054,6,359.9663436829675,1000.0,0.0,565.0,70.69449133793836,14.876184463282813,1058.0,182.02210577244617,39.55446870451225,608.0,103.77412246410378,22.084873625003947,10.0,0.9999999999999999,0.10000000000000003,57.0,2.6580654427024575,0.12431412894375864
3,0.054,10,359.8596053820865,1000.0,1000.0,572.0,68.91169750443767,14.051128150988026,1517.0,260.0744079310637,56.06325265920675,128.0,24.53223203203374,6.008817709799124,18.0,1.8000000000000005,0.1800000000000001,101.0,4.695102479739501,0.21862139917695428
4,0.0,10,360.30388270964426,2000.0,0.0,558.0,71.25230436523256,15.059664911859873,1624.0,276.7162371197848,59.90756708369485,75.0,12.084030977227016,2.585707629856765,0.0,0.0,0.0,0.0,0.0,0.0
5,0.0,7,360.5182429320909,2000.0,1000.0,573.0,69.52539596433917,13.725826035991837,1491.0,254.12195011275531,55.02601100052592,215.0,36.468200677633405,7.855010534004095,0.0,0.0,0.0,0.0,0.0,0.0
6,0.0,12,360.1208982048198,3000.0,0.0,564.0,71.07865113298713,14.482149819627448,1723.0,289.0005982671071,61.86132579900737,0.0,0.0,0.0,0.0,0.0,0.0,0.0,0.0,0.0
7,0.0,11,360.5156607388912,3000.0,1000.0,558.0,67.0862502009891,13.649063858678252,1698.0,292.9953160402895,63.60599576129423,0.0,0.0,0.0,0.0,0.0,0.0,0.0,0.0,0.0
