id,probability_maraud,successful_mating,next_foraging_time,x_pos,y_pos,foraging_events,foraging_hrs,foraging_sqhrs,staying_events,staying_hrs,staying_sqhrs,repairing_events,repairing_hrs,repairing_sqhrs,marauding_events,marauding_hrs,marauding_sqhrs,traveling_events,traveling_hrs,traveling_sqhrs
0,0.0,5,359.966852950901,0.0,0.0,564.0,73.21831819644464,16.182033953888503,1427.0,244.07053279895518,52.32411253506186,251.0,42.74977708320589,9.066595333819368,0.0,0.0,0.0,0.0,0.0,0.0
1,0.054,8,360.020398011998,0.0,1000.0,573.0,66.79847266701327,12.476890270014632,1691.0,287.6005968671059,61.64316720830427,0.0,0.0,0.0,12.0,1.2,0.12000000000000005,98.0,4.57539014466418,0.2143347050754454
2,0.0,16,359.9986751180801,1000.0,0.0,563.0,71.14235268218204,15.364664625076838,1714.0,288.9735665974565,62.65830129920433,0.0,0.0,0.0,0.0,0.0,0.0,0.0,0.0,0.0
3,0.0,9,360.19402183114556,1000.0,1000.0,557.0,69.46671202066244,13.799831797963238,1545.0,259.99607455936695,56.038338253597715,185.0,30.670624732899643,6.408641978017251,0.0,0.0,0.0,0.0,0.0,0.0
4,0.0,12,360.13414927598234,2000.0,0.0,578.0,70.1234153422741,14.560143922321199,1447.0,241.4256889993782,51.052174497045165,293.0,48.5014951501386,10.42536566999908,0.0,0.0,0.0,0.0,0.0,0.0
5,0.0,8,360.4093229357383,2000.0,1000.0,557.0,72.13926978577,15.752620001151069,1474.0,245.0480040499682,51.32717324079231,241.0,42.8382015958385,9.385827606337182,0.0,0.0,0.0,0.0,0.0,0.0
6,0.054,9,359.94528609273857,3000.0,0.0,563.0,67.67327852066309,13.465173445653779,1379.0,231.5675511270998,48.726380782622414,315.0,55.15791128124413,12.200032033967904,18.0,1.8000000000000005,0.1800000000000001,84.0,3.908065442702457,0.18218449931412872
7,0.054,5,360.17313159060313,3000.0,1000.0,566.0,70.15965524238564,14.167171072379977,1351.0,232.354452765528,50.480077977329756,301.0,52.59339292683803,11.527673483622525,15.0,1.5000000000000002,0.15000000000000008,76.0,3.5185185185185177,0.16289437585733868
