id,probability_maraud,successful_mating,next_foraging_time,x_pos,y_pos,foraging_events,foraging_hrs,foraging_sqhrs,staying_events,staying_hrs,staying_sqhrs,repairing_events,repairing_hrs,repairing_sqhrs,marauding_events,marauding_hrs,marauding_sqhrs,traveling_events,traveling_hrs,traveling_sqhrs
0,0.0,5,360.1348147419924,0.0,0.0,555.0,68.45359216134598,14.464494893800856,1191.0,205.94205116240292,44.945699063034866,493.0,85.66043130078874,18.61859599159673,0.0,0.0,0.0,0.0,0.0,0.0
1,0.054,5,360.6612449559176,0.0,1000.0,577.0,66.38654024103636,12.241274012023394,1703.0,288.0094661615649,61.51733068437394,0.0,0.0,0.0,15.0,1.5000000000000002,0.15000000000000008,91.0,4.251316070590103,0.19933127572016426
2,0.054,17,360.1122888169514,1000.0,0.0,573.0,70.27016203023086,13.36461121528126,1663.0,276.9989292093332,59.180507182857454,35.0,6.103680369950637,1.4089374598607995,17.0,1.7000000000000004,0.1700000000000001,107.0,4.99205681133085,0.2336248285322354
3,0.0,9,360.2603379599982,1000.0,1000.0,558.0,68.56803379984304,14.142848730068671,1333.0,224.72734555708735,47.92465004422553,392.0,66.70817223056747,14.486537990148348,0.0,0.0,0.0,0.0,0.0,0.0
4,0.0,9,359.94553711212194,2000.0,0.0,564.0,65.26310358637886,12.22277061739741,1523.0,258.3548666627797,55.01172671107078,218.0,36.38858946735517,7.804278550118416,0.0,0.0,0.0,0.0,0.0,0.0
5,0.0,12,360.0877624669324,2000.0,1000.0,581.0,69.75883471597574,14.054195418773677,1435.0,247.97790867791525,54.44825961939058,263.0,42.35604014833128,8.90105738022708,0.0,0.0,0.0,0.0,0.0,0.0
6,0.0,5,360.28003556407424,3000.0,0.0,566.0,70.58654805172264,13.970554829989059,1524.0,259.1027273498955,56.45253531069119,174.0,30.348371402658113,6.6901759025724585,0.0,0.0,0.0,0.0,0.0,0.0
7,0.054,10,360.45313750488697,3000.0,1000.0,567.0,69.21350832495501,14.23407004579718,1725.0,285.1240819249346,60.59060471433891,0.0,0.0,0.0,12.0,1.2,0.12000000000000005,96.0,4.482797552071586,0.21004801097393655
