id,probability_maraud,successful_mating,next_foraging_time,x_pos,y_pos,foraging_events,foraging_hrs,foraging_sqhrs,staying_events,staying_hrs,staying_sqhrs,repairing_events,repairing_hrs,repairing_sqhrs,marauding_events,marauding_hrs,marauding_sqhrs,traveling_events,traveling_hrs,traveling_sqhrs
0,0.054,7,360.39007049242474,0.0,0.0,551.0,72.48501927578795,16.1166979261,1554.0,263.8267864352094,57.1679987654419,107.0,18.46076932200855,3.8949531133230915,13.0,1.3,0.13000000000000006,88.0,4.131603735514782,0.19504458161865537
1,0.0,4,360.20253955961556,0.0,1000.0,577.0,70.33571754264518,14.518992296124805,1527.0,265.4825974358382,58.00083658514194,143.0,24.318527042251336,5.295686243837791,0.0,0.0,0.0,0.0,0.0,0.0
2,0.054,9,360.2435850615735,1000.0,0.0,565.0,68.86388328149083,13.72995734506394,1365.0,231.07098094880973,49.08645135309057,301.0,54.98666419174547,12.153543297299738,13.0,1.3,0.13000000000000006,86.0,4.00065803529505,0.18647119341563761
3,0.0,17,360.3311267992617,1000.0,1000.0,580.0,70.17444344816133,14.44289657880227,1487.0,253.83024114992756,54.32196817785876,223.0,36.214170308662894,7.396362253814267,0.0,0.0,0.0,0.0,0.0,0.0
4,0.0,9,360.5709586927148,2000.0,0.0,568.0,70.790971742658,15.413589587011446,1279.0,219.86736896399603,48.25378408052306,413.0,69.36942453603633,14.745212667854448,0.0,0.0,0.0,0.0,0.0,0.0
5,0.0,8,360.59511389973784,2000.0,1000.0,568.0,66.93181509969591,13.761589650573105,1742.0,293.2539122129203,63.246530267762466,0.0,0.0,0.0,0.0,0.0,0.0,0.0,0.0,0.0
6,0.054,9,360.07853265602796,3000.0,0.0,566.0,72.42583491601225,14.964103923568413,1708.0,281.83551960849275,58.76743592069436,0.0,0.0,0.0,17.0,1.7000000000000004,0.1700000000000001,90.0,4.205019774293806,0.19718792866940985
7,0.0,9,360.1277078655037,3000.0,1000.0,572.0,68.2298673601139,12.934591941806795,1389.0,236.7677438915516,50.96275887602792,319.0,55.10471820339174,12.373078472026828,0.0,0.0,0.0,0.0,0.0,0.0
