id,probability_maraud,successful_mating,next_foraging_time,x_pos,y_pos,foraging_events,foraging_hrs,foraging_sqhrs,staying_events,staying_hrs,staying_sqhrs,repairing_events,repairing_hrs,repairing_sqhrs,marauding_events,marauding_hrs,marauding_sqhrs,traveling_events,traveling_hrs,traveling_sqhrs
0,0.0,9,359.87229491625396,0.0,0.0,565.0,73.79604177036218,15.861620492272323,1483.0,246.71901550382415,51.56967735553174,229.0,39.49498897573182,8.337607574495317,0.0,0.0,0.0,0.0,0.0,0.0
1,0.0,3,360.46541897693294,0.0,1000.0,560.0,72.99229520039017,15.282135607363442,1561.0,268.643256332934,58.16087479311518,103.0,18.39709057388951,4.033486013788037,0.0,0.0,0.0,0.0,0.0,0.0
2,0.054,8,360.31508342897087,1000.0,0.0,568.0,77.04572908038436,17.76431614510098,1346.0,228.5244357133252,49.16560859748416,310.0,50.158895517053125,10.517704530735868,15.0,1.5000000000000002,0.15000000000000008,63.0,2.9741963281073733,0.14146090534979425
3,0.054,18,360.1540381954457,1000.0,1000.0,550.0,71.37416318946943,14.901720424971673,1543.0,264.13677170556906,57.03691742546291,104.0,18.084848374763784,4.021502591195802,21.0,2.1000000000000005,0.21000000000000013,98.0,4.55621359085061,0.21219135802469097
4,0.054,7,360.1443800636051,2000.0,0.0,564.0,70.19851377954079,15.248174498072245,1485.0,254.6858229856004,54.689824918160845,164.0,30.48621236638922,6.931284241827845,10.0,0.9999999999999999,0.10000000000000003,79.0,3.714937068848114,0.17575445816186536
5,0.0,9,360.74265764783377,2000.0,1000.0,562.0,68.77676434533349,14.230524229303096,1133.0,199.78275844232596,44.15329322461434,540.0,91.44689858339953,19.963280464304685,0.0,0.0,0.0,0.0,0.0,0.0
6,0.0,10,359.8766178956184,3000.0,0.0,570.0,73.01666465967408,15.273604641702862,1605.0,268.4260952739874,56.59733108966341,109.0,18.624445385692077,4.04812044016354,0.0,0.0,0.0,0.0,0.0,0.0
7,0.0,8,360.31497882212483,3000.0,1000.0,567.0,71.26987201114049,14.976839520803544,1681.0,282.794132664185,60.310044698102594,37.0,6.011401344563266,1.194343177937294,0.0,0.0,0.0,0.0,0.0,0.0
