id,probability_maraud,successful_mating,next_foraging_time,x_pos,y_pos,foraging_events,foraging_hrs,foraging_sqhrs,staying_events,staying_hrs,staying_sqhrs,repairing_events,repairing_hrs,repairing_sqhrs,marauding_events,marauding_hrs,marauding_sqhrs,traveling_events,traveling_hrs,traveling_sqhrs
0,0.0,9,360.0955448127409,0.0,0.0,564.0,73.694406355765,16.246147493152392,1667.0,286.3126333248647,62.44264011771405,0.0,0.0,0.0,0.0,0.0,0.0,0.0,0.0,0.0
1,0.0,8,360.0215577855344,0.0,1000.0,566.0,72.49214710652066,15.017861979499994,1713.0,287.51085601904583,60.62813132140789,0.0,0.0,0.0,0.0,0.0,0.0,0.0,0.0,0.0
2,0.0,10,360.47405229230753,1000.0,0.0,554.0,75.0376312169163,16.764943538908398,1409.0,235.8038096307485,49.85245504525394,282.0,49.25540047980225,10.684286979640731,0.0,0.0,0.0,0.0,0.0,0.0
3,0.0,9,360.64407866407,1000.0,1000.0,554.0,69.56603359675749,14.77089683756187,1706.0,284.38337580301817,60.5039652600341,35.0,6.080014581128738,1.397295956293427,0.0,0.0,0.0,0.0,0.0,0.0
4,0.054,7,360.57761375472626,2000.0,0.0,560.0,69.34787771675717,14.1693565694766,1673.0,284.5933768730093,60.99949005630616,0.0,0.0,0.0,17.0,1.7000000000000004,0.1700000000000001,97.0,4.605800063622159,0.22076474622770886
5,0.0,11,360.2816150844744,2000.0,1000.0,553.0,73.26448342539796,16.174943654980133,1423.0,238.44173764691018,50.38651739564912,279.0,48.6085450973689,10.602313290253457,0.0,0.0,0.0,0.0,0.0,0.0
