id,probability_maraud,successful_mating,next_foraging_time,x_pos,y_pos,foraging_events,foraging_hrs,foraging_sqhrs,staying_events,staying_hrs,staying_sqhrs,repairing_events,repairing_hrs,repairing_sqhrs,marauding_events,marauding_hrs,marauding_sqhrs,traveling_events,traveling_hrs,traveling_sqhrs
0,0.054,10,359.9748848826041,0.0,0.0,555.0,68.8229352299667,14.126302046611533,1713.0,285.66593504564116,60.70747903400896,0.0,0.0,0.0,13.0,1.3,0.13000000000000006,94.0,4.409381513292562,0.2079046639231821
1,0.0,4,360.29108912601146,0.0,1000.0,558.0,67.539013749866,13.045246454043214,1517.0,255.62261605850006,54.48807574841306,235.0,36.86131565360638,7.32122395027465,0.0,0.0,0.0,0.0,0.0,0.0
2,0.0,10,360.0666879156921,1000.0,0.0,569.0,72.8246989077338,16.825499741596694,1472.0,250.6570954654016,53.753017763366195,225.0,36.7563250666145,7.77741950498103,0.0,0.0,0.0,0.0,0.0,0.0
3,0.0,18,360.03566221947136,1000.0,1000.0,564.0,68.68016551580855,13.928364086833824,1713.0,291.3834089443769,62.5693309144461,0.0,0.0,0.0,0.0,0.0,0.0,0.0,0.0,0.0
4,0.0,8,360.3654715601222,2000.0,0.0,557.0,69.59736935137883,15.195458934695948,1694.0,290.50925501372745,63.168720621084276,0.0,0.0,0.0,0.0,0.0,0.0,0.0,0.0,0.0
5,0.0,4,360.50474660195596,2000.0,1000.0,550.0,71.6166498708959,14.693429721381134,1716.0,288.44717750836384,61.61489441954291,0.0,0.0,0.0,0.0,0.0,0.0,0.0,0.0,0.0
