id,probability_maraud,successful_mating,next_foraging_time,x_pos,y_pos,foraging_events,foraging_hrs,foraging_sqhrs,staying_events,staying_hrs,staying_sqhrs,repairing_events,repairing_hrs,repairing_sqhrs,marauding_events,marauding_hrs,marauding_sqhrs,traveling_events,traveling_hrs,traveling_sqhrs
0,0.0,8,360.53142892557,0.0,0.0,565.0,69.02082044521045,14.371114700528882,1486.0,242.13542221750836,50.58234607144033,302.0,48.85317590624546,10.230659419092348,0.0,0.0,0.0,0.0,0.0,0.0
1,0.0,10,360.4752078068942,0.0,1000.0,573.0,70.62878976805526,15.22736107543802,1700.0,289.60859260795644,62.34840925823025,0.0,0.0,0.0,0.0,0.0,0.0,0.0,0.0,0.0
2,0.054,11,360.21558773236836,1000.0,0.0,569.0,71.70865783555281,15.638503246043198,1664.0,282.7438167968202,60.876264625847966,0.0,0.0,0.0,18.0,1.8000000000000005,0.1800000000000001,85.0,4.011891400439461,0.19075788751714653
3,0.0,12,360.5981195615249,1000.0,1000.0,563.0,72.02740811315064,15.255228149176856,1553.0,257.4134836275299,54.45680377777729,178.0,30.597286776865957,6.4162059488572005,0.0,0.0,0.0,0.0,0.0,0.0
4,0.0,7,360.2205618773876,2000.0,0.0,572.0,73.55062739397559,15.851764957013932,1495.0,256.19648529406464,54.91922897896782,183.0,30.344627894496327,6.494087148622988,0.0,0.0,0.0,0.0,0.0,0.0
5,0.0,6,359.9982804777148,2000.0,1000.0,571.0,70.956674234616,14.692194003870886,1718.0,289.1487057645728,62.14410964307303,0.0,0.0,0.0,0.0,0.0,0.0,0.0,0.0,0.0
