id,probability_maraud,successful_mating,next_foraging_time,x_pos,y_pos,foraging_events,foraging_hrs,foraging_sqhrs,staying_events,staying_hrs,staying_sqhrs,repairing_events,repairing_hrs,repairing_sqhrs,marauding_events,marauding_hrs,marauding_sqhrs,traveling_events,traveling_hrs,traveling_sqhrs
0,0.0,10,360.37810190498533,0.0,0.0,551.0,72.80289999555175,16.194555051681263,1714.0,287.4029684739738,60.94840619552013,0.0,0.0,0.0,0.0,0.0,0.0,0.0,0.0,0.0
1,0.0,7,359.9657958373259,0.0,1000.0,555.0,68.15381654360176,13.988282275294738,1732.0,291.8990878245702,62.71125300079881,0.0,0.0,0.0,0.0,0.0,0.0,0.0,0.0,0.0
2,0.0,10,360.1787767436292,1000.0,0.0,567.0,73.08957473532139,15.979516169981029,1701.0,287.07324284830554,61.476730745367504,0.0,0.0,0.0,0.0,0.0,0.0,0.0,0.0,0.0
3,0.0,12,360.3722150066014,1000.0,1000.0,578.0,66.70635464172086,12.551762705417568,1426.0,244.3641217192617,52.73551232683519,306.0,49.028776387777384,9.957099521951216,0.0,0.0,0.0,0.0,0.0,0.0
4,0.0,8,359.9599421816983,2000.0,0.0,561.0,71.36116164435298,14.647789903272287,1268.0,215.8047171693416,46.34270159663086,422.0,72.95142426187047,15.908321837623173,0.0,0.0,0.0,0.0,0.0,0.0
5,0.054,7,360.6282882948846,2000.0,1000.0,568.0,70.01844234014429,14.390802090931434,1675.0,283.2153177594688,60.57373241711473,0.0,0.0,0.0,20.0,2.0000000000000004,0.20000000000000012,104.0,4.85316792244196,0.2271947873799721
