id,probability_maraud,successful_mating,next_foraging_time,x_pos,y_pos,foraging_events,foraging_hrs,foraging_sqhrs,staying_events,staying_hrs,staying_sqhrs,repairing_events,repairing_hrs,repairing_sqhrs,marauding_events,marauding_hrs,marauding_sqhrs,traveling_events,traveling_hrs,traveling_sqhrs
0,0.0,9,360.5571963924321,0.0,0.0,561.0,74.82008414820075,16.355528018233546,1673.0,285.3183282523852,61.471730646254265,0.0,0.0,0.0,0.0,0.0,0.0,0.0,0.0,0.0
1,0.0,7,360.3044263452069,0.0,1000.0,572.0,67.18155896207668,12.625856508400382,1590.0,262.49490903387795,55.609531683870614,178.0,30.398612581239963,6.356955684250617,0.0,0.0,0.0,0.0,0.0,0.0
2,0.0,12,359.96298186671663,1000.0,0.0,570.0,72.94355529132616,15.385101435787082,1569.0,262.91964494728484,55.77454908464562,146.0,24.347082964423066,5.176091681985041,0.0,0.0,0.0,0.0,0.0,0.0
3,0.054,13,359.88120709431286,1000.0,1000.0,569.0,70.5026611280934,14.195448580617253,1725.0,283.474243085065,59.35188548395428,0.0,0.0,0.0,17.0,1.7000000000000004,0.1700000000000001,93.0,4.324732109369127,0.2014746227709187
4,0.0,9,360.0099901732203,2000.0,0.0,560.0,70.49646353122914,14.521292389825208,1704.0,289.5915256897478,62.27531856321013,0.0,0.0,0.0,0.0,0.0,0.0,0.0,0.0,0.0
5,0.0,4,360.2256659471918,2000.0,1000.0,569.0,74.43285414730894,16.53074138230549,1413.0,237.0054021051923,50.90217490767273,305.0,48.695884825154145,10.19976005911337,0.0,0.0,0.0,0.0,0.0,0.0
