id,probability_maraud,successful_mating,next_foraging_time,x_pos,y_pos,foraging_events,foraging_hrs,foraging_sqhrs,staying_events,staying_hrs,staying_sqhrs,repairing_events,repairing_hrs,repairing_sqhrs,marauding_events,marauding_hrs,marauding_sqhrs,traveling_events,traveling_hrs,traveling_sqhrs
0,0.0,6,359.9807031073478,0.0,0.0,565.0,71.66953449871835,14.923754486153356,1447.0,239.30865087974837,50.05916650236759,277.0,49.055829073230825,10.753879361440555,0.0,0.0,0.0,0.0,0.0,0.0
1,0.054,11,360.55766899064423,0.0,1000.0,583.0,72.59377685775985,15.180294990986718,1665.0,282.20645951831835,60.42629393681257,0.0,0.0,0.0,15.0,1.5000000000000002,0.15000000000000008,84.0,3.908065442702457,0.1821844993141287
2,0.0,12,360.99625985551023,1000.0,0.0,568.0,70.55425184955034,14.378044520741451,1698.0,289.87488236071675,62.31987469907145,0.0,0.0,0.0,0.0,0.0,0.0,0.0,0.0,0.0
3,0.0,9,360.32493155946463,1000.0,1000.0,573.0,70.61043016182532,14.123376434496521,1451.0,246.5482957880483,53.34910286298947,253.0,42.98796791115977,9.35071527548614,0.0,0.0,0.0,0.0,0.0,0.0
4,0.0,10,360.2172824437808,2000.0,0.0,581.0,71.19743240155653,13.989414676777482,1680.0,288.9232302048421,62.158910049910524,0.0,0.0,0.0,0.0,0.0,0.0,0.0,0.0,0.0
5,0.0,6,359.99677995648904,2000.0,1000.0,559.0,69.77720501055724,14.665273325323332,1689.0,290.2956293019257,63.51765979413639,0.0,0.0,0.0,0.0,0.0,0.0,0.0,0.0,0.0
