id,probability_maraud,successful_mating,next_foraging_time,x_pos,y_pos,foraging_events,foraging_hrs,foraging_sqhrs,staying_events,staying_hrs,staying_sqhrs,repairing_events,repairing_hrs,repairing_sqhrs,marauding_events,marauding_hrs,marauding_sqhrs,traveling_events,traveling_hrs,traveling_sqhrs
0,0.054,7,360.38773732257954,0.0,0.0,568.0,67.88027276050586,12.892747459592659,1655.0,285.6497153043082,61.61939547070383,0.0,0.0,0.0,16.0,1.6000000000000003,0.1600000000000001,113.0,5.250658035295062,0.24434156378600766
1,0.0,4,359.7536613288673,0.0,1000.0,570.0,71.239989494027,15.428642513762284,1367.0,233.56110188133738,50.368690716660495,336.0,55.22117645727607,11.668971085333345,0.0,0.0,0.0,0.0,0.0,0.0
2,0.0,10,360.22055629853753,1000.0,0.0,578.0,67.32339887081764,12.688541765856643,1457.0,249.80380557947217,54.2187754254095,266.0,42.90422553995031,8.692133073720285,0.0,0.0,0.0,0.0,0.0,0.0
3,0.0,9,360.469066305223,1000.0,1000.0,573.0,74.310186587119,16.93937966627008,1728.0,285.7715130470995,60.79958333439537,0.0,0.0,0.0,0.0,0.0,0.0,0.0,0.0,0.0
4,0.0,14,360.2011063803025,2000.0,0.0,575.0,71.83875595888806,15.144217639072027,1695.0,288.2879609652194,62.472834168473604,0.0,0.0,0.0,0.0,0.0,0.0,0.0,0.0,0.0
5,0.0,10,360.44513626496183,2000.0,1000.0,564.0,71.80306077226388,15.332520847466816,1705.0,288.3425998726642,61.764061836584666,0.0,0.0,0.0,0.0,0.0,0.0,0.0,0.0,0.0
