id,probability_maraud,successful_mating,next_foraging_time,x_pos,y_pos,foraging_events,foraging_hrs,foraging_sqhrs,staying_events,staying_hrs,staying_sqhrs,repairing_events,repairing_hrs,repairing_sqhrs,marauding_events,marauding_hrs,marauding_sqhrs,traveling_events,traveling_hrs,traveling_sqhrs
0,0.0,4,360.63269242941516,0.0,0.0,568.0,68.36867141421018,13.384817430364548,1440.0,242.85646019429834,51.56910510977371,300.0,48.84842355758243,10.222246353847352,0.0,0.0,0.0,0.0,0.0,0.0
1,0.0,7,360.5174284809922,0.0,1000.0,574.0,70.15642475476736,13.947265010607273,1717.0,290.06518122361604,61.77462664575607,0.0,0.0,0.0,0.0,0.0,0.0,0.0,0.0,0.0
2,0.054,19,360.24794959853403,1000.0,0.0,571.0,68.23272049838025,13.454948297505382,1647.0,285.93245914694995,62.7514478346909,0.0,0.0,0.0,16.0,1.6000000000000003,0.1600000000000001,92.0,4.2976123668863995,0.20147462277091874
3,0.0,11,360.378191491276,1000.0,1000.0,568.0,69.65410219863816,13.961046059137043,1513.0,253.82657534420608,54.54251447859712,222.0,36.60777881379883,7.861118013844443,0.0,0.0,0.0,0.0,0.0,0.0
4,0.0,8,360.19818844036337,2000.0,0.0,572.0,72.51775258656032,14.745645414026152,1693.0,281.44463216452885,59.26955235107711,33.0,6.121539360299661,1.4351328239618426,0.0,0.0,0.0,0.0,0.0,0.0
5,0.0,5,360.090349338422,2000.0,1000.0,566.0,72.45443509007112,15.925927586968175,1665.0,282.83019297967064,61.50224993989473,31.0,4.794514001268587,0.9417107901444718,0.0,0.0,0.0,0.0,0.0,0.0
