id,probability_maraud,successful_mating,next_foraging_time,x_pos,y_pos,foraging_events,foraging_hrs,foraging_sqhrs,staying_events,staying_hrs,staying_sqhrs,repairing_events,repairing_hrs,repairing_sqhrs,marauding_events,marauding_hrs,marauding_sqhrs,traveling_events,traveling_hrs,traveling_sqhrs
0,0.0,6,360.00820678643817,0.0,0.0,565.0,69.67423212958211,14.98888920176796,1733.0,290.5271605604476,61.3716012563162,0.0,0.0,0.0,0.0,0.0,0.0,0.0,0.0,0.0
1,0.0,9,359.86554566657276,0.0,1000.0,557.0,69.97681251140297,15.189628310284851,1724.0,290.03487830288793,61.98155281380624,0.0,0.0,0.0,0.0,0.0,0.0,0.0,0.0,0.0
2,0.0,15,360.0887410373434,1000.0,0.0,571.0,69.2847603284398,13.5526525635191,1577.0,266.31003259122633,57.80125528057343,133.0,24.57892572241584,5.591458899319424,0.0,0.0,0.0,0.0,0.0,0.0
3,0.0,13,359.9732154765848,1000.0,1000.0,578.0,71.83284406790703,15.21533620936452,1718.0,288.29116186903326,61.41206086573322,0.0,0.0,0.0,0.0,0.0,0.0,0.0,0.0,0.0
4,0.054,8,359.8771106296544,2000.0,0.0,562.0,73.37269682514106,15.979093499411913,1671.0,281.2312301205076,60.51377473358735,0.0,0.0,0.0,15.0,1.5000000000000002,0.15000000000000008,86.0,4.00065803529505,0.18647119341563761
5,0.0,3,360.01106032974917,2000.0,1000.0,559.0,73.21045791390357,15.649160314289398,1313.0,219.7672027237935,46.69628332328065,386.0,67.13726448948535,14.929907149357913,0.0,0.0,0.0,0.0,0.0,0.0
