id,probability_maraud,successful_mating,next_foraging_time,x_pos,y_pos,foraging_events,foraging_hrs,foraging_sqhrs,staying_events,staying_hrs,staying_sqhrs,repairing_events,repairing_hrs,repairing_sqhrs,marauding_events,marauding_hrs,marauding_sqhrs,traveling_events,traveling_hrs,traveling_sqhrs
0,0.0,6,360.62794950317476,0.0,0.0,561.0,71.8506785757883,15.277799139062678,1491.0,257.6363796459098,55.88679953758861,177.0,30.525351197101568,6.506050060976569,0.0,0.0,0.0,0.0,0.0,0.0
1,0.0,9,360.0566794814551,0.0,1000.0,567.0,69.78035083456629,14.482180613655508,1674.0,290.2512102478442,62.9141976704058,0.0,0.0,0.0,0.0,0.0,0.0,0.0,0.0,0.0
2,0.054,13,360.1570575732874,1000.0,0.0,567.0,72.10562645302387,14.849002146656243,1708.0,281.7361488867189,60.168994919843485,0.0,0.0,0.0,19.0,1.9000000000000006,0.1900000000000001,94.0,4.428558067106131,0.2100480109739365
3,0.0,11,360.05471652710463,1000.0,1000.0,569.0,69.70393823817142,14.280766564044223,1543.0,259.89889545777544,55.81999177340738,166.0,30.545934537903936,6.90694281963717,0.0,0.0,0.0,0.0,0.0,0.0
4,0.0,5,360.0599082499984,2000.0,0.0,555.0,72.93559335844982,15.5303996876986,1435.0,238.44646044494937,50.6008075968345,302.0,48.74578894637088,9.966221764428784,0.0,0.0,0.0,0.0,0.0,0.0
5,0.0,10,360.7564059150014,2000.0,1000.0,565.0,72.62553471746854,15.271800420790361,1637.0,281.1036745368918,60.935412399913474,36.0,6.383778369101308,1.4004568646118134,0.0,0.0,0.0,0.0,0.0,0.0
