id,probability_maraud,successful_mating,next_foraging_time,x_pos,y_pos,foraging_events,foraging_hrs,foraging_sqhrs,staying_events,staying_hrs,staying_sqhrs,repairing_events,repairing_hrs,repairing_sqhrs,marauding_events,marauding_hrs,marauding_sqhrs,traveling_events,traveling_hrs,traveling_sqhrs
0,0.0,5,360.45568357650154,0.0,0.0,561.0,69.22093200514531,13.5137898196772,1448.0,241.9449569520186,51.61151147584285,296.0,48.97908425229727,10.490984029714374,0.0,0.0,0.0,0.0,0.0,0.0
1,0.054,11,359.8968934013952,0.0,1000.0,565.0,72.42137048486705,14.547199902970064,1655.0,280.76074615563164,60.35983019594069,0.0,0.0,0.0,20.0,2.0000000000000004,0.20000000000000012,104.0,4.872344476255529,0.22933813443072656
2,0.0,17,360.03935310504147,1000.0,0.0,551.0,72.78498453820471,15.213285982588907,1688.0,287.2603503124231,61.4395801791179,0.0,0.0,0.0,0.0,0.0,0.0,0.0,0.0,0.0
3,0.0,7,360.46801584324334,1000.0,1000.0,565.0,70.1564771342826,14.298045008147785,1280.0,216.7308725803475,46.96956706653237,431.0,73.19024904743323,15.691952000565278,0.0,0.0,0.0,0.0,0.0,0.0
4,0.0,9,359.90884072630223,2000.0,0.0,544.0,69.00293921527334,14.333370751719801,1692.0,291.03729477456847,63.373474992198204,0.0,0.0,0.0,0.0,0.0,0.0,0.0,0.0,0.0
5,0.0,5,360.283948389927,2000.0,1000.0,564.0,74.95929453190286,16.64109309437775,1702.0,285.28554967813244,61.644111805226636,0.0,0.0,0.0,0.0,0.0,0.0,0.0,0.0,0.0
