id,probability_maraud,successful_mating,next_foraging_time,x_pos,y_pos,foraging_events,foraging_hrs,foraging_sqhrs,staying_events,staying_hrs,staying_sqhrs,repairing_events,repairing_hrs,repairing_sqhrs,marauding_events,marauding_hrs,marauding_sqhrs,traveling_events,traveling_hrs,traveling_sqhrs
0,0.054,9,360.2451289344055,0.0,0.0,567.0,68.98989358338426,14.721113477584096,1679.0,284.3653681853924,61.402275015210165,0.0,0.0,0.0,18.0,1.8000000000000005,0.1800000000000001,103.0,4.845224733772802,0.2293381344307266
1,0.0,8,360.61265141290545,0.0,1000.0,555.0,72.0218373807814,16.001632896391417,1434.0,238.53782209964837,50.91099314613111,306.0,49.60432566465595,10.161124581985987,0.0,0.0,0.0,0.0,0.0,0.0
2,0.0,10,360.2300268479355,1000.0,0.0,564.0,68.00039986756698,14.256369710504739,1416.0,243.07490572159125,52.20072088772428,278.0,49.033843446449694,11.027468794919848,0.0,0.0,0.0,0.0,0.0,0.0
3,0.0,11,360.0711865280467,1000.0,1000.0,569.0,70.25612676922742,14.31896623626784,1669.0,283.8712896408088,60.98997757185037,30.0,6.0752372806960775,1.5011980942386103,0.0,0.0,0.0,0.0,0.0,0.0
4,0.0,8,359.89338084291506,2000.0,0.0,563.0,70.6586944197585,14.750829925826327,1688.0,289.3688029655901,62.18307032796144,0.0,0.0,0.0,0.0,0.0,0.0,0.0,0.0,0.0
5,0.0,8,360.2294401746077,2000.0,1000.0,570.0,70.69327474087997,14.843349390344265,1686.0,289.37443679822945,62.05758450145474,0.0,0.0,0.0,0.0,0.0,0.0,0.0,0.0,0.0
