id,probability_maraud,successful_mating,next_foraging_time,x_pos,y_pos,foraging_events,foraging_hrs,foraging_sqhrs,staying_events,staying_hrs,staying_sqhrs,repairing_events,repairing_hrs,repairing_sqhrs,marauding_events,marauding_hrs,marauding_sqhrs,traveling_events,traveling_hrs,traveling_sqhrs
0,0.0,11,360.03184925548726,0.0,0.0,582.0,72.90060473535934,15.305765740737513,1688.0,287.1667537068168,61.15207691510878,0.0,0.0,0.0,0.0,0.0,0.0,0.0,0.0,0.0
1,0.0,7,360.57004657170154,0.0,1000.0,579.0,69.02383637931166,13.480750399855722,1710.0,291.2758789527324,63.15730994852804,0.0,0.0,0.0,0.0,0.0,0.0,0.0,0.0,0.0
2,0.0,12,360.2246669832277,1000.0,0.0,562.0,69.72940540297793,14.381553405329576,1461.0,247.9804251129985,53.01636839413655,254.0,42.51218152328495,9.071214048903268,0.0,0.0,0.0,0.0,0.0,0.0
3,0.0,9,360.3791262955873,1000.0,1000.0,563.0,70.8867124202196,15.203012184402198,1707.0,289.2048337800186,61.8649760850118,0.0,0.0,0.0,0.0,0.0,0.0,0.0,0.0,0.0
4,0.054,10,359.935131502692,2000.0,0.0,565.0,72.68720186319665,15.519251960220934,1656.0,281.0465881205278,60.03974926439211,0.0,0.0,0.0,17.0,1.7000000000000004,0.1700000000000001,99.0,4.6216864409604765,0.21647805212619986
5,0.0,5,360.26223823243873,2000.0,1000.0,574.0,70.05300655876297,14.414569675563927,1383.0,228.90397429025163,48.07016682718965,367.0,61.22253686621348,12.943178870178832,0.0,0.0,0.0,0.0,0.0,0.0
