id,probability_maraud,successful_mating,next_foraging_time,x_pos,y_pos,foraging_events,foraging_hrs,foraging_sqhrs,staying_events,staying_hrs,staying_sqhrs,repairing_events,repairing_hrs,repairing_sqhrs,marauding_events,marauding_hrs,marauding_sqhrs,traveling_events,traveling_hrs,traveling_sqhrs
0,0.0,9,360.0875237701979,0.0,0.0,555.0,68.75612592642868,14.209356292387012,1556.0,259.3410181257485,54.95526092234715,174.0,32.081718544602836,7.376936783205462,0.0,0.0,0.0,0.0,0.0,0.0
1,0.0,10,360.0353926814385,0.0,1000.0,564.0,69.35452438689485,14.48312297815835,1716.0,290.79171892188975,62.791142467638544,0.0,0.0,0.0,0.0,0.0,0.0,0.0,0.0,0.0
2,0.054,10,360.3210731135575,1000.0,0.0,553.0,68.84885303608982,14.611611367441913,1668.0,284.5950619607477,61.56487578954107,0.0,0.0,0.0,17.0,1.7000000000000004,0.1700000000000001,106.0,4.984113622661692,0.2357681755829899
3,0.0,8,360.5396555801023,1000.0,1000.0,558.0,71.21586560611311,14.34323497150126,1499.0,258.4748242768431,55.577545120061934,192.0,30.425120675262907,5.940952013453951,0.0,0.0,0.0,0.0,0.0,0.0
4,0.0,8,360.28999918953235,2000.0,0.0,575.0,68.5813035893701,13.80350004646708,1489.0,255.2154009830477,55.02316406108867,203.0,36.37863383848165,7.966654917519216,0.0,0.0,0.0,0.0,0.0,0.0
5,0.0,9,360.2229233693977,2000.0,1000.0,555.0,72.96884788109182,16.40752067053653,1676.0,287.15796877444893,61.86662205332803,0.0,0.0,0.0,0.0,0.0,0.0,0.0,0.0,0.0
