id,probability_maraud,successful_mating,next_foraging_time,x_pos,y_pos,foraging_events,foraging_hrs,foraging_sqhrs,staying_events,staying_hrs,staying_sqhrs,repairing_events,repairing_hrs,repairing_sqhrs,marauding_events,marauding_hrs,marauding_sqhrs,traveling_events,traveling_hrs,traveling_sqhrs
0,0.0,14,360.554740631458,0.0,0.0,567.0,75.86516393697484,16.758449165024977,1667.0,284.27251381126354,62.07961926432365,0.0,0.0,0.0,0.0,0.0,0.0,0.0,0.0,0.0
1,0.0,10,359.87352845519325,0.0,1000.0,570.0,69.4202123913882,14.291313808967827,1706.0,290.5901478249355,63.243675074022505,0.0,0.0,0.0,0.0,0.0,0.0,0.0,0.0,0.0
2,0.0,6,360.42914291283734,1000.0,0.0,568.0,72.05681546102365,15.63799934987192,1530.0,263.89352886286804,56.619119119344326,139.0,24.19159913439453,5.46480748114974,0.0,0.0,0.0,0.0,0.0,0.0
3,0.0,17,359.958990401834,1000.0,1000.0,556.0,70.94885471124917,15.72032144439307,1726.0,289.1465570567425,61.509998796488574,0.0,0.0,0.0,0.0,0.0,0.0,0.0,0.0,0.0
4,0.054,3,360.27271072916665,2000.0,0.0,570.0,69.44798512606249,14.665950871385263,1671.0,284.58533807481905,61.13558946448046,0.0,0.0,0.0,13.0,1.3,0.13000000000000006,101.0,4.71427903355307,0.22076474622770872
5,0.0,4,360.03375110653013,2000.0,1000.0,564.0,73.5128699815324,16.081751403172387,1363.0,231.80344642199955,49.56480608577891,333.0,55.04449288576484,11.949926351223919,0.0,0.0,0.0,0.0,0.0,0.0
