id,probability_maraud,successful_mating,next_foraging_time,x_pos,y_pos,foraging_events,foraging_hrs,foraging_sqhrs,staying_events,staying_hrs,staying_sqhrs,repairing_events,repairing_hrs,repairing_sqhrs,marauding_events,marauding_hrs,marauding_sqhrs,traveling_events,traveling_hrs,traveling_sqhrs
0,0.054,8,360.30676876268467,0.0,0.0,573.0,69.92878656661597,15.070622671761544,1679.0,284.44859046603926,60.669786239735515,0.0,0.0,0.0,16.0,1.6000000000000003,0.1600000000000001,92.0,4.25925925925926,0.19718792866940982
1,0.0,6,360.315529040958,0.0,1000.0,581.0,70.46711683237285,14.471389269999083,1391.0,234.7114536772015,49.94495891132749,321.0,54.923476378088026,11.747558085674173,0.0,0.0,0.0,0.0,0.0,0.0
2,0.0,9,360.3549853464458,1000.0,0.0,574.0,69.22393730637619,14.517979304990792,1477.0,248.14303428702218,52.56158359718913,241.0,42.79351795564441,9.502095160622094,0.0,0.0,0.0,0.0,0.0,0.0
3,0.0,9,360.24569708070567,1000.0,1000.0,562.0,70.33297055602596,15.358702426727532,1726.0,289.8280945008753,61.518541233260144,0.0,0.0,0.0,0.0,0.0,0.0,0.0,0.0,0.0
4,0.0,14,360.0341620178839,2000.0,0.0,558.0,68.29655520525566,13.660160828359096,1718.0,291.9977257789281,63.138296075946606,0.0,0.0,0.0,0.0,0.0,0.0,0.0,0.0,0.0
5,0.0,8,360.51530351360384,2000.0,1000.0,557.0,66.75924187254714,13.636745038109039,1711.0,293.542882073425,62.930703073859775,0.0,0.0,0.0,0.0,0.0,0.0,0.0,0.0,0.0
