id,probability_maraud,successful_mating,next_foraging_time,x_pos,y_pos,foraging_events,foraging_hrs,foraging_sqhrs,staying_events,staying_hrs,staying_sqhrs,repairing_events,repairing_hrs,repairing_sqhrs,marauding_events,marauding_hrs,marauding_sqhrs,traveling_events,traveling_hrs,traveling_sqhrs
0,0.0,5,360.7422080123086,0.0,0.0,565.0,68.37054289049807,13.481511879487128,1500.0,250.26257785753768,53.225588393519836,257.0,41.38777074405265,8.756210151773013,0.0,0.0,0.0,0.0,0.0,0.0
1,0.0,6,360.21680939902393,0.0,1000.0,564.0,70.22376830900201,13.992379687764966,1696.0,289.94990341544644,61.9110965077834,0.0,0.0,0.0,0.0,0.0,0.0,0.0,0.0,0.0
2,0.054,18,360.34305924177414,1000.0,0.0,569.0,68.56634499922907,12.902729690603724,1672.0,285.31657895201,61.53018966977959,0.0,0.0,0.0,17.0,1.7000000000000004,0.1700000000000001,94.0,4.447734620919701,0.21219135802469097
3,0.0,10,360.2646844117527,1000.0,1000.0,574.0,69.76679891404267,14.415632559740969,1529.0,259.98378796595944,56.23903623815434,178.0,30.308183101160232,6.51194905051145,0.0,0.0,0.0,0.0,0.0,0.0
4,0.0,6,360.58234374061755,2000.0,0.0,564.0,67.64620959279806,13.454832015191053,1589.0,273.9710164675751,59.32333656662163,112.0,18.38452310889849,3.9282585802773875,0.0,0.0,0.0,0.0,0.0,0.0
5,0.0,9,359.92024477053286,2000.0,1000.0,575.0,68.51910934188439,14.196555227606286,1631.0,279.53953438410986,60.370058177793936,82.0,12.009750043155766,2.240188091063391,0.0,0.0,0.0,0.0,0.0,0.0
