id,probability_maraud,successful_mating,next_foraging_time,x_pos,y_pos,foraging_events,foraging_hrs,foraging_sqhrs,staying_events,staying_hrs,staying_sqhrs,repairing_events,repairing_hrs,repairing_sqhrs,marauding_events,marauding_hrs,marauding_sqhrs,traveling_events,traveling_hrs,traveling_sqhrs
0,0.0,9,360.0704846767139,0.0,0.0,567.0,67.82627453416758,12.8164474209,1714.0,292.21494925243206,63.22147529930666,0.0,0.0,0.0,0.0,0.0,0.0,0.0,0.0,0.0
1,0.0,9,360.1013294007154,0.0,1000.0,558.0,68.20842291287062,13.273358395739486,1573.0,264.63356567476586,55.87780486783415,158.0,27.27041898499201,5.7551926455728415,0.0,0.0,0.0,0.0,0.0,0.0
2,0.0,8,360.21779101402143,1000.0,0.0,559.0,72.7062484308485,15.58048892736323,1515.0,250.63910098014995,52.79447502358856,215.0,36.83411930356971,8.071178106383998,0.0,0.0,0.0,0.0,0.0,0.0
3,0.054,9,360.31764506417784,1000.0,1000.0,576.0,70.14153873530282,14.401689552973687,1694.0,283.7828997039492,61.01048302531687,0.0,0.0,0.0,16.0,1.6000000000000003,0.1600000000000001,97.0,4.509917294554314,0.2100480109739365
4,0.0,12,360.2684689257695,2000.0,0.0,577.0,69.37505726751299,13.333148451463954,1719.0,290.77322521215854,62.29767850663874,0.0,0.0,0.0,0.0,0.0,0.0,0.0,0.0,0.0
5,0.0,7,360.0413989927161,2000.0,1000.0,565.0,67.97642659368897,14.056854974525164,1535.0,262.02111505233546,56.97739838538405,184.0,30.27571368134293,6.416922188163669,0.0,0.0,0.0,0.0,0.0,0.0
