id,probability_maraud,successful_mating,next_foraging_time,x_pos,y_pos,foraging_events,foraging_hrs,foraging_sqhrs,staying_events,staying_hrs,staying_sqhrs,repairing_events,repairing_hrs,repairing_sqhrs,marauding_events,marauding_hrs,marauding_sqhrs,traveling_events,traveling_hrs,traveling_sqhrs
0,0.0,8,360.65232609002004,0.0,0.0,560.0,71.52643461115308,15.432985589894143,1647.0,282.47130503090733,61.26756196231893,43.0,6.069123035380776,1.1769803807551782,0.0,0.0,0.0,0.0,0.0,0.0
1,0.0,6,359.93024548200816,0.0,1000.0,564.0,68.69946135646283,13.778455157139971,1529.0,266.9548423685505,58.91692056331891,148.0,24.494113727839604,5.149645848510961,0.0,0.0,0.0,0.0,0.0,0.0
2,0.0,16,360.2353553369201,1000.0,0.0,574.0,69.15936521472699,13.899207964564834,1355.0,229.83099225854653,49.84483230059808,359.0,61.1026405086643,13.142161842004814,0.0,0.0,0.0,0.0,0.0,0.0
3,0.054,15,360.3050645465661,1000.0,1000.0,564.0,68.7936058299281,14.049350892548073,1667.0,284.47207703908475,61.929402327933325,0.0,0.0,0.0,24.0,2.400000000000001,0.24000000000000016,95.0,4.474854363402428,0.212191358024691
4,0.0,7,360.2051367119788,2000.0,0.0,570.0,68.58796280133282,13.741797416990114,1670.0,291.4847299810593,63.33019667069055,0.0,0.0,0.0,0.0,0.0,0.0,0.0,0.0,0.0
5,0.0,2,360.49476484297014,2000.0,1000.0,553.0,70.03824562488576,14.96423028441009,1380.0,235.46892875406738,50.65167367398656,323.0,54.74487328070511,11.922577088350938,0.0,0.0,0.0,0.0,0.0,0.0
