id,probability_maraud,successful_mating,next_foraging_time,x_pos,y_pos,foraging_events,foraging_hrs,foraging_sqhrs,staying_events,staying_hrs,staying_sqhrs,repairing_events,repairing_hrs,repairing_sqhrs,marauding_events,marauding_hrs,marauding_sqhrs,traveling_events,traveling_hrs,traveling_sqhrs
0,0.054,7,360.0110263584891,0.0,0.0,567.0,73.57271672984622,15.717321131987957,1693.0,281.5737408542156,60.000203120283494,0.0,0.0,0.0,11.0,1.0999999999999999,0.11000000000000004,81.0,3.7883531076271373,0.17789780521261983
1,0.0,7,360.0038043015312,0.0,1000.0,552.0,71.34156279012245,16.116275339937925,1548.0,261.6423564744393,56.35280624072835,160.0,27.184167637885842,5.8526090987216675,0.0,0.0,0.0,0.0,0.0,0.0
2,0.0,12,360.1101855925668,1000.0,0.0,579.0,71.48398798662596,14.940544850141512,1491.0,252.10377674282594,53.56170958793252,228.0,36.66808966476903,7.57600815669647,0.0,0.0,0.0,0.0,0.0,0.0
3,0.0,14,360.33558219035285,1000.0,1000.0,561.0,71.84352711627771,14.595959518166397,1718.0,288.48804207948615,61.548953594428305,0.0,0.0,0.0,0.0,0.0,0.0,0.0,0.0,0.0
4,0.0,9,359.9705435067374,2000.0,0.0,563.0,68.79712517446751,13.939980007719301,1713.0,291.3376078147811,62.803180041392395,0.0,0.0,0.0,0.0,0.0,0.0,0.0,0.0,0.0
5,0.0,5,361.06242820803385,2000.0,1000.0,559.0,69.47084401587435,14.152504979702702,1736.0,290.86622044940725,61.19044635836855,0.0,0.0,0.0,0.0,0.0,0.0,0.0,0.0,0.0
