id,probability_maraud,successful_mating,next_foraging_time,x_pos,y_pos,foraging_events,foraging_hrs,foraging_sqhrs,staying_events,staying_hrs,staying_sqhrs,repairing_events,repairing_hrs,repairing_sqhrs,marauding_events,marauding_hrs,marauding_sqhrs,traveling_events,traveling_hrs,traveling_sqhrs
0,0.054,12,360.2889002950712,0.0,0.0,573.0,73.49122873095922,15.402697159418938,1677.0,281.8614635324201,60.139943325942404,0.0,0.0,0.0,12.0,1.2,0.12000000000000005,78.0,3.6302876649246794,0.16932441700960202
1,0.0,1,360.39318373646864,0.0,1000.0,560.0,71.68118978008081,14.956423219435278,1518.0,258.0124325328543,55.18491068866913,177.0,30.47348679242487,6.55178272394073,0.0,0.0,0.0,0.0,0.0,0.0
2,0.0,12,360.1313277779912,1000.0,0.0,565.0,66.71290022044963,12.968382645597607,1466.0,251.7784154693848,54.67467148885537,249.0,41.67533074655162,9.000666329650263,0.0,0.0,0.0,0.0,0.0,0.0
3,0.0,18,360.2591369973378,1000.0,1000.0,564.0,71.01326480855661,15.557344112932928,1735.0,289.0585407333453,61.2949135612951,0.0,0.0,0.0,0.0,0.0,0.0,0.0,0.0,0.0
4,0.0,5,360.2973100443683,2000.0,0.0,576.0,70.80521032793364,14.799626521542603,1701.0,289.2355791454656,61.44915384890257,0.0,0.0,0.0,0.0,0.0,0.0,0.0,0.0,0.0
5,0.0,6,360.3171892265806,2000.0,1000.0,561.0,71.3104947160223,15.733305129634893,1723.0,288.83615658571057,60.91047945100807,0.0,0.0,0.0,0.0,0.0,0.0,0.0,0.0,0.0
