id,probability_maraud,successful_mating,next_foraging_time,x_pos,y_pos,foraging_events,foraging_hrs,foraging_sqhrs,staying_events,staying_hrs,staying_sqhrs,repairing_events,repairing_hrs,repairing_sqhrs,marauding_events,marauding_hrs,marauding_sqhrs,traveling_events,traveling_hrs,traveling_sqhrs
0,0.054,9,360.0931570535777,0.0,0.0,579.0,70.61511689602902,14.531651845460384,1666.0,283.7191385935332,59.99901654718551,0.0,0.0,0.0,15.0,1.5000000000000002,0.15000000000000008,90.0,4.243372881920944,0.20147462277091874
1,0.0,11,360.3246044995054,0.0,1000.0,573.0,69.71413088517663,14.104029728775956,1592.0,272.1237898309018,58.851521239646104,120.0,18.354590694310303,3.715564862412801,0.0,0.0,0.0,0.0,0.0,0.0
2,0.0,11,360.06550934214346,1000.0,0.0,577.0,73.2425435422918,15.766319234252876,1316.0,219.99979955244416,46.510219634328664,402.0,66.86846851433415,14.003101251377922,0.0,0.0,0.0,0.0,0.0,0.0
3,0.0,7,360.3658333554423,1000.0,1000.0,563.0,68.65977500464614,13.370912869288794,1719.0,285.3898150606388,60.33701123145867,36.0,6.031796072996215,1.2217088124005455,0.0,0.0,0.0,0.0,0.0,0.0
4,0.0,11,360.04062785208004,2000.0,0.0,558.0,69.10482641158,15.069401537606403,1706.0,291.0301584299822,62.48376440091731,0.0,0.0,0.0,0.0,0.0,0.0,0.0,0.0,0.0
5,0.0,5,360.1608434077615,2000.0,1000.0,560.0,69.18353124301869,14.104843335438183,1729.0,290.8893622881192,61.89806716062399,0.0,0.0,0.0,0.0,0.0,0.0,0.0,0.0,0.0
