id,probability_maraud,successful_mating,next_foraging_time,x_pos,y_pos,foraging_events,foraging_hrs,foraging_sqhrs,staying_events,staying_hrs,staying_sqhrs,repairing_events,repairing_hrs,repairing_sqhrs,marauding_events,marauding_hrs,marauding_sqhrs,traveling_events,traveling_hrs,traveling_sqhrs
0,0.0,5,360.3264397842992,0.0,0.0,565.0,68.66329954007867,13.6180844713043,1696.0,285.47021508283774,61.46506267104644,30.0,6.058907495943607,1.4854951594947365,0.0,0.0,0.0,0.0,0.0,0.0
1,0.0,7,360.4718278689846,0.0,1000.0,567.0,70.57285561160163,15.24852355232084,1679.0,283.41380527152836,60.41929679093603,33.0,6.090669430060087,1.3969990043413385,0.0,0.0,0.0,0.0,0.0,0.0
2,0.054,13,360.11212790690837,1000.0,0.0,565.0,71.46205694694562,15.304879018945126,1701.0,282.84706995417207,60.26959788064872,0.0,0.0,0.0,10.0,0.9999999999999999,0.10000000000000003,101.0,4.752632141180208,0.2250514403292177
3,0.0,15,359.9762517919455,1000.0,1000.0,577.0,70.34558805394344,14.13615605878139,1606.0,265.55387191996937,55.97236428490914,153.0,24.153319208362714,4.731736070206172,0.0,0.0,0.0,0.0,0.0,0.0
4,0.0,6,360.49203512226165,2000.0,0.0,564.0,68.42645862954389,14.625851398433605,1624.0,273.36381942321026,58.880851909337856,104.0,18.25504937556828,4.1406590731392,0.0,0.0,0.0,0.0,0.0,0.0
5,0.0,8,360.40993222237114,2000.0,1000.0,571.0,67.76253480836016,13.022539873458049,1678.0,286.23630219759025,62.060517265668665,39.0,6.063808658145691,1.2908300244499045,0.0,0.0,0.0,0.0,0.0,0.0
