id,probability_maraud,successful_mating,next_foraging_time,x_pos,y_pos,foraging_events,foraging_hrs,foraging_sqhrs,staying_events,staying_hrs,staying_sqhrs,repairing_events,repairing_hrs,repairing_sqhrs,marauding_events,marauding_hrs,marauding_sqhrs,traveling_events,traveling_hrs,traveling_sqhrs
0,0.054,5,360.4486374175642,0.0,0.0,553.0,70.67738522661504,15.593254469015818,1664.0,283.65923433724697,60.380212798542516,0.0,0.0,0.0,8.0,0.7999999999999999,0.08000000000000002,104.0,4.910697583882667,0.23362482853223546
1,0.0,4,359.75411948607194,0.0,1000.0,565.0,70.73392785931259,15.012346169337038,1516.0,258.8901412694628,55.562726827848174,183.0,30.376274418806055,6.537252011037824,0.0,0.0,0.0,0.0,0.0,0.0
2,0.0,12,360.718468642526,1000.0,0.0,558.0,68.16316663190734,13.738267616836712,1622.0,279.67486386885736,61.0846763643211,64.0,12.27530680435106,2.8679867499226224,0.0,0.0,0.0,0.0,0.0,0.0
3,0.0,13,359.9862427929017,1000.0,1000.0,579.0,70.5870317887059,14.411213146493617,1679.0,283.3803423311752,60.4688951938503,36.0,6.149859745921177,1.3581850860808602,0.0,0.0,0.0,0.0,0.0,0.0
4,0.0,10,360.18712483287214,2000.0,0.0,578.0,70.08652824669244,14.608121646858452,1738.0,290.0054860603281,61.49962283653931,0.0,0.0,0.0,0.0,0.0,0.0,0.0,0.0,0.0
5,0.0,10,360.0212673417558,2000.0,1000.0,567.0,70.51985635145725,14.106290680049865,1747.0,289.6930609389352,61.609561003159946,0.0,0.0,0.0,0.0,0.0,0.0,0.0,0.0,0.0
