id,probability_maraud,successful_mating,next_foraging_time,x_pos,y_pos,foraging_events,foraging_hrs,foraging_sqhrs,staying_events,staying_hrs,staying_sqhrs,repairing_events,repairing_hrs,repairing_sqhrs,marauding_events,marauding_hrs,marauding_sqhrs,traveling_events,traveling_hrs,traveling_sqhrs
0,0.0,9,360.31483149477316,0.0,0.0,561.0,70.53452827255369,14.822231257851456,1698.0,289.67580320576633,62.274109261601915,0.0,0.0,0.0,0.0,0.0,0.0,0.0,0.0,0.0
1,0.0,11,360.4190546380957,0.0,1000.0,561.0,71.16306651962923,15.560561292397837,1735.0,289.1740911994976,61.57197953583136,0.0,0.0,0.0,0.0,0.0,0.0,0.0,0.0,0.0
2,0.0,10,360.03636505789706,1000.0,0.0,575.0,72.17045503202077,15.689014665799007,1698.0,287.8622276742645,60.845890100559565,0.0,0.0,0.0,0.0,0.0,0.0,0.0,0.0,0.0
3,0.0,9,360.0338490027412,1000.0,1000.0,565.0,68.0220044239821,13.572855455491592,1489.0,255.28853323679928,55.598408332283846,213.0,36.84626662743233,7.968420978571881,0.0,0.0,0.0,0.0,0.0,0.0
4,0.0,4,360.1672591534304,2000.0,0.0,570.0,67.9118446844795,13.804271896220966,1419.0,243.23430717470734,52.29402287450001,296.0,48.987618717192824,10.284401916505013,0.0,0.0,0.0,0.0,0.0,0.0
5,0.054,11,360.33907396215267,2000.0,1000.0,585.0,69.81683034634128,13.908378317142471,1711.0,284.9114291253193,60.571797339928395,0.0,0.0,0.0,14.0,1.4000000000000001,0.14000000000000007,87.0,4.046954331591347,0.18861454046639203
