id,probability_maraud,successful_mating,next_foraging_time,x_pos,y_pos,foraging_events,foraging_hrs,foraging_sqhrs,staying_events,staying_hrs,staying_sqhrs,repairing_events,repairing_hrs,repairing_sqhrs,marauding_events,marauding_hrs,marauding_sqhrs,traveling_events,traveling_hrs,traveling_sqhrs
0,0.0,4,360.4442897329002,0.0,0.0,563.0,67.44501471243073,13.584457180323747,1377.0,231.34644038187966,49.33708894347007,351.0,61.40404893378344,13.551391894527146,0.0,0.0,0.0,0.0,0.0,0.0
1,0.0,7,360.2326133584724,0.0,1000.0,562.0,71.07546213932658,14.954149700374193,1702.0,288.9890007571198,61.95964825099493,0.0,0.0,0.0,0.0,0.0,0.0,0.0,0.0,0.0
2,0.054,17,360.37849116366766,1000.0,0.0,570.0,70.10693969203369,14.366259497794482,1657.0,283.40795443770025,61.192736166509654,0.0,0.0,0.0,19.0,1.9000000000000006,0.1900000000000001,103.0,4.8260481799592325,0.22719478737997212
3,0.0,13,360.5847814291879,1000.0,1000.0,569.0,69.69561540413153,13.44525098652138,1508.0,254.05613186033423,54.15371527349605,222.0,36.415604671228145,7.552100173086147,0.0,0.0,0.0,0.0,0.0,0.0
4,0.0,6,359.9966352944415,2000.0,0.0,567.0,72.15189633549424,15.537678272739385,1578.0,269.5945716901831,58.65400113468326,104.0,18.271790985026072,4.0343504856094095,0.0,0.0,0.0,0.0,0.0,0.0
5,0.0,7,359.9493784089823,2000.0,1000.0,567.0,71.34064521345677,15.64503879901494,1713.0,288.67821817919776,61.89669651043627,0.0,0.0,0.0,0.0,0.0,0.0,0.0,0.0,0.0
