id,probability_maraud,successful_mating,next_foraging_time,x_pos,y_pos,foraging_events,foraging_hrs,foraging_sqhrs,staying_events,staying_hrs,staying_sqhrs,repairing_events,repairing_hrs,repairing_sqhrs,marauding_events,marauding_hrs,marauding_sqhrs,traveling_events,traveling_hrs,traveling_sqhrs
0,0.0,5,360.40171235908264,0.0,0.0,556.0,71.05250899385871,14.957448989618388,1664.0,282.0575335150278,59.973087647213845,42.0,6.921163670471525,1.3626345434888432,0.0,0.0,0.0,0.0,0.0,0.0
1,0.0,8,360.41874986818124,0.0,1000.0,574.0,70.57539911366948,13.74361706891133,1727.0,289.43965055523154,61.02957040010643,0.0,0.0,0.0,0.0,0.0,0.0,0.0,0.0,0.0
2,0.054,7,360.0409597754844,1000.0,0.0,569.0,65.60490528219107,12.218497323571231,1692.0,287.948943069141,61.88268955005587,0.0,0.0,0.0,15.0,1.5000000000000002,0.15000000000000008,107.0,5.011233365144419,0.2357681755829899
3,0.0,16,360.15742870686984,1000.0,1000.0,568.0,70.37372547240027,14.14543614604943,1513.0,259.31672560845846,56.0435922875571,173.0,30.312590424608384,6.80740262376618,0.0,0.0,0.0,0.0,0.0,0.0
4,0.0,10,360.546903464616,2000.0,0.0,557.0,71.86078835646263,15.970094976879903,1389.0,239.42235312013213,52.47805194919813,285.0,48.73359656258632,10.642573663953149,0.0,0.0,0.0,0.0,0.0,0.0
5,0.0,8,360.31241540813244,2000.0,1000.0,572.0,71.30005965681694,15.427630265051711,1701.0,288.80630452073626,62.25435875247194,0.0,0.0,0.0,0.0,0.0,0.0,0.0,0.0,0.0
