id,probability_maraud,successful_mating,next_foraging_time,x_pos,y_pos,foraging_events,foraging_hrs,foraging_sqhrs,staying_events,staying_hrs,staying_sqhrs,repairing_events,repairing_hrs,repairing_sqhrs,marauding_events,marauding_hrs,marauding_sqhrs,traveling_events,traveling_hrs,traveling_sqhrs
0,0.0,4,360.0903196088626,0.0,0.0,564.0,71.01214460201076,14.75071753895013,1544.0,258.72254101633484,54.183655077003266,204.0,30.37173313543602,5.5797472489023425,0.0,0.0,0.0,0.0,0.0,0.0
1,0.0,11,360.3672041845338,0.0,1000.0,559.0,70.87879520294072,14.684075996985769,1719.0,289.1483536658923,61.449872242822615,0.0,0.0,0.0,0.0,0.0,0.0,0.0,0.0,0.0
2,0.054,11,360.5081269122724,1000.0,0.0,573.0,74.14801188664941,16.09107384265235,1673.0,280.052638325651,59.84632215945554,0.0,0.0,0.0,17.0,1.7000000000000004,0.1700000000000001,89.0,4.158723477997509,0.1950445816186554
3,0.0,11,360.0915940271545,1000.0,1000.0,570.0,69.13088623476592,13.90564158302352,1387.0,235.8522893448364,51.49401973696044,332.0,55.04574181838206,11.855091931326685,0.0,0.0,0.0,0.0,0.0,0.0
4,0.0,5,360.0355111164104,2000.0,0.0,578.0,72.46549606120975,15.252027250438733,1625.0,275.6596935699855,58.90846063279846,73.0,12.096943532378685,2.540133862340244,0.0,0.0,0.0,0.0,0.0,0.0
5,0.0,12,360.1335897286626,2000.0,1000.0,572.0,66.34598651557761,12.776145261960279,1734.0,287.82560899751144,61.43422508843767,37.0,6.068031715420653,1.2237512201453036,0.0,0.0,0.0,0.0,0.0,0.0
