id,probability_maraud,successful_mating,next_foraging_time,x_pos,y_pos,foraging_events,foraging_hrs,foraging_sqhrs,staying_events,staying_hrs,staying_sqhrs,repairing_events,repairing_hrs,repairing_sqhrs,marauding_events,marauding_hrs,marauding_sqhrs,traveling_events,traveling_hrs,traveling_sqhrs
0,0.0,9,360.2474290751143,0.0,0.0,576.0,70.0800389422551,14.72547574513379,1698.0,284.11723253231776,60.0451724737035,32.0,6.029137130858387,1.4138567680471719,0.0,0.0,0.0,0.0,0.0,0.0
1,0.0,4,360.34459989515375,0.0,1000.0,569.0,68.2168419352113,13.685077899248917,1733.0,291.9382395383147,61.89096306959117,0.0,0.0,0.0,0.0,0.0,0.0,0.0,0.0,0.0
2,0.054,16,360.32573231571007,1000.0,0.0,563.0,71.68611109919615,15.085182138028586,1678.0,283.4183849218599,60.502840784025665,0.0,0.0,0.0,13.0,1.3,0.13000000000000006,78.0,3.6302876649246794,0.16932441700960202
3,0.0,8,360.5349878945322,1000.0,1000.0,568.0,71.70528012438744,15.175954640980386,1613.0,270.0809363288362,57.31174893981944,107.0,18.219868930276977,4.114484852161261,0.0,0.0,0.0,0.0,0.0,0.0
4,0.0,7,360.07504653454777,2000.0,0.0,578.0,67.91745374877817,12.810326366106656,1406.0,237.2882135258943,50.38001605846397,317.0,55.02174824105634,11.991713458593255,0.0,0.0,0.0,0.0,0.0,0.0
5,0.0,10,360.32807670263287,2000.0,1000.0,560.0,73.52392786332673,15.771651767075731,1711.0,286.5967721317361,60.674782786391354,0.0,0.0,0.0,0.0,0.0,0.0,0.0,0.0,0.0
