id,probability_maraud,successful_mating,next_foraging_time,x_pos,y_pos,foraging_events,foraging_hrs,foraging_sqhrs,staying_events,staying_hrs,staying_sqhrs,repairing_events,repairing_hrs,repairing_sqhrs,marauding_events,marauding_hrs,marauding_sqhrs,traveling_events,traveling_hrs,traveling_sqhrs
0,0.0,5,360.3347036539683,0.0,0.0,566.0,68.79711220850463,13.113937565070257,1440.0,242.48629967356536,51.57211798033408,287.0,48.74789934672719,10.631032610910413,0.0,0.0,0.0,0.0,0.0,0.0
1,0.0,6,359.9227082126178,0.0,1000.0,561.0,64.50891583799744,12.618398557610638,1733.0,295.5001479990358,63.92838326386861,0.0,0.0,0.0,0.0,0.0,0.0,0.0,0.0,0.0
2,0.054,11,360.04972401224893,1000.0,0.0,569.0,73.3206825067091,14.960647533908807,1670.0,279.1347105580214,59.284602289195654,0.0,0.0,0.0,18.0,1.8000000000000005,0.1800000000000001,123.0,5.751974105885167,0.2700617283950613
3,0.0,15,359.94985498267346,1000.0,1000.0,565.0,68.48711370734173,13.773684026668036,1592.0,268.89014469137305,57.37398524387414,131.0,22.639705406380465,4.8342072322481515,0.0,0.0,0.0,0.0,0.0,0.0
4,0.0,6,359.95900849703577,2000.0,0.0,563.0,71.51973588763025,14.254097924969358,1513.0,252.1744858209049,53.49951654763106,210.0,36.40205109060838,7.917836116346539,0.0,0.0,0.0,0.0,0.0,0.0
5,0.0,11,360.03734403694915,2000.0,1000.0,566.0,66.3994068594313,13.004426994284414,1727.0,293.8186157510414,63.501727979842975,0.0,0.0,0.0,0.0,0.0,0.0,0.0,0.0,0.0
