id,probability_maraud,successful_mating,next_foraging_time,x_pos,y_pos,foraging_events,foraging_hrs,foraging_sqhrs,staying_events,staying_hrs,staying_sqhrs,repairing_events,repairing_hrs,repairing_sqhrs,marauding_events,marauding_hrs,marauding_sqhrs,traveling_events,traveling_hrs,traveling_sqhrs
0,0.0,10,359.9731293514521,0.0,0.0,566.0,74.71336345668817,16.56391830869075,1704.0,285.422460918762,60.50108193095602,0.0,0.0,0.0,0.0,0.0,0.0,0.0,0.0,0.0
1,0.0,12,360.25364997136256,0.0,1000.0,562.0,72.8507588528193,16.135309823670365,1718.0,287.3937122511363,61.29499823419849,0.0,0.0,0.0,0.0,0.0,0.0,0.0,0.0,0.0
2,0.0,3,359.82002864515675,1000.0,0.0,577.0,72.46838845094763,15.661318531423651,1328.0,226.39590378787344,49.05384452485718,350.0,61.277272515035946,13.28990133006868,0.0,0.0,0.0,0.0,0.0,0.0
3,0.0,22,360.17203363347943,1000.0,1000.0,566.0,67.23865674832189,13.672589136017683,1706.0,293.0114684058194,63.832565406219516,0.0,0.0,0.0,0.0,0.0,0.0,0.0,0.0,0.0
4,0.054,4,360.4183144210525,2000.0,0.0,565.0,70.08816799689117,15.009318502783064,1671.0,282.4628877752774,60.28686470472832,0.0,0.0,0.0,22.0,2.2000000000000006,0.22000000000000014,114.0,5.296954331591357,0.2464849108367621
5,0.0,3,359.88974301870735,2000.0,1000.0,556.0,73.93100031140975,16.03775483446128,1280.0,213.09675678906106,45.26621377870403,432.0,72.98105840947352,15.465644837389737,0.0,0.0,0.0,0.0,0.0,0.0
