id,probability_maraud,successful_mating,next_foraging_time,x_pos,y_pos,foraging_events,foraging_hrs,foraging_sqhrs,staying_events,staying_hrs,staying_sqhrs,repairing_events,repairing_hrs,repairing_sqhrs,marauding_events,marauding_hrs,marauding_sqhrs,traveling_events,traveling_hrs,traveling_sqhrs
0,0.0,10,360.41754885105735,0.0,0.0,558.0,73.17171382298503,15.155801615927585,1607.0,268.7784527613137,57.03516088577254,104.0,18.13053438883693,3.8735926609160343,0.0,0.0,0.0,0.0,0.0,0.0
1,0.054,5,359.9017991829581,0.0,1000.0,562.0,72.00733232940495,15.1185041145373,1677.0,283.6280566486906,60.387256903177644,0.0,0.0,0.0,13.0,1.3,0.13000000000000006,65.0,3.0667889206999663,0.1457475994513031
2,0.0,12,360.50730505686096,1000.0,0.0,562.0,70.93869281921606,14.940964569729427,1685.0,283.0343915317054,60.38640297912241,36.0,6.185261742053216,1.2581812291642438,0.0,0.0,0.0,0.0,0.0,0.0
3,0.0,11,360.16991813853207,1000.0,1000.0,573.0,72.37016165866818,15.75553039203043,1358.0,232.47586506270125,50.16977957103376,312.0,55.246224730238595,12.103900370721375,0.0,0.0,0.0,0.0,0.0,0.0
4,0.0,7,360.64833521904785,2000.0,0.0,565.0,69.67128947733578,14.283165664228852,1693.0,290.4521257658747,62.97646925424852,0.0,0.0,0.0,0.0,0.0,0.0,0.0,0.0,0.0
5,0.0,9,360.9828820044292,2000.0,1000.0,559.0,72.69933084880758,15.99945304889039,1684.0,287.81077610597976,62.36244382409892,0.0,0.0,0.0,0.0,0.0,0.0,0.0,0.0,0.0
