id,probability_maraud,successful_mating,next_foraging_time,x_pos,y_pos,foraging_events,foraging_hrs,foraging_sqhrs,staying_events,staying_hrs,staying_sqhrs,repairing_events,repairing_hrs,repairing_sqhrs,marauding_events,marauding_hrs,marauding_sqhrs,traveling_events,traveling_hrs,traveling_sqhrs
0,0.054,15,360.0841681606155,0.0,0.0,573.0,71.84740829503528,15.073997280539956,1680.0,283.3704794611911,60.916666705661704,0.0,0.0,0.0,11.0,1.0999999999999999,0.11000000000000004,83.0,3.8617691464061608,0.18004115226337428
1,0.0,7,360.07087252774716,0.0,1000.0,562.0,69.16346249841665,14.223662364998395,1509.0,260.2131659482797,56.140444105958146,183.0,30.715226925226705,6.624372145244913,0.0,0.0,0.0,0.0,0.0,0.0
2,0.0,5,360.5880344588229,1000.0,0.0,581.0,70.52268939006544,13.674191964924198,1541.0,258.78991393145355,55.132882817395554,184.0,30.925239395850692,6.641063150611582,0.0,0.0,0.0,0.0,0.0,0.0
3,0.0,11,360.28926358733236,1000.0,1000.0,561.0,67.52891483740268,13.277797001452795,1717.0,286.54729872730604,60.77463910141128,43.0,6.008293821739317,1.1832021109202215,0.0,0.0,0.0,0.0,0.0,0.0
4,0.0,10,360.0601338321334,2000.0,0.0,573.0,74.26293664225939,16.018065005508827,1679.0,285.7482593643704,61.87287697442069,0.0,0.0,0.0,0.0,0.0,0.0,0.0,0.0,0.0
5,0.0,6,360.52503676245044,2000.0,1000.0,559.0,70.1305471014099,15.355352149558293,1686.0,289.93292973728705,63.935765269005365,0.0,0.0,0.0,0.0,0.0,0.0,0.0,0.0,0.0
