id,probability_maraud,successful_mating,next_foraging_time,x_pos,y_pos,foraging_events,foraging_hrs,foraging_sqhrs,staying_events,staying_hrs,staying_sqhrs,repairing_events,repairing_hrs,repairing_sqhrs,marauding_events,marauding_hrs,marauding_sqhrs,traveling_events,traveling_hrs,traveling_sqhrs
0,0.054,15,359.93399384968234,0.0,0.0,564.0,70.96612561539203,14.26406212652803,1677.0,284.7196148205179,61.5956957301734,0.0,0.0,0.0,9.0,0.8999999999999999,0.09000000000000002,74.0,3.4834555873666324,0.16503772290809313
1,0.0,6,360.28034640576345,0.0,1000.0,552.0,66.07838242904356,12.746100597020407,1296.0,220.7262815988875,47.854780294068625,440.0,73.21337837486303,15.610984333565865,0.0,0.0,0.0,0.0,0.0,0.0
2,0.0,12,360.2352704794192,1000.0,0.0,569.0,68.7750242721159,13.736124963291592,1313.0,224.04011442227255,48.25816217976241,400.0,67.40631633795901,14.6442759350436,0.0,0.0,0.0,0.0,0.0,0.0
3,0.054,10,360.2463629737822,1000.0,1000.0,557.0,73.58441847992088,16.79205407795338,1689.0,279.6165784637415,58.96571741058185,0.0,0.0,0.0,18.0,1.8000000000000005,0.1800000000000001,109.0,5.084649403923444,0.23791152263374432
4,0.054,9,359.9957317428014,2000.0,0.0,565.0,72.36209614972877,15.735415324425608,1603.0,271.477053577313,58.47378076940644,66.0,12.397189472262365,2.919401329154642,7.0,0.7,0.07,69.0,3.232797552071582,0.15217764060356645
5,0.0,4,359.85465111544977,2000.0,1000.0,563.0,72.87984035140298,16.237014537948376,1295.0,217.87638537694014,46.89614256769708,409.0,69.24831749498838,14.655030140338964,0.0,0.0,0.0,0.0,0.0,0.0
6,0.0,5,360.2792993824487,3000.0,0.0,556.0,71.58179494216336,15.82737118188521,1463.0,252.01929551142993,54.602126499964584,207.0,36.64259282223671,8.240505413822419,0.0,0.0,0.0,0.0,0.0,0.0
7,0.054,11,359.9930818120385,3000.0,1000.0,565.0,69.49358337515889,13.315205306502879,1658.0,285.6993803689975,62.577850602383386,0.0,0.0,0.0,9.0,0.8999999999999999,0.09000000000000002,84.0,3.927241996516026,0.18432784636488314
