id,probability_maraud,successful_mating,next_foraging_time,x_pos,y_pos,foraging_events,foraging_hrs,foraging_sqhrs,staying_events,staying_hrs,staying_sqhrs,repairing_events,repairing_hrs,repairing_sqhrs,marauding_events,marauding_hrs,marauding_sqhrs,traveling_events,traveling_hrs,traveling_sqhrs
0,0.054,7,360.2064023880224,0.0,0.0,571.0,68.36823242022928,13.909603900456485,1721.0,287.0282161393321,61.50397424559467,0.0,0.0,0.0,10.0,0.9999999999999999,0.10000000000000003,80.0,3.722880257517272,0.1736111111111109
1,0.0,8,360.5639557646028,0.0,1000.0,562.0,72.64202295621581,14.976759613811438,1484.0,246.67981099195825,52.125464113518866,238.0,40.738397675108104,8.74382239242486,0.0,0.0,0.0,0.0,0.0,0.0
2,0.0,15,360.24983446852167,1000.0,0.0,572.0,68.11630097791456,13.087018044588643,1414.0,243.39345508537568,52.31218537530701,288.0,48.54721280851344,10.185167120799038,0.0,0.0,0.0,0.0,0.0,0.0
3,0.0,8,360.15144988993893,1000.0,1000.0,558.0,70.01979490379856,14.755372951438396,1703.0,283.9639995025127,59.895116652454604,40.0,6.165903983498829,1.2478756166541265,0.0,0.0,0.0,0.0,0.0,0.0
4,0.054,9,360.2487152967739,2000.0,0.0,577.0,67.6658495497265,13.61501753307663,1311.0,224.36362366966728,48.07297677023047,348.0,61.16040452907903,13.231971214802856,19.0,1.9000000000000006,0.1900000000000001,104.0,4.9490506915098065,0.2379115226337444
5,0.054,7,360.14445088641725,2000.0,1000.0,570.0,74.12300457351041,15.91583272159656,1393.0,233.29729013460317,49.38778990303438,286.0,48.66377618953623,10.427401189201744,10.0,0.9999999999999999,0.10000000000000003,64.0,2.9821395167765314,0.13931755829903977
6,0.054,13,360.2435655483318,3000.0,0.0,581.0,73.13393073570155,15.837898408172197,1477.0,251.70558574852004,54.31484594671295,172.0,30.419344012060222,6.584524250172826,10.0,0.9999999999999999,0.10000000000000003,81.0,3.7883531076271373,0.17789780521261983
7,0.0,5,360.39404523288624,3000.0,1000.0,563.0,69.30354289557108,14.748414048809154,1348.0,230.11180502014705,49.543152940808376,353.0,60.78403984993178,13.328881646826249,0.0,0.0,0.0,0.0,0.0,0.0
