id,probability_maraud,successful_mating,next_foraging_time,x_pos,y_pos,foraging_events,foraging_hrs,foraging_sqhrs,staying_events,staying_hrs,staying_sqhrs,repairing_events,repairing_hrs,repairing_sqhrs,marauding_events,marauding_hrs,marauding_sqhrs,traveling_events,traveling_hrs,traveling_sqhrs
0,0.0,4,360.3486876416977,0.0,0.0,569.0,70.45359439071747,14.429929488770375,1711.0,289.6155408733385,62.44078033323727,0.0,0.0,0.0,0.0,0.0,0.0,0.0,0.0,0.0
1,0.0,16,359.98627636621234,0.0,1000.0,566.0,71.09991404524041,15.38707579251126,1732.0,288.91750316492954,60.85918311088947,0.0,0.0,0.0,0.0,0.0,0.0,0.0,0.0,0.0
2,0.0,16,360.1868333880004,1000.0,0.0,557.0,66.68310336782278,13.323515359068349,1528.0,262.6074535293593,57.2162094987473,181.0,30.825144464045895,6.6663125809946395,0.0,0.0,0.0,0.0,0.0,0.0
3,0.0,10,360.4268408843359,1000.0,1000.0,574.0,70.71064565368475,14.65715130885296,1606.0,270.9520915787726,58.087149026954386,109.0,18.360657158131684,3.804916200747293,0.0,0.0,0.0,0.0,0.0,0.0
4,0.054,8,360.0791810466789,2000.0,0.0,572.0,66.46358023009397,12.755656861806242,1348.0,225.08128807940463,48.06865891197655,384.0,63.1616306534217,13.475613880697292,13.0,1.3,0.13000000000000006,87.0,4.046954331591347,0.18861454046639203
5,0.054,8,360.04911889480286,2000.0,1000.0,567.0,69.94109683212415,15.489478168262103,1279.0,219.13686905438675,47.79374715833711,421.0,67.4813506558331,14.164974278910416,7.0,0.7,0.07,61.0,2.8816037355147808,0.13717421124828533
6,0.054,5,360.33656463486085,3000.0,0.0,565.0,72.37800174046558,15.049194289485584,1365.0,232.63407055204098,49.70101100685939,281.0,49.250995280213274,11.052592868804368,19.0,1.9000000000000006,0.1900000000000001,83.0,3.88094570021973,0.1821844993141287
7,0.054,5,360.2612428343173,3000.0,1000.0,588.0,68.90194372832082,13.341948148165576,1280.0,219.5664329957347,47.524513369964566,396.0,66.98314433245716,14.08292249091838,11.0,1.0999999999999999,0.11000000000000004,75.0,3.4722222222222214,0.16075102880658423
