id,probability_maraud,successful_mating,next_foraging_time,x_pos,y_pos,foraging_events,foraging_hrs,foraging_sqhrs,staying_events,staying_hrs,staying_sqhrs,repairing_events,repairing_hrs,repairing_sqhrs,marauding_events,marauding_hrs,marauding_sqhrs,traveling_events,traveling_hrs,traveling_sqhrs
0,0.0,9,359.7354151116437,0.0,0.0,559.0,71.18866517427952,15.368951235296228,1461.0,245.85825763329927,52.884926803900136,248.0,43.103265325028886,9.567903581674356,0.0,0.0,0.0,0.0,0.0,0.0
1,0.0,5,360.18972191023613,0.0,1000.0,577.0,70.92096546295244,14.279541125759941,1431.0,240.17326683684206,50.6100286543848,280.0,48.92176012933485,10.473782357605506,0.0,0.0,0.0,0.0,0.0,0.0
2,0.054,9,360.3335950944169,1000.0,0.0,569.0,72.40106772793898,15.348358445455023,1216.0,208.54432000299298,45.111012217088145,437.0,73.60231690946912,15.8907091026406,17.0,1.7000000000000004,0.1700000000000001,82.0,3.7962962962962954,0.17575445816186536
3,0.054,11,359.8650934941111,1000.0,1000.0,555.0,70.10047961078851,14.424869653105699,1385.0,234.97522226158182,51.00008646530923,294.0,48.97338976180194,10.209303752573756,19.0,1.9000000000000006,0.1900000000000001,87.0,4.066130885404916,0.1907578875171465
4,0.054,16,360.0893440489507,2000.0,0.0,562.0,69.011819506925,14.705446985602874,1463.0,246.66685553587394,52.45532179240844,218.0,38.109438607877784,8.247463198967761,24.0,2.400000000000001,0.24000000000000016,85.0,3.9735382928123224,0.1864711934156376
5,0.0,10,360.067942585877,2000.0,1000.0,568.0,72.37294390579082,15.229596178574852,1282.0,220.9121913677207,47.821537824883166,382.0,66.8831479544089,14.584663584132382,0.0,0.0,0.0,0.0,0.0,0.0
6,0.054,5,360.5662476177482,3000.0,0.0,561.0,71.00540296785823,15.031908544620919,1319.0,223.60613101771276,48.88189572716187,365.0,60.90400455039276,13.234555887672041,8.0,0.7999999999999999,0.08000000000000002,79.0,3.6957605150345447,0.1736111111111109
7,0.0,7,360.3918195117127,3000.0,1000.0,563.0,72.30320895239767,15.95104146478352,1519.0,257.1228719946082,55.60438644482476,166.0,30.61164562561107,7.064944957764943,0.0,0.0,0.0,0.0,0.0,0.0
