id,probability_maraud,successful_mating,next_foraging_time,x_pos,y_pos,foraging_events,foraging_hrs,foraging_sqhrs,staying_events,staying_hrs,staying_sqhrs,repairing_events,repairing_hrs,repairing_sqhrs,marauding_events,marauding_hrs,marauding_sqhrs,traveling_events,traveling_hrs,traveling_sqhrs
0,0.0,11,360.43775065917964,0.0,0.0,571.0,70.32314965067589,15.085344895654488,1483.0,247.37267114796026,52.2777651121913,253.0,42.44669953434216,9.070142934687548,0.0,0.0,0.0,0.0,0.0,0.0
1,0.054,9,360.15300502207356,0.0,1000.0,571.0,70.26927304777604,14.825430660821139,1605.0,266.64118321988883,56.593415432427044,111.0,18.201952788475676,3.7919594293740295,15.0,1.5000000000000002,0.15000000000000008,75.0,3.4722222222222214,0.16075102880658423
2,0.0,14,360.2627745705053,1000.0,0.0,559.0,71.52935031299837,15.570690691556019,1495.0,251.93829102378268,53.86099017986843,210.0,36.643692833590194,7.995188218766563,0.0,0.0,0.0,0.0,0.0,0.0
3,0.054,9,360.1893783942165,1000.0,1000.0,565.0,73.22199668747666,16.932583672314006,1349.0,227.3226120937695,47.992852406351645,332.0,54.8030372791488,11.54205544607252,14.0,1.4000000000000001,0.14000000000000007,74.0,3.4642790335530633,0.16289437585733868
4,0.054,2,360.4052758775274,2000.0,0.0,556.0,69.65425733392048,15.90669810438969,1364.0,230.3339517314517,50.17420072047227,328.0,55.44469813859437,11.994750078926979,10.0,0.9999999999999999,0.10000000000000003,77.0,3.66069758388266,0.17575445816186538
5,0.0,13,360.0816104812528,2000.0,1000.0,556.0,70.27519486603562,14.880580698868041,1345.0,227.91409353911118,49.09965840417706,355.0,61.82705023922511,13.296067451050725,0.0,0.0,0.0,0.0,0.0,0.0
6,0.054,6,360.5439804127251,3000.0,0.0,568.0,70.77553459917935,14.806039590805135,1622.0,271.3748768185896,57.29214827677602,74.0,12.235857161110301,2.736162014818911,13.0,1.3,0.13000000000000006,94.0,4.428558067106131,0.21004801097393655
7,0.0,8,359.972586618263,3000.0,1000.0,560.0,73.39084450532404,16.527422769129043,1512.0,256.3144759456308,54.65671724616901,176.0,30.400014786465213,6.468066227700115,0.0,0.0,0.0,0.0,0.0,0.0
