id,probability_maraud,successful_mating,next_foraging_time,x_pos,y_pos,foraging_events,foraging_hrs,foraging_sqhrs,staying_events,staying_hrs,staying_sqhrs,repairing_events,repairing_hrs,repairing_sqhrs,marauding_events,marauding_hrs,marauding_sqhrs,traveling_events,traveling_hrs,traveling_sqhrs
0,0.054,4,360.190314453869,0.0,0.0,568.0,68.17799079932126,13.107000733435447,1714.0,286.7450517417596,61.1562827568877,0.0,0.0,0.0,14.0,1.4000000000000001,0.14000000000000007,82.0,3.8154728501098645,0.17789780521261983
1,0.0,3,360.1855573187095,0.0,1000.0,561.0,70.54842355566676,14.38699587100558,1254.0,210.11291268335842,44.457586031029074,456.0,79.34098320728789,17.2741700046756,0.0,0.0,0.0,0.0,0.0,0.0
2,0.0,4,360.5944571448218,1000.0,0.0,562.0,71.71852470699488,15.861248665943286,1194.0,202.91350534468137,44.15152337985616,496.0,85.4138876038447,18.638178979926437,0.0,0.0,0.0,0.0,0.0,0.0
3,0.054,20,360.849747044963,1000.0,1000.0,565.0,69.35565706420276,13.809065422090487,1394.0,243.61137829170247,53.98771840960515,245.0,42.86463399185783,9.492746627961719,11.0,1.0999999999999999,0.11000000000000004,74.0,3.4642790335530638,0.16289437585733868
4,0.054,12,360.3173884099196,2000.0,0.0,571.0,69.50081130635111,14.15452836553916,1463.0,248.0582852012013,52.21812804743396,212.0,36.841851473451804,8.08968779737008,14.0,1.4000000000000001,0.14000000000000007,91.0,4.289669178217242,0.20361796982167316
5,0.054,13,360.0557178098261,2000.0,1000.0,545.0,73.43191140692693,15.971987926075574,1443.0,243.39465162683786,52.718169374077036,205.0,36.93071284047378,8.117297185691974,20.0,2.0000000000000004,0.20000000000000012,93.0,4.363085216996265,0.20576131687242763
6,0.0,5,360.08189209941406,3000.0,0.0,562.0,67.26753802147277,13.367586787044345,1517.0,256.2842822022348,54.85498505556107,212.0,36.59992131997963,7.7520458704403685,0.0,0.0,0.0,0.0,0.0,0.0
7,0.0,11,360.4644953328514,3000.0,1000.0,569.0,72.06164883890807,15.054983103303003,1454.0,244.90422544391913,52.10864106992371,241.0,43.08623934572274,9.478501629098181,0.0,0.0,0.0,0.0,0.0,0.0
