id,probability_maraud,successful_mating,next_foraging_time,x_pos,y_pos,foraging_events,foraging_hrs,foraging_sqhrs,staying_events,staying_hrs,staying_sqhrs,repairing_events,repairing_hrs,repairing_sqhrs,marauding_events,marauding_hrs,marauding_sqhrs,traveling_events,traveling_hrs,traveling_sqhrs
0,0.0,5,360.1547536592473,0.0,0.0,576.0,69.16433987735924,13.339240294018856,1388.0,236.2730017258975,51.133579720199656,333.0,54.86508029164644,11.594297353603329,0.0,0.0,0.0,0.0,0.0,0.0
1,0.054,11,360.0336307221111,0.0,1000.0,572.0,68.39472747019872,13.455326788359674,1664.0,280.92618604865464,60.471105565391355,44.0,6.008891117798392,1.0403858253712517,7.0,0.7,0.07,89.0,4.13954692418394,0.19290123456790093
2,0.054,5,360.2825296654461,1000.0,0.0,560.0,76.06204750611509,17.518616683154544,1604.0,277.97358038397505,60.189339562909126,0.0,0.0,0.0,19.0,1.9000000000000006,0.1900000000000001,89.0,4.1970765856246475,0.19933127572016435
3,0.0,10,360.69679473312664,1000.0,1000.0,554.0,72.09969116452972,16.00308227370569,1274.0,215.1959022379835,46.29969701258537,425.0,72.92170585101762,16.039721848374818,0.0,0.0,0.0,0.0,0.0,0.0
4,0.0,12,360.14463098379065,2000.0,0.0,567.0,69.24429184468733,14.240471857088009,1276.0,217.24302757261265,46.81807058389718,441.0,73.5559079858059,15.492372867044697,0.0,0.0,0.0,0.0,0.0,0.0
5,0.054,12,360.0077299064968,2000.0,1000.0,555.0,70.28252719179352,14.29152821129445,1374.0,236.48152092696316,51.277153967542986,303.0,48.497838987268864,10.208039997379434,10.0,0.9999999999999999,0.10000000000000003,80.0,3.742056811330841,0.17575445816186536
6,0.0,10,360.14856399187556,3000.0,0.0,574.0,69.3365386094818,14.680447702151891,1403.0,236.48065277652492,50.36271720982488,333.0,54.31149906683477,11.785139729843825,0.0,0.0,0.0,0.0,0.0,0.0
7,0.054,7,360.2871887810552,3000.0,1000.0,559.0,70.47331522671222,14.448043207655894,1587.0,270.73543519750456,58.20619249050783,75.0,12.156575194831722,2.5347593954056475,17.0,1.7000000000000004,0.1700000000000001,106.0,4.984113622661692,0.23576817558298988
