id,probability_maraud,successful_mating,next_foraging_time,x_pos,y_pos,foraging_events,foraging_hrs,foraging_sqhrs,staying_events,staying_hrs,staying_sqhrs,repairing_events,repairing_hrs,repairing_sqhrs,marauding_events,marauding_hrs,marauding_sqhrs,traveling_events,traveling_hrs,traveling_sqhrs
0,0.054,13,360.6885611742792,0.0,0.0,580.0,72.17645281749637,15.813337399389123,1479.0,258.47430026961615,57.39180281261523,154.0,24.29894569578493,4.949481664327217,12.0,1.2,0.12000000000000005,85.0,3.9543617389987533,0.18432784636488314
1,0.0,6,360.34820521163164,0.0,1000.0,562.0,71.48708651224045,14.926326953763615,1539.0,264.64152427850644,57.53572875554339,138.0,24.09012176731416,5.509845211531394,0.0,0.0,0.0,0.0,0.0,0.0
2,0.054,6,360.3343802291099,1000.0,0.0,563.0,72.67997651401362,14.941425667255297,1286.0,215.88350132558688,46.208948026236165,403.0,67.02188676669671,14.288986338618507,13.0,1.3,0.13000000000000006,70.0,3.279093848367878,0.15432098765432095
3,0.0,8,360.05031002776946,1000.0,1000.0,569.0,70.48179029882304,14.64490478077185,1501.0,252.9115256577241,54.2442580640697,215.0,36.71458955461939,7.827084493761044,0.0,0.0,0.0,0.0,0.0,0.0
4,0.054,14,359.96201118605427,2000.0,0.0,579.0,71.21427147215876,14.540161606575444,1370.0,235.15011010185685,51.23635443008734,284.0,47.54066614860542,9.929710521240123,16.0,1.6000000000000003,0.1600000000000001,98.0,4.652096359918458,0.22290809327846317
5,0.054,8,360.392513991082,2000.0,1000.0,563.0,72.38702665792623,15.454613788998804,1456.0,246.9788815317495,53.0398701974496,224.0,36.64731610931747,7.732114055725806,10.0,0.9999999999999999,0.10000000000000003,64.0,3.02049262440367,0.14360425240054867
6,0.0,8,360.36464047215753,3000.0,0.0,559.0,75.07292945512908,16.929819248206822,1296.0,224.33453993322038,48.422105660785434,373.0,60.60586688307556,12.600763294270998,0.0,0.0,0.0,0.0,0.0,0.0
7,0.0,9,360.93385243673043,3000.0,1000.0,565.0,70.06638711502443,14.748854521301608,1627.0,277.8631019884172,60.33661366077953,82.0,12.225352481757554,2.357660236337542,0.0,0.0,0.0,0.0,0.0,0.0
