id,probability_maraud,successful_mating,next_foraging_time,x_pos,y_pos,foraging_events,foraging_hrs,foraging_sqhrs,staying_events,staying_hrs,staying_sqhrs,repairing_events,repairing_hrs,repairing_sqhrs,marauding_events,marauding_hrs,marauding_sqhrs,traveling_events,traveling_hrs,traveling_sqhrs
0,0.0,8,360.60534432276205,0.0,0.0,572.0,66.75272473634537,12.882723156315285,1727.0,293.4533446032977,63.05369502832207,0.0,0.0,0.0,0.0,0.0,0.0,0.0,0.0,0.0
1,0.0,5,360.0592084588013,0.0,1000.0,560.0,69.35108911133058,14.629001948008757,1550.0,266.45828653672373,58.17591415701203,132.0,24.304037415073843,5.460884732673673,0.0,0.0,0.0,0.0,0.0,0.0
2,0.0,9,360.62068079121525,1000.0,0.0,556.0,71.68065311056701,15.193631332617016,1384.0,239.43720594552696,52.294995035496385,296.0,48.9127905981837,10.289390338648005,0.0,0.0,0.0,0.0,0.0,0.0
3,0.054,4,360.35194118625424,1000.0,1000.0,575.0,71.36309939405744,14.529231913952783,1578.0,264.7897178388577,56.426960768584465,109.0,18.252873423140038,3.757835778068338,13.0,1.3,0.13000000000000006,93.0,4.343908663182696,0.20361796982167318
4,0.054,15,360.3790714555822,2000.0,0.0,567.0,76.25719366193204,17.079036882886992,1384.0,230.59420623328063,49.17229516786798,282.0,48.6286052775682,10.581849725094058,11.0,1.0999999999999999,0.11000000000000004,75.0,3.5297518836629287,0.1671810699588476
5,0.054,11,360.05762200529614,2000.0,1000.0,572.0,69.77546428411561,13.479681966451848,1288.0,218.76093601806153,47.23720668633541,382.0,66.97894122742014,14.543960767304556,10.0,0.9999999999999999,0.10000000000000003,81.0,3.8267062152542755,0.18218449931412872
6,0.054,11,360.7406708508949,3000.0,0.0,571.0,70.65860335328253,13.860407137717868,1625.0,278.3361108632288,60.34945862715071,31.0,6.114352570682915,1.4868877469663457,10.0,0.9999999999999999,0.10000000000000003,84.0,3.908065442702457,0.1821844993141287
7,0.0,9,359.83725435520313,3000.0,1000.0,564.0,72.12669787809614,15.256704565788773,1389.0,233.40102043129815,49.88809738369315,304.0,54.49236712303926,12.026167246983503,0.0,0.0,0.0,0.0,0.0,0.0
