id,probability_maraud,successful_mating,next_foraging_time,x_pos,y_pos,foraging_events,foraging_hrs,foraging_sqhrs,staying_events,staying_hrs,staying_sqhrs,repairing_events,repairing_hrs,repairing_sqhrs,marauding_events,marauding_hrs,marauding_sqhrs,traveling_events,traveling_hrs,traveling_sqhrs
0,0.054,10,360.3251857298114,0.0,0.0,569.0,72.30741146976143,14.834282421657305,1544.0,256.47560671417716,54.74412886736286,154.0,24.460617968720264,4.950179542946986,23.0,2.3000000000000007,0.23000000000000015,96.0,4.5019741058851555,0.21219135802469094
1,0.0,15,360.4551925179562,0.0,1000.0,562.0,73.19261307760515,15.499364868167888,1348.0,231.72638467128357,51.27844105658002,325.0,55.15804165191312,11.945758237093402,0.0,0.0,0.0,0.0,0.0,0.0
2,0.054,6,360.74155635498374,1000.0,0.0,564.0,66.92664538606475,13.040245680385874,1268.0,215.04114585138245,46.401853039742,434.0,73.56803429439516,15.800696601152532,10.0,0.9999999999999999,0.10000000000000003,75.0,3.5105753298493596,0.16503772290809313
3,0.0,5,360.4552638212318,1000.0,1000.0,560.0,71.96390290648932,14.603110659355925,1371.0,233.06155442431952,50.19720249535287,347.0,55.08597712676363,10.897536625436247,0.0,0.0,0.0,0.0,0.0,0.0
4,0.0,11,360.0066005497878,2000.0,0.0,562.0,68.40107267666943,14.269848325481355,1293.0,215.057251436902,45.923247381262385,459.0,76.69773335636788,16.547614744521756,0.0,0.0,0.0,0.0,0.0,0.0
5,0.054,11,360.13176511480754,2000.0,1000.0,565.0,67.83379172265424,13.171603998039634,1656.0,281.07600002123,60.53572175032388,39.0,6.062703305109078,1.1132481621963843,11.0,1.0999999999999999,0.11000000000000004,86.0,4.00065803529505,0.18647119341563761
6,0.054,9,359.97244457773274,3000.0,0.0,563.0,70.20998163410592,14.599241425029648,1650.0,283.0074762018654,60.785915441361105,0.0,0.0,0.0,18.0,1.8000000000000005,0.1800000000000001,107.0,5.011233365144419,0.23576817558298988
7,0.0,5,360.2659555335089,3000.0,1000.0,575.0,69.85185464692351,14.229723030352286,1216.0,205.18018339987998,44.226615920200544,509.0,85.16364806371284,18.217079520400453,0.0,0.0,0.0,0.0,0.0,0.0
