id,probability_maraud,successful_mating,next_foraging_time,x_pos,y_pos,foraging_events,foraging_hrs,foraging_sqhrs,staying_events,staying_hrs,staying_sqhrs,repairing_events,repairing_hrs,repairing_sqhrs,marauding_events,marauding_hrs,marauding_sqhrs,traveling_events,traveling_hrs,traveling_sqhrs
0,0.054,8,360.1681683323904,0.0,0.0,575.0,72.95941694615965,15.737737884966553,1540.0,257.15325610210357,54.02495295434182,145.0,24.736096248807137,5.376476231427709,12.0,1.2,0.12000000000000005,86.0,4.019834589108619,0.1886145404663921
1,0.0,6,360.5775662782269,0.0,1000.0,563.0,71.72033296231831,15.251900513633428,1471.0,251.57442071633665,54.48811373194619,226.0,36.85070885177301,7.799628310306327,0.0,0.0,0.0,0.0,0.0,0.0
2,0.054,8,360.3257179068874,1000.0,0.0,550.0,72.26052274469342,15.9267462965248,1466.0,246.8710714644437,52.29744247537457,220.0,36.681103950075,7.936367152808803,8.0,0.7999999999999999,0.08000000000000002,77.0,3.6223444762555213,0.1714677640603565
3,0.0,11,360.33297904703323,1000.0,1000.0,562.0,70.87613844372045,15.039871594506309,1489.0,258.4093387504469,56.80405906019552,182.0,30.77597708376512,6.611595737224045,0.0,0.0,0.0,0.0,0.0,0.0
4,0.0,15,359.9744477349094,2000.0,0.0,567.0,72.32262848142658,14.955962789106612,1533.0,257.16968795305525,54.11638186743164,181.0,30.637173968024726,6.509530873619734,0.0,0.0,0.0,0.0,0.0,0.0
5,0.054,6,359.81473169857384,2000.0,1000.0,559.0,70.05945019385204,14.56606274069167,1414.0,236.32794395936224,50.17307599334834,296.0,48.884422023232716,10.455151781882588,11.0,1.0999999999999999,0.11000000000000004,78.0,3.6686407725518175,0.17361111111111097
6,0.0,9,360.3116369002092,3000.0,0.0,551.0,69.52577629742729,15.217769329673379,1509.0,254.3371740431602,54.526944818361315,223.0,36.474228500310744,7.421595274839241,0.0,0.0,0.0,0.0,0.0,0.0
7,0.054,9,360.65354871981015,3000.0,1000.0,556.0,68.67433429330399,14.583744063428949,1527.0,255.27565223864457,54.45865470797403,165.0,30.896853927044525,7.20037208262373,14.0,1.4000000000000001,0.14000000000000007,82.0,3.7962962962962954,0.17575445816186536
