id,probability_maraud,successful_mating,next_foraging_time,x_pos,y_pos,foraging_events,foraging_hrs,foraging_sqhrs,staying_events,staying_hrs,staying_sqhrs,repairing_events,repairing_hrs,repairing_sqhrs,marauding_events,marauding_hrs,marauding_sqhrs,traveling_events,traveling_hrs,traveling_sqhrs
0,0.054,5,360.50032945987726,0.0,0.0,568.0,72.32973679384858,15.648433997262217,1423.0,237.35792068725502,50.100947918508666,261.0,45.71209689538241,10.047341506846408,13.0,1.3,0.13000000000000006,72.0,3.3525098871469017,0.15646433470507537
1,0.054,6,360.3750836410911,0.0,1000.0,567.0,69.38623153975189,13.930022376649397,1403.0,236.14442278365374,50.08214169849382,280.0,48.93885564714609,10.358616093596902,17.0,1.7000000000000004,0.1700000000000001,84.0,3.9655951041431643,0.18861454046639212
2,0.0,6,360.1674193878667,1000.0,0.0,563.0,70.54701968692063,14.559865132962502,1420.0,240.90597966693792,51.606579058702565,283.0,48.77053184795882,10.678895215221589,0.0,0.0,0.0,0.0,0.0,0.0
3,0.0,13,360.51777817897573,1000.0,1000.0,558.0,69.78911016088331,14.300732919229066,1328.0,223.3741699132136,47.485564709943496,400.0,66.96343948519706,14.45990380832001,0.0,0.0,0.0,0.0,0.0,0.0
4,0.054,14,360.04262041655096,2000.0,0.0,559.0,73.70596199057363,15.668118398501393,1471.0,250.95308288098238,53.95681274669363,177.0,30.4067480153178,6.761200293055118,12.0,1.2,0.12000000000000005,80.0,3.76123336514441,0.1778978052126198
5,0.054,11,360.1750065145973,2000.0,1000.0,570.0,68.23075904815964,13.022827288935384,1408.0,239.1336619369928,51.53867755997711,295.0,48.492250482387846,10.03706194297045,11.0,1.0999999999999999,0.11000000000000004,70.0,3.2982704021814473,0.15646433470507534
6,0.0,5,360.2073390911546,3000.0,0.0,570.0,70.65424581304214,14.329727356189107,1605.0,271.22893750944723,57.262654824956485,115.0,18.190164123036357,3.668531236180113,0.0,0.0,0.0,0.0,0.0,0.0
7,0.0,12,359.8158209436646,3000.0,1000.0,568.0,69.99561160755862,14.01887271886726,1634.0,277.84601821376566,59.64489844048131,72.0,12.297444967475037,2.568080011411425,0.0,0.0,0.0,0.0,0.0,0.0
