id,probability_maraud,successful_mating,next_foraging_time,x_pos,y_pos,foraging_events,foraging_hrs,foraging_sqhrs,staying_events,staying_hrs,staying_sqhrs,repairing_events,repairing_hrs,repairing_sqhrs,marauding_events,marauding_hrs,marauding_sqhrs,traveling_events,traveling_hrs,traveling_sqhrs
0,0.054,6,360.0780624984285,0.0,0.0,561.0,67.26394842917692,13.483261499411013,1423.0,238.0487767590936,50.64401565923915,291.0,49.33407542245484,11.264617163575183,16.0,1.6000000000000003,0.1600000000000001,81.0,3.7883531076271373,0.17789780521261983
1,0.054,6,360.00254207371023,0.0,1000.0,559.0,68.38704460303339,13.668253716434487,1428.0,243.5200643326707,52.38972407799211,249.0,42.77681222174736,9.508377047753386,15.0,1.5000000000000002,0.15000000000000008,85.0,3.9735382928123224,0.1864711934156376
2,0.0,11,360.20076646105997,1000.0,0.0,571.0,67.481865856595,14.378677390036597,1415.0,237.73939353853075,50.56650962576779,325.0,54.98270311709109,11.658891947663296,0.0,0.0,0.0,0.0,0.0,0.0
3,0.0,10,360.4667541361573,1000.0,1000.0,573.0,67.64896180059571,13.588103050208433,1367.0,237.1426849169893,51.40170584668415,320.0,55.3819299396763,12.207511753214417,0.0,0.0,0.0,0.0,0.0,0.0
4,0.0,7,360.1847715926707,2000.0,0.0,568.0,73.1144197201261,16.339151208318658,1260.0,207.78241025527575,43.093174764571195,483.0,79.2655785836779,16.71193873482093,0.0,0.0,0.0,0.0,0.0,0.0
5,0.054,16,360.03163836283056,2000.0,1000.0,566.0,67.54656948612475,12.499916544825842,1712.0,282.0395120092788,59.01287709080703,33.0,6.02586248803111,1.4077045629815705,7.0,0.7,0.07,79.0,3.7149370688481143,0.17575445816186536
6,0.054,11,360.06374366705495,3000.0,0.0,574.0,68.82822893644793,13.922847494325623,1688.0,283.01517888614654,61.0432959653263,0.0,0.0,0.0,24.0,2.400000000000001,0.24000000000000016,124.0,5.798270402181464,0.27220507544581574
7,0.0,5,360.15679881483663,3000.0,1000.0,572.0,72.45159462817162,15.943276473749032,1171.0,195.9840292548948,42.00693144942103,550.0,91.57070152742077,19.518263459697383,0.0,0.0,0.0,0.0,0.0,0.0
