id,probability_maraud,successful_mating,next_foraging_time,x_pos,y_pos,foraging_events,foraging_hrs,foraging_sqhrs,staying_events,staying_hrs,staying_sqhrs,repairing_events,repairing_hrs,repairing_sqhrs,marauding_events,marauding_hrs,marauding_sqhrs,traveling_events,traveling_hrs,traveling_sqhrs
0,0.054,9,359.77166617434307,0.0,0.0,563.0,72.26700391003466,14.55158746528942,1634.0,275.018586043637,59.481466041848655,39.0,6.147702109056447,1.320480292733085,18.0,1.8000000000000005,0.1800000000000001,103.0,4.768518518518524,0.22076474622770872
1,0.0,10,360.54831644201414,0.0,1000.0,568.0,72.8904809408631,15.415269035558007,1222.0,207.43593817452546,44.685166146879446,477.0,79.75442688001931,16.763189250686604,0.0,0.0,0.0,0.0,0.0,0.0
2,0.0,4,360.4349681362047,1000.0,0.0,567.0,72.57270029972898,15.028654952910841,1211.0,201.19273666604153,42.974719948773185,532.0,86.23642045680967,17.9991131645105,0.0,0.0,0.0,0.0,0.0,0.0
3,0.054,4,360.2152291544768,1000.0,1000.0,561.0,73.64396691145413,16.304392981930146,1482.0,251.02025486599322,53.55663315523766,178.0,30.679031106487336,6.686877818538659,9.0,0.8999999999999999,0.09000000000000002,81.0,3.769176553813568,0.17575445816186536
4,0.054,14,359.86524514165933,2000.0,0.0,583.0,69.04960816767094,14.221585880529219,1466.0,248.84325078238004,53.252981364692246,218.0,36.79810942653808,7.697645668564143,14.0,1.4000000000000001,0.14000000000000007,84.0,3.9272419965160266,0.18432784636488314
5,0.054,9,360.65817006595427,2000.0,1000.0,557.0,69.51755678432379,14.050126515862308,1381.0,237.19225869668372,51.701164965481006,298.0,48.700777167493136,10.573859363454446,16.0,1.6000000000000003,0.1600000000000001,68.0,3.2056778095888547,0.15217764060356645
6,0.0,13,360.6699511205469,3000.0,0.0,554.0,74.4987983893246,16.206805280120573,1539.0,261.25584898176913,56.09518095438581,139.0,24.425807972306114,5.352588123539824,0.0,0.0,0.0,0.0,0.0,0.0
7,0.0,9,360.2594852218881,3000.0,1000.0,562.0,69.44144825285545,14.105154099418897,1518.0,260.15910887411064,56.47623465623281,188.0,30.520258211189503,6.127926661304621,0.0,0.0,0.0,0.0,0.0,0.0
