id,probability_maraud,successful_mating,next_foraging_time,x_pos,y_pos,foraging_events,foraging_hrs,foraging_sqhrs,staying_events,staying_hrs,staying_sqhrs,repairing_events,repairing_hrs,repairing_sqhrs,marauding_events,marauding_hrs,marauding_sqhrs,traveling_events,traveling_hrs,traveling_sqhrs
0,0.054,8,360.37412634411805,0.0,0.0,573.0,70.55923598124896,15.290585923892765,1596.0,264.2163311803504,55.66459202184542,104.0,18.30075945590775,4.038132180595893,18.0,1.8000000000000005,0.1800000000000001,111.0,5.177241996516037,0.2421982167352532
1,0.0,5,360.2980573052387,0.0,1000.0,557.0,67.71945352275372,13.238753110510727,1511.0,261.7719551295248,57.256707654167194,165.0,30.56052762238569,6.949864624750367,0.0,0.0,0.0,0.0,0.0,0.0
2,0.054,9,360.21832023786885,1000.0,0.0,564.0,67.25079034280101,13.625455601553863,1240.0,206.016031754441,43.60203049631087,466.0,82.5486400215074,18.401242151424853,6.0,0.6,0.06000000000000001,78.0,3.687817326365387,0.17575445816186536
3,0.0,9,360.36670664305746,1000.0,1000.0,553.0,73.97187146515505,15.545812722066225,1392.0,237.0747820710759,50.7400381199888,300.0,49.01265769190743,10.164398674856967,0.0,0.0,0.0,0.0,0.0,0.0
4,0.0,12,360.6186136400293,2000.0,0.0,560.0,70.44662317796455,14.810904358239464,1161.0,198.13492203636284,42.060720385029505,522.0,91.43800149223785,20.266834474288572,0.0,0.0,0.0,0.0,0.0,0.0
5,0.054,9,360.25290888012415,2000.0,1000.0,562.0,72.97206181248796,16.16609959301623,1618.0,274.1871117675601,58.560462212584646,42.0,6.21006985923959,1.1449088882584901,18.0,1.8000000000000005,0.1800000000000001,106.0,4.945760515034554,0.23148148148148098
6,0.054,17,360.4591792591846,3000.0,0.0,565.0,77.29375049661596,17.262557068746048,1652.0,277.176745397329,59.591796462879586,0.0,0.0,0.0,16.0,1.6000000000000003,0.1600000000000001,87.0,4.085307439218485,0.19290123456790093
7,0.0,3,360.37628997424935,3000.0,1000.0,562.0,73.27689591962971,16.55436989723202,1257.0,213.55261697147435,46.64717588493849,438.0,73.2388214076974,15.560687645586212,0.0,0.0,0.0,0.0,0.0,0.0
