id,probability_maraud,successful_mating,next_foraging_time,x_pos,y_pos,foraging_events,foraging_hrs,foraging_sqhrs,staying_events,staying_hrs,staying_sqhrs,repairing_events,repairing_hrs,repairing_sqhrs,marauding_events,marauding_hrs,marauding_sqhrs,traveling_events,traveling_hrs,traveling_sqhrs
0,0.0,6,360.36708873656477,0.0,0.0,570.0,67.4505793641382,13.570424865625233,1547.0,262.25447955468303,55.86771418046498,175.0,30.303953831669983,6.389788136160173,0.0,0.0,0.0,0.0,0.0,0.0
1,0.054,9,359.9302658985191,0.0,1000.0,563.0,70.12768840001239,14.45585742050652,1686.0,284.4056125987426,60.39501910252435,0.0,0.0,0.0,11.0,1.0999999999999999,0.11000000000000004,97.0,4.490740740740744,0.20790466392318205
2,0.0,15,360.47447091416063,1000.0,0.0,554.0,71.20533516771287,15.489812818591757,1674.0,288.87638320348293,62.718650888965165,0.0,0.0,0.0,0.0,0.0,0.0,0.0,0.0,0.0
3,0.0,15,360.3038951593916,1000.0,1000.0,574.0,68.2128714239924,14.244422154086966,1384.0,237.392985568446,52.08267423214871,316.0,54.56197266676561,11.888625564795516,0.0,0.0,0.0,0.0,0.0,0.0
4,0.0,6,360.62069143586615,2000.0,0.0,566.0,70.55134981045882,14.486626523261737,1477.0,246.97519492450064,52.18415811141838,251.0,42.486467444504214,8.963825644546041,0.0,0.0,0.0,0.0,0.0,0.0
5,0.054,12,360.00159768341825,2000.0,1000.0,564.0,67.43024062557298,12.776308081838183,1540.0,257.4647955770471,54.851918185636535,197.0,30.827199139362836,6.419434466876748,7.0,0.7,0.07,79.0,3.734113622661683,0.17789780521261983
6,0.054,5,360.41183809504776,3000.0,0.0,566.0,70.96972767469961,15.609710754347299,1486.0,253.08756979506697,54.64697315707977,182.0,30.66983686435582,6.779843193031933,12.0,1.2,0.12000000000000005,89.0,4.13954692418394,0.19290123456790095
7,0.054,4,360.64263410200067,3000.0,1000.0,549.0,69.48925468836453,14.977455081057212,1336.0,231.33767893971336,50.42647935748465,320.0,54.88373022933342,11.790101780131444,10.0,0.9999999999999999,0.10000000000000003,72.0,3.3525098871469017,0.15646433470507534
