id,probability_maraud,successful_mating,next_foraging_time,x_pos,y_pos,foraging_events,foraging_hrs,foraging_sqhrs,staying_events,staying_hrs,staying_sqhrs,repairing_events,repairing_hrs,repairing_sqhrs,marauding_events,marauding_hrs,marauding_sqhrs,traveling_events,traveling_hrs,traveling_sqhrs
0,0.0,4,359.96251796052263,0.0,0.0,573.0,68.81351008014622,13.965287189120358,1485.0,248.3771553714802,52.705529437725936,249.0,42.83027543794605,9.228898040977551,0.0,0.0,0.0,0.0,0.0,0.0
1,0.0,6,360.3963649504389,0.0,1000.0,566.0,70.82241789596713,14.872663661125733,1725.0,289.21941743065514,61.4223103724242,0.0,0.0,0.0,0.0,0.0,0.0,0.0,0.0,0.0
2,0.054,9,360.1076163597456,1000.0,0.0,570.0,67.61984434829776,12.788552083194615,1535.0,262.5058303492268,56.95598295548831,132.0,24.30155867436845,5.379280079255922,14.0,1.4000000000000001,0.14000000000000007,92.0,4.2976123668863995,0.20147462277091877
3,0.0,17,360.3057543413695,1000.0,1000.0,558.0,69.7638592962963,14.105644831387053,1312.0,223.03789075900784,48.58139166628544,381.0,67.41169623946135,15.137059424285848,0.0,0.0,0.0,0.0,0.0,0.0
4,0.054,9,360.0453887554402,2000.0,0.0,562.0,72.43607534496854,16.0670719719571,1314.0,222.93940023506127,47.5737330575102,356.0,61.15368627512234,13.050838329749663,9.0,0.8999999999999999,0.09000000000000002,59.0,2.731481481481481,0.1264574759945131
5,0.054,10,360.44986495913025,2000.0,1000.0,577.0,70.06258484061885,14.192177982204807,1314.0,224.2313115410613,48.7640123034207,353.0,60.79279314089286,13.244997849741818,16.0,1.6000000000000003,0.1600000000000001,75.0,3.5105753298493596,0.16503772290809315
6,0.0,8,360.29781255895153,3000.0,0.0,560.0,71.10388544774428,15.534473033174782,1292.0,221.56495705697924,47.76280133982665,394.0,67.39338509099642,14.809259245863208,0.0,0.0,0.0,0.0,0.0,0.0
7,0.054,9,360.69471318293273,3000.0,1000.0,562.0,67.83769256878189,13.609234184386375,1657.0,274.99087237969434,57.35970641016961,66.0,12.250665945696,2.812380465242472,16.0,1.6000000000000003,0.1600000000000001,75.0,3.5297518836629287,0.1671810699588476
