id,probability_maraud,successful_mating,next_foraging_time,x_pos,y_pos,foraging_events,foraging_hrs,foraging_sqhrs,staying_events,staying_hrs,staying_sqhrs,repairing_events,repairing_hrs,repairing_sqhrs,marauding_events,marauding_hrs,marauding_sqhrs,traveling_events,traveling_hrs,traveling_sqhrs
0,0.054,7,360.2723775096904,0.0,0.0,561.0,70.84972694050201,14.92398243023825,1498.0,253.57141289833447,54.326898435173746,175.0,30.502845619017762,6.563621015595092,15.0,1.5000000000000002,0.15000000000000008,78.0,3.6494642187382484,0.17146776406035646
1,0.0,5,359.94963766712766,0.0,1000.0,578.0,70.94528619543127,14.730329090658715,1302.0,222.01767841694465,47.973528185605396,404.0,67.10287444296911,14.179712187355095,0.0,0.0,0.0,0.0,0.0,0.0
2,0.054,7,360.3634044276413,1000.0,0.0,580.0,70.4783561140805,14.294108584033674,1233.0,211.27079435536353,45.52391977570573,435.0,73.6096874080452,15.538380549195269,13.0,1.3,0.13000000000000006,73.0,3.417982737256767,0.16075102880658423
3,0.054,12,359.8581222688247,1000.0,1000.0,558.0,69.32761782831656,14.014139718859976,1479.0,254.3885415577556,55.89199882515598,180.0,30.40006170084825,6.7317929410828015,18.0,1.8000000000000005,0.1800000000000001,88.0,4.0932506278876435,0.1907578875171465
4,0.0,14,360.4089206897733,2000.0,0.0,576.0,66.4147378992806,12.580981347605931,1333.0,232.33137913610412,50.380224067452886,357.0,61.25833803665669,13.157359319971187,0.0,0.0,0.0,0.0,0.0,0.0
5,0.0,15,360.02241452017444,2000.0,1000.0,547.0,71.60173710472237,15.079991505895725,1359.0,233.52373826412747,50.66165376882755,317.0,54.892576433217556,12.116258720180426,0.0,0.0,0.0,0.0,0.0,0.0
6,0.054,4,360.0982892852813,3000.0,0.0,557.0,71.90864957141478,15.353165234122386,1678.0,282.10198148144616,60.19051174895977,0.0,0.0,0.0,16.0,1.6000000000000003,0.1600000000000001,96.0,4.444444444444447,0.2057613168724276
7,0.0,8,360.10481127012326,3000.0,1000.0,579.0,71.84471277838446,15.049905483666064,1355.0,227.20708282427802,48.3210255687012,375.0,61.16615475188467,12.713626336334226,0.0,0.0,0.0,0.0,0.0,0.0
