id,probability_maraud,successful_mating,next_foraging_time,x_pos,y_pos,foraging_events,foraging_hrs,foraging_sqhrs,staying_events,staying_hrs,staying_sqhrs,repairing_events,repairing_hrs,repairing_sqhrs,marauding_events,marauding_hrs,marauding_sqhrs,traveling_events,traveling_hrs,traveling_sqhrs
0,0.054,7,359.9730997867505,0.0,0.0,566.0,67.75501710153848,13.057832503925185,1382.0,232.04322578562557,49.058335906534616,320.0,55.2523724358185,12.077195792542918,13.0,1.3,0.13000000000000006,79.0,3.714937068848114,0.17575445816186538
1,0.054,2,360.33169117977866,0.0,1000.0,559.0,72.38225398761112,15.629002774417673,1141.0,185.21406860098853,38.24045601367766,587.0,97.49937243438194,20.91036606272055,16.0,1.6000000000000003,0.1600000000000001,71.0,3.3253901446641745,0.15646433470507534
2,0.0,11,360.2647290595609,1000.0,0.0,560.0,71.68331082485409,15.63584361811183,1373.0,233.42087336915841,49.964580840634945,328.0,54.91903653944609,11.58225044435123,0.0,0.0,0.0,0.0,0.0,0.0
3,0.054,10,360.7582957185965,1000.0,1000.0,559.0,70.49711614377078,13.989769388113844,1383.0,240.79609306136751,53.11709099653825,252.0,43.48249234357952,9.430779475541057,18.0,1.8000000000000005,0.1800000000000001,77.0,3.6031679224419526,0.16932441700960202
4,0.0,11,360.0291202518902,2000.0,0.0,559.0,67.6335226364769,12.94753167847238,1304.0,219.00968930805567,46.68141211494729,419.0,73.55245935926095,15.890469017611384,0.0,0.0,0.0,0.0,0.0,0.0
5,0.0,16,360.48164297542115,2000.0,1000.0,572.0,68.82350194188444,13.752257728024032,1531.0,256.85672619667554,54.89781817883906,213.0,34.50188354586635,7.521865738709657,0.0,0.0,0.0,0.0,0.0,0.0
6,0.054,7,360.412865289871,3000.0,0.0,566.0,72.24263302286143,15.551185885305017,1675.0,281.0145250368934,59.680190061361124,0.0,0.0,0.0,23.0,2.3000000000000007,0.23000000000000015,101.0,4.695102479739501,0.2186213991769543
7,0.0,8,359.9956189092687,3000.0,1000.0,568.0,76.94927734651648,16.605452376233178,1286.0,215.56565355105528,46.01042161185478,411.0,67.59719595289806,14.227313618770195,0.0,0.0,0.0,0.0,0.0,0.0
