id,probability_maraud,successful_mating,next_foraging_time,x_pos,y_pos,foraging_events,foraging_hrs,foraging_sqhrs,staying_events,staying_hrs,staying_sqhrs,repairing_events,repairing_hrs,repairing_sqhrs,marauding_events,marauding_hrs,marauding_sqhrs,traveling_events,traveling_hrs,traveling_sqhrs
0,0.054,7,360.503268835238,0.0,0.0,570.0,71.43976960726037,14.63762384857011,1590.0,272.2486039741566,58.79855824074368,68.0,11.07057609501379,2.513411507532479,12.0,1.2,0.12000000000000005,90.0,4.166666666666667,0.19290123456790093
1,0.0,9,360.19664370494695,0.0,1000.0,550.0,73.31834871317366,15.895600337077484,1231.0,213.68730928187668,46.44123099361886,406.0,73.1036246979376,16.502750735915388,0.0,0.0,0.0,0.0,0.0,0.0
2,0.054,13,360.10371543035143,1000.0,0.0,571.0,70.2962381698177,14.833255940269243,1375.0,230.63188531230233,49.28821694856873,332.0,54.75535378441539,11.433386785775426,11.0,1.0999999999999999,0.11000000000000004,70.0,3.317446955995017,0.15860768175582982
3,0.054,15,360.0200934347566,1000.0,1000.0,561.0,70.86363311056519,15.226917850427323,1548.0,265.16568889718735,57.39356174012217,111.0,18.15069642475896,3.852319412003316,17.0,1.7000000000000004,0.1700000000000001,89.0,4.216253139438217,0.20147462277091877
4,0.0,9,360.58561769963086,2000.0,0.0,562.0,69.56294077241334,15.163755928707587,1184.0,198.48971878291704,42.58957658983753,543.0,91.96170585746826,19.598528111407386,0.0,0.0,0.0,0.0,0.0,0.0
5,0.0,6,359.9874817923834,2000.0,1000.0,562.0,70.10043763066237,14.391425386051493,1378.0,235.0183865593861,50.78786000353779,331.0,55.02968083926083,11.79547058614483,0.0,0.0,0.0,0.0,0.0,0.0
6,0.054,8,360.36060294699513,3000.0,0.0,554.0,75.17021259994945,18.15700016783515,1627.0,279.19095885184555,60.23799160082886,0.0,0.0,0.0,16.0,1.6000000000000003,0.1600000000000001,87.0,4.066130885404916,0.19075788751714648
7,0.0,5,360.3837048296424,3000.0,1000.0,560.0,72.14126588341266,15.802096152839542,1523.0,257.6355234193607,54.85263232810424,184.0,30.409572657158034,6.557371050917289,0.0,0.0,0.0,0.0,0.0,0.0
