id,probability_maraud,successful_mating,next_foraging_time,x_pos,y_pos,foraging_events,foraging_hrs,foraging_sqhrs,staying_events,staying_hrs,staying_sqhrs,repairing_events,repairing_hrs,repairing_sqhrs,marauding_events,marauding_hrs,marauding_sqhrs,traveling_events,traveling_hrs,traveling_sqhrs
0,0.0,11,360.3708795485576,0.0,0.0,556.0,75.6611703547953,17.863452737593143,1503.0,252.42143683082122,54.249968779202625,198.0,32.07793730813303,6.536483737500443,0.0,0.0,0.0,0.0,0.0,0.0
1,0.054,6,360.5011506665631,0.0,1000.0,567.0,68.78225562256988,13.957480326748383,1431.0,243.33261640835002,52.77617089432187,249.0,42.87534016913876,9.149914747801905,13.0,1.3,0.13000000000000006,80.0,3.722880257517272,0.1736111111111109
2,0.0,13,359.9827347614967,1000.0,0.0,578.0,71.13218908585642,14.546370815720781,1440.0,246.5396352364137,52.6350582047573,248.0,42.34605174698554,9.26272520251984,0.0,0.0,0.0,0.0,0.0,0.0
3,0.054,13,360.58713732673993,1000.0,1000.0,558.0,72.64802600603863,16.898465819809818,1392.0,240.47846450028368,51.94022018385347,242.0,42.62377771392098,9.68143756363804,14.0,1.4000000000000001,0.14000000000000007,65.0,3.0092592592592586,0.13931755829903977
4,0.054,10,360.26505948114124,2000.0,0.0,556.0,71.5701292324657,15.63603530052691,1690.0,282.27511170222806,59.94878522301775,0.0,0.0,0.0,16.0,1.6000000000000003,0.1600000000000001,98.0,4.613743252291318,0.2186213991769543
5,0.0,8,359.99262481531906,2000.0,1000.0,578.0,73.02838409042313,15.249334056942633,1296.0,219.6785473218128,46.686538892736614,419.0,67.43479202890715,13.840253440912093,0.0,0.0,0.0,0.0,0.0,0.0
6,0.0,6,360.64844396602456,3000.0,0.0,560.0,72.70172862597757,15.60275517671551,1107.0,189.932374990269,41.18932003353753,571.0,97.47780688663573,21.357263117543166,0.0,0.0,0.0,0.0,0.0,0.0
7,0.054,5,360.36444413802724,3000.0,1000.0,566.0,70.19390871937935,14.635349179989086,1661.0,278.5458490550856,60.02742137936907,39.0,6.051948156166515,1.1659814928987065,12.0,1.2,0.12000000000000005,90.0,4.185843220480237,0.19504458161865537
