id,probability_maraud,successful_mating,next_foraging_time,x_pos,y_pos,foraging_events,foraging_hrs,foraging_sqhrs,staying_events,staying_hrs,staying_sqhrs,repairing_events,repairing_hrs,repairing_sqhrs,marauding_events,marauding_hrs,marauding_sqhrs,traveling_events,traveling_hrs,traveling_sqhrs
0,0.0,4,360.0086480536239,0.0,0.0,564.0,69.65583386695312,14.134718854577843,1226.0,214.2394544890878,46.589014149186106,470.0,76.13489679950726,16.021768535314084,0.0,0.0,0.0,0.0,0.0,0.0
1,0.054,11,360.0147522958361,0.0,1000.0,562.0,73.10663996400228,15.709435735647428,1643.0,281.604496354681,60.89814576988733,0.0,0.0,0.0,16.0,1.6000000000000003,0.1600000000000001,82.0,3.8154728501098645,0.17789780521261983
2,0.054,14,360.14849797844107,1000.0,0.0,563.0,70.46444112306514,13.743490889686717,1660.0,284.00054189198823,61.81177930043461,0.0,0.0,0.0,13.0,1.3,0.13000000000000006,93.0,4.363085216996265,0.20576131687242763
3,0.0,10,360.939153449282,1000.0,1000.0,569.0,68.33994812325855,14.02751036426821,1342.0,225.12399200036072,47.71129463524333,400.0,66.87690455837385,14.255281951556615,0.0,0.0,0.0,0.0,0.0,0.0
4,0.0,13,360.05057433158817,2000.0,0.0,570.0,76.0222812710559,16.28639523685071,1305.0,223.1024919192352,48.16874620981001,360.0,60.96719470480695,13.240056786340613,0.0,0.0,0.0,0.0,0.0,0.0
5,0.0,9,360.46109315217075,2000.0,1000.0,570.0,70.09595908334896,14.490089145186731,1514.0,253.3549742575997,53.973667117533985,225.0,36.65371324144201,7.604860881740423,0.0,0.0,0.0,0.0,0.0,0.0
6,0.054,8,360.2914186106469,3000.0,0.0,566.0,70.28197677792552,15.246048867235853,1501.0,248.81947106434774,53.46493765638042,222.0,36.61989162499801,7.706930144198219,10.0,0.9999999999999999,0.10000000000000003,73.0,3.398806183443198,0.15860768175582982
7,0.054,3,360.21592552295397,3000.0,1000.0,560.0,69.47530763482115,15.322371922968477,1539.0,255.30633284221858,54.13255143709728,174.0,30.254552098494678,6.587513754070791,12.0,1.2,0.12000000000000005,84.0,3.927241996516026,0.18432784636488317
