id,probability_maraud,successful_mating,next_foraging_time,x_pos,y_pos,foraging_events,foraging_hrs,foraging_sqhrs,staying_events,staying_hrs,staying_sqhrs,repairing_events,repairing_hrs,repairing_sqhrs,marauding_events,marauding_hrs,marauding_sqhrs,traveling_events,traveling_hrs,traveling_sqhrs
0,0.054,11,360.31355584057866,0.0,0.0,565.0,68.55685055329309,14.113606396165947,1677.0,284.9959733045379,61.18212348689541,0.0,0.0,0.0,16.0,1.6000000000000003,0.1600000000000001,105.0,4.861111111111118,0.22505144032921762
1,0.0,3,360.14925014384386,0.0,1000.0,559.0,72.14301467179202,14.97620147868134,1191.0,197.43202101725024,41.727079050102866,554.0,90.42985824094053,19.191769176025993,0.0,0.0,0.0,0.0,0.0,0.0
2,0.0,9,360.12613096677404,1000.0,0.0,574.0,68.94709603007978,13.637509156227287,1213.0,212.180897900099,46.61300172120674,493.0,78.95627687093473,16.277135732243195,0.0,0.0,0.0,0.0,0.0,0.0
3,0.054,13,360.5709329541823,1000.0,1000.0,571.0,72.69686644110257,14.864530029349778,1672.0,281.165980605187,60.25728870577559,0.0,0.0,0.0,17.0,1.7000000000000004,0.1700000000000001,97.0,4.509917294554314,0.2100480109739365
4,0.054,14,360.01801230685265,2000.0,0.0,556.0,70.88266784284617,14.917571215717187,1666.0,283.5732136203772,61.54157479549945,0.0,0.0,0.0,11.0,1.0999999999999999,0.11000000000000004,95.0,4.455677809588859,0.21004801097393652
5,0.0,6,360.14912036901734,2000.0,1000.0,564.0,69.45224113035054,14.06609909453319,1088.0,181.2281562226807,38.07576880437784,647.0,109.40428722838546,23.391760859561856,0.0,0.0,0.0,0.0,0.0,0.0
6,0.0,8,360.0828561106417,3000.0,0.0,556.0,71.50426624074738,15.262527642110165,1371.0,227.90920052032655,48.212872659952765,357.0,60.622516192371506,12.785134448097077,0.0,0.0,0.0,0.0,0.0,0.0
7,0.054,8,360.00857280016936,3000.0,1000.0,564.0,70.11657408978385,14.410647231199794,1683.0,284.0721839965849,61.51614720807004,0.0,0.0,0.0,12.0,1.2,0.12000000000000005,104.0,4.85316792244196,0.22719478737997206
