id,probability_maraud,successful_mating,next_foraging_time,x_pos,y_pos,foraging_events,foraging_hrs,foraging_sqhrs,staying_events,staying_hrs,staying_sqhrs,repairing_events,repairing_hrs,repairing_sqhrs,marauding_events,marauding_hrs,marauding_sqhrs,traveling_events,traveling_hrs,traveling_sqhrs
0,0.0,2,360.4402845608892,0.0,0.0,589.0,68.682839219495,13.957233701885414,1448.0,248.65980855834925,53.879115208451104,267.0,42.820624008040284,8.826438889612149,0.0,0.0,0.0,0.0,0.0,0.0
1,0.054,7,359.9126098554673,0.0,1000.0,570.0,71.77696656192626,15.425441464478693,1682.0,282.42707615794933,60.263954607507635,0.0,0.0,0.0,14.0,1.4000000000000001,0.14000000000000007,97.0,4.58662350980859,0.21862139917695433
2,0.054,6,360.519721060219,1000.0,0.0,567.0,72.37930538708335,15.22730797867021,1469.0,245.76633999844373,52.33357532837828,226.0,36.6288206447099,7.360224337726727,14.0,1.4000000000000001,0.14000000000000007,81.0,3.8267062152542755,0.18218449931412872
3,0.0,13,360.28368048872005,1000.0,1000.0,561.0,72.53804586623345,15.051500706845534,1229.0,208.06489021113995,44.300104877233835,460.0,79.45975883274285,17.1774360174049,0.0,0.0,0.0,0.0,0.0,0.0
4,0.054,6,360.0886919886254,2000.0,0.0,557.0,69.4602538476523,15.028660893045641,1293.0,218.51544332496218,46.18286776123318,394.0,67.28458782604983,14.079680897179426,14.0,1.4000000000000001,0.14000000000000007,72.0,3.3525098871469017,0.15646433470507534
5,0.054,15,360.3865782043126,2000.0,1000.0,569.0,73.78830692153217,16.326215150024225,1512.0,250.40148959498993,53.20813618046607,178.0,30.560478782175064,6.500112862450188,9.0,0.8999999999999999,0.09000000000000002,94.0,4.447734620919701,0.212191358024691
6,0.0,14,360.2707567306204,3000.0,0.0,557.0,72.73751604966246,17.131457832645946,1549.0,258.82218966707575,54.24269381490807,168.0,28.696968712515503,6.167043666805356,0.0,0.0,0.0,0.0,0.0,0.0
7,0.0,9,360.4623042298013,3000.0,1000.0,570.0,73.61207654719445,15.144291320443957,1570.0,262.1110761863456,54.91518882816718,142.0,24.410873879072977,5.5163864277990875,0.0,0.0,0.0,0.0,0.0,0.0
