id,probability_maraud,successful_mating,next_foraging_time,x_pos,y_pos,foraging_events,foraging_hrs,foraging_sqhrs,staying_events,staying_hrs,staying_sqhrs,repairing_events,repairing_hrs,repairing_sqhrs,marauding_events,marauding_hrs,marauding_sqhrs,traveling_events,traveling_hrs,traveling_sqhrs
0,0.054,4,360.21091315708685,0.0,0.0,567.0,69.78446488480873,13.857868375890895,1552.0,260.6714063763986,54.97296516344935,141.0,24.32948490804973,5.241382413879659,10.0,0.9999999999999999,0.10000000000000003,91.0,4.270492624403672,0.20147462277091874
1,0.054,6,360.3426947959106,0.0,1000.0,572.0,69.52342034064397,13.908883751687581,1380.0,237.38257199748801,51.09862732570313,297.0,48.787701243002594,10.151557008013263,9.0,0.8999999999999999,0.09000000000000002,74.0,3.4642790335530633,0.1628943758573387
2,0.0,17,360.5274530795128,1000.0,0.0,572.0,66.3324335907286,12.556661647792104,1466.0,257.27350300447944,56.48614109530608,217.0,36.44841021385989,7.733824402506923,0.0,0.0,0.0,0.0,0.0,0.0
3,0.0,11,360.3346946778392,1000.0,1000.0,567.0,71.81152567192534,14.948291074402698,1291.0,218.31491115757063,46.93052559841789,411.0,70.05236558950803,15.25728261200469,0.0,0.0,0.0,0.0,0.0,0.0
4,0.054,17,360.54350170999106,2000.0,0.0,568.0,69.31929924060024,13.433001077949411,1657.0,278.36190424344363,59.544821749728115,36.0,6.037256981127791,1.30563330400081,16.0,1.6000000000000003,0.1600000000000001,101.0,4.771808694993777,0.2271947873799721
5,0.054,7,360.2266283305904,2000.0,1000.0,574.0,70.35958172088992,14.165511625566412,1525.0,260.57363354321836,55.978862501796534,155.0,24.35913001145265,4.954018209491106,11.0,1.0999999999999999,0.11000000000000004,79.0,3.714937068848114,0.1757544581618654
6,0.0,9,359.94067714362734,3000.0,0.0,569.0,70.5356869463959,14.928047745910321,1473.0,246.84153364531144,52.7941526929896,251.0,42.71045788994199,9.2245035422175,0.0,0.0,0.0,0.0,0.0,0.0
7,0.0,1,360.2960620540967,3000.0,1000.0,564.0,69.80975074335802,14.936286551211232,1582.0,266.11113811773123,56.2299145680883,146.0,24.29597151420818,4.950284147268568,0.0,0.0,0.0,0.0,0.0,0.0
