id,probability_maraud,successful_mating,next_foraging_time,x_pos,y_pos,foraging_events,foraging_hrs,foraging_sqhrs,staying_events,staying_hrs,staying_sqhrs,repairing_events,repairing_hrs,repairing_sqhrs,marauding_events,marauding_hrs,marauding_sqhrs,traveling_events,traveling_hrs,traveling_sqhrs
0,0.054,6,360.1839585049367,0.0,0.0,573.0,71.48815695706205,15.172776717296317,1691.0,284.48014032089947,60.76838740648239,0.0,0.0,0.0,7.0,0.7,0.07,75.0,3.529751883662929,0.16718106995884757
1,0.0,9,360.38600082176913,0.0,1000.0,579.0,71.92042820560586,14.940750918965566,1578.0,263.7869905252684,55.70204890724072,150.0,24.420903782617188,5.070465469088678,0.0,0.0,0.0,0.0,0.0,0.0
2,0.0,10,359.9358071068724,1000.0,0.0,574.0,71.93271925808978,14.641019630751353,1631.0,269.4763571364562,57.236074251695875,109.0,18.650345821824676,4.083560728184694,0.0,0.0,0.0,0.0,0.0,0.0
3,0.0,11,360.17437447414875,1000.0,1000.0,567.0,74.07049995145977,15.852173661793895,1454.0,249.40508704598585,53.9172341811782,215.0,36.69932570115367,7.807217647861386,0.0,0.0,0.0,0.0,0.0,0.0
4,0.0,12,360.0901404916807,2000.0,0.0,571.0,68.65976138694666,13.032130252893793,1392.0,236.64045171575512,50.89725762849466,309.0,54.72165261505892,12.223631797842858,0.0,0.0,0.0,0.0,0.0,0.0
5,0.054,11,360.04229190827886,2000.0,1000.0,563.0,69.51072621181281,14.272623637573378,1523.0,260.63105214010034,55.496080842393226,144.0,24.449916490337927,5.222746051176618,12.0,1.2,0.12000000000000005,92.0,4.335965474513538,0.20576131687242766
6,0.054,9,360.0449897959923,3000.0,0.0,561.0,71.49495556796978,15.70894131445655,1452.0,247.26357404454302,53.44726375140292,212.0,36.48059756058378,7.860706896562238,17.0,1.7000000000000004,0.1700000000000001,71.0,3.325390144664175,0.15646433470507534
7,0.054,4,360.38934629795403,3000.0,1000.0,566.0,76.24278840350013,17.255586327690136,1231.0,206.9068853947169,44.18894827102878,444.0,73.03702510888942,14.86066808153318,8.0,0.7999999999999999,0.08000000000000002,70.0,3.279093848367878,0.1543209876543209
