id,probability_maraud,successful_mating,next_foraging_time,x_pos,y_pos,foraging_events,foraging_hrs,foraging_sqhrs,staying_events,staying_hrs,staying_sqhrs,repairing_events,repairing_hrs,repairing_sqhrs,marauding_events,marauding_hrs,marauding_sqhrs,traveling_events,traveling_hrs,traveling_sqhrs
0,0.0,4,360.5071174233104,0.0,0.0,569.0,68.49150998053858,13.202223652266,1355.0,230.66459111190701,49.62644501365371,361.0,60.95506588590733,13.072150724658597,0.0,0.0,0.0,0.0,0.0,0.0
1,0.054,7,360.31401850693385,0.0,1000.0,565.0,70.67347871960798,14.815802402675182,1452.0,242.22652413825082,51.32885843409609,245.0,42.971332533550765,9.422322371868654,8.0,0.7999999999999999,0.08000000000000002,78.0,3.6302876649246794,0.16932441700960202
2,0.054,14,360.02946922260526,1000.0,0.0,571.0,67.8624651915383,13.479513798275029,1429.0,237.26028693955374,49.66318149377042,284.0,49.30121597226367,10.450231640893929,17.0,1.7000000000000004,0.1700000000000001,85.0,3.9351851851851842,0.1821844993141287
3,0.054,15,360.4433261471471,1000.0,1000.0,578.0,71.09226005836726,14.805905003907126,1453.0,240.5948770300717,50.88614809901695,248.0,42.81009806233321,9.124720795834362,16.0,1.6000000000000003,0.1600000000000001,84.0,3.927241996516026,0.18432784636488317
4,0.054,11,360.1312754634371,2000.0,0.0,561.0,72.45252943385145,15.220809523646041,1400.0,234.17789020580733,49.82385674951568,294.0,48.68198882878008,10.315501359913084,10.0,0.9999999999999999,0.10000000000000003,81.0,3.749999999999999,0.1736111111111109
5,0.0,8,359.9558856368516,2000.0,1000.0,579.0,69.04398863389557,14.097475079786213,1419.0,248.3432872147363,54.25288730663315,250.0,42.6149982339588,9.157714264654086,0.0,0.0,0.0,0.0,0.0,0.0
6,0.0,5,360.33150320257016,3000.0,0.0,560.0,74.37002906136843,15.497379927525945,1569.0,267.2691229065344,57.299965145863155,105.0,18.417966932367783,4.216969678723955,0.0,0.0,0.0,0.0,0.0,0.0
7,0.0,8,360.05109725989297,3000.0,1000.0,575.0,73.75953018150932,15.031850323162056,1683.0,286.2737879878644,61.273942778664484,0.0,0.0,0.0,0.0,0.0,0.0,0.0,0.0,0.0
