id,probability_maraud,successful_mating,next_foraging_time,x_pos,y_pos,foraging_events,foraging_hrs,foraging_sqhrs,staying_events,staying_hrs,staying_sqhrs,repairing_events,repairing_hrs,repairing_sqhrs,marauding_events,marauding_hrs,marauding_sqhrs,traveling_events,traveling_hrs,traveling_sqhrs
0,0.054,6,360.4740456421086,0.0,0.0,561.0,72.86669639775629,15.920315300302587,1192.0,202.93174679024548,44.0709219661323,503.0,79.68512080852355,15.790569986302575,16.0,1.6000000000000003,0.1600000000000001,66.0,3.055555555555555,0.14146090534979422
1,0.054,5,360.086531227427,0.0,1000.0,570.0,72.99786471557167,15.809271607598333,1205.0,204.3201621812643,43.61074903691894,455.0,78.05564687371229,16.993258244621753,13.0,1.3,0.13000000000000006,74.0,3.4642790335530633,0.16289437585733868
2,0.054,6,360.36071204530543,1000.0,0.0,577.0,73.92700827307696,15.60276170114441,1342.0,220.30826580795198,45.68618483704026,367.0,60.646065772250736,12.848784368616274,16.0,1.6000000000000003,0.1600000000000001,75.0,3.5872815451036364,0.17361111111111097
3,0.054,9,360.2770748982942,1000.0,1000.0,548.0,72.14475330744371,15.1661495693329,1217.0,204.15659427832213,43.50082184447085,456.0,79.43963400889477,17.347327626340647,11.0,1.0999999999999999,0.11000000000000004,69.0,3.232797552071582,0.15217764060356645
4,0.0,18,360.0070579976079,2000.0,0.0,568.0,70.53266836575976,14.52257623849164,1621.0,271.31769947031637,57.33982103889373,109.0,18.25735397656248,3.9816128927492187,0.0,0.0,0.0,0.0,0.0,0.0
5,0.0,17,360.55334307225434,2000.0,1000.0,566.0,71.49118778300267,14.415588573220795,1539.0,264.1039679423057,57.63180341916797,144.0,24.53527283860041,5.3556491089316465,0.0,0.0,0.0,0.0,0.0,0.0
6,0.0,7,360.1240530102609,3000.0,0.0,566.0,71.78191797678559,14.693719340146036,1664.0,288.34474813079606,63.400395129235825,0.0,0.0,0.0,0.0,0.0,0.0,0.0,0.0,0.0
7,0.0,4,360.5672475047646,3000.0,1000.0,574.0,70.86112373344275,15.025382587478765,1681.0,289.35335294771096,63.04977902987046,0.0,0.0,0.0,0.0,0.0,0.0,0.0,0.0,0.0
