id,probability_maraud,successful_mating,next_foraging_time,x_pos,y_pos,foraging_events,foraging_hrs,foraging_sqhrs,staying_events,staying_hrs,staying_sqhrs,repairing_events,repairing_hrs,repairing_sqhrs,marauding_events,marauding_hrs,marauding_sqhrs,traveling_events,traveling_hrs,traveling_sqhrs
0,0.0,11,360.14888162812093,0.0,0.0,564.0,70.82857518450021,14.430900077443118,1302.0,218.01848752911764,46.5716511243986,427.0,71.2110529859227,15.244613776106284,0.0,0.0,0.0,0.0,0.0,0.0
1,0.054,12,360.12923011369634,0.0,1000.0,570.0,74.1669300667234,16.39160084830795,1544.0,260.46961664420525,56.37013655250032,120.0,19.62099433289959,4.178439600303044,13.0,1.3,0.13000000000000006,95.0,4.455677809588859,0.21004801097393655
2,0.054,7,360.0970371958783,1000.0,0.0,556.0,71.84716515316542,14.979270460073879,1451.0,245.37729284216627,52.40527550797089,225.0,36.611722882900814,7.639243552725739,17.0,1.7000000000000004,0.1700000000000001,101.0,4.752632141180208,0.2250514403292177
3,0.054,8,360.23464676309106,1000.0,1000.0,577.0,72.25596386453448,15.523095398885426,1189.0,203.3124218122895,44.01592873281742,489.0,79.16213461784098,16.14654264514983,14.0,1.4000000000000001,0.14000000000000007,84.0,3.984771657956734,0.19075788751714653
4,0.0,6,360.0244725909892,2000.0,0.0,572.0,70.56150646820325,14.168636098554872,1476.0,253.1075218727623,54.318888813233656,204.0,36.469299447370986,8.095952531894731,0.0,0.0,0.0,0.0,0.0,0.0
5,0.0,17,360.0901111583899,2000.0,1000.0,577.0,69.56246018404327,13.534468384882455,1445.0,241.98760554358122,51.524090054899915,289.0,48.56866053670176,10.503879888459192,0.0,0.0,0.0,0.0,0.0,0.0
6,0.0,7,360.5104031968376,3000.0,0.0,558.0,70.7194158744238,15.035671013062943,1317.0,222.22500955710368,47.586091499473206,412.0,67.06101008861187,13.959722231588943,0.0,0.0,0.0,0.0,0.0,0.0
7,0.054,4,360.2053556489418,3000.0,1000.0,562.0,73.61184798527663,16.359250019275645,1632.0,280.28461963601416,60.951429413113765,0.0,0.0,0.0,16.0,1.6000000000000003,0.1600000000000001,100.0,4.648806183443204,0.21647805212619983
