id,probability_maraud,successful_mating,next_foraging_time,x_pos,y_pos,foraging_events,foraging_hrs,foraging_sqhrs,staying_events,staying_hrs,staying_sqhrs,repairing_events,repairing_hrs,repairing_sqhrs,marauding_events,marauding_hrs,marauding_sqhrs,traveling_events,traveling_hrs,traveling_sqhrs
0,0.0,7,360.23460071472897,0.0,0.0,572.0,69.20105407368145,14.327703408170127,1575.0,266.32302052324826,57.1257492662946,144.0,24.49924732083511,5.063787220565068,0.0,0.0,0.0,0.0,0.0,0.0
1,0.054,5,360.29118300105074,0.0,1000.0,566.0,69.26469445295959,14.10693852398484,1678.0,284.9893494899024,61.51363903897324,0.0,0.0,0.0,15.0,1.5000000000000002,0.15000000000000008,91.0,4.270492624403672,0.20147462277091874
2,0.0,15,360.0211385802568,1000.0,0.0,575.0,73.66330109975569,15.860720597031321,1534.0,261.84870980493304,56.41726054892936,158.0,24.623800379306516,4.924928194199967,0.0,0.0,0.0,0.0,0.0,0.0
3,0.0,12,360.14964401998327,1000.0,1000.0,570.0,71.90098660521186,14.855609901188245,1340.0,226.8753016963164,48.997924088542824,366.0,61.25173412922298,12.904389825683776,0.0,0.0,0.0,0.0,0.0,0.0
4,0.0,16,359.97748378312167,2000.0,0.0,565.0,71.84830098609433,15.231670203886802,1364.0,233.2832655679497,49.87187603563685,322.0,55.06404160607515,12.006295803164148,0.0,0.0,0.0,0.0,0.0,0.0
5,0.054,5,360.4495919401505,2000.0,1000.0,573.0,70.02777336076696,13.895007331075288,1412.0,241.46384827129995,51.792351010942234,247.0,43.259492404315225,9.322725708721736,13.0,1.3,0.13000000000000006,85.0,4.011891400439461,0.19075788751714653
6,0.054,5,360.07554571403614,3000.0,0.0,563.0,71.3898392165033,15.056261600233155,1509.0,253.08646015615963,54.19795348024316,186.0,30.711429244731264,6.446913618593504,11.0,1.0999999999999999,0.11000000000000004,82.0,3.8346494039234336,0.18004115226337428
7,0.054,7,360.67950533322346,3000.0,1000.0,583.0,67.12216415061248,13.298202140096688,1304.0,222.98014512013827,47.81619731981155,400.0,65.70554952016212,13.72070181592901,12.0,1.2,0.12000000000000005,65.0,3.0092592592592586,0.13931755829903977
