id,probability_maraud,successful_mating,next_foraging_time,x_pos,y_pos,foraging_events,foraging_hrs,foraging_sqhrs,staying_events,staying_hrs,staying_sqhrs,repairing_events,repairing_hrs,repairing_sqhrs,marauding_events,marauding_hrs,marauding_sqhrs,traveling_events,traveling_hrs,traveling_sqhrs
0,0.054,9,360.31188354250355,0.0,0.0,573.0,74.20803299868305,16.414226051193488,1606.0,267.90716388695904,57.40939739426131,84.0,12.149249685479386,2.262426870020717,10.0,0.9999999999999999,0.10000000000000003,103.0,4.806871626145663,0.22505144032921767
1,0.054,7,360.22965246435706,0.0,1000.0,574.0,69.12476892125152,14.03992269131508,1232.0,213.48132913121717,46.26580530564733,462.0,73.49229290894938,15.051720089177442,8.0,0.7999999999999999,0.08000000000000002,70.0,3.279093848367878,0.1543209876543209
2,0.0,7,360.01654013391294,1000.0,0.0,570.0,72.72085732840868,14.106964800471937,1205.0,203.07987206714924,43.83698066406714,502.0,84.27496878152027,17.93139465172914,0.0,0.0,0.0,0.0,0.0,0.0
3,0.054,9,360.55350830323687,1000.0,1000.0,557.0,68.36670428053198,14.320786295656417,1478.0,250.62139492592118,54.433017959406676,215.0,36.768977624819236,7.655842453438651,11.0,1.0999999999999999,0.11000000000000004,72.0,3.3525098871469017,0.15646433470507534
4,0.054,12,360.4039479438073,2000.0,0.0,571.0,69.8588458218104,14.031289938510202,1705.0,284.21088704746205,59.93507000414001,0.0,0.0,0.0,19.0,1.9000000000000006,0.1900000000000001,91.0,4.270492624403672,0.20147462277091877
5,0.0,9,360.1644427487441,2000.0,1000.0,570.0,71.05482889930333,14.00323419219905,1389.0,233.7389692624046,50.11683780405451,326.0,55.42243470537856,11.63892284234503,0.0,0.0,0.0,0.0,0.0,0.0
6,0.0,8,360.17462731124135,3000.0,0.0,561.0,70.79457168941254,15.249123628593484,1549.0,264.7886517720652,57.04491916042516,143.0,24.609779299401954,5.506795125836972,0.0,0.0,0.0,0.0,0.0,0.0
7,0.0,11,359.9695328069802,3000.0,1000.0,568.0,72.37203256068081,15.077816831889393,1722.0,287.70239081574175,61.066601189118714,0.0,0.0,0.0,0.0,0.0,0.0,0.0,0.0,0.0
