id,probability_maraud,successful_mating,next_foraging_time,x_pos,y_pos,foraging_events,foraging_hrs,foraging_sqhrs,staying_events,staying_hrs,staying_sqhrs,repairing_events,repairing_hrs,repairing_sqhrs,marauding_events,marauding_hrs,marauding_sqhrs,traveling_events,traveling_hrs,traveling_sqhrs
0,0.054,12,360.401156654505,0.0,0.0,566.0,67.69016786447386,13.291656399103179,1626.0,285.1862454863606,63.01003795195584,0.0,0.0,0.0,19.0,1.9000000000000006,0.1900000000000001,113.0,5.269834589108631,0.2464849108367621
1,0.0,8,360.29409273399733,0.0,1000.0,556.0,70.90798033740964,14.872664689961185,1116.0,191.18306130719682,41.22238216569072,577.0,98.01516981067095,20.987887631446533,0.0,0.0,0.0,0.0,0.0,0.0
2,0.0,4,359.7835457689031,1000.0,0.0,566.0,67.75770314589275,13.048428210209622,1345.0,219.24783965795595,45.33838941641312,427.0,73.0221057806952,15.72842476799765,0.0,0.0,0.0,0.0,0.0,0.0
3,0.054,16,360.12093427212125,1000.0,1000.0,568.0,70.63211371893777,14.418204792947575,1603.0,275.0772630839381,58.931681440603555,53.0,9.169485558416028,1.9368680477699227,14.0,1.4000000000000001,0.14000000000000007,84.0,3.888888888888888,0.18004115226337425
4,0.0,5,360.4290908802653,2000.0,0.0,563.0,75.04848725972072,16.399067661360508,1158.0,196.85506677239653,42.40506539573392,516.0,88.21397645748758,19.095592055549997,0.0,0.0,0.0,0.0,0.0,0.0
5,0.054,14,359.9386495158794,2000.0,1000.0,576.0,67.78938573222536,13.203151116405602,1527.0,257.2439845358183,54.49789827426629,177.0,30.36617136267504,6.3571447207758744,10.0,0.9999999999999999,0.10000000000000003,80.0,3.722880257517272,0.17361111111111094
6,0.054,6,360.2004018125873,3000.0,0.0,564.0,68.97829889498101,14.398929057987896,1667.0,284.17679353864975,61.3666536087954,0.0,0.0,0.0,18.0,1.8000000000000005,0.1800000000000001,109.0,5.065472850109875,0.23576817558298985
7,0.0,7,360.3346407963581,3000.0,1000.0,557.0,71.06962083731672,15.169057298190916,1302.0,221.79876710143446,47.714708734538604,373.0,67.1487503801804,15.20780234547369,0.0,0.0,0.0,0.0,0.0,0.0
