id,probability_maraud,successful_mating,next_foraging_time,x_pos,y_pos,foraging_events,foraging_hrs,foraging_sqhrs,staying_events,staying_hrs,staying_sqhrs,repairing_events,repairing_hrs,repairing_sqhrs,marauding_events,marauding_hrs,marauding_sqhrs,traveling_events,traveling_hrs,traveling_sqhrs
0,0.0,9,360.2321739646004,0.0,0.0,574.0,68.01865278969096,13.671125476881562,1626.0,273.65743668469594,57.779781270187286,109.0,18.382255759482103,3.9103531771634668,0.0,0.0,0.0,0.0,0.0,0.0
1,0.0,8,360.3215513347678,0.0,1000.0,560.0,67.18055819556727,12.671345718530127,1777.0,293.13159750886086,62.14486704027578,0.0,0.0,0.0,0.0,0.0,0.0,0.0,0.0,0.0
2,0.054,13,359.99873658925617,1000.0,0.0,574.0,70.87348868790302,14.128627387706967,1579.0,272.0201135140715,59.8479724323506,70.0,12.142368461186566,2.670106822105149,13.0,1.3,0.13000000000000006,79.0,3.6957605150345447,0.17361111111111097
3,0.054,11,360.2520723412749,1000.0,1000.0,571.0,73.8075357680221,16.0267217535117,1391.0,239.22073067514364,52.0761931525732,256.0,43.48158651110522,9.59969427546266,5.0,0.5,0.05000000000000001,66.0,3.093908663182693,0.1457475994513031
4,0.0,11,360.2554701594162,2000.0,0.0,574.0,72.70662276502624,15.25030605968863,1487.0,244.86727084743063,51.78151694035165,250.0,42.50036186116581,9.076416357462476,0.0,0.0,0.0,0.0,0.0,0.0
5,0.0,10,360.0504771921602,2000.0,1000.0,562.0,71.76950119458552,15.15197580969029,1355.0,227.2558104283292,48.185400189618456,363.0,61.04178632408948,13.051339513423327,0.0,0.0,0.0,0.0,0.0,0.0
6,0.054,7,360.02656061202373,3000.0,0.0,563.0,71.28726806038777,14.573078712091446,1432.0,240.77951445646062,51.57960548918297,252.0,42.64265076034284,9.10746976028114,15.0,1.5000000000000002,0.15000000000000008,85.0,3.9735382928123224,0.18647119341563761
7,0.054,3,360.67830642957585,3000.0,1000.0,558.0,69.82516820717379,14.27513929874647,1371.0,230.39713412210355,49.176086793552805,322.0,54.51201510678584,12.01896532055301,13.0,1.3,0.13000000000000006,88.0,4.0932506278876435,0.1907578875171465
