id,probability_maraud,successful_mating,next_foraging_time,x_pos,y_pos,foraging_events,foraging_hrs,foraging_sqhrs,staying_events,staying_hrs,staying_sqhrs,repairing_events,repairing_hrs,repairing_sqhrs,marauding_events,marauding_hrs,marauding_sqhrs,traveling_events,traveling_hrs,traveling_sqhrs
0,0.054,10,360.56374472439705,0.0,0.0,572.0,69.55017116636279,13.633340007955967,1637.0,272.5532082278185,57.97033173552044,78.0,12.11865118391184,2.452651717682125,17.0,1.7000000000000004,0.1700000000000001,93.0,4.324732109369127,0.2014746227709187
1,0.0,6,360.1678048017206,0.0,1000.0,566.0,72.20767735502919,14.748368977004654,1525.0,257.3650657867108,55.14370993231259,191.0,30.469429919715324,6.32133516746302,0.0,0.0,0.0,0.0,0.0,0.0
2,0.054,11,360.29843180002865,1000.0,0.0,564.0,70.81762037924123,14.855964362020421,1219.0,209.3695178781316,45.45545066965339,445.0,75.50096020144092,15.86791197834554,10.0,0.9999999999999999,0.10000000000000003,74.0,3.4451024797394942,0.16075102880658423
3,0.0,13,360.20898135852605,1000.0,1000.0,562.0,71.34125697474421,15.023198472598443,1510.0,258.19849335881725,54.99978305380966,190.0,30.470033370245414,6.248013509994765,0.0,0.0,0.0,0.0,0.0,0.0
4,0.0,10,360.12387374286754,2000.0,0.0,564.0,71.81202167230298,15.194244789830455,1480.0,251.75779937520977,54.69119961530609,208.0,36.61174734460195,8.114959004389872,0.0,0.0,0.0,0.0,0.0,0.0
5,0.054,7,360.2557767306474,2000.0,1000.0,586.0,69.48263861329698,14.418214810576742,1282.0,214.72729026434487,45.71326633656653,427.0,72.77982289760202,15.48695632072182,5.0,0.5,0.05000000000000001,54.0,2.5191765538135686,0.11788408779149526
6,0.0,5,360.45916907252246,3000.0,0.0,555.0,72.29820059327497,15.763759398838848,1476.0,251.24590133947953,53.95543641498761,214.0,36.49022168270915,7.770905441746179,0.0,0.0,0.0,0.0,0.0,0.0
7,0.054,10,360.50439611440294,3000.0,1000.0,573.0,72.7762088525809,15.366979910967595,1615.0,274.9366223031004,59.94526194257055,36.0,6.024194695980359,1.2958076324620997,18.0,1.8000000000000005,0.1800000000000001,97.0,4.509917294554313,0.21004801097393652
