id,probability_maraud,successful_mating,next_foraging_time,x_pos,y_pos,foraging_events,foraging_hrs,foraging_sqhrs,staying_events,staying_hrs,staying_sqhrs,repairing_events,repairing_hrs,repairing_sqhrs,marauding_events,marauding_hrs,marauding_sqhrs,traveling_events,traveling_hrs,traveling_sqhrs
0,0.0,7,360.05514174929914,0.0,0.0,568.0,67.55250857539248,13.488261105732766,1379.0,231.4422525654547,49.492336095842155,364.0,61.031791372590284,12.946157688890068,0.0,0.0,0.0,0.0,0.0,0.0
1,0.054,11,360.17549373358014,0.0,1000.0,572.0,71.23286472453951,14.44990527849965,1660.0,283.8674496358187,61.00188582885879,0.0,0.0,0.0,13.0,1.3,0.13000000000000006,79.0,3.6574074074074066,0.16932441700960202
2,0.054,13,360.050967839572,1000.0,0.0,575.0,74.92195209217866,16.85839843580864,1655.0,279.89013163891894,60.025745910304416,0.0,0.0,0.0,12.0,1.2,0.12000000000000005,89.0,4.13954692418394,0.19290123456790095
3,0.0,8,360.4202096021422,1000.0,1000.0,558.0,69.4347486150762,14.154607791881512,1165.0,195.09892276778396,41.32071120530031,565.0,95.61257180608604,20.760200974154642,0.0,0.0,0.0,0.0,0.0,0.0
4,0.0,5,359.93313626434593,2000.0,0.0,563.0,68.26640981859467,14.145020993477418,1216.0,206.48150116723872,44.29406600854316,497.0,85.4204775043512,18.1281510634604,0.0,0.0,0.0,0.0,0.0,0.0
5,0.054,15,360.0302894030047,2000.0,1000.0,554.0,71.11666860142752,15.057496593689947,1587.0,271.371938204457,58.51091975063959,81.0,12.220047295571007,2.276055235380629,12.0,1.2,0.12000000000000005,90.0,4.185843220480237,0.1950445816186554
6,0.054,7,360.32504503480436,3000.0,0.0,564.0,73.01751857169553,15.743630459620828,1638.0,280.9140748225379,60.56622752376976,0.0,0.0,0.0,12.0,1.2,0.12000000000000005,106.0,4.964937068848123,0.23362482853223543
7,0.0,6,360.31113848102063,3000.0,1000.0,569.0,69.80658509759647,14.851201588882914,1462.0,247.39309223125542,53.34955984506678,256.0,42.94952774782816,9.103722165881974,0.0,0.0,0.0,0.0,0.0,0.0
