id,probability_maraud,successful_mating,next_foraging_time,x_pos,y_pos,foraging_events,foraging_hrs,foraging_sqhrs,staying_events,staying_hrs,staying_sqhrs,repairing_events,repairing_hrs,repairing_sqhrs,marauding_events,marauding_hrs,marauding_sqhrs,traveling_events,traveling_hrs,traveling_sqhrs
0,0.0,9,360.3243254507289,0.0,0.0,565.0,68.69845521373027,13.586098002752468,1530.0,261.03032286564724,55.845631391537616,179.0,30.48419671994236,6.533406535228586,0.0,0.0,0.0,0.0,0.0,0.0
1,0.054,10,360.88523644854683,0.0,1000.0,574.0,69.37305252568436,13.995186414121486,1536.0,260.7207037873546,55.857283752266156,140.0,24.613741466059576,5.219690267667141,15.0,1.5000000000000002,0.15000000000000008,87.0,4.066130885404916,0.1907578875171465
2,0.0,15,360.59231227458713,1000.0,0.0,570.0,69.75680003541619,13.708922828315531,1330.0,229.62394749652057,50.097603895978594,360.0,60.66443427048113,12.81568549133654,0.0,0.0,0.0,0.0,0.0,0.0
3,0.054,6,360.1961979536677,1000.0,1000.0,560.0,73.31575204939016,15.72122301016473,1227.0,203.49060449686954,43.13535328170283,465.0,79.25404164833007,17.29101346410981,12.0,1.2,0.12000000000000005,63.0,2.935843220480235,0.13717421124828533
4,0.054,6,359.99400764815425,2000.0,0.0,565.0,70.20689579851445,15.104043843773102,1453.0,241.65229592737384,51.29040037812649,259.0,43.04250518207243,8.987092281132213,14.0,1.4000000000000001,0.14000000000000007,80.0,3.722880257517272,0.1736111111111109
5,0.054,14,360.3809133809824,2000.0,1000.0,571.0,69.52533657685437,13.55242693390859,1340.0,224.66631026088646,47.54361727921202,353.0,60.78957234143753,12.843679360619893,16.0,1.6000000000000003,0.1600000000000001,76.0,3.5185185185185177,0.16289437585733868
6,0.0,5,359.91249015459766,3000.0,0.0,568.0,69.24854125075193,13.831058922735188,1576.0,272.541534986408,59.77275748041438,101.0,18.28296979391222,4.015252114151698,0.0,0.0,0.0,0.0,0.0,0.0
7,0.0,7,360.0691901941482,3000.0,1000.0,562.0,70.51163626152743,14.550657955052937,1569.0,259.02600959294386,54.32552861900383,176.0,30.642283808207274,6.647237983185686,0.0,0.0,0.0,0.0,0.0,0.0
