id,probability_maraud,successful_mating,next_foraging_time,x_pos,y_pos,foraging_events,foraging_hrs,foraging_sqhrs,staying_events,staying_hrs,staying_sqhrs,repairing_events,repairing_hrs,repairing_sqhrs,marauding_events,marauding_hrs,marauding_sqhrs,traveling_events,traveling_hrs,traveling_sqhrs
0,0.0,10,360.0802035320768,0.0,0.0,569.0,70.3443288139833,14.466662264759256,1330.0,222.94906037407202,47.43536002157469,387.0,66.83636827713356,14.523075273921002,0.0,0.0,0.0,0.0,0.0,0.0
1,0.054,6,360.42752174165935,0.0,1000.0,565.0,69.09391573830042,14.285144088685314,1594.0,266.6467936610819,56.69681237915893,104.0,18.578183874930005,4.0561046482421705,13.0,1.3,0.13000000000000006,95.0,4.455677809588859,0.21004801097393652
2,0.054,11,359.9169881318753,1000.0,0.0,564.0,72.0130532862839,15.482320298151919,1540.0,258.750222231559,56.04335077716907,145.0,24.464506660357127,5.15996805533937,12.0,1.2,0.12000000000000005,76.0,3.576048179959225,0.16932441700960205
3,0.054,9,360.1253897480206,1000.0,1000.0,571.0,70.08487775384037,14.197913372712827,1359.0,225.69215350794408,48.28797872584956,371.0,60.78365666072124,12.418189210228064,8.0,0.7999999999999999,0.08000000000000002,60.0,2.7777777777777772,0.12860082304526754
4,0.0,8,360.5683833012368,2000.0,0.0,570.0,74.05205336753107,15.746491918389063,1416.0,237.28530372585897,50.47884135552453,288.0,48.85763912079889,10.34179568512548,0.0,0.0,0.0,0.0,0.0,0.0
5,0.0,10,360.7438464662232,2000.0,1000.0,570.0,68.46016564083729,13.064912225658942,1592.0,267.19960650163836,56.9911489677446,143.0,24.399708927293396,5.454992698732353,0.0,0.0,0.0,0.0,0.0,0.0
6,0.054,5,360.4455697701701,3000.0,0.0,570.0,69.4904082957148,14.126812969861698,1671.0,285.436062510488,61.71816300046218,0.0,0.0,0.0,12.0,1.2,0.12000000000000005,86.0,4.00065803529505,0.1864711934156376
7,0.0,13,360.10063241528434,3000.0,1000.0,566.0,68.51021001600107,14.201675654734613,1544.0,261.3614623815196,55.571695012584684,186.0,30.29479247010672,6.389232611192782,0.0,0.0,0.0,0.0,0.0,0.0
