id,probability_maraud,successful_mating,next_foraging_time,x_pos,y_pos,foraging_events,foraging_hrs,foraging_sqhrs,staying_events,staying_hrs,staying_sqhrs,repairing_events,repairing_hrs,repairing_sqhrs,marauding_events,marauding_hrs,marauding_sqhrs,traveling_events,traveling_hrs,traveling_sqhrs
0,0.054,7,359.9727100859262,0.0,0.0,565.0,71.11646089698334,14.580385512189958,1455.0,244.03226107655593,51.95739316385077,238.0,38.986528260607464,8.015940534905635,17.0,1.7000000000000004,0.1700000000000001,90.0,4.224196328107375,0.1993312757201643
1,0.0,3,360.2453502045657,0.0,1000.0,575.0,71.84116434577369,14.461925187523116,1215.0,208.49620581990655,45.528182564325704,480.0,79.74089642787514,17.107476893441962,0.0,0.0,0.0,0.0,0.0,0.0
2,0.054,8,360.66730564471027,1000.0,0.0,547.0,70.71457234710482,15.316032567948529,1153.0,199.9640851313435,43.74372328036959,510.0,86.00590911480575,18.46134873097307,10.0,0.9999999999999999,0.10000000000000003,52.0,2.426583961220976,0.11359739368998634
3,0.054,18,360.004440318964,1000.0,1000.0,567.0,69.85434847068763,14.715560360819955,1522.0,260.569162782704,56.299313196841,143.0,24.175864707706538,5.2675000078682235,13.0,1.3,0.13000000000000006,90.0,4.243372881920945,0.20147462277091874
4,0.054,15,360.43036967991054,2000.0,0.0,566.0,70.35906221266646,14.072848365260581,1634.0,278.25049278278027,59.70797287617985,41.0,6.015297494837317,1.1977703214052335,15.0,1.5000000000000002,0.15000000000000008,85.0,3.9735382928123224,0.1864711934156376
5,0.0,8,360.497573916941,2000.0,1000.0,553.0,69.69559871137015,14.827822936666646,1411.0,241.66651198609117,51.87884250988724,289.0,48.796413364485716,10.169795165680373,0.0,0.0,0.0,0.0,0.0,0.0
6,0.0,7,359.9316327564405,3000.0,0.0,569.0,71.66688040334469,15.28786285630151,1414.0,239.5428579396112,51.731931602603694,279.0,48.79649167983763,10.782486819681473,0.0,0.0,0.0,0.0,0.0,0.0
7,0.0,6,360.8308409852936,3000.0,1000.0,558.0,67.77963257115576,13.372868688730764,1777.0,292.3731506248105,61.12912395183522,0.0,0.0,0.0,0.0,0.0,0.0,0.0,0.0,0.0
