id,probability_maraud,successful_mating,next_foraging_time,x_pos,y_pos,foraging_events,foraging_hrs,foraging_sqhrs,staying_events,staying_hrs,staying_sqhrs,repairing_events,repairing_hrs,repairing_sqhrs,marauding_events,marauding_hrs,marauding_sqhrs,traveling_events,traveling_hrs,traveling_sqhrs
0,0.054,9,359.9526851502216,0.0,0.0,555.0,70.92541230086084,14.803557922462716,1449.0,244.8377684893715,52.635452661258086,263.0,42.67102752197904,8.880703397100607,12.0,1.2,0.12000000000000005,73.0,0.4939947843291036,0.003707990397805215
1,0.0,10,360.11144439432366,0.0,100.0,563.0,68.46652309607657,14.296384188978655,1393.0,236.7000134203013,50.59482710898122,335.0,55.03431985231894,11.504126343949169,0.0,0.0,0.0,0.0,0.0,0.0
2,0.054,8,360.328595134136,100.0,0.0,561.0,76.51985297559882,18.24309963502576,1342.0,227.29608031161405,49.10074864161135,328.0,54.77887972460316,11.46247963883797,12.0,1.2,0.12000000000000005,65.0,0.3431143443157783,0.0018647119341563768
3,0.054,9,360.4176013841325,100.0,100.0,565.0,73.25713761281871,15.58451304556604,1376.0,230.5214447108769,49.150552065617596,337.0,54.51879505084844,11.259821971312478,15.0,1.5000000000000002,0.15000000000000008,73.0,0.38782200287824325,0.002121913580246913
4,0.054,8,360.2828324746932,200.0,0.0,561.0,71.95539574581109,15.265014423074147,1409.0,243.44298272358643,53.52543121401928,253.0,42.86349764479026,9.167655161405106,12.0,1.2,0.12000000000000005,99.0,0.6994291602283487,0.005465534979423872
5,0.0,10,360.12729454620705,200.0,100.0,563.0,71.40053432333822,14.493401347749561,1369.0,232.06099003154375,49.63566159342331,346.0,56.7240750293258,12.103740031661712,0.0,0.0,0.0,0.0,0.0,0.0
