id,probability_maraud,successful_mating,next_foraging_time,x_pos,y_pos,foraging_events,foraging_hrs,foraging_sqhrs,staying_events,staying_hrs,staying_sqhrs,repairing_events,repairing_hrs,repairing_sqhrs,marauding_events,marauding_hrs,marauding_sqhrs,traveling_events,traveling_hrs,traveling_sqhrs
0,0.0,10,360.3607054033331,0.0,0.0,569.0,65.94785840730772,13.21201819995553,1492.0,251.54058052792283,53.55719070493334,243.0,42.70178946316189,9.29092830455224,0.0,0.0,0.0,0.0,0.0,0.0
1,0.054,10,360.07818135147045,0.0,100.0,570.0,72.18089823170517,15.710747414767386,1370.0,232.28359290308845,50.01465533187483,316.0,54.171901036521255,11.657958339901231,9.0,0.8999999999999999,0.09000000000000002,72.0,0.4986244139587331,0.003815157750342937
2,0.0,8,359.9734006578467,100.0,0.0,562.0,75.07484638059695,17.752041780415446,1405.0,229.91345485934266,48.312363117771746,320.0,55.01718190545407,11.703310304195082,0.0,0.0,0.0,0.0,0.0,0.0
3,0.054,7,359.97127907691765,100.0,100.0,563.0,68.60140566331441,15.086114022259844,1448.0,240.64327254666716,51.5553698710984,283.0,49.02690454666673,10.585086919003952,14.0,1.4000000000000001,0.14000000000000007,66.0,0.347743973945408,0.0018861454046639214
4,0.054,10,360.18809555697965,200.0,0.0,552.0,69.53406476440114,14.352218402898648,1565.0,270.5555618587372,58.82462296558513,105.0,18.229485044396263,3.995273473333995,12.0,1.2,0.12000000000000005,90.0,0.6691061209853648,0.005465534979423872
5,0.054,9,360.3099876820421,200.0,100.0,564.0,69.7362502607638,14.343569527247642,1365.0,234.0654262888625,50.75153655675861,331.0,54.7771132218211,11.39762077649094,10.0,0.9999999999999999,0.10000000000000003,68.0,0.4862937335924744,0.003858024691358026
