id,probability_maraud,successful_mating,next_foraging_time,x_pos,y_pos,foraging_events,foraging_hrs,foraging_sqhrs,staying_events,staying_hrs,staying_sqhrs,repairing_events,repairing_hrs,repairing_sqhrs,marauding_events,marauding_hrs,marauding_sqhrs,traveling_events,traveling_hrs,traveling_sqhrs
0,0.0,8,360.2368215071493,0.0,0.0,554.0,68.8965632076621,13.846141047349805,1286.0,218.56181762700655,46.88724803102719,420.0,72.57023359713736,15.820249872606356,0.0,0.0,0.0,0.0,0.0,0.0
1,0.054,7,360.33778461347373,0.0,100.0,560.0,69.42501270284528,15.293162369841511,1328.0,221.523209200991,47.06137794094663,401.0,67.00062884838492,14.08243887060269,15.0,1.5000000000000002,0.15000000000000008,83.0,0.5634087995623468,0.004265260631001377
2,0.054,12,360.0646997533178,100.0,0.0,568.0,73.40418776443873,15.329838412474626,1495.0,258.5397097712837,56.17809794990372,150.0,25.835104988669087,5.468205057543714,18.0,1.8000000000000005,0.1800000000000001,89.0,0.47531966462181596,0.002614883401920439
3,0.054,12,360.07857375983457,100.0,100.0,562.0,66.96988341777578,13.229937729456083,1293.0,224.4545958935419,48.77533196457824,375.0,67.06157575124041,14.797341759199966,12.0,1.2,0.12000000000000005,75.0,0.40283422828157334,0.002229080932784635
4,0.054,10,360.0326134129991,200.0,0.0,566.0,69.37056058923595,13.739610482413413,1367.0,233.86167363005586,50.87489565486027,309.0,54.810168926073295,12.30586031918646,15.0,1.5000000000000002,0.15000000000000008,80.0,0.5729057888355272,0.0045653292181069985
5,0.0,5,360.2440234208506,200.0,100.0,563.0,68.57868519265875,13.767021010277322,1301.0,218.6203662166194,46.7034142526142,453.0,72.87600259751028,14.698684161567927,0.0,0.0,0.0,0.0,0.0,0.0
