id,probability_maraud,successful_mating,next_foraging_time,x_pos,y_pos,foraging_events,foraging_hrs,foraging_sqhrs,staying_events,staying_hrs,staying_sqhrs,repairing_events,repairing_hrs,repairing_sqhrs,marauding_events,marauding_hrs,marauding_sqhrs,traveling_events,traveling_hrs,traveling_sqhrs
0,0.0,9,360.1921356554141,0.0,0.0,552.0,69.42889870767046,14.015790264397541,1517.0,260.2798922857301,56.326127110572735,167.0,30.467131431293435,6.745900236648284,0.0,0.0,0.0,0.0,0.0,0.0
1,0.0,6,360.1146937269642,0.0,100.0,566.0,71.32843078999142,14.956560964041916,1362.0,227.72478363809097,48.220862595621504,361.0,61.05331527539834,13.151103560375066,0.0,0.0,0.0,0.0,0.0,0.0
2,0.054,11,360.1819367301952,100.0,0.0,558.0,74.97833364671557,17.0699849098591,1293.0,217.14701151859998,45.76903601509312,413.0,66.81553285304562,13.67017575113095,7.0,0.7,0.07,71.0,0.38239805438169777,0.0021219135802469117
3,0.054,9,360.3871943716704,100.0,100.0,562.0,71.75456602121459,14.872914980231824,1362.0,232.32386754536114,50.64893818296961,316.0,54.709503847338034,12.156760614844487,10.0,0.9999999999999999,0.10000000000000003,69.0,0.3712211397410815,0.0020576131687242783
4,0.054,12,360.9931335924906,200.0,0.0,568.0,66.85721116310093,13.110403916054238,1567.0,261.326299466077,55.68746480356064,187.0,30.52998538516923,6.581573770693666,9.0,0.8999999999999999,0.09000000000000002,83.0,0.572739076052461,0.004393861454046643
5,0.054,7,360.07935203556974,200.0,100.0,564.0,69.88034081711226,14.060589522006834,1572.0,263.49480638176874,55.52125576342257,142.0,24.342422763198737,5.260475749698183,18.0,1.8000000000000005,0.1800000000000001,84.0,0.5915155949876497,0.004586762688614543
