id,probability_maraud,successful_mating,next_foraging_time,x_pos,y_pos,foraging_events,foraging_hrs,foraging_sqhrs,staying_events,staying_hrs,staying_sqhrs,repairing_events,repairing_hrs,repairing_sqhrs,marauding_events,marauding_hrs,marauding_sqhrs,traveling_events,traveling_hrs,traveling_sqhrs
0,0.054,10,359.93197827993987,0.0,0.0,562.0,73.94367681982169,16.689173897629477,1492.0,247.65232525507403,52.01905115698666,225.0,36.55740842198677,7.4930711345198455,12.0,1.2,0.12000000000000005,91.0,0.6571044582666313,0.005272633744855972
1,0.054,14,360.0171694194216,0.0,100.0,582.0,70.03830764493567,13.510231070713774,1448.0,251.05212395239403,54.19036357559933,218.0,36.8699085219568,8.018302161045924,17.0,1.7000000000000004,0.1700000000000001,79.0,0.5791950734298432,0.004715363511659811
2,0.0,9,360.56669223821393,100.0,0.0,563.0,73.75420851572409,15.73098327188198,1330.0,225.14513743839382,48.36636010400248,360.0,61.15809949681041,13.202029926266015,0.0,0.0,0.0,0.0,0.0,0.0
3,0.054,8,360.3262537824304,100.0,100.0,569.0,65.27545060329622,13.444384761724178,1365.0,232.36773090885808,49.90006624399511,369.0,60.796747401004126,13.03945617946057,13.0,1.3,0.13000000000000006,72.0,0.394698305536755,0.0022290809327846347
4,0.0,5,360.17899529117483,200.0,0.0,558.0,68.32323929495598,13.98757960309325,1326.0,224.91974955120375,48.20676744474472,388.0,66.97425386728737,14.710016926966299,0.0,0.0,0.0,0.0,0.0,0.0
5,0.054,8,359.95017308514423,200.0,100.0,578.0,65.38684406632399,12.281477628325655,1405.0,237.96765419484757,50.974362066353265,306.0,55.197218748451206,12.465192413032469,10.0,0.9999999999999999,0.10000000000000003,71.0,0.5345787025009824,0.004393861454046641
