id,probability_maraud,successful_mating,next_foraging_time,x_pos,y_pos,foraging_events,foraging_hrs,foraging_sqhrs,staying_events,staying_hrs,staying_sqhrs,repairing_events,repairing_hrs,repairing_sqhrs,marauding_events,marauding_hrs,marauding_sqhrs,traveling_events,traveling_hrs,traveling_sqhrs
0,0.054,10,359.92686028729213,0.0,0.0,560.0,69.84212670615116,14.105344060762164,1301.0,220.58462126581233,47.39991565271012,406.0,68.29875828352664,14.98738701224697,8.0,0.7999999999999999,0.08000000000000002,68.0,0.47730263355833785,0.003750857338820304
1,0.054,10,360.0938806757258,0.0,100.0,570.0,71.1154791951917,14.288346517815059,1449.0,249.69207574177386,54.02540103168724,226.0,36.574801064151835,7.825274259019055,21.0,2.1000000000000005,0.21000000000000013,96.0,0.6497932835999304,0.004929698216735259
2,0.054,12,360.22657164912215,100.0,0.0,569.0,71.89794200431399,14.814895714604999,1457.0,243.82544026903054,51.83712285524641,245.0,42.8104398827824,9.380576544774254,11.0,1.0999999999999999,0.11000000000000004,71.0,0.38239805438169777,0.002121913580246912
3,0.0,10,359.87829639826657,100.0,100.0,577.0,69.87970149114996,13.969659774641261,1405.0,234.92654912108162,49.364423350768334,309.0,55.32638970404927,12.356355207552069,0.0,0.0,0.0,0.0,0.0,0.0
4,0.054,5,360.6393626668133,200.0,0.0,567.0,70.00918487858812,15.40722371535107,1369.0,233.6344945206872,50.29405630063109,314.0,55.00555637192955,12.149031350957326,9.0,0.8999999999999999,0.09000000000000002,78.0,0.5661005034078701,0.004586762688614544
5,0.0,7,360.6466299665913,200.0,100.0,555.0,73.19905506184591,16.104502955872515,1476.0,251.3420002230313,53.89755887847354,208.0,35.5245754568861,7.801005642840554,0.0,0.0,0.0,0.0,0.0,0.0
