id,probability_maraud,successful_mating,next_foraging_time,x_pos,y_pos,foraging_events,foraging_hrs,foraging_sqhrs,staying_events,staying_hrs,staying_sqhrs,repairing_events,repairing_hrs,repairing_sqhrs,marauding_events,marauding_hrs,marauding_sqhrs,traveling_events,traveling_hrs,traveling_sqhrs
0,0.054,12,360.3664760197209,0.0,0.0,584.0,71.52241900664359,14.881810081964694,1522.0,255.89016071783,54.64682341231918,184.0,30.79363219118381,6.685820573782639,12.0,1.2,0.12000000000000005,90.0,0.6252536397122186,0.0048439643347050814
1,0.0,14,360.4405815628016,0.0,100.0,582.0,69.95383729327386,13.36171357922194,1379.0,238.13611829988685,52.20805926081782,299.0,51.937927663766395,11.390161588266128,0.0,0.0,0.0,0.0,0.0,0.0
2,0.054,12,359.8678989393527,100.0,0.0,566.0,71.42258030501338,15.937135624488231,1492.0,250.3519593305971,52.50308131322184,217.0,36.400808715439815,7.820207490391868,14.0,1.4000000000000001,0.14000000000000007,88.0,0.47644300113625715,0.0026577503429355298
3,0.054,6,360.1739470459577,100.0,100.0,567.0,71.1465846355201,14.406836593186569,1337.0,226.01180729075,48.329715614176095,357.0,61.34945347305624,12.972770364701924,12.0,1.2,0.12000000000000005,82.0,0.4620888110279777,0.0026791838134430724
4,0.0,4,360.0501838277053,200.0,0.0,569.0,71.55476969685027,15.466325761415522,1241.0,209.3663313990802,44.22022221383528,460.0,79.14292240522929,17.06586992167886,0.0,0.0,0.0,0.0,0.0,0.0
5,0.054,6,360.4463786351288,200.0,100.0,552.0,67.72683026952468,13.500978782349138,1448.0,247.767944220365,54.18184253867417,264.0,42.852050838086846,8.96897289669362,12.0,1.2,0.12000000000000005,78.0,0.5227944521792662,0.0039008916323731153
