id,probability_maraud,successful_mating,next_foraging_time,x_pos,y_pos,foraging_events,foraging_hrs,foraging_sqhrs,staying_events,staying_hrs,staying_sqhrs,repairing_events,repairing_hrs,repairing_sqhrs,marauding_events,marauding_hrs,marauding_sqhrs,traveling_events,traveling_hrs,traveling_sqhrs
0,0.054,4,360.15006434445985,0.0,0.0,571.0,72.36297698968045,16.162929147958707,1155.0,195.05181319061322,42.097077864744485,541.0,91.43012429776088,19.481608845243663,9.0,0.8999999999999999,0.09000000000000002,63.0,0.3958057795670544,0.0027863511659807962
1,0.0,6,360.3625840528106,0.0,100.0,561.0,67.96653814261063,15.204714902016221,1373.0,237.40739060546147,52.517827394831436,318.0,54.97401210461623,12.192874136436071,0.0,0.0,0.0,0.0,0.0,0.0
2,0.054,13,360.4482548339472,100.0,0.0,562.0,69.44858490192146,13.626136831826889,1465.0,251.73755476970206,54.658775547781694,219.0,36.5604013651482,7.89970322236323,19.0,1.9000000000000006,0.1900000000000001,94.0,0.5003854681513211,0.002743484224965707
3,0.054,14,360.1027021377962,100.0,100.0,569.0,70.1604725843913,14.8679332375045,1532.0,255.6107487394715,54.52290676752703,190.0,32.76420030287575,7.104229877532836,11.0,1.0999999999999999,0.11000000000000004,91.0,0.5133437546014291,0.002979252400548697
4,0.054,10,360.46826406173494,200.0,0.0,561.0,68.46899127017112,14.212634291174039,1429.0,240.54083198640632,51.48578837276875,287.0,48.64049236240732,10.682255954955101,18.0,1.8000000000000005,0.1800000000000001,83.0,0.5977034331399096,0.0047582304526749015
5,0.0,7,360.44844618567834,200.0,100.0,560.0,69.1409358035486,13.908869062344184,1215.0,211.69460356429332,46.44402928292343,467.0,79.36761295012288,16.96286326918938,0.0,0.0,0.0,0.0,0.0,0.0
