id,probability_maraud,successful_mating,next_foraging_time,x_pos,y_pos,foraging_events,foraging_hrs,foraging_sqhrs,staying_events,staying_hrs,staying_sqhrs,repairing_events,repairing_hrs,repairing_sqhrs,marauding_events,marauding_hrs,marauding_sqhrs,traveling_events,traveling_hrs,traveling_sqhrs
0,0.054,9,360.0085538270669,0.0,0.0,574.0,72.82992045641306,16.045373440759928,1496.0,251.06810746718463,52.99796442185003,201.0,33.89173154868446,7.313830014423732,17.0,1.7000000000000004,0.1700000000000001,90.0,0.6456999724205461,0.005165466392318248
1,0.054,8,360.0057477360345,0.0,100.0,565.0,66.77607378204172,12.963698736126599,1369.0,237.09722643631363,52.28194720415642,306.0,54.862664056397925,12.209411842528612,7.0,0.7,0.07,75.0,0.5802879807330827,0.0049082647462277106
2,0.0,10,360.3319702851706,100.0,0.0,558.0,72.28231067343754,15.789219746939644,1349.0,226.46073567065,49.07854821140441,347.0,61.26171707578888,13.497702116529572,0.0,0.0,0.0,0.0,0.0,0.0
3,0.054,8,359.9332800084269,100.0,100.0,562.0,70.4818642994993,15.154050955014574,1443.0,244.77333623395108,53.24835710115184,244.0,42.71803938174892,9.188514348865489,17.0,1.7000000000000004,0.1700000000000001,78.0,0.4282290494586036,0.0024219821673525364
4,0.054,7,360.0611729652845,200.0,0.0,552.0,68.80729798531249,14.541375759196823,1351.0,228.61664598861233,48.99649008640609,353.0,61.16612328802068,13.576008712675954,11.0,1.0999999999999999,0.11000000000000004,72.0,0.4880345173823126,0.0036222565157750337
5,0.0,12,360.05281612199224,200.0,100.0,567.0,70.95298285526853,15.334052031421475,1328.0,228.33327644128562,49.28245322320683,360.0,60.805935791941984,12.760694217206419,0.0,0.0,0.0,0.0,0.0,0.0
