id,probability_maraud,successful_mating,next_foraging_time,x_pos,y_pos,foraging_events,foraging_hrs,foraging_sqhrs,staying_events,staying_hrs,staying_sqhrs,repairing_events,repairing_hrs,repairing_sqhrs,marauding_events,marauding_hrs,marauding_sqhrs,traveling_events,traveling_hrs,traveling_sqhrs
0,0.0,9,360.0960272872088,0.0,0.0,568.0,72.5317893670879,15.598767946126754,1278.0,214.33853502181563,45.693744736047734,433.0,73.37338484740091,15.508619689890251,0.0,0.0,0.0,0.0,0.0,0.0
1,0.054,9,360.0600895389233,0.0,100.0,555.0,68.87286095160079,14.015707027993374,1524.0,253.2386343878133,53.887237698026354,220.0,36.535548686044194,7.651236646564317,9.0,0.8999999999999999,0.09000000000000002,84.0,0.5563657841207684,0.004115226337448563
2,0.054,11,360.02547863817847,100.0,0.0,571.0,73.51091853260743,16.0810040865293,1401.0,235.89934379589326,51.10892190614917,304.0,48.9088666605609,9.91594743107828,14.0,1.4000000000000001,0.14000000000000007,82.0,0.433323980307624,0.0023576817558299042
3,0.0,13,360.19734368492976,100.0,100.0,566.0,73.14451141001818,16.334623495857198,1472.0,256.55792726504393,56.10573665050106,178.0,30.353993011777703,6.586926919683434,0.0,0.0,0.0,0.0,0.0,0.0
4,0.054,6,360.25196650313603,200.0,0.0,566.0,69.65521087329323,14.133672330961904,1342.0,233.75552469265872,51.4660643751165,327.0,54.84207403961289,12.070551495976986,12.0,1.2,0.12000000000000005,77.0,0.5563049256983654,0.004458161865569274
5,0.054,6,360.02472761738244,200.0,100.0,568.0,73.45427277433154,16.58967235467207,1407.0,236.0693250624255,50.327490063948964,288.0,48.553747080057605,10.512863880682033,13.0,1.3,0.13000000000000006,87.0,0.623376572350515,0.004972565157750348
