id,probability_maraud,successful_mating,next_foraging_time,x_pos,y_pos,foraging_events,foraging_hrs,foraging_sqhrs,staying_events,staying_hrs,staying_sqhrs,repairing_events,repairing_hrs,repairing_sqhrs,marauding_events,marauding_hrs,marauding_sqhrs,traveling_events,traveling_hrs,traveling_sqhrs
0,0.054,11,360.28497516634786,0.0,0.0,562.0,70.00831226903462,14.246554106326272,1567.0,263.417053016792,56.35656568549363,142.0,24.51931445011012,5.592044633960332,15.0,1.5000000000000002,0.15000000000000008,85.0,0.5794835030577151,0.004415294924554187
1,0.054,8,360.14719336431807,0.0,100.0,546.0,69.41603717099247,14.3661173306519,1315.0,221.72167451861472,47.587998918001986,399.0,66.9484022901923,14.206183269305242,14.0,1.4000000000000001,0.14000000000000007,76.0,0.5282589886954651,0.004093792866941017
2,0.0,11,360.13009775543924,100.0,0.0,564.0,68.14778618446779,14.08273882955708,1441.0,241.34241282162137,51.68884258565288,304.0,50.740686573480396,10.649575083597469,0.0,0.0,0.0,0.0,0.0,0.0
3,0.054,9,360.1000055768401,100.0,100.0,558.0,70.00475126255753,15.036475619017208,1369.0,227.38795111279867,47.76016566063252,352.0,60.98435610674804,13.285345381187632,14.0,1.4000000000000001,0.14000000000000007,76.0,0.39595792562306137,0.0021219135802469126
4,0.0,9,360.25040450001364,200.0,0.0,568.0,70.91428159190095,15.339883672606922,1342.0,228.017148585378,49.392716178818006,364.0,61.25416471202177,12.924685016923132,0.0,0.0,0.0,0.0,0.0,0.0
5,0.054,6,360.7545325742118,200.0,100.0,563.0,69.04652553334823,13.795663527844043,1375.0,228.5884753356439,48.503686030270664,356.0,61.03136595179779,13.327989629853212,11.0,1.0999999999999999,0.11000000000000004,67.0,0.47267300392870804,0.0037294238683127593
