id,probability_maraud,successful_mating,next_foraging_time,x_pos,y_pos,foraging_events,foraging_hrs,foraging_sqhrs,staying_events,staying_hrs,staying_sqhrs,repairing_events,repairing_hrs,repairing_sqhrs,marauding_events,marauding_hrs,marauding_sqhrs,traveling_events,traveling_hrs,traveling_sqhrs
0,0.054,9,360.1907821082111,0.0,0.0,564.0,69.3251602876018,14.461065856255845,1486.0,252.19326232012682,54.288756356957364,211.0,36.538866994260694,7.796399057951869,14.0,1.4000000000000001,0.14000000000000007,84.0,0.5726680588216061,0.004350994513031551
1,0.054,6,360.0671136888679,0.0,100.0,573.0,71.79055787976257,15.171521742553338,1290.0,213.4210565928656,44.53433561584533,415.0,73.15676243510342,15.956817974479623,13.0,1.3,0.13000000000000006,80.0,0.5384444424748978,0.004029492455418384
2,0.054,11,360.6270978823799,100.0,0.0,569.0,69.09470680601561,14.053104048692738,1434.0,241.0942138098006,51.382042314588496,285.0,48.73384491985257,10.439732342162053,10.0,0.9999999999999999,0.10000000000000003,60.0,0.32571916231170095,0.0018218449931412877
3,0.0,14,360.092502786593,100.0,100.0,578.0,67.34874160729824,13.395575050377188,1454.0,250.04304036585654,54.00640964049941,260.0,42.62958332380446,8.82363592646364,0.0,0.0,0.0,0.0,0.0,0.0
4,0.0,8,360.10700356789073,200.0,0.0,553.0,69.80871481775581,14.344027360779817,1434.0,241.4942622331546,51.639285105969115,284.0,48.94458011286606,10.613787255370251,0.0,0.0,0.0,0.0,0.0,0.0
5,0.054,6,359.8943885289105,200.0,100.0,568.0,72.1272702451134,15.488909097725754,1520.0,255.82872739780854,53.571627658270955,178.0,30.643176142330226,6.599852102847305,9.0,0.8999999999999999,0.09000000000000002,85.0,0.6031679696561085,0.004779663923182446
