id,probability_maraud,successful_mating,next_foraging_time,x_pos,y_pos,foraging_events,foraging_hrs,foraging_sqhrs,staying_events,staying_hrs,staying_sqhrs,repairing_events,repairing_hrs,repairing_sqhrs,marauding_events,marauding_hrs,marauding_sqhrs,traveling_events,traveling_hrs,traveling_sqhrs
0,0.054,9,360.51922514338594,0.0,0.0,566.0,72.83487903587317,15.098713533109954,1451.0,242.93643895887496,51.60894047040298,257.0,42.54448522575678,9.139822178635676,13.0,1.3,0.13000000000000006,78.0,0.5198244775143229,0.0038794581618655706
1,0.0,10,360.2449142285703,0.0,100.0,559.0,73.19794582950736,16.778299204933358,1327.0,225.96301913023666,48.3067903081669,352.0,60.889127356879264,13.513293433469189,0.0,0.0,0.0,0.0,0.0,0.0
2,0.0,5,359.9086102039412,100.0,0.0,552.0,70.26767397993888,14.718992268350233,1313.0,222.81659806000053,48.52917516988877,390.0,67.0102543813263,14.33360196704882,0.0,0.0,0.0,0.0,0.0,0.0
3,0.054,9,359.98393314112167,100.0,100.0,571.0,73.0840760094408,14.658740993815481,1279.0,218.23300913485693,47.41548300220053,404.0,67.16916045439466,14.359663435679073,12.0,1.2,0.12000000000000005,62.0,0.3388137323336741,0.0019075788751714662
4,0.054,11,360.06425595400566,200.0,0.0,570.0,68.00300341679397,14.036800690369097,1491.0,247.43225742677785,52.00275024946581,244.0,42.65121061583703,9.269108032763945,13.0,1.3,0.13000000000000006,93.0,0.6757142644187539,0.005379801097393695
5,0.054,10,359.96452263522104,200.0,100.0,562.0,68.3669306999489,13.991953352837728,1500.0,259.32529170903786,56.57549407116205,182.0,30.44428230387329,6.292426082419858,13.0,1.3,0.13000000000000006,86.0,0.5895066519726889,0.0045438957475994555
