id,probability_maraud,successful_mating,next_foraging_time,x_pos,y_pos,foraging_events,foraging_hrs,foraging_sqhrs,staying_events,staying_hrs,staying_sqhrs,repairing_events,repairing_hrs,repairing_sqhrs,marauding_events,marauding_hrs,marauding_sqhrs,traveling_events,traveling_hrs,traveling_sqhrs
0,0.0,7,360.54104193670554,0.0,0.0,563.0,73.17117632239123,16.728071217319986,1248.0,219.9284562963872,48.14368606010389,402.0,67.13671469813538,14.184828631940114,0.0,0.0,0.0,0.0,0.0,0.0
1,0.054,17,360.089703081287,0.0,100.0,578.0,69.5080068621808,13.740149172768591,1440.0,239.26892668512093,51.29373557761055,269.0,49.011133560443604,10.982106675378239,16.0,1.6000000000000003,0.1600000000000001,92.0,0.6385757809396607,0.004929698216735258
2,0.0,7,359.92698846268127,100.0,0.0,553.0,71.86045660588503,15.705489789283874,1470.0,251.73447970529472,55.489914360618926,213.0,36.426668894846806,8.000597136340959,0.0,0.0,0.0,0.0,0.0,0.0
3,0.054,8,360.3064026169068,100.0,100.0,552.0,70.14849395072676,14.646586082018263,1334.0,226.41418340379482,48.19576921795872,378.0,61.37596190510735,12.877207354675694,17.0,1.7000000000000004,0.1700000000000001,86.0,0.46334843111428414,0.002572016460905351
4,0.054,5,360.36772794671225,200.0,0.0,568.0,67.78977857983958,13.35146255091434,1289.0,217.40429239911003,46.57438745054592,424.0,73.50263886136678,16.070176586286102,10.0,0.9999999999999999,0.10000000000000003,72.0,0.5154630071098161,0.004093792866941018
5,0.054,10,360.77461005095745,200.0,100.0,558.0,74.09159756032913,15.19605585756971,1429.0,241.61512585050428,51.21377945823512,245.0,42.78701541731916,9.357807704473448,11.0,1.0999999999999999,0.11000000000000004,82.0,0.560109807249878,0.004308127572016465
