id,probability_maraud,successful_mating,next_foraging_time,x_pos,y_pos,foraging_events,foraging_hrs,foraging_sqhrs,staying_events,staying_hrs,staying_sqhrs,repairing_events,repairing_hrs,repairing_sqhrs,marauding_events,marauding_hrs,marauding_sqhrs,traveling_events,traveling_hrs,traveling_sqhrs
0,0.054,9,359.9991965389999,0.0,0.0,575.0,69.22991291669119,14.310153131507642,1384.0,233.97914786880406,49.92707265758591,325.0,55.16461127510893,11.601576800553415,11.0,1.0999999999999999,0.11000000000000004,85.0,0.6390816701787047,0.005294067215363514
1,0.054,8,360.0937938711883,0.0,100.0,563.0,68.68368876712351,14.103247664542138,1424.0,247.08183554950386,54.214981039611565,276.0,42.67029304223445,8.465757637202742,11.0,1.0999999999999999,0.11000000000000004,80.0,0.5685443184310203,0.00452246227709191
2,0.0,9,360.06080297404463,100.0,0.0,552.0,69.86322196765155,14.740249274894996,1407.0,241.2329910739972,52.21264464315165,286.0,48.96665351584724,10.485747121764884,0.0,0.0,0.0,0.0,0.0,0.0
3,0.054,7,360.21150746187726,100.0,100.0,561.0,71.19768481836427,15.660736117600704,1460.0,244.43756844574253,51.996670580278305,247.0,42.948383708331434,9.314625522557431,12.0,1.2,0.12000000000000005,80.0,0.43173534257379237,0.0024005486968449933
4,0.0,8,360.39861930434165,200.0,0.0,568.0,73.79049252719554,16.81753246611161,1418.0,237.25202526970605,50.05738111505439,289.0,49.09418232765531,10.483858034911366,0.0,0.0,0.0,0.0,0.0,0.0
5,0.054,13,360.1442570808948,200.0,100.0,570.0,74.10036058038558,17.281608167435618,1414.0,241.65764011178524,51.86635913406394,255.0,42.64662586297402,9.188250754568317,12.0,1.2,0.12000000000000005,76.0,0.535342592156697,0.004222393689986286
