id,probability_maraud,successful_mating,next_foraging_time,x_pos,y_pos,foraging_events,foraging_hrs,foraging_sqhrs,staying_events,staying_hrs,staying_sqhrs,repairing_events,repairing_hrs,repairing_sqhrs,marauding_events,marauding_hrs,marauding_sqhrs,traveling_events,traveling_hrs,traveling_sqhrs
0,0.054,7,360.11267198099813,0.0,0.0,569.0,66.09749428462203,12.496701614819365,1426.0,248.6530160776586,54.02366449195965,248.0,43.4422912908005,9.34756568421817,15.0,1.5000000000000002,0.15000000000000008,80.0,0.5277226702452199,0.0038794581618655714
1,0.054,13,360.5197226684175,0.0,100.0,565.0,72.24668468074114,15.002074064962622,1247.0,212.32646123981314,45.8833918526534,414.0,73.35640519503498,16.172009817376754,17.0,1.7000000000000004,0.1700000000000001,67.0,0.4748588185351877,0.003772290809327849
2,0.054,7,360.6614533537047,100.0,0.0,576.0,70.71124232460848,14.231845486893508,1335.0,225.64094485946814,48.20317842410188,361.0,61.937892514818536,13.31102628773509,14.0,1.4000000000000001,0.14000000000000007,84.0,0.4560068272363817,0.0025505829903978055
3,0.0,7,360.5061571725654,100.0,100.0,561.0,72.75540220193105,16.25356180943516,1240.0,208.01150213400192,44.26279136316035,480.0,79.2537542289903,16.789471877174172,0.0,0.0,0.0,0.0,0.0,0.0
4,0.0,13,359.81119790957126,200.0,0.0,558.0,71.5013209902131,14.56765963960761,1324.0,221.17402139235207,46.102547968408324,408.0,67.41526858407292,14.455198202616616,0.0,0.0,0.0,0.0,0.0,0.0
5,0.054,7,360.2206075869545,200.0,100.0,571.0,75.55839013208926,16.032491829793965,1408.0,239.50016644529035,51.10042376970786,254.0,42.80331978930512,9.0773164479738,16.0,1.6000000000000003,0.1600000000000001,88.0,0.607352568469097,0.004608196159122087
