id,probability_maraud,successful_mating,next_foraging_time,x_pos,y_pos,foraging_events,foraging_hrs,foraging_sqhrs,staying_events,staying_hrs,staying_sqhrs,repairing_events,repairing_hrs,repairing_sqhrs,marauding_events,marauding_hrs,marauding_sqhrs,traveling_events,traveling_hrs,traveling_sqhrs
0,0.054,16,360.4259027357226,0.0,0.0,554.0,69.15758850704616,15.20056273906126,1480.0,258.74864161785007,57.410894331129285,179.0,30.349613313304584,6.247595633586415,12.0,1.2,0.12000000000000005,85.0,0.5958567949894077,0.0046510631001371785
1,0.054,6,360.46257295933873,0.0,100.0,555.0,71.43287655392432,15.106338883658351,1461.0,243.311634839187,51.94246121946274,249.0,42.746904163804786,9.254681748797644,20.0,2.0000000000000004,0.20000000000000012,87.0,0.5974454327232394,0.0046081961591220915
2,0.0,9,359.9757199229664,100.0,0.0,558.0,68.75219615647067,13.813690634562949,1258.0,212.43844310251026,45.59972837720769,445.0,78.8598834984124,17.544532440043284,0.0,0.0,0.0,0.0,0.0,0.0
3,0.054,10,360.0990889131656,100.0,100.0,573.0,69.43557863942118,13.578153176833107,1356.0,233.26550645015837,50.74348224103877,334.0,55.32454886013037,11.63049985185719,17.0,1.7000000000000004,0.1700000000000001,85.0,0.4587188014846544,0.002550582990397806
4,0.0,5,360.6525528465132,200.0,0.0,569.0,70.59519344985678,14.862738764252443,1180.0,200.99234638821366,42.915320500145825,490.0,88.67272569707379,20.019124571562305,0.0,0.0,0.0,0.0,0.0,0.0
5,0.054,8,360.52771713515773,200.0,100.0,562.0,70.03051783884146,14.113545392892847,1363.0,227.64174215376164,47.99628472404719,360.0,60.94027619183297,12.915449956069368,11.0,1.0999999999999999,0.11000000000000004,74.0,0.5105956474662652,0.0039008916323731153
