id,probability_maraud,successful_mating,next_foraging_time,x_pos,y_pos,foraging_events,foraging_hrs,foraging_sqhrs,staying_events,staying_hrs,staying_sqhrs,repairing_events,repairing_hrs,repairing_sqhrs,marauding_events,marauding_hrs,marauding_sqhrs,traveling_events,traveling_hrs,traveling_sqhrs
0,0.0,10,360.21064075330645,0.0,0.0,579.0,69.63947041973465,14.29530341154816,1554.0,256.5699455049019,54.18279269237798,203.0,33.81883088424465,7.316798098356416,0.0,0.0,0.0,0.0,0.0,0.0
1,0.054,8,360.3650112922511,0.0,100.0,567.0,69.30725531754534,13.981676879084311,1331.0,222.76188146154016,48.13831439929725,393.0,67.13034518019717,14.13426071875654,5.0,0.5,0.05000000000000001,56.0,0.3868552675525711,0.003000685871056242
2,0.0,8,360.19088053776915,100.0,0.0,568.0,72.23829228678962,14.455817909519254,1320.0,220.88562293806044,46.89521721675208,382.0,67.03738442286603,14.694949879584948,0.0,0.0,0.0,0.0,0.0,0.0
3,0.054,8,360.07851471236023,100.0,100.0,574.0,67.37631273947704,13.425448951674149,1532.0,261.1248098392832,55.788047280078764,170.0,30.49225318962215,6.711269275435668,7.0,0.7,0.07,71.0,0.3689744667121993,0.0019718792866940996
4,0.054,14,360.10860460426716,200.0,0.0,560.0,68.76437046472958,13.782206192758618,1517.0,258.51707201957544,55.755904660541766,184.0,30.561449873091256,6.5283876881516525,19.0,1.9000000000000006,0.1900000000000001,86.0,0.5944652992498437,0.004586762688614545
5,0.054,6,360.578507702812,200.0,100.0,578.0,72.45961222182494,15.114997256028271,1496.0,248.86902449479967,52.140532495105184,224.0,36.86526685975359,7.758831602970248,13.0,1.3,0.13000000000000006,78.0,0.5356918802069716,0.0040509259259259274
