id,probability_maraud,successful_mating,next_foraging_time,x_pos,y_pos,foraging_events,foraging_hrs,foraging_sqhrs,staying_events,staying_hrs,staying_sqhrs,repairing_events,repairing_hrs,repairing_sqhrs,marauding_events,marauding_hrs,marauding_sqhrs,traveling_events,traveling_hrs,traveling_sqhrs
0,0.0,9,360.0868764224806,0.0,0.0,575.0,67.30139836722344,12.424578603254757,1498.0,256.3335257369493,56.078603577113114,217.0,36.58918881486915,7.595731325791701,0.0,0.0,0.0,0.0,0.0,0.0
1,0.0,10,360.13907743809193,0.0,100.0,556.0,66.73424275916967,13.267560809178281,1532.0,256.96749921635217,55.0394510888226,216.0,36.349662782699404,8.133900775887488,0.0,0.0,0.0,0.0,0.0,0.0
2,0.054,5,359.96956722874984,100.0,0.0,557.0,68.69859401075492,14.884059599335952,1278.0,215.32324371095012,46.24299071356986,432.0,74.33651099696269,16.04580336683621,13.0,1.3,0.13000000000000006,69.0,0.37505645050379544,0.002100480109739368
3,0.054,14,360.2648565738915,100.0,100.0,569.0,72.97596663402102,15.38964263779171,1473.0,248.7870225502771,52.87434115289148,236.0,36.588811295979035,7.43595045280725,13.0,1.3,0.13000000000000006,84.0,0.4464185503295971,0.002443415637860082
4,0.054,10,359.9799733138227,200.0,0.0,575.0,68.52972405335521,13.658966003911544,1448.0,245.89902991591876,53.11241021060952,263.0,44.01414955163747,9.168622370826844,10.0,0.9999999999999999,0.10000000000000003,82.0,0.5928158030936095,0.0047582304526749015
5,0.054,6,360.25747288058346,200.0,100.0,556.0,69.30281725526639,14.521945820398095,1342.0,227.88714368686698,49.233118160638,357.0,61.13748365997294,13.058475252906897,13.0,1.3,0.13000000000000006,78.0,0.5357223094181731,0.0040294924554183835
