id,probability_maraud,successful_mating,next_foraging_time,x_pos,y_pos,foraging_events,foraging_hrs,foraging_sqhrs,staying_events,staying_hrs,staying_sqhrs,repairing_events,repairing_hrs,repairing_sqhrs,marauding_events,marauding_hrs,marauding_sqhrs,traveling_events,traveling_hrs,traveling_sqhrs
0,0.054,9,359.83823585138003,0.0,0.0,570.0,69.89587192237482,14.906266940308454,1342.0,226.93879856538086,48.7777467745171,361.0,61.16627961653941,13.358758629461265,16.0,1.6000000000000003,0.1600000000000001,72.0,0.49320046546218765,0.0037294238683127584
1,0.054,10,360.2525234271204,0.0,100.0,574.0,69.39667558845149,14.075704967246354,1408.0,240.01136786950428,51.618787289126175,267.0,48.583061993797884,10.831006133206312,16.0,1.6000000000000003,0.1600000000000001,64.0,0.4378420519008999,0.0033221879286694112
2,0.0,8,360.0893066956506,100.0,0.0,560.0,72.90225116086829,15.360001775027802,1346.0,226.33371740759068,48.30854838474228,375.0,61.036967056254625,12.534791610156491,0.0,0.0,0.0,0.0,0.0,0.0
3,0.054,8,359.9702493497772,100.0,100.0,568.0,71.15739242543357,14.696237461685794,1467.0,244.56930768425,51.60380831725203,252.0,42.55027990707309,8.866190310872456,14.0,1.4000000000000001,0.14000000000000007,83.0,0.4437065760813243,0.0024434156378600825
4,0.054,9,360.1092400575532,200.0,0.0,575.0,67.9981417794861,13.16958714154831,1389.0,235.92783795488162,50.39547942486868,333.0,54.846409861884545,11.56192358741289,7.0,0.7,0.07,81.0,0.5781325953378048,0.004586762688614543
5,0.0,10,360.52772958742605,200.0,100.0,558.0,70.82915086511686,14.207588753480385,1376.0,234.11954305651506,50.336827258612495,314.0,55.10359643423569,12.036416205360903,0.0,0.0,0.0,0.0,0.0,0.0
