id,probability_maraud,successful_mating,next_foraging_time,x_pos,y_pos,foraging_events,foraging_hrs,foraging_sqhrs,staying_events,staying_hrs,staying_sqhrs,repairing_events,repairing_hrs,repairing_sqhrs,marauding_events,marauding_hrs,marauding_sqhrs,traveling_events,traveling_hrs,traveling_sqhrs
0,0.054,9,360.2828298630684,0.0,0.0,574.0,67.7677917986586,14.098089221257483,1508.0,254.20649446233628,54.61344081038022,212.0,36.68754538186515,7.844918546490078,9.0,0.8999999999999999,0.09000000000000002,75.0,0.5302070732880234,0.0041366598079561065
1,0.054,5,360.2168422708438,0.0,100.0,561.0,70.5255180497534,14.577078397076232,1525.0,257.0294550740224,55.14330370051922,180.0,30.494926333381013,6.5931343510013285,16.0,1.6000000000000003,0.1600000000000001,97.0,0.684345917594164,0.005358367626886149
2,0.0,8,360.27786997836364,100.0,0.0,570.0,67.70842453079459,13.583513118592453,1372.0,231.6334374928501,49.839821084139764,352.0,60.82128993059325,13.374475532186343,0.0,0.0,0.0,0.0,0.0,0.0
3,0.0,5,360.1752828564575,100.0,100.0,560.0,69.47288989278044,13.943073523114835,1401.0,235.32681530309756,50.117906953478744,322.0,55.26578238184003,11.99590641267924,0.0,0.0,0.0,0.0,0.0,0.0
4,0.054,13,360.7242112502052,200.0,0.0,579.0,68.74627506941573,13.520388511852161,1512.0,252.71832266059002,53.77320323886593,213.0,36.60132133587685,7.8284211565421336,14.0,1.4000000000000001,0.14000000000000007,88.0,0.597506291145642,0.004522462277091909
5,0.054,14,359.96414717307226,200.0,100.0,550.0,68.05406744865726,13.476237115417462,1354.0,223.51166153857264,46.48691465721233,398.0,67.15290368437866,14.53603098845465,8.0,0.7999999999999999,0.08000000000000002,74.0,0.5336829371920107,0.004265260631001374
