id,probability_maraud,successful_mating,next_foraging_time,x_pos,y_pos,foraging_events,foraging_hrs,foraging_sqhrs,staying_events,staying_hrs,staying_sqhrs,repairing_events,repairing_hrs,repairing_sqhrs,marauding_events,marauding_hrs,marauding_sqhrs,traveling_events,traveling_hrs,traveling_sqhrs
0,0.0,10,360.33397479673783,0.0,0.0,562.0,70.53131688982948,14.26244026616425,1251.0,210.09001544404876,44.48330736669578,458.0,79.44037296122981,17.8856242737162,0.0,0.0,0.0,0.0,0.0,0.0
1,0.054,15,360.1126268542453,0.0,100.0,579.0,68.70904072604145,13.770130721890288,1475.0,252.93767933469607,54.76569003273856,205.0,36.67364258407761,8.085748580823347,11.0,1.0999999999999999,0.11000000000000004,91.0,0.6421226620745026,0.005058299039780528
2,0.054,7,360.46885598150845,100.0,0.0,563.0,72.94077216367158,15.723309950625818,1453.0,248.24104778032486,54.1491800303236,214.0,36.56941404740754,7.92772116058485,18.0,1.8000000000000005,0.1800000000000001,105.0,0.5513113940772474,0.0029792524005487
3,0.054,12,360.1383996895717,100.0,100.0,571.0,70.22417319796944,14.97188273533768,1354.0,230.50425224479648,49.087171751693624,346.0,57.97377422241792,12.189033078888478,9.0,0.8999999999999999,0.09000000000000002,83.0,0.451377197606752,0.0025291495198902594
4,0.054,8,360.19580269557736,200.0,0.0,549.0,75.03891056796223,16.66655323935207,1517.0,258.8042973240365,55.81143654581039,146.0,24.358556623981805,5.250139333036071,13.0,1.3,0.13000000000000006,95.0,0.658248065183822,0.005036865569272981
5,0.0,2,360.2006075331471,200.0,100.0,557.0,74.90843506960914,17.50213834046921,1259.0,213.36550496658398,45.12217659370718,410.0,71.87861378015997,15.778410691818975,0.0,0.0,0.0,0.0,0.0,0.0
