id,probability_maraud,successful_mating,next_foraging_time,x_pos,y_pos,foraging_events,foraging_hrs,foraging_sqhrs,staying_events,staying_hrs,staying_sqhrs,repairing_events,repairing_hrs,repairing_sqhrs,marauding_events,marauding_hrs,marauding_sqhrs,traveling_events,traveling_hrs,traveling_sqhrs
0,0.0,6,360.5575409873907,0.0,0.0,571.0,68.21357853629421,13.435483780294858,1350.0,230.6605620033544,49.60447357609443,353.0,61.21582991294733,13.148521359166166,0.0,0.0,0.0,0.0,0.0,0.0
1,0.054,12,360.35715712940845,0.0,100.0,569.0,71.14256853806837,14.994143050445286,1432.0,237.62232091326382,50.18145060833846,273.0,48.990184339166596,10.964693341970792,17.0,1.7000000000000004,0.1700000000000001,90.0,0.6113647508233295,0.0046510631001371785
2,0.054,5,360.0930281494004,100.0,0.0,561.0,69.00926654325413,13.883014637361095,1413.0,240.8519994375224,50.95577313631157,294.0,48.86112479569698,10.653755664452948,11.0,1.0999999999999999,0.11000000000000004,80.0,0.4279000318110785,0.002357681755829903
3,0.054,15,360.10214189671706,100.0,100.0,574.0,69.2883000375633,13.566937225722231,1353.0,224.0550459727929,47.25592162774146,381.0,65.22405805775436,13.975364957695023,12.0,1.2,0.12000000000000005,76.0,0.4151344794366306,0.002336248285322359
4,0.0,8,360.4791337250969,200.0,0.0,568.0,70.54236698091329,13.959538669494968,1348.0,225.8972407578041,48.479488966112285,380.0,63.77080088799625,13.719731787670662,0.0,0.0,0.0,0.0,0.0,0.0
5,0.054,8,359.9719553280035,200.0,100.0,569.0,70.03282287054641,14.897436148518306,1474.0,244.96480999358977,51.45233373190231,262.0,43.076012418696074,9.215775447054478,15.0,1.5000000000000002,0.15000000000000008,79.0,0.5228958986213226,0.0038365912208504836
