id,probability_maraud,successful_mating,next_foraging_time,x_pos,y_pos,foraging_events,foraging_hrs,foraging_sqhrs,staying_events,staying_hrs,staying_sqhrs,repairing_events,repairing_hrs,repairing_sqhrs,marauding_events,marauding_hrs,marauding_sqhrs,traveling_events,traveling_hrs,traveling_sqhrs
0,0.054,10,359.6455935260528,0.0,0.0,568.0,70.40458066021563,14.469507937870745,1461.0,244.9386594160121,52.17915822387516,267.0,42.814532256785,9.154343782461801,14.0,1.4000000000000001,0.14000000000000007,77.0,0.5353730213678983,0.004158093278463652
1,0.0,9,360.294046773842,0.0,100.0,574.0,71.58783109481891,14.264633426143016,1313.0,221.23650013246368,47.213007559323664,389.0,67.1839514482671,14.609330264602175,0.0,0.0,0.0,0.0,0.0,0.0
2,0.054,9,360.0718277880277,100.0,0.0,572.0,71.42329922331287,15.051496152473034,1535.0,256.5003860604577,54.146806563956154,174.0,30.515293922658834,6.507726772086291,12.0,1.2,0.12000000000000005,98.0,0.5419158512461227,0.003086419753086421
3,0.0,4,360.27221287375363,100.0,100.0,561.0,72.22313337721373,15.682713506190268,1263.0,214.53223282376615,45.89359595996547,452.0,73.34282679608701,15.199487365767602,0.0,0.0,0.0,0.0,0.0,0.0
4,0.054,5,360.6664865651237,200.0,0.0,559.0,68.62938927299582,13.835121862452096,1483.0,253.0482717250196,54.73453157845318,214.0,36.57370531986448,7.902771190352801,13.0,1.3,0.13000000000000006,80.0,0.5473645252781795,0.004136659807956106
5,0.054,17,360.04726941975247,200.0,100.0,566.0,70.7092894565623,14.478633569751084,1367.0,232.53770060878088,50.34377070106031,338.0,55.26587950387717,11.890021293633424,11.0,1.0999999999999999,0.11000000000000004,77.0,0.5462209183609891,0.004329561042524009
