id,probability_maraud,successful_mating,next_foraging_time,x_pos,y_pos,foraging_events,foraging_hrs,foraging_sqhrs,staying_events,staying_hrs,staying_sqhrs,repairing_events,repairing_hrs,repairing_sqhrs,marauding_events,marauding_hrs,marauding_sqhrs,traveling_events,traveling_hrs,traveling_sqhrs
0,0.054,4,360.3137188624517,0.0,0.0,561.0,73.20364842777806,16.674747333783575,1221.0,206.5336521918387,44.424690044776895,458.0,78.69549277414875,17.071912531194464,12.0,1.2,0.12000000000000005,70.0,0.46377319152817564,0.0034293552812071347
1,0.054,8,360.23659850447405,0.0,100.0,561.0,70.57832263060234,14.77539105700718,1298.0,220.41859941725465,46.54408861102312,377.0,67.03960068220884,14.949037346918963,16.0,1.6000000000000003,0.1600000000000001,64.0,0.43318199306006894,0.0032793209876543225
2,0.054,14,360.1845938137764,100.0,0.0,566.0,71.11275641477474,15.055434829806991,1428.0,242.89332683865734,52.06697635319872,260.0,44.31839667109235,9.403706067214765,15.0,1.5000000000000002,0.15000000000000008,79.0,0.4213527468000919,0.0023148148148148143
3,0.054,10,360.0998788199738,100.0,100.0,568.0,69.55129960505292,13.818600094155839,1412.0,239.42556335039654,51.35612342764174,291.0,48.731586929824175,10.449034958902738,19.0,1.9000000000000006,0.1900000000000001,80.0,0.4509118963873615,0.0026148834019204385
4,0.0,4,359.97235058837026,200.0,0.0,569.0,71.63694821946058,15.625910772260276,1310.0,219.32269780278367,46.70031566160703,395.0,69.18863840288846,15.280117184901416,0.0,0.0,0.0,0.0,0.0,0.0
5,0.0,14,360.34160085325976,200.0,100.0,561.0,66.85836095694849,13.047197579728081,1378.0,232.34097079346182,50.11636134259593,362.0,60.8064167825682,12.80458658927512,0.0,0.0,0.0,0.0,0.0,0.0
