id,probability_maraud,successful_mating,next_foraging_time,x_pos,y_pos,foraging_events,foraging_hrs,foraging_sqhrs,staying_events,staying_hrs,staying_sqhrs,repairing_events,repairing_hrs,repairing_sqhrs,marauding_events,marauding_hrs,marauding_sqhrs,traveling_events,traveling_hrs,traveling_sqhrs
0,0.0,9,360.3974197081592,0.0,0.0,582.0,69.12189024885302,13.71660235863143,1376.0,242.24311143245217,54.147019885766404,270.0,48.700750188975974,10.816759398061276,0.0,0.0,0.0,0.0,0.0,0.0
1,0.054,9,360.3526627478177,0.0,100.0,581.0,70.08854677285981,14.026025007313333,1377.0,233.16211186322553,49.30933078233367,318.0,54.86426553839822,11.953083087022144,14.0,1.4000000000000001,0.14000000000000007,84.0,0.57915448541019,0.004479595336076821
2,0.0,9,360.71655216480184,100.0,0.0,568.0,71.98804523840218,14.443418440945695,1459.0,251.50859979801407,54.5438863172599,219.0,36.658755397552355,7.86749228426327,0.0,0.0,0.0,0.0,0.0,0.0
3,0.054,11,360.1076010094199,100.0,100.0,564.0,73.01094305145533,15.046314930930473,1256.0,212.51686322412615,46.04620099827666,445.0,72.94212576817337,15.35685220511899,13.0,1.3,0.13000000000000006,70.0,0.38927435704020974,0.002229080932784635
4,0.054,10,360.9752468459298,200.0,0.0,562.0,72.2638203845758,15.939174026338923,1444.0,249.3903669670635,54.40785831761702,224.0,36.68980941905659,7.712660689019516,15.0,1.5000000000000002,0.15000000000000008,70.0,0.49284101860346097,0.003858024691358026
5,0.054,6,359.974993130587,200.0,100.0,556.0,69.19539109814167,13.445821387826218,1360.0,234.62801837034226,50.955351318532955,314.0,55.088452093159304,12.230152789012704,8.0,0.7999999999999999,0.08000000000000002,60.0,0.4031879714646102,0.0030435528120713318
