id,probability_maraud,successful_mating,next_foraging_time,x_pos,y_pos,foraging_events,foraging_hrs,foraging_sqhrs,staying_events,staying_hrs,staying_sqhrs,repairing_events,repairing_hrs,repairing_sqhrs,marauding_events,marauding_hrs,marauding_sqhrs,traveling_events,traveling_hrs,traveling_sqhrs
0,0.0,7,360.0539071281244,0.0,0.0,555.0,69.79747414923787,14.854538231056669,1279.0,213.6405076745993,46.05244902295129,464.0,76.57892181188527,16.18904208197213,0.0,0.0,0.0,0.0,0.0,0.0
1,0.054,8,359.9681876328249,0.0,100.0,575.0,68.54203781100753,14.147013917605687,1430.0,240.9764244394804,51.26486881731069,281.0,48.99487593487786,10.686446430228814,9.0,0.8999999999999999,0.09000000000000002,91.0,0.6513819213337618,0.005186899862825792
2,0.0,9,360.5532314696281,100.0,0.0,563.0,69.86902838734753,14.323677034549892,1416.0,241.5192408664424,51.76990167899243,287.0,48.76881676282645,10.793677648372977,0.0,0.0,0.0,0.0,0.0,0.0
3,0.054,9,360.6878285566091,100.0,100.0,566.0,69.08454790889652,14.582674248939865,1569.0,270.58838467124275,58.17449112027659,111.0,18.49046177745687,3.749216940602577,15.0,1.5000000000000002,0.15000000000000008,85.0,0.4721423891541529,0.0027006172839506176
4,0.054,12,360.0958528216905,200.0,0.0,575.0,70.78120576138754,13.98635571128693,1401.0,239.0354708290852,51.19877079199786,284.0,48.793546613416495,10.736327900089368,9.0,0.8999999999999999,0.09000000000000002,81.0,0.5658323441827475,0.004436728395061732
5,0.054,9,360.153252134805,200.0,100.0,567.0,71.44000561195557,14.764279363304535,1458.0,243.70742643943979,51.13422935121025,262.0,43.0301263030471,8.752195845718273,14.0,1.4000000000000001,0.14000000000000007,73.0,0.5037497740189546,0.003858024691358027
