id,probability_maraud,successful_mating,next_foraging_time,x_pos,y_pos,foraging_events,foraging_hrs,foraging_sqhrs,staying_events,staying_hrs,staying_sqhrs,repairing_events,repairing_hrs,repairing_sqhrs,marauding_events,marauding_hrs,marauding_sqhrs,traveling_events,traveling_hrs,traveling_sqhrs
0,0.054,12,359.97494249096997,0.0,0.0,566.0,76.36806293626607,17.16343345779673,1508.0,257.6824803883859,56.58110541983489,141.0,24.52530172788557,5.543718680345986,10.0,0.9999999999999999,0.10000000000000003,82.0,0.6056523726989121,0.004951131687242803
1,0.0,6,360.0307938321105,0.0,100.0,571.0,70.88708347994212,14.310015568291501,1437.0,238.84701639320176,50.417773319093214,305.0,50.41567268416993,10.517969464586608,0.0,0.0,0.0,0.0,0.0,0.0
2,0.054,11,360.3706757981118,100.0,0.0,562.0,71.51550599250477,16.215043552303403,1445.0,244.36308409235087,52.22230624723736,260.0,42.53262186366963,9.031236495026821,12.0,1.2,0.12000000000000005,85.0,0.48364832144229436,0.0028292181069958845
3,0.054,3,360.3408674409459,100.0,100.0,574.0,66.70100976719587,12.744644817356509,1446.0,248.8649120346972,53.85361841763171,257.0,42.77072868699027,8.886893259305154,13.0,1.3,0.13000000000000006,84.0,0.4483362057109539,0.002464849108367627
4,0.0,16,359.97917297066726,200.0,0.0,567.0,73.21248342188728,15.607701632948237,1435.0,243.43253656909062,52.25047928859255,252.0,43.42782476426856,9.656990394243103,0.0,0.0,0.0,0.0,0.0,0.0
5,0.054,6,360.2890664665933,200.0,100.0,569.0,69.02957907557413,14.461941060483293,1409.0,235.04892226570317,49.730977439968925,321.0,54.490204606490465,11.628734942560492,9.0,0.8999999999999999,0.09000000000000002,77.0,0.5797516622828376,0.004779663923182444
