id,probability_maraud,successful_mating,next_foraging_time,x_pos,y_pos,foraging_events,foraging_hrs,foraging_sqhrs,staying_events,staying_hrs,staying_sqhrs,repairing_events,repairing_hrs,repairing_sqhrs,marauding_events,marauding_hrs,marauding_sqhrs,traveling_events,traveling_hrs,traveling_sqhrs
0,0.054,10,360.41434171081085,0.0,0.0,566.0,72.18619910890398,14.974002358253294,1306.0,225.4294829733529,48.60461013007093,380.0,60.98811228907246,12.369177512155067,9.0,0.8999999999999999,0.09000000000000002,72.0,0.5171125032660503,0.004093792866941018
1,0.054,14,360.22471053390495,0.0,100.0,573.0,68.71878744592213,13.479046468007821,1456.0,240.99721545741218,50.61169370342238,290.0,48.552738673097956,10.189507380163171,12.0,1.2,0.12000000000000005,85.0,0.6530009882787948,0.005465534979423871
2,0.054,7,360.44280448802607,100.0,0.0,561.0,69.91094055000845,15.241552940639227,1472.0,252.8997382213324,54.91538980361347,210.0,35.711096955618764,7.622049603808651,13.0,1.3,0.13000000000000006,78.0,0.422476083314533,0.0023576817558299034
3,0.0,8,360.16632651592806,100.0,100.0,567.0,69.15638974633893,14.474218353870057,1428.0,239.78149286152654,50.76922843191356,304.0,51.22138730485222,11.015796752789395,0.0,0.0,0.0,0.0,0.0,0.0
4,0.054,8,360.67239483245874,200.0,0.0,563.0,74.05863428223059,15.630885107121925,1456.0,247.47306434718183,53.41639712744866,215.0,36.54768626401423,7.867858148857569,13.0,1.3,0.13000000000000006,93.0,0.6667130055761654,0.005229766803840883
5,0.0,7,360.08518753723075,200.0,100.0,590.0,68.04045570730794,12.968841197016568,1449.0,243.41860538019844,52.53354410022707,298.0,48.67409490718975,10.159969789154358,0.0,0.0,0.0,0.0,0.0,0.0
