id,probability_maraud,successful_mating,next_foraging_time,x_pos,y_pos,foraging_events,foraging_hrs,foraging_sqhrs,staying_events,staying_hrs,staying_sqhrs,repairing_events,repairing_hrs,repairing_sqhrs,marauding_events,marauding_hrs,marauding_sqhrs,traveling_events,traveling_hrs,traveling_sqhrs
0,0.054,13,360.2919772766943,0.0,0.0,562.0,69.8257554606144,14.101493097910717,1414.0,233.44745250585223,48.82642335716015,319.0,55.133404845505844,11.884349397123358,12.0,1.2,0.12000000000000005,74.0,0.5182358397804915,0.00400805898491084
1,0.0,9,360.5892393810366,0.0,100.0,574.0,68.2942176212783,13.435358748611266,1411.0,236.89212980289216,50.363609070867916,332.0,54.88502367268203,11.637222801784775,0.0,0.0,0.0,0.0,0.0,0.0
2,0.054,8,359.96815372531466,100.0,0.0,570.0,70.08709412636496,14.639863968957442,1256.0,209.9883393791039,44.60762257765321,484.0,78.93043605863467,16.249253528175228,9.0,0.8999999999999999,0.09000000000000002,52.0,0.28868212527466386,0.0016503772290809315
3,0.054,9,360.26806932354674,100.0,100.0,567.0,71.43424058846418,15.336751113372621,1444.0,250.36113367991805,53.90972173723296,220.0,36.08023769717258,7.48897029281173,16.0,1.6000000000000003,0.1600000000000001,104.0,0.5428464536849037,0.0029149519890260657
4,0.054,9,360.4529492709999,200.0,0.0,571.0,68.9137883419925,14.90866503426619,1584.0,262.9808196343284,55.404943003584656,145.0,25.967103005907987,5.828029058518781,15.0,1.5000000000000002,0.15000000000000008,98.0,0.6854996833198064,0.005294067215363516
5,0.0,6,360.6624365739156,200.0,100.0,555.0,72.34001602521323,15.233858380360079,1308.0,227.0314464952589,49.68538752371605,358.0,60.72951092610423,13.56611832181773,0.0,0.0,0.0,0.0,0.0,0.0
