id,probability_maraud,successful_mating,next_foraging_time,x_pos,y_pos,foraging_events,foraging_hrs,foraging_sqhrs,staying_events,staying_hrs,staying_sqhrs,repairing_events,repairing_hrs,repairing_sqhrs,marauding_events,marauding_hrs,marauding_sqhrs,traveling_events,traveling_hrs,traveling_sqhrs
0,0.054,11,359.93744750162665,0.0,0.0,556.0,72.0571978307009,15.22291202467728,1458.0,249.8032047044872,53.588692901032395,208.0,36.66863672722798,8.206759502305063,10.0,0.9999999999999999,0.10000000000000003,75.0,0.4920771289477467,0.0036008230452674915
1,0.0,12,360.85270740758756,0.0,100.0,573.0,72.57831909476128,15.245004299939321,1339.0,226.20514493616977,48.407358860982455,362.0,61.34336572750115,12.92663452460441,0.0,0.0,0.0,0.0,0.0,0.0
2,0.054,8,360.43572305443075,100.0,0.0,563.0,68.25761619803977,14.073020707877124,1359.0,229.16402790878115,48.73942252864134,355.0,61.0176294657491,12.78711850310969,12.0,1.2,0.12000000000000005,90.0,0.4799492942514456,0.0026363168724279832
3,0.0,11,360.4460528986303,100.0,100.0,563.0,69.0809146877532,14.6048367554175,1402.0,236.16270532170148,50.69601747334612,326.0,54.867493310701704,11.897751252072084,0.0,0.0,0.0,0.0,0.0,0.0
4,0.054,6,360.14271841445395,200.0,0.0,572.0,70.9232718250266,14.322299794773707,1502.0,256.31781779667955,54.53747582134041,175.0,30.75542316614802,6.608542469524167,15.0,1.5000000000000002,0.15000000000000008,88.0,0.6177047350315962,0.004758230452674902
5,0.054,6,360.113532601128,200.0,100.0,559.0,70.59099697293303,15.322152507224674,1401.0,238.45410122095296,51.18281635154437,287.0,49.21793070025892,10.786462446518895,11.0,1.0999999999999999,0.11000000000000004,98.0,0.6601657205651787,0.00492969821673526
