id,probability_maraud,successful_mating,next_foraging_time,x_pos,y_pos,foraging_events,foraging_hrs,foraging_sqhrs,staying_events,staying_hrs,staying_sqhrs,repairing_events,repairing_hrs,repairing_sqhrs,marauding_events,marauding_hrs,marauding_sqhrs,traveling_events,traveling_hrs,traveling_sqhrs
0,0.0,8,360.42849628286734,0.0,0.0,555.0,74.37950487938731,15.711034554315379,1375.0,236.733264733312,51.13304641759854,262.0,48.97328751291861,11.178004554467575,0.0,0.0,0.0,0.0,0.0,0.0
1,0.054,4,360.0953029450442,0.0,100.0,577.0,70.56645869957505,14.10376567875889,1303.0,220.27196263804348,47.53010168206628,401.0,67.2019387795059,14.045476918868994,15.0,1.5000000000000002,0.15000000000000008,65.0,0.4650936700368844,0.003665123456790124
2,0.054,18,360.43728614021995,100.0,0.0,573.0,71.20550375135142,14.576984425799871,1358.0,225.59659720045244,47.59574636146259,373.0,61.52228263338903,12.697955224662172,14.0,1.4000000000000001,0.14000000000000007,75.0,0.3989989175188594,0.002186213991769546
3,0.054,7,359.98502198076585,100.0,100.0,559.0,68.99459868633684,14.094420386419591,1404.0,241.3909639467949,52.693183460285326,285.0,48.791639610391705,10.857016639022314,5.0,0.5,0.05000000000000001,66.0,0.3688381831403342,0.0021219135802469126
4,0.0,11,360.38460898465485,200.0,0.0,562.0,70.66685674942245,14.489602781693458,1429.0,240.2806116553347,51.50082323507278,284.0,49.10785320716452,10.846913938350847,0.0,0.0,0.0,0.0,0.0,0.0
5,0.054,6,360.2435792148285,200.0,100.0,560.0,69.08815899059641,15.492989307555078,1435.0,249.010205814631,54.566955428418616,235.0,39.63701534525521,8.30266189910441,18.0,1.8000000000000005,0.1800000000000001,92.0,0.6298832693418482,0.004822530864197537
