id,probability_maraud,successful_mating,next_foraging_time,x_pos,y_pos,foraging_events,foraging_hrs,foraging_sqhrs,staying_events,staying_hrs,staying_sqhrs,repairing_events,repairing_hrs,repairing_sqhrs,marauding_events,marauding_hrs,marauding_sqhrs,traveling_events,traveling_hrs,traveling_sqhrs
0,0.054,8,360.03956718039615,0.0,0.0,563.0,72.72353442892481,15.105448982224782,1247.0,212.29099380004035,45.420858969210435,447.0,73.08986721430335,15.246376289198963,15.0,1.5000000000000002,0.15000000000000008,78.0,0.5419203063788848,0.004200960219478742
1,0.054,9,359.9243172562638,0.0,100.0,567.0,69.24559590931739,13.895271941454538,1382.0,233.58899538785656,50.42851040984049,330.0,54.741786701697514,11.633387162318533,19.0,1.9000000000000006,0.1900000000000001,77.0,0.5290533075623809,0.004072359396433474
2,0.0,6,360.1541370625781,100.0,0.0,567.0,72.42055569295464,15.917057697378887,1266.0,208.19024890856937,44.02997745045807,476.0,79.46682960097736,16.736684779979196,0.0,0.0,0.0,0.0,0.0,0.0
3,0.054,8,359.99895330058524,100.0,100.0,572.0,73.5354547474099,14.985868170359357,1247.0,214.79958693550356,46.45141675377957,418.0,70.59189608375945,14.918687230502467,7.0,0.7,0.07,69.0,0.3731387951224385,0.0020790466392318226
4,0.054,8,360.18123933268134,200.0,0.0,555.0,76.66691902194374,16.739978615796776,1487.0,244.46786876421854,50.65345403057839,210.0,36.52765514950305,7.921148237202354,19.0,1.9000000000000006,0.1900000000000001,79.0,0.5274646698285493,0.003943758573388205
5,0.0,15,360.56466056553995,200.0,100.0,571.0,67.67976975637339,13.235414132452819,1430.0,243.53919710494523,52.47930693046244,296.0,48.940294309294224,10.397971478161516,0.0,0.0,0.0,0.0,0.0,0.0
