id,probability_maraud,successful_mating,next_foraging_time,x_pos,y_pos,foraging_events,foraging_hrs,foraging_sqhrs,staying_events,staying_hrs,staying_sqhrs,repairing_events,repairing_hrs,repairing_sqhrs,marauding_events,marauding_hrs,marauding_sqhrs,traveling_events,traveling_hrs,traveling_sqhrs
0,0.0,7,360.2978945835462,0.0,0.0,578.0,71.28765938800639,14.542395388096633,1247.0,208.83329381174482,44.3368550963521,460.0,79.8852260478372,17.723319270751862,0.0,0.0,0.0,0.0,0.0,0.0
1,0.054,5,360.23306995171583,0.0,100.0,562.0,70.48023103367406,15.354933382260317,1384.0,232.5551048305486,49.67029204951298,316.0,54.98874462349902,11.714170321644902,15.0,1.5000000000000002,0.15000000000000008,79.0,0.5481588441450953,0.00420096021947874
2,0.0,15,360.7636389212999,100.0,0.0,558.0,68.79652712094726,13.80562909509536,1367.0,235.27718697478878,50.888870687936844,326.0,55.96582992633194,12.594077609479012,0.0,0.0,0.0,0.0,0.0,0.0
3,0.054,14,361.0221351139038,100.0,100.0,561.0,72.33357002326836,15.077011415916495,1348.0,230.61377899622795,49.883383070419185,325.0,55.31573257035253,11.940372000843295,14.0,1.4000000000000001,0.14000000000000007,80.0,0.43173534257379226,0.0024005486968449925
4,0.054,5,360.28382878812914,200.0,0.0,558.0,68.04461669240871,13.303442647913904,1487.0,254.32504532697166,54.88576507647898,213.0,35.588471046214494,7.755475856933936,15.0,1.5000000000000002,0.15000000000000008,99.0,0.6984725364969743,0.005508401920438963
5,0.054,8,360.2311827937973,200.0,100.0,565.0,69.07060185359637,13.862237215011172,1282.0,221.67004118608605,48.32869410213692,403.0,67.49275208129495,14.078966652206345,14.0,1.4000000000000001,0.14000000000000007,65.0,0.4852718435200894,0.003965192043895749
