id,probability_maraud,successful_mating,next_foraging_time,x_pos,y_pos,foraging_events,foraging_hrs,foraging_sqhrs,staying_events,staying_hrs,staying_sqhrs,repairing_events,repairing_hrs,repairing_sqhrs,marauding_events,marauding_hrs,marauding_sqhrs,traveling_events,traveling_hrs,traveling_sqhrs
0,0.054,11,360.15324171144084,0.0,0.0,555.0,65.83253877189934,12.48409870034567,1528.0,261.3665225884949,56.56434765573983,174.0,30.710583570407664,6.859834211552569,15.0,1.5000000000000002,0.15000000000000008,96.0,0.6386163689593143,0.004779663923182448
1,0.054,10,360.04469138959956,0.0,100.0,562.0,69.65873039974664,14.68062030806257,1408.0,233.60928859721258,49.23733458287325,329.0,54.8104046027378,11.496399241767177,13.0,1.3,0.13000000000000006,84.0,0.6288005208470602,0.005186899862825793
2,0.0,9,359.7506516243359,100.0,0.0,553.0,70.92407102748157,16.24245097441762,1366.0,227.7679761733215,48.98718381842794,358.0,61.3147824757018,12.82168979820201,0.0,0.0,0.0,0.0,0.0,0.0
3,0.0,4,359.9216009632396,100.0,100.0,570.0,74.74930495315361,16.07835949000247,1335.0,224.60046362391438,48.37560531628323,361.0,60.707668937779346,13.277699764219184,0.0,0.0,0.0,0.0,0.0,0.0
4,0.054,8,360.47436533108083,200.0,0.0,565.0,73.17011399608116,15.70052764782224,1351.0,230.6013169955272,49.731299202948485,314.0,55.08286000363798,11.886478134122012,7.0,0.7,0.07,79.0,0.5770498468430171,0.004693930041152267
5,0.054,12,360.45113620894625,200.0,100.0,551.0,73.31732019634502,16.425347135329137,1501.0,254.28365981878034,54.66679367342209,178.0,30.52320499979995,6.474220837421244,13.0,1.3,0.13000000000000006,85.0,0.5841131326873449,0.004479595336076822
