id,probability_maraud,successful_mating,next_foraging_time,x_pos,y_pos,foraging_events,foraging_hrs,foraging_sqhrs,staying_events,staying_hrs,staying_sqhrs,repairing_events,repairing_hrs,repairing_sqhrs,marauding_events,marauding_hrs,marauding_sqhrs,traveling_events,traveling_hrs,traveling_sqhrs
0,0.054,13,360.28378159071826,0.0,0.0,560.0,68.54778621444693,14.051747105904816,1333.0,227.94423677538478,49.39934212501882,355.0,61.53045866965283,13.48275437447274,15.0,1.5000000000000002,0.15000000000000008,81.0,0.5985789280461326,0.004908264746227713
1,0.054,9,359.765336745919,0.0,100.0,565.0,69.6695335677809,14.115427312254225,1327.0,220.91502879335738,46.857686263010734,384.0,67.21696874126438,14.535568638667442,17.0,1.7000000000000004,0.1700000000000001,84.0,0.5544683991421606,0.004029492455418383
2,0.054,5,359.9136858319949,100.0,0.0,569.0,74.20538912997567,16.579893011560088,1296.0,217.1303113648679,45.88968174464073,404.0,67.34349183610021,14.45864679170307,12.0,1.2,0.12000000000000005,65.0,0.34694965507849224,0.0019075788751714662
3,0.0,16,360.1887047536368,100.0,100.0,573.0,69.26445111173909,13.806396844345743,1374.0,235.69524455414205,50.94070392210377,338.0,55.14584213259162,11.574932375849134,0.0,0.0,0.0,0.0,0.0,0.0
4,0.0,5,360.4773571034382,200.0,0.0,561.0,70.46559603148025,14.352006439069642,1420.0,240.83069725442698,51.34095153799619,288.0,48.95546839383088,10.785815170813349,0.0,0.0,0.0,0.0,0.0,0.0
5,0.054,6,360.0039207335792,200.0,100.0,558.0,66.81044736640717,12.656786384493172,1335.0,230.40543845646323,49.945966973300145,378.0,60.78193521071749,12.288604667933448,15.0,1.5000000000000002,0.15000000000000008,78.0,0.5755220675315883,0.00465106310013718
