id,probability_maraud,successful_mating,next_foraging_time,x_pos,y_pos,foraging_events,foraging_hrs,foraging_sqhrs,staying_events,staying_hrs,staying_sqhrs,repairing_events,repairing_hrs,repairing_sqhrs,marauding_events,marauding_hrs,marauding_sqhrs,traveling_events,traveling_hrs,traveling_sqhrs
0,0.054,6,360.3246540048437,0.0,0.0,571.0,67.06378466817816,13.181856131376726,1361.0,236.28201162795548,51.964021352312606,329.0,54.94544124121836,11.689995528274832,11.0,1.0999999999999999,0.11000000000000004,89.0,0.6271205954796246,0.004993998628257893
1,0.0,12,360.22243391198094,0.0,100.0,578.0,70.69008336240496,14.266457606051935,1300.0,221.917703337193,48.095062401239296,403.0,67.39340331097318,14.26100619659122,0.0,0.0,0.0,0.0,0.0,0.0
2,0.054,8,360.28830946123514,100.0,0.0,571.0,73.00925819627936,16.21484029314814,1386.0,231.1065952655361,48.76174392181884,326.0,54.83088051804814,11.681288418872839,7.0,0.7,0.07,68.0,0.37426213163687966,0.0021219135802469117
3,0.0,8,360.40479462798766,100.0,100.0,559.0,71.62714158259507,14.94993213652913,1454.0,245.55387488716528,53.58481249306325,251.0,42.84660751814323,9.338638459188235,0.0,0.0,0.0,0.0,0.0,0.0
4,0.054,9,360.5634367106394,200.0,0.0,576.0,69.48076021786363,13.729002471706119,1478.0,257.7712476934005,56.638677991095484,182.0,30.56593601479681,6.661722496247309,16.0,1.6000000000000003,0.1600000000000001,94.0,0.6565478694136369,0.00516546639231825
5,0.054,11,360.45179908089625,200.0,100.0,562.0,74.06017703307431,16.25298806796338,1302.0,223.12643474450152,48.22672047926668,373.0,60.60397896205055,12.441291208082061,17.0,1.7000000000000004,0.1700000000000001,77.0,0.5841232914957968,0.004865397805212622
