id,probability_maraud,successful_mating,next_foraging_time,x_pos,y_pos,foraging_events,foraging_hrs,foraging_sqhrs,staying_events,staying_hrs,staying_sqhrs,repairing_events,repairing_hrs,repairing_sqhrs,marauding_events,marauding_hrs,marauding_sqhrs,traveling_events,traveling_hrs,traveling_sqhrs
0,0.054,10,360.36605898589374,0.0,0.0,541.0,74.56639600001155,16.659574395053927,1432.0,240.76334090218793,50.787474013537256,253.0,43.02411299145526,9.164921394388383,13.0,1.3,0.13000000000000006,76.0,0.5225668809737971,0.003986625514403295
1,0.0,6,360.2524405785257,0.0,100.0,553.0,70.23109863534732,14.192938287289719,1293.0,223.81582534167347,48.40899146710603,397.0,66.26989686172546,13.930659221566046,0.0,0.0,0.0,0.0,0.0,0.0
2,0.054,9,360.3510850097947,100.0,0.0,563.0,72.19381177083407,15.562687966058999,1405.0,237.19858613177433,50.86608233669591,300.0,48.66279410626669,10.006015185371725,15.0,1.5000000000000002,0.15000000000000008,85.0,0.4587188014846544,0.0025505829903978055
3,0.054,13,359.9827608983878,100.0,100.0,570.0,70.48036604268829,14.661892632461749,1347.0,227.3708151704264,48.83359613904075,355.0,60.815691456975706,12.986241630685454,10.0,0.9999999999999999,0.10000000000000003,75.0,0.3989989175188594,0.002186213991769546
4,0.0,10,360.0778648348466,200.0,0.0,559.0,68.54667263279094,14.07382170885299,1349.0,230.56244093213806,49.80040434037353,360.0,60.900065949442954,13.046893450368723,0.0,0.0,0.0,0.0,0.0,0.0
5,0.054,6,360.27994202564673,200.0,100.0,560.0,72.15789446582981,15.42616621978279,1446.0,243.0260667942702,51.83747426642507,259.0,42.71361132481229,8.975712249485392,15.0,1.5000000000000002,0.15000000000000008,88.0,0.6144057427191276,0.0047582304526749015
