id,probability_maraud,successful_mating,next_foraging_time,x_pos,y_pos,foraging_events,foraging_hrs,foraging_sqhrs,staying_events,staying_hrs,staying_sqhrs,repairing_events,repairing_hrs,repairing_sqhrs,marauding_events,marauding_hrs,marauding_sqhrs,traveling_events,traveling_hrs,traveling_sqhrs
0,0.054,7,360.5145822201433,0.0,0.0,572.0,69.467311449095,13.537144973055076,1450.0,245.9507630918784,52.834498115778125,255.0,42.70725457267986,9.126812478778001,14.0,1.4000000000000001,0.14000000000000007,89.0,0.639638259031699,0.005101165980795616
1,0.0,10,360.2097870593501,0.0,100.0,581.0,71.12689588616398,14.202961866591767,1391.0,234.18181252144097,49.743374148065406,333.0,54.72844309568087,11.668401105652897,0.0,0.0,0.0,0.0,0.0,0.0
2,0.054,11,360.294607696591,100.0,0.0,569.0,68.95681397393214,14.013031238792195,1406.0,235.1987696742729,49.716626085828665,311.0,54.48922708977054,11.629365058835964,10.0,0.9999999999999999,0.10000000000000003,100.0,0.5415868335985975,0.0030221193415637874
3,0.054,9,360.2980287918454,100.0,100.0,567.0,76.48206503773484,16.582688898736386,1264.0,209.24833142782967,43.81107290830232,444.0,73.47305892913722,15.477085391624732,6.0,0.6,0.06000000000000001,66.0,0.34582631856405105,0.0018647119341563768
4,0.0,7,360.38883519797935,200.0,0.0,567.0,66.8743369081562,13.735424589461708,1500.0,246.9262387308141,52.47594595832773,265.0,46.24910253363424,10.107066140939429,0.0,0.0,0.0,0.0,0.0,0.0
5,0.054,10,360.33657116859825,200.0,100.0,559.0,70.9601597639709,14.621143377613329,1551.0,262.02244558027513,55.995429242625804,157.0,24.56743320031788,4.914763675201881,19.0,1.9000000000000006,0.1900000000000001,86.0,0.596909114272994,0.004608196159122089
