id,probability_maraud,successful_mating,next_foraging_time,x_pos,y_pos,foraging_events,foraging_hrs,foraging_sqhrs,staying_events,staying_hrs,staying_sqhrs,repairing_events,repairing_hrs,repairing_sqhrs,marauding_events,marauding_hrs,marauding_sqhrs,traveling_events,traveling_hrs,traveling_sqhrs
0,0.054,8,359.9164093427301,0.0,0.0,556.0,70.21494728254561,14.606497461762233,1681.0,282.609417099072,60.42187450779902,0.0,0.0,0.0,19.0,1.9000000000000006,0.1900000000000001,114.0,5.3353074392184965,0.25077160493827105
1,0.0,4,360.09068021739375,0.0,1000.0,570.0,71.55741528250235,14.799890675191861,1275.0,217.64615661701154,47.09675535012512,411.0,70.94808193553266,15.613621774953758,0.0,0.0,0.0,0.0,0.0,0.0
2,0.054,9,360.1102914564319,1000.0,0.0,563.0,72.43402920956156,14.524963599190377,962.0,157.9962170333073,33.39434511172515,758.0,126.81942500477213,26.65361551523644,3.0,0.30000000000000004,0.030000000000000006,55.0,2.584649403923434,0.12217078189300418
3,0.054,14,360.53829892051004,1000.0,1000.0,567.0,74.69578381089795,16.38299815992046,1471.0,249.139186894643,52.48027731534597,171.0,30.5798742238637,6.643456824216007,14.0,1.4000000000000001,0.14000000000000007,94.0,4.428558067106131,0.21004801097393655
4,0.054,9,360.11999212296786,2000.0,0.0,572.0,71.23135978343949,14.581730126011871,1239.0,205.15603665573823,43.05250892303164,482.0,79.05893175234179,16.428009840553294,13.0,1.3,0.13000000000000006,73.0,3.417982737256767,0.16075102880658426
5,0.054,13,360.0092928726421,2000.0,1000.0,563.0,71.63995437357924,15.059091777281298,1188.0,198.7581368392527,42.52706326068493,517.0,85.80457459306268,18.1103116221061,11.0,1.0999999999999999,0.11000000000000004,58.0,2.742714846625892,0.130744170096022
6,0.054,6,360.0574949174952,3000.0,0.0,562.0,72.73652044404142,16.291354124933765,1274.0,214.31847490119694,45.485469857214554,389.0,67.6270305727147,14.56475651585412,14.0,1.4000000000000001,0.14000000000000007,83.0,3.919298807846868,0.18647119341563764
7,0.054,9,360.04966670245705,3000.0,1000.0,570.0,73.50066883304628,16.977303514980406,1321.0,226.4533505116764,48.997548302087814,323.0,54.91098795700022,11.860709719628717,11.0,1.0999999999999999,0.11000000000000004,88.0,4.112427181701213,0.19290123456790093
