id,probability_maraud,successful_mating,next_foraging_time,x_pos,y_pos,foraging_events,foraging_hrs,foraging_sqhrs,staying_events,staying_hrs,staying_sqhrs,repairing_events,repairing_hrs,repairing_sqhrs,marauding_events,marauding_hrs,marauding_sqhrs,traveling_events,traveling_hrs,traveling_sqhrs
0,0.054,14,360.2985084875604,0.0,0.0,576.0,67.6928876415831,13.319404084291193,1299.0,221.47109332842703,47.73864635091645,386.0,66.96830829326267,14.629441910361855,6.0,0.6,0.06000000000000001,76.0,3.537695072332087,0.16503772290809313
1,0.054,9,360.0227699334311,0.0,1000.0,557.0,72.28774992834057,15.42894788352073,1363.0,233.12715812114152,50.775222764102914,281.0,49.16580528116692,11.003786292183564,19.0,1.9000000000000006,0.1900000000000001,77.0,3.6606975838826594,0.1757544581618654
2,0.054,12,360.09063817042403,1000.0,0.0,567.0,71.80922927901288,15.188495384571402,1300.0,223.1564217306863,49.162503039174254,376.0,61.11502891599725,13.006652980236122,8.0,0.7999999999999999,0.08000000000000002,69.0,3.213620998258013,0.150034293552812
3,0.054,13,360.1226166852542,1000.0,1000.0,580.0,71.33042939134046,14.278763472755955,1158.0,196.52227969035525,42.35655501665316,524.0,87.38574785194479,18.69410614852003,12.0,1.2,0.12000000000000005,79.0,3.6765839612209756,0.17146776406035646
4,0.0,8,360.3752509008669,2000.0,0.0,575.0,70.6260291339769,14.759249450446198,1279.0,216.09757424840836,45.577676771577686,424.0,73.30147857026465,15.784451502427943,0.0,0.0,0.0,0.0,0.0,0.0
5,0.054,6,360.10086014214573,2000.0,1000.0,554.0,68.42397069311905,13.895156625243933,1359.0,233.32979518797876,50.20424169160204,317.0,54.63841649657464,11.870668335588723,11.0,1.0999999999999999,0.11000000000000004,55.0,2.565472850109865,0.12002743484224972
6,0.054,5,360.61904941557003,3000.0,0.0,566.0,68.86396681477358,14.628244545926,1435.0,237.37466148958327,50.49822874830271,300.0,48.71881610460098,10.069876531754142,15.0,1.5000000000000002,0.15000000000000008,77.0,3.564814814814814,0.16503772290809313
7,0.054,4,360.7076950531279,3000.0,1000.0,562.0,70.39055089723189,14.55058954200334,1260.0,211.74339124448136,45.12290709646745,436.0,73.30057174854306,15.437757703376155,14.0,1.4000000000000001,0.14000000000000007,72.0,3.3333333333333326,0.1543209876543209
