id,probability_maraud,successful_mating,next_foraging_time,x_pos,y_pos,foraging_events,foraging_hrs,foraging_sqhrs,staying_events,staying_hrs,staying_sqhrs,repairing_events,repairing_hrs,repairing_sqhrs,marauding_events,marauding_hrs,marauding_sqhrs,traveling_events,traveling_hrs,traveling_sqhrs
0,0.054,5,359.9971378876141,0.0,0.0,570.0,71.76368352772512,15.394671554421038,1381.0,234.1857623166083,50.80670732972035,300.0,49.21448141352431,10.245368827846228,10.0,0.9999999999999999,0.10000000000000003,85.0,3.9735382928123224,0.1864711934156376
1,0.054,10,360.5841160187687,0.0,1000.0,566.0,71.53378734010317,14.709780657794884,1328.0,228.52941787470223,49.28066253270067,321.0,55.06044527500241,11.712463238970235,11.0,1.0999999999999999,0.11000000000000004,86.0,4.058187696735757,0.19290123456790098
2,0.054,7,360.02390265810914,1000.0,0.0,561.0,71.76569637529268,15.671884797959837,1359.0,229.74006449217737,49.14341221555653,309.0,53.13315044266408,11.88780695222005,14.0,1.4000000000000001,0.14000000000000007,85.0,3.9735382928123224,0.18647119341563764
3,0.054,9,360.03345281712586,1000.0,1000.0,568.0,69.6288492846478,14.031575195281345,1117.0,188.00422581898772,40.19608372605481,576.0,97.84052029941927,21.055918858714023,11.0,1.0999999999999999,0.11000000000000004,78.0,3.6878173263653866,0.1757544581618654
4,0.0,11,360.2276349693049,2000.0,0.0,558.0,69.02437680606047,14.470953508705657,1279.0,217.45440354130932,46.80908785144285,434.0,73.55994533995018,15.850896965910088,0.0,0.0,0.0,0.0,0.0,0.0
5,0.054,10,360.2906660390573,2000.0,1000.0,569.0,68.20742221556036,13.199771966456124,1301.0,219.92850746388487,47.155405648028506,394.0,67.45375463821948,14.593649504681524,13.0,1.3,0.13000000000000006,66.0,3.1322617708098313,0.15003429355281203
6,0.054,10,360.0178810038359,3000.0,0.0,576.0,72.357852793911,14.75633932742435,1407.0,239.88661028773348,51.628103979139794,255.0,42.751122030195695,8.909948476828726,15.0,1.5000000000000002,0.15000000000000008,79.0,3.6765839612209756,0.17146776406035646
7,0.054,10,360.00856376427276,3000.0,1000.0,569.0,67.36788934234312,13.084542224787333,1146.0,198.00560353857645,43.096291119998405,528.0,89.96660983009899,19.220065287804516,13.0,1.3,0.13000000000000006,74.0,3.4642790335530633,0.16289437585733868
