id,probability_maraud,successful_mating,next_foraging_time,x_pos,y_pos,foraging_events,foraging_hrs,foraging_sqhrs,staying_events,staying_hrs,staying_sqhrs,repairing_events,repairing_hrs,repairing_sqhrs,marauding_events,marauding_hrs,marauding_sqhrs,traveling_events,traveling_hrs,traveling_sqhrs
0,0.054,10,360.4236113364588,0.0,0.0,553.0,74.49403535357466,16.38512950654811,1555.0,262.23775307610043,56.77485996523351,111.0,18.180465361502492,3.773014800013205,10.0,0.9999999999999999,0.10000000000000003,91.0,4.251316070590103,0.19933127572016432
1,0.054,3,359.9654725156992,0.0,1000.0,574.0,72.07745239823907,14.668539264068887,1235.0,204.65100800984337,43.01867524447456,477.0,79.76868053675841,17.25201385954886,6.0,0.6,0.06000000000000001,65.0,3.0284358130728277,0.14146090534979422
2,0.054,10,360.3620817208113,1000.0,0.0,557.0,70.40410165408802,15.495115126343812,1160.0,193.724525479674,41.23190540642591,528.0,91.62198541420045,19.808685976043268,12.0,1.2,0.12000000000000005,69.0,3.2327975520715824,0.15217764060356645
3,0.054,13,360.0326114894396,1000.0,1000.0,567.0,66.77262697896253,13.202023073628375,1323.0,223.05207779320358,47.49020252483809,380.0,65.21477815056828,13.97496598833528,18.0,1.8000000000000005,0.1800000000000001,70.0,3.2982704021814473,0.15646433470507537
4,0.054,6,360.2488077230786,2000.0,0.0,568.0,72.32866057758375,14.523852385923313,1345.0,222.98403980434654,46.870219005166575,368.0,60.695798153278055,12.576639490836477,8.0,0.7999999999999999,0.08000000000000002,69.0,3.213620998258013,0.150034293552812
5,0.054,15,360.3674191753242,2000.0,1000.0,566.0,73.18750006354132,16.601219415043943,1190.0,207.1509901585138,44.80879877473096,457.0,75.52379085573658,15.734928787395049,9.0,0.8999999999999999,0.09000000000000002,70.0,3.259917294554309,0.15217764060356645
6,0.0,7,359.90487931444767,3000.0,0.0,565.0,63.61790764678008,11.643375706316014,1470.0,253.88516607751777,54.824606475889325,241.0,42.62451088112231,9.70340601320296,0.0,0.0,0.0,0.0,0.0,0.0
7,0.054,8,360.05053441743263,3000.0,1000.0,572.0,70.09252524356917,14.029136644621197,1583.0,266.45959718014586,57.39115318167857,104.0,18.188997411545355,4.129623490000771,12.0,1.2,0.12000000000000005,88.0,4.131603735514782,0.1950445816186554
