id,probability_maraud,successful_mating,next_foraging_time,x_pos,y_pos,foraging_events,foraging_hrs,foraging_sqhrs,staying_events,staying_hrs,staying_sqhrs,repairing_events,repairing_hrs,repairing_sqhrs,marauding_events,marauding_hrs,marauding_sqhrs,traveling_events,traveling_hrs,traveling_sqhrs
0,0.054,7,359.9098881300605,0.0,0.0,573.0,69.6117210028779,14.38177219633079,1332.0,230.3794611109435,50.243746711343526,330.0,54.87668395292556,11.526360682573538,15.0,1.5000000000000002,0.15000000000000008,79.0,3.714937068848114,0.1757544581618654
1,0.054,5,360.2001212432693,0.0,1000.0,567.0,71.87095716514206,14.978721667236766,1248.0,209.93536927158908,45.129494450013446,426.0,73.4323413815653,15.79441634991659,13.0,1.3,0.13000000000000006,78.0,3.649464218738249,0.17146776406035646
2,0.054,10,359.99186838043323,1000.0,0.0,569.0,77.74211962277437,17.832708954397425,1095.0,187.39924611159273,40.61559718384728,538.0,91.6157237777538,20.07747758120514,8.0,0.7999999999999999,0.08000000000000002,56.0,2.611769146406161,0.12217078189300418
3,0.054,8,360.1617893462059,1000.0,1000.0,560.0,70.20910405138463,14.477964425448533,1352.0,224.77875473001117,47.452265964362596,363.0,60.35119022661735,12.707739989523635,11.0,1.0999999999999999,0.11000000000000004,80.0,3.722880257517272,0.1736111111111109
4,0.054,14,360.4339024180373,2000.0,0.0,577.0,73.3325314704845,15.615982408463514,1451.0,238.67579416917704,50.64806436971972,265.0,42.70040912559652,8.810506669057943,12.0,1.2,0.12000000000000005,90.0,4.205019774293806,0.19718792866940985
5,0.0,8,360.3634027756731,2000.0,1000.0,560.0,69.69767569977041,14.378990928668484,1294.0,216.95813504827788,46.20437202394838,438.0,73.45905042617017,16.019691145533145,0.0,0.0,0.0,0.0,0.0,0.0
6,0.054,8,359.8994804204325,3000.0,0.0,575.0,66.71163950537333,13.090589067247125,1334.0,228.15803839711683,48.41885203814121,388.0,61.09576171334951,12.344347601328094,10.0,0.9999999999999999,0.10000000000000003,67.0,3.101851851851851,0.14360425240054867
7,0.054,12,360.13059424732216,3000.0,1000.0,558.0,71.29511473231875,15.711443318198365,1373.0,234.3906977082081,50.9684181795659,297.0,48.99235622348477,10.296328431493107,14.0,1.4000000000000001,0.14000000000000007,86.0,4.00065803529505,0.1864711934156376
