id,probability_maraud,successful_mating,next_foraging_time,x_pos,y_pos,foraging_events,foraging_hrs,foraging_sqhrs,staying_events,staying_hrs,staying_sqhrs,repairing_events,repairing_hrs,repairing_sqhrs,marauding_events,marauding_hrs,marauding_sqhrs,traveling_events,traveling_hrs,traveling_sqhrs
0,0.0,7,360.19494140312565,0.0,0.0,575.0,70.35640663460964,14.336111770647603,1309.0,216.68633651416027,45.925832485601866,440.0,73.34219620906289,15.458103750719008,0.0,0.0,0.0,0.0,0.0,0.0
1,0.054,7,359.9605972425654,0.0,1000.0,550.0,69.89345033979033,14.705120325451716,1529.0,254.50172370779515,53.96111938874549,175.0,29.278041941173594,6.133453434178705,20.0,2.0000000000000004,0.20000000000000012,94.0,4.371028405665424,0.20361796982167316
2,0.054,9,360.19958378412804,1000.0,0.0,569.0,73.06070451065887,16.018692293326964,1288.0,216.87015531458786,46.247055349229136,389.0,66.777756745285,14.262661522822015,8.0,0.7999999999999999,0.08000000000000002,54.0,2.5383531076271377,0.12002743484224972
3,0.054,8,360.29788974701677,1000.0,1000.0,552.0,71.31300558656895,15.137409795926715,1117.0,192.35663788551784,41.66375680063378,540.0,91.66967336871423,19.914537683684507,11.0,1.0999999999999999,0.11000000000000004,76.0,3.5760481799592254,0.16932441700960202
4,0.054,19,360.3802511259524,2000.0,0.0,576.0,70.74513350544404,14.41167362598868,1354.0,229.2727245652722,49.14429556317919,329.0,54.86134407966049,11.672756093732856,12.0,1.2,0.12000000000000005,87.0,4.066130885404916,0.1907578875171465
5,0.054,6,360.19608618045106,2000.0,1000.0,568.0,72.41143610902111,15.070629434063044,1231.0,205.2796008406766,43.675692324530836,457.0,79.06621041732693,17.452806478828013,4.0,0.4,0.04000000000000001,62.0,2.87037037037037,0.13288751714677643
6,0.054,9,360.48005034910665,3000.0,0.0,567.0,71.28172936989807,13.81507403130322,1334.0,223.28392627037582,47.221949268282216,350.0,60.855366789342476,13.253630262380083,13.0,1.3,0.13000000000000006,71.0,3.3062135908506054,0.1543209876543209
7,0.054,7,360.0449889543385,3000.0,1000.0,572.0,73.17957844631044,15.472690180536672,1379.0,232.9809439248835,49.973784928162885,279.0,48.57617912281949,10.706632235729385,15.0,1.5000000000000002,0.15000000000000008,82.0,3.8730025115505717,0.1843278463648832
