id,probability_maraud,successful_mating,next_foraging_time,x_pos,y_pos,foraging_events,foraging_hrs,foraging_sqhrs,staying_events,staying_hrs,staying_sqhrs,repairing_events,repairing_hrs,repairing_sqhrs,marauding_events,marauding_hrs,marauding_sqhrs,traveling_events,traveling_hrs,traveling_sqhrs
0,0.054,11,360.4197001900404,0.0,0.0,561.0,71.21289153884992,15.16747395584911,1588.0,271.33793259559354,58.21265263344505,66.0,12.149943180425861,2.819005972607369,14.0,1.4000000000000001,0.14000000000000007,84.0,4.003948211770303,0.19290123456790098
1,0.0,9,360.30177747976137,0.0,1000.0,554.0,67.50037856361341,14.27259378621341,1413.0,231.67892091113907,48.60795115031324,347.0,61.023579403812064,13.276980198012325,0.0,0.0,0.0,0.0,0.0,0.0
2,0.054,10,360.0593042219865,1000.0,0.0,568.0,71.84737137937692,14.66784764187846,1153.0,193.48696702432258,40.91047975104289,561.0,91.48962174274328,19.161982233564494,6.0,0.6,0.06000000000000001,56.0,2.611769146406161,0.12217078189300418
3,0.054,8,359.84161767647953,1000.0,1000.0,565.0,71.12903425080769,14.497826797424885,1516.0,264.75643425304656,58.34201176883886,108.0,18.27829116617897,4.004587922324549,16.0,1.6000000000000003,0.1600000000000001,91.0,4.270492624403672,0.2014746227709187
4,0.054,17,359.8722580793469,2000.0,0.0,557.0,70.79409515272086,14.688239498354145,1253.0,217.87713272990132,47.39124324317019,405.0,67.46862603716313,14.275844319790734,10.0,0.9999999999999999,0.10000000000000003,66.0,3.1130852169962626,0.14789094650205756
5,0.054,4,360.60386063426773,2000.0,1000.0,570.0,72.54545023572528,15.714187581193565,1299.0,216.31135347748753,45.76678552770843,414.0,67.38663012436939,13.815512364329619,8.0,0.7999999999999999,0.08000000000000002,66.0,3.093908663182693,0.1457475994513031
6,0.054,7,360.4708414070145,3000.0,0.0,571.0,70.97640448471549,14.543496293876895,1350.0,226.97734065060766,48.33473658426076,339.0,56.16040178689342,11.851887008791584,15.0,1.5000000000000002,0.15000000000000008,94.0,4.390204959478993,0.20576131687242763
7,0.054,6,359.94770818007265,3000.0,1000.0,571.0,70.7235165053249,15.055060311126963,1237.0,212.63216146940093,45.70849387147907,429.0,73.55377507879669,16.236387024328543,5.0,0.5,0.05000000000000001,57.0,2.6388888888888884,0.12217078189300418
