id,probability_maraud,successful_mating,next_foraging_time,x_pos,y_pos,foraging_events,foraging_hrs,foraging_sqhrs,staying_events,staying_hrs,staying_sqhrs,repairing_events,repairing_hrs,repairing_sqhrs,marauding_events,marauding_hrs,marauding_sqhrs,traveling_events,traveling_hrs,traveling_sqhrs
0,0.054,13,360.0350235609267,0.0,0.0,567.0,69.09367744920705,14.096690499987782,1462.0,248.81002618415496,53.567209188918504,238.0,36.913275595148974,7.466679185375828,10.0,0.9999999999999999,0.10000000000000003,90.0,4.185843220480236,0.1950445816186554
1,0.054,6,360.316540898055,0.0,1000.0,557.0,66.73496567834843,13.089201371492395,1335.0,221.69538549349699,46.283384005630346,399.0,67.33465108358861,14.784547594274901,13.0,1.3,0.13000000000000006,67.0,3.1210284056654203,0.1457475994513031
2,0.054,11,360.2803255037241,1000.0,0.0,568.0,74.5610047042813,16.73012923066595,1258.0,202.47165389086703,41.445788754180185,484.0,79.43977071154718,16.318669398789194,8.0,0.7999999999999999,0.08000000000000002,61.0,2.8624271817012117,0.13503086419753088
3,0.054,7,360.3605794207333,1000.0,1000.0,553.0,70.10052575805179,14.410230806866517,1168.0,200.5980466695925,42.74294440448453,521.0,85.27166378083069,17.709328439701345,13.0,1.3,0.13000000000000006,63.0,2.935843220480235,0.13717421124828533
4,0.054,11,360.2130524743187,2000.0,0.0,567.0,67.99519795911586,13.373083986834144,1329.0,226.27092016173756,48.572821607500536,356.0,60.819103527288526,13.016582879180628,12.0,1.2,0.12000000000000005,82.0,3.892179065364141,0.18647119341563761
5,0.054,9,360.20178079526306,2000.0,1000.0,554.0,72.09129816251505,15.656832935531469,1183.0,198.63935402154223,42.52926889691687,497.0,85.37885732532771,18.623364003716134,12.0,1.2,0.12000000000000005,61.0,2.8624271817012117,0.13503086419753088
6,0.0,9,360.0145610053884,3000.0,0.0,567.0,70.72325738706814,15.115401852616294,1344.0,230.82063374556256,49.878726493939304,332.0,58.546108780840726,12.98660469373329,0.0,0.0,0.0,0.0,0.0,0.0
7,0.054,6,360.30101801290283,3000.0,1000.0,582.0,70.38295350281244,14.006556055870174,1577.0,259.67882718734336,54.617071592956805,148.0,24.592370776646277,5.104921520708108,14.0,1.4000000000000001,0.14000000000000007,86.0,4.00065803529505,0.18647119341563761
