id,probability_maraud,successful_mating,next_foraging_time,x_pos,y_pos,foraging_events,foraging_hrs,foraging_sqhrs,staying_events,staying_hrs,staying_sqhrs,repairing_events,repairing_hrs,repairing_sqhrs,marauding_events,marauding_hrs,marauding_sqhrs,traveling_events,traveling_hrs,traveling_sqhrs
0,0.054,7,360.3191615124225,0.0,0.0,554.0,70.25172030136123,16.66849428581,1430.0,241.63837196241494,51.665158668015046,264.0,42.80395449311924,8.773200580187853,15.0,1.5000000000000002,0.15000000000000008,82.0,3.8154728501098645,0.1778978052126198
1,0.054,9,360.34750415762716,0.0,1000.0,557.0,69.35241470518125,14.287763992007031,1352.0,225.62760721355716,47.73704608007937,358.0,60.79173445607279,12.892434239242224,8.0,0.7999999999999999,0.08000000000000002,75.0,3.5105753298493596,0.16503772290809318
2,0.054,7,360.37026026558095,1000.0,0.0,567.0,70.94025974174912,15.23390571784168,1314.0,214.98238324552224,44.84504806680827,424.0,69.15746171183368,14.536048734294218,15.0,1.5000000000000002,0.15000000000000008,74.0,3.4451024797394942,0.16075102880658423
3,0.054,10,360.25496868281806,1000.0,1000.0,560.0,72.79544484725119,15.660146249189768,1252.0,215.9424399025806,47.18190677447259,410.0,67.19188428234128,14.270841111916786,9.0,0.8999999999999999,0.09000000000000002,71.0,3.3062135908506054,0.1543209876543209
4,0.054,13,360.27272173393345,2000.0,0.0,573.0,70.55692858804542,14.05181177036191,1312.0,217.9764866900722,46.088014746576484,402.0,67.08004484666945,14.074880090094709,10.0,0.9999999999999999,0.10000000000000003,77.0,3.583991368628383,0.16718106995884757
5,0.054,10,360.4134753217259,2000.0,1000.0,556.0,70.59580373080934,14.351548259951214,1108.0,186.9826540669248,40.42192614043375,574.0,97.82922710726281,21.297068854335887,11.0,1.0999999999999999,0.11000000000000004,76.0,3.595224733772794,0.1714677640603565
6,0.0,4,360.3084117829443,3000.0,0.0,570.0,75.88090922615694,16.082002412566382,1341.0,229.10653969408082,49.06083896286176,331.0,55.03869162959877,11.660929952659789,0.0,0.0,0.0,0.0,0.0,0.0
7,0.054,12,360.2307309760533,3000.0,1000.0,568.0,71.0503182461067,13.884404292673006,1575.0,264.738110554061,56.5102165522823,102.0,18.52032975899454,4.042673431320986,12.0,1.2,0.12000000000000005,97.0,4.548270402181452,0.21433470507544541
