id,probability_maraud,successful_mating,next_foraging_time,x_pos,y_pos,foraging_events,foraging_hrs,foraging_sqhrs,staying_events,staying_hrs,staying_sqhrs,repairing_events,repairing_hrs,repairing_sqhrs,marauding_events,marauding_hrs,marauding_sqhrs,traveling_events,traveling_hrs,traveling_sqhrs
0,0.054,8,360.64689468293636,0.0,0.0,560.0,72.02844976004178,15.695200138236613,1292.0,222.3477278960202,48.04192281906667,363.0,61.27284077110467,13.139227394742237,10.0,0.9999999999999999,0.10000000000000003,78.0,3.6111111111111103,0.16718106995884757
1,0.054,10,360.32875901133673,0.0,1000.0,578.0,67.96503082429541,13.567561166891695,1374.0,232.82979967292025,49.52459171191618,316.0,54.305444059924106,11.852998156709168,12.0,1.2,0.12000000000000005,82.0,3.88094570021973,0.1864711934156376
2,0.054,9,360.1828499657147,1000.0,0.0,571.0,69.05055186675055,13.655712244004956,1247.0,206.5052115521893,43.76708759378827,489.0,80.06503554531189,16.517363152452063,8.0,0.7999999999999999,0.08000000000000002,82.0,3.8730025115505717,0.1843278463648832
3,0.054,9,360.40496555455405,1000.0,1000.0,578.0,72.67920543127025,16.107132890735084,1373.0,232.8466773990283,50.06949802262099,297.0,49.248835253576246,10.192367572320107,12.0,1.2,0.12000000000000005,87.0,4.046954331591347,0.18861454046639203
4,0.054,7,359.99126078369807,2000.0,0.0,554.0,69.49829937632272,14.73804661814161,1203.0,204.5067042556964,44.08585232768789,489.0,80.84319088456219,16.892497954633036,14.0,1.4000000000000001,0.14000000000000007,80.0,3.7995864727715487,0.18218449931412872
5,0.0,12,360.4889618344771,2000.0,1000.0,554.0,73.782500569876,15.932340305819354,1241.0,215.4664697995303,47.154432286641274,432.0,70.79148178829354,14.474545788013275,0.0,0.0,0.0,0.0,0.0,0.0
6,0.054,7,360.1503738420625,3000.0,0.0,562.0,72.9531659886411,15.627165027349744,1189.0,203.1020905175495,44.080739128856315,476.0,79.31044802155107,16.669464620753793,14.0,1.4000000000000001,0.14000000000000007,71.0,3.2870370370370363,0.15217764060356645
7,0.054,10,360.4375653802682,3000.0,1000.0,569.0,71.78955704113008,15.054932418624704,1521.0,258.3497556267583,55.9934454369768,148.0,24.566531277333826,5.2458473267196535,13.0,1.3,0.13000000000000006,88.0,4.150780289328351,0.1971879286694099
