id,probability_maraud,successful_mating,next_foraging_time,x_pos,y_pos,foraging_events,foraging_hrs,foraging_sqhrs,staying_events,staying_hrs,staying_sqhrs,repairing_events,repairing_hrs,repairing_sqhrs,marauding_events,marauding_hrs,marauding_sqhrs,traveling_events,traveling_hrs,traveling_sqhrs
0,0.054,7,360.6876191352338,0.0,0.0,567.0,74.90937587012795,17.041542354896755,1458.0,250.19551587360988,54.2288097853337,183.0,30.47326262238654,6.646396743705933,9.0,0.8999999999999999,0.09000000000000002,76.0,3.537695072332087,0.16503772290809313
1,0.054,3,360.27871398606356,0.0,1000.0,565.0,76.33808383171227,16.82348797508845,1408.0,237.4995261996004,51.34278574586221,252.0,41.810917555963734,8.922940749319674,5.0,0.5,0.05000000000000001,87.0,4.085307439218485,0.19290123456790098
2,0.054,13,360.8292059796758,1000.0,0.0,560.0,68.85450703168365,14.08052557433031,1327.0,230.98874493296302,50.559080909153586,329.0,55.57414125559392,11.887948865568543,13.0,1.3,0.13000000000000006,73.0,3.437159291070336,0.1628943758573387
3,0.054,6,360.1018520273183,1000.0,1000.0,568.0,69.29470393959747,15.087656169278274,1411.0,237.74474459948507,50.451188276534886,286.0,49.096729573888226,10.739394453217695,8.0,0.7999999999999999,0.08000000000000002,68.0,3.1481481481481475,0.1457475994513031
4,0.054,22,360.3568877037904,2000.0,0.0,557.0,69.46748842554385,14.294062115070687,1406.0,237.05656429439497,50.87925261816367,270.0,48.919137733882984,10.8888157061011,10.0,0.9999999999999999,0.10000000000000003,76.0,3.556871626145656,0.16718106995884757
5,0.0,12,360.1040735314448,2000.0,1000.0,558.0,69.97827325220365,15.231982510172076,1288.0,217.47968909994026,46.67881238885651,407.0,72.6854663180302,16.237940376823282,0.0,0.0,0.0,0.0,0.0,0.0
6,0.054,4,359.88850248752857,3000.0,0.0,571.0,71.18186383457835,14.622405565778706,1180.0,199.84593139942058,42.130159488596114,491.0,85.17209632255944,18.52254001123265,12.0,1.2,0.12000000000000005,57.0,2.6964185503295957,0.12860082304526754
7,0.054,5,360.3683584267349,3000.0,1000.0,582.0,70.1594000914335,13.966498375937634,1384.0,228.80942922901727,48.0672859975021,328.0,55.43059731401341,11.677459287399762,16.0,1.6000000000000003,0.1600000000000001,87.0,4.046954331591347,0.18861454046639203
