id,probability_maraud,successful_mating,next_foraging_time,x_pos,y_pos,foraging_events,foraging_hrs,foraging_sqhrs,staying_events,staying_hrs,staying_sqhrs,repairing_events,repairing_hrs,repairing_sqhrs,marauding_events,marauding_hrs,marauding_sqhrs,traveling_events,traveling_hrs,traveling_sqhrs
0,0.054,7,360.6348837606595,0.0,0.0,565.0,72.58048866010911,15.245647340897165,1277.0,222.09287955195367,49.1228839359949,348.0,61.366107583271365,13.527549684539283,8.0,0.7999999999999999,0.08000000000000002,70.0,3.259917294554309,0.15217764060356645
1,0.054,8,360.07205856509154,0.0,1000.0,573.0,71.33981292184008,14.411255002770806,1363.0,233.82209013846128,50.55253802526099,268.0,49.2609167594475,11.498515988320772,14.0,1.4000000000000001,0.14000000000000007,92.0,4.27843581307283,0.19933127572016426
2,0.054,6,360.08473298559505,1000.0,0.0,571.0,71.98054925121471,14.098663810144828,1250.0,211.26480657695876,45.48922897041634,432.0,72.66379952560794,15.215072564767935,11.0,1.0999999999999999,0.11000000000000004,64.0,3.0204926244036696,0.1436042524005487
3,0.054,13,360.1782088510851,1000.0,1000.0,560.0,69.3993623553345,14.279855063524632,1252.0,212.9007789793833,45.22383113852855,428.0,73.52515751143982,15.623465776988983,14.0,1.4000000000000001,0.14000000000000007,64.0,3.001316070590101,0.14146090534979422
4,0.054,13,360.47302426888706,2000.0,0.0,564.0,70.26223002047456,14.820870656386012,1250.0,209.46918313859945,44.983323591354264,460.0,75.19215408764683,15.514792330273675,12.0,1.2,0.12000000000000005,82.0,3.892179065364141,0.18647119341563767
5,0.0,11,360.11065989761335,2000.0,1000.0,568.0,71.240043415273,14.502291579014251,1192.0,203.2695252677769,44.45508056889756,474.0,85.50469953219098,19.342744656082765,0.0,0.0,0.0,0.0,0.0,0.0
6,0.054,10,360.23952703386504,3000.0,0.0,565.0,74.75814926130664,15.98821617501051,1449.0,242.76239679838756,51.70806629766269,213.0,37.43978696306779,8.223032245830455,17.0,1.7000000000000004,0.1700000000000001,75.0,3.548928437476498,0.16932441700960205
7,0.054,4,359.9664301766928,3000.0,1000.0,560.0,71.01634564723082,15.800130985124484,1449.0,242.43764793360936,51.616693970014495,249.0,42.534770597942625,9.25145735799434,7.0,0.7,0.07,72.0,3.3525098871469017,0.15646433470507534
