id,probability_maraud,successful_mating,next_foraging_time,x_pos,y_pos,foraging_events,foraging_hrs,foraging_sqhrs,staying_events,staying_hrs,staying_sqhrs,repairing_events,repairing_hrs,repairing_sqhrs,marauding_events,marauding_hrs,marauding_sqhrs,traveling_events,traveling_hrs,traveling_sqhrs
0,0.054,11,359.8576847116178,0.0,0.0,573.0,71.15448996062149,15.366099784733159,1388.0,228.90944601516753,48.23793388911624,337.0,55.17893702235963,11.778003001381993,11.0,1.0999999999999999,0.11000000000000004,80.0,3.722880257517272,0.1736111111111109
1,0.054,7,359.9256569502674,0.0,1000.0,566.0,67.59094381408879,13.232338327490291,1185.0,197.28978324016305,41.937580061407964,563.0,91.72231021319436,19.282192893443558,7.0,0.7,0.07,58.0,2.7043617389987538,0.1264574759945131
2,0.054,11,360.5622784264352,1000.0,0.0,557.0,68.5956976279528,14.048853470069936,1211.0,203.02771748951554,43.23465183205346,496.0,84.0783536936724,17.82230078672128,12.0,1.2,0.12000000000000005,67.0,3.1210284056654203,0.1457475994513031
3,0.054,12,360.35487322594616,1000.0,1000.0,569.0,69.01098366600978,13.481185001907896,1404.0,242.83090214708295,52.74033460532018,250.0,42.63114562196227,8.723938331286195,14.0,1.4000000000000001,0.14000000000000007,93.0,4.382261770809835,0.20790466392318205
4,0.054,9,359.8761629400901,2000.0,0.0,562.0,68.34872479056956,13.758517089503435,1355.0,232.26409893119546,49.50822460936283,317.0,54.51617424855275,11.62345329466649,13.0,1.3,0.13000000000000006,79.0,3.714937068848114,0.17575445816186536
5,0.0,5,360.2727697326184,2000.0,1000.0,569.0,70.59414861705565,14.055272512016273,1409.0,234.22852943895876,49.83931460504366,320.0,55.26522122180704,11.827347114479865,0.0,0.0,0.0,0.0,0.0,0.0
6,0.054,8,360.09299235540806,3000.0,0.0,563.0,71.02326067936428,15.415791643575714,1281.0,218.82472141711412,47.81185552724832,391.0,67.06721319103399,14.450697603913937,6.0,0.6,0.06000000000000001,56.0,2.592592592592592,0.12002743484224972
7,0.054,9,360.17514730896295,3000.0,1000.0,581.0,68.272667082521,13.420191182565897,1661.0,280.0050410951089,59.368337189995025,39.0,6.01456418194709,1.3388941754998196,12.0,1.2,0.12000000000000005,98.0,4.57539014466418,0.2143347050754454
