id,probability_maraud,successful_mating,next_foraging_time,x_pos,y_pos,foraging_events,foraging_hrs,foraging_sqhrs,staying_events,staying_hrs,staying_sqhrs,repairing_events,repairing_hrs,repairing_sqhrs,marauding_events,marauding_hrs,marauding_sqhrs,traveling_events,traveling_hrs,traveling_sqhrs
0,0.054,5,360.02639891462235,0.0,0.0,566.0,72.96828107398672,16.16220653645933,1253.0,214.15209969248693,46.58436865214378,390.0,67.61290856651095,15.064390524862107,19.0,1.9000000000000006,0.1900000000000001,76.0,3.5185185185185177,0.16289437585733868
1,0.054,8,360.18197256772874,0.0,1000.0,578.0,66.34049359504951,13.010862429299877,1297.0,221.5018186312319,47.339950631600544,401.0,67.25844812311966,14.469199237407715,13.0,1.3,0.13000000000000006,80.0,3.7612333651444105,0.17789780521261983
2,0.054,9,359.7983992313221,1000.0,0.0,562.0,68.57807589435576,14.744871326202855,1160.0,196.9000273967486,42.66613123207584,532.0,89.4988985142603,19.07181533704086,11.0,1.0999999999999999,0.11000000000000004,86.0,4.019834589108619,0.18861454046639203
3,0.054,11,360.4094547332918,1000.0,1000.0,570.0,69.37506941765636,14.755616953291124,1230.0,207.46214031176535,44.71260120681613,465.0,79.8194413731408,17.11206344030347,8.0,0.7999999999999999,0.08000000000000002,59.0,2.789011142922188,0.13288751714677643
4,0.0,10,360.09903166678413,2000.0,0.0,558.0,63.94220469452376,12.134144190787259,1312.0,222.87515830413128,47.92152925409365,439.0,73.33049997733418,15.339466467729673,0.0,0.0,0.0,0.0,0.0,0.0
5,0.054,11,360.447136200273,2000.0,1000.0,572.0,72.72341258397455,15.61657525290421,1372.0,227.84186648328807,47.68129064052189,307.0,55.26136276067745,12.392985059503049,12.0,1.2,0.12000000000000005,67.0,3.1402049594789894,0.14789094650205756
6,0.054,12,360.0105803412101,3000.0,0.0,560.0,71.35999307208252,16.207977396926033,1572.0,266.22269038600547,56.29028022309968,109.0,18.468944969701585,4.026028131787603,14.0,1.4000000000000001,0.14000000000000007,60.0,2.8161308854049154,0.13288751714677643
7,0.054,6,360.1417734921333,3000.0,1000.0,571.0,71.36586448551398,14.577765651397126,1249.0,210.67372291711408,44.79125890724152,459.0,73.68396320252259,15.104079747961746,9.0,0.8999999999999999,0.09000000000000002,76.0,3.576048179959225,0.16932441700960205
