id,probability_maraud,successful_mating,next_foraging_time,x_pos,y_pos,foraging_events,foraging_hrs,foraging_sqhrs,staying_events,staying_hrs,staying_sqhrs,repairing_events,repairing_hrs,repairing_sqhrs,marauding_events,marauding_hrs,marauding_sqhrs,traveling_events,traveling_hrs,traveling_sqhrs
0,0.0,7,360.2334224511835,0.0,0.0,565.0,69.9134122536507,14.284850321557803,1224.0,207.40140773912972,44.739329328287816,471.0,82.68565389334927,18.530834287604616,0.0,0.0,0.0,0.0,0.0,0.0
1,0.054,8,360.3492696892924,0.0,1000.0,581.0,65.15935207289887,12.363266134863649,1663.0,283.1735312433554,60.73797565608882,36.0,6.07735121857726,1.347612498600007,13.0,1.3,0.13000000000000006,92.0,4.355142028327108,0.2079046639231821
2,0.054,11,360.0975872979198,1000.0,0.0,582.0,67.92607992333215,12.990594771557848,1610.0,267.99971468298037,57.43645633597154,107.0,18.191203538844977,3.8226949130219827,11.0,1.0999999999999999,0.11000000000000004,104.0,4.872344476255529,0.22933813443072654
3,0.054,10,359.9918052663559,1000.0,1000.0,569.0,72.94874916216621,16.113686815201785,1311.0,222.24101248559225,48.27787116872635,348.0,61.29910156412649,13.45185842870685,8.0,0.7999999999999999,0.08000000000000002,60.0,2.8161308854049154,0.13288751714677643
4,0.054,10,360.3398231309328,2000.0,0.0,568.0,67.73057059903465,13.383087158512915,1301.0,219.25276347486712,46.499839003411616,391.0,67.4654365419824,14.750129355713547,13.0,1.3,0.13000000000000006,91.0,4.251316070590103,0.19933127572016426
5,0.054,5,359.7671395908765,2000.0,1000.0,560.0,69.81002217798081,15.691834683181803,1101.0,176.88254712680543,36.3749544815659,636.0,109.31795387471531,23.724277483225457,10.0,0.9999999999999999,0.10000000000000003,66.0,3.055555555555555,0.14146090534979422
6,0.054,10,360.2357295983694,3000.0,0.0,557.0,70.89365822864359,15.233599757311197,1266.0,217.18416800088602,46.662265931139586,412.0,67.73691983090319,14.199494649144718,12.0,1.2,0.12000000000000005,68.0,3.1865012557752856,0.15003429355281203
7,0.054,11,360.5092378536199,3000.0,1000.0,572.0,71.28700995223139,15.285258598265946,1253.0,209.91414203143822,45.22580345125624,444.0,74.55926640509786,15.961418737646095,14.0,1.4000000000000001,0.14000000000000007,63.0,2.935843220480235,0.13717421124828533
