id,probability_maraud,successful_mating,next_foraging_time,x_pos,y_pos,foraging_events,foraging_hrs,foraging_sqhrs,staying_events,staying_hrs,staying_sqhrs,repairing_events,repairing_hrs,repairing_sqhrs,marauding_events,marauding_hrs,marauding_sqhrs,traveling_events,traveling_hrs,traveling_sqhrs
0,0.054,5,360.0320470612455,0.0,0.0,563.0,68.05345721165577,13.505164468492612,1393.0,237.1559466712109,51.312682567175024,303.0,49.011021369431226,10.102310447576926,18.0,1.8000000000000005,0.1800000000000001,86.0,3.9814814814814805,0.18432784636488314
1,0.054,11,360.78021233351603,0.0,1000.0,567.0,72.55537484014548,16.04257071962164,1464.0,245.0797607152162,51.778792974857495,227.0,36.867544001516734,7.806183450218686,10.0,0.9999999999999999,0.10000000000000003,97.0,4.529093848367883,0.21219135802469097
2,0.054,4,359.97497948901776,1000.0,0.0,572.0,72.44907647586805,15.79546775098853,1185.0,199.6931883407761,42.70364981389622,490.0,83.40675947245387,17.824382241952176,11.0,1.0999999999999999,0.11000000000000004,73.0,3.437159291070336,0.16289437585733868
3,0.0,9,360.36899635963846,1000.0,1000.0,567.0,75.66161533329526,16.94822128300831,1213.0,205.16082407740245,43.88558544799002,472.0,79.2112926595938,17.08323592948676,0.0,0.0,0.0,0.0,0.0,0.0
4,0.054,14,360.5292389940868,2000.0,0.0,565.0,69.85176663799554,14.137972956462006,1116.0,188.12756623343017,40.281954404302475,564.0,98.35654596800923,21.536016537782654,8.0,0.7999999999999999,0.08000000000000002,63.0,2.9550197742938042,0.13931755829903977
5,0.054,10,360.129568169408,2000.0,1000.0,567.0,73.09527960645629,16.075853745735795,1224.0,208.51557689422802,45.05029071286583,428.0,73.37708367056051,15.693206461407511,14.0,1.4000000000000001,0.14000000000000007,78.0,3.6494642187382484,0.17146776406035646
6,0.054,9,359.9004518378846,3000.0,0.0,544.0,72.92813040104959,16.837784473169986,1190.0,197.9852294740407,41.425892646052525,516.0,85.77342663559993,18.06320694708196,8.0,0.7999999999999999,0.08000000000000002,55.0,2.546296296296296,0.11788408779149526
7,0.054,10,360.1450390755938,3000.0,1000.0,564.0,70.97907632681347,14.465690406501254,1492.0,251.4478652048128,53.409889690340556,197.0,30.77351662605325,6.162165298829409,20.0,2.0000000000000004,0.20000000000000012,102.0,4.818104991290075,0.22933813443072654
