id,probability_maraud,successful_mating,next_foraging_time,x_pos,y_pos,foraging_events,foraging_hrs,foraging_sqhrs,staying_events,staying_hrs,staying_sqhrs,repairing_events,repairing_hrs,repairing_sqhrs,marauding_events,marauding_hrs,marauding_sqhrs,traveling_events,traveling_hrs,traveling_sqhrs
0,0.054,10,360.00783466371837,0.0,0.0,556.0,70.74956276970114,15.289359057125523,1271.0,212.64969636669926,45.08564705266963,438.0,73.44883540620476,16.204782993406944,6.0,0.6,0.06000000000000001,58.0,2.723538292812323,0.12860082304526754
1,0.054,9,360.40700686616924,0.0,1000.0,568.0,73.50768548391706,15.94720946323572,1473.0,249.58351997178644,52.76667640997762,194.0,30.433508604629694,6.146591436042614,15.0,1.5000000000000002,0.15000000000000008,107.0,4.99205681133085,0.23362482853223543
2,0.054,10,360.27578187424683,1000.0,0.0,574.0,70.50594404706698,13.919565652389233,1387.0,233.46958082485642,50.09397208933666,298.0,50.715331759665304,10.756888465722469,15.0,1.5000000000000002,0.15000000000000008,82.0,3.8538259577370026,0.18218449931412875
3,0.054,5,360.3390753865884,1000.0,1000.0,555.0,71.68919988189526,15.265611673433124,1138.0,196.202534623125,42.56627008402645,548.0,87.89754157289659,18.069842319689254,12.0,1.2,0.12000000000000005,65.0,3.047612366886397,0.14360425240054867
4,0.054,9,360.63583422263207,2000.0,0.0,577.0,70.23979042710242,14.287431211215084,1190.0,205.32650341154599,44.636408951414644,465.0,79.23198856826886,17.26704526140114,16.0,1.6000000000000003,0.1600000000000001,82.0,3.8425925925925917,0.18218449931412867
5,0.054,12,360.2770838559057,2000.0,1000.0,578.0,70.07324107226992,13.828126128543278,1263.0,213.05465030071684,45.689425438164555,429.0,73.52605050349923,16.041734442194382,7.0,0.7,0.07,57.0,2.6580654427024575,0.12431412894375864
6,0.054,8,360.5903099639252,3000.0,0.0,568.0,75.0606293935661,17.022493555862052,1366.0,232.97779796248952,50.05666404503841,273.0,47.82047618457302,10.227754734138196,9.0,0.8999999999999999,0.09000000000000002,72.0,3.3333333333333326,0.1543209876543209
7,0.0,9,360.2889869665654,3000.0,1000.0,572.0,69.83296151348833,14.322696356423343,1502.0,253.54651198321707,53.74252795416311,222.0,36.73556779195251,7.746268899111419,0.0,0.0,0.0,0.0,0.0,0.0
