id,probability_maraud,successful_mating,next_foraging_time,x_pos,y_pos,foraging_events,foraging_hrs,foraging_sqhrs,staying_events,staying_hrs,staying_sqhrs,repairing_events,repairing_hrs,repairing_sqhrs,marauding_events,marauding_hrs,marauding_sqhrs,traveling_events,traveling_hrs,traveling_sqhrs
0,0.054,11,360.52530294202717,0.0,0.0,583.0,74.36603937207822,16.06249599304227,1575.0,261.13884281738115,54.426975406961795,107.0,18.275076621774392,3.7752555887138133,18.0,1.8000000000000005,0.1800000000000001,96.0,4.482797552071586,0.2100480109739365
1,0.0,5,360.54303880217975,0.0,1000.0,558.0,71.12806460874924,15.521509619431122,1391.0,233.80768642811262,50.03216542638054,315.0,55.11268854010491,12.061899644597442,0.0,0.0,0.0,0.0,0.0,0.0
2,0.054,7,360.02608346902366,1000.0,0.0,563.0,68.95186268082355,14.89803146722969,1018.0,167.62310826874287,34.93127737015629,709.0,120.06430969711052,25.636051010760124,10.0,0.9999999999999999,0.10000000000000003,58.0,2.7427148466258924,0.130744170096022
3,0.054,13,360.1528229560615,1000.0,1000.0,559.0,69.68540779695094,14.730304591745822,1336.0,230.25345726464354,49.767702560724416,324.0,55.03906337032873,12.02854959240468,13.0,1.3,0.13000000000000006,81.0,3.769176553813568,0.17575445816186536
4,0.054,11,360.000661985124,2000.0,0.0,572.0,70.12341124018126,14.067369597603571,1185.0,199.76070843614932,42.37910360442493,496.0,85.94819490624442,18.439578685072828,9.0,0.8999999999999999,0.09000000000000002,73.0,3.398806183443198,0.1586076817558298
5,0.054,13,360.29830445895084,2000.0,1000.0,575.0,68.95699113117199,13.041151363506904,1268.0,213.8761772361078,45.729952929933546,431.0,73.1174793816365,15.56881734088358,8.0,0.7999999999999999,0.08000000000000002,71.0,3.3445666984777436,0.15860768175582982
6,0.054,7,360.18054259173425,3000.0,0.0,563.0,67.73404725333339,13.069952837708986,1493.0,249.4814900348514,52.48673521976755,202.0,36.65604572624691,8.318245505017286,20.0,2.0000000000000004,0.20000000000000012,91.0,4.251316070590103,0.19933127572016426
7,0.054,5,360.3652027757994,3000.0,1000.0,562.0,72.61411956042892,16.36030349547927,1206.0,204.1336954389011,43.18081386691727,474.0,79.40472476053293,17.175205635012258,8.0,0.7999999999999999,0.08000000000000002,66.0,3.074732109369124,0.14360425240054867
