id,probability_maraud,successful_mating,next_foraging_time,x_pos,y_pos,foraging_events,foraging_hrs,foraging_sqhrs,staying_events,staying_hrs,staying_sqhrs,repairing_events,repairing_hrs,repairing_sqhrs,marauding_events,marauding_hrs,marauding_sqhrs,traveling_events,traveling_hrs,traveling_sqhrs
0,0.054,11,359.93442001077284,0.0,0.0,562.0,70.040921167227,14.294657854701804,1548.0,259.8145653044247,55.65255610837777,155.0,24.44495945815939,4.982373430916149,14.0,1.4000000000000001,0.14000000000000007,94.0,4.409381513292562,0.20790466392318208
1,0.0,10,360.1208430247284,0.0,1000.0,567.0,70.25997673261212,14.764285002962918,1343.0,221.0540658890486,46.662437925856565,404.0,68.7435288666502,14.54365361181084,0.0,0.0,0.0,0.0,0.0,0.0
2,0.054,4,360.5256287235034,1000.0,0.0,564.0,69.56660447717204,13.809819606226458,1261.0,206.79562085471562,43.52436860049218,460.0,79.32206296549259,17.312138967783113,10.0,0.9999999999999999,0.10000000000000003,74.0,3.4451024797394942,0.16075102880658423
3,0.054,10,360.302844509215,1000.0,1000.0,555.0,68.4843180785854,13.429606693649811,1382.0,243.9036631119167,54.07200053144038,240.0,42.68034203323239,9.522074655110808,15.0,1.5000000000000002,0.15000000000000008,74.0,3.4451024797394942,0.16075102880658423
4,0.054,11,360.1778008218436,2000.0,0.0,555.0,69.82981846598585,14.544878603715402,1303.0,221.69830292518773,47.52961589159272,386.0,65.46229219429542,14.038726520612148,5.0,0.5,0.05000000000000001,58.0,2.7043617389987538,0.1264574759945131
5,0.054,15,360.25999019432595,2000.0,1000.0,556.0,71.60275656938026,14.912555679897348,1351.0,223.50705726750715,47.36409763504629,359.0,61.008556097366224,13.002207665122949,8.0,0.7999999999999999,0.08000000000000002,66.0,3.093908663182693,0.1457475994513031
6,0.054,3,359.99323413935696,3000.0,0.0,569.0,71.1516084942224,15.174411708930618,1281.0,217.07029515249369,46.57591492467954,401.0,67.2385706268841,14.331083389554465,12.0,1.2,0.12000000000000005,75.0,3.4722222222222214,0.16075102880658423
7,0.054,8,360.4601282982692,3000.0,1000.0,569.0,72.72145097199925,15.609134891672849,1399.0,239.58461041509923,52.407192634161106,251.0,43.22514996860008,9.332543300880763,12.0,1.2,0.12000000000000005,72.0,3.39086299477404,0.16075102880658426
