id,probability_maraud,successful_mating,next_foraging_time,x_pos,y_pos,foraging_events,foraging_hrs,foraging_sqhrs,staying_events,staying_hrs,staying_sqhrs,repairing_events,repairing_hrs,repairing_sqhrs,marauding_events,marauding_hrs,marauding_sqhrs,traveling_events,traveling_hrs,traveling_sqhrs
0,0.054,6,360.4221436518103,0.0,0.0,561.0,68.76704729909157,14.116673056285778,1374.0,231.13957942914368,49.72089861270451,326.0,55.11010406214637,11.886693716884936,15.0,1.5000000000000002,0.15000000000000008,75.0,3.4913987760357905,0.1628943758573387
1,0.054,5,360.531565441162,0.0,1000.0,574.0,68.17136300331923,13.429617453161724,1202.0,202.64648442703162,43.24877739233559,501.0,85.44493142069973,18.252459525013954,5.0,0.5,0.05000000000000001,70.0,3.259917294554309,0.15217764060356645
2,0.054,5,360.18364292043697,1000.0,0.0,558.0,69.73162199446759,14.605680160657387,1320.0,223.31689981729997,48.511428267817344,361.0,61.93815099723787,13.748405842763628,16.0,1.6000000000000003,0.1600000000000001,73.0,3.437159291070336,0.16289437585733868
3,0.054,13,360.093081346864,1000.0,1000.0,568.0,71.62522434238315,15.815912855795471,1394.0,231.97097786054863,49.18816726435535,306.0,51.28878823151066,10.827191695439604,9.0,0.8999999999999999,0.09000000000000002,90.0,4.243372881920944,0.2014746227709188
4,0.054,11,360.56269527732644,2000.0,0.0,579.0,73.17380608702004,15.647473442744396,1065.0,178.586061539098,37.703971357813145,602.0,104.56169404116073,23.15722831923597,12.0,1.2,0.12000000000000005,56.0,2.611769146406161,0.12217078189300418
5,0.054,13,360.7705096168397,2000.0,1000.0,578.0,70.08648597978207,14.561045753884338,1414.0,236.7437207754025,50.417112994637826,283.0,48.878588168860595,10.4275008372544,12.0,1.2,0.12000000000000005,76.0,3.5568716261456563,0.16718106995884757
6,0.054,9,360.07521777621537,3000.0,0.0,568.0,71.81997753024193,15.664392170826003,1476.0,251.36802267523112,54.05796806957146,179.0,30.410921901752282,6.507088944423408,18.0,1.8000000000000005,0.1800000000000001,100.0,4.687159291070342,0.22076474622770875
7,0.0,10,359.9644660009474,3000.0,1000.0,554.0,71.3275953641057,15.805239437904332,1276.0,215.25071826918568,46.3865437990944,443.0,73.55920616366497,15.83523385493402,0.0,0.0,0.0,0.0,0.0,0.0
