id,probability_maraud,successful_mating,next_foraging_time,x_pos,y_pos,foraging_events,foraging_hrs,foraging_sqhrs,staying_events,staying_hrs,staying_sqhrs,repairing_events,repairing_hrs,repairing_sqhrs,marauding_events,marauding_hrs,marauding_sqhrs,traveling_events,traveling_hrs,traveling_sqhrs
0,0.054,6,359.9739887385199,0.0,0.0,560.0,72.76459373147048,16.647206258413174,1307.0,224.2956359672033,48.571075153197796,344.0,57.41828472204052,12.235941282802873,13.0,1.3,0.13000000000000006,90.0,4.281725989548083,0.20576131687242766
1,0.054,7,360.1172499627687,0.0,1000.0,562.0,71.96039635239795,16.154396635889864,1336.0,227.55033034583886,48.6952672159681,313.0,55.15485733327729,12.114102155433965,15.0,1.5000000000000002,0.15000000000000008,85.0,4.011891400439461,0.19075788751714653
2,0.054,5,360.4445497895785,1000.0,0.0,566.0,70.19971190144291,15.839871299477974,1183.0,200.69047131879069,43.46018791647916,500.0,85.08518536977093,18.25907156217214,13.0,1.3,0.13000000000000006,60.0,2.8353074392184845,0.13503086419753088
3,0.054,8,360.7085768752538,1000.0,1000.0,575.0,72.48035009454824,15.203816293844529,959.0,161.35600718000643,35.05763992596058,733.0,121.88351620244948,25.55021425043249,12.0,1.2,0.12000000000000005,68.0,3.205677809588855,0.15217764060356645
4,0.054,12,359.8683346011279,2000.0,0.0,559.0,72.05524870067777,16.048062349187344,1152.0,192.40272291287405,40.60441675560426,544.0,91.40372125901604,19.75001075416373,9.0,0.8999999999999999,0.09000000000000002,70.0,3.2982704021814477,0.15646433470507534
5,0.054,15,360.0176724376326,2000.0,1000.0,560.0,69.78053688003756,14.740155842805896,1286.0,222.8404694123532,48.42633492290127,362.0,61.098203444673615,13.152726851798967,23.0,2.3000000000000007,0.23000000000000015,87.0,4.027777777777777,0.1864711934156376
6,0.054,14,360.08837003780627,3000.0,0.0,556.0,75.60238446241227,16.992996968308958,1629.0,272.7531955589663,57.96747131492616,33.0,6.024345948409034,1.34760305388927,13.0,1.3,0.13000000000000006,94.0,4.351851851851854,0.2014746227709187
7,0.0,5,360.5388182957379,3000.0,1000.0,562.0,68.84183097248167,15.133832891007936,1056.0,179.59431146566644,37.95025436700051,687.0,111.62742016040434,23.283763442802798,0.0,0.0,0.0,0.0,0.0,0.0
