id,probability_maraud,successful_mating,next_foraging_time,x_pos,y_pos,foraging_events,foraging_hrs,foraging_sqhrs,staying_events,staying_hrs,staying_sqhrs,repairing_events,repairing_hrs,repairing_sqhrs,marauding_events,marauding_hrs,marauding_sqhrs,traveling_events,traveling_hrs,traveling_sqhrs
0,0.0,6,360.1824555113134,0.0,0.0,569.0,72.4528750478834,15.125248952931653,1413.0,232.72363279860298,48.77544605856621,324.0,55.0902351997274,12.110592172104054,0.0,0.0,0.0,0.0,0.0,0.0
1,0.054,5,360.3911756096569,0.0,1000.0,554.0,72.3031131977233,15.254260812245716,1535.0,258.9130106295139,55.12407880022904,138.0,24.123760548232354,5.2052488117288025,14.0,1.4000000000000001,0.14000000000000007,76.0,3.5568716261456563,0.16718106995884757
2,0.054,18,360.48498198662355,1000.0,0.0,566.0,73.9388407018825,16.87306069721243,1393.0,232.51599650596748,49.73473688214686,300.0,48.92642834664443,10.203638026415106,12.0,1.2,0.12000000000000005,76.0,3.595224733772794,0.1714677640603565
3,0.054,11,360.1522856799547,1000.0,1000.0,566.0,66.96030880116462,13.539814546275023,1113.0,191.89894054549535,42.155718841968636,568.0,97.82374870747554,20.952658917087273,6.0,0.6,0.06000000000000001,65.0,3.0284358130728277,0.14146090534979422
4,0.054,8,360.0032199680092,2000.0,0.0,559.0,68.48852826874366,14.11417375380287,1266.0,225.72827507363095,50.152934072673155,347.0,61.298196035295064,13.70633266925662,14.0,1.4000000000000001,0.14000000000000007,66.0,3.093908663182693,0.14574759945130314
5,0.054,8,360.58067015732604,2000.0,1000.0,569.0,67.08003686182485,13.027829350978974,1134.0,197.38187949459754,42.892196289063996,535.0,91.89504090234841,20.25367792495301,8.0,0.7999999999999999,0.08000000000000002,66.0,3.093908663182693,0.14574759945130314
6,0.054,6,360.0540812129664,3000.0,0.0,573.0,69.66589434029231,14.03790531298009,1394.0,237.26024206929293,50.67809199694826,286.0,48.9217901956658,10.582913746659354,10.0,0.9999999999999999,0.10000000000000003,67.0,3.1785580671061275,0.15217764060356648
7,0.054,10,359.6833032313473,3000.0,1000.0,564.0,69.92023524431995,14.71333097397207,1474.0,249.05259462514462,52.85320013292879,213.0,36.1471095703604,7.876893844299023,12.0,1.2,0.12000000000000005,80.0,3.742056811330841,0.17575445816186536
