id,probability_maraud,successful_mating,next_foraging_time,x_pos,y_pos,foraging_events,foraging_hrs,foraging_sqhrs,staying_events,staying_hrs,staying_sqhrs,repairing_events,repairing_hrs,repairing_sqhrs,marauding_events,marauding_hrs,marauding_sqhrs,traveling_events,traveling_hrs,traveling_sqhrs
0,0.054,8,360.4181589518481,0.0,0.0,563.0,72.76291959717305,15.8240182333527,1397.0,235.55265387570074,50.74193589407927,275.0,47.351228987822225,10.34860748088187,8.0,0.7999999999999999,0.08000000000000002,77.0,3.603167922441952,0.16932441700960202
1,0.054,6,359.89902489988395,0.0,1000.0,566.0,70.70533046654634,14.61322726946971,1528.0,264.95983615260695,57.54949848140247,111.0,18.353406022606176,3.876898983434194,18.0,1.8000000000000005,0.1800000000000001,90.0,4.205019774293806,0.19718792866940985
2,0.054,8,360.1578562851001,1000.0,0.0,565.0,66.4394798253959,13.022639716286648,1285.0,216.30322982716035,46.07169589657214,438.0,73.24654374561536,15.333577335529474,11.0,1.0999999999999999,0.11000000000000004,64.0,3.039669178217239,0.1457475994513031
3,0.054,7,360.03237455154095,1000.0,1000.0,563.0,73.566467495446,15.647188979828709,956.0,162.106119735472,34.79288024100299,721.0,121.58805707164119,25.90110146387107,6.0,0.6,0.06000000000000001,47.0,2.1951024797394947,0.10288065843621404
4,0.054,15,359.9248627273876,2000.0,0.0,559.0,73.23082108129675,15.884550183578591,1293.0,221.51847845942578,48.13181124984066,350.0,60.36336682735482,13.054773934088123,11.0,1.0999999999999999,0.11000000000000004,81.0,3.7883531076271373,0.1778978052126198
5,0.054,15,360.1985921347767,2000.0,1000.0,553.0,70.98777202156225,15.754804523465086,1222.0,205.6595980359055,44.01736679304192,478.0,79.357027778841,16.941827404462963,12.0,1.2,0.12000000000000005,61.0,2.881603735514781,0.13717421124828533
6,0.0,4,360.28527060108803,3000.0,0.0,560.0,68.39360161021354,13.349077742970495,1310.0,224.65065763244155,49.08331261573597,391.0,67.26839294969741,14.50591231138709,0.0,0.0,0.0,0.0,0.0,0.0
7,0.054,9,360.28444027226965,3000.0,1000.0,572.0,70.85556055362252,14.63130233153575,1585.0,265.20211758717943,55.92075282808328,110.0,18.37314630472908,3.8688882017918926,14.0,1.4000000000000001,0.14000000000000007,93.0,4.324732109369127,0.2014746227709187
