id,probability_maraud,successful_mating,next_foraging_time,x_pos,y_pos,foraging_events,foraging_hrs,foraging_sqhrs,staying_events,staying_hrs,staying_sqhrs,repairing_events,repairing_hrs,repairing_sqhrs,marauding_events,marauding_hrs,marauding_sqhrs,traveling_events,traveling_hrs,traveling_sqhrs
0,0.0,6,360.094003013584,0.0,0.0,570.0,68.47503073270053,14.0860078013502,1322.0,223.52309683585435,48.43581829596619,390.0,68.14921691353182,15.3922717216607,0.0,0.0,0.0,0.0,0.0,0.0
1,0.054,8,360.15402829475823,0.0,1000.0,567.0,69.28633421207816,13.897739842393028,1530.0,254.80819954135353,54.05318068664592,178.0,30.75843157033424,6.868357009391776,12.0,1.2,0.12000000000000005,88.0,4.0740740740740735,0.18861454046639203
2,0.054,12,360.661359645028,1000.0,0.0,564.0,68.39860223956536,14.171853193650582,1579.0,268.4076094862751,57.98014859641247,105.0,18.094073987026963,3.882196310993909,11.0,1.0999999999999999,0.11000000000000004,87.0,4.066130885404916,0.19075788751714653
3,0.054,15,360.1470083039886,1000.0,1000.0,563.0,72.91778826989598,15.582021359135354,1294.0,218.38614339715596,46.73910021737251,380.0,64.20777375094286,13.681210860148743,10.0,0.9999999999999999,0.10000000000000003,76.0,3.556871626145656,0.16718106995884757
4,0.054,8,360.47506180338735,2000.0,0.0,553.0,67.00385095294659,13.683805389336758,1061.0,179.83809043386003,38.58778589878047,641.0,109.48244518189371,23.700594541990284,9.0,0.8999999999999999,0.09000000000000002,60.0,2.7969543315913463,0.130744170096022
5,0.054,7,360.19718573972625,2000.0,1000.0,559.0,69.77397481601034,14.32670732343044,1305.0,224.7542204481526,48.970848179089295,362.0,61.23711604046205,13.305619617667181,10.0,0.9999999999999999,0.10000000000000003,70.0,3.259917294554309,0.15217764060356645
6,0.054,8,360.2994751437945,3000.0,0.0,556.0,67.34608117972019,13.24019083516228,1427.0,238.2918983953528,50.36291349924333,284.0,48.59678125731829,10.380564796060463,18.0,1.8000000000000005,0.1800000000000001,89.0,4.13954692418394,0.19290123456790095
7,0.054,8,359.843568198799,3000.0,1000.0,561.0,73.33004985336078,14.893173652840828,1276.0,216.3588642846905,46.20879713946607,395.0,66.62164566013111,14.155314010370752,8.0,0.7999999999999999,0.08000000000000002,63.0,2.9550197742938042,0.13931755829903977
