id,probability_maraud,successful_mating,next_foraging_time,x_pos,y_pos,foraging_events,foraging_hrs,foraging_sqhrs,staying_events,staying_hrs,staying_sqhrs,repairing_events,repairing_hrs,repairing_sqhrs,marauding_events,marauding_hrs,marauding_sqhrs,traveling_events,traveling_hrs,traveling_sqhrs
0,0.054,3,359.9346739293414,0.0,0.0,572.0,71.51317318916429,15.112811552669957,1505.0,253.0204664485839,54.01751304198538,174.0,30.612647423150644,6.740072765768991,13.0,1.3,0.13000000000000006,76.0,3.576048179959225,0.1693244170096021
1,0.054,3,360.1781383189078,0.0,1000.0,559.0,73.09853912860864,15.986121276719883,1329.0,226.71310168498778,48.79276808374844,319.0,55.21767084052283,12.213004827823614,12.0,1.2,0.12000000000000005,83.0,3.8425925925925917,0.1778978052126198
2,0.0,11,360.34675335438266,1000.0,0.0,560.0,72.35821934081065,15.809672642226388,1286.0,214.85804948206794,45.723154064382854,432.0,72.86325238026565,15.661631273228089,0.0,0.0,0.0,0.0,0.0,0.0
3,0.054,9,360.5844680479872,1000.0,1000.0,574.0,75.31959755591663,15.813794654508737,1237.0,206.4004849323666,43.980073858575246,441.0,73.95099517543524,15.836914649576649,9.0,0.8999999999999999,0.09000000000000002,74.0,3.4451024797394942,0.16075102880658426
4,0.054,10,359.98172162240263,2000.0,0.0,574.0,72.30654043622113,15.202202494996225,1122.0,186.65968035237742,39.62963874907383,577.0,97.84821226833583,20.926357063710505,8.0,0.7999999999999999,0.08000000000000002,58.0,2.7043617389987538,0.1264574759945131
5,0.054,16,360.0399443813084,2000.0,1000.0,570.0,67.11749658345957,13.636866405577177,1336.0,226.390770792434,48.87252732004093,346.0,60.7182396369648,13.393244539941392,22.0,2.2000000000000006,0.22000000000000014,81.0,3.7883531076271373,0.17789780521261983
6,0.054,12,360.3146797369446,3000.0,0.0,556.0,69.13768616361615,13.859367079446285,1453.0,249.04283218608168,54.318884092937424,207.0,36.7472217022919,8.047414488553049,12.0,1.2,0.12000000000000005,87.0,4.046954331591347,0.18861454046639203
7,0.054,8,359.9877759935715,3000.0,1000.0,556.0,70.88008402771455,14.685714880068733,1238.0,212.44790121481262,45.928767212654606,425.0,73.17911636048763,15.637113906363405,7.0,0.7,0.07,60.0,2.7969543315913463,0.130744170096022
