id,probability_maraud,successful_mating,next_foraging_time,x_pos,y_pos,foraging_events,foraging_hrs,foraging_sqhrs,staying_events,staying_hrs,staying_sqhrs,repairing_events,repairing_hrs,repairing_sqhrs,marauding_events,marauding_hrs,marauding_sqhrs,traveling_events,traveling_hrs,traveling_sqhrs
0,0.054,4,360.5871710334003,0.0,0.0,572.0,67.3576493919036,13.136501635893115,1284.0,213.44311695231264,45.45124693142451,440.0,73.21401434622967,15.412132988949523,16.0,1.6000000000000003,0.1600000000000001,94.0,4.390204959478993,0.2057613168724276
1,0.054,9,360.7616644336827,0.0,1000.0,575.0,71.89589785401371,14.241235408357111,1402.0,237.5389808540029,51.21790217970597,287.0,46.87651674533457,9.740549271335592,7.0,0.7,0.07,66.0,3.074732109369124,0.14360425240054867
2,0.054,11,360.1624715553517,1000.0,0.0,564.0,70.09146729929165,14.646980595488854,1092.0,186.6875438289795,40.55474775478979,574.0,98.03775412409956,21.011426774035733,13.0,1.3,0.13000000000000006,82.0,3.8921790653641413,0.1864711934156376
3,0.054,7,360.1368971827945,1000.0,1000.0,562.0,69.49656357436999,14.520751235251534,1229.0,213.19520046525844,47.05072091871954,426.0,73.19513730106812,15.659213552325424,10.0,0.9999999999999999,0.10000000000000003,71.0,3.2870370370370363,0.15217764060356645
4,0.054,10,360.0300958657403,2000.0,0.0,570.0,72.04277402528872,14.952448966613595,1305.0,222.21572663196574,47.801130588291066,363.0,60.852024607208094,12.980171205516173,11.0,1.0999999999999999,0.11000000000000004,80.0,3.818763026585118,0.1843278463648832
5,0.054,10,360.4175359550648,2000.0,1000.0,569.0,69.9036458794719,14.244445998899264,1377.0,234.31082469988638,51.03346170243316,299.0,50.6335456349559,10.877749151847375,15.0,1.5000000000000002,0.15000000000000008,80.0,3.722880257517272,0.1736111111111109
6,0.054,15,360.41249546655297,3000.0,0.0,571.0,74.1644535651425,16.52333452677786,1489.0,255.3357706258251,55.266838312284385,156.0,24.679867822913497,5.2275704706696375,14.0,1.4000000000000001,0.14000000000000007,95.0,4.455677809588859,0.21004801097393652
7,0.0,6,359.91580683216546,3000.0,1000.0,553.0,72.21517178450989,15.604142279617456,1118.0,196.30259237441612,43.49221243030358,533.0,91.56356528724028,19.73944695156151,0.0,0.0,0.0,0.0,0.0,0.0
