id,probability_maraud,successful_mating,next_foraging_time,x_pos,y_pos,foraging_events,foraging_hrs,foraging_sqhrs,staying_events,staying_hrs,staying_sqhrs,repairing_events,repairing_hrs,repairing_sqhrs,marauding_events,marauding_hrs,marauding_sqhrs,traveling_events,traveling_hrs,traveling_sqhrs
0,0.054,3,359.97764727068613,0.0,0.0,567.0,72.18583654902615,14.8814353453614,1455.0,245.29037715262015,52.06779245148972,204.0,36.65701987517135,8.286122673758145,13.0,1.3,0.13000000000000006,103.0,4.8260481799592325,0.2271947873799721
1,0.054,8,360.17801600493584,0.0,1000.0,563.0,73.49212694809478,16.214302631774988,1386.0,233.25217686965487,49.44047417765277,301.0,49.27954375153621,10.160738084275104,10.0,0.9999999999999999,0.10000000000000003,67.0,3.1210284056654203,0.1457475994513031
2,0.054,11,359.9634438741337,1000.0,0.0,556.0,70.637481818777,14.633727296534111,1305.0,224.5759889070666,48.31875473333412,384.0,60.83807874054445,12.522654153413084,7.0,0.7,0.07,73.0,3.417982737256767,0.16075102880658423
3,0.0,11,360.0982887239369,1000.0,1000.0,563.0,69.14420305061661,14.00064539791371,1334.0,223.53612441443622,47.57638011177325,391.0,67.42482074652484,14.506984383570858,0.0,0.0,0.0,0.0,0.0,0.0
4,0.054,13,360.39346900447487,2000.0,0.0,582.0,67.88862303569296,12.908769727291917,1222.0,207.85830526966694,44.62941648433146,452.0,79.7686977649161,17.439978591580036,13.0,1.3,0.13000000000000006,77.0,3.603167922441952,0.16932441700960205
5,0.054,11,360.2458783743028,2000.0,1000.0,573.0,70.41196389112635,13.804797508133335,1084.0,187.12123367350569,40.94409028400807,569.0,98.05158339031604,21.20141546523736,14.0,1.4000000000000001,0.14000000000000007,67.0,3.1593815132925585,0.15003429355281203
6,0.054,9,359.94974326793556,3000.0,0.0,564.0,68.57117539379692,13.923588543413297,1279.0,212.85732354284758,45.70061983193503,435.0,73.58252664607097,15.611609875317464,14.0,1.4000000000000001,0.14000000000000007,80.0,3.722880257517272,0.17361111111111094
7,0.054,6,360.11017904914684,3000.0,1000.0,567.0,72.4166999533098,15.82663366442551,1208.0,205.80430549518135,44.12999656260468,433.0,75.57917975604931,16.655230504920844,18.0,1.8000000000000005,0.1800000000000001,94.0,4.409381513292562,0.2079046639231821
