id,probability_maraud,successful_mating,next_foraging_time,x_pos,y_pos,foraging_events,foraging_hrs,foraging_sqhrs,staying_events,staying_hrs,staying_sqhrs,repairing_events,repairing_hrs,repairing_sqhrs,marauding_events,marauding_hrs,marauding_sqhrs,traveling_events,traveling_hrs,traveling_sqhrs
0,0.0,8,359.7845739713685,0.0,0.0,572.0,68.53768338470351,14.371327850172888,1342.0,230.37679213530978,49.49087977392712,355.0,61.108401163356255,13.345240460703293,0.0,0.0,0.0,0.0,0.0,0.0
1,0.054,8,360.61712739578235,0.0,1000.0,560.0,73.91768878709132,15.647149926989648,1541.0,256.69346289672,54.24737582736889,139.0,24.30458729424364,5.402675782867791,13.0,1.3,0.13000000000000006,87.0,4.027777777777777,0.1864711934156376
2,0.054,10,359.96997038502667,1000.0,0.0,576.0,68.82183641425326,13.580536685511657,1292.0,219.5659977223359,47.628968321441775,398.0,67.27383184594721,14.4255515544801,9.0,0.8999999999999999,0.09000000000000002,75.0,3.5105753298493596,0.16503772290809313
3,0.054,10,360.04152667282403,1000.0,1000.0,557.0,71.87340014747312,15.674451523460263,1105.0,188.3246422188992,40.795462146450745,578.0,95.21948924332612,20.217690445264694,13.0,1.3,0.13000000000000006,72.0,3.3716864409604708,0.15860768175582982
4,0.054,12,360.574901315873,2000.0,0.0,573.0,68.45646703894673,13.077241752000441,1288.0,219.01856377408205,46.88200858624452,396.0,67.02711249770925,14.10395685879772,15.0,1.5000000000000002,0.15000000000000008,87.0,4.123660546845624,0.19718792866940987
5,0.054,8,360.4820755375325,2000.0,1000.0,566.0,69.40567047471241,13.872924816036928,1143.0,192.32250474013247,41.14939784323031,557.0,93.36189388204753,19.646786693466858,16.0,1.6000000000000003,0.1600000000000001,70.0,3.3174469559950164,0.15860768175582982
6,0.054,9,360.1233823501025,3000.0,0.0,553.0,68.30701792156195,14.029580471262975,1332.0,233.52852035188872,51.64256838150068,346.0,54.73762758327794,11.518509030131934,11.0,1.0999999999999999,0.11000000000000004,56.0,2.611769146406161,0.12217078189300418
7,0.054,7,359.91803132670066,3000.0,1000.0,554.0,71.93213137760911,15.51442371596059,1306.0,221.56729991453645,47.044612843360085,370.0,62.028016013887864,13.066132034336304,11.0,1.0999999999999999,0.11000000000000004,76.0,3.5185185185185177,0.16289437585733868
