id,probability_maraud,successful_mating,next_foraging_time,x_pos,y_pos,foraging_events,foraging_hrs,foraging_sqhrs,staying_events,staying_hrs,staying_sqhrs,repairing_events,repairing_hrs,repairing_sqhrs,marauding_events,marauding_hrs,marauding_sqhrs,traveling_events,traveling_hrs,traveling_sqhrs
0,0.054,8,360.4867703618734,0.0,0.0,561.0,69.40344261380933,14.111946458083816,1199.0,207.67854911146372,44.59533038026812,466.0,79.18614022730985,16.9158212622341,11.0,1.0999999999999999,0.11000000000000004,58.0,2.7043617389987538,0.1264574759945131
1,0.054,11,359.91239155227396,0.0,1000.0,571.0,71.01543521405222,14.14557964732914,1391.0,235.56554289261373,50.50148615977173,288.0,48.80681668581075,10.779031874346911,9.0,0.8999999999999999,0.09000000000000002,83.0,3.8617691464061608,0.18004115226337425
2,0.054,10,360.28205577202385,1000.0,0.0,570.0,73.21801050879688,15.046682184038117,1306.0,227.44575044501315,49.84003906887414,322.0,54.885096953778834,12.11025926754834,13.0,1.3,0.13000000000000006,68.0,3.1673247019617166,0.14789094650205756
3,0.054,5,360.2091585589044,1000.0,1000.0,566.0,69.71667972018649,14.236581754105519,1219.0,207.52337382045124,44.570613349122205,465.0,79.15379471759542,17.03671588363187,7.0,0.7,0.07,63.0,2.9741963281073738,0.14146090534979425
4,0.0,12,360.0709447489432,2000.0,0.0,560.0,76.24324825889703,17.389317320044704,1272.0,216.59551001706473,46.53297299860756,403.0,67.17159535748499,14.349878416276802,0.0,0.0,0.0,0.0,0.0,0.0
5,0.054,9,360.0956909484818,2000.0,1000.0,563.0,69.90317105417378,14.556058458793517,1316.0,223.5472507520423,48.11978295492827,361.0,61.60557881619716,13.092680288305399,16.0,1.6000000000000003,0.1600000000000001,74.0,3.54098524880734,0.17146776406035652
6,0.054,8,359.87287393128497,3000.0,0.0,564.0,73.04762172636005,15.711482867463019,1439.0,239.5883601634224,51.08616922332594,246.0,42.4787705593828,9.15095204750803,11.0,1.0999999999999999,0.11000000000000004,84.0,3.888888888888888,0.18004115226337425
7,0.054,9,360.16897991148323,3000.0,1000.0,562.0,71.61572596677483,15.726391993613536,1291.0,222.5846699645357,47.81024473207626,351.0,61.167329627995066,13.51437498509051,14.0,1.4000000000000001,0.14000000000000007,70.0,3.24074074074074,0.150034293552812
