id,probability_maraud,successful_mating,next_foraging_time,x_pos,y_pos,foraging_events,foraging_hrs,foraging_sqhrs,staying_events,staying_hrs,staying_sqhrs,repairing_events,repairing_hrs,repairing_sqhrs,marauding_events,marauding_hrs,marauding_sqhrs,traveling_events,traveling_hrs,traveling_sqhrs
0,0.054,9,360.171531273968,0.0,0.0,585.0,70.74778895215177,14.50531739910926,1562.0,259.80487849195447,55.12256791807776,149.0,24.380437756834663,5.128815896278497,16.0,1.6000000000000003,0.1600000000000001,78.0,3.6302876649246794,0.16932441700960202
1,0.054,7,360.4169393078531,0.0,1000.0,558.0,74.00027126753461,16.15435514059068,1243.0,209.4801594508696,44.56406572767469,424.0,73.41091892438915,15.886142030029498,6.0,0.6,0.06000000000000001,54.0,2.5191765538135686,0.11788408779149526
2,0.054,2,360.3915947321361,1000.0,0.0,578.0,73.93344071912017,14.884131537681187,986.0,167.0255661263678,35.8740390981279,723.0,115.85230316098614,23.777286616047828,10.0,0.9999999999999999,0.10000000000000003,47.0,2.2142790335530638,0.1050240054869685
3,0.054,10,360.36878007731656,1000.0,1000.0,570.0,71.96346140556051,15.06639039926119,1305.0,225.9630111226844,49.26829530365528,343.0,57.135718329440174,11.797632330860708,15.0,1.5000000000000002,0.15000000000000008,76.0,3.576048179959225,0.1693244170096021
4,0.054,22,360.2355249111435,2000.0,0.0,585.0,72.74967930452829,15.408139924031461,1439.0,244.91626060692084,53.269333636770426,233.0,36.9571270539427,7.545313148916799,13.0,1.3,0.13000000000000006,91.0,4.270492624403672,0.20147462277091874
5,0.054,8,360.00065468515777,2000.0,1000.0,571.0,71.28962501373482,15.191545023136031,1151.0,198.96537038409556,43.41872327901947,513.0,85.6944215275278,18.27623147566063,10.0,0.9999999999999999,0.10000000000000003,65.0,3.0859654745135354,0.14789094650205759
6,0.0,1,360.6012543089038,3000.0,0.0,563.0,69.18548798405001,13.468166478157277,1254.0,217.69213230378082,47.72219653070316,425.0,73.18695936506279,16.206101611601703,0.0,0.0,0.0,0.0,0.0,0.0
7,0.054,13,360.149248347351,3000.0,1000.0,564.0,69.15627244795897,14.123710532299185,1394.0,242.624649312999,53.293261612048575,258.0,42.62109097135195,8.709801503831462,14.0,1.4000000000000001,0.14000000000000007,91.0,4.289669178217241,0.20361796982167324
