id,probability_maraud,successful_mating,next_foraging_time,x_pos,y_pos,foraging_events,foraging_hrs,foraging_sqhrs,staying_events,staying_hrs,staying_sqhrs,repairing_events,repairing_hrs,repairing_sqhrs,marauding_events,marauding_hrs,marauding_sqhrs,traveling_events,traveling_hrs,traveling_sqhrs
0,0.054,9,360.12978981390796,0.0,0.0,576.0,73.86256642210881,15.831835937150082,1377.0,227.1740140312356,47.43233590948561,303.0,55.32128115670064,12.80023486093633,8.0,0.7999999999999999,0.08000000000000002,63.0,2.935843220480235,0.13717421124828533
1,0.054,10,359.95726218827093,0.0,1000.0,560.0,69.06949889010762,14.307794375525253,1335.0,224.95163172929105,48.14545797425646,368.0,61.05476983731357,12.66951096208131,14.0,1.4000000000000001,0.14000000000000007,76.0,3.576048179959225,0.16932441700960205
2,0.054,8,360.17816022442287,1000.0,0.0,572.0,74.72668683376973,16.66869255187038,1289.0,214.6999132399336,45.54457576235481,405.0,67.63031951081584,14.349977989420447,7.0,0.7,0.07,50.0,2.3339913686283835,0.10931069958847742
3,0.054,10,360.40707037979325,1000.0,1000.0,566.0,71.01352578538699,14.847563224975659,1359.0,228.2004713009035,48.391611127965135,330.0,55.48679984304334,11.918162655036184,16.0,1.6000000000000003,0.1600000000000001,79.0,3.714937068848114,0.17575445816186536
4,0.054,2,360.1751960464419,2000.0,0.0,570.0,70.27120309670335,14.394002282994325,1200.0,204.48595513021266,44.291166115763396,480.0,81.20668503740514,17.44609282520092,9.0,0.8999999999999999,0.09000000000000002,69.0,3.213620998258013,0.150034293552812
5,0.0,15,360.17709007605856,2000.0,1000.0,567.0,68.0088117303266,13.037420631088377,1196.0,206.70902378716772,44.97912543120241,472.0,85.3801276550983,19.25717178756221,0.0,0.0,0.0,0.0,0.0,0.0
6,0.054,7,360.06645287084973,3000.0,0.0,580.0,71.1245603720974,14.347046313797847,1462.0,246.27154403781344,52.80244865872968,208.0,36.79097871145838,8.087808377932227,20.0,2.0000000000000004,0.20000000000000012,84.0,3.908065442702457,0.1821844993141287
7,0.054,11,360.0829716056722,3000.0,1000.0,577.0,70.6217983224472,13.741006357086686,1266.0,217.66689758062245,46.91778900827485,402.0,67.31635669066324,13.909196622757872,10.0,0.9999999999999999,0.10000000000000003,74.0,3.4642790335530633,0.16289437585733868
