id,probability_maraud,successful_mating,next_foraging_time,x_pos,y_pos,foraging_events,foraging_hrs,foraging_sqhrs,staying_events,staying_hrs,staying_sqhrs,repairing_events,repairing_hrs,repairing_sqhrs,marauding_events,marauding_hrs,marauding_sqhrs,traveling_events,traveling_hrs,traveling_sqhrs
0,0.054,9,360.4939964700574,0.0,0.0,556.0,69.84884655293455,13.687996447717994,1360.0,229.963697892772,48.927822906781714,347.0,55.0449104818096,10.843550837256666,16.0,1.6000000000000003,0.1600000000000001,79.0,3.714937068848114,0.17575445816186536
1,0.054,9,360.1727252773614,0.0,1000.0,573.0,70.02605151219846,14.304459025550777,1232.0,205.74693692003015,43.39279615772366,453.0,79.21596637879969,17.495121664646295,11.0,1.0999999999999999,0.11000000000000004,84.0,3.927241996516026,0.18432784636488314
2,0.0,10,360.4749329952582,1000.0,0.0,570.0,70.18036560818268,13.590593351390764,1167.0,199.76001122041947,43.178705860125646,527.0,90.26142243271757,19.568830909168636,0.0,0.0,0.0,0.0,0.0,0.0
3,0.054,14,360.6404006400466,1000.0,1000.0,561.0,73.78881763489379,16.012851214869272,1314.0,216.6769309964682,46.012754110531,369.0,64.72632060345896,14.03526880888246,12.0,1.2,0.12000000000000005,78.0,3.6302876649246794,0.16932441700960202
4,0.054,8,360.45113212045976,2000.0,0.0,568.0,70.276118033696,15.055985127191768,1325.0,226.338629811416,48.78192184739112,350.0,58.310748700039376,12.362995892117814,14.0,1.4000000000000001,0.14000000000000007,80.0,3.722880257517272,0.1736111111111109
5,0.054,5,360.0675586700218,2000.0,1000.0,567.0,72.75362284312732,15.04709961588479,1168.0,202.3217705409648,44.36067995234734,468.0,79.59587830848362,17.05312360943574,18.0,1.8000000000000005,0.1800000000000001,78.0,3.6494642187382484,0.1714677640603565
6,0.054,8,360.29101481908845,3000.0,0.0,574.0,72.80511661622992,15.329745586726224,1319.0,222.95996047111538,47.57607528094039,360.0,60.883572720610644,13.15660717171152,12.0,1.2,0.12000000000000005,47.0,2.1951024797394947,0.10288065843621404
7,0.054,9,360.1214664451685,3000.0,1000.0,548.0,71.96254257014371,15.186951214838563,1252.0,216.47486367879634,47.48909854741268,382.0,67.52349904677945,14.946934573955422,9.0,0.8999999999999999,0.09000000000000002,67.0,3.1593815132925585,0.150034293552812
