id,probability_maraud,successful_mating,next_foraging_time,x_pos,y_pos,foraging_events,foraging_hrs,foraging_sqhrs,staying_events,staying_hrs,staying_sqhrs,repairing_events,repairing_hrs,repairing_sqhrs,marauding_events,marauding_hrs,marauding_sqhrs,traveling_events,traveling_hrs,traveling_sqhrs
0,0.054,8,360.10561017004295,0.0,0.0,559.0,75.50176960483238,17.458797674649787,1445.0,243.0702028084131,51.83815568119732,222.0,36.487315180748425,7.465709552243666,12.0,1.2,0.12000000000000005,80.0,3.742056811330841,0.17575445816186536
1,0.054,9,360.26238463478734,0.0,1000.0,574.0,72.18732085030368,16.12956649860761,1396.0,233.994933271928,49.872444086954,309.0,48.62203151068694,10.058380893936137,12.0,1.2,0.12000000000000005,88.0,4.0740740740740735,0.18861454046639203
2,0.0,10,360.22649043403356,1000.0,0.0,559.0,74.67105862539182,16.622691674768998,1308.0,224.34257301890986,48.15836552552979,357.0,61.08423307892314,13.16168476453265,0.0,0.0,0.0,0.0,0.0,0.0
3,0.054,12,360.2094777111426,1000.0,1000.0,562.0,70.94141015217424,13.80393258249222,1366.0,223.61388182394566,47.062860956436026,376.0,60.762525334192055,12.450022579199416,11.0,1.0999999999999999,0.11000000000000004,76.0,3.595224733772794,0.17146776406035646
4,0.054,6,359.8583558086769,2000.0,0.0,550.0,69.42536965700626,14.352039926894776,1217.0,207.92444767636005,45.55582255556051,461.0,79.28485754647126,16.950945280586037,7.0,0.7,0.07,60.0,2.7969543315913463,0.130744170096022
5,0.054,16,360.47246953716814,2000.0,1000.0,566.0,65.02153894710685,12.12181541336497,1250.0,211.58413798748703,45.270858322859596,463.0,78.84339938857751,16.931689123806663,11.0,1.0999999999999999,0.11000000000000004,76.0,3.5185185185185177,0.16289437585733868
6,0.054,6,360.0527418583405,3000.0,0.0,572.0,68.41312518586528,13.720747027795086,1297.0,221.14727390389572,47.48651487184699,388.0,66.77725467701316,14.351895596960853,10.0,0.9999999999999999,0.10000000000000003,61.0,2.8432506278876426,0.13288751714677643
7,0.054,5,360.1748785603936,3000.0,1000.0,569.0,69.41645780063999,13.654862474319213,1545.0,254.6713615887063,53.7670386979425,188.0,30.533290301623303,6.4398961891962925,13.0,1.3,0.13000000000000006,90.0,4.205019774293806,0.19718792866940982
