id,probability_maraud,successful_mating,next_foraging_time,x_pos,y_pos,foraging_events,foraging_hrs,foraging_sqhrs,staying_events,staying_hrs,staying_sqhrs,repairing_events,repairing_hrs,repairing_sqhrs,marauding_events,marauding_hrs,marauding_sqhrs,traveling_events,traveling_hrs,traveling_sqhrs
0,0.054,4,360.05403063481606,0.0,0.0,579.0,70.40636664229149,14.161394008992007,1185.0,194.33873795332843,40.508473499632565,533.0,91.21464491230208,19.831418953972072,8.0,0.7999999999999999,0.08000000000000002,72.0,3.3525098871469017,0.15646433470507537
1,0.054,11,360.1719126290482,0.0,1000.0,570.0,70.21890445281207,13.63083796217851,1394.0,241.23519239272784,52.712908571631104,249.0,43.030135314113416,9.62543943278986,14.0,1.4000000000000001,0.14000000000000007,90.0,4.185843220480237,0.19504458161865537
2,0.054,16,360.49263792771467,1000.0,0.0,565.0,70.31669129521892,14.509218832128143,1490.0,253.12481404280632,53.80074574990494,175.0,30.670172063109415,6.852162933008595,16.0,1.6000000000000003,0.1600000000000001,96.0,4.463620998258017,0.20790466392318205
3,0.054,6,360.2258617590511,1000.0,1000.0,561.0,72.97983499084017,15.579215851653569,1192.0,198.91774105836078,42.34003965457847,518.0,85.11189301395905,18.067345267003688,7.0,0.7,0.07,55.0,2.565472850109865,0.12002743484224972
4,0.0,7,360.1281439103583,2000.0,0.0,573.0,71.37386956775913,14.695500937440517,1229.0,209.62538666506828,45.40045341219724,491.0,79.02652445763361,16.298887690388135,0.0,0.0,0.0,0.0,0.0,0.0
5,0.054,14,360.13973073126164,2000.0,1000.0,564.0,69.39246039677266,14.534289897776544,1374.0,235.42029321440057,50.250739336704385,307.0,51.00335709084099,10.687632286478554,12.0,1.2,0.12000000000000005,65.0,3.066788920699966,0.1457475994513031
6,0.054,8,360.44685903245215,3000.0,0.0,581.0,72.19237369128206,15.572076559988396,1428.0,240.41742359028476,51.56439163300868,264.0,43.010454775728135,8.95980244629748,7.0,0.7,0.07,84.0,3.908065442702457,0.18218449931412872
7,0.054,6,359.96840652271754,3000.0,1000.0,568.0,67.47775515674043,13.984394279175525,1442.0,245.4196588876821,52.440458650700045,263.0,42.55188829499013,8.861820661941154,13.0,1.3,0.13000000000000006,70.0,3.2982704021814473,0.15646433470507534
