id,probability_maraud,successful_mating,next_foraging_time,x_pos,y_pos,foraging_events,foraging_hrs,foraging_sqhrs,staying_events,staying_hrs,staying_sqhrs,repairing_events,repairing_hrs,repairing_sqhrs,marauding_events,marauding_hrs,marauding_sqhrs,traveling_events,traveling_hrs,traveling_sqhrs
0,0.0,11,360.2825437027649,0.0,0.0,565.0,68.52315130419832,13.15188830553488,1576.0,260.8439266237332,54.23684991816904,182.0,30.674931245978147,6.716164920797951,0.0,0.0,0.0,0.0,0.0,0.0
1,0.054,7,360.76172310957475,0.0,1000.0,557.0,72.7916315902784,15.924012877598589,1591.0,270.2902483823349,58.287002803508194,67.0,12.30732056964682,2.770860643471921,9.0,0.8999999999999999,0.09000000000000002,89.0,4.12037037037037,0.19075788751714648
2,0.054,7,360.32391517097176,1000.0,0.0,563.0,68.11818612461373,14.079706699745598,1272.0,213.9573704999464,46.42613107877511,418.0,73.38360110620457,15.915366802332853,10.0,0.9999999999999999,0.10000000000000003,80.0,3.76123336514441,0.17789780521261986
3,0.054,9,360.65864457966575,1000.0,1000.0,572.0,67.80621529376188,12.863759613806709,1170.0,195.95002991979084,41.70127665077857,536.0,91.44216548293436,19.936200867900407,17.0,1.7000000000000004,0.1700000000000001,69.0,3.1944444444444438,0.14789094650205756
4,0.054,17,360.32034158804436,2000.0,0.0,566.0,72.53064251102835,15.45874874816548,1345.0,227.21981170704152,48.80003032614893,318.0,55.35577600049437,12.323402597504346,13.0,1.3,0.13000000000000006,80.0,3.742056811330841,0.17575445816186538
5,0.054,12,360.10653071528935,2000.0,1000.0,577.0,70.53096474232903,13.491673241014242,1122.0,187.8695942571885,40.137927867352396,577.0,97.99672610891393,20.666473262439347,10.0,0.9999999999999999,0.10000000000000003,56.0,2.6309457002197307,0.12431412894375864
6,0.054,2,360.14224271370216,3000.0,0.0,568.0,72.88637602199893,15.515039309601349,1344.0,232.96342290702637,51.12053606466156,273.0,49.135412927854226,10.971230382842329,13.0,1.3,0.13000000000000006,80.0,3.76123336514441,0.1778978052126198
7,0.054,7,360.06570823318214,3000.0,1000.0,564.0,72.48761809036472,16.195317144472877,1217.0,208.3774579931912,44.88635124833242,438.0,75.04944406484469,16.273932423097136,9.0,0.8999999999999999,0.09000000000000002,77.0,3.583991368628383,0.1671810699588476
