id,probability_maraud,successful_mating,next_foraging_time,x_pos,y_pos,foraging_events,foraging_hrs,foraging_sqhrs,staying_events,staying_hrs,staying_sqhrs,repairing_events,repairing_hrs,repairing_sqhrs,marauding_events,marauding_hrs,marauding_sqhrs,traveling_events,traveling_hrs,traveling_sqhrs
0,0.054,7,360.32059832441126,0.0,0.0,579.0,72.60028088111831,14.909353246833488,1395.0,235.46143017523534,49.661548821540734,288.0,46.259524105948,9.854255485351363,15.0,1.5000000000000002,0.15000000000000008,92.0,4.27843581307283,0.1993312757201643
1,0.054,7,360.4129458835368,0.0,1000.0,561.0,73.85071418654438,17.036142709365794,1268.0,214.7089453697515,45.78019374225248,394.0,67.9551626887501,14.928189156885434,7.0,0.7,0.07,63.0,2.9741963281073733,0.14146090534979422
2,0.054,13,360.30020445652013,1000.0,0.0,562.0,67.99117985592719,13.4627060341775,1173.0,207.87466707730317,46.19931292837925,449.0,79.30825473560368,17.713038327150638,15.0,1.5000000000000002,0.15000000000000008,72.0,3.3333333333333326,0.1543209876543209
3,0.054,9,360.3727305920297,1000.0,1000.0,579.0,70.70974761079007,13.975657516701299,1270.0,217.44456486927396,46.83493782929873,406.0,67.2538435432807,14.297870893674672,8.0,0.7999999999999999,0.08000000000000002,81.0,3.807529661440707,0.18004115226337428
4,0.054,11,360.18785941201867,2000.0,0.0,565.0,71.11207273934606,14.647121931314913,1431.0,241.94939600361081,52.016918149219954,264.0,42.37032602675016,8.908864411350919,11.0,1.0999999999999999,0.11000000000000004,78.0,3.6494642187382484,0.17146776406035646
5,0.054,11,360.7046291240773,2000.0,1000.0,565.0,72.76390170122693,15.43435855504956,1235.0,210.41925807181698,45.59613543007378,423.0,72.91440540520925,15.9049575195171,10.0,0.9999999999999999,0.10000000000000003,65.0,3.0284358130728277,0.14146090534979422
6,0.0,8,359.97890934077753,3000.0,0.0,574.0,72.78854409101545,14.956577186245925,1313.0,226.30809324442447,49.630323597794856,356.0,60.981877477496475,13.24844282479557,0.0,0.0,0.0,0.0,0.0,0.0
7,0.054,6,360.13089566260646,3000.0,1000.0,564.0,72.8746595408089,14.837668474329703,1425.0,245.15903419654106,52.8934428641008,205.0,36.82770782986225,8.383932798316577,12.0,1.2,0.12000000000000005,87.0,4.046954331591347,0.18861454046639203
