id,probability_maraud,successful_mating,next_foraging_time,x_pos,y_pos,foraging_events,foraging_hrs,foraging_sqhrs,staying_events,staying_hrs,staying_sqhrs,repairing_events,repairing_hrs,repairing_sqhrs,marauding_events,marauding_hrs,marauding_sqhrs,traveling_events,traveling_hrs,traveling_sqhrs
0,0.054,7,360.20587919225574,0.0,0.0,560.0,70.65222241099663,13.92119648781153,1277.0,218.27222152429243,47.37843261175723,403.0,66.84036522975843,14.341963352172693,9.0,0.8999999999999999,0.09000000000000002,73.0,3.417982737256767,0.16075102880658423
1,0.054,7,360.1869290025356,0.0,1000.0,569.0,69.28841425224225,14.392510561086052,1506.0,254.13376546968033,53.95262376612926,183.0,30.583069126673518,6.55077419606192,18.0,1.8000000000000005,0.1800000000000001,91.0,4.251316070590103,0.1993312757201643
2,0.054,11,360.3286076313022,1000.0,0.0,567.0,67.2622021558097,12.979266875744564,1304.0,227.81281834827936,50.458638537133496,338.0,60.909585455921615,13.77405939999509,7.0,0.7,0.07,75.0,3.4913987760357905,0.16289437585733868
3,0.054,12,360.1595919461269,1000.0,1000.0,570.0,71.12101940440938,14.491405081736342,1196.0,206.74257320737564,44.48634326746919,492.0,78.7410988704275,15.96815638936342,5.0,0.5,0.05000000000000001,65.0,3.0284358130728277,0.14146090534979422
4,0.054,11,360.36775153711267,2000.0,0.0,575.0,68.50489762723116,13.056083673693397,1451.0,242.98620647495724,51.807946411808665,253.0,42.91006696869779,9.148769952751607,14.0,1.4000000000000001,0.14000000000000007,91.0,4.251316070590103,0.19933127572016426
5,0.0,4,360.1260483476174,2000.0,1000.0,564.0,75.08900899391519,17.972480387265346,1333.0,220.58341216679423,46.60668667946155,382.0,64.44011701849219,13.87561648012931,0.0,0.0,0.0,0.0,0.0,0.0
6,0.054,12,360.0530645083498,3000.0,0.0,578.0,71.4130697689159,15.077789856784287,1425.0,235.42156116783516,49.80111602180044,294.0,48.65283274501922,10.208114641899966,12.0,1.2,0.12000000000000005,73.0,3.379629629629629,0.15646433470507534
7,0.054,8,360.0828673729589,3000.0,1000.0,555.0,71.83272809554313,15.655031992781357,1471.0,241.217725080248,50.94003247977672,256.0,42.86682602922278,9.066285609225158,7.0,0.7,0.07,75.0,3.5105753298493596,0.16503772290809313
