id,probability_maraud,successful_mating,next_foraging_time,x_pos,y_pos,foraging_events,foraging_hrs,foraging_sqhrs,staying_events,staying_hrs,staying_sqhrs,repairing_events,repairing_hrs,repairing_sqhrs,marauding_events,marauding_hrs,marauding_sqhrs,traveling_events,traveling_hrs,traveling_sqhrs
0,0.054,11,360.2341685766112,0.0,0.0,568.0,72.2487574290107,15.033456472675423,1369.0,234.81538979418318,51.445408905940404,281.0,48.90282838873835,10.628334475318127,10.0,0.9999999999999999,0.10000000000000003,68.0,3.1673247019617166,0.14789094650205759
1,0.054,7,360.22255823345114,0.0,1000.0,558.0,73.0414509820352,15.760065807963239,1195.0,198.21615766397193,41.87569444852164,508.0,85.720615623598,18.05354591079366,6.0,0.6,0.06000000000000001,59.0,2.731481481481481,0.1264574759945131
2,0.054,6,359.9005992755749,1000.0,0.0,569.0,70.38185825314567,14.293869503224242,1242.0,211.22181144079715,45.23633511666018,449.0,73.2224556680965,15.419581163917538,15.0,1.5000000000000002,0.15000000000000008,80.0,3.742056811330841,0.17575445816186538
3,0.054,14,360.7642927730508,1000.0,1000.0,570.0,70.6373203935808,15.426965498966918,1310.0,223.42163003382373,48.133707854195286,371.0,61.35768381042424,13.07646691398332,14.0,1.4000000000000001,0.14000000000000007,75.0,3.4722222222222214,0.16075102880658423
4,0.054,13,360.26932296875015,2000.0,0.0,574.0,72.44282151932653,14.777869716062021,1160.0,195.57914559568553,41.65200583127027,502.0,87.14661816963033,19.066993893526597,11.0,1.0999999999999999,0.11000000000000004,81.0,3.7883531076271373,0.1778978052126198
5,0.054,5,360.29004809130925,2000.0,1000.0,578.0,67.67280614125846,12.671979027398576,1445.0,238.99202925438382,50.38983042838428,280.0,48.63337551215431,10.416129047151882,7.0,0.7,0.07,85.0,4.03106795425303,0.192901234567901
6,0.054,11,360.07116571162095,3000.0,0.0,578.0,70.17023671812625,14.152089601881556,1634.0,271.02568666416875,57.44640206775649,77.0,12.292440083792272,2.5200505228077343,19.0,1.9000000000000006,0.1900000000000001,100.0,4.667982737256773,0.21862139917695428
7,0.0,5,360.02341990949856,3000.0,1000.0,550.0,72.57809723359098,16.15210122940104,1209.0,210.75125304674654,46.15226027631887,431.0,76.89099345706194,16.78975162588445,0.0,0.0,0.0,0.0,0.0,0.0
