id,probability_maraud,successful_mating,next_foraging_time,x_pos,y_pos,foraging_events,foraging_hrs,foraging_sqhrs,staying_events,staying_hrs,staying_sqhrs,repairing_events,repairing_hrs,repairing_sqhrs,marauding_events,marauding_hrs,marauding_sqhrs,traveling_events,traveling_hrs,traveling_sqhrs
0,0.054,12,360.01500263204167,0.0,0.0,560.0,70.53259777416226,14.829157783529922,1590.0,271.02702173420977,58.32194640998425,81.0,12.301780697447564,2.480262894383109,17.0,1.7000000000000004,0.1700000000000001,99.0,4.6025098871469075,0.2143347050754454
1,0.0,7,360.2451647816092,0.0,1000.0,575.0,69.17896359400545,13.861154663766236,1358.0,229.87103485240098,49.24636108052663,375.0,60.977784482721574,12.553846470047983,0.0,0.0,0.0,0.0,0.0,0.0
2,0.054,9,360.19057859264575,1000.0,0.0,573.0,71.05387540946272,14.344096214622107,1142.0,188.64042879898648,39.01601282698853,582.0,96.08350626637966,19.905023531982632,13.0,1.3,0.13000000000000006,64.0,3.0013160705901005,0.14146090534979422
3,0.054,11,360.18831894754663,1000.0,1000.0,567.0,74.19205936354116,17.688405430196074,1430.0,238.87088188117386,50.95846471151249,250.0,42.49768587398271,9.071178447691475,8.0,0.7999999999999999,0.08000000000000002,83.0,3.88094570021973,0.1821844993141287
4,0.054,10,360.14593935461943,2000.0,0.0,566.0,71.90958981196931,15.205714152894691,1068.0,180.6031239507628,38.86478115770005,617.0,103.52668191064987,22.02998684890826,10.0,0.9999999999999999,0.10000000000000003,64.0,2.9821395167765314,0.13931755829903977
5,0.054,6,360.05131580976837,2000.0,1000.0,568.0,70.35455674027709,13.748254341838374,1279.0,212.6146176596402,44.89558451587491,441.0,72.93583756681016,15.675490357381442,12.0,1.2,0.12000000000000005,63.0,2.9741963281073733,0.14146090534979422
6,0.054,10,360.04331985074316,3000.0,0.0,565.0,67.22640328969446,13.626757126212055,1364.0,239.38399038574815,52.71026190841211,289.0,48.98983374924487,10.584818304885435,11.0,1.0999999999999999,0.11000000000000004,73.0,3.437159291070336,0.1628943758573387
7,0.054,7,360.0534655713174,3000.0,1000.0,573.0,71.92106547146837,15.587578480569649,1379.0,228.82167955959258,47.989442925136515,330.0,54.821238398866164,11.22797017777893,10.0,0.9999999999999999,0.10000000000000003,75.0,3.4913987760357905,0.1628943758573387
