id,probability_maraud,successful_mating,next_foraging_time,x_pos,y_pos,foraging_events,foraging_hrs,foraging_sqhrs,staying_events,staying_hrs,staying_sqhrs,repairing_events,repairing_hrs,repairing_sqhrs,marauding_events,marauding_hrs,marauding_sqhrs,traveling_events,traveling_hrs,traveling_sqhrs
0,0.054,10,360.2757602522583,0.0,0.0,567.0,68.07232883775359,13.628823242712585,1349.0,227.12637572337587,48.62843282266089,359.0,60.904688385065896,13.312519613055107,10.0,0.9999999999999999,0.10000000000000003,67.0,3.1593815132925585,0.150034293552812
1,0.054,8,360.6541667091801,0.0,1000.0,566.0,66.80474757223644,12.855410035115394,1335.0,228.4351165668705,49.34247517191212,367.0,61.08032375533215,13.078906037234459,8.0,0.7999999999999999,0.08000000000000002,64.0,2.9821395167765314,0.13931755829903977
2,0.054,9,359.85664839313466,1000.0,0.0,566.0,71.74974272391952,14.40594016683376,1333.0,228.9803672504748,49.40746681435374,319.0,54.872440084552316,11.94667533009529,8.0,0.7999999999999999,0.08000000000000002,78.0,3.6111111111111103,0.16718106995884757
3,0.054,12,360.21715462961635,1000.0,1000.0,553.0,69.46181453820306,15.132558205403043,1349.0,230.88201642357197,50.67478521369234,311.0,54.71992557127487,12.08635369300245,12.0,1.2,0.12000000000000005,81.0,3.826706215254276,0.18218449931412872
4,0.054,7,360.3026011446035,2000.0,0.0,566.0,73.98451455989526,17.07101270626807,1260.0,213.69111159443807,45.58460075210202,389.0,67.46468385646887,14.712485499651615,13.0,1.3,0.13000000000000006,81.0,3.8075296614407064,0.18004115226337428
5,0.054,13,360.4152933774124,2000.0,1000.0,566.0,62.49238033250492,11.423584919298749,1407.0,238.14100197616773,50.93919233401778,321.0,55.24058858650661,11.771825560606155,9.0,0.8999999999999999,0.09000000000000002,70.0,3.259917294554309,0.15217764060356645
6,0.054,5,359.86839554317464,3000.0,0.0,575.0,72.45654107627954,15.11501242771329,1542.0,258.1043745759803,54.79137486190624,145.0,24.176152454310586,5.020816214944823,16.0,1.6000000000000003,0.1600000000000001,82.0,3.8346494039234336,0.18004115226337425
7,0.0,8,360.10896012705314,3000.0,1000.0,557.0,68.36963264041914,12.802399413754594,1265.0,211.50149122580186,45.49738241381193,481.0,80.17285661494248,16.971095014428478,0.0,0.0,0.0,0.0,0.0,0.0
