id,probability_maraud,successful_mating,next_foraging_time,x_pos,y_pos,foraging_events,foraging_hrs,foraging_sqhrs,staying_events,staying_hrs,staying_sqhrs,repairing_events,repairing_hrs,repairing_sqhrs,marauding_events,marauding_hrs,marauding_sqhrs,traveling_events,traveling_hrs,traveling_sqhrs
0,0.0,6,360.1778700707044,0.0,0.0,556.0,71.13381487679968,15.142199802625807,1394.0,228.47386401994308,48.11422525073916,359.0,60.41660640218551,12.82501627227169,0.0,0.0,0.0,0.0,0.0,0.0
1,0.054,7,359.98413939966065,0.0,1000.0,558.0,74.78771439358326,16.655178269250854,1516.0,249.49587286757628,52.46070206896912,185.0,30.31819091317692,6.3283699077559366,15.0,1.5000000000000002,0.15000000000000008,85.0,3.9543617389987533,0.18432784636488314
2,0.054,14,360.35973907295795,1000.0,0.0,560.0,75.93855149232604,17.236969053158973,1352.0,230.35317764641343,49.307054697862746,305.0,49.295232644017716,10.046918972059862,10.0,0.9999999999999999,0.10000000000000003,77.0,3.564814814814814,0.16503772290809313
3,0.054,9,360.4906266718989,1000.0,1000.0,568.0,70.47335933032292,14.40815996854664,1215.0,199.4300052009679,41.70423697755224,525.0,85.6115689140695,17.8532513658279,11.0,1.0999999999999999,0.11000000000000004,74.0,3.483455587366633,0.16503772290809313
4,0.054,15,360.20816691621224,2000.0,0.0,567.0,72.32426611664474,15.702330094350033,1312.0,221.3977586989449,47.43618121269491,345.0,61.2839331741634,13.91331507755216,14.0,1.4000000000000001,0.14000000000000007,79.0,3.6957605150345447,0.17361111111111094
5,0.054,7,360.07978333307494,2000.0,1000.0,554.0,73.04957032702484,15.936026277502469,981.0,169.7872548528869,37.29161344339873,677.0,114.00111172941725,24.336315100783462,7.0,0.7,0.07,56.0,2.6501222540332994,0.1264574759945131
6,0.054,7,359.86053039683895,3000.0,0.0,560.0,73.4974184582372,16.689231424322383,1238.0,208.95808191905778,44.34949085903315,429.0,73.50529937745267,15.959449559339651,9.0,0.8999999999999999,0.09000000000000002,68.0,3.1673247019617166,0.14789094650205759
7,0.054,7,360.09482861158995,3000.0,1000.0,555.0,71.64369479823189,15.279190866320867,1337.0,228.39614650477984,49.71573637221336,313.0,54.61203420171954,11.834637632304762,21.0,2.1000000000000005,0.21000000000000013,75.0,3.4913987760357905,0.1628943758573387
