id,probability_maraud,successful_mating,next_foraging_time,x_pos,y_pos,foraging_events,foraging_hrs,foraging_sqhrs,staying_events,staying_hrs,staying_sqhrs,repairing_events,repairing_hrs,repairing_sqhrs,marauding_events,marauding_hrs,marauding_sqhrs,traveling_events,traveling_hrs,traveling_sqhrs
0,0.054,5,360.4680524920334,0.0,0.0,560.0,70.60789385082393,14.833419082443193,1186.0,206.22974040279544,45.360907186135535,468.0,79.55951980305933,17.0463886531106,6.0,0.6,0.06000000000000001,65.0,3.0284358130728277,0.14146090534979422
1,0.054,11,360.2797457411935,0.0,1000.0,558.0,74.85207765149441,18.317934482455694,1385.0,235.1035275936133,50.65433816558253,259.0,45.2253938667422,9.98424295596665,14.0,1.4000000000000001,0.14000000000000007,72.0,3.429216102401178,0.16503772290809315
2,0.054,10,360.32544672126113,1000.0,0.0,555.0,70.63027316184858,14.853500059360542,1327.0,229.13967618100392,50.57809586199995,327.0,55.15542499157318,11.664296163722987,19.0,1.9000000000000006,0.1900000000000001,70.0,3.279093848367878,0.1543209876543209
3,0.054,14,360.1852460220907,1000.0,1000.0,570.0,68.88133824179879,13.99862232265506,1250.0,207.41814783748063,43.93399718243952,463.0,79.98101075338889,17.420442279407244,10.0,0.9999999999999999,0.10000000000000003,61.0,2.8240740740740735,0.130744170096022
4,0.054,12,360.3799769979571,2000.0,0.0,568.0,73.31896602099985,15.593115995985809,1436.0,239.63097159692543,50.94611022472356,246.0,42.5808451860711,9.173860688755802,10.0,0.9999999999999999,0.10000000000000003,76.0,3.6335778413999322,0.1757544581618654
5,0.0,9,360.3566687261387,2000.0,1000.0,551.0,70.86031985165145,15.548235789267686,1204.0,207.90525789086735,45.09753987784196,478.0,81.2917429246628,17.554355429859303,0.0,0.0,0.0,0.0,0.0,0.0
6,0.054,6,360.08345894223174,3000.0,0.0,565.0,72.44954677144486,15.83462521907531,1410.0,240.4821266408818,50.90423432474966,234.0,42.31268420100378,9.728384590891705,11.0,1.0999999999999999,0.11000000000000004,79.0,3.7341136226616833,0.17789780521261983
7,0.054,5,360.3523371573777,3000.0,1000.0,565.0,74.94517207924969,16.954027577124975,1378.0,232.98054038463692,49.429865862299884,278.0,48.0273221061515,10.507717548527149,9.0,0.8999999999999999,0.09000000000000002,68.0,3.1865012557752856,0.150034293552812
