probability_maraud,successful_mating,x_pos,y_pos,foraging_hrs,staying_hrs,repairing_hrs,marauding_events,marauding_hrs,traveling_hrs,rnd_seed,directory,num_males,num_mar
0.054,12,0,0,69.8774171264031,195.8387371247404,91.57433412043484,12,1.2,1.525451271680825,0,D_pmar=0.054_dist=500_repair_6_males=6_nmar=5,6,5
0.054,5,0,500,71.22836276165849,255.39962619257287,30.412387123097087,7,0.7,2.3571174771834955,0,D_pmar=0.054_dist=500_repair_6_males=6_nmar=5,6,5
0.054,5,500,0,73.06168168892535,252.8047324801154,30.271221572816135,14,1.4,2.5198646865290812,0,D_pmar=0.054_dist=500_repair_6_males=6_nmar=5,6,5
0.054,14,500,500,70.52893328774796,243.59061141125449,42.70540214881456,10,1,2.380569917443657,0,D_pmar=0.054_dist=500_repair_6_males=6_nmar=5,6,5
0,6,1000,0,71.32826706475812,234.1282754671029,54.73586402815436,0,0,0,0,D_pmar=0.054_dist=500_repair_6_males=6_nmar=5,6,5
0.054,12,1000,500,73.11068581982303,229.57365748225948,54.941271494187454,7,0.7,1.700743887847212,0,D_pmar=0.054_dist=500_repair_6_males=6_nmar=5,6,5
0.054,9,0,0,69.93526314059852,219.4936914957977,67.73201121307893,12,1.2,1.9143167780054389,1,D_pmar=0.054_dist=500_repair_6_males=6_nmar=5,6,5
0.054,10,0,500,69.8675061238246,256.6809037610038,30.52745142365736,7,0.7,2.3342736211473607,1,D_pmar=0.054_dist=500_repair_6_males=6_nmar=5,6,5
0,7,500,0,66.37354882206985,281.55759578064357,12.146953164707616,0,0,0,1,D_pmar=0.054_dist=500_repair_6_males=6_nmar=5,6,5
0.054,11,500,500,72.44740826069658,228.38603084033232,55.35078325829511,15,1.5000000000000002,2.3445433159134725,1,D_pmar=0.054_dist=500_repair_6_males=6_nmar=5,6,5
0.054,6,1000,0,72.85618884733745,184.41877060948144,100.20021814161444,11,1.1,1.4814814814814812,1,D_pmar=0.054_dist=500_repair_6_males=6_nmar=5,6,5
0.054,11,1000,500,71.26162802100905,200.55345106920043,85.33276132254156,13,1.3,1.597222222222222,1,D_pmar=0.054_dist=500_repair_6_males=6_nmar=5,6,5
0.054,5,0,0,68.91379985378592,244.7699210957306,42.5041161669781,17,1.7000000000000004,2.328656938575154,2,D_pmar=0.054_dist=500_repair_6_males=6_nmar=5,6,5
0.054,8,0,500,73.33024499689097,223.09334179245673,60.62033619085111,12,1.2,1.8328054045012507,2,D_pmar=0.054_dist=500_repair_6_males=6_nmar=5,6,5
0,8,500,0,69.39652613733791,211.50137951715803,79.15557724465536,0,0,0,2,D_pmar=0.054_dist=500_repair_6_males=6_nmar=5,6,5
0.054,9,500,500,70.08032835662858,243.3528846416571,43.076599160690535,12,1.2,2.377127594912398,2,D_pmar=0.054_dist=500_repair_6_males=6_nmar=5,6,5
0.054,10,1000,0,69.51828980738843,238.68096083731535,48.77682537648625,11,1.1,2.0889279763125006,2,D_pmar=0.054_dist=500_repair_6_males=6_nmar=5,6,5
0.054,14,1000,500,70.72132883849373,190.9112671809543,96.31254295858618,9,0.8999999999999999,1.3730025115505728,2,D_pmar=0.054_dist=500_repair_6_males=6_nmar=5,6,5
0.054,9,0,0,66.26173203094892,276.73358443132327,12.568387441656084,18,1.8000000000000005,2.7752550464387467,3,D_pmar=0.054_dist=500_repair_6_males=6_nmar=5,6,5
0.054,9,0,500,69.82991788178279,231.99076962627143,54.7302899062815,13,1.3,2.2222222222222237,3,D_pmar=0.054_dist=500_repair_6_males=6_nmar=5,6,5
0.054,9,500,0,73.77329719207422,205.10478403489623,79.05612612186073,5,0.5,1.681190208286331,3,D_pmar=0.054_dist=500_repair_6_males=6_nmar=5,6,5
0.054,8,500,500,71.60145693198038,260.91515858114093,24.34586037807628,8,0.7999999999999999,2.4414846285879563,3,D_pmar=0.054_dist=500_repair_6_males=6_nmar=5,6,5
0.054,11,1000,0,70.86616263819553,206.48923837460197,79.2804552342834,14,1.4,2.0515605786567015,3,D_pmar=0.054_dist=500_repair_6_males=6_nmar=5,6,5
0,8,1000,500,69.23462065039215,187.3482793663405,103.48500618224584,0,0,0,3,D_pmar=0.054_dist=500_repair_6_males=6_nmar=5,6,5
0.054,11,0,0,72.22244695375042,233.72963502702123,51.2019184781112,9,0.8999999999999999,2.10018338104995,4,D_pmar=0.054_dist=500_repair_6_males=6_nmar=5,6,5
0.054,13,0,500,71.4643533890903,254.10078087724935,30.61527882581495,15,1.5000000000000002,2.3924847004473944,4,D_pmar=0.054_dist=500_repair_6_males=6_nmar=5,6,5
0.054,5,500,0,72.17815992479568,241.78165257137024,42.92158644239319,12,1.2,2.011388197142891,4,D_pmar=0.054_dist=500_repair_6_males=6_nmar=5,6,5
0.054,9,500,500,72.29406757679244,211.4715562068173,73.42134877826054,10,1,1.8749999999999996,4,D_pmar=0.054_dist=500_repair_6_males=6_nmar=5,6,5
0,5,1000,0,70.09909483987146,235.03760842028015,54.91146066971444,0,0,0,4,D_pmar=0.054_dist=500_repair_6_males=6_nmar=5,6,5
0.054,11,1000,500,70.65098010063195,216.03540671543357,70.70905038017936,8,0.7999999999999999,1.8296673740820049,4,D_pmar=0.054_dist=500_repair_6_males=6_nmar=5,6,5
0,8,0,0,71.31363255781795,221.71324594724493,67.1936654642792,0,0,0,5,D_pmar=0.054_dist=500_repair_6_males=6_nmar=5,6,5
0.054,17,0,500,69.60042422896088,226.4084181575693,61.11642900699119,13,1.3,1.6507802893283503,5,D_pmar=0.054_dist=500_repair_6_males=6_nmar=5,6,5
0.054,1,500,0,73.34332298265299,251.54157047976167,30.74377956870839,12,1.2,3.2068003408793517,5,D_pmar=0.054_dist=500_repair_6_males=6_nmar=5,6,5
0.054,4,500,500,71.14761918939269,248.02265827381245,36.9149263016342,13,1.3,2.662319289556016,5,D_pmar=0.054_dist=500_repair_6_males=6_nmar=5,6,5
0.054,8,1000,0,71.62398143823772,225.29489044171103,60.95149317384408,8,0.7999999999999999,1.3730025115505728,5,D_pmar=0.054_dist=500_repair_6_males=6_nmar=5,6,5
0.054,16,1000,500,71.30548319374755,195.7995853587901,90.25926687335156,11,1.1,1.7241963281073738,5,D_pmar=0.054_dist=500_repair_6_males=6_nmar=5,6,5
0.054,15,0,0,72.47676160460917,235.96247554005052,48.62055018772971,13,1.3,1.811527324282035,6,D_pmar=0.054_dist=500_repair_6_males=6_nmar=5,6,5
0.054,10,0,500,68.2489510680184,221.0624589743306,67.04037620867174,15,1.5000000000000002,2.30783529652396,6,D_pmar=0.054_dist=500_repair_6_males=6_nmar=5,6,5
0.054,8,500,0,72.09852945365763,188.7982127039513,97.06922471184068,9,0.8999999999999999,1.286026601530186,6,D_pmar=0.054_dist=500_repair_6_males=6_nmar=5,6,5
0,11,500,500,71.0900308884608,220.81329866412,68.25807537531078,0,0,0,6,D_pmar=0.054_dist=500_repair_6_males=6_nmar=5,6,5
0.054,6,1000,0,71.06309496393476,261.6316622450617,24.51764695649094,6,0.6,2.245370370370372,6,D_pmar=0.054_dist=500_repair_6_males=6_nmar=5,6,5
0.054,4,1000,500,71.20957637961139,266.6520005566757,18.409852914256646,11,1.1,2.771001199585193,6,D_pmar=0.054_dist=500_repair_6_males=6_nmar=5,6,5
0,4,0,0,73.81076114060582,178.68565902534533,107.63953995919428,0,0,0,7,D_pmar=0.054_dist=500_repair_6_males=6_nmar=5,6,5
0.054,9,0,500,72.08237093868418,193.81933733592467,91.68000870275417,11,1.1,1.341911174733267,7,D_pmar=0.054_dist=500_repair_6_males=6_nmar=5,6,5
0.054,11,500,0,71.27589597084261,212.7512943978491,73.34723796410604,9,0.8999999999999999,1.9182883723400177,7,D_pmar=0.054_dist=500_repair_6_males=6_nmar=5,6,5
0.054,10,500,500,71.32528872742292,247.80551068693865,36.67295776306515,11,1.1,3.1317612534557413,7,D_pmar=0.054_dist=500_repair_6_males=6_nmar=5,6,5
0.054,13,1000,0,72.95369270014324,234.4130888843872,49.03973380023243,18,1.8000000000000005,1.9517062152542763,7,D_pmar=0.054_dist=500_repair_6_males=6_nmar=5,6,5
0.054,7,1000,500,67.82199761587368,264.0347309659477,24.427824405197672,14,1.4,2.361111111111114,7,D_pmar=0.054_dist=500_repair_6_males=6_nmar=5,6,5
0.054,8,0,0,70.48440529838986,254.5281527190136,30.662113642440456,16,1.6000000000000003,2.7286764976234763,8,D_pmar=0.054_dist=500_repair_6_males=6_nmar=5,6,5
0.054,4,0,500,69.7277482755254,231.47030141543297,55.021699572464,15,1.5000000000000002,2.3774098474313727,8,D_pmar=0.054_dist=500_repair_6_males=6_nmar=5,6,5
0.054,11,500,0,71.65625771097292,241.91573920271017,42.93286942542425,15,1.5000000000000002,1.99866188981686,8,D_pmar=0.054_dist=500_repair_6_males=6_nmar=5,6,5
0.054,7,500,500,67.4463881842205,224.96247190279885,65.13295898418448,9,0.8999999999999999,1.7251599984856751,8,D_pmar=0.054_dist=500_repair_6_males=6_nmar=5,6,5
0,11,1000,0,70.73606225421935,197.00218385629873,92.36421688322348,0,0,0,8,D_pmar=0.054_dist=500_repair_6_males=6_nmar=5,6,5
0.054,13,1000,500,71.21763056268068,183.12305111596743,103.58815153418732,9,0.8999999999999999,1.273148148148148,8,D_pmar=0.054_dist=500_repair_6_males=6_nmar=5,6,5
0.054,17,0,0,70.6025704056922,247.92564757087777,38.33156010629643,11,1.1,2.2542772294178306,9,D_pmar=0.054_dist=500_repair_6_males=6_nmar=5,6,5
0.054,3,0,500,69.1058924929074,231.91142942554697,55.39331951855292,11,1.1,2.559000564029292,9,D_pmar=0.054_dist=500_repair_6_males=6_nmar=5,6,5
0,8,500,0,67.97476790538403,219.13544809790932,73.14083834462767,0,0,0,9,D_pmar=0.054_dist=500_repair_6_males=6_nmar=5,6,5
0.054,12,500,500,73.15283558554546,200.03975827806636,83.80868254699351,13,1.3,1.7361111111111107,9,D_pmar=0.054_dist=500_repair_6_males=6_nmar=5,6,5
0.054,9,1000,0,71.44424309742561,254.86084393955136,30.775820671469177,12,1.2,1.837610562751162,9,D_pmar=0.054_dist=500_repair_6_males=6_nmar=5,6,5
0.054,5,1000,500,69.915344082799,207.09316605693215,79.68755562700517,13,1.3,2.05019774293805,9,D_pmar=0.054_dist=500_repair_6_males=6_nmar=5,6,5
0.054,11,0,0,68.87760901351673,215.39960860942327,73.05055931965663,11,1.1,1.6507802893283503,100,D_pmar=0.054_dist=500_repair_6_males=6_nmar=5,6,5
0,7,0,500,71.48172432471863,196.75696561624736,91.9713773057517,0,0,0,100,D_pmar=0.054_dist=500_repair_6_males=6_nmar=5,6,5
0.054,11,500,0,71.30208438725471,242.1487688907021,42.4165714638856,21,2.1000000000000005,2.035747034953684,100,D_pmar=0.054_dist=500_repair_6_males=6_nmar=5,6,5
0.054,6,500,500,68.25708876980292,228.35148773417433,60.80818201298977,8,0.7999999999999999,1.888385685592318,100,D_pmar=0.054_dist=500_repair_6_males=6_nmar=5,6,5
0.054,11,1000,0,69.41529422431721,244.80166302368008,42.98501823857357,8,0.7999999999999999,2.0833333333333335,100,D_pmar=0.054_dist=500_repair_6_males=6_nmar=5,6,5
0.054,8,1000,500,69.79324385084296,256.58505763687623,30.524246073499953,9,0.8999999999999999,2.24400753465172,100,D_pmar=0.054_dist=500_repair_6_males=6_nmar=5,6,5
0.054,13,0,0,72.58586032321134,228.56844653942863,55.271994715004915,15,1.5000000000000002,2.092240192380792,101,D_pmar=0.054_dist=500_repair_6_males=6_nmar=5,6,5
0.054,10,0,500,73.01068609693343,181.5309407746702,102.4398633251771,15,1.5000000000000002,1.5677759736425425,101,D_pmar=0.054_dist=500_repair_6_males=6_nmar=5,6,5
0.054,10,500,0,66.289615537351,234.83548329290173,55.216367463204506,16,1.6000000000000003,2.109771657956735,101,D_pmar=0.054_dist=500_repair_6_males=6_nmar=5,6,5
0,8,500,500,71.55275033487976,186.1876217589065,102.38302682744836,0,0,0,101,D_pmar=0.054_dist=500_repair_6_males=6_nmar=5,6,5
0.054,3,1000,0,73.57322533875919,216.03116418936077,67.28353733179418,12,1.2,1.9711650215868208,101,D_pmar=0.054_dist=500_repair_6_males=6_nmar=5,6,5
0.054,10,1000,500,69.16125553010484,238.5275091708679,48.727947766881286,13,1.3,2.390687466153761,101,D_pmar=0.054_dist=500_repair_6_males=6_nmar=5,6,5
0.054,7,0,0,73.94607351343586,221.6121896224943,60.767938076874245,12,1.2,2.4926941500040956,102,D_pmar=0.054_dist=500_repair_6_males=6_nmar=5,6,5
0.054,8,0,500,65.80322385432251,266.4765151270298,24.405446607820977,11,1.1,2.2612347081156496,102,D_pmar=0.054_dist=500_repair_6_males=6_nmar=5,6,5
0.054,10,500,0,72.55418857464996,241.6752251797657,42.942117650161094,8,0.7999999999999999,2.039645795652964,102,D_pmar=0.054_dist=500_repair_6_males=6_nmar=5,6,5
0.054,14,500,500,71.49175543288591,207.17355654989404,79.32916389941985,5,0.5,1.62530563508325,102,D_pmar=0.054_dist=500_repair_6_males=6_nmar=5,6,5
0,11,1000,0,72.98455860867395,222.30207852482104,64.84440300698476,0,0,0,102,D_pmar=0.054_dist=500_repair_6_males=6_nmar=5,6,5
0.054,4,1000,500,72.06834591386956,259.65997253301435,24.480723037926506,13,1.3,2.554420385470686,102,D_pmar=0.054_dist=500_repair_6_males=6_nmar=5,6,5
0,9,0,0,72.05535407148743,233.17490146459517,54.81592205822364,0,0,0,103,D_pmar=0.054_dist=500_repair_6_males=6_nmar=5,6,5
0.054,8,0,500,70.24118563212919,248.2206170852197,37.20709759305433,12,1.2,3.1824127486193365,103,D_pmar=0.054_dist=500_repair_6_males=6_nmar=5,6,5
0.054,10,500,0,71.48847498744819,219.5275322376069,66.96792749484686,7,0.7,1.558187696735758,103,D_pmar=0.054_dist=500_repair_6_males=6_nmar=5,6,5
0.054,16,500,500,69.20032369456672,226.76324215066157,61.49275441883965,11,1.1,1.4654429580871584,103,D_pmar=0.054_dist=500_repair_6_males=6_nmar=5,6,5
0.054,5,1000,0,71.63816192435532,225.35320847781512,60.6362421702452,10,1,1.5350395485876098,103,D_pmar=0.054_dist=500_repair_6_males=6_nmar=5,6,5
0.054,6,1000,500,70.75355741089325,249.11905858043835,36.515536535278265,12,1.2,2.498709997916651,103,D_pmar=0.054_dist=500_repair_6_males=6_nmar=5,6,5
0.054,11,0,0,69.93949774612474,242.4087567551804,44.20158422208749,12,1.2,2.354356572511562,104,D_pmar=0.054_dist=500_repair_6_males=6_nmar=5,6,5
0.054,12,0,500,67.23087472455501,240.08902791277148,48.91626506670343,15,1.5000000000000002,2.320279351331016,104,D_pmar=0.054_dist=500_repair_6_males=6_nmar=5,6,5
0.054,6,500,0,69.87664011487625,206.65334096836483,79.70862887965217,19,1.9000000000000008,2.0260859244116003,104,D_pmar=0.054_dist=500_repair_6_males=6_nmar=5,6,5
0.054,5,500,500,71.66323684117353,216.57887166509192,68.84500238927542,10,1,2.0317026069838064,104,D_pmar=0.054_dist=500_repair_6_males=6_nmar=5,6,5
0,11,1000,0,73.86207139543255,200.88616320145871,85.34503966025372,0,0,0,104,D_pmar=0.054_dist=500_repair_6_males=6_nmar=5,6,5
0.054,9,1000,500,71.51622783914738,243.26587870458695,43.043465945263584,6,0.6,1.7291315928202535,104,D_pmar=0.054_dist=500_repair_6_males=6_nmar=5,6,5
0.054,8,0,0,70.24529587348377,242.21754979116776,42.78096837994113,20,2.0000000000000004,2.838879868212718,105,D_pmar=0.054_dist=500_repair_6_males=6_nmar=5,6,5
0.054,12,0,500,71.41988767230073,188.4654526887186,97.54338960875096,11,1.1,1.4978750910300778,105,D_pmar=0.054_dist=500_repair_6_males=6_nmar=5,6,5
0.054,10,500,0,70.0893072980489,232.56880705167697,55.17318026265369,8,0.7999999999999999,1.5509259259259256,105,D_pmar=0.054_dist=500_repair_6_males=6_nmar=5,6,5
0.054,8,500,500,70.96748420648578,231.3171030783007,54.644723187809305,14,1.4,1.7698112065443443,105,D_pmar=0.054_dist=500_repair_6_males=6_nmar=5,6,5
0.054,6,1000,0,70.00185145309855,245.090040399938,42.37822001193027,8,0.7999999999999999,1.7878499043305671,105,D_pmar=0.054_dist=500_repair_6_males=6_nmar=5,6,5
0,10,1000,500,71.21048816595793,215.73090120988223,73.1903205356341,0,0,0,105,D_pmar=0.054_dist=500_repair_6_males=6_nmar=5,6,5
0.054,11,0,0,70.10361360797887,239.80299727814153,47.30569119482309,12,1.2,1.7155717215788904,106,D_pmar=0.054_dist=500_repair_6_males=6_nmar=5,6,5
0,8,0,500,70.6583185926144,222.57820916476453,66.84048035358313,0,0,0,106,D_pmar=0.054_dist=500_repair_6_males=6_nmar=5,6,5
0.054,7,500,0,72.6111522931614,199.2492622674898,85.40675091519925,12,1.2,1.7129629629629626,106,D_pmar=0.054_dist=500_repair_6_males=6_nmar=5,6,5
0.054,9,500,500,70.76877129743839,237.39051870246564,49.2038002696917,9,0.8999999999999999,1.894531639967843,106,D_pmar=0.054_dist=500_repair_6_males=6_nmar=5,6,5
0.054,8,1000,0,71.0382828152006,212.3033277365803,73.64625278616971,14,1.4,1.8518298122588133,106,D_pmar=0.054_dist=500_repair_6_males=6_nmar=5,6,5
0.054,11,1000,500,68.9248412849717,245.39593251271535,42.66709865141475,13,1.3,1.822405603272172,106,D_pmar=0.054_dist=500_repair_6_males=6_nmar=5,6,5
0,10,0,0,72.29061925250434,189.7313354957894,98.13756855382526,0,0,0,107,D_pmar=0.054_dist=500_repair_6_males=6_nmar=5,6,5
0.054,7,0,500,70.84973498519518,242.87422804724548,42.62896038526864,19,1.9000000000000008,1.9036126846643464,107,D_pmar=0.054_dist=500_repair_6_males=6_nmar=5,6,5
0.054,7,500,0,71.22065195638687,243.1927465589423,42.48520517105419,13,1.3,1.894458806332544,107,D_pmar=0.054_dist=500_repair_6_males=6_nmar=5,6,5
0.054,14,500,500,72.33510728786062,235.09673954513892,48.928514735081215,14,1.4,2.272315927204054,107,D_pmar=0.054_dist=500_repair_6_males=6_nmar=5,6,5
0.054,8,1000,0,68.10071349312616,221.507643050576,67.21309622223006,13,1.3,1.921578548815271,107,D_pmar=0.054_dist=500_repair_6_males=6_nmar=5,6,5
0.054,8,1000,500,70.7745840901129,188.30839307095872,98.66013776082436,8,0.7999999999999999,1.5694210618801694,107,D_pmar=0.054_dist=500_repair_6_males=6_nmar=5,6,5
0.054,14,0,0,69.62758406926606,243.79807230742225,42.98667603509313,16,1.6000000000000003,2.0796439915177296,108,D_pmar=0.054_dist=500_repair_6_males=6_nmar=5,6,5
0,5,0,500,71.91716380110056,245.7846273408652,42.367253048985184,0,0,0,108,D_pmar=0.054_dist=500_repair_6_males=6_nmar=5,6,5
0.054,9,500,0,71.15459041805555,224.74012370788483,61.14606342512765,10,1,2.1242951995764,108,D_pmar=0.054_dist=500_repair_6_males=6_nmar=5,6,5
0.054,9,500,500,68.83534003486014,223.4561397914886,64.57693025705008,14,1.4,1.8607587108993104,108,D_pmar=0.054_dist=500_repair_6_males=6_nmar=5,6,5
0.054,8,1000,0,67.31577148309748,216.88497984533035,73.23733124767635,9,0.8999999999999999,1.888842123760338,108,D_pmar=0.054_dist=500_repair_6_males=6_nmar=5,6,5
0.054,9,1000,500,71.16886417797558,187.9036684485287,97.78868639965933,14,1.4,1.7988010169560036,108,D_pmar=0.054_dist=500_repair_6_males=6_nmar=5,6,5
0.054,15,0,0,69.25051580342523,208.8658461502393,79.34331486062752,8,0.7999999999999999,1.7433728819209429,109,D_pmar=0.054_dist=500_repair_6_males=6_nmar=5,6,5
0.054,7,0,500,71.18659256312489,243.71076339284977,42.42376098503873,10,1,1.9452559687667383,109,D_pmar=0.054_dist=500_repair_6_males=6_nmar=5,6,5
0.054,11,500,0,68.54069800864367,215.76377872647527,73.00526823018302,12,1.2,1.5277777777777777,109,D_pmar=0.054_dist=500_repair_6_males=6_nmar=5,6,5
0.054,7,500,500,70.29936466971758,234.84378060301387,51.87108201881213,11,1.1,2.044653894001143,109,D_pmar=0.054_dist=500_repair_6_males=6_nmar=5,6,5
0.054,6,1000,0,70.0637124394216,260.6966196685001,24.439361181876254,18,1.8000000000000005,3.131463440129137,109,D_pmar=0.054_dist=500_repair_6_males=6_nmar=5,6,5
0,8,1000,500,69.46167810888673,210.38477612296495,80.20360974355897,0,0,0,109,D_pmar=0.054_dist=500_repair_6_males=6_nmar=5,6,5
0.054,6,0,0,69.05092833246776,225.71827162507344,61.161222424908566,21,2.1000000000000005,1.994233857314261,10,D_pmar=0.054_dist=500_repair_6_males=6_nmar=5,6,5
0,13,0,500,71.33396566453655,178.74099949130763,109.9674810932312,0,0,0,10,D_pmar=0.054_dist=500_repair_6_males=6_nmar=5,6,5
0.054,11,500,0,72.4769946034303,241.168977814932,42.51371594520508,16,1.6000000000000003,2.4746554522178705,10,D_pmar=0.054_dist=500_repair_6_males=6_nmar=5,6,5
0.054,5,500,500,73.00150331182783,252.67879392148004,30.568407406895087,14,1.4,2.377939119234692,10,D_pmar=0.054_dist=500_repair_6_males=6_nmar=5,6,5
0.054,11,1000,0,70.25696231799941,171.9319708689639,115.97794559071572,6,0.6,1.317117938347492,10,D_pmar=0.054_dist=500_repair_6_males=6_nmar=5,6,5
0.054,8,1000,500,71.91346769655968,240.70521758863953,44.470853051994744,10,1,2.1315569703862316,10,D_pmar=0.054_dist=500_repair_6_males=6_nmar=5,6,5
0.054,9,0,0,68.50309101615652,220.79126368517277,67.1691186357664,19,1.9000000000000008,1.783371077785708,110,D_pmar=0.054_dist=500_repair_6_males=6_nmar=5,6,5
0,3,0,500,70.17890957129538,228.31528032804343,61.50651643573969,0,0,0,110,D_pmar=0.054_dist=500_repair_6_males=6_nmar=5,6,5
0.054,12,500,0,67.7617199267179,227.78707480982104,61.4921056919793,10,1,1.98047104597463,110,D_pmar=0.054_dist=500_repair_6_males=6_nmar=5,6,5
0.054,14,500,500,71.25579696635931,250.13743656850284,36.45328901575052,5,0.5,1.7337846050141583,110,D_pmar=0.054_dist=500_repair_6_males=6_nmar=5,6,5
0.054,11,1000,0,69.3829949024187,238.00265131024224,49.06788556992783,15,1.5000000000000002,2.0882685980462137,110,D_pmar=0.054_dist=500_repair_6_males=6_nmar=5,6,5
0.054,5,1000,500,72.8374701330391,218.01073331439048,67.19843154473374,7,0.7,1.4461142582175823,110,D_pmar=0.054_dist=500_repair_6_males=6_nmar=5,6,5
0.054,9,0,0,74.25254646799299,215.66352699031847,67.18468529221855,12,1.2,1.722529200276709,111,D_pmar=0.054_dist=500_repair_6_males=6_nmar=5,6,5
0,5,0,500,69.14691779450064,217.44219198313417,73.5591393779883,0,0,0,111,D_pmar=0.054_dist=500_repair_6_males=6_nmar=5,6,5
0.054,8,500,0,70.0410738410453,273.51623652924354,12.188317581668771,16,1.6000000000000003,2.715471712536386,111,D_pmar=0.054_dist=500_repair_6_males=6_nmar=5,6,5
0.054,11,500,500,67.94841863989859,233.45093705845804,54.789652538782875,15,1.5000000000000002,2.5091097991457296,111,D_pmar=0.054_dist=500_repair_6_males=6_nmar=5,6,5
0.054,12,1000,0,68.2775310188542,209.9694613380114,78.6609799446973,13,1.3,1.810490820268435,111,D_pmar=0.054_dist=500_repair_6_males=6_nmar=5,6,5
0.054,9,1000,500,69.22564060287209,190.3905556406185,98.01072563368552,7,0.7,1.735429693251785,111,D_pmar=0.054_dist=500_repair_6_males=6_nmar=5,6,5
0.054,9,0,0,66.81692117965771,265.4040123493519,24.198043020563105,10,1,2.628220028782432,112,D_pmar=0.054_dist=500_repair_6_males=6_nmar=5,6,5
0.054,7,0,500,73.20173479522785,168.43041067034036,116.22645595073814,7,0.7,1.47518338104995,112,D_pmar=0.054_dist=500_repair_6_males=6_nmar=5,6,5
0,9,500,0,71.91955231314888,222.8271597552882,65.65800466935276,0,0,0,112,D_pmar=0.054_dist=500_repair_6_males=6_nmar=5,6,5
0.054,5,500,500,74.15742179018689,245.66387223041917,36.68582562063489,15,1.5000000000000002,2.078883261237696,112,D_pmar=0.054_dist=500_repair_6_males=6_nmar=5,6,5
0.054,9,1000,0,67.48770006790484,252.38763115863043,36.62420723351448,13,1.3,2.2407173581764672,112,D_pmar=0.054_dist=500_repair_6_males=6_nmar=5,6,5
0.054,15,1000,500,72.0297102886571,242.7097739966671,42.88292499479313,9,0.8999999999999999,1.6666666666666663,112,D_pmar=0.054_dist=500_repair_6_males=6_nmar=5,6,5
0.054,13,0,0,69.36573062285733,237.96995046336752,48.92643590942404,14,1.4,2.392332554391388,113,D_pmar=0.054_dist=500_repair_6_males=6_nmar=5,6,5
0.054,10,0,500,72.372957407218,259.76280412255556,24.41577321861441,10,1,2.5687630265851227,113,D_pmar=0.054_dist=500_repair_6_males=6_nmar=5,6,5
0.054,8,500,0,69.5323822575764,204.33500678762417,84.06316232392972,8,0.7999999999999999,1.4574997694180007,113,D_pmar=0.054_dist=500_repair_6_males=6_nmar=5,6,5
0.054,11,500,500,73.1793555576794,258.8870497197859,24.33144827230382,11,1.1,2.503420282938225,113,D_pmar=0.054_dist=500_repair_6_males=6_nmar=5,6,5
0.054,7,1000,0,69.64138742997334,197.5309351835751,89.77257741947773,13,1.3,1.808845732030808,113,D_pmar=0.054_dist=500_repair_6_males=6_nmar=5,6,5
0,5,1000,500,68.93373100546494,224.31463695987145,66.8749406922982,0,0,0,113,D_pmar=0.054_dist=500_repair_6_males=6_nmar=5,6,5
0.054,13,0,0,66.7950712667885,205.32183434937912,85.32471102489544,10,1,1.585307439218485,114,D_pmar=0.054_dist=500_repair_6_males=6_nmar=5,6,5
0.054,8,0,500,73.50460591891115,221.80380876292284,62.00956418923901,9,0.8999999999999999,1.9603087821897216,114,D_pmar=0.054_dist=500_repair_6_males=6_nmar=5,6,5
0.054,11,500,0,72.63769243133568,205.2742714904095,79.38316659377291,12,1.2,1.5677759736425425,114,D_pmar=0.054_dist=500_repair_6_males=6_nmar=5,6,5
0.054,10,500,500,72.11880393842814,234.48342645696303,48.97983342349775,20,2.0000000000000004,2.600665887724723,114,D_pmar=0.054_dist=500_repair_6_males=6_nmar=5,6,5
0,3,1000,0,71.5214074660774,240.06999559446083,48.77942869742399,0,0,0,114,D_pmar=0.054_dist=500_repair_6_males=6_nmar=5,6,5
0.054,9,1000,500,73.75227919074163,219.8908949438913,63.02736045110732,14,1.4,1.9837612224498833,114,D_pmar=0.054_dist=500_repair_6_males=6_nmar=5,6,5
0.054,14,0,0,68.91890356486101,263.3261445236537,24.26164806848744,11,1.1,2.4291927198369065,115,D_pmar=0.054_dist=500_repair_6_males=6_nmar=5,6,5
0.054,3,0,500,71.58777924506785,248.22142680964544,36.50455347382027,13,1.3,2.4515073040697226,115,D_pmar=0.054_dist=500_repair_6_males=6_nmar=5,6,5
0,10,500,0,70.765372091017,193.8206985681866,95.48066637656136,0,0,0,115,D_pmar=0.054_dist=500_repair_6_males=6_nmar=5,6,5
0.054,9,500,500,69.72390342096696,240.51946442249957,47.60044771955002,6,0.6,1.6620136544727615,115,D_pmar=0.054_dist=500_repair_6_males=6_nmar=5,6,5
0.054,6,1000,0,72.80150210623727,246.8412756305757,36.69327276080568,12,1.2,2.4657485931704115,115,D_pmar=0.054_dist=500_repair_6_males=6_nmar=5,6,5
0.054,12,1000,500,73.7234814174302,192.00019253709863,91.71572475251476,13,1.3,1.296296296296296,115,D_pmar=0.054_dist=500_repair_6_males=6_nmar=5,6,5
0.054,10,0,0,69.88013452906738,237.51641000682952,49.02286335476326,13,1.3,2.3422168098165193,116,D_pmar=0.054_dist=500_repair_6_males=6_nmar=5,6,5
0.054,10,0,500,71.33262130144384,176.3147878983587,110.03634362739396,11,1.1,1.2380852169962628,116,D_pmar=0.054_dist=500_repair_6_males=6_nmar=5,6,5
0.054,7,500,0,71.46907394541195,225.97647711494855,58.84640539659196,16,1.6000000000000003,2.1140983384455874,116,D_pmar=0.054_dist=500_repair_6_males=6_nmar=5,6,5
0.054,6,500,500,72.0767130132863,260.49845777663285,24.23566982992543,12,1.2,2.0302824984374856,116,D_pmar=0.054_dist=500_repair_6_males=6_nmar=5,6,5
0,11,1000,0,70.77857956657449,214.44572432072135,74.83281401633573,0,0,0,116,D_pmar=0.054_dist=500_repair_6_males=6_nmar=5,6,5
0.054,10,1000,500,72.36184589187663,223.21197952833455,61.059522861796246,11,1.1,2.340571721578892,116,D_pmar=0.054_dist=500_repair_6_males=6_nmar=5,6,5
0.054,6,0,0,70.96163715526464,231.48539023236543,55.0298741583362,5,0.5,2.224830980838151,117,D_pmar=0.054_dist=500_repair_6_males=6_nmar=5,6,5
0,7,0,500,71.38223892630889,215.27438420995145,73.43316094186963,0,0,0,117,D_pmar=0.054_dist=500_repair_6_males=6_nmar=5,6,5
0.054,7,500,0,71.10174964903204,237.2325579007133,48.88640712078675,9,0.8999999999999999,1.9044242089866408,117,D_pmar=0.054_dist=500_repair_6_males=6_nmar=5,6,5
0.054,10,500,500,70.07600774091718,231.16824555192613,54.911083389708075,16,1.6000000000000003,2.3673871719496065,117,D_pmar=0.054_dist=500_repair_6_males=6_nmar=5,6,5
0.054,12,1000,0,71.34919754194188,242.02960253404592,42.60067546489175,20,2.0000000000000004,2.150451271680826,117,D_pmar=0.054_dist=500_repair_6_males=6_nmar=5,6,5
0.054,12,1000,500,71.38545900535586,213.34482588678452,72.73254971791364,7,0.7,1.8606065648433032,117,D_pmar=0.054_dist=500_repair_6_males=6_nmar=5,6,5
0.054,11,0,0,66.25797086965656,266.2072560332272,24.50441841543121,8,0.7999999999999999,2.302066467895747,118,D_pmar=0.054_dist=500_repair_6_males=6_nmar=5,6,5
0,11,0,500,66.9099669644104,195.48064778228795,97.71747902377771,0,0,0,118,D_pmar=0.054_dist=500_repair_6_males=6_nmar=5,6,5
0.054,9,500,0,68.90181162674813,256.9950717618424,30.35583374486994,15,1.5000000000000002,2.272315927204054,118,D_pmar=0.054_dist=500_repair_6_males=6_nmar=5,6,5
0.054,8,500,500,68.86573254140987,215.5396109557151,73.17938363978956,8,0.7999999999999999,1.7529611588277274,118,D_pmar=0.054_dist=500_repair_6_males=6_nmar=5,6,5
0.054,8,1000,0,70.62361269182406,242.33977337877087,43.377432223068375,15,1.5000000000000002,2.322358838143624,118,D_pmar=0.054_dist=500_repair_6_males=6_nmar=5,6,5
0.054,7,1000,500,71.85838873792085,230.74799000375756,54.80398252161829,8,0.7999999999999999,1.8759636703783007,118,D_pmar=0.054_dist=500_repair_6_males=6_nmar=5,6,5
0,13,0,0,69.74186284843545,253.6198155055735,36.7400976788387,0,0,0,119,D_pmar=0.054_dist=500_repair_6_males=6_nmar=5,6,5
0.054,14,0,500,67.84925806862232,227.7769342554222,61.04643996372715,13,1.3,2.048270402181448,119,D_pmar=0.054_dist=500_repair_6_males=6_nmar=5,6,5
0.054,11,500,0,71.14476162227753,243.14789718092405,42.74403835563109,11,1.1,1.9149981958647648,119,D_pmar=0.054_dist=500_repair_6_males=6_nmar=5,6,5
0.054,3,500,500,69.36941542678801,202.65860967821175,85.2772240656034,9,0.8999999999999999,1.8035113019775784,119,D_pmar=0.054_dist=500_repair_6_males=6_nmar=5,6,5
0.054,8,1000,0,72.3816315385893,235.75685053759176,48.894430443101825,10,1,2.108938094041403,119,D_pmar=0.054_dist=500_repair_6_males=6_nmar=5,6,5
0.054,5,1000,500,75.50614160955342,225.98385578972255,55.17399602296821,12,1.2,2.25629944340277,119,D_pmar=0.054_dist=500_repair_6_males=6_nmar=5,6,5
0.054,9,0,0,72.84193657173579,228.96809824807377,54.76937859922137,14,1.4,2.222200182629185,11,D_pmar=0.054_dist=500_repair_6_males=6_nmar=5,6,5
0,7,0,500,69.30079163991289,242.40894218603793,48.365873084061136,0,0,0,11,D_pmar=0.054_dist=500_repair_6_males=6_nmar=5,6,5
0.054,6,500,0,70.10334958171875,184.9263491295012,102.6838754845164,12,1.2,1.2189086631826935,11,D_pmar=0.054_dist=500_repair_6_males=6_nmar=5,6,5
0.054,5,500,500,68.95068430750706,232.74048300693968,55.331015831169,12,1.2,1.9907407407407405,11,D_pmar=0.054_dist=500_repair_6_males=6_nmar=5,6,5
0.054,9,1000,0,72.18337367208156,212.3205833960552,72.8828995750519,11,1.1,1.6258349068865687,11,D_pmar=0.054_dist=500_repair_6_males=6_nmar=5,6,5
0.054,18,1000,500,70.3729553588479,243.7848314551588,42.48621875718219,13,1.3,2.3574217692955095,11,D_pmar=0.054_dist=500_repair_6_males=6_nmar=5,6,5
0.054,6,0,0,73.85308343593942,211.2960600679087,73.08353741531782,4,0.4,1.5948957161252697,120,D_pmar=0.054_dist=500_repair_6_males=6_nmar=5,6,5
0.054,12,0,500,68.55152521261189,215.13300187057652,73.21723369576547,15,1.5000000000000002,1.5988673104598483,120,D_pmar=0.054_dist=500_repair_6_males=6_nmar=5,6,5
0.054,7,500,0,72.60646531045445,234.28236794090705,49.28516266433098,15,1.5000000000000002,2.4594504927388807,120,D_pmar=0.054_dist=500_repair_6_males=6_nmar=5,6,5
0.054,8,500,500,67.97491047184637,214.77545701699245,73.5352375361209,15,1.5000000000000002,2.267662915010149,120,D_pmar=0.054_dist=500_repair_6_males=6_nmar=5,6,5
0.054,12,1000,0,68.97428685168478,261.5830743602074,26.36459306418083,11,1.1,2.1484798517381485,120,D_pmar=0.054_dist=500_repair_6_males=6_nmar=5,6,5
0,9,1000,500,68.6197547065749,224.09000374935533,67.39807909796237,0,0,0,120,D_pmar=0.054_dist=500_repair_6_males=6_nmar=5,6,5
0,9,0,0,70.50446864194961,173.29978793547636,116.22506921936242,0,0,0,121,D_pmar=0.054_dist=500_repair_6_males=6_nmar=5,6,5
0.054,11,0,500,71.19755211080668,207.00717789502292,79.40902481402058,10,1,1.5023031235326771,121,D_pmar=0.054_dist=500_repair_6_males=6_nmar=5,6,5
0.054,7,500,0,70.83733775684969,248.23177667988935,37.637362850597725,12,1.2,2.289470267032684,121,D_pmar=0.054_dist=500_repair_6_males=6_nmar=5,6,5
0.054,9,500,500,65.50331865530055,254.01459960195652,36.69602138797913,16,1.6000000000000003,2.25629944340277,121,D_pmar=0.054_dist=500_repair_6_males=6_nmar=5,6,5
0.054,10,1000,0,72.1614118696012,199.9803006367915,85.79660082324487,8,0.7999999999999999,1.3786191941227786,121,D_pmar=0.054_dist=500_repair_6_males=6_nmar=5,6,5
0.054,8,1000,500,70.22190848273102,266.6693730233996,18.16872358039937,16,1.6000000000000003,3.3832020586238665,121,D_pmar=0.054_dist=500_repair_6_males=6_nmar=5,6,5
0.054,12,0,0,69.72002905395026,221.39988291263384,66.44837168257666,9,0.8999999999999999,1.5925692100283173,122,D_pmar=0.054_dist=500_repair_6_males=6_nmar=5,6,5
0.054,8,0,500,73.66394512751852,202.6157986654342,80.4309947720135,17,1.7000000000000004,1.7929593546924925,122,D_pmar=0.054_dist=500_repair_6_males=6_nmar=5,6,5
0,14,500,0,66.5113778381867,238.8980388049831,54.61578056017675,0,0,0,122,D_pmar=0.054_dist=500_repair_6_males=6_nmar=5,6,5
0.054,8,500,500,69.99952532708319,250.46788594813995,36.71892506587115,11,1.1,1.7602229296375598,122,D_pmar=0.054_dist=500_repair_6_males=6_nmar=5,6,5
0.054,6,1000,0,69.76134674738726,201.7208917820597,85.6892067867577,10,1,1.8839068590474584,122,D_pmar=0.054_dist=500_repair_6_males=6_nmar=5,6,5
0.054,6,1000,500,73.69309217977391,239.42068159929025,43.32549889962577,14,1.4,2.407385367814371,122,D_pmar=0.054_dist=500_repair_6_males=6_nmar=5,6,5
0.054,8,0,0,70.13128137029923,223.4198437631784,63.27827980038761,10,1,2.3438618980541452,123,D_pmar=0.054_dist=500_repair_6_males=6_nmar=5,6,5
0,9,0,500,67.48027888607287,262.25558219929326,30.31810384094766,0,0,0,123,D_pmar=0.054_dist=500_repair_6_males=6_nmar=5,6,5
0.054,12,500,0,72.64230437165288,222.80644220504416,61.41018389077197,16,1.6000000000000003,1.691459903052441,123,D_pmar=0.054_dist=500_repair_6_males=6_nmar=5,6,5
0.054,4,500,500,69.75975478799637,243.5598967781212,43.00414971857502,14,1.4,2.384259259259262,123,D_pmar=0.054_dist=500_repair_6_males=6_nmar=5,6,5
0.054,7,1000,0,68.67722093376969,233.31987192120303,55.27748175364348,12,1.2,1.566638117615197,123,D_pmar=0.054_dist=500_repair_6_males=6_nmar=5,6,5
0.054,14,1000,500,66.96992785121952,181.25200777712243,109.66425572614202,8,0.7999999999999999,1.4735382928123233,123,D_pmar=0.054_dist=500_repair_6_males=6_nmar=5,6,5
0,8,0,0,70.61434394913285,200.91571943721024,88.46995391320532,0,0,0,124,D_pmar=0.054_dist=500_repair_6_males=6_nmar=5,6,5
0.054,6,0,500,71.98410772363027,229.66172885745704,54.98904725145936,14,1.4,2.0322318787871256,124,D_pmar=0.054_dist=500_repair_6_males=6_nmar=5,6,5
0.054,10,500,0,70.78142824050073,273.7518352098524,12.299356785090964,13,1.3,2.115388340528941,124,D_pmar=0.054_dist=500_repair_6_males=6_nmar=5,6,5
0.054,8,500,500,69.31577508810737,197.3780318151074,91.11266081594272,8,0.7999999999999999,1.4655951041431654,124,D_pmar=0.054_dist=500_repair_6_males=6_nmar=5,6,5
0.054,14,1000,0,71.45032807621229,212.92769259542644,73.58131839874638,6,0.6,1.6028389047944276,124,D_pmar=0.054_dist=500_repair_6_males=6_nmar=5,6,5
0.054,8,1000,500,66.65084546316187,270.18797099391804,18.499674914035506,15,1.5000000000000002,3.3007049751483386,124,D_pmar=0.054_dist=500_repair_6_males=6_nmar=5,6,5
0.054,4,0,0,74.74321484998127,257.4985557981913,24.67419678487548,7,0.7,2.3965070888242344,125,D_pmar=0.054_dist=500_repair_6_males=6_nmar=5,6,5
0.054,6,0,500,69.89697329833436,255.07101960189,30.316430317624206,19,1.9000000000000008,2.8575999838582673,125,D_pmar=0.054_dist=500_repair_6_males=6_nmar=5,6,5
0.054,15,500,0,70.7073780167111,236.5527623759607,49.03364576137199,15,1.5000000000000002,2.3405717215788924,125,D_pmar=0.054_dist=500_repair_6_males=6_nmar=5,6,5
0,6,500,500,70.57300545582164,184.9397941054281,104.5099965238869,0,0,0,125,D_pmar=0.054_dist=500_repair_6_males=6_nmar=5,6,5
0.054,15,1000,0,69.82940695943466,256.46849525339974,30.771533235184812,7,0.7,2.6408162296454947,125,D_pmar=0.054_dist=500_repair_6_males=6_nmar=5,6,5
0.054,8,1000,500,70.80410018535792,170.74480542509178,116.17952779130194,10,1,1.273148148148148,125,D_pmar=0.054_dist=500_repair_6_males=6_nmar=5,6,5
0.054,5,0,0,71.99887201988082,260.6967078545323,24.273063069557622,10,1,2.185796455351686,126,D_pmar=0.054_dist=500_repair_6_males=6_nmar=5,6,5
0.054,10,0,500,70.71494886918778,219.7011796108028,67.38006843273595,8,0.7999999999999999,1.5948957161252697,126,D_pmar=0.054_dist=500_repair_6_males=6_nmar=5,6,5
0.054,7,500,0,72.69462767988205,205.78342243701675,78.94793575224001,11,1.1,1.5673195354745222,126,D_pmar=0.054_dist=500_repair_6_males=6_nmar=5,6,5
0,10,500,500,72.81756062932499,201.93578755165345,85.45797237019185,0,0,0,126,D_pmar=0.054_dist=500_repair_6_males=6_nmar=5,6,5
0.054,12,1000,0,71.26509966353743,248.3331074620777,36.78571366316837,15,1.5000000000000002,2.2256425051604447,126,D_pmar=0.054_dist=500_repair_6_males=6_nmar=5,6,5
0.054,10,1000,500,66.62555736334477,253.90694017234767,36.47153430628713,10,1,2.1385364886770892,126,D_pmar=0.054_dist=500_repair_6_males=6_nmar=5,6,5
0.054,10,0,0,72.21798687425587,208.20002569047463,76.78255227074509,10,1,1.8149696468132948,127,D_pmar=0.054_dist=500_repair_6_males=6_nmar=5,6,5
0.054,9,0,500,72.91055113923129,253.70657778397032,30.494882458181497,12,1.2,1.8048741376962292,127,D_pmar=0.054_dist=500_repair_6_males=6_nmar=5,6,5
0.054,5,500,0,69.80567653459967,220.85415558936697,66.90468847975363,9,0.8999999999999999,1.7003667620999,127,D_pmar=0.054_dist=500_repair_6_males=6_nmar=5,6,5
0.054,8,500,500,70.5191316412252,231.67302612032336,54.84118349648335,12,1.2,1.8551420283271045,127,D_pmar=0.054_dist=500_repair_6_males=6_nmar=5,6,5
0,12,1000,0,70.73811097163215,271.3547508139727,18.2459746367419,0,0,0,127,D_pmar=0.054_dist=500_repair_6_males=6_nmar=5,6,5
0.054,10,1000,500,73.1741814964282,223.85086254241685,61.01572023844392,8,0.7999999999999999,1.1805555555555554,127,D_pmar=0.054_dist=500_repair_6_males=6_nmar=5,6,5
0.054,8,0,0,71.19098616193729,230.33107732309185,54.77167616980046,13,1.3,2.421930949027074,128,D_pmar=0.054_dist=500_repair_6_males=6_nmar=5,6,5
0.054,4,0,500,70.36811038138912,266.1468841552721,20.50210173064772,8,0.7999999999999999,2.246029748636659,128,D_pmar=0.054_dist=500_repair_6_males=6_nmar=5,6,5
0,9,500,0,70.99588491266316,234.4717984171598,54.58829627574218,0,0,0,128,D_pmar=0.054_dist=500_repair_6_males=6_nmar=5,6,5
0.054,15,500,500,67.7273298066662,216.22304424916643,72.66326603155224,16,1.6000000000000003,1.98047104597463,128,D_pmar=0.054_dist=500_repair_6_males=6_nmar=5,6,5
0.054,10,1000,0,71.90587432201428,206.35879304854,79.53784116261295,6,0.6,1.7641945239721388,128,D_pmar=0.054_dist=500_repair_6_males=6_nmar=5,6,5
0.054,8,1000,500,70.4544259206644,241.1056203132207,45.16748173854471,12,1.2,2.106988713691763,128,D_pmar=0.054_dist=500_repair_6_males=6_nmar=5,6,5
0.054,8,0,0,68.07953757008326,221.1905886242,67.39018733141066,15,1.5000000000000002,2.04331309787553,129,D_pmar=0.054_dist=500_repair_6_males=6_nmar=5,6,5
0.054,5,0,500,67.70280113075492,226.30301263064752,62.664350884189346,13,1.3,2.1645183751324706,129,D_pmar=0.054_dist=500_repair_6_males=6_nmar=5,6,5
0.054,7,500,0,65.37111465617087,242.3679757078969,48.70618102228286,16,1.6000000000000003,2.049915490419075,129,D_pmar=0.054_dist=500_repair_6_males=6_nmar=5,6,5
0.054,7,500,500,70.38505997922434,262.3013958387848,24.370292358446715,9,0.8999999999999999,2.285346526642098,129,D_pmar=0.054_dist=500_repair_6_males=6_nmar=5,6,5
0,15,1000,0,71.88894857523152,184.55963693280253,103.89172111998232,0,0,0,129,D_pmar=0.054_dist=500_repair_6_males=6_nmar=5,6,5
0.054,12,1000,500,70.81071695241108,219.4317549110285,67.03412607062576,9,0.8999999999999999,1.883906859047458,129,D_pmar=0.054_dist=500_repair_6_males=6_nmar=5,6,5
0.054,11,0,0,72.29539547402243,228.8824696361692,54.852087444605786,16,1.6000000000000003,2.433671546381767,12,D_pmar=0.054_dist=500_repair_6_males=6_nmar=5,6,5
0.054,15,0,500,70.46509532886407,202.01938035907085,83.89779092227279,20,2.0000000000000004,1.6795451200487044,12,D_pmar=0.054_dist=500_repair_6_males=6_nmar=5,6,5
0.054,10,500,0,71.33508253104324,200.85604697236784,85.67350703636164,7,0.7,1.6468086949937717,12,D_pmar=0.054_dist=500_repair_6_males=6_nmar=5,6,5
0.054,7,500,500,72.09455637514237,235.58780223688623,48.95773261831247,15,1.5000000000000002,1.9103451836708596,12,D_pmar=0.054_dist=500_repair_6_males=6_nmar=5,6,5
0,3,1000,0,68.9662617013827,236.3006872979928,54.818711903474,0,0,0,12,D_pmar=0.054_dist=500_repair_6_males=6_nmar=5,6,5
0.054,8,1000,500,70.43542493807914,226.39450260838672,61.1459647826132,6,0.6,1.6544475915509158,12,D_pmar=0.054_dist=500_repair_6_males=6_nmar=5,6,5
0,13,0,0,68.7886773771283,215.9192506537391,75.4047265151653,0,0,0,130,D_pmar=0.054_dist=500_repair_6_males=6_nmar=5,6,5
0.054,5,0,500,73.09430587731934,223.01419869928284,60.860918111904105,11,1.1,2.0762016689864695,130,D_pmar=0.054_dist=500_repair_6_males=6_nmar=5,6,5
0.054,8,500,0,70.44633396399551,231.30541632029977,54.87966917952083,16,1.6000000000000003,1.8471988396579464,130,D_pmar=0.054_dist=500_repair_6_males=6_nmar=5,6,5
0.054,9,500,500,69.82178972973219,261.7386234054096,24.545806601078635,18,1.8000000000000005,2.2556180255434444,130,D_pmar=0.054_dist=500_repair_6_males=6_nmar=5,6,5
0.054,9,1000,0,71.75077834973065,172.2783455601047,113.73789759267376,9,0.8999999999999999,1.423270402181448,130,D_pmar=0.054_dist=500_repair_6_males=6_nmar=5,6,5
0.054,10,1000,500,69.42177661562152,227.0429290102902,60.80757417048358,11,1.1,1.7585778413999331,130,D_pmar=0.054_dist=500_repair_6_males=6_nmar=5,6,5
0.054,11,0,0,66.30724602498535,229.72155548099263,60.93487497114091,14,1.4,1.7952858607894449,131,D_pmar=0.054_dist=500_repair_6_males=6_nmar=5,6,5
0,8,0,500,70.51785702799113,271.3533941362808,18.175357515894024,0,0,0,131,D_pmar=0.054_dist=500_repair_6_males=6_nmar=5,6,5
0.054,8,500,0,72.5267887107244,174.91309082666763,109.6766973587798,13,1.3,1.6028389047944274,131,D_pmar=0.054_dist=500_repair_6_males=6_nmar=5,6,5
0.054,12,500,500,72.24298834502399,233.72774553098543,49.52975426986667,20,2.0000000000000004,2.510834199804063,131,D_pmar=0.054_dist=500_repair_6_males=6_nmar=5,6,5
0.054,8,1000,0,71.87390811642015,199.7700519013235,85.65728500561445,10,1,1.7238920359953602,131,D_pmar=0.054_dist=500_repair_6_males=6_nmar=5,6,5
0.054,7,1000,500,67.24892215812417,224.38393673136656,65.78092674712772,7,0.7,1.9259272688971625,131,D_pmar=0.054_dist=500_repair_6_males=6_nmar=5,6,5
0.054,11,0,0,70.36838040165539,199.8480544430716,86.99790725548498,14,1.4,1.5350395485876098,132,D_pmar=0.054_dist=500_repair_6_males=6_nmar=5,6,5
0,9,0,500,74.54988615105088,208.25299537037765,77.40906040835328,0,0,0,132,D_pmar=0.054_dist=500_repair_6_males=6_nmar=5,6,5
0.054,9,500,0,70.11831783695287,222.23693370903447,65.03644147675794,10,1,1.6658331027513338,132,D_pmar=0.054_dist=500_repair_6_males=6_nmar=5,6,5
0.054,12,500,500,68.57865059697973,245.5244713489503,42.623918225215704,9,0.8999999999999999,2.5178137180949216,132,D_pmar=0.054_dist=500_repair_6_males=6_nmar=5,6,5
0.054,6,1000,0,71.38243274708371,230.15140518612657,54.67837348021485,14,1.4,2.46438575745176,132,D_pmar=0.054_dist=500_repair_6_males=6_nmar=5,6,5
0.054,7,1000,500,67.49227946187013,246.62132248137837,42.55970846276602,15,1.5000000000000002,2.0490819265037423,132,D_pmar=0.054_dist=500_repair_6_males=6_nmar=5,6,5
0.054,11,0,0,68.15338486381964,239.9925178700461,48.75607721702523,13,1.3,1.8392556509887887,133,D_pmar=0.054_dist=500_repair_6_males=6_nmar=5,6,5
0.054,7,0,500,72.5812057823319,235.37697683148036,48.450661715566554,16,1.6000000000000003,2.152777777777778,133,D_pmar=0.054_dist=500_repair_6_males=6_nmar=5,6,5
0,8,500,0,71.61143018190228,239.13895681843732,49.336227343830195,0,0,0,133,D_pmar=0.054_dist=500_repair_6_males=6_nmar=5,6,5
0.054,11,500,500,71.55967212592167,194.2570370813088,92.12807728952836,9,0.8999999999999999,1.2843815132925591,133,D_pmar=0.054_dist=500_repair_6_males=6_nmar=5,6,5
0.054,4,1000,0,71.44344836528005,236.2568085712076,48.90688592687871,15,1.5000000000000002,2.271786655400735,133,D_pmar=0.054_dist=500_repair_6_males=6_nmar=5,6,5
0.054,13,1000,500,69.56254704026462,209.09496904708683,79.17001951471741,8,0.7999999999999999,1.6157173581764654,133,D_pmar=0.054_dist=500_repair_6_males=6_nmar=5,6,5
0.054,5,0,0,72.01663206196459,246.5451039629825,36.99000113506648,13,1.3,3.2558795814406203,134,D_pmar=0.054_dist=500_repair_6_males=6_nmar=5,6,5
0.054,13,0,500,72.03821362437571,211.75576103546535,73.63898479420727,7,0.7,1.8749999999999996,134,D_pmar=0.054_dist=500_repair_6_males=6_nmar=5,6,5
0.054,10,500,0,72.28521928670506,246.99695895749372,37.04016204520428,17,1.7000000000000004,2.1582423142939775,134,D_pmar=0.054_dist=500_repair_6_males=6_nmar=5,6,5
0.054,6,500,500,71.63633989032309,248.64139053254956,36.40120393352659,12,1.2,2.1664677554821106,134,D_pmar=0.054_dist=500_repair_6_males=6_nmar=5,6,5
0.054,4,1000,0,72.5082561607797,199.1577081474484,85.37171937289548,12,1.2,2.027731012649227,134,D_pmar=0.054_dist=500_repair_6_males=6_nmar=5,6,5
0,16,1000,500,72.0168656452671,184.53085232367485,103.5833202715597,0,0,0,134,D_pmar=0.054_dist=500_repair_6_males=6_nmar=5,6,5
0.054,11,0,0,74.78965310977169,250.49105133533743,30.311225678944485,18,1.8000000000000005,2.668899642506523,135,D_pmar=0.054_dist=500_repair_6_males=6_nmar=5,6,5
0.054,11,0,500,69.51464426878155,208.02861652531564,79.55848188865697,12,1.2,1.7361111111111107,135,D_pmar=0.054_dist=500_repair_6_males=6_nmar=5,6,5
0.054,6,500,0,70.74709954814308,201.82460676736804,85.51521643873936,6,0.6,1.3577975520715826,135,D_pmar=0.054_dist=500_repair_6_males=6_nmar=5,6,5
0.054,5,500,500,66.05161385453319,241.37667244909625,49.19933519070332,14,1.4,2.0147004132111825,135,D_pmar=0.054_dist=500_repair_6_males=6_nmar=5,6,5
0.054,8,1000,0,68.39856508590051,221.414086804919,66.90433710904203,13,1.3,2.018519861489755,135,D_pmar=0.054_dist=500_repair_6_males=6_nmar=5,6,5
0,13,1000,500,72.77022990447169,214.0707072181008,73.32286912692942,0,0,0,135,D_pmar=0.054_dist=500_repair_6_males=6_nmar=5,6,5
0.054,6,0,0,73.45097446713883,239.35919659744917,43.19649732040593,15,1.5000000000000002,2.565755102628844,136,D_pmar=0.054_dist=500_repair_6_males=6_nmar=5,6,5
0.054,12,0,500,67.49448757028087,174.3374932915257,115.990312791221,6,0.6,1.606129081269681,136,D_pmar=0.054_dist=500_repair_6_males=6_nmar=5,6,5
0.054,7,500,0,72.74892923717404,270.33260385735105,12.26548996130596,16,1.6000000000000003,3.0558886021167964,136,D_pmar=0.054_dist=500_repair_6_males=6_nmar=5,6,5
0,7,500,500,70.88932738154476,215.62281408266855,73.5126455595189,0,0,0,136,D_pmar=0.054_dist=500_repair_6_males=6_nmar=5,6,5
0.054,13,1000,0,69.11317854189902,269.22310352567314,18.54313063261909,11,1.1,2.2367457638418875,136,D_pmar=0.054_dist=500_repair_6_males=6_nmar=5,6,5
0.054,9,1000,500,70.86531526901433,207.7804859400791,79.06832216406868,8,0.7999999999999999,1.5581876967357575,136,D_pmar=0.054_dist=500_repair_6_males=6_nmar=5,6,5
0.054,8,0,0,67.80807192561745,215.48554349468404,73.60433377349855,12,1.2,1.926231561009176,137,D_pmar=0.054_dist=500_repair_6_males=6_nmar=5,6,5
0.054,8,0,500,71.87001675209369,218.3259098667386,67.2131063902147,10,1,1.7174417895078222,137,D_pmar=0.054_dist=500_repair_6_males=6_nmar=5,6,5
0.054,10,500,0,70.85964292699477,237.75272312554984,48.368174265731,14,1.4,1.766521030069091,137,D_pmar=0.054_dist=500_repair_6_males=6_nmar=5,6,5
0,11,500,500,71.24196931357982,233.88380274463756,54.89809465846432,0,0,0,137,D_pmar=0.054_dist=500_repair_6_males=6_nmar=5,6,5
0.054,7,1000,0,73.17724532626033,229.1886081727212,54.74030049820633,10,1,1.961424598624029,137,D_pmar=0.054_dist=500_repair_6_males=6_nmar=5,6,5
0.054,10,1000,500,69.31747408629508,251.14083739749344,36.5914155473601,9,0.8999999999999999,2.2040093387869555,137,D_pmar=0.054_dist=500_repair_6_males=6_nmar=5,6,5
0,4,0,0,71.15218308493384,227.17400186621217,61.71746315500397,0,0,0,138,D_pmar=0.054_dist=500_repair_6_males=6_nmar=5,6,5
0.054,11,0,500,71.60349425147163,218.32166287987835,67.22268878563085,9,0.8999999999999999,2.020469241839395,138,D_pmar=0.054_dist=500_repair_6_males=6_nmar=5,6,5
0.054,9,500,0,71.60338611393227,230.76443553764852,54.99360231091732,8,0.7999999999999999,1.921296296296296,138,D_pmar=0.054_dist=500_repair_6_males=6_nmar=5,6,5
0.054,7,500,500,69.927494520708,244.08372230738985,42.74214228411215,12,1.2,2.140029430858709,138,D_pmar=0.054_dist=500_repair_6_males=6_nmar=5,6,5
0.054,12,1000,0,71.69261124487798,201.53231532810076,83.49165465810181,14,1.4,1.8839068590474584,138,D_pmar=0.054_dist=500_repair_6_males=6_nmar=5,6,5
0.054,11,1000,500,71.39679085590024,267.19228883673287,18.293294592324816,11,1.1,2.116707097061515,138,D_pmar=0.054_dist=500_repair_6_males=6_nmar=5,6,5
0.054,9,0,0,69.49311945648465,204.11759121764248,83.4850853255396,12,1.2,1.8319938801789564,139,D_pmar=0.054_dist=500_repair_6_males=6_nmar=5,6,5
0.054,8,0,500,68.98948393989532,232.83533721260272,54.8701664285267,16,1.6000000000000003,1.8048741376962296,139,D_pmar=0.054_dist=500_repair_6_males=6_nmar=5,6,5
0.054,5,500,0,72.5233251745764,222.94479718207953,61.11729043086092,15,1.5000000000000002,1.9933494993566685,139,D_pmar=0.054_dist=500_repair_6_males=6_nmar=5,6,5
0.054,13,500,500,74.47890235992354,234.56445003639675,48.68068610149361,6,0.6,1.8842619452017324,139,D_pmar=0.054_dist=500_repair_6_males=6_nmar=5,6,5
0.054,9,1000,0,69.48298643929687,263.1683258145284,24.613024159588583,8,0.7999999999999999,2.002481338095432,139,D_pmar=0.054_dist=500_repair_6_males=6_nmar=5,6,5
0,10,1000,500,72.06218637181298,214.6992668118856,73.40308969545565,0,0,0,139,D_pmar=0.054_dist=500_repair_6_males=6_nmar=5,6,5
0.054,9,0,0,68.92113452680354,240.0932297060591,48.551356395727154,7,0.7,1.864048887374563,13,D_pmar=0.054_dist=500_repair_6_males=6_nmar=5,6,5
0.054,3,0,500,72.07050392019387,241.9474851468624,42.51718490049536,12,1.2,2.274794579357013,13,D_pmar=0.054_dist=500_repair_6_males=6_nmar=5,6,5
0.054,9,500,0,72.09321166362159,218.2593990560223,67.46495710807578,8,0.7999999999999999,1.648453783231398,13,D_pmar=0.054_dist=500_repair_6_males=6_nmar=5,6,5
0.054,10,500,500,69.70346483743052,243.47987028670948,42.725273302403,21,2.1000000000000005,2.2023642505493286,13,D_pmar=0.054_dist=500_repair_6_males=6_nmar=5,6,5
0.054,12,1000,0,69.261814198624,209.18820555593044,78.76220517135076,10,1,1.822405603272172,13,D_pmar=0.054_dist=500_repair_6_males=6_nmar=5,6,5
0,11,1000,500,71.90448881200697,215.31347467244277,72.83096418848254,0,0,0,13,D_pmar=0.054_dist=500_repair_6_males=6_nmar=5,6,5
0,7,0,0,71.4690543415408,209.36062569888284,79.41076368807917,0,0,0,140,D_pmar=0.054_dist=500_repair_6_males=6_nmar=5,6,5
0.054,7,0,500,75.06412787217815,251.73631486414268,30.641853798370292,8,0.7999999999999999,1.877304466503914,140,D_pmar=0.054_dist=500_repair_6_males=6_nmar=5,6,5
0.054,7,500,0,73.05787346200988,247.66020719345744,36.056741300212096,13,1.3,2.230824789157668,140,D_pmar=0.054_dist=500_repair_6_males=6_nmar=5,6,5
0.054,8,500,500,71.34293002297144,206.47085830349135,79.07307320008361,13,1.3,1.8250143618880992,140,D_pmar=0.054_dist=500_repair_6_males=6_nmar=5,6,5
0.054,14,1000,0,69.75562471739413,194.2592850429536,93.30673050510669,10,1,1.7969309490270715,140,D_pmar=0.054_dist=500_repair_6_males=6_nmar=5,6,5
0.054,11,1000,500,71.73649718591523,247.92234543146915,37.10285092936606,15,1.5000000000000002,1.973057129108791,140,D_pmar=0.054_dist=500_repair_6_males=6_nmar=5,6,5
0.054,16,0,0,67.42716650589979,199.373254326325,91.47866968870775,6,0.6,1.2787648307203534,141,D_pmar=0.054_dist=500_repair_6_males=6_nmar=5,6,5
0.054,10,0,500,73.83183309557022,263.85995782224757,18.388996375986753,14,1.4,2.585895326820714,141,D_pmar=0.054_dist=500_repair_6_males=6_nmar=5,6,5
0,5,500,0,71.13877720908172,215.0842568268426,73.90585408722221,0,0,0,141,D_pmar=0.054_dist=500_repair_6_males=6_nmar=5,6,5
0.054,9,500,500,72.61683469235564,217.7570218759244,66.79040717810526,8,0.7999999999999999,2.041972301749917,141,D_pmar=0.054_dist=500_repair_6_males=6_nmar=5,6,5
0.054,9,1000,0,71.43665595659392,249.2673685411287,35.88627182841782,10,1,2.4300042441592007,141,D_pmar=0.054_dist=500_repair_6_males=6_nmar=5,6,5
0.054,5,1000,500,71.95914767547087,241.82839773331585,42.6104764826043,16,1.6000000000000003,2.2617639799189693,141,D_pmar=0.054_dist=500_repair_6_males=6_nmar=5,6,5
0.054,9,0,0,70.47656138796211,243.57626089363512,42.72203322217751,12,1.2,2.04032721351229,142,D_pmar=0.054_dist=500_repair_6_males=6_nmar=5,6,5
0.054,14,0,500,70.16405746076578,189.59911195445835,98.18001942334504,8,0.7999999999999999,1.2668500477166165,142,D_pmar=0.054_dist=500_repair_6_males=6_nmar=5,6,5
0.054,5,500,0,70.75873869660818,277.6520679316589,6.092186624655361,16,1.6000000000000003,4.0760081296868655,142,D_pmar=0.054_dist=500_repair_6_males=6_nmar=5,6,5
0.054,8,500,500,72.32496505389402,205.18409538739567,79.6384659440018,10,1,1.8837547129914516,142,D_pmar=0.054_dist=500_repair_6_males=6_nmar=5,6,5
0.054,9,1000,0,68.68104411411761,246.0359970850179,42.68998322909414,8,0.7999999999999999,1.839632776736101,142,D_pmar=0.054_dist=500_repair_6_males=6_nmar=5,6,5
0,9,1000,500,73.6662957963561,225.22572716400273,61.19806339221908,0,0,0,142,D_pmar=0.054_dist=500_repair_6_males=6_nmar=5,6,5
0.054,12,0,0,70.99288697925597,199.16229954080177,86.89061530490399,14,1.4,1.6388655063246134,143,D_pmar=0.054_dist=500_repair_6_males=6_nmar=5,6,5
0.054,10,0,500,72.18462436095396,229.71994274193375,55.21412846938649,7,0.7,2.2045386105902742,143,D_pmar=0.054_dist=500_repair_6_males=6_nmar=5,6,5
0,10,500,0,71.83235505596457,221.04439900522124,67.2291979246376,0,0,0,143,D_pmar=0.054_dist=500_repair_6_males=6_nmar=5,6,5
0.054,12,500,500,69.31519904067758,231.25823222691267,54.70372255419773,23,2.3000000000000007,2.498637164281352,143,D_pmar=0.054_dist=500_repair_6_males=6_nmar=5,6,5
0.054,6,1000,0,69.03842645699065,227.47600872721557,60.60089782386718,10,1,2.012221761058224,143,D_pmar=0.054_dist=500_repair_6_males=6_nmar=5,6,5
0.054,4,1000,500,71.82065665542072,217.7306110974316,67.22610678493936,11,1.1,2.328656938575156,143,D_pmar=0.054_dist=500_repair_6_males=6_nmar=5,6,5
0,13,0,0,75.01599083764557,180.6655073593107,104.35558186672056,0,0,0,144,D_pmar=0.054_dist=500_repair_6_males=6_nmar=5,6,5
0.054,4,0,500,68.51316716607468,244.79034484457904,42.84244359350071,16,1.6000000000000003,2.349855706373664,144,D_pmar=0.054_dist=500_repair_6_males=6_nmar=5,6,5
0.054,4,500,0,71.89497697018858,260.1043433794862,24.595251278866165,11,1.1,2.3293163168414415,144,D_pmar=0.054_dist=500_repair_6_males=6_nmar=5,6,5
0.054,20,500,500,73.31295076346835,192.35827641903583,92.10149126561,8,0.7999999999999999,1.62037037037037,144,D_pmar=0.054_dist=500_repair_6_males=6_nmar=5,6,5
0.054,5,1000,0,68.98640432678147,242.26765570992788,45.35028677281202,13,1.3,2.1272810839396397,144,D_pmar=0.054_dist=500_repair_6_males=6_nmar=5,6,5
0.054,8,1000,500,69.74706488282182,225.70345542909016,61.00469455699709,13,1.3,2.3078352965239595,144,D_pmar=0.054_dist=500_repair_6_males=6_nmar=5,6,5
0.054,11,0,0,72.56176021958997,266.27226644354374,18.42007571752401,6,0.6,2.220402948335551,145,D_pmar=0.054_dist=500_repair_6_males=6_nmar=5,6,5
0,4,0,500,68.82631552107938,229.43793457150136,61.78474702310889,0,0,0,145,D_pmar=0.054_dist=500_repair_6_males=6_nmar=5,6,5
0.054,6,500,0,71.32957102120886,248.04773004911848,36.621356377361856,16,1.6000000000000003,2.5938385154898715,145,D_pmar=0.054_dist=500_repair_6_males=6_nmar=5,6,5
0.054,5,500,500,70.42045989142491,226.04488365858032,60.702838672358496,12,1.2,1.7473444762555217,145,D_pmar=0.054_dist=500_repair_6_males=6_nmar=5,6,5
0.054,12,1000,0,72.41943643351063,229.7340271250247,54.915077767449766,10,1,2.006909370598031,145,D_pmar=0.054_dist=500_repair_6_males=6_nmar=5,6,5
0.054,16,1000,500,66.03034310308219,214.70070129650284,77.12443254303963,8,0.7999999999999999,1.5772121044933205,145,D_pmar=0.054_dist=500_repair_6_males=6_nmar=5,6,5
0.054,10,0,0,71.43285130013345,266.7402083313643,18.51879741704115,12,1.2,2.199885598396369,146,D_pmar=0.054_dist=500_repair_6_males=6_nmar=5,6,5
0.054,10,0,500,70.24350079136295,255.98005231148184,30.333528416106436,11,1.1,2.450695779747428,146,D_pmar=0.054_dist=500_repair_6_males=6_nmar=5,6,5
0.054,4,500,0,69.83190584571032,256.5787774651815,30.40111835690139,13,1.3,2.161532490769231,146,D_pmar=0.054_dist=500_repair_6_males=6_nmar=5,6,5
0.054,9,500,500,73.31907676301074,216.22743517991236,67.31682112195489,11,1.1,2.1067637340004572,146,D_pmar=0.054_dist=500_repair_6_males=6_nmar=5,6,5
0.054,14,1000,0,73.31825253671317,198.2029694410697,86.07910235442041,8,0.7999999999999999,1.6213340407486712,146,D_pmar=0.054_dist=500_repair_6_males=6_nmar=5,6,5
0,7,1000,500,71.32417439207033,191.31709545369205,97.4223047152287,0,0,0,146,D_pmar=0.054_dist=500_repair_6_males=6_nmar=5,6,5
0.054,9,0,0,68.68128243353841,234.34245044061697,54.553288059896104,9,0.8999999999999999,1.617210300358085,147,D_pmar=0.054_dist=500_repair_6_males=6_nmar=5,6,5
0.054,9,0,500,70.73840485944065,237.20156734851145,49.06944513755952,10,1,2.1451168416275954,147,D_pmar=0.054_dist=500_repair_6_males=6_nmar=5,6,5
0.054,10,500,0,68.7259348662213,208.28756303601153,80.5508870228763,11,1.1,1.573392656214748,147,D_pmar=0.054_dist=500_repair_6_males=6_nmar=5,6,5
0.054,7,500,500,69.04079840364966,238.5581014848174,48.836099949492954,13,1.3,2.328504792519149,147,D_pmar=0.054_dist=500_repair_6_males=6_nmar=5,6,5
0.054,8,1000,0,69.37865185185605,274.8009632067797,12.44932561382906,15,1.5000000000000002,2.0555321729912803,147,D_pmar=0.054_dist=500_repair_6_males=6_nmar=5,6,5
0,11,1000,500,75.83299528742586,180.37534185065343,104.19674231129063,0,0,0,147,D_pmar=0.054_dist=500_repair_6_males=6_nmar=5,6,5
0.054,5,0,0,72.26098897308019,247.84473008752423,36.79640795415328,11,1.1,2.0534306465856336,148,D_pmar=0.054_dist=500_repair_6_males=6_nmar=5,6,5
0.054,13,0,500,74.076051340062,216.331536250711,67.31353032679857,9,0.8999999999999999,1.4536803211394282,148,D_pmar=0.054_dist=500_repair_6_males=6_nmar=5,6,5
0.054,3,500,0,70.76347195741114,254.69690149399065,30.522669060021876,10,1,3.207205985005112,148,D_pmar=0.054_dist=500_repair_6_males=6_nmar=5,6,5
0.054,11,500,500,71.43035594892713,248.59617958111028,36.86664769578497,13,1.3,1.8573163883680504,148,D_pmar=0.054_dist=500_repair_6_males=6_nmar=5,6,5
0,10,1000,0,69.28478027784485,223.85257082880375,66.91250220445966,0,0,0,148,D_pmar=0.054_dist=500_repair_6_males=6_nmar=5,6,5
0.054,12,1000,500,71.96705400793012,202.77441168613876,82.40539948857383,10,1,1.916643284102391,148,D_pmar=0.054_dist=500_repair_6_males=6_nmar=5,6,5
0,9,0,0,69.46290659682953,188.5191280263751,102.21496311549004,0,0,0,149,D_pmar=0.054_dist=500_repair_6_males=6_nmar=5,6,5
0.054,11,0,500,69.27192431385106,245.2947970981903,42.67406146515665,8,0.7999999999999999,2.0171790653641417,149,D_pmar=0.054_dist=500_repair_6_males=6_nmar=5,6,5
0.054,15,500,0,68.23798562903494,252.29700145974587,36.3465224765623,12,1.2,2.0340291130807584,149,D_pmar=0.054_dist=500_repair_6_males=6_nmar=5,6,5
0.054,7,500,500,68.1319974721657,233.04545902799657,55.26075081186434,14,1.4,2.2735045772736604,149,D_pmar=0.054_dist=500_repair_6_males=6_nmar=5,6,5
0.054,6,1000,0,69.72746467705551,259.88752421872124,26.24865835941107,18,1.8000000000000005,2.4979557464220257,149,D_pmar=0.054_dist=500_repair_6_males=6_nmar=5,6,5
0.054,6,1000,500,69.11803691074357,178.75244040752122,109.46533418209582,10,1,1.7415756476273097,149,D_pmar=0.054_dist=500_repair_6_males=6_nmar=5,6,5
0.054,9,0,0,67.13436369791137,240.04691749457604,48.84728290454837,14,1.4,2.742997099144873,14,D_pmar=0.054_dist=500_repair_6_males=6_nmar=5,6,5
0.054,9,0,500,71.10743121764885,266.71524687669825,18.27212780808329,12,1.2,2.732423112266748,14,D_pmar=0.054_dist=500_repair_6_males=6_nmar=5,6,5
0,7,500,0,71.24789744189258,190.5383203838795,98.29831463632723,0,0,0,14,D_pmar=0.054_dist=500_repair_6_males=6_nmar=5,6,5
0.054,13,500,500,70.45213020440644,207.30613188668485,79.25300381501665,11,1.1,2.145646113430915,14,D_pmar=0.054_dist=500_repair_6_males=6_nmar=5,6,5
0.054,10,1000,0,73.56693261428276,210.4275473070931,73.56907723625142,9,0.8999999999999999,1.56051420283271,14,D_pmar=0.054_dist=500_repair_6_males=6_nmar=5,6,5
0.054,6,1000,500,70.33497010646855,258.71074859993155,27.566881313297973,11,1.1,2.3377887773139197,14,D_pmar=0.054_dist=500_repair_6_males=6_nmar=5,6,5
0,13,0,0,69.16828723469587,217.3804006389904,73.50645095062997,0,0,0,150,D_pmar=0.054_dist=500_repair_6_males=6_nmar=5,6,5
0.054,5,0,500,70.28315011988525,231.20280974270028,55.19758133790432,13,1.3,2.081818351558675,150,D_pmar=0.054_dist=500_repair_6_males=6_nmar=5,6,5
0.054,4,500,0,72.75886942143218,216.31993791364135,67.31153391253265,14,1.4,2.26369132067557,150,D_pmar=0.054_dist=500_repair_6_males=6_nmar=5,6,5
0.054,14,500,500,72.68488253572853,223.6086018885881,61.05882908918522,11,1.1,1.62037037037037,150,D_pmar=0.054_dist=500_repair_6_males=6_nmar=5,6,5
0.054,8,1000,0,70.57132677988442,248.92468671121057,36.72003299048153,15,1.5000000000000002,2.4840915830686487,150,D_pmar=0.054_dist=500_repair_6_males=6_nmar=5,6,5
0.054,10,1000,500,68.78912272744525,221.24352791770667,67.44366044493201,6,0.6,1.951706215254276,150,D_pmar=0.054_dist=500_repair_6_males=6_nmar=5,6,5
0.054,13,0,0,69.13617016480718,221.18002729502305,67.15748641605859,9,0.8999999999999999,1.716253139438216,151,D_pmar=0.054_dist=500_repair_6_males=6_nmar=5,6,5
0.054,14,0,500,71.2576778057693,248.6957100518308,36.557699075094504,12,1.2,2.3061902082863326,151,D_pmar=0.054_dist=500_repair_6_males=6_nmar=5,6,5
0,5,500,0,73.36077045559922,194.55350781236675,92.10224347682389,0,0,0,151,D_pmar=0.054_dist=500_repair_6_males=6_nmar=5,6,5
0.054,12,500,500,70.993276187014,218.58409368307557,67.35758102444224,15,1.5000000000000002,1.6666666666666663,151,D_pmar=0.054_dist=500_repair_6_males=6_nmar=5,6,5
0.054,4,1000,0,72.39594779615473,271.9856672721202,12.386712949632743,11,1.1,2.3564360593241704,151,D_pmar=0.054_dist=500_repair_6_males=6_nmar=5,6,5
0.054,6,1000,500,67.44018100708963,222.73869290180167,67.20492241467765,9,0.8999999999999999,1.8977489828077976,151,D_pmar=0.054_dist=500_repair_6_males=6_nmar=5,6,5
0.054,8,0,0,70.75511058976791,236.95428499396965,48.4604567126229,13,1.3,2.5368160862594458,152,D_pmar=0.054_dist=500_repair_6_males=6_nmar=5,6,5
0.054,7,0,500,69.30913658730822,189.9283372355374,97.59789442640182,14,1.4,1.7665210300690912,152,D_pmar=0.054_dist=500_repair_6_males=6_nmar=5,6,5
0.054,13,500,0,70.041579408027,268.56432901958567,18.236585136799324,11,1.1,2.299435669686781,152,D_pmar=0.054_dist=500_repair_6_males=6_nmar=5,6,5
0,6,500,500,68.1666369959556,177.49000795525615,114.61674721690414,0,0,0,152,D_pmar=0.054_dist=500_repair_6_males=6_nmar=5,6,5
0.054,14,1000,0,70.54002570749661,243.0950160627825,43.02640110653375,14,1.4,1.9764994516400507,152,D_pmar=0.054_dist=500_repair_6_males=6_nmar=5,6,5
0.054,6,1000,500,72.68821729706589,242.05862139342403,42.39463194134022,8,0.7999999999999999,2.309683324859853,152,D_pmar=0.054_dist=500_repair_6_males=6_nmar=5,6,5
0,7,0,0,72.3392146069737,218.41399875820363,69.34096177215052,0,0,0,153,D_pmar=0.054_dist=500_repair_6_males=6_nmar=5,6,5
0.054,4,0,500,68.7726807327675,256.5797268430693,30.453653801946903,16,1.6000000000000003,2.725009195400909,153,D_pmar=0.054_dist=500_repair_6_males=6_nmar=5,6,5
0.054,9,500,0,70.8268110043253,230.9766320527122,54.70923172919217,15,1.5000000000000002,2.090595104143166,153,D_pmar=0.054_dist=500_repair_6_males=6_nmar=5,6,5
0.054,10,500,500,68.10547554021664,215.59412180639185,73.29562446643433,12,1.2,1.983079804590557,153,D_pmar=0.054_dist=500_repair_6_males=6_nmar=5,6,5
0.054,16,1000,0,68.86519068469359,227.09162042631505,61.21899770816253,9,0.8999999999999999,1.9341747496783337,153,D_pmar=0.054_dist=500_repair_6_males=6_nmar=5,6,5
0.054,8,1000,500,72.88684629684398,186.8452698513419,97.46778138265468,12,1.2,1.7701883322916565,153,D_pmar=0.054_dist=500_repair_6_males=6_nmar=5,6,5
0.054,11,0,0,70.23516671689751,267.7285151030373,18.11518225753949,17,1.7000000000000004,2.354131592820256,154,D_pmar=0.054_dist=500_repair_6_males=6_nmar=5,6,5
0.054,9,0,500,73.99753399941599,187.83290963321815,95.46263581292044,8,0.7999999999999999,1.9877328167844623,154,D_pmar=0.054_dist=500_repair_6_males=6_nmar=5,6,5
0.054,7,500,0,71.15009988129339,234.59592780672264,49.02011230543501,23,2.3000000000000007,3.115519789963152,154,D_pmar=0.054_dist=500_repair_6_males=6_nmar=5,6,5
0,6,500,500,74.16074904634377,209.9608784176535,75.99309882043136,0,0,0,154,D_pmar=0.054_dist=500_repair_6_males=6_nmar=5,6,5
0.054,3,1000,0,70.42861583732771,188.16138374857587,97.97764327980993,16,1.6000000000000003,1.9080186775739076,154,D_pmar=0.054_dist=500_repair_6_males=6_nmar=5,6,5
0.054,18,1000,500,70.35554763800809,178.22852853214505,108.92892029308314,10,1,1.6547518836629294,154,D_pmar=0.054_dist=500_repair_6_males=6_nmar=5,6,5
0.054,11,0,0,71.66653645904199,199.9136004354602,85.48917033452287,11,1.1,1.8743185821406736,155,D_pmar=0.054_dist=500_repair_6_males=6_nmar=5,6,5
0.054,10,0,500,75.10979052602269,232.68774179414407,48.84966744407427,13,1.3,2.0803254093770556,155,D_pmar=0.054_dist=500_repair_6_males=6_nmar=5,6,5
0,9,500,0,66.31928540264921,232.4503110164202,61.26446062121098,0,0,0,155,D_pmar=0.054_dist=500_repair_6_males=6_nmar=5,6,5
0.054,7,500,500,70.4380019838222,236.49013485512071,49.82728276535982,14,1.4,1.855142028327105,155,D_pmar=0.054_dist=500_repair_6_males=6_nmar=5,6,5
0.054,4,1000,0,66.99319589812598,252.71814307927576,36.61740021403739,14,1.4,2.398608615229881,155,D_pmar=0.054_dist=500_repair_6_males=6_nmar=5,6,5
0.054,13,1000,500,72.98415935363897,209.39881198660325,75.52620423256877,8,0.7999999999999999,1.7623972896785054,155,D_pmar=0.054_dist=500_repair_6_males=6_nmar=5,6,5
0.054,9,0,0,67.21807015197462,242.00142784603008,48.599989819809245,6,0.6,1.7238920359953602,156,D_pmar=0.054_dist=500_repair_6_males=6_nmar=5,6,5
0.054,11,0,500,70.37740179510563,198.64941816603996,88.15045208955864,11,1.1,1.787342672120287,156,D_pmar=0.054_dist=500_repair_6_males=6_nmar=5,6,5
0.054,6,500,0,70.25645315613215,256.3842130868514,30.513852338269697,10,1,1.8804645365161985,156,D_pmar=0.054_dist=500_repair_6_males=6_nmar=5,6,5
0,9,500,500,67.53786237322035,219.55468899393608,73.09323605031435,0,0,0,156,D_pmar=0.054_dist=500_repair_6_males=6_nmar=5,6,5
0.054,5,1000,0,73.32206846096523,239.44157073366512,42.947597033741545,18,1.8000000000000005,2.5650736847695175,156,D_pmar=0.054_dist=500_repair_6_males=6_nmar=5,6,5
0.054,14,1000,500,70.03260371420144,216.1379191617988,70.35411199834454,14,1.4,2.1221936731707536,156,D_pmar=0.054_dist=500_repair_6_males=6_nmar=5,6,5
0.054,9,0,0,74.78033698381869,251.59288424327113,30.551530759673785,11,1.1,2.012069615002217,157,D_pmar=0.054_dist=500_repair_6_males=6_nmar=5,6,5
0.054,15,0,500,68.48914029326288,215.7449887520875,73.15905616356397,9,0.8999999999999999,1.731458098917206,157,D_pmar=0.054_dist=500_repair_6_males=6_nmar=5,6,5
0.054,10,500,0,72.30618447950692,211.5054783798877,73.36289985964055,10,1,1.9477346209196973,157,D_pmar=0.054_dist=500_repair_6_males=6_nmar=5,6,5
0,2,500,500,68.42762088070346,261.2249559107184,30.454333271016132,0,0,0,157,D_pmar=0.054_dist=500_repair_6_males=6_nmar=5,6,5
0.054,12,1000,0,70.59791182441974,219.4403005503275,67.49586453578225,12,1.2,1.432177261228907,157,D_pmar=0.054_dist=500_repair_6_males=6_nmar=5,6,5
0.054,6,1000,500,68.18288599191759,245.65359030887632,43.13830198060902,10,1,2.0985162532192856,157,D_pmar=0.054_dist=500_repair_6_males=6_nmar=5,6,5
0.054,6,0,0,71.84417325498265,218.02248462984284,67.97108643668295,7,0.7,1.5618549989583232,158,D_pmar=0.054_dist=500_repair_6_males=6_nmar=5,6,5
0.054,10,0,500,68.65753407806471,250.29164872952097,36.98206334020974,16,1.6000000000000003,2.588903250776992,158,D_pmar=0.054_dist=500_repair_6_males=6_nmar=5,6,5
0.054,11,500,0,68.12656091865831,186.04961696173893,103.85976489093856,6,0.6,1.4001222540332998,158,D_pmar=0.054_dist=500_repair_6_males=6_nmar=5,6,5
0,6,500,500,69.04798391536772,242.3089224745643,48.688743866273896,0,0,0,158,D_pmar=0.054_dist=500_repair_6_males=6_nmar=5,6,5
0.054,12,1000,0,71.36724984471498,254.84399018132592,30.777991769890185,14,1.4,1.953199157435896,158,D_pmar=0.054_dist=500_repair_6_males=6_nmar=5,6,5
0.054,9,1000,500,72.47307584662585,235.11028474208103,48.81420337618276,13,1.3,2.3709816405368724,158,D_pmar=0.054_dist=500_repair_6_males=6_nmar=5,6,5
0,3,0,0,71.41007800388171,232.111911835686,56.70662526664286,0,0,0,159,D_pmar=0.054_dist=500_repair_6_males=6_nmar=5,6,5
0.054,11,0,500,71.25788533872603,229.50411139412745,55.28081825423847,20,2.0000000000000004,2.181390462442126,159,D_pmar=0.054_dist=500_repair_6_males=6_nmar=5,6,5
0.054,15,500,0,68.61799174309,179.50261135092342,109.52376482459157,9,0.8999999999999999,1.4903883405289404,159,D_pmar=0.054_dist=500_repair_6_males=6_nmar=5,6,5
0.054,9,500,500,68.69240329847035,256.88223392314893,30.497662546904756,12,1.2,2.742692807032859,159,D_pmar=0.054_dist=500_repair_6_males=6_nmar=5,6,5
0.054,5,1000,0,73.31423706264755,223.0225519274563,60.40129859569306,14,1.4,1.8718399299877144,159,D_pmar=0.054_dist=500_repair_6_males=6_nmar=5,6,5
0.054,11,1000,500,67.3020419055993,209.59642788703525,80.00239577208569,11,1.1,2.0538870847536534,159,D_pmar=0.054_dist=500_repair_6_males=6_nmar=5,6,5
0.054,11,0,0,70.41354950712595,236.8138620280584,49.121550292494845,16,1.6000000000000003,2.0687877521206306,15,D_pmar=0.054_dist=500_repair_6_males=6_nmar=5,6,5
0,12,0,500,69.41870054985992,192.8171232043347,97.88938802957676,0,0,0,15,D_pmar=0.054_dist=500_repair_6_males=6_nmar=5,6,5
0.054,5,500,0,70.67414474735159,219.10414947803105,66.85725312464379,14,1.4,2.1696278254943953,15,D_pmar=0.054_dist=500_repair_6_males=6_nmar=5,6,5
0.054,5,500,500,68.99610434937605,198.85427525768313,89.9715905880242,8,0.7999999999999999,1.5421491733414354,15,D_pmar=0.054_dist=500_repair_6_males=6_nmar=5,6,5
0.054,15,1000,0,68.80751662515975,257.35006570108334,30.800743343728296,12,1.2,2.083615585852309,15,D_pmar=0.054_dist=500_repair_6_males=6_nmar=5,6,5
0.054,6,1000,500,69.35134827387037,238.5875770456782,48.709894115430785,13,1.3,2.315474193081104,15,D_pmar=0.054_dist=500_repair_6_males=6_nmar=5,6,5
0,6,0,0,70.42825664901873,234.74051487373495,54.99532721038467,0,0,0,160,D_pmar=0.054_dist=500_repair_6_males=6_nmar=5,6,5
0.054,14,0,500,69.11660768517162,224.48423471624704,63.30682828781774,12,1.2,2.0006112701665,160,D_pmar=0.054_dist=500_repair_6_males=6_nmar=5,6,5
0.054,13,500,0,70.78242741863416,194.97454250722373,91.54967812246672,12,1.2,1.5563904624421243,160,D_pmar=0.054_dist=500_repair_6_males=6_nmar=5,6,5
0.054,10,500,500,73.01804870333409,228.86546092879388,54.82915007097928,13,1.3,2.1282667939109783,160,D_pmar=0.054_dist=500_repair_6_males=6_nmar=5,6,5
0.054,4,1000,0,68.73962225887905,227.3393496559882,60.80107236571926,11,1.1,2.1616846368252376,160,D_pmar=0.054_dist=500_repair_6_males=6_nmar=5,6,5
0.054,7,1000,500,69.98243526554357,234.1070174403834,52.06965021664333,15,1.5000000000000002,2.4348094024091123,160,D_pmar=0.054_dist=500_repair_6_males=6_nmar=5,6,5
0.054,7,0,0,73.40171460881082,186.9733507140082,97.476999539712,9,0.8999999999999999,1.309174749678334,161,D_pmar=0.054_dist=500_repair_6_males=6_nmar=5,6,5
0.054,9,0,500,67.91284340097614,262.0941946663116,25.94627556078654,18,1.8000000000000005,2.3842592592592613,161,D_pmar=0.054_dist=500_repair_6_males=6_nmar=5,6,5
0.054,7,500,0,73.08328363721145,217.19528483995043,67.21945639671587,8,0.7999999999999999,1.8991118185264484,161,D_pmar=0.054_dist=500_repair_6_males=6_nmar=5,6,5
0.054,4,500,500,70.76295405409739,254.4973850472112,30.81299871536283,15,1.5000000000000002,2.582735256808428,161,D_pmar=0.054_dist=500_repair_6_males=6_nmar=5,6,5
0,8,1000,0,71.35833428504911,239.72702212292697,49.20250690785008,0,0,0,161,D_pmar=0.054_dist=500_repair_6_males=6_nmar=5,6,5
0.054,19,1000,500,71.45604218459819,197.4538574623356,88.85164905082797,10,1,1.293969790199344,161,D_pmar=0.054_dist=500_repair_6_males=6_nmar=5,6,5
0.054,10,0,0,68.45425223070508,245.60537151054157,42.89158813991586,12,1.2,2.0925952785350668,162,D_pmar=0.054_dist=500_repair_6_males=6_nmar=5,6,5
0.054,12,0,500,69.90900876170336,256.00849345551563,30.34747397786641,12,1.2,2.6073983867312363,162,D_pmar=0.054_dist=500_repair_6_males=6_nmar=5,6,5
0.054,13,500,0,72.89250713492444,204.79176410476708,79.92296526632606,8,0.7999999999999999,1.7529611588277276,162,D_pmar=0.054_dist=500_repair_6_males=6_nmar=5,6,5
0.054,5,500,500,70.67571926122484,255.7823002689607,30.492365379027664,11,1.1,2.0107288188766037,162,D_pmar=0.054_dist=500_repair_6_males=6_nmar=5,6,5
0,3,1000,0,73.02962852203261,220.14736169716292,66.93339470208669,0,0,0,162,D_pmar=0.054_dist=500_repair_6_males=6_nmar=5,6,5
0.054,11,1000,500,67.85937453277586,215.96116353174932,73.75555566812861,11,1.1,1.5509259259259256,162,D_pmar=0.054_dist=500_repair_6_males=6_nmar=5,6,5
0.054,7,0,0,70.06824948800309,255.54552873732345,30.650367727570018,14,1.4,2.421908909434036,163,D_pmar=0.054_dist=500_repair_6_males=6_nmar=5,6,5
0,8,0,500,75.21302232199805,199.72812630822568,85.2114292581374,0,0,0,163,D_pmar=0.054_dist=500_repair_6_males=6_nmar=5,6,5
0.054,9,500,0,69.8074518458889,237.96996894595767,48.75923506032792,13,1.3,2.4635742331294663,163,D_pmar=0.054_dist=500_repair_6_males=6_nmar=5,6,5
0.054,8,500,500,71.36156706190594,266.98997184477685,18.366888562676337,12,1.2,2.2505085751815193,163,D_pmar=0.054_dist=500_repair_6_males=6_nmar=5,6,5
0.054,8,1000,0,71.10173812618693,255.51338419506197,30.546716766861653,7,0.7,2.273983055034719,163,D_pmar=0.054_dist=500_repair_6_males=6_nmar=5,6,5
0.054,14,1000,500,73.09787169591159,181.70949741626256,103.34375926408347,6,0.6,1.4408018677573904,163,D_pmar=0.054_dist=500_repair_6_males=6_nmar=5,6,5
0.054,10,0,0,70.79468575207028,231.4289050747177,54.96395238023925,9,0.8999999999999999,1.9894507386573876,164,D_pmar=0.054_dist=500_repair_6_males=6_nmar=5,6,5
0.054,15,0,500,71.57502290473876,218.5581347557236,66.90301892932285,12,1.2,1.808012168115476,164,D_pmar=0.054_dist=500_repair_6_males=6_nmar=5,6,5
0.054,3,500,0,72.63229721840263,258.0539012756152,25.301892255615098,12,1.2,2.8665068429057268,164,D_pmar=0.054_dist=500_repair_6_males=6_nmar=5,6,5
0,12,500,500,69.1942499305729,236.1681695900854,54.8352327953624,0,0,0,164,D_pmar=0.054_dist=500_repair_6_males=6_nmar=5,6,5
0.054,5,1000,0,71.26670595414258,212.78945612073016,73.42356285651623,9,0.8999999999999999,1.6898148148148144,164,D_pmar=0.054_dist=500_repair_6_males=6_nmar=5,6,5
0.054,9,1000,500,70.5261400828213,218.15841167550923,67.7931698969267,15,1.5000000000000002,2.0723822207078975,164,D_pmar=0.054_dist=500_repair_6_males=6_nmar=5,6,5
0.054,7,0,0,72.81434260791258,223.3373072463073,60.83488551301063,12,1.2,1.8528155222301528,165,D_pmar=0.054_dist=500_repair_6_males=6_nmar=5,6,5
0.054,11,0,500,70.47386609522651,202.2695873129584,85.15135247232526,9,0.8999999999999999,1.4576519154740075,165,D_pmar=0.054_dist=500_repair_6_males=6_nmar=5,6,5
0.054,10,500,0,69.58761755154248,250.8093325196717,36.73459158225684,9,0.8999999999999999,2.034029113080759,165,D_pmar=0.054_dist=500_repair_6_males=6_nmar=5,6,5
0,15,500,500,67.62824495101243,231.7978171720351,60.79382430605294,0,0,0,165,D_pmar=0.054_dist=500_repair_6_males=6_nmar=5,6,5
0.054,6,1000,0,73.52905616762094,216.46954065012423,67.02008884423026,12,1.2,1.8862333651444108,165,D_pmar=0.054_dist=500_repair_6_males=6_nmar=5,6,5
0.054,5,1000,500,73.19056604317645,252.81988395413228,30.552216307333133,14,1.4,2.125788141758019,165,D_pmar=0.054_dist=500_repair_6_males=6_nmar=5,6,5
0.054,6,0,0,67.07479771089866,242.13306708753584,48.18179590280885,6,0.6,2.0968711649816587,166,D_pmar=0.054_dist=500_repair_6_males=6_nmar=5,6,5
0.054,7,0,500,73.48654567130994,259.2644280875012,24.24294351939692,8,0.7999999999999999,2.281904204110839,166,D_pmar=0.054_dist=500_repair_6_males=6_nmar=5,6,5
0,7,500,0,67.59902800022363,249.74928873987736,42.67917966867722,0,0,0,166,D_pmar=0.054_dist=500_repair_6_males=6_nmar=5,6,5
0.054,7,500,500,71.49992717450225,236.67199347187977,48.56878106883692,15,1.5000000000000002,1.882261770809832,166,D_pmar=0.054_dist=500_repair_6_males=6_nmar=5,6,5
0.054,18,1000,0,68.93333099891154,205.40697289400413,83.19682791824138,9,0.8999999999999999,1.589279033553064,166,D_pmar=0.054_dist=500_repair_6_males=6_nmar=5,6,5
0.054,9,1000,500,69.97232708168012,243.99938133829008,42.60732309751243,10,1,2.522748982807802,166,D_pmar=0.054_dist=500_repair_6_males=6_nmar=5,6,5
0.054,12,0,0,65.5942006275284,218.988686992659,72.77500208992579,11,1.1,1.6435185185185182,167,D_pmar=0.054_dist=500_repair_6_males=6_nmar=5,6,5
0.054,6,0,500,68.88068202207748,245.77823406231963,42.49480827449019,7,0.7,2.146609783809216,167,D_pmar=0.054_dist=500_repair_6_males=6_nmar=5,6,5
0,7,500,0,68.87464178065756,230.51701090797616,60.77137419579762,0,0,0,167,D_pmar=0.054_dist=500_repair_6_males=6_nmar=5,6,5
0.054,10,500,500,70.04623639459167,237.8443249771838,48.86224485912125,15,1.5000000000000002,1.893342989898236,167,D_pmar=0.054_dist=500_repair_6_males=6_nmar=5,6,5
0.054,12,1000,0,70.57767096743602,219.90072717923005,67.26581161241576,8,0.7999999999999999,1.5525710141635525,167,D_pmar=0.054_dist=500_repair_6_males=6_nmar=5,6,5
0.054,7,1000,500,67.82935423806389,245.886213816592,42.785301154696555,14,1.4,2.24646414721164,167,D_pmar=0.054_dist=500_repair_6_males=6_nmar=5,6,5
0.054,4,0,0,71.85509600466271,247.78626873152217,36.84855331333437,10,1,2.5905262994215787,168,D_pmar=0.054_dist=500_repair_6_males=6_nmar=5,6,5
0.054,11,0,500,66.18950811885952,224.6465753295792,66.99456116423914,8,0.7999999999999999,1.3809457002197307,168,D_pmar=0.054_dist=500_repair_6_males=6_nmar=5,6,5
0.054,12,500,0,70.92960037190464,230.25105479700505,54.64093857162513,20,2.0000000000000004,2.251646431208865,168,D_pmar=0.054_dist=500_repair_6_males=6_nmar=5,6,5
0,9,500,500,67.8626562630888,219.18167268680435,73.11183617774581,0,0,0,168,D_pmar=0.054_dist=500_repair_6_males=6_nmar=5,6,5
0.054,10,1000,0,69.80164980855628,226.16948598359596,60.95151525738626,11,1.1,2.064286885982733,168,D_pmar=0.054_dist=500_repair_6_males=6_nmar=5,6,5
0.054,8,1000,500,71.10145065327956,231.4677521634848,54.59555916450319,8,0.7999999999999999,2.0905951041431656,168,D_pmar=0.054_dist=500_repair_6_males=6_nmar=5,6,5
0,8,0,0,71.78088772629198,239.1849961841845,49.0944720145976,0,0,0,169,D_pmar=0.054_dist=500_repair_6_males=6_nmar=5,6,5
0.054,14,0,500,72.29556863117544,222.72375817332656,61.529659710483124,16,1.6000000000000003,2.1026399936098716,169,D_pmar=0.054_dist=500_repair_6_males=6_nmar=5,6,5
0.054,15,500,0,71.00181484918134,207.20208063598645,79.53915675204135,7,0.7,1.62530563508325,169,D_pmar=0.054_dist=500_repair_6_males=6_nmar=5,6,5
0.054,11,500,500,71.84797591159241,200.02727733855355,84.98870873441446,12,1.2,2.0534306465856336,169,D_pmar=0.054_dist=500_repair_6_males=6_nmar=5,6,5
0.054,3,1000,0,65.79192187914579,260.9303855757079,29.79915733713546,14,1.4,2.1659384836787914,169,D_pmar=0.054_dist=500_repair_6_males=6_nmar=5,6,5
0.054,3,1000,500,72.7441005243417,223.51260083658417,60.9082722832331,11,1.1,1.9037427911273153,169,D_pmar=0.054_dist=500_repair_6_males=6_nmar=5,6,5
0.054,10,0,0,70.5382492206459,225.11580112399767,61.244505114792624,15,1.5000000000000002,1.631603735514781,16,D_pmar=0.054_dist=500_repair_6_males=6_nmar=5,6,5
0.054,2,0,500,68.3345596720354,229.5465535390033,59.32179412963659,8,0.7999999999999999,2.166163463370097,16,D_pmar=0.054_dist=500_repair_6_males=6_nmar=5,6,5
0.054,7,500,0,72.34330930068602,259.8510585377674,24.722571521294046,11,1.1,2.074556580748842,16,D_pmar=0.054_dist=500_repair_6_males=6_nmar=5,6,5
0,15,500,500,76.6843984927311,230.8506694883297,52.85806621094966,0,0,0,16,D_pmar=0.054_dist=500_repair_6_males=6_nmar=5,6,5
0.054,13,1000,0,70.90325446255076,219.18119156164323,66.92428449192545,12,1.2,1.8561056987054056,16,D_pmar=0.054_dist=500_repair_6_males=6_nmar=5,6,5
0.054,7,1000,500,69.73044964551369,224.76654774497817,62.693452956448986,9,0.8999999999999999,1.9396392861945324,16,D_pmar=0.054_dist=500_repair_6_males=6_nmar=5,6,5
0.054,5,0,0,75.3970996414464,249.5314359930833,30.393230090270663,14,1.4,3.3860137573380573,170,D_pmar=0.054_dist=500_repair_6_males=6_nmar=5,6,5
0,7,0,500,69.20407288742227,236.18862052278004,54.607550337002415,0,0,0,170,D_pmar=0.054_dist=500_repair_6_males=6_nmar=5,6,5
0.054,12,500,0,72.6787581075416,200.38812350134697,85.00139167301366,6,0.6,1.3888888888888886,170,D_pmar=0.054_dist=500_repair_6_males=6_nmar=5,6,5
0.054,14,500,500,70.98834788066087,201.35488052553737,85.0821272667614,12,1.2,1.4001222540332998,170,D_pmar=0.054_dist=500_repair_6_males=6_nmar=5,6,5
0.054,8,1000,0,72.669285411264255,228.81888496270537,55.154921478045566,13,1.3,2.284005730516485,170,D_pmar=0.054_dist=500_repair_6_males=6_nmar=5,6,5
0.054,8,1000,500,69.84240129911659,238.1977122070637,48.8178652060826,14,1.4,1.8374584166951555,170,D_pmar=0.054_dist=500_repair_6_males=6_nmar=5,6,5
0.054,10,0,0,71.10219898750738,219.8000526295574,66.30567101854186,10,1,2.034384199235033,171,D_pmar=0.054_dist=500_repair_6_males=6_nmar=5,6,5
0.054,8,0,500,70.73858921575376,230.50702711131473,55.25523939261428,14,1.4,2.1031692654131904,171,D_pmar=0.054_dist=500_repair_6_males=6_nmar=5,6,5
0.054,12,500,0,66.63302033840536,233.947034716734,55.26158914397293,18,1.8000000000000005,2.4116612542609643,171,D_pmar=0.054_dist=500_repair_6_males=6_nmar=5,6,5
0.054,8,500,500,69.67905489262944,226.8069732269456,60.954132841177206,8,0.7999999999999999,1.930051009287748,171,D_pmar=0.054_dist=500_repair_6_males=6_nmar=5,6,5
0.054,9,1000,0,72.34357009675391,187.11014803614313,97.8521871412363,13,1.3,1.427241996516027,171,D_pmar=0.054_dist=500_repair_6_males=6_nmar=5,6,5
0,7,1000,500,70.23012496734205,241.31629785213923,48.72157897388153,0,0,0,171,D_pmar=0.054_dist=500_repair_6_males=6_nmar=5,6,5
0.054,7,0,0,69.47995850642822,205.15425856837797,82.27591819527248,15,1.5000000000000002,1.761107287595153,172,D_pmar=0.054_dist=500_repair_6_males=6_nmar=5,6,5
0,10,0,500,70.043470821581,241.36581853094867,48.681849130267246,0,0,0,172,D_pmar=0.054_dist=500_repair_6_males=6_nmar=5,6,5
0.054,5,500,0,67.04242575461848,264.41253730288366,24.361204878325907,13,1.3,2.935821180887202,172,D_pmar=0.054_dist=500_repair_6_males=6_nmar=5,6,5
0.054,12,500,500,67.9318747923673,233.98033932319413,55.06194187626105,13,1.3,1.7529611588277274,172,D_pmar=0.054_dist=500_repair_6_males=6_nmar=5,6,5
0.054,13,1000,0,68.99262748898362,208.5155478432741,79.78047192563918,10,1,1.7681661183067177,172,D_pmar=0.054_dist=500_repair_6_males=6_nmar=5,6,5
0.054,7,1000,500,69.85633326620462,214.142307618798,73.41494624813224,9,0.8999999999999999,1.8981481481481477,172,D_pmar=0.054_dist=500_repair_6_males=6_nmar=5,6,5
0.054,7,0,0,75.13166300361571,190.15402276204097,91.8513807815174,10,1,1.8749779604069612,173,D_pmar=0.054_dist=500_repair_6_males=6_nmar=5,6,5
0.054,11,0,500,72.0215558549577,228.88431522169068,55.803801912597635,13,1.3,1.9907407407407405,173,D_pmar=0.054_dist=500_repair_6_males=6_nmar=5,6,5
0,5,500,0,67.60613461237061,219.3056176626494,73.23133905010505,0,0,0,173,D_pmar=0.054_dist=500_repair_6_males=6_nmar=5,6,5
0.054,15,500,500,71.87323481168359,218.8295106307828,66.00640427595889,17,1.7000000000000004,1.7129629629629626,173,D_pmar=0.054_dist=500_repair_6_males=6_nmar=5,6,5
0.054,8,1000,0,69.60879548815278,202.06776624362175,85.33984669924374,13,1.3,1.684480384761584,173,D_pmar=0.054_dist=500_repair_6_males=6_nmar=5,6,5
0.054,8,1000,500,74.40786713727212,251.028503910762,30.483492289818443,14,1.4,2.8078393254376723,173,D_pmar=0.054_dist=500_repair_6_males=6_nmar=5,6,5
0.054,5,0,0,65.71578052946536,265.5849684441609,24.42956880132498,14,1.4,2.9292187883436585,174,D_pmar=0.054_dist=500_repair_6_males=6_nmar=5,6,5
0.054,13,0,500,70.19896205882894,243.6303209054778,42.77035611765085,12,1.2,2.2919489191856437,174,D_pmar=0.054_dist=500_repair_6_males=6_nmar=5,6,5
0.054,10,500,0,68.75380195210069,220.91529440888792,67.3053256795962,10,1,2.052067810866982,174,D_pmar=0.054_dist=500_repair_6_males=6_nmar=5,6,5
0.054,7,500,500,69.87920172598716,196.35371880019477,91.8844294840566,8,0.7999999999999999,1.162871943923606,174,D_pmar=0.054_dist=500_repair_6_males=6_nmar=5,6,5
0,7,1000,0,70.49202353852621,222.61215521555528,67.03748946094046,0,0,0,174,D_pmar=0.054_dist=500_repair_6_males=6_nmar=5,6,5
0.054,12,1000,500,70.6961784823722,219.04541083575415,66.74268649069116,16,1.6000000000000003,1.9302031553437544,174,D_pmar=0.054_dist=500_repair_6_males=6_nmar=5,6,5
0.054,7,0,0,73.20863011370285,233.914204379761,49.301746456703896,13,1.3,2.400275743060546,175,D_pmar=0.054_dist=500_repair_6_males=6_nmar=5,6,5
0.054,5,0,500,70.50467999825565,254.95472003289115,30.556322509468917,13,1.3,2.7254656335689296,175,D_pmar=0.054_dist=500_repair_6_males=6_nmar=5,6,5
0,9,500,0,69.55490294989683,229.3198566960584,61.21334829824238,0,0,0,175,D_pmar=0.054_dist=500_repair_6_males=6_nmar=5,6,5
0.054,19,500,500,74.25791627050398,209.42168084215865,73.31809123891988,11,1.1,1.972527857305472,175,D_pmar=0.054_dist=500_repair_6_males=6_nmar=5,6,5
0.054,3,1000,0,70.28451297145993,256.74552499664026,30.37812571309612,3,0.30000000000000004,2.351500794611291,175,D_pmar=0.054_dist=500_repair_6_males=6_nmar=5,6,5
0.054,11,1000,500,74.81825385641983,203.1824075114293,79.11588647366773,13,1.3,1.716253139438216,175,D_pmar=0.054_dist=500_repair_6_males=6_nmar=5,6,5
0.054,15,0,0,68.02634321480558,232.46111681030408,56.07704922100575,13,1.3,2.222352328685192,176,D_pmar=0.054_dist=500_repair_6_males=6_nmar=5,6,5
0.054,7,0,500,73.97860320411972,197.26696587176613,85.73566048482263,12,1.2,2.0812890797553565,176,D_pmar=0.054_dist=500_repair_6_males=6_nmar=5,6,5
0,12,500,0,71.9482802476899,226.50862874565263,61.632375142205504,0,0,0,176,D_pmar=0.054_dist=500_repair_6_males=6_nmar=5,6,5
0.054,4,500,500,71.10572366256292,236.50973854187149,48.64533193886696,14,1.4,2.5241118185264524,176,D_pmar=0.054_dist=500_repair_6_males=6_nmar=5,6,5
0.054,6,1000,0,68.11478561997025,221.42767023239625,67.43126248821241,13,1.3,1.819926951119213,176,D_pmar=0.054_dist=500_repair_6_males=6_nmar=5,6,5
0.054,10,1000,500,70.61004529091565,206.57309089552297,79.38282851373063,14,1.4,2.0370370370370368,176,D_pmar=0.054_dist=500_repair_6_males=6_nmar=5,6,5
0.054,10,0,0,68.81081144908342,221.5114303473763,67.1997210441479,10,1,1.5270963599184522,177,D_pmar=0.054_dist=500_repair_6_males=6_nmar=5,6,5
0.054,10,0,500,74.32713655617867,225.38352519601983,57.24255409831882,13,1.3,1.784559727855314,177,D_pmar=0.054_dist=500_repair_6_males=6_nmar=5,6,5
0.054,7,500,0,72.24458603759065,211.79280214785575,73.07602311239924,12,1.2,1.7906328485955405,177,D_pmar=0.054_dist=500_repair_6_males=6_nmar=5,6,5
0.054,0,500,500,72.34150182528406,270.7893008305957,12.312313487831473,13,1.3,3.3148736666844987,177,D_pmar=0.054_dist=500_repair_6_males=6_nmar=5,6,5
0,15,1000,0,72.14817043094268,189.7866790127493,98.14251198190568,0,0,0,177,D_pmar=0.054_dist=500_repair_6_males=6_nmar=5,6,5
0.054,12,1000,500,69.97250044051627,231.9385000202568,55.13287007803041,12,1.2,1.868701899568468,177,D_pmar=0.054_dist=500_repair_6_males=6_nmar=5,6,5
0,11,0,0,69.17947322841252,211.55453291988545,79.46163469190782,0,0,0,178,D_pmar=0.054_dist=500_repair_6_males=6_nmar=5,6,5
0.054,8,0,500,66.59251931581393,235.07909368285388,54.828439494159085,14,1.4,2.118222078836174,178,D_pmar=0.054_dist=500_repair_6_males=6_nmar=5,6,5
0.054,7,500,0,71.70422600709955,227.25817206549357,57.842017189018314,13,1.3,2.1251067238986936,178,D_pmar=0.054_dist=500_repair_6_males=6_nmar=5,6,5
0.054,8,500,500,71.16038314713782,200.74736843192989,85.35086342765601,12,1.2,1.8313124623196309,178,D_pmar=0.054_dist=500_repair_6_males=6_nmar=5,6,5
0.054,8,1000,0,72.43434453687281,229.5300122351738,55.14300007060326,13,1.3,1.7470401841435086,178,D_pmar=0.054_dist=500_repair_6_males=6_nmar=5,6,5
0.054,12,1000,500,71.25174478088614,242.97187783451855,42.999291064446425,10,1,1.86225165308093,178,D_pmar=0.054_dist=500_repair_6_males=6_nmar=5,6,5
0.054,10,0,0,71.62884275674377,191.09589900164053,95.04101767445836,7,0.7,1.5740740740740735,179,D_pmar=0.054_dist=500_repair_6_males=6_nmar=5,6,5
0.054,8,0,500,70.55127096433445,218.47572786153836,67.51829971413592,12,1.2,2.7320459865194353,179,D_pmar=0.054_dist=500_repair_6_males=6_nmar=5,6,5
0.054,11,500,0,70.50989281701018,225.35741948401423,60.67573653960295,16,1.6000000000000003,1.8685497535124616,179,D_pmar=0.054_dist=500_repair_6_males=6_nmar=5,6,5
0.054,10,500,500,73.60482781490043,245.61271577284265,36.639047467364954,14,1.4,2.8094844136753,179,D_pmar=0.054_dist=500_repair_6_males=6_nmar=5,6,5
0.054,10,1000,0,71.77766493200117,230.03476606314405,54.6531014495599,14,1.4,2.327011850337529,179,D_pmar=0.054_dist=500_repair_6_males=6_nmar=5,6,5
0,5,1000,500,72.56376643774354,226.2965441310862,61.169016605273,0,0,0,179,D_pmar=0.054_dist=500_repair_6_males=6_nmar=5,6,5
0.054,8,0,0,68.07838059839926,282.2429613661636,6.146519015523049,11,1.1,2.4768298122588157,17,D_pmar=0.054_dist=500_repair_6_males=6_nmar=5,6,5
0.054,17,0,500,71.63709563777428,188.33647166156513,97.5080535980922,12,1.2,1.5575062788764322,17,D_pmar=0.054_dist=500_repair_6_males=6_nmar=5,6,5
0.054,3,500,0,72.43988412076072,211.3746699627709,73.31770363144669,10,1,2.0158162296454907,17,D_pmar=0.054_dist=500_repair_6_males=6_nmar=5,6,5
0,8,500,500,70.49936616317217,168.8486141353711,120.67981846038816,0,0,0,17,D_pmar=0.054_dist=500_repair_6_males=6_nmar=5,6,5
0.054,9,1000,0,69.29649549896507,268.37770401914446,18.227359413227404,15,1.5000000000000002,2.6167044111190454,17,D_pmar=0.054_dist=500_repair_6_males=6_nmar=5,6,5
0.054,9,1000,500,69.1549335181977,239.20536958957555,48.63337077225053,12,1.2,2.0107288188766037,17,D_pmar=0.054_dist=500_repair_6_males=6_nmar=5,6,5
0.054,14,0,0,70.87094652130958,237.1152102144223,48.951554440333936,14,1.4,1.674739961798793,180,D_pmar=0.054_dist=500_repair_6_males=6_nmar=5,6,5
0.054,6,0,500,72.2151819284995,232.26729161486628,52.81960355124045,13,1.3,1.5740740740740735,180,D_pmar=0.054_dist=500_repair_6_males=6_nmar=5,6,5
0.054,12,500,0,72.01298840246986,199.69809690941497,85.62818984958733,10,1,1.7116001272443115,180,D_pmar=0.054_dist=500_repair_6_males=6_nmar=5,6,5
0,5,500,500,70.70187986799601,234.3218732650569,55.05470332635456,0,0,0,180,D_pmar=0.054_dist=500_repair_6_males=6_nmar=5,6,5
0.054,11,1000,0,72.23148555099397,175.2908944049501,109.96363088308324,11,1.1,1.504629629629629,180,D_pmar=0.054_dist=500_repair_6_males=6_nmar=5,6,5
0.054,6,1000,500,68.85506891868977,256.62041392349886,30.74597596417715,15,1.5000000000000002,2.487911031347221,180,D_pmar=0.054_dist=500_repair_6_males=6_nmar=5,6,5
0.054,9,0,0,70.08532764319557,250.4489732065599,36.56123690889594,11,1.1,1.85731638836805,181,D_pmar=0.054_dist=500_repair_6_males=6_nmar=5,6,5
0.054,12,0,500,73.72455861855089,186.01556902720847,97.28053694731364,15,1.5000000000000002,1.552571014163552,181,D_pmar=0.054_dist=500_repair_6_males=6_nmar=5,6,5
0.054,5,500,0,68.72454272855299,238.98596174738472,49.058718183102144,12,1.2,2.121005023101146,181,D_pmar=0.054_dist=500_repair_6_males=6_nmar=5,6,5
0.054,9,500,500,65.94773587865267,229.25938429244903,61.853414620194805,7,0.7,2.377634827122678,181,D_pmar=0.054_dist=500_repair_6_males=6_nmar=5,6,5
0.054,7,1000,0,68.90934499338105,245.05000757192025,42.65480320804288,11,1.1,2.319068661668371,181,D_pmar=0.054_dist=500_repair_6_males=6_nmar=5,6,5
0,12,1000,500,71.40138525421509,239.83737852616483,48.7731157547833,0,0,0,181,D_pmar=0.054_dist=500_repair_6_males=6_nmar=5,6,5
0.054,9,0,0,66.5376513251416,229.56111377941428,61.4559589931244,9,0.8999999999999999,1.7826896599263824,182,D_pmar=0.054_dist=500_repair_6_males=6_nmar=5,6,5
0.054,11,0,500,69.55728435519532,233.37032748842807,54.942485093485146,7,0.7,1.7232106181360345,182,D_pmar=0.054_dist=500_repair_6_males=6_nmar=5,6,5
0.054,5,500,0,72.4549807516737,220.19964896285617,64.12767022524736,14,1.4,1.827340867985052,182,D_pmar=0.054_dist=500_repair_6_males=6_nmar=5,6,5
0,5,500,500,69.59513562802456,235.4723533541587,54.96596165818869,0,0,0,182,D_pmar=0.054_dist=500_repair_6_males=6_nmar=5,6,5
0.054,16,1000,0,68.10329697492863,221.16577451297215,67.39181032244174,17,1.7000000000000004,1.6898148148148144,182,D_pmar=0.054_dist=500_repair_6_males=6_nmar=5,6,5
0.054,8,1000,500,71.69379133221572,235.71873163515443,49.33300710492807,11,1.1,2.259893911990036,182,D_pmar=0.054_dist=500_repair_6_males=6_nmar=5,6,5
0,4,0,0,67.9000811030633,286.2892592536042,6.010273212490511,0,0,0,183,D_pmar=0.054_dist=500_repair_6_males=6_nmar=5,6,5
0.054,7,0,500,71.07664800620024,219.2221062430196,67.14114259364862,11,1.1,1.505593300007931,183,D_pmar=0.054_dist=500_repair_6_males=6_nmar=5,6,5
0.054,7,500,0,72.35061490818055,230.03118566728028,55.00353513984823,7,0.7,1.945255968766738,183,D_pmar=0.054_dist=500_repair_6_males=6_nmar=5,6,5
0.054,5,500,500,70.83127509773881,213.85931882903213,73.0591603164653,6,0.6,1.6739284374764989,183,D_pmar=0.054_dist=500_repair_6_males=6_nmar=5,6,5
0.054,11,1000,0,70.92735713305387,267.9795487329021,18.05976791947896,7,0.7,2.3504422510046523,183,D_pmar=0.054_dist=500_repair_6_males=6_nmar=5,6,5
0.054,20,1000,500,69.09477485995144,244.61887007220443,43.227193608779736,12,1.2,1.9302031553437544,183,D_pmar=0.054_dist=500_repair_6_males=6_nmar=5,6,5
0.054,14,0,0,70.90613137233657,249.45591743728255,36.1882133854882,11,1.1,2.429192719836907,184,D_pmar=0.054_dist=500_repair_6_males=6_nmar=5,6,5
0.054,8,0,500,70.88606162142536,257.858473804944,27.044471646852006,16,1.6000000000000003,2.7317637340004612,184,D_pmar=0.054_dist=500_repair_6_males=6_nmar=5,6,5
0.054,8,500,0,73.28953409369424,175.30420797428778,109.82850725875169,6,0.6,1.2437018995684683,184,D_pmar=0.054_dist=500_repair_6_males=6_nmar=5,6,5
0.054,4,500,500,71.23923234043123,272.31602049732174,12.396064402564209,16,1.6000000000000003,2.607775512478548,184,D_pmar=0.054_dist=500_repair_6_males=6_nmar=5,6,5
0.054,9,1000,0,74.50335384468524,227.85724967049543,55.12261433705748,7,0.7,1.859113622661684,184,D_pmar=0.054_dist=500_repair_6_males=6_nmar=5,6,5
0,11,1000,500,69.34609481484199,193.45267731386156,97.46139297059624,0,0,0,184,D_pmar=0.054_dist=500_repair_6_males=6_nmar=5,6,5
0.054,7,0,0,70.93141371346464,236.59382121960255,48.727807547625574,14,1.4,2.3775619934873795,185,D_pmar=0.054_dist=500_repair_6_males=6_nmar=5,6,5
0.054,9,0,500,74.44335224054055,234.9382256584603,47.675619257170446,11,1.1,1.90988874550284,185,D_pmar=0.054_dist=500_repair_6_males=6_nmar=5,6,5
0,6,500,0,71.4581020198526,270.2878083873273,18.324688282910294,0,0,0,185,D_pmar=0.054_dist=500_repair_6_males=6_nmar=5,6,5
0.054,13,500,500,69.9076163262612,214.2323476732604,73.16608933583994,9,0.8999999999999999,1.9915522650630344,185,D_pmar=0.054_dist=500_repair_6_males=6_nmar=5,6,5
0.054,8,1000,0,70.62497971565952,213.28845081819915,72.89960756845093,14,1.4,1.909381513292559,185,D_pmar=0.054_dist=500_repair_6_males=6_nmar=5,6,5
0.054,11,1000,500,70.43576398177204,201.8529062939729,85.47220158098918,9,0.8999999999999999,1.579538610590273,185,D_pmar=0.054_dist=500_repair_6_males=6_nmar=5,6,5
0.054,6,0,0,75.91148922126231,237.33536748441415,42.81419756217601,12,1.2,2.9232249800241403,186,D_pmar=0.054_dist=500_repair_6_males=6_nmar=5,6,5
0.054,8,0,500,74.0556233732192,209.7228081561993,73.68942827197934,10,1,1.84853963578356,186,D_pmar=0.054_dist=500_repair_6_males=6_nmar=5,6,5
0.054,13,500,0,72.63173658089464,204.9017969316285,79.59068498058332,13,1.3,1.6587234779975082,186,D_pmar=0.054_dist=500_repair_6_males=6_nmar=5,6,5
0.054,12,500,500,71.30720239756577,230.9140948221459,55.21809056655666,10,1,1.6044839930320542,186,D_pmar=0.054_dist=500_repair_6_males=6_nmar=5,6,5
0.054,10,1000,0,69.05831095162554,238.5574619755787,48.91239001380396,15,1.5000000000000002,2.014018995351857,186,D_pmar=0.054_dist=500_repair_6_males=6_nmar=5,6,5
0,5,1000,500,71.20516321903705,228.58032226040655,60.229331144494864,0,0,0,186,D_pmar=0.054_dist=500_repair_6_males=6_nmar=5,6,5
0.054,9,0,0,72.8717479246208,187.98381592835145,96.83747433977928,9,0.8999999999999999,1.585307439218485,187,D_pmar=0.054_dist=500_repair_6_males=6_nmar=5,6,5
0.054,17,0,500,70.20462744252886,231.8470658006497,54.95914739601377,13,1.3,1.7817259895480813,187,D_pmar=0.054_dist=500_repair_6_males=6_nmar=5,6,5
0.054,11,500,0,71.20831510657138,261.1473071784669,24.44153229264784,13,1.3,2.07470872680485,187,D_pmar=0.054_dist=500_repair_6_males=6_nmar=5,6,5
0.054,3,500,500,70.11688121838559,219.5058610105,67.06767689115452,14,1.4,2.0436173899875434,187,D_pmar=0.054_dist=500_repair_6_males=6_nmar=5,6,5
0.054,7,1000,0,71.47225126266105,242.5371197237004,42.80522214022686,10,1,2.286687322767712,187,D_pmar=0.054_dist=500_repair_6_males=6_nmar=5,6,5
0,7,1000,500,70.41449076781589,216.3379898752321,73.35331734134635,0,0,0,187,D_pmar=0.054_dist=500_repair_6_males=6_nmar=5,6,5
0,12,0,0,69.54390505217305,217.30923453973017,73.23759280725815,0,0,0,188,D_pmar=0.054_dist=500_repair_6_males=6_nmar=5,6,5
0.054,10,0,500,70.8827284476345,237.6764483319555,48.49296557633034,11,1.1,2.039645795652964,188,D_pmar=0.054_dist=500_repair_6_males=6_nmar=5,6,5
0.054,6,500,0,71.64574455861202,217.73327416958136,67.26280124783266,16,1.6000000000000003,1.8551420283271047,188,D_pmar=0.054_dist=500_repair_6_males=6_nmar=5,6,5
0.054,11,500,500,69.11036325955565,204.3749695918868,84.54856396183912,5,0.5,1.5109056904681226,188,D_pmar=0.054_dist=500_repair_6_males=6_nmar=5,6,5
0.054,9,1000,0,70.54343332375792,262.17336977651354,24.12811192841161,13,1.3,2.176889596304228,188,D_pmar=0.054_dist=500_repair_6_males=6_nmar=5,6,5
0.054,6,1000,500,72.62820811879459,229.01953760472855,54.85929455367624,13,1.3,2.2476748368742863,188,D_pmar=0.054_dist=500_repair_6_males=6_nmar=5,6,5
0.054,9,0,0,69.43360617576914,240.86797212254424,45.994040427028104,12,1.2,2.5465785488152757,189,D_pmar=0.054_dist=500_repair_6_males=6_nmar=5,6,5
0,8,0,500,68.894946760767,204.01737884149625,87.09715192938492,0,0,0,189,D_pmar=0.054_dist=500_repair_6_males=6_nmar=5,6,5
0.054,9,500,0,73.42627236500103,173.3621234021485,110.26937592908548,16,1.6000000000000003,1.5175080830116674,189,D_pmar=0.054_dist=500_repair_6_males=6_nmar=5,6,5
0.054,6,500,500,71.91852661191137,248.0652197194316,36.68112128145344,12,1.2,2.18863019365892,189,D_pmar=0.054_dist=500_repair_6_males=6_nmar=5,6,5
0.054,12,1000,0,72.7760357066213,229.21816948599292,54.974604465241775,12,1.2,1.8981481481481477,189,D_pmar=0.054_dist=500_repair_6_males=6_nmar=5,6,5
0.054,10,1000,500,72.17989502594743,229.56447065206436,54.85942184207906,13,1.3,2.109771657956735,189,D_pmar=0.054_dist=500_repair_6_males=6_nmar=5,6,5
0.054,11,0,0,69.42973061313896,238.0902471141545,48.655471211307734,18,1.8000000000000005,2.1056479175661496,18,D_pmar=0.054_dist=500_repair_6_males=6_nmar=5,6,5
0.054,3,0,500,68.03187285170665,226.96748815278056,61.49737936056355,14,1.4,2.1337313304271777,18,D_pmar=0.054_dist=500_repair_6_males=6_nmar=5,6,5
0.054,13,500,0,70.62393205660183,212.18170061713195,73.396636594391,15,1.5000000000000002,2.3078352965239595,18,D_pmar=0.054_dist=500_repair_6_males=6_nmar=5,6,5
0,10,500,500,71.06554763155545,222.3886561154761,66.76869426638193,0,0,0,18,D_pmar=0.054_dist=500_repair_6_males=6_nmar=5,6,5
0.054,6,1000,0,69.4393650837088,213.3128049613837,75.0393413734467,10,1,1.2499999999999998,18,D_pmar=0.054_dist=500_repair_6_males=6_nmar=5,6,5
0.054,11,1000,500,71.42186871304733,212.0948409525688,73.4558302141308,9,0.8999999999999999,2.243173970736387,18,D_pmar=0.054_dist=500_repair_6_males=6_nmar=5,6,5
0.054,8,0,0,72.03159696857726,260.4388330812186,24.592093997843467,7,0.7,2.3189165156123637,190,D_pmar=0.054_dist=500_repair_6_males=6_nmar=5,6,5
0.054,11,0,500,68.74228970756693,245.24692897142236,42.30078964125238,16,1.6000000000000003,2.1868549989583244,190,D_pmar=0.054_dist=500_repair_6_males=6_nmar=5,6,5
0.054,11,500,0,68.57238549610476,227.852357080051,60.80180257164668,10,1,1.8647303052338893,190,D_pmar=0.054_dist=500_repair_6_males=6_nmar=5,6,5
0.054,7,500,500,68.68615143006537,257.1308675406072,30.461698849657378,11,1.1,2.636061865437843,190,D_pmar=0.054_dist=500_repair_6_males=6_nmar=5,6,5
0,7,1000,0,67.53862297623913,206.6998790792568,85.90167568276613,0,0,0,190,D_pmar=0.054_dist=500_repair_6_males=6_nmar=5,6,5
0.054,10,1000,500,73.33783722895849,223.0461267291253,61.0509466968624,6,0.6,1.9669111747332664,190,D_pmar=0.054_dist=500_repair_6_males=6_nmar=5,6,5
0.054,6,0,0,72.41010327863852,217.27804065009204,66.97238780821236,17,1.7000000000000004,1.833638968416583,191,D_pmar=0.054_dist=500_repair_6_males=6_nmar=5,6,5
0.054,13,0,500,71.38964651981283,206.3943693928921,79.58672690798603,10,1,1.7544541010093473,191,D_pmar=0.054_dist=500_repair_6_males=6_nmar=5,6,5
0,8,500,0,71.22138292538365,214.8606861882447,73.9430803673735,0,0,0,191,D_pmar=0.054_dist=500_repair_6_males=6_nmar=5,6,5
0.054,10,500,500,73.92072682648552,232.8411796929532,49.10442244536934,16,1.6000000000000003,2.605601152437602,191,D_pmar=0.054_dist=500_repair_6_males=6_nmar=5,6,5
0.054,7,1000,0,70.44691245157057,198.48154779583132,88.25025521809872,11,1.1,1.78719052606428,191,D_pmar=0.054_dist=500_repair_6_males=6_nmar=5,6,5
0.054,10,1000,500,74.0870633732268,246.34282498639033,36.48605873630181,12,1.2,2.128948211770304,191,D_pmar=0.054_dist=500_repair_6_males=6_nmar=5,6,5
0.054,8,0,0,69.82175347659296,231.4438586004528,55.34453209881751,15,1.5000000000000002,2.047436838266116,192,D_pmar=0.054_dist=500_repair_6_males=6_nmar=5,6,5
0,5,0,500,69.48465477107982,229.5570050266633,61.01709360444942,0,0,0,192,D_pmar=0.054_dist=500_repair_6_males=6_nmar=5,6,5
0.054,11,500,0,68.51027987441648,192.61353757498264,95.81370720557234,14,1.4,1.782407407407407,192,D_pmar=0.054_dist=500_repair_6_males=6_nmar=5,6,5
0.054,6,500,500,75.65360640475544,220.6687928129868,60.67081662817913,10,1,2.268648624981489,192,D_pmar=0.054_dist=500_repair_6_males=6_nmar=5,6,5
0.054,12,1000,0,69.70073410644346,242.32902227464265,45.01566112717163,8,0.7999999999999999,2.236064345982562,192,D_pmar=0.054_dist=500_repair_6_males=6_nmar=5,6,5
0.054,12,1000,500,72.21597479925497,248.35943156122187,36.42061245569344,12,1.2,1.9844426403092088,192,D_pmar=0.054_dist=500_repair_6_males=6_nmar=5,6,5
0.054,12,0,0,70.40904495510195,249.41694230383007,36.52689150590016,14,1.4,2.313147686984152,193,D_pmar=0.054_dist=500_repair_6_males=6_nmar=5,6,5
0.054,6,0,500,69.93112229061475,196.27795273595544,91.65534315498172,8,0.7999999999999999,1.4424469559950173,193,D_pmar=0.054_dist=500_repair_6_males=6_nmar=5,6,5
0.054,9,500,0,69.98215733219791,244.4197233542602,42.71462467132291,6,0.6,2.480424280846083,193,D_pmar=0.054_dist=500_repair_6_males=6_nmar=5,6,5
0.054,9,500,500,72.78486977201516,252.8872381778112,30.485173158489584,16,1.6000000000000003,2.4128719439236095,193,D_pmar=0.054_dist=500_repair_6_males=6_nmar=5,6,5
0,9,1000,0,70.47475568033737,246.85710395172916,42.76279538913308,0,0,0,193,D_pmar=0.054_dist=500_repair_6_males=6_nmar=5,6,5
0.054,9,1000,500,71.6930089498801,206.19608804461015,79.66295421027398,10,1,1.696395167765321,193,D_pmar=0.054_dist=500_repair_6_males=6_nmar=5,6,5
0.054,11,0,0,71.97735383992607,242.09534646592255,42.88741547589771,8,0.7999999999999999,2.2739610154416807,194,D_pmar=0.054_dist=500_repair_6_males=6_nmar=5,6,5
0.054,4,0,500,69.71906037764555,268.50045672151845,18.32331354609281,14,1.4,2.1051186457628304,194,D_pmar=0.054_dist=500_repair_6_males=6_nmar=5,6,5
0,9,500,0,72.1206971047157,198.40771480222529,89.67752292027214,0,0,0,194,D_pmar=0.054_dist=500_repair_6_males=6_nmar=5,6,5
0.054,11,500,500,73.17727830115952,222.5063733314284,61.01299714125648,12,1.2,2.10810453012607,194,D_pmar=0.054_dist=500_repair_6_males=6_nmar=5,6,5
0.054,13,1000,0,71.7244990846418,249.1050550822023,36.8189916652263,7,0.7,1.77542788911655,194,D_pmar=0.054_dist=500_repair_6_males=6_nmar=5,6,5
0.054,6,1000,500,71.06767197662622,212.83059053912748,73.31596752860723,13,1.3,1.6562448258445497,194,D_pmar=0.054_dist=500_repair_6_males=6_nmar=5,6,5
0.054,13,0,0,66.65326311368862,247.85572788193684,42.40253813798971,13,1.3,1.9601566361337148,195,D_pmar=0.054_dist=500_repair_6_males=6_nmar=5,6,5
0,10,0,500,70.53804394339306,240.9678964393821,48.668814217381026,0,0,0,195,D_pmar=0.054_dist=500_repair_6_males=6_nmar=5,6,5
0.054,9,500,0,68.28787419953112,215.43390362749832,73.34135594285885,9,0.8999999999999999,2.053205666894328,195,D_pmar=0.054_dist=500_repair_6_males=6_nmar=5,6,5
0.054,3,500,500,68.9212946179782,232.18388356014376,56.223958959020635,8,0.7999999999999999,2.069092044232644,195,D_pmar=0.054_dist=500_repair_6_males=6_nmar=5,6,5
0.054,7,1000,0,72.57829105111439,240.83888691014803,43.27213973221084,12,1.2,2.32304025600295,195,D_pmar=0.054_dist=500_repair_6_males=6_nmar=5,6,5
0.054,12,1000,500,69.4774517939911,232.89529030945505,54.80113211718842,11,1.1,1.8158032107286273,195,D_pmar=0.054_dist=500_repair_6_males=6_nmar=5,6,5
0,4,0,0,67.79302824901424,259.806582003389,32.586462354436875,0,0,0,196,D_pmar=0.054_dist=500_repair_6_males=6_nmar=5,6,5
0.054,9,0,500,70.07734945947654,231.50401675588165,54.974127981717906,13,1.3,2.162648307203538,196,D_pmar=0.054_dist=500_repair_6_males=6_nmar=5,6,5
0.054,8,500,0,69.19899853343749,232.1404529482344,55.18491885366719,16,1.6000000000000003,1.9036126846643464,196,D_pmar=0.054_dist=500_repair_6_males=6_nmar=5,6,5
0.054,12,500,500,72.88046627539723,211.5936577476091,73.22022623640801,8,0.7999999999999999,1.6795451200487042,196,D_pmar=0.054_dist=500_repair_6_males=6_nmar=5,6,5
0.054,8,1000,0,67.37586105517707,240.78744429103023,48.87778697398625,10,1,1.9781445398776776,196,D_pmar=0.054_dist=500_repair_6_males=6_nmar=5,6,5
0.054,13,1000,500,69.61469414860045,190.4679580695017,96.90101953319586,13,1.3,1.7759571609198688,196,D_pmar=0.054_dist=500_repair_6_males=6_nmar=5,6,5
0,12,0,0,69.96140886522824,228.77780906423828,61.3389895489894,0,0,0,197,D_pmar=0.054_dist=500_repair_6_males=6_nmar=5,6,5
0.054,8,0,500,72.43458629463159,235.30501403160252,48.992159941032845,11,1.1,2.213445469637733,197,D_pmar=0.054_dist=500_repair_6_males=6_nmar=5,6,5
0.054,12,500,0,71.1382315755472,225.20789478992216,60.93993545325137,9,0.8999999999999999,1.8233692736504727,197,D_pmar=0.054_dist=500_repair_6_males=6_nmar=5,6,5
0.054,4,500,500,68.66647086866371,233.45423360416055,54.96686911426057,10,1,1.9341747496783337,197,D_pmar=0.054_dist=500_repair_6_males=6_nmar=5,6,5
0.054,6,1000,0,70.12135578331913,250.17347062281695,36.921947460027134,7,0.7,2.2574152598370767,197,D_pmar=0.054_dist=500_repair_6_males=6_nmar=5,6,5
0.054,12,1000,500,69.63131556132163,222.0182655020209,64.57168292325929,17,1.7000000000000004,2.3213951677653237,197,D_pmar=0.054_dist=500_repair_6_males=6_nmar=5,6,5
0.054,7,0,0,72.45014082794994,218.1849596044993,66.98463782069952,7,0.7,1.7592592592592589,198,D_pmar=0.054_dist=500_repair_6_males=6_nmar=5,6,5
0.054,10,0,500,69.43451036812387,207.07630352656523,79.513895381371,17,1.7000000000000004,2.2909852488073423,198,D_pmar=0.054_dist=500_repair_6_males=6_nmar=5,6,5
0.054,11,500,0,65.7550134714849,230.01762835247465,61.3540193419794,13,1.3,1.8158032107286273,198,D_pmar=0.054_dist=500_repair_6_males=6_nmar=5,6,5
0.054,9,500,500,70.37916240526594,242.7641060889071,42.66130067802845,15,1.5000000000000002,2.847786727260177,198,D_pmar=0.054_dist=500_repair_6_males=6_nmar=5,6,5
0.054,8,1000,0,72.74351319086517,230.91362970133125,53.719532233978825,9,0.8999999999999999,1.931543951469368,198,D_pmar=0.054_dist=500_repair_6_males=6_nmar=5,6,5
0,9,1000,500,71.42051574525104,225.7067744772947,63.081663251844326,0,0,0,198,D_pmar=0.054_dist=500_repair_6_males=6_nmar=5,6,5
0.054,10,0,0,71.00067793207597,254.9849628200872,30.365241424757865,16,1.6000000000000003,2.1848327849733855,199,D_pmar=0.054_dist=500_repair_6_males=6_nmar=5,6,5
0,12,0,500,73.26774365846987,213.27868092339415,73.52493537836301,0,0,0,199,D_pmar=0.054_dist=500_repair_6_males=6_nmar=5,6,5
0.054,11,500,0,68.03166328269754,191.27131606566897,97.84059589310398,12,1.2,1.711600127244311,199,D_pmar=0.054_dist=500_repair_6_males=6_nmar=5,6,5
0.054,4,500,500,68.89471005445367,256.83073141103114,30.662570844709904,10,1,2.626248608839752,199,D_pmar=0.054_dist=500_repair_6_males=6_nmar=5,6,5
0.054,6,1000,0,68.366555229842,234.0376611421584,54.98822048769296,8,0.7999999999999999,1.8804645365161985,199,D_pmar=0.054_dist=500_repair_6_males=6_nmar=5,6,5
0.054,11,1000,500,68.37103241566307,209.48567209215804,79.14323062345827,14,1.4,1.7238920359953602,199,D_pmar=0.054_dist=500_repair_6_males=6_nmar=5,6,5
0.054,15,0,0,70.54750799449425,242.01247578231897,44.19882374462973,15,1.5000000000000002,1.778435813072828,19,D_pmar=0.054_dist=500_repair_6_males=6_nmar=5,6,5
0.054,5,0,500,70.60557183578821,226.43250770238507,61.06201622292341,4,0.4,1.6882998330401566,19,D_pmar=0.054_dist=500_repair_6_males=6_nmar=5,6,5
0.054,13,500,0,67.9154430690589,227.86515729778552,60.96498589580996,12,1.2,2.0690920442326437,19,D_pmar=0.054_dist=500_repair_6_males=6_nmar=5,6,5
0,11,500,500,68.74845454576085,212.10890845721917,79.23463951960336,0,0,0,19,D_pmar=0.054_dist=500_repair_6_males=6_nmar=5,6,5
0.054,2,1000,0,72.35920529827874,205.59895805336492,79.48115731723908,11,1.1,1.6697826574928747,19,D_pmar=0.054_dist=500_repair_6_males=6_nmar=5,6,5
0.054,8,1000,500,70.13288635601005,261.4549673505989,24.253540219063805,16,1.6000000000000003,2.6998388332678225,19,D_pmar=0.054_dist=500_repair_6_males=6_nmar=5,6,5
0.054,1,0,0,72.78483727860049,248.02470272896144,36.420317569392104,9,0.8999999999999999,1.879174534432846,200,D_pmar=0.054_dist=500_repair_6_males=6_nmar=5,6,5
0,9,0,500,72.71906148030166,214.02686516356775,73.5070695934409,0,0,0,200,D_pmar=0.054_dist=500_repair_6_males=6_nmar=5,6,5
0.054,11,500,0,71.72214856886872,164.3188749245401,122.1261056421668,9,0.8999999999999999,1.024135201090724,200,D_pmar=0.054_dist=500_repair_6_males=6_nmar=5,6,5
0.054,15,500,500,68.27612547322681,263.3869477854924,24.386019583970537,18,1.8000000000000005,2.2949568431419216,200,D_pmar=0.054_dist=500_repair_6_males=6_nmar=5,6,5
0.054,5,1000,0,66.91410259308022,216.0679879483344,73.42611199235205,11,1.1,2.527532101464673,200,D_pmar=0.054_dist=500_repair_6_males=6_nmar=5,6,5
0.054,13,1000,500,77.69701217786334,242.1590406548617,36.54601915111675,13,1.3,2.305508790427007,200,D_pmar=0.054_dist=500_repair_6_males=6_nmar=5,6,5
0.054,9,0,0,69.30265670516243,244.34735793170657,42.641035855864,15,1.5000000000000002,2.4046817359701067,201,D_pmar=0.054_dist=500_repair_6_males=6_nmar=5,6,5
0.054,10,0,500,69.63845805648958,244.0218450945805,42.36477743649042,12,1.2,2.8938007710375,201,D_pmar=0.054_dist=500_repair_6_males=6_nmar=5,6,5
0,10,500,0,71.16495450157839,191.20493787555463,97.76504434275462,0,0,0,201,D_pmar=0.054_dist=500_repair_6_males=6_nmar=5,6,5
0.054,9,500,500,71.38474695298862,243.22109787809623,42.866854441243426,5,0.5,2.1416745190963353,201,D_pmar=0.054_dist=500_repair_6_males=6_nmar=5,6,5
0.054,5,1000,0,72.43576767506643,248.56836117564455,36.523151258056245,9,0.8999999999999999,1.6653766645833137,201,D_pmar=0.054_dist=500_repair_6_males=6_nmar=5,6,5
0.054,11,1000,500,72.65401486746742,199.1771662695803,84.7821839841608,16,1.6000000000000003,1.8573163883680504,201,D_pmar=0.054_dist=500_repair_6_males=6_nmar=5,6,5
0.054,15,0,0,68.64988837916016,202.88523319940896,85.63478437096565,13,1.3,1.6666666666666663,202,D_pmar=0.054_dist=500_repair_6_males=6_nmar=5,6,5
0,10,0,500,69.3371399058828,235.9407570212626,54.981009686828926,0,0,0,202,D_pmar=0.054_dist=500_repair_6_males=6_nmar=5,6,5
0.054,5,500,0,68.89223550473326,226.87406314727377,60.82393217365275,11,1.1,2.3104440551398873,202,D_pmar=0.054_dist=500_repair_6_males=6_nmar=5,6,5
0.054,7,500,500,70.25240652440627,226.30561241583115,60.82525360418352,10,1,1.829667374082004,202,D_pmar=0.054_dist=500_repair_6_males=6_nmar=5,6,5
0.054,5,1000,0,72.73609528046481,192.29008649189493,91.64967483584532,13,1.3,2.1773968285145084,202,D_pmar=0.054_dist=500_repair_6_males=6_nmar=5,6,5
0.054,12,1000,500,73.27471885693512,248.6517320310145,34.19453794184156,17,1.7000000000000004,2.325743887847215,202,D_pmar=0.054_dist=500_repair_6_males=6_nmar=5,6,5
0.054,4,0,0,71.22182132457698,243.9084869661435,42.269742046969974,11,1.1,1.602157486935102,203,D_pmar=0.054_dist=500_repair_6_males=6_nmar=5,6,5
0.054,12,0,500,71.46375769483431,213.00260024013136,73.52594105523065,7,0.7,1.5023031235326771,203,D_pmar=0.054_dist=500_repair_6_males=6_nmar=5,6,5
0,9,500,0,68.74003684010829,242.18235572409657,49.11066372179609,0,0,0,203,D_pmar=0.054_dist=500_repair_6_males=6_nmar=5,6,5
0.054,16,500,500,71.28101358614009,188.16845005123113,97.78118521247818,13,1.3,1.5773642505493273,203,D_pmar=0.054_dist=500_repair_6_males=6_nmar=5,6,5
0.054,6,1000,0,72.1836464561233,242.69295157680952,42.44830343141841,10,1,1.9090772211805451,203,D_pmar=0.054_dist=500_repair_6_males=6_nmar=5,6,5
0.054,7,1000,500,70.93921432071595,254.81313720853467,30.310130880404692,14,1.4,2.538178921978096,203,D_pmar=0.054_dist=500_repair_6_males=6_nmar=5,6,5
0.054,4,0,0,72.38255384786972,242.0853825145344,42.4142082561624,10,1,2.3716410188031603,204,D_pmar=0.054_dist=500_repair_6_males=6_nmar=5,6,5
0,7,0,500,69.83327795037319,259.7534648776545,30.444233652856905,0,0,0,204,D_pmar=0.054_dist=500_repair_6_males=6_nmar=5,6,5
0.054,12,500,0,68.62504138752597,221.7678861185599,66.97737898264161,8,0.7999999999999999,1.8399370688481145,204,D_pmar=0.054_dist=500_repair_6_males=6_nmar=5,6,5
0.054,2,500,500,68.16604593719602,252.17096541349133,36.74602964719146,9,0.8999999999999999,2.065649721701384,204,D_pmar=0.054_dist=500_repair_6_males=6_nmar=5,6,5
0.054,17,1000,0,72.02360478420799,211.3003093250337,73.427931871809193,13,1.3,2.197711238355424,204,D_pmar=0.054_dist=500_repair_6_males=6_nmar=5,6,5
0.054,12,1000,500,66.68295556606648,210.50758343826683,79.3510582898718,14,1.4,2.16401114292219,204,D_pmar=0.054_dist=500_repair_6_males=6_nmar=5,6,5
0.054,3,0,0,72.52322763292547,221.4783323481956,62.534474141128094,12,1.2,2.4703795657712777,205,D_pmar=0.054_dist=500_repair_6_males=6_nmar=5,6,5
0,12,0,500,71.4587736554491,233.83878225920316,54.83250832596721,0,0,0,205,D_pmar=0.054_dist=500_repair_6_males=6_nmar=5,6,5
0.054,6,500,0,68.06152539323926,203.12483939084288,85.68922301190139,14,1.4,1.7473444762555217,205,D_pmar=0.054_dist=500_repair_6_males=6_nmar=5,6,5
0.054,8,500,500,67.50371167370207,269.99305376658515,18.487964302768145,15,1.5000000000000002,2.669936146520121,205,D_pmar=0.054_dist=500_repair_6_males=6_nmar=5,6,5
0.054,14,1000,0,67.8551422951826,240.5922327871222,48.63425730109371,8,0.7999999999999999,2.250834906886571,205,D_pmar=0.054_dist=500_repair_6_males=6_nmar=5,6,5
0.054,11,1000,500,71.04694839307196,188.5465215550759,97.71829841744008,12,1.2,1.5095648943425095,205,D_pmar=0.054_dist=500_repair_6_males=6_nmar=5,6,5
0.054,8,0,0,72.60453511433252,211.08765433440288,72.91861374247976,14,1.4,2.0067572245420244,206,D_pmar=0.054_dist=500_repair_6_males=6_nmar=5,6,5
0.054,5,0,500,70.50054840794569,225.10757245226108,60.76154694419778,15,1.5000000000000002,2.224149562978825,206,D_pmar=0.054_dist=500_repair_6_males=6_nmar=5,6,5
0.054,7,500,0,74.07098032555669,196.7091426601933,86.4878275899156,14,1.4,1.419298807846869,206,D_pmar=0.054_dist=500_repair_6_males=6_nmar=5,6,5
0.054,14,500,500,69.57339810273476,274.6810953663191,12.253557167970094,10,1,2.538860339837423,206,D_pmar=0.054_dist=500_repair_6_males=6_nmar=5,6,5
0.054,12,1000,0,72.4733742397564,251.59003534133225,33.33597773482331,8,0.7999999999999999,1.9900593228814143,206,D_pmar=0.054_dist=500_repair_6_males=6_nmar=5,6,5
0,8,1000,500,71.21178798108002,195.44888350544088,93.34907040542788,0,0,0,206,D_pmar=0.054_dist=500_repair_6_males=6_nmar=5,6,5
0.054,6,0,0,73.14889168359906,229.1713473491157,55.13256037878448,8,0.7999999999999999,1.8237463993977856,207,D_pmar=0.054_dist=500_repair_6_males=6_nmar=5,6,5
0.054,7,0,500,69.78913604314897,226.96163891292383,60.87280538983115,6,0.6,1.8655418295561836,207,D_pmar=0.054_dist=500_repair_6_males=6_nmar=5,6,5
0.054,13,500,0,70.1591503806781,263.09175231916026,24.202850394945447,5,0.5,2.0995019631906247,207,D_pmar=0.054_dist=500_repair_6_males=6_nmar=5,6,5
0,10,500,500,69.38933195175129,266.2266947790227,24.426137893534097,0,0,0,207,D_pmar=0.054_dist=500_repair_6_males=6_nmar=5,6,5
0.054,9,1000,0,69.47909458823158,238.4610209995248,49.08798590020665,12,1.2,1.7817259895480813,207,D_pmar=0.054_dist=500_repair_6_males=6_nmar=5,6,5
0.054,9,1000,500,71.8061417291467,230.2919631766476,54.76249843018019,13,1.3,2.013207471029563,207,D_pmar=0.054_dist=500_repair_6_males=6_nmar=5,6,5
0.054,7,0,0,69.46117077091577,256.434221722314,30.649050293115085,15,1.5000000000000002,1.999647599788199,208,D_pmar=0.054_dist=500_repair_6_males=6_nmar=5,6,5
0,9,0,500,71.8096157957596,179.95277137799792,108.4097186086354,0,0,0,208,D_pmar=0.054_dist=500_repair_6_males=6_nmar=5,6,5
0.054,9,500,0,67.42039429746684,192.45488854812663,97.36026148092854,9,0.8999999999999999,1.870194841750088,208,D_pmar=0.054_dist=500_repair_6_males=6_nmar=5,6,5
0.054,8,500,500,68.22421680320794,263.74074202622353,24.29153801500474,16,1.6000000000000003,2.3104440551398873,208,D_pmar=0.054_dist=500_repair_6_males=6_nmar=5,6,5
0.054,8,1000,0,69.01969140967171,227.4546959216344,60.89312594114035,10,1,1.7059834446721054,208,D_pmar=0.054_dist=500_repair_6_males=6_nmar=5,6,5
0.054,13,1000,500,65.27609986703017,248.88439427063375,43.003356668571286,10,1,2.0071343502893373,208,D_pmar=0.054_dist=500_repair_6_males=6_nmar=5,6,5
0.054,7,0,0,68.4388141313803,209.1773152393706,79.47392509504618,10,1,2.04526247822517,209,D_pmar=0.054_dist=500_repair_6_males=6_nmar=5,6,5
0.054,16,0,500,68.04586521716055,234.5221126304316,54.8599894679243,11,1.1,1.6891333969554887,209,D_pmar=0.054_dist=500_repair_6_males=6_nmar=5,6,5
0,5,500,0,69.63805699805502,243.25247157872988,47.284962534287864,0,0,0,209,D_pmar=0.054_dist=500_repair_6_males=6_nmar=5,6,5
0.054,5,500,500,68.6971153273258,258.07518815372737,30.321932951115976,7,0.7,2.3445941099557315,209,D_pmar=0.054_dist=500_repair_6_males=6_nmar=5,6,5
0.054,12,1000,0,71.44005770257493,230.6092935978602,55.09095189235803,12,1.2,1.6721312031828652,209,D_pmar=0.054_dist=500_repair_6_males=6_nmar=5,6,5
0.054,9,1000,500,69.24029057614511,232.60065099550812,54.79979243842687,13,1.3,2.073875162889517,209,D_pmar=0.054_dist=500_repair_6_males=6_nmar=5,6,5
0,10,0,0,68.04775502426521,224.3842556395815,67.57804260435607,0,0,0,20,D_pmar=0.054_dist=500_repair_6_males=6_nmar=5,6,5
0.054,9,0,500,70.47284028320017,242.95155546867045,42.84352908196511,13,1.3,2.532032967602573,20,D_pmar=0.054_dist=500_repair_6_males=6_nmar=5,6,5
0.054,6,500,0,72.07623706632144,210.94282217948893,73.5667151241655,16,1.6000000000000003,1.9907407407407405,20,D_pmar=0.054_dist=500_repair_6_males=6_nmar=5,6,5
0.054,8,500,500,70.57234618734212,213.94496293679924,73.05579091519738,8,0.7999999999999999,1.7347482753924597,20,D_pmar=0.054_dist=500_repair_6_males=6_nmar=5,6,5
0.054,13,1000,0,68.7984042701628,257.6917945018815,30.34600642082243,11,1.1,2.1051914793981292,20,D_pmar=0.054_dist=500_repair_6_males=6_nmar=5,6,5
0.054,8,1000,500,69.54600240315827,201.42606973080703,85.65664958562537,14,1.4,2.0101995470732845,20,D_pmar=0.054_dist=500_repair_6_males=6_nmar=5,6,5
0.054,9,0,0,71.81502342065549,260.0581040978465,24.561722171006434,14,1.4,2.4180894611554637,210,D_pmar=0.054_dist=500_repair_6_males=6_nmar=5,6,5
0,9,0,500,70.62952171394784,216.00395564387568,73.51908010023622,0,0,0,210,D_pmar=0.054_dist=500_repair_6_males=6_nmar=5,6,5
0.054,8,500,0,72.25553755217629,210.64912887021444,73.32787616504118,16,1.6000000000000003,2.285368566235137,210,D_pmar=0.054_dist=500_repair_6_males=6_nmar=5,6,5
0.054,8,500,500,74.21163056819941,276.5262813962338,6.080033656400007,8,0.7999999999999999,2.393673350517001,210,D_pmar=0.054_dist=500_repair_6_males=6_nmar=5,6,5
0.054,8,1000,0,68.14635064639721,197.9781046933127,91.76985924470488,7,0.7,1.6173624464140923,210,D_pmar=0.054_dist=500_repair_6_males=6_nmar=5,6,5
0.054,12,1000,500,72.96584444782138,210.5546109889282,73.40914885259,11,1.1,1.9994954537321925,210,D_pmar=0.054_dist=500_repair_6_males=6_nmar=5,6,5
0.054,7,0,0,72.28035035315033,247.6906528580267,36.31317977315829,15,1.5000000000000002,2.320713749905997,211,D_pmar=0.054_dist=500_repair_6_males=6_nmar=5,6,5
0.054,8,0,500,69.14277660268147,212.45493724027804,76.53033305290683,6,0.6,1.5023031235326771,211,D_pmar=0.054_dist=500_repair_6_males=6_nmar=5,6,5
0.054,10,500,0,71.93790685672154,253.7632556912689,30.435815305055847,16,1.6000000000000003,2.3045451200487057,211,D_pmar=0.054_dist=500_repair_6_males=6_nmar=5,6,5
0.054,9,500,500,67.63515734010019,197.97747297162067,92.1060347829102,10,1,1.444092044232644,211,D_pmar=0.054_dist=500_repair_6_males=6_nmar=5,6,5
0,13,1000,0,74.0219454719213,184.458699955243,101.5484558268514,0,0,0,211,D_pmar=0.054_dist=500_repair_6_males=6_nmar=5,6,5
0.054,7,1000,500,68.45035788377682,263.1125697004746,24.585473307669773,13,1.3,2.6201975276925644,211,D_pmar=0.054_dist=500_repair_6_males=6_nmar=5,6,5
0.054,5,0,0,70.40609327584185,214.17223935647735,72.94570456106861,11,1.1,1.525451271680825,212,D_pmar=0.054_dist=500_repair_6_males=6_nmar=5,6,5
0.054,16,0,500,68.32194305626352,255.7262178598096,33.410453996255214,8,0.7999999999999999,1.775957160919869,212,D_pmar=0.054_dist=500_repair_6_males=6_nmar=5,6,5
0.054,13,500,0,73.65707345491384,222.98280807200635,60.723515412619655,11,1.1,1.554063956345172,212,D_pmar=0.054_dist=500_repair_6_males=6_nmar=5,6,5
0.054,8,500,500,74.98878911311218,207.89185914423163,73.53382989952267,16,1.6000000000000003,2.068410626373318,212,D_pmar=0.054_dist=500_repair_6_males=6_nmar=5,6,5
0,4,1000,0,71.283519132294,252.06936991483403,36.856828251838216,0,0,0,212,D_pmar=0.054_dist=500_repair_6_males=6_nmar=5,6,5
0.054,8,1000,500,71.31605854606461,212.2372052444656,73.62873206209545,12,1.2,1.7462066202281763,212,D_pmar=0.054_dist=500_repair_6_males=6_nmar=5,6,5
0.054,11,0,0,75.71048746441265,221.1489194167777,60.458928770041744,12,1.2,1.5277777777777777,213,D_pmar=0.054_dist=500_repair_6_males=6_nmar=5,6,5
0,4,0,500,67.97400168872437,255.54168792831916,36.598360211215166,0,0,0,213,D_pmar=0.054_dist=500_repair_6_males=6_nmar=5,6,5
0.054,11,500,0,70.3353982852488,242.17382758499417,44.23350970910288,13,1.3,2.164974813300491,213,D_pmar=0.054_dist=500_repair_6_males=6_nmar=5,6,5
0.054,12,500,500,70.36485197348554,237.42187584667664,49.16233899305934,9,0.8999999999999999,2.2045165709972356,213,D_pmar=0.054_dist=500_repair_6_males=6_nmar=5,6,5
0.054,11,1000,0,71.50585013560394,225.1708264687201,60.93692228022259,9,0.8999999999999999,1.633248823752408,213,D_pmar=0.054_dist=500_repair_6_males=6_nmar=5,6,5
0.054,5,1000,500,66.54583831840827,217.76474387178817,73.11583465053332,11,1.1,1.5940621522099374,213,D_pmar=0.054_dist=500_repair_6_males=6_nmar=5,6,5
0.054,10,0,0,65.87952973196771,205.6267936010782,85.62468700520718,12,1.2,1.7433728819209429,214,D_pmar=0.054_dist=500_repair_6_males=6_nmar=5,6,5
0.054,2,0,500,70.5129758440441,260.2259994610405,24.84388195798249,18,1.8000000000000005,2.861115140024827,214,D_pmar=0.054_dist=500_repair_6_males=6_nmar=5,6,5
0.054,15,500,0,66.69289653140979,189.58644743647636,100.99108453536158,9,0.8999999999999999,1.8495253457548988,214,D_pmar=0.054_dist=500_repair_6_males=6_nmar=5,6,5
0.054,8,500,500,70.94997756352208,255.60612671826016,30.423274057324377,12,1.2,2.174258798095262,214,D_pmar=0.054_dist=500_repair_6_males=6_nmar=5,6,5
0.054,9,1000,0,68.87293839774472,251.10609859590025,36.90264326271475,11,1.1,2.0881164519902065,214,D_pmar=0.054_dist=500_repair_6_males=6_nmar=5,6,5
0,10,1000,500,68.239354738213,193.9539418944901,97.8276749922083,0,0,0,214,D_pmar=0.054_dist=500_repair_6_males=6_nmar=5,6,5
0,8,0,0,69.64473983638167,229.63043839824917,60.83295419384277,0,0,0,215,D_pmar=0.054_dist=500_repair_6_males=6_nmar=5,6,5
0.054,8,0,500,71.6616052536337,218.0859950883074,67.31642732528475,12,1.2,1.8144624146030144,215,D_pmar=0.054_dist=500_repair_6_males=6_nmar=5,6,5
0.054,13,500,0,70.4174953937581,213.42441248328305,73.34075158911006,12,1.2,1.737074781489412,215,D_pmar=0.054_dist=500_repair_6_males=6_nmar=5,6,5
0.054,9,500,500,70.78092827874377,243.18782321677875,42.614226728636446,13,1.3,2.18316565714272,215,D_pmar=0.054_dist=500_repair_6_males=6_nmar=5,6,5
0.054,4,1000,0,72.37965539815025,228.96452465842347,55.0397724531823,14,1.4,2.247674836874285,215,D_pmar=0.054_dist=500_repair_6_males=6_nmar=5,6,5
0.054,12,1000,500,74.15880270147879,197.1863190620454,85.67005533058952,13,1.3,1.7529611588277274,215,D_pmar=0.054_dist=500_repair_6_males=6_nmar=5,6,5
0.054,5,0,0,70.02063375875245,266.8266474414337,18.171070608354434,20,2.0000000000000004,3.084450492738885,216,D_pmar=0.054_dist=500_repair_6_males=6_nmar=5,6,5
0.054,5,0,500,71.18138271761244,188.630507164967,97.94542305818275,8,0.7999999999999999,1.502303123532677,216,D_pmar=0.054_dist=500_repair_6_males=6_nmar=5,6,5
0.054,8,500,0,69.37938086891837,238.4134210084808,48.86478331379842,13,1.3,2.162191869035518,216,D_pmar=0.054_dist=500_repair_6_males=6_nmar=5,6,5
0.054,12,500,500,71.39811785824679,206.2144651396092,79.15082868912855,12,1.2,2.0852606740899353,216,D_pmar=0.054_dist=500_repair_6_males=6_nmar=5,6,5
0,12,1000,0,72.10083677631405,208.86697832845917,79.10646319102943,0,0,0,216,D_pmar=0.054_dist=500_repair_6_males=6_nmar=5,6,5
0.054,12,1000,500,68.45234805676937,214.98597464331556,73.57450041977607,12,1.2,1.7992574551240237,216,D_pmar=0.054_dist=500_repair_6_males=6_nmar=5,6,5
0.054,14,0,0,67.8637834419316,201.08267764886068,88.14278035715398,12,1.2,1.7985760372646982,217,D_pmar=0.054_dist=500_repair_6_males=6_nmar=5,6,5
0.054,7,0,500,69.92878903351273,195.44982270457524,92.21917722739734,8,0.7999999999999999,1.675573525714125,217,D_pmar=0.054_dist=500_repair_6_males=6_nmar=5,6,5
0.054,7,500,0,71.46314432563415,254.1793912649578,30.52794262572426,12,1.2,2.719015387081392,217,D_pmar=0.054_dist=500_repair_6_males=6_nmar=5,6,5
0.054,13,500,500,73.10522615993082,246.9405332317903,36.594377665029974,15,1.5000000000000002,2.0045828645010793,217,D_pmar=0.054_dist=500_repair_6_males=6_nmar=5,6,5
0.054,7,1000,0,69.00965855345814,250.2204995383359,36.7773559418845,17,1.7000000000000004,2.4004786831588136,217,D_pmar=0.054_dist=500_repair_6_males=6_nmar=5,6,5
0,6,1000,500,70.14987122754407,186.0213712587167,103.97724588057812,0,0,0,217,D_pmar=0.054_dist=500_repair_6_males=6_nmar=5,6,5
0.054,8,0,0,70.56008331064254,203.7009284759182,83.28348509041055,13,1.3,1.1805555555555554,218,D_pmar=0.054_dist=500_repair_6_males=6_nmar=5,6,5
0.054,5,0,500,72.7159279553527,247.1533495077024,36.42385126302226,11,1.1,2.703281155799082,218,D_pmar=0.054_dist=500_repair_6_males=6_nmar=5,6,5
0.054,11,500,0,68.53446051792683,214.96955348740167,73.15754216791085,13,1.3,2.0768830868457955,218,D_pmar=0.054_dist=500_repair_6_males=6_nmar=5,6,5
0.054,5,500,500,71.36075982085255,212.63297070803367,73.04780763158928,13,1.3,1.7609043474968855,218,D_pmar=0.054_dist=500_repair_6_males=6_nmar=5,6,5
0.054,15,1000,0,71.25967640741018,255.65910209556964,30.10722238889515,10,1,2.089609394171826,218,D_pmar=0.054_dist=500_repair_6_males=6_nmar=5,6,5
0,10,1000,500,72.38873928753597,220.27036603371104,67.42731912547906,0,0,0,218,D_pmar=0.054_dist=500_repair_6_males=6_nmar=5,6,5
0.054,12,0,0,75.37727445754875,196.00398973246573,85.69849450292342,11,1.1,2.0525242490350024,219,D_pmar=0.054_dist=500_repair_6_males=6_nmar=5,6,5
0.054,10,0,500,74.01216344145558,228.22217018852697,54.707046905219265,11,1.1,1.9804710459746295,219,D_pmar=0.054_dist=500_repair_6_males=6_nmar=5,6,5
0.054,2,500,0,69.98009794183827,280.1582199563689,6.09049452646626,11,1.1,2.693309274359576,219,D_pmar=0.054_dist=500_repair_6_males=6_nmar=5,6,5
0.054,9,500,500,70.79971139946848,237.01674173028115,49.5202880456811,10,1,1.7911621203988597,219,D_pmar=0.054_dist=500_repair_6_males=6_nmar=5,6,5
0,8,1000,0,74.11999914157985,182.4137997443752,103.61041808445964,0,0,0,219,D_pmar=0.054_dist=500_repair_6_males=6_nmar=5,6,5
0.054,13,1000,500,69.69901321915725,256.47023410966654,30.74742728918129,11,1.1,1.995371713341607,219,D_pmar=0.054_dist=500_repair_6_males=6_nmar=5,6,5
0.054,6,0,0,70.24867872798943,231.77008073813624,54.74564541589906,13,1.3,2.060185185185185,21,D_pmar=0.054_dist=500_repair_6_males=6_nmar=5,6,5
0,3,0,500,72.75127493412216,262.97710888906016,24.430722236764257,0,0,0,21,D_pmar=0.054_dist=500_repair_6_males=6_nmar=5,6,5
0.054,8,500,0,71.76710468562227,224.54307395215184,61.222529043585354,7,0.7,1.9007569067640755,21,D_pmar=0.054_dist=500_repair_6_males=6_nmar=5,6,5
0.054,25,500,500,70.22715754729356,225.44977298921884,61.12660705281664,12,1.2,2.1041549753845294,21,D_pmar=0.054_dist=500_repair_6_males=6_nmar=5,6,5
0.054,8,1000,0,74.05139773078632,220.9330891994696,61.3176660870764,15,1.5000000000000002,2.2939490935775435,21,D_pmar=0.054_dist=500_repair_6_males=6_nmar=5,6,5
0.054,4,1000,500,70.02672370241022,196.09887042815444,91.30843095092762,11,1.1,1.6411920124215658,21,D_pmar=0.054_dist=500_repair_6_males=6_nmar=5,6,5
0.054,13,0,0,71.57917684018965,230.6719776818652,54.79622256809793,10,1,1.963903250776988,220,D_pmar=0.054_dist=500_repair_6_males=6_nmar=5,6,5
0.054,5,0,500,69.99131614611841,196.10689940831537,91.55316933002986,9,0.8999999999999999,1.5853074392184852,220,D_pmar=0.054_dist=500_repair_6_males=6_nmar=5,6,5
0.054,9,500,0,73.06205977195143,241.1855091260721,42.71919221668937,10,1,2.078506135490384,220,D_pmar=0.054_dist=500_repair_6_males=6_nmar=5,6,5
0.054,8,500,500,69.76762874793049,230.80400001219033,55.244181507353176,17,1.7000000000000004,2.689134739926731,220,D_pmar=0.054_dist=500_repair_6_males=6_nmar=5,6,5
0.054,14,1000,0,71.86591501105002,224.39665876699505,60.96504515030036,10,1,1.7777543952135026,220,D_pmar=0.054_dist=500_repair_6_males=6_nmar=5,6,5
0,5,1000,500,72.16165532855393,251.6095231308267,36.47686845193575,0,0,0,220,D_pmar=0.054_dist=500_repair_6_males=6_nmar=5,6,5
0,6,0,0,71.097303130463,240.66309429477656,48.504393500600635,0,0,0,221,D_pmar=0.054_dist=500_repair_6_males=6_nmar=5,6,5
0.054,21,0,500,69.4829951537662,212.94517224324187,73.99366297710917,18,1.8000000000000005,1.9341747496783337,221,D_pmar=0.054_dist=500_repair_6_males=6_nmar=5,6,5
0.054,8,500,0,70.9417035183175,213.45431267230745,72.83947352978153,11,1.1,1.8369291448918363,221,D_pmar=0.054_dist=500_repair_6_males=6_nmar=5,6,5
0.054,2,500,500,72.7024639764147,222.3352308483526,60.983937876384,15,1.5000000000000002,2.481765076971696,221,D_pmar=0.054_dist=500_repair_6_males=6_nmar=5,6,5
0.054,7,1000,0,71.99165260597813,248.94214040096563,36.711750788463,6,0.6,1.949908980960643,221,D_pmar=0.054_dist=500_repair_6_males=6_nmar=5,6,5
0.054,10,1000,500,70.06651539667588,207.5417339737028,79.45331557017785,11,1.1,1.8776087586159271,221,D_pmar=0.054_dist=500_repair_6_males=6_nmar=5,6,5
0.054,11,0,0,72.05965515506985,197.11327716915312,87.65824582046375,11,1.1,2.146479677346247,222,D_pmar=0.054_dist=500_repair_6_males=6_nmar=5,6,5
0.054,18,0,500,71.05580176465757,243.41441752984937,42.55742136478819,12,1.2,1.8579757666343375,222,D_pmar=0.054_dist=500_repair_6_males=6_nmar=5,6,5
0.054,6,500,0,72.24547878192374,200.39976101345593,85.54822454368261,8,0.7999999999999999,1.052900031811078,222,D_pmar=0.054_dist=500_repair_6_males=6_nmar=5,6,5
0,6,500,500,71.1534266686888,228.21164200438648,60.702833694208806,0,0,0,222,D_pmar=0.054_dist=500_repair_6_males=6_nmar=5,6,5
0.054,8,1000,0,73.91370059746448,227.8863249676712,55.02521227774533,11,1.1,2.121968693479447,222,D_pmar=0.054_dist=500_repair_6_males=6_nmar=5,6,5
0.054,5,1000,500,69.45242879580623,280.17132640094684,6.171789727470456,15,1.5000000000000002,2.754737696499564,222,D_pmar=0.054_dist=500_repair_6_males=6_nmar=5,6,5
0.054,9,0,0,69.78566610427458,220.38870232324183,66.91892463073067,10,1,2.068410626373318,223,D_pmar=0.054_dist=500_repair_6_males=6_nmar=5,6,5
0.054,13,0,500,72.18704982526819,227.67264690915044,56.31467335546803,19,1.9000000000000008,2.001669813773138,223,D_pmar=0.054_dist=500_repair_6_males=6_nmar=5,6,5
0.054,10,500,0,67.84833252334604,258.3544461640042,30.28325365667169,10,1,2.5846273643304,223,D_pmar=0.054_dist=500_repair_6_males=6_nmar=5,6,5
0,6,500,500,72.2711287996399,233.10007289905897,54.63283271420873,0,0,0,223,D_pmar=0.054_dist=500_repair_6_males=6_nmar=5,6,5
0.054,8,1000,0,67.44678440589325,229.11032677766548,60.99865882287863,6,0.6,1.8471988396579468,223,D_pmar=0.054_dist=500_repair_6_males=6_nmar=5,6,5
0.054,8,1000,500,72.24789137519224,223.8693668596155,61.10765464037994,10,1,1.7761093069758755,223,D_pmar=0.054_dist=500_repair_6_males=6_nmar=5,6,5
0.054,6,0,0,66.48782775090247,217.00584421254499,73.475172013024,10,1,2.0866235098085864,224,D_pmar=0.054_dist=500_repair_6_males=6_nmar=5,6,5
0.054,6,0,500,67.33364944966698,240.14319741864776,48.81775529092818,14,1.4,2.4255033780213027,224,D_pmar=0.054_dist=500_repair_6_males=6_nmar=5,6,5
0,8,500,0,72.42420931526601,226.92838779986496,60.6834069357157,0,0,0,224,D_pmar=0.054_dist=500_repair_6_males=6_nmar=5,6,5
0.054,8,500,500,72.11161969856677,246.68915148337297,37.43251748868223,14,1.4,2.453703703703706,224,D_pmar=0.054_dist=500_repair_6_males=6_nmar=5,6,5
0.054,20,1000,0,68.45406902793177,197.04037599000213,91.69826809918553,13,1.3,1.5717475679771211,224,D_pmar=0.054_dist=500_repair_6_males=6_nmar=5,6,5
0.054,6,1000,500,71.66661396980423,222.48750264745297,62.88805548604667,12,1.2,1.901438324623401,224,D_pmar=0.054_dist=500_repair_6_males=6_nmar=5,6,5
0.054,4,0,0,70.19660446261138,237.70262386273663,48.79143092585692,12,1.2,2.1205485849331263,225,D_pmar=0.054_dist=500_repair_6_males=6_nmar=5,6,5
0.054,12,0,500,69.82765769464193,238.12060990440935,48.950323339775096,11,1.1,2.0356742013183857,225,D_pmar=0.054_dist=500_repair_6_males=6_nmar=5,6,5
0,7,500,0,74.08277482423787,242.79620178012573,43.267996730296034,0,0,0,225,D_pmar=0.054_dist=500_repair_6_males=6_nmar=5,6,5
0.054,10,500,500,71.56107754964856,217.5548548941363,67.57191413063813,14,1.4,2.0183677154337483,225,D_pmar=0.054_dist=500_repair_6_males=6_nmar=5,6,5
0.054,10,1000,0,72.02145919925034,247.6010081889642,36.89329042040232,10,1,2.7669567716153143,225,D_pmar=0.054_dist=500_repair_6_males=6_nmar=5,6,5
0.054,11,1000,500,68.06004336515602,209.9150616232767,79.72827818081234,6,0.6,1.7370747814894116,225,D_pmar=0.054_dist=500_repair_6_males=6_nmar=5,6,5
0.054,6,0,0,70.54607689221233,212.72499071642005,73.36730643888744,14,1.4,2.037696415303324,226,D_pmar=0.054_dist=500_repair_6_males=6_nmar=5,6,5
0,8,0,500,69.58252010588018,229.5137265437691,61.03030851227375,0,0,0,226,D_pmar=0.054_dist=500_repair_6_males=6_nmar=5,6,5
0.054,12,500,0,70.61246911306866,237.32231835703644,48.777294423076064,14,1.4,2.086623509808587,226,D_pmar=0.054_dist=500_repair_6_males=6_nmar=5,6,5
0.054,10,500,500,71.9149573957899,245.83273406788896,39.513718037226255,9,0.8999999999999999,1.9400736847695144,226,D_pmar=0.054_dist=500_repair_6_males=6_nmar=5,6,5
0.054,8,1000,0,70.14181573471505,225.38708089313027,61.12119366962692,14,1.4,1.9573228978264816,226,D_pmar=0.054_dist=500_repair_6_males=6_nmar=5,6,5
0.054,10,1000,500,69.88874631374897,192.5274436774891,94.85299221550528,12,1.2,1.6599121280671147,226,D_pmar=0.054_dist=500_repair_6_males=6_nmar=5,6,5
0.054,5,0,0,74.64754151219748,245.31719902088713,36.48785075209153,14,1.4,2.2433261167923946,227,D_pmar=0.054_dist=500_repair_6_males=6_nmar=5,6,5
0.054,11,0,500,67.76855239943814,227.60219032185375,61.3838820725377,16,1.6000000000000003,1.9549963917295292,227,D_pmar=0.054_dist=500_repair_6_males=6_nmar=5,6,5
0,3,500,0,71.04322039008014,252.4715465782296,36.58934753142233,0,0,0,227,D_pmar=0.054_dist=500_repair_6_males=6_nmar=5,6,5
0.054,15,500,500,71.02914093097651,192.03438761177907,93.86145352429796,15,1.5000000000000002,1.62037037037037,227,D_pmar=0.054_dist=500_repair_6_males=6_nmar=5,6,5
0.054,10,1000,0,68.88158965487074,226.82274593558543,61.038785583849595,12,1.2,2.1378550708177637,227,D_pmar=0.054_dist=500_repair_6_males=6_nmar=5,6,5
0.054,10,1000,500,70.75869350672978,180.00546517017523,106.78575214813206,9,0.8999999999999999,1.5963886583068896,227,D_pmar=0.054_dist=500_repair_6_males=6_nmar=5,6,5
0,4,0,0,72.5526900720114,220.5928288882055,66.94035127852018,0,0,0,228,D_pmar=0.054_dist=500_repair_6_males=6_nmar=5,6,5
0.054,8,0,500,71.25112191728124,230.69948542190693,54.23814308740849,15,1.5000000000000002,2.348210618136038,228,D_pmar=0.054_dist=500_repair_6_males=6_nmar=5,6,5
0.054,9,500,0,69.92886160576413,239.04147419117703,48.88897539730926,6,0.6,1.5461207676760145,228,D_pmar=0.054_dist=500_repair_6_males=6_nmar=5,6,5
0.054,10,500,500,71.22961807224443,206.22830889120772,79.1020637681227,13,1.3,2.2393545224578157,228,D_pmar=0.054_dist=500_repair_6_males=6_nmar=5,6,5
0.054,10,1000,0,70.69678183623695,226.03204177648217,60.78295042229451,11,1.1,1.504629629629629,228,D_pmar=0.054_dist=500_repair_6_males=6_nmar=5,6,5
0.054,13,1000,500,69.18001901847647,250.90522042648112,36.70041862029759,12,1.2,2.122650111338773,228,D_pmar=0.054_dist=500_repair_6_males=6_nmar=5,6,5
0,7,0,0,68.88735466276756,254.62341884606147,36.62444157248229,0,0,0,229,D_pmar=0.054_dist=500_repair_6_males=6_nmar=5,6,5
0.054,9,0,500,70.1644434309382,237.13314673081896,49.179045437095354,12,1.2,2.3422168098165193,229,D_pmar=0.054_dist=500_repair_6_males=6_nmar=5,6,5
0.054,8,500,0,70.62865027731621,230.67065025311595,55.370865499524875,9,0.8999999999999999,2.430156390215207,229,D_pmar=0.054_dist=500_repair_6_males=6_nmar=5,6,5
0.054,12,500,500,67.74430853719927,243.9391703079307,45.06001092215728,7,0.7,2.564842226292804,229,D_pmar=0.054_dist=500_repair_6_males=6_nmar=5,6,5
0.054,8,1000,0,71.23541536185988,225.56743668868592,60.07356385747519,13,1.3,1.8973145842328152,229,D_pmar=0.054_dist=500_repair_6_males=6_nmar=5,6,5
0.054,10,1000,500,70.50102655623154,212.907037755293,73.6488306557911,12,1.2,1.8055555555555551,229,D_pmar=0.054_dist=500_repair_6_males=6_nmar=5,6,5
0.054,14,0,0,76.21124347342395,244.9073123075027,36.58397058705958,6,0.6,1.700743887847212,22,D_pmar=0.054_dist=500_repair_6_males=6_nmar=5,6,5
0.054,5,0,500,72.13539976673734,223.86604337376608,60.77216456303312,12,1.2,2.1057780240291173,22,D_pmar=0.054_dist=500_repair_6_males=6_nmar=5,6,5
0.054,7,500,0,70.34188544233018,213.55830137140708,73.69245645979585,9,0.8999999999999999,1.5965408043628964,22,D_pmar=0.054_dist=500_repair_6_males=6_nmar=5,6,5
0,16,500,500,70.54224101204757,216.3058990727296,73.37503043923513,0,0,0,22,D_pmar=0.054_dist=500_repair_6_males=6_nmar=5,6,5
0.054,7,1000,0,70.66279783983919,262.081930289737,24.276220470891683,8,0.7999999999999999,2.3306791525600943,22,D_pmar=0.054_dist=500_repair_6_males=6_nmar=5,6,5
0.054,5,1000,500,72.16690628023247,247.03021109707475,36.83393187744685,15,1.5000000000000002,2.55123156100918,22,D_pmar=0.054_dist=500_repair_6_males=6_nmar=5,6,5
0.054,12,0,0,72.14134266395892,210.350242197889,73.72964586754311,17,1.7000000000000004,2.122650111338773,230,D_pmar=0.054_dist=500_repair_6_males=6_nmar=5,6,5
0.054,10,0,500,75.85270607536212,207.9734253853405,73.16597080055391,13,1.3,2.003619194122778,230,D_pmar=0.054_dist=500_repair_6_males=6_nmar=5,6,5
0,4,500,0,70.02761268464712,265.55662986231255,24.4581212223771,0,0,0,230,D_pmar=0.054_dist=500_repair_6_males=6_nmar=5,6,5
0.054,8,500,500,69.76382083812042,232.94888987292228,54.85580720414835,9,0.8999999999999999,1.62037037037037,230,D_pmar=0.054_dist=500_repair_6_males=6_nmar=5,6,5
0.054,8,1000,0,70.4754018099137,237.4149561735014,48.800861163745864,10,1,2.4085011842486788,230,D_pmar=0.054_dist=500_repair_6_males=6_nmar=5,6,5
0.054,12,1000,500,71.97417327412666,199.93951104887745,85.41413017836929,11,1.1,1.712281545103637,230,D_pmar=0.054_dist=500_repair_6_males=6_nmar=5,6,5
0.054,10,0,0,68.84892280055303,186.93168156104747,101.11426255595433,16,1.6000000000000003,1.579538610590273,231,D_pmar=0.054_dist=500_repair_6_males=6_nmar=5,6,5
0.054,10,0,500,68.86272559054147,215.34265634914615,72.82709360684353,12,1.2,1.8359654745135352,231,D_pmar=0.054_dist=500_repair_6_males=6_nmar=5,6,5
0.054,14,500,0,73.18695531524607,241.49691908302103,42.82560344336165,6,0.6,1.9355155458039468,231,D_pmar=0.054_dist=500_repair_6_males=6_nmar=5,6,5
0.054,7,500,500,70.08030524476747,230.3986940753366,55.2520041138127,18,1.8000000000000005,2.505217517231858,231,D_pmar=0.054_dist=500_repair_6_males=6_nmar=5,6,5
0.054,7,1000,0,71.68732280456287,224.45796906735268,61.042584121469865,12,1.2,1.7658396122097657,231,D_pmar=0.054_dist=500_repair_6_males=6_nmar=5,6,5
0,6,1000,500,71.09737725667499,238.47974861568883,50.44887908227341,0,0,0,231,D_pmar=0.054_dist=500_repair_6_males=6_nmar=5,6,5
0.054,10,0,0,71.26773687971898,201.11325607423396,85.46318748887028,8,0.7999999999999999,1.5869525274561116,232,D_pmar=0.054_dist=500_repair_6_males=6_nmar=5,6,5
0.054,8,0,500,70.88548471732996,254.3243642118051,30.59408352806552,19,1.9000000000000008,2.3374844852019057,232,D_pmar=0.054_dist=500_repair_6_males=6_nmar=5,6,5
0.054,9,500,0,71.74660054531732,217.50705229740308,67.35123830966248,12,1.2,2.3498557063736634,232,D_pmar=0.054_dist=500_repair_6_males=6_nmar=5,6,5
0.054,10,500,500,73.25278555535083,185.9504295499127,98.13015631266562,11,1.1,1.5829809331215323,232,D_pmar=0.054_dist=500_repair_6_males=6_nmar=5,6,5
0,10,1000,0,72.99861840485767,262.795675592868,24.2544616899977,0,0,0,232,D_pmar=0.054_dist=500_repair_6_males=6_nmar=5,6,5
0.054,7,1000,500,69.57665775827334,222.2404645240827,65.08775528587721,11,1.1,2.0052642823604048,232,D_pmar=0.054_dist=500_repair_6_males=6_nmar=5,6,5
0.054,6,0,0,70.71291483156261,254.97425779871375,30.68145391007542,15,1.5000000000000002,2.160169655050579,233,D_pmar=0.054_dist=500_repair_6_males=6_nmar=5,6,5
0.054,9,0,500,73.2731344216901,210.79750171803553,73.28284078584211,10,1,1.6603685662351353,233,D_pmar=0.054_dist=500_repair_6_males=6_nmar=5,6,5
0.054,8,500,0,72.26912770193547,223.94734058892152,61.22314163479895,9,0.8999999999999999,1.811020092071754,233,D_pmar=0.054_dist=500_repair_6_males=6_nmar=5,6,5
0.054,11,500,500,71.04209515536661,255.41850434053717,30.481232653529016,14,1.4,1.8287037037037033,233,D_pmar=0.054_dist=500_repair_6_males=6_nmar=5,6,5
0,6,1000,0,67.37107373510926,225.21478174626,67.47445735308438,0,0,0,233,D_pmar=0.054_dist=500_repair_6_males=6_nmar=5,6,5
0.054,14,1000,500,71.52450832440842,216.5898415604442,69.70595129244423,7,0.7,1.5343581307282843,233,D_pmar=0.054_dist=500_repair_6_males=6_nmar=5,6,5
0.054,11,0,0,67.71976945576293,248.30022702161068,40.78761724673763,12,1.2,2.030282498437485,234,D_pmar=0.054_dist=500_repair_6_males=6_nmar=5,6,5
0.054,4,0,500,70.49065299087263,249.23216502416616,36.366507602602184,14,1.4,2.707629875880974,234,D_pmar=0.054_dist=500_repair_6_males=6_nmar=5,6,5
0,7,500,0,72.02297077699534,181.34047385893481,106.65906521512848,0,0,0,234,D_pmar=0.054_dist=500_repair_6_males=6_nmar=5,6,5
0.054,12,500,500,71.32942488579975,224.42388131734413,61.12350751276489,14,1.4,1.7647237957754578,234,D_pmar=0.054_dist=500_repair_6_males=6_nmar=5,6,5
0.054,15,1000,0,72.04273665804493,236.0591177184724,48.913474173134645,10,1,2.0045828645010793,234,D_pmar=0.054_dist=500_repair_6_males=6_nmar=5,6,5
0.054,5,1000,500,67.07684078859714,210.1813973399898,79.82698856462258,12,1.2,1.744336552299244,234,D_pmar=0.054_dist=500_repair_6_males=6_nmar=5,6,5
0.054,11,0,0,67.88981067634425,234.821285075191,54.60733807994402,9,0.8999999999999999,1.8518518518518512,235,D_pmar=0.054_dist=500_repair_6_males=6_nmar=5,6,5
0.054,9,0,500,72.45853897275532,223.67932838015864,61.36222620441812,10,1,1.6666666666666663,235,D_pmar=0.054_dist=500_repair_6_males=6_nmar=5,6,5
0.054,9,500,0,68.79225098646857,251.11014148879391,36.6566998543271,12,1.2,2.580408750711476,235,D_pmar=0.054_dist=500_repair_6_males=6_nmar=5,6,5
0,13,500,500,72.36258680164009,226.7236450794473,61.0115726643975,0,0,0,235,D_pmar=0.054_dist=500_repair_6_males=6_nmar=5,6,5
0.054,4,1000,0,68.51050418545759,208.02195381402817,79.41146831735936,18,1.8000000000000005,2.303182284330055,235,D_pmar=0.054_dist=500_repair_6_males=6_nmar=5,6,5
0.054,8,1000,500,72.29205859528807,223.97891280775684,60.82726446684264,9,0.8999999999999999,2.018142735742442,235,D_pmar=0.054_dist=500_repair_6_males=6_nmar=5,6,5
0.054,8,0,0,66.78018521934713,229.07934950507732,60.98183886983844,10,1,2.236064345982561,236,D_pmar=0.054_dist=500_repair_6_males=6_nmar=5,6,5
0.054,13,0,500,69.44842051774938,232.52333694875415,55.42263877650444,14,1.4,1.3072253693286937,236,D_pmar=0.054_dist=500_repair_6_males=6_nmar=5,6,5
0.054,9,500,0,69.85299324491281,237.367634534774,48.520784003900495,17,1.7000000000000004,2.634873215368237,236,D_pmar=0.054_dist=500_repair_6_males=6_nmar=5,6,5
0,9,500,500,73.41364622514824,226.2064488852043,60.77658466765927,0,0,0,236,D_pmar=0.054_dist=500_repair_6_males=6_nmar=5,6,5
0.054,7,1000,0,74.20475349781192,204.9083762666856,77.47863617478299,15,1.5000000000000002,1.956641479967156,236,D_pmar=0.054_dist=500_repair_6_males=6_nmar=5,6,5
0.054,8,1000,500,70.77509096846349,207.5267713017836,79.81079281171503,7,0.7,1.238085216996263,236,D_pmar=0.054_dist=500_repair_6_males=6_nmar=5,6,5
0.054,7,0,0,70.71513166343527,189.85850446509303,97.18170014780722,7,0.7,1.5909241217906904,237,D_pmar=0.054_dist=500_repair_6_males=6_nmar=5,6,5
0,10,0,500,70.47458251743167,259.3642677265874,30.298746499691433,0,0,0,237,D_pmar=0.054_dist=500_repair_6_males=6_nmar=5,6,5
0.054,12,500,0,73.52309812748587,245.1790404967617,36.59854698641671,19,1.9000000000000008,2.824052034481041,237,D_pmar=0.054_dist=500_repair_6_males=6_nmar=5,6,5
0.054,13,500,500,68.59894282592052,214.49999460132224,73.67249064984081,13,1.3,1.9748543634024245,237,D_pmar=0.054_dist=500_repair_6_males=6_nmar=5,6,5
0.054,5,1000,0,73.8104376240984,198.07736327445065,85.43796926051827,9,0.8999999999999999,1.9093594736995207,237,D_pmar=0.054_dist=500_repair_6_males=6_nmar=5,6,5
0.054,7,1000,500,73.16430325675995,235.15091606695495,48.47435977461655,14,1.4,1.8518518518518512,237,D_pmar=0.054_dist=500_repair_6_males=6_nmar=5,6,5
0.054,12,0,0,67.6143559747066,204.2350404663539,85.44560936048461,13,1.3,1.4328586790882327,238,D_pmar=0.054_dist=500_repair_6_males=6_nmar=5,6,5
0.054,12,0,500,69.44660731568295,271.7290495501235,15.211674359359549,12,1.2,2.599172945543102,238,D_pmar=0.054_dist=500_repair_6_males=6_nmar=5,6,5
0.054,7,500,0,66.70229043176313,229.3195628413106,60.833066994938584,12,1.2,2.0667655381356917,238,D_pmar=0.054_dist=500_repair_6_males=6_nmar=5,6,5
0.054,7,500,500,73.02509932653328,221.169996583379,63.53582032131081,6,0.6,1.7122815451036368,238,D_pmar=0.054_dist=500_repair_6_males=6_nmar=5,6,5
0,7,1000,0,72.35867584386989,232.71851402331976,54.95978407524997,0,0,0,238,D_pmar=0.054_dist=500_repair_6_males=6_nmar=5,6,5
0.054,9,1000,500,67.59327823959266,239.87395000688107,49.2733737591937,12,1.2,2.091254482409453,238,D_pmar=0.054_dist=500_repair_6_males=6_nmar=5,6,5
0.054,11,0,0,67.71963851645951,263.34360842942766,24.526421134357708,17,1.7000000000000004,2.754629629629634,239,D_pmar=0.054_dist=500_repair_6_males=6_nmar=5,6,5
0.054,8,0,500,69.87861441227888,250.68642932631863,36.618580127566375,9,0.8999999999999999,1.962106016483355,239,D_pmar=0.054_dist=500_repair_6_males=6_nmar=5,6,5
0.054,12,500,0,69.90778688951848,226.07942513951545,60.956269019747786,10,1,2.1123804165726625,239,D_pmar=0.054_dist=500_repair_6_males=6_nmar=5,6,5
0,9,500,500,71.03643430802337,191.49262113421923,97.50782956017513,0,0,0,239,D_pmar=0.054_dist=500_repair_6_males=6_nmar=5,6,5
0.054,9,1000,0,72.31812852328865,210.1090610978168,75.11084675624497,8,0.7999999999999999,1.7585778413999331,239,D_pmar=0.054_dist=500_repair_6_males=6_nmar=5,6,5
0.054,5,1000,500,70.49276634546119,237.24626090224396,48.53911256299041,13,1.3,2.5817715864301287,239,D_pmar=0.054_dist=500_repair_6_males=6_nmar=5,6,5
0.054,13,0,0,71.95425304184008,200.3145445359828,85.75921771456866,7,0.7,1.388207471029563,23,D_pmar=0.054_dist=500_repair_6_males=6_nmar=5,6,5
0.054,14,0,500,68.84653816524272,243.22849250679832,44.10450085915624,19,1.9000000000000008,2.0370370370370368,23,D_pmar=0.054_dist=500_repair_6_males=6_nmar=5,6,5
0,10,500,0,71.53613826565758,172.3712416057122,116.10777266319556,0,0,0,23,D_pmar=0.054_dist=500_repair_6_males=6_nmar=5,6,5
0.054,2,500,500,69.159705520230915,280.6196860969846,6.036994481073728,10,1,3.306423245805061,23,D_pmar=0.054_dist=500_repair_6_males=6_nmar=5,6,5
0.054,5,1000,0,71.9974511993744,235.30643349936727,48.73939943906672,16,1.6000000000000003,2.4265619216279415,23,D_pmar=0.054_dist=500_repair_6_males=6_nmar=5,6,5
0.054,10,1000,500,68.99150174795854,214.924837982509,73.43737092466105,11,1.1,1.5717475679771216,23,D_pmar=0.054_dist=500_repair_6_males=6_nmar=5,6,5
0.054,17,0,0,73.91557500067593,204.0808435300285,79.19014773004584,10,1,1.8415821570857411,240,D_pmar=0.054_dist=500_repair_6_males=6_nmar=5,6,5
0,5,0,500,65.04463148895519,227.387399764222,67.743669318887,0,0,0,240,D_pmar=0.054_dist=500_repair_6_males=6_nmar=5,6,5
0.054,5,500,0,70.94698810023843,193.99845457403447,91.88810392332806,13,1.3,1.916491138046384,240,D_pmar=0.054_dist=500_repair_6_males=6_nmar=5,6,5
0.054,6,500,500,76.40243916630854,236.47069791363063,42.740142189615575,19,1.9000000000000008,2.520422476710848,240,D_pmar=0.054_dist=500_repair_6_males=6_nmar=5,6,5
0.054,16,1000,0,74.29610796604386,212.67325930689103,69.50139347560379,17,1.7000000000000004,2.0370370370370368,240,D_pmar=0.054_dist=500_repair_6_males=6_nmar=5,6,5
0.054,5,1000,500,72.80955692676937,211.45662867030975,73.16754310460422,12,1.2,1.4560068272363809,240,D_pmar=0.054_dist=500_repair_6_males=6_nmar=5,6,5
0,7,0,0,72.10213380080731,238.9147728129658,48.9990567964452,0,0,0,241,D_pmar=0.054_dist=500_repair_6_males=6_nmar=5,6,5
0.054,6,0,500,72.74088920047862,211.08379313128697,73.00647770698382,15,1.5000000000000002,1.925397997093843,241,D_pmar=0.054_dist=500_repair_6_males=6_nmar=5,6,5
0.054,11,500,0,74.3396564216974,191.76124517016163,91.09887416047194,11,1.1,1.7529611588277276,241,D_pmar=0.054_dist=500_repair_6_males=6_nmar=5,6,5
0.054,10,500,500,66.44362771726526,230.2066790499992,61.061463727300854,7,0.7,1.7121293990476298,241,D_pmar=0.054_dist=500_repair_6_males=6_nmar=5,6,5
0.054,10,1000,0,68.73864032725807,257.4952344105876,30.547472206517845,12,1.2,2.095073930688026,241,D_pmar=0.054_dist=500_repair_6_males=6_nmar=5,6,5
0.054,10,1000,500,70.9188946915602,230.9318962215164,54.81310694341796,14,1.4,1.981434716352931,241,D_pmar=0.054_dist=500_repair_6_males=6_nmar=5,6,5
0.054,16,0,0,74.42076802137893,190.9744688931484,91.90970335945173,9,0.8999999999999999,1.870346987806095,242,D_pmar=0.054_dist=500_repair_6_males=6_nmar=5,6,5
0.054,9,0,500,68.83734983144775,220.9216609177121,67.33662170886419,13,1.3,1.8055555555555551,242,D_pmar=0.054_dist=500_repair_6_males=6_nmar=5,6,5
0.054,7,500,0,67.17703689992285,253.41805869960527,36.4280609526827,11,1.1,1.8973145842328152,242,D_pmar=0.054_dist=500_repair_6_males=6_nmar=5,6,5
0.054,9,500,500,67.31864074343986,264.60206073483187,24.454095736853898,14,1.4,2.49681789039468,242,D_pmar=0.054_dist=500_repair_6_males=6_nmar=5,6,5
0,7,1000,0,70.24520746310435,197.7695555581789,92.10161074969211,0,0,0,242,D_pmar=0.054_dist=500_repair_6_males=6_nmar=5,6,5
0.054,6,1000,500,73.46797268852393,221.88550979214577,60.94985585299091,15,1.5000000000000002,2.276743959706653,242,D_pmar=0.054_dist=500_repair_6_males=6_nmar=5,6,5
0.054,8,0,0,73.60694521712684,216.33894654185292,67.23178025024343,11,1.1,1.921296296296296,243,D_pmar=0.054_dist=500_repair_6_males=6_nmar=5,6,5
0.054,21,0,500,75.19936086700702,214.13410827995148,67.90669554693436,12,1.2,1.604483993032054,243,D_pmar=0.054_dist=500_repair_6_males=6_nmar=5,6,5
0.054,4,500,0,67.11589109791139,259.24988241902633,30.702228644197337,10,1,2.172236584110323,243,D_pmar=0.054_dist=500_repair_6_males=6_nmar=5,6,5
0.054,5,500,500,73.19014407184672,223.36405841465913,60.90397473691062,8,0.7999999999999999,1.768013972250711,243,D_pmar=0.054_dist=500_repair_6_males=6_nmar=5,6,5
0.054,8,1000,0,71.57943020084821,251.89117946735576,32.66892563531074,18,1.8000000000000005,2.18220198676442,243,D_pmar=0.054_dist=500_repair_6_males=6_nmar=5,6,5
0,8,1000,500,71.20695423081877,199.5519222639089,89.30388916680869,0,0,0,243,D_pmar=0.054_dist=500_repair_6_males=6_nmar=5,6,5
0.054,8,0,0,67.5327065212057,210.24505982617367,79.37040397039993,10,1,1.9070550071956065,244,D_pmar=0.054_dist=500_repair_6_males=6_nmar=5,6,5
0.054,14,0,500,68.08930035747755,203.72237258835645,85.37218774318374,11,1.1,1.9341747496783337,244,D_pmar=0.054_dist=500_repair_6_males=6_nmar=5,6,5
0,5,500,0,71.38058477182308,288.6224838038284,0,0,0,0,244,D_pmar=0.054_dist=500_repair_6_males=6_nmar=5,6,5
0.054,12,500,500,73.33488666621618,240.96083641372252,42.57278575228288,14,1.4,1.8018662137399517,244,D_pmar=0.054_dist=500_repair_6_males=6_nmar=5,6,5
0.054,10,1000,0,69.60147070226954,184.33823100915703,103.72148787861356,8,0.7999999999999999,1.6985695278062665,244,D_pmar=0.054_dist=500_repair_6_males=6_nmar=5,6,5
0.054,5,1000,500,64.87819798538507,242.8543891198191,48.611306892609306,16,1.6000000000000003,2.1418266651523425,244,D_pmar=0.054_dist=500_repair_6_males=6_nmar=5,6,5
0.054,7,0,0,69.77814431851405,214.68816814369455,73.33647522867808,8,0.7999999999999999,1.4422948099390105,245,D_pmar=0.054_dist=500_repair_6_males=6_nmar=5,6,5
0.054,11,0,500,72.07278603410711,213.28678857618848,71.51159212412867,14,1.4,1.8528155222301528,245,D_pmar=0.054_dist=500_repair_6_males=6_nmar=5,6,5
0.054,8,500,0,70.71220041329812,226.82257003129268,59.19227149294705,13,1.3,1.974020799487092,245,D_pmar=0.054_dist=500_repair_6_males=6_nmar=5,6,5
0.054,18,500,500,70.32579895953742,220.35592466046225,67.37767783924573,6,0.6,1.4176537196092422,245,D_pmar=0.054_dist=500_repair_6_males=6_nmar=5,6,5
0,6,1000,0,72.51538604595268,257.0802906429213,30.451161911080924,0,0,0,245,D_pmar=0.054_dist=500_repair_6_males=6_nmar=5,6,5
0.054,4,1000,500,69.27680384931973,237.8874226637701,48.85403643326833,17,1.7000000000000004,2.3604076536587493,245,D_pmar=0.054_dist=500_repair_6_males=6_nmar=5,6,5
0.054,12,0,0,71.07332026134712,236.76514212331327,48.81282806327521,15,1.5000000000000002,1.914693903752751,246,D_pmar=0.054_dist=500_repair_6_males=6_nmar=5,6,5
0.054,18,0,500,74.20215020310962,230.13808133056293,53.32934957826677,9,0.8999999999999999,1.458333333333333,246,D_pmar=0.054_dist=500_repair_6_males=6_nmar=5,6,5
0.054,6,500,0,67.31712067372565,241.0528743562841,48.77310352339533,12,1.2,1.8974667302888224,246,D_pmar=0.054_dist=500_repair_6_males=6_nmar=5,6,5
0.054,6,500,500,69.49682948534561,201.6213616642542,86.09590835411862,9,0.8999999999999999,1.8928137180949172,246,D_pmar=0.054_dist=500_repair_6_males=6_nmar=5,6,5
0.054,6,1000,0,69.17936888897216,268.9118388678755,18.260119387351676,13,1.3,2.4075375138703774,246,D_pmar=0.054_dist=500_repair_6_males=6_nmar=5,6,5
0,6,1000,500,70.49807020720077,191.52603573225772,98.01607826407066,0,0,0,246,D_pmar=0.054_dist=500_repair_6_males=6_nmar=5,6,5
0.054,12,0,0,73.60085250497771,192.30751679159633,91.2588130063179,9,0.8999999999999999,1.9493797091573235,247,D_pmar=0.054_dist=500_repair_6_males=6_nmar=5,6,5
0,6,0,500,71.81811949640073,288.3800789576029,0,0,0,0,247,D_pmar=0.054_dist=500_repair_6_males=6_nmar=5,6,5
0.054,5,500,0,71.3922498817684,236.60954660726983,48.97874403154229,9,0.8999999999999999,2.1834699492547336,247,D_pmar=0.054_dist=500_repair_6_males=6_nmar=5,6,5
0.054,11,500,500,69.89286065123152,225.5659346642316,61.18338675225055,12,1.2,2.180179772779481,247,D_pmar=0.054_dist=500_repair_6_males=6_nmar=5,6,5
0.054,9,1000,0,68.0617584664483,228.1705804417878,60.7704313004583,13,1.3,1.8237463993977852,247,D_pmar=0.054_dist=500_repair_6_males=6_nmar=5,6,5
0.054,11,1000,500,71.06179331772245,245.66894227325744,40.9334546862919,7,0.7,1.8055555555555551,247,D_pmar=0.054_dist=500_repair_6_males=6_nmar=5,6,5
0.054,7,0,0,70.13545749615727,237.42164392195912,49.001726965250306,14,1.4,2.175244508066601,248,D_pmar=0.054_dist=500_repair_6_males=6_nmar=5,6,5
0.054,7,0,500,69.79183927493364,234.63888392857584,52.836457942599935,6,0.6,2.1886301936589194,248,D_pmar=0.054_dist=500_repair_6_males=6_nmar=5,6,5
0.054,7,500,0,71.48423199838005,200.24063607351087,85.58887347719546,9,0.8999999999999999,1.887197035522712,248,D_pmar=0.054_dist=500_repair_6_males=6_nmar=5,6,5
0.054,16,500,500,71.3691786795658,218.05627694440915,67.27668797562835,15,1.5000000000000002,1.8336389684165832,248,D_pmar=0.054_dist=500_repair_6_males=6_nmar=5,6,5
0.054,11,1000,0,69.59508785478377,244.97893260699493,42.68005985890789,13,1.3,1.7592592592592589,248,D_pmar=0.054_dist=500_repair_6_males=6_nmar=5,6,5
0,6,1000,500,71.83365630883686,239.2365882384672,48.94609529553221,0,0,0,248,D_pmar=0.054_dist=500_repair_6_males=6_nmar=5,6,5
0.054,6,0,0,70.35674517969933,261.26952131396115,24.9589841164064,13,1.3,2.1253317035899997,249,D_pmar=0.054_dist=500_repair_6_males=6_nmar=5,6,5
0.054,8,0,500,72.07039470420673,205.2649657397232,79.92194485771655,11,1.1,1.644482188896819,249,D_pmar=0.054_dist=500_repair_6_males=6_nmar=5,6,5
0,12,500,0,69.4346199337342,223.22658862953568,67.62984729452972,0,0,0,249,D_pmar=0.054_dist=500_repair_6_males=6_nmar=5,6,5
0.054,10,500,500,72.976095392887,223.9254103854983,60.81976552250593,7,0.7,1.752504720659707,249,D_pmar=0.054_dist=500_repair_6_males=6_nmar=5,6,5
0.054,6,1000,0,68.74946179481209,269.1175517463581,18.17229352182017,14,1.4,2.6246475997882044,249,D_pmar=0.054_dist=500_repair_6_males=6_nmar=5,6,5
0.054,12,1000,500,75.02361873008724,209.05668673761284,73.72102676819624,9,0.8999999999999999,1.4457371324702706,249,D_pmar=0.054_dist=500_repair_6_males=6_nmar=5,6,5
0.054,11,0,0,73.00441357049826,204.6562511006312,79.5799907778068,14,1.4,1.5277777777777777,24,D_pmar=0.054_dist=500_repair_6_males=6_nmar=5,6,5
0.054,11,0,500,72.29605196294335,209.95001990276305,74.7249345056613,10,1,2.1090902400974096,24,D_pmar=0.054_dist=500_repair_6_males=6_nmar=5,6,5
0,11,500,0,70.46363728530348,210.59716988561183,79.19181338574427,0,0,0,24,D_pmar=0.054_dist=500_repair_6_males=6_nmar=5,6,5
0.054,10,500,500,71.15091719588601,229.90975359485773,55.03328557741197,15,1.5000000000000002,2.535475290133832,24,D_pmar=0.054_dist=500_repair_6_males=6_nmar=5,6,5
0.054,8,1000,0,67.52957519059846,258.2902225741777,30.709949995031437,15,1.5000000000000002,2.0241365440619608,24,D_pmar=0.054_dist=500_repair_6_males=6_nmar=5,6,5
0.054,3,1000,500,72.00644252405877,207.00913285547017,78.2651652426778,12,1.2,1.540656231159815,24,D_pmar=0.054_dist=500_repair_6_males=6_nmar=5,6,5
0.054,16,0,0,70.76642473272288,214.1184664802205,72.89539999645297,8,0.7999999999999999,1.5332423142939762,250,D_pmar=0.054_dist=500_repair_6_males=6_nmar=5,6,5
0.054,8,0,500,72.38808636132458,222.8202866353665,61.52938632935084,12,1.2,2.1654820455107715,250,D_pmar=0.054_dist=500_repair_6_males=6_nmar=5,6,5
0.054,5,500,0,68.97896058779834,208.64849260509752,79.41046132802502,11,1.1,1.936501255775286,250,D_pmar=0.054_dist=500_repair_6_males=6_nmar=5,6,5
0,5,500,500,73.51003263183472,237.3403855095744,49.359182459332025,0,0,0,250,D_pmar=0.054_dist=500_repair_6_males=6_nmar=5,6,5
0.054,12,1000,0,68.7353056971295,251.6618306373231,36.4821345829188,12,1.2,2.012526053170238,250,D_pmar=0.054_dist=500_repair_6_males=6_nmar=5,6,5
0.054,8,1000,500,65.53837608891659,260.5067285845369,30.54317655375003,11,1.1,2.385070783581556,250,D_pmar=0.054_dist=500_repair_6_males=6_nmar=5,6,5
0.054,10,0,0,71.31887077573955,260.23141311803494,24.54731120552313,15,1.5000000000000002,2.5638057222792043,251,D_pmar=0.054_dist=500_repair_6_males=6_nmar=5,6,5
0.054,15,0,500,73.79371446374466,233.84365429846545,49.4190547405251,12,1.2,1.7964745108590512,251,D_pmar=0.054_dist=500_repair_6_males=6_nmar=5,6,5
0,3,500,0,68.79638279438892,199.65508291251743,91.6001564345584,0,0,0,251,D_pmar=0.054_dist=500_repair_6_males=6_nmar=5,6,5
0.054,8,500,500,68.54758791428537,227.4703112760316,60.894880918251474,11,1.1,2.0614311080824614,251,D_pmar=0.054_dist=500_repair_6_males=6_nmar=5,6,5
0.054,6,1000,0,72.26295620316593,217.73627835428175,67.16767278611285,7,0.7,2.1441531712492945,251,D_pmar=0.054_dist=500_repair_6_males=6_nmar=5,6,5
0.054,12,1000,500,70.14631515449261,212.17191588339105,74.2842482316006,17,1.7000000000000004,1.7361111111111107,251,D_pmar=0.054_dist=500_repair_6_males=6_nmar=5,6,5
0.054,6,0,0,70.7756844285849,273.81502129128626,12.100562257317105,9,0.8999999999999999,2.435316634619393,252,D_pmar=0.054_dist=500_repair_6_males=6_nmar=5,6,5
0.054,13,0,500,70.02878826157956,243.4321174985219,42.456960184543,19,1.9000000000000008,2.2416810285547677,252,D_pmar=0.054_dist=500_repair_6_males=6_nmar=5,6,5
0,10,500,0,71.11776244610223,203.9997310242642,85.06670967910034,0,0,0,252,D_pmar=0.054_dist=500_repair_6_males=6_nmar=5,6,5
0.054,9,500,500,70.44545270186593,213.42324657706692,73.26224591587209,12,1.2,1.7129629629629626,252,D_pmar=0.054_dist=500_repair_6_males=6_nmar=5,6,5
0.054,6,1000,0,72.3660370336734,242.06232700975764,42.95217952212985,7,0.7,1.9839862021411887,252,D_pmar=0.054_dist=500_repair_6_males=6_nmar=5,6,5
0.054,10,1000,500,69.09138492232042,190.69307113903184,97.39423088903057,11,1.1,1.7800809013104546,252,D_pmar=0.054_dist=500_repair_6_males=6_nmar=5,6,5
0.054,14,0,0,71.71920926488967,223.30433530694512,61.48196479587801,17,1.7000000000000004,1.9030834128610272,253,D_pmar=0.054_dist=500_repair_6_males=6_nmar=5,6,5
0.054,9,0,500,71.06864439016152,231.16442374966329,54.601026936051106,10,1,2.232092751647983,253,D_pmar=0.054_dist=500_repair_6_males=6_nmar=5,6,5
0.054,13,500,0,68.88759422911647,220.39590525655208,67.41052452419005,15,1.5000000000000002,1.8287037037037033,253,D_pmar=0.054_dist=500_repair_6_males=6_nmar=5,6,5
0.054,4,500,500,72.51764818207337,229.3657661485294,55.01591808802192,14,1.4,1.706208424363411,253,D_pmar=0.054_dist=500_repair_6_males=6_nmar=5,6,5
0.054,10,1000,0,68.76554208885203,232.6089762147597,55.179815424066256,11,1.1,2.4795907169307507,253,D_pmar=0.054_dist=500_repair_6_males=6_nmar=5,6,5
0,4,1000,500,73.43705283144642,174.50272931433994,112.2373103958304,0,0,0,253,D_pmar=0.054_dist=500_repair_6_males=6_nmar=5,6,5
0.054,8,0,0,69.00710200395879,232.37822334785045,55.06210670506894,17,1.7000000000000004,2.0418201556939097,254,D_pmar=0.054_dist=500_repair_6_males=6_nmar=5,6,5
0.054,10,0,500,69.73297461829664,237.65634690335048,48.894637406118655,14,1.4,2.4235760372647013,254,D_pmar=0.054_dist=500_repair_6_males=6_nmar=5,6,5
0.054,17,500,0,72.78541573570575,229.54178417811332,54.772391691189384,12,1.2,1.7129629629629626,254,D_pmar=0.054_dist=500_repair_6_males=6_nmar=5,6,5
0.054,1,500,500,73.2200450524893,228.5223366724959,55.077116832123345,11,1.1,2.1983706166217107,254,D_pmar=0.054_dist=500_repair_6_males=6_nmar=5,6,5
0,11,1000,0,66.94300022666263,214.24503739780553,78.85772716646402,0,0,0,254,D_pmar=0.054_dist=500_repair_6_males=6_nmar=5,6,5
0.054,7,1000,500,71.41556193874968,194.40078603084868,91.77837737347004,9,0.8999999999999999,1.769811206544344,254,D_pmar=0.054_dist=500_repair_6_males=6_nmar=5,6,5
0.054,10,0,0,73.09772395612869,222.87634923748809,61.24320650026446,15,1.5000000000000002,1.561477873211011,255,D_pmar=0.054_dist=500_repair_6_males=6_nmar=5,6,5
0,13,0,500,73.09979273942066,219.98666256816375,66.94249516809644,0,0,0,255,D_pmar=0.054_dist=500_repair_6_males=6_nmar=5,6,5
0.054,6,500,0,70.31776356611822,213.8439423827549,73.26867352527584,9,0.8999999999999999,1.7933364804398049,255,D_pmar=0.054_dist=500_repair_6_males=6_nmar=5,6,5
0.054,3,500,500,73.00151684489707,241.013094584807,42.57376638125197,12,1.2,2.3951883322916596,255,D_pmar=0.054_dist=500_repair_6_males=6_nmar=5,6,5
0.054,10,1000,0,68.40375411824303,245.94680878036615,42.82578978888176,7,0.7,2.5379539422867916,255,D_pmar=0.054_dist=500_repair_6_males=6_nmar=5,6,5
0.054,12,1000,500,70.05342520206194,225.3297181933829,61.254636622133255,14,1.4,2.049234072559749,255,D_pmar=0.054_dist=500_repair_6_males=6_nmar=5,6,5
0.054,9,0,0,67.12704062453147,269.87206910695505,18.630775038883908,17,1.7000000000000004,2.820384732258476,256,D_pmar=0.054_dist=500_repair_6_males=6_nmar=5,6,5
0,9,0,500,71.89182155744518,167.84612977473395,120.37696828251867,0,0,0,256,D_pmar=0.054_dist=500_repair_6_males=6_nmar=5,6,5
0.054,12,500,0,68.95409597993304,226.8035486398954,60.73736204898064,14,1.4,2.193739644020844,256,D_pmar=0.054_dist=500_repair_6_males=6_nmar=5,6,5
0.054,13,500,500,72.46870649076929,230.53202524756952,54.90242384435325,4,0.4,1.7525047206597073,256,D_pmar=0.054_dist=500_repair_6_males=6_nmar=5,6,5
0.054,5,1000,0,72.4902004166022,235.1112087688101,48.91389500137559,13,1.3,2.226323923019771,256,D_pmar=0.054_dist=500_repair_6_males=6_nmar=5,6,5
0.054,6,1000,500,67.3978186691048,239.39929310957683,50.28970795082882,11,1.1,1.8591136226616836,256,D_pmar=0.054_dist=500_repair_6_males=6_nmar=5,6,5
0.054,8,0,0,68.39018734556959,222.3719158877968,67.06676238512583,7,0.7,1.581335844883906,257,D_pmar=0.054_dist=500_repair_6_males=6_nmar=5,6,5
0,9,0,500,70.55626702495424,240.82213241208305,48.84119957042503,0,0,0,257,D_pmar=0.054_dist=500_repair_6_males=6_nmar=5,6,5
0.054,7,500,0,73.63290450570192,228.13905344345116,55.08556148753826,10,1,2.2257946512164515,257,D_pmar=0.054_dist=500_repair_6_males=6_nmar=5,6,5
0.054,14,500,500,69.8906483960134,219.5787137622591,67.43440589206857,15,1.5000000000000002,1.766521030069091,257,D_pmar=0.054_dist=500_repair_6_males=6_nmar=5,6,5
0.054,12,1000,0,70.86598230168923,231.44861751435437,55.15751665753507,8,0.7999999999999999,1.84555375142032,257,D_pmar=0.054_dist=500_repair_6_males=6_nmar=5,6,5
0.054,4,1000,500,68.81166823920786,257.01948246861485,30.387732929744477,13,1.3,2.717877531054045,257,D_pmar=0.054_dist=500_repair_6_males=6_nmar=5,6,5
0.054,12,0,0,71.25504435525734,224.9048016663475,60.64575561939338,14,1.4,1.8630852169962624,258,D_pmar=0.054_dist=500_repair_6_males=6_nmar=5,6,5
0.054,11,0,500,71.01719142178636,176.8834633437041,109.79244460483233,9,0.8999999999999999,1.717216809816517,258,D_pmar=0.054_dist=500_repair_6_males=6_nmar=5,6,5
0.054,7,500,0,70.50937427278308,272.3694258906096,12.186051626289547,20,2.0000000000000004,3.1815219118763376,258,D_pmar=0.054_dist=500_repair_6_males=6_nmar=5,6,5
0.054,5,500,500,73.01524404085501,228.623072066305,54.797833231880155,13,1.3,2.2916666666666683,258,D_pmar=0.054_dist=500_repair_6_males=6_nmar=5,6,5
0.054,8,1000,0,68.72871265211722,245.08688720896947,42.95274988332755,10,1,2.5325622394058915,258,D_pmar=0.054_dist=500_repair_6_males=6_nmar=5,6,5
0,11,1000,500,72.07728840645589,166.10210232680245,122.11813513819942,0,0,0,258,D_pmar=0.054_dist=500_repair_6_males=6_nmar=5,6,5
0.054,8,0,0,72.17721484381086,199.64013743112068,85.1792029445674,13,1.3,1.8425458274640425,259,D_pmar=0.054_dist=500_repair_6_males=6_nmar=5,6,5
0.054,7,0,500,71.30700918823763,242.9093719820056,42.66377761151966,14,1.4,1.7878719439236057,259,D_pmar=0.054_dist=500_repair_6_males=6_nmar=5,6,5
0,9,500,0,72.03996664513168,190.18112214269425,97.93833276150528,0,0,0,259,D_pmar=0.054_dist=500_repair_6_males=6_nmar=5,6,5
0.054,8,500,500,72.46906850270848,266.3256584272124,18.237933838256826,12,1.2,2.0887978698495324,259,D_pmar=0.054_dist=500_repair_6_males=6_nmar=5,6,5
0.054,10,1000,0,68.71798235592951,244.51463356654543,43.06686871889192,15,1.5000000000000002,2.576024797394955,259,D_pmar=0.054_dist=500_repair_6_males=6_nmar=5,6,5
0.054,12,1000,500,73.46368331856193,204.85217725028855,79.51557175036463,6,0.6,1.5844738753031524,259,D_pmar=0.054_dist=500_repair_6_males=6_nmar=5,6,5
0,6,0,0,71.14084080432616,258.15797043147177,30.78051427617074,0,0,0,25,D_pmar=0.054_dist=500_repair_6_males=6_nmar=5,6,5
0.054,15,0,500,71.83806671505262,215.6342909601169,69.66194638375381,12,1.2,1.7298130106795797,25,D_pmar=0.054_dist=500_repair_6_males=6_nmar=5,6,5
0.054,8,500,0,67.72509568801568,229.2027610837108,61.03229055539999,7,0.7,1.4080654427024577,25,D_pmar=0.054_dist=500_repair_6_males=6_nmar=5,6,5
0.054,13,500,500,72.19146977049853,241.05027825815824,42.39901190927493,14,1.4,3.0149840087014015,25,D_pmar=0.054_dist=500_repair_6_males=6_nmar=5,6,5
0.054,6,1000,0,68.57379221903959,239.20380000567883,48.97124190762208,11,1.1,2.3087989669022604,25,D_pmar=0.054_dist=500_repair_6_males=6_nmar=5,6,5
0.054,6,1000,500,66.41636026571919,211.1978738023515,79.47304106626935,11,1.1,1.818434008937593,25,D_pmar=0.054_dist=500_repair_6_males=6_nmar=5,6,5
0,10,0,0,70.47542851485973,216.06172082926153,73.63749470136621,0,0,0,260,D_pmar=0.054_dist=500_repair_6_males=6_nmar=5,6,5
0.054,10,0,500,72.14989181345422,168.40412317442417,117.9297535027464,7,0.7,0.9507191623117006,260,D_pmar=0.054_dist=500_repair_6_males=6_nmar=5,6,5
0.054,8,500,0,69.9093738583245,225.5411133074332,60.194348623428816,22,2.2000000000000006,2.1649748133004905,260,D_pmar=0.054_dist=500_repair_6_males=6_nmar=5,6,5
0.054,10,500,500,67.93526941409439,241.14442817460915,48.7403470877545,7,0.7,1.672131203182865,260,D_pmar=0.054_dist=500_repair_6_males=6_nmar=5,6,5
0.054,11,1000,0,72.67300815196661,241.17917137062668,42.36073486415598,16,1.6000000000000003,2.366046375823993,260,D_pmar=0.054_dist=500_repair_6_males=6_nmar=5,6,5
0.054,5,1000,500,73.20917561627454,246.9652687232782,36.56740128675557,11,1.1,2.2191922586729063,260,D_pmar=0.054_dist=500_repair_6_males=6_nmar=5,6,5
0.054,7,0,0,67.09663272548124,228.7842350556558,61.03450303808483,12,1.2,1.9374649261535868,261,D_pmar=0.054_dist=500_repair_6_males=6_nmar=5,6,5
0.054,5,0,500,68.55103163763344,227.62831163306137,60.73761655769956,11,1.1,2.0171790653641417,261,D_pmar=0.054_dist=500_repair_6_males=6_nmar=5,6,5
0.054,8,500,0,73.95294683838293,168.11366507860825,115.81175908905632,9,0.8999999999999999,1.344237680830219,261,D_pmar=0.054_dist=500_repair_6_males=6_nmar=5,6,5
0.054,12,500,500,68.29573442333871,256.97607570536974,30.388736340367632,20,2.0000000000000004,2.4257283577126083,261,D_pmar=0.054_dist=500_repair_6_males=6_nmar=5,6,5
0.054,13,1000,0,71.17980913958621,261.18352256117527,24.374378706650557,11,1.1,2.3105168887751866,261,D_pmar=0.054_dist=500_repair_6_males=6_nmar=5,6,5
0,9,1000,500,72.21788642315818,196.5340200659555,91.66649121717865,0,0,0,261,D_pmar=0.054_dist=500_repair_6_males=6_nmar=5,6,5
0.054,9,0,0,73.18308999338504,204.27350173674515,79.18576550774688,15,1.5000000000000002,2.045791750028489,262,D_pmar=0.054_dist=500_repair_6_males=6_nmar=5,6,5
0.054,5,0,500,72.05242624762268,223.12043662771313,60.81748467073211,18,1.8000000000000005,2.212916197834414,262,D_pmar=0.054_dist=500_repair_6_males=6_nmar=5,6,5
0,6,500,0,72.20473036551167,208.21221977195256,79.62863028259301,0,0,0,262,D_pmar=0.054_dist=500_repair_6_males=6_nmar=5,6,5
0.054,11,500,500,70.8799059841065,237.1527937263876,48.48436188343297,13,1.3,2.2053501349125684,262,D_pmar=0.054_dist=500_repair_6_males=6_nmar=5,6,5
0.054,14,1000,0,70.54341283273743,207.6527173605042,79.32586476623862,8,0.7999999999999999,1.7952858607894449,262,D_pmar=0.054_dist=500_repair_6_males=6_nmar=5,6,5
0.054,9,1000,500,71.11493267569114,237.178874518332,48.87171410910996,11,1.1,2.053430646585634,262,D_pmar=0.054_dist=500_repair_6_males=6_nmar=5,6,5
0.054,10,0,0,73.64061831854472,246.43260820030025,37.03123727964972,10,1,2.1312747178672566,263,D_pmar=0.054_dist=500_repair_6_males=6_nmar=5,6,5
0.054,8,0,500,74.39617085727514,215.38152302842164,67.60872264786558,10,1,1.7459816405368709,263,D_pmar=0.054_dist=500_repair_6_males=6_nmar=5,6,5
0,14,500,0,72.25989498225272,232.8057808194854,54.99538382340082,0,0,0,263,D_pmar=0.054_dist=500_repair_6_males=6_nmar=5,6,5
0.054,7,500,500,69.43244960365527,268.8710853072487,18.37107536086431,12,1.2,2.1813904624421254,263,D_pmar=0.054_dist=500_repair_6_males=6_nmar=5,6,5
0.054,10,1000,0,69.87885844347747,214.4517069798319,73.42570084572625,9,0.8999999999999999,1.6005123986974752,263,D_pmar=0.054_dist=500_repair_6_males=6_nmar=5,6,5
0.054,5,1000,500,70.56091014419601,226.26448263063028,60.33120801498798,10,1,1.9341747496783337,263,D_pmar=0.054_dist=500_repair_6_males=6_nmar=5,6,5
0.054,9,0,0,72.8984119985453,247.26083005667695,36.59807884739216,11,1.1,2.2023642505493286,264,D_pmar=0.054_dist=500_repair_6_males=6_nmar=5,6,5
0.054,9,0,500,71.27100729790837,260.1440656749973,24.533713057771255,13,1.3,2.8438151329255987,264,D_pmar=0.054_dist=500_repair_6_males=6_nmar=5,6,5
0,11,500,0,66.7422068645833,226.1889209815116,67.39728421614967,0,0,0,264,D_pmar=0.054_dist=500_repair_6_males=6_nmar=5,6,5
0.054,8,500,500,72.2937600292343,229.61420193340396,54.980038581056505,8,0.7999999999999999,2.3171192813187305,264,D_pmar=0.054_dist=500_repair_6_males=6_nmar=5,6,5
0.054,10,1000,0,73.52858281158275,238.6366948191592,44.942770613874835,10,1,1.921296296296296,264,D_pmar=0.054_dist=500_repair_6_males=6_nmar=5,6,5
0.054,7,1000,500,74.35034717570502,235.2098818282124,48.70284310295651,4,0.4,1.5190010251932873,264,D_pmar=0.054_dist=500_repair_6_males=6_nmar=5,6,5
0.054,5,0,0,70.21745867865934,243.1721988660458,42.82768982902456,10,1,2.9431910185669636,265,D_pmar=0.054_dist=500_repair_6_males=6_nmar=5,6,5
0,12,0,500,74.40996320891375,230.60672114822935,54.99635401508539,0,0,0,265,D_pmar=0.054_dist=500_repair_6_males=6_nmar=5,6,5
0.054,16,500,0,71.03525257180134,158.7445632155408,128.0559431884966,8,0.7999999999999999,1.4272419965160268,265,D_pmar=0.054_dist=500_repair_6_males=6_nmar=5,6,5
0.054,6,500,500,67.26517237611641,228.3117835200635,61.40675760735962,10,1,2.057177261228907,265,D_pmar=0.054_dist=500_repair_6_males=6_nmar=5,6,5
0.054,6,1000,0,67.2684916506243,209.68190246284172,79.63840650021356,17,1.7000000000000004,1.7410463758239902,265,D_pmar=0.054_dist=500_repair_6_males=6_nmar=5,6,5
0.054,9,1000,500,69.35064714225457,262.0612425503803,24.50791613778812,19,1.9000000000000008,2.224678834782144,265,D_pmar=0.054_dist=500_repair_6_males=6_nmar=5,6,5
0.054,8,0,0,66.62530346090017,235.55934086816936,54.62836491864894,13,1.3,2.0023291920394253,266,D_pmar=0.054_dist=500_repair_6_males=6_nmar=5,6,5
0,10,0,500,73.43028636450425,200.99562547712597,85.66242437836368,0,0,0,266,D_pmar=0.054_dist=500_repair_6_males=6_nmar=5,6,5
0.054,13,500,0,70.00091598850052,266.96984993906767,19.5211031490448,13,1.3,2.4179593546924947,266,D_pmar=0.054_dist=500_repair_6_males=6_nmar=5,6,5
0.054,7,500,500,70.40437636066633,195.0328088574365,91.71503043289673,12,1.2,1.6489830550347169,266,D_pmar=0.054_dist=500_repair_6_males=6_nmar=5,6,5
0.054,9,1000,0,70.60100469312674,218.21464220631475,67.40768782274212,16,1.6000000000000003,2.3693365522992464,266,D_pmar=0.054_dist=500_repair_6_males=6_nmar=5,6,5
0.054,7,1000,500,74.80210584484553,234.4531732518203,47.77720735483455,7,0.7,2.337259505510601,266,D_pmar=0.054_dist=500_repair_6_males=6_nmar=5,6,5
0.054,7,0,0,69.84444650453119,226.28279129957917,61.02095620696012,11,1.1,1.930051009287748,267,D_pmar=0.054_dist=500_repair_6_males=6_nmar=5,6,5
0.054,11,0,500,69.14990544609705,244.59394420052288,42.64427484311528,14,1.4,2.3118068908585387,267,D_pmar=0.054_dist=500_repair_6_males=6_nmar=5,6,5
0.054,11,500,0,70.62016379559138,207.2536414187482,79.76367375168682,7,0.7,1.9149981958647648,267,D_pmar=0.054_dist=500_repair_6_males=6_nmar=5,6,5
0,8,500,500,71.50368310372546,223.31929675828377,65.42057647211398,0,0,0,267,D_pmar=0.054_dist=500_repair_6_males=6_nmar=5,6,5
0.054,6,1000,0,73.73928796256331,198.78191446823163,85.08389327071627,9,0.8999999999999999,1.8121359085060615,267,D_pmar=0.054_dist=500_repair_6_males=6_nmar=5,6,5
0.054,11,1000,500,67.93136018359138,251.0276447486102,36.80610518950917,20,2.0000000000000004,2.383577841399936,267,D_pmar=0.054_dist=500_repair_6_males=6_nmar=5,6,5
0.054,4,0,0,73.33054835911902,171.61354802551818,113.14003576919568,7,0.7,1.4695666984777445,268,D_pmar=0.054_dist=500_repair_6_males=6_nmar=5,6,5
0.054,12,0,500,69.70894663742735,225.94937983147233,61.32815641608839,14,1.4,1.6507802893283503,268,D_pmar=0.054_dist=500_repair_6_males=6_nmar=5,6,5
0.054,8,500,0,71.84548537861662,240.67282954972848,43.86890188416569,15,1.5000000000000002,2.115236194472934,268,D_pmar=0.054_dist=500_repair_6_males=6_nmar=5,6,5
0.054,7,500,500,68.0987572731685,251.5879641062458,36.81228206148615,13,1.3,2.231940605591976,268,D_pmar=0.054_dist=500_repair_6_males=6_nmar=5,6,5
0,10,1000,0,69.34307256867305,223.90586532569824,67.04358765764317,0,0,0,268,D_pmar=0.054_dist=500_repair_6_males=6_nmar=5,6,5
0.054,13,1000,500,71.4323547002404,236.47737619707056,48.400588649945334,13,1.3,2.5085076937071116,268,D_pmar=0.054_dist=500_repair_6_males=6_nmar=5,6,5
0.054,5,0,0,71.2157655389302,224.602492186114,61.220498386356184,12,1.2,1.9430816087257925,269,D_pmar=0.054_dist=500_repair_6_males=6_nmar=5,6,5
0,12,0,500,69.83476847532322,253.7537888283696,36.46236903032389,0,0,0,269,D_pmar=0.054_dist=500_repair_6_males=6_nmar=5,6,5
0.054,9,500,0,73.01639299541117,180.28637478130625,103.7122642907731,14,1.4,1.5869525274561116,269,D_pmar=0.054_dist=500_repair_6_males=6_nmar=5,6,5
0.054,7,500,500,68.40478199417807,246.18461570203735,42.67443459618384,8,0.7999999999999999,2.0416680096379034,269,D_pmar=0.054_dist=500_repair_6_males=6_nmar=5,6,5
0.054,15,1000,0,68.86366296812685,256.30281093856667,30.815585545339555,16,1.6000000000000003,2.5049352647128833,269,D_pmar=0.054_dist=500_repair_6_males=6_nmar=5,6,5
0.054,6,1000,500,68.25541969868851,203.7285586207302,85.7793378294981,9,0.8999999999999999,1.4846195119007275,269,D_pmar=0.054_dist=500_repair_6_males=6_nmar=5,6,5
0.054,7,0,0,71.48465075610108,194.1084305714708,91.76650818463234,12,1.2,1.7129629629629626,26,D_pmar=0.054_dist=500_repair_6_males=6_nmar=5,6,5
0.054,3,0,500,68.17612967838484,252.2041970723787,36.75599617395603,12,1.2,1.8931908438422296,26,D_pmar=0.054_dist=500_repair_6_males=6_nmar=5,6,5
0.054,17,500,0,71.50453675249302,248.0179743456015,36.48262804390478,17,1.7000000000000004,2.4467241854128488,26,D_pmar=0.054_dist=500_repair_6_males=6_nmar=5,6,5
0.054,13,500,500,72.83124016333763,210.5178672969606,72.8603785537425,14,1.4,2.434505110297099,26,D_pmar=0.054_dist=500_repair_6_males=6_nmar=5,6,5
0.054,7,1000,0,72.15013303589213,193.98323801989463,91.493186012143,10,1,1.376974105885152,26,D_pmar=0.054_dist=500_repair_6_males=6_nmar=5,6,5
0,7,1000,500,74.39884859352149,220.31580661848952,65.5155488325853,0,0,0,26,D_pmar=0.054_dist=500_repair_6_males=6_nmar=5,6,5
0.054,9,0,0,70.16947435623516,256.4389440635142,30.570533795458537,7,0.7,2.1998855983963685,270,D_pmar=0.054_dist=500_repair_6_males=6_nmar=5,6,5
0.054,12,0,500,74.07953421155412,210.20209859935747,73.19938299645688,11,1.1,1.5429827372567675,270,D_pmar=0.054_dist=500_repair_6_males=6_nmar=5,6,5
0.054,8,500,0,71.47514271888656,230.16251141024767,54.8533242808589,18,1.8000000000000005,1.9143167780054384,270,D_pmar=0.054_dist=500_repair_6_males=6_nmar=5,6,5
0,5,500,500,69.17660432818865,217.96719410341055,73.00908987317302,0,0,0,270,D_pmar=0.054_dist=500_repair_6_males=6_nmar=5,6,5
0.054,12,1000,0,72.72143662799942,175.0649931541687,109.8631997576867,8,0.7999999999999999,1.5654494675455906,270,D_pmar=0.054_dist=500_repair_6_males=6_nmar=5,6,5
0.054,8,1000,500,71.19046611375656,242.28068316631533,42.63961835265921,19,1.9000000000000008,2.1808611906388062,270,D_pmar=0.054_dist=500_repair_6_males=6_nmar=5,6,5
0,11,0,0,72.89061799301767,244.16269358779843,42.98141786625843,0,0,0,271,D_pmar=0.054_dist=500_repair_6_males=6_nmar=5,6,5
0.054,13,0,500,68.29893123412202,173.53187181125185,116.1076243578093,9,0.8999999999999999,1.423270402181448,271,D_pmar=0.054_dist=500_repair_6_males=6_nmar=5,6,5
0.054,11,500,0,71.49689190451244,189.86057524530625,95.68817188942482,13,1.3,1.8002211255023248,271,D_pmar=0.054_dist=500_repair_6_males=6_nmar=5,6,5
0.054,3,500,500,69.56170364472518,255.87884292313328,30.688153322327818,14,1.4,2.6122543390234076,271,D_pmar=0.054_dist=500_repair_6_males=6_nmar=5,6,5
0.054,12,1000,0,68.90373122715201,242.48636413205543,44.804643284960974,16,1.6000000000000003,2.314814814814816,271,D_pmar=0.054_dist=500_repair_6_males=6_nmar=5,6,5
0.054,4,1000,500,64.76624916135196,249.3153279890699,42.56033370016602,10,1,2.4080667856736975,271,D_pmar=0.054_dist=500_repair_6_males=6_nmar=5,6,5
0.054,7,0,0,65.2776800133812,182.70506242347776,109.99191970912868,8,0.7999999999999999,1.238085216996263,272,D_pmar=0.054_dist=500_repair_6_males=6_nmar=5,6,5
0.054,14,0,500,67.61109470360962,224.29269804805816,65.32288757758982,10,1,1.827717993732364,272,D_pmar=0.054_dist=500_repair_6_males=6_nmar=5,6,5
0.054,2,500,0,73.34672797614635,228.83570316771645,54.62961246364983,11,1.1,2.215902082197653,272,D_pmar=0.054_dist=500_repair_6_males=6_nmar=5,6,5
0.054,17,500,500,69.37982879270913,262.88118230426926,24.386024516472663,13,1.3,2.097552582840984,272,D_pmar=0.054_dist=500_repair_6_males=6_nmar=5,6,5
0.054,6,1000,0,70.25501628151997,237.3630872587047,48.844435314975165,12,1.2,2.431367079877853,272,D_pmar=0.054_dist=500_repair_6_males=6_nmar=5,6,5
0,8,1000,500,69.48566517850601,266.0137245445835,24.68928163355422,0,0,0,272,D_pmar=0.054_dist=500_repair_6_males=6_nmar=5,6,5
0.054,9,0,0,67.63085883802215,240.3113742872354,49.10597188756927,11,1.1,1.8653896835001769,273,D_pmar=0.054_dist=500_repair_6_males=6_nmar=5,6,5
0.054,7,0,500,72.14970974746817,223.32959617901915,60.790486010099386,15,1.5000000000000002,2.2759103957913203,273,D_pmar=0.054_dist=500_repair_6_males=6_nmar=5,6,5
0,11,500,0,75.34792316139603,193.3930949819276,91.35022027413574,0,0,0,273,D_pmar=0.054_dist=500_repair_6_males=6_nmar=5,6,5
0.054,10,500,500,72.24379587817324,247.1230805770221,36.73531911102027,15,1.5000000000000002,2.4639513588767783,273,D_pmar=0.054_dist=500_repair_6_males=6_nmar=5,6,5
0.054,8,1000,0,69.62856441245995,226.45362700770264,61.16620214466717,8,0.7999999999999999,1.9678748451115673,273,D_pmar=0.054_dist=500_repair_6_males=6_nmar=5,6,5
0.054,9,1000,500,69.80336570782062,214.0263259847631,73.3393335235026,12,1.2,1.6952793513310134,273,D_pmar=0.054_dist=500_repair_6_males=6_nmar=5,6,5
0.054,7,0,0,69.12176063460555,233.55437409927129,54.57783617878896,10,1,1.9485461452419912,274,D_pmar=0.054_dist=500_repair_6_males=6_nmar=5,6,5
0.054,5,0,500,68.90140706488336,203.0703011916041,85.2841389995459,10,1,1.793640772551818,274,D_pmar=0.054_dist=500_repair_6_males=6_nmar=5,6,5
0.054,9,500,0,67.85358814704225,229.1730292214313,59.520483895732525,15,1.5000000000000002,2.0337248209687453,274,D_pmar=0.054_dist=500_repair_6_males=6_nmar=5,6,5
0.054,8,500,500,68.85248890184026,208.72422914267383,79.4352594397461,12,1.2,1.8359654745135352,274,D_pmar=0.054_dist=500_repair_6_males=6_nmar=5,6,5
0,5,1000,0,69.40861622051295,272.49059432750516,18.15218039668425,0,0,0,274,D_pmar=0.054_dist=500_repair_6_males=6_nmar=5,6,5
0.054,20,1000,500,70.47809785171998,226.0889063564099,60.68887863003981,12,1.2,1.7529611588277274,274,D_pmar=0.054_dist=500_repair_6_males=6_nmar=5,6,5
0.054,8,0,0,70.74183801927597,218.7099503257424,67.01876618929755,14,1.4,2.338977427383527,275,D_pmar=0.054_dist=500_repair_6_males=6_nmar=5,6,5
0.054,10,0,500,71.2839531371819,232.28066151748973,53.6279961265737,12,1.2,1.6603685662351348,275,D_pmar=0.054_dist=500_repair_6_males=6_nmar=5,6,5
0.054,7,500,0,73.47117168604424,204.56162525668103,79.24209582518019,10,1,1.924586472771549,275,D_pmar=0.054_dist=500_repair_6_males=6_nmar=5,6,5
0.054,10,500,500,66.04410936699838,241.3333835964595,49.07349798131942,13,1.3,2.3132998330401584,275,D_pmar=0.054_dist=500_repair_6_males=6_nmar=5,6,5
0,9,1000,0,72.89096181810663,250.3316077000302,36.782209456085624,0,0,0,275,D_pmar=0.054_dist=500_repair_6_males=6_nmar=5,6,5
0.054,10,1000,500,69.1049829940709,233.5667001692842,54.90704899738582,7,0.7,1.7737828008789238,275,D_pmar=0.054_dist=500_repair_6_males=6_nmar=5,6,5
0.054,7,0,0,70.89967426478346,242.63552642992815,42.67767365570222,13,1.3,2.5270977028896913,276,D_pmar=0.054_dist=500_repair_6_males=6_nmar=5,6,5
0.054,7,0,500,69.20088211596219,202.46045391302528,85.77188244814563,9,0.8999999999999999,1.7522797409684021,276,D_pmar=0.054_dist=500_repair_6_males=6_nmar=5,6,5
0.054,11,500,0,66.99254347085727,222.39597174247632,67.27178431096476,15,1.5000000000000002,1.897466730288822,276,D_pmar=0.054_dist=500_repair_6_males=6_nmar=5,6,5
0,7,500,500,72.1426451331473,223.5799247594101,64.36989364904699,0,0,0,276,D_pmar=0.054_dist=500_repair_6_males=6_nmar=5,6,5
0.054,12,1000,0,67.32732223594392,233.61549313556517,55.40539486618232,17,1.7000000000000004,2.0588951831018325,276,D_pmar=0.054_dist=500_repair_6_males=6_nmar=5,6,5
0.054,10,1000,500,71.30294866542464,213.10582315785027,73.041852142457,11,1.1,1.4799664997068234,276,D_pmar=0.054_dist=500_repair_6_males=6_nmar=5,6,5
0.054,16,0,0,72.89126041928978,264.4638539351944,18.261194101176105,19,1.9000000000000008,2.5450062942129477,277,D_pmar=0.054_dist=500_repair_6_males=6_nmar=5,6,5
0.054,8,0,500,68.33992526272435,209.29160642523317,79.33034821346465,12,1.2,1.8814282068944992,277,D_pmar=0.054_dist=500_repair_6_males=6_nmar=5,6,5
0,6,500,0,73.76603618987693,225.23108116616987,61.08620631857293,0,0,0,277,D_pmar=0.054_dist=500_repair_6_males=6_nmar=5,6,5
0.054,12,500,500,74.04366031005678,209.77940400833393,72.66681758663599,13,1.3,2.281396971900558,277,D_pmar=0.054_dist=500_repair_6_males=6_nmar=5,6,5
0.054,4,1000,0,71.585024685389,223.41463140256508,61.02605326987826,17,1.7000000000000004,2.325062469987889,277,D_pmar=0.054_dist=500_repair_6_males=6_nmar=5,6,5
0.054,8,1000,500,68.71573846939278,166.13747575565543,123.15576754004778,8,0.7999999999999999,1.4576519154740075,277,D_pmar=0.054_dist=500_repair_6_males=6_nmar=5,6,5
0.054,9,0,0,71.50403764475432,211.22477771912605,73.63615619933336,18,1.8000000000000005,1.8391035049327815,278,D_pmar=0.054_dist=500_repair_6_males=6_nmar=5,6,5
0,8,0,500,72.30358197335387,196.04214427314656,91.6819138068871,0,0,0,278,D_pmar=0.054_dist=500_repair_6_males=6_nmar=5,6,5
0.054,7,500,0,68.6501632814803,238.32239411908432,48.85823564940547,18,1.8000000000000005,2.4622113974108144,278,D_pmar=0.054_dist=500_repair_6_males=6_nmar=5,6,5
0.054,6,500,500,72.73027785942358,205.11233283460103,79.54612922129688,7,0.7,1.9756658877247184,278,D_pmar=0.054_dist=500_repair_6_males=6_nmar=5,6,5
0.054,5,1000,0,71.56274594268348,218.52995091790737,67.37423391724771,10,1,1.6563969719005562,278,D_pmar=0.054_dist=500_repair_6_males=6_nmar=5,6,5
0.054,19,1000,500,66.59706027180701,228.7259793911881,61.18049988754123,16,1.6000000000000003,2.0370370370370368,278,D_pmar=0.054_dist=500_repair_6_males=6_nmar=5,6,5
0,18,0,0,67.70828290555129,231.36667770347552,61.03685288750838,0,0,0,279,D_pmar=0.054_dist=500_repair_6_males=6_nmar=5,6,5
0.054,6,0,500,70.86364496644077,231.37300490876987,55.14137914592046,9,0.8999999999999999,1.8430750992673608,279,D_pmar=0.054_dist=500_repair_6_males=6_nmar=5,6,5
0.054,3,500,0,67.95654510498069,228.25989239019057,61.24254111067572,9,0.8999999999999999,1.7641945239721388,279,D_pmar=0.054_dist=500_repair_6_males=6_nmar=5,6,5
0.054,4,500,500,69.80918375822468,256.164390628327,30.428593167614544,14,1.4,2.3187423299633183,279,D_pmar=0.054_dist=500_repair_6_males=6_nmar=5,6,5
0.054,14,1000,0,75.35499915702488,214.66592184282328,67.18172186647175,9,0.8999999999999999,1.928558067106128,279,D_pmar=0.054_dist=500_repair_6_males=6_nmar=5,6,5
0.054,9,1000,500,71.39357708035179,236.20243724614903,49.171264220956,12,1.2,2.0922401923807925,279,D_pmar=0.054_dist=500_repair_6_males=6_nmar=5,6,5
0,7,0,0,68.8416913585519,242.2928634482548,48.90809909459664,0,0,0,27,D_pmar=0.054_dist=500_repair_6_males=6_nmar=5,6,5
0.054,14,0,500,73.5076923415065,222.15454824460895,61.13375311940781,14,1.4,1.810490820268435,27,D_pmar=0.054_dist=500_repair_6_males=6_nmar=5,6,5
0.054,7,500,0,68.59883495897733,179.44842189575712,109.73967568801903,8,0.7999999999999999,1.5173559369556604,27,D_pmar=0.054_dist=500_repair_6_males=6_nmar=5,6,5
0.054,13,500,500,72.40442925047023,253.3841680534475,30.414354783541363,15,1.5000000000000002,2.369336552299246,27,D_pmar=0.054_dist=500_repair_6_males=6_nmar=5,6,5
0.054,3,1000,0,74.52156723233486,191.69853439084935,91.11738588722272,12,1.2,1.544171387326374,27,D_pmar=0.054_dist=500_repair_6_males=6_nmar=5,6,5
0.054,10,1000,500,68.98058700187887,232.08962998415785,55.18742407568093,16,1.6000000000000003,2.3461884041510976,27,D_pmar=0.054_dist=500_repair_6_males=6_nmar=5,6,5
0.054,13,0,0,70.37466724741233,237.93659986679535,49.08313076822768,9,0.8999999999999999,1.7569327531623065,280,D_pmar=0.054_dist=500_repair_6_males=6_nmar=5,6,5
0.054,10,0,500,71.65318741445996,242.95464702081972,42.62887381960181,12,1.2,1.8782901764752529,280,D_pmar=0.054_dist=500_repair_6_males=6_nmar=5,6,5
0,8,500,0,70.79932776146039,240.3964285532982,49.01358477317872,0,0,0,280,D_pmar=0.054_dist=500_repair_6_males=6_nmar=5,6,5
0.054,6,500,500,70.0463373365006,249.59235173432475,36.537362591446566,15,1.5000000000000002,2.3254968685628707,280,D_pmar=0.054_dist=500_repair_6_males=6_nmar=5,6,5
0.054,8,1000,0,69.58930319116847,232.01566907918047,54.88982567097827,11,1.1,2.568211715188765,280,D_pmar=0.054_dist=500_repair_6_males=6_nmar=5,6,5
0.054,9,1000,500,71.49048705300494,182.5882749697218,103.7318812510877,8,0.7999999999999999,1.5277777777777777,280,D_pmar=0.054_dist=500_repair_6_males=6_nmar=5,6,5
0,7,0,0,71.8971886681923,235.63087829155552,52.596493150905175,0,0,0,281,D_pmar=0.054_dist=500_repair_6_males=6_nmar=5,6,5
0.054,11,0,500,72.54945937898991,248.10596664128084,36.654358515069234,8,0.7999999999999999,1.972375711249465,281,D_pmar=0.054_dist=500_repair_6_males=6_nmar=5,6,5
0.054,3,500,0,73.15366800897475,247.03030487533417,36.65523790764112,11,1.1,2.0833333333333335,281,D_pmar=0.054_dist=500_repair_6_males=6_nmar=5,6,5
0.054,12,500,500,68.84953496889877,205.48036567506415,83.49923030153737,9,0.8999999999999999,1.3480571291087913,281,D_pmar=0.054_dist=500_repair_6_males=6_nmar=5,6,5
0.054,16,1000,0,70.65433845532749,225.69826748617004,60.51041430406717,14,1.4,1.7641945239721388,281,D_pmar=0.054_dist=500_repair_6_males=6_nmar=5,6,5
0.054,5,1000,500,69.07185865926881,232.84052102046235,54.893639854695195,12,1.2,2.188122961448639,281,D_pmar=0.054_dist=500_repair_6_males=6_nmar=5,6,5
0.054,2,0,0,71.01300848167644,225.24083976726132,60.61501270379152,8,0.7999999999999999,2.431801478452834,282,D_pmar=0.054_dist=500_repair_6_males=6_nmar=5,6,5
0.054,11,0,500,69.14668747462245,233.96884155765295,55.17762620321528,7,0.7,1.426256286544688,282,D_pmar=0.054_dist=500_repair_6_males=6_nmar=5,6,5
0.054,8,500,0,71.01584516233928,249.09635979544817,36.406338980876825,13,1.3,2.4386288506876848,282,D_pmar=0.054_dist=500_repair_6_males=6_nmar=5,6,5
0.054,14,500,500,72.5095968066377,235.60547731360617,49.052813414839555,9,0.8999999999999999,1.9872763786164416,282,D_pmar=0.054_dist=500_repair_6_males=6_nmar=5,6,5
0.054,13,1000,0,68.88350262598789,263.33542989374655,24.539678569788684,11,1.1,2.1691713873263754,282,D_pmar=0.054_dist=500_repair_6_males=6_nmar=5,6,5
0,6,1000,500,72.16132269422326,220.698715565631,67.29939993025863,0,0,0,282,D_pmar=0.054_dist=500_repair_6_males=6_nmar=5,6,5
0.054,8,0,0,70.07946450462238,219.80030858691612,67.12367469793901,11,1.1,2.047966110069435,283,D_pmar=0.054_dist=500_repair_6_males=6_nmar=5,6,5
0,6,0,500,72.25736471706836,238.8113893556532,49.01206387910151,0,0,0,283,D_pmar=0.054_dist=500_repair_6_males=6_nmar=5,6,5
0.054,15,500,0,71.12961488523585,181.96336939654392,103.98661490485766,13,1.3,1.756932753162307,283,D_pmar=0.054_dist=500_repair_6_males=6_nmar=5,6,5
0.054,9,500,500,72.70262053305936,228.44469281618407,54.939657891919815,14,1.4,2.622524033789518,283,D_pmar=0.054_dist=500_repair_6_males=6_nmar=5,6,5
0.054,11,1000,0,76.90466477321385,237.29731284521813,42.48660831324752,11,1.1,2.2225044747411986,283,D_pmar=0.054_dist=500_repair_6_males=6_nmar=5,6,5
0.054,5,1000,500,71.23126205385074,224.31096949865776,61.16808774931853,14,1.4,2.119642187382495,283,D_pmar=0.054_dist=500_repair_6_males=6_nmar=5,6,5
0.054,5,0,0,78.3724214639817,235.1897506027741,42.78322083265553,17,1.7000000000000004,1.9785216656249895,284,D_pmar=0.054_dist=500_repair_6_males=6_nmar=5,6,5
0.054,14,0,500,68.21765552872398,229.04776281565287,61.08870021567795,5,0.5,1.336294492161061,284,D_pmar=0.054_dist=500_repair_6_males=6_nmar=5,6,5
0.054,11,500,0,69.4499586304174,237.4593568890572,49.36738258092448,15,1.5000000000000002,2.3709816405368733,284,D_pmar=0.054_dist=500_repair_6_males=6_nmar=5,6,5
0.054,5,500,500,69.05363056989502,238.54039432103497,49.061418538925274,12,1.2,2.2789183197475995,284,D_pmar=0.054_dist=500_repair_6_males=6_nmar=5,6,5
0,11,1000,0,75.78304839993753,179.51038218413214,104.76476778268116,0,0,0,284,D_pmar=0.054_dist=500_repair_6_males=6_nmar=5,6,5
0.054,8,1000,500,73.4647533345147,241.18528803791125,42.54161065317866,9,0.8999999999999999,2.1210050231011466,284,D_pmar=0.054_dist=500_repair_6_males=6_nmar=5,6,5
0.054,13,0,0,74.68917935776699,220.57602674701997,60.99981575700155,18,1.8000000000000005,1.9517062152542763,285,D_pmar=0.054_dist=500_repair_6_males=6_nmar=5,6,5
0.054,11,0,500,74.72637865893334,221.5992100021291,61.25748485116264,7,0.7,2.0100474010172777,285,D_pmar=0.054_dist=500_repair_6_males=6_nmar=5,6,5
0.054,6,500,0,69.81987434952335,232.41939844556657,54.8152953718924,13,1.3,1.8968581460647949,285,D_pmar=0.054_dist=500_repair_6_males=6_nmar=5,6,5
0.054,8,500,500,72.9414073574025,169.01100991350464,115.80444822179882,8,0.7999999999999999,1.477509887146902,285,D_pmar=0.054_dist=500_repair_6_males=6_nmar=5,6,5
0,7,1000,0,72.40266323880037,281.4759735610707,6.163207902783719,0,0,0,285,D_pmar=0.054_dist=500_repair_6_males=6_nmar=5,6,5
0.054,9,1000,500,69.66138546869718,219.66694709176272,67.25809497743353,14,1.4,2.1186785170041933,285,D_pmar=0.054_dist=500_repair_6_males=6_nmar=5,6,5
0.054,16,0,0,71.87761082547087,229.3514633204386,54.77429158412484,16,1.6000000000000003,2.50708758516079,286,D_pmar=0.054_dist=500_repair_6_males=6_nmar=5,6,5
0.054,9,0,500,72.99502936295005,204.0057776539052,79.4121005158218,18,1.8000000000000005,1.8518518518518512,286,D_pmar=0.054_dist=500_repair_6_males=6_nmar=5,6,5
0.054,3,500,0,69.78269037773497,232.47034337500855,55.29315448643408,6,0.6,2.045639603972482,286,D_pmar=0.054_dist=500_repair_6_males=6_nmar=5,6,5
0.054,10,500,500,70.08289318750751,203.18223239565668,83.85498909123409,12,1.2,1.842545827464042,286,D_pmar=0.054_dist=500_repair_6_males=6_nmar=5,6,5
0.054,10,1000,0,68.84062257613992,196.11084700293597,91.77847713230008,13,1.3,1.978144539877678,286,D_pmar=0.054_dist=500_repair_6_males=6_nmar=5,6,5
0,6,1000,500,69.04789020501812,260.9244722601789,30.38410271952452,0,0,0,286,D_pmar=0.054_dist=500_repair_6_males=6_nmar=5,6,5
0.054,11,0,0,69.73934618175444,220.16100108015115,67.40242436235447,10,1,1.8465174217986215,287,D_pmar=0.054_dist=500_repair_6_males=6_nmar=5,6,5
0.054,10,0,500,71.35275828115675,244.13725323276995,42.401452311006054,7,0.7,1.5461207676760145,287,D_pmar=0.054_dist=500_repair_6_males=6_nmar=5,6,5
0.054,6,500,0,70.99754127356628,218.98061131265715,67.59661144849936,8,0.7999999999999999,1.8804645365161985,287,D_pmar=0.054_dist=500_repair_6_males=6_nmar=5,6,5
0.054,8,500,500,69.85461790055197,279.88455683190966,6.1154615229592,12,1.2,3.1075986408870304,287,D_pmar=0.054_dist=500_repair_6_males=6_nmar=5,6,5
0,12,1000,0,71.24026806547796,190.90497998624127,97.95406967835196,0,0,0,287,D_pmar=0.054_dist=500_repair_6_males=6_nmar=5,6,5
0.054,7,1000,500,68.4669007159677,245.60727429075965,42.431530994639026,16,1.6000000000000003,1.941284374432159,287,D_pmar=0.054_dist=500_repair_6_males=6_nmar=5,6,5
0.054,13,0,0,69.04668306104227,244.0154983867295,42.97590825107825,15,1.5000000000000002,2.5398240102157232,288,D_pmar=0.054_dist=500_repair_6_males=6_nmar=5,6,5
0.054,5,0,500,68.97962585275387,220.9075521667267,67.35076454644755,10,1,1.7754278891165505,288,D_pmar=0.054_dist=500_repair_6_males=6_nmar=5,6,5
0.054,13,500,0,68.3785941683512,217.2794307172235,71.3073283387469,14,1.4,1.6599121280671147,288,D_pmar=0.054_dist=500_repair_6_males=6_nmar=5,6,5
0.054,5,500,500,69.01664964150068,263.27620923680297,24.564378909161835,11,1.1,2.2600968520883034,288,D_pmar=0.054_dist=500_repair_6_males=6_nmar=5,6,5
0.054,13,1000,0,69.5817204437997,207.24071638595808,81.25969673076285,6,0.6,1.4097105309400846,288,D_pmar=0.054_dist=500_repair_6_males=6_nmar=5,6,5
0,5,1000,500,67.73271733858304,243.18962677087924,49.169734346301176,0,0,0,288,D_pmar=0.054_dist=500_repair_6_males=6_nmar=5,6,5
0.054,7,0,0,65.69046751750533,224.44619258229335,67.35507926042341,8,0.7999999999999999,1.8007503973056436,289,D_pmar=0.054_dist=500_repair_6_males=6_nmar=5,6,5
0,9,0,500,66.89154914542716,236.6312887570984,56.601373895438385,0,0,0,289,D_pmar=0.054_dist=500_repair_6_males=6_nmar=5,6,5
0.054,8,500,0,71.72864242967576,248.35757462033249,36.639918987917,12,1.2,2.1203236052418206,289,D_pmar=0.054_dist=500_repair_6_males=6_nmar=5,6,5
0.054,6,500,500,68.88598154497438,250.36619766232351,36.6704954120298,15,1.5000000000000002,2.605449006381596,289,D_pmar=0.054_dist=500_repair_6_males=6_nmar=5,6,5
0.054,8,1000,0,67.6042203635555,222.86960879622376,66.98247978839866,10,1,1.7361111111111107,289,D_pmar=0.054_dist=500_repair_6_males=6_nmar=5,6,5
0.054,16,1000,500,69.40311047485325,214.9141202734427,72.64275905942837,11,1.1,2.0578586790882327,289,D_pmar=0.054_dist=500_repair_6_males=6_nmar=5,6,5
0.054,10,0,0,69.2562188086353,201.92270869155175,85.63150300800082,16,1.6000000000000003,1.6220154586079965,28,D_pmar=0.054_dist=500_repair_6_males=6_nmar=5,6,5
0,7,0,500,71.25939503550974,252.3404273608252,36.407249582076375,0,0,0,28,D_pmar=0.054_dist=500_repair_6_males=6_nmar=5,6,5
0.054,8,500,0,69.96501451069942,224.7285410241949,62.178673606797965,12,1.2,2.0036191941227783,28,D_pmar=0.054_dist=500_repair_6_males=6_nmar=5,6,5
0.054,12,500,500,74.19850768991046,197.2118186920567,85.45673492008957,14,1.4,1.8170711732189415,28,D_pmar=0.054_dist=500_repair_6_males=6_nmar=5,6,5
0.054,10,1000,0,74.2981000337327,202.9139240902763,79.64742906481031,14,1.4,1.7870383800082736,28,D_pmar=0.054_dist=500_repair_6_males=6_nmar=5,6,5
0.054,7,1000,500,70.56672028861949,227.38572310574497,58.791419966611336,12,1.2,2.3039144962316405,28,D_pmar=0.054_dist=500_repair_6_males=6_nmar=5,6,5
0,9,0,0,67.36611082814557,188.50422877930615,104.21505458707412,0,0,0,290,D_pmar=0.054_dist=500_repair_6_males=6_nmar=5,6,5
0.054,5,0,500,70.35745103100979,261.2634953761387,24.397422908314542,10,1,3.0193900016109607,290,D_pmar=0.054_dist=500_repair_6_males=6_nmar=5,6,5
0.054,10,500,0,66.5965301275244,235.1157502438432,55.041034307272426,12,1.2,2.3342736211473616,290,D_pmar=0.054_dist=500_repair_6_males=6_nmar=5,6,5
0.054,12,500,500,69.68977248306855,208.9802670674157,79.28796984752526,6,0.6,1.504629629629629,290,D_pmar=0.054_dist=500_repair_6_males=6_nmar=5,6,5
0.054,12,1000,0,68.72909708002794,219.9969054220863,67.41223125472656,17,1.7000000000000004,2.3520300664146094,290,D_pmar=0.054_dist=500_repair_6_males=6_nmar=5,6,5
0.054,6,1000,500,69.2372480634198,263.1534293700453,24.237667326547488,13,1.3,2.135094166145829,290,D_pmar=0.054_dist=500_repair_6_males=6_nmar=5,6,5
0.054,8,0,0,69.17700225222715,159.86954308549204,128.24718202355228,14,1.4,1.344237680830219,291,D_pmar=0.054_dist=500_repair_6_males=6_nmar=5,6,5
0.054,13,0,500,72.5616243656619,223.42655686876873,60.88064169576711,16,1.6000000000000003,1.656244825844549,291,D_pmar=0.054_dist=500_repair_6_males=6_nmar=5,6,5
0.054,16,500,0,67.0502683237505,264.9228023972283,24.476717880989508,13,1.3,2.34760203391201,291,D_pmar=0.054_dist=500_repair_6_males=6_nmar=5,6,5
0.054,4,500,500,68.3700783229494,215.17346559070907,73.35739410111081,9,0.8999999999999999,2.280034136181906,291,D_pmar=0.054_dist=500_repair_6_males=6_nmar=5,6,5
0,10,1000,0,68.69169462288285,205.51066225568383,85.80788165006565,0,0,0,291,D_pmar=0.054_dist=500_repair_6_males=6_nmar=5,6,5
0.054,3,1000,500,66.88395814349039,252.75810050628843,36.43993472055687,15,1.5000000000000002,2.5711975995520047,291,D_pmar=0.054_dist=500_repair_6_males=6_nmar=5,6,5
0.054,8,0,0,72.50415509063723,247.37188016113532,36.78209510866906,13,1.3,2.1074451518597828,292,D_pmar=0.054_dist=500_repair_6_males=6_nmar=5,6,5
0.054,2,0,500,73.85096150752607,234.4183101172839,49.02974784098793,11,1.1,1.7647237957754578,292,D_pmar=0.054_dist=500_repair_6_males=6_nmar=5,6,5
0,9,500,0,75.28261605418507,254.15254668506947,30.7443218657952,0,0,0,292,D_pmar=0.054_dist=500_repair_6_males=6_nmar=5,6,5
0.054,12,500,500,69.90358211653226,233.48110505360688,53.58881532292252,12,1.2,1.8503368700771936,292,D_pmar=0.054_dist=500_repair_6_males=6_nmar=5,6,5
0.054,6,1000,0,72.91717502358394,168.92499357425558,116.122384503503,9,0.8999999999999999,1.242056811330842,292,D_pmar=0.054_dist=500_repair_6_males=6_nmar=5,6,5
0.054,17,1000,500,72.60974156606179,217.14882684830496,67.24828644792036,13,1.3,1.7010481799592256,292,D_pmar=0.054_dist=500_repair_6_males=6_nmar=5,6,5
0.054,8,0,0,68.72913635581922,191.19849347592492,97.6661820550256,10,1,1.5757191623117002,293,D_pmar=0.054_dist=500_repair_6_males=6_nmar=5,6,5
0.054,6,0,500,69.1686829781966,244.6538606992793,42.751629805791296,10,1,2.476981958314823,293,D_pmar=0.054_dist=500_repair_6_males=6_nmar=5,6,5
0.054,10,500,0,68.42221644600302,219.7926869487377,68.05880868215645,14,1.4,2.3445433159134703,293,D_pmar=0.054_dist=500_repair_6_males=6_nmar=5,6,5
0.054,8,500,500,72.74550277839916,262.7377101192269,20.18531452771384,22,2.2000000000000006,2.2301433712983436,293,D_pmar=0.054_dist=500_repair_6_males=6_nmar=5,6,5
0.054,13,1000,0,77.1367867979567,209.25940448187868,71.61958252824088,7,0.7,1.40505751874618,293,D_pmar=0.054_dist=500_repair_6_males=6_nmar=5,6,5
0,9,1000,500,70.56695263463429,222.13789484908577,67.37554746883757,0,0,0,293,D_pmar=0.054_dist=500_repair_6_males=6_nmar=5,6,5
0.054,12,0,0,71.3957131331967,224.6245635538371,60.66936338217486,14,1.4,2.0036191941227783,294,D_pmar=0.054_dist=500_repair_6_males=6_nmar=5,6,5
0.054,6,0,500,69.91369182696829,213.7301464838497,72.99840723390963,14,1.4,1.9970168015792331,294,D_pmar=0.054_dist=500_repair_6_males=6_nmar=5,6,5
0,7,500,0,72.31441365847556,245.0686367053414,42.818303424021835,0,0,0,294,D_pmar=0.054_dist=500_repair_6_males=6_nmar=5,6,5
0.054,13,500,500,69.56618849936179,259.7143335391721,27.563680322528167,12,1.2,2.175244508066601,294,D_pmar=0.054_dist=500_repair_6_males=6_nmar=5,6,5
0.054,10,1000,0,67.04435568903405,226.7205815404746,63.314775258708416,9,0.8999999999999999,2.1034735575252035,294,D_pmar=0.054_dist=500_repair_6_males=6_nmar=5,6,5
0.054,6,1000,500,72.22892732991673,205.66933349439353,79.16385866309136,9,0.8999999999999999,2.118222078836174,294,D_pmar=0.054_dist=500_repair_6_males=6_nmar=5,6,5
0,6,0,0,72.0902761603826,263.53271363704533,24.487121594324307,0,0,0,295,D_pmar=0.054_dist=500_repair_6_males=6_nmar=5,6,5
0.054,9,0,500,70.22072145322065,213.4932027935252,73.1525451636106,13,1.3,1.8376105627511623,295,D_pmar=0.054_dist=500_repair_6_males=6_nmar=5,6,5
0.054,19,500,0,70.28629710683494,213.88649582544903,73.16270258042906,12,1.2,1.5277777777777777,295,D_pmar=0.054_dist=500_repair_6_males=6_nmar=5,6,5
0.054,5,500,500,67.18508979860329,257.37514210328567,32.379069926736356,13,1.3,1.8164846285879528,295,D_pmar=0.054_dist=500_repair_6_males=6_nmar=5,6,5
0.054,5,1000,0,73.57251963056379,228.1272337444542,54.62633292868634,11,1.1,2.578481409954875,295,D_pmar=0.054_dist=500_repair_6_males=6_nmar=5,6,5
0.054,10,1000,500,72.2974262706211,193.40927116642308,91.8286449640616,9,0.8999999999999999,1.6014760690757763,295,D_pmar=0.054_dist=500_repair_6_males=6_nmar=5,6,5
0.054,6,0,0,72.07210282462722,212.03113583728268,72.97026349270159,12,1.2,1.7789430452831088,296,D_pmar=0.054_dist=500_repair_6_males=6_nmar=5,6,5
0.054,13,0,500,70.59367424885926,231.0033445073425,54.81076378238635,14,1.4,2.2271574869351034,296,D_pmar=0.054_dist=500_repair_6_males=6_nmar=5,6,5
0.054,7,500,0,72.62137113179593,210.94356631671957,73.48570876829397,13,1.3,1.9553735174768416,296,D_pmar=0.054_dist=500_repair_6_males=6_nmar=5,6,5
0,7,500,500,72.98421778468267,255.4849925868226,31.547587686114976,0,0,0,296,D_pmar=0.054_dist=500_repair_6_males=6_nmar=5,6,5
0.054,7,1000,0,71.52745533971279,224.56578785649748,61.59965592061912,3,0.30000000000000004,2.0614311080824614,296,D_pmar=0.054_dist=500_repair_6_males=6_nmar=5,6,5
0.054,14,1000,500,72.66727535004064,247.48339073240072,36.53632808418047,13,1.3,2.0200128036713747,296,D_pmar=0.054_dist=500_repair_6_males=6_nmar=5,6,5
0.054,12,0,0,73.58912802374866,203.93265525189145,80.43717094933581,7,0.7,1.5175080830116672,297,D_pmar=0.054_dist=500_repair_6_males=6_nmar=5,6,5
0,6,0,500,68.87751628844853,172.4936724647294,118.8675956146615,0,0,0,297,D_pmar=0.054_dist=500_repair_6_males=6_nmar=5,6,5
0.054,9,500,0,71.09475600114651,260.1560507620229,24.48164696237595,18,1.8000000000000005,2.5882946665529665,297,D_pmar=0.054_dist=500_repair_6_males=6_nmar=5,6,5
0.054,10,500,500,73.65656594312014,210.62850784793935,73.22717713525796,9,0.8999999999999999,1.68516180262091,297,D_pmar=0.054_dist=500_repair_6_males=6_nmar=5,6,5
0.054,7,1000,0,71.88574380098231,247.52836403468908,36.86610916950613,12,1.2,2.6327208949203302,297,D_pmar=0.054_dist=500_repair_6_males=6_nmar=5,6,5
0.054,10,1000,500,69.86840645744068,255.98840732845227,30.39839273609004,15,1.5000000000000002,2.373003854521812,297,D_pmar=0.054_dist=500_repair_6_males=6_nmar=5,6,5
0.054,11,0,0,71.49024261430213,224.46151263012035,61.28880667154986,11,1.1,1.9907407407407405,298,D_pmar=0.054_dist=500_repair_6_males=6_nmar=5,6,5
0,7,0,500,69.36812252941456,219.8788304532565,70.76604488082106,0,0,0,298,D_pmar=0.054_dist=500_repair_6_males=6_nmar=5,6,5
0.054,8,500,0,70.56303868515737,195.36768318236597,91.32974126830732,8,0.7999999999999999,2.0548507551319544,298,D_pmar=0.054_dist=500_repair_6_males=6_nmar=5,6,5
0.054,7,500,500,70.19773913598604,224.84849265178883,61.06578101512826,19,1.9000000000000008,2.0882685980462132,298,D_pmar=0.054_dist=500_repair_6_males=6_nmar=5,6,5
0.054,11,1000,0,71.53357433799803,228.53695905160492,57.15829920545836,14,1.4,1.8389513588767752,298,D_pmar=0.054_dist=500_repair_6_males=6_nmar=5,6,5
0.054,10,1000,500,74.27693205521668,246.10377748987733,36.47375808807752,11,1.1,2.2505878876022263,298,D_pmar=0.054_dist=500_repair_6_males=6_nmar=5,6,5
0.054,8,0,0,71.73964944399361,200.60062484542937,85.35709957423157,9,0.8999999999999999,1.6882998330401562,299,D_pmar=0.054_dist=500_repair_6_males=6_nmar=5,6,5
0.054,13,0,500,67.98904614759924,240.0603119577299,48.75707683899185,10,1,2.32304025600295,299,D_pmar=0.054_dist=500_repair_6_males=6_nmar=5,6,5
0,9,500,0,69.94666862261721,253.50854887883244,36.56373928536558,0,0,0,299,D_pmar=0.054_dist=500_repair_6_males=6_nmar=5,6,5
0.054,4,500,500,71.78364709889446,235.8663071624769,48.637964782058226,18,1.8000000000000005,1.9505683592269305,299,D_pmar=0.054_dist=500_repair_6_males=6_nmar=5,6,5
0.054,8,1000,0,74.42609865498514,221.5046532775336,60.71175558714792,14,1.4,2.25427722941783,299,D_pmar=0.054_dist=500_repair_6_males=6_nmar=5,6,5
0.054,12,1000,500,74.65677155980296,203.55171994373825,79.37461459688858,8,0.7999999999999999,1.8687018995684683,299,D_pmar=0.054_dist=500_repair_6_males=6_nmar=5,6,5
0.054,6,0,0,70.55273760576544,237.3154178594133,49.20771687921317,9,0.8999999999999999,2.069374296751619,29,D_pmar=0.054_dist=500_repair_6_males=6_nmar=5,6,5
0.054,12,0,500,72.26924391666651,193.46918324045583,91.347225359412,9,0.8999999999999999,2.1011470514282515,29,D_pmar=0.054_dist=500_repair_6_males=6_nmar=5,6,5
0.054,10,500,0,67.64352197683971,250.99265115464553,38.4154907931131,13,1.3,1.672131203182865,29,D_pmar=0.054_dist=500_repair_6_males=6_nmar=5,6,5
0.054,9,500,500,67.35469706704176,240.4158428737416,48.76177950863914,10,1,2.5799963917295337,29,D_pmar=0.054_dist=500_repair_6_males=6_nmar=5,6,5
0,12,1000,0,70.14095491273332,216.52442886010772,73.36351053462089,0,0,0,29,D_pmar=0.054_dist=500_repair_6_males=6_nmar=5,6,5
0.054,5,1000,500,69.93612837235683,248.9389913221712,36.91632564824967,15,1.5000000000000002,2.925377300472045,29,D_pmar=0.054_dist=500_repair_6_males=6_nmar=5,6,5
0.054,6,0,0,73.04447387566961,216.86024203925643,67.04270867531645,13,1.3,1.9159618662430653,300,D_pmar=0.054_dist=500_repair_6_males=6_nmar=5,6,5
0.054,11,0,500,67.68799091454034,198.7660163626046,91.32287832410316,7,0.7,1.597222222222222,300,D_pmar=0.054_dist=500_repair_6_males=6_nmar=5,6,5
0.054,10,500,0,73.32907244395003,211.26612392926228,72.68237294258554,11,1.1,1.6767621757837314,300,D_pmar=0.054_dist=500_repair_6_males=6_nmar=5,6,5
0,15,500,500,73.64275505980264,262.1900844681317,24.413345803251175,0,0,0,300,D_pmar=0.054_dist=500_repair_6_males=6_nmar=5,6,5
0.054,8,1000,0,70.3118450564419,211.92759093209355,74.83910889016586,13,1.3,1.953199157435896,300,D_pmar=0.054_dist=500_repair_6_males=6_nmar=5,6,5
0.054,4,1000,500,69.24296668591172,249.27450586643573,36.590022904773576,17,1.7000000000000004,3.537556119917681,300,D_pmar=0.054_dist=500_repair_6_males=6_nmar=5,6,5
0.054,10,0,0,68.1882502666207,227.8077310483325,61.119451278349715,11,1.1,1.8573163883680504,301,D_pmar=0.054_dist=500_repair_6_males=6_nmar=5,6,5
0.054,21,0,500,70.53819667355444,211.86284470525604,74.61327743300492,13,1.3,1.8991118185264484,301,D_pmar=0.054_dist=500_repair_6_males=6_nmar=5,6,5
0.054,6,500,0,69.08055900409387,274.0575085350488,12.285461497082498,14,1.4,3.338224518860145,301,D_pmar=0.054_dist=500_repair_6_males=6_nmar=5,6,5
0.054,7,500,500,68.97897880033354,258.1393703375458,30.23080983734676,8,0.7999999999999999,1.8951402241918696,301,D_pmar=0.054_dist=500_repair_6_males=6_nmar=5,6,5
0,8,1000,0,68.09707507579895,236.99215152757455,54.94740776056276,0,0,0,301,D_pmar=0.054_dist=500_repair_6_males=6_nmar=5,6,5
0.054,2,1000,500,64.52451987771859,195.30552951360917,97.6022269925508,9,0.8999999999999999,1.683516714383283,301,D_pmar=0.054_dist=500_repair_6_males=6_nmar=5,6,5
0.054,7,0,0,69.79646343339849,232.2014451407518,55.13932090010693,10,1,1.9480168734386725,302,D_pmar=0.054_dist=500_repair_6_males=6_nmar=5,6,5
0.054,10,0,500,70.78577267264433,245.56661630661048,40.102418721281786,16,1.6000000000000003,2.069092044232644,302,D_pmar=0.054_dist=500_repair_6_males=6_nmar=5,6,5
0.054,10,500,0,71.96364982601074,199.60443901718955,85.1174282655162,12,1.2,2.2159241217906924,302,D_pmar=0.054_dist=500_repair_6_males=6_nmar=5,6,5
0.054,3,500,500,70.0950494639478,237.84694236742527,48.89944588559402,12,1.2,2.051104140488681,302,D_pmar=0.054_dist=500_repair_6_males=6_nmar=5,6,5
0.054,10,1000,0,68.07364616287941,209.87096094217964,79.37829831547671,11,1.1,1.597222222222222,302,D_pmar=0.054_dist=500_repair_6_males=6_nmar=5,6,5
0,14,1000,500,71.98341389588026,226.466875187595,61.57431910901415,0,0,0,302,D_pmar=0.054_dist=500_repair_6_males=6_nmar=5,6,5
0.054,8,0,0,71.57486621955367,206.69281536884705,79.58714337269419,5,0.5,1.669275425282594,303,D_pmar=0.054_dist=500_repair_6_males=6_nmar=5,6,5
0.054,6,0,500,71.1125851236141,261.45038439869256,24.19382495802893,11,1.1,2.2386158317708205,303,D_pmar=0.054_dist=500_repair_6_males=6_nmar=5,6,5
0.054,8,500,0,74.1179594557618,198.27534862897923,85.2761440727407,10,1,1.4903883405289404,303,D_pmar=0.054_dist=500_repair_6_males=6_nmar=5,6,5
0.054,7,500,500,73.17118641941434,240.84014873820848,42.52554167798627,16,1.6000000000000003,2.040986591778578,303,D_pmar=0.054_dist=500_repair_6_males=6_nmar=5,6,5
0.054,7,1000,0,71.09333117158799,254.53867632159557,30.59985854643713,14,1.4,2.4380995788843656,303,D_pmar=0.054_dist=500_repair_6_males=6_nmar=5,6,5
0,18,1000,500,68.57587298057548,213.0839716011904,78.35223902111194,0,0,0,303,D_pmar=0.054_dist=500_repair_6_males=6_nmar=5,6,5
0.054,20,0,0,70.32056789620398,219.68785274379852,67.29233656305566,13,1.3,1.5509259259259256,304,D_pmar=0.054_dist=500_repair_6_males=6_nmar=5,6,5
0.054,9,0,500,70.00224965491284,237.85043009282467,48.860386378343605,13,1.3,2.1170334287665673,304,D_pmar=0.054_dist=500_repair_6_males=6_nmar=5,6,5
0.054,2,500,0,72.3443297418696,248.636448544358,34.573798185670555,16,1.6000000000000003,2.892285789262841,304,D_pmar=0.054_dist=500_repair_6_males=6_nmar=5,6,5
0.054,9,500,500,74.23389016826651,185.6296312418851,97.7066669272018,9,0.8999999999999999,1.5622893975333056,304,D_pmar=0.054_dist=500_repair_6_males=6_nmar=5,6,5
0.054,6,1000,0,72.65005902143675,229.67726852287143,54.71328311132012,13,1.3,1.7361111111111107,304,D_pmar=0.054_dist=500_repair_6_males=6_nmar=5,6,5
0,8,1000,500,70.8901136142692,205.06539599110343,84.39799073918675,0,0,0,304,D_pmar=0.054_dist=500_repair_6_males=6_nmar=5,6,5
0.054,16,0,0,66.66743276010745,229.71741358671932,60.64574425987212,9,0.8999999999999999,2.13456489434251,305,D_pmar=0.054_dist=500_repair_6_males=6_nmar=5,6,5
0.054,13,0,500,71.78331645365398,223.94204584495336,60.85959372380152,15,1.5000000000000002,2.118678517004194,305,D_pmar=0.054_dist=500_repair_6_males=6_nmar=5,6,5
0,2,500,0,72.59164228019621,158.83188250536512,128.6199691060517,0,0,0,305,D_pmar=0.054_dist=500_repair_6_males=6_nmar=5,6,5
0.054,5,500,500,68.70439313023955,263.0960420339615,24.226965427881435,7,0.7,3.427555689426703,305,D_pmar=0.054_dist=500_repair_6_males=6_nmar=5,6,5
0.054,12,1000,0,68.68818049834844,245.10288329596156,42.814935571543515,15,1.5000000000000002,2.0833333333333335,305,D_pmar=0.054_dist=500_repair_6_males=6_nmar=5,6,5
0.054,6,1000,500,69.79169986636457,237.42915103994295,49.002719015902976,14,1.4,2.5068626054694843,305,D_pmar=0.054_dist=500_repair_6_males=6_nmar=5,6,5
0.054,9,0,0,72.81894240931095,223.81144276432207,60.6446862850152,10,1,1.747344476255522,306,D_pmar=0.054_dist=500_repair_6_males=6_nmar=5,6,5
0.054,12,0,500,72.62233096532287,270.3420426109539,12.387234181822192,17,1.7000000000000004,2.959802892950685,306,D_pmar=0.054_dist=500_repair_6_males=6_nmar=5,6,5
0.054,6,500,0,72.1447564503336,224.22831024864055,60.98665840764557,8,0.7999999999999999,1.9599316564424096,306,D_pmar=0.054_dist=500_repair_6_males=6_nmar=5,6,5
0.054,9,500,500,68.92697996321482,238.6650328349717,49.93072128256118,7,0.7,1.8193976793158937,306,D_pmar=0.054_dist=500_repair_6_males=6_nmar=5,6,5
0,10,1000,0,69.95407618301194,191.9050021133677,98.16336725116427,0,0,0,306,D_pmar=0.054_dist=500_repair_6_males=6_nmar=5,6,5
0.054,8,1000,500,72.63837962315444,241.63732950964163,42.687031269067106,12,1.2,1.999647599788199,306,D_pmar=0.054_dist=500_repair_6_males=6_nmar=5,6,5
0.054,14,0,0,73.96668110030961,240.43434155759084,42.3926939787886,14,1.4,1.8164846285879528,307,D_pmar=0.054_dist=500_repair_6_males=6_nmar=5,6,5
0.054,9,0,500,73.48295307141255,204.15844997718543,79.50154714357355,12,1.2,1.6666666666666663,307,D_pmar=0.054_dist=500_repair_6_males=6_nmar=5,6,5
0.054,9,500,0,71.12368979652713,194.5989300600434,91.5561490066685,11,1.1,1.704338356434479,307,D_pmar=0.054_dist=500_repair_6_males=6_nmar=5,6,5
0.054,9,500,500,72.69412246442953,236.00078060322468,48.071455713126845,11,1.1,2.330149880756775,307,D_pmar=0.054_dist=500_repair_6_males=6_nmar=5,6,5
0.054,9,1000,0,70.11431417581667,261.52026074631067,24.467626002167645,12,1.2,2.735053910475714,307,D_pmar=0.054_dist=500_repair_6_males=6_nmar=5,6,5
0,4,1000,500,68.87756756450239,211.61476105380692,79.64259000522638,0,0,0,307,D_pmar=0.054_dist=500_repair_6_males=6_nmar=5,6,5
0,3,0,0,65.83460081379633,214.8151220923378,79.40677816026431,0,0,0,308,D_pmar=0.054_dist=500_repair_6_males=6_nmar=5,6,5
0.054,9,0,500,69.66263371068534,238.49722788707672,48.78021782285768,14,1.4,1.750330360618762,308,D_pmar=0.054_dist=500_repair_6_males=6_nmar=5,6,5
0.054,4,500,0,69.01667757170969,215.9594417271463,72.81946644384153,5,0.5,1.7978946194053729,308,D_pmar=0.054_dist=500_repair_6_males=6_nmar=5,6,5
0.054,16,500,500,69.19489250909133,250.35687971282303,36.92365858053963,14,1.4,2.2635612142126016,308,D_pmar=0.054_dist=500_repair_6_males=6_nmar=5,6,5
0.054,14,1000,0,71.08906570236617,225.7585528102063,59.996623941456136,12,1.2,2.065649721701384,308,D_pmar=0.054_dist=500_repair_6_males=6_nmar=5,6,5
0.054,8,1000,500,70.30597166344239,218.8291020800076,67.32153689465682,15,1.5000000000000002,2.2033279209276286,308,D_pmar=0.054_dist=500_repair_6_males=6_nmar=5,6,5
0.054,5,0,0,69.92183558244103,242.9699496749732,43.10842667438903,17,1.7000000000000004,2.3882088140008024,309,D_pmar=0.054_dist=500_repair_6_males=6_nmar=5,6,5
0.054,12,0,500,69.85396513027338,220.2838670315794,67.39608634915658,8,0.7999999999999999,1.7426914640616171,309,D_pmar=0.054_dist=500_repair_6_males=6_nmar=5,6,5
0.054,7,500,0,70.26077526732475,262.3960931973316,24.377139510526543,9,0.8999999999999999,2.235303615702529,309,D_pmar=0.054_dist=500_repair_6_males=6_nmar=5,6,5
0,11,500,500,69.71428419206056,204.14843456286997,86.16213460510879,0,0,0,309,D_pmar=0.054_dist=500_repair_6_males=6_nmar=5,6,5
0.054,7,1000,0,73.22713308109388,217.01132329490036,66.99025180474798,14,1.4,1.4461142582175823,309,D_pmar=0.054_dist=500_repair_6_males=6_nmar=5,6,5
0.054,12,1000,500,69.82801082081006,232.56755050418903,54.91835933958259,9,0.8999999999999999,1.8448723335609944,309,D_pmar=0.054_dist=500_repair_6_males=6_nmar=5,6,5
0,5,0,0,70.2776923598449,218.16375710055416,71.64977817472051,0,0,0,30,D_pmar=0.054_dist=500_repair_6_males=6_nmar=5,6,5
0.054,11,0,500,75.30596783648544,186.94026867449023,95.11427552495591,9,0.8999999999999999,1.9556778095888552,30,D_pmar=0.054_dist=500_repair_6_males=6_nmar=5,6,5
0.054,10,500,0,70.1063697515661,225.70694190434375,61.14985372892691,10,1,2.1016763232315703,30,D_pmar=0.054_dist=500_repair_6_males=6_nmar=5,6,5
0.054,5,500,500,69.47704556833226,268.11350176339255,18.290035382405616,17,1.7000000000000004,2.4584647827675403,30,D_pmar=0.054_dist=500_repair_6_males=6_nmar=5,6,5
0.054,14,1000,0,73.8586234125887,258.2286190993192,24.287378908100372,12,1.2,2.634365983157957,30,D_pmar=0.054_dist=500_repair_6_males=6_nmar=5,6,5
0.054,9,1000,500,70.13713562182487,201.99949251904508,85.11001854902062,12,1.2,1.664340160569714,30,D_pmar=0.054_dist=500_repair_6_males=6_nmar=5,6,5
0.054,9,0,0,68.36938498155457,239.7273107124411,48.608427392012494,11,1.1,2.2438553885957133,310,D_pmar=0.054_dist=500_repair_6_males=6_nmar=5,6,5
0.054,13,0,500,67.54314537909582,262.1491732730929,27.09431867434146,13,1.3,2.052241996516027,310,D_pmar=0.054_dist=500_repair_6_males=6_nmar=5,6,5
0,5,500,0,70.13394970447133,191.7179846508685,98.2316558458856,0,0,0,310,D_pmar=0.054_dist=500_repair_6_males=6_nmar=5,6,5
0.054,6,500,500,66.67996942214883,223.51148369667587,66.9918102682342,10,1,1.868245461400448,310,D_pmar=0.054_dist=500_repair_6_males=6_nmar=5,6,5
0.054,12,1000,0,66.97496918202448,240.0146312943744,49.07079943186663,20,2.0000000000000004,2.101828469287577,310,D_pmar=0.054_dist=500_repair_6_males=6_nmar=5,6,5
0.054,9,1000,500,72.28291769952591,187.65065569842164,97.65817450288948,10,1,1.557506278876433,310,D_pmar=0.054_dist=500_repair_6_males=6_nmar=5,6,5
0.054,10,0,0,68.25525248945767,242.9866339988501,45.401130174779205,15,1.5000000000000002,2.1345648943425104,311,D_pmar=0.054_dist=500_repair_6_males=6_nmar=5,6,5
0.054,12,0,500,73.93647013781738,234.13403519201165,48.795279236114766,12,1.2,1.9734915276837728,311,D_pmar=0.054_dist=500_repair_6_males=6_nmar=5,6,5
0,6,500,0,72.92396440915107,269.02454904609124,18.360345950443413,0,0,0,311,D_pmar=0.054_dist=500_repair_6_males=6_nmar=5,6,5
0.054,11,500,500,71.42304038438297,241.7375539667448,42.602494310353194,17,1.7000000000000004,2.618045207244659,311,D_pmar=0.054_dist=500_repair_6_males=6_nmar=5,6,5
0.054,6,1000,0,71.8368989749814,187.51227189079924,97.92019150130588,7,0.7,2.1901451754335786,311,D_pmar=0.054_dist=500_repair_6_males=6_nmar=5,6,5
0.054,9,1000,500,68.05796665867508,204.51149684344892,85.62210715349477,5,0.5,1.5339016925602638,311,D_pmar=0.054_dist=500_repair_6_males=6_nmar=5,6,5
0,12,0,0,73.29870793376828,238.0701056323454,48.903571041813954,0,0,0,312,D_pmar=0.054_dist=500_repair_6_males=6_nmar=5,6,5
0.054,10,0,500,71.51618470319988,249.03188310627695,36.40571033043903,10,1,2.2684964789254813,312,D_pmar=0.054_dist=500_repair_6_males=6_nmar=5,6,5
0.054,8,500,0,73.41572598403313,228.7031925194977,55.10455042030185,10,1,1.823898545453792,312,D_pmar=0.054_dist=500_repair_6_males=6_nmar=5,6,5
0.054,11,500,500,68.37179502564753,258.06625039480724,30.51990867969839,11,1.1,2.014018995351857,312,D_pmar=0.054_dist=500_repair_6_males=6_nmar=5,6,5
0.054,7,1000,0,71.29507222327679,265.0231694783265,20.0991913023684,12,1.2,2.5455928388439353,312,D_pmar=0.054_dist=500_repair_6_males=6_nmar=5,6,5
0.054,6,1000,500,73.87491015816991,174.40618132968206,109.5593130202727,7,0.7,1.488743252291313,312,D_pmar=0.054_dist=500_repair_6_males=6_nmar=5,6,5
0.054,15,0,0,72.82262116361798,223.511216033634,60.66541122575831,12,1.2,1.949379709157324,313,D_pmar=0.054_dist=500_repair_6_males=6_nmar=5,6,5
0.054,14,0,500,70.21353195809004,238.0151568561344,48.8836522034977,10,1,1.9612944921610609,313,D_pmar=0.054_dist=500_repair_6_males=6_nmar=5,6,5
0.054,10,500,0,72.0256805309638,181.70618354234475,104.06740562489408,9,0.8999999999999999,1.3577975520715824,313,D_pmar=0.054_dist=500_repair_6_males=6_nmar=5,6,5
0.054,9,500,500,70.15629026481508,254.88710994552451,30.330592199440257,18,1.8000000000000005,2.967571895970797,313,D_pmar=0.054_dist=500_repair_6_males=6_nmar=5,6,5
0,3,1000,0,71.50810738221239,215.3589836925381,73.38265526041174,0,0,0,313,D_pmar=0.054_dist=500_repair_6_males=6_nmar=5,6,5
0.054,3,1000,500,77.56176314423864,236.70476273792,42.64261593737549,10,1,2.36521281190866,313,D_pmar=0.054_dist=500_repair_6_males=6_nmar=5,6,5
0.054,4,0,0,68.28358052894686,240.18629662866428,48.89693864084942,8,0.7999999999999999,2.0373192895560117,314,D_pmar=0.054_dist=500_repair_6_males=6_nmar=5,6,5
0.054,8,0,500,72.3559416390086,241.87820613568985,42.46957152999793,13,1.3,2.0475889843221227,314,D_pmar=0.054_dist=500_repair_6_males=6_nmar=5,6,5
0,11,500,0,72.78661676952635,201.37065127100388,86.01533668886935,0,0,0,314,D_pmar=0.054_dist=500_repair_6_males=6_nmar=5,6,5
0.054,15,500,500,71.10658114623772,224.8879223120477,60.780157763151074,14,1.4,1.8511704339925257,314,D_pmar=0.054_dist=500_repair_6_males=6_nmar=5,6,5
0.054,9,1000,0,70.53112033020344,249.43966173706747,36.50466768327219,12,1.2,2.347681346332718,314,D_pmar=0.054_dist=500_repair_6_males=6_nmar=5,6,5
0.054,7,1000,500,68.89698611403318,233.27291674708647,55.26165980401221,8,0.7999999999999999,1.9553735174768416,314,D_pmar=0.054_dist=500_repair_6_males=6_nmar=5,6,5
0,10,0,0,71.97898453303053,215.0777967668431,73.04806426672152,0,0,0,315,D_pmar=0.054_dist=500_repair_6_males=6_nmar=5,6,5
0.054,6,0,500,71.38156253928676,241.91683881136748,42.85416888184547,16,1.6000000000000003,2.3190686616683713,315,D_pmar=0.054_dist=500_repair_6_males=6_nmar=5,6,5
0.054,17,500,0,69.3744254200832,245.9723029139205,42.5908155216885,8,0.7999999999999999,1.394353425405087,315,D_pmar=0.054_dist=500_repair_6_males=6_nmar=5,6,5
0.054,10,500,500,70.57027547333155,175.62062442060187,111.70445300023164,10,1,1.3657407407407405,315,D_pmar=0.054_dist=500_repair_6_males=6_nmar=5,6,5
0.054,9,1000,0,70.92281130638912,254.86274346465856,30.43291951297096,15,1.5000000000000002,2.5769884677732557,315,D_pmar=0.054_dist=500_repair_6_males=6_nmar=5,6,5
0.054,2,1000,500,70.22225426963571,256.04581536218325,30.77903687421217,6,0.6,2.3884117540990695,315,D_pmar=0.054_dist=500_repair_6_males=6_nmar=5,6,5
0.054,15,0,0,71.06784350370344,212.65597925916092,73.01059411373772,12,1.2,2.095530368856046,316,D_pmar=0.054_dist=500_repair_6_males=6_nmar=5,6,5
0.054,12,0,500,71.6132649306692,229.8599434772321,54.8699824992872,18,1.8000000000000005,1.8734850182253413,316,D_pmar=0.054_dist=500_repair_6_males=6_nmar=5,6,5
0,1,500,0,73.76143948703654,195.36477450111136,91.00105293194731,0,0,0,316,D_pmar=0.054_dist=500_repair_6_males=6_nmar=5,6,5
0.054,11,500,500,70.55533944860527,225.42978003271617,61.31922033784589,13,1.3,1.8055555555555551,316,D_pmar=0.054_dist=500_repair_6_males=6_nmar=5,6,5
0.054,8,1000,0,71.4987350950015,206.57430734029953,79.11913497487524,12,1.2,1.740894229767984,316,D_pmar=0.054_dist=500_repair_6_males=6_nmar=5,6,5
0.054,7,1000,500,72.43338358954834,240.43954700295828,42.73733763938652,11,1.1,3.455233222091197,316,D_pmar=0.054_dist=500_repair_6_males=6_nmar=5,6,5
0.054,10,0,0,76.93770026273948,248.48179892186775,30.485992823693316,15,1.5000000000000002,2.757441328343829,317,D_pmar=0.054_dist=500_repair_6_males=6_nmar=5,6,5
0.054,12,0,500,68.13572556531678,245.39139417335704,43.300448673755014,13,1.3,2.175244508066601,317,D_pmar=0.054_dist=500_repair_6_males=6_nmar=5,6,5
0.054,6,500,0,70.04577446634529,232.87523848527775,54.88109133979438,6,0.6,1.814969646813295,317,D_pmar=0.054_dist=500_repair_6_males=6_nmar=5,6,5
0.054,5,500,500,71.07915100810452,267.81209850066534,18.431902952570084,9,0.8999999999999999,2.0193534254050873,317,D_pmar=0.054_dist=500_repair_6_males=6_nmar=5,6,5
0.054,15,1000,0,69.68894331821329,202.3356328913724,85.22726949760182,12,1.2,1.8584322048023576,317,D_pmar=0.054_dist=500_repair_6_males=6_nmar=5,6,5
0,6,1000,500,73.51897411160802,188.85184846020837,97.81130911892068,0,0,0,317,D_pmar=0.054_dist=500_repair_6_males=6_nmar=5,6,5
0.054,8,0,0,72.2280349134429,211.24519604048447,73.19414400214313,15,1.5000000000000002,1.9451038227107311,318,D_pmar=0.054_dist=500_repair_6_males=6_nmar=5,6,5
0.054,13,0,500,67.99933468899484,241.42129445476675,47.014738082623246,13,1.3,2.2783890479442803,318,D_pmar=0.054_dist=500_repair_6_males=6_nmar=5,6,5
0,9,500,0,71.34446284167934,240.0461654397972,48.76190952387877,0,0,0,318,D_pmar=0.054_dist=500_repair_6_males=6_nmar=5,6,5
0.054,13,500,500,73.36208845607729,224.63278426073285,59.146696348310265,11,1.1,1.8184340089375932,318,D_pmar=0.054_dist=500_repair_6_males=6_nmar=5,6,5
0.054,7,1000,0,70.70651134604402,230.48375025225832,54.81591463095329,18,1.8000000000000005,2.3948112065443468,318,D_pmar=0.054_dist=500_repair_6_males=6_nmar=5,6,5
0.054,4,1000,500,69.82081842745698,196.49299215646997,91.81472447278038,5,0.5,1.4522381730000689,318,D_pmar=0.054_dist=500_repair_6_males=6_nmar=5,6,5
0.054,7,0,0,68.7027636265667,231.96999501132933,55.206581280368916,15,1.5000000000000002,2.7296622075948154,319,D_pmar=0.054_dist=500_repair_6_males=6_nmar=5,6,5
0.054,5,0,500,72.86946712576851,215.21409538474984,67.70455601878898,18,1.8000000000000005,2.5095662373137495,319,D_pmar=0.054_dist=500_repair_6_males=6_nmar=5,6,5
0.054,11,500,0,68.06220939696519,186.72195134924144,103.11573038583016,7,0.7,1.40505751874618,319,D_pmar=0.054_dist=500_repair_6_males=6_nmar=5,6,5
0,15,500,500,65.90345574404488,199.57071348896628,94.61477857168276,0,0,0,319,D_pmar=0.054_dist=500_repair_6_males=6_nmar=5,6,5
0.054,10,1000,0,72.77734730600955,265.4013260519996,18.383739498193925,12,1.2,2.2903766645833152,319,D_pmar=0.054_dist=500_repair_6_males=6_nmar=5,6,5
0.054,6,1000,500,69.98149317742653,238.20048616971312,49.07777765705238,12,1.2,1.7817259895480817,319,D_pmar=0.054_dist=500_repair_6_males=6_nmar=5,6,5
0.054,10,0,0,69.44391199958761,215.09444788769684,73.14481603371439,5,0.5,1.8219491651041515,31,D_pmar=0.054_dist=500_repair_6_males=6_nmar=5,6,5
0.054,10,0,500,70.70830014907655,255.66420725670835,30.55781929907142,8,0.7999999999999999,2.3857301618478433,31,D_pmar=0.054_dist=500_repair_6_males=6_nmar=5,6,5
0.054,7,500,0,73.61046729898813,265.35433312859567,18.059962453364783,11,1.1,2.0305647509564606,31,D_pmar=0.054_dist=500_repair_6_males=6_nmar=5,6,5
0.054,13,500,500,69.89810132687369,220.0846002236833,67.05787151921791,11,1.1,1.8749999999999996,31,D_pmar=0.054_dist=500_repair_6_males=6_nmar=5,6,5
0,5,1000,0,68.18761004994346,242.88742122039156,49.01456256909954,0,0,0,31,D_pmar=0.054_dist=500_repair_6_males=6_nmar=5,6,5
0.054,9,1000,500,71.68021581824483,248.9429735055363,36.84372349381628,10,1,1.7274865045826275,31,D_pmar=0.054_dist=500_repair_6_males=6_nmar=5,6,5
0,8,0,0,68.42133629779441,224.40411479429815,67.24361264156349,0,0,0,320,D_pmar=0.054_dist=500_repair_6_males=6_nmar=5,6,5
0.054,8,0,500,66.35148547304341,210.6503712022319,79.53846014896511,14,1.4,2.068258480317312,320,D_pmar=0.054_dist=500_repair_6_males=6_nmar=5,6,5
0.054,10,500,0,73.57042899914488,240.7332461655507,42.75079563722898,10,1,2.102487847553864,320,D_pmar=0.054_dist=500_repair_6_males=6_nmar=5,6,5
0.054,14,500,500,69.67385530650236,233.15902830760433,54.821536079242314,9,0.8999999999999999,1.504629629629629,320,D_pmar=0.054_dist=500_repair_6_males=6_nmar=5,6,5
0.054,5,1000,0,74.28842888663931,275.5904333898728,6.1351276390224,13,1.3,2.8168983305411373,320,D_pmar=0.054_dist=500_repair_6_males=6_nmar=5,6,5
0.054,9,1000,500,73.09828380206267,198.3218315148073,86.0965590857949,10,1,1.5277777777777777,320,D_pmar=0.054_dist=500_repair_6_males=6_nmar=5,6,5
0.054,4,0,0,69.24310634253983,286.4112186806395,0,12,1.2,3.211120306512024,321,D_pmar=0.054_dist=500_repair_6_males=6_nmar=5,6,5
0.054,14,0,500,66.9081002702289,223.4923622353359,66.8844640547651,8,0.7999999999999999,1.973057129108791,321,D_pmar=0.054_dist=500_repair_6_males=6_nmar=5,6,5
0.054,8,500,0,70.55818910353405,249.35622869351084,36.75282537174849,13,1.3,2.0882685980462132,321,D_pmar=0.054_dist=500_repair_6_males=6_nmar=5,6,5
0.054,11,500,500,70.55764403481396,231.00464074565804,55.05354279012178,12,1.2,2.2837014384044725,321,D_pmar=0.054_dist=500_repair_6_males=6_nmar=5,6,5
0.054,11,1000,0,70.89121949101231,207.2902419646314,78.79697618660788,11,1.1,2.021150659698721,321,D_pmar=0.054_dist=500_repair_6_males=6_nmar=5,6,5
0,6,1000,500,72.19273043271193,184.1576233520768,103.6572882447701,0,0,0,321,D_pmar=0.054_dist=500_repair_6_males=6_nmar=5,6,5
0.054,8,0,0,68.9186730000906,245.62387754032625,42.76178587605003,10,1,1.7866612542609617,322,D_pmar=0.054_dist=500_repair_6_males=6_nmar=5,6,5
0.054,9,0,500,73.16494191984462,244.86316804541156,38.44125813939582,13,1.3,2.2509650133495396,322,D_pmar=0.054_dist=500_repair_6_males=6_nmar=5,6,5
0.054,9,500,0,72.87292293712058,192.86523271748305,91.5542245112814,12,1.2,1.62037037037037,322,D_pmar=0.054_dist=500_repair_6_males=6_nmar=5,6,5
0.054,12,500,500,72.34582950701744,253.06083415178216,30.726645494048853,16,1.6000000000000003,2.590091900846599,322,D_pmar=0.054_dist=500_repair_6_males=6_nmar=5,6,5
0,8,1000,0,69.5905668332217,235.66291872450591,54.8259680825863,0,0,0,322,D_pmar=0.054_dist=500_repair_6_males=6_nmar=5,6,5
0.054,8,1000,500,69.30104880659474,190.58184449482707,98.2103938355636,8,0.7999999999999999,1.2804099189579805,322,D_pmar=0.054_dist=500_repair_6_males=6_nmar=5,6,5
0.054,8,0,0,72.55973919533966,240.6229857861176,43.007574382176905,16,1.6000000000000003,2.3703730563128462,323,D_pmar=0.054_dist=500_repair_6_males=6_nmar=5,6,5
0.054,8,0,500,68.5598509232108,233.07284786105953,54.78223580378525,11,1.1,2.536026601530189,323,D_pmar=0.054_dist=500_repair_6_males=6_nmar=5,6,5
0.054,7,500,0,70.34546769194125,195.5259185786092,91.61468480638116,10,1,1.5494109441512671,323,D_pmar=0.054_dist=500_repair_6_males=6_nmar=5,6,5
0.054,8,500,500,70.19772135863197,231.64855643402777,55.166383085704076,13,1.3,1.768013972250711,323,D_pmar=0.054_dist=500_repair_6_males=6_nmar=5,6,5
0.054,8,1000,0,72.51769267319206,253.47644213596735,30.467528233821,12,1.2,2.400710141635527,323,D_pmar=0.054_dist=500_repair_6_males=6_nmar=5,6,5
0,15,1000,500,71.14753292910655,184.7886179440741,104.15992174249082,0,0,0,323,D_pmar=0.054_dist=500_repair_6_males=6_nmar=5,6,5
0.054,15,0,0,66.98285693244914,236.39032512026571,52.88186189943442,17,1.7000000000000004,2.148936289906168,324,D_pmar=0.054_dist=500_repair_6_males=6_nmar=5,6,5
0.054,10,0,500,69.80448870186945,213.6449079659289,73.14456785141583,14,1.4,2.1610032189659116,324,D_pmar=0.054_dist=500_repair_6_males=6_nmar=5,6,5
0,5,500,0,68.70802878931212,242.62520342938336,48.719233304066584,0,0,0,324,D_pmar=0.054_dist=500_repair_6_males=6_nmar=5,6,5
0.054,12,500,500,69.83786274885078,208.07101810939471,79.54901681681056,8,0.7999999999999999,1.8518518518518512,324,D_pmar=0.054_dist=500_repair_6_males=6_nmar=5,6,5
0.054,6,1000,0,69.45693846209004,237.97305186941315,49.09941454250801,13,1.3,2.1724615638016287,324,D_pmar=0.054_dist=500_repair_6_males=6_nmar=5,6,5
0.054,6,1000,500,70.84250475780802,194.60187622952415,91.77252927459269,13,1.3,1.7026932681968523,324,D_pmar=0.054_dist=500_repair_6_males=6_nmar=5,6,5
0.054,9,0,0,69.08886592206677,262.182140832656,24.757099226867194,15,1.5000000000000002,2.5175094259829067,325,D_pmar=0.054_dist=500_repair_6_males=6_nmar=5,6,5
0,7,0,500,72.10956684638543,196.56112876574048,91.42055713026475,0,0,0,325,D_pmar=0.054_dist=500_repair_6_males=6_nmar=5,6,5
0.054,13,500,0,69.95944817204852,250.77025450783847,36.86234518335939,4,0.4,2.0548507551319544,325,D_pmar=0.054_dist=500_repair_6_males=6_nmar=5,6,5
0.054,5,500,500,72.94069341242304,234.75495238724525,48.71679567765066,15,1.5000000000000002,2.190297321489584,325,D_pmar=0.054_dist=500_repair_6_males=6_nmar=5,6,5
0.054,13,1000,0,69.90834337805877,208.12175929392484,79.5902216190517,7,0.7,1.7506346527307757,325,D_pmar=0.054_dist=500_repair_6_males=6_nmar=5,6,5
0.054,7,1000,500,69.76468104299919,257.3685495535848,30.379381386983617,10,1,1.6904741930811018,325,D_pmar=0.054_dist=500_repair_6_males=6_nmar=5,6,5
0.054,7,0,0,70.01983930301854,193.23113567429837,93.82498105091882,12,1.2,1.8392556509887883,326,D_pmar=0.054_dist=500_repair_6_males=6_nmar=5,6,5
0,11,0,500,68.39169080081555,236.74271734756164,54.898193274049355,0,0,0,326,D_pmar=0.054_dist=500_repair_6_males=6_nmar=5,6,5
0.054,4,500,0,70.7597151302829,243.76248711174216,42.60186017982678,12,1.2,1.9309353672453409,326,D_pmar=0.054_dist=500_repair_6_males=6_nmar=5,6,5
0.054,15,500,500,70.49732126472132,231.38553874375975,55.20952830571806,11,1.1,1.9181362262840111,326,D_pmar=0.054_dist=500_repair_6_males=6_nmar=5,6,5
0.054,11,1000,0,72.52403658628258,210.06814412428776,73.60674614299282,16,1.6000000000000003,2.2304476634103567,326,D_pmar=0.054_dist=500_repair_6_males=6_nmar=5,6,5
0.054,6,1000,500,71.77051722379075,214.59598776801872,70.63471141702207,14,1.4,1.6099485295482527,326,D_pmar=0.054_dist=500_repair_6_males=6_nmar=5,6,5
0.054,18,0,0,69.17192682741023,238.65377739605876,48.50207566910747,12,1.2,2.648759418314653,327,D_pmar=0.054_dist=500_repair_6_males=6_nmar=5,6,5
0,6,0,500,72.1051743817084,215.1075469872426,72.99666504772657,0,0,0,327,D_pmar=0.054_dist=500_repair_6_males=6_nmar=5,6,5
0.054,5,500,0,73.54791300381983,192.7092880517895,91.68878470379946,7,0.7,1.5191531712492938,327,D_pmar=0.054_dist=500_repair_6_males=6_nmar=5,6,5
0.054,4,500,500,73.65861291997442,216.01964066521057,67.24927652138754,11,1.1,2.095530368856046,327,D_pmar=0.054_dist=500_repair_6_males=6_nmar=5,6,5
0.054,12,1000,0,70.75519996505716,231.1669277749047,54.80958004602359,14,1.4,2.1071408597477697,327,D_pmar=0.054_dist=500_repair_6_males=6_nmar=5,6,5
0.054,9,1000,500,69.88552364762789,243.5653129239642,42.64737183888527,18,1.8000000000000005,2.269380836883075,327,D_pmar=0.054_dist=500_repair_6_males=6_nmar=5,6,5
0.054,4,0,0,64.78906344498871,283.9460208441041,6.091519174767377,15,1.5000000000000002,3.702854815051523,328,D_pmar=0.054_dist=500_repair_6_males=6_nmar=5,6,5
0.054,9,0,500,69.52812296622379,171.87327582909444,116.35864306667976,9,0.8999999999999999,1.3482092751647978,328,D_pmar=0.054_dist=500_repair_6_males=6_nmar=5,6,5
0.054,11,500,0,71.40048918232239,243.303611691929,42.64766255201506,8,0.7999999999999999,2.0307389366055055,328,D_pmar=0.054_dist=500_repair_6_males=6_nmar=5,6,5
0,5,500,500,68.33775382713662,230.92552171152403,60.84825884804255,0,0,0,328,D_pmar=0.054_dist=500_repair_6_males=6_nmar=5,6,5
0.054,10,1000,0,72.85372514039643,235.01643622939395,48.93747359917313,10,1,2.208944603499835,328,D_pmar=0.054_dist=500_repair_6_males=6_nmar=5,6,5
0.054,15,1000,500,69.4034425658815,238.1091737313728,49.278447485308945,11,1.1,2.1944210618801705,328,D_pmar=0.054_dist=500_repair_6_males=6_nmar=5,6,5
0.054,7,0,0,70.77592347274931,237.49995301614305,48.90901870232044,7,0.7,2.223185892600524,329,D_pmar=0.054_dist=500_repair_6_males=6_nmar=5,6,5
0,10,0,500,69.66139686764897,247.65429257400632,42.79680474977809,0,0,0,329,D_pmar=0.054_dist=500_repair_6_males=6_nmar=5,6,5
0.054,5,500,0,69.8854422592012,262.5721220232204,24.395850822583988,13,1.3,1.9499089809606427,329,D_pmar=0.054_dist=500_repair_6_males=6_nmar=5,6,5
0.054,19,500,500,70.506786342037,225.87009113877292,61.17413394896752,10,1,1.506274717867256,329,D_pmar=0.054_dist=500_repair_6_males=6_nmar=5,6,5
0.054,5,1000,0,70.59385269442045,194.528676866255,91.60127637847458,16,1.6000000000000003,1.818434008937593,329,D_pmar=0.054_dist=500_repair_6_males=6_nmar=5,6,5
0.054,8,1000,500,72.6815714267498,248.90025128155108,36.342775575424305,4,0.4,1.8429229532113545,329,D_pmar=0.054_dist=500_repair_6_males=6_nmar=5,6,5
0.054,5,0,0,66.90389593834185,265.4793243575588,24.223411298997632,10,1,2.601173119935003,32,D_pmar=0.054_dist=500_repair_6_males=6_nmar=5,6,5
0.054,10,0,500,72.76185564343405,223.51060804971064,61.37996439583847,8,0.7999999999999999,1.6643401605697137,32,D_pmar=0.054_dist=500_repair_6_males=6_nmar=5,6,5
0,8,500,0,72.13108373109299,204.97424205580228,83.0324871923877,0,0,0,32,D_pmar=0.054_dist=500_repair_6_males=6_nmar=5,6,5
0.054,10,500,500,72.34127382220362,165.69178347993025,119.78807952219596,8,0.7999999999999999,1.4560068272363809,32,D_pmar=0.054_dist=500_repair_6_males=6_nmar=5,6,5
0.054,12,1000,0,67.38770608057406,270.05032170601976,18.38306021479958,14,1.4,2.852157486935107,32,D_pmar=0.054_dist=500_repair_6_males=6_nmar=5,6,5
0.054,9,1000,500,70.75699841071497,254.6827928723837,30.60398068169884,16,1.6000000000000003,2.4460427675535232,32,D_pmar=0.054_dist=500_repair_6_males=6_nmar=5,6,5
0.054,9,0,0,70.40875896149674,225.8611766887763,61.15720883552902,10,1,1.6435185185185182,330,D_pmar=0.054_dist=500_repair_6_males=6_nmar=5,6,5
0.054,10,0,500,72.55716798521428,241.34184879994004,42.548851702623,17,1.7000000000000004,1.973057129108791,330,D_pmar=0.054_dist=500_repair_6_males=6_nmar=5,6,5
0.054,8,500,0,75.87326823951864,244.28202697642175,36.51777773373833,8,0.7999999999999999,2.6034267923966565,330,D_pmar=0.054_dist=500_repair_6_males=6_nmar=5,6,5
0.054,7,500,500,70.37342687569455,237.8475175581979,48.71748243274872,11,1.1,1.9870513989251364,330,D_pmar=0.054_dist=500_repair_6_males=6_nmar=5,6,5
0,9,1000,0,68.43149005977712,218.09999560099703,73.48344775377323,0,0,0,330,D_pmar=0.054_dist=500_repair_6_males=6_nmar=5,6,5
0.054,11,1000,500,71.82430622682189,224.21085024933436,61.32751854117099,7,0.7,1.9459153470330257,330,D_pmar=0.054_dist=500_repair_6_males=6_nmar=5,6,5
0.054,11,0,0,71.60056269152298,254.12100352904685,30.346023508190825,16,1.6000000000000003,2.4456591630208027,331,D_pmar=0.054_dist=500_repair_6_males=6_nmar=5,6,5
0.054,4,0,500,68.45719614561354,196.8351199449293,91.97922136336253,12,1.2,1.608455587366633,331,D_pmar=0.054_dist=500_repair_6_males=6_nmar=5,6,5
0.054,6,500,0,73.29025650278723,247.64093847798884,35.386999927027404,11,1.1,2.6983458910862015,331,D_pmar=0.054_dist=500_repair_6_males=6_nmar=5,6,5
0,12,500,500,71.93839326106634,196.96265855430977,91.10942106340136,0,0,0,331,D_pmar=0.054_dist=500_repair_6_males=6_nmar=5,6,5
0.054,15,1000,0,70.02591896927728,236.11695703153129,51.36628705826258,10,1,1.6666666666666663,331,D_pmar=0.054_dist=500_repair_6_males=6_nmar=5,6,5
0.054,6,1000,500,71.10815426605836,214.5195710619812,71.01771880947979,13,1.3,2.188122961448639,331,D_pmar=0.054_dist=500_repair_6_males=6_nmar=5,6,5
0.054,8,0,0,70.01811630855484,226.9774875641168,59.96055626792077,6,0.6,2.5280613732679917,332,D_pmar=0.054_dist=500_repair_6_males=6_nmar=5,6,5
0.054,3,0,500,73.92353560228102,180.70673683473996,103.75308489816882,5,0.5,1.212306270639149,332,D_pmar=0.054_dist=500_repair_6_males=6_nmar=5,6,5
0.054,8,500,0,71.33406117053458,206.80889098802555,79.12483399245387,15,1.5000000000000002,1.3482092751647978,332,D_pmar=0.054_dist=500_repair_6_males=6_nmar=5,6,5
0.054,6,500,500,69.33331023024608,261.85321165977155,24.40035911757934,14,1.4,3.0522785727219004,332,D_pmar=0.054_dist=500_repair_6_males=6_nmar=5,6,5
0,15,1000,0,73.18954099636686,243.9402954189512,42.92183603065752,0,0,0,332,D_pmar=0.054_dist=500_repair_6_males=6_nmar=5,6,5
0.054,14,1000,500,70.27900924122589,268.0463035357754,18.12046585606027,14,1.4,2.3611111111111134,332,D_pmar=0.054_dist=500_repair_6_males=6_nmar=5,6,5
0.054,5,0,0,71.5463071359855,260.51442113272446,24.3327263726816,10,1,2.6852139396344112,333,D_pmar=0.054_dist=500_repair_6_males=6_nmar=5,6,5
0.054,10,0,500,70.4105772661741,238.1866218460599,48.04001247965683,15,1.5000000000000002,2.047966110069435,333,D_pmar=0.054_dist=500_repair_6_males=6_nmar=5,6,5
0.054,9,500,0,65.50664729034142,243.05910751462824,48.7298742689135,13,1.3,1.6928006991780542,333,D_pmar=0.054_dist=500_repair_6_males=6_nmar=5,6,5
0,7,500,500,71.13174721090952,215.55641354523593,73.46764060409332,0,0,0,333,D_pmar=0.054_dist=500_repair_6_males=6_nmar=5,6,5
0.054,13,1000,0,65.5233476988871,187.8451146912508,103.86936340455962,11,1.1,1.7235149102480485,333,D_pmar=0.054_dist=500_repair_6_males=6_nmar=5,6,5
0.054,10,1000,500,69.8253851333303,232.9617511593065,54.7984354075189,9,0.8999999999999999,1.8878784533820376,333,D_pmar=0.054_dist=500_repair_6_males=6_nmar=5,6,5
0.054,9,0,0,69.90761189953683,198.45047904893693,89.38483771463709,6,0.6,1.6891333969554887,334,D_pmar=0.054_dist=500_repair_6_males=6_nmar=5,6,5
0.054,4,0,500,69.30134295736761,250.3847953825224,36.722511654038826,13,1.3,2.4028845016764726,334,D_pmar=0.054_dist=500_repair_6_males=6_nmar=5,6,5
0.054,12,500,0,73.19528650312033,228.65748288180143,55.00820756568013,10,1,2.1897680496862653,334,D_pmar=0.054_dist=500_repair_6_males=6_nmar=5,6,5
0,7,500,500,71.95107128888453,257.722897121805,30.39052313312584,0,0,0,334,D_pmar=0.054_dist=500_repair_6_males=6_nmar=5,6,5
0.054,15,1000,0,69.02689875636891,244.12682767534963,43.02762709573093,14,1.4,2.4834322048023623,334,D_pmar=0.054_dist=500_repair_6_males=6_nmar=5,6,5
0.054,7,1000,500,67.10214443434766,235.7068347440241,54.73067886859694,8,0.7999999999999999,1.7065127164754246,334,D_pmar=0.054_dist=500_repair_6_males=6_nmar=5,6,5
0.054,15,0,0,69.31754918027909,217.10717755819772,70.864066728575,11,1.1,1.7623972896785056,335,D_pmar=0.054_dist=500_repair_6_males=6_nmar=5,6,5
0.054,4,0,500,70.70346436641483,273.0092459924773,12.215312652913124,14,1.4,2.811985105421297,335,D_pmar=0.054_dist=500_repair_6_males=6_nmar=5,6,5
0,12,500,0,71.78562429754389,184.35374357093212,103.90281102786392,0,0,0,335,D_pmar=0.054_dist=500_repair_6_males=6_nmar=5,6,5
0.054,12,500,500,70.24313321699366,262.31352976535345,24.487552544888633,10,1,2.037696415303324,335,D_pmar=0.054_dist=500_repair_6_males=6_nmar=5,6,5
0.054,7,1000,0,69.85682423874105,212.63792252796728,74.6290783142232,11,1.1,1.9318482435813815,335,D_pmar=0.054_dist=500_repair_6_males=6_nmar=5,6,5
0.054,4,1000,500,70.68559563909797,230.9935933865227,54.95274790049879,11,1.1,2.393013972250714,335,D_pmar=0.054_dist=500_repair_6_males=6_nmar=5,6,5
0.054,9,0,0,71.43687800685332,228.2199824830744,57.276340829532266,15,1.5000000000000002,1.729131592820254,336,D_pmar=0.054_dist=500_repair_6_males=6_nmar=5,6,5
0.054,5,0,500,65.5478447724102,248.7230014481969,42.77197858648445,10,1,2.0260859244116007,336,D_pmar=0.054_dist=500_repair_6_males=6_nmar=5,6,5
0.054,14,500,0,72.60130778131101,199.10787707613684,85.24331760919935,15,1.5000000000000002,1.5730883641027344,336,D_pmar=0.054_dist=500_repair_6_males=6_nmar=5,6,5
0,12,500,500,73.0784522904206,213.9274608758375,73.15007737795028,0,0,0,336,D_pmar=0.054_dist=500_repair_6_males=6_nmar=5,6,5
0.054,8,1000,0,71.90296731621622,236.8076036114572,48.58178329763048,12,1.2,1.766521030069091,336,D_pmar=0.054_dist=500_repair_6_males=6_nmar=5,6,5
0.054,6,1000,500,70.44766313505397,237.93702445304663,48.78967281237676,7,0.7,2.1805568985267936,336,D_pmar=0.054_dist=500_repair_6_males=6_nmar=5,6,5
0,10,0,0,70.44897425197757,165.71011655706832,124.0961020203942,0,0,0,337,D_pmar=0.054_dist=500_repair_6_males=6_nmar=5,6,5
0.054,5,0,500,70.25605986813652,231.13438628350497,55.009736774666926,14,1.4,2.242362446414094,337,D_pmar=0.054_dist=500_repair_6_males=6_nmar=5,6,5
0.054,11,500,0,71.4591720805761,261.7117101504391,24.21812301877748,8,0.7999999999999999,1.9406029565728335,337,D_pmar=0.054_dist=500_repair_6_males=6_nmar=5,6,5
0.054,13,500,500,71.33298124845537,206.64709278998112,78.96264801916881,14,1.4,1.8432272453233676,337,D_pmar=0.054_dist=500_repair_6_males=6_nmar=5,6,5
0.054,5,1000,0,69.02499581333981,255.60810249622864,30.76827376876376,17,1.7000000000000004,2.9081721666011573,337,D_pmar=0.054_dist=500_repair_6_males=6_nmar=5,6,5
0.054,10,1000,500,69.11521905143343,209.18194266885737,79.02848846461274,12,1.2,1.5580355506797512,337,D_pmar=0.054_dist=500_repair_6_males=6_nmar=5,6,5
0.054,13,0,0,67.26136639873602,206.73515318588133,83.30478070515775,12,1.2,1.5717475679771218,338,D_pmar=0.054_dist=500_repair_6_males=6_nmar=5,6,5
0.054,5,0,500,69.71329161943902,220.79325997372823,67.31413015223988,7,0.7,1.734596129336453,338,D_pmar=0.054_dist=500_repair_6_males=6_nmar=5,6,5
0.054,8,500,0,69.5941606455687,232.24140624594935,55.01468424450199,14,1.4,1.8278701397883708,338,D_pmar=0.054_dist=500_repair_6_males=6_nmar=5,6,5
0.054,5,500,500,70.61182434346541,261.45586853833544,24.144969696181857,12,1.2,2.7083112937402984,338,D_pmar=0.054_dist=500_repair_6_males=6_nmar=5,6,5
0,7,1000,0,68.58159177706818,224.2798643510781,67.16550283051069,0,0,0,338,D_pmar=0.054_dist=500_repair_6_males=6_nmar=5,6,5
0.054,16,1000,500,70.00608951082721,255.76720796825768,30.719009585855176,10,1,2.543288372340021,338,D_pmar=0.054_dist=500_repair_6_males=6_nmar=5,6,5
0.054,13,0,0,73.78804988646932,203.16281990777017,79.9379192193033,13,1.3,1.958967986064108,339,D_pmar=0.054_dist=500_repair_6_males=6_nmar=5,6,5
0.054,15,0,500,67.15242404853244,184.5894481034676,105.93373272418678,9,0.8999999999999999,1.4480636385672223,339,D_pmar=0.054_dist=500_repair_6_males=6_nmar=5,6,5
0.054,8,500,0,74.57393606779955,258.18408246229774,24.333743538761023,8,0.7999999999999999,2.210133253569442,339,D_pmar=0.054_dist=500_repair_6_males=6_nmar=5,6,5
0.054,4,500,500,69.67498575069862,256.28200676176635,30.281329801147713,15,1.5000000000000002,2.2998921078548,339,D_pmar=0.054_dist=500_repair_6_males=6_nmar=5,6,5
0.054,8,1000,0,67.93086584035504,246.87139922865344,42.32325582564722,9,0.8999999999999999,1.98047104597463,339,D_pmar=0.054_dist=500_repair_6_males=6_nmar=5,6,5
0,6,1000,500,67.48239172310032,250.00161170627695,42.58843890307027,0,0,0,339,D_pmar=0.054_dist=500_repair_6_males=6_nmar=5,6,5
0.054,14,0,0,69.04559705231111,191.0097566989643,97.87001408607546,7,0.7,1.394353425405087,33,D_pmar=0.054_dist=500_repair_6_males=6_nmar=5,6,5
0.054,11,0,500,74.72830692156217,258.1313555619713,24.359378546192257,7,0.7,2.174563090207275,33,D_pmar=0.054_dist=500_repair_6_males=6_nmar=5,6,5
0.054,11,500,0,70.81374545116803,242.91423749939565,42.84987201757816,13,1.3,2.2274397394540784,33,D_pmar=0.054_dist=500_repair_6_males=6_nmar=5,6,5
0,9,500,500,72.34811166645957,241.5861118142361,46.08718475601109,0,0,0,33,D_pmar=0.054_dist=500_repair_6_males=6_nmar=5,6,5
0.054,6,1000,0,72.7262732829939,234.2735282209775,49.6125091855628,15,1.5000000000000002,2.170287203760683,33,D_pmar=0.054_dist=500_repair_6_males=6_nmar=5,6,5
0.054,3,1000,500,72.40428481610404,217.27152384816017,67.59596163172328,12,1.2,1.5740740740740735,33,D_pmar=0.054_dist=500_repair_6_males=6_nmar=5,6,5
0.054,5,0,0,68.56798562469682,239.01183603090203,49.40496370222799,12,1.2,2.016497647504816,340,D_pmar=0.054_dist=500_repair_6_males=6_nmar=5,6,5
0.054,9,0,500,69.27241089147579,202.33694563303993,85.8326340934216,11,1.1,1.5214796773462462,340,D_pmar=0.054_dist=500_repair_6_males=6_nmar=5,6,5
0.054,11,500,0,70.19978789176713,220.21522516103548,67.29859705605443,5,0.5,1.8662232474155092,340,D_pmar=0.054_dist=500_repair_6_males=6_nmar=5,6,5
0,11,500,500,67.18725531512982,274.7876615792627,18.110216088501623,0,0,0,340,D_pmar=0.054_dist=500_repair_6_males=6_nmar=5,6,5
0.054,11,1000,0,73.59549695071797,204.90755110214585,78.98801490085089,11,1.1,1.4424469559950177,340,D_pmar=0.054_dist=500_repair_6_males=6_nmar=5,6,5
0.054,7,1000,500,70.55560361271345,259.87573779474906,25.620126033975335,15,1.5000000000000002,2.4490286519167626,340,D_pmar=0.054_dist=500_repair_6_males=6_nmar=5,6,5
0.054,11,0,0,69.51686267320812,199.916144249464,87.65347962976182,13,1.3,1.6970765856246468,341,D_pmar=0.054_dist=500_repair_6_males=6_nmar=5,6,5
0.054,2,0,500,70.10897116133137,273.107958964756,12.321822199518888,14,1.4,3.1336378001700815,341,D_pmar=0.054_dist=500_repair_6_males=6_nmar=5,6,5
0.054,6,500,0,70.61990955081458,207.22597617662512,79.87524649450407,9,0.8999999999999999,1.498331529198098,341,D_pmar=0.054_dist=500_repair_6_males=6_nmar=5,6,5
0.054,16,500,500,71.70718147545604,218.47188055396828,67.18428168826222,12,1.2,1.504629629629629,341,D_pmar=0.054_dist=500_repair_6_males=6_nmar=5,6,5
0.054,7,1000,0,69.60535459077329,250.3870650847469,36.41905432926331,14,1.4,2.2218958905171715,341,D_pmar=0.054_dist=500_repair_6_males=6_nmar=5,6,5
0,12,1000,500,68.513762927677,199.7970683569958,91.70281423724722,0,0,0,341,D_pmar=0.054_dist=500_repair_6_males=6_nmar=5,6,5
0.054,9,0,0,69.73386198939063,261.7132585699351,24.2225630119138,18,1.8000000000000005,2.60327464634065,342,D_pmar=0.054_dist=500_repair_6_males=6_nmar=5,6,5
0,9,0,500,71.6789697694678,202.86041358354296,85.67576183573111,0,0,0,342,D_pmar=0.054_dist=500_repair_6_males=6_nmar=5,6,5
0.054,8,500,0,70.97570614305133,191.36662254782135,95.2958210105329,8,0.7999999999999999,1.6987216738622732,342,D_pmar=0.054_dist=500_repair_6_males=6_nmar=5,6,5
0.054,12,500,500,70.9738040065586,201.26479171416833,85.15159062522747,10,1,1.6898148148148144,342,D_pmar=0.054_dist=500_repair_6_males=6_nmar=5,6,5
0.054,5,1000,0,71.62277999439478,235.86204377556297,48.74212907639143,12,1.2,2.5899397547905902,342,D_pmar=0.054_dist=500_repair_6_males=6_nmar=5,6,5
0.054,11,1000,500,71.68611047810562,223.58427776509976,60.70950756933727,18,1.8000000000000005,2.4348094024091123,342,D_pmar=0.054_dist=500_repair_6_males=6_nmar=5,6,5
0.054,4,0,0,72.10229432552957,205.27735362721413,80.2543071914265,8,0.7999999999999999,1.8159553567846336,343,D_pmar=0.054_dist=500_repair_6_males=6_nmar=5,6,5
0,9,0,500,68.75265492417427,223.17167294842753,68.10022321997697,0,0,0,343,D_pmar=0.054_dist=500_repair_6_males=6_nmar=5,6,5
0.054,13,500,0,67.89690418503747,239.4811560116605,48.9446576455707,16,1.6000000000000003,2.3765983231090786,343,D_pmar=0.054_dist=500_repair_6_males=6_nmar=5,6,5
0.054,12,500,500,73.37434785573299,222.74761985998924,61.0927738994489,14,1.4,1.6180438642734176,343,D_pmar=0.054_dist=500_repair_6_males=6_nmar=5,6,5
0.054,8,1000,0,69.42197232973807,249.6476623824176,36.55211217557704,18,1.8000000000000005,2.625611270166505,343,D_pmar=0.054_dist=500_repair_6_males=6_nmar=5,6,5
0.054,8,1000,500,70.41296694762407,200.00764431755616,87.1045961391577,9,0.8999999999999999,1.7337846050141583,343,D_pmar=0.054_dist=500_repair_6_males=6_nmar=5,6,5
0.054,9,0,0,72.8920441208825,216.5707502130471,67.31707779236474,13,1.3,2.010576672820597,344,D_pmar=0.054_dist=500_repair_6_males=6_nmar=5,6,5
0.054,14,0,500,73.04070206225991,228.2980826517339,55.17125650843994,16,1.6000000000000003,1.894988078135863,344,D_pmar=0.054_dist=500_repair_6_males=6_nmar=5,6,5
0.054,8,500,0,66.18167832233097,230.0304806488137,61.05606022525573,11,1.1,1.8505618497684984,344,D_pmar=0.054_dist=500_repair_6_males=6_nmar=5,6,5
0.054,8,500,500,70.71405422337442,200.2275786198522,85.52460553304324,14,1.4,2.2066180974028815,344,D_pmar=0.054_dist=500_repair_6_males=6_nmar=5,6,5
0.054,12,1000,0,71.73053009016937,212.484699837289,72.91736924097279,10,1,1.90540991895798,344,D_pmar=0.054_dist=500_repair_6_males=6_nmar=5,6,5
0,3,1000,500,71.78249975955478,239.2832591940941,49.00458542205705,0,0,0,344,D_pmar=0.054_dist=500_repair_6_males=6_nmar=5,6,5
0.054,4,0,0,72.20160686678902,253.87379772838693,30.8448044132458,10,1,2.1920945557832177,345,D_pmar=0.054_dist=500_repair_6_males=6_nmar=5,6,5
0.054,13,0,500,74.88139537920397,231.0154676699257,50.64852505124557,17,1.7000000000000004,2.181824861017108,345,D_pmar=0.054_dist=500_repair_6_males=6_nmar=5,6,5
0,6,500,0,70.7146136834951,210.14146121453476,79.19683114311164,0,0,0,345,D_pmar=0.054_dist=500_repair_6_males=6_nmar=5,6,5
0.054,11,500,500,68.08517452078414,197.30262210932048,91.88363196620028,12,1.2,1.7584256953439263,345,D_pmar=0.054_dist=500_repair_6_males=6_nmar=5,6,5
0.054,13,1000,0,69.78762668594716,214.16448713484,73.07442903315055,11,1.1,1.9612944921610609,345,D_pmar=0.054_dist=500_repair_6_males=6_nmar=5,6,5
0.054,7,1000,500,69.2763360495488,250.77788463958888,36.74440322341738,10,1,2.264829176702916,345,D_pmar=0.054_dist=500_repair_6_males=6_nmar=5,6,5
0.054,10,0,0,70.24046101057391,207.95098066412888,79.77936874847539,6,0.6,1.5502445080666,346,D_pmar=0.054_dist=500_repair_6_males=6_nmar=5,6,5
0,1,0,500,72.55386506374009,238.97683063390457,48.66832661638301,0,0,0,346,D_pmar=0.054_dist=500_repair_6_males=6_nmar=5,6,5
0.054,6,500,0,71.8953062483823,223.82548227513757,61.4732791923945,11,1.1,1.8359654745135352,346,D_pmar=0.054_dist=500_repair_6_males=6_nmar=5,6,5
0.054,11,500,500,70.00531901429316,237.92081241984852,48.727742976194634,14,1.4,2.16451837513247,346,D_pmar=0.054_dist=500_repair_6_males=6_nmar=5,6,5
0.054,16,1000,0,70.43781738894106,195.4423557127234,91.2857676582963,11,1.1,1.7592592592592589,346,D_pmar=0.054_dist=500_repair_6_males=6_nmar=5,6,5
0.054,10,1000,500,70.39484100796439,248.53899671779465,37.33946817381206,19,1.9000000000000008,1.9103451836708596,346,D_pmar=0.054_dist=500_repair_6_males=6_nmar=5,6,5
0.054,7,0,0,72.51066101044944,228.99962044597623,55.1749008373581,14,1.4,1.921296296296296,347,D_pmar=0.054_dist=500_repair_6_males=6_nmar=5,6,5
0.054,6,0,500,71.46089043505654,259.96748473324556,24.438777032684815,13,1.3,2.838271283988692,347,D_pmar=0.054_dist=500_repair_6_males=6_nmar=5,6,5
0.054,9,500,0,67.30810060496042,245.4008940611504,43.120850632515186,15,1.5000000000000002,2.7262771578912237,347,D_pmar=0.054_dist=500_repair_6_males=6_nmar=5,6,5
0,8,500,500,68.42427139159608,218.3290667567962,73.25550169043542,0,0,0,347,D_pmar=0.054_dist=500_repair_6_males=6_nmar=5,6,5
0.054,11,1000,0,72.43535486669141,200.2007211147201,85.36633309808568,9,0.8999999999999999,1.2341136226616842,347,D_pmar=0.054_dist=500_repair_6_males=6_nmar=5,6,5
0.054,13,1000,500,72.68432409288717,193.36515967069724,91.51357050964126,11,1.1,1.498331529198098,347,D_pmar=0.054_dist=500_repair_6_males=6_nmar=5,6,5
0,4,0,0,70.30338724750462,234.59537737226503,55.14270537157845,0,0,0,348,D_pmar=0.054_dist=500_repair_6_males=6_nmar=5,6,5
0.054,13,0,500,70.11059042440672,237.6286129078943,48.80558626871282,11,1.1,2.601173119935003,348,D_pmar=0.054_dist=500_repair_6_males=6_nmar=5,6,5
0.054,3,500,0,70.43583876019422,265.7483480798279,18.266515153702215,15,1.5000000000000002,4.099837695694338,348,D_pmar=0.054_dist=500_repair_6_males=6_nmar=5,6,5
0.054,8,500,500,70.11524798339384,189.51935525084053,97.67979914159083,11,1.1,1.8680204817091424,348,D_pmar=0.054_dist=500_repair_6_males=6_nmar=5,6,5
0.054,14,1000,0,71.32637166387562,224.36701058637027,61.28700996856315,15,1.5000000000000002,1.772137712641297,348,D_pmar=0.054_dist=500_repair_6_males=6_nmar=5,6,5
0.054,12,1000,500,72.83091729856062,212.24944833436285,72.84717185824404,6,0.6,1.5795386105902725,348,D_pmar=0.054_dist=500_repair_6_males=6_nmar=5,6,5
0.054,7,0,0,68.39801401383343,239.5634929373815,49.11549404623632,9,0.8999999999999999,2.205654427024582,349,D_pmar=0.054_dist=500_repair_6_males=6_nmar=5,6,5
0,13,0,500,71.10434381051319,234.3064281435664,54.59074826604129,0,0,0,349,D_pmar=0.054_dist=500_repair_6_males=6_nmar=5,6,5
0.054,11,500,0,71.48092274672814,242.8698849736003,42.525508359516685,13,1.3,1.8804645365161985,349,D_pmar=0.054_dist=500_repair_6_males=6_nmar=5,6,5
0.054,7,500,500,73.07457535172698,217.38756455777613,67.69280539062167,4,0.4,1.5518895963042263,349,D_pmar=0.054_dist=500_repair_6_males=6_nmar=5,6,5
0.054,13,1000,0,71.17041823161574,212.46864153244425,73.54088319918583,12,1.2,1.6898148148148144,349,D_pmar=0.054_dist=500_repair_6_males=6_nmar=5,6,5
0.054,3,1000,500,70.03618531604319,262.17166198571056,24.341127345256204,13,1.3,2.2639956127875833,349,D_pmar=0.054_dist=500_repair_6_males=6_nmar=5,6,5
0.054,7,0,0,73.92674362889113,239.87749695669984,42.94955771146266,11,1.1,2.2830420601381847,34,D_pmar=0.054_dist=500_repair_6_males=6_nmar=5,6,5
0.054,10,0,500,75.09599422956663,214.5007226654645,67.07783776110472,12,1.2,2.1497698538215,34,D_pmar=0.054_dist=500_repair_6_males=6_nmar=5,6,5
0,13,500,0,67.21279655926178,219.63310303619733,73.30276402743553,0,0,0,34,D_pmar=0.054_dist=500_repair_6_males=6_nmar=5,6,5
0.054,12,500,500,68.27084343804295,246.1156750166116,42.57343239302094,13,1.3,1.9036126846643464,34,D_pmar=0.054_dist=500_repair_6_males=6_nmar=5,6,5
0.054,6,1000,0,72.16307384753274,241.3143653713153,42.891046636296494,13,1.3,2.509217866015658,34,D_pmar=0.054_dist=500_repair_6_males=6_nmar=5,6,5
0.054,6,1000,500,72.44574170600335,198.8368747622808,85.56388077175109,9,0.8999999999999999,2.2638655063246156,34,D_pmar=0.054_dist=500_repair_6_males=6_nmar=5,6,5
0.054,7,0,0,72.89926700800874,229.37027797913433,54.67847406133088,12,1.2,2.0790354072937034,350,D_pmar=0.054_dist=500_repair_6_males=6_nmar=5,6,5
0.054,7,0,500,72.45131867930726,235.16301657439627,48.783501469462976,10,1,2.6902505563610375,350,D_pmar=0.054_dist=500_repair_6_males=6_nmar=5,6,5
0.054,15,500,0,68.84899421779207,226.74265391578496,61.25024745540937,14,1.4,1.7592592592592589,350,D_pmar=0.054_dist=500_repair_6_males=6_nmar=5,6,5
0.054,10,500,500,70.59013923604732,267.23244668797105,18.410720454770857,17,1.7000000000000004,2.255922317655458,350,D_pmar=0.054_dist=500_repair_6_males=6_nmar=5,6,5
0,6,1000,0,66.41711504039418,158.3428083013837,135.2605607383245,0,0,0,350,D_pmar=0.054_dist=500_repair_6_males=6_nmar=5,6,5
0.054,9,1000,500,73.13601575633129,231.1433067404808,53.020663584314995,9,0.8999999999999999,1.910193037614853,350,D_pmar=0.054_dist=500_repair_6_males=6_nmar=5,6,5
0.054,8,0,0,70.93127699834184,224.16381712543472,61.376090574570455,16,1.6000000000000003,1.9968646555232268,351,D_pmar=0.054_dist=500_repair_6_males=6_nmar=5,6,5
0.054,10,0,500,69.94524451835797,209.5862102769711,77.81987898779319,11,1.1,1.8311603162636243,351,D_pmar=0.054_dist=500_repair_6_males=6_nmar=5,6,5
0,14,500,0,69.73558366571562,247.30293755964655,42.9826684661546,0,0,0,351,D_pmar=0.054_dist=500_repair_6_males=6_nmar=5,6,5
0.054,10,500,500,71.96522876923063,218.49252125697467,67.02582698558105,5,0.5,2.1530600302967535,351,D_pmar=0.054_dist=500_repair_6_males=6_nmar=5,6,5
0.054,4,1000,0,68.36729314502757,227.44077822309129,61.02052417473905,12,1.2,2.04032721351229,351,D_pmar=0.054_dist=500_repair_6_males=6_nmar=5,6,5
0.054,8,1000,500,70.60691144417697,237.04869154110455,48.82776514470867,16,1.6000000000000003,2.1153883405289404,351,D_pmar=0.054_dist=500_repair_6_males=6_nmar=5,6,5
0.054,8,0,0,73.83176911953994,232.97918720883817,48.80140389712263,18,1.8000000000000005,2.712869432705867,352,D_pmar=0.054_dist=500_repair_6_males=6_nmar=5,6,5
0.054,10,0,500,74.49986093250726,245.1929273274334,36.7720007214615,11,1.1,2.4540367502649425,352,D_pmar=0.054_dist=500_repair_6_males=6_nmar=5,6,5
0.054,8,500,0,69.24328974456436,233.39398254090128,54.93932254819231,6,0.6,1.8253914876354116,352,D_pmar=0.054_dist=500_repair_6_males=6_nmar=5,6,5
0,13,500,500,71.61540427289944,224.97712804065168,63.57836279757777,0,0,0,352,D_pmar=0.054_dist=500_repair_6_males=6_nmar=5,6,5
0.054,6,1000,0,69.92938382045281,225.52444809597327,61.46164728841167,13,1.3,1.799257455124024,352,D_pmar=0.054_dist=500_repair_6_males=6_nmar=5,6,5
0.054,9,1000,500,67.76907058540084,191.47602888491596,98.02971608327914,12,1.2,1.5740740740740735,352,D_pmar=0.054_dist=500_repair_6_males=6_nmar=5,6,5
0,11,0,0,69.1574562700259,231.97272446642808,59.029502578348435,0,0,0,353,D_pmar=0.054_dist=500_repair_6_males=6_nmar=5,6,5
0.054,8,0,500,71.27631580774215,204.9854645047153,80.35885971158967,15,1.5000000000000002,2.04526247822517,353,D_pmar=0.054_dist=500_repair_6_males=6_nmar=5,6,5
0.054,7,500,0,68.4181616677638,233.5444810652396,54.81774176755817,13,1.3,1.96675902867726,353,D_pmar=0.054_dist=500_repair_6_males=6_nmar=5,6,5
0.054,6,500,500,72.10161248775113,266.7946637023273,18.305197263457313,7,0.7,2.1145547766136077,353,D_pmar=0.054_dist=500_repair_6_males=6_nmar=5,6,5
0.054,13,1000,0,71.20270109748002,218.4517795523016,66.87326770368782,12,1.2,2.3061902082863335,353,D_pmar=0.054_dist=500_repair_6_males=6_nmar=5,6,5
0.054,9,1000,500,72.26981735131137,211.40176172667913,73.36925325775947,12,1.2,1.9430816087257925,353,D_pmar=0.054_dist=500_repair_6_males=6_nmar=5,6,5
0,9,0,0,68.41086007707078,218.6844836639139,73.1122761649709,0,0,0,354,D_pmar=0.054_dist=500_repair_6_males=6_nmar=5,6,5
0.054,7,0,500,69.6539382072915,274.06329649827643,12.432577706793747,14,1.4,2.6525788665932244,354,D_pmar=0.054_dist=500_repair_6_males=6_nmar=5,6,5
0.054,6,500,0,65.56947339266192,249.0804005104576,42.72446713175979,10,1,1.8525112301181388,354,D_pmar=0.054_dist=500_repair_6_males=6_nmar=5,6,5
0.054,9,500,500,75.32852020591226,162.75553017115794,120.71283925953028,3,0.30000000000000004,0.99537037037037,354,D_pmar=0.054_dist=500_repair_6_males=6_nmar=5,6,5
0.054,16,1000,0,65.77469432288432,230.48362232141903,60.724729905216265,12,1.2,1.8600772930399845,354,D_pmar=0.054_dist=500_repair_6_males=6_nmar=5,6,5
0.054,7,1000,500,72.52435639790211,258.70542019310875,24.56656203195868,16,1.6000000000000003,2.681495843369586,354,D_pmar=0.054_dist=500_repair_6_males=6_nmar=5,6,5
0.054,5,0,0,70.78129852563973,242.98841335078683,42.72770024775337,14,1.4,2.117033428766567,355,D_pmar=0.054_dist=500_repair_6_males=6_nmar=5,6,5
0.054,11,0,500,71.57358026213697,214.2714571669719,71.97482259756529,9,0.8999999999999999,1.4599784215709597,355,D_pmar=0.054_dist=500_repair_6_males=6_nmar=5,6,5
0,11,500,0,68.64463238176474,224.38894949844365,66.99318412695693,0,0,0,355,D_pmar=0.054_dist=500_repair_6_males=6_nmar=5,6,5
0.054,9,500,500,72.90747654218303,204.61791534659972,79.14563305089614,14,1.4,1.962939580398687,355,D_pmar=0.054_dist=500_repair_6_males=6_nmar=5,6,5
0.054,10,1000,0,67.4195890857955,249.7146313937608,40.1324561649869,10,1,1.7933364804398046,355,D_pmar=0.054_dist=500_repair_6_males=6_nmar=5,6,5
0.054,8,1000,500,70.130693308384,256.6147945359465,30.422134936648508,8,0.7999999999999999,2.108785947985396,355,D_pmar=0.054_dist=500_repair_6_males=6_nmar=5,6,5
0.054,7,0,0,66.94529309465084,258.8908236291305,30.59102944123234,13,1.3,2.333817182979341,356,D_pmar=0.054_dist=500_repair_6_males=6_nmar=5,6,5
0.054,13,0,500,71.59543889035706,206.81459686409033,79.70476558991363,4,0.4,1.5254512716808253,356,D_pmar=0.054_dist=500_repair_6_males=6_nmar=5,6,5
0.054,10,500,0,70.71476187412335,243.49045615631005,42.27430854677623,17,1.7000000000000004,1.9340226036223267,356,D_pmar=0.054_dist=500_repair_6_males=6_nmar=5,6,5
0.054,5,500,500,70.3018587695465,213.9645701684474,73.08105224461703,9,0.8999999999999999,1.7793994834511293,356,D_pmar=0.054_dist=500_repair_6_males=6_nmar=5,6,5
0.054,12,1000,0,69.32793310519712,215.2599856642626,71.562576207576015,16,1.6000000000000003,2.2615390002276627,356,D_pmar=0.054_dist=500_repair_6_males=6_nmar=5,6,5
0,7,1000,500,72.91764711395146,231.97851304589273,55.173663830257,0,0,0,356,D_pmar=0.054_dist=500_repair_6_males=6_nmar=5,6,5
0.054,5,0,0,72.86086816435672,181.51067165596345,103.65844814040348,6,0.6,1.3888888888888886,357,D_pmar=0.054_dist=500_repair_6_males=6_nmar=5,6,5
0.054,12,0,500,71.20294156060127,237.60636303278125,48.54486913822072,9,0.8999999999999999,1.909381513292559,357,D_pmar=0.054_dist=500_repair_6_males=6_nmar=5,6,5
0.054,16,500,0,69.33816666200923,233.379997149094,54.91884828438637,7,0.7,1.8048741376962292,357,D_pmar=0.054_dist=500_repair_6_males=6_nmar=5,6,5
0.054,6,500,500,69.50949059542963,280.68728648552707,6.058050685958633,14,1.4,2.3488920359953633,357,D_pmar=0.054_dist=500_repair_6_males=6_nmar=5,6,5
0,11,1000,0,69.95679330872753,228.99645958507713,61.10669385865357,0,0,0,357,D_pmar=0.054_dist=500_repair_6_males=6_nmar=5,6,5
0.054,4,1000,500,69.1977005480831,280.7366113847878,6.19855091411965,10,1,3.0083087825225547,357,D_pmar=0.054_dist=500_repair_6_males=6_nmar=5,6,5
0.054,10,0,0,71.48434947452591,212.963686671756,73.49333091531736,5,0.5,1.677595739699064,358,D_pmar=0.054_dist=500_repair_6_males=6_nmar=5,6,5
0.054,13,0,500,70.03564837406107,226.51010918902577,60.75274427385023,11,1.1,1.7314580989172064,358,D_pmar=0.054_dist=500_repair_6_males=6_nmar=5,6,5
0.054,10,500,0,71.38599524232971,230.18286144072945,55.71085540210404,11,1.1,1.7129629629629626,358,D_pmar=0.054_dist=500_repair_6_males=6_nmar=5,6,5
0.054,5,500,500,71.41902539166007,241.1827492483834,44.04512078841644,9,0.8999999999999999,2.529909401603887,358,D_pmar=0.054_dist=500_repair_6_males=6_nmar=5,6,5
0.054,7,1000,0,67.61964125809384,276.02540246593685,12.317184875086976,14,1.4,2.868173970736392,358,D_pmar=0.054_dist=500_repair_6_males=6_nmar=5,6,5
0,9,1000,500,70.33706150835391,234.99965002985184,54.82042369110583,0,0,0,358,D_pmar=0.054_dist=500_repair_6_males=6_nmar=5,6,5
0.054,11,0,0,68.53614076333604,245.74516603943235,42.72522013735113,12,1.2,1.998814035872867,359,D_pmar=0.054_dist=500_repair_6_males=6_nmar=5,6,5
0.054,5,0,500,70.1359850071473,281.10109089807077,6.019674504299355,5,0.5,2.37204018414351,359,D_pmar=0.054_dist=500_repair_6_males=6_nmar=5,6,5
0.054,6,500,0,69.40175159996225,233.16427476237408,54.82991572475005,10,1,1.687488308717862,359,D_pmar=0.054_dist=500_repair_6_males=6_nmar=5,6,5
0.054,9,500,500,70.16383405389936,249.45200285606967,36.6592398057351,12,1.2,2.582960236499735,359,D_pmar=0.054_dist=500_repair_6_males=6_nmar=5,6,5
0.054,11,1000,0,70.73637703906611,243.43442752941908,42.85269702865293,10,1,1.9893779050220897,359,D_pmar=0.054_dist=500_repair_6_males=6_nmar=5,6,5
0,12,1000,500,73.30169904029654,171.269352428902,115.49904490638416,0,0,0,359,D_pmar=0.054_dist=500_repair_6_males=6_nmar=5,6,5
0.054,5,0,0,68.21671546295252,239.81731635011883,48.88931261419612,9,0.8999999999999999,2.1807090445828,35,D_pmar=0.054_dist=500_repair_6_males=6_nmar=5,6,5
0.054,10,0,500,71.10324531196368,207.13515999067437,79.22141238733607,9,0.8999999999999999,1.911026601530185,35,D_pmar=0.054_dist=500_repair_6_males=6_nmar=5,6,5
0.054,7,500,0,72.57393940974276,241.84828893530843,42.67742511838469,7,0.7,2.256052424118425,35,D_pmar=0.054_dist=500_repair_6_males=6_nmar=5,6,5
0.054,7,500,500,73.90883672387218,229.14168947486743,54.888925293608224,7,0.7,1.5254512716808253,35,D_pmar=0.054_dist=500_repair_6_males=6_nmar=5,6,5
0.054,15,1000,0,70.12593159976043,262.58080204187434,24.207316243549084,13,1.3,1.7878719439236057,35,D_pmar=0.054_dist=500_repair_6_males=6_nmar=5,6,5
0,10,1000,500,74.23752780859994,261.2088968397487,24.629540587249164,0,0,0,35,D_pmar=0.054_dist=500_repair_6_males=6_nmar=5,6,5
0.054,8,0,0,76.34175459135076,195.04845869863416,85.42108220270873,15,1.5000000000000002,1.720224733772795,360,D_pmar=0.054_dist=500_repair_6_males=6_nmar=5,6,5
0.054,4,0,500,71.71075249635533,238.37170169411291,46.13519005379923,12,1.2,2.7208854550103245,360,D_pmar=0.054_dist=500_repair_6_males=6_nmar=5,6,5
0.054,13,500,0,74.54147262910477,227.47195092527107,54.99632668425516,10,1,2.0881164519902065,360,D_pmar=0.054_dist=500_repair_6_males=6_nmar=5,6,5
0,11,500,500,68.51621092898282,230.1646001604228,61.32177130042659,0,0,0,360,D_pmar=0.054_dist=500_repair_6_males=6_nmar=5,6,5
0.054,10,1000,0,71.56837114577192,260.13314658169173,25.08898645470694,9,0.8999999999999999,2.3784683910380107,360,D_pmar=0.054_dist=500_repair_6_males=6_nmar=5,6,5
0.054,8,1000,500,70.14358585710374,201.09675156874553,85.7499158256588,14,1.4,1.8161075028406408,360,D_pmar=0.054_dist=500_repair_6_males=6_nmar=5,6,5
0.054,14,0,0,72.0375894279064,217.1767408836194,67.28631420031655,17,1.7000000000000004,1.9302031553437544,361,D_pmar=0.054_dist=500_repair_6_males=6_nmar=5,6,5
0.054,16,0,500,69.02527216043397,226.5663648472969,61.09929620378501,13,1.3,2.0497633443630683,361,D_pmar=0.054_dist=500_repair_6_males=6_nmar=5,6,5
0.054,6,500,0,71.11364622132123,237.0171079509988,48.861887698825846,10,1,2.025404506552275,361,D_pmar=0.054_dist=500_repair_6_males=6_nmar=5,6,5
0,2,500,500,71.6582470847775,227.0205600734917,61.35273679750773,0,0,0,361,D_pmar=0.054_dist=500_repair_6_males=6_nmar=5,6,5
0.054,12,1000,0,66.6895987917316,181.4419639938218,109.66883135288332,12,1.2,1.2037037037037035,361,D_pmar=0.054_dist=500_repair_6_males=6_nmar=5,6,5
0.054,4,1000,500,67.59322123229212,240.37435739994592,48.954522990780305,13,1.3,1.7845597278553145,361,D_pmar=0.054_dist=500_repair_6_males=6_nmar=5,6,5
0.054,19,0,0,71.29847327814835,231.17293458756825,54.991750422209314,8,0.7999999999999999,1.7992574551240237,362,D_pmar=0.054_dist=500_repair_6_males=6_nmar=5,6,5
0.054,8,0,500,70.06819267889126,232.3166454146622,55.14041124044909,8,0.7999999999999999,1.7025411221408455,362,D_pmar=0.054_dist=500_repair_6_males=6_nmar=5,6,5
0.054,6,500,0,69.78475308421805,213.44394521613177,73.42157333928293,14,1.4,2.045943896084496,362,D_pmar=0.054_dist=500_repair_6_males=6_nmar=5,6,5
0.054,3,500,500,75.44365828913867,208.26310064286537,73.66623578622783,9,0.8999999999999999,1.8687018995684683,362,D_pmar=0.054_dist=500_repair_6_males=6_nmar=5,6,5
0,12,1000,0,74.93192103913445,260.8558276269315,24.24905568012465,0,0,0,362,D_pmar=0.054_dist=500_repair_6_males=6_nmar=5,6,5
0.054,6,1000,500,69.00358192467479,245.22596926884063,42.76573683560337,14,1.4,1.7059834446721058,362,D_pmar=0.054_dist=500_repair_6_males=6_nmar=5,6,5
0.054,7,0,0,68.82099472620612,245.367277091552,42.87039599468256,10,1,2.0200128036713747,363,D_pmar=0.054_dist=500_repair_6_males=6_nmar=5,6,5
0.054,19,0,500,74.0137089854076,210.2926672732968,73.46059040991076,6,0.6,1.6547518836629294,363,D_pmar=0.054_dist=500_repair_6_males=6_nmar=5,6,5
0.054,9,500,0,68.2657036487133,216.60605641779213,72.8418571197132,9,0.8999999999999999,1.458333333333333,363,D_pmar=0.054_dist=500_repair_6_males=6_nmar=5,6,5
0.054,8,500,500,72.54652385630077,259.9803270266042,24.612362956465716,10,1,2.051538539063663,363,D_pmar=0.054_dist=500_repair_6_males=6_nmar=5,6,5
0.054,2,1000,0,70.62653248079091,242.15000458602697,42.946229312248896,15,1.5000000000000002,2.777378612437431,363,D_pmar=0.054_dist=500_repair_6_males=6_nmar=5,6,5
0,9,1000,500,68.11528549428776,249.1494782043563,42.821156738246195,0,0,0,363,D_pmar=0.054_dist=500_repair_6_males=6_nmar=5,6,5
0,14,0,0,70.76723268585873,240.18114502610587,49.05303042493805,0,0,0,364,D_pmar=0.054_dist=500_repair_6_males=6_nmar=5,6,5
0.054,7,0,500,71.12841338373676,242.74394528938168,42.671447758803126,13,1.3,2.2296140994950235,364,D_pmar=0.054_dist=500_repair_6_males=6_nmar=5,6,5
0.054,8,500,0,73.47316213221652,191.93694397059517,91.94286683996135,11,1.1,1.56544946754559,364,D_pmar=0.054_dist=500_repair_6_males=6_nmar=5,6,5
0.054,5,500,500,71.67808226071656,237.2337711867725,47.9952268173292,10,1,2.0997269428819303,364,D_pmar=0.054_dist=500_repair_6_males=6_nmar=5,6,5
0.054,12,1000,0,72.43641284746391,174.89314844926164,110.26091253483594,12,1.2,1.3075296614407077,364,D_pmar=0.054_dist=500_repair_6_males=6_nmar=5,6,5
0.054,8,1000,500,69.78624047104074,268.38629585221327,18.13373851100277,13,1.3,2.502304466503918,364,D_pmar=0.054_dist=500_repair_6_males=6_nmar=5,6,5
0.054,13,0,0,72.38477747227542,254.20323914681205,30.16846182088381,11,1.1,2.219214298265945,365,D_pmar=0.054_dist=500_repair_6_males=6_nmar=5,6,5
0.054,4,0,500,71.46025609354892,248.59660736020305,36.99028016485919,8,0.7999999999999999,2.204009338786955,365,D_pmar=0.054_dist=500_repair_6_males=6_nmar=5,6,5
0.054,13,500,0,71.74314001674077,224.419222928177,61.3893990529357,10,1,1.510246312201835,365,D_pmar=0.054_dist=500_repair_6_males=6_nmar=5,6,5
0.054,10,500,500,69.84054011847806,183.8830626504846,103.88727033404496,12,1.2,1.4097105309400846,365,D_pmar=0.054_dist=500_repair_6_males=6_nmar=5,6,5
0,11,1000,0,68.69339695308187,228.5036643967693,62.8420173671429,0,0,0,365,D_pmar=0.054_dist=500_repair_6_males=6_nmar=5,6,5
0.054,3,1000,500,73.48407412994572,258.79269037707724,24.27225246270113,13,1.3,2.583793800415067,365,D_pmar=0.054_dist=500_repair_6_males=6_nmar=5,6,5
0.054,11,0,0,73.29498873586736,191.93377016444845,91.05056715374066,18,1.8000000000000005,1.9669111747332664,366,D_pmar=0.054_dist=500_repair_6_males=6_nmar=5,6,5
0.054,6,0,500,71.1396188056781,248.39716316375817,36.551693837817254,16,1.6000000000000003,2.3944848748392955,366,D_pmar=0.054_dist=500_repair_6_males=6_nmar=5,6,5
0.054,13,500,0,73.19137557424493,186.7260166401917,97.281878427799,12,1.2,1.6835167143832832,366,D_pmar=0.054_dist=500_repair_6_males=6_nmar=5,6,5
0.054,5,500,500,73.1145021850587,253.4765258710956,30.29176873245684,10,1,2.180991297101775,366,D_pmar=0.054_dist=500_repair_6_males=6_nmar=5,6,5
0.054,12,1000,0,67.75648457011707,215.93411624086565,73.5918792550211,7,0.7,2.0434652439315366,366,D_pmar=0.054_dist=500_repair_6_males=6_nmar=5,6,5
0,7,1000,500,72.04361928426854,238.91114804907468,49.11361582101744,0,0,0,366,D_pmar=0.054_dist=500_repair_6_males=6_nmar=5,6,5
0.054,4,0,0,69.53749169390206,214.13817162824463,73.14309415065615,12,1.2,2.0649683038420585,367,D_pmar=0.054_dist=500_repair_6_males=6_nmar=5,6,5
0.054,8,0,500,70.96741170330036,247.97444547558052,36.48939522405425,23,2.3000000000000007,2.308060276215265,367,D_pmar=0.054_dist=500_repair_6_males=6_nmar=5,6,5
0.054,15,500,0,73.91882818388953,222.43968802904476,60.56714830898373,11,1.1,2.018824153601768,367,D_pmar=0.054_dist=500_repair_6_males=6_nmar=5,6,5
0.054,10,500,500,68.91440790509992,213.29587300607776,75.5883591596189,7,0.7,1.6811902082863313,367,D_pmar=0.054_dist=500_repair_6_males=6_nmar=5,6,5
0,10,1000,0,71.64321647157249,226.89691224659703,61.549205025006785,0,0,0,367,D_pmar=0.054_dist=500_repair_6_males=6_nmar=5,6,5
0.054,7,1000,500,67.6178279279744,186.70303133932129,102.21059380039922,15,1.5000000000000002,2.0247230886929493,367,D_pmar=0.054_dist=500_repair_6_males=6_nmar=5,6,5
0,13,0,0,75.55593712222915,217.47937460893883,67.02748856048632,0,0,0,368,D_pmar=0.054_dist=500_repair_6_males=6_nmar=5,6,5
0.054,13,0,500,72.09811769217873,241.834908705406,42.77846574421691,12,1.2,2.1203236052418206,368,D_pmar=0.054_dist=500_repair_6_males=6_nmar=5,6,5
0.054,9,500,0,69.53858316900174,231.789960346895,55.16769226888901,13,1.3,2.397644944851579,368,D_pmar=0.054_dist=500_repair_6_males=6_nmar=5,6,5
0.054,6,500,500,74.38921479121008,227.44947228294345,55.09412988583102,14,1.4,1.783371077785708,368,D_pmar=0.054_dist=500_repair_6_males=6_nmar=5,6,5
0.054,6,1000,0,72.40346425845532,215.61594039541973,69.21227525616274,10,1,1.9036126846643464,368,D_pmar=0.054_dist=500_repair_6_males=6_nmar=5,6,5
0.054,7,1000,500,69.87944248201943,220.08021802635756,67.21827855551012,10,1,1.9159618662430655,368,D_pmar=0.054_dist=500_repair_6_males=6_nmar=5,6,5
0.054,9,0,0,69.7569448723659,236.97971810068975,48.899186404030075,19,1.9000000000000008,2.4861137970535885,369,D_pmar=0.054_dist=500_repair_6_males=6_nmar=5,6,5
0.054,8,0,500,69.75762191972498,220.17144675047297,67.26415630739133,13,1.3,1.652425377565977,369,D_pmar=0.054_dist=500_repair_6_males=6_nmar=5,6,5
0.054,10,500,0,69.18198374050192,226.2404468508455,60.883174529427734,14,1.4,2.407689659926385,369,D_pmar=0.054_dist=500_repair_6_males=6_nmar=5,6,5
0.054,9,500,500,71.07592775682606,201.0558111474393,85.21838415004054,9,0.8999999999999999,1.9533513034919028,369,D_pmar=0.054_dist=500_repair_6_males=6_nmar=5,6,5
0.054,12,1000,0,72.63348497947223,192.73671735312735,91.89910476976928,11,1.1,1.8032290494586027,369,D_pmar=0.054_dist=500_repair_6_males=6_nmar=5,6,5
0,6,1000,500,69.53013533949586,241.7359175482071,48.808074554200914,0,0,0,369,D_pmar=0.054_dist=500_repair_6_males=6_nmar=5,6,5
0.054,10,0,0,68.56631574833078,263.5409072422473,24.148850822069935,11,1.1,2.676538539063667,36,D_pmar=0.054_dist=500_repair_6_males=6_nmar=5,6,5
0.054,7,0,500,73.11868663044028,228.6602618253262,55.06027163840647,12,1.2,2.04526247822517,36,D_pmar=0.054_dist=500_repair_6_males=6_nmar=5,6,5
0.054,13,500,0,70.49050763179282,213.7308992518313,73.10658981441163,11,1.1,1.597222222222222,36,D_pmar=0.054_dist=500_repair_6_males=6_nmar=5,6,5
0,8,500,500,72.18846784594537,244.979645522572,42.836459469633,0,0,0,36,D_pmar=0.054_dist=500_repair_6_males=6_nmar=5,6,5
0.054,12,1000,0,72.44755172287175,211.54405692580647,73.32822316719721,11,1.1,1.8207605150345456,36,D_pmar=0.054_dist=500_repair_6_males=6_nmar=5,6,5
0.054,4,1000,500,73.18756171583023,241.9665724454536,42.7174947210252,6,0.6,1.579538610590273,36,D_pmar=0.054_dist=500_repair_6_males=6_nmar=5,6,5
0.054,6,0,0,71.6155181802097,205.85939419217823,79.09737212579365,15,1.5000000000000002,2.0052642823604048,370,D_pmar=0.054_dist=500_repair_6_males=6_nmar=5,6,5
0.054,14,0,500,69.72767368659375,209.6048542339281,77.0273824917522,20,2.0000000000000004,1.68516180262091,370,D_pmar=0.054_dist=500_repair_6_males=6_nmar=5,6,5
0.054,5,500,0,73.93319284702636,275.9323974795286,6.066372113028772,10,1,3.16905581747624,370,D_pmar=0.054_dist=500_repair_6_males=6_nmar=5,6,5
0,6,500,500,71.76186490686155,233.1696108767822,55.079801732107505,0,0,0,370,D_pmar=0.054_dist=500_repair_6_males=6_nmar=5,6,5
0.054,9,1000,0,70.64455222062841,195.730887052009,91.84802347744709,5,0.5,1.3657407407407405,370,D_pmar=0.054_dist=500_repair_6_males=6_nmar=5,6,5
0.054,14,1000,500,66.67013028992523,235.27456969252907,54.83462832341081,10,1,2.449050691509802,370,D_pmar=0.054_dist=500_repair_6_males=6_nmar=5,6,5
0.054,13,0,0,70.99237423468934,248.9772814008329,36.38077477750747,16,1.6000000000000003,2.071114258217583,371,D_pmar=0.054_dist=500_repair_6_males=6_nmar=5,6,5
0.054,8,0,500,68.59278066535043,239.3595812172898,49.12782449485415,10,1,2.020469241839395,371,D_pmar=0.054_dist=500_repair_6_males=6_nmar=5,6,5
0.054,6,500,0,72.99922945241681,265.66970382676504,18.409690336552003,9,0.8999999999999999,2.076049522930463,371,D_pmar=0.054_dist=500_repair_6_males=6_nmar=5,6,5
0.054,6,500,500,70.55767893364023,267.0922528837432,18.300274795606843,15,1.5000000000000002,2.5635587029948588,371,D_pmar=0.054_dist=500_repair_6_males=6_nmar=5,6,5
0.054,13,1000,0,69.87565130045854,172.39969721573323,115.73312625122315,5,0.5,1.5869525274561118,371,D_pmar=0.054_dist=500_repair_6_males=6_nmar=5,6,5
0,8,1000,500,69.72871246046036,199.19131243123175,91.27876972844344,0,0,0,371,D_pmar=0.054_dist=500_repair_6_males=6_nmar=5,6,5
0.054,6,0,0,69.4021677686493,238.63585310432427,48.774697307395094,10,1,2.221823056881872,372,D_pmar=0.054_dist=500_repair_6_males=6_nmar=5,6,5
0.054,9,0,500,70.73964773142451,213.26637350680633,73.45623862757529,10,1,1.7529611588277274,372,D_pmar=0.054_dist=500_repair_6_males=6_nmar=5,6,5
0.054,7,500,0,68.27223111514708,245.52556369103448,42.873231389771775,9,0.8999999999999999,2.500000000000004,372,D_pmar=0.054_dist=500_repair_6_males=6_nmar=5,6,5
0,6,500,500,71.7829363597102,251.13724724028137,37.14156962982311,0,0,0,372,D_pmar=0.054_dist=500_repair_6_males=6_nmar=5,6,5
0.054,13,1000,0,70.72025495504697,203.150371050123,83.12432618613295,15,1.5000000000000002,1.5904676836226703,372,D_pmar=0.054_dist=500_repair_6_males=6_nmar=5,6,5
0.054,13,1000,500,70.95953144574723,231.0114290690226,54.960910624795,12,1.2,2.046451128294777,372,D_pmar=0.054_dist=500_repair_6_males=6_nmar=5,6,5
0,2,0,0,71.81162981327167,209.6570186416261,78.57003221220194,0,0,0,373,D_pmar=0.054_dist=500_repair_6_males=6_nmar=5,6,5
0.054,10,0,500,70.27580148171451,249.82617919473168,36.83721545574421,12,1.2,2.013337577492531,373,D_pmar=0.054_dist=500_repair_6_males=6_nmar=5,6,5
0.054,10,500,0,70.40793703655852,261.9565664186922,24.409617813024383,11,1.1,2.1368914004394624,373,D_pmar=0.054_dist=500_repair_6_males=6_nmar=5,6,5
0.054,13,500,500,72.53431872334207,237.8397101145214,45.48407891425288,17,1.7000000000000004,2.4835623112653296,373,D_pmar=0.054_dist=500_repair_6_males=6_nmar=5,6,5
0.054,8,1000,0,73.99543035312313,204.2470093093585,79.30479953444033,10,1,1.5509259259259256,373,D_pmar=0.054_dist=500_repair_6_males=6_nmar=5,6,5
0.054,11,1000,500,70.63744696698785,187.0208103460868,99.87599519575696,11,1.1,1.4120370370370368,373,D_pmar=0.054_dist=500_repair_6_males=6_nmar=5,6,5
0.054,14,0,0,72.629962158075,199.10598927867088,85.56372325933695,11,1.1,1.637220418086987,374,D_pmar=0.054_dist=500_repair_6_males=6_nmar=5,6,5
0.054,3,0,500,70.55596187527158,249.38487135564716,36.77057940472885,14,1.4,1.9490754170453104,374,D_pmar=0.054_dist=500_repair_6_males=6_nmar=5,6,5
0.054,9,500,0,69.94857436059901,274.87207924853874,12.131348708104136,10,1,2.2344700517871963,374,D_pmar=0.054_dist=500_repair_6_males=6_nmar=5,6,5
0.054,9,500,500,72.01786737859862,265.65809067989034,18.35250612389167,13,1.3,2.8970909475127526,374,D_pmar=0.054_dist=500_repair_6_males=6_nmar=5,6,5
0,9,1000,0,72.13410962656857,220.7388541866356,67.17522689214162,0,0,0,374,D_pmar=0.054_dist=500_repair_6_males=6_nmar=5,6,5
0.054,10,1000,500,72.76617654049488,168.85355367370795,116.4445600188318,7,0.7,1.273148148148148,374,D_pmar=0.054_dist=500_repair_6_males=6_nmar=5,6,5
0.054,8,0,0,71.18486030816035,232.0248245375112,54.00176994310922,10,1,2.097530543247946,375,D_pmar=0.054_dist=500_repair_6_males=6_nmar=5,6,5
0.054,14,0,500,72.84781953071392,239.5016848070835,43.00723181834006,20,2.0000000000000004,2.706289079755361,375,D_pmar=0.054_dist=500_repair_6_males=6_nmar=5,6,5
0.054,10,500,0,72.60639801377806,180.17482030125157,104.59818095571694,12,1.2,1.5198345891086196,375,D_pmar=0.054_dist=500_repair_6_males=6_nmar=5,6,5
0,9,500,500,70.96567297901812,191.42741751738183,97.77537148423912,0,0,0,375,D_pmar=0.054_dist=500_repair_6_males=6_nmar=5,6,5
0.054,1,1000,0,72.64806402962023,240.89646518388463,43.11683825148205,13,1.3,2.0585180573545205,375,D_pmar=0.054_dist=500_repair_6_males=6_nmar=5,6,5
0.054,12,1000,500,70.06147769738573,225.3502898434712,61.64511088413007,12,1.2,1.8564828244527176,375,D_pmar=0.054_dist=500_repair_6_males=6_nmar=5,6,5
0.054,11,0,0,73.47812518832569,234.6134977927528,48.76202314235118,13,1.3,2.045791750028489,376,D_pmar=0.054_dist=500_repair_6_males=6_nmar=5,6,5
0.054,9,0,500,70.7361239742005,195.09379163675908,91.837182177109,11,1.1,1.3115012557752863,376,D_pmar=0.054_dist=500_repair_6_males=6_nmar=5,6,5
0,5,500,0,71.44771520026039,233.28697951903925,55.658496825233655,0,0,0,376,D_pmar=0.054_dist=500_repair_6_males=6_nmar=5,6,5
0.054,5,500,500,69.07829538887466,232.8924880900128,54.95255543829968,9,0.8999999999999999,2.2354337221654967,376,D_pmar=0.054_dist=500_repair_6_males=6_nmar=5,6,5
0.054,7,1000,0,70.15567825106154,230.3135468294117,56.02031524678095,16,1.6000000000000003,2.076353815042476,376,D_pmar=0.054_dist=500_repair_6_males=6_nmar=5,6,5
0.054,17,1000,500,71.26795349487841,249.71102261877147,36.85931452887041,9,0.8999999999999999,1.3673858289783674,376,D_pmar=0.054_dist=500_repair_6_males=6_nmar=5,6,5
0.054,8,0,0,73.78632648875185,245.54484782142967,36.76634333380321,14,1.4,2.6249298523071785,377,D_pmar=0.054_dist=500_repair_6_males=6_nmar=5,6,5
0.054,4,0,500,72.44164845265048,260.1448691065367,24.315520428472595,10,1,2.354356572511562,377,D_pmar=0.054_dist=500_repair_6_males=6_nmar=5,6,5
0,7,500,0,67.08673261445819,250.29968253171785,42.75770388890971,0,0,0,377,D_pmar=0.054_dist=500_repair_6_males=6_nmar=5,6,5
0.054,13,500,500,72.23268933575419,188.1440489119645,97.58164598744662,8,0.7999999999999999,1.4576519154740073,377,D_pmar=0.054_dist=500_repair_6_males=6_nmar=5,6,5
0.054,10,1000,0,72.05763556938018,212.4304415019092,73.41624321149001,8,0.7999999999999999,1.3712052772569392,377,D_pmar=0.054_dist=500_repair_6_males=6_nmar=5,6,5
0.054,12,1000,500,72.84609210281481,253.24781479506464,30.619095784195952,10,1,2.2987542518274555,377,D_pmar=0.054_dist=500_repair_6_males=6_nmar=5,6,5
0.054,11,0,0,72.84861460098524,195.32172331257595,90.28452378361077,4,0.4,1.269176553813569,378,D_pmar=0.054_dist=500_repair_6_males=6_nmar=5,6,5
0.054,11,0,500,72.35724833896583,233.3052130630605,51.120746361858494,13,1.3,2.1074451518597823,378,D_pmar=0.054_dist=500_repair_6_males=6_nmar=5,6,5
0.054,4,500,0,73.09384384679575,210.1440026382307,73.06428225332594,14,1.4,2.3115025987465256,378,D_pmar=0.054_dist=500_repair_6_males=6_nmar=5,6,5
0.054,7,500,500,70.16157811923077,267.87891808877373,18.228595284536624,13,1.3,2.4715682158408843,378,D_pmar=0.054_dist=500_repair_6_males=6_nmar=5,6,5
0,12,1000,0,70.14604101580424,240.761191680794,49.18636154907256,0,0,0,378,D_pmar=0.054_dist=500_repair_6_males=6_nmar=5,6,5
0.054,9,1000,500,71.8006602223878,242.20124470746063,42.67416338894269,10,1,2.493302734228121,378,D_pmar=0.054_dist=500_repair_6_males=6_nmar=5,6,5
0.054,10,0,0,74.50757771499812,172.01830592950665,111.28183026817288,10,1,1.3425925925925923,379,D_pmar=0.054_dist=500_repair_6_males=6_nmar=5,6,5
0.054,15,0,500,67.38807388016058,240.33146120042056,49.24185925176252,12,1.2,1.8918500477166165,379,D_pmar=0.054_dist=500_repair_6_males=6_nmar=5,6,5
0,8,500,0,70.27062704385773,253.05158695301895,36.70827640777125,0,0,0,379,D_pmar=0.054_dist=500_repair_6_males=6_nmar=5,6,5
0.054,4,500,500,72.42519222602975,235.37795140478028,47.99722774668851,16,1.6000000000000003,2.6150372832883804,379,D_pmar=0.054_dist=500_repair_6_males=6_nmar=5,6,5
0.054,8,1000,0,72.71945236136213,229.95591345906385,54.76764659951426,8,0.7999999999999999,1.8566349705087248,379,D_pmar=0.054_dist=500_repair_6_males=6_nmar=5,6,5
0.054,9,1000,500,68.15309710923712,222.15507381099795,65.95595556677068,15,1.5000000000000002,2.273736035750375,379,D_pmar=0.054_dist=500_repair_6_males=6_nmar=5,6,5
0,13,0,0,68.35717445730849,230.75477537630024,61.00527093926697,0,0,0,37,D_pmar=0.054_dist=500_repair_6_males=6_nmar=5,6,5
0.054,15,0,500,73.73436588607794,228.85264279738377,54.78263953626383,11,1.1,1.7241963281073738,37,D_pmar=0.054_dist=500_repair_6_males=6_nmar=5,6,5
0.054,4,500,0,70.430527570904,225.459264235908,60.896854185122834,12,1.2,2.0516906851196697,37,D_pmar=0.054_dist=500_repair_6_males=6_nmar=5,6,5
0.054,6,500,500,71.14724816463776,194.50092333314225,92.16257032653373,7,0.7,1.5621592910703368,37,D_pmar=0.054_dist=500_repair_6_males=6_nmar=5,6,5
0.054,11,1000,0,70.15862699738463,249.93528744604444,36.82710983895696,10,1,2.1441531712492945,37,D_pmar=0.054_dist=500_repair_6_males=6_nmar=5,6,5
0.054,5,1000,500,73.53605414590551,282.9799287424201,0,10,1,2.5572253693286973,37,D_pmar=0.054_dist=500_repair_6_males=6_nmar=5,6,5
0,6,0,0,70.89531790075162,252.4067063900153,36.76306747876816,0,0,0,380,D_pmar=0.054_dist=500_repair_6_males=6_nmar=5,6,5
0.054,9,0,500,70.04358865357571,245.10324500875456,41.25956912312627,13,1.3,2.3148148148148167,380,D_pmar=0.054_dist=500_repair_6_males=6_nmar=5,6,5
0.054,7,500,0,71.83340403205644,236.40236941049864,48.83657116288178,11,1.1,2.0141711414078634,380,D_pmar=0.054_dist=500_repair_6_males=6_nmar=5,6,5
0.054,10,500,500,70.34816949170504,249.09284715708912,36.70449637293648,16,1.6000000000000003,2.28865874271039,380,D_pmar=0.054_dist=500_repair_6_males=6_nmar=5,6,5
0.054,11,1000,0,71.14329280651292,170.63615391252927,116.377183755103,6,0.6,1.296296296296296,380,D_pmar=0.054_dist=500_repair_6_males=6_nmar=5,6,5
0.054,11,1000,500,69.02109842801195,221.17190555297935,66.95325599909957,12,1.2,1.6793929739926974,380,D_pmar=0.054_dist=500_repair_6_males=6_nmar=5,6,5
0.054,12,0,0,72.58662578910447,224.2733053813518,60.93341942638959,6,0.6,1.648453783231398,381,D_pmar=0.054_dist=500_repair_6_males=6_nmar=5,6,5
0.054,12,0,500,72.95253231780532,217.01046008831597,67.1959893225509,12,1.2,1.6666666666666663,381,D_pmar=0.054_dist=500_repair_6_males=6_nmar=5,6,5
0.054,6,500,0,74.90879109609752,275.4122551234195,6.208165313075488,11,1.1,2.3931440787136813,381,D_pmar=0.054_dist=500_repair_6_males=6_nmar=5,6,5
0.054,10,500,500,73.33975625223013,225.9979405104192,58.31488370368603,9,0.8999999999999999,1.494359934863519,381,D_pmar=0.054_dist=500_repair_6_males=6_nmar=5,6,5
0,11,1000,0,71.84128096583055,239.57601908623897,48.709217398685595,0,0,0,381,D_pmar=0.054_dist=500_repair_6_males=6_nmar=5,6,5
0.054,3,1000,500,69.2711697070887,220.9471179804245,66.95726037448385,13,1.3,1.8164846285879528,381,D_pmar=0.054_dist=500_repair_6_males=6_nmar=5,6,5
0.054,8,0,0,72.05160526294245,224.06104744720707,61.60668556786795,6,0.6,1.7595415117782345,382,D_pmar=0.054_dist=500_repair_6_males=6_nmar=5,6,5
0.054,12,0,500,72.02038330886333,194.479464657763,90.86292884462564,13,1.3,1.3657407407407405,382,D_pmar=0.054_dist=500_repair_6_males=6_nmar=5,6,5
0.054,7,500,0,71.16250280689027,236.03722960195137,48.763859132920864,17,1.7000000000000004,2.3709816405368733,382,D_pmar=0.054_dist=500_repair_6_males=6_nmar=5,6,5
0.054,7,500,500,67.39162256094573,234.19720280267424,54.87693304097458,16,1.6000000000000003,2.0148305196741507,382,D_pmar=0.054_dist=500_repair_6_males=6_nmar=5,6,5
0.054,13,1000,0,70.81486713400099,218.52420186731348,67.53472480442842,13,1.3,1.8759636703783005,382,D_pmar=0.054_dist=500_repair_6_males=6_nmar=5,6,5
0,7,1000,500,73.06891391544463,213.67790270614884,73.38159739612094,0,0,0,382,D_pmar=0.054_dist=500_repair_6_males=6_nmar=5,6,5
0.054,14,0,0,70.44386371671564,259.9448988684362,26.498101493430685,12,1.2,1.9145417576967445,383,D_pmar=0.054_dist=500_repair_6_males=6_nmar=5,6,5
0.054,4,0,500,70.45480630851519,225.7081730687782,61.04729756632192,8,0.7999999999999999,2.011540343198898,383,D_pmar=0.054_dist=500_repair_6_males=6_nmar=5,6,5
0.054,14,500,0,70.987509266274,218.40864543429447,67.0104861106726,16,1.6000000000000003,2.0036191941227783,383,D_pmar=0.054_dist=500_repair_6_males=6_nmar=5,6,5
0.054,14,500,500,72.05969047834533,226.32890048158748,58.55229663166364,11,1.1,2.17921610240118,383,D_pmar=0.054_dist=500_repair_6_males=6_nmar=5,6,5
0.054,6,1000,0,71.95929601050828,212.50536636018683,73.21018620408579,7,0.7,1.6500988714690248,383,D_pmar=0.054_dist=500_repair_6_males=6_nmar=5,6,5
0,2,1000,500,71.94085446716771,251.6913868652096,36.39535880185383,0,0,0,383,D_pmar=0.054_dist=500_repair_6_males=6_nmar=5,6,5
0,11,0,0,69.00252861400922,232.59808737110563,58.504299551055915,0,0,0,384,D_pmar=0.054_dist=500_repair_6_males=6_nmar=5,6,5
0.054,10,0,500,72.00623145260585,217.53540315671168,67.14726822201692,15,1.5000000000000002,1.9833047842818632,384,D_pmar=0.054_dist=500_repair_6_males=6_nmar=5,6,5
0.054,7,500,0,70.67532847394546,243.6547596608365,42.569068844815376,11,1.1,2.0964940392343467,384,D_pmar=0.054_dist=500_repair_6_males=6_nmar=5,6,5
0.054,7,500,500,68.45771324007536,222.3445540852838,66.6702899885097,7,0.7,1.8504890161332,384,D_pmar=0.054_dist=500_repair_6_males=6_nmar=5,6,5
0.054,11,1000,0,71.65035636425084,242.7128555644193,42.37721709728573,14,1.4,1.9641282304682937,384,D_pmar=0.054_dist=500_repair_6_males=6_nmar=5,6,5
0.054,8,1000,500,70.66208763764924,207.22383850877247,79.44324087106048,12,1.2,1.4814814814814812,384,D_pmar=0.054_dist=500_repair_6_males=6_nmar=5,6,5
0.054,6,0,0,71.96707161901747,229.4124156759341,56.27565899886175,7,0.7,1.6489830550347169,385,D_pmar=0.054_dist=500_repair_6_males=6_nmar=5,6,5
0.054,10,0,500,73.67146082685414,251.0351972161587,30.58158372463044,18,1.8000000000000005,2.9275008664707327,385,D_pmar=0.054_dist=500_repair_6_males=6_nmar=5,6,5
0.054,10,500,0,69.00991884108696,191.02467273005473,97.84282627332404,8,0.7999999999999999,1.4057389366055055,385,D_pmar=0.054_dist=500_repair_6_males=6_nmar=5,6,5
0.054,5,500,500,66.5840218895206,235.25873009593775,55.25270372543014,11,1.1,1.9738686534310848,385,D_pmar=0.054_dist=500_repair_6_males=6_nmar=5,6,5
0,12,1000,0,69.22549883057813,235.81614830379615,55.04164741594155,0,0,0,385,D_pmar=0.054_dist=500_repair_6_males=6_nmar=5,6,5
0.054,11,1000,500,73.34422557025482,222.1528944053411,61.17827506930339,15,1.5000000000000002,1.8837547129914516,385,D_pmar=0.054_dist=500_repair_6_males=6_nmar=5,6,5
0.054,14,0,0,71.40502614638052,209.4153005160015,76.40369432541868,12,1.2,1.608455587366633,386,D_pmar=0.054_dist=500_repair_6_males=6_nmar=5,6,5
0.054,9,0,500,71.62963413268675,235.68862956650037,48.67149814629925,18,1.8000000000000005,2.348210618136038,386,D_pmar=0.054_dist=500_repair_6_males=6_nmar=5,6,5
0,5,500,0,69.6011191560109,259.7867306819033,30.675039631262266,0,0,0,386,D_pmar=0.054_dist=500_repair_6_males=6_nmar=5,6,5
0.054,9,500,500,69.50169172458477,208.5715645746984,78.86039166874836,14,1.4,2.029093848367878,386,D_pmar=0.054_dist=500_repair_6_males=6_nmar=5,6,5
0.054,7,1000,0,71.43235761687048,243.1205287822769,41.65141937388058,15,1.5000000000000002,2.296884183898523,386,D_pmar=0.054_dist=500_repair_6_males=6_nmar=5,6,5
0.054,10,1000,500,69.35385268020492,185.2123473896051,103.51143844704474,4,0.4,1.6276321411802022,386,D_pmar=0.054_dist=500_repair_6_males=6_nmar=5,6,5
0.054,11,0,0,71.37371190366558,218.03266480314053,67.38858813628295,14,1.4,1.9414365204881656,387,D_pmar=0.054_dist=500_repair_6_males=6_nmar=5,6,5
0.054,9,0,500,72.35336546136216,235.61656991590985,48.81324201563755,14,1.4,1.8551420283271047,387,D_pmar=0.054_dist=500_repair_6_males=6_nmar=5,6,5
0,5,500,0,71.21494738863268,203.26088993431725,85.61856295616121,0,0,0,387,D_pmar=0.054_dist=500_repair_6_males=6_nmar=5,6,5
0.054,5,500,500,73.94568325246347,252.11496476374643,30.3999030100107,13,1.3,2.3543565725115623,387,D_pmar=0.054_dist=500_repair_6_males=6_nmar=5,6,5
0.054,8,1000,0,72.27656106515518,254.2780046569869,30.309979674653327,9,0.8999999999999999,2.525075488904753,387,D_pmar=0.054_dist=500_repair_6_males=6_nmar=5,6,5
0.054,16,1000,500,68.0471183366578,198.0124164332855,91.81964851133228,8,0.7999999999999999,1.4536803211394282,387,D_pmar=0.054_dist=500_repair_6_males=6_nmar=5,6,5
0.054,14,0,0,68.09385092663099,215.12229012867184,73.83309096570085,13,1.3,1.737074781489412,388,D_pmar=0.054_dist=500_repair_6_males=6_nmar=5,6,5
0.054,6,0,500,68.67548572567786,238.9989386207184,48.92633854961362,13,1.3,2.106763734000457,388,D_pmar=0.054_dist=500_repair_6_males=6_nmar=5,6,5
0.054,9,500,0,72.85080650398643,223.76380829723055,60.65805872686272,11,1.1,1.7878719439236057,388,D_pmar=0.054_dist=500_repair_6_males=6_nmar=5,6,5
0.054,12,500,500,70.89579252328443,182.31222669321937,104.2804554986891,10,1,1.546272913732021,388,D_pmar=0.054_dist=500_repair_6_males=6_nmar=5,6,5
0.054,4,1000,0,68.8645847106709,245.0271355626752,42.85389682384627,12,1.2,2.2685185185185204,388,D_pmar=0.054_dist=500_repair_6_males=6_nmar=5,6,5
0,9,1000,500,72.72421680707176,256.6316378678401,30.680545587296905,0,0,0,388,D_pmar=0.054_dist=500_repair_6_males=6_nmar=5,6,5
0.054,14,0,0,70.72716706189031,206.9401744491121,79.9109334478302,8,0.7999999999999999,1.7466630583961962,389,D_pmar=0.054_dist=500_repair_6_males=6_nmar=5,6,5
0.054,7,0,500,69.4710729873971,237.97572135897892,49.14185541834709,15,1.5000000000000002,1.944444444444444,389,D_pmar=0.054_dist=500_repair_6_males=6_nmar=5,6,5
0.054,10,500,0,70.84571858045106,219.44711544721832,67.42121379129638,8,0.7999999999999999,1.5940621522099372,389,D_pmar=0.054_dist=500_repair_6_males=6_nmar=5,6,5
0,11,500,500,69.21065936025441,266.4242610242184,24.56716268813743,0,0,0,389,D_pmar=0.054_dist=500_repair_6_males=6_nmar=5,6,5
0.054,8,1000,0,71.50737488025607,248.5024361974734,36.716570875611815,12,1.2,2.2849121280671167,389,D_pmar=0.054_dist=500_repair_6_males=6_nmar=5,6,5
0.054,4,1000,500,71.43678149425756,187.84065638526988,97.59274120222382,15,1.5000000000000002,1.7195433159134692,389,D_pmar=0.054_dist=500_repair_6_males=6_nmar=5,6,5
0.054,9,0,0,69.70068323851979,177.6389836716438,110.16353011621996,11,1.1,1.557506278876432,38,D_pmar=0.054_dist=500_repair_6_males=6_nmar=5,6,5
0.054,9,0,500,70.77223223425018,248.25012106654825,36.53395367138496,18,1.8000000000000005,2.678335773357301,38,D_pmar=0.054_dist=500_repair_6_males=6_nmar=5,6,5
0.054,10,500,0,69.8969473967015,261.7928213013573,24.55124688806503,13,1.3,2.685185185185191,38,D_pmar=0.054_dist=500_repair_6_males=6_nmar=5,6,5
0,13,500,500,69.11907686711668,223.9276035402664,67.03902029424222,0,0,0,38,D_pmar=0.054_dist=500_repair_6_males=6_nmar=5,6,5
0.054,7,1000,0,71.64637610207045,224.11266693590875,61.503283724778456,10,1,1.7988010169560036,38,D_pmar=0.054_dist=500_repair_6_males=6_nmar=5,6,5
0.054,6,1000,500,70.65610935276968,207.29832127668823,79.32948178224302,10,1,1.7178982276758423,38,D_pmar=0.054_dist=500_repair_6_males=6_nmar=5,6,5
0.054,8,0,0,71.0998858004768,254.9528197838932,30.46251058816916,13,1.3,2.371336726691147,390,D_pmar=0.054_dist=500_repair_6_males=6_nmar=5,6,5
0.054,6,0,500,70.3360226826427,202.14821069463184,85.59020997079406,6,0.6,1.3657407407407405,390,D_pmar=0.054_dist=500_repair_6_males=6_nmar=5,6,5
0.054,14,500,0,73.43450308472492,228.3476761602546,54.97245689870603,16,1.6000000000000003,1.737074781489412,390,D_pmar=0.054_dist=500_repair_6_males=6_nmar=5,6,5
0.054,13,500,500,69.39599262808918,250.62880135511455,36.67528248398255,12,1.2,2.1208528770451394,390,D_pmar=0.054_dist=500_repair_6_males=6_nmar=5,6,5
0.054,6,1000,0,70.08342641598942,195.65933800408752,91.87908332914984,6,0.6,1.858432204802358,390,D_pmar=0.054_dist=500_repair_6_males=6_nmar=5,6,5
0,7,1000,500,70.26639855395896,265.47368235661065,24.336061334429942,0,0,0,390,D_pmar=0.054_dist=500_repair_6_males=6_nmar=5,6,5
0.054,8,0,0,69.60140266373978,220.36048084187468,67.68818563520796,9,0.8999999999999999,1.5332423142939764,391,D_pmar=0.054_dist=500_repair_6_males=6_nmar=5,6,5
0,7,0,500,64.92427107062719,264.82046626109144,30.433578249188315,0,0,0,391,D_pmar=0.054_dist=500_repair_6_males=6_nmar=5,6,5
0.054,9,500,0,69.59530380110252,219.4598790642284,67.689601893501,15,1.5000000000000002,2.1322383882455576,391,D_pmar=0.054_dist=500_repair_6_males=6_nmar=5,6,5
0.054,8,500,500,70.3781796179954,244.51419567491303,42.718174403246195,7,0.7,1.9070550071956065,391,D_pmar=0.054_dist=500_repair_6_males=6_nmar=5,6,5
0.054,11,1000,0,70.4820283144103,212.91447300169125,73.81814946423405,9,0.8999999999999999,1.949908980960643,391,D_pmar=0.054_dist=500_repair_6_males=6_nmar=5,6,5
0.054,11,1000,500,69.71281353979369,256.89367585397235,30.37343035742251,11,1.1,1.9622581625393616,391,D_pmar=0.054_dist=500_repair_6_males=6_nmar=5,6,5
0.054,9,0,0,68.52493255054988,226.379501545211,61.56952132167548,12,1.2,2.408653330304686,392,D_pmar=0.054_dist=500_repair_6_males=6_nmar=5,6,5
0,16,0,500,73.74303730799106,182.3019092160717,103.98549645083962,0,0,0,392,D_pmar=0.054_dist=500_repair_6_males=6_nmar=5,6,5
0.054,3,500,0,69.04456447699458,262.5496207237632,24.57825365610958,15,1.5000000000000002,2.4842437291246555,392,D_pmar=0.054_dist=500_repair_6_males=6_nmar=5,6,5
0.054,5,500,500,69.78621712738068,202.56264699846105,85.2188097506665,8,0.7999999999999999,1.7506346527307752,392,D_pmar=0.054_dist=500_repair_6_males=6_nmar=5,6,5
0.054,12,1000,0,69.45031854555592,237.9533717345124,48.97615472904565,17,1.7000000000000004,1.9322253693286937,392,D_pmar=0.054_dist=500_repair_6_males=6_nmar=5,6,5
0.054,9,1000,500,67.77191505828144,234.63263618521412,54.76723269277234,10,1,1.894835932079856,392,D_pmar=0.054_dist=500_repair_6_males=6_nmar=5,6,5
0.054,11,0,0,75.59341970105824,198.43132365667884,83.93209669212048,8,0.7999999999999999,1.3825907884573574,393,D_pmar=0.054_dist=500_repair_6_males=6_nmar=5,6,5
0.054,9,0,500,71.0159228694038,248.71889930192123,36.66698502002191,16,1.6000000000000003,2.308060276215264,393,D_pmar=0.054_dist=500_repair_6_males=6_nmar=5,6,5
0.054,9,500,0,69.59092126039211,253.74338635413503,33.079325079322615,14,1.4,2.255618025543444,393,D_pmar=0.054_dist=500_repair_6_males=6_nmar=5,6,5
0.054,7,500,500,70.75266910017187,246.61084333357155,39.842785017996015,8,0.7999999999999999,2.10167632323157,393,D_pmar=0.054_dist=500_repair_6_males=6_nmar=5,6,5
0,11,1000,0,69.20918169729754,223.86581162627655,67.00997704049617,0,0,0,393,D_pmar=0.054_dist=500_repair_6_males=6_nmar=5,6,5
0.054,7,1000,500,69.36379470023525,221.3146168375656,66.88044408718825,9,0.8999999999999999,1.5882933235817247,393,D_pmar=0.054_dist=500_repair_6_males=6_nmar=5,6,5
0.054,4,0,0,74.18034366732466,268.61254301184493,12.077777675022102,15,1.5000000000000002,3.801621880398089,394,D_pmar=0.054_dist=500_repair_6_males=6_nmar=5,6,5
0.054,7,0,500,66.11724474735142,222.21441811815995,68.96271045224992,9,0.8999999999999999,1.9267608328124943,394,D_pmar=0.054_dist=500_repair_6_males=6_nmar=5,6,5
0.054,16,500,0,70.00603629006334,202.28269135329472,85.31090001101684,8,0.7999999999999999,1.810490820268435,394,D_pmar=0.054_dist=500_repair_6_males=6_nmar=5,6,5
0.054,12,500,500,68.7546372430245,244.30453188199655,43.19214330149479,18,1.8000000000000005,2.0770352329018023,394,D_pmar=0.054_dist=500_repair_6_males=6_nmar=5,6,5
0,9,1000,0,72.0790969614467,196.19060221837955,91.7676307370831,0,0,0,394,D_pmar=0.054_dist=500_repair_6_males=6_nmar=5,6,5
0.054,6,1000,500,68.68345768188377,233.4258302132434,55.04439620311922,9,0.8999999999999999,1.972375711249465,394,D_pmar=0.054_dist=500_repair_6_males=6_nmar=5,6,5
0.054,6,0,0,71.3856682363671,224.78026196118168,61.60181419652208,8,0.7999999999999999,1.665833102751334,395,D_pmar=0.054_dist=500_repair_6_males=6_nmar=5,6,5
0.054,10,0,500,72.0698226503647,199.64556902434225,85.60865362902418,12,1.2,1.5175080830116672,395,D_pmar=0.054_dist=500_repair_6_males=6_nmar=5,6,5
0.054,9,500,0,72.01136310133718,230.3114782944628,55.13964180534192,9,0.8999999999999999,1.6459751310784394,395,D_pmar=0.054_dist=500_repair_6_males=6_nmar=5,6,5
0.054,7,500,500,69.67786324842177,244.04087701807103,42.73265708939048,14,1.4,2.3030301382740483,395,D_pmar=0.054_dist=500_repair_6_males=6_nmar=5,6,5
0,12,1000,0,69.79075107234826,271.85999721859287,18.351291609383285,0,0,0,395,D_pmar=0.054_dist=500_repair_6_males=6_nmar=5,6,5
0.054,10,1000,500,73.91055448616001,197.93243720601907,85.12695169497124,14,1.4,1.7433728819209429,395,D_pmar=0.054_dist=500_repair_6_males=6_nmar=5,6,5
0.054,7,0,0,69.15951975316744,226.6583733882764,61.00741049649251,11,1.1,2.1977112383554234,396,D_pmar=0.054_dist=500_repair_6_males=6_nmar=5,6,5
0.054,9,0,500,73.04652181389606,223.4674327025064,61.08854370652015,8,0.7999999999999999,1.661861508416755,396,D_pmar=0.054_dist=500_repair_6_males=6_nmar=5,6,5
0.054,8,500,0,73.39400445277519,222.94760851387267,61.07770272507522,8,0.7999999999999999,1.9007569067640753,396,D_pmar=0.054_dist=500_repair_6_males=6_nmar=5,6,5
0,11,500,500,70.48974775266146,228.90649435629945,60.76651072516204,0,0,0,396,D_pmar=0.054_dist=500_repair_6_males=6_nmar=5,6,5
0.054,7,1000,0,69.92717146217274,253.791519184502,32.30249828251749,16,1.6000000000000003,2.3868680178751887,396,D_pmar=0.054_dist=500_repair_6_males=6_nmar=5,6,5
0.054,12,1000,500,68.39667231505629,252.5236125584258,36.420574983001735,9,0.8999999999999999,1.839632776736101,396,D_pmar=0.054_dist=500_repair_6_males=6_nmar=5,6,5
0.054,14,0,0,64.39777637602751,200.86273259062835,91.54202620021736,15,1.5000000000000002,1.9573228978264816,397,D_pmar=0.054_dist=500_repair_6_males=6_nmar=5,6,5
0.054,8,0,500,73.09874406004768,253.55604049303471,30.473154724393265,9,0.8999999999999999,2.114402630557602,397,D_pmar=0.054_dist=500_repair_6_males=6_nmar=5,6,5
0,8,500,0,73.15967757119257,176.06089878930078,110.88703691727189,0,0,0,397,D_pmar=0.054_dist=500_repair_6_males=6_nmar=5,6,5
0.054,7,500,500,68.87596635037778,238.98543016334415,48.840330096876386,10,1,2.303030138274048,397,D_pmar=0.054_dist=500_repair_6_males=6_nmar=5,6,5
0.054,8,1000,0,70.59115898731983,243.2008512572104,42.349502818470725,14,1.4,2.4916576459904936,397,D_pmar=0.054_dist=500_repair_6_males=6_nmar=5,6,5
0.054,9,1000,500,73.75062025985531,239.8169913019196,42.61888271717682,14,1.4,2.500282252518978,397,D_pmar=0.054_dist=500_repair_6_males=6_nmar=5,6,5
0,11,0,0,67.62655970788825,236.00103124238456,56.47873839146175,0,0,0,398,D_pmar=0.054_dist=500_repair_6_males=6_nmar=5,6,5
0.054,5,0,500,70.75577337927884,260.358717056631,24.260696269653657,17,1.7000000000000004,2.9429880784686966,398,D_pmar=0.054_dist=500_repair_6_males=6_nmar=5,6,5
0.054,12,500,0,74.46051954669389,228.5201785507946,54.97528499469406,5,0.5,1.6952793513310132,398,D_pmar=0.054_dist=500_repair_6_males=6_nmar=5,6,5
0.054,7,500,500,72.38238435588417,185.6530647443209,99.875848291153,7,0.7,1.513536488677088,398,D_pmar=0.054_dist=500_repair_6_males=6_nmar=5,6,5
0.054,13,1000,0,69.58284423623071,251.10602382297375,36.41830066224177,14,1.4,1.756251335302981,398,D_pmar=0.054_dist=500_repair_6_males=6_nmar=5,6,5
0.054,6,1000,500,69.74836174599974,263.101558111598,24.388643600975517,7,0.7,2.140558702662028,398,D_pmar=0.054_dist=500_repair_6_males=6_nmar=5,6,5
0.054,13,0,0,72.48839593471334,227.08015779266577,57.14800987560893,10,1,2.292173898876949,399,D_pmar=0.054_dist=500_repair_6_males=6_nmar=5,6,5
0.054,11,0,500,71.19973952635003,248.57890518670473,36.45285481043858,14,1.4,2.3969855665852933,399,D_pmar=0.054_dist=500_repair_6_males=6_nmar=5,6,5
0.054,2,500,0,72.46914207201901,246.8642672467938,36.89554471246675,11,1.1,2.730226712632763,399,D_pmar=0.054_dist=500_repair_6_males=6_nmar=5,6,5
0.054,14,500,500,68.08387007318461,203.681196188514,85.21124870602452,12,1.2,1.909381513292559,399,D_pmar=0.054_dist=500_repair_6_males=6_nmar=5,6,5
0,7,1000,0,63.65182748985012,217.133443757947,79.41671538311472,0,0,0,399,D_pmar=0.054_dist=500_repair_6_males=6_nmar=5,6,5
0.054,7,1000,500,71.47710127511317,243.09832026779105,42.52301882904582,9,0.8999999999999999,2.017309171827111,399,D_pmar=0.054_dist=500_repair_6_males=6_nmar=5,6,5
0.054,18,0,0,70.58845679765348,219.41770858345944,67.22469298443664,11,1.1,1.7129629629629626,39,D_pmar=0.054_dist=500_repair_6_males=6_nmar=5,6,5
0.054,7,0,500,70.50651774903932,195.19980791596453,92.20926576177118,10,1,1.2932883723400184,39,D_pmar=0.054_dist=500_repair_6_males=6_nmar=5,6,5
0,7,500,0,69.22812647137934,247.92842942265733,42.89090871334312,0,0,0,39,D_pmar=0.054_dist=500_repair_6_males=6_nmar=5,6,5
0.054,9,500,500,71.89068220188612,199.8066285420916,85.68266720823755,9,0.8999999999999999,1.9669111747332664,39,D_pmar=0.054_dist=500_repair_6_males=6_nmar=5,6,5
0.054,7,1000,0,71.89976337205721,241.96680938113815,42.6919120049712,16,1.6000000000000003,2.0193534254050873,39,D_pmar=0.054_dist=500_repair_6_males=6_nmar=5,6,5
0.054,6,1000,500,71.66418363390699,248.07019090856164,36.58955108384044,14,1.4,2.4682052057303334,39,D_pmar=0.054_dist=500_repair_6_males=6_nmar=5,6,5
0,3,0,0,67.56331592192716,237.40982723743343,55.10533205625974,0,0,0,400,D_pmar=0.054_dist=500_repair_6_males=6_nmar=5,6,5
0.054,9,0,500,73.56104069682614,217.03673130549888,67.29452898175641,6,0.6,1.576682832690001,400,D_pmar=0.054_dist=500_repair_6_males=6_nmar=5,6,5
0.054,10,500,0,71.08573092157388,255.11144490960183,30.99776194576995,9,0.8999999999999999,2.07470872680485,400,D_pmar=0.054_dist=500_repair_6_males=6_nmar=5,6,5
0.054,15,500,500,70.2127501770128,243.11909450491956,42.750013758074886,19,1.9000000000000008,2.0356742013183857,400,D_pmar=0.054_dist=500_repair_6_males=6_nmar=5,6,5
0.054,13,1000,0,70.68000711273375,225.5169591905496,60.890778983570435,10,1,1.9612944921610604,400,D_pmar=0.054_dist=500_repair_6_males=6_nmar=5,6,5
0.054,4,1000,500,72.53942185952957,211.492550361249,73.01074406070518,10,1,2.056343697313575,400,D_pmar=0.054_dist=500_repair_6_males=6_nmar=5,6,5
0.054,8,0,0,74.32421985832937,244.7459637802385,36.57714747611456,18,1.8000000000000005,2.558189039706998,401,D_pmar=0.054_dist=500_repair_6_males=6_nmar=5,6,5
0.054,12,0,500,73.25476754326768,177.71490389711684,106.5988203508336,9,0.8999999999999999,1.6133908520795133,401,D_pmar=0.054_dist=500_repair_6_males=6_nmar=5,6,5
0,13,500,0,68.42153771478516,205.6659093674025,85.93945673612367,0,0,0,401,D_pmar=0.054_dist=500_repair_6_males=6_nmar=5,6,5
0.054,8,500,500,72.57101548032496,247.30765128503148,36.7037011947809,8,0.7999999999999999,2.630394388823378,401,D_pmar=0.054_dist=500_repair_6_males=6_nmar=5,6,5
0.054,3,1000,0,72.05358152398492,230.0728314202931,54.89139063742368,13,1.3,1.8859290730323972,401,D_pmar=0.054_dist=500_repair_6_males=6_nmar=5,6,5
0.054,10,1000,500,70.2471561128574,260.6716376013649,25.878367886796703,11,1.1,2.2885065966543827,401,D_pmar=0.054_dist=500_repair_6_males=6_nmar=5,6,5
0.054,11,0,0,75.56790544475214,219.0896233804933,61.33479003323393,18,1.8000000000000005,2.276743959706653,402,D_pmar=0.054_dist=500_repair_6_males=6_nmar=5,6,5
0,11,0,500,71.26191260745144,196.89456632325223,91.91413309436447,0,0,0,402,D_pmar=0.054_dist=500_repair_6_males=6_nmar=5,6,5
0.054,4,500,0,69.2467041106756,256.1603792699033,30.551682327620256,11,1.1,3.0627512075862775,402,D_pmar=0.054_dist=500_repair_6_males=6_nmar=5,6,5
0.054,10,500,500,72.02225712149436,215.8479520057098,69.3504910909828,11,1.1,1.901438324623401,402,D_pmar=0.054_dist=500_repair_6_males=6_nmar=5,6,5
0.054,10,1000,0,69.95291800979541,219.01632920388855,67.34821463404612,18,1.8000000000000005,2.0555321729912803,402,D_pmar=0.054_dist=500_repair_6_males=6_nmar=5,6,5
0.054,8,1000,500,72.5004174139349,199.4434501518347,85.34282220109715,9,0.8999999999999999,1.9143167780054389,402,D_pmar=0.054_dist=500_repair_6_males=6_nmar=5,6,5
0.054,9,0,0,71.242999941951,227.47781935820464,58.09359151307483,14,1.4,1.8591136226616836,403,D_pmar=0.054_dist=500_repair_6_males=6_nmar=5,6,5
0.054,12,0,500,68.61825333498929,239.5750741798228,48.74750925341015,12,1.2,1.9029312668050211,403,D_pmar=0.054_dist=500_repair_6_males=6_nmar=5,6,5
0.054,6,500,0,69.5932838655588,263.14339504090094,24.36977296762502,10,1,1.9262315610091756,403,D_pmar=0.054_dist=500_repair_6_males=6_nmar=5,6,5
0.054,7,500,500,68.45132846278729,239.10532137457616,48.80874056217802,14,1.4,2.3207137499059973,403,D_pmar=0.054_dist=500_repair_6_males=6_nmar=5,6,5
0,10,1000,0,68.77594038683196,211.80085109458287,79.60908627738092,0,0,0,403,D_pmar=0.054_dist=500_repair_6_males=6_nmar=5,6,5
0.054,10,1000,500,71.09108050593059,188.7287084588107,97.66296203778865,9,0.8999999999999999,1.633248823752408,403,D_pmar=0.054_dist=500_repair_6_males=6_nmar=5,6,5
0.054,9,0,0,70.01879444282476,257.8694140780417,28.473148584190668,13,1.3,2.3894767764911164,404,D_pmar=0.054_dist=500_repair_6_males=6_nmar=5,6,5
0.054,9,0,500,72.86019149702982,235.1154993875606,48.68152614072726,10,1,2.3624298676436877,404,D_pmar=0.054_dist=500_repair_6_males=6_nmar=5,6,5
0,5,500,0,70.8473302522293,253.81021628525596,35.380562418284676,0,0,0,404,D_pmar=0.054_dist=500_repair_6_males=6_nmar=5,6,5
0.054,17,500,500,70.0032328130976,209.02076304313988,79.01019252350068,9,0.8999999999999999,1.463797869849532,404,D_pmar=0.054_dist=500_repair_6_males=6_nmar=5,6,5
0.054,5,1000,0,71.26679112769756,212.85041346013617,73.04047321258282,9,0.8999999999999999,2.0171790653641417,404,D_pmar=0.054_dist=500_repair_6_males=6_nmar=5,6,5
0.054,9,1000,500,68.80624862065382,239.48414184174084,48.986069046153155,11,1.1,1.6426849546031856,404,D_pmar=0.054_dist=500_repair_6_males=6_nmar=5,6,5
0.054,6,0,0,65.69995675960338,266.4341972687775,24.44286836073858,15,1.5000000000000002,1.944444444444444,405,D_pmar=0.054_dist=500_repair_6_males=6_nmar=5,6,5
0,11,0,500,71.15308246916729,226.89595170240656,62.06636769827434,0,0,0,405,D_pmar=0.054_dist=500_repair_6_males=6_nmar=5,6,5
0.054,15,500,0,69.37090240976104,244.96033822932452,42.80729288819837,10,1,1.9900593228814143,405,D_pmar=0.054_dist=500_repair_6_males=6_nmar=5,6,5
0.054,7,500,500,67.46466594996632,197.6919881421652,92.0086558378964,10,1,1.922259966674597,405,D_pmar=0.054_dist=500_repair_6_males=6_nmar=5,6,5
0.054,7,1000,0,67.67836218541555,235.2099033532176,54.77756878623515,8,0.7999999999999999,1.5485994198289732,405,D_pmar=0.054_dist=500_repair_6_males=6_nmar=5,6,5
0.054,8,1000,500,74.34139530014326,251.56179316913403,30.84870601742498,9,0.8999999999999999,2.3661764822869613,405,D_pmar=0.054_dist=500_repair_6_males=6_nmar=5,6,5
0,6,0,0,72.39107214675533,232.3507652297608,55.42414753982322,0,0,0,406,D_pmar=0.054_dist=500_repair_6_males=6_nmar=5,6,5
0.054,12,0,500,68.77356332961025,197.418165010679,91.349728987013,10,1,1.6484537832313986,406,D_pmar=0.054_dist=500_repair_6_males=6_nmar=5,6,5
0.054,6,500,0,68.47068466165716,227.49619687693752,60.619091972311224,14,1.4,2.095530368856046,406,D_pmar=0.054_dist=500_repair_6_males=6_nmar=5,6,5
0.054,8,500,500,71.14843944760824,218.1405071206687,67.45807040505801,14,1.4,1.9090772211805451,406,D_pmar=0.054_dist=500_repair_6_males=6_nmar=5,6,5
0.054,10,1000,0,71.04893206457481,206.68012885634613,79.28441511509288,11,1.1,1.9262315610091756,406,D_pmar=0.054_dist=500_repair_6_males=6_nmar=5,6,5
0.054,12,1000,500,71.41082204019658,254.6717076005769,30.29564906684774,14,1.4,2.3230402560029497,406,D_pmar=0.054_dist=500_repair_6_males=6_nmar=5,6,5
0.054,6,0,0,69.02730942071419,268.92239258384444,18.219575730585767,14,1.4,2.5211038945701736,407,D_pmar=0.054_dist=500_repair_6_males=6_nmar=5,6,5
0.054,8,0,500,71.38199874702765,255.70076001787197,29.146506774127474,14,1.4,2.45365962451763,407,D_pmar=0.054_dist=500_repair_6_males=6_nmar=5,6,5
0.054,7,500,0,71.13716258358667,206.44846449377988,79.25611430843941,13,1.3,1.9764994516400507,407,D_pmar=0.054_dist=500_repair_6_males=6_nmar=5,6,5
0.054,8,500,500,69.27911090353821,231.2651142319439,56.87948617396186,6,0.6,1.99866188981686,407,D_pmar=0.054_dist=500_repair_6_males=6_nmar=5,6,5
0,15,1000,0,67.71929978691625,182.17735342434003,110.16533039868992,0,0,0,407,D_pmar=0.054_dist=500_repair_6_males=6_nmar=5,6,5
0.054,10,1000,500,70.68252531059083,225.09404591449984,61.021777430123166,13,1.3,1.944444444444444,407,D_pmar=0.054_dist=500_repair_6_males=6_nmar=5,6,5
0.054,11,0,0,70.87208743070362,218.43878934146983,67.35850613709958,18,1.8000000000000005,1.7298130106795797,408,D_pmar=0.054_dist=500_repair_6_males=6_nmar=5,6,5
0.054,12,0,500,69.32799253762366,215.58323881405627,72.78242548294806,11,1.1,1.4887432522913135,408,D_pmar=0.054_dist=500_repair_6_males=6_nmar=5,6,5
0.054,6,500,0,70.61876702972305,225.85267933826003,60.5336795716872,12,1.2,1.827717993732364,408,D_pmar=0.054_dist=500_repair_6_males=6_nmar=5,6,5
0.054,10,500,500,71.47229516696429,221.80875012021667,63.84085528508131,10,1,2.0006112701665,408,D_pmar=0.054_dist=500_repair_6_males=6_nmar=5,6,5
0.054,6,1000,0,70.43402308515071,237.1151002906177,49.08903120338271,12,1.2,2.1998855983963694,408,D_pmar=0.054_dist=500_repair_6_males=6_nmar=5,6,5
0,8,1000,500,72.14047445069198,220.74277438134663,67.284404170253,0,0,0,408,D_pmar=0.054_dist=500_repair_6_males=6_nmar=5,6,5
0.054,11,0,0,71.42848633734548,229.9566118698807,54.97618250373169,13,1.3,2.5783513034919077,409,D_pmar=0.054_dist=500_repair_6_males=6_nmar=5,6,5
0.054,8,0,500,68.99711730396264,239.17804405165947,49.16302560974045,9,0.8999999999999999,1.7929593546924925,409,D_pmar=0.054_dist=500_repair_6_males=6_nmar=5,6,5
0.054,10,500,0,69.79339078739382,219.63956977764943,67.05940953463204,20,2.0000000000000004,1.6676303370449674,409,D_pmar=0.054_dist=500_repair_6_males=6_nmar=5,6,5
0.054,9,500,500,72.80251914258295,217.11521804454708,67.24090788667866,11,1.1,1.83528405665421,409,D_pmar=0.054_dist=500_repair_6_males=6_nmar=5,6,5
0,13,1000,0,70.8263780754107,194.73808677062053,94.4447029149782,0,0,0,409,D_pmar=0.054_dist=500_repair_6_males=6_nmar=5,6,5
0.054,3,1000,500,72.78261487705299,247.0382671124466,37.116528632093555,8,0.7999999999999999,2.369387346341506,409,D_pmar=0.054_dist=500_repair_6_males=6_nmar=5,6,5
0.054,11,0,0,71.2601854251982,218.8459392232797,67.2056531733971,12,1.2,1.557201986764419,40,D_pmar=0.054_dist=500_repair_6_males=6_nmar=5,6,5
0.054,15,0,500,72.40500730826825,235.68660897716376,48.86331837561923,11,1.1,2.1289482117703047,40,D_pmar=0.054_dist=500_repair_6_males=6_nmar=5,6,5
0,6,500,0,70.19420855847734,247.04757353204843,42.861506725104384,0,0,0,40,D_pmar=0.054_dist=500_repair_6_males=6_nmar=5,6,5
0.054,7,500,500,71.38792858778878,218.49108082793535,67.07196023332095,12,1.2,2.020469241839395,40,D_pmar=0.054_dist=500_repair_6_males=6_nmar=5,6,5
0.054,8,1000,0,70.4672801818424,237.70507460621087,49.19825174141311,9,0.8999999999999999,1.8420893892960224,40,D_pmar=0.054_dist=500_repair_6_males=6_nmar=5,6,5
0.054,7,1000,500,72.77424627753659,204.98181744462468,79.2554508136364,14,1.4,1.8055555555555551,40,D_pmar=0.054_dist=500_repair_6_males=6_nmar=5,6,5
0.054,13,0,0,66.5377482649736,217.0078488960144,73.10547123999433,15,1.5000000000000002,1.8878784533820372,410,D_pmar=0.054_dist=500_repair_6_males=6_nmar=5,6,5
0.054,9,0,500,70.57295054034219,219.54660071145184,67.09179707085394,11,1.1,1.957322897826482,410,D_pmar=0.054_dist=500_repair_6_males=6_nmar=5,6,5
0.054,6,500,0,71.96000955599655,221.9264276433003,63.15545373251341,12,1.2,1.8062149338218427,410,D_pmar=0.054_dist=500_repair_6_males=6_nmar=5,6,5
0.054,12,500,500,71.64920059905806,206.63876606974443,79.2700161702117,12,1.2,1.3425925925925923,410,D_pmar=0.054_dist=500_repair_6_males=6_nmar=5,6,5
0,9,1000,0,68.98741400264524,236.4146589222734,54.66457837844649,0,0,0,410,D_pmar=0.054_dist=500_repair_6_males=6_nmar=5,6,5
0.054,5,1000,500,69.20187326649632,275.60322746451527,12.334385651613127,8,0.7999999999999999,2.3105741616028546,410,D_pmar=0.054_dist=500_repair_6_males=6_nmar=5,6,5
0.054,10,0,0,71.19995409917507,260.58055179086824,24.394393581179425,13,1.3,2.6498179619212907,411,D_pmar=0.054_dist=500_repair_6_males=6_nmar=5,6,5
0.054,9,0,500,70.97446105844962,266.8153793117781,18.441469788862793,12,1.2,2.6930842946682705,411,D_pmar=0.054_dist=500_repair_6_males=6_nmar=5,6,5
0.054,7,500,0,67.96894074677208,234.07185288770256,54.860502635513505,10,1,2.109090240097409,411,D_pmar=0.054_dist=500_repair_6_males=6_nmar=5,6,5
0,5,500,500,67.33008489746864,196.7938680298763,95.92134370095182,0,0,0,411,D_pmar=0.054_dist=500_repair_6_males=6_nmar=5,6,5
0.054,6,1000,0,68.79688550469004,251.84742855197183,35.742598541336264,11,1.1,2.6360110713955827,411,D_pmar=0.054_dist=500_repair_6_males=6_nmar=5,6,5
0.054,17,1000,500,72.29500108038103,187.59796633062768,97.84650332913417,8,0.7999999999999999,1.7361111111111107,411,D_pmar=0.054_dist=500_repair_6_males=6_nmar=5,6,5
0.054,8,0,0,71.13807030026523,206.6831872255391,79.29162946785375,12,1.2,1.834979764542196,412,D_pmar=0.054_dist=500_repair_6_males=6_nmar=5,6,5
0.054,5,0,500,71.81859323938934,223.9868934008248,60.859345977796416,15,1.5000000000000002,2.001669813773138,412,D_pmar=0.054_dist=500_repair_6_males=6_nmar=5,6,5
0.054,9,500,0,70.4223402561099,249.92749712970055,36.51190333544444,14,1.4,1.9087000954332336,412,D_pmar=0.054_dist=500_repair_6_males=6_nmar=5,6,5
0.054,18,500,500,71.88903898379449,236.57771940200203,49.16914705211497,9,0.8999999999999999,1.7043383564344792,412,D_pmar=0.054_dist=500_repair_6_males=6_nmar=5,6,5
0.054,7,1000,0,70.93073782768637,219.0942805354801,67.46225128463098,10,1,1.6620136544727615,412,D_pmar=0.054_dist=500_repair_6_males=6_nmar=5,6,5
0,7,1000,500,72.39407160608437,214.5599368197817,73.0464397591074,0,0,0,412,D_pmar=0.054_dist=500_repair_6_males=6_nmar=5,6,5
0,9,0,0,67.03054821511368,219.90000347307185,73.27155722211877,0,0,0,413,D_pmar=0.054_dist=500_repair_6_males=6_nmar=5,6,5
0.054,9,0,500,70.37283480709445,232.182162276084,54.89770740071607,9,0.8999999999999999,1.8158032107286275,413,D_pmar=0.054_dist=500_repair_6_males=6_nmar=5,6,5
0.054,7,500,0,71.209046776424,158.68961672715506,128.29964351605798,5,0.5,1.4846195119007275,413,D_pmar=0.054_dist=500_repair_6_males=6_nmar=5,6,5
0.054,10,500,500,72.01305490738368,198.99389963406784,85.60622808513195,13,1.3,2.151414942059127,413,D_pmar=0.054_dist=500_repair_6_males=6_nmar=5,6,5
0.054,10,1000,0,68.90608351200154,238.15712277638343,48.430178510129025,21,2.1000000000000005,2.4252211255023277,413,D_pmar=0.054_dist=500_repair_6_males=6_nmar=5,6,5
0.054,9,1000,500,70.74707827997659,254.31513866514135,30.6822547845659,21,2.1000000000000005,2.3543565725115623,413,D_pmar=0.054_dist=500_repair_6_males=6_nmar=5,6,5
0.054,16,0,0,72.67645912079405,210.6590755843944,73.01210549675032,16,1.6000000000000003,2.112380416572663,414,D_pmar=0.054_dist=500_repair_6_males=6_nmar=5,6,5
0.054,11,0,500,65.9052395912841,248.23171860259052,42.76070083858429,13,1.3,1.944444444444444,414,D_pmar=0.054_dist=500_repair_6_males=6_nmar=5,6,5
0,8,500,0,69.97449423391912,233.53964713661875,56.49149199611219,0,0,0,414,D_pmar=0.054_dist=500_repair_6_males=6_nmar=5,6,5
0.054,7,500,500,71.55399611141485,194.29067741433985,91.52239068259802,11,1.1,1.6620136544727615,414,D_pmar=0.054_dist=500_repair_6_males=6_nmar=5,6,5
0.054,6,1000,0,71.5053345421728,248.8444499300548,36.26404988166831,11,1.1,2.615769495189966,414,D_pmar=0.054_dist=500_repair_6_males=6_nmar=5,6,5
0.054,6,1000,500,69.91455232306731,221.6045497301193,65.7930136554817,10,1,1.8415821570857411,414,D_pmar=0.054_dist=500_repair_6_males=6_nmar=5,6,5
0.054,3,0,0,69.51588977181103,220.60443182584115,66.8689818100792,10,1,2.166619901538117,415,D_pmar=0.054_dist=500_repair_6_males=6_nmar=5,6,5
0.054,13,0,500,70.54537990174177,242.5746443195153,43.12012216072895,19,1.9000000000000008,2.0456396039724822,415,D_pmar=0.054_dist=500_repair_6_males=6_nmar=5,6,5
0.054,8,500,0,71.22695428854948,218.91447716746197,67.02365677875851,10,1,1.8518518518518512,415,D_pmar=0.054_dist=500_repair_6_males=6_nmar=5,6,5
0.054,13,500,500,71.16153316724835,250.0838141232052,34.601780171447835,16,1.6000000000000003,2.6158488076106736,415,D_pmar=0.054_dist=500_repair_6_males=6_nmar=5,6,5
0,7,1000,0,72.23467797485976,220.33043391760393,67.48064596233824,0,0,0,415,D_pmar=0.054_dist=500_repair_6_males=6_nmar=5,6,5
0.054,10,1000,500,70.23952195340058,177.44967376616356,109.70724138708508,9,0.8999999999999999,1.7139266333412633,415,D_pmar=0.054_dist=500_repair_6_males=6_nmar=5,6,5
0.054,9,0,0,70.68505325709614,237.1799186303819,48.77709572423013,13,1.3,2.192775973642544,416,D_pmar=0.054_dist=500_repair_6_males=6_nmar=5,6,5
0.054,10,0,500,70.64626394843624,189.73320564346065,97.41466785525768,7,0.7,1.5327130424906577,416,D_pmar=0.054_dist=500_repair_6_males=6_nmar=5,6,5
0.054,13,500,0,70.85946148209528,206.78182662771545,79.46522656885102,15,1.5000000000000002,1.498331529198098,416,D_pmar=0.054_dist=500_repair_6_males=6_nmar=5,6,5
0.054,7,500,500,73.85118313136793,234.14183311875124,48.54573581544853,15,1.5000000000000002,2.1246502857306733,416,D_pmar=0.054_dist=500_repair_6_males=6_nmar=5,6,5
0,10,1000,0,72.16631633715994,220.64926009978504,67.32706779953095,0,0,0,416,D_pmar=0.054_dist=500_repair_6_males=6_nmar=5,6,5
0.054,5,1000,500,72.6468507594578,253.59966750273867,30.331491510270755,12,1.2,2.2562994434027694,416,D_pmar=0.054_dist=500_repair_6_males=6_nmar=5,6,5
0.054,11,0,0,71.37678007501793,242.01618778993955,42.8684715777208,18,1.8000000000000005,2.0193534254050873,417,D_pmar=0.054_dist=500_repair_6_males=6_nmar=5,6,5
0.054,10,0,500,71.02022498135183,188.86468768995576,97.64783917914416,9,0.8999999999999999,1.6659852488073403,417,D_pmar=0.054_dist=500_repair_6_males=6_nmar=5,6,5
0.054,13,500,0,72.15967014254265,230.06718847493397,54.730756964016535,12,1.2,2.0069093705980316,417,D_pmar=0.054_dist=500_repair_6_males=6_nmar=5,6,5
0.054,8,500,500,65.74342816410847,236.81354861791124,54.948507469182715,10,1,1.6721312031828652,417,D_pmar=0.054_dist=500_repair_6_males=6_nmar=5,6,5
0.054,4,1000,0,73.63342210043501,240.46459512533005,42.61630704550669,10,1,2.3144156494744657,417,D_pmar=0.054_dist=500_repair_6_males=6_nmar=5,6,5
0,8,1000,500,66.52644623178293,226.4813870400854,67.20010550259049,0,0,0,417,D_pmar=0.054_dist=500_repair_6_males=6_nmar=5,6,5
0.054,10,0,0,72.44729076508742,223.4952442402734,61.1379115360863,12,1.2,1.9267608328124948,418,D_pmar=0.054_dist=500_repair_6_males=6_nmar=5,6,5
0.054,9,0,500,71.82033828034807,224.21280807137387,61.15471169402986,10,1,1.91034518367086,418,D_pmar=0.054_dist=500_repair_6_males=6_nmar=5,6,5
0,8,500,0,69.4222846492809,235.63547389123883,54.96928198052063,0,0,0,418,D_pmar=0.054_dist=500_repair_6_males=6_nmar=5,6,5
0.054,7,500,500,67.96100302269255,258.80634649779347,30.61913802861384,9,0.8999999999999999,1.7394012875863636,418,D_pmar=0.054_dist=500_repair_6_males=6_nmar=5,6,5
0.054,12,1000,0,73.40568355941932,235.02309722821124,48.75195328719572,10,1,2.081361913390655,418,D_pmar=0.054_dist=500_repair_6_males=6_nmar=5,6,5
0.054,8,1000,500,69.49883704819624,232.880179355621,54.803605140992126,10,1,1.9318482435813813,418,D_pmar=0.054_dist=500_repair_6_males=6_nmar=5,6,5
0,15,0,0,71.5731150850836,227.31568470404864,61.14991846461124,0,0,0,419,D_pmar=0.054_dist=500_repair_6_males=6_nmar=5,6,5
0.054,5,0,500,69.26378380817181,232.95805147253975,55.1550977383287,8,0.7999999999999999,1.9972990540982083,419,D_pmar=0.054_dist=500_repair_6_males=6_nmar=5,6,5
0.054,6,500,0,69.8714931602235,238.49549265421507,48.86561852278566,11,1.1,2.058822349466534,419,D_pmar=0.054_dist=500_repair_6_males=6_nmar=5,6,5
0.054,1,500,500,69.03083433228605,269.67771382324463,18.1111845584707,12,1.2,2.0425015735532357,419,D_pmar=0.054_dist=500_repair_6_males=6_nmar=5,6,5
0.054,14,1000,0,69.9679494367159,201.86735650263165,85.84982487317768,10,1,1.5485994198289732,419,D_pmar=0.054_dist=500_repair_6_males=6_nmar=5,6,5
0.054,13,1000,500,72.76890735626125,242.27241828519888,42.610719329153845,10,1,1.3498543634024247,419,D_pmar=0.054_dist=500_repair_6_males=6_nmar=5,6,5
0.054,9,0,0,73.63965141984684,197.53054089170905,85.60085530796364,15,1.5000000000000002,1.8776087586159271,41,D_pmar=0.054_dist=500_repair_6_males=6_nmar=5,6,5
0,5,0,500,75.03549960623506,224.15268015322795,60.83907519657727,0,0,0,41,D_pmar=0.054_dist=500_repair_6_males=6_nmar=5,6,5
0.054,4,500,0,75.36612549340063,201.3294984788768,79.7272408370485,14,1.4,2.4037180655918053,41,D_pmar=0.054_dist=500_repair_6_males=6_nmar=5,6,5
0.054,10,500,500,72.38553867160483,253.27887379536952,30.68154290867165,14,1.4,2.3194457874156833,41,D_pmar=0.054_dist=500_repair_6_males=6_nmar=5,6,5
0.054,19,1000,0,73.11420328421181,235.19012068301592,48.558192535100154,14,1.4,1.881580352950506,41,D_pmar=0.054_dist=500_repair_6_males=6_nmar=5,6,5
0.054,7,1000,500,70.97810495570887,198.51433111493057,87.94524848209583,8,0.7999999999999999,1.839632776736101,41,D_pmar=0.054_dist=500_repair_6_males=6_nmar=5,6,5
0.054,6,0,0,70.33591764475628,237.4996401240016,48.95673270519474,11,1.1,2.2145612860720405,420,D_pmar=0.054_dist=500_repair_6_males=6_nmar=5,6,5
0.054,22,0,500,71.77249312314095,223.53598759466,61.938397064572754,12,1.2,1.782407407407407,420,D_pmar=0.054_dist=500_repair_6_males=6_nmar=5,6,5
0.054,5,500,0,70.2352713145699,237.56801499366685,48.78621498860713,11,1.1,2.3319471150504083,420,D_pmar=0.054_dist=500_repair_6_males=6_nmar=5,6,5
0.054,7,500,500,74.49719166469909,197.3914685525571,85.16891956399506,12,1.2,1.7866612542609612,420,D_pmar=0.054_dist=500_repair_6_males=6_nmar=5,6,5
0,8,1000,0,70.03216162722107,247.35819108228137,42.64042731638808,0,0,0,420,D_pmar=0.054_dist=500_repair_6_males=6_nmar=5,6,5
0.054,6,1000,500,72.01252443997855,230.24971761806896,55.14225329046616,11,1.1,1.5332423142939764,420,D_pmar=0.054_dist=500_repair_6_males=6_nmar=5,6,5
0.054,15,0,0,71.4776126277645,236.98249474101328,48.73570030892543,10,1,1.962939580398687,421,D_pmar=0.054_dist=500_repair_6_males=6_nmar=5,6,5
0.054,5,0,500,73.35786139606732,216.99330831943288,67.18524091992636,8,0.7999999999999999,1.8597730009279712,421,D_pmar=0.054_dist=500_repair_6_males=6_nmar=5,6,5
0.054,5,500,0,72.26607552945075,222.4726913268537,61.4530328633098,18,1.8000000000000005,2.095378222800039,421,D_pmar=0.054_dist=500_repair_6_males=6_nmar=5,6,5
0.054,11,500,500,67.83244740604044,227.303561083579,61.083722781321384,11,1.1,2.705303369784021,421,D_pmar=0.054_dist=500_repair_6_males=6_nmar=5,6,5
0.054,11,1000,0,72.33633576225182,180.97904870282173,103.13440819918095,18,1.8000000000000005,1.7625494357345122,421,D_pmar=0.054_dist=500_repair_6_males=6_nmar=5,6,5
0,7,1000,500,71.5255516973534,240.13488522945676,48.508006686202535,0,0,0,421,D_pmar=0.054_dist=500_repair_6_males=6_nmar=5,6,5
0.054,6,0,0,68.75119851492028,246.14357238217215,42.480427796259,7,0.7,2.085942091949261,422,D_pmar=0.054_dist=500_repair_6_males=6_nmar=5,6,5
0,10,0,500,69.44472886556767,229.24478432830335,61.32164132142729,0,0,0,422,D_pmar=0.054_dist=500_repair_6_males=6_nmar=5,6,5
0.054,8,500,0,71.22432373481685,236.39825649917233,48.8829793941243,15,1.5000000000000002,1.9955238593976132,422,D_pmar=0.054_dist=500_repair_6_males=6_nmar=5,6,5
0.054,5,500,500,72.75842661615275,229.357132133323,54.854690281439034,11,1.1,2.085108528033929,422,D_pmar=0.054_dist=500_repair_6_males=6_nmar=5,6,5
0.054,8,1000,0,72.09300166225194,228.44129061672004,56.03991280593678,13,1.3,2.232774169507309,422,D_pmar=0.054_dist=500_repair_6_males=6_nmar=5,6,5
0.054,17,1000,500,70.75898979136589,213.25899199577063,73.20344853175854,10,1,1.7985760372646982,422,D_pmar=0.054_dist=500_repair_6_males=6_nmar=5,6,5
0.054,10,0,0,71.6471556660395,229.6298437581549,55.70715346953503,13,1.3,1.8549898822710975,423,D_pmar=0.054_dist=500_repair_6_males=6_nmar=5,6,5
0.054,6,0,500,70.81515767478695,231.40591576176263,54.77876540202394,12,1.2,1.891393609548596,423,D_pmar=0.054_dist=500_repair_6_males=6_nmar=5,6,5
0.054,11,500,0,72.52345014584057,254.99279676704057,30.41388526554429,8,0.7999999999999999,1.604483993032054,423,D_pmar=0.054_dist=500_repair_6_males=6_nmar=5,6,5
0.054,10,500,500,70.85857999701496,231.36860255817336,54.709107294430694,15,1.5000000000000002,1.812135908506062,423,D_pmar=0.054_dist=500_repair_6_males=6_nmar=5,6,5
0.054,6,1000,0,69.28592612680899,195.72379435247865,92.33225386957196,10,1,1.6676303370449674,423,D_pmar=0.054_dist=500_repair_6_males=6_nmar=5,6,5
0,11,1000,500,68.21549719530798,236.95833848698857,55.01344343923206,0,0,0,423,D_pmar=0.054_dist=500_repair_6_males=6_nmar=5,6,5
0.054,6,0,0,70.86012030875426,206.83547372545561,79.55102827954548,13,1.3,1.5740740740740735,424,D_pmar=0.054_dist=500_repair_6_males=6_nmar=5,6,5
0.054,18,0,500,72.46726144458727,241.4626176120156,42.65964143762857,16,1.6000000000000003,1.837610562751162,424,D_pmar=0.054_dist=500_repair_6_males=6_nmar=5,6,5
0.054,6,500,0,67.9852287359867,258.19894430948574,30.67778193595362,11,1.1,2.1610032189659116,424,D_pmar=0.054_dist=500_repair_6_males=6_nmar=5,6,5
0,6,500,500,70.17105775983275,228.71319655980489,61.259817877815934,0,0,0,424,D_pmar=0.054_dist=500_repair_6_males=6_nmar=5,6,5
0.054,6,1000,0,69.44444810846298,232.50531724678015,54.93728302002877,7,0.7,2.450014361888103,424,D_pmar=0.054_dist=500_repair_6_males=6_nmar=5,6,5
0.054,12,1000,500,71.34795864486247,212.6088662062042,73.35038016903832,10,1,1.7913142664548658,424,D_pmar=0.054_dist=500_repair_6_males=6_nmar=5,6,5
0,8,0,0,72.27125540702482,201.81914115123695,85.98759234531407,0,0,0,425,D_pmar=0.054_dist=500_repair_6_males=6_nmar=5,6,5
0.054,8,0,500,72.34740420946484,241.44732688714964,43.00199976581547,12,1.2,2.2197215304762254,425,D_pmar=0.054_dist=500_repair_6_males=6_nmar=5,6,5
0.054,14,500,0,69.67437915188525,207.70466732433252,79.69176193713189,9,0.8999999999999999,2.0419723017499165,425,D_pmar=0.054_dist=500_repair_6_males=6_nmar=5,6,5
0.054,6,500,500,71.7397904657377,255.06372919679393,30.54051895737266,5,0.5,2.2694821888968213,425,D_pmar=0.054_dist=500_repair_6_males=6_nmar=5,6,5
0.054,11,1000,0,69.51357721933347,244.2356672798731,42.59998517267152,18,1.8000000000000005,2.0859420919492613,425,D_pmar=0.054_dist=500_repair_6_males=6_nmar=5,6,5
0.054,7,1000,500,71.8678191157745,217.96193961632576,67.40483869839791,13,1.3,1.6952793513310132,425,D_pmar=0.054_dist=500_repair_6_males=6_nmar=5,6,5
0.054,4,0,0,69.72459586389891,213.54590587673303,73.06884594679764,16,1.6000000000000003,2.2124597596663937,426,D_pmar=0.054_dist=500_repair_6_males=6_nmar=5,6,5
0.054,15,0,500,71.47328998911026,206.77562114837647,78.82482864682932,9,0.8999999999999999,2.097704728896991,426,D_pmar=0.054_dist=500_repair_6_males=6_nmar=5,6,5
0.054,11,500,0,69.97695351445287,208.01119645840637,79.37117573499424,12,1.2,1.4887432522913135,426,D_pmar=0.054_dist=500_repair_6_males=6_nmar=5,6,5
0.054,9,500,500,73.07206021447587,253.28331384510537,30.445969111392472,11,1.1,2.1228750910300787,426,D_pmar=0.054_dist=500_repair_6_males=6_nmar=5,6,5
0,3,1000,0,76.15878329699444,241.32849658621583,42.735353999700635,0,0,0,426,D_pmar=0.054_dist=500_repair_6_males=6_nmar=5,6,5
0.054,12,1000,500,67.92581195359207,221.33924436150224,67.00462844465014,13,1.3,2.573016873438677,426,D_pmar=0.054_dist=500_repair_6_males=6_nmar=5,6,5
0.054,13,0,0,70.0025526459514,255.8934445824123,30.41590426199312,15,1.5000000000000002,2.3333099507690593,427,D_pmar=0.054_dist=500_repair_6_males=6_nmar=5,6,5
0.054,11,0,500,69.80628310976434,227.8056393786325,59.3042148407349,12,1.2,1.944444444444444,427,D_pmar=0.054_dist=500_repair_6_males=6_nmar=5,6,5
0.054,2,500,0,71.50100069069259,230.12496676690577,54.91018835090421,11,1.1,2.486700341684576,427,D_pmar=0.054_dist=500_repair_6_males=6_nmar=5,6,5
0,7,500,500,73.00527684602059,199.31461675744373,87.83746363352678,0,0,0,427,D_pmar=0.054_dist=500_repair_6_males=6_nmar=5,6,5
0.054,15,1000,0,71.6583416440858,188.08593318677225,97.38647723859197,13,1.3,1.6348939119900348,427,D_pmar=0.054_dist=500_repair_6_males=6_nmar=5,6,5
0.054,6,1000,500,71.53833637219738,205.97726997512473,79.10094989136283,17,1.7000000000000004,1.785545437826653,427,D_pmar=0.054_dist=500_repair_6_males=6_nmar=5,6,5
0.054,11,0,0,68.12779140220837,203.72065423428097,85.65335720013938,10,1,1.5790093387869537,428,D_pmar=0.054_dist=500_repair_6_males=6_nmar=5,6,5
0.054,4,0,500,75.15232998108718,257.11557461256103,24.549305543318496,12,1.2,2.3176265135290115,428,D_pmar=0.054_dist=500_repair_6_males=6_nmar=5,6,5
0,6,500,0,66.94937262873496,231.8652286556532,61.218389148450775,0,0,0,428,D_pmar=0.054_dist=500_repair_6_males=6_nmar=5,6,5
0.054,11,500,500,68.93487458610507,188.978432151609,98.70913917273644,14,1.4,1.9907407407407405,428,D_pmar=0.054_dist=500_repair_6_males=6_nmar=5,6,5
0.054,14,1000,0,70.44460863028543,213.41800080435,73.2605478060952,9,0.8999999999999999,2.032231878787125,428,D_pmar=0.054_dist=500_repair_6_males=6_nmar=5,6,5
0.054,8,1000,500,71.5938870160307,247.92596761071084,36.43888782360314,18,1.8000000000000005,2.2502835954902136,428,D_pmar=0.054_dist=500_repair_6_males=6_nmar=5,6,5
0,6,0,0,72.20222107298241,208.8837443905252,79.05384058023908,0,0,0,429,D_pmar=0.054_dist=500_repair_6_males=6_nmar=5,6,5
0.054,14,0,500,72.5121411634041,182.58604833749044,102.1562929782518,12,1.2,1.6563969719005558,429,D_pmar=0.054_dist=500_repair_6_males=6_nmar=5,6,5
0.054,9,500,0,70.22326547959123,237.61896413543337,48.48556550114759,13,1.3,2.407081075702358,429,D_pmar=0.054_dist=500_repair_6_males=6_nmar=5,6,5
0.054,7,500,500,69.99351653301669,262.1321711962549,23.617305853697133,17,1.7000000000000004,2.57585061174591,429,D_pmar=0.054_dist=500_repair_6_males=6_nmar=5,6,5
0.054,13,1000,0,68.94090632632918,208.62899560789091,79.71439359013831,10,1,1.921296296296296,429,D_pmar=0.054_dist=500_repair_6_males=6_nmar=5,6,5
0.054,4,1000,500,73.00834485354635,228.86038438620193,54.41391722022507,12,1.2,2.6368446353109154,429,D_pmar=0.054_dist=500_repair_6_males=6_nmar=5,6,5
0.054,13,0,0,72.81599491296575,228.2925861965731,55.327216471880355,13,1.3,2.328656938575156,42,D_pmar=0.054_dist=500_repair_6_males=6_nmar=5,6,5
0.054,10,0,500,70.21062157090162,219.06749831149165,66.91911164265129,15,1.5000000000000002,2.327693268196854,42,D_pmar=0.054_dist=500_repair_6_males=6_nmar=5,6,5
0.054,6,500,0,70.74763091774271,188.8364712547862,97.45624554263976,13,1.3,1.8341682402199024,42,D_pmar=0.054_dist=500_repair_6_males=6_nmar=5,6,5
0,6,500,500,67.9846364823544,261.6022706816005,30.65751736399913,0,0,0,42,D_pmar=0.054_dist=500_repair_6_males=6_nmar=5,6,5
0.054,10,1000,0,71.29887168511902,192.4376872959943,93.09936720842644,15,1.5000000000000002,1.675573525714125,42,D_pmar=0.054_dist=500_repair_6_males=6_nmar=5,6,5
0.054,9,1000,500,70.06401246371946,213.84882780993067,73.253396400158607,13,1.3,1.7106364568660104,42,D_pmar=0.054_dist=500_repair_6_males=6_nmar=5,6,5
0.054,13,0,0,67.47551905690041,263.8311207835632,24.57541468633421,16,1.6000000000000003,2.5928748451115715,430,D_pmar=0.054_dist=500_repair_6_males=6_nmar=5,6,5
0.054,11,0,500,72.4081452853243,236.832828720657,47.27017921606391,12,1.2,2.436809576801013,430,D_pmar=0.054_dist=500_repair_6_males=6_nmar=5,6,5
0.054,4,500,0,68.83559897852331,179.66104966223577,108.67028607735595,10,1,1.8741664360846673,430,D_pmar=0.054_dist=500_repair_6_males=6_nmar=5,6,5
0,9,500,500,72.59932952049809,208.4266967825465,79.08879395140693,0,0,0,430,D_pmar=0.054_dist=500_repair_6_males=6_nmar=5,6,5
0.054,10,1000,0,71.26671306719535,199.9455493933333,85.87903789434121,12,1.2,1.7721377126412967,430,D_pmar=0.054_dist=500_repair_6_males=6_nmar=5,6,5
0.054,7,1000,500,74.76802440879139,250.8302504391781,30.501348545452583,12,1.2,2.7198489509967247,430,D_pmar=0.054_dist=500_repair_6_males=6_nmar=5,6,5
0.054,5,0,0,75.77473093514938,235.31890742751108,45.304623012919265,14,1.4,2.3534501749609293,431,D_pmar=0.054_dist=500_repair_6_males=6_nmar=5,6,5
0,6,0,500,70.81592898364916,240.02771824462673,49.178171061120594,0,0,0,431,D_pmar=0.054_dist=500_repair_6_males=6_nmar=5,6,5
0.054,9,500,0,72.17749612491808,193.65906355477995,91.46894562124844,12,1.2,1.5133843426210811,431,D_pmar=0.054_dist=500_repair_6_males=6_nmar=5,6,5
0.054,13,500,500,67.1039839909624,246.26640201999285,42.880925591200395,15,1.5000000000000002,2.356458098917209,431,D_pmar=0.054_dist=500_repair_6_males=6_nmar=5,6,5
0.054,13,1000,0,74.06375451915638,191.91874863354175,91.72232987766984,8,0.7999999999999999,1.589279033553064,431,D_pmar=0.054_dist=500_repair_6_males=6_nmar=5,6,5
0.054,8,1000,500,72.7773638102584,222.164442376615,61.20684363986757,15,1.5000000000000002,2.4222132015460485,431,D_pmar=0.054_dist=500_repair_6_males=6_nmar=5,6,5
0.054,7,0,0,69.71080090703809,262.860462058985,24.27234820075237,9,0.8999999999999999,2.292630337044969,432,D_pmar=0.054_dist=500_repair_6_males=6_nmar=5,6,5
0.054,6,0,500,69.31971086454676,260.9330871448171,24.230913063864524,24,2.400000000000001,3.4421805830601153,432,D_pmar=0.054_dist=500_repair_6_males=6_nmar=5,6,5
0.054,16,500,0,70.75220349732031,200.7093661744507,85.86384277981581,12,1.2,1.7466630583961962,432,D_pmar=0.054_dist=500_repair_6_males=6_nmar=5,6,5
0,7,500,500,69.28585215812308,217.4016681507287,73.42183934743171,0,0,0,432,D_pmar=0.054_dist=500_repair_6_males=6_nmar=5,6,5
0.054,6,1000,0,68.63107145181081,235.49477644995284,53.510865441774754,7,0.7,1.734821109027758,432,D_pmar=0.054_dist=500_repair_6_males=6_nmar=5,6,5
0.054,12,1000,500,71.4590073474475,182.46312430379325,104.20709036132416,8,0.7999999999999999,1.238085216996263,432,D_pmar=0.054_dist=500_repair_6_males=6_nmar=5,6,5
0.054,8,0,0,71.65838098937934,242.05605418215924,42.63087956746516,14,1.4,2.421249531167749,433,D_pmar=0.054_dist=500_repair_6_males=6_nmar=5,6,5
0.054,6,0,500,75.0458687315718,221.5857598049027,61.130220794381,6,0.6,1.6974316717789208,433,D_pmar=0.054_dist=500_repair_6_males=6_nmar=5,6,5
0.054,6,500,0,70.1926710441221,273.67966718758896,12.333675555851023,15,1.5000000000000002,2.44872435980475,433,D_pmar=0.054_dist=500_repair_6_males=6_nmar=5,6,5
0,10,500,500,68.66864048896159,200.14391992221505,91.33688348213266,0,0,0,433,D_pmar=0.054_dist=500_repair_6_males=6_nmar=5,6,5
0.054,14,1000,0,68.78384899253021,226.75215138008352,61.75099562861454,12,1.2,1.5332423142939762,433,D_pmar=0.054_dist=500_repair_6_males=6_nmar=5,6,5
0.054,10,1000,500,71.89957348152672,209.02616302210373,76.50496365108775,10,1,1.5850031471064716,433,D_pmar=0.054_dist=500_repair_6_males=6_nmar=5,6,5
0,4,0,0,74.43715568187517,266.8872339331029,18.727317400128992,0,0,0,434,D_pmar=0.054_dist=500_repair_6_males=6_nmar=5,6,5
0.054,11,0,500,72.47593476416205,235.73555062930893,48.868295187709506,10,1,2.005112136304398,434,D_pmar=0.054_dist=500_repair_6_males=6_nmar=5,6,5
0.054,8,500,0,70.9894577807738,223.4806800505532,62.640467357191554,10,1,2.0029377762634524,434,D_pmar=0.054_dist=500_repair_6_males=6_nmar=5,6,5
0.054,8,500,500,69.69390785414178,256.9060096896454,30.48523219844769,8,0.7999999999999999,2.1170334287665673,434,D_pmar=0.054_dist=500_repair_6_males=6_nmar=5,6,5
0.054,8,1000,0,70.50658223713475,200.47903867004587,85.88134959310233,13,1.3,1.9080186775739072,434,D_pmar=0.054_dist=500_repair_6_males=6_nmar=5,6,5
0.054,15,1000,500,73.86460025802903,191.75372553255525,91.41812432314111,15,1.5000000000000002,1.6898148148148144,434,D_pmar=0.054_dist=500_repair_6_males=6_nmar=5,6,5
0,12,0,0,71.31411870141734,174.31588720058815,114.4884887914378,0,0,0,435,D_pmar=0.054_dist=500_repair_6_males=6_nmar=5,6,5
0.054,8,0,500,69.21693065373667,220.01994161912535,67.76496928776355,11,1.1,1.9996475997881993,435,D_pmar=0.054_dist=500_repair_6_males=6_nmar=5,6,5
0.054,12,500,0,72.45701847283391,258.6876592286291,24.541299055254154,16,1.6000000000000003,3.0436187329587883,435,D_pmar=0.054_dist=500_repair_6_males=6_nmar=5,6,5
0.054,3,500,500,74.97968064039567,208.24119259314543,73.16861512723933,11,1.1,2.5777999920955494,435,D_pmar=0.054_dist=500_repair_6_males=6_nmar=5,6,5
0.054,10,1000,0,70.25725149048904,237.27438224038377,49.069586004743734,15,1.5000000000000002,1.9267608328124943,435,D_pmar=0.054_dist=500_repair_6_males=6_nmar=5,6,5
0.054,9,1000,500,68.85265737674699,227.45979058629496,60.893428817058506,11,1.1,1.9680998248028727,435,D_pmar=0.054_dist=500_repair_6_males=6_nmar=5,6,5
0.054,11,0,0,73.40113075397045,191.76786949339564,91.94433493469126,14,1.4,1.5175080830116674,436,D_pmar=0.054_dist=500_repair_6_males=6_nmar=5,6,5
0.054,7,0,500,74.57469753973704,211.45156509180717,71.24948817541551,12,1.2,1.6276321411802022,436,D_pmar=0.054_dist=500_repair_6_males=6_nmar=5,6,5
0.054,7,500,0,70.59471294980358,230.6008709994752,54.93820499642178,17,1.7000000000000004,2.1822019867644196,436,D_pmar=0.054_dist=500_repair_6_males=6_nmar=5,6,5
0.054,11,500,500,71.58025646305961,244.05793120532553,41.78141581500053,7,0.7,2.0297532266341665,436,D_pmar=0.054_dist=500_repair_6_males=6_nmar=5,6,5
0,7,1000,0,69.94113859980948,217.23927685640567,72.90144603607577,0,0,0,436,D_pmar=0.054_dist=500_repair_6_males=6_nmar=5,6,5
0.054,11,1000,500,68.02008494827832,245.96924168355704,42.759635280911205,12,1.2,2.3324763868537284,436,D_pmar=0.054_dist=500_repair_6_males=6_nmar=5,6,5
0,2,0,0,70.17980569196479,222.67877164159225,67.16775477194383,0,0,0,437,D_pmar=0.054_dist=500_repair_6_males=6_nmar=5,6,5
0.054,12,0,500,68.07174471447894,227.62156438637513,60.989616625208264,15,1.5000000000000002,1.9702013512085197,437,D_pmar=0.054_dist=500_repair_6_males=6_nmar=5,6,5
0.054,7,500,0,69.78982278325823,243.53241090958713,42.6085500484816,16,1.6000000000000003,2.4932454614004524,437,D_pmar=0.054_dist=500_repair_6_males=6_nmar=5,6,5
0.054,5,500,500,71.03100990868357,237.3242161899336,48.727547032356824,8,0.7999999999999999,2.229461953439017,437,D_pmar=0.054_dist=500_repair_6_males=6_nmar=5,6,5
0.054,9,1000,0,68.01115580219849,240.40309973158557,48.95330060632359,9,0.8999999999999999,1.9564893339111495,437,D_pmar=0.054_dist=500_repair_6_males=6_nmar=5,6,5
0.054,19,1000,500,71.43510761398491,187.23621345181147,98.90687781571732,12,1.2,1.3194444444444442,437,D_pmar=0.054_dist=500_repair_6_males=6_nmar=5,6,5
0.054,7,0,0,66.3546630478611,205.5430112322905,85.67879681090204,10,1,1.5350395485876098,438,D_pmar=0.054_dist=500_repair_6_males=6_nmar=5,6,5
0.054,7,0,500,73.02609138227785,250.24602340571252,32.84013177351149,16,1.6000000000000003,2.6130879029387404,438,D_pmar=0.054_dist=500_repair_6_males=6_nmar=5,6,5
0.054,8,500,0,69.76158758948276,230.712143656731,56.00745126201099,14,1.4,2.12962962962963,438,D_pmar=0.054_dist=500_repair_6_males=6_nmar=5,6,5
0,10,500,500,69.81975068995116,224.82698252249097,65.36403768225992,0,0,0,438,D_pmar=0.054_dist=500_repair_6_males=6_nmar=5,6,5
0.054,12,1000,0,70.80185698633977,231.2910925535805,55.101733737170576,9,0.8999999999999999,1.9492275631013172,438,D_pmar=0.054_dist=500_repair_6_males=6_nmar=5,6,5
0.054,10,1000,500,69.67501878196832,238.80961406165787,48.60474756513564,9,0.8999999999999999,2.073570870777504,438,D_pmar=0.054_dist=500_repair_6_males=6_nmar=5,6,5
0,5,0,0,73.9987027590951,219.33426821672077,66.68606120168768,0,0,0,439,D_pmar=0.054_dist=500_repair_6_males=6_nmar=5,6,5
0.054,17,0,500,69.47060905593561,239.4579657581265,48.69775022700139,9,0.8999999999999999,1.5988673104598483,439,D_pmar=0.054_dist=500_repair_6_males=6_nmar=5,6,5
0.054,10,500,0,69.25400426242905,229.77319902179713,57.340277298910856,14,1.4,2.2962976392675354,439,D_pmar=0.054_dist=500_repair_6_males=6_nmar=5,6,5
0.054,7,500,500,69.70632641453247,250.76366316179977,36.68233804283029,9,0.8999999999999999,2.0583659112985133,439,D_pmar=0.054_dist=500_repair_6_males=6_nmar=5,6,5
0.054,10,1000,0,71.64413417200905,248.63880233004977,36.74787709877432,10,1,2.134542854749472,439,D_pmar=0.054_dist=500_repair_6_males=6_nmar=5,6,5
0.054,5,1000,500,69.8317418688642,214.20235198800972,73.17773925329871,11,1.1,1.737074781489412,439,D_pmar=0.054_dist=500_repair_6_males=6_nmar=5,6,5
0,11,0,0,75.94880728446599,223.2396226966302,60.890152366231874,0,0,0,43,D_pmar=0.054_dist=500_repair_6_males=6_nmar=5,6,5
0.054,11,0,500,67.43432319838467,239.83430102921005,49.59599418385209,13,1.3,1.862403799136937,43,D_pmar=0.054_dist=500_repair_6_males=6_nmar=5,6,5
0.054,8,500,0,70.09915056857112,249.9420925948135,37.3683496320568,10,1,1.819926951119213,43,D_pmar=0.054_dist=500_repair_6_males=6_nmar=5,6,5
0.054,7,500,500,66.14863733833397,225.88810454580835,65.00759434219131,11,1.1,1.8928137180949176,43,D_pmar=0.054_dist=500_repair_6_males=6_nmar=5,6,5
0.054,11,1000,0,72.7946675313712,222.88195299517224,61.48465234313534,11,1.1,1.7647237957754576,43,D_pmar=0.054_dist=500_repair_6_males=6_nmar=5,6,5
0.054,6,1000,500,70.62936523820629,225.57079847162456,60.990943307609285,11,1.1,2.060185185185185,43,D_pmar=0.054_dist=500_repair_6_males=6_nmar=5,6,5
0.054,15,0,0,69.78501050624739,232.44900030580808,55.142919968009295,11,1.1,1.538706850810175,440,D_pmar=0.054_dist=500_repair_6_males=6_nmar=5,6,5
0.054,9,0,500,71.3916148578313,183.04363144471813,103.70943886434716,5,0.5,1.497345819226759,440,D_pmar=0.054_dist=500_repair_6_males=6_nmar=5,6,5
0,11,500,0,70.92277188580925,203.66350784331485,85.56605914395959,0,0,0,440,D_pmar=0.054_dist=500_repair_6_males=6_nmar=5,6,5
0.054,2,500,500,67.99074506669773,276.3060957395902,12.064503608597336,14,1.4,2.460486996752479,440,D_pmar=0.054_dist=500_repair_6_males=6_nmar=5,6,5
0.054,13,1000,0,69.89948831425592,255.885864322924,30.3047156654472,16,1.6000000000000003,2.353979446764249,440,D_pmar=0.054_dist=500_repair_6_males=6_nmar=5,6,5
0.054,4,1000,500,70.4760721892144,231.9392126774893,54.838643121697665,10,1,1.7489895644931486,440,D_pmar=0.054_dist=500_repair_6_males=6_nmar=5,6,5
0.054,7,0,0,71.80336495029975,206.0724109973148,79.67657947069523,12,1.2,1.5446278254943944,441,D_pmar=0.054_dist=500_repair_6_males=6_nmar=5,6,5
0.054,20,0,500,66.70181551289889,227.86019154801517,62.90762030910384,10,1,1.6898148148148144,441,D_pmar=0.054_dist=500_repair_6_males=6_nmar=5,6,5
0.054,5,500,0,71.87361906263462,241.10263160216005,42.899366451465475,17,1.7000000000000004,2.6429905896864403,441,D_pmar=0.054_dist=500_repair_6_males=6_nmar=5,6,5
0,9,500,500,68.06344945222048,194.5323259703179,97.51712863350808,0,0,0,441,D_pmar=0.054_dist=500_repair_6_males=6_nmar=5,6,5
0.054,10,1000,0,73.59889176561542,210.12630930414576,73.7979857474461,7,0.7,1.9652660864956395,441,D_pmar=0.054_dist=500_repair_6_males=6_nmar=5,6,5
0.054,3,1000,500,69.21525332004333,267.48408893381423,18.375012002997995,16,1.6000000000000003,3.5514710773133182,441,D_pmar=0.054_dist=500_repair_6_males=6_nmar=5,6,5
0.054,7,0,0,72.18335402196476,236.32598810788545,48.90378586181319,9,0.8999999999999999,1.8862333651444108,442,D_pmar=0.054_dist=500_repair_6_males=6_nmar=5,6,5
0.054,6,0,500,70.17350402738276,249.87978777871987,36.46798831711031,14,1.4,2.2501534890272445,442,D_pmar=0.054_dist=500_repair_6_males=6_nmar=5,6,5
0.054,6,500,0,70.82083698489087,249.7814868933584,36.38753016915684,11,1.1,2.0204692418393946,442,D_pmar=0.054_dist=500_repair_6_males=6_nmar=5,6,5
0.054,15,500,500,69.48463095973787,166.75262373423217,121.72106548201452,8,0.7999999999999999,1.3194444444444442,442,D_pmar=0.054_dist=500_repair_6_males=6_nmar=5,6,5
0,9,1000,0,66.5297459258888,238.94801371141455,54.62557777220347,0,0,0,442,D_pmar=0.054_dist=500_repair_6_males=6_nmar=5,6,5
0.054,11,1000,500,71.06059002521214,260.7039177395252,24.57326516843445,11,1.1,2.5987737802027517,442,D_pmar=0.054_dist=500_repair_6_males=6_nmar=5,6,5
0.054,8,0,0,70.13854579367383,226.32696186199297,61.09744652927766,9,0.8999999999999999,1.916643284102391,443,D_pmar=0.054_dist=500_repair_6_males=6_nmar=5,6,5
0.054,12,0,500,69.30614735010414,226.20496343474895,61.315383649200896,14,1.4,1.883754712991452,443,D_pmar=0.054_dist=500_repair_6_males=6_nmar=5,6,5
0.054,15,500,0,67.96053432385774,216.14252503297203,73.24864868590647,10,1,1.799257455124024,443,D_pmar=0.054_dist=500_repair_6_males=6_nmar=5,6,5
0.054,7,500,500,70.33450148474226,207.2999022558799,79.80550398743034,10,1,1.6666666666666663,443,D_pmar=0.054_dist=500_repair_6_males=6_nmar=5,6,5
0,1,1000,0,70.34358302990357,271.6721406569517,18.263555978258687,0,0,0,443,D_pmar=0.054_dist=500_repair_6_males=6_nmar=5,6,5
0.054,11,1000,500,65.958111430074,222.89818714815036,67.45811176198727,16,1.6000000000000003,2.102792139665878,443,D_pmar=0.054_dist=500_repair_6_males=6_nmar=5,6,5
0.054,17,0,0,68.43834378940201,239.3270801874777,49.12486115542801,11,1.1,2.245652622889347,444,D_pmar=0.054_dist=500_repair_6_males=6_nmar=5,6,5
0.054,7,0,500,71.3365367238451,242.77325149744652,42.847757181964525,9,0.8999999999999999,2.1507335241998007,444,D_pmar=0.054_dist=500_repair_6_males=6_nmar=5,6,5
0,7,500,0,68.78883062277453,211.66523606886847,79.83741753032034,0,0,0,444,D_pmar=0.054_dist=500_repair_6_males=6_nmar=5,6,5
0.054,5,500,500,69.8529042721159,233.02700227624285,54.32077561624349,11,1.1,1.7774501031014889,444,D_pmar=0.054_dist=500_repair_6_males=6_nmar=5,6,5
0.054,8,1000,0,69.03761537888553,250.5092963415667,36.558595041402576,17,1.7000000000000004,2.2209322201388706,444,D_pmar=0.054_dist=500_repair_6_males=6_nmar=5,6,5
0.054,10,1000,500,71.95022759040904,199.94790642604517,85.44132096737064,10,1,1.8743185821406736,444,D_pmar=0.054_dist=500_repair_6_males=6_nmar=5,6,5
0.054,10,0,0,68.7078485934766,280.79351578927515,6.125369185758494,16,1.6000000000000003,2.8072019867644253,445,D_pmar=0.054_dist=500_repair_6_males=6_nmar=5,6,5
0.054,9,0,500,67.74593105003258,221.73674729087753,67.2625551381717,13,1.3,2.0770352329018023,445,D_pmar=0.054_dist=500_repair_6_males=6_nmar=5,6,5
0,4,500,0,68.27637496814873,230.7637846152468,61.07015688610907,0,0,0,445,D_pmar=0.054_dist=500_repair_6_males=6_nmar=5,6,5
0.054,11,500,500,70.15263296905403,219.67749114386123,66.9769942013809,15,1.5000000000000002,1.7856975838826603,445,D_pmar=0.054_dist=500_repair_6_males=6_nmar=5,6,5
0.054,7,1000,0,74.20164621446179,221.98961952105063,60.93188467876931,7,0.7,2.359726235799424,445,D_pmar=0.054_dist=500_repair_6_males=6_nmar=5,6,5
0.054,13,1000,500,69.39988555808466,203.33941015128977,85.50093488664209,6,0.6,1.2531380304192463,445,D_pmar=0.054_dist=500_repair_6_males=6_nmar=5,6,5
0.054,6,0,0,69.34099351289763,201.8387336746826,85.52146667086923,15,1.5000000000000002,1.823898545453792,446,D_pmar=0.054_dist=500_repair_6_males=6_nmar=5,6,5
0.054,8,0,500,68.17128008628377,215.49205361793227,73.25901074586267,13,1.3,1.9110266015301856,446,D_pmar=0.054_dist=500_repair_6_males=6_nmar=5,6,5
0.054,11,500,0,69.95262379524502,213.4943229712963,72.72567692457388,18,1.8000000000000005,2.0803254093770556,446,D_pmar=0.054_dist=500_repair_6_males=6_nmar=5,6,5
0.054,13,500,500,69.35743497254403,214.07666317782588,73.43755371930301,13,1.3,1.902401995001702,446,D_pmar=0.054_dist=500_repair_6_males=6_nmar=5,6,5
0,5,1000,0,69.64018460233073,211.16321259940895,79.25340352043011,0,0,0,446,D_pmar=0.054_dist=500_repair_6_males=6_nmar=5,6,5
0.054,11,1000,500,72.18983766227211,216.87815968097507,67.54825782250157,15,1.5000000000000002,1.967592592592592,446,D_pmar=0.054_dist=500_repair_6_males=6_nmar=5,6,5
0.054,8,0,0,70.000313869968707,190.0711149692954,97.83087212289064,8,0.7999999999999999,1.3425925925925923,447,D_pmar=0.054_dist=500_repair_6_males=6_nmar=5,6,5
0.054,9,0,500,69.06238579078696,257.271719747415,30.342607349782092,10,1,2.445057057582184,447,D_pmar=0.054_dist=500_repair_6_males=6_nmar=5,6,5
0,6,500,0,72.04480059283144,226.38213053436527,61.64028927193698,0,0,0,447,D_pmar=0.054_dist=500_repair_6_males=6_nmar=5,6,5
0.054,9,500,500,71.35752854216098,230.62608003007347,54.1718909135714,16,1.6000000000000003,2.2665470985758422,447,D_pmar=0.054_dist=500_repair_6_males=6_nmar=5,6,5
0.054,10,1000,0,71.8385522901568,235.8849661608991,49.0051845001435,11,1.1,2.3167421555714185,447,D_pmar=0.054_dist=500_repair_6_males=6_nmar=5,6,5
0.054,12,1000,500,66.85832590488559,241.50412476402204,48.59655960929739,12,1.2,2.045943896084496,447,D_pmar=0.054_dist=500_repair_6_males=6_nmar=5,6,5
0.054,12,0,0,72.08917395258692,248.13492397382743,36.40079589651117,10,1,2.40207297735418,448,D_pmar=0.054_dist=500_repair_6_males=6_nmar=5,6,5
0.054,4,0,500,69.38633817333243,243.8645200127727,42.63983240521628,16,1.6000000000000003,2.5840980925270807,448,D_pmar=0.054_dist=500_repair_6_males=6_nmar=5,6,5
0.054,11,500,0,70.2687349055729,201.87378290291423,85.5328020218699,8,0.7999999999999999,1.667173898876947,448,D_pmar=0.054_dist=500_repair_6_males=6_nmar=5,6,5
0,13,500,500,70.19124354864539,249.65475091354065,40.28244476673088,0,0,0,448,D_pmar=0.054_dist=500_repair_6_males=6_nmar=5,6,5
0.054,6,1000,0,73.43974900828118,240.9541108716376,42.57027543239003,10,1,2.0598588534801334,448,D_pmar=0.054_dist=500_repair_6_males=6_nmar=5,6,5
0.054,8,1000,500,72.7689993933069,195.41596841238112,89.03909521419568,12,1.2,1.6276321411802022,448,D_pmar=0.054_dist=500_repair_6_males=6_nmar=5,6,5
0,8,0,0,69.86329906138363,223.12201251537007,67.09081349843525,0,0,0,449,D_pmar=0.054_dist=500_repair_6_males=6_nmar=5,6,5
0.054,6,0,500,70.66878408147961,249.74866743695287,36.85150256948623,12,1.2,1.7081578047130512,449,D_pmar=0.054_dist=500_repair_6_males=6_nmar=5,6,5
0.054,13,500,0,68.54603402424956,221.99526276192051,66.68030253749143,13,1.3,1.7043383564344794,449,D_pmar=0.054_dist=500_repair_6_males=6_nmar=5,6,5
0.054,6,500,500,69.76123301659827,226.27705068591644,60.87060200539116,15,1.5000000000000002,1.6476930529513645,449,D_pmar=0.054_dist=500_repair_6_males=6_nmar=5,6,5
0.054,15,1000,0,73.28323772077214,229.53600222876588,54.98956853058648,6,0.6,1.633096677696401,449,D_pmar=0.054_dist=500_repair_6_males=6_nmar=5,6,5
0.054,6,1000,500,74.50498947553447,220.8346847746893,61.39815893361685,11,1.1,2.2145612860720405,449,D_pmar=0.054_dist=500_repair_6_males=6_nmar=5,6,5
0.054,6,0,0,69.96711670737632,250.446030864119,36.58601094891976,10,1,2.0833333333333335,44,D_pmar=0.054_dist=500_repair_6_males=6_nmar=5,6,5
0.054,13,0,500,71.3078424794223,206.8722507922278,79.36457494605794,14,1.4,1.261233365144411,44,D_pmar=0.054_dist=500_repair_6_males=6_nmar=5,6,5
0.054,9,500,0,68.56236049077503,227.8757387853022,61.15694405473528,8,0.7999999999999999,1.784334748164009,44,D_pmar=0.054_dist=500_repair_6_males=6_nmar=5,6,5
0.054,8,500,500,71.25086035988222,206.41140491807775,79.75252205803837,12,1.2,1.571066150117796,44,D_pmar=0.054_dist=500_repair_6_males=6_nmar=5,6,5
0,7,1000,0,74.86956918100762,242.73156616273573,42.630452292086424,0,0,0,44,D_pmar=0.054_dist=500_repair_6_males=6_nmar=5,6,5
0.054,11,1000,500,69.70930362150486,244.65437103805485,42.533169089920854,12,1.2,2.0735708707775045,44,D_pmar=0.054_dist=500_repair_6_males=6_nmar=5,6,5
0,11,0,0,68.97605602624641,193.45731026935903,97.77980945664048,0,0,0,450,D_pmar=0.054_dist=500_repair_6_males=6_nmar=5,6,5
0.054,11,0,500,72.29078342926277,217.0233913733742,67.28026539569132,14,1.4,2.0525242490350024,450,D_pmar=0.054_dist=500_repair_6_males=6_nmar=5,6,5
0.054,6,500,0,71.19397866967618,224.48240067357472,61.0226626277611,14,1.4,2.0296010805781597,450,D_pmar=0.054_dist=500_repair_6_males=6_nmar=5,6,5
0.054,7,500,500,71.3175385672592,230.44953743348304,55.42349548359247,13,1.3,1.6596871483758096,450,D_pmar=0.054_dist=500_repair_6_males=6_nmar=5,6,5
0.054,7,1000,0,69.933445393001,249.75908363499244,36.978883037509554,12,1.2,2.356458098917208,450,D_pmar=0.054_dist=500_repair_6_males=6_nmar=5,6,5
0.054,12,1000,500,69.15885129754693,215.44321096286,72.78211076306133,11,1.1,1.597222222222222,450,D_pmar=0.054_dist=500_repair_6_males=6_nmar=5,6,5
0.054,9,0,0,72.28760114541244,252.9533732609312,30.774340915694623,17,1.7000000000000004,2.440955356784637,451,D_pmar=0.054_dist=500_repair_6_males=6_nmar=5,6,5
0,7,0,500,68.54974650076187,230.32840732022703,61.14689908010514,0,0,0,451,D_pmar=0.054_dist=500_repair_6_males=6_nmar=5,6,5
0.054,7,500,0,72.82139001319864,223.74373343023913,60.858244956549555,7,0.7,1.9211221106472505,451,D_pmar=0.054_dist=500_repair_6_males=6_nmar=5,6,5
0.054,14,500,500,70.02659344722623,213.8336502584916,73.55167331368672,11,1.1,1.5822995152622077,451,D_pmar=0.054_dist=500_repair_6_males=6_nmar=5,6,5
0.054,10,1000,0,72.37927276412616,217.3747437029784,67.54960571971701,14,1.4,1.3888888888888886,451,D_pmar=0.054_dist=500_repair_6_males=6_nmar=5,6,5
0.054,7,1000,500,72.25471137000673,224.20019366377173,60.852085661945296,9,0.8999999999999999,2.0108809649326105,451,D_pmar=0.054_dist=500_repair_6_males=6_nmar=5,6,5
0.054,9,0,0,72.0815003290028,201.1130480440992,83.99090758396093,10,1,1.8581279126903447,452,D_pmar=0.054_dist=500_repair_6_males=6_nmar=5,6,5
0.054,12,0,500,71.71438930674215,212.92491063199336,73.11572024835075,12,1.2,1.1990506915097994,452,D_pmar=0.054_dist=500_repair_6_males=6_nmar=5,6,5
0.054,9,500,0,71.84492745976252,260.0672110561538,24.338300007714068,17,1.7000000000000004,2.115388340528941,452,D_pmar=0.054_dist=500_repair_6_males=6_nmar=5,6,5
0.054,6,500,500,69.28292786778499,245.21015142469176,42.84162201614592,9,0.8999999999999999,1.823898545453792,452,D_pmar=0.054_dist=500_repair_6_males=6_nmar=5,6,5
0,9,1000,0,68.89966331040686,223.69511756853063,67.43510746918,0,0,0,452,D_pmar=0.054_dist=500_repair_6_males=6_nmar=5,6,5
0.054,9,1000,500,71.99675460336185,235.40943604135077,48.958676430971515,8,0.7999999999999999,2.853403409832382,452,D_pmar=0.054_dist=500_repair_6_males=6_nmar=5,6,5
0.054,5,0,0,65.82896534497291,236.48066215046296,54.68337889507415,11,1.1,2.004582864501079,453,D_pmar=0.054_dist=500_repair_6_males=6_nmar=5,6,5
0.054,10,0,500,70.76166275195044,231.48622812112364,54.57705358489657,10,1,2.2575674058930844,453,D_pmar=0.054_dist=500_repair_6_males=6_nmar=5,6,5
0.054,8,500,0,75.91140762672006,250.4079264720391,30.687994778361112,10,1,2.2830420601381847,453,D_pmar=0.054_dist=500_repair_6_males=6_nmar=5,6,5
0.054,10,500,500,70.28122605345673,201.8120561867792,85.44370874662916,9,0.8999999999999999,1.6258349068865687,453,D_pmar=0.054_dist=500_repair_6_males=6_nmar=5,6,5
0,13,1000,0,71.89638560819351,257.8899319194196,30.222798442843832,0,0,0,453,D_pmar=0.054_dist=500_repair_6_males=6_nmar=5,6,5
0.054,8,1000,500,73.54794856968243,222.0187089303448,60.857818428228754,12,1.2,2.495477094269067,453,D_pmar=0.054_dist=500_repair_6_males=6_nmar=5,6,5
0.054,11,0,0,71.79957705622641,236.79549937187025,48.98466028317545,10,1,1.6818716261456566,454,D_pmar=0.054_dist=500_repair_6_males=6_nmar=5,6,5
0,9,0,500,73.06742019677442,219.46910756729343,67.58029845007148,0,0,0,454,D_pmar=0.054_dist=500_repair_6_males=6_nmar=5,6,5
0.054,9,500,0,72.11690606070334,224.40968155986715,61.15817724306678,9,0.8999999999999999,1.585307439218485,454,D_pmar=0.054_dist=500_repair_6_males=6_nmar=5,6,5
0.054,6,500,500,68.73854438164139,262.6003837331979,24.663079174126405,11,1.1,2.986805722612034,454,D_pmar=0.054_dist=500_repair_6_males=6_nmar=5,6,5
0.054,12,1000,0,72.10493601666055,206.1444641368495,79.86206006874544,6,0.6,1.2979413845339227,454,D_pmar=0.054_dist=500_repair_6_males=6_nmar=5,6,5
0.054,7,1000,500,70.79412862969268,250.00296651479445,35.81693630837274,16,1.6000000000000003,2.113061834431988,454,D_pmar=0.054_dist=500_repair_6_males=6_nmar=5,6,5
0.054,6,0,0,68.16507646925335,233.81981080455336,54.95166939864557,11,1.1,1.98047104597463,455,D_pmar=0.054_dist=500_repair_6_males=6_nmar=5,6,5
0,3,0,500,69.29002930621539,223.35106483631097,67.36855934361164,0,0,0,455,D_pmar=0.054_dist=500_repair_6_males=6_nmar=5,6,5
0.054,11,500,0,70.0246007345889,249.91393121443,36.46117987966897,15,1.5000000000000002,2.147443347724548,455,D_pmar=0.054_dist=500_repair_6_males=6_nmar=5,6,5
0.054,17,500,500,67.37912204358136,216.39797906931832,73.56837149354712,10,1,1.7756528688078554,455,D_pmar=0.054_dist=500_repair_6_males=6_nmar=5,6,5
0.054,9,1000,0,69.82222870750488,243.63085667410516,42.60890500417439,14,1.4,2.587388269002334,455,D_pmar=0.054_dist=500_repair_6_males=6_nmar=5,6,5
0.054,8,1000,500,72.86369401755225,205.2280768681571,79.7017512385851,8,0.7999999999999999,1.5509259259259256,455,D_pmar=0.054_dist=500_repair_6_males=6_nmar=5,6,5
0.054,9,0,0,69.7368534371992,261.8274125605527,24.497056755644252,17,1.7000000000000004,2.420488800887715,456,D_pmar=0.054_dist=500_repair_6_males=6_nmar=5,6,5
0.054,15,0,500,70.4224831190039,212.7240926312898,73.5705140643393,11,1.1,2.2023642505493286,456,D_pmar=0.054_dist=500_repair_6_males=6_nmar=5,6,5
0.054,8,500,0,71.68215083491965,203.5085391431293,82.58215437252291,8,0.7999999999999999,1.8584322048023576,456,D_pmar=0.054_dist=500_repair_6_males=6_nmar=5,6,5
0.054,7,500,500,72.75094567703555,204.53506640791755,79.67763379835648,8,0.7999999999999999,2.349478580626351,456,D_pmar=0.054_dist=500_repair_6_males=6_nmar=5,6,5
0.054,7,1000,0,73.02018960800292,272.16571874189975,12.214946763637045,10,1,1.7354296932517852,456,D_pmar=0.054_dist=500_repair_6_males=6_nmar=5,6,5
0,8,1000,500,69.07776265462292,236.1582221938049,54.829683997451475,0,0,0,456,D_pmar=0.054_dist=500_repair_6_males=6_nmar=5,6,5
0.054,11,0,0,69.86791259454786,213.4564182947036,73.77510462882087,11,1.1,1.834602638794884,457,D_pmar=0.054_dist=500_repair_6_males=6_nmar=5,6,5
0,5,0,500,71.85898874165864,214.77175682537717,73.4189296037879,0,0,0,457,D_pmar=0.054_dist=500_repair_6_males=6_nmar=5,6,5
0.054,13,500,0,75.64822247403382,196.40453266805585,85.4168847080351,11,1.1,1.5740740740740735,457,D_pmar=0.054_dist=500_repair_6_males=6_nmar=5,6,5
0.054,6,500,500,72.0470830837702,247.9125005016224,36.38742402098077,13,1.3,2.4625885231581264,457,D_pmar=0.054_dist=500_repair_6_males=6_nmar=5,6,5
0.054,5,1000,0,68.9038808230951,244.65496423391187,42.85941125561355,9,0.8999999999999999,2.719899745038984,457,D_pmar=0.054_dist=500_repair_6_males=6_nmar=5,6,5
0.054,14,1000,500,68.53594592219213,244.90465109232588,43.205663367126185,14,1.4,2.1174105545138797,457,D_pmar=0.054_dist=500_repair_6_males=6_nmar=5,6,5
0.054,9,0,0,72.54512598349908,181.16060917840213,103.64602147659444,10,1,1.6666666666666663,458,D_pmar=0.054_dist=500_repair_6_males=6_nmar=5,6,5
0.054,4,0,500,68.42727169170007,233.4496926620291,55.11137421225325,12,1.2,1.8400671753110829,458,D_pmar=0.054_dist=500_repair_6_males=6_nmar=5,6,5
0.054,12,500,0,71.45377140024546,229.62335008371005,54.83217750036042,19,1.9000000000000008,2.294956843141922,458,D_pmar=0.054_dist=500_repair_6_males=6_nmar=5,6,5
0.054,8,500,500,69.63515936979276,207.675862818157,79.5625228203093,13,1.3,1.9966396758319211,458,D_pmar=0.054_dist=500_repair_6_males=6_nmar=5,6,5
0,6,1000,0,72.31194702887225,239.19805297112353,48.68120823228246,0,0,0,458,D_pmar=0.054_dist=500_repair_6_males=6_nmar=5,6,5
0.054,15,1000,500,72.59125910003613,224.73416529128497,59.472851048144065,12,1.2,2.051256286544688,458,D_pmar=0.054_dist=500_repair_6_males=6_nmar=5,6,5
0.054,4,0,0,72.93000298090854,241.33566168660113,42.684425959168486,12,1.2,1.8564828244527176,459,D_pmar=0.054_dist=500_repair_6_males=6_nmar=5,6,5
0.054,16,0,500,71.15641240224075,249.66352770114293,36.46567186377179,8,0.7999999999999999,2.093733134562412,459,D_pmar=0.054_dist=500_repair_6_males=6_nmar=5,6,5
0.054,6,500,0,70.58430619150182,219.01410812378015,67.23352810891927,12,1.2,2.164293395441165,459,D_pmar=0.054_dist=500_repair_6_males=6_nmar=5,6,5
0.054,7,500,500,67.88002255072897,216.512907860309,72.42053135847826,14,1.4,1.811020092071754,459,D_pmar=0.054_dist=500_repair_6_males=6_nmar=5,6,5
0,4,1000,0,71.60361987304347,203.26242635422403,85.19476001045125,0,0,0,459,D_pmar=0.054_dist=500_repair_6_males=6_nmar=5,6,5
0.054,17,1000,500,70.69446144673367,225.183037627131,60.87669895310761,14,1.4,2.109771657956735,459,D_pmar=0.054_dist=500_repair_6_males=6_nmar=5,6,5
0.054,8,0,0,68.68085366986546,227.7431736156036,60.82832637302334,13,1.3,1.4637978698495318,45,D_pmar=0.054_dist=500_repair_6_males=6_nmar=5,6,5
0.054,17,0,500,69.36838641772424,221.90238410756297,66.8238403003194,4,0.4,1.5350395485876096,45,D_pmar=0.054_dist=500_repair_6_males=6_nmar=5,6,5
0.054,5,500,0,72.49158736104724,225.77671715317783,57.87906398817724,17,1.7000000000000004,2.2512693054615527,45,D_pmar=0.054_dist=500_repair_6_males=6_nmar=5,6,5
0.054,6,500,500,68.54047863816022,251.88276088421975,36.559402041755845,11,1.1,1.9781445398776776,45,D_pmar=0.054_dist=500_repair_6_males=6_nmar=5,6,5
0,13,1000,0,73.17103357342577,188.9846966656085,97.85278388061788,0,0,0,45,D_pmar=0.054_dist=500_repair_6_males=6_nmar=5,6,5
0.054,5,1000,500,70.59950590816239,249.4702614335142,36.561996466310624,14,1.4,2.173881672347949,45,D_pmar=0.054_dist=500_repair_6_males=6_nmar=5,6,5
0.054,11,0,0,71.8668421206678,235.19153571503227,49.086352177410944,13,1.3,2.7172181527877575,460,D_pmar=0.054_dist=500_repair_6_males=6_nmar=5,6,5
0.054,5,0,500,71.07142754023313,243.0473660995252,43.01774074237163,10,1,1.9914001190070272,460,D_pmar=0.054_dist=500_repair_6_males=6_nmar=5,6,5
0.054,9,500,0,68.82542481061476,214.82800950583547,73.17385591163838,12,1.2,2.1034735575252035,460,D_pmar=0.054_dist=500_repair_6_males=6_nmar=5,6,5
0.054,9,500,500,71.89067087041501,218.14516253047097,66.73266436091745,14,1.4,1.907714385461894,460,D_pmar=0.054_dist=500_repair_6_males=6_nmar=5,6,5
0.054,8,1000,0,70.97358728401389,236.82368183744583,49.091085664573285,11,1.1,2.060185185185185,460,D_pmar=0.054_dist=500_repair_6_males=6_nmar=5,6,5
0,12,1000,500,70.60817337596177,203.65651674704137,85.82036657277622,0,0,0,460,D_pmar=0.054_dist=500_repair_6_males=6_nmar=5,6,5
0.054,3,0,0,73.0651438241215,259.09352908268727,24.6685946357633,11,1.1,2.0887978698495324,461,D_pmar=0.054_dist=500_repair_6_males=6_nmar=5,6,5
0.054,11,0,500,74.95626426554382,197.12365962911008,85.14851517515972,11,1.1,1.7361111111111107,461,D_pmar=0.054_dist=500_repair_6_males=6_nmar=5,6,5
0.054,12,500,0,70.82320740046964,243.04828192906763,42.88125090628415,14,1.4,2.201682832690002,461,D_pmar=0.054_dist=500_repair_6_males=6_nmar=5,6,5
0.054,6,500,500,73.75222082130469,222.75061569344845,60.657624198647625,12,1.2,1.64200353674386,461,D_pmar=0.054_dist=500_repair_6_males=6_nmar=5,6,5
0,13,1000,0,75.68665324764386,205.1029541503273,79.41594993544452,0,0,0,461,D_pmar=0.054_dist=500_repair_6_males=6_nmar=5,6,5
0.054,9,1000,500,70.24816932436698,222.65654799761953,64.3837464703497,11,1.1,1.8270365758730385,461,D_pmar=0.054_dist=500_repair_6_males=6_nmar=5,6,5
0,14,0,0,73.74623460948732,255.92356092477348,30.49845336103527,0,0,0,462,D_pmar=0.054_dist=500_repair_6_males=6_nmar=5,6,5
0.054,14,0,500,70.43447087373283,225.56688674038907,60.249397217401146,18,1.8000000000000005,2.250834906886571,462,D_pmar=0.054_dist=500_repair_6_males=6_nmar=5,6,5
0.054,2,500,0,68.69600661235845,250.34260878455007,36.93003160252474,16,1.6000000000000003,2.5017751947005977,462,D_pmar=0.054_dist=500_repair_6_males=6_nmar=5,6,5
0.054,8,500,500,72.34623743624861,187.40527390095804,97.90246324346028,9,0.8999999999999999,1.506274717867256,462,D_pmar=0.054_dist=500_repair_6_males=6_nmar=5,6,5
0.054,7,1000,0,69.79448213671009,200.8488347450912,86.14826551365935,10,1,2.3104440551398873,462,D_pmar=0.054_dist=500_repair_6_males=6_nmar=5,6,5
0.054,9,1000,500,68.96246014783996,233.0631517665852,55.09838140821381,7,0.7,2.221540804362898,462,D_pmar=0.054_dist=500_repair_6_males=6_nmar=5,6,5
0.054,8,0,0,71.98690373006505,247.27072698109964,36.89801894082696,17,1.7000000000000004,2.232774169507309,463,D_pmar=0.054_dist=500_repair_6_males=6_nmar=5,6,5
0.054,12,0,500,68.43910362258933,197.77054014651807,92.27469055276262,6,0.6,1.2476734939030476,463,D_pmar=0.054_dist=500_repair_6_males=6_nmar=5,6,5
0.054,10,500,0,68.20907645611155,233.17950423074996,54.71351000252995,16,1.6000000000000003,2.4046817359701063,463,D_pmar=0.054_dist=500_repair_6_males=6_nmar=5,6,5
0.054,10,500,500,68.22296213061995,254.81854040504496,33.55438773516826,14,1.4,2.25083490688657,463,D_pmar=0.054_dist=500_repair_6_males=6_nmar=5,6,5
0,7,1000,0,70.26693670205745,229.62071228957583,60.128574942627296,0,0,0,463,D_pmar=0.054_dist=500_repair_6_males=6_nmar=5,6,5
0.054,7,1000,500,67.09205202049839,221.23371181351143,69.75775589510405,5,0.5,1.6003602526414684,463,D_pmar=0.054_dist=500_repair_6_males=6_nmar=5,6,5
0,2,0,0,69.06322921516153,181.18108246576185,109.76811034734811,0,0,0,464,D_pmar=0.054_dist=500_repair_6_males=6_nmar=5,6,5
0.054,6,0,500,71.54406210381042,266.08987748806373,18.251874079611763,17,1.7000000000000004,2.5346637658115374,464,D_pmar=0.054_dist=500_repair_6_males=6_nmar=5,6,5
0.054,10,500,0,69.16762238812129,239.3388037408,49.01712154524293,8,0.7999999999999999,1.743372881920943,464,D_pmar=0.054_dist=500_repair_6_males=6_nmar=5,6,5
0.054,15,500,500,69.80915697734117,226.4976718528042,60.89154325330475,13,1.3,1.665151684892008,464,D_pmar=0.054_dist=500_repair_6_males=6_nmar=5,6,5
0.054,13,1000,0,69.59737559017162,232.64530484553305,54.050238514201574,13,1.3,2.485077293039988,464,D_pmar=0.054_dist=500_repair_6_males=6_nmar=5,6,5
0.054,8,1000,500,70.2234612118652,218.58526111211455,69.07671280519601,9,0.8999999999999999,1.296296296296296,464,D_pmar=0.054_dist=500_repair_6_males=6_nmar=5,6,5
0.054,9,0,0,70.57193241885184,236.60789683137497,48.97148847521182,16,1.6000000000000003,2.35838543967381,465,D_pmar=0.054_dist=500_repair_6_males=6_nmar=5,6,5
0,12,0,500,71.52110595572684,221.74468858748057,66.87425705543174,0,0,0,465,D_pmar=0.054_dist=500_repair_6_males=6_nmar=5,6,5
0.054,10,500,0,71.10286324403617,242.6455946240351,42.99130901356299,12,1.2,2.105647917566149,465,D_pmar=0.054_dist=500_repair_6_males=6_nmar=5,6,5
0.054,7,500,500,76.60278229336326,195.39345170969784,85.42495156588544,11,1.1,1.4847716579567345,465,D_pmar=0.054_dist=500_repair_6_males=6_nmar=5,6,5
0.054,3,1000,0,69.12990641927624,226.9110550508068,60.77045194442438,11,1.1,2.0930517167030867,465,D_pmar=0.054_dist=500_repair_6_males=6_nmar=5,6,5
0.054,13,1000,500,69.98943802867437,204.2012363655612,82.75345599683084,14,1.4,1.7592592592592589,465,D_pmar=0.054_dist=500_repair_6_males=6_nmar=5,6,5
0.054,7,0,0,68.3444690285841,240.39977826430297,48.76863113047994,9,0.8999999999999999,1.8589614766056768,466,D_pmar=0.054_dist=500_repair_6_males=6_nmar=5,6,5
0.054,14,0,500,68.55897695777331,232.26227250727263,55.21755702167381,17,1.7000000000000004,2.3316648625314342,466,D_pmar=0.054_dist=500_repair_6_males=6_nmar=5,6,5
0,8,500,0,72.29766911792242,245.04460400379097,42.814018400530315,0,0,0,466,D_pmar=0.054_dist=500_repair_6_males=6_nmar=5,6,5
0.054,6,500,500,70.9648534063912,212.9197148575718,73.68739026433116,9,0.8999999999999999,1.8444158953929743,466,D_pmar=0.054_dist=500_repair_6_males=6_nmar=5,6,5
0.054,10,1000,0,72.69618387558631,205.7386281038064,79.49553602175143,7,0.7,1.419298807846869,466,D_pmar=0.054_dist=500_repair_6_males=6_nmar=5,6,5
0.054,9,1000,500,70.12554280885954,255.3888041966656,30.51678298467836,12,1.2,2.863955357117467,466,D_pmar=0.054_dist=500_repair_6_males=6_nmar=5,6,5
0.054,13,0,0,70.42602327082992,255.0093255283136,30.657640087684648,18,1.8000000000000005,2.3308312986161,467,D_pmar=0.054_dist=500_repair_6_males=6_nmar=5,6,5
0.054,9,0,500,70.87712843746647,257.1377609443968,27.989690018067755,16,1.6000000000000003,2.439462414603017,467,D_pmar=0.054_dist=500_repair_6_males=6_nmar=5,6,5
0,6,500,0,67.31960603149469,200.1119519371211,92.66138758412217,0,0,0,467,D_pmar=0.054_dist=500_repair_6_males=6_nmar=5,6,5
0.054,8,500,500,66.3191867447254,200.37617523148853,91.23663213863529,7,0.7,1.4824451518597823,467,D_pmar=0.054_dist=500_repair_6_males=6_nmar=5,6,5
0.054,11,1000,0,69.83293325072754,222.4569737120985,64.69717650245539,12,1.2,1.837610562751162,467,D_pmar=0.054_dist=500_repair_6_males=6_nmar=5,6,5
0.054,7,1000,500,72.35205132378651,193.16171837633703,91.1139506691213,14,1.4,2.014018995351857,467,D_pmar=0.054_dist=500_repair_6_males=6_nmar=5,6,5
0.054,5,0,0,66.72973401049822,187.58830613073013,103.036312695904,11,1.1,1.6524253775659772,468,D_pmar=0.054_dist=500_repair_6_males=6_nmar=5,6,5
0.054,14,0,500,73.44330643776777,234.4891545128072,48.84820631211287,15,1.5000000000000002,1.7361111111111107,468,D_pmar=0.054_dist=500_repair_6_males=6_nmar=5,6,5
0.054,13,500,0,71.21206222050246,229.92581913928657,55.80694746889056,12,1.2,2.0227957479363474,468,D_pmar=0.054_dist=500_repair_6_males=6_nmar=5,6,5
0.054,5,500,500,68.12846737793305,269.76484568847894,18.22619218439001,11,1.1,2.8460623266018414,468,D_pmar=0.054_dist=500_repair_6_males=6_nmar=5,6,5
0,4,1000,0,71.02122429537424,240.20512541398665,48.894152546633144,0,0,0,468,D_pmar=0.054_dist=500_repair_6_males=6_nmar=5,6,5
0.054,13,1000,500,72.02420981887498,206.0140206576489,79.46603635510088,10,1,1.6676303370449672,468,D_pmar=0.054_dist=500_repair_6_males=6_nmar=5,6,5
0.054,18,0,0,67.41803632198447,234.0139839948734,54.933504888765256,13,1.3,2.3452247337727967,469,D_pmar=0.054_dist=500_repair_6_males=6_nmar=5,6,5
0,3,0,500,69.2429693050273,205.45485408512948,85.30335591520368,0,0,0,469,D_pmar=0.054_dist=500_repair_6_males=6_nmar=5,6,5
0.054,11,500,0,70.84177237179998,223.0048701737468,63.1395292940388,14,1.4,1.8278701397883708,469,D_pmar=0.054_dist=500_repair_6_males=6_nmar=5,6,5
0.054,6,500,500,69.38197505184671,238.03835771327323,49.630780743229536,12,1.2,1.8058378080745303,469,D_pmar=0.054_dist=500_repair_6_males=6_nmar=5,6,5
0.054,4,1000,0,73.7448182788974,227.5825206622131,55.209771627966155,15,1.5000000000000002,2.1673013193974424,469,D_pmar=0.054_dist=500_repair_6_males=6_nmar=5,6,5
0.054,12,1000,500,71.82652937415546,199.7990121048939,85.66190626261668,12,1.2,1.5502445080665996,469,D_pmar=0.054_dist=500_repair_6_males=6_nmar=5,6,5
0.054,8,0,0,70.66455583434526,243.5560918515594,42.791860545153064,11,1.1,1.9837612224498835,46,D_pmar=0.054_dist=500_repair_6_males=6_nmar=5,6,5
0.054,14,0,500,72.77101148618776,228.36075992990305,55.04901068314183,22,2.2000000000000006,1.7066648625314311,46,D_pmar=0.054_dist=500_repair_6_males=6_nmar=5,6,5
0.054,4,500,0,71.61793480401846,221.77178233078175,63.20625910497877,12,1.2,2.39465906048834,46,D_pmar=0.054_dist=500_repair_6_males=6_nmar=5,6,5
0,6,500,500,71.2237402634186,216.07295566227293,72.9217059501914,0,0,0,46,D_pmar=0.054_dist=500_repair_6_males=6_nmar=5,6,5
0.054,12,1000,0,71.94015339253335,215.9416673212789,70.48172515098416,4,0.4,1.444092044232644,46,D_pmar=0.054_dist=500_repair_6_males=6_nmar=5,6,5
0.054,10,1000,500,71.89615875791809,230.15068324489815,54.88362565440501,11,1.1,2.059402415312113,46,D_pmar=0.054_dist=500_repair_6_males=6_nmar=5,6,5
0,5,0,0,72.88130556020688,232.26319222181263,54.910093521875666,0,0,0,470,D_pmar=0.054_dist=500_repair_6_males=6_nmar=5,6,5
0.054,11,0,500,71.73863743239626,272.8275114967013,12.156819875113149,10,1,2.366401461978268,470,D_pmar=0.054_dist=500_repair_6_males=6_nmar=5,6,5
0.054,10,500,0,72.66775711219881,222.8715861496739,60.91101091733055,15,1.5000000000000002,2.146479677346247,470,D_pmar=0.054_dist=500_repair_6_males=6_nmar=5,6,5
0.054,13,500,500,70.68046036249403,224.61284411839492,61.26593279593888,13,1.3,2.2119525274561127,470,D_pmar=0.054_dist=500_repair_6_males=6_nmar=5,6,5
0.054,7,1000,0,70.32007742334807,213.7432797261445,73.76568697136494,6,0.6,1.6077741695073076,470,D_pmar=0.054_dist=500_repair_6_males=6_nmar=5,6,5
0.054,8,1000,500,68.73749394308888,227.27235297330063,61.23376603605977,11,1.1,1.784864019967328,470,D_pmar=0.054_dist=500_repair_6_males=6_nmar=5,6,5
0.054,10,0,0,71.39397478372693,212.8201424209981,73.16872690863005,12,1.2,1.6054476634103554,471,D_pmar=0.054_dist=500_repair_6_males=6_nmar=5,6,5
0.054,9,0,500,70.0313062693348,225.61835632223003,61.21175518384098,11,1.1,2.0515605786567015,471,D_pmar=0.054_dist=500_repair_6_males=6_nmar=5,6,5
0.054,3,500,0,68.40498064008894,238.99189353376377,48.758696625984975,16,1.6000000000000003,2.304675226511675,471,D_pmar=0.054_dist=500_repair_6_males=6_nmar=5,6,5
0.054,8,500,500,71.25284326090731,200.6297620450227,85.41616723525755,14,1.4,1.435185185185185,471,D_pmar=0.054_dist=500_repair_6_males=6_nmar=5,6,5
0.054,11,1000,0,68.16305827377873,233.27137131929211,55.612546847035645,12,1.2,1.8222534572161653,471,D_pmar=0.054_dist=500_repair_6_males=6_nmar=5,6,5
0,13,1000,500,71.23484179402247,215.37809868118853,73.44173138641612,0,0,0,471,D_pmar=0.054_dist=500_repair_6_males=6_nmar=5,6,5
0,5,0,0,74.4645270553215,212.59720515094568,72.98786141049857,0,0,0,472,D_pmar=0.054_dist=500_repair_6_males=6_nmar=5,6,5
0.054,8,0,500,73.26589649462468,234.22503014530028,48.95378208624269,19,1.9000000000000008,1.8448723335609944,472,D_pmar=0.054_dist=500_repair_6_males=6_nmar=5,6,5
0.054,15,500,0,71.80376302195452,211.73054877223865,73.57518833870628,12,1.2,1.8263771976067509,472,D_pmar=0.054_dist=500_repair_6_males=6_nmar=5,6,5
0.054,9,500,500,69.53623751797289,224.06918773598215,63.59604525018121,10,1,1.802547631599277,472,D_pmar=0.054_dist=500_repair_6_males=6_nmar=5,6,5
0.054,6,1000,0,69.62054804378766,220.0401108759604,67.2856111378925,14,1.4,1.6947500795276942,472,D_pmar=0.054_dist=500_repair_6_males=6_nmar=5,6,5
0.054,11,1000,500,71.55107502993819,212.1904830523171,73.28036330671311,11,1.1,1.9322253693286937,472,D_pmar=0.054_dist=500_repair_6_males=6_nmar=5,6,5
0.054,12,0,0,68.59060354085284,233.46493410545764,54.54473518164883,13,1.3,2.175925925925927,473,D_pmar=0.054_dist=500_repair_6_males=6_nmar=5,6,5
0.054,7,0,500,74.99528020744316,245.62159339528336,37.189549613912234,8,0.7999999999999999,2.0419723017499165,473,D_pmar=0.054_dist=500_repair_6_males=6_nmar=5,6,5
0.054,8,500,0,69.13617510321751,274.8704500455601,12.145925762848702,12,1.2,2.687771904208078,473,D_pmar=0.054_dist=500_repair_6_males=6_nmar=5,6,5
0.054,10,500,500,69.34756131888243,262.3441674171945,24.67425084467589,14,1.4,2.483330852788616,473,D_pmar=0.054_dist=500_repair_6_males=6_nmar=5,6,5
0,11,1000,0,71.06493451824608,197.89298746847885,91.3844057927618,0,0,0,473,D_pmar=0.054_dist=500_repair_6_males=6_nmar=5,6,5
0.054,6,1000,500,69.8892277535992,184.1305662435196,104.2208901798623,6,0.6,1.2724667302888224,473,D_pmar=0.054_dist=500_repair_6_males=6_nmar=5,6,5
0,10,0,0,69.14568248128266,235.6418289535036,55.27296747415866,0,0,0,474,D_pmar=0.054_dist=500_repair_6_males=6_nmar=5,6,5
0.054,11,0,500,68.64433658753586,190.82849259150936,98.4435779468573,8,0.7999999999999999,1.3769741058851517,474,D_pmar=0.054_dist=500_repair_6_males=6_nmar=5,6,5
0.054,7,500,0,68.11245527399116,233.56059178920785,54.840297885150136,15,1.5000000000000002,1.9962052772569392,474,D_pmar=0.054_dist=500_repair_6_males=6_nmar=5,6,5
0.054,8,500,500,67.28392000551885,270.27965205363535,18.388083604695332,18,1.8000000000000005,2.366705754090281,474,D_pmar=0.054_dist=500_repair_6_males=6_nmar=5,6,5
0.054,11,1000,0,71.73740888728075,200.4954054547576,85.31105444427757,8,0.7999999999999999,1.8374584166951553,474,D_pmar=0.054_dist=500_repair_6_males=6_nmar=5,6,5
0.054,7,1000,500,70.61798294774994,193.9734757274265,91.61824519446009,18,1.8000000000000005,1.9926680814973423,474,D_pmar=0.054_dist=500_repair_6_males=6_nmar=5,6,5
0.054,5,0,0,66.64016584280463,272.06964474259553,18.162883241051183,10,1,2.1772446824585012,475,D_pmar=0.054_dist=500_repair_6_males=6_nmar=5,6,5
0.054,9,0,500,74.97183886875202,215.57484788445225,66.83717875263886,12,1.2,1.5909241217906904,475,D_pmar=0.054_dist=500_repair_6_males=6_nmar=5,6,5
0.054,11,500,0,73.31765056819947,240.88093508426957,42.561676223636155,14,1.4,1.9179840802280044,475,D_pmar=0.054_dist=500_repair_6_males=6_nmar=5,6,5
0.054,9,500,500,69.82532020221994,219.24877353506855,67.45578761680541,12,1.2,2.2916666666666687,475,D_pmar=0.054_dist=500_repair_6_males=6_nmar=5,6,5
0.054,10,1000,0,68.6214555959012,222.2602460497616,66.55407872717947,7,0.7,1.9517062152542763,475,D_pmar=0.054_dist=500_repair_6_males=6_nmar=5,6,5
0,10,1000,500,69.82505784440977,221.90614503359248,68.35251757382433,0,0,0,475,D_pmar=0.054_dist=500_repair_6_males=6_nmar=5,6,5
0.054,15,0,0,69.41770927286444,220.04788630433097,67.17169668872823,15,1.5000000000000002,1.8792538468535536,476,D_pmar=0.054_dist=500_repair_6_males=6_nmar=5,6,5
0,12,0,500,68.13110464484438,212.84454916953248,79.06184139914491,0,0,0,476,D_pmar=0.054_dist=500_repair_6_males=6_nmar=5,6,5
0.054,10,500,0,71.64423908382383,193.92548165282915,91.86858154831673,11,1.1,1.5062747178672558,476,D_pmar=0.054_dist=500_repair_6_males=6_nmar=5,6,5
0.054,7,500,500,74.36618028667418,215.1510697819648,66.72933136328396,17,1.7000000000000004,2.123331529198099,476,D_pmar=0.054_dist=500_repair_6_males=6_nmar=5,6,5
0.054,7,1000,0,69.73091013018126,220.33888702520875,67.1315840340798,10,1,1.9145417576967445,476,D_pmar=0.054_dist=500_repair_6_males=6_nmar=5,6,5
0.054,3,1000,500,71.6645119199568,266.3864236739812,18.18763696212747,11,1.1,2.8140866318269433,476,D_pmar=0.054_dist=500_repair_6_males=6_nmar=5,6,5
0.054,6,0,0,68.27158280350544,214.49659265867567,73.15286118241212,17,1.7000000000000004,2.4757712686521782,477,D_pmar=0.054_dist=500_repair_6_males=6_nmar=5,6,5
0.054,6,0,500,72.36421563968634,247.32175009582633,36.82359295926566,14,1.4,2.388411754099068,477,D_pmar=0.054_dist=500_repair_6_males=6_nmar=5,6,5
0.054,9,500,0,71.50129626059844,193.4346852512328,92.04720429003324,10,1,2.0171790653641417,477,D_pmar=0.054_dist=500_repair_6_males=6_nmar=5,6,5
0,7,500,500,70.39757898855551,234.69519229901877,54.97949069742078,0,0,0,477,D_pmar=0.054_dist=500_repair_6_males=6_nmar=5,6,5
0.054,13,1000,0,70.36980137332752,230.01346851187384,55.78770725711611,15,1.5000000000000002,2.384259259259261,477,D_pmar=0.054_dist=500_repair_6_males=6_nmar=5,6,5
0.054,13,1000,500,67.15874961102419,223.4547580127474,67.1495966115805,6,0.6,1.679545120048704,477,D_pmar=0.054_dist=500_repair_6_males=6_nmar=5,6,5
0,9,0,0,70.94832121867462,240.21730247374288,48.85510276241514,0,0,0,478,D_pmar=0.054_dist=500_repair_6_males=6_nmar=5,6,5
0.054,8,0,500,72.23774825333464,194.04031251013464,91.13810974278132,12,1.2,1.4328586790882327,478,D_pmar=0.054_dist=500_repair_6_males=6_nmar=5,6,5
0.054,11,500,0,69.42280907907022,244.70589043149823,42.76817922077981,11,1.1,2.0193534254050873,478,D_pmar=0.054_dist=500_repair_6_males=6_nmar=5,6,5
0.054,8,500,500,68.51542658563253,209.1412167360399,79.40227620104639,12,1.2,1.7522797409684021,478,D_pmar=0.054_dist=500_repair_6_males=6_nmar=5,6,5
0.054,7,1000,0,68.83406830229836,242.502149075937,45.57863697750589,11,1.1,2.2382387060235076,478,D_pmar=0.054_dist=500_repair_6_males=6_nmar=5,6,5
0.054,11,1000,500,72.1949424385786,235.44617754145463,48.92247832845402,13,1.3,2.372474582718493,478,D_pmar=0.054_dist=500_repair_6_males=6_nmar=5,6,5
0,10,0,0,70.66771284247933,210.13558141275848,79.28799737591747,0,0,0,479,D_pmar=0.054_dist=500_repair_6_males=6_nmar=5,6,5
0.054,12,0,500,71.58554893851228,260.0434251442202,24.433919485544287,12,1.2,2.7691531712493003,479,D_pmar=0.054_dist=500_repair_6_males=6_nmar=5,6,5
0.054,9,500,0,70.00995441041363,202.18639651696287,85.43198399691188,9,0.8999999999999999,1.49038834052894,479,D_pmar=0.054_dist=500_repair_6_males=6_nmar=5,6,5
0.054,9,500,500,71.85619401043678,278.46475270297805,6.096204635999623,11,1.1,2.62381403587287,479,D_pmar=0.054_dist=500_repair_6_males=6_nmar=5,6,5
0.054,6,1000,0,68.47383847640297,221.77520391413964,66.54465125372141,13,1.3,2.0555321729912803,479,D_pmar=0.054_dist=500_repair_6_males=6_nmar=5,6,5
0.054,8,1000,500,71.11434801102482,212.6326246398739,73.46487479504805,10,1,1.7926550625804791,479,D_pmar=0.054_dist=500_repair_6_males=6_nmar=5,6,5
0.054,8,0,0,66.64387216508669,246.3005869660511,42.84029042296095,16,1.6000000000000003,2.722704728896996,47,D_pmar=0.054_dist=500_repair_6_males=6_nmar=5,6,5
0.054,7,0,500,71.03965804916467,175.90323972692775,110.46921042706458,11,1.1,1.5525710141635525,47,D_pmar=0.054_dist=500_repair_6_males=6_nmar=5,6,5
0.054,7,500,0,65.68169093372747,265.9432768151411,24.54900199701502,10,1,2.996793164859172,47,D_pmar=0.054_dist=500_repair_6_males=6_nmar=5,6,5
0.054,14,500,500,73.07140987750971,192.26774432712688,91.68314395049256,12,1.2,1.8591136226616831,47,D_pmar=0.054_dist=500_repair_6_males=6_nmar=5,6,5
0,9,1000,0,68.48248921545675,249.0049155008626,42.59192426427701,0,0,0,47,D_pmar=0.054_dist=500_repair_6_males=6_nmar=5,6,5
0.054,9,1000,500,71.70099130918103,209.74221451525463,75.5579886838345,15,1.5000000000000002,1.538706850810175,47,D_pmar=0.054_dist=500_repair_6_males=6_nmar=5,6,5
0.054,14,0,0,70.23696900735814,231.96187248317665,54.94370686653662,9,0.8999999999999999,1.988414234643788,480,D_pmar=0.054_dist=500_repair_6_males=6_nmar=5,6,5
0.054,8,0,500,68.00897310814231,220.92864629358797,66.94582122930821,18,1.8000000000000005,2.3564580989172086,480,D_pmar=0.054_dist=500_repair_6_males=6_nmar=5,6,5
0.054,15,500,0,71.8573278875276,218.28394368596656,67.18756262363567,6,0.6,2.146023239178227,480,D_pmar=0.054_dist=500_repair_6_males=6_nmar=5,6,5
0.054,8,500,500,71.67637723890333,260.03056820555486,24.19047770471858,15,1.5000000000000002,2.624248434447853,480,D_pmar=0.054_dist=500_repair_6_males=6_nmar=5,6,5
0.054,3,1000,0,69.4124113684527,245.3187383945995,42.96544122788053,8,0.7999999999999999,1.5173559369556604,480,D_pmar=0.054_dist=500_repair_6_males=6_nmar=5,6,5
0,6,1000,500,72.64859387678516,206.56497831863192,80.7940767427932,0,0,0,480,D_pmar=0.054_dist=500_repair_6_males=6_nmar=5,6,5
0.054,10,0,0,70.38987637472188,254.97010944246728,30.93877727345235,15,1.5000000000000002,2.2704458592751213,481,D_pmar=0.054_dist=500_repair_6_males=6_nmar=5,6,5
0.054,8,0,500,73.31901782024303,216.36793037460257,67.41791566556769,12,1.2,1.7066648625314311,481,D_pmar=0.054_dist=500_repair_6_males=6_nmar=5,6,5
0.054,18,500,0,69.6314071474828,203.101191754726,85.62128749513592,7,0.7,1.3017608328124948,481,D_pmar=0.054_dist=500_repair_6_males=6_nmar=5,6,5
0.054,3,500,500,72.98799126026907,210.40588169193632,72.95367576347613,15,1.5000000000000002,2.1818248610171076,481,D_pmar=0.054_dist=500_repair_6_males=6_nmar=5,6,5
0,11,1000,0,71.64470500711414,215.64294817511637,73.1414825566231,0,0,0,481,D_pmar=0.054_dist=500_repair_6_males=6_nmar=5,6,5
0.054,4,1000,500,73.69238792103837,252.4723650967284,30.68463854541236,10,1,2.1565751864633125,481,D_pmar=0.054_dist=500_repair_6_males=6_nmar=5,6,5
0.054,9,0,0,68.74664880644931,242.93890168217465,45.61732657676611,10,1,1.8025476315992772,482,D_pmar=0.054_dist=500_repair_6_males=6_nmar=5,6,5
0.054,13,0,500,66.74321987671266,198.700268398702,91.71809450983136,11,1.1,1.8719920760437216,482,D_pmar=0.054_dist=500_repair_6_males=6_nmar=5,6,5
0,9,500,0,69.61614243211443,229.2643540194771,61.27252163860395,0,0,0,482,D_pmar=0.054_dist=500_repair_6_males=6_nmar=5,6,5
0.054,6,500,500,70.47700590876373,237.0044732426318,48.98909428198285,16,1.6000000000000003,1.9955238593976132,482,D_pmar=0.054_dist=500_repair_6_males=6_nmar=5,6,5
0.054,6,1000,0,73.17509927249223,210.3818383709044,73.41970123545997,12,1.2,2.0585180573545205,482,D_pmar=0.054_dist=500_repair_6_males=6_nmar=5,6,5
0.054,11,1000,500,70.12220936514038,237.7924410804596,49.24989704289729,12,1.2,1.7470401841435084,482,D_pmar=0.054_dist=500_repair_6_males=6_nmar=5,6,5
0.054,7,0,0,71.37693615051857,224.19494464228345,60.77190059269856,14,1.4,2.312995540928145,483,D_pmar=0.054_dist=500_repair_6_males=6_nmar=5,6,5
0,5,0,500,70.50749883478245,240.68514250625367,48.835549959054376,0,0,0,483,D_pmar=0.054_dist=500_repair_6_males=6_nmar=5,6,5
0.054,11,500,0,71.9298850429306,230.68198546942816,54.747183108647846,10,1,1.6754213796581183,483,D_pmar=0.054_dist=500_repair_6_males=6_nmar=5,6,5
0.054,7,500,500,73.40151316910135,236.68969992427253,46.92172358152557,12,1.2,1.956641479967156,483,D_pmar=0.054_dist=500_repair_6_males=6_nmar=5,6,5
0.054,14,1000,0,68.2426365294192,209.3087990021934,79.57359894554133,13,1.3,1.6739284374764984,483,D_pmar=0.054_dist=500_repair_6_males=6_nmar=5,6,5
0.054,10,1000,500,68.88782538525533,227.81946304552437,61.213938400436355,9,0.8999999999999999,1.2228802575172726,483,D_pmar=0.054_dist=500_repair_6_males=6_nmar=5,6,5
0.054,7,0,0,72.34095762854575,223.9839013375675,61.00021004665764,10,1,1.8256957797474251,484,D_pmar=0.054_dist=500_repair_6_males=6_nmar=5,6,5
0.054,11,0,500,73.78335367848334,211.887711498866,70.62969904806215,17,1.7000000000000004,2.0267673422709267,484,D_pmar=0.054_dist=500_repair_6_males=6_nmar=5,6,5
0.054,9,500,0,70.5009369687088,226.13983738445776,60.79848419790188,9,0.8999999999999999,1.6851618026209096,484,D_pmar=0.054_dist=500_repair_6_males=6_nmar=5,6,5
0.054,7,500,500,69.06459531983045,232.88360982572524,55.09860955262587,8,0.7999999999999999,2.2124597596663937,484,D_pmar=0.054_dist=500_repair_6_males=6_nmar=5,6,5
0.054,11,1000,0,71.333032047799,242.83344556074675,42.72231465580411,14,1.4,1.989225758966082,484,D_pmar=0.054_dist=500_repair_6_males=6_nmar=5,6,5
0,9,1000,500,70.64312407925988,228.38700252198788,61.027741214552954,0,0,0,484,D_pmar=0.054_dist=500_repair_6_males=6_nmar=5,6,5
0.054,11,0,0,74.33983650483165,234.39773893213493,48.54215168721509,11,1.1,1.7871905260642802,485,D_pmar=0.054_dist=500_repair_6_males=6_nmar=5,6,5
0.054,8,0,500,69.6423027744093,262.8589335939182,24.37645401828243,12,1.2,2.229969185649298,485,D_pmar=0.054_dist=500_repair_6_males=6_nmar=5,6,5
0.054,6,500,0,67.52231160345224,221.30863083843929,68.6562363139963,10,1,1.5869525274561116,485,D_pmar=0.054_dist=500_repair_6_males=6_nmar=5,6,5
0.054,8,500,500,69.82967671376345,201.17093418105387,86.28426615967257,11,1.1,1.6659852488073408,485,D_pmar=0.054_dist=500_repair_6_males=6_nmar=5,6,5
0.054,10,1000,0,70.1932882019862,244.6903049840689,42.518204793133194,10,1,1.642228516435165,485,D_pmar=0.054_dist=500_repair_6_males=6_nmar=5,6,5
0,11,1000,500,73.39578901776699,238.1346134920481,48.582731043219304,0,0,0,485,D_pmar=0.054_dist=500_repair_6_males=6_nmar=5,6,5
0.054,9,0,0,69.23080284380518,263.439304132186,24.367451408224284,10,1,2.210814671428767,486,D_pmar=0.054_dist=500_repair_6_males=6_nmar=5,6,5
0.054,8,0,500,70.10500784996208,232.93163917672095,54.68403438821846,8,0.7999999999999999,1.6714497853235395,486,D_pmar=0.054_dist=500_repair_6_males=6_nmar=5,6,5
0,9,500,0,68.99251925981248,217.73524332799047,73.35948385854195,0,0,0,486,D_pmar=0.054_dist=500_repair_6_males=6_nmar=5,6,5
0.054,7,500,500,73.26332463750285,204.37025698334097,79.28056651246001,15,1.5000000000000002,1.7129629629629626,486,D_pmar=0.054_dist=500_repair_6_males=6_nmar=5,6,5
0.054,10,1000,0,71.9981895652114,273.1095853133767,11.531886569628377,12,1.2,2.1815205689050936,486,D_pmar=0.054_dist=500_repair_6_males=6_nmar=5,6,5
0.054,11,1000,500,73.084409776817,193.195071164712,91.41100849064318,10,1,1.3419111747332668,486,D_pmar=0.054_dist=500_repair_6_males=6_nmar=5,6,5
0,8,0,0,72.0871436958703,177.66458376639324,110.36064472812876,0,0,0,487,D_pmar=0.054_dist=500_repair_6_males=6_nmar=5,6,5
0.054,1,0,500,73.8749900643723,252.16471553364855,30.630117284219143,13,1.3,2.0362034731217045,487,D_pmar=0.054_dist=500_repair_6_males=6_nmar=5,6,5
0.054,13,500,0,68.80702020447761,269.55007483742804,18.09597614449355,13,1.3,2.252457955531159,487,D_pmar=0.054_dist=500_repair_6_males=6_nmar=5,6,5
0.054,6,500,500,72.86458700867911,234.30089382594952,48.638056242382525,14,1.4,3.022949236963596,487,D_pmar=0.054_dist=500_repair_6_males=6_nmar=5,6,5
0.054,12,1000,0,72.20125491073767,224.3984218198709,60.87801902499573,6,0.6,2.1416745190963353,487,D_pmar=0.054_dist=500_repair_6_males=6_nmar=5,6,5
0.054,14,1000,500,68.6792526689256,221.54374389620943,67.11575518244284,9,0.8999999999999999,1.901438324623401,487,D_pmar=0.054_dist=500_repair_6_males=6_nmar=5,6,5
0.054,13,0,0,67.53242778725172,240.5805067213061,48.71224618754769,12,1.2,2.0340291130807584,488,D_pmar=0.054_dist=500_repair_6_males=6_nmar=5,6,5
0.054,11,0,500,70.26517095952804,240.10640914213636,45.666508249565915,14,1.4,2.6406640835894883,488,D_pmar=0.054_dist=500_repair_6_males=6_nmar=5,6,5
0.054,10,500,0,71.95251140147755,223.77481291780936,61.3842359417389,11,1.1,1.8878784533820376,488,D_pmar=0.054_dist=500_repair_6_males=6_nmar=5,6,5
0.054,6,500,500,74.11061873189054,191.9046887655288,91.80430664868813,7,0.7,1.5118914004394617,488,D_pmar=0.054_dist=500_repair_6_males=6_nmar=5,6,5
0.054,9,1000,0,73.22084014358475,228.88162375039897,54.82846813795483,12,1.2,1.9189697901993437,488,D_pmar=0.054_dist=500_repair_6_males=6_nmar=5,6,5
0,5,1000,500,70.20583751904577,252.94278450936253,36.93004863515811,0,0,0,488,D_pmar=0.054_dist=500_repair_6_males=6_nmar=5,6,5
0.054,9,0,0,73.23135618219357,234.55940130976543,49.134492982708124,9,0.8999999999999999,2.2592124941307103,489,D_pmar=0.054_dist=500_repair_6_males=6_nmar=5,6,5
0.054,8,0,500,69.56153603143716,256.5330350912993,30.63243600305868,11,1.1,2.305204498314994,489,D_pmar=0.054_dist=500_repair_6_males=6_nmar=5,6,5
0.054,14,500,0,71.36305975774353,243.67186396873444,42.46764751099598,7,0.7,1.8280222858443775,489,D_pmar=0.054_dist=500_repair_6_males=6_nmar=5,6,5
0.054,6,500,500,71.14220309641924,244.19004212176327,41.63309557348198,10,1,2.0859420919492613,489,D_pmar=0.054_dist=500_repair_6_males=6_nmar=5,6,5
0,8,1000,0,68.26161496374883,218.3752725889184,73.42847247468666,0,0,0,489,D_pmar=0.054_dist=500_repair_6_males=6_nmar=5,6,5
0.054,9,1000,500,70.2674550713008,244.08357269327595,42.634626813043525,9,0.8999999999999999,2.231861293171269,489,D_pmar=0.054_dist=500_repair_6_males=6_nmar=5,6,5
0.054,7,0,0,70.49368551825886,225.1337504657242,61.76049592721119,10,1,1.6459751310784394,48,D_pmar=0.054_dist=500_repair_6_males=6_nmar=5,6,5
0.054,11,0,500,69.70270283697342,232.46343970867824,54.746630766633075,13,1.3,1.8958216420511953,48,D_pmar=0.054_dist=500_repair_6_males=6_nmar=5,6,5
0.054,10,500,0,71.59713671370385,212.769452859895,72.9559367008087,9,0.8999999999999999,1.8032290494586027,48,D_pmar=0.054_dist=500_repair_6_males=6_nmar=5,6,5
0.054,10,500,500,69.20314807643656,213.77693754109973,73.71572364686914,14,1.4,1.9356676918599536,48,D_pmar=0.054_dist=500_repair_6_males=6_nmar=5,6,5
0,6,1000,0,70.91700111578601,234.30901671220064,54.96996158622921,0,0,0,48,D_pmar=0.054_dist=500_repair_6_males=6_nmar=5,6,5
0.054,10,1000,500,73.04097691303,222.4344060590275,61.02657929397797,17,1.7000000000000004,1.985783436434822,48,D_pmar=0.054_dist=500_repair_6_males=6_nmar=5,6,5
0.054,9,0,0,71.19999181214212,236.24694729235293,49.04513257783247,17,1.7000000000000004,1.843227245323368,490,D_pmar=0.054_dist=500_repair_6_males=6_nmar=5,6,5
0.054,12,0,500,69.3235526532555,244.38838499919532,42.78086346838269,12,1.2,2.37217029060648,490,D_pmar=0.054_dist=500_repair_6_males=6_nmar=5,6,5
0.054,10,500,0,69.15391794659548,232.0425770045158,55.20233671839459,12,1.2,2.4655964471144056,490,D_pmar=0.054_dist=500_repair_6_males=6_nmar=5,6,5
0.054,7,500,500,72.3115991304367,188.11141533548627,97.58069031900509,6,0.6,1.458333333333333,490,D_pmar=0.054_dist=500_repair_6_males=6_nmar=5,6,5
0,9,1000,0,70.1980149552806,230.34965090549468,59.52156331035347,0,0,0,490,D_pmar=0.054_dist=500_repair_6_males=6_nmar=5,6,5
0.054,7,1000,500,74.17898575532135,208.90020070363633,73.00794190873965,15,1.5000000000000002,2.5250754889047533,490,D_pmar=0.054_dist=500_repair_6_males=6_nmar=5,6,5
0,8,0,0,69.90919203521578,266.0860369891526,24.17480840901184,0,0,0,491,D_pmar=0.054_dist=500_repair_6_males=6_nmar=5,6,5
0.054,13,0,500,70.61367668363795,249.7419332161268,36.57429218375942,9,0.8999999999999999,2.2100031471064736,491,D_pmar=0.054_dist=500_repair_6_males=6_nmar=5,6,5
0.054,8,500,0,71.18624404462942,194.9114267696579,91.22895856605936,9,0.8999999999999999,1.9143167780054384,491,D_pmar=0.054_dist=500_repair_6_males=6_nmar=5,6,5
0.054,11,500,500,72.40552279114875,212.1375768157196,73.2950208448254,10,1,1.307529661440707,491,D_pmar=0.054_dist=500_repair_6_males=6_nmar=5,6,5
0.054,10,1000,0,66.99296707801328,247.3303946816397,42.935120533728295,10,1,1.7866612542609612,491,D_pmar=0.054_dist=500_repair_6_males=6_nmar=5,6,5
0.054,4,1000,500,68.61203342081913,257.8488259348395,30.77702469634249,11,1.1,1.825391487635412,491,D_pmar=0.054_dist=500_repair_6_males=6_nmar=5,6,5
0.054,8,0,0,74.3359000999849,264.3180253120456,18.17291931928896,9,0.8999999999999999,2.347224908164698,492,D_pmar=0.054_dist=500_repair_6_males=6_nmar=5,6,5
0.054,6,0,500,68.21149332573992,226.95280968055465,61.43719406816001,15,1.5000000000000002,2.065120449898065,492,D_pmar=0.054_dist=500_repair_6_males=6_nmar=5,6,5
0.054,8,500,0,71.65570918929153,225.00201448602223,60.863678744749166,11,1.1,1.527096359918452,492,D_pmar=0.054_dist=500_repair_6_males=6_nmar=5,6,5
0.054,11,500,500,67.41943035816642,215.96537250496812,72.98609286519786,17,1.7000000000000004,2.0515605786567015,492,D_pmar=0.054_dist=500_repair_6_males=6_nmar=5,6,5
0.054,10,1000,0,74.90537280171074,203.49038469985047,79.0376493274659,7,0.7,1.9159618662430655,492,D_pmar=0.054_dist=500_repair_6_males=6_nmar=5,6,5
0,11,1000,500,72.98177613717793,219.68958657018908,67.45716747456926,0,0,0,492,D_pmar=0.054_dist=500_repair_6_males=6_nmar=5,6,5
0.054,7,0,0,69.90890249124715,273.20414933683975,12.341824298297787,21,2.1000000000000005,2.461776998835833,493,D_pmar=0.054_dist=500_repair_6_males=6_nmar=5,6,5
0,7,0,500,68.66281877248507,154.3650382263364,136.99017642741003,0,0,0,493,D_pmar=0.054_dist=500_repair_6_males=6_nmar=5,6,5
0.054,9,500,0,73.0550307327722,241.99740578634652,42.62305054095981,9,0.8999999999999999,1.589279033553064,493,D_pmar=0.054_dist=500_repair_6_males=6_nmar=5,6,5
0.054,8,500,500,70.82108579893736,261.44972208313686,24.416168415114186,8,0.7999999999999999,2.634518129213963,493,D_pmar=0.054_dist=500_repair_6_males=6_nmar=5,6,5
0.054,10,1000,0,71.34719325650843,177.02151201132196,110.06697863849932,4,0.4,1.1878173263653875,493,D_pmar=0.054_dist=500_repair_6_males=6_nmar=5,6,5
0.054,13,1000,500,70.56883818701905,267.2754911998196,18.509053038810492,15,1.5000000000000002,2.406117405324057,493,D_pmar=0.054_dist=500_repair_6_males=6_nmar=5,6,5
0.054,9,0,0,70.82400886313813,259.45779704842704,25.652855218692316,16,1.6000000000000003,2.673248362588415,494,D_pmar=0.054_dist=500_repair_6_males=6_nmar=5,6,5
0.054,7,0,500,70.75054294632606,261.293811388226,24.363505234612756,9,0.8999999999999999,2.912673032739054,494,D_pmar=0.054_dist=500_repair_6_males=6_nmar=5,6,5
0.054,13,500,0,68.88513879025065,215.46894567123152,72.93196239653761,12,1.2,1.5795386105902725,494,D_pmar=0.054_dist=500_repair_6_males=6_nmar=5,6,5
0.054,1,500,500,69.61104313809902,202.2782901555924,85.62753862331908,8,0.7999999999999999,1.8306310444603051,494,D_pmar=0.054_dist=500_repair_6_males=6_nmar=5,6,5
0,13,1000,0,72.66779101535302,163.3692195827464,124.0793815204661,0,0,0,494,D_pmar=0.054_dist=500_repair_6_males=6_nmar=5,6,5
0.054,11,1000,500,70.6495669799815,255.15826992758224,30.398397993992944,16,1.6000000000000003,2.2652063024502285,494,D_pmar=0.054_dist=500_repair_6_males=6_nmar=5,6,5
0,6,0,0,71.82171026329696,245.39904332981152,43.14053103413911,0,0,0,495,D_pmar=0.054_dist=500_repair_6_males=6_nmar=5,6,5
0.054,6,0,500,71.75747043917251,273.16007159543057,12.362262360295762,9,0.8999999999999999,2.043617389987543,495,D_pmar=0.054_dist=500_repair_6_males=6_nmar=5,6,5
0.054,11,500,0,75.28089105729028,209.27709594553824,72.81432868609556,10,1,1.6557155540412305,495,D_pmar=0.054_dist=500_repair_6_males=6_nmar=5,6,5
0.054,8,500,500,71.66027011454844,261.47114991968346,24.25864756935465,10,1,1.6312994434027677,495,D_pmar=0.054_dist=500_repair_6_males=6_nmar=5,6,5
0.054,8,1000,0,68.60312728407273,251.69809213113692,36.716095218671256,11,1.1,2.067424916401979,495,D_pmar=0.054_dist=500_repair_6_males=6_nmar=5,6,5
0.054,15,1000,500,71.82203416137301,194.73259167500032,91.31122091156084,6,0.6,1.5509259259259256,495,D_pmar=0.054_dist=500_repair_6_males=6_nmar=5,6,5
0.054,13,0,0,67.64928579619988,161.9247821264034,128.06226953626333,10,1,1.4480636385672228,496,D_pmar=0.054_dist=500_repair_6_males=6_nmar=5,6,5
0.054,7,0,500,71.03296910259543,247.40484058257152,36.760028509513255,16,1.6000000000000003,3.2042136218564647,496,D_pmar=0.054_dist=500_repair_6_males=6_nmar=5,6,5
0.054,8,500,0,72.49801315116262,241.02574637307444,42.98495628253471,14,1.4,2.105800063622156,496,D_pmar=0.054_dist=500_repair_6_males=6_nmar=5,6,5
0.054,9,500,500,69.41387509472233,262.68494343864575,24.35801178176799,11,1.1,2.5153350659419615,496,D_pmar=0.054_dist=500_repair_6_males=6_nmar=5,6,5
0.054,8,1000,0,72.57777031864663,222.93289758769728,61.30746285626767,11,1.1,2.14443542376827,496,D_pmar=0.054_dist=500_repair_6_males=6_nmar=5,6,5
0,9,1000,500,69.75811275053195,205.12291723352263,85.27311728647003,0,0,0,496,D_pmar=0.054_dist=500_repair_6_males=6_nmar=5,6,5
0.054,8,0,0,67.46722820130363,246.87010031710133,42.557118121453456,11,1.1,2.06196037988578,497,D_pmar=0.054_dist=500_repair_6_males=6_nmar=5,6,5
0.054,13,0,500,69.15900509504965,215.70382400608844,71.86420346259328,12,1.2,2.3045451200487066,497,D_pmar=0.054_dist=500_repair_6_males=6_nmar=5,6,5
0.054,10,500,0,71.05970228842361,254.3664913873161,30.689486016209983,14,1.4,2.608761222449888,497,D_pmar=0.054_dist=500_repair_6_males=6_nmar=5,6,5
0,10,500,500,70.631977502205,160.84465669450944,128.70500199662322,0,0,0,497,D_pmar=0.054_dist=500_repair_6_males=6_nmar=5,6,5
0.054,5,1000,0,67.36500730716779,252.4603484238913,36.71432196949197,11,1.1,2.4243875615869945,497,D_pmar=0.054_dist=500_repair_6_males=6_nmar=5,6,5
0.054,8,1000,500,70.45164463477461,244.32981425411057,42.30600932897132,10,1,2.007134350289337,497,D_pmar=0.054_dist=500_repair_6_males=6_nmar=5,6,5
0,8,0,0,76.45171173894128,234.71493877232817,49.02876241459808,0,0,0,498,D_pmar=0.054_dist=500_repair_6_males=6_nmar=5,6,5
0.054,10,0,500,72.48165531335427,229.1238502214005,55.22717075980351,14,1.4,1.9356676918599536,498,D_pmar=0.054_dist=500_repair_6_males=6_nmar=5,6,5
0.054,9,500,0,70.56001241539103,188.84020920602887,98.3295090097496,9,0.8999999999999999,1.4520352329018018,498,D_pmar=0.054_dist=500_repair_6_males=6_nmar=5,6,5
0.054,12,500,500,73.66150281455097,179.7031973893095,103.27739775984216,15,1.5000000000000002,1.8670568113308417,498,D_pmar=0.054_dist=500_repair_6_males=6_nmar=5,6,5
0.054,6,1000,0,73.64143117794487,252.1877511250291,30.624942564913216,12,1.2,2.4353166346193937,498,D_pmar=0.054_dist=500_repair_6_males=6_nmar=5,6,5
0.054,9,1000,500,71.24528450441116,224.2857914473811,60.921326362079,15,1.5000000000000002,2.2400359403171413,498,D_pmar=0.054_dist=500_repair_6_males=6_nmar=5,6,5
0.054,4,0,0,70.24832784320655,255.3589345953907,30.57057667175985,12,1.2,2.8268129391529744,499,D_pmar=0.054_dist=500_repair_6_males=6_nmar=5,6,5
0.054,10,0,500,73.64839698720938,180.26945006234783,103.95519636706592,9,0.8999999999999999,1.3243797091573244,499,D_pmar=0.054_dist=500_repair_6_males=6_nmar=5,6,5
0.054,5,500,0,69.80840161956564,256.3919959951989,30.44818729479583,15,1.5000000000000002,1.9663025905092393,499,D_pmar=0.054_dist=500_repair_6_males=6_nmar=5,6,5
0.054,7,500,500,71.10113738249055,237.67615286146497,48.52377967745869,12,1.2,1.723210618136035,499,D_pmar=0.054_dist=500_repair_6_males=6_nmar=5,6,5
0.054,14,1000,0,72.17309189576916,214.78626571364356,69.85135282189106,11,1.1,2.1937396440208445,499,D_pmar=0.054_dist=500_repair_6_males=6_nmar=5,6,5
0,14,1000,500,71.59962368754441,215.604727278893,72.88889421515515,0,0,0,499,D_pmar=0.054_dist=500_repair_6_males=6_nmar=5,6,5
0.054,10,0,0,69.13380597453703,221.83020094085467,66.86309227755048,6,0.6,1.7122815451036368,49,D_pmar=0.054_dist=500_repair_6_males=6_nmar=5,6,5
0.054,8,0,500,70.80311645651774,250.87453958565968,35.463144694357005,7,0.7,2.2767439597066534,49,D_pmar=0.054_dist=500_repair_6_males=6_nmar=5,6,5
0.054,8,500,0,69.41290345718988,244.9349714675921,42.58590957037125,9,0.8999999999999999,2.1745630902072755,49,D_pmar=0.054_dist=500_repair_6_males=6_nmar=5,6,5
0.054,5,500,500,73.99074316145841,233.50720343623536,48.50890969742184,17,1.7000000000000004,2.5179438245578893,49,D_pmar=0.054_dist=500_repair_6_males=6_nmar=5,6,5
0.054,17,1000,0,69.30488282339832,220.6960210957308,67.06175010896237,12,1.2,1.8055555555555551,49,D_pmar=0.054_dist=500_repair_6_males=6_nmar=5,6,5
0,6,1000,500,70.2001328331419,240.98400435378556,48.84487689080046,0,0,0,49,D_pmar=0.054_dist=500_repair_6_males=6_nmar=5,6,5
0.054,5,0,0,70.32653400509703,189.29780859134567,97.74315165519604,13,1.3,1.4176537196092422,500,D_pmar=0.054_dist=500_repair_6_males=6_nmar=5,6,5
0.054,15,0,500,70.20697174721137,220.14263243185948,66.84779290918372,10,1,1.8483874897275532,500,D_pmar=0.054_dist=500_repair_6_males=6_nmar=5,6,5
0.054,9,500,0,69.44033916243444,190.14276721152885,97.92862558664024,8,0.7999999999999999,1.7896691782172394,500,D_pmar=0.054_dist=500_repair_6_males=6_nmar=5,6,5
0.054,12,500,500,71.487369395202,241.70292128225492,42.37226839561707,20,2.0000000000000004,2.548223637052902,500,D_pmar=0.054_dist=500_repair_6_males=6_nmar=5,6,5
0.054,6,1000,0,69.16341267386524,256.2556522600541,30.63781323412535,15,1.5000000000000002,2.4614506671307805,500,D_pmar=0.054_dist=500_repair_6_males=6_nmar=5,6,5
0,7,1000,500,67.98156479033275,225.05669554629773,67.17572387486402,0,0,0,500,D_pmar=0.054_dist=500_repair_6_males=6_nmar=5,6,5
0,7,0,0,73.8913346164641,194.62026594708192,91.56842063267214,0,0,0,501,D_pmar=0.054_dist=500_repair_6_males=6_nmar=5,6,5
0.054,11,0,500,71.93848180857924,223.1673309264131,62.04242191257482,9,0.8999999999999999,2.048552654700423,501,D_pmar=0.054_dist=500_repair_6_males=6_nmar=5,6,5
0.054,10,500,0,69.0725620983097,244.29966981376035,43.001913740474905,14,1.4,2.2375572881641816,501,D_pmar=0.054_dist=500_repair_6_males=6_nmar=5,6,5
0.054,4,500,500,68.20417627016067,257.41365762886136,30.429314923165546,15,1.5000000000000002,2.591302590509243,501,D_pmar=0.054_dist=500_repair_6_males=6_nmar=5,6,5
0.054,17,1000,0,69.67732649591734,209.12156265919228,78.90593765362202,6,0.6,1.6970765856246466,501,D_pmar=0.054_dist=500_repair_6_males=6_nmar=5,6,5
0.054,5,1000,500,72.10402519357834,247.95895995431985,36.47569003898357,13,1.3,2.2663221188845357,501,D_pmar=0.054_dist=500_repair_6_males=6_nmar=5,6,5
0.054,6,0,0,69.91847724770082,196.60635984923897,91.42831660617296,7,0.7,1.4768284692875766,502,D_pmar=0.054_dist=500_repair_6_males=6_nmar=5,6,5
0.054,9,0,500,70.1295802300619,255.115008971272,30.517347034156785,12,1.2,3.0667668811069344,502,D_pmar=0.054_dist=500_repair_6_males=6_nmar=5,6,5
0.054,6,500,0,70.11861253525207,225.8821196266211,60.916199894090845,13,1.3,1.8310081702076175,502,D_pmar=0.054_dist=500_repair_6_males=6_nmar=5,6,5
0,9,500,500,69.14130509424264,266.4549304932153,24.656533236271937,0,0,0,502,D_pmar=0.054_dist=500_repair_6_males=6_nmar=5,6,5
0.054,20,1000,0,71.89412540868949,230.91179921130632,53.478397826221645,17,1.7000000000000004,2.048270402181448,502,D_pmar=0.054_dist=500_repair_6_males=6_nmar=5,6,5
0.054,4,1000,500,72.57254816971142,212.35469705283847,73.228435094897,6,0.6,1.4576519154740075,502,D_pmar=0.054_dist=500_repair_6_males=6_nmar=5,6,5
0,4,0,0,69.99831173148888,259.9434349015419,30.435580168420525,0,0,0,503,D_pmar=0.054_dist=500_repair_6_males=6_nmar=5,6,5
0.054,9,0,500,68.4188398766681,264.284381364809,24.708394076209647,10,1,1.621334040748671,503,D_pmar=0.054_dist=500_repair_6_males=6_nmar=5,6,5
0.054,7,500,0,72.70614288903283,241.18519787285317,42.70680625467824,16,1.6000000000000003,2.082651915474008,503,D_pmar=0.054_dist=500_repair_6_males=6_nmar=5,6,5
0.054,12,500,500,69.96928140208536,221.1063124360115,66.81993580197505,8,0.7999999999999999,1.3943534254050876,503,D_pmar=0.054_dist=500_repair_6_males=6_nmar=5,6,5
0.054,13,1000,0,71.44751233159141,210.87635069877905,75.07549014021943,10,1,1.810338674212428,503,D_pmar=0.054_dist=500_repair_6_males=6_nmar=5,6,5
0.054,9,1000,500,74.11535782713925,191.90322244312915,91.44297974912747,11,1.1,1.6003602526414682,503,D_pmar=0.054_dist=500_repair_6_males=6_nmar=5,6,5
0.054,7,0,0,69.84436143427918,280.75159768145846,6.1084986872997815,8,0.7999999999999999,2.612051398925141,504,D_pmar=0.054_dist=500_repair_6_males=6_nmar=5,6,5
0.054,9,0,500,70.8605233923164,226.16646578530387,60.63080273404009,7,0.7,1.8167889206999663,504,D_pmar=0.054_dist=500_repair_6_males=6_nmar=5,6,5
0.054,7,500,0,69.98229432256525,238.3589571792441,49.29667120718376,6,0.6,1.8336389684165832,504,D_pmar=0.054_dist=500_repair_6_males=6_nmar=5,6,5
0.054,13,500,500,69.88944202293843,279.94772412386027,6.0980698765150665,15,1.5000000000000002,2.620124694057267,504,D_pmar=0.054_dist=500_repair_6_males=6_nmar=5,6,5
0.054,5,1000,0,67.90171951387272,199.22539890939697,91.09012149767196,5,0.5,1.4368302734228111,504,D_pmar=0.054_dist=500_repair_6_males=6_nmar=5,6,5
0,13,1000,500,72.72272573007423,250.51570230388452,36.770096591431546,0,0,0,504,D_pmar=0.054_dist=500_repair_6_males=6_nmar=5,6,5
0,11,0,0,73.1890161582504,237.9061428196899,49.05938628747961,0,0,0,505,D_pmar=0.054_dist=500_repair_6_males=6_nmar=5,6,5
0.054,3,0,500,71.19721409751074,260.8188493708358,24.353611491825298,9,0.8999999999999999,2.863245420879694,505,D_pmar=0.054_dist=500_repair_6_males=6_nmar=5,6,5
0.054,8,500,0,69.3186097738125,227.1677400886321,60.85318154241739,6,0.6,2.07470872680485,505,D_pmar=0.054_dist=500_repair_6_males=6_nmar=5,6,5
0.054,10,500,500,74.01530614488442,221.8532560969444,61.622025254684495,8,0.7999999999999999,2.051560578656702,505,D_pmar=0.054_dist=500_repair_6_males=6_nmar=5,6,5
0.054,9,1000,0,71.9462144279681,236.0795703696735,48.50534335216447,13,1.3,2.266699244631848,505,D_pmar=0.054_dist=500_repair_6_males=6_nmar=5,6,5
0.054,13,1000,500,68.23333828176595,227.51691500655136,61.0971412464187,15,1.5000000000000002,1.8974667302888215,505,D_pmar=0.054_dist=500_repair_6_males=6_nmar=5,6,5
0.054,11,0,0,70.5931476502539,203.1220773202249,83.16944355480099,13,1.3,1.8250871955233985,506,D_pmar=0.054_dist=500_repair_6_males=6_nmar=5,6,5
0.054,9,0,500,72.20715577415143,253.35107566929184,30.420261388098623,17,1.7000000000000004,2.4390632492626665,506,D_pmar=0.054_dist=500_repair_6_males=6_nmar=5,6,5
0.054,4,500,0,69.54667710548969,237.8327123397877,49.10290352813976,14,1.4,2.2508349068865705,506,D_pmar=0.054_dist=500_repair_6_males=6_nmar=5,6,5
0.054,11,500,500,74.12668420231115,210.54975327568584,72.96587798430562,7,0.7,1.7256892702889937,506,D_pmar=0.054_dist=500_repair_6_males=6_nmar=5,6,5
0,11,1000,0,64.35962204901323,258.99434585384313,36.68614078788864,0,0,0,506,D_pmar=0.054_dist=500_repair_6_males=6_nmar=5,6,5
0.054,8,1000,500,74.42717440031801,215.5954875021445,67.82770409064634,6,0.6,1.608455587366633,506,D_pmar=0.054_dist=500_repair_6_males=6_nmar=5,6,5
0.054,7,0,0,68.67814912947631,238.5747293893969,49.48543996562908,10,1,2.516450882376269,507,D_pmar=0.054_dist=500_repair_6_males=6_nmar=5,6,5
0,4,0,500,66.78694191994863,231.85996513238237,61.35605052468392,0,0,0,507,D_pmar=0.054_dist=500_repair_6_males=6_nmar=5,6,5
0.054,8,500,0,70.8798350449899,206.44674602108637,79.41163303714801,16,1.6000000000000003,1.6952793513310134,507,D_pmar=0.054_dist=500_repair_6_males=6_nmar=5,6,5
0.054,13,500,500,68.76041610033855,252.38736729048136,36.29294189460891,7,0.7,2.054850755131955,507,D_pmar=0.054_dist=500_repair_6_males=6_nmar=5,6,5
0.054,14,1000,0,69.33517145860705,245.4446046061811,42.64809396914857,8,0.7999999999999999,1.9267608328124943,507,D_pmar=0.054_dist=500_repair_6_males=6_nmar=5,6,5
0.054,8,1000,500,70.99752181354522,255.38748573582347,30.561696871442667,9,0.8999999999999999,2.207980933121534,507,D_pmar=0.054_dist=500_repair_6_males=6_nmar=5,6,5
0.054,22,0,0,72.3358633217337,217.73919298074355,67.35395095373451,11,1.1,1.6332488237524077,508,D_pmar=0.054_dist=500_repair_6_males=6_nmar=5,6,5
0.054,6,0,500,72.14150495815669,219.16298963582548,65.82857860372174,11,1.1,1.976854537794325,508,D_pmar=0.054_dist=500_repair_6_males=6_nmar=5,6,5
0,7,500,0,74.29381590677727,215.61423624802575,70.13387373974128,0,0,0,508,D_pmar=0.054_dist=500_repair_6_males=6_nmar=5,6,5
0.054,3,500,500,76.40618759515216,198.04380087794468,82.61352065895295,10,1,1.9907407407407405,508,D_pmar=0.054_dist=500_repair_6_males=6_nmar=5,6,5
0.054,6,1000,0,71.27542009185139,254.75958396406904,30.502880450148183,15,1.5000000000000002,2.063301176011393,508,D_pmar=0.054_dist=500_repair_6_males=6_nmar=5,6,5
0.054,10,1000,500,68.1251364977299,258.1542762302826,30.236801286881807,11,1.1,2.4348094024091127,508,D_pmar=0.054_dist=500_repair_6_males=6_nmar=5,6,5
0.054,5,0,0,72.13085551026637,246.96468104156577,36.55695372684826,15,1.5000000000000002,3.00866386867683,509,D_pmar=0.054_dist=500_repair_6_males=6_nmar=5,6,5
0,12,0,500,71.04232525092992,240.16675345857237,48.81153853023727,0,0,0,509,D_pmar=0.054_dist=500_repair_6_males=6_nmar=5,6,5
0.054,8,500,0,68.63420501563702,227.90089007979444,60.71904598494978,10,1,2.007590788457357,509,D_pmar=0.054_dist=500_repair_6_males=6_nmar=5,6,5
0.054,5,500,500,66.88380384447487,228.03109789417903,62.488309346319944,7,0.7,1.931848243581381,509,D_pmar=0.054_dist=500_repair_6_males=6_nmar=5,6,5
0.054,14,1000,0,69.6874678629726,202.76080630551488,85.50711952724885,8,0.7999999999999999,1.2979413845339227,509,D_pmar=0.054_dist=500_repair_6_males=6_nmar=5,6,5
0.054,10,1000,500,72.82561840354417,264.98611469040867,18.45109123322858,12,1.2,2.554065299316413,509,D_pmar=0.054_dist=500_repair_6_males=6_nmar=5,6,5
0.054,12,0,0,70.38345279946819,183.181085536184,103.5762369548267,12,1.2,1.684480384761584,50,D_pmar=0.054_dist=500_repair_6_males=6_nmar=5,6,5
0.054,12,0,500,71.96853082692996,220.03074831337696,65.69870020832126,8,0.7999999999999999,1.5446278254943944,50,D_pmar=0.054_dist=500_repair_6_males=6_nmar=5,6,5
0,9,500,0,69.5768646794376,219.14008097944037,71.55480517474402,0,0,0,50,D_pmar=0.054_dist=500_repair_6_males=6_nmar=5,6,5
0.054,7,500,500,70.71348009739104,222.00251041641616,64.59356781744256,9,0.8999999999999999,1.991704411119041,50,D_pmar=0.054_dist=500_repair_6_males=6_nmar=5,6,5
0.054,9,1000,0,69.3563668078115,256.33995046502787,30.33899383692719,16,1.6000000000000003,2.4067259895480837,50,D_pmar=0.054_dist=500_repair_6_males=6_nmar=5,6,5
0.054,5,1000,500,70.24809541041652,243.632795789462,42.38770206296226,18,1.8000000000000005,2.13507212655279,50,D_pmar=0.054_dist=500_repair_6_males=6_nmar=5,6,5
0,10,0,0,68.39160268039066,225.00557535012567,66.71128658717294,0,0,0,510,D_pmar=0.054_dist=500_repair_6_males=6_nmar=5,6,5
0.054,10,0,500,66.67829743978493,216.67814535150143,73.04892631085166,17,1.7000000000000004,1.967592592592592,510,D_pmar=0.054_dist=500_repair_6_males=6_nmar=5,6,5
0.054,10,500,0,67.99604235397726,234.15220458456577,54.69005016857841,11,1.1,2.1645183751324706,510,D_pmar=0.054_dist=500_repair_6_males=6_nmar=5,6,5
0.054,11,500,500,69.19613479198176,214.7190458514193,73.260751604866,13,1.3,1.5654494675455903,510,D_pmar=0.054_dist=500_repair_6_males=6_nmar=5,6,5
0.054,5,1000,0,71.65161383526,223.52522162768855,61.399785098452206,13,1.3,2.2371008499961613,510,D_pmar=0.054_dist=500_repair_6_males=6_nmar=5,6,5
0.054,8,1000,500,68.25843329802335,221.91217181565816,67.118608696777585,11,1.1,1.7336324589581515,510,D_pmar=0.054_dist=500_repair_6_males=6_nmar=5,6,5
0.054,8,0,0,71.21244513475867,253.94679110566372,30.44940533558201,19,1.9000000000000008,2.5241118185264524,511,D_pmar=0.054_dist=500_repair_6_males=6_nmar=5,6,5
0.054,9,0,500,73.54149870048909,251.80851116618675,30.42979220707949,16,1.6000000000000003,2.640264918249136,511,D_pmar=0.054_dist=500_repair_6_males=6_nmar=5,6,5
0.054,9,500,0,71.30090757053411,210.95194768846537,75.59792475042627,10,1,1.4345037673258596,511,D_pmar=0.054_dist=500_repair_6_males=6_nmar=5,6,5
0,7,500,500,68.36843494668844,217.88371596188705,73.78835857917136,0,0,0,511,D_pmar=0.054_dist=500_repair_6_males=6_nmar=5,6,5
0.054,12,1000,0,71.19282248315119,213.05756343385065,73.46059798164953,8,0.7999999999999999,1.5350395485876098,511,D_pmar=0.054_dist=500_repair_6_males=6_nmar=5,6,5
0.054,9,1000,500,70.34817077933666,201.30894422344332,85.81357261526546,8,0.7999999999999999,1.7665210300690908,511,D_pmar=0.054_dist=500_repair_6_males=6_nmar=5,6,5
0.054,8,0,0,72.0797078676525,205.09397376157176,79.45469064830765,17,1.7000000000000004,1.9870513989251364,512,D_pmar=0.054_dist=500_repair_6_males=6_nmar=5,6,5
0,9,0,500,73.0666338800626,183.17687209949068,103.91952456090252,0,0,0,512,D_pmar=0.054_dist=500_repair_6_males=6_nmar=5,6,5
0.054,10,500,0,69.84839513852081,250.430747751495,36.462484505269956,10,1,2.4011093069758784,512,D_pmar=0.054_dist=500_repair_6_males=6_nmar=5,6,5
0.054,11,500,500,68.5425802890326,252.54628139553208,36.37483630692835,8,0.7999999999999999,1.9085479493772264,512,D_pmar=0.054_dist=500_repair_6_males=6_nmar=5,6,5
0.054,9,1000,0,72.54174627953998,240.68030684501105,42.9333829093965,15,1.5000000000000002,2.5894104829872733,512,D_pmar=0.054_dist=500_repair_6_males=6_nmar=5,6,5
0.054,7,1000,500,71.98604386912572,212.0581353733049,72.9795168916249,11,1.1,1.8804645365161985,512,D_pmar=0.054_dist=500_repair_6_males=6_nmar=5,6,5
0.054,3,0,0,68.66989522822314,208.82263400565748,79.44204588851206,13,1.3,1.826225051550744,513,D_pmar=0.054_dist=500_repair_6_males=6_nmar=5,6,5
0,14,0,500,70.84280866574717,222.0376493178581,67.15062345318852,0,0,0,513,D_pmar=0.054_dist=500_repair_6_males=6_nmar=5,6,5
0.054,8,500,0,69.71022623952273,251.15209339441296,35.0950963496694,14,1.4,2.6910841202763702,513,D_pmar=0.054_dist=500_repair_6_males=6_nmar=5,6,5
0.054,7,500,500,70.9342469719777,194.88240286570743,90.84811792440377,13,1.3,2.120019313129807,513,D_pmar=0.054_dist=500_repair_6_males=6_nmar=5,6,5
0.054,10,1000,0,69.3592816270644,245.40089423118627,41.62035264416768,12,1.2,2.600643848131684,513,D_pmar=0.054_dist=500_repair_6_males=6_nmar=5,6,5
0.054,12,1000,500,68.25331363368154,234.21055076999912,54.94933607650001,9,0.8999999999999999,1.7701883322916565,513,D_pmar=0.054_dist=500_repair_6_males=6_nmar=5,6,5
0.054,13,0,0,73.05534721538346,210.7111343560161,73.41502437390182,12,1.2,1.6615572163047414,514,D_pmar=0.054_dist=500_repair_6_males=6_nmar=5,6,5
0.054,14,0,500,71.19618643051474,219.1201819709785,67.18007433291474,9,0.8999999999999999,1.7946044429301191,514,D_pmar=0.054_dist=500_repair_6_males=6_nmar=5,6,5
0.054,6,500,0,68.46900642464341,240.1826429014489,48.81907029344791,8,0.7999999999999999,1.7298130106795797,514,D_pmar=0.054_dist=500_repair_6_males=6_nmar=5,6,5
0,7,500,500,72.70998767652507,201.98449358864093,85.41959361700304,0,0,0,514,D_pmar=0.054_dist=500_repair_6_males=6_nmar=5,6,5
0.054,7,1000,0,70.03259177255708,256.02131996580806,30.24731499306915,14,1.4,2.398782800878927,514,D_pmar=0.054_dist=500_repair_6_males=6_nmar=5,6,5
0.054,7,1000,500,64.73955939445243,255.5572845511696,36.73694252544095,13,1.3,1.861570235221604,514,D_pmar=0.054_dist=500_repair_6_males=6_nmar=5,6,5
0.054,7,0,0,67.20578271818383,223.2039119134514,67.3996898849006,8,0.7999999999999999,1.5254512716808253,515,D_pmar=0.054_dist=500_repair_6_males=6_nmar=5,6,5
0.054,12,0,500,69.59795376697079,240.69755293894733,46.33258728562145,14,1.4,2.007590788457357,515,D_pmar=0.054_dist=500_repair_6_males=6_nmar=5,6,5
0.054,12,500,0,62.474777895605875,252.59811621053132,42.49266734743798,7,0.7,1.9606130743017351,515,D_pmar=0.054_dist=500_repair_6_males=6_nmar=5,6,5
0,8,500,500,66.84699504569286,250.7596942260384,42.50184558155971,0,0,0,515,D_pmar=0.054_dist=500_repair_6_males=6_nmar=5,6,5
0.054,9,1000,0,70.9218194884142,194.9647616674201,91.5744401409508,10,1,1.5390111429221889,515,D_pmar=0.054_dist=500_repair_6_males=6_nmar=5,6,5
0.054,6,1000,500,69.45594694369372,262.6138889331081,24.155725592201676,14,1.4,2.5176615720389126,515,D_pmar=0.054_dist=500_repair_6_males=6_nmar=5,6,5
0,14,0,0,67.681027543643,230.8755654438266,61.47796349807362,0,0,0,516,D_pmar=0.054_dist=500_repair_6_males=6_nmar=5,6,5
0.054,11,0,500,71.6610807154986,259.6684964699838,24.538773963363344,17,1.7000000000000004,2.5449334605776484,516,D_pmar=0.054_dist=500_repair_6_males=6_nmar=5,6,5
0.054,9,500,0,71.91720962471686,199.52738535182144,85.44525645391614,13,1.3,1.834168240219902,516,D_pmar=0.054_dist=500_repair_6_males=6_nmar=5,6,5
0.054,8,500,500,73.00298567442894,216.6409542941506,67.45906625678933,11,1.1,1.8278701397883703,516,D_pmar=0.054_dist=500_repair_6_males=6_nmar=5,6,5
0.054,6,1000,0,69.78762887730164,207.6590472731344,79.44820676847344,12,1.2,1.9622581625393616,516,D_pmar=0.054_dist=500_repair_6_males=6_nmar=5,6,5
0.054,6,1000,500,70.2983639682351,207.038678093129,79.784218156367,12,1.2,1.7562513353029807,516,D_pmar=0.054_dist=500_repair_6_males=6_nmar=5,6,5
0.054,7,0,0,70.89280822618144,261.3892120892836,24.381582095648888,13,1.3,2.2386158317708196,517,D_pmar=0.054_dist=500_repair_6_males=6_nmar=5,6,5
0.054,10,0,500,73.5148163781908,180.75794824781252,103.42102311554513,10,1,1.4942077888075125,517,D_pmar=0.054_dist=500_repair_6_males=6_nmar=5,6,5
0.054,10,500,0,72.65663674544854,228.30710418956312,56.10378407016152,13,1.3,1.8319938801789568,517,D_pmar=0.054_dist=500_repair_6_males=6_nmar=5,6,5
0,10,500,500,72.99283114868511,178.57115748488292,108.52487227331684,0,0,0,517,D_pmar=0.054_dist=500_repair_6_males=6_nmar=5,6,5
0.054,10,1000,0,70.09941138263193,230.78107397931873,55.458149731046944,17,1.7000000000000004,1.99716894763524,517,D_pmar=0.054_dist=500_repair_6_males=6_nmar=5,6,5
0.054,7,1000,500,73.17362897857404,228.85454245835928,54.715557164939625,14,1.4,2.007873040976333,517,D_pmar=0.054_dist=500_repair_6_males=6_nmar=5,6,5
0.054,6,0,0,68.39992808116438,216.35367055628316,73.07620465605922,9,0.8999999999999999,1.3825907884573576,518,D_pmar=0.054_dist=500_repair_6_males=6_nmar=5,6,5
0.054,12,0,500,68.99498280713406,281.06473122564864,6.109355137077699,14,1.4,2.6195381494262793,518,D_pmar=0.054_dist=500_repair_6_males=6_nmar=5,6,5
0.054,11,500,0,69.27826705656466,234.09719931154623,52.97319268358851,18,1.8000000000000005,1.86075871089931,518,D_pmar=0.054_dist=500_repair_6_males=6_nmar=5,6,5
0,11,500,500,70.67365239646654,207.2330807815202,82.21693962919194,0,0,0,518,D_pmar=0.054_dist=500_repair_6_males=6_nmar=5,6,5
0.054,8,1000,0,72.7060006235376,199.48417223866812,85.30990928148546,8,0.7999999999999999,1.729131592820254,518,D_pmar=0.054_dist=500_repair_6_males=6_nmar=5,6,5
0.054,6,1000,500,74.26621341392409,239.86931477905085,43.29611690673715,8,0.7999999999999999,1.8240506915097987,518,D_pmar=0.054_dist=500_repair_6_males=6_nmar=5,6,5
0.054,2,0,0,71.4260803811665,273.0131374061045,12.231519631282495,7,0.7,2.680640239861213,519,D_pmar=0.054_dist=500_repair_6_males=6_nmar=5,6,5
0,13,0,500,69.3307028569714,199.563021194506,91.31932734195016,0,0,0,519,D_pmar=0.054_dist=500_repair_6_males=6_nmar=5,6,5
0.054,10,500,0,69.9665842720752,219.85601998280404,67.18440071918234,12,1.2,1.83528405665421,519,D_pmar=0.054_dist=500_repair_6_males=6_nmar=5,6,5
0.054,6,500,500,66.562019304917,217.08482787085345,73.15776714261912,15,1.5000000000000002,1.9245864727715492,519,D_pmar=0.054_dist=500_repair_6_males=6_nmar=5,6,5
0.054,9,1000,0,69.91374075542674,214.62665990734948,73.25860826794568,6,0.6,1.8804645365161985,519,D_pmar=0.054_dist=500_repair_6_males=6_nmar=5,6,5
0.054,14,1000,500,68.20482192806548,245.2232728277608,42.69768075882154,19,1.9000000000000008,2.0256294862435804,519,D_pmar=0.054_dist=500_repair_6_males=6_nmar=5,6,5
0.054,10,0,0,68.99823718479007,246.18861408692345,42.77365370863335,6,0.6,1.6416992446318464,51,D_pmar=0.054_dist=500_repair_6_males=6_nmar=5,6,5
0.054,11,0,500,67.800437836305,227.32959085212875,61.07735389036099,18,1.8000000000000005,2.0667655381356917,51,D_pmar=0.054_dist=500_repair_6_males=6_nmar=5,6,5
0.054,8,500,0,71.52827920606053,272.56026180445895,12.365257503509309,10,1,2.655716897012472,51,D_pmar=0.054_dist=500_repair_6_males=6_nmar=5,6,5
0,13,500,500,66.5935224585492,201.6345818131233,91.77224316376814,0,0,0,51,D_pmar=0.054_dist=500_repair_6_males=6_nmar=5,6,5
0.054,4,1000,0,70.10383075998516,226.01531293807932,61.158804367174355,8,0.7999999999999999,2.084804235921916,51,D_pmar=0.054_dist=500_repair_6_males=6_nmar=5,6,5
0.054,8,1000,500,65.80459707325768,206.09231350921067,84.97302760924823,16,1.6000000000000003,1.7410463758239905,51,D_pmar=0.054_dist=500_repair_6_males=6_nmar=5,6,5
0.054,11,0,0,70.58769274208363,219.40081777163095,66.83799643486648,11,1.1,2.115388340528941,520,D_pmar=0.054_dist=500_repair_6_males=6_nmar=5,6,5
0.054,5,0,500,69.25474594318317,213.3301315000841,73.48110464496706,17,1.7000000000000004,2.339208885860241,520,D_pmar=0.054_dist=500_repair_6_males=6_nmar=5,6,5
0,13,500,0,67.71594030059548,202.67193372329356,89.90422136088777,0,0,0,520,D_pmar=0.054_dist=500_repair_6_males=6_nmar=5,6,5
0.054,12,500,500,70.79923414374981,225.47271765400288,61.24232915638691,9,0.8999999999999999,1.7129629629629626,520,D_pmar=0.054_dist=500_repair_6_males=6_nmar=5,6,5
0.054,9,1000,0,69.71968865021324,231.7813468922834,54.60778738787314,16,1.6000000000000003,2.2914924810176225,520,D_pmar=0.054_dist=500_repair_6_males=6_nmar=5,6,5
0.054,4,1000,500,68.5794928676423,233.3773329921331,54.87317216833525,13,1.3,2.099349817134618,520,D_pmar=0.054_dist=500_repair_6_males=6_nmar=5,6,5
0.054,3,0,0,71.94686596448066,240.58227939742963,43.53578088838535,15,1.5000000000000002,2.499296542547638,521,D_pmar=0.054_dist=500_repair_6_males=6_nmar=5,6,5
0.054,11,0,500,72.61293690629078,234.94851944129695,48.94495259114927,13,1.3,2.2407173581764672,521,D_pmar=0.054_dist=500_repair_6_males=6_nmar=5,6,5
0.054,11,500,0,71.97645390434475,210.30689353781332,75.42562499340428,9,0.8999999999999999,1.458333333333333,521,D_pmar=0.054_dist=500_repair_6_males=6_nmar=5,6,5
0,9,500,500,69.9441735921099,204.64216941243495,85.42236117089278,0,0,0,521,D_pmar=0.054_dist=500_repair_6_males=6_nmar=5,6,5
0.054,13,1000,0,68.77235652496285,263.47373950062183,24.729475695312647,13,1.3,1.8564828244527176,521,D_pmar=0.054_dist=500_repair_6_males=6_nmar=5,6,5
0.054,7,1000,500,70.46262382027398,236.4919978342899,50.58300419226512,6,0.6,2.1130618344319885,521,D_pmar=0.054_dist=500_repair_6_males=6_nmar=5,6,5
0.054,9,0,0,69.98857403348809,225.93259841354336,60.62906309593731,15,1.5000000000000002,2.100465633568925,522,D_pmar=0.054_dist=500_repair_6_males=6_nmar=5,6,5
0,7,0,500,71.92824034061893,222.0915600684802,66.04512423128301,0,0,0,522,D_pmar=0.054_dist=500_repair_6_males=6_nmar=5,6,5
0.054,13,500,0,73.11865880764614,223.04098443814783,60.84070596765722,10,1,2.0138888888888884,522,D_pmar=0.054_dist=500_repair_6_males=6_nmar=5,6,5
0.054,11,500,500,70.52003905083954,248.46075038932213,37.40859672913881,16,1.6000000000000003,2.095530368856046,522,D_pmar=0.054_dist=500_repair_6_males=6_nmar=5,6,5
0.054,9,1000,0,70.60206943595455,195.9589853357327,91.28686834312128,8,0.7999999999999999,1.397795747936348,522,D_pmar=0.054_dist=500_repair_6_males=6_nmar=5,6,5
0.054,5,1000,500,74.87802415313608,226.90705799351215,55.03968959489145,13,1.3,2.047284692210109,522,D_pmar=0.054_dist=500_repair_6_males=6_nmar=5,6,5
0,14,0,0,73.27181399872352,175.23267180611165,111.5012186626535,0,0,0,523,D_pmar=0.054_dist=500_repair_6_males=6_nmar=5,6,5
0.054,9,0,500,66.15029974762972,223.85280443659383,67.5019259782751,8,0.7999999999999999,1.737074781489412,523,D_pmar=0.054_dist=500_repair_6_males=6_nmar=5,6,5
0.054,6,500,0,70.57384306372673,249.54449549356755,36.50151779007558,12,1.2,2.35982110902776,523,D_pmar=0.054_dist=500_repair_6_males=6_nmar=5,6,5
0.054,6,500,500,70.82411352646612,243.5173032083405,43.0566766346431,8,0.7999999999999999,1.964128230468294,523,D_pmar=0.054_dist=500_repair_6_males=6_nmar=5,6,5
0.054,7,1000,0,66.47097011624054,229.4303683001673,61.20093769909727,10,1,1.9632218329176625,523,D_pmar=0.054_dist=500_repair_6_males=6_nmar=5,6,5
0.054,12,1000,500,70.05848838597757,261.4501134968962,24.65296832594495,19,1.9000000000000008,2.1537414481560795,523,D_pmar=0.054_dist=500_repair_6_males=6_nmar=5,6,5
0.054,5,0,0,70.56162786975922,217.13758970476104,69.66849794188032,11,1.1,1.6666666666666663,524,D_pmar=0.054_dist=500_repair_6_males=6_nmar=5,6,5
0.054,22,0,500,68.71160540601562,214.14964626100104,73.43224314517349,19,1.9000000000000008,1.9460895326820704,524,D_pmar=0.054_dist=500_repair_6_males=6_nmar=5,6,5
0.054,7,500,0,72.63614325065676,247.93214641774375,36.55171799206416,7,0.7,2.2720909475127486,524,D_pmar=0.054_dist=500_repair_6_males=6_nmar=5,6,5
0.054,6,500,500,69.13939930693562,232.0864651186904,55.5051079213525,12,1.2,2.0797168251530285,524,D_pmar=0.054_dist=500_repair_6_males=6_nmar=5,6,5
0,4,1000,0,69.68550140141565,229.2121606531893,61.16187762810783,0,0,0,524,D_pmar=0.054_dist=500_repair_6_males=6_nmar=5,6,5
0.054,10,1000,500,71.11592399445537,218.9899215580893,67.15381861095942,11,1.1,1.77198556658529,524,D_pmar=0.054_dist=500_repair_6_males=6_nmar=5,6,5
0.054,6,0,0,68.21623184527868,281.78749061722607,6.114979067444198,13,1.3,2.685366085690417,525,D_pmar=0.054_dist=500_repair_6_males=6_nmar=5,6,5
0.054,14,0,500,69.14766290449215,217.4705112587314,69.9892068008793,17,1.7000000000000004,1.782407407407407,525,D_pmar=0.054_dist=500_repair_6_males=6_nmar=5,6,5
0.054,12,500,0,70.35131388588609,250.15023877330592,36.49847159949393,12,1.2,1.9070550071956065,525,D_pmar=0.054_dist=500_repair_6_males=6_nmar=5,6,5
0.054,6,500,500,68.37095492662938,228.3985174430613,60.95211961223518,8,0.7999999999999999,1.7449959305655318,525,D_pmar=0.054_dist=500_repair_6_males=6_nmar=5,6,5
0,7,1000,0,68.70583184037052,217.94656380867883,73.48252605728086,0,0,0,525,D_pmar=0.054_dist=500_repair_6_males=6_nmar=5,6,5
0.054,9,1000,500,73.8692757287222,203.4100609712985,81.09809234018691,5,0.5,1.203022285844378,525,D_pmar=0.054_dist=500_repair_6_males=6_nmar=5,6,5
0.054,7,0,0,72.22607328924086,206.41912943529223,79.58920902472761,4,0.4,1.3938241536017686,526,D_pmar=0.054_dist=500_repair_6_males=6_nmar=5,6,5
0,4,0,500,67.61358032868621,280.25584263995444,12.171299159219226,0,0,0,526,D_pmar=0.054_dist=500_repair_6_males=6_nmar=5,6,5
0.054,15,500,0,69.30601422008236,232.6049617682764,55.11318359036864,10,1,2.111946017997681,526,D_pmar=0.054_dist=500_repair_6_males=6_nmar=5,6,5
0.054,6,500,500,72.08349866418806,200.25514801823076,85.60549463740176,8,0.7999999999999999,1.4034124305085534,526,D_pmar=0.054_dist=500_repair_6_males=6_nmar=5,6,5
0.054,10,1000,0,71.3950129531566,230.72868375138336,54.89021658783875,10,1,1.99567600545362,526,D_pmar=0.054_dist=500_repair_6_males=6_nmar=5,6,5
0.054,12,1000,500,71.05680276113841,266.09285139667236,18.263983004667455,19,1.9000000000000008,2.7555933000079356,526,D_pmar=0.054_dist=500_repair_6_males=6_nmar=5,6,5
0.054,10,0,0,67.49732114461922,240.8696264167441,48.82935943542559,8,0.7999999999999999,2.068410626373318,527,D_pmar=0.054_dist=500_repair_6_males=6_nmar=5,6,5
0.054,6,0,500,66.37465101254514,222.63088810985607,67.67556021751967,11,1.1,2.223163853007486,527,D_pmar=0.054_dist=500_repair_6_males=6_nmar=5,6,5
0.054,13,500,0,64.51536940556181,274.025838142596,18.0603939445524,10,1,2.456312462319634,527,D_pmar=0.054_dist=500_repair_6_males=6_nmar=5,6,5
0.054,9,500,500,67.33646695532566,227.9236446446894,61.24465396212635,18,1.8000000000000005,1.7463587662841829,527,D_pmar=0.054_dist=500_repair_6_males=6_nmar=5,6,5
0,8,1000,0,70.80771571465948,240.35734161382467,48.857063072928575,0,0,0,527,D_pmar=0.054_dist=500_repair_6_males=6_nmar=5,6,5
0.054,8,1000,500,73.73041299284792,186.55907591276903,97.47518982220268,9,0.8999999999999999,1.3657407407407405,527,D_pmar=0.054_dist=500_repair_6_males=6_nmar=5,6,5
0,9,0,0,73.08562861285132,244.2568180979218,42.77368794863245,0,0,0,528,D_pmar=0.054_dist=500_repair_6_males=6_nmar=5,6,5
0.054,6,0,500,69.03534654797924,221.37086726828383,66.15102619495329,18,1.8000000000000005,1.85731638836805,528,D_pmar=0.054_dist=500_repair_6_males=6_nmar=5,6,5
0.054,10,500,0,73.24794547323076,198.96353401454687,85.78910196419223,3,0.30000000000000004,1.807482896312157,528,D_pmar=0.054_dist=500_repair_6_males=6_nmar=5,6,5
0.054,10,500,500,69.0063133954108,245.12492858721177,42.68198003041025,13,1.3,1.9295217374844291,528,D_pmar=0.054_dist=500_repair_6_males=6_nmar=5,6,5
0.054,11,1000,0,67.2517705143343,228.6298289452083,60.92796947485972,16,1.6000000000000003,1.8280222858443775,528,D_pmar=0.054_dist=500_repair_6_males=6_nmar=5,6,5
0.054,8,1000,500,67.74318275495378,229.08349374597643,60.6096158239409,9,0.8999999999999999,1.972375711249465,528,D_pmar=0.054_dist=500_repair_6_males=6_nmar=5,6,5
0.054,15,0,0,71.43228931625438,205.10600109611303,80.15689953867897,15,1.5000000000000002,1.98047104597463,529,D_pmar=0.054_dist=500_repair_6_males=6_nmar=5,6,5
0.054,1,0,500,72.85336435749245,260.81786133053424,20.732361868017605,18,1.8000000000000005,3.957709424372457,529,D_pmar=0.054_dist=500_repair_6_males=6_nmar=5,6,5
0,12,500,0,70.94147479362452,207.88252721634143,81.32131643020942,0,0,0,529,D_pmar=0.054_dist=500_repair_6_males=6_nmar=5,6,5
0.054,9,500,500,70.54204002963215,183.12998778858557,104.31980741513084,6,0.6,1.4090291130807593,529,D_pmar=0.054_dist=500_repair_6_males=6_nmar=5,6,5
0.054,10,1000,0,67.23813945648331,234.08810034631355,55.19327334106026,9,0.8999999999999999,2.6859746699144456,529,D_pmar=0.054_dist=500_repair_6_males=6_nmar=5,6,5
0.054,7,1000,500,70.1098953684587,237.09861527080088,49.01000621967892,17,1.7000000000000004,2.1329198061048835,529,D_pmar=0.054_dist=500_repair_6_males=6_nmar=5,6,5
0.054,8,0,0,72.65406604761627,247.1410605154383,36.957303248910286,12,1.2,2.0995019631906247,52,D_pmar=0.054_dist=500_repair_6_males=6_nmar=5,6,5
0.054,15,0,500,70.84952884188709,225.06642001866427,60.83759466237056,14,1.4,1.911026601530185,52,D_pmar=0.054_dist=500_repair_6_males=6_nmar=5,6,5
0,10,500,0,71.94110466070579,227.0749625009924,61.01540914573961,0,0,0,52,D_pmar=0.054_dist=500_repair_6_males=6_nmar=5,6,5
0.054,9,500,500,70.5982499734722,213.11930715190584,74.15864087457801,7,0.7,1.7155717215788902,52,D_pmar=0.054_dist=500_repair_6_males=6_nmar=5,6,5
0.054,2,1000,0,74.27661780786622,227.81027661891704,54.653784039046336,10,1,2.3746489427594377,52,D_pmar=0.054_dist=500_repair_6_males=6_nmar=5,6,5
0.054,10,1000,500,73.5085655493181,246.915295599027,36.55954828331378,11,1.1,2.0353699092063717,52,D_pmar=0.054_dist=500_repair_6_males=6_nmar=5,6,5
0.054,8,0,0,73.30165028917459,237.21163066642467,46.65163894729907,8,0.7999999999999999,2.212234779975088,530,D_pmar=0.054_dist=500_repair_6_males=6_nmar=5,6,5
0,10,0,500,71.5076503652096,243.75782841547303,44.87732412260725,0,0,0,530,D_pmar=0.054_dist=500_repair_6_males=6_nmar=5,6,5
0.054,15,500,0,69.27129926034495,235.05464632728345,52.26359776113312,14,1.4,2.071114258217583,530,D_pmar=0.054_dist=500_repair_6_males=6_nmar=5,6,5
0.054,9,500,500,68.87265643325806,254.6533108054208,34.25018699585937,6,0.6,1.6898148148148144,530,D_pmar=0.054_dist=500_repair_6_males=6_nmar=5,6,5
0.054,5,1000,0,70.43291830327293,226.05359842305805,61.32581213189993,8,0.7999999999999999,1.557201986764419,530,D_pmar=0.054_dist=500_repair_6_males=6_nmar=5,6,5
0.054,7,1000,500,71.69356147532918,236.08303010393016,48.64705856308646,13,1.3,2.4491807979727707,530,D_pmar=0.054_dist=500_repair_6_males=6_nmar=5,6,5
0.054,10,0,0,72.99815363354918,232.07550189849957,52.34287691159821,10,1,1.91138168768446,531,D_pmar=0.054_dist=500_repair_6_males=6_nmar=5,6,5
0.054,8,0,500,68.31152107521002,258.16309934701434,30.402833829323924,8,0.7999999999999999,2.5432883723400215,531,D_pmar=0.054_dist=500_repair_6_males=6_nmar=5,6,5
0.054,11,500,0,68.90341868283949,238.2964366629695,49.05153970917863,16,1.6000000000000003,2.196747567977123,531,D_pmar=0.054_dist=500_repair_6_males=6_nmar=5,6,5
0.054,7,500,500,69.0938349999621,210.9496994651087,76.96563448179437,13,1.3,1.7083099507690582,531,D_pmar=0.054_dist=500_repair_6_males=6_nmar=5,6,5
0.054,14,1000,0,73.33533186070554,210.2677903313049,73.29340895890148,11,1.1,2.085942091949261,531,D_pmar=0.054_dist=500_repair_6_males=6_nmar=5,6,5
0,4,1000,500,69.26524049640334,224.52008060155725,66.309882059568,0,0,0,531,D_pmar=0.054_dist=500_repair_6_males=6_nmar=5,6,5
0.054,13,0,0,71.7771765521364,188.6933313579329,97.4309423245396,6,0.6,1.5853074392184852,532,D_pmar=0.054_dist=500_repair_6_males=6_nmar=5,6,5
0.054,3,0,500,72.59584340376233,228.70511637390857,55.19625797635084,13,1.3,2.270822985022434,532,D_pmar=0.054_dist=500_repair_6_males=6_nmar=5,6,5
0.054,7,500,0,72.8909778974753,265.0072486115841,18.413238724757672,13,1.3,2.545440692787928,532,D_pmar=0.054_dist=500_repair_6_males=6_nmar=5,6,5
0,10,500,500,69.3524655496189,211.48030319817377,79.22712505778378,0,0,0,532,D_pmar=0.054_dist=500_repair_6_males=6_nmar=5,6,5
0.054,13,1000,0,72.3654031468275,220.8401699808199,63.88731465352679,10,1,2.0340291130807584,532,D_pmar=0.054_dist=500_repair_6_males=6_nmar=5,6,5
0.054,8,1000,500,73.04676734688204,240.1132655913898,42.625874392774286,17,1.7000000000000004,2.7256906132602348,532,D_pmar=0.054_dist=500_repair_6_males=6_nmar=5,6,5
0,15,0,0,69.5969174328351,241.81024748758668,48.673096574506154,0,0,0,533,D_pmar=0.054_dist=500_repair_6_males=6_nmar=5,6,5
0.054,12,0,500,69.2917059283574,238.87699852772505,48.831851091164665,9,0.8999999999999999,2.099501963190624,533,D_pmar=0.054_dist=500_repair_6_males=6_nmar=5,6,5
0.054,5,500,0,70.77914756991643,249.49974741701283,36.90237489378769,7,0.7,2.2431739707363874,533,D_pmar=0.054_dist=500_repair_6_males=6_nmar=5,6,5
0.054,11,500,500,66.599829177387,217.1345209292621,73.12066712493522,15,1.5000000000000002,1.7394012875863638,533,D_pmar=0.054_dist=500_repair_6_males=6_nmar=5,6,5
0.054,5,1000,0,71.21287658612977,249.04044021689668,36.51325368470912,9,0.8999999999999999,2.381758567513264,533,D_pmar=0.054_dist=500_repair_6_males=6_nmar=5,6,5
0.054,6,1000,500,70.17005720334879,238.38715465422385,48.82802953644262,8,0.7999999999999999,1.9397914322505392,533,D_pmar=0.054_dist=500_repair_6_males=6_nmar=5,6,5
0.054,11,0,0,71.56577164333412,224.3685446173562,61.255072906108346,10,1,1.8951402241918696,534,D_pmar=0.054_dist=500_repair_6_males=6_nmar=5,6,5
0.054,16,0,500,72.78819461329252,242.4863063385907,42.41688655065285,6,0.6,1.7933364804398046,534,D_pmar=0.054_dist=500_repair_6_males=6_nmar=5,6,5
0.054,4,500,0,67.39930618982648,270.0009104237421,18.061542882953844,17,1.7000000000000004,2.8955759657380944,534,D_pmar=0.054_dist=500_repair_6_males=6_nmar=5,6,5
0.054,7,500,500,68.96987745987398,242.25484804408217,45.235361577553135,13,1.3,2.265510594562241,534,D_pmar=0.054_dist=500_repair_6_males=6_nmar=5,6,5
0,8,1000,0,69.1139781134821,223.99715408100812,66.949091144859,0,0,0,534,D_pmar=0.054_dist=500_repair_6_males=6_nmar=5,6,5
0.054,8,1000,500,70.98292863175746,183.96692858488203,102.45359858039886,10,1,1.6491352010907236,534,D_pmar=0.054_dist=500_repair_6_males=6_nmar=5,6,5
0.054,4,0,0,68.16204205463632,233.55540013716137,55.09799304822321,12,1.2,2.1018064296945385,535,D_pmar=0.054_dist=500_repair_6_males=6_nmar=5,6,5
0,9,0,500,72.88827059983235,219.88396787632817,67.38189135599052,0,0,0,535,D_pmar=0.054_dist=500_repair_6_males=6_nmar=5,6,5
0.054,8,500,0,73.68756363036816,216.1233908545989,67.28816224059283,10,1,1.9036126846643464,535,D_pmar=0.054_dist=500_repair_6_males=6_nmar=5,6,5
0.054,19,500,500,71.06137064489029,201.40404908368333,85.60304543272834,7,0.7,1.3425925925925923,535,D_pmar=0.054_dist=500_repair_6_males=6_nmar=5,6,5
0.054,8,1000,0,70.39229383750468,255.5309168285407,30.52035488451198,11,1.1,2.468205205730332,535,D_pmar=0.054_dist=500_repair_6_males=6_nmar=5,6,5
0.054,6,1000,500,69.65305812686954,231.26429548074225,55.128686443485165,19,1.9000000000000008,2.147972619527867,535,D_pmar=0.054_dist=500_repair_6_males=6_nmar=5,6,5
0,7,0,0,73.11860942039385,213.9297892559812,73.11001641523563,0,0,0,536,D_pmar=0.054_dist=500_repair_6_males=6_nmar=5,6,5
0.054,8,0,500,71.61901491759834,255.46415832338636,30.313294660961155,10,1,1.7122815451036368,536,D_pmar=0.054_dist=500_repair_6_males=6_nmar=5,6,5
0.054,9,500,0,67.87110743611865,245.96601167827367,42.74931228186404,13,1.3,2.1494655617094867,536,D_pmar=0.054_dist=500_repair_6_males=6_nmar=5,6,5
0.054,8,500,500,71.38262434661716,224.42756632232263,61.390828691548066,8,0.7999999999999999,2.0064529324300113,536,D_pmar=0.054_dist=500_repair_6_males=6_nmar=5,6,5
0.054,9,1000,0,71.81070327874838,230.95674629560312,53.98828179937679,14,1.4,1.977463122018352,536,D_pmar=0.054_dist=500_repair_6_males=6_nmar=5,6,5
0.054,13,1000,500,69.93888104724097,210.53446677946695,77.03022116321613,11,1.1,1.6021574869351018,536,D_pmar=0.054_dist=500_repair_6_males=6_nmar=5,6,5
0.054,15,0,0,69.03231520224281,249.6152677456149,38.03823350725697,11,1.1,2.245370370370372,537,D_pmar=0.054_dist=500_repair_6_males=6_nmar=5,6,5
0,9,0,500,70.70155582593908,185.57376348616629,103.76857663769113,0,0,0,537,D_pmar=0.054_dist=500_repair_6_males=6_nmar=5,6,5
0.054,6,500,0,71.32528962818866,194.6922951845292,91.56621467382652,9,0.8999999999999999,1.6139201238828318,537,D_pmar=0.054_dist=500_repair_6_males=6_nmar=5,6,5
0.054,16,500,500,64.79419468575472,230.77292251260388,60.99202115733201,15,1.5000000000000002,2.138536488677089,537,D_pmar=0.054_dist=500_repair_6_males=6_nmar=5,6,5
0.054,4,1000,0,69.75110010089394,262.68028747146394,24.342440669050944,7,0.7,2.5470857810255563,537,D_pmar=0.054_dist=500_repair_6_males=6_nmar=5,6,5
0.054,4,1000,500,68.84865336563941,270.47942330475917,15.58466230915173,14,1.4,3.7932222535609106,537,D_pmar=0.054_dist=500_repair_6_males=6_nmar=5,6,5
0.054,10,0,0,64.97498538038433,236.38882730178256,55.1212101196461,13,1.3,2.234419257744936,538,D_pmar=0.054_dist=500_repair_6_males=6_nmar=5,6,5
0.054,11,0,500,70.18579112140364,244.73915778629865,42.49683215820341,7,0.7,1.8966331663734897,538,D_pmar=0.054_dist=500_repair_6_males=6_nmar=5,6,5
0.054,9,500,0,71.52187895256705,211.83759913575207,73.19759233961406,13,1.3,2.2823606422788583,538,D_pmar=0.054_dist=500_repair_6_males=6_nmar=5,6,5
0.054,5,500,500,69.40025172807472,244.17807166899993,42.91463177356073,16,1.6000000000000003,2.0138888888888884,538,D_pmar=0.054_dist=500_repair_6_males=6_nmar=5,6,5
0.054,10,1000,0,69.65695383149068,178.4492189506524,109.7147476727105,7,0.7,1.504629629629629,538,D_pmar=0.054_dist=500_repair_6_males=6_nmar=5,6,5
0,9,1000,500,70.8799913477762,271.03574499117957,18.149485986463965,0,0,0,538,D_pmar=0.054_dist=500_repair_6_males=6_nmar=5,6,5
0.054,6,0,0,69.9450495185154,208.41712865153073,79.2955384590384,9,0.8999999999999999,1.5072383882455571,539,D_pmar=0.054_dist=500_repair_6_males=6_nmar=5,6,5
0.054,5,0,500,75.56030981608596,262.3671032908213,18.2289449384811,14,1.4,2.5185238904034684,539,D_pmar=0.054_dist=500_repair_6_males=6_nmar=5,6,5
0,10,500,0,70.58329640254857,200.94055738853584,88.6991655918134,0,0,0,539,D_pmar=0.054_dist=500_repair_6_males=6_nmar=5,6,5
0.054,10,500,500,69.57616496278632,249.8790272623456,36.76686964109033,14,1.4,2.4635742331294668,539,D_pmar=0.054_dist=500_repair_6_males=6_nmar=5,6,5
0.054,10,1000,0,75.03287648105453,226.88487196666333,54.706039874195795,13,1.3,2.181390462442126,539,D_pmar=0.054_dist=500_repair_6_males=6_nmar=5,6,5
0.054,13,1000,500,68.83851182031964,221.58495735938448,67.01258756092405,7,0.7,1.8782901764752529,539,D_pmar=0.054_dist=500_repair_6_males=6_nmar=5,6,5
0,9,0,0,72.21505943277293,251.28396908876564,36.57559830720373,0,0,0,53,D_pmar=0.054_dist=500_repair_6_males=6_nmar=5,6,5
0.054,4,0,500,69.47956556123822,243.41468111296808,43.082702447213,16,1.6000000000000003,2.4751626844281507,53,D_pmar=0.054_dist=500_repair_6_males=6_nmar=5,6,5
0.054,13,500,0,70.32456803937214,202.53402326450023,85.28303766954645,4,0.4,1.48694601799768,53,D_pmar=0.054_dist=500_repair_6_males=6_nmar=5,6,5
0.054,10,500,500,71.52222336358544,224.634936834365,61.034881986686315,9,0.8999999999999999,1.979789628115304,53,D_pmar=0.054_dist=500_repair_6_males=6_nmar=5,6,5
0.054,9,1000,0,71.36473611710936,230.70832676219771,55.09349832450533,8,0.7999999999999999,2.1130618344319885,53,D_pmar=0.054_dist=500_repair_6_males=6_nmar=5,6,5
0.054,9,1000,500,67.44254031772307,246.04745994138796,42.69822945104083,16,1.6000000000000003,2.219214298265945,53,D_pmar=0.054_dist=500_repair_6_males=6_nmar=5,6,5
0,5,0,0,70.72044743262119,258.9509586576118,30.49953655877682,0,0,0,540,D_pmar=0.054_dist=500_repair_6_males=6_nmar=5,6,5
0.054,10,0,500,72.12096096380415,199.17183534421483,85.91229683365144,11,1.1,1.8495253457548992,540,D_pmar=0.054_dist=500_repair_6_males=6_nmar=5,6,5
0.054,10,500,0,69.66001616377604,220.56754342148452,66.15964542411673,17,1.7000000000000004,2.0538870847536534,540,D_pmar=0.054_dist=500_repair_6_males=6_nmar=5,6,5
0.054,9,500,500,72.08492875045447,241.4165463330518,42.58183257853371,13,1.3,2.648759418314653,540,D_pmar=0.054_dist=500_repair_6_males=6_nmar=5,6,5
0.054,9,1000,0,71.27318072749503,201.43778239680927,85.40764171645785,8,0.7999999999999999,1.2499999999999998,540,D_pmar=0.054_dist=500_repair_6_males=6_nmar=5,6,5
0.054,11,1000,500,69.41932414201851,213.7118887799349,73.63650015101688,15,1.5000000000000002,1.739401287586364,540,D_pmar=0.054_dist=500_repair_6_males=6_nmar=5,6,5
0.054,11,0,0,70.00203111253467,207.31979509550433,79.46188888955051,13,1.3,2.031702606983806,541,D_pmar=0.054_dist=500_repair_6_males=6_nmar=5,6,5
0.054,7,0,500,67.45476580905847,257.50627156603747,30.886473646511245,17,1.7000000000000004,2.578481409954875,541,D_pmar=0.054_dist=500_repair_6_males=6_nmar=5,6,5
0.054,8,500,0,73.40354915505826,192.67675053775403,91.49627224546568,9,0.8999999999999999,1.5980337465445162,541,D_pmar=0.054_dist=500_repair_6_males=6_nmar=5,6,5
0,10,500,500,68.13453591171319,176.18798706676372,115.92399057182266,0,0,0,541,D_pmar=0.054_dist=500_repair_6_males=6_nmar=5,6,5
0.054,9,1000,0,70.80170765945896,270.7406436401657,15.132022933086894,14,1.4,2.0466761079860816,541,D_pmar=0.054_dist=500_repair_6_males=6_nmar=5,6,5
0.054,9,1000,500,74.59080401758472,225.0212104249845,57.06524662099386,12,1.2,2.126621705673352,541,D_pmar=0.054_dist=500_repair_6_males=6_nmar=5,6,5
0.054,9,0,0,71.17703928782556,244.28798263029393,40.703959243547544,14,1.4,2.443941241147878,542,D_pmar=0.054_dist=500_repair_6_males=6_nmar=5,6,5
0.054,16,0,500,69.5291568803016,213.7716459673771,73.36396007346855,16,1.6000000000000003,1.797612366886397,542,D_pmar=0.054_dist=500_repair_6_males=6_nmar=5,6,5
0.054,5,500,0,67.4591844529451,215.9130700388736,72.8874970919268,16,1.6000000000000003,2.250305635083252,542,D_pmar=0.054_dist=500_repair_6_males=6_nmar=5,6,5
0.054,5,500,500,75.05945259671513,227.2552773377193,54.93436429362334,9,0.8999999999999999,1.965091900846595,542,D_pmar=0.054_dist=500_repair_6_males=6_nmar=5,6,5
0,5,1000,0,70.19428760007175,223.217389171466,66.74848031325226,0,0,0,542,D_pmar=0.054_dist=500_repair_6_males=6_nmar=5,6,5
0.054,14,1000,500,69.85101608671162,201.9734127035889,85.4660809717499,10,1,1.7817259895480813,542,D_pmar=0.054_dist=500_repair_6_males=6_nmar=5,6,5
0.054,9,0,0,69.33304380846953,262.5118508885789,24.397036829100603,16,1.6000000000000003,2.163706850810176,543,D_pmar=0.054_dist=500_repair_6_males=6_nmar=5,6,5
0.054,7,0,500,70.49463884001129,195.80810727522632,91.18580762031904,10,1,1.5670945557832168,543,D_pmar=0.054_dist=500_repair_6_males=6_nmar=5,6,5
0.054,16,500,0,66.18206061672579,230.9624031923646,60.05424237189911,10,1,1.8726734939030472,543,D_pmar=0.054_dist=500_repair_6_males=6_nmar=5,6,5
0.054,9,500,500,72.59168363680804,181.1892806213237,103.81592654374634,12,1.2,1.3554710459746302,543,D_pmar=0.054_dist=500_repair_6_males=6_nmar=5,6,5
0,8,1000,0,75.3038029288662,253.88262349796105,31.05121668770644,0,0,0,543,D_pmar=0.054_dist=500_repair_6_males=6_nmar=5,6,5
0.054,5,1000,500,67.5346443195099,240.30680021221625,48.624293924205496,11,1.1,2.446419893300836,543,D_pmar=0.054_dist=500_repair_6_males=6_nmar=5,6,5
0,4,0,0,74.77491262838608,211.815465662408,73.48563069319147,0,0,0,544,D_pmar=0.054_dist=500_repair_6_males=6_nmar=5,6,5
0.054,14,0,500,70.23830074302256,206.8793262876538,79.59885052847267,14,1.4,1.8958216420511953,544,D_pmar=0.054_dist=500_repair_6_males=6_nmar=5,6,5
0.054,6,500,0,72.9828527446525,252.91745107013537,30.36824064523423,11,1.1,2.6629786678223035,544,D_pmar=0.054_dist=500_repair_6_males=6_nmar=5,6,5
0.054,15,500,500,74.1156940142148,192.54779683882853,91.38002474804765,8,0.7999999999999999,1.2091682402199022,544,D_pmar=0.054_dist=500_repair_6_males=6_nmar=5,6,5
0.054,7,1000,0,72.66692425955328,241.1811807518252,42.912793419095834,11,1.1,2.253443665502498,544,D_pmar=0.054_dist=500_repair_6_males=6_nmar=5,6,5
0.054,8,1000,500,69.68228653930787,262.4396296192087,24.500045009772105,12,1.2,2.4480649815384625,544,D_pmar=0.054_dist=500_repair_6_males=6_nmar=5,6,5
0.054,10,0,0,65.50353202097608,266.4736866225036,24.70730887366275,11,1.1,2.2694821888968213,545,D_pmar=0.054_dist=500_repair_6_males=6_nmar=5,6,5
0.054,5,0,500,72.52231017697032,235.35152576982088,48.696745506999086,15,1.5000000000000002,2.1440010251932877,545,D_pmar=0.054_dist=500_repair_6_males=6_nmar=5,6,5
0.054,15,500,0,72.36539848983962,167.1868799121512,118.0802080497492,12,1.2,1.1822006437931822,545,D_pmar=0.054_dist=500_repair_6_males=6_nmar=5,6,5
0,4,500,500,75.06637076187367,194.2700872962004,90.87642324137444,0,0,0,545,D_pmar=0.054_dist=500_repair_6_males=6_nmar=5,6,5
0.054,7,1000,0,74.05242919013423,263.2157490925406,18.35458902991225,17,1.7000000000000004,2.6798287155389207,545,D_pmar=0.054_dist=500_repair_6_males=6_nmar=5,6,5
0.054,13,1000,500,67.33058619649644,204.2025795690197,86.07535404757496,9,0.8999999999999999,1.612427181701212,545,D_pmar=0.054_dist=500_repair_6_males=6_nmar=5,6,5
0.054,8,0,0,71.83411264352563,208.5107570624907,76.18632771806335,18,1.8000000000000005,1.9996475997881993,546,D_pmar=0.054_dist=500_repair_6_males=6_nmar=5,6,5
0.054,14,0,500,74.88429153076056,255.95365549488213,25.673962017591517,10,1,2.5665666269511385,546,D_pmar=0.054_dist=500_repair_6_males=6_nmar=5,6,5
0.054,6,500,0,72.00404721233845,216.9155083885928,67.57369636966857,14,1.4,2.185115037492361,546,D_pmar=0.054_dist=500_repair_6_males=6_nmar=5,6,5
0.054,7,500,500,70.86855872737759,212.3310131789496,74.13471778822102,10,1,1.7178982276758423,546,D_pmar=0.054_dist=500_repair_6_males=6_nmar=5,6,5
0,6,1000,0,72.11450317693028,222.3290821519724,65.6034925487973,0,0,0,546,D_pmar=0.054_dist=500_repair_6_males=6_nmar=5,6,5
0.054,13,1000,500,73.1718672448714,204.4537469422428,79.34756675920144,14,1.4,1.811020092071754,546,D_pmar=0.054_dist=500_repair_6_males=6_nmar=5,6,5
0.054,6,0,0,73.88053452749052,210.00088515116997,73.31956948628265,11,1.1,1.8607587108993104,547,D_pmar=0.054_dist=500_repair_6_males=6_nmar=5,6,5
0,8,0,500,68.72670922639361,193.87248821807253,97.58485384630478,0,0,0,547,D_pmar=0.054_dist=500_repair_6_males=6_nmar=5,6,5
0.054,15,500,0,73.64219302375825,240.4373066761789,42.762465962073854,12,1.2,2.12962962962963,547,D_pmar=0.054_dist=500_repair_6_males=6_nmar=5,6,5
0.054,9,500,500,71.69977400613054,272.21898407772096,12.330699355026638,16,1.6000000000000003,2.2045386105902742,547,D_pmar=0.054_dist=500_repair_6_males=6_nmar=5,6,5
0.054,11,1000,0,70.94202534791933,170.29644452614127,116.26707297758148,9,0.8999999999999999,1.6500988714690248,547,D_pmar=0.054_dist=500_repair_6_males=6_nmar=5,6,5
0.054,5,1000,500,72.3755833231908,253.0081874601753,30.594838209857652,13,1.3,2.814796804135492,547,D_pmar=0.054_dist=500_repair_6_males=6_nmar=5,6,5
0.054,13,0,0,72.72800789713314,223.42713503401345,61.04476998120005,9,0.8999999999999999,1.9381463440129127,548,D_pmar=0.054_dist=500_repair_6_males=6_nmar=5,6,5
0,8,0,500,68.81921154154395,207.2266265343989,84.0627715168792,0,0,0,548,D_pmar=0.054_dist=500_repair_6_males=6_nmar=5,6,5
0.054,6,500,0,71.33434280120599,265.1403132832042,18.33961930799591,19,1.9000000000000008,3.2942326890677593,548,D_pmar=0.054_dist=500_repair_6_males=6_nmar=5,6,5
0.054,10,500,500,74.36377998190991,227.5642325243615,54.94644454468557,13,1.3,1.8399370688481147,548,D_pmar=0.054_dist=500_repair_6_males=6_nmar=5,6,5
0.054,4,1000,0,68.19654523719389,197.6041144348488,91.61179631152464,10,1,1.7020118503375266,548,D_pmar=0.054_dist=500_repair_6_males=6_nmar=5,6,5
0.054,13,1000,500,69.5197142727728,214.9544868585751,72.8249347203209,12,1.2,1.567319535474522,548,D_pmar=0.054_dist=500_repair_6_males=6_nmar=5,6,5
0.054,7,0,0,71.92733198552257,224.76580407417347,60.74555500413082,11,1.1,1.4791549753845288,549,D_pmar=0.054_dist=500_repair_6_males=6_nmar=5,6,5
0,16,0,500,68.42197362664332,224.0435145644973,67.6358474944496,0,0,0,549,D_pmar=0.054_dist=500_repair_6_males=6_nmar=5,6,5
0.054,6,500,0,68.46471484061854,221.1583585475203,67.37799708552711,12,1.2,1.8597730009279712,549,D_pmar=0.054_dist=500_repair_6_males=6_nmar=5,6,5
0.054,13,500,500,71.72025318083297,248.62798918550843,36.97894912640635,10,1,1.8471988396579464,549,D_pmar=0.054_dist=500_repair_6_males=6_nmar=5,6,5
0.054,8,1000,0,70.84551171389661,195.5245653983139,91.53374057046824,10,1,1.289998195864765,549,D_pmar=0.054_dist=500_repair_6_males=6_nmar=5,6,5
0.054,4,1000,500,71.97923585967004,284.23891453620615,0,10,1,2.9469023999756057,549,D_pmar=0.054_dist=500_repair_6_males=6_nmar=5,6,5
0.054,3,0,0,72.62635184139131,246.4765901621595,36.40838567990525,19,1.9000000000000008,2.608964162548154,54,D_pmar=0.054_dist=500_repair_6_males=6_nmar=5,6,5
0.054,8,0,500,67.98902960669031,238.9969175514676,49.11382764403253,13,1.3,2.6118772132760952,54,D_pmar=0.054_dist=500_repair_6_males=6_nmar=5,6,5
0.054,14,500,0,70.550608358911,221.31936473979772,65.49885185292084,11,1.1,1.7361111111111107,54,D_pmar=0.054_dist=500_repair_6_males=6_nmar=5,6,5
0,8,500,500,73.217785447915,225.43269083021443,61.39994489902728,0,0,0,54,D_pmar=0.054_dist=500_repair_6_males=6_nmar=5,6,5
0.054,9,1000,0,72.54966129179847,194.14855828320324,90.51605972118388,11,1.1,1.706664862531431,54,D_pmar=0.054_dist=500_repair_6_males=6_nmar=5,6,5
0.054,12,1000,500,69.2561899446603,215.54007301680065,73.05254713060754,8,0.7999999999999999,1.444092044232644,54,D_pmar=0.054_dist=500_repair_6_males=6_nmar=5,6,5
0.054,9,0,0,69.29917047243164,279.6382872163246,6.101264505446704,16,1.6000000000000003,3.430534858933761,550,D_pmar=0.054_dist=500_repair_6_males=6_nmar=5,6,5
0.054,7,0,500,67.0881841769237,247.16560445141772,42.27932666657632,12,1.2,2.280411261929219,550,D_pmar=0.054_dist=500_repair_6_males=6_nmar=5,6,5
0.054,13,500,0,70.11502895531929,225.85277124434964,61.1512250247174,11,1.1,1.782407407407407,550,D_pmar=0.054_dist=500_repair_6_males=6_nmar=5,6,5
0.054,13,500,500,68.3203450830025,215.21828146629863,73.24799337077702,14,1.4,1.84555375142032,550,D_pmar=0.054_dist=500_repair_6_males=6_nmar=5,6,5
0,11,1000,0,71.45702453276213,194.98210234889115,93.85149805801304,0,0,0,550,D_pmar=0.054_dist=500_repair_6_males=6_nmar=5,6,5
0.054,1,1000,500,71.69512442568477,216.56761624395767,68.98836883272675,5,0.5,2.2696122953597895,550,D_pmar=0.054_dist=500_repair_6_males=6_nmar=5,6,5
0,16,0,0,67.88936324145271,194.20806158560913,97.93311320513398,0,0,0,551,D_pmar=0.054_dist=500_repair_6_males=6_nmar=5,6,5
0.054,9,0,500,72.41865556955905,205.86783306455013,79.11792763586486,8,0.7999999999999999,1.9830798045905575,551,D_pmar=0.054_dist=500_repair_6_males=6_nmar=5,6,5
0.054,3,500,0,73.26038782468596,253.2484335586245,30.821563752509572,9,0.8999999999999999,1.8184340089375928,551,D_pmar=0.054_dist=500_repair_6_males=6_nmar=5,6,5
0.054,4,500,500,70.59251110535926,273.0127197663467,12.284479578261912,16,1.6000000000000003,2.8219284684823553,551,D_pmar=0.054_dist=500_repair_6_males=6_nmar=5,6,5
0.054,13,1000,0,74.1310521207691,221.53834690696644,61.178573685708095,11,1.1,2.105647917566149,551,D_pmar=0.054_dist=500_repair_6_males=6_nmar=5,6,5
0.054,9,1000,500,67.99088964672502,215.69461762947728,73.06328331458846,14,1.4,2.0138888888888884,551,D_pmar=0.054_dist=500_repair_6_males=6_nmar=5,6,5
0.054,9,0,0,70.47889283062352,237.1644802996369,48.97051811820022,12,1.2,2.3523343585266225,552,D_pmar=0.054_dist=500_repair_6_males=6_nmar=5,6,5
0.054,10,0,500,71.33098208177944,230.60746253006988,54.94167399596076,10,1,2.313299833040159,552,D_pmar=0.054_dist=500_repair_6_males=6_nmar=5,6,5
0.054,10,500,0,70.62143844080917,207.95034808032867,79.34715566385724,7,0.7,1.5829809331215328,552,D_pmar=0.054_dist=500_repair_6_males=6_nmar=5,6,5
0,10,500,500,73.41740150919954,182.8916874064866,103.75030112666948,0,0,0,552,D_pmar=0.054_dist=500_repair_6_males=6_nmar=5,6,5
0.054,8,1000,0,70.89325495750728,266.4496112662177,18.41057954943953,17,1.7000000000000004,2.775052106340479,552,D_pmar=0.054_dist=500_repair_6_males=6_nmar=5,6,5
0.054,7,1000,500,70.31912029306665,250.49594647237225,36.49456300523335,10,1,1.7488374184371418,552,D_pmar=0.054_dist=500_repair_6_males=6_nmar=5,6,5
0.054,7,0,0,68.9292243670921,202.06524995845868,85.82078882741214,14,1.4,1.889523541619664,553,D_pmar=0.054_dist=500_repair_6_males=6_nmar=5,6,5
0.054,7,0,500,71.37159341711929,213.37435190022083,73.00126992283141,8,0.7999999999999999,1.491729136654553,553,D_pmar=0.054_dist=500_repair_6_males=6_nmar=5,6,5
0,10,500,0,71.80413928470755,220.4656140659697,67.78898778954233,0,0,0,553,D_pmar=0.054_dist=500_repair_6_males=6_nmar=5,6,5
0.054,10,500,500,73.01916700192143,193.21344430254632,91.57904904945076,7,0.7,1.5310679542530308,553,D_pmar=0.054_dist=500_repair_6_males=6_nmar=5,6,5
0.054,7,1000,0,71.90977119928242,265.3688497043084,18.506678406502747,18,1.8000000000000005,2.500789484729258,553,D_pmar=0.054_dist=500_repair_6_males=6_nmar=5,6,5
0.054,13,1000,500,70.7597327292796,249.0246719211718,36.7036435304961,14,1.4,2.1359056904681233,553,D_pmar=0.054_dist=500_repair_6_males=6_nmar=5,6,5
0.054,8,0,0,69.47031590676437,268.56135333526953,18.222163403579017,9,0.8999999999999999,2.8718192333659185,554,D_pmar=0.054_dist=500_repair_6_males=6_nmar=5,6,5
0.054,8,0,500,71.00594959260114,224.2838565169827,61.14574711972289,15,1.5000000000000002,2.1672792798044043,554,D_pmar=0.054_dist=500_repair_6_males=6_nmar=5,6,5
0.054,8,500,0,69.51790248455654,226.32685419735463,61.24963919126245,13,1.3,1.6563969719005558,554,D_pmar=0.054_dist=500_repair_6_males=6_nmar=5,6,5
0,11,500,500,68.31020377442549,213.18530602278096,78.5314999022552,0,0,0,554,D_pmar=0.054_dist=500_repair_6_males=6_nmar=5,6,5
0.054,8,1000,0,70.52973576821395,212.86445160423725,73.9976302502244,9,0.8999999999999999,1.7106364568660102,554,D_pmar=0.054_dist=500_repair_6_males=6_nmar=5,6,5
0.054,11,1000,500,75.86286078395858,219.60211792807215,61.33225258739891,13,1.3,1.9145417576967445,554,D_pmar=0.054_dist=500_repair_6_males=6_nmar=5,6,5
0.054,10,0,0,71.44958115779424,230.25216591359384,54.92944813901112,17,1.7000000000000004,1.8341682402199024,555,D_pmar=0.054_dist=500_repair_6_males=6_nmar=5,6,5
0.054,9,0,500,69.58735498510583,250.3657974308231,36.911857762536116,10,1,2.2919489191856437,555,D_pmar=0.054_dist=500_repair_6_males=6_nmar=5,6,5
0.054,10,500,0,68.94776253062878,190.66909522646657,97.78929892319528,11,1.1,1.6173624464140923,555,D_pmar=0.054_dist=500_repair_6_males=6_nmar=5,6,5
0.054,7,500,500,69.00102297774849,239.0089912259363,49.0237747436323,8,0.7999999999999999,2.246616293267647,555,D_pmar=0.054_dist=500_repair_6_males=6_nmar=5,6,5
0.054,8,1000,0,67.29888855602266,245.7454384922001,43.02741262979707,15,1.5000000000000002,2.505442496923164,555,D_pmar=0.054_dist=500_repair_6_males=6_nmar=5,6,5
0,10,1000,500,69.52414077529767,202.07851936776055,88.58494346999565,0,0,0,555,D_pmar=0.054_dist=500_repair_6_males=6_nmar=5,6,5
0.054,10,0,0,72.77770089039208,217.0050335244902,67.56022306041565,10,1,1.7337846050141583,556,D_pmar=0.054_dist=500_repair_6_males=6_nmar=5,6,5
0.054,5,0,500,68.93985428880924,269.3849525663373,18.202986489427328,11,1.1,2.5803735174768456,556,D_pmar=0.054_dist=500_repair_6_males=6_nmar=5,6,5
0.054,14,500,0,72.09827565940081,199.5914694173991,86.05100367252484,12,1.2,1.2691765538135689,556,D_pmar=0.054_dist=500_repair_6_males=6_nmar=5,6,5
0,13,500,500,71.65987997260665,202.74711173651104,85.60592374128566,0,0,0,556,D_pmar=0.054_dist=500_repair_6_males=6_nmar=5,6,5
0.054,5,1000,0,68.36828222385458,263.9951469458965,24.45414239045943,7,0.7,2.4873817595439016,556,D_pmar=0.054_dist=500_repair_6_males=6_nmar=5,6,5
0.054,7,1000,500,70.66607301369787,243.5240453743864,42.64835541178953,13,1.3,2.074556580748843,556,D_pmar=0.054_dist=500_repair_6_males=6_nmar=5,6,5
0.054,14,0,0,73.20782618424577,222.80593533440887,60.96545629532251,10,1,2.0887978698495324,557,D_pmar=0.054_dist=500_repair_6_males=6_nmar=5,6,5
0.054,7,0,500,72.94212019730665,229.2274997548741,54.78293424777181,9,0.8999999999999999,2.353957407171211,557,D_pmar=0.054_dist=500_repair_6_males=6_nmar=5,6,5
0,4,500,0,71.184398288474,234.2102706735151,54.68351533011328,0,0,0,557,D_pmar=0.054_dist=500_repair_6_males=6_nmar=5,6,5
0.054,12,500,500,65.77714351776486,254.354653775955,36.6465091290044,14,1.4,1.858432204802358,557,D_pmar=0.054_dist=500_repair_6_males=6_nmar=5,6,5
0.054,5,1000,0,71.17108335691329,220.866848985636,64.54537681169802,9,0.8999999999999999,2.6687474964505165,557,D_pmar=0.054_dist=500_repair_6_males=6_nmar=5,6,5
0.054,12,1000,500,70.9065745951255,237.19457275222865,48.806620656181934,11,1.1,2.124520179267705,557,D_pmar=0.054_dist=500_repair_6_males=6_nmar=5,6,5
0.054,15,0,0,70.01728418542851,231.28726291055725,55.089999579487575,14,1.4,2.254277229417831,558,D_pmar=0.054_dist=500_repair_6_males=6_nmar=5,6,5
0.054,8,0,500,73.82498871502848,228.124501994596,54.75198033195744,11,1.1,2.2112711095967876,558,D_pmar=0.054_dist=500_repair_6_males=6_nmar=5,6,5
0.054,9,500,0,74.43845623108459,245.2504533906028,36.733279579676065,14,1.4,2.214938411819353,558,D_pmar=0.054_dist=500_repair_6_males=6_nmar=5,6,5
0.054,9,500,500,71.34351394733177,200.4992228610448,85.93537169478677,10,1,1.296426402759265,558,D_pmar=0.054_dist=500_repair_6_males=6_nmar=5,6,5
0,7,1000,0,70.4699269455521,216.72049157989468,72.81546658411996,0,0,0,558,D_pmar=0.054_dist=500_repair_6_males=6_nmar=5,6,5
0.054,6,1000,500,71.74935881604249,217.55032002326624,67.46352121325876,12,1.2,2.1590538386162716,558,D_pmar=0.054_dist=500_repair_6_males=6_nmar=5,6,5
0.054,4,0,0,73.42399563149283,234.2470701930444,48.637509301566794,14,1.4,2.300399340065082,559,D_pmar=0.054_dist=500_repair_6_males=6_nmar=5,6,5
0.054,13,0,500,70.66463464766161,213.48227675540133,74.02569175928988,6,0.6,1.348057129108791,559,D_pmar=0.054_dist=500_repair_6_males=6_nmar=5,6,5
0.054,9,500,0,70.83595680988319,237.917030213789,48.593026831175145,10,1,1.716100993382209,559,D_pmar=0.054_dist=500_repair_6_males=6_nmar=5,6,5
0,7,500,500,74.03382926715094,213.14349258832135,73.1208108146656,0,0,0,559,D_pmar=0.054_dist=500_repair_6_males=6_nmar=5,6,5
0.054,10,1000,0,71.6098838951516,253.39837514527127,30.51911052400379,18,1.8000000000000005,2.763137323336742,559,D_pmar=0.054_dist=500_repair_6_males=6_nmar=5,6,5
0.054,11,1000,500,72.1276041409,199.81888596853472,85.35420340742068,11,1.1,1.6435185185185182,559,D_pmar=0.054_dist=500_repair_6_males=6_nmar=5,6,5
0.054,13,0,0,72.83430508737622,205.139163556938,79.5423000521329,12,1.2,1.5717475679771211,55,D_pmar=0.054_dist=500_repair_6_males=6_nmar=5,6,5
0.054,10,0,500,71.27739399896367,243.37806561484928,42.4879684362499,10,1,1.967874845111567,55,D_pmar=0.054_dist=500_repair_6_males=6_nmar=5,6,5
0.054,13,500,0,72.44018961291718,218.9747342267852,66.86880579658191,4,0.4,1.5965408043628964,55,D_pmar=0.054_dist=500_repair_6_males=6_nmar=5,6,5
0,2,500,500,71.1860477767256,258.0758405703894,30.782911694234357,0,0,0,55,D_pmar=0.054_dist=500_repair_6_males=6_nmar=5,6,5
0.054,10,1000,0,68.05430920178293,239.6309014499604,48.83536844160301,12,1.2,2.498709997916651,55,D_pmar=0.054_dist=500_repair_6_males=6_nmar=5,6,5
0.054,6,1000,500,71.07720758429443,223.8644488934764,61.358219626560114,16,1.6000000000000003,2.131934096133544,55,D_pmar=0.054_dist=500_repair_6_males=6_nmar=5,6,5
0.054,9,0,0,68.53569609417072,233.18554259418255,55.12101134362852,8,0.7999999999999999,2.4168787714928186,560,D_pmar=0.054_dist=500_repair_6_males=6_nmar=5,6,5
0.054,11,0,500,73.63881327053207,252.29928527257672,30.417818726207564,17,1.7000000000000004,2.001669813773138,560,D_pmar=0.054_dist=500_repair_6_males=6_nmar=5,6,5
0.054,6,500,0,73.64488843425902,234.806915271194,48.5785237592515,11,1.1,2.003619194122778,560,D_pmar=0.054_dist=500_repair_6_males=6_nmar=5,6,5
0.054,10,500,500,71.82366399557141,230.8723652173206,54.97678494634373,9,0.8999999999999999,1.5198345891086191,560,D_pmar=0.054_dist=500_repair_6_males=6_nmar=5,6,5
0,9,1000,0,68.71097139433904,194.5449213559903,96.8957963299809,0,0,0,560,D_pmar=0.054_dist=500_repair_6_males=6_nmar=5,6,5
0.054,9,1000,500,70.05223538604662,231.68067304577184,55.12207144647397,11,1.1,2.050270576573349,560,D_pmar=0.054_dist=500_repair_6_males=6_nmar=5,6,5
0.054,11,0,0,71.51664353026969,223.5366932462736,61.18409093732687,16,1.6000000000000003,2.290303830948017,561,D_pmar=0.054_dist=500_repair_6_males=6_nmar=5,6,5
0.054,10,0,500,71.27312507856973,248.49698330262007,36.750278761917016,15,1.5000000000000002,1.9836090763938763,561,D_pmar=0.054_dist=500_repair_6_males=6_nmar=5,6,5
0.054,9,500,0,70.95307831301862,182.8013346600912,103.76761977158304,8,0.7999999999999999,1.6795451200487044,561,D_pmar=0.054_dist=500_repair_6_males=6_nmar=5,6,5
0.054,2,500,500,70.13142090327827,273.82239097184555,12.2309253176826,12,1.2,2.702998903280107,561,D_pmar=0.054_dist=500_repair_6_males=6_nmar=5,6,5
0,11,1000,0,70.96062337483586,189.47558641076415,99.90195004426708,0,0,0,561,D_pmar=0.054_dist=500_repair_6_males=6_nmar=5,6,5
0.054,11,1000,500,70.98757873444252,232.6240147535991,53.2706885600948,10,1,2.2326220234513023,561,D_pmar=0.054_dist=500_repair_6_males=6_nmar=5,6,5
0.054,7,0,0,71.6019409350992,230.04677354246783,55.11922359324537,13,1.3,2.064439032038739,562,D_pmar=0.054_dist=500_repair_6_males=6_nmar=5,6,5
0.054,16,0,500,68.55848844617154,239.53530834827825,47.92351502280752,21,2.1000000000000005,2.1691713873263754,562,D_pmar=0.054_dist=500_repair_6_males=6_nmar=5,6,5
0.054,4,500,0,69.16880864100477,184.9575385643181,103.51577518736426,10,1,1.436148855563486,562,D_pmar=0.054_dist=500_repair_6_males=6_nmar=5,6,5
0.054,9,500,500,71.58569029429032,222.93456782055705,62.24451486575973,13,1.3,2.1794983549201548,562,D_pmar=0.054_dist=500_repair_6_males=6_nmar=5,6,5
0.054,10,1000,0,69.48150059148894,227.246905544915,60.95619093578093,6,0.6,1.8007503973056438,562,D_pmar=0.054_dist=500_repair_6_males=6_nmar=5,6,5
0,8,1000,500,70.12936721742432,241.13925581534255,48.82828803843032,0,0,0,562,D_pmar=0.054_dist=500_repair_6_males=6_nmar=5,6,5
0.054,11,0,0,72.92163305907623,240.2000097711428,42.67689385790812,16,1.6000000000000003,2.6133921950507544,563,D_pmar=0.054_dist=500_repair_6_males=6_nmar=5,6,5
0.054,6,0,500,68.01951830166625,232.17190903639735,56.86302317101904,10,1,2.0786803211394287,563,D_pmar=0.054_dist=500_repair_6_males=6_nmar=5,6,5
0.054,17,500,0,69.3993855256436,216.0396717933655,72.98792446477873,3,0.30000000000000004,1.3425925925925923,563,D_pmar=0.054_dist=500_repair_6_males=6_nmar=5,6,5
0,7,500,500,68.43465791793584,236.7799788094316,54.92503646635503,0,0,0,563,D_pmar=0.054_dist=500_repair_6_males=6_nmar=5,6,5
0.054,4,1000,0,73.81041294640012,244.6869559410395,37.71964255948188,14,1.4,2.439817500757291,563,D_pmar=0.054_dist=500_repair_6_males=6_nmar=5,6,5
0.054,9,1000,500,69.8833177441126,219.57667217431415,67.31238549407932,13,1.3,2.1419567716153107,563,D_pmar=0.054_dist=500_repair_6_males=6_nmar=5,6,5
0.054,15,0,0,72.77096317414546,266.0873234505477,18.425488390999806,7,0.7,2.1631775790068577,564,D_pmar=0.054_dist=500_repair_6_males=6_nmar=5,6,5
0.054,9,0,500,70.8422099359545,278.54453224959974,5.818618784338927,18,1.8000000000000005,3.163134842792021,564,D_pmar=0.054_dist=500_repair_6_males=6_nmar=5,6,5
0.054,10,500,0,70.21850191539671,209.87161488014257,76.78672537659703,16,1.6000000000000003,1.7525047206597073,564,D_pmar=0.054_dist=500_repair_6_males=6_nmar=5,6,5
0.054,7,500,500,71.27588002736891,182.19252861930437,103.74991884221971,11,1.1,1.9477346209196973,564,D_pmar=0.054_dist=500_repair_6_males=6_nmar=5,6,5
0,5,1000,0,74.18556775355096,166.90023183677707,119.03454121718804,0,0,0,564,D_pmar=0.054_dist=500_repair_6_males=6_nmar=5,6,5
0.054,8,1000,500,72.9686397868666,198.35431300260316,85.48806307276075,16,1.6000000000000003,1.6484537832313984,564,D_pmar=0.054_dist=500_repair_6_males=6_nmar=5,6,5
0,5,0,0,70.45320494110615,259.27801086803123,30.535874859526277,0,0,0,565,D_pmar=0.054_dist=500_repair_6_males=6_nmar=5,6,5
0.054,11,0,500,71.15667871941521,254.76137274135084,30.715482963199648,11,1.1,2.3615963037283545,565,D_pmar=0.054_dist=500_repair_6_males=6_nmar=5,6,5
0.054,5,500,0,72.97848140837628,186.50213460846,98.01258626368993,9,0.8999999999999999,1.7658396122097657,565,D_pmar=0.054_dist=500_repair_6_males=6_nmar=5,6,5
0.054,15,500,500,70.36957690418335,231.2076423476093,54.65683072107786,14,1.4,2.3771275949123987,565,D_pmar=0.054_dist=500_repair_6_males=6_nmar=5,6,5
0.054,11,1000,0,68.73413261539395,233.25168689314455,54.88641289849189,8,0.7999999999999999,2.394129788685021,565,D_pmar=0.054_dist=500_repair_6_males=6_nmar=5,6,5
0.054,7,1000,500,73.26868471602808,251.19696930241395,32.94372690633589,8,0.7999999999999999,1.8274137016203509,565,D_pmar=0.054_dist=500_repair_6_males=6_nmar=5,6,5
0.054,10,0,0,73.36706176852994,254.06016086093925,29.70175998748912,9,0.8999999999999999,2.1400294308587093,566,D_pmar=0.054_dist=500_repair_6_males=6_nmar=5,6,5
0.054,10,0,500,72.89554468964349,193.0993001189695,91.47788180701733,12,1.2,1.393824153601769,566,D_pmar=0.054_dist=500_repair_6_males=6_nmar=5,6,5
0.054,11,500,0,66.78833499990475,223.86567963553355,66.97563426116697,9,0.8999999999999999,1.623660546845623,566,D_pmar=0.054_dist=500_repair_6_males=6_nmar=5,6,5
0.054,7,500,500,71.31377681829065,212.8297027326336,72.51711043430774,17,1.7000000000000004,1.7202247337727945,566,D_pmar=0.054_dist=500_repair_6_males=6_nmar=5,6,5
0,7,1000,0,73.3745965286238,213.71163792119745,72.9519830830463,0,0,0,566,D_pmar=0.054_dist=500_repair_6_males=6_nmar=5,6,5
0.054,9,1000,500,71.20492477350435,229.92829719297836,55.15398128872067,17,1.7000000000000004,2.151110649947114,566,D_pmar=0.054_dist=500_repair_6_males=6_nmar=5,6,5
0.054,11,0,0,73.93530635916844,252.25684930024943,30.47273626582588,12,1.2,2.2433989504276934,567,D_pmar=0.054_dist=500_repair_6_males=6_nmar=5,6,5
0.054,7,0,500,69.92102137619173,244.04099613748207,42.6503743634837,13,1.3,2.145798259486922,567,D_pmar=0.054_dist=500_repair_6_males=6_nmar=5,6,5
0,10,500,0,68.84510481217832,211.87568388527575,79.40545130338165,0,0,0,567,D_pmar=0.054_dist=500_repair_6_males=6_nmar=5,6,5
0.054,4,500,500,69.7758939988283,237.9404403380326,48.95533515936947,12,1.2,2.2083360192758077,567,D_pmar=0.054_dist=500_repair_6_males=6_nmar=5,6,5
0.054,8,1000,0,72.60294681967028,190.35875401518047,93.65831632402966,16,1.6000000000000003,1.8429229532113545,567,D_pmar=0.054_dist=500_repair_6_males=6_nmar=5,6,5
0.054,14,1000,500,70.42625121179606,206.9090400483983,79.76440532205864,9,0.8999999999999999,2.038682125274663,567,D_pmar=0.054_dist=500_repair_6_males=6_nmar=5,6,5
0.054,14,0,0,72.2097803871768,236.07502243095988,48.720429801533115,13,1.3,1.708157804713051,568,D_pmar=0.054_dist=500_repair_6_males=6_nmar=5,6,5
0.054,10,0,500,73.05907542662872,199.36092006020695,85.25992604027529,10,1,1.3554710459746304,568,D_pmar=0.054_dist=500_repair_6_males=6_nmar=5,6,5
0,12,500,0,72.46441684823903,198.80086541047925,88.8166896645606,0,0,0,568,D_pmar=0.054_dist=500_repair_6_males=6_nmar=5,6,5
0.054,2,500,500,68.37207092052358,268.15412654839656,18.623221855546756,11,1.1,3.7542097676674833,568,D_pmar=0.054_dist=500_repair_6_males=6_nmar=5,6,5
0.054,11,1000,0,73.91349260287916,264.990330110093,18.18612161827799,10,1,2.1350941661458287,568,D_pmar=0.054_dist=500_repair_6_males=6_nmar=5,6,5
0.054,5,1000,500,70.57562354659304,237.39951938524288,48.971415518097146,7,0.7,2.407385367814371,568,D_pmar=0.054_dist=500_repair_6_males=6_nmar=5,6,5
0.054,8,0,0,69.23386831684687,185.54376997952951,102.8657281454972,10,1,1.471211786715371,569,D_pmar=0.054_dist=500_repair_6_males=6_nmar=5,6,5
0.054,5,0,500,71.3298808107731,200.68999812666155,85.47774760298371,9,0.8999999999999999,1.62037037037037,569,D_pmar=0.054_dist=500_repair_6_males=6_nmar=5,6,5
0.054,7,500,0,67.88095073434918,198.2560765880831,91.16041065131829,12,1.2,1.5423013193974418,569,D_pmar=0.054_dist=500_repair_6_males=6_nmar=5,6,5
0.054,12,500,500,69.3433101774811,267.9975142027783,18.33427946632818,18,1.8000000000000005,2.8137823397149297,569,D_pmar=0.054_dist=500_repair_6_males=6_nmar=5,6,5
0,10,1000,0,67.92223898646375,212.71598763201223,79.36742204800969,0,0,0,569,D_pmar=0.054_dist=500_repair_6_males=6_nmar=5,6,5
0.054,12,1000,500,70.97899843309499,254.3350812642061,30.276584084784464,18,1.8000000000000005,2.613015069303441,569,D_pmar=0.054_dist=500_repair_6_males=6_nmar=5,6,5
0.054,9,0,0,72.92158078097319,206.32346444936223,78.38542273490977,8,0.7999999999999999,1.7129629629629626,56,D_pmar=0.054_dist=500_repair_6_males=6_nmar=5,6,5
0,9,0,500,67.79898566224938,221.55766953918575,70.6486636029452,0,0,0,56,D_pmar=0.054_dist=500_repair_6_males=6_nmar=5,6,5
0.054,7,500,0,70.14964363203485,236.93625365529488,48.78476556907751,19,1.9000000000000008,2.2898473927799956,56,D_pmar=0.054_dist=500_repair_6_males=6_nmar=5,6,5
0.054,11,500,500,72.07985463253927,224.05540893661973,60.82975629751379,11,1.1,1.9837612224498833,56,D_pmar=0.054_dist=500_repair_6_males=6_nmar=5,6,5
0.054,6,1000,0,73.14718304058401,186.91787134989644,97.7835152720918,8,0.7999999999999999,1.388207471029563,56,D_pmar=0.054_dist=500_repair_6_males=6_nmar=5,6,5
0.054,12,1000,500,75.57409433691791,249.29990698452613,30.503578217946664,18,1.8000000000000005,3.019412041204,56,D_pmar=0.054_dist=500_repair_6_males=6_nmar=5,6,5
0.054,11,0,0,72.74621594288297,223.39332800404387,60.90140102124008,11,1.1,1.906373589336281,570,D_pmar=0.054_dist=500_repair_6_males=6_nmar=5,6,5
0.054,10,0,500,70.99194997636019,257.0364787044294,28.899769815714397,9,0.8999999999999999,2.2353829281232365,570,D_pmar=0.054_dist=500_repair_6_males=6_nmar=5,6,5
0.054,7,500,0,72.85866197412128,227.92699856699812,56.15345493941949,9,0.8999999999999999,2.188804379307965,570,D_pmar=0.054_dist=500_repair_6_males=6_nmar=5,6,5
0.054,6,500,500,67.55278152446228,217.6272057179557,72.79773994356907,6,0.6,1.5277777777777777,570,D_pmar=0.054_dist=500_repair_6_males=6_nmar=5,6,5
0.054,9,1000,0,69.26171455749336,244.19631086539073,42.88185606717249,15,1.5000000000000002,2.1959140040617906,570,D_pmar=0.054_dist=500_repair_6_males=6_nmar=5,6,5
0,11,1000,500,68.15049657074876,255.30829284000816,36.60427532710948,0,0,0,570,D_pmar=0.054_dist=500_repair_6_males=6_nmar=5,6,5
0.054,4,0,0,70.84617837462069,267.50124295492145,18.21210932102786,7,0.7,2.7465850889467283,571,D_pmar=0.054_dist=500_repair_6_males=6_nmar=5,6,5
0.054,5,0,500,71.33983031051744,189.1703946138197,97.55220330999413,8,0.7999999999999999,1.3250611270166497,571,D_pmar=0.054_dist=500_repair_6_males=6_nmar=5,6,5
0.054,6,500,0,69.47526219675166,261.78892255688356,24.603838513739987,15,1.5000000000000002,2.784640383247264,571,D_pmar=0.054_dist=500_repair_6_males=6_nmar=5,6,5
0,12,500,500,73.92053455910396,231.16448157728232,55.17255532838511,0,0,0,571,D_pmar=0.054_dist=500_repair_6_males=6_nmar=5,6,5
0.054,10,1000,0,74.19594030584591,234.53886302669105,48.799620214407064,8,0.7999999999999999,1.8606065648433032,571,D_pmar=0.054_dist=500_repair_6_males=6_nmar=5,6,5
0.054,17,1000,500,71.33371965040875,233.33893904198837,52.73432354017,11,1.1,1.6659852488073406,571,D_pmar=0.054_dist=500_repair_6_males=6_nmar=5,6,5
0,4,0,0,72.83947351951437,208.01572714331795,79.33883628669832,0,0,0,572,D_pmar=0.054_dist=500_repair_6_males=6_nmar=5,6,5
0.054,10,0,500,70.55817126181955,238.83745008973472,47.71608562076168,12,1.2,1.8341682402199024,572,D_pmar=0.054_dist=500_repair_6_males=6_nmar=5,6,5
0.054,10,500,0,69.89728529453163,219.6135859392246,67.18808763543618,16,1.6000000000000003,1.8749779604069616,572,D_pmar=0.054_dist=500_repair_6_males=6_nmar=5,6,5
0.054,9,500,500,74.56981792479199,227.2486180991181,54.764951316213555,15,1.5000000000000002,2.15374144815608,572,D_pmar=0.054_dist=500_repair_6_males=6_nmar=5,6,5
0.054,10,1000,0,72.83148926297895,247.29266732900064,36.8093491503688,13,1.3,1.9391100143912137,572,D_pmar=0.054_dist=500_repair_6_males=6_nmar=5,6,5
0.054,11,1000,500,70.55789223420612,190.97333442241663,96.64238197348976,7,0.7,1.360935582490829,572,D_pmar=0.054_dist=500_repair_6_males=6_nmar=5,6,5
0.054,14,0,0,69.97909937787459,261.95125970482724,24.64012350195585,11,1.1,2.4288884277248934,573,D_pmar=0.054_dist=500_repair_6_males=6_nmar=5,6,5
0.054,10,0,500,73.67989516663836,227.39081562584903,54.9308384511779,19,1.9000000000000008,2.1441531712492945,573,D_pmar=0.054_dist=500_repair_6_males=6_nmar=5,6,5
0.054,7,500,0,69.65467592686399,213.85003873924185,73.16067958180263,13,1.3,2.058213765242507,573,D_pmar=0.054_dist=500_repair_6_males=6_nmar=5,6,5
0.054,7,500,500,75.12528755169512,211.94084352096408,70.12086340420396,8,0.7999999999999999,2.115388340528941,573,D_pmar=0.054_dist=500_repair_6_males=6_nmar=5,6,5
0.054,11,1000,0,69.38613163312212,190.54567855924267,97.2656144265781,12,1.2,1.6547518836629294,573,D_pmar=0.054_dist=500_repair_6_males=6_nmar=5,6,5
0,5,1000,500,66.79383648698973,232.22002237111863,61.04961728420601,0,0,0,573,D_pmar=0.054_dist=500_repair_6_males=6_nmar=5,6,5
0.054,9,0,0,68.22596576461369,228.56625627149543,61.280154111061215,5,0.5,1.7311538068051924,574,D_pmar=0.054_dist=500_repair_6_males=6_nmar=5,6,5
0.054,6,0,500,68.87153217640339,245.2854313987782,43.18162199894076,11,1.1,1.6329445316403943,574,D_pmar=0.054_dist=500_repair_6_males=6_nmar=5,6,5
0.054,7,500,0,73.09700316635188,217.66322502953767,66.3728536913564,9,0.8999999999999999,1.98540631068751,574,D_pmar=0.054_dist=500_repair_6_males=6_nmar=5,6,5
0.054,14,500,500,73.1851580332633,179.8608738024956,103.73738153607688,17,1.7000000000000004,1.7433728819209429,574,D_pmar=0.054_dist=500_repair_6_males=6_nmar=5,6,5
0,6,1000,0,69.2035235505932,254.3738621221807,36.42950024606136,0,0,0,574,D_pmar=0.054_dist=500_repair_6_males=6_nmar=5,6,5
0.054,12,1000,500,72.70398697498975,224.39713877545665,59.30688355714036,19,1.9000000000000008,1.7184274994791613,574,D_pmar=0.054_dist=500_repair_6_males=6_nmar=5,6,5
0.054,3,0,0,68.11712074462132,251.77703359193816,36.845484862572206,10,1,2.46880731116895,575,D_pmar=0.054_dist=500_repair_6_males=6_nmar=5,6,5
0.054,11,0,500,68.05896514133791,221.77298599643115,67.07289427779394,11,1.1,1.9966396758319211,575,D_pmar=0.054_dist=500_repair_6_males=6_nmar=5,6,5
0.054,13,500,0,70.64575024877959,225.5535253425511,60.58601258275557,15,1.5000000000000002,1.8182818628815864,575,D_pmar=0.054_dist=500_repair_6_males=6_nmar=5,6,5
0.054,4,500,500,68.43635096807849,240.43825470080267,48.52829068868324,10,1,1.7713041487259644,575,D_pmar=0.054_dist=500_repair_6_males=6_nmar=5,6,5
0,10,1000,0,71.83473215705128,231.15945650602953,57.08469878751515,0,0,0,575,D_pmar=0.054_dist=500_repair_6_males=6_nmar=5,6,5
0.054,13,1000,500,73.50632175962403,203.5297049336825,80.15093575556641,13,1.3,1.6666666666666663,575,D_pmar=0.054_dist=500_repair_6_males=6_nmar=5,6,5
0.054,12,0,0,72.16118521398715,211.70140561167543,73.14171196130316,11,1.1,1.9606130743017351,576,D_pmar=0.054_dist=500_repair_6_males=6_nmar=5,6,5
0,10,0,500,68.25656251545027,224.86147381743692,67.00231160704618,0,0,0,576,D_pmar=0.054_dist=500_repair_6_males=6_nmar=5,6,5
0.054,7,500,0,69.99424711128451,243.99897136331435,42.72372485956694,14,1.4,1.9980025115505724,576,D_pmar=0.054_dist=500_repair_6_males=6_nmar=5,6,5
0.054,8,500,500,70.61990460798637,222.83150272551515,63.607719479084686,12,1.2,1.8055555555555551,576,D_pmar=0.054_dist=500_repair_6_males=6_nmar=5,6,5
0.054,12,1000,0,71.25995966328675,200.02150890527577,86.21807398844105,10,1,1.735429693251785,576,D_pmar=0.054_dist=500_repair_6_males=6_nmar=5,6,5
0.054,5,1000,500,70.86015229224533,260.98890584627173,24.413320646078088,13,1.3,2.5823008582334475,576,D_pmar=0.054_dist=500_repair_6_males=6_nmar=5,6,5
0.054,13,0,0,73.21617440498635,246.84188476070756,37.008095497982055,11,1.1,1.8749999999999996,577,D_pmar=0.054_dist=500_repair_6_males=6_nmar=5,6,5
0,10,0,500,70.94746775865757,191.72252633187512,97.40623047517272,0,0,0,577,D_pmar=0.054_dist=500_repair_6_males=6_nmar=5,6,5
0.054,8,500,0,71.10732193670381,206.1832728975072,79.73275653138556,11,1.1,1.883073295132126,577,D_pmar=0.054_dist=500_repair_6_males=6_nmar=5,6,5
0.054,6,500,500,68.63186727836157,215.25390469505555,73.13957235231555,11,1.1,1.9396392861945324,577,D_pmar=0.054_dist=500_repair_6_males=6_nmar=5,6,5
0.054,6,1000,0,68.84074777491777,268.42954470599,18.43123189887126,15,1.5000000000000002,2.931849586552624,577,D_pmar=0.054_dist=500_repair_6_males=6_nmar=5,6,5
0.054,11,1000,500,72.2982926080461,241.902418611849,42.63811329318907,9,0.8999999999999999,2.43741816102504,577,D_pmar=0.054_dist=500_repair_6_males=6_nmar=5,6,5
0.054,9,0,0,71.42901528571718,249.44051121639615,36.43694623591964,11,1.1,1.7889877603579138,578,D_pmar=0.054_dist=500_repair_6_males=6_nmar=5,6,5
0.054,14,0,500,69.49679211568342,223.3664823882216,64.7481909783306,8,0.7999999999999999,1.6140722699388386,578,D_pmar=0.054_dist=500_repair_6_males=6_nmar=5,6,5
0,4,500,0,73.12700643811107,206.99673925504229,79.91997924609461,0,0,0,578,D_pmar=0.054_dist=500_repair_6_males=6_nmar=5,6,5
0.054,10,500,500,69.38655628843557,251.3063582124701,36.5593767489728,12,1.2,1.5638043793079632,578,D_pmar=0.054_dist=500_repair_6_males=6_nmar=5,6,5
0.054,12,1000,0,71.5619608488264,218.56070304479255,67.32227487415292,9,0.8999999999999999,1.7546062470653545,578,D_pmar=0.054_dist=500_repair_6_males=6_nmar=5,6,5
0.054,5,1000,500,72.69588648949558,253.60426512632785,30.306860289763865,12,1.2,2.2621983784939492,578,D_pmar=0.054_dist=500_repair_6_males=6_nmar=5,6,5
0,8,0,0,68.16499496505742,206.50102052818272,85.38636624617246,0,0,0,579,D_pmar=0.054_dist=500_repair_6_males=6_nmar=5,6,5
0.054,8,0,500,69.76205357879176,219.83706774340212,67.42433430334884,11,1.1,1.915809720187059,579,D_pmar=0.054_dist=500_repair_6_males=6_nmar=5,6,5
0.054,13,500,0,72.0881378495997,230.5546175857139,55.25538918019889,8,0.7999999999999999,1.324908980960643,579,D_pmar=0.054_dist=500_repair_6_males=6_nmar=5,6,5
0.054,8,500,500,74.26732311899438,232.428810587025,49.13681438473848,16,1.6000000000000003,2.6044853360032953,579,D_pmar=0.054_dist=500_repair_6_males=6_nmar=5,6,5
0.054,9,1000,0,67.79263036611422,220.5709028574892,67.56282442428282,14,1.4,2.6751977429380545,579,D_pmar=0.054_dist=500_repair_6_males=6_nmar=5,6,5
0.054,8,1000,500,69.9728268219826,231.8715956023576,55.1845675010892,14,1.4,1.7856975838826603,579,D_pmar=0.054_dist=500_repair_6_males=6_nmar=5,6,5
0.054,8,0,0,70.95014269649297,267.61940186777645,18.3150110406044,13,1.3,2.253291519446491,57,D_pmar=0.054_dist=500_repair_6_males=6_nmar=5,6,5
0.054,11,0,500,69.41614520873938,206.17344492810827,81.55964502235203,10,1,1.9381463440129123,57,D_pmar=0.054_dist=500_repair_6_males=6_nmar=5,6,5
0,9,500,0,69.91617592562909,253.0900213725659,37.034195746208994,0,0,0,57,D_pmar=0.054_dist=500_repair_6_males=6_nmar=5,6,5
0.054,5,500,500,73.54128857389696,210.780205188211,73.31794469170518,10,1,1.6196889525110445,57,D_pmar=0.054_dist=500_repair_6_males=6_nmar=5,6,5
0.054,14,1000,0,74.711967577332,221.08348915418273,61.24459215284396,8,0.7999999999999999,2.2320927516479827,57,D_pmar=0.054_dist=500_repair_6_males=6_nmar=5,6,5
0.054,7,1000,500,71.86981761309659,243.34023875300215,42.32674409205795,11,1.1,1.6435185185185182,57,D_pmar=0.054_dist=500_repair_6_males=6_nmar=5,6,5
0.054,12,0,0,69.9094522605696,201.5832705585709,85.22127549906807,13,1.3,2.1745630902072755,580,D_pmar=0.054_dist=500_repair_6_males=6_nmar=5,6,5
0.054,11,0,500,70.66454296540526,207.85284761197855,78.99906799495865,9,0.8999999999999999,1.687488308717862,580,D_pmar=0.054_dist=500_repair_6_males=6_nmar=5,6,5
0,7,500,0,71.43786752454818,215.97088163073275,72.88203982837126,0,0,0,580,D_pmar=0.054_dist=500_repair_6_males=6_nmar=5,6,5
0.054,12,500,500,68.2516899245465,246.2082193269258,42.637511592481346,11,1.1,1.9608380539930408,580,D_pmar=0.054_dist=500_repair_6_males=6_nmar=5,6,5
0.054,5,1000,0,70.51760468577517,255.7859245132388,30.69485901825707,7,0.7,2.3372595055106,580,D_pmar=0.054_dist=500_repair_6_males=6_nmar=5,6,5
0.054,7,1000,500,72.09925454553394,228.5280384126265,55.14584596707459,20,2.0000000000000004,2.25974176593403,580,D_pmar=0.054_dist=500_repair_6_males=6_nmar=5,6,5
0.054,7,0,0,69.67097883260061,226.27995316797467,61.08769431929143,11,1.1,1.9143167780054384,581,D_pmar=0.054_dist=500_repair_6_males=6_nmar=5,6,5
0.054,7,0,500,70.75238551828812,237.5243671141602,48.758509803370984,8,0.7999999999999999,2.1871372514772993,581,D_pmar=0.054_dist=500_repair_6_males=6_nmar=5,6,5
0.054,12,500,0,67.27006639233502,253.59835501550288,36.597653189645875,9,0.8999999999999999,1.7010481799592256,581,D_pmar=0.054_dist=500_repair_6_males=6_nmar=5,6,5
0.054,4,500,500,68.54034258581117,257.7928585069131,30.6619894606512,12,1.2,2.0204692418393946,581,D_pmar=0.054_dist=500_repair_6_males=6_nmar=5,6,5
0.054,15,1000,0,66.37914032272784,212.17433790117548,79.27190786499209,10,1,1.3617691464061614,581,D_pmar=0.054_dist=500_repair_6_males=6_nmar=5,6,5
0,9,1000,500,71.89554044093833,238.95946346449975,49.19471700347659,0,0,0,581,D_pmar=0.054_dist=500_repair_6_males=6_nmar=5,6,5
0.054,7,0,0,68.22292892930055,257.09756283534983,31.12151973823831,14,1.4,2.3324763868537284,582,D_pmar=0.054_dist=500_repair_6_males=6_nmar=5,6,5
0.054,10,0,500,69.45838502841026,250.67792960139604,36.660010868320455,10,1,2.233810673520909,582,D_pmar=0.054_dist=500_repair_6_males=6_nmar=5,6,5
0.054,10,500,0,72.79394620444887,241.75905407210115,42.77003531651823,8,0.7999999999999999,1.9430816087257927,582,D_pmar=0.054_dist=500_repair_6_males=6_nmar=5,6,5
0.054,9,500,500,76.24481059887788,195.6473552398014,85.18438012575942,10,1,2.0803254093770556,582,D_pmar=0.054_dist=500_repair_6_males=6_nmar=5,6,5
0.054,4,1000,0,66.59207867715493,241.09128107130184,48.96460543123687,11,1.1,2.262879796353276,582,D_pmar=0.054_dist=500_repair_6_males=6_nmar=5,6,5
0,14,1000,500,74.36303831297231,210.9801544151485,74.67863739165308,0,0,0,582,D_pmar=0.054_dist=500_repair_6_males=6_nmar=5,6,5
0.054,8,0,0,72.97883090405587,243.28509022945644,41.397343516205154,5,0.5,1.972375711249465,583,D_pmar=0.054_dist=500_repair_6_males=6_nmar=5,6,5
0.054,4,0,500,69.19278155443955,274.43565447856605,12.279460364056275,13,1.3,2.9799210775495157,583,D_pmar=0.054_dist=500_repair_6_males=6_nmar=5,6,5
0.054,13,500,0,71.0101354288098,183.0986352416431,104.09850027571214,3,0.30000000000000004,1.577364250549327,583,D_pmar=0.054_dist=500_repair_6_males=6_nmar=5,6,5
0.054,6,500,500,70.51715409672967,261.1965072785821,24.50150960115337,11,1.1,2.7238205453313027,583,D_pmar=0.054_dist=500_repair_6_males=6_nmar=5,6,5
0.054,7,1000,0,68.29477197218401,282.0981347160263,6.259783775692983,10,1,2.4823163883680532,583,D_pmar=0.054_dist=500_repair_6_males=6_nmar=5,6,5
0,16,1000,500,69.56445362482987,223.27630330417105,67.29541025528667,0,0,0,583,D_pmar=0.054_dist=500_repair_6_males=6_nmar=5,6,5
0,9,0,0,73.70431999376385,212.43878933169648,73.93497317707893,0,0,0,584,D_pmar=0.054_dist=500_repair_6_males=6_nmar=5,6,5
0.054,6,0,500,68.04991977762437,250.95038620582875,36.51015836015755,19,1.9000000000000008,2.6375768472125007,584,D_pmar=0.054_dist=500_repair_6_males=6_nmar=5,6,5
0.054,13,500,0,69.22476333354271,219.32583402819955,68.30517682718012,15,1.5000000000000002,1.660368566235135,584,D_pmar=0.054_dist=500_repair_6_males=6_nmar=5,6,5
0.054,9,500,500,74.2781744930904,196.16441583713652,85.97717126954024,15,1.5000000000000002,2.2311290812696827,584,D_pmar=0.054_dist=500_repair_6_males=6_nmar=5,6,5
0.054,7,1000,0,71.22679150419027,199.76986207805783,85.70873058365478,12,1.2,2.1904494675455912,584,D_pmar=0.054_dist=500_repair_6_males=6_nmar=5,6,5
0.054,10,1000,500,67.59868503256531,191.61668365091936,97.92692915508933,13,1.3,1.7251599984856747,584,D_pmar=0.054_dist=500_repair_6_males=6_nmar=5,6,5
0.054,5,0,0,71.76956762168479,224.72408724010603,60.70146029199571,11,1.1,1.7066648625314311,585,D_pmar=0.054_dist=500_repair_6_males=6_nmar=5,6,5
0,7,0,500,69.59725817121331,253.89997755932117,36.57155540159059,0,0,0,585,D_pmar=0.054_dist=500_repair_6_males=6_nmar=5,6,5
0.054,7,500,0,73.49866186531816,246.26187870187508,36.809628239678226,14,1.4,2.205350134912568,585,D_pmar=0.054_dist=500_repair_6_males=6_nmar=5,6,5
0.054,8,500,500,72.90658383053265,228.93812638825656,54.86773528543047,12,1.2,2.1834699492547345,585,D_pmar=0.054_dist=500_repair_6_males=6_nmar=5,6,5
0.054,21,1000,0,70.95248526099077,201.61468857061752,85.27111047377615,8,0.7999999999999999,1.435185185185185,585,D_pmar=0.054_dist=500_repair_6_males=6_nmar=5,6,5
0.054,6,1000,500,68.31880672179473,239.85288353375083,48.95574131596461,8,0.7999999999999999,2.0750638129591237,585,D_pmar=0.054_dist=500_repair_6_males=6_nmar=5,6,5
0,8,0,0,72.09320282981037,220.91717852770552,67.12735115350274,0,0,0,586,D_pmar=0.054_dist=500_repair_6_males=6_nmar=5,6,5
0.054,11,0,500,69.60262774666897,244.6973195496591,42.9742723759113,11,1.1,1.7235149102480485,586,D_pmar=0.054_dist=500_repair_6_males=6_nmar=5,6,5
0.054,6,500,0,71.85406180152783,205.4142385469121,79.45594485822079,12,1.2,2.1547779521696793,586,D_pmar=0.054_dist=500_repair_6_males=6_nmar=5,6,5
0.054,8,500,500,72.55624153439702,246.8830128346221,36.92368060180594,17,1.7000000000000004,1.9682519708588797,586,D_pmar=0.054_dist=500_repair_6_males=6_nmar=5,6,5
0.054,15,1000,0,73.46964161328611,189.63004561456785,94.20557128619905,12,1.2,1.521479677346246,586,D_pmar=0.054_dist=500_repair_6_males=6_nmar=5,6,5
0.054,6,1000,500,70.99386108637114,225.1234041023729,61.32929970006704,11,1.1,1.6648473927799945,586,D_pmar=0.054_dist=500_repair_6_males=6_nmar=5,6,5
0,4,0,0,73.42446644658627,213.7718938623391,73.11917439086642,0,0,0,587,D_pmar=0.054_dist=500_repair_6_males=6_nmar=5,6,5
0.054,19,0,500,71.67679375347225,220.70747811429297,64.40989704765175,12,1.2,2.1841513671140604,587,D_pmar=0.054_dist=500_repair_6_males=6_nmar=5,6,5
0.054,5,500,0,71.93729458720952,210.7833970808294,73.21095194250611,18,1.8000000000000005,2.2752289779319943,587,D_pmar=0.054_dist=500_repair_6_males=6_nmar=5,6,5
0.054,9,500,500,72.87118909401832,223.5534486614035,61.31955314257579,6,0.6,1.6618615084167547,587,D_pmar=0.054_dist=500_repair_6_males=6_nmar=5,6,5
0.054,8,1000,0,68.98143948209592,250.060753251178,36.985743461195256,15,1.5000000000000002,2.5472599666746,587,D_pmar=0.054_dist=500_repair_6_males=6_nmar=5,6,5
0.054,9,1000,500,71.29733395794625,248.56624292150985,37.15568730746213,7,0.7,2.400427889116553,587,D_pmar=0.054_dist=500_repair_6_males=6_nmar=5,6,5
0.054,3,0,0,70.38832742713568,243.8399650681181,42.69488204417512,13,1.3,1.8749999999999996,588,D_pmar=0.054_dist=500_repair_6_males=6_nmar=5,6,5
0.054,6,0,500,72.53071924676557,235.5627260241251,48.63870972552703,11,1.1,2.2631840884652896,588,D_pmar=0.054_dist=500_repair_6_males=6_nmar=5,6,5
0.054,8,500,0,68.04808948071782,167.74578223530378,122.4378818348578,8,0.7999999999999999,1.0353685662351355,588,D_pmar=0.054_dist=500_repair_6_males=6_nmar=5,6,5
0.054,15,500,500,70.89566429646312,260.35836144841255,24.1660092689366,16,1.6000000000000003,3.0122010644364288,588,D_pmar=0.054_dist=500_repair_6_males=6_nmar=5,6,5
0.054,9,1000,0,71.24338853188345,218.2270348390269,67.36312010330406,14,1.4,1.9533513034919028,588,D_pmar=0.054_dist=500_repair_6_males=6_nmar=5,6,5
0,13,1000,500,69.13908808044806,218.0750522490476,72.9090933471457,0,0,0,588,D_pmar=0.054_dist=500_repair_6_males=6_nmar=5,6,5
0.054,12,0,0,73.93798865449322,244.986903328723,36.697943514008735,19,1.9000000000000008,2.4820693690837095,589,D_pmar=0.054_dist=500_repair_6_males=6_nmar=5,6,5
0.054,9,0,500,68.17478487822758,240.6161801898109,48.82604705259327,7,0.7,1.7129629629629626,589,D_pmar=0.054_dist=500_repair_6_males=6_nmar=5,6,5
0.054,7,500,0,73.41687654190811,228.09913675531195,55.83951397234458,6,0.6,2.0653233899963324,589,D_pmar=0.054_dist=500_repair_6_males=6_nmar=5,6,5
0.054,6,500,500,72.80594827288647,225.6694284544631,58.35395558209368,10,1,2.31959793347169,589,D_pmar=0.054_dist=500_repair_6_males=6_nmar=5,6,5
0.054,10,1000,0,68.731129608554,214.89235737673508,73.323742543227,16,1.6000000000000003,1.5694210618801692,589,D_pmar=0.054_dist=500_repair_6_males=6_nmar=5,6,5
0,10,1000,500,68.30201692927086,218.82725146410303,73.00873982733981,0,0,0,589,D_pmar=0.054_dist=500_repair_6_males=6_nmar=5,6,5
0.054,4,0,0,71.33009291949544,278.8367251080603,6.006963487153749,13,1.3,2.7507881417580236,58,D_pmar=0.054_dist=500_repair_6_males=6_nmar=5,6,5
0.054,7,0,500,69.77288905796539,251.2666137485055,36.46778274094254,8,0.7999999999999999,1.694445787415681,58,D_pmar=0.054_dist=500_repair_6_males=6_nmar=5,6,5
0.054,9,500,0,71.61103417140765,184.01806337325337,101.75057472192049,10,1,1.622015458607997,58,D_pmar=0.054_dist=500_repair_6_males=6_nmar=5,6,5
0.054,13,500,500,68.48356675131924,220.9951137822137,66.83980567142655,13,1.3,2.403718065591806,58,D_pmar=0.054_dist=500_repair_6_males=6_nmar=5,6,5
0,13,1000,0,71.74144875424683,153.56310614107153,134.73617695317677,0,0,0,58,D_pmar=0.054_dist=500_repair_6_males=6_nmar=5,6,5
0.054,8,1000,500,66.16277422108752,265.2571475757895,24.294984336672933,17,1.7000000000000004,2.748816721815346,58,D_pmar=0.054_dist=500_repair_6_males=6_nmar=5,6,5
0.054,8,0,0,70.88879045187839,176.7612033182274,109.89493839474484,12,1.2,1.3210895326820709,590,D_pmar=0.054_dist=500_repair_6_males=6_nmar=5,6,5
0.054,5,0,500,69.19955927113307,233.1821972381519,54.82027101987004,12,1.2,1.7885313221898933,590,D_pmar=0.054_dist=500_repair_6_males=6_nmar=5,6,5
0.054,15,500,0,70.72978371666728,224.33730079678745,62.25698032001165,12,1.2,1.544627825494394,590,D_pmar=0.054_dist=500_repair_6_males=6_nmar=5,6,5
0.054,9,500,500,71.89153195926815,264.4032659266795,18.53503770288957,22,2.2000000000000006,3.0533591559215787,590,D_pmar=0.054_dist=500_repair_6_males=6_nmar=5,6,5
0,5,1000,0,72.24591562860871,188.9238412370812,98.94772645319216,0,0,0,590,D_pmar=0.054_dist=500_repair_6_males=6_nmar=5,6,5
0.054,12,1000,500,67.44669380046133,247.1731021600562,42.34712472762903,8,0.7999999999999999,2.2579224920473573,590,D_pmar=0.054_dist=500_repair_6_males=6_nmar=5,6,5
0.054,14,0,0,70.94739629694378,249.21102667086387,36.739262378423874,12,1.2,2.0786803211394287,591,D_pmar=0.054_dist=500_repair_6_males=6_nmar=5,6,5
0.054,12,0,500,70.8810953636949,191.11727429412173,95.56742069945668,8,0.7999999999999999,1.6468086949937717,591,D_pmar=0.054_dist=500_repair_6_males=6_nmar=5,6,5
0,6,500,0,72.45648018237351,207.9083799536028,79.65855868649902,0,0,0,591,D_pmar=0.054_dist=500_repair_6_males=6_nmar=5,6,5
0.054,8,500,500,68.63083677530729,230.06619924020384,58.00278412475392,15,1.5000000000000002,1.99567600545362,591,D_pmar=0.054_dist=500_repair_6_males=6_nmar=5,6,5
0.054,6,1000,0,70.79717000988838,249.3815944062809,36.56332040931216,13,1.3,2.1089380940414024,591,D_pmar=0.054_dist=500_repair_6_males=6_nmar=5,6,5
0.054,8,1000,500,70.1796796170539,222.49158889027015,63.584200977457336,14,1.4,2.3750833413344203,591,D_pmar=0.054_dist=500_repair_6_males=6_nmar=5,6,5
0.054,9,0,0,69.97024044710444,226.53361718339391,61.00232004626461,7,0.7,1.9604609282457288,592,D_pmar=0.054_dist=500_repair_6_males=6_nmar=5,6,5
0.054,11,0,500,67.97765996434191,228.0063063756826,61.09066682202121,12,1.2,1.866375393471516,592,D_pmar=0.054_dist=500_repair_6_males=6_nmar=5,6,5
0.054,8,500,0,71.72864744263589,229.70064557766796,55.03462113168974,16,1.6000000000000003,2.106481481481482,592,D_pmar=0.054_dist=500_repair_6_males=6_nmar=5,6,5
0.054,15,500,500,69.49291644256161,256.68122870570704,30.388770261381,12,1.2,2.3749532348714513,592,D_pmar=0.054_dist=500_repair_6_males=6_nmar=5,6,5
0,7,1000,0,70.62762197494881,234.94152526749355,54.69697541668842,0,0,0,592,D_pmar=0.054_dist=500_repair_6_males=6_nmar=5,6,5
0.054,4,1000,500,70.79424278049639,225.25204911853712,61.41117690708317,6,0.6,2.1398772848027026,592,D_pmar=0.054_dist=500_repair_6_males=6_nmar=5,6,5
0.054,14,0,0,68.5923931017373,226.94502288626825,61.01924137902809,11,1.1,2.383860093918911,593,D_pmar=0.054_dist=500_repair_6_males=6_nmar=5,6,5
0.054,13,0,500,73.773277929906,188.3440481076664,95.4725383272327,13,1.3,1.134259259259259,593,D_pmar=0.054_dist=500_repair_6_males=6_nmar=5,6,5
0.054,3,500,0,71.58120268601088,241.61138287260465,43.12099508746265,10,1,2.694222150695617,593,D_pmar=0.054_dist=500_repair_6_males=6_nmar=5,6,5
0.054,7,500,500,68.73232333354007,239.34506319169108,48.62266817604157,12,1.2,2.1282667939109787,593,D_pmar=0.054_dist=500_repair_6_males=6_nmar=5,6,5
0,13,1000,0,68.88595911875407,223.95398115946884,67.27096527451555,0,0,0,593,D_pmar=0.054_dist=500_repair_6_males=6_nmar=5,6,5
0.054,4,1000,500,70.70007780884215,243.21748028842595,42.490420297381704,13,1.3,2.442448298966257,593,D_pmar=0.054_dist=500_repair_6_males=6_nmar=5,6,5
0.054,4,0,0,67.53487733020268,258.8669398691898,30.327070115590782,10,1,2.408349038192672,594,D_pmar=0.054_dist=500_repair_6_males=6_nmar=5,6,5
0.054,14,0,500,69.15324014206841,192.4881774667745,96.17055781109065,9,0.8999999999999999,1.3690309172159938,594,D_pmar=0.054_dist=500_repair_6_males=6_nmar=5,6,5
0.054,7,500,0,68.16918290302124,239.97578526742228,48.9195050354134,7,0.7,2.3242289060725563,594,D_pmar=0.054_dist=500_repair_6_males=6_nmar=5,6,5
0,7,500,500,68.19779768114557,237.36558088841556,54.5737169912674,0,0,0,594,D_pmar=0.054_dist=500_repair_6_males=6_nmar=5,6,5
0.054,16,1000,0,69.93720131144784,214.5401231965212,71.78481417293432,19,1.9000000000000008,1.891850047716616,594,D_pmar=0.054_dist=500_repair_6_males=6_nmar=5,6,5
0.054,6,1000,500,69.8807824094087,218.7630880397473,67.57384847356589,16,1.6000000000000003,2.2790704658036054,594,D_pmar=0.054_dist=500_repair_6_males=6_nmar=5,6,5
0.054,3,0,0,69.41358163184371,220.0931959257079,67.56625042464566,12,1.2,2.050879160797376,595,D_pmar=0.054_dist=500_repair_6_males=6_nmar=5,6,5
0,19,0,500,75.5480066620348,192.77922443570824,91.71647223914104,0,0,0,595,D_pmar=0.054_dist=500_repair_6_males=6_nmar=5,6,5
0.054,2,500,0,72.04125220930774,199.516442580538,85.55064044477223,9,0.8999999999999999,2.000814210264767,595,D_pmar=0.054_dist=500_repair_6_males=6_nmar=5,6,5
0.054,5,500,500,71.00293810089588,267.8048945172467,18.281057386013128,9,0.8999999999999999,2.312995540928145,595,D_pmar=0.054_dist=500_repair_6_males=6_nmar=5,6,5
0.054,16,1000,0,68.64116670486423,244.1988293246853,42.69518147913341,22,2.2000000000000006,2.2790704658036054,595,D_pmar=0.054_dist=500_repair_6_males=6_nmar=5,6,5
0.054,9,1000,500,71.30183077877082,204.2622454899131,81.7460336850068,12,1.2,1.6676303370449674,595,D_pmar=0.054_dist=500_repair_6_males=6_nmar=5,6,5
0,6,0,0,73.9438373829236,231.67674806135835,54.6527312154358,0,0,0,596,D_pmar=0.054_dist=500_repair_6_males=6_nmar=5,6,5
0.054,12,0,500,71.45165685058862,229.96506352372896,54.90149939633827,16,1.6000000000000003,2.202364250549328,596,D_pmar=0.054_dist=500_repair_6_males=6_nmar=5,6,5
0.054,11,500,0,72.33606881124328,183.0255787360823,102.31593707492154,8,0.7999999999999999,1.5788571927309472,596,D_pmar=0.054_dist=500_repair_6_males=6_nmar=5,6,5
0.054,8,500,500,71.57716529776661,218.4963440643217,66.90784836844315,12,1.2,1.9267608328124943,596,D_pmar=0.054_dist=500_repair_6_males=6_nmar=5,6,5
0.054,8,1000,0,71.16279320795832,223.39388076468956,62.763380887910024,9,0.8999999999999999,1.866882625681796,596,D_pmar=0.054_dist=500_repair_6_males=6_nmar=5,6,5
0.054,9,1000,500,71.28281459666151,235.6816884811748,48.723277660423136,20,2.0000000000000004,2.3498557063736634,596,D_pmar=0.054_dist=500_repair_6_males=6_nmar=5,6,5
0.054,13,0,0,68.28067790447618,258.35124692021316,30.48205073669327,11,1.1,1.875811524322294,597,D_pmar=0.054_dist=500_repair_6_males=6_nmar=5,6,5
0.054,12,0,500,75.67540936497606,178.50283155249969,103.86704809523548,7,0.7,1.3706760054536204,597,D_pmar=0.054_dist=500_repair_6_males=6_nmar=5,6,5
0.054,8,500,0,70.8366798012114,213.1236540757471,73.14934236847893,11,1.1,1.8103386742124288,597,D_pmar=0.054_dist=500_repair_6_males=6_nmar=5,6,5
0,5,500,500,69.82268075008467,235.1440030888203,55.062871713922554,0,0,0,597,D_pmar=0.054_dist=500_repair_6_males=6_nmar=5,6,5
0.054,8,1000,0,68.76123362808387,226.6928845516327,60.60138721115019,17,1.7000000000000004,2.2863322366134384,597,D_pmar=0.054_dist=500_repair_6_males=6_nmar=5,6,5
0.054,8,1000,500,72.1322209822559,254.0732847512587,30.31758930715434,12,1.2,2.3468698220104245,597,D_pmar=0.054_dist=500_repair_6_males=6_nmar=5,6,5
0,8,0,0,66.47749441050881,263.0721961598851,30.6513902134613,0,0,0,598,D_pmar=0.054_dist=500_repair_6_males=6_nmar=5,6,5
0.054,8,0,500,70.42854786829237,188.88709964670105,97.66853749944434,14,1.4,1.7361111111111107,598,D_pmar=0.054_dist=500_repair_6_males=6_nmar=5,6,5
0.054,6,500,0,69.25271059556164,237.72866630543305,49.669291386218056,12,1.2,2.192978913740811,598,D_pmar=0.054_dist=500_repair_6_males=6_nmar=5,6,5
0.054,12,500,500,68.88472584503886,232.9839759243709,54.95613930294101,11,1.1,2.1051186457628304,598,D_pmar=0.054_dist=500_repair_6_males=6_nmar=5,6,5
0.054,6,1000,0,70.14841862576837,225.78605789192991,60.64834209653024,11,1.1,2.38489659793251,598,D_pmar=0.054_dist=500_repair_6_males=6_nmar=5,6,5
0.054,14,1000,500,69.48437107668863,220.39253326016464,67.14033549145537,12,1.2,1.822405603272172,598,D_pmar=0.054_dist=500_repair_6_males=6_nmar=5,6,5
0.054,12,0,0,71.2688015267001,199.71058838552145,85.33220689634045,17,1.7000000000000004,2.034029113080759,599,D_pmar=0.054_dist=500_repair_6_males=6_nmar=5,6,5
0.054,7,0,500,69.29696469300737,196.81962297471608,91.56772460943324,9,0.8999999999999999,1.4264084326006945,599,D_pmar=0.054_dist=500_repair_6_males=6_nmar=5,6,5
0,8,500,0,69.83531113204263,254.01827796824924,36.3315925474617,0,0,0,599,D_pmar=0.054_dist=500_repair_6_males=6_nmar=5,6,5
0.054,10,500,500,71.75675769810805,237.06273854798508,47.47242989517134,15,1.5000000000000002,2.2276867587384226,599,D_pmar=0.054_dist=500_repair_6_males=6_nmar=5,6,5
0.054,14,1000,0,71.37943866142275,218.04251526002807,67.71590458566973,14,1.4,1.6666666666666663,599,D_pmar=0.054_dist=500_repair_6_males=6_nmar=5,6,5
0.054,3,1000,500,69.81637582278269,230.63571117765807,56.8919702232927,9,0.8999999999999999,1.9167733905653597,599,D_pmar=0.054_dist=500_repair_6_males=6_nmar=5,6,5
0.054,4,0,0,78.43465643949959,247.51563620410627,30.465952058981312,13,1.3,2.313299833040158,59,D_pmar=0.054_dist=500_repair_6_males=6_nmar=5,6,5
0,10,0,500,73.08526789793429,232.08504607597965,54.91427419701407,0,0,0,59,D_pmar=0.054_dist=500_repair_6_males=6_nmar=5,6,5
0.054,6,500,0,68.67839997055019,203.91379368285232,84.13645485385028,13,1.3,2.0500455968820432,59,D_pmar=0.054_dist=500_repair_6_males=6_nmar=5,6,5
0.054,17,500,500,68.61168288518736,215.03708502039672,73.33962522605448,11,1.1,2.0922401923807925,59,D_pmar=0.054_dist=500_repair_6_males=6_nmar=5,6,5
0.054,10,1000,0,71.69936511835849,217.465230878486,67.27378668600431,14,1.4,2.2311290812696827,59,D_pmar=0.054_dist=500_repair_6_males=6_nmar=5,6,5
0.054,7,1000,500,69.61384243492293,236.87646501453744,50.65652187310524,9,0.8999999999999999,2.0971754570936723,59,D_pmar=0.054_dist=500_repair_6_males=6_nmar=5,6,5
0.054,13,0,0,71.1297890545294,235.62451754581528,49.41783464434453,18,1.8000000000000005,2.1074451518597828,600,D_pmar=0.054_dist=500_repair_6_males=6_nmar=5,6,5
0,7,0,500,71.77995737648158,257.6589957089069,30.61414534032324,0,0,0,600,D_pmar=0.054_dist=500_repair_6_males=6_nmar=5,6,5
0.054,10,500,0,70.51707914713515,243.16108154180915,43.1902585514462,13,1.3,1.9131789219780928,600,D_pmar=0.054_dist=500_repair_6_males=6_nmar=5,6,5
0.054,4,500,500,73.1796949793012,186.85214518929507,97.93602456365198,7,0.7,1.463268598046213,600,D_pmar=0.054_dist=500_repair_6_males=6_nmar=5,6,5
0.054,7,1000,0,68.19235844735901,209.59945022237125,79.4619024252208,10,1,1.967592592592592,600,D_pmar=0.054_dist=500_repair_6_males=6_nmar=5,6,5
0.054,13,1000,500,74.79448712910212,221.6205450551228,60.97305058275126,11,1.1,1.5563904624421243,600,D_pmar=0.054_dist=500_repair_6_males=6_nmar=5,6,5
0.054,11,0,0,71.76200305323034,212.49457823993785,73.45874497631961,5,0.5,1.864048887374564,601,D_pmar=0.054_dist=500_repair_6_males=6_nmar=5,6,5
0.054,7,0,500,68.67305973640372,214.4755600410707,73.60450144574753,16,1.6000000000000003,1.83528405665421,601,D_pmar=0.054_dist=500_repair_6_males=6_nmar=5,6,5
0.054,7,500,0,72.70306951442522,229.1512937270807,55.01916524239344,11,1.1,2.0786803211394287,601,D_pmar=0.054_dist=500_repair_6_males=6_nmar=5,6,5
0,6,500,500,73.79936748313334,212.70036733317912,73.50061558556487,0,0,0,601,D_pmar=0.054_dist=500_repair_6_males=6_nmar=5,6,5
0.054,14,1000,0,68.1062331860503,233.89658165426,54.73284424965966,12,1.2,2.095378222800039,601,D_pmar=0.054_dist=500_repair_6_males=6_nmar=5,6,5
0.054,9,1000,500,69.7082055829815,249.62007626800303,36.87168742513443,16,1.6000000000000003,2.3013057376157136,601,D_pmar=0.054_dist=500_repair_6_males=6_nmar=5,6,5
0.054,7,0,0,70.53879783565648,237.0968323481958,49.03798510503827,14,1.4,2.0579887855512013,602,D_pmar=0.054_dist=500_repair_6_males=6_nmar=5,6,5
0.054,10,0,500,73.80223347261281,246.56640118326496,36.594953476852986,12,1.2,2.044298807846869,602,D_pmar=0.054_dist=500_repair_6_males=6_nmar=5,6,5
0.054,8,500,0,67.77630000976983,202.9287487771484,86.66216775126591,9,0.8999999999999999,1.8022433394872637,602,D_pmar=0.054_dist=500_repair_6_males=6_nmar=5,6,5
0.054,7,500,500,73.32489146073696,204.08617580365657,79.35979033072802,13,1.3,1.979789628115304,602,D_pmar=0.054_dist=500_repair_6_males=6_nmar=5,6,5
0.054,15,1000,0,71.25816229482842,200.46436022553704,85.41451600413595,13,1.3,1.8032290494586023,602,D_pmar=0.054_dist=500_repair_6_males=6_nmar=5,6,5
0,7,1000,500,68.61272476647972,261.22480699948915,30.41370572694515,0,0,0,602,D_pmar=0.054_dist=500_repair_6_males=6_nmar=5,6,5
0.054,14,0,0,68.1258840743857,221.86453470362812,67.109791208578,13,1.3,1.6451636067561448,603,D_pmar=0.054_dist=500_repair_6_males=6_nmar=5,6,5
0.054,5,0,500,67.71635238150812,246.4506918379719,42.54573178001015,11,1.1,2.4628928152701404,603,D_pmar=0.054_dist=500_repair_6_males=6_nmar=5,6,5
0.054,7,500,0,73.86949209267587,209.4575106859519,72.78866004094957,17,1.7000000000000004,2.289165974920671,603,D_pmar=0.054_dist=500_repair_6_males=6_nmar=5,6,5
0,9,500,500,72.37077285217299,239.21436845240245,48.449017608356456,0,0,0,603,D_pmar=0.054_dist=500_repair_6_males=6_nmar=5,6,5
0.054,8,1000,0,73.761301396299,201.10612704151052,82.96004265585925,8,0.7999999999999999,1.5158629947740403,603,D_pmar=0.054_dist=500_repair_6_males=6_nmar=5,6,5
0.054,11,1000,500,69.19172516163252,251.58774120857095,36.43286473912878,9,0.8999999999999999,1.9717671270254384,603,D_pmar=0.054_dist=500_repair_6_males=6_nmar=5,6,5
0.054,12,0,0,70.43016093342592,221.10948170353188,65.85881137892008,11,1.1,1.7337846050141583,604,D_pmar=0.054_dist=500_repair_6_males=6_nmar=5,6,5
0.054,9,0,500,68.41909460645068,215.01064526443488,73.44207967825879,15,1.5000000000000002,1.7392491415303577,604,D_pmar=0.054_dist=500_repair_6_males=6_nmar=5,6,5
0,8,500,0,70.49268558381756,234.7841341516124,54.85689520043878,0,0,0,604,D_pmar=0.054_dist=500_repair_6_males=6_nmar=5,6,5
0.054,4,500,500,72.78773964667407,238.45759928243575,44.685885888272935,14,1.4,2.7479323638577524,604,D_pmar=0.054_dist=500_repair_6_males=6_nmar=5,6,5
0.054,12,1000,0,70.70543792964459,243.4525114132902,42.768794741762946,10,1,2.0842970037116344,604,D_pmar=0.054_dist=500_repair_6_males=6_nmar=5,6,5
0.054,9,1000,500,74.73025896934999,188.62293739936803,93.67013611856326,13,1.3,1.7734785087669098,604,D_pmar=0.054_dist=500_repair_6_males=6_nmar=5,6,5
0.054,11,0,0,71.7017539156144,253.18084252236656,30.996545437118268,15,1.5000000000000002,2.7250091954009092,605,D_pmar=0.054_dist=500_repair_6_males=6_nmar=5,6,5
0.054,13,0,500,71.26317114171204,174.52538058770406,111.21426436791508,15,1.5000000000000002,1.5677759736425425,605,D_pmar=0.054_dist=500_repair_6_males=6_nmar=5,6,5
0.054,8,500,0,68.61694479776705,244.78975728730367,42.98977824511496,17,1.7000000000000004,1.9849498725194896,605,D_pmar=0.054_dist=500_repair_6_males=6_nmar=5,6,5
0.054,7,500,500,67.99759345899079,192.2202996710877,97.44529474200732,8,0.7999999999999999,1.6150359403171397,605,D_pmar=0.054_dist=500_repair_6_males=6_nmar=5,6,5
0.054,9,1000,0,73.42591752151462,235.23235167170057,48.69888145857161,9,0.8999999999999999,1.7647237957754578,605,D_pmar=0.054_dist=500_repair_6_males=6_nmar=5,6,5
0,6,1000,500,72.93967998114694,238.24663102784567,48.98246374981088,0,0,0,605,D_pmar=0.054_dist=500_repair_6_males=6_nmar=5,6,5
0,19,0,0,69.38448941868837,223.914827317235,66.76671204979372,0,0,0,606,D_pmar=0.054_dist=500_repair_6_males=6_nmar=5,6,5
0.054,9,0,500,72.2391230161736,240.84202460456297,42.74880466286862,17,1.7000000000000004,2.4827507869430363,606,D_pmar=0.054_dist=500_repair_6_males=6_nmar=5,6,5
0.054,5,500,0,69.5891736233027,195.72021917697637,91.69148771078756,11,1.1,2.0282602844525464,606,D_pmar=0.054_dist=500_repair_6_males=6_nmar=5,6,5
0.054,10,500,500,66.24756993828358,254.3569508486671,36.83466092793757,9,0.8999999999999999,1.818281862881586,606,D_pmar=0.054_dist=500_repair_6_males=6_nmar=5,6,5
0.054,2,1000,0,72.10811817160517,247.1008369978903,36.59108536515957,15,1.5000000000000002,2.705151223728014,606,D_pmar=0.054_dist=500_repair_6_males=6_nmar=5,6,5
0.054,9,1000,500,74.3880996328173,197.20494125688185,86.29378108385984,7,0.7,1.5740740740740735,606,D_pmar=0.054_dist=500_repair_6_males=6_nmar=5,6,5
0,9,0,0,70.05537067373214,247.3937615268455,42.6535645811409,0,0,0,607,D_pmar=0.054_dist=500_repair_6_males=6_nmar=5,6,5
0.054,5,0,500,75.21452662140146,232.98447099189184,48.81094594783414,12,1.2,1.849728285853166,607,D_pmar=0.054_dist=500_repair_6_males=6_nmar=5,6,5
0.054,11,500,0,68.60267455881552,221.7945481262557,66.87603485119999,11,1.1,1.7913142664548658,607,D_pmar=0.054_dist=500_repair_6_males=6_nmar=5,6,5
0.054,12,500,500,71.27527852119805,230.35714382206316,54.91422104659672,14,1.4,2.3101618026209123,607,D_pmar=0.054_dist=500_repair_6_males=6_nmar=5,6,5
0.054,7,1000,0,70.7849847527256,183.62055856848076,103.64700444803616,6,0.6,1.3571161342122573,607,D_pmar=0.054_dist=500_repair_6_males=6_nmar=5,6,5
0.054,10,1000,500,71.80502548706441,224.23421539873345,59.97068278422559,19,1.9000000000000008,2.315778485193118,607,D_pmar=0.054_dist=500_repair_6_males=6_nmar=5,6,5
0,10,0,0,71.35699631970616,227.9977068700724,60.98242866957504,0,0,0,608,D_pmar=0.054_dist=500_repair_6_males=6_nmar=5,6,5
0.054,7,0,500,68.99766336468545,257.45461384035826,30.67658747337119,6,0.6,2.301537196092428,608,D_pmar=0.054_dist=500_repair_6_males=6_nmar=5,6,5
0.054,10,500,0,70.7049375018793,244.6738272168599,42.59510323823833,4,0.4,1.862780924884249,608,D_pmar=0.054_dist=500_repair_6_males=6_nmar=5,6,5
0.054,12,500,500,68.80512357638221,269.0054146918715,18.292111760414137,15,1.5000000000000002,2.533243657265218,608,D_pmar=0.054_dist=500_repair_6_males=6_nmar=5,6,5
0.054,3,1000,0,69.01543041582924,262.25022903242314,24.430808088636567,11,1.1,3.472286209906083,608,D_pmar=0.054_dist=500_repair_6_males=6_nmar=5,6,5
0.054,12,1000,500,67.67790427622894,225.22643404837123,64.89349787212359,4,0.4,1.911026601530185,608,D_pmar=0.054_dist=500_repair_6_males=6_nmar=5,6,5
0.054,10,0,0,71.83270965884304,199.6269119596137,85.9497119351846,11,1.1,1.6411920124215658,609,D_pmar=0.054_dist=500_repair_6_males=6_nmar=5,6,5
0.054,10,0,500,66.31470327119376,241.390764596876,48.834681705025176,17,1.7000000000000004,1.868701899568468,609,D_pmar=0.054_dist=500_repair_6_males=6_nmar=5,6,5
0.054,14,500,0,69.07267153362767,208.07685794567575,79.7315372333079,12,1.2,2.1139461923895815,609,D_pmar=0.054_dist=500_repair_6_males=6_nmar=5,6,5
0.054,9,500,500,67.84623153295479,234.36864952829356,55.07009092187609,10,1,1.848387489727553,609,D_pmar=0.054_dist=500_repair_6_males=6_nmar=5,6,5
0.054,5,1000,0,68.41216064275588,238.5433932703677,49.43225009787281,14,1.4,2.3709816405368724,609,D_pmar=0.054_dist=500_repair_6_males=6_nmar=5,6,5
0,6,1000,500,71.94896063920802,214.57322378204324,73.59431292807987,0,0,0,609,D_pmar=0.054_dist=500_repair_6_males=6_nmar=5,6,5
0,8,0,0,71.12408341157055,210.6773081610753,78.2040968694439,0,0,0,60,D_pmar=0.054_dist=500_repair_6_males=6_nmar=5,6,5
0.054,9,0,500,71.59319736923665,241.5878134577744,43.29456544854462,16,1.6000000000000003,2.018672007545762,60,D_pmar=0.054_dist=500_repair_6_males=6_nmar=5,6,5
0.054,14,500,0,70.49101522096515,208.03970808317897,78.86468042451068,10,1,1.637220418086987,60,D_pmar=0.054_dist=500_repair_6_males=6_nmar=5,6,5
0.054,6,500,500,71.68233115957524,224.40848286116676,61.155936038229136,8,0.7999999999999999,2.062793943801113,60,D_pmar=0.054_dist=500_repair_6_males=6_nmar=5,6,5
0.054,3,1000,0,69.68563035023475,249.66061561107577,36.53529695583321,18,1.8000000000000005,2.4864180891656003,60,D_pmar=0.054_dist=500_repair_6_males=6_nmar=5,6,5
0.054,14,1000,500,74.29047047386344,175.75163417955918,106.96871290853323,15,1.5000000000000002,1.569421061880169,60,D_pmar=0.054_dist=500_repair_6_males=6_nmar=5,6,5
0,14,0,0,68.95905829938194,211.9062825865012,79.39318242526241,0,0,0,610,D_pmar=0.054_dist=500_repair_6_males=6_nmar=5,6,5
0.054,8,0,500,67.65278929497839,245.23715566194176,42.78634879717197,19,1.9000000000000008,2.484468708815961,610,D_pmar=0.054_dist=500_repair_6_males=6_nmar=5,6,5
0.054,7,500,0,69.9177591329817,209.5144115371488,77.36022059075879,13,1.3,1.9948424415382875,610,D_pmar=0.054_dist=500_repair_6_males=6_nmar=5,6,5
0.054,8,500,500,71.75851537315287,229.87450467900135,55.46074779324771,11,1.1,2.1626483072035385,610,D_pmar=0.054_dist=500_repair_6_males=6_nmar=5,6,5
0.054,7,1000,0,72.51322468711611,247.9449617874373,36.61418370468341,8,0.7999999999999999,2.151487775694425,610,D_pmar=0.054_dist=500_repair_6_males=6_nmar=5,6,5
0.054,10,1000,500,70.6156723886635,201.47122776728492,84.9416944928953,11,1.1,1.9262315610091756,610,D_pmar=0.054_dist=500_repair_6_males=6_nmar=5,6,5
0,15,0,0,71.49265982394334,215.45728639059203,73.26743026687446,0,0,0,611,D_pmar=0.054_dist=500_repair_6_males=6_nmar=5,6,5
0.054,3,0,500,71.28728994748845,248.6028264720392,36.734935473003944,11,1.1,2.3195758938786515,611,D_pmar=0.054_dist=500_repair_6_males=6_nmar=5,6,5
0.054,11,500,0,68.55057484754388,221.88822698747128,67.03484356472147,8,0.7999999999999999,1.8184340089375928,611,D_pmar=0.054_dist=500_repair_6_males=6_nmar=5,6,5
0.054,7,500,500,67.72636074830004,269.46718761151,18.1980844886816,15,1.5000000000000002,3.1239194168003293,611,D_pmar=0.054_dist=500_repair_6_males=6_nmar=5,6,5
0.054,11,1000,0,70.3434639369027,207.90643008858905,79.10628980636211,13,1.3,1.3632620885877815,611,D_pmar=0.054_dist=500_repair_6_males=6_nmar=5,6,5
0.054,7,1000,500,74.13425775372663,231.4303932962552,52.19560713835922,7,0.7,1.5618549989583232,611,D_pmar=0.054_dist=500_repair_6_males=6_nmar=5,6,5
0.054,14,0,0,67.66827793984926,233.9689963555612,55.18845797116363,10,1,2.33330995076906,612,D_pmar=0.054_dist=500_repair_6_males=6_nmar=5,6,5
0,4,0,500,67.55873466118939,219.21474162850035,73.24258396790208,0,0,0,612,D_pmar=0.054_dist=500_repair_6_males=6_nmar=5,6,5
0.054,13,500,0,73.08601986318914,205.210498710277,79.53456177356466,7,0.7,1.531067954253031,612,D_pmar=0.054_dist=500_repair_6_males=6_nmar=5,6,5
0.054,5,500,500,70.88701240774098,248.8698399168951,36.559730861253634,12,1.2,2.6305465348793833,612,D_pmar=0.054_dist=500_repair_6_males=6_nmar=5,6,5
0.054,6,1000,0,71.31565115873607,224.1857897012375,60.91203741370004,15,1.5000000000000002,2.220555094391558,612,D_pmar=0.054_dist=500_repair_6_males=6_nmar=5,6,5
0.054,12,1000,500,73.74607967246156,228.33172765676505,54.51222530803651,15,1.5000000000000002,1.9239050549122232,612,D_pmar=0.054_dist=500_repair_6_males=6_nmar=5,6,5
0.054,13,0,0,71.19399054610763,224.3793385694883,61.08816911070316,14,1.4,1.9708827690678457,613,D_pmar=0.054_dist=500_repair_6_males=6_nmar=5,6,5
0.054,10,0,500,72.93151618884099,206.12756157011367,78.98819952644781,4,0.4,1.6316037355147812,613,D_pmar=0.054_dist=500_repair_6_males=6_nmar=5,6,5
0.054,14,500,0,66.65744056770876,229.90673643313283,60.87413927296373,9,0.8999999999999999,1.694293641359674,613,D_pmar=0.054_dist=500_repair_6_males=6_nmar=5,6,5
0,5,500,500,68.29598278011335,242.54337441444753,49.17673539058356,0,0,0,613,D_pmar=0.054_dist=500_repair_6_males=6_nmar=5,6,5
0.054,9,1000,0,72.78684719162919,241.0515692464823,42.81577689743667,15,1.5000000000000002,1.96675902867726,613,D_pmar=0.054_dist=500_repair_6_males=6_nmar=5,6,5
0.054,3,1000,500,76.13213116244695,264.2827768827877,15.692811575654485,9,0.8999999999999999,3.024702392071152,613,D_pmar=0.054_dist=500_repair_6_males=6_nmar=5,6,5
0.054,5,0,0,75.73303844994103,215.59666834988013,66.62612571453406,5,0.5,1.557506278876432,614,D_pmar=0.054_dist=500_repair_6_males=6_nmar=5,6,5
0.054,18,0,500,70.11764793310866,232.2479855183317,52.661296074547394,24,2.400000000000001,2.6965486567925696,614,D_pmar=0.054_dist=500_repair_6_males=6_nmar=5,6,5
0.054,13,500,0,67.36292932752598,216.58757694690607,73.06594996307054,14,1.4,1.8396327767361011,614,D_pmar=0.054_dist=500_repair_6_males=6_nmar=5,6,5
0.054,7,500,500,71.42591523747028,188.4736796835581,97.57362744230784,12,1.2,1.437641797745106,614,D_pmar=0.054_dist=500_repair_6_males=6_nmar=5,6,5
0.054,8,1000,0,69.77081003519145,208.23883810527033,79.24152072717251,14,1.4,1.3657407407407405,614,D_pmar=0.054_dist=500_repair_6_males=6_nmar=5,6,5
0,3,1000,500,72.41191582157484,238.80298785898216,48.82636119602356,0,0,0,614,D_pmar=0.054_dist=500_repair_6_males=6_nmar=5,6,5
0.054,10,0,0,73.80536598693432,179.36447551752715,103.91059263336116,14,1.4,1.5563904624421243,615,D_pmar=0.054_dist=500_repair_6_males=6_nmar=5,6,5
0.054,6,0,500,68.82565953131703,263.5601588840145,24.495516869527453,11,1.1,2.1357535444121165,615,D_pmar=0.054_dist=500_repair_6_males=6_nmar=5,6,5
0,6,500,0,69.9284916172005,229.36555225985143,60.850952115900185,0,0,0,615,D_pmar=0.054_dist=500_repair_6_males=6_nmar=5,6,5
0.054,13,500,500,71.45889631278355,241.84365047594804,42.935305409335065,15,1.5000000000000002,2.3141333969554907,615,D_pmar=0.054_dist=500_repair_6_males=6_nmar=5,6,5
0.054,8,1000,0,73.7150442878247,192.3523666612568,91.27707571658352,9,0.8999999999999999,1.7906328485955405,615,D_pmar=0.054_dist=500_repair_6_males=6_nmar=5,6,5
0.054,11,1000,500,71.17706306917371,213.21833876713376,71.95303305637303,16,1.6000000000000003,2.143319607333962,615,D_pmar=0.054_dist=500_repair_6_males=6_nmar=5,6,5
0.054,10,0,0,75.49125960364354,178.70407689537555,103.49802070760283,8,0.7999999999999999,1.5158629947740403,616,D_pmar=0.054_dist=500_repair_6_males=6_nmar=5,6,5
0,6,0,500,70.01464303950263,227.3324017841832,62.728203517464785,0,0,0,616,D_pmar=0.054_dist=500_repair_6_males=6_nmar=5,6,5
0.054,4,500,0,71.86896803039873,262.6115930630879,21.424253527426828,14,1.4,2.6960193849892504,616,D_pmar=0.054_dist=500_repair_6_males=6_nmar=5,6,5
0.054,12,500,500,70.87789679942715,206.99279529116563,78.94180684308677,14,1.4,1.85731638836805,616,D_pmar=0.054_dist=500_repair_6_males=6_nmar=5,6,5
0.054,11,1000,0,71.20076898770563,261.03551348514566,24.414514872081504,12,1.2,2.232622023451302,616,D_pmar=0.054_dist=500_repair_6_males=6_nmar=5,6,5
0.054,11,1000,500,69.1290246603017,208.80585421335164,79.05432761237857,14,1.4,1.684480384761584,616,D_pmar=0.054_dist=500_repair_6_males=6_nmar=5,6,5
0.054,9,0,0,72.70218536338166,217.45728213114705,66.89694693052901,11,1.1,1.9166432841023913,617,D_pmar=0.054_dist=500_repair_6_males=6_nmar=5,6,5
0.054,9,0,500,72.27349819347836,259.7104931613979,24.52859785522434,10,1,2.5687630265851227,617,D_pmar=0.054_dist=500_repair_6_males=6_nmar=5,6,5
0.054,9,500,0,73.85446258205506,232.21154715695116,50.81113967146433,14,1.4,1.9588158400081015,617,D_pmar=0.054_dist=500_repair_6_males=6_nmar=5,6,5
0,6,500,500,68.58383848008118,206.5239077546754,85.09437615252605,0,0,0,617,D_pmar=0.054_dist=500_repair_6_males=6_nmar=5,6,5
0.054,8,1000,0,72.51991106805396,210.67286255383593,73.2649896615818,14,1.4,2.1863257271550056,617,D_pmar=0.054_dist=500_repair_6_males=6_nmar=5,6,5
0.054,13,1000,500,70.70128829772264,222.43346571694104,63.4681852569078,13,1.3,2.1345648943425104,617,D_pmar=0.054_dist=500_repair_6_males=6_nmar=5,6,5
0.054,10,0,0,70.49639373040621,243.9311056966145,42.34666712693643,13,1.3,2.0595037673258596,618,D_pmar=0.054_dist=500_repair_6_males=6_nmar=5,6,5
0.054,5,0,500,71.61977097444202,224.7851430607849,61.23822127175515,9,0.8999999999999999,1.7073242407977192,618,D_pmar=0.054_dist=500_repair_6_males=6_nmar=5,6,5
0.054,5,500,0,72.09947544977513,259.7195397572211,24.25441635749396,12,1.2,2.848468145119503,618,D_pmar=0.054_dist=500_repair_6_males=6_nmar=5,6,5
0,8,500,500,70.07951877099896,217.0596599803105,72.98378003120095,0,0,0,618,D_pmar=0.054_dist=500_repair_6_males=6_nmar=5,6,5
0.054,9,1000,0,73.55616757008052,246.57103173353147,36.95358134038538,9,0.8999999999999999,2.0244408361739743,618,D_pmar=0.054_dist=500_repair_6_males=6_nmar=5,6,5
0.054,17,1000,500,70.15286233359772,220.3075289465849,67.43989267867794,7,0.7,1.5100941661458285,618,D_pmar=0.054_dist=500_repair_6_males=6_nmar=5,6,5
0,14,0,0,71.78034833388465,184.66766601806393,103.72543642792805,0,0,0,619,D_pmar=0.054_dist=500_repair_6_males=6_nmar=5,6,5
0.054,1,0,500,69.99134731554187,245.62676369127155,40.905084216622114,13,1.3,2.380113479275638,619,D_pmar=0.054_dist=500_repair_6_males=6_nmar=5,6,5
0.054,12,500,0,70.7527178703463,248.74417343816484,36.43983160845793,18,1.8000000000000005,2.3951883322916596,619,D_pmar=0.054_dist=500_repair_6_males=6_nmar=5,6,5
0.054,4,500,500,69.92457090200497,203.1952732709059,84.63262396504284,5,0.5,1.772644944851577,619,D_pmar=0.054_dist=500_repair_6_males=6_nmar=5,6,5
0.054,14,1000,0,70.94340643931818,254.86889690155368,30.777146662609624,12,1.2,2.3703002226775465,619,D_pmar=0.054_dist=500_repair_6_males=6_nmar=5,6,5
0.054,9,1000,500,74.25389116462544,190.77926169992827,91.64750380178018,16,1.6000000000000003,1.8088457320308085,619,D_pmar=0.054_dist=500_repair_6_males=6_nmar=5,6,5
0,6,0,0,72.85965712318641,231.81855550820993,55.48159982994812,0,0,0,61,D_pmar=0.054_dist=500_repair_6_males=6_nmar=5,6,5
0.054,12,0,500,69.81283541027047,213.97577957298677,73.20526017019837,12,1.2,1.8511704339925257,61,D_pmar=0.054_dist=500_repair_6_males=6_nmar=5,6,5
0.054,8,500,0,70.64127771298371,209.30603601273043,77.3857454220306,9,0.8999999999999999,1.9589679860641085,61,D_pmar=0.054_dist=500_repair_6_males=6_nmar=5,6,5
0.054,5,500,500,72.52283204416467,204.32680151735676,79.7228287096544,14,1.4,2.0925224448997675,61,D_pmar=0.054_dist=500_repair_6_males=6_nmar=5,6,5
0.054,14,1000,0,68.94800559641956,227.15653750503813,60.90301605663489,15,1.5000000000000002,1.672131203182865,61,D_pmar=0.054_dist=500_repair_6_males=6_nmar=5,6,5
0.054,9,1000,500,70.04698109993356,243.47688328758124,43.28462644801015,14,1.4,1.9716942933901391,61,D_pmar=0.054_dist=500_repair_6_males=6_nmar=5,6,5
0.054,12,0,0,68.4164807224827,215.38389118456695,73.67820962528917,9,0.8999999999999999,1.7952858607894449,620,D_pmar=0.054_dist=500_repair_6_males=6_nmar=5,6,5
0.054,8,0,500,73.70725160166307,233.3422530348919,49.39561745644621,13,1.3,2.287825178795058,620,D_pmar=0.054_dist=500_repair_6_males=6_nmar=5,6,5
0.054,15,500,0,70.27004721429935,237.3237645045342,48.65355274165423,15,1.5000000000000002,2.344391169857465,620,D_pmar=0.054_dist=500_repair_6_males=6_nmar=5,6,5
0.054,7,500,500,67.66148141657936,276.53896444399805,12.058314162395018,12,1.2,2.590244046902605,620,D_pmar=0.054_dist=500_repair_6_males=6_nmar=5,6,5
0.054,5,1000,0,66.27035088081826,211.78583961463025,79.22385200055815,10,1,1.84555375142032,620,D_pmar=0.054_dist=500_repair_6_males=6_nmar=5,6,5
0,7,1000,500,72.70029592887369,207.0139627943119,80.28746920870891,0,0,0,620,D_pmar=0.054_dist=500_repair_6_males=6_nmar=5,6,5
0,15,0,0,68.46605146286576,181.50340811368315,110.11819452745158,0,0,0,621,D_pmar=0.054_dist=500_repair_6_males=6_nmar=5,6,5
0.054,14,0,500,72.56601301276237,221.9182344700801,62.41316312526184,12,1.2,2.037319289556012,621,D_pmar=0.054_dist=500_repair_6_males=6_nmar=5,6,5
0.054,9,500,0,70.50704669766934,249.95249631725864,36.59720109585881,10,1,2.0216578919090016,621,D_pmar=0.054_dist=500_repair_6_males=6_nmar=5,6,5
0.054,5,500,500,73.4444466680719,239.9833084412763,42.573648064618226,14,1.4,2.626422794488798,621,D_pmar=0.054_dist=500_repair_6_males=6_nmar=5,6,5
0.054,7,1000,0,72.96216548349,234.9185625632062,48.32228377239754,15,1.5000000000000002,2.3142635034184593,621,D_pmar=0.054_dist=500_repair_6_males=6_nmar=5,6,5
0.054,4,1000,500,73.09021633664318,222.85743376322225,61.448803732862075,9,0.8999999999999999,1.8055555555555551,621,D_pmar=0.054_dist=500_repair_6_males=6_nmar=5,6,5
0.054,10,0,0,71.16044399842855,224.40621003052308,61.2587446424317,14,1.4,1.8442637493369676,622,D_pmar=0.054_dist=500_repair_6_males=6_nmar=5,6,5
0.054,4,0,500,69.32333916479274,210.404041737206,77.75414891217548,7,0.7,1.8256957797474251,622,D_pmar=0.054_dist=500_repair_6_males=6_nmar=5,6,5
0.054,13,500,0,70.75103358624563,230.8249671957248,54.94738816323475,15,1.5000000000000002,2.071114258217583,622,D_pmar=0.054_dist=500_repair_6_males=6_nmar=5,6,5
0.054,8,500,500,72.35343587882745,233.35396272484329,51.27588265702667,10,1,2.0462261486034707,622,D_pmar=0.054_dist=500_repair_6_males=6_nmar=5,6,5
0.054,14,1000,0,71.04485105125582,217.39440876481035,68.37956667284685,13,1.3,2.060185185185185,622,D_pmar=0.054_dist=500_repair_6_males=6_nmar=5,6,5
0,5,1000,500,71.74681563815723,252.09254943588297,36.301060208901895,0,0,0,622,D_pmar=0.054_dist=500_repair_6_males=6_nmar=5,6,5
0.054,9,0,0,66.31539574411059,217.99197646304,72.84270649121302,12,1.2,1.7129629629629626,623,D_pmar=0.054_dist=500_repair_6_males=6_nmar=5,6,5
0.054,9,0,500,70.84491681331053,231.1536085235466,54.864804920700266,13,1.3,2.1687942615790634,623,D_pmar=0.054_dist=500_repair_6_males=6_nmar=5,6,5
0.054,6,500,0,70.90887972467763,248.55823172947257,36.83861920293085,15,1.5000000000000002,2.4308378080745325,623,D_pmar=0.054_dist=500_repair_6_males=6_nmar=5,6,5
0,15,500,500,67.34166474340032,200.7124864957331,91.97967114589524,0,0,0,623,D_pmar=0.054_dist=500_repair_6_males=6_nmar=5,6,5
0.054,12,1000,0,71.123797484431,221.40049815828937,64.29793289607058,11,1.1,2.1857964553516864,623,D_pmar=0.054_dist=500_repair_6_males=6_nmar=5,6,5
0.054,3,1000,500,70.93908831468623,237.55233959820367,48.57656870238665,10,1,1.985783436434822,623,D_pmar=0.054_dist=500_repair_6_males=6_nmar=5,6,5
0.054,17,0,0,70.65636533325801,237.42588165443175,49.1326620023402,10,1,1.9219556745625832,624,D_pmar=0.054_dist=500_repair_6_males=6_nmar=5,6,5
0.054,6,0,500,72.39573090994683,188.129880490243,97.47392550251678,7,0.7,1.4057389366055058,624,D_pmar=0.054_dist=500_repair_6_males=6_nmar=5,6,5
0.054,6,500,0,67.35229255856414,222.72725769295332,67.29713389515871,9,0.8999999999999999,1.9725278573054716,624,D_pmar=0.054_dist=500_repair_6_males=6_nmar=5,6,5
0.054,5,500,500,69.88517868532817,261.4935022498946,24.445202097029743,18,1.8000000000000005,2.5723354555793505,624,D_pmar=0.054_dist=500_repair_6_males=6_nmar=5,6,5
0,10,1000,0,69.37702395443429,253.6038075381209,37.035797959376815,0,0,0,624,D_pmar=0.054_dist=500_repair_6_males=6_nmar=5,6,5
0.054,10,1000,500,71.37931773634944,236.73792312190744,48.98059983921563,9,0.8999999999999999,2.081006827236381,624,D_pmar=0.054_dist=500_repair_6_males=6_nmar=5,6,5
0.054,7,0,0,70.84902453046766,254.1212460829835,30.720900598214573,16,1.6000000000000003,2.795417310223654,625,D_pmar=0.054_dist=500_repair_6_males=6_nmar=5,6,5
0.054,14,0,500,69.61730204860021,226.95183784842416,60.74488911961366,12,1.2,1.660368566235135,625,D_pmar=0.054_dist=500_repair_6_males=6_nmar=5,6,5
0.054,5,500,0,72.37509142234227,260.0739662199365,24.461533198026583,9,0.8999999999999999,2.2209322201388706,625,D_pmar=0.054_dist=500_repair_6_males=6_nmar=5,6,5
0,7,500,500,75.21450919359178,205.72706059082333,79.14684317509092,0,0,0,625,D_pmar=0.054_dist=500_repair_6_males=6_nmar=5,6,5
0.054,7,1000,0,66.77511808229593,233.1363427404922,56.8922728622385,13,1.3,2.073345891086198,625,D_pmar=0.054_dist=500_repair_6_males=6_nmar=5,6,5
0.054,14,1000,500,71.1200695624202,188.5633140018427,98.02566640324125,8,0.7999999999999999,1.5717475679771216,625,D_pmar=0.054_dist=500_repair_6_males=6_nmar=5,6,5
0.054,9,0,0,71.86140559670373,235.1091782334277,50.53368089142947,8,0.7999999999999999,1.768166118306718,626,D_pmar=0.054_dist=500_repair_6_males=6_nmar=5,6,5
0,5,0,500,70.98601444835475,182.65185347651132,106.42807423406494,0,0,0,626,D_pmar=0.054_dist=500_repair_6_males=6_nmar=5,6,5
0.054,8,500,0,72.99094905993447,270.7738049890836,12.13201862292036,14,1.4,2.7340682005043746,626,D_pmar=0.054_dist=500_repair_6_males=6_nmar=5,6,5
0.054,12,500,500,69.69797862439691,231.65979952323673,54.791455416055946,18,1.8000000000000005,2.1823541328204263,626,D_pmar=0.054_dist=500_repair_6_males=6_nmar=5,6,5
0.054,8,1000,0,75.24129512686486,184.78133228966763,97.92732878828038,7,0.7,1.5072383882455571,626,D_pmar=0.054_dist=500_repair_6_males=6_nmar=5,6,5
0.054,12,1000,500,71.30368184534186,249.06044414191825,36.54642580234293,14,1.4,1.811020092071754,626,D_pmar=0.054_dist=500_repair_6_males=6_nmar=5,6,5
0.054,8,0,0,71.25713368095668,224.54477570113963,60.91129681917422,13,1.3,1.9933494993566685,627,D_pmar=0.054_dist=500_repair_6_males=6_nmar=5,6,5
0.054,11,0,500,72.13333057986995,205.4529988762201,79.86599366824593,11,1.1,1.5795386105902725,627,D_pmar=0.054_dist=500_repair_6_males=6_nmar=5,6,5
0.054,11,500,0,74.0885143540107,221.448463148506,60.852418702209704,16,1.6000000000000003,2.0148525592671893,627,D_pmar=0.054_dist=500_repair_6_males=6_nmar=5,6,5
0.054,7,500,500,70.70933510835592,231.31212183287988,54.96976870672647,9,0.8999999999999999,2.1753746145295696,627,D_pmar=0.054_dist=500_repair_6_males=6_nmar=5,6,5
0.054,7,1000,0,74.31400357296585,203.48812125171136,79.011145960653,16,1.6000000000000003,1.6435185185185182,627,D_pmar=0.054_dist=500_repair_6_males=6_nmar=5,6,5
0,10,1000,500,68.58342900313086,229.32214674234345,62.18489189222057,0,0,0,627,D_pmar=0.054_dist=500_repair_6_males=6_nmar=5,6,5
0.054,6,0,0,71.04130935495982,243.31001401242787,42.538209518982136,11,1.1,2.120070107172067,628,D_pmar=0.054_dist=500_repair_6_males=6_nmar=5,6,5
0.054,12,0,500,68.34891564771469,202.6746824048681,85.58123514184037,15,1.5000000000000002,1.9758180337807256,628,D_pmar=0.054_dist=500_repair_6_males=6_nmar=5,6,5
0.054,10,500,0,71.50128546994317,188.15726072766861,98.013244394559365,8,0.7999999999999999,1.5869525274561118,628,D_pmar=0.054_dist=500_repair_6_males=6_nmar=5,6,5
0.054,7,500,500,72.68281126934183,239.6880306318077,42.81993421791042,22,2.2000000000000006,2.622321093691251,628,D_pmar=0.054_dist=500_repair_6_males=6_nmar=5,6,5
0.054,6,1000,0,68.81126617363613,214.730157954336,73.14295109613555,11,1.1,2.2505878876022263,628,D_pmar=0.054_dist=500_repair_6_males=6_nmar=5,6,5
0,13,1000,500,71.75960043058562,226.6092360584277,61.66375943118893,0,0,0,628,D_pmar=0.054_dist=500_repair_6_males=6_nmar=5,6,5
0.054,8,0,0,69.20722678079574,244.49320641097935,42.64505563770133,14,1.4,2.4409553567846363,629,D_pmar=0.054_dist=500_repair_6_males=6_nmar=5,6,5
0.054,7,0,500,71.84262110643141,196.48032279283257,89.47784181235221,9,0.8999999999999999,1.3227346209196975,629,D_pmar=0.054_dist=500_repair_6_males=6_nmar=5,6,5
0,11,500,0,68.3453387381243,218.94865366676268,72.76623031290484,0,0,0,629,D_pmar=0.054_dist=500_repair_6_males=6_nmar=5,6,5
0.054,8,500,500,67.29095266699495,209.9468597575984,79.64839800373693,15,1.5000000000000002,1.9814347163529311,629,D_pmar=0.054_dist=500_repair_6_males=6_nmar=5,6,5
0.054,11,1000,0,68.95248995451237,244.24536447105885,42.78024405977339,18,1.8000000000000005,2.2916666666666687,629,D_pmar=0.054_dist=500_repair_6_males=6_nmar=5,6,5
0.054,9,1000,500,71.24960560555031,213.1219895728871,72.99589800331846,10,1,1.723514910248048,629,D_pmar=0.054_dist=500_repair_6_males=6_nmar=5,6,5
0.054,11,0,0,65.27960580017823,241.72797482801633,48.728626097222794,19,1.9000000000000008,2.415480702539537,62,D_pmar=0.054_dist=500_repair_6_males=6_nmar=5,6,5
0,8,0,500,69.51584646277561,179.2207724659934,111.394898997537,0,0,0,62,D_pmar=0.054_dist=500_repair_6_males=6_nmar=5,6,5
0.054,8,500,0,73.51438345153302,265.06501456706184,18.476833144373387,9,0.8999999999999999,2.274794579357013,62,D_pmar=0.054_dist=500_repair_6_males=6_nmar=5,6,5
0.054,8,500,500,72.95991394436918,272.258155936362,12.17392302109131,5,0.5,2.3171192813187313,62,D_pmar=0.054_dist=500_repair_6_males=6_nmar=5,6,5
0.054,11,1000,0,73.62607806118957,209.87032175278753,74.63171470299302,5,0.5,1.6388655063246136,62,D_pmar=0.054_dist=500_repair_6_males=6_nmar=5,6,5
0.054,8,1000,500,70.17978007829792,256.29905874137506,30.420362882741497,12,1.2,1.999647599788199,62,D_pmar=0.054_dist=500_repair_6_males=6_nmar=5,6,5
0.054,5,0,0,73.66567008985905,239.4916578657888,42.87643704156232,13,1.3,2.7358654347980087,630,D_pmar=0.054_dist=500_repair_6_males=6_nmar=5,6,5
0.054,10,0,500,70.49306631217071,210.21123685446952,77.24144994593787,7,0.7,1.4175015735532357,630,D_pmar=0.054_dist=500_repair_6_males=6_nmar=5,6,5
0.054,9,500,0,72.29299981622574,223.61534440238532,61.0932254681217,12,1.2,1.8369291448918363,630,D_pmar=0.054_dist=500_repair_6_males=6_nmar=5,6,5
0.054,11,500,500,70.95006242571968,224.7666836721807,60.64099052399255,16,1.6000000000000003,2.0425015735532357,630,D_pmar=0.054_dist=500_repair_6_males=6_nmar=5,6,5
0.054,8,1000,0,73.95196721712969,225.12394744041055,57.31805182668324,15,1.5000000000000002,2.136209982580137,630,D_pmar=0.054_dist=500_repair_6_males=6_nmar=5,6,5
0,11,1000,500,70.08181420296657,210.51609392077347,79.54201610634927,0,0,0,630,D_pmar=0.054_dist=500_repair_6_males=6_nmar=5,6,5
0.054,14,0,0,70.94365101825917,261.30575329888615,24.302375001624306,11,1.1,2.4109798364016384,631,D_pmar=0.054_dist=500_repair_6_males=6_nmar=5,6,5
0.054,5,0,500,68.04988520246751,206.12261098950304,82.09889967896495,18,1.8000000000000005,1.9308625336100425,631,D_pmar=0.054_dist=500_repair_6_males=6_nmar=5,6,5
0.054,5,500,0,73.41621705378375,216.6391498310745,66.89925578406817,12,1.2,1.84555375142032,631,D_pmar=0.054_dist=500_repair_6_males=6_nmar=5,6,5
0.054,15,500,500,72.67779424982321,218.28773891497252,67.11631193172511,6,0.6,1.3809457002197307,631,D_pmar=0.054_dist=500_repair_6_males=6_nmar=5,6,5
0.054,10,1000,0,69.92926835021528,219.53311623006812,67.59604346140962,13,1.3,1.7066648625314311,631,D_pmar=0.054_dist=500_repair_6_males=6_nmar=5,6,5
0,5,1000,500,70.59235555172994,234.42597923054376,55.05418072956263,0,0,0,631,D_pmar=0.054_dist=500_repair_6_males=6_nmar=5,6,5
0.054,7,0,0,71.29310655392429,260.7731742592014,24.383937578271556,14,1.4,2.2971312031828677,632,D_pmar=0.054_dist=500_repair_6_males=6_nmar=5,6,5
0,11,0,500,68.61118177576415,212.69216628623897,78.98226402631164,0,0,0,632,D_pmar=0.054_dist=500_repair_6_males=6_nmar=5,6,5
0.054,7,500,0,68.43452946797126,210.19628436713953,79.46474430986888,5,0.5,1.517508083011667,632,D_pmar=0.054_dist=500_repair_6_males=6_nmar=5,6,5
0.054,9,500,500,68.54629875662434,209.0168234656041,79.81143470137827,12,1.2,1.5790093387869537,632,D_pmar=0.054_dist=500_repair_6_males=6_nmar=5,6,5
0.054,8,1000,0,75.2239846580985,219.62717498748043,61.76615169691131,14,1.4,2.1034735575252035,632,D_pmar=0.054_dist=500_repair_6_males=6_nmar=5,6,5
0.054,12,1000,500,73.20743019997548,245.87269868519743,36.91957637368187,14,1.4,2.6007959941876915,632,D_pmar=0.054_dist=500_repair_6_males=6_nmar=5,6,5
0.054,13,0,0,70.85813995519332,166.16956273799644,121.54883216626344,4,0.4,1.0935796455351685,633,D_pmar=0.054_dist=500_repair_6_males=6_nmar=5,6,5
0,5,0,500,75.56444160553083,210.8639842501463,73.66600817483378,0,0,0,633,D_pmar=0.054_dist=500_repair_6_males=6_nmar=5,6,5
0.054,13,500,0,70.21312292103899,249.96801000648512,36.714802556899954,9,0.8999999999999999,2.522444690695787,633,D_pmar=0.054_dist=500_repair_6_males=6_nmar=5,6,5
0.054,7,500,500,71.4449687485282,186.0313190045834,99.66879906775011,13,1.3,1.7361111111111107,633,D_pmar=0.054_dist=500_repair_6_males=6_nmar=5,6,5
0.054,10,1000,0,67.65120626700428,263.26772075725785,24.562032375270423,22,2.2000000000000006,2.3793019549533434,633,D_pmar=0.054_dist=500_repair_6_males=6_nmar=5,6,5
0.054,6,1000,500,71.29860055481399,247.87259224946837,36.67529812738344,17,1.7000000000000004,2.52573486717104,633,D_pmar=0.054_dist=500_repair_6_males=6_nmar=5,6,5
0.054,7,0,0,73.40337066953127,246.63401409600272,36.86205266796224,7,0.7,2.4680530596743253,634,D_pmar=0.054_dist=500_repair_6_males=6_nmar=5,6,5
0.054,14,0,500,73.06344308786352,222.73438156084703,61.16092845767126,15,1.5000000000000002,1.8144624146030144,634,D_pmar=0.054_dist=500_repair_6_males=6_nmar=5,6,5
0,8,500,0,67.73007317824083,219.3202352289568,73.07268667348013,0,0,0,634,D_pmar=0.054_dist=500_repair_6_males=6_nmar=5,6,5
0.054,12,500,500,69.1007117582677,232.65433319537505,55.26119051620905,11,1.1,1.90540991895798,634,D_pmar=0.054_dist=500_repair_6_males=6_nmar=5,6,5
0.054,6,1000,0,71.22610898326408,218.60208532518885,67.59218128845296,8,0.7999999999999999,1.8217241854128463,634,D_pmar=0.054_dist=500_repair_6_males=6_nmar=5,6,5
0.054,7,1000,500,73.64816255576085,246.21459628589065,36.841453162724896,13,1.3,2.262575504241262,634,D_pmar=0.054_dist=500_repair_6_males=6_nmar=5,6,5
0.054,11,0,0,68.48400268987518,263.43793626210527,24.292423139712067,11,1.1,2.7013538150424803,635,D_pmar=0.054_dist=500_repair_6_males=6_nmar=5,6,5
0.054,10,0,500,70.62249500287534,213.2043020949112,74.16227580331436,8,0.7999999999999999,1.4637978698495318,635,D_pmar=0.054_dist=500_repair_6_males=6_nmar=5,6,5
0.054,7,500,0,72.18594393417156,260.022221106009,24.488666832282743,13,1.3,2.0897615402278333,635,D_pmar=0.054_dist=500_repair_6_males=6_nmar=5,6,5
0.054,9,500,500,68.0166151771218,215.8471962539939,73.26578319125852,10,1,1.9949945875942945,635,D_pmar=0.054_dist=500_repair_6_males=6_nmar=5,6,5
0,5,1000,0,75.14158310682261,199.47951790197632,85.397475773312,0,0,0,635,D_pmar=0.054_dist=500_repair_6_males=6_nmar=5,6,5
0.054,12,1000,500,71.04507626364831,223.79484046624597,61.49436766439587,15,1.5000000000000002,2.380569917443657,635,D_pmar=0.054_dist=500_repair_6_males=6_nmar=5,6,5
0.054,10,0,0,72.44064792692015,205.6837105872073,78.696506869206,12,1.2,2.117997099144868,636,D_pmar=0.054_dist=500_repair_6_males=6_nmar=5,6,5
0,8,0,500,70.68402620693796,179.80668393833324,109.59347862031464,0,0,0,636,D_pmar=0.054_dist=500_repair_6_males=6_nmar=5,6,5
0.054,7,500,0,70.05951903156414,267.9430171612443,18.20669952263504,12,1.2,2.617363789385331,636,D_pmar=0.054_dist=500_repair_6_males=6_nmar=5,6,5
0.054,4,500,500,70.0297701090668,255.6306489712564,30.577337685638643,15,1.5000000000000002,2.2772511919169336,636,D_pmar=0.054_dist=500_repair_6_males=6_nmar=5,6,5
0.054,13,1000,0,71.62192538579028,179.9531002695566,106.73650027315676,6,0.6,1.183845732030809,636,D_pmar=0.054_dist=500_repair_6_males=6_nmar=5,6,5
0.054,12,1000,500,66.83787349863607,258.9866719546645,30.374923515824303,17,1.7000000000000004,2.2045386105902742,636,D_pmar=0.054_dist=500_repair_6_males=6_nmar=5,6,5
0.054,9,0,0,70.5016791389518,224.86919292589872,61.202220519436835,9,0.8999999999999999,2.563783682686165,637,D_pmar=0.054_dist=500_repair_6_males=6_nmar=5,6,5
0,9,0,500,71.99237849314255,239.1864083014553,48.83135593157347,0,0,0,637,D_pmar=0.054_dist=500_repair_6_males=6_nmar=5,6,5
0.054,10,500,0,68.54636126623193,213.8859565714837,73.4645797791752,19,1.9000000000000008,2.2152427039313665,637,D_pmar=0.054_dist=500_repair_6_males=6_nmar=5,6,5
0.054,11,500,500,73.10609981941428,241.24706677066376,42.56219304673027,12,1.2,2.066461246023678,637,D_pmar=0.054_dist=500_repair_6_males=6_nmar=5,6,5
0.054,6,1000,0,71.38291870478713,212.74216527863473,73.1271673049978,11,1.1,1.65227323150997,637,D_pmar=0.054_dist=500_repair_6_males=6_nmar=5,6,5
0.054,9,1000,500,73.07831137113071,198.57417554730728,85.49434772185076,12,1.2,1.6547518836629294,637,D_pmar=0.054_dist=500_repair_6_males=6_nmar=5,6,5
0.054,7,0,0,74.55298135730538,245.3163278055778,36.71118024961937,10,1,2.5920412811962392,638,D_pmar=0.054_dist=500_repair_6_males=6_nmar=5,6,5
0.054,11,0,500,70.3488277890927,177.90047175044,110.17505943417628,4,0.4,1.2228802575172726,638,D_pmar=0.054_dist=500_repair_6_males=6_nmar=5,6,5
0.054,9,500,0,70.92368526614261,264.3872280408279,20.56603980615006,15,1.5000000000000002,2.7396848830765803,638,D_pmar=0.054_dist=500_repair_6_males=6_nmar=5,6,5
0.054,8,500,500,70.85144519163309,249.5130530796272,36.18230120665969,11,1.1,2.579314973870208,638,D_pmar=0.054_dist=500_repair_6_males=6_nmar=5,6,5
0,7,1000,0,69.57681483970003,211.52796967231748,79.31770428055393,0,0,0,638,D_pmar=0.054_dist=500_repair_6_males=6_nmar=5,6,5
0.054,12,1000,500,70.60938362683986,255.187319516084,30.689135762500023,12,1.2,2.353827300708242,638,D_pmar=0.054_dist=500_repair_6_males=6_nmar=5,6,5
0.054,6,0,0,72.35394940771297,235.10575035410233,48.953364052124776,13,1.3,2.3524865045826298,639,D_pmar=0.054_dist=500_repair_6_males=6_nmar=5,6,5
0.054,5,0,500,72.31848462087548,223.89341043717377,60.879921917823566,10,1,1.9356676918599536,639,D_pmar=0.054_dist=500_repair_6_males=6_nmar=5,6,5
0,11,500,0,64.8426993398047,215.95860704218845,79.27486951565403,0,0,0,639,D_pmar=0.054_dist=500_repair_6_males=6_nmar=5,6,5
0.054,10,500,500,68.2539255954773,269.8383218723751,18.25303166477416,14,1.4,2.366553608034274,639,D_pmar=0.054_dist=500_repair_6_males=6_nmar=5,6,5
0.054,8,1000,0,70.02874245499271,220.205468162396,66.85043097828009,12,1.2,1.8025476315992772,639,D_pmar=0.054_dist=500_repair_6_males=6_nmar=5,6,5
0.054,14,1000,500,70.84650648917341,219.73575487888408,67.02674834966561,7,0.7,1.768013972250711,639,D_pmar=0.054_dist=500_repair_6_males=6_nmar=5,6,5
0.054,11,0,0,71.94425618921825,247.94480048071287,36.88342780605687,13,1.3,2.0875078677661794,63,D_pmar=0.054_dist=500_repair_6_males=6_nmar=5,6,5
0.054,6,0,500,68.0571357062367,238.55087218488123,48.897859797654064,19,1.9000000000000008,2.6294086788520383,63,D_pmar=0.054_dist=500_repair_6_males=6_nmar=5,6,5
0,11,500,0,70.74582094086249,228.6109629998226,60.829341093136954,0,0,0,63,D_pmar=0.054_dist=500_repair_6_males=6_nmar=5,6,5
0.054,10,500,500,71.89007467883143,208.82004058677987,76.24588459221921,13,1.3,1.8200790971752192,63,D_pmar=0.054_dist=500_repair_6_males=6_nmar=5,6,5
0.054,7,1000,0,74.11726088127098,210.4625007089989,73.20440860476853,7,0.7,1.8287037037037033,63,D_pmar=0.054_dist=500_repair_6_males=6_nmar=5,6,5
0.054,9,1000,500,74.45989949304041,209.51169230219944,73.51310685321653,9,0.8999999999999999,1.7241963281073738,63,D_pmar=0.054_dist=500_repair_6_males=6_nmar=5,6,5
0,4,0,0,69.66226096021674,253.7106383299315,36.63803015307728,0,0,0,640,D_pmar=0.054_dist=500_repair_6_males=6_nmar=5,6,5
0.054,9,0,500,71.91627846244094,217.53244984863753,67.81452957438502,11,1.1,1.9996475997881988,640,D_pmar=0.054_dist=500_repair_6_males=6_nmar=5,6,5
0.054,18,500,0,73.25316410927778,199.19724148641808,84.45108974193278,10,1,2.1018284692875775,640,D_pmar=0.054_dist=500_repair_6_males=6_nmar=5,6,5
0.054,5,500,500,67.44331731420971,264.33697760381443,24.335919838559462,15,1.5000000000000002,2.5186980760525137,640,D_pmar=0.054_dist=500_repair_6_males=6_nmar=5,6,5
0.054,9,1000,0,69.30778904189891,221.2704523776031,66.99597912468627,3,0.30000000000000004,2.271808694993772,640,D_pmar=0.054_dist=500_repair_6_males=6_nmar=5,6,5
0.054,9,1000,500,70.44155435346573,242.9116770037018,42.88259412909302,16,1.6000000000000003,2.2520808297838464,640,D_pmar=0.054_dist=500_repair_6_males=6_nmar=5,6,5
0.054,6,0,0,71.77913300545947,266.1892091579543,18.420681066127575,11,1.1,2.526111992918353,641,D_pmar=0.054_dist=500_repair_6_males=6_nmar=5,6,5
0,4,0,500,70.74745138292872,234.31808907427163,54.94898303961566,0,0,0,641,D_pmar=0.054_dist=500_repair_6_males=6_nmar=5,6,5
0.054,8,500,0,74.63687462052765,207.7603335903469,74.73060376890737,16,1.6000000000000003,1.5740740740740735,641,D_pmar=0.054_dist=500_repair_6_males=6_nmar=5,6,5
0.054,14,500,500,69.946168410169,223.69678384658943,62.73240116636969,17,1.7000000000000004,1.9914001190070276,641,D_pmar=0.054_dist=500_repair_6_males=6_nmar=5,6,5
0.054,11,1000,0,69.67298548802418,188.35974510587585,99.12915713825112,14,1.4,1.4847716579567345,641,D_pmar=0.054_dist=500_repair_6_males=6_nmar=5,6,5
0.054,11,1000,500,72.60280420770154,187.1252432757083,97.85868497539418,11,1.1,1.4927148466258924,641,D_pmar=0.054_dist=500_repair_6_males=6_nmar=5,6,5
0.054,7,0,0,70.79793498832676,198.32299424088103,88.81377471559831,8,0.7999999999999999,1.5677759736425425,642,D_pmar=0.054_dist=500_repair_6_males=6_nmar=5,6,5
0.054,5,0,500,70.24226473920463,243.21802377242295,42.87785362877931,15,1.5000000000000002,2.322358838143624,642,D_pmar=0.054_dist=500_repair_6_males=6_nmar=5,6,5
0,10,500,0,69.18496026215657,225.34293860510508,65.62640591102546,0,0,0,642,D_pmar=0.054_dist=500_repair_6_males=6_nmar=5,6,5
0.054,15,500,500,69.15132667816103,208.7898225824098,79.57770366805751,9,0.8999999999999999,1.7933364804398046,642,D_pmar=0.054_dist=500_repair_6_males=6_nmar=5,6,5
0.054,4,1000,0,73.81849965649027,227.441669105277,55.23818652511367,14,1.4,2.225512398697477,642,D_pmar=0.054_dist=500_repair_6_males=6_nmar=5,6,5
0.054,13,1000,500,69.17182816255462,256.4680255425465,30.307898542243517,14,1.4,2.815579574008564,642,D_pmar=0.054_dist=500_repair_6_males=6_nmar=5,6,5
0.054,11,0,0,68.88703638730884,229.16553575688508,58.3684926829324,16,1.6000000000000003,2.113591106235307,643,D_pmar=0.054_dist=500_repair_6_males=6_nmar=5,6,5
0.054,13,0,500,70.42914869163624,207.8471933420007,79.13628145982686,11,1.1,1.6044839930320542,643,D_pmar=0.054_dist=500_repair_6_males=6_nmar=5,6,5
0,3,500,0,70.11856542124836,216.88573428058004,73.01318783662472,0,0,0,643,D_pmar=0.054_dist=500_repair_6_males=6_nmar=5,6,5
0.054,13,500,500,70.8150061059323,176.78585950724326,109.85196282870434,9,0.8999999999999999,1.7361111111111107,643,D_pmar=0.054_dist=500_repair_6_males=6_nmar=5,6,5
0.054,2,1000,0,69.78126006212584,267.8568737455662,18.411734388262666,16,1.6000000000000003,2.405943219675011,643,D_pmar=0.054_dist=500_repair_6_males=6_nmar=5,6,5
0.054,12,1000,500,70.30868675260297,250.33210000549667,36.72234339870642,10,1,1.6980402560029475,643,D_pmar=0.054_dist=500_repair_6_males=6_nmar=5,6,5
0.054,11,0,0,69.33997925688921,209.5679535959098,78.35658298755784,14,1.4,1.4125442692473174,644,D_pmar=0.054_dist=500_repair_6_males=6_nmar=5,6,5
0.054,17,0,500,71.35157770960748,236.70230145892037,48.869429968688024,13,1.3,1.8287037037037033,644,D_pmar=0.054_dist=500_repair_6_males=6_nmar=5,6,5
0.054,6,500,0,72.4445067602136,282.5642674731836,0,19,1.9000000000000008,3.258510379649586,644,D_pmar=0.054_dist=500_repair_6_males=6_nmar=5,6,5
0.054,7,500,500,69.58570267779179,198.3042281334075,89.7145037118162,7,0.7,1.7066648625314311,644,D_pmar=0.054_dist=500_repair_6_males=6_nmar=5,6,5
0.054,9,1000,0,70.44823163869007,229.92154868256912,56.70099077910305,8,0.7999999999999999,2.1626483072035385,644,D_pmar=0.054_dist=500_repair_6_males=6_nmar=5,6,5
0,4,1000,500,74.44589335527532,193.59364087458047,91.97004677756594,0,0,0,644,D_pmar=0.054_dist=500_repair_6_males=6_nmar=5,6,5
0.054,3,0,0,70.43233433235542,226.16130837935057,60.79684907408204,7,0.7,1.968404116914886,645,D_pmar=0.054_dist=500_repair_6_males=6_nmar=5,6,5
0.054,17,0,500,71.53284084918046,200.52007924438803,85.54790295294248,8,0.7999999999999999,1.6835167143832832,645,D_pmar=0.054_dist=500_repair_6_males=6_nmar=5,6,5
0.054,10,500,0,69.68250130639701,226.1173443696531,61.063611590615345,12,1.2,1.941436520488166,645,D_pmar=0.054_dist=500_repair_6_males=6_nmar=5,6,5
0.054,5,500,500,71.51439735878401,238.8827275619067,45.80714399122122,15,1.5000000000000002,2.396811380936247,645,D_pmar=0.054_dist=500_repair_6_males=6_nmar=5,6,5
0,10,1000,0,70.3397510544204,259.3732528051325,30.539444389922327,0,0,0,645,D_pmar=0.054_dist=500_repair_6_males=6_nmar=5,6,5
0.054,9,1000,500,70.61711232336759,250.0859760583815,36.47686745599161,11,1.1,1.889523541619664,645,D_pmar=0.054_dist=500_repair_6_males=6_nmar=5,6,5
0.054,8,0,0,71.28856676413503,218.24190966892817,67.90295954888262,9,0.8999999999999999,1.7241963281073736,646,D_pmar=0.054_dist=500_repair_6_males=6_nmar=5,6,5
0.054,3,0,500,70.67402637212703,261.3480690847163,24.653077326676375,9,0.8999999999999999,2.463022921733108,646,D_pmar=0.054_dist=500_repair_6_males=6_nmar=5,6,5
0.054,16,500,0,72.11284093402506,193.4673454550706,91.70575497096873,11,1.1,1.7026932681968523,646,D_pmar=0.054_dist=500_repair_6_males=6_nmar=5,6,5
0.054,8,500,500,69.62300455938576,250.59082400705057,36.78104705016495,9,0.8999999999999999,2.277707630084954,646,D_pmar=0.054_dist=500_repair_6_males=6_nmar=5,6,5
0.054,8,1000,0,70.35665982957025,243.43833790701228,42.66734774656483,16,1.6000000000000003,1.996205277256939,646,D_pmar=0.054_dist=500_repair_6_males=6_nmar=5,6,5
0,11,1000,500,77.23617253361073,222.0421686853703,60.79472674126686,0,0,0,646,D_pmar=0.054_dist=500_repair_6_males=6_nmar=5,6,5
0.054,7,0,0,71.89917616399268,236.50166203722875,49.044264699571485,9,0.8999999999999999,1.8048741376962292,647,D_pmar=0.054_dist=500_repair_6_males=6_nmar=5,6,5
0,9,0,500,72.51589450915688,232.35651040390465,55.325616090042146,0,0,0,647,D_pmar=0.054_dist=500_repair_6_males=6_nmar=5,6,5
0.054,13,500,0,72.78465309370773,241.65808010242375,42.60646046085613,10,1,2.101147051428251,647,D_pmar=0.054_dist=500_repair_6_males=6_nmar=5,6,5
0.054,5,500,500,73.92800318466738,253.48341106065345,28.20595073598358,18,1.8000000000000005,2.6661895318768485,647,D_pmar=0.054_dist=500_repair_6_males=6_nmar=5,6,5
0.054,9,1000,0,75.01439680808805,161.49964035371033,121.56297376362969,7,0.7,1.269176553813569,647,D_pmar=0.054_dist=500_repair_6_males=6_nmar=5,6,5
0.054,11,1000,500,69.88543489049499,237.95219727113437,48.66363350330253,13,1.3,2.2767439597066534,647,D_pmar=0.054_dist=500_repair_6_males=6_nmar=5,6,5
0.054,7,0,0,68.30723917701768,256.8507481965071,30.627944605198586,15,1.5000000000000002,2.786285471484891,648,D_pmar=0.054_dist=500_repair_6_males=6_nmar=5,6,5
0.054,4,0,500,67.78461139341515,252.0109901734002,36.83028019492021,7,0.7,2.677575043077267,648,D_pmar=0.054_dist=500_repair_6_males=6_nmar=5,6,5
0.054,6,500,0,74.093375007041,197.4314097021814,85.46257392301962,14,1.4,1.8143102685470072,648,D_pmar=0.054_dist=500_repair_6_males=6_nmar=5,6,5
0,12,500,500,66.42999205389522,207.82368738018724,85.786943733708,0,0,0,648,D_pmar=0.054_dist=500_repair_6_males=6_nmar=5,6,5
0.054,19,1000,0,70.46311686260387,213.90293973226923,72.9162061084169,11,1.1,1.793640772551818,648,D_pmar=0.054_dist=500_repair_6_males=6_nmar=5,6,5
0.054,6,1000,500,71.28490777044763,236.8675975867416,48.70358560478643,12,1.2,2.09972694288193,648,D_pmar=0.054_dist=500_repair_6_males=6_nmar=5,6,5
0.054,8,0,0,73.20274560253762,187.2205077306199,97.20015519191386,11,1.1,1.3577975520715826,649,D_pmar=0.054_dist=500_repair_6_males=6_nmar=5,6,5
0.054,12,0,500,69.3381156491186,256.8923811981312,30.449040130407575,12,1.2,2.168112843719737,649,D_pmar=0.054_dist=500_repair_6_males=6_nmar=5,6,5
0,14,500,0,69.12274286888832,217.63832324204583,73.25432864234436,0,0,0,649,D_pmar=0.054_dist=500_repair_6_males=6_nmar=5,6,5
0.054,8,500,500,70.4232417447064,207.10961917672768,79.31577609644259,11,1.1,2.065649721701384,649,D_pmar=0.054_dist=500_repair_6_males=6_nmar=5,6,5
0.054,8,1000,0,71.29015016484811,229.84533454568955,54.85938986711737,17,1.7000000000000004,2.3810991892469766,649,D_pmar=0.054_dist=500_repair_6_males=6_nmar=5,6,5
0.054,4,1000,500,69.32263448182721,213.3646763052706,73.15581382788395,16,1.6000000000000003,2.5706903673417227,649,D_pmar=0.054_dist=500_repair_6_males=6_nmar=5,6,5
0.054,3,0,0,70.80946400968593,248.4454213005305,36.60531326058552,19,1.9000000000000008,2.3789027896129924,64,D_pmar=0.054_dist=500_repair_6_males=6_nmar=5,6,5
0.054,11,0,500,71.00063471321535,224.48211870046495,61.43255690547159,14,1.4,1.6944457874156809,64,D_pmar=0.054_dist=500_repair_6_males=6_nmar=5,6,5
0.054,12,500,0,69.28048731726221,211.01555968590097,76.79589130066876,13,1.3,1.7065127164754246,64,D_pmar=0.054_dist=500_repair_6_males=6_nmar=5,6,5
0,9,500,500,70.19710226389225,210.5818340994466,79.23882538760174,0,0,0,64,D_pmar=0.054_dist=500_repair_6_males=6_nmar=5,6,5
0.054,10,1000,0,70.0551683273185,216.22367198436788,71.23510425565384,9,0.8999999999999999,1.6874883087178625,64,D_pmar=0.054_dist=500_repair_6_males=6_nmar=5,6,5
0.054,9,1000,500,70.14784830512909,240.0303859459184,46.9258105602009,7,0.7,2.2971312031828677,64,D_pmar=0.054_dist=500_repair_6_males=6_nmar=5,6,5
0.054,14,0,0,69.79489215046654,238.2171740937088,49.01833190023563,13,1.3,1.9652660864956395,650,D_pmar=0.054_dist=500_repair_6_males=6_nmar=5,6,5
0.054,13,0,500,69.78941246135766,238.5581083628269,48.66553757070414,12,1.2,1.864730305233889,650,D_pmar=0.054_dist=500_repair_6_males=6_nmar=5,6,5
0.054,10,500,0,76.57347528537427,205.52067941073983,75.39585748051293,7,0.7,1.841582157085741,650,D_pmar=0.054_dist=500_repair_6_males=6_nmar=5,6,5
0.054,8,500,500,67.73322980120477,246.7945657517645,42.61057152679528,8,0.7999999999999999,2.370959600943834,650,D_pmar=0.054_dist=500_repair_6_males=6_nmar=5,6,5
0.054,7,1000,0,69.01090260331104,215.04868381149055,73.07557395530043,14,1.4,1.498179383142091,650,D_pmar=0.054_dist=500_repair_6_males=6_nmar=5,6,5
0,2,1000,500,70.29111294335948,253.28244512089685,36.60705914253301,0,0,0,650,D_pmar=0.054_dist=500_repair_6_males=6_nmar=5,6,5
0.054,8,0,0,69.64087564503838,208.29504229528985,79.35299291633353,9,0.8999999999999999,1.852511230118139,651,D_pmar=0.054_dist=500_repair_6_males=6_nmar=5,6,5
0.054,9,0,500,71.695268397989,236.6921205980337,48.879610627597735,9,0.8999999999999999,1.885551947285085,651,D_pmar=0.054_dist=500_repair_6_males=6_nmar=5,6,5
0,13,500,0,67.32750929770715,231.67502402358048,61.09740744898475,0,0,0,651,D_pmar=0.054_dist=500_repair_6_males=6_nmar=5,6,5
0.054,8,500,500,65.57983520950619,229.9495730971924,60.980626351831106,13,1.3,2.213445469637733,651,D_pmar=0.054_dist=500_repair_6_males=6_nmar=5,6,5
0.054,3,1000,0,76.4543804861357,259.0254225183326,20.85872423011469,12,1.2,2.4791563183557694,651,D_pmar=0.054_dist=500_repair_6_males=6_nmar=5,6,5
0.054,13,1000,500,71.4312565806814,230.53168720903625,55.25859350931598,11,1.1,1.933493331819008,651,D_pmar=0.054_dist=500_repair_6_males=6_nmar=5,6,5
0.054,14,0,0,70.47926343712368,219.6060557400907,66.80953419253501,11,1.1,2.012526053170237,652,D_pmar=0.054_dist=500_repair_6_males=6_nmar=5,6,5
0,5,0,500,74.78013511704451,216.3787640774247,69.13002609317064,0,0,0,652,D_pmar=0.054_dist=500_repair_6_males=6_nmar=5,6,5
0.054,12,500,0,72.02342763941975,212.09559823075995,73.14388228543916,10,1,1.814462414603014,652,D_pmar=0.054_dist=500_repair_6_males=6_nmar=5,6,5
0.054,11,500,500,68.13384320507072,263.0616329085456,24.680661749031128,15,1.5000000000000002,2.6889825938707235,652,D_pmar=0.054_dist=500_repair_6_males=6_nmar=5,6,5
0.054,10,1000,0,69.37737995324942,226.89435807368983,60.84196484061025,12,1.2,1.7609043474968853,652,D_pmar=0.054_dist=500_repair_6_males=6_nmar=5,6,5
0.054,2,1000,500,71.14529362432482,243.14802056288823,42.79690981534475,9,0.8999999999999999,2.132086242189551,652,D_pmar=0.054_dist=500_repair_6_males=6_nmar=5,6,5
0.054,8,0,0,68.8008913109555,175.43488688655015,113.4454070500269,9,0.8999999999999999,1.458333333333333,653,D_pmar=0.054_dist=500_repair_6_males=6_nmar=5,6,5
0.054,12,0,500,69.96119836739165,197.8097878995027,89.01546758414024,17,1.7000000000000004,1.691459903052441,653,D_pmar=0.054_dist=500_repair_6_males=6_nmar=5,6,5
0.054,10,500,0,69.4808317392156,226.6856577080085,60.85990217380661,9,0.8999999999999999,2.101828469287577,653,D_pmar=0.054_dist=500_repair_6_males=6_nmar=5,6,5
0,10,500,500,73.11728441205953,232.13855548412545,54.886723142453064,0,0,0,653,D_pmar=0.054_dist=500_repair_6_males=6_nmar=5,6,5
0.054,6,1000,0,71.11641718336959,259.54736746660376,24.650272197780257,18,1.8000000000000005,3.0429660695486804,653,D_pmar=0.054_dist=500_repair_6_males=6_nmar=5,6,5
0.054,8,1000,500,67.3352379035154,252.47703065078645,36.55449874501447,10,1,2.6916133920796903,653,D_pmar=0.054_dist=500_repair_6_males=6_nmar=5,6,5
0,9,0,0,72.03511683172489,257.5291386652221,30.47910829352252,0,0,0,654,D_pmar=0.054_dist=500_repair_6_males=6_nmar=5,6,5
0.054,16,0,500,71.28217337120499,212.5975522157243,73.13781039300491,10,1,2.020469241839395,654,D_pmar=0.054_dist=500_repair_6_males=6_nmar=5,6,5
0.054,4,500,0,69.32913974525408,250.4604483191795,36.37658807272362,12,1.2,2.7327053647857222,654,D_pmar=0.054_dist=500_repair_6_males=6_nmar=5,6,5
0.054,10,500,500,74.97252117041195,202.0905142521918,80.06960682359136,12,1.2,1.9047285010986543,654,D_pmar=0.054_dist=500_repair_6_males=6_nmar=5,6,5
0.054,5,1000,0,73.92301238251596,229.1431754090329,54.284758758847595,14,1.4,1.5446278254943944,654,D_pmar=0.054_dist=500_repair_6_males=6_nmar=5,6,5
0.054,10,1000,500,70.07163514454155,219.9530125736212,67.03639367096402,9,0.8999999999999999,2.1058000636221563,654,D_pmar=0.054_dist=500_repair_6_males=6_nmar=5,6,5
0.054,8,0,0,68.42080072902267,181.87134739023463,106.37300906520544,14,1.4,2.060185185185185,655,D_pmar=0.054_dist=500_repair_6_males=6_nmar=5,6,5
0.054,10,0,500,71.47010053134072,237.7065943044248,46.56734532378626,17,1.7000000000000004,2.5991729455431036,655,D_pmar=0.054_dist=500_repair_6_males=6_nmar=5,6,5
0.054,6,500,0,77.9121888777783,223.8125227454026,54.74291656310793,13,1.3,2.546556509222236,655,D_pmar=0.054_dist=500_repair_6_males=6_nmar=5,6,5
0,6,500,500,69.60004652218512,174.77988944216088,115.75642611034066,0,0,0,655,D_pmar=0.054_dist=500_repair_6_males=6_nmar=5,6,5
0.054,9,1000,0,68.08148305292383,234.5978107428112,54.943556011428974,7,0.7,1.8463652757426143,655,D_pmar=0.054_dist=500_repair_6_males=6_nmar=5,6,5
0.054,15,1000,500,70.89971468207213,260.84030270971033,24.47986657828701,16,1.6000000000000003,2.242058154302081,655,D_pmar=0.054_dist=500_repair_6_males=6_nmar=5,6,5
0.054,12,0,0,71.1107004556852,218.1431677808489,67.21841560738014,16,1.6000000000000003,1.9543149738702037,656,D_pmar=0.054_dist=500_repair_6_males=6_nmar=5,6,5
0,11,0,500,66.92980886990837,225.8191431556897,67.34418145224356,0,0,0,656,D_pmar=0.054_dist=500_repair_6_males=6_nmar=5,6,5
0.054,4,500,0,70.56968308262022,255.45196179494485,30.491317619968505,13,1.3,2.21463411970734,656,D_pmar=0.054_dist=500_repair_6_males=6_nmar=5,6,5
0.054,4,500,500,73.3300227738854,236.97215441938536,46.49289662532213,10,1,2.3590448179400965,656,D_pmar=0.054_dist=500_repair_6_males=6_nmar=5,6,5
0.054,7,1000,0,75.30739198092336,197.9795548614496,85.06371102702242,3,0.30000000000000004,1.540656231159815,656,D_pmar=0.054_dist=500_repair_6_males=6_nmar=5,6,5
0.054,16,1000,500,75.9661580050853,221.45665949372335,59.18758912309643,17,1.7000000000000004,1.8974667302888215,656,D_pmar=0.054_dist=500_repair_6_males=6_nmar=5,6,5
0.054,18,0,0,73.76769496286589,213.04749627201625,70.5377734568697,10,1,1.82007909717522,657,D_pmar=0.054_dist=500_repair_6_males=6_nmar=5,6,5
0,4,0,500,69.11530766471324,244.57022437858825,46.506787731201634,0,0,0,657,D_pmar=0.054_dist=500_repair_6_males=6_nmar=5,6,5
0.054,12,500,0,72.53674648336694,199.60518066353464,85.52034504350937,9,0.8999999999999999,1.6451636067561448,657,D_pmar=0.054_dist=500_repair_6_males=6_nmar=5,6,5
0.054,10,500,500,72.87761212178923,241.1874071020988,42.67017259326998,15,1.5000000000000002,1.8848705294257593,657,D_pmar=0.054_dist=500_repair_6_males=6_nmar=5,6,5
0.054,6,1000,0,68.12885835222619,258.0367157262674,30.53522603969525,10,1,2.4687344775336517,657,D_pmar=0.054_dist=500_repair_6_males=6_nmar=5,6,5
0.054,4,1000,500,68.95419031623028,220.81337668045265,67.28219727313092,13,1.3,1.8164846285879528,657,D_pmar=0.054_dist=500_repair_6_males=6_nmar=5,6,5
0.054,8,0,0,68.16901781822915,233.4661567134485,54.60826543474192,14,1.4,2.3779611588277305,658,D_pmar=0.054_dist=500_repair_6_males=6_nmar=5,6,5
0.054,9,0,500,74.00364630446015,222.05679405345933,61.19210164239905,8,0.7999999999999999,1.976499451640051,658,D_pmar=0.054_dist=500_repair_6_males=6_nmar=5,6,5
0.054,11,500,0,72.63574298386186,199.61517254315424,85.04853574609895,13,1.3,1.5175080830116672,658,D_pmar=0.054_dist=500_repair_6_males=6_nmar=5,6,5
0,5,500,500,68.97391858170899,209.39725117607728,81.84835566923782,0,0,0,658,D_pmar=0.054_dist=500_repair_6_males=6_nmar=5,6,5
0.054,9,1000,0,69.94200208138392,232.42588795913977,54.8052762207907,10,1,1.894835932079856,658,D_pmar=0.054_dist=500_repair_6_males=6_nmar=5,6,5
0.054,12,1000,500,71.48820308628176,235.94163675777833,48.71229330553864,19,1.9000000000000008,2.0370370370370368,658,D_pmar=0.054_dist=500_repair_6_males=6_nmar=5,6,5
0.054,10,0,0,70.26582127123308,213.12171220968975,73.51145235529839,15,1.5000000000000002,1.6461272771344455,659,D_pmar=0.054_dist=500_repair_6_males=6_nmar=5,6,5
0.054,6,0,500,71.20000778005453,248.4334714209282,36.72381940498837,14,1.4,2.519966038542828,659,D_pmar=0.054_dist=500_repair_6_males=6_nmar=5,6,5
0,8,500,0,67.93745113175213,207.1611924291029,85.07138915077812,0,0,0,659,D_pmar=0.054_dist=500_repair_6_males=6_nmar=5,6,5
0.054,13,500,500,72.8028217880557,211.229731843756,73.06652865688515,12,1.2,1.9993433076761853,659,D_pmar=0.054_dist=500_repair_6_males=6_nmar=5,6,5
0.054,7,1000,0,67.38280922723195,230.10427808201925,60.7294722326727,7,0.7,1.3657407407407405,659,D_pmar=0.054_dist=500_repair_6_males=6_nmar=5,6,5
0.054,10,1000,500,68.53961567509906,257.74560349218245,30.633220992888905,11,1.1,2.0052642823604048,659,D_pmar=0.054_dist=500_repair_6_males=6_nmar=5,6,5
0.054,7,0,0,68.84995593879569,244.69888347449577,43.03280704473239,13,1.3,2.329316316841443,65,D_pmar=0.054_dist=500_repair_6_males=6_nmar=5,6,5
0.054,7,0,500,71.39225858661598,237.07465361546133,48.96188548183318,7,0.7,2.0915587745214665,65,D_pmar=0.054_dist=500_repair_6_males=6_nmar=5,6,5
0.054,11,500,0,72.24598765838978,205.9044898614247,79.51432342930485,10,1,1.471211786715371,65,D_pmar=0.054_dist=500_repair_6_males=6_nmar=5,6,5
0.054,11,500,500,72.10793305456315,224.328765106976,60.974832122766024,10,1,1.660368566235135,65,D_pmar=0.054_dist=500_repair_6_males=6_nmar=5,6,5
0,9,1000,0,69.02822379279529,236.07224790106204,54.92368704492208,0,0,0,65,D_pmar=0.054_dist=500_repair_6_males=6_nmar=5,6,5
0.054,9,1000,500,71.50330746178658,230.40243608739272,54.63078115330861,16,1.6000000000000003,2.152777777777778,65,D_pmar=0.054_dist=500_repair_6_males=6_nmar=5,6,5
0.054,14,0,0,68.53524722635184,195.3175692715185,93.77741160414134,10,1,1.510094166145828,660,D_pmar=0.054_dist=500_repair_6_males=6_nmar=5,6,5
0.054,8,0,500,72.50675753074731,223.2658009704574,61.09687096664727,11,1.1,2.0548507551319544,660,D_pmar=0.054_dist=500_repair_6_males=6_nmar=5,6,5
0,9,500,0,67.66969056266923,200.92224314669252,91.40996538212086,0,0,0,660,D_pmar=0.054_dist=500_repair_6_males=6_nmar=5,6,5
0.054,9,500,500,71.43194427163729,254.898666633008,30.481173177282425,12,1.2,2.0203170957833883,660,D_pmar=0.054_dist=500_repair_6_males=6_nmar=5,6,5
0.054,5,1000,0,71.13311024277924,238.6689743404915,46.8324464674964,13,1.3,2.311502598746525,660,D_pmar=0.054_dist=500_repair_6_males=6_nmar=5,6,5
0.054,9,1000,500,72.763880194783,234.4149773187029,48.62785650053178,16,1.6000000000000003,2.6740598869107077,660,D_pmar=0.054_dist=500_repair_6_males=6_nmar=5,6,5
0.054,11,0,0,69.6006517442094,219.436796734468,67.61307653864874,16,1.6000000000000003,1.8600772930399847,661,D_pmar=0.054_dist=500_repair_6_males=6_nmar=5,6,5
0.054,9,0,500,75.52855511659307,214.0589791939333,67.25770577999488,14,1.4,1.7817259895480817,661,D_pmar=0.054_dist=500_repair_6_males=6_nmar=5,6,5
0.054,12,500,0,72.21072024910218,212.04090416517417,73.37076850445155,9,0.8999999999999999,1.5909241217906906,661,D_pmar=0.054_dist=500_repair_6_males=6_nmar=5,6,5
0.054,13,500,500,68.2677067076206,228.15175025724275,61.128436460760895,9,0.8999999999999999,1.7647237957754578,661,D_pmar=0.054_dist=500_repair_6_males=6_nmar=5,6,5
0.054,5,1000,0,71.60828807271393,232.27776645269356,53.3294807666786,8,0.7999999999999999,1.984724892828184,661,D_pmar=0.054_dist=500_repair_6_males=6_nmar=5,6,5
0,4,1000,500,67.30241197220167,274.4467346020622,18.296643256520824,0,0,0,661,D_pmar=0.054_dist=500_repair_6_males=6_nmar=5,6,5
0.054,3,0,0,76.1521670423741,203.07855222696216,77.96315450854257,11,1.1,1.8617223812776111,662,D_pmar=0.054_dist=500_repair_6_males=6_nmar=5,6,5
0,7,0,500,70.31677911276171,186.09981848398684,103.63579534635949,0,0,0,662,D_pmar=0.054_dist=500_repair_6_males=6_nmar=5,6,5
0.054,11,500,0,69.55134706459556,238.31712297078133,48.63491253004095,12,1.2,2.3230402560029497,662,D_pmar=0.054_dist=500_repair_6_males=6_nmar=5,6,5
0.054,6,500,500,66.72746286264572,240.7282673543364,48.788115045969235,15,1.5000000000000002,2.466582157085744,662,D_pmar=0.054_dist=500_repair_6_males=6_nmar=5,6,5
0.054,13,1000,0,72.69733890070651,186.2960797991947,97.5148453404502,16,1.6000000000000003,2.006909370598031,662,D_pmar=0.054_dist=500_repair_6_males=6_nmar=5,6,5
0.054,14,1000,500,71.30432701085702,249.3392439257104,36.51748212859878,14,1.4,1.7293565725115592,662,D_pmar=0.054_dist=500_repair_6_males=6_nmar=5,6,5
0.054,4,0,0,70.91695278253695,242.4279221095283,42.74628700651341,17,1.7000000000000004,2.2894702670326845,663,D_pmar=0.054_dist=500_repair_6_males=6_nmar=5,6,5
0.054,6,0,500,72.8704907764946,228.1407950121082,55.25246821642787,13,1.3,2.439744667121992,663,D_pmar=0.054_dist=500_repair_6_males=6_nmar=5,6,5
0,11,500,0,73.59670432652689,224.74462533470376,61.709160038123755,0,0,0,663,D_pmar=0.054_dist=500_repair_6_males=6_nmar=5,6,5
0.054,9,500,500,77.25749552879257,164.2315527375917,116.5733684682582,6,0.6,1.3657407407407405,663,D_pmar=0.054_dist=500_repair_6_males=6_nmar=5,6,5
0.054,7,1000,0,69.6837546991496,268.07277072346574,18.542434690011863,9,0.8999999999999999,2.8975188673023253,663,D_pmar=0.054_dist=500_repair_6_males=6_nmar=5,6,5
0.054,17,1000,500,69.43312390320229,238.3171742273833,49.00212081978402,11,1.1,2.1801797727794807,663,D_pmar=0.054_dist=500_repair_6_males=6_nmar=5,6,5
0.054,17,0,0,73.73013790787722,241.59059453302493,41.101902315861494,14,1.4,2.181390462442125,664,D_pmar=0.054_dist=500_repair_6_males=6_nmar=5,6,5
0.054,5,0,500,67.58374384229495,217.60171174479805,72.22511352196207,8,0.7999999999999999,1.8023954855432704,664,D_pmar=0.054_dist=500_repair_6_males=6_nmar=5,6,5
0.054,6,500,0,73.2796081907789,221.66815419719583,61.13924345937175,17,1.7000000000000004,2.2248309808381515,664,D_pmar=0.054_dist=500_repair_6_males=6_nmar=5,6,5
0.054,13,500,500,71.60630542657489,229.97411145839635,55.14902411643765,10,1,2.387549435734515,664,D_pmar=0.054_dist=500_repair_6_males=6_nmar=5,6,5
0,5,1000,0,74.3674099538784,206.87987409527256,78.91174533864005,0,0,0,664,D_pmar=0.054_dist=500_repair_6_males=6_nmar=5,6,5
0.054,8,1000,500,73.5877969452139,222.33875575060696,61.24056219638531,12,1.2,1.6828352965239577,664,D_pmar=0.054_dist=500_repair_6_males=6_nmar=5,6,5
0.054,9,0,0,66.8384472606733,240.7072148177183,48.64715185402607,14,1.4,2.5416212445093564,665,D_pmar=0.054_dist=500_repair_6_males=6_nmar=5,6,5
0.054,8,0,500,69.2151952385897,178.71182206981405,110.71717630774866,4,0.4,1.2827364250549325,665,D_pmar=0.054_dist=500_repair_6_males=6_nmar=5,6,5
0.054,10,500,0,74.68788999408747,214.83308891477375,67.2817957966065,13,1.3,2.0667655381356917,665,D_pmar=0.054_dist=500_repair_6_males=6_nmar=5,6,5
0.054,12,500,500,64.21319816990746,267.0436346970711,24.77013966736967,11,1.1,2.929428207227333,665,D_pmar=0.054_dist=500_repair_6_males=6_nmar=5,6,5
0.054,9,1000,0,71.30970509751907,256.5938153014591,29.133845421404935,12,1.2,2.0138888888888884,665,D_pmar=0.054_dist=500_repair_6_males=6_nmar=5,6,5
0,6,1000,500,69.6584920342331,241.8389958060376,48.544873929968574,0,0,0,665,D_pmar=0.054_dist=500_repair_6_males=6_nmar=5,6,5
0.054,15,0,0,67.8946741507037,233.99390153937756,55.08768773534008,14,1.4,1.7238920359953602,666,D_pmar=0.054_dist=500_repair_6_males=6_nmar=5,6,5
0.054,3,0,500,69.93684409677736,219.89592174119468,67.26481464793532,9,0.8999999999999999,2.0776946111680896,666,D_pmar=0.054_dist=500_repair_6_males=6_nmar=5,6,5
0.054,12,500,0,69.1774268142854,220.46343535303177,66.83933816367914,15,1.5000000000000002,2.2400359403171413,666,D_pmar=0.054_dist=500_repair_6_males=6_nmar=5,6,5
0.054,14,500,500,68.23524674987219,228.6658215402069,60.64982211979173,9,0.8999999999999999,1.6435185185185182,666,D_pmar=0.054_dist=500_repair_6_males=6_nmar=5,6,5
0,4,1000,0,67.71479404414018,261.88841754447225,30.489208960727,0,0,0,666,D_pmar=0.054_dist=500_repair_6_males=6_nmar=5,6,5
0.054,6,1000,500,75.20366375015813,205.5525087800476,76.2988938296855,12,1.2,1.888537831648325,666,D_pmar=0.054_dist=500_repair_6_males=6_nmar=5,6,5
0.054,14,0,0,70.24276571666046,206.9039938803869,79.3437773360126,19,1.9000000000000008,1.731458098917206,667,D_pmar=0.054_dist=500_repair_6_males=6_nmar=5,6,5
0.054,8,0,500,72.07144522759721,235.07420123017124,49.186144556759906,15,1.5000000000000002,2.3427460816198376,667,D_pmar=0.054_dist=500_repair_6_males=6_nmar=5,6,5
0.054,8,500,0,73.63172310502682,222.181851018575,61.407311299377824,7,0.7,2.273149491119386,667,D_pmar=0.054_dist=500_repair_6_males=6_nmar=5,6,5
0,6,500,500,71.01518881829527,191.70019391319943,97.3797703491603,0,0,0,667,D_pmar=0.054_dist=500_repair_6_males=6_nmar=5,6,5
0.054,11,1000,0,69.81093406937151,218.6948995308197,68.51488420588186,12,1.2,1.957322897826482,667,D_pmar=0.054_dist=500_repair_6_males=6_nmar=5,6,5
0.054,7,1000,500,72.18491380946188,241.39135711689437,42.76239094798235,13,1.3,2.4316493323968267,667,D_pmar=0.054_dist=500_repair_6_males=6_nmar=5,6,5
0.054,5,0,0,66.22915754857335,241.35205906563655,48.55967775312378,13,1.3,2.6305465348793837,668,D_pmar=0.054_dist=500_repair_6_males=6_nmar=5,6,5
0.054,7,0,500,70.53441930699162,225.63354930756887,61.44338056068928,8,0.7999999999999999,1.642684954603186,668,D_pmar=0.054_dist=500_repair_6_males=6_nmar=5,6,5
0.054,11,500,0,71.4767195668201,260.57256498997674,24.65797568065459,13,1.3,2.1425080830116676,668,D_pmar=0.054_dist=500_repair_6_males=6_nmar=5,6,5
0.054,10,500,500,70.6805325837695,231.23075823459524,54.77966816247376,14,1.4,2.0595037673258596,668,D_pmar=0.054_dist=500_repair_6_males=6_nmar=5,6,5
0.054,13,1000,0,72.21811099216198,193.73296000433533,91.11555995565512,13,1.3,1.7139266333412635,668,D_pmar=0.054_dist=500_repair_6_males=6_nmar=5,6,5
0,8,1000,500,71.64719762855178,198.91519169992287,89.50519557837414,0,0,0,668,D_pmar=0.054_dist=500_repair_6_males=6_nmar=5,6,5
0.054,10,0,0,70.64931210343528,255.48262529840108,30.583666525017964,10,1,2.3501379588926388,669,D_pmar=0.054_dist=500_repair_6_males=6_nmar=5,6,5
0,4,0,500,69.94648903792655,232.82695644329056,57.260570880460634,0,0,0,669,D_pmar=0.054_dist=500_repair_6_males=6_nmar=5,6,5
0.054,8,500,0,72.45577732736919,222.8865519182899,61.33118827048872,13,1.3,2.0363556191777112,669,D_pmar=0.054_dist=500_repair_6_males=6_nmar=5,6,5
0.054,8,500,500,73.2148900326878,216.69498932086225,67.1983357356708,12,1.2,1.7415756476273094,669,D_pmar=0.054_dist=500_repair_6_males=6_nmar=5,6,5
0.054,13,1000,0,69.61851311811914,245.32908373028607,42.30177110627832,9,0.8999999999999999,1.962939580398687,669,D_pmar=0.054_dist=500_repair_6_males=6_nmar=5,6,5
0.054,11,1000,500,69.73637276345752,226.5862557718205,61.30980984254108,9,0.8999999999999999,1.562159291070337,669,D_pmar=0.054_dist=500_repair_6_males=6_nmar=5,6,5
0.054,13,0,0,73.66517615683216,253.9559279717223,29.135013279078507,10,1,2.495346987806099,66,D_pmar=0.054_dist=500_repair_6_males=6_nmar=5,6,5
0.054,8,0,500,71.87397872650662,205.9154585756578,79.51708688986879,13,1.3,1.6213340407486712,66,D_pmar=0.054_dist=500_repair_6_males=6_nmar=5,6,5
0.054,3,500,0,68.47233759818947,218.00861346978223,71.76354902108567,6,0.6,1.262878453382038,66,D_pmar=0.054_dist=500_repair_6_males=6_nmar=5,6,5
0.054,10,500,500,68.70086990734391,254.67274211275097,32.28004281215163,20,2.0000000000000004,2.3665756476273123,66,D_pmar=0.054_dist=500_repair_6_males=6_nmar=5,6,5
0,10,1000,0,74.55168598912391,206.4316556355047,79.0259331550012,0,0,0,66,D_pmar=0.054_dist=500_repair_6_males=6_nmar=5,6,5
0.054,10,1000,500,72.54966402169505,205.0373576284476,79.43089975994819,13,1.3,1.716253139438216,66,D_pmar=0.054_dist=500_repair_6_males=6_nmar=5,6,5
0.054,10,0,0,68.29901155717897,240.25030914464423,48.98220660644284,7,0.7,1.8256957797474256,670,D_pmar=0.054_dist=500_repair_6_males=6_nmar=5,6,5
0.054,7,0,500,72.36982636063156,247.43151220797623,37.050803474070335,13,1.3,1.967592592592592,670,D_pmar=0.054_dist=500_repair_6_males=6_nmar=5,6,5
0,9,500,0,68.97829441362498,230.26510583275865,60.78654675219305,0,0,0,670,D_pmar=0.054_dist=500_repair_6_males=6_nmar=5,6,5
0.054,9,500,500,66.43062849258072,247.788138267131,42.49567835427901,9,0.8999999999999999,2.508507693707111,670,D_pmar=0.054_dist=500_repair_6_males=6_nmar=5,6,5
0.054,5,1000,0,69.00367095316963,238.6406605051743,48.98845744351142,14,1.4,2.158068128644932,670,D_pmar=0.054_dist=500_repair_6_males=6_nmar=5,6,5
0.054,14,1000,500,71.0074400586898,207.37730105799145,79.23064538637892,9,0.8999999999999999,1.5717475679771216,670,D_pmar=0.054_dist=500_repair_6_males=6_nmar=5,6,5
0.054,9,0,0,74.04359632804699,258.5645328672993,24.44964472852578,8,0.7999999999999999,2.2365715781928426,671,D_pmar=0.054_dist=500_repair_6_males=6_nmar=5,6,5
0.054,15,0,500,73.22216461805994,223.5714469255343,60.74456704064065,9,0.8999999999999999,1.625834906886569,671,D_pmar=0.054_dist=500_repair_6_males=6_nmar=5,6,5
0.054,5,500,0,70.70202717677721,266.7154261962348,18.17066613008161,14,1.4,3.076941702644708,671,D_pmar=0.054_dist=500_repair_6_males=6_nmar=5,6,5
0.054,6,500,500,73.4199904978755,180.15567682401905,103.7778881851348,10,1,1.7354296932517852,671,D_pmar=0.054_dist=500_repair_6_males=6_nmar=5,6,5
0.054,11,1000,0,72.3647022051628,243.37410879696924,41.493689219407685,9,0.8999999999999999,1.8958216420511955,671,D_pmar=0.054_dist=500_repair_6_males=6_nmar=5,6,5
0,8,1000,500,67.348903023189,237.7938756734004,54.9562681525929,0,0,0,671,D_pmar=0.054_dist=500_repair_6_males=6_nmar=5,6,5
0.054,12,0,0,68.24164921081835,234.1034786396666,55.133410144164294,5,0.5,2.045921856491457,672,D_pmar=0.054_dist=500_repair_6_males=6_nmar=5,6,5
0.054,14,0,500,69.93898854391868,208.4382777029955,79.1303398966348,8,0.7999999999999999,1.696395167765321,672,D_pmar=0.054_dist=500_repair_6_males=6_nmar=5,6,5
0,4,500,0,73.20336917659925,262.5978135512754,24.339346695249688,0,0,0,672,D_pmar=0.054_dist=500_repair_6_males=6_nmar=5,6,5
0.054,6,500,500,67.8125960794375,245.61660625893128,42.75165334410284,15,1.5000000000000002,2.6232847640695525,672,D_pmar=0.054_dist=500_repair_6_males=6_nmar=5,6,5
0.054,7,1000,0,72.05835252941193,247.27513937342573,36.357741372232326,19,1.9000000000000008,2.416314266454869,672,D_pmar=0.054_dist=500_repair_6_males=6_nmar=5,6,5
0.054,11,1000,500,71.98627376051998,180.4762124247581,105.23942713552869,10,1,1.3425925925925923,672,D_pmar=0.054_dist=500_repair_6_males=6_nmar=5,6,5
0.054,9,0,0,71.78999931285111,254.154381015607,30.402012194971345,14,1.4,2.3364479811883054,673,D_pmar=0.054_dist=500_repair_6_males=6_nmar=5,6,5
0,10,0,500,71.400689981653,234.94472525069477,53.67040148281567,0,0,0,673,D_pmar=0.054_dist=500_repair_6_males=6_nmar=5,6,5
0.054,5,500,0,69.87907115627215,262.1066543275281,24.86661354839327,11,1.1,2.1811434431577816,673,D_pmar=0.054_dist=500_repair_6_males=6_nmar=5,6,5
0.054,8,500,500,72.34514645382389,246.9670810840317,37.591463589264634,10,1,2.2045386105902742,673,D_pmar=0.054_dist=500_repair_6_males=6_nmar=5,6,5
0.054,10,1000,0,69.62057113524867,197.14036590327396,90.76208675032537,9,0.8999999999999999,1.6259870529425755,673,D_pmar=0.054_dist=500_repair_6_males=6_nmar=5,6,5
0.054,12,1000,500,70.2165421831944,208.43802530442645,79.28839920000222,9,0.8999999999999999,1.258906859047459,673,D_pmar=0.054_dist=500_repair_6_males=6_nmar=5,6,5
0.054,10,0,0,69.53080384804458,232.9518320200455,54.879292768959246,10,1,1.7529611588277274,674,D_pmar=0.054_dist=500_repair_6_males=6_nmar=5,6,5
0,11,0,500,71.99286984598916,251.35584146100285,36.83514391342455,0,0,0,674,D_pmar=0.054_dist=500_repair_6_males=6_nmar=5,6,5
0.054,7,500,0,68.6493763623484,205.35030508430668,83.04840751689484,10,1,1.9837612224498835,674,D_pmar=0.054_dist=500_repair_6_males=6_nmar=5,6,5
0.054,10,500,500,68.79997769696192,244.77889819935473,42.80333476511252,14,1.4,2.290303830948017,674,D_pmar=0.054_dist=500_repair_6_males=6_nmar=5,6,5
0.054,9,1000,0,71.18093729747216,225.01619882503655,61.50114743912357,8,0.7999999999999999,1.5500923620105933,674,D_pmar=0.054_dist=500_repair_6_males=6_nmar=5,6,5
0.054,7,1000,500,73.84881638840075,220.5621619181408,62.593262246975605,15,1.5000000000000002,1.6898148148148144,674,D_pmar=0.054_dist=500_repair_6_males=6_nmar=5,6,5
0.054,8,0,0,71.67666843023974,194.6174137988462,91.80574353339942,8,0.7999999999999999,1.2516450882376264,675,D_pmar=0.054_dist=500_repair_6_males=6_nmar=5,6,5
0.054,12,0,500,72.34251051593995,241.6341297573896,42.774837450965386,14,1.4,1.901438324623401,675,D_pmar=0.054_dist=500_repair_6_males=6_nmar=5,6,5
0,4,500,0,71.75242684263287,257.8334986723805,30.560884623072734,0,0,0,675,D_pmar=0.054_dist=500_repair_6_males=6_nmar=5,6,5
0.054,17,500,500,73.28766422752358,210.9148410907956,73.49846663026457,8,0.7999999999999999,1.725007852429668,675,D_pmar=0.054_dist=500_repair_6_males=6_nmar=5,6,5
0.054,7,1000,0,64.48063612863876,243.59241885733368,49.373478711359944,9,0.8999999999999999,1.789669178217239,675,D_pmar=0.054_dist=500_repair_6_males=6_nmar=5,6,5
0.054,6,1000,500,68.95416539107966,281.4459144839682,6.050249302422538,9,0.8999999999999999,2.7286036639881774,675,D_pmar=0.054_dist=500_repair_6_males=6_nmar=5,6,5
0.054,7,0,0,70.82023542404293,224.22937373216143,62.45278567213377,10,1,1.9119902719084867,676,D_pmar=0.054_dist=500_repair_6_males=6_nmar=5,6,5
0.054,17,0,500,70.6903252279602,200.4260129940605,85.62346875005474,15,1.5000000000000002,1.9014383246234012,676,D_pmar=0.054_dist=500_repair_6_males=6_nmar=5,6,5
0.054,4,500,0,70.3198476528785,256.1045622945009,30.538818664388945,9,0.8999999999999999,2.235912199926555,676,D_pmar=0.054_dist=500_repair_6_males=6_nmar=5,6,5
0,5,500,500,71.0515544224685,221.8537811568829,67.11373034993962,0,0,0,676,D_pmar=0.054_dist=500_repair_6_males=6_nmar=5,6,5
0.054,9,1000,0,69.82039790719554,224.52891785845145,61.39367547777775,23,2.3000000000000007,1.9816596960442363,676,D_pmar=0.054_dist=500_repair_6_males=6_nmar=5,6,5
0.054,12,1000,500,69.22093317229259,202.96337480860691,85.54889068941918,8,0.7999999999999999,1.6411920124215662,676,D_pmar=0.054_dist=500_repair_6_males=6_nmar=5,6,5
0,7,0,0,73.52054899467782,231.24987618020145,55.39637587035516,0,0,0,677,D_pmar=0.054_dist=500_repair_6_males=6_nmar=5,6,5
0.054,8,0,500,71.10051999989587,201.13494939327896,85.11263879411854,11,1.1,1.5618549989583232,677,D_pmar=0.054_dist=500_repair_6_males=6_nmar=5,6,5
0.054,14,500,0,68.3837852045884,234.4608002389501,55.11117303696386,6,0.6,1.5844738753031526,677,D_pmar=0.054_dist=500_repair_6_males=6_nmar=5,6,5
0.054,7,500,500,70.14780391220343,213.74756531965204,73.33827258271029,11,1.1,1.7595415117782345,677,D_pmar=0.054_dist=500_repair_6_males=6_nmar=5,6,5
0.054,3,1000,0,72.31046592495636,247.8614078493109,36.52693789377472,13,1.3,2.107952384070063,677,D_pmar=0.054_dist=500_repair_6_males=6_nmar=5,6,5
0.054,15,1000,500,69.1061029312576,263.1833170870774,24.21905169471827,13,1.3,2.2559223176554575,677,D_pmar=0.054_dist=500_repair_6_males=6_nmar=5,6,5
0.054,8,0,0,71.78828406703782,218.3697884151171,67.1006955864815,9,0.8999999999999999,2.0108809649326105,678,D_pmar=0.054_dist=500_repair_6_males=6_nmar=5,6,5
0.054,7,0,500,73.07522584189479,219.2675344327366,64.93289987606641,9,0.8999999999999999,1.8463652757426143,678,D_pmar=0.054_dist=500_repair_6_males=6_nmar=5,6,5
0.054,8,500,0,73.428065004437,215.96181534700267,66.95975899139349,17,1.7000000000000004,2.0370370370370368,678,D_pmar=0.054_dist=500_repair_6_males=6_nmar=5,6,5
0.054,7,500,500,69.9281492299885,250.35346023519648,36.67375498614996,9,0.8999999999999999,2.238238706023508,678,D_pmar=0.054_dist=500_repair_6_males=6_nmar=5,6,5
0,15,1000,0,71.4094515828757,227.26978296669847,61.44932689103979,0,0,0,678,D_pmar=0.054_dist=500_repair_6_males=6_nmar=5,6,5
0.054,9,1000,500,69.32369779273331,251.15886453023063,36.302812659302155,11,1.1,2.155234390337699,678,D_pmar=0.054_dist=500_repair_6_males=6_nmar=5,6,5
0.054,7,0,0,72.58182132668104,241.14265584425647,42.778512615012154,15,1.5000000000000002,2.2476748368742863,679,D_pmar=0.054_dist=500_repair_6_males=6_nmar=5,6,5
0.054,7,0,500,67.93602239075666,240.55343254401137,48.82875046063224,7,0.7,2.0690920442326437,679,D_pmar=0.054_dist=500_repair_6_males=6_nmar=5,6,5
0.054,12,500,0,73.57409722421072,228.34959972618083,54.66314673122992,17,1.7000000000000004,1.896481020317483,679,D_pmar=0.054_dist=500_repair_6_males=6_nmar=5,6,5
0.054,13,500,500,73.77416452943046,241.06821831548208,42.75712927965843,5,0.5,2.061148855563486,679,D_pmar=0.054_dist=500_repair_6_males=6_nmar=5,6,5
0,5,1000,0,73.50122892828018,223.9099006508849,62.72626475788628,0,0,0,679,D_pmar=0.054_dist=500_repair_6_males=6_nmar=5,6,5
0.054,10,1000,500,72.70151443612541,220.0894571368185,64.50616141028573,9,0.8999999999999999,2.066613392079685,679,D_pmar=0.054_dist=500_repair_6_males=6_nmar=5,6,5
0.054,10,0,0,71.14978644867396,203.43784675373965,82.61259384941349,10,1,1.873709997916647,67,D_pmar=0.054_dist=500_repair_6_males=6_nmar=5,6,5
0.054,4,0,500,68.18638434302554,233.33040238896984,55.337672191394496,14,1.4,1.9477346209196968,67,D_pmar=0.054_dist=500_repair_6_males=6_nmar=5,6,5
0,7,500,0,71.26379414054976,203.90473513659649,84.97626195144173,0,0,0,67,D_pmar=0.054_dist=500_repair_6_males=6_nmar=5,6,5
0.054,12,500,500,70.15040497375658,242.71404546176535,42.78752407147,17,1.7000000000000004,2.7654638294336946,67,D_pmar=0.054_dist=500_repair_6_males=6_nmar=5,6,5
0.054,12,1000,0,71.89339575005738,205.116912365994,78.87324553363919,20,2.0000000000000004,2.1666199015381173,67,D_pmar=0.054_dist=500_repair_6_males=6_nmar=5,6,5
0.054,9,1000,500,72.7230405130644,219.42647592773108,65.40323160784774,7,0.7,1.917606954480692,67,D_pmar=0.054_dist=500_repair_6_males=6_nmar=5,6,5
0.054,3,0,0,72.49434276959758,235.3457200840017,48.789870046159365,12,1.2,2.3511236688639774,680,D_pmar=0.054_dist=500_repair_6_males=6_nmar=5,6,5
0,6,0,500,70.71970352190785,209.65282628999063,79.63940868899962,0,0,0,680,D_pmar=0.054_dist=500_repair_6_males=6_nmar=5,6,5
0.054,20,500,0,70.02426380165592,207.85540155225937,79.68915812469479,12,1.2,1.608455587366633,680,D_pmar=0.054_dist=500_repair_6_males=6_nmar=5,6,5
0.054,8,500,500,72.27427508038612,218.1091383345797,66.75820354442124,15,1.5000000000000002,1.6659852488073408,680,D_pmar=0.054_dist=500_repair_6_males=6_nmar=5,6,5
0.054,5,1000,0,71.13044532348984,261.21966533904407,24.49942168189631,13,1.3,1.878138030419246,680,D_pmar=0.054_dist=500_repair_6_males=6_nmar=5,6,5
0.054,12,1000,500,69.74012430588202,214.39724632828415,73.34245843919389,9,0.8999999999999999,1.819397679315894,680,D_pmar=0.054_dist=500_repair_6_males=6_nmar=5,6,5
0.054,6,0,0,72.98716718835769,216.74605271309997,67.35549606775352,12,1.2,1.808845732030808,681,D_pmar=0.054_dist=500_repair_6_males=6_nmar=5,6,5
0,7,0,500,70.58457917543721,240.56934101480704,49.01560627691669,0,0,0,681,D_pmar=0.054_dist=500_repair_6_males=6_nmar=5,6,5
0.054,6,500,0,73.22540826536094,186.8185264558797,97.604804663634,10,1,1.427241996516027,681,D_pmar=0.054_dist=500_repair_6_males=6_nmar=5,6,5
0.054,7,500,500,70.77853181880441,202.62591553613703,83.81288702953391,11,1.1,1.7112958351322982,681,D_pmar=0.054_dist=500_repair_6_males=6_nmar=5,6,5
0.054,17,1000,0,70.02147616673263,250.03705571791536,36.34594846273277,18,1.8000000000000005,1.860454418787297,681,D_pmar=0.054_dist=500_repair_6_males=6_nmar=5,6,5
0.054,11,1000,500,71.38044498327432,249.4790565442663,36.56593412591823,10,1,1.7899514307362143,681,D_pmar=0.054_dist=500_repair_6_males=6_nmar=5,6,5
0.054,11,0,0,67.4754723334119,228.51052699526707,60.991021661995454,12,1.2,1.9196291684656308,682,D_pmar=0.054_dist=500_repair_6_males=6_nmar=5,6,5
0.054,9,0,500,75.15525734428861,229.40453738395192,52.39690073987346,13,1.3,1.7647237957754576,682,D_pmar=0.054_dist=500_repair_6_males=6_nmar=5,6,5
0.054,4,500,0,70.90052336362328,224.84880303937456,61.13261780430118,10,1,2.3076831504679527,682,D_pmar=0.054_dist=500_repair_6_males=6_nmar=5,6,5
0,5,500,500,73.17858755166206,232.08829628936593,54.84864658311592,0,0,0,682,D_pmar=0.054_dist=500_repair_6_males=6_nmar=5,6,5
0.054,16,1000,0,67.03792511413602,216.96422139727756,73.22379383399092,10,1,1.90540991895798,682,D_pmar=0.054_dist=500_repair_6_males=6_nmar=5,6,5
0.054,9,1000,500,69.91095074674207,237.34822490082692,48.75247720438729,13,1.3,2.7095792562306142,682,D_pmar=0.054_dist=500_repair_6_males=6_nmar=5,6,5
0.054,14,0,0,73.85132111186093,221.2305099951032,61.85265894369468,11,1.1,1.9803188999186232,683,D_pmar=0.054_dist=500_repair_6_males=6_nmar=5,6,5
0.054,8,0,500,73.30074768916596,228.86095860231623,55.05381163043663,11,1.1,1.8184340089375928,683,D_pmar=0.054_dist=500_repair_6_males=6_nmar=5,6,5
0.054,6,500,0,75.29332514568839,232.55411522531656,49.09166433276103,7,0.7,2.5918891351402324,683,D_pmar=0.054_dist=500_repair_6_males=6_nmar=5,6,5
0.054,14,500,500,69.63008614542277,250.5344596839968,36.33684660454048,15,1.5000000000000002,1.9996475997881993,683,D_pmar=0.054_dist=500_repair_6_males=6_nmar=5,6,5
0.054,2,1000,0,75.08519492759025,216.63997407722889,65.95431928241197,10,1,1.4616235098085864,683,D_pmar=0.054_dist=500_repair_6_males=6_nmar=5,6,5
0,10,1000,500,65.60767545274746,233.34370254411596,61.2944380906998,0,0,0,683,D_pmar=0.054_dist=500_repair_6_males=6_nmar=5,6,5
0.054,9,0,0,66.77760416943441,229.22320074935817,61.26293151338342,11,1.1,1.7441844062432372,684,D_pmar=0.054_dist=500_repair_6_males=6_nmar=5,6,5
0.054,11,0,500,68.0422448341571,245.9814487479565,42.70772816357635,15,1.5000000000000002,1.9397914322505392,684,D_pmar=0.054_dist=500_repair_6_males=6_nmar=5,6,5
0.054,11,500,0,72.02502951182069,224.04719212554795,61.26683947212793,12,1.2,1.6547518836629294,684,D_pmar=0.054_dist=500_repair_6_males=6_nmar=5,6,5
0.054,9,500,500,70.75890382944213,231.30727382811216,54.873455699652894,9,0.8999999999999999,2.324685344240576,684,D_pmar=0.054_dist=500_repair_6_males=6_nmar=5,6,5
0.054,6,1000,0,72.17772909092686,218.32148022847403,66.98712164022997,8,0.7999999999999999,1.754606247065354,684,D_pmar=0.054_dist=500_repair_6_males=6_nmar=5,6,5
0,8,1000,500,70.08190976764428,241.4420446633663,48.80252402672685,0,0,0,684,D_pmar=0.054_dist=500_repair_6_males=6_nmar=5,6,5
0.054,3,0,0,70.22868569522156,231.3346865363,54.62830042793881,17,1.7000000000000004,2.237405142108176,685,D_pmar=0.054_dist=500_repair_6_males=6_nmar=5,6,5
0.054,12,0,500,72.43180942938973,177.02271621538324,108.0501070952242,12,1.2,1.3386209982580133,685,D_pmar=0.054_dist=500_repair_6_males=6_nmar=5,6,5
0.054,14,500,0,69.78971934282836,256.6708619821156,30.280528473982695,14,1.4,1.8804645365161985,685,D_pmar=0.054_dist=500_repair_6_males=6_nmar=5,6,5
0.054,8,500,500,69.99345519779364,243.30968180140883,42.85189385691221,12,1.2,2.661637871696689,685,D_pmar=0.054_dist=500_repair_6_males=6_nmar=5,6,5
0.054,8,1000,0,71.64134898620382,206.35888238613313,79.32596368874457,9,0.8999999999999999,1.8369291448918368,685,D_pmar=0.054_dist=500_repair_6_males=6_nmar=5,6,5
0,9,1000,500,70.69102099637378,221.19345222890135,68.30011382718111,0,0,0,685,D_pmar=0.054_dist=500_repair_6_males=6_nmar=5,6,5
0,15,0,0,68.74558283723694,254.4550648248434,36.95325192375894,0,0,0,686,D_pmar=0.054_dist=500_repair_6_males=6_nmar=5,6,5
0.054,8,0,500,71.98094430657093,230.76223258991965,54.804792859002966,10,1,1.617362446414092,686,D_pmar=0.054_dist=500_repair_6_males=6_nmar=5,6,5
0.054,9,500,0,66.6393170462297,253.6653359930721,36.42282109961138,13,1.3,1.9771588299063385,686,D_pmar=0.054_dist=500_repair_6_males=6_nmar=5,6,5
0.054,5,500,500,73.03689252901451,246.5534488923307,36.774426229173216,13,1.3,2.3735110867320928,686,D_pmar=0.054_dist=500_repair_6_males=6_nmar=5,6,5
0.054,11,1000,0,71.17668561924955,188.20687936675264,98.14380894729211,10,1,1.5796907566462792,686,D_pmar=0.054_dist=500_repair_6_males=6_nmar=5,6,5
0.054,6,1000,500,70.04085682880009,213.526873993102,73.75044938355809,9,0.8999999999999999,1.8630852169962624,686,D_pmar=0.054_dist=500_repair_6_males=6_nmar=5,6,5
0.054,10,0,0,69.35286128117893,220.79051141605112,67.13361046566646,9,0.8999999999999999,1.8749999999999996,687,D_pmar=0.054_dist=500_repair_6_males=6_nmar=5,6,5
0.054,8,0,500,72.7121794476173,234.9679782748884,49.25924668725487,14,1.4,1.808845732030809,687,D_pmar=0.054_dist=500_repair_6_males=6_nmar=5,6,5
0.054,6,500,0,70.96009631945012,252.7769369475728,33.79138662647652,8,0.7999999999999999,1.9444224048514056,687,D_pmar=0.054_dist=500_repair_6_males=6_nmar=5,6,5
0.054,12,500,500,71.36317387845423,218.93371663272185,67.12488449142624,9,0.8999999999999999,1.7065127164754244,687,D_pmar=0.054_dist=500_repair_6_males=6_nmar=5,6,5
0,7,1000,0,70.78494448369888,247.0333547998253,42.426491005796,0,0,0,687,D_pmar=0.054_dist=500_repair_6_males=6_nmar=5,6,5
0.054,11,1000,500,67.6487287892089,209.34985839741557,79.54225276856722,16,1.6000000000000003,2.007590788457357,687,D_pmar=0.054_dist=500_repair_6_males=6_nmar=5,6,5
0.054,8,0,0,69.72539155996323,229.3781789361465,57.95268898082349,13,1.3,1.8215720393568395,688,D_pmar=0.054_dist=500_repair_6_males=6_nmar=5,6,5
0.054,9,0,500,73.8191769785453,174.60928313619334,109.9842512786011,5,0.5,1.1686407725518186,688,D_pmar=0.054_dist=500_repair_6_males=6_nmar=5,6,5
0.054,5,500,0,71.89385002831438,199.64122094656673,85.41177054349684,14,1.4,1.7337846050141583,688,D_pmar=0.054_dist=500_repair_6_males=6_nmar=5,6,5
0.054,11,500,500,70.98021622587781,254.99263701028164,30.33535943571224,13,1.3,2.5538403196251065,688,D_pmar=0.054_dist=500_repair_6_males=6_nmar=5,6,5
0,9,1000,0,71.65385130265578,251.92897705068012,36.5880196131984,0,0,0,688,D_pmar=0.054_dist=500_repair_6_males=6_nmar=5,6,5
0.054,12,1000,500,69.19812809261252,250.73989906465303,36.797325833360645,14,1.4,1.8804645365161985,688,D_pmar=0.054_dist=500_repair_6_males=6_nmar=5,6,5
0.054,11,0,0,68.60164987128505,221.5045923630678,67.32921386330526,10,1,1.654070465803604,689,D_pmar=0.054_dist=500_repair_6_males=6_nmar=5,6,5
0.054,9,0,500,67.21425154661014,246.5621005670794,42.70149134141507,13,1.3,2.222352328685192,689,D_pmar=0.054_dist=500_repair_6_males=6_nmar=5,6,5
0.054,8,500,0,74.68781115148609,216.19463535841544,66.84280822108128,8,0.7999999999999999,1.48694601799768,689,D_pmar=0.054_dist=500_repair_6_males=6_nmar=5,6,5
0.054,7,500,500,75.01309441121502,257.32939801652543,24.445663865925223,9,0.8999999999999999,2.554195405779381,689,D_pmar=0.054_dist=500_repair_6_males=6_nmar=5,6,5
0.054,12,1000,0,70.25832847803625,212.4604540058475,74.07337573424026,14,1.4,1.967592592592592,689,D_pmar=0.054_dist=500_repair_6_males=6_nmar=5,6,5
0,7,1000,500,70.45501776607294,240.89501948580087,48.67511230711787,0,0,0,689,D_pmar=0.054_dist=500_repair_6_males=6_nmar=5,6,5
0.054,9,0,0,73.64658454799267,221.89019565358575,60.92923941046973,17,1.7000000000000004,1.8862333651444108,68,D_pmar=0.054_dist=500_repair_6_males=6_nmar=5,6,5
0,8,0,500,72.06667108598961,178.33946685280105,109.79754774056263,0,0,0,68,D_pmar=0.054_dist=500_repair_6_males=6_nmar=5,6,5
0.054,7,500,0,71.79987563752108,236.75581304856183,47.30871632548549,20,2.0000000000000004,2.2610825620596433,68,D_pmar=0.054_dist=500_repair_6_males=6_nmar=5,6,5
0.054,11,500,500,70.6715038467294,236.48359375276908,49.16695893605139,15,1.5000000000000002,2.326330432478203,68,D_pmar=0.054_dist=500_repair_6_males=6_nmar=5,6,5
0.054,12,1000,0,76.69160697053805,207.3171928379776,72.99732817095763,12,1.2,1.902401995001702,68,D_pmar=0.054_dist=500_repair_6_males=6_nmar=5,6,5
0.054,7,1000,500,68.45537541738501,203.35874912705145,86.23953417442671,6,0.6,1.396150659698721,68,D_pmar=0.054_dist=500_repair_6_males=6_nmar=5,6,5
0.054,3,0,0,70.37555062900601,226.35506638487908,61.33781091895704,5,0.5,1.5904676836226703,690,D_pmar=0.054_dist=500_repair_6_males=6_nmar=5,6,5
0.054,9,0,500,73.52638513319738,235.0767601268249,47.39697987248312,15,1.5000000000000002,2.5274019950017057,690,D_pmar=0.054_dist=500_repair_6_males=6_nmar=5,6,5
0.054,12,500,0,73.2245468303891,234.76496406984745,48.848008201989224,14,1.4,2.0425015735532357,690,D_pmar=0.054_dist=500_repair_6_males=6_nmar=5,6,5
0.054,16,500,500,66.17524478068287,235.3206305912556,54.977201857178216,13,1.3,2.236064345982562,690,D_pmar=0.054_dist=500_repair_6_males=6_nmar=5,6,5
0,9,1000,0,71.15406526395834,222.05446809869585,66.87081059673986,0,0,0,690,D_pmar=0.054_dist=500_repair_6_males=6_nmar=5,6,5
0.054,5,1000,500,71.70286124940108,211.94214622668355,72.91548988545519,11,1.1,2.3805699174436574,690,D_pmar=0.054_dist=500_repair_6_males=6_nmar=5,6,5
0,14,0,0,72.35579773233425,195.9941750231461,91.70658248536282,0,0,0,691,D_pmar=0.054_dist=500_repair_6_males=6_nmar=5,6,5
0.054,3,0,500,71.58109091688934,260.28289929405867,24.345910466631395,18,1.8000000000000005,2.0711142582175825,691,D_pmar=0.054_dist=500_repair_6_males=6_nmar=5,6,5
0.054,13,500,0,72.99578884646692,223.66556921813276,61.49409664347075,4,0.4,1.603802575172729,691,D_pmar=0.054_dist=500_repair_6_males=6_nmar=5,6,5
0.054,11,500,500,67.24775672673249,174.9202163393528,114.58940542008052,14,1.4,1.979789628115304,691,D_pmar=0.054_dist=500_repair_6_males=6_nmar=5,6,5
0.054,7,1000,0,69.28702846757506,213.81608511747615,73.42639879207645,14,1.4,2.2519507233208778,691,D_pmar=0.054_dist=500_repair_6_males=6_nmar=5,6,5
0.054,6,1000,500,72.309015268434507,259.74508372411606,24.632495739611308,14,1.4,1.953199157435896,691,D_pmar=0.054_dist=500_repair_6_males=6_nmar=5,6,5
0.054,9,0,0,69.45087833883618,232.25128214055928,55.03425770629659,11,1.1,2.2772732315099726,692,D_pmar=0.054_dist=500_repair_6_males=6_nmar=5,6,5
0.054,9,0,500,68.51471594817016,231.96665053778932,56.910429796493325,7,0.7,2.029753226634166,692,D_pmar=0.054_dist=500_repair_6_males=6_nmar=5,6,5
0,7,500,0,73.85233376435384,255.73979908398687,30.529291459596987,0,0,0,692,D_pmar=0.054_dist=500_repair_6_males=6_nmar=5,6,5
0.054,12,500,500,73.24374636823708,221.8229639775029,61.01277152400965,20,2.0000000000000004,2.164974813300491,692,D_pmar=0.054_dist=500_repair_6_males=6_nmar=5,6,5
0.054,12,1000,0,70.37907630355683,219.49553722158032,67.02476785927338,14,1.4,1.9302031553437549,692,D_pmar=0.054_dist=500_repair_6_males=6_nmar=5,6,5
0.054,5,1000,500,71.50054620222471,194.5555065067084,91.92079851754606,8,0.7999999999999999,1.3379395803986878,692,D_pmar=0.054_dist=500_repair_6_males=6_nmar=5,6,5
0.054,6,0,0,71.32117517173279,248.9941285439794,36.870773128404366,10,1,1.9837612224498835,693,D_pmar=0.054_dist=500_repair_6_males=6_nmar=5,6,5
0.054,5,0,500,71.68382015944267,200.01699210490983,85.82360555245138,10,1,1.528437156044065,693,D_pmar=0.054_dist=500_repair_6_males=6_nmar=5,6,5
0.054,9,500,0,70.6280969741775,230.97518522661204,55.27790067325773,13,1.3,1.9014383246234008,693,D_pmar=0.054_dist=500_repair_6_males=6_nmar=5,6,5
0.054,16,500,500,70.30130060725642,232.110593034704,54.862590170385275,10,1,1.7761093069758758,693,D_pmar=0.054_dist=500_repair_6_males=6_nmar=5,6,5
0.054,9,1000,0,71.32577444222945,236.6991057312614,48.97027164353987,9,0.8999999999999999,2.1579952950096337,693,D_pmar=0.054_dist=500_repair_6_males=6_nmar=5,6,5
0,9,1000,500,69.48927470104243,253.8608839147358,36.77021123664792,0,0,0,693,D_pmar=0.054_dist=500_repair_6_males=6_nmar=5,6,5
0,5,0,0,71.74015759461408,227.5452684357069,60.91889630475426,0,0,0,694,D_pmar=0.054_dist=500_repair_6_males=6_nmar=5,6,5
0.054,8,0,500,71.61198337953697,267.0203813950105,18.24610466274186,11,1.1,2.2135976156937396,694,D_pmar=0.054_dist=500_repair_6_males=6_nmar=5,6,5
0.054,13,500,0,68.34022575096238,233.7097575505971,54.39513839905419,14,1.4,2.1855649968749717,694,D_pmar=0.054_dist=500_repair_6_males=6_nmar=5,6,5
0.054,10,500,500,68.30357397706483,220.48276636881064,67.39101700473302,16,1.6000000000000003,2.3987828008789256,694,D_pmar=0.054_dist=500_repair_6_males=6_nmar=5,6,5
0.054,7,1000,0,68.96633806610224,203.25445897098135,85.25512550442664,8,0.7999999999999999,1.7562513353029805,694,D_pmar=0.054_dist=500_repair_6_males=6_nmar=5,6,5
0.054,11,1000,500,67.29693025280999,216.71769080452137,73.51174957895782,11,1.1,1.5390111429221889,694,D_pmar=0.054_dist=500_repair_6_males=6_nmar=5,6,5
0.054,2,0,0,71.29088258866283,236.3650409933979,48.97985792328475,13,1.3,2.18518787112766,695,D_pmar=0.054_dist=500_repair_6_males=6_nmar=5,6,5
0.054,9,0,500,72.16590780521418,211.24750423176152,73.48882452545715,9,0.8999999999999999,2.241681028554768,695,D_pmar=0.054_dist=500_repair_6_males=6_nmar=5,6,5
0.054,12,500,0,71.72480759289094,188.8139472123497,96.62599706411814,13,1.3,1.6676303370449674,695,D_pmar=0.054_dist=500_repair_6_males=6_nmar=5,6,5
0.054,7,500,500,73.28024788890197,258.7494998978606,24.661192711795227,10,1,2.3126184151808324,695,D_pmar=0.054_dist=500_repair_6_males=6_nmar=5,6,5
0.054,13,1000,0,72.83077837251263,222.61849981479895,61.52811768875386,14,1.4,1.706664862531431,695,D_pmar=0.054_dist=500_repair_6_males=6_nmar=5,6,5
0,11,1000,500,69.45846973095325,235.7754168283818,54.948861514478374,0,0,0,695,D_pmar=0.054_dist=500_repair_6_males=6_nmar=5,6,5
0.054,14,0,0,68.44587913964257,199.40051008693877,89.81106387466353,9,0.8999999999999999,1.458333333333333,696,D_pmar=0.054_dist=500_repair_6_males=6_nmar=5,6,5
0,8,0,500,77.01857614699622,228.0308116022484,55.09791314963502,0,0,0,696,D_pmar=0.054_dist=500_repair_6_males=6_nmar=5,6,5
0.054,6,500,0,72.57028743815954,235.1391084376917,48.75188177857178,12,1.2,2.585838053993045,696,D_pmar=0.054_dist=500_repair_6_males=6_nmar=5,6,5
0.054,10,500,500,74.54908085575585,209.1868203186489,73.38819670178488,11,1.1,1.8663753934715157,696,D_pmar=0.054_dist=500_repair_6_males=6_nmar=5,6,5
0.054,11,1000,0,69.29543923139573,256.69412931940053,30.51260331712059,14,1.4,2.2590603480747045,696,D_pmar=0.054_dist=500_repair_6_males=6_nmar=5,6,5
0.054,5,1000,500,75.82547042881262,210.6486541979145,70.36659601943167,15,1.5000000000000002,1.6963951677653206,696,D_pmar=0.054_dist=500_repair_6_males=6_nmar=5,6,5
0.054,9,0,0,73.25594168194841,221.8941676979741,62.257685886619825,8,0.7999999999999999,1.842922953211354,697,D_pmar=0.054_dist=500_repair_6_males=6_nmar=5,6,5
0.054,9,0,500,71.16840830813582,225.24709616759077,60.93937761354005,10,1,1.6868068908585363,697,D_pmar=0.054_dist=500_repair_6_males=6_nmar=5,6,5
0.054,9,500,0,71.9497176589767,169.1243199052792,116.40286490910007,14,1.4,1.4176537196092425,697,D_pmar=0.054_dist=500_repair_6_males=6_nmar=5,6,5
0.054,13,500,500,73.9356269655885,258.2734875994529,24.163401154500292,14,1.4,2.353066570428209,697,D_pmar=0.054_dist=500_repair_6_males=6_nmar=5,6,5
0,7,1000,0,67.73929197750256,262.0035964066457,30.326635754296497,0,0,0,697,D_pmar=0.054_dist=500_repair_6_males=6_nmar=5,6,5
0.054,7,1000,500,66.53081709972464,234.9882688251381,54.86044490002257,12,1.2,2.4411075028406444,697,D_pmar=0.054_dist=500_repair_6_males=6_nmar=5,6,5
0.054,7,0,0,69.40234261118779,232.31411940763695,55.12563017763518,11,1.1,2.1282667939109783,698,D_pmar=0.054_dist=500_repair_6_males=6_nmar=5,6,5
0.054,12,0,500,73.19183983447496,203.46650881854848,80.77703300125957,10,1,1.8287037037037033,698,D_pmar=0.054_dist=500_repair_6_males=6_nmar=5,6,5
0.054,10,500,0,70.09554565416569,243.8403517224352,42.5677335584914,14,1.4,2.237934413911494,698,D_pmar=0.054_dist=500_repair_6_males=6_nmar=5,6,5
0.054,8,500,500,70.19033616182014,221.68758834951487,64.26576587138295,16,1.6000000000000003,2.27246807326006,698,D_pmar=0.054_dist=500_repair_6_males=6_nmar=5,6,5
0,10,1000,0,68.24986868827295,230.55837855616107,61.287270375737194,0,0,0,698,D_pmar=0.054_dist=500_repair_6_males=6_nmar=5,6,5
0.054,7,1000,500,67.07944818409123,223.20521820461255,66.88077837408035,11,1.1,1.846517421798621,698,D_pmar=0.054_dist=500_repair_6_males=6_nmar=5,6,5
0.054,9,0,0,70.31154321072833,243.12061162109657,43.03481662566105,14,1.4,2.205197988856562,699,D_pmar=0.054_dist=500_repair_6_males=6_nmar=5,6,5
0.054,5,0,500,77.4766720121913,164.07133455802526,115.89553480364548,12,1.2,1.6157173581764652,699,D_pmar=0.054_dist=500_repair_6_males=6_nmar=5,6,5
0.054,12,500,0,76.19406926320168,231.1600737284272,49.16959742427943,15,1.5000000000000002,2.0425015735532357,699,D_pmar=0.054_dist=500_repair_6_males=6_nmar=5,6,5
0,8,500,500,75.77031457998376,223.07139764125816,61.17359287267935,0,0,0,699,D_pmar=0.054_dist=500_repair_6_males=6_nmar=5,6,5
0.054,11,1000,0,70.41768551990988,195.8375563988214,91.42270617643824,10,1,1.602157486935102,699,D_pmar=0.054_dist=500_repair_6_males=6_nmar=5,6,5
0.054,9,1000,500,69.50200415082594,262.75562672946035,24.305140747233946,12,1.2,2.3253667620999026,699,D_pmar=0.054_dist=500_repair_6_males=6_nmar=5,6,5
0.054,12,0,0,68.65916594169374,173.63932002238383,115.78010210299244,6,0.6,1.3323228978264825,69,D_pmar=0.054_dist=500_repair_6_males=6_nmar=5,6,5
0,7,0,500,67.16972238265222,244.106676185985,48.812708773737995,0,0,0,69,D_pmar=0.054_dist=500_repair_6_males=6_nmar=5,6,5
0.054,18,500,0,70.63499925869826,218.50078940680513,66.97090949238226,19,1.9000000000000008,2.11935993486352,69,D_pmar=0.054_dist=500_repair_6_males=6_nmar=5,6,5
0.054,5,500,500,69.55831191682066,243.41669182917585,42.73644288103566,19,1.9000000000000008,2.457957550557261,69,D_pmar=0.054_dist=500_repair_6_males=6_nmar=5,6,5
0.054,4,1000,0,73.14321118382081,235.41262798798405,48.58357626950599,10,1,1.9381463440129127,69,D_pmar=0.054_dist=500_repair_6_males=6_nmar=5,6,5
0.054,8,1000,500,71.25790910916014,219.05267580357844,66.88245299727855,10,1,1.996205277256939,69,D_pmar=0.054_dist=500_repair_6_males=6_nmar=5,6,5
0,13,0,0,69.37039718463646,205.1331362316939,85.5129163122105,0,0,0,700,D_pmar=0.054_dist=500_repair_6_males=6_nmar=5,6,5
0.054,6,0,500,72.06034836159097,241.5626194831536,43.478235156296776,9,0.8999999999999999,2.0138888888888884,700,D_pmar=0.054_dist=500_repair_6_males=6_nmar=5,6,5
0.054,8,500,0,72.72441710614548,253.5770118836055,30.624801856489448,9,0.8999999999999999,2.2284982830607167,700,D_pmar=0.054_dist=500_repair_6_males=6_nmar=5,6,5
0.054,5,500,500,69.89261290533149,238.6302990815641,48.5103100150273,9,0.8999999999999999,2.3008557782331027,700,D_pmar=0.054_dist=500_repair_6_males=6_nmar=5,6,5
0.054,11,1000,0,70.49910015140568,236.5975537500696,49.00168133731622,18,1.8000000000000005,2.124824471379719,700,D_pmar=0.054_dist=500_repair_6_males=6_nmar=5,6,5
0.054,10,1000,500,72.8990007759709,230.14144666025365,54.91092124682723,7,0.7,1.811983762450055,700,D_pmar=0.054_dist=500_repair_6_males=6_nmar=5,6,5
0.054,14,0,0,69.83029719982036,225.8208038640559,60.82566619030344,13,1.3,2.243173970736388,701,D_pmar=0.054_dist=500_repair_6_males=6_nmar=5,6,5
0,9,0,500,72.64683943873003,226.6759899590353,60.737333225133646,0,0,0,701,D_pmar=0.054_dist=500_repair_6_males=6_nmar=5,6,5
0.054,11,500,0,69.80315456518632,238.11777727520504,48.47793480466319,14,1.4,2.316967135262725,701,D_pmar=0.054_dist=500_repair_6_males=6_nmar=5,6,5
0.054,3,500,500,70.4615726006746,237.30624926410732,48.84081150354261,13,1.3,2.206465951346876,701,D_pmar=0.054_dist=500_repair_6_males=6_nmar=5,6,5
0.054,8,1000,0,72.52234233905467,230.1660427573827,54.70771268359622,9,0.8999999999999999,1.834168240219902,701,D_pmar=0.054_dist=500_repair_6_males=6_nmar=5,6,5
0.054,9,1000,500,72.34722753903577,195.4886528298883,89.4106766173877,11,1.1,1.702693268196852,701,D_pmar=0.054_dist=500_repair_6_males=6_nmar=5,6,5
0.054,10,0,0,69.83078052810733,208.30672063089483,79.23038061133994,10,1,1.692423573430742,702,D_pmar=0.054_dist=500_repair_6_males=6_nmar=5,6,5
0.054,5,0,500,72.24187671163664,223.5414915433212,61.06592178362423,12,1.2,2.1451168416275954,702,D_pmar=0.054_dist=500_repair_6_males=6_nmar=5,6,5
0,12,500,0,71.76675469756054,224.47398870197924,64.03854281443213,0,0,0,702,D_pmar=0.054_dist=500_repair_6_males=6_nmar=5,6,5
0.054,14,500,500,68.90436549346043,232.5362350150152,55.05311916361349,14,1.4,2.2380865599675013,702,D_pmar=0.054_dist=500_repair_6_males=6_nmar=5,6,5
0.054,5,1000,0,71.04011214094719,206.68687817756916,79.6595547725612,10,1,1.7122815451036368,702,D_pmar=0.054_dist=500_repair_6_males=6_nmar=5,6,5
0.054,8,1000,500,71.18963940411045,255.29523889537887,30.156739553193184,15,1.5000000000000002,1.949379709157324,702,D_pmar=0.054_dist=500_repair_6_males=6_nmar=5,6,5
0.054,11,0,0,72.68413844135682,217.56830896010055,67.27293275730105,9,0.8999999999999999,1.9030834128610272,703,D_pmar=0.054_dist=500_repair_6_males=6_nmar=5,6,5
0.054,10,0,500,73.87073093269628,234.76296990345023,48.614807760046574,10,1,1.756251335302981,703,D_pmar=0.054_dist=500_repair_6_males=6_nmar=5,6,5
0.054,7,500,0,68.85396968975009,215.10978899484283,72.91328034037666,12,1.2,1.9510247973949504,703,D_pmar=0.054_dist=500_repair_6_males=6_nmar=5,6,5
0,12,500,500,73.63550982298804,249.8297670722239,36.69656849920256,0,0,0,703,D_pmar=0.054_dist=500_repair_6_males=6_nmar=5,6,5
0.054,7,1000,0,69.25188141214053,232.5369053312199,55.149860692152494,11,1.1,2.0101995470732845,703,D_pmar=0.054_dist=500_repair_6_males=6_nmar=5,6,5
0.054,7,1000,500,73.30318538828526,234.9300954453643,48.80328378019889,12,1.2,1.8567871165647312,703,D_pmar=0.054_dist=500_repair_6_males=6_nmar=5,6,5
0.054,12,0,0,72.26749898756644,193.01023750215188,91.836200150804,16,1.6000000000000003,1.3786191941227786,704,D_pmar=0.054_dist=500_repair_6_males=6_nmar=5,6,5
0.054,4,0,500,68.3732711019465,233.16821983991736,54.56033058319289,14,1.4,2.5131607059010155,704,D_pmar=0.054_dist=500_repair_6_males=6_nmar=5,6,5
0.054,10,500,0,71.6921916749635,230.52685436687327,55.01348280558777,11,1.1,1.8749999999999996,704,D_pmar=0.054_dist=500_repair_6_males=6_nmar=5,6,5
0.054,7,500,500,71.44525235243835,230.69858475200792,54.92459370124869,11,1.1,1.9807532984936052,704,D_pmar=0.054_dist=500_repair_6_males=6_nmar=5,6,5
0,8,1000,0,71.11793014334003,221.7681655824693,67.22877362962144,0,0,0,704,D_pmar=0.054_dist=500_repair_6_males=6_nmar=5,6,5
0.054,13,1000,500,70.97019980572321,237.2229258055999,48.93900205826407,9,0.8999999999999999,1.9682519708588797,704,D_pmar=0.054_dist=500_repair_6_males=6_nmar=5,6,5
0.054,10,0,0,73.93006876059577,203.3750639868814,79.24237832677551,14,1.4,2.109771657956735,705,D_pmar=0.054_dist=500_repair_6_males=6_nmar=5,6,5
0.054,15,0,500,73.58007071937031,239.99059237890012,43.30500203249787,13,1.3,1.8303487919413295,705,D_pmar=0.054_dist=500_repair_6_males=6_nmar=5,6,5
0.054,3,500,0,69.27242548819567,251.191143060287,36.563289712171695,9,0.8999999999999999,2.13851444908405,705,D_pmar=0.054_dist=500_repair_6_males=6_nmar=5,6,5
0,3,500,500,71.18473435789465,221.7606667896655,67.16505509691534,0,0,0,705,D_pmar=0.054_dist=500_repair_6_males=6_nmar=5,6,5
0.054,9,1000,0,71.8575862764281,211.83346227790065,73.5075421021254,11,1.1,1.7946044429301191,705,D_pmar=0.054_dist=500_repair_6_males=6_nmar=5,6,5
0.054,14,1000,500,72.51767132814624,242.5061680905569,42.35057284745971,9,0.8999999999999999,1.7578964235406074,705,D_pmar=0.054_dist=500_repair_6_males=6_nmar=5,6,5
0.054,9,0,0,70.15835628131575,255.0376705660277,30.596741048652365,13,1.3,2.992292298721273,706,D_pmar=0.054_dist=500_repair_6_males=6_nmar=5,6,5
0.054,9,0,500,67.07279937156898,246.4931264866616,42.57470213560983,20,2.0000000000000004,2.12962962962963,706,D_pmar=0.054_dist=500_repair_6_males=6_nmar=5,6,5
0,4,500,0,72.51380179267532,227.96884991361975,59.69750931442969,0,0,0,706,D_pmar=0.054_dist=500_repair_6_males=6_nmar=5,6,5
0.054,5,500,500,69.47920537230625,202.40951929087487,86.28025029374368,6,0.6,1.511209982580136,706,D_pmar=0.054_dist=500_repair_6_males=6_nmar=5,6,5
0.054,17,1000,0,71.19190365022794,232.25386288060383,54.350266063054875,8,0.7999999999999999,1.498331529198098,706,D_pmar=0.054_dist=500_repair_6_males=6_nmar=5,6,5
0.054,10,1000,500,69.55937639482354,221.0174922472168,66.76181803089025,9,0.8999999999999999,1.7984238912086916,706,D_pmar=0.054_dist=500_repair_6_males=6_nmar=5,6,5
0.054,13,0,0,67.57190599941757,233.1215220590199,54.87575930287833,21,2.1000000000000005,2.484113622661688,707,D_pmar=0.054_dist=500_repair_6_males=6_nmar=5,6,5
0.054,9,0,500,71.1150300320836,224.67488184301612,61.19466451889119,11,1.1,1.9199334605776444,707,D_pmar=0.054_dist=500_repair_6_males=6_nmar=5,6,5
0.054,4,500,0,67.49295535888933,234.90980275574367,54.69668766960828,10,1,1.9608380539930408,707,D_pmar=0.054_dist=500_repair_6_males=6_nmar=5,6,5
0.054,8,500,500,71.56339298063311,216.05473988662104,69.72117680692746,9,0.8999999999999999,1.849525345754899,707,D_pmar=0.054_dist=500_repair_6_males=6_nmar=5,6,5
0.054,12,1000,0,66.78506928010495,240.8706841053072,48.75484314679951,12,1.2,2.47809777474913,707,D_pmar=0.054_dist=500_repair_6_males=6_nmar=5,6,5
0,8,1000,500,73.27535301026388,194.9003884036245,91.86176245274642,0,0,0,707,D_pmar=0.054_dist=500_repair_6_males=6_nmar=5,6,5
0.054,8,0,0,71.6004722582607,194.39136357132423,91.777591403891,8,0.7999999999999999,1.5638043793079637,708,D_pmar=0.054_dist=500_repair_6_males=6_nmar=5,6,5
0.054,14,0,500,66.0798315513134,201.35858125838652,89.26760331302624,15,1.5000000000000002,1.849525345754899,708,D_pmar=0.054_dist=500_repair_6_males=6_nmar=5,6,5
0.054,10,500,0,73.98205008337021,222.5743009085093,59.77028799066783,16,1.6000000000000003,2.2152427039313656,708,D_pmar=0.054_dist=500_repair_6_males=6_nmar=5,6,5
0.054,9,500,500,68.5704839238482,250.77773065649163,36.75785206018664,15,1.5000000000000002,2.525430575059028,708,D_pmar=0.054_dist=500_repair_6_males=6_nmar=5,6,5
0.054,9,1000,0,70.29749076890542,231.77210151286457,54.729517089356904,14,1.4,1.822253457216165,708,D_pmar=0.054_dist=500_repair_6_males=6_nmar=5,6,5
0,4,1000,500,70.08384676000793,211.23863449926932,78.84387495805447,0,0,0,708,D_pmar=0.054_dist=500_repair_6_males=6_nmar=5,6,5
0.054,10,0,0,72.71497747814173,204.3391480849835,79.59612837947049,16,1.6000000000000003,1.921296296296296,709,D_pmar=0.054_dist=500_repair_6_males=6_nmar=5,6,5
0.054,13,0,500,69.11066025568202,238.1208966422761,48.91707362302531,14,1.4,2.6001366159214037,709,D_pmar=0.054_dist=500_repair_6_males=6_nmar=5,6,5
0.054,3,500,0,65.01993851932492,248.3880984126901,42.75269879248937,13,1.3,2.655035479153145,709,D_pmar=0.054_dist=500_repair_6_males=6_nmar=5,6,5
0,14,500,500,72.97200064251089,195.53804022617257,91.59980616465168,0,0,0,709,D_pmar=0.054_dist=500_repair_6_males=6_nmar=5,6,5
0.054,10,1000,0,68.72173432137919,221.7053507166263,67.29850710105947,6,0.6,1.9414365204881656,709,D_pmar=0.054_dist=500_repair_6_males=6_nmar=5,6,5
0.054,4,1000,500,71.79050584523064,236.20124185059527,48.8036866485094,13,1.3,2.13851444908405,709,D_pmar=0.054_dist=500_repair_6_males=6_nmar=5,6,5
0.054,10,0,0,70.13431986863925,230.4854453128187,55.3405635669183,18,1.8000000000000005,2.2541250833618243,70,D_pmar=0.054_dist=500_repair_6_males=6_nmar=5,6,5
0.054,10,0,500,71.90335951611122,247.89892769304436,36.670897614756406,14,1.4,2.1746359238425743,70,D_pmar=0.054_dist=500_repair_6_males=6_nmar=5,6,5
0,9,500,0,69.95433553854242,241.30627740537264,48.79692560301513,0,0,0,70,D_pmar=0.054_dist=500_repair_6_males=6_nmar=5,6,5
0.054,7,500,500,67.61628152032375,218.93972039428672,70.84289138442537,9,0.8999999999999999,1.7361111111111107,70,D_pmar=0.054_dist=500_repair_6_males=6_nmar=5,6,5
0.054,7,1000,0,72.4280889559737,211.30506478817108,73.05914106514466,14,1.4,2.068410626373318,70,D_pmar=0.054_dist=500_repair_6_males=6_nmar=5,6,5
0.054,11,1000,500,68.35650258972062,210.82315916548316,79.06905041768626,5,0.5,1.3514994516400514,70,D_pmar=0.054_dist=500_repair_6_males=6_nmar=5,6,5
0.054,6,0,0,70.18914368322358,273.62514462382666,12.193988411109608,15,1.5000000000000002,2.549180828645794,710,D_pmar=0.054_dist=500_repair_6_males=6_nmar=5,6,5
0.054,5,0,500,72.0777254225988,223.4457456968811,61.176014107619224,11,1.1,2.2339628195769157,710,D_pmar=0.054_dist=500_repair_6_males=6_nmar=5,6,5
0.054,8,500,0,69.6172973448606,245.0425242079401,42.68978844210119,9,0.8999999999999999,1.8161075028406408,710,D_pmar=0.054_dist=500_repair_6_males=6_nmar=5,6,5
0.054,8,500,500,71.14803062514677,248.949862264944,36.51972855701099,10,1,2.442882697541239,710,D_pmar=0.054_dist=500_repair_6_males=6_nmar=5,6,5
0.054,15,1000,0,72.4838413422528,199.70631699751456,85.260140353664,9,0.8999999999999999,1.799257455124024,710,D_pmar=0.054_dist=500_repair_6_males=6_nmar=5,6,5
0,12,1000,500,69.35437264369041,203.995236924949,86.77188205101095,0,0,0,710,D_pmar=0.054_dist=500_repair_6_males=6_nmar=5,6,5
0.054,7,0,0,70.62524229664534,213.7447905483625,73.3569146136721,7,0.7,1.6435185185185182,711,D_pmar=0.054_dist=500_repair_6_males=6_nmar=5,6,5
0.054,12,0,500,74.63677522266755,257.06338870222424,24.282155994358455,14,1.4,2.7089706720065863,711,D_pmar=0.054_dist=500_repair_6_males=6_nmar=5,6,5
0,14,500,0,68.06414500979858,218.6731087122489,73.40465585919276,0,0,0,711,D_pmar=0.054_dist=500_repair_6_males=6_nmar=5,6,5
0.054,6,500,500,71.54867570478443,254.46684788914897,30.474156813585775,9,0.8999999999999999,2.684104601985513,711,D_pmar=0.054_dist=500_repair_6_males=6_nmar=5,6,5
0.054,6,1000,0,76.05372409777178,232.38787932038625,48.64802940929713,10,1,1.9663025905092393,711,D_pmar=0.054_dist=500_repair_6_males=6_nmar=5,6,5
0.054,9,1000,500,72.29613334740503,207.37709652342545,77.26063645797733,14,1.4,1.7258414163450004,711,D_pmar=0.054_dist=500_repair_6_males=6_nmar=5,6,5
0.054,8,0,0,71.32066784822467,187.74246818836005,98.03928009128856,12,1.2,1.7337846050141583,712,D_pmar=0.054_dist=500_repair_6_males=6_nmar=5,6,5
0.054,6,0,500,66.30109847967249,223.2062599756997,67.10230696967159,15,1.5000000000000002,2.1699829116486695,712,D_pmar=0.054_dist=500_repair_6_males=6_nmar=5,6,5
0.054,8,500,0,68.18772562242225,242.91820605663997,45.703116640371285,12,1.2,2.299892107854802,712,D_pmar=0.054_dist=500_repair_6_males=6_nmar=5,6,5
0,10,500,500,66.9538753314538,250.31335768380535,42.752472672899856,0,0,0,712,D_pmar=0.054_dist=500_repair_6_males=6_nmar=5,6,5
0.054,11,1000,0,71.03765539310729,199.94465044130092,85.93515628138083,11,1.1,2.036355619177711,712,D_pmar=0.054_dist=500_repair_6_males=6_nmar=5,6,5
0.054,11,1000,500,67.49769282820128,233.62040848832015,54.94602207309764,16,1.6000000000000003,2.5274019950017057,712,D_pmar=0.054_dist=500_repair_6_males=6_nmar=5,6,5
0.054,9,0,0,73.74121176735704,269.906664622996,12.169489638977584,17,1.7000000000000004,2.5054645365162016,713,D_pmar=0.054_dist=500_repair_6_males=6_nmar=5,6,5
0,10,0,500,70.9633829630403,203.66047316130036,85.58295041227976,0,0,0,713,D_pmar=0.054_dist=500_repair_6_males=6_nmar=5,6,5
0.054,1,500,0,74.34638015252052,215.2304368675003,67.34000286281739,10,1,2.10959747230769,713,D_pmar=0.054_dist=500_repair_6_males=6_nmar=5,6,5
0.054,8,500,500,70.596016798305115,182.48087894443347,103.982061157952,12,1.2,1.831312462319631,713,D_pmar=0.054_dist=500_repair_6_males=6_nmar=5,6,5
0.054,10,1000,0,69.7367959149654,256.5544588548459,30.433205995316484,12,1.2,2.137702924761757,713,D_pmar=0.054_dist=500_repair_6_males=6_nmar=5,6,5
0.054,16,1000,500,69.25809240152925,221.1201588707593,67.29293044526563,9,0.8999999999999999,1.488743252291313,713,D_pmar=0.054_dist=500_repair_6_males=6_nmar=5,6,5
0.054,8,0,0,70.23092430230483,214.13716794119088,72.51823420056948,14,1.4,1.7415756476273097,714,D_pmar=0.054_dist=500_repair_6_males=6_nmar=5,6,5
0.054,15,0,500,66.70881646016925,216.7626154621963,73.2937118249136,14,1.4,1.889523541619664,714,D_pmar=0.054_dist=500_repair_6_males=6_nmar=5,6,5
0.054,11,500,0,73.51788402630342,226.1771482984236,57.1454720090299,11,1.1,2.164670521188478,714,D_pmar=0.054_dist=500_repair_6_males=6_nmar=5,6,5
0.054,8,500,500,73.10641664456229,246.4561905432763,36.577376678410616,12,1.2,2.702672571575055,714,D_pmar=0.054_dist=500_repair_6_males=6_nmar=5,6,5
0,1,1000,0,71.62114515177437,214.07478597030516,74.32199377875327,0,0,0,714,D_pmar=0.054_dist=500_repair_6_males=6_nmar=5,6,5
0.054,11,1000,500,67.29576597086462,234.5020919430859,54.95630303268514,11,1.1,2.1937396440208445,714,D_pmar=0.054_dist=500_repair_6_males=6_nmar=5,6,5
0,9,0,0,69.03028682956952,234.0455390270583,56.94958029244718,0,0,0,715,D_pmar=0.054_dist=500_repair_6_males=6_nmar=5,6,5
0.054,4,0,500,73.25954158764402,234.37729113041777,49.306505190131986,13,1.3,1.8341682402199024,715,D_pmar=0.054_dist=500_repair_6_males=6_nmar=5,6,5
0.054,13,500,0,70.90445802588425,194.87094381057491,91.7248439321814,10,1,1.6411920124215658,715,D_pmar=0.054_dist=500_repair_6_males=6_nmar=5,6,5
0.054,13,500,500,73.48273230103723,229.23974435160665,53.7996322216587,14,1.4,2.1864778732110124,715,D_pmar=0.054_dist=500_repair_6_males=6_nmar=5,6,5
0.054,6,1000,0,69.13546136907681,251.1395324489699,36.55550864598435,10,1,2.2959205135202225,715,D_pmar=0.054_dist=500_repair_6_males=6_nmar=5,6,5
0.054,9,1000,500,74.73899193145088,221.58906869852984,60.94521586440292,11,1.1,1.6721312031828652,715,D_pmar=0.054_dist=500_repair_6_males=6_nmar=5,6,5
0.054,15,0,0,71.70898668233909,224.7025143274068,61.21347836928086,9,0.8999999999999999,1.5214796773462465,716,D_pmar=0.054_dist=500_repair_6_males=6_nmar=5,6,5
0,4,0,500,71.9301133468561,249.5143178422985,38.6192128549822,0,0,0,716,D_pmar=0.054_dist=500_repair_6_males=6_nmar=5,6,5
0.054,6,500,0,70.21178689186067,220.5826375481954,66.63036591146452,8,0.7999999999999999,1.8848705294257593,716,D_pmar=0.054_dist=500_repair_6_males=6_nmar=5,6,5
0.054,6,500,500,71.94576740479819,224.67871853561792,60.90833770399538,6,0.6,1.9239050549122232,716,D_pmar=0.054_dist=500_repair_6_males=6_nmar=5,6,5
0.054,11,1000,0,67.71319663302071,240.4924278279372,48.71897991849619,14,1.4,1.7647237957754576,716,D_pmar=0.054_dist=500_repair_6_males=6_nmar=5,6,5
0.054,12,1000,500,73.07364297271275,221.64978436902297,61.444083655151665,19,1.9000000000000008,2.0905951041431656,716,D_pmar=0.054_dist=500_repair_6_males=6_nmar=5,6,5
0.054,12,0,0,71.27757504148228,217.8221363512308,67.16311058036338,16,1.6000000000000003,2.171272913732022,717,D_pmar=0.054_dist=500_repair_6_males=6_nmar=5,6,5
0.054,10,0,500,70.68621466470398,207.02714928136933,79.74500360447773,10,1,1.558187696735758,717,D_pmar=0.054_dist=500_repair_6_males=6_nmar=5,6,5
0,9,500,0,69.77382472645138,210.82513292011288,79.55828716504256,0,0,0,717,D_pmar=0.054_dist=500_repair_6_males=6_nmar=5,6,5
0.054,7,500,500,72.89850774095288,240.7078341818145,42.62533916395913,13,1.3,2.5269455568336854,717,D_pmar=0.054_dist=500_repair_6_males=6_nmar=5,6,5
0.054,7,1000,0,67.46566775837555,255.5933092579209,33.62529338815331,10,1,2.327366936491802,717,D_pmar=0.054_dist=500_repair_6_males=6_nmar=5,6,5
0.054,9,1000,500,68.65067520212234,239.7962852616287,48.85301024074911,9,0.8999999999999999,1.8182818628815864,717,D_pmar=0.054_dist=500_repair_6_males=6_nmar=5,6,5
0,8,0,0,71.62129510919382,227.76950122815305,60.897939025733706,0,0,0,718,D_pmar=0.054_dist=500_repair_6_males=6_nmar=5,6,5
0.054,7,0,500,70.63460448443925,225.12807278741525,60.94049882477912,13,1.3,2.004582864501079,718,D_pmar=0.054_dist=500_repair_6_males=6_nmar=5,6,5
0.054,10,500,0,70.07496391975474,189.81310851928393,97.66610738044304,10,1,1.5102463122018348,718,D_pmar=0.054_dist=500_repair_6_males=6_nmar=5,6,5
0.054,8,500,500,72.8375691994929,197.31470610457413,86.78989829321543,14,1.4,1.9351384200566344,718,D_pmar=0.054_dist=500_repair_6_males=6_nmar=5,6,5
0.054,12,1000,0,70.74754305860102,231.11280601396948,55.23261603280287,11,1.1,1.834168240219902,718,D_pmar=0.054_dist=500_repair_6_males=6_nmar=5,6,5
0.054,9,1000,500,72.50639406181155,265.48729978581935,18.41564589858995,15,1.5000000000000002,2.2069952231501944,718,D_pmar=0.054_dist=500_repair_6_males=6_nmar=5,6,5
0.054,8,0,0,71.6112495237965,247.84352544323372,36.68660159879152,16,1.6000000000000003,2.4037180655918062,719,D_pmar=0.054_dist=500_repair_6_males=6_nmar=5,6,5
0,10,0,500,68.8503354874635,212.83329762047455,78.3531277383283,0,0,0,719,D_pmar=0.054_dist=500_repair_6_males=6_nmar=5,6,5
0.054,14,500,0,73.2134074099099,211.43243162903013,73.28805615533257,4,0.4,1.6987216738622737,719,D_pmar=0.054_dist=500_repair_6_males=6_nmar=5,6,5
0.054,7,500,500,67.43092084478891,264.51684734700893,24.088506638652287,15,1.5000000000000002,2.464632776736105,719,D_pmar=0.054_dist=500_repair_6_males=6_nmar=5,6,5
0.054,10,1000,0,70.25243958869865,209.25528815499516,77.96261917378365,8,0.7999999999999999,1.737074781489412,719,D_pmar=0.054_dist=500_repair_6_males=6_nmar=5,6,5
0.054,5,1000,500,69.72120165627821,256.24787398896,30.76493529290832,10,1,2.359066857533136,719,D_pmar=0.054_dist=500_repair_6_males=6_nmar=5,6,5
0.054,7,0,0,73.70743338152407,240.0553548800643,42.50003060439337,17,1.7000000000000004,2.1904494675455917,71,D_pmar=0.054_dist=500_repair_6_males=6_nmar=5,6,5
0.054,16,0,500,70.06892445548401,220.0469729973886,67.26995742382454,9,0.8999999999999999,1.7641945239721386,71,D_pmar=0.054_dist=500_repair_6_males=6_nmar=5,6,5
0.054,6,500,0,74.2400566583655,218.7885999822107,64.09365136895549,11,1.1,2.0887758302564943,71,D_pmar=0.054_dist=500_repair_6_males=6_nmar=5,6,5
0.054,14,500,500,69.84229438223122,201.57305720601627,85.84461328239296,11,1.1,1.6411920124215658,71,D_pmar=0.054_dist=500_repair_6_males=6_nmar=5,6,5
0.054,8,1000,0,69.87282505859442,240.9538465818877,45.92421600304758,10,1,2.316285717403399,71,D_pmar=0.054_dist=500_repair_6_males=6_nmar=5,6,5
0,3,1000,500,68.56028632875154,248.82639044496705,42.704015482006575,0,0,0,71,D_pmar=0.054_dist=500_repair_6_males=6_nmar=5,6,5
0.054,11,0,0,70.17390030872288,242.44245597067712,43.71174037979937,14,1.4,2.3413832459011865,720,D_pmar=0.054_dist=500_repair_6_males=6_nmar=5,6,5
0.054,9,0,500,75.64369720426777,189.6508231327693,91.3684379369268,14,1.4,2.15470511853438,720,D_pmar=0.054_dist=500_repair_6_males=6_nmar=5,6,5
0.054,12,500,0,71.43267354395249,218.46783276387123,67.39517060683029,10,1,1.8374584166951553,720,D_pmar=0.054_dist=500_repair_6_males=6_nmar=5,6,5
0,8,500,500,73.21995981087537,237.70321259428752,49.20877789783867,0,0,0,720,D_pmar=0.054_dist=500_repair_6_males=6_nmar=5,6,5
0.054,8,1000,0,72.03725380522519,235.41207604735072,48.917074832858205,16,1.6000000000000003,2.047966110069434,720,D_pmar=0.054_dist=500_repair_6_males=6_nmar=5,6,5
0.054,6,1000,500,70.50638532568,195.22778978931993,91.49223538223168,11,1.1,1.6739284374764984,720,D_pmar=0.054_dist=500_repair_6_males=6_nmar=5,6,5
0.054,9,0,0,71.3162648221012,212.54602265629973,74.07897869501218,5,0.5,1.702011850337527,721,D_pmar=0.054_dist=500_repair_6_males=6_nmar=5,6,5
0.054,9,0,500,68.7667650165028,233.5341162480318,54.916479350130444,14,1.4,1.6044839930320542,721,D_pmar=0.054_dist=500_repair_6_males=6_nmar=5,6,5
0.054,8,500,0,72.02930452777301,247.49980396761137,37.43255986855254,10,1,2.2843828562637967,721,D_pmar=0.054_dist=500_repair_6_males=6_nmar=5,6,5
0.054,5,500,500,67.88004328894009,270.4150749016085,18.341755247894763,15,1.5000000000000002,1.886211325551373,721,D_pmar=0.054_dist=500_repair_6_males=6_nmar=5,6,5
0.054,8,1000,0,70.10894297158782,219.7369097748862,67.33256128200856,10,1,1.8280222858443775,721,D_pmar=0.054_dist=500_repair_6_males=6_nmar=5,6,5
0,15,1000,500,71.60367691572893,221.1228386425093,67.39639120888802,0,0,0,721,D_pmar=0.054_dist=500_repair_6_males=6_nmar=5,6,5
0,9,0,0,72.04142461220246,184.46278639560936,103.57279252643096,0,0,0,722,D_pmar=0.054_dist=500_repair_6_males=6_nmar=5,6,5
0.054,11,0,500,69.63330777762829,207.69803146439224,79.72072185300861,12,1.2,2.0538870847536543,722,D_pmar=0.054_dist=500_repair_6_males=6_nmar=5,6,5
0.054,5,500,0,66.44415146537374,247.18904049412976,42.95963345123879,13,1.3,2.156198060716,722,D_pmar=0.054_dist=500_repair_6_males=6_nmar=5,6,5
0.054,13,500,500,70.25166900870335,219.21814553336856,67.80991839940397,10,1,1.8103386742124283,722,D_pmar=0.054_dist=500_repair_6_males=6_nmar=5,6,5
0.054,8,1000,0,67.16583436993861,198.4734637579686,91.21720266783444,15,1.5000000000000002,1.902401995001702,722,D_pmar=0.054_dist=500_repair_6_males=6_nmar=5,6,5
0.054,8,1000,500,67.03367801900659,258.04910262529785,30.646086392285685,18,1.8000000000000005,2.4872516530809334,722,D_pmar=0.054_dist=500_repair_6_males=6_nmar=5,6,5
0.054,9,0,0,67.41348217302955,263.63577981524196,24.473579729550895,18,1.8000000000000005,2.822841344818396,723,D_pmar=0.054_dist=500_repair_6_males=6_nmar=5,6,5
0.054,8,0,500,72.55456069795504,221.29812385953576,62.24092213041194,17,1.7000000000000004,2.3076831504679527,723,D_pmar=0.054_dist=500_repair_6_males=6_nmar=5,6,5
0.054,10,500,0,74.42467603914582,197.86652451929083,85.35343301831283,9,0.8999999999999999,1.4831265697191076,723,D_pmar=0.054_dist=500_repair_6_males=6_nmar=5,6,5
0.054,10,500,500,69.11345269305018,226.4940481493298,61.0482857097392,12,1.2,2.279447591550918,723,D_pmar=0.054_dist=500_repair_6_males=6_nmar=5,6,5
0.054,6,1000,0,72.59268320245552,205.6022093771915,79.44197634304598,10,1,1.4768284692875766,723,D_pmar=0.054_dist=500_repair_6_males=6_nmar=5,6,5
0,11,1000,500,68.53523691050856,207.108916765122,84.44895662774577,0,0,0,723,D_pmar=0.054_dist=500_repair_6_males=6_nmar=5,6,5
0.054,11,0,0,68.30602298761568,263.1626118097237,24.425113400894524,17,1.7000000000000004,2.467545827464045,724,D_pmar=0.054_dist=500_repair_6_males=6_nmar=5,6,5
0.054,7,0,500,71.19117688603976,158.85276776319037,128.27901853971562,6,0.6,1.2499999999999998,724,D_pmar=0.054_dist=500_repair_6_males=6_nmar=5,6,5
0,9,500,0,71.64347259078468,215.29586072679868,73.2586882673791,0,0,0,724,D_pmar=0.054_dist=500_repair_6_males=6_nmar=5,6,5
0.054,9,500,500,68.17433588694554,226.9019893242256,60.98285941044858,17,1.7000000000000004,2.303030138274048,724,D_pmar=0.054_dist=500_repair_6_males=6_nmar=5,6,5
0.054,9,1000,0,70.27251488370075,249.0065936138227,36.78171059648048,15,1.5000000000000002,2.5913025905092426,724,D_pmar=0.054_dist=500_repair_6_males=6_nmar=5,6,5
0.054,9,1000,500,72.8881527263294,229.36034216138583,55.01056003237957,7,0.7,2.059633873788828,724,D_pmar=0.054_dist=500_repair_6_males=6_nmar=5,6,5
0,10,0,0,69.7154726746959,204.9223841236804,85.48825782050662,0,0,0,725,D_pmar=0.054_dist=500_repair_6_males=6_nmar=5,6,5
0.054,9,0,500,74.07277187787123,222.58752789460303,61.00187706387981,10,1,1.4695666984777442,725,D_pmar=0.054_dist=500_repair_6_males=6_nmar=5,6,5
0.054,11,500,0,68.81740444042633,270.1777031064703,18.385066203355276,10,1,1.8007503973056438,725,D_pmar=0.054_dist=500_repair_6_males=6_nmar=5,6,5
0.054,5,500,500,68.56812352972733,234.0762384616568,54.78078322461016,9,0.8999999999999999,1.7122815451036368,725,D_pmar=0.054_dist=500_repair_6_males=6_nmar=5,6,5
0.054,11,1000,0,72.17206994277545,199.9126104079687,85.29181236567685,8,0.7999999999999999,1.8888421237603383,725,D_pmar=0.054_dist=500_repair_6_males=6_nmar=5,6,5
0.054,7,1000,500,70.63500320550763,273.47376647943656,12.165961503061988,15,1.5000000000000002,2.5550289696947135,725,D_pmar=0.054_dist=500_repair_6_males=6_nmar=5,6,5
0.054,10,0,0,72.08735106307454,254.5464832169785,30.622962188877093,10,1,1.862780924884249,726,D_pmar=0.054_dist=500_repair_6_males=6_nmar=5,6,5
0.054,12,0,500,71.6134146385623,224.1917519283952,61.14806788004025,11,1.1,2.1696278254943957,726,D_pmar=0.054_dist=500_repair_6_males=6_nmar=5,6,5
0.054,11,500,0,69.84957118061182,244.60427216852645,42.72988955408656,8,0.7999999999999999,2.1666199015381173,726,D_pmar=0.054_dist=500_repair_6_males=6_nmar=5,6,5
0,9,500,500,70.40478083748198,198.01064310278065,91.8360197823779,0,0,0,726,D_pmar=0.054_dist=500_repair_6_males=6_nmar=5,6,5
0.054,5,1000,0,71.7363002818993,197.35016761394343,87.36647658536286,17,1.7000000000000004,1.858432204802358,726,D_pmar=0.054_dist=500_repair_6_males=6_nmar=5,6,5
0.054,7,1000,500,70.76778777473106,249.1900661174383,36.71578788723626,12,1.2,2.148327705682141,726,D_pmar=0.054_dist=500_repair_6_males=6_nmar=5,6,5
0,4,0,0,71.51947743552834,233.85354839049788,54.74342218643308,0,0,0,727,D_pmar=0.054_dist=500_repair_6_males=6_nmar=5,6,5
0.054,10,0,500,69.20248178002466,232.97852864205265,54.88639053417729,11,1.1,2.0779989032801027,727,D_pmar=0.054_dist=500_repair_6_males=6_nmar=5,6,5
0.054,15,500,0,68.35693554963851,246.3459005884268,42.54656341974441,8,0.7999999999999999,2.0132074710295624,727,D_pmar=0.054_dist=500_repair_6_males=6_nmar=5,6,5
0.054,6,500,500,70.9415290690994,249.38599168852087,35.813836254227034,13,1.3,2.571219639145043,727,D_pmar=0.054_dist=500_repair_6_males=6_nmar=5,6,5
0.054,6,1000,0,67.88631366602806,234.45044388057755,55.083960873159704,9,0.8999999999999999,1.762549435734512,727,D_pmar=0.054_dist=500_repair_6_males=6_nmar=5,6,5
0.054,13,1000,500,75.10311514508845,214.9930484985303,66.88237154765747,10,1,2.077035232901802,727,D_pmar=0.054_dist=500_repair_6_males=6_nmar=5,6,5
0.054,20,0,0,66.50548385027675,210.50764461120664,79.8992731124191,13,1.3,1.816788920699966,728,D_pmar=0.054_dist=500_repair_6_males=6_nmar=5,6,5
0.054,9,0,500,72.49841814169342,207.8520166369861,76.68935668047281,13,1.3,1.7518233028003818,728,D_pmar=0.054_dist=500_repair_6_males=6_nmar=5,6,5
0.054,6,500,0,74.92370304324099,202.15520383581463,79.37292621508661,15,1.5000000000000002,2.066084120276366,728,D_pmar=0.054_dist=500_repair_6_males=6_nmar=5,6,5
0.054,7,500,500,71.97267668984901,223.40078526016137,61.02723181288454,15,1.5000000000000002,2.3538052611152027,728,D_pmar=0.054_dist=500_repair_6_males=6_nmar=5,6,5
0,3,1000,0,73.70455637219283,219.4677237051864,66.86090291666483,0,0,0,728,D_pmar=0.054_dist=500_repair_6_males=6_nmar=5,6,5
0.054,9,1000,500,74.61946201089525,214.9932518966821,66.94204868453467,16,1.6000000000000003,2.110656015914328,728,D_pmar=0.054_dist=500_repair_6_males=6_nmar=5,6,5
0.054,8,0,0,72.63149148111869,265.48530056534764,18.234711798073544,11,1.1,2.8443444047289175,729,D_pmar=0.054_dist=500_repair_6_males=6_nmar=5,6,5
0.054,7,0,500,68.10575392320598,216.03893715330875,73.30786487877039,9,0.8999999999999999,1.6676303370449672,729,D_pmar=0.054_dist=500_repair_6_males=6_nmar=5,6,5
0.054,11,500,0,70.7475337248798,207.52398385644744,79.35651873704187,8,0.7999999999999999,1.597222222222222,729,D_pmar=0.054_dist=500_repair_6_males=6_nmar=5,6,5
0.054,11,500,500,68.40363939027121,252.867797171381,35.13832935533925,15,1.5000000000000002,2.1985955963130164,729,D_pmar=0.054_dist=500_repair_6_males=6_nmar=5,6,5
0.054,12,1000,0,69.43498140366839,232.1143633755293,54.84269242349324,13,1.3,2.3613933636300883,729,D_pmar=0.054_dist=500_repair_6_males=6_nmar=5,6,5
0,5,1000,500,69.7622577867984,216.85403750258607,73.47182003055313,0,0,0,729,D_pmar=0.054_dist=500_repair_6_males=6_nmar=5,6,5
0.054,9,0,0,68.73170228397318,234.4875460430491,54.575577803175726,6,0.6,1.609948529548253,72,D_pmar=0.054_dist=500_repair_6_males=6_nmar=5,6,5
0,9,0,500,67.54362797870223,225.188047785106,67.26983996327371,0,0,0,72,D_pmar=0.054_dist=500_repair_6_males=6_nmar=5,6,5
0.054,6,500,0,70.45928765875507,235.99532683819888,49.6979381530569,14,1.4,2.451333118420676,72,D_pmar=0.054_dist=500_repair_6_males=6_nmar=5,6,5
0.054,6,500,500,70.4763480942335,249.39225995633495,36.928920579851166,13,1.3,1.9123673976557984,72,D_pmar=0.054_dist=500_repair_6_males=6_nmar=5,6,5
0.054,10,1000,0,71.91223906440636,238.16455828847424,46.70114325750449,15,1.5000000000000002,2.0778467572240955,72,D_pmar=0.054_dist=500_repair_6_males=6_nmar=5,6,5
0.054,14,1000,500,67.75033760988175,198.2432033945013,91.2487245055464,9,0.8999999999999999,1.911026601530185,72,D_pmar=0.054_dist=500_repair_6_males=6_nmar=5,6,5
0.054,12,0,0,67.28400375854442,215.71609531083183,73.95629947019195,16,1.6000000000000003,1.590771975734684,730,D_pmar=0.054_dist=500_repair_6_males=6_nmar=5,6,5
0.054,6,0,500,70.3899760762534,231.24453284076463,55.17441773768277,16,1.6000000000000003,1.6026867587384208,730,D_pmar=0.054_dist=500_repair_6_males=6_nmar=5,6,5
0.054,14,500,0,72.83157816119032,170.4316195190586,114.65434045850516,10,1,1.4120370370370368,730,D_pmar=0.054_dist=500_repair_6_males=6_nmar=5,6,5
0,13,500,500,73.03771727108308,232.15616654317984,54.93834459044614,0,0,0,730,D_pmar=0.054_dist=500_repair_6_males=6_nmar=5,6,5
0.054,2,1000,0,71.94635926813964,259.22688700529454,24.627842416884334,11,1.1,3.2507701310786965,730,D_pmar=0.054_dist=500_repair_6_males=6_nmar=5,6,5
0.054,7,1000,500,69.29684413004135,202.70527875142892,85.05757984618218,14,1.4,1.638184088465288,730,D_pmar=0.054_dist=500_repair_6_males=6_nmar=5,6,5
0.054,10,0,0,69.37389674120588,196.16890312638603,91.7026959744712,15,1.5000000000000002,1.4209438960844958,731,D_pmar=0.054_dist=500_repair_6_males=6_nmar=5,6,5
0.054,12,0,500,69.81111145976301,212.6771820396509,74.12297160158478,16,1.6000000000000003,1.8766450882376264,731,D_pmar=0.054_dist=500_repair_6_males=6_nmar=5,6,5
0.054,10,500,0,74.53796510727538,208.81204448373333,73.59778605758147,13,1.3,1.8951402241918696,731,D_pmar=0.054_dist=500_repair_6_males=6_nmar=5,6,5
0.054,4,500,500,68.33301105537436,238.94747540669485,49.27604840806214,12,1.2,2.3427460816198376,731,D_pmar=0.054_dist=500_repair_6_males=6_nmar=5,6,5
0,7,1000,0,71.01943113695262,227.48519992681685,61.6230080307663,0,0,0,731,D_pmar=0.054_dist=500_repair_6_males=6_nmar=5,6,5
0.054,11,1000,500,70.9438809134441,235.48394116654515,50.35045488771755,10,1,2.412545612218558,731,D_pmar=0.054_dist=500_repair_6_males=6_nmar=5,6,5
0.054,8,0,0,71.35859084884744,249.5159175976536,36.590333883372836,10,1,1.7543019549533407,732,D_pmar=0.054_dist=500_repair_6_males=6_nmar=5,6,5
0.054,9,0,500,69.73894264055988,206.73836395667809,79.61942703607049,19,1.9000000000000008,2.0105766728205965,732,D_pmar=0.054_dist=500_repair_6_males=6_nmar=5,6,5
0.054,13,500,0,71.4660428880447,193.59618152938137,92.88767365680042,8,0.7999999999999999,1.273148148148148,732,D_pmar=0.054_dist=500_repair_6_males=6_nmar=5,6,5
0.054,5,500,500,67.72612698630644,257.4462454141362,30.657423958729183,17,1.7000000000000004,2.490389683500178,732,D_pmar=0.054_dist=500_repair_6_males=6_nmar=5,6,5
0.054,11,1000,0,75.20610243363426,203.14249182417825,79.12050621508897,8,0.7999999999999999,1.7403649579646647,732,D_pmar=0.054_dist=500_repair_6_males=6_nmar=5,6,5
0,8,1000,500,72.2958098755193,232.50370808171445,55.231211608361555,0,0,0,732,D_pmar=0.054_dist=500_repair_6_males=6_nmar=5,6,5
0.054,10,0,0,71.48374854419244,248.42869473369151,36.4786000665738,14,1.4,2.2867093623607504,733,D_pmar=0.054_dist=500_repair_6_males=6_nmar=5,6,5
0.054,12,0,500,68.4647462338339,246.00559734652995,42.95002855693407,11,1.1,1.6077741695073076,733,D_pmar=0.054_dist=500_repair_6_males=6_nmar=5,6,5
0.054,7,500,0,72.16675120750021,260.853980768437,24.204563740801714,8,0.7999999999999999,2.124824471379718,733,D_pmar=0.054_dist=500_repair_6_males=6_nmar=5,6,5
0.054,3,500,500,74.16630483945079,251.15228618657483,30.57330717476297,12,1.2,2.991306588749931,733,D_pmar=0.054_dist=500_repair_6_males=6_nmar=5,6,5
0,12,1000,0,70.35090000244513,222.8447809955409,66.88228935372831,0,0,0,733,D_pmar=0.054_dist=500_repair_6_males=6_nmar=5,6,5
0.054,10,1000,500,71.91909737814741,176.6260806444564,109.64457571594475,6,0.6,1.2245253457548997,733,D_pmar=0.054_dist=500_repair_6_males=6_nmar=5,6,5
0,13,0,0,69.46955636673485,235.83827341562085,54.75191029270752,0,0,0,734,D_pmar=0.054_dist=500_repair_6_males=6_nmar=5,6,5
0.054,11,0,500,70.29942928503215,219.26616659828943,67.30579731203164,14,1.4,1.806519225933856,734,D_pmar=0.054_dist=500_repair_6_males=6_nmar=5,6,5
0.054,7,500,0,72.44700739708274,213.9405884616864,71.21661079603861,9,0.8999999999999999,1.5509259259259256,734,D_pmar=0.054_dist=500_repair_6_males=6_nmar=5,6,5
0.054,8,500,500,69.99347267909822,267.86942854979594,18.200269314780268,14,1.4,2.6813216577205403,734,D_pmar=0.054_dist=500_repair_6_males=6_nmar=5,6,5
0.054,6,1000,0,71.8142783689359,218.63215140418563,67.34452771938405,7,0.7,1.6003602526414684,734,D_pmar=0.054_dist=500_repair_6_males=6_nmar=5,6,5
0.054,9,1000,500,73.49258355636408,216.66392197214785,66.73867416325818,13,1.3,1.818434008937593,734,D_pmar=0.054_dist=500_repair_6_males=6_nmar=5,6,5
0.054,10,0,0,69.23743129805915,222.80899544657265,64.61199241297808,11,1.1,2.3187643695563573,735,D_pmar=0.054_dist=500_repair_6_males=6_nmar=5,6,5
0.054,6,0,500,67.80374954963845,234.08908167239144,55.21342010574891,10,1,1.9239050549122232,735,D_pmar=0.054_dist=500_repair_6_males=6_nmar=5,6,5
0,10,500,0,70.19213881655422,182.8327017087763,107.03280990877693,0,0,0,735,D_pmar=0.054_dist=500_repair_6_males=6_nmar=5,6,5
0.054,7,500,500,70.0598945189956,219.194081986722,67.3982646686224,13,1.3,2.2127640517784073,735,D_pmar=0.054_dist=500_repair_6_males=6_nmar=5,6,5
0.054,14,1000,0,67.33533072904089,233.49569958706985,55.37564585854549,18,1.8000000000000005,2.018519861489755,735,D_pmar=0.054_dist=500_repair_6_males=6_nmar=5,6,5
0.054,7,1000,500,72.65070606421695,235.07450119184745,48.81885870875714,14,1.4,2.1484798517381476,735,D_pmar=0.054_dist=500_repair_6_males=6_nmar=5,6,5
0.054,6,0,0,70.7751803557566,213.40133135023905,73.28357540046521,8,0.7999999999999999,1.7592592592592589,736,D_pmar=0.054_dist=500_repair_6_males=6_nmar=5,6,5
0.054,6,0,500,73.70637754421134,227.91933749847732,55.3350985169195,7,0.7,2.345354840235766,736,D_pmar=0.054_dist=500_repair_6_males=6_nmar=5,6,5
0.054,11,500,0,70.46094265213868,260.65529840760144,24.42033428119197,18,1.8000000000000005,2.6781836273012933,736,D_pmar=0.054_dist=500_repair_6_males=6_nmar=5,6,5
0.054,8,500,500,69.99943344570082,270.73519770256934,14.772246399467395,19,1.9000000000000008,2.677140644502286,736,D_pmar=0.054_dist=500_repair_6_males=6_nmar=5,6,5
0.054,9,1000,0,73.32735736300201,175.36152408213152,109.34879651203974,5,0.5,1.5518895963042267,736,D_pmar=0.054_dist=500_repair_6_males=6_nmar=5,6,5
0,14,1000,500,67.11020542817023,231.93617138145555,61.16422273050837,0,0,0,736,D_pmar=0.054_dist=500_repair_6_males=6_nmar=5,6,5
0.054,9,0,0,71.1976368504617,219.14955378225775,67.13562738108465,9,0.8999999999999999,1.7793994834511289,737,D_pmar=0.054_dist=500_repair_6_males=6_nmar=5,6,5
0.054,9,0,500,70.24254905526676,275.8194672261993,10.66799482808426,11,1.1,2.2774253775659794,737,D_pmar=0.054_dist=500_repair_6_males=6_nmar=5,6,5
0.054,4,500,0,69.64243483587317,268.0601040882592,18.793320496903533,10,1,2.5252563894099813,737,D_pmar=0.054_dist=500_repair_6_males=6_nmar=5,6,5
0.054,13,500,500,69.79582020626887,250.2385929409756,36.600666126940354,11,1.1,2.314133396955491,737,D_pmar=0.054_dist=500_repair_6_males=6_nmar=5,6,5
0,5,1000,0,70.5576713367977,215.97479495338908,73.58912359875973,0,0,0,737,D_pmar=0.054_dist=500_repair_6_males=6_nmar=5,6,5
0.054,14,1000,500,71.8027137144311,200.31654626021157,85.9174553060419,7,0.7,1.3019129788685018,737,D_pmar=0.054_dist=500_repair_6_males=6_nmar=5,6,5
0.054,14,0,0,71.22238273606204,222.11749924251808,64.20311091643288,9,0.8999999999999999,1.6451636067561446,738,D_pmar=0.054_dist=500_repair_6_males=6_nmar=5,6,5
0.054,13,0,500,74.55208795208496,245.84186369470245,36.40220953971982,14,1.4,1.9036126846643464,738,D_pmar=0.054_dist=500_repair_6_males=6_nmar=5,6,5
0.054,3,500,0,70.98128506852578,242.58219369693916,42.70811419035845,12,1.2,2.578633556010882,738,D_pmar=0.054_dist=500_repair_6_males=6_nmar=5,6,5
0.054,8,500,500,71.85821325538774,248.9863037707789,36.34463981062971,12,1.2,1.6458229850224324,738,D_pmar=0.054_dist=500_repair_6_males=6_nmar=5,6,5
0.054,4,1000,0,70.46264282899354,220.1505242910797,66.96318088776428,8,0.7999999999999999,1.8313124623196309,738,D_pmar=0.054_dist=500_repair_6_males=6_nmar=5,6,5
0,12,1000,500,71.59192442891312,202.92000937377563,85.58561761979308,0,0,0,738,D_pmar=0.054_dist=500_repair_6_males=6_nmar=5,6,5
0.054,4,0,0,70.4466220035897,259.6867826715483,24.427197284581236,14,1.4,4.043778936842214,739,D_pmar=0.054_dist=500_repair_6_males=6_nmar=5,6,5
0.054,6,0,500,72.83768940217261,218.01544938766295,66.96082680707497,5,0.5,1.7010481799592256,739,D_pmar=0.054_dist=500_repair_6_males=6_nmar=5,6,5
0,15,500,0,73.23463760554166,216.00201492631604,70.76935404363549,0,0,0,739,D_pmar=0.054_dist=500_repair_6_males=6_nmar=5,6,5
0.054,14,500,500,65.44929430237148,207.47283419087185,83.82322545425764,13,1.3,2.0356742013183853,739,D_pmar=0.054_dist=500_repair_6_males=6_nmar=5,6,5
0.054,6,1000,0,68.72268064809063,257.31294468542416,30.328119268822817,14,1.4,2.531069297224271,739,D_pmar=0.054_dist=500_repair_6_males=6_nmar=5,6,5
0.054,9,1000,500,74.44640180077056,221.60536372609897,61.14015325965668,10,1,1.8859290730323972,739,D_pmar=0.054_dist=500_repair_6_males=6_nmar=5,6,5
0.054,9,0,0,73.0922411078271,193.05910172613093,91.92266668052665,5,0.5,1.4814814814814812,73,D_pmar=0.054_dist=500_repair_6_males=6_nmar=5,6,5
0,9,0,500,69.24439587810163,278.85371512416407,12.178681018860082,0,0,0,73,D_pmar=0.054_dist=500_repair_6_males=6_nmar=5,6,5
0.054,14,500,0,71.3254822959654,243.6698166524532,41.61709975279146,14,1.4,2.013207471029563,73,D_pmar=0.054_dist=500_repair_6_males=6_nmar=5,6,5
0.054,5,500,500,69.94380646213104,231.33094322440087,55.018133458696305,12,1.2,2.5810328957431325,73,D_pmar=0.054_dist=500_repair_6_males=6_nmar=5,6,5
0.054,6,1000,0,71.63310872949008,254.9130278148446,30.466505940950046,10,1,2.0363556191777112,73,D_pmar=0.054_dist=500_repair_6_males=6_nmar=5,6,5
0.054,11,1000,500,73.71690212509564,210.2735433599888,73.50798037565157,9,0.8999999999999999,1.8336389684165832,73,D_pmar=0.054_dist=500_repair_6_males=6_nmar=5,6,5
0.054,1,0,0,69.63104737661172,268.8267471739866,18.270906410475646,11,1.1,2.1729687960119093,740,D_pmar=0.054_dist=500_repair_6_males=6_nmar=5,6,5
0.054,3,0,500,71.49276115158892,212.0447572012198,74.1542317605608,8,0.7999999999999999,1.5826766410095192,740,D_pmar=0.054_dist=500_repair_6_males=6_nmar=5,6,5
0,14,500,0,72.42724090340437,208.19372083116556,79.4166071464301,0,0,0,740,D_pmar=0.054_dist=500_repair_6_males=6_nmar=5,6,5
0.054,9,500,500,72.11966691719967,229.79993525122777,55.003104690894936,9,0.8999999999999999,2.350159998485678,740,D_pmar=0.054_dist=500_repair_6_males=6_nmar=5,6,5
0.054,10,1000,0,70.27794792278037,273.3995562978762,12.196481442031656,12,1.2,3.00127199140403,740,D_pmar=0.054_dist=500_repair_6_males=6_nmar=5,6,5
0.054,17,1000,500,71.01752027359551,214.42263494451475,71.8728349574578,12,1.2,1.597222222222222,740,D_pmar=0.054_dist=500_repair_6_males=6_nmar=5,6,5
0.054,9,0,0,72.34483952549812,217.5853811646512,67.18838723118796,12,1.2,1.8928137180949172,741,D_pmar=0.054_dist=500_repair_6_males=6_nmar=5,6,5
0.054,3,0,500,69.1894377438477,274.4945940152119,12.133023267200372,12,1.2,2.9889956434606115,741,D_pmar=0.054_dist=500_repair_6_males=6_nmar=5,6,5
0.054,8,500,0,70.72310060799818,243.7061818579974,42.31290914246351,12,1.2,2.0928995706470803,741,D_pmar=0.054_dist=500_repair_6_males=6_nmar=5,6,5
0.054,10,500,500,72.120952883245,230.24981649634384,54.63662093315653,13,1.3,1.8630852169962624,741,D_pmar=0.054_dist=500_repair_6_males=6_nmar=5,6,5
0,10,1000,0,68.940300985518,193.62356404825331,97.58388080841908,0,0,0,741,D_pmar=0.054_dist=500_repair_6_males=6_nmar=5,6,5
0.054,14,1000,500,68.95151872051336,227.57320598722507,60.973626729894455,6,0.6,2.0201649497273815,741,D_pmar=0.054_dist=500_repair_6_males=6_nmar=5,6,5
0,7,0,0,69.69827894296321,228.80699751093965,61.74721212363321,0,0,0,742,D_pmar=0.054_dist=500_repair_6_males=6_nmar=5,6,5
0.054,3,0,500,71.66508636808082,224.49058200072935,61.30670168800969,8,0.7999999999999999,1.8485396357835595,742,D_pmar=0.054_dist=500_repair_6_males=6_nmar=5,6,5
0.054,9,500,0,69.02086410273414,238.437243577027,48.812572153028654,18,1.8000000000000005,2.024440836173974,742,D_pmar=0.054_dist=500_repair_6_males=6_nmar=5,6,5
0.054,8,500,500,69.47262846176268,244.4002465688944,42.53088037291696,12,1.2,2.464255650988792,742,D_pmar=0.054_dist=500_repair_6_males=6_nmar=5,6,5
0.054,12,1000,0,69.28817680276627,171.10217713014518,116.76507559561622,13,1.3,1.604483993032054,742,D_pmar=0.054_dist=500_repair_6_males=6_nmar=5,6,5
0.054,15,1000,500,68.68064726885174,220.50376045261305,67.32136031384417,15,1.5000000000000002,2.0722300746518907,742,D_pmar=0.054_dist=500_repair_6_males=6_nmar=5,6,5
0,4,0,0,70.60756298022754,246.53371336600048,42.92247397369387,0,0,0,743,D_pmar=0.054_dist=500_repair_6_males=6_nmar=5,6,5
0.054,7,0,500,72.32468112360876,236.37358108481808,48.886898474186665,8,0.7999999999999999,1.7155717215788902,743,D_pmar=0.054_dist=500_repair_6_males=6_nmar=5,6,5
0.054,9,500,0,70.26938452484492,255.47508758125835,30.441935415887933,13,1.3,2.702593259154348,743,D_pmar=0.054_dist=500_repair_6_males=6_nmar=5,6,5
0.054,9,500,500,69.88812448148774,232.3046792491084,55.115845272687835,8,0.7999999999999999,1.9809782781849108,743,D_pmar=0.054_dist=500_repair_6_males=6_nmar=5,6,5
0.054,10,1000,0,72.27012234995127,236.68341221609637,48.76463488987224,7,0.7,1.5850031471064714,743,D_pmar=0.054_dist=500_repair_6_males=6_nmar=5,6,5
0.054,15,1000,500,67.96078941325976,233.93429851568865,55.3100217353574,10,1,1.8981481481481477,743,D_pmar=0.054_dist=500_repair_6_males=6_nmar=5,6,5
0.054,11,0,0,70.9012574909218,231.88254688945216,54.521166937190834,11,1.1,1.6585713319415016,744,D_pmar=0.054_dist=500_repair_6_males=6_nmar=5,6,5
0.054,9,0,500,73.13040049841814,216.40631307881912,66.98939851582472,16,1.6000000000000003,2.028412430508553,744,D_pmar=0.054_dist=500_repair_6_males=6_nmar=5,6,5
0.054,12,500,0,70.49919043006823,176.83900880304412,109.95797603778225,11,1.1,1.7546062470653545,744,D_pmar=0.054_dist=500_repair_6_males=6_nmar=5,6,5
0.054,6,500,500,69.19556416700748,220.1955452208966,66.88983698903971,17,1.7000000000000004,2.201356500984951,744,D_pmar=0.054_dist=500_repair_6_males=6_nmar=5,6,5
0,6,1000,0,73.58534275433583,194.71901301802865,91.83192753526278,0,0,0,744,D_pmar=0.054_dist=500_repair_6_males=6_nmar=5,6,5
0.054,10,1000,500,67.19255189360386,252.56780342414356,36.65339192631493,15,1.5000000000000002,2.1818248610171076,744,D_pmar=0.054_dist=500_repair_6_males=6_nmar=5,6,5
0,7,0,0,74.55570927589918,242.97554797681323,42.50838566921154,0,0,0,745,D_pmar=0.054_dist=500_repair_6_males=6_nmar=5,6,5
0.054,7,0,500,71.1059155573078,248.86663299325735,36.388178742520445,12,1.2,2.6083047842818683,745,D_pmar=0.054_dist=500_repair_6_males=6_nmar=5,6,5
0.054,8,500,0,70.56637044674282,248.61459833012455,35.993158849097924,22,2.2000000000000006,2.7006503575901166,745,D_pmar=0.054_dist=500_repair_6_males=6_nmar=5,6,5
0.054,8,500,500,73.59451079700821,167.66063774407368,116.26290443967856,10,1,1.5350395485876096,745,D_pmar=0.054_dist=500_repair_6_males=6_nmar=5,6,5
0.054,7,1000,0,68.37257372617069,210.2817531047368,79.08627135468963,9,0.8999999999999999,1.5795386105902725,745,D_pmar=0.054_dist=500_repair_6_males=6_nmar=5,6,5
0.054,17,1000,500,72.25568437884611,227.62817966099783,57.705781413166626,8,0.7999999999999999,1.617362446414092,745,D_pmar=0.054_dist=500_repair_6_males=6_nmar=5,6,5
0.054,12,0,0,69.8459325745846,220.00262316070572,67.6431810106534,9,0.8999999999999999,1.7866612542609617,746,D_pmar=0.054_dist=500_repair_6_males=6_nmar=5,6,5
0.054,9,0,500,74.62654814558327,275.83804141475093,6.000391390111562,12,1.2,2.3840850736102164,746,D_pmar=0.054_dist=500_repair_6_males=6_nmar=5,6,5
0.054,4,500,0,71.11882894609404,182.5496325182452,103.95546379879104,11,1.1,1.3888888888888886,746,D_pmar=0.054_dist=500_repair_6_males=6_nmar=5,6,5
0.054,10,500,500,73.38834330317961,234.20978187740337,48.754856355480406,15,1.5000000000000002,2.283042060138184,746,D_pmar=0.054_dist=500_repair_6_males=6_nmar=5,6,5
0.054,10,1000,0,71.65680825885562,236.6851419195843,48.863433171792416,8,0.7999999999999999,2.072077928595884,746,D_pmar=0.054_dist=500_repair_6_males=6_nmar=5,6,5
0,9,1000,500,69.86313097588774,235.7005956836082,54.76254596176854,0,0,0,746,D_pmar=0.054_dist=500_repair_6_males=6_nmar=5,6,5
0,12,0,0,70.96706656967373,208.86758035601912,80.28799462286487,0,0,0,747,D_pmar=0.054_dist=500_repair_6_males=6_nmar=5,6,5
0.054,8,0,500,71.73001712327982,187.8192780348892,97.72477970428751,13,1.3,1.6898148148148144,747,D_pmar=0.054_dist=500_repair_6_males=6_nmar=5,6,5
0.054,8,500,0,73.09918482763354,259.2276030293618,24.623699723357664,8,0.7999999999999999,2.3488699964023243,747,D_pmar=0.054_dist=500_repair_6_males=6_nmar=5,6,5
0.054,5,500,500,73.73294216289761,245.9466150365799,36.761995391428165,13,1.3,2.452340867985056,747,D_pmar=0.054_dist=500_repair_6_males=6_nmar=5,6,5
0.054,10,1000,0,71.78123620171911,250.16780953643263,34.265402393843196,13,1.3,2.5283656653800057,747,D_pmar=0.054_dist=500_repair_6_males=6_nmar=5,6,5
0.054,11,1000,500,69.5621876818844,213.94846275417115,74.06740779913875,11,1.1,1.5677759736425425,747,D_pmar=0.054_dist=500_repair_6_males=6_nmar=5,6,5
0.054,5,0,0,68.44752347045984,227.7224747267969,60.8844835313984,12,1.2,2.0627939438011125,748,D_pmar=0.054_dist=500_repair_6_males=6_nmar=5,6,5
0,9,0,500,69.90655915392209,219.34461922059944,70.82522947009598,0,0,0,748,D_pmar=0.054_dist=500_repair_6_males=6_nmar=5,6,5
0.054,15,500,0,70.04279993645578,249.536068283121,36.59435705621034,14,1.4,2.564994372348811,748,D_pmar=0.054_dist=500_repair_6_males=6_nmar=5,6,5
0.054,3,500,500,74.23758517407482,220.59816806467265,60.6625798424384,20,2.0000000000000004,2.607094094619222,748,D_pmar=0.054_dist=500_repair_6_males=6_nmar=5,6,5
0.054,14,1000,0,70.09772290610609,192.76077146398816,94.1776463822327,13,1.3,1.7952858607894449,748,D_pmar=0.054_dist=500_repair_6_males=6_nmar=5,6,5
0.054,8,1000,500,71.4978376670335,194.4315236512487,91.68558395099758,10,1,1.4847716579567345,748,D_pmar=0.054_dist=500_repair_6_males=6_nmar=5,6,5
0,7,0,0,72.44901050908032,202.2683451093881,85.56775679784062,0,0,0,749,D_pmar=0.054_dist=500_repair_6_males=6_nmar=5,6,5
0.054,4,0,500,69.64708610291342,257.4109185940517,30.276627409303984,5,0.5,2.3020664678957465,749,D_pmar=0.054_dist=500_repair_6_males=6_nmar=5,6,5
0.054,14,500,0,70.70809476002518,186.1553874525193,100.744759440403,9,0.8999999999999999,1.506274717867256,749,D_pmar=0.054_dist=500_repair_6_males=6_nmar=5,6,5
0.054,9,500,500,67.96951768426507,234.5901434584482,53.73062161558304,15,1.5000000000000002,2.329186210378475,749,D_pmar=0.054_dist=500_repair_6_males=6_nmar=5,6,5
0.054,9,1000,0,69.9086334350072,231.61316404642085,55.02273863635859,16,1.6000000000000003,2.0148525592671893,749,D_pmar=0.054_dist=500_repair_6_males=6_nmar=5,6,5
0.054,11,1000,500,72.03235495904573,259.25279498932275,24.31943721225006,13,1.3,3.214866921155296,749,D_pmar=0.054_dist=500_repair_6_males=6_nmar=5,6,5
0.054,11,0,0,69.09734408419189,246.2432905881777,42.43244958197876,8,0.7999999999999999,1.538858996866182,74,D_pmar=0.054_dist=500_repair_6_males=6_nmar=5,6,5
0.054,5,0,500,69.23938950064377,250.72442709173268,36.73546854000209,13,1.3,2.0024813380954325,74,D_pmar=0.054_dist=500_repair_6_males=6_nmar=5,6,5
0.054,7,500,0,67.45204931424328,252.31191667167636,36.790399511533025,10,1,2.5229739624991057,74,D_pmar=0.054_dist=500_repair_6_males=6_nmar=5,6,5
0.054,11,500,500,74.62596470000982,215.61331065022105,67.17858320476192,8,0.7999999999999999,1.949379709157324,74,D_pmar=0.054_dist=500_repair_6_males=6_nmar=5,6,5
0.054,7,1000,0,74.0870645256876,239.9721925477985,42.92633143726416,8,0.7999999999999999,2.305508790427008,74,D_pmar=0.054_dist=500_repair_6_males=6_nmar=5,6,5
0,13,1000,500,69.72804844763826,229.2691138068218,61.119294544338786,0,0,0,74,D_pmar=0.054_dist=500_repair_6_males=6_nmar=5,6,5
0.054,11,0,0,68.32918170924387,227.674783384817,60.99926935097615,12,1.2,1.948698291297998,750,D_pmar=0.054_dist=500_repair_6_males=6_nmar=5,6,5
0.054,14,0,500,71.28762342872102,194.65166598713208,91.47197069744963,10,1,1.622015458607997,750,D_pmar=0.054_dist=500_repair_6_males=6_nmar=5,6,5
0.054,8,500,0,71.31915968958133,266.3618571153108,18.459099667205248,12,1.2,2.7425406609768523,750,D_pmar=0.054_dist=500_repair_6_males=6_nmar=5,6,5
0,4,500,500,72.37207152376864,196.252310095215,91.4916744788039,0,0,0,750,D_pmar=0.054_dist=500_repair_6_males=6_nmar=5,6,5
0.054,12,1000,0,70.38272095924863,255.97052481177468,30.312692107932808,14,1.4,2.220555094391558,750,D_pmar=0.054_dist=500_repair_6_males=6_nmar=5,6,5
0.054,5,1000,500,72.67796555972176,235.16628444520157,49.17617832052041,8,0.7999999999999999,2.191790263671205,750,D_pmar=0.054_dist=500_repair_6_males=6_nmar=5,6,5
0.054,7,0,0,69.69994377875985,220.55864491244745,66.99324394302197,10,1,1.7969309490270713,751,D_pmar=0.054_dist=500_repair_6_males=6_nmar=5,6,5
0.054,10,0,500,69.83561410501187,244.81078394214583,42.559538313718946,9,0.8999999999999999,1.92061487843697,751,D_pmar=0.054_dist=500_repair_6_males=6_nmar=5,6,5
0.054,3,500,0,72.7852502261006,247.6306991430617,36.68458554531589,10,1,1.949908980960643,751,D_pmar=0.054_dist=500_repair_6_males=6_nmar=5,6,5
0.054,14,500,500,68.38243337482871,251.6571949965999,36.4964580612456,14,1.4,2.086905762327562,751,D_pmar=0.054_dist=500_repair_6_males=6_nmar=5,6,5
0,12,1000,0,67.58348363110854,239.93471075623816,52.49694505340937,0,0,0,751,D_pmar=0.054_dist=500_repair_6_males=6_nmar=5,6,5
0.054,8,1000,500,75.60213801789867,190.50794587059784,91.41238854319828,11,1.1,1.4616235098085864,751,D_pmar=0.054_dist=500_repair_6_males=6_nmar=5,6,5
0.054,15,0,0,71.2542234533572,212.003413287988,73.61262259074599,13,1.3,2.009235876694984,752,D_pmar=0.054_dist=500_repair_6_males=6_nmar=5,6,5
0.054,10,0,500,70.36996033285743,204.63062500776775,82.09203696888515,12,1.2,1.8101865281564216,752,D_pmar=0.054_dist=500_repair_6_males=6_nmar=5,6,5
0.054,8,500,0,68.54716248569329,250.49586833087255,36.71529858873628,15,1.5000000000000002,2.911614489132417,752,D_pmar=0.054_dist=500_repair_6_males=6_nmar=5,6,5
0.054,6,500,500,69.96602823273172,237.47436662437408,49.25232213956794,11,1.1,2.209321729247147,752,D_pmar=0.054_dist=500_repair_6_males=6_nmar=5,6,5
0.054,8,1000,0,68.331597324073,197.77375357709585,91.79342782500184,8,0.7999999999999999,1.3657407407407405,752,D_pmar=0.054_dist=500_repair_6_males=6_nmar=5,6,5
0,7,1000,500,67.00409559726633,268.8758802873501,24.22873782570872,0,0,0,752,D_pmar=0.054_dist=500_repair_6_males=6_nmar=5,6,5
0.054,8,0,0,69.58508163469578,235.58709221726372,50.85424047715898,19,1.9000000000000008,2.209017437135134,753,D_pmar=0.054_dist=500_repair_6_males=6_nmar=5,6,5
0.054,7,0,500,71.16543050509367,176.37244928410033,109.7371029491701,11,1.1,1.7658396122097657,753,D_pmar=0.054_dist=500_repair_6_males=6_nmar=5,6,5
0.054,5,500,0,70.78987020149506,267.1595362809849,18.350507624143,14,1.4,2.4434119693445573,753,D_pmar=0.054_dist=500_repair_6_males=6_nmar=5,6,5
0,13,500,500,71.92524292355444,227.4960959352378,60.86954765686033,0,0,0,753,D_pmar=0.054_dist=500_repair_6_males=6_nmar=5,6,5
0.054,10,1000,0,72.29118307111254,217.67083392769845,67.3962178870874,12,1.2,1.6274799951241956,753,D_pmar=0.054_dist=500_repair_6_males=6_nmar=5,6,5
0.054,11,1000,500,70.50191989743989,194.89987088770164,91.97695588765104,10,1,1.9149981958647644,753,D_pmar=0.054_dist=500_repair_6_males=6_nmar=5,6,5
0.054,10,0,0,71.35874924640339,203.4109270135336,82.3150340655695,12,1.2,1.768166118306718,754,D_pmar=0.054_dist=500_repair_6_males=6_nmar=5,6,5
0.054,10,0,500,68.26847364704926,234.16442984090244,55.00553554377974,6,0.6,2.0323840248431315,754,D_pmar=0.054_dist=500_repair_6_males=6_nmar=5,6,5
0,8,500,0,68.77102497401621,217.93650907460437,73.33974999158008,0,0,0,754,D_pmar=0.054_dist=500_repair_6_males=6_nmar=5,6,5
0.054,10,500,500,72.4605008101922,222.90020434772623,61.54015414585666,11,1.1,2.116352010907242,754,D_pmar=0.054_dist=500_repair_6_males=6_nmar=5,6,5
0.054,9,1000,0,66.3426510887259,253.8180270640865,36.50729692002808,13,1.3,2.041211571469883,754,D_pmar=0.054_dist=500_repair_6_males=6_nmar=5,6,5
0.054,7,1000,500,71.22793193676156,260.80777678631625,24.041302554889413,13,1.3,2.7051512237280138,754,D_pmar=0.054_dist=500_repair_6_males=6_nmar=5,6,5
0.054,4,0,0,69.78220185564943,244.9410287374108,42.61892115085177,8,0.7999999999999999,1.9467489109483576,755,D_pmar=0.054_dist=500_repair_6_males=6_nmar=5,6,5
0.054,7,0,500,73.2322823122468,210.67544889632632,73.47392613586734,8,0.7999999999999999,1.8219491651041515,755,D_pmar=0.054_dist=500_repair_6_males=6_nmar=5,6,5
0,5,500,0,74.77689315358727,205.9865243027914,79.32020710953199,0,0,0,755,D_pmar=0.054_dist=500_repair_6_males=6_nmar=5,6,5
0.054,18,500,500,60.66305432335875,235.0932470880099,61.25887899818198,11,1.1,2.0363556191777112,755,D_pmar=0.054_dist=500_repair_6_males=6_nmar=5,6,5
0.054,11,1000,0,72.46888840273475,248.1710165197108,36.78391459832493,7,0.7,1.9684041169148865,755,D_pmar=0.054_dist=500_repair_6_males=6_nmar=5,6,5
0.054,9,1000,500,65.92844120885344,263.4753401880701,26.13272001628523,19,1.9000000000000008,2.616986663638021,755,D_pmar=0.054_dist=500_repair_6_males=6_nmar=5,6,5
0.054,2,0,0,72.8253957378796,263.73828292858343,18.294899498287123,10,1,4.211454696044494,756,D_pmar=0.054_dist=500_repair_6_males=6_nmar=5,6,5
0.054,9,0,500,69.18937636191187,250.094574060694,36.573518394818464,14,1.4,2.7478530514370445,756,D_pmar=0.054_dist=500_repair_6_males=6_nmar=5,6,5
0.054,5,500,0,74.66646465249515,167.4176255379288,115.99735593945526,9,0.8999999999999999,1.1223444762555224,756,D_pmar=0.054_dist=500_repair_6_males=6_nmar=5,6,5
0.054,10,500,500,65.42155400901206,237.02201011615855,54.69072864856572,11,1.1,1.8981481481481477,756,D_pmar=0.054_dist=500_repair_6_males=6_nmar=5,6,5
0,9,1000,0,70.67986115981668,252.59991327201925,36.758495224922314,0,0,0,756,D_pmar=0.054_dist=500_repair_6_males=6_nmar=5,6,5
0.054,19,1000,500,71.40277430156942,230.78095612949392,54.96757572540786,8,0.7999999999999999,2.1193599348635193,756,D_pmar=0.054_dist=500_repair_6_males=6_nmar=5,6,5
0.054,2,0,0,72.08109646037755,252.802421640914,30.37662313047608,12,1.2,3.604797685942731,757,D_pmar=0.054_dist=500_repair_6_males=6_nmar=5,6,5
0,15,0,500,69.44670756962304,195.00732932392611,95.74544634886183,0,0,0,757,D_pmar=0.054_dist=500_repair_6_males=6_nmar=5,6,5
0.054,11,500,0,70.13086608611322,219.4796580868636,66.86786909390638,15,1.5000000000000002,2.0756723971831508,757,D_pmar=0.054_dist=500_repair_6_males=6_nmar=5,6,5
0.054,11,500,500,71.41226446058903,237.42131776794295,48.98128857902898,6,0.6,1.7878719439236057,757,D_pmar=0.054_dist=500_repair_6_males=6_nmar=5,6,5
0.054,8,1000,0,69.70802031185546,201.95718121999693,85.71450441917915,9,0.8999999999999999,1.7258414163450004,757,D_pmar=0.054_dist=500_repair_6_males=6_nmar=5,6,5
0.054,7,1000,500,70.52386581464394,255.0750884625166,30.77441736980577,17,1.7000000000000004,2.084297003711634,757,D_pmar=0.054_dist=500_repair_6_males=6_nmar=5,6,5
0.054,5,0,0,74.04987773576892,166.70588342276247,116.90960505851112,10,1,1.3480571291087913,758,D_pmar=0.054_dist=500_repair_6_males=6_nmar=5,6,5
0.054,8,0,500,74.08211547752644,219.9654201039639,62.31268121796809,16,1.6000000000000003,2.161003218965912,758,D_pmar=0.054_dist=500_repair_6_males=6_nmar=5,6,5
0.054,14,500,0,67.15126357468907,234.7104010714902,54.94816752377818,13,1.3,2.012526053170238,758,D_pmar=0.054_dist=500_repair_6_males=6_nmar=5,6,5
0.054,17,500,500,67.61494686609603,233.31149350510796,55.4093595414829,19,1.9000000000000008,1.8981481481481477,758,D_pmar=0.054_dist=500_repair_6_males=6_nmar=5,6,5
0,2,1000,0,72.66606200355268,244.37832470115313,43.03173078040615,0,0,0,758,D_pmar=0.054_dist=500_repair_6_males=6_nmar=5,6,5
0.054,8,1000,500,71.53481545221305,205.7220230883497,80.08638589168501,10,1,1.659687148375809,758,D_pmar=0.054_dist=500_repair_6_males=6_nmar=5,6,5
0.054,4,0,0,69.63867402970456,225.47122117633444,61.28336188435758,11,1.1,2.5217632728364614,759,D_pmar=0.054_dist=500_repair_6_males=6_nmar=5,6,5
0.054,12,0,500,68.70715741886224,239.8019222386411,48.451510661585395,11,1.1,1.939639286194532,759,D_pmar=0.054_dist=500_repair_6_males=6_nmar=5,6,5
0.054,8,500,0,68.37448474833498,227.61700197292635,61.12213332635241,10,1,1.9149981958647644,759,D_pmar=0.054_dist=500_repair_6_males=6_nmar=5,6,5
0.054,10,500,500,69.88271177055518,224.8823718506104,61.31179897992471,16,1.6000000000000003,2.450695779747428,759,D_pmar=0.054_dist=500_repair_6_males=6_nmar=5,6,5
0.054,6,1000,0,67.56125750761525,241.2183737013267,48.44838828003236,12,1.2,1.7525047206597073,759,D_pmar=0.054_dist=500_repair_6_males=6_nmar=5,6,5
0,14,1000,500,72.43827169059081,208.26777698794052,79.41624016948498,0,0,0,759,D_pmar=0.054_dist=500_repair_6_males=6_nmar=5,6,5
0.054,12,0,0,72.02989838092209,234.07187199452517,50.32229873768379,15,1.5000000000000002,2.3771055553193596,75,D_pmar=0.054_dist=500_repair_6_males=6_nmar=5,6,5
0.054,12,0,500,72.49727150241264,252.5407331087128,31.04682301798662,18,1.8000000000000005,2.283042060138185,75,D_pmar=0.054_dist=500_repair_6_males=6_nmar=5,6,5
0.054,7,500,0,68.71774161842966,251.2677362634715,36.7341767916572,12,1.2,2.1904494675455912,75,D_pmar=0.054_dist=500_repair_6_males=6_nmar=5,6,5
0,10,500,500,71.1569147194046,195.50985402374465,93.36759857430148,0,0,0,75,D_pmar=0.054_dist=500_repair_6_males=6_nmar=5,6,5
0.054,6,1000,0,71.62984124076837,194.69272086398013,91.28392600538017,9,0.8999999999999999,1.7184274994791613,75,D_pmar=0.054_dist=500_repair_6_males=6_nmar=5,6,5
0.054,7,1000,500,72.5764696618574,235.85911236975016,48.87143777356463,5,0.5,2.24400753465172,75,D_pmar=0.054_dist=500_repair_6_males=6_nmar=5,6,5
0.054,14,0,0,70.9252446193512,218.75596201941775,66.97699394885862,15,1.5000000000000002,2.2856508187541125,760,D_pmar=0.054_dist=500_repair_6_males=6_nmar=5,6,5
0.054,8,0,500,74.2703417675288,232.85920044810132,49.09051082702609,12,1.2,2.693236440724277,760,D_pmar=0.054_dist=500_repair_6_males=6_nmar=5,6,5
0,4,500,0,68.49420857442556,248.6970184144733,42.826915946085954,0,0,0,760,D_pmar=0.054_dist=500_repair_6_males=6_nmar=5,6,5
0.054,6,500,500,72.4497200919209,241.3889165202984,42.425567451946975,17,1.7000000000000004,2.196066150117798,760,D_pmar=0.054_dist=500_repair_6_males=6_nmar=5,6,5
0.054,8,1000,0,73.23731178103208,211.6633726068361,73.13117132676385,4,0.4,1.7066648625314311,760,D_pmar=0.054_dist=500_repair_6_males=6_nmar=5,6,5
0.054,14,1000,500,75.79585575250752,214.59247078441655,67.28998539221377,8,0.7999999999999999,1.7129629629629626,760,D_pmar=0.054_dist=500_repair_6_males=6_nmar=5,6,5
0.054,6,0,0,72.90939757643476,271.6588302970872,12.212704886097818,11,1.1,2.135094166145829,761,D_pmar=0.054_dist=500_repair_6_males=6_nmar=5,6,5
0,12,0,500,72.73903881428693,185.8763170718194,101.45676360068126,0,0,0,761,D_pmar=0.054_dist=500_repair_6_males=6_nmar=5,6,5
0.054,7,500,0,70.89497776870337,243.38569284797663,43.058421314008555,11,1.1,1.6507802893283503,761,D_pmar=0.054_dist=500_repair_6_males=6_nmar=5,6,5
0.054,5,500,500,68.58124462491713,167.36506292650964,121.61588201566028,9,0.8999999999999999,1.5406562311598155,761,D_pmar=0.054_dist=500_repair_6_males=6_nmar=5,6,5
0.054,10,1000,0,72.29597747484759,271.22273640672864,12.091277736494924,17,1.7000000000000004,2.871464147211645,761,D_pmar=0.054_dist=500_repair_6_males=6_nmar=5,6,5
0.054,14,1000,500,69.5443785409095,251.2279374402478,36.43758533805221,6,0.6,2.3126184151808324,761,D_pmar=0.054_dist=500_repair_6_males=6_nmar=5,6,5
0.054,18,0,0,69.47336604864532,207.1430671156083,79.38483714600599,19,1.9000000000000008,2.1186785170041937,762,D_pmar=0.054_dist=500_repair_6_males=6_nmar=5,6,5
0.054,9,0,500,69.21070474445627,256.138184777811,30.573343742414085,15,1.5000000000000002,2.578684350053142,762,D_pmar=0.054_dist=500_repair_6_males=6_nmar=5,6,5
0.054,8,500,0,74.05600884565963,233.85871840888203,49.38664582572929,7,0.7,2.3257438878472145,762,D_pmar=0.054_dist=500_repair_6_males=6_nmar=5,6,5
0,5,500,500,70.10422952696932,226.64554718114724,63.4259904299026,0,0,0,762,D_pmar=0.054_dist=500_repair_6_males=6_nmar=5,6,5
0.054,6,1000,0,69.03028804308653,219.61049176861692,68.58959999295261,11,1.1,1.7592592592592589,762,D_pmar=0.054_dist=500_repair_6_males=6_nmar=5,6,5
0.054,8,1000,500,69.09336111513001,233.6279987210653,54.6594673865955,6,0.6,2.023759418314648,762,D_pmar=0.054_dist=500_repair_6_males=6_nmar=5,6,5
0.054,5,0,0,72.64581231512108,235.80136247926615,48.87886174461063,9,0.8999999999999999,1.950720505282937,763,D_pmar=0.054_dist=500_repair_6_males=6_nmar=5,6,5
0,7,0,500,67.45002779380572,226.18443165870903,66.36579222928182,0,0,0,763,D_pmar=0.054_dist=500_repair_6_males=6_nmar=5,6,5
0.054,4,500,0,72.76166337159718,235.66357575879312,48.56930769406531,11,1.1,1.9962052772569392,763,D_pmar=0.054_dist=500_repair_6_males=6_nmar=5,6,5
0.054,16,500,500,69.16412084621952,256.94629600728496,30.241210625856297,15,1.5000000000000002,2.2718086949937737,763,D_pmar=0.054_dist=500_repair_6_males=6_nmar=5,6,5
0.054,15,1000,0,71.4289701806685,237.12088655135415,48.81639483612461,8,0.7999999999999999,1.9143167780054389,763,D_pmar=0.054_dist=500_repair_6_males=6_nmar=5,6,5
0.054,7,1000,500,69.27853627476058,208.4441992356364,79.55023951847278,10,1,1.798576037264698,763,D_pmar=0.054_dist=500_repair_6_males=6_nmar=5,6,5
0.054,12,0,0,71.0106986032272,206.6503990724153,79.83673017316436,9,0.8999999999999999,1.6372204180869872,764,D_pmar=0.054_dist=500_repair_6_males=6_nmar=5,6,5
0.054,6,0,500,73.01921221735219,222.8143844841308,61.23602182278671,12,1.2,2.005242242767366,764,D_pmar=0.054_dist=500_repair_6_males=6_nmar=5,6,5
0.054,7,500,0,70.59784064964055,251.32546812542788,34.86372463385366,10,1,2.2331512952546215,764,D_pmar=0.054_dist=500_repair_6_males=6_nmar=5,6,5
0.054,7,500,500,74.37956931899105,239.5048616865305,42.699302438230056,12,1.2,2.4252211255023277,764,D_pmar=0.054_dist=500_repair_6_males=6_nmar=5,6,5
0,11,1000,0,71.39931807140398,215.499476335959,73.10933926033196,0,0,0,764,D_pmar=0.054_dist=500_repair_6_males=6_nmar=5,6,5
0.054,11,1000,500,70.57952410893908,225.14558389995855,60.97967925991892,15,1.5000000000000002,1.9945381494262744,764,D_pmar=0.054_dist=500_repair_6_males=6_nmar=5,6,5
0.054,7,0,0,72.15128514043106,235.68165175396453,48.70521519767283,11,1.1,2.3771055553193596,765,D_pmar=0.054_dist=500_repair_6_males=6_nmar=5,6,5
0.054,12,0,500,71.78399448110572,225.04697106495703,60.75557419386654,9,0.8999999999999999,1.5850031471064716,765,D_pmar=0.054_dist=500_repair_6_males=6_nmar=5,6,5
0.054,5,500,0,69.08897326037821,208.3460913662435,79.60881433828729,14,1.4,1.6636587427103882,765,D_pmar=0.054_dist=500_repair_6_males=6_nmar=5,6,5
0.054,2,500,500,69.56708167679234,243.17471142934792,42.46422185389167,18,1.8000000000000005,3.1146133924125188,765,D_pmar=0.054_dist=500_repair_6_males=6_nmar=5,6,5
0,21,1000,0,70.17722440628458,204.3359475901742,85.52348519770743,0,0,0,765,D_pmar=0.054_dist=500_repair_6_males=6_nmar=5,6,5
0.054,7,1000,500,69.79665676900846,195.92318812089084,91.29623048667324,15,1.5000000000000002,1.665680956695327,765,D_pmar=0.054_dist=500_repair_6_males=6_nmar=5,6,5
0.054,5,0,0,69.90861933852827,256.3431685161837,30.795186239381508,10,1,2.1023357014978576,766,D_pmar=0.054_dist=500_repair_6_males=6_nmar=5,6,5
0.054,10,0,500,70.82887385111286,167.25813381892863,119.41044373130327,9,0.8999999999999999,1.6531067954253027,766,D_pmar=0.054_dist=500_repair_6_males=6_nmar=5,6,5
0,16,500,0,67.2695704239348,219.71241912307903,73.02124921243578,0,0,0,766,D_pmar=0.054_dist=500_repair_6_males=6_nmar=5,6,5
0.054,9,500,500,73.0634915668376,209.8286514002107,73.26437688621813,17,1.7000000000000004,2.223693124810805,766,D_pmar=0.054_dist=500_repair_6_males=6_nmar=5,6,5
0.054,5,1000,0,75.69973661623,244.02252984022223,36.72141342521371,15,1.5000000000000002,2.2400359403171413,766,D_pmar=0.054_dist=500_repair_6_males=6_nmar=5,6,5
0.054,9,1000,500,69.6839349933485,231.3307605838971,55.69985744789706,14,1.4,2.032384024843132,766,D_pmar=0.054_dist=500_repair_6_males=6_nmar=5,6,5
0.054,11,0,0,68.81324451588284,245.60049389314003,42.64453127343618,11,1.1,1.9860877285468357,767,D_pmar=0.054_dist=500_repair_6_males=6_nmar=5,6,5
0.054,5,0,500,69.77805700713716,261.64350150572324,24.2639956493519,15,1.5000000000000002,2.931472460805312,767,D_pmar=0.054_dist=500_repair_6_males=6_nmar=5,6,5
0.054,10,500,0,69.42978695412471,243.20081877973527,43.90587934827752,13,1.3,2.278236901888273,767,D_pmar=0.054_dist=500_repair_6_males=6_nmar=5,6,5
0.054,7,500,500,71.6160676843094,193.58096158127935,92.54103445511794,7,0.7,1.5772121044933205,767,D_pmar=0.054_dist=500_repair_6_males=6_nmar=5,6,5
0.054,8,1000,0,65.91151562066426,205.20323435948012,85.97268949186744,14,1.4,1.6140722699388386,767,D_pmar=0.054_dist=500_repair_6_males=6_nmar=5,6,5
0,13,1000,500,68.2405571511847,225.18116541144775,66.74427539936497,0,0,0,767,D_pmar=0.054_dist=500_repair_6_males=6_nmar=5,6,5
0.054,14,0,0,69.50980310791404,220.79121192029737,67.04061325144224,9,0.8999999999999999,1.9014383246234008,768,D_pmar=0.054_dist=500_repair_6_males=6_nmar=5,6,5
0.054,2,0,500,69.89374981276984,244.4521789438647,42.51380206271739,12,1.2,1.9914001190070276,768,D_pmar=0.054_dist=500_repair_6_males=6_nmar=5,6,5
0.054,5,500,0,72.16653017412592,206.51521491778365,79.15557594122063,7,0.7,1.5155587026620272,768,D_pmar=0.054_dist=500_repair_6_males=6_nmar=5,6,5
0,14,500,500,68.06601210359271,194.94356675659495,97.12437534589112,0,0,0,768,D_pmar=0.054_dist=500_repair_6_males=6_nmar=5,6,5
0.054,10,1000,0,65.74228359107798,242.17731987329037,48.841085857904915,13,1.3,2.001140541969819,768,D_pmar=0.054_dist=500_repair_6_males=6_nmar=5,6,5
0.054,9,1000,500,66.41703186063911,282.32315678024594,6.15478002393993,15,1.5000000000000002,3.6683496740814054,768,D_pmar=0.054_dist=500_repair_6_males=6_nmar=5,6,5
0,14,0,0,71.44769412880459,222.86878388794048,65.787496122575,0,0,0,769,D_pmar=0.054_dist=500_repair_6_males=6_nmar=5,6,5
0.054,8,0,500,68.20636647033469,233.65241850638364,54.912548084797926,10,1,2.234701510263911,769,D_pmar=0.054_dist=500_repair_6_males=6_nmar=5,6,5
0.054,4,500,0,69.92867964237446,256.11622452793404,30.538497006477513,10,1,2.4697201875049912,769,D_pmar=0.054_dist=500_repair_6_males=6_nmar=5,6,5
0.054,12,500,500,71.48532238522186,171.0817406331101,116.0990152993834,2,0.2,1.296296296296296,769,D_pmar=0.054_dist=500_repair_6_males=6_nmar=5,6,5
0.054,6,1000,0,70.5868428129564,266.7702879078715,18.564251128274933,13,1.3,2.8619487039401603,769,D_pmar=0.054_dist=500_repair_6_males=6_nmar=5,6,5
0.054,10,1000,500,69.31813431780036,256.53867217004813,30.477782062561165,17,1.7000000000000004,2.0841448576556276,769,D_pmar=0.054_dist=500_repair_6_males=6_nmar=5,6,5
0.054,12,0,0,70.85313650381065,255.7612968962472,30.327353454340052,9,0.8999999999999999,2.2377094342201884,76,D_pmar=0.054_dist=500_repair_6_males=6_nmar=5,6,5
0.054,8,0,500,72.34361151481868,222.5189965554065,62.30833702962325,11,1.1,1.7298130106795797,76,D_pmar=0.054_dist=500_repair_6_males=6_nmar=5,6,5
0,8,500,0,71.6715386399554,233.6352075251122,54.760764718408375,0,0,0,76,D_pmar=0.054_dist=500_repair_6_males=6_nmar=5,6,5
0.054,8,500,500,72.01190468560709,220.92743548348164,64.47819390878423,7,0.7,1.9423208784457588,76,D_pmar=0.054_dist=500_repair_6_males=6_nmar=5,6,5
0.054,13,1000,0,71.53501878794137,187.97917926669925,97.9393914591604,11,1.1,1.558187696735758,76,D_pmar=0.054_dist=500_repair_6_males=6_nmar=5,6,5
0.054,5,1000,500,69.10358672765106,268.2074846719839,18.24783460786205,17,1.7000000000000004,2.782082418673598,76,D_pmar=0.054_dist=500_repair_6_males=6_nmar=5,6,5
0.054,7,0,0,72.10124156159172,242.6624535343382,42.591143798022046,8,0.7999999999999999,2.0380007074153377,770,D_pmar=0.054_dist=500_repair_6_males=6_nmar=5,6,5
0.054,13,0,500,71.71173911732924,206.42792214668012,79.5387354277467,8,0.7999999999999999,1.6963951677653213,770,D_pmar=0.054_dist=500_repair_6_males=6_nmar=5,6,5
0.054,10,500,0,71.39842680679654,254.82294068451412,30.896354148690996,11,1.1,1.7889877603579136,770,D_pmar=0.054_dist=500_repair_6_males=6_nmar=5,6,5
0.054,7,500,500,72.79949238308643,239.61189420442776,44.62283840297006,10,1,2.0952260767440323,770,D_pmar=0.054_dist=500_repair_6_males=6_nmar=5,6,5
0.054,12,1000,0,73.0173927004568,247.83649950751527,36.50628691729422,10,1,1.7933364804398049,770,D_pmar=0.054_dist=500_repair_6_males=6_nmar=5,6,5
0,5,1000,500,66.37515085243056,248.14357492891875,45.523803285974054,0,0,0,770,D_pmar=0.054_dist=500_repair_6_males=6_nmar=5,6,5
0.054,6,0,0,71.41080835024634,236.1536817080788,48.781909908345064,17,1.7000000000000004,1.9715421473341328,771,D_pmar=0.054_dist=500_repair_6_males=6_nmar=5,6,5
0.054,9,0,500,70.20357598333153,207.66764137732656,79.28469152592929,12,1.2,1.7681661183067177,771,D_pmar=0.054_dist=500_repair_6_males=6_nmar=5,6,5
0,8,500,0,70.76494573727902,202.91752781710355,86.5175777369579,0,0,0,771,D_pmar=0.054_dist=500_repair_6_males=6_nmar=5,6,5
0.054,14,500,500,66.53943412813669,222.53063780743912,68.52155636607982,9,0.8999999999999999,1.6811902082863306,771,D_pmar=0.054_dist=500_repair_6_males=6_nmar=5,6,5
0.054,10,1000,0,70.4454391039951,268.10074998675617,18.110108625345873,11,1.1,2.3148148148148167,771,D_pmar=0.054_dist=500_repair_6_males=6_nmar=5,6,5
0.054,7,1000,500,71.69722777749226,248.424702487102,36.64463398350149,8,0.7999999999999999,2.587236122946327,771,D_pmar=0.054_dist=500_repair_6_males=6_nmar=5,6,5
0,13,0,0,70.17315264554084,229.08169721051863,60.771234815151395,0,0,0,772,D_pmar=0.054_dist=500_repair_6_males=6_nmar=5,6,5
0.054,16,0,500,71.52330608922955,236.3754766554536,49.139096683047136,12,1.2,1.909381513292559,772,D_pmar=0.054_dist=500_repair_6_males=6_nmar=5,6,5
0.054,6,500,0,73.31514224793028,174.2041368444631,109.56293590466046,14,1.4,1.6213340407486714,772,D_pmar=0.054_dist=500_repair_6_males=6_nmar=5,6,5
0.054,9,500,500,70.60186052818919,237.23331303104217,48.89268737719577,15,1.5000000000000002,1.996205277256939,772,D_pmar=0.054_dist=500_repair_6_males=6_nmar=5,6,5
0.054,7,1000,0,71.52322158605777,206.7746937844948,79.57251393372186,7,0.7,1.5502445080666,772,D_pmar=0.054_dist=500_repair_6_males=6_nmar=5,6,5
0.054,3,1000,500,72.0104672610512,265.28179278911796,18.25827700378085,12,1.2,3.2640257102080468,772,D_pmar=0.054_dist=500_repair_6_males=6_nmar=5,6,5
0.054,14,0,0,71.01349603975183,208.45853239302448,78.12422149290997,7,0.7,1.8859290730323972,773,D_pmar=0.054_dist=500_repair_6_males=6_nmar=5,6,5
0.054,8,0,500,68.46780278080614,215.60776344934575,73.09766334979736,11,1.1,2.034029113080759,773,D_pmar=0.054_dist=500_repair_6_males=6_nmar=5,6,5
0.054,6,500,0,71.19620835926524,236.01722895197332,49.01850169964027,14,1.4,2.8526647191453876,773,D_pmar=0.054_dist=500_repair_6_males=6_nmar=5,6,5
0.054,8,500,500,70.99025406563995,242.49725967385388,42.62077449353083,15,1.5000000000000002,2.4592983466828735,773,D_pmar=0.054_dist=500_repair_6_males=6_nmar=5,6,5
0,7,1000,0,66.68164324650466,269.0279188605206,24.29246656874607,0,0,0,773,D_pmar=0.054_dist=500_repair_6_males=6_nmar=5,6,5
0.054,11,1000,500,72.87140562693915,211.39775945492084,73.34048265799206,9,0.8999999999999999,1.5499402159545863,773,D_pmar=0.054_dist=500_repair_6_males=6_nmar=5,6,5
0.054,21,0,0,72.99631608299535,221.81913325283745,62.84262998630499,9,0.8999999999999999,1.6898148148148144,774,D_pmar=0.054_dist=500_repair_6_males=6_nmar=5,6,5
0,9,0,500,68.80649077076086,181.3093988956095,109.89301622328652,0,0,0,774,D_pmar=0.054_dist=500_repair_6_males=6_nmar=5,6,5
0.054,4,500,0,71.45460087843664,242.54555265292575,42.70327642654232,13,1.3,2.1292304642892796,774,D_pmar=0.054_dist=500_repair_6_males=6_nmar=5,6,5
0.054,6,500,500,74.35029238299161,238.42113945853004,43.18750334603178,19,1.9000000000000008,2.322888109946943,774,D_pmar=0.054_dist=500_repair_6_males=6_nmar=5,6,5
0.054,8,1000,0,73.4315597881872,270.6521945702583,12.415617937320254,11,1.1,2.5028116987141984,774,D_pmar=0.054_dist=500_repair_6_males=6_nmar=5,6,5
0.054,6,1000,500,72.95592910409523,202.48365256819957,82.64231126417546,7,0.7,1.4406497217013836,774,D_pmar=0.054_dist=500_repair_6_males=6_nmar=5,6,5
0.054,8,0,0,69.39275819825642,227.02817693419752,60.978737156065314,12,1.2,1.472704728896991,775,D_pmar=0.054_dist=500_repair_6_males=6_nmar=5,6,5
0.054,7,0,500,71.53835133102196,248.2612960280196,36.56027988112013,13,1.3,2.3987828008789265,775,D_pmar=0.054_dist=500_repair_6_males=6_nmar=5,6,5
0.054,15,500,0,71.59668083434897,229.33050071249465,55.22252318018523,14,1.4,2.518777388473221,775,D_pmar=0.054_dist=500_repair_6_males=6_nmar=5,6,5
0,11,500,500,72.09991457333254,231.8201853070784,56.23840797183239,0,0,0,775,D_pmar=0.054_dist=500_repair_6_males=6_nmar=5,6,5
0.054,7,1000,0,71.95709168551363,228.77807576844825,57.08824015240961,5,0.5,1.84555375142032,775,D_pmar=0.054_dist=500_repair_6_males=6_nmar=5,6,5
0.054,6,1000,500,69.70722368004209,197.94898238958493,88.61324907313225,17,1.7000000000000004,2.1039807897354845,775,D_pmar=0.054_dist=500_repair_6_males=6_nmar=5,6,5
0.054,5,0,0,68.52892234413812,173.42595827826497,115.5708391826214,11,1.1,1.435185185185185,776,D_pmar=0.054_dist=500_repair_6_males=6_nmar=5,6,5
0.054,10,0,500,69.44942234222754,210.8443243641495,77.02983170800273,12,1.2,1.5785529006189332,776,D_pmar=0.054_dist=500_repair_6_males=6_nmar=5,6,5
0.054,5,500,0,70.2436539868396,262.32687711659673,24.18810891846134,9,0.8999999999999999,2.6503031545385323,776,D_pmar=0.054_dist=500_repair_6_males=6_nmar=5,6,5
0,6,500,500,72.95824201208345,244.3954419651592,42.80964991188083,0,0,0,776,D_pmar=0.054_dist=500_repair_6_males=6_nmar=5,6,5
0.054,16,1000,0,68.14642204269926,239.2511428959413,48.77386791176312,16,1.6000000000000003,2.2364414717298744,776,D_pmar=0.054_dist=500_repair_6_males=6_nmar=5,6,5
0.054,12,1000,500,67.39840292515565,231.16515111759009,57.5444373028113,13,1.3,2.60671696887191,776,D_pmar=0.054_dist=500_repair_6_males=6_nmar=5,6,5
0.054,15,0,0,68.77620773938368,209.04859890125485,78.99251695945246,16,1.6000000000000003,1.8240506915097985,777,D_pmar=0.054_dist=500_repair_6_males=6_nmar=5,6,5
0.054,8,0,500,71.46335934623701,237.3016248382443,48.50494929479572,9,0.8999999999999999,1.8579757666343375,777,D_pmar=0.054_dist=500_repair_6_males=6_nmar=5,6,5
0.054,9,500,0,71.03641686485071,230.6177755954239,54.685193122276054,16,1.6000000000000003,2.1494655617094867,777,D_pmar=0.054_dist=500_repair_6_males=6_nmar=5,6,5
0.054,10,500,500,68.591643993734,221.5850214570376,66.91533034116782,12,1.2,1.737074781489412,777,D_pmar=0.054_dist=500_repair_6_males=6_nmar=5,6,5
0,9,1000,0,70.62125305542433,222.4228555857542,67.17025295776416,0,0,0,777,D_pmar=0.054_dist=500_repair_6_males=6_nmar=5,6,5
0.054,3,1000,500,68.73412615161777,221.152504863773,67.04116941009411,10,1,2.0988205453312987,777,D_pmar=0.054_dist=500_repair_6_males=6_nmar=5,6,5
0,11,0,0,70.01956747261825,253.58277205819388,36.48080706761543,0,0,0,778,D_pmar=0.054_dist=500_repair_6_males=6_nmar=5,6,5
0.054,6,0,500,67.98674737597167,263.66109519717077,24.16110478628408,16,1.6000000000000003,2.686126815970451,778,D_pmar=0.054_dist=500_repair_6_males=6_nmar=5,6,5
0.054,7,500,0,72.42684614254699,223.2253776037249,61.28714325511506,8,0.7999999999999999,2.279070465803605,778,D_pmar=0.054_dist=500_repair_6_males=6_nmar=5,6,5
0.054,12,500,500,73.34130001681841,209.37973388668544,73.42196020854315,16,1.6000000000000003,2.311502598746525,778,D_pmar=0.054_dist=500_repair_6_males=6_nmar=5,6,5
0.054,8,1000,0,68.78352446030476,214.7960369279627,73.73455713121297,9,0.8999999999999999,1.8951402241918696,778,D_pmar=0.054_dist=500_repair_6_males=6_nmar=5,6,5
0.054,10,1000,500,67.52129593167086,204.65525366530855,85.3343176294143,9,0.8999999999999999,1.7698112065443443,778,D_pmar=0.054_dist=500_repair_6_males=6_nmar=5,6,5
0.054,12,0,0,70.61472676476015,212.43862352475065,73.53721165877367,17,1.7000000000000004,1.7415756476273097,779,D_pmar=0.054_dist=500_repair_6_males=6_nmar=5,6,5
0,13,0,500,69.29135034609916,218.80739016159987,72.07152699207833,0,0,0,779,D_pmar=0.054_dist=500_repair_6_males=6_nmar=5,6,5
0.054,9,500,0,66.04000359345167,235.53333936643557,56.64657379884236,9,0.8999999999999999,1.6284436655024963,779,D_pmar=0.054_dist=500_repair_6_males=6_nmar=5,6,5
0.054,9,500,500,72.0950999743142,187.8510490243717,98.0804112220951,6,0.6,1.392179065364142,779,D_pmar=0.054_dist=500_repair_6_males=6_nmar=5,6,5
0.054,5,1000,0,70.85192975934879,229.9695317031655,55.21725741837759,16,1.6000000000000003,2.412624924639265,779,D_pmar=0.054_dist=500_repair_6_males=6_nmar=5,6,5
0.054,6,1000,500,72.06463622959598,271.7057777895939,12.199527375500876,13,1.3,2.7506359957020163,779,D_pmar=0.054_dist=500_repair_6_males=6_nmar=5,6,5
0.054,12,0,0,71.14391667243022,230.70956842402393,54.991641183171936,15,1.5000000000000002,1.8161075028406408,77,D_pmar=0.054_dist=500_repair_6_males=6_nmar=5,6,5
0.054,5,0,500,68.25419531654896,240.0265256968227,48.80665345000227,9,0.8999999999999999,2.228121157313404,77,D_pmar=0.054_dist=500_repair_6_males=6_nmar=5,6,5
0,8,500,0,73.23200081441075,253.9012525865694,33.01666429221882,0,0,0,77,D_pmar=0.054_dist=500_repair_6_males=6_nmar=5,6,5
0.054,11,500,500,70.43815509673213,208.19635538914824,79.13024734751386,8,0.7999999999999999,1.5128550708177628,77,D_pmar=0.054_dist=500_repair_6_males=6_nmar=5,6,5
0.054,8,1000,0,68.80772639408353,203.08222013879455,85.53007631268298,11,1.1,1.6316037355147812,77,D_pmar=0.054_dist=500_repair_6_males=6_nmar=5,6,5
0.054,10,1000,500,76.9346187886398,236.92072123365213,42.945868818375075,14,1.4,1.8749999999999996,77,D_pmar=0.054_dist=500_repair_6_males=6_nmar=5,6,5
0,6,0,0,71.74855960153536,203.568367339354,84.85705016361997,0,0,0,780,D_pmar=0.054_dist=500_repair_6_males=6_nmar=5,6,5
0.054,9,0,500,70.3349530704849,201.25201809458335,85.60998283204239,12,1.2,1.6348939119900348,780,D_pmar=0.054_dist=500_repair_6_males=6_nmar=5,6,5
0.054,9,500,0,74.28530488210329,239.50455304725577,42.937618964789905,10,1,2.4399696468132976,780,D_pmar=0.054_dist=500_repair_6_males=6_nmar=5,6,5
0.054,9,500,500,69.89464753705198,243.65446336230193,42.64044627842159,13,1.3,2.5624428865605524,780,D_pmar=0.054_dist=500_repair_6_males=6_nmar=5,6,5
0.054,8,1000,0,66.81026521037526,235.43337756972485,54.829008050121374,13,1.3,1.6435185185185182,780,D_pmar=0.054_dist=500_repair_6_males=6_nmar=5,6,5
0.054,13,1000,500,72.67014766058718,213.07250213383625,70.71335486157396,15,1.5000000000000002,2.1368914004394624,780,D_pmar=0.054_dist=500_repair_6_males=6_nmar=5,6,5
0,15,0,0,71.44300750923094,195.167945156104,93.45113028263631,0,0,0,781,D_pmar=0.054_dist=500_repair_6_males=6_nmar=5,6,5
0.054,12,0,500,71.36833823284243,201.1682186135389,85.4260217884973,9,0.8999999999999999,1.2476734939030474,781,D_pmar=0.054_dist=500_repair_6_males=6_nmar=5,6,5
0.054,6,500,0,69.12892766200974,256.5681041039998,30.525564219958373,11,1.1,2.7301914793981346,781,D_pmar=0.054_dist=500_repair_6_males=6_nmar=5,6,5
0.054,12,500,500,68.27693557381654,249.4712583119143,36.99745440414003,21,2.1000000000000005,3.2254188684403826,781,D_pmar=0.054_dist=500_repair_6_males=6_nmar=5,6,5
0.054,7,1000,0,72.84698671417883,206.31471485184315,78.10369574898071,13,1.3,1.464761540227833,781,D_pmar=0.054_dist=500_repair_6_males=6_nmar=5,6,5
0.054,2,1000,500,74.98796304192405,221.38103705489436,60.94946887733109,10,1,1.7217176759544148,781,D_pmar=0.054_dist=500_repair_6_males=6_nmar=5,6,5
0,7,0,0,69.68456255467673,186.5339540058689,103.7895041919948,0,0,0,782,D_pmar=0.054_dist=500_repair_6_males=6_nmar=5,6,5
0.054,12,0,500,69.148695269622,256.6902069111615,30.4034022988226,18,1.8000000000000005,2.0552278808792672,782,D_pmar=0.054_dist=500_repair_6_males=6_nmar=5,6,5
0.054,11,500,0,72.27164635435679,223.43218517774164,61.84647139452582,8,0.7999999999999999,1.7354296932517848,782,D_pmar=0.054_dist=500_repair_6_males=6_nmar=5,6,5
0.054,9,500,500,73.37882196540802,222.28960033730937,61.41931231647045,11,1.1,2.1107353283350356,782,D_pmar=0.054_dist=500_repair_6_males=6_nmar=5,6,5
0.054,5,1000,0,69.33554125303432,245.07850633287225,42.54795507494043,11,1.1,2.205654427024582,782,D_pmar=0.054_dist=500_repair_6_males=6_nmar=5,6,5
0.054,10,1000,500,72.94490386017978,223.28764543961492,61.20489084709428,12,1.2,1.567623827586536,782,D_pmar=0.054_dist=500_repair_6_males=6_nmar=5,6,5
0.054,11,0,0,71.57566288374039,242.7714035311662,43.067749931939325,10,1,1.6970765856246468,783,D_pmar=0.054_dist=500_repair_6_males=6_nmar=5,6,5
0.054,2,0,500,70.16622909913256,274.27570159896436,12.123477331810044,8,0.7999999999999999,2.803794897467794,783,D_pmar=0.054_dist=500_repair_6_males=6_nmar=5,6,5
0.054,10,500,0,69.83427782682887,190.8468776274176,97.48120590129145,6,0.6,1.332322897826482,783,D_pmar=0.054_dist=500_repair_6_males=6_nmar=5,6,5
0.054,14,500,500,68.42466479363601,258.3086254997274,30.075612195533857,11,1.1,2.2045386105902742,783,D_pmar=0.054_dist=500_repair_6_males=6_nmar=5,6,5
0.054,8,1000,0,68.28043720337081,258.52940099046145,29.365620467406092,16,1.6000000000000003,2.354356572511562,783,D_pmar=0.054_dist=500_repair_6_males=6_nmar=5,6,5
0,9,1000,500,66.75620713678047,195.51513417634897,97.76300755827576,0,0,0,783,D_pmar=0.054_dist=500_repair_6_males=6_nmar=5,6,5
0.054,14,0,0,70.47925083230595,189.17289962516085,97.6400784738136,11,1.1,1.6157173581764652,784,D_pmar=0.054_dist=500_repair_6_males=6_nmar=5,6,5
0.054,10,0,500,67.95733214325575,234.3899284832491,54.84179888770688,9,0.8999999999999999,1.957170751770475,784,D_pmar=0.054_dist=500_repair_6_males=6_nmar=5,6,5
0,4,500,0,71.64926017310098,239.41204669793095,48.95900809665136,0,0,0,784,D_pmar=0.054_dist=500_repair_6_males=6_nmar=5,6,5
0.054,8,500,500,69.75083621509164,249.44690173189488,38.00324436008428,9,0.8999999999999999,1.8991118185264488,784,D_pmar=0.054_dist=500_repair_6_males=6_nmar=5,6,5
0.054,14,1000,0,71.34300037303055,200.54526472275865,85.45136990745034,14,1.4,1.6451636067561448,784,D_pmar=0.054_dist=500_repair_6_males=6_nmar=5,6,5
0.054,4,1000,500,69.55763816417414,255.78539971325463,30.31195003338021,16,1.6000000000000003,2.885553290256328,784,D_pmar=0.054_dist=500_repair_6_males=6_nmar=5,6,5
0.054,8,0,0,70.28516015234621,214.45622070436065,72.87204450298462,8,0.7999999999999999,1.6952793513310132,785,D_pmar=0.054_dist=500_repair_6_males=6_nmar=5,6,5
0,19,0,500,68.920386700727,242.52686622375896,48.698678399706615,0,0,0,785,D_pmar=0.054_dist=500_repair_6_males=6_nmar=5,6,5
0.054,7,500,0,70.88271152114672,230.03628704797276,55.34170694100628,13,1.3,2.537671689767815,785,D_pmar=0.054_dist=500_repair_6_males=6_nmar=5,6,5
0.054,3,500,500,70.52090797346759,234.25500932061564,52.721339326865674,9,0.8999999999999999,1.8506919562314672,785,D_pmar=0.054_dist=500_repair_6_males=6_nmar=5,6,5
0.054,10,1000,0,69.03880713860461,233.19990903918384,54.914087881181366,12,1.2,1.6547518836629296,785,D_pmar=0.054_dist=500_repair_6_males=6_nmar=5,6,5
0.054,7,1000,500,72.11161530587796,254.68294727391657,30.335807600821287,10,1,1.9622581625393616,785,D_pmar=0.054_dist=500_repair_6_males=6_nmar=5,6,5
0,6,0,0,69.80568790213192,224.62290870461047,65.74492964415471,0,0,0,786,D_pmar=0.054_dist=500_repair_6_males=6_nmar=5,6,5
0.054,10,0,500,69.92083015007783,232.14055707220868,55.11834554321439,10,1,1.8749999999999996,786,D_pmar=0.054_dist=500_repair_6_males=6_nmar=5,6,5
0.054,8,500,0,70.2607541696632,231.18843089844577,54.928189344271146,16,1.6000000000000003,2.142508083011668,786,D_pmar=0.054_dist=500_repair_6_males=6_nmar=5,6,5
0.054,11,500,500,67.00514663163312,240.51229976946613,48.82428700771245,16,1.6000000000000003,2.2433261167923946,786,D_pmar=0.054_dist=500_repair_6_males=6_nmar=5,6,5
0.054,13,1000,0,75.08150052935729,221.14684327734892,61.16984806234169,9,0.8999999999999999,1.8032290494586027,786,D_pmar=0.054_dist=500_repair_6_males=6_nmar=5,6,5
0.054,6,1000,500,68.93331053268855,208.8738296196325,79.4888977075742,9,0.8999999999999999,1.9715421473341328,786,D_pmar=0.054_dist=500_repair_6_males=6_nmar=5,6,5
0.054,8,0,0,70.17213835298186,244.2034146132474,42.888655292993306,10,1,1.9070550071956067,787,D_pmar=0.054_dist=500_repair_6_males=6_nmar=5,6,5
0,12,0,500,69.40847807643513,235.86465527423061,54.829918263752035,0,0,0,787,D_pmar=0.054_dist=500_repair_6_males=6_nmar=5,6,5
0.054,12,500,0,68.6056193705666,239.25509558717192,48.526920256400274,13,1.3,2.4252211255023273,787,D_pmar=0.054_dist=500_repair_6_males=6_nmar=5,6,5
0.054,2,500,500,71.17184391800183,242.5446563262003,42.79279718369778,12,1.2,2.3508193767519643,787,D_pmar=0.054_dist=500_repair_6_males=6_nmar=5,6,5
0.054,10,1000,0,72.25740710633387,163.0932262729856,122.0500687095726,12,1.2,1.4831265697191078,787,D_pmar=0.054_dist=500_repair_6_males=6_nmar=5,6,5
0.054,10,1000,500,73.07584478032626,231.56813415012033,52.185681154284914,13,1.3,2.0689398981766365,787,D_pmar=0.054_dist=500_repair_6_males=6_nmar=5,6,5
0.054,8,0,0,73.02331484791198,192.62613325716805,91.5469567356686,11,1.1,1.76022292963756,788,D_pmar=0.054_dist=500_repair_6_males=6_nmar=5,6,5
0.054,11,0,500,66.84735728045017,222.99445716062215,67.04971893886103,13,1.3,1.8263771976067509,788,D_pmar=0.054_dist=500_repair_6_males=6_nmar=5,6,5
0,8,500,0,70.02762114793661,247.39052523980368,42.65437958090755,0,0,0,788,D_pmar=0.054_dist=500_repair_6_males=6_nmar=5,6,5
0.054,7,500,500,71.06552719021907,242.91042384727737,42.61830279892284,14,1.4,2.0833333333333335,788,D_pmar=0.054_dist=500_repair_6_males=6_nmar=5,6,5
0.054,14,1000,0,68.94602881281861,213.41506897574072,73.21232447549599,22,2.2000000000000006,2.251269305461553,788,D_pmar=0.054_dist=500_repair_6_males=6_nmar=5,6,5
0.054,6,1000,500,72.81005895326267,187.5648198447667,97.52571961102248,8,0.7999999999999999,1.3075296614407073,788,D_pmar=0.054_dist=500_repair_6_males=6_nmar=5,6,5
0.054,9,0,0,70.81425028288089,232.00307473337244,55.10442001349361,5,0.5,1.5939100061539302,789,D_pmar=0.054_dist=500_repair_6_males=6_nmar=5,6,5
0,12,0,500,66.82212541281514,207.57988996099067,85.73785397446078,0,0,0,789,D_pmar=0.054_dist=500_repair_6_males=6_nmar=5,6,5
0.054,12,500,0,69.21499402510918,244.16795153414927,42.80532042888325,16,1.6000000000000003,2.3080602762152647,789,D_pmar=0.054_dist=500_repair_6_males=6_nmar=5,6,5
0.054,5,500,500,71.1308427057137,236.46897942683947,48.90922718089532,14,1.4,2.2529143936991796,789,D_pmar=0.054_dist=500_repair_6_males=6_nmar=5,6,5
0.054,11,1000,0,75.75808216793604,239.76447934419355,41.36171373701865,13,1.3,1.9245864727715492,789,D_pmar=0.054_dist=500_repair_6_males=6_nmar=5,6,5
0.054,5,1000,500,74.45778465044643,202.9108982879561,79.52841291277984,10,1,2.1937396440208445,789,D_pmar=0.054_dist=500_repair_6_males=6_nmar=5,6,5
0,7,0,0,69.93898823361518,239.02045404888025,51.05181232370556,0,0,0,78,D_pmar=0.054_dist=500_repair_6_males=6_nmar=5,6,5
0.054,10,0,500,69.47364664438683,213.60929523839297,73.35866080508244,12,1.2,2.513160705901016,78,D_pmar=0.054_dist=500_repair_6_males=6_nmar=5,6,5
0.054,15,500,0,70.61013150736076,207.2176548833661,79.3539794610847,12,1.2,1.7506346527307752,78,D_pmar=0.054_dist=500_repair_6_males=6_nmar=5,6,5
0.054,7,500,500,71.2287998155059,212.19969706990395,72.88317919080039,13,1.3,2.454667374082007,78,D_pmar=0.054_dist=500_repair_6_males=6_nmar=5,6,5
0.054,6,1000,0,73.946936399761,251.91414160082428,30.571996644767022,14,1.4,2.2557701715994503,78,D_pmar=0.054_dist=500_repair_6_males=6_nmar=5,6,5
0.054,9,1000,500,73.80794209916155,226.44066498388676,56.98763778825269,10,1,1.791162120398859,78,D_pmar=0.054_dist=500_repair_6_males=6_nmar=5,6,5
0.054,11,0,0,67.77033494629245,180.75417760045715,109.70992140575746,7,0.7,1.1630240899796127,790,D_pmar=0.054_dist=500_repair_6_males=6_nmar=5,6,5
0.054,10,0,500,66.87177040499094,245.75109448036756,43.11589658523857,17,1.7000000000000004,2.5834166746677556,790,D_pmar=0.054_dist=500_repair_6_males=6_nmar=5,6,5
0.054,9,500,0,74.50744621207721,218.098675610742,64.43927187701881,13,1.3,1.7361111111111107,790,D_pmar=0.054_dist=500_repair_6_males=6_nmar=5,6,5
0.054,7,500,500,72.57951898548463,216.57971422290956,67.44946646183908,11,1.1,2.295311929296195,790,D_pmar=0.054_dist=500_repair_6_males=6_nmar=5,6,5
0,4,1000,0,71.96616221877237,219.5633420087568,68.54350879505625,0,0,0,790,D_pmar=0.054_dist=500_repair_6_males=6_nmar=5,6,5
0.054,13,1000,500,70.07836202967557,267.52490287013313,18.503457480962748,14,1.4,2.698875162889522,790,D_pmar=0.054_dist=500_repair_6_males=6_nmar=5,6,5
0.054,15,0,0,72.08208908738406,260.5358132303552,24.369222757182985,11,1.1,2.0760495229304627,791,D_pmar=0.054_dist=500_repair_6_males=6_nmar=5,6,5
0.054,6,0,500,72.93805248095418,259.5728453225039,24.42545717079102,10,1,2.1920725161901795,791,D_pmar=0.054_dist=500_repair_6_males=6_nmar=5,6,5
0.054,11,500,0,69.6972917218573,250.4855022456204,36.50041461673314,13,1.3,2.2359121999265557,791,D_pmar=0.054_dist=500_repair_6_males=6_nmar=5,6,5
0.054,9,500,500,71.90725025093946,230.99263271833308,54.01663516021973,13,1.3,1.8048741376962296,791,D_pmar=0.054_dist=500_repair_6_males=6_nmar=5,6,5
0,9,1000,0,73.48759235357119,206.92645156225444,79.75052648065972,0,0,0,791,D_pmar=0.054_dist=500_repair_6_males=6_nmar=5,6,5
0.054,4,1000,500,69.0641383129781,179.9195215925014,108.99210609321206,7,0.7,1.328351303491903,791,D_pmar=0.054_dist=500_repair_6_males=6_nmar=5,6,5
0.054,8,0,0,67.82957628626342,240.5678649986972,48.488011689774595,13,1.3,1.9341747496783337,792,D_pmar=0.054_dist=500_repair_6_males=6_nmar=5,6,5
0,7,0,500,68.72402668238824,213.25065659906875,78.03408782310719,0,0,0,792,D_pmar=0.054_dist=500_repair_6_males=6_nmar=5,6,5
0.054,13,500,0,70.19728751812114,256.71780333180664,30.52948869052924,6,0.6,2.032891257053413,792,D_pmar=0.054_dist=500_repair_6_males=6_nmar=5,6,5
0.054,10,500,500,69.8087115846174,243.9260589645633,42.78164506619163,15,1.5000000000000002,2.0036191941227783,792,D_pmar=0.054_dist=500_repair_6_males=6_nmar=5,6,5
0.054,10,1000,0,75.27030805474708,220.45890480939843,61.475972422328304,8,0.7999999999999999,2.0036191941227783,792,D_pmar=0.054_dist=500_repair_6_males=6_nmar=5,6,5
0.054,6,1000,500,69.19544666067493,219.7550124414803,67.75350485442989,12,1.2,2.1257881417580196,792,D_pmar=0.054_dist=500_repair_6_males=6_nmar=5,6,5
0.054,7,0,0,68.3321697638448,269.2388715270364,18.664149892277145,13,1.3,2.551738793219461,793,D_pmar=0.054_dist=500_repair_6_males=6_nmar=5,6,5
0.054,12,0,500,69.57609317587978,231.9248421806403,55.10635969956132,13,1.3,2.106481481481482,793,D_pmar=0.054_dist=500_repair_6_males=6_nmar=5,6,5
0.054,13,500,0,72.24652996337431,223.30139160770577,61.59751627457122,6,0.6,2.3071538786646335,793,D_pmar=0.054_dist=500_repair_6_males=6_nmar=5,6,5
0.054,8,500,500,68.90133767252081,251.0243820846766,36.863435941834865,13,1.3,1.93581983791596,793,D_pmar=0.054_dist=500_repair_6_males=6_nmar=5,6,5
0,4,1000,0,71.7988711280255,202.47555498433775,85.84890622800853,0,0,0,793,D_pmar=0.054_dist=500_repair_6_males=6_nmar=5,6,5
0.054,10,1000,500,67.87395238054444,216.25797876545116,73.19059919140037,9,0.8999999999999999,1.7951337147334383,793,D_pmar=0.054_dist=500_repair_6_males=6_nmar=5,6,5
0.054,10,0,0,73.6160185882498,246.0762764923363,36.76361303166968,14,1.4,2.2106625253727605,794,D_pmar=0.054_dist=500_repair_6_males=6_nmar=5,6,5
0.054,8,0,500,71.39661769913988,199.0068336521859,86.0205270796047,21,2.1000000000000005,1.6005123986974754,794,D_pmar=0.054_dist=500_repair_6_males=6_nmar=5,6,5
0.054,10,500,0,69.93067039547404,195.39669614931856,91.73976878451803,15,1.5000000000000002,1.5277777777777777,794,D_pmar=0.054_dist=500_repair_6_males=6_nmar=5,6,5
0.054,12,500,500,71.53339215899601,199.99944415846505,86.13664489020722,9,0.8999999999999999,1.5246177077654928,794,D_pmar=0.054_dist=500_repair_6_males=6_nmar=5,6,5
0.054,3,1000,0,70.80837995775951,248.65657516936992,36.81236262487979,14,1.4,2.3415353919571924,794,D_pmar=0.054_dist=500_repair_6_males=6_nmar=5,6,5
0,11,1000,500,72.71717048021385,177.97887404279243,109.47922145537186,0,0,0,794,D_pmar=0.054_dist=500_repair_6_males=6_nmar=5,6,5
0,7,0,0,67.85322536859442,219.35808064343465,72.98839591835964,0,0,0,795,D_pmar=0.054_dist=500_repair_6_males=6_nmar=5,6,5
0.054,3,0,500,71.08020689432908,194.8476216724355,92.1752987425228,8,0.7999999999999999,1.374343307676186,795,D_pmar=0.054_dist=500_repair_6_males=6_nmar=5,6,5
0.054,13,500,0,67.89900122146261,240.01314686076915,49.220049972516286,10,1,1.9260794149531688,795,D_pmar=0.054_dist=500_repair_6_males=6_nmar=5,6,5
0.054,10,500,500,69.93899562099158,237.9701127939892,48.851427315976856,12,1.2,2.0555321729912803,795,D_pmar=0.054_dist=500_repair_6_males=6_nmar=5,6,5
0.054,13,1000,0,72.00656113434178,253.8412613351467,30.65732685438948,16,1.6000000000000003,2.197559092299417,795,D_pmar=0.054_dist=500_repair_6_males=6_nmar=5,6,5
0.054,8,1000,500,70.60076092353849,223.5895298915765,62.89144639627254,13,1.3,1.6620136544727615,795,D_pmar=0.054_dist=500_repair_6_males=6_nmar=5,6,5
0.054,11,0,0,71.0805378140373,223.0966531618446,61.84976826676554,15,1.5000000000000002,2.528894937183326,796,D_pmar=0.054_dist=500_repair_6_males=6_nmar=5,6,5
0.054,15,0,500,72.11076310349489,193.7300487361093,91.30500813956525,14,1.4,1.4599784215709597,796,D_pmar=0.054_dist=500_repair_6_males=6_nmar=5,6,5
0.054,8,500,0,71.31591310402392,242.3672119909888,43.06214589791239,13,1.3,1.976499451640051,796,D_pmar=0.054_dist=500_repair_6_males=6_nmar=5,6,5
0,8,500,500,71.40631971527921,258.2201339238912,30.63927534926928,0,0,0,796,D_pmar=0.054_dist=500_repair_6_males=6_nmar=5,6,5
0.054,2,1000,0,71.16563673594007,194.9644502439242,91.82139644611996,7,0.7,1.4120370370370368,796,D_pmar=0.054_dist=500_repair_6_males=6_nmar=5,6,5
0.054,10,1000,500,70.29831758362388,231.42658687272856,54.96703897031112,13,1.3,2.037167143500005,796,D_pmar=0.054_dist=500_repair_6_males=6_nmar=5,6,5
0.054,5,0,0,71.77467611455482,253.97584058830404,30.565286305714977,12,1.2,2.547085781025555,797,D_pmar=0.054_dist=500_repair_6_males=6_nmar=5,6,5
0.054,9,0,500,70.95621467528949,242.73287268496932,42.681667707604866,10,1,2.6401348117861683,797,D_pmar=0.054_dist=500_repair_6_males=6_nmar=5,6,5
0.054,14,500,0,72.50369895637407,193.3076058693589,91.57703183009178,13,1.3,1.6316037355147812,797,D_pmar=0.054_dist=500_repair_6_males=6_nmar=5,6,5
0.054,10,500,500,70.27908752264607,227.06898003173663,59.87031765689685,8,0.7999999999999999,2.053887084753654,797,D_pmar=0.054_dist=500_repair_6_males=6_nmar=5,6,5
0.054,7,1000,0,70.16009061087915,220.10265409607385,67.31002076612502,11,1.1,1.6274799951241954,797,D_pmar=0.054_dist=500_repair_6_males=6_nmar=5,6,5
0,9,1000,500,69.95745552421224,256.15480854034803,33.944994945430444,0,0,0,797,D_pmar=0.054_dist=500_repair_6_males=6_nmar=5,6,5
0.054,7,0,0,70.17654899956723,238.35196052372635,48.66702335482787,11,1.1,1.8211156011888192,798,D_pmar=0.054_dist=500_repair_6_males=6_nmar=5,6,5
0.054,16,0,500,71.04099704285802,207.6762781684068,78.83192066117742,10,1,1.641192012421566,798,D_pmar=0.054_dist=500_repair_6_males=6_nmar=5,6,5
0.054,6,500,0,69.74371739739222,200.858351663824,87.50699563632074,4,0.4,1.621334040748671,798,D_pmar=0.054_dist=500_repair_6_males=6_nmar=5,6,5
0,13,500,500,67.15209683074028,230.94906182734013,61.93288499761503,0,0,0,798,D_pmar=0.054_dist=500_repair_6_males=6_nmar=5,6,5
0.054,9,1000,0,69.97624567968495,231.1160272584796,54.94167883378357,22,2.2000000000000006,1.795133714733438,798,D_pmar=0.054_dist=500_repair_6_males=6_nmar=5,6,5
0.054,3,1000,500,69.29214974326216,256.39525295279026,30.465637733872025,14,1.4,2.6153415754003935,798,D_pmar=0.054_dist=500_repair_6_males=6_nmar=5,6,5
0.054,13,0,0,70.0117030274623,250.05372923460163,36.73397178327035,12,1.2,2.0155339771265153,799,D_pmar=0.054_dist=500_repair_6_males=6_nmar=5,6,5
0.054,5,0,500,68.23874149991518,210.12179528363615,79.79311414425062,6,0.6,1.3306778095888554,799,D_pmar=0.054_dist=500_repair_6_males=6_nmar=5,6,5
0.054,7,500,0,70.98809677840458,213.40198882569732,73.1166645009919,9,0.8999999999999999,1.6732470196171727,799,D_pmar=0.054_dist=500_repair_6_males=6_nmar=5,6,5
0.054,11,500,500,67.45263684023449,252.8354513289602,36.39017363448153,11,1.1,2.365364957964667,799,D_pmar=0.054_dist=500_repair_6_males=6_nmar=5,6,5
0,8,1000,0,70.65220029667417,253.13005060696636,36.478310787997216,0,0,0,799,D_pmar=0.054_dist=500_repair_6_males=6_nmar=5,6,5
0.054,10,1000,500,72.87777176093267,235.9821289954272,48.43888630762035,13,1.3,1.544171387326374,799,D_pmar=0.054_dist=500_repair_6_males=6_nmar=5,6,5
0.054,7,0,0,76.06863097072758,204.0558243188082,77.1764973756692,10,1,1.7736306548229166,79,D_pmar=0.054_dist=500_repair_6_males=6_nmar=5,6,5
0.054,10,0,500,69.97912837961887,255.5116425080415,30.56744529134393,14,1.4,2.5465785488152743,79,D_pmar=0.054_dist=500_repair_6_males=6_nmar=5,6,5
0,5,500,0,69.02197347419832,234.5762082561185,56.47890494952946,0,0,0,79,D_pmar=0.054_dist=500_repair_6_males=6_nmar=5,6,5
0.054,10,500,500,72.25731643743399,191.62692815611317,93.1950950271055,11,1.1,1.852359084062132,79,D_pmar=0.054_dist=500_repair_6_males=6_nmar=5,6,5
0.054,10,1000,0,70.97834036021258,243.2147028922397,42.97308131123463,11,1.1,1.7777543952135024,79,D_pmar=0.054_dist=500_repair_6_males=6_nmar=5,6,5
0.054,12,1000,500,70.31202232981059,262.3410611138713,24.353737408450236,9,0.8999999999999999,2.2286504291167226,79,D_pmar=0.054_dist=500_repair_6_males=6_nmar=5,6,5
0.054,8,0,0,70.87149632631923,208.23479478079167,77.16847623917968,16,1.6000000000000003,2.1292304642892796,800,D_pmar=0.054_dist=500_repair_6_males=6_nmar=5,6,5
0.054,13,0,500,68.58331985715158,203.9953608845639,84.07580603940372,14,1.4,2.032231878787125,800,D_pmar=0.054_dist=500_repair_6_males=6_nmar=5,6,5
0,5,500,0,70.84382123178456,246.58975409197637,42.57155126374969,0,0,0,800,D_pmar=0.054_dist=500_repair_6_males=6_nmar=5,6,5
0.054,13,500,500,69.25825195510289,227.7132293443699,60.70314133462448,7,0.7,1.735429693251785,800,D_pmar=0.054_dist=500_repair_6_males=6_nmar=5,6,5
0.054,5,1000,0,68.15226999194716,257.53303866607575,30.63473001428388,18,1.8000000000000005,2.0419723017499165,800,D_pmar=0.054_dist=500_repair_6_males=6_nmar=5,6,5
0.054,10,1000,500,69.91415650446936,214.64901548732027,73.26082202591799,6,0.6,1.637220418086987,800,D_pmar=0.054_dist=500_repair_6_males=6_nmar=5,6,5
0,9,0,0,68.96752475550822,211.50715917946468,79.67824803006174,0,0,0,801,D_pmar=0.054_dist=500_repair_6_males=6_nmar=5,6,5
0.054,15,0,500,68.73769327275429,208.52413238811687,79.6082287327223,13,1.3,1.8933429898982364,801,D_pmar=0.054_dist=500_repair_6_males=6_nmar=5,6,5
0.054,4,500,0,69.28997957040278,226.70391317580135,60.84502233938795,11,1.1,2.1857964553516864,801,D_pmar=0.054_dist=500_repair_6_males=6_nmar=5,6,5
0.054,9,500,500,69.01147641549433,202.4393824688075,85.43580335413807,15,1.5000000000000002,1.6721312031828652,801,D_pmar=0.054_dist=500_repair_6_males=6_nmar=5,6,5
0.054,8,1000,0,71.84898388959944,254.44982396722173,30.25637304348475,12,1.2,2.268344332869474,801,D_pmar=0.054_dist=500_repair_6_males=6_nmar=5,6,5
0.054,9,1000,500,68.91093294305539,226.57674692686305,61.2952020278193,14,1.4,1.9414365204881656,801,D_pmar=0.054_dist=500_repair_6_males=6_nmar=5,6,5
0.054,10,0,0,68.64750833731811,233.71176989681615,54.91493843606985,10,1,1.7426914640616171,802,D_pmar=0.054_dist=500_repair_6_males=6_nmar=5,6,5
0.054,18,0,500,71.49279507592811,206.3666741261229,79.84822894726842,8,0.7999999999999999,1.5509259259259256,802,D_pmar=0.054_dist=500_repair_6_males=6_nmar=5,6,5
0.054,4,500,0,74.96490463737699,221.2105005208848,61.03729895674726,10,1,1.827188721929045,802,D_pmar=0.054_dist=500_repair_6_males=6_nmar=5,6,5
0,7,500,500,69.62414022895685,247.45208298261335,42.942188737597824,0,0,0,802,D_pmar=0.054_dist=500_repair_6_males=6_nmar=5,6,5
0.054,5,1000,0,71.96061485916573,272.1973745424427,12.06892420430492,14,1.4,2.5572033297356596,802,D_pmar=0.054_dist=500_repair_6_males=6_nmar=5,6,5
0.054,10,1000,500,65.82525935184434,208.5953463298476,82.9215521026703,13,1.3,1.6276321411802024,802,D_pmar=0.054_dist=500_repair_6_males=6_nmar=5,6,5
0.054,7,0,0,72.42406082024719,265.9241116015414,18.20272225076885,10,1,2.4579575505572597,803,D_pmar=0.054_dist=500_repair_6_males=6_nmar=5,6,5
0.054,8,0,500,69.5827726245939,244.9152081452667,42.868031324435165,8,0.7999999999999999,1.862780924884249,803,D_pmar=0.054_dist=500_repair_6_males=6_nmar=5,6,5
0,10,500,0,73.61349090310345,200.9098174754442,85.64596472035474,0,0,0,803,D_pmar=0.054_dist=500_repair_6_males=6_nmar=5,6,5
0.054,4,500,500,71.11141403671556,261.1670250689691,24.41282710837578,11,1.1,2.243703242539707,803,D_pmar=0.054_dist=500_repair_6_males=6_nmar=5,6,5
0.054,15,1000,0,68.8550551757535,191.96590008870376,97.24891179864537,8,0.7999999999999999,1.2764383246234017,803,D_pmar=0.054_dist=500_repair_6_males=6_nmar=5,6,5
0.054,10,1000,500,70.74890349555996,237.54727172445695,48.41831657190741,15,1.5000000000000002,1.8839068590474584,803,D_pmar=0.054_dist=500_repair_6_males=6_nmar=5,6,5
0,9,0,0,67.38451238103906,241.3819162018511,51.31390690777963,0,0,0,804,D_pmar=0.054_dist=500_repair_6_males=6_nmar=5,6,5
0.054,9,0,500,71.21340473424785,207.5836637456904,78.76858633657604,9,0.8999999999999999,1.6889812508994824,804,D_pmar=0.054_dist=500_repair_6_males=6_nmar=5,6,5
0.054,9,500,0,68.62068957035564,239.27837792547243,48.647474787970445,14,1.4,2.1033214114691967,804,D_pmar=0.054_dist=500_repair_6_males=6_nmar=5,6,5
0.054,9,500,500,72.24845945994602,223.63844894748945,61.46215938041224,11,1.1,1.8804645365161985,804,D_pmar=0.054_dist=500_repair_6_males=6_nmar=5,6,5
0.054,8,1000,0,68.69183874583409,256.35152382355574,30.526903666636787,18,1.8000000000000005,2.6654573199752627,804,D_pmar=0.054_dist=500_repair_6_males=6_nmar=5,6,5
0.054,10,1000,500,68.88582015355917,175.7221236507927,112.9440646885328,12,1.2,1.4672401923807925,804,D_pmar=0.054_dist=500_repair_6_males=6_nmar=5,6,5
0.054,7,0,0,70.90368680407586,212.95529033997525,73.08606889688545,10,1,2.1322383882455576,805,D_pmar=0.054_dist=500_repair_6_males=6_nmar=5,6,5
0.054,9,0,500,73.08905243551622,216.2176180755095,67.64107576819666,13,1.3,1.8510182879365191,805,D_pmar=0.054_dist=500_repair_6_males=6_nmar=5,6,5
0.054,12,500,0,72.23091569246155,229.49026045509467,54.96597763245604,13,1.3,2.0705849864142643,805,D_pmar=0.054_dist=500_repair_6_males=6_nmar=5,6,5
0.054,11,500,500,73.18356878168521,211.19354865191383,72.34239899353652,14,1.4,1.949908980960643,805,D_pmar=0.054_dist=500_repair_6_males=6_nmar=5,6,5
0,7,1000,0,72.91836458736084,213.75979981021004,73.4901756731468,0,0,0,805,D_pmar=0.054_dist=500_repair_6_males=6_nmar=5,6,5
0.054,8,1000,500,76.19297751243569,249.88381121360752,30.55364372853164,11,1.1,2.3967385473009486,805,D_pmar=0.054_dist=500_repair_6_males=6_nmar=5,6,5
0.054,11,0,0,67.63329843853526,251.87418763254345,36.790753162126265,17,1.7000000000000004,2.0260859244116007,806,D_pmar=0.054_dist=500_repair_6_males=6_nmar=5,6,5
0.054,8,0,500,73.08938549575082,271.0433242985454,12.189754678987969,14,1.4,2.342137497395811,806,D_pmar=0.054_dist=500_repair_6_males=6_nmar=5,6,5
0.054,8,500,0,65.77299911620811,171.87545416280796,120.90386552653057,5,0.5,1.2093203862759092,806,D_pmar=0.054_dist=500_repair_6_males=6_nmar=5,6,5
0,7,500,500,69.806114931498,222.81765085777556,67.44507481129995,0,0,0,806,D_pmar=0.054_dist=500_repair_6_males=6_nmar=5,6,5
0.054,11,1000,0,72.09874849500451,247.29971140188243,36.50750183730863,17,1.7000000000000004,2.4652193213670928,806,D_pmar=0.054_dist=500_repair_6_males=6_nmar=5,6,5
0.054,9,1000,500,70.8946559890233,207.28533469877345,79.98278222842373,5,0.5,1.395998513642714,806,D_pmar=0.054_dist=500_repair_6_males=6_nmar=5,6,5
0.054,9,0,0,69.95495718943606,219.9908390359854,66.77879053815977,17,1.7000000000000004,1.6140722699388386,807,D_pmar=0.054_dist=500_repair_6_males=6_nmar=5,6,5
0.054,10,0,500,71.56644299322551,246.7165623259007,38.090920553311314,14,1.4,2.313981250899485,807,D_pmar=0.054_dist=500_repair_6_males=6_nmar=5,6,5
0.054,9,500,0,74.5635448125706,221.8899577828762,60.73408058921718,9,0.8999999999999999,1.989377905022089,807,D_pmar=0.054_dist=500_repair_6_males=6_nmar=5,6,5
0,14,500,500,72.15223091777447,223.03651657680348,64.83210324112954,0,0,0,807,D_pmar=0.054_dist=500_repair_6_males=6_nmar=5,6,5
0.054,3,1000,0,70.36110292740844,231.42404251841288,55.14018748173074,8,0.7999999999999999,2.4138356143019104,807,D_pmar=0.054_dist=500_repair_6_males=6_nmar=5,6,5
0.054,9,1000,500,70.82660295963319,219.1404996918096,67.24595562505459,11,1.1,1.76022292963756,807,D_pmar=0.054_dist=500_repair_6_males=6_nmar=5,6,5
0.054,17,0,0,71.44941976397928,194.54505932021485,91.72813809038524,10,1,1.4394390320387396,808,D_pmar=0.054_dist=500_repair_6_males=6_nmar=5,6,5
0.054,7,0,500,67.68617012218135,258.271992429263,30.413374919846316,17,1.7000000000000004,1.9376899058448924,808,D_pmar=0.054_dist=500_repair_6_males=6_nmar=5,6,5
0.054,11,500,0,72.53157784462837,229.31801912327543,54.68094533475017,15,1.5000000000000002,2.047284692210109,808,D_pmar=0.054_dist=500_repair_6_males=6_nmar=5,6,5
0.054,5,500,500,73.71624766451721,228.7692895874372,54.83376755877249,8,0.7999999999999999,1.92360076280021,808,D_pmar=0.054_dist=500_repair_6_males=6_nmar=5,6,5
0,9,1000,0,76.77526744351948,174.16431851884838,109.1663314183836,0,0,0,808,D_pmar=0.054_dist=500_repair_6_males=6_nmar=5,6,5
0.054,5,1000,500,68.76393957474302,251.07849343534116,36.68286828737651,12,1.2,2.3534501749609302,808,D_pmar=0.054_dist=500_repair_6_males=6_nmar=5,6,5
0.054,11,0,0,68.92416538636243,250.66738397236577,36.61216293971088,16,1.6000000000000003,2.2463340407486725,809,D_pmar=0.054_dist=500_repair_6_males=6_nmar=5,6,5
0,8,0,500,68.72141942554015,260.8547196448714,30.66313653248837,0,0,0,809,D_pmar=0.054_dist=500_repair_6_males=6_nmar=5,6,5
0.054,14,500,0,70.3378527702109,206.9798399298321,79.9646608291997,12,1.2,1.669275425282594,809,D_pmar=0.054_dist=500_repair_6_males=6_nmar=5,6,5
0.054,5,500,500,73.58265491016458,253.11685543912645,30.495840619918994,9,0.8999999999999999,2.024288690117967,809,D_pmar=0.054_dist=500_repair_6_males=6_nmar=5,6,5
0.054,8,1000,0,67.78234139227166,204.1730958665299,85.36248981390104,9,0.8999999999999999,1.7840524956450337,809,D_pmar=0.054_dist=500_repair_6_males=6_nmar=5,6,5
0.054,8,1000,500,71.9385109422348,230.6569699404889,54.91822511223242,7,0.7,1.8348276184861896,809,D_pmar=0.054_dist=500_repair_6_males=6_nmar=5,6,5
0.054,9,0,0,70.47238650746779,219.1159813010792,67.36273162116052,15,1.5000000000000002,1.68516180262091,80,D_pmar=0.054_dist=500_repair_6_males=6_nmar=5,6,5
0,11,0,500,71.43881759603717,199.7232839631603,89.12678090512131,0,0,0,80,D_pmar=0.054_dist=500_repair_6_males=6_nmar=5,6,5
0.054,7,500,0,70.54903989408702,231.25497801299784,55.19539265655903,10,1,2.129230464289279,80,D_pmar=0.054_dist=500_repair_6_males=6_nmar=5,6,5
0.054,10,500,500,72.41738651729516,217.22657026692391,66.98119799166771,14,1.4,2.167149173341436,80,D_pmar=0.054_dist=500_repair_6_males=6_nmar=5,6,5
0.054,4,1000,0,70.52871453180573,267.2455776749781,18.170521969708805,14,1.4,2.778262970395025,80,D_pmar=0.054_dist=500_repair_6_males=6_nmar=5,6,5
0.054,13,1000,500,68.54834303136889,193.30440867829861,95.40530194230038,12,1.2,1.664340160569714,80,D_pmar=0.054_dist=500_repair_6_males=6_nmar=5,6,5
0.054,9,0,0,74.2607845253444,242.30003687348147,40.011842479735435,13,1.3,2.1383843426210825,810,D_pmar=0.054_dist=500_repair_6_males=6_nmar=5,6,5
0.054,9,0,500,68.85375355073651,214.6302368551642,73.4916861521202,12,1.2,1.86225165308093,810,D_pmar=0.054_dist=500_repair_6_males=6_nmar=5,6,5
0,8,500,0,71.03664499835567,240.12692524646923,49.13126528973846,0,0,0,810,D_pmar=0.054_dist=500_repair_6_males=6_nmar=5,6,5
0.054,8,500,500,68.9766099515319,226.52743449593308,61.06421221151527,15,1.5000000000000002,2.2903038309480177,810,D_pmar=0.054_dist=500_repair_6_males=6_nmar=5,6,5
0.054,15,1000,0,71.01755562481456,180.2678046783055,106.97746090944152,8,0.7999999999999999,1.2053487919413302,810,D_pmar=0.054_dist=500_repair_6_males=6_nmar=5,6,5
0.054,5,1000,500,74.41747707686255,245.7961018448949,36.32325069569858,13,1.3,2.390839612209768,810,D_pmar=0.054_dist=500_repair_6_males=6_nmar=5,6,5
0,8,0,0,72.64505063692795,202.19053420244057,85.34358443686675,0,0,0,811,D_pmar=0.054_dist=500_repair_6_males=6_nmar=5,6,5
0.054,9,0,500,73.48568080650328,198.22050388942455,85.65250158971742,10,1,1.672131203182865,811,D_pmar=0.054_dist=500_repair_6_males=6_nmar=5,6,5
0.054,8,500,0,72.67620756251203,193.04330443402375,91.4138635265263,13,1.3,1.597222222222222,811,D_pmar=0.054_dist=500_repair_6_males=6_nmar=5,6,5
0.054,9,500,500,66.22738146580645,253.41856121840263,37.02351966623306,10,1,2.439744667121992,811,D_pmar=0.054_dist=500_repair_6_males=6_nmar=5,6,5
0.054,7,1000,0,70.54730723463824,267.18733150434593,18.426904841430897,14,1.4,2.492846296060101,811,D_pmar=0.054_dist=500_repair_6_males=6_nmar=5,6,5
0.054,13,1000,500,76.67183045125486,205.97204349124613,73.76957298678823,17,1.7000000000000004,1.9662297568739409,811,D_pmar=0.054_dist=500_repair_6_males=6_nmar=5,6,5
0,10,0,0,74.42906494865892,180.34892509758976,105.32028741826052,0,0,0,812,D_pmar=0.054_dist=500_repair_6_males=6_nmar=5,6,5
0.054,10,0,500,71.32860323589219,225.2921325501372,60.9750701666396,6,0.6,1.9541628278141976,812,D_pmar=0.054_dist=500_repair_6_males=6_nmar=5,6,5
0.054,5,500,0,68.31262617117972,245.33959988025904,42.897886451282496,13,1.3,2.1582423142939775,812,D_pmar=0.054_dist=500_repair_6_males=6_nmar=5,6,5
0.054,6,500,500,74.28588373155058,230.8768113966229,50.49264154453322,17,1.7000000000000004,2.683118892014173,812,D_pmar=0.054_dist=500_repair_6_males=6_nmar=5,6,5
0.054,19,1000,0,69.04200358214408,214.272769741102,73.12373644994037,18,1.8000000000000005,1.8749999999999996,812,D_pmar=0.054_dist=500_repair_6_males=6_nmar=5,6,5
0.054,4,1000,500,72.58627367746705,235.43722232299416,48.761779372465696,10,1,2.2630319424092815,812,D_pmar=0.054_dist=500_repair_6_males=6_nmar=5,6,5
0.054,12,0,0,71.00858603830284,254.40798688944983,30.34761474030903,19,1.9000000000000008,2.4601319105982067,813,D_pmar=0.054_dist=500_repair_6_males=6_nmar=5,6,5
0,10,0,500,69.95829166782714,210.9851543059481,79.09784903768612,0,0,0,813,D_pmar=0.054_dist=500_repair_6_males=6_nmar=5,6,5
0.054,10,500,0,72.20018437560427,211.74624787645263,72.6708097222285,15,1.5000000000000002,1.908018677573908,813,D_pmar=0.054_dist=500_repair_6_males=6_nmar=5,6,5
0.054,8,500,500,73.40258357597106,228.53480063385211,55.09594657000151,11,1.1,1.9322253693286937,813,D_pmar=0.054_dist=500_repair_6_males=6_nmar=5,6,5
0.054,8,1000,0,69.14163451245967,233.0644440229999,54.43833142930936,13,1.3,2.2919489191856437,813,D_pmar=0.054_dist=500_repair_6_males=6_nmar=5,6,5
0.054,6,1000,500,72.27142021870513,184.59657432805545,101.2476749664143,7,0.7,1.4120370370370368,813,D_pmar=0.054_dist=500_repair_6_males=6_nmar=5,6,5
0.054,10,0,0,72.56102846704894,242.0830302793272,42.76009766226395,10,1,1.6544475915509158,814,D_pmar=0.054_dist=500_repair_6_males=6_nmar=5,6,5
0,5,0,500,71.42336808301552,264.50949798331567,24.25371060456776,0,0,0,814,D_pmar=0.054_dist=500_repair_6_males=6_nmar=5,6,5
0.054,14,500,0,71.68237580366352,231.1960394311789,54.6248412588,8,0.7999999999999999,1.8359654745135352,814,D_pmar=0.054_dist=500_repair_6_males=6_nmar=5,6,5
0.054,9,500,500,70.68824225548016,212.84973596115077,73.3763450022909,13,1.3,2.011562382791936,814,D_pmar=0.054_dist=500_repair_6_males=6_nmar=5,6,5
0.054,8,1000,0,69.63374817830038,213.1524883695365,73.9088793113748,13,1.3,2.009235876694984,814,D_pmar=0.054_dist=500_repair_6_males=6_nmar=5,6,5
0.054,8,1000,500,68.44132813185797,240.0478570643148,48.49203301254683,9,0.8999999999999999,2.124954577842687,814,D_pmar=0.054_dist=500_repair_6_males=6_nmar=5,6,5
0.054,15,0,0,71.27010044407788,229.46588876314587,55.93249066403485,15,1.5000000000000002,2.0370370370370368,815,D_pmar=0.054_dist=500_repair_6_males=6_nmar=5,6,5
0.054,4,0,500,72.18756326758869,266.38681032962796,18.54415047567172,9,0.8999999999999999,2.2527622476431723,815,D_pmar=0.054_dist=500_repair_6_males=6_nmar=5,6,5
0,9,500,0,72.7189804089181,250.34563216827604,37.0598564679859,0,0,0,815,D_pmar=0.054_dist=500_repair_6_males=6_nmar=5,6,5
0.054,8,500,500,67.39818124474975,216.9556033622487,73.42840462050422,5,0.5,1.8025476315992772,815,D_pmar=0.054_dist=500_repair_6_males=6_nmar=5,6,5
0.054,5,1000,0,75.4294588390279,213.51260001916623,67.75107050133288,12,1.2,2.1937396440208445,815,D_pmar=0.054_dist=500_repair_6_males=6_nmar=5,6,5
0.054,13,1000,500,68.8238352259901,214.22027050503848,74.00118089848178,14,1.4,1.6721312031828652,815,D_pmar=0.054_dist=500_repair_6_males=6_nmar=5,6,5
0.054,12,0,0,71.9289646182449,236.7273353580944,48.81953979229864,7,0.7,1.8647303052338893,816,D_pmar=0.054_dist=500_repair_6_males=6_nmar=5,6,5
0.054,8,0,500,69.97980731756202,237.78186886592692,49.05622733721443,11,1.1,2.13950015905539,816,D_pmar=0.054_dist=500_repair_6_males=6_nmar=5,6,5
0.054,12,500,0,71.21534846276491,205.96559768104936,79.48176510994404,13,1.3,2.0419723017499165,816,D_pmar=0.054_dist=500_repair_6_males=6_nmar=5,6,5
0.054,5,500,500,69.24509395135503,258.28462073764985,28.800841963452257,11,1.1,2.6246255601951645,816,D_pmar=0.054_dist=500_repair_6_males=6_nmar=5,6,5
0.054,11,1000,0,70.04722326793075,225.9103477372104,61.20321384680649,13,1.3,1.5509259259259256,816,D_pmar=0.054_dist=500_repair_6_males=6_nmar=5,6,5
0,6,1000,500,70.06350866353561,222.43364742825057,67.6208712924487,0,0,0,816,D_pmar=0.054_dist=500_repair_6_males=6_nmar=5,6,5
0,7,0,0,70.87709058296149,258.858789237334,30.348985401782556,0,0,0,817,D_pmar=0.054_dist=500_repair_6_males=6_nmar=5,6,5
0.054,14,0,500,72.3434620936139,211.1383273188762,73.14227488629865,15,1.5000000000000002,2.032891257053413,817,D_pmar=0.054_dist=500_repair_6_males=6_nmar=5,6,5
0.054,7,500,0,69.9285511269172,244.14216997495828,42.452191863610864,13,1.3,2.184832784973386,817,D_pmar=0.054_dist=500_repair_6_males=6_nmar=5,6,5
0.054,11,500,500,72.80011627814547,229.2205631016982,55.32009425475571,12,1.2,1.558187696735758,817,D_pmar=0.054_dist=500_repair_6_males=6_nmar=5,6,5
0.054,9,1000,0,70.57632023535415,214.5985130203102,73.22624504205851,3,0.30000000000000004,1.3594426403092092,817,D_pmar=0.054_dist=500_repair_6_males=6_nmar=5,6,5
0.054,6,1000,500,69.29567797399939,226.0037035995097,61.2596596681007,13,1.3,2.2542551898247916,817,D_pmar=0.054_dist=500_repair_6_males=6_nmar=5,6,5
0.054,10,0,0,71.16562404564246,238.10331114158868,48.62477430650407,4,0.4,1.8911686298572905,818,D_pmar=0.054_dist=500_repair_6_males=6_nmar=5,6,5
0,12,0,500,69.45755069943993,211.23858841930144,79.34688996583864,0,0,0,818,D_pmar=0.054_dist=500_repair_6_males=6_nmar=5,6,5
0.054,11,500,0,71.6457873340586,248.2764318352989,36.37422944129721,16,1.6000000000000003,2.2079809331215343,818,D_pmar=0.054_dist=500_repair_6_males=6_nmar=5,6,5
0.054,7,500,500,73.05750125201662,216.836211901691,67.40477912710953,9,0.8999999999999999,1.8853998012290785,818,D_pmar=0.054_dist=500_repair_6_males=6_nmar=5,6,5
0.054,6,1000,0,69.08101752600608,250.93915065513505,36.53255144908705,10,1,2.5927226990555634,818,D_pmar=0.054_dist=500_repair_6_males=6_nmar=5,6,5
0.054,8,1000,500,69.35445068118749,207.29140007543128,79.62407003986232,18,1.8000000000000005,2.0029377762634524,818,D_pmar=0.054_dist=500_repair_6_males=6_nmar=5,6,5
0.054,12,0,0,69.90784998339579,213.63463561028985,73.26087002301486,15,1.5000000000000002,1.8287037037037033,819,D_pmar=0.054_dist=500_repair_6_males=6_nmar=5,6,5
0.054,7,0,500,71.4869195307733,230.9212588582642,54.790474762444845,11,1.1,1.809657256353103,819,D_pmar=0.054_dist=500_repair_6_males=6_nmar=5,6,5
0,4,500,0,70.0219108472149,229.37826018219008,60.64654678833421,0,0,0,819,D_pmar=0.054_dist=500_repair_6_males=6_nmar=5,6,5
0.054,9,500,500,71.10684855980763,215.5584399164001,69.30626296766289,18,1.8000000000000005,2.2923260449329557,819,D_pmar=0.054_dist=500_repair_6_males=6_nmar=5,6,5
0.054,12,1000,0,72.67081667520317,223.4231204855099,61.286300481751105,11,1.1,1.7116001272443115,819,D_pmar=0.054_dist=500_repair_6_males=6_nmar=5,6,5
0.054,10,1000,500,73.05144276995416,218.5981463893832,65.8106379431136,9,0.8999999999999999,1.6721312031828652,819,D_pmar=0.054_dist=500_repair_6_males=6_nmar=5,6,5
0,9,0,0,69.77239946624219,192.3793685234315,97.88243128842208,0,0,0,81,D_pmar=0.054_dist=500_repair_6_males=6_nmar=5,6,5
0.054,11,0,500,71.16795247872655,212.17898524320563,73.18149172933659,17,1.7000000000000004,2.037319289556012,81,D_pmar=0.054_dist=500_repair_6_males=6_nmar=5,6,5
0.054,9,500,0,69.23266441277771,263.2066622199634,24.238659324897817,13,1.3,2.108785947985396,81,D_pmar=0.054_dist=500_repair_6_males=6_nmar=5,6,5
0.054,8,500,500,74.22632383900323,210.16732239406625,73.18477534735835,9,0.8999999999999999,1.5740740740740735,81,D_pmar=0.054_dist=500_repair_6_males=6_nmar=5,6,5
0.054,8,1000,0,67.55625954790065,239.0237994990416,49.68327350604316,12,1.2,2.738061834431993,81,D_pmar=0.054_dist=500_repair_6_males=6_nmar=5,6,5
0.054,9,1000,500,69.99149960227012,246.30718076670735,40.69971849761773,9,0.8999999999999999,2.24205815430208,81,D_pmar=0.054_dist=500_repair_6_males=6_nmar=5,6,5
0.054,12,0,0,68.77828830974069,227.48646195683625,60.9834237994787,9,0.8999999999999999,1.868701899568468,820,D_pmar=0.054_dist=500_repair_6_males=6_nmar=5,6,5
0,10,0,500,71.49847154649012,209.69039324734015,78.95360710788391,0,0,0,820,D_pmar=0.054_dist=500_repair_6_males=6_nmar=5,6,5
0.054,15,500,0,70.83398750800337,218.369878693361,67.15843430181991,18,1.8000000000000005,2.016497647504816,820,D_pmar=0.054_dist=500_repair_6_males=6_nmar=5,6,5
0.054,4,500,500,77.0359817733921,224.5443985669277,54.98567699904916,15,1.5000000000000002,2.244666912918007,820,D_pmar=0.054_dist=500_repair_6_males=6_nmar=5,6,5
0.054,10,1000,0,75.87295136812682,198.8973472984974,82.4417932911978,12,1.2,1.664340160569714,820,D_pmar=0.054_dist=500_repair_6_males=6_nmar=5,6,5
0.054,3,1000,500,72.41879981821572,235.3511341053206,49.13087951710171,11,1.1,2.0922401923807925,820,D_pmar=0.054_dist=500_repair_6_males=6_nmar=5,6,5
0.054,11,0,0,70.06370610673761,231.58868506994787,54.99009224173192,16,1.6000000000000003,2.007590788457357,821,D_pmar=0.054_dist=500_repair_6_males=6_nmar=5,6,5
0.054,6,0,500,71.94535542217989,240.47259372790975,43.20624371038035,18,1.8000000000000005,2.598057129108795,821,D_pmar=0.054_dist=500_repair_6_males=6_nmar=5,6,5
0.054,10,500,0,71.90329380272877,224.14391302707213,61.36551111124515,9,0.8999999999999999,1.827340867985052,821,D_pmar=0.054_dist=500_repair_6_males=6_nmar=5,6,5
0.054,12,500,500,72.4700579422933,204.15343197964316,80.66777365210035,9,0.8999999999999999,1.9215785488152712,821,D_pmar=0.054_dist=500_repair_6_males=6_nmar=5,6,5
0.054,10,1000,0,73.93098382936876,209.88442369214715,73.41499226860283,13,1.3,1.6833645683272764,821,D_pmar=0.054_dist=500_repair_6_males=6_nmar=5,6,5
0,5,1000,500,71.21164961635786,209.47088795362623,79.4327589588101,0,0,0,821,D_pmar=0.054_dist=500_repair_6_males=6_nmar=5,6,5
0.054,5,0,0,74.12197160542416,207.37930118768512,76.09458886132536,5,0.5,1.9239050549122232,822,D_pmar=0.054_dist=500_repair_6_males=6_nmar=5,6,5
0.054,8,0,500,69.54329148587252,213.9898791355953,72.92618592071292,13,1.3,2.2613868541716555,822,D_pmar=0.054_dist=500_repair_6_males=6_nmar=5,6,5
0.054,9,500,0,69.04840439536889,226.20436983874384,61.2363630726235,15,1.5000000000000002,2.039189357484944,822,D_pmar=0.054_dist=500_repair_6_males=6_nmar=5,6,5
0.054,6,500,500,75.73746687416329,207.13835011960765,73.67417353912484,13,1.3,2.1577130424906588,822,D_pmar=0.054_dist=500_repair_6_males=6_nmar=5,6,5
0,12,1000,0,70.29703349828617,235.21440046928495,54.55796960402705,0,0,0,822,D_pmar=0.054_dist=500_repair_6_males=6_nmar=5,6,5
0.054,14,1000,500,69.27453925138434,256.86771850388175,30.52311080054423,15,1.5000000000000002,1.8374584166951555,822,D_pmar=0.054_dist=500_repair_6_males=6_nmar=5,6,5
0.054,12,0,0,66.2417022603032,224.41993553431575,66.70561396645734,12,1.2,1.594214298265944,823,D_pmar=0.054_dist=500_repair_6_males=6_nmar=5,6,5
0.054,7,0,500,72.37057696207691,204.8152772805465,79.7563531006964,16,1.6000000000000003,1.4924105545138788,823,D_pmar=0.054_dist=500_repair_6_males=6_nmar=5,6,5
0.054,8,500,0,67.5989166412252,264.0632375075847,24.69816276889042,13,1.3,2.5517608328124983,823,D_pmar=0.054_dist=500_repair_6_males=6_nmar=5,6,5
0.054,11,500,500,69.2664113381967,220.69548090299904,67.50931138988183,8,0.7999999999999999,1.7737828008789234,823,D_pmar=0.054_dist=500_repair_6_males=6_nmar=5,6,5
0.054,9,1000,0,69.61371144380207,215.75763724764607,71.21308499637327,12,1.2,2.261539000227663,823,D_pmar=0.054_dist=500_repair_6_males=6_nmar=5,6,5
0,7,1000,500,66.30890418726047,232.7425030044574,60.97272421130536,0,0,0,823,D_pmar=0.054_dist=500_repair_6_males=6_nmar=5,6,5
0.054,12,0,0,70.36536965044867,192.87734476710528,94.4471355208106,9,0.8999999999999999,1.4599784215709597,824,D_pmar=0.054_dist=500_repair_6_males=6_nmar=5,6,5
0.054,7,0,500,76.29187044277053,225.23730391862821,55.1632467838679,14,1.4,2.035369909206372,824,D_pmar=0.054_dist=500_repair_6_males=6_nmar=5,6,5
0,9,500,0,72.33039397866423,263.2754288180195,24.4234702914112,0,0,0,824,D_pmar=0.054_dist=500_repair_6_males=6_nmar=5,6,5
0.054,11,500,500,69.93258809907465,238.0236820191442,48.7622664301276,16,1.6000000000000003,1.823369273650473,824,D_pmar=0.054_dist=500_repair_6_males=6_nmar=5,6,5
0.054,7,1000,0,68.73577231229264,202.95966382715508,85.31099233169496,13,1.3,1.7761093069758755,824,D_pmar=0.054_dist=500_repair_6_males=6_nmar=5,6,5
0.054,8,1000,500,74.07188835521768,206.21788942653015,76.45974531419277,12,1.2,2.1067637340004572,824,D_pmar=0.054_dist=500_repair_6_males=6_nmar=5,6,5
0,16,0,0,67.84424922691323,225.1941447295932,67.07303886819302,0,0,0,825,D_pmar=0.054_dist=500_repair_6_males=6_nmar=5,6,5
0.054,6,0,500,69.94096417375492,262.2373778993195,24.453451786897,13,1.3,2.094262406365731,825,D_pmar=0.054_dist=500_repair_6_males=6_nmar=5,6,5
0.054,10,500,0,71.25716685209274,207.28527388665833,79.31491434074344,6,0.6,1.652425377565977,825,D_pmar=0.054_dist=500_repair_6_males=6_nmar=5,6,5
0.054,10,500,500,72.87711068190626,265.3107417141114,18.3493005255535,10,1,2.519661746430814,825,D_pmar=0.054_dist=500_repair_6_males=6_nmar=5,6,5
0.054,7,1000,0,68.4592674622257,257.2427259513506,30.682179801023345,13,1.3,2.335310125160961,825,D_pmar=0.054_dist=500_repair_6_males=6_nmar=5,6,5
0.054,5,1000,500,68.59068648698785,209.31642702666852,79.76203874724489,7,0.7,1.7298130106795793,825,D_pmar=0.054_dist=500_repair_6_males=6_nmar=5,6,5
0.054,8,0,0,69.39236797134429,256.8342667186012,30.623588802229666,11,1.1,2.0905951041431656,826,D_pmar=0.054_dist=500_repair_6_males=6_nmar=5,6,5
0.054,5,0,500,70.09198839084745,272.56517500371416,12.169641778376322,20,2.0000000000000004,3.1966319981269886,826,D_pmar=0.054_dist=500_repair_6_males=6_nmar=5,6,5
0.054,9,500,0,67.15745526030415,212.2984657343036,78.65372342010257,6,0.6,1.318763026585119,826,D_pmar=0.054_dist=500_repair_6_males=6_nmar=5,6,5
0,12,500,500,68.64063477569665,212.4073978555799,79.08421412908442,0,0,0,826,D_pmar=0.054_dist=500_repair_6_males=6_nmar=5,6,5
0.054,9,1000,0,70.32824170397117,225.6723258740883,60.90086842611729,12,1.2,2.0171790653641417,826,D_pmar=0.054_dist=500_repair_6_males=6_nmar=5,6,5
0.054,11,1000,500,70.64088952682313,214.2743043467301,73.11912893230917,6,0.6,1.5079198061048824,826,D_pmar=0.054_dist=500_repair_6_males=6_nmar=5,6,5
0.054,7,0,0,70.36625755423856,226.1446905638471,59.945082217573194,15,1.5000000000000002,2.1299118821486043,827,D_pmar=0.054_dist=500_repair_6_males=6_nmar=5,6,5
0.054,8,0,500,71.04359604663775,248.60864902703355,36.48475000035033,15,1.5000000000000002,2.542889206999671,827,D_pmar=0.054_dist=500_repair_6_males=6_nmar=5,6,5
0.054,11,500,0,67.79925782173355,206.81902882809135,82.72223516672773,12,1.2,1.622015458607997,827,D_pmar=0.054_dist=500_repair_6_males=6_nmar=5,6,5
0,10,500,500,72.13199077762093,184.55497782111115,103.4207871319111,0,0,0,827,D_pmar=0.054_dist=500_repair_6_males=6_nmar=5,6,5
0.054,9,1000,0,72.69066356108573,210.38654322490325,73.14613274770245,16,1.6000000000000003,2.1816727149611013,827,D_pmar=0.054_dist=500_repair_6_males=6_nmar=5,6,5
0.054,9,1000,500,68.97350304468932,234.20044162516996,53.999411617278206,11,1.1,1.8274137016203509,827,D_pmar=0.054_dist=500_repair_6_males=6_nmar=5,6,5
0.054,10,0,0,73.42933836834631,218.91784489028572,64.5121217257178,17,1.7000000000000004,1.716253139438216,828,D_pmar=0.054_dist=500_repair_6_males=6_nmar=5,6,5
0.054,6,0,500,69.48030011839155,225.898282547095,60.95622745682858,18,1.8000000000000005,2.062793943801113,828,D_pmar=0.054_dist=500_repair_6_males=6_nmar=5,6,5
0.054,8,500,0,69.3253432274077,256.4842681226345,30.41863548893369,13,1.3,2.5760027578019153,828,D_pmar=0.054_dist=500_repair_6_males=6_nmar=5,6,5
0.054,17,500,500,72.97846017005267,211.90969277482384,73.22015067326605,6,0.6,1.5509259259259256,828,D_pmar=0.054_dist=500_repair_6_males=6_nmar=5,6,5
0.054,3,1000,0,69.39162227031161,245.51725893125095,42.49442731711079,6,0.6,2.171120767676015,828,D_pmar=0.054_dist=500_repair_6_males=6_nmar=5,6,5
0,10,1000,500,71.90409932280666,196.73878996800968,91.45082892265808,0,0,0,828,D_pmar=0.054_dist=500_repair_6_males=6_nmar=5,6,5
0,8,0,0,69.75889142612762,241.47881749843023,48.96982036764416,0,0,0,829,D_pmar=0.054_dist=500_repair_6_males=6_nmar=5,6,5
0.054,6,0,500,68.58183595208615,243.5495306420253,45.360161387581,7,0.7,1.960156636133715,829,D_pmar=0.054_dist=500_repair_6_males=6_nmar=5,6,5
0.054,3,500,0,72.20129715194051,211.4584369078667,73.55548920936509,11,1.1,1.7585778413999331,829,D_pmar=0.054_dist=500_repair_6_males=6_nmar=5,6,5
0.054,14,500,500,71.70530787638472,236.2524342388803,48.667584209856855,14,1.4,1.9752094495566983,829,D_pmar=0.054_dist=500_repair_6_males=6_nmar=5,6,5
0.054,12,1000,0,67.83235719389153,246.5509328655066,42.94958806719769,10,1,1.7569327531623065,829,D_pmar=0.054_dist=500_repair_6_males=6_nmar=5,6,5
0.054,11,1000,500,72.44713644987543,223.27566619140293,61.09562669674903,12,1.2,1.9872763786164416,829,D_pmar=0.054_dist=500_repair_6_males=6_nmar=5,6,5
0.054,14,0,0,68.9722744825013,250.98560391673277,36.54484886070036,11,1.1,2.4097118739113244,82,D_pmar=0.054_dist=500_repair_6_males=6_nmar=5,6,5
0.054,7,0,500,69.49518763347588,268.81619946399417,18.18706014631131,10,1,2.5049132251198443,82,D_pmar=0.054_dist=500_repair_6_males=6_nmar=5,6,5
0.054,7,500,0,68.24600590885137,233.2760888716138,54.944666498536975,14,1.4,2.1868549989583244,82,D_pmar=0.054_dist=500_repair_6_males=6_nmar=5,6,5
0.054,8,500,500,70.20926199901376,195.8413318568645,91.77142408446502,10,1,1.3075296614407073,82,D_pmar=0.054_dist=500_repair_6_males=6_nmar=5,6,5
0,10,1000,0,68.68988530055327,218.26352524220383,73.22624718244057,0,0,0,82,D_pmar=0.054_dist=500_repair_6_males=6_nmar=5,6,5
0.054,8,1000,500,66.82037035844341,216.6721077792952,73.14324874701367,12,1.2,2.1897680496862657,82,D_pmar=0.054_dist=500_repair_6_males=6_nmar=5,6,5
0.054,14,0,0,71.23205246997978,236.37200660614363,48.99939987281056,13,1.3,2.312089143377514,830,D_pmar=0.054_dist=500_repair_6_males=6_nmar=5,6,5
0,8,0,500,72.53570446005847,215.3295836992377,72.18842263796661,0,0,0,830,D_pmar=0.054_dist=500_repair_6_males=6_nmar=5,6,5
0.054,13,500,0,71.0503515734386,235.92845875877575,48.66842720103642,18,1.8000000000000005,2.574908980960647,830,D_pmar=0.054_dist=500_repair_6_males=6_nmar=5,6,5
0.054,8,500,500,74.16828698351065,197.42593436644032,85.58910870036226,12,1.2,1.62037037037037,830,D_pmar=0.054_dist=500_repair_6_males=6_nmar=5,6,5
0.054,3,1000,0,68.47860640428195,239.4843881649784,48.94718776766618,8,0.7999999999999999,2.4819172230277022,830,D_pmar=0.054_dist=500_repair_6_males=6_nmar=5,6,5
0.054,8,1000,500,72.68208475114498,230.36731338853684,54.18750692578981,9,0.8999999999999999,1.949227563101317,830,D_pmar=0.054_dist=500_repair_6_males=6_nmar=5,6,5
0.054,5,0,0,67.2442946642993,246.2076963417946,42.694557054278235,14,1.4,2.595483603727499,831,D_pmar=0.054_dist=500_repair_6_males=6_nmar=5,6,5
0.054,9,0,500,71.47746078970495,212.42908866592617,73.18068789511025,12,1.2,1.7433728819209429,831,D_pmar=0.054_dist=500_repair_6_males=6_nmar=5,6,5
0,8,500,0,72.91640254832322,232.62019913710571,54.54121085686058,0,0,0,831,D_pmar=0.054_dist=500_repair_6_males=6_nmar=5,6,5
0.054,12,500,500,69.48585679122833,232.19841706395536,54.676944827217795,19,1.9000000000000008,2.057858679088233,831,D_pmar=0.054_dist=500_repair_6_males=6_nmar=5,6,5
0.054,9,1000,0,70.38620967319065,197.75528945139936,89.10113024510306,12,1.2,1.5850031471064714,831,D_pmar=0.054_dist=500_repair_6_males=6_nmar=5,6,5
0.054,11,1000,500,70.88461552005185,219.28622169982015,67.54426393569165,6,0.6,1.779399483451129,831,D_pmar=0.054_dist=500_repair_6_males=6_nmar=5,6,5
0,14,0,0,71.22043546963711,190.90973350509225,98.02487729783246,0,0,0,832,D_pmar=0.054_dist=500_repair_6_males=6_nmar=5,6,5
0.054,9,0,500,71.19144985972522,236.8884686937917,48.81553518804784,10,1,2.204538610590274,832,D_pmar=0.054_dist=500_repair_6_males=6_nmar=5,6,5
0.054,11,500,0,73.743558736138,234.26338230908283,47.91134615424975,17,1.7000000000000004,2.432330750256153,832,D_pmar=0.054_dist=500_repair_6_males=6_nmar=5,6,5
0.054,7,500,500,73.79984988385017,222.7646997909989,60.786014419489184,11,1.1,1.6769143218397384,832,D_pmar=0.054_dist=500_repair_6_males=6_nmar=5,6,5
0.054,10,1000,0,70.15762745927711,231.9248675443657,54.74294678088608,11,1.1,2.2033279209276295,832,D_pmar=0.054_dist=500_repair_6_males=6_nmar=5,6,5
0.054,3,1000,500,70.46360751276447,243.84501809977232,42.74070193743034,9,0.8999999999999999,2.262502670605963,832,D_pmar=0.054_dist=500_repair_6_males=6_nmar=5,6,5
0.054,10,0,0,72.48624503087261,210.7217605624391,72.97322298372288,18,1.8000000000000005,2.063149029955387,833,D_pmar=0.054_dist=500_repair_6_males=6_nmar=5,6,5
0.054,13,0,500,68.64098298123237,257.8464090087326,30.445993865112047,10,1,2.419300150818108,833,D_pmar=0.054_dist=500_repair_6_males=6_nmar=5,6,5
0.054,6,500,0,70.42372856144776,232.1444933168625,54.989192753528535,4,0.4,2.107293005803776,833,D_pmar=0.054_dist=500_repair_6_males=6_nmar=5,6,5
0.054,13,500,500,68.32623879592559,209.24041964700223,79.18992547624974,16,1.6000000000000003,1.665985248807341,833,D_pmar=0.054_dist=500_repair_6_males=6_nmar=5,6,5
0.054,7,1000,0,69.885736067207,241.2979267680601,44.829611706051864,16,1.6000000000000003,2.581619440374122,833,D_pmar=0.054_dist=500_repair_6_males=6_nmar=5,6,5
0,5,1000,500,68.86341915843637,188.12714095267617,103.26781074285134,0,0,0,833,D_pmar=0.054_dist=500_repair_6_males=6_nmar=5,6,5
0.054,9,0,0,75.32841719240474,206.86604057411532,74.08157735945045,17,1.7000000000000004,2.039341503540951,834,D_pmar=0.054_dist=500_repair_6_males=6_nmar=5,6,5
0.054,9,0,500,71.97402103100903,204.36567860089156,81.12924709921685,12,1.2,1.536380344713223,834,D_pmar=0.054_dist=500_repair_6_males=6_nmar=5,6,5
0.054,8,500,0,68.49511915082527,245.59616841451,42.52650561149914,11,1.1,2.376598323109079,834,D_pmar=0.054_dist=500_repair_6_males=6_nmar=5,6,5
0.054,11,500,500,70.1062643205079,205.78428991538863,81.55147964700672,9,0.8999999999999999,1.6975838178349276,834,D_pmar=0.054_dist=500_repair_6_males=6_nmar=5,6,5
0.054,9,1000,0,70.25238813653317,255.46514747217844,30.29758185150109,15,1.5000000000000002,2.5733939991859893,834,D_pmar=0.054_dist=500_repair_6_males=6_nmar=5,6,5
0,8,1000,500,69.42376717753234,223.6101557212417,67.03253067443175,0,0,0,834,D_pmar=0.054_dist=500_repair_6_males=6_nmar=5,6,5
0.054,7,0,0,70.54064997134566,267.36474845753014,18.372117126157516,13,1.3,2.4742718476851495,835,D_pmar=0.054_dist=500_repair_6_males=6_nmar=5,6,5
0.054,4,0,500,65.15710275630411,242.6552311575048,49.34532559474458,9,0.8999999999999999,2.111946017997681,835,D_pmar=0.054_dist=500_repair_6_males=6_nmar=5,6,5
0.054,12,500,0,69.37513442586632,214.42162294424188,73.19660573246549,9,0.8999999999999999,2.1122282705166557,835,D_pmar=0.054_dist=500_repair_6_males=6_nmar=5,6,5
0,12,500,500,69.5800729957236,223.44325215961865,67.06147881534316,0,0,0,835,D_pmar=0.054_dist=500_repair_6_males=6_nmar=5,6,5
0.054,8,1000,0,70.93781124327147,261.1575893173402,24.584870113884072,12,1.2,2.2744174536097006,835,D_pmar=0.054_dist=500_repair_6_males=6_nmar=5,6,5
0.054,11,1000,500,69.34580725058258,190.4787841723305,97.6108316932332,11,1.1,1.675573525714125,835,D_pmar=0.054_dist=500_repair_6_males=6_nmar=5,6,5
0.054,6,0,0,74.0743280568503,210.41584429469663,72.75799099342781,13,1.3,1.6993810521285608,836,D_pmar=0.054_dist=500_repair_6_males=6_nmar=5,6,5
0.054,12,0,500,73.51266238952209,239.92535686138737,42.78988294485048,15,1.5000000000000002,2.407081075702359,836,D_pmar=0.054_dist=500_repair_6_males=6_nmar=5,6,5
0.054,9,500,0,68.57678918836632,257.2349985649951,30.4161091578768,13,1.3,2.674516325078728,836,D_pmar=0.054_dist=500_repair_6_males=6_nmar=5,6,5
0.054,10,500,500,72.5887507457752,219.6497167803427,65.20011831526018,5,0.5,2.086623509808587,836,D_pmar=0.054_dist=500_repair_6_males=6_nmar=5,6,5
0.054,11,1000,0,69.12027804485251,184.75330333015245,103.45195648648912,9,0.8999999999999999,1.782407407407407,836,D_pmar=0.054_dist=500_repair_6_males=6_nmar=5,6,5
0,6,1000,500,71.50063418816745,270.3199321123024,18.32443919423342,0,0,0,836,D_pmar=0.054_dist=500_repair_6_males=6_nmar=5,6,5
0.054,11,0,0,70.85259225633357,261.22640843412796,24.453666255594797,10,1,2.5337000954332365,837,D_pmar=0.054_dist=500_repair_6_males=6_nmar=5,6,5
0.054,14,0,500,72.23836213838631,229.58725884520828,55.02205588894947,14,1.4,1.8121359085060615,837,D_pmar=0.054_dist=500_repair_6_males=6_nmar=5,6,5
0.054,8,500,0,72.33693219883115,220.76720217414527,64.3976421310396,7,0.7,1.817752591078267,837,D_pmar=0.054_dist=500_repair_6_males=6_nmar=5,6,5
0.054,5,500,500,68.76646247842801,263.4221075238519,24.418403429901577,10,1,2.6115949607571203,837,D_pmar=0.054_dist=500_repair_6_males=6_nmar=5,6,5
0.054,8,1000,0,71.88773012175709,254.4976487615946,30.427827019426147,10,1,2.259589619878023,837,D_pmar=0.054_dist=500_repair_6_males=6_nmar=5,6,5
0,8,1000,500,67.76746172704203,182.7978388706479,109.5658860049692,0,0,0,837,D_pmar=0.054_dist=500_repair_6_males=6_nmar=5,6,5
0.054,7,0,0,70.49057052699203,254.94192225224575,30.65809307724758,15,1.5000000000000002,2.456515402417901,838,D_pmar=0.054_dist=500_repair_6_males=6_nmar=5,6,5
0.054,5,0,500,69.54535072182217,238.73276379581543,48.98903457021325,7,0.7,2.1016763232315703,838,D_pmar=0.054_dist=500_repair_6_males=6_nmar=5,6,5
0.054,8,500,0,67.83175841981085,203.4234482031092,85.74791925489188,13,1.3,1.7106364568660102,838,D_pmar=0.054_dist=500_repair_6_males=6_nmar=5,6,5
0.054,9,500,500,73.76777172650876,222.64360762760813,60.91534703973832,10,1,1.9549963917295297,838,D_pmar=0.054_dist=500_repair_6_males=6_nmar=5,6,5
0.054,14,1000,0,71.45207770859442,217.91101014300037,67.02981594773836,17,1.7000000000000004,1.9626352882866736,838,D_pmar=0.054_dist=500_repair_6_males=6_nmar=5,6,5
0,11,1000,500,70.82234279340267,214.82875132961956,74.49451177404315,0,0,0,838,D_pmar=0.054_dist=500_repair_6_males=6_nmar=5,6,5
0.054,4,0,0,70.14311299314701,219.0639282277639,67.7788608630337,13,1.3,2.0108809649326105,839,D_pmar=0.054_dist=500_repair_6_males=6_nmar=5,6,5
0.054,10,0,500,72.83663948683227,246.6217574476404,36.573870400171906,17,1.7000000000000004,2.507391877272803,839,D_pmar=0.054_dist=500_repair_6_males=6_nmar=5,6,5
0.054,5,500,0,70.91796880716196,260.6852344908762,24.336821759829533,17,1.7000000000000004,2.5340772211805493,839,D_pmar=0.054_dist=500_repair_6_males=6_nmar=5,6,5
0.054,9,500,500,72.30339887809731,223.85523590422764,60.632963283917576,13,1.3,2.2096260213591608,839,D_pmar=0.054_dist=500_repair_6_males=6_nmar=5,6,5
0.054,16,1000,0,69.62280884721032,163.34621568134062,125.38892774055806,6,0.6,1.0879629629629628,839,D_pmar=0.054_dist=500_repair_6_males=6_nmar=5,6,5
0,10,1000,500,67.394148909231,207.2531952698461,85.48034097102564,0,0,0,839,D_pmar=0.054_dist=500_repair_6_males=6_nmar=5,6,5
0.054,4,0,0,69.56915368801762,244.60649825170276,42.65469517551321,12,1.2,2.0715486567925647,83,D_pmar=0.054_dist=500_repair_6_males=6_nmar=5,6,5
0,12,0,500,71.24166603867768,196.7939861523581,92.0671359824408,0,0,0,83,D_pmar=0.054_dist=500_repair_6_males=6_nmar=5,6,5
0.054,3,500,0,71.28911540340604,242.8616805421416,42.65249841894752,9,0.8999999999999999,2.408349038192673,83,D_pmar=0.054_dist=500_repair_6_males=6_nmar=5,6,5
0.054,12,500,500,70.79869439947224,200.7917742259544,85.41725541780337,15,1.5000000000000002,1.6355753298493605,83,D_pmar=0.054_dist=500_repair_6_males=6_nmar=5,6,5
0.054,6,1000,0,70.90181062599115,230.27702101371656,54.83919923941596,15,1.5000000000000002,2.533700095433238,83,D_pmar=0.054_dist=500_repair_6_males=6_nmar=5,6,5
0.054,17,1000,500,71.71009384518852,224.03457405466983,61.18825916350031,12,1.2,1.879174534432846,83,D_pmar=0.054_dist=500_repair_6_males=6_nmar=5,6,5
0.054,9,0,0,71.84409463107085,224.8357711406053,60.66230296470937,9,0.8999999999999999,1.8409007392264156,840,D_pmar=0.054_dist=500_repair_6_males=6_nmar=5,6,5
0.054,7,0,500,72.2325481447685,278.44253367650435,6.026817394811237,11,1.1,2.279447591550917,840,D_pmar=0.054_dist=500_repair_6_males=6_nmar=5,6,5
0.054,7,500,0,71.66474266521207,230.49338262678515,54.60989021890597,12,1.2,2.12234581922676,840,D_pmar=0.054_dist=500_repair_6_males=6_nmar=5,6,5
0.054,14,500,500,71.56339983161199,231.78342101425145,54.810435122709045,8,0.7999999999999999,1.2747932363857746,840,D_pmar=0.054_dist=500_repair_6_males=6_nmar=5,6,5
0.054,8,1000,0,67.21313562738612,246.91417907743457,42.57265285494259,8,0.7999999999999999,2.5096963437767172,840,D_pmar=0.054_dist=500_repair_6_males=6_nmar=5,6,5
0,9,1000,500,67.11547307653191,219.97024871546623,73.04656621895982,0,0,0,840,D_pmar=0.054_dist=500_repair_6_males=6_nmar=5,6,5
0,7,0,0,72.45242551754022,196.17238965251053,91.49553677992276,0,0,0,841,D_pmar=0.054_dist=500_repair_6_males=6_nmar=5,6,5
0.054,11,0,500,71.88477772315423,198.8861983737918,85.77051651286048,19,1.9000000000000008,1.6666666666666663,841,D_pmar=0.054_dist=500_repair_6_males=6_nmar=5,6,5
0.054,10,500,0,69.10853874473284,213.63772947557823,74.1936873477133,14,1.4,1.813780996743688,841,D_pmar=0.054_dist=500_repair_6_males=6_nmar=5,6,5
0.054,10,500,500,69.82697568113947,256.52961359923205,30.59309573807133,11,1.1,2.19740694624341,841,D_pmar=0.054_dist=500_repair_6_males=6_nmar=5,6,5
0.054,4,1000,0,69.79897897817324,238.18869889805828,48.82384606995379,13,1.3,1.9397914322505392,841,D_pmar=0.054_dist=500_repair_6_males=6_nmar=5,6,5
0.054,12,1000,500,71.22928368858139,188.05604562995543,97.5764490856666,14,1.4,1.7618680178751862,841,D_pmar=0.054_dist=500_repair_6_males=6_nmar=5,6,5
0.054,7,0,0,72.20105055100088,229.25307283423825,56.12627304853456,7,0.7,1.8389513588767752,842,D_pmar=0.054_dist=500_repair_6_males=6_nmar=5,6,5
0.054,11,0,500,67.41119602535018,228.0574555216624,60.87287273175084,17,1.7000000000000004,2.014171141407864,842,D_pmar=0.054_dist=500_repair_6_males=6_nmar=5,6,5
0.054,3,500,0,73.30219819394249,227.42554736462336,56.790778891145294,9,0.8999999999999999,1.6944457874156806,842,D_pmar=0.054_dist=500_repair_6_males=6_nmar=5,6,5
0.054,13,500,500,72.10196496867655,211.96750051130311,72.85637545684246,10,1,2.1831876967357595,842,D_pmar=0.054_dist=500_repair_6_males=6_nmar=5,6,5
0,14,1000,0,70.00502367264136,222.679771973964,67.38402299337412,0,0,0,842,D_pmar=0.054_dist=500_repair_6_males=6_nmar=5,6,5
0.054,6,1000,500,72.3787264961072,253.91517947767815,30.49067692872124,15,1.5000000000000002,2.037696415303325,842,D_pmar=0.054_dist=500_repair_6_males=6_nmar=5,6,5
0.054,10,0,0,69.18290100218678,212.98031889687556,74.25905932623029,16,1.6000000000000003,2.021150659698721,843,D_pmar=0.054_dist=500_repair_6_males=6_nmar=5,6,5
0.054,8,0,500,71.01470404424269,206.24209327110353,79.21386077535682,12,1.2,2.3670100462022936,843,D_pmar=0.054_dist=500_repair_6_males=6_nmar=5,6,5
0.054,8,500,0,69.75380838213378,225.71861344989145,61.226679562088776,11,1.1,2.3893246304351097,843,D_pmar=0.054_dist=500_repair_6_males=6_nmar=5,6,5
0.054,11,500,500,69.57784060474354,225.6788954052803,61.46162855609869,14,1.4,1.9970168015792336,843,D_pmar=0.054_dist=500_repair_6_males=6_nmar=5,6,5
0.054,8,1000,0,70.00721516856038,225.89217070240903,61.34203756441478,12,1.2,1.6779000318110775,843,D_pmar=0.054_dist=500_repair_6_males=6_nmar=5,6,5
0,9,1000,500,70.86158665558379,240.44164549152217,48.74679918699612,0,0,0,843,D_pmar=0.054_dist=500_repair_6_males=6_nmar=5,6,5
0.054,10,0,0,67.21293256741718,241.5340715647552,48.83916370811567,8,0.7999999999999999,1.6907784851931151,844,D_pmar=0.054_dist=500_repair_6_males=6_nmar=5,6,5
0.054,9,0,500,67.16727670163624,186.05433597864845,103.80902821144062,13,1.3,1.8104908202684349,844,D_pmar=0.054_dist=500_repair_6_males=6_nmar=5,6,5
0.054,9,500,0,74.18511814894512,209.63825907842045,73.26510314916494,12,1.2,1.77049262440367,844,D_pmar=0.054_dist=500_repair_6_males=6_nmar=5,6,5
0,10,500,500,72.16603340024403,251.261252817014,36.62057750556439,0,0,0,844,D_pmar=0.054_dist=500_repair_6_males=6_nmar=5,6,5
0.054,10,1000,0,69.4650067305504,213.4679603933272,73.68117376793315,18,1.8000000000000005,1.8207605150345456,844,D_pmar=0.054_dist=500_repair_6_males=6_nmar=5,6,5
0.054,6,1000,500,69.53048440348921,256.6037225648395,30.52562833990277,9,0.8999999999999999,2.545440692787928,844,D_pmar=0.054_dist=500_repair_6_males=6_nmar=5,6,5
0.054,14,0,0,70.63582171546032,194.57295618611784,91.87979137555044,13,1.3,1.664340160569714,845,D_pmar=0.054_dist=500_repair_6_males=6_nmar=5,6,5
0.054,9,0,500,72.05949957248374,248.49295658818593,36.597985284928455,9,0.8999999999999999,1.963903250776988,845,D_pmar=0.054_dist=500_repair_6_males=6_nmar=5,6,5
0,7,500,0,70.0328873498227,235.19284114630912,54.800090990140575,0,0,0,845,D_pmar=0.054_dist=500_repair_6_males=6_nmar=5,6,5
0.054,6,500,500,69.28870689942632,214.29284946457227,73.52324922897263,12,1.2,1.7807402795767422,845,D_pmar=0.054_dist=500_repair_6_males=6_nmar=5,6,5
0.054,12,1000,0,71.1472839466658,242.4315493287744,42.925463842313754,13,1.3,2.2215408043628977,845,D_pmar=0.054_dist=500_repair_6_males=6_nmar=5,6,5
0.054,6,1000,500,68.8016194017437,226.9465533744654,61.07122640474441,12,1.2,2.1474433477245483,845,D_pmar=0.054_dist=500_repair_6_males=6_nmar=5,6,5
0.054,8,0,0,71.4874989533378,248.4097877195634,36.541559787757656,14,1.4,2.3239246139605423,846,D_pmar=0.054_dist=500_repair_6_males=6_nmar=5,6,5
0.054,5,0,500,71.19034950413182,175.10233963536004,111.80018255183478,7,0.7,1.344237680830219,846,D_pmar=0.054_dist=500_repair_6_males=6_nmar=5,6,5
0.054,5,500,0,68.84486217805404,268.86858077529934,18.55496281466445,13,1.3,2.5000000000000036,846,D_pmar=0.054_dist=500_repair_6_males=6_nmar=5,6,5
0.054,14,500,500,66.89488911969487,264.84028159301636,24.439444724420586,16,1.6000000000000003,2.2541030437687857,846,D_pmar=0.054_dist=500_repair_6_males=6_nmar=5,6,5
0,9,1000,0,69.6913597940885,191.30162454422964,99.0913206937176,0,0,0,846,D_pmar=0.054_dist=500_repair_6_males=6_nmar=5,6,5
0.054,13,1000,500,72.79891543767859,215.36003580681975,68.66854972218053,11,1.1,2.151414942059127,846,D_pmar=0.054_dist=500_repair_6_males=6_nmar=5,6,5
0.054,10,0,0,70.38065643077597,253.24800414387727,33.23255485682155,11,1.1,2.1153883405289413,847,D_pmar=0.054_dist=500_repair_6_males=6_nmar=5,6,5
0,8,0,500,69.51109886407856,192.88955948941685,97.69351213390064,0,0,0,847,D_pmar=0.054_dist=500_repair_6_males=6_nmar=5,6,5
0.054,15,500,0,73.25163151294853,228.57562875576545,55.02192859177788,11,1.1,2.1841513671140595,847,D_pmar=0.054_dist=500_repair_6_males=6_nmar=5,6,5
0.054,5,500,500,68.11186821570223,204.54100987665765,85.10648424565083,6,0.6,1.737074781489412,847,D_pmar=0.054_dist=500_repair_6_males=6_nmar=5,6,5
0.054,10,1000,0,71.03279413508032,224.76632743319547,61.14181492749355,13,1.3,2.008554458835658,847,D_pmar=0.054_dist=500_repair_6_males=6_nmar=5,6,5
0.054,6,1000,500,72.20689591765233,265.7947426591349,18.169363190768596,17,1.7000000000000004,2.3353829587962593,847,D_pmar=0.054_dist=500_repair_6_males=6_nmar=5,6,5
0.054,10,0,0,72.07971942488547,222.29580196801044,63.07644383919502,8,0.7999999999999999,1.852663376174146,848,D_pmar=0.054_dist=500_repair_6_males=6_nmar=5,6,5
0.054,10,0,500,70.98678225489411,218.0942049538544,67.41966463811673,16,1.6000000000000003,1.9907407407407405,848,D_pmar=0.054_dist=500_repair_6_males=6_nmar=5,6,5
0.054,7,500,0,74.60191703460782,225.00090629462292,57.83449864338509,11,1.1,1.6603685662351348,848,D_pmar=0.054_dist=500_repair_6_males=6_nmar=5,6,5
0,11,500,500,70.09570843107323,246.99760977432416,42.94033790226137,0,0,0,848,D_pmar=0.054_dist=500_repair_6_males=6_nmar=5,6,5
0.054,5,1000,0,73.97986782155799,210.32054612932677,72.20504560971678,14,1.4,2.1762081784449014,848,D_pmar=0.054_dist=500_repair_6_males=6_nmar=5,6,5
0.054,11,1000,500,70.73700845647795,231.8301754920873,54.86586768622862,11,1.1,1.764194523972139,848,D_pmar=0.054_dist=500_repair_6_males=6_nmar=5,6,5
0,7,0,0,70.26789112359266,241.2022924335864,48.59544636477053,0,0,0,849,D_pmar=0.054_dist=500_repair_6_males=6_nmar=5,6,5
0.054,6,0,500,71.34915014119318,232.29544036153325,53.759147902186726,10,1,1.8219491651041515,849,D_pmar=0.054_dist=500_repair_6_males=6_nmar=5,6,5
0.054,12,500,0,70.58569219715918,247.55908926525316,39.34136173648405,7,0.7,1.962939580398687,849,D_pmar=0.054_dist=500_repair_6_males=6_nmar=5,6,5
0.054,10,500,500,69.73851491651752,237.6327689995345,48.78943869073827,11,1.1,2.739706922669619,849,D_pmar=0.054_dist=500_repair_6_males=6_nmar=5,6,5
0.054,8,1000,0,73.80878729833842,234.3695720436237,48.87725758796983,11,1.1,2.064134739926726,849,D_pmar=0.054_dist=500_repair_6_males=6_nmar=5,6,5
0.054,11,1000,500,68.0738447950328,221.2029483408624,67.68536410436238,12,1.2,1.866375393471516,849,D_pmar=0.054_dist=500_repair_6_males=6_nmar=5,6,5
0.054,8,0,0,66.70272811249328,252.95905490888777,36.741104046242114,16,1.6000000000000003,2.159358130728285,84,D_pmar=0.054_dist=500_repair_6_males=6_nmar=5,6,5
0.054,7,0,500,73.68781120484743,234.75123974432128,49.16207168996992,9,0.8999999999999999,1.6114414717298733,84,D_pmar=0.054_dist=500_repair_6_males=6_nmar=5,6,5
0,13,500,0,67.8971262565394,231.18475118516244,60.924790843479734,0,0,0,84,D_pmar=0.054_dist=500_repair_6_males=6_nmar=5,6,5
0.054,10,500,500,72.20871179708406,239.4403674208777,45.77067801048004,8,0.7999999999999999,1.9007569067640753,84,D_pmar=0.054_dist=500_repair_6_males=6_nmar=5,6,5
0.054,10,1000,0,68.39441407242545,204.55262450764585,85.03773491140268,8,0.7999999999999999,1.4288870847536537,84,D_pmar=0.054_dist=500_repair_6_males=6_nmar=5,6,5
0.054,6,1000,500,66.40191117374731,266.055452373584,24.398550147384675,9,0.8999999999999999,2.319728039934658,84,D_pmar=0.054_dist=500_repair_6_males=6_nmar=5,6,5
0.054,13,0,0,71.56325257869732,242.08646934545297,42.9577172843476,15,1.5000000000000002,1.9669111747332664,850,D_pmar=0.054_dist=500_repair_6_males=6_nmar=5,6,5
0.054,14,0,500,71.37965124430784,170.28919711006455,116.18176865305028,11,1.1,1.1805555555555554,850,D_pmar=0.054_dist=500_repair_6_males=6_nmar=5,6,5
0.054,8,500,0,70.11947440755789,226.21821777341088,61.30817871501729,9,0.8999999999999999,1.6959387295973007,850,D_pmar=0.054_dist=500_repair_6_males=6_nmar=5,6,5
0.054,3,500,500,72.70615371110294,234.9177770190994,49.19853807067175,12,1.2,2.0522199569229884,850,D_pmar=0.054_dist=500_repair_6_males=6_nmar=5,6,5
0,9,1000,0,72.57268570828407,250.90356121950745,36.607661496490685,0,0,0,850,D_pmar=0.054_dist=500_repair_6_males=6_nmar=5,6,5
0.054,7,1000,500,70.00681982485352,217.43075374152212,69.16885535133855,15,1.5000000000000002,1.9854063106875095,850,D_pmar=0.054_dist=500_repair_6_males=6_nmar=5,6,5
0.054,9,0,0,70.23238765049321,216.86478585867692,69.61586915808107,16,1.6000000000000003,1.874166436084667,851,D_pmar=0.054_dist=500_repair_6_males=6_nmar=5,6,5
0.054,9,0,500,69.4932167363291,238.70776115005452,48.69471802599436,10,1,2.161003218965912,851,D_pmar=0.054_dist=500_repair_6_males=6_nmar=5,6,5
0,7,500,0,67.58567740470662,274.3384066158016,18.14254610359703,0,0,0,851,D_pmar=0.054_dist=500_repair_6_males=6_nmar=5,6,5
0.054,14,500,500,72.46992950928787,205.22058387014084,79.55788927472045,9,0.8999999999999999,1.8918500477166165,851,D_pmar=0.054_dist=500_repair_6_males=6_nmar=5,6,5
0.054,6,1000,0,71.01346241165878,230.88992278471272,54.65010803967264,9,0.8999999999999999,2.649266650524934,851,D_pmar=0.054_dist=500_repair_6_males=6_nmar=5,6,5
0.054,9,1000,500,66.94942700307385,235.1780903345462,55.13423729696884,10,1,1.978825957737003,851,D_pmar=0.054_dist=500_repair_6_males=6_nmar=5,6,5
0.054,10,0,0,70.65117573899335,243.2034317766235,42.864384087258,10,1,2.359748275392462,852,D_pmar=0.054_dist=500_repair_6_males=6_nmar=5,6,5
0.054,10,0,500,67.18125877880571,235.68135265963232,54.855848836951985,8,0.7999999999999999,1.6101006756042595,852,D_pmar=0.054_dist=500_repair_6_males=6_nmar=5,6,5
0.054,11,500,0,68.40786319119525,227.24933732954608,60.97728894884558,12,1.2,2.2087924574438285,852,D_pmar=0.054_dist=500_repair_6_males=6_nmar=5,6,5
0,8,500,500,67.72190924118904,220.12088728626992,72.34083270359798,0,0,0,852,D_pmar=0.054_dist=500_repair_6_males=6_nmar=5,6,5
0.054,7,1000,0,71.87364062899826,260.6901624694399,24.34877791988183,12,1.2,2.0986683992752924,852,D_pmar=0.054_dist=500_repair_6_males=6_nmar=5,6,5
0.054,8,1000,500,68.84900994919774,236.84569900673972,51.734738505809354,9,0.8999999999999999,1.791314266454866,852,D_pmar=0.054_dist=500_repair_6_males=6_nmar=5,6,5
0,7,0,0,71.43576095215292,264.35551819066495,24.36274082825058,0,0,0,853,D_pmar=0.054_dist=500_repair_6_males=6_nmar=5,6,5
0.054,11,0,500,69.33412823276322,238.92092894914663,48.63143736179159,10,1,2.232469877395296,853,D_pmar=0.054_dist=500_repair_6_males=6_nmar=5,6,5
0.054,8,500,0,71.52271139587744,230.52281863949187,54.796529996170456,12,1.2,2.014018995351857,853,D_pmar=0.054_dist=500_repair_6_males=6_nmar=5,6,5
0.054,14,500,500,72.38869088079721,199.23074003440823,85.51397852558006,10,1,1.9652660864956395,853,D_pmar=0.054_dist=500_repair_6_males=6_nmar=5,6,5
0.054,9,1000,0,70.80632025312794,225.406660369962,60.76896288537638,11,1.1,2.1537414481560795,853,D_pmar=0.054_dist=500_repair_6_males=6_nmar=5,6,5
0.054,5,1000,500,73.4777597828915,209.97849832117157,73.29136809491531,14,1.4,1.9295217374844291,853,D_pmar=0.054_dist=500_repair_6_males=6_nmar=5,6,5
0.054,11,0,0,70.4044371392016,243.99242552955695,42.821722974488104,13,1.3,1.8126651803093807,854,D_pmar=0.054_dist=500_repair_6_males=6_nmar=5,6,5
0,4,0,500,71.63697632336341,238.9957775870238,49.408340276039375,0,0,0,854,D_pmar=0.054_dist=500_repair_6_males=6_nmar=5,6,5
0.054,10,500,0,73.46699480297718,264.4336037880629,18.33136508306837,10,1,2.867340406821059,854,D_pmar=0.054_dist=500_repair_6_males=6_nmar=5,6,5
0.054,10,500,500,71.47431787872999,205.2923240728398,79.91616211500532,13,1.3,2.0333476952214333,854,D_pmar=0.054_dist=500_repair_6_males=6_nmar=5,6,5
0.054,10,1000,0,70.10313792954973,226.326721163316,60.63506355441928,11,1.1,1.944444444444444,854,D_pmar=0.054_dist=500_repair_6_males=6_nmar=5,6,5
0.054,9,1000,500,73.39153135168642,211.7857225883446,72.87978078445636,6,0.6,1.469262406365731,854,D_pmar=0.054_dist=500_repair_6_males=6_nmar=5,6,5
0.054,5,0,0,70.38362342779311,225.19042224319097,60.90804297955006,13,1.3,2.239072269938841,855,D_pmar=0.054_dist=500_repair_6_males=6_nmar=5,6,5
0.054,5,0,500,67.46200373037985,269.563993582147,18.427859176511795,15,1.5000000000000002,3.387433865884379,855,D_pmar=0.054_dist=500_repair_6_males=6_nmar=5,6,5
0,8,500,0,69.68197959738526,217.434798221065,72.98432795284351,0,0,0,855,D_pmar=0.054_dist=500_repair_6_males=6_nmar=5,6,5
0.054,15,500,500,71.39270771192525,207.5378503868681,79.33943719776998,8,0.7999999999999999,1.3147914322505396,855,D_pmar=0.054_dist=500_repair_6_males=6_nmar=5,6,5
0.054,15,1000,0,67.97080931199365,204.5021844094541,85.20238607604529,10,1,1.467240192380792,855,D_pmar=0.054_dist=500_repair_6_males=6_nmar=5,6,5
0.054,6,1000,500,69.60636385490587,269.3850903222502,18.258133233585156,9,0.8999999999999999,2.0425015735532357,855,D_pmar=0.054_dist=500_repair_6_males=6_nmar=5,6,5
0,7,0,0,72.65575736512496,244.9102570147807,42.68126407611553,0,0,0,856,D_pmar=0.054_dist=500_repair_6_males=6_nmar=5,6,5
0.054,7,0,500,71.15421760901715,253.2733629386187,31.804022296152667,14,1.4,2.4515801377050215,856,D_pmar=0.054_dist=500_repair_6_males=6_nmar=5,6,5
0.054,9,500,0,74.22608536782936,215.63628253078627,67.16118332813629,11,1.1,1.912671689767812,856,D_pmar=0.054_dist=500_repair_6_males=6_nmar=5,6,5
0.054,17,500,500,69.75931062955944,214.5404685325935,73.53993082553016,6,0.6,1.597222222222222,856,D_pmar=0.054_dist=500_repair_6_males=6_nmar=5,6,5
0.054,7,1000,0,70.24223851772717,177.2642795026016,109.9437647434608,12,1.2,1.3730025115505726,856,D_pmar=0.054_dist=500_repair_6_males=6_nmar=5,6,5
0.054,7,1000,500,72.72330143531197,258.7198203106828,24.272700869476513,16,1.6000000000000003,2.7868147432882098,856,D_pmar=0.054_dist=500_repair_6_males=6_nmar=5,6,5
0,13,0,0,69.01200873272415,217.85580748793217,73.25571893567549,0,0,0,857,D_pmar=0.054_dist=500_repair_6_males=6_nmar=5,6,5
0.054,10,0,500,71.03053291826181,168.35528118721678,118.39783046346292,11,1.1,1.2261704339925263,857,D_pmar=0.054_dist=500_repair_6_males=6_nmar=5,6,5
0.054,7,500,0,71.33692870600737,236.3731546719731,48.549549351587466,18,1.8000000000000005,1.9722235651934588,857,D_pmar=0.054_dist=500_repair_6_males=6_nmar=5,6,5
0.054,6,500,500,74.52153755348591,190.798879643665,91.85214542358888,11,1.1,1.7592592592592589,857,D_pmar=0.054_dist=500_repair_6_males=6_nmar=5,6,5
0.054,8,1000,0,71.49672051790085,230.28053470190667,55.2642242428733,12,1.2,1.934304856141302,857,D_pmar=0.054_dist=500_repair_6_males=6_nmar=5,6,5
0.054,10,1000,500,69.39896195586378,280.4176117099809,6.062604699174606,13,1.3,2.8611151400248263,857,D_pmar=0.054_dist=500_repair_6_males=6_nmar=5,6,5
0.054,5,0,0,72.0488187763248,234.02031360313777,50.85718867214629,12,1.2,2.1114167461943616,858,D_pmar=0.054_dist=500_repair_6_males=6_nmar=5,6,5
0.054,10,0,500,75.89531735770727,255.84018020290617,24.266561904986418,13,1.3,2.738873358754287,858,D_pmar=0.054_dist=500_repair_6_males=6_nmar=5,6,5
0.054,8,500,0,67.91357431650145,190.46536240959813,97.8438627879038,19,1.9000000000000008,1.987732816784462,858,D_pmar=0.054_dist=500_repair_6_males=6_nmar=5,6,5
0,10,500,500,68.79863070691661,156.80986130582892,134.51385646251617,0,0,0,858,D_pmar=0.054_dist=500_repair_6_males=6_nmar=5,6,5
0.054,6,1000,0,67.23150346045873,234.8812291294598,54.94230408082156,12,1.2,2.053560753048602,858,D_pmar=0.054_dist=500_repair_6_males=6_nmar=5,6,5
0.054,15,1000,500,66.94271546978693,233.92163126637664,55.515328865650545,13,1.3,2.32109087565331,858,D_pmar=0.054_dist=500_repair_6_males=6_nmar=5,6,5
0.054,14,0,0,71.30247475466115,200.186870126015,85.659447436519,9,0.8999999999999999,1.9907407407407405,859,D_pmar=0.054_dist=500_repair_6_males=6_nmar=5,6,5
0.054,4,0,500,71.20917063636452,260.55168812009344,24.24974231795156,13,1.3,2.7465695281390996,859,D_pmar=0.054_dist=500_repair_6_males=6_nmar=5,6,5
0.054,12,500,0,73.82787705031768,253.14307493776587,29.77197624858284,16,1.6000000000000003,1.818434008937593,859,D_pmar=0.054_dist=500_repair_6_males=6_nmar=5,6,5
0.054,10,500,500,71.9370032092343,176.51899279617922,109.79888151475684,8,0.7999999999999999,1.122344476255522,859,D_pmar=0.054_dist=500_repair_6_males=6_nmar=5,6,5
0,8,1000,0,70.47521812527006,230.4788648966614,59.2681936392372,0,0,0,859,D_pmar=0.054_dist=500_repair_6_males=6_nmar=5,6,5
0.054,6,1000,500,71.89721082938392,216.786497756608,67.49807778211236,16,1.6000000000000003,2.3070017326086267,859,D_pmar=0.054_dist=500_repair_6_males=6_nmar=5,6,5
0.054,14,0,0,71.00283552861941,218.7871214219553,67.12914567717685,11,1.1,2.115743426683215,85,D_pmar=0.054_dist=500_repair_6_males=6_nmar=5,6,5
0,6,0,500,69.83189179563314,265.70783437117643,24.72929328397065,0,0,0,85,D_pmar=0.054_dist=500_repair_6_males=6_nmar=5,6,5
0.054,7,500,0,70.18336453074897,256.26858619778596,30.564025548435367,10,1,2.0412908838905905,85,D_pmar=0.054_dist=500_repair_6_males=6_nmar=5,6,5
0.054,5,500,500,70.26065478512278,219.74441332166623,67.00821470314288,11,1.1,2.0203170957833883,85,D_pmar=0.054_dist=500_repair_6_males=6_nmar=5,6,5
0.054,12,1000,0,71.31448287103065,199.7837611358108,85.82374205338247,13,1.3,1.8088457320308085,85,D_pmar=0.054_dist=500_repair_6_males=6_nmar=5,6,5
0.054,10,1000,500,66.73481953175803,229.2470950837969,61.0721366689344,10,1,1.9492275631013172,85,D_pmar=0.054_dist=500_repair_6_males=6_nmar=5,6,5
0.054,8,0,0,72.3208614942914,229.2648816792941,54.97739703942117,12,1.2,2.3167421555714185,860,D_pmar=0.054_dist=500_repair_6_males=6_nmar=5,6,5
0.054,10,0,500,66.90362034740497,247.6203845231171,42.882294465643625,9,0.8999999999999999,1.7647237957754578,860,D_pmar=0.054_dist=500_repair_6_males=6_nmar=5,6,5
0.054,6,500,0,69.1095322608007,227.5905122021105,61.310675215947995,6,0.6,1.5618549989583232,860,D_pmar=0.054_dist=500_repair_6_males=6_nmar=5,6,5
0,9,500,500,73.65092284016612,207.1153723034424,79.37705140307895,0,0,0,860,D_pmar=0.054_dist=500_repair_6_males=6_nmar=5,6,5
0.054,15,1000,0,70.02203435143744,218.93168433284515,67.62770572634983,14,1.4,2.217569210028319,860,D_pmar=0.054_dist=500_repair_6_males=6_nmar=5,6,5
0.054,6,1000,500,71.80420764090363,247.2523774394538,36.49162178910088,16,1.6000000000000003,2.9819432915344555,860,D_pmar=0.054_dist=500_repair_6_males=6_nmar=5,6,5
0,9,0,0,71.4484464713681,227.82926484096504,60.7823928241282,0,0,0,861,D_pmar=0.054_dist=500_repair_6_males=6_nmar=5,6,5
0.054,8,0,500,72.43885663996261,210.52957217774585,73.06529507358671,18,1.8000000000000005,2.272772365372074,861,D_pmar=0.054_dist=500_repair_6_males=6_nmar=5,6,5
0.054,7,500,0,71.20398810046446,242.4213629104846,42.71063577831899,18,1.8000000000000005,1.9741729455430983,861,D_pmar=0.054_dist=500_repair_6_males=6_nmar=5,6,5
0.054,6,500,500,70.09473286741681,214.88733205540436,72.88764791821653,7,0.7,1.469262406365731,861,D_pmar=0.054_dist=500_repair_6_males=6_nmar=5,6,5
0.054,10,1000,0,65.31188319343481,212.41808280331213,79.44181949326615,11,1.1,1.8200790971752192,861,D_pmar=0.054_dist=500_repair_6_males=6_nmar=5,6,5
0.054,14,1000,500,69.7162847765837,195.52423197003264,91.41310197635828,15,1.5000000000000002,1.8518518518518512,861,D_pmar=0.054_dist=500_repair_6_males=6_nmar=5,6,5
0.054,9,0,0,73.27151272000036,207.67438956157108,76.30820606107157,11,1.1,1.7361111111111107,862,D_pmar=0.054_dist=500_repair_6_males=6_nmar=5,6,5
0.054,8,0,500,71.22753413419011,207.6559385375516,78.85510321642333,6,0.6,1.8503368700771932,862,D_pmar=0.054_dist=500_repair_6_males=6_nmar=5,6,5
0.054,5,500,0,69.16760777928569,231.667251241138,55.05407959548771,14,1.4,2.7687540059089475,862,D_pmar=0.054_dist=500_repair_6_males=6_nmar=5,6,5
0.054,5,500,500,69.46320732720712,262.14979853471476,24.329162229954775,12,1.2,2.9140138288646664,862,D_pmar=0.054_dist=500_repair_6_males=6_nmar=5,6,5
0.054,13,1000,0,73.1592068536585,234.29886968878637,49.29475546021855,13,1.3,1.967592592592592,862,D_pmar=0.054_dist=500_repair_6_males=6_nmar=5,6,5
0,14,1000,500,73.2498040873647,231.8382537142658,55.07540650312332,0,0,0,862,D_pmar=0.054_dist=500_repair_6_males=6_nmar=5,6,5
0.054,7,0,0,68.00509629137463,257.1395503287055,30.444049647950443,15,1.5000000000000002,3.0363349225559153,863,D_pmar=0.054_dist=500_repair_6_males=6_nmar=5,6,5
0,10,0,500,70.26601138148952,173.8345846416632,115.92125658948304,0,0,0,863,D_pmar=0.054_dist=500_repair_6_males=6_nmar=5,6,5
0.054,8,500,0,71.40040217134899,240.95546815005375,44.77896797769399,9,0.8999999999999999,1.9811304242409171,863,D_pmar=0.054_dist=500_repair_6_males=6_nmar=5,6,5
0.054,10,500,500,72.14608544158415,211.9097521641811,73.30021185023669,10,1,1.7721377126412967,863,D_pmar=0.054_dist=500_repair_6_males=6_nmar=5,6,5
0.054,7,1000,0,72.09065777147043,260.22917660129906,24.450164503827356,12,1.2,2.088623684200487,863,D_pmar=0.054_dist=500_repair_6_males=6_nmar=5,6,5
0.054,12,1000,500,71.27893313514934,224.46035535190683,61.127607572190065,12,1.2,1.951706215254276,863,D_pmar=0.054_dist=500_repair_6_males=6_nmar=5,6,5
0.054,13,0,0,73.54337722758571,216.14098520977043,67.21350990657398,13,1.3,1.9667590286772596,864,D_pmar=0.054_dist=500_repair_6_males=6_nmar=5,6,5
0.054,5,0,500,72.90728189891831,222.68573798392467,60.93988921448053,10,1,2.55616682572206,864,D_pmar=0.054_dist=500_repair_6_males=6_nmar=5,6,5
0.054,9,500,0,69.30486727274462,238.35253895617296,48.90732379054841,13,1.3,2.2045386105902742,864,D_pmar=0.054_dist=500_repair_6_males=6_nmar=5,6,5
0.054,13,500,500,69.40864690470285,190.673854992049,97.53354188462656,10,1,1.546272913732021,864,D_pmar=0.054_dist=500_repair_6_males=6_nmar=5,6,5
0,4,1000,0,69.77184206830705,253.90535653787995,36.37289934546364,0,0,0,864,D_pmar=0.054_dist=500_repair_6_males=6_nmar=5,6,5
0.054,10,1000,500,68.04141922059995,233.45551402040465,55.230613239608125,14,1.4,1.949908980960643,864,D_pmar=0.054_dist=500_repair_6_males=6_nmar=5,6,5
0.054,7,0,0,72.24583924622253,229.59591910582276,55.06551800320466,11,1.1,2.2245266887261375,865,D_pmar=0.054_dist=500_repair_6_males=6_nmar=5,6,5
0.054,8,0,500,69.2365060653403,190.4107237866375,97.6186112145489,14,1.4,1.5581876967357575,865,D_pmar=0.054_dist=500_repair_6_males=6_nmar=5,6,5
0.054,7,500,0,69.07996212215296,190.7596165239189,97.51336831516956,11,1.1,1.708309950769058,865,D_pmar=0.054_dist=500_repair_6_males=6_nmar=5,6,5
0.054,6,500,500,68.99760718941907,250.23940127950792,36.80118065871848,15,1.5000000000000002,2.521611126780454,865,D_pmar=0.054_dist=500_repair_6_males=6_nmar=5,6,5
0.054,15,1000,0,67.36505294112354,233.6742832433838,54.80382001358356,20,2.0000000000000004,2.2271574869351034,865,D_pmar=0.054_dist=500_repair_6_males=6_nmar=5,6,5
0,11,1000,500,72.86863486026166,195.71456167651883,91.63104786916028,0,0,0,865,D_pmar=0.054_dist=500_repair_6_males=6_nmar=5,6,5
0.054,8,0,0,71.6879511340414,255.92246531090387,29.362084282592708,12,1.2,1.921296296296296,866,D_pmar=0.054_dist=500_repair_6_males=6_nmar=5,6,5
0.054,10,0,500,71.34546581678849,185.29522046828905,101.12282364127596,6,0.6,1.6524253775659767,866,D_pmar=0.054_dist=500_repair_6_males=6_nmar=5,6,5
0.054,9,500,0,72.73180412258647,193.6976857237401,91.0809352265006,10,1,1.5618549989583232,866,D_pmar=0.054_dist=500_repair_6_males=6_nmar=5,6,5
0.054,11,500,500,71.67676912738723,259.2822663564069,24.592868278484573,19,1.9000000000000008,2.7511432279122983,866,D_pmar=0.054_dist=500_repair_6_males=6_nmar=5,6,5
0,7,1000,0,66.47097262372759,241.26982368901776,52.261801140270286,0,0,0,866,D_pmar=0.054_dist=500_repair_6_males=6_nmar=5,6,5
0.054,9,1000,500,71.64084811595515,230.11938154833948,55.08458123579661,12,1.2,2.1186785170041937,866,D_pmar=0.054_dist=500_repair_6_males=6_nmar=5,6,5
0.054,10,0,0,68.64520787832706,225.32388632002417,63.928856721956166,7,0.7,1.5158629947740403,867,D_pmar=0.054_dist=500_repair_6_males=6_nmar=5,6,5
0.054,11,0,500,70.64973916724057,236.185289014574,50.2028297029308,11,1.1,1.9131789219780932,867,D_pmar=0.054_dist=500_repair_6_males=6_nmar=5,6,5
0,4,500,0,68.60964095160628,248.50813559159548,43.0104294300682,0,0,0,867,D_pmar=0.054_dist=500_repair_6_males=6_nmar=5,6,5
0.054,4,500,500,70.92140974540355,255.75004749380403,30.226432834274913,11,1.1,2.1807090445827995,867,D_pmar=0.054_dist=500_repair_6_males=6_nmar=5,6,5
0.054,17,1000,0,73.24637894598706,228.40867822346544,54.858080609887395,15,1.5000000000000002,2.0281081383965396,867,D_pmar=0.054_dist=500_repair_6_males=6_nmar=5,6,5
0.054,8,1000,500,73.01802838755131,204.65946889350477,79.64226669463922,10,1,1.799257455124024,867,D_pmar=0.054_dist=500_repair_6_males=6_nmar=5,6,5
0.054,7,0,0,71.55256139204626,164.83008521159638,121.80280312849128,7,0.7,1.2037037037037035,868,D_pmar=0.054_dist=500_repair_6_males=6_nmar=5,6,5
0,8,0,500,70.20255157157169,240.97456414772893,48.976242838670146,0,0,0,868,D_pmar=0.054_dist=500_repair_6_males=6_nmar=5,6,5
0.054,10,500,0,70.40778176671,201.2585811491595,85.12994891137247,13,1.3,2.0135625571838367,868,D_pmar=0.054_dist=500_repair_6_males=6_nmar=5,6,5
0.054,9,500,500,72.21041297289229,223.31698549354263,61.107218089262375,15,1.5000000000000002,2.0429359721282174,868,D_pmar=0.054_dist=500_repair_6_males=6_nmar=5,6,5
0.054,13,1000,0,68.00714932954989,236.56687285305225,51.72146936020501,15,1.5000000000000002,2.2685185185185204,868,D_pmar=0.054_dist=500_repair_6_males=6_nmar=5,6,5
0.054,7,1000,500,72.25980483353878,271.7918908082293,12.167092084811806,13,1.3,2.6806622794542525,868,D_pmar=0.054_dist=500_repair_6_males=6_nmar=5,6,5
0.054,4,0,0,74.54938964885761,239.58932464394377,42.42153066537211,13,1.3,2.26369132067557,869,D_pmar=0.054_dist=500_repair_6_males=6_nmar=5,6,5
0.054,9,0,500,70.64581727565538,225.1566693469191,61.11992812440734,15,1.5000000000000002,2.065649721701384,869,D_pmar=0.054_dist=500_repair_6_males=6_nmar=5,6,5
0,6,500,0,72.98245336668182,256.787874485805,30.260151332976335,0,0,0,869,D_pmar=0.054_dist=500_repair_6_males=6_nmar=5,6,5
0.054,14,500,500,71.3910747454803,214.71947440794148,71.34519501510574,10,1,1.5677759736425427,869,D_pmar=0.054_dist=500_repair_6_males=6_nmar=5,6,5
0.054,7,1000,0,73.16142442952903,194.402174457442,89.14876640866237,14,1.4,1.901438324623401,869,D_pmar=0.054_dist=500_repair_6_males=6_nmar=5,6,5
0.054,14,1000,500,74.79562082323969,221.623413993064,60.88471105605762,7,0.7,2.0938852806184194,869,D_pmar=0.054_dist=500_repair_6_males=6_nmar=5,6,5
0.054,4,0,0,67.89034802036832,245.64956438668943,42.538342096783666,14,1.4,2.5265684310863725,86,D_pmar=0.054_dist=500_repair_6_males=6_nmar=5,6,5
0.054,10,0,500,73.03367343318406,258.53932991449295,24.35100097304811,14,1.4,2.722001271444632,86,D_pmar=0.054_dist=500_repair_6_males=6_nmar=5,6,5
0.054,6,500,0,75.37971479843846,208.7152969150513,73.32465932955303,8,0.7999999999999999,1.9203105863249563,86,D_pmar=0.054_dist=500_repair_6_males=6_nmar=5,6,5
0.054,11,500,500,71.31601007142096,206.59871398711505,79.46094090880956,9,0.8999999999999999,1.7969309490270715,86,D_pmar=0.054_dist=500_repair_6_males=6_nmar=5,6,5
0,17,1000,0,69.98096753604244,210.78087894414375,79.26002409982694,0,0,0,86,D_pmar=0.054_dist=500_repair_6_males=6_nmar=5,6,5
0.054,6,1000,500,71.32159036213186,242.98377565649704,42.64730440715384,11,1.1,2.0090837306389773,86,D_pmar=0.054_dist=500_repair_6_males=6_nmar=5,6,5
0.054,6,0,0,74.80081901164053,226.65376615541737,55.45347261264569,12,1.2,1.9103451836708596,870,D_pmar=0.054_dist=500_repair_6_males=6_nmar=5,6,5
0,13,0,500,70.37047319040704,215.96409230046405,73.76549464139198,0,0,0,870,D_pmar=0.054_dist=500_repair_6_males=6_nmar=5,6,5
0.054,4,500,0,72.27146481940031,211.34661825776843,73.36576686311952,12,1.2,1.9844934343514695,870,D_pmar=0.054_dist=500_repair_6_males=6_nmar=5,6,5
0.054,14,500,500,67.96964403531734,224.7403237520918,63.38974307904742,18,1.8000000000000005,2.1018284692875775,870,D_pmar=0.054_dist=500_repair_6_males=6_nmar=5,6,5
0.054,9,1000,0,65.80062386268693,253.96698800298051,36.55726437804136,16,1.6000000000000003,2.142863169165942,870,D_pmar=0.054_dist=500_repair_6_males=6_nmar=5,6,5
0.054,8,1000,500,67.96874226049466,183.39601900197871,106.49950752554112,10,1,1.3283513034919034,870,D_pmar=0.054_dist=500_repair_6_males=6_nmar=5,6,5
0.054,14,0,0,71.22533958151126,212.5158485181194,73.07193052777544,10,1,2.261539000227663,871,D_pmar=0.054_dist=500_repair_6_males=6_nmar=5,6,5
0.054,8,0,500,69.17670859773352,267.8573774372636,18.27333171287387,17,1.7000000000000004,3.0433144408467747,871,D_pmar=0.054_dist=500_repair_6_males=6_nmar=5,6,5
0.054,8,500,0,67.44743453929188,216.88847374438544,73.00135823212925,10,1,2.0022563584041264,871,D_pmar=0.054_dist=500_repair_6_males=6_nmar=5,6,5
0.054,5,500,500,69.94073366782622,227.0264230993029,60.86880073738651,5,0.5,1.8607587108993104,871,D_pmar=0.054_dist=500_repair_6_males=6_nmar=5,6,5
0,4,1000,0,68.52303909626814,255.00844927384884,36.489351218000664,0,0,0,871,D_pmar=0.054_dist=500_repair_6_males=6_nmar=5,6,5
0.054,15,1000,500,68.58814578011538,211.27661528904548,77.09882368934797,14,1.4,1.6435185185185182,871,D_pmar=0.054_dist=500_repair_6_males=6_nmar=5,6,5
0.054,9,0,0,69.60958858325672,238.72380905904345,48.69978480849462,11,1.1,1.9391100143912137,872,D_pmar=0.054_dist=500_repair_6_males=6_nmar=5,6,5
0.054,8,0,500,68.11492586514248,257.90119325383927,30.540893613217097,14,1.4,2.250834906886571,872,D_pmar=0.054_dist=500_repair_6_males=6_nmar=5,6,5
0.054,5,500,0,70.15040822570491,250.05141391630156,36.61467950768517,8,0.7999999999999999,2.4684874582493066,872,D_pmar=0.054_dist=500_repair_6_males=6_nmar=5,6,5
0,8,500,500,74.18885193459666,182.08981698485027,103.7941312680762,0,0,0,872,D_pmar=0.054_dist=500_repair_6_males=6_nmar=5,6,5
0.054,16,1000,0,72.2726214336234,211.56445883637824,73.36429232897063,11,1.1,1.7466630583961962,872,D_pmar=0.054_dist=500_repair_6_males=6_nmar=5,6,5
0.054,8,1000,500,71.49740668921558,243.1405150352618,42.763442848605145,12,1.2,1.7647237957754576,872,D_pmar=0.054_dist=500_repair_6_males=6_nmar=5,6,5
0.054,9,0,0,75.35351410422894,184.693187701258,97.945568588312,6,0.6,1.4806479175661489,873,D_pmar=0.054_dist=500_repair_6_males=6_nmar=5,6,5
0.054,8,0,500,65.84446957941671,260.13072190367797,30.63300544211891,11,1.1,2.3253667620999017,873,D_pmar=0.054_dist=500_repair_6_males=6_nmar=5,6,5
0.054,17,500,0,71.65189180692091,212.5571417199908,73.20343514181819,10,1,1.6547518836629291,873,D_pmar=0.054_dist=500_repair_6_males=6_nmar=5,6,5
0.054,8,500,500,71.03423164185554,267.51055109236177,18.432497911818675,12,1.2,2.0006112701665004,873,D_pmar=0.054_dist=500_repair_6_males=6_nmar=5,6,5
0.054,4,1000,0,69.9099568094465,256.24801568191424,30.28650480078901,12,1.2,2.410523398233618,873,D_pmar=0.054_dist=500_repair_6_males=6_nmar=5,6,5
0,8,1000,500,71.84914212957692,227.67943424239195,60.68051465496503,0,0,0,873,D_pmar=0.054_dist=500_repair_6_males=6_nmar=5,6,5
0.054,4,0,0,71.82049301935673,266.2498136571711,18.284003063299934,13,1.3,2.602006683850336,874,D_pmar=0.054_dist=500_repair_6_males=6_nmar=5,6,5
0.054,9,0,500,72.10592411507723,186.562662976204,99.20269707764471,10,1,1.1822006437931818,874,D_pmar=0.054_dist=500_repair_6_males=6_nmar=5,6,5
0.054,14,500,0,73.68222761565072,209.90418491221703,73.25157558748577,11,1.1,2.0644390320387394,874,D_pmar=0.054_dist=500_repair_6_males=6_nmar=5,6,5
0.054,12,500,500,70.57923248759585,229.7921686089591,56.89788547608535,8,0.7999999999999999,2.04032721351229,874,D_pmar=0.054_dist=500_repair_6_males=6_nmar=5,6,5
0,8,1000,0,71.08245538206404,227.85020974584845,61.20326409177458,0,0,0,874,D_pmar=0.054_dist=500_repair_6_males=6_nmar=5,6,5
0.054,7,1000,500,70.98998121660097,255.27561283966745,30.303051983830652,15,1.5000000000000002,1.9854063106875095,874,D_pmar=0.054_dist=500_repair_6_males=6_nmar=5,6,5
0.054,10,0,0,74.11956241638012,257.3831125917339,24.418534461330808,20,2.0000000000000004,2.1881229614486393,875,D_pmar=0.054_dist=500_repair_6_males=6_nmar=5,6,5
0.054,11,0,500,71.06484870983927,237.6983028173693,49.22408144926563,5,0.5,1.633096677696401,875,D_pmar=0.054_dist=500_repair_6_males=6_nmar=5,6,5
0,9,500,0,70.30288328348325,222.86114833578375,67.1250098704225,0,0,0,875,D_pmar=0.054_dist=500_repair_6_males=6_nmar=5,6,5
0.054,11,500,500,69.03511125757618,251.64375273558,36.621330672605765,9,0.8999999999999999,1.9785216656249895,875,D_pmar=0.054_dist=500_repair_6_males=6_nmar=5,6,5
0.054,7,1000,0,70.71764960965298,189.28415501467725,98.55062439467125,6,0.6,0.9219543315913468,875,D_pmar=0.054_dist=500_repair_6_males=6_nmar=5,6,5
0.054,6,1000,500,68.9398849134976,275.5771097416924,12.121727810579252,8,0.7999999999999999,2.5824530042894542,875,D_pmar=0.054_dist=500_repair_6_males=6_nmar=5,6,5
0.054,7,0,0,72.90556201990759,211.45896993230696,73.18649057309383,10,1,1.5213275312902397,876,D_pmar=0.054_dist=500_repair_6_males=6_nmar=5,6,5
0.054,14,0,500,71.5631126021082,206.64273615336904,79.61789897417118,8,0.7999999999999999,1.62037037037037,876,D_pmar=0.054_dist=500_repair_6_males=6_nmar=5,6,5
0,5,500,0,69.57889517330572,278.2698372548572,12.260038237414747,0,0,0,876,D_pmar=0.054_dist=500_repair_6_males=6_nmar=5,6,5
0.054,8,500,500,69.09838244663749,215.0191911963589,73.24420586425569,9,0.8999999999999999,1.7471923301995154,876,D_pmar=0.054_dist=500_repair_6_males=6_nmar=5,6,5
0.054,6,1000,0,68.51274093729155,238.52744235211952,48.99944516115565,14,1.4,2.6132400489947476,876,D_pmar=0.054_dist=500_repair_6_males=6_nmar=5,6,5
0.054,14,1000,500,69.22171660727908,244.420705668298,43.034204766924645,13,1.3,2.067954188205298,876,D_pmar=0.054_dist=500_repair_6_males=6_nmar=5,6,5
0.054,12,0,0,69.85156565805079,250.3050725093017,36.37589501799292,13,1.3,2.268648624981489,877,D_pmar=0.054_dist=500_repair_6_males=6_nmar=5,6,5
0.054,16,0,500,69.63897389266415,231.88672378604343,55.150540704098994,16,1.6000000000000003,1.8804645365161985,877,D_pmar=0.054_dist=500_repair_6_males=6_nmar=5,6,5
0,6,500,0,71.72127572991239,190.41253725896996,97.89887779682856,0,0,0,877,D_pmar=0.054_dist=500_repair_6_males=6_nmar=5,6,5
0.054,11,500,500,72.52783442793987,227.3299940525579,57.55955431733044,12,1.2,1.5327130424906577,877,D_pmar=0.054_dist=500_repair_6_males=6_nmar=5,6,5
0.054,8,1000,0,73.71042513456071,217.6321178483807,67.00066765200779,4,0.4,1.423270402181448,877,D_pmar=0.054_dist=500_repair_6_males=6_nmar=5,6,5
0.054,1,1000,500,68.88855180016986,268.9441472257536,18.23598472537912,10,1,3.021767301750173,877,D_pmar=0.054_dist=500_repair_6_males=6_nmar=5,6,5
0.054,8,0,0,72.28725516957627,212.18381188570245,72.66703266314434,12,1.2,1.6811902082863308,878,D_pmar=0.054_dist=500_repair_6_males=6_nmar=5,6,5
0.054,10,0,500,71.03048693879192,248.9248857957118,36.33396572566483,11,1.1,2.654223954830852,878,D_pmar=0.054_dist=500_repair_6_males=6_nmar=5,6,5
0.054,13,500,0,71.27387661687868,206.7227263080569,79.2799100040383,11,1.1,1.637220418086987,878,D_pmar=0.054_dist=500_repair_6_males=6_nmar=5,6,5
0.054,9,500,500,68.52877396264509,230.0237086194384,58.10640985704179,11,1.1,2.2909852488073423,878,D_pmar=0.054_dist=500_repair_6_males=6_nmar=5,6,5
0,9,1000,0,66.09558870833159,251.0962443427115,42.81122598185612,0,0,0,878,D_pmar=0.054_dist=500_repair_6_males=6_nmar=5,6,5
0.054,5,1000,500,71.18297845419335,231.10969077144316,54.815155816827776,12,1.2,1.8055555555555551,878,D_pmar=0.054_dist=500_repair_6_males=6_nmar=5,6,5
0.054,11,0,0,71.32349076570877,194.27694790488033,91.6485590361506,13,1.3,1.5429827372567675,879,D_pmar=0.054_dist=500_repair_6_males=6_nmar=5,6,5
0,13,0,500,70.46215375295994,216.13858574123336,73.41552128845377,0,0,0,879,D_pmar=0.054_dist=500_repair_6_males=6_nmar=5,6,5
0.054,6,500,0,70.72127412590078,225.06741972303703,61.1436444041904,9,0.8999999999999999,2.24205815430208,879,D_pmar=0.054_dist=500_repair_6_males=6_nmar=5,6,5
0.054,9,500,500,74.39092237453549,234.8474635850876,48.36818339149856,9,0.8999999999999999,1.5390111429221889,879,D_pmar=0.054_dist=500_repair_6_males=6_nmar=5,6,5
0.054,6,1000,0,71.9945111362885,242.4759535437688,42.35482949420708,12,1.2,2.138384342621082,879,D_pmar=0.054_dist=500_repair_6_males=6_nmar=5,6,5
0.054,9,1000,500,73.70806150850674,245.9249304654029,36.66267297601029,15,1.5000000000000002,2.3268597042815222,879,D_pmar=0.054_dist=500_repair_6_males=6_nmar=5,6,5
0.054,7,0,0,70.83890042432017,218.72174449269417,67.34978007182865,11,1.1,2.0597860198448346,87,D_pmar=0.054_dist=500_repair_6_males=6_nmar=5,6,5
0.054,9,0,500,71.22419005210587,231.17154733127745,54.852833149818046,11,1.1,1.8630852169962624,87,D_pmar=0.054_dist=500_repair_6_males=6_nmar=5,6,5
0.054,15,500,0,71.5156731048643,224.68718015569385,61.033986423013694,12,1.2,1.6026867587384206,87,D_pmar=0.054_dist=500_repair_6_males=6_nmar=5,6,5
0,6,500,500,70.69048447716713,234.20027014496833,55.1180900437677,0,0,0,87,D_pmar=0.054_dist=500_repair_6_males=6_nmar=5,6,5
0.054,7,1000,0,74.27318970757459,173.98198344071346,109.8615034785098,8,0.7999999999999999,1.1878173263653875,87,D_pmar=0.054_dist=500_repair_6_males=6_nmar=5,6,5
0.054,10,1000,500,72.01153264374919,259.38775525131774,24.48355680245828,19,1.9000000000000008,2.277932609776259,87,D_pmar=0.054_dist=500_repair_6_males=6_nmar=5,6,5
0,10,0,0,71.50115509244107,192.03480337386517,96.46523016727676,0,0,0,880,D_pmar=0.054_dist=500_repair_6_males=6_nmar=5,6,5
0.054,10,0,500,72.1862252495298,205.3388251063503,79.71559211252301,10,1,1.76022292963756,880,D_pmar=0.054_dist=500_repair_6_males=6_nmar=5,6,5
0.054,6,500,0,67.19233164348245,258.1874791112601,30.74117720363383,14,1.4,2.505746789035176,880,D_pmar=0.054_dist=500_repair_6_males=6_nmar=5,6,5
0.054,5,500,500,68.84839845024264,251.4757377684809,36.73020058277236,9,0.8999999999999999,2.110278890167016,880,D_pmar=0.054_dist=500_repair_6_males=6_nmar=5,6,5
0.054,10,1000,0,69.2625541274328,237.1794429241748,51.07026195201821,7,0.7,1.902779120749014,880,D_pmar=0.054_dist=500_repair_6_males=6_nmar=5,6,5
0.054,13,1000,500,70.5440533164497,262.0541056528095,24.12407468253231,13,1.3,2.165351939047803,880,D_pmar=0.054_dist=500_repair_6_males=6_nmar=5,6,5
0,13,0,0,70.07265687289282,223.11664077515616,67.08174789982317,0,0,0,881,D_pmar=0.054_dist=500_repair_6_males=6_nmar=5,6,5
0.054,7,0,500,71.71661678729492,176.0428711340158,109.64048387593864,12,1.2,1.7433728819209429,881,D_pmar=0.054_dist=500_repair_6_males=6_nmar=5,6,5
0.054,10,500,0,68.4590672670188,245.40004986651388,42.86947204297945,14,1.4,2.083992711599621,881,D_pmar=0.054_dist=500_repair_6_males=6_nmar=5,6,5
0.054,14,500,500,66.51064377734528,230.44332561223695,59.845286094392335,15,1.5000000000000002,1.9110266015301856,881,D_pmar=0.054_dist=500_repair_6_males=6_nmar=5,6,5
0.054,4,1000,0,72.07294580081039,241.10195105170737,42.71610047078879,13,1.3,2.858186528489255,881,D_pmar=0.054_dist=500_repair_6_males=6_nmar=5,6,5
0.054,6,1000,500,72.37672135894191,223.67004531785437,61.458653744583366,9,0.8999999999999999,1.7756528688078552,881,D_pmar=0.054_dist=500_repair_6_males=6_nmar=5,6,5
0.054,8,0,0,72.02458985929486,217.7267722036703,67.1517938488779,13,1.3,1.945408114822745,882,D_pmar=0.054_dist=500_repair_6_males=6_nmar=5,6,5
0.054,10,0,500,72.02941131981403,248.3769925948276,36.91160968995872,8,0.7999999999999999,2.1084088222380832,882,D_pmar=0.054_dist=500_repair_6_males=6_nmar=5,6,5
0.054,12,500,0,73.52636167038288,252.1996332657522,30.484921092441617,18,1.8000000000000005,2.1527777777777786,882,D_pmar=0.054_dist=500_repair_6_males=6_nmar=5,6,5
0.054,5,500,500,72.3196647599388,174.9960758614075,109.92742404558427,9,0.8999999999999999,1.91183812585248,882,D_pmar=0.054_dist=500_repair_6_males=6_nmar=5,6,5
0.054,14,1000,0,71.4857870519895,208.63461546733055,76.18269220860735,17,1.7000000000000004,2.0786803211394287,882,D_pmar=0.054_dist=500_repair_6_males=6_nmar=5,6,5
0,5,1000,500,69.09663290074337,218.3857347201686,72.56187499211855,0,0,0,882,D_pmar=0.054_dist=500_repair_6_males=6_nmar=5,6,5
0.054,12,0,0,72.93425459543373,210.6133766227252,73.20293997241986,12,1.2,2.175925925925927,883,D_pmar=0.054_dist=500_repair_6_males=6_nmar=5,6,5
0.054,8,0,500,66.89595837559506,246.7433110250564,43.08007785597303,12,1.2,2.1378550708177637,883,D_pmar=0.054_dist=500_repair_6_males=6_nmar=5,6,5
0.054,11,500,0,67.6139520500353,234.48433868010497,55.051165095989006,10,1,1.854308464411772,883,D_pmar=0.054_dist=500_repair_6_males=6_nmar=5,6,5
0,7,500,500,69.79347301600379,229.4236336121883,60.92864950290526,0,0,0,883,D_pmar=0.054_dist=500_repair_6_males=6_nmar=5,6,5
0.054,6,1000,0,69.24672406933325,233.0887606695771,55.06182719222543,11,1.1,1.8319938801789568,883,D_pmar=0.054_dist=500_repair_6_males=6_nmar=5,6,5
0.054,10,1000,500,72.63159815831952,235.8138226970709,48.45618364623907,10,1,2.1977112383554243,883,D_pmar=0.054_dist=500_repair_6_males=6_nmar=5,6,5
0,10,0,0,73.50548091240397,194.65945931156523,91.8915740919983,0,0,0,884,D_pmar=0.054_dist=500_repair_6_males=6_nmar=5,6,5
0.054,11,0,500,68.95008860932805,227.4679565038015,61.053383461920994,6,0.6,2.069092044232644,884,D_pmar=0.054_dist=500_repair_6_males=6_nmar=5,6,5
0.054,14,500,0,69.88000324059504,250.8968612811375,36.68789592885789,6,0.6,2.1193599348635197,884,D_pmar=0.054_dist=500_repair_6_males=6_nmar=5,6,5
0.054,2,500,500,71.44209158352211,260.26474568442563,24.4862940033782,16,1.6000000000000003,2.2625026706059628,884,D_pmar=0.054_dist=500_repair_6_males=6_nmar=5,6,5
0.054,11,1000,0,75.68989789331278,193.154422718892,88.19530927188679,13,1.3,1.7129629629629626,884,D_pmar=0.054_dist=500_repair_6_males=6_nmar=5,6,5
0.054,6,1000,500,72.05003472386035,260.1129469169694,24.33089170566719,13,1.3,2.2971091635898286,884,D_pmar=0.054_dist=500_repair_6_males=6_nmar=5,6,5
0.054,19,0,0,72.27187671316106,229.1971175047981,55.019171665493445,15,1.5000000000000002,2.0237594183146483,885,D_pmar=0.054_dist=500_repair_6_males=6_nmar=5,6,5
0.054,7,0,500,71.39943174751866,248.00487506775391,36.714138187047794,16,1.6000000000000003,2.3239246139605423,885,D_pmar=0.054_dist=500_repair_6_males=6_nmar=5,6,5
0.054,1,500,0,70.4668168119512,250.50432904585128,36.36465617650206,11,1.1,1.6952793513310132,885,D_pmar=0.054_dist=500_repair_6_males=6_nmar=5,6,5
0,4,500,500,67.84346214301337,204.09183231212825,88.0702806845101,0,0,0,885,D_pmar=0.054_dist=500_repair_6_males=6_nmar=5,6,5
0.054,14,1000,0,70.47242576748984,219.0606755748302,67.06382424087954,15,1.5000000000000002,2.049915490419075,885,D_pmar=0.054_dist=500_repair_6_males=6_nmar=5,6,5
0.054,9,1000,500,69.95289659998579,172.0904743918341,115.87734687397491,9,0.8999999999999999,1.2356065648433043,885,D_pmar=0.054_dist=500_repair_6_males=6_nmar=5,6,5
0.054,14,0,0,68.60846636703889,182.7662680852157,106.29055424455176,10,1,1.4368302734228116,886,D_pmar=0.054_dist=500_repair_6_males=6_nmar=5,6,5
0.054,4,0,500,70.49586685353954,255.6798205063799,30.20441874757976,10,1,2.9262329039804187,886,D_pmar=0.054_dist=500_repair_6_males=6_nmar=5,6,5
0.054,10,500,0,70.20876991285844,237.85203232846695,48.88246616671272,11,1.1,1.9667590286772596,886,D_pmar=0.054_dist=500_repair_6_males=6_nmar=5,6,5
0.054,3,500,500,71.70302945567265,247.67031579316003,37.051604895524704,11,1.1,2.4935277139194265,886,D_pmar=0.054_dist=500_repair_6_males=6_nmar=5,6,5
0.054,17,1000,0,68.30117214394869,233.927520557206,55.03974105199904,11,1.1,1.799257455124024,886,D_pmar=0.054_dist=500_repair_6_males=6_nmar=5,6,5
0,6,1000,500,72.78394156878011,244.59788146311905,42.82152918668378,0,0,0,886,D_pmar=0.054_dist=500_repair_6_males=6_nmar=5,6,5
0.054,7,0,0,72.25189297393621,235.94487773676673,48.887645712389606,9,0.8999999999999999,2.053887084753654,887,D_pmar=0.054_dist=500_repair_6_males=6_nmar=5,6,5
0.054,12,0,500,70.61458002108705,187.99009554870244,98.78451214171474,10,1,1.7202247337727947,887,D_pmar=0.054_dist=500_repair_6_males=6_nmar=5,6,5
0.054,10,500,0,67.52880023909833,238.926817560516,50.246142485242785,13,1.3,2.0548507551319544,887,D_pmar=0.054_dist=500_repair_6_males=6_nmar=5,6,5
0,8,500,500,73.6748374687834,224.0219561448168,62.38433429645754,0,0,0,887,D_pmar=0.054_dist=500_repair_6_males=6_nmar=5,6,5
0.054,13,1000,0,66.04218220810642,253.77847303673903,36.437768429408095,12,1.2,2.5988466138380506,887,D_pmar=0.054_dist=500_repair_6_males=6_nmar=5,6,5
0.054,4,1000,500,68.74188709868238,263.99420771472654,24.18658909992639,11,1.1,2.1373986326497434,887,D_pmar=0.054_dist=500_repair_6_males=6_nmar=5,6,5
0.054,6,0,0,72.56074055716132,272.45586433036016,12.148695856354731,7,0.7,2.323547488213231,888,D_pmar=0.054_dist=500_repair_6_males=6_nmar=5,6,5
0.054,7,0,500,71.18594661168778,236.8685870961019,48.90662104156849,12,1.2,1.9275723571347896,888,D_pmar=0.054_dist=500_repair_6_males=6_nmar=5,6,5
0.054,8,500,0,71.183884660306,237.50173105486684,48.640181329227616,12,1.2,1.6666666666666663,888,D_pmar=0.054_dist=500_repair_6_males=6_nmar=5,6,5
0,12,500,500,69.48205066217704,235.22617663354447,55.418775936405986,0,0,0,888,D_pmar=0.054_dist=500_repair_6_males=6_nmar=5,6,5
0.054,9,1000,0,69.03182631351775,204.51250040605612,84.26435421806136,7,0.7,1.6246242172239245,888,D_pmar=0.054_dist=500_repair_6_males=6_nmar=5,6,5
0.054,12,1000,500,70.50165879070782,249.3249774639958,36.83569044963174,9,0.8999999999999999,2.634743108905269,888,D_pmar=0.054_dist=500_repair_6_males=6_nmar=5,6,5
0.054,11,0,0,69.87342911837212,179.84840467717572,108.59377395230034,5,0.5,1.311501255775286,889,D_pmar=0.054_dist=500_repair_6_males=6_nmar=5,6,5
0.054,13,0,500,68.87089378158201,212.3640365043152,75.58972516209532,13,1.3,1.944444444444444,889,D_pmar=0.054_dist=500_repair_6_males=6_nmar=5,6,5
0,9,500,0,67.84133852781446,237.35186996564693,54.906376128035795,0,0,0,889,D_pmar=0.054_dist=500_repair_6_males=6_nmar=5,6,5
0.054,10,500,500,72.26095693602333,247.70606715061103,36.58497961832676,14,1.4,2.174258798095262,889,D_pmar=0.054_dist=500_repair_6_males=6_nmar=5,6,5
0.054,3,1000,0,71.85163957885976,248.50883048092916,36.54504750165037,11,1.1,2.091935900268779,889,D_pmar=0.054_dist=500_repair_6_males=6_nmar=5,6,5
0.054,8,1000,500,68.56905787550919,269.1407905261676,18.2523816112961,12,1.2,2.9394884831097703,889,D_pmar=0.054_dist=500_repair_6_males=6_nmar=5,6,5
0,10,0,0,69.07688888247857,254.3675415209657,36.62173349235528,0,0,0,88,D_pmar=0.054_dist=500_repair_6_males=6_nmar=5,6,5
0.054,8,0,500,69.69431045167467,233.17445028103273,54.4716018886042,10,1,2.033195549165426,88,D_pmar=0.054_dist=500_repair_6_males=6_nmar=5,6,5
0.054,8,500,0,74.49359530567533,233.74117021165137,48.85141284250355,8,0.7999999999999999,2.3438618980541457,88,D_pmar=0.054_dist=500_repair_6_males=6_nmar=5,6,5
0.054,9,500,500,68.79061051571979,245.25367589638444,42.70407152945492,17,1.7000000000000004,1.6312994434027677,88,D_pmar=0.054_dist=500_repair_6_males=6_nmar=5,6,5
0.054,7,1000,0,72.97095316362754,204.9070002573974,79.5746768132508,9,0.8999999999999999,1.8928137180949176,88,D_pmar=0.054_dist=500_repair_6_males=6_nmar=5,6,5
0.054,12,1000,500,70.64871214464043,182.2616053741515,104.21949502749858,16,1.6000000000000003,1.3961506596987208,88,D_pmar=0.054_dist=500_repair_6_males=6_nmar=5,6,5
0.054,12,0,0,70.47180446285988,203.29520327499233,84.10621758348498,7,0.7,1.454361738998754,890,D_pmar=0.054_dist=500_repair_6_males=6_nmar=5,6,5
0.054,8,0,500,70.29384831577097,221.03978706067016,65.5194611780825,12,1.2,2.0029377762634524,890,D_pmar=0.054_dist=500_repair_6_males=6_nmar=5,6,5
0,13,500,0,74.17715480439007,237.0905501468339,48.8791243520101,0,0,0,890,D_pmar=0.054_dist=500_repair_6_males=6_nmar=5,6,5
0.054,9,500,500,71.08038489103579,236.72520163753975,49.215786899459914,11,1.1,1.883754712991452,890,D_pmar=0.054_dist=500_repair_6_males=6_nmar=5,6,5
0.054,6,1000,0,69.29891676959775,256.8344454891801,30.36129968472679,15,1.5000000000000002,2.2297662455510303,890,D_pmar=0.054_dist=500_repair_6_males=6_nmar=5,6,5
0.054,6,1000,500,69.29256495333755,232.98897651333348,55.07117305438511,10,1,1.8518518518518512,890,D_pmar=0.054_dist=500_repair_6_males=6_nmar=5,6,5
0.054,10,0,0,69.27479933519132,231.8558294270339,55.04375732042007,18,1.8000000000000005,2.224830980838151,891,D_pmar=0.054_dist=500_repair_6_males=6_nmar=5,6,5
0.054,5,0,500,73.02418653173974,156.10490494844962,128.88847386323675,7,0.7,1.296296296296296,891,D_pmar=0.054_dist=500_repair_6_males=6_nmar=5,6,5
0,7,500,0,69.71769816099068,236.6110114762904,53.71026707277862,0,0,0,891,D_pmar=0.054_dist=500_repair_6_males=6_nmar=5,6,5
0.054,9,500,500,68.73688872929989,268.12058601438775,19.399589376019797,14,1.4,2.4073853678143715,891,D_pmar=0.054_dist=500_repair_6_males=6_nmar=5,6,5
0.054,13,1000,0,65.5470901688968,217.97099695003715,73.14342232085868,14,1.4,1.9510247973949504,891,D_pmar=0.054_dist=500_repair_6_males=6_nmar=5,6,5
0.054,10,1000,500,73.62048310063818,224.40090951991436,58.07623473275225,12,1.2,2.756556970386237,891,D_pmar=0.054_dist=500_repair_6_males=6_nmar=5,6,5
0.054,11,0,0,69.68938396033028,216.7022068021719,71.60451366045835,7,0.7,1.4978750910300778,892,D_pmar=0.054_dist=500_repair_6_males=6_nmar=5,6,5
0.054,3,0,500,72.78512325994004,213.11572172037927,70.84351192597487,16,1.6000000000000003,1.9606130743017351,892,D_pmar=0.054_dist=500_repair_6_males=6_nmar=5,6,5
0.054,11,500,0,68.31148312166502,228.38419177426823,61.12357997342912,9,0.8999999999999999,1.5277777777777777,892,D_pmar=0.054_dist=500_repair_6_males=6_nmar=5,6,5
0.054,4,500,500,67.44255041743769,245.3292410794544,42.94055589107787,13,1.3,3.179832744452632,892,D_pmar=0.054_dist=500_repair_6_males=6_nmar=5,6,5
0.054,15,1000,0,72.62229991484105,229.7641011966347,54.56495318173043,12,1.2,2.114706922669615,892,D_pmar=0.054_dist=500_repair_6_males=6_nmar=5,6,5
0,10,1000,500,71.26560416949773,246.45267230385264,42.49250106424776,0,0,0,892,D_pmar=0.054_dist=500_repair_6_males=6_nmar=5,6,5
0.054,11,0,0,70.8682703505934,219.5604768281775,66.48220891203991,13,1.3,1.8567871165647316,893,D_pmar=0.054_dist=500_repair_6_males=6_nmar=5,6,5
0,6,0,500,71.94575295786724,208.4156702416442,79.91156540788232,0,0,0,893,D_pmar=0.054_dist=500_repair_6_males=6_nmar=5,6,5
0.054,8,500,0,71.76677437634095,224.23113244234736,60.974552322306465,13,1.3,1.8182818628815864,893,D_pmar=0.054_dist=500_repair_6_males=6_nmar=5,6,5
0.054,5,500,500,73.79193649459069,233.01204191270637,49.134652754417,16,1.6000000000000003,2.5593048561413063,893,D_pmar=0.054_dist=500_repair_6_males=6_nmar=5,6,5
0.054,15,1000,0,69.7819372315395,219.8357392550747,67.24952287616536,13,1.3,1.90540991895798,893,D_pmar=0.054_dist=500_repair_6_males=6_nmar=5,6,5
0.054,9,1000,500,74.7048844006281,233.48246976948855,49.026499451267505,6,0.6,2.202646503068303,893,D_pmar=0.054_dist=500_repair_6_males=6_nmar=5,6,5
0.054,8,0,0,69.81279451233907,208.4375484431493,79.38782742995548,9,0.8999999999999999,1.4637978698495318,894,D_pmar=0.054_dist=500_repair_6_males=6_nmar=5,6,5
0.054,7,0,500,69.17491461649679,221.76640397804567,67.08152297321415,8,0.7999999999999999,1.3554710459746304,894,D_pmar=0.054_dist=500_repair_6_males=6_nmar=5,6,5
0.054,2,500,0,73.80204732962008,257.90861373544396,24.46588543865803,15,1.5000000000000002,2.4109798364016375,894,D_pmar=0.054_dist=500_repair_6_males=6_nmar=5,6,5
0.054,10,500,500,69.78078058381998,262.4928969038006,24.163287140460497,8,0.7999999999999999,2.79175000800109,894,D_pmar=0.054_dist=500_repair_6_males=6_nmar=5,6,5
0,16,1000,0,70.7244290847146,179.63936486621645,109.65827331859802,0,0,0,894,D_pmar=0.054_dist=500_repair_6_males=6_nmar=5,6,5
0.054,11,1000,500,73.1249677041079,265.5006242393936,17.995709792871413,13,1.3,2.3756346527307786,894,D_pmar=0.054_dist=500_repair_6_males=6_nmar=5,6,5
0.054,8,0,0,70.33764413015574,200.67227098662352,85.8694062532861,13,1.3,1.9358198379159604,895,D_pmar=0.054_dist=500_repair_6_males=6_nmar=5,6,5
0.054,10,0,500,69.0767310153644,245.53058479835855,42.75749337010076,9,0.8999999999999999,1.7969309490270715,895,D_pmar=0.054_dist=500_repair_6_males=6_nmar=5,6,5
0.054,7,500,0,67.76194758902952,252.02923605346655,36.51431272786224,17,1.7000000000000004,2.030282498437485,895,D_pmar=0.054_dist=500_repair_6_males=6_nmar=5,6,5
0,11,500,500,70.97644900859605,179.001472102103,110.1287317253453,0,0,0,895,D_pmar=0.054_dist=500_repair_6_males=6_nmar=5,6,5
0.054,8,1000,0,70.60436259179575,243.6606165128807,42.74800921444868,11,1.1,2.0237594183146483,895,D_pmar=0.054_dist=500_repair_6_males=6_nmar=5,6,5
0.054,10,1000,500,72.81377435485794,214.32698791209023,68.97010142697846,14,1.4,2.7005202511271484,895,D_pmar=0.054_dist=500_repair_6_males=6_nmar=5,6,5
0.054,15,0,0,69.28280604110796,220.5769574919372,66.78387260810923,14,1.4,1.978825957737003,896,D_pmar=0.054_dist=500_repair_6_males=6_nmar=5,6,5
0.054,9,0,500,73.3747886598359,229.37401125547865,54.58326211682736,9,0.8999999999999999,1.960156636133715,896,D_pmar=0.054_dist=500_repair_6_males=6_nmar=5,6,5
0,3,500,0,71.42595372548193,175.82970848572413,112.8021859942768,0,0,0,896,D_pmar=0.054_dist=500_repair_6_males=6_nmar=5,6,5
0.054,14,500,500,69.28612373352914,232.00969828591485,55.16385355961125,13,1.3,2.340571721578893,896,D_pmar=0.054_dist=500_repair_6_males=6_nmar=5,6,5
0.054,9,1000,0,68.80646591571379,238.76952446350109,48.72623030471978,11,1.1,2.637351867521197,896,D_pmar=0.054_dist=500_repair_6_males=6_nmar=5,6,5
0.054,4,1000,500,68.96997111438827,263.39576381915714,24.538634079349713,13,1.3,2.071114258217583,896,D_pmar=0.054_dist=500_repair_6_males=6_nmar=5,6,5
0.054,5,0,0,71.08106901913868,236.76026021875023,48.44081845829151,15,1.5000000000000002,2.3749532348714513,897,D_pmar=0.054_dist=500_repair_6_males=6_nmar=5,6,5
0,13,0,500,71.87769190290702,196.61873505906615,91.58863617625238,0,0,0,897,D_pmar=0.054_dist=500_repair_6_males=6_nmar=5,6,5
0.054,6,500,0,70.10195324579423,286.49212133626355,0,9,0.8999999999999999,2.515335065941962,897,D_pmar=0.054_dist=500_repair_6_males=6_nmar=5,6,5
0.054,13,500,500,69.16931384358757,232.55175972961857,55.54457824687191,11,1.1,1.9355155458039468,897,D_pmar=0.054_dist=500_repair_6_males=6_nmar=5,6,5
0.054,13,1000,0,72.03597991824813,199.7182581981915,85.33304949917408,14,1.4,1.5757191623117006,897,D_pmar=0.054_dist=500_repair_6_males=6_nmar=5,6,5
0.054,4,1000,500,68.34353766112166,234.07713563235157,55.09533230540517,8,0.7999999999999999,1.8599251469839784,897,D_pmar=0.054_dist=500_repair_6_males=6_nmar=5,6,5
0,7,0,0,71.41917693643292,202.9458986328797,85.74909838269137,0,0,0,898,D_pmar=0.054_dist=500_repair_6_males=6_nmar=5,6,5
0.054,8,0,500,73.04358401462123,216.366858179864,67.34138644169639,14,1.4,1.9302031553437549,898,D_pmar=0.054_dist=500_repair_6_males=6_nmar=5,6,5
0.054,10,500,0,73.21299257174977,234.8969896872007,48.91574676706983,13,1.3,1.750482506674769,898,D_pmar=0.054_dist=500_repair_6_males=6_nmar=5,6,5
0.054,10,500,500,74.06711793784868,221.52780182206283,61.061903086964115,12,1.2,2.3359187093849876,898,D_pmar=0.054_dist=500_repair_6_males=6_nmar=5,6,5
0.054,14,1000,0,70.58975196373085,236.9000781016735,48.81352694838637,15,1.5000000000000002,2.2718086949937737,898,D_pmar=0.054_dist=500_repair_6_males=6_nmar=5,6,5
0.054,5,1000,500,70.77552733447459,214.07316081329088,72.81470128015334,9,0.8999999999999999,1.5821473692062005,898,D_pmar=0.054_dist=500_repair_6_males=6_nmar=5,6,5
0,10,0,0,73.17581310874729,219.67356983828552,67.45739405514645,0,0,0,899,D_pmar=0.054_dist=500_repair_6_males=6_nmar=5,6,5
0.054,6,0,500,71.71020156690494,205.78159439444903,79.58370240976113,12,1.2,1.7666511365320594,899,D_pmar=0.054_dist=500_repair_6_males=6_nmar=5,6,5
0.054,9,500,0,69.40426494204488,244.71438157833217,42.681234104235955,12,1.2,2.003619194122778,899,D_pmar=0.054_dist=500_repair_6_males=6_nmar=5,6,5
0.054,10,500,500,66.38784327385952,235.31428103414177,55.16612215385667,12,1.2,2.0171790653641417,899,D_pmar=0.054_dist=500_repair_6_males=6_nmar=5,6,5
0.054,8,1000,0,64.67067517848483,230.8932732670474,61.076855302138846,12,1.2,2.1752445080666014,899,D_pmar=0.054_dist=500_repair_6_males=6_nmar=5,6,5
0.054,11,1000,500,68.97894169250878,214.9108131310328,72.75137381057418,14,1.4,2.089232268424514,899,D_pmar=0.054_dist=500_repair_6_males=6_nmar=5,6,5
0,5,0,0,69.41066505373934,232.38215542172557,58.22527285792182,0,0,0,89,D_pmar=0.054_dist=500_repair_6_males=6_nmar=5,6,5
0.054,8,0,500,70.9892440628725,206.76219502652316,79.37687023838274,12,1.2,1.7847118739113212,89,D_pmar=0.054_dist=500_repair_6_males=6_nmar=5,6,5
0.054,9,500,0,69.87917858171406,207.30165299046317,79.22717511631217,16,1.6000000000000003,2.103473557525204,89,D_pmar=0.054_dist=500_repair_6_males=6_nmar=5,6,5
0.054,6,500,500,73.83874437224813,246.90232347009157,36.30176834337538,10,1,1.9839862021411887,89,D_pmar=0.054_dist=500_repair_6_males=6_nmar=5,6,5
0.054,14,1000,0,65.03048682526793,236.408758963822,55.18634956996486,13,1.3,2.1752445080666005,89,D_pmar=0.054_dist=500_repair_6_males=6_nmar=5,6,5
0.054,12,1000,500,65.5141493440874,223.83184671345808,67.30032003490777,11,1.1,2.274417453609701,89,D_pmar=0.054_dist=500_repair_6_males=6_nmar=5,6,5
0,2,0,0,73.23904808598417,189.01835270403612,97.74378022037077,0,0,0,900,D_pmar=0.054_dist=500_repair_6_males=6_nmar=5,6,5
0.054,11,0,500,68.79779235040733,251.1140375878822,36.19018650578549,19,1.9000000000000008,2.2040093387869546,900,D_pmar=0.054_dist=500_repair_6_males=6_nmar=5,6,5
0.054,13,500,0,69.28783347443685,280.42330631416843,6.098134453722835,14,1.4,2.8774579555311623,900,D_pmar=0.054_dist=500_repair_6_males=6_nmar=5,6,5
0.054,12,500,500,70.37113557733397,186.04086304662084,101.5512178794095,8,0.7999999999999999,1.3974914558243343,900,D_pmar=0.054_dist=500_repair_6_males=6_nmar=5,6,5
0.054,7,1000,0,68.64747975953698,222.3940748253739,66.51934177509331,7,0.7,1.7952858607894446,900,D_pmar=0.054_dist=500_repair_6_males=6_nmar=5,6,5
0.054,9,1000,500,70.14058189774296,249.2032232717089,36.80198750959893,9,0.8999999999999999,3.076637410532695,900,D_pmar=0.054_dist=500_repair_6_males=6_nmar=5,6,5
0.054,11,0,0,68.90150249584006,226.58886013517687,61.18043625192531,12,1.2,2.166619901538118,901,D_pmar=0.054_dist=500_repair_6_males=6_nmar=5,6,5
0.054,7,0,500,69.91734968381267,219.99465253113465,67.16385871199923,10,1,1.9351384200566344,901,D_pmar=0.054_dist=500_repair_6_males=6_nmar=5,6,5
0,12,500,0,72.28199128096698,245.00994536840037,42.73678424423644,0,0,0,901,D_pmar=0.054_dist=500_repair_6_males=6_nmar=5,6,5
0.054,1,500,500,71.07031582014365,231.82099008692003,54.703791518016246,7,0.7,1.7641945239721388,901,D_pmar=0.054_dist=500_repair_6_males=6_nmar=5,6,5
0.054,10,1000,0,73.53582389614859,203.77638123306713,79.50278748409542,18,1.8000000000000005,1.458333333333333,901,D_pmar=0.054_dist=500_repair_6_males=6_nmar=5,6,5
0.054,13,1000,500,70.60080179695008,237.97959631007328,48.736114073809304,11,1.1,1.6716019313795465,901,D_pmar=0.054_dist=500_repair_6_males=6_nmar=5,6,5
0.054,6,0,0,74.27544591926556,239.95527239056543,42.837670217456136,11,1.1,1.9409800823201455,902,D_pmar=0.054_dist=500_repair_6_males=6_nmar=5,6,5
0,18,0,500,71.06596566311634,172.97532954250963,116.01799002274254,0,0,0,902,D_pmar=0.054_dist=500_repair_6_males=6_nmar=5,6,5
0.054,5,500,0,72.09446275401164,265.2123274801131,18.369051667711577,15,1.5000000000000002,2.869971205030024,902,D_pmar=0.054_dist=500_repair_6_males=6_nmar=5,6,5
0.054,13,500,500,73.55681821140698,179.16104843046426,104.5716657975936,14,1.4,1.3115012557752863,902,D_pmar=0.054_dist=500_repair_6_males=6_nmar=5,6,5
0.054,5,1000,0,69.80236375436505,250.34098920679511,36.285372385824054,10,1,2.647092290483987,902,D_pmar=0.054_dist=500_repair_6_males=6_nmar=5,6,5
0.054,7,1000,500,71.60555964289767,252.160752709482,33.45096077519522,8,0.7999999999999999,1.9915522650630344,902,D_pmar=0.054_dist=500_repair_6_males=6_nmar=5,6,5
0,10,0,0,68.3493903989281,224.44178312993063,67.25883652176384,0,0,0,903,D_pmar=0.054_dist=500_repair_6_males=6_nmar=5,6,5
0.054,7,0,500,74.67496840397725,221.49468655225272,60.99006642367948,8,0.7999999999999999,2.278389047944279,903,D_pmar=0.054_dist=500_repair_6_males=6_nmar=5,6,5
0.054,16,500,0,70.55037193580182,207.00662224540852,79.93104442624242,13,1.3,1.444092044232644,903,D_pmar=0.054_dist=500_repair_6_males=6_nmar=5,6,5
0.054,0,500,500,71.10850907102895,248.7385906344446,36.64691879770449,10,1,2.512399975620982,903,D_pmar=0.054_dist=500_repair_6_males=6_nmar=5,6,5
0.054,9,1000,0,72.0000224427924,229.54768928637975,55.08178952682408,13,1.3,2.1027921396658775,903,D_pmar=0.054_dist=500_repair_6_males=6_nmar=5,6,5
0.054,12,1000,500,68.08774304775554,221.19736572383044,67.23912131463933,16,1.6000000000000003,1.8981481481481477,903,D_pmar=0.054_dist=500_repair_6_males=6_nmar=5,6,5
0.054,7,0,0,70.33490303129565,225.60267241762168,60.95376342514664,9,0.8999999999999999,2.426866213739955,904,D_pmar=0.054_dist=500_repair_6_males=6_nmar=5,6,5
0.054,2,0,500,69.12657745028191,275.01114815135617,12.05990879701252,12,1.2,2.663993132242863,904,D_pmar=0.054_dist=500_repair_6_males=6_nmar=5,6,5
0.054,14,500,0,71.59190204236987,218.82111179890416,66.77575745095734,12,1.2,1.6779000318110775,904,D_pmar=0.054_dist=500_repair_6_males=6_nmar=5,6,5
0.054,10,500,500,67.25517077301012,215.7696792213073,73.33577874805228,18,1.8000000000000005,1.9748543634024245,904,D_pmar=0.054_dist=500_repair_6_males=6_nmar=5,6,5
0,13,1000,0,70.41522919788322,217.34196677359964,72.51276629697976,0,0,0,904,D_pmar=0.054_dist=500_repair_6_males=6_nmar=5,6,5
0.054,8,1000,500,71.35358063062131,194.40845169375723,91.6232066550915,11,1.1,1.5443235333823808,904,D_pmar=0.054_dist=500_repair_6_males=6_nmar=5,6,5
0.054,9,0,0,69.8354776109099,194.81509106852704,92.13295400929078,15,1.5000000000000002,1.7681661183067174,905,D_pmar=0.054_dist=500_repair_6_males=6_nmar=5,6,5
0,6,0,500,76.14245190318749,191.86679703227273,92.06899146274066,0,0,0,905,D_pmar=0.054_dist=500_repair_6_males=6_nmar=5,6,5
0.054,6,500,0,67.86045122151955,257.1581101745727,30.638503814364977,20,2.0000000000000004,2.5080512555390913,905,D_pmar=0.054_dist=500_repair_6_males=6_nmar=5,6,5
0.054,6,500,500,67.44620166899438,205.83242195665576,83.50806255821989,11,1.1,2.117844953088862,905,D_pmar=0.054_dist=500_repair_6_males=6_nmar=5,6,5
0.054,12,1000,0,70.30700959067592,213.03212466529996,73.54450424185842,13,1.3,1.992385828978367,905,D_pmar=0.054_dist=500_repair_6_males=6_nmar=5,6,5
0.054,15,1000,500,71.245026185364,217.84280350696983,67.62213676530223,14,1.4,1.9358198379159604,905,D_pmar=0.054_dist=500_repair_6_males=6_nmar=5,6,5
0.054,4,0,0,72.14678397527413,258.7883706546498,24.429199481476363,18,1.8000000000000005,2.9670426241674783,906,D_pmar=0.054_dist=500_repair_6_males=6_nmar=5,6,5
0.054,8,0,500,68.36441873152127,234.7826896961734,54.76043168669894,5,0.5,1.6507802893283503,906,D_pmar=0.054_dist=500_repair_6_males=6_nmar=5,6,5
0.054,6,500,0,71.2734793897191,219.7094183294191,65.90417091762185,12,1.2,1.975513741668712,906,D_pmar=0.054_dist=500_repair_6_males=6_nmar=5,6,5
0.054,15,500,500,71.37161709186945,194.3299928136965,91.77730484990268,11,1.1,1.5717475679771211,906,D_pmar=0.054_dist=500_repair_6_males=6_nmar=5,6,5
0,12,1000,0,72.0631931744816,221.09321438498608,66.99606846329084,0,0,0,906,D_pmar=0.054_dist=500_repair_6_males=6_nmar=5,6,5
0.054,9,1000,500,71.50964648702183,224.2134295524237,60.90376975082688,14,1.4,2.0666133920796845,906,D_pmar=0.054_dist=500_repair_6_males=6_nmar=5,6,5
0.054,13,0,0,74.1078386518711,212.02228176456995,70.53458875241473,14,1.4,2.0971754570936727,907,D_pmar=0.054_dist=500_repair_6_males=6_nmar=5,6,5
0.054,6,0,500,76.80713857981351,243.17692333817055,36.36477899646943,13,1.3,2.3645313940493344,907,D_pmar=0.054_dist=500_repair_6_males=6_nmar=5,6,5
0.054,4,500,0,71.07705230224323,210.6456519866128,75.89091602432589,4,0.4,2.029376100886854,907,D_pmar=0.054_dist=500_repair_6_males=6_nmar=5,6,5
0.054,14,500,500,68.48358889261385,238.76378352497497,49.36087665994647,16,1.6000000000000003,1.896858146064795,907,D_pmar=0.054_dist=500_repair_6_males=6_nmar=5,6,5
0,6,1000,0,69.35481880618977,230.0192349909996,60.74109721413869,0,0,0,907,D_pmar=0.054_dist=500_repair_6_males=6_nmar=5,6,5
0.054,11,1000,500,72.24636989074153,230.5320478640117,54.3700705425913,11,1.1,1.84555375142032,907,D_pmar=0.054_dist=500_repair_6_males=6_nmar=5,6,5
0,11,0,0,70.99910032637105,198.5318347536404,90.47868709182706,0,0,0,908,D_pmar=0.054_dist=500_repair_6_males=6_nmar=5,6,5
0.054,5,0,500,70.75756554028999,248.6125409830738,36.82238575274745,18,1.8000000000000005,2.1937396440208445,908,D_pmar=0.054_dist=500_repair_6_males=6_nmar=5,6,5
0.054,11,500,0,68.16360906032529,215.38929864243937,73.4915793008108,14,1.4,1.6077741695073076,908,D_pmar=0.054_dist=500_repair_6_males=6_nmar=5,6,5
0.054,12,500,500,71.7552366495573,182.89807558724948,103.43714530984704,7,0.7,1.2268518518518516,908,D_pmar=0.054_dist=500_repair_6_males=6_nmar=5,6,5
0.054,10,1000,0,66.23729219609943,253.85410168146228,36.59387932262164,11,1.1,2.3706773484248593,908,D_pmar=0.054_dist=500_repair_6_males=6_nmar=5,6,5
0.054,5,1000,500,73.37623748700011,247.12812691164413,36.48184189190491,12,1.2,1.866223247415509,908,D_pmar=0.054_dist=500_repair_6_males=6_nmar=5,6,5
0.054,12,0,0,69.40249404020165,220.65830586138452,67.2490537890759,11,1.1,1.717216809816517,909,D_pmar=0.054_dist=500_repair_6_males=6_nmar=5,6,5
0.054,11,0,500,68.19209754030008,227.72592512981225,61.18557092948513,11,1.1,1.812135908506062,909,D_pmar=0.054_dist=500_repair_6_males=6_nmar=5,6,5
0.054,12,500,0,70.24917503987382,231.50265089892864,54.914614966785,13,1.3,2.2100031471064727,909,D_pmar=0.054_dist=500_repair_6_males=6_nmar=5,6,5
0.054,4,500,500,69.62374957028426,255.99687682410655,30.58881619499608,13,1.3,2.667254554268896,909,D_pmar=0.054_dist=500_repair_6_males=6_nmar=5,6,5
0.054,7,1000,0,71.40231151625767,204.58990517147183,81.71081855483217,7,0.7,1.6258349068865687,909,D_pmar=0.054_dist=500_repair_6_males=6_nmar=5,6,5
0,8,1000,500,65.04198519406523,258.5611461136666,36.41643542446453,0,0,0,909,D_pmar=0.054_dist=500_repair_6_males=6_nmar=5,6,5
0.054,8,0,0,70.04470193616501,237.86227670136387,48.75294686643273,15,1.5000000000000002,1.8573163883680504,90,D_pmar=0.054_dist=500_repair_6_males=6_nmar=5,6,5
0,10,0,500,68.41965936546502,243.21535475409564,48.55353509189221,0,0,0,90,D_pmar=0.054_dist=500_repair_6_males=6_nmar=5,6,5
0.054,9,500,0,69.53888392389193,213.58064832021896,73.44972042698322,11,1.1,2.3356364568660126,90,D_pmar=0.054_dist=500_repair_6_males=6_nmar=5,6,5
0.054,5,500,500,71.03844592060136,200.8379181503031,85.80586168898766,8,0.7999999999999999,1.633248823752408,90,D_pmar=0.054_dist=500_repair_6_males=6_nmar=5,6,5
0.054,11,1000,0,70.87307407134651,237.57166191577653,48.78747904475518,11,1.1,1.810490820268435,90,D_pmar=0.054_dist=500_repair_6_males=6_nmar=5,6,5
0.054,11,1000,500,73.40765607819361,244.59015562231932,38.27752566539425,12,1.2,2.5738283977609697,90,D_pmar=0.054_dist=500_repair_6_males=6_nmar=5,6,5
0.054,11,0,0,73.62754178184498,234.9319207389835,48.786223738278224,9,0.8999999999999999,1.823898545453792,910,D_pmar=0.054_dist=500_repair_6_males=6_nmar=5,6,5
0.054,13,0,500,73.28533025497094,210.0441471637907,73.33974174350709,15,1.5000000000000002,2.032384024843132,910,D_pmar=0.054_dist=500_repair_6_males=6_nmar=5,6,5
0.054,5,500,0,71.7645252470398,253.39654293726957,30.70681037203996,10,1,3.1938490538620163,910,D_pmar=0.054_dist=500_repair_6_males=6_nmar=5,6,5
0.054,12,500,500,68.59203848057487,219.16805887935072,69.76541900099025,8,0.7999999999999999,1.766521030069091,910,D_pmar=0.054_dist=500_repair_6_males=6_nmar=5,6,5
0.054,5,1000,0,73.34687046338992,234.11767936799555,49.34706035441497,12,1.2,2.135905690468123,910,D_pmar=0.054_dist=500_repair_6_males=6_nmar=5,6,5
0,8,1000,500,71.29586344079975,240.1547822592208,48.601833783284405,0,0,0,910,D_pmar=0.054_dist=500_repair_6_males=6_nmar=5,6,5
0.054,13,0,0,71.98820667060701,217.73441843597595,67.47943224342231,10,1,1.8287037037037033,911,D_pmar=0.054_dist=500_repair_6_males=6_nmar=5,6,5
0,13,0,500,64.95489550314231,221.8720857407847,73.26475917174145,0,0,0,911,D_pmar=0.054_dist=500_repair_6_males=6_nmar=5,6,5
0.054,7,500,0,68.75304252736643,213.92064892404187,73.97760599289154,13,1.3,2.149465561709487,911,D_pmar=0.054_dist=500_repair_6_males=6_nmar=5,6,5
0.054,9,500,500,71.8557640154604,248.0150468447607,36.47083583028797,16,1.6000000000000003,2.146609783809215,911,D_pmar=0.054_dist=500_repair_6_males=6_nmar=5,6,5
0.054,4,1000,0,66.69157111260789,259.1559011427508,30.32808179668296,13,1.3,2.531069297224271,911,D_pmar=0.054_dist=500_repair_6_males=6_nmar=5,6,5
0.054,8,1000,500,71.18408779363955,201.31176526479743,85.18068211316863,9,0.8999999999999999,1.8848705294257593,911,D_pmar=0.054_dist=500_repair_6_males=6_nmar=5,6,5
0.054,4,0,0,69.58538776028226,255.9182977029829,30.717454705985197,14,1.4,2.405588133520738,912,D_pmar=0.054_dist=500_repair_6_males=6_nmar=5,6,5
0.054,6,0,500,68.55997560018173,239.4297024148009,49.49129996249477,6,0.6,2.016193355392802,912,D_pmar=0.054_dist=500_repair_6_males=6_nmar=5,6,5
0.054,10,500,0,69.2957699296533,214.2039352245231,73.35978469718947,12,1.2,2.0786803211394287,912,D_pmar=0.054_dist=500_repair_6_males=6_nmar=5,6,5
0.054,14,500,500,68.04652698082953,193.5577206970658,96.10065985045924,10,1,1.600512398697475,912,D_pmar=0.054_dist=500_repair_6_males=6_nmar=5,6,5
0,10,1000,0,71.69309893609196,233.3131535214441,55.011964848697474,0,0,0,912,D_pmar=0.054_dist=500_repair_6_males=6_nmar=5,6,5
0.054,10,1000,500,67.16766403748495,239.3306762913898,49.41491007657381,16,1.6000000000000003,2.6143779050220934,912,D_pmar=0.054_dist=500_repair_6_males=6_nmar=5,6,5
0.054,15,0,0,70.85283707684984,267.0719588162205,18.39977009699547,15,1.5000000000000002,2.235607907814542,913,D_pmar=0.054_dist=500_repair_6_males=6_nmar=5,6,5
0.054,3,0,500,68.99320965683606,203.4240745606264,85.80800102242544,4,0.4,1.6291250833618218,913,D_pmar=0.054_dist=500_repair_6_males=6_nmar=5,6,5
0.054,4,500,0,70.37666355576418,255.64329662645184,30.47569767529344,11,1.1,2.413306342498591,913,D_pmar=0.054_dist=500_repair_6_males=6_nmar=5,6,5
0.054,7,500,500,69.10501644619556,201.5345498016371,85.51723062996817,17,1.7000000000000004,2.1649748133004905,913,D_pmar=0.054_dist=500_repair_6_males=6_nmar=5,6,5
0,10,1000,0,68.18285139299519,218.31992125989532,73.63937975161745,0,0,0,913,D_pmar=0.054_dist=500_repair_6_males=6_nmar=5,6,5
0.054,15,1000,500,72.14080345724507,211.59300793288736,73.23893452563478,13,1.3,1.7592592592592589,913,D_pmar=0.054_dist=500_repair_6_males=6_nmar=5,6,5
0.054,7,0,0,70.79023603265406,230.69597480448644,55.039063935144014,14,1.4,2.1161998648512355,914,D_pmar=0.054_dist=500_repair_6_males=6_nmar=5,6,5
0.054,10,0,500,70.35080179797212,213.9263762316494,73.21486480137808,9,0.8999999999999999,1.9486189788772903,914,D_pmar=0.054_dist=500_repair_6_males=6_nmar=5,6,5
0.054,9,500,0,72.94415146034822,240.34281857551576,43.07190614191237,14,1.4,2.2615390002276627,914,D_pmar=0.054_dist=500_repair_6_males=6_nmar=5,6,5
0.054,8,500,500,69.48864798877784,211.02164831533452,76.37072434117877,12,1.2,1.9421179383474911,914,D_pmar=0.054_dist=500_repair_6_males=6_nmar=5,6,5
0.054,12,1000,0,69.13694558273524,222.49966419930183,65.30749907427594,15,1.5000000000000002,1.6211818946926646,914,D_pmar=0.054_dist=500_repair_6_males=6_nmar=5,6,5
0,8,1000,500,68.88991620836913,217.78194018457023,73.43115606695176,0,0,0,914,D_pmar=0.054_dist=500_repair_6_males=6_nmar=5,6,5
0,8,0,0,72.1086055801616,178.35193194807445,109.61095119070656,0,0,0,915,D_pmar=0.054_dist=500_repair_6_males=6_nmar=5,6,5
0.054,4,0,500,68.3665960231181,258.4730705489954,30.495974528779655,10,1,1.7415756476273097,915,D_pmar=0.054_dist=500_repair_6_males=6_nmar=5,6,5
0.054,3,500,0,69.16685239813171,203.155474703391,85.20513756850487,8,0.7999999999999999,1.7226813463327162,915,D_pmar=0.054_dist=500_repair_6_males=6_nmar=5,6,5
0.054,11,500,500,71.7240651735835,194.53874941517017,91.37117364696272,8,0.7999999999999999,1.68516180262091,915,D_pmar=0.054_dist=500_repair_6_males=6_nmar=5,6,5
0.054,12,1000,0,70.29106909581456,265.59777304253146,18.788169192810923,26,2.600000000000001,2.783676712868965,915,D_pmar=0.054_dist=500_repair_6_males=6_nmar=5,6,5
0.054,16,1000,500,70.76039192798632,243.3920072688927,42.72823484974539,11,1.1,2.3030301382740475,915,D_pmar=0.054_dist=500_repair_6_males=6_nmar=5,6,5
0.054,8,0,0,74.20374679185424,221.82133342880337,60.75946578573048,12,1.2,2.136209982580137,916,D_pmar=0.054_dist=500_repair_6_males=6_nmar=5,6,5
0.054,12,0,500,68.36016406131918,239.31562762255328,49.51192386327332,7,0.7,2.1988778488319922,916,D_pmar=0.054_dist=500_repair_6_males=6_nmar=5,6,5
0.054,9,500,0,68.55135480684926,214.47364556935065,73.28953573245394,17,1.7000000000000004,2.1193599348635197,916,D_pmar=0.054_dist=500_repair_6_males=6_nmar=5,6,5
0.054,5,500,500,69.06525165746386,240.24738462530553,48.63657376421526,7,0.7,1.4192988078468691,916,D_pmar=0.054_dist=500_repair_6_males=6_nmar=5,6,5
0.054,7,1000,0,70.92780386195035,249.21786187750465,37.0275823483789,10,1,1.8566349705087248,916,D_pmar=0.054_dist=500_repair_6_males=6_nmar=5,6,5
0,13,1000,500,69.16461866456558,242.3192277070011,48.69723672116581,0,0,0,916,D_pmar=0.054_dist=500_repair_6_males=6_nmar=5,6,5
0.054,7,0,0,67.07821016049775,246.41840313637064,43.12148840868759,11,1.1,2.3296206089534555,917,D_pmar=0.054_dist=500_repair_6_males=6_nmar=5,6,5
0.054,16,0,500,69.47491592773902,244.230628135071,43.07918029375154,14,1.4,1.99567600545362,917,D_pmar=0.054_dist=500_repair_6_males=6_nmar=5,6,5
0,7,500,0,70.13535817188792,198.93720750857275,91.08037730344827,0,0,0,917,D_pmar=0.054_dist=500_repair_6_males=6_nmar=5,6,5
0.054,11,500,500,68.67896357290874,226.1061980714111,61.70940578956507,18,1.8000000000000005,1.7592592592592589,917,D_pmar=0.054_dist=500_repair_6_males=6_nmar=5,6,5
0.054,7,1000,0,69.46131846775992,214.57309041511385,73.661283598963,10,1,1.432177261228907,917,D_pmar=0.054_dist=500_repair_6_males=6_nmar=5,6,5
0.054,6,1000,500,69.34632445074321,227.05696908922553,60.832299077775126,8,0.7999999999999999,1.9740207994870915,917,D_pmar=0.054_dist=500_repair_6_males=6_nmar=5,6,5
0.054,2,0,0,72.5981414482059,240.6935109535083,42.597240027219975,20,2.0000000000000004,2.3984785087669125,918,D_pmar=0.054_dist=500_repair_6_males=6_nmar=5,6,5
0.054,8,0,500,72.3904067933322,180.826818738126,104.56600137202922,10,1,1.3498543634024245,918,D_pmar=0.054_dist=500_repair_6_males=6_nmar=5,6,5
0.054,16,500,0,69.36126864087792,220.63261700473407,67.38188471054464,11,1.1,1.7025411221408453,918,D_pmar=0.054_dist=500_repair_6_males=6_nmar=5,6,5
0.054,12,500,500,68.35313688902491,228.2544163632892,61.09127362362712,7,0.7,1.6372204180869867,918,D_pmar=0.054_dist=500_repair_6_males=6_nmar=5,6,5
0.054,10,1000,0,69.55710844246573,239.47641001804416,47.16597956553549,15,1.5000000000000002,2.3553202428898623,918,D_pmar=0.054_dist=500_repair_6_males=6_nmar=5,6,5
0,6,1000,500,68.68713245358241,230.08182285583203,61.29792056054977,0,0,0,918,D_pmar=0.054_dist=500_repair_6_males=6_nmar=5,6,5
0.054,9,0,0,70.96015826097944,232.27657462203192,54.89035529349226,7,0.7,1.4424469559950173,919,D_pmar=0.054_dist=500_repair_6_males=6_nmar=5,6,5
0.054,8,0,500,65.48132846402727,248.4881090617819,42.58096474499536,14,1.4,2.3366729608796124,919,D_pmar=0.054_dist=500_repair_6_males=6_nmar=5,6,5
0.054,9,500,0,69.95521493647672,220.4958191031557,66.8814753140121,11,1.1,1.6788637021893784,919,D_pmar=0.054_dist=500_repair_6_males=6_nmar=5,6,5
0.054,10,500,500,75.08158939326226,190.84075085481425,91.75560815286066,10,1,1.3323228978264825,919,D_pmar=0.054_dist=500_repair_6_males=6_nmar=5,6,5
0,6,1000,0,70.30808655341487,250.18104772632563,39.572769793905515,0,0,0,919,D_pmar=0.054_dist=500_repair_6_males=6_nmar=5,6,5
0.054,12,1000,500,71.50737767153208,260.7191084551185,24.26683303605426,11,1.1,2.553688173569101,919,D_pmar=0.054_dist=500_repair_6_males=6_nmar=5,6,5
0.054,5,0,0,71.45847330133375,272.5146369151723,12.142250120961116,14,1.4,2.709652089865912,91,D_pmar=0.054_dist=500_repair_6_males=6_nmar=5,6,5
0.054,7,0,500,71.26845719557085,253.8286263724091,30.424036528555614,20,2.0000000000000004,2.493020481709146,91,D_pmar=0.054_dist=500_repair_6_males=6_nmar=5,6,5
0,9,500,0,73.57748591372942,231.52369684601365,55.00743506624324,0,0,0,91,D_pmar=0.054_dist=500_repair_6_males=6_nmar=5,6,5
0.054,11,500,500,70.91013167027285,192.65716518755772,93.55515308165518,11,1.1,1.8376105627511623,91,D_pmar=0.054_dist=500_repair_6_males=6_nmar=5,6,5
0.054,10,1000,0,69.1209928496697,155.4447399552132,134.01051506805047,5,0.5,0.972222222222222,91,D_pmar=0.054_dist=500_repair_6_males=6_nmar=5,6,5
0.054,12,1000,500,73.12744465448891,241.1691889882158,42.70168483341631,11,1.1,2.006757224542025,91,D_pmar=0.054_dist=500_repair_6_males=6_nmar=5,6,5
0.054,7,0,0,71.89765746101055,247.54869011882332,36.61209552181807,15,1.5000000000000002,2.4558560241516143,920,D_pmar=0.054_dist=500_repair_6_males=6_nmar=5,6,5
0,13,0,500,70.55662846402286,201.55237672665905,88.02549790360452,0,0,0,920,D_pmar=0.054_dist=500_repair_6_males=6_nmar=5,6,5
0.054,11,500,0,74.59106453740287,209.65763843097187,73.23070223821472,10,1,1.7754278891165505,920,D_pmar=0.054_dist=500_repair_6_males=6_nmar=5,6,5
0.054,6,500,500,73.6094384523237,203.90276077311924,79.71269150702213,10,1,1.885551947285085,920,D_pmar=0.054_dist=500_repair_6_males=6_nmar=5,6,5
0.054,5,1000,0,71.9742892193575,211.8032755568493,73.00609036423704,14,1.4,1.843075099267361,920,D_pmar=0.054_dist=500_repair_6_males=6_nmar=5,6,5
0.054,12,1000,500,68.10008340256041,239.4044795392416,48.80540087611749,17,1.7000000000000004,2.05851805735452,920,D_pmar=0.054_dist=500_repair_6_males=6_nmar=5,6,5
0,5,0,0,66.71099774577735,244.8336563022328,48.5423452819682,0,0,0,921,D_pmar=0.054_dist=500_repair_6_males=6_nmar=5,6,5
0.054,8,0,500,69.21733700698414,218.24629189748265,69.66423982394073,13,1.3,1.7641945239721386,921,D_pmar=0.054_dist=500_repair_6_males=6_nmar=5,6,5
0.054,7,500,0,72.10599045224451,212.70422158063235,72.63853959059595,9,0.8999999999999999,1.7062084243634108,921,D_pmar=0.054_dist=500_repair_6_males=6_nmar=5,6,5
0.054,9,500,500,69.94960896911304,188.84494201411113,97.94339201032096,17,1.7000000000000004,1.6117457638418866,921,D_pmar=0.054_dist=500_repair_6_males=6_nmar=5,6,5
0.054,8,1000,0,70.77538509128684,249.43971439849344,36.50597276586404,12,1.2,2.207980933121534,921,D_pmar=0.054_dist=500_repair_6_males=6_nmar=5,6,5
0.054,17,1000,500,73.36653749140245,216.75870373913529,66.92570200770822,14,1.4,1.7083099507690578,921,D_pmar=0.054_dist=500_repair_6_males=6_nmar=5,6,5
0.054,4,0,0,71.21918547820621,254.19596106034896,30.470034955134967,16,1.6000000000000003,2.5845480519096915,922,D_pmar=0.054_dist=500_repair_6_males=6_nmar=5,6,5
0.054,9,0,500,70.63227785887584,231.47151469780812,54.746104801924794,11,1.1,2.0627939438011125,922,D_pmar=0.054_dist=500_repair_6_males=6_nmar=5,6,5
0.054,9,500,0,71.2559648693373,224.2243060231782,60.99813174990125,15,1.5000000000000002,2.030282498437485,922,D_pmar=0.054_dist=500_repair_6_males=6_nmar=5,6,5
0,9,500,500,68.8113754251688,254.4103791182978,36.79785907317053,0,0,0,922,D_pmar=0.054_dist=500_repair_6_males=6_nmar=5,6,5
0.054,11,1000,0,72.90727290226218,235.66641840403736,48.44090121244244,11,1.1,2.04032721351229,922,D_pmar=0.054_dist=500_repair_6_males=6_nmar=5,6,5
0.054,12,1000,500,73.63411536762837,149.41294914415832,135.00929893851324,7,0.7,1.424234072559749,922,D_pmar=0.054_dist=500_repair_6_males=6_nmar=5,6,5
0,8,0,0,74.42093571311578,199.5843556482147,86.02330950837052,0,0,0,923,D_pmar=0.054_dist=500_repair_6_males=6_nmar=5,6,5
0.054,13,0,500,68.86490578272156,245.60062872113423,42.314351130095275,13,1.3,2.128796065714298,923,D_pmar=0.054_dist=500_repair_6_males=6_nmar=5,6,5
0.054,6,500,0,73.18446178675099,223.1358539139606,60.83473269723736,11,1.1,1.9573228978264816,923,D_pmar=0.054_dist=500_repair_6_males=6_nmar=5,6,5
0.054,7,500,500,72.16582351504414,211.1328938564454,73.16143315460415,13,1.3,2.2787441340985537,923,D_pmar=0.054_dist=500_repair_6_males=6_nmar=5,6,5
0.054,7,1000,0,69.72628184347305,217.56262630696392,69.324221346075,15,1.5000000000000002,1.889523541619664,923,D_pmar=0.054_dist=500_repair_6_males=6_nmar=5,6,5
0.054,13,1000,500,68.58852385290145,233.35644402725413,54.7423974342968,12,1.2,2.147798433878822,923,D_pmar=0.054_dist=500_repair_6_males=6_nmar=5,6,5
0.054,13,0,0,73.70387960745121,241.57612765629773,39.90653206926847,19,1.9000000000000008,3.0247464712572323,924,D_pmar=0.054_dist=500_repair_6_males=6_nmar=5,6,5
0.054,11,0,500,68.19093219715079,227.7162970349347,60.96881108451417,12,1.2,2.049234072559749,924,D_pmar=0.054_dist=500_repair_6_males=6_nmar=5,6,5
0.054,12,500,0,73.05402967257105,205.15981020389245,79.20582291933351,12,1.2,1.6026867587384208,924,D_pmar=0.054_dist=500_repair_6_males=6_nmar=5,6,5
0.054,2,500,500,67.00306156108334,247.33239354500037,42.68831271809048,8,0.7999999999999999,2.2407173581764663,924,D_pmar=0.054_dist=500_repair_6_males=6_nmar=5,6,5
0,9,1000,0,72.45033988210007,213.6055521783434,74.0466542510793,0,0,0,924,D_pmar=0.054_dist=500_repair_6_males=6_nmar=5,6,5
0.054,7,1000,500,72.03833384652661,242.617894280179,42.79462531613886,6,0.6,2.0477919244203897,924,D_pmar=0.054_dist=500_repair_6_males=6_nmar=5,6,5
0.054,8,0,0,72.2889423202765,210.20357375854704,73.48371413979285,18,1.8000000000000005,2.319068661668371,925,D_pmar=0.054_dist=500_repair_6_males=6_nmar=5,6,5
0.054,7,0,500,71.78788127659783,235.89221949440827,48.80276503166228,16,1.6000000000000003,1.9816596960442363,925,D_pmar=0.054_dist=500_repair_6_males=6_nmar=5,6,5
0.054,15,500,0,70.36322206181713,242.29154529250584,44.682426814060925,7,0.7,2.001669813773138,925,D_pmar=0.054_dist=500_repair_6_males=6_nmar=5,6,5
0,4,500,500,69.65801669680381,199.43292434180657,90.92684304242584,0,0,0,925,D_pmar=0.054_dist=500_repair_6_males=6_nmar=5,6,5
0.054,8,1000,0,71.71593964937709,236.20048193491908,49.13957869266336,12,1.2,1.9143167780054384,925,D_pmar=0.054_dist=500_repair_6_males=6_nmar=5,6,5
0.054,12,1000,500,67.80552711294973,239.19390066333509,50.69958876492371,7,0.7,1.719086877745449,925,D_pmar=0.054_dist=500_repair_6_males=6_nmar=5,6,5
0,3,0,0,70.76096390287528,277.00839411715697,12.247070356438138,0,0,0,926,D_pmar=0.054_dist=500_repair_6_males=6_nmar=5,6,5
0.054,13,0,500,70.1549168688533,206.0654969018875,81.86609012380293,7,0.7,1.273148148148148,926,D_pmar=0.054_dist=500_repair_6_males=6_nmar=5,6,5
0.054,10,500,0,74.67507784614536,240.0775425013041,42.54292055516198,8,0.7999999999999999,2.002633484151439,926,D_pmar=0.054_dist=500_repair_6_males=6_nmar=5,6,5
0.054,8,500,500,68.44743740586823,221.7569434824662,67.26817828332443,10,1,1.6312994434027677,926,D_pmar=0.054_dist=500_repair_6_males=6_nmar=5,6,5
0.054,14,1000,0,69.45478625536913,224.92988147808703,61.43820812518135,21,2.1000000000000005,2.1825062788764327,926,D_pmar=0.054_dist=500_repair_6_males=6_nmar=5,6,5
0.054,6,1000,500,71.40987162600884,231.16893482136268,54.83856169944944,7,0.7,1.9030834128610272,926,D_pmar=0.054_dist=500_repair_6_males=6_nmar=5,6,5
0.054,11,0,0,71.58835503091052,217.5741949246498,67.51532812317302,15,1.5000000000000002,1.8518518518518512,927,D_pmar=0.054_dist=500_repair_6_males=6_nmar=5,6,5
0.054,6,0,500,71.5091824869584,212.36877597601216,72.81719435741259,14,1.4,1.923448616744203,927,D_pmar=0.054_dist=500_repair_6_males=6_nmar=5,6,5
0.054,11,500,0,69.62133289767773,226.2620789134193,61.15539646069196,12,1.2,1.849525345754899,927,D_pmar=0.054_dist=500_repair_6_males=6_nmar=5,6,5
0,8,500,500,69.22127405247231,217.8388126884205,73.06988987590778,0,0,0,927,D_pmar=0.054_dist=500_repair_6_males=6_nmar=5,6,5
0.054,11,1000,0,71.23221944997267,228.9807310176076,55.92832442476571,17,1.7000000000000004,2.212916197834414,927,D_pmar=0.054_dist=500_repair_6_males=6_nmar=5,6,5
0.054,7,1000,500,71.26870276238766,218.940218440868,67.1399353097286,8,0.7999999999999999,2.0254045065522748,927,D_pmar=0.054_dist=500_repair_6_males=6_nmar=5,6,5
0.054,12,0,0,71.24993723695746,169.48304611541593,116.837267435743,9,0.8999999999999999,1.598185892600523,928,D_pmar=0.054_dist=500_repair_6_males=6_nmar=5,6,5
0,11,0,500,67.57951740617787,214.64123115009264,77.90403296705854,0,0,0,928,D_pmar=0.054_dist=500_repair_6_males=6_nmar=5,6,5
0.054,11,500,0,69.70740566192534,243.8209484924334,42.797829435503495,14,1.4,2.3620747814894143,928,D_pmar=0.054_dist=500_repair_6_males=6_nmar=5,6,5
0.054,5,500,500,75.64692755286137,250.35488825121993,30.63208933105506,13,1.3,2.083333333333333,928,D_pmar=0.054_dist=500_repair_6_males=6_nmar=5,6,5
0.054,9,1000,0,74.37507108837879,197.71133842674104,85.65231518969733,8,0.7999999999999999,1.5694210618801692,928,D_pmar=0.054_dist=500_repair_6_males=6_nmar=5,6,5
0.054,6,1000,500,71.77435322781827,283.6779215678673,0,14,1.4,3.152104417745877,928,D_pmar=0.054_dist=500_repair_6_males=6_nmar=5,6,5
0.054,12,0,0,72.61600765128117,229.0010132174147,55.04099547398996,12,1.2,2.2284982830607167,929,D_pmar=0.054_dist=500_repair_6_males=6_nmar=5,6,5
0.054,7,0,500,72.24338535400457,234.9253362445292,48.76565864550873,16,1.6000000000000003,2.652049594789905,929,D_pmar=0.054_dist=500_repair_6_males=6_nmar=5,6,5
0.054,6,500,0,69.15726850181582,221.24939708109463,66.73358199817781,9,0.8999999999999999,2.0897615402278333,929,D_pmar=0.054_dist=500_repair_6_males=6_nmar=5,6,5
0.054,10,500,500,68.45465330903566,233.73570238872048,55.03775304498961,10,1,1.8680204817091424,929,D_pmar=0.054_dist=500_repair_6_males=6_nmar=5,6,5
0.054,13,1000,0,71.59510559287847,215.25450176715563,70.3563949812889,13,1.3,1.5277777777777777,929,D_pmar=0.054_dist=500_repair_6_males=6_nmar=5,6,5
0,6,1000,500,72.59967029717357,220.5111300669004,67.22510283668922,0,0,0,929,D_pmar=0.054_dist=500_repair_6_males=6_nmar=5,6,5
0.054,5,0,0,70.42791557725057,243.26714631772836,42.543390941259034,16,1.6000000000000003,2.22586748485175,92,D_pmar=0.054_dist=500_repair_6_males=6_nmar=5,6,5
0.054,13,0,500,70.3003845838138,229.6650385176937,56.71378894897263,17,1.7000000000000004,1.6435185185185182,92,D_pmar=0.054_dist=500_repair_6_males=6_nmar=5,6,5
0,3,500,0,70.30767292808565,228.31597776470792,61.428227034678066,0,0,0,92,D_pmar=0.054_dist=500_repair_6_males=6_nmar=5,6,5
0.054,13,500,500,70.88796182348341,221.0309291566826,65.39527762768968,9,0.8999999999999999,1.8199269511192129,92,D_pmar=0.054_dist=500_repair_6_males=6_nmar=5,6,5
0.054,11,1000,0,71.27812997143283,212.0690223317159,73.4733667628357,15,1.5000000000000002,1.7777543952135022,92,D_pmar=0.054_dist=500_repair_6_males=6_nmar=5,6,5
0.054,8,1000,500,72.47042225348594,205.17039822243396,79.79274035844868,6,0.6,2.022114330077022,92,D_pmar=0.054_dist=500_repair_6_males=6_nmar=5,6,5
0,7,0,0,67.43684612203434,237.77339909519424,54.871586446735314,0,0,0,930,D_pmar=0.054_dist=500_repair_6_males=6_nmar=5,6,5
0.054,8,0,500,69.93666182199709,243.96707393113883,42.55962067702216,15,1.5000000000000002,2.2055022809685743,930,D_pmar=0.054_dist=500_repair_6_males=6_nmar=5,6,5
0.054,7,500,0,68.85585156350007,239.16499831609175,48.509835767077384,11,1.1,2.370981640536873,930,D_pmar=0.054_dist=500_repair_6_males=6_nmar=5,6,5
0.054,6,500,500,74.47520081894255,186.00626881692585,97.7904889158902,5,0.5,1.4175015735532357,930,D_pmar=0.054_dist=500_repair_6_males=6_nmar=5,6,5
0.054,15,1000,0,69.716607587394,219.82109504773427,67.44723860814734,14,1.4,1.9421179383474911,930,D_pmar=0.054_dist=500_repair_6_males=6_nmar=5,6,5
0.054,11,1000,500,71.65093171352903,236.49828105746604,48.5433839396174,14,1.4,1.9933494993566685,930,D_pmar=0.054_dist=500_repair_6_males=6_nmar=5,6,5
0.054,8,0,0,69.39115183496432,238.1750819005622,48.756845362011546,15,1.5000000000000002,2.1783825384858475,931,D_pmar=0.054_dist=500_repair_6_males=6_nmar=5,6,5
0.054,16,0,500,68.21179129294853,240.07543812347407,48.64600447819671,13,1.3,1.839632776736101,931,D_pmar=0.054_dist=500_repair_6_males=6_nmar=5,6,5
0,7,500,0,71.69995257779661,270.0836562828434,18.272727363794615,0,0,0,931,D_pmar=0.054_dist=500_repair_6_males=6_nmar=5,6,5
0.054,6,500,500,73.55392555887468,233.5847525027794,49.248741153032555,11,1.1,2.549868725290527,931,D_pmar=0.054_dist=500_repair_6_males=6_nmar=5,6,5
0.054,2,1000,0,72.5379603084622,206.29999560104565,78.48320663504876,9,0.8999999999999999,1.808164314171483,931,D_pmar=0.054_dist=500_repair_6_males=6_nmar=5,6,5
0.054,15,1000,500,68.58458474023908,199.6762205566991,89.24280634553202,8,0.7999999999999999,1.77049262440367,931,D_pmar=0.054_dist=500_repair_6_males=6_nmar=5,6,5
0,5,0,0,69.09460649157974,205.1411183518757,85.95004760539801,0,0,0,932,D_pmar=0.054_dist=500_repair_6_males=6_nmar=5,6,5
0.054,12,0,500,70.16580982630727,243.60182557825337,43.13904617292993,12,1.2,2.0193534254050873,932,D_pmar=0.054_dist=500_repair_6_males=6_nmar=5,6,5
0.054,11,500,0,64.83657231130579,238.66201554297413,52.52568771486948,17,1.7000000000000004,2.339890303719567,932,D_pmar=0.054_dist=500_repair_6_males=6_nmar=5,6,5
0.054,7,500,500,73.73272345157366,216.20566465016904,67.23467425031662,11,1.1,1.7641945239721388,932,D_pmar=0.054_dist=500_repair_6_males=6_nmar=5,6,5
0.054,4,1000,0,69.13366904186472,209.29595446201577,79.39177752989643,5,0.5,1.7600487439885149,932,D_pmar=0.054_dist=500_repair_6_males=6_nmar=5,6,5
0.054,15,1000,500,74.855514461261,221.404184275246,59.57170037376595,19,1.9000000000000008,2.3025957396990666,932,D_pmar=0.054_dist=500_repair_6_males=6_nmar=5,6,5
0.054,18,0,0,71.7999750521696,192.87227382593807,92.19711374849724,13,1.3,1.947053203060371,933,D_pmar=0.054_dist=500_repair_6_males=6_nmar=5,6,5
0,6,0,500,69.1104934099183,235.4947709668997,55.454408743699894,0,0,0,933,D_pmar=0.054_dist=500_repair_6_males=6_nmar=5,6,5
0.054,8,500,0,73.36853385784298,252.9566344948912,30.672203397808424,10,1,2.191942409727211,933,D_pmar=0.054_dist=500_repair_6_males=6_nmar=5,6,5
0.054,5,500,500,71.9453137453484,214.808307513277,70.53707651228788,8,0.7999999999999999,1.9490754170453104,933,D_pmar=0.054_dist=500_repair_6_males=6_nmar=5,6,5
0.054,11,1000,0,72.47260235617178,241.72396373587893,42.907362424684365,10,1,1.897466730288822,933,D_pmar=0.054_dist=500_repair_6_males=6_nmar=5,6,5
0.054,6,1000,500,70.72369482711038,249.10642253575577,36.32978193370076,14,1.4,2.4714160697848766,933,D_pmar=0.054_dist=500_repair_6_males=6_nmar=5,6,5
0.054,12,0,0,71.78516183117914,205.32364668841188,79.46950861860849,15,1.5000000000000002,1.9341747496783337,934,D_pmar=0.054_dist=500_repair_6_males=6_nmar=5,6,5
0,8,0,500,70.35285820490627,234.49837638160875,55.167630618729525,0,0,0,934,D_pmar=0.054_dist=500_repair_6_males=6_nmar=5,6,5
0.054,6,500,0,71.26335964049323,243.14246320395404,41.602749609302045,17,1.7000000000000004,2.3428982276758457,934,D_pmar=0.054_dist=500_repair_6_males=6_nmar=5,6,5
0.054,11,500,500,74.1616534258299,173.8166597436102,109.7254548080858,9,0.8999999999999999,1.4814814814814812,934,D_pmar=0.054_dist=500_repair_6_males=6_nmar=5,6,5
0.054,9,1000,0,71.74351298809427,260.64451097385535,24.258244962444348,10,1,2.36918440624324,934,D_pmar=0.054_dist=500_repair_6_males=6_nmar=5,6,5
0.054,8,1000,500,69.04905517983555,220.8350752305609,67.21267024681048,11,1.1,1.9437630265851185,934,D_pmar=0.054_dist=500_repair_6_males=6_nmar=5,6,5
0.054,8,0,0,71.78872288218302,248.33841843557803,36.41135145042816,15,1.5000000000000002,2.0193534254050873,935,D_pmar=0.054_dist=500_repair_6_males=6_nmar=5,6,5
0.054,5,0,500,73.26349388108622,240.4436239370858,42.90147764056258,10,1,2.4245397076430018,935,D_pmar=0.054_dist=500_repair_6_males=6_nmar=5,6,5
0.054,10,500,0,71.5922563605887,170.01217032526026,116.15919533121046,10,1,1.3865623827919364,935,D_pmar=0.054_dist=500_repair_6_males=6_nmar=5,6,5
0,12,500,500,68.4261273049403,248.82876653414735,42.772230769715975,0,0,0,935,D_pmar=0.054_dist=500_repair_6_males=6_nmar=5,6,5
0.054,11,1000,0,69.98124734085474,250.3042572416498,36.24654058929968,14,1.4,2.1064594418884437,935,D_pmar=0.054_dist=500_repair_6_males=6_nmar=5,6,5
0.054,8,1000,500,71.09567956544272,213.16703597556375,73.37868247209101,8,0.7999999999999999,1.675573525714125,935,D_pmar=0.054_dist=500_repair_6_males=6_nmar=5,6,5
0.054,7,0,0,65.86262923605591,205.73899320503884,85.38468545506055,11,1.1,1.9430816087257927,936,D_pmar=0.054_dist=500_repair_6_males=6_nmar=5,6,5
0.054,11,0,500,70.22597476337734,225.8448176265619,61.163021461274056,10,1,2.0442988078468693,936,D_pmar=0.054_dist=500_repair_6_males=6_nmar=5,6,5
0.054,9,500,0,68.01290575053497,222.89155276313335,67.07258368722106,9,0.8999999999999999,1.4328586790882325,936,D_pmar=0.054_dist=500_repair_6_males=6_nmar=5,6,5
0,11,500,500,68.56081447340554,230.4348594932688,61.0562651928645,0,0,0,936,D_pmar=0.054_dist=500_repair_6_males=6_nmar=5,6,5
0.054,4,1000,0,67.28182737680909,252.7147255643776,36.75200417360168,13,1.3,2.1338041640624765,936,D_pmar=0.054_dist=500_repair_6_males=6_nmar=5,6,5
0.054,12,1000,500,68.68901197147068,257.1714241819153,30.8054459839008,13,1.3,2.156879478575326,936,D_pmar=0.054_dist=500_repair_6_males=6_nmar=5,6,5
0.054,8,0,0,74.83899678184996,184.70891623705015,97.88182110002316,13,1.3,1.2708216420511955,937,D_pmar=0.054_dist=500_repair_6_males=6_nmar=5,6,5
0.054,11,0,500,72.92033829657022,222.05549687194448,61.568630225560184,15,1.5000000000000002,2.1224979652827662,937,D_pmar=0.054_dist=500_repair_6_males=6_nmar=5,6,5
0,6,500,0,72.43943312408278,238.6500321279606,48.92824604208626,0,0,0,937,D_pmar=0.054_dist=500_repair_6_males=6_nmar=5,6,5
0.054,10,500,500,69.18881222717565,232.5388002103317,54.9492280274504,13,1.3,2.0833333333333335,937,D_pmar=0.054_dist=500_repair_6_males=6_nmar=5,6,5
0.054,7,1000,0,72.5517726488218,228.826150636044,54.90631649216022,13,1.3,2.447535709735143,937,D_pmar=0.054_dist=500_repair_6_males=6_nmar=5,6,5
0.054,12,1000,500,70.89225019862238,218.8202594229173,67.50359756964193,9,0.8999999999999999,1.971846439446146,937,D_pmar=0.054_dist=500_repair_6_males=6_nmar=5,6,5
0,15,0,0,69.21569251270958,210.70659951816663,80.08218472413154,0,0,0,938,D_pmar=0.054_dist=500_repair_6_males=6_nmar=5,6,5
0.054,7,0,500,66.36461418385039,218.2639134586279,73.30522012024261,8,0.7999999999999999,1.6139201238828318,938,D_pmar=0.054_dist=500_repair_6_males=6_nmar=5,6,5
0.054,8,500,0,70.5520535768968,230.2890625133955,55.441296696009545,16,1.6000000000000003,2.211952527456113,938,D_pmar=0.054_dist=500_repair_6_males=6_nmar=5,6,5
0.054,7,500,500,70.382525795902,243.37965849595375,42.78981841335766,12,1.2,2.429170680243868,938,D_pmar=0.054_dist=500_repair_6_males=6_nmar=5,6,5
0.054,11,1000,0,69.70047962671354,202.5582057276627,85.27367378643852,9,0.8999999999999999,1.675573525714125,938,D_pmar=0.054_dist=500_repair_6_males=6_nmar=5,6,5
0.054,6,1000,500,73.02353664431105,258.58872464361394,24.377878982822992,14,1.4,2.719392512828703,938,D_pmar=0.054_dist=500_repair_6_males=6_nmar=5,6,5
0.054,16,0,0,70.24360371071718,186.85963188211767,100.54233338808042,10,1,1.376974105885152,939,D_pmar=0.054_dist=500_repair_6_males=6_nmar=5,6,5
0.054,7,0,500,71.44672346324192,242.28886237747096,42.49093246513355,14,1.4,2.408218931729704,939,D_pmar=0.054_dist=500_repair_6_males=6_nmar=5,6,5
0.054,7,500,0,69.0180280365213,232.8173838481009,54.91586359570769,12,1.2,2.0803033697840165,939,D_pmar=0.054_dist=500_repair_6_males=6_nmar=5,6,5
0.054,10,500,500,73.16047830993253,211.55076920349393,73.34916987356108,7,0.7,1.3498543634024245,939,D_pmar=0.054_dist=500_repair_6_males=6_nmar=5,6,5
0.054,9,1000,0,68.91114130458044,263.27301680027006,24.549466368056823,12,1.2,2.082043331249981,939,D_pmar=0.054_dist=500_repair_6_males=6_nmar=5,6,5
0,5,1000,500,72.82094887438524,250.7545191377504,36.59821520120366,0,0,0,939,D_pmar=0.054_dist=500_repair_6_males=6_nmar=5,6,5
0.054,14,0,0,67.81798453039102,234.1362556736842,54.95231450601941,13,1.3,1.9159618662430655,93,D_pmar=0.054_dist=500_repair_6_males=6_nmar=5,6,5
0,10,0,500,68.7718753492067,212.1600743217529,79.13324800821488,0,0,0,93,D_pmar=0.054_dist=500_repair_6_males=6_nmar=5,6,5
0.054,9,500,0,72.03445852239591,219.9998208245849,65.5651747049691,8,0.7999999999999999,1.691459903052441,93,D_pmar=0.054_dist=500_repair_6_males=6_nmar=5,6,5
0.054,6,500,500,73.13059919607772,250.8738809124708,32.22544909201003,12,1.2,2.6590070734877234,93,D_pmar=0.054_dist=500_repair_6_males=6_nmar=5,6,5
0.054,7,1000,0,72.77579221687455,221.5178160775538,61.983010049474686,14,1.4,2.4435641154005645,93,D_pmar=0.054_dist=500_repair_6_males=6_nmar=5,6,5
0.054,8,1000,500,68.41594205602404,239.8945738507663,48.86199678086642,11,1.1,1.782407407407407,93,D_pmar=0.054_dist=500_repair_6_males=6_nmar=5,6,5
0.054,9,0,0,70.66225680392044,203.44613215302795,82.11946068957906,15,1.5000000000000002,2.287977324851064,940,D_pmar=0.054_dist=500_repair_6_males=6_nmar=5,6,5
0,5,0,500,74.56950190337668,224.99587522535597,60.629287998172224,0,0,0,940,D_pmar=0.054_dist=500_repair_6_males=6_nmar=5,6,5
0.054,11,500,0,69.06981645950184,208.76298157094112,79.38229955987548,12,1.2,1.743220735864936,940,D_pmar=0.054_dist=500_repair_6_males=6_nmar=5,6,5
0.054,5,500,500,71.98797821037034,223.21437542837083,60.89738702735384,16,1.6000000000000003,2.3045230804556676,940,D_pmar=0.054_dist=500_repair_6_males=6_nmar=5,6,5
0.054,19,1000,0,74.0764738223994,209.62067992176551,73.78371173040921,12,1.2,1.527096359918452,940,D_pmar=0.054_dist=500_repair_6_males=6_nmar=5,6,5
0.054,5,1000,500,73.5789796928666,240.3218385083179,42.927969191517334,12,1.2,2.116576990598547,940,D_pmar=0.054_dist=500_repair_6_males=6_nmar=5,6,5
0,15,0,0,67.70330984792481,219.29526266144697,73.06880918639287,0,0,0,941,D_pmar=0.054_dist=500_repair_6_males=6_nmar=5,6,5
0.054,5,0,500,70.01987839152282,173.04577385982824,115.04802120544458,7,0.7,1.2843815132925591,941,D_pmar=0.054_dist=500_repair_6_males=6_nmar=5,6,5
0.054,4,500,0,68.3927298670637,244.04110588467776,43.067433431281415,14,1.4,3.101560753381437,941,D_pmar=0.054_dist=500_repair_6_males=6_nmar=5,6,5
0.054,14,500,500,69.46321442974686,262.194813579521,24.400743267090892,15,1.5000000000000002,2.516168629857294,941,D_pmar=0.054_dist=500_repair_6_males=6_nmar=5,6,5
0.054,7,1000,0,71.33789916541295,217.90059228413415,67.41517350285561,17,1.7000000000000004,1.799257455124024,941,D_pmar=0.054_dist=500_repair_6_males=6_nmar=5,6,5
0.054,9,1000,500,72.40947949843942,204.8966529181596,79.43916424342603,14,1.4,1.8551420283271047,941,D_pmar=0.054_dist=500_repair_6_males=6_nmar=5,6,5
0.054,9,0,0,70.34375057656918,255.94837995624147,30.623127284619667,12,1.2,2.060185185185185,942,D_pmar=0.054_dist=500_repair_6_males=6_nmar=5,6,5
0.054,10,0,500,72.96515399096003,217.11054280821637,67.02677549955138,10,1,1.9229413845339225,942,D_pmar=0.054_dist=500_repair_6_males=6_nmar=5,6,5
0.054,9,500,0,72.48312513977966,217.79945653653556,67.01978242271304,9,0.8999999999999999,1.921426402759264,942,D_pmar=0.054_dist=500_repair_6_males=6_nmar=5,6,5
0.054,11,500,500,65.64197795055296,253.58297446308836,36.63862698781543,18,1.8000000000000005,2.3709816405368733,942,D_pmar=0.054_dist=500_repair_6_males=6_nmar=5,6,5
0,5,1000,0,70.94613924610586,234.55160098020087,54.520240904589336,0,0,0,942,D_pmar=0.054_dist=500_repair_6_males=6_nmar=5,6,5
0.054,10,1000,500,73.52753702022626,198.89744958799344,85.25434984771077,7,0.7,1.6714497853235393,942,D_pmar=0.054_dist=500_repair_6_males=6_nmar=5,6,5
0.054,3,0,0,68.982048875152,269.1452909348458,18.22260589553022,11,1.1,2.607696200057839,943,D_pmar=0.054_dist=500_repair_6_males=6_nmar=5,6,5
0.054,10,0,500,74.98417809680049,154.46275173211103,128.67808320598866,8,0.7999999999999999,1.080019774293805,943,D_pmar=0.054_dist=500_repair_6_males=6_nmar=5,6,5
0.054,7,500,0,68.5167796490028,250.96295421406427,36.711373580262986,18,1.8000000000000005,2.0356742013183857,943,D_pmar=0.054_dist=500_repair_6_males=6_nmar=5,6,5
0,8,500,500,72.3821216416279,232.79975903508625,54.833501015059745,0,0,0,943,D_pmar=0.054_dist=500_repair_6_males=6_nmar=5,6,5
0.054,10,1000,0,72.09930899067692,216.2997486546673,68.91955892138634,9,0.8999999999999999,1.928558067106128,943,D_pmar=0.054_dist=500_repair_6_males=6_nmar=5,6,5
0.054,16,1000,500,68.90721028295408,244.5854744611022,42.64851272065344,12,1.2,2.7124350341308863,943,D_pmar=0.054_dist=500_repair_6_males=6_nmar=5,6,5
0.054,11,0,0,71.603213775234,230.0739503323333,55.07467625068031,15,1.5000000000000002,1.8504890161332,944,D_pmar=0.054_dist=500_repair_6_males=6_nmar=5,6,5
0.054,12,0,500,71.1198883521216,248.02576605301567,36.749881929796594,17,1.7000000000000004,2.463951358876779,944,D_pmar=0.054_dist=500_repair_6_males=6_nmar=5,6,5
0.054,7,500,0,70.63099862465822,177.4554288790817,109.958604183839,7,0.7,1.3210895326820709,944,D_pmar=0.054_dist=500_repair_6_males=6_nmar=5,6,5
0,7,500,500,71.66883672728683,214.89407757693232,73.60354551228511,0,0,0,944,D_pmar=0.054_dist=500_repair_6_males=6_nmar=5,6,5
0.054,7,1000,0,72.646109635822,229.3414780492867,55.30194287527164,10,1,1.949908980960643,944,D_pmar=0.054_dist=500_repair_6_males=6_nmar=5,6,5
0.054,10,1000,500,72.61473681169689,210.46424221568392,73.48594480867993,17,1.7000000000000004,1.8256957797474251,944,D_pmar=0.054_dist=500_repair_6_males=6_nmar=5,6,5
0.054,11,0,0,73.89400192379158,222.0599840786286,61.422270102842255,7,0.7,1.9656211726499135,945,D_pmar=0.054_dist=500_repair_6_males=6_nmar=5,6,5
0.054,7,0,500,71.71299341552337,187.99407554227776,97.60995553139396,12,1.2,1.5757191623117004,945,D_pmar=0.054_dist=500_repair_6_males=6_nmar=5,6,5
0.054,11,500,0,69.26374155438405,236.21719561682283,51.78920681787656,12,1.2,1.8488439278955735,945,D_pmar=0.054_dist=500_repair_6_males=6_nmar=5,6,5
0.054,7,500,500,74.37830177709229,239.07554334029163,42.81273213408667,15,1.5000000000000002,2.412871943923609,945,D_pmar=0.054_dist=500_repair_6_males=6_nmar=5,6,5
0,9,1000,0,68.18840578733273,193.9939957289833,97.87390134452136,0,0,0,945,D_pmar=0.054_dist=500_repair_6_males=6_nmar=5,6,5
0.054,9,1000,500,69.6291013718991,255.5668947001193,30.616613138409896,17,1.7000000000000004,2.6001874099636644,945,D_pmar=0.054_dist=500_repair_6_males=6_nmar=5,6,5
0,5,0,0,72.99940809383149,250.48156622812772,36.655086075192465,0,0,0,946,D_pmar=0.054_dist=500_repair_6_males=6_nmar=5,6,5
0.054,12,0,500,68.739951862254,233.74983051420895,54.95671643524565,10,1,1.687488308717862,946,D_pmar=0.054_dist=500_repair_6_males=6_nmar=5,6,5
0.054,12,500,0,68.56368771188859,189.37291187517505,99.61014029420136,11,1.1,1.4073840248431324,946,D_pmar=0.054_dist=500_repair_6_males=6_nmar=5,6,5
0.054,11,500,500,68.99120733461952,263.3947013954038,24.141582142138343,12,1.2,2.278236901888273,946,D_pmar=0.054_dist=500_repair_6_males=6_nmar=5,6,5
0.054,8,1000,0,73.03835098358294,217.13514198815585,67.44466571944852,9,0.8999999999999999,1.9708827690678457,946,D_pmar=0.054_dist=500_repair_6_males=6_nmar=5,6,5
0.054,6,1000,500,71.49712119631789,242.119415565421,42.67524022719163,12,1.2,2.553913153260406,946,D_pmar=0.054_dist=500_repair_6_males=6_nmar=5,6,5
0.054,6,0,0,71.9961318574632,188.6613106271858,97.69021284929642,5,0.5,1.2499999999999998,947,D_pmar=0.054_dist=500_repair_6_males=6_nmar=5,6,5
0.054,10,0,500,70.33573176303433,213.45321360220956,73.02150866533664,14,1.4,1.862780924884249,947,D_pmar=0.054_dist=500_repair_6_males=6_nmar=5,6,5
0.054,16,500,0,69.17568419456694,256.78216797310574,30.256144617725106,14,1.4,2.4579575505572615,947,D_pmar=0.054_dist=500_repair_6_males=6_nmar=5,6,5
0,9,500,500,73.5360922952466,207.25472827359224,79.39653849284521,0,0,0,947,D_pmar=0.054_dist=500_repair_6_males=6_nmar=5,6,5
0.054,4,1000,0,70.45289045595223,284.8934022785737,0,10,1,3.7676682868951,947,D_pmar=0.054_dist=500_repair_6_males=6_nmar=5,6,5
0.054,9,1000,500,69.92700526798279,207.13101250533921,79.63813139486827,16,1.6000000000000003,1.7727970909075843,947,D_pmar=0.054_dist=500_repair_6_males=6_nmar=5,6,5
0.054,10,0,0,69.7561120806459,166.21979217681834,121.78844546778625,10,1,1.2499999999999998,948,D_pmar=0.054_dist=500_repair_6_males=6_nmar=5,6,5
0.054,4,0,500,70.66066491661351,242.68130472520772,43.03418999175779,11,1.1,2.577952138151556,948,D_pmar=0.054_dist=500_repair_6_males=6_nmar=5,6,5
0.054,14,500,0,68.70275311536163,239.2200537854789,48.80130583118552,14,1.4,1.9315439514693675,948,D_pmar=0.054_dist=500_repair_6_males=6_nmar=5,6,5
0,8,500,500,72.909055055809,226.668116904336,60.67979785480739,0,0,0,948,D_pmar=0.054_dist=500_repair_6_males=6_nmar=5,6,5
0.054,9,1000,0,69.13568571356781,263.3577816459502,24.331082476842656,10,1,2.20039283060665,948,D_pmar=0.054_dist=500_repair_6_males=6_nmar=5,6,5
0.054,9,1000,500,72.48666437883604,229.0593018054854,55.21166849602976,13,1.3,1.9804710459746295,948,D_pmar=0.054_dist=500_repair_6_males=6_nmar=5,6,5
0.054,12,0,0,72.21413121030331,248.34172536928045,36.470404360356106,9,0.8999999999999999,2.1233315291980985,949,D_pmar=0.054_dist=500_repair_6_males=6_nmar=5,6,5
0.054,12,0,500,71.06488522059698,231.48896366521188,54.92774585351897,6,0.6,1.972527857305472,949,D_pmar=0.054_dist=500_repair_6_males=6_nmar=5,6,5
0.054,7,500,0,73.44000261233909,232.3167674110978,50.99611804121357,12,1.2,2.077998903280103,949,D_pmar=0.054_dist=500_repair_6_males=6_nmar=5,6,5
0.054,5,500,500,71.77015911380462,236.29458709166596,48.99801631665606,8,0.7999999999999999,2.261763979918968,949,D_pmar=0.054_dist=500_repair_6_males=6_nmar=5,6,5
0,16,1000,0,73.12037669128918,219.7169192118945,67.19566188724139,0,0,0,949,D_pmar=0.054_dist=500_repair_6_males=6_nmar=5,6,5
0.054,2,1000,500,64.25656923019879,261.48923884493524,30.340960695569247,13,1.3,2.757802893283511,949,D_pmar=0.054_dist=500_repair_6_males=6_nmar=5,6,5
0.054,8,0,0,68.31036955662955,216.22539215516457,72.94166289947518,11,1.1,1.4515787947337817,94,D_pmar=0.054_dist=500_repair_6_males=6_nmar=5,6,5
0.054,3,0,500,73.39738741164682,235.1353854397833,48.51537166279029,11,1.1,1.972527857305472,94,D_pmar=0.054_dist=500_repair_6_males=6_nmar=5,6,5
0,8,500,0,73.1996803884052,183.12471500972816,103.7942314369616,0,0,0,94,D_pmar=0.054_dist=500_repair_6_males=6_nmar=5,6,5
0.054,10,500,500,68.30793113830997,257.5376656791927,30.69579008697784,14,1.4,2.3362958351323004,94,D_pmar=0.054_dist=500_repair_6_males=6_nmar=5,6,5
0.054,12,1000,0,70.7150573813486,218.86454107201828,67.20877495029725,14,1.4,1.8521341043708264,94,D_pmar=0.054_dist=500_repair_6_males=6_nmar=5,6,5
0.054,13,1000,500,72.26292129196038,235.9599608248677,48.79771955922075,11,1.1,1.901438324623401,94,D_pmar=0.054_dist=500_repair_6_males=6_nmar=5,6,5
0.054,7,0,0,69.74738086572442,250.83703982374377,36.751035582314294,8,0.7999999999999999,1.9322253693286937,950,D_pmar=0.054_dist=500_repair_6_males=6_nmar=5,6,5
0.054,9,0,500,71.31176222409762,248.54354423170196,36.980501849879005,9,0.8999999999999999,2.271330217232715,950,D_pmar=0.054_dist=500_repair_6_males=6_nmar=5,6,5
0,7,500,0,73.49787288051063,225.13942382325072,61.412144154026656,0,0,0,950,D_pmar=0.054_dist=500_repair_6_males=6_nmar=5,6,5
0.054,8,500,500,71.37411194343034,271.2137292723358,13.944738801592475,9,0.8999999999999999,2.6902505563610375,950,D_pmar=0.054_dist=500_repair_6_males=6_nmar=5,6,5
0.054,12,1000,0,72.84125752133106,229.22049098030996,55.01786180593674,13,1.3,1.712281545103637,950,D_pmar=0.054_dist=500_repair_6_males=6_nmar=5,6,5
0.054,11,1000,500,71.63314017198424,206.12147481792636,79.91513676625871,8,0.7999999999999999,1.612427181701212,950,D_pmar=0.054_dist=500_repair_6_males=6_nmar=5,6,5
0.054,8,0,0,72.99778134702446,258.5569088927336,24.40034345034872,18,1.8000000000000005,2.5306921714769586,951,D_pmar=0.054_dist=500_repair_6_males=6_nmar=5,6,5
0.054,12,0,500,71.14364865392908,224.42311915252637,61.197883783615445,12,1.2,2.085942091949261,951,D_pmar=0.054_dist=500_repair_6_males=6_nmar=5,6,5
0,5,500,0,70.25180846676342,234.4563736120394,55.3260188614722,0,0,0,951,D_pmar=0.054_dist=500_repair_6_males=6_nmar=5,6,5
0.054,6,500,500,69.6691306069439,232.4173232627764,54.78134176802461,15,1.5000000000000002,1.7361111111111107,951,D_pmar=0.054_dist=500_repair_6_males=6_nmar=5,6,5
0.054,10,1000,0,70.62300815699906,202.35723239406113,85.70497327105247,2,0.2,1.2377809248842493,951,D_pmar=0.054_dist=500_repair_6_males=6_nmar=5,6,5
0.054,13,1000,500,70.79223242052504,217.5104985824478,68.69736805302097,11,1.1,1.912671689767812,951,D_pmar=0.054_dist=500_repair_6_males=6_nmar=5,6,5
0.054,10,0,0,72.2140156979149,248.0475054136058,36.449025388693784,11,1.1,2.211778341807068,952,D_pmar=0.054_dist=500_repair_6_males=6_nmar=5,6,5
0.054,5,0,500,71.46143941875458,224.29826089547012,61.214597231204245,10,1,2.061148855563486,952,D_pmar=0.054_dist=500_repair_6_males=6_nmar=5,6,5
0.054,5,500,0,70.51631781226547,229.11214923142364,57.51416475328873,14,1.4,1.6666666666666663,952,D_pmar=0.054_dist=500_repair_6_males=6_nmar=5,6,5
0.054,17,500,500,73.61127920059434,209.40166380678235,73.26944279009238,15,1.5000000000000002,2.2608575823683372,952,D_pmar=0.054_dist=500_repair_6_males=6_nmar=5,6,5
0,8,1000,0,72.07562239493157,166.33132651184013,121.66704421107308,0,0,0,952,D_pmar=0.054_dist=500_repair_6_males=6_nmar=5,6,5
0.054,9,1000,500,70.62778469715985,267.9661791357759,18.197289099724077,11,1.1,2.322888109946943,952,D_pmar=0.054_dist=500_repair_6_males=6_nmar=5,6,5
0.054,8,0,0,72.27988483097924,181.46143969175455,103.30854877121324,16,1.6000000000000003,1.3538259577370035,953,D_pmar=0.054_dist=500_repair_6_males=6_nmar=5,6,5
0.054,13,0,500,72.60431919996098,211.1805387185134,73.25994981115873,14,1.4,1.7952858607894449,953,D_pmar=0.054_dist=500_repair_6_males=6_nmar=5,6,5
0.054,11,500,0,68.09512484407269,198.4268872346844,91.2477761271447,10,1,1.292324701961717,953,D_pmar=0.054_dist=500_repair_6_males=6_nmar=5,6,5
0,8,500,500,68.51694632678377,255.0757515615906,36.43709095616797,0,0,0,953,D_pmar=0.054_dist=500_repair_6_males=6_nmar=5,6,5
0.054,6,1000,0,69.23989900234194,251.01693478074395,36.510511127340905,10,1,2.23861583177082,953,D_pmar=0.054_dist=500_repair_6_males=6_nmar=5,6,5
0.054,8,1000,500,72.76831137528409,240.74595351083863,42.47225222306927,13,1.3,2.8966917821724008,953,D_pmar=0.054_dist=500_repair_6_males=6_nmar=5,6,5
0.054,2,0,0,72.00096611986994,218.5077954031602,66.83536823690535,9,0.8999999999999999,1.9441181127393925,954,D_pmar=0.054_dist=500_repair_6_males=6_nmar=5,6,5
0.054,12,0,500,72.83784085551171,199.5030499899556,85.61117824290574,10,1,1.2747932363857746,954,D_pmar=0.054_dist=500_repair_6_males=6_nmar=5,6,5
0,13,500,0,73.00410432421647,237.98141218603115,49.03940296079098,0,0,0,954,D_pmar=0.054_dist=500_repair_6_males=6_nmar=5,6,5
0.054,9,500,500,70.63168560038572,249.35832054264588,36.539616621293575,14,1.4,2.223033746544518,954,D_pmar=0.054_dist=500_repair_6_males=6_nmar=5,6,5
0.054,3,1000,0,67.61142812033894,264.35510991526536,24.29282287816598,15,1.5000000000000002,2.4581604906555277,954,D_pmar=0.054_dist=500_repair_6_males=6_nmar=5,6,5
0.054,15,1000,500,68.97080655193422,215.63779729599932,73.07457515217439,7,0.7,1.849525345754899,954,D_pmar=0.054_dist=500_repair_6_males=6_nmar=5,6,5
0.054,7,0,0,70.37891261699956,220.42013177203177,66.95628728441865,8,0.7999999999999999,1.5948957161252697,955,D_pmar=0.054_dist=500_repair_6_males=6_nmar=5,6,5
0.054,8,0,500,72.12320793587529,233.2008541830412,51.29353652011069,12,1.2,2.369314512706207,955,D_pmar=0.054_dist=500_repair_6_males=6_nmar=5,6,5
0.054,6,500,0,70.09051502929432,235.72555697225863,50.56496460491086,14,1.4,2.335766563328981,955,D_pmar=0.054_dist=500_repair_6_males=6_nmar=5,6,5
0,7,500,500,66.98456033938744,250.37167121735817,42.650154437094606,0,0,0,955,D_pmar=0.054_dist=500_repair_6_males=6_nmar=5,6,5
0.054,11,1000,0,69.16891886988307,244.64733005742835,42.85893323842522,13,1.3,2.1637068508101764,955,D_pmar=0.054_dist=500_repair_6_males=6_nmar=5,6,5
0.054,15,1000,500,70.79663820925295,200.42049026308152,86.13312866605335,10,1,1.6739284374764984,955,D_pmar=0.054_dist=500_repair_6_males=6_nmar=5,6,5
0.054,11,0,0,69.93724279912232,261.67602755583437,24.30443614449769,16,1.6000000000000003,2.574379709157328,956,D_pmar=0.054_dist=500_repair_6_males=6_nmar=5,6,5
0,10,0,500,70.91956691203845,173.0928274472095,116.21117951638776,0,0,0,956,D_pmar=0.054_dist=500_repair_6_males=6_nmar=5,6,5
0.054,10,500,0,73.84245663059845,216.13810082104604,67.01120310540048,14,1.4,1.810338674212428,956,D_pmar=0.054_dist=500_repair_6_males=6_nmar=5,6,5
0.054,10,500,500,73.22371701859726,179.8073229020535,104.48895155807746,10,1,1.813780996743688,956,D_pmar=0.054_dist=500_repair_6_males=6_nmar=5,6,5
0.054,3,1000,0,69.55644402884066,256.5402651662758,30.752517218326417,10,1,2.340470369565146,956,D_pmar=0.054_dist=500_repair_6_males=6_nmar=5,6,5
0.054,10,1000,500,71.26648430996029,236.2265015691443,48.840660298753235,15,1.5000000000000002,2.2096260213591608,956,D_pmar=0.054_dist=500_repair_6_males=6_nmar=5,6,5
0.054,6,0,0,71.88530046155795,212.48238736409832,72.72246373285493,11,1.1,1.9900593228814143,957,D_pmar=0.054_dist=500_repair_6_males=6_nmar=5,6,5
0.054,12,0,500,66.35353978023053,277.784788068548,12.337828561174591,10,1,2.527909227211986,957,D_pmar=0.054_dist=500_repair_6_males=6_nmar=5,6,5
0.054,13,500,0,68.95954437948113,185.2943611689703,103.52346233571372,7,0.7,1.6365390002276614,957,D_pmar=0.054_dist=500_repair_6_males=6_nmar=5,6,5
0,6,500,500,67.71110853729064,202.0651921359745,90.33863640020172,0,0,0,957,D_pmar=0.054_dist=500_repair_6_males=6_nmar=5,6,5
0.054,10,1000,0,72.70975934297556,252.36650632777528,30.62005989448264,18,1.8000000000000005,2.547259966674601,957,D_pmar=0.054_dist=500_repair_6_males=6_nmar=5,6,5
0.054,7,1000,500,70.65700586554316,225.4366605478307,60.90849546236635,15,1.5000000000000002,1.5717475679771216,957,D_pmar=0.054_dist=500_repair_6_males=6_nmar=5,6,5
0.054,8,0,0,70.0796462216337,231.9531143240321,55.05643640084925,9,0.8999999999999999,2.235078636011223,958,D_pmar=0.054_dist=500_repair_6_males=6_nmar=5,6,5
0.054,7,0,500,68.62292491081031,220.8652949484581,67.20161748656118,14,1.4,2.060185185185185,958,D_pmar=0.054_dist=500_repair_6_males=6_nmar=5,6,5
0,16,500,0,69.778774835656,181.34082885146697,108.9478000681219,0,0,0,958,D_pmar=0.054_dist=500_repair_6_males=6_nmar=5,6,5
0.054,10,500,500,69.73118077687246,231.87781634004608,55.12323254526479,14,1.4,1.9908708472037089,958,D_pmar=0.054_dist=500_repair_6_males=6_nmar=5,6,5
0.054,2,1000,0,70.79944801351012,248.84344307184472,36.518796388311344,13,1.3,2.59983232380939,958,D_pmar=0.054_dist=500_repair_6_males=6_nmar=5,6,5
0.054,11,1000,500,70.9978507208042,249.4544672795056,36.85016129891281,9,0.8999999999999999,1.8287037037037033,958,D_pmar=0.054_dist=500_repair_6_males=6_nmar=5,6,5
0.054,12,0,0,69.29932968944861,251.20449119186088,35.32250223263797,13,1.3,3.063381831403344,959,D_pmar=0.054_dist=500_repair_6_males=6_nmar=5,6,5
0.054,7,0,500,70.4915760726996,201.27044129291207,85.47717403329285,13,1.3,1.7129629629629626,959,D_pmar=0.054_dist=500_repair_6_males=6_nmar=5,6,5
0.054,8,500,0,71.7086244399034,182.04944518250272,103.74076552290254,10,1,1.6388655063246136,959,D_pmar=0.054_dist=500_repair_6_males=6_nmar=5,6,5
0.054,13,500,500,68.54124524389916,239.32827500488833,48.782050302147795,13,1.3,2.0568729691168937,959,D_pmar=0.054_dist=500_repair_6_males=6_nmar=5,6,5
0,7,1000,0,70.22466592368951,234.9861430854071,54.800858392182754,0,0,0,959,D_pmar=0.054_dist=500_repair_6_males=6_nmar=5,6,5
0.054,7,1000,500,72.26467138515504,242.44894909756908,42.3999343603376,12,1.2,1.9663025905092395,959,D_pmar=0.054_dist=500_repair_6_males=6_nmar=5,6,5
0,6,0,0,70.15375794820045,211.2030479309013,78.81993832344165,0,0,0,95,D_pmar=0.054_dist=500_repair_6_males=6_nmar=5,6,5
0.054,18,0,500,72.70886822764201,204.4855641737068,79.5211974731304,14,1.4,1.951706215254276,95,D_pmar=0.054_dist=500_repair_6_males=6_nmar=5,6,5
0.054,9,500,0,70.50463608166214,231.16588219670624,55.11067837773804,11,1.1,2.1673013193974433,95,D_pmar=0.054_dist=500_repair_6_males=6_nmar=5,6,5
0.054,6,500,500,69.7796098993652,226.21334465371916,60.86135961836124,13,1.3,1.9145417576967445,95,D_pmar=0.054_dist=500_repair_6_males=6_nmar=5,6,5
0.054,8,1000,0,69.88213334570692,243.29562054338183,43.71818651847258,13,1.3,1.887044889466705,95,D_pmar=0.054_dist=500_repair_6_males=6_nmar=5,6,5
0.054,7,1000,500,72.02478801762037,211.1800537518631,73.57002089905963,14,1.4,1.8432272453233676,95,D_pmar=0.054_dist=500_repair_6_males=6_nmar=5,6,5
0.054,17,0,0,71.91663793612987,248.9803015874024,36.50022708977048,7,0.7,2.082651915474007,960,D_pmar=0.054_dist=500_repair_6_males=6_nmar=5,6,5
0.054,5,0,500,72.38158343411875,241.756062640516,43.18787536481509,9,0.8999999999999999,1.894835932079856,960,D_pmar=0.054_dist=500_repair_6_males=6_nmar=5,6,5
0.054,11,500,0,69.68789350419469,250.05550563061877,36.56940924355868,10,1,2.784640383247265,960,D_pmar=0.054_dist=500_repair_6_males=6_nmar=5,6,5
0,5,500,500,74.80923715672562,218.6083431714675,66.75796692792315,0,0,0,960,D_pmar=0.054_dist=500_repair_6_males=6_nmar=5,6,5
0.054,9,1000,0,74.2275369550743,233.88984103584153,48.60665672556296,16,1.6000000000000003,1.949908980960643,960,D_pmar=0.054_dist=500_repair_6_males=6_nmar=5,6,5
0.054,7,1000,500,68.53727816089642,209.53091302056316,79.26948057282426,10,1,1.675573525714125,960,D_pmar=0.054_dist=500_repair_6_males=6_nmar=5,6,5
0.054,4,0,0,71.08334609648755,267.33944140072805,18.165494819374285,13,1.3,2.126976791827626,961,D_pmar=0.054_dist=500_repair_6_males=6_nmar=5,6,5
0.054,9,0,500,72.05550167150281,253.70981000413045,30.457466624157107,13,1.3,2.4801420283271076,961,D_pmar=0.054_dist=500_repair_6_males=6_nmar=5,6,5
0.054,13,500,0,69.49469808634299,208.0522755001292,79.32730350167797,13,1.3,1.8471988396579464,961,D_pmar=0.054_dist=500_repair_6_males=6_nmar=5,6,5
0,9,500,500,74.49988553713024,218.4129269176766,67.30531669076524,0,0,0,961,D_pmar=0.054_dist=500_repair_6_males=6_nmar=5,6,5
0.054,13,1000,0,68.92484152258618,244.6559456643239,43.288126147450605,8,0.7999999999999999,2.346695636361379,961,D_pmar=0.054_dist=500_repair_6_males=6_nmar=5,6,5
0.054,6,1000,500,68.86554032701193,227.82114033175333,61.77335975840104,2,0.2,1.3905339771265153,961,D_pmar=0.054_dist=500_repair_6_males=6_nmar=5,6,5
0.054,10,0,0,73.09413806604509,204.63188928736295,79.41139570292394,11,1.1,1.8313124623196309,962,D_pmar=0.054_dist=500_repair_6_males=6_nmar=5,6,5
0.054,15,0,500,68.54301377182313,172.83677464695157,116.10638161404482,13,1.3,1.273148148148148,962,D_pmar=0.054_dist=500_repair_6_males=6_nmar=5,6,5
0.054,7,500,0,70.63457753952888,273.17552552348246,12.09431302568267,17,1.7000000000000004,2.475561849768501,962,D_pmar=0.054_dist=500_repair_6_males=6_nmar=5,6,5
0.054,6,500,500,70.24614602012599,237.30103130168803,49.02818530324134,12,1.2,2.3246853442405766,962,D_pmar=0.054_dist=500_repair_6_males=6_nmar=5,6,5
0.054,6,1000,0,71.16455353313383,255.07960101890137,30.25108213785626,13,1.3,2.484678127699636,962,D_pmar=0.054_dist=500_repair_6_males=6_nmar=5,6,5
0,10,1000,500,68.07519332590844,175.8779845109336,116.10927945791236,0,0,0,962,D_pmar=0.054_dist=500_repair_6_males=6_nmar=5,6,5
0.054,7,0,0,74.12434922536261,211.34869055409655,71.88578975748327,10,1,1.7585778413999331,963,D_pmar=0.054_dist=500_repair_6_males=6_nmar=5,6,5
0,8,0,500,67.71940351824452,237.58267952697835,54.73057504472344,0,0,0,963,D_pmar=0.054_dist=500_repair_6_males=6_nmar=5,6,5
0.054,9,500,0,68.82688773283277,251.6905236367899,36.69559705792514,10,1,1.9741729455430987,963,D_pmar=0.054_dist=500_repair_6_males=6_nmar=5,6,5
0.054,12,500,500,68.22014593507193,270.44087074253196,18.432519339779866,10,1,2.071925782539877,963,D_pmar=0.054_dist=500_repair_6_males=6_nmar=5,6,5
0.054,6,1000,0,70.93212423238491,196.35508458567597,89.83817949625202,11,1.1,1.9940309172159936,963,D_pmar=0.054_dist=500_repair_6_males=6_nmar=5,6,5
0.054,12,1000,500,70.24697121846043,250.50192854255013,36.62872024011915,10,1,1.902779120749014,963,D_pmar=0.054_dist=500_repair_6_males=6_nmar=5,6,5
0.054,14,0,0,71.20004139188659,226.81936592426052,58.97788830511254,13,1.3,1.7641945239721386,964,D_pmar=0.054_dist=500_repair_6_males=6_nmar=5,6,5
0.054,8,0,500,72.79530801449492,234.94460592231013,49.07317743752413,12,1.2,2.0546986090759476,964,D_pmar=0.054_dist=500_repair_6_males=6_nmar=5,6,5
0.054,10,500,0,71.68271922801922,201.0318895350025,85.27396859041946,6,0.6,1.5509259259259256,964,D_pmar=0.054_dist=500_repair_6_males=6_nmar=5,6,5
0.054,6,500,500,70.2954755794118,225.40922141101075,61.10483602581656,11,1.1,2.32400392638125,964,D_pmar=0.054_dist=500_repair_6_males=6_nmar=5,6,5
0.054,9,1000,0,74.14962238128568,228.03342918977015,54.79150686121291,14,1.4,1.700743887847212,964,D_pmar=0.054_dist=500_repair_6_males=6_nmar=5,6,5
0,7,1000,500,72.99141623364149,256.8865744036895,30.419890104220404,0,0,0,964,D_pmar=0.054_dist=500_repair_6_males=6_nmar=5,6,5
0.054,14,0,0,69.31134346903549,232.7728880789578,55.351546202418085,10,1,1.5733926562147482,965,D_pmar=0.054_dist=500_repair_6_males=6_nmar=5,6,5
0,8,0,500,68.16678220541365,225.0692915989938,66.80099708262094,0,0,0,965,D_pmar=0.054_dist=500_repair_6_males=6_nmar=5,6,5
0.054,12,500,0,67.6211435386608,204.26329048216567,85.77388389221593,8,0.7999999999999999,1.687488308717862,965,D_pmar=0.054_dist=500_repair_6_males=6_nmar=5,6,5
0.054,4,500,500,73.16768342138658,258.836675192956,24.46166274869602,11,1.1,2.6010209738789967,965,D_pmar=0.054_dist=500_repair_6_males=6_nmar=5,6,5
0.054,7,1000,0,68.88566943604131,251.2121225675623,36.554192110520496,15,1.5000000000000002,2.478097774749131,965,D_pmar=0.054_dist=500_repair_6_males=6_nmar=5,6,5
0.054,9,1000,500,71.89534199540684,230.32162631736793,54.980275271261945,9,0.8999999999999999,2.1385364886770892,965,D_pmar=0.054_dist=500_repair_6_males=6_nmar=5,6,5
0.054,3,0,0,67.93552572514031,251.68254214938423,36.75720641242149,16,1.6000000000000003,2.025477340187574,966,D_pmar=0.054_dist=500_repair_6_males=6_nmar=5,6,5
0.054,13,0,500,74.8809136043713,226.70614330064487,54.7110713598658,17,1.7000000000000004,2.0171790653641417,966,D_pmar=0.054_dist=500_repair_6_males=6_nmar=5,6,5
0.054,10,500,0,68.65922429289799,218.93347054918303,69.85782475558064,6,0.6,1.993349499356668,966,D_pmar=0.054_dist=500_repair_6_males=6_nmar=5,6,5
0.054,8,500,500,70.05419646607756,258.19259966798506,28.015331863151975,10,1,2.9662310998451824,966,D_pmar=0.054_dist=500_repair_6_males=6_nmar=5,6,5
0,10,1000,0,68.98883808659524,229.84240118458703,61.37787797152461,0,0,0,966,D_pmar=0.054_dist=500_repair_6_males=6_nmar=5,6,5
0.054,10,1000,500,70.7099974665162,194.4159961288572,93.01181544380304,9,0.8999999999999999,1.1957605150345454,966,D_pmar=0.054_dist=500_repair_6_males=6_nmar=5,6,5
0.054,6,0,0,74.83184779707656,203.20403521246104,79.09169787749764,15,1.5000000000000002,1.6507802893283503,967,D_pmar=0.054_dist=500_repair_6_males=6_nmar=5,6,5
0.054,9,0,500,72.30041561289157,236.0492799277656,48.95455466814869,9,0.8999999999999999,1.858280058746351,967,D_pmar=0.054_dist=500_repair_6_males=6_nmar=5,6,5
0.054,9,500,0,68.44386484504253,250.5549888292983,37.07638069123273,15,1.5000000000000002,2.438780996743692,967,D_pmar=0.054_dist=500_repair_6_males=6_nmar=5,6,5
0.054,6,500,500,73.43073372818652,234.63480399070485,48.787518942588875,10,1,2.1514149420591275,967,D_pmar=0.054_dist=500_repair_6_males=6_nmar=5,6,5
0.054,12,1000,0,72.24934542117704,190.71333681526087,93.64862615677526,15,1.5000000000000002,2.0171790653641417,967,D_pmar=0.054_dist=500_repair_6_males=6_nmar=5,6,5
0,12,1000,500,71.06504665046475,210.90368301179345,78.13006555016364,0,0,0,967,D_pmar=0.054_dist=500_repair_6_males=6_nmar=5,6,5
0.054,7,0,0,71.87225169665302,254.5524233806997,30.6657008804708,8,0.7999999999999999,2.149617707765494,968,D_pmar=0.054_dist=500_repair_6_males=6_nmar=5,6,5
0.054,11,0,500,70.52491080800893,231.18333382452957,55.32255797632878,9,0.8999999999999999,2.1174105545138797,968,D_pmar=0.054_dist=500_repair_6_males=6_nmar=5,6,5
0,5,500,0,70.03291747358303,223.89531364291415,66.24856260372358,0,0,0,968,D_pmar=0.054_dist=500_repair_6_males=6_nmar=5,6,5
0.054,7,500,500,69.25404949983712,220.84862429813697,66.82508138274254,14,1.4,1.8656939756121904,968,D_pmar=0.054_dist=500_repair_6_males=6_nmar=5,6,5
0.054,12,1000,0,69.79775308510129,213.1527363949133,74.42639197845274,8,0.7999999999999999,2.03005751874618,968,D_pmar=0.054_dist=500_repair_6_males=6_nmar=5,6,5
0.054,12,1000,500,73.12247319501132,264.7796668810949,18.276582374095675,13,1.3,2.6643415035409563,968,D_pmar=0.054_dist=500_repair_6_males=6_nmar=5,6,5
0,7,0,0,67.73676564709882,261.7796688154553,30.51466539646826,0,0,0,969,D_pmar=0.054_dist=500_repair_6_males=6_nmar=5,6,5
0.054,10,0,500,72.05930673965699,187.18166367033749,97.63893735383438,12,1.2,1.951706215254276,969,D_pmar=0.054_dist=500_repair_6_males=6_nmar=5,6,5
0.054,12,500,0,73.72443862764551,240.3500264167246,42.74604251851212,12,1.2,2.017026919308135,969,D_pmar=0.054_dist=500_repair_6_males=6_nmar=5,6,5
0.054,7,500,500,67.58456833696114,234.66591479385244,54.55023235422406,13,1.3,1.9803188999186232,969,D_pmar=0.054_dist=500_repair_6_males=6_nmar=5,6,5
0.054,11,1000,0,67.01924496703758,204.54355608482132,85.33457258375779,14,1.4,1.8888421237603383,969,D_pmar=0.054_dist=500_repair_6_males=6_nmar=5,6,5
0.054,7,1000,500,72.88579059298301,223.28772985005855,60.95693946978553,10,1,1.9199334605776448,969,D_pmar=0.054_dist=500_repair_6_males=6_nmar=5,6,5
0.054,9,0,0,73.27748062210762,198.09026098968215,85.64227596857715,10,1,2.079339699405716,96,D_pmar=0.054_dist=500_repair_6_males=6_nmar=5,6,5
0,13,0,500,69.80327797605636,167.6351363461561,122.67441252062436,0,0,0,96,D_pmar=0.054_dist=500_repair_6_males=6_nmar=5,6,5
0.054,8,500,0,72.40080776360936,259.81287429815217,24.287685963222646,14,1.4,2.4804242808460826,96,D_pmar=0.054_dist=500_repair_6_males=6_nmar=5,6,5
0.054,6,500,500,67.9302952326198,244.91899395796435,43.04971681733521,15,1.5000000000000002,2.6554126049004587,96,D_pmar=0.054_dist=500_repair_6_males=6_nmar=5,6,5
0.054,9,1000,0,68.05759417232139,227.19400681521904,61.62531715725691,15,1.5000000000000002,1.633248823752408,96,D_pmar=0.054_dist=500_repair_6_males=6_nmar=5,6,5
0.054,9,1000,500,70.72061391557133,243.92835679306108,42.88370683245836,10,1,1.638713360268607,96,D_pmar=0.054_dist=500_repair_6_males=6_nmar=5,6,5
0,7,0,0,69.43730740743698,241.6117830648632,49.02145699997405,0,0,0,970,D_pmar=0.054_dist=500_repair_6_males=6_nmar=5,6,5
0.054,11,0,500,73.06768633262675,197.72453513526395,86.1207858265973,14,1.4,1.8256957797474256,970,D_pmar=0.054_dist=500_repair_6_males=6_nmar=5,6,5
0.054,15,500,0,71.8503819525032,226.50379499270375,58.05883280823233,13,1.3,2.3412531394382174,970,D_pmar=0.054_dist=500_repair_6_males=6_nmar=5,6,5
0.054,11,500,500,73.4871042775161,192.17802202700437,91.59885259820815,13,1.3,1.5135364886770883,970,D_pmar=0.054_dist=500_repair_6_males=6_nmar=5,6,5
0.054,6,1000,0,71.30223699931209,242.96650455576753,42.65914914502024,11,1.1,2.021505745852995,970,D_pmar=0.054_dist=500_repair_6_males=6_nmar=5,6,5
0.054,4,1000,500,70.5843308319484,237.37114097593937,48.656363098423085,12,1.2,2.3761418849410583,970,D_pmar=0.054_dist=500_repair_6_males=6_nmar=5,6,5
0.054,15,0,0,67.43764301131047,228.5535584758137,60.633670333114424,13,1.3,2.2276867587384217,971,D_pmar=0.054_dist=500_repair_6_males=6_nmar=5,6,5
0,5,0,500,71.4004826162187,258.19875353812813,30.429904662115465,0,0,0,971,D_pmar=0.054_dist=500_repair_6_males=6_nmar=5,6,5
0.054,9,500,0,69.31105345245952,263.2126080233406,24.319915933565134,11,1.1,2.113873358754282,971,D_pmar=0.054_dist=500_repair_6_males=6_nmar=5,6,5
0.054,11,500,500,72.84939866818445,235.38681065350104,49.059340317348195,10,1,1.7415756476273094,971,D_pmar=0.054_dist=500_repair_6_males=6_nmar=5,6,5
0.054,7,1000,0,68.24253157217453,173.3769536868555,115.87678296364452,12,1.2,1.3346494039234345,971,D_pmar=0.054_dist=500_repair_6_males=6_nmar=5,6,5
0.054,7,1000,500,70.32833504071306,203.93526439216248,82.69208006589658,14,1.4,1.6620136544727615,971,D_pmar=0.054_dist=500_repair_6_males=6_nmar=5,6,5
0,14,0,0,74.41034352798671,181.97060365327215,103.7865479838464,0,0,0,972,D_pmar=0.054_dist=500_repair_6_males=6_nmar=5,6,5
0.054,13,0,500,71.35134861123352,200.61559987636952,85.79847212169618,8,0.7999999999999999,1.5277777777777777,972,D_pmar=0.054_dist=500_repair_6_males=6_nmar=5,6,5
0.054,8,500,0,69.59447774188043,262.8377950328161,24.305274504210573,12,1.2,2.355776681057883,972,D_pmar=0.054_dist=500_repair_6_males=6_nmar=5,6,5
0.054,6,500,500,74.19165637183013,264.38252060365977,18.245404453306623,13,1.3,1.9322253693286937,972,D_pmar=0.054_dist=500_repair_6_males=6_nmar=5,6,5
0.054,8,1000,0,68.54672515415164,239.28316746493073,49.00520686332566,13,1.3,2.0277310126492276,972,D_pmar=0.054_dist=500_repair_6_males=6_nmar=5,6,5
0.054,5,1000,500,66.43198087387337,253.53944245409664,37.005252328214986,8,0.7999999999999999,2.2871437609357317,972,D_pmar=0.054_dist=500_repair_6_males=6_nmar=5,6,5
0,8,0,0,66.83001617563264,220.02541228309695,73.14771473878909,0,0,0,973,D_pmar=0.054_dist=500_repair_6_males=6_nmar=5,6,5
0.054,4,0,500,72.21455497068811,248.1647696757767,36.760533340250895,7,0.7,2.2416810285547677,973,D_pmar=0.054_dist=500_repair_6_males=6_nmar=5,6,5
0.054,9,500,0,71.3532993698895,230.6142981715645,54.938441625415315,7,0.7,2.4897082656408536,973,D_pmar=0.054_dist=500_repair_6_males=6_nmar=5,6,5
0.054,12,500,500,66.66872809849066,247.0917583740354,42.89194573308329,12,1.2,2.2287805355796917,973,D_pmar=0.054_dist=500_repair_6_males=6_nmar=5,6,5
0.054,10,1000,0,67.6005836506898,264.0717483770181,24.601395009986927,14,1.4,2.3897237957754607,973,D_pmar=0.054_dist=500_repair_6_males=6_nmar=5,6,5
0.054,11,1000,500,69.61266917727087,196.96477202727297,90.78087514101249,13,1.3,1.3888888888888886,973,D_pmar=0.054_dist=500_repair_6_males=6_nmar=5,6,5
0.054,7,0,0,73.05789714898208,246.79557146886873,36.71429689345215,12,1.2,2.3619005958403685,974,D_pmar=0.054_dist=500_repair_6_males=6_nmar=5,6,5
0,7,0,500,74.99523956186894,223.92380506348573,61.20959599371157,0,0,0,974,D_pmar=0.054_dist=500_repair_6_males=6_nmar=5,6,5
0.054,14,500,0,70.8364560613154,218.9349655102821,66.98833603200352,15,1.5000000000000002,1.8088457320308085,974,D_pmar=0.054_dist=500_repair_6_males=6_nmar=5,6,5
0.054,7,500,500,71.40855496810687,202.28224226197088,83.2528081251595,10,1,2.0819704976146824,974,D_pmar=0.054_dist=500_repair_6_males=6_nmar=5,6,5
0.054,9,1000,0,74.92004938014487,214.4291227563703,67.00439593425588,18,1.8000000000000005,1.939791432250539,974,D_pmar=0.054_dist=500_repair_6_males=6_nmar=5,6,5
0.054,10,1000,500,70.87147884105984,219.4557871382995,67.3083343965343,8,0.7999999999999999,1.6136158317708185,974,D_pmar=0.054_dist=500_repair_6_males=6_nmar=5,6,5
0.054,10,0,0,72.71436549159827,248.03591618469673,36.558436745917554,13,1.3,1.636234708115648,975,D_pmar=0.054_dist=500_repair_6_males=6_nmar=5,6,5
0,10,0,500,70.36854381223833,173.9222606482714,115.91665282050204,0,0,0,975,D_pmar=0.054_dist=500_repair_6_males=6_nmar=5,6,5
0.054,5,500,0,72.41758076044513,235.12770224952297,49.60190886943423,7,0.7,2.247674836874285,975,D_pmar=0.054_dist=500_repair_6_males=6_nmar=5,6,5
0.054,12,500,500,68.91896994330328,234.28969963694968,53.702343876950245,11,1.1,2.0887978698495324,975,D_pmar=0.054_dist=500_repair_6_males=6_nmar=5,6,5
0.054,5,1000,0,70.2634657261241,220.73427355947535,65.79893563075659,12,1.2,2.1051186457628304,975,D_pmar=0.054_dist=500_repair_6_males=6_nmar=5,6,5
0.054,12,1000,500,69.16477271210083,250.12735977145613,36.75701705809559,16,1.6000000000000003,2.362582013699695,975,D_pmar=0.054_dist=500_repair_6_males=6_nmar=5,6,5
0.054,8,0,0,70.38766592156429,244.0065341737659,42.83702757139553,8,0.7999999999999999,2.088797869849532,976,D_pmar=0.054_dist=500_repair_6_males=6_nmar=5,6,5
0.054,9,0,500,69.34417345382779,271.5856312943681,15.397492393442294,14,1.4,2.5391425923563977,976,D_pmar=0.054_dist=500_repair_6_males=6_nmar=5,6,5
0.054,9,500,0,71.60428660531063,230.09471520632812,55.143832050187775,14,1.4,2.0340291130807584,976,D_pmar=0.054_dist=500_repair_6_males=6_nmar=5,6,5
0,11,500,500,72.06617757219507,177.79411097621195,110.20701742106198,0,0,0,976,D_pmar=0.054_dist=500_repair_6_males=6_nmar=5,6,5
0.054,11,1000,0,69.77605124060952,247.33934259732783,39.74612352341068,10,1,2.315626339137111,976,D_pmar=0.054_dist=500_repair_6_males=6_nmar=5,6,5
0.054,6,1000,500,71.85475524626334,218.56176091011696,66.92917819251547,9,0.8999999999999999,1.9414365204881656,976,D_pmar=0.054_dist=500_repair_6_males=6_nmar=5,6,5
0.054,7,0,0,69.81117387617819,233.83480652804653,52.95168573167245,17,1.7000000000000004,1.859113622661684,977,D_pmar=0.054_dist=500_repair_6_males=6_nmar=5,6,5
0.054,8,0,500,70.70234827040953,219.9321002238784,67.03852511226229,9,0.8999999999999999,1.4461142582175823,977,D_pmar=0.054_dist=500_repair_6_males=6_nmar=5,6,5
0.054,7,500,0,69.81831426803869,232.4239570659957,54.982858973527165,9,0.8999999999999999,1.9545399535615091,977,D_pmar=0.054_dist=500_repair_6_males=6_nmar=5,6,5
0,10,500,500,70.87536547203175,203.36251487125273,85.85882797624409,0,0,0,977,D_pmar=0.054_dist=500_repair_6_males=6_nmar=5,6,5
0.054,10,1000,0,68.93466519410636,275.4501510162331,12.327119941219491,13,1.3,2.09484895099672,977,D_pmar=0.054_dist=500_repair_6_males=6_nmar=5,6,5
0.054,12,1000,500,68.17342885900602,215.4744692409859,73.8739505586496,9,0.8999999999999999,1.6196889525110445,977,D_pmar=0.054_dist=500_repair_6_males=6_nmar=5,6,5
0.054,11,0,0,74.99903831780632,178.87534387083946,103.99433182952828,6,0.6,1.5390111429221889,978,D_pmar=0.054_dist=500_repair_6_males=6_nmar=5,6,5
0.054,8,0,500,70.09957963921251,262.56645999676937,24.249039389877726,7,0.7,2.488367469515241,978,D_pmar=0.054_dist=500_repair_6_males=6_nmar=5,6,5
0,7,500,0,68.99396793121959,236.16829819189056,54.87823528686954,0,0,0,978,D_pmar=0.054_dist=500_repair_6_males=6_nmar=5,6,5
0.054,15,500,500,68.02689906150405,240.5249701186012,49.186480889672424,7,0.7,1.85731638836805,978,D_pmar=0.054_dist=500_repair_6_males=6_nmar=5,6,5
0.054,3,1000,0,67.75029218016454,269.5425601307867,18.473285968420218,13,1.3,2.9521419568005016,978,D_pmar=0.054_dist=500_repair_6_males=6_nmar=5,6,5
0.054,10,1000,500,68.13772559917227,248.3248988342702,40.17037749570659,15,1.5000000000000002,2.0069093705980316,978,D_pmar=0.054_dist=500_repair_6_males=6_nmar=5,6,5
0.054,10,0,0,73.33991945822687,252.25869263073048,30.450452035975,16,1.6000000000000003,2.399971450948533,979,D_pmar=0.054_dist=500_repair_6_males=6_nmar=5,6,5
0.054,8,0,500,73.26656453474926,246.82236342533815,36.50528768768494,10,1,2.4131541964425827,979,D_pmar=0.054_dist=500_repair_6_males=6_nmar=5,6,5
0.054,14,500,0,68.2373890267143,239.37152746148053,49.01173551651768,14,1.4,2.0009883959138124,979,D_pmar=0.054_dist=500_repair_6_males=6_nmar=5,6,5
0.054,13,500,500,69.53227145263689,196.460501791481,91.47315501341434,10,1,1.546272913732021,979,D_pmar=0.054_dist=500_repair_6_males=6_nmar=5,6,5
0.054,4,1000,0,71.6338758220203,188.13740732664388,97.609089142895,12,1.2,1.6099485295482532,979,D_pmar=0.054_dist=500_repair_6_males=6_nmar=5,6,5
0,5,1000,500,70.29781159789053,216.86905967246864,72.99134029859736,0,0,0,979,D_pmar=0.054_dist=500_repair_6_males=6_nmar=5,6,5
0,8,0,0,74.78192787837112,218.62813332567924,66.62932175261014,0,0,0,97,D_pmar=0.054_dist=500_repair_6_males=6_nmar=5,6,5
0.054,4,0,500,72.18761932741135,210.3416658486314,73.30859140391371,16,1.6000000000000003,2.5690452791040963,97,D_pmar=0.054_dist=500_repair_6_males=6_nmar=5,6,5
0.054,14,500,0,73.41295867218494,216.6803218331112,67.17227813678278,11,1.1,1.6830602762152629,97,D_pmar=0.054_dist=500_repair_6_males=6_nmar=5,6,5
0.054,7,500,500,73.1058839343428,222.57761454212223,61.3619745106404,14,1.4,1.775957160919869,97,D_pmar=0.054_dist=500_repair_6_males=6_nmar=5,6,5
0.054,17,1000,0,70.0896809275997,225.20022201734216,61.51862003015662,11,1.1,2.301537196092428,97,D_pmar=0.054_dist=500_repair_6_males=6_nmar=5,6,5
0.054,4,1000,500,74.41673174108408,215.3808780876652,67.25993106448483,13,1.3,1.6745878157427865,97,D_pmar=0.054_dist=500_repair_6_males=6_nmar=5,6,5
0.054,9,0,0,73.79436627703735,193.93499203188327,89.49225653147757,11,1.1,1.829667374082004,980,D_pmar=0.054_dist=500_repair_6_males=6_nmar=5,6,5
0,15,0,500,69.18585312332259,224.21770541739323,66.67662750381056,0,0,0,980,D_pmar=0.054_dist=500_repair_6_males=6_nmar=5,6,5
0.054,6,500,0,73.04761957026159,246.4649275950267,36.60555088224078,17,1.7000000000000004,2.2344192577449355,980,D_pmar=0.054_dist=500_repair_6_males=6_nmar=5,6,5
0.054,10,500,500,74.2644870660594,197.4248434673914,85.5961542814769,9,0.8999999999999999,1.912671689767812,980,D_pmar=0.054_dist=500_repair_6_males=6_nmar=5,6,5
0.054,6,1000,0,68.81650493555104,263.54953564372414,24.39307699750966,10,1,2.372040184143511,980,D_pmar=0.054_dist=500_repair_6_males=6_nmar=5,6,5
0.054,8,1000,500,72.16253834850629,229.19105461064953,55.43044466190579,12,1.2,2.020164949727381,980,D_pmar=0.054_dist=500_repair_6_males=6_nmar=5,6,5
0.054,9,0,0,70.89403611070146,249.41365557435807,36.48711651348023,10,1,2.3076831504679527,981,D_pmar=0.054_dist=500_repair_6_males=6_nmar=5,6,5
0.054,9,0,500,71.76521085103236,253.793821752744,30.834217679775467,14,1.4,2.2386158317708205,981,D_pmar=0.054_dist=500_repair_6_males=6_nmar=5,6,5
0.054,10,500,0,67.833782898158,197.95808491416037,92.21724448112488,8,0.7999999999999999,1.2324685344240571,981,D_pmar=0.054_dist=500_repair_6_males=6_nmar=5,6,5
0.054,4,500,500,70.69487441153989,243.2323693574137,42.70436624333763,10,1,2.4906939756121944,981,D_pmar=0.054_dist=500_repair_6_males=6_nmar=5,6,5
0.054,14,1000,0,68.01240335651816,228.32033158872065,61.50265746892227,8,0.7999999999999999,1.4551732633210486,981,D_pmar=0.054_dist=500_repair_6_males=6_nmar=5,6,5
0,8,1000,500,67.40277624238566,255.9038099629073,36.8316319787828,0,0,0,981,D_pmar=0.054_dist=500_repair_6_males=6_nmar=5,6,5
0.054,12,0,0,74.43752495768315,221.43163045913244,60.98052143381432,15,1.5000000000000002,1.827870139788371,982,D_pmar=0.054_dist=500_repair_6_males=6_nmar=5,6,5
0.054,8,0,500,71.53041078114471,193.80851337859457,91.74500081429042,12,1.2,1.823369273650473,982,D_pmar=0.054_dist=500_repair_6_males=6_nmar=5,6,5
0.054,9,500,0,72.16049539625413,180.73088177054353,104.75576862807046,10,1,1.4887432522913135,982,D_pmar=0.054_dist=500_repair_6_males=6_nmar=5,6,5
0,9,500,500,68.41565903179065,236.53417969090415,55.08879955459468,0,0,0,982,D_pmar=0.054_dist=500_repair_6_males=6_nmar=5,6,5
0.054,6,1000,0,70.32438895504585,255.44316737429347,30.838394964219567,13,1.3,2.2794475915509187,982,D_pmar=0.054_dist=500_repair_6_males=6_nmar=5,6,5
0.054,10,1000,500,72.21587724925202,216.6999107562795,67.09210073643334,18,1.8000000000000005,2.278389047944279,982,D_pmar=0.054_dist=500_repair_6_males=6_nmar=5,6,5
0.054,3,0,0,68.80100607840228,251.19039671948937,36.78617543937687,12,1.2,2.223185892600525,983,D_pmar=0.054_dist=500_repair_6_males=6_nmar=5,6,5
0,8,0,500,73.96299974099965,206.84331583055277,79.22637327737003,0,0,0,983,D_pmar=0.054_dist=500_repair_6_males=6_nmar=5,6,5
0.054,15,500,0,66.37135725474955,218.0278301141685,73.15533375652275,9,0.8999999999999999,1.7585778413999331,983,D_pmar=0.054_dist=500_repair_6_males=6_nmar=5,6,5
0.054,8,500,500,69.9708590255503,261.7928280660356,24.392954179862112,14,1.4,2.469568041448985,983,D_pmar=0.054_dist=500_repair_6_males=6_nmar=5,6,5
0.054,11,1000,0,69.07438761560965,268.4350647199784,18.189634750644977,19,1.9000000000000008,2.5853087821897263,983,D_pmar=0.054_dist=500_repair_6_males=6_nmar=5,6,5
0.054,9,1000,500,69.91041979380859,166.12396025837236,122.55700618891476,4,0.4,1.0529000318110775,983,D_pmar=0.054_dist=500_repair_6_males=6_nmar=5,6,5
0.054,17,0,0,72.25997635196985,242.3322649077972,42.73266018206501,13,1.3,1.504629629629629,984,D_pmar=0.054_dist=500_repair_6_males=6_nmar=5,6,5
0.054,3,0,500,68.59737531941246,239.14779981359496,48.60501286885971,11,1.1,2.773689270621827,984,D_pmar=0.054_dist=500_repair_6_males=6_nmar=5,6,5
0.054,11,500,0,74.19238001503241,222.671896213213,60.50706193200185,12,1.2,1.586271109596786,984,D_pmar=0.054_dist=500_repair_6_males=6_nmar=5,6,5
0.054,6,500,500,72.77586631499277,229.2019176898811,54.9380681179768,11,1.1,1.9956760054536204,984,D_pmar=0.054_dist=500_repair_6_males=6_nmar=5,6,5
0.054,9,1000,0,73.23283456850206,199.11069143302993,85.74752532336726,8,0.7999999999999999,1.2053487919413304,984,D_pmar=0.054_dist=500_repair_6_males=6_nmar=5,6,5
0,8,1000,500,70.35027902721326,251.2188963727945,38.59131182529229,0,0,0,984,D_pmar=0.054_dist=500_repair_6_males=6_nmar=5,6,5
0.054,7,0,0,69.74119302772824,256.42537468088614,30.4456696240282,11,1.1,2.3127705612368388,985,D_pmar=0.054_dist=500_repair_6_males=6_nmar=5,6,5
0.054,9,0,500,72.15597280994444,253.7597412438863,30.64367109238877,16,1.6000000000000003,2.072077928595884,985,D_pmar=0.054_dist=500_repair_6_males=6_nmar=5,6,5
0,8,500,0,69.37787296676373,205.16865723090757,85.46932932288443,0,0,0,985,D_pmar=0.054_dist=500_repair_6_males=6_nmar=5,6,5
0.054,10,500,500,72.63108337249729,181.88841824823868,103.04620254325091,8,0.7999999999999999,1.708157804713051,985,D_pmar=0.054_dist=500_repair_6_males=6_nmar=5,6,5
0.054,10,1000,0,72.10490737961891,272.5677882829958,12.258054937515771,13,1.3,1.946901057004365,985,D_pmar=0.054_dist=500_repair_6_males=6_nmar=5,6,5
0.054,10,1000,500,72.70194563343561,198.6192641610114,86.50850104654062,10,1,1.3730025115505726,985,D_pmar=0.054_dist=500_repair_6_males=6_nmar=5,6,5
0.054,13,0,0,67.90697587978683,228.4096174942431,61.15488956464785,9,0.8999999999999999,1.7681661183067177,986,D_pmar=0.054_dist=500_repair_6_males=6_nmar=5,6,5
0.054,6,0,500,71.32050513259443,236.4711044213739,49.11738275511805,10,1,2.267285789262837,986,D_pmar=0.054_dist=500_repair_6_males=6_nmar=5,6,5
0,4,500,0,70.32426258425804,228.42226039817393,61.294887048689205,0,0,0,986,D_pmar=0.054_dist=500_repair_6_males=6_nmar=5,6,5
0.054,12,500,500,73.76283655737652,234.6734432961522,48.668615434076074,11,1.1,1.9123673976557989,986,D_pmar=0.054_dist=500_repair_6_males=6_nmar=5,6,5
0.054,9,1000,0,71.6636905723713,224.4198828218944,60.75166852239627,9,0.8999999999999999,2.3417603716484994,986,D_pmar=0.054_dist=500_repair_6_males=6_nmar=5,6,5
0.054,10,1000,500,74.4104403997834,208.31467975521304,73.45089768629275,19,1.9000000000000008,2.1481247655838738,986,D_pmar=0.054_dist=500_repair_6_males=6_nmar=5,6,5
0,8,0,0,69.45975273732168,218.23776011612907,72.90723371750889,0,0,0,987,D_pmar=0.054_dist=500_repair_6_males=6_nmar=5,6,5
0.054,9,0,500,69.21401592615317,232.1575409509055,54.88286457714518,18,1.8000000000000005,2.0920880463247857,987,D_pmar=0.054_dist=500_repair_6_males=6_nmar=5,6,5
0.054,8,500,0,68.68429452249616,251.28596259450993,36.38560158341372,16,1.6000000000000003,2.123838761408379,987,D_pmar=0.054_dist=500_repair_6_males=6_nmar=5,6,5
0.054,11,500,500,70.84957420111864,171.5111788530309,115.3168986634244,12,1.2,1.2516450882376264,987,D_pmar=0.054_dist=500_repair_6_males=6_nmar=5,6,5
0.054,8,1000,0,71.76236663598083,223.78311536785515,61.26051293693378,14,1.4,2.025404506552275,987,D_pmar=0.054_dist=500_repair_6_males=6_nmar=5,6,5
0.054,10,1000,500,68.45871952934908,190.30840515914952,98.32203051128198,12,1.2,1.7129629629629626,987,D_pmar=0.054_dist=500_repair_6_males=6_nmar=5,6,5
0.054,11,0,0,72.49506586698422,266.6589613908718,18.338075802758,8,0.7999999999999999,1.9804710459746295,988,D_pmar=0.054_dist=500_repair_6_males=6_nmar=5,6,5
0.054,12,0,500,68.98404615287816,187.4201321314285,101.23567517710084,12,1.2,1.4328586790882327,988,D_pmar=0.054_dist=500_repair_6_males=6_nmar=5,6,5
0.054,7,500,0,67.52276806016022,245.7455218070147,42.52968086285292,14,1.4,2.967781314854472,988,D_pmar=0.054_dist=500_repair_6_males=6_nmar=5,6,5
0,5,500,500,78.14645582411947,147.73237340221985,134.17737501830084,0,0,0,988,D_pmar=0.054_dist=500_repair_6_males=6_nmar=5,6,5
0.054,14,1000,0,71.36505245285933,224.013662490156,60.61057071147585,17,1.7000000000000004,2.352993736792911,988,D_pmar=0.054_dist=500_repair_6_males=6_nmar=5,6,5
0.054,5,1000,500,72.60763924852102,234.99397967200463,49.00201723239694,16,1.6000000000000003,2.112909688375982,988,D_pmar=0.054_dist=500_repair_6_males=6_nmar=5,6,5
0.054,8,0,0,70.59563238739987,238.56679170532828,48.53901238190888,4,0.4,1.9993433076761855,989,D_pmar=0.054_dist=500_repair_6_males=6_nmar=5,6,5
0.054,7,0,500,71.7646566831783,241.3365822522451,43.682042337802656,7,0.7,2.5422806227756434,989,D_pmar=0.054_dist=500_repair_6_males=6_nmar=5,6,5
0.054,6,500,0,71.88391984536969,248.87000588560213,36.51128082940207,11,1.1,1.6468086949937717,989,D_pmar=0.054_dist=500_repair_6_males=6_nmar=5,6,5
0.054,13,500,500,70.06480548452726,219.52631740124573,67.52570397181535,12,1.2,1.700743887847212,989,D_pmar=0.054_dist=500_repair_6_males=6_nmar=5,6,5
0.054,11,1000,0,71.2213217396104,249.25385482936136,36.32065782475888,11,1.1,2.3574217692955095,989,D_pmar=0.054_dist=500_repair_6_males=6_nmar=5,6,5
0,9,1000,500,66.67421082355996,257.04236399934234,36.28683263669017,0,0,0,989,D_pmar=0.054_dist=500_repair_6_males=6_nmar=5,6,5
0.054,8,0,0,71.06049733801252,212.3780366618643,73.4357110400979,14,1.4,1.9322253693286937,98,D_pmar=0.054_dist=500_repair_6_males=6_nmar=5,6,5
0,10,0,500,72.75412821623733,262.50881318794274,24.78922046336521,0,0,0,98,D_pmar=0.054_dist=500_repair_6_males=6_nmar=5,6,5
0.054,10,500,0,71.5008965094063,188.2767929507595,97.80695296885906,10,1,1.42858279264164,98,D_pmar=0.054_dist=500_repair_6_males=6_nmar=5,6,5
0.054,11,500,500,70.71027340503112,242.433661154748,42.787929285845316,20,2.0000000000000004,2.1990740740740753,98,D_pmar=0.054_dist=500_repair_6_males=6_nmar=5,6,5
0.054,10,1000,0,69.62258913013946,202.8046246853796,85.45503106300774,8,0.7999999999999999,1.5614778732110113,98,D_pmar=0.054_dist=500_repair_6_males=6_nmar=5,6,5
0.054,5,1000,500,68.97627669916555,227.4370553738947,60.82996478119368,11,1.1,1.727486504582627,98,D_pmar=0.054_dist=500_repair_6_males=6_nmar=5,6,5
0.054,9,0,0,68.29278596637823,275.7682070404097,12.169130997518998,14,1.4,2.55173879321946,990,D_pmar=0.054_dist=500_repair_6_males=6_nmar=5,6,5
0.054,8,0,500,73.4942111627446,222.40086249314416,60.99808355066154,14,1.4,2.0627939438011125,990,D_pmar=0.054_dist=500_repair_6_males=6_nmar=5,6,5
0.054,8,500,0,69.841764721987,201.6745396153796,86.23838111749633,5,0.5,1.8086935859748017,990,D_pmar=0.054_dist=500_repair_6_males=6_nmar=5,6,5
0,10,500,500,68.2430235838857,187.81670600341076,103.9755480734895,0,0,0,990,D_pmar=0.054_dist=500_repair_6_males=6_nmar=5,6,5
0.054,13,1000,0,72.13711065050119,229.66488461106465,54.640859489890325,17,1.7000000000000004,1.9245864727715492,990,D_pmar=0.054_dist=500_repair_6_males=6_nmar=5,6,5
0.054,6,1000,500,69.44020483043397,240.6420025484676,46.83999481918776,11,1.1,2.070584986414264,990,D_pmar=0.054_dist=500_repair_6_males=6_nmar=5,6,5
0.054,11,0,0,72.15890529392857,259.75577463776153,24.1300619580371,17,1.7000000000000004,2.456515402417901,991,D_pmar=0.054_dist=500_repair_6_males=6_nmar=5,6,5
0.054,7,0,500,70.9759344682629,237.5524839688922,48.81617094410003,8,0.7999999999999999,1.903742791127315,991,D_pmar=0.054_dist=500_repair_6_males=6_nmar=5,6,5
0,7,500,0,72.07036078452079,199.2478188995381,88.85928514033986,0,0,0,991,D_pmar=0.054_dist=500_repair_6_males=6_nmar=5,6,5
0.054,13,500,500,72.10375332724936,242.15652812223487,42.77343694372462,8,0.7999999999999999,2.2685185185185195,991,D_pmar=0.054_dist=500_repair_6_males=6_nmar=5,6,5
0.054,6,1000,0,70.80720114534876,261.6904707714272,24.53371321474619,9,0.8999999999999999,2.071700802848571,991,D_pmar=0.054_dist=500_repair_6_males=6_nmar=5,6,5
0.054,10,1000,500,69.94190445268379,202.39458711630513,85.51021388827841,10,1,1.3425925925925923,991,D_pmar=0.054_dist=500_repair_6_males=6_nmar=5,6,5
0.054,8,0,0,70.70755442903138,267.18465168131985,18.404233319477953,14,1.4,2.421148179154002,992,D_pmar=0.054_dist=500_repair_6_males=6_nmar=5,6,5
0.054,8,0,500,69.00883990557782,238.91806595257063,48.85935654981744,10,1,2.3461884041510985,992,D_pmar=0.054_dist=500_repair_6_males=6_nmar=5,6,5
0.054,8,500,0,69.76427272645512,232.11804394085695,54.955688677323664,12,1.2,1.991704411119041,992,D_pmar=0.054_dist=500_repair_6_males=6_nmar=5,6,5
0.054,4,500,500,72.97477842249387,259.24445502540203,24.664180410474895,9,0.8999999999999999,2.272315927204054,992,D_pmar=0.054_dist=500_repair_6_males=6_nmar=5,6,5
0,14,1000,0,72.13229597147411,192.14629707488743,95.74157371892149,0,0,0,992,D_pmar=0.054_dist=500_repair_6_males=6_nmar=5,6,5
0.054,12,1000,500,71.81489838588818,217.24049495892325,68.89762973322632,7,0.7,1.5332423142939762,992,D_pmar=0.054_dist=500_repair_6_males=6_nmar=5,6,5
0,7,0,0,72.25928162387952,208.76063984542785,79.04179333433542,0,0,0,993,D_pmar=0.054_dist=500_repair_6_males=6_nmar=5,6,5
0.054,9,0,500,69.66400083901092,232.6766130081806,55.06490509421001,8,0.7999999999999999,1.8893713955636573,993,D_pmar=0.054_dist=500_repair_6_males=6_nmar=5,6,5
0.054,13,500,0,71.23830448045199,267.3517361276518,18.59001812448002,12,1.2,1.8518518518518512,993,D_pmar=0.054_dist=500_repair_6_males=6_nmar=5,6,5
0.054,9,500,500,68.64660479525654,229.72558081607593,58.36289541805771,13,1.3,2.0564958433695817,993,D_pmar=0.054_dist=500_repair_6_males=6_nmar=5,6,5
0.054,6,1000,0,70.8224025120037,207.6482374484459,79.39927634677164,8,0.7999999999999999,1.4169723017499172,993,D_pmar=0.054_dist=500_repair_6_males=6_nmar=5,6,5
0.054,10,1000,500,70.76527014565497,261.37474837673693,24.69858018369092,11,1.1,2.0731937450301916,993,D_pmar=0.054_dist=500_repair_6_males=6_nmar=5,6,5
0.054,8,0,0,72.49384938704965,259.1069304754424,24.70160850026719,11,1.1,2.628220028782432,994,D_pmar=0.054_dist=500_repair_6_males=6_nmar=5,6,5
0.054,11,0,500,71.2589983204835,195.06384906498764,91.64929120724533,7,0.7,1.3888888888888886,994,D_pmar=0.054_dist=500_repair_6_males=6_nmar=5,6,5
0.054,14,500,0,72.19879993566563,185.48304212989663,99.75407553862402,10,1,1.581335844883906,994,D_pmar=0.054_dist=500_repair_6_males=6_nmar=5,6,5
0,8,500,500,73.04854588141538,225.71178774782427,61.31294034543424,0,0,0,994,D_pmar=0.054_dist=500_repair_6_males=6_nmar=5,6,5
0.054,6,1000,0,71.57010714106481,241.42644888665856,42.63353255318994,19,1.9000000000000008,2.560138420056639,994,D_pmar=0.054_dist=500_repair_6_males=6_nmar=5,6,5
0.054,7,1000,500,68.153646609838,275.90375326357605,12.294625485125264,8,0.7999999999999999,2.8964030508680185,994,D_pmar=0.054_dist=500_repair_6_males=6_nmar=5,6,5
0.054,7,0,0,71.57500701097118,242.83639863447604,42.6306416832162,12,1.2,1.8159553567846336,995,D_pmar=0.054_dist=500_repair_6_males=6_nmar=5,6,5
0.054,12,0,500,71.54407953331783,230.4140354374226,55.06032710858195,13,1.3,1.7238920359953602,995,D_pmar=0.054_dist=500_repair_6_males=6_nmar=5,6,5
0.054,10,500,0,67.87554356944884,228.39706363174332,60.847446182587014,11,1.1,1.91034518367086,995,D_pmar=0.054_dist=500_repair_6_males=6_nmar=5,6,5
0.054,15,500,500,69.93339254259833,220.5834403977273,67.29229374685077,9,0.8999999999999999,1.3554710459746304,995,D_pmar=0.054_dist=500_repair_6_males=6_nmar=5,6,5
0,3,1000,0,75.26373528794538,229.714326891606,55.06202160355997,0,0,0,995,D_pmar=0.054_dist=500_repair_6_males=6_nmar=5,6,5
0.054,7,1000,500,71.41386223233195,206.18046955703704,79.36903164875609,14,1.4,1.6779000318110773,995,D_pmar=0.054_dist=500_repair_6_males=6_nmar=5,6,5
0,6,0,0,71.40447416082796,246.0206922680497,42.754292878887995,0,0,0,996,D_pmar=0.054_dist=500_repair_6_males=6_nmar=5,6,5
0.054,9,0,500,71.53492204802284,193.8003924382931,91.94060664279138,10,1,1.7777543952135022,996,D_pmar=0.054_dist=500_repair_6_males=6_nmar=5,6,5
0.054,16,500,0,71.18750593636621,205.435835795292,79.36040412334839,19,1.9000000000000008,2.2351006756042615,996,D_pmar=0.054_dist=500_repair_6_males=6_nmar=5,6,5
0.054,7,500,500,67.0106899427052,198.68957464507,92.4595995222985,6,0.6,1.4406497217013838,996,D_pmar=0.054_dist=500_repair_6_males=6_nmar=5,6,5
0.054,9,1000,0,67.8178028097887,245.88084259002497,42.49732322127052,13,1.3,2.533018677573911,996,D_pmar=0.054_dist=500_repair_6_males=6_nmar=5,6,5
0.054,7,1000,500,70.6360014795738,254.795213950563,30.2322636934441,14,1.4,2.947054546031614,996,D_pmar=0.054_dist=500_repair_6_males=6_nmar=5,6,5
0.054,3,0,0,69.51270100959495,268.9622497248231,18.28357193210185,10,1,2.3914989904760553,997,D_pmar=0.054_dist=500_repair_6_males=6_nmar=5,6,5
0.054,10,0,500,69.73091647723278,238.24713645362291,48.69190745563926,10,1,2.340571721578893,997,D_pmar=0.054_dist=500_repair_6_males=6_nmar=5,6,5
0.054,11,500,0,71.32779607529366,248.82008770542768,36.68534606776672,11,1.1,2.1090902400974096,997,D_pmar=0.054_dist=500_repair_6_males=6_nmar=5,6,5
0.054,11,500,500,70.70354000816572,213.3453188636483,73.28622266111617,10,1,1.891850047716616,997,D_pmar=0.054_dist=500_repair_6_males=6_nmar=5,6,5
0,12,1000,0,71.64485762081505,202.78362563952552,85.66451977547992,0,0,0,997,D_pmar=0.054_dist=500_repair_6_males=6_nmar=5,6,5
0.054,7,1000,500,71.83692533658298,247.83942442246425,37.40683986520166,9,0.8999999999999999,2.062489651689099,997,D_pmar=0.054_dist=500_repair_6_males=6_nmar=5,6,5
0,2,0,0,68.85889148604637,267.0382879100835,24.10770712573325,0,0,0,998,D_pmar=0.054_dist=500_repair_6_males=6_nmar=5,6,5
0.054,8,0,500,71.76717891570442,218.26060303120835,67.80412187226018,7,0.7,1.7291315928202535,998,D_pmar=0.054_dist=500_repair_6_males=6_nmar=5,6,5
0.054,7,500,0,70.36037859223411,194.6142846808503,91.83939253700088,17,1.7000000000000004,1.597222222222222,998,D_pmar=0.054_dist=500_repair_6_males=6_nmar=5,6,5
0.054,13,500,500,66.59974823529197,227.8840445627225,62.87297512395317,10,1,1.898807526414435,998,D_pmar=0.054_dist=500_repair_6_males=6_nmar=5,6,5
0.054,13,1000,0,68.70719604174386,245.17164378838189,42.49799178501486,11,1.1,2.5723354555793505,998,D_pmar=0.054_dist=500_repair_6_males=6_nmar=5,6,5
0.054,11,1000,500,69.87948303880611,231.900931625026,54.49176889625467,13,1.3,2.428866388131855,998,D_pmar=0.054_dist=500_repair_6_males=6_nmar=5,6,5
0.054,6,0,0,70.70100990208039,182.44894865178136,104.13932785612646,12,1.2,1.5575062788764324,999,D_pmar=0.054_dist=500_repair_6_males=6_nmar=5,6,5
0.054,7,0,500,72.5675399073554,234.6075632873325,48.846070990391105,16,1.6000000000000003,2.405870386039713,999,D_pmar=0.054_dist=500_repair_6_males=6_nmar=5,6,5
0,4,500,0,72.96570586955987,250.213795764611,36.85571619212283,0,0,0,999,D_pmar=0.054_dist=500_repair_6_males=6_nmar=5,6,5
0.054,11,500,500,73.10378900971162,211.6460857533982,72.96117393772096,8,0.7999999999999999,1.4966864409604712,999,D_pmar=0.054_dist=500_repair_6_males=6_nmar=5,6,5
0.054,17,1000,0,68.16337980205734,216.0127364796406,73.08952685832425,12,1.2,1.7361111111111107,999,D_pmar=0.054_dist=500_repair_6_males=6_nmar=5,6,5
0.054,9,1000,500,73.1021638770621,243.3668219031397,40.05691708235003,14,1.4,2.187666523280619,999,D_pmar=0.054_dist=500_repair_6_males=6_nmar=5,6,5
0.054,8,0,0,70.87727411612482,206.0945034165501,80.36421538970178,13,1.3,1.6026867587384206,99,D_pmar=0.054_dist=500_repair_6_males=6_nmar=5,6,5
0,8,0,500,70.53140074074199,234.80006614272287,54.758650262048015,0,0,0,99,D_pmar=0.054_dist=500_repair_6_males=6_nmar=5,6,5
0.054,12,500,0,71.4246411211332,217.47489803472337,68.21661930620057,10,1,1.9804710459746295,99,D_pmar=0.054_dist=500_repair_6_males=6_nmar=5,6,5
0.054,11,500,500,67.59416186123185,235.68431178543216,53.85573147019558,13,1.3,1.623660546845623,99,D_pmar=0.054_dist=500_repair_6_males=6_nmar=5,6,5
0.054,9,1000,0,71.4500149342031,225.14998640072892,60.593814106640586,12,1.2,1.726500794611288,99,D_pmar=0.054_dist=500_repair_6_males=6_nmar=5,6,5
0.054,6,1000,500,72.03200919467106,242.2210417059705,42.59050086339462,13,1.3,1.8974667302888215,99,D_pmar=0.054_dist=500_repair_6_males=6_nmar=5,6,5
