probability_maraud,successful_mating,x_pos,y_pos,foraging_hrs,staying_hrs,repairing_hrs,marauding_events,marauding_hrs,traveling_hrs,rnd_seed,directory,fg_theta_dir,mar_attempts_count,mate_attempts_count,fg_theta,num_males,num_mar
0.054,10,0,0,0,359.46938886767344,0,0,0,0.6519036258427933,0,D_pmar=0.054_dist=100_repair_6_males=4_nmar=3,FG_theta_zero_feeding,81,10,-99,4,3
0,6,0,100,0,360.01381450200716,0,0,0,0,0,D_pmar=0.054_dist=100_repair_6_males=4_nmar=3,FG_theta_zero_feeding,124,6,-99,4,3
0.054,8,100,0,0,353.3767897261457,6.050681594172467,0,0,0.6562606883286924,0,D_pmar=0.054_dist=100_repair_6_males=4_nmar=3,FG_theta_zero_feeding,92,8,-99,4,3
0.054,12,100,100,0,359.30724321962566,0,1,0.1,0.7189651136864905,0,D_pmar=0.054_dist=100_repair_6_males=4_nmar=3,FG_theta_zero_feeding,75,12,-99,4,3
0.054,11,0,0,0,359.37362759586466,0,0,0,0.6539575647960153,1,D_pmar=0.054_dist=100_repair_6_males=4_nmar=3,FG_theta_zero_feeding,78,11,-99,4,3
0,9,0,100,0,360.02678286980347,0,0,0,0,1,D_pmar=0.054_dist=100_repair_6_males=4_nmar=3,FG_theta_zero_feeding,116,9,-99,4,3
0.054,6,100,0,0,359.7845108481613,0,0,0,0.5324074074074083,1,D_pmar=0.054_dist=100_repair_6_males=4_nmar=3,FG_theta_zero_feeding,95,6,-99,4,3
0.054,10,100,100,0,359.4338618887253,0,0,0,0.6777637482392141,1,D_pmar=0.054_dist=100_repair_6_males=4_nmar=3,FG_theta_zero_feeding,83,10,-99,4,3
0.054,12,0,0,0,359.5582112224355,0,0,0,0.6523689270621837,2,D_pmar=0.054_dist=100_repair_6_males=4_nmar=3,FG_theta_zero_feeding,86,12,-99,4,3
0.054,8,0,100,0,359.5461991975398,0,0,0,0.5648148148148159,2,D_pmar=0.054_dist=100_repair_6_males=4_nmar=3,FG_theta_zero_feeding,77,8,-99,4,3
0,6,100,0,0,360.153667001221,0,0,0,0,2,D_pmar=0.054_dist=100_repair_6_males=4_nmar=3,FG_theta_zero_feeding,114,6,-99,4,3
0.054,10,100,100,0,359.69043808365893,0,0,0,0.5964843538591025,2,D_pmar=0.054_dist=100_repair_6_males=4_nmar=3,FG_theta_zero_feeding,87,10,-99,4,3
0.054,11,0,0,0,359.51786787885897,0,0,0,0.6218791750361331,3,D_pmar=0.054_dist=100_repair_6_males=4_nmar=3,FG_theta_zero_feeding,91,11,-99,4,3
0,12,0,100,0,360.105324735529,0,0,0,0,3,D_pmar=0.054_dist=100_repair_6_males=4_nmar=3,FG_theta_zero_feeding,117,12,-99,4,3
0.054,7,100,0,0,359.34269222922677,0,0,0,0.7440309172159957,3,D_pmar=0.054_dist=100_repair_6_males=4_nmar=3,FG_theta_zero_feeding,80,7,-99,4,3
0.054,6,100,100,0,359.3748404104833,0,0,0,0.6769694293722983,3,D_pmar=0.054_dist=100_repair_6_males=4_nmar=3,FG_theta_zero_feeding,99,6,-99,4,3
0.054,9,0,0,0,359.5157197327306,0,0,0,0.6091700731654801,4,D_pmar=0.054_dist=100_repair_6_males=4_nmar=3,FG_theta_zero_feeding,80,9,-99,4,3
0.054,6,0,100,0,359.47717048310074,0,0,0,0.6974056032721738,4,D_pmar=0.054_dist=100_repair_6_males=4_nmar=3,FG_theta_zero_feeding,77,6,-99,4,3
0.054,12,100,0,0,359.48154162673217,0,0,0,0.673599419828975,4,D_pmar=0.054_dist=100_repair_6_males=4_nmar=3,FG_theta_zero_feeding,88,12,-99,4,3
0,9,100,100,0,360.0003112637554,0,0,0,0,4,D_pmar=0.054_dist=100_repair_6_males=4_nmar=3,FG_theta_zero_feeding,121,9,-99,4,3
0.054,10,0,0,0,359.4144937101004,0,0,0,0.6986652233584801,5,D_pmar=0.054_dist=100_repair_6_males=4_nmar=3,FG_theta_zero_feeding,88,10,-99,4,3
0,12,0,100,0,360.0784017313,0,0,0,0,5,D_pmar=0.054_dist=100_repair_6_males=4_nmar=3,FG_theta_zero_feeding,124,12,-99,4,3
0.054,8,100,0,0,359.5383247504076,0,0,0,0.8110125719916224,5,D_pmar=0.054_dist=100_repair_6_males=4_nmar=3,FG_theta_zero_feeding,85,8,-99,4,3
0.054,6,100,100,0,359.32444084171334,0,0,0,0.7282243729457498,5,D_pmar=0.054_dist=100_repair_6_males=4_nmar=3,FG_theta_zero_feeding,111,6,-99,4,3
0.054,9,0,0,0,359.5138834179096,0,0,0,0.5555555555555566,6,D_pmar=0.054_dist=100_repair_6_males=4_nmar=3,FG_theta_zero_feeding,75,9,-99,4,3
0,10,0,100,0,360.09903906302276,0,0,0,0,6,D_pmar=0.054_dist=100_repair_6_males=4_nmar=3,FG_theta_zero_feeding,100,10,-99,4,3
0.054,9,100,0,0,359.3338623735388,0,0,0,0.7089679860641102,6,D_pmar=0.054_dist=100_repair_6_males=4_nmar=3,FG_theta_zero_feeding,73,9,-99,4,3
0.054,8,100,100,0,359.661136426711,0,0,0,0.5497227563434156,6,D_pmar=0.054_dist=100_repair_6_males=4_nmar=3,FG_theta_zero_feeding,95,8,-99,4,3
0,7,0,0,0,360.08829495649087,0,0,0,0,7,D_pmar=0.054_dist=100_repair_6_males=4_nmar=3,FG_theta_zero_feeding,109,7,-99,4,3
0.054,8,0,100,0,353.26456111167704,6.277208495842437,0,0,0.5444350914187355,7,D_pmar=0.054_dist=100_repair_6_males=4_nmar=3,FG_theta_zero_feeding,104,9,-99,4,3
0.054,9,100,0,0,359.2958342772173,0,0,0,0.7695620219648912,7,D_pmar=0.054_dist=100_repair_6_males=4_nmar=3,FG_theta_zero_feeding,73,9,-99,4,3
0.054,12,100,100,0,359.4603843457654,0,1,0.1,0.62379683041749,7,D_pmar=0.054_dist=100_repair_6_males=4_nmar=3,FG_theta_zero_feeding,87,12,-99,4,3
0.054,6,0,0,0,359.3606521120395,0,0,0,0.691652637128103,8,D_pmar=0.054_dist=100_repair_6_males=4_nmar=3,FG_theta_zero_feeding,78,6,-99,4,3
0.054,8,0,100,0,359.32449216407866,0,0,0,0.8003009585703967,8,D_pmar=0.054_dist=100_repair_6_males=4_nmar=3,FG_theta_zero_feeding,83,8,-99,4,3
0.054,11,100,0,0,359.50282836594596,0,0,0,0.5555555555555566,8,D_pmar=0.054_dist=100_repair_6_males=4_nmar=3,FG_theta_zero_feeding,94,11,-99,4,3
0,11,100,100,0,360.21185979158315,0,0,0,0,8,D_pmar=0.054_dist=100_repair_6_males=4_nmar=3,FG_theta_zero_feeding,133,11,-99,4,3
0.054,8,0,0,0,359.54825207874,0,0,0,0.5826519154740085,9,D_pmar=0.054_dist=100_repair_6_males=4_nmar=3,FG_theta_zero_feeding,90,8,-99,4,3
0.054,10,0,100,0,353.3565032250126,6.175056937985389,0,0,0.6854343697646417,9,D_pmar=0.054_dist=100_repair_6_males=4_nmar=3,FG_theta_zero_feeding,74,10,-99,4,3
0,12,100,0,0,360.2361695825529,0,0,0,0,9,D_pmar=0.054_dist=100_repair_6_males=4_nmar=3,FG_theta_zero_feeding,125,12,-99,4,3
0.054,6,100,100,0,359.3397062120969,0,1,0.1,0.6862286886315577,9,D_pmar=0.054_dist=100_repair_6_males=4_nmar=3,FG_theta_zero_feeding,71,6,-99,4,3
0,8,0,0,0,360.0002353435264,0,0,0,0,100,D_pmar=0.054_dist=100_repair_6_males=4_nmar=3,FG_theta_zero_feeding,118,8,-99,4,3
0.054,13,0,100,0,359.5616984408181,0,0,0,0.6474667302888237,100,D_pmar=0.054_dist=100_repair_6_males=4_nmar=3,FG_theta_zero_feeding,83,13,-99,4,3
0.054,8,100,0,0,359.5436797795328,0,0,0,0.629629629629631,100,D_pmar=0.054_dist=100_repair_6_males=4_nmar=3,FG_theta_zero_feeding,110,8,-99,4,3
0.054,7,100,100,0,359.3762278722385,0,0,0,0.6940355937288504,100,D_pmar=0.054_dist=100_repair_6_males=4_nmar=3,FG_theta_zero_feeding,75,8,-99,4,3
0,9,0,0,0,360.046484527192,0,0,0,0,101,D_pmar=0.054_dist=100_repair_6_males=4_nmar=3,FG_theta_zero_feeding,131,9,-99,4,3
0.054,5,0,100,0,359.4800382582033,0,0,0,0.5833333333333345,101,D_pmar=0.054_dist=100_repair_6_males=4_nmar=3,FG_theta_zero_feeding,87,5,-99,4,3
0.054,11,100,0,0,359.22531831839177,0,0,0,0.7833710777857099,101,D_pmar=0.054_dist=100_repair_6_males=4_nmar=3,FG_theta_zero_feeding,69,11,-99,4,3
0.054,11,100,100,0,359.54207163133833,0,0,0,0.5332581767781192,101,D_pmar=0.054_dist=100_repair_6_males=4_nmar=3,FG_theta_zero_feeding,77,11,-99,4,3
0.054,13,0,0,0,359.41800308634953,0,1,0.1,0.545229410285651,102,D_pmar=0.054_dist=100_repair_6_males=4_nmar=3,FG_theta_zero_feeding,82,13,-99,4,3
0.054,5,0,100,0,353.24969078889023,6.338047721910485,0,0,0.5694444444444455,102,D_pmar=0.054_dist=100_repair_6_males=4_nmar=3,FG_theta_zero_feeding,86,5,-99,4,3
0,12,100,0,0,360.0838941514397,0,0,0,0,102,D_pmar=0.054_dist=100_repair_6_males=4_nmar=3,FG_theta_zero_feeding,95,12,-99,4,3
0.054,6,100,100,0,359.47846946794687,0,0,0,0.6022373200031734,102,D_pmar=0.054_dist=100_repair_6_males=4_nmar=3,FG_theta_zero_feeding,83,6,-99,4,3
0.054,5,0,0,0,359.46612939119314,0,0,0,0.5787037037037048,103,D_pmar=0.054_dist=100_repair_6_males=4_nmar=3,FG_theta_zero_feeding,82,5,-99,4,3
0.054,12,0,100,0,359.5729108649619,0,0,0,0.7050762247976013,103,D_pmar=0.054_dist=100_repair_6_males=4_nmar=3,FG_theta_zero_feeding,88,12,-99,4,3
0.054,6,100,0,0,359.29609911308586,0,0,0,0.8071772612289086,103,D_pmar=0.054_dist=100_repair_6_males=4_nmar=3,FG_theta_zero_feeding,97,6,-99,4,3
0,13,100,100,0,360.20037240988734,0,0,0,0,103,D_pmar=0.054_dist=100_repair_6_males=4_nmar=3,FG_theta_zero_feeding,125,13,-99,4,3
0.054,8,0,0,0,359.39334516960434,0,0,0,0.6796814036205711,104,D_pmar=0.054_dist=100_repair_6_males=4_nmar=3,FG_theta_zero_feeding,79,8,-99,4,3
0,7,0,100,0,360.0881171263566,0,0,0,0,104,D_pmar=0.054_dist=100_repair_6_males=4_nmar=3,FG_theta_zero_feeding,126,7,-99,4,3
0.054,11,100,0,0,359.6633984403032,0,0,0,0.6091700731654801,104,D_pmar=0.054_dist=100_repair_6_males=4_nmar=3,FG_theta_zero_feeding,92,11,-99,4,3
0.054,10,100,100,0,359.3362048742441,0,0,0,0.7282243729457496,104,D_pmar=0.054_dist=100_repair_6_males=4_nmar=3,FG_theta_zero_feeding,72,10,-99,4,3
0,10,0,0,0,360.02034491655655,0,0,0,0,105,D_pmar=0.054_dist=100_repair_6_males=4_nmar=3,FG_theta_zero_feeding,129,10,-99,4,3
0.054,8,0,100,0,359.3879913385761,0,0,0,0.7523031235326789,105,D_pmar=0.054_dist=100_repair_6_males=4_nmar=3,FG_theta_zero_feeding,75,8,-99,4,3
0.054,6,100,0,0,359.52466185902995,0,0,0,0.5990600445355101,105,D_pmar=0.054_dist=100_repair_6_males=4_nmar=3,FG_theta_zero_feeding,112,6,-99,4,3
0.054,12,100,100,0,359.41052914322944,0,0,0,0.6338504085436653,105,D_pmar=0.054_dist=100_repair_6_males=4_nmar=3,FG_theta_zero_feeding,66,12,-99,4,3
0,11,0,0,0,360.02268736517283,0,0,0,0,106,D_pmar=0.054_dist=100_repair_6_males=4_nmar=3,FG_theta_zero_feeding,108,11,-99,4,3
0.054,8,0,100,0,347.40052352914597,12.205723212915856,0,0,0.5277777777777787,106,D_pmar=0.054_dist=100_repair_6_males=4_nmar=3,FG_theta_zero_feeding,91,10,-99,4,3
0.054,8,100,0,0,359.3505554394653,0,1,0.1,0.6604250167389316,106,D_pmar=0.054_dist=100_repair_6_males=4_nmar=3,FG_theta_zero_feeding,84,8,-99,4,3
0.054,9,100,100,0,359.31576618832133,0,1,0.1,0.6785580671061299,106,D_pmar=0.054_dist=100_repair_6_males=4_nmar=3,FG_theta_zero_feeding,73,9,-99,4,3
0.054,14,0,0,0,357.19995949203656,2.254435537028104,1,0.1,0.6445620219648908,107,D_pmar=0.054_dist=100_repair_6_males=4_nmar=3,FG_theta_zero_feeding,86,14,-99,4,3
0,14,0,100,0,360.0747633987067,0,0,0,0,107,D_pmar=0.054_dist=100_repair_6_males=4_nmar=3,FG_theta_zero_feeding,123,14,-99,4,3
0.054,6,100,0,0,359.5251221927112,0,0,0,0.6812700413544026,107,D_pmar=0.054_dist=100_repair_6_males=4_nmar=3,FG_theta_zero_feeding,82,6,-99,4,3
0.054,2,100,100,0,357.2872170404182,2.1526884121823624,1,0.1,0.5555555555555566,107,D_pmar=0.054_dist=100_repair_6_males=4_nmar=3,FG_theta_zero_feeding,81,2,-99,4,3
0.054,10,0,0,0,353.3343987735448,6.128153072626297,0,0,0.6461506596987223,108,D_pmar=0.054_dist=100_repair_6_males=4_nmar=3,FG_theta_zero_feeding,87,10,-99,4,3
0.054,9,0,100,0,359.4044380228401,0,0,0,0.6052783118989713,108,D_pmar=0.054_dist=100_repair_6_males=4_nmar=3,FG_theta_zero_feeding,92,9,-99,4,3
0,7,100,0,0,360.11261353577555,0,0,0,0,108,D_pmar=0.054_dist=100_repair_6_males=4_nmar=3,FG_theta_zero_feeding,124,7,-99,4,3
0.054,10,100,100,0,359.1549984859445,0,1,0.1,0.7560021507235276,108,D_pmar=0.054_dist=100_repair_6_males=4_nmar=3,FG_theta_zero_feeding,78,10,-99,4,3
0.054,12,0,0,0,359.57261560272383,0,0,0,0.6353027627056316,109,D_pmar=0.054_dist=100_repair_6_males=4_nmar=3,FG_theta_zero_feeding,90,12,-99,4,3
0,10,0,100,0,360.0182997960048,0,0,0,0,109,D_pmar=0.054_dist=100_repair_6_males=4_nmar=3,FG_theta_zero_feeding,132,10,-99,4,3
0.054,7,100,0,0,359.5020977440533,0,0,0,0.6068669496328029,109,D_pmar=0.054_dist=100_repair_6_males=4_nmar=3,FG_theta_zero_feeding,83,7,-99,4,3
0.054,7,100,100,0,359.175910673639,0,0,0,0.870403438309892,109,D_pmar=0.054_dist=100_repair_6_males=4_nmar=3,FG_theta_zero_feeding,78,7,-99,4,3
0.054,9,0,0,0,359.33266222857816,0,1,0.1,0.5972222222222234,10,D_pmar=0.054_dist=100_repair_6_males=4_nmar=3,FG_theta_zero_feeding,79,9,-99,4,3
0.054,8,0,100,0,353.37344504434867,6.102571050549571,0,0,0.5556120060593516,10,D_pmar=0.054_dist=100_repair_6_males=4_nmar=3,FG_theta_zero_feeding,82,8,-99,4,3
0,10,100,0,0,360.1113056854972,0,0,0,0,10,D_pmar=0.054_dist=100_repair_6_males=4_nmar=3,FG_theta_zero_feeding,121,10,-99,4,3
0.054,9,100,100,0,359.39673115472215,0,0,0,0.6882027945167093,10,D_pmar=0.054_dist=100_repair_6_males=4_nmar=3,FG_theta_zero_feeding,73,9,-99,4,3
0.054,9,0,0,0,353.20256485418656,6.278821629541271,0,0,0.5509259259259269,110,D_pmar=0.054_dist=100_repair_6_males=4_nmar=3,FG_theta_zero_feeding,77,9,-99,4,3
0.054,7,0,100,0,359.25893945523944,0,1,0.1,0.6781492163905343,110,D_pmar=0.054_dist=100_repair_6_males=4_nmar=3,FG_theta_zero_feeding,73,7,-99,4,3
0.054,9,100,0,0,359.53617167930145,0,0,0,0.567912257214409,110,D_pmar=0.054_dist=100_repair_6_males=4_nmar=3,FG_theta_zero_feeding,73,9,-99,4,3
0,11,100,100,0,360.10655874805855,0,0,0,0,110,D_pmar=0.054_dist=100_repair_6_males=4_nmar=3,FG_theta_zero_feeding,120,11,-99,4,3
0.054,10,0,0,0,359.35501765863205,0,0,0,0.7332394707266995,111,D_pmar=0.054_dist=100_repair_6_males=4_nmar=3,FG_theta_zero_feeding,82,10,-99,4,3
0.054,9,0,100,0,359.5586235661617,0,0,0,0.5509259259259269,111,D_pmar=0.054_dist=100_repair_6_males=4_nmar=3,FG_theta_zero_feeding,87,9,-99,4,3
0,5,100,0,0,360.02505108074337,0,0,0,0,111,D_pmar=0.054_dist=100_repair_6_males=4_nmar=3,FG_theta_zero_feeding,122,5,-99,4,3
0.054,12,100,100,0,359.43523156485503,0,0,0,0.6562042378248976,111,D_pmar=0.054_dist=100_repair_6_males=4_nmar=3,FG_theta_zero_feeding,78,12,-99,4,3
0.054,8,0,0,0,359.297276210897,0,1,0.1,0.635824514428817,112,D_pmar=0.054_dist=100_repair_6_males=4_nmar=3,FG_theta_zero_feeding,61,8,-99,4,3
0.054,10,0,100,0,353.40899127761264,6.192432474777257,0,0,0.6065379319852776,112,D_pmar=0.054_dist=100_repair_6_males=4_nmar=3,FG_theta_zero_feeding,72,10,-99,4,3
0.054,9,100,0,0,359.4228656457232,0,0,0,0.6122908981293486,112,D_pmar=0.054_dist=100_repair_6_males=4_nmar=3,FG_theta_zero_feeding,80,9,-99,4,3
0,9,100,100,0,360.161155185427,0,0,0,0,112,D_pmar=0.054_dist=100_repair_6_males=4_nmar=3,FG_theta_zero_feeding,135,9,-99,4,3
0.054,11,0,0,0,353.301686940116,6.107933478682948,1,0.1,0.7235947433161201,113,D_pmar=0.054_dist=100_repair_6_males=4_nmar=3,FG_theta_zero_feeding,70,11,-99,4,3
0,6,0,100,0,360.11667924174435,0,0,0,0,113,D_pmar=0.054_dist=100_repair_6_males=4_nmar=3,FG_theta_zero_feeding,129,6,-99,4,3
0.054,9,100,0,0,353.2725074536374,6.0596514571664635,1,0.1,0.6060726307658872,113,D_pmar=0.054_dist=100_repair_6_males=4_nmar=3,FG_theta_zero_feeding,76,10,-99,4,3
0.054,10,100,100,0,359.41598098717924,0,0,0,0.6323182213136284,113,D_pmar=0.054_dist=100_repair_6_males=4_nmar=3,FG_theta_zero_feeding,85,10,-99,4,3
0.054,7,0,0,0,359.4388869706025,0,0,0,0.7009118963873622,114,D_pmar=0.054_dist=100_repair_6_males=4_nmar=3,FG_theta_zero_feeding,72,7,-99,4,3
0.054,12,0,100,0,359.60359850962533,0,0,0,0.4861111111111119,114,D_pmar=0.054_dist=100_repair_6_males=4_nmar=3,FG_theta_zero_feeding,86,12,-99,4,3
0,10,100,0,0,360.16331172886,0,0,0,0,114,D_pmar=0.054_dist=100_repair_6_males=4_nmar=3,FG_theta_zero_feeding,114,10,-99,4,3
0.054,7,100,100,0,359.420296651924,0,0,0,0.7081736671971943,114,D_pmar=0.054_dist=100_repair_6_males=4_nmar=3,FG_theta_zero_feeding,86,7,-99,4,3
0.054,7,0,0,0,359.2572658726547,0,1,0.1,0.6507802893283521,115,D_pmar=0.054_dist=100_repair_6_males=4_nmar=3,FG_theta_zero_feeding,85,8,-99,4,3
0.054,11,0,100,0,359.4570938427298,0,0,0,0.6481481481481496,115,D_pmar=0.054_dist=100_repair_6_males=4_nmar=3,FG_theta_zero_feeding,74,11,-99,4,3
0,12,100,0,0,360.06255213470564,0,0,0,0,115,D_pmar=0.054_dist=100_repair_6_males=4_nmar=3,FG_theta_zero_feeding,142,12,-99,4,3
0.054,6,100,100,0,353.3673508970773,6.021507331950145,0,0,0.6453563408318066,115,D_pmar=0.054_dist=100_repair_6_males=4_nmar=3,FG_theta_zero_feeding,85,6,-99,4,3
0.054,14,0,0,0,359.3499986788429,0,1,0.1,0.6592452297206957,116,D_pmar=0.054_dist=100_repair_6_males=4_nmar=3,FG_theta_zero_feeding,82,15,-99,4,3
0.054,5,0,100,0,353.3933959599794,6.002068905357983,0,0,0.7243092291149655,116,D_pmar=0.054_dist=100_repair_6_males=4_nmar=3,FG_theta_zero_feeding,77,5,-99,4,3
0,9,100,0,0,360.0562497650173,0,0,0,0,116,D_pmar=0.054_dist=100_repair_6_males=4_nmar=3,FG_theta_zero_feeding,124,9,-99,4,3
0.054,8,100,100,0,359.4596738458642,0,0,0,0.5462962962962973,116,D_pmar=0.054_dist=100_repair_6_males=4_nmar=3,FG_theta_zero_feeding,80,8,-99,4,3
0.054,15,0,0,0,359.50813108071287,0,0,0,0.5810068272363821,117,D_pmar=0.054_dist=100_repair_6_males=4_nmar=3,FG_theta_zero_feeding,78,15,-99,4,3
0,7,0,100,0,360.0408085675545,0,0,0,0,117,D_pmar=0.054_dist=100_repair_6_males=4_nmar=3,FG_theta_zero_feeding,127,7,-99,4,3
0.054,9,100,0,0,359.3312519657224,0,0,0,0.6743139056278206,117,D_pmar=0.054_dist=100_repair_6_males=4_nmar=3,FG_theta_zero_feeding,72,9,-99,4,3
0.054,5,100,100,0,359.561721080576,0,0,0,0.6218791750361331,117,D_pmar=0.054_dist=100_repair_6_males=4_nmar=3,FG_theta_zero_feeding,68,5,-99,4,3
0.054,11,0,0,0,359.65436733741427,0,0,0,0.5648148148148159,118,D_pmar=0.054_dist=100_repair_6_males=4_nmar=3,FG_theta_zero_feeding,84,11,-99,4,3
0,10,0,100,0,360.18285280583683,0,0,0,0,118,D_pmar=0.054_dist=100_repair_6_males=4_nmar=3,FG_theta_zero_feeding,113,10,-99,4,3
0.054,8,100,0,0,359.38810423184776,0,0,0,0.6156609076726718,118,D_pmar=0.054_dist=100_repair_6_males=4_nmar=3,FG_theta_zero_feeding,77,8,-99,4,3
0.054,7,100,100,0,359.5076393644733,0,0,0,0.5818011461032979,118,D_pmar=0.054_dist=100_repair_6_males=4_nmar=3,FG_theta_zero_feeding,76,7,-99,4,3
0.054,10,0,0,0,359.42867836610054,0,0,0,0.6712962962962978,119,D_pmar=0.054_dist=100_repair_6_males=4_nmar=3,FG_theta_zero_feeding,76,10,-99,4,3
0,9,0,100,0,360.0222789615111,0,0,0,0,119,D_pmar=0.054_dist=100_repair_6_males=4_nmar=3,FG_theta_zero_feeding,113,9,-99,4,3
0.054,12,100,0,0,359.37937182335764,0,1,0.1,0.6132779510719243,119,D_pmar=0.054_dist=100_repair_6_males=4_nmar=3,FG_theta_zero_feeding,76,12,-99,4,3
0.054,5,100,100,0,353.2526674870212,6.119418430074487,0,0,0.6342358766949853,119,D_pmar=0.054_dist=100_repair_6_males=4_nmar=3,FG_theta_zero_feeding,101,5,-99,4,3
0.054,11,0,0,0,359.40675737473003,0,0,0,0.6180438642734192,11,D_pmar=0.054_dist=100_repair_6_males=4_nmar=3,FG_theta_zero_feeding,102,11,-99,4,3
0.054,5,0,100,0,359.489003760856,0,0,0,0.6388888888888903,11,D_pmar=0.054_dist=100_repair_6_males=4_nmar=3,FG_theta_zero_feeding,89,5,-99,4,3
0,9,100,0,0,360.17485490517726,0,0,0,0,11,D_pmar=0.054_dist=100_repair_6_males=4_nmar=3,FG_theta_zero_feeding,109,9,-99,4,3
0.054,11,100,100,0,359.48032647872117,0,0,0,0.6847763344695912,11,D_pmar=0.054_dist=100_repair_6_males=4_nmar=3,FG_theta_zero_feeding,90,11,-99,4,3
0,7,0,0,0,360.11232501559374,0,0,0,0,120,D_pmar=0.054_dist=100_repair_6_males=4_nmar=3,FG_theta_zero_feeding,126,7,-99,4,3
0.054,6,0,100,0,359.4963906729099,0,0,0,0.6434951359542446,120,D_pmar=0.054_dist=100_repair_6_males=4_nmar=3,FG_theta_zero_feeding,79,6,-99,4,3
0.054,15,100,0,0,359.3362345675355,0,0,0,0.669627825494396,120,D_pmar=0.054_dist=100_repair_6_males=4_nmar=3,FG_theta_zero_feeding,61,15,-99,4,3
0.054,8,100,100,0,359.46836988137824,0,0,0,0.5559410237068769,120,D_pmar=0.054_dist=100_repair_6_males=4_nmar=3,FG_theta_zero_feeding,76,8,-99,4,3
0.054,6,0,0,0,359.52306160343744,0,0,0,0.5416666666666676,121,D_pmar=0.054_dist=100_repair_6_males=4_nmar=3,FG_theta_zero_feeding,83,6,-99,4,3
0.054,8,0,100,0,359.444724918017,0,0,0,0.6445620219648909,121,D_pmar=0.054_dist=100_repair_6_males=4_nmar=3,FG_theta_zero_feeding,82,8,-99,4,3
0,12,100,0,0,360.03509589721045,0,0,0,0,121,D_pmar=0.054_dist=100_repair_6_males=4_nmar=3,FG_theta_zero_feeding,106,12,-99,4,3
0.054,10,100,100,0,359.44912494253293,0,0,0,0.5594473168220653,121,D_pmar=0.054_dist=100_repair_6_males=4_nmar=3,FG_theta_zero_feeding,75,10,-99,4,3
0.054,11,0,0,0,359.33554809606517,0,0,0,0.7235947433161201,122,D_pmar=0.054_dist=100_repair_6_males=4_nmar=3,FG_theta_zero_feeding,90,11,-99,4,3
0,8,0,100,0,360.0621154893468,0,0,0,0,122,D_pmar=0.054_dist=100_repair_6_males=4_nmar=3,FG_theta_zero_feeding,130,8,-99,4,3
0.054,12,100,0,0,359.4678679397924,0,0,0,0.6018518518518531,122,D_pmar=0.054_dist=100_repair_6_males=4_nmar=3,FG_theta_zero_feeding,91,12,-99,4,3
0.054,5,100,100,0,359.1857957773083,0,0,0,0.8349550390066866,122,D_pmar=0.054_dist=100_repair_6_males=4_nmar=3,FG_theta_zero_feeding,96,5,-99,4,3
0,10,0,0,0,360.0148177317344,0,0,0,0,123,D_pmar=0.054_dist=100_repair_6_males=4_nmar=3,FG_theta_zero_feeding,118,10,-99,4,3
0.054,9,0,100,0,359.4683371318275,0,0,0,0.5416666666666676,123,D_pmar=0.054_dist=100_repair_6_males=4_nmar=3,FG_theta_zero_feeding,101,9,-99,4,3
0.054,9,100,0,0,359.1844518490054,0,0,0,0.8430909617515047,123,D_pmar=0.054_dist=100_repair_6_males=4_nmar=3,FG_theta_zero_feeding,83,9,-99,4,3
0.054,8,100,100,0,359.6759985847115,0,0,0,0.6600395485876113,123,D_pmar=0.054_dist=100_repair_6_males=4_nmar=3,FG_theta_zero_feeding,85,8,-99,4,3
0.054,10,0,0,0,359.51486319030823,0,0,0,0.6391380734683453,124,D_pmar=0.054_dist=100_repair_6_males=4_nmar=3,FG_theta_zero_feeding,84,10,-99,4,3
0.054,11,0,100,0,359.6169302192758,0,0,0,0.5972222222222234,124,D_pmar=0.054_dist=100_repair_6_males=4_nmar=3,FG_theta_zero_feeding,78,11,-99,4,3
0.054,7,100,0,0,359.3975067585726,0,0,0,0.7929593546924943,124,D_pmar=0.054_dist=100_repair_6_males=4_nmar=3,FG_theta_zero_feeding,97,7,-99,4,3
0,8,100,100,0,360.10252390243284,0,0,0,0,124,D_pmar=0.054_dist=100_repair_6_males=4_nmar=3,FG_theta_zero_feeding,123,8,-99,4,3
0.054,8,0,0,0,347.2021616060531,12.1076327781176,0,0,0.7294839930320561,125,D_pmar=0.054_dist=100_repair_6_males=4_nmar=3,FG_theta_zero_feeding,79,8,-99,4,3
0.054,8,0,100,0,359.14513820110943,0,2,0.2,0.7143919345606556,125,D_pmar=0.054_dist=100_repair_6_males=4_nmar=3,FG_theta_zero_feeding,78,8,-99,4,3
0.054,10,100,0,0,359.49221803865044,0,0,0,0.5185185185185194,125,D_pmar=0.054_dist=100_repair_6_males=4_nmar=3,FG_theta_zero_feeding,88,10,-99,4,3
0,10,100,100,0,360.02202920030766,0,0,0,0,125,D_pmar=0.054_dist=100_repair_6_males=4_nmar=3,FG_theta_zero_feeding,130,10,-99,4,3
0.054,10,0,0,0,353.20646456494376,6.128485386777948,1,0.1,0.5741305245778701,126,D_pmar=0.054_dist=100_repair_6_males=4_nmar=3,FG_theta_zero_feeding,82,10,-99,4,3
0.054,8,0,100,0,359.59097847720955,0,0,0,0.6253854681513218,126,D_pmar=0.054_dist=100_repair_6_males=4_nmar=3,FG_theta_zero_feeding,59,8,-99,4,3
0.054,10,100,0,0,353.3832737718288,6.01280203611273,1,0.1,0.6033606565176145,126,D_pmar=0.054_dist=100_repair_6_males=4_nmar=3,FG_theta_zero_feeding,81,10,-99,4,3
0,8,100,100,0,360.0038248053025,0,0,0,0,126,D_pmar=0.054_dist=100_repair_6_males=4_nmar=3,FG_theta_zero_feeding,126,8,-99,4,3
0.054,9,0,0,0,359.44669519818177,0,0,0,0.6718744985232782,127,D_pmar=0.054_dist=100_repair_6_males=4_nmar=3,FG_theta_zero_feeding,100,9,-99,4,3
0,8,0,100,0,360.0411459290121,0,0,0,0,127,D_pmar=0.054_dist=100_repair_6_males=4_nmar=3,FG_theta_zero_feeding,122,8,-99,4,3
0.054,9,100,0,0,359.4725154838182,0,0,0,0.6651344794366315,127,D_pmar=0.054_dist=100_repair_6_males=4_nmar=3,FG_theta_zero_feeding,63,10,-99,4,3
0.054,10,100,100,0,359.4835328807267,0,0,0,0.6819845271532481,127,D_pmar=0.054_dist=100_repair_6_males=4_nmar=3,FG_theta_zero_feeding,84,10,-99,4,3
0.054,10,0,0,0,353.4792132430008,6.0007568676417264,0,0,0.5972222222222234,128,D_pmar=0.054_dist=100_repair_6_males=4_nmar=3,FG_theta_zero_feeding,83,10,-99,4,3
0,9,0,100,0,360.0031277097337,0,0,0,0,128,D_pmar=0.054_dist=100_repair_6_males=4_nmar=3,FG_theta_zero_feeding,153,9,-99,4,3
0.054,5,100,0,0,359.4382979917255,0,0,0,0.7998356573510063,128,D_pmar=0.054_dist=100_repair_6_males=4_nmar=3,FG_theta_zero_feeding,81,5,-99,4,3
0.054,12,100,100,0,359.2111675562056,0,1,0.1,0.6981999221390898,128,D_pmar=0.054_dist=100_repair_6_males=4_nmar=3,FG_theta_zero_feeding,78,12,-99,4,3
0,8,0,0,0,360.109458448794,0,0,0,0,129,D_pmar=0.054_dist=100_repair_6_males=4_nmar=3,FG_theta_zero_feeding,128,8,-99,4,3
0.054,9,0,100,0,359.49002749174446,0,0,0,0.5907313877150319,129,D_pmar=0.054_dist=100_repair_6_males=4_nmar=3,FG_theta_zero_feeding,89,9,-99,4,3
0.054,10,100,0,0,359.49204785508107,0,0,0,0.6565332554724228,129,D_pmar=0.054_dist=100_repair_6_males=4_nmar=3,FG_theta_zero_feeding,69,10,-99,4,3
0.054,9,100,100,0,359.5124866557233,0,0,0,0.5674469559950185,129,D_pmar=0.054_dist=100_repair_6_males=4_nmar=3,FG_theta_zero_feeding,60,9,-99,4,3
0.054,9,0,0,0,359.45715874470164,0,0,0,0.5926490430963887,12,D_pmar=0.054_dist=100_repair_6_males=4_nmar=3,FG_theta_zero_feeding,88,9,-99,4,3
0.054,10,0,100,0,359.32051400954066,0,1,0.1,0.6657925147316823,12,D_pmar=0.054_dist=100_repair_6_males=4_nmar=3,FG_theta_zero_feeding,86,10,-99,4,3
0,8,100,0,0,360.01446281485073,0,0,0,0,12,D_pmar=0.054_dist=100_repair_6_males=4_nmar=3,FG_theta_zero_feeding,120,8,-99,4,3
0.054,9,100,100,0,353.18837196129175,6.080419197682302,0,0,0.7313218153453427,12,D_pmar=0.054_dist=100_repair_6_males=4_nmar=3,FG_theta_zero_feeding,72,9,-99,4,3
0,7,0,0,0,360.2434636941838,0,0,0,0,130,D_pmar=0.054_dist=100_repair_6_males=4_nmar=3,FG_theta_zero_feeding,118,7,-99,4,3
0.054,12,0,100,0,359.58042449578363,0,0,0,0.6453563408318066,130,D_pmar=0.054_dist=100_repair_6_males=4_nmar=3,FG_theta_zero_feeding,77,12,-99,4,3
0.054,5,100,0,0,359.4811286322258,0,0,0,0.55402336832552,130,D_pmar=0.054_dist=100_repair_6_males=4_nmar=3,FG_theta_zero_feeding,85,5,-99,4,3
0.054,12,100,100,0,359.46989711820015,0,0,0,0.6064814814814827,130,D_pmar=0.054_dist=100_repair_6_males=4_nmar=3,FG_theta_zero_feeding,79,12,-99,4,3
0,9,0,0,0,360.08457090321605,0,0,0,0,131,D_pmar=0.054_dist=100_repair_6_males=4_nmar=3,FG_theta_zero_feeding,121,9,-99,4,3
0.054,13,0,100,0,359.3232893562514,0,0,0,0.686557706279083,131,D_pmar=0.054_dist=100_repair_6_males=4_nmar=3,FG_theta_zero_feeding,89,13,-99,4,3
0.054,4,100,0,0,359.3848910985885,0,0,0,0.6481481481481496,131,D_pmar=0.054_dist=100_repair_6_males=4_nmar=3,FG_theta_zero_feeding,79,4,-99,4,3
0.054,10,100,100,0,359.4331622301521,0,0,0,0.6557953871093019,131,D_pmar=0.054_dist=100_repair_6_males=4_nmar=3,FG_theta_zero_feeding,90,10,-99,4,3
0.054,7,0,0,0,359.4578791654051,0,0,0,0.5798834907219408,132,D_pmar=0.054_dist=100_repair_6_males=4_nmar=3,FG_theta_zero_feeding,81,7,-99,4,3
0.054,10,0,100,0,359.52802410126,0,0,0,0.5185185185185194,132,D_pmar=0.054_dist=100_repair_6_males=4_nmar=3,FG_theta_zero_feeding,82,10,-99,4,3
0,7,100,0,0,360.0080993212747,0,0,0,0,132,D_pmar=0.054_dist=100_repair_6_males=4_nmar=3,FG_theta_zero_feeding,115,7,-99,4,3
0.054,12,100,100,0,359.4403897466742,0,0,0,0.6958734160421371,132,D_pmar=0.054_dist=100_repair_6_males=4_nmar=3,FG_theta_zero_feeding,64,12,-99,4,3
0.054,7,0,0,0,353.63944898869727,6.0315644178643115,0,0,0.5416666666666676,133,D_pmar=0.054_dist=100_repair_6_males=4_nmar=3,FG_theta_zero_feeding,79,7,-99,4,3
0,9,0,100,0,360.0580149848798,0,0,0,0,133,D_pmar=0.054_dist=100_repair_6_males=4_nmar=3,FG_theta_zero_feeding,126,9,-99,4,3
0.054,11,100,0,0,359.41200873891364,0,0,0,0.635768063925022,133,D_pmar=0.054_dist=100_repair_6_males=4_nmar=3,FG_theta_zero_feeding,69,11,-99,4,3
0.054,9,100,100,0,359.4421919700775,0,1,0.1,0.6808611906388071,133,D_pmar=0.054_dist=100_repair_6_males=4_nmar=3,FG_theta_zero_feeding,81,9,-99,4,3
0.054,6,0,0,0,353.37517311356345,6.235657376975369,0,0,0.6276321411802038,134,D_pmar=0.054_dist=100_repair_6_males=4_nmar=3,FG_theta_zero_feeding,77,6,-99,4,3
0,12,0,100,0,360.0976118835145,0,0,0,0,134,D_pmar=0.054_dist=100_repair_6_males=4_nmar=3,FG_theta_zero_feeding,122,12,-99,4,3
0.054,9,100,0,0,359.3537288450997,0,1,0.1,0.5933070783914394,134,D_pmar=0.054_dist=100_repair_6_males=4_nmar=3,FG_theta_zero_feeding,78,9,-99,4,3
0.054,9,100,100,0,359.59219169129216,0,0,0,0.6273031235326785,134,D_pmar=0.054_dist=100_repair_6_males=4_nmar=3,FG_theta_zero_feeding,75,9,-99,4,3
0.054,11,0,0,0,353.3003695525223,6.098810102478306,0,0,0.7298130106795814,135,D_pmar=0.054_dist=100_repair_6_males=4_nmar=3,FG_theta_zero_feeding,76,11,-99,4,3
0.054,10,0,100,0,359.2369786606352,0,1,0.1,0.717761944103979,135,D_pmar=0.054_dist=100_repair_6_males=4_nmar=3,FG_theta_zero_feeding,86,10,-99,4,3
0,9,100,0,0,360.10067657635204,0,0,0,0,135,D_pmar=0.054_dist=100_repair_6_males=4_nmar=3,FG_theta_zero_feeding,134,9,-99,4,3
0.054,6,100,100,0,359.44654759697494,0,0,0,0.5555555555555566,135,D_pmar=0.054_dist=100_repair_6_males=4_nmar=3,FG_theta_zero_feeding,82,6,-99,4,3
0.054,9,0,0,0,353.1313812145545,6.135192292530726,1,0.1,0.7351571261080563,136,D_pmar=0.054_dist=100_repair_6_males=4_nmar=3,FG_theta_zero_feeding,81,9,-99,4,3
0.054,15,0,100,0,359.46739939811584,0,0,0,0.5921837418769984,136,D_pmar=0.054_dist=100_repair_6_males=4_nmar=3,FG_theta_zero_feeding,82,15,-99,4,3
0,10,100,0,0,360.147489591997,0,0,0,0,136,D_pmar=0.054_dist=100_repair_6_males=4_nmar=3,FG_theta_zero_feeding,110,10,-99,4,3
0.054,2,100,100,0,353.3065784972104,6.102675693321183,1,0.1,0.6511093069758773,136,D_pmar=0.054_dist=100_repair_6_males=4_nmar=3,FG_theta_zero_feeding,86,3,-99,4,3
0.054,9,0,0,0,359.34341327864894,0,0,0,0.6649981958647663,137,D_pmar=0.054_dist=100_repair_6_males=4_nmar=3,FG_theta_zero_feeding,84,9,-99,4,3
0.054,9,0,100,0,359.3483303061934,0,0,0,0.6673811524655137,137,D_pmar=0.054_dist=100_repair_6_males=4_nmar=3,FG_theta_zero_feeding,83,9,-99,4,3
0.054,13,100,0,0,359.3416593595727,0,0,0,0.6692988078468706,137,D_pmar=0.054_dist=100_repair_6_males=4_nmar=3,FG_theta_zero_feeding,90,13,-99,4,3
0,5,100,100,0,360.16911411627575,0,0,0,0,137,D_pmar=0.054_dist=100_repair_6_males=4_nmar=3,FG_theta_zero_feeding,124,5,-99,4,3
0,5,0,0,0,360.0707923405973,0,0,0,0,138,D_pmar=0.054_dist=100_repair_6_males=4_nmar=3,FG_theta_zero_feeding,122,5,-99,4,3
0.054,10,0,100,0,359.5422304465213,0,0,0,0.6574074074074089,138,D_pmar=0.054_dist=100_repair_6_males=4_nmar=3,FG_theta_zero_feeding,68,10,-99,4,3
0.054,9,100,0,0,359.4627800001461,0,0,0,0.6180438642734193,138,D_pmar=0.054_dist=100_repair_6_males=4_nmar=3,FG_theta_zero_feeding,80,9,-99,4,3
0.054,12,100,100,0,359.5290859305121,0,0,0,0.5802689588732611,138,D_pmar=0.054_dist=100_repair_6_males=4_nmar=3,FG_theta_zero_feeding,89,12,-99,4,3
0,10,0,0,0,360.04356269930923,0,0,0,0,139,D_pmar=0.054_dist=100_repair_6_males=4_nmar=3,FG_theta_zero_feeding,138,10,-99,4,3
0.054,6,0,100,0,359.5621397656768,0,0,0,0.5601851851851862,139,D_pmar=0.054_dist=100_repair_6_males=4_nmar=3,FG_theta_zero_feeding,72,6,-99,4,3
0.054,10,100,0,0,359.42837108469826,0,0,0,0.7270212033632383,139,D_pmar=0.054_dist=100_repair_6_males=4_nmar=3,FG_theta_zero_feeding,75,10,-99,4,3
0.054,10,100,100,0,359.46286239114994,0,0,0,0.6126199157768738,139,D_pmar=0.054_dist=100_repair_6_males=4_nmar=3,FG_theta_zero_feeding,74,10,-99,4,3
0,9,0,0,0,360.0452904232534,0,0,0,0,13,D_pmar=0.054_dist=100_repair_6_males=4_nmar=3,FG_theta_zero_feeding,137,9,-99,4,3
0.054,10,0,100,0,353.27969718378455,6.100449399809792,1,0.1,0.6754372421422614,13,D_pmar=0.054_dist=100_repair_6_males=4_nmar=3,FG_theta_zero_feeding,68,10,-99,4,3
0.054,6,100,0,0,359.58416889215414,0,0,0,0.5394764441415805,13,D_pmar=0.054_dist=100_repair_6_males=4_nmar=3,FG_theta_zero_feeding,76,6,-99,4,3
0.054,11,100,100,0,353.11558461430144,6.068217319869978,1,0.1,0.7390722699388405,13,D_pmar=0.054_dist=100_repair_6_males=4_nmar=3,FG_theta_zero_feeding,81,12,-99,4,3
0.054,8,0,0,0,359.5175891299779,0,0,0,0.5879629629629641,140,D_pmar=0.054_dist=100_repair_6_males=4_nmar=3,FG_theta_zero_feeding,94,8,-99,4,3
0.054,9,0,100,0,359.56241969890095,0,0,0,0.5367644698933076,140,D_pmar=0.054_dist=100_repair_6_males=4_nmar=3,FG_theta_zero_feeding,80,9,-99,4,3
0,15,100,0,0,360.18269364539066,0,0,0,0,140,D_pmar=0.054_dist=100_repair_6_males=4_nmar=3,FG_theta_zero_feeding,129,15,-99,4,3
0.054,4,100,100,0,359.27073510948196,0,0,0,0.7849597155195415,140,D_pmar=0.054_dist=100_repair_6_males=4_nmar=3,FG_theta_zero_feeding,66,4,-99,4,3
0.054,11,0,0,0,359.59799046623664,0,0,0,0.5667889206999677,141,D_pmar=0.054_dist=100_repair_6_males=4_nmar=3,FG_theta_zero_feeding,93,11,-99,4,3
0.054,11,0,100,0,359.4042930119587,0,0,0,0.6637950262822548,141,D_pmar=0.054_dist=100_repair_6_males=4_nmar=3,FG_theta_zero_feeding,64,11,-99,4,3
0.054,6,100,0,0,359.3971233743202,0,0,0,0.6948299125957663,141,D_pmar=0.054_dist=100_repair_6_males=4_nmar=3,FG_theta_zero_feeding,90,6,-99,4,3
0,8,100,100,0,360.0548096054453,0,0,0,0,141,D_pmar=0.054_dist=100_repair_6_males=4_nmar=3,FG_theta_zero_feeding,108,8,-99,4,3
0.054,10,0,0,0,359.6600143868429,0,0,0,0.6708874455807025,142,D_pmar=0.054_dist=100_repair_6_males=4_nmar=3,FG_theta_zero_feeding,68,10,-99,4,3
0,14,0,100,0,360.10224566787747,0,0,0,0,142,D_pmar=0.054_dist=100_repair_6_males=4_nmar=3,FG_theta_zero_feeding,136,14,-99,4,3
0.054,5,100,0,0,359.41681226532705,0,0,0,0.6884753616604398,142,D_pmar=0.054_dist=100_repair_6_males=4_nmar=3,FG_theta_zero_feeding,84,5,-99,4,3
0.054,7,100,100,0,359.3448362108342,0,0,0,0.6770258798760932,142,D_pmar=0.054_dist=100_repair_6_males=4_nmar=3,FG_theta_zero_feeding,86,7,-99,4,3
0,9,0,0,0,360.0598015772703,0,0,0,0,143,D_pmar=0.054_dist=100_repair_6_males=4_nmar=3,FG_theta_zero_feeding,115,9,-99,4,3
0.054,12,0,100,0,359.396148011719,0,1,0.1,0.6183728819209444,143,D_pmar=0.054_dist=100_repair_6_males=4_nmar=3,FG_theta_zero_feeding,78,12,-99,4,3
0.054,6,100,0,0,359.57249789627355,0,0,0,0.5212869432705871,143,D_pmar=0.054_dist=100_repair_6_males=4_nmar=3,FG_theta_zero_feeding,64,6,-99,4,3
0.054,9,100,100,0,353.3651331004885,6.0027575454694,0,0,0.6353592132094263,143,D_pmar=0.054_dist=100_repair_6_males=4_nmar=3,FG_theta_zero_feeding,68,10,-99,4,3
0,9,0,0,0,360.10476339267075,0,0,0,0,144,D_pmar=0.054_dist=100_repair_6_males=4_nmar=3,FG_theta_zero_feeding,110,9,-99,4,3
0.054,10,0,100,0,359.4698086439552,0,0,0,0.6831876967357594,144,D_pmar=0.054_dist=100_repair_6_males=4_nmar=3,FG_theta_zero_feeding,79,10,-99,4,3
0.054,8,100,0,0,359.5545957695274,0,0,0,0.6068669496328031,144,D_pmar=0.054_dist=100_repair_6_males=4_nmar=3,FG_theta_zero_feeding,96,8,-99,4,3
0.054,9,100,100,0,359.53690161375465,0,0,0,0.5870888110279783,144,D_pmar=0.054_dist=100_repair_6_males=4_nmar=3,FG_theta_zero_feeding,72,9,-99,4,3
0,9,0,0,0,360.25844723959074,0,0,0,0,145,D_pmar=0.054_dist=100_repair_6_males=4_nmar=3,FG_theta_zero_feeding,97,9,-99,4,3
0.054,11,0,100,0,359.46312543530433,0,0,0,0.6411920124215676,145,D_pmar=0.054_dist=100_repair_6_males=4_nmar=3,FG_theta_zero_feeding,74,11,-99,4,3
0.054,9,100,0,0,359.567349516173,0,0,0,0.5254512716808262,145,D_pmar=0.054_dist=100_repair_6_males=4_nmar=3,FG_theta_zero_feeding,87,9,-99,4,3
0.054,7,100,100,0,359.59258376074905,0,0,0,0.5092592592592601,145,D_pmar=0.054_dist=100_repair_6_males=4_nmar=3,FG_theta_zero_feeding,75,7,-99,4,3
0.054,10,0,0,0,359.328658002331,0,0,0,0.6801467048399615,146,D_pmar=0.054_dist=100_repair_6_males=4_nmar=3,FG_theta_zero_feeding,84,10,-99,4,3
0.054,11,0,100,0,359.43425937406107,0,0,0,0.6546156000910659,146,D_pmar=0.054_dist=100_repair_6_males=4_nmar=3,FG_theta_zero_feeding,96,11,-99,4,3
0,8,100,0,0,360.05800631073924,0,0,0,0,146,D_pmar=0.054_dist=100_repair_6_males=4_nmar=3,FG_theta_zero_feeding,126,8,-99,4,3
0.054,7,100,100,0,359.47074314738825,0,0,0,0.7555933000079319,146,D_pmar=0.054_dist=100_repair_6_males=4_nmar=3,FG_theta_zero_feeding,78,7,-99,4,3
0.054,10,0,0,0,359.7239727568582,0,0,0,0.6102369591761264,147,D_pmar=0.054_dist=100_repair_6_males=4_nmar=3,FG_theta_zero_feeding,90,10,-99,4,3
0.054,12,0,100,0,359.7300082337572,0,0,0,0.5092592592592601,147,D_pmar=0.054_dist=100_repair_6_males=4_nmar=3,FG_theta_zero_feeding,90,12,-99,4,3
0.054,7,100,0,0,359.26200264889775,0,0,0,0.8107633874121675,147,D_pmar=0.054_dist=100_repair_6_males=4_nmar=3,FG_theta_zero_feeding,74,7,-99,4,3
0,7,100,100,0,360.10518004362433,0,0,0,0,147,D_pmar=0.054_dist=100_repair_6_males=4_nmar=3,FG_theta_zero_feeding,124,7,-99,4,3
0.054,11,0,0,0,359.5172613429368,0,0,0,0.6091136226616851,148,D_pmar=0.054_dist=100_repair_6_males=4_nmar=3,FG_theta_zero_feeding,52,11,-99,4,3
0.054,8,0,100,0,359.57811900728564,0,0,0,0.5036191941227793,148,D_pmar=0.054_dist=100_repair_6_males=4_nmar=3,FG_theta_zero_feeding,83,9,-99,4,3
0.054,10,100,0,0,359.5005802088279,0,0,0,0.6333851073242747,148,D_pmar=0.054_dist=100_repair_6_males=4_nmar=3,FG_theta_zero_feeding,75,10,-99,4,3
0,7,100,100,0,360.1341906799236,0,0,0,0,148,D_pmar=0.054_dist=100_repair_6_males=4_nmar=3,FG_theta_zero_feeding,110,7,-99,4,3
0,10,0,0,0,360.09684421713126,0,0,0,0,149,D_pmar=0.054_dist=100_repair_6_males=4_nmar=3,FG_theta_zero_feeding,115,10,-99,4,3
0.054,14,0,100,0,353.554846865496,6.017717252074014,0,0,0.6360970815725474,149,D_pmar=0.054_dist=100_repair_6_males=4_nmar=3,FG_theta_zero_feeding,90,14,-99,4,3
0.054,3,100,0,0,359.33823840231577,0,1,0.1,0.727566337650699,149,D_pmar=0.054_dist=100_repair_6_males=4_nmar=3,FG_theta_zero_feeding,87,3,-99,4,3
0.054,9,100,100,0,353.0878200269599,6.302119282590947,1,0.1,0.6946936290239011,149,D_pmar=0.054_dist=100_repair_6_males=4_nmar=3,FG_theta_zero_feeding,100,9,-99,4,3
0,11,0,0,0,360.33231395017015,0,0,0,0,14,D_pmar=0.054_dist=100_repair_6_males=4_nmar=3,FG_theta_zero_feeding,124,11,-99,4,3
0.054,10,0,100,0,359.4963761929638,0,0,0,0.6284264600471198,14,D_pmar=0.054_dist=100_repair_6_males=4_nmar=3,FG_theta_zero_feeding,85,10,-99,4,3
0.054,6,100,0,0,359.3901182297309,0,0,0,0.6114965792624327,14,D_pmar=0.054_dist=100_repair_6_males=4_nmar=3,FG_theta_zero_feeding,74,6,-99,4,3
0.054,9,100,100,0,359.36451411056123,0,0,0,0.7170474583051335,14,D_pmar=0.054_dist=100_repair_6_males=4_nmar=3,FG_theta_zero_feeding,90,9,-99,4,3
0.054,11,0,0,0,359.59175666967633,0,0,0,0.6249201669319311,150,D_pmar=0.054_dist=100_repair_6_males=4_nmar=3,FG_theta_zero_feeding,79,11,-99,4,3
0.054,7,0,100,0,359.39711041835164,0,0,0,0.6110312780430422,150,D_pmar=0.054_dist=100_repair_6_males=4_nmar=3,FG_theta_zero_feeding,68,7,-99,4,3
0,10,100,0,0,360.0708747054333,0,0,0,0,150,D_pmar=0.054_dist=100_repair_6_males=4_nmar=3,FG_theta_zero_feeding,119,10,-99,4,3
0.054,8,100,100,0,359.5219643078076,0,0,0,0.6800668717718911,150,D_pmar=0.054_dist=100_repair_6_males=4_nmar=3,FG_theta_zero_feeding,82,8,-99,4,3
0.054,9,0,0,0,359.6423944748104,0,0,0,0.6399323923352611,151,D_pmar=0.054_dist=100_repair_6_males=4_nmar=3,FG_theta_zero_feeding,97,9,-99,4,3
0.054,10,0,100,0,359.7023979907956,0,0,0,0.6419863312884831,151,D_pmar=0.054_dist=100_repair_6_males=4_nmar=3,FG_theta_zero_feeding,72,10,-99,4,3
0,9,100,0,0,360.0321700934559,0,0,0,0,151,D_pmar=0.054_dist=100_repair_6_males=4_nmar=3,FG_theta_zero_feeding,110,9,-99,4,3
0.054,8,100,100,0,359.4813522900039,0,0,0,0.645685358479332,151,D_pmar=0.054_dist=100_repair_6_males=4_nmar=3,FG_theta_zero_feeding,86,8,-99,4,3
0.054,11,0,0,0,359.5093155816095,0,0,0,0.5648148148148159,152,D_pmar=0.054_dist=100_repair_6_males=4_nmar=3,FG_theta_zero_feeding,89,11,-99,4,3
0.054,7,0,100,0,359.38099782013035,0,0,0,0.6499859704614362,152,D_pmar=0.054_dist=100_repair_6_males=4_nmar=3,FG_theta_zero_feeding,72,7,-99,4,3
0.054,8,100,0,0,359.39640431121126,0,0,0,0.6461506596987223,152,D_pmar=0.054_dist=100_repair_6_males=4_nmar=3,FG_theta_zero_feeding,90,8,-99,4,3
0,10,100,100,0,360.080486379743,0,0,0,0,152,D_pmar=0.054_dist=100_repair_6_males=4_nmar=3,FG_theta_zero_feeding,117,10,-99,4,3
0.054,11,0,0,0,359.5233900619484,0,0,0,0.5185185185185194,153,D_pmar=0.054_dist=100_repair_6_males=4_nmar=3,FG_theta_zero_feeding,68,11,-99,4,3
0,9,0,100,0,360.15698155650483,0,0,0,0,153,D_pmar=0.054_dist=100_repair_6_males=4_nmar=3,FG_theta_zero_feeding,115,9,-99,4,3
0.054,10,100,0,0,359.43505722840973,0,0,0,0.5786238706356345,153,D_pmar=0.054_dist=100_repair_6_males=4_nmar=3,FG_theta_zero_feeding,80,10,-99,4,3
0.054,6,100,100,0,359.40094395768466,0,0,0,0.6477392974325541,153,D_pmar=0.054_dist=100_repair_6_males=4_nmar=3,FG_theta_zero_feeding,82,6,-99,4,3
0.054,10,0,0,0,359.44628272276475,0,0,0,0.6460708266306521,154,D_pmar=0.054_dist=100_repair_6_males=4_nmar=3,FG_theta_zero_feeding,91,10,-99,4,3
0,6,0,100,0,360.04133815979685,0,0,0,0,154,D_pmar=0.054_dist=100_repair_6_males=4_nmar=3,FG_theta_zero_feeding,125,6,-99,4,3
0.054,10,100,0,0,359.4861763865333,0,0,0,0.640726711202177,154,D_pmar=0.054_dist=100_repair_6_males=4_nmar=3,FG_theta_zero_feeding,67,10,-99,4,3
0.054,10,100,100,0,359.50312897152656,0,0,0,0.5648148148148159,154,D_pmar=0.054_dist=100_repair_6_males=4_nmar=3,FG_theta_zero_feeding,66,10,-99,4,3
0.054,11,0,0,0,359.54138005122996,0,0,0,0.6356317803531568,156,D_pmar=0.054_dist=100_repair_6_males=4_nmar=3,FG_theta_zero_feeding,83,11,-99,4,3
0.054,11,0,100,0,359.45464668498545,0,0,0,0.6006486822693418,156,D_pmar=0.054_dist=100_repair_6_males=4_nmar=3,FG_theta_zero_feeding,70,11,-99,4,3
0,3,100,0,0,360.1266700559136,0,0,0,0,156,D_pmar=0.054_dist=100_repair_6_males=4_nmar=3,FG_theta_zero_feeding,140,3,-99,4,3
0.054,11,100,100,0,359.4574669257978,0,0,0,0.6959532491102074,156,D_pmar=0.054_dist=100_repair_6_males=4_nmar=3,FG_theta_zero_feeding,73,11,-99,4,3
0.054,10,0,0,0,359.4247274741179,0,0,0,0.6349737450581062,157,D_pmar=0.054_dist=100_repair_6_males=4_nmar=3,FG_theta_zero_feeding,77,10,-99,4,3
0.054,7,0,100,0,359.5878337576023,0,0,0,0.4896738547300954,157,D_pmar=0.054_dist=100_repair_6_males=4_nmar=3,FG_theta_zero_feeding,85,7,-99,4,3
0,10,100,0,0,360.3177848002514,0,0,0,0,157,D_pmar=0.054_dist=100_repair_6_males=4_nmar=3,FG_theta_zero_feeding,100,10,-99,4,3
0.054,9,100,100,0,359.42029743011045,0,0,0,0.6615483532533727,157,D_pmar=0.054_dist=100_repair_6_males=4_nmar=3,FG_theta_zero_feeding,65,9,-99,4,3
0.054,11,0,0,38.418385569980046,283.13539764386286,36.80398129006764,12,1.2,0.45370370370370433,158,D_pmar=0.054_dist=100_repair_6_males=4_nmar=3,FG_theta_zero_feeding,61,13,-99,4,3
0.054,12,0,100,38.620345918283974,247.251767911185,73.06990322679381,6,0.6,0.46849981246709926,158,D_pmar=0.054_dist=100_repair_6_males=4_nmar=3,FG_theta_zero_feeding,69,17,-99,4,3
0,4,100,0,40.92108891990077,246.16581967454184,73.00640117408214,0,0,0,158,D_pmar=0.054_dist=100_repair_6_males=4_nmar=3,FG_theta_zero_feeding,110,8,-99,4,3
0.054,9,100,100,38.49615219193412,288.52943505272907,30.832956108149663,17,1.7000000000000004,0.6033606565176145,158,D_pmar=0.054_dist=100_repair_6_males=4_nmar=3,FG_theta_zero_feeding,51,14,-99,4,3
0.054,7,0,0,0,359.36899110319985,0,0,0,0.6571912907674735,159,D_pmar=0.054_dist=100_repair_6_males=4_nmar=3,FG_theta_zero_feeding,86,7,-99,4,3
0.054,10,0,100,0,359.4276683235957,0,0,0,0.7170474583051336,159,D_pmar=0.054_dist=100_repair_6_males=4_nmar=3,FG_theta_zero_feeding,79,10,-99,4,3
0,7,100,0,0,360.1451571899225,0,0,0,0,159,D_pmar=0.054_dist=100_repair_6_males=4_nmar=3,FG_theta_zero_feeding,129,7,-99,4,3
0.054,12,100,100,0,359.4458715468583,0,0,0,0.6924469559950189,159,D_pmar=0.054_dist=100_repair_6_males=4_nmar=3,FG_theta_zero_feeding,94,12,-99,4,3
0.054,10,0,0,0,359.48335214784186,0,0,0,0.5601851851851862,15,D_pmar=0.054_dist=100_repair_6_males=4_nmar=3,FG_theta_zero_feeding,78,10,-99,4,3
0,8,0,100,0,360.18726951091855,0,0,0,0,15,D_pmar=0.054_dist=100_repair_6_males=4_nmar=3,FG_theta_zero_feeding,108,8,-99,4,3
0.054,7,100,0,0,359.530662768643,0,0,0,0.6643401605697157,15,D_pmar=0.054_dist=100_repair_6_males=4_nmar=3,FG_theta_zero_feeding,76,7,-99,4,3
0.054,11,100,100,0,359.53056431124,0,0,0,0.5417231171704626,15,D_pmar=0.054_dist=100_repair_6_males=4_nmar=3,FG_theta_zero_feeding,93,12,-99,4,3
0,12,0,0,0,360.1116666291382,0,0,0,0,160,D_pmar=0.054_dist=100_repair_6_males=4_nmar=3,FG_theta_zero_feeding,131,12,-99,4,3
0.054,8,0,100,0,359.5641392672344,0,0,0,0.5564063249262674,160,D_pmar=0.054_dist=100_repair_6_males=4_nmar=3,FG_theta_zero_feeding,86,8,-99,4,3
0.054,7,100,0,0,359.63775678755513,0,0,0,0.6938993101569852,160,D_pmar=0.054_dist=100_repair_6_males=4_nmar=3,FG_theta_zero_feeding,63,7,-99,4,3
0.054,9,100,100,0,359.7163988179839,0,0,0,0.6175785630540287,160,D_pmar=0.054_dist=100_repair_6_males=4_nmar=3,FG_theta_zero_feeding,75,9,-99,4,3
0,8,0,0,0,360.07201781049866,0,0,0,0,161,D_pmar=0.054_dist=100_repair_6_males=4_nmar=3,FG_theta_zero_feeding,138,8,-99,4,3
0.054,9,0,100,0,359.4761425182422,0,0,0,0.6624225051883588,161,D_pmar=0.054_dist=100_repair_6_males=4_nmar=3,FG_theta_zero_feeding,83,9,-99,4,3
0.054,8,100,0,0,359.51771257083595,0,0,0,0.6661779828830023,161,D_pmar=0.054_dist=100_repair_6_males=4_nmar=3,FG_theta_zero_feeding,79,8,-99,4,3
0.054,11,100,100,0,359.58758574192325,0,0,0,0.6111111111111124,161,D_pmar=0.054_dist=100_repair_6_males=4_nmar=3,FG_theta_zero_feeding,73,11,-99,4,3
0.054,9,0,0,0,359.5440452017323,0,0,0,0.6064016484134124,162,D_pmar=0.054_dist=100_repair_6_males=4_nmar=3,FG_theta_zero_feeding,89,9,-99,4,3
0.054,9,0,100,0,359.32065209727205,0,0,0,0.6903930170417966,162,D_pmar=0.054_dist=100_repair_6_males=4_nmar=3,FG_theta_zero_feeding,71,9,-99,4,3
0,10,100,0,0,360.1042846661126,0,0,0,0,162,D_pmar=0.054_dist=100_repair_6_males=4_nmar=3,FG_theta_zero_feeding,123,10,-99,4,3
0.054,8,100,100,0,359.4302417573114,0,0,0,0.7806591035374371,162,D_pmar=0.054_dist=100_repair_6_males=4_nmar=3,FG_theta_zero_feeding,92,8,-99,4,3
0.054,5,0,0,0,359.437065521156,0,0,0,0.6119618804818232,163,D_pmar=0.054_dist=100_repair_6_males=4_nmar=3,FG_theta_zero_feeding,81,5,-99,4,3
0.054,10,0,100,0,359.4285582064911,0,0,0,0.6118255969099581,163,D_pmar=0.054_dist=100_repair_6_males=4_nmar=3,FG_theta_zero_feeding,73,10,-99,4,3
0,10,100,0,0,360.0034790516462,0,0,0,0,163,D_pmar=0.054_dist=100_repair_6_males=4_nmar=3,FG_theta_zero_feeding,119,10,-99,4,3
0.054,11,100,100,0,359.48786749294476,0,0,0,0.6081265697191095,163,D_pmar=0.054_dist=100_repair_6_males=4_nmar=3,FG_theta_zero_feeding,85,11,-99,4,3
0.054,10,0,0,0,359.42013088540585,0,0,0,0.5864307757329275,164,D_pmar=0.054_dist=100_repair_6_males=4_nmar=3,FG_theta_zero_feeding,80,10,-99,4,3
0.054,9,0,100,0,359.4268283247103,0,0,0,0.6203703703703717,164,D_pmar=0.054_dist=100_repair_6_males=4_nmar=3,FG_theta_zero_feeding,83,9,-99,4,3
0,9,100,0,0,360.29600864946343,0,0,0,0,164,D_pmar=0.054_dist=100_repair_6_males=4_nmar=3,FG_theta_zero_feeding,124,9,-99,4,3
0.054,8,100,100,0,359.42993439986657,0,0,0,0.6846400508977261,164,D_pmar=0.054_dist=100_repair_6_males=4_nmar=3,FG_theta_zero_feeding,88,8,-99,4,3
0.054,6,0,0,0,359.52293544835345,0,0,0,0.5905951041431667,165,D_pmar=0.054_dist=100_repair_6_males=4_nmar=3,FG_theta_zero_feeding,77,6,-99,4,3
0,11,0,100,0,360.21755377072185,0,0,0,0,165,D_pmar=0.054_dist=100_repair_6_males=4_nmar=3,FG_theta_zero_feeding,114,11,-99,4,3
0.054,12,100,0,0,359.3054595874458,0,0,0,0.6993797091573257,165,D_pmar=0.054_dist=100_repair_6_males=4_nmar=3,FG_theta_zero_feeding,94,12,-99,4,3
0.054,7,100,100,0,359.4082395793029,0,0,0,0.649849686889571,165,D_pmar=0.054_dist=100_repair_6_males=4_nmar=3,FG_theta_zero_feeding,64,7,-99,4,3
0.054,7,0,0,38.77601733521111,295.5292284733625,24.288262518603,11,1.1,0.5177806501553985,166,D_pmar=0.054_dist=100_repair_6_males=4_nmar=3,FG_theta_zero_feeding,55,12,-99,4,3
0,12,0,100,34.57271922529885,289.0487194402754,36.42660355930415,0,0,0,166,D_pmar=0.054_dist=100_repair_6_males=4_nmar=3,FG_theta_zero_feeding,108,14,-99,4,3
0.054,9,100,0,39.40525380499383,289.0860517748632,30.62223197195101,5,0.5,0.4212962962962968,166,D_pmar=0.054_dist=100_repair_6_males=4_nmar=3,FG_theta_zero_feeding,64,10,-99,4,3
0.054,8,100,100,38.13289200935452,277.8630203847799,42.86185364569706,6,0.6,0.621141306673012,166,D_pmar=0.054_dist=100_repair_6_males=4_nmar=3,FG_theta_zero_feeding,69,11,-99,4,3
0.054,6,0,0,0,359.62492597918987,0,0,0,0.5555555555555566,167,D_pmar=0.054_dist=100_repair_6_males=4_nmar=3,FG_theta_zero_feeding,68,6,-99,4,3
0.054,10,0,100,0,359.4314905130327,0,0,0,0.6180438642734192,167,D_pmar=0.054_dist=100_repair_6_males=4_nmar=3,FG_theta_zero_feeding,74,10,-99,4,3
0,9,100,0,0,360.0233162580903,0,0,0,0,167,D_pmar=0.054_dist=100_repair_6_males=4_nmar=3,FG_theta_zero_feeding,145,9,-99,4,3
0.054,11,100,100,0,359.35533478550786,0,0,0,0.7428277476334841,167,D_pmar=0.054_dist=100_repair_6_males=4_nmar=3,FG_theta_zero_feeding,76,11,-99,4,3
0.054,10,0,0,0,359.28962111167243,0,0,0,0.7224714068016791,16,D_pmar=0.054_dist=100_repair_6_males=4_nmar=3,FG_theta_zero_feeding,91,10,-99,4,3
0.054,11,0,100,0,359.4100898390592,0,0,0,0.7089679860641103,16,D_pmar=0.054_dist=100_repair_6_males=4_nmar=3,FG_theta_zero_feeding,90,11,-99,4,3
0.054,6,100,0,0,359.56101305569615,0,0,0,0.5555555555555566,16,D_pmar=0.054_dist=100_repair_6_males=4_nmar=3,FG_theta_zero_feeding,82,6,-99,4,3
0,9,100,100,0,360.09117743706014,0,0,0,0,16,D_pmar=0.054_dist=100_repair_6_males=4_nmar=3,FG_theta_zero_feeding,114,9,-99,4,3
0,6,0,0,0,360.1742621032239,0,0,0,0,170,D_pmar=0.054_dist=100_repair_6_males=4_nmar=3,FG_theta_zero_feeding,120,6,-99,4,3
0.054,7,0,100,0,359.4991623283014,0,0,0,0.5555555555555566,170,D_pmar=0.054_dist=100_repair_6_males=4_nmar=3,FG_theta_zero_feeding,91,7,-99,4,3
0.054,13,100,0,0,359.3789292705591,0,1,0.1,0.6491916515945202,170,D_pmar=0.054_dist=100_repair_6_males=4_nmar=3,FG_theta_zero_feeding,91,13,-99,4,3
0.054,10,100,100,0,353.4374901937788,6.071367470294704,0,0,0.6373567016588536,170,D_pmar=0.054_dist=100_repair_6_males=4_nmar=3,FG_theta_zero_feeding,64,10,-99,4,3
0,5,0,0,0,360.11116081154603,0,0,0,0,171,D_pmar=0.054_dist=100_repair_6_males=4_nmar=3,FG_theta_zero_feeding,131,5,-99,4,3
0.054,5,0,100,0,359.53019928946395,0,0,0,0.6481481481481496,171,D_pmar=0.054_dist=100_repair_6_males=4_nmar=3,FG_theta_zero_feeding,80,5,-99,4,3
0.054,12,100,0,0,359.4346941113062,0,0,0,0.6330560896767493,171,D_pmar=0.054_dist=100_repair_6_males=4_nmar=3,FG_theta_zero_feeding,104,12,-99,4,3
0.054,14,100,100,0,359.34486446348683,0,0,0,0.7047472071500762,171,D_pmar=0.054_dist=100_repair_6_males=4_nmar=3,FG_theta_zero_feeding,80,14,-99,4,3
0,10,0,0,0,360.0624901569588,0,0,0,0,172,D_pmar=0.054_dist=100_repair_6_males=4_nmar=3,FG_theta_zero_feeding,96,10,-99,4,3
0.054,6,0,100,0,359.4829492784729,0,0,0,0.564076946451695,172,D_pmar=0.054_dist=100_repair_6_males=4_nmar=3,FG_theta_zero_feeding,68,6,-99,4,3
0.054,11,100,0,0,359.65056578533375,0,0,0,0.5423811524655132,172,D_pmar=0.054_dist=100_repair_6_males=4_nmar=3,FG_theta_zero_feeding,69,11,-99,4,3
0.054,9,100,100,0,359.5367347698186,0,0,0,0.5120276840113278,172,D_pmar=0.054_dist=100_repair_6_males=4_nmar=3,FG_theta_zero_feeding,76,9,-99,4,3
0.054,8,0,0,40.82996490388073,291.0321197925804,26.335265350773376,12,1.2,0.6053347624027663,174,D_pmar=0.054_dist=100_repair_6_males=4_nmar=3,FG_theta_zero_feeding,53,10,-99,4,3
0.054,5,0,100,37.32668337469571,272.8616310853645,48.98597975758316,5,0.5,0.3888888888888892,174,D_pmar=0.054_dist=100_repair_6_males=4_nmar=3,FG_theta_zero_feeding,68,7,-99,4,3
0,8,100,0,37.78848978053859,263.95112129744496,58.399371087550975,0,0,0,174,D_pmar=0.054_dist=100_repair_6_males=4_nmar=3,FG_theta_zero_feeding,109,13,-99,4,3
0.054,15,100,100,38.61588540519275,274.81933615211744,44.662109169358914,14,1.4,0.5436407725518196,174,D_pmar=0.054_dist=100_repair_6_males=4_nmar=3,FG_theta_zero_feeding,62,18,-99,4,3
0,11,0,0,40.863163698456546,260.07329166665056,59.19629295927592,0,0,0,175,D_pmar=0.054_dist=100_repair_6_males=4_nmar=3,FG_theta_zero_feeding,111,18,-99,4,3
0.054,8,0,100,39.22231725222757,277.00906438205226,42.67158764118329,8,0.7999999999999999,0.4305555555555561,175,D_pmar=0.054_dist=100_repair_6_males=4_nmar=3,FG_theta_zero_feeding,75,9,-99,4,3
0.054,11,100,0,39.44354961064017,282.92622578992757,36.499908379219086,7,0.7,0.4858385439673815,175,D_pmar=0.054_dist=100_repair_6_males=4_nmar=3,FG_theta_zero_feeding,60,18,-99,4,3
0.054,6,100,100,38.395543113540555,276.76772388726084,42.86482737773544,15,1.5000000000000002,0.6716019313795478,175,D_pmar=0.054_dist=100_repair_6_males=4_nmar=3,FG_theta_zero_feeding,56,9,-99,4,3
0.054,8,0,0,0,359.52642171833173,0,0,0,0.6257144857988468,176,D_pmar=0.054_dist=100_repair_6_males=4_nmar=3,FG_theta_zero_feeding,83,8,-99,4,3
0,11,0,100,0,360.1064049619505,0,0,0,0,176,D_pmar=0.054_dist=100_repair_6_males=4_nmar=3,FG_theta_zero_feeding,113,11,-99,4,3
0.054,10,100,0,0,359.5105949966011,0,0,0,0.5845131203515707,176,D_pmar=0.054_dist=100_repair_6_males=4_nmar=3,FG_theta_zero_feeding,83,10,-99,4,3
0.054,7,100,100,0,359.7182865574555,0,0,0,0.6245911492844058,176,D_pmar=0.054_dist=100_repair_6_males=4_nmar=3,FG_theta_zero_feeding,73,7,-99,4,3
0.054,10,0,0,37.186621597029635,290.70287244224653,30.981471251315767,7,0.7,0.4907971912445365,177,D_pmar=0.054_dist=100_repair_6_males=4_nmar=3,FG_theta_zero_feeding,50,15,-99,4,3
0.054,9,0,100,38.33763617642675,265.2304284348972,55.10460323164453,9,0.8999999999999999,0.49972743285627047,177,D_pmar=0.054_dist=100_repair_6_males=4_nmar=3,FG_theta_zero_feeding,61,11,-99,4,3
0.054,11,100,0,38.16691344106759,271.30080033609596,48.763288204574295,14,1.4,0.3842592592592596,177,D_pmar=0.054_dist=100_repair_6_males=4_nmar=3,FG_theta_zero_feeding,83,15,-99,4,3
0,6,100,100,40.9037750224879,269.9202221639662,49.230377444404525,0,0,0,177,D_pmar=0.054_dist=100_repair_6_males=4_nmar=3,FG_theta_zero_feeding,81,13,-99,4,3
0,7,0,0,0,360.132460270852,0,0,0,0,178,D_pmar=0.054_dist=100_repair_6_males=4_nmar=3,FG_theta_zero_feeding,105,7,-99,4,3
0.054,9,0,100,0,359.69859164342614,0,0,0,0.4726076903735432,178,D_pmar=0.054_dist=100_repair_6_males=4_nmar=3,FG_theta_zero_feeding,81,9,-99,4,3
0.054,14,100,0,0,359.4228700186453,0,0,0,0.5913894230100825,178,D_pmar=0.054_dist=100_repair_6_males=4_nmar=3,FG_theta_zero_feeding,71,14,-99,4,3
0.054,6,100,100,0,359.5054513030366,0,0,0,0.5798834907219409,178,D_pmar=0.054_dist=100_repair_6_males=4_nmar=3,FG_theta_zero_feeding,55,6,-99,4,3
0.054,4,0,0,0,359.47810103729705,0,0,0,0.6917090876318979,179,D_pmar=0.054_dist=100_repair_6_males=4_nmar=3,FG_theta_zero_feeding,76,4,-99,4,3
0,12,0,100,0,360.13531050578973,0,0,0,0,179,D_pmar=0.054_dist=100_repair_6_males=4_nmar=3,FG_theta_zero_feeding,103,12,-99,4,3
0.054,7,100,0,0,359.45057479589974,0,1,0.1,0.5185185185185194,179,D_pmar=0.054_dist=100_repair_6_males=4_nmar=3,FG_theta_zero_feeding,96,7,-99,4,3
0.054,13,100,100,0,353.3629891288568,6.04139659838018,0,0,0.6303441154284766,179,D_pmar=0.054_dist=100_repair_6_males=4_nmar=3,FG_theta_zero_feeding,77,13,-99,4,3
0,10,0,0,0,360.1087973660591,0,0,0,0,17,D_pmar=0.054_dist=100_repair_6_males=4_nmar=3,FG_theta_zero_feeding,122,10,-99,4,3
0.054,12,0,100,0,359.41768143554225,0,0,0,0.6358245144288168,17,D_pmar=0.054_dist=100_repair_6_males=4_nmar=3,FG_theta_zero_feeding,78,12,-99,4,3
0.054,6,100,0,0,359.4723004441093,0,0,0,0.5921837418769982,17,D_pmar=0.054_dist=100_repair_6_males=4_nmar=3,FG_theta_zero_feeding,70,6,-99,4,3
0.054,8,100,100,0,359.3930683791346,0,0,0,0.6360970815725472,17,D_pmar=0.054_dist=100_repair_6_males=4_nmar=3,FG_theta_zero_feeding,73,8,-99,4,3
0,10,0,0,0,360.15992018878006,0,0,0,0,180,D_pmar=0.054_dist=100_repair_6_males=4_nmar=3,FG_theta_zero_feeding,124,10,-99,4,3
0.054,7,0,100,0,359.515141400692,0,0,0,0.6562042378248976,180,D_pmar=0.054_dist=100_repair_6_males=4_nmar=3,FG_theta_zero_feeding,86,8,-99,4,3
0.054,8,100,0,0,359.43242339922267,0,0,0,0.6673811524655137,180,D_pmar=0.054_dist=100_repair_6_males=4_nmar=3,FG_theta_zero_feeding,97,8,-99,4,3
0.054,11,100,100,0,359.33274404444666,0,0,0,0.7801938023180466,180,D_pmar=0.054_dist=100_repair_6_males=4_nmar=3,FG_theta_zero_feeding,77,11,-99,4,3
0,15,0,0,0,360.12487364955547,0,0,0,0,181,D_pmar=0.054_dist=100_repair_6_males=4_nmar=3,FG_theta_zero_feeding,113,15,-99,4,3
0.054,5,0,100,0,359.4213181676763,0,0,0,0.6330560896767491,181,D_pmar=0.054_dist=100_repair_6_males=4_nmar=3,FG_theta_zero_feeding,89,5,-99,4,3
0.054,7,100,0,0,359.5086302407477,0,0,0,0.5667889206999678,181,D_pmar=0.054_dist=100_repair_6_males=4_nmar=3,FG_theta_zero_feeding,78,7,-99,4,3
0.054,9,100,100,0,359.5352827627064,0,0,0,0.6442330043173655,181,D_pmar=0.054_dist=100_repair_6_males=4_nmar=3,FG_theta_zero_feeding,74,9,-99,4,3
0.054,10,0,0,0,359.57253651159357,0,0,0,0.7648525592671912,182,D_pmar=0.054_dist=100_repair_6_males=4_nmar=3,FG_theta_zero_feeding,81,10,-99,4,3
0.054,11,0,100,0,359.46770248325805,0,1,0.1,0.5648148148148159,182,D_pmar=0.054_dist=100_repair_6_males=4_nmar=3,FG_theta_zero_feeding,83,11,-99,4,3
0.054,9,100,0,0,353.34519710412775,6.10616233436396,0,0,0.5628173263653887,182,D_pmar=0.054_dist=100_repair_6_males=4_nmar=3,FG_theta_zero_feeding,87,9,-99,4,3
0,6,100,100,0,360.3373170870672,0,0,0,0,182,D_pmar=0.054_dist=100_repair_6_males=4_nmar=3,FG_theta_zero_feeding,106,6,-99,4,3
0.054,9,0,0,0,359.37957233854803,0,0,0,0.7205537514203221,183,D_pmar=0.054_dist=100_repair_6_males=4_nmar=3,FG_theta_zero_feeding,69,9,-99,4,3
0,14,0,100,0,360.0711368305902,0,0,0,0,183,D_pmar=0.054_dist=100_repair_6_males=4_nmar=3,FG_theta_zero_feeding,129,14,-99,4,3
0.054,6,100,0,0,359.2759043836473,0,0,0,0.7258978668487972,183,D_pmar=0.054_dist=100_repair_6_males=4_nmar=3,FG_theta_zero_feeding,90,6,-99,4,3
0.054,7,100,100,0,359.49545691205566,0,0,0,0.641850047716618,183,D_pmar=0.054_dist=100_repair_6_males=4_nmar=3,FG_theta_zero_feeding,91,7,-99,4,3
0,5,0,0,0,360.1215330306667,0,0,0,0,184,D_pmar=0.054_dist=100_repair_6_males=4_nmar=3,FG_theta_zero_feeding,142,5,-99,4,3
0.054,7,0,100,0,359.36458575788134,0,0,0,0.7124178286755039,184,D_pmar=0.054_dist=100_repair_6_males=4_nmar=3,FG_theta_zero_feeding,72,7,-99,4,3
0.054,12,100,0,0,359.68161551220953,0,0,0,0.5740740740740752,184,D_pmar=0.054_dist=100_repair_6_males=4_nmar=3,FG_theta_zero_feeding,81,12,-99,4,3
0.054,12,100,100,0,359.2409411537288,0,0,0,0.7678935511629894,184,D_pmar=0.054_dist=100_repair_6_males=4_nmar=3,FG_theta_zero_feeding,92,12,-99,4,3
0,11,0,0,0,360.0665126799196,0,0,0,0,185,D_pmar=0.054_dist=100_repair_6_males=4_nmar=3,FG_theta_zero_feeding,121,11,-99,4,3
0.054,10,0,100,0,353.4493273063594,6.093925178275785,0,0,0.5710895326820721,185,D_pmar=0.054_dist=100_repair_6_males=4_nmar=3,FG_theta_zero_feeding,90,10,-99,4,3
0.054,7,100,0,0,359.55109691650847,0,0,0,0.5275052106340483,185,D_pmar=0.054_dist=100_repair_6_males=4_nmar=3,FG_theta_zero_feeding,90,7,-99,4,3
0.054,8,100,100,0,359.3658592936073,0,1,0.1,0.7864120696815078,185,D_pmar=0.054_dist=100_repair_6_males=4_nmar=3,FG_theta_zero_feeding,49,8,-99,4,3
0.054,8,0,0,0,359.63770111743486,0,0,0,0.48074361311836145,186,D_pmar=0.054_dist=100_repair_6_males=4_nmar=3,FG_theta_zero_feeding,75,8,-99,4,3
0,11,0,100,0,360.03011730991636,0,0,0,0,186,D_pmar=0.054_dist=100_repair_6_males=4_nmar=3,FG_theta_zero_feeding,112,11,-99,4,3
0.054,8,100,0,0,359.52682406282327,0,0,0,0.5416666666666676,186,D_pmar=0.054_dist=100_repair_6_males=4_nmar=3,FG_theta_zero_feeding,75,8,-99,4,3
0.054,9,100,100,0,359.5041114528071,0,0,0,0.6797378541243659,186,D_pmar=0.054_dist=100_repair_6_males=4_nmar=3,FG_theta_zero_feeding,63,9,-99,4,3
0,12,0,0,0,360.0592166549961,0,0,0,0,187,D_pmar=0.054_dist=100_repair_6_males=4_nmar=3,FG_theta_zero_feeding,143,12,-99,4,3
0.054,12,0,100,0,359.46060855494784,0,0,0,0.6643401605697157,187,D_pmar=0.054_dist=100_repair_6_males=4_nmar=3,FG_theta_zero_feeding,89,12,-99,4,3
0.054,6,100,0,0,359.2180804100584,0,0,0,0.8087658989627401,187,D_pmar=0.054_dist=100_repair_6_males=4_nmar=3,FG_theta_zero_feeding,83,6,-99,4,3
0.054,6,100,100,0,359.2933335831965,0,0,0,0.7355659768236522,187,D_pmar=0.054_dist=100_repair_6_males=4_nmar=3,FG_theta_zero_feeding,90,6,-99,4,3
0,5,0,0,0,360.092107163278,0,0,0,0,188,D_pmar=0.054_dist=100_repair_6_males=4_nmar=3,FG_theta_zero_feeding,126,5,-99,4,3
0.054,10,0,100,0,359.42635335104393,0,1,0.1,0.6919816547756286,188,D_pmar=0.054_dist=100_repair_6_males=4_nmar=3,FG_theta_zero_feeding,77,10,-99,4,3
0.054,10,100,0,0,359.4393638584084,0,0,0,0.5833333333333345,188,D_pmar=0.054_dist=100_repair_6_males=4_nmar=3,FG_theta_zero_feeding,82,10,-99,4,3
0.054,11,100,100,0,353.2382729848091,6.045476588380192,0,0,0.7621405850189185,188,D_pmar=0.054_dist=100_repair_6_males=4_nmar=3,FG_theta_zero_feeding,100,11,-99,4,3
0.054,10,0,0,0,359.56971912862883,0,0,0,0.7174329264564537,189,D_pmar=0.054_dist=100_repair_6_males=4_nmar=3,FG_theta_zero_feeding,86,10,-99,4,3
0,10,0,100,0,360.0420572654284,0,0,0,0,189,D_pmar=0.054_dist=100_repair_6_males=4_nmar=3,FG_theta_zero_feeding,127,10,-99,4,3
0.054,9,100,0,0,359.48519706596164,0,0,0,0.637685719306379,189,D_pmar=0.054_dist=100_repair_6_males=4_nmar=3,FG_theta_zero_feeding,80,9,-99,4,3
0.054,7,100,100,0,359.33044787813134,0,0,0,0.7263067175643927,189,D_pmar=0.054_dist=100_repair_6_males=4_nmar=3,FG_theta_zero_feeding,87,7,-99,4,3
0.054,10,0,0,0,359.29289530020935,0,0,0,0.7191013972583558,18,D_pmar=0.054_dist=100_repair_6_males=4_nmar=3,FG_theta_zero_feeding,69,10,-99,4,3
0.054,8,0,100,0,359.4536936709865,0,0,0,0.5775005341211936,18,D_pmar=0.054_dist=100_repair_6_males=4_nmar=3,FG_theta_zero_feeding,106,8,-99,4,3
0,8,100,0,0,360.08743347909734,0,0,0,0,18,D_pmar=0.054_dist=100_repair_6_males=4_nmar=3,FG_theta_zero_feeding,109,8,-99,4,3
0.054,10,100,100,0,359.48649400996123,0,0,0,0.5324074074074083,18,D_pmar=0.054_dist=100_repair_6_males=4_nmar=3,FG_theta_zero_feeding,80,10,-99,4,3
0,7,0,0,0,360.07184880128506,0,0,0,0,190,D_pmar=0.054_dist=100_repair_6_males=4_nmar=3,FG_theta_zero_feeding,113,7,-99,4,3
0.054,13,0,100,0,359.48713719402986,0,0,0,0.6169205277589781,190,D_pmar=0.054_dist=100_repair_6_males=4_nmar=3,FG_theta_zero_feeding,70,13,-99,4,3
0.054,10,100,0,0,359.504110431507,0,0,0,0.6107587108993118,190,D_pmar=0.054_dist=100_repair_6_males=4_nmar=3,FG_theta_zero_feeding,62,10,-99,4,3
0.054,6,100,100,0,359.7709710379398,0,0,0,0.4927148466258934,190,D_pmar=0.054_dist=100_repair_6_males=4_nmar=3,FG_theta_zero_feeding,74,6,-99,4,3
0.054,10,0,0,0,359.4522788440648,0,0,0,0.6241258480650154,191,D_pmar=0.054_dist=100_repair_6_males=4_nmar=3,FG_theta_zero_feeding,73,10,-99,4,3
0.054,9,0,100,0,359.418607265212,0,1,0.1,0.5675832395668836,191,D_pmar=0.054_dist=100_repair_6_males=4_nmar=3,FG_theta_zero_feeding,74,9,-99,4,3
0.054,7,100,0,0,353.2707526662246,6.13090487486192,0,0,0.626837822313288,191,D_pmar=0.054_dist=100_repair_6_males=4_nmar=3,FG_theta_zero_feeding,72,8,-99,4,3
0,10,100,100,0,360.2127610065215,0,0,0,0,191,D_pmar=0.054_dist=100_repair_6_males=4_nmar=3,FG_theta_zero_feeding,127,10,-99,4,3
0.054,6,0,0,0,359.48770308724943,0,0,0,0.629629629629631,192,D_pmar=0.054_dist=100_repair_6_males=4_nmar=3,FG_theta_zero_feeding,77,6,-99,4,3
0.054,9,0,100,0,359.4731627505317,0,0,0,0.636947850943258,192,D_pmar=0.054_dist=100_repair_6_males=4_nmar=3,FG_theta_zero_feeding,94,9,-99,4,3
0,12,100,0,0,360.14502163859567,0,0,0,0,192,D_pmar=0.054_dist=100_repair_6_males=4_nmar=3,FG_theta_zero_feeding,106,12,-99,4,3
0.054,9,100,100,0,359.4730701282537,0,0,0,0.6522326434903185,192,D_pmar=0.054_dist=100_repair_6_males=4_nmar=3,FG_theta_zero_feeding,89,9,-99,4,3
0.054,10,0,0,0,359.41133805249183,0,0,0,0.6250000000000013,193,D_pmar=0.054_dist=100_repair_6_males=4_nmar=3,FG_theta_zero_feeding,66,10,-99,4,3
0.054,10,0,100,0,359.3790962378482,0,0,0,0.6649981958647664,193,D_pmar=0.054_dist=100_repair_6_males=4_nmar=3,FG_theta_zero_feeding,77,10,-99,4,3
0.054,8,100,0,0,359.49360550365867,0,0,0,0.6364825497238675,193,D_pmar=0.054_dist=100_repair_6_males=4_nmar=3,FG_theta_zero_feeding,95,8,-99,4,3
0,8,100,100,0,360.0686299549816,0,0,0,0,193,D_pmar=0.054_dist=100_repair_6_males=4_nmar=3,FG_theta_zero_feeding,128,8,-99,4,3
0,7,0,0,0,360.08110755614143,0,0,0,0,194,D_pmar=0.054_dist=100_repair_6_males=4_nmar=3,FG_theta_zero_feeding,126,7,-99,4,3
0.054,6,0,100,0,359.34135948954787,0,1,0.1,0.7081736671971944,194,D_pmar=0.054_dist=100_repair_6_males=4_nmar=3,FG_theta_zero_feeding,67,6,-99,4,3
0.054,10,100,0,0,353.4138718268595,6.08691615361336,0,0,0.5362991686739171,194,D_pmar=0.054_dist=100_repair_6_males=4_nmar=3,FG_theta_zero_feeding,78,11,-99,4,3
0.054,13,100,100,0,359.55121045049196,0,0,0,0.5740740740740752,194,D_pmar=0.054_dist=100_repair_6_males=4_nmar=3,FG_theta_zero_feeding,75,13,-99,4,3
0,10,0,0,0,360.0031397018831,0,0,0,0,195,D_pmar=0.054_dist=100_repair_6_males=4_nmar=3,FG_theta_zero_feeding,140,10,-99,4,3
0.054,9,0,100,0,359.41515249460633,0,0,0,0.5879629629629641,195,D_pmar=0.054_dist=100_repair_6_males=4_nmar=3,FG_theta_zero_feeding,84,9,-99,4,3
0.054,6,100,0,0,359.4286957641274,0,0,0,0.6573275743393386,195,D_pmar=0.054_dist=100_repair_6_males=4_nmar=3,FG_theta_zero_feeding,92,6,-99,4,3
0.054,11,100,100,0,359.21021538545534,0,0,0,0.8422966428845889,195,D_pmar=0.054_dist=100_repair_6_males=4_nmar=3,FG_theta_zero_feeding,79,11,-99,4,3
0,9,0,0,0,360.0393914986689,0,0,0,0,196,D_pmar=0.054_dist=100_repair_6_males=4_nmar=3,FG_theta_zero_feeding,118,9,-99,4,3
0.054,9,0,100,0,359.3408074979633,0,0,0,0.7093768367797058,196,D_pmar=0.054_dist=100_repair_6_males=4_nmar=3,FG_theta_zero_feeding,91,9,-99,4,3
0.054,9,100,0,0,359.4756863687585,0,0,0,0.6649981958647662,196,D_pmar=0.054_dist=100_repair_6_males=4_nmar=3,FG_theta_zero_feeding,89,9,-99,4,3
0.054,9,100,100,0,359.3736121393477,0,0,0,0.7471283596155885,196,D_pmar=0.054_dist=100_repair_6_males=4_nmar=3,FG_theta_zero_feeding,89,9,-99,4,3
0.054,11,0,0,0,359.4997385982191,0,0,0,0.6025663376506986,197,D_pmar=0.054_dist=100_repair_6_males=4_nmar=3,FG_theta_zero_feeding,75,11,-99,4,3
0,3,0,100,0,360.10210678025686,0,0,0,0,197,D_pmar=0.054_dist=100_repair_6_males=4_nmar=3,FG_theta_zero_feeding,110,3,-99,4,3
0.054,8,100,0,0,359.3976677046302,0,0,0,0.659903265015746,197,D_pmar=0.054_dist=100_repair_6_males=4_nmar=3,FG_theta_zero_feeding,78,8,-99,4,3
0.054,14,100,100,0,359.3628017402994,0,0,0,0.7043383564344805,197,D_pmar=0.054_dist=100_repair_6_males=4_nmar=3,FG_theta_zero_feeding,91,14,-99,4,3
0.054,6,0,0,0,359.45888637007073,0,0,0,0.6280176093315241,198,D_pmar=0.054_dist=100_repair_6_males=4_nmar=3,FG_theta_zero_feeding,78,6,-99,4,3
0,12,0,100,0,360.2020348333153,0,0,0,0,198,D_pmar=0.054_dist=100_repair_6_males=4_nmar=3,FG_theta_zero_feeding,124,12,-99,4,3
0.054,8,100,0,0,359.3434044512932,0,0,0,0.6739284374765002,198,D_pmar=0.054_dist=100_repair_6_males=4_nmar=3,FG_theta_zero_feeding,76,8,-99,4,3
0.054,10,100,100,0,359.73713933496236,0,0,0,0.537037037037038,198,D_pmar=0.054_dist=100_repair_6_males=4_nmar=3,FG_theta_zero_feeding,72,10,-99,4,3
0.054,6,0,0,0,359.2737051173425,0,0,0,0.7940826912069355,199,D_pmar=0.054_dist=100_repair_6_males=4_nmar=3,FG_theta_zero_feeding,85,6,-99,4,3
0.054,11,0,100,0,359.45878114166055,0,0,0,0.5925925925925938,199,D_pmar=0.054_dist=100_repair_6_males=4_nmar=3,FG_theta_zero_feeding,80,11,-99,4,3
0.054,7,100,0,0,359.63421497291404,0,0,0,0.6685044889799548,199,D_pmar=0.054_dist=100_repair_6_males=4_nmar=3,FG_theta_zero_feeding,91,7,-99,4,3
0,12,100,100,0,360.02184587884204,0,0,0,0,199,D_pmar=0.054_dist=100_repair_6_males=4_nmar=3,FG_theta_zero_feeding,132,12,-99,4,3
0,4,0,0,0,360.059320175389,0,0,0,0,19,D_pmar=0.054_dist=100_repair_6_males=4_nmar=3,FG_theta_zero_feeding,108,4,-99,4,3
0.054,5,0,100,0,359.6512280596213,0,0,0,0.4861111111111119,19,D_pmar=0.054_dist=100_repair_6_males=4_nmar=3,FG_theta_zero_feeding,83,5,-99,4,3
0.054,15,100,0,0,359.3304434328582,0,0,0,0.6739284374765003,19,D_pmar=0.054_dist=100_repair_6_males=4_nmar=3,FG_theta_zero_feeding,84,16,-99,4,3
0.054,12,100,100,0,359.42257564108996,0,0,0,0.6044839930320557,19,D_pmar=0.054_dist=100_repair_6_males=4_nmar=3,FG_theta_zero_feeding,73,12,-99,4,3
0.054,9,0,0,0,353.73768970661393,6.007151366321047,0,0,0.5775005341211935,200,D_pmar=0.054_dist=100_repair_6_males=4_nmar=3,FG_theta_zero_feeding,80,9,-99,4,3
0.054,11,0,100,0,359.5890696441776,0,0,0,0.5096447274105804,200,D_pmar=0.054_dist=100_repair_6_males=4_nmar=3,FG_theta_zero_feeding,70,11,-99,4,3
0,10,100,0,0,360.024258670603,0,0,0,0,200,D_pmar=0.054_dist=100_repair_6_males=4_nmar=3,FG_theta_zero_feeding,122,10,-99,4,3
0.054,6,100,100,0,359.3272641336986,0,1,0.1,0.6950226466714263,200,D_pmar=0.054_dist=100_repair_6_males=4_nmar=3,FG_theta_zero_feeding,62,6,-99,4,3
0.054,10,0,0,0,359.3256740604831,0,0,0,0.7448816865867064,201,D_pmar=0.054_dist=100_repair_6_males=4_nmar=3,FG_theta_zero_feeding,64,10,-99,4,3
0,6,0,100,0,360.3295546172725,0,0,0,0,201,D_pmar=0.054_dist=100_repair_6_males=4_nmar=3,FG_theta_zero_feeding,124,6,-99,4,3
0.054,10,100,0,0,359.6046299743248,0,0,0,0.5035627436189845,201,D_pmar=0.054_dist=100_repair_6_males=4_nmar=3,FG_theta_zero_feeding,72,10,-99,4,3
0.054,10,100,100,0,359.5932847371622,0,0,0,0.6052783118989714,201,D_pmar=0.054_dist=100_repair_6_males=4_nmar=3,FG_theta_zero_feeding,82,10,-99,4,3
0.054,6,0,0,0,359.485029214996,0,0,0,0.7120888110279785,202,D_pmar=0.054_dist=100_repair_6_males=4_nmar=3,FG_theta_zero_feeding,88,6,-99,4,3
0.054,12,0,100,0,359.4111980975217,0,0,0,0.6148665888057562,202,D_pmar=0.054_dist=100_repair_6_males=4_nmar=3,FG_theta_zero_feeding,74,12,-99,4,3
0,11,100,0,0,360.0301400617779,0,0,0,0,202,D_pmar=0.054_dist=100_repair_6_males=4_nmar=3,FG_theta_zero_feeding,124,11,-99,4,3
0.054,7,100,100,0,359.4409067699798,0,0,0,0.6137432522913149,202,D_pmar=0.054_dist=100_repair_6_males=4_nmar=3,FG_theta_zero_feeding,81,7,-99,4,3
0.054,12,0,0,0,359.3681365131315,0,0,0,0.6716019313795478,203,D_pmar=0.054_dist=100_repair_6_males=4_nmar=3,FG_theta_zero_feeding,79,12,-99,4,3
0,10,0,100,0,360.1225055659198,0,0,0,0,203,D_pmar=0.054_dist=100_repair_6_males=4_nmar=3,FG_theta_zero_feeding,149,10,-99,4,3
0.054,3,100,0,0,359.45427600042797,0,0,0,0.7036238706356353,203,D_pmar=0.054_dist=100_repair_6_males=4_nmar=3,FG_theta_zero_feeding,71,3,-99,4,3
0.054,11,100,100,0,359.5008063498841,0,0,0,0.6111111111111124,203,D_pmar=0.054_dist=100_repair_6_males=4_nmar=3,FG_theta_zero_feeding,82,11,-99,4,3
0.054,7,0,0,0,359.4319449781105,0,0,0,0.6530269623572342,204,D_pmar=0.054_dist=100_repair_6_males=4_nmar=3,FG_theta_zero_feeding,82,7,-99,4,3
0.054,11,0,100,0,359.5111327303556,0,0,0,0.5058094166478665,204,D_pmar=0.054_dist=100_repair_6_males=4_nmar=3,FG_theta_zero_feeding,86,11,-99,4,3
0,8,100,0,0,360.11787205531107,0,0,0,0,204,D_pmar=0.054_dist=100_repair_6_males=4_nmar=3,FG_theta_zero_feeding,109,8,-99,4,3
0.054,10,100,100,0,359.2887290135758,0,0,0,0.8221894866322386,204,D_pmar=0.054_dist=100_repair_6_males=4_nmar=3,FG_theta_zero_feeding,78,10,-99,4,3
0.054,8,0,0,0,359.3922711355298,0,0,0,0.6531632459290995,205,D_pmar=0.054_dist=100_repair_6_males=4_nmar=3,FG_theta_zero_feeding,73,8,-99,4,3
0.054,8,0,100,0,359.5592582764283,0,0,0,0.5509259259259269,205,D_pmar=0.054_dist=100_repair_6_males=4_nmar=3,FG_theta_zero_feeding,89,8,-99,4,3
0,9,100,0,0,360.28448988710664,0,0,0,0,205,D_pmar=0.054_dist=100_repair_6_males=4_nmar=3,FG_theta_zero_feeding,124,9,-99,4,3
0.054,11,100,100,0,359.44790589914265,0,0,0,0.6345084438387157,205,D_pmar=0.054_dist=100_repair_6_males=4_nmar=3,FG_theta_zero_feeding,78,11,-99,4,3
0.054,10,0,0,0,359.506056140473,0,0,0,0.5092592592592601,206,D_pmar=0.054_dist=100_repair_6_males=4_nmar=3,FG_theta_zero_feeding,79,10,-99,4,3
0.054,9,0,100,0,353.34450974328144,6.04964296181843,1,0.1,0.6895986981748808,206,D_pmar=0.054_dist=100_repair_6_males=4_nmar=3,FG_theta_zero_feeding,66,9,-99,4,3
0.054,7,100,0,0,353.36915771679605,6.024974348725953,1,0.1,0.6325907884573587,206,D_pmar=0.054_dist=100_repair_6_males=4_nmar=3,FG_theta_zero_feeding,80,7,-99,4,3
0,10,100,100,0,360.2673059389695,0,0,0,0,206,D_pmar=0.054_dist=100_repair_6_males=4_nmar=3,FG_theta_zero_feeding,130,10,-99,4,3
0,5,0,0,0,360.20370980444767,0,0,0,0,207,D_pmar=0.054_dist=100_repair_6_males=4_nmar=3,FG_theta_zero_feeding,130,5,-99,4,3
0.054,14,0,100,0,359.59998615206484,0,0,0,0.5787037037037048,207,D_pmar=0.054_dist=100_repair_6_males=4_nmar=3,FG_theta_zero_feeding,79,14,-99,4,3
0.054,8,100,0,0,359.4936370417595,0,0,0,0.6958169655383422,207,D_pmar=0.054_dist=100_repair_6_males=4_nmar=3,FG_theta_zero_feeding,101,8,-99,4,3
0.054,9,100,100,0,359.28152403799476,0,0,0,0.720553751420322,207,D_pmar=0.054_dist=100_repair_6_males=4_nmar=3,FG_theta_zero_feeding,82,9,-99,4,3
0.054,9,0,0,0,359.4097615799138,0,0,0,0.6071959672803283,208,D_pmar=0.054_dist=100_repair_6_males=4_nmar=3,FG_theta_zero_feeding,74,9,-99,4,3
0,8,0,100,0,360.0680920195244,0,0,0,0,208,D_pmar=0.054_dist=100_repair_6_males=4_nmar=3,FG_theta_zero_feeding,137,8,-99,4,3
0.054,6,100,0,0,359.4439011305984,0,0,0,0.7124742791792988,208,D_pmar=0.054_dist=100_repair_6_males=4_nmar=3,FG_theta_zero_feeding,72,6,-99,4,3
0.054,13,100,100,0,359.4915488114395,0,0,0,0.5771715164736683,208,D_pmar=0.054_dist=100_repair_6_males=4_nmar=3,FG_theta_zero_feeding,65,13,-99,4,3
0.054,12,0,0,0,359.47117176405015,0,0,0,0.6823933778688438,209,D_pmar=0.054_dist=100_repair_6_males=4_nmar=3,FG_theta_zero_feeding,73,12,-99,4,3
0.054,6,0,100,0,359.472563602981,0,0,0,0.6647256287210359,209,D_pmar=0.054_dist=100_repair_6_males=4_nmar=3,FG_theta_zero_feeding,84,6,-99,4,3
0,9,100,0,0,360.0096053356188,0,0,0,0,209,D_pmar=0.054_dist=100_repair_6_males=4_nmar=3,FG_theta_zero_feeding,140,9,-99,4,3
0.054,9,100,100,0,359.4316150716594,0,0,0,0.6574074074074089,209,D_pmar=0.054_dist=100_repair_6_males=4_nmar=3,FG_theta_zero_feeding,90,9,-99,4,3
0.054,8,0,0,0,353.29328564411867,6.004817816694721,1,0.1,0.8692801017954509,20,D_pmar=0.054_dist=100_repair_6_males=4_nmar=3,FG_theta_zero_feeding,85,8,-99,4,3
0.054,8,0,100,0,353.368176862917,6.1373116966870285,1,0.1,0.4861111111111119,20,D_pmar=0.054_dist=100_repair_6_males=4_nmar=3,FG_theta_zero_feeding,86,8,-99,4,3
0,8,100,0,0,360.00889343177533,0,0,0,0,20,D_pmar=0.054_dist=100_repair_6_males=4_nmar=3,FG_theta_zero_feeding,123,8,-99,4,3
0.054,12,100,100,0,359.3742574026429,0,0,0,0.6669158512461233,20,D_pmar=0.054_dist=100_repair_6_males=4_nmar=3,FG_theta_zero_feeding,84,12,-99,4,3
0.054,8,0,0,0,359.2818805620076,0,0,0,0.782576758918794,210,D_pmar=0.054_dist=100_repair_6_males=4_nmar=3,FG_theta_zero_feeding,76,8,-99,4,3
0,9,0,100,0,360.05721973065033,0,0,0,0,210,D_pmar=0.054_dist=100_repair_6_males=4_nmar=3,FG_theta_zero_feeding,124,9,-99,4,3
0.054,10,100,0,0,359.43220554820783,0,0,0,0.6897349817467461,210,D_pmar=0.054_dist=100_repair_6_males=4_nmar=3,FG_theta_zero_feeding,73,10,-99,4,3
0.054,9,100,100,0,359.5545095646253,0,0,0,0.5439697901993449,210,D_pmar=0.054_dist=100_repair_6_males=4_nmar=3,FG_theta_zero_feeding,95,9,-99,4,3
0.054,5,0,0,0,359.2601835976729,0,0,0,0.7659758957816323,211,D_pmar=0.054_dist=100_repair_6_males=4_nmar=3,FG_theta_zero_feeding,87,5,-99,4,3
0.054,5,0,100,0,359.49326529185277,0,0,0,0.5898007852762509,211,D_pmar=0.054_dist=100_repair_6_males=4_nmar=3,FG_theta_zero_feeding,93,5,-99,4,3
0.054,18,100,0,0,359.3664702580517,0,0,0,0.7020352329018036,211,D_pmar=0.054_dist=100_repair_6_males=4_nmar=3,FG_theta_zero_feeding,75,18,-99,4,3
0,8,100,100,0,360.0815622001631,0,0,0,0,211,D_pmar=0.054_dist=100_repair_6_males=4_nmar=3,FG_theta_zero_feeding,117,8,-99,4,3
0.054,3,0,0,0,359.53770804917946,0,0,0,0.5281632459290991,212,D_pmar=0.054_dist=100_repair_6_males=4_nmar=3,FG_theta_zero_feeding,78,3,-99,4,3
0,7,0,100,0,360.049357151407,0,0,0,0,212,D_pmar=0.054_dist=100_repair_6_males=4_nmar=3,FG_theta_zero_feeding,103,7,-99,4,3
0.054,15,100,0,0,359.3720693358751,0,1,0.1,0.5416666666666676,212,D_pmar=0.054_dist=100_repair_6_males=4_nmar=3,FG_theta_zero_feeding,79,15,-99,4,3
0.054,11,100,100,0,353.25538441072564,6.092820267406125,0,0,0.7452107042342314,212,D_pmar=0.054_dist=100_repair_6_males=4_nmar=3,FG_theta_zero_feeding,84,11,-99,4,3
0.054,12,0,0,0,359.6996633178201,0,0,0,0.5597763344695906,213,D_pmar=0.054_dist=100_repair_6_males=4_nmar=3,FG_theta_zero_feeding,83,12,-99,4,3
0.054,10,0,100,0,359.30773964680895,0,0,0,0.7405810746046019,213,D_pmar=0.054_dist=100_repair_6_males=4_nmar=3,FG_theta_zero_feeding,73,10,-99,4,3
0.054,8,100,0,0,359.66046199238843,0,0,0,0.5601851851851862,213,D_pmar=0.054_dist=100_repair_6_males=4_nmar=3,FG_theta_zero_feeding,80,8,-99,4,3
0,6,100,100,0,360.14789637953976,0,0,0,0,213,D_pmar=0.054_dist=100_repair_6_males=4_nmar=3,FG_theta_zero_feeding,117,6,-99,4,3
0,11,0,0,0,360.057174586348,0,0,0,0,214,D_pmar=0.054_dist=100_repair_6_males=4_nmar=3,FG_theta_zero_feeding,138,11,-99,4,3
0.054,7,0,100,0,359.38303846159215,0,0,0,0.7136774487618102,214,D_pmar=0.054_dist=100_repair_6_males=4_nmar=3,FG_theta_zero_feeding,71,7,-99,4,3
0.054,13,100,0,0,353.49850848966827,6.01373850427387,1,0.1,0.5613649722034223,214,D_pmar=0.054_dist=100_repair_6_males=4_nmar=3,FG_theta_zero_feeding,94,14,-99,4,3
0.054,5,100,100,0,353.2440930470956,6.0050550085217305,1,0.1,0.7363602956905679,214,D_pmar=0.054_dist=100_repair_6_males=4_nmar=3,FG_theta_zero_feeding,83,5,-99,4,3
0.054,7,0,0,0,359.4366300756818,0,0,0,0.6018518518518531,215,D_pmar=0.054_dist=100_repair_6_males=4_nmar=3,FG_theta_zero_feeding,91,7,-99,4,3
0.054,9,0,100,0,359.4749832692281,0,0,0,0.5864307757329275,215,D_pmar=0.054_dist=100_repair_6_males=4_nmar=3,FG_theta_zero_feeding,96,9,-99,4,3
0.054,7,100,0,0,359.36149083315036,0,0,0,0.6531632459290995,215,D_pmar=0.054_dist=100_repair_6_males=4_nmar=3,FG_theta_zero_feeding,71,7,-99,4,3
0,13,100,100,0,360.09379783606585,0,0,0,0,215,D_pmar=0.054_dist=100_repair_6_males=4_nmar=3,FG_theta_zero_feeding,112,13,-99,4,3
0.054,7,0,0,0,359.54461642545454,0,0,0,0.6191672007878603,216,D_pmar=0.054_dist=100_repair_6_males=4_nmar=3,FG_theta_zero_feeding,73,7,-99,4,3
0,11,0,100,0,360.13663256177966,0,0,0,0,216,D_pmar=0.054_dist=100_repair_6_males=4_nmar=3,FG_theta_zero_feeding,99,11,-99,4,3
0.054,7,100,0,0,359.4927212311141,0,0,0,0.6492481020983153,216,D_pmar=0.054_dist=100_repair_6_males=4_nmar=3,FG_theta_zero_feeding,78,7,-99,4,3
0.054,11,100,100,0,359.5010196892528,0,0,0,0.5581876967357592,216,D_pmar=0.054_dist=100_repair_6_males=4_nmar=3,FG_theta_zero_feeding,82,11,-99,4,3
0.054,7,0,0,0,359.5513321345771,0,0,0,0.6153318900251463,217,D_pmar=0.054_dist=100_repair_6_males=4_nmar=3,FG_theta_zero_feeding,74,7,-99,4,3
0.054,11,0,100,0,359.4488717363181,0,0,0,0.6349737450581062,217,D_pmar=0.054_dist=100_repair_6_males=4_nmar=3,FG_theta_zero_feeding,80,11,-99,4,3
0,8,100,0,0,360.11903897443284,0,0,0,0,217,D_pmar=0.054_dist=100_repair_6_males=4_nmar=3,FG_theta_zero_feeding,128,8,-99,4,3
0.054,10,100,100,0,359.5192764902727,0,0,0,0.6442330043173654,217,D_pmar=0.054_dist=100_repair_6_males=4_nmar=3,FG_theta_zero_feeding,80,10,-99,4,3
0.054,7,0,0,0,353.08946169523847,6.0949798672429925,1,0.1,0.7448252360829115,218,D_pmar=0.054_dist=100_repair_6_males=4_nmar=3,FG_theta_zero_feeding,76,7,-99,4,3
0,8,0,100,0,360.1158824452909,0,0,0,0,218,D_pmar=0.054_dist=100_repair_6_males=4_nmar=3,FG_theta_zero_feeding,124,8,-99,4,3
0.054,12,100,0,0,353.2301336108026,6.081204352718051,1,0.1,0.6874084756497936,218,D_pmar=0.054_dist=100_repair_6_males=4_nmar=3,FG_theta_zero_feeding,78,12,-99,4,3
0.054,9,100,100,0,347.27950731011657,12.182089515157308,2,0.2,0.48148148148148223,218,D_pmar=0.054_dist=100_repair_6_males=4_nmar=3,FG_theta_zero_feeding,84,9,-99,4,3
0.054,10,0,0,0,359.3775011137609,0,0,0,0.63880905582082,219,D_pmar=0.054_dist=100_repair_6_males=4_nmar=3,FG_theta_zero_feeding,68,10,-99,4,3
0,12,0,100,0,360.14174746953125,0,0,0,0,219,D_pmar=0.054_dist=100_repair_6_males=4_nmar=3,FG_theta_zero_feeding,123,12,-99,4,3
0.054,8,100,0,0,359.45064232736314,0,0,0,0.5802125083694663,219,D_pmar=0.054_dist=100_repair_6_males=4_nmar=3,FG_theta_zero_feeding,75,8,-99,4,3
0.054,6,100,100,0,359.40349380815485,0,0,0,0.6554663694617765,219,D_pmar=0.054_dist=100_repair_6_males=4_nmar=3,FG_theta_zero_feeding,78,6,-99,4,3
0,9,0,0,0,360.01239186243544,0,0,0,0,21,D_pmar=0.054_dist=100_repair_6_males=4_nmar=3,FG_theta_zero_feeding,104,9,-99,4,3
0.054,9,0,100,0,359.456116484531,0,0,0,0.589937068848116,21,D_pmar=0.054_dist=100_repair_6_males=4_nmar=3,FG_theta_zero_feeding,86,9,-99,4,3
0.054,11,100,0,0,359.37687969269797,0,0,0,0.6499859704614365,21,D_pmar=0.054_dist=100_repair_6_males=4_nmar=3,FG_theta_zero_feeding,85,11,-99,4,3
0.054,7,100,100,0,359.64542419219697,0,0,0,0.5648148148148159,21,D_pmar=0.054_dist=100_repair_6_males=4_nmar=3,FG_theta_zero_feeding,85,7,-99,4,3
0.054,7,0,0,0,359.52221669127147,0,0,0,0.6784217835342647,220,D_pmar=0.054_dist=100_repair_6_males=4_nmar=3,FG_theta_zero_feeding,82,7,-99,4,3
0.054,12,0,100,0,359.54856859621395,0,0,0,0.6071959672803283,220,D_pmar=0.054_dist=100_repair_6_males=4_nmar=3,FG_theta_zero_feeding,69,12,-99,4,3
0,9,100,0,0,360.0234925351933,0,0,0,0,220,D_pmar=0.054_dist=100_repair_6_males=4_nmar=3,FG_theta_zero_feeding,129,9,-99,4,3
0.054,8,100,100,0,359.5872360289551,0,0,0,0.606866949632803,220,D_pmar=0.054_dist=100_repair_6_males=4_nmar=3,FG_theta_zero_feeding,77,8,-99,4,3
0,13,0,0,0,360.0613296075493,0,0,0,0,221,D_pmar=0.054_dist=100_repair_6_males=4_nmar=3,FG_theta_zero_feeding,128,13,-99,4,3
0.054,6,0,100,0,359.27753784100565,0,0,0,0.7887385757784604,221,D_pmar=0.054_dist=100_repair_6_males=4_nmar=3,FG_theta_zero_feeding,91,7,-99,4,3
0.054,10,100,0,0,353.4906048319734,6.092594245203196,0,0,0.5806778095888566,221,D_pmar=0.054_dist=100_repair_6_males=4_nmar=3,FG_theta_zero_feeding,89,10,-99,4,3
0.054,7,100,100,0,359.3493930846458,0,1,0.1,0.6611628851020525,221,D_pmar=0.054_dist=100_repair_6_males=4_nmar=3,FG_theta_zero_feeding,78,7,-99,4,3
0.054,6,0,0,0,359.41138806634706,0,0,0,0.6064016484134124,222,D_pmar=0.054_dist=100_repair_6_males=4_nmar=3,FG_theta_zero_feeding,78,6,-99,4,3
0.054,13,0,100,0,359.7432965145877,0,0,0,0.6685044889799547,222,D_pmar=0.054_dist=100_repair_6_males=4_nmar=3,FG_theta_zero_feeding,84,13,-99,4,3
0.054,11,100,0,0,359.50701652372675,0,0,0,0.7413753934715177,222,D_pmar=0.054_dist=100_repair_6_males=4_nmar=3,FG_theta_zero_feeding,83,11,-99,4,3
0,6,100,100,0,360.1106495519756,0,0,0,0,222,D_pmar=0.054_dist=100_repair_6_males=4_nmar=3,FG_theta_zero_feeding,123,6,-99,4,3
0.054,10,0,0,0,359.3372086954961,0,0,0,0.7290186918126655,223,D_pmar=0.054_dist=100_repair_6_males=4_nmar=3,FG_theta_zero_feeding,73,10,-99,4,3
0.054,6,0,100,0,359.4848334101161,0,0,0,0.6642603275016454,223,D_pmar=0.054_dist=100_repair_6_males=4_nmar=3,FG_theta_zero_feeding,88,6,-99,4,3
0,10,100,0,0,360.11368592720453,0,0,0,0,223,D_pmar=0.054_dist=100_repair_6_males=4_nmar=3,FG_theta_zero_feeding,139,10,-99,4,3
0.054,10,100,100,0,359.5620989815401,0,0,0,0.5833333333333345,223,D_pmar=0.054_dist=100_repair_6_males=4_nmar=3,FG_theta_zero_feeding,76,10,-99,4,3
0.054,11,0,0,0,359.3625399633329,0,0,0,0.7274300540788339,224,D_pmar=0.054_dist=100_repair_6_males=4_nmar=3,FG_theta_zero_feeding,91,11,-99,4,3
0.054,4,0,100,0,359.3007956260084,0,0,0,0.7649323923352618,224,D_pmar=0.054_dist=100_repair_6_males=4_nmar=3,FG_theta_zero_feeding,95,4,-99,4,3
0,12,100,0,0,360.10261354255135,0,0,0,0,224,D_pmar=0.054_dist=100_repair_6_males=4_nmar=3,FG_theta_zero_feeding,120,12,-99,4,3
0.054,9,100,100,0,359.43327579066175,0,0,0,0.5980729915929343,224,D_pmar=0.054_dist=100_repair_6_males=4_nmar=3,FG_theta_zero_feeding,95,9,-99,4,3
0,10,0,0,0,360.22274065007093,0,0,0,0,225,D_pmar=0.054_dist=100_repair_6_males=4_nmar=3,FG_theta_zero_feeding,110,10,-99,4,3
0.054,7,0,100,0,359.40064183128436,0,0,0,0.6083193037947693,225,D_pmar=0.054_dist=100_repair_6_males=4_nmar=3,FG_theta_zero_feeding,80,7,-99,4,3
0.054,8,100,0,0,359.31766628436833,0,0,0,0.7047472071500762,225,D_pmar=0.054_dist=100_repair_6_males=4_nmar=3,FG_theta_zero_feeding,84,8,-99,4,3
0.054,11,100,100,0,359.3777161360893,0,0,0,0.6546720505948607,225,D_pmar=0.054_dist=100_repair_6_males=4_nmar=3,FG_theta_zero_feeding,86,11,-99,4,3
0,10,0,0,0,360.1717371746624,0,0,0,0,226,D_pmar=0.054_dist=100_repair_6_males=4_nmar=3,FG_theta_zero_feeding,118,10,-99,4,3
0.054,11,0,100,0,359.5316644296406,0,0,0,0.5601851851851862,226,D_pmar=0.054_dist=100_repair_6_males=4_nmar=3,FG_theta_zero_feeding,80,11,-99,4,3
0.054,4,100,0,0,359.3747570232256,0,0,0,0.6751082244947363,226,D_pmar=0.054_dist=100_repair_6_males=4_nmar=3,FG_theta_zero_feeding,83,4,-99,4,3
0.054,11,100,100,0,359.4041204328241,0,0,0,0.6437677030979749,226,D_pmar=0.054_dist=100_repair_6_males=4_nmar=3,FG_theta_zero_feeding,76,11,-99,4,3
0.054,13,0,0,0,359.3977739882339,0,0,0,0.6203703703703717,227,D_pmar=0.054_dist=100_repair_6_males=4_nmar=3,FG_theta_zero_feeding,87,13,-99,4,3
0.054,12,0,100,0,359.3748262361645,0,0,0,0.6955443983946118,227,D_pmar=0.054_dist=100_repair_6_males=4_nmar=3,FG_theta_zero_feeding,77,12,-99,4,3
0,7,100,0,0,360.0702550446774,0,0,0,0,227,D_pmar=0.054_dist=100_repair_6_males=4_nmar=3,FG_theta_zero_feeding,105,7,-99,4,3
0.054,4,100,100,0,359.4801094900591,0,0,0,0.5374225051883584,227,D_pmar=0.054_dist=100_repair_6_males=4_nmar=3,FG_theta_zero_feeding,87,4,-99,4,3
0.054,10,0,0,0,359.50623034367146,0,0,0,0.5964843538591026,228,D_pmar=0.054_dist=100_repair_6_males=4_nmar=3,FG_theta_zero_feeding,94,10,-99,4,3
0.054,13,0,100,0,359.34683824848213,0,0,0,0.679681403620571,228,D_pmar=0.054_dist=100_repair_6_males=4_nmar=3,FG_theta_zero_feeding,65,13,-99,4,3
0.054,9,100,0,0,359.35431977873213,0,0,0,0.6881463440129145,228,D_pmar=0.054_dist=100_repair_6_males=4_nmar=3,FG_theta_zero_feeding,73,9,-99,4,3
0,4,100,100,0,360.06271575955134,0,0,0,0,228,D_pmar=0.054_dist=100_repair_6_males=4_nmar=3,FG_theta_zero_feeding,143,4,-99,4,3
0,5,0,0,0,360.0572089699898,0,0,0,0,229,D_pmar=0.054_dist=100_repair_6_males=4_nmar=3,FG_theta_zero_feeding,133,5,-99,4,3
0.054,11,0,100,0,347.06700919007676,12.23012060828767,2,0.2,0.6296062470653556,229,D_pmar=0.054_dist=100_repair_6_males=4_nmar=3,FG_theta_zero_feeding,78,11,-99,4,3
0.054,12,100,0,0,359.38941278577624,0,0,0,0.6689697901993453,229,D_pmar=0.054_dist=100_repair_6_males=4_nmar=3,FG_theta_zero_feeding,75,12,-99,4,3
0.054,8,100,100,0,347.11418584513666,12.12535470121377,2,0.2,0.628755477694645,229,D_pmar=0.054_dist=100_repair_6_males=4_nmar=3,FG_theta_zero_feeding,69,8,-99,4,3
0,11,0,0,0,360.2344131623607,0,0,0,0,22,D_pmar=0.054_dist=100_repair_6_males=4_nmar=3,FG_theta_zero_feeding,119,11,-99,4,3
0.054,7,0,100,0,359.50811684236663,0,0,0,0.5690355937288502,22,D_pmar=0.054_dist=100_repair_6_males=4_nmar=3,FG_theta_zero_feeding,69,7,-99,4,3
0.054,5,100,0,0,359.3200628320288,0,0,0,0.7143919345606555,22,D_pmar=0.054_dist=100_repair_6_males=4_nmar=3,FG_theta_zero_feeding,67,5,-99,4,3
0.054,13,100,100,0,359.55446588965435,0,0,0,0.5092592592592601,22,D_pmar=0.054_dist=100_repair_6_males=4_nmar=3,FG_theta_zero_feeding,85,13,-99,4,3
0,8,0,0,0,360.1515089186658,0,0,0,0,230,D_pmar=0.054_dist=100_repair_6_males=4_nmar=3,FG_theta_zero_feeding,104,8,-99,4,3
0.054,13,0,100,0,359.3627315915403,0,0,0,0.6716019313795476,230,D_pmar=0.054_dist=100_repair_6_males=4_nmar=3,FG_theta_zero_feeding,88,13,-99,4,3
0.054,8,100,0,0,359.46379259713837,0,0,0,0.5509259259259269,230,D_pmar=0.054_dist=100_repair_6_males=4_nmar=3,FG_theta_zero_feeding,86,8,-99,4,3
0.054,7,100,100,0,359.56560865184116,0,0,0,0.5995253457549007,230,D_pmar=0.054_dist=100_repair_6_males=4_nmar=3,FG_theta_zero_feeding,70,7,-99,4,3
0,9,0,0,0,360.0601189446365,0,0,0,0,231,D_pmar=0.054_dist=100_repair_6_males=4_nmar=3,FG_theta_zero_feeding,142,9,-99,4,3
0.054,8,0,100,0,359.58192810515567,0,0,0,0.5833333333333345,231,D_pmar=0.054_dist=100_repair_6_males=4_nmar=3,FG_theta_zero_feeding,98,8,-99,4,3
0.054,8,100,0,0,359.342518656665,0,0,0,0.8137245462398952,231,D_pmar=0.054_dist=100_repair_6_males=4_nmar=3,FG_theta_zero_feeding,83,8,-99,4,3
0.054,11,100,100,0,359.25848784756164,0,0,0,0.7703563408318069,231,D_pmar=0.054_dist=100_repair_6_males=4_nmar=3,FG_theta_zero_feeding,88,11,-99,4,3
0,11,0,0,0,360.0869759835443,0,0,0,0,232,D_pmar=0.054_dist=100_repair_6_males=4_nmar=3,FG_theta_zero_feeding,120,11,-99,4,3
0.054,7,0,100,0,359.5628375904951,0,0,0,0.5925925925925938,232,D_pmar=0.054_dist=100_repair_6_males=4_nmar=3,FG_theta_zero_feeding,87,7,-99,4,3
0.054,6,100,0,0,359.33301085574357,0,0,0,0.7005030456717666,232,D_pmar=0.054_dist=100_repair_6_males=4_nmar=3,FG_theta_zero_feeding,86,6,-99,4,3
0.054,12,100,100,0,359.3465108309958,0,0,0,0.6611628851020525,232,D_pmar=0.054_dist=100_repair_6_males=4_nmar=3,FG_theta_zero_feeding,79,12,-99,4,3
0,10,0,0,0,360.11487599873806,0,0,0,0,233,D_pmar=0.054_dist=100_repair_6_males=4_nmar=3,FG_theta_zero_feeding,120,10,-99,4,3
0.054,6,0,100,0,359.45393158347247,0,0,0,0.6052783118989714,233,D_pmar=0.054_dist=100_repair_6_males=4_nmar=3,FG_theta_zero_feeding,68,6,-99,4,3
0.054,7,100,0,0,359.46338308477686,0,0,0,0.7448816865867062,233,D_pmar=0.054_dist=100_repair_6_males=4_nmar=3,FG_theta_zero_feeding,66,7,-99,4,3
0.054,13,100,100,0,359.6796042685609,0,0,0,0.4490740740740747,233,D_pmar=0.054_dist=100_repair_6_males=4_nmar=3,FG_theta_zero_feeding,87,13,-99,4,3
0,11,0,0,0,360.13238011112776,0,0,0,0,234,D_pmar=0.054_dist=100_repair_6_males=4_nmar=3,FG_theta_zero_feeding,105,11,-99,4,3
0.054,5,0,100,0,359.4420406990372,0,0,0,0.6157173581764668,234,D_pmar=0.054_dist=100_repair_6_males=4_nmar=3,FG_theta_zero_feeding,79,5,-99,4,3
0.054,5,100,0,0,359.4501424429006,0,0,0,0.5694444444444455,234,D_pmar=0.054_dist=100_repair_6_males=4_nmar=3,FG_theta_zero_feeding,77,5,-99,4,3
0.054,15,100,100,0,359.6213274526484,0,0,0,0.582924482617739,234,D_pmar=0.054_dist=100_repair_6_males=4_nmar=3,FG_theta_zero_feeding,77,15,-99,4,3
0,6,0,0,0,360.04413487198855,0,0,0,0,235,D_pmar=0.054_dist=100_repair_6_males=4_nmar=3,FG_theta_zero_feeding,117,6,-99,4,3
0.054,14,0,100,0,359.59389552721314,0,0,0,0.472222222222223,235,D_pmar=0.054_dist=100_repair_6_males=4_nmar=3,FG_theta_zero_feeding,82,14,-99,4,3
0.054,9,100,0,0,359.3864457443537,0,0,0,0.6750517739909414,235,D_pmar=0.054_dist=100_repair_6_males=4_nmar=3,FG_theta_zero_feeding,81,9,-99,4,3
0.054,7,100,100,0,359.46451764359847,0,0,0,0.7482516961300295,235,D_pmar=0.054_dist=100_repair_6_males=4_nmar=3,FG_theta_zero_feeding,76,7,-99,4,3
0.054,4,0,0,0,359.5909848459422,0,0,0,0.5374225051883582,236,D_pmar=0.054_dist=100_repair_6_males=4_nmar=3,FG_theta_zero_feeding,85,4,-99,4,3
0,11,0,100,0,360.111033099436,0,0,0,0,236,D_pmar=0.054_dist=100_repair_6_males=4_nmar=3,FG_theta_zero_feeding,114,11,-99,4,3
0.054,11,100,0,0,353.16498911988566,6.098619502606962,1,0.1,0.7289388587445952,236,D_pmar=0.054_dist=100_repair_6_males=4_nmar=3,FG_theta_zero_feeding,68,11,-99,4,3
0.054,10,100,100,0,353.4353009181576,6.111588931075605,1,0.1,0.5185185185185194,236,D_pmar=0.054_dist=100_repair_6_males=4_nmar=3,FG_theta_zero_feeding,68,10,-99,4,3
0.054,8,0,0,0,353.3055840845592,6.240102172889163,0,0,0.5556120060593517,237,D_pmar=0.054_dist=100_repair_6_males=4_nmar=3,FG_theta_zero_feeding,90,9,-99,4,3
0,8,0,100,0,360.0473272002791,0,0,0,0,237,D_pmar=0.054_dist=100_repair_6_males=4_nmar=3,FG_theta_zero_feeding,135,8,-99,4,3
0.054,10,100,0,0,359.2350006680369,0,2,0.2,0.8068482435813833,237,D_pmar=0.054_dist=100_repair_6_males=4_nmar=3,FG_theta_zero_feeding,64,10,-99,4,3
0.054,10,100,100,0,353.28759622800106,6.317643872989052,0,0,0.5856364568660118,237,D_pmar=0.054_dist=100_repair_6_males=4_nmar=3,FG_theta_zero_feeding,68,11,-99,4,3
0,5,0,0,0,360.164867450233,0,0,0,0,238,D_pmar=0.054_dist=100_repair_6_males=4_nmar=3,FG_theta_zero_feeding,107,5,-99,4,3
0.054,11,0,100,0,359.43750667605536,0,0,0,0.6630805404834095,238,D_pmar=0.054_dist=100_repair_6_males=4_nmar=3,FG_theta_zero_feeding,90,12,-99,4,3
0.054,10,100,0,0,359.470763137704,0,0,0,0.5864307757329276,238,D_pmar=0.054_dist=100_repair_6_males=4_nmar=3,FG_theta_zero_feeding,93,10,-99,4,3
0.054,10,100,100,0,359.37242197877964,0,0,0,0.725512398697477,238,D_pmar=0.054_dist=100_repair_6_males=4_nmar=3,FG_theta_zero_feeding,84,10,-99,4,3
0.054,7,0,0,0,359.37344205750986,0,0,0,0.7529611588277296,239,D_pmar=0.054_dist=100_repair_6_males=4_nmar=3,FG_theta_zero_feeding,86,7,-99,4,3
0.054,14,0,100,0,359.31971222741527,0,1,0.1,0.641850047716618,239,D_pmar=0.054_dist=100_repair_6_males=4_nmar=3,FG_theta_zero_feeding,95,14,-99,4,3
0,5,100,0,0,360.0253408418948,0,0,0,0,239,D_pmar=0.054_dist=100_repair_6_males=4_nmar=3,FG_theta_zero_feeding,132,5,-99,4,3
0.054,10,100,100,0,353.45524947457585,6.069967541167273,0,0,0.6250000000000013,239,D_pmar=0.054_dist=100_repair_6_males=4_nmar=3,FG_theta_zero_feeding,86,10,-99,4,3
0,9,0,0,0,360.1830978289013,0,0,0,0,23,D_pmar=0.054_dist=100_repair_6_males=4_nmar=3,FG_theta_zero_feeding,113,9,-99,4,3
0.054,15,0,100,0,359.50959149013926,0,0,0,0.5578586790882338,23,D_pmar=0.054_dist=100_repair_6_males=4_nmar=3,FG_theta_zero_feeding,76,15,-99,4,3
0.054,8,100,0,0,359.3167301864508,0,0,0,0.7301984788309015,23,D_pmar=0.054_dist=100_repair_6_males=4_nmar=3,FG_theta_zero_feeding,77,8,-99,4,3
0.054,4,100,100,0,359.77752752530125,0,0,0,0.6360970815725473,23,D_pmar=0.054_dist=100_repair_6_males=4_nmar=3,FG_theta_zero_feeding,85,4,-99,4,3
0.054,8,0,0,0,359.44933662975336,0,0,0,0.6230589620543692,240,D_pmar=0.054_dist=100_repair_6_males=4_nmar=3,FG_theta_zero_feeding,70,8,-99,4,3
0.054,7,0,100,0,359.6136324106273,0,0,0,0.570953249110207,240,D_pmar=0.054_dist=100_repair_6_males=4_nmar=3,FG_theta_zero_feeding,70,7,-99,4,3
0.054,7,100,0,0,359.4550972857833,0,0,0,0.5601851851851862,240,D_pmar=0.054_dist=100_repair_6_males=4_nmar=3,FG_theta_zero_feeding,74,7,-99,4,3
0,14,100,100,0,360.12213694214074,0,0,0,0,240,D_pmar=0.054_dist=100_repair_6_males=4_nmar=3,FG_theta_zero_feeding,121,14,-99,4,3
0.054,7,0,0,0,359.2767546895727,0,0,0,0.777232643490319,241,D_pmar=0.054_dist=100_repair_6_males=4_nmar=3,FG_theta_zero_feeding,92,7,-99,4,3
0,12,0,100,0,360.01295034121205,0,0,0,0,241,D_pmar=0.054_dist=100_repair_6_males=4_nmar=3,FG_theta_zero_feeding,132,12,-99,4,3
0.054,11,100,0,0,359.4014235476986,0,0,0,0.7220625560860833,241,D_pmar=0.054_dist=100_repair_6_males=4_nmar=3,FG_theta_zero_feeding,99,11,-99,4,3
0.054,6,100,100,0,359.2802217087592,0,0,0,0.7829856096343897,241,D_pmar=0.054_dist=100_repair_6_males=4_nmar=3,FG_theta_zero_feeding,95,6,-99,4,3
0.054,9,0,0,0,359.3053144658508,0,1,0.1,0.7194304149058811,242,D_pmar=0.054_dist=100_repair_6_males=4_nmar=3,FG_theta_zero_feeding,90,9,-99,4,3
0.054,11,0,100,0,353.2009740388434,6.182317683159083,0,0,0.6250000000000013,242,D_pmar=0.054_dist=100_repair_6_males=4_nmar=3,FG_theta_zero_feeding,78,11,-99,4,3
0.054,11,100,0,0,359.420003091019,0,0,0,0.5867597933804528,242,D_pmar=0.054_dist=100_repair_6_males=4_nmar=3,FG_theta_zero_feeding,92,11,-99,4,3
0,5,100,100,0,360.0662801426143,0,0,0,0,242,D_pmar=0.054_dist=100_repair_6_males=4_nmar=3,FG_theta_zero_feeding,124,5,-99,4,3
0.054,11,0,0,0,359.2781939588572,0,0,0,0.7798647846705214,243,D_pmar=0.054_dist=100_repair_6_males=4_nmar=3,FG_theta_zero_feeding,83,11,-99,4,3
0,8,0,100,0,360.1738923783628,0,0,0,0,243,D_pmar=0.054_dist=100_repair_6_males=4_nmar=3,FG_theta_zero_feeding,133,8,-99,4,3
0.054,10,100,0,0,359.3937100306871,0,0,0,0.7178417771720493,243,D_pmar=0.054_dist=100_repair_6_males=4_nmar=3,FG_theta_zero_feeding,88,10,-99,4,3
0.054,7,100,100,0,359.47241004431135,0,0,0,0.649656952813911,243,D_pmar=0.054_dist=100_repair_6_males=4_nmar=3,FG_theta_zero_feeding,89,7,-99,4,3
0.054,9,0,0,0,359.34266343146146,0,0,0,0.681984527153248,244,D_pmar=0.054_dist=100_repair_6_males=4_nmar=3,FG_theta_zero_feeding,87,9,-99,4,3
0.054,9,0,100,0,359.5316150322369,0,0,0,0.5925925925925938,244,D_pmar=0.054_dist=100_repair_6_males=4_nmar=3,FG_theta_zero_feeding,79,9,-99,4,3
0.054,9,100,0,0,359.5014157362812,0,0,0,0.6491916515945205,244,D_pmar=0.054_dist=100_repair_6_males=4_nmar=3,FG_theta_zero_feeding,83,9,-99,4,3
0,9,100,100,0,360.0227330592552,0,0,0,0,244,D_pmar=0.054_dist=100_repair_6_males=4_nmar=3,FG_theta_zero_feeding,116,9,-99,4,3
0,9,0,0,0,360.05783633816594,0,0,0,0,245,D_pmar=0.054_dist=100_repair_6_males=4_nmar=3,FG_theta_zero_feeding,134,9,-99,4,3
0.054,7,0,100,0,359.22542255625785,0,1,0.1,0.7567166365223731,245,D_pmar=0.054_dist=100_repair_6_males=4_nmar=3,FG_theta_zero_feeding,83,8,-99,4,3
0.054,14,100,0,0,353.2662532955706,6.220832518162334,0,0,0.5879629629629641,245,D_pmar=0.054_dist=100_repair_6_males=4_nmar=3,FG_theta_zero_feeding,81,14,-99,4,3
0.054,6,100,100,0,359.35109119898607,0,0,0,0.7571254872379688,245,D_pmar=0.054_dist=100_repair_6_males=4_nmar=3,FG_theta_zero_feeding,98,6,-99,4,3
0.054,8,0,0,0,359.636432789709,0,0,0,0.5872250945998432,246,D_pmar=0.054_dist=100_repair_6_males=4_nmar=3,FG_theta_zero_feeding,81,8,-99,4,3
0.054,11,0,100,0,347.11797136431545,12.315632135667602,1,0.1,0.5998543634024259,246,D_pmar=0.054_dist=100_repair_6_males=4_nmar=3,FG_theta_zero_feeding,74,12,-99,4,3
0.054,9,100,0,0,353.2155666413915,6.037611415019686,2,0.2,0.6507802893283521,246,D_pmar=0.054_dist=100_repair_6_males=4_nmar=3,FG_theta_zero_feeding,86,9,-99,4,3
0,8,100,100,0,360.01493188324713,0,0,0,0,246,D_pmar=0.054_dist=100_repair_6_males=4_nmar=3,FG_theta_zero_feeding,110,8,-99,4,3
0.054,7,0,0,0,359.479894162682,0,0,0,0.5755828787398366,247,D_pmar=0.054_dist=100_repair_6_males=4_nmar=3,FG_theta_zero_feeding,80,7,-99,4,3
0.054,10,0,100,0,359.37231658899776,0,0,0,0.6634095581309347,247,D_pmar=0.054_dist=100_repair_6_males=4_nmar=3,FG_theta_zero_feeding,77,10,-99,4,3
0.054,8,100,0,0,359.53279079308527,0,0,0,0.5644059640992204,247,D_pmar=0.054_dist=100_repair_6_males=4_nmar=3,FG_theta_zero_feeding,79,8,-99,4,3
0,11,100,100,0,360.15638092314066,0,0,0,0,247,D_pmar=0.054_dist=100_repair_6_males=4_nmar=3,FG_theta_zero_feeding,103,11,-99,4,3
0,7,0,0,0,360.02691273207364,0,0,0,0,248,D_pmar=0.054_dist=100_repair_6_males=4_nmar=3,FG_theta_zero_feeding,123,7,-99,4,3
0.054,11,0,100,0,359.39180878071573,0,0,0,0.6898148148148164,248,D_pmar=0.054_dist=100_repair_6_males=4_nmar=3,FG_theta_zero_feeding,84,11,-99,4,3
0.054,12,100,0,0,359.37435035445725,0,0,0,0.6663142664548675,248,D_pmar=0.054_dist=100_repair_6_males=4_nmar=3,FG_theta_zero_feeding,93,12,-99,4,3
0.054,6,100,100,0,359.53018261415116,0,0,0,0.5393401605697153,248,D_pmar=0.054_dist=100_repair_6_males=4_nmar=3,FG_theta_zero_feeding,68,6,-99,4,3
0,9,0,0,0,360.0800384130326,0,0,0,0,249,D_pmar=0.054_dist=100_repair_6_males=4_nmar=3,FG_theta_zero_feeding,145,9,-99,4,3
0.054,6,0,100,0,359.34943800084557,0,0,0,0.6658489652354769,249,D_pmar=0.054_dist=100_repair_6_males=4_nmar=3,FG_theta_zero_feeding,83,6,-99,4,3
0.054,12,100,0,0,359.4966772249011,0,0,0,0.6122908981293484,249,D_pmar=0.054_dist=100_repair_6_males=4_nmar=3,FG_theta_zero_feeding,81,12,-99,4,3
0.054,9,100,100,0,359.26066730401936,0,0,0,0.8061337577825379,249,D_pmar=0.054_dist=100_repair_6_males=4_nmar=3,FG_theta_zero_feeding,77,9,-99,4,3
0.054,10,0,0,0,359.41668816177605,0,0,0,0.7555368495041371,24,D_pmar=0.054_dist=100_repair_6_males=4_nmar=3,FG_theta_zero_feeding,81,10,-99,4,3
0.054,7,0,100,0,359.3322207341897,0,0,0,0.7844944143001508,24,D_pmar=0.054_dist=100_repair_6_males=4_nmar=3,FG_theta_zero_feeding,96,7,-99,4,3
0,5,100,0,0,360.1666368475513,0,0,0,0,24,D_pmar=0.054_dist=100_repair_6_males=4_nmar=3,FG_theta_zero_feeding,137,5,-99,4,3
0.054,14,100,100,0,359.3975618703528,0,0,0,0.6600395485876115,24,D_pmar=0.054_dist=100_repair_6_males=4_nmar=3,FG_theta_zero_feeding,85,14,-99,4,3
0.054,9,0,0,0,359.32206918122046,0,0,0,0.6877374932973188,250,D_pmar=0.054_dist=100_repair_6_males=4_nmar=3,FG_theta_zero_feeding,69,9,-99,4,3
0.054,9,0,100,0,359.4752265306277,0,0,0,0.5964843538591026,250,D_pmar=0.054_dist=100_repair_6_males=4_nmar=3,FG_theta_zero_feeding,74,9,-99,4,3
0,13,100,0,0,360.0563065048477,0,0,0,0,250,D_pmar=0.054_dist=100_repair_6_males=4_nmar=3,FG_theta_zero_feeding,118,13,-99,4,3
0.054,5,100,100,0,359.5853955890241,0,0,0,0.5821301637508232,250,D_pmar=0.054_dist=100_repair_6_males=4_nmar=3,FG_theta_zero_feeding,80,5,-99,4,3
0.054,11,0,0,0,359.5302975934336,0,0,0,0.6585073613575746,251,D_pmar=0.054_dist=100_repair_6_males=4_nmar=3,FG_theta_zero_feeding,78,11,-99,4,3
0.054,5,0,100,0,353.69253256895263,6.040606272718332,0,0,0.5138888888888897,251,D_pmar=0.054_dist=100_repair_6_males=4_nmar=3,FG_theta_zero_feeding,79,5,-99,4,3
0,12,100,0,0,360.04408096020626,0,0,0,0,251,D_pmar=0.054_dist=100_repair_6_males=4_nmar=3,FG_theta_zero_feeding,104,12,-99,4,3
0.054,8,100,100,0,359.33317857247835,0,1,0.1,0.572076585624648,251,D_pmar=0.054_dist=100_repair_6_males=4_nmar=3,FG_theta_zero_feeding,69,8,-99,4,3
0.054,4,0,0,0,359.68108548826285,0,0,0,0.5509259259259269,252,D_pmar=0.054_dist=100_repair_6_males=4_nmar=3,FG_theta_zero_feeding,71,4,-99,4,3
0.054,9,0,100,0,359.39045060630207,0,1,0.1,0.6124836322050086,252,D_pmar=0.054_dist=100_repair_6_males=4_nmar=3,FG_theta_zero_feeding,84,9,-99,4,3
0.054,14,100,0,0,353.37847461563035,6.012226314830267,0,0,0.6685609394837497,252,D_pmar=0.054_dist=100_repair_6_males=4_nmar=3,FG_theta_zero_feeding,96,14,-99,4,3
0,9,100,100,0,360.28662174479706,0,0,0,0,252,D_pmar=0.054_dist=100_repair_6_males=4_nmar=3,FG_theta_zero_feeding,95,9,-99,4,3
0.054,5,0,0,0,359.45590181629416,0,0,0,0.6203703703703717,253,D_pmar=0.054_dist=100_repair_6_males=4_nmar=3,FG_theta_zero_feeding,66,5,-99,4,3
0.054,12,0,100,0,359.33054496873774,0,0,0,0.6814627754300627,253,D_pmar=0.054_dist=100_repair_6_males=4_nmar=3,FG_theta_zero_feeding,85,12,-99,4,3
0,9,100,0,0,360.0825962037899,0,0,0,0,253,D_pmar=0.054_dist=100_repair_6_males=4_nmar=3,FG_theta_zero_feeding,127,9,-99,4,3
0.054,10,100,100,0,359.546739581878,0,0,0,0.5139453393926847,253,D_pmar=0.054_dist=100_repair_6_males=4_nmar=3,FG_theta_zero_feeding,79,10,-99,4,3
0.054,11,0,0,0,353.2309021870553,6.023219492296385,0,0,0.7752351550408915,254,D_pmar=0.054_dist=100_repair_6_males=4_nmar=3,FG_theta_zero_feeding,80,11,-99,4,3
0,12,0,100,0,360.1492661739021,0,0,0,0,254,D_pmar=0.054_dist=100_repair_6_males=4_nmar=3,FG_theta_zero_feeding,132,12,-99,4,3
0.054,7,100,0,0,353.41428610503016,6.002932892108293,2,0.2,0.537037037037038,254,D_pmar=0.054_dist=100_repair_6_males=4_nmar=3,FG_theta_zero_feeding,94,7,-99,4,3
0.054,6,100,100,0,353.2271170473962,6.074862479730428,1,0.1,0.6997885598729212,254,D_pmar=0.054_dist=100_repair_6_males=4_nmar=3,FG_theta_zero_feeding,76,6,-99,4,3
0.054,6,0,0,0,359.5986203966805,0,0,0,0.6372204180869885,255,D_pmar=0.054_dist=100_repair_6_males=4_nmar=3,FG_theta_zero_feeding,94,6,-99,4,3
0,16,0,100,0,360.2085904232496,0,0,0,0,255,D_pmar=0.054_dist=100_repair_6_males=4_nmar=3,FG_theta_zero_feeding,125,16,-99,4,3
0.054,8,100,0,0,359.1833328782398,0,0,0,0.8368726943880435,255,D_pmar=0.054_dist=100_repair_6_males=4_nmar=3,FG_theta_zero_feeding,80,8,-99,4,3
0.054,6,100,100,0,359.765331745931,0,0,0,0.5601851851851862,255,D_pmar=0.054_dist=100_repair_6_males=4_nmar=3,FG_theta_zero_feeding,82,6,-99,4,3
0.054,12,0,0,0,359.39349973951965,0,0,0,0.6191672007878603,256,D_pmar=0.054_dist=100_repair_6_males=4_nmar=3,FG_theta_zero_feeding,74,12,-99,4,3
0,9,0,100,0,360.0211381907713,0,0,0,0,256,D_pmar=0.054_dist=100_repair_6_males=4_nmar=3,FG_theta_zero_feeding,113,9,-99,4,3
0.054,10,100,0,0,359.3579773093572,0,0,0,0.7787414481560802,256,D_pmar=0.054_dist=100_repair_6_males=4_nmar=3,FG_theta_zero_feeding,79,10,-99,4,3
0.054,5,100,100,0,359.6200483295407,0,0,0,0.537037037037038,256,D_pmar=0.054_dist=100_repair_6_males=4_nmar=3,FG_theta_zero_feeding,101,5,-99,4,3
0.054,11,0,0,0,353.2239338353736,6.083842594920135,1,0.1,0.7135976156937398,257,D_pmar=0.054_dist=100_repair_6_males=4_nmar=3,FG_theta_zero_feeding,80,11,-99,4,3
0.054,10,0,100,0,353.28430154117183,6.099703658478072,1,0.1,0.6183728819209445,257,D_pmar=0.054_dist=100_repair_6_males=4_nmar=3,FG_theta_zero_feeding,77,10,-99,4,3
0,7,100,0,0,360.0073808915573,0,0,0,0,257,D_pmar=0.054_dist=100_repair_6_males=4_nmar=3,FG_theta_zero_feeding,112,7,-99,4,3
0.054,8,100,100,0,359.67578392483307,0,0,0,0.5555555555555566,257,D_pmar=0.054_dist=100_repair_6_males=4_nmar=3,FG_theta_zero_feeding,89,8,-99,4,3
0.054,9,0,0,0,359.52496474966307,0,0,0,0.5509259259259269,258,D_pmar=0.054_dist=100_repair_6_males=4_nmar=3,FG_theta_zero_feeding,83,9,-99,4,3
0.054,9,0,100,0,359.38509452730807,0,0,0,0.6222081926836583,258,D_pmar=0.054_dist=100_repair_6_males=4_nmar=3,FG_theta_zero_feeding,96,9,-99,4,3
0.054,12,100,0,0,359.4129456048359,0,0,0,0.6651344794366315,258,D_pmar=0.054_dist=100_repair_6_males=4_nmar=3,FG_theta_zero_feeding,70,12,-99,4,3
0,6,100,100,0,360.0747026193458,0,0,0,0,258,D_pmar=0.054_dist=100_repair_6_males=4_nmar=3,FG_theta_zero_feeding,117,6,-99,4,3
0,9,0,0,0,360.05268840041055,0,0,0,0,259,D_pmar=0.054_dist=100_repair_6_males=4_nmar=3,FG_theta_zero_feeding,145,9,-99,4,3
0.054,12,0,100,0,359.2592829298507,0,0,0,0.8430909617515047,259,D_pmar=0.054_dist=100_repair_6_males=4_nmar=3,FG_theta_zero_feeding,77,12,-99,4,3
0.054,7,100,0,0,359.3875921566631,0,0,0,0.660504849807002,259,D_pmar=0.054_dist=100_repair_6_males=4_nmar=3,FG_theta_zero_feeding,71,7,-99,4,3
0.054,8,100,100,0,359.3718232071054,0,0,0,0.6445620219648908,259,D_pmar=0.054_dist=100_repair_6_males=4_nmar=3,FG_theta_zero_feeding,101,8,-99,4,3
0.054,8,0,0,0,359.3885942334729,0,0,0,0.7143354840568608,25,D_pmar=0.054_dist=100_repair_6_males=4_nmar=3,FG_theta_zero_feeding,73,8,-99,4,3
0.054,6,0,100,0,359.4719843543299,0,0,0,0.5355048498070014,25,D_pmar=0.054_dist=100_repair_6_males=4_nmar=3,FG_theta_zero_feeding,80,6,-99,4,3
0,15,100,0,0,360.1081976030734,0,0,0,0,25,D_pmar=0.054_dist=100_repair_6_males=4_nmar=3,FG_theta_zero_feeding,117,15,-99,4,3
0.054,7,100,100,0,359.57858744779617,0,0,0,0.5775005341211935,25,D_pmar=0.054_dist=100_repair_6_males=4_nmar=3,FG_theta_zero_feeding,75,7,-99,4,3
0.054,4,0,0,0,359.2418011543913,0,0,0,0.7771528104222485,260,D_pmar=0.054_dist=100_repair_6_males=4_nmar=3,FG_theta_zero_feeding,83,5,-99,4,3
0.054,7,0,100,0,359.7221607678364,0,0,0,0.4953703703703712,260,D_pmar=0.054_dist=100_repair_6_males=4_nmar=3,FG_theta_zero_feeding,89,7,-99,4,3
0,12,100,0,0,360.040768321171,0,0,0,0,260,D_pmar=0.054_dist=100_repair_6_males=4_nmar=3,FG_theta_zero_feeding,116,12,-99,4,3
0.054,13,100,100,0,359.41723686150067,0,0,0,0.6469449785656384,260,D_pmar=0.054_dist=100_repair_6_males=4_nmar=3,FG_theta_zero_feeding,74,13,-99,4,3
0,7,0,0,0,360.0705721004323,0,0,0,0,261,D_pmar=0.054_dist=100_repair_6_males=4_nmar=3,FG_theta_zero_feeding,114,7,-99,4,3
0.054,12,0,100,0,353.59283800194265,6.045735775362713,1,0.1,0.48148148148148223,261,D_pmar=0.054_dist=100_repair_6_males=4_nmar=3,FG_theta_zero_feeding,87,12,-99,4,3
0.054,7,100,0,0,353.0547497181156,6.224585829248122,1,0.1,0.640726711202177,261,D_pmar=0.054_dist=100_repair_6_males=4_nmar=3,FG_theta_zero_feeding,63,7,-99,4,3
0.054,10,100,100,0,359.48333880540935,0,0,0,0.6674376029693085,261,D_pmar=0.054_dist=100_repair_6_males=4_nmar=3,FG_theta_zero_feeding,77,10,-99,4,3
0.054,13,0,0,0,359.3451253443937,0,0,0,0.7621405850189185,262,D_pmar=0.054_dist=100_repair_6_males=4_nmar=3,FG_theta_zero_feeding,85,13,-99,4,3
0,8,0,100,0,360.03785466491684,0,0,0,0,262,D_pmar=0.054_dist=100_repair_6_males=4_nmar=3,FG_theta_zero_feeding,118,8,-99,4,3
0.054,6,100,0,0,353.14008775365073,6.252776232633884,0,0,0.7077881990458742,262,D_pmar=0.054_dist=100_repair_6_males=4_nmar=3,FG_theta_zero_feeding,93,6,-99,4,3
0.054,9,100,100,0,359.38297617634413,0,1,0.1,0.5277777777777787,262,D_pmar=0.054_dist=100_repair_6_males=4_nmar=3,FG_theta_zero_feeding,80,9,-99,4,3
0.054,8,0,0,0,359.5416675629216,0,0,0,0.6283466269790493,263,D_pmar=0.054_dist=100_repair_6_males=4_nmar=3,FG_theta_zero_feeding,91,8,-99,4,3
0.054,9,0,100,0,359.45194588416587,0,0,0,0.5720765856246479,263,D_pmar=0.054_dist=100_repair_6_males=4_nmar=3,FG_theta_zero_feeding,83,9,-99,4,3
0,10,100,0,0,360.21385645622905,0,0,0,0,263,D_pmar=0.054_dist=100_repair_6_males=4_nmar=3,FG_theta_zero_feeding,110,10,-99,4,3
0.054,9,100,100,0,359.5041345642689,0,0,0,0.6111111111111124,263,D_pmar=0.054_dist=100_repair_6_males=4_nmar=3,FG_theta_zero_feeding,58,9,-99,4,3
0.054,12,0,0,0,359.5504666992756,0,0,0,0.615740740740742,264,D_pmar=0.054_dist=100_repair_6_males=4_nmar=3,FG_theta_zero_feeding,78,12,-99,4,3
0.054,6,0,100,0,359.497593990798,0,0,0,0.7124742791792987,264,D_pmar=0.054_dist=100_repair_6_males=4_nmar=3,FG_theta_zero_feeding,81,6,-99,4,3
0,5,100,0,0,360.02524751930895,0,0,0,0,264,D_pmar=0.054_dist=100_repair_6_males=4_nmar=3,FG_theta_zero_feeding,133,5,-99,4,3
0.054,13,100,100,0,359.3784081561211,0,0,0,0.6306731330760018,264,D_pmar=0.054_dist=100_repair_6_males=4_nmar=3,FG_theta_zero_feeding,81,13,-99,4,3
0.054,7,0,0,0,359.4987379556371,0,0,0,0.6230025115505743,265,D_pmar=0.054_dist=100_repair_6_males=4_nmar=3,FG_theta_zero_feeding,71,7,-99,4,3
0,11,0,100,0,360.2544551448942,0,0,0,0,265,D_pmar=0.054_dist=100_repair_6_males=4_nmar=3,FG_theta_zero_feeding,118,11,-99,4,3
0.054,8,100,0,0,359.4748924939879,0,0,0,0.5998543634024259,265,D_pmar=0.054_dist=100_repair_6_males=4_nmar=3,FG_theta_zero_feeding,76,8,-99,4,3
0.054,10,100,100,0,359.48242621134415,0,0,0,0.6137432522913148,265,D_pmar=0.054_dist=100_repair_6_males=4_nmar=3,FG_theta_zero_feeding,82,10,-99,4,3
0.054,5,0,0,0,359.5122967281903,0,0,0,0.6427806501553991,266,D_pmar=0.054_dist=100_repair_6_males=4_nmar=3,FG_theta_zero_feeding,88,5,-99,4,3
0,7,0,100,0,360.12933743894405,0,0,0,0,266,D_pmar=0.054_dist=100_repair_6_males=4_nmar=3,FG_theta_zero_feeding,150,7,-99,4,3
0.054,9,100,0,0,359.1339844500051,0,0,0,0.8697454030148414,266,D_pmar=0.054_dist=100_repair_6_males=4_nmar=3,FG_theta_zero_feeding,76,9,-99,4,3
0.054,15,100,100,0,359.33195619318116,0,0,0,0.720553751420322,266,D_pmar=0.054_dist=100_repair_6_males=4_nmar=3,FG_theta_zero_feeding,100,15,-99,4,3
0.054,7,0,0,0,359.4939604909651,0,0,0,0.670751162008837,267,D_pmar=0.054_dist=100_repair_6_males=4_nmar=3,FG_theta_zero_feeding,84,7,-99,4,3
0.054,9,0,100,0,359.30045724596977,0,1,0.1,0.6989942410060055,267,D_pmar=0.054_dist=100_repair_6_males=4_nmar=3,FG_theta_zero_feeding,55,9,-99,4,3
0,10,100,0,0,360.0173649060606,0,0,0,0,267,D_pmar=0.054_dist=100_repair_6_males=4_nmar=3,FG_theta_zero_feeding,140,10,-99,4,3
0.054,10,100,100,0,353.36574563204374,6.022419118358787,0,0,0.6158536417483319,267,D_pmar=0.054_dist=100_repair_6_males=4_nmar=3,FG_theta_zero_feeding,89,10,-99,4,3
0.054,9,0,0,0,359.46012914184575,0,0,0,0.5555555555555566,268,D_pmar=0.054_dist=100_repair_6_males=4_nmar=3,FG_theta_zero_feeding,76,9,-99,4,3
0.054,5,0,100,0,359.29696087650734,0,1,0.1,0.6134142346437896,268,D_pmar=0.054_dist=100_repair_6_males=4_nmar=3,FG_theta_zero_feeding,78,5,-99,4,3
0,11,100,0,0,360.0570411596536,0,0,0,0,268,D_pmar=0.054_dist=100_repair_6_males=4_nmar=3,FG_theta_zero_feeding,119,11,-99,4,3
0.054,11,100,100,0,353.10410762237626,6.180541701581964,0,0,0.7447454030148409,268,D_pmar=0.054_dist=100_repair_6_males=4_nmar=3,FG_theta_zero_feeding,89,13,-99,4,3
0.054,8,0,0,0,359.53780764539323,0,0,0,0.6198252360829111,269,D_pmar=0.054_dist=100_repair_6_males=4_nmar=3,FG_theta_zero_feeding,67,8,-99,4,3
0,7,0,100,0,360.0806655391561,0,0,0,0,269,D_pmar=0.054_dist=100_repair_6_males=4_nmar=3,FG_theta_zero_feeding,118,7,-99,4,3
0.054,11,100,0,0,359.2577723831259,0,0,0,0.7482516961300296,269,D_pmar=0.054_dist=100_repair_6_males=4_nmar=3,FG_theta_zero_feeding,90,11,-99,4,3
0.054,10,100,100,0,359.5212256310855,0,0,0,0.5092592592592601,269,D_pmar=0.054_dist=100_repair_6_males=4_nmar=3,FG_theta_zero_feeding,75,10,-99,4,3
0.054,6,0,0,0,359.45949993089255,0,0,0,0.5462962962962973,26,D_pmar=0.054_dist=100_repair_6_males=4_nmar=3,FG_theta_zero_feeding,71,6,-99,4,3
0.054,15,0,100,0,359.5000588142248,0,0,0,0.5998543634024259,26,D_pmar=0.054_dist=100_repair_6_males=4_nmar=3,FG_theta_zero_feeding,90,15,-99,4,3
0.054,8,100,0,0,359.408494321909,0,0,0,0.6908583182611872,26,D_pmar=0.054_dist=100_repair_6_males=4_nmar=3,FG_theta_zero_feeding,73,8,-99,4,3
0,7,100,100,0,360.01060552123147,0,0,0,0,26,D_pmar=0.054_dist=100_repair_6_males=4_nmar=3,FG_theta_zero_feeding,128,7,-99,4,3
0.054,6,0,0,0,359.46514313232126,0,0,0,0.5682412748619343,270,D_pmar=0.054_dist=100_repair_6_males=4_nmar=3,FG_theta_zero_feeding,87,6,-99,4,3
0,13,0,100,0,360.1021208889217,0,0,0,0,270,D_pmar=0.054_dist=100_repair_6_males=4_nmar=3,FG_theta_zero_feeding,113,13,-99,4,3
0.054,8,100,0,0,359.60602651373785,0,0,0,0.523148148148149,270,D_pmar=0.054_dist=100_repair_6_males=4_nmar=3,FG_theta_zero_feeding,63,8,-99,4,3
0.054,9,100,100,0,359.313632889447,0,0,0,0.7308565141259522,270,D_pmar=0.054_dist=100_repair_6_males=4_nmar=3,FG_theta_zero_feeding,78,9,-99,4,3
0.054,8,0,0,0,359.2685119179193,0,1,0.1,0.769425738393026,271,D_pmar=0.054_dist=100_repair_6_males=4_nmar=3,FG_theta_zero_feeding,65,8,-99,4,3
0,11,0,100,0,360.1477146995748,0,0,0,0,271,D_pmar=0.054_dist=100_repair_6_males=4_nmar=3,FG_theta_zero_feeding,144,11,-99,4,3
0.054,12,100,0,0,359.4915394214041,0,0,0,0.5694444444444455,271,D_pmar=0.054_dist=100_repair_6_males=4_nmar=3,FG_theta_zero_feeding,72,12,-99,4,3
0.054,5,100,100,0,353.5039052467738,6.002378209359037,0,0,0.6923671229269486,271,D_pmar=0.054_dist=100_repair_6_males=4_nmar=3,FG_theta_zero_feeding,101,5,-99,4,3
0.054,11,0,0,0,359.61493508031515,0,0,0,0.472222222222223,272,D_pmar=0.054_dist=100_repair_6_males=4_nmar=3,FG_theta_zero_feeding,81,11,-99,4,3
0.054,7,0,100,0,359.53839761662584,0,0,0,0.6041549753845302,272,D_pmar=0.054_dist=100_repair_6_males=4_nmar=3,FG_theta_zero_feeding,81,7,-99,4,3
0.054,7,100,0,0,359.38695186188096,0,0,0,0.7108856414454671,272,D_pmar=0.054_dist=100_repair_6_males=4_nmar=3,FG_theta_zero_feeding,65,7,-99,4,3
0,11,100,100,0,360.0626099732167,0,0,0,0,272,D_pmar=0.054_dist=100_repair_6_males=4_nmar=3,FG_theta_zero_feeding,111,11,-99,4,3
0.054,12,0,0,0,359.3472216973823,0,0,0,0.6977910714234941,273,D_pmar=0.054_dist=100_repair_6_males=4_nmar=3,FG_theta_zero_feeding,58,12,-99,4,3
0.054,11,0,100,0,359.6970008151425,0,0,0,0.4212962962962968,273,D_pmar=0.054_dist=100_repair_6_males=4_nmar=3,FG_theta_zero_feeding,70,11,-99,4,3
0,9,100,0,0,360.21933268181135,0,0,0,0,273,D_pmar=0.054_dist=100_repair_6_males=4_nmar=3,FG_theta_zero_feeding,102,9,-99,4,3
0.054,4,100,100,0,359.5174350832012,0,0,0,0.4850442251004658,273,D_pmar=0.054_dist=100_repair_6_males=4_nmar=3,FG_theta_zero_feeding,73,4,-99,4,3
0,12,0,0,0,360.03281999291164,0,0,0,0,274,D_pmar=0.054_dist=100_repair_6_males=4_nmar=3,FG_theta_zero_feeding,113,12,-99,4,3
0.054,7,0,100,0,359.5321920980468,0,0,0,0.698528939786615,274,D_pmar=0.054_dist=100_repair_6_males=4_nmar=3,FG_theta_zero_feeding,89,7,-99,4,3
0.054,9,100,0,0,359.4110777402025,0,0,0,0.6446184724686856,274,D_pmar=0.054_dist=100_repair_6_males=4_nmar=3,FG_theta_zero_feeding,91,9,-99,4,3
0.054,8,100,100,0,359.4168537866948,0,0,0,0.69357029250946,274,D_pmar=0.054_dist=100_repair_6_males=4_nmar=3,FG_theta_zero_feeding,79,8,-99,4,3
0.054,4,0,0,0,359.63309217181745,0,0,0,0.5853638897222813,275,D_pmar=0.054_dist=100_repair_6_males=4_nmar=3,FG_theta_zero_feeding,85,4,-99,4,3
0.054,15,0,100,0,359.3735170253361,0,0,0,0.6592452297206955,275,D_pmar=0.054_dist=100_repair_6_males=4_nmar=3,FG_theta_zero_feeding,79,15,-99,4,3
0.054,6,100,0,0,359.3969049680478,0,0,0,0.6064814814814827,275,D_pmar=0.054_dist=100_repair_6_males=4_nmar=3,FG_theta_zero_feeding,88,6,-99,4,3
0,11,100,100,0,360.01411123942046,0,0,0,0,275,D_pmar=0.054_dist=100_repair_6_males=4_nmar=3,FG_theta_zero_feeding,106,11,-99,4,3
0.054,9,0,0,0,359.27006945710457,0,0,0,0.7583052742562046,276,D_pmar=0.054_dist=100_repair_6_males=4_nmar=3,FG_theta_zero_feeding,83,9,-99,4,3
0,8,0,100,0,360.14884162623747,0,0,0,0,276,D_pmar=0.054_dist=100_repair_6_males=4_nmar=3,FG_theta_zero_feeding,112,8,-99,4,3
0.054,11,100,0,0,359.4438464510097,0,0,0,0.5601851851851862,276,D_pmar=0.054_dist=100_repair_6_males=4_nmar=3,FG_theta_zero_feeding,87,11,-99,4,3
0.054,8,100,100,0,359.4606798084585,0,0,0,0.6276321411802037,276,D_pmar=0.054_dist=100_repair_6_males=4_nmar=3,FG_theta_zero_feeding,87,8,-99,4,3
0.054,9,0,0,0,359.40179187338543,0,0,0,0.6407831617059718,277,D_pmar=0.054_dist=100_repair_6_males=4_nmar=3,FG_theta_zero_feeding,84,9,-99,4,3
0.054,8,0,100,0,359.3499628514969,0,0,0,0.7401956064532818,277,D_pmar=0.054_dist=100_repair_6_males=4_nmar=3,FG_theta_zero_feeding,65,8,-99,4,3
0.054,12,100,0,0,359.60620673845443,0,0,0,0.5416666666666676,277,D_pmar=0.054_dist=100_repair_6_males=4_nmar=3,FG_theta_zero_feeding,81,12,-99,4,3
0,7,100,100,0,360.00224999530997,0,0,0,0,277,D_pmar=0.054_dist=100_repair_6_males=4_nmar=3,FG_theta_zero_feeding,136,7,-99,4,3
0.054,10,0,0,0,359.40498030203,0,0,0,0.6901204498980663,278,D_pmar=0.054_dist=100_repair_6_males=4_nmar=3,FG_theta_zero_feeding,65,10,-99,4,3
0,11,0,100,0,360.2165326657162,0,0,0,0,278,D_pmar=0.054_dist=100_repair_6_males=4_nmar=3,FG_theta_zero_feeding,133,11,-99,4,3
0.054,9,100,0,0,359.49716923358073,0,0,0,0.618838183140335,278,D_pmar=0.054_dist=100_repair_6_males=4_nmar=3,FG_theta_zero_feeding,82,9,-99,4,3
0.054,6,100,100,0,359.5027999552846,0,0,0,0.5694444444444455,278,D_pmar=0.054_dist=100_repair_6_males=4_nmar=3,FG_theta_zero_feeding,81,6,-99,4,3
0.054,11,0,0,0,353.48463612073766,6.040601248432918,1,0.1,0.6726688173901939,279,D_pmar=0.054_dist=100_repair_6_males=4_nmar=3,FG_theta_zero_feeding,89,11,-99,4,3
0.054,12,0,100,0,359.45361749713607,0,0,0,0.5833333333333345,279,D_pmar=0.054_dist=100_repair_6_males=4_nmar=3,FG_theta_zero_feeding,65,12,-99,4,3
0,7,100,0,0,360.0150547828645,0,0,0,0,279,D_pmar=0.054_dist=100_repair_6_males=4_nmar=3,FG_theta_zero_feeding,135,7,-99,4,3
0.054,6,100,100,0,353.3954052532307,6.034340585787096,1,0.1,0.6325907884573587,279,D_pmar=0.054_dist=100_repair_6_males=4_nmar=3,FG_theta_zero_feeding,80,6,-99,4,3
0,3,0,0,0,360.2917590738041,0,0,0,0,27,D_pmar=0.054_dist=100_repair_6_males=4_nmar=3,FG_theta_zero_feeding,136,3,-99,4,3
0.054,10,0,100,0,359.5239714844777,0,0,0,0.6526979447097088,27,D_pmar=0.054_dist=100_repair_6_males=4_nmar=3,FG_theta_zero_feeding,100,10,-99,4,3
0.054,14,100,0,0,359.394639264088,0,0,0,0.7301420283271067,27,D_pmar=0.054_dist=100_repair_6_males=4_nmar=3,FG_theta_zero_feeding,82,14,-99,4,3
0.054,9,100,100,0,359.382797844321,0,0,0,0.7552078318566117,27,D_pmar=0.054_dist=100_repair_6_males=4_nmar=3,FG_theta_zero_feeding,85,9,-99,4,3
0.054,8,0,0,0,359.5631246883805,0,0,0,0.5813358448839072,280,D_pmar=0.054_dist=100_repair_6_males=4_nmar=3,FG_theta_zero_feeding,90,8,-99,4,3
0,13,0,100,0,360.26674899977223,0,0,0,0,280,D_pmar=0.054_dist=100_repair_6_males=4_nmar=3,FG_theta_zero_feeding,97,13,-99,4,3
0.054,9,100,0,0,359.5347808446951,0,0,0,0.5706242314626817,280,D_pmar=0.054_dist=100_repair_6_males=4_nmar=3,FG_theta_zero_feeding,87,9,-99,4,3
0.054,6,100,100,0,359.3380525398296,0,0,0,0.6657925147316822,280,D_pmar=0.054_dist=100_repair_6_males=4_nmar=3,FG_theta_zero_feeding,71,6,-99,4,3
0.054,8,0,0,0,353.27753890256787,6.01197222876531,1,0.1,0.6507802893283522,281,D_pmar=0.054_dist=100_repair_6_males=4_nmar=3,FG_theta_zero_feeding,78,9,-99,4,3
0,11,0,100,0,360.0791240969426,0,0,0,0,281,D_pmar=0.054_dist=100_repair_6_males=4_nmar=3,FG_theta_zero_feeding,119,11,-99,4,3
0.054,11,100,0,0,359.30686100274664,0,0,0,0.7197594325534062,281,D_pmar=0.054_dist=100_repair_6_males=4_nmar=3,FG_theta_zero_feeding,77,11,-99,4,3
0.054,6,100,100,0,353.32060915910125,6.161664245886932,1,0.1,0.5235336162994694,281,D_pmar=0.054_dist=100_repair_6_males=4_nmar=3,FG_theta_zero_feeding,85,7,-99,4,3
0.054,6,0,0,0,359.55173371935774,0,0,0,0.7729884820120093,282,D_pmar=0.054_dist=100_repair_6_males=4_nmar=3,FG_theta_zero_feeding,83,6,-99,4,3
0,11,0,100,0,360.1054202615891,0,0,0,0,282,D_pmar=0.054_dist=100_repair_6_males=4_nmar=3,FG_theta_zero_feeding,108,11,-99,4,3
0.054,12,100,0,0,359.5072029741662,0,0,0,0.5138888888888897,282,D_pmar=0.054_dist=100_repair_6_males=4_nmar=3,FG_theta_zero_feeding,78,12,-99,4,3
0.054,7,100,100,0,359.60457007365386,0,0,0,0.5963480702872374,282,D_pmar=0.054_dist=100_repair_6_males=4_nmar=3,FG_theta_zero_feeding,86,7,-99,4,3
0.054,8,0,0,0,359.35597177767204,0,0,0,0.6623426721202884,283,D_pmar=0.054_dist=100_repair_6_males=4_nmar=3,FG_theta_zero_feeding,79,8,-99,4,3
0,9,0,100,0,360.30429828899935,0,0,0,0,283,D_pmar=0.054_dist=100_repair_6_males=4_nmar=3,FG_theta_zero_feeding,127,9,-99,4,3
0.054,10,100,0,0,359.6279158700068,0,0,0,0.5509259259259269,283,D_pmar=0.054_dist=100_repair_6_males=4_nmar=3,FG_theta_zero_feeding,76,10,-99,4,3
0.054,9,100,100,0,359.4356391059177,0,0,0,0.6554099189579817,283,D_pmar=0.054_dist=100_repair_6_males=4_nmar=3,FG_theta_zero_feeding,74,9,-99,4,3
0.054,12,0,0,0,359.44220082129476,0,0,0,0.5660510523368468,284,D_pmar=0.054_dist=100_repair_6_males=4_nmar=3,FG_theta_zero_feeding,86,12,-99,4,3
0.054,8,0,100,0,359.39904128263765,0,0,0,0.701569931682413,284,D_pmar=0.054_dist=100_repair_6_males=4_nmar=3,FG_theta_zero_feeding,59,8,-99,4,3
0,6,100,0,0,360.1710786592486,0,0,0,0,284,D_pmar=0.054_dist=100_repair_6_males=4_nmar=3,FG_theta_zero_feeding,126,6,-99,4,3
0.054,10,100,100,0,359.4995029049982,0,0,0,0.5462962962962973,284,D_pmar=0.054_dist=100_repair_6_males=4_nmar=3,FG_theta_zero_feeding,74,10,-99,4,3
0,8,0,0,0,360.1823407083044,0,0,0,0,285,D_pmar=0.054_dist=100_repair_6_males=4_nmar=3,FG_theta_zero_feeding,113,8,-99,4,3
0.054,8,0,100,0,353.1343931003834,6.110752325566582,1,0.1,0.6884753616604399,285,D_pmar=0.054_dist=100_repair_6_males=4_nmar=3,FG_theta_zero_feeding,92,8,-99,4,3
0.054,7,100,0,0,353.062046504213,6.1318859093939775,1,0.1,0.729733177611511,285,D_pmar=0.054_dist=100_repair_6_males=4_nmar=3,FG_theta_zero_feeding,90,7,-99,4,3
0.054,13,100,100,0,359.4555958401978,0,0,0,0.6692988078468707,285,D_pmar=0.054_dist=100_repair_6_males=4_nmar=3,FG_theta_zero_feeding,83,13,-99,4,3
0.054,5,0,0,0,359.3809063784849,0,1,0.1,0.7143919345606558,286,D_pmar=0.054_dist=100_repair_6_males=4_nmar=3,FG_theta_zero_feeding,80,5,-99,4,3
0.054,12,0,100,0,359.4311904861505,0,0,0,0.7224714068016791,286,D_pmar=0.054_dist=100_repair_6_males=4_nmar=3,FG_theta_zero_feeding,84,12,-99,4,3
0.054,10,100,0,0,353.5361039264657,6.01210371708413,0,0,0.6439039866698403,286,D_pmar=0.054_dist=100_repair_6_males=4_nmar=3,FG_theta_zero_feeding,80,10,-99,4,3
0,9,100,100,0,360.164711944614,0,0,0,0,286,D_pmar=0.054_dist=100_repair_6_males=4_nmar=3,FG_theta_zero_feeding,140,9,-99,4,3
0.054,5,0,0,0,359.45529615990836,0,0,0,0.6819845271532482,287,D_pmar=0.054_dist=100_repair_6_males=4_nmar=3,FG_theta_zero_feeding,80,5,-99,4,3
0.054,8,0,100,0,359.38852497770824,0,0,0,0.6954879478908169,287,D_pmar=0.054_dist=100_repair_6_males=4_nmar=3,FG_theta_zero_feeding,82,8,-99,4,3
0,9,100,0,0,360.1306883451075,0,0,0,0,287,D_pmar=0.054_dist=100_repair_6_males=4_nmar=3,FG_theta_zero_feeding,113,9,-99,4,3
0.054,14,100,100,0,359.6061840413265,0,0,0,0.5644059640992206,287,D_pmar=0.054_dist=100_repair_6_males=4_nmar=3,FG_theta_zero_feeding,79,14,-99,4,3
0,10,0,0,0,360.08327577853964,0,0,0,0,288,D_pmar=0.054_dist=100_repair_6_males=4_nmar=3,FG_theta_zero_feeding,114,10,-99,4,3
0.054,7,0,100,0,359.29221358827766,0,0,0,0.7220625560860833,288,D_pmar=0.054_dist=100_repair_6_males=4_nmar=3,FG_theta_zero_feeding,93,7,-99,4,3
0.054,8,100,0,0,359.43442221757556,0,0,0,0.5879629629629641,288,D_pmar=0.054_dist=100_repair_6_males=4_nmar=3,FG_theta_zero_feeding,72,8,-99,4,3
0.054,11,100,100,0,359.36985675798957,0,0,0,0.6310021507235272,288,D_pmar=0.054_dist=100_repair_6_males=4_nmar=3,FG_theta_zero_feeding,86,11,-99,4,3
0.054,9,0,0,0,359.43642481505793,0,0,0,0.5879629629629641,289,D_pmar=0.054_dist=100_repair_6_males=4_nmar=3,FG_theta_zero_feeding,78,9,-99,4,3
0.054,7,0,100,0,359.5147570855389,0,0,0,0.6161262088920623,289,D_pmar=0.054_dist=100_repair_6_males=4_nmar=3,FG_theta_zero_feeding,74,7,-99,4,3
0,11,100,0,0,360.0498139898179,0,0,0,0,289,D_pmar=0.054_dist=100_repair_6_males=4_nmar=3,FG_theta_zero_feeding,127,11,-99,4,3
0.054,9,100,100,0,359.57195261332686,0,0,0,0.6380711874576992,289,D_pmar=0.054_dist=100_repair_6_males=4_nmar=3,FG_theta_zero_feeding,75,9,-99,4,3
0.054,9,0,0,0,359.30240954228054,0,0,0,0.7919158512461237,290,D_pmar=0.054_dist=100_repair_6_males=4_nmar=3,FG_theta_zero_feeding,72,9,-99,4,3
0.054,6,0,100,0,359.32163129950675,0,0,0,0.7178982276758441,290,D_pmar=0.054_dist=100_repair_6_males=4_nmar=3,FG_theta_zero_feeding,88,6,-99,4,3
0,11,100,0,0,360.03010017646,0,0,0,0,290,D_pmar=0.054_dist=100_repair_6_males=4_nmar=3,FG_theta_zero_feeding,127,11,-99,4,3
0.054,10,100,100,0,359.6820642432731,0,0,0,0.5138888888888897,290,D_pmar=0.054_dist=100_repair_6_males=4_nmar=3,FG_theta_zero_feeding,100,10,-99,4,3
0.054,12,0,0,0,353.48620518175875,6.0169542708634545,0,0,0.5736652233584797,291,D_pmar=0.054_dist=100_repair_6_males=4_nmar=3,FG_theta_zero_feeding,64,12,-99,4,3
0,4,0,100,0,360.07126887243317,0,0,0,0,291,D_pmar=0.054_dist=100_repair_6_males=4_nmar=3,FG_theta_zero_feeding,98,4,-99,4,3
0.054,12,100,0,0,359.283562409127,0,1,0.1,0.6350301955619011,291,D_pmar=0.054_dist=100_repair_6_males=4_nmar=3,FG_theta_zero_feeding,87,12,-99,4,3
0.054,8,100,100,0,359.50155328308716,0,0,0,0.5092592592592601,291,D_pmar=0.054_dist=100_repair_6_males=4_nmar=3,FG_theta_zero_feeding,79,8,-99,4,3
0.054,9,0,0,0,359.39314416560916,0,0,0,0.6317964695904429,292,D_pmar=0.054_dist=100_repair_6_males=4_nmar=3,FG_theta_zero_feeding,84,9,-99,4,3
0,12,0,100,0,360.0252527260738,0,0,0,0,292,D_pmar=0.054_dist=100_repair_6_males=4_nmar=3,FG_theta_zero_feeding,139,12,-99,4,3
0.054,8,100,0,0,359.24172421474583,0,1,0.1,0.6712962962962978,292,D_pmar=0.054_dist=100_repair_6_males=4_nmar=3,FG_theta_zero_feeding,79,8,-99,4,3
0.054,7,100,100,0,353.2592689794534,6.166862227145125,0,0,0.6153318900251464,292,D_pmar=0.054_dist=100_repair_6_males=4_nmar=3,FG_theta_zero_feeding,78,7,-99,4,3
0.054,10,0,0,0,359.34573659420863,0,0,0,0.6792161024011805,293,D_pmar=0.054_dist=100_repair_6_males=4_nmar=3,FG_theta_zero_feeding,75,10,-99,4,3
0.054,8,0,100,0,359.3636153326304,0,0,0,0.6772984470198236,293,D_pmar=0.054_dist=100_repair_6_males=4_nmar=3,FG_theta_zero_feeding,73,8,-99,4,3
0,11,100,0,0,360.0826872942792,0,0,0,0,293,D_pmar=0.054_dist=100_repair_6_males=4_nmar=3,FG_theta_zero_feeding,109,11,-99,4,3
0.054,7,100,100,0,359.3951388163313,0,0,0,0.6157173581764666,293,D_pmar=0.054_dist=100_repair_6_males=4_nmar=3,FG_theta_zero_feeding,99,7,-99,4,3
0.054,8,0,0,0,359.5043854904714,0,1,0.1,0.5324074074074083,294,D_pmar=0.054_dist=100_repair_6_males=4_nmar=3,FG_theta_zero_feeding,73,8,-99,4,3
0.054,9,0,100,0,359.4004423604203,0,0,0,0.6233315291980995,294,D_pmar=0.054_dist=100_repair_6_males=4_nmar=3,FG_theta_zero_feeding,75,9,-99,4,3
0,8,100,0,0,360.31801100372127,0,0,0,0,294,D_pmar=0.054_dist=100_repair_6_males=4_nmar=3,FG_theta_zero_feeding,121,8,-99,4,3
0.054,11,100,100,0,353.5901808422817,6.011570849417962,0,0,0.5493937386958904,294,D_pmar=0.054_dist=100_repair_6_males=4_nmar=3,FG_theta_zero_feeding,67,11,-99,4,3
0.054,12,0,0,0,359.32368898539795,0,1,0.1,0.6250000000000013,295,D_pmar=0.054_dist=100_repair_6_males=4_nmar=3,FG_theta_zero_feeding,66,12,-99,4,3
0.054,14,0,100,0,353.5070843723394,6.183769139192032,0,0,0.6306731330760017,295,D_pmar=0.054_dist=100_repair_6_males=4_nmar=3,FG_theta_zero_feeding,99,14,-99,4,3
0.054,8,100,0,0,359.48821163808947,0,0,0,0.6191672007878603,295,D_pmar=0.054_dist=100_repair_6_males=4_nmar=3,FG_theta_zero_feeding,88,8,-99,4,3
0,2,100,100,0,360.0660153109267,0,0,0,0,295,D_pmar=0.054_dist=100_repair_6_males=4_nmar=3,FG_theta_zero_feeding,118,2,-99,4,3
0.054,10,0,0,0,359.5374106736543,0,0,0,0.5046296296296304,296,D_pmar=0.054_dist=100_repair_6_males=4_nmar=3,FG_theta_zero_feeding,78,10,-99,4,3
0,10,0,100,0,360.17685570418877,0,0,0,0,296,D_pmar=0.054_dist=100_repair_6_males=4_nmar=3,FG_theta_zero_feeding,129,10,-99,4,3
0.054,4,100,0,0,359.5027023507518,0,0,0,0.6640111429221903,296,D_pmar=0.054_dist=100_repair_6_males=4_nmar=3,FG_theta_zero_feeding,80,4,-99,4,3
0.054,12,100,100,0,359.48884622989846,0,0,0,0.6831078636676892,296,D_pmar=0.054_dist=100_repair_6_males=4_nmar=3,FG_theta_zero_feeding,67,12,-99,4,3
0.054,9,0,0,0,359.4561041920253,0,0,0,0.6600395485876112,297,D_pmar=0.054_dist=100_repair_6_males=4_nmar=3,FG_theta_zero_feeding,81,9,-99,4,3
0.054,10,0,100,0,359.5336097007125,0,0,0,0.6237968304174899,297,D_pmar=0.054_dist=100_repair_6_males=4_nmar=3,FG_theta_zero_feeding,75,10,-99,4,3
0.054,11,100,0,0,359.6295924454729,0,0,0,0.4675925925925933,297,D_pmar=0.054_dist=100_repair_6_males=4_nmar=3,FG_theta_zero_feeding,84,11,-99,4,3
0,6,100,100,0,360.0867173274444,0,0,0,0,297,D_pmar=0.054_dist=100_repair_6_males=4_nmar=3,FG_theta_zero_feeding,106,6,-99,4,3
0.054,11,0,0,0,359.4960347942976,0,0,0,0.6206195549498267,298,D_pmar=0.054_dist=100_repair_6_males=4_nmar=3,FG_theta_zero_feeding,94,11,-99,4,3
0.054,9,0,100,0,359.5288066166949,0,0,0,0.636891400439463,298,D_pmar=0.054_dist=100_repair_6_males=4_nmar=3,FG_theta_zero_feeding,101,9,-99,4,3
0.054,10,100,0,0,359.2653020085871,0,0,0,0.799257455124026,298,D_pmar=0.054_dist=100_repair_6_males=4_nmar=3,FG_theta_zero_feeding,73,10,-99,4,3
0,6,100,100,0,360.0865489116888,0,0,0,0,298,D_pmar=0.054_dist=100_repair_6_males=4_nmar=3,FG_theta_zero_feeding,122,6,-99,4,3
0.054,16,0,0,0,359.32602666907275,0,0,0,0.6981999221390895,299,D_pmar=0.054_dist=100_repair_6_males=4_nmar=3,FG_theta_zero_feeding,91,16,-99,4,3
0.054,6,0,100,0,359.44516655876185,0,0,0,0.5648148148148159,299,D_pmar=0.054_dist=100_repair_6_males=4_nmar=3,FG_theta_zero_feeding,91,6,-99,4,3
0.054,8,100,0,0,359.31849615703504,0,0,0,0.7148007852762512,299,D_pmar=0.054_dist=100_repair_6_males=4_nmar=3,FG_theta_zero_feeding,80,8,-99,4,3
0,6,100,100,0,360.0273239048733,0,0,0,0,299,D_pmar=0.054_dist=100_repair_6_males=4_nmar=3,FG_theta_zero_feeding,130,6,-99,4,3
0.054,6,0,0,0,359.5280339901069,0,0,0,0.6322617708098336,29,D_pmar=0.054_dist=100_repair_6_males=4_nmar=3,FG_theta_zero_feeding,73,6,-99,4,3
0.054,14,0,100,0,359.41182333375815,0,0,0,0.6064016484134125,29,D_pmar=0.054_dist=100_repair_6_males=4_nmar=3,FG_theta_zero_feeding,93,14,-99,4,3
0,5,100,0,0,360.0395886891089,0,0,0,0,29,D_pmar=0.054_dist=100_repair_6_males=4_nmar=3,FG_theta_zero_feeding,112,5,-99,4,3
0.054,11,100,100,0,359.41860904861517,0,0,0,0.6554099189579817,29,D_pmar=0.054_dist=100_repair_6_males=4_nmar=3,FG_theta_zero_feeding,81,11,-99,4,3
0.054,12,0,0,0,353.33111481482587,6.1802677229274705,0,0,0.5979367080210691,300,D_pmar=0.054_dist=100_repair_6_males=4_nmar=3,FG_theta_zero_feeding,74,13,-99,4,3
0.054,11,0,100,0,359.26925815099884,0,1,0.1,0.6345648943425106,300,D_pmar=0.054_dist=100_repair_6_males=4_nmar=3,FG_theta_zero_feeding,78,11,-99,4,3
0,4,100,0,0,360.2180023835288,0,0,0,0,300,D_pmar=0.054_dist=100_repair_6_males=4_nmar=3,FG_theta_zero_feeding,100,4,-99,4,3
0.054,9,100,100,0,359.40945468937946,0,0,0,0.6488626339469952,300,D_pmar=0.054_dist=100_repair_6_males=4_nmar=3,FG_theta_zero_feeding,91,9,-99,4,3
0,10,0,0,0,360.0262573829481,0,0,0,0,301,D_pmar=0.054_dist=100_repair_6_males=4_nmar=3,FG_theta_zero_feeding,99,10,-99,4,3
0.054,9,0,100,0,347.36479700310207,12.140962420108472,0,0,0.5370934875408331,301,D_pmar=0.054_dist=100_repair_6_males=4_nmar=3,FG_theta_zero_feeding,80,10,-99,4,3
0.054,8,100,0,0,359.5990187046113,0,0,0,0.5953610173446614,301,D_pmar=0.054_dist=100_repair_6_males=4_nmar=3,FG_theta_zero_feeding,76,8,-99,4,3
0.054,9,100,100,0,359.3369391170158,0,2,0.2,0.5138888888888897,301,D_pmar=0.054_dist=100_repair_6_males=4_nmar=3,FG_theta_zero_feeding,77,9,-99,4,3
0.054,12,0,0,0,359.42792352495434,0,0,0,0.5948957161252709,302,D_pmar=0.054_dist=100_repair_6_males=4_nmar=3,FG_theta_zero_feeding,85,12,-99,4,3
0.054,10,0,100,0,359.4528768965774,0,0,0,0.5968133715066279,302,D_pmar=0.054_dist=100_repair_6_males=4_nmar=3,FG_theta_zero_feeding,94,10,-99,4,3
0.054,3,100,0,0,359.67080330711167,0,0,0,0.6056073295464965,302,D_pmar=0.054_dist=100_repair_6_males=4_nmar=3,FG_theta_zero_feeding,71,3,-99,4,3
0,11,100,100,0,360.162809836056,0,0,0,0,302,D_pmar=0.054_dist=100_repair_6_males=4_nmar=3,FG_theta_zero_feeding,91,11,-99,4,3
0,10,0,0,0,360.0161644985628,0,0,0,0,303,D_pmar=0.054_dist=100_repair_6_males=4_nmar=3,FG_theta_zero_feeding,118,10,-99,4,3
0.054,7,0,100,0,359.6405794748617,0,0,0,0.5821301637508232,303,D_pmar=0.054_dist=100_repair_6_males=4_nmar=3,FG_theta_zero_feeding,85,7,-99,4,3
0.054,12,100,0,0,359.24399669502424,0,0,0,0.7826565919868643,303,D_pmar=0.054_dist=100_repair_6_males=4_nmar=3,FG_theta_zero_feeding,85,12,-99,4,3
0.054,7,100,100,0,359.55512124154575,0,0,0,0.635768063925022,303,D_pmar=0.054_dist=100_repair_6_males=4_nmar=3,FG_theta_zero_feeding,94,7,-99,4,3
0,7,0,0,0,360.2065171432128,0,0,0,0,304,D_pmar=0.054_dist=100_repair_6_males=4_nmar=3,FG_theta_zero_feeding,122,7,-99,4,3
0.054,10,0,100,0,359.35720574096524,0,0,0,0.7807389366055075,304,D_pmar=0.054_dist=100_repair_6_males=4_nmar=3,FG_theta_zero_feeding,85,10,-99,4,3
0.054,9,100,0,0,359.3947559739995,0,0,0,0.6480683150800793,304,D_pmar=0.054_dist=100_repair_6_males=4_nmar=3,FG_theta_zero_feeding,103,9,-99,4,3
0.054,10,100,100,0,359.4038950142331,0,0,0,0.6014430011362576,304,D_pmar=0.054_dist=100_repair_6_males=4_nmar=3,FG_theta_zero_feeding,78,10,-99,4,3
0.054,13,0,0,0,359.46033940479884,0,0,0,0.629629629629631,305,D_pmar=0.054_dist=100_repair_6_males=4_nmar=3,FG_theta_zero_feeding,84,13,-99,4,3
0.054,8,0,100,0,359.52099696119836,0,0,0,0.6049492942514461,305,D_pmar=0.054_dist=100_repair_6_males=4_nmar=3,FG_theta_zero_feeding,84,8,-99,4,3
0.054,11,100,0,0,359.3927289746463,0,0,0,0.6938993101569852,305,D_pmar=0.054_dist=100_repair_6_males=4_nmar=3,FG_theta_zero_feeding,88,11,-99,4,3
0,4,100,100,0,360.1703922710186,0,0,0,0,305,D_pmar=0.054_dist=100_repair_6_males=4_nmar=3,FG_theta_zero_feeding,127,4,-99,4,3
0.054,11,0,0,0,359.4979447645551,0,0,0,0.6535487140804197,306,D_pmar=0.054_dist=100_repair_6_males=4_nmar=3,FG_theta_zero_feeding,66,11,-99,4,3
0,8,0,100,0,360.04374513677124,0,0,0,0,306,D_pmar=0.054_dist=100_repair_6_males=4_nmar=3,FG_theta_zero_feeding,111,8,-99,4,3
0.054,10,100,0,0,359.5317077542695,0,0,0,0.472222222222223,306,D_pmar=0.054_dist=100_repair_6_males=4_nmar=3,FG_theta_zero_feeding,84,10,-99,4,3
0.054,7,100,100,0,359.4661900569093,0,0,0,0.5763771976067524,306,D_pmar=0.054_dist=100_repair_6_males=4_nmar=3,FG_theta_zero_feeding,64,7,-99,4,3
0.054,11,0,0,0,359.43534948663194,0,0,0,0.6851053521171164,307,D_pmar=0.054_dist=100_repair_6_males=4_nmar=3,FG_theta_zero_feeding,69,11,-99,4,3
0,5,0,100,0,360.161729572494,0,0,0,0,307,D_pmar=0.054_dist=100_repair_6_males=4_nmar=3,FG_theta_zero_feeding,130,5,-99,4,3
0.054,6,100,0,0,359.54735488467963,0,0,0,0.6885318121642346,307,D_pmar=0.054_dist=100_repair_6_males=4_nmar=3,FG_theta_zero_feeding,77,6,-99,4,3
0.054,14,100,100,0,359.6559467323628,0,0,0,0.5000000000000008,307,D_pmar=0.054_dist=100_repair_6_males=4_nmar=3,FG_theta_zero_feeding,79,14,-99,4,3
0.054,9,0,0,0,359.28967134427785,0,0,0,0.731787116564733,308,D_pmar=0.054_dist=100_repair_6_males=4_nmar=3,FG_theta_zero_feeding,85,9,-99,4,3
0.054,10,0,100,0,359.39523551405017,0,0,0,0.70858251791279,308,D_pmar=0.054_dist=100_repair_6_males=4_nmar=3,FG_theta_zero_feeding,75,10,-99,4,3
0,9,100,0,0,360.1789718786888,0,0,0,0,308,D_pmar=0.054_dist=100_repair_6_males=4_nmar=3,FG_theta_zero_feeding,122,9,-99,4,3
0.054,8,100,100,0,359.6461019285852,0,0,0,0.5879629629629641,308,D_pmar=0.054_dist=100_repair_6_males=4_nmar=3,FG_theta_zero_feeding,106,8,-99,4,3
0.054,10,0,0,0,359.35572498632985,0,0,0,0.6635458417028,309,D_pmar=0.054_dist=100_repair_6_males=4_nmar=3,FG_theta_zero_feeding,84,10,-99,4,3
0.054,12,0,100,0,359.26619650890166,0,1,0.1,0.6456853584793318,309,D_pmar=0.054_dist=100_repair_6_males=4_nmar=3,FG_theta_zero_feeding,78,12,-99,4,3
0.054,7,100,0,0,353.111827694585,6.256618202777979,0,0,0.6762315610091774,309,D_pmar=0.054_dist=100_repair_6_males=4_nmar=3,FG_theta_zero_feeding,84,7,-99,4,3
0,7,100,100,0,360.02280731356893,0,0,0,0,309,D_pmar=0.054_dist=100_repair_6_males=4_nmar=3,FG_theta_zero_feeding,117,7,-99,4,3
0,13,0,0,0,360.00901283266717,0,0,0,0,30,D_pmar=0.054_dist=100_repair_6_males=4_nmar=3,FG_theta_zero_feeding,139,13,-99,4,3
0.054,12,0,100,0,359.4967473558295,0,0,0,0.6250000000000013,30,D_pmar=0.054_dist=100_repair_6_males=4_nmar=3,FG_theta_zero_feeding,70,12,-99,4,3
0.054,6,100,0,0,359.41232960467374,0,0,0,0.6071959672803281,30,D_pmar=0.054_dist=100_repair_6_males=4_nmar=3,FG_theta_zero_feeding,93,6,-99,4,3
0.054,5,100,100,0,359.25142550226883,0,0,0,0.8129302273729793,30,D_pmar=0.054_dist=100_repair_6_males=4_nmar=3,FG_theta_zero_feeding,83,5,-99,4,3
0,8,0,0,0,360.062960633524,0,0,0,0,310,D_pmar=0.054_dist=100_repair_6_males=4_nmar=3,FG_theta_zero_feeding,135,8,-99,4,3
0.054,10,0,100,0,359.51488180999985,0,0,0,0.6978709044915643,310,D_pmar=0.054_dist=100_repair_6_males=4_nmar=3,FG_theta_zero_feeding,77,10,-99,4,3
0.054,6,100,0,0,359.4795393596318,0,0,0,0.523148148148149,310,D_pmar=0.054_dist=100_repair_6_males=4_nmar=3,FG_theta_zero_feeding,73,6,-99,4,3
0.054,12,100,100,0,359.41103376608584,0,0,0,0.6776839151711439,310,D_pmar=0.054_dist=100_repair_6_males=4_nmar=3,FG_theta_zero_feeding,75,12,-99,4,3
0.054,7,0,0,0,359.45552643773135,0,0,0,0.6588363790051,311,D_pmar=0.054_dist=100_repair_6_males=4_nmar=3,FG_theta_zero_feeding,82,7,-99,4,3
0.054,12,0,100,0,359.48786442333835,0,0,0,0.6203703703703717,311,D_pmar=0.054_dist=100_repair_6_males=4_nmar=3,FG_theta_zero_feeding,82,12,-99,4,3
0,6,100,0,0,360.04296049278173,0,0,0,0,311,D_pmar=0.054_dist=100_repair_6_males=4_nmar=3,FG_theta_zero_feeding,149,6,-99,4,3
0.054,11,100,100,0,359.3308284902566,0,0,0,0.7256486822693421,311,D_pmar=0.054_dist=100_repair_6_males=4_nmar=3,FG_theta_zero_feeding,72,11,-99,4,3
0.054,12,0,0,0,359.72092660350484,0,0,0,0.5685702925094595,312,D_pmar=0.054_dist=100_repair_6_males=4_nmar=3,FG_theta_zero_feeding,83,12,-99,4,3
0.054,10,0,100,0,359.3523087571135,0,0,0,0.6750517739909413,312,D_pmar=0.054_dist=100_repair_6_males=4_nmar=3,FG_theta_zero_feeding,75,10,-99,4,3
0.054,7,100,0,0,359.3817059262252,0,0,0,0.6483973327276046,312,D_pmar=0.054_dist=100_repair_6_males=4_nmar=3,FG_theta_zero_feeding,76,7,-99,4,3
0,7,100,100,0,360.1264466185686,0,0,0,0,312,D_pmar=0.054_dist=100_repair_6_males=4_nmar=3,FG_theta_zero_feeding,120,7,-99,4,3
0.054,8,0,0,0,359.35098051193773,0,1,0.1,0.5540233683255198,313,D_pmar=0.054_dist=100_repair_6_males=4_nmar=3,FG_theta_zero_feeding,69,8,-99,4,3
0.054,14,0,100,0,359.53506615157835,0,0,0,0.5905951041431666,313,D_pmar=0.054_dist=100_repair_6_males=4_nmar=3,FG_theta_zero_feeding,80,14,-99,4,3
0,6,100,0,0,360.16584309057663,0,0,0,0,313,D_pmar=0.054_dist=100_repair_6_males=4_nmar=3,FG_theta_zero_feeding,119,6,-99,4,3
0.054,8,100,100,0,353.21515238748657,6.166079308069673,0,0,0.6769694293722982,313,D_pmar=0.054_dist=100_repair_6_males=4_nmar=3,FG_theta_zero_feeding,77,8,-99,4,3
0,6,0,0,0,360.00160825690097,0,0,0,0,314,D_pmar=0.054_dist=100_repair_6_males=4_nmar=3,FG_theta_zero_feeding,136,6,-99,4,3
0.054,8,0,100,0,359.26323268123383,0,0,0,0.7659758957816323,314,D_pmar=0.054_dist=100_repair_6_males=4_nmar=3,FG_theta_zero_feeding,78,8,-99,4,3
0.054,11,100,0,0,359.46573386265544,0,0,0,0.694364611376376,314,D_pmar=0.054_dist=100_repair_6_males=4_nmar=3,FG_theta_zero_feeding,84,11,-99,4,3
0.054,11,100,100,0,359.39655577036814,0,0,0,0.6681754713324294,314,D_pmar=0.054_dist=100_repair_6_males=4_nmar=3,FG_theta_zero_feeding,93,11,-99,4,3
0.054,13,0,0,0,359.4041189817944,0,0,0,0.6250000000000013,315,D_pmar=0.054_dist=100_repair_6_males=4_nmar=3,FG_theta_zero_feeding,95,13,-99,4,3
0.054,7,0,100,0,359.3766615540787,0,0,0,0.7852887331670667,315,D_pmar=0.054_dist=100_repair_6_males=4_nmar=3,FG_theta_zero_feeding,90,7,-99,4,3
0.054,3,100,0,0,359.42272149219406,0,0,0,0.6685044889799548,315,D_pmar=0.054_dist=100_repair_6_males=4_nmar=3,FG_theta_zero_feeding,90,3,-99,4,3
0,13,100,100,0,360.1907365681432,0,0,0,0,315,D_pmar=0.054_dist=100_repair_6_males=4_nmar=3,FG_theta_zero_feeding,121,13,-99,4,3
0.054,8,0,0,0,353.3098453532128,6.204442617357101,1,0.1,0.5046296296296304,316,D_pmar=0.054_dist=100_repair_6_males=4_nmar=3,FG_theta_zero_feeding,73,8,-99,4,3
0.054,5,0,100,0,353.44035915499813,6.062616690621634,1,0.1,0.5856364568660116,316,D_pmar=0.054_dist=100_repair_6_males=4_nmar=3,FG_theta_zero_feeding,83,5,-99,4,3
0,13,100,0,0,360.21015842226495,0,0,0,0,316,D_pmar=0.054_dist=100_repair_6_males=4_nmar=3,FG_theta_zero_feeding,118,13,-99,4,3
0.054,10,100,100,0,359.49131374137863,0,0,0,0.6491916515945204,316,D_pmar=0.054_dist=100_repair_6_males=4_nmar=3,FG_theta_zero_feeding,69,10,-99,4,3
0.054,10,0,0,0,359.53401065972156,0,0,0,0.5324074074074083,317,D_pmar=0.054_dist=100_repair_6_males=4_nmar=3,FG_theta_zero_feeding,79,10,-99,4,3
0.054,9,0,100,0,359.51372097913173,0,1,0.1,0.6515746081952679,317,D_pmar=0.054_dist=100_repair_6_males=4_nmar=3,FG_theta_zero_feeding,92,9,-99,4,3
0.054,11,100,0,0,353.37213473944337,6.062671228780162,0,0,0.7583052742562046,317,D_pmar=0.054_dist=100_repair_6_males=4_nmar=3,FG_theta_zero_feeding,74,11,-99,4,3
0,6,100,100,0,360.2011845225655,0,0,0,0,317,D_pmar=0.054_dist=100_repair_6_males=4_nmar=3,FG_theta_zero_feeding,124,6,-99,4,3
0.054,10,0,0,0,359.5161107573477,0,0,0,0.6600395485876113,318,D_pmar=0.054_dist=100_repair_6_males=4_nmar=3,FG_theta_zero_feeding,87,10,-99,4,3
0.054,6,0,100,0,353.4341102695428,6.045501933295712,1,0.1,0.6384800381732947,318,D_pmar=0.054_dist=100_repair_6_males=4_nmar=3,FG_theta_zero_feeding,86,7,-99,4,3
0.054,14,100,0,0,353.0720105398494,6.305835723777157,1,0.1,0.667710170113039,318,D_pmar=0.054_dist=100_repair_6_males=4_nmar=3,FG_theta_zero_feeding,84,15,-99,4,3
0,6,100,100,0,360.05577903604996,0,0,0,0,318,D_pmar=0.054_dist=100_repair_6_males=4_nmar=3,FG_theta_zero_feeding,118,6,-99,4,3
0.054,6,0,0,0,353.47155517,6.027378776296286,0,0,0.594895716125271,319,D_pmar=0.054_dist=100_repair_6_males=4_nmar=3,FG_theta_zero_feeding,98,6,-99,4,3
0.054,9,0,100,0,359.4533923079989,0,0,0,0.7760294739078073,319,D_pmar=0.054_dist=100_repair_6_males=4_nmar=3,FG_theta_zero_feeding,66,9,-99,4,3
0,13,100,0,0,360.1408202397764,0,0,0,0,319,D_pmar=0.054_dist=100_repair_6_males=4_nmar=3,FG_theta_zero_feeding,117,13,-99,4,3
0.054,8,100,100,0,359.38775823105715,0,1,0.1,0.5918547242294729,319,D_pmar=0.054_dist=100_repair_6_males=4_nmar=3,FG_theta_zero_feeding,80,8,-99,4,3
0,8,0,0,0,360.03888446974116,0,0,0,0,31,D_pmar=0.054_dist=100_repair_6_males=4_nmar=3,FG_theta_zero_feeding,133,8,-99,4,3
0.054,8,0,100,0,359.4312929010244,0,0,0,0.6931614417938643,31,D_pmar=0.054_dist=100_repair_6_males=4_nmar=3,FG_theta_zero_feeding,94,8,-99,4,3
0.054,12,100,0,0,359.40095838303336,0,0,0,0.6435185185185199,31,D_pmar=0.054_dist=100_repair_6_males=4_nmar=3,FG_theta_zero_feeding,83,12,-99,4,3
0.054,8,100,100,0,359.29112857495846,0,0,0,0.7278953552982246,31,D_pmar=0.054_dist=100_repair_6_males=4_nmar=3,FG_theta_zero_feeding,85,8,-99,4,3
0.054,8,0,0,0,359.4838883333056,0,0,0,0.6111111111111124,320,D_pmar=0.054_dist=100_repair_6_males=4_nmar=3,FG_theta_zero_feeding,99,8,-99,4,3
0,5,0,100,0,360.0442865430359,0,0,0,0,320,D_pmar=0.054_dist=100_repair_6_males=4_nmar=3,FG_theta_zero_feeding,130,5,-99,4,3
0.054,12,100,0,0,359.38987360186405,0,0,0,0.6828586790882343,320,D_pmar=0.054_dist=100_repair_6_males=4_nmar=3,FG_theta_zero_feeding,89,12,-99,4,3
0.054,11,100,100,0,359.35590371636664,0,0,0,0.697734620919699,320,D_pmar=0.054_dist=100_repair_6_males=4_nmar=3,FG_theta_zero_feeding,77,11,-99,4,3
0,6,0,0,0,360.0480748902594,0,0,0,0,321,D_pmar=0.054_dist=100_repair_6_males=4_nmar=3,FG_theta_zero_feeding,112,6,-99,4,3
0.054,9,0,100,0,359.51086845339745,0,0,0,0.6122908981293486,321,D_pmar=0.054_dist=100_repair_6_males=4_nmar=3,FG_theta_zero_feeding,74,9,-99,4,3
0.054,10,100,0,0,359.4568077326947,0,0,0,0.6284264600471197,321,D_pmar=0.054_dist=100_repair_6_males=4_nmar=3,FG_theta_zero_feeding,80,10,-99,4,3
0.054,11,100,100,0,359.66611857812296,0,0,0,0.5886774487618098,321,D_pmar=0.054_dist=100_repair_6_males=4_nmar=3,FG_theta_zero_feeding,84,11,-99,4,3
0.054,10,0,0,0,359.4638935874954,0,0,0,0.6203703703703717,322,D_pmar=0.054_dist=100_repair_6_males=4_nmar=3,FG_theta_zero_feeding,86,10,-99,4,3
0,7,0,100,0,360.2348660188064,0,0,0,0,322,D_pmar=0.054_dist=100_repair_6_males=4_nmar=3,FG_theta_zero_feeding,117,7,-99,4,3
0.054,10,100,0,0,359.4734513232456,0,0,0,0.5444350914187354,322,D_pmar=0.054_dist=100_repair_6_males=4_nmar=3,FG_theta_zero_feeding,79,10,-99,4,3
0.054,9,100,100,0,359.3927260923449,0,0,0,0.7135976156937397,322,D_pmar=0.054_dist=100_repair_6_males=4_nmar=3,FG_theta_zero_feeding,79,9,-99,4,3
0,8,0,0,0,360.2532777494975,0,0,0,0,323,D_pmar=0.054_dist=100_repair_6_males=4_nmar=3,FG_theta_zero_feeding,134,8,-99,4,3
0.054,13,0,100,0,359.19741868524835,0,1,0.1,0.7271010364313086,323,D_pmar=0.054_dist=100_repair_6_males=4_nmar=3,FG_theta_zero_feeding,78,13,-99,4,3
0.054,8,100,0,0,353.2487387934732,6.10374959413883,0,0,0.655001068242386,323,D_pmar=0.054_dist=100_repair_6_males=4_nmar=3,FG_theta_zero_feeding,90,8,-99,4,3
0.054,7,100,100,0,359.4128718485039,0,0,0,0.6064814814814827,323,D_pmar=0.054_dist=100_repair_6_males=4_nmar=3,FG_theta_zero_feeding,77,7,-99,4,3
0.054,8,0,0,0,353.3673151966491,6.207382182147485,0,0,0.6990740740740757,324,D_pmar=0.054_dist=100_repair_6_males=4_nmar=3,FG_theta_zero_feeding,78,8,-99,4,3
0,8,0,100,0,360.05119562472066,0,0,0,0,324,D_pmar=0.054_dist=100_repair_6_males=4_nmar=3,FG_theta_zero_feeding,117,8,-99,4,3
0.054,11,100,0,0,347.45717899721075,12.106444712094191,0,0,0.5763771976067523,324,D_pmar=0.054_dist=100_repair_6_males=4_nmar=3,FG_theta_zero_feeding,92,11,-99,4,3
0.054,9,100,100,0,359.15445669491083,0,3,0.30000000000000004,0.5790891718550251,324,D_pmar=0.054_dist=100_repair_6_males=4_nmar=3,FG_theta_zero_feeding,85,9,-99,4,3
0.054,9,0,0,0,359.4217052632313,0,1,0.1,0.7236511938199149,325,D_pmar=0.054_dist=100_repair_6_males=4_nmar=3,FG_theta_zero_feeding,80,9,-99,4,3
0.054,4,0,100,0,359.51334885255727,0,1,0.1,0.5875541122473686,325,D_pmar=0.054_dist=100_repair_6_males=4_nmar=3,FG_theta_zero_feeding,79,4,-99,4,3
0.054,11,100,0,0,347.079321894164,12.340477175970914,0,0,0.629629629629631,325,D_pmar=0.054_dist=100_repair_6_males=4_nmar=3,FG_theta_zero_feeding,81,11,-99,4,3
0,12,100,100,0,360.13325159709007,0,0,0,0,325,D_pmar=0.054_dist=100_repair_6_males=4_nmar=3,FG_theta_zero_feeding,132,12,-99,4,3
0.054,6,0,0,0,353.2944292388633,6.116958463876348,0,0,0.734442640309211,326,D_pmar=0.054_dist=100_repair_6_males=4_nmar=3,FG_theta_zero_feeding,83,7,-99,4,3
0.054,11,0,100,0,359.44099929928717,0,0,0,0.6604250167389315,326,D_pmar=0.054_dist=100_repair_6_males=4_nmar=3,FG_theta_zero_feeding,79,11,-99,4,3
0.054,11,100,0,0,359.5815379305445,0,1,0.1,0.5601851851851862,326,D_pmar=0.054_dist=100_repair_6_males=4_nmar=3,FG_theta_zero_feeding,83,11,-99,4,3
0,8,100,100,0,360.24244785995023,0,0,0,0,326,D_pmar=0.054_dist=100_repair_6_males=4_nmar=3,FG_theta_zero_feeding,128,8,-99,4,3
0.054,7,0,0,0,353.09056775987295,6.2926440400764845,1,0.1,0.5712822667577323,327,D_pmar=0.054_dist=100_repair_6_males=4_nmar=3,FG_theta_zero_feeding,96,7,-99,4,3
0,13,0,100,0,360.0979418691553,0,0,0,0,327,D_pmar=0.054_dist=100_repair_6_males=4_nmar=3,FG_theta_zero_feeding,120,13,-99,4,3
0.054,11,100,0,0,359.48939576711285,0,0,0,0.6333851073242746,327,D_pmar=0.054_dist=100_repair_6_males=4_nmar=3,FG_theta_zero_feeding,60,11,-99,4,3
0.054,5,100,100,0,353.40929590468676,6.111450121070709,1,0.1,0.6018518518518531,327,D_pmar=0.054_dist=100_repair_6_males=4_nmar=3,FG_theta_zero_feeding,79,5,-99,4,3
0.054,11,0,0,0,359.4030832715864,0,0,0,0.6279611588277291,328,D_pmar=0.054_dist=100_repair_6_males=4_nmar=3,FG_theta_zero_feeding,85,11,-99,4,3
0.054,11,0,100,0,359.57136949971004,0,0,0,0.6546156000910659,328,D_pmar=0.054_dist=100_repair_6_males=4_nmar=3,FG_theta_zero_feeding,78,11,-99,4,3
0.054,8,100,0,0,359.3901442447452,0,0,0,0.6202905373023015,328,D_pmar=0.054_dist=100_repair_6_males=4_nmar=3,FG_theta_zero_feeding,72,8,-99,4,3
0,6,100,100,0,360.2574354151845,0,0,0,0,328,D_pmar=0.054_dist=100_repair_6_males=4_nmar=3,FG_theta_zero_feeding,123,6,-99,4,3
0.054,9,0,0,0,359.1276013318055,0,1,0.1,0.7907126816636121,329,D_pmar=0.054_dist=100_repair_6_males=4_nmar=3,FG_theta_zero_feeding,77,9,-99,4,3
0.054,12,0,100,0,359.73698194014577,0,0,0,0.48148148148148223,329,D_pmar=0.054_dist=100_repair_6_males=4_nmar=3,FG_theta_zero_feeding,96,12,-99,4,3
0.054,3,100,0,0,353.47591991511666,6.01816455236231,0,0,0.6276321411802038,329,D_pmar=0.054_dist=100_repair_6_males=4_nmar=3,FG_theta_zero_feeding,74,3,-99,4,3
0,12,100,100,0,360.17524494529204,0,0,0,0,329,D_pmar=0.054_dist=100_repair_6_males=4_nmar=3,FG_theta_zero_feeding,112,12,-99,4,3
0,12,0,0,0,360.0679211088023,0,0,0,0,32,D_pmar=0.054_dist=100_repair_6_males=4_nmar=3,FG_theta_zero_feeding,119,12,-99,4,3
0.054,10,0,100,0,353.20395346083563,6.132409894249974,0,0,0.6739284374765002,32,D_pmar=0.054_dist=100_repair_6_males=4_nmar=3,FG_theta_zero_feeding,88,10,-99,4,3
0.054,9,100,0,0,359.43093160698197,0,0,0,0.6122110650612782,32,D_pmar=0.054_dist=100_repair_6_males=4_nmar=3,FG_theta_zero_feeding,76,9,-99,4,3
0.054,5,100,100,0,359.28665533274335,0,1,0.1,0.6847763344695912,32,D_pmar=0.054_dist=100_repair_6_males=4_nmar=3,FG_theta_zero_feeding,81,5,-99,4,3
0,9,0,0,0,360.09236825128625,0,0,0,0,330,D_pmar=0.054_dist=100_repair_6_males=4_nmar=3,FG_theta_zero_feeding,110,9,-99,4,3
0.054,12,0,100,0,359.56080217834824,0,0,0,0.6250000000000013,330,D_pmar=0.054_dist=100_repair_6_males=4_nmar=3,FG_theta_zero_feeding,81,12,-99,4,3
0.054,9,100,0,0,359.2391068482234,0,1,0.1,0.6851053521171163,330,D_pmar=0.054_dist=100_repair_6_males=4_nmar=3,FG_theta_zero_feeding,84,10,-99,4,3
0.054,6,100,100,0,353.56809232678535,6.056386423660861,0,0,0.5747885598729208,330,D_pmar=0.054_dist=100_repair_6_males=4_nmar=3,FG_theta_zero_feeding,99,6,-99,4,3
0.054,11,0,0,0,359.50178025196215,0,0,0,0.7470719091117936,331,D_pmar=0.054_dist=100_repair_6_males=4_nmar=3,FG_theta_zero_feeding,92,11,-99,4,3
0.054,11,0,100,0,359.3497539363375,0,0,0,0.7028295517687195,331,D_pmar=0.054_dist=100_repair_6_males=4_nmar=3,FG_theta_zero_feeding,79,11,-99,4,3
0,4,100,0,0,360.00324251289226,0,0,0,0,331,D_pmar=0.054_dist=100_repair_6_males=4_nmar=3,FG_theta_zero_feeding,133,4,-99,4,3
0.054,10,100,100,0,359.4984444939248,0,0,0,0.7632639215333598,331,D_pmar=0.054_dist=100_repair_6_males=4_nmar=3,FG_theta_zero_feeding,97,10,-99,4,3
0,6,0,0,0,360.1222901937723,0,0,0,0,332,D_pmar=0.054_dist=100_repair_6_males=4_nmar=3,FG_theta_zero_feeding,123,6,-99,4,3
0.054,8,0,100,0,359.3437768323739,0,0,0,0.6812700413544027,332,D_pmar=0.054_dist=100_repair_6_males=4_nmar=3,FG_theta_zero_feeding,85,8,-99,4,3
0.054,13,100,0,0,359.55695172812943,0,0,0,0.6919816547756283,332,D_pmar=0.054_dist=100_repair_6_males=4_nmar=3,FG_theta_zero_feeding,83,13,-99,4,3
0.054,9,100,100,0,359.39003572083163,0,0,0,0.620755838521692,332,D_pmar=0.054_dist=100_repair_6_males=4_nmar=3,FG_theta_zero_feeding,90,9,-99,4,3
0.054,6,0,0,0,359.3869739684396,0,0,0,0.7016263821862079,333,D_pmar=0.054_dist=100_repair_6_males=4_nmar=3,FG_theta_zero_feeding,94,6,-99,4,3
0,11,0,100,0,360.1561616265439,0,0,0,0,333,D_pmar=0.054_dist=100_repair_6_males=4_nmar=3,FG_theta_zero_feeding,106,11,-99,4,3
0.054,10,100,0,0,359.415084303836,0,0,0,0.750578202226982,333,D_pmar=0.054_dist=100_repair_6_males=4_nmar=3,FG_theta_zero_feeding,89,10,-99,4,3
0.054,9,100,100,0,359.69885306523594,0,0,0,0.537037037037038,333,D_pmar=0.054_dist=100_repair_6_males=4_nmar=3,FG_theta_zero_feeding,86,9,-99,4,3
0,5,0,0,0,360.1311240263859,0,0,0,0,334,D_pmar=0.054_dist=100_repair_6_males=4_nmar=3,FG_theta_zero_feeding,132,5,-99,4,3
0.054,7,0,100,0,359.4242987598365,0,0,0,0.6194962184353856,334,D_pmar=0.054_dist=100_repair_6_males=4_nmar=3,FG_theta_zero_feeding,82,7,-99,4,3
0.054,12,100,0,0,359.4986504126512,0,0,0,0.6319327531623082,334,D_pmar=0.054_dist=100_repair_6_males=4_nmar=3,FG_theta_zero_feeding,68,12,-99,4,3
0.054,12,100,100,0,359.53735634866166,0,0,0,0.6114965792624327,334,D_pmar=0.054_dist=100_repair_6_males=4_nmar=3,FG_theta_zero_feeding,74,12,-99,4,3
0,7,0,0,0,360.1409655135969,0,0,0,0,335,D_pmar=0.054_dist=100_repair_6_males=4_nmar=3,FG_theta_zero_feeding,131,7,-99,4,3
0.054,9,0,100,0,359.6575458429931,0,0,0,0.6276321411802037,335,D_pmar=0.054_dist=100_repair_6_males=4_nmar=3,FG_theta_zero_feeding,75,9,-99,4,3
0.054,14,100,0,0,359.6887624617621,0,0,0,0.6214138738167425,335,D_pmar=0.054_dist=100_repair_6_males=4_nmar=3,FG_theta_zero_feeding,73,14,-99,4,3
0.054,6,100,100,0,359.31860823200833,0,0,0,0.7460050231011472,335,D_pmar=0.054_dist=100_repair_6_males=4_nmar=3,FG_theta_zero_feeding,84,6,-99,4,3
0,10,0,0,0,360.0522631505365,0,0,0,0,336,D_pmar=0.054_dist=100_repair_6_males=4_nmar=3,FG_theta_zero_feeding,123,10,-99,4,3
0.054,8,0,100,0,359.32092371907453,0,1,0.1,0.6311384342953923,336,D_pmar=0.054_dist=100_repair_6_males=4_nmar=3,FG_theta_zero_feeding,71,8,-99,4,3
0.054,8,100,0,0,353.42055507103623,6.1524834806545305,0,0,0.5286285471484896,336,D_pmar=0.054_dist=100_repair_6_males=4_nmar=3,FG_theta_zero_feeding,81,8,-99,4,3
0.054,10,100,100,0,359.5299490981239,0,0,0,0.6303441154284765,336,D_pmar=0.054_dist=100_repair_6_males=4_nmar=3,FG_theta_zero_feeding,69,10,-99,4,3
0.054,13,0,0,0,359.47264158403044,0,0,0,0.6697641090662612,337,D_pmar=0.054_dist=100_repair_6_males=4_nmar=3,FG_theta_zero_feeding,77,13,-99,4,3
0,12,0,100,0,360.0951398293375,0,0,0,0,337,D_pmar=0.054_dist=100_repair_6_males=4_nmar=3,FG_theta_zero_feeding,114,12,-99,4,3
0.054,6,100,0,0,359.52577486490196,0,0,0,0.5366281863214425,337,D_pmar=0.054_dist=100_repair_6_males=4_nmar=3,FG_theta_zero_feeding,102,6,-99,4,3
0.054,5,100,100,0,359.5844957292163,0,0,0,0.629629629629631,337,D_pmar=0.054_dist=100_repair_6_males=4_nmar=3,FG_theta_zero_feeding,75,5,-99,4,3
0.054,10,0,0,0,359.47227791561977,0,0,0,0.6041549753845303,338,D_pmar=0.054_dist=100_repair_6_males=4_nmar=3,FG_theta_zero_feeding,71,10,-99,4,3
0.054,8,0,100,0,359.48401008525997,0,0,0,0.6476030138606889,338,D_pmar=0.054_dist=100_repair_6_males=4_nmar=3,FG_theta_zero_feeding,85,8,-99,4,3
0.054,11,100,0,0,359.4458761245942,0,0,0,0.7479226784825043,338,D_pmar=0.054_dist=100_repair_6_males=4_nmar=3,FG_theta_zero_feeding,83,11,-99,4,3
0,7,100,100,0,360.01017660845355,0,0,0,0,338,D_pmar=0.054_dist=100_repair_6_males=4_nmar=3,FG_theta_zero_feeding,125,7,-99,4,3
0.054,5,0,0,0,359.53115423951647,0,0,0,0.6434386854504497,339,D_pmar=0.054_dist=100_repair_6_males=4_nmar=3,FG_theta_zero_feeding,64,5,-99,4,3
0.054,10,0,100,0,359.4410544639009,0,0,0,0.6808047401350121,339,D_pmar=0.054_dist=100_repair_6_males=4_nmar=3,FG_theta_zero_feeding,84,10,-99,4,3
0,15,100,0,0,360.0413948103195,0,0,0,0,339,D_pmar=0.054_dist=100_repair_6_males=4_nmar=3,FG_theta_zero_feeding,110,15,-99,4,3
0.054,6,100,100,0,359.5825700312811,0,0,0,0.5000564505037958,339,D_pmar=0.054_dist=100_repair_6_males=4_nmar=3,FG_theta_zero_feeding,88,6,-99,4,3
0.054,7,0,0,0,359.3770146668019,0,0,0,0.6450837736880762,33,D_pmar=0.054_dist=100_repair_6_males=4_nmar=3,FG_theta_zero_feeding,79,7,-99,4,3
0.054,7,0,100,0,359.41568658782063,0,0,0,0.5968133715066278,33,D_pmar=0.054_dist=100_repair_6_males=4_nmar=3,FG_theta_zero_feeding,64,7,-99,4,3
0,12,100,0,0,360.2130532944908,0,0,0,0,33,D_pmar=0.054_dist=100_repair_6_males=4_nmar=3,FG_theta_zero_feeding,128,12,-99,4,3
0.054,10,100,100,0,359.6634955699641,0,0,0,0.5925925925925938,33,D_pmar=0.054_dist=100_repair_6_males=4_nmar=3,FG_theta_zero_feeding,83,10,-99,4,3
0.054,9,0,0,0,353.5523169599275,6.0810751469463415,0,0,0.5840478191321803,340,D_pmar=0.054_dist=100_repair_6_males=4_nmar=3,FG_theta_zero_feeding,90,9,-99,4,3
0,12,0,100,0,360.10871896464363,0,0,0,0,340,D_pmar=0.054_dist=100_repair_6_males=4_nmar=3,FG_theta_zero_feeding,120,12,-99,4,3
0.054,5,100,0,0,359.6573402255516,0,0,0,0.5235336162994695,340,D_pmar=0.054_dist=100_repair_6_males=4_nmar=3,FG_theta_zero_feeding,66,5,-99,4,3
0.054,10,100,100,0,359.2624444835785,0,1,0.1,0.7329902861472446,340,D_pmar=0.054_dist=100_repair_6_males=4_nmar=3,FG_theta_zero_feeding,76,10,-99,4,3
0.054,7,0,0,0,359.58899164162335,0,0,0,0.5637479288041697,341,D_pmar=0.054_dist=100_repair_6_males=4_nmar=3,FG_theta_zero_feeding,93,7,-99,4,3
0.054,9,0,100,0,359.41161540336793,0,0,0,0.639603374687736,341,D_pmar=0.054_dist=100_repair_6_males=4_nmar=3,FG_theta_zero_feeding,84,9,-99,4,3
0.054,10,100,0,0,359.2558959258442,0,0,0,0.8210661501177975,341,D_pmar=0.054_dist=100_repair_6_males=4_nmar=3,FG_theta_zero_feeding,65,10,-99,4,3
0,10,100,100,0,360.12359955539796,0,0,0,0,341,D_pmar=0.054_dist=100_repair_6_males=4_nmar=3,FG_theta_zero_feeding,129,10,-99,4,3
0.054,13,0,0,0,359.368837818151,0,0,0,0.6479320315082141,342,D_pmar=0.054_dist=100_repair_6_males=4_nmar=3,FG_theta_zero_feeding,80,13,-99,4,3
0.054,9,0,100,0,359.550854234838,0,0,0,0.5925925925925938,342,D_pmar=0.054_dist=100_repair_6_males=4_nmar=3,FG_theta_zero_feeding,81,9,-99,4,3
0.054,3,100,0,0,359.29082821496075,0,0,0,0.7209392195716422,342,D_pmar=0.054_dist=100_repair_6_males=4_nmar=3,FG_theta_zero_feeding,97,3,-99,4,3
0,11,100,100,0,360.07508118985197,0,0,0,0,342,D_pmar=0.054_dist=100_repair_6_males=4_nmar=3,FG_theta_zero_feeding,111,11,-99,4,3
0.054,9,0,0,0,359.3266097752523,0,1,0.1,0.6661779828830022,343,D_pmar=0.054_dist=100_repair_6_males=4_nmar=3,FG_theta_zero_feeding,90,9,-99,4,3
0.054,11,0,100,0,356.0187244576004,3.4451438428969605,0,0,0.5787037037037048,343,D_pmar=0.054_dist=100_repair_6_males=4_nmar=3,FG_theta_zero_feeding,75,11,-99,4,3
0,11,100,0,0,360.17282348445815,0,0,0,0,343,D_pmar=0.054_dist=100_repair_6_males=4_nmar=3,FG_theta_zero_feeding,115,11,-99,4,3
0.054,5,100,100,0,359.4481513984114,0,0,0,0.6974056032721737,343,D_pmar=0.054_dist=100_repair_6_males=4_nmar=3,FG_theta_zero_feeding,89,5,-99,4,3
0,4,0,0,0,360.1361980324255,0,0,0,0,344,D_pmar=0.054_dist=100_repair_6_males=4_nmar=3,FG_theta_zero_feeding,136,4,-99,4,3
0.054,12,0,100,0,359.43108638647396,0,0,0,0.6110312780430421,344,D_pmar=0.054_dist=100_repair_6_males=4_nmar=3,FG_theta_zero_feeding,96,12,-99,4,3
0.054,11,100,0,0,359.51477084932003,0,0,0,0.7243890621830359,344,D_pmar=0.054_dist=100_repair_6_males=4_nmar=3,FG_theta_zero_feeding,75,11,-99,4,3
0.054,9,100,100,0,359.58261420228115,0,0,0,0.5972222222222234,344,D_pmar=0.054_dist=100_repair_6_males=4_nmar=3,FG_theta_zero_feeding,74,9,-99,4,3
0.054,8,0,0,0,359.3241921681863,0,0,0,0.7019553998337331,345,D_pmar=0.054_dist=100_repair_6_males=4_nmar=3,FG_theta_zero_feeding,87,8,-99,4,3
0.054,8,0,100,0,359.5103605144273,0,0,0,0.5138888888888897,345,D_pmar=0.054_dist=100_repair_6_males=4_nmar=3,FG_theta_zero_feeding,76,8,-99,4,3
0,5,100,0,0,360.0214255888833,0,0,0,0,345,D_pmar=0.054_dist=100_repair_6_males=4_nmar=3,FG_theta_zero_feeding,115,5,-99,4,3
0.054,15,100,100,0,359.3178921950804,0,0,0,0.6969403020527833,345,D_pmar=0.054_dist=100_repair_6_males=4_nmar=3,FG_theta_zero_feeding,78,15,-99,4,3
0,8,0,0,0,360.2458297221174,0,0,0,0,346,D_pmar=0.054_dist=100_repair_6_males=4_nmar=3,FG_theta_zero_feeding,100,8,-99,4,3
0.054,12,0,100,0,359.57310759084567,0,0,0,0.6168406946909077,346,D_pmar=0.054_dist=100_repair_6_males=4_nmar=3,FG_theta_zero_feeding,93,12,-99,4,3
0.054,8,100,0,0,359.41133397024373,0,0,0,0.6680391877605641,346,D_pmar=0.054_dist=100_repair_6_males=4_nmar=3,FG_theta_zero_feeding,72,8,-99,4,3
0.054,8,100,100,0,359.6164045470554,0,0,0,0.5555555555555566,346,D_pmar=0.054_dist=100_repair_6_males=4_nmar=3,FG_theta_zero_feeding,82,8,-99,4,3
0.054,8,0,0,0,359.51525421968495,0,0,0,0.632727072029224,347,D_pmar=0.054_dist=100_repair_6_males=4_nmar=3,FG_theta_zero_feeding,88,8,-99,4,3
0.054,8,0,100,0,359.4023882696532,0,0,0,0.6496569528139109,347,D_pmar=0.054_dist=100_repair_6_males=4_nmar=3,FG_theta_zero_feeding,72,8,-99,4,3
0.054,10,100,0,0,359.50168048499825,0,0,0,0.5832535002652643,347,D_pmar=0.054_dist=100_repair_6_males=4_nmar=3,FG_theta_zero_feeding,74,10,-99,4,3
0,10,100,100,0,360.0098111687324,0,0,0,0,347,D_pmar=0.054_dist=100_repair_6_males=4_nmar=3,FG_theta_zero_feeding,123,10,-99,4,3
0.054,6,0,0,0,359.49057967390183,0,0,0,0.6183728819209446,348,D_pmar=0.054_dist=100_repair_6_males=4_nmar=3,FG_theta_zero_feeding,89,6,-99,4,3
0.054,8,0,100,0,359.22425113213507,0,0,0,0.7848234319476762,348,D_pmar=0.054_dist=100_repair_6_males=4_nmar=3,FG_theta_zero_feeding,72,8,-99,4,3
0,10,100,0,0,360.0768964660994,0,0,0,0,348,D_pmar=0.054_dist=100_repair_6_males=4_nmar=3,FG_theta_zero_feeding,118,10,-99,4,3
0.054,12,100,100,0,359.56647050680846,0,0,0,0.6030316388700893,348,D_pmar=0.054_dist=100_repair_6_males=4_nmar=3,FG_theta_zero_feeding,86,12,-99,4,3
0,10,0,0,0,360.16932077286765,0,0,0,0,349,D_pmar=0.054_dist=100_repair_6_males=4_nmar=3,FG_theta_zero_feeding,117,10,-99,4,3
0.054,8,0,100,0,359.57353444492844,0,0,0,0.47770262122256346,349,D_pmar=0.054_dist=100_repair_6_males=4_nmar=3,FG_theta_zero_feeding,75,8,-99,4,3
0.054,12,100,0,0,353.41616167410587,6.1493092941123715,1,0.1,0.6203703703703717,349,D_pmar=0.054_dist=100_repair_6_males=4_nmar=3,FG_theta_zero_feeding,77,12,-99,4,3
0.054,6,100,100,0,353.27981540006897,6.088057562888815,1,0.1,0.6797378541243659,349,D_pmar=0.054_dist=100_repair_6_males=4_nmar=3,FG_theta_zero_feeding,74,6,-99,4,3
0,8,0,0,0,360.0025489442042,0,0,0,0,34,D_pmar=0.054_dist=100_repair_6_males=4_nmar=3,FG_theta_zero_feeding,115,8,-99,4,3
0.054,9,0,100,0,359.45413742241726,0,0,0,0.721733538438558,34,D_pmar=0.054_dist=100_repair_6_males=4_nmar=3,FG_theta_zero_feeding,76,9,-99,4,3
0.054,7,100,0,0,359.4481657152561,0,0,0,0.5937723796108297,34,D_pmar=0.054_dist=100_repair_6_males=4_nmar=3,FG_theta_zero_feeding,79,7,-99,4,3
0.054,12,100,100,0,359.5526730834095,0,0,0,0.6064814814814827,34,D_pmar=0.054_dist=100_repair_6_males=4_nmar=3,FG_theta_zero_feeding,100,12,-99,4,3
0.054,7,0,0,0,359.5357415806481,0,0,0,0.772523180792619,350,D_pmar=0.054_dist=100_repair_6_males=4_nmar=3,FG_theta_zero_feeding,81,7,-99,4,3
0,6,0,100,0,360.3318184650629,0,0,0,0,350,D_pmar=0.054_dist=100_repair_6_males=4_nmar=3,FG_theta_zero_feeding,125,6,-99,4,3
0.054,12,100,0,0,359.33199555238434,0,1,0.1,0.5879629629629641,350,D_pmar=0.054_dist=100_repair_6_males=4_nmar=3,FG_theta_zero_feeding,82,12,-99,4,3
0.054,11,100,100,0,353.40033658674344,6.119806922986052,0,0,0.6153318900251464,350,D_pmar=0.054_dist=100_repair_6_males=4_nmar=3,FG_theta_zero_feeding,87,11,-99,4,3
0.054,4,0,0,0,359.2131268516072,0,1,0.1,0.7167184406576083,351,D_pmar=0.054_dist=100_repair_6_males=4_nmar=3,FG_theta_zero_feeding,79,4,-99,4,3
0,11,0,100,0,360.12194885173847,0,0,0,0,351,D_pmar=0.054_dist=100_repair_6_males=4_nmar=3,FG_theta_zero_feeding,123,11,-99,4,3
0.054,9,100,0,0,353.37529683411043,6.024683775102971,0,0,0.6985853902904098,351,D_pmar=0.054_dist=100_repair_6_males=4_nmar=3,FG_theta_zero_feeding,77,9,-99,4,3
0.054,12,100,100,0,359.6251455243607,0,0,0,0.5652002829661361,351,D_pmar=0.054_dist=100_repair_6_males=4_nmar=3,FG_theta_zero_feeding,85,12,-99,4,3
0.054,8,0,0,0,353.4913057586129,6.043783678955895,0,0,0.5185185185185194,352,D_pmar=0.054_dist=100_repair_6_males=4_nmar=3,FG_theta_zero_feeding,65,8,-99,4,3
0,3,0,100,0,360.0147109932893,0,0,0,0,352,D_pmar=0.054_dist=100_repair_6_males=4_nmar=3,FG_theta_zero_feeding,137,3,-99,4,3
0.054,11,100,0,0,359.60331608598347,0,0,0,0.564076946451695,352,D_pmar=0.054_dist=100_repair_6_males=4_nmar=3,FG_theta_zero_feeding,62,11,-99,4,3
0.054,14,100,100,0,359.23601600784673,0,1,0.1,0.7065850294633628,352,D_pmar=0.054_dist=100_repair_6_males=4_nmar=3,FG_theta_zero_feeding,74,14,-99,4,3
0.054,3,0,0,0,359.40007480067493,0,0,0,0.6253854681513216,353,D_pmar=0.054_dist=100_repair_6_males=4_nmar=3,FG_theta_zero_feeding,93,3,-99,4,3
0,9,0,100,0,360.045153158454,0,0,0,0,353,D_pmar=0.054_dist=100_repair_6_males=4_nmar=3,FG_theta_zero_feeding,116,9,-99,4,3
0.054,9,100,0,0,359.669787877577,0,0,0,0.68886082981176,353,D_pmar=0.054_dist=100_repair_6_males=4_nmar=3,FG_theta_zero_feeding,79,9,-99,4,3
0.054,15,100,100,0,359.4521790799295,0,0,0,0.5925925925925938,353,D_pmar=0.054_dist=100_repair_6_males=4_nmar=3,FG_theta_zero_feeding,75,15,-99,4,3
0.054,6,0,0,0,359.3350675236594,0,0,0,0.7490460149969455,354,D_pmar=0.054_dist=100_repair_6_males=4_nmar=3,FG_theta_zero_feeding,79,6,-99,4,3
0,13,0,100,0,360.2583510379573,0,0,0,0,354,D_pmar=0.054_dist=100_repair_6_males=4_nmar=3,FG_theta_zero_feeding,132,13,-99,4,3
0.054,6,100,0,0,359.4538634392235,0,0,0,0.6646691782172409,354,D_pmar=0.054_dist=100_repair_6_males=4_nmar=3,FG_theta_zero_feeding,61,6,-99,4,3
0.054,11,100,100,0,359.564258055415,0,0,0,0.48148148148148223,354,D_pmar=0.054_dist=100_repair_6_males=4_nmar=3,FG_theta_zero_feeding,86,11,-99,4,3
0.054,8,0,0,0,359.26843250288147,0,1,0.1,0.6866141567828778,355,D_pmar=0.054_dist=100_repair_6_males=4_nmar=3,FG_theta_zero_feeding,90,8,-99,4,3
0,6,0,100,0,360.1732755072254,0,0,0,0,355,D_pmar=0.054_dist=100_repair_6_males=4_nmar=3,FG_theta_zero_feeding,119,6,-99,4,3
0.054,7,100,0,0,353.5529484698411,6.03797100098352,0,0,0.5740740740740752,355,D_pmar=0.054_dist=100_repair_6_males=4_nmar=3,FG_theta_zero_feeding,71,7,-99,4,3
0.054,15,100,100,0,359.43404410499306,0,0,0,0.6241258480650154,355,D_pmar=0.054_dist=100_repair_6_males=4_nmar=3,FG_theta_zero_feeding,77,15,-99,4,3
0.054,13,0,0,0,359.4581431101468,0,0,0,0.5872250945998434,356,D_pmar=0.054_dist=100_repair_6_males=4_nmar=3,FG_theta_zero_feeding,81,13,-99,4,3
0.054,10,0,100,0,359.52245661990855,0,0,0,0.6788870847536551,356,D_pmar=0.054_dist=100_repair_6_males=4_nmar=3,FG_theta_zero_feeding,78,10,-99,4,3
0.054,8,100,0,0,359.5075164430388,0,0,0,0.6593016802244902,356,D_pmar=0.054_dist=100_repair_6_males=4_nmar=3,FG_theta_zero_feeding,76,8,-99,4,3
0,5,100,100,0,360.1364668837514,0,0,0,0,356,D_pmar=0.054_dist=100_repair_6_males=4_nmar=3,FG_theta_zero_feeding,120,5,-99,4,3
0.054,11,0,0,0,359.4025311096644,0,0,0,0.7143919345606555,357,D_pmar=0.054_dist=100_repair_6_males=4_nmar=3,FG_theta_zero_feeding,79,11,-99,4,3
0.054,10,0,100,0,359.55504520881453,0,0,0,0.6793523859730456,357,D_pmar=0.054_dist=100_repair_6_males=4_nmar=3,FG_theta_zero_feeding,78,10,-99,4,3
0,8,100,0,0,360.02068569058923,0,0,0,0,357,D_pmar=0.054_dist=100_repair_6_males=4_nmar=3,FG_theta_zero_feeding,131,8,-99,4,3
0.054,7,100,100,0,359.495554381382,0,0,0,0.6758460928578571,357,D_pmar=0.054_dist=100_repair_6_males=4_nmar=3,FG_theta_zero_feeding,94,7,-99,4,3
0.054,13,0,0,0,353.29771080771815,6.038642551002458,0,0,0.6654634970841568,358,D_pmar=0.054_dist=100_repair_6_males=4_nmar=3,FG_theta_zero_feeding,80,13,-99,4,3
0.054,5,0,100,0,359.27075048506765,0,1,0.1,0.6603685662351366,358,D_pmar=0.054_dist=100_repair_6_males=4_nmar=3,FG_theta_zero_feeding,78,5,-99,4,3
0,8,100,0,0,360.05058850561556,0,0,0,0,358,D_pmar=0.054_dist=100_repair_6_males=4_nmar=3,FG_theta_zero_feeding,142,8,-99,4,3
0.054,10,100,100,0,359.3212226255603,0,0,0,0.7675645335154639,358,D_pmar=0.054_dist=100_repair_6_males=4_nmar=3,FG_theta_zero_feeding,83,10,-99,4,3
0,9,0,0,0,360.095513728527,0,0,0,0,359,D_pmar=0.054_dist=100_repair_6_males=4_nmar=3,FG_theta_zero_feeding,99,9,-99,4,3
0.054,10,0,100,0,359.5443504427542,0,0,0,0.6241258480650153,359,D_pmar=0.054_dist=100_repair_6_males=4_nmar=3,FG_theta_zero_feeding,77,10,-99,4,3
0.054,10,100,0,0,359.4774738817329,0,0,0,0.6241822985688102,359,D_pmar=0.054_dist=100_repair_6_males=4_nmar=3,FG_theta_zero_feeding,84,10,-99,4,3
0.054,7,100,100,0,359.40940856934265,0,0,0,0.6249201669319311,359,D_pmar=0.054_dist=100_repair_6_males=4_nmar=3,FG_theta_zero_feeding,80,7,-99,4,3
0.054,6,0,0,0,359.7340034066744,0,0,0,0.5972222222222234,35,D_pmar=0.054_dist=100_repair_6_males=4_nmar=3,FG_theta_zero_feeding,82,6,-99,4,3
0.054,12,0,100,0,359.46924169420953,0,0,0,0.6827223955163692,35,D_pmar=0.054_dist=100_repair_6_males=4_nmar=3,FG_theta_zero_feeding,86,14,-99,4,3
0,5,100,0,0,360.1154593879053,0,0,0,0,35,D_pmar=0.054_dist=100_repair_6_males=4_nmar=3,FG_theta_zero_feeding,128,5,-99,4,3
0.054,13,100,100,0,359.5584894372685,0,0,0,0.6314674519429175,35,D_pmar=0.054_dist=100_repair_6_males=4_nmar=3,FG_theta_zero_feeding,80,13,-99,4,3
0,15,0,0,0,360.12605217827684,0,0,0,0,360,D_pmar=0.054_dist=100_repair_6_males=4_nmar=3,FG_theta_zero_feeding,126,15,-99,4,3
0.054,2,0,100,0,359.3287301024332,0,0,0,0.6944444444444461,360,D_pmar=0.054_dist=100_repair_6_males=4_nmar=3,FG_theta_zero_feeding,84,2,-99,4,3
0.054,12,100,0,0,359.4601603047358,0,0,0,0.5921837418769984,360,D_pmar=0.054_dist=100_repair_6_males=4_nmar=3,FG_theta_zero_feeding,81,12,-99,4,3
0.054,7,100,100,0,359.61923724430443,0,0,0,0.7067213130352279,360,D_pmar=0.054_dist=100_repair_6_males=4_nmar=3,FG_theta_zero_feeding,94,7,-99,4,3
0,11,0,0,0,360.039582389561,0,0,0,0,361,D_pmar=0.054_dist=100_repair_6_males=4_nmar=3,FG_theta_zero_feeding,127,11,-99,4,3
0.054,9,0,100,0,359.56602920224606,0,0,0,0.6094426403092106,361,D_pmar=0.054_dist=100_repair_6_males=4_nmar=3,FG_theta_zero_feeding,80,9,-99,4,3
0.054,4,100,0,0,359.5905060710571,0,0,0,0.6854908202684367,361,D_pmar=0.054_dist=100_repair_6_males=4_nmar=3,FG_theta_zero_feeding,77,4,-99,4,3
0.054,12,100,100,0,359.72322915573096,0,0,0,0.5752538610923112,361,D_pmar=0.054_dist=100_repair_6_males=4_nmar=3,FG_theta_zero_feeding,57,12,-99,4,3
0.054,9,0,0,0,359.56600713991344,0,0,0,0.4476781704159032,362,D_pmar=0.054_dist=100_repair_6_males=4_nmar=3,FG_theta_zero_feeding,91,9,-99,4,3
0,11,0,100,0,360.15957698745916,0,0,0,0,362,D_pmar=0.054_dist=100_repair_6_males=4_nmar=3,FG_theta_zero_feeding,104,11,-99,4,3
0.054,8,100,0,0,359.53232023400324,0,0,0,0.7116235098085881,362,D_pmar=0.054_dist=100_repair_6_males=4_nmar=3,FG_theta_zero_feeding,76,8,-99,4,3
0.054,8,100,100,0,359.31729450365214,0,0,0,0.6962822667577327,362,D_pmar=0.054_dist=100_repair_6_males=4_nmar=3,FG_theta_zero_feeding,83,8,-99,4,3
0.054,13,0,0,0,359.5308094197006,0,0,0,0.7228004244492042,363,D_pmar=0.054_dist=100_repair_6_males=4_nmar=3,FG_theta_zero_feeding,72,13,-99,4,3
0.054,5,0,100,0,359.530907850101,0,0,0,0.7124178286755039,363,D_pmar=0.054_dist=100_repair_6_males=4_nmar=3,FG_theta_zero_feeding,77,5,-99,4,3
0,12,100,0,0,360.01179592693427,0,0,0,0,363,D_pmar=0.054_dist=100_repair_6_males=4_nmar=3,FG_theta_zero_feeding,141,12,-99,4,3
0.054,6,100,100,0,359.5075633750691,0,0,0,0.6137432522913148,363,D_pmar=0.054_dist=100_repair_6_males=4_nmar=3,FG_theta_zero_feeding,95,6,-99,4,3
0,9,0,0,0,360.17477564820376,0,0,0,0,364,D_pmar=0.054_dist=100_repair_6_males=4_nmar=3,FG_theta_zero_feeding,120,9,-99,4,3
0.054,11,0,100,0,359.4714583381072,0,0,0,0.7092970037116354,364,D_pmar=0.054_dist=100_repair_6_males=4_nmar=3,FG_theta_zero_feeding,74,11,-99,4,3
0.054,6,100,0,0,359.46305466520096,0,0,0,0.6712164632282276,364,D_pmar=0.054_dist=100_repair_6_males=4_nmar=3,FG_theta_zero_feeding,82,6,-99,4,3
0.054,10,100,100,0,359.39507182165045,0,0,0,0.6373567016588536,364,D_pmar=0.054_dist=100_repair_6_males=4_nmar=3,FG_theta_zero_feeding,94,10,-99,4,3
0,3,0,0,0,360.1908670622501,0,0,0,0,365,D_pmar=0.054_dist=100_repair_6_males=4_nmar=3,FG_theta_zero_feeding,132,3,-99,4,3
0.054,9,0,100,0,359.3777639188327,0,0,0,0.6843110332502007,365,D_pmar=0.054_dist=100_repair_6_males=4_nmar=3,FG_theta_zero_feeding,80,9,-99,4,3
0.054,9,100,0,0,359.34998471755415,0,1,0.1,0.6191672007878603,365,D_pmar=0.054_dist=100_repair_6_males=4_nmar=3,FG_theta_zero_feeding,81,9,-99,4,3
0.054,15,100,100,0,353.2788188226371,6.095177177124301,0,0,0.6911873359087126,365,D_pmar=0.054_dist=100_repair_6_males=4_nmar=3,FG_theta_zero_feeding,84,16,-99,4,3
0.054,10,0,0,0,353.4213322088567,6.075850135639021,0,0,0.7124742791792987,366,D_pmar=0.054_dist=100_repair_6_males=4_nmar=3,FG_theta_zero_feeding,88,11,-99,4,3
0.054,9,0,100,0,359.4865304235187,0,1,0.1,0.6111111111111124,366,D_pmar=0.054_dist=100_repair_6_males=4_nmar=3,FG_theta_zero_feeding,97,9,-99,4,3
0,12,100,0,0,360.1222184411159,0,0,0,0,366,D_pmar=0.054_dist=100_repair_6_males=4_nmar=3,FG_theta_zero_feeding,141,12,-99,4,3
0.054,5,100,100,0,359.3013444989535,0,0,0,0.7738626339469955,366,D_pmar=0.054_dist=100_repair_6_males=4_nmar=3,FG_theta_zero_feeding,79,5,-99,4,3
0,11,0,0,0,360.1967066187274,0,0,0,0,367,D_pmar=0.054_dist=100_repair_6_males=4_nmar=3,FG_theta_zero_feeding,139,11,-99,4,3
0.054,6,0,100,0,359.5199852665685,0,0,0,0.617907580701554,367,D_pmar=0.054_dist=100_repair_6_males=4_nmar=3,FG_theta_zero_feeding,83,6,-99,4,3
0.054,11,100,0,0,359.4194709232769,0,0,0,0.6620370370370385,367,D_pmar=0.054_dist=100_repair_6_males=4_nmar=3,FG_theta_zero_feeding,81,11,-99,4,3
0.054,8,100,100,0,359.3541321271578,0,0,0,0.6649981958647662,367,D_pmar=0.054_dist=100_repair_6_males=4_nmar=3,FG_theta_zero_feeding,79,8,-99,4,3
0,7,0,0,0,360.1125110354747,0,0,0,0,368,D_pmar=0.054_dist=100_repair_6_males=4_nmar=3,FG_theta_zero_feeding,113,7,-99,4,3
0.054,9,0,100,0,359.3721289824136,0,0,0,0.7667702146485481,368,D_pmar=0.054_dist=100_repair_6_males=4_nmar=3,FG_theta_zero_feeding,92,9,-99,4,3
0.054,7,100,0,0,359.37807292716644,0,0,0,0.6491916515945203,368,D_pmar=0.054_dist=100_repair_6_males=4_nmar=3,FG_theta_zero_feeding,88,7,-99,4,3
0.054,13,100,100,0,359.3807263863357,0,0,0,0.6938993101569852,368,D_pmar=0.054_dist=100_repair_6_males=4_nmar=3,FG_theta_zero_feeding,89,13,-99,4,3
0.054,4,0,0,0,359.61483936350965,0,0,0,0.6542067493754703,369,D_pmar=0.054_dist=100_repair_6_males=4_nmar=3,FG_theta_zero_feeding,73,4,-99,4,3
0.054,12,0,100,0,359.63831617664147,0,0,0,0.5706242314626817,369,D_pmar=0.054_dist=100_repair_6_males=4_nmar=3,FG_theta_zero_feeding,61,12,-99,4,3
0.054,14,100,0,0,359.5446027956678,0,0,0,0.6434386854504497,369,D_pmar=0.054_dist=100_repair_6_males=4_nmar=3,FG_theta_zero_feeding,87,14,-99,4,3
0,6,100,100,0,360.1244878772844,0,0,0,0,369,D_pmar=0.054_dist=100_repair_6_males=4_nmar=3,FG_theta_zero_feeding,120,6,-99,4,3
0.054,9,0,0,0,359.52608894075337,0,0,0,0.523148148148149,36,D_pmar=0.054_dist=100_repair_6_males=4_nmar=3,FG_theta_zero_feeding,87,9,-99,4,3
0.054,9,0,100,0,359.6069353502585,0,0,0,0.5818011461032977,36,D_pmar=0.054_dist=100_repair_6_males=4_nmar=3,FG_theta_zero_feeding,90,9,-99,4,3
0.054,9,100,0,0,359.4746955420785,0,0,0,0.7629349038858342,36,D_pmar=0.054_dist=100_repair_6_males=4_nmar=3,FG_theta_zero_feeding,56,9,-99,4,3
0,9,100,100,0,360.07056981429525,0,0,0,0,36,D_pmar=0.054_dist=100_repair_6_males=4_nmar=3,FG_theta_zero_feeding,122,9,-99,4,3
0.054,7,0,0,0,359.39293286070034,0,0,0,0.67861451760992475,370,D_pmar=0.054_dist=100_repair_6_males=4_nmar=3,FG_theta_zero_feeding,74,7,-99,4,3
0.054,13,0,100,0,359.42528634773555,0,0,0,0.6499859704614361,370,D_pmar=0.054_dist=100_repair_6_males=4_nmar=3,FG_theta_zero_feeding,86,13,-99,4,3
0.054,9,100,0,0,359.355414739592,0,0,0,0.6632168240552745,370,D_pmar=0.054_dist=100_repair_6_males=4_nmar=3,FG_theta_zero_feeding,71,9,-99,4,3
0,7,100,100,0,360.08779925647633,0,0,0,0,370,D_pmar=0.054_dist=100_repair_6_males=4_nmar=3,FG_theta_zero_feeding,140,7,-99,4,3
0.054,9,0,0,0,359.5833811479787,0,0,0,0.5462962962962973,371,D_pmar=0.054_dist=100_repair_6_males=4_nmar=3,FG_theta_zero_feeding,84,9,-99,4,3
0.054,10,0,100,0,359.31869033698246,0,0,0,0.7359514449749723,371,D_pmar=0.054_dist=100_repair_6_males=4_nmar=3,FG_theta_zero_feeding,81,10,-99,4,3
0.054,6,100,0,0,359.35935748163587,0,0,0,0.7047472071500762,371,D_pmar=0.054_dist=100_repair_6_males=4_nmar=3,FG_theta_zero_feeding,61,6,-99,4,3
0,11,100,100,0,360.03106103083206,0,0,0,0,371,D_pmar=0.054_dist=100_repair_6_males=4_nmar=3,FG_theta_zero_feeding,151,11,-99,4,3
0.054,13,0,0,0,359.44629179660103,0,0,0,0.6280974423995944,372,D_pmar=0.054_dist=100_repair_6_males=4_nmar=3,FG_theta_zero_feeding,86,13,-99,4,3
0,10,0,100,0,360.11313812949294,0,0,0,0,372,D_pmar=0.054_dist=100_repair_6_males=4_nmar=3,FG_theta_zero_feeding,120,10,-99,4,3
0.054,8,100,0,0,359.48322404764355,0,0,0,0.6250000000000013,372,D_pmar=0.054_dist=100_repair_6_males=4_nmar=3,FG_theta_zero_feeding,84,8,-99,4,3
0.054,5,100,100,0,359.4223522291765,0,0,0,0.6742574551240256,372,D_pmar=0.054_dist=100_repair_6_males=4_nmar=3,FG_theta_zero_feeding,94,5,-99,4,3
0.054,9,0,0,0,359.52540103560693,0,0,0,0.5555555555555566,373,D_pmar=0.054_dist=100_repair_6_males=4_nmar=3,FG_theta_zero_feeding,89,9,-99,4,3
0,10,0,100,0,360.04156297952346,0,0,0,0,373,D_pmar=0.054_dist=100_repair_6_males=4_nmar=3,FG_theta_zero_feeding,128,10,-99,4,3
0.054,10,100,0,0,353.26686409963884,6.216088962746753,0,0,0.6127561993487388,373,D_pmar=0.054_dist=100_repair_6_males=4_nmar=3,FG_theta_zero_feeding,76,10,-99,4,3
0.054,7,100,100,0,359.300089525896,0,1,0.1,0.6492481020983153,373,D_pmar=0.054_dist=100_repair_6_males=4_nmar=3,FG_theta_zero_feeding,59,7,-99,4,3
0.054,9,0,0,0,359.22689414121703,0,0,0,0.7840291130807604,374,D_pmar=0.054_dist=100_repair_6_males=4_nmar=3,FG_theta_zero_feeding,93,9,-99,4,3
0.054,11,0,100,0,353.3255383017891,6.1185682977101274,0,0,0.7317306660609383,374,D_pmar=0.054_dist=100_repair_6_males=4_nmar=3,FG_theta_zero_feeding,93,11,-99,4,3
0.054,9,100,0,0,359.4398299651239,0,1,0.1,0.5694444444444455,374,D_pmar=0.054_dist=100_repair_6_males=4_nmar=3,FG_theta_zero_feeding,76,9,-99,4,3
0,7,100,100,0,360.0731983723429,0,0,0,0,374,D_pmar=0.054_dist=100_repair_6_males=4_nmar=3,FG_theta_zero_feeding,130,7,-99,4,3
0.054,7,0,0,0,359.38307448307705,0,1,0.1,0.6210848561692173,375,D_pmar=0.054_dist=100_repair_6_males=4_nmar=3,FG_theta_zero_feeding,81,7,-99,4,3
0,11,0,100,0,360.0295269540112,0,0,0,0,375,D_pmar=0.054_dist=100_repair_6_males=4_nmar=3,FG_theta_zero_feeding,101,11,-99,4,3
0.054,8,100,0,0,353.4098339633203,6.18340927896954,0,0,0.5138888888888897,375,D_pmar=0.054_dist=100_repair_6_males=4_nmar=3,FG_theta_zero_feeding,86,8,-99,4,3
0.054,10,100,100,0,359.39423021245426,0,0,0,0.6955443983946118,375,D_pmar=0.054_dist=100_repair_6_males=4_nmar=3,FG_theta_zero_feeding,81,10,-99,4,3
0.054,9,0,0,0,353.21533125151603,6.048728549542465,0,0,0.7663049134291576,376,D_pmar=0.054_dist=100_repair_6_males=4_nmar=3,FG_theta_zero_feeding,79,9,-99,4,3
0.054,7,0,100,0,359.3709470791887,0,1,0.1,0.5416666666666676,376,D_pmar=0.054_dist=100_repair_6_males=4_nmar=3,FG_theta_zero_feeding,81,7,-99,4,3
0,11,100,0,0,360.2659627702926,0,0,0,0,376,D_pmar=0.054_dist=100_repair_6_males=4_nmar=3,FG_theta_zero_feeding,139,11,-99,4,3
0.054,9,100,100,0,359.3562505993473,0,0,0,0.6677101701130389,376,D_pmar=0.054_dist=100_repair_6_males=4_nmar=3,FG_theta_zero_feeding,71,9,-99,4,3
0.054,12,0,0,0,359.4129818394795,0,0,0,0.6723397997426688,377,D_pmar=0.054_dist=100_repair_6_males=4_nmar=3,FG_theta_zero_feeding,71,12,-99,4,3
0,7,0,100,0,360.0789359199907,0,0,0,0,377,D_pmar=0.054_dist=100_repair_6_males=4_nmar=3,FG_theta_zero_feeding,132,7,-99,4,3
0.054,8,100,0,0,359.4359290569695,0,0,0,0.6573275743393386,377,D_pmar=0.054_dist=100_repair_6_males=4_nmar=3,FG_theta_zero_feeding,90,8,-99,4,3
0.054,9,100,100,0,359.46191057115556,0,0,0,0.6464796773462477,377,D_pmar=0.054_dist=100_repair_6_males=4_nmar=3,FG_theta_zero_feeding,80,9,-99,4,3
0.054,10,0,0,0,359.5119643754799,0,0,0,0.6517673422709279,378,D_pmar=0.054_dist=100_repair_6_males=4_nmar=3,FG_theta_zero_feeding,94,10,-99,4,3
0.054,6,0,100,0,359.26496707729825,0,0,0,0.746413873816743,378,D_pmar=0.054_dist=100_repair_6_males=4_nmar=3,FG_theta_zero_feeding,73,6,-99,4,3
0,10,100,0,0,360.1194169606708,0,0,0,0,378,D_pmar=0.054_dist=100_repair_6_males=4_nmar=3,FG_theta_zero_feeding,135,10,-99,4,3
0.054,10,100,100,0,359.23670616671546,0,0,0,0.8111488555634877,378,D_pmar=0.054_dist=100_repair_6_males=4_nmar=3,FG_theta_zero_feeding,99,10,-99,4,3
0.054,13,0,0,0,359.3804510141964,0,0,0,0.7417842441871134,379,D_pmar=0.054_dist=100_repair_6_males=4_nmar=3,FG_theta_zero_feeding,94,13,-99,4,3
0.054,5,0,100,0,359.3822170525625,0,0,0,0.6573275743393386,379,D_pmar=0.054_dist=100_repair_6_males=4_nmar=3,FG_theta_zero_feeding,93,5,-99,4,3
0.054,6,100,0,0,359.2539885247827,0,0,0,0.7555933000079319,379,D_pmar=0.054_dist=100_repair_6_males=4_nmar=3,FG_theta_zero_feeding,85,6,-99,4,3
0,12,100,100,0,360.04401223733043,0,0,0,0,379,D_pmar=0.054_dist=100_repair_6_males=4_nmar=3,FG_theta_zero_feeding,123,12,-99,4,3
0.054,13,0,0,0,359.4644395422962,0,0,0,0.5613649722034223,37,D_pmar=0.054_dist=100_repair_6_males=4_nmar=3,FG_theta_zero_feeding,76,13,-99,4,3
0,3,0,100,0,360.12472840266315,0,0,0,0,37,D_pmar=0.054_dist=100_repair_6_males=4_nmar=3,FG_theta_zero_feeding,115,3,-99,4,3
0.054,9,100,0,0,359.46416816437113,0,0,0,0.5601851851851862,37,D_pmar=0.054_dist=100_repair_6_males=4_nmar=3,FG_theta_zero_feeding,85,9,-99,4,3
0.054,11,100,100,0,359.4489415641795,0,0,0,0.5856364568660117,37,D_pmar=0.054_dist=100_repair_6_males=4_nmar=3,FG_theta_zero_feeding,65,11,-99,4,3
0.054,7,0,0,0,359.3137583854024,0,0,0,0.6897349817467461,380,D_pmar=0.054_dist=100_repair_6_males=4_nmar=3,FG_theta_zero_feeding,87,7,-99,4,3
0,8,0,100,0,360.12261307282853,0,0,0,0,380,D_pmar=0.054_dist=100_repair_6_males=4_nmar=3,FG_theta_zero_feeding,118,8,-99,4,3
0.054,9,100,0,0,359.5073877636518,0,0,0,0.5886774487618098,380,D_pmar=0.054_dist=100_repair_6_males=4_nmar=3,FG_theta_zero_feeding,95,9,-99,4,3
0.054,12,100,100,0,359.3242846403738,0,0,0,0.8145188651068109,380,D_pmar=0.054_dist=100_repair_6_males=4_nmar=3,FG_theta_zero_feeding,80,12,-99,4,3
0.054,5,0,0,0,359.43189955428795,0,0,0,0.6210848561692172,381,D_pmar=0.054_dist=100_repair_6_males=4_nmar=3,FG_theta_zero_feeding,64,5,-99,4,3
0.054,12,0,100,0,359.8157519193277,0,0,0,0.49074074074074153,381,D_pmar=0.054_dist=100_repair_6_males=4_nmar=3,FG_theta_zero_feeding,67,12,-99,4,3
0.054,15,100,0,0,359.468870421574,0,0,0,0.5791456223588201,381,D_pmar=0.054_dist=100_repair_6_males=4_nmar=3,FG_theta_zero_feeding,76,15,-99,4,3
0,4,100,100,0,360.163588360221,0,0,0,0,381,D_pmar=0.054_dist=100_repair_6_males=4_nmar=3,FG_theta_zero_feeding,116,4,-99,4,3
0,8,0,0,0,360.1425997708629,0,0,0,0,382,D_pmar=0.054_dist=100_repair_6_males=4_nmar=3,FG_theta_zero_feeding,129,8,-99,4,3
0.054,9,0,100,0,359.2548711256008,0,1,0.1,0.6469449785656382,382,D_pmar=0.054_dist=100_repair_6_males=4_nmar=3,FG_theta_zero_feeding,74,9,-99,4,3
0.054,8,100,0,0,359.39232252573396,0,0,0,0.7050762247976015,382,D_pmar=0.054_dist=100_repair_6_males=4_nmar=3,FG_theta_zero_feeding,99,8,-99,4,3
0.054,11,100,100,0,353.3973647229025,6.101245171354296,0,0,0.6400686759071265,382,D_pmar=0.054_dist=100_repair_6_males=4_nmar=3,FG_theta_zero_feeding,79,11,-99,4,3
0.054,7,0,0,0,359.39225488981054,0,0,0,0.7479226784825043,383,D_pmar=0.054_dist=100_repair_6_males=4_nmar=3,FG_theta_zero_feeding,77,7,-99,4,3
0,8,0,100,0,360.0591650433636,0,0,0,0,383,D_pmar=0.054_dist=100_repair_6_males=4_nmar=3,FG_theta_zero_feeding,133,8,-99,4,3
0.054,9,100,0,0,359.462727725618,0,0,0,0.6287554776946449,383,D_pmar=0.054_dist=100_repair_6_males=4_nmar=3,FG_theta_zero_feeding,77,9,-99,4,3
0.054,12,100,100,0,359.50531321835984,0,0,0,0.6207558385216919,383,D_pmar=0.054_dist=100_repair_6_males=4_nmar=3,FG_theta_zero_feeding,79,12,-99,4,3
0,6,0,0,0,360.1216839121948,0,0,0,0,384,D_pmar=0.054_dist=100_repair_6_males=4_nmar=3,FG_theta_zero_feeding,111,6,-99,4,3
0.054,7,0,100,0,359.32883573287035,0,0,0,0.6866141567828778,384,D_pmar=0.054_dist=100_repair_6_males=4_nmar=3,FG_theta_zero_feeding,81,7,-99,4,3
0.054,17,100,0,0,359.6231270024939,0,0,0,0.5740740740740752,384,D_pmar=0.054_dist=100_repair_6_males=4_nmar=3,FG_theta_zero_feeding,65,17,-99,4,3
0.054,6,100,100,0,359.71720502889275,0,0,0,0.4984678127699642,384,D_pmar=0.054_dist=100_repair_6_males=4_nmar=3,FG_theta_zero_feeding,77,6,-99,4,3
0,8,0,0,0,360.1013018267159,0,0,0,0,385,D_pmar=0.054_dist=100_repair_6_males=4_nmar=3,FG_theta_zero_feeding,97,8,-99,4,3
0.054,14,0,100,0,359.6373192185323,0,0,0,0.4588550850565195,385,D_pmar=0.054_dist=100_repair_6_males=4_nmar=3,FG_theta_zero_feeding,68,14,-99,4,3
0.054,7,100,0,0,359.59690643656836,0,0,0,0.6384800381732947,385,D_pmar=0.054_dist=100_repair_6_males=4_nmar=3,FG_theta_zero_feeding,88,7,-99,4,3
0.054,7,100,100,0,359.4389093991057,0,0,0,0.5694444444444455,385,D_pmar=0.054_dist=100_repair_6_males=4_nmar=3,FG_theta_zero_feeding,83,7,-99,4,3
0.054,7,0,0,0,359.2735212779946,0,1,0.1,0.6897349817467461,386,D_pmar=0.054_dist=100_repair_6_males=4_nmar=3,FG_theta_zero_feeding,74,7,-99,4,3
0.054,11,0,100,0,359.36468495306406,0,0,0,0.6589726625769651,386,D_pmar=0.054_dist=100_repair_6_males=4_nmar=3,FG_theta_zero_feeding,78,11,-99,4,3
0.054,6,100,0,0,353.36398114041316,6.166187249411129,0,0,0.5092592592592601,386,D_pmar=0.054_dist=100_repair_6_males=4_nmar=3,FG_theta_zero_feeding,90,7,-99,4,3
0,12,100,100,0,360.1166424320846,0,0,0,0,386,D_pmar=0.054_dist=100_repair_6_males=4_nmar=3,FG_theta_zero_feeding,115,12,-99,4,3
0,11,0,0,0,360.27802016434504,0,0,0,0,387,D_pmar=0.054_dist=100_repair_6_males=4_nmar=3,FG_theta_zero_feeding,129,11,-99,4,3
0.054,9,0,100,0,353.5131455255849,6.055093606254436,0,0,0.6619572039689683,387,D_pmar=0.054_dist=100_repair_6_males=4_nmar=3,FG_theta_zero_feeding,97,9,-99,4,3
0.054,3,100,0,0,359.43842567359854,0,1,0.1,0.616784244187113,387,D_pmar=0.054_dist=100_repair_6_males=4_nmar=3,FG_theta_zero_feeding,82,3,-99,4,3
0.054,13,100,100,0,359.37417601868077,0,0,0,0.6970765856246485,387,D_pmar=0.054_dist=100_repair_6_males=4_nmar=3,FG_theta_zero_feeding,67,13,-99,4,3
0.054,7,0,0,0,359.5387509616081,0,0,0,0.523148148148149,388,D_pmar=0.054_dist=100_repair_6_males=4_nmar=3,FG_theta_zero_feeding,89,7,-99,4,3
0.054,13,0,100,0,359.60490730506905,0,0,0,0.6762315610091774,388,D_pmar=0.054_dist=100_repair_6_males=4_nmar=3,FG_theta_zero_feeding,88,13,-99,4,3
0.054,9,100,0,0,359.36016304241974,0,0,0,0.7606317803531571,388,D_pmar=0.054_dist=100_repair_6_males=4_nmar=3,FG_theta_zero_feeding,70,9,-99,4,3
0,7,100,100,0,360.1091817215402,0,0,0,0,388,D_pmar=0.054_dist=100_repair_6_males=4_nmar=3,FG_theta_zero_feeding,125,7,-99,4,3
0.054,8,0,0,0,359.3170417020942,0,0,0,0.6897349817467462,389,D_pmar=0.054_dist=100_repair_6_males=4_nmar=3,FG_theta_zero_feeding,90,9,-99,4,3
0,7,0,100,0,360.0336458345569,0,0,0,0,389,D_pmar=0.054_dist=100_repair_6_males=4_nmar=3,FG_theta_zero_feeding,127,7,-99,4,3
0.054,9,100,0,0,359.5069843642086,0,0,0,0.6749154904190762,389,D_pmar=0.054_dist=100_repair_6_males=4_nmar=3,FG_theta_zero_feeding,89,9,-99,4,3
0.054,12,100,100,0,359.50669249492523,0,0,0,0.652697944709709,389,D_pmar=0.054_dist=100_repair_6_males=4_nmar=3,FG_theta_zero_feeding,73,12,-99,4,3
0.054,11,0,0,0,359.3601070377611,0,1,0.1,0.5995253457549006,38,D_pmar=0.054_dist=100_repair_6_males=4_nmar=3,FG_theta_zero_feeding,88,11,-99,4,3
0.054,14,0,100,0,353.4677480126701,6.1719812556272915,0,0,0.5185185185185194,38,D_pmar=0.054_dist=100_repair_6_males=4_nmar=3,FG_theta_zero_feeding,86,14,-99,4,3
0,7,100,0,0,360.02066917700245,0,0,0,0,38,D_pmar=0.054_dist=100_repair_6_males=4_nmar=3,FG_theta_zero_feeding,115,7,-99,4,3
0.054,4,100,100,0,359.3898924371823,0,0,0,0.7359514449749721,38,D_pmar=0.054_dist=100_repair_6_males=4_nmar=3,FG_theta_zero_feeding,63,4,-99,4,3
0.054,13,0,0,0,359.4511138131259,0,0,0,0.6496569528139109,390,D_pmar=0.054_dist=100_repair_6_males=4_nmar=3,FG_theta_zero_feeding,77,13,-99,4,3
0.054,8,0,100,0,359.49598017420385,0,0,0,0.5740740740740752,390,D_pmar=0.054_dist=100_repair_6_males=4_nmar=3,FG_theta_zero_feeding,86,8,-99,4,3
0.054,9,100,0,0,359.5032715086002,0,0,0,0.6276321411802038,390,D_pmar=0.054_dist=100_repair_6_males=4_nmar=3,FG_theta_zero_feeding,91,9,-99,4,3
0,6,100,100,0,360.1577375847978,0,0,0,0,390,D_pmar=0.054_dist=100_repair_6_males=4_nmar=3,FG_theta_zero_feeding,114,6,-99,4,3
0.054,7,0,0,0,353.18867626503214,6.193865742659756,0,0,0.6483973327276046,391,D_pmar=0.054_dist=100_repair_6_males=4_nmar=3,FG_theta_zero_feeding,64,7,-99,4,3
0.054,9,0,100,0,359.42714265573454,0,1,0.1,0.5347105309400855,391,D_pmar=0.054_dist=100_repair_6_males=4_nmar=3,FG_theta_zero_feeding,70,9,-99,4,3
0.054,13,100,0,0,359.3755120152103,0,0,0,0.6535487140804197,391,D_pmar=0.054_dist=100_repair_6_males=4_nmar=3,FG_theta_zero_feeding,81,13,-99,4,3
0,7,100,100,0,360.0308638679397,0,0,0,0,391,D_pmar=0.054_dist=100_repair_6_males=4_nmar=3,FG_theta_zero_feeding,120,7,-99,4,3
0.054,8,0,0,0,359.5442675280917,0,0,0,0.7255688492012718,392,D_pmar=0.054_dist=100_repair_6_males=4_nmar=3,FG_theta_zero_feeding,80,8,-99,4,3
0.054,13,0,100,0,359.41559291528904,0,0,0,0.6018518518518531,392,D_pmar=0.054_dist=100_repair_6_males=4_nmar=3,FG_theta_zero_feeding,94,13,-99,4,3
0.054,8,100,0,0,359.3726538100244,0,0,0,0.6589162120731702,392,D_pmar=0.054_dist=100_repair_6_males=4_nmar=3,FG_theta_zero_feeding,80,8,-99,4,3
0,7,100,100,0,360.20934273201914,0,0,0,0,392,D_pmar=0.054_dist=100_repair_6_males=4_nmar=3,FG_theta_zero_feeding,127,7,-99,4,3
0.054,12,0,0,0,359.4427181612819,0,0,0,0.6194962184353857,393,D_pmar=0.054_dist=100_repair_6_males=4_nmar=3,FG_theta_zero_feeding,85,12,-99,4,3
0.054,7,0,100,0,359.43590908523737,0,0,0,0.7479226784825043,393,D_pmar=0.054_dist=100_repair_6_males=4_nmar=3,FG_theta_zero_feeding,85,7,-99,4,3
0,9,100,0,0,360.0338289196829,0,0,0,0,393,D_pmar=0.054_dist=100_repair_6_males=4_nmar=3,FG_theta_zero_feeding,120,9,-99,4,3
0.054,8,100,100,0,359.3410346810864,0,0,0,0.6916526371281032,393,D_pmar=0.054_dist=100_repair_6_males=4_nmar=3,FG_theta_zero_feeding,86,8,-99,4,3
0.054,11,0,0,0,359.72538946856935,0,0,0,0.5872250945998433,394,D_pmar=0.054_dist=100_repair_6_males=4_nmar=3,FG_theta_zero_feeding,98,11,-99,4,3
0.054,9,0,100,0,359.414378579134,0,0,0,0.6018518518518531,394,D_pmar=0.054_dist=100_repair_6_males=4_nmar=3,FG_theta_zero_feeding,93,9,-99,4,3
0.054,8,100,0,0,359.48881096556835,0,0,0,0.6817353425737932,394,D_pmar=0.054_dist=100_repair_6_males=4_nmar=3,FG_theta_zero_feeding,90,8,-99,4,3
0,8,100,100,0,360.0079075215538,0,0,0,0,394,D_pmar=0.054_dist=100_repair_6_males=4_nmar=3,FG_theta_zero_feeding,97,8,-99,4,3
0.054,11,0,0,0,353.36891904277905,6.029960877319031,1,0.1,0.5979931585248639,395,D_pmar=0.054_dist=100_repair_6_males=4_nmar=3,FG_theta_zero_feeding,70,11,-99,4,3
0.054,14,0,100,0,353.0265232318934,6.307533651553556,1,0.1,0.5694444444444455,395,D_pmar=0.054_dist=100_repair_6_males=4_nmar=3,FG_theta_zero_feeding,77,14,-99,4,3
0,7,100,0,0,360.0129777605726,0,0,0,0,395,D_pmar=0.054_dist=100_repair_6_males=4_nmar=3,FG_theta_zero_feeding,126,7,-99,4,3
0.054,4,100,100,0,359.4510692415783,0,0,0,0.618838183140335,395,D_pmar=0.054_dist=100_repair_6_males=4_nmar=3,FG_theta_zero_feeding,71,4,-99,4,3
0.054,11,0,0,0,359.52895152089934,0,0,0,0.6345084438387157,396,D_pmar=0.054_dist=100_repair_6_males=4_nmar=3,FG_theta_zero_feeding,86,11,-99,4,3
0.054,8,0,100,0,359.7237952082954,0,0,0,0.5802125083694663,396,D_pmar=0.054_dist=100_repair_6_males=4_nmar=3,FG_theta_zero_feeding,76,8,-99,4,3
0,12,100,0,0,360.110820430467,0,0,0,0,396,D_pmar=0.054_dist=100_repair_6_males=4_nmar=3,FG_theta_zero_feeding,118,12,-99,4,3
0.054,5,100,100,0,359.3216402431629,0,0,0,0.7143354840568609,396,D_pmar=0.054_dist=100_repair_6_males=4_nmar=3,FG_theta_zero_feeding,82,5,-99,4,3
0.054,7,0,0,0,353.0527609431969,6.222383003821654,1,0.1,0.6614919027495778,397,D_pmar=0.054_dist=100_repair_6_males=4_nmar=3,FG_theta_zero_feeding,78,7,-99,4,3
0.054,15,0,100,0,359.64742159678315,0,0,0,0.5740740740740752,397,D_pmar=0.054_dist=100_repair_6_males=4_nmar=3,FG_theta_zero_feeding,64,15,-99,4,3
0,9,100,0,0,360.1842707108641,0,0,0,0,397,D_pmar=0.054_dist=100_repair_6_males=4_nmar=3,FG_theta_zero_feeding,125,9,-99,4,3
0.054,5,100,100,0,353.0296323350851,6.267515726157278,1,0.1,0.6179640312053489,397,D_pmar=0.054_dist=100_repair_6_males=4_nmar=3,FG_theta_zero_feeding,82,5,-99,4,3
0,14,0,0,0,360.001824544025,0,0,0,0,398,D_pmar=0.054_dist=100_repair_6_males=4_nmar=3,FG_theta_zero_feeding,106,14,-99,4,3
0.054,9,0,100,0,359.3724408926369,0,0,0,0.6873520251459986,398,D_pmar=0.054_dist=100_repair_6_males=4_nmar=3,FG_theta_zero_feeding,87,9,-99,4,3
0.054,5,100,0,0,359.3715005551422,0,0,0,0.6688899571312751,398,D_pmar=0.054_dist=100_repair_6_males=4_nmar=3,FG_theta_zero_feeding,93,5,-99,4,3
0.054,8,100,100,0,359.48422171887097,0,0,0,0.5694444444444455,398,D_pmar=0.054_dist=100_repair_6_males=4_nmar=3,FG_theta_zero_feeding,79,8,-99,4,3
0.054,6,0,0,0,359.4465499309867,0,0,0,0.6150028723776212,399,D_pmar=0.054_dist=100_repair_6_males=4_nmar=3,FG_theta_zero_feeding,84,6,-99,4,3
0.054,13,0,100,0,359.56862024000293,0,0,0,0.5682412748619343,399,D_pmar=0.054_dist=100_repair_6_males=4_nmar=3,FG_theta_zero_feeding,93,13,-99,4,3
0,7,100,0,0,360.20153677941545,0,0,0,0,399,D_pmar=0.054_dist=100_repair_6_males=4_nmar=3,FG_theta_zero_feeding,123,7,-99,4,3
0.054,10,100,100,0,359.36137370301464,0,0,0,0.7197594325534062,399,D_pmar=0.054_dist=100_repair_6_males=4_nmar=3,FG_theta_zero_feeding,63,10,-99,4,3
0.054,6,0,0,0,359.5091155588199,0,1,0.1,0.6491916515945203,39,D_pmar=0.054_dist=100_repair_6_males=4_nmar=3,FG_theta_zero_feeding,99,6,-99,4,3
0.054,7,0,100,0,353.28662641367066,6.0687001788168375,0,0,0.7061995613120425,39,D_pmar=0.054_dist=100_repair_6_males=4_nmar=3,FG_theta_zero_feeding,93,7,-99,4,3
0,12,100,0,0,360.1475189008393,0,0,0,0,39,D_pmar=0.054_dist=100_repair_6_males=4_nmar=3,FG_theta_zero_feeding,137,12,-99,4,3
0.054,11,100,100,0,359.3515715180027,0,0,0,0.7652614099827867,39,D_pmar=0.054_dist=100_repair_6_males=4_nmar=3,FG_theta_zero_feeding,69,11,-99,4,3
0,7,0,0,0,360.12996275653313,0,0,0,0,400,D_pmar=0.054_dist=100_repair_6_males=4_nmar=3,FG_theta_zero_feeding,119,7,-99,4,3
0.054,8,0,100,0,359.38490496680566,0,0,0,0.6423153489360085,400,D_pmar=0.054_dist=100_repair_6_males=4_nmar=3,FG_theta_zero_feeding,71,8,-99,4,3
0.054,15,100,0,0,359.4584950320179,0,0,0,0.6006486822693418,400,D_pmar=0.054_dist=100_repair_6_males=4_nmar=3,FG_theta_zero_feeding,87,15,-99,4,3
0.054,6,100,100,0,359.3403239599078,0,0,0,0.6792161024011806,400,D_pmar=0.054_dist=100_repair_6_males=4_nmar=3,FG_theta_zero_feeding,86,7,-99,4,3
0.054,11,0,0,0,359.4058232577166,0,0,0,0.6827223955163692,401,D_pmar=0.054_dist=100_repair_6_males=4_nmar=3,FG_theta_zero_feeding,89,11,-99,4,3
0.054,6,0,100,0,359.40403521320445,0,0,0,0.6499859704614362,401,D_pmar=0.054_dist=100_repair_6_males=4_nmar=3,FG_theta_zero_feeding,68,6,-99,4,3
0.054,13,100,0,0,359.3007065279356,0,0,0,0.7348281084605311,401,D_pmar=0.054_dist=100_repair_6_males=4_nmar=3,FG_theta_zero_feeding,89,13,-99,4,3
0,6,100,100,0,360.0114058070933,0,0,0,0,401,D_pmar=0.054_dist=100_repair_6_males=4_nmar=3,FG_theta_zero_feeding,131,6,-99,4,3
0.054,9,0,0,0,359.2673016979715,0,0,0,0.8253103115961071,402,D_pmar=0.054_dist=100_repair_6_males=4_nmar=3,FG_theta_zero_feeding,95,9,-99,4,3
0.054,8,0,100,0,359.5560949655039,0,0,0,0.5972222222222234,402,D_pmar=0.054_dist=100_repair_6_males=4_nmar=3,FG_theta_zero_feeding,92,8,-99,4,3
0.054,7,100,0,0,359.24693391810445,0,0,0,0.8137245462398951,402,D_pmar=0.054_dist=100_repair_6_males=4_nmar=3,FG_theta_zero_feeding,106,7,-99,4,3
0,12,100,100,0,360.00706690610645,0,0,0,0,402,D_pmar=0.054_dist=100_repair_6_males=4_nmar=3,FG_theta_zero_feeding,125,12,-99,4,3
0,8,0,0,0,360.05003519601394,0,0,0,0,403,D_pmar=0.054_dist=100_repair_6_males=4_nmar=3,FG_theta_zero_feeding,118,8,-99,4,3
0.054,10,0,100,0,359.2843003798119,0,0,0,0.7686878700299051,403,D_pmar=0.054_dist=100_repair_6_males=4_nmar=3,FG_theta_zero_feeding,87,10,-99,4,3
0.054,10,100,0,0,359.24108436781273,0,0,0,0.7810679542530327,403,D_pmar=0.054_dist=100_repair_6_males=4_nmar=3,FG_theta_zero_feeding,87,11,-99,4,3
0.054,8,100,100,0,359.65949846654905,0,0,0,0.5709532491102071,403,D_pmar=0.054_dist=100_repair_6_males=4_nmar=3,FG_theta_zero_feeding,94,8,-99,4,3
0.054,10,0,0,0,359.3769744618633,0,0,0,0.6527777777777792,404,D_pmar=0.054_dist=100_repair_6_males=4_nmar=3,FG_theta_zero_feeding,71,10,-99,4,3
0.054,4,0,100,0,359.5890927884471,0,0,0,0.5798834907219409,404,D_pmar=0.054_dist=100_repair_6_males=4_nmar=3,FG_theta_zero_feeding,80,4,-99,4,3
0,13,100,0,0,360.066191880835,0,0,0,0,404,D_pmar=0.054_dist=100_repair_6_males=4_nmar=3,FG_theta_zero_feeding,128,13,-99,4,3
0.054,9,100,100,0,359.5396414175513,0,0,0,0.639988842839056,404,D_pmar=0.054_dist=100_repair_6_males=4_nmar=3,FG_theta_zero_feeding,82,10,-99,4,3
0.054,3,0,0,0,353.2364306144812,6.091463639409959,1,0.1,0.7220061055822884,405,D_pmar=0.054_dist=100_repair_6_males=4_nmar=3,FG_theta_zero_feeding,71,3,-99,4,3
0.054,11,0,100,0,353.1577987863496,6.131522486887322,1,0.1,0.6129489334243992,405,D_pmar=0.054_dist=100_repair_6_males=4_nmar=3,FG_theta_zero_feeding,79,11,-99,4,3
0.054,13,100,0,0,359.4671333074097,0,0,0,0.6993797091573256,405,D_pmar=0.054_dist=100_repair_6_males=4_nmar=3,FG_theta_zero_feeding,95,13,-99,4,3
0,9,100,100,0,360.02881588449156,0,0,0,0,405,D_pmar=0.054_dist=100_repair_6_males=4_nmar=3,FG_theta_zero_feeding,124,9,-99,4,3
0.054,6,0,0,0,353.40736854953354,6.014578438288019,0,0,0.7024207010531236,406,D_pmar=0.054_dist=100_repair_6_males=4_nmar=3,FG_theta_zero_feeding,88,6,-99,4,3
0,10,0,100,0,360.10733366304663,0,0,0,0,406,D_pmar=0.054_dist=100_repair_6_males=4_nmar=3,FG_theta_zero_feeding,106,10,-99,4,3
0.054,9,100,0,0,359.4771307818152,0,1,0.1,0.5555555555555566,406,D_pmar=0.054_dist=100_repair_6_males=4_nmar=3,FG_theta_zero_feeding,76,9,-99,4,3
0.054,11,100,100,0,359.5900534304136,0,0,0,0.585171155646621,406,D_pmar=0.054_dist=100_repair_6_males=4_nmar=3,FG_theta_zero_feeding,78,11,-99,4,3
0.054,10,0,0,0,359.38310703464055,0,0,0,0.6419064982204129,407,D_pmar=0.054_dist=100_repair_6_males=4_nmar=3,FG_theta_zero_feeding,87,10,-99,4,3
0,6,0,100,0,360.076899628385,0,0,0,0,407,D_pmar=0.054_dist=100_repair_6_males=4_nmar=3,FG_theta_zero_feeding,127,6,-99,4,3
0.054,9,100,0,0,359.39904596146005,0,0,0,0.766384746497228,407,D_pmar=0.054_dist=100_repair_6_males=4_nmar=3,FG_theta_zero_feeding,90,9,-99,4,3
0.054,11,100,100,0,359.65674108567896,0,0,0,0.6550809013104563,407,D_pmar=0.054_dist=100_repair_6_males=4_nmar=3,FG_theta_zero_feeding,75,11,-99,4,3
0.054,8,0,0,0,359.6186990398146,0,0,0,0.5277777777777787,408,D_pmar=0.054_dist=100_repair_6_males=4_nmar=3,FG_theta_zero_feeding,85,8,-99,4,3
0.054,12,0,100,0,359.45964591080553,0,0,0,0.5501880575628062,408,D_pmar=0.054_dist=100_repair_6_males=4_nmar=3,FG_theta_zero_feeding,77,12,-99,4,3
0,12,100,0,0,360.3917022696132,0,0,0,0,408,D_pmar=0.054_dist=100_repair_6_males=4_nmar=3,FG_theta_zero_feeding,107,12,-99,4,3
0.054,4,100,100,0,359.5792749897623,0,0,0,0.6769694293722984,408,D_pmar=0.054_dist=100_repair_6_males=4_nmar=3,FG_theta_zero_feeding,79,4,-99,4,3
0.054,8,0,0,0,359.24915294572827,0,1,0.1,0.6603685662351366,409,D_pmar=0.054_dist=100_repair_6_males=4_nmar=3,FG_theta_zero_feeding,76,8,-99,4,3
0.054,8,0,100,0,353.5394017849745,6.061918737306913,0,0,0.5517766952966378,409,D_pmar=0.054_dist=100_repair_6_males=4_nmar=3,FG_theta_zero_feeding,84,8,-99,4,3
0.054,8,100,0,0,359.68420679599575,0,0,0,0.5976076903735438,409,D_pmar=0.054_dist=100_repair_6_males=4_nmar=3,FG_theta_zero_feeding,56,8,-99,4,3
0,12,100,100,0,360.25580781573865,0,0,0,0,409,D_pmar=0.054_dist=100_repair_6_males=4_nmar=3,FG_theta_zero_feeding,131,12,-99,4,3
0,13,0,0,0,360.1762824726129,0,0,0,0,40,D_pmar=0.054_dist=100_repair_6_males=4_nmar=3,FG_theta_zero_feeding,118,13,-99,4,3
0.054,7,0,100,0,359.50050997125584,0,0,0,0.675517075210332,40,D_pmar=0.054_dist=100_repair_6_males=4_nmar=3,FG_theta_zero_feeding,67,7,-99,4,3
0.054,9,100,0,0,359.47823415678573,0,0,0,0.5529000318110788,40,D_pmar=0.054_dist=100_repair_6_males=4_nmar=3,FG_theta_zero_feeding,91,9,-99,4,3
0.054,7,100,100,0,359.3746508687138,0,0,0,0.6419863312884833,40,D_pmar=0.054_dist=100_repair_6_males=4_nmar=3,FG_theta_zero_feeding,87,8,-99,4,3
0.054,8,0,0,0,359.5735854350835,0,0,0,0.5489284374764998,410,D_pmar=0.054_dist=100_repair_6_males=4_nmar=3,FG_theta_zero_feeding,88,8,-99,4,3
0.054,10,0,100,0,359.49786092338275,0,0,0,0.5648148148148159,410,D_pmar=0.054_dist=100_repair_6_males=4_nmar=3,FG_theta_zero_feeding,54,10,-99,4,3
0.054,10,100,0,0,359.4679604486844,0,0,0,0.6271668399608135,410,D_pmar=0.054_dist=100_repair_6_males=4_nmar=3,FG_theta_zero_feeding,73,10,-99,4,3
0,8,100,100,0,360.0725999121299,0,0,0,0,410,D_pmar=0.054_dist=100_repair_6_males=4_nmar=3,FG_theta_zero_feeding,125,8,-99,4,3
0.054,17,0,0,0,359.4105948365086,0,0,0,0.7112944921610627,411,D_pmar=0.054_dist=100_repair_6_males=4_nmar=3,FG_theta_zero_feeding,90,17,-99,4,3
0,7,0,100,0,360.2021228217067,0,0,0,0,411,D_pmar=0.054_dist=100_repair_6_males=4_nmar=3,FG_theta_zero_feeding,117,7,-99,4,3
0.054,8,100,0,0,359.56578784205203,0,0,0,0.5555555555555566,411,D_pmar=0.054_dist=100_repair_6_males=4_nmar=3,FG_theta_zero_feeding,96,8,-99,4,3
0.054,4,100,100,0,359.2676650858262,0,0,0,0.738663419223245,411,D_pmar=0.054_dist=100_repair_6_males=4_nmar=3,FG_theta_zero_feeding,78,4,-99,4,3
0.054,7,0,0,0,359.51898277599537,0,0,0,0.6022373200031734,412,D_pmar=0.054_dist=100_repair_6_males=4_nmar=3,FG_theta_zero_feeding,80,7,-99,4,3
0.054,8,0,100,0,359.3429444778717,0,0,0,0.7012973645386824,412,D_pmar=0.054_dist=100_repair_6_males=4_nmar=3,FG_theta_zero_feeding,70,8,-99,4,3
0.054,8,100,0,0,359.48435383659063,0,0,0,0.56903559372885,412,D_pmar=0.054_dist=100_repair_6_males=4_nmar=3,FG_theta_zero_feeding,85,8,-99,4,3
0,13,100,100,0,360.0937399968705,0,0,0,0,412,D_pmar=0.054_dist=100_repair_6_males=4_nmar=3,FG_theta_zero_feeding,109,13,-99,4,3
0.054,10,0,0,0,353.3725133474633,6.145052816159582,0,0,0.5845131203515707,413,D_pmar=0.054_dist=100_repair_6_males=4_nmar=3,FG_theta_zero_feeding,79,10,-99,4,3
0.054,9,0,100,0,359.4782350722985,0,1,0.1,0.664669178217241,413,D_pmar=0.054_dist=100_repair_6_males=4_nmar=3,FG_theta_zero_feeding,81,9,-99,4,3
0,10,100,0,0,360.04785281668916,0,0,0,0,413,D_pmar=0.054_dist=100_repair_6_males=4_nmar=3,FG_theta_zero_feeding,114,10,-99,4,3
0.054,7,100,100,0,359.4625016274798,0,0,0,0.6403178604865812,413,D_pmar=0.054_dist=100_repair_6_males=4_nmar=3,FG_theta_zero_feeding,72,7,-99,4,3
0.054,11,0,0,0,359.52075796529004,0,0,0,0.6210848561692172,414,D_pmar=0.054_dist=100_repair_6_males=4_nmar=3,FG_theta_zero_feeding,75,11,-99,4,3
0,11,0,100,0,360.2128517798776,0,0,0,0,414,D_pmar=0.054_dist=100_repair_6_males=4_nmar=3,FG_theta_zero_feeding,113,11,-99,4,3
0.054,10,100,0,0,359.3772082822715,0,0,0,0.6893261310311505,414,D_pmar=0.054_dist=100_repair_6_males=4_nmar=3,FG_theta_zero_feeding,86,10,-99,4,3
0.054,4,100,100,0,359.5914754444377,0,0,0,0.5509259259259269,414,D_pmar=0.054_dist=100_repair_6_males=4_nmar=3,FG_theta_zero_feeding,80,4,-99,4,3
0.054,9,0,0,0,359.58575091066234,0,0,0,0.6007849658412068,415,D_pmar=0.054_dist=100_repair_6_males=4_nmar=3,FG_theta_zero_feeding,89,10,-99,4,3
0.054,10,0,100,0,359.49310170598557,0,0,0,0.6423153489360085,415,D_pmar=0.054_dist=100_repair_6_males=4_nmar=3,FG_theta_zero_feeding,90,10,-99,4,3
0.054,8,100,0,0,359.38073920414746,0,0,0,0.6435185185185199,415,D_pmar=0.054_dist=100_repair_6_males=4_nmar=3,FG_theta_zero_feeding,97,9,-99,4,3
0,9,100,100,0,360.0786441408724,0,0,0,0,415,D_pmar=0.054_dist=100_repair_6_males=4_nmar=3,FG_theta_zero_feeding,105,9,-99,4,3
0.054,9,0,0,0,359.36820458760985,0,0,0,0.6808047401350121,416,D_pmar=0.054_dist=100_repair_6_males=4_nmar=3,FG_theta_zero_feeding,106,9,-99,4,3
0.054,12,0,100,0,359.758741967021,0,0,0,0.6103732427479915,416,D_pmar=0.054_dist=100_repair_6_males=4_nmar=3,FG_theta_zero_feeding,90,12,-99,4,3
0.054,6,100,0,0,359.08226662007206,0,0,0,0.9735713607518454,416,D_pmar=0.054_dist=100_repair_6_males=4_nmar=3,FG_theta_zero_feeding,77,7,-99,4,3
0,9,100,100,0,360.1305221100622,0,0,0,0,416,D_pmar=0.054_dist=100_repair_6_males=4_nmar=3,FG_theta_zero_feeding,135,9,-99,4,3
0.054,9,0,0,0,359.4020494452276,0,0,0,0.6577130424906589,417,D_pmar=0.054_dist=100_repair_6_males=4_nmar=3,FG_theta_zero_feeding,73,9,-99,4,3
0.054,9,0,100,0,359.5131852684945,0,0,0,0.6230025115505741,417,D_pmar=0.054_dist=100_repair_6_males=4_nmar=3,FG_theta_zero_feeding,86,9,-99,4,3
0.054,8,100,0,0,359.6203563742273,0,0,0,0.5725418868440385,417,D_pmar=0.054_dist=100_repair_6_males=4_nmar=3,FG_theta_zero_feeding,70,8,-99,4,3
0,10,100,100,0,360.0351446916733,0,0,0,0,417,D_pmar=0.054_dist=100_repair_6_males=4_nmar=3,FG_theta_zero_feeding,110,10,-99,4,3
0.054,10,0,0,0,347.3939850002708,12.268834495944908,0,0,0.5937723796108297,418,D_pmar=0.054_dist=100_repair_6_males=4_nmar=3,FG_theta_zero_feeding,62,11,-99,4,3
0.054,14,0,100,0,359.24475089377717,0,1,0.1,0.7241164950393054,418,D_pmar=0.054_dist=100_repair_6_males=4_nmar=3,FG_theta_zero_feeding,75,14,-99,4,3
0.054,5,100,0,0,359.5339686670844,0,1,0.1,0.5685702925094595,418,D_pmar=0.054_dist=100_repair_6_males=4_nmar=3,FG_theta_zero_feeding,89,5,-99,4,3
0,7,100,100,0,360.08931552232104,0,0,0,0,418,D_pmar=0.054_dist=100_repair_6_males=4_nmar=3,FG_theta_zero_feeding,121,7,-99,4,3
0.054,5,0,0,0,359.6710066956877,0,0,0,0.5043570624859001,419,D_pmar=0.054_dist=100_repair_6_males=4_nmar=3,FG_theta_zero_feeding,93,5,-99,4,3
0.054,7,0,100,0,359.54672715872505,0,0,0,0.5138888888888897,419,D_pmar=0.054_dist=100_repair_6_males=4_nmar=3,FG_theta_zero_feeding,78,7,-99,4,3
0,14,100,0,0,360.06993829344145,0,0,0,0,419,D_pmar=0.054_dist=100_repair_6_males=4_nmar=3,FG_theta_zero_feeding,123,14,-99,4,3
0.054,10,100,100,0,359.1694891210969,0,0,0,0.8311197282439726,419,D_pmar=0.054_dist=100_repair_6_males=4_nmar=3,FG_theta_zero_feeding,57,10,-99,4,3
0,6,0,0,0,360.17263483466627,0,0,0,0,41,D_pmar=0.054_dist=100_repair_6_males=4_nmar=3,FG_theta_zero_feeding,132,6,-99,4,3
0.054,7,0,100,0,359.3572063644781,0,0,0,0.6723397997426686,41,D_pmar=0.054_dist=100_repair_6_males=4_nmar=3,FG_theta_zero_feeding,67,7,-99,4,3
0.054,12,100,0,0,359.59160586785373,0,0,0,0.690914768764982,41,D_pmar=0.054_dist=100_repair_6_males=4_nmar=3,FG_theta_zero_feeding,86,12,-99,4,3
0.054,11,100,100,0,359.58942487348,0,0,0,0.5509259259259269,41,D_pmar=0.054_dist=100_repair_6_males=4_nmar=3,FG_theta_zero_feeding,80,11,-99,4,3
0.054,5,0,0,0,359.464113116599,0,0,0,0.6323182213136282,420,D_pmar=0.054_dist=100_repair_6_males=4_nmar=3,FG_theta_zero_feeding,99,5,-99,4,3
0.054,6,0,100,0,359.57526614436364,0,0,0,0.6669158512461233,420,D_pmar=0.054_dist=100_repair_6_males=4_nmar=3,FG_theta_zero_feeding,89,6,-99,4,3
0.054,11,100,0,0,359.2131705001148,0,0,0,0.8192283278045108,420,D_pmar=0.054_dist=100_repair_6_males=4_nmar=3,FG_theta_zero_feeding,77,11,-99,4,3
0,14,100,100,0,360.11570870059546,0,0,0,0,420,D_pmar=0.054_dist=100_repair_6_males=4_nmar=3,FG_theta_zero_feeding,123,14,-99,4,3
0.054,6,0,0,0,359.50883194312985,0,0,0,0.5717475679771228,421,D_pmar=0.054_dist=100_repair_6_males=4_nmar=3,FG_theta_zero_feeding,77,6,-99,4,3
0.054,9,0,100,0,359.563130565483,0,0,0,0.5714750008333923,421,D_pmar=0.054_dist=100_repair_6_males=4_nmar=3,FG_theta_zero_feeding,94,9,-99,4,3
0,9,100,0,0,360.1186153341524,0,0,0,0,421,D_pmar=0.054_dist=100_repair_6_males=4_nmar=3,FG_theta_zero_feeding,104,9,-99,4,3
0.054,12,100,100,0,359.33887131779824,0,0,0,0.6620370370370385,421,D_pmar=0.054_dist=100_repair_6_males=4_nmar=3,FG_theta_zero_feeding,76,12,-99,4,3
0,9,0,0,0,360.06604446637135,0,0,0,0,422,D_pmar=0.054_dist=100_repair_6_males=4_nmar=3,FG_theta_zero_feeding,148,9,-99,4,3
0.054,7,0,100,0,353.26142445560697,6.089114212734693,0,0,0.7480025115505746,422,D_pmar=0.054_dist=100_repair_6_males=4_nmar=3,FG_theta_zero_feeding,77,7,-99,4,3
0.054,16,100,0,0,359.24171266645607,0,1,0.1,0.6966677349090528,422,D_pmar=0.054_dist=100_repair_6_males=4_nmar=3,FG_theta_zero_feeding,81,16,-99,4,3
0.054,4,100,100,0,359.4259600086073,0,0,0,0.5787037037037048,422,D_pmar=0.054_dist=100_repair_6_males=4_nmar=3,FG_theta_zero_feeding,83,4,-99,4,3
0.054,7,0,0,0,359.45080509647704,0,0,0,0.6534922635766247,423,D_pmar=0.054_dist=100_repair_6_males=4_nmar=3,FG_theta_zero_feeding,96,7,-99,4,3
0.054,9,0,100,0,359.1881075601263,0,0,0,0.8346260213591612,423,D_pmar=0.054_dist=100_repair_6_males=4_nmar=3,FG_theta_zero_feeding,80,9,-99,4,3
0,10,100,0,0,360.08129693001547,0,0,0,0,423,D_pmar=0.054_dist=100_repair_6_males=4_nmar=3,FG_theta_zero_feeding,144,10,-99,4,3
0.054,10,100,100,0,359.3995890484589,0,0,0,0.6989942410060055,423,D_pmar=0.054_dist=100_repair_6_males=4_nmar=3,FG_theta_zero_feeding,82,10,-99,4,3
0.054,9,0,0,0,359.3303078837002,0,0,0,0.7004465951679719,424,D_pmar=0.054_dist=100_repair_6_males=4_nmar=3,FG_theta_zero_feeding,83,10,-99,4,3
0.054,7,0,100,0,353.3786766391815,6.087429373281577,0,0,0.6391380734683455,424,D_pmar=0.054_dist=100_repair_6_males=4_nmar=3,FG_theta_zero_feeding,74,7,-99,4,3
0.054,5,100,0,0,359.3571176584418,0,1,0.1,0.6728051009620591,424,D_pmar=0.054_dist=100_repair_6_males=4_nmar=3,FG_theta_zero_feeding,91,5,-99,4,3
0,15,100,100,0,360.1919686586055,0,0,0,0,424,D_pmar=0.054_dist=100_repair_6_males=4_nmar=3,FG_theta_zero_feeding,132,15,-99,4,3
0,9,0,0,0,360.09088572383513,0,0,0,0,425,D_pmar=0.054_dist=100_repair_6_males=4_nmar=3,FG_theta_zero_feeding,131,9,-99,4,3
0.054,10,0,100,0,359.654902326491,0,0,0,0.5648148148148159,425,D_pmar=0.054_dist=100_repair_6_males=4_nmar=3,FG_theta_zero_feeding,74,10,-99,4,3
0.054,11,100,0,0,359.5126501170123,0,0,0,0.6249201669319312,425,D_pmar=0.054_dist=100_repair_6_males=4_nmar=3,FG_theta_zero_feeding,84,11,-99,4,3
0.054,6,100,100,0,359.3870686688422,0,0,0,0.6634095581309347,425,D_pmar=0.054_dist=100_repair_6_males=4_nmar=3,FG_theta_zero_feeding,74,6,-99,4,3
0.054,15,0,0,0,359.54768154446003,0,0,0,0.6271668399608133,426,D_pmar=0.054_dist=100_repair_6_males=4_nmar=3,FG_theta_zero_feeding,94,15,-99,4,3
0.054,6,0,100,0,359.3432880139987,0,0,0,0.6812700413544027,426,D_pmar=0.054_dist=100_repair_6_males=4_nmar=3,FG_theta_zero_feeding,85,6,-99,4,3
0.054,6,100,0,0,359.5289428054813,0,0,0,0.6342592592592606,426,D_pmar=0.054_dist=100_repair_6_males=4_nmar=3,FG_theta_zero_feeding,73,6,-99,4,3
0,9,100,100,0,360.0810823224369,0,0,0,0,426,D_pmar=0.054_dist=100_repair_6_males=4_nmar=3,FG_theta_zero_feeding,132,9,-99,4,3
0,11,0,0,0,360.1340228808084,0,0,0,0,427,D_pmar=0.054_dist=100_repair_6_males=4_nmar=3,FG_theta_zero_feeding,129,11,-99,4,3
0.054,10,0,100,0,359.42798309246166,0,0,0,0.6812700413544027,427,D_pmar=0.054_dist=100_repair_6_males=4_nmar=3,FG_theta_zero_feeding,65,10,-99,4,3
0.054,6,100,0,0,359.4723602897085,0,0,0,0.582130163750823,427,D_pmar=0.054_dist=100_repair_6_males=4_nmar=3,FG_theta_zero_feeding,87,6,-99,4,3
0.054,9,100,100,0,359.33329547118916,0,0,0,0.6950790971752212,427,D_pmar=0.054_dist=100_repair_6_males=4_nmar=3,FG_theta_zero_feeding,77,9,-99,4,3
0.054,13,0,0,0,359.6062561212954,0,0,0,0.6156609076726718,428,D_pmar=0.054_dist=100_repair_6_males=4_nmar=3,FG_theta_zero_feeding,86,13,-99,4,3
0,10,0,100,0,360.14567156022616,0,0,0,0,428,D_pmar=0.054_dist=100_repair_6_males=4_nmar=3,FG_theta_zero_feeding,124,10,-99,4,3
0.054,6,100,0,0,359.38237695651895,0,0,0,0.7086389684165848,428,D_pmar=0.054_dist=100_repair_6_males=4_nmar=3,FG_theta_zero_feeding,86,6,-99,4,3
0.054,7,100,100,0,359.4284660085906,0,0,0,0.6464796773462477,428,D_pmar=0.054_dist=100_repair_6_males=4_nmar=3,FG_theta_zero_feeding,63,7,-99,4,3
0.054,8,0,0,0,359.4511322323371,0,0,0,0.7193505818378105,429,D_pmar=0.054_dist=100_repair_6_males=4_nmar=3,FG_theta_zero_feeding,94,8,-99,4,3
0.054,8,0,100,0,359.4133435205713,0,0,0,0.6731341186095844,429,D_pmar=0.054_dist=100_repair_6_males=4_nmar=3,FG_theta_zero_feeding,77,8,-99,4,3
0,10,100,0,0,360.12871944162947,0,0,0,0,429,D_pmar=0.054_dist=100_repair_6_males=4_nmar=3,FG_theta_zero_feeding,125,10,-99,4,3
0.054,10,100,100,0,359.4981614820897,0,0,0,0.7061995613120428,429,D_pmar=0.054_dist=100_repair_6_males=4_nmar=3,FG_theta_zero_feeding,84,10,-99,4,3
0.054,8,0,0,0,359.36485699655066,0,0,0,0.6820643602213183,42,D_pmar=0.054_dist=100_repair_6_males=4_nmar=3,FG_theta_zero_feeding,76,8,-99,4,3
0,8,0,100,0,360.0680065204969,0,0,0,0,42,D_pmar=0.054_dist=100_repair_6_males=4_nmar=3,FG_theta_zero_feeding,119,8,-99,4,3
0.054,8,100,0,0,359.41770038727043,0,0,0,0.6110312780430422,42,D_pmar=0.054_dist=100_repair_6_males=4_nmar=3,FG_theta_zero_feeding,96,8,-99,4,3
0.054,12,100,100,0,359.4697544976538,0,0,0,0.5601851851851862,42,D_pmar=0.054_dist=100_repair_6_males=4_nmar=3,FG_theta_zero_feeding,77,12,-99,4,3
0,13,0,0,0,360.2022344957846,0,0,0,0,430,D_pmar=0.054_dist=100_repair_6_males=4_nmar=3,FG_theta_zero_feeding,140,13,-99,4,3
0.054,9,0,100,0,353.27986348304336,6.116550991515396,0,0,0.7167184406576081,430,D_pmar=0.054_dist=100_repair_6_males=4_nmar=3,FG_theta_zero_feeding,76,9,-99,4,3
0.054,5,100,0,0,359.369164785712,0,1,0.1,0.6365623827919379,430,D_pmar=0.054_dist=100_repair_6_males=4_nmar=3,FG_theta_zero_feeding,91,5,-99,4,3
0.054,9,100,100,0,359.43135508370165,0,0,0,0.6673811524655137,430,D_pmar=0.054_dist=100_repair_6_males=4_nmar=3,FG_theta_zero_feeding,81,9,-99,4,3
0.054,9,0,0,0,359.5418445691263,0,0,0,0.5208216420511966,431,D_pmar=0.054_dist=100_repair_6_males=4_nmar=3,FG_theta_zero_feeding,85,9,-99,4,3
0,7,0,100,0,360.00159077438354,0,0,0,0,431,D_pmar=0.054_dist=100_repair_6_males=4_nmar=3,FG_theta_zero_feeding,109,7,-99,4,3
0.054,12,100,0,0,359.6295355498708,0,0,0,0.5648148148148159,431,D_pmar=0.054_dist=100_repair_6_males=4_nmar=3,FG_theta_zero_feeding,63,12,-99,4,3
0.054,8,100,100,0,359.40949652537137,0,0,0,0.668889957131275,431,D_pmar=0.054_dist=100_repair_6_males=4_nmar=3,FG_theta_zero_feeding,76,8,-99,4,3
0.054,12,0,0,0,359.5207377851197,0,0,0,0.6628878064077492,432,D_pmar=0.054_dist=100_repair_6_males=4_nmar=3,FG_theta_zero_feeding,84,12,-99,4,3
0.054,9,0,100,0,359.3908568711779,0,0,0,0.6273595740364732,432,D_pmar=0.054_dist=100_repair_6_males=4_nmar=3,FG_theta_zero_feeding,71,9,-99,4,3
0.054,7,100,0,0,359.4743260373033,0,0,0,0.6435185185185199,432,D_pmar=0.054_dist=100_repair_6_males=4_nmar=3,FG_theta_zero_feeding,97,7,-99,4,3
0,8,100,100,0,360.12356456986964,0,0,0,0,432,D_pmar=0.054_dist=100_repair_6_males=4_nmar=3,FG_theta_zero_feeding,128,8,-99,4,3
0.054,11,0,0,0,359.44397565788375,0,0,0,0.6265088046657626,433,D_pmar=0.054_dist=100_repair_6_males=4_nmar=3,FG_theta_zero_feeding,84,11,-99,4,3
0,11,0,100,0,360.1336658783459,0,0,0,0,433,D_pmar=0.054_dist=100_repair_6_males=4_nmar=3,FG_theta_zero_feeding,120,11,-99,4,3
0.054,5,100,0,0,359.57088812821206,0,0,0,0.5324074074074083,433,D_pmar=0.054_dist=100_repair_6_males=4_nmar=3,FG_theta_zero_feeding,96,5,-99,4,3
0.054,9,100,100,0,359.3306415502778,0,0,0,0.8122721920779288,433,D_pmar=0.054_dist=100_repair_6_males=4_nmar=3,FG_theta_zero_feeding,74,9,-99,4,3
0.054,6,0,0,0,359.4372245057801,0,1,0.1,0.4861111111111119,434,D_pmar=0.054_dist=100_repair_6_males=4_nmar=3,FG_theta_zero_feeding,79,6,-99,4,3
0.054,7,0,100,0,353.2185942063309,6.177369637476752,0,0,0.8707324559574172,434,D_pmar=0.054_dist=100_repair_6_males=4_nmar=3,FG_theta_zero_feeding,73,7,-99,4,3
0,12,100,0,0,360.0357619681753,0,0,0,0,434,D_pmar=0.054_dist=100_repair_6_males=4_nmar=3,FG_theta_zero_feeding,119,12,-99,4,3
0.054,11,100,100,0,359.45230262496256,0,0,0,0.5744595422253954,434,D_pmar=0.054_dist=100_repair_6_males=4_nmar=3,FG_theta_zero_feeding,89,11,-99,4,3
0.054,8,0,0,0,359.46791350591815,0,0,0,0.5991963281073754,435,D_pmar=0.054_dist=100_repair_6_males=4_nmar=3,FG_theta_zero_feeding,85,8,-99,4,3
0.054,12,0,100,0,353.5320776892949,6.0781798303985335,0,0,0.7023642505493288,435,D_pmar=0.054_dist=100_repair_6_males=4_nmar=3,FG_theta_zero_feeding,77,12,-99,4,3
0,9,100,0,0,360.02939205765506,0,0,0,0,435,D_pmar=0.054_dist=100_repair_6_males=4_nmar=3,FG_theta_zero_feeding,118,9,-99,4,3
0.054,7,100,100,0,359.4576987054475,0,1,0.1,0.5324074074074083,435,D_pmar=0.054_dist=100_repair_6_males=4_nmar=3,FG_theta_zero_feeding,83,7,-99,4,3
0,10,0,0,0,360.0358672425648,0,0,0,0,436,D_pmar=0.054_dist=100_repair_6_males=4_nmar=3,FG_theta_zero_feeding,134,10,-99,4,3
0.054,8,0,100,0,359.50716910078677,0,0,0,0.6265088046657626,436,D_pmar=0.054_dist=100_repair_6_males=4_nmar=3,FG_theta_zero_feeding,84,8,-99,4,3
0.054,9,100,0,0,359.44810581726057,0,0,0,0.5694444444444455,436,D_pmar=0.054_dist=100_repair_6_males=4_nmar=3,FG_theta_zero_feeding,86,9,-99,4,3
0.054,9,100,100,0,359.5077567669431,0,0,0,0.7787414481560802,436,D_pmar=0.054_dist=100_repair_6_males=4_nmar=3,FG_theta_zero_feeding,72,9,-99,4,3
0,11,0,0,0,360.0015584872093,0,0,0,0,437,D_pmar=0.054_dist=100_repair_6_males=4_nmar=3,FG_theta_zero_feeding,108,11,-99,4,3
0.054,8,0,100,0,359.3220389322604,0,0,0,0.6793523859730457,437,D_pmar=0.054_dist=100_repair_6_males=4_nmar=3,FG_theta_zero_feeding,77,8,-99,4,3
0.054,10,100,0,0,359.55013400011393,0,0,0,0.5555555555555566,437,D_pmar=0.054_dist=100_repair_6_males=4_nmar=3,FG_theta_zero_feeding,83,10,-99,4,3
0.054,7,100,100,0,359.6478295584026,0,0,0,0.5755828787398365,437,D_pmar=0.054_dist=100_repair_6_males=4_nmar=3,FG_theta_zero_feeding,92,7,-99,4,3
0.054,3,0,0,0,359.53409749060665,0,0,0,0.5833333333333345,438,D_pmar=0.054_dist=100_repair_6_males=4_nmar=3,FG_theta_zero_feeding,81,3,-99,4,3
0.054,11,0,100,0,359.4138913555553,0,0,0,0.6785580671061298,438,D_pmar=0.054_dist=100_repair_6_males=4_nmar=3,FG_theta_zero_feeding,84,11,-99,4,3
0,11,100,0,0,360.0298089847707,0,0,0,0,438,D_pmar=0.054_dist=100_repair_6_males=4_nmar=3,FG_theta_zero_feeding,114,11,-99,4,3
0.054,11,100,100,0,359.47883280020767,0,0,0,0.6530834128610291,438,D_pmar=0.054_dist=100_repair_6_males=4_nmar=3,FG_theta_zero_feeding,87,11,-99,4,3
0.054,8,0,0,0,359.45477034800933,0,0,0,0.6349737450581061,439,D_pmar=0.054_dist=100_repair_6_males=4_nmar=3,FG_theta_zero_feeding,76,8,-99,4,3
0,9,0,100,0,360.07063343362097,0,0,0,0,439,D_pmar=0.054_dist=100_repair_6_males=4_nmar=3,FG_theta_zero_feeding,125,9,-99,4,3
0.054,12,100,0,0,359.4794704033132,0,1,0.1,0.6111111111111124,439,D_pmar=0.054_dist=100_repair_6_males=4_nmar=3,FG_theta_zero_feeding,79,12,-99,4,3
0.054,7,100,100,0,353.3232100389588,6.108139811919181,0,0,0.6107587108993119,439,D_pmar=0.054_dist=100_repair_6_males=4_nmar=3,FG_theta_zero_feeding,78,7,-99,4,3
0,9,0,0,0,360.1402205509515,0,0,0,0,43,D_pmar=0.054_dist=100_repair_6_males=4_nmar=3,FG_theta_zero_feeding,117,9,-99,4,3
0.054,12,0,100,0,359.36143725618996,0,0,0,0.7204739183522517,43,D_pmar=0.054_dist=100_repair_6_males=4_nmar=3,FG_theta_zero_feeding,96,12,-99,4,3
0.054,11,100,0,0,359.2859670117851,0,0,0,0.7540844953421708,43,D_pmar=0.054_dist=100_repair_6_males=4_nmar=3,FG_theta_zero_feeding,94,11,-99,4,3
0.054,4,100,100,0,359.29296084524873,0,0,0,0.7170474583051334,43,D_pmar=0.054_dist=100_repair_6_males=4_nmar=3,FG_theta_zero_feeding,91,4,-99,4,3
0.054,6,0,0,0,359.2454444903216,0,0,0,0.75863429190373,440,D_pmar=0.054_dist=100_repair_6_males=4_nmar=3,FG_theta_zero_feeding,82,6,-99,4,3
0.054,9,0,100,0,359.4104637587057,0,0,0,0.5913894230100823,440,D_pmar=0.054_dist=100_repair_6_males=4_nmar=3,FG_theta_zero_feeding,98,9,-99,4,3
0,9,100,0,0,360.0499812905178,0,0,0,0,440,D_pmar=0.054_dist=100_repair_6_males=4_nmar=3,FG_theta_zero_feeding,123,9,-99,4,3
0.054,12,100,100,0,359.6443609598334,0,0,0,0.6666666666666682,440,D_pmar=0.054_dist=100_repair_6_males=4_nmar=3,FG_theta_zero_feeding,80,12,-99,4,3
0,10,0,0,0,360.0149337466386,0,0,0,0,441,D_pmar=0.054_dist=100_repair_6_males=4_nmar=3,FG_theta_zero_feeding,112,10,-99,4,3
0.054,9,0,100,0,353.17998726569374,6.173961122439009,2,0.2,0.6245911492844058,441,D_pmar=0.054_dist=100_repair_6_males=4_nmar=3,FG_theta_zero_feeding,76,9,-99,4,3
0.054,10,100,0,0,353.51342892040896,6.052612995307509,0,0,0.6488626339469951,441,D_pmar=0.054_dist=100_repair_6_males=4_nmar=3,FG_theta_zero_feeding,88,10,-99,4,3
0.054,7,100,100,0,353.3968052740854,6.004042526409923,1,0.1,0.6113602956905674,441,D_pmar=0.054_dist=100_repair_6_males=4_nmar=3,FG_theta_zero_feeding,81,7,-99,4,3
0.054,12,0,0,0,359.5335676076594,0,0,0,0.5632826275847792,442,D_pmar=0.054_dist=100_repair_6_males=4_nmar=3,FG_theta_zero_feeding,76,13,-99,4,3
0,12,0,100,0,360.1020186976321,0,0,0,0,442,D_pmar=0.054_dist=100_repair_6_males=4_nmar=3,FG_theta_zero_feeding,97,12,-99,4,3
0.054,4,100,0,0,359.41189926638447,0,0,0,0.6399323923352612,442,D_pmar=0.054_dist=100_repair_6_males=4_nmar=3,FG_theta_zero_feeding,85,4,-99,4,3
0.054,8,100,100,0,359.651040838381,0,0,0,0.5712822667577323,442,D_pmar=0.054_dist=100_repair_6_males=4_nmar=3,FG_theta_zero_feeding,76,8,-99,4,3
0.054,14,0,0,0,359.3211821080596,0,0,0,0.695816965538342,443,D_pmar=0.054_dist=100_repair_6_males=4_nmar=3,FG_theta_zero_feeding,79,14,-99,4,3
0.054,5,0,100,0,359.61296053173146,0,0,0,0.5000000000000008,443,D_pmar=0.054_dist=100_repair_6_males=4_nmar=3,FG_theta_zero_feeding,86,5,-99,4,3
0,10,100,0,0,360.1022774189219,0,0,0,0,443,D_pmar=0.054_dist=100_repair_6_males=4_nmar=3,FG_theta_zero_feeding,122,10,-99,4,3
0.054,7,100,100,0,359.64464511138755,0,0,0,0.6534922635766247,443,D_pmar=0.054_dist=100_repair_6_males=4_nmar=3,FG_theta_zero_feeding,76,7,-99,4,3
0.054,10,0,0,0,359.3586671427608,0,0,0,0.7370747814894133,444,D_pmar=0.054_dist=100_repair_6_males=4_nmar=3,FG_theta_zero_feeding,65,10,-99,4,3
0.054,10,0,100,0,359.51198977785594,0,0,0,0.589937068848116,444,D_pmar=0.054_dist=100_repair_6_males=4_nmar=3,FG_theta_zero_feeding,72,10,-99,4,3
0.054,5,100,0,0,359.66565565713427,0,0,0,0.4768518518518526,444,D_pmar=0.054_dist=100_repair_6_males=4_nmar=3,FG_theta_zero_feeding,78,5,-99,4,3
0,11,100,100,0,360.2684762822119,0,0,0,0,444,D_pmar=0.054_dist=100_repair_6_males=4_nmar=3,FG_theta_zero_feeding,127,11,-99,4,3
0,12,0,0,0,360.1099039821665,0,0,0,0,445,D_pmar=0.054_dist=100_repair_6_males=4_nmar=3,FG_theta_zero_feeding,149,12,-99,4,3
0.054,10,0,100,0,359.41717920312817,0,0,0,0.615740740740742,445,D_pmar=0.054_dist=100_repair_6_males=4_nmar=3,FG_theta_zero_feeding,80,10,-99,4,3
0.054,3,100,0,0,359.23281992212156,0,0,0,0.7729320315082147,445,D_pmar=0.054_dist=100_repair_6_males=4_nmar=3,FG_theta_zero_feeding,79,3,-99,4,3
0.054,11,100,100,0,359.38918567497603,0,0,0,0.643767703097975,445,D_pmar=0.054_dist=100_repair_6_males=4_nmar=3,FG_theta_zero_feeding,90,11,-99,4,3
0,11,0,0,0,360.0589504027565,0,0,0,0,446,D_pmar=0.054_dist=100_repair_6_males=4_nmar=3,FG_theta_zero_feeding,103,11,-99,4,3
0.054,7,0,100,0,346.95754316636715,12.202047059769908,2,0.2,0.6592452297206955,446,D_pmar=0.054_dist=100_repair_6_males=4_nmar=3,FG_theta_zero_feeding,78,7,-99,4,3
0.054,10,100,0,0,340.89007969314224,18.347714256652605,2,0.2,0.572076585624648,446,D_pmar=0.054_dist=100_repair_6_males=4_nmar=3,FG_theta_zero_feeding,79,12,-99,4,3
0.054,8,100,100,0,359.38067519223875,0,1,0.1,0.6511657574796723,446,D_pmar=0.054_dist=100_repair_6_males=4_nmar=3,FG_theta_zero_feeding,82,8,-99,4,3
0.054,7,0,0,0,353.4523879112102,6.0521445669504885,1,0.1,0.4953703703703712,447,D_pmar=0.054_dist=100_repair_6_males=4_nmar=3,FG_theta_zero_feeding,61,7,-99,4,3
0,11,0,100,0,360.00897162566,0,0,0,0,447,D_pmar=0.054_dist=100_repair_6_males=4_nmar=3,FG_theta_zero_feeding,121,11,-99,4,3
0.054,10,100,0,0,353.3673267484585,6.153872249706485,0,0,0.6156609076726718,447,D_pmar=0.054_dist=100_repair_6_males=4_nmar=3,FG_theta_zero_feeding,73,10,-99,4,3
0.054,8,100,100,0,359.41540445130863,0,1,0.1,0.5971423891541532,447,D_pmar=0.054_dist=100_repair_6_males=4_nmar=3,FG_theta_zero_feeding,80,8,-99,4,3
0.054,14,0,0,0,359.50112481471547,0,0,0,0.6519036258427932,448,D_pmar=0.054_dist=100_repair_6_males=4_nmar=3,FG_theta_zero_feeding,82,14,-99,4,3
0.054,10,0,100,0,358.38066328394126,1.2450243869308957,1,0.1,0.5185185185185194,448,D_pmar=0.054_dist=100_repair_6_males=4_nmar=3,FG_theta_zero_feeding,67,10,-99,4,3
0.054,10,100,0,0,358.41783109700316,1.1160979855075772,1,0.1,0.48312656971910894,448,D_pmar=0.054_dist=100_repair_6_males=4_nmar=3,FG_theta_zero_feeding,81,10,-99,4,3
0,2,100,100,0,360.1741715124794,0,0,0,0,448,D_pmar=0.054_dist=100_repair_6_males=4_nmar=3,FG_theta_zero_feeding,99,2,-99,4,3
0.054,10,0,0,0,359.4891258451211,0,0,0,0.6342592592592606,449,D_pmar=0.054_dist=100_repair_6_males=4_nmar=3,FG_theta_zero_feeding,81,10,-99,4,3
0.054,8,0,100,0,359.4843391278529,0,0,0,0.5810068272363821,449,D_pmar=0.054_dist=100_repair_6_males=4_nmar=3,FG_theta_zero_feeding,94,8,-99,4,3
0.054,10,100,0,0,359.5997882434441,0,0,0,0.6874084756497937,449,D_pmar=0.054_dist=100_repair_6_males=4_nmar=3,FG_theta_zero_feeding,74,10,-99,4,3
0,8,100,100,0,360.1548151460836,0,0,0,0,449,D_pmar=0.054_dist=100_repair_6_males=4_nmar=3,FG_theta_zero_feeding,116,8,-99,4,3
0.054,11,0,0,0,359.4242605420934,0,0,0,0.7155951041431673,44,D_pmar=0.054_dist=100_repair_6_males=4_nmar=3,FG_theta_zero_feeding,72,11,-99,4,3
0.054,11,0,100,0,359.5185892734899,0,0,0,0.5000000000000008,44,D_pmar=0.054_dist=100_repair_6_males=4_nmar=3,FG_theta_zero_feeding,80,11,-99,4,3
0.054,6,100,0,0,359.5208956097756,0,0,0,0.6230025115505741,44,D_pmar=0.054_dist=100_repair_6_males=4_nmar=3,FG_theta_zero_feeding,99,6,-99,4,3
0,8,100,100,0,360.1901771501307,0,0,0,0,44,D_pmar=0.054_dist=100_repair_6_males=4_nmar=3,FG_theta_zero_feeding,113,8,-99,4,3
0.054,9,0,0,0,359.4148504811829,0,0,0,0.5968133715066279,450,D_pmar=0.054_dist=100_repair_6_males=4_nmar=3,FG_theta_zero_feeding,83,9,-99,4,3
0,14,0,100,0,360.07391552490316,0,0,0,0,450,D_pmar=0.054_dist=100_repair_6_males=4_nmar=3,FG_theta_zero_feeding,140,14,-99,4,3
0.054,4,100,0,0,359.2455371850881,0,0,0,0.7721377126412988,450,D_pmar=0.054_dist=100_repair_6_males=4_nmar=3,FG_theta_zero_feeding,78,4,-99,4,3
0.054,9,100,100,0,359.431536359724,0,0,0,0.6226734939030489,450,D_pmar=0.054_dist=100_repair_6_males=4_nmar=3,FG_theta_zero_feeding,77,9,-99,4,3
0.054,8,0,0,0,359.4993334989884,0,0,0,0.5462962962962973,451,D_pmar=0.054_dist=100_repair_6_males=4_nmar=3,FG_theta_zero_feeding,71,8,-99,4,3
0.054,9,0,100,0,359.4053523074742,0,0,0,0.6700931267137865,451,D_pmar=0.054_dist=100_repair_6_males=4_nmar=3,FG_theta_zero_feeding,78,9,-99,4,3
0.054,5,100,0,0,359.7103664707163,0,0,0,0.5501880575628061,451,D_pmar=0.054_dist=100_repair_6_males=4_nmar=3,FG_theta_zero_feeding,99,5,-99,4,3
0,14,100,100,0,360.08138745943677,0,0,0,0,451,D_pmar=0.054_dist=100_repair_6_males=4_nmar=3,FG_theta_zero_feeding,105,14,-99,4,3
0.054,9,0,0,0,359.50802804651556,0,0,0,0.6466159609181129,452,D_pmar=0.054_dist=100_repair_6_males=4_nmar=3,FG_theta_zero_feeding,73,9,-99,4,3
0,10,0,100,0,360.28495613844945,0,0,0,0,452,D_pmar=0.054_dist=100_repair_6_males=4_nmar=3,FG_theta_zero_feeding,130,10,-99,4,3
0.054,7,100,0,0,359.660150904579,0,0,0,0.5648148148148159,452,D_pmar=0.054_dist=100_repair_6_males=4_nmar=3,FG_theta_zero_feeding,85,7,-99,4,3
0.054,10,100,100,0,359.50745172522915,0,0,0,0.6823135448007734,452,D_pmar=0.054_dist=100_repair_6_males=4_nmar=3,FG_theta_zero_feeding,73,10,-99,4,3
0.054,10,0,0,0,359.49681320990817,0,0,0,0.6060726307658872,453,D_pmar=0.054_dist=100_repair_6_males=4_nmar=3,FG_theta_zero_feeding,68,10,-99,4,3
0,9,0,100,0,360.13082555253675,0,0,0,0,453,D_pmar=0.054_dist=100_repair_6_males=4_nmar=3,FG_theta_zero_feeding,121,9,-99,4,3
0.054,10,100,0,0,359.51893410124507,0,0,0,0.5339162120731696,453,D_pmar=0.054_dist=100_repair_6_males=4_nmar=3,FG_theta_zero_feeding,89,10,-99,4,3
0.054,7,100,100,0,359.44664044648687,0,0,0,0.5787037037037048,453,D_pmar=0.054_dist=100_repair_6_males=4_nmar=3,FG_theta_zero_feeding,63,7,-99,4,3
0.054,7,0,0,0,359.31062618558025,0,0,0,0.7782761469366896,454,D_pmar=0.054_dist=100_repair_6_males=4_nmar=3,FG_theta_zero_feeding,82,7,-99,4,3
0.054,10,0,100,0,359.4172808664999,0,0,0,0.6519036258427933,454,D_pmar=0.054_dist=100_repair_6_males=4_nmar=3,FG_theta_zero_feeding,88,10,-99,4,3
0.054,11,100,0,0,359.426036939005,0,0,0,0.6488626339469951,454,D_pmar=0.054_dist=100_repair_6_males=4_nmar=3,FG_theta_zero_feeding,88,11,-99,4,3
0,8,100,100,0,360.0488484424843,0,0,0,0,454,D_pmar=0.054_dist=100_repair_6_males=4_nmar=3,FG_theta_zero_feeding,119,8,-99,4,3
0,9,0,0,0,360.1846897713735,0,0,0,0,455,D_pmar=0.054_dist=100_repair_6_males=4_nmar=3,FG_theta_zero_feeding,151,9,-99,4,3
0.054,12,0,100,0,359.2887133319292,0,0,0,0.7891240439297805,455,D_pmar=0.054_dist=100_repair_6_males=4_nmar=3,FG_theta_zero_feeding,88,12,-99,4,3
0.054,6,100,0,0,359.36438675537084,0,0,0,0.775314988108962,455,D_pmar=0.054_dist=100_repair_6_males=4_nmar=3,FG_theta_zero_feeding,78,6,-99,4,3
0.054,9,100,100,0,359.4073695046635,0,0,0,0.6018518518518531,455,D_pmar=0.054_dist=100_repair_6_males=4_nmar=3,FG_theta_zero_feeding,95,9,-99,4,3
0.054,10,0,0,0,359.3838109975548,0,0,0,0.7020916834055985,456,D_pmar=0.054_dist=100_repair_6_males=4_nmar=3,FG_theta_zero_feeding,87,10,-99,4,3
0.054,7,0,100,0,359.3895764452633,0,0,0,0.7138701828374703,456,D_pmar=0.054_dist=100_repair_6_males=4_nmar=3,FG_theta_zero_feeding,72,7,-99,4,3
0.054,10,100,0,0,359.4505404906197,0,0,0,0.6150028723776211,456,D_pmar=0.054_dist=100_repair_6_males=4_nmar=3,FG_theta_zero_feeding,69,10,-99,4,3
0,9,100,100,0,360.24992901469483,0,0,0,0,456,D_pmar=0.054_dist=100_repair_6_males=4_nmar=3,FG_theta_zero_feeding,144,9,-99,4,3
0,8,0,0,0,360.1033866172706,0,0,0,0,457,D_pmar=0.054_dist=100_repair_6_males=4_nmar=3,FG_theta_zero_feeding,109,8,-99,4,3
0.054,11,0,100,0,359.560077084954,0,0,0,0.6056637800502916,457,D_pmar=0.054_dist=100_repair_6_males=4_nmar=3,FG_theta_zero_feeding,73,11,-99,4,3
0.054,10,100,0,0,359.5710167958311,0,0,0,0.5416666666666676,457,D_pmar=0.054_dist=100_repair_6_males=4_nmar=3,FG_theta_zero_feeding,67,10,-99,4,3
0.054,7,100,100,0,359.47410661705266,0,0,0,0.6360970815725472,457,D_pmar=0.054_dist=100_repair_6_males=4_nmar=3,FG_theta_zero_feeding,89,7,-99,4,3
0.054,8,0,0,0,359.4239586037319,0,0,0,0.6423153489360085,458,D_pmar=0.054_dist=100_repair_6_males=4_nmar=3,FG_theta_zero_feeding,87,8,-99,4,3
0.054,7,0,100,0,359.3659224509497,0,0,0,0.8030129328186695,458,D_pmar=0.054_dist=100_repair_6_males=4_nmar=3,FG_theta_zero_feeding,80,7,-99,4,3
0.054,11,100,0,0,359.5480654233175,0,0,0,0.5805415260169915,458,D_pmar=0.054_dist=100_repair_6_males=4_nmar=3,FG_theta_zero_feeding,82,11,-99,4,3
0,10,100,100,0,360.03471823899093,0,0,0,0,458,D_pmar=0.054_dist=100_repair_6_males=4_nmar=3,FG_theta_zero_feeding,119,10,-99,4,3
0,14,0,0,0,360.05563752041917,0,0,0,0,459,D_pmar=0.054_dist=100_repair_6_males=4_nmar=3,FG_theta_zero_feeding,126,14,-99,4,3
0.054,12,0,100,0,359.3704998535212,0,0,0,0.773397332727605,459,D_pmar=0.054_dist=100_repair_6_males=4_nmar=3,FG_theta_zero_feeding,77,12,-99,4,3
0.054,4,100,0,0,359.39003843773423,0,0,0,0.6368914004394632,459,D_pmar=0.054_dist=100_repair_6_males=4_nmar=3,FG_theta_zero_feeding,91,4,-99,4,3
0.054,6,100,100,0,359.601315466847,0,0,0,0.5567353425737928,459,D_pmar=0.054_dist=100_repair_6_males=4_nmar=3,FG_theta_zero_feeding,82,6,-99,4,3
0.054,9,0,0,0,359.5452867209699,0,0,0,0.5601851851851862,45,D_pmar=0.054_dist=100_repair_6_males=4_nmar=3,FG_theta_zero_feeding,92,9,-99,4,3
0.054,13,0,100,0,359.31520630503644,0,0,0,0.6978709044915643,45,D_pmar=0.054_dist=100_repair_6_males=4_nmar=3,FG_theta_zero_feeding,81,13,-99,4,3
0,8,100,0,0,360.0863249430733,0,0,0,0,45,D_pmar=0.054_dist=100_repair_6_males=4_nmar=3,FG_theta_zero_feeding,110,8,-99,4,3
0.054,6,100,100,0,359.4698018188888,0,0,0,0.5744595422253955,45,D_pmar=0.054_dist=100_repair_6_males=4_nmar=3,FG_theta_zero_feeding,83,6,-99,4,3
0.054,8,0,0,0,359.53874600510363,0,0,0,0.5416666666666676,460,D_pmar=0.054_dist=100_repair_6_males=4_nmar=3,FG_theta_zero_feeding,63,8,-99,4,3
0.054,9,0,100,0,359.620813076291,0,0,0,0.5944304149058804,460,D_pmar=0.054_dist=100_repair_6_males=4_nmar=3,FG_theta_zero_feeding,84,9,-99,4,3
0.054,10,100,0,0,359.4690184737976,0,0,0,0.616046375823992,460,D_pmar=0.054_dist=100_repair_6_males=4_nmar=3,FG_theta_zero_feeding,75,10,-99,4,3
0,9,100,100,0,360.0272953761988,0,0,0,0,460,D_pmar=0.054_dist=100_repair_6_males=4_nmar=3,FG_theta_zero_feeding,108,9,-99,4,3
0.054,14,0,0,0,359.3677891416699,0,0,0,0.7082535002652648,461,D_pmar=0.054_dist=100_repair_6_males=4_nmar=3,FG_theta_zero_feeding,93,14,-99,4,3
0.054,7,0,100,0,359.47084442965377,0,0,0,0.5648148148148159,461,D_pmar=0.054_dist=100_repair_6_males=4_nmar=3,FG_theta_zero_feeding,105,7,-99,4,3
0,6,100,0,0,360.13734091679976,0,0,0,0,461,D_pmar=0.054_dist=100_repair_6_males=4_nmar=3,FG_theta_zero_feeding,126,6,-99,4,3
0.054,9,100,100,0,359.3162671019413,0,0,0,0.7510435034463726,461,D_pmar=0.054_dist=100_repair_6_males=4_nmar=3,FG_theta_zero_feeding,78,9,-99,4,3
0,6,0,0,0,360.01000719505424,0,0,0,0,462,D_pmar=0.054_dist=100_repair_6_males=4_nmar=3,FG_theta_zero_feeding,122,6,-99,4,3
0.054,12,0,100,0,359.45318227030776,0,0,0,0.6843674837539955,462,D_pmar=0.054_dist=100_repair_6_males=4_nmar=3,FG_theta_zero_feeding,71,12,-99,4,3
0.054,10,100,0,0,359.5114250594551,0,0,0,0.5401344794366311,462,D_pmar=0.054_dist=100_repair_6_males=4_nmar=3,FG_theta_zero_feeding,62,10,-99,4,3
0.054,8,100,100,0,359.46562357879765,0,0,0,0.558982015602675,462,D_pmar=0.054_dist=100_repair_6_males=4_nmar=3,FG_theta_zero_feeding,71,8,-99,4,3
0.054,8,0,0,0,359.4569701096059,0,0,0,0.6712962962962978,463,D_pmar=0.054_dist=100_repair_6_males=4_nmar=3,FG_theta_zero_feeding,91,8,-99,4,3
0,6,0,100,0,360.103613610429,0,0,0,0,463,D_pmar=0.054_dist=100_repair_6_males=4_nmar=3,FG_theta_zero_feeding,131,6,-99,4,3
0.054,13,100,0,0,359.7674708302472,0,0,0,0.6126199157768738,463,D_pmar=0.054_dist=100_repair_6_males=4_nmar=3,FG_theta_zero_feeding,82,13,-99,4,3
0.054,9,100,100,0,359.26989905284955,0,0,0,0.7321161342122584,463,D_pmar=0.054_dist=100_repair_6_males=4_nmar=3,FG_theta_zero_feeding,83,9,-99,4,3
0.054,12,0,0,0,359.42773586136934,0,0,0,0.7058705436645174,464,D_pmar=0.054_dist=100_repair_6_males=4_nmar=3,FG_theta_zero_feeding,70,12,-99,4,3
0.054,7,0,100,0,359.5739817901733,0,0,0,0.5925925925925938,464,D_pmar=0.054_dist=100_repair_6_males=4_nmar=3,FG_theta_zero_feeding,81,7,-99,4,3
0.054,9,100,0,0,359.4144158198566,0,0,0,0.621141306673012,464,D_pmar=0.054_dist=100_repair_6_males=4_nmar=3,FG_theta_zero_feeding,85,9,-99,4,3
0,8,100,100,0,360.25010744425794,0,0,0,0,464,D_pmar=0.054_dist=100_repair_6_males=4_nmar=3,FG_theta_zero_feeding,131,8,-99,4,3
0.054,5,0,0,0,359.42839957119344,0,0,0,0.5787037037037048,465,D_pmar=0.054_dist=100_repair_6_males=4_nmar=3,FG_theta_zero_feeding,78,5,-99,4,3
0.054,8,0,100,0,359.15934749138313,0,1,0.1,0.7452107042342316,465,D_pmar=0.054_dist=100_repair_6_males=4_nmar=3,FG_theta_zero_feeding,80,8,-99,4,3
0,8,100,0,0,360.03458302296497,0,0,0,0,465,D_pmar=0.054_dist=100_repair_6_males=4_nmar=3,FG_theta_zero_feeding,137,8,-99,4,3
0.054,15,100,100,0,353.3082796096117,6.052955962838815,0,0,0.6461506596987223,465,D_pmar=0.054_dist=100_repair_6_males=4_nmar=3,FG_theta_zero_feeding,80,15,-99,4,3
0.054,7,0,0,0,359.47794302432794,0,0,0,0.6745864727715509,466,D_pmar=0.054_dist=100_repair_6_males=4_nmar=3,FG_theta_zero_feeding,78,7,-99,4,3
0.054,9,0,100,0,359.3974618119309,0,0,0,0.7039528882831605,466,D_pmar=0.054_dist=100_repair_6_males=4_nmar=3,FG_theta_zero_feeding,86,9,-99,4,3
0,5,100,0,0,360.1110563534999,0,0,0,0,466,D_pmar=0.054_dist=100_repair_6_males=4_nmar=3,FG_theta_zero_feeding,132,5,-99,4,3
0.054,15,100,100,0,359.3437418205116,0,0,0,0.7948770100738511,466,D_pmar=0.054_dist=100_repair_6_males=4_nmar=3,FG_theta_zero_feeding,96,15,-99,4,3
0.054,11,0,0,0,359.5158002414945,0,0,0,0.6107022603955168,467,D_pmar=0.054_dist=100_repair_6_males=4_nmar=3,FG_theta_zero_feeding,68,11,-99,4,3
0.054,8,0,100,0,359.51158681999317,0,0,0,0.5652002829661362,467,D_pmar=0.054_dist=100_repair_6_males=4_nmar=3,FG_theta_zero_feeding,89,8,-99,4,3
0,7,100,0,0,360.29871732042966,0,0,0,0,467,D_pmar=0.054_dist=100_repair_6_males=4_nmar=3,FG_theta_zero_feeding,117,7,-99,4,3
0.054,10,100,100,0,359.68704201016214,0,0,0,0.5694444444444455,467,D_pmar=0.054_dist=100_repair_6_males=4_nmar=3,FG_theta_zero_feeding,74,10,-99,4,3
0.054,9,0,0,0,359.36759110736983,0,0,0,0.6726688173901939,468,D_pmar=0.054_dist=100_repair_6_males=4_nmar=3,FG_theta_zero_feeding,87,9,-99,4,3
0.054,9,0,100,0,353.13396798335486,6.081083890364282,0,0,0.8172308393550838,468,D_pmar=0.054_dist=100_repair_6_males=4_nmar=3,FG_theta_zero_feeding,100,9,-99,4,3
0.054,10,100,0,0,359.32456339246073,0,1,0.1,0.7135411651899448,468,D_pmar=0.054_dist=100_repair_6_males=4_nmar=3,FG_theta_zero_feeding,82,10,-99,4,3
0,8,100,100,0,360.00070373502126,0,0,0,0,468,D_pmar=0.054_dist=100_repair_6_males=4_nmar=3,FG_theta_zero_feeding,127,8,-99,4,3
0,8,0,0,0,360.07069234957004,0,0,0,0,469,D_pmar=0.054_dist=100_repair_6_males=4_nmar=3,FG_theta_zero_feeding,139,8,-99,4,3
0.054,6,0,100,0,359.4884368492788,0,0,0,0.6480683150800793,469,D_pmar=0.054_dist=100_repair_6_males=4_nmar=3,FG_theta_zero_feeding,72,6,-99,4,3
0.054,8,100,0,0,359.38577942671174,0,0,0,0.6551373518142514,469,D_pmar=0.054_dist=100_repair_6_males=4_nmar=3,FG_theta_zero_feeding,77,8,-99,4,3
0.054,14,100,100,0,359.5710154367679,0,0,0,0.596813371506628,469,D_pmar=0.054_dist=100_repair_6_males=4_nmar=3,FG_theta_zero_feeding,64,14,-99,4,3
0,8,0,0,0,360.07147972520477,0,0,0,0,46,D_pmar=0.054_dist=100_repair_6_males=4_nmar=3,FG_theta_zero_feeding,126,8,-99,4,3
0.054,8,0,100,0,359.3100163980299,0,0,0,0.7349079415286015,46,D_pmar=0.054_dist=100_repair_6_males=4_nmar=3,FG_theta_zero_feeding,93,8,-99,4,3
0.054,11,100,0,0,359.3317174385197,0,1,0.1,0.6550809013104565,46,D_pmar=0.054_dist=100_repair_6_males=4_nmar=3,FG_theta_zero_feeding,90,11,-99,4,3
0.054,9,100,100,0,353.3815411745929,6.07280697922038,0,0,0.6280974423995943,46,D_pmar=0.054_dist=100_repair_6_males=4_nmar=3,FG_theta_zero_feeding,83,9,-99,4,3
0,8,0,0,0,360.0806406864769,0,0,0,0,470,D_pmar=0.054_dist=100_repair_6_males=4_nmar=3,FG_theta_zero_feeding,106,8,-99,4,3
0.054,11,0,100,0,359.3601423715695,0,0,0,0.6596306978720158,470,D_pmar=0.054_dist=100_repair_6_males=4_nmar=3,FG_theta_zero_feeding,88,11,-99,4,3
0.054,5,100,0,0,359.4973998079649,0,0,0,0.537037037037038,470,D_pmar=0.054_dist=100_repair_6_males=4_nmar=3,FG_theta_zero_feeding,62,5,-99,4,3
0.054,12,100,100,0,359.5892656753211,0,0,0,0.5628173263653887,470,D_pmar=0.054_dist=100_repair_6_males=4_nmar=3,FG_theta_zero_feeding,76,12,-99,4,3
0,10,0,0,0,360.036734091848,0,0,0,0,471,D_pmar=0.054_dist=100_repair_6_males=4_nmar=3,FG_theta_zero_feeding,146,10,-99,4,3
0.054,8,0,100,0,359.44577062940726,0,0,0,0.7432365983490798,471,D_pmar=0.054_dist=100_repair_6_males=4_nmar=3,FG_theta_zero_feeding,77,8,-99,4,3
0.054,8,100,0,0,359.5050660859633,0,0,0,0.6670521348179883,471,D_pmar=0.054_dist=100_repair_6_males=4_nmar=3,FG_theta_zero_feeding,86,8,-99,4,3
0.054,10,100,100,0,359.6076498038126,0,0,0,0.670751162008837,471,D_pmar=0.054_dist=100_repair_6_males=4_nmar=3,FG_theta_zero_feeding,85,10,-99,4,3
0.054,13,0,0,0,353.17582947894493,6.13817544520402,0,0,0.7313218153453427,472,D_pmar=0.054_dist=100_repair_6_males=4_nmar=3,FG_theta_zero_feeding,72,13,-99,4,3
0,8,0,100,0,360.2701941385525,0,0,0,0,472,D_pmar=0.054_dist=100_repair_6_males=4_nmar=3,FG_theta_zero_feeding,122,8,-99,4,3
0.054,7,100,0,0,359.4811081764054,0,0,0,0.6499859704614362,472,D_pmar=0.054_dist=100_repair_6_males=4_nmar=3,FG_theta_zero_feeding,76,7,-99,4,3
0.054,8,100,100,0,359.45680893705077,0,1,0.1,0.511233365144412,472,D_pmar=0.054_dist=100_repair_6_males=4_nmar=3,FG_theta_zero_feeding,75,8,-99,4,3
0.054,7,0,0,0,359.4532024914677,0,0,0,0.6111111111111124,473,D_pmar=0.054_dist=100_repair_6_males=4_nmar=3,FG_theta_zero_feeding,87,7,-99,4,3
0.054,7,0,100,0,359.2752800746582,0,0,0,0.8013678445810429,473,D_pmar=0.054_dist=100_repair_6_males=4_nmar=3,FG_theta_zero_feeding,74,7,-99,4,3
0,11,100,0,0,360.01699466605936,0,0,0,0,473,D_pmar=0.054_dist=100_repair_6_males=4_nmar=3,FG_theta_zero_feeding,152,11,-99,4,3
0.054,11,100,100,0,359.57418990048626,0,0,0,0.6388090558208199,473,D_pmar=0.054_dist=100_repair_6_males=4_nmar=3,FG_theta_zero_feeding,87,11,-99,4,3
0.054,9,0,0,0,359.4096897109127,0,0,0,0.6472739962131636,474,D_pmar=0.054_dist=100_repair_6_males=4_nmar=3,FG_theta_zero_feeding,79,9,-99,4,3
0,11,0,100,0,360.0805724486186,0,0,0,0,474,D_pmar=0.054_dist=100_repair_6_males=4_nmar=3,FG_theta_zero_feeding,128,11,-99,4,3
0.054,8,100,0,0,359.39439483351197,0,0,0,0.6989942410060054,474,D_pmar=0.054_dist=100_repair_6_males=4_nmar=3,FG_theta_zero_feeding,103,8,-99,4,3
0.054,8,100,100,0,359.44680107469117,0,0,0,0.7364965792624332,474,D_pmar=0.054_dist=100_repair_6_males=4_nmar=3,FG_theta_zero_feeding,91,8,-99,4,3
0.054,7,0,0,0,359.664407450057,0,0,0,0.508192373248614,475,D_pmar=0.054_dist=100_repair_6_males=4_nmar=3,FG_theta_zero_feeding,61,7,-99,4,3
0.054,10,0,100,0,359.6431904464931,0,0,0,0.3981481481481486,475,D_pmar=0.054_dist=100_repair_6_males=4_nmar=3,FG_theta_zero_feeding,72,10,-99,4,3
0.054,9,100,0,0,359.44316306788454,0,0,0,0.5597763344695907,475,D_pmar=0.054_dist=100_repair_6_males=4_nmar=3,FG_theta_zero_feeding,60,9,-99,4,3
0,10,100,100,0,360.15622945449053,0,0,0,0,475,D_pmar=0.054_dist=100_repair_6_males=4_nmar=3,FG_theta_zero_feeding,98,10,-99,4,3
0.054,10,0,0,0,359.2320463989707,0,0,0,0.8111488555634876,476,D_pmar=0.054_dist=100_repair_6_males=4_nmar=3,FG_theta_zero_feeding,76,10,-99,4,3
0.054,10,0,100,0,359.6015739086031,0,0,0,0.4675925925925933,476,D_pmar=0.054_dist=100_repair_6_males=4_nmar=3,FG_theta_zero_feeding,91,10,-99,4,3
0.054,8,100,0,0,359.38301689625513,0,0,0,0.6257144857988468,476,D_pmar=0.054_dist=100_repair_6_males=4_nmar=3,FG_theta_zero_feeding,65,8,-99,4,3
0,8,100,100,0,360.0770876803172,0,0,0,0,476,D_pmar=0.054_dist=100_repair_6_males=4_nmar=3,FG_theta_zero_feeding,128,8,-99,4,3
0.054,8,0,0,0,359.4342295072049,0,0,0,0.6202905373023013,477,D_pmar=0.054_dist=100_repair_6_males=4_nmar=3,FG_theta_zero_feeding,70,8,-99,4,3
0.054,9,0,100,0,359.6103163357199,0,0,0,0.4953703703703712,477,D_pmar=0.054_dist=100_repair_6_males=4_nmar=3,FG_theta_zero_feeding,78,9,-99,4,3
0.054,12,100,0,0,359.5224867101952,0,0,0,0.653877731727945,477,D_pmar=0.054_dist=100_repair_6_males=4_nmar=3,FG_theta_zero_feeding,74,12,-99,4,3
0,7,100,100,0,360.032729401097,0,0,0,0,477,D_pmar=0.054_dist=100_repair_6_males=4_nmar=3,FG_theta_zero_feeding,113,7,-99,4,3
0.054,10,0,0,0,359.4792114488906,0,0,0,0.5905951041431666,478,D_pmar=0.054_dist=100_repair_6_males=4_nmar=3,FG_theta_zero_feeding,78,10,-99,4,3
0.054,14,0,100,0,359.4108528081063,0,0,0,0.6203703703703717,478,D_pmar=0.054_dist=100_repair_6_males=4_nmar=3,FG_theta_zero_feeding,65,14,-99,4,3
0,3,100,0,0,360.03242318447917,0,0,0,0,478,D_pmar=0.054_dist=100_repair_6_males=4_nmar=3,FG_theta_zero_feeding,124,3,-99,4,3
0.054,9,100,100,0,359.69181613350213,0,0,0,0.6195526689391805,478,D_pmar=0.054_dist=100_repair_6_males=4_nmar=3,FG_theta_zero_feeding,82,9,-99,4,3
0.054,9,0,0,0,359.41987878788416,0,0,0,0.6453563408318067,479,D_pmar=0.054_dist=100_repair_6_males=4_nmar=3,FG_theta_zero_feeding,80,9,-99,4,3
0,4,0,100,0,360.0174882729484,0,0,0,0,479,D_pmar=0.054_dist=100_repair_6_males=4_nmar=3,FG_theta_zero_feeding,131,4,-99,4,3
0.054,10,100,0,0,359.37038292951263,0,0,0,0.8977159148682794,479,D_pmar=0.054_dist=100_repair_6_males=4_nmar=3,FG_theta_zero_feeding,89,10,-99,4,3
0.054,13,100,100,0,359.3660179992963,0,0,0,0.682722395516369,479,D_pmar=0.054_dist=100_repair_6_males=4_nmar=3,FG_theta_zero_feeding,100,13,-99,4,3
0.054,7,0,0,0,359.5846800772381,0,0,0,0.6720107820951434,47,D_pmar=0.054_dist=100_repair_6_males=4_nmar=3,FG_theta_zero_feeding,81,7,-99,4,3
0.054,10,0,100,0,359.39646136670797,0,1,0.1,0.692446955995019,47,D_pmar=0.054_dist=100_repair_6_males=4_nmar=3,FG_theta_zero_feeding,77,10,-99,4,3
0,9,100,0,0,360.1252119506635,0,0,0,0,47,D_pmar=0.054_dist=100_repair_6_males=4_nmar=3,FG_theta_zero_feeding,138,9,-99,4,3
0.054,10,100,100,0,353.17551837383843,6.185181508101442,0,0,0.6538212812241502,47,D_pmar=0.054_dist=100_repair_6_males=4_nmar=3,FG_theta_zero_feeding,89,10,-99,4,3
0.054,10,0,0,0,359.5363286068679,0,1,0.1,0.5690355937288502,480,D_pmar=0.054_dist=100_repair_6_males=4_nmar=3,FG_theta_zero_feeding,77,10,-99,4,3
0.054,8,0,100,0,347.0743141467881,12.17130722836222,1,0.1,0.6742574551240256,480,D_pmar=0.054_dist=100_repair_6_males=4_nmar=3,FG_theta_zero_feeding,62,8,-99,4,3
0.054,11,100,0,0,353.38805309939414,6.092924846099302,1,0.1,0.5575296614407085,480,D_pmar=0.054_dist=100_repair_6_males=4_nmar=3,FG_theta_zero_feeding,85,11,-99,4,3
0,7,100,100,0,360.0384995271609,0,0,0,0,480,D_pmar=0.054_dist=100_repair_6_males=4_nmar=3,FG_theta_zero_feeding,119,7,-99,4,3
0.054,9,0,0,0,359.47935056941964,0,0,0,0.5921837418769982,481,D_pmar=0.054_dist=100_repair_6_males=4_nmar=3,FG_theta_zero_feeding,90,9,-99,4,3
0,8,0,100,0,360.1278781233683,0,0,0,0,481,D_pmar=0.054_dist=100_repair_6_males=4_nmar=3,FG_theta_zero_feeding,113,8,-99,4,3
0.054,12,100,0,0,359.47835951249186,0,0,0,0.6202905373023014,481,D_pmar=0.054_dist=100_repair_6_males=4_nmar=3,FG_theta_zero_feeding,73,12,-99,4,3
0.054,7,100,100,0,359.324584139847,0,0,0,0.7190215641902853,481,D_pmar=0.054_dist=100_repair_6_males=4_nmar=3,FG_theta_zero_feeding,77,7,-99,4,3
0,9,0,0,0,360.1281191898584,0,0,0,0,482,D_pmar=0.054_dist=100_repair_6_males=4_nmar=3,FG_theta_zero_feeding,114,9,-99,4,3
0.054,10,0,100,0,359.50870270528094,0,0,0,0.5744595422253955,482,D_pmar=0.054_dist=100_repair_6_males=4_nmar=3,FG_theta_zero_feeding,97,10,-99,4,3
0.054,12,100,0,0,359.41000702641514,0,0,0,0.661628186321443,482,D_pmar=0.054_dist=100_repair_6_males=4_nmar=3,FG_theta_zero_feeding,85,12,-99,4,3
0.054,5,100,100,0,359.4911362450469,0,0,0,0.681599059001928,482,D_pmar=0.054_dist=100_repair_6_males=4_nmar=3,FG_theta_zero_feeding,71,5,-99,4,3
0.054,4,0,0,0,359.7086128103369,0,0,0,0.5416666666666676,483,D_pmar=0.054_dist=100_repair_6_males=4_nmar=3,FG_theta_zero_feeding,89,4,-99,4,3
0,6,0,100,0,360.0895022384497,0,0,0,0,483,D_pmar=0.054_dist=100_repair_6_males=4_nmar=3,FG_theta_zero_feeding,94,6,-99,4,3
0.054,14,100,0,0,359.6428777776992,0,0,0,0.5937723796108298,483,D_pmar=0.054_dist=100_repair_6_males=4_nmar=3,FG_theta_zero_feeding,74,14,-99,4,3
0.054,12,100,100,0,359.53703345750336,0,0,0,0.5984020092404595,483,D_pmar=0.054_dist=100_repair_6_males=4_nmar=3,FG_theta_zero_feeding,91,12,-99,4,3
0.054,15,0,0,0,353.2123344022219,6.056344084518488,1,0.1,0.64891908445079,484,D_pmar=0.054_dist=100_repair_6_males=4_nmar=3,FG_theta_zero_feeding,87,17,-99,4,3
0,7,0,100,0,360.2155978715425,0,0,0,0,484,D_pmar=0.054_dist=100_repair_6_males=4_nmar=3,FG_theta_zero_feeding,135,7,-99,4,3
0.054,5,100,0,0,359.3038476174598,0,1,0.1,0.633850408543665,484,D_pmar=0.054_dist=100_repair_6_males=4_nmar=3,FG_theta_zero_feeding,83,5,-99,4,3
0.054,9,100,100,0,347.05989492530665,12.17452785946067,1,0.1,0.7552078318566119,484,D_pmar=0.054_dist=100_repair_6_males=4_nmar=3,FG_theta_zero_feeding,71,10,-99,4,3
0.054,17,0,0,0,359.3088143149262,0,0,0,0.7167184406576081,485,D_pmar=0.054_dist=100_repair_6_males=4_nmar=3,FG_theta_zero_feeding,82,17,-99,4,3
0.054,6,0,100,0,353.3139994734637,6.17156274767315,0,0,0.6237968304174898,485,D_pmar=0.054_dist=100_repair_6_males=4_nmar=3,FG_theta_zero_feeding,105,6,-99,4,3
0.054,8,100,0,0,359.59372009622376,0,1,0.1,0.629629629629631,485,D_pmar=0.054_dist=100_repair_6_males=4_nmar=3,FG_theta_zero_feeding,85,8,-99,4,3
0,5,100,100,0,360.1280621777143,0,0,0,0,485,D_pmar=0.054_dist=100_repair_6_males=4_nmar=3,FG_theta_zero_feeding,120,5,-99,4,3
0.054,12,0,0,0,359.3764442527096,0,0,0,0.6632168240552746,486,D_pmar=0.054_dist=100_repair_6_males=4_nmar=3,FG_theta_zero_feeding,80,12,-99,4,3
0.054,5,0,100,0,359.3295326226213,0,0,0,0.7771528104222486,486,D_pmar=0.054_dist=100_repair_6_males=4_nmar=3,FG_theta_zero_feeding,84,5,-99,4,3
0.054,11,100,0,0,359.29785272104357,0,0,0,0.7108291909416723,486,D_pmar=0.054_dist=100_repair_6_males=4_nmar=3,FG_theta_zero_feeding,101,11,-99,4,3
0,8,100,100,0,360.2071024772686,0,0,0,0,486,D_pmar=0.054_dist=100_repair_6_males=4_nmar=3,FG_theta_zero_feeding,128,8,-99,4,3
0.054,8,0,0,0,359.47719589381256,0,0,0,0.5436407725518194,487,D_pmar=0.054_dist=100_repair_6_males=4_nmar=3,FG_theta_zero_feeding,72,8,-99,4,3
0.054,11,0,100,0,359.76590934295626,0,0,0,0.530080901310456,487,D_pmar=0.054_dist=100_repair_6_males=4_nmar=3,FG_theta_zero_feeding,87,11,-99,4,3
0.054,11,100,0,0,359.47987241257437,0,0,0,0.7517579892452182,487,D_pmar=0.054_dist=100_repair_6_males=4_nmar=3,FG_theta_zero_feeding,65,11,-99,4,3
0,6,100,100,0,360.0913949138592,0,0,0,0,487,D_pmar=0.054_dist=100_repair_6_males=4_nmar=3,FG_theta_zero_feeding,109,6,-99,4,3
0,9,0,0,0,360.10657261211713,0,0,0,0,488,D_pmar=0.054_dist=100_repair_6_males=4_nmar=3,FG_theta_zero_feeding,111,9,-99,4,3
0.054,12,0,100,0,359.1418407521062,0,1,0.1,0.7602229296375616,488,D_pmar=0.054_dist=100_repair_6_males=4_nmar=3,FG_theta_zero_feeding,90,12,-99,4,3
0.054,7,100,0,0,353.5010790125423,6.1107293601070785,0,0,0.5731999221390892,488,D_pmar=0.054_dist=100_repair_6_males=4_nmar=3,FG_theta_zero_feeding,79,7,-99,4,3
0.054,8,100,100,0,359.4604826931947,0,0,0,0.5787037037037048,488,D_pmar=0.054_dist=100_repair_6_males=4_nmar=3,FG_theta_zero_feeding,80,8,-99,4,3
0,8,0,0,0,360.12187727146,0,0,0,0,489,D_pmar=0.054_dist=100_repair_6_males=4_nmar=3,FG_theta_zero_feeding,111,8,-99,4,3
0.054,8,0,100,0,359.5513669763415,0,0,0,0.5247932363857757,489,D_pmar=0.054_dist=100_repair_6_males=4_nmar=3,FG_theta_zero_feeding,89,8,-99,4,3
0.054,10,100,0,0,359.35946024250745,0,0,0,0.684640050897726,489,D_pmar=0.054_dist=100_repair_6_males=4_nmar=3,FG_theta_zero_feeding,86,10,-99,4,3
0.054,10,100,100,0,359.6256824652084,0,0,0,0.5972222222222234,489,D_pmar=0.054_dist=100_repair_6_males=4_nmar=3,FG_theta_zero_feeding,74,10,-99,4,3
0.054,15,0,0,0,359.2657372898285,0,1,0.1,0.7595084438387162,48,D_pmar=0.054_dist=100_repair_6_males=4_nmar=3,FG_theta_zero_feeding,91,15,-99,4,3
0.054,11,0,100,0,359.3151072546548,0,0,0,0.7189651136864905,48,D_pmar=0.054_dist=100_repair_6_males=4_nmar=3,FG_theta_zero_feeding,92,11,-99,4,3
0.054,4,100,0,0,353.3455821111172,6.022922556584748,0,0,0.6365623827919379,48,D_pmar=0.054_dist=100_repair_6_males=4_nmar=3,FG_theta_zero_feeding,104,5,-99,4,3
0,6,100,100,0,360.1833876501146,0,0,0,0,48,D_pmar=0.054_dist=100_repair_6_males=4_nmar=3,FG_theta_zero_feeding,116,6,-99,4,3
0,2,0,0,0,360.22851592505754,0,0,0,0,490,D_pmar=0.054_dist=100_repair_6_males=4_nmar=3,FG_theta_zero_feeding,128,2,-99,4,3
0.054,11,0,100,0,359.370700465083,0,0,0,0.695873416042137,490,D_pmar=0.054_dist=100_repair_6_males=4_nmar=3,FG_theta_zero_feeding,74,11,-99,4,3
0.054,12,100,0,0,359.3948170798049,0,1,0.1,0.5787037037037048,490,D_pmar=0.054_dist=100_repair_6_males=4_nmar=3,FG_theta_zero_feeding,90,12,-99,4,3
0.054,11,100,100,0,353.0929609673083,6.229366274484714,0,0,0.6878173263653893,490,D_pmar=0.054_dist=100_repair_6_males=4_nmar=3,FG_theta_zero_feeding,83,11,-99,4,3
0.054,10,0,0,0,359.2686483653845,0,1,0.1,0.6343157097630556,491,D_pmar=0.054_dist=100_repair_6_males=4_nmar=3,FG_theta_zero_feeding,71,10,-99,4,3
0.054,8,0,100,0,353.44418597716447,6.168191159981068,0,0,0.5219449785656377,491,D_pmar=0.054_dist=100_repair_6_males=4_nmar=3,FG_theta_zero_feeding,73,8,-99,4,3
0,6,100,0,0,360.0449984541064,0,0,0,0,491,D_pmar=0.054_dist=100_repair_6_males=4_nmar=3,FG_theta_zero_feeding,104,6,-99,4,3
0.054,12,100,100,0,359.4054817579529,0,0,0,0.611825596909958,491,D_pmar=0.054_dist=100_repair_6_males=4_nmar=3,FG_theta_zero_feeding,90,12,-99,4,3
0,15,0,0,0,360.1039009888592,0,0,0,0,492,D_pmar=0.054_dist=100_repair_6_males=4_nmar=3,FG_theta_zero_feeding,127,15,-99,4,3
0.054,15,0,100,0,359.37286760179376,0,0,0,0.6619572039689683,492,D_pmar=0.054_dist=100_repair_6_males=4_nmar=3,FG_theta_zero_feeding,98,15,-99,4,3
0.054,4,100,0,0,359.49254858501615,0,0,0,0.6296860801334259,492,D_pmar=0.054_dist=100_repair_6_males=4_nmar=3,FG_theta_zero_feeding,83,4,-99,4,3
0.054,2,100,100,0,359.24682320390446,0,0,0,0.753675644626575,492,D_pmar=0.054_dist=100_repair_6_males=4_nmar=3,FG_theta_zero_feeding,70,2,-99,4,3
0.054,12,0,0,0,359.5334317770017,0,0,0,0.6060726307658871,493,D_pmar=0.054_dist=100_repair_6_males=4_nmar=3,FG_theta_zero_feeding,96,12,-99,4,3
0,6,0,100,0,360.1533363001112,0,0,0,0,493,D_pmar=0.054_dist=100_repair_6_males=4_nmar=3,FG_theta_zero_feeding,117,6,-99,4,3
0.054,12,100,0,0,359.22947653506867,0,0,0,0.7914505500267331,493,D_pmar=0.054_dist=100_repair_6_males=4_nmar=3,FG_theta_zero_feeding,73,12,-99,4,3
0.054,6,100,100,0,359.5682550697346,0,0,0,0.5733362057109543,493,D_pmar=0.054_dist=100_repair_6_males=4_nmar=3,FG_theta_zero_feeding,90,6,-99,4,3
0.054,10,0,0,0,359.4113039866648,0,0,0,0.6761751105053827,494,D_pmar=0.054_dist=100_repair_6_males=4_nmar=3,FG_theta_zero_feeding,90,10,-99,4,3
0.054,10,0,100,0,359.33865708687586,0,0,0,0.7528813257596593,494,D_pmar=0.054_dist=100_repair_6_males=4_nmar=3,FG_theta_zero_feeding,76,10,-99,4,3
0,6,100,0,0,360.1329802321343,0,0,0,0,494,D_pmar=0.054_dist=100_repair_6_males=4_nmar=3,FG_theta_zero_feeding,123,6,-99,4,3
0.054,10,100,100,0,359.62614070905636,0,0,0,0.523148148148149,494,D_pmar=0.054_dist=100_repair_6_males=4_nmar=3,FG_theta_zero_feeding,78,10,-99,4,3
0,8,0,0,0,360.0318442633467,0,0,0,0,495,D_pmar=0.054_dist=100_repair_6_males=4_nmar=3,FG_theta_zero_feeding,111,8,-99,4,3
0.054,11,0,100,0,359.5831925390406,0,0,0,0.6673013193974434,495,D_pmar=0.054_dist=100_repair_6_males=4_nmar=3,FG_theta_zero_feeding,92,11,-99,4,3
0.054,8,100,0,0,359.552725170656,0,0,0,0.5324074074074083,495,D_pmar=0.054_dist=100_repair_6_males=4_nmar=3,FG_theta_zero_feeding,80,8,-99,4,3
0.054,9,100,100,0,359.3129527916538,0,0,0,0.7263067175643928,495,D_pmar=0.054_dist=100_repair_6_males=4_nmar=3,FG_theta_zero_feeding,80,9,-99,4,3
0.054,9,0,0,0,359.55295516285435,0,0,0,0.6121546145574833,496,D_pmar=0.054_dist=100_repair_6_males=4_nmar=3,FG_theta_zero_feeding,79,9,-99,4,3
0.054,11,0,100,0,359.4035199880084,0,0,0,0.6126199157768738,496,D_pmar=0.054_dist=100_repair_6_males=4_nmar=3,FG_theta_zero_feeding,64,11,-99,4,3
0,12,100,0,0,360.0653824467766,0,0,0,0,496,D_pmar=0.054_dist=100_repair_6_males=4_nmar=3,FG_theta_zero_feeding,117,12,-99,4,3
0.054,4,100,100,0,359.40782936498766,0,0,0,0.6175785630540287,496,D_pmar=0.054_dist=100_repair_6_males=4_nmar=3,FG_theta_zero_feeding,87,4,-99,4,3
0.054,9,0,0,0,359.5518006114018,0,0,0,0.6003196646218163,497,D_pmar=0.054_dist=100_repair_6_males=4_nmar=3,FG_theta_zero_feeding,85,9,-99,4,3
0.054,10,0,100,0,359.4471491338103,0,0,0,0.6742574551240257,497,D_pmar=0.054_dist=100_repair_6_males=4_nmar=3,FG_theta_zero_feeding,76,10,-99,4,3
0.054,4,100,0,0,359.3847788309233,0,0,0,0.6280176093315241,497,D_pmar=0.054_dist=100_repair_6_males=4_nmar=3,FG_theta_zero_feeding,78,4,-99,4,3
0,13,100,100,0,360.01777386432514,0,0,0,0,497,D_pmar=0.054_dist=100_repair_6_males=4_nmar=3,FG_theta_zero_feeding,109,13,-99,4,3
0.054,7,0,0,0,359.58415964867464,0,0,0,0.5968133715066279,498,D_pmar=0.054_dist=100_repair_6_males=4_nmar=3,FG_theta_zero_feeding,93,7,-99,4,3
0,6,0,100,0,360.0098047926089,0,0,0,0,498,D_pmar=0.054_dist=100_repair_6_males=4_nmar=3,FG_theta_zero_feeding,127,6,-99,4,3
0.054,10,100,0,0,359.3620229317273,0,0,0,0.6392743570402105,498,D_pmar=0.054_dist=100_repair_6_males=4_nmar=3,FG_theta_zero_feeding,76,10,-99,4,3
0.054,13,100,100,0,359.40927500348914,0,0,0,0.6203703703703717,498,D_pmar=0.054_dist=100_repair_6_males=4_nmar=3,FG_theta_zero_feeding,76,13,-99,4,3
0.054,11,0,0,0,359.4539431238128,0,0,0,0.6079902861472442,499,D_pmar=0.054_dist=100_repair_6_males=4_nmar=3,FG_theta_zero_feeding,80,11,-99,4,3
0.054,6,0,100,0,359.43973835717867,0,0,0,0.69357029250946,499,D_pmar=0.054_dist=100_repair_6_males=4_nmar=3,FG_theta_zero_feeding,73,6,-99,4,3
0.054,9,100,0,0,359.40760482429147,0,0,0,0.6666432841023926,499,D_pmar=0.054_dist=100_repair_6_males=4_nmar=3,FG_theta_zero_feeding,80,9,-99,4,3
0,10,100,100,0,360.0132479872915,0,0,0,0,499,D_pmar=0.054_dist=100_repair_6_males=4_nmar=3,FG_theta_zero_feeding,130,10,-99,4,3
0.054,6,0,0,0,359.5697756313959,0,0,0,0.642644366583534,49,D_pmar=0.054_dist=100_repair_6_males=4_nmar=3,FG_theta_zero_feeding,72,6,-99,4,3
0.054,8,0,100,0,359.47891927899695,0,1,0.1,0.5096447274105805,49,D_pmar=0.054_dist=100_repair_6_males=4_nmar=3,FG_theta_zero_feeding,79,8,-99,4,3
0.054,8,100,0,0,353.366795021769,6.165610857965996,0,0,0.6018518518518531,49,D_pmar=0.054_dist=100_repair_6_males=4_nmar=3,FG_theta_zero_feeding,69,8,-99,4,3
0,14,100,100,0,360.10309036463883,0,0,0,0,49,D_pmar=0.054_dist=100_repair_6_males=4_nmar=3,FG_theta_zero_feeding,127,14,-99,4,3
0.054,10,0,0,0,359.5522062317709,0,0,0,0.6439039866698403,500,D_pmar=0.054_dist=100_repair_6_males=4_nmar=3,FG_theta_zero_feeding,63,10,-99,4,3
0,6,0,100,0,360.26082023500845,0,0,0,0,500,D_pmar=0.054_dist=100_repair_6_males=4_nmar=3,FG_theta_zero_feeding,114,6,-99,4,3
0.054,9,100,0,0,359.4334393290304,0,0,0,0.638071187457699,500,D_pmar=0.054_dist=100_repair_6_males=4_nmar=3,FG_theta_zero_feeding,76,9,-99,4,3
0.054,11,100,100,0,359.62823999658667,0,0,0,0.4768518518518526,500,D_pmar=0.054_dist=100_repair_6_males=4_nmar=3,FG_theta_zero_feeding,83,11,-99,4,3
0.054,8,0,0,0,359.3219892856219,0,0,0,0.8180251582219995,501,D_pmar=0.054_dist=100_repair_6_males=4_nmar=3,FG_theta_zero_feeding,75,8,-99,4,3
0,10,0,100,0,360.0588181809931,0,0,0,0,501,D_pmar=0.054_dist=100_repair_6_males=4_nmar=3,FG_theta_zero_feeding,139,10,-99,4,3
0.054,6,100,0,0,359.5443847089933,0,0,0,0.615740740740742,501,D_pmar=0.054_dist=100_repair_6_males=4_nmar=3,FG_theta_zero_feeding,83,6,-99,4,3
0.054,12,100,100,0,359.56049592923137,0,0,0,0.5725418868440385,501,D_pmar=0.054_dist=100_repair_6_males=4_nmar=3,FG_theta_zero_feeding,85,12,-99,4,3
0.054,12,0,0,0,359.39744818054777,0,0,0,0.6870230074984733,502,D_pmar=0.054_dist=100_repair_6_males=4_nmar=3,FG_theta_zero_feeding,91,12,-99,4,3
0.054,4,0,100,0,359.46467570428797,0,0,0,0.6793523859730457,502,D_pmar=0.054_dist=100_repair_6_males=4_nmar=3,FG_theta_zero_feeding,77,4,-99,4,3
0,11,100,0,0,360.1168675098917,0,0,0,0,502,D_pmar=0.054_dist=100_repair_6_males=4_nmar=3,FG_theta_zero_feeding,125,11,-99,4,3
0.054,9,100,100,0,359.4751034327447,0,0,0,0.5976076903735437,502,D_pmar=0.054_dist=100_repair_6_males=4_nmar=3,FG_theta_zero_feeding,84,9,-99,4,3
0.054,11,0,0,0,359.5615386966878,0,0,0,0.5782948529881093,503,D_pmar=0.054_dist=100_repair_6_males=4_nmar=3,FG_theta_zero_feeding,81,11,-99,4,3
0.054,10,0,100,0,359.3058897433015,0,0,0,0.6989942410060054,503,D_pmar=0.054_dist=100_repair_6_males=4_nmar=3,FG_theta_zero_feeding,72,10,-99,4,3
0.054,6,100,0,0,359.5221052364154,0,0,0,0.6210848561692172,503,D_pmar=0.054_dist=100_repair_6_males=4_nmar=3,FG_theta_zero_feeding,82,6,-99,4,3
0,9,100,100,0,360.0631712673328,0,0,0,0,503,D_pmar=0.054_dist=100_repair_6_males=4_nmar=3,FG_theta_zero_feeding,127,9,-99,4,3
0.054,12,0,0,0,359.3890461310944,0,0,0,0.6214138738167426,504,D_pmar=0.054_dist=100_repair_6_males=4_nmar=3,FG_theta_zero_feeding,75,12,-99,4,3
0.054,4,0,100,0,359.4807715427225,0,0,0,0.5782948529881093,504,D_pmar=0.054_dist=100_repair_6_males=4_nmar=3,FG_theta_zero_feeding,63,4,-99,4,3
0.054,7,100,0,0,359.53955495852443,0,0,0,0.537037037037038,504,D_pmar=0.054_dist=100_repair_6_males=4_nmar=3,FG_theta_zero_feeding,85,7,-99,4,3
0,13,100,100,0,360.010712206145,0,0,0,0,504,D_pmar=0.054_dist=100_repair_6_males=4_nmar=3,FG_theta_zero_feeding,119,13,-99,4,3
0.054,7,0,0,0,359.6106159330655,0,0,0,0.5185185185185194,505,D_pmar=0.054_dist=100_repair_6_males=4_nmar=3,FG_theta_zero_feeding,74,7,-99,4,3
0,7,0,100,0,360.05740035629003,0,0,0,0,505,D_pmar=0.054_dist=100_repair_6_males=4_nmar=3,FG_theta_zero_feeding,108,7,-99,4,3
0.054,11,100,0,0,359.4051616728938,0,0,0,0.6330560896767492,505,D_pmar=0.054_dist=100_repair_6_males=4_nmar=3,FG_theta_zero_feeding,86,11,-99,4,3
0.054,11,100,100,0,359.4848644802716,0,0,0,0.5586529979551497,505,D_pmar=0.054_dist=100_repair_6_males=4_nmar=3,FG_theta_zero_feeding,72,11,-99,4,3
0,9,0,0,0,360.0144659659313,0,0,0,0,506,D_pmar=0.054_dist=100_repair_6_males=4_nmar=3,FG_theta_zero_feeding,126,9,-99,4,3
0.054,10,0,100,0,359.59040601225166,0,0,0,0.5740740740740752,506,D_pmar=0.054_dist=100_repair_6_males=4_nmar=3,FG_theta_zero_feeding,78,10,-99,4,3
0.054,6,100,0,0,359.43897722858736,0,0,0,0.6453563408318066,506,D_pmar=0.054_dist=100_repair_6_males=4_nmar=3,FG_theta_zero_feeding,90,6,-99,4,3
0.054,11,100,100,0,359.3744881541597,0,0,0,0.7240600445355106,506,D_pmar=0.054_dist=100_repair_6_males=4_nmar=3,FG_theta_zero_feeding,91,11,-99,4,3
0.054,16,0,0,0,359.3241743202896,0,0,0,0.7440873677197904,507,D_pmar=0.054_dist=100_repair_6_males=4_nmar=3,FG_theta_zero_feeding,84,16,-99,4,3
0.054,6,0,100,0,359.58886696429335,0,0,0,0.6388888888888903,507,D_pmar=0.054_dist=100_repair_6_males=4_nmar=3,FG_theta_zero_feeding,88,6,-99,4,3
0,9,100,0,0,360.26477838622907,0,0,0,0,507,D_pmar=0.054_dist=100_repair_6_males=4_nmar=3,FG_theta_zero_feeding,144,9,-99,4,3
0.054,5,100,100,0,359.55853181485816,0,0,0,0.6523689270621837,507,D_pmar=0.054_dist=100_repair_6_males=4_nmar=3,FG_theta_zero_feeding,76,5,-99,4,3
0.054,10,0,0,0,359.5438001614781,0,0,0,0.7112146590929923,508,D_pmar=0.054_dist=100_repair_6_males=4_nmar=3,FG_theta_zero_feeding,79,10,-99,4,3
0.054,7,0,100,0,359.60986819728055,0,0,0,0.5509259259259269,508,D_pmar=0.054_dist=100_repair_6_males=4_nmar=3,FG_theta_zero_feeding,71,7,-99,4,3
0.054,5,100,0,0,359.38391179287544,0,0,0,0.6750517739909414,508,D_pmar=0.054_dist=100_repair_6_males=4_nmar=3,FG_theta_zero_feeding,89,5,-99,4,3
0,14,100,100,0,360.14280686412894,0,0,0,0,508,D_pmar=0.054_dist=100_repair_6_males=4_nmar=3,FG_theta_zero_feeding,126,14,-99,4,3
0.054,14,0,0,0,359.4939364227122,0,1,0.1,0.5993890621830354,509,D_pmar=0.054_dist=100_repair_6_males=4_nmar=3,FG_theta_zero_feeding,81,14,-99,4,3
0,8,0,100,0,360.04527523444136,0,0,0,0,509,D_pmar=0.054_dist=100_repair_6_males=4_nmar=3,FG_theta_zero_feeding,134,8,-99,4,3
0.054,7,100,0,0,353.2163046991711,6.2163495931214765,0,0,0.6025663376506987,509,D_pmar=0.054_dist=100_repair_6_males=4_nmar=3,FG_theta_zero_feeding,79,7,-99,4,3
0.054,7,100,100,0,359.2423141290003,0,0,0,0.7954221443613124,509,D_pmar=0.054_dist=100_repair_6_males=4_nmar=3,FG_theta_zero_feeding,84,7,-99,4,3
0.054,10,0,0,0,359.5662080232404,0,0,0,0.6172495454065036,50,D_pmar=0.054_dist=100_repair_6_males=4_nmar=3,FG_theta_zero_feeding,66,10,-99,4,3
0.054,9,0,100,0,359.50771904855617,0,0,0,0.5605706533365066,50,D_pmar=0.054_dist=100_repair_6_males=4_nmar=3,FG_theta_zero_feeding,73,9,-99,4,3
0.054,8,100,0,0,359.54806069808996,0,0,0,0.6311384342953923,50,D_pmar=0.054_dist=100_repair_6_males=4_nmar=3,FG_theta_zero_feeding,81,8,-99,4,3
0,9,100,100,0,360.1637651186904,0,0,0,0,50,D_pmar=0.054_dist=100_repair_6_males=4_nmar=3,FG_theta_zero_feeding,126,9,-99,4,3
0.054,9,0,0,0,359.246088927682,0,0,0,0.7651815769147166,510,D_pmar=0.054_dist=100_repair_6_males=4_nmar=3,FG_theta_zero_feeding,72,9,-99,4,3
0,10,0,100,0,360.2869467151907,0,0,0,0,510,D_pmar=0.054_dist=100_repair_6_males=4_nmar=3,FG_theta_zero_feeding,119,10,-99,4,3
0.054,9,100,0,0,359.55241658933136,0,0,0,0.5398054617891057,510,D_pmar=0.054_dist=100_repair_6_males=4_nmar=3,FG_theta_zero_feeding,88,9,-99,4,3
0.054,8,100,100,0,359.6656551112852,0,0,0,0.6630805404834095,510,D_pmar=0.054_dist=100_repair_6_males=4_nmar=3,FG_theta_zero_feeding,79,8,-99,4,3
0.054,8,0,0,0,359.59078311544374,0,0,0,0.5659946018330521,511,D_pmar=0.054_dist=100_repair_6_males=4_nmar=3,FG_theta_zero_feeding,78,8,-99,4,3
0,8,0,100,0,360.121438228381,0,0,0,0,511,D_pmar=0.054_dist=100_repair_6_males=4_nmar=3,FG_theta_zero_feeding,114,8,-99,4,3
0.054,9,100,0,0,353.5456719664231,6.005068788490646,0,0,0.5837188014846547,511,D_pmar=0.054_dist=100_repair_6_males=4_nmar=3,FG_theta_zero_feeding,70,9,-99,4,3
0.054,11,100,100,0,359.3557926253716,0,1,0.1,0.6022373200031735,511,D_pmar=0.054_dist=100_repair_6_males=4_nmar=3,FG_theta_zero_feeding,75,11,-99,4,3
0.054,8,0,0,0,359.50277234628805,0,0,0,0.6665868335985979,512,D_pmar=0.054_dist=100_repair_6_males=4_nmar=3,FG_theta_zero_feeding,80,8,-99,4,3
0.054,13,0,100,0,359.4166673600903,0,0,0,0.6311384342953925,512,D_pmar=0.054_dist=100_repair_6_males=4_nmar=3,FG_theta_zero_feeding,80,13,-99,4,3
0.054,6,100,0,0,359.6105092574595,0,0,0,0.6442330043173656,512,D_pmar=0.054_dist=100_repair_6_males=4_nmar=3,FG_theta_zero_feeding,82,6,-99,4,3
0,9,100,100,0,360.01984380310455,0,0,0,0,512,D_pmar=0.054_dist=100_repair_6_males=4_nmar=3,FG_theta_zero_feeding,129,9,-99,4,3
0.054,10,0,0,0,353.3423431544717,6.282175683452964,0,0,0.5396691782172406,513,D_pmar=0.054_dist=100_repair_6_males=4_nmar=3,FG_theta_zero_feeding,75,10,-99,4,3
0,6,0,100,0,360.1365508866458,0,0,0,0,513,D_pmar=0.054_dist=100_repair_6_males=4_nmar=3,FG_theta_zero_feeding,155,6,-99,4,3
0.054,5,100,0,0,359.34193058679136,0,2,0.2,0.6203703703703717,513,D_pmar=0.054_dist=100_repair_6_males=4_nmar=3,FG_theta_zero_feeding,64,5,-99,4,3
0.054,15,100,100,0,353.39011259754443,6.144519478820055,0,0,0.6918453712037632,513,D_pmar=0.054_dist=100_repair_6_males=4_nmar=3,FG_theta_zero_feeding,65,15,-99,4,3
0,13,0,0,0,360.11197800954966,0,0,0,0,514,D_pmar=0.054_dist=100_repair_6_males=4_nmar=3,FG_theta_zero_feeding,141,13,-99,4,3
0.054,8,0,100,0,359.30275036336246,0,0,0,0.7391287204426356,514,D_pmar=0.054_dist=100_repair_6_males=4_nmar=3,FG_theta_zero_feeding,93,8,-99,4,3
0.054,9,100,0,0,359.45006962190604,0,0,0,0.6970765856246486,514,D_pmar=0.054_dist=100_repair_6_males=4_nmar=3,FG_theta_zero_feeding,70,9,-99,4,3
0.054,6,100,100,0,359.3600620114645,0,0,0,0.6803394389156217,514,D_pmar=0.054_dist=100_repair_6_males=4_nmar=3,FG_theta_zero_feeding,84,6,-99,4,3
0.054,10,0,0,0,359.60370559394585,0,0,0,0.5000000000000008,515,D_pmar=0.054_dist=100_repair_6_males=4_nmar=3,FG_theta_zero_feeding,81,10,-99,4,3
0,8,0,100,0,360.05757373804136,0,0,0,0,515,D_pmar=0.054_dist=100_repair_6_males=4_nmar=3,FG_theta_zero_feeding,132,8,-99,4,3
0.054,7,100,0,0,359.39680053452963,0,0,0,0.6742574551240257,515,D_pmar=0.054_dist=100_repair_6_males=4_nmar=3,FG_theta_zero_feeding,79,7,-99,4,3
0.054,11,100,100,0,359.42460236100317,0,0,0,0.6903930170417967,515,D_pmar=0.054_dist=100_repair_6_males=4_nmar=3,FG_theta_zero_feeding,71,11,-99,4,3
0,6,0,0,0,360.09144296657047,0,0,0,0,516,D_pmar=0.054_dist=100_repair_6_males=4_nmar=3,FG_theta_zero_feeding,116,6,-99,4,3
0.054,8,0,100,0,359.60685766380925,0,0,0,0.5046296296296304,516,D_pmar=0.054_dist=100_repair_6_males=4_nmar=3,FG_theta_zero_feeding,78,8,-99,4,3
0.054,11,100,0,0,359.2611440022443,0,1,0.1,0.7752351550408916,516,D_pmar=0.054_dist=100_repair_6_males=4_nmar=3,FG_theta_zero_feeding,78,11,-99,4,3
0.054,11,100,100,0,353.4230590304111,6.058769605815086,0,0,0.6129489334243989,516,D_pmar=0.054_dist=100_repair_6_males=4_nmar=3,FG_theta_zero_feeding,83,11,-99,4,3
0.054,9,0,0,0,359.5094057675601,0,0,0,0.5505170752103314,517,D_pmar=0.054_dist=100_repair_6_males=4_nmar=3,FG_theta_zero_feeding,82,9,-99,4,3
0,8,0,100,0,360.2090324219669,0,0,0,0,517,D_pmar=0.054_dist=100_repair_6_males=4_nmar=3,FG_theta_zero_feeding,108,8,-99,4,3
0.054,7,100,0,0,359.2813332266021,0,0,0,0.7814534224043529,517,D_pmar=0.054_dist=100_repair_6_males=4_nmar=3,FG_theta_zero_feeding,70,7,-99,4,3
0.054,12,100,100,0,359.5570800332363,0,0,0,0.5092592592592601,517,D_pmar=0.054_dist=100_repair_6_males=4_nmar=3,FG_theta_zero_feeding,88,12,-99,4,3
0.054,8,0,0,0,359.53563153202253,0,0,0,0.5648148148148159,518,D_pmar=0.054_dist=100_repair_6_males=4_nmar=3,FG_theta_zero_feeding,89,8,-99,4,3
0.054,11,0,100,0,359.3921557504776,0,0,0,0.6889406628798304,518,D_pmar=0.054_dist=100_repair_6_males=4_nmar=3,FG_theta_zero_feeding,94,11,-99,4,3
0,8,100,0,0,360.11984286621737,0,0,0,0,518,D_pmar=0.054_dist=100_repair_6_males=4_nmar=3,FG_theta_zero_feeding,127,8,-99,4,3
0.054,9,100,100,0,359.3821298115256,0,0,0,0.7290186918126655,518,D_pmar=0.054_dist=100_repair_6_males=4_nmar=3,FG_theta_zero_feeding,81,9,-99,4,3
0.054,9,0,0,0,353.57501909357063,6.001353312460682,0,0,0.5717475679771228,519,D_pmar=0.054_dist=100_repair_6_males=4_nmar=3,FG_theta_zero_feeding,88,10,-99,4,3
0.054,6,0,100,0,359.44180922737263,0,1,0.1,0.6241258480650154,519,D_pmar=0.054_dist=100_repair_6_males=4_nmar=3,FG_theta_zero_feeding,74,6,-99,4,3
0.054,7,100,0,0,359.3829163253574,0,0,0,0.7024207010531236,519,D_pmar=0.054_dist=100_repair_6_males=4_nmar=3,FG_theta_zero_feeding,78,7,-99,4,3
0,14,100,100,0,360.1269931394344,0,0,0,0,519,D_pmar=0.054_dist=100_repair_6_males=4_nmar=3,FG_theta_zero_feeding,105,14,-99,4,3
0,8,0,0,0,360.1660879206218,0,0,0,0,51,D_pmar=0.054_dist=100_repair_6_males=4_nmar=3,FG_theta_zero_feeding,132,8,-99,4,3
0.054,9,0,100,0,359.27979855616445,0,0,0,0.7462775902448778,51,D_pmar=0.054_dist=100_repair_6_males=4_nmar=3,FG_theta_zero_feeding,68,9,-99,4,3
0.054,10,100,0,0,359.32324117588564,0,0,0,0.6931614417938643,51,D_pmar=0.054_dist=100_repair_6_males=4_nmar=3,FG_theta_zero_feeding,103,10,-99,4,3
0.054,9,100,100,0,359.47651503096205,0,0,0,0.5787037037037048,51,D_pmar=0.054_dist=100_repair_6_males=4_nmar=3,FG_theta_zero_feeding,77,9,-99,4,3
0,7,0,0,0,360.0514529088344,0,0,0,0,520,D_pmar=0.054_dist=100_repair_6_males=4_nmar=3,FG_theta_zero_feeding,126,7,-99,4,3
0.054,9,0,100,0,359.4721215653312,0,0,0,0.6071959672803282,520,D_pmar=0.054_dist=100_repair_6_males=4_nmar=3,FG_theta_zero_feeding,81,9,-99,4,3
0.054,10,100,0,0,359.4509626679343,0,0,0,0.6823135448007733,520,D_pmar=0.054_dist=100_repair_6_males=4_nmar=3,FG_theta_zero_feeding,75,10,-99,4,3
0.054,10,100,100,0,359.6157352309645,0,0,0,0.5694444444444455,520,D_pmar=0.054_dist=100_repair_6_males=4_nmar=3,FG_theta_zero_feeding,69,10,-99,4,3
0.054,13,0,0,0,359.55515688114605,0,0,0,0.5928417771720489,521,D_pmar=0.054_dist=100_repair_6_males=4_nmar=3,FG_theta_zero_feeding,90,13,-99,4,3
0,15,0,100,0,360.12366341456044,0,0,0,0,521,D_pmar=0.054_dist=100_repair_6_males=4_nmar=3,FG_theta_zero_feeding,119,15,-99,4,3
0.054,4,100,0,0,359.69262888677804,0,0,0,0.49074074074074153,521,D_pmar=0.054_dist=100_repair_6_males=4_nmar=3,FG_theta_zero_feeding,76,4,-99,4,3
0.054,4,100,100,0,359.3977050999155,0,0,0,0.6974056032721738,521,D_pmar=0.054_dist=100_repair_6_males=4_nmar=3,FG_theta_zero_feeding,62,4,-99,4,3
0.054,8,0,0,0,359.53414658763984,0,0,0,0.537037037037038,522,D_pmar=0.054_dist=100_repair_6_males=4_nmar=3,FG_theta_zero_feeding,92,8,-99,4,3
0.054,9,0,100,0,359.4273576470121,0,0,0,0.6175785630540287,522,D_pmar=0.054_dist=100_repair_6_males=4_nmar=3,FG_theta_zero_feeding,67,9,-99,4,3
0.054,12,100,0,0,359.55146413951667,0,0,0,0.5779658353405842,522,D_pmar=0.054_dist=100_repair_6_males=4_nmar=3,FG_theta_zero_feeding,70,12,-99,4,3
0,7,100,100,0,360.0882024755596,0,0,0,0,522,D_pmar=0.054_dist=100_repair_6_males=4_nmar=3,FG_theta_zero_feeding,115,7,-99,4,3
0.054,10,0,0,0,359.4954469753766,0,1,0.1,0.5929780607439139,523,D_pmar=0.054_dist=100_repair_6_males=4_nmar=3,FG_theta_zero_feeding,85,10,-99,4,3
0.054,9,0,100,0,357.57613684679916,1.822459817943941,0,0,0.6372768685907833,523,D_pmar=0.054_dist=100_repair_6_males=4_nmar=3,FG_theta_zero_feeding,88,9,-99,4,3
0.054,9,100,0,0,359.39190476072457,0,0,0,0.742442279482164,523,D_pmar=0.054_dist=100_repair_6_males=4_nmar=3,FG_theta_zero_feeding,72,9,-99,4,3
0,8,100,100,0,360.06090062814656,0,0,0,0,523,D_pmar=0.054_dist=100_repair_6_males=4_nmar=3,FG_theta_zero_feeding,114,8,-99,4,3
0.054,9,0,0,0,359.51062798627265,0,0,0,0.6173059959102984,524,D_pmar=0.054_dist=100_repair_6_males=4_nmar=3,FG_theta_zero_feeding,70,9,-99,4,3
0.054,7,0,100,0,359.4671079076751,0,0,0,0.6064016484134125,524,D_pmar=0.054_dist=100_repair_6_males=4_nmar=3,FG_theta_zero_feeding,76,7,-99,4,3
0.054,10,100,0,0,359.68578560624024,0,0,0,0.5602416356889811,524,D_pmar=0.054_dist=100_repair_6_males=4_nmar=3,FG_theta_zero_feeding,63,10,-99,4,3
0,10,100,100,0,360.12441217014896,0,0,0,0,524,D_pmar=0.054_dist=100_repair_6_males=4_nmar=3,FG_theta_zero_feeding,120,10,-99,4,3
0.054,8,0,0,0,359.54387525740344,0,0,0,0.537037037037038,525,D_pmar=0.054_dist=100_repair_6_males=4_nmar=3,FG_theta_zero_feeding,71,8,-99,4,3
0.054,11,0,100,0,359.56361906051325,0,0,0,0.651960076346588,525,D_pmar=0.054_dist=100_repair_6_males=4_nmar=3,FG_theta_zero_feeding,74,11,-99,4,3
0.054,9,100,0,0,359.6520795600318,0,0,0,0.5698299125957659,525,D_pmar=0.054_dist=100_repair_6_males=4_nmar=3,FG_theta_zero_feeding,70,9,-99,4,3
0,8,100,100,0,360.0288180713414,0,0,0,0,525,D_pmar=0.054_dist=100_repair_6_males=4_nmar=3,FG_theta_zero_feeding,121,8,-99,4,3
0.054,11,0,0,0,359.35542947227276,0,0,0,0.7012973645386824,526,D_pmar=0.054_dist=100_repair_6_males=4_nmar=3,FG_theta_zero_feeding,77,11,-99,4,3
0.054,3,0,100,0,359.64024994912154,0,0,0,0.5787037037037048,526,D_pmar=0.054_dist=100_repair_6_males=4_nmar=3,FG_theta_zero_feeding,83,3,-99,4,3
0.054,11,100,0,0,359.38612628040926,0,0,0,0.6469449785656382,526,D_pmar=0.054_dist=100_repair_6_males=4_nmar=3,FG_theta_zero_feeding,83,11,-99,4,3
0,11,100,100,0,360.0080405827076,0,0,0,0,526,D_pmar=0.054_dist=100_repair_6_males=4_nmar=3,FG_theta_zero_feeding,126,11,-99,4,3
0.054,7,0,0,0,359.3745220710953,0,1,0.1,0.5589820156026748,527,D_pmar=0.054_dist=100_repair_6_males=4_nmar=3,FG_theta_zero_feeding,91,7,-99,4,3
0.054,10,0,100,0,353.04281004057856,6.168920527530246,1,0.1,0.8207371324702724,527,D_pmar=0.054_dist=100_repair_6_males=4_nmar=3,FG_theta_zero_feeding,77,10,-99,4,3
0.054,9,100,0,0,353.18269263097454,6.254037246547014,0,0,0.6349737450581063,527,D_pmar=0.054_dist=100_repair_6_males=4_nmar=3,FG_theta_zero_feeding,73,9,-99,4,3
0,10,100,100,0,360.2538815813215,0,0,0,0,527,D_pmar=0.054_dist=100_repair_6_males=4_nmar=3,FG_theta_zero_feeding,125,10,-99,4,3
0.054,9,0,0,0,353.3491668348366,6.073255358547341,1,0.1,0.5972786727260183,528,D_pmar=0.054_dist=100_repair_6_males=4_nmar=3,FG_theta_zero_feeding,70,10,-99,4,3
0.054,12,0,100,0,347.03463229900694,12.202571418140474,1,0.1,0.7258978668487972,528,D_pmar=0.054_dist=100_repair_6_males=4_nmar=3,FG_theta_zero_feeding,61,12,-99,4,3
0,8,100,0,0,360.00331211854405,0,0,0,0,528,D_pmar=0.054_dist=100_repair_6_males=4_nmar=3,FG_theta_zero_feeding,121,8,-99,4,3
0.054,7,100,100,0,359.45780627931777,0,1,0.1,0.4629629629629636,528,D_pmar=0.054_dist=100_repair_6_males=4_nmar=3,FG_theta_zero_feeding,87,7,-99,4,3
0,8,0,0,0,360.0211797141927,0,0,0,0,529,D_pmar=0.054_dist=100_repair_6_males=4_nmar=3,FG_theta_zero_feeding,112,8,-99,4,3
0.054,11,0,100,0,359.3513363395953,0,0,0,0.653877731727945,529,D_pmar=0.054_dist=100_repair_6_males=4_nmar=3,FG_theta_zero_feeding,73,11,-99,4,3
0.054,7,100,0,0,359.5224557125286,0,0,0,0.5948957161252708,529,D_pmar=0.054_dist=100_repair_6_males=4_nmar=3,FG_theta_zero_feeding,81,7,-99,4,3
0.054,10,100,100,0,359.39570005923804,0,0,0,0.6747227563434159,529,D_pmar=0.054_dist=100_repair_6_males=4_nmar=3,FG_theta_zero_feeding,89,10,-99,4,3
0,11,0,0,0,360.05620851980086,0,0,0,0,52,D_pmar=0.054_dist=100_repair_6_males=4_nmar=3,FG_theta_zero_feeding,122,11,-99,4,3
0.054,6,0,100,0,359.4633436681063,0,0,0,0.5972222222222234,52,D_pmar=0.054_dist=100_repair_6_males=4_nmar=3,FG_theta_zero_feeding,68,6,-99,4,3
0.054,7,100,0,0,359.3196662509921,0,0,0,0.6869431744304031,52,D_pmar=0.054_dist=100_repair_6_males=4_nmar=3,FG_theta_zero_feeding,93,7,-99,4,3
0.054,12,100,100,0,359.40229436877235,0,0,0,0.672668817390194,52,D_pmar=0.054_dist=100_repair_6_males=4_nmar=3,FG_theta_zero_feeding,85,12,-99,4,3
0.054,6,0,0,0,359.7319498273595,0,0,0,0.5462962962962973,530,D_pmar=0.054_dist=100_repair_6_males=4_nmar=3,FG_theta_zero_feeding,105,6,-99,4,3
0,10,0,100,0,360.13649484684964,0,0,0,0,530,D_pmar=0.054_dist=100_repair_6_males=4_nmar=3,FG_theta_zero_feeding,130,10,-99,4,3
0.054,13,100,0,0,359.0497152090605,0,1,0.1,0.8796626975691512,530,D_pmar=0.054_dist=100_repair_6_males=4_nmar=3,FG_theta_zero_feeding,78,13,-99,4,3
0.054,7,100,100,0,353.4983199895255,6.037964919939459,0,0,0.6632168240552746,530,D_pmar=0.054_dist=100_repair_6_males=4_nmar=3,FG_theta_zero_feeding,84,7,-99,4,3
0,10,0,0,0,360.2396918407216,0,0,0,0,531,D_pmar=0.054_dist=100_repair_6_males=4_nmar=3,FG_theta_zero_feeding,110,10,-99,4,3
0.054,11,0,100,0,359.34929777702325,0,1,0.1,0.5999906469742913,531,D_pmar=0.054_dist=100_repair_6_males=4_nmar=3,FG_theta_zero_feeding,85,11,-99,4,3
0.054,6,100,0,0,353.53176217792316,6.046636782806003,0,0,0.5694444444444455,531,D_pmar=0.054_dist=100_repair_6_males=4_nmar=3,FG_theta_zero_feeding,102,6,-99,4,3
0.054,9,100,100,0,359.31711852221554,0,0,0,0.7325249849278542,531,D_pmar=0.054_dist=100_repair_6_males=4_nmar=3,FG_theta_zero_feeding,84,9,-99,4,3
0.054,4,0,0,0,359.4190535745336,0,0,0,0.6396033746877359,532,D_pmar=0.054_dist=100_repair_6_males=4_nmar=3,FG_theta_zero_feeding,69,4,-99,4,3
0,12,0,100,0,360.08066200576604,0,0,0,0,532,D_pmar=0.054_dist=100_repair_6_males=4_nmar=3,FG_theta_zero_feeding,126,12,-99,4,3
0.054,12,100,0,0,359.538192617672,0,0,0,0.6003196646218164,532,D_pmar=0.054_dist=100_repair_6_males=4_nmar=3,FG_theta_zero_feeding,76,12,-99,4,3
0.054,8,100,100,0,359.5266442189652,0,0,0,0.580212508369466,532,D_pmar=0.054_dist=100_repair_6_males=4_nmar=3,FG_theta_zero_feeding,77,8,-99,4,3
0.054,8,0,0,0,353.36223159262056,6.110277827054462,0,0,0.5979367080210689,533,D_pmar=0.054_dist=100_repair_6_males=4_nmar=3,FG_theta_zero_feeding,82,8,-99,4,3
0,12,0,100,0,360.01600296015135,0,0,0,0,533,D_pmar=0.054_dist=100_repair_6_males=4_nmar=3,FG_theta_zero_feeding,112,12,-99,4,3
0.054,8,100,0,0,359.4327145503749,0,0,0,0.6183728819209444,533,D_pmar=0.054_dist=100_repair_6_males=4_nmar=3,FG_theta_zero_feeding,89,8,-99,4,3
0.054,8,100,100,0,359.3549981690142,0,1,0.1,0.6288917612665099,533,D_pmar=0.054_dist=100_repair_6_males=4_nmar=3,FG_theta_zero_feeding,70,8,-99,4,3
0,6,0,0,0,360.01203714585057,0,0,0,0,534,D_pmar=0.054_dist=100_repair_6_males=4_nmar=3,FG_theta_zero_feeding,127,6,-99,4,3
0.054,13,0,100,0,353.12782604459784,6.1033699698805615,1,0.1,0.7371546145574838,534,D_pmar=0.054_dist=100_repair_6_males=4_nmar=3,FG_theta_zero_feeding,84,13,-99,4,3
0.054,6,100,0,0,359.4343498785707,0,0,0,0.6172495454065036,534,D_pmar=0.054_dist=100_repair_6_males=4_nmar=3,FG_theta_zero_feeding,78,6,-99,4,3
0.054,11,100,100,0,353.23328241329216,6.051146603324957,1,0.1,0.629878814209086,534,D_pmar=0.054_dist=100_repair_6_males=4_nmar=3,FG_theta_zero_feeding,87,12,-99,4,3
0.054,9,0,0,0,359.4191159380018,0,0,0,0.6754372421422615,535,D_pmar=0.054_dist=100_repair_6_males=4_nmar=3,FG_theta_zero_feeding,77,9,-99,4,3
0.054,9,0,100,0,359.5465095175812,0,0,0,0.5532290494586041,535,D_pmar=0.054_dist=100_repair_6_males=4_nmar=3,FG_theta_zero_feeding,81,10,-99,4,3
0,13,100,0,0,360.1209384161419,0,0,0,0,535,D_pmar=0.054_dist=100_repair_6_males=4_nmar=3,FG_theta_zero_feeding,111,13,-99,4,3
0.054,5,100,100,0,359.60029695544966,0,0,0,0.5740740740740752,535,D_pmar=0.054_dist=100_repair_6_males=4_nmar=3,FG_theta_zero_feeding,74,5,-99,4,3
0,14,0,0,0,360.0642477785882,0,0,0,0,536,D_pmar=0.054_dist=100_repair_6_males=4_nmar=3,FG_theta_zero_feeding,133,14,-99,4,3
0.054,7,0,100,0,359.59365015785414,0,0,0,0.5601851851851862,536,D_pmar=0.054_dist=100_repair_6_males=4_nmar=3,FG_theta_zero_feeding,90,7,-99,4,3
0.054,7,100,0,0,359.28054904270084,0,0,0,0.7517579892452181,536,D_pmar=0.054_dist=100_repair_6_males=4_nmar=3,FG_theta_zero_feeding,74,7,-99,4,3
0.054,8,100,100,0,359.52098535052903,0,0,0,0.6373567016588535,536,D_pmar=0.054_dist=100_repair_6_males=4_nmar=3,FG_theta_zero_feeding,76,8,-99,4,3
0,8,0,0,0,360.0581983101472,0,0,0,0,537,D_pmar=0.054_dist=100_repair_6_males=4_nmar=3,FG_theta_zero_feeding,128,8,-99,4,3
0.054,8,0,100,0,353.502306411318,6.0529535287520595,1,0.1,0.5725418868440385,537,D_pmar=0.054_dist=100_repair_6_males=4_nmar=3,FG_theta_zero_feeding,86,8,-99,4,3
0.054,6,100,0,0,353.0782414613774,6.080032650469557,1,0.1,0.8276134351287842,537,D_pmar=0.054_dist=100_repair_6_males=4_nmar=3,FG_theta_zero_feeding,78,6,-99,4,3
0.054,14,100,100,0,359.58384773655297,0,0,0,0.5601851851851862,537,D_pmar=0.054_dist=100_repair_6_males=4_nmar=3,FG_theta_zero_feeding,78,14,-99,4,3
0,9,0,0,0,360.09250662994856,0,0,0,0,538,D_pmar=0.054_dist=100_repair_6_males=4_nmar=3,FG_theta_zero_feeding,137,9,-99,4,3
0.054,9,0,100,0,359.48317296482105,0,0,0,0.5341089461488301,538,D_pmar=0.054_dist=100_repair_6_males=4_nmar=3,FG_theta_zero_feeding,82,9,-99,4,3
0.054,8,100,0,0,359.25543251080694,0,0,0,0.7540844953421707,538,D_pmar=0.054_dist=100_repair_6_males=4_nmar=3,FG_theta_zero_feeding,64,8,-99,4,3
0.054,10,100,100,0,359.3605068939654,0,0,0,0.6531632459290995,538,D_pmar=0.054_dist=100_repair_6_males=4_nmar=3,FG_theta_zero_feeding,80,10,-99,4,3
0.054,10,0,0,0,359.439124004855,0,0,0,0.6511657574796723,539,D_pmar=0.054_dist=100_repair_6_males=4_nmar=3,FG_theta_zero_feeding,85,10,-99,4,3
0.054,9,0,100,0,359.4567494145104,0,0,0,0.6418500477166181,539,D_pmar=0.054_dist=100_repair_6_males=4_nmar=3,FG_theta_zero_feeding,80,9,-99,4,3
0.054,7,100,0,0,359.46634286751623,0,0,0,0.6322617708098334,539,D_pmar=0.054_dist=100_repair_6_males=4_nmar=3,FG_theta_zero_feeding,78,7,-99,4,3
0,10,100,100,0,360.11784694927076,0,0,0,0,539,D_pmar=0.054_dist=100_repair_6_males=4_nmar=3,FG_theta_zero_feeding,107,10,-99,4,3
0.054,10,0,0,0,359.55271666282806,0,0,0,0.7015699316824129,53,D_pmar=0.054_dist=100_repair_6_males=4_nmar=3,FG_theta_zero_feeding,95,10,-99,4,3
0,8,0,100,0,360.1367106510206,0,0,0,0,53,D_pmar=0.054_dist=100_repair_6_males=4_nmar=3,FG_theta_zero_feeding,120,8,-99,4,3
0.054,9,100,0,0,353.4240990485968,6.054558717293599,0,0,0.7255688492012717,53,D_pmar=0.054_dist=100_repair_6_males=4_nmar=3,FG_theta_zero_feeding,94,9,-99,4,3
0.054,9,100,100,0,359.2578974554554,0,1,0.1,0.6481481481481496,53,D_pmar=0.054_dist=100_repair_6_males=4_nmar=3,FG_theta_zero_feeding,85,9,-99,4,3
0.054,8,0,0,0,359.4950624698846,0,0,0,0.6361535320763422,540,D_pmar=0.054_dist=100_repair_6_males=4_nmar=3,FG_theta_zero_feeding,76,8,-99,4,3
0.054,13,0,100,0,353.5728295087001,6.036420300055594,0,0,0.537037037037038,540,D_pmar=0.054_dist=100_repair_6_males=4_nmar=3,FG_theta_zero_feeding,86,13,-99,4,3
0,9,100,0,0,360.04246122890873,0,0,0,0,540,D_pmar=0.054_dist=100_repair_6_males=4_nmar=3,FG_theta_zero_feeding,127,9,-99,4,3
0.054,6,100,100,0,359.2351682827679,0,1,0.1,0.6951589302432915,540,D_pmar=0.054_dist=100_repair_6_males=4_nmar=3,FG_theta_zero_feeding,69,6,-99,4,3
0.054,8,0,0,0,359.5163285451723,0,0,0,0.5509259259259269,541,D_pmar=0.054_dist=100_repair_6_males=4_nmar=3,FG_theta_zero_feeding,89,8,-99,4,3
0,8,0,100,0,360.0225194888371,0,0,0,0,541,D_pmar=0.054_dist=100_repair_6_males=4_nmar=3,FG_theta_zero_feeding,114,8,-99,4,3
0.054,8,100,0,0,359.46233432932155,0,0,0,0.5736652233584797,541,D_pmar=0.054_dist=100_repair_6_males=4_nmar=3,FG_theta_zero_feeding,79,8,-99,4,3
0.054,12,100,100,0,359.343901835571,0,0,0,0.6720107820951433,541,D_pmar=0.054_dist=100_repair_6_males=4_nmar=3,FG_theta_zero_feeding,75,12,-99,4,3
0.054,9,0,0,0,359.50782147315044,0,0,0,0.6353027627056314,542,D_pmar=0.054_dist=100_repair_6_males=4_nmar=3,FG_theta_zero_feeding,76,9,-99,4,3
0.054,9,0,100,0,359.43426696455964,0,0,0,0.6107022603955169,542,D_pmar=0.054_dist=100_repair_6_males=4_nmar=3,FG_theta_zero_feeding,83,9,-99,4,3
0,10,100,0,0,360.06877971285866,0,0,0,0,542,D_pmar=0.054_dist=100_repair_6_males=4_nmar=3,FG_theta_zero_feeding,124,10,-99,4,3
0.054,8,100,100,0,359.267526681881,0,0,0,0.756716636522373,542,D_pmar=0.054_dist=100_repair_6_males=4_nmar=3,FG_theta_zero_feeding,80,8,-99,4,3
0.054,9,0,0,0,353.5102718737666,6.056095106671043,0,0,0.5138888888888897,543,D_pmar=0.054_dist=100_repair_6_males=4_nmar=3,FG_theta_zero_feeding,100,9,-99,4,3
0,8,0,100,0,360.1115041220321,0,0,0,0,543,D_pmar=0.054_dist=100_repair_6_males=4_nmar=3,FG_theta_zero_feeding,122,8,-99,4,3
0.054,5,100,0,0,359.2618306447221,0,0,0,0.7969309490270734,543,D_pmar=0.054_dist=100_repair_6_males=4_nmar=3,FG_theta_zero_feeding,58,5,-99,4,3
0.054,14,100,100,0,359.365749124724,0,1,0.1,0.5679122572144089,543,D_pmar=0.054_dist=100_repair_6_males=4_nmar=3,FG_theta_zero_feeding,79,14,-99,4,3
0.054,8,0,0,0,359.37154481072645,0,0,0,0.6396033746877359,544,D_pmar=0.054_dist=100_repair_6_males=4_nmar=3,FG_theta_zero_feeding,71,8,-99,4,3
0.054,7,0,100,0,359.5050443340227,0,0,0,0.5138888888888897,544,D_pmar=0.054_dist=100_repair_6_males=4_nmar=3,FG_theta_zero_feeding,85,7,-99,4,3
0.054,11,100,0,0,359.4324082214422,0,0,0,0.769482188896821,544,D_pmar=0.054_dist=100_repair_6_males=4_nmar=3,FG_theta_zero_feeding,78,11,-99,4,3
0,10,100,100,0,360.1211518649471,0,0,0,0,544,D_pmar=0.054_dist=100_repair_6_males=4_nmar=3,FG_theta_zero_feeding,130,10,-99,4,3
0,6,0,0,0,360.1407101546114,0,0,0,0,545,D_pmar=0.054_dist=100_repair_6_males=4_nmar=3,FG_theta_zero_feeding,117,6,-99,4,3
0.054,14,0,100,0,359.334582563339,0,0,0,0.7001740280242413,545,D_pmar=0.054_dist=100_repair_6_males=4_nmar=3,FG_theta_zero_feeding,73,15,-99,4,3
0.054,10,100,0,0,359.5977151249565,0,0,0,0.5277777777777787,545,D_pmar=0.054_dist=100_repair_6_males=4_nmar=3,FG_theta_zero_feeding,89,10,-99,4,3
0.054,6,100,100,0,359.4903579768157,0,0,0,0.683516714383285,545,D_pmar=0.054_dist=100_repair_6_males=4_nmar=3,FG_theta_zero_feeding,85,6,-99,4,3
0.054,10,0,0,0,353.0134258367414,6.054271285332716,2,0.2,0.7341136226616857,546,D_pmar=0.054_dist=100_repair_6_males=4_nmar=3,FG_theta_zero_feeding,82,10,-99,4,3
0.054,9,0,100,0,359.5076200941669,0,0,0,0.6388888888888903,546,D_pmar=0.054_dist=100_repair_6_males=4_nmar=3,FG_theta_zero_feeding,93,9,-99,4,3
0,11,100,0,0,360.15443569247475,0,0,0,0,546,D_pmar=0.054_dist=100_repair_6_males=4_nmar=3,FG_theta_zero_feeding,152,11,-99,4,3
0.054,6,100,100,0,347.0313801304504,12.253617921164633,1,0.1,0.7059269941683122,546,D_pmar=0.054_dist=100_repair_6_males=4_nmar=3,FG_theta_zero_feeding,74,6,-99,4,3
0,8,0,0,0,360.25698312321816,0,0,0,0,547,D_pmar=0.054_dist=100_repair_6_males=4_nmar=3,FG_theta_zero_feeding,134,8,-99,4,3
0.054,9,0,100,0,359.3365663667862,0,0,0,0.731401648413413,547,D_pmar=0.054_dist=100_repair_6_males=4_nmar=3,FG_theta_zero_feeding,96,9,-99,4,3
0.054,10,100,0,0,359.44012906275776,0,0,0,0.6823933778688438,547,D_pmar=0.054_dist=100_repair_6_males=4_nmar=3,FG_theta_zero_feeding,84,10,-99,4,3
0.054,9,100,100,0,359.3835500924141,0,0,0,0.6913236194805777,547,D_pmar=0.054_dist=100_repair_6_males=4_nmar=3,FG_theta_zero_feeding,91,9,-99,4,3
0.054,9,0,0,0,359.3869778585702,0,0,0,0.682722395516369,548,D_pmar=0.054_dist=100_repair_6_males=4_nmar=3,FG_theta_zero_feeding,79,9,-99,4,3
0.054,5,0,100,0,359.45352705742476,0,0,0,0.5775569846249885,548,D_pmar=0.054_dist=100_repair_6_males=4_nmar=3,FG_theta_zero_feeding,81,5,-99,4,3
0,14,100,0,0,360.11893585582504,0,0,0,0,548,D_pmar=0.054_dist=100_repair_6_males=4_nmar=3,FG_theta_zero_feeding,111,14,-99,4,3
0.054,8,100,100,0,359.52001488751097,0,0,0,0.5837188014846547,548,D_pmar=0.054_dist=100_repair_6_males=4_nmar=3,FG_theta_zero_feeding,66,8,-99,4,3
0,14,0,0,0,360.05457208673295,0,0,0,0,549,D_pmar=0.054_dist=100_repair_6_males=4_nmar=3,FG_theta_zero_feeding,117,14,-99,4,3
0.054,9,0,100,0,359.3512658393956,0,0,0,0.652697944709709,549,D_pmar=0.054_dist=100_repair_6_males=4_nmar=3,FG_theta_zero_feeding,88,9,-99,4,3
0.054,5,100,0,0,359.4833735938602,0,0,0,0.537037037037038,549,D_pmar=0.054_dist=100_repair_6_males=4_nmar=3,FG_theta_zero_feeding,73,5,-99,4,3
0.054,8,100,100,0,359.46245673766924,0,0,0,0.6118255969099577,549,D_pmar=0.054_dist=100_repair_6_males=4_nmar=3,FG_theta_zero_feeding,78,8,-99,4,3
0.054,5,0,0,0,359.455278414084,0,0,0,0.6481247655838741,54,D_pmar=0.054_dist=100_repair_6_males=4_nmar=3,FG_theta_zero_feeding,80,5,-99,4,3
0,9,0,100,0,360.07845563271286,0,0,0,0,54,D_pmar=0.054_dist=100_repair_6_males=4_nmar=3,FG_theta_zero_feeding,94,9,-99,4,3
0.054,10,100,0,0,359.57543784547954,0,0,0,0.5092592592592601,54,D_pmar=0.054_dist=100_repair_6_males=4_nmar=3,FG_theta_zero_feeding,75,10,-99,4,3
0.054,12,100,100,0,359.4776242306531,0,0,0,0.5693646113763753,54,D_pmar=0.054_dist=100_repair_6_males=4_nmar=3,FG_theta_zero_feeding,78,12,-99,4,3
0.054,8,0,0,0,359.4326550521481,0,0,0,0.6360970815725472,550,D_pmar=0.054_dist=100_repair_6_males=4_nmar=3,FG_theta_zero_feeding,80,8,-99,4,3
0.054,10,0,100,0,359.355614794548,0,0,0,0.694750079527696,550,D_pmar=0.054_dist=100_repair_6_males=4_nmar=3,FG_theta_zero_feeding,99,10,-99,4,3
0,10,100,0,0,360.2320146520559,0,0,0,0,550,D_pmar=0.054_dist=100_repair_6_males=4_nmar=3,FG_theta_zero_feeding,145,10,-99,4,3
0.054,8,100,100,0,359.46862932012954,0,0,0,0.822269319700309,550,D_pmar=0.054_dist=100_repair_6_males=4_nmar=3,FG_theta_zero_feeding,69,8,-99,4,3
0.054,13,0,0,0,359.27705632782875,0,0,0,0.7329104530791744,551,D_pmar=0.054_dist=100_repair_6_males=4_nmar=3,FG_theta_zero_feeding,75,13,-99,4,3
0,6,0,100,0,360.10838054325217,0,0,0,0,551,D_pmar=0.054_dist=100_repair_6_males=4_nmar=3,FG_theta_zero_feeding,132,6,-99,4,3
0.054,7,100,0,0,359.55687660177017,0,0,0,0.5601851851851862,551,D_pmar=0.054_dist=100_repair_6_males=4_nmar=3,FG_theta_zero_feeding,88,7,-99,4,3
0.054,10,100,100,0,359.3774680313104,0,0,0,0.6442330043173656,551,D_pmar=0.054_dist=100_repair_6_males=4_nmar=3,FG_theta_zero_feeding,75,10,-99,4,3
0.054,9,0,0,0,359.3831063143489,0,1,0.1,0.6230025115505742,552,D_pmar=0.054_dist=100_repair_6_males=4_nmar=3,FG_theta_zero_feeding,88,9,-99,4,3
0.054,4,0,100,0,359.17046518686897,0,0,0,0.8427619441039793,552,D_pmar=0.054_dist=100_repair_6_males=4_nmar=3,FG_theta_zero_feeding,87,4,-99,4,3
0,13,100,0,0,360.0634266882779,0,0,0,0,552,D_pmar=0.054_dist=100_repair_6_males=4_nmar=3,FG_theta_zero_feeding,126,13,-99,4,3
0.054,10,100,100,0,353.3736631935283,6.015017811469337,0,0,0.645685358479332,552,D_pmar=0.054_dist=100_repair_6_males=4_nmar=3,FG_theta_zero_feeding,83,10,-99,4,3
0.054,5,0,0,0,359.43069532306487,0,0,0,0.5845131203515705,553,D_pmar=0.054_dist=100_repair_6_males=4_nmar=3,FG_theta_zero_feeding,56,5,-99,4,3
0,9,0,100,0,360.0530055068228,0,0,0,0,553,D_pmar=0.054_dist=100_repair_6_males=4_nmar=3,FG_theta_zero_feeding,120,9,-99,4,3
0.054,13,100,0,0,359.3871901672116,0,0,0,0.6766968622285678,553,D_pmar=0.054_dist=100_repair_6_males=4_nmar=3,FG_theta_zero_feeding,62,13,-99,4,3
0.054,9,100,100,0,359.5953470349259,0,0,0,0.4861111111111119,553,D_pmar=0.054_dist=100_repair_6_males=4_nmar=3,FG_theta_zero_feeding,98,9,-99,4,3
0.054,9,0,0,0,359.4661259198278,0,0,0,0.6908583182611873,554,D_pmar=0.054_dist=100_repair_6_males=4_nmar=3,FG_theta_zero_feeding,83,9,-99,4,3
0.054,8,0,100,0,359.50161142972445,0,0,0,0.5046296296296304,554,D_pmar=0.054_dist=100_repair_6_males=4_nmar=3,FG_theta_zero_feeding,82,8,-99,4,3
0.054,9,100,0,0,359.3284112990656,0,0,0,0.6974056032721739,554,D_pmar=0.054_dist=100_repair_6_males=4_nmar=3,FG_theta_zero_feeding,82,9,-99,4,3
0,10,100,100,0,360.3537182292064,0,0,0,0,554,D_pmar=0.054_dist=100_repair_6_males=4_nmar=3,FG_theta_zero_feeding,125,10,-99,4,3
0.054,4,0,0,0,359.4822663630757,0,1,0.1,0.5416666666666676,555,D_pmar=0.054_dist=100_repair_6_males=4_nmar=3,FG_theta_zero_feeding,75,4,-99,4,3
0.054,8,0,100,0,353.34930563561807,6.040709371871227,0,0,0.7294041599639857,555,D_pmar=0.054_dist=100_repair_6_males=4_nmar=3,FG_theta_zero_feeding,71,8,-99,4,3
0.054,9,100,0,0,359.500256152271,0,0,0,0.5894717676287257,555,D_pmar=0.054_dist=100_repair_6_males=4_nmar=3,FG_theta_zero_feeding,79,9,-99,4,3
0,15,100,100,0,360.071038441388,0,0,0,0,555,D_pmar=0.054_dist=100_repair_6_males=4_nmar=3,FG_theta_zero_feeding,128,15,-99,4,3
0.054,9,0,0,0,359.48893095553257,0,0,0,0.6214138738167426,556,D_pmar=0.054_dist=100_repair_6_males=4_nmar=3,FG_theta_zero_feeding,83,9,-99,4,3
0.054,10,0,100,0,359.46181908341043,0,0,0,0.5624883087178632,556,D_pmar=0.054_dist=100_repair_6_males=4_nmar=3,FG_theta_zero_feeding,64,10,-99,4,3
0.054,4,100,0,0,359.4307566842726,0,0,0,0.5816648625314327,556,D_pmar=0.054_dist=100_repair_6_males=4_nmar=3,FG_theta_zero_feeding,78,4,-99,4,3
0,13,100,100,0,360.1274198624554,0,0,0,0,556,D_pmar=0.054_dist=100_repair_6_males=4_nmar=3,FG_theta_zero_feeding,105,13,-99,4,3
0.054,7,0,0,0,359.5970836917327,0,0,0,0.5529000318110788,557,D_pmar=0.054_dist=100_repair_6_males=4_nmar=3,FG_theta_zero_feeding,76,7,-99,4,3
0.054,12,0,100,0,359.50763299280806,0,0,0,0.5505170752103314,557,D_pmar=0.054_dist=100_repair_6_males=4_nmar=3,FG_theta_zero_feeding,61,12,-99,4,3
0.054,10,100,0,0,359.58547617131836,0,0,0,0.60368967416514,557,D_pmar=0.054_dist=100_repair_6_males=4_nmar=3,FG_theta_zero_feeding,81,10,-99,4,3
0,7,100,100,0,360.0350076900784,0,0,0,0,557,D_pmar=0.054_dist=100_repair_6_males=4_nmar=3,FG_theta_zero_feeding,106,7,-99,4,3
0.054,8,0,0,0,359.54501112755537,0,0,0,0.6111111111111124,558,D_pmar=0.054_dist=100_repair_6_males=4_nmar=3,FG_theta_zero_feeding,86,8,-99,4,3
0.054,11,0,100,0,359.3800386796187,0,0,0,0.649656952813911,558,D_pmar=0.054_dist=100_repair_6_males=4_nmar=3,FG_theta_zero_feeding,87,11,-99,4,3
0.054,9,100,0,0,359.599601866991,0,0,0,0.6562042378248975,558,D_pmar=0.054_dist=100_repair_6_males=4_nmar=3,FG_theta_zero_feeding,91,9,-99,4,3
0,8,100,100,0,360.07196191715605,0,0,0,0,558,D_pmar=0.054_dist=100_repair_6_males=4_nmar=3,FG_theta_zero_feeding,119,8,-99,4,3
0.054,6,0,0,0,359.1233604184865,0,1,0.1,0.8075861119445044,559,D_pmar=0.054_dist=100_repair_6_males=4_nmar=3,FG_theta_zero_feeding,58,6,-99,4,3
0.054,6,0,100,0,353.29677803154436,6.046478426581214,0,0,0.7610172485044775,559,D_pmar=0.054_dist=100_repair_6_males=4_nmar=3,FG_theta_zero_feeding,87,7,-99,4,3
0,14,100,0,0,360.0633450351293,0,0,0,0,559,D_pmar=0.054_dist=100_repair_6_males=4_nmar=3,FG_theta_zero_feeding,137,14,-99,4,3
0.054,10,100,100,0,359.6928830455502,0,0,0,0.4398148148148154,559,D_pmar=0.054_dist=100_repair_6_males=4_nmar=3,FG_theta_zero_feeding,93,10,-99,4,3
0.054,6,0,0,0,359.2585104864162,0,2,0.2,0.6049492942514461,55,D_pmar=0.054_dist=100_repair_6_males=4_nmar=3,FG_theta_zero_feeding,86,6,-99,4,3
0.054,12,0,100,0,359.57496798127937,0,0,0,0.537037037037038,55,D_pmar=0.054_dist=100_repair_6_males=4_nmar=3,FG_theta_zero_feeding,88,12,-99,4,3
0.054,12,100,0,0,347.17574234511034,12.145757709691395,0,0,0.7809881211849622,55,D_pmar=0.054_dist=100_repair_6_males=4_nmar=3,FG_theta_zero_feeding,73,12,-99,4,3
0,6,100,100,0,360.2399973223118,0,0,0,0,55,D_pmar=0.054_dist=100_repair_6_males=4_nmar=3,FG_theta_zero_feeding,117,6,-99,4,3
0,7,0,0,0,360.01013187154143,0,0,0,0,560,D_pmar=0.054_dist=100_repair_6_males=4_nmar=3,FG_theta_zero_feeding,129,7,-99,4,3
0.054,11,0,100,0,359.4394751986731,0,0,0,0.7340337895936153,560,D_pmar=0.054_dist=100_repair_6_males=4_nmar=3,FG_theta_zero_feeding,80,11,-99,4,3
0.054,8,100,0,0,347.0898129040422,12.212537405410105,2,0.2,0.6234678127699647,560,D_pmar=0.054_dist=100_repair_6_males=4_nmar=3,FG_theta_zero_feeding,73,8,-99,4,3
0.054,10,100,100,0,347.15985152981403,12.098603420731052,2,0.2,0.6642038769978506,560,D_pmar=0.054_dist=100_repair_6_males=4_nmar=3,FG_theta_zero_feeding,88,10,-99,4,3
0.054,9,0,0,0,359.5297507275125,0,0,0,0.6203703703703717,561,D_pmar=0.054_dist=100_repair_6_males=4_nmar=3,FG_theta_zero_feeding,79,9,-99,4,3
0.054,10,0,100,0,353.02543494008165,6.304534791956225,0,0,0.7347716579567362,561,D_pmar=0.054_dist=100_repair_6_males=4_nmar=3,FG_theta_zero_feeding,89,10,-99,4,3
0,11,100,0,0,360.11726469005845,0,0,0,0,561,D_pmar=0.054_dist=100_repair_6_males=4_nmar=3,FG_theta_zero_feeding,117,11,-99,4,3
0.054,6,100,100,0,359.30876903291045,0,1,0.1,0.6296062470653556,561,D_pmar=0.054_dist=100_repair_6_males=4_nmar=3,FG_theta_zero_feeding,94,6,-99,4,3
0.054,8,0,0,0,359.42281366360527,0,0,0,0.7325249849278539,562,D_pmar=0.054_dist=100_repair_6_males=4_nmar=3,FG_theta_zero_feeding,79,8,-99,4,3
0.054,12,0,100,0,359.5114117680907,0,0,0,0.6295497965615607,562,D_pmar=0.054_dist=100_repair_6_males=4_nmar=3,FG_theta_zero_feeding,89,12,-99,4,3
0.054,6,100,0,0,359.44648131788455,0,0,0,0.6199615196547763,562,D_pmar=0.054_dist=100_repair_6_males=4_nmar=3,FG_theta_zero_feeding,82,6,-99,4,3
0,10,100,100,0,360.03006390038684,0,0,0,0,562,D_pmar=0.054_dist=100_repair_6_males=4_nmar=3,FG_theta_zero_feeding,128,10,-99,4,3
0,10,0,0,0,360.2097347603791,0,0,0,0,563,D_pmar=0.054_dist=100_repair_6_males=4_nmar=3,FG_theta_zero_feeding,122,10,-99,4,3
0.054,6,0,100,0,359.5334885021733,0,0,0,0.5810068272363821,563,D_pmar=0.054_dist=100_repair_6_males=4_nmar=3,FG_theta_zero_feeding,86,6,-99,4,3
0.054,9,100,0,0,353.36880978266714,6.051147963472619,0,0,0.7001175775204466,563,D_pmar=0.054_dist=100_repair_6_males=4_nmar=3,FG_theta_zero_feeding,92,9,-99,4,3
0.054,11,100,100,0,359.19461083414757,0,1,0.1,0.7358949944711776,563,D_pmar=0.054_dist=100_repair_6_males=4_nmar=3,FG_theta_zero_feeding,81,11,-99,4,3
0.054,6,0,0,0,359.4993881416731,0,0,0,0.6003196646218164,564,D_pmar=0.054_dist=100_repair_6_males=4_nmar=3,FG_theta_zero_feeding,66,6,-99,4,3
0.054,14,0,100,0,353.39451904318645,6.066542748316495,1,0.1,0.6689697901993452,564,D_pmar=0.054_dist=100_repair_6_males=4_nmar=3,FG_theta_zero_feeding,74,14,-99,4,3
0,9,100,0,0,360.0769751696267,0,0,0,0,564,D_pmar=0.054_dist=100_repair_6_males=4_nmar=3,FG_theta_zero_feeding,105,9,-99,4,3
0.054,7,100,100,0,353.54172188928965,6.020585636997143,1,0.1,0.44444444444444503,564,D_pmar=0.054_dist=100_repair_6_males=4_nmar=3,FG_theta_zero_feeding,97,7,-99,4,3
0.054,9,0,0,0,353.3665237446578,6.11664791151225,0,0,0.5894717676287254,565,D_pmar=0.054_dist=100_repair_6_males=4_nmar=3,FG_theta_zero_feeding,81,9,-99,4,3
0.054,6,0,100,0,359.44001533646815,0,1,0.1,0.6530269623572343,565,D_pmar=0.054_dist=100_repair_6_males=4_nmar=3,FG_theta_zero_feeding,78,6,-99,4,3
0.054,8,100,0,0,359.5391399869265,0,0,0,0.572870904491564,565,D_pmar=0.054_dist=100_repair_6_males=4_nmar=3,FG_theta_zero_feeding,70,8,-99,4,3
0,13,100,100,0,360.0347070854855,0,0,0,0,565,D_pmar=0.054_dist=100_repair_6_males=4_nmar=3,FG_theta_zero_feeding,113,13,-99,4,3
0.054,12,0,0,0,359.4844369298155,0,0,0,0.6677101701130391,566,D_pmar=0.054_dist=100_repair_6_males=4_nmar=3,FG_theta_zero_feeding,93,12,-99,4,3
0.054,9,0,100,0,359.4170223283729,0,0,0,0.6692988078468706,566,D_pmar=0.054_dist=100_repair_6_males=4_nmar=3,FG_theta_zero_feeding,79,9,-99,4,3
0,9,100,0,0,360.01468228569917,0,0,0,0,566,D_pmar=0.054_dist=100_repair_6_males=4_nmar=3,FG_theta_zero_feeding,119,9,-99,4,3
0.054,6,100,100,0,359.3397499027332,0,0,0,0.6627515228358841,566,D_pmar=0.054_dist=100_repair_6_males=4_nmar=3,FG_theta_zero_feeding,90,6,-99,4,3
0.054,10,0,0,0,359.32990739985985,0,0,0,0.7528248752558644,567,D_pmar=0.054_dist=100_repair_6_males=4_nmar=3,FG_theta_zero_feeding,78,10,-99,4,3
0.054,9,0,100,0,359.4662489828492,0,0,0,0.5782948529881093,567,D_pmar=0.054_dist=100_repair_6_males=4_nmar=3,FG_theta_zero_feeding,84,9,-99,4,3
0,8,100,0,0,360.24247718201923,0,0,0,0,567,D_pmar=0.054_dist=100_repair_6_males=4_nmar=3,FG_theta_zero_feeding,141,8,-99,4,3
0.054,9,100,100,0,359.44563308217647,0,0,0,0.6758460928578572,567,D_pmar=0.054_dist=100_repair_6_males=4_nmar=3,FG_theta_zero_feeding,75,9,-99,4,3
0,7,0,0,0,360.11668511866696,0,0,0,0,568,D_pmar=0.054_dist=100_repair_6_males=4_nmar=3,FG_theta_zero_feeding,117,7,-99,4,3
0.054,8,0,100,0,359.55544397411046,0,0,0,0.5663236194805773,568,D_pmar=0.054_dist=100_repair_6_males=4_nmar=3,FG_theta_zero_feeding,69,8,-99,4,3
0.054,14,100,0,0,359.413464458269,0,0,0,0.5956900349921868,568,D_pmar=0.054_dist=100_repair_6_males=4_nmar=3,FG_theta_zero_feeding,86,14,-99,4,3
0.054,7,100,100,0,359.57447803402493,0,0,0,0.6815990590019279,568,D_pmar=0.054_dist=100_repair_6_males=4_nmar=3,FG_theta_zero_feeding,79,7,-99,4,3
0.054,7,0,0,0,359.391602519281,0,0,0,0.6913236194805775,569,D_pmar=0.054_dist=100_repair_6_males=4_nmar=3,FG_theta_zero_feeding,84,7,-99,4,3
0,7,0,100,0,360.1400173666967,0,0,0,0,569,D_pmar=0.054_dist=100_repair_6_males=4_nmar=3,FG_theta_zero_feeding,127,7,-99,4,3
0.054,9,100,0,0,359.51251050008773,0,0,0,0.5000000000000008,569,D_pmar=0.054_dist=100_repair_6_males=4_nmar=3,FG_theta_zero_feeding,95,9,-99,4,3
0.054,13,100,100,0,359.2321293387795,0,0,0,0.7798647846705213,569,D_pmar=0.054_dist=100_repair_6_males=4_nmar=3,FG_theta_zero_feeding,68,13,-99,4,3
0.054,12,0,0,0,359.46075296443655,0,0,0,0.612948933424399,56,D_pmar=0.054_dist=100_repair_6_males=4_nmar=3,FG_theta_zero_feeding,84,12,-99,4,3
0.054,8,0,100,0,359.4971812333577,0,0,0,0.5601851851851862,56,D_pmar=0.054_dist=100_repair_6_males=4_nmar=3,FG_theta_zero_feeding,84,8,-99,4,3
0.054,8,100,0,0,359.27080925781564,0,0,0,0.7312653648415478,56,D_pmar=0.054_dist=100_repair_6_males=4_nmar=3,FG_theta_zero_feeding,72,8,-99,4,3
0,8,100,100,0,360.16121133105963,0,0,0,0,56,D_pmar=0.054_dist=100_repair_6_males=4_nmar=3,FG_theta_zero_feeding,132,8,-99,4,3
0.054,9,0,0,0,359.52919140724345,0,0,0,0.6481247655838741,570,D_pmar=0.054_dist=100_repair_6_males=4_nmar=3,FG_theta_zero_feeding,87,9,-99,4,3
0.054,10,0,100,0,359.4804262794657,0,0,0,0.6870230074984734,570,D_pmar=0.054_dist=100_repair_6_males=4_nmar=3,FG_theta_zero_feeding,65,10,-99,4,3
0.054,9,100,0,0,359.4895508326834,0,0,0,0.6187018995684699,570,D_pmar=0.054_dist=100_repair_6_males=4_nmar=3,FG_theta_zero_feeding,82,9,-99,4,3
0,8,100,100,0,360.1708624712336,0,0,0,0,570,D_pmar=0.054_dist=100_repair_6_males=4_nmar=3,FG_theta_zero_feeding,123,8,-99,4,3
0.054,6,0,0,0,359.4246249379859,0,0,0,0.6373567016588536,571,D_pmar=0.054_dist=100_repair_6_males=4_nmar=3,FG_theta_zero_feeding,83,6,-99,4,3
0.054,10,0,100,0,353.10909316182267,6.174951526901644,0,0,0.7297331776115109,571,D_pmar=0.054_dist=100_repair_6_males=4_nmar=3,FG_theta_zero_feeding,73,10,-99,4,3
0.054,11,100,0,0,359.4469119104013,0,1,0.1,0.5694444444444455,571,D_pmar=0.054_dist=100_repair_6_males=4_nmar=3,FG_theta_zero_feeding,83,11,-99,4,3
0,9,100,100,0,360.1217103614448,0,0,0,0,571,D_pmar=0.054_dist=100_repair_6_males=4_nmar=3,FG_theta_zero_feeding,130,9,-99,4,3
0.054,13,0,0,0,359.63551300984756,0,0,0,0.6480683150800793,572,D_pmar=0.054_dist=100_repair_6_males=4_nmar=3,FG_theta_zero_feeding,72,13,-99,4,3
0.054,11,0,100,0,359.5896475029422,0,0,0,0.5138888888888897,572,D_pmar=0.054_dist=100_repair_6_males=4_nmar=3,FG_theta_zero_feeding,75,11,-99,4,3
0.054,3,100,0,0,359.43175941191674,0,0,0,0.5690355937288502,572,D_pmar=0.054_dist=100_repair_6_males=4_nmar=3,FG_theta_zero_feeding,77,3,-99,4,3
0,9,100,100,0,360.1772562681569,0,0,0,0,572,D_pmar=0.054_dist=100_repair_6_males=4_nmar=3,FG_theta_zero_feeding,118,9,-99,4,3
0.054,11,0,0,0,347.49573956207104,12.20882602534215,0,0,0.5740740740740752,573,D_pmar=0.054_dist=100_repair_6_males=4_nmar=3,FG_theta_zero_feeding,76,11,-99,4,3
0,8,0,100,0,360.02885876214094,0,0,0,0,573,D_pmar=0.054_dist=100_repair_6_males=4_nmar=3,FG_theta_zero_feeding,127,8,-99,4,3
0.054,8,100,0,0,359.45542548312227,0,1,0.1,0.6997087268048509,573,D_pmar=0.054_dist=100_repair_6_males=4_nmar=3,FG_theta_zero_feeding,73,8,-99,4,3
0.054,9,100,100,0,359.5007060848402,0,1,0.1,0.5455584279331765,573,D_pmar=0.054_dist=100_repair_6_males=4_nmar=3,FG_theta_zero_feeding,71,9,-99,4,3
0,6,0,0,0,360.2697670639936,0,0,0,0,574,D_pmar=0.054_dist=100_repair_6_males=4_nmar=3,FG_theta_zero_feeding,114,6,-99,4,3
0.054,10,0,100,0,353.1201683269509,6.09737238336009,1,0.1,0.7136774487618103,574,D_pmar=0.054_dist=100_repair_6_males=4_nmar=3,FG_theta_zero_feeding,84,10,-99,4,3
0.054,10,100,0,0,359.43647885441334,0,0,0,0.5648148148148159,574,D_pmar=0.054_dist=100_repair_6_males=4_nmar=3,FG_theta_zero_feeding,83,10,-99,4,3
0.054,10,100,100,0,353.21591871945543,6.121749768395506,1,0.1,0.6014430011362576,574,D_pmar=0.054_dist=100_repair_6_males=4_nmar=3,FG_theta_zero_feeding,94,10,-99,4,3
0,10,0,0,0,360.11430190953945,0,0,0,0,575,D_pmar=0.054_dist=100_repair_6_males=4_nmar=3,FG_theta_zero_feeding,117,10,-99,4,3
0.054,14,0,100,0,359.3816311401311,0,1,0.1,0.6188381831403351,575,D_pmar=0.054_dist=100_repair_6_males=4_nmar=3,FG_theta_zero_feeding,76,14,-99,4,3
0.054,5,100,0,0,353.22149824785606,6.291311944942398,0,0,0.6018518518518531,575,D_pmar=0.054_dist=100_repair_6_males=4_nmar=3,FG_theta_zero_feeding,77,5,-99,4,3
0.054,7,100,100,0,359.47868675249543,0,0,0,0.5312042378248971,575,D_pmar=0.054_dist=100_repair_6_males=4_nmar=3,FG_theta_zero_feeding,79,7,-99,4,3
0.054,10,0,0,0,353.1733326718634,6.100863587812737,1,0.1,0.7294041599639857,576,D_pmar=0.054_dist=100_repair_6_males=4_nmar=3,FG_theta_zero_feeding,87,11,-99,4,3
0.054,9,0,100,0,359.5322567421296,0,0,0,0.5185185185185194,576,D_pmar=0.054_dist=100_repair_6_males=4_nmar=3,FG_theta_zero_feeding,83,9,-99,4,3
0,8,100,0,0,360.20173370365495,0,0,0,0,576,D_pmar=0.054_dist=100_repair_6_males=4_nmar=3,FG_theta_zero_feeding,106,8,-99,4,3
0.054,9,100,100,0,353.310716629534,6.030196901785669,1,0.1,0.6437677030979749,576,D_pmar=0.054_dist=100_repair_6_males=4_nmar=3,FG_theta_zero_feeding,80,9,-99,4,3
0.054,7,0,0,0,359.5658136661331,0,0,0,0.5251222540333009,577,D_pmar=0.054_dist=100_repair_6_males=4_nmar=3,FG_theta_zero_feeding,82,7,-99,4,3
0.054,12,0,100,0,359.34531445273973,0,0,0,0.7706055254112619,577,D_pmar=0.054_dist=100_repair_6_males=4_nmar=3,FG_theta_zero_feeding,57,12,-99,4,3
0.054,7,100,0,0,359.61178700074476,0,0,0,0.4953703703703712,577,D_pmar=0.054_dist=100_repair_6_males=4_nmar=3,FG_theta_zero_feeding,81,7,-99,4,3
0,10,100,100,0,360.0022980699703,0,0,0,0,577,D_pmar=0.054_dist=100_repair_6_males=4_nmar=3,FG_theta_zero_feeding,118,10,-99,4,3
0.054,9,0,0,0,359.41922018787653,0,0,0,0.6962024336896624,578,D_pmar=0.054_dist=100_repair_6_males=4_nmar=3,FG_theta_zero_feeding,80,9,-99,4,3
0,8,0,100,0,360.18692360752334,0,0,0,0,578,D_pmar=0.054_dist=100_repair_6_males=4_nmar=3,FG_theta_zero_feeding,118,8,-99,4,3
0.054,13,100,0,0,359.3690918090428,0,0,0,0.6453563408318066,578,D_pmar=0.054_dist=100_repair_6_males=4_nmar=3,FG_theta_zero_feeding,87,13,-99,4,3
0.054,6,100,100,0,359.46605436412455,0,0,0,0.5879629629629641,578,D_pmar=0.054_dist=100_repair_6_males=4_nmar=3,FG_theta_zero_feeding,80,6,-99,4,3
0.054,7,0,0,0,359.3196437786188,0,0,0,0.6900639993942714,579,D_pmar=0.054_dist=100_repair_6_males=4_nmar=3,FG_theta_zero_feeding,77,7,-99,4,3
0.054,13,0,100,0,359.6092101486018,0,0,0,0.5601851851851862,579,D_pmar=0.054_dist=100_repair_6_males=4_nmar=3,FG_theta_zero_feeding,87,13,-99,4,3
0,7,100,0,0,360.13204215830723,0,0,0,0,579,D_pmar=0.054_dist=100_repair_6_males=4_nmar=3,FG_theta_zero_feeding,128,7,-99,4,3
0.054,9,100,100,0,359.362521474004,0,0,0,0.7247180798305612,579,D_pmar=0.054_dist=100_repair_6_males=4_nmar=3,FG_theta_zero_feeding,94,9,-99,4,3
0.054,10,0,0,0,353.3585338563602,6.072935467793523,0,0,0.6110312780430421,57,D_pmar=0.054_dist=100_repair_6_males=4_nmar=3,FG_theta_zero_feeding,74,10,-99,4,3
0.054,9,0,100,0,359.68414229967607,0,0,0,0.6122908981293484,57,D_pmar=0.054_dist=100_repair_6_males=4_nmar=3,FG_theta_zero_feeding,84,9,-99,4,3
0.054,9,100,0,0,359.4720886572657,0,1,0.1,0.5244642187382503,57,D_pmar=0.054_dist=100_repair_6_males=4_nmar=3,FG_theta_zero_feeding,82,9,-99,4,3
0,8,100,100,0,360.02180224897353,0,0,0,0,57,D_pmar=0.054_dist=100_repair_6_males=4_nmar=3,FG_theta_zero_feeding,99,8,-99,4,3
0.054,11,0,0,0,359.41997591985466,0,0,0,0.6908583182611874,580,D_pmar=0.054_dist=100_repair_6_males=4_nmar=3,FG_theta_zero_feeding,95,11,-99,4,3
0.054,9,0,100,0,359.4135086971199,0,0,0,0.5925925925925938,580,D_pmar=0.054_dist=100_repair_6_males=4_nmar=3,FG_theta_zero_feeding,93,9,-99,4,3
0,6,100,0,0,360.06287468578904,0,0,0,0,580,D_pmar=0.054_dist=100_repair_6_males=4_nmar=3,FG_theta_zero_feeding,127,6,-99,4,3
0.054,10,100,100,0,359.30480006877656,0,0,0,0.8272844174812589,580,D_pmar=0.054_dist=100_repair_6_males=4_nmar=3,FG_theta_zero_feeding,85,10,-99,4,3
0.054,9,0,0,0,353.2464483854964,6.250863254453544,0,0,0.5998543634024259,581,D_pmar=0.054_dist=100_repair_6_males=4_nmar=3,FG_theta_zero_feeding,86,9,-99,4,3
0.054,9,0,100,0,359.5065344341539,0,0,0,0.615740740740742,581,D_pmar=0.054_dist=100_repair_6_males=4_nmar=3,FG_theta_zero_feeding,98,9,-99,4,3
0.054,10,100,0,0,359.2787599599458,0,1,0.1,0.7245253457549011,581,D_pmar=0.054_dist=100_repair_6_males=4_nmar=3,FG_theta_zero_feeding,75,10,-99,4,3
0,8,100,100,0,360.1432042611551,0,0,0,0,581,D_pmar=0.054_dist=100_repair_6_males=4_nmar=3,FG_theta_zero_feeding,129,8,-99,4,3
0.054,9,0,0,0,359.48219016248385,0,0,0,0.5810068272363821,582,D_pmar=0.054_dist=100_repair_6_males=4_nmar=3,FG_theta_zero_feeding,85,9,-99,4,3
0.054,10,0,100,0,359.44805298631445,0,0,0,0.5586529979551496,582,D_pmar=0.054_dist=100_repair_6_males=4_nmar=3,FG_theta_zero_feeding,80,10,-99,4,3
0,10,100,0,0,360.24674335961015,0,0,0,0,582,D_pmar=0.054_dist=100_repair_6_males=4_nmar=3,FG_theta_zero_feeding,107,10,-99,4,3
0.054,7,100,100,0,359.36014333053623,0,0,0,0.6491916515945203,582,D_pmar=0.054_dist=100_repair_6_males=4_nmar=3,FG_theta_zero_feeding,68,7,-99,4,3
0.054,8,0,0,0,359.41711705162317,0,0,0,0.6048130106795808,583,D_pmar=0.054_dist=100_repair_6_males=4_nmar=3,FG_theta_zero_feeding,69,8,-99,4,3
0.054,11,0,100,0,359.62352998432857,0,0,0,0.6658489652354771,583,D_pmar=0.054_dist=100_repair_6_males=4_nmar=3,FG_theta_zero_feeding,92,11,-99,4,3
0.054,7,100,0,0,359.41561001698386,0,0,0,0.615740740740742,583,D_pmar=0.054_dist=100_repair_6_males=4_nmar=3,FG_theta_zero_feeding,75,7,-99,4,3
0,10,100,100,0,360.1220675708521,0,0,0,0,583,D_pmar=0.054_dist=100_repair_6_males=4_nmar=3,FG_theta_zero_feeding,123,10,-99,4,3
0.054,6,0,0,0,359.68528325132047,0,0,0,0.5740740740740752,584,D_pmar=0.054_dist=100_repair_6_males=4_nmar=3,FG_theta_zero_feeding,94,6,-99,4,3
0,9,0,100,0,360.1000631321768,0,0,0,0,584,D_pmar=0.054_dist=100_repair_6_males=4_nmar=3,FG_theta_zero_feeding,122,9,-99,4,3
0.054,10,100,0,0,359.3804616319928,0,0,0,0.688611645232305,584,D_pmar=0.054_dist=100_repair_6_males=4_nmar=3,FG_theta_zero_feeding,73,10,-99,4,3
0.054,11,100,100,0,359.5356628037544,0,0,0,0.6033606565176145,584,D_pmar=0.054_dist=100_repair_6_males=4_nmar=3,FG_theta_zero_feeding,83,11,-99,4,3
0.054,11,0,0,0,359.2759142749872,0,0,0,0.7547425306372213,585,D_pmar=0.054_dist=100_repair_6_males=4_nmar=3,FG_theta_zero_feeding,94,11,-99,4,3
0,12,0,100,0,360.12507245004616,0,0,0,0,585,D_pmar=0.054_dist=100_repair_6_males=4_nmar=3,FG_theta_zero_feeding,142,12,-99,4,3
0.054,6,100,0,0,359.15734646817003,0,0,0,0.8855519472850873,585,D_pmar=0.054_dist=100_repair_6_males=4_nmar=3,FG_theta_zero_feeding,92,6,-99,4,3
0.054,7,100,100,0,359.64108007494764,0,0,0,0.5837188014846547,585,D_pmar=0.054_dist=100_repair_6_males=4_nmar=3,FG_theta_zero_feeding,77,7,-99,4,3
0.054,10,0,0,0,359.4511260629796,0,1,0.1,0.6191672007878603,586,D_pmar=0.054_dist=100_repair_6_males=4_nmar=3,FG_theta_zero_feeding,101,10,-99,4,3
0.054,13,0,100,0,359.40524058870324,0,0,0,0.7872063885484235,586,D_pmar=0.054_dist=100_repair_6_males=4_nmar=3,FG_theta_zero_feeding,86,13,-99,4,3
0.054,6,100,0,0,353.39207840644207,6.096303838210979,0,0,0.6898148148148164,586,D_pmar=0.054_dist=100_repair_6_males=4_nmar=3,FG_theta_zero_feeding,88,6,-99,4,3
0,7,100,100,0,360.1264104034557,0,0,0,0,586,D_pmar=0.054_dist=100_repair_6_males=4_nmar=3,FG_theta_zero_feeding,126,7,-99,4,3
0.054,9,0,0,0,359.44357346508673,0,0,0,0.636947850943258,587,D_pmar=0.054_dist=100_repair_6_males=4_nmar=3,FG_theta_zero_feeding,72,9,-99,4,3
0,10,0,100,0,360.25713887965264,0,0,0,0,587,D_pmar=0.054_dist=100_repair_6_males=4_nmar=3,FG_theta_zero_feeding,121,10,-99,4,3
0.054,7,100,0,0,359.5393596876718,0,0,0,0.5845131203515707,587,D_pmar=0.054_dist=100_repair_6_males=4_nmar=3,FG_theta_zero_feeding,73,7,-99,4,3
0.054,10,100,100,0,359.5937590522248,0,0,0,0.6230025115505742,587,D_pmar=0.054_dist=100_repair_6_males=4_nmar=3,FG_theta_zero_feeding,74,10,-99,4,3
0.054,13,0,0,0,359.31255121813336,0,0,0,0.7436220665004,588,D_pmar=0.054_dist=100_repair_6_males=4_nmar=3,FG_theta_zero_feeding,67,13,-99,4,3
0.054,6,0,100,0,359.3618735556935,0,0,0,0.6515746081952679,588,D_pmar=0.054_dist=100_repair_6_males=4_nmar=3,FG_theta_zero_feeding,106,6,-99,4,3
0,9,100,0,0,360.0227682453974,0,0,0,0,588,D_pmar=0.054_dist=100_repair_6_males=4_nmar=3,FG_theta_zero_feeding,119,9,-99,4,3
0.054,8,100,100,0,359.53136127893833,0,0,0,0.6296860801334259,588,D_pmar=0.054_dist=100_repair_6_males=4_nmar=3,FG_theta_zero_feeding,82,8,-99,4,3
0,9,0,0,0,360.21013108431305,0,0,0,0,589,D_pmar=0.054_dist=100_repair_6_males=4_nmar=3,FG_theta_zero_feeding,108,9,-99,4,3
0.054,12,0,100,0,353.31286845624965,6.058559844054746,1,0.1,0.67855806710613,589,D_pmar=0.054_dist=100_repair_6_males=4_nmar=3,FG_theta_zero_feeding,85,12,-99,4,3
0.054,8,100,0,0,359.3641289860703,0,0,0,0.6886680957360999,589,D_pmar=0.054_dist=100_repair_6_males=4_nmar=3,FG_theta_zero_feeding,83,8,-99,4,3
0.054,7,100,100,0,353.39483449074675,6.022436635284817,1,0.1,0.5462962962962973,589,D_pmar=0.054_dist=100_repair_6_males=4_nmar=3,FG_theta_zero_feeding,93,7,-99,4,3
0.054,8,0,0,0,353.58168425861606,6.103361287018483,0,0,0.5702952138151565,58,D_pmar=0.054_dist=100_repair_6_males=4_nmar=3,FG_theta_zero_feeding,94,8,-99,4,3
0.054,10,0,100,0,359.37265942653113,0,1,0.1,0.5416666666666676,58,D_pmar=0.054_dist=100_repair_6_males=4_nmar=3,FG_theta_zero_feeding,82,10,-99,4,3
0.054,11,100,0,0,353.1360311378939,6.198030699150833,1,0.1,0.5976076903735438,58,D_pmar=0.054_dist=100_repair_6_males=4_nmar=3,FG_theta_zero_feeding,69,11,-99,4,3
0,7,100,100,0,360.36737233352983,0,0,0,0,58,D_pmar=0.054_dist=100_repair_6_males=4_nmar=3,FG_theta_zero_feeding,99,7,-99,4,3
0.054,9,0,0,0,359.42985806115007,0,0,0,0.6388888888888903,590,D_pmar=0.054_dist=100_repair_6_males=4_nmar=3,FG_theta_zero_feeding,79,9,-99,4,3
0.054,8,0,100,0,359.5136465699689,0,0,0,0.6341794261911903,590,D_pmar=0.054_dist=100_repair_6_males=4_nmar=3,FG_theta_zero_feeding,80,8,-99,4,3
0,13,100,0,0,360.0318033154113,0,0,0,0,590,D_pmar=0.054_dist=100_repair_6_males=4_nmar=3,FG_theta_zero_feeding,125,13,-99,4,3
0.054,6,100,100,0,359.5247846931148,0,0,0,0.6022373200031735,590,D_pmar=0.054_dist=100_repair_6_males=4_nmar=3,FG_theta_zero_feeding,90,6,-99,4,3
0.054,10,0,0,0,353.13615331200083,6.252043415192793,1,0.1,0.7309927976978173,591,D_pmar=0.054_dist=100_repair_6_males=4_nmar=3,FG_theta_zero_feeding,79,10,-99,4,3
0.054,7,0,100,0,359.61475877338466,0,0,0,0.5416666666666676,591,D_pmar=0.054_dist=100_repair_6_males=4_nmar=3,FG_theta_zero_feeding,88,7,-99,4,3
0,14,100,0,0,360.115985308532,0,0,0,0,591,D_pmar=0.054_dist=100_repair_6_males=4_nmar=3,FG_theta_zero_feeding,95,14,-99,4,3
0.054,5,100,100,0,353.30023308590063,6.065775938430048,1,0.1,0.5759118963873618,591,D_pmar=0.054_dist=100_repair_6_males=4_nmar=3,FG_theta_zero_feeding,88,5,-99,4,3
0.054,8,0,0,0,359.4780812800802,0,0,0,0.6011139834887321,592,D_pmar=0.054_dist=100_repair_6_males=4_nmar=3,FG_theta_zero_feeding,84,8,-99,4,3
0.054,12,0,100,0,359.48546656406984,0,0,0,0.6330560896767492,592,D_pmar=0.054_dist=100_repair_6_males=4_nmar=3,FG_theta_zero_feeding,85,12,-99,4,3
0.054,4,100,0,0,359.58342059289413,0,0,0,0.5185185185185194,592,D_pmar=0.054_dist=100_repair_6_males=4_nmar=3,FG_theta_zero_feeding,80,4,-99,4,3
0,12,100,100,0,360.014914511529,0,0,0,0,592,D_pmar=0.054_dist=100_repair_6_males=4_nmar=3,FG_theta_zero_feeding,101,12,-99,4,3
0,9,0,0,0,360.12234720842133,0,0,0,0,593,D_pmar=0.054_dist=100_repair_6_males=4_nmar=3,FG_theta_zero_feeding,112,9,-99,4,3
0.054,5,0,100,0,359.39126218428265,0,0,0,0.6431096678029243,593,D_pmar=0.054_dist=100_repair_6_males=4_nmar=3,FG_theta_zero_feeding,89,5,-99,4,3
0.054,11,100,0,0,359.3511476367784,0,0,0,0.711623509808588,593,D_pmar=0.054_dist=100_repair_6_males=4_nmar=3,FG_theta_zero_feeding,82,11,-99,4,3
0.054,11,100,100,0,359.3916219458565,0,0,0,0.6095789238810756,593,D_pmar=0.054_dist=100_repair_6_males=4_nmar=3,FG_theta_zero_feeding,92,11,-99,4,3
0.054,11,0,0,0,359.59345844121196,0,0,0,0.5324074074074083,594,D_pmar=0.054_dist=100_repair_6_males=4_nmar=3,FG_theta_zero_feeding,66,11,-99,4,3
0.054,5,0,100,0,359.53186926171924,0,0,0,0.551969429372298,594,D_pmar=0.054_dist=100_repair_6_males=4_nmar=3,FG_theta_zero_feeding,80,5,-99,4,3
0.054,10,100,0,0,359.4295095043932,0,0,0,0.712803296826824,594,D_pmar=0.054_dist=100_repair_6_males=4_nmar=3,FG_theta_zero_feeding,72,10,-99,4,3
0,10,100,100,0,360.0693310782863,0,0,0,0,594,D_pmar=0.054_dist=100_repair_6_males=4_nmar=3,FG_theta_zero_feeding,118,10,-99,4,3
0.054,8,0,0,0,359.39535247197483,0,0,0,0.6483973327276047,595,D_pmar=0.054_dist=100_repair_6_males=4_nmar=3,FG_theta_zero_feeding,99,8,-99,4,3
0,8,0,100,0,360.0122799514369,0,0,0,0,595,D_pmar=0.054_dist=100_repair_6_males=4_nmar=3,FG_theta_zero_feeding,112,8,-99,4,3
0.054,8,100,0,0,359.6904255988267,0,0,0,0.5694444444444455,595,D_pmar=0.054_dist=100_repair_6_males=4_nmar=3,FG_theta_zero_feeding,75,8,-99,4,3
0.054,12,100,100,0,359.35204757497473,0,0,0,0.680861190638807,595,D_pmar=0.054_dist=100_repair_6_males=4_nmar=3,FG_theta_zero_feeding,74,12,-99,4,3
0.054,5,0,0,0,359.4120110883014,0,0,0,0.6863649722034229,596,D_pmar=0.054_dist=100_repair_6_males=4_nmar=3,FG_theta_zero_feeding,88,5,-99,4,3
0.054,10,0,100,0,359.46757329121004,0,0,0,0.5648148148148159,596,D_pmar=0.054_dist=100_repair_6_males=4_nmar=3,FG_theta_zero_feeding,96,10,-99,4,3
0.054,9,100,0,0,359.33933692571077,0,0,0,0.6708874455807022,596,D_pmar=0.054_dist=100_repair_6_males=4_nmar=3,FG_theta_zero_feeding,95,9,-99,4,3
0,12,100,100,0,360.12446640816404,0,0,0,0,596,D_pmar=0.054_dist=100_repair_6_males=4_nmar=3,FG_theta_zero_feeding,108,12,-99,4,3
0.054,7,0,0,0,359.3502656109111,0,1,0.1,0.5601851851851862,597,D_pmar=0.054_dist=100_repair_6_males=4_nmar=3,FG_theta_zero_feeding,85,7,-99,4,3
0.054,9,0,100,0,353.1521466796528,6.303644135740933,0,0,0.6600959990914061,597,D_pmar=0.054_dist=100_repair_6_males=4_nmar=3,FG_theta_zero_feeding,72,9,-99,4,3
0.054,9,100,0,0,359.48432983878644,0,0,0,0.621879175036133,597,D_pmar=0.054_dist=100_repair_6_males=4_nmar=3,FG_theta_zero_feeding,71,9,-99,4,3
0,11,100,100,0,360.08998408429994,0,0,0,0,597,D_pmar=0.054_dist=100_repair_6_males=4_nmar=3,FG_theta_zero_feeding,126,11,-99,4,3
0.054,8,0,0,0,353.49345247953653,6.0090091681919136,1,0.1,0.5694444444444455,598,D_pmar=0.054_dist=100_repair_6_males=4_nmar=3,FG_theta_zero_feeding,83,8,-99,4,3
0,8,0,100,0,360.09219917768667,0,0,0,0,598,D_pmar=0.054_dist=100_repair_6_males=4_nmar=3,FG_theta_zero_feeding,117,8,-99,4,3
0.054,9,100,0,0,359.47162916961264,0,0,0,0.6819845271532481,598,D_pmar=0.054_dist=100_repair_6_males=4_nmar=3,FG_theta_zero_feeding,83,9,-99,4,3
0.054,11,100,100,0,353.2263294262809,6.1456207942082495,1,0.1,0.6423153489360086,598,D_pmar=0.054_dist=100_repair_6_males=4_nmar=3,FG_theta_zero_feeding,78,11,-99,4,3
0.054,7,0,0,0,359.25171430053564,0,0,0,0.7540046622741003,599,D_pmar=0.054_dist=100_repair_6_males=4_nmar=3,FG_theta_zero_feeding,100,7,-99,4,3
0.054,8,0,100,0,359.4049630684868,0,0,0,0.6808047401350122,599,D_pmar=0.054_dist=100_repair_6_males=4_nmar=3,FG_theta_zero_feeding,78,8,-99,4,3
0,11,100,0,0,360.15413376843964,0,0,0,0,599,D_pmar=0.054_dist=100_repair_6_males=4_nmar=3,FG_theta_zero_feeding,126,11,-99,4,3
0.054,10,100,100,0,359.6342130312775,0,0,0,0.5787037037037048,599,D_pmar=0.054_dist=100_repair_6_males=4_nmar=3,FG_theta_zero_feeding,75,10,-99,4,3
0.054,9,0,0,0,353.2195397540627,6.126845728607733,0,0,0.6974620537759687,59,D_pmar=0.054_dist=100_repair_6_males=4_nmar=3,FG_theta_zero_feeding,86,9,-99,4,3
0.054,7,0,100,0,359.3956850731992,0,1,0.1,0.6761751105053826,59,D_pmar=0.054_dist=100_repair_6_males=4_nmar=3,FG_theta_zero_feeding,78,7,-99,4,3
0.054,10,100,0,0,359.37826491304367,0,0,0,0.629629629629631,59,D_pmar=0.054_dist=100_repair_6_males=4_nmar=3,FG_theta_zero_feeding,86,10,-99,4,3
0,10,100,100,0,360.25697291404674,0,0,0,0,59,D_pmar=0.054_dist=100_repair_6_males=4_nmar=3,FG_theta_zero_feeding,133,10,-99,4,3
0.054,9,0,0,0,359.2871952569533,0,1,0.1,0.7061995613120428,600,D_pmar=0.054_dist=100_repair_6_males=4_nmar=3,FG_theta_zero_feeding,92,9,-99,4,3
0.054,9,0,100,0,359.48137255333216,0,0,0,0.5462962962962973,600,D_pmar=0.054_dist=100_repair_6_males=4_nmar=3,FG_theta_zero_feeding,78,9,-99,4,3
0,10,100,0,0,360.0157454728882,0,0,0,0,600,D_pmar=0.054_dist=100_repair_6_males=4_nmar=3,FG_theta_zero_feeding,116,10,-99,4,3
0.054,8,100,100,0,353.0438781527367,6.238517700779517,0,0,0.7520870068927433,600,D_pmar=0.054_dist=100_repair_6_males=4_nmar=3,FG_theta_zero_feeding,89,8,-99,4,3
0,5,0,0,0,360.095812519999,0,0,0,0,601,D_pmar=0.054_dist=100_repair_6_males=4_nmar=3,FG_theta_zero_feeding,121,5,-99,4,3
0.054,10,0,100,0,359.54747278661995,0,0,0,0.7390722699388407,601,D_pmar=0.054_dist=100_repair_6_males=4_nmar=3,FG_theta_zero_feeding,77,10,-99,4,3
0.054,12,100,0,0,359.5254054575484,0,0,0,0.5921837418769983,601,D_pmar=0.054_dist=100_repair_6_males=4_nmar=3,FG_theta_zero_feeding,77,12,-99,4,3
0.054,9,100,100,0,359.6849360982294,0,0,0,0.5674469559950185,601,D_pmar=0.054_dist=100_repair_6_males=4_nmar=3,FG_theta_zero_feeding,85,9,-99,4,3
0,8,0,0,0,360.04811157279335,0,0,0,0,602,D_pmar=0.054_dist=100_repair_6_males=4_nmar=3,FG_theta_zero_feeding,108,8,-99,4,3
0.054,13,0,100,0,359.50906123790946,0,0,0,0.6241258480650153,602,D_pmar=0.054_dist=100_repair_6_males=4_nmar=3,FG_theta_zero_feeding,82,13,-99,4,3
0.054,8,100,0,0,359.4264590507111,0,0,0,0.6519036258427932,602,D_pmar=0.054_dist=100_repair_6_males=4_nmar=3,FG_theta_zero_feeding,76,8,-99,4,3
0.054,7,100,100,0,359.4831940784555,0,0,0,0.5493937386958904,602,D_pmar=0.054_dist=100_repair_6_males=4_nmar=3,FG_theta_zero_feeding,79,7,-99,4,3
0.054,9,0,0,0,359.4501740938698,0,0,0,0.676640411724773,603,D_pmar=0.054_dist=100_repair_6_males=4_nmar=3,FG_theta_zero_feeding,78,9,-99,4,3
0.054,11,0,100,0,359.34769206602743,0,0,0,0.7155152710750968,603,D_pmar=0.054_dist=100_repair_6_males=4_nmar=3,FG_theta_zero_feeding,77,11,-99,4,3
0.054,9,100,0,0,359.49682487193957,0,0,0,0.5775005341211935,603,D_pmar=0.054_dist=100_repair_6_males=4_nmar=3,FG_theta_zero_feeding,90,9,-99,4,3
0,7,100,100,0,360.0220398817286,0,0,0,0,603,D_pmar=0.054_dist=100_repair_6_males=4_nmar=3,FG_theta_zero_feeding,115,7,-99,4,3
0.054,7,0,0,0,359.3689554106452,0,0,0,0.7459485725973526,604,D_pmar=0.054_dist=100_repair_6_males=4_nmar=3,FG_theta_zero_feeding,74,7,-99,4,3
0.054,10,0,100,0,359.55396869932184,0,0,0,0.5597763344695907,604,D_pmar=0.054_dist=100_repair_6_males=4_nmar=3,FG_theta_zero_feeding,77,10,-99,4,3
0,10,100,0,0,360.0665386658296,0,0,0,0,604,D_pmar=0.054_dist=100_repair_6_males=4_nmar=3,FG_theta_zero_feeding,118,10,-99,4,3
0.054,9,100,100,0,359.65904100254255,0,0,0,0.527039909414658,604,D_pmar=0.054_dist=100_repair_6_males=4_nmar=3,FG_theta_zero_feeding,78,9,-99,4,3
0.054,5,0,0,0,359.5154362557255,0,0,0,0.6137432522913149,605,D_pmar=0.054_dist=100_repair_6_males=4_nmar=3,FG_theta_zero_feeding,84,5,-99,4,3
0.054,8,0,100,0,359.44089042010455,0,0,0,0.6153318900251464,605,D_pmar=0.054_dist=100_repair_6_males=4_nmar=3,FG_theta_zero_feeding,78,8,-99,4,3
0.054,10,100,0,0,359.3208358717749,0,0,0,0.7964656478076829,605,D_pmar=0.054_dist=100_repair_6_males=4_nmar=3,FG_theta_zero_feeding,76,10,-99,4,3
0,13,100,100,0,360.0446234207416,0,0,0,0,605,D_pmar=0.054_dist=100_repair_6_males=4_nmar=3,FG_theta_zero_feeding,132,13,-99,4,3
0,5,0,0,0,360.1342873024262,0,0,0,0,606,D_pmar=0.054_dist=100_repair_6_males=4_nmar=3,FG_theta_zero_feeding,105,5,-99,4,3
0.054,10,0,100,0,347.2942386692556,12.130194498017682,1,0.1,0.5972222222222234,606,D_pmar=0.054_dist=100_repair_6_males=4_nmar=3,FG_theta_zero_feeding,95,10,-99,4,3
0.054,11,100,0,0,353.11198010831146,6.092184732656997,2,0.2,0.6651344794366316,606,D_pmar=0.054_dist=100_repair_6_males=4_nmar=3,FG_theta_zero_feeding,85,11,-99,4,3
0.054,10,100,100,0,359.56642974924034,0,0,0,0.5679122572144089,606,D_pmar=0.054_dist=100_repair_6_males=4_nmar=3,FG_theta_zero_feeding,83,10,-99,4,3
0,6,0,0,0,360.1013018714271,0,0,0,0,607,D_pmar=0.054_dist=100_repair_6_males=4_nmar=3,FG_theta_zero_feeding,99,6,-99,4,3
0.054,5,0,100,0,359.6067052912522,0,0,0,0.5277777777777787,607,D_pmar=0.054_dist=100_repair_6_males=4_nmar=3,FG_theta_zero_feeding,82,5,-99,4,3
0.054,13,100,0,0,359.64762464459926,0,0,0,0.5941013972583552,607,D_pmar=0.054_dist=100_repair_6_males=4_nmar=3,FG_theta_zero_feeding,75,13,-99,4,3
0.054,12,100,100,0,359.56682590239126,0,0,0,0.5968698220104227,607,D_pmar=0.054_dist=100_repair_6_males=4_nmar=3,FG_theta_zero_feeding,73,12,-99,4,3
0.054,8,0,0,0,359.5272052830179,0,0,0,0.5775005341211934,608,D_pmar=0.054_dist=100_repair_6_males=4_nmar=3,FG_theta_zero_feeding,63,8,-99,4,3
0,10,0,100,0,360.01030758332894,0,0,0,0,608,D_pmar=0.054_dist=100_repair_6_males=4_nmar=3,FG_theta_zero_feeding,128,10,-99,4,3
0.054,12,100,0,0,353.33633227647124,6.073229025691818,0,0,0.6461506596987224,608,D_pmar=0.054_dist=100_repair_6_males=4_nmar=3,FG_theta_zero_feeding,81,12,-99,4,3
0.054,6,100,100,0,359.45009045019157,0,1,0.1,0.5936360960389647,608,D_pmar=0.054_dist=100_repair_6_males=4_nmar=3,FG_theta_zero_feeding,70,6,-99,4,3
0.054,9,0,0,0,353.54183046450004,6.025511316785279,0,0,0.528163245929099,609,D_pmar=0.054_dist=100_repair_6_males=4_nmar=3,FG_theta_zero_feeding,83,9,-99,4,3
0,13,0,100,0,360.07692378263175,0,0,0,0,609,D_pmar=0.054_dist=100_repair_6_males=4_nmar=3,FG_theta_zero_feeding,114,13,-99,4,3
0.054,8,100,0,0,359.7417452762146,0,1,0.1,0.6287554776946449,609,D_pmar=0.054_dist=100_repair_6_males=4_nmar=3,FG_theta_zero_feeding,70,8,-99,4,3
0.054,6,100,100,0,359.33067743352103,0,0,0,0.7329104530791742,609,D_pmar=0.054_dist=100_repair_6_males=4_nmar=3,FG_theta_zero_feeding,77,6,-99,4,3
0.054,8,0,0,0,359.31757214072354,0,0,0,0.7610970815725479,60,D_pmar=0.054_dist=100_repair_6_males=4_nmar=3,FG_theta_zero_feeding,88,8,-99,4,3
0.054,11,0,100,0,359.61893807714813,0,0,0,0.5879629629629641,60,D_pmar=0.054_dist=100_repair_6_males=4_nmar=3,FG_theta_zero_feeding,94,11,-99,4,3
0.054,8,100,0,0,359.2437080059934,0,0,0,0.9200697441495116,60,D_pmar=0.054_dist=100_repair_6_males=4_nmar=3,FG_theta_zero_feeding,72,9,-99,4,3
0,9,100,100,0,360.2946617803802,0,0,0,0,60,D_pmar=0.054_dist=100_repair_6_males=4_nmar=3,FG_theta_zero_feeding,174,9,-99,4,3
0.054,10,0,0,0,359.472201515793,0,0,0,0.5787037037037048,610,D_pmar=0.054_dist=100_repair_6_males=4_nmar=3,FG_theta_zero_feeding,82,10,-99,4,3
0.054,4,0,100,0,359.5397554162076,0,0,0,0.5463527468000924,610,D_pmar=0.054_dist=100_repair_6_males=4_nmar=3,FG_theta_zero_feeding,81,4,-99,4,3
0.054,11,100,0,0,359.68780101612674,0,0,0,0.6415210300690927,610,D_pmar=0.054_dist=100_repair_6_males=4_nmar=3,FG_theta_zero_feeding,72,11,-99,4,3
0,11,100,100,0,360.07700884000064,0,0,0,0,610,D_pmar=0.054_dist=100_repair_6_males=4_nmar=3,FG_theta_zero_feeding,118,11,-99,4,3
0.054,10,0,0,0,353.27614647733355,6.099090586218537,1,0.1,0.6523689270621837,611,D_pmar=0.054_dist=100_repair_6_males=4_nmar=3,FG_theta_zero_feeding,77,10,-99,4,3
0,7,0,100,0,360.23416519485374,0,0,0,0,611,D_pmar=0.054_dist=100_repair_6_males=4_nmar=3,FG_theta_zero_feeding,136,7,-99,4,3
0.054,11,100,0,0,353.50611434602155,6.002827576324376,0,0,0.6076612684997187,611,D_pmar=0.054_dist=100_repair_6_males=4_nmar=3,FG_theta_zero_feeding,76,12,-99,4,3
0.054,8,100,100,0,359.27154449486,0,1,0.1,0.6423153489360086,611,D_pmar=0.054_dist=100_repair_6_males=4_nmar=3,FG_theta_zero_feeding,78,8,-99,4,3
0.054,7,0,0,0,359.27993709378154,0,0,0,0.7352369591761266,612,D_pmar=0.054_dist=100_repair_6_males=4_nmar=3,FG_theta_zero_feeding,87,7,-99,4,3
0.054,10,0,100,0,359.38070358466126,0,0,0,0.6708874455807023,612,D_pmar=0.054_dist=100_repair_6_males=4_nmar=3,FG_theta_zero_feeding,77,10,-99,4,3
0,11,100,0,0,360.00817298039556,0,0,0,0,612,D_pmar=0.054_dist=100_repair_6_males=4_nmar=3,FG_theta_zero_feeding,123,11,-99,4,3
0.054,8,100,100,0,359.4545303562034,0,0,0,0.5805415260169915,612,D_pmar=0.054_dist=100_repair_6_males=4_nmar=3,FG_theta_zero_feeding,92,8,-99,4,3
0.054,7,0,0,0,359.61043759423853,0,0,0,0.5324074074074083,613,D_pmar=0.054_dist=100_repair_6_males=4_nmar=3,FG_theta_zero_feeding,72,7,-99,4,3
0.054,13,0,100,0,359.5528615606719,0,0,0,0.6206195549498267,613,D_pmar=0.054_dist=100_repair_6_males=4_nmar=3,FG_theta_zero_feeding,92,13,-99,4,3
0.054,12,100,0,0,359.48012139807656,0,0,0,0.5915257065819476,613,D_pmar=0.054_dist=100_repair_6_males=4_nmar=3,FG_theta_zero_feeding,70,12,-99,4,3
0,4,100,100,0,360.1528736655108,0,0,0,0,613,D_pmar=0.054_dist=100_repair_6_males=4_nmar=3,FG_theta_zero_feeding,113,4,-99,4,3
0,13,0,0,0,360.06282262535643,0,0,0,0,614,D_pmar=0.054_dist=100_repair_6_males=4_nmar=3,FG_theta_zero_feeding,111,13,-99,4,3
0.054,5,0,100,0,359.5147403143105,0,0,0,0.6519036258427933,614,D_pmar=0.054_dist=100_repair_6_males=4_nmar=3,FG_theta_zero_feeding,96,5,-99,4,3
0.054,8,100,0,0,359.53895781186395,0,0,0,0.7378126498525344,614,D_pmar=0.054_dist=100_repair_6_males=4_nmar=3,FG_theta_zero_feeding,89,8,-99,4,3
0.054,10,100,100,0,359.40482887436855,0,0,0,0.6103732427479917,614,D_pmar=0.054_dist=100_repair_6_males=4_nmar=3,FG_theta_zero_feeding,83,10,-99,4,3
0.054,5,0,0,0,347.2329797362858,12.211436849145011,0,0,0.6458216420511972,615,D_pmar=0.054_dist=100_repair_6_males=4_nmar=3,FG_theta_zero_feeding,72,5,-99,4,3
0,10,0,100,0,360.0566183693157,0,0,0,0,615,D_pmar=0.054_dist=100_repair_6_males=4_nmar=3,FG_theta_zero_feeding,136,10,-99,4,3
0.054,14,100,0,0,359.67478480419004,0,0,0,0.6303441154284766,615,D_pmar=0.054_dist=100_repair_6_males=4_nmar=3,FG_theta_zero_feeding,85,14,-99,4,3
0.054,7,100,100,0,359.28962961583164,0,2,0.2,0.7124742791792987,615,D_pmar=0.054_dist=100_repair_6_males=4_nmar=3,FG_theta_zero_feeding,74,7,-99,4,3
0,10,0,0,0,360.0571222758408,0,0,0,0,616,D_pmar=0.054_dist=100_repair_6_males=4_nmar=3,FG_theta_zero_feeding,111,10,-99,4,3
0.054,4,0,100,0,353.37986659906176,6.105938571746137,1,0.1,0.5324074074074083,616,D_pmar=0.054_dist=100_repair_6_males=4_nmar=3,FG_theta_zero_feeding,66,4,-99,4,3
0.054,10,100,0,0,353.09047139564876,6.363733211590109,1,0.1,0.5608996709840317,616,D_pmar=0.054_dist=100_repair_6_males=4_nmar=3,FG_theta_zero_feeding,85,11,-99,4,3
0.054,12,100,100,0,359.54401692651896,0,0,0,0.574924843444786,616,D_pmar=0.054_dist=100_repair_6_males=4_nmar=3,FG_theta_zero_feeding,71,12,-99,4,3
0.054,10,0,0,0,359.4513559309686,0,0,0,0.6346447274105809,617,D_pmar=0.054_dist=100_repair_6_males=4_nmar=3,FG_theta_zero_feeding,72,10,-99,4,3
0.054,7,0,100,0,359.4584922010281,0,0,0,0.5613649722034224,617,D_pmar=0.054_dist=100_repair_6_males=4_nmar=3,FG_theta_zero_feeding,82,7,-99,4,3
0,8,100,0,0,360.3635677350448,0,0,0,0,617,D_pmar=0.054_dist=100_repair_6_males=4_nmar=3,FG_theta_zero_feeding,133,8,-99,4,3
0.054,11,100,100,0,359.333954064444,0,0,0,0.706721313035228,617,D_pmar=0.054_dist=100_repair_6_males=4_nmar=3,FG_theta_zero_feeding,66,11,-99,4,3
0.054,6,0,0,0,359.53774397733,0,0,0,0.5393401605697152,618,D_pmar=0.054_dist=100_repair_6_males=4_nmar=3,FG_theta_zero_feeding,84,6,-99,4,3
0,4,0,100,0,360.0369706628831,0,0,0,0,618,D_pmar=0.054_dist=100_repair_6_males=4_nmar=3,FG_theta_zero_feeding,118,4,-99,4,3
0.054,14,100,0,0,359.3948922406804,0,1,0.1,0.6183728819209444,618,D_pmar=0.054_dist=100_repair_6_males=4_nmar=3,FG_theta_zero_feeding,88,14,-99,4,3
0.054,12,100,100,0,353.37361088348393,6.041613768230616,0,0,0.750578202226982,618,D_pmar=0.054_dist=100_repair_6_males=4_nmar=3,FG_theta_zero_feeding,70,12,-99,4,3
0.054,8,0,0,0,353.26897076342703,6.214998346400534,1,0.1,0.584842137999096,619,D_pmar=0.054_dist=100_repair_6_males=4_nmar=3,FG_theta_zero_feeding,87,8,-99,4,3
0.054,6,0,100,0,353.18349321841606,6.235275023029113,1,0.1,0.5155339771265165,619,D_pmar=0.054_dist=100_repair_6_males=4_nmar=3,FG_theta_zero_feeding,92,6,-99,4,3
0.054,12,100,0,0,359.2922428190848,0,0,0,0.7142556509887905,619,D_pmar=0.054_dist=100_repair_6_males=4_nmar=3,FG_theta_zero_feeding,62,12,-99,4,3
0,10,100,100,0,360.0662412986312,0,0,0,0,619,D_pmar=0.054_dist=100_repair_6_males=4_nmar=3,FG_theta_zero_feeding,88,10,-99,4,3
0.054,5,0,0,0,359.38834241541696,0,0,0,0.7463340407486726,61,D_pmar=0.054_dist=100_repair_6_males=4_nmar=3,FG_theta_zero_feeding,78,5,-99,4,3
0.054,10,0,100,0,359.45782293659107,0,0,0,0.6458216420511971,61,D_pmar=0.054_dist=100_repair_6_males=4_nmar=3,FG_theta_zero_feeding,76,10,-99,4,3
0,12,100,0,0,360.1361262574407,0,0,0,0,61,D_pmar=0.054_dist=100_repair_6_males=4_nmar=3,FG_theta_zero_feeding,132,12,-99,4,3
0.054,9,100,100,0,359.5484242587465,0,0,0,0.5324074074074083,61,D_pmar=0.054_dist=100_repair_6_males=4_nmar=3,FG_theta_zero_feeding,80,9,-99,4,3
0.054,10,0,0,0,353.26782816213876,6.133968066823621,0,0,0.7459485725973525,620,D_pmar=0.054_dist=100_repair_6_males=4_nmar=3,FG_theta_zero_feeding,84,10,-99,4,3
0,9,0,100,0,360.04037037087784,0,0,0,0,620,D_pmar=0.054_dist=100_repair_6_males=4_nmar=3,FG_theta_zero_feeding,140,9,-99,4,3
0.054,9,100,0,0,359.58976415031015,0,0,0,0.5694444444444455,620,D_pmar=0.054_dist=100_repair_6_males=4_nmar=3,FG_theta_zero_feeding,78,9,-99,4,3
0.054,8,100,100,0,359.296061730874,0,1,0.1,0.7358949944711775,620,D_pmar=0.054_dist=100_repair_6_males=4_nmar=3,FG_theta_zero_feeding,98,8,-99,4,3
0.054,9,0,0,0,353.1821630782995,6.188012852090541,0,0,0.6619572039689684,621,D_pmar=0.054_dist=100_repair_6_males=4_nmar=3,FG_theta_zero_feeding,79,10,-99,4,3
0,10,0,100,0,360.1656344718019,0,0,0,0,621,D_pmar=0.054_dist=100_repair_6_males=4_nmar=3,FG_theta_zero_feeding,131,10,-99,4,3
0.054,8,100,0,0,353.27089673599477,6.157088786363558,1,0.1,0.6943646113763757,621,D_pmar=0.054_dist=100_repair_6_males=4_nmar=3,FG_theta_zero_feeding,76,8,-99,4,3
0.054,9,100,100,0,359.2941576945702,0,1,0.1,0.6446184724686856,621,D_pmar=0.054_dist=100_repair_6_males=4_nmar=3,FG_theta_zero_feeding,82,9,-99,4,3
0.054,10,0,0,0,359.5137741454325,0,0,0,0.5879629629629641,622,D_pmar=0.054_dist=100_repair_6_males=4_nmar=3,FG_theta_zero_feeding,96,10,-99,4,3
0.054,14,0,100,0,359.3540935489696,0,0,0,0.6493279351663858,622,D_pmar=0.054_dist=100_repair_6_males=4_nmar=3,FG_theta_zero_feeding,91,14,-99,4,3
0.054,4,100,0,0,359.2905687626901,0,0,0,0.7105001732941469,622,D_pmar=0.054_dist=100_repair_6_males=4_nmar=3,FG_theta_zero_feeding,87,4,-99,4,3
0,8,100,100,0,360.221841601029,0,0,0,0,622,D_pmar=0.054_dist=100_repair_6_males=4_nmar=3,FG_theta_zero_feeding,114,8,-99,4,3
0.054,12,0,0,0,359.5026286202416,0,0,0,0.6900639993942715,623,D_pmar=0.054_dist=100_repair_6_males=4_nmar=3,FG_theta_zero_feeding,84,12,-99,4,3
0.054,12,0,100,0,359.19269164026815,0,0,0,0.8176961405744743,623,D_pmar=0.054_dist=100_repair_6_males=4_nmar=3,FG_theta_zero_feeding,92,12,-99,4,3
0,5,100,0,0,360.06760659207794,0,0,0,0,623,D_pmar=0.054_dist=100_repair_6_males=4_nmar=3,FG_theta_zero_feeding,137,5,-99,4,3
0.054,7,100,100,0,359.34935485894897,0,0,0,0.6993232586535306,623,D_pmar=0.054_dist=100_repair_6_males=4_nmar=3,FG_theta_zero_feeding,90,7,-99,4,3
0.054,9,0,0,0,359.38807879451554,0,0,0,0.6565332554724228,624,D_pmar=0.054_dist=100_repair_6_males=4_nmar=3,FG_theta_zero_feeding,78,9,-99,4,3
0.054,6,0,100,0,359.58404801687414,0,0,0,0.5802125083694664,624,D_pmar=0.054_dist=100_repair_6_males=4_nmar=3,FG_theta_zero_feeding,84,6,-99,4,3
0,5,100,0,0,360.08444268680915,0,0,0,0,624,D_pmar=0.054_dist=100_repair_6_males=4_nmar=3,FG_theta_zero_feeding,132,5,-99,4,3
0.054,16,100,100,0,359.32392243858493,0,0,0,0.7286896741651402,624,D_pmar=0.054_dist=100_repair_6_males=4_nmar=3,FG_theta_zero_feeding,80,16,-99,4,3
0.054,7,0,0,0,359.31839305862684,0,0,0,0.7402520569570765,625,D_pmar=0.054_dist=100_repair_6_males=4_nmar=3,FG_theta_zero_feeding,75,7,-99,4,3
0.054,7,0,100,0,359.552468666308,0,0,0,0.5138888888888897,625,D_pmar=0.054_dist=100_repair_6_males=4_nmar=3,FG_theta_zero_feeding,88,7,-99,4,3
0,14,100,0,0,360.07216721151593,0,0,0,0,625,D_pmar=0.054_dist=100_repair_6_males=4_nmar=3,FG_theta_zero_feeding,121,14,-99,4,3
0.054,8,100,100,0,359.40638724163165,0,0,0,0.6704221443613116,625,D_pmar=0.054_dist=100_repair_6_males=4_nmar=3,FG_theta_zero_feeding,82,8,-99,4,3
0.054,13,0,0,0,359.597776086581,0,0,0,0.5462962962962973,626,D_pmar=0.054_dist=100_repair_6_males=4_nmar=3,FG_theta_zero_feeding,87,13,-99,4,3
0.054,9,0,100,0,359.2774944606407,0,0,0,0.8164365204881678,626,D_pmar=0.054_dist=100_repair_6_males=4_nmar=3,FG_theta_zero_feeding,76,9,-99,4,3
0,11,100,0,0,360.1503583588061,0,0,0,0,626,D_pmar=0.054_dist=100_repair_6_males=4_nmar=3,FG_theta_zero_feeding,132,11,-99,4,3
0.054,3,100,100,0,359.39271890863444,0,0,0,0.681599059001928,626,D_pmar=0.054_dist=100_repair_6_males=4_nmar=3,FG_theta_zero_feeding,89,3,-99,4,3
0.054,7,0,0,0,359.52149157390966,0,0,0,0.6083193037947695,627,D_pmar=0.054_dist=100_repair_6_males=4_nmar=3,FG_theta_zero_feeding,59,7,-99,4,3
0.054,10,0,100,0,359.3576636878678,0,0,0,0.6472739962131635,627,D_pmar=0.054_dist=100_repair_6_males=4_nmar=3,FG_theta_zero_feeding,88,11,-99,4,3
0.054,11,100,0,0,359.52428538147717,0,0,0,0.5816084120276377,627,D_pmar=0.054_dist=100_repair_6_males=4_nmar=3,FG_theta_zero_feeding,78,11,-99,4,3
0,8,100,100,0,360.0575288238741,0,0,0,0,627,D_pmar=0.054_dist=100_repair_6_males=4_nmar=3,FG_theta_zero_feeding,130,8,-99,4,3
0.054,9,0,0,0,359.3968626565832,0,0,0,0.6169205277589782,628,D_pmar=0.054_dist=100_repair_6_males=4_nmar=3,FG_theta_zero_feeding,84,9,-99,4,3
0.054,10,0,100,0,359.51828964847357,0,0,0,0.6796814036205711,628,D_pmar=0.054_dist=100_repair_6_males=4_nmar=3,FG_theta_zero_feeding,92,10,-99,4,3
0,11,100,0,0,360.00859158552504,0,0,0,0,628,D_pmar=0.054_dist=100_repair_6_males=4_nmar=3,FG_theta_zero_feeding,122,11,-99,4,3
0.054,6,100,100,0,359.3570122517543,0,0,0,0.7485807137775549,628,D_pmar=0.054_dist=100_repair_6_males=4_nmar=3,FG_theta_zero_feeding,75,6,-99,4,3
0.054,12,0,0,0,359.4123534446343,0,0,0,0.624591149284406,629,D_pmar=0.054_dist=100_repair_6_males=4_nmar=3,FG_theta_zero_feeding,72,12,-99,4,3
0,6,0,100,0,360.04737513030074,0,0,0,0,629,D_pmar=0.054_dist=100_repair_6_males=4_nmar=3,FG_theta_zero_feeding,124,6,-99,4,3
0.054,12,100,0,0,359.38609764747383,0,1,0.1,0.5555555555555566,629,D_pmar=0.054_dist=100_repair_6_males=4_nmar=3,FG_theta_zero_feeding,75,12,-99,4,3
0.054,6,100,100,0,353.3328861533533,6.018079673849799,0,0,0.683902182534605,629,D_pmar=0.054_dist=100_repair_6_males=4_nmar=3,FG_theta_zero_feeding,84,6,-99,4,3
0.054,10,0,0,0,359.4663663399249,0,0,0,0.5601851851851862,62,D_pmar=0.054_dist=100_repair_6_males=4_nmar=3,FG_theta_zero_feeding,89,10,-99,4,3
0.054,8,0,100,0,359.6091383621451,0,0,0,0.6237968304174901,62,D_pmar=0.054_dist=100_repair_6_males=4_nmar=3,FG_theta_zero_feeding,69,8,-99,4,3
0,7,100,0,0,360.0710749777111,0,0,0,0,62,D_pmar=0.054_dist=100_repair_6_males=4_nmar=3,FG_theta_zero_feeding,113,7,-99,4,3
0.054,11,100,100,0,359.5719549804646,0,0,0,0.5224102797850282,62,D_pmar=0.054_dist=100_repair_6_males=4_nmar=3,FG_theta_zero_feeding,69,11,-99,4,3
0,8,0,0,0,360.11988974363913,0,0,0,0,630,D_pmar=0.054_dist=100_repair_6_males=4_nmar=3,FG_theta_zero_feeding,135,8,-99,4,3
0.054,11,0,100,0,359.3865144365446,0,0,0,0.6421790653641434,630,D_pmar=0.054_dist=100_repair_6_males=4_nmar=3,FG_theta_zero_feeding,78,11,-99,4,3
0.054,8,100,0,0,359.7061214567821,0,0,0,0.5879629629629641,630,D_pmar=0.054_dist=100_repair_6_males=4_nmar=3,FG_theta_zero_feeding,77,8,-99,4,3
0.054,9,100,100,0,359.4763426541455,0,0,0,0.6202905373023014,630,D_pmar=0.054_dist=100_repair_6_males=4_nmar=3,FG_theta_zero_feeding,72,9,-99,4,3
0,9,0,0,0,360.112840472678,0,0,0,0,631,D_pmar=0.054_dist=100_repair_6_males=4_nmar=3,FG_theta_zero_feeding,110,9,-99,4,3
0.054,7,0,100,0,359.45904059300636,0,0,0,0.6156609076726719,631,D_pmar=0.054_dist=100_repair_6_males=4_nmar=3,FG_theta_zero_feeding,68,7,-99,4,3
0.054,9,100,0,0,359.53075786525255,0,0,0,0.538216824055274,631,D_pmar=0.054_dist=100_repair_6_males=4_nmar=3,FG_theta_zero_feeding,71,9,-99,4,3
0.054,11,100,100,0,359.4940476846909,0,0,0,0.5717475679771227,631,D_pmar=0.054_dist=100_repair_6_males=4_nmar=3,FG_theta_zero_feeding,79,11,-99,4,3
0,8,0,0,0,360.2581278564444,0,0,0,0,632,D_pmar=0.054_dist=100_repair_6_males=4_nmar=3,FG_theta_zero_feeding,131,8,-99,4,3
0.054,14,0,100,0,359.2830545599414,0,1,0.1,0.6415774805728878,632,D_pmar=0.054_dist=100_repair_6_males=4_nmar=3,FG_theta_zero_feeding,66,14,-99,4,3
0.054,10,100,0,0,359.3598010433985,0,0,0,0.6651344794366316,632,D_pmar=0.054_dist=100_repair_6_males=4_nmar=3,FG_theta_zero_feeding,85,10,-99,4,3
0.054,4,100,100,0,353.37585684255527,6.015401195376028,0,0,0.6512455905477426,632,D_pmar=0.054_dist=100_repair_6_males=4_nmar=3,FG_theta_zero_feeding,85,4,-99,4,3
0.054,9,0,0,0,347.2953283323799,12.009227384239871,0,0,0.704803657653871,633,D_pmar=0.054_dist=100_repair_6_males=4_nmar=3,FG_theta_zero_feeding,101,9,-99,4,3
0.054,5,0,100,0,359.1136247124267,0,2,0.2,0.6895986981748808,633,D_pmar=0.054_dist=100_repair_6_males=4_nmar=3,FG_theta_zero_feeding,77,5,-99,4,3
0.054,7,100,0,0,353.0640958222219,6.224451402718456,1,0.1,0.6800104212680963,633,D_pmar=0.054_dist=100_repair_6_males=4_nmar=3,FG_theta_zero_feeding,79,7,-99,4,3
0,15,100,100,0,360.1667481806593,0,0,0,0,633,D_pmar=0.054_dist=100_repair_6_males=4_nmar=3,FG_theta_zero_feeding,119,15,-99,4,3
0.054,12,0,0,0,359.4344082899313,0,0,0,0.7136774487618102,634,D_pmar=0.054_dist=100_repair_6_males=4_nmar=3,FG_theta_zero_feeding,73,12,-99,4,3
0.054,5,0,100,0,359.4831904305526,0,0,0,0.5652002829661362,634,D_pmar=0.054_dist=100_repair_6_males=4_nmar=3,FG_theta_zero_feeding,77,5,-99,4,3
0.054,9,100,0,0,359.52262441617455,0,0,0,0.4861111111111119,634,D_pmar=0.054_dist=100_repair_6_males=4_nmar=3,FG_theta_zero_feeding,86,9,-99,4,3
0,10,100,100,0,360.0804926925794,0,0,0,0,634,D_pmar=0.054_dist=100_repair_6_males=4_nmar=3,FG_theta_zero_feeding,115,10,-99,4,3
0.054,10,0,0,0,359.5149448291541,0,0,0,0.6774347305916889,635,D_pmar=0.054_dist=100_repair_6_males=4_nmar=3,FG_theta_zero_feeding,87,10,-99,4,3
0.054,7,0,100,0,359.4375782755435,0,0,0,0.6434386854504497,635,D_pmar=0.054_dist=100_repair_6_males=4_nmar=3,FG_theta_zero_feeding,101,7,-99,4,3
0.054,8,100,0,0,359.42607908747055,0,0,0,0.6974056032721737,635,D_pmar=0.054_dist=100_repair_6_males=4_nmar=3,FG_theta_zero_feeding,79,8,-99,4,3
0,11,100,100,0,360.14755512850456,0,0,0,0,635,D_pmar=0.054_dist=100_repair_6_males=4_nmar=3,FG_theta_zero_feeding,118,11,-99,4,3
0.054,11,0,0,0,353.25797487820466,6.136802396855428,0,0,0.7610172485044773,636,D_pmar=0.054_dist=100_repair_6_males=4_nmar=3,FG_theta_zero_feeding,76,11,-99,4,3
0.054,10,0,100,0,353.2592086201088,6.129060364790873,1,0.1,0.5185185185185194,636,D_pmar=0.054_dist=100_repair_6_males=4_nmar=3,FG_theta_zero_feeding,97,10,-99,4,3
0.054,6,100,0,0,359.3028139562442,0,1,0.1,0.6801467048399615,636,D_pmar=0.054_dist=100_repair_6_males=4_nmar=3,FG_theta_zero_feeding,76,6,-99,4,3
0,9,100,100,0,360.1212384202253,0,0,0,0,636,D_pmar=0.054_dist=100_repair_6_males=4_nmar=3,FG_theta_zero_feeding,125,9,-99,4,3
0.054,7,0,0,0,359.21253013573005,0,1,0.1,0.6980071880634297,637,D_pmar=0.054_dist=100_repair_6_males=4_nmar=3,FG_theta_zero_feeding,86,7,-99,4,3
0.054,12,0,100,0,353.3858505124853,6.130883631223943,0,0,0.5509259259259269,637,D_pmar=0.054_dist=100_repair_6_males=4_nmar=3,FG_theta_zero_feeding,103,13,-99,4,3
0,8,100,0,0,360.066721669114,0,0,0,0,637,D_pmar=0.054_dist=100_repair_6_males=4_nmar=3,FG_theta_zero_feeding,134,8,-99,4,3
0.054,9,100,100,0,359.5549552764736,0,0,0,0.755593300007932,637,D_pmar=0.054_dist=100_repair_6_males=4_nmar=3,FG_theta_zero_feeding,64,9,-99,4,3
0.054,11,0,0,0,359.3621328435619,0,0,0,0.7209392195716422,638,D_pmar=0.054_dist=100_repair_6_males=4_nmar=3,FG_theta_zero_feeding,76,11,-99,4,3
0,6,0,100,0,360.03731900488617,0,0,0,0,638,D_pmar=0.054_dist=100_repair_6_males=4_nmar=3,FG_theta_zero_feeding,115,6,-99,4,3
0.054,4,100,0,0,359.4497640238441,0,0,0,0.5979367080210691,638,D_pmar=0.054_dist=100_repair_6_males=4_nmar=3,FG_theta_zero_feeding,80,4,-99,4,3
0.054,15,100,100,0,359.55643071496644,0,0,0,0.537037037037038,638,D_pmar=0.054_dist=100_repair_6_males=4_nmar=3,FG_theta_zero_feeding,81,15,-99,4,3
0.054,8,0,0,0,359.60427761061743,0,0,0,0.5000000000000008,639,D_pmar=0.054_dist=100_repair_6_males=4_nmar=3,FG_theta_zero_feeding,84,8,-99,4,3
0.054,6,0,100,0,359.6045111583097,0,0,0,0.6419863312884831,639,D_pmar=0.054_dist=100_repair_6_males=4_nmar=3,FG_theta_zero_feeding,82,6,-99,4,3
0.054,8,100,0,0,359.38917785585176,0,0,0,0.7051326753013963,639,D_pmar=0.054_dist=100_repair_6_males=4_nmar=3,FG_theta_zero_feeding,66,8,-99,4,3
0,14,100,100,0,360.076214978887,0,0,0,0,639,D_pmar=0.054_dist=100_repair_6_males=4_nmar=3,FG_theta_zero_feeding,121,14,-99,4,3
0,12,0,0,0,360.1404492602208,0,0,0,0,63,D_pmar=0.054_dist=100_repair_6_males=4_nmar=3,FG_theta_zero_feeding,126,12,-99,4,3
0.054,5,0,100,0,359.3501151709058,0,0,0,0.6858996709840323,63,D_pmar=0.054_dist=100_repair_6_males=4_nmar=3,FG_theta_zero_feeding,86,5,-99,4,3
0.054,14,100,0,0,359.37641228712164,0,0,0,0.7595084438387162,63,D_pmar=0.054_dist=100_repair_6_males=4_nmar=3,FG_theta_zero_feeding,88,14,-99,4,3
0.054,5,100,100,0,359.5333949290994,0,0,0,0.5698299125957659,63,D_pmar=0.054_dist=100_repair_6_males=4_nmar=3,FG_theta_zero_feeding,86,5,-99,4,3
0.054,11,0,0,0,359.62740906952365,0,0,0,0.6303441154284766,640,D_pmar=0.054_dist=100_repair_6_males=4_nmar=3,FG_theta_zero_feeding,82,11,-99,4,3
0.054,7,0,100,0,359.5894890680812,0,0,0,0.5733362057109544,640,D_pmar=0.054_dist=100_repair_6_males=4_nmar=3,FG_theta_zero_feeding,89,7,-99,4,3
0.054,8,100,0,0,359.3711179939494,0,0,0,0.6793523859730458,640,D_pmar=0.054_dist=100_repair_6_males=4_nmar=3,FG_theta_zero_feeding,75,8,-99,4,3
0,10,100,100,0,360.16682319867743,0,0,0,0,640,D_pmar=0.054_dist=100_repair_6_males=4_nmar=3,FG_theta_zero_feeding,116,10,-99,4,3
0.054,7,0,0,0,359.55966159367745,0,0,0,0.5605706533365065,641,D_pmar=0.054_dist=100_repair_6_males=4_nmar=3,FG_theta_zero_feeding,80,7,-99,4,3
0.054,8,0,100,0,359.4708824385549,0,0,0,0.7028860022725141,641,D_pmar=0.054_dist=100_repair_6_males=4_nmar=3,FG_theta_zero_feeding,73,8,-99,4,3
0.054,12,100,0,0,359.51053466916244,0,0,0,0.537037037037038,641,D_pmar=0.054_dist=100_repair_6_males=4_nmar=3,FG_theta_zero_feeding,84,12,-99,4,3
0,9,100,100,0,360.01024361704447,0,0,0,0,641,D_pmar=0.054_dist=100_repair_6_males=4_nmar=3,FG_theta_zero_feeding,108,9,-99,4,3
0.054,6,0,0,0,359.35756834124396,0,0,0,0.6507802893283519,642,D_pmar=0.054_dist=100_repair_6_males=4_nmar=3,FG_theta_zero_feeding,71,6,-99,4,3
0,4,0,100,0,360.04070995733184,0,0,0,0,642,D_pmar=0.054_dist=100_repair_6_males=4_nmar=3,FG_theta_zero_feeding,136,4,-99,4,3
0.054,10,100,0,0,359.4714946330938,0,0,0,0.7278953552982244,642,D_pmar=0.054_dist=100_repair_6_males=4_nmar=3,FG_theta_zero_feeding,71,10,-99,4,3
0.054,16,100,100,0,359.5756909169461,0,0,0,0.510110028629971,642,D_pmar=0.054_dist=100_repair_6_males=4_nmar=3,FG_theta_zero_feeding,84,16,-99,4,3
0.054,10,0,0,0,353.10473284220546,6.125415393145,1,0.1,0.7351571261080563,643,D_pmar=0.054_dist=100_repair_6_males=4_nmar=3,FG_theta_zero_feeding,89,10,-99,4,3
0.054,7,0,100,0,359.55557757323635,0,0,0,0.5833333333333345,643,D_pmar=0.054_dist=100_repair_6_males=4_nmar=3,FG_theta_zero_feeding,90,7,-99,4,3
0.054,13,100,0,0,353.3224626749986,6.035946883250012,1,0.1,0.6257144857988469,643,D_pmar=0.054_dist=100_repair_6_males=4_nmar=3,FG_theta_zero_feeding,83,13,-99,4,3
0,6,100,100,0,360.0481774494294,0,0,0,0,643,D_pmar=0.054_dist=100_repair_6_males=4_nmar=3,FG_theta_zero_feeding,107,6,-99,4,3
0.054,7,0,0,0,353.0419410097057,6.3044438760052195,1,0.1,0.5913894230100826,644,D_pmar=0.054_dist=100_repair_6_males=4_nmar=3,FG_theta_zero_feeding,88,7,-99,4,3
0,12,0,100,0,360.13264405167126,0,0,0,0,644,D_pmar=0.054_dist=100_repair_6_males=4_nmar=3,FG_theta_zero_feeding,123,12,-99,4,3
0.054,5,100,0,0,359.2873459111439,0,0,0,0.7239237609636454,644,D_pmar=0.054_dist=100_repair_6_males=4_nmar=3,FG_theta_zero_feeding,88,5,-99,4,3
0.054,12,100,100,0,353.3110663898821,6.148717079277202,1,0.1,0.6788870847536553,644,D_pmar=0.054_dist=100_repair_6_males=4_nmar=3,FG_theta_zero_feeding,75,12,-99,4,3
0,14,0,0,0,360.1888573551995,0,0,0,0,645,D_pmar=0.054_dist=100_repair_6_males=4_nmar=3,FG_theta_zero_feeding,110,14,-99,4,3
0.054,8,0,100,0,359.46694800508556,0,0,0,0.5731999221390892,645,D_pmar=0.054_dist=100_repair_6_males=4_nmar=3,FG_theta_zero_feeding,72,8,-99,4,3
0.054,6,100,0,0,359.62167437057025,0,0,0,0.49074074074074153,645,D_pmar=0.054_dist=100_repair_6_males=4_nmar=3,FG_theta_zero_feeding,87,6,-99,4,3
0.054,8,100,100,0,359.5305760832665,0,0,0,0.630809416647867,645,D_pmar=0.054_dist=100_repair_6_males=4_nmar=3,FG_theta_zero_feeding,66,8,-99,4,3
0,9,0,0,0,360.06367568422684,0,0,0,0,646,D_pmar=0.054_dist=100_repair_6_males=4_nmar=3,FG_theta_zero_feeding,141,9,-99,4,3
0.054,8,0,100,0,359.20913268949454,0,1,0.1,0.6959532491102075,646,D_pmar=0.054_dist=100_repair_6_males=4_nmar=3,FG_theta_zero_feeding,87,8,-99,4,3
0.054,8,100,0,0,353.4739733532443,6.059780699659096,0,0,0.6484537832313995,646,D_pmar=0.054_dist=100_repair_6_males=4_nmar=3,FG_theta_zero_feeding,72,8,-99,4,3
0.054,11,100,100,0,359.61817609217724,0,0,0,0.615740740740742,646,D_pmar=0.054_dist=100_repair_6_males=4_nmar=3,FG_theta_zero_feeding,77,11,-99,4,3
0.054,6,0,0,0,359.41928389261926,0,1,0.1,0.5632826275847792,647,D_pmar=0.054_dist=100_repair_6_males=4_nmar=3,FG_theta_zero_feeding,76,6,-99,4,3
0.054,13,0,100,0,359.5577801167208,0,0,0,0.5277777777777787,647,D_pmar=0.054_dist=100_repair_6_males=4_nmar=3,FG_theta_zero_feeding,74,13,-99,4,3
0,10,100,0,0,360.22140814775724,0,0,0,0,647,D_pmar=0.054_dist=100_repair_6_males=4_nmar=3,FG_theta_zero_feeding,127,10,-99,4,3
0.054,7,100,100,0,353.1704063766956,6.107562990402499,0,0,0.727815522230154,647,D_pmar=0.054_dist=100_repair_6_males=4_nmar=3,FG_theta_zero_feeding,67,7,-99,4,3
0,13,0,0,0,360.07544880808007,0,0,0,0,648,D_pmar=0.054_dist=100_repair_6_males=4_nmar=3,FG_theta_zero_feeding,139,13,-99,4,3
0.054,5,0,100,0,359.44155642087554,0,0,0,0.6226734939030488,648,D_pmar=0.054_dist=100_repair_6_males=4_nmar=3,FG_theta_zero_feeding,74,5,-99,4,3
0.054,8,100,0,0,359.1403858323209,0,0,0,0.8724573772631142,648,D_pmar=0.054_dist=100_repair_6_males=4_nmar=3,FG_theta_zero_feeding,73,8,-99,4,3
0.054,10,100,100,0,359.5144323305296,0,0,0,0.5913894230100823,648,D_pmar=0.054_dist=100_repair_6_males=4_nmar=3,FG_theta_zero_feeding,98,10,-99,4,3
0,10,0,0,0,360.0017620548722,0,0,0,0,649,D_pmar=0.054_dist=100_repair_6_males=4_nmar=3,FG_theta_zero_feeding,108,10,-99,4,3
0.054,9,0,100,0,359.5368257571923,0,0,0,0.4915915101114523,649,D_pmar=0.054_dist=100_repair_6_males=4_nmar=3,FG_theta_zero_feeding,88,9,-99,4,3
0.054,10,100,0,0,359.55529376378155,0,0,0,0.606866949632803,649,D_pmar=0.054_dist=100_repair_6_males=4_nmar=3,FG_theta_zero_feeding,69,10,-99,4,3
0.054,7,100,100,0,359.4053841067036,0,0,0,0.6614919027495778,649,D_pmar=0.054_dist=100_repair_6_males=4_nmar=3,FG_theta_zero_feeding,70,7,-99,4,3
0,5,0,0,0,360.0819406808947,0,0,0,0,64,D_pmar=0.054_dist=100_repair_6_males=4_nmar=3,FG_theta_zero_feeding,117,5,-99,4,3
0.054,8,0,100,0,359.485495137589,0,0,0,0.5278342282815738,64,D_pmar=0.054_dist=100_repair_6_males=4_nmar=3,FG_theta_zero_feeding,74,8,-99,4,3
0.054,5,100,0,0,359.4480037949007,0,0,0,0.6927759736425441,64,D_pmar=0.054_dist=100_repair_6_males=4_nmar=3,FG_theta_zero_feeding,72,5,-99,4,3
0.054,18,100,100,0,359.64568724613537,0,0,0,0.49074074074074153,64,D_pmar=0.054_dist=100_repair_6_males=4_nmar=3,FG_theta_zero_feeding,76,18,-99,4,3
0,10,0,0,0,360.0511033661169,0,0,0,0,650,D_pmar=0.054_dist=100_repair_6_males=4_nmar=3,FG_theta_zero_feeding,116,10,-99,4,3
0.054,8,0,100,0,359.45008541765674,0,0,0,0.5805415260169916,650,D_pmar=0.054_dist=100_repair_6_males=4_nmar=3,FG_theta_zero_feeding,74,8,-99,4,3
0.054,9,100,0,0,359.63975203560943,0,0,0,0.5891427499812002,650,D_pmar=0.054_dist=100_repair_6_males=4_nmar=3,FG_theta_zero_feeding,72,9,-99,4,3
0.054,9,100,100,0,359.5576186753103,0,0,0,0.5138888888888897,650,D_pmar=0.054_dist=100_repair_6_males=4_nmar=3,FG_theta_zero_feeding,71,9,-99,4,3
0.054,7,0,0,0,353.4282288658723,6.107394365986806,1,0.1,0.5740740740740752,651,D_pmar=0.054_dist=100_repair_6_males=4_nmar=3,FG_theta_zero_feeding,91,8,-99,4,3
0.054,12,0,100,0,353.0101967097379,6.2673941937031294,1,0.1,0.6851053521171163,651,D_pmar=0.054_dist=100_repair_6_males=4_nmar=3,FG_theta_zero_feeding,83,13,-99,4,3
0,5,100,0,0,360.1558899785934,0,0,0,0,651,D_pmar=0.054_dist=100_repair_6_males=4_nmar=3,FG_theta_zero_feeding,124,5,-99,4,3
0.054,12,100,100,0,359.350760527415,0,0,0,0.7579762566086793,651,D_pmar=0.054_dist=100_repair_6_males=4_nmar=3,FG_theta_zero_feeding,88,12,-99,4,3
0,13,0,0,0,360.05893359235034,0,0,0,0,652,D_pmar=0.054_dist=100_repair_6_males=4_nmar=3,FG_theta_zero_feeding,140,13,-99,4,3
0.054,5,0,100,0,359.288506838942,0,0,0,0.715844288722622,652,D_pmar=0.054_dist=100_repair_6_males=4_nmar=3,FG_theta_zero_feeding,74,5,-99,4,3
0.054,10,100,0,0,359.47558523796505,0,0,0,0.5833333333333345,652,D_pmar=0.054_dist=100_repair_6_males=4_nmar=3,FG_theta_zero_feeding,90,10,-99,4,3
0.054,8,100,100,0,359.3683175651526,0,0,0,0.6894059640992211,652,D_pmar=0.054_dist=100_repair_6_males=4_nmar=3,FG_theta_zero_feeding,75,8,-99,4,3
0.054,9,0,0,0,359.5620732090958,0,0,0,0.6083757542985643,653,D_pmar=0.054_dist=100_repair_6_males=4_nmar=3,FG_theta_zero_feeding,80,9,-99,4,3
0.054,8,0,100,0,359.5000232992828,0,0,0,0.5277777777777787,653,D_pmar=0.054_dist=100_repair_6_males=4_nmar=3,FG_theta_zero_feeding,73,8,-99,4,3
0.054,8,100,0,0,359.4646040198272,0,0,0,0.6608338674545271,653,D_pmar=0.054_dist=100_repair_6_males=4_nmar=3,FG_theta_zero_feeding,68,8,-99,4,3
0,11,100,100,0,360.07300454410495,0,0,0,0,653,D_pmar=0.054_dist=100_repair_6_males=4_nmar=3,FG_theta_zero_feeding,122,11,-99,4,3
0.054,8,0,0,0,359.37089462861053,0,0,0,0.664669178217241,654,D_pmar=0.054_dist=100_repair_6_males=4_nmar=3,FG_theta_zero_feeding,70,8,-99,4,3
0.054,6,0,100,0,359.4917549110086,0,0,0,0.597936708021069,654,D_pmar=0.054_dist=100_repair_6_males=4_nmar=3,FG_theta_zero_feeding,92,6,-99,4,3
0,10,100,0,0,360.1551065135762,0,0,0,0,654,D_pmar=0.054_dist=100_repair_6_males=4_nmar=3,FG_theta_zero_feeding,123,10,-99,4,3
0.054,12,100,100,0,359.5445724613909,0,0,0,0.6250000000000013,654,D_pmar=0.054_dist=100_repair_6_males=4_nmar=3,FG_theta_zero_feeding,90,12,-99,4,3
0.054,5,0,0,0,359.44746890557104,0,0,0,0.5786238706356346,655,D_pmar=0.054_dist=100_repair_6_males=4_nmar=3,FG_theta_zero_feeding,74,5,-99,4,3
0,12,0,100,0,360.03250336534865,0,0,0,0,655,D_pmar=0.054_dist=100_repair_6_males=4_nmar=3,FG_theta_zero_feeding,114,12,-99,4,3
0.054,8,100,0,0,359.4109151697142,0,0,0,0.6311384342953924,655,D_pmar=0.054_dist=100_repair_6_males=4_nmar=3,FG_theta_zero_feeding,64,8,-99,4,3
0.054,11,100,100,0,359.6682894630006,0,0,0,0.4675925925925933,655,D_pmar=0.054_dist=100_repair_6_males=4_nmar=3,FG_theta_zero_feeding,78,11,-99,4,3
0.054,12,0,0,0,359.3685143665256,0,0,0,0.6678464536849041,656,D_pmar=0.054_dist=100_repair_6_males=4_nmar=3,FG_theta_zero_feeding,82,12,-99,4,3
0.054,8,0,100,0,359.3630992218034,0,0,0,0.6649981958647663,656,D_pmar=0.054_dist=100_repair_6_males=4_nmar=3,FG_theta_zero_feeding,106,8,-99,4,3
0,8,100,0,0,360.0232591140689,0,0,0,0,656,D_pmar=0.054_dist=100_repair_6_males=4_nmar=3,FG_theta_zero_feeding,117,8,-99,4,3
0.054,8,100,100,0,359.49730749414545,0,0,0,0.6481481481481496,656,D_pmar=0.054_dist=100_repair_6_males=4_nmar=3,FG_theta_zero_feeding,91,8,-99,4,3
0,14,0,0,0,360.05461251826347,0,0,0,0,657,D_pmar=0.054_dist=100_repair_6_males=4_nmar=3,FG_theta_zero_feeding,128,14,-99,4,3
0.054,10,0,100,0,359.3561150666731,0,0,0,0.6595742473682208,657,D_pmar=0.054_dist=100_repair_6_males=4_nmar=3,FG_theta_zero_feeding,73,10,-99,4,3
0.054,3,100,0,0,359.49611979439817,0,0,0,0.6006486822693416,657,D_pmar=0.054_dist=100_repair_6_males=4_nmar=3,FG_theta_zero_feeding,88,3,-99,4,3
0.054,9,100,100,0,359.43602219672164,0,0,0,0.6111111111111124,657,D_pmar=0.054_dist=100_repair_6_males=4_nmar=3,FG_theta_zero_feeding,80,9,-99,4,3
0.054,10,0,0,0,359.6085073455989,0,0,0,0.4869618804818228,658,D_pmar=0.054_dist=100_repair_6_males=4_nmar=3,FG_theta_zero_feeding,85,10,-99,4,3
0.054,8,0,100,0,359.3316711106488,0,1,0.1,0.6622862216164938,658,D_pmar=0.054_dist=100_repair_6_males=4_nmar=3,FG_theta_zero_feeding,80,8,-99,4,3
0.054,6,100,0,0,353.1377476052396,6.109294633966807,0,0,0.785617750814592,658,D_pmar=0.054_dist=100_repair_6_males=4_nmar=3,FG_theta_zero_feeding,73,6,-99,4,3
0,12,100,100,0,360.19030000622774,0,0,0,0,658,D_pmar=0.054_dist=100_repair_6_males=4_nmar=3,FG_theta_zero_feeding,112,12,-99,4,3
0.054,13,0,0,0,353.414191847127,6.027423688192166,0,0,0.7036238706356351,659,D_pmar=0.054_dist=100_repair_6_males=4_nmar=3,FG_theta_zero_feeding,84,13,-99,4,3
0.054,7,0,100,0,359.42775923647497,0,0,0,0.6415774805728877,659,D_pmar=0.054_dist=100_repair_6_males=4_nmar=3,FG_theta_zero_feeding,80,7,-99,4,3
0.054,11,100,0,0,359.4409102703739,0,1,0.1,0.6064814814814827,659,D_pmar=0.054_dist=100_repair_6_males=4_nmar=3,FG_theta_zero_feeding,82,11,-99,4,3
0,5,100,100,0,360.09506289007624,0,0,0,0,659,D_pmar=0.054_dist=100_repair_6_males=4_nmar=3,FG_theta_zero_feeding,130,5,-99,4,3
0,9,0,0,0,360.06511790385485,0,0,0,0,65,D_pmar=0.054_dist=100_repair_6_males=4_nmar=3,FG_theta_zero_feeding,122,9,-99,4,3
0.054,7,0,100,0,359.47497496057247,0,0,0,0.6654634970841569,65,D_pmar=0.054_dist=100_repair_6_males=4_nmar=3,FG_theta_zero_feeding,69,7,-99,4,3
0.054,10,100,0,0,359.7326281226674,0,0,0,0.5416666666666676,65,D_pmar=0.054_dist=100_repair_6_males=4_nmar=3,FG_theta_zero_feeding,84,10,-99,4,3
0.054,10,100,100,0,359.44376518449843,0,0,0,0.6866141567828777,65,D_pmar=0.054_dist=100_repair_6_males=4_nmar=3,FG_theta_zero_feeding,86,10,-99,4,3
0,10,0,0,0,360.15456316147174,0,0,0,0,660,D_pmar=0.054_dist=100_repair_6_males=4_nmar=3,FG_theta_zero_feeding,117,10,-99,4,3
0.054,11,0,100,0,353.48823290444426,6.0382083473922625,0,0,0.6469449785656383,660,D_pmar=0.054_dist=100_repair_6_males=4_nmar=3,FG_theta_zero_feeding,80,11,-99,4,3
0.054,5,100,0,0,353.0286666097911,6.171008122892216,1,0.1,0.7278953552982245,660,D_pmar=0.054_dist=100_repair_6_males=4_nmar=3,FG_theta_zero_feeding,78,5,-99,4,3
0.054,10,100,100,0,359.6025101219118,0,1,0.1,0.4490740740740747,660,D_pmar=0.054_dist=100_repair_6_males=4_nmar=3,FG_theta_zero_feeding,85,10,-99,4,3
0.054,10,0,0,0,353.2524869791344,6.2042741953464295,0,0,0.5925925925925938,661,D_pmar=0.054_dist=100_repair_6_males=4_nmar=3,FG_theta_zero_feeding,57,10,-99,4,3
0.054,7,0,100,0,359.51468710478986,0,1,0.1,0.5517766952966376,661,D_pmar=0.054_dist=100_repair_6_males=4_nmar=3,FG_theta_zero_feeding,91,7,-99,4,3
0.054,12,100,0,0,359.4326963895109,0,0,0,0.5982657256685943,661,D_pmar=0.054_dist=100_repair_6_males=4_nmar=3,FG_theta_zero_feeding,87,12,-99,4,3
0,7,100,100,0,360.01382686977706,0,0,0,0,661,D_pmar=0.054_dist=100_repair_6_males=4_nmar=3,FG_theta_zero_feeding,112,7,-99,4,3
0.054,4,0,0,0,359.54363871406304,0,0,0,0.6619572039689683,662,D_pmar=0.054_dist=100_repair_6_males=4_nmar=3,FG_theta_zero_feeding,64,5,-99,4,3
0,11,0,100,0,360.0856012851922,0,0,0,0,662,D_pmar=0.054_dist=100_repair_6_males=4_nmar=3,FG_theta_zero_feeding,129,11,-99,4,3
0.054,7,100,0,0,359.6053115668574,0,0,0,0.5605706533365066,662,D_pmar=0.054_dist=100_repair_6_males=4_nmar=3,FG_theta_zero_feeding,81,7,-99,4,3
0.054,14,100,100,0,359.48754600167257,0,0,0,0.6645328946453758,662,D_pmar=0.054_dist=100_repair_6_males=4_nmar=3,FG_theta_zero_feeding,81,14,-99,4,3
0.054,9,0,0,0,359.530771558385,0,0,0,0.5845131203515704,663,D_pmar=0.054_dist=100_repair_6_males=4_nmar=3,FG_theta_zero_feeding,82,9,-99,4,3
0,9,0,100,0,360.01485157353096,0,0,0,0,663,D_pmar=0.054_dist=100_repair_6_males=4_nmar=3,FG_theta_zero_feeding,129,9,-99,4,3
0.054,11,100,0,0,359.52640901475445,0,0,0,0.5937723796108297,663,D_pmar=0.054_dist=100_repair_6_males=4_nmar=3,FG_theta_zero_feeding,77,11,-99,4,3
0.054,7,100,100,0,359.52602371871876,0,0,0,0.7017062152542783,663,D_pmar=0.054_dist=100_repair_6_males=4_nmar=3,FG_theta_zero_feeding,75,7,-99,4,3
0.054,13,0,0,0,359.4572192831645,0,0,0,0.6276885916839986,664,D_pmar=0.054_dist=100_repair_6_males=4_nmar=3,FG_theta_zero_feeding,75,13,-99,4,3
0,10,0,100,0,360.022181955212,0,0,0,0,664,D_pmar=0.054_dist=100_repair_6_males=4_nmar=3,FG_theta_zero_feeding,123,10,-99,4,3
0.054,9,100,0,0,359.3421813092845,0,0,0,0.6619572039689683,664,D_pmar=0.054_dist=100_repair_6_males=4_nmar=3,FG_theta_zero_feeding,70,9,-99,4,3
0.054,4,100,100,0,359.54053356244583,0,0,0,0.5092592592592601,664,D_pmar=0.054_dist=100_repair_6_males=4_nmar=3,FG_theta_zero_feeding,75,4,-99,4,3
0.054,12,0,0,0,359.41817777083327,0,0,0,0.5972222222222234,665,D_pmar=0.054_dist=100_repair_6_males=4_nmar=3,FG_theta_zero_feeding,81,12,-99,4,3
0.054,12,0,100,0,359.51133652856805,0,0,0,0.6507802893283521,665,D_pmar=0.054_dist=100_repair_6_males=4_nmar=3,FG_theta_zero_feeding,98,12,-99,4,3
0.054,4,100,0,0,359.5665047064154,0,0,0,0.7505782022269821,665,D_pmar=0.054_dist=100_repair_6_males=4_nmar=3,FG_theta_zero_feeding,86,4,-99,4,3
0,8,100,100,0,360.0742567589146,0,0,0,0,665,D_pmar=0.054_dist=100_repair_6_males=4_nmar=3,FG_theta_zero_feeding,129,8,-99,4,3
0,9,0,0,0,360.0690610869379,0,0,0,0,666,D_pmar=0.054_dist=100_repair_6_males=4_nmar=3,FG_theta_zero_feeding,105,9,-99,4,3
0.054,10,0,100,0,359.7191360354132,0,0,0,0.4861111111111119,666,D_pmar=0.054_dist=100_repair_6_males=4_nmar=3,FG_theta_zero_feeding,103,10,-99,4,3
0.054,7,100,0,0,359.45515537962046,0,0,0,0.6208122890254869,666,D_pmar=0.054_dist=100_repair_6_males=4_nmar=3,FG_theta_zero_feeding,83,7,-99,4,3
0.054,10,100,100,0,359.2730933170128,0,0,0,0.7382779510719248,666,D_pmar=0.054_dist=100_repair_6_males=4_nmar=3,FG_theta_zero_feeding,62,10,-99,4,3
0,9,0,0,0,360.0389674201843,0,0,0,0,667,D_pmar=0.054_dist=100_repair_6_males=4_nmar=3,FG_theta_zero_feeding,116,9,-99,4,3
0.054,7,0,100,0,359.51908110275235,0,0,0,0.6118255969099582,667,D_pmar=0.054_dist=100_repair_6_males=4_nmar=3,FG_theta_zero_feeding,78,7,-99,4,3
0.054,7,100,0,0,359.4398620518578,0,0,0,0.5648148148148159,667,D_pmar=0.054_dist=100_repair_6_males=4_nmar=3,FG_theta_zero_feeding,75,7,-99,4,3
0.054,13,100,100,0,359.5212499012623,0,0,0,0.6434951359542446,667,D_pmar=0.054_dist=100_repair_6_males=4_nmar=3,FG_theta_zero_feeding,79,13,-99,4,3
0.054,11,0,0,0,359.62135847292456,0,0,0,0.6774347305916888,668,D_pmar=0.054_dist=100_repair_6_males=4_nmar=3,FG_theta_zero_feeding,83,11,-99,4,3
0.054,10,0,100,0,359.46017181946956,0,0,0,0.7039528882831603,668,D_pmar=0.054_dist=100_repair_6_males=4_nmar=3,FG_theta_zero_feeding,91,10,-99,4,3
0.054,7,100,0,0,359.40504986387907,0,0,0,0.621879175036133,668,D_pmar=0.054_dist=100_repair_6_males=4_nmar=3,FG_theta_zero_feeding,78,7,-99,4,3
0,8,100,100,0,360.0604262634325,0,0,0,0,668,D_pmar=0.054_dist=100_repair_6_males=4_nmar=3,FG_theta_zero_feeding,131,8,-99,4,3
0.054,3,0,0,0,359.4349037821723,0,0,0,0.6357680639250219,669,D_pmar=0.054_dist=100_repair_6_males=4_nmar=3,FG_theta_zero_feeding,82,4,-99,4,3
0.054,13,0,100,0,359.23915503844376,0,1,0.1,0.7675645335154638,669,D_pmar=0.054_dist=100_repair_6_males=4_nmar=3,FG_theta_zero_feeding,75,13,-99,4,3
0,7,100,0,0,360.02170813860903,0,0,0,0,669,D_pmar=0.054_dist=100_repair_6_males=4_nmar=3,FG_theta_zero_feeding,135,7,-99,4,3
0.054,13,100,100,0,353.50228756102644,6.038777356006041,0,0,0.5740740740740752,669,D_pmar=0.054_dist=100_repair_6_males=4_nmar=3,FG_theta_zero_feeding,85,13,-99,4,3
0.054,11,0,0,0,359.5799684692429,0,0,0,0.5833333333333345,66,D_pmar=0.054_dist=100_repair_6_males=4_nmar=3,FG_theta_zero_feeding,80,11,-99,4,3
0.054,7,0,100,0,359.3133480168314,0,0,0,0.7255688492012717,66,D_pmar=0.054_dist=100_repair_6_males=4_nmar=3,FG_theta_zero_feeding,80,7,-99,4,3
0,7,100,0,0,360.06564614395955,0,0,0,0,66,D_pmar=0.054_dist=100_repair_6_males=4_nmar=3,FG_theta_zero_feeding,106,7,-99,4,3
0.054,11,100,100,0,359.63078971033724,0,0,0,0.5905951041431665,66,D_pmar=0.054_dist=100_repair_6_males=4_nmar=3,FG_theta_zero_feeding,95,11,-99,4,3
0.054,7,0,0,0,353.26878590431835,6.155889833376547,0,0,0.6113602956905674,670,D_pmar=0.054_dist=100_repair_6_males=4_nmar=3,FG_theta_zero_feeding,64,7,-99,4,3
0.054,9,0,100,0,359.4748930953827,0,1,0.1,0.5509259259259269,670,D_pmar=0.054_dist=100_repair_6_males=4_nmar=3,FG_theta_zero_feeding,96,9,-99,4,3
0.054,8,100,0,0,359.46787596507255,0,0,0,0.595882769067847,670,D_pmar=0.054_dist=100_repair_6_males=4_nmar=3,FG_theta_zero_feeding,82,8,-99,4,3
0,12,100,100,0,360.15726613913125,0,0,0,0,670,D_pmar=0.054_dist=100_repair_6_males=4_nmar=3,FG_theta_zero_feeding,98,12,-99,4,3
0.054,9,0,0,0,359.4040005941196,0,0,0,0.661877370900898,671,D_pmar=0.054_dist=100_repair_6_males=4_nmar=3,FG_theta_zero_feeding,66,9,-99,4,3
0.054,11,0,100,0,359.4170048706456,0,0,0,0.6273031235326784,671,D_pmar=0.054_dist=100_repair_6_males=4_nmar=3,FG_theta_zero_feeding,75,11,-99,4,3
0.054,7,100,0,0,359.5137819640532,0,0,0,0.5918547242294729,671,D_pmar=0.054_dist=100_repair_6_males=4_nmar=3,FG_theta_zero_feeding,82,7,-99,4,3
0,9,100,100,0,360.28347155085424,0,0,0,0,671,D_pmar=0.054_dist=100_repair_6_males=4_nmar=3,FG_theta_zero_feeding,122,9,-99,4,3
0.054,11,0,0,0,353.36395546947824,6.1624034843670374,0,0,0.5787037037037048,672,D_pmar=0.054_dist=100_repair_6_males=4_nmar=3,FG_theta_zero_feeding,93,11,-99,4,3
0.054,7,0,100,0,359.1901589926671,0,1,0.1,0.7401956064532816,672,D_pmar=0.054_dist=100_repair_6_males=4_nmar=3,FG_theta_zero_feeding,98,7,-99,4,3
0,9,100,0,0,360.1380885656167,0,0,0,0,672,D_pmar=0.054_dist=100_repair_6_males=4_nmar=3,FG_theta_zero_feeding,133,9,-99,4,3
0.054,9,100,100,0,359.26846262416916,0,0,0,0.8592265236692759,672,D_pmar=0.054_dist=100_repair_6_males=4_nmar=3,FG_theta_zero_feeding,86,9,-99,4,3
0.054,9,0,0,0,359.6315028374398,0,0,0,0.5941013972583551,673,D_pmar=0.054_dist=100_repair_6_males=4_nmar=3,FG_theta_zero_feeding,74,9,-99,4,3
0.054,7,0,100,0,359.4483614397104,0,0,0,0.6057436131183619,673,D_pmar=0.054_dist=100_repair_6_males=4_nmar=3,FG_theta_zero_feeding,77,7,-99,4,3
0,7,100,0,0,360.09915789832763,0,0,0,0,673,D_pmar=0.054_dist=100_repair_6_males=4_nmar=3,FG_theta_zero_feeding,108,7,-99,4,3
0.054,13,100,100,0,359.5838560458459,0,0,0,0.5675832395668836,673,D_pmar=0.054_dist=100_repair_6_males=4_nmar=3,FG_theta_zero_feeding,83,13,-99,4,3
0.054,6,0,0,0,359.3071121780397,0,0,0,0.72359474331612,674,D_pmar=0.054_dist=100_repair_6_males=4_nmar=3,FG_theta_zero_feeding,103,6,-99,4,3
0.054,10,0,100,0,359.4628027953157,0,0,0,0.615740740740742,674,D_pmar=0.054_dist=100_repair_6_males=4_nmar=3,FG_theta_zero_feeding,92,10,-99,4,3
0,14,100,0,0,360.0086247780856,0,0,0,0,674,D_pmar=0.054_dist=100_repair_6_males=4_nmar=3,FG_theta_zero_feeding,132,14,-99,4,3
0.054,6,100,100,0,359.3022405257325,0,0,0,0.869280101795451,674,D_pmar=0.054_dist=100_repair_6_males=4_nmar=3,FG_theta_zero_feeding,90,6,-99,4,3
0.054,9,0,0,0,353.2058542654591,6.1018287615690046,1,0.1,0.7055415260169919,675,D_pmar=0.054_dist=100_repair_6_males=4_nmar=3,FG_theta_zero_feeding,77,9,-99,4,3
0,9,0,100,0,360.1517390092301,0,0,0,0,675,D_pmar=0.054_dist=100_repair_6_males=4_nmar=3,FG_theta_zero_feeding,125,9,-99,4,3
0.054,11,100,0,0,359.4885574821209,0,0,0,0.523148148148149,675,D_pmar=0.054_dist=100_repair_6_males=4_nmar=3,FG_theta_zero_feeding,79,11,-99,4,3
0.054,7,100,100,0,353.20869073840504,6.246462622969123,1,0.1,0.577035232901803,675,D_pmar=0.054_dist=100_repair_6_males=4_nmar=3,FG_theta_zero_feeding,73,7,-99,4,3
0,9,0,0,0,360.1205024359286,0,0,0,0,676,D_pmar=0.054_dist=100_repair_6_males=4_nmar=3,FG_theta_zero_feeding,96,9,-99,4,3
0.054,8,0,100,0,359.45759702505285,0,0,0,0.6103732427479914,676,D_pmar=0.054_dist=100_repair_6_males=4_nmar=3,FG_theta_zero_feeding,76,8,-99,4,3
0.054,10,100,0,0,359.62707569368956,0,0,0,0.630809416647867,676,D_pmar=0.054_dist=100_repair_6_males=4_nmar=3,FG_theta_zero_feeding,87,10,-99,4,3
0.054,9,100,100,0,359.5037681832983,0,0,0,0.537037037037038,676,D_pmar=0.054_dist=100_repair_6_males=4_nmar=3,FG_theta_zero_feeding,99,9,-99,4,3
0.054,7,0,0,0,359.4699019893491,0,0,0,0.5787037037037048,677,D_pmar=0.054_dist=100_repair_6_males=4_nmar=3,FG_theta_zero_feeding,75,7,-99,4,3
0,10,0,100,0,360.058986935446,0,0,0,0,677,D_pmar=0.054_dist=100_repair_6_males=4_nmar=3,FG_theta_zero_feeding,125,10,-99,4,3
0.054,9,100,0,0,359.4523729143684,0,0,0,0.6334415578280694,677,D_pmar=0.054_dist=100_repair_6_males=4_nmar=3,FG_theta_zero_feeding,79,9,-99,4,3
0.054,10,100,100,0,359.43466550110924,0,0,0,0.6346447274105809,677,D_pmar=0.054_dist=100_repair_6_males=4_nmar=3,FG_theta_zero_feeding,76,10,-99,4,3
0.054,9,0,0,0,353.27505612562993,6.004172383683693,1,0.1,0.6276321411802038,678,D_pmar=0.054_dist=100_repair_6_males=4_nmar=3,FG_theta_zero_feeding,77,11,-99,4,3
0,6,0,100,0,360.0048155989078,0,0,0,0,678,D_pmar=0.054_dist=100_repair_6_males=4_nmar=3,FG_theta_zero_feeding,122,6,-99,4,3
0.054,10,100,0,0,359.5627803384282,0,0,0,0.542052134817988,678,D_pmar=0.054_dist=100_repair_6_males=4_nmar=3,FG_theta_zero_feeding,72,10,-99,4,3
0.054,11,100,100,0,353.28701438586614,6.065622185318953,1,0.1,0.5972222222222234,678,D_pmar=0.054_dist=100_repair_6_males=4_nmar=3,FG_theta_zero_feeding,80,11,-99,4,3
0,11,0,0,0,360.27152389055084,0,0,0,0,679,D_pmar=0.054_dist=100_repair_6_males=4_nmar=3,FG_theta_zero_feeding,125,11,-99,4,3
0.054,8,0,100,0,347.2139066253241,12.147136239880266,2,0.2,0.4675925925925933,679,D_pmar=0.054_dist=100_repair_6_males=4_nmar=3,FG_theta_zero_feeding,82,9,-99,4,3
0.054,9,100,0,0,359.3486630179328,0,1,0.1,0.7902473804442216,679,D_pmar=0.054_dist=100_repair_6_males=4_nmar=3,FG_theta_zero_feeding,84,9,-99,4,3
0.054,8,100,100,0,347.1933519423182,12.185412305623377,1,0.1,0.6688335066274801,679,D_pmar=0.054_dist=100_repair_6_males=4_nmar=3,FG_theta_zero_feeding,68,9,-99,4,3
0,8,0,0,0,360.0208485794478,0,0,0,0,67,D_pmar=0.054_dist=100_repair_6_males=4_nmar=3,FG_theta_zero_feeding,112,8,-99,4,3
0.054,8,0,100,0,359.4261328058037,0,0,0,0.6534922635766249,67,D_pmar=0.054_dist=100_repair_6_males=4_nmar=3,FG_theta_zero_feeding,68,8,-99,4,3
0.054,7,100,0,0,359.48246350301844,0,0,0,0.557064360221318,67,D_pmar=0.054_dist=100_repair_6_males=4_nmar=3,FG_theta_zero_feeding,72,7,-99,4,3
0.054,13,100,100,0,359.77694503617437,0,0,0,0.48148148148148223,67,D_pmar=0.054_dist=100_repair_6_males=4_nmar=3,FG_theta_zero_feeding,82,13,-99,4,3
0.054,6,0,0,0,359.4910473369855,0,0,0,0.637685719306379,680,D_pmar=0.054_dist=100_repair_6_males=4_nmar=3,FG_theta_zero_feeding,67,6,-99,4,3
0,11,0,100,0,360.0064592080759,0,0,0,0,680,D_pmar=0.054_dist=100_repair_6_males=4_nmar=3,FG_theta_zero_feeding,126,11,-99,4,3
0.054,11,100,0,0,359.47004910065004,0,0,0,0.6091136226616852,680,D_pmar=0.054_dist=100_repair_6_males=4_nmar=3,FG_theta_zero_feeding,86,11,-99,4,3
0.054,8,100,100,0,359.5322904786277,0,0,0,0.5462962962962973,680,D_pmar=0.054_dist=100_repair_6_males=4_nmar=3,FG_theta_zero_feeding,76,8,-99,4,3
0.054,7,0,0,0,359.60894759348633,0,0,0,0.4953703703703712,681,D_pmar=0.054_dist=100_repair_6_males=4_nmar=3,FG_theta_zero_feeding,75,7,-99,4,3
0.054,9,0,100,0,359.2777201880722,0,0,0,0.781453422404353,681,D_pmar=0.054_dist=100_repair_6_males=4_nmar=3,FG_theta_zero_feeding,62,9,-99,4,3
0.054,10,100,0,0,359.5549644489293,0,0,0,0.5027684247520686,681,D_pmar=0.054_dist=100_repair_6_males=4_nmar=3,FG_theta_zero_feeding,84,10,-99,4,3
0,10,100,100,0,360.05264747937423,0,0,0,0,681,D_pmar=0.054_dist=100_repair_6_males=4_nmar=3,FG_theta_zero_feeding,117,10,-99,4,3
0.054,9,0,0,0,359.5503032268032,0,0,0,0.4769083023556476,682,D_pmar=0.054_dist=100_repair_6_males=4_nmar=3,FG_theta_zero_feeding,71,9,-99,4,3
0.054,6,0,100,0,359.4098859735014,0,0,0,0.675517075210332,682,D_pmar=0.054_dist=100_repair_6_males=4_nmar=3,FG_theta_zero_feeding,66,6,-99,4,3
0.054,8,100,0,0,359.54910552820104,0,0,0,0.6345084438387156,682,D_pmar=0.054_dist=100_repair_6_males=4_nmar=3,FG_theta_zero_feeding,82,8,-99,4,3
0,13,100,100,0,360.0812666546325,0,0,0,0,682,D_pmar=0.054_dist=100_repair_6_males=4_nmar=3,FG_theta_zero_feeding,121,13,-99,4,3
0.054,9,0,0,0,359.51257010305335,0,0,0,0.5138888888888897,683,D_pmar=0.054_dist=100_repair_6_males=4_nmar=3,FG_theta_zero_feeding,77,9,-99,4,3
0.054,8,0,100,0,359.69940332912967,0,0,0,0.6418500477166179,683,D_pmar=0.054_dist=100_repair_6_males=4_nmar=3,FG_theta_zero_feeding,77,8,-99,4,3
0,6,100,0,0,360.09199000079934,0,0,0,0,683,D_pmar=0.054_dist=100_repair_6_males=4_nmar=3,FG_theta_zero_feeding,121,6,-99,4,3
0.054,13,100,100,0,359.32023454869534,0,0,0,0.6908583182611873,683,D_pmar=0.054_dist=100_repair_6_males=4_nmar=3,FG_theta_zero_feeding,87,13,-99,4,3
0,6,0,0,0,360.3535339087879,0,0,0,0,684,D_pmar=0.054_dist=100_repair_6_males=4_nmar=3,FG_theta_zero_feeding,135,6,-99,4,3
0.054,11,0,100,0,359.3091965507602,0,0,0,0.696611284405258,684,D_pmar=0.054_dist=100_repair_6_males=4_nmar=3,FG_theta_zero_feeding,88,11,-99,4,3
0.054,10,100,0,0,359.2645105448359,0,0,0,0.8030129328186694,684,D_pmar=0.054_dist=100_repair_6_males=4_nmar=3,FG_theta_zero_feeding,91,10,-99,4,3
0.054,9,100,100,0,359.4658257493492,0,0,0,0.65382128122415,684,D_pmar=0.054_dist=100_repair_6_males=4_nmar=3,FG_theta_zero_feeding,77,9,-99,4,3
0.054,10,0,0,0,359.351853954452,0,0,0,0.747537210331184,685,D_pmar=0.054_dist=100_repair_6_males=4_nmar=3,FG_theta_zero_feeding,77,10,-99,4,3
0.054,12,0,100,0,359.4701329538273,0,0,0,0.6593016802244904,685,D_pmar=0.054_dist=100_repair_6_males=4_nmar=3,FG_theta_zero_feeding,95,12,-99,4,3
0.054,10,100,0,0,359.5888527190641,0,0,0,0.656862273119948,685,D_pmar=0.054_dist=100_repair_6_males=4_nmar=3,FG_theta_zero_feeding,79,10,-99,4,3
0,4,100,100,0,360.09419359009576,0,0,0,0,685,D_pmar=0.054_dist=100_repair_6_males=4_nmar=3,FG_theta_zero_feeding,126,4,-99,4,3
0.054,12,0,0,0,353.3677748756714,6.203508273798288,0,0,0.5401344794366308,686,D_pmar=0.054_dist=100_repair_6_males=4_nmar=3,FG_theta_zero_feeding,87,12,-99,4,3
0.054,9,0,100,0,359.18192423065716,0,1,0.1,0.7509072198745075,686,D_pmar=0.054_dist=100_repair_6_males=4_nmar=3,FG_theta_zero_feeding,71,9,-99,4,3
0.054,9,100,0,0,359.4670867173751,0,0,0,0.5995253457549007,686,D_pmar=0.054_dist=100_repair_6_males=4_nmar=3,FG_theta_zero_feeding,90,9,-99,4,3
0,6,100,100,0,360.00263713834335,0,0,0,0,686,D_pmar=0.054_dist=100_repair_6_males=4_nmar=3,FG_theta_zero_feeding,109,6,-99,4,3
0.054,9,0,0,0,359.2047342562205,0,0,0,0.8453376347803869,687,D_pmar=0.054_dist=100_repair_6_males=4_nmar=3,FG_theta_zero_feeding,88,9,-99,4,3
0.054,10,0,100,0,359.35555734936514,0,0,0,0.7047472071500762,687,D_pmar=0.054_dist=100_repair_6_males=4_nmar=3,FG_theta_zero_feeding,82,10,-99,4,3
0,7,100,0,0,360.0685781995817,0,0,0,0,687,D_pmar=0.054_dist=100_repair_6_males=4_nmar=3,FG_theta_zero_feeding,138,7,-99,4,3
0.054,10,100,100,0,359.46452881454974,0,0,0,0.6399323923352611,687,D_pmar=0.054_dist=100_repair_6_males=4_nmar=3,FG_theta_zero_feeding,88,10,-99,4,3
0,12,0,0,0,360.1018459813688,0,0,0,0,688,D_pmar=0.054_dist=100_repair_6_males=4_nmar=3,FG_theta_zero_feeding,130,12,-99,4,3
0.054,8,0,100,0,353.27708896739034,6.160065880549039,0,0,0.6458780925549918,688,D_pmar=0.054_dist=100_repair_6_males=4_nmar=3,FG_theta_zero_feeding,91,8,-99,4,3
0.054,8,100,0,0,359.5148085039254,0,1,0.1,0.6481481481481496,688,D_pmar=0.054_dist=100_repair_6_males=4_nmar=3,FG_theta_zero_feeding,81,8,-99,4,3
0.054,8,100,100,0,359.45202292278026,0,0,0,0.6360970815725473,688,D_pmar=0.054_dist=100_repair_6_males=4_nmar=3,FG_theta_zero_feeding,71,8,-99,4,3
0.054,9,0,0,0,359.61524035168094,0,0,0,0.6699568431419212,689,D_pmar=0.054_dist=100_repair_6_males=4_nmar=3,FG_theta_zero_feeding,92,9,-99,4,3
0.054,9,0,100,0,353.36906085965467,6.0234357529268845,1,0.1,0.6421790653641433,689,D_pmar=0.054_dist=100_repair_6_males=4_nmar=3,FG_theta_zero_feeding,88,10,-99,4,3
0.054,8,100,0,0,353.2335759397206,6.14910744802049,1,0.1,0.5602416356889811,689,D_pmar=0.054_dist=100_repair_6_males=4_nmar=3,FG_theta_zero_feeding,67,8,-99,4,3
0,10,100,100,0,360.1352092658335,0,0,0,0,689,D_pmar=0.054_dist=100_repair_6_males=4_nmar=3,FG_theta_zero_feeding,104,10,-99,4,3
0.054,9,0,0,0,359.3562483020389,0,2,0.2,0.6927759736425441,68,D_pmar=0.054_dist=100_repair_6_males=4_nmar=3,FG_theta_zero_feeding,82,9,-99,4,3
0.054,9,0,100,0,353.49011818109307,6.1768914205607786,0,0,0.5046296296296304,68,D_pmar=0.054_dist=100_repair_6_males=4_nmar=3,FG_theta_zero_feeding,73,9,-99,4,3
0.054,13,100,0,0,353.4479869168308,6.257469980260806,0,0,0.6596306978720157,68,D_pmar=0.054_dist=100_repair_6_males=4_nmar=3,FG_theta_zero_feeding,82,13,-99,4,3
0,5,100,100,0,360.22440165504497,0,0,0,0,68,D_pmar=0.054_dist=100_repair_6_males=4_nmar=3,FG_theta_zero_feeding,114,5,-99,4,3
0.054,10,0,0,0,359.4353095688146,0,0,0,0.5821301637508233,690,D_pmar=0.054_dist=100_repair_6_males=4_nmar=3,FG_theta_zero_feeding,73,10,-99,4,3
0.054,11,0,100,0,347.3194710764575,12.114869401238794,1,0.1,0.5000000000000008,690,D_pmar=0.054_dist=100_repair_6_males=4_nmar=3,FG_theta_zero_feeding,75,11,-99,4,3
0,7,100,0,0,360.1372987502914,0,0,0,0,690,D_pmar=0.054_dist=100_repair_6_males=4_nmar=3,FG_theta_zero_feeding,110,7,-99,4,3
0.054,8,100,100,0,353.1795604451115,6.004754516237504,2,0.2,0.6816555095057228,690,D_pmar=0.054_dist=100_repair_6_males=4_nmar=3,FG_theta_zero_feeding,77,8,-99,4,3
0,11,0,0,0,360.19402554623576,0,0,0,0,691,D_pmar=0.054_dist=100_repair_6_males=4_nmar=3,FG_theta_zero_feeding,122,11,-99,4,3
0.054,10,0,100,0,353.4267666035379,6.06785067722099,0,0,0.6210848561692174,691,D_pmar=0.054_dist=100_repair_6_males=4_nmar=3,FG_theta_zero_feeding,68,10,-99,4,3
0.054,6,100,0,0,359.32967832398674,0,1,0.1,0.7517579892452182,691,D_pmar=0.054_dist=100_repair_6_males=4_nmar=3,FG_theta_zero_feeding,78,6,-99,4,3
0.054,9,100,100,0,359.46801460727653,0,0,0,0.5794181895025505,691,D_pmar=0.054_dist=100_repair_6_males=4_nmar=3,FG_theta_zero_feeding,87,9,-99,4,3
0,10,0,0,0,360.1453351093303,0,0,0,0,692,D_pmar=0.054_dist=100_repair_6_males=4_nmar=3,FG_theta_zero_feeding,110,10,-99,4,3
0.054,11,0,100,0,359.2965441420466,0,0,0,0.7760294739078074,692,D_pmar=0.054_dist=100_repair_6_males=4_nmar=3,FG_theta_zero_feeding,74,11,-99,4,3
0.054,8,100,0,0,359.43483506499786,0,0,0,0.5747885598729209,692,D_pmar=0.054_dist=100_repair_6_males=4_nmar=3,FG_theta_zero_feeding,108,8,-99,4,3
0.054,7,100,100,0,359.4158560774421,0,0,0,0.615740740740742,692,D_pmar=0.054_dist=100_repair_6_males=4_nmar=3,FG_theta_zero_feeding,81,7,-99,4,3
0.054,10,0,0,0,359.4971176141343,0,0,0,0.6523689270621836,693,D_pmar=0.054_dist=100_repair_6_males=4_nmar=3,FG_theta_zero_feeding,85,10,-99,4,3
0,13,0,100,0,360.2621777043386,0,0,0,0,693,D_pmar=0.054_dist=100_repair_6_males=4_nmar=3,FG_theta_zero_feeding,130,13,-99,4,3
0.054,10,100,0,0,359.31510221298936,0,0,0,0.6858198379159619,693,D_pmar=0.054_dist=100_repair_6_males=4_nmar=3,FG_theta_zero_feeding,78,10,-99,4,3
0.054,3,100,100,0,359.48347048350956,0,0,0,0.6823933778688438,693,D_pmar=0.054_dist=100_repair_6_males=4_nmar=3,FG_theta_zero_feeding,78,3,-99,4,3
0,9,0,0,0,360.01245033604766,0,0,0,0,694,D_pmar=0.054_dist=100_repair_6_males=4_nmar=3,FG_theta_zero_feeding,110,9,-99,4,3
0.054,8,0,100,0,353.3153567340309,6.149662611943267,0,0,0.6150028723776212,694,D_pmar=0.054_dist=100_repair_6_males=4_nmar=3,FG_theta_zero_feeding,66,8,-99,4,3
0.054,8,100,0,0,359.371845095989,0,1,0.1,0.6273031235326785,694,D_pmar=0.054_dist=100_repair_6_males=4_nmar=3,FG_theta_zero_feeding,88,8,-99,4,3
0.054,11,100,100,0,359.47578315991376,0,0,0,0.5586529979551497,694,D_pmar=0.054_dist=100_repair_6_males=4_nmar=3,FG_theta_zero_feeding,84,11,-99,4,3
0.054,5,0,0,0,359.49682732048603,0,0,0,0.6434386854504497,695,D_pmar=0.054_dist=100_repair_6_males=4_nmar=3,FG_theta_zero_feeding,75,5,-99,4,3
0.054,12,0,100,0,353.11845503524063,6.238511170120719,1,0.1,0.6442330043173655,695,D_pmar=0.054_dist=100_repair_6_males=4_nmar=3,FG_theta_zero_feeding,94,12,-99,4,3
0,8,100,0,0,360.03105472226673,0,0,0,0,695,D_pmar=0.054_dist=100_repair_6_males=4_nmar=3,FG_theta_zero_feeding,105,8,-99,4,3
0.054,11,100,100,0,353.39475367586624,6.103221026145807,1,0.1,0.5953610173446614,695,D_pmar=0.054_dist=100_repair_6_males=4_nmar=3,FG_theta_zero_feeding,88,11,-99,4,3
0.054,8,0,0,0,359.30801633709353,0,0,0,0.7035440375675647,696,D_pmar=0.054_dist=100_repair_6_males=4_nmar=3,FG_theta_zero_feeding,68,8,-99,4,3
0,8,0,100,0,360.16301768764293,0,0,0,0,696,D_pmar=0.054_dist=100_repair_6_males=4_nmar=3,FG_theta_zero_feeding,154,8,-99,4,3
0.054,8,100,0,0,359.5073486622154,0,0,0,0.5925925925925938,696,D_pmar=0.054_dist=100_repair_6_males=4_nmar=3,FG_theta_zero_feeding,74,8,-99,4,3
0.054,12,100,100,0,359.35532432041794,0,0,0,0.6630805404834094,696,D_pmar=0.054_dist=100_repair_6_males=4_nmar=3,FG_theta_zero_feeding,75,12,-99,4,3
0,8,0,0,0,360.0679667963501,0,0,0,0,697,D_pmar=0.054_dist=100_repair_6_males=4_nmar=3,FG_theta_zero_feeding,118,8,-99,4,3
0.054,7,0,100,0,359.6803885835264,0,0,0,0.5462962962962973,697,D_pmar=0.054_dist=100_repair_6_males=4_nmar=3,FG_theta_zero_feeding,88,7,-99,4,3
0.054,13,100,0,0,359.4299348936294,0,0,0,0.7059269941683123,697,D_pmar=0.054_dist=100_repair_6_males=4_nmar=3,FG_theta_zero_feeding,75,13,-99,4,3
0.054,8,100,100,0,359.5598597312076,0,0,0,0.6292207789140355,697,D_pmar=0.054_dist=100_repair_6_males=4_nmar=3,FG_theta_zero_feeding,79,8,-99,4,3
0.054,12,0,0,0,359.56919288586,0,0,0,0.6095789238810757,698,D_pmar=0.054_dist=100_repair_6_males=4_nmar=3,FG_theta_zero_feeding,73,12,-99,4,3
0.054,10,0,100,0,359.574283559213,0,0,0,0.6716817644476182,698,D_pmar=0.054_dist=100_repair_6_males=4_nmar=3,FG_theta_zero_feeding,86,10,-99,4,3
0,6,100,0,0,360.02682136248444,0,0,0,0,698,D_pmar=0.054_dist=100_repair_6_males=4_nmar=3,FG_theta_zero_feeding,119,6,-99,4,3
0.054,8,100,100,0,359.4454698098875,0,0,0,0.569092044232645,698,D_pmar=0.054_dist=100_repair_6_males=4_nmar=3,FG_theta_zero_feeding,67,8,-99,4,3
0,7,0,0,0,360.0669349541167,0,0,0,0,699,D_pmar=0.054_dist=100_repair_6_males=4_nmar=3,FG_theta_zero_feeding,115,7,-99,4,3
0.054,9,0,100,0,359.571460909433,0,0,0,0.5601851851851862,699,D_pmar=0.054_dist=100_repair_6_males=4_nmar=3,FG_theta_zero_feeding,90,9,-99,4,3
0.054,9,100,0,0,359.3571526633416,0,0,0,0.7771528104222485,699,D_pmar=0.054_dist=100_repair_6_males=4_nmar=3,FG_theta_zero_feeding,76,9,-99,4,3
0.054,11,100,100,0,359.69573432564897,0,0,0,0.6504512716808268,699,D_pmar=0.054_dist=100_repair_6_males=4_nmar=3,FG_theta_zero_feeding,97,11,-99,4,3
0,8,0,0,0,360.04571819242864,0,0,0,0,69,D_pmar=0.054_dist=100_repair_6_males=4_nmar=3,FG_theta_zero_feeding,109,8,-99,4,3
0.054,9,0,100,0,353.23849496284345,6.096916471251476,1,0.1,0.6019083023556481,69,D_pmar=0.054_dist=100_repair_6_males=4_nmar=3,FG_theta_zero_feeding,79,10,-99,4,3
0.054,13,100,0,0,359.35360636562234,0,0,0,0.6530834128610292,69,D_pmar=0.054_dist=100_repair_6_males=4_nmar=3,FG_theta_zero_feeding,76,13,-99,4,3
0.054,6,100,100,0,353.2321698997605,6.227846293477877,1,0.1,0.6549446177385913,69,D_pmar=0.054_dist=100_repair_6_males=4_nmar=3,FG_theta_zero_feeding,86,7,-99,4,3
0,10,0,0,0,360.13779612615764,0,0,0,0,700,D_pmar=0.054_dist=100_repair_6_males=4_nmar=3,FG_theta_zero_feeding,135,10,-99,4,3
0.054,7,0,100,0,359.4692750454777,0,0,0,0.6820643602213186,700,D_pmar=0.054_dist=100_repair_6_males=4_nmar=3,FG_theta_zero_feeding,68,7,-99,4,3
0.054,6,100,0,0,359.54007811859225,0,0,0,0.5694444444444455,700,D_pmar=0.054_dist=100_repair_6_males=4_nmar=3,FG_theta_zero_feeding,89,6,-99,4,3
0.054,13,100,100,0,359.35004194317554,0,0,0,0.696996752556578,700,D_pmar=0.054_dist=100_repair_6_males=4_nmar=3,FG_theta_zero_feeding,80,13,-99,4,3
0.054,10,0,0,0,353.14328562993893,6.081030625186612,1,0.1,0.6935702925094599,701,D_pmar=0.054_dist=100_repair_6_males=4_nmar=3,FG_theta_zero_feeding,86,10,-99,4,3
0,8,0,100,0,360.05557196861133,0,0,0,0,701,D_pmar=0.054_dist=100_repair_6_males=4_nmar=3,FG_theta_zero_feeding,139,8,-99,4,3
0.054,10,100,0,0,359.20437575942293,0,0,0,0.81339552859237,701,D_pmar=0.054_dist=100_repair_6_males=4_nmar=3,FG_theta_zero_feeding,80,10,-99,4,3
0.054,8,100,100,0,353.25923735667703,6.141937833359411,1,0.1,0.649656952813911,701,D_pmar=0.054_dist=100_repair_6_males=4_nmar=3,FG_theta_zero_feeding,90,8,-99,4,3
0.054,9,0,0,0,359.4266965840498,0,0,0,0.694693629023901,702,D_pmar=0.054_dist=100_repair_6_males=4_nmar=3,FG_theta_zero_feeding,73,9,-99,4,3
0.054,9,0,100,0,359.5153071868033,0,0,0,0.5123567016588532,702,D_pmar=0.054_dist=100_repair_6_males=4_nmar=3,FG_theta_zero_feeding,78,9,-99,4,3
0,10,100,0,0,360.0896934165038,0,0,0,0,702,D_pmar=0.054_dist=100_repair_6_males=4_nmar=3,FG_theta_zero_feeding,115,10,-99,4,3
0.054,8,100,100,0,359.78009375848654,0,0,0,0.5755828787398366,702,D_pmar=0.054_dist=100_repair_6_males=4_nmar=3,FG_theta_zero_feeding,71,8,-99,4,3
0.054,7,0,0,0,359.50460284808247,0,0,0,0.6630805404834094,703,D_pmar=0.054_dist=100_repair_6_males=4_nmar=3,FG_theta_zero_feeding,75,7,-99,4,3
0,9,0,100,0,360.17568896655126,0,0,0,0,703,D_pmar=0.054_dist=100_repair_6_males=4_nmar=3,FG_theta_zero_feeding,109,9,-99,4,3
0.054,10,100,0,0,359.35180303120205,0,1,0.1,0.6942847783083055,703,D_pmar=0.054_dist=100_repair_6_males=4_nmar=3,FG_theta_zero_feeding,86,10,-99,4,3
0.054,10,100,100,0,353.383891700767,6.001004918321793,0,0,0.640726711202177,703,D_pmar=0.054_dist=100_repair_6_males=4_nmar=3,FG_theta_zero_feeding,92,11,-99,4,3
0,10,0,0,0,360.03961236400846,0,0,0,0,704,D_pmar=0.054_dist=100_repair_6_males=4_nmar=3,FG_theta_zero_feeding,119,10,-99,4,3
0.054,7,0,100,0,359.60310892515713,0,0,0,0.6183728819209445,704,D_pmar=0.054_dist=100_repair_6_males=4_nmar=3,FG_theta_zero_feeding,85,7,-99,4,3
0.054,6,100,0,0,359.5503083885635,0,0,0,0.5806778095888567,704,D_pmar=0.054_dist=100_repair_6_males=4_nmar=3,FG_theta_zero_feeding,59,6,-99,4,3
0.054,13,100,100,0,359.46062482011814,0,0,0,0.5583239803076242,704,D_pmar=0.054_dist=100_repair_6_males=4_nmar=3,FG_theta_zero_feeding,76,13,-99,4,3
0.054,9,0,0,0,359.5487923351511,0,0,0,0.5937723796108298,705,D_pmar=0.054_dist=100_repair_6_males=4_nmar=3,FG_theta_zero_feeding,74,9,-99,4,3
0.054,5,0,100,0,359.494134347358,0,0,0,0.7147209522081809,705,D_pmar=0.054_dist=100_repair_6_males=4_nmar=3,FG_theta_zero_feeding,77,5,-99,4,3
0,13,100,0,0,360.0157900176449,0,0,0,0,705,D_pmar=0.054_dist=100_repair_6_males=4_nmar=3,FG_theta_zero_feeding,117,13,-99,4,3
0.054,9,100,100,0,359.58929680056997,0,0,0,0.5138888888888897,705,D_pmar=0.054_dist=100_repair_6_males=4_nmar=3,FG_theta_zero_feeding,78,9,-99,4,3
0.054,8,0,0,0,359.5017199877869,0,0,0,0.6022373200031732,706,D_pmar=0.054_dist=100_repair_6_males=4_nmar=3,FG_theta_zero_feeding,95,8,-99,4,3
0,12,0,100,0,360.1160562986209,0,0,0,0,706,D_pmar=0.054_dist=100_repair_6_males=4_nmar=3,FG_theta_zero_feeding,118,12,-99,4,3
0.054,8,100,0,0,359.2752611165332,0,0,0,0.7512926880258275,706,D_pmar=0.054_dist=100_repair_6_males=4_nmar=3,FG_theta_zero_feeding,71,8,-99,4,3
0.054,8,100,100,0,359.61674265958527,0,0,0,0.7098421379990963,706,D_pmar=0.054_dist=100_repair_6_males=4_nmar=3,FG_theta_zero_feeding,95,8,-99,4,3
0.054,8,0,0,0,359.37671526177144,0,0,0,0.6830514131638944,707,D_pmar=0.054_dist=100_repair_6_males=4_nmar=3,FG_theta_zero_feeding,79,8,-99,4,3
0.054,9,0,100,0,359.5664955918384,0,0,0,0.6739284374765002,707,D_pmar=0.054_dist=100_repair_6_males=4_nmar=3,FG_theta_zero_feeding,79,9,-99,4,3
0,8,100,0,0,360.15552671436353,0,0,0,0,707,D_pmar=0.054_dist=100_repair_6_males=4_nmar=3,FG_theta_zero_feeding,104,8,-99,4,3
0.054,11,100,100,0,359.67153330213466,0,0,0,0.5878831298948939,707,D_pmar=0.054_dist=100_repair_6_males=4_nmar=3,FG_theta_zero_feeding,103,11,-99,4,3
0.054,6,0,0,0,359.44339287112564,0,1,0.1,0.5548176871924356,708,D_pmar=0.054_dist=100_repair_6_males=4_nmar=3,FG_theta_zero_feeding,66,6,-99,4,3
0.054,7,0,100,0,353.1122046321008,6.128429639118573,1,0.1,0.7012973645386825,708,D_pmar=0.054_dist=100_repair_6_males=4_nmar=3,FG_theta_zero_feeding,69,8,-99,4,3
0.054,12,100,0,0,347.4177956668435,12.037679979003872,1,0.1,0.49074074074074153,708,D_pmar=0.054_dist=100_repair_6_males=4_nmar=3,FG_theta_zero_feeding,81,14,-99,4,3
0,11,100,100,0,360.00737470162494,0,0,0,0,708,D_pmar=0.054_dist=100_repair_6_males=4_nmar=3,FG_theta_zero_feeding,117,11,-99,4,3
0.054,8,0,0,0,353.53916122334846,6.031362410107492,0,0,0.5833333333333345,709,D_pmar=0.054_dist=100_repair_6_males=4_nmar=3,FG_theta_zero_feeding,78,8,-99,4,3
0.054,9,0,100,0,359.41592983855145,0,1,0.1,0.6746429232753458,709,D_pmar=0.054_dist=100_repair_6_males=4_nmar=3,FG_theta_zero_feeding,94,9,-99,4,3
0.054,9,100,0,0,359.42052419101384,0,0,0,0.6638748593503251,709,D_pmar=0.054_dist=100_repair_6_males=4_nmar=3,FG_theta_zero_feeding,71,9,-99,4,3
0,10,100,100,0,360.093212474155,0,0,0,0,709,D_pmar=0.054_dist=100_repair_6_males=4_nmar=3,FG_theta_zero_feeding,122,10,-99,4,3
0.054,7,0,0,0,359.49820904315425,0,0,0,0.6087846050141599,70,D_pmar=0.054_dist=100_repair_6_males=4_nmar=3,FG_theta_zero_feeding,80,7,-99,4,3
0,12,0,100,0,360.06665353341845,0,0,0,0,70,D_pmar=0.054_dist=100_repair_6_males=4_nmar=3,FG_theta_zero_feeding,114,12,-99,4,3
0.054,6,100,0,0,359.501510559294,0,0,0,0.5416666666666676,70,D_pmar=0.054_dist=100_repair_6_males=4_nmar=3,FG_theta_zero_feeding,84,6,-99,4,3
0.054,11,100,100,0,359.3780471302025,0,0,0,0.6638748593503252,70,D_pmar=0.054_dist=100_repair_6_males=4_nmar=3,FG_theta_zero_feeding,82,11,-99,4,3
0.054,6,0,0,0,359.31798998772274,0,1,0.1,0.5833099507690592,710,D_pmar=0.054_dist=100_repair_6_males=4_nmar=3,FG_theta_zero_feeding,65,6,-99,4,3
0.054,12,0,100,0,359.70494783986436,0,0,0,0.5416666666666676,710,D_pmar=0.054_dist=100_repair_6_males=4_nmar=3,FG_theta_zero_feeding,69,12,-99,4,3
0,6,100,0,0,360.0718482776691,0,0,0,0,710,D_pmar=0.054_dist=100_repair_6_males=4_nmar=3,FG_theta_zero_feeding,114,6,-99,4,3
0.054,12,100,100,0,353.3440347667362,6.103831413063544,0,0,0.6011139834887324,710,D_pmar=0.054_dist=100_repair_6_males=4_nmar=3,FG_theta_zero_feeding,83,13,-99,4,3
0.054,8,0,0,0,359.40744393620486,0,0,0,0.6150028723776212,711,D_pmar=0.054_dist=100_repair_6_males=4_nmar=3,FG_theta_zero_feeding,92,8,-99,4,3
0.054,6,0,100,0,359.215692575286,0,0,0,0.8271481339093936,711,D_pmar=0.054_dist=100_repair_6_males=4_nmar=3,FG_theta_zero_feeding,77,6,-99,4,3
0,9,100,0,0,360.0046192849167,0,0,0,0,711,D_pmar=0.054_dist=100_repair_6_males=4_nmar=3,FG_theta_zero_feeding,137,9,-99,4,3
0.054,13,100,100,0,359.3900575872788,0,0,0,0.615740740740742,711,D_pmar=0.054_dist=100_repair_6_males=4_nmar=3,FG_theta_zero_feeding,83,13,-99,4,3
0.054,9,0,0,0,359.34973903291365,0,0,0,0.7710708266306524,712,D_pmar=0.054_dist=100_repair_6_males=4_nmar=3,FG_theta_zero_feeding,85,9,-99,4,3
0.054,11,0,100,0,359.7156755239255,0,0,0,0.5277777777777787,712,D_pmar=0.054_dist=100_repair_6_males=4_nmar=3,FG_theta_zero_feeding,82,11,-99,4,3
0,7,100,0,0,360.18213834837036,0,0,0,0,712,D_pmar=0.054_dist=100_repair_6_males=4_nmar=3,FG_theta_zero_feeding,109,7,-99,4,3
0.054,9,100,100,0,359.4741701003405,0,0,0,0.6124836322050087,712,D_pmar=0.054_dist=100_repair_6_males=4_nmar=3,FG_theta_zero_feeding,83,9,-99,4,3
0.054,11,0,0,0,359.3432816346,0,0,0,0.7713998442781778,713,D_pmar=0.054_dist=100_repair_6_males=4_nmar=3,FG_theta_zero_feeding,66,11,-99,4,3
0,8,0,100,0,360.1304497002872,0,0,0,0,713,D_pmar=0.054_dist=100_repair_6_males=4_nmar=3,FG_theta_zero_feeding,129,8,-99,4,3
0.054,10,100,0,0,359.67290277702944,0,0,0,0.5158629947740417,713,D_pmar=0.054_dist=100_repair_6_males=4_nmar=3,FG_theta_zero_feeding,93,10,-99,4,3
0.054,7,100,100,0,359.3789056605292,0,0,0,0.6431096678029243,713,D_pmar=0.054_dist=100_repair_6_males=4_nmar=3,FG_theta_zero_feeding,66,7,-99,4,3
0.054,10,0,0,0,359.4175126487795,0,0,0,0.6111111111111124,714,D_pmar=0.054_dist=100_repair_6_males=4_nmar=3,FG_theta_zero_feeding,85,10,-99,4,3
0.054,8,0,100,0,359.34415364770393,0,0,0,0.6712164632282276,714,D_pmar=0.054_dist=100_repair_6_males=4_nmar=3,FG_theta_zero_feeding,83,8,-99,4,3
0.054,10,100,0,0,359.3829749563323,0,0,0,0.6762315610091774,714,D_pmar=0.054_dist=100_repair_6_males=4_nmar=3,FG_theta_zero_feeding,78,10,-99,4,3
0,8,100,100,0,360.22297724964614,0,0,0,0,714,D_pmar=0.054_dist=100_repair_6_males=4_nmar=3,FG_theta_zero_feeding,129,8,-99,4,3
0.054,9,0,0,0,359.67643157125536,0,0,0,0.5787037037037048,715,D_pmar=0.054_dist=100_repair_6_males=4_nmar=3,FG_theta_zero_feeding,92,9,-99,4,3
0,9,0,100,0,360.07907780777686,0,0,0,0,715,D_pmar=0.054_dist=100_repair_6_males=4_nmar=3,FG_theta_zero_feeding,116,9,-99,4,3
0.054,9,100,0,0,359.4927138669412,0,0,0,0.6434386854504496,715,D_pmar=0.054_dist=100_repair_6_males=4_nmar=3,FG_theta_zero_feeding,71,9,-99,4,3
0.054,9,100,100,0,359.44159441854504,0,0,0,0.6786145176099246,715,D_pmar=0.054_dist=100_repair_6_males=4_nmar=3,FG_theta_zero_feeding,86,9,-99,4,3
0.054,12,0,0,0,359.34447448071904,0,0,0,0.6823135448007734,716,D_pmar=0.054_dist=100_repair_6_males=4_nmar=3,FG_theta_zero_feeding,89,12,-99,4,3
0.054,4,0,100,0,359.380085685456,0,0,0,0.6712962962962978,716,D_pmar=0.054_dist=100_repair_6_males=4_nmar=3,FG_theta_zero_feeding,76,4,-99,4,3
0,8,100,0,0,360.0732784731605,0,0,0,0,716,D_pmar=0.054_dist=100_repair_6_males=4_nmar=3,FG_theta_zero_feeding,131,8,-99,4,3
0.054,12,100,100,0,359.3874504497995,0,0,0,0.620755838521692,716,D_pmar=0.054_dist=100_repair_6_males=4_nmar=3,FG_theta_zero_feeding,82,12,-99,4,3
0.054,5,0,0,0,347.18543613241695,12.193785947350634,1,0.1,0.6360970815725472,717,D_pmar=0.054_dist=100_repair_6_males=4_nmar=3,FG_theta_zero_feeding,95,5,-99,4,3
0,14,0,100,0,360.08207542085194,0,0,0,0,717,D_pmar=0.054_dist=100_repair_6_males=4_nmar=3,FG_theta_zero_feeding,130,14,-99,4,3
0.054,7,100,0,0,353.1031798332625,6.075389209352679,2,0.2,0.7929593546924945,717,D_pmar=0.054_dist=100_repair_6_males=4_nmar=3,FG_theta_zero_feeding,78,7,-99,4,3
0.054,10,100,100,0,359.4876622302578,0,0,0,0.5416666666666676,717,D_pmar=0.054_dist=100_repair_6_males=4_nmar=3,FG_theta_zero_feeding,68,10,-99,4,3
0.054,7,0,0,0,359.5633007410495,0,0,0,0.671681764447618,718,D_pmar=0.054_dist=100_repair_6_males=4_nmar=3,FG_theta_zero_feeding,81,7,-99,4,3
0.054,10,0,100,0,359.6730335250765,0,0,0,0.5870888110279783,718,D_pmar=0.054_dist=100_repair_6_males=4_nmar=3,FG_theta_zero_feeding,77,10,-99,4,3
0.054,11,100,0,0,359.3475611880138,0,0,0,0.682722395516369,718,D_pmar=0.054_dist=100_repair_6_males=4_nmar=3,FG_theta_zero_feeding,74,11,-99,4,3
0,8,100,100,0,360.17663831668693,0,0,0,0,718,D_pmar=0.054_dist=100_repair_6_males=4_nmar=3,FG_theta_zero_feeding,136,8,-99,4,3
0,8,0,0,0,360.0945617203973,0,0,0,0,719,D_pmar=0.054_dist=100_repair_6_males=4_nmar=3,FG_theta_zero_feeding,139,8,-99,4,3
0.054,16,0,100,0,359.2861244658007,0,1,0.1,0.6608338674545272,719,D_pmar=0.054_dist=100_repair_6_males=4_nmar=3,FG_theta_zero_feeding,86,16,-99,4,3
0.054,7,100,0,0,353.2698492536816,6.045023783637654,1,0.1,0.6819280766494533,719,D_pmar=0.054_dist=100_repair_6_males=4_nmar=3,FG_theta_zero_feeding,83,8,-99,4,3
0.054,5,100,100,0,353.20142034676616,6.271347996074938,0,0,0.709705854427231,719,D_pmar=0.054_dist=100_repair_6_males=4_nmar=3,FG_theta_zero_feeding,79,5,-99,4,3
0.054,13,0,0,0,359.6295247007173,0,0,0,0.5964843538591026,71,D_pmar=0.054_dist=100_repair_6_males=4_nmar=3,FG_theta_zero_feeding,77,13,-99,4,3
0.054,8,0,100,0,359.5371421560292,0,0,0,0.5963480702872372,71,D_pmar=0.054_dist=100_repair_6_males=4_nmar=3,FG_theta_zero_feeding,89,8,-99,4,3
0,6,100,0,0,360.2379679572568,0,0,0,0,71,D_pmar=0.054_dist=100_repair_6_males=4_nmar=3,FG_theta_zero_feeding,90,6,-99,4,3
0.054,9,100,100,0,359.49193530735363,0,0,0,0.6225372103311837,71,D_pmar=0.054_dist=100_repair_6_males=4_nmar=3,FG_theta_zero_feeding,86,9,-99,4,3
0,9,0,0,0,360.0625313498448,0,0,0,0,720,D_pmar=0.054_dist=100_repair_6_males=4_nmar=3,FG_theta_zero_feeding,116,9,-99,4,3
0.054,11,0,100,0,359.3218470435789,0,1,0.1,0.6372768685907833,720,D_pmar=0.054_dist=100_repair_6_males=4_nmar=3,FG_theta_zero_feeding,73,11,-99,4,3
0.054,8,100,0,0,353.4873468683353,6.0703858649817946,0,0,0.5150686759071259,720,D_pmar=0.054_dist=100_repair_6_males=4_nmar=3,FG_theta_zero_feeding,87,8,-99,4,3
0.054,8,100,100,0,359.3909530487694,0,0,0,0.731401648413413,720,D_pmar=0.054_dist=100_repair_6_males=4_nmar=3,FG_theta_zero_feeding,70,8,-99,4,3
0.054,11,0,0,0,353.0143522520369,6.187162718690432,1,0.1,0.7192941313340158,721,D_pmar=0.054_dist=100_repair_6_males=4_nmar=3,FG_theta_zero_feeding,92,11,-99,4,3
0.054,9,0,100,0,353.1836966864969,6.078650095817227,1,0.1,0.7298130106795814,721,D_pmar=0.054_dist=100_repair_6_males=4_nmar=3,FG_theta_zero_feeding,82,9,-99,4,3
0,12,100,0,0,360.21308645978877,0,0,0,0,721,D_pmar=0.054_dist=100_repair_6_males=4_nmar=3,FG_theta_zero_feeding,136,12,-99,4,3
0.054,4,100,100,0,359.55677168061743,0,0,0,0.5462962962962973,721,D_pmar=0.054_dist=100_repair_6_males=4_nmar=3,FG_theta_zero_feeding,80,4,-99,4,3
0.054,7,0,0,0,359.4672670209523,0,0,0,0.5744595422253955,722,D_pmar=0.054_dist=100_repair_6_males=4_nmar=3,FG_theta_zero_feeding,85,7,-99,4,3
0.054,7,0,100,0,359.59002476444397,0,0,0,0.5740740740740752,722,D_pmar=0.054_dist=100_repair_6_males=4_nmar=3,FG_theta_zero_feeding,64,7,-99,4,3
0,10,100,0,0,360.16527847066817,0,0,0,0,722,D_pmar=0.054_dist=100_repair_6_males=4_nmar=3,FG_theta_zero_feeding,111,10,-99,4,3
0.054,12,100,100,0,359.4217554853423,0,0,0,0.5786803211394296,722,D_pmar=0.054_dist=100_repair_6_males=4_nmar=3,FG_theta_zero_feeding,70,12,-99,4,3
0,6,0,0,0,360.10225872294166,0,0,0,0,723,D_pmar=0.054_dist=100_repair_6_males=4_nmar=3,FG_theta_zero_feeding,123,6,-99,4,3
0.054,5,0,100,0,359.4374817814165,0,0,0,0.6169205277589781,723,D_pmar=0.054_dist=100_repair_6_males=4_nmar=3,FG_theta_zero_feeding,64,5,-99,4,3
0.054,10,100,0,0,359.45909104916814,0,0,0,0.653877731727945,723,D_pmar=0.054_dist=100_repair_6_males=4_nmar=3,FG_theta_zero_feeding,70,10,-99,4,3
0.054,15,100,100,0,359.70800417117016,0,0,0,0.6006486822693418,723,D_pmar=0.054_dist=100_repair_6_males=4_nmar=3,FG_theta_zero_feeding,88,15,-99,4,3
0.054,11,0,0,0,359.5554833595266,0,0,0,0.5802125083694661,724,D_pmar=0.054_dist=100_repair_6_males=4_nmar=3,FG_theta_zero_feeding,86,11,-99,4,3
0.054,11,0,100,0,359.2684497891868,0,0,0,0.7409100922521272,724,D_pmar=0.054_dist=100_repair_6_males=4_nmar=3,FG_theta_zero_feeding,74,11,-99,4,3
0.054,7,100,0,0,359.5948529998042,0,0,0,0.6589162120731703,724,D_pmar=0.054_dist=100_repair_6_males=4_nmar=3,FG_theta_zero_feeding,89,7,-99,4,3
0,7,100,100,0,360.048657886968,0,0,0,0,724,D_pmar=0.054_dist=100_repair_6_males=4_nmar=3,FG_theta_zero_feeding,112,7,-99,4,3
0.054,7,0,0,0,359.38188179282116,0,0,0,0.7213480702872379,725,D_pmar=0.054_dist=100_repair_6_males=4_nmar=3,FG_theta_zero_feeding,95,7,-99,4,3
0.054,10,0,100,0,359.17460969902316,0,0,0,0.8450086171328616,725,D_pmar=0.054_dist=100_repair_6_males=4_nmar=3,FG_theta_zero_feeding,91,10,-99,4,3
0.054,9,100,0,0,359.5972576709009,0,0,0,0.6018518518518531,725,D_pmar=0.054_dist=100_repair_6_males=4_nmar=3,FG_theta_zero_feeding,110,9,-99,4,3
0,10,100,100,0,360.16893486864046,0,0,0,0,725,D_pmar=0.054_dist=100_repair_6_males=4_nmar=3,FG_theta_zero_feeding,116,10,-99,4,3
0.054,14,0,0,0,359.4343103596147,0,0,0,0.6893261310311505,726,D_pmar=0.054_dist=100_repair_6_males=4_nmar=3,FG_theta_zero_feeding,97,14,-99,4,3
0,4,0,100,0,360.12293273179114,0,0,0,0,726,D_pmar=0.054_dist=100_repair_6_males=4_nmar=3,FG_theta_zero_feeding,116,4,-99,4,3
0.054,10,100,0,0,359.3295347999512,0,0,0,0.6884753616604397,726,D_pmar=0.054_dist=100_repair_6_males=4_nmar=3,FG_theta_zero_feeding,74,10,-99,4,3
0.054,8,100,100,0,359.59178543347485,0,0,0,0.5694444444444455,726,D_pmar=0.054_dist=100_repair_6_males=4_nmar=3,FG_theta_zero_feeding,81,8,-99,4,3
0,8,0,0,0,360.08579329842485,0,0,0,0,727,D_pmar=0.054_dist=100_repair_6_males=4_nmar=3,FG_theta_zero_feeding,124,8,-99,4,3
0.054,12,0,100,0,359.50090058908796,0,0,0,0.6079902861472442,727,D_pmar=0.054_dist=100_repair_6_males=4_nmar=3,FG_theta_zero_feeding,74,12,-99,4,3
0.054,9,100,0,0,359.43138920216586,0,0,0,0.5733362057109543,727,D_pmar=0.054_dist=100_repair_6_males=4_nmar=3,FG_theta_zero_feeding,75,9,-99,4,3
0.054,7,100,100,0,359.51698780227315,0,0,0,0.6303441154284766,727,D_pmar=0.054_dist=100_repair_6_males=4_nmar=3,FG_theta_zero_feeding,74,7,-99,4,3
0.054,5,0,0,0,359.5902066283152,0,0,0,0.6322617708098336,728,D_pmar=0.054_dist=100_repair_6_males=4_nmar=3,FG_theta_zero_feeding,82,5,-99,4,3
0,12,0,100,0,360.2206526082344,0,0,0,0,728,D_pmar=0.054_dist=100_repair_6_males=4_nmar=3,FG_theta_zero_feeding,143,12,-99,4,3
0.054,13,100,0,0,359.62928121714737,0,0,0,0.6111111111111124,728,D_pmar=0.054_dist=100_repair_6_males=4_nmar=3,FG_theta_zero_feeding,86,13,-99,4,3
0.054,6,100,100,0,359.2812223913561,0,0,0,0.7625494357345142,728,D_pmar=0.054_dist=100_repair_6_males=4_nmar=3,FG_theta_zero_feeding,85,6,-99,4,3
0,9,0,0,0,360.0599974457303,0,0,0,0,729,D_pmar=0.054_dist=100_repair_6_males=4_nmar=3,FG_theta_zero_feeding,130,9,-99,4,3
0.054,7,0,100,0,359.51942540099236,0,0,0,0.6231387951224394,729,D_pmar=0.054_dist=100_repair_6_males=4_nmar=3,FG_theta_zero_feeding,77,7,-99,4,3
0.054,8,100,0,0,359.4156619345841,0,0,0,0.6942847783083055,729,D_pmar=0.054_dist=100_repair_6_males=4_nmar=3,FG_theta_zero_feeding,70,8,-99,4,3
0.054,12,100,100,0,359.3831223135268,0,0,0,0.6407267112021768,729,D_pmar=0.054_dist=100_repair_6_males=4_nmar=3,FG_theta_zero_feeding,83,12,-99,4,3
0,10,0,0,0,360.01323068554404,0,0,0,0,72,D_pmar=0.054_dist=100_repair_6_males=4_nmar=3,FG_theta_zero_feeding,121,10,-99,4,3
0.054,10,0,100,0,359.5602463302018,0,0,0,0.6103732427479915,72,D_pmar=0.054_dist=100_repair_6_males=4_nmar=3,FG_theta_zero_feeding,71,10,-99,4,3
0.054,9,100,0,0,359.4477591037197,0,0,0,0.6403976935546516,72,D_pmar=0.054_dist=100_repair_6_males=4_nmar=3,FG_theta_zero_feeding,72,9,-99,4,3
0.054,7,100,100,0,359.5861887074804,0,0,0,0.5109043474968866,72,D_pmar=0.054_dist=100_repair_6_males=4_nmar=3,FG_theta_zero_feeding,78,7,-99,4,3
0.054,6,0,0,0,359.49524973630474,0,0,0,0.5787037037037048,730,D_pmar=0.054_dist=100_repair_6_males=4_nmar=3,FG_theta_zero_feeding,90,6,-99,4,3
0,7,0,100,0,360.0077880004745,0,0,0,0,730,D_pmar=0.054_dist=100_repair_6_males=4_nmar=3,FG_theta_zero_feeding,119,7,-99,4,3
0.054,9,100,0,0,359.37451023454344,0,0,0,0.7298130106795814,730,D_pmar=0.054_dist=100_repair_6_males=4_nmar=3,FG_theta_zero_feeding,92,9,-99,4,3
0.054,14,100,100,0,359.5242625471426,0,0,0,0.603031638870089,730,D_pmar=0.054_dist=100_repair_6_males=4_nmar=3,FG_theta_zero_feeding,80,14,-99,4,3
0,7,0,0,0,360.07552599500434,0,0,0,0,731,D_pmar=0.054_dist=100_repair_6_males=4_nmar=3,FG_theta_zero_feeding,113,7,-99,4,3
0.054,11,0,100,0,359.5358138667176,0,0,0,0.5663236194805772,731,D_pmar=0.054_dist=100_repair_6_males=4_nmar=3,FG_theta_zero_feeding,64,11,-99,4,3
0.054,9,100,0,0,353.6998684680377,6.017885126301706,0,0,0.5085213908961392,731,D_pmar=0.054_dist=100_repair_6_males=4_nmar=3,FG_theta_zero_feeding,82,9,-99,4,3
0.054,9,100,100,0,359.5191146466146,0,1,0.1,0.6372204180869885,731,D_pmar=0.054_dist=100_repair_6_males=4_nmar=3,FG_theta_zero_feeding,64,9,-99,4,3
0.054,10,0,0,0,359.33687607576,0,0,0,0.6750517739909414,732,D_pmar=0.054_dist=100_repair_6_males=4_nmar=3,FG_theta_zero_feeding,64,10,-99,4,3
0,7,0,100,0,360.03486540919914,0,0,0,0,732,D_pmar=0.054_dist=100_repair_6_males=4_nmar=3,FG_theta_zero_feeding,116,7,-99,4,3
0.054,11,100,0,0,359.5512043348495,0,0,0,0.5277777777777787,732,D_pmar=0.054_dist=100_repair_6_males=4_nmar=3,FG_theta_zero_feeding,84,11,-99,4,3
0.054,8,100,100,0,359.6334480888773,0,0,0,0.515068675907126,732,D_pmar=0.054_dist=100_repair_6_males=4_nmar=3,FG_theta_zero_feeding,76,8,-99,4,3
0.054,10,0,0,0,359.3376619145736,0,0,0,0.840378987503232,733,D_pmar=0.054_dist=100_repair_6_males=4_nmar=3,FG_theta_zero_feeding,77,10,-99,4,3
0,8,0,100,0,360.08694373197767,0,0,0,0,733,D_pmar=0.054_dist=100_repair_6_males=4_nmar=3,FG_theta_zero_feeding,130,8,-99,4,3
0.054,10,100,0,0,359.39648882616837,0,0,0,0.6099079415286011,733,D_pmar=0.054_dist=100_repair_6_males=4_nmar=3,FG_theta_zero_feeding,89,10,-99,4,3
0.054,8,100,100,0,359.4728009774057,0,0,0,0.6488626339469951,733,D_pmar=0.054_dist=100_repair_6_males=4_nmar=3,FG_theta_zero_feeding,87,8,-99,4,3
0.054,7,0,0,0,353.14088604122117,6.285429289727697,0,0,0.6780927658867393,734,D_pmar=0.054_dist=100_repair_6_males=4_nmar=3,FG_theta_zero_feeding,69,7,-99,4,3
0.054,7,0,100,0,359.41051284317416,0,1,0.1,0.6018518518518531,734,D_pmar=0.054_dist=100_repair_6_males=4_nmar=3,FG_theta_zero_feeding,95,7,-99,4,3
0,15,100,0,0,360.06800463813914,0,0,0,0,734,D_pmar=0.054_dist=100_repair_6_males=4_nmar=3,FG_theta_zero_feeding,109,15,-99,4,3
0.054,7,100,100,0,359.43937250545156,0,0,0,0.6308658671516618,734,D_pmar=0.054_dist=100_repair_6_males=4_nmar=3,FG_theta_zero_feeding,95,7,-99,4,3
0,8,0,0,0,360.0743012299623,0,0,0,0,735,D_pmar=0.054_dist=100_repair_6_males=4_nmar=3,FG_theta_zero_feeding,122,8,-99,4,3
0.054,4,0,100,0,359.63450273565536,0,0,0,0.6203703703703717,735,D_pmar=0.054_dist=100_repair_6_males=4_nmar=3,FG_theta_zero_feeding,71,4,-99,4,3
0.054,12,100,0,0,359.41632159514535,0,0,0,0.6257144857988468,735,D_pmar=0.054_dist=100_repair_6_males=4_nmar=3,FG_theta_zero_feeding,87,12,-99,4,3
0.054,12,100,100,0,359.4133976416428,0,0,0,0.6923671229269485,735,D_pmar=0.054_dist=100_repair_6_males=4_nmar=3,FG_theta_zero_feeding,89,12,-99,4,3
0.054,8,0,0,0,359.3995348175983,0,0,0,0.6151956064532813,736,D_pmar=0.054_dist=100_repair_6_males=4_nmar=3,FG_theta_zero_feeding,84,8,-99,4,3
0,9,0,100,0,360.1596274703907,0,0,0,0,736,D_pmar=0.054_dist=100_repair_6_males=4_nmar=3,FG_theta_zero_feeding,113,9,-99,4,3
0.054,11,100,0,0,359.3821125549442,0,0,0,0.6800668717718912,736,D_pmar=0.054_dist=100_repair_6_males=4_nmar=3,FG_theta_zero_feeding,81,11,-99,4,3
0.054,8,100,100,0,359.68255527523115,0,0,0,0.5462962962962973,736,D_pmar=0.054_dist=100_repair_6_males=4_nmar=3,FG_theta_zero_feeding,68,8,-99,4,3
0.054,9,0,0,0,359.4662766621074,0,0,0,0.6388888888888903,737,D_pmar=0.054_dist=100_repair_6_males=4_nmar=3,FG_theta_zero_feeding,85,9,-99,4,3
0.054,9,0,100,0,359.4295816475785,0,0,0,0.5706242314626816,737,D_pmar=0.054_dist=100_repair_6_males=4_nmar=3,FG_theta_zero_feeding,107,9,-99,4,3
0.054,5,100,0,0,359.44348112486813,0,0,0,0.7521668399608138,737,D_pmar=0.054_dist=100_repair_6_males=4_nmar=3,FG_theta_zero_feeding,83,5,-99,4,3
0,13,100,100,0,360.1725519311405,0,0,0,0,737,D_pmar=0.054_dist=100_repair_6_males=4_nmar=3,FG_theta_zero_feeding,116,13,-99,4,3
0.054,6,0,0,0,359.4831510334928,0,0,0,0.665792514731682,738,D_pmar=0.054_dist=100_repair_6_males=4_nmar=3,FG_theta_zero_feeding,91,6,-99,4,3
0.054,11,0,100,0,359.47414309429195,0,0,0,0.6052783118989713,738,D_pmar=0.054_dist=100_repair_6_males=4_nmar=3,FG_theta_zero_feeding,89,11,-99,4,3
0,8,100,0,0,360.00090277746654,0,0,0,0,738,D_pmar=0.054_dist=100_repair_6_males=4_nmar=3,FG_theta_zero_feeding,133,8,-99,4,3
0.054,11,100,100,0,359.4857209012006,0,0,0,0.792244868893649,738,D_pmar=0.054_dist=100_repair_6_males=4_nmar=3,FG_theta_zero_feeding,78,11,-99,4,3
0.054,7,0,0,0,359.4828766011144,0,0,0,0.7039528882831603,739,D_pmar=0.054_dist=100_repair_6_males=4_nmar=3,FG_theta_zero_feeding,92,7,-99,4,3
0.054,14,0,100,0,359.3914124024299,0,0,0,0.6472739962131635,739,D_pmar=0.054_dist=100_repair_6_males=4_nmar=3,FG_theta_zero_feeding,80,14,-99,4,3
0,7,100,0,0,360.22499459627704,0,0,0,0,739,D_pmar=0.054_dist=100_repair_6_males=4_nmar=3,FG_theta_zero_feeding,114,7,-99,4,3
0.054,8,100,100,0,359.4823907483748,0,0,0,0.6041549753845302,739,D_pmar=0.054_dist=100_repair_6_males=4_nmar=3,FG_theta_zero_feeding,85,8,-99,4,3
0,5,0,0,0,360.30845421496616,0,0,0,0,73,D_pmar=0.054_dist=100_repair_6_males=4_nmar=3,FG_theta_zero_feeding,114,5,-99,4,3
0.054,7,0,100,0,359.45118573218207,0,0,0,0.6296062470653557,73,D_pmar=0.054_dist=100_repair_6_males=4_nmar=3,FG_theta_zero_feeding,72,7,-99,4,3
0.054,11,100,0,0,359.5976551819814,0,0,0,0.472222222222223,73,D_pmar=0.054_dist=100_repair_6_males=4_nmar=3,FG_theta_zero_feeding,85,11,-99,4,3
0.054,13,100,100,0,359.5754397873733,0,0,0,0.6311384342953923,73,D_pmar=0.054_dist=100_repair_6_males=4_nmar=3,FG_theta_zero_feeding,59,13,-99,4,3
0.054,10,0,0,0,359.5604589171073,0,0,0,0.6620370370370385,740,D_pmar=0.054_dist=100_repair_6_males=4_nmar=3,FG_theta_zero_feeding,96,10,-99,4,3
0,9,0,100,0,360.05039880209085,0,0,0,0,740,D_pmar=0.054_dist=100_repair_6_males=4_nmar=3,FG_theta_zero_feeding,112,9,-99,4,3
0.054,9,100,0,0,359.46209657741184,0,0,0,0.619961519654776,740,D_pmar=0.054_dist=100_repair_6_males=4_nmar=3,FG_theta_zero_feeding,101,9,-99,4,3
0.054,8,100,100,0,359.23333521057964,0,0,0,0.7776181116416391,740,D_pmar=0.054_dist=100_repair_6_males=4_nmar=3,FG_theta_zero_feeding,87,8,-99,4,3
0.054,10,0,0,0,359.3792587376548,0,1,0.1,0.5608996709840319,741,D_pmar=0.054_dist=100_repair_6_males=4_nmar=3,FG_theta_zero_feeding,77,10,-99,4,3
0,6,0,100,0,360.0385413026638,0,0,0,0,741,D_pmar=0.054_dist=100_repair_6_males=4_nmar=3,FG_theta_zero_feeding,118,6,-99,4,3
0.054,11,100,0,0,359.58621610359046,0,0,0,0.5509259259259269,741,D_pmar=0.054_dist=100_repair_6_males=4_nmar=3,FG_theta_zero_feeding,73,11,-99,4,3
0.054,9,100,100,0,353.1280996836723,6.109864440821077,0,0,0.7733174996595347,741,D_pmar=0.054_dist=100_repair_6_males=4_nmar=3,FG_theta_zero_feeding,87,9,-99,4,3
0.054,8,0,0,0,359.40410032237065,0,0,0,0.7243890621830359,742,D_pmar=0.054_dist=100_repair_6_males=4_nmar=3,FG_theta_zero_feeding,85,8,-99,4,3
0.054,5,0,100,0,359.4835979466032,0,0,0,0.6785580671061299,742,D_pmar=0.054_dist=100_repair_6_males=4_nmar=3,FG_theta_zero_feeding,86,5,-99,4,3
0.054,11,100,0,0,359.53562287703284,0,0,0,0.6607540343864569,742,D_pmar=0.054_dist=100_repair_6_males=4_nmar=3,FG_theta_zero_feeding,87,11,-99,4,3
0,12,100,100,0,360.00343776557105,0,0,0,0,742,D_pmar=0.054_dist=100_repair_6_males=4_nmar=3,FG_theta_zero_feeding,119,12,-99,4,3
0,11,0,0,0,360.066164960736,0,0,0,0,743,D_pmar=0.054_dist=100_repair_6_males=4_nmar=3,FG_theta_zero_feeding,112,11,-99,4,3
0.054,3,0,100,0,359.6022040014809,0,0,0,0.4953703703703712,743,D_pmar=0.054_dist=100_repair_6_males=4_nmar=3,FG_theta_zero_feeding,82,3,-99,4,3
0.054,11,100,0,0,359.54849967880796,0,0,0,0.6210848561692175,743,D_pmar=0.054_dist=100_repair_6_males=4_nmar=3,FG_theta_zero_feeding,76,11,-99,4,3
0.054,11,100,100,0,359.3330374015333,0,0,0,0.6789435352574501,743,D_pmar=0.054_dist=100_repair_6_males=4_nmar=3,FG_theta_zero_feeding,71,11,-99,4,3
0.054,9,0,0,0,359.3396572613233,0,1,0.1,0.6153318900251464,744,D_pmar=0.054_dist=100_repair_6_males=4_nmar=3,FG_theta_zero_feeding,76,9,-99,4,3
0.054,4,0,100,0,353.2875375727203,6.165783521145496,0,0,0.7470719091117936,744,D_pmar=0.054_dist=100_repair_6_males=4_nmar=3,FG_theta_zero_feeding,63,4,-99,4,3
0.054,11,100,0,0,359.55639507203267,0,0,0,0.581006827236382,744,D_pmar=0.054_dist=100_repair_6_males=4_nmar=3,FG_theta_zero_feeding,80,11,-99,4,3
0,12,100,100,0,360.08856808870746,0,0,0,0,744,D_pmar=0.054_dist=100_repair_6_males=4_nmar=3,FG_theta_zero_feeding,149,12,-99,4,3
0,11,0,0,0,360.0328189646061,0,0,0,0,745,D_pmar=0.054_dist=100_repair_6_males=4_nmar=3,FG_theta_zero_feeding,128,11,-99,4,3
0.054,6,0,100,0,359.24503879730605,0,0,0,0.7602229296375614,745,D_pmar=0.054_dist=100_repair_6_males=4_nmar=3,FG_theta_zero_feeding,80,6,-99,4,3
0.054,8,100,0,0,353.3322351033157,6.1293356659033345,0,0,0.6600395485876114,745,D_pmar=0.054_dist=100_repair_6_males=4_nmar=3,FG_theta_zero_feeding,97,8,-99,4,3
0.054,11,100,100,0,359.45632019761536,0,1,0.1,0.6739284374765002,745,D_pmar=0.054_dist=100_repair_6_males=4_nmar=3,FG_theta_zero_feeding,79,11,-99,4,3
0,9,0,0,0,360.01951543032885,0,0,0,0,746,D_pmar=0.054_dist=100_repair_6_males=4_nmar=3,FG_theta_zero_feeding,110,9,-99,4,3
0.054,9,0,100,0,359.4529497915657,0,0,0,0.5555555555555566,746,D_pmar=0.054_dist=100_repair_6_males=4_nmar=3,FG_theta_zero_feeding,71,9,-99,4,3
0.054,6,100,0,0,359.3946293798837,0,0,0,0.6730542855415141,746,D_pmar=0.054_dist=100_repair_6_males=4_nmar=3,FG_theta_zero_feeding,78,6,-99,4,3
0.054,12,100,100,0,359.59121732785155,0,0,0,0.5859654745135369,746,D_pmar=0.054_dist=100_repair_6_males=4_nmar=3,FG_theta_zero_feeding,82,12,-99,4,3
0,15,0,0,0,360.12075162349544,0,0,0,0,747,D_pmar=0.054_dist=100_repair_6_males=4_nmar=3,FG_theta_zero_feeding,109,15,-99,4,3
0.054,2,0,100,0,359.37504764501637,0,0,0,0.6696278254943959,747,D_pmar=0.054_dist=100_repair_6_males=4_nmar=3,FG_theta_zero_feeding,85,2,-99,4,3
0.054,7,100,0,0,359.6654037447555,0,0,0,0.5813358448839073,747,D_pmar=0.054_dist=100_repair_6_males=4_nmar=3,FG_theta_zero_feeding,87,7,-99,4,3
0.054,12,100,100,0,359.5035980289935,0,0,0,0.6515746081952679,747,D_pmar=0.054_dist=100_repair_6_males=4_nmar=3,FG_theta_zero_feeding,79,12,-99,4,3
0.054,8,0,0,0,359.5009625556454,0,0,0,0.5899370688481159,748,D_pmar=0.054_dist=100_repair_6_males=4_nmar=3,FG_theta_zero_feeding,61,8,-99,4,3
0,10,0,100,0,360.0481139281923,0,0,0,0,748,D_pmar=0.054_dist=100_repair_6_males=4_nmar=3,FG_theta_zero_feeding,119,10,-99,4,3
0.054,9,100,0,0,359.55720734625544,0,0,0,0.6071959672803284,748,D_pmar=0.054_dist=100_repair_6_males=4_nmar=3,FG_theta_zero_feeding,86,9,-99,4,3
0.054,9,100,100,0,359.5142785746915,0,0,0,0.5976076903735437,748,D_pmar=0.054_dist=100_repair_6_males=4_nmar=3,FG_theta_zero_feeding,79,9,-99,4,3
0.054,9,0,0,0,359.43376747665263,0,1,0.1,0.5875541122473685,749,D_pmar=0.054_dist=100_repair_6_males=4_nmar=3,FG_theta_zero_feeding,77,9,-99,4,3
0,8,0,100,0,360.0605339121267,0,0,0,0,749,D_pmar=0.054_dist=100_repair_6_males=4_nmar=3,FG_theta_zero_feeding,112,8,-99,4,3
0.054,14,100,0,0,359.418442789642,0,0,0,0.5833333333333345,749,D_pmar=0.054_dist=100_repair_6_males=4_nmar=3,FG_theta_zero_feeding,93,14,-99,4,3
0.054,5,100,100,0,353.2692167704847,6.076647215382827,0,0,0.6616846368252379,749,D_pmar=0.054_dist=100_repair_6_males=4_nmar=3,FG_theta_zero_feeding,72,5,-99,4,3
0.054,15,0,0,0,359.2975096563692,0,1,0.1,0.7501693515113864,74,D_pmar=0.054_dist=100_repair_6_males=4_nmar=3,FG_theta_zero_feeding,72,15,-99,4,3
0.054,7,0,100,0,353.34718661545963,6.110127221282481,0,0,0.5655293006136615,74,D_pmar=0.054_dist=100_repair_6_males=4_nmar=3,FG_theta_zero_feeding,90,8,-99,4,3
0.054,9,100,0,0,359.5048405324582,0,0,0,0.5632826275847793,74,D_pmar=0.054_dist=100_repair_6_males=4_nmar=3,FG_theta_zero_feeding,72,9,-99,4,3
0,5,100,100,0,360.1151545030674,0,0,0,0,74,D_pmar=0.054_dist=100_repair_6_males=4_nmar=3,FG_theta_zero_feeding,106,5,-99,4,3
0,11,0,0,0,360.0860495103625,0,0,0,0,750,D_pmar=0.054_dist=100_repair_6_males=4_nmar=3,FG_theta_zero_feeding,120,11,-99,4,3
0.054,8,0,100,0,359.3415184300803,0,0,0,0.7129395803986892,750,D_pmar=0.054_dist=100_repair_6_males=4_nmar=3,FG_theta_zero_feeding,71,8,-99,4,3
0.054,10,100,0,0,359.5051678720675,0,0,0,0.5902660864956414,750,D_pmar=0.054_dist=100_repair_6_males=4_nmar=3,FG_theta_zero_feeding,73,10,-99,4,3
0.054,7,100,100,0,359.6551216726844,0,0,0,0.5324074074074083,750,D_pmar=0.054_dist=100_repair_6_males=4_nmar=3,FG_theta_zero_feeding,89,7,-99,4,3
0.054,9,0,0,0,359.3665693409318,0,0,0,0.7722739962131642,751,D_pmar=0.054_dist=100_repair_6_males=4_nmar=3,FG_theta_zero_feeding,59,9,-99,4,3
0.054,4,0,100,0,359.5038963227382,0,0,0,0.5416666666666676,751,D_pmar=0.054_dist=100_repair_6_males=4_nmar=3,FG_theta_zero_feeding,93,4,-99,4,3
0.054,14,100,0,0,359.53494506309664,0,0,0,0.6304005659322713,751,D_pmar=0.054_dist=100_repair_6_males=4_nmar=3,FG_theta_zero_feeding,90,14,-99,4,3
0,9,100,100,0,360.0196686818927,0,0,0,0,751,D_pmar=0.054_dist=100_repair_6_males=4_nmar=3,FG_theta_zero_feeding,132,9,-99,4,3
0.054,9,0,0,0,359.55324385001165,0,0,0,0.549064721048365,752,D_pmar=0.054_dist=100_repair_6_males=4_nmar=3,FG_theta_zero_feeding,82,9,-99,4,3
0.054,12,0,100,0,359.38037152636383,0,0,0,0.7005030456717667,752,D_pmar=0.054_dist=100_repair_6_males=4_nmar=3,FG_theta_zero_feeding,71,12,-99,4,3
0,6,100,0,0,360.1467170318971,0,0,0,0,752,D_pmar=0.054_dist=100_repair_6_males=4_nmar=3,FG_theta_zero_feeding,116,6,-99,4,3
0.054,9,100,100,0,359.3406089727303,0,0,0,0.665792514731682,752,D_pmar=0.054_dist=100_repair_6_males=4_nmar=3,FG_theta_zero_feeding,83,9,-99,4,3
0.054,8,0,0,0,353.48826943771604,6.15860783062046,0,0,0.5687065760813246,753,D_pmar=0.054_dist=100_repair_6_males=4_nmar=3,FG_theta_zero_feeding,96,8,-99,4,3
0.054,9,0,100,0,359.36403754187666,0,1,0.1,0.5879629629629641,753,D_pmar=0.054_dist=100_repair_6_males=4_nmar=3,FG_theta_zero_feeding,78,9,-99,4,3
0.054,13,100,0,0,359.3422211955535,0,0,0,0.7159241217906923,753,D_pmar=0.054_dist=100_repair_6_males=4_nmar=3,FG_theta_zero_feeding,86,13,-99,4,3
0,6,100,100,0,360.2832046613932,0,0,0,0,753,D_pmar=0.054_dist=100_repair_6_males=4_nmar=3,FG_theta_zero_feeding,113,6,-99,4,3
0.054,5,0,0,0,359.56726152091755,0,0,0,0.596019052639712,754,D_pmar=0.054_dist=100_repair_6_males=4_nmar=3,FG_theta_zero_feeding,99,5,-99,4,3
0,10,0,100,0,360.01119030527485,0,0,0,0,754,D_pmar=0.054_dist=100_repair_6_males=4_nmar=3,FG_theta_zero_feeding,122,10,-99,4,3
0.054,11,100,0,0,359.45683885795745,0,0,0,0.6651344794366315,754,D_pmar=0.054_dist=100_repair_6_males=4_nmar=3,FG_theta_zero_feeding,84,11,-99,4,3
0.054,10,100,100,0,359.4453840805871,0,0,0,0.6388888888888903,754,D_pmar=0.054_dist=100_repair_6_males=4_nmar=3,FG_theta_zero_feeding,76,10,-99,4,3
0.054,4,0,0,0,359.56183281062556,0,0,0,0.5462962962962973,755,D_pmar=0.054_dist=100_repair_6_males=4_nmar=3,FG_theta_zero_feeding,82,4,-99,4,3
0.054,6,0,100,0,359.26749453935133,0,0,0,0.7883297250628647,755,D_pmar=0.054_dist=100_repair_6_males=4_nmar=3,FG_theta_zero_feeding,85,6,-99,4,3
0.054,13,100,0,0,359.6060510808702,0,0,0,0.541257815951072,755,D_pmar=0.054_dist=100_repair_6_males=4_nmar=3,FG_theta_zero_feeding,80,13,-99,4,3
0,13,100,100,0,360.0510607705912,0,0,0,0,755,D_pmar=0.054_dist=100_repair_6_males=4_nmar=3,FG_theta_zero_feeding,106,13,-99,4,3
0.054,12,0,0,0,359.62210462190313,0,0,0,0.6167842441871129,756,D_pmar=0.054_dist=100_repair_6_males=4_nmar=3,FG_theta_zero_feeding,88,12,-99,4,3
0,5,0,100,0,360.12957659211787,0,0,0,0,756,D_pmar=0.054_dist=100_repair_6_males=4_nmar=3,FG_theta_zero_feeding,105,5,-99,4,3
0.054,13,100,0,0,359.52197854869644,0,0,0,0.6111111111111124,756,D_pmar=0.054_dist=100_repair_6_males=4_nmar=3,FG_theta_zero_feeding,79,13,-99,4,3
0.054,6,100,100,0,359.4865688103616,0,0,0,0.6781492163905343,756,D_pmar=0.054_dist=100_repair_6_males=4_nmar=3,FG_theta_zero_feeding,90,6,-99,4,3
0,12,0,0,0,360.0561696311523,0,0,0,0,757,D_pmar=0.054_dist=100_repair_6_males=4_nmar=3,FG_theta_zero_feeding,128,12,-99,4,3
0.054,6,0,100,0,359.5451331461958,0,0,0,0.611825596909958,757,D_pmar=0.054_dist=100_repair_6_males=4_nmar=3,FG_theta_zero_feeding,73,6,-99,4,3
0.054,6,100,0,0,359.454830503107,0,0,0,0.668889957131275,757,D_pmar=0.054_dist=100_repair_6_males=4_nmar=3,FG_theta_zero_feeding,79,6,-99,4,3
0.054,12,100,100,0,359.42496651661526,0,0,0,0.6507802893283521,757,D_pmar=0.054_dist=100_repair_6_males=4_nmar=3,FG_theta_zero_feeding,73,12,-99,4,3
0.054,10,0,0,0,359.4491631370478,0,0,0,0.5740740740740752,758,D_pmar=0.054_dist=100_repair_6_males=4_nmar=3,FG_theta_zero_feeding,82,10,-99,4,3
0.054,12,0,100,0,359.542204212022,0,1,0.1,0.6381510205257694,758,D_pmar=0.054_dist=100_repair_6_males=4_nmar=3,FG_theta_zero_feeding,77,12,-99,4,3
0,7,100,0,0,360.14563318521095,0,0,0,0,758,D_pmar=0.054_dist=100_repair_6_males=4_nmar=3,FG_theta_zero_feeding,117,7,-99,4,3
0.054,7,100,100,0,353.2811007643916,6.0848849440820105,0,0,0.658779928501305,758,D_pmar=0.054_dist=100_repair_6_males=4_nmar=3,FG_theta_zero_feeding,95,8,-99,4,3
0.054,7,0,0,0,359.59597241649897,0,0,0,0.6071959672803283,759,D_pmar=0.054_dist=100_repair_6_males=4_nmar=3,FG_theta_zero_feeding,84,7,-99,4,3
0.054,8,0,100,0,359.37934694222974,0,0,0,0.6630805404834095,759,D_pmar=0.054_dist=100_repair_6_males=4_nmar=3,FG_theta_zero_feeding,63,8,-99,4,3
0.054,10,100,0,0,359.5225836942503,0,0,0,0.5572006437931832,759,D_pmar=0.054_dist=100_repair_6_males=4_nmar=3,FG_theta_zero_feeding,82,10,-99,4,3
0,11,100,100,0,360.12790305514085,0,0,0,0,759,D_pmar=0.054_dist=100_repair_6_males=4_nmar=3,FG_theta_zero_feeding,121,11,-99,4,3
0.054,9,0,0,0,359.37992850210486,0,0,0,0.7763584915553328,75,D_pmar=0.054_dist=100_repair_6_males=4_nmar=3,FG_theta_zero_feeding,93,10,-99,4,3
0.054,10,0,100,0,359.3336974139825,0,0,0,0.7481952456262347,75,D_pmar=0.054_dist=100_repair_6_males=4_nmar=3,FG_theta_zero_feeding,77,10,-99,4,3
0.054,8,100,0,0,359.61036645408717,0,0,0,0.5416666666666676,75,D_pmar=0.054_dist=100_repair_6_males=4_nmar=3,FG_theta_zero_feeding,92,8,-99,4,3
0,9,100,100,0,360.0749234493144,0,0,0,0,75,D_pmar=0.054_dist=100_repair_6_males=4_nmar=3,FG_theta_zero_feeding,123,9,-99,4,3
0.054,9,0,0,0,359.2322508683207,0,0,0,0.816436520488168,760,D_pmar=0.054_dist=100_repair_6_males=4_nmar=3,FG_theta_zero_feeding,76,9,-99,4,3
0,12,0,100,0,360.08893327317753,0,0,0,0,760,D_pmar=0.054_dist=100_repair_6_males=4_nmar=3,FG_theta_zero_feeding,122,12,-99,4,3
0.054,3,100,0,0,359.49221333381445,0,0,0,0.5277777777777787,760,D_pmar=0.054_dist=100_repair_6_males=4_nmar=3,FG_theta_zero_feeding,86,3,-99,4,3
0.054,12,100,100,0,359.3515797236184,0,0,0,0.6565332554724228,760,D_pmar=0.054_dist=100_repair_6_males=4_nmar=3,FG_theta_zero_feeding,91,12,-99,4,3
0.054,8,0,0,0,353.4125413584825,6.044184580919696,0,0,0.618838183140335,761,D_pmar=0.054_dist=100_repair_6_males=4_nmar=3,FG_theta_zero_feeding,73,8,-99,4,3
0.054,10,0,100,0,359.2866501671864,0,0,0,0.7549352647128812,761,D_pmar=0.054_dist=100_repair_6_males=4_nmar=3,FG_theta_zero_feeding,70,10,-99,4,3
0.054,10,100,0,0,359.5471074606972,0,1,0.1,0.6218791750361333,761,D_pmar=0.054_dist=100_repair_6_males=4_nmar=3,FG_theta_zero_feeding,68,10,-99,4,3
0,8,100,100,0,360.0367810586511,0,0,0,0,761,D_pmar=0.054_dist=100_repair_6_males=4_nmar=3,FG_theta_zero_feeding,160,8,-99,4,3
0.054,11,0,0,0,359.3275378409196,0,0,0,0.6904494675455916,762,D_pmar=0.054_dist=100_repair_6_males=4_nmar=3,FG_theta_zero_feeding,77,11,-99,4,3
0.054,8,0,100,0,359.47637718159433,0,0,0,0.6011139834887322,762,D_pmar=0.054_dist=100_repair_6_males=4_nmar=3,FG_theta_zero_feeding,83,8,-99,4,3
0.054,6,100,0,0,359.45527396672344,0,0,0,0.6018518518518531,762,D_pmar=0.054_dist=100_repair_6_males=4_nmar=3,FG_theta_zero_feeding,74,6,-99,4,3
0,11,100,100,0,360.0879269432875,0,0,0,0,762,D_pmar=0.054_dist=100_repair_6_males=4_nmar=3,FG_theta_zero_feeding,129,11,-99,4,3
0.054,11,0,0,0,353.6326236729139,6.103829929517513,0,0,0.6018518518518531,763,D_pmar=0.054_dist=100_repair_6_males=4_nmar=3,FG_theta_zero_feeding,75,11,-99,4,3
0.054,6,0,100,0,359.4470371586845,0,0,0,0.6835731648870798,763,D_pmar=0.054_dist=100_repair_6_males=4_nmar=3,FG_theta_zero_feeding,82,6,-99,4,3
0.054,10,100,0,0,359.47126909981415,0,1,0.1,0.6303441154284765,763,D_pmar=0.054_dist=100_repair_6_males=4_nmar=3,FG_theta_zero_feeding,85,10,-99,4,3
0,9,100,100,0,360.1324993900718,0,0,0,0,763,D_pmar=0.054_dist=100_repair_6_males=4_nmar=3,FG_theta_zero_feeding,125,9,-99,4,3
0.054,10,0,0,0,359.3920133635337,0,0,0,0.6882027945167093,764,D_pmar=0.054_dist=100_repair_6_males=4_nmar=3,FG_theta_zero_feeding,80,10,-99,4,3
0.054,8,0,100,0,359.6623941370953,0,0,0,0.679681403620571,764,D_pmar=0.054_dist=100_repair_6_males=4_nmar=3,FG_theta_zero_feeding,83,8,-99,4,3
0,7,100,0,0,360.1560891912094,0,0,0,0,764,D_pmar=0.054_dist=100_repair_6_males=4_nmar=3,FG_theta_zero_feeding,111,7,-99,4,3
0.054,11,100,100,0,359.61690786899396,0,0,0,0.537037037037038,764,D_pmar=0.054_dist=100_repair_6_males=4_nmar=3,FG_theta_zero_feeding,89,11,-99,4,3
0,10,0,0,0,360.09845865123776,0,0,0,0,765,D_pmar=0.054_dist=100_repair_6_males=4_nmar=3,FG_theta_zero_feeding,110,10,-99,4,3
0.054,5,0,100,0,359.58974916784507,0,0,0,0.7113509426648577,765,D_pmar=0.054_dist=100_repair_6_males=4_nmar=3,FG_theta_zero_feeding,86,5,-99,4,3
0.054,8,100,0,0,359.6156504865575,0,0,0,0.5821301637508233,765,D_pmar=0.054_dist=100_repair_6_males=4_nmar=3,FG_theta_zero_feeding,83,8,-99,4,3
0.054,13,100,100,0,359.4749235939822,0,0,0,0.6018518518518531,765,D_pmar=0.054_dist=100_repair_6_males=4_nmar=3,FG_theta_zero_feeding,84,13,-99,4,3
0.054,13,0,0,0,359.4992930753329,0,0,0,0.6137432522913149,766,D_pmar=0.054_dist=100_repair_6_males=4_nmar=3,FG_theta_zero_feeding,88,13,-99,4,3
0.054,4,0,100,0,353.54890713850864,6.005999039452379,1,0.1,0.6302078318566112,766,D_pmar=0.054_dist=100_repair_6_males=4_nmar=3,FG_theta_zero_feeding,70,4,-99,4,3
0,6,100,0,0,360.1428760988607,0,0,0,0,766,D_pmar=0.054_dist=100_repair_6_males=4_nmar=3,FG_theta_zero_feeding,114,6,-99,4,3
0.054,13,100,100,0,353.1542880378571,6.164158628536297,1,0.1,0.6179075807015539,766,D_pmar=0.054_dist=100_repair_6_males=4_nmar=3,FG_theta_zero_feeding,73,13,-99,4,3
0,10,0,0,0,360.0978011564534,0,0,0,0,767,D_pmar=0.054_dist=100_repair_6_males=4_nmar=3,FG_theta_zero_feeding,122,10,-99,4,3
0.054,11,0,100,0,359.444167838868,0,0,0,0.6524253775659785,767,D_pmar=0.054_dist=100_repair_6_males=4_nmar=3,FG_theta_zero_feeding,77,11,-99,4,3
0.054,7,100,0,0,359.5161603352155,0,0,0,0.6360970815725474,767,D_pmar=0.054_dist=100_repair_6_males=4_nmar=3,FG_theta_zero_feeding,76,7,-99,4,3
0.054,8,100,100,0,359.4909864649079,0,0,0,0.5925925925925938,767,D_pmar=0.054_dist=100_repair_6_males=4_nmar=3,FG_theta_zero_feeding,87,9,-99,4,3
0,6,0,0,0,360.006676652908,0,0,0,0,768,D_pmar=0.054_dist=100_repair_6_males=4_nmar=3,FG_theta_zero_feeding,122,6,-99,4,3
0.054,15,0,100,0,359.4555241449527,0,0,0,0.6662578159510727,768,D_pmar=0.054_dist=100_repair_6_males=4_nmar=3,FG_theta_zero_feeding,96,16,-99,4,3
0.054,4,100,0,0,359.3842803646155,0,0,0,0.6877374932973189,768,D_pmar=0.054_dist=100_repair_6_males=4_nmar=3,FG_theta_zero_feeding,63,4,-99,4,3
0.054,11,100,100,0,359.4956717009144,0,0,0,0.5934433619633045,768,D_pmar=0.054_dist=100_repair_6_males=4_nmar=3,FG_theta_zero_feeding,80,11,-99,4,3
0.054,11,0,0,0,353.35366024871064,6.156121892137629,1,0.1,0.458333333333334,769,D_pmar=0.054_dist=100_repair_6_males=4_nmar=3,FG_theta_zero_feeding,84,11,-99,4,3
0,8,0,100,0,360.000749679732,0,0,0,0,769,D_pmar=0.054_dist=100_repair_6_males=4_nmar=3,FG_theta_zero_feeding,119,8,-99,4,3
0.054,9,100,0,0,353.2331675084541,6.019606728738627,1,0.1,0.7620841345151236,769,D_pmar=0.054_dist=100_repair_6_males=4_nmar=3,FG_theta_zero_feeding,80,9,-99,4,3
0.054,8,100,100,0,359.2992512857808,0,0,0,0.7752351550408916,769,D_pmar=0.054_dist=100_repair_6_males=4_nmar=3,FG_theta_zero_feeding,88,8,-99,4,3
0.054,13,0,0,0,359.5361934465903,0,0,0,0.6815990590019279,76,D_pmar=0.054_dist=100_repair_6_males=4_nmar=3,FG_theta_zero_feeding,84,13,-99,4,3
0.054,7,0,100,0,353.35327387319967,6.0906791174124075,0,0,0.6757662597897869,76,D_pmar=0.054_dist=100_repair_6_males=4_nmar=3,FG_theta_zero_feeding,97,7,-99,4,3
0,7,100,0,0,360.09405373566545,0,0,0,0,76,D_pmar=0.054_dist=100_repair_6_males=4_nmar=3,FG_theta_zero_feeding,114,7,-99,4,3
0.054,9,100,100,0,359.30886633631394,0,1,0.1,0.615740740740742,76,D_pmar=0.054_dist=100_repair_6_males=4_nmar=3,FG_theta_zero_feeding,79,9,-99,4,3
0.054,9,0,0,0,359.4532102702017,0,0,0,0.5872250945998433,770,D_pmar=0.054_dist=100_repair_6_males=4_nmar=3,FG_theta_zero_feeding,68,9,-99,4,3
0,5,0,100,0,360.0992503798867,0,0,0,0,770,D_pmar=0.054_dist=100_repair_6_males=4_nmar=3,FG_theta_zero_feeding,116,5,-99,4,3
0.054,14,100,0,0,359.3926711244459,0,0,0,0.6915728040600326,770,D_pmar=0.054_dist=100_repair_6_males=4_nmar=3,FG_theta_zero_feeding,70,14,-99,4,3
0.054,8,100,100,0,359.49477497116214,0,0,0,0.6118255969099581,770,D_pmar=0.054_dist=100_repair_6_males=4_nmar=3,FG_theta_zero_feeding,91,8,-99,4,3
0.054,6,0,0,0,359.48774240090967,0,0,0,0.5833333333333345,771,D_pmar=0.054_dist=100_repair_6_males=4_nmar=3,FG_theta_zero_feeding,91,6,-99,4,3
0.054,10,0,100,0,359.2147125852856,0,0,0,0.8341607201397706,771,D_pmar=0.054_dist=100_repair_6_males=4_nmar=3,FG_theta_zero_feeding,79,10,-99,4,3
0,8,100,0,0,360.2540775907226,0,0,0,0,771,D_pmar=0.054_dist=100_repair_6_males=4_nmar=3,FG_theta_zero_feeding,136,8,-99,4,3
0.054,12,100,100,0,359.4941966816889,0,0,0,0.6207558385216919,771,D_pmar=0.054_dist=100_repair_6_males=4_nmar=3,FG_theta_zero_feeding,80,12,-99,4,3
0,7,0,0,0,360.0767678622113,0,0,0,0,772,D_pmar=0.054_dist=100_repair_6_males=4_nmar=3,FG_theta_zero_feeding,126,7,-99,4,3
0.054,6,0,100,0,359.44890414035314,0,0,0,0.6731341186095845,772,D_pmar=0.054_dist=100_repair_6_males=4_nmar=3,FG_theta_zero_feeding,94,6,-99,4,3
0.054,11,100,0,0,359.4767540184933,0,0,0,0.5632826275847793,772,D_pmar=0.054_dist=100_repair_6_males=4_nmar=3,FG_theta_zero_feeding,83,11,-99,4,3
0.054,12,100,100,0,359.2689912281488,0,0,0,0.7767673422709285,772,D_pmar=0.054_dist=100_repair_6_males=4_nmar=3,FG_theta_zero_feeding,78,12,-99,4,3
0,10,0,0,0,360.0238895646371,0,0,0,0,773,D_pmar=0.054_dist=100_repair_6_males=4_nmar=3,FG_theta_zero_feeding,136,10,-99,4,3
0.054,13,0,100,0,359.4166764339181,0,0,0,0.8370089779599086,773,D_pmar=0.054_dist=100_repair_6_males=4_nmar=3,FG_theta_zero_feeding,79,13,-99,4,3
0.054,5,100,0,0,359.6727971033015,0,0,0,0.6017720187837828,773,D_pmar=0.054_dist=100_repair_6_males=4_nmar=3,FG_theta_zero_feeding,69,5,-99,4,3
0.054,8,100,100,0,359.61667889624164,0,0,0,0.5867597933804529,773,D_pmar=0.054_dist=100_repair_6_males=4_nmar=3,FG_theta_zero_feeding,86,8,-99,4,3
0.054,10,0,0,0,359.29897972277047,0,0,0,0.7058705436645174,774,D_pmar=0.054_dist=100_repair_6_males=4_nmar=3,FG_theta_zero_feeding,74,10,-99,4,3
0,12,0,100,0,360.09358173784887,0,0,0,0,774,D_pmar=0.054_dist=100_repair_6_males=4_nmar=3,FG_theta_zero_feeding,117,12,-99,4,3
0.054,8,100,0,0,359.4516944514641,0,0,0,0.5509259259259269,774,D_pmar=0.054_dist=100_repair_6_males=4_nmar=3,FG_theta_zero_feeding,96,8,-99,4,3
0.054,6,100,100,0,359.3100580410121,0,0,0,0.6925034064988137,774,D_pmar=0.054_dist=100_repair_6_males=4_nmar=3,FG_theta_zero_feeding,86,6,-99,4,3
0.054,9,0,0,0,359.48203157266545,0,0,0,0.5806778095888567,775,D_pmar=0.054_dist=100_repair_6_males=4_nmar=3,FG_theta_zero_feeding,79,9,-99,4,3
0,8,0,100,0,360.17886011340744,0,0,0,0,775,D_pmar=0.054_dist=100_repair_6_males=4_nmar=3,FG_theta_zero_feeding,126,8,-99,4,3
0.054,10,100,0,0,359.414381967941,0,0,0,0.6330560896767494,775,D_pmar=0.054_dist=100_repair_6_males=4_nmar=3,FG_theta_zero_feeding,62,10,-99,4,3
0.054,9,100,100,0,359.5291600919651,0,0,0,0.6064016484134125,775,D_pmar=0.054_dist=100_repair_6_males=4_nmar=3,FG_theta_zero_feeding,81,9,-99,4,3
0,11,0,0,0,360.09846321141055,0,0,0,0,776,D_pmar=0.054_dist=100_repair_6_males=4_nmar=3,FG_theta_zero_feeding,146,11,-99,4,3
0.054,9,0,100,0,359.40874219700834,0,0,0,0.7229367080210695,776,D_pmar=0.054_dist=100_repair_6_males=4_nmar=3,FG_theta_zero_feeding,91,9,-99,4,3
0.054,6,100,0,0,359.2802159986429,0,0,0,0.7721941631450937,776,D_pmar=0.054_dist=100_repair_6_males=4_nmar=3,FG_theta_zero_feeding,89,6,-99,4,3
0.054,10,100,100,0,359.2383037250595,0,0,0,0.7810679542530327,776,D_pmar=0.054_dist=100_repair_6_males=4_nmar=3,FG_theta_zero_feeding,94,10,-99,4,3
0.054,9,0,0,0,359.48312226459257,0,0,0,0.5555555555555566,777,D_pmar=0.054_dist=100_repair_6_males=4_nmar=3,FG_theta_zero_feeding,90,10,-99,4,3
0.054,10,0,100,0,359.3839603921146,0,0,0,0.712803296826824,777,D_pmar=0.054_dist=100_repair_6_males=4_nmar=3,FG_theta_zero_feeding,75,10,-99,4,3
0,11,100,0,0,360.065724327899,0,0,0,0,777,D_pmar=0.054_dist=100_repair_6_males=4_nmar=3,FG_theta_zero_feeding,131,11,-99,4,3
0.054,6,100,100,0,359.3734662432815,0,0,0,0.658587194425645,777,D_pmar=0.054_dist=100_repair_6_males=4_nmar=3,FG_theta_zero_feeding,73,6,-99,4,3
0.054,7,0,0,0,359.4742107133391,0,0,0,0.6203703703703717,778,D_pmar=0.054_dist=100_repair_6_males=4_nmar=3,FG_theta_zero_feeding,84,7,-99,4,3
0,15,0,100,0,360.045451812499,0,0,0,0,778,D_pmar=0.054_dist=100_repair_6_males=4_nmar=3,FG_theta_zero_feeding,113,15,-99,4,3
0.054,5,100,0,0,359.5163464544563,0,0,0,0.6292207789140354,778,D_pmar=0.054_dist=100_repair_6_males=4_nmar=3,FG_theta_zero_feeding,87,5,-99,4,3
0.054,9,100,100,0,359.54698600244797,0,0,0,0.6496569528139109,778,D_pmar=0.054_dist=100_repair_6_males=4_nmar=3,FG_theta_zero_feeding,96,9,-99,4,3
0.054,9,0,0,0,359.6353644858073,0,0,0,0.5277777777777787,779,D_pmar=0.054_dist=100_repair_6_males=4_nmar=3,FG_theta_zero_feeding,75,9,-99,4,3
0.054,10,0,100,0,359.5329452497838,0,0,0,0.5464091973038873,779,D_pmar=0.054_dist=100_repair_6_males=4_nmar=3,FG_theta_zero_feeding,56,10,-99,4,3
0.054,9,100,0,0,359.6026186617379,0,0,0,0.5174516325078733,779,D_pmar=0.054_dist=100_repair_6_males=4_nmar=3,FG_theta_zero_feeding,73,9,-99,4,3
0,8,100,100,0,360.14026345061234,0,0,0,0,779,D_pmar=0.054_dist=100_repair_6_males=4_nmar=3,FG_theta_zero_feeding,105,8,-99,4,3
0.054,7,0,0,0,359.5807189291737,0,0,0,0.5601851851851862,77,D_pmar=0.054_dist=100_repair_6_males=4_nmar=3,FG_theta_zero_feeding,82,7,-99,4,3
0.054,9,0,100,0,359.461254690404,0,0,0,0.691652637128103,77,D_pmar=0.054_dist=100_repair_6_males=4_nmar=3,FG_theta_zero_feeding,81,9,-99,4,3
0,6,100,0,0,360.05651236098885,0,0,0,0,77,D_pmar=0.054_dist=100_repair_6_males=4_nmar=3,FG_theta_zero_feeding,121,6,-99,4,3
0.054,14,100,100,0,359.47616398548166,0,0,0,0.6287554776946449,77,D_pmar=0.054_dist=100_repair_6_males=4_nmar=3,FG_theta_zero_feeding,87,14,-99,4,3
0,6,0,0,0,360.2798850027438,0,0,0,0,780,D_pmar=0.054_dist=100_repair_6_males=4_nmar=3,FG_theta_zero_feeding,135,6,-99,4,3
0.054,9,0,100,0,359.5731998022555,0,0,0,0.6854343697646418,780,D_pmar=0.054_dist=100_repair_6_males=4_nmar=3,FG_theta_zero_feeding,69,9,-99,4,3
0.054,15,100,0,0,359.48427562259775,0,0,0,0.606866949632803,780,D_pmar=0.054_dist=100_repair_6_males=4_nmar=3,FG_theta_zero_feeding,72,15,-99,4,3
0.054,6,100,100,0,359.3662099411975,0,0,0,0.6339068590474599,780,D_pmar=0.054_dist=100_repair_6_males=4_nmar=3,FG_theta_zero_feeding,80,6,-99,4,3
0,7,0,0,0,360.08178225456516,0,0,0,0,781,D_pmar=0.054_dist=100_repair_6_males=4_nmar=3,FG_theta_zero_feeding,104,7,-99,4,3
0.054,10,0,100,0,359.34042364062395,0,1,0.1,0.5698299125957659,781,D_pmar=0.054_dist=100_repair_6_males=4_nmar=3,FG_theta_zero_feeding,69,10,-99,4,3
0.054,6,100,0,0,353.46832341943923,6.023630791439802,0,0,0.5659946018330518,781,D_pmar=0.054_dist=100_repair_6_males=4_nmar=3,FG_theta_zero_feeding,76,6,-99,4,3
0.054,13,100,100,0,359.6719436588677,0,0,0,0.5883484311142843,781,D_pmar=0.054_dist=100_repair_6_males=4_nmar=3,FG_theta_zero_feeding,82,13,-99,4,3
0.054,9,0,0,0,359.524726467765,0,0,0,0.520163606756146,782,D_pmar=0.054_dist=100_repair_6_males=4_nmar=3,FG_theta_zero_feeding,85,9,-99,4,3
0.054,11,0,100,0,353.21868490303143,6.119018268845944,1,0.1,0.637742169810174,782,D_pmar=0.054_dist=100_repair_6_males=4_nmar=3,FG_theta_zero_feeding,76,11,-99,4,3
0,6,100,0,0,360.0270239141013,0,0,0,0,782,D_pmar=0.054_dist=100_repair_6_males=4_nmar=3,FG_theta_zero_feeding,126,6,-99,4,3
0.054,10,100,100,0,353.16179466692455,6.158176797180833,1,0.1,0.7274300540788339,782,D_pmar=0.054_dist=100_repair_6_males=4_nmar=3,FG_theta_zero_feeding,61,10,-99,4,3
0.054,13,0,0,0,359.50414832289607,0,0,0,0.615740740740742,783,D_pmar=0.054_dist=100_repair_6_males=4_nmar=3,FG_theta_zero_feeding,68,13,-99,4,3
0.054,7,0,100,0,353.5970426235692,6.025316867333992,0,0,0.67384860440843,783,D_pmar=0.054_dist=100_repair_6_males=4_nmar=3,FG_theta_zero_feeding,69,7,-99,4,3
0.054,7,100,0,0,359.4556818498122,0,1,0.1,0.4907971912445366,783,D_pmar=0.054_dist=100_repair_6_males=4_nmar=3,FG_theta_zero_feeding,88,7,-99,4,3
0,9,100,100,0,360.2486261332139,0,0,0,0,783,D_pmar=0.054_dist=100_repair_6_males=4_nmar=3,FG_theta_zero_feeding,114,9,-99,4,3
0,9,0,0,0,360.11451138273475,0,0,0,0,784,D_pmar=0.054_dist=100_repair_6_males=4_nmar=3,FG_theta_zero_feeding,129,9,-99,4,3
0.054,10,0,100,0,359.421324530591,0,0,0,0.684640050897726,784,D_pmar=0.054_dist=100_repair_6_males=4_nmar=3,FG_theta_zero_feeding,80,10,-99,4,3
0.054,5,100,0,0,359.47117566773153,0,0,0,0.7452107042342315,784,D_pmar=0.054_dist=100_repair_6_males=4_nmar=3,FG_theta_zero_feeding,80,5,-99,4,3
0.054,12,100,100,0,359.48686538537834,0,0,0,0.5937723796108298,784,D_pmar=0.054_dist=100_repair_6_males=4_nmar=3,FG_theta_zero_feeding,81,12,-99,4,3
0,5,0,0,0,360.1835984412717,0,0,0,0,785,D_pmar=0.054_dist=100_repair_6_males=4_nmar=3,FG_theta_zero_feeding,109,5,-99,4,3
0.054,11,0,100,0,359.5256905167705,0,0,0,0.4953703703703712,785,D_pmar=0.054_dist=100_repair_6_males=4_nmar=3,FG_theta_zero_feeding,68,11,-99,4,3
0.054,12,100,0,0,353.3789222120958,6.0210452545189845,1,0.1,0.611031278043042,785,D_pmar=0.054_dist=100_repair_6_males=4_nmar=3,FG_theta_zero_feeding,72,12,-99,4,3
0.054,8,100,100,0,353.0287821127643,6.282914655396265,1,0.1,0.6083757542985643,785,D_pmar=0.054_dist=100_repair_6_males=4_nmar=3,FG_theta_zero_feeding,75,8,-99,4,3
0,5,0,0,0,360.04969931561607,0,0,0,0,786,D_pmar=0.054_dist=100_repair_6_males=4_nmar=3,FG_theta_zero_feeding,125,5,-99,4,3
0.054,14,0,100,0,359.32152383842373,0,1,0.1,0.6831876967357596,786,D_pmar=0.054_dist=100_repair_6_males=4_nmar=3,FG_theta_zero_feeding,80,14,-99,4,3
0.054,9,100,0,0,359.4321588109327,0,0,0,0.6726688173901938,786,D_pmar=0.054_dist=100_repair_6_males=4_nmar=3,FG_theta_zero_feeding,71,9,-99,4,3
0.054,8,100,100,0,353.4206117073752,6.1164425186034626,0,0,0.5953610173446615,786,D_pmar=0.054_dist=100_repair_6_males=4_nmar=3,FG_theta_zero_feeding,97,8,-99,4,3
0.054,8,0,0,0,359.443734301124,0,0,0,0.7331830202229046,787,D_pmar=0.054_dist=100_repair_6_males=4_nmar=3,FG_theta_zero_feeding,66,8,-99,4,3
0.054,12,0,100,0,359.50944949170815,0,0,0,0.5509259259259269,787,D_pmar=0.054_dist=100_repair_6_males=4_nmar=3,FG_theta_zero_feeding,73,12,-99,4,3
0,6,100,0,0,360.08928155431084,0,0,0,0,787,D_pmar=0.054_dist=100_repair_6_males=4_nmar=3,FG_theta_zero_feeding,143,6,-99,4,3
0.054,10,100,100,0,359.4777556940478,0,0,0,0.682778846020164,787,D_pmar=0.054_dist=100_repair_6_males=4_nmar=3,FG_theta_zero_feeding,89,10,-99,4,3
0.054,7,0,0,0,359.4687559812215,0,0,0,0.5652002829661362,788,D_pmar=0.054_dist=100_repair_6_males=4_nmar=3,FG_theta_zero_feeding,90,7,-99,4,3
0.054,5,0,100,0,359.4026605147571,0,1,0.1,0.6492481020983154,788,D_pmar=0.054_dist=100_repair_6_males=4_nmar=3,FG_theta_zero_feeding,68,5,-99,4,3
0,12,100,0,0,360.0782458990558,0,0,0,0,788,D_pmar=0.054_dist=100_repair_6_males=4_nmar=3,FG_theta_zero_feeding,130,12,-99,4,3
0.054,12,100,100,0,353.22647189961776,6.252542311840949,0,0,0.6531632459290994,788,D_pmar=0.054_dist=100_repair_6_males=4_nmar=3,FG_theta_zero_feeding,57,12,-99,4,3
0.054,10,0,0,0,359.53639389707905,0,0,0,0.5972222222222234,789,D_pmar=0.054_dist=100_repair_6_males=4_nmar=3,FG_theta_zero_feeding,92,10,-99,4,3
0.054,8,0,100,0,359.50307870237117,0,0,0,0.6613556191777127,789,D_pmar=0.054_dist=100_repair_6_males=4_nmar=3,FG_theta_zero_feeding,74,8,-99,4,3
0.054,6,100,0,0,359.5535122285007,0,0,0,0.5366281863214425,789,D_pmar=0.054_dist=100_repair_6_males=4_nmar=3,FG_theta_zero_feeding,71,6,-99,4,3
0,12,100,100,0,360.08398152550643,0,0,0,0,789,D_pmar=0.054_dist=100_repair_6_males=4_nmar=3,FG_theta_zero_feeding,111,12,-99,4,3
0.054,11,0,0,0,359.4859826537327,0,0,0,0.5401344794366311,78,D_pmar=0.054_dist=100_repair_6_males=4_nmar=3,FG_theta_zero_feeding,79,11,-99,4,3
0.054,9,0,100,0,359.5271303097849,0,0,0,0.6411920124215673,78,D_pmar=0.054_dist=100_repair_6_males=4_nmar=3,FG_theta_zero_feeding,77,9,-99,4,3
0,8,100,0,0,360.0943322186261,0,0,0,0,78,D_pmar=0.054_dist=100_repair_6_males=4_nmar=3,FG_theta_zero_feeding,121,8,-99,4,3
0.054,8,100,100,0,359.4038927463637,0,0,0,0.6862851391353525,78,D_pmar=0.054_dist=100_repair_6_males=4_nmar=3,FG_theta_zero_feeding,68,8,-99,4,3
0,10,0,0,0,360.12126065315323,0,0,0,0,790,D_pmar=0.054_dist=100_repair_6_males=4_nmar=3,FG_theta_zero_feeding,127,10,-99,4,3
0.054,5,0,100,0,359.3260311333702,0,0,0,0.6800104212680963,790,D_pmar=0.054_dist=100_repair_6_males=4_nmar=3,FG_theta_zero_feeding,71,5,-99,4,3
0.054,12,100,0,0,359.5646333202161,0,0,0,0.4953703703703712,790,D_pmar=0.054_dist=100_repair_6_males=4_nmar=3,FG_theta_zero_feeding,83,12,-99,4,3
0.054,9,100,100,0,359.3975842434476,0,0,0,0.6476030138606889,790,D_pmar=0.054_dist=100_repair_6_males=4_nmar=3,FG_theta_zero_feeding,73,9,-99,4,3
0.054,12,0,0,0,359.55182254541444,0,0,0,0.5308752201773718,791,D_pmar=0.054_dist=100_repair_6_males=4_nmar=3,FG_theta_zero_feeding,81,12,-99,4,3
0.054,12,0,100,0,359.531999609783,0,0,0,0.5886774487618096,791,D_pmar=0.054_dist=100_repair_6_males=4_nmar=3,FG_theta_zero_feeding,75,12,-99,4,3
0.054,7,100,0,0,359.3215276034576,0,0,0,0.6843110332502006,791,D_pmar=0.054_dist=100_repair_6_males=4_nmar=3,FG_theta_zero_feeding,67,7,-99,4,3
0,5,100,100,0,360.1316331028004,0,0,0,0,791,D_pmar=0.054_dist=100_repair_6_males=4_nmar=3,FG_theta_zero_feeding,119,5,-99,4,3
0.054,7,0,0,0,359.4022053489087,0,0,0,0.6064814814814827,792,D_pmar=0.054_dist=100_repair_6_males=4_nmar=3,FG_theta_zero_feeding,74,7,-99,4,3
0.054,12,0,100,0,359.6828563215131,0,0,0,0.5535580671061295,792,D_pmar=0.054_dist=100_repair_6_males=4_nmar=3,FG_theta_zero_feeding,93,12,-99,4,3
0,9,100,0,0,360.06702814040574,0,0,0,0,792,D_pmar=0.054_dist=100_repair_6_males=4_nmar=3,FG_theta_zero_feeding,106,9,-99,4,3
0.054,8,100,100,0,359.5803012240659,0,0,0,0.5567353425737926,792,D_pmar=0.054_dist=100_repair_6_males=4_nmar=3,FG_theta_zero_feeding,68,8,-99,4,3
0,6,0,0,0,360.03367655774343,0,0,0,0,793,D_pmar=0.054_dist=100_repair_6_males=4_nmar=3,FG_theta_zero_feeding,141,6,-99,4,3
0.054,12,0,100,0,359.4339234063993,0,0,0,0.602895355298224,793,D_pmar=0.054_dist=100_repair_6_males=4_nmar=3,FG_theta_zero_feeding,96,12,-99,4,3
0.054,11,100,0,0,359.2567350521138,0,0,0,0.7587141249718006,793,D_pmar=0.054_dist=100_repair_6_males=4_nmar=3,FG_theta_zero_feeding,79,11,-99,4,3
0.054,7,100,100,0,359.40575750067893,0,0,0,0.6481481481481496,793,D_pmar=0.054_dist=100_repair_6_males=4_nmar=3,FG_theta_zero_feeding,80,7,-99,4,3
0.054,8,0,0,0,359.337619060667,0,0,0,0.7821114576994035,794,D_pmar=0.054_dist=100_repair_6_males=4_nmar=3,FG_theta_zero_feeding,90,8,-99,4,3
0.054,9,0,100,0,359.4117403566054,0,0,0,0.5925127595245235,794,D_pmar=0.054_dist=100_repair_6_males=4_nmar=3,FG_theta_zero_feeding,91,9,-99,4,3
0,8,100,0,0,360.04825523111725,0,0,0,0,794,D_pmar=0.054_dist=100_repair_6_males=4_nmar=3,FG_theta_zero_feeding,112,8,-99,4,3
0.054,11,100,100,0,359.5003309956604,0,0,0,0.5509259259259269,794,D_pmar=0.054_dist=100_repair_6_males=4_nmar=3,FG_theta_zero_feeding,67,11,-99,4,3
0.054,10,0,0,0,359.50633333670766,0,0,0,0.538216824055274,795,D_pmar=0.054_dist=100_repair_6_males=4_nmar=3,FG_theta_zero_feeding,73,10,-99,4,3
0.054,9,0,100,0,359.5089112928006,0,0,0,0.537037037037038,795,D_pmar=0.054_dist=100_repair_6_males=4_nmar=3,FG_theta_zero_feeding,73,9,-99,4,3
0.054,9,100,0,0,359.40625617506873,0,0,0,0.5960190526397121,795,D_pmar=0.054_dist=100_repair_6_males=4_nmar=3,FG_theta_zero_feeding,76,9,-99,4,3
0,8,100,100,0,360.0812605128664,0,0,0,0,795,D_pmar=0.054_dist=100_repair_6_males=4_nmar=3,FG_theta_zero_feeding,110,8,-99,4,3
0.054,16,0,0,0,359.4306035341672,0,0,0,0.7023642505493286,796,D_pmar=0.054_dist=100_repair_6_males=4_nmar=3,FG_theta_zero_feeding,86,16,-99,4,3
0.054,9,0,100,0,359.5473617683547,0,0,0,0.6276321411802039,796,D_pmar=0.054_dist=100_repair_6_males=4_nmar=3,FG_theta_zero_feeding,90,9,-99,4,3
0.054,4,100,0,0,359.44992889248687,0,0,0,0.6527777777777792,796,D_pmar=0.054_dist=100_repair_6_males=4_nmar=3,FG_theta_zero_feeding,88,5,-99,4,3
0,7,100,100,0,360.22181525453766,0,0,0,0,796,D_pmar=0.054_dist=100_repair_6_males=4_nmar=3,FG_theta_zero_feeding,127,7,-99,4,3
0.054,6,0,0,0,359.5031807881374,0,0,0,0.6380147369539042,797,D_pmar=0.054_dist=100_repair_6_males=4_nmar=3,FG_theta_zero_feeding,86,6,-99,4,3
0,12,0,100,0,360.0927226787389,0,0,0,0,797,D_pmar=0.054_dist=100_repair_6_males=4_nmar=3,FG_theta_zero_feeding,120,12,-99,4,3
0.054,9,100,0,0,347.497216307796,12.027554138074324,0,0,0.6249201669319311,797,D_pmar=0.054_dist=100_repair_6_males=4_nmar=3,FG_theta_zero_feeding,84,9,-99,4,3
0.054,9,100,100,0,359.00530035407616,0,2,0.2,0.8118068908585382,797,D_pmar=0.054_dist=100_repair_6_males=4_nmar=3,FG_theta_zero_feeding,84,9,-99,4,3
0,10,0,0,0,360.1711256447488,0,0,0,0,798,D_pmar=0.054_dist=100_repair_6_males=4_nmar=3,FG_theta_zero_feeding,118,10,-99,4,3
0.054,8,0,100,0,359.56106162344355,0,0,0,0.585965474513537,798,D_pmar=0.054_dist=100_repair_6_males=4_nmar=3,FG_theta_zero_feeding,64,8,-99,4,3
0.054,10,100,0,0,359.45407723323234,0,0,0,0.6778201987430089,798,D_pmar=0.054_dist=100_repair_6_males=4_nmar=3,FG_theta_zero_feeding,84,10,-99,4,3
0.054,8,100,100,0,359.487023527169,0,0,0,0.5601851851851862,798,D_pmar=0.054_dist=100_repair_6_males=4_nmar=3,FG_theta_zero_feeding,82,8,-99,4,3
0,4,0,0,0,360.1584371796165,0,0,0,0,799,D_pmar=0.054_dist=100_repair_6_males=4_nmar=3,FG_theta_zero_feeding,147,4,-99,4,3
0.054,10,0,100,0,359.4870555224216,0,0,0,0.6565332554724227,799,D_pmar=0.054_dist=100_repair_6_males=4_nmar=3,FG_theta_zero_feeding,95,10,-99,4,3
0.054,10,100,0,0,359.58169775184933,0,0,0,0.7294839930320559,799,D_pmar=0.054_dist=100_repair_6_males=4_nmar=3,FG_theta_zero_feeding,88,10,-99,4,3
0.054,12,100,100,0,359.3474378433169,0,0,0,0.7352369591761269,799,D_pmar=0.054_dist=100_repair_6_males=4_nmar=3,FG_theta_zero_feeding,76,12,-99,4,3
0.054,7,0,0,0,359.6166139173002,0,0,0,0.5509259259259269,79,D_pmar=0.054_dist=100_repair_6_males=4_nmar=3,FG_theta_zero_feeding,76,7,-99,4,3
0.054,14,0,100,0,359.43503804796916,0,1,0.1,0.6503149881089615,79,D_pmar=0.054_dist=100_repair_6_males=4_nmar=3,FG_theta_zero_feeding,76,14,-99,4,3
0.054,8,100,0,0,353.4392053112001,6.045110708839634,0,0,0.6314674519429176,79,D_pmar=0.054_dist=100_repair_6_males=4_nmar=3,FG_theta_zero_feeding,84,8,-99,4,3
0,7,100,100,0,360.0065300187909,0,0,0,0,79,D_pmar=0.054_dist=100_repair_6_males=4_nmar=3,FG_theta_zero_feeding,123,7,-99,4,3
0.054,9,0,0,0,359.4957362914175,0,0,0,0.5616939898509477,800,D_pmar=0.054_dist=100_repair_6_males=4_nmar=3,FG_theta_zero_feeding,79,9,-99,4,3
0.054,14,0,100,0,359.6249137809422,0,0,0,0.4768518518518526,800,D_pmar=0.054_dist=100_repair_6_males=4_nmar=3,FG_theta_zero_feeding,84,14,-99,4,3
0.054,7,100,0,0,359.4019894024839,0,0,0,0.7760294739078074,800,D_pmar=0.054_dist=100_repair_6_males=4_nmar=3,FG_theta_zero_feeding,71,7,-99,4,3
0,6,100,100,0,360.107602294371,0,0,0,0,800,D_pmar=0.054_dist=100_repair_6_males=4_nmar=3,FG_theta_zero_feeding,107,6,-99,4,3
0.054,10,0,0,0,359.44807521078394,0,0,0,0.5578586790882338,801,D_pmar=0.054_dist=100_repair_6_males=4_nmar=3,FG_theta_zero_feeding,99,10,-99,4,3
0,10,0,100,0,360.1016957689871,0,0,0,0,801,D_pmar=0.054_dist=100_repair_6_males=4_nmar=3,FG_theta_zero_feeding,141,10,-99,4,3
0.054,7,100,0,0,359.37112110198245,0,0,0,0.8219403020527838,801,D_pmar=0.054_dist=100_repair_6_males=4_nmar=3,FG_theta_zero_feeding,77,7,-99,4,3
0.054,9,100,100,0,359.5151532078472,0,0,0,0.6111111111111124,801,D_pmar=0.054_dist=100_repair_6_males=4_nmar=3,FG_theta_zero_feeding,77,9,-99,4,3
0.054,7,0,0,0,359.47498235233377,0,0,0,0.7078446495496691,802,D_pmar=0.054_dist=100_repair_6_males=4_nmar=3,FG_theta_zero_feeding,80,7,-99,4,3
0,7,0,100,0,360.20255406291875,0,0,0,0,802,D_pmar=0.054_dist=100_repair_6_males=4_nmar=3,FG_theta_zero_feeding,111,7,-99,4,3
0.054,10,100,0,0,359.4883792029935,0,0,0,0.6434386854504498,802,D_pmar=0.054_dist=100_repair_6_males=4_nmar=3,FG_theta_zero_feeding,80,10,-99,4,3
0.054,12,100,100,0,359.5586279260004,0,0,0,0.523148148148149,802,D_pmar=0.054_dist=100_repair_6_males=4_nmar=3,FG_theta_zero_feeding,85,12,-99,4,3
0.054,6,0,0,0,359.51876979733015,0,0,0,0.5509259259259269,803,D_pmar=0.054_dist=100_repair_6_males=4_nmar=3,FG_theta_zero_feeding,91,6,-99,4,3
0.054,11,0,100,0,359.37810658874804,0,0,0,0.7132121475424198,803,D_pmar=0.054_dist=100_repair_6_males=4_nmar=3,FG_theta_zero_feeding,78,11,-99,4,3
0.054,8,100,0,0,359.49860250865555,0,0,0,0.6966112844052581,803,D_pmar=0.054_dist=100_repair_6_males=4_nmar=3,FG_theta_zero_feeding,84,8,-99,4,3
0,11,100,100,0,360.2111314955417,0,0,0,0,803,D_pmar=0.054_dist=100_repair_6_males=4_nmar=3,FG_theta_zero_feeding,132,11,-99,4,3
0,13,0,0,0,360.2387343786076,0,0,0,0,804,D_pmar=0.054_dist=100_repair_6_males=4_nmar=3,FG_theta_zero_feeding,122,13,-99,4,3
0.054,9,0,100,0,353.44098824157606,6.008659584024032,0,0,0.6584509108537797,804,D_pmar=0.054_dist=100_repair_6_males=4_nmar=3,FG_theta_zero_feeding,90,9,-99,4,3
0.054,7,100,0,0,359.31891066255724,0,1,0.1,0.6573275743393385,804,D_pmar=0.054_dist=100_repair_6_males=4_nmar=3,FG_theta_zero_feeding,74,7,-99,4,3
0.054,7,100,100,0,359.6769794752464,0,0,0,0.5138888888888897,804,D_pmar=0.054_dist=100_repair_6_males=4_nmar=3,FG_theta_zero_feeding,74,7,-99,4,3
0.054,12,0,0,0,359.44750808899624,0,0,0,0.592978060743914,805,D_pmar=0.054_dist=100_repair_6_males=4_nmar=3,FG_theta_zero_feeding,79,12,-99,4,3
0.054,9,0,100,0,359.3412761021882,0,0,0,0.6673811524655135,805,D_pmar=0.054_dist=100_repair_6_males=4_nmar=3,FG_theta_zero_feeding,80,9,-99,4,3
0.054,4,100,0,0,359.3760930062669,0,0,0,0.6241258480650151,805,D_pmar=0.054_dist=100_repair_6_males=4_nmar=3,FG_theta_zero_feeding,82,4,-99,4,3
0,11,100,100,0,360.029631363107,0,0,0,0,805,D_pmar=0.054_dist=100_repair_6_males=4_nmar=3,FG_theta_zero_feeding,118,11,-99,4,3
0,6,0,0,0,360.11468351369507,0,0,0,0,806,D_pmar=0.054_dist=100_repair_6_males=4_nmar=3,FG_theta_zero_feeding,133,6,-99,4,3
0.054,11,0,100,0,359.34954021934294,0,1,0.1,0.7698910396124167,806,D_pmar=0.054_dist=100_repair_6_males=4_nmar=3,FG_theta_zero_feeding,76,11,-99,4,3
0.054,7,100,0,0,353.15296817317625,6.200021509108626,0,0,0.741704411119043,806,D_pmar=0.054_dist=100_repair_6_males=4_nmar=3,FG_theta_zero_feeding,89,7,-99,4,3
0.054,12,100,100,0,359.53808594289234,0,0,0,0.523148148148149,806,D_pmar=0.054_dist=100_repair_6_males=4_nmar=3,FG_theta_zero_feeding,86,12,-99,4,3
0.054,7,0,0,0,359.635030788963,0,1,0.1,0.5933070783914394,807,D_pmar=0.054_dist=100_repair_6_males=4_nmar=3,FG_theta_zero_feeding,87,7,-99,4,3
0.054,6,0,100,0,353.33554717506723,6.033024499347994,0,0,0.7394577380901607,807,D_pmar=0.054_dist=100_repair_6_males=4_nmar=3,FG_theta_zero_feeding,74,6,-99,4,3
0.054,12,100,0,0,359.45109255199293,0,0,0,0.6411920124215674,807,D_pmar=0.054_dist=100_repair_6_males=4_nmar=3,FG_theta_zero_feeding,74,12,-99,4,3
0,11,100,100,0,360.19844113469026,0,0,0,0,807,D_pmar=0.054_dist=100_repair_6_males=4_nmar=3,FG_theta_zero_feeding,128,11,-99,4,3
0.054,8,0,0,0,359.638012623922,0,0,0,0.5308752201773718,808,D_pmar=0.054_dist=100_repair_6_males=4_nmar=3,FG_theta_zero_feeding,82,8,-99,4,3
0.054,10,0,100,0,359.5611829195965,0,0,0,0.6126199157768738,808,D_pmar=0.054_dist=100_repair_6_males=4_nmar=3,FG_theta_zero_feeding,80,10,-99,4,3
0.054,9,100,0,0,359.4068760073378,0,0,0,0.615740740740742,808,D_pmar=0.054_dist=100_repair_6_males=4_nmar=3,FG_theta_zero_feeding,74,9,-99,4,3
0,9,100,100,0,360.0967341738124,0,0,0,0,808,D_pmar=0.054_dist=100_repair_6_males=4_nmar=3,FG_theta_zero_feeding,115,9,-99,4,3
0.054,14,0,0,0,353.4567014620898,6.097035161569639,0,0,0.4960848561692168,809,D_pmar=0.054_dist=100_repair_6_males=4_nmar=3,FG_theta_zero_feeding,82,14,-99,4,3
0,8,0,100,0,360.1137908983543,0,0,0,0,809,D_pmar=0.054_dist=100_repair_6_males=4_nmar=3,FG_theta_zero_feeding,101,8,-99,4,3
0.054,7,100,0,0,359.2417360779303,0,1,0.1,0.6729978350377193,809,D_pmar=0.054_dist=100_repair_6_males=4_nmar=3,FG_theta_zero_feeding,85,7,-99,4,3
0.054,7,100,100,0,359.66856948963493,0,0,0,0.6437677030979748,809,D_pmar=0.054_dist=100_repair_6_males=4_nmar=3,FG_theta_zero_feeding,66,7,-99,4,3
0.054,7,0,0,0,359.42115194269064,0,0,0,0.6913236194805777,80,D_pmar=0.054_dist=100_repair_6_males=4_nmar=3,FG_theta_zero_feeding,68,7,-99,4,3
0.054,11,0,100,0,359.3875327232205,0,0,0,0.6634660086347295,80,D_pmar=0.054_dist=100_repair_6_males=4_nmar=3,FG_theta_zero_feeding,79,11,-99,4,3
0,8,100,0,0,360.0579338937816,0,0,0,0,80,D_pmar=0.054_dist=100_repair_6_males=4_nmar=3,FG_theta_zero_feeding,130,8,-99,4,3
0.054,10,100,100,0,359.4786545875334,0,0,0,0.5898007852762508,80,D_pmar=0.054_dist=100_repair_6_males=4_nmar=3,FG_theta_zero_feeding,78,10,-99,4,3
0.054,10,0,0,0,359.319796140056,0,0,0,0.7248543634024264,810,D_pmar=0.054_dist=100_repair_6_males=4_nmar=3,FG_theta_zero_feeding,75,10,-99,4,3
0.054,6,0,100,0,359.4074589095816,0,0,0,0.692446955995019,810,D_pmar=0.054_dist=100_repair_6_males=4_nmar=3,FG_theta_zero_feeding,94,6,-99,4,3
0,11,100,0,0,360.1339986834073,0,0,0,0,810,D_pmar=0.054_dist=100_repair_6_males=4_nmar=3,FG_theta_zero_feeding,138,11,-99,4,3
0.054,9,100,100,0,359.50081726798885,0,0,0,0.6735195867609047,810,D_pmar=0.054_dist=100_repair_6_males=4_nmar=3,FG_theta_zero_feeding,80,9,-99,4,3
0,10,0,0,0,360.0748644125938,0,0,0,0,811,D_pmar=0.054_dist=100_repair_6_males=4_nmar=3,FG_theta_zero_feeding,119,10,-99,4,3
0.054,7,0,100,0,359.46584840811585,0,0,0,0.8161075028406426,811,D_pmar=0.054_dist=100_repair_6_males=4_nmar=3,FG_theta_zero_feeding,80,7,-99,4,3
0.054,8,100,0,0,359.73437165137113,0,0,0,0.5046296296296304,811,D_pmar=0.054_dist=100_repair_6_males=4_nmar=3,FG_theta_zero_feeding,96,8,-99,4,3
0.054,11,100,100,0,359.36527692631876,0,0,0,0.6878173263653892,811,D_pmar=0.054_dist=100_repair_6_males=4_nmar=3,FG_theta_zero_feeding,85,11,-99,4,3
0.054,11,0,0,0,359.38109230711143,0,0,0,0.6261797870182375,812,D_pmar=0.054_dist=100_repair_6_males=4_nmar=3,FG_theta_zero_feeding,83,11,-99,4,3
0,9,0,100,0,360.260025648896,0,0,0,0,812,D_pmar=0.054_dist=100_repair_6_males=4_nmar=3,FG_theta_zero_feeding,126,9,-99,4,3
0.054,7,100,0,0,359.4675074106614,0,0,0,0.6534922635766248,812,D_pmar=0.054_dist=100_repair_6_males=4_nmar=3,FG_theta_zero_feeding,89,7,-99,4,3
0.054,9,100,100,0,359.53532781236015,0,0,0,0.6831876967357597,812,D_pmar=0.054_dist=100_repair_6_males=4_nmar=3,FG_theta_zero_feeding,80,9,-99,4,3
0.054,11,0,0,0,359.38484201255,0,0,0,0.6723397997426687,813,D_pmar=0.054_dist=100_repair_6_males=4_nmar=3,FG_theta_zero_feeding,78,11,-99,4,3
0.054,8,0,100,0,359.59624775397907,0,0,0,0.5984020092404595,813,D_pmar=0.054_dist=100_repair_6_males=4_nmar=3,FG_theta_zero_feeding,77,8,-99,4,3
0,9,100,0,0,360.00040164550575,0,0,0,0,813,D_pmar=0.054_dist=100_repair_6_males=4_nmar=3,FG_theta_zero_feeding,120,9,-99,4,3
0.054,8,100,100,0,359.4802086053664,0,0,0,0.6153318900251464,813,D_pmar=0.054_dist=100_repair_6_males=4_nmar=3,FG_theta_zero_feeding,86,8,-99,4,3
0.054,8,0,0,0,359.4168206295578,0,0,0,0.6279611588277291,814,D_pmar=0.054_dist=100_repair_6_males=4_nmar=3,FG_theta_zero_feeding,86,8,-99,4,3
0.054,9,0,100,0,359.37975803336457,0,0,0,0.629629629629631,814,D_pmar=0.054_dist=100_repair_6_males=4_nmar=3,FG_theta_zero_feeding,82,9,-99,4,3
0.054,9,100,0,0,359.46146939483435,0,0,0,0.7706055254112619,814,D_pmar=0.054_dist=100_repair_6_males=4_nmar=3,FG_theta_zero_feeding,93,9,-99,4,3
0,10,100,100,0,360.22346617183405,0,0,0,0,814,D_pmar=0.054_dist=100_repair_6_males=4_nmar=3,FG_theta_zero_feeding,122,10,-99,4,3
0.054,9,0,0,0,359.3476624217767,0,0,0,0.6823933778688436,815,D_pmar=0.054_dist=100_repair_6_males=4_nmar=3,FG_theta_zero_feeding,74,9,-99,4,3
0.054,10,0,100,0,359.20992502242683,0,0,0,0.808436881315215,815,D_pmar=0.054_dist=100_repair_6_males=4_nmar=3,FG_theta_zero_feeding,78,10,-99,4,3
0,8,100,0,0,360.175662876196,0,0,0,0,815,D_pmar=0.054_dist=100_repair_6_males=4_nmar=3,FG_theta_zero_feeding,129,8,-99,4,3
0.054,9,100,100,0,359.58268762910586,0,0,0,0.5273689270621833,815,D_pmar=0.054_dist=100_repair_6_males=4_nmar=3,FG_theta_zero_feeding,87,9,-99,4,3
0.054,12,0,0,0,359.3857380429385,0,0,0,0.6504512716808268,816,D_pmar=0.054_dist=100_repair_6_males=4_nmar=3,FG_theta_zero_feeding,87,12,-99,4,3
0.054,7,0,100,0,359.3123124597831,0,0,0,0.765261409982787,816,D_pmar=0.054_dist=100_repair_6_males=4_nmar=3,FG_theta_zero_feeding,87,7,-99,4,3
0.054,5,100,0,0,359.47009826401364,0,0,0,0.6480683150800793,816,D_pmar=0.054_dist=100_repair_6_males=4_nmar=3,FG_theta_zero_feeding,94,5,-99,4,3
0,12,100,100,0,360.0656046861619,0,0,0,0,816,D_pmar=0.054_dist=100_repair_6_males=4_nmar=3,FG_theta_zero_feeding,126,12,-99,4,3
0.054,11,0,0,0,359.4655569239615,0,0,0,0.7005030456717668,817,D_pmar=0.054_dist=100_repair_6_males=4_nmar=3,FG_theta_zero_feeding,75,11,-99,4,3
0.054,10,0,100,0,359.4499510983837,0,0,0,0.6346447274105809,817,D_pmar=0.054_dist=100_repair_6_males=4_nmar=3,FG_theta_zero_feeding,81,10,-99,4,3
0,5,100,0,0,360.0227321909177,0,0,0,0,817,D_pmar=0.054_dist=100_repair_6_males=4_nmar=3,FG_theta_zero_feeding,129,5,-99,4,3
0.054,10,100,100,0,359.33418187373877,0,0,0,0.6712164632282276,817,D_pmar=0.054_dist=100_repair_6_males=4_nmar=3,FG_theta_zero_feeding,85,10,-99,4,3
0.054,15,0,0,0,359.375495155532,0,0,0,0.7097058544272311,818,D_pmar=0.054_dist=100_repair_6_males=4_nmar=3,FG_theta_zero_feeding,73,15,-99,4,3
0.054,7,0,100,0,359.4890888442474,0,0,0,0.6194962184353857,818,D_pmar=0.054_dist=100_repair_6_males=4_nmar=3,FG_theta_zero_feeding,70,7,-99,4,3
0,7,100,0,0,360.1318128664207,0,0,0,0,818,D_pmar=0.054_dist=100_repair_6_males=4_nmar=3,FG_theta_zero_feeding,123,7,-99,4,3
0.054,7,100,100,0,359.6456951535016,0,0,0,0.6369478509432581,818,D_pmar=0.054_dist=100_repair_6_males=4_nmar=3,FG_theta_zero_feeding,92,7,-99,4,3
0,11,0,0,0,360.12926994347055,0,0,0,0,819,D_pmar=0.054_dist=100_repair_6_males=4_nmar=3,FG_theta_zero_feeding,120,11,-99,4,3
0.054,9,0,100,0,359.38218529210883,0,0,0,0.6342592592592606,819,D_pmar=0.054_dist=100_repair_6_males=4_nmar=3,FG_theta_zero_feeding,72,9,-99,4,3
0.054,9,100,0,0,359.48210803604286,0,0,0,0.6183728819209445,819,D_pmar=0.054_dist=100_repair_6_males=4_nmar=3,FG_theta_zero_feeding,74,9,-99,4,3
0.054,7,100,100,0,359.56194446554713,0,0,0,0.5968133715066279,819,D_pmar=0.054_dist=100_repair_6_males=4_nmar=3,FG_theta_zero_feeding,102,7,-99,4,3
0,7,0,0,0,360.01666163010304,0,0,0,0,81,D_pmar=0.054_dist=100_repair_6_males=4_nmar=3,FG_theta_zero_feeding,129,7,-99,4,3
0.054,12,0,100,0,359.3469770394868,0,0,0,0.7092970037116355,81,D_pmar=0.054_dist=100_repair_6_males=4_nmar=3,FG_theta_zero_feeding,79,12,-99,4,3
0.054,8,100,0,0,359.62899049482644,0,0,0,0.6812700413544027,81,D_pmar=0.054_dist=100_repair_6_males=4_nmar=3,FG_theta_zero_feeding,86,8,-99,4,3
0.054,9,100,100,0,359.4628082534714,0,0,0,0.5416666666666676,81,D_pmar=0.054_dist=100_repair_6_males=4_nmar=3,FG_theta_zero_feeding,72,9,-99,4,3
0,7,0,0,0,360.08443820107107,0,0,0,0,820,D_pmar=0.054_dist=100_repair_6_males=4_nmar=3,FG_theta_zero_feeding,124,7,-99,4,3
0.054,7,0,100,0,353.29319634826504,6.02691513973057,1,0.1,0.6036896741651399,820,D_pmar=0.054_dist=100_repair_6_males=4_nmar=3,FG_theta_zero_feeding,72,7,-99,4,3
0.054,7,100,0,0,355.25952432459263,4.206655669602255,0,0,0.6584509108537796,820,D_pmar=0.054_dist=100_repair_6_males=4_nmar=3,FG_theta_zero_feeding,69,7,-99,4,3
0.054,15,100,100,0,359.5281392947835,0,1,0.1,0.4953703703703712,820,D_pmar=0.054_dist=100_repair_6_males=4_nmar=3,FG_theta_zero_feeding,79,15,-99,4,3
0.054,10,0,0,0,359.45628663418984,0,0,0,0.5666526371281027,821,D_pmar=0.054_dist=100_repair_6_males=4_nmar=3,FG_theta_zero_feeding,89,10,-99,4,3
0.054,12,0,100,0,359.3329891508283,0,0,0,0.7444163853673157,821,D_pmar=0.054_dist=100_repair_6_males=4_nmar=3,FG_theta_zero_feeding,85,12,-99,4,3
0.054,10,100,0,0,359.52215997092776,0,0,0,0.5972222222222234,821,D_pmar=0.054_dist=100_repair_6_males=4_nmar=3,FG_theta_zero_feeding,72,10,-99,4,3
0,4,100,100,0,360.18232476286926,0,0,0,0,821,D_pmar=0.054_dist=100_repair_6_males=4_nmar=3,FG_theta_zero_feeding,114,4,-99,4,3
0.054,9,0,0,0,353.1898830073725,6.1639785312623525,0,0,0.6558752201773722,822,D_pmar=0.054_dist=100_repair_6_males=4_nmar=3,FG_theta_zero_feeding,87,10,-99,4,3
0.054,13,0,100,0,359.55715394550623,0,0,0,0.6030316388700891,822,D_pmar=0.054_dist=100_repair_6_males=4_nmar=3,FG_theta_zero_feeding,97,13,-99,4,3
0.054,6,100,0,0,359.17304838293603,0,1,0.1,0.7744408361739759,822,D_pmar=0.054_dist=100_repair_6_males=4_nmar=3,FG_theta_zero_feeding,65,6,-99,4,3
0,8,100,100,0,360.033705501359,0,0,0,0,822,D_pmar=0.054_dist=100_repair_6_males=4_nmar=3,FG_theta_zero_feeding,126,8,-99,4,3
0.054,10,0,0,0,353.24499186087104,6.057101727356725,1,0.1,0.7054616929489217,823,D_pmar=0.054_dist=100_repair_6_males=4_nmar=3,FG_theta_zero_feeding,70,10,-99,4,3
0.054,8,0,100,0,353.3049365879234,6.116676163341767,2,0.2,0.6114965792624326,823,D_pmar=0.054_dist=100_repair_6_males=4_nmar=3,FG_theta_zero_feeding,80,8,-99,4,3
0.054,9,100,0,0,353.36173722484847,6.182097800970087,0,0,0.6014430011362576,823,D_pmar=0.054_dist=100_repair_6_males=4_nmar=3,FG_theta_zero_feeding,94,9,-99,4,3
0,9,100,100,0,360.0856367425926,0,0,0,0,823,D_pmar=0.054_dist=100_repair_6_males=4_nmar=3,FG_theta_zero_feeding,107,9,-99,4,3
0,10,0,0,0,360.0540558586261,0,0,0,0,824,D_pmar=0.054_dist=100_repair_6_males=4_nmar=3,FG_theta_zero_feeding,130,10,-99,4,3
0.054,11,0,100,0,359.26967379960075,0,0,0,0.7467993419680632,824,D_pmar=0.054_dist=100_repair_6_males=4_nmar=3,FG_theta_zero_feeding,79,11,-99,4,3
0.054,4,100,0,0,359.3647299177764,0,0,0,0.7263067175643928,824,D_pmar=0.054_dist=100_repair_6_males=4_nmar=3,FG_theta_zero_feeding,66,4,-99,4,3
0.054,11,100,100,0,359.60571322751974,0,0,0,0.5270399094146578,824,D_pmar=0.054_dist=100_repair_6_males=4_nmar=3,FG_theta_zero_feeding,92,11,-99,4,3
0.054,15,0,0,0,359.29024408444565,0,1,0.1,0.6969967525565782,825,D_pmar=0.054_dist=100_repair_6_males=4_nmar=3,FG_theta_zero_feeding,82,16,-99,4,3
0,10,0,100,0,360.0071114246244,0,0,0,0,825,D_pmar=0.054_dist=100_repair_6_males=4_nmar=3,FG_theta_zero_feeding,134,10,-99,4,3
0.054,5,100,0,0,359.5105580513344,0,0,0,0.5555555555555566,825,D_pmar=0.054_dist=100_repair_6_males=4_nmar=3,FG_theta_zero_feeding,82,5,-99,4,3
0.054,6,100,100,0,353.3799411003404,6.132981300133547,0,0,0.661628186321443,825,D_pmar=0.054_dist=100_repair_6_males=4_nmar=3,FG_theta_zero_feeding,67,7,-99,4,3
0.054,6,0,0,0,359.5304825856268,0,0,0,0.6780927658867395,826,D_pmar=0.054_dist=100_repair_6_males=4_nmar=3,FG_theta_zero_feeding,90,6,-99,4,3
0.054,13,0,100,0,359.2470773878916,0,0,0,0.8303254093770568,826,D_pmar=0.054_dist=100_repair_6_males=4_nmar=3,FG_theta_zero_feeding,87,13,-99,4,3
0.054,7,100,0,0,359.452605583782,0,0,0,0.5833333333333345,826,D_pmar=0.054_dist=100_repair_6_males=4_nmar=3,FG_theta_zero_feeding,85,7,-99,4,3
0,10,100,100,0,360.02270291676666,0,0,0,0,826,D_pmar=0.054_dist=100_repair_6_males=4_nmar=3,FG_theta_zero_feeding,131,10,-99,4,3
0.054,7,0,0,0,353.43029021984097,6.1303058534643435,1,0.1,0.4953703703703712,827,D_pmar=0.054_dist=100_repair_6_males=4_nmar=3,FG_theta_zero_feeding,73,8,-99,4,3
0.054,10,0,100,0,353.3480090109274,6.051065057693376,1,0.1,0.5867597933804529,827,D_pmar=0.054_dist=100_repair_6_males=4_nmar=3,FG_theta_zero_feeding,66,11,-99,4,3
0.054,13,100,0,0,359.4147776845676,0,0,0,0.6099079415286008,827,D_pmar=0.054_dist=100_repair_6_males=4_nmar=3,FG_theta_zero_feeding,71,13,-99,4,3
0,6,100,100,0,360.09480004421886,0,0,0,0,827,D_pmar=0.054_dist=100_repair_6_males=4_nmar=3,FG_theta_zero_feeding,124,6,-99,4,3
0.054,11,0,0,0,353.25109513064643,6.145946164312756,1,0.1,0.7017062152542781,828,D_pmar=0.054_dist=100_repair_6_males=4_nmar=3,FG_theta_zero_feeding,106,11,-99,4,3
0.054,9,0,100,0,353.1889782921492,6.080390857041438,1,0.1,0.7421132618346388,828,D_pmar=0.054_dist=100_repair_6_males=4_nmar=3,FG_theta_zero_feeding,88,9,-99,4,3
0,8,100,0,0,360.24701021613663,0,0,0,0,828,D_pmar=0.054_dist=100_repair_6_males=4_nmar=3,FG_theta_zero_feeding,135,8,-99,4,3
0.054,8,100,100,0,359.23981650538497,0,0,0,0.7711506596987228,828,D_pmar=0.054_dist=100_repair_6_males=4_nmar=3,FG_theta_zero_feeding,96,8,-99,4,3
0.054,8,0,0,0,359.2433778214192,0,0,0,0.8473915737336091,829,D_pmar=0.054_dist=100_repair_6_males=4_nmar=3,FG_theta_zero_feeding,88,8,-99,4,3
0,10,0,100,0,360.1264834841635,0,0,0,0,829,D_pmar=0.054_dist=100_repair_6_males=4_nmar=3,FG_theta_zero_feeding,119,10,-99,4,3
0.054,9,100,0,0,359.48163840461694,0,0,0,0.537037037037038,829,D_pmar=0.054_dist=100_repair_6_males=4_nmar=3,FG_theta_zero_feeding,92,9,-99,4,3
0.054,9,100,100,0,359.3945491921382,0,0,0,0.6167842441871128,829,D_pmar=0.054_dist=100_repair_6_males=4_nmar=3,FG_theta_zero_feeding,79,9,-99,4,3
0.054,9,0,0,0,353.359155018986,6.093676256946092,0,0,0.5790891718550252,82,D_pmar=0.054_dist=100_repair_6_males=4_nmar=3,FG_theta_zero_feeding,105,10,-99,4,3
0.054,9,0,100,0,353.40741216367934,6.10274244776067,1,0.1,0.5879629629629641,82,D_pmar=0.054_dist=100_repair_6_males=4_nmar=3,FG_theta_zero_feeding,89,10,-99,4,3
0.054,12,100,0,0,353.013148119978,6.165949469109546,2,0.2,0.8630618344319896,82,D_pmar=0.054_dist=100_repair_6_males=4_nmar=3,FG_theta_zero_feeding,76,13,-99,4,3
0,6,100,100,0,360.15243311323184,0,0,0,0,82,D_pmar=0.054_dist=100_repair_6_males=4_nmar=3,FG_theta_zero_feeding,113,6,-99,4,3
0.054,6,0,0,0,359.46645894415855,0,0,0,0.5917184406576077,830,D_pmar=0.054_dist=100_repair_6_males=4_nmar=3,FG_theta_zero_feeding,81,6,-99,4,3
0,12,0,100,0,360.1217313959401,0,0,0,0,830,D_pmar=0.054_dist=100_repair_6_males=4_nmar=3,FG_theta_zero_feeding,124,12,-99,4,3
0.054,7,100,0,0,359.3893667049148,0,0,0,0.6284264600471196,830,D_pmar=0.054_dist=100_repair_6_males=4_nmar=3,FG_theta_zero_feeding,77,7,-99,4,3
0.054,11,100,100,0,359.6522820889552,0,0,0,0.5555555555555566,830,D_pmar=0.054_dist=100_repair_6_males=4_nmar=3,FG_theta_zero_feeding,68,11,-99,4,3
0.054,8,0,0,0,359.4332153788957,0,0,0,0.6569985566918132,831,D_pmar=0.054_dist=100_repair_6_males=4_nmar=3,FG_theta_zero_feeding,89,8,-99,4,3
0,13,0,100,0,360.0852732728031,0,0,0,0,831,D_pmar=0.054_dist=100_repair_6_males=4_nmar=3,FG_theta_zero_feeding,123,13,-99,4,3
0.054,11,100,0,0,359.41362617365075,0,0,0,0.6823933778688438,831,D_pmar=0.054_dist=100_repair_6_males=4_nmar=3,FG_theta_zero_feeding,90,11,-99,4,3
0.054,4,100,100,0,359.5506866815617,0,0,0,0.7282243729457497,831,D_pmar=0.054_dist=100_repair_6_males=4_nmar=3,FG_theta_zero_feeding,92,4,-99,4,3
0.054,13,0,0,0,359.39312263132257,0,0,0,0.6360970815725472,832,D_pmar=0.054_dist=100_repair_6_males=4_nmar=3,FG_theta_zero_feeding,82,13,-99,4,3
0,10,0,100,0,360.2678758484584,0,0,0,0,832,D_pmar=0.054_dist=100_repair_6_males=4_nmar=3,FG_theta_zero_feeding,115,10,-99,4,3
0.054,5,100,0,0,359.478973755286,0,0,0,0.6071959672803282,832,D_pmar=0.054_dist=100_repair_6_males=4_nmar=3,FG_theta_zero_feeding,92,5,-99,4,3
0.054,8,100,100,0,359.55743444538103,0,0,0,0.6018518518518531,832,D_pmar=0.054_dist=100_repair_6_males=4_nmar=3,FG_theta_zero_feeding,76,8,-99,4,3
0.054,9,0,0,0,359.57735087871407,0,0,0,0.5138888888888897,833,D_pmar=0.054_dist=100_repair_6_males=4_nmar=3,FG_theta_zero_feeding,88,9,-99,4,3
0.054,7,0,100,0,359.31542340436266,0,0,0,0.6924469559950188,833,D_pmar=0.054_dist=100_repair_6_males=4_nmar=3,FG_theta_zero_feeding,69,7,-99,4,3
0,15,100,0,0,360.0151909214725,0,0,0,0,833,D_pmar=0.054_dist=100_repair_6_males=4_nmar=3,FG_theta_zero_feeding,126,15,-99,4,3
0.054,5,100,100,0,359.31042267125275,0,0,0,0.6919816547756283,833,D_pmar=0.054_dist=100_repair_6_males=4_nmar=3,FG_theta_zero_feeding,91,5,-99,4,3
0.054,7,0,0,0,359.5953013166408,0,0,0,0.6392743570402106,834,D_pmar=0.054_dist=100_repair_6_males=4_nmar=3,FG_theta_zero_feeding,69,7,-99,4,3
0.054,7,0,100,0,359.5893483109196,0,0,0,0.6167842441871129,834,D_pmar=0.054_dist=100_repair_6_males=4_nmar=3,FG_theta_zero_feeding,96,7,-99,4,3
0,8,100,0,0,360.15068104082246,0,0,0,0,834,D_pmar=0.054_dist=100_repair_6_males=4_nmar=3,FG_theta_zero_feeding,116,8,-99,4,3
0.054,14,100,100,0,359.59371485071927,0,0,0,0.6780927658867394,834,D_pmar=0.054_dist=100_repair_6_males=4_nmar=3,FG_theta_zero_feeding,85,14,-99,4,3
0.054,8,0,0,0,359.4805842243094,0,0,0,0.6064814814814827,835,D_pmar=0.054_dist=100_repair_6_males=4_nmar=3,FG_theta_zero_feeding,92,8,-99,4,3
0.054,11,0,100,0,359.4434624940072,0,0,0,0.6769694293722984,835,D_pmar=0.054_dist=100_repair_6_males=4_nmar=3,FG_theta_zero_feeding,88,11,-99,4,3
0,7,100,0,0,360.09879562711234,0,0,0,0,835,D_pmar=0.054_dist=100_repair_6_males=4_nmar=3,FG_theta_zero_feeding,129,7,-99,4,3
0.054,10,100,100,0,359.31334791733826,0,0,0,0.7841653966526256,835,D_pmar=0.054_dist=100_repair_6_males=4_nmar=3,FG_theta_zero_feeding,85,10,-99,4,3
0.054,9,0,0,0,359.40798832827056,0,1,0.1,0.5216159609181124,836,D_pmar=0.054_dist=100_repair_6_males=4_nmar=3,FG_theta_zero_feeding,78,9,-99,4,3
0.054,7,0,100,0,359.3973326728351,0,0,0,0.6473304467169584,836,D_pmar=0.054_dist=100_repair_6_males=4_nmar=3,FG_theta_zero_feeding,66,7,-99,4,3
0.054,9,100,0,0,353.7607917551133,6.040674685601558,0,0,0.4768518518518526,836,D_pmar=0.054_dist=100_repair_6_males=4_nmar=3,FG_theta_zero_feeding,76,9,-99,4,3
0,11,100,100,0,360.12705813454653,0,0,0,0,836,D_pmar=0.054_dist=100_repair_6_males=4_nmar=3,FG_theta_zero_feeding,92,11,-99,4,3
0.054,10,0,0,0,359.56771885548665,0,0,0,0.7042819059306857,837,D_pmar=0.054_dist=100_repair_6_males=4_nmar=3,FG_theta_zero_feeding,80,10,-99,4,3
0.054,6,0,100,0,353.2782314099468,6.080733735856994,0,0,0.714720952208181,837,D_pmar=0.054_dist=100_repair_6_males=4_nmar=3,FG_theta_zero_feeding,107,6,-99,4,3
0,10,100,0,0,360.2318379027942,0,0,0,0,837,D_pmar=0.054_dist=100_repair_6_males=4_nmar=3,FG_theta_zero_feeding,122,10,-99,4,3
0.054,10,100,100,0,359.31384523584256,0,1,0.1,0.7416479606152481,837,D_pmar=0.054_dist=100_repair_6_males=4_nmar=3,FG_theta_zero_feeding,79,10,-99,4,3
0.054,6,0,0,0,359.34237260982576,0,0,0,0.7051326753013963,838,D_pmar=0.054_dist=100_repair_6_males=4_nmar=3,FG_theta_zero_feeding,77,6,-99,4,3
0,5,0,100,0,360.18604917530496,0,0,0,0,838,D_pmar=0.054_dist=100_repair_6_males=4_nmar=3,FG_theta_zero_feeding,117,5,-99,4,3
0.054,11,100,0,0,359.4056001363935,0,0,0,0.6927759736425443,838,D_pmar=0.054_dist=100_repair_6_males=4_nmar=3,FG_theta_zero_feeding,85,11,-99,4,3
0.054,14,100,100,0,359.57110905875123,0,0,0,0.523148148148149,838,D_pmar=0.054_dist=100_repair_6_males=4_nmar=3,FG_theta_zero_feeding,85,14,-99,4,3
0.054,10,0,0,0,359.6431429322416,0,0,0,0.6685044889799547,839,D_pmar=0.054_dist=100_repair_6_males=4_nmar=3,FG_theta_zero_feeding,77,10,-99,4,3
0.054,12,0,100,0,359.3849643081721,0,0,0,0.6483973327276045,839,D_pmar=0.054_dist=100_repair_6_males=4_nmar=3,FG_theta_zero_feeding,95,12,-99,4,3
0,9,100,0,0,360.2675574087448,0,0,0,0,839,D_pmar=0.054_dist=100_repair_6_males=4_nmar=3,FG_theta_zero_feeding,120,9,-99,4,3
0.054,5,100,100,0,359.644566969878,0,0,0,0.5555555555555566,839,D_pmar=0.054_dist=100_repair_6_males=4_nmar=3,FG_theta_zero_feeding,76,5,-99,4,3
0.054,9,0,0,0,359.5464861263094,0,1,0.1,0.5555555555555566,83,D_pmar=0.054_dist=100_repair_6_males=4_nmar=3,FG_theta_zero_feeding,85,9,-99,4,3
0,9,0,100,0,360.129831488771,0,0,0,0,83,D_pmar=0.054_dist=100_repair_6_males=4_nmar=3,FG_theta_zero_feeding,123,9,-99,4,3
0.054,10,100,0,0,353.05952646641293,6.204553798792138,0,0,0.7697547560405515,83,D_pmar=0.054_dist=100_repair_6_males=4_nmar=3,FG_theta_zero_feeding,81,10,-99,4,3
0.054,8,100,100,0,359.30886244233443,0,0,0,0.7501693515113864,83,D_pmar=0.054_dist=100_repair_6_males=4_nmar=3,FG_theta_zero_feeding,98,8,-99,4,3
0.054,14,0,0,0,359.4782700992347,0,0,0,0.5948957161252708,840,D_pmar=0.054_dist=100_repair_6_males=4_nmar=3,FG_theta_zero_feeding,70,14,-99,4,3
0,8,0,100,0,360.0980798470831,0,0,0,0,840,D_pmar=0.054_dist=100_repair_6_males=4_nmar=3,FG_theta_zero_feeding,123,8,-99,4,3
0.054,6,100,0,0,359.44914900821027,0,0,0,0.6573275743393386,840,D_pmar=0.054_dist=100_repair_6_males=4_nmar=3,FG_theta_zero_feeding,83,6,-99,4,3
0.054,8,100,100,0,359.61656911767034,0,0,0,0.5683775584337994,840,D_pmar=0.054_dist=100_repair_6_males=4_nmar=3,FG_theta_zero_feeding,75,8,-99,4,3
0.054,12,0,0,0,359.3647216165526,0,0,0,0.6484537832313996,841,D_pmar=0.054_dist=100_repair_6_males=4_nmar=3,FG_theta_zero_feeding,88,12,-99,4,3
0.054,12,0,100,0,359.27619392118424,0,2,0.2,0.6415210300690927,841,D_pmar=0.054_dist=100_repair_6_males=4_nmar=3,FG_theta_zero_feeding,71,12,-99,4,3
0,6,100,0,0,360.0237296864687,0,0,0,0,841,D_pmar=0.054_dist=100_repair_6_males=4_nmar=3,FG_theta_zero_feeding,125,6,-99,4,3
0.054,6,100,100,0,347.3869883056969,12.146655460736028,0,0,0.5972222222222234,841,D_pmar=0.054_dist=100_repair_6_males=4_nmar=3,FG_theta_zero_feeding,76,6,-99,4,3
0.054,3,0,0,0,359.44942833474647,0,0,0,0.6464796773462476,842,D_pmar=0.054_dist=100_repair_6_males=4_nmar=3,FG_theta_zero_feeding,74,3,-99,4,3
0.054,10,0,100,0,359.5959487909237,0,0,0,0.4953703703703712,842,D_pmar=0.054_dist=100_repair_6_males=4_nmar=3,FG_theta_zero_feeding,80,10,-99,4,3
0,15,100,0,0,360.0822942884732,0,0,0,0,842,D_pmar=0.054_dist=100_repair_6_males=4_nmar=3,FG_theta_zero_feeding,109,15,-99,4,3
0.054,8,100,100,0,359.5103982468791,0,0,0,0.7370747814894133,842,D_pmar=0.054_dist=100_repair_6_males=4_nmar=3,FG_theta_zero_feeding,89,8,-99,4,3
0.054,6,0,0,0,359.34331064525236,0,1,0.1,0.5833333333333345,843,D_pmar=0.054_dist=100_repair_6_males=4_nmar=3,FG_theta_zero_feeding,87,6,-99,4,3
0,11,0,100,0,360.0316041823515,0,0,0,0,843,D_pmar=0.054_dist=100_repair_6_males=4_nmar=3,FG_theta_zero_feeding,104,11,-99,4,3
0.054,11,100,0,0,353.523814013793,6.028669010200687,0,0,0.5872250945998434,843,D_pmar=0.054_dist=100_repair_6_males=4_nmar=3,FG_theta_zero_feeding,73,11,-99,4,3
0.054,8,100,100,0,359.479912131015,0,0,0,0.5709532491102071,843,D_pmar=0.054_dist=100_repair_6_males=4_nmar=3,FG_theta_zero_feeding,84,8,-99,4,3
0.054,18,0,0,0,359.4681484008324,0,0,0,0.7298130106795816,844,D_pmar=0.054_dist=100_repair_6_males=4_nmar=3,FG_theta_zero_feeding,74,18,-99,4,3
0.054,7,0,100,0,359.25456889968495,0,1,0.1,0.6792161024011805,844,D_pmar=0.054_dist=100_repair_6_males=4_nmar=3,FG_theta_zero_feeding,95,7,-99,4,3
0.054,7,100,0,0,353.52354253723877,6.032700554789676,0,0,0.7536756446265751,844,D_pmar=0.054_dist=100_repair_6_males=4_nmar=3,FG_theta_zero_feeding,95,7,-99,4,3
0,4,100,100,0,360.1217253877979,0,0,0,0,844,D_pmar=0.054_dist=100_repair_6_males=4_nmar=3,FG_theta_zero_feeding,129,4,-99,4,3
0.054,11,0,0,0,359.4408484025312,0,0,0,0.6857633874121671,845,D_pmar=0.054_dist=100_repair_6_males=4_nmar=3,FG_theta_zero_feeding,82,11,-99,4,3
0.054,8,0,100,0,359.51294671194063,0,0,0,0.6500424209652311,845,D_pmar=0.054_dist=100_repair_6_males=4_nmar=3,FG_theta_zero_feeding,96,8,-99,4,3
0,8,100,0,0,360.0765818466471,0,0,0,0,845,D_pmar=0.054_dist=100_repair_6_males=4_nmar=3,FG_theta_zero_feeding,106,8,-99,4,3
0.054,9,100,100,0,359.52612104305706,0,0,0,0.5509259259259269,845,D_pmar=0.054_dist=100_repair_6_males=4_nmar=3,FG_theta_zero_feeding,73,9,-99,4,3
0.054,13,0,0,0,359.2133001035174,0,0,0,0.8711977571768079,846,D_pmar=0.054_dist=100_repair_6_males=4_nmar=3,FG_theta_zero_feeding,71,13,-99,4,3
0,5,0,100,0,360.2256032813573,0,0,0,0,846,D_pmar=0.054_dist=100_repair_6_males=4_nmar=3,FG_theta_zero_feeding,137,5,-99,4,3
0.054,8,100,0,0,359.505717102556,0,1,0.1,0.5671179383474931,846,D_pmar=0.054_dist=100_repair_6_males=4_nmar=3,FG_theta_zero_feeding,88,8,-99,4,3
0.054,10,100,100,0,353.3214040607396,6.1287489434597155,0,0,0.5555555555555566,846,D_pmar=0.054_dist=100_repair_6_males=4_nmar=3,FG_theta_zero_feeding,80,10,-99,4,3
0,17,0,0,0,360.06894573664687,0,0,0,0,847,D_pmar=0.054_dist=100_repair_6_males=4_nmar=3,FG_theta_zero_feeding,90,17,-99,4,3
0.054,4,0,100,0,359.64936092591404,0,0,0,0.5915257065819477,847,D_pmar=0.054_dist=100_repair_6_males=4_nmar=3,FG_theta_zero_feeding,87,4,-99,4,3
0.054,5,100,0,0,359.46542890418476,0,0,0,0.5706242314626817,847,D_pmar=0.054_dist=100_repair_6_males=4_nmar=3,FG_theta_zero_feeding,67,5,-99,4,3
0.054,10,100,100,0,359.5347187444983,0,0,0,0.49074074074074153,847,D_pmar=0.054_dist=100_repair_6_males=4_nmar=3,FG_theta_zero_feeding,89,10,-99,4,3
0,11,0,0,0,360.17805868929133,0,0,0,0,848,D_pmar=0.054_dist=100_repair_6_males=4_nmar=3,FG_theta_zero_feeding,123,11,-99,4,3
0.054,11,0,100,0,359.388198472346,0,1,0.1,0.652697944709709,848,D_pmar=0.054_dist=100_repair_6_males=4_nmar=3,FG_theta_zero_feeding,81,11,-99,4,3
0.054,7,100,0,0,353.2858408755546,6.0951204921040905,0,0,0.6990740740740757,848,D_pmar=0.054_dist=100_repair_6_males=4_nmar=3,FG_theta_zero_feeding,87,8,-99,4,3
0.054,7,100,100,0,359.434639741147,0,0,0,0.6434951359542446,848,D_pmar=0.054_dist=100_repair_6_males=4_nmar=3,FG_theta_zero_feeding,94,7,-99,4,3
0.054,8,0,0,0,359.4729274789073,0,0,0,0.7341136226616858,849,D_pmar=0.054_dist=100_repair_6_males=4_nmar=3,FG_theta_zero_feeding,83,8,-99,4,3
0,12,0,100,0,360.07077256561973,0,0,0,0,849,D_pmar=0.054_dist=100_repair_6_males=4_nmar=3,FG_theta_zero_feeding,137,12,-99,4,3
0.054,5,100,0,0,359.4450808928795,0,0,0,0.7489895644931506,849,D_pmar=0.054_dist=100_repair_6_males=4_nmar=3,FG_theta_zero_feeding,86,5,-99,4,3
0.054,11,100,100,0,359.547226491206,0,0,0,0.5870888110279782,849,D_pmar=0.054_dist=100_repair_6_males=4_nmar=3,FG_theta_zero_feeding,84,11,-99,4,3
0.054,12,0,0,0,359.33100358067526,0,1,0.1,0.6052783118989714,84,D_pmar=0.054_dist=100_repair_6_males=4_nmar=3,FG_theta_zero_feeding,70,12,-99,4,3
0.054,11,0,100,0,359.71955884163737,0,0,0,0.472222222222223,84,D_pmar=0.054_dist=100_repair_6_males=4_nmar=3,FG_theta_zero_feeding,77,11,-99,4,3
0,6,100,0,0,360.0353322636241,0,0,0,0,84,D_pmar=0.054_dist=100_repair_6_males=4_nmar=3,FG_theta_zero_feeding,115,6,-99,4,3
0.054,7,100,100,0,353.3797643065565,6.079253987229014,0,0,0.6877374932973189,84,D_pmar=0.054_dist=100_repair_6_males=4_nmar=3,FG_theta_zero_feeding,70,7,-99,4,3
0.054,10,0,0,0,359.69220563178646,0,0,0,0.5840478191321802,850,D_pmar=0.054_dist=100_repair_6_males=4_nmar=3,FG_theta_zero_feeding,73,10,-99,4,3
0.054,11,0,100,0,359.4758301702663,0,0,0,0.7375400827088039,850,D_pmar=0.054_dist=100_repair_6_males=4_nmar=3,FG_theta_zero_feeding,73,11,-99,4,3
0.054,8,100,0,0,359.4542109331101,0,0,0,0.5744595422253955,850,D_pmar=0.054_dist=100_repair_6_males=4_nmar=3,FG_theta_zero_feeding,79,8,-99,4,3
0,7,100,100,0,360.00845364523224,0,0,0,0,850,D_pmar=0.054_dist=100_repair_6_males=4_nmar=3,FG_theta_zero_feeding,122,7,-99,4,3
0.054,12,0,0,0,359.4817316877051,0,0,0,0.5624883087178634,851,D_pmar=0.054_dist=100_repair_6_males=4_nmar=3,FG_theta_zero_feeding,66,12,-99,4,3
0.054,8,0,100,0,359.48831167759175,0,0,0,0.6088410555179549,851,D_pmar=0.054_dist=100_repair_6_males=4_nmar=3,FG_theta_zero_feeding,85,8,-99,4,3
0,5,100,0,0,360.0578157847489,0,0,0,0,851,D_pmar=0.054_dist=100_repair_6_males=4_nmar=3,FG_theta_zero_feeding,120,5,-99,4,3
0.054,11,100,100,0,359.4506361434788,0,0,0,0.6250000000000013,851,D_pmar=0.054_dist=100_repair_6_males=4_nmar=3,FG_theta_zero_feeding,76,11,-99,4,3
0.054,6,0,0,0,359.4752405740731,0,0,0,0.5806778095888568,852,D_pmar=0.054_dist=100_repair_6_males=4_nmar=3,FG_theta_zero_feeding,89,6,-99,4,3
0.054,5,0,100,0,359.45313670341176,0,0,0,0.576048179959227,852,D_pmar=0.054_dist=100_repair_6_males=4_nmar=3,FG_theta_zero_feeding,85,5,-99,4,3
0.054,11,100,0,0,359.4558800361915,0,0,0,0.7092970037116355,852,D_pmar=0.054_dist=100_repair_6_males=4_nmar=3,FG_theta_zero_feeding,60,11,-99,4,3
0,14,100,100,0,360.129867230864,0,0,0,0,852,D_pmar=0.054_dist=100_repair_6_males=4_nmar=3,FG_theta_zero_feeding,109,14,-99,4,3
0.054,10,0,0,0,359.4998553262666,0,0,0,0.5551467048399611,853,D_pmar=0.054_dist=100_repair_6_males=4_nmar=3,FG_theta_zero_feeding,80,10,-99,4,3
0.054,8,0,100,0,359.40529939210484,0,0,0,0.7378691003563292,853,D_pmar=0.054_dist=100_repair_6_males=4_nmar=3,FG_theta_zero_feeding,76,8,-99,4,3
0.054,10,100,0,0,359.41283484604463,0,0,0,0.6230025115505741,853,D_pmar=0.054_dist=100_repair_6_males=4_nmar=3,FG_theta_zero_feeding,69,10,-99,4,3
0,8,100,100,0,360.1921486786332,0,0,0,0,853,D_pmar=0.054_dist=100_repair_6_males=4_nmar=3,FG_theta_zero_feeding,123,8,-99,4,3
0.054,13,0,0,0,353.1707686350134,6.101327499768189,0,0,0.7312653648415477,854,D_pmar=0.054_dist=100_repair_6_males=4_nmar=3,FG_theta_zero_feeding,84,13,-99,4,3
0.054,3,0,100,0,359.459420142039,0,0,0,0.6365623827919378,854,D_pmar=0.054_dist=100_repair_6_males=4_nmar=3,FG_theta_zero_feeding,81,3,-99,4,3
0,10,100,0,0,360.1861224152381,0,0,0,0,854,D_pmar=0.054_dist=100_repair_6_males=4_nmar=3,FG_theta_zero_feeding,120,10,-99,4,3
0.054,10,100,100,0,359.28028473477826,0,1,0.1,0.6716019313795477,854,D_pmar=0.054_dist=100_repair_6_males=4_nmar=3,FG_theta_zero_feeding,88,10,-99,4,3
0.054,5,0,0,0,359.4556959211665,0,1,0.1,0.6341794261911904,855,D_pmar=0.054_dist=100_repair_6_males=4_nmar=3,FG_theta_zero_feeding,79,5,-99,4,3
0,6,0,100,0,360.0038814297223,0,0,0,0,855,D_pmar=0.054_dist=100_repair_6_males=4_nmar=3,FG_theta_zero_feeding,134,6,-99,4,3
0.054,14,100,0,0,353.3676110916334,6.013688370267167,0,0,0.789589345149171,855,D_pmar=0.054_dist=100_repair_6_males=4_nmar=3,FG_theta_zero_feeding,78,14,-99,4,3
0.054,11,100,100,0,359.5131859738088,0,0,0,0.6357680639250219,855,D_pmar=0.054_dist=100_repair_6_males=4_nmar=3,FG_theta_zero_feeding,88,11,-99,4,3
0.054,10,0,0,0,353.1384869673163,6.1243778502648425,1,0.1,0.6530269623572342,856,D_pmar=0.054_dist=100_repair_6_males=4_nmar=3,FG_theta_zero_feeding,98,12,-99,4,3
0.054,8,0,100,0,359.39984332174583,0,0,0,0.6153318900251465,856,D_pmar=0.054_dist=100_repair_6_males=4_nmar=3,FG_theta_zero_feeding,80,8,-99,4,3
0.054,9,100,0,0,353.02454358460665,6.234382593474189,1,0.1,0.8087658989627401,856,D_pmar=0.054_dist=100_repair_6_males=4_nmar=3,FG_theta_zero_feeding,82,10,-99,4,3
0,9,100,100,0,360.1031152328116,0,0,0,0,856,D_pmar=0.054_dist=100_repair_6_males=4_nmar=3,FG_theta_zero_feeding,117,9,-99,4,3
0.054,8,0,0,0,359.2748692472546,0,0,0,0.8357493578736022,857,D_pmar=0.054_dist=100_repair_6_males=4_nmar=3,FG_theta_zero_feeding,70,8,-99,4,3
0,8,0,100,0,360.1282951167448,0,0,0,0,857,D_pmar=0.054_dist=100_repair_6_males=4_nmar=3,FG_theta_zero_feeding,112,8,-99,4,3
0.054,11,100,0,0,359.5685599438202,0,0,0,0.537037037037038,857,D_pmar=0.054_dist=100_repair_6_males=4_nmar=3,FG_theta_zero_feeding,81,11,-99,4,3
0.054,9,100,100,0,359.50767520587897,0,0,0,0.5204926244036714,857,D_pmar=0.054_dist=100_repair_6_males=4_nmar=3,FG_theta_zero_feeding,95,9,-99,4,3
0.054,13,0,0,0,359.63680935774937,0,0,0,0.5802125083694663,858,D_pmar=0.054_dist=100_repair_6_males=4_nmar=3,FG_theta_zero_feeding,93,13,-99,4,3
0.054,6,0,100,0,359.49996310896813,0,0,0,0.6851053521171164,858,D_pmar=0.054_dist=100_repair_6_males=4_nmar=3,FG_theta_zero_feeding,81,7,-99,4,3
0,8,100,0,0,360.11553816753025,0,0,0,0,858,D_pmar=0.054_dist=100_repair_6_males=4_nmar=3,FG_theta_zero_feeding,123,8,-99,4,3
0.054,9,100,100,0,359.60764170818004,0,0,0,0.7872063885484236,858,D_pmar=0.054_dist=100_repair_6_males=4_nmar=3,FG_theta_zero_feeding,78,9,-99,4,3
0,7,0,0,0,360.1699036658665,0,0,0,0,859,D_pmar=0.054_dist=100_repair_6_males=4_nmar=3,FG_theta_zero_feeding,112,7,-99,4,3
0.054,13,0,100,0,359.6287569219347,0,0,0,0.5736652233584797,859,D_pmar=0.054_dist=100_repair_6_males=4_nmar=3,FG_theta_zero_feeding,86,13,-99,4,3
0.054,10,100,0,0,359.43260954595763,0,0,0,0.6218791750361331,859,D_pmar=0.054_dist=100_repair_6_males=4_nmar=3,FG_theta_zero_feeding,76,10,-99,4,3
0.054,6,100,100,0,359.2916279638578,0,0,0,0.7139266333412652,859,D_pmar=0.054_dist=100_repair_6_males=4_nmar=3,FG_theta_zero_feeding,73,6,-99,4,3
0.054,12,0,0,0,359.4154297992364,0,0,0,0.6724760833145338,85,D_pmar=0.054_dist=100_repair_6_males=4_nmar=3,FG_theta_zero_feeding,92,12,-99,4,3
0.054,11,0,100,0,359.42472786547154,0,0,0,0.6919816547756283,85,D_pmar=0.054_dist=100_repair_6_males=4_nmar=3,FG_theta_zero_feeding,93,11,-99,4,3
0.054,6,100,0,0,359.3876679819535,0,0,0,0.6503149881089617,85,D_pmar=0.054_dist=100_repair_6_males=4_nmar=3,FG_theta_zero_feeding,70,6,-99,4,3
0,7,100,100,0,360.0978541146303,0,0,0,0,85,D_pmar=0.054_dist=100_repair_6_males=4_nmar=3,FG_theta_zero_feeding,128,7,-99,4,3
0,12,0,0,0,360.10330448468613,0,0,0,0,860,D_pmar=0.054_dist=100_repair_6_males=4_nmar=3,FG_theta_zero_feeding,122,12,-99,4,3
0.054,8,0,100,0,359.60706672611707,0,0,0,0.5597763344695905,860,D_pmar=0.054_dist=100_repair_6_males=4_nmar=3,FG_theta_zero_feeding,99,8,-99,4,3
0.054,4,100,0,0,359.49082633797303,0,0,0,0.6643401605697157,860,D_pmar=0.054_dist=100_repair_6_males=4_nmar=3,FG_theta_zero_feeding,69,4,-99,4,3
0.054,12,100,100,0,359.4229967240947,0,0,0,0.7329104530791744,860,D_pmar=0.054_dist=100_repair_6_males=4_nmar=3,FG_theta_zero_feeding,71,12,-99,4,3
0.054,9,0,0,0,353.2200699036701,6.190050207430691,0,0,0.6565897059762178,861,D_pmar=0.054_dist=100_repair_6_males=4_nmar=3,FG_theta_zero_feeding,70,9,-99,4,3
0,8,0,100,0,360.0188439478868,0,0,0,0,861,D_pmar=0.054_dist=100_repair_6_males=4_nmar=3,FG_theta_zero_feeding,100,8,-99,4,3
0.054,9,100,0,0,359.5968918672039,0,0,0,0.5289575647960149,861,D_pmar=0.054_dist=100_repair_6_males=4_nmar=3,FG_theta_zero_feeding,77,9,-99,4,3
0.054,10,100,100,0,359.44457778214354,0,1,0.1,0.523148148148149,861,D_pmar=0.054_dist=100_repair_6_males=4_nmar=3,FG_theta_zero_feeding,79,10,-99,4,3
0,12,0,0,0,360.0736636831664,0,0,0,0,862,D_pmar=0.054_dist=100_repair_6_males=4_nmar=3,FG_theta_zero_feeding,133,12,-99,4,3
0.054,12,0,100,0,359.3504242230845,0,0,0,0.6599032650157464,862,D_pmar=0.054_dist=100_repair_6_males=4_nmar=3,FG_theta_zero_feeding,91,12,-99,4,3
0.054,5,100,0,0,359.4195688291612,0,0,0,0.6111111111111124,862,D_pmar=0.054_dist=100_repair_6_males=4_nmar=3,FG_theta_zero_feeding,71,5,-99,4,3
0.054,7,100,100,0,359.4730838000535,0,0,0,0.6330560896767492,862,D_pmar=0.054_dist=100_repair_6_males=4_nmar=3,FG_theta_zero_feeding,79,7,-99,4,3
0.054,10,0,0,0,359.59068354946913,0,0,0,0.4953703703703712,863,D_pmar=0.054_dist=100_repair_6_males=4_nmar=3,FG_theta_zero_feeding,86,10,-99,4,3
0,9,0,100,0,360.10939071179297,0,0,0,0,863,D_pmar=0.054_dist=100_repair_6_males=4_nmar=3,FG_theta_zero_feeding,115,9,-99,4,3
0.054,9,100,0,0,359.43401733095527,0,0,0,0.6870230074984734,863,D_pmar=0.054_dist=100_repair_6_males=4_nmar=3,FG_theta_zero_feeding,74,9,-99,4,3
0.054,8,100,100,0,359.3288184283118,0,0,0,0.707844649549669,863,D_pmar=0.054_dist=100_repair_6_males=4_nmar=3,FG_theta_zero_feeding,84,8,-99,4,3
0.054,1,0,0,0,359.323707196547,0,0,0,0.7094332872835009,864,D_pmar=0.054_dist=100_repair_6_males=4_nmar=3,FG_theta_zero_feeding,93,1,-99,4,3
0.054,13,0,100,0,359.5527299460765,0,0,0,0.6426443665835337,864,D_pmar=0.054_dist=100_repair_6_males=4_nmar=3,FG_theta_zero_feeding,69,13,-99,4,3
0,13,100,0,0,360.3271083286463,0,0,0,0,864,D_pmar=0.054_dist=100_repair_6_males=4_nmar=3,FG_theta_zero_feeding,136,13,-99,4,3
0.054,9,100,100,0,359.3473573334777,0,0,0,0.6527777777777792,864,D_pmar=0.054_dist=100_repair_6_males=4_nmar=3,FG_theta_zero_feeding,87,9,-99,4,3
0.054,6,0,0,0,359.42597589386696,0,1,0.1,0.5933070783914395,865,D_pmar=0.054_dist=100_repair_6_males=4_nmar=3,FG_theta_zero_feeding,71,6,-99,4,3
0,9,0,100,0,360.01953917572644,0,0,0,0,865,D_pmar=0.054_dist=100_repair_6_males=4_nmar=3,FG_theta_zero_feeding,138,9,-99,4,3
0.054,15,100,0,0,353.31093205275255,6.116807074039424,0,0,0.7193505818378106,865,D_pmar=0.054_dist=100_repair_6_males=4_nmar=3,FG_theta_zero_feeding,80,15,-99,4,3
0.054,6,100,100,0,359.5197695443402,0,0,0,0.5740740740740752,865,D_pmar=0.054_dist=100_repair_6_males=4_nmar=3,FG_theta_zero_feeding,68,6,-99,4,3
0.054,12,0,0,0,359.5360665332593,0,0,0,0.5158629947740416,866,D_pmar=0.054_dist=100_repair_6_males=4_nmar=3,FG_theta_zero_feeding,71,12,-99,4,3
0.054,8,0,100,0,359.44663525319095,0,0,0,0.6230025115505742,866,D_pmar=0.054_dist=100_repair_6_males=4_nmar=3,FG_theta_zero_feeding,68,8,-99,4,3
0,8,100,0,0,360.08241230685724,0,0,0,0,866,D_pmar=0.054_dist=100_repair_6_males=4_nmar=3,FG_theta_zero_feeding,103,8,-99,4,3
0.054,8,100,100,0,359.4858494301832,0,0,0,0.5944304149058806,866,D_pmar=0.054_dist=100_repair_6_males=4_nmar=3,FG_theta_zero_feeding,86,8,-99,4,3
0.054,10,0,0,0,359.6925450032454,0,0,0,0.48148148148148223,867,D_pmar=0.054_dist=100_repair_6_males=4_nmar=3,FG_theta_zero_feeding,68,10,-99,4,3
0,5,0,100,0,360.05761907042177,0,0,0,0,867,D_pmar=0.054_dist=100_repair_6_males=4_nmar=3,FG_theta_zero_feeding,122,5,-99,4,3
0.054,9,100,0,0,359.5392920796732,0,0,0,0.655738936605507,867,D_pmar=0.054_dist=100_repair_6_males=4_nmar=3,FG_theta_zero_feeding,63,9,-99,4,3
0.054,12,100,100,0,359.5290100762475,0,0,0,0.6094426403092106,867,D_pmar=0.054_dist=100_repair_6_males=4_nmar=3,FG_theta_zero_feeding,87,12,-99,4,3
0.054,8,0,0,0,359.507791109175,0,0,0,0.6889406628798302,868,D_pmar=0.054_dist=100_repair_6_males=4_nmar=3,FG_theta_zero_feeding,91,8,-99,4,3
0.054,8,0,100,0,359.43163952452437,0,0,0,0.7194304149058809,868,D_pmar=0.054_dist=100_repair_6_males=4_nmar=3,FG_theta_zero_feeding,86,8,-99,4,3
0,11,100,0,0,360.0711192154955,0,0,0,0,868,D_pmar=0.054_dist=100_repair_6_males=4_nmar=3,FG_theta_zero_feeding,128,11,-99,4,3
0.054,9,100,100,0,359.5788686357666,0,0,0,0.6191672007878603,868,D_pmar=0.054_dist=100_repair_6_males=4_nmar=3,FG_theta_zero_feeding,82,9,-99,4,3
0,12,0,0,0,360.0875582242833,0,0,0,0,869,D_pmar=0.054_dist=100_repair_6_males=4_nmar=3,FG_theta_zero_feeding,142,12,-99,4,3
0.054,7,0,100,0,359.2994188754883,0,0,0,0.7849597155195414,869,D_pmar=0.054_dist=100_repair_6_males=4_nmar=3,FG_theta_zero_feeding,79,7,-99,4,3
0.054,13,100,0,0,359.301460030461,0,0,0,0.702500534121194,869,D_pmar=0.054_dist=100_repair_6_males=4_nmar=3,FG_theta_zero_feeding,86,13,-99,4,3
0.054,4,100,100,0,359.4517609391746,0,0,0,0.6480683150800793,869,D_pmar=0.054_dist=100_repair_6_males=4_nmar=3,FG_theta_zero_feeding,88,4,-99,4,3
0.054,4,0,0,0,359.2334927218106,0,1,0.1,0.6932412748619348,86,D_pmar=0.054_dist=100_repair_6_males=4_nmar=3,FG_theta_zero_feeding,85,4,-99,4,3
0.054,14,0,100,0,359.4006782482782,0,0,0,0.682778846020164,86,D_pmar=0.054_dist=100_repair_6_males=4_nmar=3,FG_theta_zero_feeding,82,14,-99,4,3
0.054,11,100,0,0,353.36246645924496,6.057301025765072,0,0,0.5925925925925938,86,D_pmar=0.054_dist=100_repair_6_males=4_nmar=3,FG_theta_zero_feeding,90,11,-99,4,3
0,7,100,100,0,360.3762319411428,0,0,0,0,86,D_pmar=0.054_dist=100_repair_6_males=4_nmar=3,FG_theta_zero_feeding,121,7,-99,4,3
0.054,7,0,0,0,353.3753482762305,6.18291255121367,0,0,0.4629629629629636,870,D_pmar=0.054_dist=100_repair_6_males=4_nmar=3,FG_theta_zero_feeding,96,7,-99,4,3
0.054,14,0,100,0,359.44235473900943,0,0,0,0.7201449007047264,870,D_pmar=0.054_dist=100_repair_6_males=4_nmar=3,FG_theta_zero_feeding,73,14,-99,4,3
0.054,9,100,0,0,359.24296163787915,0,1,0.1,0.688611645232305,870,D_pmar=0.054_dist=100_repair_6_males=4_nmar=3,FG_theta_zero_feeding,63,9,-99,4,3
0,6,100,100,0,360.2092976909131,0,0,0,0,870,D_pmar=0.054_dist=100_repair_6_males=4_nmar=3,FG_theta_zero_feeding,123,6,-99,4,3
0,9,0,0,0,360.2668811765245,0,0,0,0,871,D_pmar=0.054_dist=100_repair_6_males=4_nmar=3,FG_theta_zero_feeding,95,9,-99,4,3
0.054,7,0,100,0,359.48391626208524,0,0,0,0.525122254033301,871,D_pmar=0.054_dist=100_repair_6_males=4_nmar=3,FG_theta_zero_feeding,86,7,-99,4,3
0.054,10,100,0,0,359.4229574157127,0,0,0,0.6268378223132881,871,D_pmar=0.054_dist=100_repair_6_males=4_nmar=3,FG_theta_zero_feeding,111,10,-99,4,3
0.054,10,100,100,0,359.1732773513751,0,0,0,0.8726501113387742,871,D_pmar=0.054_dist=100_repair_6_males=4_nmar=3,FG_theta_zero_feeding,72,10,-99,4,3
0.054,13,0,0,0,359.4764288627204,0,0,0,0.6688899571312751,872,D_pmar=0.054_dist=100_repair_6_males=4_nmar=3,FG_theta_zero_feeding,69,13,-99,4,3
0.054,15,0,100,0,359.66380239486017,0,0,0,0.5185185185185194,872,D_pmar=0.054_dist=100_repair_6_males=4_nmar=3,FG_theta_zero_feeding,88,15,-99,4,3
0.054,4,100,0,0,359.3581563503812,0,0,0,0.6520399094146583,872,D_pmar=0.054_dist=100_repair_6_males=4_nmar=3,FG_theta_zero_feeding,69,4,-99,4,3
0,4,100,100,0,360.0093678330274,0,0,0,0,872,D_pmar=0.054_dist=100_repair_6_males=4_nmar=3,FG_theta_zero_feeding,127,4,-99,4,3
0,7,0,0,0,360.0562024908698,0,0,0,0,873,D_pmar=0.054_dist=100_repair_6_males=4_nmar=3,FG_theta_zero_feeding,110,7,-99,4,3
0.054,13,0,100,0,359.5722810049733,0,1,0.1,0.5008507693707117,873,D_pmar=0.054_dist=100_repair_6_males=4_nmar=3,FG_theta_zero_feeding,71,13,-99,4,3
0.054,8,100,0,0,347.0659887802673,12.222586857487345,1,0.1,0.6369478509432579,873,D_pmar=0.054_dist=100_repair_6_males=4_nmar=3,FG_theta_zero_feeding,70,9,-99,4,3
0.054,8,100,100,0,353.1720452631735,6.199469484985597,1,0.1,0.628755477694645,873,D_pmar=0.054_dist=100_repair_6_males=4_nmar=3,FG_theta_zero_feeding,73,9,-99,4,3
0,5,0,0,0,360.1286411731014,0,0,0,0,874,D_pmar=0.054_dist=100_repair_6_males=4_nmar=3,FG_theta_zero_feeding,132,5,-99,4,3
0.054,6,0,100,0,359.6515172083511,0,0,0,0.49074074074074153,874,D_pmar=0.054_dist=100_repair_6_males=4_nmar=3,FG_theta_zero_feeding,75,6,-99,4,3
0.054,12,100,0,0,359.45219872614416,0,0,0,0.5918547242294729,874,D_pmar=0.054_dist=100_repair_6_males=4_nmar=3,FG_theta_zero_feeding,76,12,-99,4,3
0.054,13,100,100,0,359.3634249410912,0,0,0,0.7270212033632384,874,D_pmar=0.054_dist=100_repair_6_males=4_nmar=3,FG_theta_zero_feeding,59,13,-99,4,3
0.054,11,0,0,0,359.35144305493253,0,0,0,0.6793523859730457,875,D_pmar=0.054_dist=100_repair_6_males=4_nmar=3,FG_theta_zero_feeding,80,11,-99,4,3
0,7,0,100,0,360.0669995534178,0,0,0,0,875,D_pmar=0.054_dist=100_repair_6_males=4_nmar=3,FG_theta_zero_feeding,133,7,-99,4,3
0.054,13,100,0,0,359.34258158408744,0,0,0,0.7817824400518781,875,D_pmar=0.054_dist=100_repair_6_males=4_nmar=3,FG_theta_zero_feeding,77,13,-99,4,3
0.054,5,100,100,0,359.4218752680502,0,0,0,0.6071959672803283,875,D_pmar=0.054_dist=100_repair_6_males=4_nmar=3,FG_theta_zero_feeding,88,5,-99,4,3
0,11,0,0,0,360.1569402108522,0,0,0,0,876,D_pmar=0.054_dist=100_repair_6_males=4_nmar=3,FG_theta_zero_feeding,112,11,-99,4,3
0.054,4,0,100,0,359.57263223050114,0,0,0,0.5848421379990958,876,D_pmar=0.054_dist=100_repair_6_males=4_nmar=3,FG_theta_zero_feeding,73,4,-99,4,3
0.054,12,100,0,0,359.5521523818721,0,0,0,0.5572006437931832,876,D_pmar=0.054_dist=100_repair_6_males=4_nmar=3,FG_theta_zero_feeding,79,12,-99,4,3
0.054,9,100,100,0,359.6323915038286,0,0,0,0.6419863312884831,876,D_pmar=0.054_dist=100_repair_6_males=4_nmar=3,FG_theta_zero_feeding,82,9,-99,4,3
0.054,7,0,0,0,353.4084290876732,6.011732528571483,0,0,0.6342358766949854,877,D_pmar=0.054_dist=100_repair_6_males=4_nmar=3,FG_theta_zero_feeding,76,8,-99,4,3
0.054,12,0,100,0,359.4573504281131,0,0,0,0.6388888888888903,877,D_pmar=0.054_dist=100_repair_6_males=4_nmar=3,FG_theta_zero_feeding,77,12,-99,4,3
0,8,100,0,0,360.1667955873998,0,0,0,0,877,D_pmar=0.054_dist=100_repair_6_males=4_nmar=3,FG_theta_zero_feeding,115,8,-99,4,3
0.054,9,100,100,0,359.4196406005607,0,1,0.1,0.5853074392184864,877,D_pmar=0.054_dist=100_repair_6_males=4_nmar=3,FG_theta_zero_feeding,92,9,-99,4,3
0.054,14,0,0,0,359.50046560979683,0,0,0,0.5185185185185194,878,D_pmar=0.054_dist=100_repair_6_males=4_nmar=3,FG_theta_zero_feeding,85,14,-99,4,3
0.054,5,0,100,0,359.4334865314565,0,0,0,0.6218791750361331,878,D_pmar=0.054_dist=100_repair_6_males=4_nmar=3,FG_theta_zero_feeding,90,5,-99,4,3
0.054,7,100,0,0,359.4038000387061,0,0,0,0.673599419828975,878,D_pmar=0.054_dist=100_repair_6_males=4_nmar=3,FG_theta_zero_feeding,78,7,-99,4,3
0,10,100,100,0,360.011342340612,0,0,0,0,878,D_pmar=0.054_dist=100_repair_6_males=4_nmar=3,FG_theta_zero_feeding,109,10,-99,4,3
0.054,12,0,0,0,353.4689508719517,6.046504000557008,1,0.1,0.6469449785656382,879,D_pmar=0.054_dist=100_repair_6_males=4_nmar=3,FG_theta_zero_feeding,60,12,-99,4,3
0.054,8,0,100,0,359.4141801444037,0,0,0,0.587883129894894,879,D_pmar=0.054_dist=100_repair_6_males=4_nmar=3,FG_theta_zero_feeding,87,8,-99,4,3
0.054,6,100,0,0,353.1556632028656,6.122480400778464,1,0.1,0.7163095899420125,879,D_pmar=0.054_dist=100_repair_6_males=4_nmar=3,FG_theta_zero_feeding,79,6,-99,4,3
0,10,100,100,0,360.05910317478396,0,0,0,0,879,D_pmar=0.054_dist=100_repair_6_males=4_nmar=3,FG_theta_zero_feeding,130,10,-99,4,3
0,9,0,0,0,360.1507374449791,0,0,0,0,87,D_pmar=0.054_dist=100_repair_6_males=4_nmar=3,FG_theta_zero_feeding,110,9,-99,4,3
0.054,12,0,100,0,359.481342289341,0,0,0,0.5818011461032978,87,D_pmar=0.054_dist=100_repair_6_males=4_nmar=3,FG_theta_zero_feeding,79,12,-99,4,3
0.054,6,100,0,0,359.39882078862826,0,0,0,0.6696278254943959,87,D_pmar=0.054_dist=100_repair_6_males=4_nmar=3,FG_theta_zero_feeding,79,6,-99,4,3
0.054,9,100,100,0,359.61122134949215,0,0,0,0.5601851851851862,87,D_pmar=0.054_dist=100_repair_6_males=4_nmar=3,FG_theta_zero_feeding,91,9,-99,4,3
0.054,13,0,0,0,359.5823113688786,0,0,0,0.5944304149058804,880,D_pmar=0.054_dist=100_repair_6_males=4_nmar=3,FG_theta_zero_feeding,78,13,-99,4,3
0,8,0,100,0,360.1189894403116,0,0,0,0,880,D_pmar=0.054_dist=100_repair_6_males=4_nmar=3,FG_theta_zero_feeding,123,8,-99,4,3
0.054,8,100,0,0,359.5865352701655,0,0,0,0.6573840248431335,880,D_pmar=0.054_dist=100_repair_6_males=4_nmar=3,FG_theta_zero_feeding,82,8,-99,4,3
0.054,7,100,100,0,359.3822150117036,0,0,0,0.6415210300690928,880,D_pmar=0.054_dist=100_repair_6_males=4_nmar=3,FG_theta_zero_feeding,63,7,-99,4,3
0.054,6,0,0,0,359.43548250802513,0,0,0,0.6295497965615607,881,D_pmar=0.054_dist=100_repair_6_males=4_nmar=3,FG_theta_zero_feeding,72,6,-99,4,3
0.054,5,0,100,0,359.56469026600956,0,0,0,0.5185185185185194,881,D_pmar=0.054_dist=100_repair_6_males=4_nmar=3,FG_theta_zero_feeding,85,5,-99,4,3
0,16,100,0,0,360.0340964972547,0,0,0,0,881,D_pmar=0.054_dist=100_repair_6_males=4_nmar=3,FG_theta_zero_feeding,114,16,-99,4,3
0.054,9,100,100,0,359.38101212086065,0,0,0,0.6276321411802038,881,D_pmar=0.054_dist=100_repair_6_males=4_nmar=3,FG_theta_zero_feeding,79,9,-99,4,3
0.054,8,0,0,0,353.4031097107997,6.13304742137896,0,0,0.5972222222222234,882,D_pmar=0.054_dist=100_repair_6_males=4_nmar=3,FG_theta_zero_feeding,74,8,-99,4,3
0,6,0,100,0,360.00822127663196,0,0,0,0,882,D_pmar=0.054_dist=100_repair_6_males=4_nmar=3,FG_theta_zero_feeding,116,6,-99,4,3
0.054,10,100,0,0,359.378376154359,0,0,0,0.6619572039689682,882,D_pmar=0.054_dist=100_repair_6_males=4_nmar=3,FG_theta_zero_feeding,77,10,-99,4,3
0.054,12,100,100,0,359.4298087096799,0,1,0.1,0.5316695390442875,882,D_pmar=0.054_dist=100_repair_6_males=4_nmar=3,FG_theta_zero_feeding,90,12,-99,4,3
0.054,10,0,0,0,359.5778641326238,0,0,0,0.5340524956450351,883,D_pmar=0.054_dist=100_repair_6_males=4_nmar=3,FG_theta_zero_feeding,67,10,-99,4,3
0.054,6,0,100,0,359.3579509572258,0,0,0,0.7383344015757196,883,D_pmar=0.054_dist=100_repair_6_males=4_nmar=3,FG_theta_zero_feeding,57,6,-99,4,3
0,14,100,0,0,360.21164395209166,0,0,0,0,883,D_pmar=0.054_dist=100_repair_6_males=4_nmar=3,FG_theta_zero_feeding,138,14,-99,4,3
0.054,6,100,100,0,359.73770482312466,0,0,0,0.5382168240552742,883,D_pmar=0.054_dist=100_repair_6_males=4_nmar=3,FG_theta_zero_feeding,74,6,-99,4,3
0.054,10,0,0,0,359.51040011962533,0,0,0,0.5601851851851862,884,D_pmar=0.054_dist=100_repair_6_males=4_nmar=3,FG_theta_zero_feeding,81,10,-99,4,3
0,11,0,100,0,360.1596532076938,0,0,0,0,884,D_pmar=0.054_dist=100_repair_6_males=4_nmar=3,FG_theta_zero_feeding,131,11,-99,4,3
0.054,3,100,0,0,353.3463159002586,6.022390536795313,1,0.1,0.6450273231842812,884,D_pmar=0.054_dist=100_repair_6_males=4_nmar=3,FG_theta_zero_feeding,97,3,-99,4,3
0.054,12,100,100,0,353.16107797028405,6.09787692262693,1,0.1,0.8052596058475517,884,D_pmar=0.054_dist=100_repair_6_males=4_nmar=3,FG_theta_zero_feeding,71,12,-99,4,3
0,9,0,0,0,360.0807044254258,0,0,0,0,885,D_pmar=0.054_dist=100_repair_6_males=4_nmar=3,FG_theta_zero_feeding,126,9,-99,4,3
0.054,7,0,100,0,353.33390027396433,6.066552451641691,1,0.1,0.6257144857988468,885,D_pmar=0.054_dist=100_repair_6_males=4_nmar=3,FG_theta_zero_feeding,81,7,-99,4,3
0.054,14,100,0,0,359.412033587432,0,0,0,0.7760294739078075,885,D_pmar=0.054_dist=100_repair_6_males=4_nmar=3,FG_theta_zero_feeding,70,14,-99,4,3
0.054,6,100,100,0,353.3103596409999,6.070932442518366,1,0.1,0.5872250945998433,885,D_pmar=0.054_dist=100_repair_6_males=4_nmar=3,FG_theta_zero_feeding,88,6,-99,4,3
0.054,5,0,0,0,359.4053608520304,0,0,0,0.6052783118989714,886,D_pmar=0.054_dist=100_repair_6_males=4_nmar=3,FG_theta_zero_feeding,66,5,-99,4,3
0.054,8,0,100,0,359.4514725373779,0,0,0,0.6751082244947363,886,D_pmar=0.054_dist=100_repair_6_males=4_nmar=3,FG_theta_zero_feeding,74,8,-99,4,3
0.054,9,100,0,0,359.4618667670525,0,0,0,0.5555555555555566,886,D_pmar=0.054_dist=100_repair_6_males=4_nmar=3,FG_theta_zero_feeding,91,9,-99,4,3
0,14,100,100,0,360.0615216458702,0,0,0,0,886,D_pmar=0.054_dist=100_repair_6_males=4_nmar=3,FG_theta_zero_feeding,120,14,-99,4,3
0.054,14,0,0,0,359.50726982812597,0,0,0,0.6360970815725473,887,D_pmar=0.054_dist=100_repair_6_males=4_nmar=3,FG_theta_zero_feeding,86,14,-99,4,3
0.054,5,0,100,0,359.47662361340326,0,0,0,0.6665868335985979,887,D_pmar=0.054_dist=100_repair_6_males=4_nmar=3,FG_theta_zero_feeding,87,5,-99,4,3
0,11,100,0,0,360.20813956190483,0,0,0,0,887,D_pmar=0.054_dist=100_repair_6_males=4_nmar=3,FG_theta_zero_feeding,123,11,-99,4,3
0.054,6,100,100,0,359.3401685595877,0,0,0,0.7837000954332352,887,D_pmar=0.054_dist=100_repair_6_males=4_nmar=3,FG_theta_zero_feeding,83,6,-99,4,3
0.054,8,0,0,0,353.4421496590034,6.127269171639986,0,0,0.628755477694645,888,D_pmar=0.054_dist=100_repair_6_males=4_nmar=3,FG_theta_zero_feeding,92,8,-99,4,3
0.054,9,0,100,0,359.35113239644335,0,0,0,0.7341136226616857,888,D_pmar=0.054_dist=100_repair_6_males=4_nmar=3,FG_theta_zero_feeding,85,9,-99,4,3
0.054,10,100,0,0,359.34840504648747,0,1,0.1,0.6788870847536553,888,D_pmar=0.054_dist=100_repair_6_males=4_nmar=3,FG_theta_zero_feeding,75,10,-99,4,3
0,9,100,100,0,360.0368279884762,0,0,0,0,888,D_pmar=0.054_dist=100_repair_6_males=4_nmar=3,FG_theta_zero_feeding,136,9,-99,4,3
0.054,13,0,0,0,359.33698102687583,0,1,0.1,0.5902660864956413,889,D_pmar=0.054_dist=100_repair_6_males=4_nmar=3,FG_theta_zero_feeding,85,13,-99,4,3
0,6,0,100,0,360.1349893847294,0,0,0,0,889,D_pmar=0.054_dist=100_repair_6_males=4_nmar=3,FG_theta_zero_feeding,115,6,-99,4,3
0.054,8,100,0,0,353.4186517125485,6.110044601198907,0,0,0.577171516473668,889,D_pmar=0.054_dist=100_repair_6_males=4_nmar=3,FG_theta_zero_feeding,78,8,-99,4,3
0.054,9,100,100,0,359.4820392420982,0,0,0,0.6415210300690927,889,D_pmar=0.054_dist=100_repair_6_males=4_nmar=3,FG_theta_zero_feeding,68,9,-99,4,3
0.054,9,0,0,0,353.24490742708144,6.113590105648383,1,0.1,0.5679122572144089,88,D_pmar=0.054_dist=100_repair_6_males=4_nmar=3,FG_theta_zero_feeding,71,9,-99,4,3
0,10,0,100,0,360.0516602891884,0,0,0,0,88,D_pmar=0.054_dist=100_repair_6_males=4_nmar=3,FG_theta_zero_feeding,114,10,-99,4,3
0.054,7,100,0,0,353.46699992252957,6.094530558157053,0,0,0.5771715164736683,88,D_pmar=0.054_dist=100_repair_6_males=4_nmar=3,FG_theta_zero_feeding,76,8,-99,4,3
0.054,10,100,100,0,359.4149570761039,0,1,0.1,0.5913894230100825,88,D_pmar=0.054_dist=100_repair_6_males=4_nmar=3,FG_theta_zero_feeding,71,10,-99,4,3
0.054,7,0,0,0,359.466566195444,0,0,0,0.5416666666666676,890,D_pmar=0.054_dist=100_repair_6_males=4_nmar=3,FG_theta_zero_feeding,83,7,-99,4,3
0.054,11,0,100,0,359.2423559836858,0,1,0.1,0.7194304149058809,890,D_pmar=0.054_dist=100_repair_6_males=4_nmar=3,FG_theta_zero_feeding,78,11,-99,4,3
0,12,100,0,0,360.2242745394237,0,0,0,0,890,D_pmar=0.054_dist=100_repair_6_males=4_nmar=3,FG_theta_zero_feeding,141,12,-99,4,3
0.054,6,100,100,0,353.270952354304,6.138115191237142,0,0,0.760551947285087,890,D_pmar=0.054_dist=100_repair_6_males=4_nmar=3,FG_theta_zero_feeding,80,6,-99,4,3
0.054,12,0,0,0,353.3662253027289,6.010604439754303,0,0,0.6688335066274801,891,D_pmar=0.054_dist=100_repair_6_males=4_nmar=3,FG_theta_zero_feeding,87,12,-99,4,3
0.054,6,0,100,0,359.0707230324178,0,1,0.1,0.8372017120355686,891,D_pmar=0.054_dist=100_repair_6_males=4_nmar=3,FG_theta_zero_feeding,81,6,-99,4,3
0,10,100,0,0,360.0891074948395,0,0,0,0,891,D_pmar=0.054_dist=100_repair_6_males=4_nmar=3,FG_theta_zero_feeding,130,10,-99,4,3
0.054,8,100,100,0,359.6601320160047,0,0,0,0.5324074074074083,891,D_pmar=0.054_dist=100_repair_6_males=4_nmar=3,FG_theta_zero_feeding,81,8,-99,4,3
0.054,9,0,0,0,359.2986343875447,0,0,0,0.7239237609636454,892,D_pmar=0.054_dist=100_repair_6_males=4_nmar=3,FG_theta_zero_feeding,70,9,-99,4,3
0.054,12,0,100,0,353.5239490403195,6.017439113069681,0,0,0.5243279351663851,892,D_pmar=0.054_dist=100_repair_6_males=4_nmar=3,FG_theta_zero_feeding,88,12,-99,4,3
0,8,100,0,0,360.15751270176077,0,0,0,0,892,D_pmar=0.054_dist=100_repair_6_males=4_nmar=3,FG_theta_zero_feeding,100,8,-99,4,3
0.054,7,100,100,0,359.62781338425657,0,1,0.1,0.5297518836629306,892,D_pmar=0.054_dist=100_repair_6_males=4_nmar=3,FG_theta_zero_feeding,78,7,-99,4,3
0,5,0,0,0,360.0939576035641,0,0,0,0,893,D_pmar=0.054_dist=100_repair_6_males=4_nmar=3,FG_theta_zero_feeding,138,5,-99,4,3
0.054,9,0,100,0,359.25603247355633,0,1,0.1,0.7032150199200394,893,D_pmar=0.054_dist=100_repair_6_males=4_nmar=3,FG_theta_zero_feeding,77,9,-99,4,3
0.054,10,100,0,0,353.60453274025326,6.057415635300546,0,0,0.594895716125271,893,D_pmar=0.054_dist=100_repair_6_males=4_nmar=3,FG_theta_zero_feeding,78,10,-99,4,3
0.054,12,100,100,0,359.35789146623716,0,0,0,0.6527777777777792,893,D_pmar=0.054_dist=100_repair_6_males=4_nmar=3,FG_theta_zero_feeding,82,12,-99,4,3
0.054,6,0,0,0,359.7785889038806,0,0,0,0.5775005341211935,894,D_pmar=0.054_dist=100_repair_6_males=4_nmar=3,FG_theta_zero_feeding,83,6,-99,4,3
0.054,7,0,100,0,359.47559509914254,0,0,0,0.5998543634024259,894,D_pmar=0.054_dist=100_repair_6_males=4_nmar=3,FG_theta_zero_feeding,71,7,-99,4,3
0,9,100,0,0,360.1833660470265,0,0,0,0,894,D_pmar=0.054_dist=100_repair_6_males=4_nmar=3,FG_theta_zero_feeding,100,9,-99,4,3
0.054,14,100,100,0,359.4160669644313,0,0,0,0.6279611588277291,894,D_pmar=0.054_dist=100_repair_6_males=4_nmar=3,FG_theta_zero_feeding,85,14,-99,4,3
0.054,6,0,0,0,359.34416122808835,0,0,0,0.7039528882831604,895,D_pmar=0.054_dist=100_repair_6_males=4_nmar=3,FG_theta_zero_feeding,80,6,-99,4,3
0,13,0,100,0,360.03912327684316,0,0,0,0,895,D_pmar=0.054_dist=100_repair_6_males=4_nmar=3,FG_theta_zero_feeding,116,13,-99,4,3
0.054,10,100,0,0,359.5650802497612,0,0,0,0.6044839930320556,895,D_pmar=0.054_dist=100_repair_6_males=4_nmar=3,FG_theta_zero_feeding,92,10,-99,4,3
0.054,7,100,100,0,359.5337233429926,0,0,0,0.6665868335985978,895,D_pmar=0.054_dist=100_repair_6_males=4_nmar=3,FG_theta_zero_feeding,86,7,-99,4,3
0.054,11,0,0,0,359.6105698453258,0,0,0,0.5324074074074083,896,D_pmar=0.054_dist=100_repair_6_males=4_nmar=3,FG_theta_zero_feeding,67,11,-99,4,3
0.054,9,0,100,0,359.46295591886445,0,0,0,0.6761751105053825,896,D_pmar=0.054_dist=100_repair_6_males=4_nmar=3,FG_theta_zero_feeding,86,9,-99,4,3
0.054,11,100,0,0,359.4134051647163,0,0,0,0.6306731330760019,896,D_pmar=0.054_dist=100_repair_6_males=4_nmar=3,FG_theta_zero_feeding,76,11,-99,4,3
0,5,100,100,0,360.12401628534576,0,0,0,0,896,D_pmar=0.054_dist=100_repair_6_males=4_nmar=3,FG_theta_zero_feeding,131,5,-99,4,3
0,12,0,0,0,360.00906139849286,0,0,0,0,897,D_pmar=0.054_dist=100_repair_6_males=4_nmar=3,FG_theta_zero_feeding,101,12,-99,4,3
0.054,8,0,100,0,359.63197478700926,0,0,0,0.6296860801334259,897,D_pmar=0.054_dist=100_repair_6_males=4_nmar=3,FG_theta_zero_feeding,85,8,-99,4,3
0.054,4,100,0,0,359.4151984421713,0,0,0,0.6245911492844058,897,D_pmar=0.054_dist=100_repair_6_males=4_nmar=3,FG_theta_zero_feeding,94,4,-99,4,3
0.054,12,100,100,0,359.485267119713,0,0,0,0.537037037037038,897,D_pmar=0.054_dist=100_repair_6_males=4_nmar=3,FG_theta_zero_feeding,80,12,-99,4,3
0.054,10,0,0,0,359.3863176411881,0,0,0,0.6206195549498267,898,D_pmar=0.054_dist=100_repair_6_males=4_nmar=3,FG_theta_zero_feeding,69,10,-99,4,3
0,10,0,100,0,360.0750170475732,0,0,0,0,898,D_pmar=0.054_dist=100_repair_6_males=4_nmar=3,FG_theta_zero_feeding,122,10,-99,4,3
0.054,6,100,0,0,359.3501046442476,0,1,0.1,0.5694444444444455,898,D_pmar=0.054_dist=100_repair_6_males=4_nmar=3,FG_theta_zero_feeding,98,6,-99,4,3
0.054,10,100,100,0,353.25201856660027,6.161521718574277,0,0,0.6878173263653894,898,D_pmar=0.054_dist=100_repair_6_males=4_nmar=3,FG_theta_zero_feeding,81,10,-99,4,3
0.054,11,0,0,0,359.16718693655247,0,0,0,0.8434199793990299,899,D_pmar=0.054_dist=100_repair_6_males=4_nmar=3,FG_theta_zero_feeding,84,11,-99,4,3
0.054,8,0,100,0,359.43027381778154,0,0,0,0.6322617708098336,899,D_pmar=0.054_dist=100_repair_6_males=4_nmar=3,FG_theta_zero_feeding,80,8,-99,4,3
0,9,100,0,0,360.10544144756574,0,0,0,0,899,D_pmar=0.054_dist=100_repair_6_males=4_nmar=3,FG_theta_zero_feeding,119,9,-99,4,3
0.054,8,100,100,0,359.44186105692484,0,0,0,0.5982657256685944,899,D_pmar=0.054_dist=100_repair_6_males=4_nmar=3,FG_theta_zero_feeding,90,8,-99,4,3
0.054,4,0,0,0,359.51528812117715,0,0,0,0.6041549753845303,89,D_pmar=0.054_dist=100_repair_6_males=4_nmar=3,FG_theta_zero_feeding,88,4,-99,4,3
0,12,0,100,0,360.0397532267188,0,0,0,0,89,D_pmar=0.054_dist=100_repair_6_males=4_nmar=3,FG_theta_zero_feeding,105,12,-99,4,3
0.054,10,100,0,0,359.52358238374035,0,0,0,0.48148148148148223,89,D_pmar=0.054_dist=100_repair_6_males=4_nmar=3,FG_theta_zero_feeding,86,10,-99,4,3
0.054,10,100,100,0,359.33663407634856,0,0,0,0.6762315610091773,89,D_pmar=0.054_dist=100_repair_6_males=4_nmar=3,FG_theta_zero_feeding,56,11,-99,4,3
0,8,0,0,0,360.06828620838604,0,0,0,0,900,D_pmar=0.054_dist=100_repair_6_males=4_nmar=3,FG_theta_zero_feeding,110,8,-99,4,3
0.054,6,0,100,0,359.42236415672556,0,0,0,0.6568622731199482,900,D_pmar=0.054_dist=100_repair_6_males=4_nmar=3,FG_theta_zero_feeding,74,6,-99,4,3
0.054,13,100,0,0,359.3062696768525,0,0,0,0.7590995931231205,900,D_pmar=0.054_dist=100_repair_6_males=4_nmar=3,FG_theta_zero_feeding,92,13,-99,4,3
0.054,9,100,100,0,359.6156959908171,0,0,0,0.5046296296296304,900,D_pmar=0.054_dist=100_repair_6_males=4_nmar=3,FG_theta_zero_feeding,85,9,-99,4,3
0.054,12,0,0,0,359.4097172364785,0,0,0,0.6059363471940219,901,D_pmar=0.054_dist=100_repair_6_males=4_nmar=3,FG_theta_zero_feeding,59,12,-99,4,3
0.054,8,0,100,0,359.4609229286803,0,0,0,0.7102276061504165,901,D_pmar=0.054_dist=100_repair_6_males=4_nmar=3,FG_theta_zero_feeding,87,8,-99,4,3
0.054,10,100,0,0,359.5489754664646,0,0,0,0.49074074074074153,901,D_pmar=0.054_dist=100_repair_6_males=4_nmar=3,FG_theta_zero_feeding,81,10,-99,4,3
0,6,100,100,0,360.2102672809292,0,0,0,0,901,D_pmar=0.054_dist=100_repair_6_males=4_nmar=3,FG_theta_zero_feeding,114,6,-99,4,3
0.054,8,0,0,0,359.33161325361124,0,0,0,0.6885318121642348,902,D_pmar=0.054_dist=100_repair_6_males=4_nmar=3,FG_theta_zero_feeding,87,8,-99,4,3
0.054,13,0,100,0,359.48772516220174,0,0,0,0.5601851851851862,902,D_pmar=0.054_dist=100_repair_6_males=4_nmar=3,FG_theta_zero_feeding,86,13,-99,4,3
0,7,100,0,0,360.03584062955383,0,0,0,0,902,D_pmar=0.054_dist=100_repair_6_males=4_nmar=3,FG_theta_zero_feeding,117,7,-99,4,3
0.054,8,100,100,0,359.3293875388799,0,0,0,0.6878173263653894,902,D_pmar=0.054_dist=100_repair_6_males=4_nmar=3,FG_theta_zero_feeding,79,8,-99,4,3
0.054,11,0,0,0,359.46031234894446,0,0,0,0.5485994198289745,903,D_pmar=0.054_dist=100_repair_6_males=4_nmar=3,FG_theta_zero_feeding,95,11,-99,4,3
0.054,9,0,100,0,359.34083118264834,0,0,0,0.6962024336896624,903,D_pmar=0.054_dist=100_repair_6_males=4_nmar=3,FG_theta_zero_feeding,75,9,-99,4,3
0,7,100,0,0,360.0649043656877,0,0,0,0,903,D_pmar=0.054_dist=100_repair_6_males=4_nmar=3,FG_theta_zero_feeding,98,7,-99,4,3
0.054,9,100,100,0,359.5356414771445,0,0,0,0.6461506596987225,903,D_pmar=0.054_dist=100_repair_6_males=4_nmar=3,FG_theta_zero_feeding,75,9,-99,4,3
0.054,6,0,0,0,359.55820403712875,0,0,0,0.5712822667577323,904,D_pmar=0.054_dist=100_repair_6_males=4_nmar=3,FG_theta_zero_feeding,78,6,-99,4,3
0.054,7,0,100,0,359.4048975840871,0,0,0,0.6257144857988468,904,D_pmar=0.054_dist=100_repair_6_males=4_nmar=3,FG_theta_zero_feeding,67,7,-99,4,3
0.054,10,100,0,0,359.5385884618446,0,0,0,0.5787037037037048,904,D_pmar=0.054_dist=100_repair_6_males=4_nmar=3,FG_theta_zero_feeding,85,10,-99,4,3
0,13,100,100,0,360.04926398691885,0,0,0,0,904,D_pmar=0.054_dist=100_repair_6_males=4_nmar=3,FG_theta_zero_feeding,120,13,-99,4,3
0.054,11,0,0,0,359.3634319071437,0,0,0,0.6423153489360086,905,D_pmar=0.054_dist=100_repair_6_males=4_nmar=3,FG_theta_zero_feeding,65,11,-99,4,3
0,11,0,100,0,360.060609258618,0,0,0,0,905,D_pmar=0.054_dist=100_repair_6_males=4_nmar=3,FG_theta_zero_feeding,126,11,-99,4,3
0.054,8,100,0,0,353.2926280875759,6.086009772143591,1,0.1,0.5949521666290659,905,D_pmar=0.054_dist=100_repair_6_males=4_nmar=3,FG_theta_zero_feeding,75,8,-99,4,3
0.054,6,100,100,0,353.5631285723888,6.099163991716266,1,0.1,0.5694444444444455,905,D_pmar=0.054_dist=100_repair_6_males=4_nmar=3,FG_theta_zero_feeding,82,6,-99,4,3
0.054,10,0,0,0,359.3513241604957,0,0,0,0.6904494675455916,906,D_pmar=0.054_dist=100_repair_6_males=4_nmar=3,FG_theta_zero_feeding,93,10,-99,4,3
0,8,0,100,0,360.3050104724712,0,0,0,0,906,D_pmar=0.054_dist=100_repair_6_males=4_nmar=3,FG_theta_zero_feeding,136,8,-99,4,3
0.054,9,100,0,0,352.9930055682436,6.295063454112721,0,0,0.7194304149058809,906,D_pmar=0.054_dist=100_repair_6_males=4_nmar=3,FG_theta_zero_feeding,79,10,-99,4,3
0.054,9,100,100,0,359.4147410112972,0,1,0.1,0.6111111111111124,906,D_pmar=0.054_dist=100_repair_6_males=4_nmar=3,FG_theta_zero_feeding,78,9,-99,4,3
0.054,13,0,0,0,353.352373897582,6.018421859144758,0,0,0.6980636385672244,907,D_pmar=0.054_dist=100_repair_6_males=4_nmar=3,FG_theta_zero_feeding,78,13,-99,4,3
0.054,8,0,100,0,359.317236911314,0,0,0,0.6835167143832849,907,D_pmar=0.054_dist=100_repair_6_males=4_nmar=3,FG_theta_zero_feeding,85,8,-99,4,3
0.054,6,100,0,0,359.35851924191286,0,1,0.1,0.6815990590019281,907,D_pmar=0.054_dist=100_repair_6_males=4_nmar=3,FG_theta_zero_feeding,105,6,-99,4,3
0,9,100,100,0,360.0243645323613,0,0,0,0,907,D_pmar=0.054_dist=100_repair_6_males=4_nmar=3,FG_theta_zero_feeding,118,9,-99,4,3
0.054,7,0,0,0,353.31155376363074,6.131202794921468,1,0.1,0.6175785630540289,908,D_pmar=0.054_dist=100_repair_6_males=4_nmar=3,FG_theta_zero_feeding,80,7,-99,4,3
0,8,0,100,0,360.0133666462201,0,0,0,0,908,D_pmar=0.054_dist=100_repair_6_males=4_nmar=3,FG_theta_zero_feeding,112,8,-99,4,3
0.054,12,100,0,0,353.3984550923312,6.201872278745063,1,0.1,0.5324074074074083,908,D_pmar=0.054_dist=100_repair_6_males=4_nmar=3,FG_theta_zero_feeding,81,12,-99,4,3
0.054,9,100,100,0,359.4099319765518,0,0,0,0.6153318900251465,908,D_pmar=0.054_dist=100_repair_6_males=4_nmar=3,FG_theta_zero_feeding,76,9,-99,4,3
0.054,8,0,0,0,359.32849365539084,0,0,0,0.6723397997426687,909,D_pmar=0.054_dist=100_repair_6_males=4_nmar=3,FG_theta_zero_feeding,65,8,-99,4,3
0,8,0,100,0,360.2019718806201,0,0,0,0,909,D_pmar=0.054_dist=100_repair_6_males=4_nmar=3,FG_theta_zero_feeding,123,8,-99,4,3
0.054,10,100,0,0,353.24487265537726,6.318136982118885,0,0,0.5694444444444455,909,D_pmar=0.054_dist=100_repair_6_males=4_nmar=3,FG_theta_zero_feeding,88,10,-99,4,3
0.054,10,100,100,0,359.3547987411107,0,1,0.1,0.5532290494586042,909,D_pmar=0.054_dist=100_repair_6_males=4_nmar=3,FG_theta_zero_feeding,79,10,-99,4,3
0.054,10,0,0,0,346.7649504643322,12.501173430144958,2,0.2,0.5879629629629641,90,D_pmar=0.054_dist=100_repair_6_males=4_nmar=3,FG_theta_zero_feeding,77,10,-99,4,3
0.054,7,0,100,0,346.9439607403337,12.245941822406806,3,0.30000000000000004,0.5767062152542777,90,D_pmar=0.054_dist=100_repair_6_males=4_nmar=3,FG_theta_zero_feeding,81,7,-99,4,3
0.054,7,100,0,0,353.2717645840703,6.182316888412744,0,0,0.5632826275847792,90,D_pmar=0.054_dist=100_repair_6_males=4_nmar=3,FG_theta_zero_feeding,74,7,-99,4,3
0,12,100,100,0,360.12951987199017,0,0,0,0,90,D_pmar=0.054_dist=100_repair_6_males=4_nmar=3,FG_theta_zero_feeding,111,12,-99,4,3
0.054,9,0,0,0,359.46670204327046,0,1,0.1,0.5146033746877354,910,D_pmar=0.054_dist=100_repair_6_males=4_nmar=3,FG_theta_zero_feeding,78,9,-99,4,3
0.054,14,0,100,0,359.46864725348274,0,0,0,0.6194962184353855,910,D_pmar=0.054_dist=100_repair_6_males=4_nmar=3,FG_theta_zero_feeding,67,14,-99,4,3
0.054,9,100,0,0,355.3698069599562,4.026118585687109,0,0,0.6693552583506654,910,D_pmar=0.054_dist=100_repair_6_males=4_nmar=3,FG_theta_zero_feeding,82,9,-99,4,3
0,4,100,100,0,360.02427649728173,0,0,0,0,910,D_pmar=0.054_dist=100_repair_6_males=4_nmar=3,FG_theta_zero_feeding,100,4,-99,4,3
0.054,12,0,0,0,359.31521333113443,0,0,0,0.7682225688105145,911,D_pmar=0.054_dist=100_repair_6_males=4_nmar=3,FG_theta_zero_feeding,63,12,-99,4,3
0,12,0,100,0,360.03505798755,0,0,0,0,911,D_pmar=0.054_dist=100_repair_6_males=4_nmar=3,FG_theta_zero_feeding,108,12,-99,4,3
0.054,7,100,0,0,359.41909111848776,0,0,0,0.6153318900251465,911,D_pmar=0.054_dist=100_repair_6_males=4_nmar=3,FG_theta_zero_feeding,76,7,-99,4,3
0.054,5,100,100,0,359.58728330489276,0,0,0,0.4545544730744152,911,D_pmar=0.054_dist=100_repair_6_males=4_nmar=3,FG_theta_zero_feeding,85,5,-99,4,3
0.054,7,0,0,0,353.47728395014934,6.1097675102704345,0,0,0.5509259259259269,912,D_pmar=0.054_dist=100_repair_6_males=4_nmar=3,FG_theta_zero_feeding,94,7,-99,4,3
0,7,0,100,0,360.0908998472737,0,0,0,0,912,D_pmar=0.054_dist=100_repair_6_males=4_nmar=3,FG_theta_zero_feeding,130,7,-99,4,3
0.054,9,100,0,0,359.3508716315205,0,0,0,0.7047472071500763,912,D_pmar=0.054_dist=100_repair_6_males=4_nmar=3,FG_theta_zero_feeding,69,9,-99,4,3
0.054,13,100,100,0,359.20938583089406,0,1,0.1,0.734828108460531,912,D_pmar=0.054_dist=100_repair_6_males=4_nmar=3,FG_theta_zero_feeding,86,13,-99,4,3
0.054,6,0,0,0,359.47716220233343,0,0,0,0.5987310268879849,913,D_pmar=0.054_dist=100_repair_6_males=4_nmar=3,FG_theta_zero_feeding,93,6,-99,4,3
0.054,10,0,100,0,359.39832119308033,0,0,0,0.6931614417938644,913,D_pmar=0.054_dist=100_repair_6_males=4_nmar=3,FG_theta_zero_feeding,75,10,-99,4,3
0,11,100,0,0,360.0806841585841,0,0,0,0,913,D_pmar=0.054_dist=100_repair_6_males=4_nmar=3,FG_theta_zero_feeding,115,11,-99,4,3
0.054,9,100,100,0,359.3541895082166,0,0,0,0.6515746081952678,913,D_pmar=0.054_dist=100_repair_6_males=4_nmar=3,FG_theta_zero_feeding,73,9,-99,4,3
0.054,7,0,0,0,359.3372581512687,0,0,0,0.7239802114674402,914,D_pmar=0.054_dist=100_repair_6_males=4_nmar=3,FG_theta_zero_feeding,78,7,-99,4,3
0.054,11,0,100,0,359.61398546077294,0,0,0,0.5509259259259269,914,D_pmar=0.054_dist=100_repair_6_males=4_nmar=3,FG_theta_zero_feeding,80,11,-99,4,3
0.054,13,100,0,0,359.4549098898518,0,0,0,0.6287554776946451,914,D_pmar=0.054_dist=100_repair_6_males=4_nmar=3,FG_theta_zero_feeding,80,13,-99,4,3
0,5,100,100,0,360.0405049252297,0,0,0,0,914,D_pmar=0.054_dist=100_repair_6_males=4_nmar=3,FG_theta_zero_feeding,121,5,-99,4,3
0,6,0,0,0,360.22382860794744,0,0,0,0,915,D_pmar=0.054_dist=100_repair_6_males=4_nmar=3,FG_theta_zero_feeding,117,6,-99,4,3
0.054,12,0,100,0,353.29299217178,6.2062099649727696,0,0,0.509315709763055,915,D_pmar=0.054_dist=100_repair_6_males=4_nmar=3,FG_theta_zero_feeding,80,12,-99,4,3
0.054,11,100,0,0,359.3877514029947,0,1,0.1,0.5555555555555566,915,D_pmar=0.054_dist=100_repair_6_males=4_nmar=3,FG_theta_zero_feeding,75,11,-99,4,3
0.054,7,100,100,0,359.3836164066779,0,0,0,0.7112944921610629,915,D_pmar=0.054_dist=100_repair_6_males=4_nmar=3,FG_theta_zero_feeding,81,7,-99,4,3
0.054,10,0,0,0,359.3312552775149,0,0,0,0.6803958894194166,916,D_pmar=0.054_dist=100_repair_6_males=4_nmar=3,FG_theta_zero_feeding,82,10,-99,4,3
0,10,0,100,0,360.2149451279862,0,0,0,0,916,D_pmar=0.054_dist=100_repair_6_males=4_nmar=3,FG_theta_zero_feeding,114,10,-99,4,3
0.054,9,100,0,0,359.47664333407357,0,1,0.1,0.6056073295464968,916,D_pmar=0.054_dist=100_repair_6_males=4_nmar=3,FG_theta_zero_feeding,79,9,-99,4,3
0.054,7,100,100,0,353.3074065739307,6.035060752419839,0,0,0.6720107820951433,916,D_pmar=0.054_dist=100_repair_6_males=4_nmar=3,FG_theta_zero_feeding,80,7,-99,4,3
0.054,7,0,0,0,353.3168247569055,6.067923278849251,0,0,0.6206195549498267,917,D_pmar=0.054_dist=100_repair_6_males=4_nmar=3,FG_theta_zero_feeding,86,7,-99,4,3
0.054,9,0,100,0,359.3834048672333,0,0,0,0.6453563408318066,917,D_pmar=0.054_dist=100_repair_6_males=4_nmar=3,FG_theta_zero_feeding,79,9,-99,4,3
0,10,100,0,0,360.1609405099318,0,0,0,0,917,D_pmar=0.054_dist=100_repair_6_males=4_nmar=3,FG_theta_zero_feeding,125,10,-99,4,3
0.054,10,100,100,0,359.3831114646538,0,1,0.1,0.5648148148148159,917,D_pmar=0.054_dist=100_repair_6_males=4_nmar=3,FG_theta_zero_feeding,69,10,-99,4,3
0.054,9,0,0,0,359.4271141648806,0,0,0,0.5956900349921868,918,D_pmar=0.054_dist=100_repair_6_males=4_nmar=3,FG_theta_zero_feeding,77,9,-99,4,3
0.054,9,0,100,0,359.39744468050003,0,0,0,0.6620136544727632,918,D_pmar=0.054_dist=100_repair_6_males=4_nmar=3,FG_theta_zero_feeding,74,9,-99,4,3
0,10,100,0,0,360.009733046675,0,0,0,0,918,D_pmar=0.054_dist=100_repair_6_males=4_nmar=3,FG_theta_zero_feeding,124,10,-99,4,3
0.054,8,100,100,0,359.4401121233394,0,0,0,0.6018518518518531,918,D_pmar=0.054_dist=100_repair_6_males=4_nmar=3,FG_theta_zero_feeding,84,8,-99,4,3
0,10,0,0,0,360.0422953671046,0,0,0,0,919,D_pmar=0.054_dist=100_repair_6_males=4_nmar=3,FG_theta_zero_feeding,114,10,-99,4,3
0.054,7,0,100,0,359.4556746416833,0,0,0,0.6218791750361331,919,D_pmar=0.054_dist=100_repair_6_males=4_nmar=3,FG_theta_zero_feeding,85,7,-99,4,3
0.054,8,100,0,0,359.3598899780921,0,0,0,0.7902473804442217,919,D_pmar=0.054_dist=100_repair_6_males=4_nmar=3,FG_theta_zero_feeding,97,8,-99,4,3
0.054,11,100,100,0,359.26087282021416,0,0,0,0.7539482117703055,919,D_pmar=0.054_dist=100_repair_6_males=4_nmar=3,FG_theta_zero_feeding,94,11,-99,4,3
0,10,0,0,0,360.0571320239531,0,0,0,0,91,D_pmar=0.054_dist=100_repair_6_males=4_nmar=3,FG_theta_zero_feeding,117,10,-99,4,3
0.054,11,0,100,0,359.47100132802115,0,0,0,0.5605706533365066,91,D_pmar=0.054_dist=100_repair_6_males=4_nmar=3,FG_theta_zero_feeding,94,12,-99,4,3
0.054,7,100,0,0,359.3903998131305,0,1,0.1,0.6873520251459986,91,D_pmar=0.054_dist=100_repair_6_males=4_nmar=3,FG_theta_zero_feeding,80,7,-99,4,3
0.054,8,100,100,0,353.30128918918894,6.009559581129312,0,0,0.7055415260169919,91,D_pmar=0.054_dist=100_repair_6_males=4_nmar=3,FG_theta_zero_feeding,80,8,-99,4,3
0.054,7,0,0,0,359.41555664930416,0,0,0,0.6342592592592606,920,D_pmar=0.054_dist=100_repair_6_males=4_nmar=3,FG_theta_zero_feeding,78,7,-99,4,3
0.054,9,0,100,0,359.297042294144,0,0,0,0.7182272453233695,920,D_pmar=0.054_dist=100_repair_6_males=4_nmar=3,FG_theta_zero_feeding,74,9,-99,4,3
0.054,11,100,0,0,359.52534158354194,0,0,0,0.6022373200031733,920,D_pmar=0.054_dist=100_repair_6_males=4_nmar=3,FG_theta_zero_feeding,90,11,-99,4,3
0,9,100,100,0,360.09562552006525,0,0,0,0,920,D_pmar=0.054_dist=100_repair_6_males=4_nmar=3,FG_theta_zero_feeding,133,9,-99,4,3
0.054,10,0,0,0,359.243415736865,0,0,0,0.7610172485044773,921,D_pmar=0.054_dist=100_repair_6_males=4_nmar=3,FG_theta_zero_feeding,71,10,-99,4,3
0.054,10,0,100,0,359.3664210270477,0,0,0,0.7140064664093355,921,D_pmar=0.054_dist=100_repair_6_males=4_nmar=3,FG_theta_zero_feeding,87,10,-99,4,3
0,9,100,0,0,360.2138048074774,0,0,0,0,921,D_pmar=0.054_dist=100_repair_6_males=4_nmar=3,FG_theta_zero_feeding,131,9,-99,4,3
0.054,7,100,100,0,359.44960556354675,0,0,0,0.5517766952966378,921,D_pmar=0.054_dist=100_repair_6_males=4_nmar=3,FG_theta_zero_feeding,85,7,-99,4,3
0.054,9,0,0,0,359.4500152891963,0,0,0,0.5883484311142844,922,D_pmar=0.054_dist=100_repair_6_males=4_nmar=3,FG_theta_zero_feeding,84,9,-99,4,3
0.054,8,0,100,0,359.55572546294854,0,0,0,0.6696842759981909,922,D_pmar=0.054_dist=100_repair_6_males=4_nmar=3,FG_theta_zero_feeding,73,8,-99,4,3
0.054,8,100,0,0,359.4223154470598,0,0,0,0.6627515228358842,922,D_pmar=0.054_dist=100_repair_6_males=4_nmar=3,FG_theta_zero_feeding,70,8,-99,4,3
0,11,100,100,0,360.27838819377615,0,0,0,0,922,D_pmar=0.054_dist=100_repair_6_males=4_nmar=3,FG_theta_zero_feeding,127,11,-99,4,3
0.054,9,0,0,0,359.37565063961574,0,0,0,0.6718744985232781,923,D_pmar=0.054_dist=100_repair_6_males=4_nmar=3,FG_theta_zero_feeding,90,9,-99,4,3
0.054,8,0,100,0,359.3816928162279,0,0,0,0.6388090558208201,923,D_pmar=0.054_dist=100_repair_6_males=4_nmar=3,FG_theta_zero_feeding,79,8,-99,4,3
0.054,10,100,0,0,359.3380889669423,0,0,0,0.698528939786615,923,D_pmar=0.054_dist=100_repair_6_males=4_nmar=3,FG_theta_zero_feeding,89,10,-99,4,3
0,9,100,100,0,360.0903780537264,0,0,0,0,923,D_pmar=0.054_dist=100_repair_6_males=4_nmar=3,FG_theta_zero_feeding,118,9,-99,4,3
0,5,0,0,0,360.0174047688803,0,0,0,0,924,D_pmar=0.054_dist=100_repair_6_males=4_nmar=3,FG_theta_zero_feeding,114,5,-99,4,3
0.054,13,0,100,0,359.29281353535043,0,0,0,0.7087188014846553,924,D_pmar=0.054_dist=100_repair_6_males=4_nmar=3,FG_theta_zero_feeding,83,14,-99,4,3
0.054,14,100,0,0,359.66468211734093,0,0,0,0.5509259259259269,924,D_pmar=0.054_dist=100_repair_6_males=4_nmar=3,FG_theta_zero_feeding,81,14,-99,4,3
0.054,4,100,100,0,359.5039460302504,0,0,0,0.6511093069758772,924,D_pmar=0.054_dist=100_repair_6_males=4_nmar=3,FG_theta_zero_feeding,102,4,-99,4,3
0.054,9,0,0,0,359.41232389737223,0,0,0,0.6774347305916888,925,D_pmar=0.054_dist=100_repair_6_males=4_nmar=3,FG_theta_zero_feeding,88,9,-99,4,3
0.054,13,0,100,0,359.4835683848523,0,0,0,0.6827788460201639,925,D_pmar=0.054_dist=100_repair_6_males=4_nmar=3,FG_theta_zero_feeding,83,13,-99,4,3
0.054,8,100,0,0,359.3978046552805,0,0,0,0.615740740740742,925,D_pmar=0.054_dist=100_repair_6_males=4_nmar=3,FG_theta_zero_feeding,95,8,-99,4,3
0,6,100,100,0,360.1348385704882,0,0,0,0,925,D_pmar=0.054_dist=100_repair_6_males=4_nmar=3,FG_theta_zero_feeding,114,6,-99,4,3
0.054,7,0,0,0,359.52707780979324,0,0,0,0.5000000000000008,926,D_pmar=0.054_dist=100_repair_6_males=4_nmar=3,FG_theta_zero_feeding,80,7,-99,4,3
0,11,0,100,0,360.12137711141776,0,0,0,0,926,D_pmar=0.054_dist=100_repair_6_males=4_nmar=3,FG_theta_zero_feeding,120,11,-99,4,3
0.054,6,100,0,0,359.46586789880826,0,0,0,0.5683775584337994,926,D_pmar=0.054_dist=100_repair_6_males=4_nmar=3,FG_theta_zero_feeding,74,6,-99,4,3
0.054,12,100,100,0,359.5437384991203,0,0,0,0.696996752556578,926,D_pmar=0.054_dist=100_repair_6_males=4_nmar=3,FG_theta_zero_feeding,63,12,-99,4,3
0.054,7,0,0,0,359.6390408154937,0,0,0,0.5232045986519441,927,D_pmar=0.054_dist=100_repair_6_males=4_nmar=3,FG_theta_zero_feeding,70,7,-99,4,3
0.054,9,0,100,0,359.3048908276293,0,0,0,0.7244455126868308,927,D_pmar=0.054_dist=100_repair_6_males=4_nmar=3,FG_theta_zero_feeding,80,9,-99,4,3
0,13,100,0,0,360.1100327938032,0,0,0,0,927,D_pmar=0.054_dist=100_repair_6_males=4_nmar=3,FG_theta_zero_feeding,105,13,-99,4,3
0.054,7,100,100,0,359.82284539161276,0,0,0,0.5046296296296304,927,D_pmar=0.054_dist=100_repair_6_males=4_nmar=3,FG_theta_zero_feeding,80,7,-99,4,3
0.054,5,0,0,0,359.3494524640649,0,1,0.1,0.6993232586535307,928,D_pmar=0.054_dist=100_repair_6_males=4_nmar=3,FG_theta_zero_feeding,84,5,-99,4,3
0.054,10,0,100,0,353.31816101063686,6.144404491070018,0,0,0.6511093069758775,928,D_pmar=0.054_dist=100_repair_6_males=4_nmar=3,FG_theta_zero_feeding,91,10,-99,4,3
0.054,7,100,0,0,359.42183417481783,0,0,0,0.6148665888057558,928,D_pmar=0.054_dist=100_repair_6_males=4_nmar=3,FG_theta_zero_feeding,82,7,-99,4,3
0,14,100,100,0,360.23592563519685,0,0,0,0,928,D_pmar=0.054_dist=100_repair_6_males=4_nmar=3,FG_theta_zero_feeding,112,14,-99,4,3
0.054,8,0,0,0,359.31423268127435,0,2,0.2,0.5196983055367556,929,D_pmar=0.054_dist=100_repair_6_males=4_nmar=3,FG_theta_zero_feeding,76,8,-99,4,3
0.054,10,0,100,0,359.5419563019386,0,0,0,0.5416666666666676,929,D_pmar=0.054_dist=100_repair_6_males=4_nmar=3,FG_theta_zero_feeding,75,10,-99,4,3
0,12,100,0,0,360.12923964619966,0,0,0,0,929,D_pmar=0.054_dist=100_repair_6_males=4_nmar=3,FG_theta_zero_feeding,128,12,-99,4,3
0.054,6,100,100,0,347.28155718215544,12.081343679530862,0,0,0.7132121475424197,929,D_pmar=0.054_dist=100_repair_6_males=4_nmar=3,FG_theta_zero_feeding,72,6,-99,4,3
0.054,4,0,0,0,353.24412411042414,6.095220478202239,1,0.1,0.6781492163905343,92,D_pmar=0.054_dist=100_repair_6_males=4_nmar=3,FG_theta_zero_feeding,75,6,-99,4,3
0,15,0,100,0,360.1649173015311,0,0,0,0,92,D_pmar=0.054_dist=100_repair_6_males=4_nmar=3,FG_theta_zero_feeding,123,15,-99,4,3
0.054,11,100,0,0,359.6553686739655,0,0,0,0.5046296296296304,92,D_pmar=0.054_dist=100_repair_6_males=4_nmar=3,FG_theta_zero_feeding,80,11,-99,4,3
0.054,6,100,100,0,353.2069007303824,6.117790267567883,1,0.1,0.6777637482392141,92,D_pmar=0.054_dist=100_repair_6_males=4_nmar=3,FG_theta_zero_feeding,75,7,-99,4,3
0,14,0,0,0,360.042512163003,0,0,0,0,930,D_pmar=0.054_dist=100_repair_6_males=4_nmar=3,FG_theta_zero_feeding,128,14,-99,4,3
0.054,9,0,100,0,359.46031075641645,0,0,0,0.6739284374765003,930,D_pmar=0.054_dist=100_repair_6_males=4_nmar=3,FG_theta_zero_feeding,70,9,-99,4,3
0.054,8,100,0,0,359.43073217165954,0,0,0,0.641850047716618,930,D_pmar=0.054_dist=100_repair_6_males=4_nmar=3,FG_theta_zero_feeding,93,8,-99,4,3
0.054,5,100,100,0,359.4692538927422,0,0,0,0.6581218932062544,930,D_pmar=0.054_dist=100_repair_6_males=4_nmar=3,FG_theta_zero_feeding,84,6,-99,4,3
0.054,14,0,0,0,359.50457970237557,0,0,0,0.6819280766494532,931,D_pmar=0.054_dist=100_repair_6_males=4_nmar=3,FG_theta_zero_feeding,66,14,-99,4,3
0.054,11,0,100,0,359.33877802438235,0,0,0,0.677820198743009,931,D_pmar=0.054_dist=100_repair_6_males=4_nmar=3,FG_theta_zero_feeding,84,11,-99,4,3
0,7,100,0,0,360.28275514712556,0,0,0,0,931,D_pmar=0.054_dist=100_repair_6_males=4_nmar=3,FG_theta_zero_feeding,124,7,-99,4,3
0.054,4,100,100,0,359.4705861853297,0,0,0,0.5324074074074083,931,D_pmar=0.054_dist=100_repair_6_males=4_nmar=3,FG_theta_zero_feeding,85,4,-99,4,3
0,11,0,0,0,360.07303346890143,0,0,0,0,932,D_pmar=0.054_dist=100_repair_6_males=4_nmar=3,FG_theta_zero_feeding,125,11,-99,4,3
0.054,7,0,100,0,359.6003559078944,0,0,0,0.49074074074074153,932,D_pmar=0.054_dist=100_repair_6_males=4_nmar=3,FG_theta_zero_feeding,68,7,-99,4,3
0.054,9,100,0,0,359.43798848040535,0,0,0,0.5848985885028909,932,D_pmar=0.054_dist=100_repair_6_males=4_nmar=3,FG_theta_zero_feeding,81,9,-99,4,3
0.054,9,100,100,0,359.3752613031659,0,0,0,0.6919816547756283,932,D_pmar=0.054_dist=100_repair_6_males=4_nmar=3,FG_theta_zero_feeding,61,9,-99,4,3
0.054,10,0,0,0,359.42855423225916,0,0,0,0.6342592592592606,933,D_pmar=0.054_dist=100_repair_6_males=4_nmar=3,FG_theta_zero_feeding,83,10,-99,4,3
0.054,8,0,100,0,359.3892600114355,0,0,0,0.6292207789140354,933,D_pmar=0.054_dist=100_repair_6_males=4_nmar=3,FG_theta_zero_feeding,80,8,-99,4,3
0,6,100,0,0,360.03660796654367,0,0,0,0,933,D_pmar=0.054_dist=100_repair_6_males=4_nmar=3,FG_theta_zero_feeding,147,6,-99,4,3
0.054,12,100,100,0,359.4174423444898,0,0,0,0.7427712971296891,933,D_pmar=0.054_dist=100_repair_6_males=4_nmar=3,FG_theta_zero_feeding,84,12,-99,4,3
0.054,7,0,0,0,359.5593657958591,0,0,0,0.5535580671061295,934,D_pmar=0.054_dist=100_repair_6_males=4_nmar=3,FG_theta_zero_feeding,84,7,-99,4,3
0,6,0,100,0,360.10958736954063,0,0,0,0,934,D_pmar=0.054_dist=100_repair_6_males=4_nmar=3,FG_theta_zero_feeding,104,6,-99,4,3
0.054,12,100,0,0,359.4619933814739,0,0,0,0.6250000000000013,934,D_pmar=0.054_dist=100_repair_6_males=4_nmar=3,FG_theta_zero_feeding,71,12,-99,4,3
0.054,11,100,100,0,359.56487079746285,0,0,0,0.55243473059168835,934,D_pmar=0.054_dist=100_repair_6_males=4_nmar=3,FG_theta_zero_feeding,83,11,-99,4,3
0.054,12,0,0,0,353.3596868441151,6.078946728080999,0,0,0.7032150199200394,935,D_pmar=0.054_dist=100_repair_6_males=4_nmar=3,FG_theta_zero_feeding,85,12,-99,4,3
0.054,9,0,100,0,359.3494762033229,0,0,0,0.6654634970841568,935,D_pmar=0.054_dist=100_repair_6_males=4_nmar=3,FG_theta_zero_feeding,72,9,-99,4,3
0.054,7,100,0,0,359.3593717333368,0,1,0.1,0.5694444444444455,935,D_pmar=0.054_dist=100_repair_6_males=4_nmar=3,FG_theta_zero_feeding,88,7,-99,4,3
0,8,100,100,0,360.1605529467256,0,0,0,0,935,D_pmar=0.054_dist=100_repair_6_males=4_nmar=3,FG_theta_zero_feeding,126,8,-99,4,3
0.054,11,0,0,0,359.42887225891707,0,0,0,0.5794181895025504,936,D_pmar=0.054_dist=100_repair_6_males=4_nmar=3,FG_theta_zero_feeding,80,11,-99,4,3
0.054,6,0,100,0,353.27881792738765,6.167164372091772,0,0,0.6284264600471197,936,D_pmar=0.054_dist=100_repair_6_males=4_nmar=3,FG_theta_zero_feeding,71,6,-99,4,3
0,9,100,0,0,360.11218147393413,0,0,0,0,936,D_pmar=0.054_dist=100_repair_6_males=4_nmar=3,FG_theta_zero_feeding,123,9,-99,4,3
0.054,10,100,100,0,359.32832305075414,0,1,0.1,0.6022373200031733,936,D_pmar=0.054_dist=100_repair_6_males=4_nmar=3,FG_theta_zero_feeding,71,10,-99,4,3
0,4,0,0,0,360.09470463154156,0,0,0,0,937,D_pmar=0.054_dist=100_repair_6_males=4_nmar=3,FG_theta_zero_feeding,133,4,-99,4,3
0.054,11,0,100,0,359.35236637790337,0,0,0,0.658779928501305,937,D_pmar=0.054_dist=100_repair_6_males=4_nmar=3,FG_theta_zero_feeding,84,11,-99,4,3
0.054,12,100,0,0,359.25802251207756,0,0,0,0.8341607201397707,937,D_pmar=0.054_dist=100_repair_6_males=4_nmar=3,FG_theta_zero_feeding,85,12,-99,4,3
0.054,9,100,100,0,359.7025878435327,0,0,0,0.5648148148148159,937,D_pmar=0.054_dist=100_repair_6_males=4_nmar=3,FG_theta_zero_feeding,82,9,-99,4,3
0.054,2,0,0,0,359.5282457480158,0,0,0,0.5914458735138773,938,D_pmar=0.054_dist=100_repair_6_males=4_nmar=3,FG_theta_zero_feeding,86,2,-99,4,3
0.054,6,0,100,0,359.4462229639246,0,0,0,0.5648148148148159,938,D_pmar=0.054_dist=100_repair_6_males=4_nmar=3,FG_theta_zero_feeding,75,6,-99,4,3
0,18,100,0,0,360.0686008751181,0,0,0,0,938,D_pmar=0.054_dist=100_repair_6_males=4_nmar=3,FG_theta_zero_feeding,118,18,-99,4,3
0.054,10,100,100,0,359.3486660046391,0,0,0,0.6712164632282276,938,D_pmar=0.054_dist=100_repair_6_males=4_nmar=3,FG_theta_zero_feeding,71,10,-99,4,3
0.054,8,0,0,0,359.4930371840691,0,0,0,0.6335213908961397,939,D_pmar=0.054_dist=100_repair_6_males=4_nmar=3,FG_theta_zero_feeding,73,8,-99,4,3
0,12,0,100,0,360.2374603845123,0,0,0,0,939,D_pmar=0.054_dist=100_repair_6_males=4_nmar=3,FG_theta_zero_feeding,120,12,-99,4,3
0.054,6,100,0,0,353.265472998745,6.0527087492214315,1,0.1,0.5941013972583552,939,D_pmar=0.054_dist=100_repair_6_males=4_nmar=3,FG_theta_zero_feeding,96,6,-99,4,3
0.054,10,100,100,0,353.08609732078526,6.214311513028799,1,0.1,0.6469449785656382,939,D_pmar=0.054_dist=100_repair_6_males=4_nmar=3,FG_theta_zero_feeding,72,10,-99,4,3
0.054,8,0,0,0,359.4063560192596,0,0,0,0.6419863312884831,93,D_pmar=0.054_dist=100_repair_6_males=4_nmar=3,FG_theta_zero_feeding,100,8,-99,4,3
0.054,13,0,100,0,359.18372594779186,0,0,0,0.8379960309024845,93,D_pmar=0.054_dist=100_repair_6_males=4_nmar=3,FG_theta_zero_feeding,93,13,-99,4,3
0,9,100,0,0,360.06608098755163,0,0,0,0,93,D_pmar=0.054_dist=100_repair_6_males=4_nmar=3,FG_theta_zero_feeding,125,9,-99,4,3
0.054,6,100,100,0,359.2127667489359,0,0,0,0.8002445080666019,93,D_pmar=0.054_dist=100_repair_6_males=4_nmar=3,FG_theta_zero_feeding,95,6,-99,4,3
0.054,10,0,0,0,353.5463543824038,6.03323534925195,0,0,0.5485994198289746,940,D_pmar=0.054_dist=100_repair_6_males=4_nmar=3,FG_theta_zero_feeding,71,10,-99,4,3
0,9,0,100,0,360.115350777145,0,0,0,0,940,D_pmar=0.054_dist=100_repair_6_males=4_nmar=3,FG_theta_zero_feeding,113,9,-99,4,3
0.054,6,100,0,0,359.3793226959241,0,1,0.1,0.523148148148149,940,D_pmar=0.054_dist=100_repair_6_males=4_nmar=3,FG_theta_zero_feeding,66,6,-99,4,3
0.054,11,100,100,0,359.3764305232895,0,0,0,0.6361535320763422,940,D_pmar=0.054_dist=100_repair_6_males=4_nmar=3,FG_theta_zero_feeding,75,11,-99,4,3
0,11,0,0,0,360.07987607638273,0,0,0,0,941,D_pmar=0.054_dist=100_repair_6_males=4_nmar=3,FG_theta_zero_feeding,92,11,-99,4,3
0.054,6,0,100,0,359.4053005119146,0,0,0,0.601908302355648,941,D_pmar=0.054_dist=100_repair_6_males=4_nmar=3,FG_theta_zero_feeding,78,6,-99,4,3
0.054,10,100,0,0,353.41110176249674,6.238990084899059,1,0.1,0.5138888888888897,941,D_pmar=0.054_dist=100_repair_6_males=4_nmar=3,FG_theta_zero_feeding,83,11,-99,4,3
0.054,9,100,100,0,353.20816765762834,6.141836961367668,1,0.1,0.5845131203515707,941,D_pmar=0.054_dist=100_repair_6_males=4_nmar=3,FG_theta_zero_feeding,89,9,-99,4,3
0,12,0,0,0,360.2301756012498,0,0,0,0,942,D_pmar=0.054_dist=100_repair_6_males=4_nmar=3,FG_theta_zero_feeding,141,12,-99,4,3
0.054,10,0,100,0,359.4307506060757,0,0,0,0.675902543361652,942,D_pmar=0.054_dist=100_repair_6_males=4_nmar=3,FG_theta_zero_feeding,75,10,-99,4,3
0.054,9,100,0,0,359.37953293873517,0,0,0,0.6646691782172409,942,D_pmar=0.054_dist=100_repair_6_males=4_nmar=3,FG_theta_zero_feeding,78,9,-99,4,3
0.054,5,100,100,0,359.64948626120537,0,0,0,0.6041549753845303,942,D_pmar=0.054_dist=100_repair_6_males=4_nmar=3,FG_theta_zero_feeding,66,5,-99,4,3
0.054,3,0,0,0,359.36179291064224,0,1,0.1,0.7258978668487971,943,D_pmar=0.054_dist=100_repair_6_males=4_nmar=3,FG_theta_zero_feeding,95,3,-99,4,3
0,12,0,100,0,360.1480403605596,0,0,0,0,943,D_pmar=0.054_dist=100_repair_6_males=4_nmar=3,FG_theta_zero_feeding,114,12,-99,4,3
0.054,8,100,0,0,359.40863230925174,0,0,0,0.667710170113039,943,D_pmar=0.054_dist=100_repair_6_males=4_nmar=3,FG_theta_zero_feeding,87,8,-99,4,3
0.054,13,100,100,0,353.14108995060866,6.161613491300016,0,0,0.7228004244492043,943,D_pmar=0.054_dist=100_repair_6_males=4_nmar=3,FG_theta_zero_feeding,87,14,-99,4,3
0,9,0,0,0,360.08286503303634,0,0,0,0,944,D_pmar=0.054_dist=100_repair_6_males=4_nmar=3,FG_theta_zero_feeding,119,9,-99,4,3
0.054,9,0,100,0,359.40788371213176,0,0,0,0.5925925925925938,944,D_pmar=0.054_dist=100_repair_6_males=4_nmar=3,FG_theta_zero_feeding,89,9,-99,4,3
0.054,8,100,0,0,359.37244216814594,0,0,0,0.7657267112021773,944,D_pmar=0.054_dist=100_repair_6_males=4_nmar=3,FG_theta_zero_feeding,76,8,-99,4,3
0.054,10,100,100,0,359.61079234310864,0,0,0,0.5616939898509475,944,D_pmar=0.054_dist=100_repair_6_males=4_nmar=3,FG_theta_zero_feeding,98,10,-99,4,3
0.054,12,0,0,0,353.35834967141193,6.18909191640967,0,0,0.5879629629629641,945,D_pmar=0.054_dist=100_repair_6_males=4_nmar=3,FG_theta_zero_feeding,90,13,-99,4,3
0.054,10,0,100,0,359.4244757867205,0,0,0,0.6688335066274801,945,D_pmar=0.054_dist=100_repair_6_males=4_nmar=3,FG_theta_zero_feeding,83,10,-99,4,3
0,6,100,0,0,360.1316568182941,0,0,0,0,945,D_pmar=0.054_dist=100_repair_6_males=4_nmar=3,FG_theta_zero_feeding,131,6,-99,4,3
0.054,8,100,100,0,359.31613869966174,0,1,0.1,0.6747227563434162,945,D_pmar=0.054_dist=100_repair_6_males=4_nmar=3,FG_theta_zero_feeding,78,8,-99,4,3
0.054,4,0,0,0,359.52732096732575,0,0,0,0.614673854730096,946,D_pmar=0.054_dist=100_repair_6_males=4_nmar=3,FG_theta_zero_feeding,88,4,-99,4,3
0,10,0,100,0,360.1658741216675,0,0,0,0,946,D_pmar=0.054_dist=100_repair_6_males=4_nmar=3,FG_theta_zero_feeding,110,10,-99,4,3
0.054,16,100,0,0,359.4452120793733,0,0,0,0.6435185185185199,946,D_pmar=0.054_dist=100_repair_6_males=4_nmar=3,FG_theta_zero_feeding,93,16,-99,4,3
0.054,6,100,100,0,359.5063444872029,0,0,0,0.6314674519429176,946,D_pmar=0.054_dist=100_repair_6_males=4_nmar=3,FG_theta_zero_feeding,89,6,-99,4,3
0.054,14,0,0,0,359.33971516444666,0,0,0,0.8033419504661947,947,D_pmar=0.054_dist=100_repair_6_males=4_nmar=3,FG_theta_zero_feeding,67,14,-99,4,3
0,11,0,100,0,360.3107825094461,0,0,0,0,947,D_pmar=0.054_dist=100_repair_6_males=4_nmar=3,FG_theta_zero_feeding,122,11,-99,4,3
0.054,6,100,0,0,359.4374414659654,0,0,0,0.577965835340584,947,D_pmar=0.054_dist=100_repair_6_males=4_nmar=3,FG_theta_zero_feeding,88,6,-99,4,3
0.054,5,100,100,0,359.733956196993,0,0,0,0.49074074074074153,947,D_pmar=0.054_dist=100_repair_6_males=4_nmar=3,FG_theta_zero_feeding,76,5,-99,4,3
0.054,11,0,0,0,359.3906301766798,0,0,0,0.7017062152542781,948,D_pmar=0.054_dist=100_repair_6_males=4_nmar=3,FG_theta_zero_feeding,77,11,-99,4,3
0,6,0,100,0,360.1022237669546,0,0,0,0,948,D_pmar=0.054_dist=100_repair_6_males=4_nmar=3,FG_theta_zero_feeding,109,6,-99,4,3
0.054,9,100,0,0,359.5857893891324,0,0,0,0.5358338674545268,948,D_pmar=0.054_dist=100_repair_6_males=4_nmar=3,FG_theta_zero_feeding,98,9,-99,4,3
0.054,10,100,100,0,359.5097409931763,0,0,0,0.5509259259259269,948,D_pmar=0.054_dist=100_repair_6_males=4_nmar=3,FG_theta_zero_feeding,70,10,-99,4,3
0.054,9,0,0,0,347.1922177197778,12.03107223196272,1,0.1,0.7501693515113864,949,D_pmar=0.054_dist=100_repair_6_males=4_nmar=3,FG_theta_zero_feeding,99,9,-99,4,3
0.054,5,0,100,0,359.2064702566862,0,1,0.1,0.7590431426193257,949,D_pmar=0.054_dist=100_repair_6_males=4_nmar=3,FG_theta_zero_feeding,83,5,-99,4,3
0,10,100,0,0,360.1638809253726,0,0,0,0,949,D_pmar=0.054_dist=100_repair_6_males=4_nmar=3,FG_theta_zero_feeding,108,10,-99,4,3
0.054,12,100,100,0,353.52600232805423,6.042251048963001,1,0.1,0.4953703703703712,949,D_pmar=0.054_dist=100_repair_6_males=4_nmar=3,FG_theta_zero_feeding,85,12,-99,4,3
0.054,11,0,0,0,353.2454838573631,6.2070373335221545,1,0.1,0.5698299125957658,94,D_pmar=0.054_dist=100_repair_6_males=4_nmar=3,FG_theta_zero_feeding,77,11,-99,4,3
0,10,0,100,0,360.06685641939674,0,0,0,0,94,D_pmar=0.054_dist=100_repair_6_males=4_nmar=3,FG_theta_zero_feeding,121,10,-99,4,3
0.054,6,100,0,0,353.3284624826586,6.024146244666054,1,0.1,0.6368914004394631,94,D_pmar=0.054_dist=100_repair_6_males=4_nmar=3,FG_theta_zero_feeding,81,6,-99,4,3
0.054,9,100,100,0,359.3845975148374,0,0,0,0.722856874952999,94,D_pmar=0.054_dist=100_repair_6_males=4_nmar=3,FG_theta_zero_feeding,74,9,-99,4,3
0,6,0,0,0,360.06106297376954,0,0,0,0,950,D_pmar=0.054_dist=100_repair_6_males=4_nmar=3,FG_theta_zero_feeding,138,6,-99,4,3
0.054,9,0,100,0,359.6256824020655,0,0,0,0.6874883087178639,950,D_pmar=0.054_dist=100_repair_6_males=4_nmar=3,FG_theta_zero_feeding,94,9,-99,4,3
0.054,13,100,0,0,353.17139097590365,6.045779915286962,1,0.1,0.7259776999168674,950,D_pmar=0.054_dist=100_repair_6_males=4_nmar=3,FG_theta_zero_feeding,91,14,-99,4,3
0.054,8,100,100,0,353.1282422416016,6.1110670448659965,1,0.1,0.7517579892452181,950,D_pmar=0.054_dist=100_repair_6_males=4_nmar=3,FG_theta_zero_feeding,78,9,-99,4,3
0.054,8,0,0,0,359.5193522687286,0,0,0,0.6284264600471198,951,D_pmar=0.054_dist=100_repair_6_males=4_nmar=3,FG_theta_zero_feeding,92,8,-99,4,3
0.054,11,0,100,0,359.24176835456245,0,0,0,0.8857446813607474,951,D_pmar=0.054_dist=100_repair_6_males=4_nmar=3,FG_theta_zero_feeding,73,11,-99,4,3
0,9,100,0,0,360.0286044308199,0,0,0,0,951,D_pmar=0.054_dist=100_repair_6_males=4_nmar=3,FG_theta_zero_feeding,134,9,-99,4,3
0.054,8,100,100,0,359.5885064486594,0,0,0,0.5000000000000008,951,D_pmar=0.054_dist=100_repair_6_males=4_nmar=3,FG_theta_zero_feeding,76,8,-99,4,3
0.054,7,0,0,0,359.5120312666623,0,0,0,0.6574074074074089,952,D_pmar=0.054_dist=100_repair_6_males=4_nmar=3,FG_theta_zero_feeding,74,7,-99,4,3
0,13,0,100,0,360.1725068991877,0,0,0,0,952,D_pmar=0.054_dist=100_repair_6_males=4_nmar=3,FG_theta_zero_feeding,135,13,-99,4,3
0.054,4,100,0,0,359.3822292159217,0,0,0,0.6931614417938643,952,D_pmar=0.054_dist=100_repair_6_males=4_nmar=3,FG_theta_zero_feeding,81,4,-99,4,3
0.054,12,100,100,0,359.5469329491364,0,0,0,0.5771715164736682,952,D_pmar=0.054_dist=100_repair_6_males=4_nmar=3,FG_theta_zero_feeding,80,12,-99,4,3
0.054,7,0,0,0,359.25279531492583,0,0,0,0.7933682054080902,953,D_pmar=0.054_dist=100_repair_6_males=4_nmar=3,FG_theta_zero_feeding,90,7,-99,4,3
0.054,12,0,100,0,359.54219935718896,0,0,0,0.6341794261911904,953,D_pmar=0.054_dist=100_repair_6_males=4_nmar=3,FG_theta_zero_feeding,100,12,-99,4,3
0,8,100,0,0,360.12887433024974,0,0,0,0,953,D_pmar=0.054_dist=100_repair_6_males=4_nmar=3,FG_theta_zero_feeding,141,8,-99,4,3
0.054,9,100,100,0,359.5008199564336,0,0,0,0.7213480702872379,953,D_pmar=0.054_dist=100_repair_6_males=4_nmar=3,FG_theta_zero_feeding,76,9,-99,4,3
0.054,6,0,0,0,359.49635800084377,0,0,0,0.6437677030979749,954,D_pmar=0.054_dist=100_repair_6_males=4_nmar=3,FG_theta_zero_feeding,93,6,-99,4,3
0.054,10,0,100,0,359.4056108847528,0,0,0,0.6403976935546516,954,D_pmar=0.054_dist=100_repair_6_males=4_nmar=3,FG_theta_zero_feeding,81,10,-99,4,3
0.054,9,100,0,0,359.436247362946,0,0,0,0.7037037037037054,954,D_pmar=0.054_dist=100_repair_6_males=4_nmar=3,FG_theta_zero_feeding,84,9,-99,4,3
0,11,100,100,0,360.1250223718009,0,0,0,0,954,D_pmar=0.054_dist=100_repair_6_males=4_nmar=3,FG_theta_zero_feeding,137,11,-99,4,3
0,13,0,0,0,360.1751945725643,0,0,0,0,955,D_pmar=0.054_dist=100_repair_6_males=4_nmar=3,FG_theta_zero_feeding,106,13,-99,4,3
0.054,10,0,100,0,359.4836450015407,0,0,0,0.5546814036205706,955,D_pmar=0.054_dist=100_repair_6_males=4_nmar=3,FG_theta_zero_feeding,88,10,-99,4,3
0.054,3,100,0,0,359.39868809900196,0,0,0,0.6723962502464635,955,D_pmar=0.054_dist=100_repair_6_males=4_nmar=3,FG_theta_zero_feeding,88,3,-99,4,3
0.054,10,100,100,0,359.43567837977247,0,0,0,0.6111111111111124,955,D_pmar=0.054_dist=100_repair_6_males=4_nmar=3,FG_theta_zero_feeding,67,10,-99,4,3
0.054,4,0,0,0,353.35845120903303,6.0468488034621775,1,0.1,0.6718744985232781,956,D_pmar=0.054_dist=100_repair_6_males=4_nmar=3,FG_theta_zero_feeding,82,4,-99,4,3
0.054,9,0,100,0,359.527564969611,0,0,0,0.679681403620571,956,D_pmar=0.054_dist=100_repair_6_males=4_nmar=3,FG_theta_zero_feeding,86,9,-99,4,3
0,12,100,0,0,360.0140383294272,0,0,0,0,956,D_pmar=0.054_dist=100_repair_6_males=4_nmar=3,FG_theta_zero_feeding,128,12,-99,4,3
0.054,11,100,100,0,353.270307738499,6.0197853129545775,1,0.1,0.8221894866322386,956,D_pmar=0.054_dist=100_repair_6_males=4_nmar=3,FG_theta_zero_feeding,94,11,-99,4,3
0.054,11,0,0,0,359.50224370017065,0,0,0,0.5509259259259269,957,D_pmar=0.054_dist=100_repair_6_males=4_nmar=3,FG_theta_zero_feeding,82,11,-99,4,3
0.054,9,0,100,0,359.323550899664,0,0,0,0.6977910714234941,957,D_pmar=0.054_dist=100_repair_6_males=4_nmar=3,FG_theta_zero_feeding,82,9,-99,4,3
0,10,100,0,0,360.0051220302431,0,0,0,0,957,D_pmar=0.054_dist=100_repair_6_males=4_nmar=3,FG_theta_zero_feeding,110,10,-99,4,3
0.054,6,100,100,0,359.6604257838714,0,0,0,0.5845131203515704,957,D_pmar=0.054_dist=100_repair_6_males=4_nmar=3,FG_theta_zero_feeding,76,6,-99,4,3
0.054,10,0,0,0,359.5981123692815,0,0,0,0.5474760833145333,958,D_pmar=0.054_dist=100_repair_6_males=4_nmar=3,FG_theta_zero_feeding,73,10,-99,4,3
0.054,7,0,100,0,359.53685504443473,0,0,0,0.6612991686739176,958,D_pmar=0.054_dist=100_repair_6_males=4_nmar=3,FG_theta_zero_feeding,67,7,-99,4,3
0.054,10,100,0,0,359.56974700118036,0,0,0,0.6642038769978507,958,D_pmar=0.054_dist=100_repair_6_males=4_nmar=3,FG_theta_zero_feeding,82,10,-99,4,3
0,9,100,100,0,360.031482662101,0,0,0,0,958,D_pmar=0.054_dist=100_repair_6_males=4_nmar=3,FG_theta_zero_feeding,137,9,-99,4,3
0,9,0,0,0,360.01762369427337,0,0,0,0,959,D_pmar=0.054_dist=100_repair_6_males=4_nmar=3,FG_theta_zero_feeding,134,9,-99,4,3
0.054,10,0,100,0,359.3646495011756,0,0,0,0.6657925147316822,959,D_pmar=0.054_dist=100_repair_6_males=4_nmar=3,FG_theta_zero_feeding,91,10,-99,4,3
0.054,10,100,0,0,359.36712581678563,0,0,0,0.67855806710613,959,D_pmar=0.054_dist=100_repair_6_males=4_nmar=3,FG_theta_zero_feeding,85,10,-99,4,3
0.054,7,100,100,0,359.38819104029744,0,0,0,0.8049305882000264,959,D_pmar=0.054_dist=100_repair_6_males=4_nmar=3,FG_theta_zero_feeding,83,7,-99,4,3
0.054,11,0,0,0,359.3879254284542,0,0,0,0.7320596837084635,95,D_pmar=0.054_dist=100_repair_6_males=4_nmar=3,FG_theta_zero_feeding,76,11,-99,4,3
0.054,7,0,100,0,353.22955393067383,6.088696520227318,1,0.1,0.6461506596987225,95,D_pmar=0.054_dist=100_repair_6_males=4_nmar=3,FG_theta_zero_feeding,89,7,-99,4,3
0.054,6,100,0,0,353.5344758628667,6.003201870098302,1,0.1,0.5879629629629641,95,D_pmar=0.054_dist=100_repair_6_males=4_nmar=3,FG_theta_zero_feeding,90,6,-99,4,3
0,12,100,100,0,360.0655255597571,0,0,0,0,95,D_pmar=0.054_dist=100_repair_6_males=4_nmar=3,FG_theta_zero_feeding,132,12,-99,4,3
0.054,9,0,0,0,359.30437096438476,0,0,0,0.6974620537759687,960,D_pmar=0.054_dist=100_repair_6_males=4_nmar=3,FG_theta_zero_feeding,78,9,-99,4,3
0.054,8,0,100,0,359.65142150321026,0,0,0,0.6392743570402105,960,D_pmar=0.054_dist=100_repair_6_males=4_nmar=3,FG_theta_zero_feeding,83,8,-99,4,3
0.054,15,100,0,0,359.4200718709075,0,0,0,0.7047472071500763,960,D_pmar=0.054_dist=100_repair_6_males=4_nmar=3,FG_theta_zero_feeding,82,15,-99,4,3
0,4,100,100,0,360.06223567741074,0,0,0,0,960,D_pmar=0.054_dist=100_repair_6_males=4_nmar=3,FG_theta_zero_feeding,135,4,-99,4,3
0.054,10,0,0,0,359.19218060286886,0,1,0.1,0.7140064664093355,961,D_pmar=0.054_dist=100_repair_6_males=4_nmar=3,FG_theta_zero_feeding,71,10,-99,4,3
0.054,8,0,100,0,353.34440680258336,6.1967144230353775,0,0,0.5972222222222234,961,D_pmar=0.054_dist=100_repair_6_males=4_nmar=3,FG_theta_zero_feeding,88,9,-99,4,3
0.054,10,100,0,0,353.5325793116743,6.04580677005362,1,0.1,0.5775005341211935,961,D_pmar=0.054_dist=100_repair_6_males=4_nmar=3,FG_theta_zero_feeding,95,11,-99,4,3
0,8,100,100,0,360.08577910443404,0,0,0,0,961,D_pmar=0.054_dist=100_repair_6_males=4_nmar=3,FG_theta_zero_feeding,120,8,-99,4,3
0,8,0,0,0,360.1167647084951,0,0,0,0,962,D_pmar=0.054_dist=100_repair_6_males=4_nmar=3,FG_theta_zero_feeding,117,8,-99,4,3
0.054,8,0,100,0,359.5208012677532,0,0,0,0.5833333333333345,962,D_pmar=0.054_dist=100_repair_6_males=4_nmar=3,FG_theta_zero_feeding,93,8,-99,4,3
0.054,8,100,0,0,359.27064948390614,0,2,0.2,0.6311948847991873,962,D_pmar=0.054_dist=100_repair_6_males=4_nmar=3,FG_theta_zero_feeding,76,8,-99,4,3
0.054,12,100,100,0,347.3074762684481,12.218455283639653,0,0,0.6003196646218163,962,D_pmar=0.054_dist=100_repair_6_males=4_nmar=3,FG_theta_zero_feeding,65,12,-99,4,3
0.054,7,0,0,0,359.4012193735314,0,0,0,0.6873520251459987,963,D_pmar=0.054_dist=100_repair_6_males=4_nmar=3,FG_theta_zero_feeding,83,7,-99,4,3
0.054,10,0,100,0,359.35553692792354,0,0,0,0.7452107042342315,963,D_pmar=0.054_dist=100_repair_6_males=4_nmar=3,FG_theta_zero_feeding,81,10,-99,4,3
0.054,11,100,0,0,359.4803127145036,0,0,0,0.5976076903735437,963,D_pmar=0.054_dist=100_repair_6_males=4_nmar=3,FG_theta_zero_feeding,75,11,-99,4,3
0,8,100,100,0,360.0023836549875,0,0,0,0,963,D_pmar=0.054_dist=100_repair_6_males=4_nmar=3,FG_theta_zero_feeding,132,8,-99,4,3
0.054,9,0,0,0,359.2884391571546,0,1,0.1,0.6498496868895709,964,D_pmar=0.054_dist=100_repair_6_males=4_nmar=3,FG_theta_zero_feeding,85,9,-99,4,3
0.054,4,0,100,0,353.1869926979503,6.164201513207236,0,0,0.7367457638418881,964,D_pmar=0.054_dist=100_repair_6_males=4_nmar=3,FG_theta_zero_feeding,96,4,-99,4,3
0.054,9,100,0,0,359.34845868976356,0,0,0,0.6916526371281031,964,D_pmar=0.054_dist=100_repair_6_males=4_nmar=3,FG_theta_zero_feeding,69,9,-99,4,3
0,14,100,100,0,360.1254628060621,0,0,0,0,964,D_pmar=0.054_dist=100_repair_6_males=4_nmar=3,FG_theta_zero_feeding,126,14,-99,4,3
0,13,0,0,0,360.0037261512413,0,0,0,0,965,D_pmar=0.054_dist=100_repair_6_males=4_nmar=3,FG_theta_zero_feeding,119,13,-99,4,3
0.054,6,0,100,0,359.3181326834019,0,1,0.1,0.6566695390442879,965,D_pmar=0.054_dist=100_repair_6_males=4_nmar=3,FG_theta_zero_feeding,86,6,-99,4,3
0.054,7,100,0,0,353.3829444188068,6.160678635020072,0,0,0.5462962962962973,965,D_pmar=0.054_dist=100_repair_6_males=4_nmar=3,FG_theta_zero_feeding,84,8,-99,4,3
0.054,10,100,100,0,359.44718719909463,0,0,0,0.7105001732941468,965,D_pmar=0.054_dist=100_repair_6_males=4_nmar=3,FG_theta_zero_feeding,92,10,-99,4,3
0.054,9,0,0,0,353.09086650223867,6.145758818357036,2,0.2,0.60878460501416,966,D_pmar=0.054_dist=100_repair_6_males=4_nmar=3,FG_theta_zero_feeding,88,9,-99,4,3
0.054,9,0,100,0,353.1856682856224,6.18734436564616,1,0.1,0.5998543634024259,966,D_pmar=0.054_dist=100_repair_6_males=4_nmar=3,FG_theta_zero_feeding,82,9,-99,4,3
0,13,100,0,0,360.1732896751163,0,0,0,0,966,D_pmar=0.054_dist=100_repair_6_males=4_nmar=3,FG_theta_zero_feeding,120,13,-99,4,3
0.054,5,100,100,0,341.0425967625177,18.2117431391656,2,0.2,0.6018518518518531,966,D_pmar=0.054_dist=100_repair_6_males=4_nmar=3,FG_theta_zero_feeding,70,7,-99,4,3
0,6,0,0,0,360.02065578042294,0,0,0,0,967,D_pmar=0.054_dist=100_repair_6_males=4_nmar=3,FG_theta_zero_feeding,117,6,-99,4,3
0.054,8,0,100,0,353.4541629712787,6.206216449176175,1,0.1,0.4861111111111119,967,D_pmar=0.054_dist=100_repair_6_males=4_nmar=3,FG_theta_zero_feeding,72,8,-99,4,3
0.054,12,100,0,0,359.5828939386201,0,0,0,0.6257144857988469,967,D_pmar=0.054_dist=100_repair_6_males=4_nmar=3,FG_theta_zero_feeding,72,12,-99,4,3
0.054,10,100,100,0,353.325066526752,6.006971982540166,1,0.1,0.6102369591761264,967,D_pmar=0.054_dist=100_repair_6_males=4_nmar=3,FG_theta_zero_feeding,77,10,-99,4,3
0.054,9,0,0,0,359.535977921584,0,0,0,0.523148148148149,968,D_pmar=0.054_dist=100_repair_6_males=4_nmar=3,FG_theta_zero_feeding,65,9,-99,4,3
0.054,10,0,100,0,353.48803681000925,6.062166268290409,0,0,0.6491916515945204,968,D_pmar=0.054_dist=100_repair_6_males=4_nmar=3,FG_theta_zero_feeding,86,10,-99,4,3
0.054,5,100,0,0,359.2051309386986,0,1,0.1,0.7215972548666928,968,D_pmar=0.054_dist=100_repair_6_males=4_nmar=3,FG_theta_zero_feeding,81,5,-99,4,3
0,12,100,100,0,360.0423974846572,0,0,0,0,968,D_pmar=0.054_dist=100_repair_6_males=4_nmar=3,FG_theta_zero_feeding,122,12,-99,4,3
0.054,9,0,0,0,359.5037232078755,0,0,0,0.5570643602213179,969,D_pmar=0.054_dist=100_repair_6_males=4_nmar=3,FG_theta_zero_feeding,91,9,-99,4,3
0.054,10,0,100,0,359.6057233414644,0,0,0,0.6638748593503253,969,D_pmar=0.054_dist=100_repair_6_males=4_nmar=3,FG_theta_zero_feeding,82,10,-99,4,3
0,9,100,0,0,360.02512482489965,0,0,0,0,969,D_pmar=0.054_dist=100_repair_6_males=4_nmar=3,FG_theta_zero_feeding,112,9,-99,4,3
0.054,8,100,100,0,359.55373393666,0,0,0,0.6905293006136619,969,D_pmar=0.054_dist=100_repair_6_males=4_nmar=3,FG_theta_zero_feeding,79,8,-99,4,3
0.054,4,0,0,0,359.3675377613513,0,0,0,0.8322430647584137,96,D_pmar=0.054_dist=100_repair_6_males=4_nmar=3,FG_theta_zero_feeding,92,4,-99,4,3
0,12,0,100,0,360.0742030417207,0,0,0,0,96,D_pmar=0.054_dist=100_repair_6_males=4_nmar=3,FG_theta_zero_feeding,129,12,-99,4,3
0.054,8,100,0,0,359.4971251723454,0,0,0,0.6203703703703717,96,D_pmar=0.054_dist=100_repair_6_males=4_nmar=3,FG_theta_zero_feeding,82,8,-99,4,3
0.054,12,100,100,0,359.46436419167986,0,0,0,0.7039528882831604,96,D_pmar=0.054_dist=100_repair_6_males=4_nmar=3,FG_theta_zero_feeding,104,12,-99,4,3
0.054,11,0,0,0,359.51427653687523,0,0,0,0.6210848561692173,970,D_pmar=0.054_dist=100_repair_6_males=4_nmar=3,FG_theta_zero_feeding,71,11,-99,4,3
0.054,10,0,100,0,359.6553776463119,0,0,0,0.5008507693707115,970,D_pmar=0.054_dist=100_repair_6_males=4_nmar=3,FG_theta_zero_feeding,72,10,-99,4,3
0,6,100,0,0,360.16911304080446,0,0,0,0,970,D_pmar=0.054_dist=100_repair_6_males=4_nmar=3,FG_theta_zero_feeding,107,6,-99,4,3
0.054,9,100,100,0,359.6708193320616,0,0,0,0.5540233683255199,970,D_pmar=0.054_dist=100_repair_6_males=4_nmar=3,FG_theta_zero_feeding,71,9,-99,4,3
0.054,10,0,0,0,359.42202899930834,0,0,0,0.6153883405289413,971,D_pmar=0.054_dist=100_repair_6_males=4_nmar=3,FG_theta_zero_feeding,72,10,-99,4,3
0,10,0,100,0,360.0054981436966,0,0,0,0,971,D_pmar=0.054_dist=100_repair_6_males=4_nmar=3,FG_theta_zero_feeding,116,10,-99,4,3
0.054,8,100,0,0,359.62685139203063,0,0,0,0.5771715164736682,971,D_pmar=0.054_dist=100_repair_6_males=4_nmar=3,FG_theta_zero_feeding,71,8,-99,4,3
0.054,8,100,100,0,359.4738050959962,0,0,0,0.6534922635766248,971,D_pmar=0.054_dist=100_repair_6_males=4_nmar=3,FG_theta_zero_feeding,83,8,-99,4,3
0,5,0,0,0,360.07066895594517,0,0,0,0,972,D_pmar=0.054_dist=100_repair_6_males=4_nmar=3,FG_theta_zero_feeding,126,5,-99,4,3
0.054,12,0,100,0,359.3532519447734,0,0,0,0.7429640312053493,972,D_pmar=0.054_dist=100_repair_6_males=4_nmar=3,FG_theta_zero_feeding,70,12,-99,4,3
0.054,9,100,0,0,359.487511567589,0,0,0,0.5740740740740752,972,D_pmar=0.054_dist=100_repair_6_males=4_nmar=3,FG_theta_zero_feeding,87,9,-99,4,3
0.054,10,100,100,0,359.5877775712481,0,0,0,0.5567353425737928,972,D_pmar=0.054_dist=100_repair_6_males=4_nmar=3,FG_theta_zero_feeding,77,10,-99,4,3
0.054,9,0,0,0,353.28894420181604,6.253038120835787,0,0,0.5882121475424194,973,D_pmar=0.054_dist=100_repair_6_males=4_nmar=3,FG_theta_zero_feeding,91,10,-99,4,3
0,15,0,100,0,360.0018965889996,0,0,0,0,973,D_pmar=0.054_dist=100_repair_6_males=4_nmar=3,FG_theta_zero_feeding,123,15,-99,4,3
0.054,7,100,0,0,359.48046890071356,0,0,0,0.5613649722034224,973,D_pmar=0.054_dist=100_repair_6_males=4_nmar=3,FG_theta_zero_feeding,74,7,-99,4,3
0.054,5,100,100,0,359.3763390198713,0,1,0.1,0.6342592592592606,973,D_pmar=0.054_dist=100_repair_6_males=4_nmar=3,FG_theta_zero_feeding,65,5,-99,4,3
0.054,5,0,0,0,359.54396302702787,0,0,0,0.6715454808757528,974,D_pmar=0.054_dist=100_repair_6_males=4_nmar=3,FG_theta_zero_feeding,80,5,-99,4,3
0.054,8,0,100,0,353.3103030986105,6.173277981219671,0,0,0.6661215323792073,974,D_pmar=0.054_dist=100_repair_6_males=4_nmar=3,FG_theta_zero_feeding,87,8,-99,4,3
0.054,16,100,0,0,359.48723370168983,0,1,0.1,0.5867597933804528,974,D_pmar=0.054_dist=100_repair_6_males=4_nmar=3,FG_theta_zero_feeding,74,16,-99,4,3
0,7,100,100,0,360.01166953176204,0,0,0,0,974,D_pmar=0.054_dist=100_repair_6_males=4_nmar=3,FG_theta_zero_feeding,120,7,-99,4,3
0.054,10,0,0,0,359.63370545460276,0,0,0,0.6325907884573588,975,D_pmar=0.054_dist=100_repair_6_males=4_nmar=3,FG_theta_zero_feeding,79,10,-99,4,3
0,9,0,100,0,360.1795676212677,0,0,0,0,975,D_pmar=0.054_dist=100_repair_6_males=4_nmar=3,FG_theta_zero_feeding,118,9,-99,4,3
0.054,10,100,0,0,359.45626895868764,0,0,0,0.6164552265395876,975,D_pmar=0.054_dist=100_repair_6_males=4_nmar=3,FG_theta_zero_feeding,71,10,-99,4,3
0.054,7,100,100,0,359.4225754874862,0,0,0,0.6052783118989715,975,D_pmar=0.054_dist=100_repair_6_males=4_nmar=3,FG_theta_zero_feeding,82,7,-99,4,3
0,10,0,0,0,360.0800097897315,0,0,0,0,976,D_pmar=0.054_dist=100_repair_6_males=4_nmar=3,FG_theta_zero_feeding,120,10,-99,4,3
0.054,9,0,100,0,359.66592843494783,0,0,0,0.5925925925925938,976,D_pmar=0.054_dist=100_repair_6_males=4_nmar=3,FG_theta_zero_feeding,82,9,-99,4,3
0.054,10,100,0,0,359.29332368037973,0,0,0,0.7618115673713932,976,D_pmar=0.054_dist=100_repair_6_males=4_nmar=3,FG_theta_zero_feeding,76,10,-99,4,3
0.054,7,100,100,0,359.5451851515742,0,0,0,0.5936360960389646,976,D_pmar=0.054_dist=100_repair_6_males=4_nmar=3,FG_theta_zero_feeding,91,7,-99,4,3
0.054,8,0,0,0,353.6722617419799,6.01922467165344,0,0,0.564076946451695,977,D_pmar=0.054_dist=100_repair_6_males=4_nmar=3,FG_theta_zero_feeding,81,8,-99,4,3
0.054,9,0,100,0,359.34349646911085,0,1,0.1,0.6755170752103319,977,D_pmar=0.054_dist=100_repair_6_males=4_nmar=3,FG_theta_zero_feeding,93,9,-99,4,3
0.054,14,100,0,0,359.4574451047584,0,0,0,0.700582878739837,977,D_pmar=0.054_dist=100_repair_6_males=4_nmar=3,FG_theta_zero_feeding,82,14,-99,4,3
0,5,100,100,0,360.0226739191303,0,0,0,0,977,D_pmar=0.054_dist=100_repair_6_males=4_nmar=3,FG_theta_zero_feeding,120,5,-99,4,3
0.054,11,0,0,0,359.24710337997806,0,1,0.1,0.6796814036205711,978,D_pmar=0.054_dist=100_repair_6_males=4_nmar=3,FG_theta_zero_feeding,71,11,-99,4,3
0.054,6,0,100,0,353.36117699823524,6.020638747983806,0,0,0.6723962502464635,978,D_pmar=0.054_dist=100_repair_6_males=4_nmar=3,FG_theta_zero_feeding,78,6,-99,4,3
0.054,11,100,0,0,359.8029247581594,0,0,0,0.5694444444444455,978,D_pmar=0.054_dist=100_repair_6_males=4_nmar=3,FG_theta_zero_feeding,81,11,-99,4,3
0,8,100,100,0,360.0724742050353,0,0,0,0,978,D_pmar=0.054_dist=100_repair_6_males=4_nmar=3,FG_theta_zero_feeding,137,8,-99,4,3
0.054,10,0,0,0,359.6320769194997,0,0,0,0.5019741058851528,979,D_pmar=0.054_dist=100_repair_6_males=4_nmar=3,FG_theta_zero_feeding,76,10,-99,4,3
0.054,10,0,100,0,359.57685242884196,0,0,0,0.5690355937288499,979,D_pmar=0.054_dist=100_repair_6_males=4_nmar=3,FG_theta_zero_feeding,83,10,-99,4,3
0.054,8,100,0,0,359.27499642895174,0,0,0,0.7251833810499518,979,D_pmar=0.054_dist=100_repair_6_males=4_nmar=3,FG_theta_zero_feeding,62,8,-99,4,3
0,8,100,100,0,360.15833123769454,0,0,0,0,979,D_pmar=0.054_dist=100_repair_6_males=4_nmar=3,FG_theta_zero_feeding,121,8,-99,4,3
0.054,9,0,0,0,359.47803690044447,0,0,0,0.6391380734683454,97,D_pmar=0.054_dist=100_repair_6_males=4_nmar=3,FG_theta_zero_feeding,69,9,-99,4,3
0,10,0,100,0,360.0467181268729,0,0,0,0,97,D_pmar=0.054_dist=100_repair_6_males=4_nmar=3,FG_theta_zero_feeding,105,10,-99,4,3
0.054,9,100,0,0,359.518877841369,0,0,0,0.5891427499812003,97,D_pmar=0.054_dist=100_repair_6_males=4_nmar=3,FG_theta_zero_feeding,76,9,-99,4,3
0.054,8,100,100,0,359.5019928662047,0,0,0,0.5393401605697153,97,D_pmar=0.054_dist=100_repair_6_males=4_nmar=3,FG_theta_zero_feeding,85,8,-99,4,3
0,9,0,0,0,360.12933788047246,0,0,0,0,980,D_pmar=0.054_dist=100_repair_6_males=4_nmar=3,FG_theta_zero_feeding,136,9,-99,4,3
0.054,13,0,100,0,359.57474574969314,0,0,0,0.6450837736880762,980,D_pmar=0.054_dist=100_repair_6_males=4_nmar=3,FG_theta_zero_feeding,88,13,-99,4,3
0.054,8,100,0,0,359.33637213855917,0,0,0,0.6823933778688437,980,D_pmar=0.054_dist=100_repair_6_males=4_nmar=3,FG_theta_zero_feeding,77,8,-99,4,3
0.054,6,100,100,0,359.478863003653,0,0,0,0.6391380734683454,980,D_pmar=0.054_dist=100_repair_6_males=4_nmar=3,FG_theta_zero_feeding,60,6,-99,4,3
0,10,0,0,0,360.1140034282695,0,0,0,0,981,D_pmar=0.054_dist=100_repair_6_males=4_nmar=3,FG_theta_zero_feeding,123,10,-99,4,3
0.054,8,0,100,0,359.3243289508581,0,0,0,0.7009118963873623,981,D_pmar=0.054_dist=100_repair_6_males=4_nmar=3,FG_theta_zero_feeding,72,8,-99,4,3
0.054,13,100,0,0,359.4126534226017,0,0,0,0.6573275743393386,981,D_pmar=0.054_dist=100_repair_6_males=4_nmar=3,FG_theta_zero_feeding,88,13,-99,4,3
0.054,5,100,100,0,359.63709013272694,0,0,0,0.5747885598729208,981,D_pmar=0.054_dist=100_repair_6_males=4_nmar=3,FG_theta_zero_feeding,84,5,-99,4,3
0.054,10,0,0,0,359.56118753043285,0,0,0,0.5564063249262674,982,D_pmar=0.054_dist=100_repair_6_males=4_nmar=3,FG_theta_zero_feeding,85,10,-99,4,3
0.054,13,0,100,0,353.24584370070494,6.119605819721933,0,0,0.6778201987430089,982,D_pmar=0.054_dist=100_repair_6_males=4_nmar=3,FG_theta_zero_feeding,72,13,-99,4,3
0.054,7,100,0,0,359.48081865419897,0,1,0.1,0.6481481481481496,982,D_pmar=0.054_dist=100_repair_6_males=4_nmar=3,FG_theta_zero_feeding,91,7,-99,4,3
0,6,100,100,0,360.0699996343448,0,0,0,0,982,D_pmar=0.054_dist=100_repair_6_males=4_nmar=3,FG_theta_zero_feeding,118,6,-99,4,3
0.054,5,0,0,0,359.2880933958551,0,0,0,0.7563876188748477,983,D_pmar=0.054_dist=100_repair_6_males=4_nmar=3,FG_theta_zero_feeding,71,5,-99,4,3
0.054,10,0,100,0,359.4738968265773,0,0,0,0.5787037037037048,983,D_pmar=0.054_dist=100_repair_6_males=4_nmar=3,FG_theta_zero_feeding,87,10,-99,4,3
0,12,100,0,0,360.05251690559516,0,0,0,0,983,D_pmar=0.054_dist=100_repair_6_males=4_nmar=3,FG_theta_zero_feeding,138,12,-99,4,3
0.054,9,100,100,0,359.46418378059155,0,0,0,0.6204268208741667,983,D_pmar=0.054_dist=100_repair_6_males=4_nmar=3,FG_theta_zero_feeding,80,9,-99,4,3
0.054,7,0,0,0,359.65139064031996,0,1,0.1,0.5913894230100823,984,D_pmar=0.054_dist=100_repair_6_males=4_nmar=3,FG_theta_zero_feeding,79,7,-99,4,3
0.054,8,0,100,0,359.5645799888034,0,0,0,0.5806778095888567,984,D_pmar=0.054_dist=100_repair_6_males=4_nmar=3,FG_theta_zero_feeding,78,8,-99,4,3
0.054,9,100,0,0,353.52811082248166,6.075884725899747,0,0,0.5879629629629641,984,D_pmar=0.054_dist=100_repair_6_males=4_nmar=3,FG_theta_zero_feeding,85,9,-99,4,3
0,12,100,100,0,360.0419776117131,0,0,0,0,984,D_pmar=0.054_dist=100_repair_6_males=4_nmar=3,FG_theta_zero_feeding,110,12,-99,4,3
0,10,0,0,0,360.06702502543857,0,0,0,0,985,D_pmar=0.054_dist=100_repair_6_males=4_nmar=3,FG_theta_zero_feeding,121,10,-99,4,3
0.054,9,0,100,0,359.4856039477739,0,0,0,0.618838183140335,985,D_pmar=0.054_dist=100_repair_6_males=4_nmar=3,FG_theta_zero_feeding,80,9,-99,4,3
0.054,11,100,0,0,359.8224866975216,0,0,0,0.5782948529881095,985,D_pmar=0.054_dist=100_repair_6_males=4_nmar=3,FG_theta_zero_feeding,79,11,-99,4,3
0.054,6,100,100,0,359.3568077183111,0,0,0,0.691652637128103,985,D_pmar=0.054_dist=100_repair_6_males=4_nmar=3,FG_theta_zero_feeding,82,6,-99,4,3
0.054,9,0,0,0,359.4346818027733,0,0,0,0.717512759524524,986,D_pmar=0.054_dist=100_repair_6_males=4_nmar=3,FG_theta_zero_feeding,84,9,-99,4,3
0,9,0,100,0,360.09681046154753,0,0,0,0,986,D_pmar=0.054_dist=100_repair_6_males=4_nmar=3,FG_theta_zero_feeding,136,9,-99,4,3
0.054,10,100,0,0,359.4681013968933,0,0,0,0.615740740740742,986,D_pmar=0.054_dist=100_repair_6_males=4_nmar=3,FG_theta_zero_feeding,74,10,-99,4,3
0.054,8,100,100,0,359.50223900705697,0,0,0,0.6260999539501672,986,D_pmar=0.054_dist=100_repair_6_males=4_nmar=3,FG_theta_zero_feeding,82,8,-99,4,3
0.054,7,0,0,0,359.36056105277333,0,0,0,0.6631369909872042,987,D_pmar=0.054_dist=100_repair_6_males=4_nmar=3,FG_theta_zero_feeding,69,7,-99,4,3
0.054,12,0,100,0,359.50436153543745,0,0,0,0.5374225051883584,987,D_pmar=0.054_dist=100_repair_6_males=4_nmar=3,FG_theta_zero_feeding,68,12,-99,4,3
0.054,7,100,0,0,359.5506337764968,0,0,0,0.4861111111111119,987,D_pmar=0.054_dist=100_repair_6_males=4_nmar=3,FG_theta_zero_feeding,74,7,-99,4,3
0,10,100,100,0,360.25420412524346,0,0,0,0,987,D_pmar=0.054_dist=100_repair_6_males=4_nmar=3,FG_theta_zero_feeding,109,10,-99,4,3
0.054,10,0,0,0,353.3557161192768,6.094128763436055,0,0,0.6330560896767492,988,D_pmar=0.054_dist=100_repair_6_males=4_nmar=3,FG_theta_zero_feeding,84,10,-99,4,3
0.054,8,0,100,0,359.2188940699377,0,2,0.2,0.6303441154284765,988,D_pmar=0.054_dist=100_repair_6_males=4_nmar=3,FG_theta_zero_feeding,75,8,-99,4,3
0,8,100,0,0,360.0875388405004,0,0,0,0,988,D_pmar=0.054_dist=100_repair_6_males=4_nmar=3,FG_theta_zero_feeding,111,8,-99,4,3
0.054,10,100,100,0,353.44444204385013,6.03051971922708,0,0,0.6022373200031733,988,D_pmar=0.054_dist=100_repair_6_males=4_nmar=3,FG_theta_zero_feeding,87,10,-99,4,3
0,10,0,0,0,360.1081345354311,0,0,0,0,989,D_pmar=0.054_dist=100_repair_6_males=4_nmar=3,FG_theta_zero_feeding,141,10,-99,4,3
0.054,7,0,100,0,359.64048988880126,0,0,0,0.5740740740740752,989,D_pmar=0.054_dist=100_repair_6_males=4_nmar=3,FG_theta_zero_feeding,86,7,-99,4,3
0.054,11,100,0,0,359.58957139355493,0,0,0,0.6148665888057561,989,D_pmar=0.054_dist=100_repair_6_males=4_nmar=3,FG_theta_zero_feeding,67,11,-99,4,3
0.054,8,100,100,0,359.36908365753777,0,0,0,0.6734631362571097,989,D_pmar=0.054_dist=100_repair_6_males=4_nmar=3,FG_theta_zero_feeding,71,8,-99,4,3
0.054,13,0,0,0,359.4723905310574,0,0,0,0.5428464536849037,98,D_pmar=0.054_dist=100_repair_6_males=4_nmar=3,FG_theta_zero_feeding,94,13,-99,4,3
0.054,7,0,100,0,353.19993724005354,6.004447758392411,1,0.1,0.7298130106795815,98,D_pmar=0.054_dist=100_repair_6_males=4_nmar=3,FG_theta_zero_feeding,77,7,-99,4,3
0.054,12,100,0,0,353.09845159401794,6.221076083780712,1,0.1,0.6577928755587291,98,D_pmar=0.054_dist=100_repair_6_males=4_nmar=3,FG_theta_zero_feeding,83,14,-99,4,3
0,4,100,100,0,360.0020633432686,0,0,0,0,98,D_pmar=0.054_dist=100_repair_6_males=4_nmar=3,FG_theta_zero_feeding,117,4,-99,4,3
0.054,6,0,0,0,359.40997063832356,0,0,0,0.6311384342953924,990,D_pmar=0.054_dist=100_repair_6_males=4_nmar=3,FG_theta_zero_feeding,89,6,-99,4,3
0.054,12,0,100,0,359.43632070477435,0,0,0,0.6376857193063791,990,D_pmar=0.054_dist=100_repair_6_males=4_nmar=3,FG_theta_zero_feeding,81,12,-99,4,3
0.054,7,100,0,0,359.2763352887745,0,0,0,0.8338317024922454,990,D_pmar=0.054_dist=100_repair_6_males=4_nmar=3,FG_theta_zero_feeding,75,7,-99,4,3
0,11,100,100,0,360.08819723479104,0,0,0,0,990,D_pmar=0.054_dist=100_repair_6_males=4_nmar=3,FG_theta_zero_feeding,140,11,-99,4,3
0.054,11,0,0,0,359.4543021796487,0,0,0,0.618838183140335,991,D_pmar=0.054_dist=100_repair_6_males=4_nmar=3,FG_theta_zero_feeding,71,11,-99,4,3
0.054,10,0,100,0,353.238991069796,6.020316003656716,1,0.1,0.6600395485876113,991,D_pmar=0.054_dist=100_repair_6_males=4_nmar=3,FG_theta_zero_feeding,74,10,-99,4,3
0,5,100,0,0,360.03339245599335,0,0,0,0,991,D_pmar=0.054_dist=100_repair_6_males=4_nmar=3,FG_theta_zero_feeding,136,5,-99,4,3
0.054,10,100,100,0,353.2787351979073,6.0240355358972515,1,0.1,0.6342358766949854,991,D_pmar=0.054_dist=100_repair_6_males=4_nmar=3,FG_theta_zero_feeding,73,10,-99,4,3
0.054,5,0,0,0,359.32810622803163,0,0,0,0.6963387172615275,992,D_pmar=0.054_dist=100_repair_6_males=4_nmar=3,FG_theta_zero_feeding,86,5,-99,4,3
0,12,0,100,0,360.02459301640476,0,0,0,0,992,D_pmar=0.054_dist=100_repair_6_males=4_nmar=3,FG_theta_zero_feeding,152,12,-99,4,3
0.054,11,100,0,0,359.5793668075845,0,0,0,0.6759259259259275,992,D_pmar=0.054_dist=100_repair_6_males=4_nmar=3,FG_theta_zero_feeding,91,11,-99,4,3
0.054,8,100,100,0,359.39840582570827,0,0,0,0.6704221443613119,992,D_pmar=0.054_dist=100_repair_6_males=4_nmar=3,FG_theta_zero_feeding,65,8,-99,4,3
0.054,10,0,0,0,359.4768061895567,0,0,0,0.755536849504137,993,D_pmar=0.054_dist=100_repair_6_males=4_nmar=3,FG_theta_zero_feeding,78,10,-99,4,3
0.054,8,0,100,0,359.6951455935135,0,0,0,0.5138888888888897,993,D_pmar=0.054_dist=100_repair_6_males=4_nmar=3,FG_theta_zero_feeding,99,8,-99,4,3
0.054,12,100,0,0,359.3944952313449,0,0,0,0.7171837418769986,993,D_pmar=0.054_dist=100_repair_6_males=4_nmar=3,FG_theta_zero_feeding,83,12,-99,4,3
0,6,100,100,0,360.02342032310247,0,0,0,0,993,D_pmar=0.054_dist=100_repair_6_males=4_nmar=3,FG_theta_zero_feeding,131,6,-99,4,3
0,8,0,0,0,360.0012853880599,0,0,0,0,994,D_pmar=0.054_dist=100_repair_6_males=4_nmar=3,FG_theta_zero_feeding,109,8,-99,4,3
0.054,6,0,100,0,359.3052373134212,0,0,0,0.7451542537304366,994,D_pmar=0.054_dist=100_repair_6_males=4_nmar=3,FG_theta_zero_feeding,93,6,-99,4,3
0.054,14,100,0,0,359.5964875699877,0,0,0,0.5236698998713344,994,D_pmar=0.054_dist=100_repair_6_males=4_nmar=3,FG_theta_zero_feeding,70,14,-99,4,3
0.054,8,100,100,0,359.6155445714161,0,0,0,0.523148148148149,994,D_pmar=0.054_dist=100_repair_6_males=4_nmar=3,FG_theta_zero_feeding,84,8,-99,4,3
0.054,11,0,0,0,359.4203279466916,0,0,0,0.615740740740742,995,D_pmar=0.054_dist=100_repair_6_males=4_nmar=3,FG_theta_zero_feeding,76,11,-99,4,3
0.054,8,0,100,0,353.1557125903934,6.069968142897289,0,0,0.781782440051878,995,D_pmar=0.054_dist=100_repair_6_males=4_nmar=3,FG_theta_zero_feeding,87,8,-99,4,3
0.054,9,100,0,0,359.41356190245864,0,1,0.1,0.641850047716618,995,D_pmar=0.054_dist=100_repair_6_males=4_nmar=3,FG_theta_zero_feeding,97,9,-99,4,3
0,8,100,100,0,360.23185164069645,0,0,0,0,995,D_pmar=0.054_dist=100_repair_6_males=4_nmar=3,FG_theta_zero_feeding,125,8,-99,4,3
0,10,0,0,0,360.2758669754076,0,0,0,0,996,D_pmar=0.054_dist=100_repair_6_males=4_nmar=3,FG_theta_zero_feeding,144,10,-99,4,3
0.054,11,0,100,0,359.3335400773795,0,0,0,0.7620841345151237,996,D_pmar=0.054_dist=100_repair_6_males=4_nmar=3,FG_theta_zero_feeding,78,11,-99,4,3
0.054,4,100,0,0,359.3774303755361,0,0,0,0.6311384342953923,996,D_pmar=0.054_dist=100_repair_6_males=4_nmar=3,FG_theta_zero_feeding,81,4,-99,4,3
0.054,11,100,100,0,359.499244738348,0,0,0,0.5910604053625573,996,D_pmar=0.054_dist=100_repair_6_males=4_nmar=3,FG_theta_zero_feeding,73,11,-99,4,3
0.054,8,0,0,0,359.56980304961036,0,0,0,0.567912257214409,997,D_pmar=0.054_dist=100_repair_6_males=4_nmar=3,FG_theta_zero_feeding,84,8,-99,4,3
0.054,4,0,100,0,359.6216637462842,0,0,0,0.5644059640992204,997,D_pmar=0.054_dist=100_repair_6_males=4_nmar=3,FG_theta_zero_feeding,75,4,-99,4,3
0,10,100,0,0,360.1708699502208,0,0,0,0,997,D_pmar=0.054_dist=100_repair_6_males=4_nmar=3,FG_theta_zero_feeding,116,10,-99,4,3
0.054,14,100,100,0,359.48176400346694,0,0,0,0.686557706279083,997,D_pmar=0.054_dist=100_repair_6_males=4_nmar=3,FG_theta_zero_feeding,69,14,-99,4,3
0.054,11,0,0,0,359.4846977394658,0,0,0,0.7077881990458742,998,D_pmar=0.054_dist=100_repair_6_males=4_nmar=3,FG_theta_zero_feeding,83,11,-99,4,3
0.054,13,0,100,0,359.2457593174429,0,1,0.1,0.6851851851851868,998,D_pmar=0.054_dist=100_repair_6_males=4_nmar=3,FG_theta_zero_feeding,87,13,-99,4,3
0.054,5,100,0,0,353.35387589398255,6.061490501760175,0,0,0.6720672325989382,998,D_pmar=0.054_dist=100_repair_6_males=4_nmar=3,FG_theta_zero_feeding,99,5,-99,4,3
0,7,100,100,0,360.1952704022115,0,0,0,0,998,D_pmar=0.054_dist=100_repair_6_males=4_nmar=3,FG_theta_zero_feeding,129,7,-99,4,3
0.054,9,0,0,0,359.4360081466013,0,0,0,0.6222081926836585,999,D_pmar=0.054_dist=100_repair_6_males=4_nmar=3,FG_theta_zero_feeding,89,9,-99,4,3
0.054,9,0,100,0,359.42620208258944,0,0,0,0.6014430011362575,999,D_pmar=0.054_dist=100_repair_6_males=4_nmar=3,FG_theta_zero_feeding,90,9,-99,4,3
0.054,9,100,0,0,359.38651809935806,0,0,0,0.7556731330760023,999,D_pmar=0.054_dist=100_repair_6_males=4_nmar=3,FG_theta_zero_feeding,77,9,-99,4,3
0,9,100,100,0,360.0917679978246,0,0,0,0,999,D_pmar=0.054_dist=100_repair_6_males=4_nmar=3,FG_theta_zero_feeding,121,9,-99,4,3
0.054,8,0,0,0,359.468978495625,0,0,0,0.6295497965615607,99,D_pmar=0.054_dist=100_repair_6_males=4_nmar=3,FG_theta_zero_feeding,85,8,-99,4,3
0.054,5,0,100,0,359.51938798002203,0,0,0,0.6065379319852777,99,D_pmar=0.054_dist=100_repair_6_males=4_nmar=3,FG_theta_zero_feeding,81,5,-99,4,3
0,9,100,0,0,360.1936027969453,0,0,0,0,99,D_pmar=0.054_dist=100_repair_6_males=4_nmar=3,FG_theta_zero_feeding,101,9,-99,4,3
0.054,14,100,100,0,359.68036793315935,0,0,0,0.5960190526397121,99,D_pmar=0.054_dist=100_repair_6_males=4_nmar=3,FG_theta_zero_feeding,84,14,-99,4,3
