probability_maraud,successful_mating,x_pos,y_pos,foraging_hrs,staying_hrs,repairing_hrs,marauding_events,marauding_hrs,traveling_hrs,rnd_seed,directory,num_males,num_mar
0,12,0,0,70.49984746664724,277.4043513725041,12.184926973744345,0,0,0,0,D_pmar=0.054_dist=500_repair_6_males=6_nmar=1,6,1
0,12,0,500,70.72220668822388,264.66100849361203,24.713163086770336,0,0,0,0,D_pmar=0.054_dist=500_repair_6_males=6_nmar=1,6,1
0,7,500,0,72.13173671734124,257.3355788359126,30.5847820850269,0,0,0,0,D_pmar=0.054_dist=500_repair_6_males=6_nmar=1,6,1
0,6,500,500,66.51305305454008,275.4575175775617,18.215841057969673,0,0,0,0,D_pmar=0.054_dist=500_repair_6_males=6_nmar=1,6,1
0,6,1000,0,70.89534465378101,258.2814291625902,30.926792744582443,0,0,0,0,D_pmar=0.054_dist=500_repair_6_males=6_nmar=1,6,1
0.054,11,1000,500,73.87370454273129,281.9153674074193,0,19,1.9000000000000008,2.406044571688758,0,D_pmar=0.054_dist=500_repair_6_males=6_nmar=1,6,1
0,10,0,0,69.85966045428219,259.299158242434,30.850144370925243,0,0,0,1,D_pmar=0.054_dist=500_repair_6_males=6_nmar=1,6,1
0,12,0,500,70.57154217061687,289.4993460076976,0,0,0,0,1,D_pmar=0.054_dist=500_repair_6_males=6_nmar=1,6,1
0,7,500,0,70.2402029566993,248.5417326899768,41.35762464877298,0,0,0,1,D_pmar=0.054_dist=500_repair_6_males=6_nmar=1,6,1
0,7,500,500,72.34377915372187,269.3866145434228,18.411765156417772,0,0,0,1,D_pmar=0.054_dist=500_repair_6_males=6_nmar=1,6,1
0.054,10,1000,0,71.05685240485127,284.3088354980319,0,22,2.2000000000000006,2.4794606104677825,1,D_pmar=0.054_dist=500_repair_6_males=6_nmar=1,6,1
0,8,1000,500,70.85540833403492,250.9135078252765,38.36249712522427,0,0,0,1,D_pmar=0.054_dist=500_repair_6_males=6_nmar=1,6,1
0.054,7,0,0,69.17896620382332,286.22825839297764,0,19,1.9000000000000008,2.7932649897757487,2,D_pmar=0.054_dist=500_repair_6_males=6_nmar=1,6,1
0,8,0,500,72.71001793168067,262.9285804237248,24.46281297601463,0,0,0,2,D_pmar=0.054_dist=500_repair_6_males=6_nmar=1,6,1
0,13,500,0,65.99815592709979,268.78136245358246,25.345441673718692,0,0,0,2,D_pmar=0.054_dist=500_repair_6_males=6_nmar=1,6,1
0,10,500,500,69.67557462199268,266.0494823715805,24.27830980670888,0,0,0,2,D_pmar=0.054_dist=500_repair_6_males=6_nmar=1,6,1
0,13,1000,0,69.38074397463551,272.72568204468627,18.22389539254367,0,0,0,2,D_pmar=0.054_dist=500_repair_6_males=6_nmar=1,6,1
0,3,1000,500,66.01506036333676,275.77587920980267,18.31577635133757,0,0,0,2,D_pmar=0.054_dist=500_repair_6_males=6_nmar=1,6,1
0,7,0,0,68.12696754695752,273.7550813975584,18.149189821346923,0,0,0,3,D_pmar=0.054_dist=500_repair_6_males=6_nmar=1,6,1
0.054,11,0,500,67.41773919469716,288.9637471939846,0,17,1.7000000000000004,1.9549963917295297,3,D_pmar=0.054_dist=500_repair_6_males=6_nmar=1,6,1
0,10,500,0,72.35714684420434,263.45560064798286,24.410377540261997,0,0,0,3,D_pmar=0.054_dist=500_repair_6_males=6_nmar=1,6,1
0,7,500,500,71.97742572678128,251.35976624176925,36.82301209557707,0,0,0,3,D_pmar=0.054_dist=500_repair_6_males=6_nmar=1,6,1
0,14,1000,0,69.04810619557476,285.0225042054054,6.026234843523519,0,0,0,3,D_pmar=0.054_dist=500_repair_6_males=6_nmar=1,6,1
0,5,1000,500,66.91088192968809,274.7221424769595,18.511622668354867,0,0,0,3,D_pmar=0.054_dist=500_repair_6_males=6_nmar=1,6,1
0.054,10,0,0,73.83288835102172,280.9316841830097,0,22,2.2000000000000006,3.22513661592141,4,D_pmar=0.054_dist=500_repair_6_males=6_nmar=1,6,1
0,9,0,500,68.21059674350117,248.7032162415239,43.14332059431045,0,0,0,4,D_pmar=0.054_dist=500_repair_6_males=6_nmar=1,6,1
0,8,500,0,72.00464574811934,245.3944089810893,42.752292495304154,0,0,0,4,D_pmar=0.054_dist=500_repair_6_males=6_nmar=1,6,1
0,11,500,500,67.23155604695144,286.81080911944275,6.016497607420811,0,0,0,4,D_pmar=0.054_dist=500_repair_6_males=6_nmar=1,6,1
0,10,1000,0,71.46539846437442,269.788362179733,18.771144485531515,0,0,0,4,D_pmar=0.054_dist=500_repair_6_males=6_nmar=1,6,1
0,6,1000,500,69.47226346725117,272.2594132345403,18.275181138754103,0,0,0,4,D_pmar=0.054_dist=500_repair_6_males=6_nmar=1,6,1
0,15,0,0,71.56224826032523,288.63396698566015,0,0,0,0,5,D_pmar=0.054_dist=500_repair_6_males=6_nmar=1,6,1
0,8,0,500,72.41084592319689,266.27551178510055,21.544582122854113,0,0,0,5,D_pmar=0.054_dist=500_repair_6_males=6_nmar=1,6,1
0,4,500,0,69.68056360244385,266.19237576732127,24.268271879174527,0,0,0,5,D_pmar=0.054_dist=500_repair_6_males=6_nmar=1,6,1
0.054,14,500,500,73.4430647198808,282.7105348105818,0,17,1.7000000000000004,2.251950723320878,5,D_pmar=0.054_dist=500_repair_6_males=6_nmar=1,6,1
0,4,1000,0,69.64717556549434,253.7075142318699,36.69874507891596,0,0,0,5,D_pmar=0.054_dist=500_repair_6_males=6_nmar=1,6,1
0,9,1000,500,68.54291100515823,273.50390269364243,18.178720620637197,0,0,0,5,D_pmar=0.054_dist=500_repair_6_males=6_nmar=1,6,1
0,9,0,0,70.02741366603948,271.45586233314395,18.673163973142294,0,0,0,6,D_pmar=0.054_dist=500_repair_6_males=6_nmar=1,6,1
0,11,0,500,72.25130513267993,281.73510182311304,6.172263096738288,0,0,0,6,D_pmar=0.054_dist=500_repair_6_males=6_nmar=1,6,1
0.054,11,500,0,74.86751549995174,281.7726859753341,0,14,1.4,2.172918001969649,6,D_pmar=0.054_dist=500_repair_6_males=6_nmar=1,6,1
0,7,500,500,70.81345948218936,264.5317926579862,24.756134383797985,0,0,0,6,D_pmar=0.054_dist=500_repair_6_males=6_nmar=1,6,1
0,8,1000,0,68.7031878330109,267.1903172936332,24.309119520398465,0,0,0,6,D_pmar=0.054_dist=500_repair_6_males=6_nmar=1,6,1
0,8,1000,500,69.57645531106894,278.3887616969284,12.10409486908922,0,0,0,6,D_pmar=0.054_dist=500_repair_6_males=6_nmar=1,6,1
0,10,0,0,70.00325830094991,265.599777014183,24.406854139949164,0,0,0,7,D_pmar=0.054_dist=500_repair_6_males=6_nmar=1,6,1
0,9,0,500,68.49581339752005,273.1501810163028,18.546468792070392,0,0,0,7,D_pmar=0.054_dist=500_repair_6_males=6_nmar=1,6,1
0,11,500,0,72.17217578522109,251.45994495988984,36.54701529598438,0,0,0,7,D_pmar=0.054_dist=500_repair_6_males=6_nmar=1,6,1
0,9,500,500,68.91323393998412,254.62506967417852,36.46352752205024,0,0,0,7,D_pmar=0.054_dist=500_repair_6_males=6_nmar=1,6,1
0,6,1000,0,70.44057039701978,228.3204925575212,61.254416012057845,0,0,0,7,D_pmar=0.054_dist=500_repair_6_males=6_nmar=1,6,1
0.054,9,1000,500,67.56444969566593,286.97014168853883,0,29,2.9000000000000012,2.6838223494665394,7,D_pmar=0.054_dist=500_repair_6_males=6_nmar=1,6,1
0,10,0,0,68.36229891895283,267.35674978988175,24.330132633740803,0,0,0,8,D_pmar=0.054_dist=500_repair_6_males=6_nmar=1,6,1
0.054,11,0,500,70.29886669644857,286.04594173210154,0,16,1.6000000000000003,2.145798259486922,8,D_pmar=0.054_dist=500_repair_6_males=6_nmar=1,6,1
0,12,500,0,71.31486983921373,282.45702663399106,6.315376451801464,0,0,0,8,D_pmar=0.054_dist=500_repair_6_males=6_nmar=1,6,1
0,7,500,500,70.34134309014786,277.3918824326899,12.302551847120348,0,0,0,8,D_pmar=0.054_dist=500_repair_6_males=6_nmar=1,6,1
0,8,1000,0,72.03616120096146,263.69048161732167,24.346537654980107,0,0,0,8,D_pmar=0.054_dist=500_repair_6_males=6_nmar=1,6,1
0,6,1000,500,72.73667778366858,257.0921273585847,30.342123529263507,0,0,0,8,D_pmar=0.054_dist=500_repair_6_males=6_nmar=1,6,1
0,15,0,0,68.00557135243575,292.1778396411033,0,0,0,0,9,D_pmar=0.054_dist=500_repair_6_males=6_nmar=1,6,1
0,5,0,500,68.74506472352417,254.86999839628265,36.53275699568381,0,0,0,9,D_pmar=0.054_dist=500_repair_6_males=6_nmar=1,6,1
0,8,500,0,73.0892146363234,250.5829995523252,36.44286533929152,0,0,0,9,D_pmar=0.054_dist=500_repair_6_males=6_nmar=1,6,1
0.054,8,500,500,71.18706156818664,285.57845588360465,0,13,1.3,2.251950723320878,9,D_pmar=0.054_dist=500_repair_6_males=6_nmar=1,6,1
0,10,1000,0,67.21046695227933,292.8079620306075,0,0,0,0,9,D_pmar=0.054_dist=500_repair_6_males=6_nmar=1,6,1
0,8,1000,500,70.30598648943464,283.6815355226362,6.051015771134467,0,0,0,9,D_pmar=0.054_dist=500_repair_6_males=6_nmar=1,6,1
0,7,0,0,67.31936965677895,255.78333218826373,36.940701152939134,0,0,0,100,D_pmar=0.054_dist=500_repair_6_males=6_nmar=1,6,1
0,11,0,500,69.70778872150866,278.06362797638826,12.333740908856866,0,0,0,100,D_pmar=0.054_dist=500_repair_6_males=6_nmar=1,6,1
0,5,500,0,71.92736164910934,239.7859748009917,48.30004866187765,0,0,0,100,D_pmar=0.054_dist=500_repair_6_males=6_nmar=1,6,1
0,11,500,500,67.05026952730864,274.73847530925497,18.22274080914344,0,0,0,100,D_pmar=0.054_dist=500_repair_6_males=6_nmar=1,6,1
0.054,7,1000,0,70.22040955726935,285.09252005057556,0,22,2.2000000000000006,2.6104063106875146,100,D_pmar=0.054_dist=500_repair_6_males=6_nmar=1,6,1
0,13,1000,500,71.03247192728749,270.79432409184875,18.239218846206683,0,0,0,100,D_pmar=0.054_dist=500_repair_6_males=6_nmar=1,6,1
0,4,0,0,69.01803058298825,272.79939059584825,18.20602556072875,0,0,0,101,D_pmar=0.054_dist=500_repair_6_males=6_nmar=1,6,1
0,14,0,500,69.96740679118,277.9119232371604,12.315649646969597,0,0,0,101,D_pmar=0.054_dist=500_repair_6_males=6_nmar=1,6,1
0.054,2,500,0,67.34443048205709,289.1914895456728,0,14,1.4,2.08991368628384,101,D_pmar=0.054_dist=500_repair_6_males=6_nmar=1,6,1
0,16,500,500,68.48163581735821,261.05075138241466,30.64937765410064,0,0,0,101,D_pmar=0.054_dist=500_repair_6_males=6_nmar=1,6,1
0,9,1000,0,71.73878088871972,263.9728226751872,24.39298882516545,0,0,0,101,D_pmar=0.054_dist=500_repair_6_males=6_nmar=1,6,1
0,9,1000,500,67.80331416282378,292.29191412560283,0,0,0,0,101,D_pmar=0.054_dist=500_repair_6_males=6_nmar=1,6,1
0.054,7,0,0,69.99945853103829,286.18694547996205,0,16,1.6000000000000003,2.2982470196171754,102,D_pmar=0.054_dist=500_repair_6_males=6_nmar=1,6,1
0,8,0,500,68.64275027242883,267.01201044829423,24.525723721437796,0,0,0,102,D_pmar=0.054_dist=500_repair_6_males=6_nmar=1,6,1
0,4,500,0,66.59796373168422,269.09796968341215,24.34919865287444,0,0,0,102,D_pmar=0.054_dist=500_repair_6_males=6_nmar=1,6,1
0,10,500,500,70.74425695869814,283.21909240002486,6.058447965838528,0,0,0,102,D_pmar=0.054_dist=500_repair_6_males=6_nmar=1,6,1
0,13,1000,0,72.55278670336665,269.1905043369214,18.28310442461404,0,0,0,102,D_pmar=0.054_dist=500_repair_6_males=6_nmar=1,6,1
0,12,1000,500,74.49934003981313,261.33528398142295,24.432799958722963,0,0,0,102,D_pmar=0.054_dist=500_repair_6_males=6_nmar=1,6,1
0,9,0,0,71.25065218246154,276.7527871314345,12.153584336934085,0,0,0,103,D_pmar=0.054_dist=500_repair_6_males=6_nmar=1,6,1
0.054,10,0,500,72.97272437037968,283.39860757063104,0,16,1.6000000000000003,2.176889596304228,103,D_pmar=0.054_dist=500_repair_6_males=6_nmar=1,6,1
0,6,500,0,68.07467621465425,267.6526084381341,24.37751012807311,0,0,0,103,D_pmar=0.054_dist=500_repair_6_males=6_nmar=1,6,1
0,8,500,500,67.18227526757393,274.54151001885697,18.375281419688115,0,0,0,103,D_pmar=0.054_dist=500_repair_6_males=6_nmar=1,6,1
0,13,1000,0,72.31860083367964,269.39179371183997,18.38832958528681,0,0,0,103,D_pmar=0.054_dist=500_repair_6_males=6_nmar=1,6,1
0,8,1000,500,69.28942053038264,266.3441316436601,24.511253343053276,0,0,0,103,D_pmar=0.054_dist=500_repair_6_males=6_nmar=1,6,1
0,7,0,0,70.16852166041748,271.620405398641,18.23394489026746,0,0,0,104,D_pmar=0.054_dist=500_repair_6_males=6_nmar=1,6,1
0,10,0,500,73.38156048031793,262.21150118679526,24.4917732136002,0,0,0,104,D_pmar=0.054_dist=500_repair_6_males=6_nmar=1,6,1
0,12,500,0,68.83302751704204,285.24388325576217,6.0879316890765915,0,0,0,104,D_pmar=0.054_dist=500_repair_6_males=6_nmar=1,6,1
0,11,500,500,70.34969481100674,271.49060708740586,18.16506993112573,0,0,0,104,D_pmar=0.054_dist=500_repair_6_males=6_nmar=1,6,1
0,5,1000,0,72.05844811818494,275.96895279392356,12.058889195773164,0,0,0,104,D_pmar=0.054_dist=500_repair_6_males=6_nmar=1,6,1
0.054,9,1000,500,71.40006491437525,284.7320621940241,0,13,1.3,2.6471143300770272,104,D_pmar=0.054_dist=500_repair_6_males=6_nmar=1,6,1
0,10,0,0,68.39848098781029,285.8825046291206,6.001469554501837,0,0,0,105,D_pmar=0.054_dist=500_repair_6_males=6_nmar=1,6,1
0,7,0,500,66.53528504799485,269.1012161039698,24.378942092762404,0,0,0,105,D_pmar=0.054_dist=500_repair_6_males=6_nmar=1,6,1
0,12,500,0,69.41936265693394,278.39856820716943,12.266090473040425,0,0,0,105,D_pmar=0.054_dist=500_repair_6_males=6_nmar=1,6,1
0.054,8,500,500,71.42371313477871,284.51385367590166,0,16,1.6000000000000003,2.5432883723400224,105,D_pmar=0.054_dist=500_repair_6_males=6_nmar=1,6,1
0,9,1000,0,71.89302226939836,282.21350068543165,6.000184136963602,0,0,0,105,D_pmar=0.054_dist=500_repair_6_males=6_nmar=1,6,1
0,8,1000,500,70.23144088756129,241.10471172997575,48.91126978018462,0,0,0,105,D_pmar=0.054_dist=500_repair_6_males=6_nmar=1,6,1
0,8,0,0,77.21583608324488,252.29608985604963,30.52300162775108,0,0,0,106,D_pmar=0.054_dist=500_repair_6_males=6_nmar=1,6,1
0,9,0,500,69.78448814287096,272.22948044869713,18.067996277975247,0,0,0,106,D_pmar=0.054_dist=500_repair_6_males=6_nmar=1,6,1
0,13,500,0,68.27299656215496,267.2204339818599,24.536390927745924,0,0,0,106,D_pmar=0.054_dist=500_repair_6_males=6_nmar=1,6,1
0,7,500,500,72.16421989734458,275.6124923278003,12.272472068094528,0,0,0,106,D_pmar=0.054_dist=500_repair_6_males=6_nmar=1,6,1
0.054,10,1000,0,71.68675101052762,283.5724280409706,0,19,1.9000000000000008,2.8994174536097055,106,D_pmar=0.054_dist=500_repair_6_males=6_nmar=1,6,1
0,7,1000,500,71.19638727379301,258.3419395592576,30.504127611539143,0,0,0,106,D_pmar=0.054_dist=500_repair_6_males=6_nmar=1,6,1
0.054,9,0,0,71.02932617515518,284.6187449479111,0,19,1.9000000000000008,2.622321093691252,107,D_pmar=0.054_dist=500_repair_6_males=6_nmar=1,6,1
0,9,0,500,66.6208952729049,268.9816485391323,24.41610380641452,0,0,0,107,D_pmar=0.054_dist=500_repair_6_males=6_nmar=1,6,1
0,10,500,0,72.28854151132688,263.6819830608311,24.368031938186736,0,0,0,107,D_pmar=0.054_dist=500_repair_6_males=6_nmar=1,6,1
0,13,500,500,68.92451178502783,284.9662415190095,6.114172128500357,0,0,0,107,D_pmar=0.054_dist=500_repair_6_males=6_nmar=1,6,1
0,5,1000,0,68.71204661148126,246.3854268052717,45.05884774857672,0,0,0,107,D_pmar=0.054_dist=500_repair_6_males=6_nmar=1,6,1
0,8,1000,500,67.81253696331065,279.93108693584844,12.265494145985423,0,0,0,107,D_pmar=0.054_dist=500_repair_6_males=6_nmar=1,6,1
0,11,0,0,70.40812231924161,271.3734814413113,18.261260448433244,0,0,0,108,D_pmar=0.054_dist=500_repair_6_males=6_nmar=1,6,1
0,13,0,500,67.60354018790314,280.4733394963363,12.198087288719664,0,0,0,108,D_pmar=0.054_dist=500_repair_6_males=6_nmar=1,6,1
0.054,8,500,0,67.38335143410586,288.7032327154253,0,17,1.7000000000000004,2.2503056350832513,108,D_pmar=0.054_dist=500_repair_6_males=6_nmar=1,6,1
0,5,500,500,69.78065532785911,259.810709861019,30.519683829840748,0,0,0,108,D_pmar=0.054_dist=500_repair_6_males=6_nmar=1,6,1
0,6,1000,0,69.39276009750678,260.39765391476953,30.29962016666174,0,0,0,108,D_pmar=0.054_dist=500_repair_6_males=6_nmar=1,6,1
0,11,1000,500,70.36354493401359,277.4522739541137,12.281987395501812,0,0,0,108,D_pmar=0.054_dist=500_repair_6_males=6_nmar=1,6,1
0,6,0,0,69.82854861622465,247.74727484112924,42.49136538947566,0,0,0,109,D_pmar=0.054_dist=500_repair_6_males=6_nmar=1,6,1
0,9,0,500,70.37895024418091,271.19201945400573,18.457618980124675,0,0,0,109,D_pmar=0.054_dist=500_repair_6_males=6_nmar=1,6,1
0.054,10,500,0,68.23350864755378,288.1835911143573,0,17,1.7000000000000004,2.020469241839395,109,D_pmar=0.054_dist=500_repair_6_males=6_nmar=1,6,1
0,10,500,500,71.78227745316678,276.04157495462357,12.22467780403323,0,0,0,109,D_pmar=0.054_dist=500_repair_6_males=6_nmar=1,6,1
0,10,1000,0,66.07203805816931,275.824460156983,18.245033597570544,0,0,0,109,D_pmar=0.054_dist=500_repair_6_males=6_nmar=1,6,1
0,9,1000,500,74.43650710479132,273.49933582813617,12.082120137302525,0,0,0,109,D_pmar=0.054_dist=500_repair_6_males=6_nmar=1,6,1
0,9,0,0,76.14152701772699,277.93592115592867,6.133945028344713,0,0,0,10,D_pmar=0.054_dist=500_repair_6_males=6_nmar=1,6,1
0,9,0,500,73.34910824755913,237.74667906732435,49.01343207543567,0,0,0,10,D_pmar=0.054_dist=500_repair_6_males=6_nmar=1,6,1
0,10,500,0,68.47407422761495,267.4467691911985,24.19457070145166,0,0,0,10,D_pmar=0.054_dist=500_repair_6_males=6_nmar=1,6,1
0.054,12,500,500,70.01279282025536,285.6191842436233,0,19,1.9000000000000008,2.572053203060376,10,D_pmar=0.054_dist=500_repair_6_males=6_nmar=1,6,1
0,11,1000,0,69.95359020640417,290.1483437888617,0,0,0,0,10,D_pmar=0.054_dist=500_repair_6_males=6_nmar=1,6,1
0,3,1000,500,68.51069694837891,254.90787453280905,36.60039377123158,0,0,0,10,D_pmar=0.054_dist=500_repair_6_males=6_nmar=1,6,1
0.054,15,0,0,69.63098387492441,286.34029001331015,0,16,1.6000000000000003,2.4930204817091464,110,D_pmar=0.054_dist=500_repair_6_males=6_nmar=1,6,1
0,9,0,500,70.79514200424538,258.84489475669614,30.554007685900437,0,0,0,110,D_pmar=0.054_dist=500_repair_6_males=6_nmar=1,6,1
0,5,500,0,66.58515690005383,275.1822981196417,18.32848239709303,0,0,0,110,D_pmar=0.054_dist=500_repair_6_males=6_nmar=1,6,1
0,5,500,500,68.67688490369804,279.22853951629304,12.188151134634747,0,0,0,110,D_pmar=0.054_dist=500_repair_6_males=6_nmar=1,6,1
0,9,1000,0,70.40894258751796,265.57620004259223,24.339794895852467,0,0,0,110,D_pmar=0.054_dist=500_repair_6_males=6_nmar=1,6,1
0,11,1000,500,73.04086411308522,274.8421552696575,12.141055322311145,0,0,0,110,D_pmar=0.054_dist=500_repair_6_males=6_nmar=1,6,1
0,7,0,0,70.06255840606109,284.0679697429042,6.003166730047178,0,0,0,111,D_pmar=0.054_dist=500_repair_6_males=6_nmar=1,6,1
0,8,0,500,74.38259434902197,261.11148908449894,24.556153628174037,0,0,0,111,D_pmar=0.054_dist=500_repair_6_males=6_nmar=1,6,1
0,9,500,0,69.865619026241,284.1445168874825,6.011453153982879,0,0,0,111,D_pmar=0.054_dist=500_repair_6_males=6_nmar=1,6,1
0.054,12,500,500,68.78813278742784,288.01009299286426,0,11,1.1,2.336600127244313,111,D_pmar=0.054_dist=500_repair_6_males=6_nmar=1,6,1
0,9,1000,0,71.43512377986958,282.61101207224385,6.168733713803942,0,0,0,111,D_pmar=0.054_dist=500_repair_6_males=6_nmar=1,6,1
0,9,1000,500,71.57409507512482,264.04883961479254,24.450780662268635,0,0,0,111,D_pmar=0.054_dist=500_repair_6_males=6_nmar=1,6,1
0,8,0,0,71.4782462124782,276.61761211942064,12.094452627864287,0,0,0,112,D_pmar=0.054_dist=500_repair_6_males=6_nmar=1,6,1
0,4,0,500,68.5945345856303,254.81496795430397,36.69181975268454,0,0,0,112,D_pmar=0.054_dist=500_repair_6_males=6_nmar=1,6,1
0,14,500,0,68.99701564229656,266.56692608983974,24.607870945483512,0,0,0,112,D_pmar=0.054_dist=500_repair_6_males=6_nmar=1,6,1
0.054,8,500,500,75.56227286517228,280.4185335376562,0,16,1.6000000000000003,2.6567026069838113,112,D_pmar=0.054_dist=500_repair_6_males=6_nmar=1,6,1
0,9,1000,0,71.2182982407771,288.96444507749993,0,0,0,0,112,D_pmar=0.054_dist=500_repair_6_males=6_nmar=1,6,1
0,11,1000,500,73.6775440052992,262.14589393095486,24.436044325097654,0,0,0,112,D_pmar=0.054_dist=500_repair_6_males=6_nmar=1,6,1
0,8,0,0,72.08828209288063,269.5980876884976,18.45760981457897,0,0,0,113,D_pmar=0.054_dist=500_repair_6_males=6_nmar=1,6,1
0,15,0,500,72.1587688313436,275.8960018781066,12.02264220805471,0,0,0,113,D_pmar=0.054_dist=500_repair_6_males=6_nmar=1,6,1
0.054,13,500,0,66.15501281170637,289.584442149477,0,20,2.0000000000000004,2.2966019313795485,113,D_pmar=0.054_dist=500_repair_6_males=6_nmar=1,6,1
0,6,500,500,71.3238158630039,239.96045865748437,49.0636768037285,0,0,0,113,D_pmar=0.054_dist=500_repair_6_males=6_nmar=1,6,1
0,4,1000,0,68.62271716496575,254.55254401851357,36.83833942106992,0,0,0,113,D_pmar=0.054_dist=500_repair_6_males=6_nmar=1,6,1
0,8,1000,500,68.16566390645173,286.13493593965865,6.020355020765266,0,0,0,113,D_pmar=0.054_dist=500_repair_6_males=6_nmar=1,6,1
0,10,0,0,70.2160531322416,253.45412394931972,36.500327969343424,0,0,0,114,D_pmar=0.054_dist=500_repair_6_males=6_nmar=1,6,1
0.054,9,0,500,71.2281515239907,285.0371241357506,0,13,1.3,2.627937776263457,114,D_pmar=0.054_dist=500_repair_6_males=6_nmar=1,6,1
0,9,500,0,68.08974841432425,285.74471256933435,6.206841370814238,0,0,0,114,D_pmar=0.054_dist=500_repair_6_males=6_nmar=1,6,1
0,8,500,500,67.61125360246228,280.41170908124775,12.09131668978847,0,0,0,114,D_pmar=0.054_dist=500_repair_6_males=6_nmar=1,6,1
0,6,1000,0,70.03471147806202,283.9708426057813,6.0383634901260494,0,0,0,114,D_pmar=0.054_dist=500_repair_6_males=6_nmar=1,6,1
0,12,1000,500,69.19775749047778,272.5628798410682,18.35881692394291,0,0,0,114,D_pmar=0.054_dist=500_repair_6_males=6_nmar=1,6,1
0,8,0,0,72.09506400647061,269.7879603395767,18.161604343775625,0,0,0,115,D_pmar=0.054_dist=500_repair_6_males=6_nmar=1,6,1
0,8,0,500,69.45867387742277,265.63894656131305,24.98257991724657,0,0,0,115,D_pmar=0.054_dist=500_repair_6_males=6_nmar=1,6,1
0,8,500,0,74.52692114842615,277.75781663318907,7.742806268944872,0,0,0,115,D_pmar=0.054_dist=500_repair_6_males=6_nmar=1,6,1
0.054,12,500,500,70.86169287917981,285.68862298718443,0,14,1.4,2.196066150117798,115,D_pmar=0.054_dist=500_repair_6_males=6_nmar=1,6,1
0,9,1000,0,69.12078231181255,284.82352384775396,6.114080702805957,0,0,0,115,D_pmar=0.054_dist=500_repair_6_males=6_nmar=1,6,1
0,9,1000,500,71.5565594053898,269.8349172641508,18.621210095251342,0,0,0,115,D_pmar=0.054_dist=500_repair_6_males=6_nmar=1,6,1
0,11,0,0,71.69155356902128,270.00119952817835,18.375344794604786,0,0,0,116,D_pmar=0.054_dist=500_repair_6_males=6_nmar=1,6,1
0,8,0,500,68.55412034763046,279.3530183311589,12.226930239497827,0,0,0,116,D_pmar=0.054_dist=500_repair_6_males=6_nmar=1,6,1
0,12,500,0,68.89452633147512,279.03759404510413,12.183694547665974,0,0,0,116,D_pmar=0.054_dist=500_repair_6_males=6_nmar=1,6,1
0.054,8,500,500,74.24276206686419,282.06381575500706,0,12,1.2,2.550550143149854,116,D_pmar=0.054_dist=500_repair_6_males=6_nmar=1,6,1
0,7,1000,0,68.96500290942261,284.9865897855196,6.091959355621924,0,0,0,116,D_pmar=0.054_dist=500_repair_6_males=6_nmar=1,6,1
0,8,1000,500,70.65647152410841,265.0023040459505,24.56209638270959,0,0,0,116,D_pmar=0.054_dist=500_repair_6_males=6_nmar=1,6,1
0,7,0,0,72.39362565868929,269.5418195660502,18.191958659725657,0,0,0,117,D_pmar=0.054_dist=500_repair_6_males=6_nmar=1,6,1
0,10,0,500,76.99112628794154,258.79592535060294,24.225986509543905,0,0,0,117,D_pmar=0.054_dist=500_repair_6_males=6_nmar=1,6,1
0,13,500,0,69.67458049988045,272.0187969003076,18.313740217186783,0,0,0,117,D_pmar=0.054_dist=500_repair_6_males=6_nmar=1,6,1
0.054,9,500,500,75.26632684344347,280.8969813951058,0,14,1.4,2.473162510036251,117,D_pmar=0.054_dist=500_repair_6_males=6_nmar=1,6,1
0,6,1000,0,73.27011086115654,274.5918792069221,12.154042513024171,0,0,0,117,D_pmar=0.054_dist=500_repair_6_males=6_nmar=1,6,1
0,9,1000,500,71.28850499964261,276.5708924477691,12.1717210550208,0,0,0,117,D_pmar=0.054_dist=500_repair_6_males=6_nmar=1,6,1
0.054,15,0,0,70.85024637364229,284.95860238210724,0,19,1.9000000000000008,2.3366001272443135,118,D_pmar=0.054_dist=500_repair_6_males=6_nmar=1,6,1
0,4,0,500,69.66077097464911,266.0189366360322,24.44230953087773,0,0,0,118,D_pmar=0.054_dist=500_repair_6_males=6_nmar=1,6,1
0,8,500,0,70.61396723108204,246.98649222014177,42.641144532259915,0,0,0,118,D_pmar=0.054_dist=500_repair_6_males=6_nmar=1,6,1
0,6,500,500,71.75777718300326,276.11418583425154,12.18885623866008,0,0,0,118,D_pmar=0.054_dist=500_repair_6_males=6_nmar=1,6,1
0,12,1000,0,68.75231664237243,272.9217522902567,18.33750766426785,0,0,0,118,D_pmar=0.054_dist=500_repair_6_males=6_nmar=1,6,1
0,9,1000,500,68.95666200472894,274.6868694482188,16.487658556165368,0,0,0,118,D_pmar=0.054_dist=500_repair_6_males=6_nmar=1,6,1
0,7,0,0,71.15220214502934,270.42540807667,18.55207479539969,0,0,0,119,D_pmar=0.054_dist=500_repair_6_males=6_nmar=1,6,1
0,10,0,500,72.14056288007994,264.7028626301948,23.240331349144235,0,0,0,119,D_pmar=0.054_dist=500_repair_6_males=6_nmar=1,6,1
0,11,500,0,69.52307213950837,278.30137075126015,12.248291655763769,0,0,0,119,D_pmar=0.054_dist=500_repair_6_males=6_nmar=1,6,1
0,10,500,500,71.53151472354777,276.36429185820015,12.210629435267093,0,0,0,119,D_pmar=0.054_dist=500_repair_6_males=6_nmar=1,6,1
0.054,9,1000,0,69.58876068525036,286.775127335169,0,14,1.4,2.2655105945622416,119,D_pmar=0.054_dist=500_repair_6_males=6_nmar=1,6,1
0,7,1000,500,69.45336508616134,272.52384978495616,18.173217793434276,0,0,0,119,D_pmar=0.054_dist=500_repair_6_males=6_nmar=1,6,1
0,9,0,0,69.73294711683418,272.37085807353543,18.03375862101044,0,0,0,11,D_pmar=0.054_dist=500_repair_6_males=6_nmar=1,6,1
0.054,8,0,500,68.43423199681293,287.7233621673564,0,14,1.4,2.5505501431498536,11,D_pmar=0.054_dist=500_repair_6_males=6_nmar=1,6,1
0,10,500,0,74.0582574892992,280.00153525558966,6.0928502954394155,0,0,0,11,D_pmar=0.054_dist=500_repair_6_males=6_nmar=1,6,1
0,9,500,500,72.93151239057114,280.9018214405297,6.191522917552184,0,0,0,11,D_pmar=0.054_dist=500_repair_6_males=6_nmar=1,6,1
0,10,1000,0,70.51432257654075,283.53147603286044,6.03382832915112,0,0,0,11,D_pmar=0.054_dist=500_repair_6_males=6_nmar=1,6,1
0,8,1000,500,69.57606351823833,241.72639174308864,48.83089197340355,0,0,0,11,D_pmar=0.054_dist=500_repair_6_males=6_nmar=1,6,1
0,6,0,0,71.61390708797525,276.3929063878554,12.137609085821571,0,0,0,120,D_pmar=0.054_dist=500_repair_6_males=6_nmar=1,6,1
0,6,0,500,67.83739029394242,261.7291058127332,30.51310194065515,0,0,0,120,D_pmar=0.054_dist=500_repair_6_males=6_nmar=1,6,1
0,9,500,0,70.48592291551178,265.27824743419785,24.479363038588236,0,0,0,120,D_pmar=0.054_dist=500_repair_6_males=6_nmar=1,6,1
0,5,500,500,70.28072564268737,265.5040053739839,24.37020372247788,0,0,0,120,D_pmar=0.054_dist=500_repair_6_males=6_nmar=1,6,1
0,13,1000,0,72.2942520338797,263.44588766982724,24.513622565425635,0,0,0,120,D_pmar=0.054_dist=500_repair_6_males=6_nmar=1,6,1
0.054,15,1000,500,69.0648890952261,286.50117854139614,0,19,1.9000000000000008,2.5912297568739455,120,D_pmar=0.054_dist=500_repair_6_males=6_nmar=1,6,1
0,8,0,0,74.25310404006946,285.863812851385,0,0,0,0,121,D_pmar=0.054_dist=500_repair_6_males=6_nmar=1,6,1
0,7,0,500,67.21439619632508,268.2961550214059,24.656193989023787,0,0,0,121,D_pmar=0.054_dist=500_repair_6_males=6_nmar=1,6,1
0,6,500,0,69.26342757765462,254.41071198382932,36.48760233787637,0,0,0,121,D_pmar=0.054_dist=500_repair_6_males=6_nmar=1,6,1
0.054,9,500,500,67.13922332635057,288.36980828174427,0,20,2.0000000000000004,2.651085924411606,121,D_pmar=0.054_dist=500_repair_6_males=6_nmar=1,6,1
0,10,1000,0,69.99207774295441,277.6690657022165,12.40721608233805,0,0,0,121,D_pmar=0.054_dist=500_repair_6_males=6_nmar=1,6,1
0,14,1000,500,72.57619218196228,238.70554291474485,48.74540252893944,0,0,0,121,D_pmar=0.054_dist=500_repair_6_males=6_nmar=1,6,1
0,8,0,0,73.84578528035786,249.88760076707237,36.355886726617896,0,0,0,122,D_pmar=0.054_dist=500_repair_6_males=6_nmar=1,6,1
0,12,0,500,72.78561364234879,268.9608207758584,18.268624040073973,0,0,0,122,D_pmar=0.054_dist=500_repair_6_males=6_nmar=1,6,1
0.054,10,500,0,69.82924750879423,285.774708344441,0,18,1.8000000000000005,2.7916199015381222,122,D_pmar=0.054_dist=500_repair_6_males=6_nmar=1,6,1
0,7,500,500,67.87518078438502,261.42252116173324,30.803790100855213,0,0,0,122,D_pmar=0.054_dist=500_repair_6_males=6_nmar=1,6,1
0,11,1000,0,69.05966288483691,278.92385580702546,12.06564414618451,0,0,0,122,D_pmar=0.054_dist=500_repair_6_males=6_nmar=1,6,1
0,6,1000,500,73.0387048420708,274.89055043805865,12.112061785448764,0,0,0,122,D_pmar=0.054_dist=500_repair_6_males=6_nmar=1,6,1
0.054,8,0,0,73.91391460027025,282.3674936465347,0,16,1.6000000000000003,2.2271574869351034,123,D_pmar=0.054_dist=500_repair_6_males=6_nmar=1,6,1
0,8,0,500,70.53207860066598,276.02739242845394,13.45130885992642,0,0,0,123,D_pmar=0.054_dist=500_repair_6_males=6_nmar=1,6,1
0,10,500,0,72.04830982545276,263.7324057126372,24.255847800787535,0,0,0,123,D_pmar=0.054_dist=500_repair_6_males=6_nmar=1,6,1
0,4,500,500,70.20591317404661,283.8175738985824,6.020780235227295,0,0,0,123,D_pmar=0.054_dist=500_repair_6_males=6_nmar=1,6,1
0,11,1000,0,73.04835909277689,250.4644906037654,36.621384447262,0,0,0,123,D_pmar=0.054_dist=500_repair_6_males=6_nmar=1,6,1
0,13,1000,500,72.43345253553665,275.2252601280335,12.441324976935675,0,0,0,123,D_pmar=0.054_dist=500_repair_6_males=6_nmar=1,6,1
0,8,0,0,69.49282319634118,272.73965544546496,18.092900868926264,0,0,0,124,D_pmar=0.054_dist=500_repair_6_males=6_nmar=1,6,1
0,9,0,500,69.65768349858725,274.2001074842085,16.288471480202492,0,0,0,124,D_pmar=0.054_dist=500_repair_6_males=6_nmar=1,6,1
0,8,500,0,75.32032438357427,254.26922439212916,30.419802924424157,0,0,0,124,D_pmar=0.054_dist=500_repair_6_males=6_nmar=1,6,1
0,6,500,500,74.00280011995335,255.64017340230797,30.465807449651205,0,0,0,124,D_pmar=0.054_dist=500_repair_6_males=6_nmar=1,6,1
0,11,1000,0,66.90991478305972,262.78377716753414,30.41940017738511,0,0,0,124,D_pmar=0.054_dist=500_repair_6_males=6_nmar=1,6,1
0.054,12,1000,500,66.6457391609943,288.8856256738069,0,21,2.1000000000000005,2.5736982912980024,124,D_pmar=0.054_dist=500_repair_6_males=6_nmar=1,6,1
0,5,0,0,69.35568139424782,278.5224012301313,12.197056925289248,0,0,0,125,D_pmar=0.054_dist=500_repair_6_males=6_nmar=1,6,1
0,15,0,500,70.67742724882953,271.0403356072225,18.561943073067415,0,0,0,125,D_pmar=0.054_dist=500_repair_6_males=6_nmar=1,6,1
0,10,500,0,67.56985387591784,268.2241470599247,24.44339621646039,0,0,0,125,D_pmar=0.054_dist=500_repair_6_males=6_nmar=1,6,1
0,10,500,500,71.48509532348676,270.3323873815272,18.193803048322778,0,0,0,125,D_pmar=0.054_dist=500_repair_6_males=6_nmar=1,6,1
0.054,7,1000,0,68.46583031289497,287.0285588690806,0,19,1.9000000000000008,2.655057518746185,125,D_pmar=0.054_dist=500_repair_6_males=6_nmar=1,6,1
0,7,1000,500,71.5222279999046,245.42858714678783,43.157121729017945,0,0,0,125,D_pmar=0.054_dist=500_repair_6_males=6_nmar=1,6,1
0.054,10,0,0,72.59806176926097,284.4518983308796,0,10,1,2.061148855563486,126,D_pmar=0.054_dist=500_repair_6_males=6_nmar=1,6,1
0,10,0,500,67.80366489493353,280.11632258515465,12.128971728603709,0,0,0,126,D_pmar=0.054_dist=500_repair_6_males=6_nmar=1,6,1
0,6,500,0,69.93339140244991,271.9924316137945,18.288391637330136,0,0,0,126,D_pmar=0.054_dist=500_repair_6_males=6_nmar=1,6,1
0,8,500,500,70.46786904796427,265.24467592785857,24.53152319311752,0,0,0,126,D_pmar=0.054_dist=500_repair_6_males=6_nmar=1,6,1
0,11,1000,0,67.36616287906452,286.8543288361699,6.075362163019847,0,0,0,126,D_pmar=0.054_dist=500_repair_6_males=6_nmar=1,6,1
0,9,1000,500,70.99170929654449,289.1237876794846,0,0,0,0,126,D_pmar=0.054_dist=500_repair_6_males=6_nmar=1,6,1
0,9,0,0,73.61900769799486,256.04477861884357,30.349342880450383,0,0,0,127,D_pmar=0.054_dist=500_repair_6_males=6_nmar=1,6,1
0,10,0,500,71.04817380198651,283.05979672608464,6.009662742951767,0,0,0,127,D_pmar=0.054_dist=500_repair_6_males=6_nmar=1,6,1
0.054,11,500,0,71.23420614134297,284.599533926797,0,16,1.6000000000000003,2.569726696963424,127,D_pmar=0.054_dist=500_repair_6_males=6_nmar=1,6,1
0,11,500,500,68.26381947907647,273.4040028206633,18.34195988250006,0,0,0,127,D_pmar=0.054_dist=500_repair_6_males=6_nmar=1,6,1
0,5,1000,0,69.74202234094335,272.01903691464247,18.27285146138269,0,0,0,127,D_pmar=0.054_dist=500_repair_6_males=6_nmar=1,6,1
0,8,1000,500,66.91311964078983,268.6445487061513,24.515497174895287,0,0,0,127,D_pmar=0.054_dist=500_repair_6_males=6_nmar=1,6,1
0,9,0,0,68.19510787603932,273.52819979423214,18.37499150850057,0,0,0,128,D_pmar=0.054_dist=500_repair_6_males=6_nmar=1,6,1
0.054,9,0,500,75.49503396665482,280.5449659743839,0,19,1.9000000000000008,2.2135976156937396,128,D_pmar=0.054_dist=500_repair_6_males=6_nmar=1,6,1
0,12,500,0,69.8950278590733,278.1581780472732,12.267320812447435,0,0,0,128,D_pmar=0.054_dist=500_repair_6_males=6_nmar=1,6,1
0,5,500,500,72.63227072131231,243.2920398668693,44.28167334710413,0,0,0,128,D_pmar=0.054_dist=500_repair_6_males=6_nmar=1,6,1
0,11,1000,0,70.13377708129927,283.8370511119227,6.139842321965281,0,0,0,128,D_pmar=0.054_dist=500_repair_6_males=6_nmar=1,6,1
0,8,1000,500,72.09944151507085,257.2313917206949,30.773447511749104,0,0,0,128,D_pmar=0.054_dist=500_repair_6_males=6_nmar=1,6,1
0,8,0,0,71.47919810562247,260.72307442652317,27.931050990893898,0,0,0,129,D_pmar=0.054_dist=500_repair_6_males=6_nmar=1,6,1
0.054,12,0,500,71.42971701800772,284.39706479900383,0,19,1.9000000000000008,2.417959354692496,129,D_pmar=0.054_dist=500_repair_6_males=6_nmar=1,6,1
0,9,500,0,69.61905644406119,290.6413922325279,0,0,0,0,129,D_pmar=0.054_dist=500_repair_6_males=6_nmar=1,6,1
0,12,500,500,74.04421738440035,249.4493282137022,36.62556593475485,0,0,0,129,D_pmar=0.054_dist=500_repair_6_males=6_nmar=1,6,1
0,8,1000,0,71.2139327157491,280.9713911944251,8.017468498563,0,0,0,129,D_pmar=0.054_dist=500_repair_6_males=6_nmar=1,6,1
0,5,1000,500,67.30493275719871,256.0754968437346,36.94826546048485,0,0,0,129,D_pmar=0.054_dist=500_repair_6_males=6_nmar=1,6,1
0,11,0,0,70.2400996910676,247.3417528126,42.639365411514035,0,0,0,12,D_pmar=0.054_dist=500_repair_6_males=6_nmar=1,6,1
0,7,0,500,72.67526864176497,251.11788113554488,36.4537600740172,0,0,0,12,D_pmar=0.054_dist=500_repair_6_males=6_nmar=1,6,1
0,5,500,0,73.63641533728497,256.051130644025,30.3523954566852,0,0,0,12,D_pmar=0.054_dist=500_repair_6_males=6_nmar=1,6,1
0,12,500,500,70.74876023115726,277.05347883357086,12.232759276446368,0,0,0,12,D_pmar=0.054_dist=500_repair_6_males=6_nmar=1,6,1
0.054,15,1000,0,72.57718826051811,282.29221573883706,0,24,2.400000000000001,2.7645001590553946,12,D_pmar=0.054_dist=500_repair_6_males=6_nmar=1,6,1
0,4,1000,500,65.50760283011026,270.17409005764256,24.390724813924983,0,0,0,12,D_pmar=0.054_dist=500_repair_6_males=6_nmar=1,6,1
0,7,0,0,71.32740783907482,270.3622380685824,18.37178531645331,0,0,0,130,D_pmar=0.054_dist=500_repair_6_males=6_nmar=1,6,1
0.054,13,0,500,70.4697904707167,286.5597887595411,0,10,1,2.1864778732110124,130,D_pmar=0.054_dist=500_repair_6_males=6_nmar=1,6,1
0,7,500,0,67.64060247621164,286.72615193766273,5.737994010937384,0,0,0,130,D_pmar=0.054_dist=500_repair_6_males=6_nmar=1,6,1
0,4,500,500,71.6308435107004,276.1156872907925,12.292128484022738,0,0,0,130,D_pmar=0.054_dist=500_repair_6_males=6_nmar=1,6,1
0,14,1000,0,70.76103757904369,289.2889628659738,0,0,0,0,130,D_pmar=0.054_dist=500_repair_6_males=6_nmar=1,6,1
0,9,1000,500,72.0895456753996,263.5052291827608,24.432464814021134,0,0,0,130,D_pmar=0.054_dist=500_repair_6_males=6_nmar=1,6,1
0,9,0,0,71.21158434031956,264.2512293107044,24.592503428005895,0,0,0,131,D_pmar=0.054_dist=500_repair_6_males=6_nmar=1,6,1
0,8,0,500,73.22087690301744,274.47176943715914,12.318722386106876,0,0,0,131,D_pmar=0.054_dist=500_repair_6_males=6_nmar=1,6,1
0.054,8,500,0,70.27777763804852,285.2655556275994,0,19,1.9000000000000008,2.589584668636319,131,D_pmar=0.054_dist=500_repair_6_males=6_nmar=1,6,1
0,10,500,500,71.02494745684638,270.55595769395427,18.440546253175732,0,0,0,131,D_pmar=0.054_dist=500_repair_6_males=6_nmar=1,6,1
0,8,1000,0,75.95564692335331,235.20163649699364,48.92403236076716,0,0,0,131,D_pmar=0.054_dist=500_repair_6_males=6_nmar=1,6,1
0,11,1000,500,68.10648330247732,279.73121778373195,12.1963746592765,0,0,0,131,D_pmar=0.054_dist=500_repair_6_males=6_nmar=1,6,1
0,5,0,0,65.90342237829611,269.58250463264056,24.6112955651289,0,0,0,132,D_pmar=0.054_dist=500_repair_6_males=6_nmar=1,6,1
0,7,0,500,69.18289010438365,284.7492227816542,6.159642917338091,0,0,0,132,D_pmar=0.054_dist=500_repair_6_males=6_nmar=1,6,1
0,12,500,0,71.49236665515662,276.3154614247988,12.24132096685455,0,0,0,132,D_pmar=0.054_dist=500_repair_6_males=6_nmar=1,6,1
0,8,500,500,69.83344151112962,278.0887311337391,12.249570423499494,0,0,0,132,D_pmar=0.054_dist=500_repair_6_males=6_nmar=1,6,1
0.054,14,1000,0,74.1222907652739,282.75024219903173,0,12,1.2,2.0915587745214665,132,D_pmar=0.054_dist=500_repair_6_males=6_nmar=1,6,1
0,8,1000,500,67.11852849483996,274.71380848093065,18.264682545212388,0,0,0,132,D_pmar=0.054_dist=500_repair_6_males=6_nmar=1,6,1
0,10,0,0,69.95949875506467,259.7239027083136,30.34740179045068,0,0,0,133,D_pmar=0.054_dist=500_repair_6_males=6_nmar=1,6,1
0,11,0,500,72.57879819276756,281.5534430484955,6.118091918847091,0,0,0,133,D_pmar=0.054_dist=500_repair_6_males=6_nmar=1,6,1
0,4,500,0,70.78234785183857,271.1312912489228,18.26252571127679,0,0,0,133,D_pmar=0.054_dist=500_repair_6_males=6_nmar=1,6,1
0,11,500,500,70.91725719183371,277.22466633040847,12.00885761734155,0,0,0,133,D_pmar=0.054_dist=500_repair_6_males=6_nmar=1,6,1
0.054,9,1000,0,74.04494223818615,282.33744095060024,0,13,1.3,2.3924847004473953,133,D_pmar=0.054_dist=500_repair_6_males=6_nmar=1,6,1
0,9,1000,500,63.16587765854637,284.8912761654576,12.20396220755682,0,0,0,133,D_pmar=0.054_dist=500_repair_6_males=6_nmar=1,6,1
0,9,0,0,73.92015412110372,261.9361871924479,24.205330923963107,0,0,0,134,D_pmar=0.054_dist=500_repair_6_males=6_nmar=1,6,1
0.054,8,0,500,72.34357022300433,283.3565498856471,0,17,1.7000000000000004,2.6143779050220934,134,D_pmar=0.054_dist=500_repair_6_males=6_nmar=1,6,1
0,8,500,0,72.40077943593697,275.6960159199265,12.01299928240152,0,0,0,134,D_pmar=0.054_dist=500_repair_6_males=6_nmar=1,6,1
0,8,500,500,72.7095707225689,263.11275873751293,24.367403242180572,0,0,0,134,D_pmar=0.054_dist=500_repair_6_males=6_nmar=1,6,1
0,12,1000,0,71.33845299511628,279.556400969584,9.296301626958494,0,0,0,134,D_pmar=0.054_dist=500_repair_6_males=6_nmar=1,6,1
0,9,1000,500,73.67422059129754,256.1534785389523,30.451984080884493,0,0,0,134,D_pmar=0.054_dist=500_repair_6_males=6_nmar=1,6,1
0,2,0,0,73.80788435885772,255.8064788486223,30.47023160331176,0,0,0,135,D_pmar=0.054_dist=500_repair_6_males=6_nmar=1,6,1
0.054,14,0,500,68.91932620720054,286.8563477881041,0,15,1.5000000000000002,2.7549118821486105,135,D_pmar=0.054_dist=500_repair_6_males=6_nmar=1,6,1
0,14,500,0,71.16499959731584,276.4931778255164,12.359311537500332,0,0,0,135,D_pmar=0.054_dist=500_repair_6_males=6_nmar=1,6,1
0,2,500,500,70.0268167955542,259.5180871562805,30.511647899473033,0,0,0,135,D_pmar=0.054_dist=500_repair_6_males=6_nmar=1,6,1
0,10,1000,0,70.03243213825435,284.0337078929745,6.030809347178566,0,0,0,135,D_pmar=0.054_dist=500_repair_6_males=6_nmar=1,6,1
0,12,1000,500,72.17080865528668,275.76194265805606,12.137509392917025,0,0,0,135,D_pmar=0.054_dist=500_repair_6_males=6_nmar=1,6,1
0,13,0,0,70.03934149313439,265.71644695109313,24.313906414673543,0,0,0,136,D_pmar=0.054_dist=500_repair_6_males=6_nmar=1,6,1
0,3,0,500,71.05304039600152,277.14006133688304,12.11222750214286,0,0,0,136,D_pmar=0.054_dist=500_repair_6_males=6_nmar=1,6,1
0.054,10,500,0,72.48026733090599,284.4668696229624,0,9,0.8999999999999999,2.369336552299247,136,D_pmar=0.054_dist=500_repair_6_males=6_nmar=1,6,1
0,11,500,500,67.96102482117414,292.1382120105294,0,0,0,0,136,D_pmar=0.054_dist=500_repair_6_males=6_nmar=1,6,1
0,9,1000,0,75.06190892100064,267.0046348107659,18.015987909068496,0,0,0,136,D_pmar=0.054_dist=500_repair_6_males=6_nmar=1,6,1
0,8,1000,500,70.690995493467625,289.31382915674476,0,0,0,0,136,D_pmar=0.054_dist=500_repair_6_males=6_nmar=1,6,1
0,9,0,0,72.56130282403966,269.2669835093003,18.234651348211823,0,0,0,137,D_pmar=0.054_dist=500_repair_6_males=6_nmar=1,6,1
0,12,0,500,73.48179876046873,268.2771017256925,18.29391091356641,0,0,0,137,D_pmar=0.054_dist=500_repair_6_males=6_nmar=1,6,1
0,9,500,0,71.10065268354323,276.66351949731046,12.240758308414293,0,0,0,137,D_pmar=0.054_dist=500_repair_6_males=6_nmar=1,6,1
0,12,500,500,70.8595720921855,252.81120111639015,36.38653541168018,0,0,0,137,D_pmar=0.054_dist=500_repair_6_males=6_nmar=1,6,1
0,5,1000,0,69.39075577086248,260.40565031113437,30.33032973273319,0,0,0,137,D_pmar=0.054_dist=500_repair_6_males=6_nmar=1,6,1
0.054,7,1000,500,67.04578015616796,288.5577451686057,0,19,1.9000000000000008,2.5912297568739455,137,D_pmar=0.054_dist=500_repair_6_males=6_nmar=1,6,1
0,7,0,0,73.32073215222731,280.9291076617328,6.0218858255945396,0,0,0,138,D_pmar=0.054_dist=500_repair_6_males=6_nmar=1,6,1
0,7,0,500,73.11715103436336,247.06178663279505,39.870938340859496,0,0,0,138,D_pmar=0.054_dist=500_repair_6_males=6_nmar=1,6,1
0,14,500,0,69.53104448106652,278.40503990878557,12.177598278181728,0,0,0,138,D_pmar=0.054_dist=500_repair_6_males=6_nmar=1,6,1
0,9,500,500,73.45781990736917,256.1698514430856,30.561825244787528,0,0,0,138,D_pmar=0.054_dist=500_repair_6_males=6_nmar=1,6,1
0,12,1000,0,70.34431696066044,271.34261501188496,18.414514192202837,0,0,0,138,D_pmar=0.054_dist=500_repair_6_males=6_nmar=1,6,1
0.054,5,1000,500,72.96074840153585,282.6538280626975,0,18,1.8000000000000005,2.678205666894333,138,D_pmar=0.054_dist=500_repair_6_males=6_nmar=1,6,1
0.054,5,0,0,73.20335218639472,283.098156947955,0,16,1.6000000000000003,2.1282667939109787,139,D_pmar=0.054_dist=500_repair_6_males=6_nmar=1,6,1
0,13,0,500,70.9504782064819,270.77405612391027,18.51524397356094,0,0,0,139,D_pmar=0.054_dist=500_repair_6_males=6_nmar=1,6,1
0,7,500,0,71.43196138736934,270.31455868850156,18.31591184543602,0,0,0,139,D_pmar=0.054_dist=500_repair_6_males=6_nmar=1,6,1
0,8,500,500,70.04708395530216,271.65979233774135,18.30943364390303,0,0,0,139,D_pmar=0.054_dist=500_repair_6_males=6_nmar=1,6,1
0,9,1000,0,68.20584845791895,255.2035496525522,36.6716685101694,0,0,0,139,D_pmar=0.054_dist=500_repair_6_males=6_nmar=1,6,1
0,12,1000,500,67.50889780743033,286.47256220373015,6.049602853166724,0,0,0,139,D_pmar=0.054_dist=500_repair_6_males=6_nmar=1,6,1
0,12,0,0,70.23595003789534,277.70856721359013,12.1975774854382,0,0,0,13,D_pmar=0.054_dist=500_repair_6_males=6_nmar=1,6,1
0,10,0,500,69.19566532838816,272.4427615700016,18.44373622264933,0,0,0,13,D_pmar=0.054_dist=500_repair_6_males=6_nmar=1,6,1
0,11,500,0,71.39196835299745,276.34960499268675,12.30545567606436,0,0,0,13,D_pmar=0.054_dist=500_repair_6_males=6_nmar=1,6,1
0,9,500,500,69.36205850906406,266.2322947225321,24.49606246246977,0,0,0,13,D_pmar=0.054_dist=500_repair_6_males=6_nmar=1,6,1
0,3,1000,0,69.53872433539559,267.37103404557126,23.12841266196249,0,0,0,13,D_pmar=0.054_dist=500_repair_6_males=6_nmar=1,6,1
0.054,9,1000,500,72.83116743293458,283.6462703369856,0,15,1.5000000000000002,2.0436173899875434,13,D_pmar=0.054_dist=500_repair_6_males=6_nmar=1,6,1
0.054,11,0,0,70.73759110770395,285.4141473225795,0,15,1.5000000000000002,2.465900739226419,140,D_pmar=0.054_dist=500_repair_6_males=6_nmar=1,6,1
0,9,0,500,66.81515669967266,268.88604467873546,24.499371335325545,0,0,0,140,D_pmar=0.054_dist=500_repair_6_males=6_nmar=1,6,1
0,8,500,0,70.53122444999124,271.2215847574182,18.38729649716974,0,0,0,140,D_pmar=0.054_dist=500_repair_6_males=6_nmar=1,6,1
0,10,500,500,73.0976288109405,280.8172054773085,6.257075201297287,0,0,0,140,D_pmar=0.054_dist=500_repair_6_males=6_nmar=1,6,1
0,9,1000,0,67.90203268182536,261.68853842888365,30.45946618972169,0,0,0,140,D_pmar=0.054_dist=500_repair_6_males=6_nmar=1,6,1
0,7,1000,500,69.93210845730775,277.91937542075175,12.22827017132843,0,0,0,140,D_pmar=0.054_dist=500_repair_6_males=6_nmar=1,6,1
0,8,0,0,73.89745217811604,273.93779301935433,12.275045504455004,0,0,0,141,D_pmar=0.054_dist=500_repair_6_males=6_nmar=1,6,1
0,10,0,500,69.1844674476558,251.50969878191628,39.33556002351994,0,0,0,141,D_pmar=0.054_dist=500_repair_6_males=6_nmar=1,6,1
0,10,500,0,72.86723809323603,260.1342459062555,27.03169624967663,0,0,0,141,D_pmar=0.054_dist=500_repair_6_males=6_nmar=1,6,1
0.054,8,500,500,70.0280369065255,285.96077639144653,0,17,1.7000000000000004,2.3230402560029497,141,D_pmar=0.054_dist=500_repair_6_males=6_nmar=1,6,1
0,6,1000,0,72.90347485388277,281.1633924483299,6.068333145594869,0,0,0,141,D_pmar=0.054_dist=500_repair_6_males=6_nmar=1,6,1
0,12,1000,500,67.54941760978484,280.5627954714623,12.161849684968582,0,0,0,141,D_pmar=0.054_dist=500_repair_6_males=6_nmar=1,6,1
0,7,0,0,68.16614511690443,273.8285526933707,18.173123216684075,0,0,0,142,D_pmar=0.054_dist=500_repair_6_males=6_nmar=1,6,1
0,8,0,500,71.90365505813656,268.6113434930885,19.48732098171867,0,0,0,142,D_pmar=0.054_dist=500_repair_6_males=6_nmar=1,6,1
0.054,14,500,0,67.72477834762985,287.6880864290815,0,20,2.0000000000000004,2.6487594183146532,142,D_pmar=0.054_dist=500_repair_6_males=6_nmar=1,6,1
0,8,500,500,70.68124588887814,270.9341629014061,18.434607318785584,0,0,0,142,D_pmar=0.054_dist=500_repair_6_males=6_nmar=1,6,1
0,7,1000,0,72.53308512335838,256.8705518340485,30.623007600288084,0,0,0,142,D_pmar=0.054_dist=500_repair_6_males=6_nmar=1,6,1
0,10,1000,500,71.77295216868016,257.915570116561,30.466202409273425,0,0,0,142,D_pmar=0.054_dist=500_repair_6_males=6_nmar=1,6,1
0,13,0,0,71.56721362000366,288.46609094278097,0,0,0,0,143,D_pmar=0.054_dist=500_repair_6_males=6_nmar=1,6,1
0,10,0,500,69.7012946485928,259.838165696762,30.628703124605767,0,0,0,143,D_pmar=0.054_dist=500_repair_6_males=6_nmar=1,6,1
0,6,500,0,71.33642173107478,270.64444450763983,18.065071852619155,0,0,0,143,D_pmar=0.054_dist=500_repair_6_males=6_nmar=1,6,1
0,5,500,500,75.46595917858541,241.56453647243953,43.03542266999724,0,0,0,143,D_pmar=0.054_dist=500_repair_6_males=6_nmar=1,6,1
0,12,1000,0,71.51028730363643,263.8041593549961,24.889569387630072,0,0,0,143,D_pmar=0.054_dist=500_repair_6_males=6_nmar=1,6,1
0.054,8,1000,500,74.36784792836336,281.511377421001,0,19,1.9000000000000008,2.421249531167749,143,D_pmar=0.054_dist=500_repair_6_males=6_nmar=1,6,1
0,7,0,0,71.43004193363302,245.47573286085375,43.09636840703262,0,0,0,144,D_pmar=0.054_dist=500_repair_6_males=6_nmar=1,6,1
0,11,0,500,69.74258829028446,265.6644771787314,24.618235490256865,0,0,0,144,D_pmar=0.054_dist=500_repair_6_males=6_nmar=1,6,1
0,11,500,0,69.24134656867528,272.4532453788313,18.36413428316589,0,0,0,144,D_pmar=0.054_dist=500_repair_6_males=6_nmar=1,6,1
0,7,500,500,71.17392836418767,258.2546924418333,30.759992904090712,0,0,0,144,D_pmar=0.054_dist=500_repair_6_males=6_nmar=1,6,1
0.054,8,1000,0,72.40486155739679,282.68410936941325,0,22,2.2000000000000006,2.8012081784449068,144,D_pmar=0.054_dist=500_repair_6_males=6_nmar=1,6,1
0,10,1000,500,72.6731389160611,269.2356650268191,18.20887776225358,0,0,0,144,D_pmar=0.054_dist=500_repair_6_males=6_nmar=1,6,1
0,5,0,0,69.06627708536574,266.6163617644927,24.411847646173108,0,0,0,145,D_pmar=0.054_dist=500_repair_6_males=6_nmar=1,6,1
0.054,9,0,500,67.50578030794482,288.902162168927,0,15,1.5000000000000002,2.1825062788764336,145,D_pmar=0.054_dist=500_repair_6_males=6_nmar=1,6,1
0,7,500,0,76.80263087810305,264.9863418691883,18.244079483415863,0,0,0,145,D_pmar=0.054_dist=500_repair_6_males=6_nmar=1,6,1
0,12,500,500,72.07732763814239,257.4642610717632,30.5281533320439,0,0,0,145,D_pmar=0.054_dist=500_repair_6_males=6_nmar=1,6,1
0,9,1000,0,71.71695581111273,282.33901609101326,6.1114804909233476,0,0,0,145,D_pmar=0.054_dist=500_repair_6_males=6_nmar=1,6,1
0,12,1000,500,65.39583827603586,282.4534886943278,12.221599683004335,0,0,0,145,D_pmar=0.054_dist=500_repair_6_males=6_nmar=1,6,1
0.054,6,0,0,68.27297695389221,287.98525155119364,0,15,1.5000000000000002,2.290303830948017,146,D_pmar=0.054_dist=500_repair_6_males=6_nmar=1,6,1
0,8,0,500,72.93755803567784,275.20278730624807,12.032095802448657,0,0,0,146,D_pmar=0.054_dist=500_repair_6_males=6_nmar=1,6,1
0,9,500,0,69.67580437097565,259.91086006655866,30.562404266443284,0,0,0,146,D_pmar=0.054_dist=500_repair_6_males=6_nmar=1,6,1
0,10,500,500,71.98197264177033,275.87435715897703,12.259543857534906,0,0,0,146,D_pmar=0.054_dist=500_repair_6_males=6_nmar=1,6,1
0,11,1000,0,72.29492757792708,257.4816050285084,30.295842690768847,0,0,0,146,D_pmar=0.054_dist=500_repair_6_males=6_nmar=1,6,1
0,10,1000,500,71.29076627009003,282.73853769173166,6.0295236175729645,0,0,0,146,D_pmar=0.054_dist=500_repair_6_males=6_nmar=1,6,1
0,18,0,0,71.53303461277771,263.99533839501953,24.563523259432955,0,0,0,147,D_pmar=0.054_dist=500_repair_6_males=6_nmar=1,6,1
0,9,0,500,71.98066681403608,270.0038894764266,18.239295491468297,0,0,0,147,D_pmar=0.054_dist=500_repair_6_males=6_nmar=1,6,1
0,7,500,0,68.60230351450184,273.1826441464817,18.359042892471805,0,0,0,147,D_pmar=0.054_dist=500_repair_6_males=6_nmar=1,6,1
0,8,500,500,71.70823863239222,276.2807341199291,12.155076766079333,0,0,0,147,D_pmar=0.054_dist=500_repair_6_males=6_nmar=1,6,1
0.054,5,1000,0,71.73167581637776,284.59700311195445,0,20,2.0000000000000004,2.0842970037116344,147,D_pmar=0.054_dist=500_repair_6_males=6_nmar=1,6,1
0,7,1000,500,71.8176705902031,239.90136007570024,48.30386268079485,0,0,0,147,D_pmar=0.054_dist=500_repair_6_males=6_nmar=1,6,1
0,15,0,0,71.79411472942162,257.8640657968983,30.657422253561656,0,0,0,148,D_pmar=0.054_dist=500_repair_6_males=6_nmar=1,6,1
0,4,0,500,72.88147637254056,262.70498055044123,24.587793750496544,0,0,0,148,D_pmar=0.054_dist=500_repair_6_males=6_nmar=1,6,1
0,6,500,0,71.27359843261469,258.5738599394831,30.200270537266032,0,0,0,148,D_pmar=0.054_dist=500_repair_6_males=6_nmar=1,6,1
0,13,500,500,70.10716020575286,290.0188307552193,0,0,0,0,148,D_pmar=0.054_dist=500_repair_6_males=6_nmar=1,6,1
0.054,10,1000,0,66.2049885582737,289.6865017472736,0,19,1.9000000000000008,2.3716630583961993,148,D_pmar=0.054_dist=500_repair_6_males=6_nmar=1,6,1
0,6,1000,500,71.61768442424362,257.5542352258455,30.89210686216191,0,0,0,148,D_pmar=0.054_dist=500_repair_6_males=6_nmar=1,6,1
0,9,0,0,72.8837198045786,281.22957452376727,6.18169071864918,0,0,0,149,D_pmar=0.054_dist=500_repair_6_males=6_nmar=1,6,1
0,8,0,500,73.56845510733928,261.9468327597222,24.50270144809751,0,0,0,149,D_pmar=0.054_dist=500_repair_6_males=6_nmar=1,6,1
0,8,500,0,67.36018613609804,274.26880646862605,18.37410366146775,0,0,0,149,D_pmar=0.054_dist=500_repair_6_males=6_nmar=1,6,1
0,15,500,500,72.98073148376864,280.98853116724956,6.120547792135723,0,0,0,149,D_pmar=0.054_dist=500_repair_6_males=6_nmar=1,6,1
0,7,1000,0,71.10797933427078,276.8910389666364,12.040967499676434,0,0,0,149,D_pmar=0.054_dist=500_repair_6_males=6_nmar=1,6,1
0.054,7,1000,500,72.54301088901389,284.2791061515275,0,11,1.1,2.4139877603579163,149,D_pmar=0.054_dist=500_repair_6_males=6_nmar=1,6,1
0.054,10,0,0,69.44988806539824,286.251320205737,0,19,1.9000000000000008,2.539316778005443,14,D_pmar=0.054_dist=500_repair_6_males=6_nmar=1,6,1
0,10,0,500,66.40062016875392,269.2674669097412,24.51244325499587,0,0,0,14,D_pmar=0.054_dist=500_repair_6_males=6_nmar=1,6,1
0,11,500,0,72.94888408517771,250.57684881185295,36.65492969682981,0,0,0,14,D_pmar=0.054_dist=500_repair_6_males=6_nmar=1,6,1
0,9,500,500,69.54861907332288,278.37939101674067,12.19837754351046,0,0,0,14,D_pmar=0.054_dist=500_repair_6_males=6_nmar=1,6,1
0,7,1000,0,72.05173459568832,251.59188274962884,36.47095274753699,0,0,0,14,D_pmar=0.054_dist=500_repair_6_males=6_nmar=1,6,1
0,7,1000,500,71.2835994760124,282.6447573850466,6.1855071959450365,0,0,0,14,D_pmar=0.054_dist=500_repair_6_males=6_nmar=1,6,1
0,10,0,0,68.55810654693632,267.3487657356218,24.25243400391974,0,0,0,150,D_pmar=0.054_dist=500_repair_6_males=6_nmar=1,6,1
0,8,0,500,69.39991628851597,278.5001654460406,12.139136449485648,0,0,0,150,D_pmar=0.054_dist=500_repair_6_males=6_nmar=1,6,1
0.054,8,500,0,69.43458293207397,286.5662678397821,0,17,1.7000000000000004,2.3213951677653233,150,D_pmar=0.054_dist=500_repair_6_males=6_nmar=1,6,1
0,10,500,500,73.0363623157755,268.55037928278364,18.462228925325956,0,0,0,150,D_pmar=0.054_dist=500_repair_6_males=6_nmar=1,6,1
0,10,1000,0,76.07702197645835,247.19085696399793,36.85351070459998,0,0,0,150,D_pmar=0.054_dist=500_repair_6_males=6_nmar=1,6,1
0,8,1000,500,66.50119488929298,281.52712131111247,12.135027663075592,0,0,0,150,D_pmar=0.054_dist=500_repair_6_males=6_nmar=1,6,1
0,17,0,0,69.21823355530206,254.1996168609479,36.68246416828338,0,0,0,151,D_pmar=0.054_dist=500_repair_6_males=6_nmar=1,6,1
0,9,0,500,72.69100246515521,275.1244922765063,12.30114539357572,0,0,0,151,D_pmar=0.054_dist=500_repair_6_males=6_nmar=1,6,1
0,9,500,0,70.64581610188662,264.69318524993037,24.786787380535753,0,0,0,151,D_pmar=0.054_dist=500_repair_6_males=6_nmar=1,6,1
0,8,500,500,69.7441269462133,265.75279934689854,24.54923883438025,0,0,0,151,D_pmar=0.054_dist=500_repair_6_males=6_nmar=1,6,1
0.054,3,1000,0,71.3118100930463,284.5815593142728,0,18,1.8000000000000005,2.3094803847615863,151,D_pmar=0.054_dist=500_repair_6_males=6_nmar=1,6,1
0,8,1000,500,69.54987928880722,278.2013797298864,12.4368347131698,0,0,0,151,D_pmar=0.054_dist=500_repair_6_males=6_nmar=1,6,1
0,7,0,0,73.9888172559913,261.46315302091455,24.640544873662837,0,0,0,152,D_pmar=0.054_dist=500_repair_6_males=6_nmar=1,6,1
0,6,0,500,70.88040110978667,258.88140852396253,30.317764197717658,0,0,0,152,D_pmar=0.054_dist=500_repair_6_males=6_nmar=1,6,1
0,14,500,0,72.16794697960745,281.91220799663824,6.034481011467873,0,0,0,152,D_pmar=0.054_dist=500_repair_6_males=6_nmar=1,6,1
0.054,9,500,500,67.44690081675793,288.2604159758795,0,19,1.9000000000000008,2.465900739226419,152,D_pmar=0.054_dist=500_repair_6_males=6_nmar=1,6,1
0,8,1000,0,70.55582460603479,264.936987270552,24.52865042100569,0,0,0,152,D_pmar=0.054_dist=500_repair_6_males=6_nmar=1,6,1
0,10,1000,500,74.22743964214764,255.4529619657255,30.45823487210001,0,0,0,152,D_pmar=0.054_dist=500_repair_6_males=6_nmar=1,6,1
0,11,0,0,68.26229228066664,273.4976084065957,18.307694803033858,0,0,0,153,D_pmar=0.054_dist=500_repair_6_males=6_nmar=1,6,1
0,4,0,500,75.8115394283641,265.7902208857584,18.445263882880027,0,0,0,153,D_pmar=0.054_dist=500_repair_6_males=6_nmar=1,6,1
0,3,500,0,72.26979803189083,244.97363753174625,42.854558312362855,0,0,0,153,D_pmar=0.054_dist=500_repair_6_males=6_nmar=1,6,1
0,11,500,500,69.9876158940113,271.80326245492836,18.31346232297907,0,0,0,153,D_pmar=0.054_dist=500_repair_6_males=6_nmar=1,6,1
0.054,15,1000,0,67.46785606768864,287.9302646069172,0,19,1.9000000000000008,2.8147680496862706,153,D_pmar=0.054_dist=500_repair_6_males=6_nmar=1,6,1
0,10,1000,500,71.56387197466003,270.2921791693233,18.288540366278244,0,0,0,153,D_pmar=0.054_dist=500_repair_6_males=6_nmar=1,6,1
0,6,0,0,71.08239258071058,264.47836115513667,24.47301827537512,0,0,0,154,D_pmar=0.054_dist=500_repair_6_males=6_nmar=1,6,1
0,5,0,500,70.89469633532424,258.7452530285454,30.54413758997088,0,0,0,154,D_pmar=0.054_dist=500_repair_6_males=6_nmar=1,6,1
0.054,9,500,0,73.39205437371342,282.4375459271759,0,19,1.9000000000000008,2.4890488873745675,154,D_pmar=0.054_dist=500_repair_6_males=6_nmar=1,6,1
0,10,500,500,65.45713492303106,276.2964717864724,18.44594620602775,0,0,0,154,D_pmar=0.054_dist=500_repair_6_males=6_nmar=1,6,1
0,13,1000,0,69.91567057587419,259.77507519840884,30.43746675712584,0,0,0,154,D_pmar=0.054_dist=500_repair_6_males=6_nmar=1,6,1
0,11,1000,500,69.40587817032646,278.444749916955,12.186000506733688,0,0,0,154,D_pmar=0.054_dist=500_repair_6_males=6_nmar=1,6,1
0,11,0,0,68.3815759314401,259.94485613298167,31.751285493580177,0,0,0,155,D_pmar=0.054_dist=500_repair_6_males=6_nmar=1,6,1
0,8,0,500,72.851704398277,268.6217299136965,18.569625224604764,0,0,0,155,D_pmar=0.054_dist=500_repair_6_males=6_nmar=1,6,1
0.054,8,500,0,70.00329429777912,284.56846150521363,0,25,2.500000000000001,2.9847482753924672,155,D_pmar=0.054_dist=500_repair_6_males=6_nmar=1,6,1
0,8,500,500,69.49056575260123,235.4357868402408,55.18257521082065,0,0,0,155,D_pmar=0.054_dist=500_repair_6_males=6_nmar=1,6,1
0,11,1000,0,71.44345035065568,258.3728111657342,30.446291464322037,0,0,0,155,D_pmar=0.054_dist=500_repair_6_males=6_nmar=1,6,1
0,8,1000,500,68.99178816888038,278.780523616033,12.318198254829856,0,0,0,155,D_pmar=0.054_dist=500_repair_6_males=6_nmar=1,6,1
0,7,0,0,72.0383688717866,288.02601321117965,0,0,0,0,156,D_pmar=0.054_dist=500_repair_6_males=6_nmar=1,6,1
0,5,0,500,72.27260791646994,245.2896456403427,42.45825178560609,0,0,0,156,D_pmar=0.054_dist=500_repair_6_males=6_nmar=1,6,1
0,7,500,0,64.42625471834747,289.64535595290846,6.027410137072367,0,0,0,156,D_pmar=0.054_dist=500_repair_6_males=6_nmar=1,6,1
0,7,500,500,68.91137497590947,251.90379251022577,39.240775436772054,0,0,0,156,D_pmar=0.054_dist=500_repair_6_males=6_nmar=1,6,1
0,12,1000,0,74.9083060275762,230.33762836682232,55.00912457629386,0,0,0,156,D_pmar=0.054_dist=500_repair_6_males=6_nmar=1,6,1
0.054,16,1000,500,71.89210243149267,282.9220370243608,0,24,2.400000000000001,2.8769507233208835,156,D_pmar=0.054_dist=500_repair_6_males=6_nmar=1,6,1
0,12,0,0,70.29549925393474,273.37439079978446,16.45537976316025,0,0,0,157,D_pmar=0.054_dist=500_repair_6_males=6_nmar=1,6,1
0,9,0,500,71.43618714933463,288.61388281729916,0,0,0,0,157,D_pmar=0.054_dist=500_repair_6_males=6_nmar=1,6,1
0.054,7,500,0,71.96098350009083,284.53978441234545,0,13,1.3,2.2655105945622425,157,D_pmar=0.054_dist=500_repair_6_males=6_nmar=1,6,1
0,6,500,500,69.0035993251076,260.3378360711854,30.918825377003355,0,0,0,157,D_pmar=0.054_dist=500_repair_6_males=6_nmar=1,6,1
0,8,1000,0,72.02275300879762,263.6450259083319,24.3944961569758,0,0,0,157,D_pmar=0.054_dist=500_repair_6_males=6_nmar=1,6,1
0,12,1000,500,72.9948462448305,281.0545101891043,6.187375568139926,0,0,0,157,D_pmar=0.054_dist=500_repair_6_males=6_nmar=1,6,1
0,11,0,0,70.63325113527394,253.13306273967063,36.30095552541908,0,0,0,158,D_pmar=0.054_dist=500_repair_6_males=6_nmar=1,6,1
0.054,4,0,500,72.84129777352297,283.15488562149,0,16,1.6000000000000003,2.5528766492468065,158,D_pmar=0.054_dist=500_repair_6_males=6_nmar=1,6,1
0,14,500,0,70.97573737595985,289.1523323011632,0,0,0,0,158,D_pmar=0.054_dist=500_repair_6_males=6_nmar=1,6,1
0,6,500,500,69.05467492987773,260.5630871606513,30.59683992504535,0,0,0,158,D_pmar=0.054_dist=500_repair_6_males=6_nmar=1,6,1
0,11,1000,0,68.16613878484992,285.7899115196961,6.158424788063988,0,0,0,158,D_pmar=0.054_dist=500_repair_6_males=6_nmar=1,6,1
0,8,1000,500,72.07701865707529,263.67767534414185,24.26059264633672,0,0,0,158,D_pmar=0.054_dist=500_repair_6_males=6_nmar=1,6,1
0,11,0,0,74.6051361122196,279.2642899832017,6.1531675472721306,0,0,0,159,D_pmar=0.054_dist=500_repair_6_males=6_nmar=1,6,1
0,5,0,500,69.65211947711873,278.0116502517508,12.422605240094372,0,0,0,159,D_pmar=0.054_dist=500_repair_6_males=6_nmar=1,6,1
0,12,500,0,71.4475364069538,270.37430697485024,18.21531849618625,0,0,0,159,D_pmar=0.054_dist=500_repair_6_males=6_nmar=1,6,1
0,8,500,500,66.11710015732073,294.04732198638226,0,0,0,0,159,D_pmar=0.054_dist=500_repair_6_males=6_nmar=1,6,1
0.054,9,1000,0,68.3852740359017,287.6969091212226,0,12,1.2,2.761209982580142,159,D_pmar=0.054_dist=500_repair_6_males=6_nmar=1,6,1
0,9,1000,500,69.10214396590183,254.27512198617185,36.63182428042279,0,0,0,159,D_pmar=0.054_dist=500_repair_6_males=6_nmar=1,6,1
0,11,0,0,73.524219096797,274.5545077472728,12.096669149467347,0,0,0,15,D_pmar=0.054_dist=500_repair_6_males=6_nmar=1,6,1
0,7,0,500,70.05267515931034,247.3971675786934,42.80246714060163,0,0,0,15,D_pmar=0.054_dist=500_repair_6_males=6_nmar=1,6,1
0,14,500,0,71.18898893969262,258.34835599895615,30.593217471729915,0,0,0,15,D_pmar=0.054_dist=500_repair_6_males=6_nmar=1,6,1
0.054,10,500,500,72.4183242492071,282.9729313070147,0,23,2.3000000000000007,2.441107502840644,15,D_pmar=0.054_dist=500_repair_6_males=6_nmar=1,6,1
0,4,1000,0,70.74410017869417,276.9099583597262,12.367228043582076,0,0,0,15,D_pmar=0.054_dist=500_repair_6_males=6_nmar=1,6,1
0,8,1000,500,73.21510700093297,244.42869943275176,42.3720048164092,0,0,0,15,D_pmar=0.054_dist=500_repair_6_males=6_nmar=1,6,1
0,7,0,0,69.97588638943617,271.9399335228804,18.151612597686977,0,0,0,160,D_pmar=0.054_dist=500_repair_6_males=6_nmar=1,6,1
0,7,0,500,67.20774111417832,274.7209357803575,18.115564825806,0,0,0,160,D_pmar=0.054_dist=500_repair_6_males=6_nmar=1,6,1
0,15,500,0,67.07317317073513,280.79382641360405,12.284421678294564,0,0,0,160,D_pmar=0.054_dist=500_repair_6_males=6_nmar=1,6,1
0.054,10,500,500,70.79049556989764,285.54587900277636,0,13,1.3,2.375634652730778,160,D_pmar=0.054_dist=500_repair_6_males=6_nmar=1,6,1
0,12,1000,0,65.52679785769404,282.54775653512456,12.056077727852838,0,0,0,160,D_pmar=0.054_dist=500_repair_6_males=6_nmar=1,6,1
0,3,1000,500,68.9533290229936,272.8057290292101,18.45245477115433,0,0,0,160,D_pmar=0.054_dist=500_repair_6_males=6_nmar=1,6,1
0,7,0,0,75.49541888327913,247.5364881302823,36.97257247988652,0,0,0,161,D_pmar=0.054_dist=500_repair_6_males=6_nmar=1,6,1
0,9,0,500,72.36989472648459,287.755130491341,0,0,0,0,161,D_pmar=0.054_dist=500_repair_6_males=6_nmar=1,6,1
0,11,500,0,70.14255188843343,259.3823199959242,30.606307438000115,0,0,0,161,D_pmar=0.054_dist=500_repair_6_males=6_nmar=1,6,1
0,8,500,500,69.31184747367953,291.0344502687871,0,0,0,0,161,D_pmar=0.054_dist=500_repair_6_males=6_nmar=1,6,1
0.054,8,1000,0,69.87320277976397,286.0308721971715,0,16,1.6000000000000003,2.5257569067640793,161,D_pmar=0.054_dist=500_repair_6_males=6_nmar=1,6,1
0,11,1000,500,68.7624989953112,260.31490112524267,31.03239527771456,0,0,0,161,D_pmar=0.054_dist=500_repair_6_males=6_nmar=1,6,1
0.054,18,0,0,72.40156287369713,284.24211802678525,0,13,1.3,2.3230402560029497,162,D_pmar=0.054_dist=500_repair_6_males=6_nmar=1,6,1
0,6,0,500,72.4711281911876,262.9467189286072,24.659668063371544,0,0,0,162,D_pmar=0.054_dist=500_repair_6_males=6_nmar=1,6,1
0,6,500,0,71.21626479743148,276.67995141391367,12.110374827856807,0,0,0,162,D_pmar=0.054_dist=500_repair_6_males=6_nmar=1,6,1
0,7,500,500,74.70876524786316,279.2465159288863,6.1894329441392255,0,0,0,162,D_pmar=0.054_dist=500_repair_6_males=6_nmar=1,6,1
0,10,1000,0,69.05917009285203,266.091480591766,24.86698447083847,0,0,0,162,D_pmar=0.054_dist=500_repair_6_males=6_nmar=1,6,1
0,7,1000,500,72.77267630443748,275.1272157705575,12.232285692463847,0,0,0,162,D_pmar=0.054_dist=500_repair_6_males=6_nmar=1,6,1
0,11,0,0,69.1105398513263,266.4332320565202,24.650889930759355,0,0,0,163,D_pmar=0.054_dist=500_repair_6_males=6_nmar=1,6,1
0,9,0,500,71.83018220444126,269.88480539031303,18.416033209114165,0,0,0,163,D_pmar=0.054_dist=500_repair_6_males=6_nmar=1,6,1
0,11,500,0,71.02587460331986,270.8031271059663,18.290184118386858,0,0,0,163,D_pmar=0.054_dist=500_repair_6_males=6_nmar=1,6,1
0,11,500,500,70.31850730198066,283.5448578537314,6.2568891860189675,0,0,0,163,D_pmar=0.054_dist=500_repair_6_males=6_nmar=1,6,1
0.054,4,1000,0,73.34852134911951,283.07907459440986,0,15,1.5000000000000002,2.2135976156937396,163,D_pmar=0.054_dist=500_repair_6_males=6_nmar=1,6,1
0,8,1000,500,71.58816688649793,264.1238696631324,24.41556564972348,0,0,0,163,D_pmar=0.054_dist=500_repair_6_males=6_nmar=1,6,1
0,7,0,0,73.03202403605194,250.61350907881132,36.49939961458084,0,0,0,164,D_pmar=0.054_dist=500_repair_6_males=6_nmar=1,6,1
0,11,0,500,68.43286048504551,291.64590048426646,0,0,0,0,164,D_pmar=0.054_dist=500_repair_6_males=6_nmar=1,6,1
0.054,10,500,0,70.52035925285571,285.6478053866264,0,12,1.2,2.649440836173979,164,D_pmar=0.054_dist=500_repair_6_males=6_nmar=1,6,1
0,10,500,500,70.5923729130775,271.0644854865245,18.354746709045415,0,0,0,164,D_pmar=0.054_dist=500_repair_6_males=6_nmar=1,6,1
0,10,1000,0,71.45263643725664,276.4093209886304,12.252436872604632,0,0,0,164,D_pmar=0.054_dist=500_repair_6_males=6_nmar=1,6,1
0,6,1000,500,70.64868902431783,283.49365790516737,6.031864765439381,0,0,0,164,D_pmar=0.054_dist=500_repair_6_males=6_nmar=1,6,1
0,7,0,0,70.98051227920656,271.7388905045391,17.437453283112916,0,0,0,165,D_pmar=0.054_dist=500_repair_6_males=6_nmar=1,6,1
0,11,0,500,67.57581733014834,292.4364424821221,0,0,0,0,165,D_pmar=0.054_dist=500_repair_6_males=6_nmar=1,6,1
0,9,500,0,69.88683887501242,266.1997777780908,24.243540116023336,0,0,0,165,D_pmar=0.054_dist=500_repair_6_males=6_nmar=1,6,1
0,9,500,500,68.08183508975712,279.85959051660285,12.075192672221265,0,0,0,165,D_pmar=0.054_dist=500_repair_6_males=6_nmar=1,6,1
0.054,6,1000,0,73.14486691002445,283.0492443744335,0,15,1.5000000000000002,2.5680816087257976,165,D_pmar=0.054_dist=500_repair_6_males=6_nmar=1,6,1
0,12,1000,500,69.38691971303805,254.0707614595351,36.56102866675679,0,0,0,165,D_pmar=0.054_dist=500_repair_6_males=6_nmar=1,6,1
0.054,7,0,0,69.62741312433744,286.1583236137027,0,17,1.7000000000000004,2.5472599666746016,166,D_pmar=0.054_dist=500_repair_6_males=6_nmar=1,6,1
0,4,0,500,69.6364147981629,270.4390190007266,19.93488603000982,0,0,0,166,D_pmar=0.054_dist=500_repair_6_males=6_nmar=1,6,1
0,14,500,0,71.80689269201427,263.64471113399674,24.56530215087825,0,0,0,166,D_pmar=0.054_dist=500_repair_6_males=6_nmar=1,6,1
0,14,500,500,69.94737843881217,277.9238759328023,12.129055829562107,0,0,0,166,D_pmar=0.054_dist=500_repair_6_males=6_nmar=1,6,1
0,7,1000,0,68.64431595341105,266.7335443863299,24.70408889372291,0,0,0,166,D_pmar=0.054_dist=500_repair_6_males=6_nmar=1,6,1
0,8,1000,500,72.81846955423892,269.1437183638732,18.20143788017759,0,0,0,166,D_pmar=0.054_dist=500_repair_6_males=6_nmar=1,6,1
0,6,0,0,72.06694589595361,263.7341568495637,24.2705481887099,0,0,0,167,D_pmar=0.054_dist=500_repair_6_males=6_nmar=1,6,1
0.054,8,0,500,67.60674355329117,287.75027572850973,0,21,2.1000000000000005,2.6104063106875146,167,D_pmar=0.054_dist=500_repair_6_males=6_nmar=1,6,1
0,11,500,0,74.2000927932085,273.51068978475587,12.340115431360658,0,0,0,167,D_pmar=0.054_dist=500_repair_6_males=6_nmar=1,6,1
0,9,500,500,70.5532503389778,252.38534334014815,37.0634074473603,0,0,0,167,D_pmar=0.054_dist=500_repair_6_males=6_nmar=1,6,1
0,10,1000,0,69.35497120273486,277.8109984058591,12.955876629741203,0,0,0,167,D_pmar=0.054_dist=500_repair_6_males=6_nmar=1,6,1
0,10,1000,500,69.64848593921644,253.90427496181783,36.518786539571224,0,0,0,167,D_pmar=0.054_dist=500_repair_6_males=6_nmar=1,6,1
0,7,0,0,68.57369393139668,291.54797332271534,0,0,0,0,168,D_pmar=0.054_dist=500_repair_6_males=6_nmar=1,6,1
0,8,0,500,71.38605280525395,270.45173017029936,18.194195044154444,0,0,0,168,D_pmar=0.054_dist=500_repair_6_males=6_nmar=1,6,1
0,12,500,0,72.44626549703749,269.59452201578796,18.21607222458565,0,0,0,168,D_pmar=0.054_dist=500_repair_6_males=6_nmar=1,6,1
0.054,12,500,500,73.63183353209202,283.0191194711417,0,12,1.2,2.1633297250628645,168,D_pmar=0.054_dist=500_repair_6_males=6_nmar=1,6,1
0,11,1000,0,72.74259484148531,281.29495446626726,6.023610690313664,0,0,0,168,D_pmar=0.054_dist=500_repair_6_males=6_nmar=1,6,1
0,4,1000,500,69.69849267797585,260.18534364064107,30.214374513185707,0,0,0,168,D_pmar=0.054_dist=500_repair_6_males=6_nmar=1,6,1
0,7,0,0,68.14611515064362,277.19352481865286,14.711429736976418,0,0,0,169,D_pmar=0.054_dist=500_repair_6_males=6_nmar=1,6,1
0,9,0,500,72.86474224727998,250.91854426771337,36.411390820063374,0,0,0,169,D_pmar=0.054_dist=500_repair_6_males=6_nmar=1,6,1
0,8,500,0,68.71983250919766,279.0917840251513,12.234510195046278,0,0,0,169,D_pmar=0.054_dist=500_repair_6_males=6_nmar=1,6,1
0,7,500,500,71.7927407171286,270.0231842475255,18.22965736024727,0,0,0,169,D_pmar=0.054_dist=500_repair_6_males=6_nmar=1,6,1
0,11,1000,0,67.57910285572339,273.85772971235093,18.60368419140693,0,0,0,169,D_pmar=0.054_dist=500_repair_6_males=6_nmar=1,6,1
0.054,12,1000,500,69.10354118511523,287.0208048199187,0,17,1.7000000000000004,2.388513106112816,169,D_pmar=0.054_dist=500_repair_6_males=6_nmar=1,6,1
0,11,0,0,69.17997947363716,278.9323500249298,12.234349080170682,0,0,0,16,D_pmar=0.054_dist=500_repair_6_males=6_nmar=1,6,1
0,5,0,500,73.98133461741095,267.89907859299433,18.259608907659587,0,0,0,16,D_pmar=0.054_dist=500_repair_6_males=6_nmar=1,6,1
0,10,500,0,69.0588966457159,254.26266307907764,36.72018855255387,0,0,0,16,D_pmar=0.054_dist=500_repair_6_males=6_nmar=1,6,1
0,7,500,500,69.75574081530144,282.243920858125,8.04569466985111,0,0,0,16,D_pmar=0.054_dist=500_repair_6_males=6_nmar=1,6,1
0,9,1000,0,69.65230698376969,259.86182901620015,30.486780231014603,0,0,0,16,D_pmar=0.054_dist=500_repair_6_males=6_nmar=1,6,1
0.054,12,1000,500,70.22433693969407,285.20803504814404,0,18,1.8000000000000005,2.7972365841103284,16,D_pmar=0.054_dist=500_repair_6_males=6_nmar=1,6,1
0.054,12,0,0,73.22672735986174,282.034611696855,0,24,2.400000000000001,2.539316778005443,170,D_pmar=0.054_dist=500_repair_6_males=6_nmar=1,6,1
0,5,0,500,73.91279366812073,249.59805773050869,36.53193167355183,0,0,0,170,D_pmar=0.054_dist=500_repair_6_males=6_nmar=1,6,1
0,9,500,0,71.06849637707997,258.58524623324143,30.44635537319751,0,0,0,170,D_pmar=0.054_dist=500_repair_6_males=6_nmar=1,6,1
0,10,500,500,72.15789665339213,275.80112427863793,12.225949832132864,0,0,0,170,D_pmar=0.054_dist=500_repair_6_males=6_nmar=1,6,1
0,12,1000,0,72.98527033557154,254.99017430543296,32.111557482463986,0,0,0,170,D_pmar=0.054_dist=500_repair_6_males=6_nmar=1,6,1
0,6,1000,500,69.9628451095255,259.7595382293891,30.466309013316952,0,0,0,170,D_pmar=0.054_dist=500_repair_6_males=6_nmar=1,6,1
0,12,0,0,71.86851326264404,259.2519113275961,28.94865421265843,0,0,0,171,D_pmar=0.054_dist=500_repair_6_males=6_nmar=1,6,1
0.054,15,0,500,68.9578657901917,286.5596789197996,0,18,1.8000000000000005,2.7820316246313377,171,D_pmar=0.054_dist=500_repair_6_males=6_nmar=1,6,1
0,8,500,0,71.8208109252236,270.14896448256485,18.279085325398633,0,0,0,171,D_pmar=0.054_dist=500_repair_6_males=6_nmar=1,6,1
0,5,500,500,71.37132509162241,270.3414950663186,18.389873700990744,0,0,0,171,D_pmar=0.054_dist=500_repair_6_males=6_nmar=1,6,1
0,11,1000,0,69.96769739903775,284.2074942241605,6.015363421397662,0,0,0,171,D_pmar=0.054_dist=500_repair_6_males=6_nmar=1,6,1
0,3,1000,500,68.80196604140086,254.76479364776577,36.49025756144166,0,0,0,171,D_pmar=0.054_dist=500_repair_6_males=6_nmar=1,6,1
0,10,0,0,70.01558694364253,283.8961284696757,6.128252158324309,0,0,0,172,D_pmar=0.054_dist=500_repair_6_males=6_nmar=1,6,1
0,11,0,500,69.55954793741951,278.00972559652564,12.509679894074608,0,0,0,172,D_pmar=0.054_dist=500_repair_6_males=6_nmar=1,6,1
0.054,11,500,0,69.52009756161478,286.15293327599164,0,20,2.0000000000000004,2.408371077785711,172,D_pmar=0.054_dist=500_repair_6_males=6_nmar=1,6,1
0,7,500,500,70.11236908232557,235.19193298350828,54.942110261253816,0,0,0,172,D_pmar=0.054_dist=500_repair_6_males=6_nmar=1,6,1
0,12,1000,0,70.57562466898769,259.05783655739356,30.464597602759177,0,0,0,172,D_pmar=0.054_dist=500_repair_6_males=6_nmar=1,6,1
0,3,1000,500,73.33614058907347,268.5881118458645,18.15562178241574,0,0,0,172,D_pmar=0.054_dist=500_repair_6_males=6_nmar=1,6,1
0,8,0,0,68.49745557353556,291.6224618144636,0,0,0,0,173,D_pmar=0.054_dist=500_repair_6_males=6_nmar=1,6,1
0,11,0,500,72.82782297917714,238.6903203933807,48.59284621149581,0,0,0,173,D_pmar=0.054_dist=500_repair_6_males=6_nmar=1,6,1
0,7,500,0,70.36615409234085,259.2857386978578,30.66668816418939,0,0,0,173,D_pmar=0.054_dist=500_repair_6_males=6_nmar=1,6,1
0.054,8,500,500,75.00862031707346,280.9888956818984,0,16,1.6000000000000003,2.410016166023338,173,D_pmar=0.054_dist=500_repair_6_males=6_nmar=1,6,1
0,14,1000,0,66.96560710449673,287.01957825384477,6.113822404874189,0,0,0,173,D_pmar=0.054_dist=500_repair_6_males=6_nmar=1,6,1
0,6,1000,500,71.84829859575865,276.09132348313284,12.116163113809366,0,0,0,173,D_pmar=0.054_dist=500_repair_6_males=6_nmar=1,6,1
0,11,0,0,67.70131106828376,286.3271221103819,6.088514124413493,0,0,0,174,D_pmar=0.054_dist=500_repair_6_males=6_nmar=1,6,1
0,8,0,500,71.16994219493031,270.73058716727417,18.317319534874844,0,0,0,174,D_pmar=0.054_dist=500_repair_6_males=6_nmar=1,6,1
0,10,500,0,72.57310163119834,269.2694790912691,18.19983627806489,0,0,0,174,D_pmar=0.054_dist=500_repair_6_males=6_nmar=1,6,1
0,10,500,500,70.3278596361216,254.62013460918777,35.1372187597646,0,0,0,174,D_pmar=0.054_dist=500_repair_6_males=6_nmar=1,6,1
0,8,1000,0,71.26549030787426,282.8036894631511,6.043243360967295,0,0,0,174,D_pmar=0.054_dist=500_repair_6_males=6_nmar=1,6,1
0.054,7,1000,500,71.01018272719325,285.48473793389667,0,14,1.4,2.13456489434251,174,D_pmar=0.054_dist=500_repair_6_males=6_nmar=1,6,1
0,9,0,0,69.74983585755103,266.04466596095244,24.363363180798327,0,0,0,175,D_pmar=0.054_dist=500_repair_6_males=6_nmar=1,6,1
0,11,0,500,69.77355174059697,290.4240384809183,0,0,0,0,175,D_pmar=0.054_dist=500_repair_6_males=6_nmar=1,6,1
0,12,500,0,69.82293940275804,259.71819789844255,30.53496377689432,0,0,0,175,D_pmar=0.054_dist=500_repair_6_males=6_nmar=1,6,1
0,10,500,500,74.42748354379792,273.50133813939595,12.12614332793876,0,0,0,175,D_pmar=0.054_dist=500_repair_6_males=6_nmar=1,6,1
0.054,6,1000,0,71.60086232411793,284.3906887014449,0,15,1.5000000000000002,2.5409618662430704,175,D_pmar=0.054_dist=500_repair_6_males=6_nmar=1,6,1
0,6,1000,500,72.16685820216378,263.65679088915016,24.34441202854003,0,0,0,175,D_pmar=0.054_dist=500_repair_6_males=6_nmar=1,6,1
0,16,0,0,68.42696776900316,242.92487738775657,48.64918250920585,0,0,0,176,D_pmar=0.054_dist=500_repair_6_males=6_nmar=1,6,1
0,7,0,500,69.51467488146376,284.43568402016416,6.183358768634561,0,0,0,176,D_pmar=0.054_dist=500_repair_6_males=6_nmar=1,6,1
0.054,8,500,0,74.61397799570234,280.4962838353517,0,24,2.400000000000001,2.494665569946773,176,D_pmar=0.054_dist=500_repair_6_males=6_nmar=1,6,1
0,11,500,500,71.51859102172051,251.8240759494157,36.77864038335201,0,0,0,176,D_pmar=0.054_dist=500_repair_6_males=6_nmar=1,6,1
0,5,1000,0,70.48496824382619,253.1488719485368,36.463358453284805,0,0,0,176,D_pmar=0.054_dist=500_repair_6_males=6_nmar=1,6,1
0,7,1000,500,74.32099261976185,267.38866389045245,18.49887031971048,0,0,0,176,D_pmar=0.054_dist=500_repair_6_males=6_nmar=1,6,1
0,10,0,0,70.51318615175688,277.51391629860257,12.112285592827618,0,0,0,177,D_pmar=0.054_dist=500_repair_6_males=6_nmar=1,6,1
0,6,0,500,72.07798026809533,251.51420731317967,36.48644203384146,0,0,0,177,D_pmar=0.054_dist=500_repair_6_males=6_nmar=1,6,1
0,12,500,0,74.2700382445498,261.5885280550503,24.310298620857477,0,0,0,177,D_pmar=0.054_dist=500_repair_6_males=6_nmar=1,6,1
0.054,13,500,500,68.5664264268302,287.50557035941307,0,17,1.7000000000000004,2.2344192577449355,177,D_pmar=0.054_dist=500_repair_6_males=6_nmar=1,6,1
0,7,1000,0,69.35292733219063,278.5192100962322,12.267793362138166,0,0,0,177,D_pmar=0.054_dist=500_repair_6_males=6_nmar=1,6,1
0,6,1000,500,70.65512481529387,271.2376074598537,18.297037513147153,0,0,0,177,D_pmar=0.054_dist=500_repair_6_males=6_nmar=1,6,1
0,11,0,0,69.49032439274578,290.63252215014376,0,0,0,0,178,D_pmar=0.054_dist=500_repair_6_males=6_nmar=1,6,1
0.054,9,0,500,68.48331817911499,287.7342788184463,0,15,1.5000000000000002,2.6279377762634573,178,D_pmar=0.054_dist=500_repair_6_males=6_nmar=1,6,1
0,13,500,0,71.9300276021198,277.34418469199835,10.881721537396444,0,0,0,178,D_pmar=0.054_dist=500_repair_6_males=6_nmar=1,6,1
0,7,500,500,68.80573676271281,253.04458742303757,38.19793153326705,0,0,0,178,D_pmar=0.054_dist=500_repair_6_males=6_nmar=1,6,1
0,5,1000,0,71.31741432920956,282.5778199661151,6.124023246732325,0,0,0,178,D_pmar=0.054_dist=500_repair_6_males=6_nmar=1,6,1
0,9,1000,500,68.76397043004938,260.7246754916323,30.589300544258368,0,0,0,178,D_pmar=0.054_dist=500_repair_6_males=6_nmar=1,6,1
0,4,0,0,69.4712254293776,259.93525193156603,30.726442162115173,0,0,0,179,D_pmar=0.054_dist=500_repair_6_males=6_nmar=1,6,1
0,10,0,500,69.06358284263743,278.8721110991982,12.112213563337193,0,0,0,179,D_pmar=0.054_dist=500_repair_6_males=6_nmar=1,6,1
0.054,8,500,0,74.17017847688372,281.47246878869,0,20,2.0000000000000004,2.404399483451132,179,D_pmar=0.054_dist=500_repair_6_males=6_nmar=1,6,1
0,10,500,500,70.54598528221157,253.0772285825768,36.44619751362297,0,0,0,179,D_pmar=0.054_dist=500_repair_6_males=6_nmar=1,6,1
0,12,1000,0,73.95008138177275,261.5050767114853,24.688096510819165,0,0,0,179,D_pmar=0.054_dist=500_repair_6_males=6_nmar=1,6,1
0,10,1000,500,72.17848113603958,269.7974671099542,18.146225748947913,0,0,0,179,D_pmar=0.054_dist=500_repair_6_males=6_nmar=1,6,1
0.054,4,0,0,69.83633173638479,285.9348139126435,0,19,1.9000000000000008,2.468227245323371,17,D_pmar=0.054_dist=500_repair_6_males=6_nmar=1,6,1
0,9,0,500,70.76564910820599,252.6328980993137,36.63245864836608,0,0,0,17,D_pmar=0.054_dist=500_repair_6_males=6_nmar=1,6,1
0,10,500,0,74.39494294233086,249.33143165706772,36.317922342606785,0,0,0,17,D_pmar=0.054_dist=500_repair_6_males=6_nmar=1,6,1
0,12,500,500,72.47028460079294,281.56641997299914,6.138369106024431,0,0,0,17,D_pmar=0.054_dist=500_repair_6_males=6_nmar=1,6,1
0,9,1000,0,71.7929250136172,257.6925211321943,30.561321618046357,0,0,0,17,D_pmar=0.054_dist=500_repair_6_males=6_nmar=1,6,1
0,10,1000,500,71.21432761381358,282.79772649490394,6.004801444033471,0,0,0,17,D_pmar=0.054_dist=500_repair_6_males=6_nmar=1,6,1
0.054,14,0,0,71.09293738592777,283.97221297166635,0,21,2.1000000000000005,2.87859581155851,180,D_pmar=0.054_dist=500_repair_6_males=6_nmar=1,6,1
0,7,0,500,70.58684271332916,253.37828044961245,36.13510862620493,0,0,0,180,D_pmar=0.054_dist=500_repair_6_males=6_nmar=1,6,1
0,9,500,0,68.5306760071776,261.245636096626,30.360611989553593,0,0,0,180,D_pmar=0.054_dist=500_repair_6_males=6_nmar=1,6,1
0,4,500,500,70.19184942318198,265.68580116509816,24.24818586594522,0,0,0,180,D_pmar=0.054_dist=500_repair_6_males=6_nmar=1,6,1
0,7,1000,0,71.44629746323518,269.8952985803451,18.707557709827032,0,0,0,180,D_pmar=0.054_dist=500_repair_6_males=6_nmar=1,6,1
0,13,1000,500,72.77609959855543,269.19981557261167,18.15458448428244,0,0,0,180,D_pmar=0.054_dist=500_repair_6_males=6_nmar=1,6,1
0,10,0,0,69.9654154304937,271.930228899685,18.334756657784897,0,0,0,181,D_pmar=0.054_dist=500_repair_6_males=6_nmar=1,6,1
0,9,0,500,71.9694846983142,281.99522977927944,6.108409643212391,0,0,0,181,D_pmar=0.054_dist=500_repair_6_males=6_nmar=1,6,1
0,8,500,0,72.58111062259611,257.16278362893325,30.40706795789312,0,0,0,181,D_pmar=0.054_dist=500_repair_6_males=6_nmar=1,6,1
0,8,500,500,73.02844258565979,262.5467750387856,24.453269991042173,0,0,0,181,D_pmar=0.054_dist=500_repair_6_males=6_nmar=1,6,1
0.054,10,1000,0,69.58673368642705,286.7754234885892,0,15,1.5000000000000002,2.1785346845418543,181,D_pmar=0.054_dist=500_repair_6_males=6_nmar=1,6,1
0,9,1000,500,67.73536772685482,280.25796218694467,12.080083335492176,0,0,0,181,D_pmar=0.054_dist=500_repair_6_males=6_nmar=1,6,1
0,6,0,0,67.51273149735772,280.36748334601356,12.162294757736408,0,0,0,182,D_pmar=0.054_dist=500_repair_6_males=6_nmar=1,6,1
0,6,0,500,71.50038353374545,248.85125164422465,39.65802214962521,0,0,0,182,D_pmar=0.054_dist=500_repair_6_males=6_nmar=1,6,1
0,6,500,0,69.63443492157347,259.6780540287951,30.715480532976084,0,0,0,182,D_pmar=0.054_dist=500_repair_6_males=6_nmar=1,6,1
0.054,5,500,500,69.28591914404204,286.5762280723126,0,19,1.9000000000000008,2.3868680178751895,182,D_pmar=0.054_dist=500_repair_6_males=6_nmar=1,6,1
0,11,1000,0,69.46035489081021,278.322427177767,12.30210734503131,0,0,0,182,D_pmar=0.054_dist=500_repair_6_males=6_nmar=1,6,1
0,20,1000,500,70.75293179674168,271.36035868835637,18.259087902159227,0,0,0,182,D_pmar=0.054_dist=500_repair_6_males=6_nmar=1,6,1
0,14,0,0,73.48276064836887,286.5518928288368,0,0,0,0,183,D_pmar=0.054_dist=500_repair_6_males=6_nmar=1,6,1
0,6,0,500,71.03860145839529,276.9637023578851,12.071357114750697,0,0,0,183,D_pmar=0.054_dist=500_repair_6_males=6_nmar=1,6,1
0,4,500,0,72.04708060623038,269.5201796869775,18.550020273215715,0,0,0,183,D_pmar=0.054_dist=500_repair_6_males=6_nmar=1,6,1
0,10,500,500,71.79136020369619,263.6678165177681,24.55753979036085,0,0,0,183,D_pmar=0.054_dist=500_repair_6_males=6_nmar=1,6,1
0,7,1000,0,69.70230525645549,265.67744602942145,24.683894970623353,0,0,0,183,D_pmar=0.054_dist=500_repair_6_males=6_nmar=1,6,1
0.054,13,1000,500,70.07205489236071,286.839570253817,0,13,1.3,1.93581983791596,183,D_pmar=0.054_dist=500_repair_6_males=6_nmar=1,6,1
0,11,0,0,68.07421247550695,265.2961156316941,26.81912187932115,0,0,0,184,D_pmar=0.054_dist=500_repair_6_males=6_nmar=1,6,1
0,5,0,500,67.8749345908782,273.9374468271002,18.234835283950773,0,0,0,184,D_pmar=0.054_dist=500_repair_6_males=6_nmar=1,6,1
0,7,500,0,71.81930841924556,257.88532299289443,30.337324188420613,0,0,0,184,D_pmar=0.054_dist=500_repair_6_males=6_nmar=1,6,1
0,11,500,500,67.8698116611879,273.9720176379975,18.299224157109567,0,0,0,184,D_pmar=0.054_dist=500_repair_6_males=6_nmar=1,6,1
0.054,10,1000,0,69.67560653110355,285.8592283205916,0,18,1.8000000000000005,2.8921556827998742,184,D_pmar=0.054_dist=500_repair_6_males=6_nmar=1,6,1
0,10,1000,500,71.2215917979157,278.8050529647586,10.092154599789136,0,0,0,184,D_pmar=0.054_dist=500_repair_6_males=6_nmar=1,6,1
0,6,0,0,67.68201939059375,255.551322283978,36.93974731439312,0,0,0,185,D_pmar=0.054_dist=500_repair_6_males=6_nmar=1,6,1
0.054,8,0,500,67.12748152862434,288.50645873616656,0,19,1.9000000000000008,2.5297285010986585,185,D_pmar=0.054_dist=500_repair_6_males=6_nmar=1,6,1
0,11,500,0,70.53699407727854,271.49835813108734,18.246117054330902,0,0,0,185,D_pmar=0.054_dist=500_repair_6_males=6_nmar=1,6,1
0,10,500,500,70.35901204076065,271.08936994688315,18.561944271723256,0,0,0,185,D_pmar=0.054_dist=500_repair_6_males=6_nmar=1,6,1
0,13,1000,0,69.81934496257475,284.168761755974,6.040418013065592,0,0,0,185,D_pmar=0.054_dist=500_repair_6_males=6_nmar=1,6,1
0,6,1000,500,74.2283816828866,249.21732849623777,36.57793249847767,0,0,0,185,D_pmar=0.054_dist=500_repair_6_males=6_nmar=1,6,1
0,18,0,0,70.85213682430961,258.6653183162178,30.495885987459705,0,0,0,186,D_pmar=0.054_dist=500_repair_6_males=6_nmar=1,6,1
0,6,0,500,68.03623244862803,279.8855221281556,12.20387941287215,0,0,0,186,D_pmar=0.054_dist=500_repair_6_males=6_nmar=1,6,1
0,5,500,0,70.63204105744727,283.40967545453805,6.066816853909568,0,0,0,186,D_pmar=0.054_dist=500_repair_6_males=6_nmar=1,6,1
0,2,500,500,71.09775978776905,276.7684636985046,12.14523461816028,0,0,0,186,D_pmar=0.054_dist=500_repair_6_males=6_nmar=1,6,1
0.054,11,1000,0,71.85365389111205,284.7806081237371,0,12,1.2,2.2750988714690266,186,D_pmar=0.054_dist=500_repair_6_males=6_nmar=1,6,1
0,12,1000,500,72.02644069125434,276.002321177777,12.087060169802168,0,0,0,186,D_pmar=0.054_dist=500_repair_6_males=6_nmar=1,6,1
0,3,0,0,72.85127246552231,262.3352415971306,24.85308178641852,0,0,0,187,D_pmar=0.054_dist=500_repair_6_males=6_nmar=1,6,1
0.054,11,0,500,70.70212877152902,285.8170154803093,0,13,1.3,2.2631840884652896,187,D_pmar=0.054_dist=500_repair_6_males=6_nmar=1,6,1
0,11,500,0,68.35303172690205,279.74703083958644,12.073377895941196,0,0,0,187,D_pmar=0.054_dist=500_repair_6_males=6_nmar=1,6,1
0,9,500,500,72.79999076830585,275.2403525009696,12.163629800936995,0,0,0,187,D_pmar=0.054_dist=500_repair_6_males=6_nmar=1,6,1
0,5,1000,0,70.734421144748,283.1235514105641,6.147888929200092,0,0,0,187,D_pmar=0.054_dist=500_repair_6_males=6_nmar=1,6,1
0,15,1000,500,70.67535817357928,265.0964008549985,24.34373251139626,0,0,0,187,D_pmar=0.054_dist=500_repair_6_males=6_nmar=1,6,1
0,5,0,0,72.95876223049294,274.91511127722333,12.243425608077738,0,0,0,188,D_pmar=0.054_dist=500_repair_6_males=6_nmar=1,6,1
0,20,0,500,73.76163100144926,268.1049123512679,18.413838486266584,0,0,0,188,D_pmar=0.054_dist=500_repair_6_males=6_nmar=1,6,1
0,12,500,0,73.17858191649007,262.4229040913385,24.52460651613073,0,0,0,188,D_pmar=0.054_dist=500_repair_6_males=6_nmar=1,6,1
0.054,5,500,500,71.44044002879636,283.9859002178482,0,20,2.0000000000000004,2.6071161342122617,188,D_pmar=0.054_dist=500_repair_6_males=6_nmar=1,6,1
0,6,1000,0,72.21218522919493,269.65684999578724,18.213073609858057,0,0,0,188,D_pmar=0.054_dist=500_repair_6_males=6_nmar=1,6,1
0,6,1000,500,68.90617681827531,242.26490473057987,48.83102503420514,0,0,0,188,D_pmar=0.054_dist=500_repair_6_males=6_nmar=1,6,1
0,11,0,0,69.67189189274167,290.4166372799257,0,0,0,0,189,D_pmar=0.054_dist=500_repair_6_males=6_nmar=1,6,1
0,10,0,500,70.68062122304599,271.0871554155894,18.29595085332765,0,0,0,189,D_pmar=0.054_dist=500_repair_6_males=6_nmar=1,6,1
0,10,500,0,68.10242141917392,291.9515431824949,0,0,0,0,189,D_pmar=0.054_dist=500_repair_6_males=6_nmar=1,6,1
0,9,500,500,67.6378202760816,261.8068237651153,30.56450679550119,0,0,0,189,D_pmar=0.054_dist=500_repair_6_males=6_nmar=1,6,1
0,7,1000,0,67.59289082029804,255.51722935634916,36.92337389644947,0,0,0,189,D_pmar=0.054_dist=500_repair_6_males=6_nmar=1,6,1
0.054,7,1000,500,67.74708593819028,288.7003680428412,0,14,1.4,2.1768895963042274,189,D_pmar=0.054_dist=500_repair_6_males=6_nmar=1,6,1
0,9,0,0,70.2999594621594,265.21762750902326,24.53307337623101,0,0,0,18,D_pmar=0.054_dist=500_repair_6_males=6_nmar=1,6,1
0.054,12,0,500,64.92109458861682,291.39113304968777,0,14,1.4,2.354131592820256,18,D_pmar=0.054_dist=500_repair_6_males=6_nmar=1,6,1
0,8,500,0,73.1188614104211,268.38648369518484,18.4951194397126,0,0,0,18,D_pmar=0.054_dist=500_repair_6_males=6_nmar=1,6,1
0,10,500,500,70.10480235887292,283.6575725647938,6.260418339002047,0,0,0,18,D_pmar=0.054_dist=500_repair_6_males=6_nmar=1,6,1
0,10,1000,0,69.7905392547968,284.20216106671865,6.013660589097388,0,0,0,18,D_pmar=0.054_dist=500_repair_6_males=6_nmar=1,6,1
0,5,1000,500,71.26901859580225,258.34807685076106,30.59413056505263,0,0,0,18,D_pmar=0.054_dist=500_repair_6_males=6_nmar=1,6,1
0,6,0,0,73.15450924173382,266.2144190254611,20.650203503285088,0,0,0,190,D_pmar=0.054_dist=500_repair_6_males=6_nmar=1,6,1
0,6,0,500,70.12377653972965,235.36652400194905,54.59667151835474,0,0,0,190,D_pmar=0.054_dist=500_repair_6_males=6_nmar=1,6,1
0,13,500,0,72.74068930134555,263.1552172469703,24.17903918105684,0,0,0,190,D_pmar=0.054_dist=500_repair_6_males=6_nmar=1,6,1
0,9,500,500,67.03728858652411,262.48479947820033,30.69118191784526,0,0,0,190,D_pmar=0.054_dist=500_repair_6_males=6_nmar=1,6,1
0,11,1000,0,69.69912517024392,272.0770281747677,18.279152387823128,0,0,0,190,D_pmar=0.054_dist=500_repair_6_males=6_nmar=1,6,1
0.054,9,1000,500,71.81670106330868,283.0677572358676,0,25,2.500000000000001,2.7453236052418255,190,D_pmar=0.054_dist=500_repair_6_males=6_nmar=1,6,1
0,13,0,0,72.44997012529663,269.01602582709245,18.55445018249523,0,0,0,191,D_pmar=0.054_dist=500_repair_6_males=6_nmar=1,6,1
0,5,0,500,69.7023226288299,272.1465139686123,18.391693193229106,0,0,0,191,D_pmar=0.054_dist=500_repair_6_males=6_nmar=1,6,1
0,7,500,0,72.10318836637907,257.53997983233853,30.456933679814203,0,0,0,191,D_pmar=0.054_dist=500_repair_6_males=6_nmar=1,6,1
0,13,500,500,69.13532771291408,284.96245592352074,6.118104835410326,0,0,0,191,D_pmar=0.054_dist=500_repair_6_males=6_nmar=1,6,1
0.054,8,1000,0,77.03772736770982,278.6267930494589,0,19,1.9000000000000008,2.539316778005443,191,D_pmar=0.054_dist=500_repair_6_males=6_nmar=1,6,1
0,8,1000,500,75.82899156935284,247.4810713929164,36.77864751108807,0,0,0,191,D_pmar=0.054_dist=500_repair_6_males=6_nmar=1,6,1
0,9,0,0,68.05098284765901,267.63124861624993,24.352876170699897,0,0,0,192,D_pmar=0.054_dist=500_repair_6_males=6_nmar=1,6,1
0.054,11,0,500,71.29370643390713,285.23815413472147,0,14,1.4,2.232774169507309,192,D_pmar=0.054_dist=500_repair_6_males=6_nmar=1,6,1
0,8,500,0,70.73060732608857,283.3372420299502,6.108735354426947,0,0,0,192,D_pmar=0.054_dist=500_repair_6_males=6_nmar=1,6,1
0,5,500,500,71.06604633582775,264.5145452080724,24.55617877489996,0,0,0,192,D_pmar=0.054_dist=500_repair_6_males=6_nmar=1,6,1
0,9,1000,0,66.13192624538759,281.55813384403564,12.364434201005746,0,0,0,192,D_pmar=0.054_dist=500_repair_6_males=6_nmar=1,6,1
0,12,1000,500,70.72444512471576,271.28263271906627,18.080867343203547,0,0,0,192,D_pmar=0.054_dist=500_repair_6_males=6_nmar=1,6,1
0.054,11,0,0,70.51887408752316,286.77336570915946,0,8,0.7999999999999999,1.93581983791596,193,D_pmar=0.054_dist=500_repair_6_males=6_nmar=1,6,1
0,5,0,500,71.73019933670483,288.4799927474807,0,0,0,0,193,D_pmar=0.054_dist=500_repair_6_males=6_nmar=1,6,1
0,8,500,0,72.89828918516963,250.6984737763555,36.434938037143,0,0,0,193,D_pmar=0.054_dist=500_repair_6_males=6_nmar=1,6,1
0,13,500,500,66.87840879327682,293.1323487566698,0,0,0,0,193,D_pmar=0.054_dist=500_repair_6_males=6_nmar=1,6,1
0,9,1000,0,65.74376829920672,288.1123568833863,6.163377786913195,0,0,0,193,D_pmar=0.054_dist=500_repair_6_males=6_nmar=1,6,1
0,8,1000,500,73.89099892518627,280.04614233272787,6.078890582856102,0,0,0,193,D_pmar=0.054_dist=500_repair_6_males=6_nmar=1,6,1
0,10,0,0,70.54392449005438,265.3325451037051,24.273539115985397,0,0,0,194,D_pmar=0.054_dist=500_repair_6_males=6_nmar=1,6,1
0,4,0,500,69.38967095517435,272.1548736427941,18.55213340179873,0,0,0,194,D_pmar=0.054_dist=500_repair_6_males=6_nmar=1,6,1
0,15,500,0,69.0353825878681,285.1454531435277,6.0982697127230425,0,0,0,194,D_pmar=0.054_dist=500_repair_6_males=6_nmar=1,6,1
0,6,500,500,68.89466305193797,242.1279762854158,49.05816009182561,0,0,0,194,D_pmar=0.054_dist=500_repair_6_males=6_nmar=1,6,1
0,11,1000,0,70.04661939526375,271.56750256793714,18.504529176082197,0,0,0,194,D_pmar=0.054_dist=500_repair_6_males=6_nmar=1,6,1
0.054,8,1000,500,71.5239538989397,283.98998918478645,0,19,1.9000000000000008,2.687793943801118,194,D_pmar=0.054_dist=500_repair_6_males=6_nmar=1,6,1
0,7,0,0,66.78233014618317,287.04926919858445,6.173726470394336,0,0,0,195,D_pmar=0.054_dist=500_repair_6_males=6_nmar=1,6,1
0,8,0,500,69.02185015297545,278.6397640123608,12.345882419580263,0,0,0,195,D_pmar=0.054_dist=500_repair_6_males=6_nmar=1,6,1
0,12,500,0,68.75747388389526,261.0678214041071,30.284511766286396,0,0,0,195,D_pmar=0.054_dist=500_repair_6_males=6_nmar=1,6,1
0.054,14,500,500,66.70354810070039,288.98465744447896,0,18,1.8000000000000005,2.6454692418394,195,D_pmar=0.054_dist=500_repair_6_males=6_nmar=1,6,1
0,3,1000,0,69.47382926607764,278.5525762401466,12.156705851492102,0,0,0,195,D_pmar=0.054_dist=500_repair_6_males=6_nmar=1,6,1
0,10,1000,500,67.9062352179341,243.79220809483485,48.4744073857864,0,0,0,195,D_pmar=0.054_dist=500_repair_6_males=6_nmar=1,6,1
0,7,0,0,68.50176992247927,267.2694190096655,24.237542697668196,0,0,0,196,D_pmar=0.054_dist=500_repair_6_males=6_nmar=1,6,1
0,5,0,500,66.57802500801185,287.48177026979516,6.013246251969372,0,0,0,196,D_pmar=0.054_dist=500_repair_6_males=6_nmar=1,6,1
0.054,13,500,0,70.7272171634916,285.8762814207771,0,16,1.6000000000000003,2.032384024843132,196,D_pmar=0.054_dist=500_repair_6_males=6_nmar=1,6,1
0,11,500,500,73.73976600305848,262.12685306207135,24.231229832014417,0,0,0,196,D_pmar=0.054_dist=500_repair_6_males=6_nmar=1,6,1
0,6,1000,0,71.71289207759426,251.5675737238356,36.88291363159087,0,0,0,196,D_pmar=0.054_dist=500_repair_6_males=6_nmar=1,6,1
0,12,1000,500,72.86377615892765,281.0278075866763,6.177754755748999,0,0,0,196,D_pmar=0.054_dist=500_repair_6_males=6_nmar=1,6,1
0,7,0,0,71.24848540284232,276.8639414736136,12.12895788310746,0,0,0,197,D_pmar=0.054_dist=500_repair_6_males=6_nmar=1,6,1
0,9,0,500,71.70190370671693,282.2422660924701,6.234259481073211,0,0,0,197,D_pmar=0.054_dist=500_repair_6_males=6_nmar=1,6,1
0,10,500,0,69.87358522811272,272.00585655781964,18.15649634985556,0,0,0,197,D_pmar=0.054_dist=500_repair_6_males=6_nmar=1,6,1
0,6,500,500,74.45983605010187,255.06416900309176,30.562836256305193,0,0,0,197,D_pmar=0.054_dist=500_repair_6_males=6_nmar=1,6,1
0,11,1000,0,70.44452666006741,258.84310014155506,30.74421748028977,0,0,0,197,D_pmar=0.054_dist=500_repair_6_males=6_nmar=1,6,1
0.054,11,1000,500,71.90910712226098,284.287789620243,0,16,1.6000000000000003,2.508225441188136,197,D_pmar=0.054_dist=500_repair_6_males=6_nmar=1,6,1
0,5,0,0,73.76590984660233,273.97860466016124,12.264433714263635,0,0,0,198,D_pmar=0.054_dist=500_repair_6_males=6_nmar=1,6,1
0,10,0,500,67.61331522485713,286.29061022793354,6.128134942164064,0,0,0,198,D_pmar=0.054_dist=500_repair_6_males=6_nmar=1,6,1
0,8,500,0,67.14424290510212,280.6273989500018,12.294866897746733,0,0,0,198,D_pmar=0.054_dist=500_repair_6_males=6_nmar=1,6,1
0.054,9,500,500,71.81489322689629,284.2001292384905,0,11,1.1,2.9920100462022994,198,D_pmar=0.054_dist=500_repair_6_males=6_nmar=1,6,1
0,8,1000,0,72.71043716800862,281.281771954493,6.017460204684822,0,0,0,198,D_pmar=0.054_dist=500_repair_6_males=6_nmar=1,6,1
0,14,1000,500,67.63257604641123,261.94449627452065,30.6985449400844,0,0,0,198,D_pmar=0.054_dist=500_repair_6_males=6_nmar=1,6,1
0,6,0,0,72.13753334744985,263.51523319567167,24.36402230665883,0,0,0,199,D_pmar=0.054_dist=500_repair_6_males=6_nmar=1,6,1
0.054,4,0,500,70.01628510349379,286.7544976761143,0,13,1.3,2.200037744452376,199,D_pmar=0.054_dist=500_repair_6_males=6_nmar=1,6,1
0,15,500,0,72.78752695313915,275.0038041480162,12.301891915859104,0,0,0,199,D_pmar=0.054_dist=500_repair_6_males=6_nmar=1,6,1
0,14,500,500,73.34852591047749,274.5691797497007,12.283072599431026,0,0,0,199,D_pmar=0.054_dist=500_repair_6_males=6_nmar=1,6,1
0,6,1000,0,67.82298048325808,292.1907138388367,0,0,0,0,199,D_pmar=0.054_dist=500_repair_6_males=6_nmar=1,6,1
0,9,1000,500,70.01563188318038,259.7159834671131,30.315666940007382,0,0,0,199,D_pmar=0.054_dist=500_repair_6_males=6_nmar=1,6,1
0,9,0,0,72.0611022859248,275.81982559217033,12.138765114083474,0,0,0,19,D_pmar=0.054_dist=500_repair_6_males=6_nmar=1,6,1
0,14,0,500,70.01088530294255,271.6662470650784,18.401660667909116,0,0,0,19,D_pmar=0.054_dist=500_repair_6_males=6_nmar=1,6,1
0,10,500,0,72.11668203553113,263.4352708023933,24.530826789551963,0,0,0,19,D_pmar=0.054_dist=500_repair_6_males=6_nmar=1,6,1
0,5,500,500,70.62896651092663,289.62008281674053,0,0,0,0,19,D_pmar=0.054_dist=500_repair_6_males=6_nmar=1,6,1
0.054,6,1000,0,68.22835992917331,288.38450173029184,0,16,1.6000000000000003,2.0052642823604048,19,D_pmar=0.054_dist=500_repair_6_males=6_nmar=1,6,1
0,10,1000,500,69.26112179306524,248.36368683833769,42.38470226044745,0,0,0,19,D_pmar=0.054_dist=500_repair_6_males=6_nmar=1,6,1
0,11,0,0,69.17870590616975,291.11035059524664,0,0,0,0,200,D_pmar=0.054_dist=500_repair_6_males=6_nmar=1,6,1
0,6,0,500,72.89692533922299,256.8281283344397,30.35611374814988,0,0,0,200,D_pmar=0.054_dist=500_repair_6_males=6_nmar=1,6,1
0,12,500,0,68.45723663835233,248.83790688072847,42.94736300528167,0,0,0,200,D_pmar=0.054_dist=500_repair_6_males=6_nmar=1,6,1
0.054,7,500,500,69.34871439819726,286.54411347442783,0,15,1.5000000000000002,2.6510859244116056,200,D_pmar=0.054_dist=500_repair_6_males=6_nmar=1,6,1
0,10,1000,0,73.47197540600968,280.31339229088786,6.257202043494718,0,0,0,200,D_pmar=0.054_dist=500_repair_6_males=6_nmar=1,6,1
0,8,1000,500,68.90742631248533,279.20784962715163,12.12557441928901,0,0,0,200,D_pmar=0.054_dist=500_repair_6_males=6_nmar=1,6,1
0,10,0,0,70.80264714989251,264.8488719015531,24.4309855827778,0,0,0,201,D_pmar=0.054_dist=500_repair_6_males=6_nmar=1,6,1
0,5,0,500,70.66089667270867,276.8594853305509,12.57121652144195,0,0,0,201,D_pmar=0.054_dist=500_repair_6_males=6_nmar=1,6,1
0.054,10,500,0,69.40057427397521,287.20044033999113,0,14,1.4,2.155386536393706,201,D_pmar=0.054_dist=500_repair_6_males=6_nmar=1,6,1
0,11,500,500,71.74661879001796,275.9900900061427,12.336532801042988,0,0,0,201,D_pmar=0.054_dist=500_repair_6_males=6_nmar=1,6,1
0,9,1000,0,68.80140109768362,266.84159159626716,24.528205576415303,0,0,0,201,D_pmar=0.054_dist=500_repair_6_males=6_nmar=1,6,1
0,9,1000,500,69.34658047329948,278.38598695241296,12.357779956293465,0,0,0,201,D_pmar=0.054_dist=500_repair_6_males=6_nmar=1,6,1
0,10,0,0,69.1116168063733,272.6886757049004,18.24873020870724,0,0,0,202,D_pmar=0.054_dist=500_repair_6_males=6_nmar=1,6,1
0,11,0,500,71.33230491944427,270.4518153342571,18.268093822809135,0,0,0,202,D_pmar=0.054_dist=500_repair_6_males=6_nmar=1,6,1
0,9,500,0,69.64579992282832,284.5119774746762,6.007548921701228,0,0,0,202,D_pmar=0.054_dist=500_repair_6_males=6_nmar=1,6,1
0,6,500,500,67.40375663938083,267.8735508965132,24.73647742874913,0,0,0,202,D_pmar=0.054_dist=500_repair_6_males=6_nmar=1,6,1
0,6,1000,0,67.92431134429333,255.280776619661,36.84103117898714,0,0,0,202,D_pmar=0.054_dist=500_repair_6_males=6_nmar=1,6,1
0.054,12,1000,500,70.81219909285073,285.0213950390895,0,17,1.7000000000000004,2.483432204802362,202,D_pmar=0.054_dist=500_repair_6_males=6_nmar=1,6,1
0.054,9,0,0,72.85708968841514,282.82505602048826,0,19,1.9000000000000008,2.495346987806099,203,D_pmar=0.054_dist=500_repair_6_males=6_nmar=1,6,1
0,10,0,500,69.23517745124042,278.7046083650478,12.174761824108408,0,0,0,203,D_pmar=0.054_dist=500_repair_6_males=6_nmar=1,6,1
0,3,500,0,71.5052229149239,248.27884139171096,40.28538267374749,0,0,0,203,D_pmar=0.054_dist=500_repair_6_males=6_nmar=1,6,1
0,17,500,500,72.13837562227124,275.76024960830546,12.242113775674442,0,0,0,203,D_pmar=0.054_dist=500_repair_6_males=6_nmar=1,6,1
0,6,1000,0,69.43547123278172,270.4433770063845,20.2205453483287,0,0,0,203,D_pmar=0.054_dist=500_repair_6_males=6_nmar=1,6,1
0,9,1000,500,75.88500507349123,259.86882430331315,24.31971607150536,0,0,0,203,D_pmar=0.054_dist=500_repair_6_males=6_nmar=1,6,1
0,6,0,0,66.0851690350597,273.82075363020834,20.30008017849469,0,0,0,204,D_pmar=0.054_dist=500_repair_6_males=6_nmar=1,6,1
0,9,0,500,71.41912025683624,282.6379818957181,6.09077339513354,0,0,0,204,D_pmar=0.054_dist=500_repair_6_males=6_nmar=1,6,1
0.054,6,500,0,68.9226370328251,287.3402960449733,0,15,1.5000000000000002,2.294275425282596,204,D_pmar=0.054_dist=500_repair_6_males=6_nmar=1,6,1
0,13,500,500,70.61094660003208,271.0151076907809,18.44601670407455,0,0,0,204,D_pmar=0.054_dist=500_repair_6_males=6_nmar=1,6,1
0,9,1000,0,69.11203610795062,252.2690962910419,38.7993533684783,0,0,0,204,D_pmar=0.054_dist=500_repair_6_males=6_nmar=1,6,1
0,11,1000,500,70.30742848664586,289.8791553928044,0,0,0,0,204,D_pmar=0.054_dist=500_repair_6_males=6_nmar=1,6,1
0.054,10,0,0,70.1511786378744,286.15782560314574,0,14,1.4,2.3118068908585387,205,D_pmar=0.054_dist=500_repair_6_males=6_nmar=1,6,1
0,6,0,500,75.73773762157865,259.96095586951833,24.44098292753323,0,0,0,205,D_pmar=0.054_dist=500_repair_6_males=6_nmar=1,6,1
0,12,500,0,71.76641556017088,251.67576952082055,36.68895602638659,0,0,0,205,D_pmar=0.054_dist=500_repair_6_males=6_nmar=1,6,1
0,9,500,500,70.77916765877588,289.36618552504547,0,0,0,0,205,D_pmar=0.054_dist=500_repair_6_males=6_nmar=1,6,1
0,5,1000,0,66.7795690302999,274.8809062000365,18.516350364612613,0,0,0,205,D_pmar=0.054_dist=500_repair_6_males=6_nmar=1,6,1
0,12,1000,500,68.36615718354899,285.7297515266739,6.067911232793128,0,0,0,205,D_pmar=0.054_dist=500_repair_6_males=6_nmar=1,6,1
0,9,0,0,71.99279471113779,288.2058364062945,0,0,0,0,206,D_pmar=0.054_dist=500_repair_6_males=6_nmar=1,6,1
0.054,8,0,500,72.37674133488099,284.26031782196276,0,14,1.4,2.095530368856046,206,D_pmar=0.054_dist=500_repair_6_males=6_nmar=1,6,1
0,7,500,0,72.0913547520916,263.83366290338904,24.1058364272132,0,0,0,206,D_pmar=0.054_dist=500_repair_6_males=6_nmar=1,6,1
0,9,500,500,71.3782144007105,264.1658660268203,24.47147000108021,0,0,0,206,D_pmar=0.054_dist=500_repair_6_males=6_nmar=1,6,1
0,10,1000,0,68.11840470787953,279.72917728429786,12.278124913803756,0,0,0,206,D_pmar=0.054_dist=500_repair_6_males=6_nmar=1,6,1
0,11,1000,500,68.96939557276906,266.63690622249425,24.599480390320856,0,0,0,206,D_pmar=0.054_dist=500_repair_6_males=6_nmar=1,6,1
0,8,0,0,72.231705360189,232.68260826252467,55.15383964685384,0,0,0,207,D_pmar=0.054_dist=500_repair_6_males=6_nmar=1,6,1
0.054,13,0,500,72.41563490617358,283.70011468713864,0,21,2.1000000000000005,1.9973210936912469,207,D_pmar=0.054_dist=500_repair_6_males=6_nmar=1,6,1
0,7,500,0,71.20299338289789,288.84205474841974,0,0,0,0,207,D_pmar=0.054_dist=500_repair_6_males=6_nmar=1,6,1
0,5,500,500,72.662153750733,263.11537652606563,24.343611278767593,0,0,0,207,D_pmar=0.054_dist=500_repair_6_males=6_nmar=1,6,1
0,15,1000,0,69.76384551077757,278.05825337716976,12.239273425834876,0,0,0,207,D_pmar=0.054_dist=500_repair_6_males=6_nmar=1,6,1
0,6,1000,500,71.86935849322941,251.4354809730449,36.790862987891735,0,0,0,207,D_pmar=0.054_dist=500_repair_6_males=6_nmar=1,6,1
0,3,0,0,66.30481642383425,275.27493855059885,18.422064057206356,0,0,0,208,D_pmar=0.054_dist=500_repair_6_males=6_nmar=1,6,1
0,10,0,500,71.54477903619183,271.18142408437,17.382990633932383,0,0,0,208,D_pmar=0.054_dist=500_repair_6_males=6_nmar=1,6,1
0.054,8,500,0,70.40820129559755,285.75054561168207,0,15,1.5000000000000002,2.5138421237603423,208,D_pmar=0.054_dist=500_repair_6_males=6_nmar=1,6,1
0,9,500,500,68.36891974856198,273.36000033577375,18.425421438636764,0,0,0,208,D_pmar=0.054_dist=500_repair_6_males=6_nmar=1,6,1
0,14,1000,0,75.56752552384557,266.25602734796956,18.301004107934645,0,0,0,208,D_pmar=0.054_dist=500_repair_6_males=6_nmar=1,6,1
0,10,1000,500,71.61001240372329,270.3292172600665,18.18550823779882,0,0,0,208,D_pmar=0.054_dist=500_repair_6_males=6_nmar=1,6,1
0,14,0,0,70.58916875933225,265.16795240898347,24.29232398562729,0,0,0,209,D_pmar=0.054_dist=500_repair_6_males=6_nmar=1,6,1
0,6,0,500,74.15738946662293,285.88053378503906,0,0,0,0,209,D_pmar=0.054_dist=500_repair_6_males=6_nmar=1,6,1
0,8,500,0,70.74235153105575,264.8708807239215,24.50083627284356,0,0,0,209,D_pmar=0.054_dist=500_repair_6_males=6_nmar=1,6,1
0,10,500,500,68.81859336102764,285.2023913749296,6.0065257248534705,0,0,0,209,D_pmar=0.054_dist=500_repair_6_males=6_nmar=1,6,1
0.054,10,1000,0,71.77793850024068,285.1968002906724,0,12,1.2,2.022795747936347,209,D_pmar=0.054_dist=500_repair_6_males=6_nmar=1,6,1
0,6,1000,500,68.75546591277997,273.10499207200223,18.281797432414603,0,0,0,209,D_pmar=0.054_dist=500_repair_6_males=6_nmar=1,6,1
0,10,0,0,71.65042282242068,257.74936830393045,30.805214225321834,0,0,0,20,D_pmar=0.054_dist=500_repair_6_males=6_nmar=1,6,1
0.054,6,0,500,68.28307312557885,287.4076052708588,0,19,1.9000000000000008,2.5697266969634236,20,D_pmar=0.054_dist=500_repair_6_males=6_nmar=1,6,1
0,10,500,0,73.15762414385593,262.5737308069287,24.341743910253516,0,0,0,20,D_pmar=0.054_dist=500_repair_6_males=6_nmar=1,6,1
0,12,500,500,66.7508102067786,269.10009327209826,24.468074648573943,0,0,0,20,D_pmar=0.054_dist=500_repair_6_males=6_nmar=1,6,1
0,6,1000,0,69.30851414668466,278.65629084907334,12.187407238628916,0,0,0,20,D_pmar=0.054_dist=500_repair_6_males=6_nmar=1,6,1
0,10,1000,500,75.41618887586225,260.23070352774033,24.41603741042315,0,0,0,20,D_pmar=0.054_dist=500_repair_6_males=6_nmar=1,6,1
0,6,0,0,72.66191615259267,259.37751357838715,28.010341347556516,0,0,0,210,D_pmar=0.054_dist=500_repair_6_males=6_nmar=1,6,1
0.054,10,0,500,66.3744705091405,290.4371515536269,0,12,1.2,2.0763538150424763,210,D_pmar=0.054_dist=500_repair_6_males=6_nmar=1,6,1
0,11,500,0,67.13249088724066,286.7089968750461,6.167042313834592,0,0,0,210,D_pmar=0.054_dist=500_repair_6_males=6_nmar=1,6,1
0,11,500,500,75.69689812017164,266.3934150530829,18.205154455734423,0,0,0,210,D_pmar=0.054_dist=500_repair_6_males=6_nmar=1,6,1
0,6,1000,0,73.7367119958822,279.25441802436507,7.050156336046117,0,0,0,210,D_pmar=0.054_dist=500_repair_6_males=6_nmar=1,6,1
0,10,1000,500,71.9185124726405,282.0389341962208,6.120986683196612,0,0,0,210,D_pmar=0.054_dist=500_repair_6_males=6_nmar=1,6,1
0.054,8,0,0,68.86122853218544,286.7758806696991,0,18,1.8000000000000005,2.608761222449888,211,D_pmar=0.054_dist=500_repair_6_males=6_nmar=1,6,1
0,11,0,500,70.59638722087094,265.0288710077841,24.42277633732449,0,0,0,211,D_pmar=0.054_dist=500_repair_6_males=6_nmar=1,6,1
0,8,500,0,70.61765720172257,246.6166237347409,42.9460272024105,0,0,0,211,D_pmar=0.054_dist=500_repair_6_males=6_nmar=1,6,1
0,12,500,500,69.54244404147846,284.272392300533,6.225050657924914,0,0,0,211,D_pmar=0.054_dist=500_repair_6_males=6_nmar=1,6,1
0,6,1000,0,72.27416461072359,257.3009561425497,30.551050254446768,0,0,0,211,D_pmar=0.054_dist=500_repair_6_males=6_nmar=1,6,1
0,9,1000,500,73.79579912984012,280.2475019807848,6.04443514716435,0,0,0,211,D_pmar=0.054_dist=500_repair_6_males=6_nmar=1,6,1
0,15,0,0,69.81992003755231,284.2397195730074,6.056999469446773,0,0,0,212,D_pmar=0.054_dist=500_repair_6_males=6_nmar=1,6,1
0,11,0,500,70.37123495836673,265.39460064332536,24.45111269278229,0,0,0,212,D_pmar=0.054_dist=500_repair_6_males=6_nmar=1,6,1
0,5,500,0,72.33313666815317,263.2754114089219,24.44849427441041,0,0,0,212,D_pmar=0.054_dist=500_repair_6_males=6_nmar=1,6,1
0,6,500,500,73.21808029005453,274.39543023617256,12.440409025890636,0,0,0,212,D_pmar=0.054_dist=500_repair_6_males=6_nmar=1,6,1
0,9,1000,0,70.25332782563453,277.52715920587076,12.263503991250785,0,0,0,212,D_pmar=0.054_dist=500_repair_6_males=6_nmar=1,6,1
0.054,8,1000,500,70.0915717574922,286.46420137461877,0,13,1.3,2.253595811558505,212,D_pmar=0.054_dist=500_repair_6_males=6_nmar=1,6,1
0,6,0,0,68.75952436024313,285.311443082476,6.064970418806723,0,0,0,213,D_pmar=0.054_dist=500_repair_6_males=6_nmar=1,6,1
0,10,0,500,69.76364587455501,260.1441122563575,30.1983192359225,0,0,0,213,D_pmar=0.054_dist=500_repair_6_males=6_nmar=1,6,1
0,8,500,0,71.89004170057244,263.7023722131537,24.464261711214395,0,0,0,213,D_pmar=0.054_dist=500_repair_6_males=6_nmar=1,6,1
0,11,500,500,74.95900347186318,279.12293765165174,6.020014637122165,0,0,0,213,D_pmar=0.054_dist=500_repair_6_males=6_nmar=1,6,1
0,9,1000,0,71.86865286060421,253.63543469949383,34.78493920066341,0,0,0,213,D_pmar=0.054_dist=500_repair_6_males=6_nmar=1,6,1
0.054,10,1000,500,68.15751229925365,287.57712435191786,0,17,1.7000000000000004,2.5968464394461512,213,D_pmar=0.054_dist=500_repair_6_males=6_nmar=1,6,1
0,4,0,0,72.67899475861518,269.03667626150235,18.388946009312555,0,0,0,214,D_pmar=0.054_dist=500_repair_6_males=6_nmar=1,6,1
0,7,0,500,69.83569751510434,265.68897254785696,24.48314728500614,0,0,0,214,D_pmar=0.054_dist=500_repair_6_males=6_nmar=1,6,1
0,9,500,0,69.20785787195588,284.80413564582796,6.000214010626841,0,0,0,214,D_pmar=0.054_dist=500_repair_6_males=6_nmar=1,6,1
0,8,500,500,68.93975290476274,272.78836365016485,18.4061865379528,0,0,0,214,D_pmar=0.054_dist=500_repair_6_males=6_nmar=1,6,1
0,15,1000,0,70.39173160610811,265.42722464575667,24.302094159122063,0,0,0,214,D_pmar=0.054_dist=500_repair_6_males=6_nmar=1,6,1
0.054,11,1000,500,72.4132400128024,284.06528997040976,0,15,1.5000000000000002,2.057177261228907,214,D_pmar=0.054_dist=500_repair_6_males=6_nmar=1,6,1
0.054,7,0,0,71.03053672195374,285.70141210772766,0,14,1.4,2.1345648943425104,215,D_pmar=0.054_dist=500_repair_6_males=6_nmar=1,6,1
0,5,0,500,72.98601211221924,257.0517569244737,30.13586148168537,0,0,0,215,D_pmar=0.054_dist=500_repair_6_males=6_nmar=1,6,1
0,7,500,0,70.65832154960385,270.7282680971526,18.6312964835691,0,0,0,215,D_pmar=0.054_dist=500_repair_6_males=6_nmar=1,6,1
0,12,500,500,68.90169356281352,285.1596806581975,6.007248918803356,0,0,0,215,D_pmar=0.054_dist=500_repair_6_males=6_nmar=1,6,1
0,10,1000,0,71.65050133927627,264.20246863773673,24.18100716130973,0,0,0,215,D_pmar=0.054_dist=500_repair_6_males=6_nmar=1,6,1
0,13,1000,500,71.93991201081906,282.07340713537377,6.067320817115472,0,0,0,215,D_pmar=0.054_dist=500_repair_6_males=6_nmar=1,6,1
0,5,0,0,64.41890324207043,289.69155985691754,6.00199956006121,0,0,0,216,D_pmar=0.054_dist=500_repair_6_males=6_nmar=1,6,1
0,9,0,500,71.29877392099135,267.50920347554796,21.30023849112001,0,0,0,216,D_pmar=0.054_dist=500_repair_6_males=6_nmar=1,6,1
0,9,500,0,70.74642733541529,264.8379403728246,24.42354367233099,0,0,0,216,D_pmar=0.054_dist=500_repair_6_males=6_nmar=1,6,1
0.054,11,500,500,74.27865477429295,282.23103264997764,0,12,1.2,2.5042538468535573,216,D_pmar=0.054_dist=500_repair_6_males=6_nmar=1,6,1
0,13,1000,0,71.95751456802024,282.01052578872776,6.194176622154679,0,0,0,216,D_pmar=0.054_dist=500_repair_6_males=6_nmar=1,6,1
0,7,1000,500,68.28327769194601,279.62338083016584,12.255036335094116,0,0,0,216,D_pmar=0.054_dist=500_repair_6_males=6_nmar=1,6,1
0,10,0,0,71.23750541521034,252.23690888165547,36.58271696188291,0,0,0,217,D_pmar=0.054_dist=500_repair_6_males=6_nmar=1,6,1
0,11,0,500,70.26301565059262,283.8689634413894,6.050232695511093,0,0,0,217,D_pmar=0.054_dist=500_repair_6_males=6_nmar=1,6,1
0,6,500,0,72.85687760257652,268.9592017858569,18.265222046785414,0,0,0,217,D_pmar=0.054_dist=500_repair_6_males=6_nmar=1,6,1
0,11,500,500,77.0060452398343,264.76173203758873,18.287734879690163,0,0,0,217,D_pmar=0.054_dist=500_repair_6_males=6_nmar=1,6,1
0,9,1000,0,70.06862884054466,265.47324798630206,24.568903371938003,0,0,0,217,D_pmar=0.054_dist=500_repair_6_males=6_nmar=1,6,1
0.054,7,1000,500,73.57432644886852,282.2737347489789,0,17,1.7000000000000004,2.54096186624307,217,D_pmar=0.054_dist=500_repair_6_males=6_nmar=1,6,1
0,10,0,0,68.34383851956687,261.35446977363347,30.50004850395593,0,0,0,218,D_pmar=0.054_dist=500_repair_6_males=6_nmar=1,6,1
0.054,10,0,500,71.12389525793436,284.3154733497172,0,19,1.9000000000000008,2.730118645762836,218,D_pmar=0.054_dist=500_repair_6_males=6_nmar=1,6,1
0,11,500,0,70.56853670594455,264.709495609012,24.79053827970631,0,0,0,218,D_pmar=0.054_dist=500_repair_6_males=6_nmar=1,6,1
0,8,500,500,66.57791587300923,268.59431899333686,24.833130238677978,0,0,0,218,D_pmar=0.054_dist=500_repair_6_males=6_nmar=1,6,1
0,10,1000,0,70.48479866054213,289.6084688079737,0,0,0,0,218,D_pmar=0.054_dist=500_repair_6_males=6_nmar=1,6,1
0,5,1000,500,70.52610709980212,253.101434344215,36.47700091297649,0,0,0,218,D_pmar=0.054_dist=500_repair_6_males=6_nmar=1,6,1
0,5,0,0,71.04693907875554,252.6217668979849,36.44544057181205,0,0,0,219,D_pmar=0.054_dist=500_repair_6_males=6_nmar=1,6,1
0.054,7,0,500,70.09921666788568,285.96058179038937,0,15,1.5000000000000002,2.4906939756121935,219,D_pmar=0.054_dist=500_repair_6_males=6_nmar=1,6,1
0,7,500,0,69.70441515416914,283.8222320782644,6.576217835695914,0,0,0,219,D_pmar=0.054_dist=500_repair_6_males=6_nmar=1,6,1
0,8,500,500,67.08464150802314,274.75103609507437,18.283448918261836,0,0,0,219,D_pmar=0.054_dist=500_repair_6_males=6_nmar=1,6,1
0,12,1000,0,72.26897192441083,275.56216325111166,12.17422561009957,0,0,0,219,D_pmar=0.054_dist=500_repair_6_males=6_nmar=1,6,1
0,15,1000,500,68.46692832552536,279.34287158647516,12.319661797893051,0,0,0,219,D_pmar=0.054_dist=500_repair_6_males=6_nmar=1,6,1
0.054,12,0,0,72.03608013769605,283.7360060104563,0,18,1.8000000000000005,2.517813718094921,21,D_pmar=0.054_dist=500_repair_6_males=6_nmar=1,6,1
0,8,0,500,71.14150665546063,269.9369148802922,19.053732153853552,0,0,0,21,D_pmar=0.054_dist=500_repair_6_males=6_nmar=1,6,1
0,11,500,0,71.09905066953492,264.46698514036996,24.486398856635947,0,0,0,21,D_pmar=0.054_dist=500_repair_6_males=6_nmar=1,6,1
0,9,500,500,69.61314939286537,272.242735937304,18.20172761861437,0,0,0,21,D_pmar=0.054_dist=500_repair_6_males=6_nmar=1,6,1
0,6,1000,0,70.02466059426928,265.56060595003424,24.55988299571437,0,0,0,21,D_pmar=0.054_dist=500_repair_6_males=6_nmar=1,6,1
0,8,1000,500,70.78876632342796,275.60427466752594,13.685656760034258,0,0,0,21,D_pmar=0.054_dist=500_repair_6_males=6_nmar=1,6,1
0,9,0,0,68.60831032460928,279.250988754259,12.161724191851178,0,0,0,220,D_pmar=0.054_dist=500_repair_6_males=6_nmar=1,6,1
0,14,0,500,69.03024933136331,254.57939454533977,36.58537939490993,0,0,0,220,D_pmar=0.054_dist=500_repair_6_males=6_nmar=1,6,1
0,7,500,0,70.81361091370239,258.785140427869,30.553370997870545,0,0,0,220,D_pmar=0.054_dist=500_repair_6_males=6_nmar=1,6,1
0.054,7,500,500,70.44366708489318,285.4379989509048,0,16,1.6000000000000003,2.6606742013183906,220,D_pmar=0.054_dist=500_repair_6_males=6_nmar=1,6,1
0,12,1000,0,69.0889185138316,291.1269837162422,0,0,0,0,220,D_pmar=0.054_dist=500_repair_6_males=6_nmar=1,6,1
0,5,1000,500,70.31035528362015,273.7302928502647,15.988925702837056,0,0,0,220,D_pmar=0.054_dist=500_repair_6_males=6_nmar=1,6,1
0,8,0,0,68.66802737889489,273.26090983108725,18.35478149758272,0,0,0,221,D_pmar=0.054_dist=500_repair_6_males=6_nmar=1,6,1
0.054,11,0,500,72.65817293182405,283.50225250298894,0,17,1.7000000000000004,2.359748275392462,221,D_pmar=0.054_dist=500_repair_6_males=6_nmar=1,6,1
0,9,500,0,73.19202089370182,274.8318154099229,12.023015722038076,0,0,0,221,D_pmar=0.054_dist=500_repair_6_males=6_nmar=1,6,1
0,6,500,500,70.7388741828606,271.322585285627,18.13361106994322,0,0,0,221,D_pmar=0.054_dist=500_repair_6_males=6_nmar=1,6,1
0,7,1000,0,72.56493011304799,263.3711396881864,24.2018340477473,0,0,0,221,D_pmar=0.054_dist=500_repair_6_males=6_nmar=1,6,1
0,13,1000,500,74.24410438224889,259.7850457469781,26.063996010389776,0,0,0,221,D_pmar=0.054_dist=500_repair_6_males=6_nmar=1,6,1
0,9,0,0,72.50972077423128,263.1153146935747,24.410936860236937,0,0,0,222,D_pmar=0.054_dist=500_repair_6_males=6_nmar=1,6,1
0,11,0,500,71.18238446248199,282.7717900039653,6.129862275116821,0,0,0,222,D_pmar=0.054_dist=500_repair_6_males=6_nmar=1,6,1
0,11,500,0,73.84750010305147,261.77282629212345,24.488434847932304,0,0,0,222,D_pmar=0.054_dist=500_repair_6_males=6_nmar=1,6,1
0,8,500,500,69.57471801855512,278.3621951221412,12.068559041611955,0,0,0,222,D_pmar=0.054_dist=500_repair_6_males=6_nmar=1,6,1
0.054,9,1000,0,63.71668443337527,292.7580581173755,0,16,1.6000000000000003,2.093885280618419,222,D_pmar=0.054_dist=500_repair_6_males=6_nmar=1,6,1
0,6,1000,500,76.51829276219765,253.16887289552665,30.422646230257723,0,0,0,222,D_pmar=0.054_dist=500_repair_6_males=6_nmar=1,6,1
0,10,0,0,70.07565646072209,234.98478122042556,55.0454254322914,0,0,0,223,D_pmar=0.054_dist=500_repair_6_males=6_nmar=1,6,1
0,13,0,500,72.6086070846941,257.03890505367394,30.636292612705816,0,0,0,223,D_pmar=0.054_dist=500_repair_6_males=6_nmar=1,6,1
0.054,6,500,0,69.23175189554388,285.01714778727325,0,30,3.0000000000000013,2.8514760690757837,223,D_pmar=0.054_dist=500_repair_6_males=6_nmar=1,6,1
0,7,500,500,74.89960340340384,248.2474989405578,36.90212280115247,0,0,0,223,D_pmar=0.054_dist=500_repair_6_males=6_nmar=1,6,1
0,8,1000,0,67.69453334376904,261.57470096913994,30.76398432682697,0,0,0,223,D_pmar=0.054_dist=500_repair_6_males=6_nmar=1,6,1
0,10,1000,500,71.60798696269859,258.2195424016816,30.437193547766057,0,0,0,223,D_pmar=0.054_dist=500_repair_6_males=6_nmar=1,6,1
0.054,8,0,0,69.97706304658693,286.5223129535021,0,14,1.4,2.2208593865035717,224,D_pmar=0.054_dist=500_repair_6_males=6_nmar=1,6,1
0,8,0,500,70.75793780663913,246.968628088929,42.46550111419881,0,0,0,224,D_pmar=0.054_dist=500_repair_6_males=6_nmar=1,6,1
0,11,500,0,70.92371864189221,283.07461022811947,6.025254628944286,0,0,0,224,D_pmar=0.054_dist=500_repair_6_males=6_nmar=1,6,1
0,11,500,500,76.03240530850975,277.9563667257673,6.08372913089913,0,0,0,224,D_pmar=0.054_dist=500_repair_6_males=6_nmar=1,6,1
0,6,1000,0,69.55572916401849,266.1868539403835,24.34704859587796,0,0,0,224,D_pmar=0.054_dist=500_repair_6_males=6_nmar=1,6,1
0,10,1000,500,68.12321564311557,285.8373504639565,6.170366204706967,0,0,0,224,D_pmar=0.054_dist=500_repair_6_males=6_nmar=1,6,1
0,8,0,0,67.11726541576768,262.2733412365607,30.681563313860707,0,0,0,225,D_pmar=0.054_dist=500_repair_6_males=6_nmar=1,6,1
0.054,10,0,500,73.85706959967393,282.1061548859867,0,12,1.2,2.907360642278864,225,D_pmar=0.054_dist=500_repair_6_males=6_nmar=1,6,1
0,10,500,0,70.31148891668526,289.99468891415177,0,0,0,0,225,D_pmar=0.054_dist=500_repair_6_males=6_nmar=1,6,1
0,6,500,500,71.4572667437007,267.3712380169795,21.2161733815109,0,0,0,225,D_pmar=0.054_dist=500_repair_6_males=6_nmar=1,6,1
0,12,1000,0,71.81020762815095,282.3919644659431,6.0090058828177595,0,0,0,225,D_pmar=0.054_dist=500_repair_6_males=6_nmar=1,6,1
0,8,1000,500,71.450054556359,276.6090355844823,12.048181786070652,0,0,0,225,D_pmar=0.054_dist=500_repair_6_males=6_nmar=1,6,1
0,8,0,0,72.55464783035949,255.9760415929267,31.629740073422987,0,0,0,226,D_pmar=0.054_dist=500_repair_6_males=6_nmar=1,6,1
0,11,0,500,71.9845294156338,282.04446505521895,6.109716563644438,0,0,0,226,D_pmar=0.054_dist=500_repair_6_males=6_nmar=1,6,1
0.054,9,500,0,68.65619238612145,287.2155843791684,0,18,1.8000000000000005,2.508225441188137,226,D_pmar=0.054_dist=500_repair_6_males=6_nmar=1,6,1
0,4,500,500,71.74536455955747,275.9792046920375,12.306339425717844,0,0,0,226,D_pmar=0.054_dist=500_repair_6_males=6_nmar=1,6,1
0,8,1000,0,74.11177516370805,249.61988169687513,36.379112040098335,0,0,0,226,D_pmar=0.054_dist=500_repair_6_males=6_nmar=1,6,1
0,14,1000,500,73.17255700323246,268.73897933652347,18.27493317489084,0,0,0,226,D_pmar=0.054_dist=500_repair_6_males=6_nmar=1,6,1
0,9,0,0,70.0742083644063,289.9304001164432,0,0,0,0,227,D_pmar=0.054_dist=500_repair_6_males=6_nmar=1,6,1
0,6,0,500,67.63689300380818,274.26595870084,18.220909022496823,0,0,0,227,D_pmar=0.054_dist=500_repair_6_males=6_nmar=1,6,1
0,11,500,0,72.24553846889421,251.3452730372978,36.62685953605036,0,0,0,227,D_pmar=0.054_dist=500_repair_6_males=6_nmar=1,6,1
0.054,9,500,500,68.95783526941396,287.38747773236884,0,16,1.6000000000000003,2.093885280618419,227,D_pmar=0.054_dist=500_repair_6_males=6_nmar=1,6,1
0,12,1000,0,67.33264176801521,280.54649034682745,12.27894078665882,0,0,0,227,D_pmar=0.054_dist=500_repair_6_males=6_nmar=1,6,1
0,7,1000,500,73.3727155802984,256.32820917693294,30.370475851104754,0,0,0,227,D_pmar=0.054_dist=500_repair_6_males=6_nmar=1,6,1
0,5,0,0,71.07060179532668,289.0332709190022,0,0,0,0,228,D_pmar=0.054_dist=500_repair_6_males=6_nmar=1,6,1
0,11,0,500,68.51999344556718,279.31985683497805,12.230874196726178,0,0,0,228,D_pmar=0.054_dist=500_repair_6_males=6_nmar=1,6,1
0,13,500,0,71.79981581687908,264.8545166193957,23.415025004473183,0,0,0,228,D_pmar=0.054_dist=500_repair_6_males=6_nmar=1,6,1
0.054,9,500,500,73.42044237547505,283.6867005341103,0,10,1,1.8951402241918696,228,D_pmar=0.054_dist=500_repair_6_males=6_nmar=1,6,1
0,8,1000,0,71.97982557706135,275.95218499286034,12.17956282796585,0,0,0,228,D_pmar=0.054_dist=500_repair_6_males=6_nmar=1,6,1
0,8,1000,500,69.99725552728428,278.0016743484092,12.170394682024662,0,0,0,228,D_pmar=0.054_dist=500_repair_6_males=6_nmar=1,6,1
0,6,0,0,69.80342222947897,265.69416508534806,24.579807002255407,0,0,0,229,D_pmar=0.054_dist=500_repair_6_males=6_nmar=1,6,1
0,15,0,500,69.19319615808963,284.8262907540053,6.088449106347409,0,0,0,229,D_pmar=0.054_dist=500_repair_6_males=6_nmar=1,6,1
0,10,500,0,75.39247066405157,247.95995475031015,36.68716538043251,0,0,0,229,D_pmar=0.054_dist=500_repair_6_males=6_nmar=1,6,1
0,12,500,500,72.05646389731086,281.7717444288992,6.249899142482129,0,0,0,229,D_pmar=0.054_dist=500_repair_6_males=6_nmar=1,6,1
0.054,7,1000,0,67.96711878806731,287.44188114029714,0,20,2.0000000000000004,2.66464579565297,229,D_pmar=0.054_dist=500_repair_6_males=6_nmar=1,6,1
0,4,1000,500,68.18579159720507,244.00059333092193,48.05219492026684,0,0,0,229,D_pmar=0.054_dist=500_repair_6_males=6_nmar=1,6,1
0,15,0,0,73.50823639526287,286.55437092893135,0,0,0,0,22,D_pmar=0.054_dist=500_repair_6_males=6_nmar=1,6,1
0,9,0,500,74.66868805865751,273.1512763646413,12.28283693756943,0,0,0,22,D_pmar=0.054_dist=500_repair_6_males=6_nmar=1,6,1
0,6,500,0,70.17884091747193,265.297342977137,24.582265786513688,0,0,0,22,D_pmar=0.054_dist=500_repair_6_males=6_nmar=1,6,1
0.054,3,500,500,70.17825605734615,285.9618089815795,0,15,1.5000000000000002,2.4642556509887927,22,D_pmar=0.054_dist=500_repair_6_males=6_nmar=1,6,1
0,10,1000,0,75.16196399231237,272.7642086820332,12.252041329022784,0,0,0,22,D_pmar=0.054_dist=500_repair_6_males=6_nmar=1,6,1
0,11,1000,500,72.6078876122526,245.1147648950147,42.57609588494133,0,0,0,22,D_pmar=0.054_dist=500_repair_6_males=6_nmar=1,6,1
0,7,0,0,71.54370639045774,282.4745904998269,6.061733808542104,0,0,0,230,D_pmar=0.054_dist=500_repair_6_males=6_nmar=1,6,1
0,9,0,500,69.67200081791704,278.2232232185993,12.24088162048042,0,0,0,230,D_pmar=0.054_dist=500_repair_6_males=6_nmar=1,6,1
0,6,500,0,70.37128043899486,277.3970785900987,12.281382335479236,0,0,0,230,D_pmar=0.054_dist=500_repair_6_males=6_nmar=1,6,1
0,11,500,500,72.23398377838924,269.5996057519686,18.511809848701493,0,0,0,230,D_pmar=0.054_dist=500_repair_6_males=6_nmar=1,6,1
0,5,1000,0,72.09148440369997,251.2328731256497,36.69377543212853,0,0,0,230,D_pmar=0.054_dist=500_repair_6_males=6_nmar=1,6,1
0.054,16,1000,500,69.6024891322943,286.5755150454735,0,14,1.4,2.465900739226419,230,D_pmar=0.054_dist=500_repair_6_males=6_nmar=1,6,1
0,11,0,0,68.45194199651795,279.26659715205216,12.39177708379098,0,0,0,231,D_pmar=0.054_dist=500_repair_6_males=6_nmar=1,6,1
0,11,0,500,73.17355878470038,280.80504982023456,6.095397855607658,0,0,0,231,D_pmar=0.054_dist=500_repair_6_males=6_nmar=1,6,1
0.054,9,500,0,70.66112726400534,285.9251487718554,0,14,1.4,2.0627939438011125,231,D_pmar=0.054_dist=500_repair_6_males=6_nmar=1,6,1
0,8,500,500,69.39317591465915,254.08669956733817,36.635223767865675,0,0,0,231,D_pmar=0.054_dist=500_repair_6_males=6_nmar=1,6,1
0,7,1000,0,71.31731544373835,270.5099138901136,18.2405405271685,0,0,0,231,D_pmar=0.054_dist=500_repair_6_males=6_nmar=1,6,1
0,8,1000,500,68.5508339644633,279.2982221950573,12.31971215830322,0,0,0,231,D_pmar=0.054_dist=500_repair_6_males=6_nmar=1,6,1
0,5,0,0,68.76626346660021,279.1252719140376,12.325894078224678,0,0,0,232,D_pmar=0.054_dist=500_repair_6_males=6_nmar=1,6,1
0,6,0,500,69.6765093626271,272.33453034769855,18.281217953429355,0,0,0,232,D_pmar=0.054_dist=500_repair_6_males=6_nmar=1,6,1
0,13,500,0,68.22418787100551,279.7410547174871,12.224508190411187,0,0,0,232,D_pmar=0.054_dist=500_repair_6_males=6_nmar=1,6,1
0,12,500,500,70.88600197368424,277.02803521208926,12.158722791425513,0,0,0,232,D_pmar=0.054_dist=500_repair_6_males=6_nmar=1,6,1
0,10,1000,0,71.7549885651223,269.99536705703724,18.27924590236619,0,0,0,232,D_pmar=0.054_dist=500_repair_6_males=6_nmar=1,6,1
0.054,8,1000,500,69.74836570150148,287.14240036402,0,12,1.2,1.9341747496783337,232,D_pmar=0.054_dist=500_repair_6_males=6_nmar=1,6,1
0,10,0,0,73.01670735074721,256.4422504118495,30.679355402566657,0,0,0,233,D_pmar=0.054_dist=500_repair_6_males=6_nmar=1,6,1
0,10,0,500,72.401819640716,275.36368475735804,12.276260334180868,0,0,0,233,D_pmar=0.054_dist=500_repair_6_males=6_nmar=1,6,1
0,14,500,0,67.19650639557716,268.24106002621363,24.60400458055557,0,0,0,233,D_pmar=0.054_dist=500_repair_6_males=6_nmar=1,6,1
0,4,500,500,70.23007270055184,277.6826851328982,12.151252156697485,0,0,0,233,D_pmar=0.054_dist=500_repair_6_males=6_nmar=1,6,1
0.054,6,1000,0,70.29050946158179,286.0111872331957,0,18,1.8000000000000005,2.140181576914716,233,D_pmar=0.054_dist=500_repair_6_males=6_nmar=1,6,1
0,10,1000,500,70.26920092530048,259.12126351048795,30.75908676895816,0,0,0,233,D_pmar=0.054_dist=500_repair_6_males=6_nmar=1,6,1
0.054,8,0,0,71.66104541552917,284.5393379546417,0,15,1.5000000000000002,2.313451979096165,234,D_pmar=0.054_dist=500_repair_6_males=6_nmar=1,6,1
0,13,0,500,68.16418438974193,279.70900248779526,12.17856403129301,0,0,0,234,D_pmar=0.054_dist=500_repair_6_males=6_nmar=1,6,1
0,9,500,0,68.2139426138902,267.4925001266614,24.325739146932445,0,0,0,234,D_pmar=0.054_dist=500_repair_6_males=6_nmar=1,6,1
0,10,500,500,69.56005861480816,272.44080421945495,18.21207822184668,0,0,0,234,D_pmar=0.054_dist=500_repair_6_males=6_nmar=1,6,1
0,8,1000,0,71.27025416806276,264.478049396049,24.2600184076037,0,0,0,234,D_pmar=0.054_dist=500_repair_6_males=6_nmar=1,6,1
0,6,1000,500,68.93910420235038,278.7653626510872,12.337354433104307,0,0,0,234,D_pmar=0.054_dist=500_repair_6_males=6_nmar=1,6,1
0,9,0,0,69.1840601190204,284.8200181953871,6.184674962015945,0,0,0,235,D_pmar=0.054_dist=500_repair_6_males=6_nmar=1,6,1
0,11,0,500,71.97902134919981,257.34405885422524,30.73398599502001,0,0,0,235,D_pmar=0.054_dist=500_repair_6_males=6_nmar=1,6,1
0,3,500,0,72.13671232092456,244.85464057377789,43.025801303557834,0,0,0,235,D_pmar=0.054_dist=500_repair_6_males=6_nmar=1,6,1
0.054,8,500,500,75.84185513866001,279.72911945987977,0,19,1.9000000000000008,2.66067420131839,235,D_pmar=0.054_dist=500_repair_6_males=6_nmar=1,6,1
0,9,1000,0,67.33593247116676,280.4889455636238,12.456249344261906,0,0,0,235,D_pmar=0.054_dist=500_repair_6_males=6_nmar=1,6,1
0,14,1000,500,72.50007095042595,263.2670298998448,24.2566384063072,0,0,0,235,D_pmar=0.054_dist=500_repair_6_males=6_nmar=1,6,1
0,8,0,0,69.85820187373861,272.06597273076846,18.208005839356073,0,0,0,236,D_pmar=0.054_dist=500_repair_6_males=6_nmar=1,6,1
0,8,0,500,74.80199211036737,260.7660626888059,24.67467702452576,0,0,0,236,D_pmar=0.054_dist=500_repair_6_males=6_nmar=1,6,1
0,7,500,0,70.06872214838519,259.35541990916477,30.61006218998476,0,0,0,236,D_pmar=0.054_dist=500_repair_6_males=6_nmar=1,6,1
0,14,500,500,69.89924584249277,271.9406679293236,18.246798729420433,0,0,0,236,D_pmar=0.054_dist=500_repair_6_males=6_nmar=1,6,1
0.054,6,1000,0,70.73154857613129,284.74915935111073,0,18,1.8000000000000005,2.783676712868964,236,D_pmar=0.054_dist=500_repair_6_males=6_nmar=1,6,1
0,11,1000,500,71.10322942440031,272.564053597497,16.351901542380308,0,0,0,236,D_pmar=0.054_dist=500_repair_6_males=6_nmar=1,6,1
0,12,0,0,69.13497978006353,272.7869882349719,18.12886334010859,0,0,0,237,D_pmar=0.054_dist=500_repair_6_males=6_nmar=1,6,1
0,6,0,500,68.22136328440479,279.58770736525247,12.23658335906822,0,0,0,237,D_pmar=0.054_dist=500_repair_6_males=6_nmar=1,6,1
0.054,11,500,0,68.53905778754056,288.20555661867576,0,12,1.2,2.1841513671140604,237,D_pmar=0.054_dist=500_repair_6_males=6_nmar=1,6,1
0,8,500,500,69.53322172774853,272.4178750889551,18.19700695211438,0,0,0,237,D_pmar=0.054_dist=500_repair_6_males=6_nmar=1,6,1
0,5,1000,0,71.60026377241735,282.46132420073707,6.150338091721401,0,0,0,237,D_pmar=0.054_dist=500_repair_6_males=6_nmar=1,6,1
0,12,1000,500,68.65426712848046,273.1261025321555,18.347440238173064,0,0,0,237,D_pmar=0.054_dist=500_repair_6_males=6_nmar=1,6,1
0,9,0,0,73.63995849105875,262.2689374250377,24.23712878741878,0,0,0,238,D_pmar=0.054_dist=500_repair_6_males=6_nmar=1,6,1
0,7,0,500,69.8925026563572,271.93964753420914,18.29120179232051,0,0,0,238,D_pmar=0.054_dist=500_repair_6_males=6_nmar=1,6,1
0,11,500,0,67.81932975262863,280.059423595409,12.140032287427967,0,0,0,238,D_pmar=0.054_dist=500_repair_6_males=6_nmar=1,6,1
0,12,500,500,71.60797698437415,270.1344439833893,18.35165523061462,0,0,0,238,D_pmar=0.054_dist=500_repair_6_males=6_nmar=1,6,1
0.054,5,1000,0,70.90544164351228,284.6679746479142,0,20,2.0000000000000004,2.4986371642813525,238,D_pmar=0.054_dist=500_repair_6_males=6_nmar=1,6,1
0,10,1000,500,70.54038310311137,240.7071985986784,48.807892759213765,0,0,0,238,D_pmar=0.054_dist=500_repair_6_males=6_nmar=1,6,1
0,8,0,0,69.66949197445483,259.93681715628924,30.402485199526968,0,0,0,239,D_pmar=0.054_dist=500_repair_6_males=6_nmar=1,6,1
0.054,7,0,500,70.1388798369604,286.1791595839497,0,16,1.6000000000000003,2.294275425282596,239,D_pmar=0.054_dist=500_repair_6_males=6_nmar=1,6,1
0,10,500,0,72.78106819084044,268.94623648698933,18.378264578514656,0,0,0,239,D_pmar=0.054_dist=500_repair_6_males=6_nmar=1,6,1
0,9,500,500,68.91310802457815,273.14975758615793,18.09805755036988,0,0,0,239,D_pmar=0.054_dist=500_repair_6_males=6_nmar=1,6,1
0,11,1000,0,70.41691343197246,271.33768496086327,18.325821603449587,0,0,0,239,D_pmar=0.054_dist=500_repair_6_males=6_nmar=1,6,1
0,9,1000,500,69.65808653038933,278.0706690051743,12.32747097590569,0,0,0,239,D_pmar=0.054_dist=500_repair_6_males=6_nmar=1,6,1
0,12,0,0,69.63765065731468,272.13376035123895,18.268123422618356,0,0,0,23,D_pmar=0.054_dist=500_repair_6_males=6_nmar=1,6,1
0,3,0,500,70.45869155056066,246.9018369789957,42.6701141069299,0,0,0,23,D_pmar=0.054_dist=500_repair_6_males=6_nmar=1,6,1
0,8,500,0,70.78540297073627,258.94234198796414,30.302096501599006,0,0,0,23,D_pmar=0.054_dist=500_repair_6_males=6_nmar=1,6,1
0.054,16,500,500,72.95666342300869,282.7218791842552,0,20,2.0000000000000004,2.5026087586159314,23,D_pmar=0.054_dist=500_repair_6_males=6_nmar=1,6,1
0,7,1000,0,67.47951977398345,292.74771245945726,0,0,0,0,23,D_pmar=0.054_dist=500_repair_6_males=6_nmar=1,6,1
0,8,1000,500,68.30181561667601,261.2570938526032,30.62918955674082,0,0,0,23,D_pmar=0.054_dist=500_repair_6_males=6_nmar=1,6,1
0,8,0,0,70.38077518864868,265.1792914995504,24.441108207460697,0,0,0,240,D_pmar=0.054_dist=500_repair_6_males=6_nmar=1,6,1
0.054,8,0,500,68.41924351155028,288.03232221833343,0,17,1.7000000000000004,2.007590788457357,240,D_pmar=0.054_dist=500_repair_6_males=6_nmar=1,6,1
0,10,500,0,68.37286797128665,291.68359229728827,0,0,0,0,240,D_pmar=0.054_dist=500_repair_6_males=6_nmar=1,6,1
0,8,500,500,72.50505643839246,251.0525881504027,36.58105991922798,0,0,0,240,D_pmar=0.054_dist=500_repair_6_males=6_nmar=1,6,1
0,11,1000,0,71.5536332704241,282.39105158202983,6.100563514772816,0,0,0,240,D_pmar=0.054_dist=500_repair_6_males=6_nmar=1,6,1
0,9,1000,500,69.48869356145742,253.88307594331584,36.67570069361625,0,0,0,240,D_pmar=0.054_dist=500_repair_6_males=6_nmar=1,6,1
0,12,0,0,67.12540696828353,280.84654996094883,12.155086289716191,0,0,0,241,D_pmar=0.054_dist=500_repair_6_males=6_nmar=1,6,1
0,6,0,500,68.99313353690376,266.74517661376314,24.32100948541792,0,0,0,241,D_pmar=0.054_dist=500_repair_6_males=6_nmar=1,6,1
0,11,500,0,71.22623655385472,258.4146302855409,30.372823890675317,0,0,0,241,D_pmar=0.054_dist=500_repair_6_males=6_nmar=1,6,1
0.054,11,500,500,70.96200400669333,285.25409562549726,0,17,1.7000000000000004,2.342898227675845,241,D_pmar=0.054_dist=500_repair_6_males=6_nmar=1,6,1
0,8,1000,0,69.78036408495909,290.3255713457342,0,0,0,0,241,D_pmar=0.054_dist=500_repair_6_males=6_nmar=1,6,1
0,6,1000,500,68.98173298798045,254.4525659272279,36.83492078505219,0,0,0,241,D_pmar=0.054_dist=500_repair_6_males=6_nmar=1,6,1
0,8,0,0,70.02474680660124,271.65042848597403,18.394878644495613,0,0,0,242,D_pmar=0.054_dist=500_repair_6_males=6_nmar=1,6,1
0,6,0,500,75.40697916928683,272.6072369404449,12.398578207493877,0,0,0,242,D_pmar=0.054_dist=500_repair_6_males=6_nmar=1,6,1
0,8,500,0,75.67316133567637,247.5374212597175,36.81075267435379,0,0,0,242,D_pmar=0.054_dist=500_repair_6_males=6_nmar=1,6,1
0,10,500,500,73.18498939547106,262.36834718932596,24.566809543407587,0,0,0,242,D_pmar=0.054_dist=500_repair_6_males=6_nmar=1,6,1
0.054,11,1000,0,69.12360230245066,286.56022752924036,0,20,2.0000000000000004,2.3190686616683704,242,D_pmar=0.054_dist=500_repair_6_males=6_nmar=1,6,1
0,11,1000,500,70.16467968160165,259.31910191429284,30.711806162149554,0,0,0,242,D_pmar=0.054_dist=500_repair_6_males=6_nmar=1,6,1
0.054,5,0,0,69.828247115018,286.43040156320814,0,16,1.6000000000000003,2.2192142982659457,243,D_pmar=0.054_dist=500_repair_6_males=6_nmar=1,6,1
0,9,0,500,69.90105261843269,259.7960842616207,30.350502560411226,0,0,0,243,D_pmar=0.054_dist=500_repair_6_males=6_nmar=1,6,1
0,10,500,0,65.25397003847117,276.3665355264129,18.45278740580179,0,0,0,243,D_pmar=0.054_dist=500_repair_6_males=6_nmar=1,6,1
0,9,500,500,67.92978821238435,285.9882060668433,6.111317900933972,0,0,0,243,D_pmar=0.054_dist=500_repair_6_males=6_nmar=1,6,1
0,10,1000,0,70.53064091533028,259.194209250474,30.43346394497516,0,0,0,243,D_pmar=0.054_dist=500_repair_6_males=6_nmar=1,6,1
0,11,1000,500,73.38253721011408,274.28217757430065,12.385259893677604,0,0,0,243,D_pmar=0.054_dist=500_repair_6_males=6_nmar=1,6,1
0,7,0,0,69.45554267952015,254.07243125418577,36.663645938421546,0,0,0,244,D_pmar=0.054_dist=500_repair_6_males=6_nmar=1,6,1
0,6,0,500,65.70719153240317,282.22527177817733,12.142532482495676,0,0,0,244,D_pmar=0.054_dist=500_repair_6_males=6_nmar=1,6,1
0.054,7,500,0,67.94510729276675,288.1886793859034,0,14,1.4,2.489048887374567,244,D_pmar=0.054_dist=500_repair_6_males=6_nmar=1,6,1
0,12,500,500,67.51371622812886,286.3936368286553,6.115487011155884,0,0,0,244,D_pmar=0.054_dist=500_repair_6_males=6_nmar=1,6,1
0,7,1000,0,72.48307118818529,269.2227082605694,18.44997379970355,0,0,0,244,D_pmar=0.054_dist=500_repair_6_males=6_nmar=1,6,1
0,15,1000,500,73.07087357630895,274.6894783542263,12.244504061459011,0,0,0,244,D_pmar=0.054_dist=500_repair_6_males=6_nmar=1,6,1
0,6,0,0,71.5957063415334,276.36624805959104,12.063602289547552,0,0,0,245,D_pmar=0.054_dist=500_repair_6_males=6_nmar=1,6,1
0,6,0,500,68.68468510062098,267.1600721012717,24.23260268482247,0,0,0,245,D_pmar=0.054_dist=500_repair_6_males=6_nmar=1,6,1
0,10,500,0,69.7071436627633,277.98786753190757,12.323867713181857,0,0,0,245,D_pmar=0.054_dist=500_repair_6_males=6_nmar=1,6,1
0.054,14,500,500,72.06081441321717,284.37869220151003,0,14,1.4,2.2192142982659453,245,D_pmar=0.054_dist=500_repair_6_males=6_nmar=1,6,1
0,7,1000,0,70.48542357027111,283.55199013627276,6.006639744666571,0,0,0,245,D_pmar=0.054_dist=500_repair_6_males=6_nmar=1,6,1
0,11,1000,500,69.90434129038512,259.7580946787014,30.34155038030792,0,0,0,245,D_pmar=0.054_dist=500_repair_6_males=6_nmar=1,6,1
0,11,0,0,72.72074263079388,257.03223031665954,30.259134002684288,0,0,0,246,D_pmar=0.054_dist=500_repair_6_males=6_nmar=1,6,1
0,9,0,500,71.40066135000265,257.82329087116705,30.859965806209456,0,0,0,246,D_pmar=0.054_dist=500_repair_6_males=6_nmar=1,6,1
0.054,10,500,0,72.12358375298284,282.8615374453011,0,24,2.400000000000001,2.6543761008868585,246,D_pmar=0.054_dist=500_repair_6_males=6_nmar=1,6,1
0,8,500,500,71.83009942744978,245.26999434929868,42.91362418742673,0,0,0,246,D_pmar=0.054_dist=500_repair_6_males=6_nmar=1,6,1
0,10,1000,0,70.31065704291969,271.57314086228,18.28359722255835,0,0,0,246,D_pmar=0.054_dist=500_repair_6_males=6_nmar=1,6,1
0,6,1000,500,68.13132274397447,267.3496785607587,24.67268115813029,0,0,0,246,D_pmar=0.054_dist=500_repair_6_males=6_nmar=1,6,1
0,10,0,0,69.69474959220359,272.2493870921989,18.062628617989336,0,0,0,247,D_pmar=0.054_dist=500_repair_6_males=6_nmar=1,6,1
0,9,0,500,74.239565973918,267.2812141999175,18.5479850084999,0,0,0,247,D_pmar=0.054_dist=500_repair_6_males=6_nmar=1,6,1
0,8,500,0,69.38777894111134,272.13115209514945,18.48884214010373,0,0,0,247,D_pmar=0.054_dist=500_repair_6_males=6_nmar=1,6,1
0.054,9,500,500,70.65565315616847,285.3729917604146,0,15,1.5000000000000002,2.498637164281352,247,D_pmar=0.054_dist=500_repair_6_males=6_nmar=1,6,1
0,12,1000,0,69.97422850999378,283.97012296037536,6.108874272971655,0,0,0,247,D_pmar=0.054_dist=500_repair_6_males=6_nmar=1,6,1
0,6,1000,500,66.86810722628418,262.49832063696977,30.69553362268935,0,0,0,247,D_pmar=0.054_dist=500_repair_6_males=6_nmar=1,6,1
0.054,13,0,0,74.06114854744494,282.6351919677155,0,16,1.6000000000000003,2.2327741695073096,248,D_pmar=0.054_dist=500_repair_6_males=6_nmar=1,6,1
0,5,0,500,71.81082634778997,257.9688444026258,30.45428254040355,0,0,0,248,D_pmar=0.054_dist=500_repair_6_males=6_nmar=1,6,1
0,9,500,0,67.01051334415399,268.76121994878275,24.337208742927167,0,0,0,248,D_pmar=0.054_dist=500_repair_6_males=6_nmar=1,6,1
0,10,500,500,68.96763447256782,285.0173628077124,6.216632725968257,0,0,0,248,D_pmar=0.054_dist=500_repair_6_males=6_nmar=1,6,1
0,8,1000,0,72.1585921525955,256.93301428603064,30.96207520950338,0,0,0,248,D_pmar=0.054_dist=500_repair_6_males=6_nmar=1,6,1
0,9,1000,500,72.26914277978692,281.73687310838795,6.003391948595221,0,0,0,248,D_pmar=0.054_dist=500_repair_6_males=6_nmar=1,6,1
0,5,0,0,70.94852589528591,283.00782569853874,6.061459991522494,0,0,0,249,D_pmar=0.054_dist=500_repair_6_males=6_nmar=1,6,1
0.054,11,0,500,69.75537891448384,286.4306664295913,0,15,1.5000000000000002,2.520140224191874,249,D_pmar=0.054_dist=500_repair_6_males=6_nmar=1,6,1
0,13,500,0,72.09693418823217,275.66628647785893,12.243387674446582,0,0,0,249,D_pmar=0.054_dist=500_repair_6_males=6_nmar=1,6,1
0,9,500,500,70.32388214304459,249.8988191666226,39.93993152812029,0,0,0,249,D_pmar=0.054_dist=500_repair_6_males=6_nmar=1,6,1
0,5,1000,0,68.38610864158454,279.3896566728925,12.282221814550294,0,0,0,249,D_pmar=0.054_dist=500_repair_6_males=6_nmar=1,6,1
0,11,1000,500,69.27749291927772,272.22957621458187,18.518942239336948,0,0,0,249,D_pmar=0.054_dist=500_repair_6_males=6_nmar=1,6,1
0,3,0,0,70.48070666978089,265.15128313069255,24.489825210038138,0,0,0,24,D_pmar=0.054_dist=500_repair_6_males=6_nmar=1,6,1
0,17,0,500,71.94916497852633,282.22659856862566,6.071042560657545,0,0,0,24,D_pmar=0.054_dist=500_repair_6_males=6_nmar=1,6,1
0.054,11,500,0,67.749873477738,288.23031169642223,0,17,1.7000000000000004,2.3676914640616205,24,D_pmar=0.054_dist=500_repair_6_males=6_nmar=1,6,1
0,4,500,500,68.69848772603541,273.02471773342785,18.332302433818327,0,0,0,24,D_pmar=0.054_dist=500_repair_6_males=6_nmar=1,6,1
0,7,1000,0,70.05275675814777,247.01093433227507,42.99626975106407,0,0,0,24,D_pmar=0.054_dist=500_repair_6_males=6_nmar=1,6,1
0,12,1000,500,73.93944208188573,274.06898286306523,12.048736175249903,0,0,0,24,D_pmar=0.054_dist=500_repair_6_males=6_nmar=1,6,1
0.054,5,0,0,68.29089529998785,287.673342121071,0,17,1.7000000000000004,2.5369902719084907,250,D_pmar=0.054_dist=500_repair_6_males=6_nmar=1,6,1
0,10,0,500,68.7370594813532,242.96592125957793,48.552286013344244,0,0,0,250,D_pmar=0.054_dist=500_repair_6_males=6_nmar=1,6,1
0,7,500,0,70.78883220633958,277.07458419337934,12.173964943550953,0,0,0,250,D_pmar=0.054_dist=500_repair_6_males=6_nmar=1,6,1
0,12,500,500,72.23164176831948,275.3915964104992,12.594895868021032,0,0,0,250,D_pmar=0.054_dist=500_repair_6_males=6_nmar=1,6,1
0,15,1000,0,74.89501312475018,279.16089780168886,6.1274157643405225,0,0,0,250,D_pmar=0.054_dist=500_repair_6_males=6_nmar=1,6,1
0,5,1000,500,69.8468246046479,265.99271725067695,24.31033231443538,0,0,0,250,D_pmar=0.054_dist=500_repair_6_males=6_nmar=1,6,1
0,15,0,0,68.81632003247609,273.0770670246511,18.16499801785525,0,0,0,251,D_pmar=0.054_dist=500_repair_6_males=6_nmar=1,6,1
0,9,0,500,70.42437965702418,271.5265592418687,18.337190643344982,0,0,0,251,D_pmar=0.054_dist=500_repair_6_males=6_nmar=1,6,1
0,7,500,0,69.03667972877642,266.96188505115094,24.290922891298273,0,0,0,251,D_pmar=0.054_dist=500_repair_6_males=6_nmar=1,6,1
0,4,500,500,71.96983669633825,275.8717149285756,12.165392254009795,0,0,0,251,D_pmar=0.054_dist=500_repair_6_males=6_nmar=1,6,1
0.054,12,1000,0,72.1787221304147,283.8290068962221,0,15,1.5000000000000002,2.5776698856325817,251,D_pmar=0.054_dist=500_repair_6_males=6_nmar=1,6,1
0,7,1000,500,72.53793062558908,269.27321130561666,18.24563898263587,0,0,0,251,D_pmar=0.054_dist=500_repair_6_males=6_nmar=1,6,1
0,7,0,0,71.05403309165962,289.0368832854978,0,0,0,0,252,D_pmar=0.054_dist=500_repair_6_males=6_nmar=1,6,1
0,3,0,500,70.49970317603088,259.0058643579116,30.517654275817627,0,0,0,252,D_pmar=0.054_dist=500_repair_6_males=6_nmar=1,6,1
0,10,500,0,68.43444143007453,291.7913609872761,0,0,0,0,252,D_pmar=0.054_dist=500_repair_6_males=6_nmar=1,6,1
0.054,9,500,500,70.51406176259117,286.22471249843073,0,9,0.8999999999999999,2.410016166023338,252,D_pmar=0.054_dist=500_repair_6_males=6_nmar=1,6,1
0,15,1000,0,72.38087364350511,281.67679926666307,5.948540516964556,0,0,0,252,D_pmar=0.054_dist=500_repair_6_males=6_nmar=1,6,1
0,10,1000,500,72.35078575968615,269.26694867201775,18.50583254683088,0,0,0,252,D_pmar=0.054_dist=500_repair_6_males=6_nmar=1,6,1
0,11,0,0,68.84400167236261,285.22556347890946,6.022127927719481,0,0,0,253,D_pmar=0.054_dist=500_repair_6_males=6_nmar=1,6,1
0,10,0,500,69.41630127955982,260.22517820302284,30.46163241092439,0,0,0,253,D_pmar=0.054_dist=500_repair_6_males=6_nmar=1,6,1
0,9,500,0,72.49331982699975,257.1149882805769,30.435689862176293,0,0,0,253,D_pmar=0.054_dist=500_repair_6_males=6_nmar=1,6,1
0.054,9,500,500,71.36183042515788,284.46688156709297,0,17,1.7000000000000004,2.544933460577649,253,D_pmar=0.054_dist=500_repair_6_males=6_nmar=1,6,1
0,9,1000,0,72.75949687578645,275.3287055751266,12.18188143159057,0,0,0,253,D_pmar=0.054_dist=500_repair_6_males=6_nmar=1,6,1
0,6,1000,500,69.04413210581225,266.7974364477851,24.4451129092578,0,0,0,253,D_pmar=0.054_dist=500_repair_6_males=6_nmar=1,6,1
0,6,0,0,65.97389889842351,269.58766040699214,24.49261885367175,0,0,0,254,D_pmar=0.054_dist=500_repair_6_males=6_nmar=1,6,1
0,10,0,500,70.39885400644204,277.1073827369992,12.6548045466841,0,0,0,254,D_pmar=0.054_dist=500_repair_6_males=6_nmar=1,6,1
0,11,500,0,69.85899411075418,277.9628707942739,12.19676860479333,0,0,0,254,D_pmar=0.054_dist=500_repair_6_males=6_nmar=1,6,1
0,9,500,500,70.83152424133243,264.76344683453385,24.5811071770516,0,0,0,254,D_pmar=0.054_dist=500_repair_6_males=6_nmar=1,6,1
0,11,1000,0,72.19432805510846,245.06237248008208,42.84423444599812,0,0,0,254,D_pmar=0.054_dist=500_repair_6_males=6_nmar=1,6,1
0.054,7,1000,500,75.64883592525449,279.87760798525034,0,20,2.0000000000000004,2.521785312429501,254,D_pmar=0.054_dist=500_repair_6_males=6_nmar=1,6,1
0.054,9,0,0,71.69842130414999,284.6984016395092,0,18,1.8000000000000005,1.926231561009176,255,D_pmar=0.054_dist=500_repair_6_males=6_nmar=1,6,1
0,7,0,500,68.24224803650361,243.20343803189385,48.68917003877261,0,0,0,255,D_pmar=0.054_dist=500_repair_6_males=6_nmar=1,6,1
0,15,500,0,66.76360845384536,287.16403192879324,6.144929653139849,0,0,0,255,D_pmar=0.054_dist=500_repair_6_males=6_nmar=1,6,1
0,8,500,500,71.97649710154658,281.9985169833646,6.161124191420783,0,0,0,255,D_pmar=0.054_dist=500_repair_6_males=6_nmar=1,6,1
0,3,1000,0,68.15197383023533,255.14984397785216,36.799293133353814,0,0,0,255,D_pmar=0.054_dist=500_repair_6_males=6_nmar=1,6,1
0,12,1000,500,70.72484373526349,277.06594952747565,12.216813001389344,0,0,0,255,D_pmar=0.054_dist=500_repair_6_males=6_nmar=1,6,1
0,6,0,0,70.58292120064286,271.17210929175485,18.547136223517946,0,0,0,256,D_pmar=0.054_dist=500_repair_6_males=6_nmar=1,6,1
0,11,0,500,67.8569795088884,279.9542746304545,12.254269571284173,0,0,0,256,D_pmar=0.054_dist=500_repair_6_males=6_nmar=1,6,1
0,9,500,0,71.78962243396266,270.27841951387927,18.185460942249662,0,0,0,256,D_pmar=0.054_dist=500_repair_6_males=6_nmar=1,6,1
0,7,500,500,71.01973119866078,264.541725524441,24.668837231094045,0,0,0,256,D_pmar=0.054_dist=500_repair_6_males=6_nmar=1,6,1
0,10,1000,0,66.48810208987717,263.0474074471576,30.52485520509682,0,0,0,256,D_pmar=0.054_dist=500_repair_6_males=6_nmar=1,6,1
0.054,11,1000,500,70.15646479414886,285.6118373381941,0,17,1.7000000000000004,2.581641479967161,256,D_pmar=0.054_dist=500_repair_6_males=6_nmar=1,6,1
0,5,0,0,71.43090053648467,288.6775026325716,0,0,0,0,257,D_pmar=0.054_dist=500_repair_6_males=6_nmar=1,6,1
0,8,0,500,73.87076525562274,273.8627398754264,12.360358130919488,0,0,0,257,D_pmar=0.054_dist=500_repair_6_males=6_nmar=1,6,1
0,7,500,0,73.03071872709364,274.72239786007174,12.316442289661913,0,0,0,257,D_pmar=0.054_dist=500_repair_6_males=6_nmar=1,6,1
0.054,16,500,500,70.1831790985678,287.02955342632265,0,9,0.8999999999999999,1.9087000954332332,257,D_pmar=0.054_dist=500_repair_6_males=6_nmar=1,6,1
0,9,1000,0,73.76939150978762,274.1246863570817,12.160763177422565,0,0,0,257,D_pmar=0.054_dist=500_repair_6_males=6_nmar=1,6,1
0,9,1000,500,68.65526722343981,273.14880370469217,18.30603234596082,0,0,0,257,D_pmar=0.054_dist=500_repair_6_males=6_nmar=1,6,1
0,15,0,0,72.41127330358508,269.2442059592137,18.41762646610224,0,0,0,258,D_pmar=0.054_dist=500_repair_6_males=6_nmar=1,6,1
0,7,0,500,70.57323822135876,277.3735957829323,12.139856282652914,0,0,0,258,D_pmar=0.054_dist=500_repair_6_males=6_nmar=1,6,1
0,8,500,0,69.14294747044632,284.5930359676775,6.274492519879024,0,0,0,258,D_pmar=0.054_dist=500_repair_6_males=6_nmar=1,6,1
0,9,500,500,70.78212024566136,258.66432234060704,30.642418489064102,0,0,0,258,D_pmar=0.054_dist=500_repair_6_males=6_nmar=1,6,1
0,8,1000,0,70.17521622624243,283.9121347442912,6.041885353898602,0,0,0,258,D_pmar=0.054_dist=500_repair_6_males=6_nmar=1,6,1
0.054,7,1000,500,67.13580376008575,289.4286000947996,0,12,1.2,2.421249531167749,258,D_pmar=0.054_dist=500_repair_6_males=6_nmar=1,6,1
0,8,0,0,71.30358636682365,282.74663380843833,6.097388502623102,0,0,0,259,D_pmar=0.054_dist=500_repair_6_males=6_nmar=1,6,1
0,6,0,500,72.21930722139251,259.5828947571664,28.260739169488406,0,0,0,259,D_pmar=0.054_dist=500_repair_6_males=6_nmar=1,6,1
0,6,500,0,75.26720410493931,247.80199201223817,36.96364305317791,0,0,0,259,D_pmar=0.054_dist=500_repair_6_males=6_nmar=1,6,1
0.054,10,500,500,69.64493705406895,286.7118259579039,0,16,1.6000000000000003,2.057177261228907,259,D_pmar=0.054_dist=500_repair_6_males=6_nmar=1,6,1
0,8,1000,0,69.6920074251309,277.97688866501846,12.390601125204174,0,0,0,259,D_pmar=0.054_dist=500_repair_6_males=6_nmar=1,6,1
0,16,1000,500,70.3127743584036,280.72111766234616,9.164987106279836,0,0,0,259,D_pmar=0.054_dist=500_repair_6_males=6_nmar=1,6,1
0,9,0,0,73.2973721457694,262.2775444170802,24.5382601750066,0,0,0,25,D_pmar=0.054_dist=500_repair_6_males=6_nmar=1,6,1
0,10,0,500,69.88323465827544,284.0705170067019,6.152320559467463,0,0,0,25,D_pmar=0.054_dist=500_repair_6_males=6_nmar=1,6,1
0,8,500,0,72.05061194087348,269.83888284613533,18.16327771106399,0,0,0,25,D_pmar=0.054_dist=500_repair_6_males=6_nmar=1,6,1
0,8,500,500,69.9341004044436,290.44361309010753,0,0,0,0,25,D_pmar=0.054_dist=500_repair_6_males=6_nmar=1,6,1
0.054,11,1000,0,71.73203443321579,285.03436150234523,0,10,1,2.2711272771344473,25,D_pmar=0.054_dist=500_repair_6_males=6_nmar=1,6,1
0,8,1000,500,67.87255286592107,280.03905691464865,12.212286603908195,0,0,0,25,D_pmar=0.054_dist=500_repair_6_males=6_nmar=1,6,1
0.054,11,0,0,71.52332316545733,284.10119792362326,0,17,1.7000000000000004,2.760528564720816,260,D_pmar=0.054_dist=500_repair_6_males=6_nmar=1,6,1
0,7,0,500,68.81351458653472,272.84879377915985,18.347731920752143,0,0,0,260,D_pmar=0.054_dist=500_repair_6_males=6_nmar=1,6,1
0,11,500,0,69.7347277116449,266.1528145779874,24.199082599898485,0,0,0,260,D_pmar=0.054_dist=500_repair_6_males=6_nmar=1,6,1
0,7,500,500,68.96005754224335,285.0231392569014,6.13921207202404,0,0,0,260,D_pmar=0.054_dist=500_repair_6_males=6_nmar=1,6,1
0,9,1000,0,71.4872487136272,258.03856683545735,30.634984611568683,0,0,0,260,D_pmar=0.054_dist=500_repair_6_males=6_nmar=1,6,1
0,9,1000,500,75.24760105881799,260.4852551021824,24.49089187871791,0,0,0,260,D_pmar=0.054_dist=500_repair_6_males=6_nmar=1,6,1
0,9,0,0,70.64697373730782,265.2329513056501,24.17550464490047,0,0,0,261,D_pmar=0.054_dist=500_repair_6_males=6_nmar=1,6,1
0.054,4,0,500,69.06787593733738,286.7142044280523,0,20,2.0000000000000004,2.284687148375811,261,D_pmar=0.054_dist=500_repair_6_males=6_nmar=1,6,1
0,7,500,0,71.8827669165633,275.9505994582754,12.23959851325932,0,0,0,261,D_pmar=0.054_dist=500_repair_6_males=6_nmar=1,6,1
0,8,500,500,70.57348649596324,252.91927384266984,36.66763268888699,0,0,0,261,D_pmar=0.054_dist=500_repair_6_males=6_nmar=1,6,1
0,15,1000,0,73.07001201412375,268.416231204253,18.521038914741073,0,0,0,261,D_pmar=0.054_dist=500_repair_6_males=6_nmar=1,6,1
0,11,1000,500,70.00638855027056,259.58220236597157,30.447160461554244,0,0,0,261,D_pmar=0.054_dist=500_repair_6_males=6_nmar=1,6,1
0,11,0,0,69.63402707026088,272.2242372517835,18.274867865515645,0,0,0,262,D_pmar=0.054_dist=500_repair_6_males=6_nmar=1,6,1
0,5,0,500,70.82747373917502,264.9860202224959,24.308430808654368,0,0,0,262,D_pmar=0.054_dist=500_repair_6_males=6_nmar=1,6,1
0,8,500,0,69.01267289813117,278.84488660623964,12.160718933014165,0,0,0,262,D_pmar=0.054_dist=500_repair_6_males=6_nmar=1,6,1
0,14,500,500,69.93066950377451,265.9137386297983,24.25755046186964,0,0,0,262,D_pmar=0.054_dist=500_repair_6_males=6_nmar=1,6,1
0,7,1000,0,70.92528472497095,277.01697689533944,12.20675843013058,0,0,0,262,D_pmar=0.054_dist=500_repair_6_males=6_nmar=1,6,1
0.054,9,1000,500,68.55883407474464,287.51332539036235,0,15,1.5000000000000002,2.4354908202684387,262,D_pmar=0.054_dist=500_repair_6_males=6_nmar=1,6,1
0,7,0,0,73.41281891305788,262.02127706528887,24.582171240620468,0,0,0,263,D_pmar=0.054_dist=500_repair_6_males=6_nmar=1,6,1
0.054,8,0,500,67.93488094172604,288.1883849203251,0,14,1.4,2.5393167780054435,263,D_pmar=0.054_dist=500_repair_6_males=6_nmar=1,6,1
0,10,500,0,73.1148915921448,274.8974236899963,12.017059254570594,0,0,0,263,D_pmar=0.054_dist=500_repair_6_males=6_nmar=1,6,1
0,14,500,500,72.07169353481225,269.49171215573114,18.46669232035032,0,0,0,263,D_pmar=0.054_dist=500_repair_6_males=6_nmar=1,6,1
0,10,1000,0,73.70645142626407,286.3321198578878,0,0,0,0,263,D_pmar=0.054_dist=500_repair_6_males=6_nmar=1,6,1
0,5,1000,500,71.50196124512843,258.0078302354849,30.558945806567884,0,0,0,263,D_pmar=0.054_dist=500_repair_6_males=6_nmar=1,6,1
0,7,0,0,70.11862285377848,265.8833851246456,24.20383568299157,0,0,0,264,D_pmar=0.054_dist=500_repair_6_males=6_nmar=1,6,1
0,10,0,500,73.5599155339584,268.28318129918347,18.198515619535847,0,0,0,264,D_pmar=0.054_dist=500_repair_6_males=6_nmar=1,6,1
0.054,16,500,0,69.34367307683877,286.2702042764864,0,19,1.9000000000000008,2.6408162296454947,264,D_pmar=0.054_dist=500_repair_6_males=6_nmar=1,6,1
0,9,500,500,69.88016087155627,265.8548391641308,24.373802007991937,0,0,0,264,D_pmar=0.054_dist=500_repair_6_males=6_nmar=1,6,1
0,4,1000,0,70.93472144642215,258.67431182358166,30.53334261420647,0,0,0,264,D_pmar=0.054_dist=500_repair_6_males=6_nmar=1,6,1
0,8,1000,500,69.10160233062264,275.5211394351504,15.430641353506438,0,0,0,264,D_pmar=0.054_dist=500_repair_6_males=6_nmar=1,6,1
0.054,6,0,0,71.44584727328451,284.70728778886166,0,17,1.7000000000000004,2.220859386503572,265,D_pmar=0.054_dist=500_repair_6_males=6_nmar=1,6,1
0,9,0,500,68.58164088219148,257.524528644057,34.011443313877535,0,0,0,265,D_pmar=0.054_dist=500_repair_6_males=6_nmar=1,6,1
0,8,500,0,68.93737156267454,266.51051621562243,24.55224927816271,0,0,0,265,D_pmar=0.054_dist=500_repair_6_males=6_nmar=1,6,1
0,9,500,500,70.97615078794627,276.89723824379723,12.133289799860908,0,0,0,265,D_pmar=0.054_dist=500_repair_6_males=6_nmar=1,6,1
0,12,1000,0,70.45015272767515,265.4711372164686,24.21430267590357,0,0,0,265,D_pmar=0.054_dist=500_repair_6_males=6_nmar=1,6,1
0,10,1000,500,73.23854678709057,280.58131439259665,6.31764057815019,0,0,0,265,D_pmar=0.054_dist=500_repair_6_males=6_nmar=1,6,1
0,4,0,0,67.275463708927,243.56595824687008,49.28436934693645,0,0,0,266,D_pmar=0.054_dist=500_repair_6_males=6_nmar=1,6,1
0,11,0,500,68.63740463874483,272.83035718952823,18.569100382368138,0,0,0,266,D_pmar=0.054_dist=500_repair_6_males=6_nmar=1,6,1
0,6,500,0,72.60330494239713,250.9212689306737,36.52005170147936,0,0,0,266,D_pmar=0.054_dist=500_repair_6_males=6_nmar=1,6,1
0,10,500,500,69.51755009348803,290.5297907170234,0,0,0,0,266,D_pmar=0.054_dist=500_repair_6_males=6_nmar=1,6,1
0.054,13,1000,0,70.5679301134253,284.32743391740917,0,27,2.700000000000001,2.437135908506065,266,D_pmar=0.054_dist=500_repair_6_males=6_nmar=1,6,1
0,10,1000,500,72.04436182921185,231.66931030947768,56.31958099038896,0,0,0,266,D_pmar=0.054_dist=500_repair_6_males=6_nmar=1,6,1
0,9,0,0,74.62442265739075,266.94645354039073,18.442116255306782,0,0,0,267,D_pmar=0.054_dist=500_repair_6_males=6_nmar=1,6,1
0,2,0,500,71.39153950334838,258.290104600179,30.35600285729472,0,0,0,267,D_pmar=0.054_dist=500_repair_6_males=6_nmar=1,6,1
0,13,500,0,70.28551586951403,265.29407412905584,24.53068140472011,0,0,0,267,D_pmar=0.054_dist=500_repair_6_males=6_nmar=1,6,1
0.054,9,500,500,68.81500926585909,287.02354935111975,0,17,1.7000000000000004,2.50658035295051,267,D_pmar=0.054_dist=500_repair_6_males=6_nmar=1,6,1
0,11,1000,0,72.0722024207663,281.8848786946559,6.10585142639516,0,0,0,267,D_pmar=0.054_dist=500_repair_6_males=6_nmar=1,6,1
0,10,1000,500,71.5267581361741,263.98872905117514,24.527540889730897,0,0,0,267,D_pmar=0.054_dist=500_repair_6_males=6_nmar=1,6,1
0,14,0,0,71.02664630932159,282.9849431550786,6.086156342045875,0,0,0,268,D_pmar=0.054_dist=500_repair_6_males=6_nmar=1,6,1
0,8,0,500,74.65162092462741,248.83637440612617,36.67088045421484,0,0,0,268,D_pmar=0.054_dist=500_repair_6_males=6_nmar=1,6,1
0,9,500,0,69.49380784899066,284.49728157214867,6.119655182315396,0,0,0,268,D_pmar=0.054_dist=500_repair_6_males=6_nmar=1,6,1
0.054,7,500,500,70.87343449601742,285.277187965805,0,16,1.6000000000000003,2.3541315928202566,268,D_pmar=0.054_dist=500_repair_6_males=6_nmar=1,6,1
0,8,1000,0,68.60685938340663,279.2243856249574,12.369472931448572,0,0,0,268,D_pmar=0.054_dist=500_repair_6_males=6_nmar=1,6,1
0,8,1000,500,67.68227677237688,255.76867358262305,36.68586090192248,0,0,0,268,D_pmar=0.054_dist=500_repair_6_males=6_nmar=1,6,1
0.054,11,0,0,72.00078319957036,282.90588574220146,0,27,2.700000000000001,2.543288372340022,269,D_pmar=0.054_dist=500_repair_6_males=6_nmar=1,6,1
0,9,0,500,70.00552248179275,253.2961621048084,36.770736524727816,0,0,0,269,D_pmar=0.054_dist=500_repair_6_males=6_nmar=1,6,1
0,9,500,0,70.53226028580983,265.177577268382,24.50540068903278,0,0,0,269,D_pmar=0.054_dist=500_repair_6_males=6_nmar=1,6,1
0,11,500,500,73.88998783247624,261.7885291635048,24.508830836416458,0,0,0,269,D_pmar=0.054_dist=500_repair_6_males=6_nmar=1,6,1
0,5,1000,0,70.51222197348164,230.03565224364075,59.62346665028901,0,0,0,269,D_pmar=0.054_dist=500_repair_6_males=6_nmar=1,6,1
0,9,1000,500,70.90430316329571,270.83642250611405,18.26147791579871,0,0,0,269,D_pmar=0.054_dist=500_repair_6_males=6_nmar=1,6,1
0,8,0,0,71.77053758074817,282.04631218173637,6.247173279221567,0,0,0,26,D_pmar=0.054_dist=500_repair_6_males=6_nmar=1,6,1
0,5,0,500,72.99187927430367,262.86906612412787,24.273918927908348,0,0,0,26,D_pmar=0.054_dist=500_repair_6_males=6_nmar=1,6,1
0,16,500,0,70.07669732070376,271.8332119008735,18.158862120567125,0,0,0,26,D_pmar=0.054_dist=500_repair_6_males=6_nmar=1,6,1
0.054,10,500,500,69.497262404368,286.62130710825625,0,14,1.4,2.498637164281352,26,D_pmar=0.054_dist=500_repair_6_males=6_nmar=1,6,1
0,7,1000,0,70.28716307860269,277.8275035372607,12.07553492103471,0,0,0,26,D_pmar=0.054_dist=500_repair_6_males=6_nmar=1,6,1
0,8,1000,500,70.6749939934048,264.97934855655757,24.46414816378728,0,0,0,26,D_pmar=0.054_dist=500_repair_6_males=6_nmar=1,6,1
0,9,0,0,71.3344509089397,270.5157212119045,18.152910674824504,0,0,0,270,D_pmar=0.054_dist=500_repair_6_males=6_nmar=1,6,1
0.054,6,0,500,69.06745623858545,287.1897806682108,0,12,1.2,2.613696487162768,270,D_pmar=0.054_dist=500_repair_6_males=6_nmar=1,6,1
0,10,500,0,74.70065509562252,279.280751531099,6.147073123227821,0,0,0,270,D_pmar=0.054_dist=500_repair_6_males=6_nmar=1,6,1
0,13,500,500,72.96775883436928,280.93051401613667,6.27240834572293,0,0,0,270,D_pmar=0.054_dist=500_repair_6_males=6_nmar=1,6,1
0,8,1000,0,71.1384201543097,276.8901285363715,12.105467380664852,0,0,0,270,D_pmar=0.054_dist=500_repair_6_males=6_nmar=1,6,1
0,8,1000,500,68.74552361894996,260.8772283944246,30.567118139193084,0,0,0,270,D_pmar=0.054_dist=500_repair_6_males=6_nmar=1,6,1
0,11,0,0,71.80140810118863,276.0338898198141,12.310720252172546,0,0,0,271,D_pmar=0.054_dist=500_repair_6_males=6_nmar=1,6,1
0,8,0,500,67.53446691023139,286.33223611014694,6.179030203375282,0,0,0,271,D_pmar=0.054_dist=500_repair_6_males=6_nmar=1,6,1
0.054,15,500,0,72.3427221229258,283.564175575336,0,19,1.9000000000000008,2.342898227675845,271,D_pmar=0.054_dist=500_repair_6_males=6_nmar=1,6,1
0,8,500,500,72.25406972257045,244.695004771263,43.07643854214005,0,0,0,271,D_pmar=0.054_dist=500_repair_6_males=6_nmar=1,6,1
0,6,1000,0,71.9244983852062,257.8050807482174,30.41483919946569,0,0,0,271,D_pmar=0.054_dist=500_repair_6_males=6_nmar=1,6,1
0,6,1000,500,67.03218382487256,268.4279429273414,24.719447734661912,0,0,0,271,D_pmar=0.054_dist=500_repair_6_males=6_nmar=1,6,1
0.054,8,0,0,69.96672290315472,286.1792183447081,0,18,1.8000000000000005,2.1864778732110124,272,D_pmar=0.054_dist=500_repair_6_males=6_nmar=1,6,1
0,16,0,500,70.03144689742234,277.9959788645904,12.175424619435594,0,0,0,272,D_pmar=0.054_dist=500_repair_6_males=6_nmar=1,6,1
0,8,500,0,70.40175526643958,269.4388927317945,20.16437348186128,0,0,0,272,D_pmar=0.054_dist=500_repair_6_males=6_nmar=1,6,1
0,7,500,500,74.96792491773175,266.73915656110887,18.34269548633463,0,0,0,272,D_pmar=0.054_dist=500_repair_6_males=6_nmar=1,6,1
0,5,1000,0,76.97496815752412,240.80617156397707,42.42336385339432,0,0,0,272,D_pmar=0.054_dist=500_repair_6_males=6_nmar=1,6,1
0,10,1000,500,70.44657348987263,277.39766381920685,12.194881250253095,0,0,0,272,D_pmar=0.054_dist=500_repair_6_males=6_nmar=1,6,1
0,8,0,0,73.4728927874095,268.4822448029638,18.202286397427052,0,0,0,273,D_pmar=0.054_dist=500_repair_6_males=6_nmar=1,6,1
0,11,0,500,70.18581438148144,283.8378776190554,6.018639231658474,0,0,0,273,D_pmar=0.054_dist=500_repair_6_males=6_nmar=1,6,1
0.054,10,500,0,73.47877709114874,282.73319574346095,0,14,1.4,2.421249531167749,273,D_pmar=0.054_dist=500_repair_6_males=6_nmar=1,6,1
0,9,500,500,70.03334505807639,277.77124247922535,12.357905718288125,0,0,0,273,D_pmar=0.054_dist=500_repair_6_males=6_nmar=1,6,1
0,10,1000,0,71.06628268247688,264.6243119078329,24.40961605948597,0,0,0,273,D_pmar=0.054_dist=500_repair_6_males=6_nmar=1,6,1
0,6,1000,500,70.32105868275289,265.37011256790106,24.364448709367696,0,0,0,273,D_pmar=0.054_dist=500_repair_6_males=6_nmar=1,6,1
0,7,0,0,71.60265433229226,251.7963126125704,36.6259513799067,0,0,0,274,D_pmar=0.054_dist=500_repair_6_males=6_nmar=1,6,1
0,11,0,500,69.22041751542204,272.41892073788887,18.47710287992254,0,0,0,274,D_pmar=0.054_dist=500_repair_6_males=6_nmar=1,6,1
0.054,10,500,0,68.92833323830989,287.5346868321765,0,15,1.5000000000000002,2.1170334287665673,274,D_pmar=0.054_dist=500_repair_6_males=6_nmar=1,6,1
0,8,500,500,70.53519574536485,283.427345683261,6.040819728267342,0,0,0,274,D_pmar=0.054_dist=500_repair_6_males=6_nmar=1,6,1
0,11,1000,0,72.49931232638153,263.18758362577705,24.489355738583857,0,0,0,274,D_pmar=0.054_dist=500_repair_6_males=6_nmar=1,6,1
0,7,1000,500,70.76323595690378,283.2677857580247,6.122110570001029,0,0,0,274,D_pmar=0.054_dist=500_repair_6_males=6_nmar=1,6,1
0,10,0,0,67.87549057107375,273.76494033929146,18.370711410282063,0,0,0,275,D_pmar=0.054_dist=500_repair_6_males=6_nmar=1,6,1
0,12,0,500,67.96297950279047,243.38505127432833,48.94848409854956,0,0,0,275,D_pmar=0.054_dist=500_repair_6_males=6_nmar=1,6,1
0,9,500,0,68.50695399866704,267.0108997442604,24.60290822403566,0,0,0,275,D_pmar=0.054_dist=500_repair_6_males=6_nmar=1,6,1
0,6,500,500,69.53664610603145,259.87329729767634,30.607676044060593,0,0,0,275,D_pmar=0.054_dist=500_repair_6_males=6_nmar=1,6,1
0,9,1000,0,70.64043625624785,264.8494212381695,24.53093453092345,0,0,0,275,D_pmar=0.054_dist=500_repair_6_males=6_nmar=1,6,1
0.054,8,1000,500,72.95608052230726,282.10428890982735,0,24,2.400000000000001,2.699027308945529,275,D_pmar=0.054_dist=500_repair_6_males=6_nmar=1,6,1
0.054,13,0,0,73.59372565922068,282.68356177301376,0,18,1.8000000000000005,2.0052642823604048,276,D_pmar=0.054_dist=500_repair_6_males=6_nmar=1,6,1
0,12,0,500,69.70135651625903,267.799126202824,22.540032207456896,0,0,0,276,D_pmar=0.054_dist=500_repair_6_males=6_nmar=1,6,1
0,11,500,0,70.11165615879523,258.17809556791764,31.831785680993995,0,0,0,276,D_pmar=0.054_dist=500_repair_6_males=6_nmar=1,6,1
0,7,500,500,70.9598200169002,277.09351305813396,12.05629291045862,0,0,0,276,D_pmar=0.054_dist=500_repair_6_males=6_nmar=1,6,1
0,7,1000,0,74.84995701633359,260.7498303124907,24.631329747116094,0,0,0,276,D_pmar=0.054_dist=500_repair_6_males=6_nmar=1,6,1
0,4,1000,500,69.36212455814767,284.53896047267256,6.1670685234410225,0,0,0,276,D_pmar=0.054_dist=500_repair_6_males=6_nmar=1,6,1
0,6,0,0,72.15417297803594,275.3746014141642,12.52130965172952,0,0,0,277,D_pmar=0.054_dist=500_repair_6_males=6_nmar=1,6,1
0,8,0,500,72.02945169877745,263.0098886188572,25.015913073770815,0,0,0,277,D_pmar=0.054_dist=500_repair_6_males=6_nmar=1,6,1
0,13,500,0,71.85167977658092,257.9355286877764,30.276012322912145,0,0,0,277,D_pmar=0.054_dist=500_repair_6_males=6_nmar=1,6,1
0.054,10,500,500,72.75013662888763,283.61793002179166,0,14,1.4,2.2535958115585055,277,D_pmar=0.054_dist=500_repair_6_males=6_nmar=1,6,1
0,6,1000,0,69.38392598358574,290.6785452348718,0,0,0,0,277,D_pmar=0.054_dist=500_repair_6_males=6_nmar=1,6,1
0,11,1000,500,70.65104560435604,274.504396962622,14.94567944622919,0,0,0,277,D_pmar=0.054_dist=500_repair_6_males=6_nmar=1,6,1
0,11,0,0,70.7813690371069,252.52460560793045,36.77429667493605,0,0,0,278,D_pmar=0.054_dist=500_repair_6_males=6_nmar=1,6,1
0,7,0,500,66.76801449973634,250.83338081439945,42.65945710481809,0,0,0,278,D_pmar=0.054_dist=500_repair_6_males=6_nmar=1,6,1
0,3,500,0,72.5732545978051,269.2914691320982,18.196089663388076,0,0,0,278,D_pmar=0.054_dist=500_repair_6_males=6_nmar=1,6,1
0.054,10,500,500,70.05425431327313,285.0129174696935,0,24,2.400000000000001,2.7182038627590983,278,D_pmar=0.054_dist=500_repair_6_males=6_nmar=1,6,1
0,18,1000,0,72.89451233089449,274.9692312458448,12.200272816900153,0,0,0,278,D_pmar=0.054_dist=500_repair_6_males=6_nmar=1,6,1
0,5,1000,500,69.79343924750403,253.671750076191,36.76737184526464,0,0,0,278,D_pmar=0.054_dist=500_repair_6_males=6_nmar=1,6,1
0,11,0,0,69.52992008204828,266.21503889932535,24.532477725226737,0,0,0,279,D_pmar=0.054_dist=500_repair_6_males=6_nmar=1,6,1
0,7,0,500,69.71149699492523,266.0148870627789,24.408999836697397,0,0,0,279,D_pmar=0.054_dist=500_repair_6_males=6_nmar=1,6,1
0,13,500,0,68.95830446886521,278.83266477821775,12.250922010441997,0,0,0,279,D_pmar=0.054_dist=500_repair_6_males=6_nmar=1,6,1
0,6,500,500,74.08102211619125,243.34316295252785,42.68711369279589,0,0,0,279,D_pmar=0.054_dist=500_repair_6_males=6_nmar=1,6,1
0,7,1000,0,69.64523225192859,266.0831233353891,24.360259178926835,0,0,0,279,D_pmar=0.054_dist=500_repair_6_males=6_nmar=1,6,1
0.054,10,1000,500,70.94746227631371,284.09187702285516,0,21,2.1000000000000005,3.144458806332553,279,D_pmar=0.054_dist=500_repair_6_males=6_nmar=1,6,1
0,6,0,0,70.52788753942669,254.2659174617623,35.30143035642969,0,0,0,27,D_pmar=0.054_dist=500_repair_6_males=6_nmar=1,6,1
0,10,0,500,70.76023996986157,289.44588852806584,0,0,0,0,27,D_pmar=0.054_dist=500_repair_6_males=6_nmar=1,6,1
0.054,9,500,0,70.81388419713916,285.09412268575346,0,22,2.2000000000000006,2.1497698538215007,27,D_pmar=0.054_dist=500_repair_6_males=6_nmar=1,6,1
0,4,500,500,71.2356027393557,252.09979113340788,36.77835562587543,0,0,0,27,D_pmar=0.054_dist=500_repair_6_males=6_nmar=1,6,1
0,12,1000,0,70.79306081846852,240.6117560204347,48.73195078095321,0,0,0,27,D_pmar=0.054_dist=500_repair_6_males=6_nmar=1,6,1
0,13,1000,500,66.67790375944637,281.3093449483615,12.114109645463056,0,0,0,27,D_pmar=0.054_dist=500_repair_6_males=6_nmar=1,6,1
0,8,0,0,70.10013664050037,241.0800209283771,48.84069968024843,0,0,0,280,D_pmar=0.054_dist=500_repair_6_males=6_nmar=1,6,1
0.054,10,0,500,72.13749254131285,283.5313214823794,0,20,2.0000000000000004,2.489048887374567,280,D_pmar=0.054_dist=500_repair_6_males=6_nmar=1,6,1
0,10,500,0,70.48791432442766,277.22843260520517,12.285169477445018,0,0,0,280,D_pmar=0.054_dist=500_repair_6_males=6_nmar=1,6,1
0,13,500,500,70.82017856102132,264.90715838341083,24.390022451641144,0,0,0,280,D_pmar=0.054_dist=500_repair_6_males=6_nmar=1,6,1
0,8,1000,0,72.05608753974387,275.8154372397085,12.191014047020104,0,0,0,280,D_pmar=0.054_dist=500_repair_6_males=6_nmar=1,6,1
0,5,1000,500,70.80884287200584,264.7721412241858,24.43394684210004,0,0,0,280,D_pmar=0.054_dist=500_repair_6_males=6_nmar=1,6,1
0,5,0,0,68.54427220958132,279.4034636871893,12.06630520870352,0,0,0,281,D_pmar=0.054_dist=500_repair_6_males=6_nmar=1,6,1
0,13,0,500,69.4513678106634,272.4578233742115,18.196231148812167,0,0,0,281,D_pmar=0.054_dist=500_repair_6_males=6_nmar=1,6,1
0,8,500,0,71.28501887100938,270.4441114643268,18.43553706578091,0,0,0,281,D_pmar=0.054_dist=500_repair_6_males=6_nmar=1,6,1
0.054,10,500,500,69.89067628058544,286.3636799642541,0,15,1.5000000000000002,2.4083710777857115,281,D_pmar=0.054_dist=500_repair_6_males=6_nmar=1,6,1
0,10,1000,0,70.33663996479903,289.28008710331966,0.4346986802337659,0,0,0,281,D_pmar=0.054_dist=500_repair_6_males=6_nmar=1,6,1
0,8,1000,500,73.489432117968,255.66354522859572,30.85319314863333,0,0,0,281,D_pmar=0.054_dist=500_repair_6_males=6_nmar=1,6,1
0,8,0,0,72.79270140825648,281.16321627663956,6.058232197882422,0,0,0,282,D_pmar=0.054_dist=500_repair_6_males=6_nmar=1,6,1
0,9,0,500,68.205842702086,273.7049487356661,18.261009062487357,0,0,0,282,D_pmar=0.054_dist=500_repair_6_males=6_nmar=1,6,1
0,11,500,0,67.34135044225701,268.24472242339954,24.703237732914936,0,0,0,282,D_pmar=0.054_dist=500_repair_6_males=6_nmar=1,6,1
0,8,500,500,72.66631396459353,238.57067261222608,48.88257392252134,0,0,0,282,D_pmar=0.054_dist=500_repair_6_males=6_nmar=1,6,1
0,9,1000,0,71.79019264750879,263.79208639196355,24.419604329122855,0,0,0,282,D_pmar=0.054_dist=500_repair_6_males=6_nmar=1,6,1
0.054,9,1000,500,70.68405242650798,284.87754432828416,0,20,2.0000000000000004,2.477134104370831,282,D_pmar=0.054_dist=500_repair_6_males=6_nmar=1,6,1
0.054,9,0,0,68.80692615021088,287.10143439007857,0,15,1.5000000000000002,2.6686173899875487,283,D_pmar=0.054_dist=500_repair_6_males=6_nmar=1,6,1
0,13,0,500,71.03969791905378,270.4652044516589,18.54155926605831,0,0,0,283,D_pmar=0.054_dist=500_repair_6_males=6_nmar=1,6,1
0,13,500,0,71.66159937870577,270.18421013631115,18.338079645563734,0,0,0,283,D_pmar=0.054_dist=500_repair_6_males=6_nmar=1,6,1
0,8,500,500,75.61384722490921,272.3989636940476,12.143866795976717,0,0,0,283,D_pmar=0.054_dist=500_repair_6_males=6_nmar=1,6,1
0,2,1000,0,72.00875273822254,255.30017960188337,32.76079102783241,0,0,0,283,D_pmar=0.054_dist=500_repair_6_males=6_nmar=1,6,1
0,9,1000,500,71.65826307910666,282.2966329780665,6.089706096862706,0,0,0,283,D_pmar=0.054_dist=500_repair_6_males=6_nmar=1,6,1
0,6,0,0,70.42193915576878,246.754791072805,42.95807635964288,0,0,0,284,D_pmar=0.054_dist=500_repair_6_males=6_nmar=1,6,1
0.054,7,0,500,71.55827018204799,284.53810973747176,0,18,1.8000000000000005,2.1497698538215,284,D_pmar=0.054_dist=500_repair_6_males=6_nmar=1,6,1
0,11,500,0,69.21253568655261,284.8829276392239,6.020437746958321,0,0,0,284,D_pmar=0.054_dist=500_repair_6_males=6_nmar=1,6,1
0,11,500,500,72.42700286201733,263.21594657506495,24.624436115888333,0,0,0,284,D_pmar=0.054_dist=500_repair_6_males=6_nmar=1,6,1
0,9,1000,0,73.55741866675231,280.4126654229193,6.039387706170381,0,0,0,284,D_pmar=0.054_dist=500_repair_6_males=6_nmar=1,6,1
0,10,1000,500,72.30056111911576,257.33866216180365,30.404257534332803,0,0,0,284,D_pmar=0.054_dist=500_repair_6_males=6_nmar=1,6,1
0,8,0,0,71.27297043816625,258.1828197229755,30.56664060029151,0,0,0,285,D_pmar=0.054_dist=500_repair_6_males=6_nmar=1,6,1
0,8,0,500,72.44840252350612,263.60590462316526,24.116341698266737,0,0,0,285,D_pmar=0.054_dist=500_repair_6_males=6_nmar=1,6,1
0,7,500,0,70.05716839849185,259.4399623767407,30.705906502547816,0,0,0,285,D_pmar=0.054_dist=500_repair_6_males=6_nmar=1,6,1
0,9,500,500,72.0978055481529,270.06333963904075,18.073790805674477,0,0,0,285,D_pmar=0.054_dist=500_repair_6_males=6_nmar=1,6,1
0.054,7,1000,0,69.83291324817078,285.990501909318,0,19,1.9000000000000008,2.3078352965239595,285,D_pmar=0.054_dist=500_repair_6_males=6_nmar=1,6,1
0,15,1000,500,68.58267261914398,279.1814187073219,12.34251824303236,0,0,0,285,D_pmar=0.054_dist=500_repair_6_males=6_nmar=1,6,1
0,8,0,0,70.86012581158981,264.8818255353813,24.3021905093852,0,0,0,286,D_pmar=0.054_dist=500_repair_6_males=6_nmar=1,6,1
0,9,0,500,71.23946290769548,282.7907874696647,6.076181092670804,0,0,0,286,D_pmar=0.054_dist=500_repair_6_males=6_nmar=1,6,1
0,9,500,0,70.86671827924877,264.99352245080433,24.368072794391455,0,0,0,286,D_pmar=0.054_dist=500_repair_6_males=6_nmar=1,6,1
0,10,500,500,73.49878267443803,280.43473251666785,6.126829687483933,0,0,0,286,D_pmar=0.054_dist=500_repair_6_males=6_nmar=1,6,1
0.054,14,1000,0,71.0711980474851,285.21182136516427,0,15,1.5000000000000002,2.3005735257141273,286,D_pmar=0.054_dist=500_repair_6_males=6_nmar=1,6,1
0,4,1000,500,72.82876235272862,257.1337678306859,30.257615299886407,0,0,0,286,D_pmar=0.054_dist=500_repair_6_males=6_nmar=1,6,1
0,4,0,0,72.85414213196164,256.6022167243088,30.657442482329316,0,0,0,287,D_pmar=0.054_dist=500_repair_6_males=6_nmar=1,6,1
0,10,0,500,74.42555991102135,270.7618735353361,14.954080420841956,0,0,0,287,D_pmar=0.054_dist=500_repair_6_males=6_nmar=1,6,1
0.054,11,500,0,74.46185947810093,281.2947021178875,0,19,1.9000000000000008,2.483432204802362,287,D_pmar=0.054_dist=500_repair_6_males=6_nmar=1,6,1
0,7,500,500,72.46916368773097,245.1215986826323,42.55850503569577,0,0,0,287,D_pmar=0.054_dist=500_repair_6_males=6_nmar=1,6,1
0,14,1000,0,72.53533314303975,281.36721201349053,6.227065763843283,0,0,0,287,D_pmar=0.054_dist=500_repair_6_males=6_nmar=1,6,1
0,8,1000,500,69.12430962022901,272.76538005383213,18.186983739876855,0,0,0,287,D_pmar=0.054_dist=500_repair_6_males=6_nmar=1,6,1
0,6,0,0,68.89667308406148,266.823648599247,24.303873435210782,0,0,0,288,D_pmar=0.054_dist=500_repair_6_males=6_nmar=1,6,1
0.054,7,0,500,68.44385162004555,287.52720554795184,0,14,1.4,2.7340902400974145,288,D_pmar=0.054_dist=500_repair_6_males=6_nmar=1,6,1
0,7,500,0,68.83496417659025,285.16510251215607,6.013791115938489,0,0,0,288,D_pmar=0.054_dist=500_repair_6_males=6_nmar=1,6,1
0,12,500,500,67.29310989565121,268.5028132599762,24.42511080235679,0,0,0,288,D_pmar=0.054_dist=500_repair_6_males=6_nmar=1,6,1
0,11,1000,0,65.03600929671731,288.8685310784951,6.120827521294233,0,0,0,288,D_pmar=0.054_dist=500_repair_6_males=6_nmar=1,6,1
0,11,1000,500,71.08064907619868,264.75225992211745,24.249398047460808,0,0,0,288,D_pmar=0.054_dist=500_repair_6_males=6_nmar=1,6,1
0,10,0,0,68.6958711063455,260.9590837987498,30.49503675872287,0,0,0,289,D_pmar=0.054_dist=500_repair_6_males=6_nmar=1,6,1
0.054,15,0,500,71.89979749419952,283.4979087807344,0,21,2.1000000000000005,2.5320550071956114,289,D_pmar=0.054_dist=500_repair_6_males=6_nmar=1,6,1
0,10,500,0,73.40210805986199,266.2144385311738,20.568515200351,0,0,0,289,D_pmar=0.054_dist=500_repair_6_males=6_nmar=1,6,1
0,6,500,500,71.85821949500634,257.5650788521974,30.759702077788,0,0,0,289,D_pmar=0.054_dist=500_repair_6_males=6_nmar=1,6,1
0,8,1000,0,70.64033438349345,276.96641554414873,12.405336911680202,0,0,0,289,D_pmar=0.054_dist=500_repair_6_males=6_nmar=1,6,1
0,5,1000,500,65.59503649651977,263.95439958539475,30.49990001643645,0,0,0,289,D_pmar=0.054_dist=500_repair_6_males=6_nmar=1,6,1
0,9,0,0,71.69398267939377,261.2970967946658,27.125703301578323,0,0,0,28,D_pmar=0.054_dist=500_repair_6_males=6_nmar=1,6,1
0.054,13,0,500,69.94953755090512,285.0285595564292,0,21,2.1000000000000005,2.959273621147366,28,D_pmar=0.054_dist=500_repair_6_males=6_nmar=1,6,1
0,5,500,0,74.81397756521565,272.87843982962283,12.334577287610497,0,0,0,28,D_pmar=0.054_dist=500_repair_6_males=6_nmar=1,6,1
0,13,500,500,71.8795512605921,245.34581391698592,42.88330196860279,0,0,0,28,D_pmar=0.054_dist=500_repair_6_males=6_nmar=1,6,1
0,3,1000,0,72.89685422436068,281.1304148240148,6.087551395694312,0,0,0,28,D_pmar=0.054_dist=500_repair_6_males=6_nmar=1,6,1
0,11,1000,500,68.89042766120603,254.69052440183137,36.588791328538136,0,0,0,28,D_pmar=0.054_dist=500_repair_6_males=6_nmar=1,6,1
0,10,0,0,71.21624251645454,276.6428350200275,12.158281532614764,0,0,0,290,D_pmar=0.054_dist=500_repair_6_males=6_nmar=1,6,1
0,8,0,500,66.12036257243489,275.8475934618974,18.10274252815711,0,0,0,290,D_pmar=0.054_dist=500_repair_6_males=6_nmar=1,6,1
0.054,7,500,0,69.35060307356214,286.6183373514854,0,15,1.5000000000000002,2.6176680814973468,290,D_pmar=0.054_dist=500_repair_6_males=6_nmar=1,6,1
0,9,500,500,72.0720625039021,269.76161050468806,18.32031341650518,0,0,0,290,D_pmar=0.054_dist=500_repair_6_males=6_nmar=1,6,1
0,12,1000,0,70.95074484906188,265.07135802084105,24.230257513195717,0,0,0,290,D_pmar=0.054_dist=500_repair_6_males=6_nmar=1,6,1
0,8,1000,500,70.78549520876985,270.99001057110104,18.423568373578437,0,0,0,290,D_pmar=0.054_dist=500_repair_6_males=6_nmar=1,6,1
0,13,0,0,70.22029966315569,277.49422100830765,12.32077968848664,0,0,0,291,D_pmar=0.054_dist=500_repair_6_males=6_nmar=1,6,1
0,8,0,500,69.49105573597485,278.3109694234029,12.203039735753975,0,0,0,291,D_pmar=0.054_dist=500_repair_6_males=6_nmar=1,6,1
0,9,500,0,73.50622919205729,274.4628863631258,12.097462227249324,0,0,0,291,D_pmar=0.054_dist=500_repair_6_males=6_nmar=1,6,1
0,7,500,500,69.22084992127529,278.94701989361107,12.11421002123683,0,0,0,291,D_pmar=0.054_dist=500_repair_6_males=6_nmar=1,6,1
0,7,1000,0,71.53361592627903,276.4198549313176,12.139420228970314,0,0,0,291,D_pmar=0.054_dist=500_repair_6_males=6_nmar=1,6,1
0.054,10,1000,500,71.4135065190686,285.7944986805833,0,10,1,1.979789628115304,291,D_pmar=0.054_dist=500_repair_6_males=6_nmar=1,6,1
0,6,0,0,71.61170272650911,276.27023705790475,12.12055787745136,0,0,0,292,D_pmar=0.054_dist=500_repair_6_males=6_nmar=1,6,1
0,16,0,500,66.63378596928922,256.8687015921458,36.498941429661755,0,0,0,292,D_pmar=0.054_dist=500_repair_6_males=6_nmar=1,6,1
0,11,500,0,72.14746435501634,263.5538760075886,24.381797866182257,0,0,0,292,D_pmar=0.054_dist=500_repair_6_males=6_nmar=1,6,1
0.054,6,500,500,72.60532367353301,283.177771363785,0,18,1.8000000000000005,2.60081803378073,292,D_pmar=0.054_dist=500_repair_6_males=6_nmar=1,6,1
0,5,1000,0,68.29627227601212,279.3956042249939,12.31429908799966,0,0,0,292,D_pmar=0.054_dist=500_repair_6_males=6_nmar=1,6,1
0,10,1000,500,74.5496301509014,261.28574749950224,24.330815566762418,0,0,0,292,D_pmar=0.054_dist=500_repair_6_males=6_nmar=1,6,1
0,8,0,0,68.39473501226823,250.734515313321,40.92477774994433,0,0,0,293,D_pmar=0.054_dist=500_repair_6_males=6_nmar=1,6,1
0,12,0,500,72.42950078613244,269.25574842043534,18.505533243584424,0,0,0,293,D_pmar=0.054_dist=500_repair_6_males=6_nmar=1,6,1
0.054,13,500,0,69.04066611168939,285.83856091695424,0,21,2.1000000000000005,3.119665569946778,293,D_pmar=0.054_dist=500_repair_6_males=6_nmar=1,6,1
0,7,500,500,70.23153472928428,259.45928509470383,30.36789637707496,0,0,0,293,D_pmar=0.054_dist=500_repair_6_males=6_nmar=1,6,1
0,7,1000,0,75.18066323767476,260.4801742544537,24.340132967495784,0,0,0,293,D_pmar=0.054_dist=500_repair_6_males=6_nmar=1,6,1
0,7,1000,500,69.84205364642403,277.9447980657762,12.274693703416354,0,0,0,293,D_pmar=0.054_dist=500_repair_6_males=6_nmar=1,6,1
0,6,0,0,73.69470800486245,268.0319913051432,18.30901271027763,0,0,0,294,D_pmar=0.054_dist=500_repair_6_males=6_nmar=1,6,1
0,7,0,500,70.0038116954749,277.809893938387,12.190833924844172,0,0,0,294,D_pmar=0.054_dist=500_repair_6_males=6_nmar=1,6,1
0.054,9,500,0,71.03618935072537,285.2036885107946,0,14,1.4,2.398101383019601,294,D_pmar=0.054_dist=500_repair_6_males=6_nmar=1,6,1
0,8,500,500,73.13571661316293,268.86675447982026,18.216230327966493,0,0,0,294,D_pmar=0.054_dist=500_repair_6_males=6_nmar=1,6,1
0,8,1000,0,71.89735101697244,251.6145992615776,36.53691314048822,0,0,0,294,D_pmar=0.054_dist=500_repair_6_males=6_nmar=1,6,1
0,16,1000,500,68.05330002601227,292.0893782024463,0,0,0,0,294,D_pmar=0.054_dist=500_repair_6_males=6_nmar=1,6,1
0,10,0,0,73.32204806361258,244.9904457990562,41.74752527757904,0,0,0,295,D_pmar=0.054_dist=500_repair_6_males=6_nmar=1,6,1
0.054,8,0,500,74.72265532680026,280.9404745048676,0,21,2.1000000000000005,2.4794606104677825,295,D_pmar=0.054_dist=500_repair_6_males=6_nmar=1,6,1
0,9,500,0,71.13553014494042,276.41204362203257,12.489146785529805,0,0,0,295,D_pmar=0.054_dist=500_repair_6_males=6_nmar=1,6,1
0,5,500,500,73.19819348622731,268.53875472496037,18.372694164094032,0,0,0,295,D_pmar=0.054_dist=500_repair_6_males=6_nmar=1,6,1
0,10,1000,0,68.03814537336278,285.8710373476531,6.180848926057414,0,0,0,295,D_pmar=0.054_dist=500_repair_6_males=6_nmar=1,6,1
0,12,1000,500,72.84236117394995,244.51066473226152,42.72785836616758,0,0,0,295,D_pmar=0.054_dist=500_repair_6_males=6_nmar=1,6,1
0,13,0,0,72.25991834249261,262.05002607075545,25.743147050644986,0,0,0,296,D_pmar=0.054_dist=500_repair_6_males=6_nmar=1,6,1
0,11,0,500,72.76935489024874,274.87450849649844,12.428383115851208,0,0,0,296,D_pmar=0.054_dist=500_repair_6_males=6_nmar=1,6,1
0,6,500,0,67.57064877553415,280.36954432478564,12.281003461133588,0,0,0,296,D_pmar=0.054_dist=500_repair_6_males=6_nmar=1,6,1
0,8,500,500,68.60585993388067,279.209981494517,12.350040028637258,0,0,0,296,D_pmar=0.054_dist=500_repair_6_males=6_nmar=1,6,1
0.054,8,1000,0,71.10911622698737,284.8779730008459,0,16,1.6000000000000003,2.4196044429301224,296,D_pmar=0.054_dist=500_repair_6_males=6_nmar=1,6,1
0,8,1000,500,69.5555285232609,260.14535574178626,30.335097788704687,0,0,0,296,D_pmar=0.054_dist=500_repair_6_males=6_nmar=1,6,1
0,13,0,0,71.66222643835732,270.333221063207,18.138377787051347,0,0,0,297,D_pmar=0.054_dist=500_repair_6_males=6_nmar=1,6,1
0,13,0,500,69.24511076635353,266.13135641220225,24.629990824762583,0,0,0,297,D_pmar=0.054_dist=500_repair_6_males=6_nmar=1,6,1
0,6,500,0,66.56366879747553,269.15049751337807,24.55022010438548,0,0,0,297,D_pmar=0.054_dist=500_repair_6_males=6_nmar=1,6,1
0,6,500,500,69.25708693556194,272.76893931590797,18.24027728514286,0,0,0,297,D_pmar=0.054_dist=500_repair_6_males=6_nmar=1,6,1
0.054,10,1000,0,72.58423940030592,283.5612532276272,0,16,1.6000000000000003,2.457957550557261,297,D_pmar=0.054_dist=500_repair_6_males=6_nmar=1,6,1
0,6,1000,500,67.60082687481169,280.33944001819634,12.128930342230468,0,0,0,297,D_pmar=0.054_dist=500_repair_6_males=6_nmar=1,6,1
0.054,7,0,0,68.52475016839385,287.00905884309185,0,20,2.0000000000000004,2.5082254411881366,298,D_pmar=0.054_dist=500_repair_6_males=6_nmar=1,6,1
0,11,0,500,69.89241498555317,271.9401351660515,18.270806361881625,0,0,0,298,D_pmar=0.054_dist=500_repair_6_males=6_nmar=1,6,1
0,4,500,0,71.53589081679351,246.10390219000791,42.465830558259974,0,0,0,298,D_pmar=0.054_dist=500_repair_6_males=6_nmar=1,6,1
0,13,500,500,71.83940576759538,263.74811844063584,24.54035276885288,0,0,0,298,D_pmar=0.054_dist=500_repair_6_males=6_nmar=1,6,1
0,7,1000,0,72.23187954811127,269.3952139030994,18.457418990495196,0,0,0,298,D_pmar=0.054_dist=500_repair_6_males=6_nmar=1,6,1
0,12,1000,500,75.76998501374032,266.11147425308053,18.17518694628455,0,0,0,298,D_pmar=0.054_dist=500_repair_6_males=6_nmar=1,6,1
0,7,0,0,72.30777321218943,269.79502701315215,18.03607402212072,0,0,0,299,D_pmar=0.054_dist=500_repair_6_males=6_nmar=1,6,1
0.054,6,0,500,70.69160091410743,285.57429873248594,0,14,1.4,2.3716630583961993,299,D_pmar=0.054_dist=500_repair_6_males=6_nmar=1,6,1
0,8,500,0,76.83592247395639,270.8876714481947,12.283437391454816,0,0,0,299,D_pmar=0.054_dist=500_repair_6_males=6_nmar=1,6,1
0,14,500,500,72.00110568277577,282.062343986477,6.1145293576682,0,0,0,299,D_pmar=0.054_dist=500_repair_6_males=6_nmar=1,6,1
0,12,1000,0,72.63978182115785,275.09244917746315,12.312162601412554,0,0,0,299,D_pmar=0.054_dist=500_repair_6_males=6_nmar=1,6,1
0,7,1000,500,69.38775732103929,254.3257692981261,36.509552359955464,0,0,0,299,D_pmar=0.054_dist=500_repair_6_males=6_nmar=1,6,1
0,14,0,0,72.20515889963606,281.7524323525792,6.114386332980115,0,0,0,29,D_pmar=0.054_dist=500_repair_6_males=6_nmar=1,6,1
0,8,0,500,68.29903662013388,273.6100404269776,18.104256986788776,0,0,0,29,D_pmar=0.054_dist=500_repair_6_males=6_nmar=1,6,1
0,6,500,0,69.48217113119931,272.3844812659447,18.332316873238028,0,0,0,29,D_pmar=0.054_dist=500_repair_6_males=6_nmar=1,6,1
0,11,500,500,72.64200860602051,269.31081794589613,18.193000804495433,0,0,0,29,D_pmar=0.054_dist=500_repair_6_males=6_nmar=1,6,1
0,3,1000,0,69.43149212781395,247.8751763905394,42.81292743185568,0,0,0,29,D_pmar=0.054_dist=500_repair_6_males=6_nmar=1,6,1
0.054,12,1000,500,70.24597544837309,285.375503879366,0,17,1.7000000000000004,2.81873964402085,29,D_pmar=0.054_dist=500_repair_6_males=6_nmar=1,6,1
0,9,0,0,69.69181368199392,265.8680224890145,24.50804590644827,0,0,0,300,D_pmar=0.054_dist=500_repair_6_males=6_nmar=1,6,1
0.054,10,0,500,71.8054860591323,283.65616038554856,0,20,2.0000000000000004,2.6854674377041645,300,D_pmar=0.054_dist=500_repair_6_males=6_nmar=1,6,1
0,8,500,0,70.28299076385149,271.3643431416081,18.374377849910903,0,0,0,300,D_pmar=0.054_dist=500_repair_6_males=6_nmar=1,6,1
0,8,500,500,71.46147143819174,258.3260682796939,30.249451740096028,0,0,0,300,D_pmar=0.054_dist=500_repair_6_males=6_nmar=1,6,1
0,10,1000,0,69.98250680903695,277.89191378804367,12.19896224295059,0,0,0,300,D_pmar=0.054_dist=500_repair_6_males=6_nmar=1,6,1
0,9,1000,500,70.83302993533802,252.31589340313417,36.90942274145988,0,0,0,300,D_pmar=0.054_dist=500_repair_6_males=6_nmar=1,6,1
0.054,14,0,0,72.13819838489627,282.6562441863291,0,26,2.600000000000001,2.6782056668943333,301,D_pmar=0.054_dist=500_repair_6_males=6_nmar=1,6,1
0,5,0,500,71.66253934447184,245.6307074949451,42.7674844777098,0,0,0,301,D_pmar=0.054_dist=500_repair_6_males=6_nmar=1,6,1
0,10,500,0,68.76301621491447,260.64890440619104,30.602335419740264,0,0,0,301,D_pmar=0.054_dist=500_repair_6_males=6_nmar=1,6,1
0,8,500,500,69.50212236191729,260.1022983971585,30.505827088610747,0,0,0,301,D_pmar=0.054_dist=500_repair_6_males=6_nmar=1,6,1
0,9,1000,0,68.72659194938679,248.4556704516048,42.890283864721475,0,0,0,301,D_pmar=0.054_dist=500_repair_6_males=6_nmar=1,6,1
0,8,1000,500,70.78511306836553,276.89962884655586,12.39273511972647,0,0,0,301,D_pmar=0.054_dist=500_repair_6_males=6_nmar=1,6,1
0,8,0,0,68.12436919176109,261.2925208256933,30.63271539485999,0,0,0,302,D_pmar=0.054_dist=500_repair_6_males=6_nmar=1,6,1
0,7,0,500,67.60994218088558,280.17721865029625,12.241148512376943,0,0,0,302,D_pmar=0.054_dist=500_repair_6_males=6_nmar=1,6,1
0.054,9,500,0,71.82336923956744,284.35383009000367,0,12,1.2,2.681495843369586,302,D_pmar=0.054_dist=500_repair_6_males=6_nmar=1,6,1
0,12,500,500,64.78565340366023,289.2824603241084,6.021684185107803,0,0,0,302,D_pmar=0.054_dist=500_repair_6_males=6_nmar=1,6,1
0,8,1000,0,71.82765309797563,276.0814099330257,12.217870632787042,0,0,0,302,D_pmar=0.054_dist=500_repair_6_males=6_nmar=1,6,1
0,10,1000,500,62.72553897332866,285.40444819063896,12.052219821858944,0,0,0,302,D_pmar=0.054_dist=500_repair_6_males=6_nmar=1,6,1
0,7,0,0,69.87043664985735,277.8115282562704,12.33605421321016,0,0,0,303,D_pmar=0.054_dist=500_repair_6_males=6_nmar=1,6,1
0,13,0,500,69.66569341798333,278.1389625278482,12.236002958568989,0,0,0,303,D_pmar=0.054_dist=500_repair_6_males=6_nmar=1,6,1
0,8,500,0,70.36071795806023,277.42332438228567,12.2788726606482,0,0,0,303,D_pmar=0.054_dist=500_repair_6_males=6_nmar=1,6,1
0,12,500,500,68.72081868038178,260.88705916285176,30.49371776889177,0,0,0,303,D_pmar=0.054_dist=500_repair_6_males=6_nmar=1,6,1
0,7,1000,0,74.70395824996345,217.66566597901337,67.7442947092089,0,0,0,303,D_pmar=0.054_dist=500_repair_6_males=6_nmar=1,6,1
0.054,7,1000,500,67.65548931309553,287.6431714336799,0,23,2.3000000000000007,2.649440836173979,303,D_pmar=0.054_dist=500_repair_6_males=6_nmar=1,6,1
0.054,8,0,0,69.71677192498566,286.1679369298341,0,18,1.8000000000000005,2.4043994834511317,304,D_pmar=0.054_dist=500_repair_6_males=6_nmar=1,6,1
0,13,0,500,71.1961479282223,263.9792747814617,24.914620746766392,0,0,0,304,D_pmar=0.054_dist=500_repair_6_males=6_nmar=1,6,1
0,4,500,0,72.3114615534888,263.1204137657135,24.69983014138263,0,0,0,304,D_pmar=0.054_dist=500_repair_6_males=6_nmar=1,6,1
0,10,500,500,68.39144444341686,267.4412463507841,24.174806759910364,0,0,0,304,D_pmar=0.054_dist=500_repair_6_males=6_nmar=1,6,1
0,11,1000,0,69.60893659222086,266.450317585003,24.19033458193761,0,0,0,304,D_pmar=0.054_dist=500_repair_6_males=6_nmar=1,6,1
0,8,1000,500,70.07767102708294,277.82064854191856,12.36429719983225,0,0,0,304,D_pmar=0.054_dist=500_repair_6_males=6_nmar=1,6,1
0,11,0,0,68.63621446710685,261.08912410874893,30.39755823188712,0,0,0,305,D_pmar=0.054_dist=500_repair_6_males=6_nmar=1,6,1
0.054,10,0,500,72.73129713445611,283.20443463822824,0,19,1.9000000000000008,2.3405717215788924,305,D_pmar=0.054_dist=500_repair_6_males=6_nmar=1,6,1
0,11,500,0,70.04263458045503,283.65158795030516,6.402110123251978,0,0,0,305,D_pmar=0.054_dist=500_repair_6_males=6_nmar=1,6,1
0,6,500,500,73.030230495607,262.73237238683316,24.40694007634246,0,0,0,305,D_pmar=0.054_dist=500_repair_6_males=6_nmar=1,6,1
0,10,1000,0,71.2702654675219,282.9526323315055,6.023807813174261,0,0,0,305,D_pmar=0.054_dist=500_repair_6_males=6_nmar=1,6,1
0,6,1000,500,69.7518602946822,247.6922034158045,42.58591672583114,0,0,0,305,D_pmar=0.054_dist=500_repair_6_males=6_nmar=1,6,1
0,8,0,0,70.30102187167776,277.6515652417033,12.123700427737646,0,0,0,306,D_pmar=0.054_dist=500_repair_6_males=6_nmar=1,6,1
0.054,11,0,500,70.26482770748329,285.83749897696316,0,14,1.4,2.7086155858523138,306,D_pmar=0.054_dist=500_repair_6_males=6_nmar=1,6,1
0,11,500,0,72.94922127731233,275.0383076348303,12.091501666658552,0,0,0,306,D_pmar=0.054_dist=500_repair_6_males=6_nmar=1,6,1
0,7,500,500,70.40677160137322,265.23704342585944,24.46275031981481,0,0,0,306,D_pmar=0.054_dist=500_repair_6_males=6_nmar=1,6,1
0,11,1000,0,67.32227573387213,274.2598699988157,18.465037308970576,0,0,0,306,D_pmar=0.054_dist=500_repair_6_males=6_nmar=1,6,1
0,6,1000,500,73.33627908871311,268.45986738440973,18.26911550871327,0,0,0,306,D_pmar=0.054_dist=500_repair_6_males=6_nmar=1,6,1
0,9,0,0,68.60592680388183,273.0639178920769,18.38669802379119,0,0,0,307,D_pmar=0.054_dist=500_repair_6_males=6_nmar=1,6,1
0,10,0,500,69.90046226141789,272.22725039897875,18.122398979225583,0,0,0,307,D_pmar=0.054_dist=500_repair_6_males=6_nmar=1,6,1
0,7,500,0,70.76896784535815,258.82033420527534,30.4141852635053,0,0,0,307,D_pmar=0.054_dist=500_repair_6_males=6_nmar=1,6,1
0,9,500,500,68.46430159138522,273.3930905116986,18.306464570547867,0,0,0,307,D_pmar=0.054_dist=500_repair_6_males=6_nmar=1,6,1
0.054,8,1000,0,69.82909196818188,285.8069064894369,0,18,1.8000000000000005,2.581641479967161,307,D_pmar=0.054_dist=500_repair_6_males=6_nmar=1,6,1
0,11,1000,500,70.79811306362673,264.8933644600674,24.361866839728247,0,0,0,307,D_pmar=0.054_dist=500_repair_6_males=6_nmar=1,6,1
0,7,0,0,68.15967964083289,255.316910866202,36.60761201902854,0,0,0,308,D_pmar=0.054_dist=500_repair_6_males=6_nmar=1,6,1
0,12,0,500,71.71434481924328,276.07391100641786,12.218001614702407,0,0,0,308,D_pmar=0.054_dist=500_repair_6_males=6_nmar=1,6,1
0,10,500,0,69.85277471609817,247.3993077393844,42.75013233006098,0,0,0,308,D_pmar=0.054_dist=500_repair_6_males=6_nmar=1,6,1
0,9,500,500,70.63138164840473,258.83952178969014,30.59256205279589,0,0,0,308,D_pmar=0.054_dist=500_repair_6_males=6_nmar=1,6,1
0.054,8,1000,0,75.33013422931276,279.45646375325856,0,25,2.500000000000001,2.7532667939109836,308,D_pmar=0.054_dist=500_repair_6_males=6_nmar=1,6,1
0,8,1000,500,70.62311252315463,258.89893709201584,30.584798383008668,0,0,0,308,D_pmar=0.054_dist=500_repair_6_males=6_nmar=1,6,1
0.054,13,0,0,69.65148281241423,286.0221271128353,0,20,2.0000000000000004,2.442752591078271,309,D_pmar=0.054_dist=500_repair_6_males=6_nmar=1,6,1
0,12,0,500,74.07014804019957,255.91755019952635,30.207094165785005,0,0,0,309,D_pmar=0.054_dist=500_repair_6_males=6_nmar=1,6,1
0,7,500,0,71.28478842758669,246.2350379260644,42.68815352733062,0,0,0,309,D_pmar=0.054_dist=500_repair_6_males=6_nmar=1,6,1
0,8,500,500,71.01925037727626,283.0394221992084,6.03100277102509,0,0,0,309,D_pmar=0.054_dist=500_repair_6_males=6_nmar=1,6,1
0,5,1000,0,68.759992157326,260.8540550995943,30.404462733684326,0,0,0,309,D_pmar=0.054_dist=500_repair_6_males=6_nmar=1,6,1
0,9,1000,500,70.62462720552308,280.06887186737526,9.46592883074131,0,0,0,309,D_pmar=0.054_dist=500_repair_6_males=6_nmar=1,6,1
0,8,0,0,69.2431188371154,254.17294192662533,36.601215284038005,0,0,0,30,D_pmar=0.054_dist=500_repair_6_males=6_nmar=1,6,1
0.054,9,0,500,68.46720677409468,286.96740738005894,0,21,2.1000000000000005,2.6104063106875146,30,D_pmar=0.054_dist=500_repair_6_males=6_nmar=1,6,1
0,12,500,0,71.44765202668276,270.5864355254481,18.237940075267694,0,0,0,30,D_pmar=0.054_dist=500_repair_6_males=6_nmar=1,6,1
0,9,500,500,67.52157433159871,274.42297383147405,18.235499812095068,0,0,0,30,D_pmar=0.054_dist=500_repair_6_males=6_nmar=1,6,1
0,9,1000,0,71.29149423375873,276.43091043897175,12.32627447185949,0,0,0,30,D_pmar=0.054_dist=500_repair_6_males=6_nmar=1,6,1
0,7,1000,500,71.22082367559067,246.10845822969085,42.798415436147586,0,0,0,30,D_pmar=0.054_dist=500_repair_6_males=6_nmar=1,6,1
0,9,0,0,70.31929008602772,265.8715410488763,24.17955453180143,0,0,0,310,D_pmar=0.054_dist=500_repair_6_males=6_nmar=1,6,1
0,14,0,500,69.71741942873491,259.6747431060928,30.72006927341275,0,0,0,310,D_pmar=0.054_dist=500_repair_6_males=6_nmar=1,6,1
0,8,500,0,72.27013911301962,275.9163669316221,12.116175723283355,0,0,0,310,D_pmar=0.054_dist=500_repair_6_males=6_nmar=1,6,1
0,6,500,500,70.05254902998381,283.97277730427294,6.146796788601108,0,0,0,310,D_pmar=0.054_dist=500_repair_6_males=6_nmar=1,6,1
0,7,1000,0,69.27705015115417,278.6012119741104,12.222187547978558,0,0,0,310,D_pmar=0.054_dist=500_repair_6_males=6_nmar=1,6,1
0.054,10,1000,500,71.72440528202584,284.7988987795218,0,14,1.4,2.192094555783218,310,D_pmar=0.054_dist=500_repair_6_males=6_nmar=1,6,1
0,12,0,0,71.63169627428717,276.3851213099357,12.058000334839868,0,0,0,311,D_pmar=0.054_dist=500_repair_6_males=6_nmar=1,6,1
0.054,11,0,500,73.13768351617347,283.18730952567176,0,17,1.7000000000000004,2.261539000227663,311,D_pmar=0.054_dist=500_repair_6_males=6_nmar=1,6,1
0,7,500,0,72.46104654207183,275.2911158225041,12.272599364002453,0,0,0,311,D_pmar=0.054_dist=500_repair_6_males=6_nmar=1,6,1
0,13,500,500,70.32675358761836,265.3719498533675,24.473898762725764,0,0,0,311,D_pmar=0.054_dist=500_repair_6_males=6_nmar=1,6,1
0,6,1000,0,74.73029986535553,273.15435880662926,12.184302122668456,0,0,0,311,D_pmar=0.054_dist=500_repair_6_males=6_nmar=1,6,1
0,5,1000,500,68.13453919540976,254.7226919767024,37.212601249476016,0,0,0,311,D_pmar=0.054_dist=500_repair_6_males=6_nmar=1,6,1
0,10,0,0,71.43433379788709,264.21132856593243,24.45644457514073,0,0,0,312,D_pmar=0.054_dist=500_repair_6_males=6_nmar=1,6,1
0,9,0,500,69.16870345365786,272.83113890005893,18.117949001800024,0,0,0,312,D_pmar=0.054_dist=500_repair_6_males=6_nmar=1,6,1
0,11,500,0,71.41869022811461,246.02954534230545,42.62219617937603,0,0,0,312,D_pmar=0.054_dist=500_repair_6_males=6_nmar=1,6,1
0,8,500,500,72.08501304883062,275.63566303840366,12.301077182279077,0,0,0,312,D_pmar=0.054_dist=500_repair_6_males=6_nmar=1,6,1
0.054,11,1000,0,71.96059648560963,282.6591447800277,0,27,2.700000000000001,2.851476069075783,312,D_pmar=0.054_dist=500_repair_6_males=6_nmar=1,6,1
0,5,1000,500,73.84678853563285,219.1897084870956,67.15458432639251,0,0,0,312,D_pmar=0.054_dist=500_repair_6_males=6_nmar=1,6,1
0,9,0,0,71.56143274724705,270.05881141677315,18.44218650131022,0,0,0,313,D_pmar=0.054_dist=500_repair_6_males=6_nmar=1,6,1
0,12,0,500,71.907617249197,266.3224638274874,21.88416492619092,0,0,0,313,D_pmar=0.054_dist=500_repair_6_males=6_nmar=1,6,1
0,6,500,0,71.59136861433561,276.0077015477264,12.44728555721467,0,0,0,313,D_pmar=0.054_dist=500_repair_6_males=6_nmar=1,6,1
0.054,6,500,500,71.86262280104815,283.24972272135824,0,19,1.9000000000000008,3.095836003939304,313,D_pmar=0.054_dist=500_repair_6_males=6_nmar=1,6,1
0,12,1000,0,72.8804416336197,238.71543378386824,48.80199296539529,0,0,0,313,D_pmar=0.054_dist=500_repair_6_males=6_nmar=1,6,1
0,9,1000,500,72.09704821781635,275.81003895143783,12.131685154757305,0,0,0,313,D_pmar=0.054_dist=500_repair_6_males=6_nmar=1,6,1
0,7,0,0,70.87139435585496,283.15063264156106,6.033972395474075,0,0,0,314,D_pmar=0.054_dist=500_repair_6_males=6_nmar=1,6,1
0,12,0,500,68.52450711338629,273.09256942960764,18.461725307568337,0,0,0,314,D_pmar=0.054_dist=500_repair_6_males=6_nmar=1,6,1
0,9,500,0,72.72944375221347,262.924968224109,24.46682354144405,0,0,0,314,D_pmar=0.054_dist=500_repair_6_males=6_nmar=1,6,1
0.054,5,500,500,73.18170857666152,282.42496244371523,0,17,1.7000000000000004,2.795591495872701,314,D_pmar=0.054_dist=500_repair_6_males=6_nmar=1,6,1
0,9,1000,0,67.59413640133174,267.9204967072238,24.56189174180411,0,0,0,314,D_pmar=0.054_dist=500_repair_6_males=6_nmar=1,6,1
0,12,1000,500,69.140170430573,260.3464969026889,30.52078332738174,0,0,0,314,D_pmar=0.054_dist=500_repair_6_males=6_nmar=1,6,1
0,8,0,0,67.9915275085116,273.8321213595034,18.410215874823276,0,0,0,315,D_pmar=0.054_dist=500_repair_6_males=6_nmar=1,6,1
0,9,0,500,70.65160304246284,265.11592560282133,24.36694340203863,0,0,0,315,D_pmar=0.054_dist=500_repair_6_males=6_nmar=1,6,1
0,6,500,0,71.9936406943265,275.69164727690946,12.320909586988437,0,0,0,315,D_pmar=0.054_dist=500_repair_6_males=6_nmar=1,6,1
0,12,500,500,70.11712713827379,284.01782536340966,6.004582491221883,0,0,0,315,D_pmar=0.054_dist=500_repair_6_males=6_nmar=1,6,1
0,7,1000,0,73.25459577873427,268.5806448535747,18.243520734333195,0,0,0,315,D_pmar=0.054_dist=500_repair_6_males=6_nmar=1,6,1
0.054,12,1000,500,76.61149387968955,279.63211229587097,0,13,1.3,2.4890488873745675,315,D_pmar=0.054_dist=500_repair_6_males=6_nmar=1,6,1
0,12,0,0,73.01803216540112,244.2981242815428,42.795914180128065,0,0,0,316,D_pmar=0.054_dist=500_repair_6_males=6_nmar=1,6,1
0,11,0,500,70.16549283932889,265.58529208705033,24.405505971572637,0,0,0,316,D_pmar=0.054_dist=500_repair_6_males=6_nmar=1,6,1
0.054,9,500,0,68.6613533054822,286.46273189825564,0,26,2.600000000000001,2.294275425282596,316,D_pmar=0.054_dist=500_repair_6_males=6_nmar=1,6,1
0,8,500,500,72.17553047374778,261.78022765534473,26.199403666236076,0,0,0,316,D_pmar=0.054_dist=500_repair_6_males=6_nmar=1,6,1
0,3,1000,0,74.97711715292279,236.06638626445888,49.088621314027584,0,0,0,316,D_pmar=0.054_dist=500_repair_6_males=6_nmar=1,6,1
0,11,1000,500,72.9589577418942,274.8518580166191,12.219769036226884,0,0,0,316,D_pmar=0.054_dist=500_repair_6_males=6_nmar=1,6,1
0.054,9,0,0,72.40532723933816,283.6824071562866,0,14,1.4,2.552195231387481,317,D_pmar=0.054_dist=500_repair_6_males=6_nmar=1,6,1
0,7,0,500,71.10801821367738,276.58420908875047,12.348334396685829,0,0,0,317,D_pmar=0.054_dist=500_repair_6_males=6_nmar=1,6,1
0,11,500,0,69.7575636316633,272.03680043951107,18.22979414223048,0,0,0,317,D_pmar=0.054_dist=500_repair_6_males=6_nmar=1,6,1
0,14,500,500,69.26037024165633,284.7643205861787,6.011946503296202,0,0,0,317,D_pmar=0.054_dist=500_repair_6_males=6_nmar=1,6,1
0,7,1000,0,72.04647273985906,263.62369339614855,24.337842271425103,0,0,0,317,D_pmar=0.054_dist=500_repair_6_males=6_nmar=1,6,1
0,6,1000,500,68.57382643686788,267.0119075186542,24.5229323706478,0,0,0,317,D_pmar=0.054_dist=500_repair_6_males=6_nmar=1,6,1
0,8,0,0,75.4626138841609,272.5397063496174,12.15351587912007,0,0,0,318,D_pmar=0.054_dist=500_repair_6_males=6_nmar=1,6,1
0,5,0,500,72.09967266683779,257.43639821401496,30.580275813727503,0,0,0,318,D_pmar=0.054_dist=500_repair_6_males=6_nmar=1,6,1
0,9,500,0,69.26594596313245,278.7546836088571,12.172727963164814,0,0,0,318,D_pmar=0.054_dist=500_repair_6_males=6_nmar=1,6,1
0,13,500,500,72.34973077278845,263.1712720413981,24.587239934821227,0,0,0,318,D_pmar=0.054_dist=500_repair_6_males=6_nmar=1,6,1
0,11,1000,0,72.51269681856385,269.3389326412502,18.2642028590474,0,0,0,318,D_pmar=0.054_dist=500_repair_6_males=6_nmar=1,6,1
0.054,8,1000,500,72.7303625185345,283.241811699362,0,16,1.6000000000000003,2.54096186624307,318,D_pmar=0.054_dist=500_repair_6_males=6_nmar=1,6,1
0,6,0,0,76.35148130351867,247.2505988060095,36.600829242775056,0,0,0,319,D_pmar=0.054_dist=500_repair_6_males=6_nmar=1,6,1
0,10,0,500,71.61705593812171,288.45507995761,0,0,0,0,319,D_pmar=0.054_dist=500_repair_6_males=6_nmar=1,6,1
0.054,9,500,0,70.38170027303711,285.6503459916219,0,17,1.7000000000000004,2.3485149102480505,319,D_pmar=0.054_dist=500_repair_6_males=6_nmar=1,6,1
0,9,500,500,69.59593545001326,266.1287643142986,24.50607367226193,0,0,0,319,D_pmar=0.054_dist=500_repair_6_males=6_nmar=1,6,1
0,12,1000,0,64.80484913349963,271.04202060003655,24.319753531694648,0,0,0,319,D_pmar=0.054_dist=500_repair_6_males=6_nmar=1,6,1
0,8,1000,500,67.90973178249776,273.7502330124026,18.41735152872781,0,0,0,319,D_pmar=0.054_dist=500_repair_6_males=6_nmar=1,6,1
0,5,0,0,73.83037815323945,261.6953371318706,24.597669334788645,0,0,0,31,D_pmar=0.054_dist=500_repair_6_males=6_nmar=1,6,1
0,8,0,500,69.88485220532087,284.11944004604254,6.101348353729695,0,0,0,31,D_pmar=0.054_dist=500_repair_6_males=6_nmar=1,6,1
0,14,500,0,69.82760451424708,278.0781829112368,12.265057640749957,0,0,0,31,D_pmar=0.054_dist=500_repair_6_males=6_nmar=1,6,1
0,6,500,500,72.42294801039786,287.76033265007396,0,0,0,0,31,D_pmar=0.054_dist=500_repair_6_males=6_nmar=1,6,1
0.054,13,1000,0,71.17266624498731,285.4317578432891,0,13,1.3,2.2479791289862994,31,D_pmar=0.054_dist=500_repair_6_males=6_nmar=1,6,1
0,8,1000,500,74.09207510814005,249.3326457119309,36.65371415013488,0,0,0,31,D_pmar=0.054_dist=500_repair_6_males=6_nmar=1,6,1
0.054,10,0,0,68.74008750478514,287.13156161375025,0,20,2.0000000000000004,2.3253667620999026,320,D_pmar=0.054_dist=500_repair_6_males=6_nmar=1,6,1
0,11,0,500,68.10599272617117,279.72588100333667,12.219845308458217,0,0,0,320,D_pmar=0.054_dist=500_repair_6_males=6_nmar=1,6,1
0,9,500,0,70.5646203662041,247.6753575490279,41.806021200438245,0,0,0,320,D_pmar=0.054_dist=500_repair_6_males=6_nmar=1,6,1
0,8,500,500,70.08853102059359,271.95400470244385,18.170476855243535,0,0,0,320,D_pmar=0.054_dist=500_repair_6_males=6_nmar=1,6,1
0,6,1000,0,74.29096906919365,243.98122910495596,41.8027387836478,0,0,0,320,D_pmar=0.054_dist=500_repair_6_males=6_nmar=1,6,1
0,10,1000,500,67.83937438842273,286.1307742917087,6.120514393040161,0,0,0,320,D_pmar=0.054_dist=500_repair_6_males=6_nmar=1,6,1
0,7,0,0,71.96099154576041,245.15870310064895,42.96951549885691,0,0,0,321,D_pmar=0.054_dist=500_repair_6_males=6_nmar=1,6,1
0.054,11,0,500,71.60841720319837,284.2585561224592,0,17,1.7000000000000004,2.450695779747429,321,D_pmar=0.054_dist=500_repair_6_males=6_nmar=1,6,1
0,3,500,0,71.63614854333778,288.41978712396593,0,0,0,0,321,D_pmar=0.054_dist=500_repair_6_males=6_nmar=1,6,1
0,8,500,500,70.2722109802403,274.7203360037021,15.16387074101742,0,0,0,321,D_pmar=0.054_dist=500_repair_6_males=6_nmar=1,6,1
0,14,1000,0,66.3587309871398,270.8487882607633,22.879255113924312,0,0,0,321,D_pmar=0.054_dist=500_repair_6_males=6_nmar=1,6,1
0,11,1000,500,68.75018110162992,273.0290750895578,18.3637025259984,0,0,0,321,D_pmar=0.054_dist=500_repair_6_males=6_nmar=1,6,1
0,9,0,0,71.73575820698106,276.07195553471365,12.31617718847657,0,0,0,322,D_pmar=0.054_dist=500_repair_6_males=6_nmar=1,6,1
0,12,0,500,71.07590912277638,282.991491569628,6.161591031530271,0,0,0,322,D_pmar=0.054_dist=500_repair_6_males=6_nmar=1,6,1
0,6,500,0,68.16044663546269,255.09488485004437,36.75797339192814,0,0,0,322,D_pmar=0.054_dist=500_repair_6_males=6_nmar=1,6,1
0,10,500,500,70.3239800950899,277.5945722147908,12.176079673797934,0,0,0,322,D_pmar=0.054_dist=500_repair_6_males=6_nmar=1,6,1
0.054,9,1000,0,71.42359486509467,284.7658358608213,0,15,1.5000000000000002,2.44672418541285,322,D_pmar=0.054_dist=500_repair_6_males=6_nmar=1,6,1
0,8,1000,500,69.39226097476448,265.93920546390655,24.705243649454353,0,0,0,322,D_pmar=0.054_dist=500_repair_6_males=6_nmar=1,6,1
0,12,0,0,70.09910810723504,289.9397419741799,0,0,0,0,323,D_pmar=0.054_dist=500_repair_6_males=6_nmar=1,6,1
0,6,0,500,72.29343631722828,275.29417100858205,12.477164423459342,0,0,0,323,D_pmar=0.054_dist=500_repair_6_males=6_nmar=1,6,1
0,6,500,0,67.94517591854566,267.56958174173104,24.551393503457245,0,0,0,323,D_pmar=0.054_dist=500_repair_6_males=6_nmar=1,6,1
0.054,12,500,500,70.72798691018728,285.99336766665346,0,11,1.1,2.2407173581764672,323,D_pmar=0.054_dist=500_repair_6_males=6_nmar=1,6,1
0,9,1000,0,69.66218164935076,290.39052422574764,0,0,0,0,323,D_pmar=0.054_dist=500_repair_6_males=6_nmar=1,6,1
0,9,1000,500,69.62366024387408,260.01729760848144,30.388133736530875,0,0,0,323,D_pmar=0.054_dist=500_repair_6_males=6_nmar=1,6,1
0.054,12,0,0,69.8526529006593,285.3004605308985,0,24,2.400000000000001,2.597527857305477,324,D_pmar=0.054_dist=500_repair_6_males=6_nmar=1,6,1
0,9,0,500,66.82152678972325,262.9623785453679,30.31847021356937,0,0,0,324,D_pmar=0.054_dist=500_repair_6_males=6_nmar=1,6,1
0,10,500,0,70.62880943819778,252.98109156842665,36.50774257990255,0,0,0,324,D_pmar=0.054_dist=500_repair_6_males=6_nmar=1,6,1
0,11,500,500,76.07160078078313,271.8131048414541,12.1678587145901,0,0,0,324,D_pmar=0.054_dist=500_repair_6_males=6_nmar=1,6,1
0,6,1000,0,68.54528928439429,230.18020528156583,61.40932191932291,0,0,0,324,D_pmar=0.054_dist=500_repair_6_males=6_nmar=1,6,1
0,6,1000,500,69.70585602648094,284.11168922392585,6.3166249002064525,0,0,0,324,D_pmar=0.054_dist=500_repair_6_males=6_nmar=1,6,1
0,9,0,0,66.92928141869652,286.81738924481374,6.278746397846431,0,0,0,325,D_pmar=0.054_dist=500_repair_6_males=6_nmar=1,6,1
0,13,0,500,70.39640908826908,271.2876216735712,18.34133875612981,0,0,0,325,D_pmar=0.054_dist=500_repair_6_males=6_nmar=1,6,1
0,10,500,0,72.16824408476823,263.5774546132305,24.341461748056716,0,0,0,325,D_pmar=0.054_dist=500_repair_6_males=6_nmar=1,6,1
0.054,6,500,500,67.9263122876007,288.35201333304184,0,13,1.3,2.623966181928879,325,D_pmar=0.054_dist=500_repair_6_males=6_nmar=1,6,1
0,10,1000,0,71.76270160877685,276.23900450623245,12.337403764422906,0,0,0,325,D_pmar=0.054_dist=500_repair_6_males=6_nmar=1,6,1
0,6,1000,500,65.81846484251847,275.9245699162975,18.30878565884108,0,0,0,325,D_pmar=0.054_dist=500_repair_6_males=6_nmar=1,6,1
0,9,0,0,67.22923802128707,250.4645074966239,42.34645827250036,0,0,0,326,D_pmar=0.054_dist=500_repair_6_males=6_nmar=1,6,1
0,11,0,500,74.46414229108481,255.01089202842113,30.560610281767683,0,0,0,326,D_pmar=0.054_dist=500_repair_6_males=6_nmar=1,6,1
0.054,11,500,0,69.58964149159313,285.86585323733266,0,24,2.400000000000001,2.3078352965239595,326,D_pmar=0.054_dist=500_repair_6_males=6_nmar=1,6,1
0,9,500,500,69.07289431589321,247.98598544979112,43.09021240686051,0,0,0,326,D_pmar=0.054_dist=500_repair_6_males=6_nmar=1,6,1
0,7,1000,0,72.01433224254723,257.5445364424779,30.46218964610339,0,0,0,326,D_pmar=0.054_dist=500_repair_6_males=6_nmar=1,6,1
0,7,1000,500,74.3010756881469,285.9289772774467,0,0,0,0,326,D_pmar=0.054_dist=500_repair_6_males=6_nmar=1,6,1
0,6,0,0,71.43377031759456,246.14126298602983,42.61621395247973,0,0,0,327,D_pmar=0.054_dist=500_repair_6_males=6_nmar=1,6,1
0.054,14,0,500,74.57921029982542,281.0737784745256,0,19,1.9000000000000008,2.6160229932597203,327,D_pmar=0.054_dist=500_repair_6_males=6_nmar=1,6,1
0,8,500,0,69.89191090851399,284.1208132517704,6.051937808881427,0,0,0,327,D_pmar=0.054_dist=500_repair_6_males=6_nmar=1,6,1
0,12,500,500,70.02238144273234,277.76041915367944,12.242835699407648,0,0,0,327,D_pmar=0.054_dist=500_repair_6_males=6_nmar=1,6,1
0,9,1000,0,69.4622099337538,266.3282222949339,24.253043711894424,0,0,0,327,D_pmar=0.054_dist=500_repair_6_males=6_nmar=1,6,1
0,5,1000,500,71.39168508082369,258.34797719306255,30.378734687438143,0,0,0,327,D_pmar=0.054_dist=500_repair_6_males=6_nmar=1,6,1
0,11,0,0,67.69027892894955,280.1362609689752,12.204418412798818,0,0,0,328,D_pmar=0.054_dist=500_repair_6_males=6_nmar=1,6,1
0,12,0,500,70.40509834372632,277.433972814837,12.321053442869148,0,0,0,328,D_pmar=0.054_dist=500_repair_6_males=6_nmar=1,6,1
0.054,12,500,0,71.24370401582112,284.68190057805157,0,16,1.6000000000000003,2.5736982912980024,328,D_pmar=0.054_dist=500_repair_6_males=6_nmar=1,6,1
0,4,500,500,67.63703505135656,255.78081167509728,36.59376932436732,0,0,0,328,D_pmar=0.054_dist=500_repair_6_males=6_nmar=1,6,1
0,8,1000,0,70.0135092737586,265.7467930568391,24.26167370395288,0,0,0,328,D_pmar=0.054_dist=500_repair_6_males=6_nmar=1,6,1
0,7,1000,500,70.53392456936508,277.7489440772556,12.056661512576602,0,0,0,328,D_pmar=0.054_dist=500_repair_6_males=6_nmar=1,6,1
0,6,0,0,70.01473841258142,259.4106481403062,30.585851713795257,0,0,0,329,D_pmar=0.054_dist=500_repair_6_males=6_nmar=1,6,1
0.054,7,0,500,71.29964948448122,284.0775454652289,0,21,2.1000000000000005,2.583967986064113,329,D_pmar=0.054_dist=500_repair_6_males=6_nmar=1,6,1
0,13,500,0,66.51823566462245,287.4029227213719,6.109961432121216,0,0,0,329,D_pmar=0.054_dist=500_repair_6_males=6_nmar=1,6,1
0,6,500,500,67.68062726785664,243.478772279176,48.85608586992745,0,0,0,329,D_pmar=0.054_dist=500_repair_6_males=6_nmar=1,6,1
0,11,1000,0,71.69041577293982,270.469264694798,18.476396358825554,0,0,0,329,D_pmar=0.054_dist=500_repair_6_males=6_nmar=1,6,1
0,11,1000,500,70.49291239858056,264.7430351004962,24.80105312150379,0,0,0,329,D_pmar=0.054_dist=500_repair_6_males=6_nmar=1,6,1
0.054,13,0,0,71.43544211731897,284.43951903110406,0,19,1.9000000000000008,2.404399483451132,32,D_pmar=0.054_dist=500_repair_6_males=6_nmar=1,6,1
0,8,0,500,74.26176327900043,267.59407152084333,18.174966682594643,0,0,0,32,D_pmar=0.054_dist=500_repair_6_males=6_nmar=1,6,1
0,5,500,0,75.69871330632965,244.28983326128932,40.12286766900184,0,0,0,32,D_pmar=0.054_dist=500_repair_6_males=6_nmar=1,6,1
0,13,500,500,71.22520036194399,276.66660815863645,12.11824496385552,0,0,0,32,D_pmar=0.054_dist=500_repair_6_males=6_nmar=1,6,1
0,11,1000,0,66.59346481837443,262.7855185211706,30.635932720028627,0,0,0,32,D_pmar=0.054_dist=500_repair_6_males=6_nmar=1,6,1
0,4,1000,500,74.13002525182125,273.93565531007164,12.059083659670785,0,0,0,32,D_pmar=0.054_dist=500_repair_6_males=6_nmar=1,6,1
0,5,0,0,70.54019353049256,283.3414730633263,6.132738925981798,0,0,0,330,D_pmar=0.054_dist=500_repair_6_males=6_nmar=1,6,1
0,12,0,500,72.95557301603783,250.60445511848175,36.50810782319251,0,0,0,330,D_pmar=0.054_dist=500_repair_6_males=6_nmar=1,6,1
0,13,500,0,73.86139317103797,255.6852667709748,30.50241669921758,0,0,0,330,D_pmar=0.054_dist=500_repair_6_males=6_nmar=1,6,1
0.054,8,500,500,70.54958557657814,285.6050783003883,0,19,1.9000000000000008,2.032384024843132,330,D_pmar=0.054_dist=500_repair_6_males=6_nmar=1,6,1
0,11,1000,0,71.03061770695903,276.80177157165787,12.229542922101974,0,0,0,330,D_pmar=0.054_dist=500_repair_6_males=6_nmar=1,6,1
0,5,1000,500,72.3607778232764,256.90996026967656,30.872833200672904,0,0,0,330,D_pmar=0.054_dist=500_repair_6_males=6_nmar=1,6,1
0.054,14,0,0,70.4521744874806,285.8609199971992,0,17,1.7000000000000004,2.1825062788764336,331,D_pmar=0.054_dist=500_repair_6_males=6_nmar=1,6,1
0,7,0,500,72.37839338893959,263.4153038942265,24.38684473313903,0,0,0,331,D_pmar=0.054_dist=500_repair_6_males=6_nmar=1,6,1
0,8,500,0,74.44332561904926,267.35577770587116,18.28662031588456,0,0,0,331,D_pmar=0.054_dist=500_repair_6_males=6_nmar=1,6,1
0,10,500,500,70.48658178357405,259.267263462034,30.52556397836941,0,0,0,331,D_pmar=0.054_dist=500_repair_6_males=6_nmar=1,6,1
0,7,1000,0,73.46019426212948,268.25148952511836,18.354244054365576,0,0,0,331,D_pmar=0.054_dist=500_repair_6_males=6_nmar=1,6,1
0,8,1000,500,75.78976607315842,272.06284861389753,12.29616313468475,0,0,0,331,D_pmar=0.054_dist=500_repair_6_males=6_nmar=1,6,1
0,8,0,0,69.43674609823607,254.0709185930195,36.60627444520465,0,0,0,332,D_pmar=0.054_dist=500_repair_6_males=6_nmar=1,6,1
0.054,10,0,500,70.67640836118609,284.9097493087229,0,20,2.0000000000000004,2.4235760372647017,332,D_pmar=0.054_dist=500_repair_6_males=6_nmar=1,6,1
0,12,500,0,68.90648908647101,279.15497695283193,12.180450738331796,0,0,0,332,D_pmar=0.054_dist=500_repair_6_males=6_nmar=1,6,1
0,8,500,500,69.14631364197218,266.65795867837807,24.21160507925425,0,0,0,332,D_pmar=0.054_dist=500_repair_6_males=6_nmar=1,6,1
0,9,1000,0,74.27331087762715,268.45197339321925,17.281418251412536,0,0,0,332,D_pmar=0.054_dist=500_repair_6_males=6_nmar=1,6,1
0,7,1000,500,75.11861114482427,254.09337342543557,30.900585348758547,0,0,0,332,D_pmar=0.054_dist=500_repair_6_males=6_nmar=1,6,1
0,5,0,0,70.00992959229522,265.820400819913,24.251688104194113,0,0,0,333,D_pmar=0.054_dist=500_repair_6_males=6_nmar=1,6,1
0.054,9,0,500,69.79445989354721,285.8023937955029,0,19,1.9000000000000008,2.544933460577649,333,D_pmar=0.054_dist=500_repair_6_males=6_nmar=1,6,1
0,10,500,0,68.50933895604253,285.54056748670615,6.0819734141322535,0,0,0,333,D_pmar=0.054_dist=500_repair_6_males=6_nmar=1,6,1
0,10,500,500,74.15342599843054,257.04126431494717,28.98546494277836,0,0,0,333,D_pmar=0.054_dist=500_repair_6_males=6_nmar=1,6,1
0,9,1000,0,68.43910544601911,260.962639219108,30.63092691734029,0,0,0,333,D_pmar=0.054_dist=500_repair_6_males=6_nmar=1,6,1
0,11,1000,500,75.75276238423876,259.7609006658656,24.586191089123833,0,0,0,333,D_pmar=0.054_dist=500_repair_6_males=6_nmar=1,6,1
0,6,0,0,69.38112286897352,260.1330143268128,30.627289871968298,0,0,0,334,D_pmar=0.054_dist=500_repair_6_males=6_nmar=1,6,1
0,14,0,500,69.74225901601159,259.81381948589467,30.471891006198817,0,0,0,334,D_pmar=0.054_dist=500_repair_6_males=6_nmar=1,6,1
0,7,500,0,66.71652771320925,287.3887491167223,6.1872002713728,0,0,0,334,D_pmar=0.054_dist=500_repair_6_males=6_nmar=1,6,1
0,9,500,500,71.5431712095378,252.3518061725572,36.27754867557583,0,0,0,334,D_pmar=0.054_dist=500_repair_6_males=6_nmar=1,6,1
0,6,1000,0,72.026456055480793,263.7116286636589,24.282929764584217,0,0,0,334,D_pmar=0.054_dist=500_repair_6_males=6_nmar=1,6,1
0.054,12,1000,500,70.16223087324433,285.4247717794992,0,21,2.1000000000000005,2.6104063106875146,334,D_pmar=0.054_dist=500_repair_6_males=6_nmar=1,6,1
0,12,0,0,68.82615980436196,279.00726171612826,12.319102794555915,0,0,0,335,D_pmar=0.054_dist=500_repair_6_males=6_nmar=1,6,1
0,9,0,500,73.65811673617121,237.61030478245164,48.8665883424723,0,0,0,335,D_pmar=0.054_dist=500_repair_6_males=6_nmar=1,6,1
0,7,500,0,67.30312120157555,280.73690789716767,12.104996608443916,0,0,0,335,D_pmar=0.054_dist=500_repair_6_males=6_nmar=1,6,1
0,10,500,500,71.74751007726404,258.20938030038786,30.25890512128406,0,0,0,335,D_pmar=0.054_dist=500_repair_6_males=6_nmar=1,6,1
0,7,1000,0,68.57128870468856,257.45769543211395,34.176131856904014,0,0,0,335,D_pmar=0.054_dist=500_repair_6_males=6_nmar=1,6,1
0.054,9,1000,500,72.52901786711384,282.54334855598427,0,23,2.3000000000000007,2.7476501113387783,335,D_pmar=0.054_dist=500_repair_6_males=6_nmar=1,6,1
0,9,0,0,66.88245172858313,287.14621107921977,6.0338812796221415,0,0,0,336,D_pmar=0.054_dist=500_repair_6_males=6_nmar=1,6,1
0,11,0,500,67.55128235355251,280.37060553787455,12.193643658804662,0,0,0,336,D_pmar=0.054_dist=500_repair_6_males=6_nmar=1,6,1
0.054,12,500,0,70.76448059020233,286.32587953563734,0,8,0.7999999999999999,2.1825062788764336,336,D_pmar=0.054_dist=500_repair_6_males=6_nmar=1,6,1
0,4,500,500,69.21664659032868,272.70217086547746,18.15938864405266,0,0,0,336,D_pmar=0.054_dist=500_repair_6_males=6_nmar=1,6,1
0,10,1000,0,73.84818794381077,273.9638675979917,12.228798363070592,0,0,0,336,D_pmar=0.054_dist=500_repair_6_males=6_nmar=1,6,1
0,8,1000,500,73.14414589067744,287.09474330876503,0,0,0,0,336,D_pmar=0.054_dist=500_repair_6_males=6_nmar=1,6,1
0.054,8,0,0,69.571631149753,287.07855839703825,0,13,1.3,2.118678517004194,337,D_pmar=0.054_dist=500_repair_6_males=6_nmar=1,6,1
0,13,0,500,73.70526046576057,274.2377440843224,12.182362260397126,0,0,0,337,D_pmar=0.054_dist=500_repair_6_males=6_nmar=1,6,1
0,5,500,0,67.8423761577279,274.25139873391356,18.0984249936014,0,0,0,337,D_pmar=0.054_dist=500_repair_6_males=6_nmar=1,6,1
0,7,500,500,68.45330557181154,279.6726126924436,12.097250147786903,0,0,0,337,D_pmar=0.054_dist=500_repair_6_males=6_nmar=1,6,1
0,10,1000,0,72.59193300367293,263.3135945199085,24.23153866128542,0,0,0,337,D_pmar=0.054_dist=500_repair_6_males=6_nmar=1,6,1
0,11,1000,500,72.7455711479039,275.45021621296985,12.045081468346725,0,0,0,337,D_pmar=0.054_dist=500_repair_6_males=6_nmar=1,6,1
0,6,0,0,73.34325040964426,274.84333689903036,12.14861441989778,0,0,0,338,D_pmar=0.054_dist=500_repair_6_males=6_nmar=1,6,1
0,10,0,500,68.30891561737097,273.4351268174381,18.351055037034293,0,0,0,338,D_pmar=0.054_dist=500_repair_6_males=6_nmar=1,6,1
0,10,500,0,68.21687681642662,267.7135429843092,24.23333098984325,0,0,0,338,D_pmar=0.054_dist=500_repair_6_males=6_nmar=1,6,1
0,9,500,500,72.94016356775113,280.98576748678886,6.075674193136758,0,0,0,338,D_pmar=0.054_dist=500_repair_6_males=6_nmar=1,6,1
0.054,11,1000,0,70.54902845165743,285.76369374260776,0,15,1.5000000000000002,2.1881229614486393,338,D_pmar=0.054_dist=500_repair_6_males=6_nmar=1,6,1
0,8,1000,500,73.03795047995662,256.6354364914411,30.61338476816039,0,0,0,338,D_pmar=0.054_dist=500_repair_6_males=6_nmar=1,6,1
0.054,11,0,0,68.88320166983853,287.0848129393963,0,16,1.6000000000000003,2.5952013512085244,339,D_pmar=0.054_dist=500_repair_6_males=6_nmar=1,6,1
0,8,0,500,69.10263155608303,260.62611846646985,30.510224493984857,0,0,0,339,D_pmar=0.054_dist=500_repair_6_males=6_nmar=1,6,1
0,7,500,0,72.58655481639512,263.3148057837521,24.181583825067865,0,0,0,339,D_pmar=0.054_dist=500_repair_6_males=6_nmar=1,6,1
0,12,500,500,70.78500082582337,289.29029956350416,0,0,0,0,339,D_pmar=0.054_dist=500_repair_6_males=6_nmar=1,6,1
0,7,1000,0,72.62315299473836,263.11530686893093,24.38733355585808,0,0,0,339,D_pmar=0.054_dist=500_repair_6_males=6_nmar=1,6,1
0,9,1000,500,72.42077999695776,269.3855157996104,18.25625333652165,0,0,0,339,D_pmar=0.054_dist=500_repair_6_males=6_nmar=1,6,1
0.054,10,0,0,73.971242366437,281.7562588908183,0,18,1.8000000000000005,2.512197035522716,33,D_pmar=0.054_dist=500_repair_6_males=6_nmar=1,6,1
0,8,0,500,69.15819902176494,266.6730490837655,24.22984170638607,0,0,0,33,D_pmar=0.054_dist=500_repair_6_males=6_nmar=1,6,1
0,6,500,0,70.11593355225598,253.08901679756863,36.81010757293458,0,0,0,33,D_pmar=0.054_dist=500_repair_6_males=6_nmar=1,6,1
0,5,500,500,69.08184095520487,266.3719693964646,24.63194462004544,0,0,0,33,D_pmar=0.054_dist=500_repair_6_males=6_nmar=1,6,1
0,16,1000,0,70.41041019614579,289.72241978256994,0,0,0,0,33,D_pmar=0.054_dist=500_repair_6_males=6_nmar=1,6,1
0,9,1000,500,68.78823598259038,266.72452486229537,24.503743425565577,0,0,0,33,D_pmar=0.054_dist=500_repair_6_males=6_nmar=1,6,1
0,12,0,0,68.37671972739001,254.73240335443396,37.05163298212086,0,0,0,340,D_pmar=0.054_dist=500_repair_6_males=6_nmar=1,6,1
0,10,0,500,70.8489042359939,264.6465958477788,24.64807971491506,0,0,0,340,D_pmar=0.054_dist=500_repair_6_males=6_nmar=1,6,1
0.054,12,500,0,70.18223722900446,285.39001442951894,0,17,1.7000000000000004,2.820384732258476,340,D_pmar=0.054_dist=500_repair_6_males=6_nmar=1,6,1
0,6,500,500,70.5072209814174,289.67800754710544,0,0,0,0,340,D_pmar=0.054_dist=500_repair_6_males=6_nmar=1,6,1
0,5,1000,0,67.67602780564718,267.7932900612814,24.68057505400718,0,0,0,340,D_pmar=0.054_dist=500_repair_6_males=6_nmar=1,6,1
0,9,1000,500,69.57681048294477,272.37411568321824,18.24545233876342,0,0,0,340,D_pmar=0.054_dist=500_repair_6_males=6_nmar=1,6,1
0,17,0,0,71.9264572632321,263.7701656797702,24.415993282487225,0,0,0,341,D_pmar=0.054_dist=500_repair_6_males=6_nmar=1,6,1
0,9,0,500,73.30766846610697,286.83971503880406,0,0,0,0,341,D_pmar=0.054_dist=500_repair_6_males=6_nmar=1,6,1
0.054,8,500,0,75.06074138936032,281.3198729520618,0,13,1.3,2.5489050549122276,341,D_pmar=0.054_dist=500_repair_6_males=6_nmar=1,6,1
0,7,500,500,69.23580895133762,265.4339059168253,25.33416616842106,0,0,0,341,D_pmar=0.054_dist=500_repair_6_males=6_nmar=1,6,1
0,6,1000,0,71.24003657317282,288.91927436761506,0,0,0,0,341,D_pmar=0.054_dist=500_repair_6_males=6_nmar=1,6,1
0,7,1000,500,69.29845390585675,266.4950338105594,24.277569122407456,0,0,0,341,D_pmar=0.054_dist=500_repair_6_males=6_nmar=1,6,1
0,9,0,0,71.71026180642083,263.9982616110184,24.34181824892899,0,0,0,342,D_pmar=0.054_dist=500_repair_6_males=6_nmar=1,6,1
0.054,9,0,500,70.3158029573926,286.2388969501875,0,15,1.5000000000000002,2.0436173899875434,342,D_pmar=0.054_dist=500_repair_6_males=6_nmar=1,6,1
0,4,500,0,72.3753609417667,269.29906540938964,18.37110501061625,0,0,0,342,D_pmar=0.054_dist=500_repair_6_males=6_nmar=1,6,1
0,7,500,500,74.05403747726388,267.75586692847844,18.283305927472803,0,0,0,342,D_pmar=0.054_dist=500_repair_6_males=6_nmar=1,6,1
0,11,1000,0,69.30478093138022,284.89194661023964,6.020575178347475,0,0,0,342,D_pmar=0.054_dist=500_repair_6_males=6_nmar=1,6,1
0,14,1000,500,69.82532354538777,265.725072144916,24.59753431880969,0,0,0,342,D_pmar=0.054_dist=500_repair_6_males=6_nmar=1,6,1
0,13,0,0,67.65032610787131,261.9752255436945,30.547164995451435,0,0,0,343,D_pmar=0.054_dist=500_repair_6_males=6_nmar=1,6,1
0,8,0,500,70.86672676964783,258.98042985313083,30.23348454378198,0,0,0,343,D_pmar=0.054_dist=500_repair_6_males=6_nmar=1,6,1
0.054,13,500,0,69.74132196820341,286.7723344153593,0,14,1.4,2.247979128986299,343,D_pmar=0.054_dist=500_repair_6_males=6_nmar=1,6,1
0,8,500,500,74.83584107911922,279.2488430917402,6.041900114790002,0,0,0,343,D_pmar=0.054_dist=500_repair_6_males=6_nmar=1,6,1
0,6,1000,0,68.68894376746891,279.2234205288752,12.207230920097444,0,0,0,343,D_pmar=0.054_dist=500_repair_6_males=6_nmar=1,6,1
0,6,1000,500,65.82182424670361,288.1953989100608,6.051991590991733,0,0,0,343,D_pmar=0.054_dist=500_repair_6_males=6_nmar=1,6,1
0,5,0,0,70.49806657878321,265.20678379602987,24.33695550962525,0,0,0,344,D_pmar=0.054_dist=500_repair_6_males=6_nmar=1,6,1
0,5,0,500,70.54797903482557,256.1649398952303,33.49943474325905,0,0,0,344,D_pmar=0.054_dist=500_repair_6_males=6_nmar=1,6,1
0,9,500,0,72.0101282291259,276.0288062272874,12.076463425393174,0,0,0,344,D_pmar=0.054_dist=500_repair_6_males=6_nmar=1,6,1
0,8,500,500,72.84503748244462,255.54707110840727,31.636307851169175,0,0,0,344,D_pmar=0.054_dist=500_repair_6_males=6_nmar=1,6,1
0,13,1000,0,69.8847202667098,265.5123708709398,24.68994547728992,0,0,0,344,D_pmar=0.054_dist=500_repair_6_males=6_nmar=1,6,1
0.054,14,1000,500,69.382698426377,285.70299271192374,0,22,2.2000000000000006,2.861064345982567,344,D_pmar=0.054_dist=500_repair_6_males=6_nmar=1,6,1
0,11,0,0,68.14044814495513,261.92478328381907,30.19769091388867,0,0,0,345,D_pmar=0.054_dist=500_repair_6_males=6_nmar=1,6,1
0.054,10,0,500,74.82593984257862,280.9849197031455,0,17,1.7000000000000004,2.520140224191874,345,D_pmar=0.054_dist=500_repair_6_males=6_nmar=1,6,1
0,9,500,0,71.2231673918112,276.91103600839756,12.144487135414744,0,0,0,345,D_pmar=0.054_dist=500_repair_6_males=6_nmar=1,6,1
0,11,500,500,70.61894017069748,277.06571404488705,12.35556336936318,0,0,0,345,D_pmar=0.054_dist=500_repair_6_males=6_nmar=1,6,1
0,4,1000,0,69.71692561812075,266.0939232229689,24.276038186948444,0,0,0,345,D_pmar=0.054_dist=500_repair_6_males=6_nmar=1,6,1
0,9,1000,500,69.57883986669823,266.1213760860939,24.316726022960815,0,0,0,345,D_pmar=0.054_dist=500_repair_6_males=6_nmar=1,6,1
0,9,0,0,70.97322176534817,282.92168108934607,6.144595635828478,0,0,0,346,D_pmar=0.054_dist=500_repair_6_males=6_nmar=1,6,1
0,11,0,500,70.04322983082926,241.02470629429723,49.025950196181235,0,0,0,346,D_pmar=0.054_dist=500_repair_6_males=6_nmar=1,6,1
0,9,500,0,71.46345328328898,252.20549629422396,36.3758188521224,0,0,0,346,D_pmar=0.054_dist=500_repair_6_males=6_nmar=1,6,1
0.054,8,500,500,70.32422827377734,284.71712348790885,0,27,2.700000000000001,2.3676914640616205,346,D_pmar=0.054_dist=500_repair_6_males=6_nmar=1,6,1
0,10,1000,0,67.66608276763394,267.75944636077224,24.645470377665067,0,0,0,346,D_pmar=0.054_dist=500_repair_6_males=6_nmar=1,6,1
0,7,1000,500,71.79212526274681,239.41486804996143,48.86887606533403,0,0,0,346,D_pmar=0.054_dist=500_repair_6_males=6_nmar=1,6,1
0,9,0,0,69.46556886575776,284.55775571176406,6.099442318087079,0,0,0,347,D_pmar=0.054_dist=500_repair_6_males=6_nmar=1,6,1
0,10,0,500,70.68381789043723,265.1362416346382,24.242761883236252,0,0,0,347,D_pmar=0.054_dist=500_repair_6_males=6_nmar=1,6,1
0,8,500,0,67.39459238148463,292.60942118584273,0,0,0,0,347,D_pmar=0.054_dist=500_repair_6_males=6_nmar=1,6,1
0,9,500,500,73.48923897932096,262.34101349863835,24.32958916076335,0,0,0,347,D_pmar=0.054_dist=500_repair_6_males=6_nmar=1,6,1
0,5,1000,0,70.33627087656147,271.3607292788262,18.323848929624784,0,0,0,347,D_pmar=0.054_dist=500_repair_6_males=6_nmar=1,6,1
0.054,13,1000,500,69.13532227195492,287.68170875606376,0,12,1.2,2.0515605786567015,347,D_pmar=0.054_dist=500_repair_6_males=6_nmar=1,6,1
0,8,0,0,69.79863857248768,289.6084994410231,0.6859989167845353,0,0,0,348,D_pmar=0.054_dist=500_repair_6_males=6_nmar=1,6,1
0,6,0,500,68.90387894768634,266.74610432760403,24.68133892984942,0,0,0,348,D_pmar=0.054_dist=500_repair_6_males=6_nmar=1,6,1
0,10,500,0,66.97219626790975,293.3279120147356,0,0,0,0,348,D_pmar=0.054_dist=500_repair_6_males=6_nmar=1,6,1
0.054,5,500,500,72.75766564607173,284.29656580821825,0,10,1,2.0148525592671893,348,D_pmar=0.054_dist=500_repair_6_males=6_nmar=1,6,1
0,19,1000,0,69.55525782030281,290.694126269584,0,0,0,0,348,D_pmar=0.054_dist=500_repair_6_males=6_nmar=1,6,1
0,6,1000,500,70.97669443772125,258.54136894556535,30.532773178481474,0,0,0,348,D_pmar=0.054_dist=500_repair_6_males=6_nmar=1,6,1
0,8,0,0,69.03355853890922,260.0952899265221,30.88679702586362,0,0,0,349,D_pmar=0.054_dist=500_repair_6_males=6_nmar=1,6,1
0.054,9,0,500,69.79865559802116,286.97774014556484,0,14,1.4,2.095530368856046,349,D_pmar=0.054_dist=500_repair_6_males=6_nmar=1,6,1
0,8,500,0,69.14733367711398,266.36022267601294,24.577559806735312,0,0,0,349,D_pmar=0.054_dist=500_repair_6_males=6_nmar=1,6,1
0,10,500,500,69.1564929850761,278.9076189841862,12.258390650899903,0,0,0,349,D_pmar=0.054_dist=500_repair_6_males=6_nmar=1,6,1
0,12,1000,0,73.6771254713521,280.1910139660251,6.1643545799938035,0,0,0,349,D_pmar=0.054_dist=500_repair_6_males=6_nmar=1,6,1
0,7,1000,500,68.95256353301441,278.90204737997084,12.40417308950393,0,0,0,349,D_pmar=0.054_dist=500_repair_6_males=6_nmar=1,6,1
0,9,0,0,68.03371599299842,286.19619052392204,6.070837734454299,0,0,0,34,D_pmar=0.054_dist=500_repair_6_males=6_nmar=1,6,1
0,11,0,500,67.46744117003225,255.9262525434376,36.87206451794288,0,0,0,34,D_pmar=0.054_dist=500_repair_6_males=6_nmar=1,6,1
0,8,500,0,69.04534696949402,284.94293049265883,6.05587253556483,0,0,0,34,D_pmar=0.054_dist=500_repair_6_males=6_nmar=1,6,1
0,13,500,500,69.05094668983322,272.74812040786804,18.253589044176486,0,0,0,34,D_pmar=0.054_dist=500_repair_6_males=6_nmar=1,6,1
0,8,1000,0,68.72074665498825,277.4486019667514,13.941457757867916,0,0,0,34,D_pmar=0.054_dist=500_repair_6_males=6_nmar=1,6,1
0.054,5,1000,500,71.42690398321763,284.72953869021177,0,14,1.4,2.4579575505572615,34,D_pmar=0.054_dist=500_repair_6_males=6_nmar=1,6,1
0,10,0,0,72.09135211682212,281.94303599260655,6.039384130238101,0,0,0,350,D_pmar=0.054_dist=500_repair_6_males=6_nmar=1,6,1
0,13,0,500,71.63697870756329,251.6494670077741,36.73059096626295,0,0,0,350,D_pmar=0.054_dist=500_repair_6_males=6_nmar=1,6,1
0,7,500,0,68.76878996638384,260.49021427765894,30.888090493347185,0,0,0,350,D_pmar=0.054_dist=500_repair_6_males=6_nmar=1,6,1
0.054,5,500,500,69.90602779606894,286.1714065409073,0,17,1.7000000000000004,2.2271574869351034,350,D_pmar=0.054_dist=500_repair_6_males=6_nmar=1,6,1
0,11,1000,0,66.52148261620974,274.9847953061276,18.513028693263703,0,0,0,350,D_pmar=0.054_dist=500_repair_6_males=6_nmar=1,6,1
0,8,1000,500,68.3437188132163,279.57453680274983,12.293434285161972,0,0,0,350,D_pmar=0.054_dist=500_repair_6_males=6_nmar=1,6,1
0,9,0,0,75.21890110537245,279.0130218576019,6.167150120788617,0,0,0,351,D_pmar=0.054_dist=500_repair_6_males=6_nmar=1,6,1
0,4,0,500,70.35909355008326,253.2363935155473,36.440163349890064,0,0,0,351,D_pmar=0.054_dist=500_repair_6_males=6_nmar=1,6,1
0,17,500,0,69.61773093066867,284.396877244109,6.048579311977435,0,0,0,351,D_pmar=0.054_dist=500_repair_6_males=6_nmar=1,6,1
0,9,500,500,69.2739105152533,248.07887319997928,42.81547592832776,0,0,0,351,D_pmar=0.054_dist=500_repair_6_males=6_nmar=1,6,1
0,8,1000,0,68.899662504138945,272.8072196605538,18.36058321177873,0,0,0,351,D_pmar=0.054_dist=500_repair_6_males=6_nmar=1,6,1
0.054,7,1000,500,70.64450693913612,285.12180146264654,0,18,1.8000000000000005,2.44672418541285,351,D_pmar=0.054_dist=500_repair_6_males=6_nmar=1,6,1
0,10,0,0,72.6365625970447,281.3802779991141,6.056410955492311,0,0,0,352,D_pmar=0.054_dist=500_repair_6_males=6_nmar=1,6,1
0,10,0,500,70.41233978412704,271.25251430631636,18.355809102514552,0,0,0,352,D_pmar=0.054_dist=500_repair_6_males=6_nmar=1,6,1
0,9,500,0,70.59602521953708,283.5009794521936,6.006787896389796,0,0,0,352,D_pmar=0.054_dist=500_repair_6_males=6_nmar=1,6,1
0.054,7,500,500,74.7440407081631,281.89537133028017,0,11,1.1,2.5257569067640793,352,D_pmar=0.054_dist=500_repair_6_males=6_nmar=1,6,1
0,12,1000,0,72.03006508307323,287.9957539629193,0,0,0,0,352,D_pmar=0.054_dist=500_repair_6_males=6_nmar=1,6,1
0,6,1000,500,72.73113891577664,251.2966768658629,36.325836693584485,0,0,0,352,D_pmar=0.054_dist=500_repair_6_males=6_nmar=1,6,1
0,2,0,0,70.64781388204054,259.2461827048495,30.497077401259684,0,0,0,353,D_pmar=0.054_dist=500_repair_6_males=6_nmar=1,6,1
0,6,0,500,72.46712848755612,263.5963142542127,24.19478332418116,0,0,0,353,D_pmar=0.054_dist=500_repair_6_males=6_nmar=1,6,1
0,14,500,0,70.37429217423696,265.1935060403178,24.46208556280055,0,0,0,353,D_pmar=0.054_dist=500_repair_6_males=6_nmar=1,6,1
0,11,500,500,70.7271779419785,283.19398852789277,6.210700248078524,0,0,0,353,D_pmar=0.054_dist=500_repair_6_males=6_nmar=1,6,1
0.054,10,1000,0,66.06674832389331,289.56504157660476,0,19,1.9000000000000008,2.556848243581386,353,D_pmar=0.054_dist=500_repair_6_males=6_nmar=1,6,1
0,11,1000,500,70.79967073491086,258.5402792584046,30.77790728481059,0,0,0,353,D_pmar=0.054_dist=500_repair_6_males=6_nmar=1,6,1
0.054,5,0,0,69.13039663647452,285.5353739923575,0,27,2.700000000000001,2.749295199576405,354,D_pmar=0.054_dist=500_repair_6_males=6_nmar=1,6,1
0,5,0,500,71.21251863615274,246.4251627269504,42.37662286682996,0,0,0,354,D_pmar=0.054_dist=500_repair_6_males=6_nmar=1,6,1
0,17,500,0,70.26391929236777,259.5984135679525,30.2959797724881,0,0,0,354,D_pmar=0.054_dist=500_repair_6_males=6_nmar=1,6,1
0,10,500,500,70.72587623383323,259.3646087185112,30.335463963610113,0,0,0,354,D_pmar=0.054_dist=500_repair_6_males=6_nmar=1,6,1
0,7,1000,0,70.62371515628602,239.93710685376624,49.46704354472236,0,0,0,354,D_pmar=0.054_dist=500_repair_6_males=6_nmar=1,6,1
0,10,1000,500,68.39805099323868,279.6784094239688,12.156596739353294,0,0,0,354,D_pmar=0.054_dist=500_repair_6_males=6_nmar=1,6,1
0,7,0,0,68.77450978571876,273.3257067830146,18.107957630151297,0,0,0,355,D_pmar=0.054_dist=500_repair_6_males=6_nmar=1,6,1
0,10,0,500,71.42973952308333,259.8957653128145,28.698855270850167,0,0,0,355,D_pmar=0.054_dist=500_repair_6_males=6_nmar=1,6,1
0,10,500,0,71.02248064332773,258.37102876717654,30.68329933294461,0,0,0,355,D_pmar=0.054_dist=500_repair_6_males=6_nmar=1,6,1
0,8,500,500,65.91064358080875,275.83007756682247,18.4858489937044,0,0,0,355,D_pmar=0.054_dist=500_repair_6_males=6_nmar=1,6,1
0.054,10,1000,0,71.11932463323251,284.27538891553866,0,21,2.1000000000000005,2.5082254411881366,355,D_pmar=0.054_dist=500_repair_6_males=6_nmar=1,6,1
0,9,1000,500,70.63980835595903,258.8422013841201,30.62341516779566,0,0,0,355,D_pmar=0.054_dist=500_repair_6_males=6_nmar=1,6,1
0.054,9,0,0,72.15883420513669,284.07433472353085,0,17,1.7000000000000004,2.2089446034998343,356,D_pmar=0.054_dist=500_repair_6_males=6_nmar=1,6,1
0,9,0,500,71.72662065136952,258.00172364543346,30.42851718184679,0,0,0,356,D_pmar=0.054_dist=500_repair_6_males=6_nmar=1,6,1
0,17,500,0,76.07559516496121,265.52470334929797,18.439924773362048,0,0,0,356,D_pmar=0.054_dist=500_repair_6_males=6_nmar=1,6,1
0,6,500,500,70.80569187491568,274.1747922034457,15.022593853624729,0,0,0,356,D_pmar=0.054_dist=500_repair_6_males=6_nmar=1,6,1
0,7,1000,0,67.33765149850382,280.8757141731111,12.087758156969231,0,0,0,356,D_pmar=0.054_dist=500_repair_6_males=6_nmar=1,6,1
0,6,1000,500,72.59894157851618,263.26884639506187,24.279643223703445,0,0,0,356,D_pmar=0.054_dist=500_repair_6_males=6_nmar=1,6,1
0,7,0,0,72.14660354058499,257.6362164049385,30.22512076511676,0,0,0,357,D_pmar=0.054_dist=500_repair_6_males=6_nmar=1,6,1
0.054,12,0,500,67.36425348580853,288.29938025327374,0,16,1.6000000000000003,2.782031624631338,357,D_pmar=0.054_dist=500_repair_6_males=6_nmar=1,6,1
0,12,500,0,71.78952143405418,282.1812539823614,6.073639109979533,0,0,0,357,D_pmar=0.054_dist=500_repair_6_males=6_nmar=1,6,1
0,11,500,500,71.87262569208167,257.5894087929581,30.589015032848625,0,0,0,357,D_pmar=0.054_dist=500_repair_6_males=6_nmar=1,6,1
0,6,1000,0,71.56365303924741,270.15743738788353,18.29871005204193,0,0,0,357,D_pmar=0.054_dist=500_repair_6_males=6_nmar=1,6,1
0,6,1000,500,68.74786202471775,278.9542980114358,12.321869009257192,0,0,0,357,D_pmar=0.054_dist=500_repair_6_males=6_nmar=1,6,1
0,11,0,0,69.28692720583794,254.3622831462985,36.683034510549085,0,0,0,358,D_pmar=0.054_dist=500_repair_6_males=6_nmar=1,6,1
0.054,9,0,500,73.03030300457321,283.2054213500014,0,16,1.6000000000000003,2.2559223176554575,358,D_pmar=0.054_dist=500_repair_6_males=6_nmar=1,6,1
0,9,500,0,73.607693470494155,280.37798468515274,6.10459704103885,0,0,0,358,D_pmar=0.054_dist=500_repair_6_males=6_nmar=1,6,1
0,8,500,500,67.61509727428378,254.0346139002386,38.590820132719465,0,0,0,358,D_pmar=0.054_dist=500_repair_6_males=6_nmar=1,6,1
0,6,1000,0,73.98812175910288,286.1261492957104,0,0,0,0,358,D_pmar=0.054_dist=500_repair_6_males=6_nmar=1,6,1
0,11,1000,500,68.02709774591315,279.7862187271754,12.230964806223714,0,0,0,358,D_pmar=0.054_dist=500_repair_6_males=6_nmar=1,6,1
0.054,9,0,0,65.24439214414284,289.8359162050903,0,23,2.3000000000000007,2.7086155858523138,359,D_pmar=0.054_dist=500_repair_6_males=6_nmar=1,6,1
0,3,0,500,70.03634529704456,265.38030531363796,24.622178646126585,0,0,0,359,D_pmar=0.054_dist=500_repair_6_males=6_nmar=1,6,1
0,9,500,0,74.754515205868,266.7863262565007,18.489332701218753,0,0,0,359,D_pmar=0.054_dist=500_repair_6_males=6_nmar=1,6,1
0,11,500,500,70.22946003787635,265.1595205226663,24.71927258372868,0,0,0,359,D_pmar=0.054_dist=500_repair_6_males=6_nmar=1,6,1
0,11,1000,0,66.68006253716185,256.3712353074723,36.95185172341494,0,0,0,359,D_pmar=0.054_dist=500_repair_6_males=6_nmar=1,6,1
0,11,1000,500,68.42358316717187,260.1341472778068,31.46801221907541,0,0,0,359,D_pmar=0.054_dist=500_repair_6_males=6_nmar=1,6,1
0,8,0,0,66.11922628391775,263.66090197824207,30.34907550761283,0,0,0,35,D_pmar=0.054_dist=500_repair_6_males=6_nmar=1,6,1
0,9,0,500,71.67416681732357,282.3397975649449,6.064522244656005,0,0,0,35,D_pmar=0.054_dist=500_repair_6_males=6_nmar=1,6,1
0.054,8,500,0,69.44526424389807,285.7949484568821,0,18,1.8000000000000005,3.0191297886850266,35,D_pmar=0.054_dist=500_repair_6_males=6_nmar=1,6,1
0,14,500,500,71.31483440057188,274.9305558480756,13.841070389633,0,0,0,35,D_pmar=0.054_dist=500_repair_6_males=6_nmar=1,6,1
0,10,1000,0,72.65553517644206,251.0629643939638,36.28688718341532,0,0,0,35,D_pmar=0.054_dist=500_repair_6_males=6_nmar=1,6,1
0,5,1000,500,71.79973297271258,270.13252515744495,18.16525626333864,0,0,0,35,D_pmar=0.054_dist=500_repair_6_males=6_nmar=1,6,1
0,9,0,0,73.46674285289129,250.35104907200892,36.52145601577293,0,0,0,360,D_pmar=0.054_dist=500_repair_6_males=6_nmar=1,6,1
0,9,0,500,71.1184281605526,276.92533369583276,12.157274658490955,0,0,0,360,D_pmar=0.054_dist=500_repair_6_males=6_nmar=1,6,1
0,12,500,0,70.90458250816494,265.03820954094397,24.345954789677553,0,0,0,360,D_pmar=0.054_dist=500_repair_6_males=6_nmar=1,6,1
0,8,500,500,69.97103491221519,278.0328694865055,12.063707603012473,0,0,0,360,D_pmar=0.054_dist=500_repair_6_males=6_nmar=1,6,1
0,11,1000,0,69.41249499447736,266.4296454360712,24.253910927047244,0,0,0,360,D_pmar=0.054_dist=500_repair_6_males=6_nmar=1,6,1
0.054,5,1000,500,71.99273189722133,284.065815339559,0,18,1.8000000000000005,2.220859386503572,360,D_pmar=0.054_dist=500_repair_6_males=6_nmar=1,6,1
0.054,8,0,0,72.22128594145883,284.65115602178565,0,13,1.3,1.918288372340018,361,D_pmar=0.054_dist=500_repair_6_males=6_nmar=1,6,1
0,14,0,500,67.59055301718301,253.5197870447948,38.936152133284544,0,0,0,361,D_pmar=0.054_dist=500_repair_6_males=6_nmar=1,6,1
0,11,500,0,68.99659218213172,284.6888167628598,6.325108492735782,0,0,0,361,D_pmar=0.054_dist=500_repair_6_males=6_nmar=1,6,1
0,7,500,500,69.92476986286063,290.2983528043808,0,0,0,0,361,D_pmar=0.054_dist=500_repair_6_males=6_nmar=1,6,1
0,8,1000,0,71.98295676271832,269.74169480407755,18.292002344135785,0,0,0,361,D_pmar=0.054_dist=500_repair_6_males=6_nmar=1,6,1
0,6,1000,500,69.17765902167174,278.6321395460817,12.28140356683171,0,0,0,361,D_pmar=0.054_dist=500_repair_6_males=6_nmar=1,6,1
0,9,0,0,67.6169866509488,280.59740614866394,12.058859569757336,0,0,0,362,D_pmar=0.054_dist=500_repair_6_males=6_nmar=1,6,1
0,9,0,500,71.89130171516177,270.0239115071442,18.20841307725029,0,0,0,362,D_pmar=0.054_dist=500_repair_6_males=6_nmar=1,6,1
0,12,500,0,67.14451772710112,280.95269872938184,12.136105218237034,0,0,0,362,D_pmar=0.054_dist=500_repair_6_males=6_nmar=1,6,1
0,10,500,500,69.5963948790415,290.6280377358811,0,0,0,0,362,D_pmar=0.054_dist=500_repair_6_males=6_nmar=1,6,1
0.054,6,1000,0,69.9158764900839,286.7956647988713,0,10,1,2.4371359085060647,362,D_pmar=0.054_dist=500_repair_6_males=6_nmar=1,6,1
0,8,1000,500,67.92104671019698,273.73336525342944,18.37781387273635,0,0,0,362,D_pmar=0.054_dist=500_repair_6_males=6_nmar=1,6,1
0,13,0,0,69.7156502185036,284.3869553353497,6.088128869044787,0,0,0,363,D_pmar=0.054_dist=500_repair_6_males=6_nmar=1,6,1
0,10,0,500,71.73584558252807,245.4552566083972,42.83996016268148,0,0,0,363,D_pmar=0.054_dist=500_repair_6_males=6_nmar=1,6,1
0,9,500,0,71.98218349322056,263.6806987575466,24.494363720217144,0,0,0,363,D_pmar=0.054_dist=500_repair_6_males=6_nmar=1,6,1
0.054,7,500,500,68.73674364811052,287.5999815201351,0,16,1.6000000000000003,2.0978568749529978,363,D_pmar=0.054_dist=500_repair_6_males=6_nmar=1,6,1
0,8,1000,0,69.0634322667899,278.67588807685365,12.296194095230524,0,0,0,363,D_pmar=0.054_dist=500_repair_6_males=6_nmar=1,6,1
0,7,1000,500,71.55989997416017,276.5478574816052,12.144802625278444,0,0,0,363,D_pmar=0.054_dist=500_repair_6_males=6_nmar=1,6,1
0.054,9,0,0,74.30628022029724,283.0190504278725,0,9,0.8999999999999999,1.933493331819008,364,D_pmar=0.054_dist=500_repair_6_males=6_nmar=1,6,1
0,9,0,500,70.33019095617139,283.7234968795713,6.098415899261166,0,0,0,364,D_pmar=0.054_dist=500_repair_6_males=6_nmar=1,6,1
0,7,500,0,70.14956106657947,277.98341727731463,12.06644973701344,0,0,0,364,D_pmar=0.054_dist=500_repair_6_males=6_nmar=1,6,1
0,9,500,500,68.80352272199784,279.20053760674654,12.221892637444672,0,0,0,364,D_pmar=0.054_dist=500_repair_6_males=6_nmar=1,6,1
0,9,1000,0,69.42602978434988,278.40685180861226,12.223737779366038,0,0,0,364,D_pmar=0.054_dist=500_repair_6_males=6_nmar=1,6,1
0,11,1000,500,67.70179522018486,280.15738845111105,12.14143343109968,0,0,0,364,D_pmar=0.054_dist=500_repair_6_males=6_nmar=1,6,1
0,12,0,0,70.19718284814162,271.50375528133907,18.321355207683514,0,0,0,365,D_pmar=0.054_dist=500_repair_6_males=6_nmar=1,6,1
0.054,13,0,500,71.45964277277415,283.8491377577256,0,19,1.9000000000000008,2.880240899796137,365,D_pmar=0.054_dist=500_repair_6_males=6_nmar=1,6,1
0,9,500,0,71.55944267161027,264.20215477873666,24.35841316183183,0,0,0,365,D_pmar=0.054_dist=500_repair_6_males=6_nmar=1,6,1
0,2,500,500,70.3106573784991,271.5387074786875,18.218415938088977,0,0,0,365,D_pmar=0.054_dist=500_repair_6_males=6_nmar=1,6,1
0,8,1000,0,73.52211751261027,274.305511751961,12.272382841856423,0,0,0,365,D_pmar=0.054_dist=500_repair_6_males=6_nmar=1,6,1
0,10,1000,500,72.60624105115133,245.05977912616237,42.426110884765535,0,0,0,365,D_pmar=0.054_dist=500_repair_6_males=6_nmar=1,6,1
0.054,12,0,0,69.45777864310388,286.27070197013836,0,17,1.7000000000000004,2.6431427357424475,366,D_pmar=0.054_dist=500_repair_6_males=6_nmar=1,6,1
0,10,0,500,73.06607651514223,256.33476343363964,30.701062103621982,0,0,0,366,D_pmar=0.054_dist=500_repair_6_males=6_nmar=1,6,1
0,8,500,0,71.26586919978587,276.63624818092507,12.22700179057539,0,0,0,366,D_pmar=0.054_dist=500_repair_6_males=6_nmar=1,6,1
0,10,500,500,67.67544984061489,267.94922679295956,24.64550920968152,0,0,0,366,D_pmar=0.054_dist=500_repair_6_males=6_nmar=1,6,1
0,6,1000,0,70.30335968329993,265.6317927983943,24.292334901905697,0,0,0,366,D_pmar=0.054_dist=500_repair_6_males=6_nmar=1,6,1
0,8,1000,500,71.6114356956214,276.1826911541068,12.2971043046038,0,0,0,366,D_pmar=0.054_dist=500_repair_6_males=6_nmar=1,6,1
0,12,0,0,70.42459087184457,277.5135597360461,12.19390426812613,0,0,0,367,D_pmar=0.054_dist=500_repair_6_males=6_nmar=1,6,1
0,11,0,500,70.84654862854072,270.9215053042394,18.38861305286291,0,0,0,367,D_pmar=0.054_dist=500_repair_6_males=6_nmar=1,6,1
0,8,500,0,71.22688995779046,252.54042726122225,36.35021262155069,0,0,0,367,D_pmar=0.054_dist=500_repair_6_males=6_nmar=1,6,1
0,7,500,500,66.37594832222645,275.5364297485481,18.318318196587956,0,0,0,367,D_pmar=0.054_dist=500_repair_6_males=6_nmar=1,6,1
0,7,1000,0,69.66799641511399,253.82525697131217,36.531186232497774,0,0,0,367,D_pmar=0.054_dist=500_repair_6_males=6_nmar=1,6,1
0.054,9,1000,500,68.16011458637927,287.18385178632633,0,20,2.0000000000000004,2.805179772779486,367,D_pmar=0.054_dist=500_repair_6_males=6_nmar=1,6,1
0,14,0,0,71.20916950186216,270.66561806809466,18.354881526492857,0,0,0,368,D_pmar=0.054_dist=500_repair_6_males=6_nmar=1,6,1
0,9,0,500,67.48757892653248,268.1499947126139,24.39149333073912,0,0,0,368,D_pmar=0.054_dist=500_repair_6_males=6_nmar=1,6,1
0,6,500,0,71.75168712834649,257.639571909036,30.66518225039003,0,0,0,368,D_pmar=0.054_dist=500_repair_6_males=6_nmar=1,6,1
0.054,10,500,500,72.03871408523108,283.78269626373606,0,17,1.7000000000000004,2.4794606104677825,368,D_pmar=0.054_dist=500_repair_6_males=6_nmar=1,6,1
0,10,1000,0,70.63896955804546,276.9700187704159,12.40269288139612,0,0,0,368,D_pmar=0.054_dist=500_repair_6_males=6_nmar=1,6,1
0,5,1000,500,70.77818816043998,270.9710239632951,18.346886538489315,0,0,0,368,D_pmar=0.054_dist=500_repair_6_males=6_nmar=1,6,1
0,6,0,0,72.93854004202886,256.6811969933587,30.50498292243328,0,0,0,369,D_pmar=0.054_dist=500_repair_6_males=6_nmar=1,6,1
0,13,0,500,69.55012895430875,284.37364613432277,6.134512124087968,0,0,0,369,D_pmar=0.054_dist=500_repair_6_males=6_nmar=1,6,1
0.054,9,500,0,70.68110287468193,285.4310675026591,0,14,1.4,2.5009636703783045,369,D_pmar=0.054_dist=500_repair_6_males=6_nmar=1,6,1
0,11,500,500,70.50693919347492,259.24524948687696,30.331779943545573,0,0,0,369,D_pmar=0.054_dist=500_repair_6_males=6_nmar=1,6,1
0,7,1000,0,69.90647893849813,278.18168453726685,12.109013485208784,0,0,0,369,D_pmar=0.054_dist=500_repair_6_males=6_nmar=1,6,1
0,8,1000,500,68.71862492196595,285.3833126598925,6.120283672879074,0,0,0,369,D_pmar=0.054_dist=500_repair_6_males=6_nmar=1,6,1
0,11,0,0,69.91614871110902,265.93905657263997,24.266001095532516,0,0,0,36,D_pmar=0.054_dist=500_repair_6_males=6_nmar=1,6,1
0.054,7,0,500,69.3876019577989,285.5287160600602,0,23,2.3000000000000007,2.8227112383554287,36,D_pmar=0.054_dist=500_repair_6_males=6_nmar=1,6,1
0,9,500,0,70.97484420593221,264.7706260015222,24.419247884255434,0,0,0,36,D_pmar=0.054_dist=500_repair_6_males=6_nmar=1,6,1
0,12,500,500,72.43848054470192,257.19371401294643,30.48163595981513,0,0,0,36,D_pmar=0.054_dist=500_repair_6_males=6_nmar=1,6,1
0,10,1000,0,74.15492446702004,261.42905911446974,24.62197952505711,0,0,0,36,D_pmar=0.054_dist=500_repair_6_males=6_nmar=1,6,1
0,5,1000,500,71.34131579481658,252.27428691726564,36.481886764705,0,0,0,36,D_pmar=0.054_dist=500_repair_6_males=6_nmar=1,6,1
0,5,0,0,72.0916227001996,275.9953945693687,12.074509652972884,0,0,0,370,D_pmar=0.054_dist=500_repair_6_males=6_nmar=1,6,1
0,13,0,500,69.08265454304893,272.86657214971916,18.144927387676024,0,0,0,370,D_pmar=0.054_dist=500_repair_6_males=6_nmar=1,6,1
0,5,500,0,71.15995459353145,276.9338082999576,12.029053124029838,0,0,0,370,D_pmar=0.054_dist=500_repair_6_males=6_nmar=1,6,1
0.054,12,500,500,70.90891801599062,285.63460558890495,0,12,1.2,2.323721673862276,370,D_pmar=0.054_dist=500_repair_6_males=6_nmar=1,6,1
0,10,1000,0,71.8624054633637,282.03500985891634,6.229996656655337,0,0,0,370,D_pmar=0.054_dist=500_repair_6_males=6_nmar=1,6,1
0,9,1000,500,67.62923270142723,268.04857877325986,24.36276470027973,0,0,0,370,D_pmar=0.054_dist=500_repair_6_males=6_nmar=1,6,1
0,8,0,0,70.91795336386392,264.49426041448237,24.81320134496643,0,0,0,371,D_pmar=0.054_dist=500_repair_6_males=6_nmar=1,6,1
0.054,9,0,500,67.30129454436214,288.3979476143516,0,16,1.6000000000000003,2.7125871801868926,371,D_pmar=0.054_dist=500_repair_6_males=6_nmar=1,6,1
0,11,500,0,71.9541232041945,281.9260507951031,6.202650493868235,0,0,0,371,D_pmar=0.054_dist=500_repair_6_males=6_nmar=1,6,1
0,8,500,500,70.64543371912204,265.17100379927155,24.36109905210651,0,0,0,371,D_pmar=0.054_dist=500_repair_6_males=6_nmar=1,6,1
0,11,1000,0,68.00417462013111,279.8151291973164,12.215376348523604,0,0,0,371,D_pmar=0.054_dist=500_repair_6_males=6_nmar=1,6,1
0,7,1000,500,68.74166149571896,260.523316578314,30.791952411294563,0,0,0,371,D_pmar=0.054_dist=500_repair_6_males=6_nmar=1,6,1
0,11,0,0,73.08422107144747,287.0283662324253,0,0,0,0,372,D_pmar=0.054_dist=500_repair_6_males=6_nmar=1,6,1
0,10,0,500,72.75762037697373,269.1221577907304,18.294416825206216,0,0,0,372,D_pmar=0.054_dist=500_repair_6_males=6_nmar=1,6,1
0,7,500,0,68.92357690705987,269.99598858055043,21.175098096808966,0,0,0,372,D_pmar=0.054_dist=500_repair_6_males=6_nmar=1,6,1
0.054,8,500,500,73.03438493107528,282.7571090809596,0,19,1.9000000000000008,2.3852229296375627,372,D_pmar=0.054_dist=500_repair_6_males=6_nmar=1,6,1
0,12,1000,0,71.89073970861463,257.77008722174025,30.37024526834051,0,0,0,372,D_pmar=0.054_dist=500_repair_6_males=6_nmar=1,6,1
0,6,1000,500,73.8134881101657,244.06401787612495,42.511596645007025,0,0,0,372,D_pmar=0.054_dist=500_repair_6_males=6_nmar=1,6,1
0,13,0,0,71.84059775522475,257.61547684720233,30.60733443243415,0,0,0,373,D_pmar=0.054_dist=500_repair_6_males=6_nmar=1,6,1
0.054,10,0,500,69.01077630143944,286.1682559355591,0,22,2.2000000000000006,2.6527310126492325,373,D_pmar=0.054_dist=500_repair_6_males=6_nmar=1,6,1
0,7,500,0,68.30997858264378,273.52133719507844,18.26434396619186,0,0,0,373,D_pmar=0.054_dist=500_repair_6_males=6_nmar=1,6,1
0,7,500,500,74.16113311299614,249.4695784139664,36.662870068925585,0,0,0,373,D_pmar=0.054_dist=500_repair_6_males=6_nmar=1,6,1
0,8,1000,0,69.84514970026329,278.03520492726193,12.206617385408912,0,0,0,373,D_pmar=0.054_dist=500_repair_6_males=6_nmar=1,6,1
0,9,1000,500,70.92788386832707,252.75063975818853,36.37891779237587,0,0,0,373,D_pmar=0.054_dist=500_repair_6_males=6_nmar=1,6,1
0,9,0,0,71.8030346944476,257.9759691118494,30.364758114062056,0,0,0,374,D_pmar=0.054_dist=500_repair_6_males=6_nmar=1,6,1
0.054,10,0,500,70.00711523055622,286.26624544284397,0,14,1.4,2.544933460577649,374,D_pmar=0.054_dist=500_repair_6_males=6_nmar=1,6,1
0,5,500,0,72.03766321930004,275.71200750765433,12.30921886051042,0,0,0,374,D_pmar=0.054_dist=500_repair_6_males=6_nmar=1,6,1
0,6,500,500,65.78441884284241,269.9436641852502,24.342826412832295,0,0,0,374,D_pmar=0.054_dist=500_repair_6_males=6_nmar=1,6,1
0,12,1000,0,70.43869340739433,289.7865767454745,0,0,0,0,374,D_pmar=0.054_dist=500_repair_6_males=6_nmar=1,6,1
0,12,1000,500,71.54974048259572,272.5835146125881,15.879824567459382,0,0,0,374,D_pmar=0.054_dist=500_repair_6_males=6_nmar=1,6,1
0,8,0,0,71.25942206298606,276.5494543982824,12.30663911749384,0,0,0,375,D_pmar=0.054_dist=500_repair_6_males=6_nmar=1,6,1
0.054,12,0,500,71.42531236337403,284.77859592486277,0,15,1.5000000000000002,2.377279740968405,375,D_pmar=0.054_dist=500_repair_6_males=6_nmar=1,6,1
0,8,500,0,69.77133876010596,290.2418942818128,0,0,0,0,375,D_pmar=0.054_dist=500_repair_6_males=6_nmar=1,6,1
0,6,500,500,73.6665420863026,243.6754080552048,42.69632886490072,0,0,0,375,D_pmar=0.054_dist=500_repair_6_males=6_nmar=1,6,1
0,11,1000,0,73.43844350841744,268.37166030180117,18.283111450277115,0,0,0,375,D_pmar=0.054_dist=500_repair_6_males=6_nmar=1,6,1
0,9,1000,500,69.14322926611155,272.55556020791846,18.329155810035697,0,0,0,375,D_pmar=0.054_dist=500_repair_6_males=6_nmar=1,6,1
0,6,0,0,68.9189590603421,285.0683466487164,6.14119742762277,0,0,0,376,D_pmar=0.054_dist=500_repair_6_males=6_nmar=1,6,1
0,9,0,500,69.83778165819437,271.98289012145773,18.38302018496168,0,0,0,376,D_pmar=0.054_dist=500_repair_6_males=6_nmar=1,6,1
0,12,500,0,70.89502822496564,258.5411789689615,30.648507392165484,0,0,0,376,D_pmar=0.054_dist=500_repair_6_males=6_nmar=1,6,1
0,4,500,500,74.61654213248778,273.2785882763701,12.13241361396974,0,0,0,376,D_pmar=0.054_dist=500_repair_6_males=6_nmar=1,6,1
0.054,13,1000,0,72.66827259689641,283.733917845549,0,14,1.4,2.259212494130711,376,D_pmar=0.054_dist=500_repair_6_males=6_nmar=1,6,1
0,10,1000,500,70.66102555674225,271.247513709598,18.30473272954659,0,0,0,376,D_pmar=0.054_dist=500_repair_6_males=6_nmar=1,6,1
0,8,0,0,69.59627847440841,284.4287462382251,6.028680596439823,0,0,0,377,D_pmar=0.054_dist=500_repair_6_males=6_nmar=1,6,1
0,6,0,500,68.94906577213281,260.2487847009895,30.839889732519563,0,0,0,377,D_pmar=0.054_dist=500_repair_6_males=6_nmar=1,6,1
0,10,500,0,67.78427941301896,292.27574067148436,0,0,0,0,377,D_pmar=0.054_dist=500_repair_6_males=6_nmar=1,6,1
0,11,500,500,69.26453639950589,266.3552096756467,24.40201592526033,0,0,0,377,D_pmar=0.054_dist=500_repair_6_males=6_nmar=1,6,1
0,7,1000,0,65.90792999321891,269.96822920689533,24.223660249601647,0,0,0,377,D_pmar=0.054_dist=500_repair_6_males=6_nmar=1,6,1
0.054,12,1000,500,69.99152630425624,286.24289406164877,0,14,1.4,2.5369902719084902,377,D_pmar=0.054_dist=500_repair_6_males=6_nmar=1,6,1
0,8,0,0,72.46871578946772,269.0830331860869,18.466410134002093,0,0,0,378,D_pmar=0.054_dist=500_repair_6_males=6_nmar=1,6,1
0,10,0,500,67.18056880702828,256.3528398279015,36.511789054553354,0,0,0,378,D_pmar=0.054_dist=500_repair_6_males=6_nmar=1,6,1
0,6,500,0,74.01593673768404,261.90120927874807,24.245276909977925,0,0,0,378,D_pmar=0.054_dist=500_repair_6_males=6_nmar=1,6,1
0.054,13,500,500,69.84166116923689,285.3971529103977,0,22,2.2000000000000006,2.648759418314653,378,D_pmar=0.054_dist=500_repair_6_males=6_nmar=1,6,1
0,7,1000,0,70.67377202366353,270.97134415525574,18.419908018461296,0,0,0,378,D_pmar=0.054_dist=500_repair_6_males=6_nmar=1,6,1
0,10,1000,500,72.69016336638623,250.9983369689496,36.43279336955039,0,0,0,378,D_pmar=0.054_dist=500_repair_6_males=6_nmar=1,6,1
0,6,0,0,68.05520222915789,279.8834470489135,12.297762366746412,0,0,0,379,D_pmar=0.054_dist=500_repair_6_males=6_nmar=1,6,1
0,5,0,500,72.91267121870438,244.7527673838778,42.41139088915957,0,0,0,379,D_pmar=0.054_dist=500_repair_6_males=6_nmar=1,6,1
0,15,500,0,73.62057825467186,273.98222454791386,12.42652108695651,0,0,0,379,D_pmar=0.054_dist=500_repair_6_males=6_nmar=1,6,1
0.054,9,500,500,73.95438832531815,281.2670171171621,0,18,1.8000000000000005,3.0958360039393034,379,D_pmar=0.054_dist=500_repair_6_males=6_nmar=1,6,1
0,8,1000,0,74.38106531240999,262.01191702272564,23.664018116902582,0,0,0,379,D_pmar=0.054_dist=500_repair_6_males=6_nmar=1,6,1
0,11,1000,500,69.54460727097914,272.29517575970544,18.418389119794035,0,0,0,379,D_pmar=0.054_dist=500_repair_6_males=6_nmar=1,6,1
0,12,0,0,71.58585181366097,276.19831230805994,12.344333440170562,0,0,0,37,D_pmar=0.054_dist=500_repair_6_males=6_nmar=1,6,1
0,5,0,500,70.91633701899613,270.9615720643961,18.24350133805429,0,0,0,37,D_pmar=0.054_dist=500_repair_6_males=6_nmar=1,6,1
0,9,500,0,73.81350134173891,274.0751859215936,12.19268939095892,0,0,0,37,D_pmar=0.054_dist=500_repair_6_males=6_nmar=1,6,1
0,9,500,500,71.64172410271149,245.73442346656296,42.83990647432622,0,0,0,37,D_pmar=0.054_dist=500_repair_6_males=6_nmar=1,6,1
0,11,1000,0,71.02284248478162,270.8668854190004,18.205030030481343,0,0,0,37,D_pmar=0.054_dist=500_repair_6_males=6_nmar=1,6,1
0.054,8,1000,500,67.77024337992341,287.8150014430046,0,17,1.7000000000000004,2.78435813072829,37,D_pmar=0.054_dist=500_repair_6_males=6_nmar=1,6,1
0,12,0,0,70.0492148605678,277.736628409827,12.309510451564996,0,0,0,380,D_pmar=0.054_dist=500_repair_6_males=6_nmar=1,6,1
0,6,0,500,67.63508969294011,267.8791702080944,24.515421401902422,0,0,0,380,D_pmar=0.054_dist=500_repair_6_males=6_nmar=1,6,1
0,14,500,0,71.66757638763526,275.9377883237006,12.441195395161534,0,0,0,380,D_pmar=0.054_dist=500_repair_6_males=6_nmar=1,6,1
0,8,500,500,73.00847734721845,275.0728821193881,12.075288531737218,0,0,0,380,D_pmar=0.054_dist=500_repair_6_males=6_nmar=1,6,1
0,7,1000,0,72.34698481045255,269.11715858464794,18.62505373045434,0,0,0,380,D_pmar=0.054_dist=500_repair_6_males=6_nmar=1,6,1
0.054,7,1000,500,70.84162918225722,285.782385180261,0,13,1.3,2.155386536393706,380,D_pmar=0.054_dist=500_repair_6_males=6_nmar=1,6,1
0,9,0,0,70.12956728377418,277.57476994866767,12.304719951674814,0,0,0,381,D_pmar=0.054_dist=500_repair_6_males=6_nmar=1,6,1
0,13,0,500,70.33894687766049,283.4267969128641,6.269885542796565,0,0,0,381,D_pmar=0.054_dist=500_repair_6_males=6_nmar=1,6,1
0.054,7,500,0,73.6185644553648,282.9770876327319,0,13,1.3,2.190449467545592,381,D_pmar=0.054_dist=500_repair_6_males=6_nmar=1,6,1
0,5,500,500,73.63709531835293,237.2815564253496,49.1132625908079,0,0,0,381,D_pmar=0.054_dist=500_repair_6_males=6_nmar=1,6,1
0,10,1000,0,70.75898707071525,277.2529781061296,12.14466289961734,0,0,0,381,D_pmar=0.054_dist=500_repair_6_males=6_nmar=1,6,1
0,10,1000,500,69.64891922779272,290.41555242424903,0,0,0,0,381,D_pmar=0.054_dist=500_repair_6_males=6_nmar=1,6,1
0.054,8,0,0,70.41166357851505,285.4714289841234,0,20,2.0000000000000004,2.302218613951754,382,D_pmar=0.054_dist=500_repair_6_males=6_nmar=1,6,1
0,11,0,500,68.08916305998729,267.2642578706751,24.77269168271842,0,0,0,382,D_pmar=0.054_dist=500_repair_6_males=6_nmar=1,6,1
0,10,500,0,71.67123617555238,245.44854550147448,42.92681694747809,0,0,0,382,D_pmar=0.054_dist=500_repair_6_males=6_nmar=1,6,1
0,5,500,500,70.65740803671177,283.46369813840045,6.094526581388523,0,0,0,382,D_pmar=0.054_dist=500_repair_6_males=6_nmar=1,6,1
0,10,1000,0,73.83855805987152,255.8664619260595,30.419423509530993,0,0,0,382,D_pmar=0.054_dist=500_repair_6_males=6_nmar=1,6,1
0,10,1000,500,71.52187028464454,270.3142544933781,18.269585436539145,0,0,0,382,D_pmar=0.054_dist=500_repair_6_males=6_nmar=1,6,1
0,11,0,0,70.84420008971144,228.50397811867344,60.8217524489001,0,0,0,383,D_pmar=0.054_dist=500_repair_6_males=6_nmar=1,6,1
0.054,6,0,500,66.81420169734697,288.5182483931918,0,22,2.2000000000000006,2.572053203060376,383,D_pmar=0.054_dist=500_repair_6_males=6_nmar=1,6,1
0,12,500,0,72.88745613845921,281.13763689726403,6.004163907799212,0,0,0,383,D_pmar=0.054_dist=500_repair_6_males=6_nmar=1,6,1
0,8,500,500,68.87549225976231,278.8963131767491,12.347684363497796,0,0,0,383,D_pmar=0.054_dist=500_repair_6_males=6_nmar=1,6,1
0,8,1000,0,69.16574592745373,278.36381357237457,12.470513560744122,0,0,0,383,D_pmar=0.054_dist=500_repair_6_males=6_nmar=1,6,1
0,9,1000,500,65.9301963219776,251.26091215044255,42.85942875622045,0,0,0,383,D_pmar=0.054_dist=500_repair_6_males=6_nmar=1,6,1
0,6,0,0,70.0576186350812,284.09366656216986,6.072504868715121,0,0,0,384,D_pmar=0.054_dist=500_repair_6_males=6_nmar=1,6,1
0,10,0,500,72.30799842684186,257.2781675319203,30.56453786442557,0,0,0,384,D_pmar=0.054_dist=500_repair_6_males=6_nmar=1,6,1
0,10,500,0,71.6812874739348,264.4924043198848,23.88041442846393,0,0,0,384,D_pmar=0.054_dist=500_repair_6_males=6_nmar=1,6,1
0.054,8,500,500,67.22516776774474,288.3438496523474,0,20,2.0000000000000004,2.520140224191873,384,D_pmar=0.054_dist=500_repair_6_males=6_nmar=1,6,1
0,10,1000,0,69.07390538412504,260.3537400351487,30.80424823256573,0,0,0,384,D_pmar=0.054_dist=500_repair_6_males=6_nmar=1,6,1
0,10,1000,500,70.13019184131957,259.1326063547858,30.87711532910894,0,0,0,384,D_pmar=0.054_dist=500_repair_6_males=6_nmar=1,6,1
0,4,0,0,67.84566738129767,249.47067152578535,42.79517488440769,0,0,0,385,D_pmar=0.054_dist=500_repair_6_males=6_nmar=1,6,1
0,13,0,500,68.78147517913129,279.0623850770937,12.162183009450937,0,0,0,385,D_pmar=0.054_dist=500_repair_6_males=6_nmar=1,6,1
0.054,12,500,0,72.0342973338724,283.3638441257043,0,22,2.2000000000000006,2.4387809967436915,385,D_pmar=0.054_dist=500_repair_6_males=6_nmar=1,6,1
0,7,500,500,65.85812868399569,263.94651215742545,30.336125213821177,0,0,0,385,D_pmar=0.054_dist=500_repair_6_males=6_nmar=1,6,1
0,8,1000,0,69.53400672795534,267.590078567648,22.96233255316436,0,0,0,385,D_pmar=0.054_dist=500_repair_6_males=6_nmar=1,6,1
0,10,1000,500,67.45255768804402,268.33263446114665,24.315009604693746,0,0,0,385,D_pmar=0.054_dist=500_repair_6_males=6_nmar=1,6,1
0,7,0,0,73.40107111970157,274.5305846152645,12.150088703325212,0,0,0,386,D_pmar=0.054_dist=500_repair_6_males=6_nmar=1,6,1
0,12,0,500,71.39344645656544,282.53985616981674,6.154343332750698,0,0,0,386,D_pmar=0.054_dist=500_repair_6_males=6_nmar=1,6,1
0,9,500,0,71.01516961214078,270.7021122228549,18.487817625133815,0,0,0,386,D_pmar=0.054_dist=500_repair_6_males=6_nmar=1,6,1
0.054,11,500,500,74.1252282720937,283.1498431646721,0,8,0.7999999999999999,2.0148525592671893,386,D_pmar=0.054_dist=500_repair_6_males=6_nmar=1,6,1
0,11,1000,0,71.71673954772221,282.15497491290637,6.130525178521717,0,0,0,386,D_pmar=0.054_dist=500_repair_6_males=6_nmar=1,6,1
0,4,1000,500,70.72291183378184,283.26769433324404,6.076036239946484,0,0,0,386,D_pmar=0.054_dist=500_repair_6_males=6_nmar=1,6,1
0.054,7,0,0,68.8030975735036,286.51009849847935,0,20,2.0000000000000004,2.7453236052418255,387,D_pmar=0.054_dist=500_repair_6_males=6_nmar=1,6,1
0,7,0,500,70.77911985557621,258.57157138405034,30.669357900048272,0,0,0,387,D_pmar=0.054_dist=500_repair_6_males=6_nmar=1,6,1
0,7,500,0,70.46242605905614,259.2516795091923,30.291203132521,0,0,0,387,D_pmar=0.054_dist=500_repair_6_males=6_nmar=1,6,1
0,12,500,500,72.25362876761591,275.6051110266694,12.143584312205949,0,0,0,387,D_pmar=0.054_dist=500_repair_6_males=6_nmar=1,6,1
0,7,1000,0,73.47835192922017,250.1658970105917,36.51398605725958,0,0,0,387,D_pmar=0.054_dist=500_repair_6_males=6_nmar=1,6,1
0,14,1000,500,67.41505215918271,280.40688008857376,12.217249205425595,0,0,0,387,D_pmar=0.054_dist=500_repair_6_males=6_nmar=1,6,1
0,7,0,0,69.65819178971846,284.21242485868527,6.12969027030233,0,0,0,388,D_pmar=0.054_dist=500_repair_6_males=6_nmar=1,6,1
0,13,0,500,68.28981655301986,285.851186516598,6.020895925277495,0,0,0,388,D_pmar=0.054_dist=500_repair_6_males=6_nmar=1,6,1
0.054,10,500,0,72.04050540803931,284.3137989929899,0,12,1.2,2.473843927895577,388,D_pmar=0.054_dist=500_repair_6_males=6_nmar=1,6,1
0,9,500,500,73.34209863751379,250.2926738918671,36.40563457826255,0,0,0,388,D_pmar=0.054_dist=500_repair_6_males=6_nmar=1,6,1
0,8,1000,0,71.98161843645264,269.9430496637552,18.14801103064815,0,0,0,388,D_pmar=0.054_dist=500_repair_6_males=6_nmar=1,6,1
0,7,1000,500,67.18540754956868,287.0017688712446,6.017158733992677,0,0,0,388,D_pmar=0.054_dist=500_repair_6_males=6_nmar=1,6,1
0.054,11,0,0,72.93625864902002,281.9703437790307,0,24,2.400000000000001,2.6934106263733235,389,D_pmar=0.054_dist=500_repair_6_males=6_nmar=1,6,1
0,12,0,500,72.24969514827917,263.4063338015487,24.595180396479407,0,0,0,389,D_pmar=0.054_dist=500_repair_6_males=6_nmar=1,6,1
0,3,500,0,74.7999247483077,243.2403165552452,42.55232986583673,0,0,0,389,D_pmar=0.054_dist=500_repair_6_males=6_nmar=1,6,1
0,10,500,500,73.84241594702699,274.1266449702117,12.076287423420103,0,0,0,389,D_pmar=0.054_dist=500_repair_6_males=6_nmar=1,6,1
0,13,1000,0,66.82095341037987,250.3410990372866,42.91260667507488,0,0,0,389,D_pmar=0.054_dist=500_repair_6_males=6_nmar=1,6,1
0,5,1000,500,70.90047982224934,264.66914745840876,24.444854216176903,0,0,0,389,D_pmar=0.054_dist=500_repair_6_males=6_nmar=1,6,1
0,9,0,0,68.70800553773127,248.85206051846592,42.445626910872775,0,0,0,38,D_pmar=0.054_dist=500_repair_6_males=6_nmar=1,6,1
0,5,0,500,72.08549520326814,263.42575735075576,24.57684834262669,0,0,0,38,D_pmar=0.054_dist=500_repair_6_males=6_nmar=1,6,1
0,9,500,0,71.53560722832864,264.44562567101605,24.178962708257217,0,0,0,38,D_pmar=0.054_dist=500_repair_6_males=6_nmar=1,6,1
0,17,500,500,71.22500764797356,270.2118566188861,18.57968856020994,0,0,0,38,D_pmar=0.054_dist=500_repair_6_males=6_nmar=1,6,1
0.054,8,1000,0,70.67257063006619,284.7257961272266,0,22,2.2000000000000006,2.429192719836907,38,D_pmar=0.054_dist=500_repair_6_males=6_nmar=1,6,1
0,6,1000,500,73.14624455512481,263.70574951143044,23.21346178289025,0,0,0,38,D_pmar=0.054_dist=500_repair_6_males=6_nmar=1,6,1
0.054,10,0,0,71.63916400497347,283.6774869733339,0,21,2.1000000000000005,2.7588834764831893,390,D_pmar=0.054_dist=500_repair_6_males=6_nmar=1,6,1
0,4,0,500,73.59840585230933,243.85151184701704,42.65365919998699,0,0,0,390,D_pmar=0.054_dist=500_repair_6_males=6_nmar=1,6,1
0,11,500,0,71.14018547121205,264.0860686897903,24.91443072644017,0,0,0,390,D_pmar=0.054_dist=500_repair_6_males=6_nmar=1,6,1
0,10,500,500,70.25543432377873,271.6228258808521,18.205953165475616,0,0,0,390,D_pmar=0.054_dist=500_repair_6_males=6_nmar=1,6,1
0,8,1000,0,67.58823130623986,263.1196132392861,29.302437807141587,0,0,0,390,D_pmar=0.054_dist=500_repair_6_males=6_nmar=1,6,1
0,11,1000,500,71.57804436106433,278.7425739134062,9.723171258654162,0,0,0,390,D_pmar=0.054_dist=500_repair_6_males=6_nmar=1,6,1
0,18,0,0,69.88029719218267,265.78667588541805,24.56513529552416,0,0,0,391,D_pmar=0.054_dist=500_repair_6_males=6_nmar=1,6,1
0.054,3,0,500,73.97507182915305,281.6879259743162,0,21,2.1000000000000005,2.3908396122097684,391,D_pmar=0.054_dist=500_repair_6_males=6_nmar=1,6,1
0,6,500,0,67.91787696243605,292.08222828570683,0,0,0,0,391,D_pmar=0.054_dist=500_repair_6_males=6_nmar=1,6,1
0,8,500,500,73.56008863532196,239.14933610416648,47.29277992631509,0,0,0,391,D_pmar=0.054_dist=500_repair_6_males=6_nmar=1,6,1
0,11,1000,0,70.65602776867134,271.2299180044596,18.22156852195033,0,0,0,391,D_pmar=0.054_dist=500_repair_6_males=6_nmar=1,6,1
0,8,1000,500,67.56548116655463,255.74038944756015,36.80389567828427,0,0,0,391,D_pmar=0.054_dist=500_repair_6_males=6_nmar=1,6,1
0,11,0,0,66.48130654362267,268.987729999974,24.53611074736629,0,0,0,392,D_pmar=0.054_dist=500_repair_6_males=6_nmar=1,6,1
0,6,0,500,69.1627978161145,278.59321119551066,12.254724428235347,0,0,0,392,D_pmar=0.054_dist=500_repair_6_males=6_nmar=1,6,1
0,7,500,0,71.05443744511338,270.60457034907205,18.429869437865833,0,0,0,392,D_pmar=0.054_dist=500_repair_6_males=6_nmar=1,6,1
0,10,500,500,68.87848876383579,291.2061556288883,0,0,0,0,392,D_pmar=0.054_dist=500_repair_6_males=6_nmar=1,6,1
0.054,12,1000,0,74.35479213084894,282.2923835631738,0,12,1.2,2.283042060138185,392,D_pmar=0.054_dist=500_repair_6_males=6_nmar=1,6,1
0,8,1000,500,67.80295125587652,274.0162010224493,18.190769264984947,0,0,0,392,D_pmar=0.054_dist=500_repair_6_males=6_nmar=1,6,1
0,10,0,0,72.47240629743186,281.2747964147856,6.266060402668295,0,0,0,393,D_pmar=0.054_dist=500_repair_6_males=6_nmar=1,6,1
0,11,0,500,71.2435484497382,270.4073057250979,18.450230868716076,0,0,0,393,D_pmar=0.054_dist=500_repair_6_males=6_nmar=1,6,1
0,9,500,0,67.39450936377801,280.8603333056585,12.107761572792684,0,0,0,393,D_pmar=0.054_dist=500_repair_6_males=6_nmar=1,6,1
0,8,500,500,67.89250827477888,267.45369016994545,24.709502351398427,0,0,0,393,D_pmar=0.054_dist=500_repair_6_males=6_nmar=1,6,1
0.054,7,1000,0,69.67797376161214,287.4051906165872,0,12,1.2,1.8815803529505055,393,D_pmar=0.054_dist=500_repair_6_males=6_nmar=1,6,1
0,9,1000,500,75.0078486846548,272.5765543299912,12.425466528578667,0,0,0,393,D_pmar=0.054_dist=500_repair_6_males=6_nmar=1,6,1
0.054,10,0,0,73.17451377129274,282.7436184995581,0,19,1.9000000000000008,2.251950723320878,394,D_pmar=0.054_dist=500_repair_6_males=6_nmar=1,6,1
0,10,0,500,67.82279051082348,286.2158864552546,6.187273023022658,0,0,0,394,D_pmar=0.054_dist=500_repair_6_males=6_nmar=1,6,1
0,14,500,0,70.17517551315609,259.17954205655974,30.670455676227256,0,0,0,394,D_pmar=0.054_dist=500_repair_6_males=6_nmar=1,6,1
0,8,500,500,76.3850005331129,265.3442960855941,18.31746723066417,0,0,0,394,D_pmar=0.054_dist=500_repair_6_males=6_nmar=1,6,1
0,8,1000,0,69.98623228651755,239.90278549650597,50.14601066539454,0,0,0,394,D_pmar=0.054_dist=500_repair_6_males=6_nmar=1,6,1
0,4,1000,500,70.06832888895151,283.93486783074667,6.03321854067041,0,0,0,394,D_pmar=0.054_dist=500_repair_6_males=6_nmar=1,6,1
0,6,0,0,71.12966496291807,282.92266219334914,6.109306318437551,0,0,0,395,D_pmar=0.054_dist=500_repair_6_males=6_nmar=1,6,1
0,5,0,500,73.69092583493257,243.87340698027575,42.63030219222462,0,0,0,395,D_pmar=0.054_dist=500_repair_6_males=6_nmar=1,6,1
0,13,500,0,73.50116390240723,286.5522971720474,0,0,0,0,395,D_pmar=0.054_dist=500_repair_6_males=6_nmar=1,6,1
0,10,500,500,68.57396647309072,285.3069902848239,6.121470081106369,0,0,0,395,D_pmar=0.054_dist=500_repair_6_males=6_nmar=1,6,1
0,6,1000,0,72.77204264990807,250.73859968958297,36.59569864411233,0,0,0,395,D_pmar=0.054_dist=500_repair_6_males=6_nmar=1,6,1
0.054,14,1000,500,73.43077702102568,283.1368859573419,0,15,1.5000000000000002,2.1904494675455912,395,D_pmar=0.054_dist=500_repair_6_males=6_nmar=1,6,1
0,6,0,0,68.60387069894067,279.29626364643127,12.112956083508935,0,0,0,396,D_pmar=0.054_dist=500_repair_6_males=6_nmar=1,6,1
0,9,0,500,73.54840484612986,249.6612444125396,36.88630266223741,0,0,0,396,D_pmar=0.054_dist=500_repair_6_males=6_nmar=1,6,1
0,8,500,0,73.067763983479,256.67150893897633,30.344286638294328,0,0,0,396,D_pmar=0.054_dist=500_repair_6_males=6_nmar=1,6,1
0.054,10,500,500,70.08044202711521,285.29335009037,0,21,2.1000000000000005,2.5984915276837777,396,D_pmar=0.054_dist=500_repair_6_males=6_nmar=1,6,1
0,11,1000,0,70.92652329823287,263.19034312198244,26.02319547413441,0,0,0,396,D_pmar=0.054_dist=500_repair_6_males=6_nmar=1,6,1
0,10,1000,500,73.82686713598547,267.9920623589655,18.272670665592813,0,0,0,396,D_pmar=0.054_dist=500_repair_6_males=6_nmar=1,6,1
0,5,0,0,65.85219999699677,263.7950056091706,30.499416772547463,0,0,0,397,D_pmar=0.054_dist=500_repair_6_males=6_nmar=1,6,1
0.054,8,0,500,68.70211579673715,286.6936693091251,0,18,1.8000000000000005,2.841887792168998,397,D_pmar=0.054_dist=500_repair_6_males=6_nmar=1,6,1
0,8,500,0,74.31757269281195,267.45718559908426,18.231522516985372,0,0,0,397,D_pmar=0.054_dist=500_repair_6_males=6_nmar=1,6,1
0,15,500,500,67.99683399002726,273.69941915439085,18.375072039749615,0,0,0,397,D_pmar=0.054_dist=500_repair_6_males=6_nmar=1,6,1
0,10,1000,0,71.58147301862508,278.52262825412527,9.99539104095413,0,0,0,397,D_pmar=0.054_dist=500_repair_6_males=6_nmar=1,6,1
0,8,1000,500,75.05548132074782,257.2916544826506,27.70449477555999,0,0,0,397,D_pmar=0.054_dist=500_repair_6_males=6_nmar=1,6,1
0,6,0,0,73.18397629748948,250.34908153889788,36.50116079423406,0,0,0,398,D_pmar=0.054_dist=500_repair_6_males=6_nmar=1,6,1
0,13,0,500,72.98615769465,269.1884745554153,18.06582316788166,0,0,0,398,D_pmar=0.054_dist=500_repair_6_males=6_nmar=1,6,1
0,4,500,0,69.1510435428937,272.7549645353795,18.332825798712772,0,0,0,398,D_pmar=0.054_dist=500_repair_6_males=6_nmar=1,6,1
0,10,500,500,70.38786091713486,283.54489778801275,6.160900626829409,0,0,0,398,D_pmar=0.054_dist=500_repair_6_males=6_nmar=1,6,1
0.054,10,1000,0,68.92650170933321,287.1532590374416,0,16,1.6000000000000003,2.3309834446721083,398,D_pmar=0.054_dist=500_repair_6_males=6_nmar=1,6,1
0,11,1000,500,69.71734141286552,272.1108242179231,18.28141777592013,0,0,0,398,D_pmar=0.054_dist=500_repair_6_males=6_nmar=1,6,1
0,11,0,0,70.98910139092335,282.99121458051644,6.066839641143868,0,0,0,399,D_pmar=0.054_dist=500_repair_6_males=6_nmar=1,6,1
0,8,0,500,67.79142871791001,286.1725505194078,6.065896277420609,0,0,0,399,D_pmar=0.054_dist=500_repair_6_males=6_nmar=1,6,1
0,5,500,0,73.61961043510756,274.4294630412742,12.197346261769525,0,0,0,399,D_pmar=0.054_dist=500_repair_6_males=6_nmar=1,6,1
0,9,500,500,68.68365763950118,273.26584840675076,18.231064671245232,0,0,0,399,D_pmar=0.054_dist=500_repair_6_males=6_nmar=1,6,1
0,10,1000,0,73.09581037052548,244.44512514702188,42.6784500548176,0,0,0,399,D_pmar=0.054_dist=500_repair_6_males=6_nmar=1,6,1
0.054,11,1000,500,70.92492548413507,285.22646656200595,0,14,1.4,2.5512315610091805,399,D_pmar=0.054_dist=500_repair_6_males=6_nmar=1,6,1
0.054,6,0,0,71.89251799422875,284.2867773964106,0,12,1.2,2.633554458835663,39,D_pmar=0.054_dist=500_repair_6_males=6_nmar=1,6,1
0,7,0,500,68.85055676516492,279.0901977143421,12.227931871146506,0,0,0,39,D_pmar=0.054_dist=500_repair_6_males=6_nmar=1,6,1
0,9,500,0,70.652743183583,275.75284793924624,13.678735002445604,0,0,0,39,D_pmar=0.054_dist=500_repair_6_males=6_nmar=1,6,1
0,12,500,500,71.87870253724965,276.1074334088196,12.10140677814682,0,0,0,39,D_pmar=0.054_dist=500_repair_6_males=6_nmar=1,6,1
0,10,1000,0,71.70013675067567,263.88796844141854,24.524985626022023,0,0,0,39,D_pmar=0.054_dist=500_repair_6_males=6_nmar=1,6,1
0,10,1000,500,67.85431685504496,286.099016809481,6.1331538333416615,0,0,0,39,D_pmar=0.054_dist=500_repair_6_males=6_nmar=1,6,1
0,13,0,0,67.12680795747913,292.98894515567434,0,0,0,0,400,D_pmar=0.054_dist=500_repair_6_males=6_nmar=1,6,1
0,5,0,500,70.2634003798985,234.90478452440732,54.88002616737156,0,0,0,400,D_pmar=0.054_dist=500_repair_6_males=6_nmar=1,6,1
0,8,500,0,72.14225977504479,258.8269438291106,29.031587393870293,0,0,0,400,D_pmar=0.054_dist=500_repair_6_males=6_nmar=1,6,1
0,10,500,500,70.6915934067936,246.8850436316778,42.58823178852978,0,0,0,400,D_pmar=0.054_dist=500_repair_6_males=6_nmar=1,6,1
0,8,1000,0,68.40170776131815,261.3610524910084,30.32353772925912,0,0,0,400,D_pmar=0.054_dist=500_repair_6_males=6_nmar=1,6,1
0.054,10,1000,500,69.89713581949583,285.1182583864314,0,26,2.600000000000001,2.5449334605776484,400,D_pmar=0.054_dist=500_repair_6_males=6_nmar=1,6,1
0,8,0,0,70.09774123298912,283.89282209929456,6.157450541092767,0,0,0,401,D_pmar=0.054_dist=500_repair_6_males=6_nmar=1,6,1
0,11,0,500,67.8439509737796,274.7339213947334,17.577421539539728,0,0,0,401,D_pmar=0.054_dist=500_repair_6_males=6_nmar=1,6,1
0,6,500,0,71.37986904600616,270.1820078722596,18.476089790733344,0,0,0,401,D_pmar=0.054_dist=500_repair_6_males=6_nmar=1,6,1
0,9,500,500,73.69538495601182,249.77563619971096,36.5858217317428,0,0,0,401,D_pmar=0.054_dist=500_repair_6_males=6_nmar=1,6,1
0,10,1000,0,69.50679061347165,260.1874195113343,30.31741076988865,0,0,0,401,D_pmar=0.054_dist=500_repair_6_males=6_nmar=1,6,1
0.054,10,1000,500,71.05150944431175,284.81164520254083,0,18,1.8000000000000005,2.344543315913472,401,D_pmar=0.054_dist=500_repair_6_males=6_nmar=1,6,1
0,10,0,0,70.42844166789175,247.24535867993956,42.44542473964002,0,0,0,402,D_pmar=0.054_dist=500_repair_6_males=6_nmar=1,6,1
0,10,0,500,70.10122455629386,283.8315080444828,6.208895510172332,0,0,0,402,D_pmar=0.054_dist=500_repair_6_males=6_nmar=1,6,1
0.054,7,500,0,65.56480725416772,289.18810220261224,0,24,2.400000000000001,2.946395167765329,402,D_pmar=0.054_dist=500_repair_6_males=6_nmar=1,6,1
0,12,500,500,67.1641431097627,262.30975403808617,30.586692099777544,0,0,0,402,D_pmar=0.054_dist=500_repair_6_males=6_nmar=1,6,1
0,5,1000,0,68.9954184066126,248.59299165241023,42.46830161121784,0,0,0,402,D_pmar=0.054_dist=500_repair_6_males=6_nmar=1,6,1
0,10,1000,500,71.77462314006753,263.777413519193,24.453119241713924,0,0,0,402,D_pmar=0.054_dist=500_repair_6_males=6_nmar=1,6,1
0,8,0,0,72.41077684529643,263.0260325425055,24.5812150220526,0,0,0,403,D_pmar=0.054_dist=500_repair_6_males=6_nmar=1,6,1
0,7,0,500,69.27706050852407,266.3427634941303,24.393897638897528,0,0,0,403,D_pmar=0.054_dist=500_repair_6_males=6_nmar=1,6,1
0,13,500,0,73.20071020038854,274.4471048804196,12.526782312526466,0,0,0,403,D_pmar=0.054_dist=500_repair_6_males=6_nmar=1,6,1
0,9,500,500,68.7962835634709,279.30770651572726,12.103984312758742,0,0,0,403,D_pmar=0.054_dist=500_repair_6_males=6_nmar=1,6,1
0.054,9,1000,0,73.77516241803806,281.9064855859124,0,19,1.9000000000000008,2.60081803378073,403,D_pmar=0.054_dist=500_repair_6_males=6_nmar=1,6,1
0,8,1000,500,74.04202346805901,249.23317474638756,36.82623161480014,0,0,0,403,D_pmar=0.054_dist=500_repair_6_males=6_nmar=1,6,1
0.054,9,0,0,71.39929385425329,284.0336687619732,0,18,1.8000000000000005,2.9424235734307502,404,D_pmar=0.054_dist=500_repair_6_males=6_nmar=1,6,1
0,7,0,500,69.81503211238167,247.52000488952163,42.85301705062319,0,0,0,404,D_pmar=0.054_dist=500_repair_6_males=6_nmar=1,6,1
0,8,500,0,70.6396756955306,277.09175696533083,12.349193662254317,0,0,0,404,D_pmar=0.054_dist=500_repair_6_males=6_nmar=1,6,1
0,9,500,500,74.3113263173606,279.8422008075525,6.02307004284172,0,0,0,404,D_pmar=0.054_dist=500_repair_6_males=6_nmar=1,6,1
0,8,1000,0,75.31659837110621,254.29265346158343,30.472407448016707,0,0,0,404,D_pmar=0.054_dist=500_repair_6_males=6_nmar=1,6,1
0,13,1000,500,70.08395400559958,271.4882840170052,18.507684684469513,0,0,0,404,D_pmar=0.054_dist=500_repair_6_males=6_nmar=1,6,1
0,9,0,0,68.81304630062378,267.01708713773934,24.412389979955048,0,0,0,405,D_pmar=0.054_dist=500_repair_6_males=6_nmar=1,6,1
0,5,0,500,65.07065091124763,288.9182194842071,6.0341271221868,0,0,0,405,D_pmar=0.054_dist=500_repair_6_males=6_nmar=1,6,1
0.054,12,500,0,68.79783416664664,288.2015695278344,0,13,1.3,1.7450179701585695,405,D_pmar=0.054_dist=500_repair_6_males=6_nmar=1,6,1
0,9,500,500,69.50120809165985,278.3345544812623,12.168675914081216,0,0,0,405,D_pmar=0.054_dist=500_repair_6_males=6_nmar=1,6,1
0,14,1000,0,68.6241900910935,266.85750859114717,24.576568446890487,0,0,0,405,D_pmar=0.054_dist=500_repair_6_males=6_nmar=1,6,1
0,5,1000,500,73.34553319805819,274.5639665524986,12.126603941086932,0,0,0,405,D_pmar=0.054_dist=500_repair_6_males=6_nmar=1,6,1
0,10,0,0,71.72111922346244,282.2903312029643,6.104527219992133,0,0,0,406,D_pmar=0.054_dist=500_repair_6_males=6_nmar=1,6,1
0,8,0,500,70.32098347832539,277.5923589261128,12.192917255020866,0,0,0,406,D_pmar=0.054_dist=500_repair_6_males=6_nmar=1,6,1
0,10,500,0,72.36681873214934,269.41974525786407,18.296739562305294,0,0,0,406,D_pmar=0.054_dist=500_repair_6_males=6_nmar=1,6,1
0,8,500,500,67.53576843508274,268.26452411944916,24.57541397981306,0,0,0,406,D_pmar=0.054_dist=500_repair_6_males=6_nmar=1,6,1
0,4,1000,0,70.53025266072191,259.1670950989156,30.395137741259234,0,0,0,406,D_pmar=0.054_dist=500_repair_6_males=6_nmar=1,6,1
0.054,14,1000,500,70.45679138814296,285.4699626214938,0,15,1.5000000000000002,2.5816414799671614,406,D_pmar=0.054_dist=500_repair_6_males=6_nmar=1,6,1
0.054,10,0,0,66.48051026617931,289.66960633188364,0,16,1.6000000000000003,2.350159998485678,407,D_pmar=0.054_dist=500_repair_6_males=6_nmar=1,6,1
0,3,0,500,69.67676880072672,272.0946396746278,18.352049937559563,0,0,0,407,D_pmar=0.054_dist=500_repair_6_males=6_nmar=1,6,1
0,6,500,0,70.1961759866082,259.2566538076457,30.66616846143561,0,0,0,407,D_pmar=0.054_dist=500_repair_6_males=6_nmar=1,6,1
0,14,500,500,73.16399426285045,280.75521796106193,6.094319671513596,0,0,0,407,D_pmar=0.054_dist=500_repair_6_males=6_nmar=1,6,1
0,11,1000,0,71.07269479419745,258.5253805825771,30.424693513410816,0,0,0,407,D_pmar=0.054_dist=500_repair_6_males=6_nmar=1,6,1
0,10,1000,500,73.94832781968752,273.84291873983915,12.22546992488121,0,0,0,407,D_pmar=0.054_dist=500_repair_6_males=6_nmar=1,6,1
0.054,9,0,0,72.9909067504096,283.3591367930205,0,16,1.6000000000000003,2.182506278876433,408,D_pmar=0.054_dist=500_repair_6_males=6_nmar=1,6,1
0,12,0,500,70.06101345997953,277.84900290262135,12.276510304883637,0,0,0,408,D_pmar=0.054_dist=500_repair_6_males=6_nmar=1,6,1
0,5,500,0,70.78582943356967,240.04408665748437,49.2383717156067,0,0,0,408,D_pmar=0.054_dist=500_repair_6_males=6_nmar=1,6,1
0,8,500,500,68.81565474464547,285.18123321552565,6.066180547273059,0,0,0,408,D_pmar=0.054_dist=500_repair_6_males=6_nmar=1,6,1
0,10,1000,0,72.46908859634635,269.56659296690674,18.07795297472249,0,0,0,408,D_pmar=0.054_dist=500_repair_6_males=6_nmar=1,6,1
0,10,1000,500,70.55651772715827,277.30777673615626,12.288915226120478,0,0,0,408,D_pmar=0.054_dist=500_repair_6_males=6_nmar=1,6,1
0,8,0,0,68.87701370000671,257.7853554399116,33.35897780057319,0,0,0,409,D_pmar=0.054_dist=500_repair_6_males=6_nmar=1,6,1
0,9,0,500,73.66777021072402,268.16918549529277,18.32027978771801,0,0,0,409,D_pmar=0.054_dist=500_repair_6_males=6_nmar=1,6,1
0,5,500,0,68.72168314365254,256.02857597721004,35.303126597605775,0,0,0,409,D_pmar=0.054_dist=500_repair_6_males=6_nmar=1,6,1
0,12,500,500,71.0264335878659,276.640913174098,12.365077887885043,0,0,0,409,D_pmar=0.054_dist=500_repair_6_males=6_nmar=1,6,1
0.054,13,1000,0,70.29325841732718,285.32688193725136,0,20,2.0000000000000004,2.448369273650476,409,D_pmar=0.054_dist=500_repair_6_males=6_nmar=1,6,1
0,7,1000,500,70.71989560230769,271.2691332045472,18.197271610382344,0,0,0,409,D_pmar=0.054_dist=500_repair_6_males=6_nmar=1,6,1
0,10,0,0,71.58312430224103,264.2177429205617,24.37374605261589,0,0,0,40,D_pmar=0.054_dist=500_repair_6_males=6_nmar=1,6,1
0,15,0,500,72.72394227950542,287.29845429873507,0,0,0,0,40,D_pmar=0.054_dist=500_repair_6_males=6_nmar=1,6,1
0.054,9,500,0,72.96084164146465,283.2714149382188,0,15,1.5000000000000002,2.373308146633826,40,D_pmar=0.054_dist=500_repair_6_males=6_nmar=1,6,1
0,7,500,500,70.06105519837365,271.60029714771235,18.452323775921347,0,0,0,40,D_pmar=0.054_dist=500_repair_6_males=6_nmar=1,6,1
0,7,1000,0,72.6151295620296,250.7685484736304,36.783404894270966,0,0,0,40,D_pmar=0.054_dist=500_repair_6_males=6_nmar=1,6,1
0,6,1000,500,71.32347915161016,276.48900091171686,12.377872740826293,0,0,0,40,D_pmar=0.054_dist=500_repair_6_males=6_nmar=1,6,1
0,6,0,0,72.20864335578268,263.30993093879715,24.492424075361143,0,0,0,410,D_pmar=0.054_dist=500_repair_6_males=6_nmar=1,6,1
0.054,10,0,500,68.35196559011133,286.55795197535895,0,24,2.400000000000001,2.6990273089455297,410,D_pmar=0.054_dist=500_repair_6_males=6_nmar=1,6,1
0,9,500,0,73.15788267531262,262.73603203879446,24.479762331183068,0,0,0,410,D_pmar=0.054_dist=500_repair_6_males=6_nmar=1,6,1
0,4,500,500,71.05269797795374,234.10073978638985,54.96495526397942,0,0,0,410,D_pmar=0.054_dist=500_repair_6_males=6_nmar=1,6,1
0,10,1000,0,73.3003070942689,262.24735966978267,24.526480896370416,0,0,0,410,D_pmar=0.054_dist=500_repair_6_males=6_nmar=1,6,1
0,15,1000,500,69.06354036699682,276.54793964581,14.548442764398557,0,0,0,410,D_pmar=0.054_dist=500_repair_6_males=6_nmar=1,6,1
0,14,0,0,71.82413053757426,281.9933230700588,6.193437230062041,0,0,0,411,D_pmar=0.054_dist=500_repair_6_males=6_nmar=1,6,1
0,10,0,500,71.56879352338032,264.01905208601073,24.41815860501469,0,0,0,411,D_pmar=0.054_dist=500_repair_6_males=6_nmar=1,6,1
0,7,500,0,70.60349962189566,258.8028608204119,30.63358468363915,0,0,0,411,D_pmar=0.054_dist=500_repair_6_males=6_nmar=1,6,1
0.054,9,500,500,71.14010259355504,285.2825374013003,0,15,1.5000000000000002,2.180861190638807,411,D_pmar=0.054_dist=500_repair_6_males=6_nmar=1,6,1
0,8,1000,0,69.61284096772798,284.24909757608344,6.2915194392281455,0,0,0,411,D_pmar=0.054_dist=500_repair_6_males=6_nmar=1,6,1
0,6,1000,500,72.50259804268387,263.1185744893147,24.42869773719924,0,0,0,411,D_pmar=0.054_dist=500_repair_6_males=6_nmar=1,6,1
0,9,0,0,68.46142253436086,279.36598220863124,12.17911588669917,0,0,0,412,D_pmar=0.054_dist=500_repair_6_males=6_nmar=1,6,1
0,12,0,500,72.81277307432003,256.8125037711891,30.529074163242303,0,0,0,412,D_pmar=0.054_dist=500_repair_6_males=6_nmar=1,6,1
0,9,500,0,74.94138072939523,279.15343986431793,6.022430575651045,0,0,0,412,D_pmar=0.054_dist=500_repair_6_males=6_nmar=1,6,1
0,8,500,500,70.87394295276685,264.99669816225327,24.249030850788134,0,0,0,412,D_pmar=0.054_dist=500_repair_6_males=6_nmar=1,6,1
0,6,1000,0,70.77382593204958,258.82991995849056,30.45827289419282,0,0,0,412,D_pmar=0.054_dist=500_repair_6_males=6_nmar=1,6,1
0.054,10,1000,500,70.18037179583939,285.58668621622485,0,17,1.7000000000000004,2.576024797394955,412,D_pmar=0.054_dist=500_repair_6_males=6_nmar=1,6,1
0,16,0,0,67.25652683350417,262.31237409251537,30.486497076453976,0,0,0,413,D_pmar=0.054_dist=500_repair_6_males=6_nmar=1,6,1
0.054,3,0,500,67.97416301211007,286.68796461918106,0,25,2.500000000000001,2.851476069075783,413,D_pmar=0.054_dist=500_repair_6_males=6_nmar=1,6,1
0,3,500,0,75.10719710741348,254.2441487952324,30.73220281688587,0,0,0,413,D_pmar=0.054_dist=500_repair_6_males=6_nmar=1,6,1
0,10,500,500,68.58738044691138,242.8931716132214,48.59555846869396,0,0,0,413,D_pmar=0.054_dist=500_repair_6_males=6_nmar=1,6,1
0,12,1000,0,69.85712320230662,271.94751132057456,18.28246772316316,0,0,0,413,D_pmar=0.054_dist=500_repair_6_males=6_nmar=1,6,1
0,10,1000,500,71.82524590369363,263.81729532728605,24.50546221808685,0,0,0,413,D_pmar=0.054_dist=500_repair_6_males=6_nmar=1,6,1
0,10,0,0,69.64745752350056,283.5124914389666,6.860850301393814,0,0,0,414,D_pmar=0.054_dist=500_repair_6_males=6_nmar=1,6,1
0,9,0,500,72.37570889860484,263.1847770310229,24.527157607699948,0,0,0,414,D_pmar=0.054_dist=500_repair_6_males=6_nmar=1,6,1
0,12,500,0,70.9025668103554,264.9083683901712,24.232018814349804,0,0,0,414,D_pmar=0.054_dist=500_repair_6_males=6_nmar=1,6,1
0.054,12,500,500,70.17800536130862,285.3642425932666,0,21,2.1000000000000005,2.471517421798625,414,D_pmar=0.054_dist=500_repair_6_males=6_nmar=1,6,1
0,6,1000,0,69.02575368616885,260.2796710420215,30.76560377893249,0,0,0,414,D_pmar=0.054_dist=500_repair_6_males=6_nmar=1,6,1
0,5,1000,500,69.86686497338613,259.032289574907,31.142656667647486,0,0,0,414,D_pmar=0.054_dist=500_repair_6_males=6_nmar=1,6,1
0,13,0,0,69.83534464131432,266.0772365734775,24.28535130843975,0,0,0,415,D_pmar=0.054_dist=500_repair_6_males=6_nmar=1,6,1
0,3,0,500,70.72807337151153,280.75248734063496,8.55136861972628,0,0,0,415,D_pmar=0.054_dist=500_repair_6_males=6_nmar=1,6,1
0,4,500,0,73.29637031298167,238.13569952205748,48.719212771214096,0,0,0,415,D_pmar=0.054_dist=500_repair_6_males=6_nmar=1,6,1
0,11,500,500,73.88526394248807,274.01637921671613,12.366819512162824,0,0,0,415,D_pmar=0.054_dist=500_repair_6_males=6_nmar=1,6,1
0.054,15,1000,0,72.4810974934546,283.05667246184584,0,20,2.0000000000000004,2.647114330077027,415,D_pmar=0.054_dist=500_repair_6_males=6_nmar=1,6,1
0,8,1000,500,72.0556365914091,263.52982223038026,24.464383601116666,0,0,0,415,D_pmar=0.054_dist=500_repair_6_males=6_nmar=1,6,1
0,10,0,0,72.1142711856153,269.60793417915085,18.361187189070957,0,0,0,416,D_pmar=0.054_dist=500_repair_6_males=6_nmar=1,6,1
0,7,0,500,71.17757906392724,258.4698705785009,30.39064128451209,0,0,0,416,D_pmar=0.054_dist=500_repair_6_males=6_nmar=1,6,1
0,5,500,0,72.11870558257168,281.9409416612843,6.034836915752617,0,0,0,416,D_pmar=0.054_dist=500_repair_6_males=6_nmar=1,6,1
0,15,500,500,67.78115928842172,280.144186683898,12.240694635574515,0,0,0,416,D_pmar=0.054_dist=500_repair_6_males=6_nmar=1,6,1
0,6,1000,0,71.82695093605001,270.3041204525955,18.21955435296598,0,0,0,416,D_pmar=0.054_dist=500_repair_6_males=6_nmar=1,6,1
0.054,11,1000,500,70.16422489177216,286.17718096016995,0,14,1.4,2.3908396122097684,416,D_pmar=0.054_dist=500_repair_6_males=6_nmar=1,6,1
0,9,0,0,71.78228140196744,263.8253956783198,24.46488483655372,0,0,0,417,D_pmar=0.054_dist=500_repair_6_males=6_nmar=1,6,1
0,9,0,500,70.3139010398312,277.33148142353434,12.39264733149218,0,0,0,417,D_pmar=0.054_dist=500_repair_6_males=6_nmar=1,6,1
0,11,500,0,71.95154671393445,257.46165998491455,30.679471287182547,0,0,0,417,D_pmar=0.054_dist=500_repair_6_males=6_nmar=1,6,1
0,10,500,500,70.57523250334651,265.15444739327165,24.32358767375303,0,0,0,417,D_pmar=0.054_dist=500_repair_6_males=6_nmar=1,6,1
0.054,9,1000,0,70.40522525957304,285.8272251411108,0,18,1.8000000000000005,2.061148855563486,417,D_pmar=0.054_dist=500_repair_6_males=6_nmar=1,6,1
0,6,1000,500,71.28606433129643,270.72797072352546,18.2176218441553,0,0,0,417,D_pmar=0.054_dist=500_repair_6_males=6_nmar=1,6,1
0,6,0,0,68.8463839023079,273.0332060210721,18.320545538245636,0,0,0,418,D_pmar=0.054_dist=500_repair_6_males=6_nmar=1,6,1
0,10,0,500,72.16361280463398,275.666578087596,12.252685469632532,0,0,0,418,D_pmar=0.054_dist=500_repair_6_males=6_nmar=1,6,1
0,11,500,0,68.17077645853546,270.03840619289986,21.93000674978449,0,0,0,418,D_pmar=0.054_dist=500_repair_6_males=6_nmar=1,6,1
0,12,500,500,71.59221208866144,288.57230123661327,0,0,0,0,418,D_pmar=0.054_dist=500_repair_6_males=6_nmar=1,6,1
0.054,13,1000,0,69.78390548170681,286.21305995380493,0,15,1.5000000000000002,2.5145235416196683,418,D_pmar=0.054_dist=500_repair_6_males=6_nmar=1,6,1
0,2,1000,500,68.39787850020244,255.135786235145,36.48236281243474,0,0,0,418,D_pmar=0.054_dist=500_repair_6_males=6_nmar=1,6,1
0,8,0,0,74.34595566156425,261.1144630378274,24.600374537045813,0,0,0,419,D_pmar=0.054_dist=500_repair_6_males=6_nmar=1,6,1
0,5,0,500,69.87941568138821,253.37539499883192,36.827148945146305,0,0,0,419,D_pmar=0.054_dist=500_repair_6_males=6_nmar=1,6,1
0,12,500,0,68.67266318203494,261.16522542932717,30.313619627306775,0,0,0,419,D_pmar=0.054_dist=500_repair_6_males=6_nmar=1,6,1
0.054,9,500,500,70.88202093122871,284.3562009592027,0,23,2.3000000000000007,2.490693975612194,419,D_pmar=0.054_dist=500_repair_6_males=6_nmar=1,6,1
0,12,1000,0,72.08095842553325,269.8651215448084,18.159425852207622,0,0,0,419,D_pmar=0.054_dist=500_repair_6_males=6_nmar=1,6,1
0,8,1000,500,69.16289063326592,260.06176314464716,30.7880027122032,0,0,0,419,D_pmar=0.054_dist=500_repair_6_males=6_nmar=1,6,1
0.054,10,0,0,68.69863645433176,287.91356537215074,0,12,1.2,2.448369273650476,41,D_pmar=0.054_dist=500_repair_6_males=6_nmar=1,6,1
0,15,0,500,69.79301573485336,284.32481965185445,6.141938532852146,0,0,0,41,D_pmar=0.054_dist=500_repair_6_males=6_nmar=1,6,1
0,11,500,0,72.23579014068747,275.5576993616313,12.28768515251412,0,0,0,41,D_pmar=0.054_dist=500_repair_6_males=6_nmar=1,6,1
0,8,500,500,72.59149256721429,262.88837656689515,24.643938933844275,0,0,0,41,D_pmar=0.054_dist=500_repair_6_males=6_nmar=1,6,1
0,2,1000,0,69.14053738226663,266.4047785385865,24.47309661596152,0,0,0,41,D_pmar=0.054_dist=500_repair_6_males=6_nmar=1,6,1
0,8,1000,500,72.10512900837377,281.77722853311957,6.156357695626266,0,0,0,41,D_pmar=0.054_dist=500_repair_6_males=6_nmar=1,6,1
0,12,0,0,72.53449640011694,261.31709269142925,26.16890756398476,0,0,0,420,D_pmar=0.054_dist=500_repair_6_males=6_nmar=1,6,1
0.054,8,0,500,67.62536600637038,288.4314496946955,0,15,1.5000000000000002,2.479460610467783,420,D_pmar=0.054_dist=500_repair_6_males=6_nmar=1,6,1
0,8,500,0,67.8133534059798,286.26997027616994,6.012686132455956,0,0,0,420,D_pmar=0.054_dist=500_repair_6_males=6_nmar=1,6,1
0,8,500,500,67.04529540637127,268.7441509963181,24.215195942070142,0,0,0,420,D_pmar=0.054_dist=500_repair_6_males=6_nmar=1,6,1
0,5,1000,0,73.53798594392778,274.20831482100175,12.334500395995091,0,0,0,420,D_pmar=0.054_dist=500_repair_6_males=6_nmar=1,6,1
0,13,1000,500,69.17007766406675,272.6764304650424,18.3271107536729,0,0,0,420,D_pmar=0.054_dist=500_repair_6_males=6_nmar=1,6,1
0,6,0,0,72.69917243748328,250.66723389554255,36.6906688191655,0,0,0,421,D_pmar=0.054_dist=500_repair_6_males=6_nmar=1,6,1
0.054,11,0,500,71.70384422932314,283.89756317902913,0,19,1.9000000000000008,2.525756906764079,421,D_pmar=0.054_dist=500_repair_6_males=6_nmar=1,6,1
0,11,500,0,69.84016156988429,290.29093528116414,0,0,0,0,421,D_pmar=0.054_dist=500_repair_6_males=6_nmar=1,6,1
0,10,500,500,69.75481716229055,259.6822286920379,30.60577898130127,0,0,0,421,D_pmar=0.054_dist=500_repair_6_males=6_nmar=1,6,1
0,6,1000,0,73.10550004449921,268.88459773080353,18.07764262685564,0,0,0,421,D_pmar=0.054_dist=500_repair_6_males=6_nmar=1,6,1
0,10,1000,500,70.30443145251654,259.2027133899133,30.642263669549635,0,0,0,421,D_pmar=0.054_dist=500_repair_6_males=6_nmar=1,6,1
0,7,0,0,69.20953641204198,254.43959154885871,36.42766513365907,0,0,0,422,D_pmar=0.054_dist=500_repair_6_males=6_nmar=1,6,1
0,15,0,500,67.30083123247216,280.7456549063943,12.1407864455758,0,0,0,422,D_pmar=0.054_dist=500_repair_6_males=6_nmar=1,6,1
0,6,500,0,70.47191651675944,259.0117125570949,30.61290075320554,0,0,0,422,D_pmar=0.054_dist=500_repair_6_males=6_nmar=1,6,1
0,8,500,500,71.61583785190606,270.353093031902,18.198347977514484,0,0,0,422,D_pmar=0.054_dist=500_repair_6_males=6_nmar=1,6,1
0.054,11,1000,0,68.83279534643697,286.02087133699047,0,21,2.1000000000000005,3.131580352950516,422,D_pmar=0.054_dist=500_repair_6_males=6_nmar=1,6,1
0,7,1000,500,72.14380609148299,263.5535232084702,24.474449484400697,0,0,0,422,D_pmar=0.054_dist=500_repair_6_males=6_nmar=1,6,1
0.054,8,0,0,68.81474710465758,287.1154028064511,0,15,1.5000000000000002,2.577669885632582,423,D_pmar=0.054_dist=500_repair_6_males=6_nmar=1,6,1
0,5,0,500,72.43433339959174,263.38259313049787,24.23260487212075,0,0,0,423,D_pmar=0.054_dist=500_repair_6_males=6_nmar=1,6,1
0,11,500,0,69.50158914611781,278.2276483248875,12.318526846395692,0,0,0,423,D_pmar=0.054_dist=500_repair_6_males=6_nmar=1,6,1
0,14,500,500,73.9324894393401,267.99921546269223,18.202443924623317,0,0,0,423,D_pmar=0.054_dist=500_repair_6_males=6_nmar=1,6,1
0,6,1000,0,68.81487992707059,266.78304760524713,24.412907674510254,0,0,0,423,D_pmar=0.054_dist=500_repair_6_males=6_nmar=1,6,1
0,10,1000,500,65.47799779926395,282.2146037386982,12.337123304130632,0,0,0,423,D_pmar=0.054_dist=500_repair_6_males=6_nmar=1,6,1
0,12,0,0,67.56731884150867,280.2711609915453,12.279830388363798,0,0,0,424,D_pmar=0.054_dist=500_repair_6_males=6_nmar=1,6,1
0.054,5,0,500,73.38052055012574,284.0957466676826,0,6,0.6,2.0962117867153713,424,D_pmar=0.054_dist=500_repair_6_males=6_nmar=1,6,1
0,9,500,0,71.59276867333017,282.5360105951084,6.040937188982063,0,0,0,424,D_pmar=0.054_dist=500_repair_6_males=6_nmar=1,6,1
0,11,500,500,69.30650315736519,279.83465402324777,10.868090501114802,0,0,0,424,D_pmar=0.054_dist=500_repair_6_males=6_nmar=1,6,1
0,10,1000,0,69.39243976401838,290.79715937852626,0,0,0,0,424,D_pmar=0.054_dist=500_repair_6_males=6_nmar=1,6,1
0,7,1000,500,71.42062663937392,282.50400645591975,6.090803007951347,0,0,0,424,D_pmar=0.054_dist=500_repair_6_males=6_nmar=1,6,1
0,3,0,0,75.35444220389195,266.6788433749346,18.06414598152207,0,0,0,425,D_pmar=0.054_dist=500_repair_6_males=6_nmar=1,6,1
0,9,0,500,70.98535379814541,258.4653937357964,30.62946486860101,0,0,0,425,D_pmar=0.054_dist=500_repair_6_males=6_nmar=1,6,1
0,11,500,0,72.35734882408705,244.8042836909718,42.85981187955519,0,0,0,425,D_pmar=0.054_dist=500_repair_6_males=6_nmar=1,6,1
0,7,500,500,71.32259126924211,282.56908205650154,6.125419971524299,0,0,0,425,D_pmar=0.054_dist=500_repair_6_males=6_nmar=1,6,1
0.054,16,1000,0,65.39706312429956,290.0017719793621,0,19,1.9000000000000008,2.8107964553516913,425,D_pmar=0.054_dist=500_repair_6_males=6_nmar=1,6,1
0,8,1000,500,71.36592438783319,270.53709101192044,18.118916999081176,0,0,0,425,D_pmar=0.054_dist=500_repair_6_males=6_nmar=1,6,1
0,13,0,0,72.45436459926616,251.03982026664227,36.55348021963117,0,0,0,426,D_pmar=0.054_dist=500_repair_6_males=6_nmar=1,6,1
0,12,0,500,67.65792800225361,280.2204981873892,12.24722144069969,0,0,0,426,D_pmar=0.054_dist=500_repair_6_males=6_nmar=1,6,1
0,3,500,0,69.40282769681654,266.3400686720061,24.348787552818504,0,0,0,426,D_pmar=0.054_dist=500_repair_6_males=6_nmar=1,6,1
0,9,500,500,67.19617436470291,286.8785024614077,6.022374805373879,0,0,0,426,D_pmar=0.054_dist=500_repair_6_males=6_nmar=1,6,1
0.054,9,1000,0,67.3144760514711,288.3454717125652,0,19,1.9000000000000008,2.50658035295051,426,D_pmar=0.054_dist=500_repair_6_males=6_nmar=1,6,1
0,8,1000,500,74.06733022690614,249.4519149376344,36.6307233447384,0,0,0,426,D_pmar=0.054_dist=500_repair_6_males=6_nmar=1,6,1
0,14,0,0,66.02607019992139,281.68770348033735,12.372728743007253,0,0,0,427,D_pmar=0.054_dist=500_repair_6_males=6_nmar=1,6,1
0,6,0,500,68.1881505838473,267.4898040265853,24.51289806964909,0,0,0,427,D_pmar=0.054_dist=500_repair_6_males=6_nmar=1,6,1
0,10,500,0,70.41350791477454,267.6179665667924,22.172684180702312,0,0,0,427,D_pmar=0.054_dist=500_repair_6_males=6_nmar=1,6,1
0.054,9,500,500,73.09016947009079,282.69521228583125,0,16,1.6000000000000003,2.6854674377041654,427,D_pmar=0.054_dist=500_repair_6_males=6_nmar=1,6,1
0,8,1000,0,71.5971664194826,264.0221528264363,24.394103641138862,0,0,0,427,D_pmar=0.054_dist=500_repair_6_males=6_nmar=1,6,1
0,7,1000,500,72.0136080079081,275.9888600874361,12.08270020252004,0,0,0,427,D_pmar=0.054_dist=500_repair_6_males=6_nmar=1,6,1
0,9,0,0,71.9773291512723,269.6567802380558,18.41096867247373,0,0,0,428,D_pmar=0.054_dist=500_repair_6_males=6_nmar=1,6,1
0.054,12,0,500,69.61737804279396,286.25090385682245,0,21,2.1000000000000005,2.257567405893084,428,D_pmar=0.054_dist=500_repair_6_males=6_nmar=1,6,1
0,9,500,0,69.72532214361264,272.0792773830199,18.30307867852882,0,0,0,428,D_pmar=0.054_dist=500_repair_6_males=6_nmar=1,6,1
0,8,500,500,70.75211345367127,264.89275031570486,24.49386298792902,0,0,0,428,D_pmar=0.054_dist=500_repair_6_males=6_nmar=1,6,1
0,6,1000,0,66.95139700079604,275.1084543300817,18.08188091637147,0,0,0,428,D_pmar=0.054_dist=500_repair_6_males=6_nmar=1,6,1
0,10,1000,500,68.70438417369223,242.72671546100963,48.723685534015736,0,0,0,428,D_pmar=0.054_dist=500_repair_6_males=6_nmar=1,6,1
0.054,4,0,0,70.36985088459512,284.8559513050455,0,24,2.400000000000001,2.4348094024091127,429,D_pmar=0.054_dist=500_repair_6_males=6_nmar=1,6,1
0,9,0,500,70.72691625127584,252.315140070972,37.02409233583073,0,0,0,429,D_pmar=0.054_dist=500_repair_6_males=6_nmar=1,6,1
0,9,500,0,69.59224213972638,247.41432390307943,43.07270340855075,0,0,0,429,D_pmar=0.054_dist=500_repair_6_males=6_nmar=1,6,1
0,12,500,500,69.3998914998217,284.6613269784823,6.070900870140976,0,0,0,429,D_pmar=0.054_dist=500_repair_6_males=6_nmar=1,6,1
0,10,1000,0,71.85412137002182,251.9831392610189,36.40917257496661,0,0,0,429,D_pmar=0.054_dist=500_repair_6_males=6_nmar=1,6,1
0,10,1000,500,72.84539789243306,262.8091101544876,24.47147805599983,0,0,0,429,D_pmar=0.054_dist=500_repair_6_males=6_nmar=1,6,1
0.054,7,0,0,70.24296811921401,286.09104334267977,0,19,1.9000000000000008,1.9007569067640755,42,D_pmar=0.054_dist=500_repair_6_males=6_nmar=1,6,1
0,10,0,500,69.39244413544931,278.4396997532591,12.179164408804422,0,0,0,42,D_pmar=0.054_dist=500_repair_6_males=6_nmar=1,6,1
0,13,500,0,72.61410672086723,244.79800888123395,42.771798719557914,0,0,0,42,D_pmar=0.054_dist=500_repair_6_males=6_nmar=1,6,1
0,11,500,500,71.24097449230088,276.6123839780493,12.15871362583262,0,0,0,42,D_pmar=0.054_dist=500_repair_6_males=6_nmar=1,6,1
0,4,1000,0,71.25986362712241,270.63107244594124,18.428701201641765,0,0,0,42,D_pmar=0.054_dist=500_repair_6_males=6_nmar=1,6,1
0,9,1000,500,72.51284213667584,260.48856243620884,27.03684105880455,0,0,0,42,D_pmar=0.054_dist=500_repair_6_males=6_nmar=1,6,1
0,9,0,0,66.07900269409336,269.79116399267053,24.17836055689331,0,0,0,430,D_pmar=0.054_dist=500_repair_6_males=6_nmar=1,6,1
0,10,0,500,71.20001589725668,282.7561536892937,6.1647075081424685,0,0,0,430,D_pmar=0.054_dist=500_repair_6_males=6_nmar=1,6,1
0.054,12,500,0,67.78651281208846,288.82000516162304,0,15,1.5000000000000002,2.2479791289862994,430,D_pmar=0.054_dist=500_repair_6_males=6_nmar=1,6,1
0,8,500,500,71.24142017332895,270.7536796600003,18.105170822459023,0,0,0,430,D_pmar=0.054_dist=500_repair_6_males=6_nmar=1,6,1
0,6,1000,0,69.9636404213329,253.38525421608932,36.80948497665121,0,0,0,430,D_pmar=0.054_dist=500_repair_6_males=6_nmar=1,6,1
0,9,1000,500,67.2256228989105,286.77012434443634,6.106649789053944,0,0,0,430,D_pmar=0.054_dist=500_repair_6_males=6_nmar=1,6,1
0,9,0,0,71.28016790388901,264.49965911625355,24.410846095849394,0,0,0,431,D_pmar=0.054_dist=500_repair_6_males=6_nmar=1,6,1
0.054,7,0,500,71.56701681367737,284.314546340051,0,20,2.0000000000000004,2.30783529652396,431,D_pmar=0.054_dist=500_repair_6_males=6_nmar=1,6,1
0,9,500,0,69.54604102312938,272.2476169119634,18.21028724434912,0,0,0,431,D_pmar=0.054_dist=500_repair_6_males=6_nmar=1,6,1
0,8,500,500,68.30262678878981,266.9745834919686,24.741661012996264,0,0,0,431,D_pmar=0.054_dist=500_repair_6_males=6_nmar=1,6,1
0,13,1000,0,72.4038277849126,281.55315493815357,6.043512646395406,0,0,0,431,D_pmar=0.054_dist=500_repair_6_males=6_nmar=1,6,1
0,8,1000,500,72.67566285649048,238.5708546661119,48.76132589497386,0,0,0,431,D_pmar=0.054_dist=500_repair_6_males=6_nmar=1,6,1
0,7,0,0,72.80591982387347,269.25040458083777,18.263755063910097,0,0,0,432,D_pmar=0.054_dist=500_repair_6_males=6_nmar=1,6,1
0,6,0,500,67.869831586759,266.48245426850315,25.734394222522265,0,0,0,432,D_pmar=0.054_dist=500_repair_6_males=6_nmar=1,6,1
0,13,500,0,73.30890322463902,274.56177906358556,12.200995839555578,0,0,0,432,D_pmar=0.054_dist=500_repair_6_males=6_nmar=1,6,1
0,9,500,500,72.51572574629795,269.1852316254463,18.36611977562994,0,0,0,432,D_pmar=0.054_dist=500_repair_6_males=6_nmar=1,6,1
0,12,1000,0,70.61184110592113,259.1048159940014,30.414710468545312,0,0,0,432,D_pmar=0.054_dist=500_repair_6_males=6_nmar=1,6,1
0.054,7,1000,500,72.78479256377094,282.8319095163283,0,18,1.8000000000000005,2.7301186457628352,432,D_pmar=0.054_dist=500_repair_6_males=6_nmar=1,6,1
0,8,0,0,69.05637939165324,284.9915311316294,6.034825659151516,0,0,0,433,D_pmar=0.054_dist=500_repair_6_males=6_nmar=1,6,1
0,12,0,500,70.18464635912424,277.8612120818659,12.08670324223552,0,0,0,433,D_pmar=0.054_dist=500_repair_6_males=6_nmar=1,6,1
0,7,500,0,74.27232270076203,249.36147559008668,36.61508166133185,0,0,0,433,D_pmar=0.054_dist=500_repair_6_males=6_nmar=1,6,1
0.054,8,500,500,71.33423431724829,284.22927164095535,0,17,1.7000000000000004,2.7413520109072467,433,D_pmar=0.054_dist=500_repair_6_males=6_nmar=1,6,1
0,8,1000,0,71.22713481660415,258.73949446941975,30.178924734053737,0,0,0,433,D_pmar=0.054_dist=500_repair_6_males=6_nmar=1,6,1
0,11,1000,500,67.04760857996925,274.83639967579575,18.28709069741809,0,0,0,433,D_pmar=0.054_dist=500_repair_6_males=6_nmar=1,6,1
0,7,0,0,66.26574929680174,281.81140010542305,12.1458841155451,0,0,0,434,D_pmar=0.054_dist=500_repair_6_males=6_nmar=1,6,1
0,13,0,500,70.96350233276415,282.8746369113502,6.1635125907209405,0,0,0,434,D_pmar=0.054_dist=500_repair_6_males=6_nmar=1,6,1
0,6,500,0,68.18792355354125,261.24125856604456,30.604884028655267,0,0,0,434,D_pmar=0.054_dist=500_repair_6_males=6_nmar=1,6,1
0,10,500,500,73.73624641156273,261.78290030619183,24.51953080249892,0,0,0,434,D_pmar=0.054_dist=500_repair_6_males=6_nmar=1,6,1
0.054,8,1000,0,69.97798732817098,286.1086641818986,0,18,1.8000000000000005,2.334955039006688,434,D_pmar=0.054_dist=500_repair_6_males=6_nmar=1,6,1
0,10,1000,500,66.30922991313132,256.9899490654358,36.75212742127616,0,0,0,434,D_pmar=0.054_dist=500_repair_6_males=6_nmar=1,6,1
0,9,0,0,72.94600456229102,274.97370652491753,12.221618417500592,0,0,0,435,D_pmar=0.054_dist=500_repair_6_males=6_nmar=1,6,1
0,8,0,500,69.44984241150074,284.57729321431475,6.012094082824327,0,0,0,435,D_pmar=0.054_dist=500_repair_6_males=6_nmar=1,6,1
0,16,500,0,71.93345072174394,282.03575373410354,6.079671072631562,0,0,0,435,D_pmar=0.054_dist=500_repair_6_males=6_nmar=1,6,1
0,9,500,500,68.09197925947441,285.8825353195307,6.05281780906276,0,0,0,435,D_pmar=0.054_dist=500_repair_6_males=6_nmar=1,6,1
0.054,8,1000,0,70.98271510194358,286.0491838497804,0,8,0.7999999999999999,2.2750988714690266,435,D_pmar=0.054_dist=500_repair_6_males=6_nmar=1,6,1
0,4,1000,500,68.33907158472532,273.2561114710239,18.518582177955967,0,0,0,435,D_pmar=0.054_dist=500_repair_6_males=6_nmar=1,6,1
0,11,0,0,72.4081218224793,269.6622158107192,18.17986213346852,0,0,0,436,D_pmar=0.054_dist=500_repair_6_males=6_nmar=1,6,1
0,7,0,500,71.54045867580534,263.8924152861519,24.625506387147382,0,0,0,436,D_pmar=0.054_dist=500_repair_6_males=6_nmar=1,6,1
0.054,10,500,0,74.33749820217099,280.8211062993095,0,23,2.3000000000000007,2.5760247973949553,436,D_pmar=0.054_dist=500_repair_6_males=6_nmar=1,6,1
0,7,500,500,70.03312090522395,259.6892735667403,30.32887823119211,0,0,0,436,D_pmar=0.054_dist=500_repair_6_males=6_nmar=1,6,1
0,8,1000,0,69.17141857004268,254.1770651820684,36.67238321426461,0,0,0,436,D_pmar=0.054_dist=500_repair_6_males=6_nmar=1,6,1
0,11,1000,500,71.97918886806427,257.72216794045,30.4545699943315,0,0,0,436,D_pmar=0.054_dist=500_repair_6_males=6_nmar=1,6,1
0,7,0,0,66.88946973512168,293.1643296530063,0,0,0,0,437,D_pmar=0.054_dist=500_repair_6_males=6_nmar=1,6,1
0,10,0,500,68.43793085521129,267.13753482604994,24.48026098943693,0,0,0,437,D_pmar=0.054_dist=500_repair_6_males=6_nmar=1,6,1
0,10,500,0,70.99787053280109,276.75682277991996,12.26709918486523,0,0,0,437,D_pmar=0.054_dist=500_repair_6_males=6_nmar=1,6,1
0,10,500,500,70.60140535204943,253.08278788023037,36.31806134414429,0,0,0,437,D_pmar=0.054_dist=500_repair_6_males=6_nmar=1,6,1
0,7,1000,0,71.00866394905862,258.6256080460989,30.610902192350025,0,0,0,437,D_pmar=0.054_dist=500_repair_6_males=6_nmar=1,6,1
0.054,10,1000,500,68.21141272111166,288.16273472914725,0,17,1.7000000000000004,2.0842970037116344,437,D_pmar=0.054_dist=500_repair_6_males=6_nmar=1,6,1
0,11,0,0,70.56634728699898,265.47014874560034,24.22806347345958,0,0,0,438,D_pmar=0.054_dist=500_repair_6_males=6_nmar=1,6,1
0,9,0,500,71.39244758956933,282.59161336420385,6.082375181286671,0,0,0,438,D_pmar=0.054_dist=500_repair_6_males=6_nmar=1,6,1
0,8,500,0,68.17630593801104,255.1519264464062,36.70232065489439,0,0,0,438,D_pmar=0.054_dist=500_repair_6_males=6_nmar=1,6,1
0,8,500,500,72.11585498709337,288.05945308528186,0,0,0,0,438,D_pmar=0.054_dist=500_repair_6_males=6_nmar=1,6,1
0.054,8,1000,0,73.28422691427386,282.9048562438181,0,14,1.4,2.533700095433238,438,D_pmar=0.054_dist=500_repair_6_males=6_nmar=1,6,1
0,10,1000,500,69.13329036086954,272.72071098685825,18.196108497646655,0,0,0,438,D_pmar=0.054_dist=500_repair_6_males=6_nmar=1,6,1
0.054,9,0,0,73.31535922478639,282.5412964511503,0,19,1.9000000000000008,2.3676914640616205,439,D_pmar=0.054_dist=500_repair_6_males=6_nmar=1,6,1
0,10,0,500,74.07553469539648,243.73235457468235,42.38936214890549,0,0,0,439,D_pmar=0.054_dist=500_repair_6_males=6_nmar=1,6,1
0,8,500,0,72.438768963395,263.1065099435031,24.60220518322291,0,0,0,439,D_pmar=0.054_dist=500_repair_6_males=6_nmar=1,6,1
0,8,500,500,70.08440898716233,271.8531093148314,18.11908696772396,0,0,0,439,D_pmar=0.054_dist=500_repair_6_males=6_nmar=1,6,1
0,9,1000,0,67.41333934203185,274.5849292470023,18.11519104530336,0,0,0,439,D_pmar=0.054_dist=500_repair_6_males=6_nmar=1,6,1
0,10,1000,500,71.17224685319694,276.6282821612247,12.388263527934408,0,0,0,439,D_pmar=0.054_dist=500_repair_6_males=6_nmar=1,6,1
0,7,0,0,71.05743957909976,264.3702654168996,24.58932459468953,0,0,0,43,D_pmar=0.054_dist=500_repair_6_males=6_nmar=1,6,1
0.054,10,0,500,65.62477682827485,290.7926248265679,0,16,1.6000000000000003,2.261539000227663,43,D_pmar=0.054_dist=500_repair_6_males=6_nmar=1,6,1
0,10,500,0,70.8551400278786,283.4163153928449,6.095448913420301,0,0,0,43,D_pmar=0.054_dist=500_repair_6_males=6_nmar=1,6,1
0,13,500,500,69.52156832600669,249.93563147182977,40.55502324249736,0,0,0,43,D_pmar=0.054_dist=500_repair_6_males=6_nmar=1,6,1
0,7,1000,0,73.52211623786644,280.3805889705169,6.195760873076668,0,0,0,43,D_pmar=0.054_dist=500_repair_6_males=6_nmar=1,6,1
0,7,1000,500,69.42950682399557,272.4847051593297,18.207228154669604,0,0,0,43,D_pmar=0.054_dist=500_repair_6_males=6_nmar=1,6,1
0,8,0,0,69.36395362035138,268.14772688850604,22.59156303760264,0,0,0,440,D_pmar=0.054_dist=500_repair_6_males=6_nmar=1,6,1
0,11,0,500,66.99635958692346,293.11397352228767,0,0,0,0,440,D_pmar=0.054_dist=500_repair_6_males=6_nmar=1,6,1
0.054,13,500,0,67.76860401291361,288.6565778321287,0,14,1.4,2.4771341043708297,440,D_pmar=0.054_dist=500_repair_6_males=6_nmar=1,6,1
0,5,500,500,72.08467569092261,245.1596558591148,42.793046318338654,0,0,0,440,D_pmar=0.054_dist=500_repair_6_males=6_nmar=1,6,1
0,10,1000,0,70.86030211637764,283.22966177287304,6.019075664897593,0,0,0,440,D_pmar=0.054_dist=500_repair_6_males=6_nmar=1,6,1
0,7,1000,500,75.42730362780574,272.5270216479434,12.196640071640008,0,0,0,440,D_pmar=0.054_dist=500_repair_6_males=6_nmar=1,6,1
0,6,0,0,68.74016074365332,260.667828019377,30.59669677244067,0,0,0,441,D_pmar=0.054_dist=500_repair_6_males=6_nmar=1,6,1
0,11,0,500,71.070357308386,276.84023346843566,12.20400789817176,0,0,0,441,D_pmar=0.054_dist=500_repair_6_males=6_nmar=1,6,1
0,8,500,0,72.47133340771597,269.31010672142423,18.23380847536267,0,0,0,441,D_pmar=0.054_dist=500_repair_6_males=6_nmar=1,6,1
0,6,500,500,67.75699358260188,274.020682956254,18.33325674252635,0,0,0,441,D_pmar=0.054_dist=500_repair_6_males=6_nmar=1,6,1
0.054,10,1000,0,69.19567277431021,286.06444887656806,0,20,2.0000000000000004,2.7916199015381222,441,D_pmar=0.054_dist=500_repair_6_males=6_nmar=1,6,1
0,13,1000,500,70.94164639936733,246.04037341296797,43.11951881490208,0,0,0,441,D_pmar=0.054_dist=500_repair_6_males=6_nmar=1,6,1
0,12,0,0,69.99219164502595,271.7872789451746,18.242688348629382,0,0,0,442,D_pmar=0.054_dist=500_repair_6_males=6_nmar=1,6,1
0,6,0,500,71.53161888505318,263.89759893286544,24.614063177479277,0,0,0,442,D_pmar=0.054_dist=500_repair_6_males=6_nmar=1,6,1
0,9,500,0,69.02725034618676,254.34862273396692,36.73606339048674,0,0,0,442,D_pmar=0.054_dist=500_repair_6_males=6_nmar=1,6,1
0.054,8,500,500,71.75430373590693,284.1531906337492,0,17,1.7000000000000004,2.5568482435813853,442,D_pmar=0.054_dist=500_repair_6_males=6_nmar=1,6,1
0,8,1000,0,71.39700712489642,282.4914096137889,6.1330717064598295,0,0,0,442,D_pmar=0.054_dist=500_repair_6_males=6_nmar=1,6,1
0,11,1000,500,68.25492816111245,273.41916408132454,18.35241217870628,0,0,0,442,D_pmar=0.054_dist=500_repair_6_males=6_nmar=1,6,1
0,6,0,0,69.51889320346729,278.1457331067158,12.335742752658412,0,0,0,443,D_pmar=0.054_dist=500_repair_6_males=6_nmar=1,6,1
0,5,0,500,73.70422836500974,268.1175274706838,18.29853009019516,0,0,0,443,D_pmar=0.054_dist=500_repair_6_males=6_nmar=1,6,1
0,10,500,0,70.81303662318659,271.075493928169,18.245359201950993,0,0,0,443,D_pmar=0.054_dist=500_repair_6_males=6_nmar=1,6,1
0,11,500,500,72.69396700121125,250.3751502736482,36.95696860718244,0,0,0,443,D_pmar=0.054_dist=500_repair_6_males=6_nmar=1,6,1
0,9,1000,0,70.23324900333893,289.8869776714591,0,0,0,0,443,D_pmar=0.054_dist=500_repair_6_males=6_nmar=1,6,1
0.054,13,1000,500,72.1495195850334,283.93833266026894,0,14,1.4,2.533700095433238,443,D_pmar=0.054_dist=500_repair_6_males=6_nmar=1,6,1
0.054,6,0,0,70.47228074657627,285.27007547315543,0,20,2.0000000000000004,2.3174235734307445,444,D_pmar=0.054_dist=500_repair_6_males=6_nmar=1,6,1
0,13,0,500,71.39187133338737,270.54566023570885,18.0969197134103,0,0,0,444,D_pmar=0.054_dist=500_repair_6_males=6_nmar=1,6,1
0,7,500,0,69.73773223294462,247.78728184315733,42.510680710792535,0,0,0,444,D_pmar=0.054_dist=500_repair_6_males=6_nmar=1,6,1
0,8,500,500,69.1702993488115,272.5072822204182,18.505499535284837,0,0,0,444,D_pmar=0.054_dist=500_repair_6_males=6_nmar=1,6,1
0,10,1000,0,70.89292880665457,258.9546386538879,30.185260523928395,0,0,0,444,D_pmar=0.054_dist=500_repair_6_males=6_nmar=1,6,1
0,10,1000,500,68.94670037539979,279.0425591232192,12.207042277737676,0,0,0,444,D_pmar=0.054_dist=500_repair_6_males=6_nmar=1,6,1
0,12,0,0,71.3837888742596,276.6329991596942,12.147273090149367,0,0,0,445,D_pmar=0.054_dist=500_repair_6_males=6_nmar=1,6,1
0,8,0,500,69.074383055761,272.75112951080376,18.21351354582434,0,0,0,445,D_pmar=0.054_dist=500_repair_6_males=6_nmar=1,6,1
0.054,9,500,0,71.70250602922754,283.9286472365223,0,18,1.8000000000000005,2.69505571461095,445,D_pmar=0.054_dist=500_repair_6_males=6_nmar=1,6,1
0,4,500,500,66.79284821086867,268.6932722194079,24.555347456698172,0,0,0,445,D_pmar=0.054_dist=500_repair_6_males=6_nmar=1,6,1
0,13,1000,0,73.57581888376114,249.71813892787225,36.74917168235348,0,0,0,445,D_pmar=0.054_dist=500_repair_6_males=6_nmar=1,6,1
0,8,1000,500,67.91328045229179,273.79369007212193,18.371733204035134,0,0,0,445,D_pmar=0.054_dist=500_repair_6_males=6_nmar=1,6,1
0.054,17,0,0,67.50347893462278,288.39008477153857,0,19,1.9000000000000008,2.493020481709147,446,D_pmar=0.054_dist=500_repair_6_males=6_nmar=1,6,1
0,7,0,500,69.35157098848431,229.2732408189894,61.41510934479625,0,0,0,446,D_pmar=0.054_dist=500_repair_6_males=6_nmar=1,6,1
0,4,500,0,66.09652690379603,275.6588160002989,18.33022864830261,0,0,0,446,D_pmar=0.054_dist=500_repair_6_males=6_nmar=1,6,1
0,13,500,500,73.39021327931736,280.59864996593285,6.023501780755069,0,0,0,446,D_pmar=0.054_dist=500_repair_6_males=6_nmar=1,6,1
0,7,1000,0,68.94795558250358,266.8180109097243,24.385325115943715,0,0,0,446,D_pmar=0.054_dist=500_repair_6_males=6_nmar=1,6,1
0,6,1000,500,73.36327648923064,280.6341375145249,6.205233067610531,0,0,0,446,D_pmar=0.054_dist=500_repair_6_males=6_nmar=1,6,1
0,7,0,0,66.10749802342332,287.65369075082356,6.257552211358372,0,0,0,447,D_pmar=0.054_dist=500_repair_6_males=6_nmar=1,6,1
0,8,0,500,67.6884143042661,255.76345962182592,36.65498711531143,0,0,0,447,D_pmar=0.054_dist=500_repair_6_males=6_nmar=1,6,1
0,11,500,0,70.89433807444236,264.86888867019394,24.35712916464904,0,0,0,447,D_pmar=0.054_dist=500_repair_6_males=6_nmar=1,6,1
0.054,11,500,500,69.3330327164143,286.769499592196,0,20,2.0000000000000004,2.070737132470271,447,D_pmar=0.054_dist=500_repair_6_males=6_nmar=1,6,1
0,9,1000,0,74.07291117347074,261.7144505730139,24.324344041307853,0,0,0,447,D_pmar=0.054_dist=500_repair_6_males=6_nmar=1,6,1
0,8,1000,500,68.65336085532043,261.23827753216074,30.20551560072906,0,0,0,447,D_pmar=0.054_dist=500_repair_6_males=6_nmar=1,6,1
0,7,0,0,71.68467445812605,270.28614276069936,18.26528284504242,0,0,0,448,D_pmar=0.054_dist=500_repair_6_males=6_nmar=1,6,1
0,11,0,500,70.2535174157133,246.8600543322971,42.94342452586173,0,0,0,448,D_pmar=0.054_dist=500_repair_6_males=6_nmar=1,6,1
0,10,500,0,67.45897945743309,268.6118629727262,24.15264273338034,0,0,0,448,D_pmar=0.054_dist=500_repair_6_males=6_nmar=1,6,1
0.054,11,500,500,72.60686585315939,282.58189641808616,0,21,2.1000000000000005,2.81476804968627,448,D_pmar=0.054_dist=500_repair_6_males=6_nmar=1,6,1
0,8,1000,0,70.65798154439747,271.255008944165,18.13720728743189,0,0,0,448,D_pmar=0.054_dist=500_repair_6_males=6_nmar=1,6,1
0,7,1000,500,72.17006277496803,263.6160533449614,24.3570800154868,0,0,0,448,D_pmar=0.054_dist=500_repair_6_males=6_nmar=1,6,1
0,5,0,0,69.43693935735939,272.18942629504403,18.387721976935698,0,0,0,449,D_pmar=0.054_dist=500_repair_6_males=6_nmar=1,6,1
0,10,0,500,71.64274290930673,263.7883792384516,24.579226513752165,0,0,0,449,D_pmar=0.054_dist=500_repair_6_males=6_nmar=1,6,1
0,9,500,0,69.67014929430296,266.10599416505465,24.30743775281439,0,0,0,449,D_pmar=0.054_dist=500_repair_6_males=6_nmar=1,6,1
0,7,500,500,67.95120804818825,267.6700786070487,24.42189109907507,0,0,0,449,D_pmar=0.054_dist=500_repair_6_males=6_nmar=1,6,1
0,11,1000,0,71.90324325795186,275.88947174509485,12.269782351808518,0,0,0,449,D_pmar=0.054_dist=500_repair_6_males=6_nmar=1,6,1
0.054,12,1000,500,71.99677872519064,283.3069023504152,0,17,1.7000000000000004,2.999271817012131,449,D_pmar=0.054_dist=500_repair_6_males=6_nmar=1,6,1
0,14,0,0,71.24682276578064,276.7916420339842,12.041114514427576,0,0,0,44,D_pmar=0.054_dist=500_repair_6_males=6_nmar=1,6,1
0,4,0,500,70.0351669287853,271.9944632825726,18.14772378400703,0,0,0,44,D_pmar=0.054_dist=500_repair_6_males=6_nmar=1,6,1
0,8,500,0,72.78975481287706,287.28721461116874,0,0,0,0,44,D_pmar=0.054_dist=500_repair_6_males=6_nmar=1,6,1
0,7,500,500,70.28259453581529,283.6872886969736,6.07668545692645,0,0,0,44,D_pmar=0.054_dist=500_repair_6_males=6_nmar=1,6,1
0,12,1000,0,71.22896321018513,258.37857506308546,30.44713277005627,0,0,0,44,D_pmar=0.054_dist=500_repair_6_males=6_nmar=1,6,1
0.054,9,1000,500,70.78144852539141,285.4959048787892,0,11,1.1,2.7979180019696543,44,D_pmar=0.054_dist=500_repair_6_males=6_nmar=1,6,1
0,8,0,0,72.21540429060683,275.80816727001223,12.19110858766072,0,0,0,450,D_pmar=0.054_dist=500_repair_6_males=6_nmar=1,6,1
0,10,0,500,69.29879912575693,266.5026023928948,24.273904622578968,0,0,0,450,D_pmar=0.054_dist=500_repair_6_males=6_nmar=1,6,1
0,5,500,0,69.23374465113228,272.42935591682505,18.36772025570865,0,0,0,450,D_pmar=0.054_dist=500_repair_6_males=6_nmar=1,6,1
0.054,8,500,500,68.81092390299293,286.9193708497544,0,19,1.9000000000000008,2.389194523972142,450,D_pmar=0.054_dist=500_repair_6_males=6_nmar=1,6,1
0,10,1000,0,73.5684835531898,274.444483484228,12.258858525240315,0,0,0,450,D_pmar=0.054_dist=500_repair_6_males=6_nmar=1,6,1
0,13,1000,500,70.4526584641662,246.02353509238625,43.66437303447465,0,0,0,450,D_pmar=0.054_dist=500_repair_6_males=6_nmar=1,6,1
0,8,0,0,70.77610244113828,246.4786755802117,42.77258297080772,0,0,0,451,D_pmar=0.054_dist=500_repair_6_males=6_nmar=1,6,1
0,7,0,500,67.90278103370997,261.76868599821535,30.468178047979308,0,0,0,451,D_pmar=0.054_dist=500_repair_6_males=6_nmar=1,6,1
0,6,500,0,70.8940027029453,270.9354276875915,18.27643764222005,0,0,0,451,D_pmar=0.054_dist=500_repair_6_males=6_nmar=1,6,1
0,12,500,500,69.58131052341325,278.15081845137814,12.294748655388894,0,0,0,451,D_pmar=0.054_dist=500_repair_6_males=6_nmar=1,6,1
0.054,7,1000,0,73.50318374750819,281.8975920115136,0,23,2.3000000000000007,2.406044571688758,451,D_pmar=0.054_dist=500_repair_6_males=6_nmar=1,6,1
0,14,1000,500,70.56979668585456,252.73302034208257,36.74200395022291,0,0,0,451,D_pmar=0.054_dist=500_repair_6_males=6_nmar=1,6,1
0,10,0,0,70.19204543814737,259.3367986794031,30.63490570743059,0,0,0,452,D_pmar=0.054_dist=500_repair_6_males=6_nmar=1,6,1
0,4,0,500,71.61119259629187,270.23974751009376,18.307710357325295,0,0,0,452,D_pmar=0.054_dist=500_repair_6_males=6_nmar=1,6,1
0,7,500,0,72.9445677487333,250.4986685606812,36.75909430101897,0,0,0,452,D_pmar=0.054_dist=500_repair_6_males=6_nmar=1,6,1
0,9,500,500,69.86811088824668,272.0833208090621,18.293729929774894,0,0,0,452,D_pmar=0.054_dist=500_repair_6_males=6_nmar=1,6,1
0.054,11,1000,0,72.47497496629619,283.3342336278942,0,20,2.0000000000000004,2.3326285329097343,452,D_pmar=0.054_dist=500_repair_6_males=6_nmar=1,6,1
0,13,1000,500,72.59775602381484,269.1468484333132,18.281433139687376,0,0,0,452,D_pmar=0.054_dist=500_repair_6_males=6_nmar=1,6,1
0,6,0,0,66.56374253995948,269.2065083876483,24.29661807891159,0,0,0,453,D_pmar=0.054_dist=500_repair_6_males=6_nmar=1,6,1
0,11,0,500,68.92390126063457,273.0245037782547,18.165211196518168,0,0,0,453,D_pmar=0.054_dist=500_repair_6_males=6_nmar=1,6,1
0.054,12,500,0,69.59691780242287,286.1795245914811,0,22,2.2000000000000006,2.2344192577449355,453,D_pmar=0.054_dist=500_repair_6_males=6_nmar=1,6,1
0,8,500,500,69.8883609224954,241.6043140793018,48.78096675517802,0,0,0,453,D_pmar=0.054_dist=500_repair_6_males=6_nmar=1,6,1
0,8,1000,0,71.75248594646877,263.97926552949025,24.512585974174648,0,0,0,453,D_pmar=0.054_dist=500_repair_6_males=6_nmar=1,6,1
0,9,1000,500,72.23209688667245,269.59873799032994,18.392256121934704,0,0,0,453,D_pmar=0.054_dist=500_repair_6_males=6_nmar=1,6,1
0,13,0,0,73.1449538389441,270.2479563149974,16.867270504443816,0,0,0,454,D_pmar=0.054_dist=500_repair_6_males=6_nmar=1,6,1
0.054,9,0,500,72.96976798017673,284.3688123884718,0,10,1,1.7178982276758423,454,D_pmar=0.054_dist=500_repair_6_males=6_nmar=1,6,1
0,8,500,0,70.12136859482408,283.91102787569747,6.143998703482552,0,0,0,454,D_pmar=0.054_dist=500_repair_6_males=6_nmar=1,6,1
0,12,500,500,72.4846586540732,279.8282726719877,7.825792184446451,0,0,0,454,D_pmar=0.054_dist=500_repair_6_males=6_nmar=1,6,1
0,6,1000,0,67.71670196905306,280.07846079343,12.218480531967703,0,0,0,454,D_pmar=0.054_dist=500_repair_6_males=6_nmar=1,6,1
0,6,1000,500,70.58787695501866,277.31160180577973,12.11156466209198,0,0,0,454,D_pmar=0.054_dist=500_repair_6_males=6_nmar=1,6,1
0,10,0,0,70.38700389862713,277.3846279839247,12.27225960303718,0,0,0,455,D_pmar=0.054_dist=500_repair_6_males=6_nmar=1,6,1
0,10,0,500,72.49114966267113,263.2244474889373,24.300803057281183,0,0,0,455,D_pmar=0.054_dist=500_repair_6_males=6_nmar=1,6,1
0,11,500,0,69.23222467940664,256.4104945824901,34.39217963295892,0,0,0,455,D_pmar=0.054_dist=500_repair_6_males=6_nmar=1,6,1
0.054,5,500,500,67.66939196850663,288.548330357695,0,17,1.7000000000000004,2.3597482753924623,455,D_pmar=0.054_dist=500_repair_6_males=6_nmar=1,6,1
0,8,1000,0,71.83397250508936,276.189931168165,12.100322674845446,0,0,0,455,D_pmar=0.054_dist=500_repair_6_males=6_nmar=1,6,1
0,10,1000,500,70.79308568364749,271.15898800836624,18.143352504080813,0,0,0,455,D_pmar=0.054_dist=500_repair_6_males=6_nmar=1,6,1
0,8,0,0,67.68764110546857,255.4887648636277,36.92455381645484,0,0,0,456,D_pmar=0.054_dist=500_repair_6_males=6_nmar=1,6,1
0,11,0,500,71.80968034380717,245.1320028021709,43.14146905143375,0,0,0,456,D_pmar=0.054_dist=500_repair_6_males=6_nmar=1,6,1
0,6,500,0,71.43387096674441,251.66971124508476,37.01408278762413,0,0,0,456,D_pmar=0.054_dist=500_repair_6_males=6_nmar=1,6,1
0.054,14,500,500,69.08132178713404,285.6118065712453,0,26,2.600000000000001,2.7317637340004617,456,D_pmar=0.054_dist=500_repair_6_males=6_nmar=1,6,1
0,5,1000,0,73.52979692141196,268.4727389823904,18.152797622360563,0,0,0,456,D_pmar=0.054_dist=500_repair_6_males=6_nmar=1,6,1
0,10,1000,500,72.07683038976653,263.85941900792716,24.238649927666337,0,0,0,456,D_pmar=0.054_dist=500_repair_6_males=6_nmar=1,6,1
0,4,0,0,71.84226417010711,245.326507924225,42.88182664142062,0,0,0,457,D_pmar=0.054_dist=500_repair_6_males=6_nmar=1,6,1
0,11,0,500,70.088047534656,284.0490600106102,6.2097676979748675,0,0,0,457,D_pmar=0.054_dist=500_repair_6_males=6_nmar=1,6,1
0,8,500,0,74.52319255618364,267.47101294203867,18.22304224589109,0,0,0,457,D_pmar=0.054_dist=500_repair_6_males=6_nmar=1,6,1
0,7,500,500,69.08741970043833,291.00954282032063,0,0,0,0,457,D_pmar=0.054_dist=500_repair_6_males=6_nmar=1,6,1
0.054,18,1000,0,68.38661798666024,287.594149047457,0,16,1.6000000000000003,2.460284056654213,457,D_pmar=0.054_dist=500_repair_6_males=6_nmar=1,6,1
0,6,1000,500,71.3396844984688,258.3529489410984,30.377560651309377,0,0,0,457,D_pmar=0.054_dist=500_repair_6_males=6_nmar=1,6,1
0,10,0,0,68.25483383225968,255.1095101911214,36.66053577505973,0,0,0,458,D_pmar=0.054_dist=500_repair_6_males=6_nmar=1,6,1
0,7,0,500,73.00638884205148,274.9345271587883,12.157161431713654,0,0,0,458,D_pmar=0.054_dist=500_repair_6_males=6_nmar=1,6,1
0,8,500,0,72.53007458706574,256.77970823924005,30.77030181013879,0,0,0,458,D_pmar=0.054_dist=500_repair_6_males=6_nmar=1,6,1
0,11,500,500,69.80503492211452,271.7388540093825,18.48237175809085,0,0,0,458,D_pmar=0.054_dist=500_repair_6_males=6_nmar=1,6,1
0.054,9,1000,0,71.1363089824769,283.98404224329386,0,21,2.1000000000000005,2.8322995152622132,458,D_pmar=0.054_dist=500_repair_6_males=6_nmar=1,6,1
0,9,1000,500,73.49465023036532,256.2672904041835,30.292568357820773,0,0,0,458,D_pmar=0.054_dist=500_repair_6_males=6_nmar=1,6,1
0,12,0,0,68.31851772975608,267.3208701284368,24.368866455859017,0,0,0,459,D_pmar=0.054_dist=500_repair_6_males=6_nmar=1,6,1
0.054,12,0,500,70.75140942278563,285.96498282163105,0,11,1.1,2.2344192577449355,459,D_pmar=0.054_dist=500_repair_6_males=6_nmar=1,6,1
0,9,500,0,67.8745244806227,280.42750765824496,11.904333394514158,0,0,0,459,D_pmar=0.054_dist=500_repair_6_males=6_nmar=1,6,1
0,6,500,500,70.62616727232695,277.6267820346875,12.12429755647869,0,0,0,459,D_pmar=0.054_dist=500_repair_6_males=6_nmar=1,6,1
0,6,1000,0,71.4491144448388,288.5621280708615,0,0,0,0,459,D_pmar=0.054_dist=500_repair_6_males=6_nmar=1,6,1
0,9,1000,500,73.07924603633687,268.5180627833274,18.43077296249165,0,0,0,459,D_pmar=0.054_dist=500_repair_6_males=6_nmar=1,6,1
0,13,0,0,69.35383459707647,284.5462117088669,6.173891750449125,0,0,0,45,D_pmar=0.054_dist=500_repair_6_males=6_nmar=1,6,1
0,9,0,500,74.1952434973273,267.6844750239348,18.191810040897263,0,0,0,45,D_pmar=0.054_dist=500_repair_6_males=6_nmar=1,6,1
0,7,500,0,68.92388641435059,279.4403316091698,11.74608685474893,0,0,0,45,D_pmar=0.054_dist=500_repair_6_males=6_nmar=1,6,1
0.054,7,500,500,72.66113843436311,283.64323670346613,0,12,1.2,2.5178137180949216,45,D_pmar=0.054_dist=500_repair_6_males=6_nmar=1,6,1
0,6,1000,0,69.02766092034658,272.8761991482897,18.143213836235105,0,0,0,45,D_pmar=0.054_dist=500_repair_6_males=6_nmar=1,6,1
0,12,1000,500,72.22637246509429,273.82037203799837,13.964220395620671,0,0,0,45,D_pmar=0.054_dist=500_repair_6_males=6_nmar=1,6,1
0,8,0,0,70.07790174662064,271.6534157914777,18.38590801375848,0,0,0,460,D_pmar=0.054_dist=500_repair_6_males=6_nmar=1,6,1
0,8,0,500,69.15028076806756,266.22055645707877,24.651449462609932,0,0,0,460,D_pmar=0.054_dist=500_repair_6_males=6_nmar=1,6,1
0,12,500,0,71.64430330426023,264.04957141513194,24.398223354831845,0,0,0,460,D_pmar=0.054_dist=500_repair_6_males=6_nmar=1,6,1
0,5,500,500,71.73049677540202,270.0983923611418,18.23604215117715,0,0,0,460,D_pmar=0.054_dist=500_repair_6_males=6_nmar=1,6,1
0.054,10,1000,0,69.7004519233465,286.53671105176693,0,16,1.6000000000000003,2.2767439597066534,460,D_pmar=0.054_dist=500_repair_6_males=6_nmar=1,6,1
0,11,1000,500,66.72054564978237,281.1835145951195,12.143317925075277,0,0,0,460,D_pmar=0.054_dist=500_repair_6_males=6_nmar=1,6,1
0,10,0,0,71.77360751755822,276.09141403731934,12.22199605328104,0,0,0,461,D_pmar=0.054_dist=500_repair_6_males=6_nmar=1,6,1
0,9,0,500,68.76688100974226,279.14408807471534,12.096561554167817,0,0,0,461,D_pmar=0.054_dist=500_repair_6_males=6_nmar=1,6,1
0,10,500,0,69.30170875009475,260.33124243546047,30.545140534603373,0,0,0,461,D_pmar=0.054_dist=500_repair_6_males=6_nmar=1,6,1
0.054,11,500,500,71.26650341995632,284.99022844351146,0,13,1.3,2.544933460577649,461,D_pmar=0.054_dist=500_repair_6_males=6_nmar=1,6,1
0,7,1000,0,73.3745985511039,268.27209766530063,18.359160705201894,0,0,0,461,D_pmar=0.054_dist=500_repair_6_males=6_nmar=1,6,1
0,7,1000,500,68.69106902490383,285.2613325016935,6.12856059814195,0,0,0,461,D_pmar=0.054_dist=500_repair_6_males=6_nmar=1,6,1
0.054,6,0,0,73.58198663315719,281.91293048121065,0,21,2.1000000000000005,2.4467241854128496,462,D_pmar=0.054_dist=500_repair_6_males=6_nmar=1,6,1
0,12,0,500,68.37004144768794,281.51286422815554,10.256855152270788,0,0,0,462,D_pmar=0.054_dist=500_repair_6_males=6_nmar=1,6,1
0,9,500,0,72.78064172340247,250.41031062059048,36.84390982917355,0,0,0,462,D_pmar=0.054_dist=500_repair_6_males=6_nmar=1,6,1
0,6,500,500,68.79695741693715,279.00993946147673,12.327846623164554,0,0,0,462,D_pmar=0.054_dist=500_repair_6_males=6_nmar=1,6,1
0,11,1000,0,72.20706257966327,269.42149817871274,18.46336187523974,0,0,0,462,D_pmar=0.054_dist=500_repair_6_males=6_nmar=1,6,1
0,10,1000,500,69.44282891440965,245.3678647392496,45.28803006922784,0,0,0,462,D_pmar=0.054_dist=500_repair_6_males=6_nmar=1,6,1
0,9,0,0,74.82602283632019,266.64371520348817,18.538847562449156,0,0,0,463,D_pmar=0.054_dist=500_repair_6_males=6_nmar=1,6,1
0.054,14,0,500,74.3186503599928,280.9376834155515,0,22,2.2000000000000006,2.5697266969634236,463,D_pmar=0.054_dist=500_repair_6_males=6_nmar=1,6,1
0,2,500,0,72.04062575600793,262.1469562531661,26.13968159522695,0,0,0,463,D_pmar=0.054_dist=500_repair_6_males=6_nmar=1,6,1
0,7,500,500,71.49884982088972,252.04384512818064,36.58642676982431,0,0,0,463,D_pmar=0.054_dist=500_repair_6_males=6_nmar=1,6,1
0,10,1000,0,70.48889587025148,259.20553785315815,30.35083101870133,0,0,0,463,D_pmar=0.054_dist=500_repair_6_males=6_nmar=1,6,1
0,12,1000,500,70.6526635748843,271.26478923847895,18.135669767147643,0,0,0,463,D_pmar=0.054_dist=500_repair_6_males=6_nmar=1,6,1
0,17,0,0,68.70917535924556,285.461119275666,6.0924553292064845,0,0,0,464,D_pmar=0.054_dist=500_repair_6_males=6_nmar=1,6,1
0,7,0,500,69.52507580657003,272.25797264989524,18.23447564165672,0,0,0,464,D_pmar=0.054_dist=500_repair_6_males=6_nmar=1,6,1
0,6,500,0,70.43315360565812,277.51623600554143,12.19994750238962,0,0,0,464,D_pmar=0.054_dist=500_repair_6_males=6_nmar=1,6,1
0.054,9,500,500,70.20542600590282,286.1521216034007,0,15,1.5000000000000002,2.1537414481560795,464,D_pmar=0.054_dist=500_repair_6_males=6_nmar=1,6,1
0,7,1000,0,71.66270594057598,282.28329325663884,6.055114956434047,0,0,0,464,D_pmar=0.054_dist=500_repair_6_males=6_nmar=1,6,1
0,8,1000,500,75.37706215956773,236.00935345895775,48.6642555102757,0,0,0,464,D_pmar=0.054_dist=500_repair_6_males=6_nmar=1,6,1
0,9,0,0,65.04964724386213,288.896382625539,6.217417624192572,0,0,0,465,D_pmar=0.054_dist=500_repair_6_males=6_nmar=1,6,1
0,9,0,500,69.62970834903881,241.61896978924776,48.83482201074617,0,0,0,465,D_pmar=0.054_dist=500_repair_6_males=6_nmar=1,6,1
0,7,500,0,70.53792883796245,283.39247581186424,6.124520837736664,0,0,0,465,D_pmar=0.054_dist=500_repair_6_males=6_nmar=1,6,1
0,6,500,500,74.8734340814099,236.38965517713055,48.75644883339946,0,0,0,465,D_pmar=0.054_dist=500_repair_6_males=6_nmar=1,6,1
0,8,1000,0,71.14036815198409,258.16266357092036,30.826616592979217,0,0,0,465,D_pmar=0.054_dist=500_repair_6_males=6_nmar=1,6,1
0.054,15,1000,500,71.45721674576306,284.20745266534794,0,23,2.3000000000000007,2.398782800878926,465,D_pmar=0.054_dist=500_repair_6_males=6_nmar=1,6,1
0,3,0,0,74.65744580314761,273.06270340195965,12.356627682290558,0,0,0,466,D_pmar=0.054_dist=500_repair_6_males=6_nmar=1,6,1
0,6,0,500,72.68208856800331,250.61712833035028,36.78511594483508,0,0,0,466,D_pmar=0.054_dist=500_repair_6_males=6_nmar=1,6,1
0,13,500,0,73.56116230722566,262.200143699577,24.277934402127684,0,0,0,466,D_pmar=0.054_dist=500_repair_6_males=6_nmar=1,6,1
0,12,500,500,72.24966495149921,263.30858528296403,24.448784264036465,0,0,0,466,D_pmar=0.054_dist=500_repair_6_males=6_nmar=1,6,1
0,9,1000,0,66.88686676052535,281.14186809092723,12.086284166866506,0,0,0,466,D_pmar=0.054_dist=500_repair_6_males=6_nmar=1,6,1
0.054,11,1000,500,68.33265097762545,287.32994402488424,0,18,1.8000000000000005,2.625611270166505,466,D_pmar=0.054_dist=500_repair_6_males=6_nmar=1,6,1
0,6,0,0,69.79917589266033,278.05514431242796,12.204175083205746,0,0,0,467,D_pmar=0.054_dist=500_repair_6_males=6_nmar=1,6,1
0,6,0,500,73.02852681687627,262.75146821655943,24.251534323502973,0,0,0,467,D_pmar=0.054_dist=500_repair_6_males=6_nmar=1,6,1
0,11,500,0,70.26903388690975,283.69546058521524,6.044387913876864,0,0,0,467,D_pmar=0.054_dist=500_repair_6_males=6_nmar=1,6,1
0,15,500,500,68.3210000454648,279.7662154683847,12.186221509399696,0,0,0,467,D_pmar=0.054_dist=500_repair_6_males=6_nmar=1,6,1
0,5,1000,0,67.91310335926384,261.40503983451396,30.757505967153953,0,0,0,467,D_pmar=0.054_dist=500_repair_6_males=6_nmar=1,6,1
0.054,11,1000,500,73.61802948883513,282.96759465109716,0,14,1.4,2.073063638567223,467,D_pmar=0.054_dist=500_repair_6_males=6_nmar=1,6,1
0.054,11,0,0,73.39056649708412,282.9276010940066,0,13,1.3,2.406044571688758,468,D_pmar=0.054_dist=500_repair_6_males=6_nmar=1,6,1
0,4,0,500,68.37146993383523,273.40337804849264,18.258008042352543,0,0,0,468,D_pmar=0.054_dist=500_repair_6_males=6_nmar=1,6,1
0,12,500,0,68.80833861046185,272.9874564097274,18.267395053738177,0,0,0,468,D_pmar=0.054_dist=500_repair_6_males=6_nmar=1,6,1
0,8,500,500,67.21871085237522,286.9152632513699,6.036616728996844,0,0,0,468,D_pmar=0.054_dist=500_repair_6_males=6_nmar=1,6,1
0,12,1000,0,65.78533885281793,270.0383444106893,24.366042689702688,0,0,0,468,D_pmar=0.054_dist=500_repair_6_males=6_nmar=1,6,1
0,7,1000,500,68.60634358380341,281.90487355058355,9.594521573576849,0,0,0,468,D_pmar=0.054_dist=500_repair_6_males=6_nmar=1,6,1
0,9,0,0,74.33775273368532,279.6825426987346,6.084353141170384,0,0,0,469,D_pmar=0.054_dist=500_repair_6_males=6_nmar=1,6,1
0,6,0,500,69.92476653017982,259.8636343598778,30.355619444057623,0,0,0,469,D_pmar=0.054_dist=500_repair_6_males=6_nmar=1,6,1
0,6,500,0,71.65737444527622,263.9783324671555,24.375231199678332,0,0,0,469,D_pmar=0.054_dist=500_repair_6_males=6_nmar=1,6,1
0.054,10,500,500,69.91669909535457,286.4363285596004,0,16,1.6000000000000003,2.13456489434251,469,D_pmar=0.054_dist=500_repair_6_males=6_nmar=1,6,1
0,8,1000,0,72.79193076566578,287.30546796479393,0,0,0,0,469,D_pmar=0.054_dist=500_repair_6_males=6_nmar=1,6,1
0,15,1000,500,68.08732695620832,255.41200666971469,36.50555399931813,0,0,0,469,D_pmar=0.054_dist=500_repair_6_males=6_nmar=1,6,1
0,8,0,0,69.05156213320514,284.97472593658864,6.043497975329847,0,0,0,46,D_pmar=0.054_dist=500_repair_6_males=6_nmar=1,6,1
0,13,0,500,71.38895004507813,270.51012418607087,18.35516007922521,0,0,0,46,D_pmar=0.054_dist=500_repair_6_males=6_nmar=1,6,1
0.054,7,500,0,74.35891676620477,282.2104012673108,0,12,1.2,2.392484700447395,46,D_pmar=0.054_dist=500_repair_6_males=6_nmar=1,6,1
0,6,500,500,70.10297820356962,271.64497716552916,18.357905784416275,0,0,0,46,D_pmar=0.054_dist=500_repair_6_males=6_nmar=1,6,1
0,13,1000,0,70.57317421678867,274.55836522292026,14.900069243101663,0,0,0,46,D_pmar=0.054_dist=500_repair_6_males=6_nmar=1,6,1
0,7,1000,500,69.25158258874254,278.58601004277864,12.179772146416784,0,0,0,46,D_pmar=0.054_dist=500_repair_6_males=6_nmar=1,6,1
0,7,0,0,73.58716461468211,268.122285949194,18.42579658987269,0,0,0,470,D_pmar=0.054_dist=500_repair_6_males=6_nmar=1,6,1
0.054,5,0,500,70.55747787231198,284.7241311691603,0,22,2.2000000000000006,2.7628550708177686,470,D_pmar=0.054_dist=500_repair_6_males=6_nmar=1,6,1
0,18,500,0,68.77669852181315,278.9968899108709,12.2901621525247,0,0,0,470,D_pmar=0.054_dist=500_repair_6_males=6_nmar=1,6,1
0,10,500,500,71.07376135105777,234.01078731856472,54.926427609650304,0,0,0,470,D_pmar=0.054_dist=500_repair_6_males=6_nmar=1,6,1
0,2,1000,0,73.87688683972696,280.11340782466186,6.059368160837444,0,0,0,470,D_pmar=0.054_dist=500_repair_6_males=6_nmar=1,6,1
0,12,1000,500,76.10830972673013,241.64077267518024,42.26944554240633,0,0,0,470,D_pmar=0.054_dist=500_repair_6_males=6_nmar=1,6,1
0,9,0,0,69.2201777213726,272.4907268215489,18.438256082898825,0,0,0,471,D_pmar=0.054_dist=500_repair_6_males=6_nmar=1,6,1
0,9,0,500,72.19080963025806,244.8867565128494,42.946566979575785,0,0,0,471,D_pmar=0.054_dist=500_repair_6_males=6_nmar=1,6,1
0,6,500,0,66.71734694230291,256.6450535803945,36.72849583352299,0,0,0,471,D_pmar=0.054_dist=500_repair_6_males=6_nmar=1,6,1
0.054,13,500,500,69.70043581866517,284.75310861424407,0,27,2.700000000000001,2.8746242172239307,471,D_pmar=0.054_dist=500_repair_6_males=6_nmar=1,6,1
0,15,1000,0,69.32051093483233,272.55748047502397,18.297322132781012,0,0,0,471,D_pmar=0.054_dist=500_repair_6_males=6_nmar=1,6,1
0,2,1000,500,71.88041598694868,239.19195175829603,48.95849201720395,0,0,0,471,D_pmar=0.054_dist=500_repair_6_males=6_nmar=1,6,1
0,7,0,0,71.51557632766884,264.1400045047424,24.400021521154123,0,0,0,472,D_pmar=0.054_dist=500_repair_6_males=6_nmar=1,6,1
0,5,0,500,69.96353048965813,278.180264882546,12.050577479187288,0,0,0,472,D_pmar=0.054_dist=500_repair_6_males=6_nmar=1,6,1
0,9,500,0,71.73702446104822,282.2961737460145,6.042911288624447,0,0,0,472,D_pmar=0.054_dist=500_repair_6_males=6_nmar=1,6,1
0,10,500,500,69.25629591085864,284.7378841140861,6.022040958993076,0,0,0,472,D_pmar=0.054_dist=500_repair_6_males=6_nmar=1,6,1
0.054,14,1000,0,68.14855356480817,288.5675622272794,0,12,1.2,2.192094555783218,472,D_pmar=0.054_dist=500_repair_6_males=6_nmar=1,6,1
0,9,1000,500,68.9928582166142,266.5740188289982,24.455644323417843,0,0,0,472,D_pmar=0.054_dist=500_repair_6_males=6_nmar=1,6,1
0,7,0,0,65.1150869868816,258.3260920681635,36.83522093132136,0,0,0,473,D_pmar=0.054_dist=500_repair_6_males=6_nmar=1,6,1
0.054,9,0,500,67.47150998483048,288.31530085581386,0,16,1.6000000000000003,2.641497647504821,473,D_pmar=0.054_dist=500_repair_6_males=6_nmar=1,6,1
0,5,500,0,71.74552732562812,276.3306207180377,12.217393865421162,0,0,0,473,D_pmar=0.054_dist=500_repair_6_males=6_nmar=1,6,1
0,14,500,500,69.46190503893965,272.17538907292493,18.366128566974233,0,0,0,473,D_pmar=0.054_dist=500_repair_6_males=6_nmar=1,6,1
0,10,1000,0,70.52122969989101,289.6159660571148,0,0,0,0,473,D_pmar=0.054_dist=500_repair_6_males=6_nmar=1,6,1
0,9,1000,500,73.43504391906121,256.5230604802841,30.183719969089296,0,0,0,473,D_pmar=0.054_dist=500_repair_6_males=6_nmar=1,6,1
0,11,0,0,71.24175642249064,276.7441575937453,12.062950742290017,0,0,0,474,D_pmar=0.054_dist=500_repair_6_males=6_nmar=1,6,1
0,9,0,500,74.51189839540794,279.49324290193186,6.110178370146345,0,0,0,474,D_pmar=0.054_dist=500_repair_6_males=6_nmar=1,6,1
0,9,500,0,70.60785966405561,258.75846294361344,30.737930055794976,0,0,0,474,D_pmar=0.054_dist=500_repair_6_males=6_nmar=1,6,1
0,6,500,500,70.29917881475588,277.61349126891065,12.16582256879165,0,0,0,474,D_pmar=0.054_dist=500_repair_6_males=6_nmar=1,6,1
0.054,10,1000,0,71.62304187348879,285.02831259465296,0,14,1.4,1.976499451640051,474,D_pmar=0.054_dist=500_repair_6_males=6_nmar=1,6,1
0,9,1000,500,71.35047980036421,264.33936319189525,24.454827516751894,0,0,0,474,D_pmar=0.054_dist=500_repair_6_males=6_nmar=1,6,1
0.054,6,0,0,69.66014423039964,286.34499873538414,0,16,1.6000000000000003,2.4100161660233383,475,D_pmar=0.054_dist=500_repair_6_males=6_nmar=1,6,1
0,7,0,500,75.67954569567404,272.4900685667337,12.059390761724796,0,0,0,475,D_pmar=0.054_dist=500_repair_6_males=6_nmar=1,6,1
0,11,500,0,66.87033915380849,256.59597108350056,36.787596833072406,0,0,0,475,D_pmar=0.054_dist=500_repair_6_males=6_nmar=1,6,1
0,9,500,500,70.2201505281034,283.8563244175562,6.061007363100197,0,0,0,475,D_pmar=0.054_dist=500_repair_6_males=6_nmar=1,6,1
0,10,1000,0,70.01724100532049,265.9538944721036,24.075268857104547,0,0,0,475,D_pmar=0.054_dist=500_repair_6_males=6_nmar=1,6,1
0,11,1000,500,67.41284017805363,274.5606292460725,18.140478816659726,0,0,0,475,D_pmar=0.054_dist=500_repair_6_males=6_nmar=1,6,1
0.054,10,0,0,70.99332316555757,284.6787191450644,0,19,1.9000000000000008,2.7612099825801417,476,D_pmar=0.054_dist=500_repair_6_males=6_nmar=1,6,1
0,6,0,500,67.59642312545354,274.131916019182,18.364751203837,0,0,0,476,D_pmar=0.054_dist=500_repair_6_males=6_nmar=1,6,1
0,10,500,0,70.16393094484465,251.94367220969417,38.06450839907925,0,0,0,476,D_pmar=0.054_dist=500_repair_6_males=6_nmar=1,6,1
0,9,500,500,69.13778353219026,272.6304579952159,18.32336392545823,0,0,0,476,D_pmar=0.054_dist=500_repair_6_males=6_nmar=1,6,1
0,9,1000,0,70.65619732923807,259.03873139384206,30.31151549892608,0,0,0,476,D_pmar=0.054_dist=500_repair_6_males=6_nmar=1,6,1
0,10,1000,500,68.55362530804243,285.3975368420405,6.069697357547785,0,0,0,476,D_pmar=0.054_dist=500_repair_6_males=6_nmar=1,6,1
0,9,0,0,71.80038276803843,257.80315812755987,30.6386114325253,0,0,0,477,D_pmar=0.054_dist=500_repair_6_males=6_nmar=1,6,1
0.054,10,0,500,67.29380323547377,287.8974195874405,0,21,2.1000000000000005,2.824356326593055,477,D_pmar=0.054_dist=500_repair_6_males=6_nmar=1,6,1
0,10,500,0,70.8048983955002,252.4706468366543,36.75327603526188,0,0,0,477,D_pmar=0.054_dist=500_repair_6_males=6_nmar=1,6,1
0,11,500,500,71.02282291673677,258.73841443918786,30.253970507435508,0,0,0,477,D_pmar=0.054_dist=500_repair_6_males=6_nmar=1,6,1
0,7,1000,0,67.93145439635698,287.2107441956084,4.923686018403784,0,0,0,477,D_pmar=0.054_dist=500_repair_6_males=6_nmar=1,6,1
0,7,1000,500,67.3892206690122,268.5588834037216,24.24723994157771,0,0,0,477,D_pmar=0.054_dist=500_repair_6_males=6_nmar=1,6,1
0,13,0,0,69.78005708414837,272.2191579635123,18.1010014574579,0,0,0,478,D_pmar=0.054_dist=500_repair_6_males=6_nmar=1,6,1
0.054,8,0,500,71.28162212686843,285.17578469552956,0,10,1,2.556848243581386,478,D_pmar=0.054_dist=500_repair_6_males=6_nmar=1,6,1
0,8,500,0,72.36320317453092,281.6805639732028,6.028252173948492,0,0,0,478,D_pmar=0.054_dist=500_repair_6_males=6_nmar=1,6,1
0,6,500,500,68.26371297946432,285.5899053600893,6.173778299498344,0,0,0,478,D_pmar=0.054_dist=500_repair_6_males=6_nmar=1,6,1
0,9,1000,0,69.96674451402131,271.58098853888373,18.487909876630628,0,0,0,478,D_pmar=0.054_dist=500_repair_6_males=6_nmar=1,6,1
0,10,1000,500,72.28458722594004,275.4027288292758,12.32494782476051,0,0,0,478,D_pmar=0.054_dist=500_repair_6_males=6_nmar=1,6,1
0,4,0,0,67.87949971054641,286.09311141751954,6.079997152913116,0,0,0,479,D_pmar=0.054_dist=500_repair_6_males=6_nmar=1,6,1
0,8,0,500,68.79760888477252,273.2083321240329,18.23634419473807,0,0,0,479,D_pmar=0.054_dist=500_repair_6_males=6_nmar=1,6,1
0,11,500,0,72.31999569783943,275.7430651342165,12.18943432582181,0,0,0,479,D_pmar=0.054_dist=500_repair_6_males=6_nmar=1,6,1
0,7,500,500,71.6329600344515,257.7477589236857,30.67531130946745,0,0,0,479,D_pmar=0.054_dist=500_repair_6_males=6_nmar=1,6,1
0,13,1000,0,71.33874218360963,264.1851698205463,24.602550777779317,0,0,0,479,D_pmar=0.054_dist=500_repair_6_males=6_nmar=1,6,1
0.054,11,1000,500,71.03565643684121,285.5262434586065,0,15,1.5000000000000002,1.9781445398776771,479,D_pmar=0.054_dist=500_repair_6_males=6_nmar=1,6,1
0,12,0,0,67.57030495502075,286.443336941826,6.1077142027160924,0,0,0,47,D_pmar=0.054_dist=500_repair_6_males=6_nmar=1,6,1
0,5,0,500,72.39650321440992,275.28024641320434,12.368348405230227,0,0,0,47,D_pmar=0.054_dist=500_repair_6_males=6_nmar=1,6,1
0,10,500,0,68.72956137278359,279.0554610019549,12.294067670017746,0,0,0,47,D_pmar=0.054_dist=500_repair_6_males=6_nmar=1,6,1
0,8,500,500,68.91241341075558,266.74282439463497,24.481918222809075,0,0,0,47,D_pmar=0.054_dist=500_repair_6_males=6_nmar=1,6,1
0,8,1000,0,72.34699973575356,257.54096955236093,30.343518361280776,0,0,0,47,D_pmar=0.054_dist=500_repair_6_males=6_nmar=1,6,1
0.054,11,1000,500,72.08978017092724,284.28052426106336,0,14,1.4,2.344543315913472,47,D_pmar=0.054_dist=500_repair_6_males=6_nmar=1,6,1
0,11,0,0,72.50107707413447,250.53790767295308,36.96607800715903,0,0,0,480,D_pmar=0.054_dist=500_repair_6_males=6_nmar=1,6,1
0,8,0,500,69.11845140624749,284.865865522279,6.114017867504026,0,0,0,480,D_pmar=0.054_dist=500_repair_6_males=6_nmar=1,6,1
0,9,500,0,71.52956772428657,245.89900968374815,42.672834166774,0,0,0,480,D_pmar=0.054_dist=500_repair_6_males=6_nmar=1,6,1
0,11,500,500,66.40502057611583,293.73579638224754,0,0,0,0,480,D_pmar=0.054_dist=500_repair_6_males=6_nmar=1,6,1
0.054,9,1000,0,69.69653293545238,286.019561147651,0,21,2.1000000000000005,2.3716630583961984,480,D_pmar=0.054_dist=500_repair_6_males=6_nmar=1,6,1
0,6,1000,500,73.66734629628318,249.29893846445955,37.191919577121,0,0,0,480,D_pmar=0.054_dist=500_repair_6_males=6_nmar=1,6,1
0,13,0,0,69.90746833964447,265.64720568514144,24.46463744055783,0,0,0,481,D_pmar=0.054_dist=500_repair_6_males=6_nmar=1,6,1
0,10,0,500,68.83293310018219,285.2747231155133,6.094348157001978,0,0,0,481,D_pmar=0.054_dist=500_repair_6_males=6_nmar=1,6,1
0,9,500,0,72.61794158124233,269.19108850565675,18.38817100840466,0,0,0,481,D_pmar=0.054_dist=500_repair_6_males=6_nmar=1,6,1
0,9,500,500,71.71613468428416,275.9621099456587,12.379382392210724,0,0,0,481,D_pmar=0.054_dist=500_repair_6_males=6_nmar=1,6,1
0.054,6,1000,0,66.51207236535025,290.3041154556226,0,13,1.3,2.145798259486922,481,D_pmar=0.054_dist=500_repair_6_males=6_nmar=1,6,1
0,7,1000,500,69.09444213500352,272.7387567346248,18.37280645680271,0,0,0,481,D_pmar=0.054_dist=500_repair_6_males=6_nmar=1,6,1
0,5,0,0,71.90240469601363,245.27715844590767,43.097327277215875,0,0,0,482,D_pmar=0.054_dist=500_repair_6_males=6_nmar=1,6,1
0,7,0,500,69.54075485713251,290.473171056794,0,0,0,0,482,D_pmar=0.054_dist=500_repair_6_males=6_nmar=1,6,1
0.054,16,500,0,68.91755080674766,286.66954505897303,0,20,2.0000000000000004,2.4235760372647017,482,D_pmar=0.054_dist=500_repair_6_males=6_nmar=1,6,1
0,11,500,500,68.05853045013613,267.5175258065714,24.482779996513457,0,0,0,482,D_pmar=0.054_dist=500_repair_6_males=6_nmar=1,6,1
0,7,1000,0,68.74223567213436,266.13334230647814,25.238407870543305,0,0,0,482,D_pmar=0.054_dist=500_repair_6_males=6_nmar=1,6,1
0,8,1000,500,70.98749820344837,264.6349622891067,24.40016782415881,0,0,0,482,D_pmar=0.054_dist=500_repair_6_males=6_nmar=1,6,1
0,11,0,0,71.24201822335944,270.3780834225165,18.47184309530725,0,0,0,483,D_pmar=0.054_dist=500_repair_6_males=6_nmar=1,6,1
0,9,0,500,71.75275052824236,276.1543732630448,12.11594995096098,0,0,0,483,D_pmar=0.054_dist=500_repair_6_males=6_nmar=1,6,1
0,7,500,0,68.69629384646552,279.2265144261607,12.125670372047011,0,0,0,483,D_pmar=0.054_dist=500_repair_6_males=6_nmar=1,6,1
0,9,500,500,69.31603558735466,284.62586705305307,6.069129180014641,0,0,0,483,D_pmar=0.054_dist=500_repair_6_males=6_nmar=1,6,1
0,9,1000,0,65.82653234374631,269.7934298790144,24.627431780734053,0,0,0,483,D_pmar=0.054_dist=500_repair_6_males=6_nmar=1,6,1
0.054,9,1000,500,72.23898693805148,284.1854190263465,0,12,1.2,2.662319289556017,483,D_pmar=0.054_dist=500_repair_6_males=6_nmar=1,6,1
0.054,8,0,0,69.66663547945267,286.1958883591028,0,20,2.0000000000000004,2.350159998485677,484,D_pmar=0.054_dist=500_repair_6_males=6_nmar=1,6,1
0,9,0,500,70.25425041684828,253.25626834942813,36.61010658005538,0,0,0,484,D_pmar=0.054_dist=500_repair_6_males=6_nmar=1,6,1
0,9,500,0,72.2441723350609,263.3778276467792,24.46685506292,0,0,0,484,D_pmar=0.054_dist=500_repair_6_males=6_nmar=1,6,1
0,8,500,500,70.7821794591173,270.73106280071676,18.49373193060061,0,0,0,484,D_pmar=0.054_dist=500_repair_6_males=6_nmar=1,6,1
0,7,1000,0,73.32834466277325,256.21066637430755,30.519756964190627,0,0,0,484,D_pmar=0.054_dist=500_repair_6_males=6_nmar=1,6,1
0,13,1000,500,66.93059085637182,280.8588498045347,12.218505058416689,0,0,0,484,D_pmar=0.054_dist=500_repair_6_males=6_nmar=1,6,1
0.054,8,0,0,71.25290167393244,284.4742752730558,0,18,1.8000000000000005,2.60081803378073,485,D_pmar=0.054_dist=500_repair_6_males=6_nmar=1,6,1
0,8,0,500,70.9169820223327,236.36990137606068,52.74040300886085,0,0,0,485,D_pmar=0.054_dist=500_repair_6_males=6_nmar=1,6,1
0,12,500,0,71.15531576801328,252.25083549225013,36.65482829737089,0,0,0,485,D_pmar=0.054_dist=500_repair_6_males=6_nmar=1,6,1
0,6,500,500,68.05422606340956,292.06520082392126,0,0,0,0,485,D_pmar=0.054_dist=500_repair_6_males=6_nmar=1,6,1
0,13,1000,0,73.98074439061755,273.96640520459266,12.078902472999411,0,0,0,485,D_pmar=0.054_dist=500_repair_6_males=6_nmar=1,6,1
0,7,1000,500,68.93294778080487,284.9748767066344,6.145063748055087,0,0,0,485,D_pmar=0.054_dist=500_repair_6_males=6_nmar=1,6,1
0,5,0,0,72.36820108115388,281.6248597997094,6.020385568991358,0,0,0,486,D_pmar=0.054_dist=500_repair_6_males=6_nmar=1,6,1
0,8,0,500,71.76454638580928,269.79512657579363,18.4841925911761,0,0,0,486,D_pmar=0.054_dist=500_repair_6_males=6_nmar=1,6,1
0,13,500,0,70.80303116149307,283.2222864271589,6.101639750270702,0,0,0,486,D_pmar=0.054_dist=500_repair_6_males=6_nmar=1,6,1
0,11,500,500,69.39845895986997,260.20719475480934,30.513703529309204,0,0,0,486,D_pmar=0.054_dist=500_repair_6_males=6_nmar=1,6,1
0,7,1000,0,70.86877800162907,252.69494633449057,36.46223253289735,0,0,0,486,D_pmar=0.054_dist=500_repair_6_males=6_nmar=1,6,1
0.054,10,1000,500,72.76653225544898,283.5481756122057,0,16,1.6000000000000003,2.097856874952998,486,D_pmar=0.054_dist=500_repair_6_males=6_nmar=1,6,1
0,12,0,0,71.07241678661592,264.7514386778234,24.18683603285965,0,0,0,487,D_pmar=0.054_dist=500_repair_6_males=6_nmar=1,6,1
0,8,0,500,70.14575113368483,277.7061553256154,12.22536455317056,0,0,0,487,D_pmar=0.054_dist=500_repair_6_males=6_nmar=1,6,1
0.054,8,500,0,69.24858667382384,285.8322259760525,0,23,2.3000000000000007,2.7916199015381222,487,D_pmar=0.054_dist=500_repair_6_males=6_nmar=1,6,1
0,7,500,500,70.7627475622912,253.0347702482541,36.632824935284575,0,0,0,487,D_pmar=0.054_dist=500_repair_6_males=6_nmar=1,6,1
0,8,1000,0,70.17287255909666,247.37518442236896,42.50936904075166,0,0,0,487,D_pmar=0.054_dist=500_repair_6_males=6_nmar=1,6,1
0,11,1000,500,72.25585466044413,263.872694010145,24.15793333588172,0,0,0,487,D_pmar=0.054_dist=500_repair_6_males=6_nmar=1,6,1
0,4,0,0,72.2505285867363,269.4047201149739,18.48777831688345,0,0,0,488,D_pmar=0.054_dist=500_repair_6_males=6_nmar=1,6,1
0,8,0,500,68.63355947669129,285.40923173452313,6.034575010104804,0,0,0,488,D_pmar=0.054_dist=500_repair_6_males=6_nmar=1,6,1
0.054,9,500,0,73.02701857883464,284.02084294861595,0,9,0.8999999999999999,2.065120449898065,488,D_pmar=0.054_dist=500_repair_6_males=6_nmar=1,6,1
0,8,500,500,71.48982275847273,263.94068820005765,24.705966819695607,0,0,0,488,D_pmar=0.054_dist=500_repair_6_males=6_nmar=1,6,1
0,13,1000,0,68.61716346377862,291.4061701646175,0,0,0,0,488,D_pmar=0.054_dist=500_repair_6_males=6_nmar=1,6,1
0,12,1000,500,72.86698087120267,281.07140604016496,6.1014696807484725,0,0,0,488,D_pmar=0.054_dist=500_repair_6_males=6_nmar=1,6,1
0,14,0,0,69.74095321668955,259.97612175770786,30.39900061724194,0,0,0,489,D_pmar=0.054_dist=500_repair_6_males=6_nmar=1,6,1
0,8,0,500,72.11463304829088,269.70914737872886,18.204626415679744,0,0,0,489,D_pmar=0.054_dist=500_repair_6_males=6_nmar=1,6,1
0,5,500,0,73.18625692613128,225.6226919318705,61.22175843811011,0,0,0,489,D_pmar=0.054_dist=500_repair_6_males=6_nmar=1,6,1
0,10,500,500,72.14442618669702,281.8227029885748,6.067089573802892,0,0,0,489,D_pmar=0.054_dist=500_repair_6_males=6_nmar=1,6,1
0.054,12,1000,0,68.63832565823535,286.98933383696976,0,24,2.400000000000001,2.0882685980462132,489,D_pmar=0.054_dist=500_repair_6_males=6_nmar=1,6,1
0,5,1000,500,68.36092342652405,261.1223472848455,30.58535449759625,0,0,0,489,D_pmar=0.054_dist=500_repair_6_males=6_nmar=1,6,1
0.054,5,0,0,73.59729396314721,281.1773073851056,0,25,2.500000000000001,2.8690075346517254,48,D_pmar=0.054_dist=500_repair_6_males=6_nmar=1,6,1
0,9,0,500,71.67021798472203,251.9074549414823,36.50050956269862,0,0,0,48,D_pmar=0.054_dist=500_repair_6_males=6_nmar=1,6,1
0,11,500,0,75.00741500642327,248.43487308280376,36.79666892567638,0,0,0,48,D_pmar=0.054_dist=500_repair_6_males=6_nmar=1,6,1
0,10,500,500,66.22128983597314,275.5984860295284,18.305799041552916,0,0,0,48,D_pmar=0.054_dist=500_repair_6_males=6_nmar=1,6,1
0,12,1000,0,70.636538400637,228.6513688369144,60.758843946995675,0,0,0,48,D_pmar=0.054_dist=500_repair_6_males=6_nmar=1,6,1
0,7,1000,500,67.48385627893444,292.5292440776118,0,0,0,0,48,D_pmar=0.054_dist=500_repair_6_males=6_nmar=1,6,1
0,6,0,0,70.63920213180981,265.09920347651666,24.415867969846865,0,0,0,490,D_pmar=0.054_dist=500_repair_6_males=6_nmar=1,6,1
0,10,0,500,72.02979177115814,281.91801391945154,6.056321941740097,0,0,0,490,D_pmar=0.054_dist=500_repair_6_males=6_nmar=1,6,1
0.054,6,500,0,69.51743948748073,286.9592278736259,0,18,1.8000000000000005,2.003619194122778,490,D_pmar=0.054_dist=500_repair_6_males=6_nmar=1,6,1
0,11,500,500,74.94675279872685,236.59721527765336,48.50388328457819,0,0,0,490,D_pmar=0.054_dist=500_repair_6_males=6_nmar=1,6,1
0,6,1000,0,73.36071195456097,256.2170543343714,30.44222441817978,0,0,0,490,D_pmar=0.054_dist=500_repair_6_males=6_nmar=1,6,1
0,15,1000,500,71.44098038135995,288.57794522676926,0,0,0,0,490,D_pmar=0.054_dist=500_repair_6_males=6_nmar=1,6,1
0,14,0,0,73.23340253503501,256.4666487448331,30.569894163992934,0,0,0,491,D_pmar=0.054_dist=500_repair_6_males=6_nmar=1,6,1
0.054,9,0,500,74.3899458571261,281.93852705527394,0,16,1.6000000000000003,2.1785346845418543,491,D_pmar=0.054_dist=500_repair_6_males=6_nmar=1,6,1
0,5,500,0,68.94023555318712,272.91024659959646,18.24603376279879,0,0,0,491,D_pmar=0.054_dist=500_repair_6_males=6_nmar=1,6,1
0,8,500,500,71.78802001958209,270.1391694181252,18.383946769537975,0,0,0,491,D_pmar=0.054_dist=500_repair_6_males=6_nmar=1,6,1
0,8,1000,0,72.2512605284148,281.7744434730675,6.271846078996276,0,0,0,491,D_pmar=0.054_dist=500_repair_6_males=6_nmar=1,6,1
0,10,1000,500,67.5018494275838,268.3494619612608,24.339032807535705,0,0,0,491,D_pmar=0.054_dist=500_repair_6_males=6_nmar=1,6,1
0,5,0,0,70.62566581874901,289.47046475764114,0,0,0,0,492,D_pmar=0.054_dist=500_repair_6_males=6_nmar=1,6,1
0,10,0,500,71.59811108630363,276.49796551521865,12.060321107062231,0,0,0,492,D_pmar=0.054_dist=500_repair_6_males=6_nmar=1,6,1
0,12,500,0,72.49955280834183,287.5036992514666,0,0,0,0,492,D_pmar=0.054_dist=500_repair_6_males=6_nmar=1,6,1
0,9,500,500,67.13385208223197,280.82175985886266,12.150379315197268,0,0,0,492,D_pmar=0.054_dist=500_repair_6_males=6_nmar=1,6,1
0,8,1000,0,64.15178631154441,259.23108431597257,36.71085294217691,0,0,0,492,D_pmar=0.054_dist=500_repair_6_males=6_nmar=1,6,1
0.054,10,1000,500,74.92997562847728,281.95797577197607,0,10,1,2.1362099825801364,492,D_pmar=0.054_dist=500_repair_6_males=6_nmar=1,6,1
0,6,0,0,69.41630571178652,254.0897095018552,36.63486626915837,0,0,0,493,D_pmar=0.054_dist=500_repair_6_males=6_nmar=1,6,1
0.054,8,0,500,73.22708872166922,282.8625614702224,0,17,1.7000000000000004,2.211271109596787,493,D_pmar=0.054_dist=500_repair_6_males=6_nmar=1,6,1
0,5,500,0,73.23859055857551,274.70003242782025,12.08064161721108,0,0,0,493,D_pmar=0.054_dist=500_repair_6_males=6_nmar=1,6,1
0,8,500,500,66.62141942874341,274.8493647711979,18.621403632845787,0,0,0,493,D_pmar=0.054_dist=500_repair_6_males=6_nmar=1,6,1
0,14,1000,0,64.7106414819028,295.51531803161316,0,0,0,0,493,D_pmar=0.054_dist=500_repair_6_males=6_nmar=1,6,1
0,13,1000,500,71.62989950094668,251.81409932990456,36.56353158356739,0,0,0,493,D_pmar=0.054_dist=500_repair_6_males=6_nmar=1,6,1
0,6,0,0,74.6197314408104,242.7290788075308,42.653473736157686,0,0,0,494,D_pmar=0.054_dist=500_repair_6_males=6_nmar=1,6,1
0,7,0,500,75.18760335463344,272.90357319611354,12.10771269322241,0,0,0,494,D_pmar=0.054_dist=500_repair_6_males=6_nmar=1,6,1
0,8,500,0,70.03221051823861,216.69566568535737,73.28225036647648,0,0,0,494,D_pmar=0.054_dist=500_repair_6_males=6_nmar=1,6,1
0,14,500,500,73.38731646446902,274.6469410899278,12.18330835186247,0,0,0,494,D_pmar=0.054_dist=500_repair_6_males=6_nmar=1,6,1
0.054,13,1000,0,72.49756180454534,281.94883328951613,0,26,2.600000000000001,3.0406328485955485,494,D_pmar=0.054_dist=500_repair_6_males=6_nmar=1,6,1
0,6,1000,500,72.86196060588524,268.9584001681653,18.453518865727155,0,0,0,494,D_pmar=0.054_dist=500_repair_6_males=6_nmar=1,6,1
0,4,0,0,71.36924182787195,245.87953487128323,42.755025890593096,0,0,0,495,D_pmar=0.054_dist=500_repair_6_males=6_nmar=1,6,1
0.054,9,0,500,69.68663550162728,286.34859170315076,0,18,1.8000000000000005,2.2479791289862994,495,D_pmar=0.054_dist=500_repair_6_males=6_nmar=1,6,1
0,12,500,0,72.08826298097712,275.78873978617816,12.128963654394608,0,0,0,495,D_pmar=0.054_dist=500_repair_6_males=6_nmar=1,6,1
0,8,500,500,67.15025022586516,268.6264905204892,24.23388591056407,0,0,0,495,D_pmar=0.054_dist=500_repair_6_males=6_nmar=1,6,1
0,12,1000,0,73.56374000865462,274.1243538148698,12.314007652932466,0,0,0,495,D_pmar=0.054_dist=500_repair_6_males=6_nmar=1,6,1
0,9,1000,500,72.96754169200729,269.01617012214854,18.124519244284553,0,0,0,495,D_pmar=0.054_dist=500_repair_6_males=6_nmar=1,6,1
0,3,0,0,73.02034500793293,268.8329791917108,18.28326075983056,0,0,0,496,D_pmar=0.054_dist=500_repair_6_males=6_nmar=1,6,1
0,7,0,500,70.25449688003656,277.46121227284414,12.297455330328772,0,0,0,496,D_pmar=0.054_dist=500_repair_6_males=6_nmar=1,6,1
0,8,500,0,74.19495510180826,261.3406238047487,24.53425438034717,0,0,0,496,D_pmar=0.054_dist=500_repair_6_males=6_nmar=1,6,1
0,13,500,500,69.61225992040467,284.2719952491467,6.181901429623356,0,0,0,496,D_pmar=0.054_dist=500_repair_6_males=6_nmar=1,6,1
0.054,9,1000,0,70.41376902815412,286.26071316929637,0,13,1.3,2.261539000227663,496,D_pmar=0.054_dist=500_repair_6_males=6_nmar=1,6,1
0,14,1000,500,70.56394733400441,271.17534399880225,18.370577023903326,0,0,0,496,D_pmar=0.054_dist=500_repair_6_males=6_nmar=1,6,1
0.054,5,0,0,71.17526423691154,284.6170443851646,0,21,2.1000000000000005,2.3326285329097347,497,D_pmar=0.054_dist=500_repair_6_males=6_nmar=1,6,1
0,8,0,500,72.92155620488836,238.20799827318,49.06598087258526,0,0,0,497,D_pmar=0.054_dist=500_repair_6_males=6_nmar=1,6,1
0,10,500,0,70.45955886420003,271.24572689278244,18.430001448688945,0,0,0,497,D_pmar=0.054_dist=500_repair_6_males=6_nmar=1,6,1
0,7,500,500,71.474232950294,276.4644597345889,12.120826667874812,0,0,0,497,D_pmar=0.054_dist=500_repair_6_males=6_nmar=1,6,1
0,14,1000,0,70.58172319545682,271.0216833567147,18.574325236867654,0,0,0,497,D_pmar=0.054_dist=500_repair_6_males=6_nmar=1,6,1
0,10,1000,500,67.98702704884865,267.3316258558102,24.750349806970473,0,0,0,497,D_pmar=0.054_dist=500_repair_6_males=6_nmar=1,6,1
0,10,0,0,71.46742055378638,282.5842982215818,6.058688795076122,0,0,0,498,D_pmar=0.054_dist=500_repair_6_males=6_nmar=1,6,1
0,11,0,500,71.0739341816982,276.597735730424,12.330296551054667,0,0,0,498,D_pmar=0.054_dist=500_repair_6_males=6_nmar=1,6,1
0.054,10,500,0,71.61319995081296,283.8170021930002,0,22,2.2000000000000006,2.453985956222682,498,D_pmar=0.054_dist=500_repair_6_males=6_nmar=1,6,1
0,6,500,500,68.38665979764622,230.67337957545067,61.10101427015124,0,0,0,498,D_pmar=0.054_dist=500_repair_6_males=6_nmar=1,6,1
0,6,1000,0,69.14460537343783,260.75011611588917,30.12326044485317,0,0,0,498,D_pmar=0.054_dist=500_repair_6_males=6_nmar=1,6,1
0,11,1000,500,68.93137742180491,266.7167377820134,24.38253141668893,0,0,0,498,D_pmar=0.054_dist=500_repair_6_males=6_nmar=1,6,1
0,8,0,0,70.16204971686204,265.43278380884254,24.557315809106328,0,0,0,499,D_pmar=0.054_dist=500_repair_6_males=6_nmar=1,6,1
0,9,0,500,70.20694935817232,271.42209406564365,18.384250345559792,0,0,0,499,D_pmar=0.054_dist=500_repair_6_males=6_nmar=1,6,1
0,8,500,0,72.44595551878712,263.2749221733158,24.378070515220955,0,0,0,499,D_pmar=0.054_dist=500_repair_6_males=6_nmar=1,6,1
0,12,500,500,69.73941755921561,265.9161305825659,24.37002761877188,0,0,0,499,D_pmar=0.054_dist=500_repair_6_males=6_nmar=1,6,1
0,11,1000,0,70.24872390524524,277.6948922650753,12.1075339878864,0,0,0,499,D_pmar=0.054_dist=500_repair_6_males=6_nmar=1,6,1
0.054,6,1000,500,68.35723342699542,287.3238887146272,0,17,1.7000000000000004,2.722175457093677,499,D_pmar=0.054_dist=500_repair_6_males=6_nmar=1,6,1
0.054,6,0,0,71.68355830693308,283.90389307088543,0,19,1.9000000000000008,2.7301186457628357,49,D_pmar=0.054_dist=500_repair_6_males=6_nmar=1,6,1
0,6,0,500,70.45257067024308,265.25405258323866,24.379049551184117,0,0,0,49,D_pmar=0.054_dist=500_repair_6_males=6_nmar=1,6,1
0,5,500,0,70.62875412473959,271.2106952530126,18.22798782594336,0,0,0,49,D_pmar=0.054_dist=500_repair_6_males=6_nmar=1,6,1
0,14,500,500,68.18479752831726,279.658308719292,12.298364983121916,0,0,0,49,D_pmar=0.054_dist=500_repair_6_males=6_nmar=1,6,1
0,12,1000,0,68.2110702344082,262.14959491548495,29.695296657777437,0,0,0,49,D_pmar=0.054_dist=500_repair_6_males=6_nmar=1,6,1
0,11,1000,500,72.37450064686108,257.3713817154975,30.376110315558066,0,0,0,49,D_pmar=0.054_dist=500_repair_6_males=6_nmar=1,6,1
0.054,6,0,0,68.04210436620704,288.1703547626334,0,16,1.6000000000000003,2.413987760357917,500,D_pmar=0.054_dist=500_repair_6_males=6_nmar=1,6,1
0,9,0,500,71.53056130307765,257.8455337500317,30.758021484882903,0,0,0,500,D_pmar=0.054_dist=500_repair_6_males=6_nmar=1,6,1
0,15,500,0,70.44612045214575,283.5300633259087,6.028089286926258,0,0,0,500,D_pmar=0.054_dist=500_repair_6_males=6_nmar=1,6,1
0,5,500,500,68.65204960714054,267.1770396206647,24.358166832062455,0,0,0,500,D_pmar=0.054_dist=500_repair_6_males=6_nmar=1,6,1
0,11,1000,0,66.55396721719603,256.84782795779756,36.624517423593375,0,0,0,500,D_pmar=0.054_dist=500_repair_6_males=6_nmar=1,6,1
0,8,1000,500,68.64016918265233,291.3622575277181,0,0,0,0,500,D_pmar=0.054_dist=500_repair_6_males=6_nmar=1,6,1
0.054,9,0,0,70.34309849285303,285.27079229745993,0,20,2.0000000000000004,2.596846439446151,501,D_pmar=0.054_dist=500_repair_6_males=6_nmar=1,6,1
0,16,0,500,70.23080462144956,259.43955934615406,30.43988094121255,0,0,0,501,D_pmar=0.054_dist=500_repair_6_males=6_nmar=1,6,1
0,5,500,0,74.90901637333153,260.8271445847338,24.460651191632145,0,0,0,501,D_pmar=0.054_dist=500_repair_6_males=6_nmar=1,6,1
0,8,500,500,68.87829896165258,279.19378834678105,12.161867927515251,0,0,0,501,D_pmar=0.054_dist=500_repair_6_males=6_nmar=1,6,1
0,10,1000,0,70.90187566019813,258.8180654807861,30.284400499524413,0,0,0,501,D_pmar=0.054_dist=500_repair_6_males=6_nmar=1,6,1
0,6,1000,500,71.50954249146332,263.99453046125734,24.537070656080136,0,0,0,501,D_pmar=0.054_dist=500_repair_6_males=6_nmar=1,6,1
0,5,0,0,67.90834980045064,286.06996959587144,6.022328470023815,0,0,0,502,D_pmar=0.054_dist=500_repair_6_males=6_nmar=1,6,1
0,12,0,500,73.14810533219682,256.3630367323988,30.70453726259769,0,0,0,502,D_pmar=0.054_dist=500_repair_6_males=6_nmar=1,6,1
0,14,500,0,70.95746725761178,276.62477218140964,12.453254801176431,0,0,0,502,D_pmar=0.054_dist=500_repair_6_males=6_nmar=1,6,1
0,7,500,500,68.31478066025397,279.4247605272969,12.370054420577675,0,0,0,502,D_pmar=0.054_dist=500_repair_6_males=6_nmar=1,6,1
0,12,1000,0,70.81370758893009,246.3733144441269,42.90150972291266,0,0,0,502,D_pmar=0.054_dist=500_repair_6_males=6_nmar=1,6,1
0.054,4,1000,500,67.6077879624132,288.62285999225674,0,17,1.7000000000000004,2.232774169507309,502,D_pmar=0.054_dist=500_repair_6_males=6_nmar=1,6,1
0,12,0,0,76.05002316136078,277.9594181392746,6.091313145077171,0,0,0,503,D_pmar=0.054_dist=500_repair_6_males=6_nmar=1,6,1
0,7,0,500,78.4883257487683,245.2534544618619,36.391833938495395,0,0,0,503,D_pmar=0.054_dist=500_repair_6_males=6_nmar=1,6,1
0,9,500,0,70.18282558209921,253.37156762307325,36.53917509295657,0,0,0,503,D_pmar=0.054_dist=500_repair_6_males=6_nmar=1,6,1
0,9,500,500,69.33265477840786,272.40921504278293,18.519562270715603,0,0,0,503,D_pmar=0.054_dist=500_repair_6_males=6_nmar=1,6,1
0,6,1000,0,72.84711731343849,256.5440784723388,30.785078545879827,0,0,0,503,D_pmar=0.054_dist=500_repair_6_males=6_nmar=1,6,1
0.054,11,1000,500,68.35864182838604,286.85308781672546,0,21,2.1000000000000005,2.7492951995764043,503,D_pmar=0.054_dist=500_repair_6_males=6_nmar=1,6,1
0.054,13,0,0,70.65403265234119,284.1259631817447,0,22,2.2000000000000006,3.0965174217986293,504,D_pmar=0.054_dist=500_repair_6_males=6_nmar=1,6,1
0,7,0,500,72.00490880858835,251.5637788361218,36.448418297245446,0,0,0,504,D_pmar=0.054_dist=500_repair_6_males=6_nmar=1,6,1
0,11,500,0,70.42570631969473,254.3705476986904,35.437257623012236,0,0,0,504,D_pmar=0.054_dist=500_repair_6_males=6_nmar=1,6,1
0,6,500,500,70.10400838783863,259.5955756436374,30.347457667520032,0,0,0,504,D_pmar=0.054_dist=500_repair_6_males=6_nmar=1,6,1
0,6,1000,0,71.27490976279448,270.68724632245505,18.19339120564136,0,0,0,504,D_pmar=0.054_dist=500_repair_6_males=6_nmar=1,6,1
0,11,1000,500,71.94983037820649,276.1223916761235,12.041827434004402,0,0,0,504,D_pmar=0.054_dist=500_repair_6_males=6_nmar=1,6,1
0,8,0,0,69.98390392133084,259.2579378370038,30.834911717250513,0,0,0,505,D_pmar=0.054_dist=500_repair_6_males=6_nmar=1,6,1
0,12,0,500,70.56471577966421,283.3297626569005,6.150925894684817,0,0,0,505,D_pmar=0.054_dist=500_repair_6_males=6_nmar=1,6,1
0,2,500,0,72.63772996222978,238.31726571187295,49.10416646650312,0,0,0,505,D_pmar=0.054_dist=500_repair_6_males=6_nmar=1,6,1
0,7,500,500,71.7226463871896,276.2467710629739,12.152209493881676,0,0,0,505,D_pmar=0.054_dist=500_repair_6_males=6_nmar=1,6,1
0.054,12,1000,0,71.16060271282358,284.22828334560364,0,22,2.2000000000000006,2.4642556509887923,505,D_pmar=0.054_dist=500_repair_6_males=6_nmar=1,6,1
0,13,1000,500,71.08769104434799,252.232117573952,36.732208576327835,0,0,0,505,D_pmar=0.054_dist=500_repair_6_males=6_nmar=1,6,1
0,9,0,0,69.88630839538455,259.463355563721,30.669640692893573,0,0,0,506,D_pmar=0.054_dist=500_repair_6_males=6_nmar=1,6,1
0,10,0,500,69.93398131793016,277.9837188169657,12.099117432498543,0,0,0,506,D_pmar=0.054_dist=500_repair_6_males=6_nmar=1,6,1
0,8,500,0,74.10776634148627,273.5767939925634,12.325592190942375,0,0,0,506,D_pmar=0.054_dist=500_repair_6_males=6_nmar=1,6,1
0,8,500,500,69.08274815599799,272.77921915194827,18.162563971888773,0,0,0,506,D_pmar=0.054_dist=500_repair_6_males=6_nmar=1,6,1
0,15,1000,0,73.80955553987282,261.2596356086986,25.002859322433743,0,0,0,506,D_pmar=0.054_dist=500_repair_6_males=6_nmar=1,6,1
0.054,4,1000,500,72.49612484708167,283.3781393750237,0,17,1.7000000000000004,2.579314973870208,506,D_pmar=0.054_dist=500_repair_6_males=6_nmar=1,6,1
0,9,0,0,73.89603357951104,255.6999639640416,30.580697300847987,0,0,0,507,D_pmar=0.054_dist=500_repair_6_males=6_nmar=1,6,1
0.054,16,0,500,71.60113710243077,283.78433413984004,0,17,1.7000000000000004,2.9920100462022994,507,D_pmar=0.054_dist=500_repair_6_males=6_nmar=1,6,1
0,8,500,0,67.98120646228938,286.05239787620434,6.18797892673585,0,0,0,507,D_pmar=0.054_dist=500_repair_6_males=6_nmar=1,6,1
0,10,500,500,70.68391237032353,259.0605159630329,30.464635424387694,0,0,0,507,D_pmar=0.054_dist=500_repair_6_males=6_nmar=1,6,1
0,6,1000,0,71.31133697694511,270.3173689535232,18.465791503582206,0,0,0,507,D_pmar=0.054_dist=500_repair_6_males=6_nmar=1,6,1
0,5,1000,500,71.22635065123166,270.6244547329089,18.235313527367538,0,0,0,507,D_pmar=0.054_dist=500_repair_6_males=6_nmar=1,6,1
0,14,0,0,73.68176245719486,262.1070593874375,24.380676396693335,0,0,0,508,D_pmar=0.054_dist=500_repair_6_males=6_nmar=1,6,1
0.054,9,0,500,73.16052543319073,282.4256205048083,0,16,1.6000000000000003,2.967216809816524,508,D_pmar=0.054_dist=500_repair_6_males=6_nmar=1,6,1
0,5,500,0,68.43233756408488,279.67197691748703,12.156429235744836,0,0,0,508,D_pmar=0.054_dist=500_repair_6_males=6_nmar=1,6,1
0,9,500,500,68.9167555597682,266.6808358850871,24.54483442303685,0,0,0,508,D_pmar=0.054_dist=500_repair_6_males=6_nmar=1,6,1
0,10,1000,0,71.12915226831534,282.92621068186276,6.290535374361182,0,0,0,508,D_pmar=0.054_dist=500_repair_6_males=6_nmar=1,6,1
0,7,1000,500,68.4020974398676,260.99779490610575,30.786047297982535,0,0,0,508,D_pmar=0.054_dist=500_repair_6_males=6_nmar=1,6,1
0,8,0,0,71.6027348402233,276.3898305603365,12.130877615515423,0,0,0,509,D_pmar=0.054_dist=500_repair_6_males=6_nmar=1,6,1
0,7,0,500,70.22824137868633,283.861631115247,6.005886668944239,0,0,0,509,D_pmar=0.054_dist=500_repair_6_males=6_nmar=1,6,1
0,13,500,0,69.69738609092538,265.8589377112239,24.586349023160135,0,0,0,509,D_pmar=0.054_dist=500_repair_6_males=6_nmar=1,6,1
0.054,10,500,500,70.3831377901896,285.5947343840527,0,17,1.7000000000000004,2.3700179701585724,509,D_pmar=0.054_dist=500_repair_6_males=6_nmar=1,6,1
0,9,1000,0,67.56861448038453,267.98915433357564,24.563537271681746,0,0,0,509,D_pmar=0.054_dist=500_repair_6_males=6_nmar=1,6,1
0,7,1000,500,73.5521786910309,252.8576628286797,33.8975019558323,0,0,0,509,D_pmar=0.054_dist=500_repair_6_males=6_nmar=1,6,1
0,13,0,0,71.31503694953783,252.08263842313275,36.60270419614372,0,0,0,50,D_pmar=0.054_dist=500_repair_6_males=6_nmar=1,6,1
0,4,0,500,74.31022803588633,273.6662480102256,12.101290907495915,0,0,0,50,D_pmar=0.054_dist=500_repair_6_males=6_nmar=1,6,1
0.054,11,500,0,69.46012298640076,286.2429197459588,0,22,2.2000000000000006,2.2040093387869555,50,D_pmar=0.054_dist=500_repair_6_males=6_nmar=1,6,1
0,8,500,500,70.90617688146025,246.20296761737615,43.05930869966848,0,0,0,50,D_pmar=0.054_dist=500_repair_6_males=6_nmar=1,6,1
0,6,1000,0,68.96095324437646,260.672135002323,30.511346987198145,0,0,0,50,D_pmar=0.054_dist=500_repair_6_males=6_nmar=1,6,1
0,12,1000,500,69.79308196582247,277.95879432129306,12.279626514796355,0,0,0,50,D_pmar=0.054_dist=500_repair_6_males=6_nmar=1,6,1
0.054,6,0,0,71.32560876730626,284.9047212977434,0,14,1.4,2.4500143618881025,510,D_pmar=0.054_dist=500_repair_6_males=6_nmar=1,6,1
0,8,0,500,69.4671453913853,278.54621204153904,12.1524723551877,0,0,0,510,D_pmar=0.054_dist=500_repair_6_males=6_nmar=1,6,1
0,10,500,0,72.1011161724736,263.7611660182754,24.389436247879193,0,0,0,510,D_pmar=0.054_dist=500_repair_6_males=6_nmar=1,6,1
0,11,500,500,68.77155863864218,281.4646459832451,10.004450990039915,0,0,0,510,D_pmar=0.054_dist=500_repair_6_males=6_nmar=1,6,1
0,8,1000,0,71.77886002123535,276.04613918262254,12.23070535061836,0,0,0,510,D_pmar=0.054_dist=500_repair_6_males=6_nmar=1,6,1
0,11,1000,500,68.729769961946,267.1891487247244,24.340506960436446,0,0,0,510,D_pmar=0.054_dist=500_repair_6_males=6_nmar=1,6,1
0,8,0,0,74.06425233260197,255.55684277287403,30.413588379114376,0,0,0,511,D_pmar=0.054_dist=500_repair_6_males=6_nmar=1,6,1
0,10,0,500,67.10519136636371,274.68256300055214,18.262616595464937,0,0,0,511,D_pmar=0.054_dist=500_repair_6_males=6_nmar=1,6,1
0.054,6,500,0,72.90367145708773,282.17611863089303,0,22,2.2000000000000006,2.7436785170042,511,D_pmar=0.054_dist=500_repair_6_males=6_nmar=1,6,1
0,10,500,500,68.83928412649293,260.6891986805087,30.53068804190281,0,0,0,511,D_pmar=0.054_dist=500_repair_6_males=6_nmar=1,6,1
0,8,1000,0,69.2420042863511,254.05014776905705,36.72469097003001,0,0,0,511,D_pmar=0.054_dist=500_repair_6_males=6_nmar=1,6,1
0,12,1000,500,74.68295895494833,266.78610482318027,18.535250025628564,0,0,0,511,D_pmar=0.054_dist=500_repair_6_males=6_nmar=1,6,1
0.054,6,0,0,69.68349470953244,286.5565235605555,0,11,1.1,2.7046439915177345,512,D_pmar=0.054_dist=500_repair_6_males=6_nmar=1,6,1
0,11,0,500,71.08846539823715,270.75607183117813,18.243724183983396,0,0,0,512,D_pmar=0.054_dist=500_repair_6_males=6_nmar=1,6,1
0,9,500,0,70.83823773228463,289.22666153512245,0,0,0,0,512,D_pmar=0.054_dist=500_repair_6_males=6_nmar=1,6,1
0,7,500,500,69.23407425677624,266.5706319184316,24.283737269153846,0,0,0,512,D_pmar=0.054_dist=500_repair_6_males=6_nmar=1,6,1
0,8,1000,0,67.11376971196577,274.54701420068415,18.344497638227107,0,0,0,512,D_pmar=0.054_dist=500_repair_6_males=6_nmar=1,6,1
0,13,1000,500,68.79760991684218,285.2989154330824,6.063312612035834,0,0,0,512,D_pmar=0.054_dist=500_repair_6_males=6_nmar=1,6,1
0,5,0,0,67.68976755336917,253.99725245492664,38.49804820122247,0,0,0,513,D_pmar=0.054_dist=500_repair_6_males=6_nmar=1,6,1
0.054,8,0,500,68.77386957282181,286.9266947931674,0,18,1.8000000000000005,2.5257569067640797,513,D_pmar=0.054_dist=500_repair_6_males=6_nmar=1,6,1
0,9,500,0,70.49691262054567,283.7234858507766,6.046998467689754,0,0,0,513,D_pmar=0.054_dist=500_repair_6_males=6_nmar=1,6,1
0,9,500,500,67.02230937007354,262.50396553070925,30.490495583995237,0,0,0,513,D_pmar=0.054_dist=500_repair_6_males=6_nmar=1,6,1
0,14,1000,0,73.42453233317227,268.50084692791717,18.351542283654815,0,0,0,513,D_pmar=0.054_dist=500_repair_6_males=6_nmar=1,6,1
0,9,1000,500,66.21545514871917,281.57538970341943,12.224180054581897,0,0,0,513,D_pmar=0.054_dist=500_repair_6_males=6_nmar=1,6,1
0,11,0,0,73.85201562422608,231.55299076249463,54.627962640679605,0,0,0,514,D_pmar=0.054_dist=500_repair_6_males=6_nmar=1,6,1
0,12,0,500,72.6247050706667,281.44722962799256,6.11675984002865,0,0,0,514,D_pmar=0.054_dist=500_repair_6_males=6_nmar=1,6,1
0.054,12,500,0,68.71521141557753,285.8991395496454,0,25,2.500000000000001,2.95762853290974,514,D_pmar=0.054_dist=500_repair_6_males=6_nmar=1,6,1
0,5,500,500,73.55922614800205,268.2510605517382,18.291057037179648,0,0,0,514,D_pmar=0.054_dist=500_repair_6_males=6_nmar=1,6,1
0,9,1000,0,68.65142702275988,242.6766195894889,48.86205532328437,0,0,0,514,D_pmar=0.054_dist=500_repair_6_males=6_nmar=1,6,1
0,5,1000,500,70.2395542337455,265.3766597773449,24.438537383333024,0,0,0,514,D_pmar=0.054_dist=500_repair_6_males=6_nmar=1,6,1
0,9,0,0,70.83999445559762,264.61818691532517,24.658416616007884,0,0,0,515,D_pmar=0.054_dist=500_repair_6_males=6_nmar=1,6,1
0.054,12,0,500,72.62725201338922,282.6062147444057,0,21,2.1000000000000005,2.7086155858523133,515,D_pmar=0.054_dist=500_repair_6_males=6_nmar=1,6,1
0,7,500,0,73.29854058745335,262.24376348701634,24.460447577191832,0,0,0,515,D_pmar=0.054_dist=500_repair_6_males=6_nmar=1,6,1
0,4,500,500,70.03622366067634,253.4382252468264,36.62398662541534,0,0,0,515,D_pmar=0.054_dist=500_repair_6_males=6_nmar=1,6,1
0,16,1000,0,71.18802907202846,270.8721005671499,18.04247865047338,0,0,0,515,D_pmar=0.054_dist=500_repair_6_males=6_nmar=1,6,1
0,6,1000,500,69.28649004436267,266.5820329196211,24.33794052806197,0,0,0,515,D_pmar=0.054_dist=500_repair_6_males=6_nmar=1,6,1
0,8,0,0,74.39816799796786,242.54975410269572,43.0541105988881,0,0,0,516,D_pmar=0.054_dist=500_repair_6_males=6_nmar=1,6,1
0.054,10,0,500,70.18763519295823,286.103300564652,0,15,1.5000000000000002,2.3716630583961993,516,D_pmar=0.054_dist=500_repair_6_males=6_nmar=1,6,1
0,9,500,0,70.22648584592638,283.89465001231554,6.021932440191529,0,0,0,516,D_pmar=0.054_dist=500_repair_6_males=6_nmar=1,6,1
0,6,500,500,72.78716181905138,268.9429505836801,18.320188725582835,0,0,0,516,D_pmar=0.054_dist=500_repair_6_males=6_nmar=1,6,1
0,10,1000,0,71.3954019785195,276.5083887257816,12.250659074025846,0,0,0,516,D_pmar=0.054_dist=500_repair_6_males=6_nmar=1,6,1
0,11,1000,500,74.74339175745486,273.17989968864504,12.092329557489377,0,0,0,516,D_pmar=0.054_dist=500_repair_6_males=6_nmar=1,6,1
0,9,0,0,70.73498234990383,271.23360721688096,18.242938840784024,0,0,0,517,D_pmar=0.054_dist=500_repair_6_males=6_nmar=1,6,1
0.054,10,0,500,71.06730195259475,285.53339397713427,0,13,1.3,2.3845415117782367,517,D_pmar=0.054_dist=500_repair_6_males=6_nmar=1,6,1
0,10,500,0,70.14447108562847,283.66124866211595,6.279663166688955,0,0,0,517,D_pmar=0.054_dist=500_repair_6_males=6_nmar=1,6,1
0,9,500,500,72.07822330572044,263.54964650248274,24.45839441744325,0,0,0,517,D_pmar=0.054_dist=500_repair_6_males=6_nmar=1,6,1
0,6,1000,0,72.00236659854635,269.7800297193912,18.263051450149938,0,0,0,517,D_pmar=0.054_dist=500_repair_6_males=6_nmar=1,6,1
0,10,1000,500,68.05208252114177,279.84540939963887,12.279717432472886,0,0,0,517,D_pmar=0.054_dist=500_repair_6_males=6_nmar=1,6,1
0,6,0,0,69.67532582763744,272.0291571227581,18.366487954301427,0,0,0,518,D_pmar=0.054_dist=500_repair_6_males=6_nmar=1,6,1
0,8,0,500,72.99984551921722,262.5965937211449,24.4107921343512,0,0,0,518,D_pmar=0.054_dist=500_repair_6_males=6_nmar=1,6,1
0,14,500,0,66.80620485307743,268.77524099024055,24.43184139934214,0,0,0,518,D_pmar=0.054_dist=500_repair_6_males=6_nmar=1,6,1
0.054,8,500,500,68.53508325710662,287.43961016910544,0,19,1.9000000000000008,2.1441531712492945,518,D_pmar=0.054_dist=500_repair_6_males=6_nmar=1,6,1
0,10,1000,0,67.86996312508288,280.2357949405975,12.140333948879151,0,0,0,518,D_pmar=0.054_dist=500_repair_6_males=6_nmar=1,6,1
0,8,1000,500,75.26304297024922,248.2274617726845,36.52451498242118,0,0,0,518,D_pmar=0.054_dist=500_repair_6_males=6_nmar=1,6,1
0.054,10,0,0,67.34195339162062,288.2100894999613,0,22,2.2000000000000006,2.276743959706653,519,D_pmar=0.054_dist=500_repair_6_males=6_nmar=1,6,1
0,11,0,500,72.67591273020791,260.600564457612,26.917899899669028,0,0,0,519,D_pmar=0.054_dist=500_repair_6_males=6_nmar=1,6,1
0,3,500,0,73.20559177323985,244.23373427160865,42.71534203298057,0,0,0,519,D_pmar=0.054_dist=500_repair_6_males=6_nmar=1,6,1
0,8,500,500,73.31717129543102,274.58570664052803,12.162637714434688,0,0,0,519,D_pmar=0.054_dist=500_repair_6_males=6_nmar=1,6,1
0,9,1000,0,70.8823386712443,258.59460960673374,30.653326493146544,0,0,0,519,D_pmar=0.054_dist=500_repair_6_males=6_nmar=1,6,1
0,13,1000,500,67.92474694302943,273.7969456126421,18.344823938609053,0,0,0,519,D_pmar=0.054_dist=500_repair_6_males=6_nmar=1,6,1
0,11,0,0,71.87687971699707,233.2829073400841,54.995508209784134,0,0,0,51,D_pmar=0.054_dist=500_repair_6_males=6_nmar=1,6,1
0,8,0,500,72.25896791629232,275.34084307978753,12.450763341670832,0,0,0,51,D_pmar=0.054_dist=500_repair_6_males=6_nmar=1,6,1
0.054,5,500,0,70.83528298819482,284.6856625180608,0,26,2.600000000000001,2.109090240097409,51,D_pmar=0.054_dist=500_repair_6_males=6_nmar=1,6,1
0,11,500,500,68.8373494181042,254.75179706850463,36.45163156592702,0,0,0,51,D_pmar=0.054_dist=500_repair_6_males=6_nmar=1,6,1
0,13,1000,0,66.19371491449269,256.78750309667265,37.04356212639477,0,0,0,51,D_pmar=0.054_dist=500_repair_6_males=6_nmar=1,6,1
0,6,1000,500,73.35765932918716,268.4587988801683,18.29078832603592,0,0,0,51,D_pmar=0.054_dist=500_repair_6_males=6_nmar=1,6,1
0,9,0,0,73.17206407805898,268.4643040300777,18.485033917863,0,0,0,520,D_pmar=0.054_dist=500_repair_6_males=6_nmar=1,6,1
0,5,0,500,69.1543126271583,278.86379925025255,12.135696319264149,0,0,0,520,D_pmar=0.054_dist=500_repair_6_males=6_nmar=1,6,1
0,9,500,0,73.76599294400472,268.1348748221506,18.341412519051087,0,0,0,520,D_pmar=0.054_dist=500_repair_6_males=6_nmar=1,6,1
0,11,500,500,70.45257756080828,277.07209918906807,12.57000204104077,0,0,0,520,D_pmar=0.054_dist=500_repair_6_males=6_nmar=1,6,1
0,8,1000,0,68.38963314735264,279.5082735052936,12.12808602100389,0,0,0,520,D_pmar=0.054_dist=500_repair_6_males=6_nmar=1,6,1
0.054,12,1000,500,67.5540714808041,289.308078355008,0,12,1.2,2.130593300007931,520,D_pmar=0.054_dist=500_repair_6_males=6_nmar=1,6,1
0,9,0,0,71.74801521444995,264.17460631904714,24.28725291914925,0,0,0,521,D_pmar=0.054_dist=500_repair_6_males=6_nmar=1,6,1
0,8,0,500,71.74967839822374,269.92639433396283,18.488243641836828,0,0,0,521,D_pmar=0.054_dist=500_repair_6_males=6_nmar=1,6,1
0,10,500,0,71.29361724671476,264.31374739354163,24.45540814521391,0,0,0,521,D_pmar=0.054_dist=500_repair_6_males=6_nmar=1,6,1
0,8,500,500,72.800012569874,281.0920646926154,6.114696444370279,0,0,0,521,D_pmar=0.054_dist=500_repair_6_males=6_nmar=1,6,1
0.054,13,1000,0,68.65149674429591,287.4530098032318,0,18,1.8000000000000005,2.2192142982659453,521,D_pmar=0.054_dist=500_repair_6_males=6_nmar=1,6,1
0,6,1000,500,70.67190232125759,253.0904411739816,36.41111596760362,0,0,0,521,D_pmar=0.054_dist=500_repair_6_males=6_nmar=1,6,1
0,13,0,0,76.02836135755703,265.72164181515376,18.25906047686662,0,0,0,522,D_pmar=0.054_dist=500_repair_6_males=6_nmar=1,6,1
0.054,7,0,500,74.4082304477677,281.6892562004145,0,16,1.6000000000000003,2.3733081466338253,522,D_pmar=0.054_dist=500_repair_6_males=6_nmar=1,6,1
0,9,500,0,72.1204402357848,275.8483549147941,12.15554561874643,0,0,0,522,D_pmar=0.054_dist=500_repair_6_males=6_nmar=1,6,1
0,8,500,500,69.73345751676155,247.7840821975332,42.56446951829881,0,0,0,522,D_pmar=0.054_dist=500_repair_6_males=6_nmar=1,6,1
0,13,1000,0,75.95752779987338,278.01116878437136,6.049593907507124,0,0,0,522,D_pmar=0.054_dist=500_repair_6_males=6_nmar=1,6,1
0,4,1000,500,69.3354011089297,272.34100852784746,18.377992961487745,0,0,0,522,D_pmar=0.054_dist=500_repair_6_males=6_nmar=1,6,1
0,10,0,0,68.88324737676288,242.5874328519972,48.547605178960005,0,0,0,523,D_pmar=0.054_dist=500_repair_6_males=6_nmar=1,6,1
0.054,9,0,500,66.1331421668061,288.24112749617217,0,31,3.1000000000000014,2.562464926153591,523,D_pmar=0.054_dist=500_repair_6_males=6_nmar=1,6,1
0,12,500,0,72.73392085231427,281.05304978792407,6.232770950352446,0,0,0,523,D_pmar=0.054_dist=500_repair_6_males=6_nmar=1,6,1
0,6,500,500,69.81014933107352,223.0165966093994,67.2004993518004,0,0,0,523,D_pmar=0.054_dist=500_repair_6_males=6_nmar=1,6,1
0,8,1000,0,71.70629417964044,270.32902873337326,18.04223169126227,0,0,0,523,D_pmar=0.054_dist=500_repair_6_males=6_nmar=1,6,1
0,9,1000,500,72.96811602856427,238.2400095192887,48.91462200825109,0,0,0,523,D_pmar=0.054_dist=500_repair_6_males=6_nmar=1,6,1
0,6,0,0,71.0613266815139,289.03681412908526,0,0,0,0,524,D_pmar=0.054_dist=500_repair_6_males=6_nmar=1,6,1
0,5,0,500,69.29254159736843,278.75005961514495,12.097756122445473,0,0,0,524,D_pmar=0.054_dist=500_repair_6_males=6_nmar=1,6,1
0,13,500,0,71.42885192100927,269.8458161072475,18.91711904785418,0,0,0,524,D_pmar=0.054_dist=500_repair_6_males=6_nmar=1,6,1
0.054,14,500,500,73.47263622370647,283.2748676147933,0,13,1.3,2.1864778732110124,524,D_pmar=0.054_dist=500_repair_6_males=6_nmar=1,6,1
0,6,1000,0,67.82695346698556,274.112161982194,18.159876673934885,0,0,0,524,D_pmar=0.054_dist=500_repair_6_males=6_nmar=1,6,1
0,10,1000,500,69.2276559146047,266.70771944458295,24.142762791044163,0,0,0,524,D_pmar=0.054_dist=500_repair_6_males=6_nmar=1,6,1
0,9,0,0,71.56318383063612,251.8268853897701,36.61830374775308,0,0,0,525,D_pmar=0.054_dist=500_repair_6_males=6_nmar=1,6,1
0,7,0,500,70.74662844488344,270.6606078778951,18.63146315894859,0,0,0,525,D_pmar=0.054_dist=500_repair_6_males=6_nmar=1,6,1
0,8,500,0,67.4584971369556,274.30564895031057,18.334567600306976,0,0,0,525,D_pmar=0.054_dist=500_repair_6_males=6_nmar=1,6,1
0,9,500,500,73.74657514582161,274.1334984076108,12.171546327510644,0,0,0,525,D_pmar=0.054_dist=500_repair_6_males=6_nmar=1,6,1
0.054,13,1000,0,69.58002129024527,286.08298431795106,0,18,1.8000000000000005,2.6104063106875146,525,D_pmar=0.054_dist=500_repair_6_males=6_nmar=1,6,1
0,8,1000,500,73.62252253187806,264.9514053632077,21.58215087916257,0,0,0,525,D_pmar=0.054_dist=500_repair_6_males=6_nmar=1,6,1
0,14,0,0,67.29136281979713,280.81774240170154,12.015636821152222,0,0,0,526,D_pmar=0.054_dist=500_repair_6_males=6_nmar=1,6,1
0,11,0,500,68.93912642446368,242.21493304106815,49.05671048231406,0,0,0,526,D_pmar=0.054_dist=500_repair_6_males=6_nmar=1,6,1
0,5,500,0,71.42909718728443,288.6860043811807,0,0,0,0,526,D_pmar=0.054_dist=500_repair_6_males=6_nmar=1,6,1
0,5,500,500,72.07146848963077,238.81164941764408,49.28301474277924,0,0,0,526,D_pmar=0.054_dist=500_repair_6_males=6_nmar=1,6,1
0,9,1000,0,69.62168421392586,278.2870499937374,12.091666308679416,0,0,0,526,D_pmar=0.054_dist=500_repair_6_males=6_nmar=1,6,1
0.054,10,1000,500,73.24236393499828,282.05889545746044,0,20,2.0000000000000004,2.7588834764831893,526,D_pmar=0.054_dist=500_repair_6_males=6_nmar=1,6,1
0,13,0,0,67.66463678284488,274.0168011379854,18.384132133324556,0,0,0,527,D_pmar=0.054_dist=500_repair_6_males=6_nmar=1,6,1
0.054,11,0,500,71.416364432539865,285.5312179364815,0,11,1.1,2.0300575187461796,527,D_pmar=0.054_dist=500_repair_6_males=6_nmar=1,6,1
0,4,500,0,68.96262860642133,284.9566048725352,6.0826420593203485,0,0,0,527,D_pmar=0.054_dist=500_repair_6_males=6_nmar=1,6,1
0,10,500,500,69.80612655152382,266.15554794065497,24.34080365957393,0,0,0,527,D_pmar=0.054_dist=500_repair_6_males=6_nmar=1,6,1
0,11,1000,0,68.88934690235551,285.08868517629173,6.0236934766010295,0,0,0,527,D_pmar=0.054_dist=500_repair_6_males=6_nmar=1,6,1
0,5,1000,500,70.69470371492402,277.06437362405546,12.276631090247358,0,0,0,527,D_pmar=0.054_dist=500_repair_6_males=6_nmar=1,6,1
0,10,0,0,71.78540424335208,282.0755186980179,6.152119300693826,0,0,0,528,D_pmar=0.054_dist=500_repair_6_males=6_nmar=1,6,1
0,7,0,500,71.61933998983068,251.96368976288957,36.4960039422582,0,0,0,528,D_pmar=0.054_dist=500_repair_6_males=6_nmar=1,6,1
0,10,500,0,72.5361807821458,256.94265773691376,30.534055017481432,0,0,0,528,D_pmar=0.054_dist=500_repair_6_males=6_nmar=1,6,1
0.054,13,500,500,70.27592718833331,285.2296873489767,0,21,2.1000000000000005,2.489048887374567,528,D_pmar=0.054_dist=500_repair_6_males=6_nmar=1,6,1
0,7,1000,0,70.8224506142042,283.2872208313456,6.000833799154264,0,0,0,528,D_pmar=0.054_dist=500_repair_6_males=6_nmar=1,6,1
0,7,1000,500,68.27022008592532,242.8782918380918,48.98338448019158,0,0,0,528,D_pmar=0.054_dist=500_repair_6_males=6_nmar=1,6,1
0,10,0,0,74.30048066492819,261.6401380970415,24.323757248841197,0,0,0,529,D_pmar=0.054_dist=500_repair_6_males=6_nmar=1,6,1
0,9,0,500,68.25478777536186,285.5835145651635,6.195620118216454,0,0,0,529,D_pmar=0.054_dist=500_repair_6_males=6_nmar=1,6,1
0,12,500,0,71.40709628654416,258.4827837277987,30.28124153928307,0,0,0,529,D_pmar=0.054_dist=500_repair_6_males=6_nmar=1,6,1
0,5,500,500,72.34761990103414,275.5463410184475,12.181768672988994,0,0,0,529,D_pmar=0.054_dist=500_repair_6_males=6_nmar=1,6,1
0.054,13,1000,0,73.46256779787232,282.43914506120717,0,16,1.6000000000000003,2.5736982912980024,529,D_pmar=0.054_dist=500_repair_6_males=6_nmar=1,6,1
0,5,1000,500,71.34596578599516,270.6002989840789,18.300087515179577,0,0,0,529,D_pmar=0.054_dist=500_repair_6_males=6_nmar=1,6,1
0,11,0,0,74.68092136765704,249.193306129931,36.26242903716078,0,0,0,52,D_pmar=0.054_dist=500_repair_6_males=6_nmar=1,6,1
0,7,0,500,74.74665385308464,260.9815639516678,24.35521519941523,0,0,0,52,D_pmar=0.054_dist=500_repair_6_males=6_nmar=1,6,1
0,11,500,0,70.74244256922898,283.32823654986953,6.044672921847465,0,0,0,52,D_pmar=0.054_dist=500_repair_6_males=6_nmar=1,6,1
0,10,500,500,69.66535743218436,272.16058279885743,18.319708382553344,0,0,0,52,D_pmar=0.054_dist=500_repair_6_males=6_nmar=1,6,1
0.054,10,1000,0,68.88205495367889,287.003501333098,0,18,1.8000000000000005,2.404399483451132,52,D_pmar=0.054_dist=500_repair_6_males=6_nmar=1,6,1
0,5,1000,500,70.73779395927095,270.3166413506133,19.04168650275693,0,0,0,52,D_pmar=0.054_dist=500_repair_6_males=6_nmar=1,6,1
0,15,0,0,71.58809439451214,288.6182612970764,0,0,0,0,530,D_pmar=0.054_dist=500_repair_6_males=6_nmar=1,6,1
0,10,0,500,67.19417730449842,262.96193131772634,30.389472831634436,0,0,0,530,D_pmar=0.054_dist=500_repair_6_males=6_nmar=1,6,1
0,6,500,0,72.34967601117808,275.55985056290814,12.22713116474005,0,0,0,530,D_pmar=0.054_dist=500_repair_6_males=6_nmar=1,6,1
0,11,500,500,68.77128597945823,248.5358946654392,42.84504670254729,0,0,0,530,D_pmar=0.054_dist=500_repair_6_males=6_nmar=1,6,1
0,7,1000,0,71.35066773058576,252.11550494219077,36.5784821773464,0,0,0,530,D_pmar=0.054_dist=500_repair_6_males=6_nmar=1,6,1
0.054,5,1000,500,69.8323181899687,286.03814448326887,0,20,2.0000000000000004,2.2040093387869555,530,D_pmar=0.054_dist=500_repair_6_males=6_nmar=1,6,1
0,14,0,0,72.71036043208416,283.5798909166868,3.7246430633452463,0,0,0,531,D_pmar=0.054_dist=500_repair_6_males=6_nmar=1,6,1
0,9,0,500,71.12626862638926,270.87672263378516,18.180936060863537,0,0,0,531,D_pmar=0.054_dist=500_repair_6_males=6_nmar=1,6,1
0,5,500,0,72.83415270555011,262.91392460828814,24.30034596097387,0,0,0,531,D_pmar=0.054_dist=500_repair_6_males=6_nmar=1,6,1
0,10,500,500,70.12759583987798,259.23208824898467,30.697945295313502,0,0,0,531,D_pmar=0.054_dist=500_repair_6_males=6_nmar=1,6,1
0,5,1000,0,71.62683556307547,239.83132146649996,49.07555920091583,0,0,0,531,D_pmar=0.054_dist=500_repair_6_males=6_nmar=1,6,1
0.054,11,1000,500,70.11951518705985,285.17298935292234,0,21,2.1000000000000005,2.651085924411606,531,D_pmar=0.054_dist=500_repair_6_males=6_nmar=1,6,1
0,4,0,0,72.72085627929916,262.8672661718232,24.463884010512984,0,0,0,532,D_pmar=0.054_dist=500_repair_6_males=6_nmar=1,6,1
0,9,0,500,68.16060936072272,243.26673510162055,48.71028780391953,0,0,0,532,D_pmar=0.054_dist=500_repair_6_males=6_nmar=1,6,1
0,7,500,0,73.89430660875786,249.660935395234,36.4661660122729,0,0,0,532,D_pmar=0.054_dist=500_repair_6_males=6_nmar=1,6,1
0.054,10,500,500,71.09163996975973,284.30592979112976,0,24,2.400000000000001,2.32304025600295,532,D_pmar=0.054_dist=500_repair_6_males=6_nmar=1,6,1
0,11,1000,0,70.02790628966031,277.490500420733,12.49056438137328,0,0,0,532,D_pmar=0.054_dist=500_repair_6_males=6_nmar=1,6,1
0,13,1000,500,72.0726634744647,263.54531145076356,24.387277529467127,0,0,0,532,D_pmar=0.054_dist=500_repair_6_males=6_nmar=1,6,1
0,10,0,0,70.65412699800518,277.2178179098166,12.21294238152275,0,0,0,533,D_pmar=0.054_dist=500_repair_6_males=6_nmar=1,6,1
0,11,0,500,70.35403465597297,277.49446024269946,12.200022594993616,0,0,0,533,D_pmar=0.054_dist=500_repair_6_males=6_nmar=1,6,1
0,11,500,0,67.34582697293986,280.4429965345819,12.231158466497138,0,0,0,533,D_pmar=0.054_dist=500_repair_6_males=6_nmar=1,6,1
0,6,500,500,69.52448940275744,241.97318320584597,48.56771637808764,0,0,0,533,D_pmar=0.054_dist=500_repair_6_males=6_nmar=1,6,1
0,11,1000,0,72.64350235738753,261.6839649373116,25.796578331554084,0,0,0,533,D_pmar=0.054_dist=500_repair_6_males=6_nmar=1,6,1
0.054,5,1000,500,73.46286238727441,281.9411263241997,0,19,1.9000000000000008,2.8666810285547726,533,D_pmar=0.054_dist=500_repair_6_males=6_nmar=1,6,1
0,7,0,0,67.25009710798157,262.5560830565057,30.338684610395564,0,0,0,534,D_pmar=0.054_dist=500_repair_6_males=6_nmar=1,6,1
0,9,0,500,68.35537835868146,267.5532165322575,24.13757288149568,0,0,0,534,D_pmar=0.054_dist=500_repair_6_males=6_nmar=1,6,1
0,11,500,0,69.91331521586758,284.00938143840216,6.119943087930999,0,0,0,534,D_pmar=0.054_dist=500_repair_6_males=6_nmar=1,6,1
0,7,500,500,67.36475258294364,262.22588155905993,30.42470919569653,0,0,0,534,D_pmar=0.054_dist=500_repair_6_males=6_nmar=1,6,1
0,9,1000,0,71.32614754115424,258.335925961924,30.539367000599903,0,0,0,534,D_pmar=0.054_dist=500_repair_6_males=6_nmar=1,6,1
0.054,11,1000,500,70.2019476590337,285.97522568557326,0,20,2.0000000000000004,1.8448723335609944,534,D_pmar=0.054_dist=500_repair_6_males=6_nmar=1,6,1
0,8,0,0,70.96407302130001,252.23399891146488,36.8104771665197,0,0,0,535,D_pmar=0.054_dist=500_repair_6_males=6_nmar=1,6,1
0,6,0,500,71.79247187079399,276.15700099107056,12.10262811076531,0,0,0,535,D_pmar=0.054_dist=500_repair_6_males=6_nmar=1,6,1
0,11,500,0,71.62375111443141,245.54133418584237,42.85207877211239,0,0,0,535,D_pmar=0.054_dist=500_repair_6_males=6_nmar=1,6,1
0,8,500,500,73.0185704425848,280.9395391742259,6.123456744907067,0,0,0,535,D_pmar=0.054_dist=500_repair_6_males=6_nmar=1,6,1
0.054,10,1000,0,71.06666742338267,284.3097446856711,0,22,2.2000000000000006,2.456312462319634,535,D_pmar=0.054_dist=500_repair_6_males=6_nmar=1,6,1
0,11,1000,500,68.80186580723614,254.68197068472796,36.53341661005731,0,0,0,535,D_pmar=0.054_dist=500_repair_6_males=6_nmar=1,6,1
0,9,0,0,72.01270695889464,269.7400999940689,18.33458940633275,0,0,0,536,D_pmar=0.054_dist=500_repair_6_males=6_nmar=1,6,1
0.054,13,0,500,69.85217478748905,286.4365889545351,0,15,1.5000000000000002,2.699027308945529,536,D_pmar=0.054_dist=500_repair_6_males=6_nmar=1,6,1
0,6,500,0,71.2980453507778,258.5147561456851,30.283584541562544,0,0,0,536,D_pmar=0.054_dist=500_repair_6_males=6_nmar=1,6,1
0,9,500,500,70.0420979874343,265.718303836885,24.38180392286933,0,0,0,536,D_pmar=0.054_dist=500_repair_6_males=6_nmar=1,6,1
0,10,1000,0,70.00161995411119,278.00966691496336,12.111819528262757,0,0,0,536,D_pmar=0.054_dist=500_repair_6_males=6_nmar=1,6,1
0,7,1000,500,68.2325533457259,285.80270415376873,6.034197149020129,0,0,0,536,D_pmar=0.054_dist=500_repair_6_males=6_nmar=1,6,1
0,15,0,0,69.86692717776617,284.1409366006511,6.004881095821581,0,0,0,537,D_pmar=0.054_dist=500_repair_6_males=6_nmar=1,6,1
0,7,0,500,71.51127413398062,282.3880932140685,6.1550997262937965,0,0,0,537,D_pmar=0.054_dist=500_repair_6_males=6_nmar=1,6,1
0.054,8,500,0,74.4754239514435,281.7843589872249,0,13,1.3,2.4483692736504765,537,D_pmar=0.054_dist=500_repair_6_males=6_nmar=1,6,1
0,10,500,500,68.74380518559771,285.3627961484127,6.049557826545511,0,0,0,537,D_pmar=0.054_dist=500_repair_6_males=6_nmar=1,6,1
0,6,1000,0,68.19369391595814,259.25105444018664,32.57942823633012,0,0,0,537,D_pmar=0.054_dist=500_repair_6_males=6_nmar=1,6,1
0,8,1000,500,71.52258065923404,264.1885304535773,24.38767366485519,0,0,0,537,D_pmar=0.054_dist=500_repair_6_males=6_nmar=1,6,1
0,13,0,0,70.02944422655061,290.03733754893966,0,0,0,0,538,D_pmar=0.054_dist=500_repair_6_males=6_nmar=1,6,1
0,8,0,500,68.59816636177439,272.99784653863037,18.420823574145352,0,0,0,538,D_pmar=0.054_dist=500_repair_6_males=6_nmar=1,6,1
0,7,500,0,74.88486567089964,273.13627689194794,12.12955025597265,0,0,0,538,D_pmar=0.054_dist=500_repair_6_males=6_nmar=1,6,1
0,14,500,500,72.96421933913655,275.1279341261612,12.08591052182239,0,0,0,538,D_pmar=0.054_dist=500_repair_6_males=6_nmar=1,6,1
0,4,1000,0,68.26038781889321,255.3701175145364,36.53713462295449,0,0,0,538,D_pmar=0.054_dist=500_repair_6_males=6_nmar=1,6,1
0.054,8,1000,500,69.09547577781876,287.29901471028944,0,13,1.3,2.315778485193118,538,D_pmar=0.054_dist=500_repair_6_males=6_nmar=1,6,1
0,10,0,0,71.50243712549168,264.28409142181187,24.386711950743205,0,0,0,539,D_pmar=0.054_dist=500_repair_6_males=6_nmar=1,6,1
0.054,8,0,500,68.00057340000714,288.0012517008642,0,17,1.7000000000000004,2.4252211255023277,539,D_pmar=0.054_dist=500_repair_6_males=6_nmar=1,6,1
0,8,500,0,69.21825354339397,272.50226995237904,18.28652821090625,0,0,0,539,D_pmar=0.054_dist=500_repair_6_males=6_nmar=1,6,1
0,8,500,500,72.47710877729683,268.9444710224041,18.666610031240033,0,0,0,539,D_pmar=0.054_dist=500_repair_6_males=6_nmar=1,6,1
0,10,1000,0,69.60064535471761,278.5390637050892,12.045241782753523,0,0,0,539,D_pmar=0.054_dist=500_repair_6_males=6_nmar=1,6,1
0,10,1000,500,67.76620109767542,261.72436154040474,30.63328825257968,0,0,0,539,D_pmar=0.054_dist=500_repair_6_males=6_nmar=1,6,1
0,13,0,0,68.72033854014992,291.3036204756791,0,0,0,0,53,D_pmar=0.054_dist=500_repair_6_males=6_nmar=1,6,1
0,9,0,500,70.11474233574079,271.63554257264406,18.394711043760275,0,0,0,53,D_pmar=0.054_dist=500_repair_6_males=6_nmar=1,6,1
0,10,500,0,71.70025026471134,265.8620382171574,22.43866435947284,0,0,0,53,D_pmar=0.054_dist=500_repair_6_males=6_nmar=1,6,1
0,7,500,500,68.06359957508616,267.75496973039657,24.297716186960223,0,0,0,53,D_pmar=0.054_dist=500_repair_6_males=6_nmar=1,6,1
0,7,1000,0,72.47940827991486,245.67689534996984,42.04360870420595,0,0,0,53,D_pmar=0.054_dist=500_repair_6_males=6_nmar=1,6,1
0.054,8,1000,500,68.85986525501372,287.01012852147295,0,18,1.8000000000000005,2.421249531167749,53,D_pmar=0.054_dist=500_repair_6_males=6_nmar=1,6,1
0,8,0,0,70.88827165315661,277.0483769989974,12.36032949903683,0,0,0,540,D_pmar=0.054_dist=500_repair_6_males=6_nmar=1,6,1
0,8,0,500,74.84670376784634,260.65887565144106,24.62342869385079,0,0,0,540,D_pmar=0.054_dist=500_repair_6_males=6_nmar=1,6,1
0,6,500,0,70.91347524992885,252.38010692094863,36.760807748499715,0,0,0,540,D_pmar=0.054_dist=500_repair_6_males=6_nmar=1,6,1
0,13,500,500,72.29321246435791,275.4186219362425,12.37121882137277,0,0,0,540,D_pmar=0.054_dist=500_repair_6_males=6_nmar=1,6,1
0.054,8,1000,0,71.6502402076511,284.905717142642,0,17,1.7000000000000004,1.99567600545362,540,D_pmar=0.054_dist=500_repair_6_males=6_nmar=1,6,1
0,11,1000,500,68.9967926389023,272.7640070460392,18.285217573594956,0,0,0,540,D_pmar=0.054_dist=500_repair_6_males=6_nmar=1,6,1
0,9,0,0,69.5511888779207,271.1087555010132,19.38564977876147,0,0,0,541,D_pmar=0.054_dist=500_repair_6_males=6_nmar=1,6,1
0,10,0,500,72.8635740190215,269.00397463901186,18.33161289201735,0,0,0,541,D_pmar=0.054_dist=500_repair_6_males=6_nmar=1,6,1
0.054,11,500,0,68.12377679178896,288.6626987030331,0,15,1.5000000000000002,1.7681661183067177,541,D_pmar=0.054_dist=500_repair_6_males=6_nmar=1,6,1
0,7,500,500,70.32203274183033,265.42369272559785,24.327291355793086,0,0,0,541,D_pmar=0.054_dist=500_repair_6_males=6_nmar=1,6,1
0,8,1000,0,76.64536713543181,264.87886022987027,18.4762540248218,0,0,0,541,D_pmar=0.054_dist=500_repair_6_males=6_nmar=1,6,1
0,9,1000,500,69.00890841314025,284.99116831020876,6.008039824774305,0,0,0,541,D_pmar=0.054_dist=500_repair_6_males=6_nmar=1,6,1
0,8,0,0,71.80186819544045,282.5043457256759,6.01645371657232,0,0,0,542,D_pmar=0.054_dist=500_repair_6_males=6_nmar=1,6,1
0,11,0,500,69.35803096629894,272.41793339186313,18.24708161823021,0,0,0,542,D_pmar=0.054_dist=500_repair_6_males=6_nmar=1,6,1
0,11,500,0,68.73544655923874,279.28781259222393,12.102264677797352,0,0,0,542,D_pmar=0.054_dist=500_repair_6_males=6_nmar=1,6,1
0,7,500,500,72.360323400525985,269.5565224210348,18.13777402625161,0,0,0,542,D_pmar=0.054_dist=500_repair_6_males=6_nmar=1,6,1
0.054,7,1000,0,74.79119769323164,282.06587936812303,0,11,1.1,2.2456526228893465,542,D_pmar=0.054_dist=500_repair_6_males=6_nmar=1,6,1
0,10,1000,500,74.7738294280123,273.13429401206025,12.137898654304422,0,0,0,542,D_pmar=0.054_dist=500_repair_6_males=6_nmar=1,6,1
0,9,0,0,69.50367812953796,265.87990177357045,24.655026511385795,0,0,0,543,D_pmar=0.054_dist=500_repair_6_males=6_nmar=1,6,1
0,9,0,500,71.25393729586978,276.57420093573404,12.30296900438526,0,0,0,543,D_pmar=0.054_dist=500_repair_6_males=6_nmar=1,6,1
0.054,10,500,0,74.8768259289576,280.80429383062614,0,15,1.5000000000000002,2.9807766810578884,543,D_pmar=0.054_dist=500_repair_6_males=6_nmar=1,6,1
0,11,500,500,71.94767913097132,257.7002997900383,30.39389628933982,0,0,0,543,D_pmar=0.054_dist=500_repair_6_males=6_nmar=1,6,1
0,7,1000,0,72.82026704039929,268.8757036110078,18.492176650785268,0,0,0,543,D_pmar=0.054_dist=500_repair_6_males=6_nmar=1,6,1
0,8,1000,500,72.04278655276158,281.90088703895344,6.088136291197436,0,0,0,543,D_pmar=0.054_dist=500_repair_6_males=6_nmar=1,6,1
0,6,0,0,72.49571078955434,269.25105712484674,18.271651761734955,0,0,0,544,D_pmar=0.054_dist=500_repair_6_males=6_nmar=1,6,1
0,8,0,500,69.90169930091096,271.6224827598814,18.51754029642959,0,0,0,544,D_pmar=0.054_dist=500_repair_6_males=6_nmar=1,6,1
0,10,500,0,69.38852275471567,278.30667451023197,12.333979380683935,0,0,0,544,D_pmar=0.054_dist=500_repair_6_males=6_nmar=1,6,1
0,5,500,500,73.88248449802575,273.94978264981955,12.198859244645371,0,0,0,544,D_pmar=0.054_dist=500_repair_6_males=6_nmar=1,6,1
0.054,13,1000,0,68.1294663893866,288.5840105629231,0,12,1.2,2.122650111338773,544,D_pmar=0.054_dist=500_repair_6_males=6_nmar=1,6,1
0,12,1000,500,68.43523357799181,282.6772508911135,8.97425619719035,0,0,0,544,D_pmar=0.054_dist=500_repair_6_males=6_nmar=1,6,1
0,4,0,0,71.25629856421033,252.3762278054735,36.448412111904226,0,0,0,545,D_pmar=0.054_dist=500_repair_6_males=6_nmar=1,6,1
0,12,0,500,72.41800875983984,273.60351279465874,14.011770616318003,0,0,0,545,D_pmar=0.054_dist=500_repair_6_males=6_nmar=1,6,1
0.054,9,500,0,70.31005673651437,284.8302304819298,0,25,2.500000000000001,2.44672418541285,545,D_pmar=0.054_dist=500_repair_6_males=6_nmar=1,6,1
0,12,500,500,69.84207990583906,259.7703684277377,30.410002643574863,0,0,0,545,D_pmar=0.054_dist=500_repair_6_males=6_nmar=1,6,1
0,8,1000,0,74.09017322688446,243.33545753324597,42.726582532304896,0,0,0,545,D_pmar=0.054_dist=500_repair_6_males=6_nmar=1,6,1
0,9,1000,500,69.72632363726215,266.2156003366638,24.246809409976013,0,0,0,545,D_pmar=0.054_dist=500_repair_6_males=6_nmar=1,6,1
0,6,0,0,67.52454668295712,286.5299745618015,6.190885802129685,0,0,0,546,D_pmar=0.054_dist=500_repair_6_males=6_nmar=1,6,1
0,7,0,500,73.01809823441819,244.92898868885305,42.15187085429187,0,0,0,546,D_pmar=0.054_dist=500_repair_6_males=6_nmar=1,6,1
0,15,500,0,69.71370881617345,271.955245770462,18.35521083481741,0,0,0,546,D_pmar=0.054_dist=500_repair_6_males=6_nmar=1,6,1
0.054,10,500,500,68.87284954207031,286.45504058353583,0,19,1.9000000000000008,2.924892107854807,546,D_pmar=0.054_dist=500_repair_6_males=6_nmar=1,6,1
0,5,1000,0,72.51667153634209,269.0452499943253,18.517483250172948,0,0,0,546,D_pmar=0.054_dist=500_repair_6_males=6_nmar=1,6,1
0,11,1000,500,67.30181219513604,262.1441074317043,30.68560863913607,0,0,0,546,D_pmar=0.054_dist=500_repair_6_males=6_nmar=1,6,1
0,6,0,0,70.28888727280926,277.6208305593955,12.217618095568366,0,0,0,547,D_pmar=0.054_dist=500_repair_6_males=6_nmar=1,6,1
0,10,0,500,65.3657408951136,276.69100106401794,18.088558250322155,0,0,0,547,D_pmar=0.054_dist=500_repair_6_males=6_nmar=1,6,1
0,13,500,0,70.16948611498832,271.6921401844526,18.268173849614257,0,0,0,547,D_pmar=0.054_dist=500_repair_6_males=6_nmar=1,6,1
0.054,10,500,500,73.5976799903248,282.9872377999508,0,13,1.3,2.196066150117797,547,D_pmar=0.054_dist=500_repair_6_males=6_nmar=1,6,1
0,11,1000,0,72.73232840058517,281.20710014792945,6.157610925924945,0,0,0,547,D_pmar=0.054_dist=500_repair_6_males=6_nmar=1,6,1
0,4,1000,500,73.22537866602725,262.1467326646279,24.75721964675023,0,0,0,547,D_pmar=0.054_dist=500_repair_6_males=6_nmar=1,6,1
0,11,0,0,69.05929528004256,285.0743152130848,6.113714710432355,0,0,0,548,D_pmar=0.054_dist=500_repair_6_males=6_nmar=1,6,1
0,5,0,500,70.15107860985432,271.59990534223897,18.33906445449024,0,0,0,548,D_pmar=0.054_dist=500_repair_6_males=6_nmar=1,6,1
0.054,15,500,0,68.25034795262806,287.6375259772481,0,15,1.5000000000000002,2.619994587594299,548,D_pmar=0.054_dist=500_repair_6_males=6_nmar=1,6,1
0,5,500,500,66.79234829512288,268.45978732643437,24.75216564024759,0,0,0,548,D_pmar=0.054_dist=500_repair_6_males=6_nmar=1,6,1
0,10,1000,0,68.37971648187934,261.18167231137534,30.525189235108375,0,0,0,548,D_pmar=0.054_dist=500_repair_6_males=6_nmar=1,6,1
0,8,1000,500,69.70970016730018,278.0605807117832,12.318897501352575,0,0,0,548,D_pmar=0.054_dist=500_repair_6_males=6_nmar=1,6,1
0,11,0,0,72.80505414090065,281.1762796304654,6.053315193393387,0,0,0,549,D_pmar=0.054_dist=500_repair_6_males=6_nmar=1,6,1
0,12,0,500,70.03374477079278,265.907695522841,24.32509433662913,0,0,0,549,D_pmar=0.054_dist=500_repair_6_males=6_nmar=1,6,1
0,8,500,0,70.83753442047961,283.11423432548935,6.165656795441052,0,0,0,549,D_pmar=0.054_dist=500_repair_6_males=6_nmar=1,6,1
0,6,500,500,69.27188716118775,272.63913668375767,18.14856243453505,0,0,0,549,D_pmar=0.054_dist=500_repair_6_males=6_nmar=1,6,1
0,6,1000,0,69.16632124708958,254.3873374081652,36.46554292207578,0,0,0,549,D_pmar=0.054_dist=500_repair_6_males=6_nmar=1,6,1
0.054,11,1000,500,70.6953950761274,285.40931683780155,0,15,1.5000000000000002,2.494665569946773,549,D_pmar=0.054_dist=500_repair_6_males=6_nmar=1,6,1
0,12,0,0,68.08536005357806,276.1572814354676,15.78993011126158,0,0,0,54,D_pmar=0.054_dist=500_repair_6_males=6_nmar=1,6,1
0,10,0,500,70.9813205127036,258.4054991665593,30.712722486149293,0,0,0,54,D_pmar=0.054_dist=500_repair_6_males=6_nmar=1,6,1
0,9,500,0,71.15932982555252,283.46070872498314,6.079180096221054,0,0,0,54,D_pmar=0.054_dist=500_repair_6_males=6_nmar=1,6,1
0,7,500,500,72.39059281441588,257.2885950417415,30.3971332301812,0,0,0,54,D_pmar=0.054_dist=500_repair_6_males=6_nmar=1,6,1
0,11,1000,0,68.77319478964661,278.855725845441,12.402979325886315,0,0,0,54,D_pmar=0.054_dist=500_repair_6_males=6_nmar=1,6,1
0.054,5,1000,500,71.21223307929341,284.7437794584138,0,16,1.6000000000000003,2.446724185412849,54,D_pmar=0.054_dist=500_repair_6_males=6_nmar=1,6,1
0.054,11,0,0,72.18735437311582,284.75539910192197,0,10,1,2.097856874952998,550,D_pmar=0.054_dist=500_repair_6_males=6_nmar=1,6,1
0,4,0,500,72.39029424799752,263.37907612319884,24.432236525886687,0,0,0,550,D_pmar=0.054_dist=500_repair_6_males=6_nmar=1,6,1
0,4,500,0,70.60619104048111,271.2908896915379,18.30038711804705,0,0,0,550,D_pmar=0.054_dist=500_repair_6_males=6_nmar=1,6,1
0,10,500,500,71.40034846457706,282.52466318465224,6.184946291512349,0,0,0,550,D_pmar=0.054_dist=500_repair_6_males=6_nmar=1,6,1
0,15,1000,0,70.59566768641551,283.26463392300786,6.171141293720241,0,0,0,550,D_pmar=0.054_dist=500_repair_6_males=6_nmar=1,6,1
0,10,1000,500,72.69132034327926,281.36800069444445,6.006946853596222,0,0,0,550,D_pmar=0.054_dist=500_repair_6_males=6_nmar=1,6,1
0,8,0,0,70.72853570801739,259.1019137811507,30.25889377818917,0,0,0,551,D_pmar=0.054_dist=500_repair_6_males=6_nmar=1,6,1
0,9,0,500,74.56584297268228,273.28708721272744,12.33618646032779,0,0,0,551,D_pmar=0.054_dist=500_repair_6_males=6_nmar=1,6,1
0,7,500,0,71.1126057749467,270.3692946327469,18.59177277249228,0,0,0,551,D_pmar=0.054_dist=500_repair_6_males=6_nmar=1,6,1
0,12,500,500,68.46150724450638,280.72068022858974,10.862145952372472,0,0,0,551,D_pmar=0.054_dist=500_repair_6_males=6_nmar=1,6,1
0.054,11,1000,0,71.28994869479402,284.5624935888129,0,18,1.8000000000000005,2.4123426721202903,551,D_pmar=0.054_dist=500_repair_6_males=6_nmar=1,6,1
0,7,1000,500,75.57035319488982,253.33473084674435,31.12866369402433,0,0,0,551,D_pmar=0.054_dist=500_repair_6_males=6_nmar=1,6,1
0,11,0,0,72.72603081687916,281.4032968152074,6.010815084264598,0,0,0,552,D_pmar=0.054_dist=500_repair_6_males=6_nmar=1,6,1
0,11,0,500,70.56030937352708,265.37533035728336,24.18451645354726,0,0,0,552,D_pmar=0.054_dist=500_repair_6_males=6_nmar=1,6,1
0,7,500,0,67.94323776522424,273.69733928535635,18.398454948756395,0,0,0,552,D_pmar=0.054_dist=500_repair_6_males=6_nmar=1,6,1
0,9,500,500,71.75206524689006,264.01307717729026,24.321876295672997,0,0,0,552,D_pmar=0.054_dist=500_repair_6_males=6_nmar=1,6,1
0,6,1000,0,73.083422191126445,256.31183495116125,30.733308334012477,0,0,0,552,D_pmar=0.054_dist=500_repair_6_males=6_nmar=1,6,1
0.054,10,1000,500,72.56083317715954,283.72761003852185,0,17,1.7000000000000004,2.2750988714690266,552,D_pmar=0.054_dist=500_repair_6_males=6_nmar=1,6,1
0.054,9,0,0,73.68578142789842,282.12369583249375,0,18,1.8000000000000005,2.562464926153592,553,D_pmar=0.054_dist=500_repair_6_males=6_nmar=1,6,1
0,10,0,500,68.02189211154467,267.8110321609968,24.28740067581479,0,0,0,553,D_pmar=0.054_dist=500_repair_6_males=6_nmar=1,6,1
0,7,500,0,72.17041129475767,263.56310495700797,24.429212814881712,0,0,0,553,D_pmar=0.054_dist=500_repair_6_males=6_nmar=1,6,1
0,11,500,500,71.69486531315553,270.10782140628953,18.250709648465076,0,0,0,553,D_pmar=0.054_dist=500_repair_6_males=6_nmar=1,6,1
0,8,1000,0,71.58541346038412,258.20852325081717,30.406984541300034,0,0,0,553,D_pmar=0.054_dist=500_repair_6_males=6_nmar=1,6,1
0,9,1000,500,73.0963747261074,274.57494603682875,12.404759586295638,0,0,0,553,D_pmar=0.054_dist=500_repair_6_males=6_nmar=1,6,1
0,7,0,0,68.7649923151371,291.33861968729417,0,0,0,0,554,D_pmar=0.054_dist=500_repair_6_males=6_nmar=1,6,1
0,12,0,500,72.82487900586061,276.6346223585197,10.692685358167136,0,0,0,554,D_pmar=0.054_dist=500_repair_6_males=6_nmar=1,6,1
0,9,500,0,72.59935796046452,269.05627850786084,18.442439161319435,0,0,0,554,D_pmar=0.054_dist=500_repair_6_males=6_nmar=1,6,1
0,4,500,500,70.39356033454096,265.4262531533074,24.19805741349439,0,0,0,554,D_pmar=0.054_dist=500_repair_6_males=6_nmar=1,6,1
0,14,1000,0,71.96156021660626,282.2722721687155,6.113249575288186,0,0,0,554,D_pmar=0.054_dist=500_repair_6_males=6_nmar=1,6,1
0.054,8,1000,500,71.31608575492643,286.04031958337765,0,10,1,1.9493797091573235,554,D_pmar=0.054_dist=500_repair_6_males=6_nmar=1,6,1
0,9,0,0,67.73416674281587,249.0441105588832,43.23031074037672,0,0,0,555,D_pmar=0.054_dist=500_repair_6_males=6_nmar=1,6,1
0,7,0,500,72.10596373833963,275.8328216194719,12.165782310765302,0,0,0,555,D_pmar=0.054_dist=500_repair_6_males=6_nmar=1,6,1
0,6,500,0,67.51624907487245,274.4002754951946,18.10923994831231,0,0,0,555,D_pmar=0.054_dist=500_repair_6_males=6_nmar=1,6,1
0,11,500,500,68.56991988313167,279.05698170807057,12.374207557280284,0,0,0,555,D_pmar=0.054_dist=500_repair_6_males=6_nmar=1,6,1
0.054,10,1000,0,68.57350149058215,287.33574710710843,0,18,1.8000000000000005,2.3428982276758448,555,D_pmar=0.054_dist=500_repair_6_males=6_nmar=1,6,1
0,11,1000,500,69.4246340842726,266.24333187802347,24.473197595589276,0,0,0,555,D_pmar=0.054_dist=500_repair_6_males=6_nmar=1,6,1
0.054,10,0,0,71.77305956779624,284.18356261150257,0,15,1.5000000000000002,2.6431427357424475,556,D_pmar=0.054_dist=500_repair_6_males=6_nmar=1,6,1
0,13,0,500,68.08226722432549,267.4453498113992,24.489536792148996,0,0,0,556,D_pmar=0.054_dist=500_repair_6_males=6_nmar=1,6,1
0,9,500,0,72.30921494034213,275.57026236992283,12.164393063459356,0,0,0,556,D_pmar=0.054_dist=500_repair_6_males=6_nmar=1,6,1
0,7,500,500,73.40329953105133,274.5611838494418,12.331779908110343,0,0,0,556,D_pmar=0.054_dist=500_repair_6_males=6_nmar=1,6,1
0,6,1000,0,69.95661405982293,265.71575415868745,24.59627784567875,0,0,0,556,D_pmar=0.054_dist=500_repair_6_males=6_nmar=1,6,1
0,9,1000,500,71.29505324277845,270.9252288667491,17.867897664763547,0,0,0,556,D_pmar=0.054_dist=500_repair_6_males=6_nmar=1,6,1
0.054,6,0,0,69.72889484515869,286.6371490621454,0,14,1.4,2.2559223176554575,557,D_pmar=0.054_dist=500_repair_6_males=6_nmar=1,6,1
0,9,0,500,72.13915516463818,257.37390320512515,30.571309570803407,0,0,0,557,D_pmar=0.054_dist=500_repair_6_males=6_nmar=1,6,1
0,13,500,0,69.11151559565678,260.0401994766639,30.861903669169298,0,0,0,557,D_pmar=0.054_dist=500_repair_6_males=6_nmar=1,6,1
0,12,500,500,71.54670585481824,276.39790436271693,12.14954644892861,0,0,0,557,D_pmar=0.054_dist=500_repair_6_males=6_nmar=1,6,1
0,7,1000,0,69.41524117471945,278.4846598872408,12.272968258411415,0,0,0,557,D_pmar=0.054_dist=500_repair_6_males=6_nmar=1,6,1
0,7,1000,500,68.06309145725339,292.07137448098985,0,0,0,0,557,D_pmar=0.054_dist=500_repair_6_males=6_nmar=1,6,1
0,7,0,0,71.24253924397975,281.5292104862512,7.343959395725779,0,0,0,558,D_pmar=0.054_dist=500_repair_6_males=6_nmar=1,6,1
0,9,0,500,74.51607960379374,262.7767218907592,22.805934132434817,0,0,0,558,D_pmar=0.054_dist=500_repair_6_males=6_nmar=1,6,1
0,9,500,0,70.169410942363,289.877321105116,0,0,0,0,558,D_pmar=0.054_dist=500_repair_6_males=6_nmar=1,6,1
0,10,500,500,67.81586389839728,273.78862819190675,18.43879184334217,0,0,0,558,D_pmar=0.054_dist=500_repair_6_males=6_nmar=1,6,1
0,4,1000,0,71.0016432553268,252.417918261448,36.61913688507158,0,0,0,558,D_pmar=0.054_dist=500_repair_6_males=6_nmar=1,6,1
0.054,15,1000,500,72.99447809678743,283.51518095048226,0,15,1.5000000000000002,2.024440836173974,558,D_pmar=0.054_dist=500_repair_6_males=6_nmar=1,6,1
0,9,0,0,72.02724338333387,281.93341734919966,6.116405243770844,0,0,0,559,D_pmar=0.054_dist=500_repair_6_males=6_nmar=1,6,1
0,7,0,500,70.98353057990923,270.78389940786366,18.379921105902483,0,0,0,559,D_pmar=0.054_dist=500_repair_6_males=6_nmar=1,6,1
0.054,7,500,0,68.62966718232576,287.8849434760641,0,15,1.5000000000000002,2.0356742013183857,559,D_pmar=0.054_dist=500_repair_6_males=6_nmar=1,6,1
0,7,500,500,70.53153226845404,253.07892272584755,36.52143971136281,0,0,0,559,D_pmar=0.054_dist=500_repair_6_males=6_nmar=1,6,1
0,14,1000,0,72.07636626396959,269.8532382184471,18.239127216633086,0,0,0,559,D_pmar=0.054_dist=500_repair_6_males=6_nmar=1,6,1
0,10,1000,500,70.56811439533621,277.37001668519565,12.223310391117986,0,0,0,559,D_pmar=0.054_dist=500_repair_6_males=6_nmar=1,6,1
0,10,0,0,67.69545090422433,255.44002403403735,36.92085021958902,0,0,0,55,D_pmar=0.054_dist=500_repair_6_males=6_nmar=1,6,1
0.054,11,0,500,76.0263768752672,280.2928488685224,0,17,1.7000000000000004,2.2096260213591608,55,D_pmar=0.054_dist=500_repair_6_males=6_nmar=1,6,1
0,10,500,0,68.33369067479155,279.6887085824721,12.038827077995558,0,0,0,55,D_pmar=0.054_dist=500_repair_6_males=6_nmar=1,6,1
0,3,500,500,74.20782456523526,267.8934031915749,18.11446603125836,0,0,0,55,D_pmar=0.054_dist=500_repair_6_males=6_nmar=1,6,1
0,12,1000,0,70.58998140467531,271.2086783769361,18.23827796135093,0,0,0,55,D_pmar=0.054_dist=500_repair_6_males=6_nmar=1,6,1
0,8,1000,500,73.36773946012002,268.2547105432155,18.39836834545651,0,0,0,55,D_pmar=0.054_dist=500_repair_6_males=6_nmar=1,6,1
0,12,0,0,73.28839231108432,274.5505878612794,12.281472669218276,0,0,0,560,D_pmar=0.054_dist=500_repair_6_males=6_nmar=1,6,1
0,8,0,500,68.54869215250484,291.55030651856515,0,0,0,0,560,D_pmar=0.054_dist=500_repair_6_males=6_nmar=1,6,1
0,5,500,0,71.50277828460194,257.96496330616867,30.64061228018751,0,0,0,560,D_pmar=0.054_dist=500_repair_6_males=6_nmar=1,6,1
0,4,500,500,70.08697756690769,277.7826318104396,12.310341897242406,0,0,0,560,D_pmar=0.054_dist=500_repair_6_males=6_nmar=1,6,1
0.054,10,1000,0,71.59147324863538,285.0000837371812,0,13,1.3,2.3157784851931176,560,D_pmar=0.054_dist=500_repair_6_males=6_nmar=1,6,1
0,15,1000,500,66.90512919801024,269.04022216825354,24.266866517236995,0,0,0,560,D_pmar=0.054_dist=500_repair_6_males=6_nmar=1,6,1
0,10,0,0,69.95652214577515,265.58171396484215,24.484092768329074,0,0,0,561,D_pmar=0.054_dist=500_repair_6_males=6_nmar=1,6,1
0,13,0,500,72.6754892781773,281.26794388472115,6.086241704896781,0,0,0,561,D_pmar=0.054_dist=500_repair_6_males=6_nmar=1,6,1
0,11,500,0,68.96681462417455,235.9129765115641,55.28737943003359,0,0,0,561,D_pmar=0.054_dist=500_repair_6_males=6_nmar=1,6,1
0,4,500,500,69.67444436326873,290.44827751949,0,0,0,0,561,D_pmar=0.054_dist=500_repair_6_males=6_nmar=1,6,1
0.054,10,1000,0,70.89471584214273,284.9292523221042,0,19,1.9000000000000008,2.4467241854128496,561,D_pmar=0.054_dist=500_repair_6_males=6_nmar=1,6,1
0,6,1000,500,71.98886461293468,257.51775849809025,30.5067451230842,0,0,0,561,D_pmar=0.054_dist=500_repair_6_males=6_nmar=1,6,1
0,13,0,0,72.4111189784888,257.29708835409417,30.293306157192472,0,0,0,562,D_pmar=0.054_dist=500_repair_6_males=6_nmar=1,6,1
0,12,0,500,69.04279524971206,272.3818882482454,18.642687876066564,0,0,0,562,D_pmar=0.054_dist=500_repair_6_males=6_nmar=1,6,1
0.054,13,500,0,69.46946474826774,286.46699408277794,0,16,1.6000000000000003,2.5026087586159314,562,D_pmar=0.054_dist=500_repair_6_males=6_nmar=1,6,1
0,5,500,500,72.62482633858205,269.27600622113965,18.14514329808305,0,0,0,562,D_pmar=0.054_dist=500_repair_6_males=6_nmar=1,6,1
0,3,1000,0,67.5360545426203,286.51918807920856,6.005213922402593,0,0,0,562,D_pmar=0.054_dist=500_repair_6_males=6_nmar=1,6,1
0,8,1000,500,73.77592871539815,268.1013098853789,18.344075939700662,0,0,0,562,D_pmar=0.054_dist=500_repair_6_males=6_nmar=1,6,1
0,7,0,0,72.170204178281125,257.4144846187069,30.513187205058177,0,0,0,563,D_pmar=0.054_dist=500_repair_6_males=6_nmar=1,6,1
0.054,8,0,500,69.99455342458555,285.55888796301116,0,19,1.9000000000000008,2.6375260531702422,563,D_pmar=0.054_dist=500_repair_6_males=6_nmar=1,6,1
0,8,500,0,72.41985208238103,275.42273634739115,12.204337522298909,0,0,0,563,D_pmar=0.054_dist=500_repair_6_males=6_nmar=1,6,1
0,5,500,500,69.21398242725448,266.58434035844124,24.2996126895132,0,0,0,563,D_pmar=0.054_dist=500_repair_6_males=6_nmar=1,6,1
0,15,1000,0,71.46009667463377,270.3251115825779,18.243489689165873,0,0,0,563,D_pmar=0.054_dist=500_repair_6_males=6_nmar=1,6,1
0,11,1000,500,67.6297514570757,262.2171886277494,30.25796200218866,0,0,0,563,D_pmar=0.054_dist=500_repair_6_males=6_nmar=1,6,1
0,13,0,0,68.18332614141138,260.3713191636057,31.47744042430756,0,0,0,564,D_pmar=0.054_dist=500_repair_6_males=6_nmar=1,6,1
0,5,0,500,72.38146289620644,275.46671569232086,12.184937664122074,0,0,0,564,D_pmar=0.054_dist=500_repair_6_males=6_nmar=1,6,1
0,6,500,0,68.36758834160095,285.5213918165033,6.147293681945264,0,0,0,564,D_pmar=0.054_dist=500_repair_6_males=6_nmar=1,6,1
0,12,500,500,67.73594050213374,280.14604905341514,12.168931568702366,0,0,0,564,D_pmar=0.054_dist=500_repair_6_males=6_nmar=1,6,1
0.054,13,1000,0,70.24715946345746,285.35980464531116,0,17,1.7000000000000004,2.7069704976146873,564,D_pmar=0.054_dist=500_repair_6_males=6_nmar=1,6,1
0,5,1000,500,67.15298674319138,257.7040674879201,35.16890973021019,0,0,0,564,D_pmar=0.054_dist=500_repair_6_males=6_nmar=1,6,1
0,11,0,0,70.11695997450477,277.9276923349171,12.15235517080268,0,0,0,565,D_pmar=0.054_dist=500_repair_6_males=6_nmar=1,6,1
0,11,0,500,72.4530098193318,263.4739161697472,24.198150130815034,0,0,0,565,D_pmar=0.054_dist=500_repair_6_males=6_nmar=1,6,1
0,9,500,0,71.00263487966704,252.6120645154517,36.390763134060755,0,0,0,565,D_pmar=0.054_dist=500_repair_6_males=6_nmar=1,6,1
0.054,4,500,500,73.70749825459015,282.1973965513123,0,18,1.8000000000000005,2.313451979096165,565,D_pmar=0.054_dist=500_repair_6_males=6_nmar=1,6,1
0,11,1000,0,68.13343319169095,286.07054649690906,6.023656818655017,0,0,0,565,D_pmar=0.054_dist=500_repair_6_males=6_nmar=1,6,1
0,8,1000,500,73.74060237531671,260.80798939472294,25.566273361661928,0,0,0,565,D_pmar=0.054_dist=500_repair_6_males=6_nmar=1,6,1
0,12,0,0,68.21084467495297,279.9106063155913,12.18358812380044,0,0,0,566,D_pmar=0.054_dist=500_repair_6_males=6_nmar=1,6,1
0,8,0,500,71.42098927229553,270.3340283338974,18.304185109425752,0,0,0,566,D_pmar=0.054_dist=500_repair_6_males=6_nmar=1,6,1
0,5,500,0,70.81910759258446,234.54999296791524,54.69125240798373,0,0,0,566,D_pmar=0.054_dist=500_repair_6_males=6_nmar=1,6,1
0.054,11,500,500,72.32606213468586,282.72203768537196,0,23,2.3000000000000007,2.72450196319063,566,D_pmar=0.054_dist=500_repair_6_males=6_nmar=1,6,1
0,11,1000,0,75.01065476542055,266.92873841989154,18.23952616586059,0,0,0,566,D_pmar=0.054_dist=500_repair_6_males=6_nmar=1,6,1
0,7,1000,500,69.12085664368796,254.52040986422213,36.6360238950764,0,0,0,566,D_pmar=0.054_dist=500_repair_6_males=6_nmar=1,6,1
0,6,0,0,69.05536550594097,223.65003370988265,67.35347400437485,0,0,0,567,D_pmar=0.054_dist=500_repair_6_males=6_nmar=1,6,1
0,10,0,500,70.81537207841379,277.05118606232065,12.140989158699274,0,0,0,567,D_pmar=0.054_dist=500_repair_6_males=6_nmar=1,6,1
0,8,500,0,72.14030565236833,263.42383334603613,24.484794980096297,0,0,0,567,D_pmar=0.054_dist=500_repair_6_males=6_nmar=1,6,1
0,8,500,500,70.42946298475913,283.68460083860015,6.060605355903722,0,0,0,567,D_pmar=0.054_dist=500_repair_6_males=6_nmar=1,6,1
0.054,10,1000,0,69.19850849527201,285.3621156829527,0,23,2.3000000000000007,3.1682883723400277,567,D_pmar=0.054_dist=500_repair_6_males=6_nmar=1,6,1
0,12,1000,500,67.5183332086946,264.68068352210446,27.835157049910787,0,0,0,567,D_pmar=0.054_dist=500_repair_6_males=6_nmar=1,6,1
0,8,0,0,68.42606744179467,279.55963048457687,12.14504362812813,0,0,0,568,D_pmar=0.054_dist=500_repair_6_males=6_nmar=1,6,1
0,9,0,500,73.73950642421877,274.0792279159632,12.182393698757007,0,0,0,568,D_pmar=0.054_dist=500_repair_6_males=6_nmar=1,6,1
0,7,500,0,71.89323970053518,263.6991026815794,24.541910635425698,0,0,0,568,D_pmar=0.054_dist=500_repair_6_males=6_nmar=1,6,1
0,9,500,500,68.59433744293752,291.4064324368908,0,0,0,0,568,D_pmar=0.054_dist=500_repair_6_males=6_nmar=1,6,1
0.054,11,1000,0,70.23690305564597,286.5184751616735,0,13,1.3,2.0108809649326105,568,D_pmar=0.054_dist=500_repair_6_males=6_nmar=1,6,1
0,10,1000,500,68.48114471176201,260.91043054071497,30.622460664666033,0,0,0,568,D_pmar=0.054_dist=500_repair_6_males=6_nmar=1,6,1
0.054,9,0,0,70.00045768452716,286.0980967740946,0,14,1.4,2.570408114822749,569,D_pmar=0.054_dist=500_repair_6_males=6_nmar=1,6,1
0,7,0,500,71.20011591369946,264.3133557314195,24.610381010488123,0,0,0,569,D_pmar=0.054_dist=500_repair_6_males=6_nmar=1,6,1
0,6,500,0,67.85619123678148,261.55819465775113,30.730697669684215,0,0,0,569,D_pmar=0.054_dist=500_repair_6_males=6_nmar=1,6,1
0,16,500,500,70.01267779591025,290.2337101980842,0,0,0,0,569,D_pmar=0.054_dist=500_repair_6_males=6_nmar=1,6,1
0,10,1000,0,71.01873435945863,270.6636593689847,18.475952037176,0,0,0,569,D_pmar=0.054_dist=500_repair_6_males=6_nmar=1,6,1
0,6,1000,500,70.06050537766959,277.4265858045411,12.540986863036943,0,0,0,569,D_pmar=0.054_dist=500_repair_6_males=6_nmar=1,6,1
0,10,0,0,73.33637371960737,280.53359222143416,6.143392400360003,0,0,0,56,D_pmar=0.054_dist=500_repair_6_males=6_nmar=1,6,1
0,12,0,500,70.28803188937604,235.18821340263233,54.63715244926529,0,0,0,56,D_pmar=0.054_dist=500_repair_6_males=6_nmar=1,6,1
0,12,500,0,72.50401149044478,281.34217878177947,6.274261399665635,0,0,0,56,D_pmar=0.054_dist=500_repair_6_males=6_nmar=1,6,1
0,6,500,500,70.22958786361292,265.4449481282983,24.424764709737204,0,0,0,56,D_pmar=0.054_dist=500_repair_6_males=6_nmar=1,6,1
0,8,1000,0,69.92250153839547,282.81519850219115,7.35903944128124,0,0,0,56,D_pmar=0.054_dist=500_repair_6_males=6_nmar=1,6,1
0.054,6,1000,500,71.6514476832432,284.66704173655745,0,17,1.7000000000000004,2.0092358766949836,56,D_pmar=0.054_dist=500_repair_6_males=6_nmar=1,6,1
0,6,0,0,70.66005771566046,265.0105712209065,24.5600260555804,0,0,0,570,D_pmar=0.054_dist=500_repair_6_males=6_nmar=1,6,1
0.054,11,0,500,68.55669932615325,287.7269556138517,0,17,1.7000000000000004,2.145798259486922,570,D_pmar=0.054_dist=500_repair_6_males=6_nmar=1,6,1
0,9,500,0,71.36641298577341,258.1929366797684,30.56078194058489,0,0,0,570,D_pmar=0.054_dist=500_repair_6_males=6_nmar=1,6,1
0,9,500,500,70.4150681931925,277.5506028215594,12.20138117743052,0,0,0,570,D_pmar=0.054_dist=500_repair_6_males=6_nmar=1,6,1
0,10,1000,0,72.10892040217081,281.7805536031986,6.130971800203959,0,0,0,570,D_pmar=0.054_dist=500_repair_6_males=6_nmar=1,6,1
0,9,1000,500,70.08349170572657,259.57673793499674,30.38388112119615,0,0,0,570,D_pmar=0.054_dist=500_repair_6_males=6_nmar=1,6,1
0,11,0,0,69.9867206688218,259.45147898830226,30.655462397985183,0,0,0,571,D_pmar=0.054_dist=500_repair_6_males=6_nmar=1,6,1
0.054,8,0,500,73.11773445020864,282.47988928920535,0,17,1.7000000000000004,2.7740884359621796,571,D_pmar=0.054_dist=500_repair_6_males=6_nmar=1,6,1
0,11,500,0,73.72017415605033,261.9502131500359,24.39115197300073,0,0,0,571,D_pmar=0.054_dist=500_repair_6_males=6_nmar=1,6,1
0,6,500,500,73.68777985039621,251.20419706631975,35.236722914928016,0,0,0,571,D_pmar=0.054_dist=500_repair_6_males=6_nmar=1,6,1
0,9,1000,0,69.08200058252369,285.01650438916903,6.022903559737413,0,0,0,571,D_pmar=0.054_dist=500_repair_6_males=6_nmar=1,6,1
0,9,1000,500,68.90984487485053,285.9970861258284,5.263176299839816,0,0,0,571,D_pmar=0.054_dist=500_repair_6_males=6_nmar=1,6,1
0,11,0,0,70.2707020948226,283.92054614796814,6.138812662076159,0,0,0,572,D_pmar=0.054_dist=500_repair_6_males=6_nmar=1,6,1
0,10,0,500,73.09861134037965,262.59134503534744,24.43692874554888,0,0,0,572,D_pmar=0.054_dist=500_repair_6_males=6_nmar=1,6,1
0,6,500,0,72.55280930762328,269.4346405403652,18.211671290763565,0,0,0,572,D_pmar=0.054_dist=500_repair_6_males=6_nmar=1,6,1
0,7,500,500,72.35968340267539,263.232939095207,24.452332883317514,0,0,0,572,D_pmar=0.054_dist=500_repair_6_males=6_nmar=1,6,1
0,8,1000,0,71.40273599366989,251.87835250790656,36.861942822183416,0,0,0,572,D_pmar=0.054_dist=500_repair_6_males=6_nmar=1,6,1
0.054,12,1000,500,72.2033482535938,282.73724142566135,0,18,1.8000000000000005,3.290609466031275,572,D_pmar=0.054_dist=500_repair_6_males=6_nmar=1,6,1
0,10,0,0,71.1729353120132,282.952745626655,6.0765535273876,0,0,0,573,D_pmar=0.054_dist=500_repair_6_males=6_nmar=1,6,1
0,6,0,500,70.62755001695459,277.2011733349892,12.274427548801585,0,0,0,573,D_pmar=0.054_dist=500_repair_6_males=6_nmar=1,6,1
0,9,500,0,72.26579734206042,275.7547676861856,12.29083384803842,0,0,0,573,D_pmar=0.054_dist=500_repair_6_males=6_nmar=1,6,1
0.054,10,500,500,69.19073206024136,287.8303622778261,0,10,1,2.136209982580137,573,D_pmar=0.054_dist=500_repair_6_males=6_nmar=1,6,1
0,10,1000,0,71.94289838134247,276.1327732335098,12.030018397239138,0,0,0,573,D_pmar=0.054_dist=500_repair_6_males=6_nmar=1,6,1
0,9,1000,500,75.25039710493537,266.3576876526298,18.550510080826523,0,0,0,573,D_pmar=0.054_dist=500_repair_6_males=6_nmar=1,6,1
0,8,0,0,72.94200017302676,250.4759746640808,36.64221781865339,0,0,0,574,D_pmar=0.054_dist=500_repair_6_males=6_nmar=1,6,1
0,7,0,500,68.12278020893224,267.6054865038567,24.43999745534896,0,0,0,574,D_pmar=0.054_dist=500_repair_6_males=6_nmar=1,6,1
0.054,13,500,0,70.94297325912882,284.3060890030545,0,22,2.2000000000000006,2.623966181928879,574,D_pmar=0.054_dist=500_repair_6_males=6_nmar=1,6,1
0,9,500,500,72.0141104017715,263.7283214519425,24.39951651111676,0,0,0,574,D_pmar=0.054_dist=500_repair_6_males=6_nmar=1,6,1
0,9,1000,0,75.35269032072075,266.4907541246696,18.1625157181546,0,0,0,574,D_pmar=0.054_dist=500_repair_6_males=6_nmar=1,6,1
0,8,1000,500,70.74739053231605,258.5768808539458,30.706216000195223,0,0,0,574,D_pmar=0.054_dist=500_repair_6_males=6_nmar=1,6,1
0,8,0,0,66.63061898713238,256.9272169372446,36.483968078428234,0,0,0,575,D_pmar=0.054_dist=500_repair_6_males=6_nmar=1,6,1
0,7,0,500,71.47836224930435,276.4241490173104,12.210838667600951,0,0,0,575,D_pmar=0.054_dist=500_repair_6_males=6_nmar=1,6,1
0,14,500,0,71.06671957106765,276.90755565196895,12.167178502140608,0,0,0,575,D_pmar=0.054_dist=500_repair_6_males=6_nmar=1,6,1
0,9,500,500,70.09777211394608,265.6039132605802,24.328382526048163,0,0,0,575,D_pmar=0.054_dist=500_repair_6_males=6_nmar=1,6,1
0,10,1000,0,70.4550442663555,253.3438212204735,36.37370920481185,0,0,0,575,D_pmar=0.054_dist=500_repair_6_males=6_nmar=1,6,1
0.054,6,1000,500,71.01432521176439,284.50936601120077,0,20,2.0000000000000004,2.6719075664628016,575,D_pmar=0.054_dist=500_repair_6_males=6_nmar=1,6,1
0,10,0,0,72.04370451132925,269.76426889000817,18.245966240723103,0,0,0,576,D_pmar=0.054_dist=500_repair_6_males=6_nmar=1,6,1
0,4,0,500,69.02225863233846,273.02071238134096,18.212199398190897,0,0,0,576,D_pmar=0.054_dist=500_repair_6_males=6_nmar=1,6,1
0.054,8,500,0,70.5748265541686,285.629825578422,0,17,1.7000000000000004,2.4156328485955427,576,D_pmar=0.054_dist=500_repair_6_males=6_nmar=1,6,1
0,9,500,500,71.04712752427336,264.65970710633457,24.350810562357168,0,0,0,576,D_pmar=0.054_dist=500_repair_6_males=6_nmar=1,6,1
0,11,1000,0,70.65707643243636,261.7530070478275,27.680032090953773,0,0,0,576,D_pmar=0.054_dist=500_repair_6_males=6_nmar=1,6,1
0,12,1000,500,68.60460816452918,279.4424111178018,12.091882769021147,0,0,0,576,D_pmar=0.054_dist=500_repair_6_males=6_nmar=1,6,1
0,3,0,0,69.9342642203124,259.57569164141427,30.541758114057803,0,0,0,577,D_pmar=0.054_dist=500_repair_6_males=6_nmar=1,6,1
0,11,0,500,71.01698675473908,277.05557167169155,12.031405302482872,0,0,0,577,D_pmar=0.054_dist=500_repair_6_males=6_nmar=1,6,1
0.054,11,500,0,71.42311942025725,285.07910220007045,0,17,1.7000000000000004,1.8200790971752197,577,D_pmar=0.054_dist=500_repair_6_males=6_nmar=1,6,1
0,8,500,500,71.91784685241014,245.2590099347285,42.825618393673906,0,0,0,577,D_pmar=0.054_dist=500_repair_6_males=6_nmar=1,6,1
0,13,1000,0,69.59747866530543,278.24247246337785,12.269489717538065,0,0,0,577,D_pmar=0.054_dist=500_repair_6_males=6_nmar=1,6,1
0,8,1000,500,70.29480597053615,283.70960049505567,6.002084975171046,0,0,0,577,D_pmar=0.054_dist=500_repair_6_males=6_nmar=1,6,1
0,7,0,0,64.72917980358136,272.6686465730379,22.65151391323843,0,0,0,578,D_pmar=0.054_dist=500_repair_6_males=6_nmar=1,6,1
0,6,0,500,71.12304547632391,245.88118128284157,43.047740390957685,0,0,0,578,D_pmar=0.054_dist=500_repair_6_males=6_nmar=1,6,1
0,15,500,0,71.64251602490828,282.5268299467962,6.047168427190212,0,0,0,578,D_pmar=0.054_dist=500_repair_6_males=6_nmar=1,6,1
0,8,500,500,67.42025833095668,264.27755775018494,28.5738840694842,0,0,0,578,D_pmar=0.054_dist=500_repair_6_males=6_nmar=1,6,1
0,7,1000,0,71.34733740985541,258.1766467017766,30.52517866812573,0,0,0,578,D_pmar=0.054_dist=500_repair_6_males=6_nmar=1,6,1
0.054,11,1000,500,68.45929924666461,287.04483876474023,0,22,2.2000000000000006,2.3213951677653233,578,D_pmar=0.054_dist=500_repair_6_males=6_nmar=1,6,1
0,11,0,0,70.69455953494781,283.4091981846506,6.207388267063032,0,0,0,579,D_pmar=0.054_dist=500_repair_6_males=6_nmar=1,6,1
0,3,0,500,73.44018474816787,268.1961075628446,18.37374089575693,0,0,0,579,D_pmar=0.054_dist=500_repair_6_males=6_nmar=1,6,1
0,9,500,0,74.20336206641603,249.619538952739,36.29643402992548,0,0,0,579,D_pmar=0.054_dist=500_repair_6_males=6_nmar=1,6,1
0,5,500,500,68.57297336853316,273.19784919595116,18.30301022864934,0,0,0,579,D_pmar=0.054_dist=500_repair_6_males=6_nmar=1,6,1
0.054,10,1000,0,69.67068264369279,285.70414141634154,0,19,1.9000000000000008,2.8243563265930556,579,D_pmar=0.054_dist=500_repair_6_males=6_nmar=1,6,1
0,16,1000,500,71.65246046714495,251.6466036995116,36.71289008052563,0,0,0,579,D_pmar=0.054_dist=500_repair_6_males=6_nmar=1,6,1
0,8,0,0,70.04462025723201,271.768775667299,18.261228236375743,0,0,0,57,D_pmar=0.054_dist=500_repair_6_males=6_nmar=1,6,1
0,7,0,500,73.19438140005867,243.91697619936008,43.16736700114417,0,0,0,57,D_pmar=0.054_dist=500_repair_6_males=6_nmar=1,6,1
0,9,500,0,71.22821631553573,276.68149005322886,12.121396458982822,0,0,0,57,D_pmar=0.054_dist=500_repair_6_males=6_nmar=1,6,1
0,12,500,500,69.40034361912114,260.4204251713754,30.290899411044258,0,0,0,57,D_pmar=0.054_dist=500_repair_6_males=6_nmar=1,6,1
0,9,1000,0,68.59115130390845,279.48386610389923,12.09411032461892,0,0,0,57,D_pmar=0.054_dist=500_repair_6_males=6_nmar=1,6,1
0.054,9,1000,500,71.28911920561434,285.0204616704909,0,19,1.9000000000000008,2.0859420919492613,57,D_pmar=0.054_dist=500_repair_6_males=6_nmar=1,6,1
0,10,0,0,71.47608403975103,257.9120552335263,30.64840379180312,0,0,0,580,D_pmar=0.054_dist=500_repair_6_males=6_nmar=1,6,1
0,11,0,500,68.62450655177834,248.62904473453708,42.871255228435416,0,0,0,580,D_pmar=0.054_dist=500_repair_6_males=6_nmar=1,6,1
0,7,500,0,67.35019422240015,274.5861032529588,18.096485718663736,0,0,0,580,D_pmar=0.054_dist=500_repair_6_males=6_nmar=1,6,1
0,10,500,500,70.59027812230558,271.4926062340729,18.196302098645475,0,0,0,580,D_pmar=0.054_dist=500_repair_6_males=6_nmar=1,6,1
0,9,1000,0,69.26795105820268,266.69312844695787,24.117325109655255,0,0,0,580,D_pmar=0.054_dist=500_repair_6_males=6_nmar=1,6,1
0.054,7,1000,500,68.38856723026691,287.09287252136545,0,22,2.2000000000000006,2.4602840566542135,580,D_pmar=0.054_dist=500_repair_6_males=6_nmar=1,6,1
0,9,0,0,72.55464222007691,269.3100227934106,18.17454462810378,0,0,0,581,D_pmar=0.054_dist=500_repair_6_males=6_nmar=1,6,1
0,9,0,500,67.21619479704515,286.94998538225803,6.010745598211191,0,0,0,581,D_pmar=0.054_dist=500_repair_6_males=6_nmar=1,6,1
0,8,500,0,70.17419703809914,265.411902342435,24.47229747043219,0,0,0,581,D_pmar=0.054_dist=500_repair_6_males=6_nmar=1,6,1
0.054,8,500,500,74.33612878512504,282.19317122792125,0,12,1.2,2.4235760372647013,581,D_pmar=0.054_dist=500_repair_6_males=6_nmar=1,6,1
0,9,1000,0,74.65603563944177,273.3155844857983,12.146503307293726,0,0,0,581,D_pmar=0.054_dist=500_repair_6_males=6_nmar=1,6,1
0,11,1000,500,71.72854302025725,276.26137196479203,12.150419095731872,0,0,0,581,D_pmar=0.054_dist=500_repair_6_males=6_nmar=1,6,1
0,9,0,0,69.57853223111738,278.17476415098827,12.33785846023191,0,0,0,582,D_pmar=0.054_dist=500_repair_6_males=6_nmar=1,6,1
0,11,0,500,73.29478763924405,268.6267431321988,18.248043494496233,0,0,0,582,D_pmar=0.054_dist=500_repair_6_males=6_nmar=1,6,1
0.054,12,500,0,72.82056325586467,282.97877183607864,0,16,1.6000000000000003,2.6024631220183565,582,D_pmar=0.054_dist=500_repair_6_males=6_nmar=1,6,1
0,4,500,500,71.38737363518477,269.0501367685712,19.58068366464988,0,0,0,582,D_pmar=0.054_dist=500_repair_6_males=6_nmar=1,6,1
0,11,1000,0,67.82294677660884,261.6311148264748,30.547322780940547,0,0,0,582,D_pmar=0.054_dist=500_repair_6_males=6_nmar=1,6,1
0,7,1000,500,70.45160782120935,277.19949876582706,12.36155424853313,0,0,0,582,D_pmar=0.054_dist=500_repair_6_males=6_nmar=1,6,1
0,8,0,0,73.71534902889174,274.13449970591506,12.182174660421513,0,0,0,583,D_pmar=0.054_dist=500_repair_6_males=6_nmar=1,6,1
0.054,9,0,500,71.72370152305437,284.6557952019527,0,14,1.4,2.4252211255023277,583,D_pmar=0.054_dist=500_repair_6_males=6_nmar=1,6,1
0,11,500,0,69.23031675621665,278.5223904246188,12.327413938639587,0,0,0,583,D_pmar=0.054_dist=500_repair_6_males=6_nmar=1,6,1
0,7,500,500,70.4505302282123,259.27256874592916,30.38329370253241,0,0,0,583,D_pmar=0.054_dist=500_repair_6_males=6_nmar=1,6,1
0,9,1000,0,68.82579364479484,285.08720225974173,6.3064881887781965,0,0,0,583,D_pmar=0.054_dist=500_repair_6_males=6_nmar=1,6,1
0,10,1000,500,69.48020301728943,266.19476132804596,24.344757080779058,0,0,0,583,D_pmar=0.054_dist=500_repair_6_males=6_nmar=1,6,1
0,6,0,0,70.97915022933965,240.21471331668064,48.80996654540876,0,0,0,584,D_pmar=0.054_dist=500_repair_6_males=6_nmar=1,6,1
0,8,0,500,69.68410866291372,278.22851341690523,12.147653472680672,0,0,0,584,D_pmar=0.054_dist=500_repair_6_males=6_nmar=1,6,1
0,11,500,0,69.32721308399711,253.82500341039,36.96502120573971,0,0,0,584,D_pmar=0.054_dist=500_repair_6_males=6_nmar=1,6,1
0,10,500,500,68.19784473047679,285.6013427961079,6.287123358879408,0,0,0,584,D_pmar=0.054_dist=500_repair_6_males=6_nmar=1,6,1
0.054,11,1000,0,71.8611012670351,283.3710631265527,0,22,2.2000000000000006,2.6782056668943337,584,D_pmar=0.054_dist=500_repair_6_males=6_nmar=1,6,1
0,8,1000,500,71.7918577537509,257.84317693529965,30.427442879147577,0,0,0,584,D_pmar=0.054_dist=500_repair_6_males=6_nmar=1,6,1
0,9,0,0,71.3836807135833,276.50187084251377,12.256333149772123,0,0,0,585,D_pmar=0.054_dist=500_repair_6_males=6_nmar=1,6,1
0,12,0,500,68.39151811369979,261.1031508378033,30.513291351393608,0,0,0,585,D_pmar=0.054_dist=500_repair_6_males=6_nmar=1,6,1
0,12,500,0,71.17889993976377,282.9297498321678,6.044303197306511,0,0,0,585,D_pmar=0.054_dist=500_repair_6_males=6_nmar=1,6,1
0.054,10,500,500,70.58071525824353,286.36348943276033,0,11,1.1,2.1481247655838738,585,D_pmar=0.054_dist=500_repair_6_males=6_nmar=1,6,1
0,9,1000,0,71.64856795091367,282.2286914256661,6.1552457301394545,0,0,0,585,D_pmar=0.054_dist=500_repair_6_males=6_nmar=1,6,1
0,2,1000,500,68.68765227091862,279.24373477928043,12.125003935761525,0,0,0,585,D_pmar=0.054_dist=500_repair_6_males=6_nmar=1,6,1
0.054,13,0,0,72.22888901446774,284.53598625923746,0,10,1,2.288658742710391,586,D_pmar=0.054_dist=500_repair_6_males=6_nmar=1,6,1
0,11,0,500,74.35028979681856,273.6778184120127,12.04839573076628,0,0,0,586,D_pmar=0.054_dist=500_repair_6_males=6_nmar=1,6,1
0,9,500,0,72.00554584823561,269.92971549039004,18.118870137675646,0,0,0,586,D_pmar=0.054_dist=500_repair_6_males=6_nmar=1,6,1
0,5,500,500,69.48562948013684,290.550225203346,0,0,0,0,586,D_pmar=0.054_dist=500_repair_6_males=6_nmar=1,6,1
0,10,1000,0,73.31337543830388,274.6524085364993,12.185346823235529,0,0,0,586,D_pmar=0.054_dist=500_repair_6_males=6_nmar=1,6,1
0,6,1000,500,68.63146982703178,277.84504126211675,13.687194072127763,0,0,0,586,D_pmar=0.054_dist=500_repair_6_males=6_nmar=1,6,1
0.054,10,0,0,70.69464542388673,284.87360146979904,0,20,2.0000000000000004,2.481105698705409,587,D_pmar=0.054_dist=500_repair_6_males=6_nmar=1,6,1
0,10,0,500,72.56743421208765,263.12313165632133,24.365751841888493,0,0,0,587,D_pmar=0.054_dist=500_repair_6_males=6_nmar=1,6,1
0,8,500,0,68.91439975116124,260.93243985449533,30.31301943443229,0,0,0,587,D_pmar=0.054_dist=500_repair_6_males=6_nmar=1,6,1
0,8,500,500,65.71094309330336,288.4741944885811,6.016503504963722,0,0,0,587,D_pmar=0.054_dist=500_repair_6_males=6_nmar=1,6,1
0,10,1000,0,72.79211167962757,256.5771767149059,30.763079561532663,0,0,0,587,D_pmar=0.054_dist=500_repair_6_males=6_nmar=1,6,1
0,8,1000,500,70.71751346124628,258.95945622233,30.534716088113825,0,0,0,587,D_pmar=0.054_dist=500_repair_6_males=6_nmar=1,6,1
0,9,0,0,69.97786378959472,277.9191622742644,12.145569297441718,0,0,0,588,D_pmar=0.054_dist=500_repair_6_males=6_nmar=1,6,1
0,15,0,500,70.18053599436168,257.7460537481038,32.09556098907978,0,0,0,588,D_pmar=0.054_dist=500_repair_6_males=6_nmar=1,6,1
0,6,500,0,71.45634464088705,270.28381125704203,18.317530485394062,0,0,0,588,D_pmar=0.054_dist=500_repair_6_males=6_nmar=1,6,1
0.054,4,500,500,71.68451913301857,284.4877003611685,0,14,1.4,2.674234072559754,588,D_pmar=0.054_dist=500_repair_6_males=6_nmar=1,6,1
0,11,1000,0,66.85323480782398,287.23397621284016,6.059397888793506,0,0,0,588,D_pmar=0.054_dist=500_repair_6_males=6_nmar=1,6,1
0,9,1000,500,68.4062261623342,279.40178858318717,12.220746822274414,0,0,0,588,D_pmar=0.054_dist=500_repair_6_males=6_nmar=1,6,1
0,9,0,0,73.44773968581362,262.0794975452942,24.594910416454663,0,0,0,589,D_pmar=0.054_dist=500_repair_6_males=6_nmar=1,6,1
0,8,0,500,72.32901306168986,275.2934421852856,12.41875498643758,0,0,0,589,D_pmar=0.054_dist=500_repair_6_males=6_nmar=1,6,1
0,11,500,0,73.11112046750199,243.8029283152059,43.18293981180216,0,0,0,589,D_pmar=0.054_dist=500_repair_6_males=6_nmar=1,6,1
0,6,500,500,68.06409321640818,285.96791090340486,6.033364187160488,0,0,0,589,D_pmar=0.054_dist=500_repair_6_males=6_nmar=1,6,1
0.054,11,1000,0,69.72329978921215,286.1025005610866,0,19,1.9000000000000008,2.3789248292060305,589,D_pmar=0.054_dist=500_repair_6_males=6_nmar=1,6,1
0,9,1000,500,70.28109882964328,259.28541429094554,30.503558192285077,0,0,0,589,D_pmar=0.054_dist=500_repair_6_males=6_nmar=1,6,1
0,5,0,0,70.98834028126754,264.9003071877816,24.2642990736591,0,0,0,58,D_pmar=0.054_dist=500_repair_6_males=6_nmar=1,6,1
0,7,0,500,76.06788731252949,278.0408266132608,6.071568040499477,0,0,0,58,D_pmar=0.054_dist=500_repair_6_males=6_nmar=1,6,1
0.054,15,500,0,74.69527220442176,281.8890415152079,0,16,1.6000000000000003,2.1616846368252376,58,D_pmar=0.054_dist=500_repair_6_males=6_nmar=1,6,1
0,8,500,500,73.37559035942239,256.1405622925389,30.620687869831137,0,0,0,58,D_pmar=0.054_dist=500_repair_6_males=6_nmar=1,6,1
0,10,1000,0,73.67054754589971,255.7758827790711,30.606638459337773,0,0,0,58,D_pmar=0.054_dist=500_repair_6_males=6_nmar=1,6,1
0,9,1000,500,70.09393597136172,283.9998033578866,6.1108091212478985,0,0,0,58,D_pmar=0.054_dist=500_repair_6_males=6_nmar=1,6,1
0,11,0,0,68.81605560177016,273.1197278097073,18.251917699896744,0,0,0,590,D_pmar=0.054_dist=500_repair_6_males=6_nmar=1,6,1
0.054,12,0,500,72.29203371093995,285.4852009641135,0,7,0.7,1.596540804362896,590,D_pmar=0.054_dist=500_repair_6_males=6_nmar=1,6,1
0,8,500,0,68.59733889713395,285.4024952586029,6.027207428623076,0,0,0,590,D_pmar=0.054_dist=500_repair_6_males=6_nmar=1,6,1
0,6,500,500,72.85202193138262,281.34889594713303,6.022622470422818,0,0,0,590,D_pmar=0.054_dist=500_repair_6_males=6_nmar=1,6,1
0,9,1000,0,66.1025390029778,293.97996699029846,0,0,0,0,590,D_pmar=0.054_dist=500_repair_6_males=6_nmar=1,6,1
0,8,1000,500,72.24677634595861,275.59488456739007,12.188118150823104,0,0,0,590,D_pmar=0.054_dist=500_repair_6_males=6_nmar=1,6,1
0.054,8,0,0,74.79617948289454,282.171153859592,0,12,1.2,2.057177261228907,591,D_pmar=0.054_dist=500_repair_6_males=6_nmar=1,6,1
0,5,0,500,69.87874085799909,271.92888895269704,18.298264373636034,0,0,0,591,D_pmar=0.054_dist=500_repair_6_males=6_nmar=1,6,1
0,6,500,0,71.2260216496996,258.720105312142,30.215136064565655,0,0,0,591,D_pmar=0.054_dist=500_repair_6_males=6_nmar=1,6,1
0,14,500,500,68.79198658947763,285.25301442107144,6.079032640933503,0,0,0,591,D_pmar=0.054_dist=500_repair_6_males=6_nmar=1,6,1
0,10,1000,0,69.93195434345827,272.1915647834214,18.229361940741008,0,0,0,591,D_pmar=0.054_dist=500_repair_6_males=6_nmar=1,6,1
0,11,1000,500,69.56112060231219,290.53729382515627,0,0,0,0,591,D_pmar=0.054_dist=500_repair_6_males=6_nmar=1,6,1
0,11,0,0,74.78190996589862,267.2710053112888,18.15693061140625,0,0,0,592,D_pmar=0.054_dist=500_repair_6_males=6_nmar=1,6,1
0,10,0,500,71.04458369967391,255.31441554764308,33.864365641840244,0,0,0,592,D_pmar=0.054_dist=500_repair_6_males=6_nmar=1,6,1
0,9,500,0,69.38447805288833,272.25456957963746,18.40916409360248,0,0,0,592,D_pmar=0.054_dist=500_repair_6_males=6_nmar=1,6,1
0,10,500,500,70.75262963989697,279.73964881613114,9.573472372884092,0,0,0,592,D_pmar=0.054_dist=500_repair_6_males=6_nmar=1,6,1
0,6,1000,0,71.68537573778316,276.34466963289196,12.095171780323003,0,0,0,592,D_pmar=0.054_dist=500_repair_6_males=6_nmar=1,6,1
0.054,8,1000,500,68.85225205496783,287.0353626066049,0,16,1.6000000000000003,2.5505501431498536,592,D_pmar=0.054_dist=500_repair_6_males=6_nmar=1,6,1
0,10,0,0,70.98076747605927,258.5691511376861,30.517668527679103,0,0,0,593,D_pmar=0.054_dist=500_repair_6_males=6_nmar=1,6,1
0.054,11,0,500,71.1029003854695,284.6064855115674,0,20,2.0000000000000004,2.334955039006687,593,D_pmar=0.054_dist=500_repair_6_males=6_nmar=1,6,1
0,6,500,0,71.13715013691663,288.88331433154497,0,0,0,0,593,D_pmar=0.054_dist=500_repair_6_males=6_nmar=1,6,1
0,5,500,500,72.72271054771508,262.8612729803616,24.58593170565291,0,0,0,593,D_pmar=0.054_dist=500_repair_6_males=6_nmar=1,6,1
0,12,1000,0,70.22283012097829,277.81531729401456,12.0468741032066,0,0,0,593,D_pmar=0.054_dist=500_repair_6_males=6_nmar=1,6,1
0,10,1000,500,74.25648076813104,231.1381500753715,54.660866510850816,0,0,0,593,D_pmar=0.054_dist=500_repair_6_males=6_nmar=1,6,1
0.054,13,0,0,70.40213382004113,285.9077541904276,0,14,1.4,2.4027543952135058,594,D_pmar=0.054_dist=500_repair_6_males=6_nmar=1,6,1
0,11,0,500,71.72610188079781,258.03792014959186,30.441976210051156,0,0,0,594,D_pmar=0.054_dist=500_repair_6_males=6_nmar=1,6,1
0,6,500,0,68.77526339243695,272.9803930317727,18.257497472735007,0,0,0,594,D_pmar=0.054_dist=500_repair_6_males=6_nmar=1,6,1
0,4,500,500,68.27296653092371,279.4657201424566,12.312273247926871,0,0,0,594,D_pmar=0.054_dist=500_repair_6_males=6_nmar=1,6,1
0,10,1000,0,70.44414484214694,265.3127844331886,24.256125869216856,0,0,0,594,D_pmar=0.054_dist=500_repair_6_males=6_nmar=1,6,1
0,10,1000,500,69.5634586071003,290.43866928296654,0,0,0,0,594,D_pmar=0.054_dist=500_repair_6_males=6_nmar=1,6,1
0,15,0,0,73.50580573623657,286.5706429700317,0,0,0,0,595,D_pmar=0.054_dist=500_repair_6_males=6_nmar=1,6,1
0,8,0,500,69.07997166037693,266.54080363505796,24.40610501569081,0,0,0,595,D_pmar=0.054_dist=500_repair_6_males=6_nmar=1,6,1
0,12,500,0,71.6820444083576,276.0616139113135,12.294053679764671,0,0,0,595,D_pmar=0.054_dist=500_repair_6_males=6_nmar=1,6,1
0,6,500,500,70.63009574174433,250.43077405471308,39.06627030824187,0,0,0,595,D_pmar=0.054_dist=500_repair_6_males=6_nmar=1,6,1
0,3,1000,0,72.64249279698095,244.5381889601622,42.844857392302586,0,0,0,595,D_pmar=0.054_dist=500_repair_6_males=6_nmar=1,6,1
0.054,10,1000,500,74.49793567117231,281.3967277670911,0,20,2.0000000000000004,2.196066150117797,595,D_pmar=0.054_dist=500_repair_6_males=6_nmar=1,6,1
0,9,0,0,73.29683306036777,274.48614298356824,12.22152520532009,0,0,0,596,D_pmar=0.054_dist=500_repair_6_males=6_nmar=1,6,1
0,9,0,500,71.43817532902641,264.2349431511278,24.380481480986106,0,0,0,596,D_pmar=0.054_dist=500_repair_6_males=6_nmar=1,6,1
0,9,500,0,69.13336883400055,290.9135364220078,0,0,0,0,596,D_pmar=0.054_dist=500_repair_6_males=6_nmar=1,6,1
0,11,500,500,72.32369889414066,254.40117837213705,33.42059666365291,0,0,0,596,D_pmar=0.054_dist=500_repair_6_males=6_nmar=1,6,1
0,6,1000,0,75.20861855355544,248.18269695635624,36.61061215362321,0,0,0,596,D_pmar=0.054_dist=500_repair_6_males=6_nmar=1,6,1
0.054,10,1000,500,73.66125315480515,282.450726478368,0,18,1.8000000000000005,2.171272913732022,596,D_pmar=0.054_dist=500_repair_6_males=6_nmar=1,6,1
0.054,9,0,0,70.5572766248033,285.88925746854625,0,15,1.5000000000000002,2.0707371324702706,597,D_pmar=0.054_dist=500_repair_6_males=6_nmar=1,6,1
0,10,0,500,70.09251823572636,265.6636928792523,24.38472358738136,0,0,0,597,D_pmar=0.054_dist=500_repair_6_males=6_nmar=1,6,1
0,10,500,0,70.48974651261452,252.94183708061377,36.699413201153725,0,0,0,597,D_pmar=0.054_dist=500_repair_6_males=6_nmar=1,6,1
0,6,500,500,69.15880989403715,284.6991913912427,6.176492863363606,0,0,0,597,D_pmar=0.054_dist=500_repair_6_males=6_nmar=1,6,1
0,8,1000,0,72.13493992530702,269.66705930983403,18.360716713374966,0,0,0,597,D_pmar=0.054_dist=500_repair_6_males=6_nmar=1,6,1
0,11,1000,500,73.83713725972842,280.1849304395492,6.05142997452323,0,0,0,597,D_pmar=0.054_dist=500_repair_6_males=6_nmar=1,6,1
0,6,0,0,72.24737758054646,263.42486709214126,24.35493163290815,0,0,0,598,D_pmar=0.054_dist=500_repair_6_males=6_nmar=1,6,1
0.054,8,0,500,70.37607731950933,284.61795824116535,0,20,2.0000000000000004,3.0247464712572323,598,D_pmar=0.054_dist=500_repair_6_males=6_nmar=1,6,1
0,4,500,0,70.8411564650599,270.7665640094239,18.472389666589645,0,0,0,598,D_pmar=0.054_dist=500_repair_6_males=6_nmar=1,6,1
0,12,500,500,71.20396955083088,246.12324226916243,42.71435861079167,0,0,0,598,D_pmar=0.054_dist=500_repair_6_males=6_nmar=1,6,1
0,13,1000,0,68.44405917093374,273.2250519080707,18.402554033745655,0,0,0,598,D_pmar=0.054_dist=500_repair_6_males=6_nmar=1,6,1
0,11,1000,500,65.43056050765232,276.19353900037896,18.377194860084177,0,0,0,598,D_pmar=0.054_dist=500_repair_6_males=6_nmar=1,6,1
0,13,0,0,68.73208889714587,260.7306392555804,30.67720391944917,0,0,0,599,D_pmar=0.054_dist=500_repair_6_males=6_nmar=1,6,1
0,4,0,500,71.09715704568609,276.5808979906358,12.333638372719092,0,0,0,599,D_pmar=0.054_dist=500_repair_6_males=6_nmar=1,6,1
0.054,8,500,0,68.1597870389217,288.29395219576924,0,16,1.6000000000000003,2.121005023101146,599,D_pmar=0.054_dist=500_repair_6_males=6_nmar=1,6,1
0,12,500,500,71.49222974796061,270.234487051971,18.41060581997877,0,0,0,599,D_pmar=0.054_dist=500_repair_6_males=6_nmar=1,6,1
0,7,1000,0,71.73309882599952,265.8586424770663,22.419149792777684,0,0,0,599,D_pmar=0.054_dist=500_repair_6_males=6_nmar=1,6,1
0,10,1000,500,70.4214635933265,277.5796750968825,12.042457491739508,0,0,0,599,D_pmar=0.054_dist=500_repair_6_males=6_nmar=1,6,1
0,5,0,0,67.68272083033625,280.14286682444066,12.2091524592023,0,0,0,59,D_pmar=0.054_dist=500_repair_6_males=6_nmar=1,6,1
0,10,0,500,69.63712422511988,290.40065310454713,0,0,0,0,59,D_pmar=0.054_dist=500_repair_6_males=6_nmar=1,6,1
0,9,500,0,69.85722060674998,277.7852434424886,12.369965471826914,0,0,0,59,D_pmar=0.054_dist=500_repair_6_males=6_nmar=1,6,1
0,11,500,500,66.77057752130231,293.2323775041107,0,0,0,0,59,D_pmar=0.054_dist=500_repair_6_males=6_nmar=1,6,1
0.054,12,1000,0,67.47015901050437,289.7463157170891,0,10,1,2.018824153601768,59,D_pmar=0.054_dist=500_repair_6_males=6_nmar=1,6,1
0,7,1000,500,68.55892734849989,254.78149321158725,36.8241923375991,0,0,0,59,D_pmar=0.054_dist=500_repair_6_males=6_nmar=1,6,1
0,10,0,0,71.76301256194085,257.82470789221236,30.518559023173307,0,0,0,600,D_pmar=0.054_dist=500_repair_6_males=6_nmar=1,6,1
0,5,0,500,75.23339301203977,260.58227677082135,24.404421293747426,0,0,0,600,D_pmar=0.054_dist=500_repair_6_males=6_nmar=1,6,1
0.054,6,500,0,66.49164112382958,289.0795384486964,0,20,2.0000000000000004,2.438780996743692,600,D_pmar=0.054_dist=500_repair_6_males=6_nmar=1,6,1
0,12,500,500,74.33116558903242,255.0191844381136,30.651293781596536,0,0,0,600,D_pmar=0.054_dist=500_repair_6_males=6_nmar=1,6,1
0,9,1000,0,69.5351709328188,266.3448403497163,24.31634341892534,0,0,0,600,D_pmar=0.054_dist=500_repair_6_males=6_nmar=1,6,1
0,12,1000,500,67.16588720866416,280.747006820144,12.332889215698932,0,0,0,600,D_pmar=0.054_dist=500_repair_6_males=6_nmar=1,6,1
0,8,0,0,71.46508109609097,251.9822388276435,36.583599066572845,0,0,0,601,D_pmar=0.054_dist=500_repair_6_males=6_nmar=1,6,1
0,7,0,500,74.36588633889139,273.49426285590795,12.202509244654289,0,0,0,601,D_pmar=0.054_dist=500_repair_6_males=6_nmar=1,6,1
0.054,9,500,0,74.1330091644117,281.4758907692571,0,20,2.0000000000000004,2.5760247973949553,601,D_pmar=0.054_dist=500_repair_6_males=6_nmar=1,6,1
0,6,500,500,71.35591396682211,251.96419509356923,36.97093977973075,0,0,0,601,D_pmar=0.054_dist=500_repair_6_males=6_nmar=1,6,1
0,10,1000,0,70.9895103410286,270.9821725953111,18.06684962594242,0,0,0,601,D_pmar=0.054_dist=500_repair_6_males=6_nmar=1,6,1
0,14,1000,500,72.80035462712094,270.94099901870743,16.32557292212224,0,0,0,601,D_pmar=0.054_dist=500_repair_6_males=6_nmar=1,6,1
0,9,0,0,71.04676570772621,258.6142876707447,30.38349956866775,0,0,0,602,D_pmar=0.054_dist=500_repair_6_males=6_nmar=1,6,1
0,5,0,500,73.57121742675493,280.3870554883791,6.180732927038093,0,0,0,602,D_pmar=0.054_dist=500_repair_6_males=6_nmar=1,6,1
0.054,13,500,0,73.71978344920144,282.29182663249327,0,18,1.8000000000000005,2.261539000227663,602,D_pmar=0.054_dist=500_repair_6_males=6_nmar=1,6,1
0,4,500,500,73.67466192162202,249.86668493491825,36.47391596519229,0,0,0,602,D_pmar=0.054_dist=500_repair_6_males=6_nmar=1,6,1
0,15,1000,0,69.10807658553426,272.78423704076124,18.2677939383199,0,0,0,602,D_pmar=0.054_dist=500_repair_6_males=6_nmar=1,6,1
0,8,1000,500,68.95817971619125,272.3047301869899,18.76151091504719,0,0,0,602,D_pmar=0.054_dist=500_repair_6_males=6_nmar=1,6,1
0,7,0,0,69.11530600574079,266.75154154085527,24.243431572755515,0,0,0,603,D_pmar=0.054_dist=500_repair_6_males=6_nmar=1,6,1
0,12,0,500,69.51650405507355,284.42165359687914,6.2078846645079855,0,0,0,603,D_pmar=0.054_dist=500_repair_6_males=6_nmar=1,6,1
0.054,16,500,0,73.5392770475042,282.1086722353291,0,19,1.9000000000000008,2.529728501098659,603,D_pmar=0.054_dist=500_repair_6_males=6_nmar=1,6,1
0,5,500,500,72.46428279373293,244.4140990965399,43.16265031389526,0,0,0,603,D_pmar=0.054_dist=500_repair_6_males=6_nmar=1,6,1
0,9,1000,0,70.83763692665909,262.03372896638325,27.25578394140405,0,0,0,603,D_pmar=0.054_dist=500_repair_6_males=6_nmar=1,6,1
0,5,1000,500,72.25253197888733,275.65253851642086,12.15791724809711,0,0,0,603,D_pmar=0.054_dist=500_repair_6_males=6_nmar=1,6,1
0,9,0,0,68.45400423128436,279.2565634039581,12.379389910165166,0,0,0,604,D_pmar=0.054_dist=500_repair_6_males=6_nmar=1,6,1
0,11,0,500,71.03692771189613,264.77348064086146,24.450273352388912,0,0,0,604,D_pmar=0.054_dist=500_repair_6_males=6_nmar=1,6,1
0,6,500,0,68.45355431673433,267.2040464172064,24.477860816291575,0,0,0,604,D_pmar=0.054_dist=500_repair_6_males=6_nmar=1,6,1
0,12,500,500,71.64960872771474,276.11577082163615,12.271170159465232,0,0,0,604,D_pmar=0.054_dist=500_repair_6_males=6_nmar=1,6,1
0,4,1000,0,71.00857947528785,260.98677922898406,28.01062128734181,0,0,0,604,D_pmar=0.054_dist=500_repair_6_males=6_nmar=1,6,1
0.054,12,1000,500,68.66716285890908,287.2832002628473,0,17,1.7000000000000004,2.700672397183155,604,D_pmar=0.054_dist=500_repair_6_males=6_nmar=1,6,1
0.054,14,0,0,71.07267740032384,285.45629157974247,0,10,1,2.6742340725597544,605,D_pmar=0.054_dist=500_repair_6_males=6_nmar=1,6,1
0,8,0,500,74.60891983735632,285.5082974804223,0,0,0,0,605,D_pmar=0.054_dist=500_repair_6_males=6_nmar=1,6,1
0,9,500,0,69.79173333785181,247.6151945721733,42.66849719517566,0,0,0,605,D_pmar=0.054_dist=500_repair_6_males=6_nmar=1,6,1
0,9,500,500,70.87519327326149,284.4659990276386,4.891347706065585,0,0,0,605,D_pmar=0.054_dist=500_repair_6_males=6_nmar=1,6,1
0,9,1000,0,71.1267444185664,276.6953432736905,12.23136391942279,0,0,0,605,D_pmar=0.054_dist=500_repair_6_males=6_nmar=1,6,1
0,5,1000,500,70.1974623522347,289.8309679853472,0,0,0,0,605,D_pmar=0.054_dist=500_repair_6_males=6_nmar=1,6,1
0,8,0,0,71.0952035957719,258.73331552836123,30.312741622848534,0,0,0,606,D_pmar=0.054_dist=500_repair_6_males=6_nmar=1,6,1
0.054,9,0,500,70.73587369369295,285.2061437005962,0,18,1.8000000000000005,2.363719869727041,606,D_pmar=0.054_dist=500_repair_6_males=6_nmar=1,6,1
0,11,500,0,67.01321448110623,274.9228581846549,18.24541256830079,0,0,0,606,D_pmar=0.054_dist=500_repair_6_males=6_nmar=1,6,1
0,7,500,500,68.36891209184375,266.91565309172773,24.75655608492782,0,0,0,606,D_pmar=0.054_dist=500_repair_6_males=6_nmar=1,6,1
0,11,1000,0,69.58080692732527,278.2471109056218,12.242120849687216,0,0,0,606,D_pmar=0.054_dist=500_repair_6_males=6_nmar=1,6,1
0,8,1000,500,72.9311489439675,262.7189407564167,24.40510577417766,0,0,0,606,D_pmar=0.054_dist=500_repair_6_males=6_nmar=1,6,1
0,10,0,0,70.75175767748908,277.2651160413884,12.14706683345848,0,0,0,607,D_pmar=0.054_dist=500_repair_6_males=6_nmar=1,6,1
0,8,0,500,71.17085902844957,282.92384902411027,6.010115722061199,0,0,0,607,D_pmar=0.054_dist=500_repair_6_males=6_nmar=1,6,1
0.054,7,500,0,71.35699736974033,284.34010866811514,0,18,1.8000000000000005,2.5952013512085244,607,D_pmar=0.054_dist=500_repair_6_males=6_nmar=1,6,1
0,8,500,500,68.69993798604628,248.66004003112732,42.75905012461242,0,0,0,607,D_pmar=0.054_dist=500_repair_6_males=6_nmar=1,6,1
0,9,1000,0,71.78997945981668,252.6125638868357,35.6514557583463,0,0,0,607,D_pmar=0.054_dist=500_repair_6_males=6_nmar=1,6,1
0,12,1000,500,71.13698186116402,277.2083829494098,11.73450787870672,0,0,0,607,D_pmar=0.054_dist=500_repair_6_males=6_nmar=1,6,1
0,10,0,0,71.40516276129463,276.56626928296697,12.185611496395513,0,0,0,608,D_pmar=0.054_dist=500_repair_6_males=6_nmar=1,6,1
0,7,0,500,69.460204824331,266.2956410555237,24.36799771487235,0,0,0,608,D_pmar=0.054_dist=500_repair_6_males=6_nmar=1,6,1
0,9,500,0,69.9853089131152,284.10762604379227,6.012613643536979,0,0,0,608,D_pmar=0.054_dist=500_repair_6_males=6_nmar=1,6,1
0,12,500,500,73.43227116823678,225.4831494780568,61.09158633841319,0,0,0,608,D_pmar=0.054_dist=500_repair_6_males=6_nmar=1,6,1
0,6,1000,0,70.68725594480911,264.9874026409227,24.51667075616705,0,0,0,608,D_pmar=0.054_dist=500_repair_6_males=6_nmar=1,6,1
0.054,10,1000,500,69.98002673044111,285.28096025757435,0,21,2.1000000000000005,2.716558774521472,608,D_pmar=0.054_dist=500_repair_6_males=6_nmar=1,6,1
0,8,0,0,65.42579721809197,276.23215907799005,18.400678518388663,0,0,0,609,D_pmar=0.054_dist=500_repair_6_males=6_nmar=1,6,1
0,12,0,500,72.66771209280472,281.2950461867729,6.276052038822146,0,0,0,609,D_pmar=0.054_dist=500_repair_6_males=6_nmar=1,6,1
0,6,500,0,69.66804836021839,274.93930345472796,15.41279713584832,0,0,0,609,D_pmar=0.054_dist=500_repair_6_males=6_nmar=1,6,1
0,10,500,500,73.72254880435622,267.9205237944092,18.371474943040475,0,0,0,609,D_pmar=0.054_dist=500_repair_6_males=6_nmar=1,6,1
0.054,10,1000,0,70.08466364155905,286.4842903302274,0,15,1.5000000000000002,1.9645846686363144,609,D_pmar=0.054_dist=500_repair_6_males=6_nmar=1,6,1
0,8,1000,500,71.46425047912095,258.3385173450472,30.286892231820374,0,0,0,609,D_pmar=0.054_dist=500_repair_6_males=6_nmar=1,6,1
0,8,0,0,68.58529811234179,273.1922154405792,18.299745224316084,0,0,0,60,D_pmar=0.054_dist=500_repair_6_males=6_nmar=1,6,1
0,8,0,500,72.80787728289161,281.30877462484847,6.040942060997529,0,0,0,60,D_pmar=0.054_dist=500_repair_6_males=6_nmar=1,6,1
0.054,13,500,0,73.82101539114552,282.73961773457853,0,13,1.3,2.2575674058930835,60,D_pmar=0.054_dist=500_repair_6_males=6_nmar=1,6,1
0,9,500,500,71.20931843782688,264.29907511567535,24.670421434352207,0,0,0,60,D_pmar=0.054_dist=500_repair_6_males=6_nmar=1,6,1
0,10,1000,0,72.1917206474617,272.3852084817432,15.462727819577044,0,0,0,60,D_pmar=0.054_dist=500_repair_6_males=6_nmar=1,6,1
0,6,1000,500,71.94895219787279,275.837486781341,12.277031177478452,0,0,0,60,D_pmar=0.054_dist=500_repair_6_males=6_nmar=1,6,1
0,10,0,0,73.70103142573087,243.33808076808495,42.99377357309029,0,0,0,610,D_pmar=0.054_dist=500_repair_6_males=6_nmar=1,6,1
0,13,0,500,72.93951583465409,268.95099968175145,18.25277965097696,0,0,0,610,D_pmar=0.054_dist=500_repair_6_males=6_nmar=1,6,1
0.054,9,500,0,69.25708656060863,286.25760221661994,0,21,2.1000000000000005,2.662319289556017,610,D_pmar=0.054_dist=500_repair_6_males=6_nmar=1,6,1
0,3,500,500,69.36798204139174,254.14178252974153,36.615498489684285,0,0,0,610,D_pmar=0.054_dist=500_repair_6_males=6_nmar=1,6,1
0,10,1000,0,68.42482477045832,267.2168664345037,24.570691433539196,0,0,0,610,D_pmar=0.054_dist=500_repair_6_males=6_nmar=1,6,1
0,9,1000,500,68.00348276311524,286.07108165867743,6.030072168886884,0,0,0,610,D_pmar=0.054_dist=500_repair_6_males=6_nmar=1,6,1
0,10,0,0,68.71120292215917,279.2212355130631,12.266185023680288,0,0,0,611,D_pmar=0.054_dist=500_repair_6_males=6_nmar=1,6,1
0,7,0,500,69.8473646330586,272.1006353281774,18.20142961700987,0,0,0,611,D_pmar=0.054_dist=500_repair_6_males=6_nmar=1,6,1
0,7,500,0,74.83744186977417,242.31830766497703,42.921320260187635,0,0,0,611,D_pmar=0.054_dist=500_repair_6_males=6_nmar=1,6,1
0,10,500,500,64.83464702798652,277.05273507373687,18.23682584062641,0,0,0,611,D_pmar=0.054_dist=500_repair_6_males=6_nmar=1,6,1
0.054,12,1000,0,69.34681366528207,286.29236740621883,0,19,1.9000000000000008,2.7820316246313377,611,D_pmar=0.054_dist=500_repair_6_males=6_nmar=1,6,1
0,8,1000,500,72.87118903543019,262.6922762638353,24.45395034113176,0,0,0,611,D_pmar=0.054_dist=500_repair_6_males=6_nmar=1,6,1
0,8,0,0,69.77230780294978,271.9023672904415,18.385476004987098,0,0,0,612,D_pmar=0.054_dist=500_repair_6_males=6_nmar=1,6,1
0.054,8,0,500,69.71806426634963,286.54589035414756,0,17,1.7000000000000004,2.18415136711406,612,D_pmar=0.054_dist=500_repair_6_males=6_nmar=1,6,1
0,13,500,0,73.7516745282216,268.1761104447382,18.176389901255668,0,0,0,612,D_pmar=0.054_dist=500_repair_6_males=6_nmar=1,6,1
0,7,500,500,68.89833663399867,260.87615373077614,30.271763888167563,0,0,0,612,D_pmar=0.054_dist=500_repair_6_males=6_nmar=1,6,1
0,9,1000,0,69.96284069918904,271.9023623304815,18.292852414793916,0,0,0,612,D_pmar=0.054_dist=500_repair_6_males=6_nmar=1,6,1
0,9,1000,500,73.32845209154604,268.3260184935735,18.423666024259106,0,0,0,612,D_pmar=0.054_dist=500_repair_6_males=6_nmar=1,6,1
0,8,0,0,74.57348832008117,285.4265026352941,0.26760848811585947,0,0,0,613,D_pmar=0.054_dist=500_repair_6_males=6_nmar=1,6,1
0,9,0,500,67.9878191702244,273.9670037200885,18.25145941009223,0,0,0,613,D_pmar=0.054_dist=500_repair_6_males=6_nmar=1,6,1
0,11,500,0,74.8519458285031,272.8360225738729,12.38966757106,0,0,0,613,D_pmar=0.054_dist=500_repair_6_males=6_nmar=1,6,1
0,13,500,500,71.9338081177594,251.5356710207024,36.57195002366059,0,0,0,613,D_pmar=0.054_dist=500_repair_6_males=6_nmar=1,6,1
0,7,1000,0,71.6605038682822,270.0687745483407,18.348660628447075,0,0,0,613,D_pmar=0.054_dist=500_repair_6_males=6_nmar=1,6,1
0.054,6,1000,500,69.4270867630954,286.82681650948933,0,15,1.5000000000000002,2.595201351208524,613,D_pmar=0.054_dist=500_repair_6_males=6_nmar=1,6,1
0,3,0,0,69.39491651065732,278.56423116720504,12.102554800258082,0,0,0,614,D_pmar=0.054_dist=500_repair_6_males=6_nmar=1,6,1
0,12,0,500,69.68833560521641,290.44136603050043,0,0,0,0,614,D_pmar=0.054_dist=500_repair_6_males=6_nmar=1,6,1
0.054,13,500,0,73.1532270707901,283.42946074021313,0,14,1.4,2.176889596304228,614,D_pmar=0.054_dist=500_repair_6_males=6_nmar=1,6,1
0,5,500,500,66.27830271177136,256.83548666687983,36.89061426407492,0,0,0,614,D_pmar=0.054_dist=500_repair_6_males=6_nmar=1,6,1
0,11,1000,0,69.45804883117458,266.1202285870359,24.56820259751445,0,0,0,614,D_pmar=0.054_dist=500_repair_6_males=6_nmar=1,6,1
0,10,1000,500,68.93457762738474,278.8859170892768,12.22795063992261,0,0,0,614,D_pmar=0.054_dist=500_repair_6_males=6_nmar=1,6,1
0,9,0,0,70.52550508739982,271.13391372585454,18.42257203776865,0,0,0,615,D_pmar=0.054_dist=500_repair_6_males=6_nmar=1,6,1
0,7,0,500,70.65893783376717,271.11171692033724,18.272735798631356,0,0,0,615,D_pmar=0.054_dist=500_repair_6_males=6_nmar=1,6,1
0,4,500,0,71.32859061244652,270.5124437442971,18.179093610831533,0,0,0,615,D_pmar=0.054_dist=500_repair_6_males=6_nmar=1,6,1
0.054,10,500,500,71.51872097334366,285.3479130799894,0,13,1.3,1.931848243581381,615,D_pmar=0.054_dist=500_repair_6_males=6_nmar=1,6,1
0,12,1000,0,66.17980602797277,293.882829415166,0,0,0,0,615,D_pmar=0.054_dist=500_repair_6_males=6_nmar=1,6,1
0,12,1000,500,70.0936093117967,265.4331873404411,24.59573053847672,0,0,0,615,D_pmar=0.054_dist=500_repair_6_males=6_nmar=1,6,1
0,7,0,0,72.13304693674044,245.4429013289674,42.6908842488917,0,0,0,616,D_pmar=0.054_dist=500_repair_6_males=6_nmar=1,6,1
0.054,6,0,500,71.66585411455401,284.4753862901194,0,18,1.8000000000000005,2.3852229296375635,616,D_pmar=0.054_dist=500_repair_6_males=6_nmar=1,6,1
0,10,500,0,72.37376515144298,275.2052504312739,12.428036610074551,0,0,0,616,D_pmar=0.054_dist=500_repair_6_males=6_nmar=1,6,1
0,14,500,500,72.51563907290088,273.47629547391364,14.066440248740196,0,0,0,616,D_pmar=0.054_dist=500_repair_6_males=6_nmar=1,6,1
0,8,1000,0,69.3972209051128,278.3570271895507,12.406468101210264,0,0,0,616,D_pmar=0.054_dist=500_repair_6_males=6_nmar=1,6,1
0,9,1000,500,70.3980068936414,265.13096515577826,24.481686932266665,0,0,0,616,D_pmar=0.054_dist=500_repair_6_males=6_nmar=1,6,1
0,10,0,0,70.73829753598196,258.81196542196506,30.610227434928365,0,0,0,617,D_pmar=0.054_dist=500_repair_6_males=6_nmar=1,6,1
0,8,0,500,74.12135084475491,249.29933839088665,36.60188423233174,0,0,0,617,D_pmar=0.054_dist=500_repair_6_males=6_nmar=1,6,1
0,10,500,0,72.12359749913098,245.7110285059143,42.49633161763141,0,0,0,617,D_pmar=0.054_dist=500_repair_6_males=6_nmar=1,6,1
0,8,500,500,71.67770867360808,276.0378485615424,12.333335040470006,0,0,0,617,D_pmar=0.054_dist=500_repair_6_males=6_nmar=1,6,1
0,9,1000,0,71.84985321200715,251.3373451438086,36.825861070806155,0,0,0,617,D_pmar=0.054_dist=500_repair_6_males=6_nmar=1,6,1
0.054,9,1000,500,71.19188442342204,283.33499263686826,0,26,2.600000000000001,2.876269305461557,617,D_pmar=0.054_dist=500_repair_6_males=6_nmar=1,6,1
0,9,0,0,70.60701541282276,271.4055209743742,18.219800039102537,0,0,0,618,D_pmar=0.054_dist=500_repair_6_males=6_nmar=1,6,1
0,11,0,500,69.71147316482563,290.2886635796742,0,0,0,0,618,D_pmar=0.054_dist=500_repair_6_males=6_nmar=1,6,1
0,8,500,0,72.54728766392155,256.83192641008645,30.6687945085092,0,0,0,618,D_pmar=0.054_dist=500_repair_6_males=6_nmar=1,6,1
0,11,500,500,70.25997740329741,283.7428320186773,6.02772709197125,0,0,0,618,D_pmar=0.054_dist=500_repair_6_males=6_nmar=1,6,1
0.054,9,1000,0,74.06888907595958,282.5238009178885,0,13,1.3,2.2407173581764672,618,D_pmar=0.054_dist=500_repair_6_males=6_nmar=1,6,1
0,6,1000,500,70.85384792536819,265.01360368430034,24.31298884598939,0,0,0,618,D_pmar=0.054_dist=500_repair_6_males=6_nmar=1,6,1
0,12,0,0,73.08793529807238,250.74291882888352,36.45214051363919,0,0,0,619,D_pmar=0.054_dist=500_repair_6_males=6_nmar=1,6,1
0,10,0,500,72.5738479396289,263.0562385481497,24.45079372075808,0,0,0,619,D_pmar=0.054_dist=500_repair_6_males=6_nmar=1,6,1
0.054,9,500,0,71.50666849201724,284.669677981504,0,14,1.4,2.5234304006671264,619,D_pmar=0.054_dist=500_repair_6_males=6_nmar=1,6,1
0,9,500,500,72.1813709972363,281.9376631234088,6.006687633534099,0,0,0,619,D_pmar=0.054_dist=500_repair_6_males=6_nmar=1,6,1
0,6,1000,0,71.90352063073733,282.18013462009236,6.04429439252034,0,0,0,619,D_pmar=0.054_dist=500_repair_6_males=6_nmar=1,6,1
0,8,1000,500,64.37911310435227,283.4203720070633,12.260878326298972,0,0,0,619,D_pmar=0.054_dist=500_repair_6_males=6_nmar=1,6,1
0.054,6,0,0,71.6832841608587,285.0731436538882,0,11,1.1,2.1497698538215007,61,D_pmar=0.054_dist=500_repair_6_males=6_nmar=1,6,1
0,5,0,500,67.38006585662117,274.5879516343089,18.25213039517732,0,0,0,61,D_pmar=0.054_dist=500_repair_6_males=6_nmar=1,6,1
0,14,500,0,73.80551661415193,256.2613249614098,30.232040663759133,0,0,0,61,D_pmar=0.054_dist=500_repair_6_males=6_nmar=1,6,1
0,12,500,500,68.97922473249446,285.16923074823035,6.065575183202186,0,0,0,61,D_pmar=0.054_dist=500_repair_6_males=6_nmar=1,6,1
0,9,1000,0,66.51416272096932,287.7495278991072,6.008105005872208,0,0,0,61,D_pmar=0.054_dist=500_repair_6_males=6_nmar=1,6,1
0,8,1000,500,73.48717643879016,280.3706420212504,6.2991122601924054,0,0,0,61,D_pmar=0.054_dist=500_repair_6_males=6_nmar=1,6,1
0,11,0,0,73.44871125141371,280.36994404838094,6.194912805804923,0,0,0,620,D_pmar=0.054_dist=500_repair_6_males=6_nmar=1,6,1
0,7,0,500,68.55349068467919,267.49351150912213,24.282065861896328,0,0,0,620,D_pmar=0.054_dist=500_repair_6_males=6_nmar=1,6,1
0,5,500,0,71.21958138985003,282.68040417325363,6.131291719187385,0,0,0,620,D_pmar=0.054_dist=500_repair_6_males=6_nmar=1,6,1
0,11,500,500,72.73031685756997,250.26710517210617,37.02004727240354,0,0,0,620,D_pmar=0.054_dist=500_repair_6_males=6_nmar=1,6,1
0,9,1000,0,71.2585231729299,239.8520841750976,48.98409018879837,0,0,0,620,D_pmar=0.054_dist=500_repair_6_males=6_nmar=1,6,1
0.054,11,1000,500,70.43158391388928,285.11763236555674,0,20,2.0000000000000004,2.6199945875942996,620,D_pmar=0.054_dist=500_repair_6_males=6_nmar=1,6,1
0.054,10,0,0,69.62711399413618,286.01793153438393,0,18,1.8000000000000005,2.6934106263733235,621,D_pmar=0.054_dist=500_repair_6_males=6_nmar=1,6,1
0,9,0,500,70.0764411230864,259.4241612883174,30.55027231633381,0,0,0,621,D_pmar=0.054_dist=500_repair_6_males=6_nmar=1,6,1
0,16,500,0,71.85617221720359,245.50034802629577,42.70508552660106,0,0,0,621,D_pmar=0.054_dist=500_repair_6_males=6_nmar=1,6,1
0,6,500,500,69.30017754519982,278.5030309702718,12.233442697378548,0,0,0,621,D_pmar=0.054_dist=500_repair_6_males=6_nmar=1,6,1
0,5,1000,0,72.25148608426647,263.2569301950486,24.606703384859028,0,0,0,621,D_pmar=0.054_dist=500_repair_6_males=6_nmar=1,6,1
0,8,1000,500,66.25095131214904,293.85109591103554,0,0,0,0,621,D_pmar=0.054_dist=500_repair_6_males=6_nmar=1,6,1
0,8,0,0,72.1869339811324,275.61309503997387,12.293240547389695,0,0,0,622,D_pmar=0.054_dist=500_repair_6_males=6_nmar=1,6,1
0,7,0,500,70.95409935091119,276.97288900761424,12.100249111855575,0,0,0,622,D_pmar=0.054_dist=500_repair_6_males=6_nmar=1,6,1
0,11,500,0,73.8789608028774,269.02352032007616,17.211854255641814,0,0,0,622,D_pmar=0.054_dist=500_repair_6_males=6_nmar=1,6,1
0.054,10,500,500,72.90948316496618,283.714407547135,0,12,1.2,2.3828964235406103,622,D_pmar=0.054_dist=500_repair_6_males=6_nmar=1,6,1
0,8,1000,0,71.03775376504676,264.55255806572114,24.426644327246635,0,0,0,622,D_pmar=0.054_dist=500_repair_6_males=6_nmar=1,6,1
0,10,1000,500,71.3387673831149,282.7984468095303,6.040071210019486,0,0,0,622,D_pmar=0.054_dist=500_repair_6_males=6_nmar=1,6,1
0,10,0,0,68.58166983644753,273.09843288101547,18.392961335321175,0,0,0,623,D_pmar=0.054_dist=500_repair_6_males=6_nmar=1,6,1
0,11,0,500,74.09624324911069,267.98370981967685,18.23813252385287,0,0,0,623,D_pmar=0.054_dist=500_repair_6_males=6_nmar=1,6,1
0,7,500,0,67.30556155988452,274.4312078085636,18.41080749849031,0,0,0,623,D_pmar=0.054_dist=500_repair_6_males=6_nmar=1,6,1
0.054,13,500,500,70.75888719202898,285.05558006648056,0,14,1.4,2.8458593865035775,623,D_pmar=0.054_dist=500_repair_6_males=6_nmar=1,6,1
0,3,1000,0,73.51944024665264,274.5962260057977,12.074037620754757,0,0,0,623,D_pmar=0.054_dist=500_repair_6_males=6_nmar=1,6,1
0,10,1000,500,66.78268935094106,274.8406220817337,18.491014485356448,0,0,0,623,D_pmar=0.054_dist=500_repair_6_males=6_nmar=1,6,1
0,10,0,0,64.59592817970781,271.1732277609215,24.297770684936403,0,0,0,624,D_pmar=0.054_dist=500_repair_6_males=6_nmar=1,6,1
0,8,0,500,71.9419575214234,288.2425011272876,0,0,0,0,624,D_pmar=0.054_dist=500_repair_6_males=6_nmar=1,6,1
0.054,6,500,0,73.07661753035939,282.72032061832914,0,17,1.7000000000000004,2.7628550708177686,624,D_pmar=0.054_dist=500_repair_6_males=6_nmar=1,6,1
0,4,500,500,69.96779702846185,271.52718990366725,18.60302024030041,0,0,0,624,D_pmar=0.054_dist=500_repair_6_males=6_nmar=1,6,1
0,13,1000,0,70.57221717111531,246.6751409519716,42.81554487040226,0,0,0,624,D_pmar=0.054_dist=500_repair_6_males=6_nmar=1,6,1
0,13,1000,500,69.50849766126258,272.56827499626525,18.189994866122948,0,0,0,624,D_pmar=0.054_dist=500_repair_6_males=6_nmar=1,6,1
0,13,0,0,69.27811327537603,272.40473618197154,18.32089742590914,0,0,0,625,D_pmar=0.054_dist=500_repair_6_males=6_nmar=1,6,1
0,9,0,500,69.74172229912895,241.52907000981295,48.95836337552897,0,0,0,625,D_pmar=0.054_dist=500_repair_6_males=6_nmar=1,6,1
0,5,500,0,69.89140741943359,253.51008167025435,36.773413447373485,0,0,0,625,D_pmar=0.054_dist=500_repair_6_males=6_nmar=1,6,1
0.054,11,500,500,71.25930762604644,283.3600946845284,0,27,2.700000000000001,2.7724433477245536,625,D_pmar=0.054_dist=500_repair_6_males=6_nmar=1,6,1
0,13,1000,0,71.34298772091375,276.47507654759306,12.18529342073545,0,0,0,625,D_pmar=0.054_dist=500_repair_6_males=6_nmar=1,6,1
0,3,1000,500,72.04480123319284,238.77929563808328,49.20038487273907,0,0,0,625,D_pmar=0.054_dist=500_repair_6_males=6_nmar=1,6,1
0,10,0,0,66.96959803506714,268.77472211345645,24.3400222516483,0,0,0,626,D_pmar=0.054_dist=500_repair_6_males=6_nmar=1,6,1
0,9,0,500,71.32631667713156,264.1787422964863,24.68494021586624,0,0,0,626,D_pmar=0.054_dist=500_repair_6_males=6_nmar=1,6,1
0,6,500,0,70.90896227261126,252.89152909317485,36.3668450139177,0,0,0,626,D_pmar=0.054_dist=500_repair_6_males=6_nmar=1,6,1
0.054,13,500,500,69.84838069034438,285.63463808090904,0,21,2.1000000000000005,2.429192719836907,626,D_pmar=0.054_dist=500_repair_6_males=6_nmar=1,6,1
0,8,1000,0,75.05759132584568,266.6776459879019,18.369133281033477,0,0,0,626,D_pmar=0.054_dist=500_repair_6_males=6_nmar=1,6,1
0,8,1000,500,72.82833851847919,263.08943089092554,24.297005761529416,0,0,0,626,D_pmar=0.054_dist=500_repair_6_males=6_nmar=1,6,1
0,8,0,0,71.8671817299947,275.84743017923165,12.317725679034991,0,0,0,627,D_pmar=0.054_dist=500_repair_6_males=6_nmar=1,6,1
0,7,0,500,71.6494627141718,258.10115790580477,30.37276220268959,0,0,0,627,D_pmar=0.054_dist=500_repair_6_males=6_nmar=1,6,1
0,9,500,0,69.0500365918847,278.62163907329125,12.37522379529732,0,0,0,627,D_pmar=0.054_dist=500_repair_6_males=6_nmar=1,6,1
0,4,500,500,70.64959728540563,246.7590445001892,42.65419456185659,0,0,0,627,D_pmar=0.054_dist=500_repair_6_males=6_nmar=1,6,1
0,10,1000,0,70.10651698044407,277.7746303774221,12.182706694729612,0,0,0,627,D_pmar=0.054_dist=500_repair_6_males=6_nmar=1,6,1
0.054,16,1000,500,72.99636210209619,282.3482740627263,0,18,1.8000000000000005,2.9553020268127868,627,D_pmar=0.054_dist=500_repair_6_males=6_nmar=1,6,1
0,9,0,0,72.03405303348785,288.09179291123894,0,0,0,0,628,D_pmar=0.054_dist=500_repair_6_males=6_nmar=1,6,1
0.054,7,0,500,70.28481201592723,287.14953414087216,0,5,0.5,2.08991368628384,628,D_pmar=0.054_dist=500_repair_6_males=6_nmar=1,6,1
0,8,500,0,69.69409199075812,278.0396137164065,12.286189373740834,0,0,0,628,D_pmar=0.054_dist=500_repair_6_males=6_nmar=1,6,1
0,5,500,500,66.97313866806755,287.2052886457689,6.001097016696985,0,0,0,628,D_pmar=0.054_dist=500_repair_6_males=6_nmar=1,6,1
0,9,1000,0,71.14590823031033,288.8969833027945,0,0,0,0,628,D_pmar=0.054_dist=500_repair_6_males=6_nmar=1,6,1
0,16,1000,500,71.30125931690257,276.67893800778677,12.03973220601874,0,0,0,628,D_pmar=0.054_dist=500_repair_6_males=6_nmar=1,6,1
0,13,0,0,69.93680522687578,253.61080359817723,36.45469178805138,0,0,0,629,D_pmar=0.054_dist=500_repair_6_males=6_nmar=1,6,1
0,6,0,500,73.80794426637411,268.09241534125823,18.114462404085817,0,0,0,629,D_pmar=0.054_dist=500_repair_6_males=6_nmar=1,6,1
0.054,12,500,0,70.14828508867342,285.3445968046418,0,20,2.0000000000000004,2.508225441188137,629,D_pmar=0.054_dist=500_repair_6_males=6_nmar=1,6,1
0,7,500,500,66.36836127112142,277.7121448178077,16.11203221259838,0,0,0,629,D_pmar=0.054_dist=500_repair_6_males=6_nmar=1,6,1
0,7,1000,0,68.53676058696514,267.14107541294,24.415294517225075,0,0,0,629,D_pmar=0.054_dist=500_repair_6_males=6_nmar=1,6,1
0,9,1000,500,69.86163765892941,265.97581739444837,24.338386229339783,0,0,0,629,D_pmar=0.054_dist=500_repair_6_males=6_nmar=1,6,1
0,5,0,0,72.87262012737892,232.3684383377739,54.89329791084365,0,0,0,62,D_pmar=0.054_dist=500_repair_6_males=6_nmar=1,6,1
0,9,0,500,70.17354069721719,265.27591786404776,24.583335094905188,0,0,0,62,D_pmar=0.054_dist=500_repair_6_males=6_nmar=1,6,1
0,12,500,0,71.40782660722456,270.39131772463014,18.232002491541493,0,0,0,62,D_pmar=0.054_dist=500_repair_6_males=6_nmar=1,6,1
0,11,500,500,69.05697715342586,278.5952362856898,12.401275927818542,0,0,0,62,D_pmar=0.054_dist=500_repair_6_males=6_nmar=1,6,1
0.054,10,1000,0,71.20186220145767,284.3521971911878,0,18,1.8000000000000005,2.7373804165726674,62,D_pmar=0.054_dist=500_repair_6_males=6_nmar=1,6,1
0,7,1000,500,70.51911332502176,289.59104120409893,0,0,0,0,62,D_pmar=0.054_dist=500_repair_6_males=6_nmar=1,6,1
0,7,0,0,69.06442459273266,272.94557282907465,18.2021790880332,0,0,0,630,D_pmar=0.054_dist=500_repair_6_males=6_nmar=1,6,1
0,8,0,500,70.00395687817587,272.176584748687,18.1488810827003,0,0,0,630,D_pmar=0.054_dist=500_repair_6_males=6_nmar=1,6,1
0.054,7,500,0,70.44864861473773,285.3607196686362,0,16,1.6000000000000003,2.5952013512085244,630,D_pmar=0.054_dist=500_repair_6_males=6_nmar=1,6,1
0,8,500,500,73.89166846622969,267.7467648647532,18.42831370098776,0,0,0,630,D_pmar=0.054_dist=500_repair_6_males=6_nmar=1,6,1
0,14,1000,0,70.07616835211664,253.4033776143626,36.807170470065195,0,0,0,630,D_pmar=0.054_dist=500_repair_6_males=6_nmar=1,6,1
0,10,1000,500,69.35664093820415,284.4764656589774,6.203834277279123,0,0,0,630,D_pmar=0.054_dist=500_repair_6_males=6_nmar=1,6,1
0,13,0,0,69.702968132948655,272.0128777957815,18.38446413382872,0,0,0,631,D_pmar=0.054_dist=500_repair_6_males=6_nmar=1,6,1
0,9,0,500,68.58581959695158,278.89977399951306,12.525603705475303,0,0,0,631,D_pmar=0.054_dist=500_repair_6_males=6_nmar=1,6,1
0,14,500,0,74.2810069340689,256.5546477104195,29.217755185099055,0,0,0,631,D_pmar=0.054_dist=500_repair_6_males=6_nmar=1,6,1
0,7,500,500,69.43652102876096,247.8822505336413,42.76566680886241,0,0,0,631,D_pmar=0.054_dist=500_repair_6_males=6_nmar=1,6,1
0.054,5,1000,0,68.13123595475587,287.10145159581776,0,23,2.3000000000000007,2.5697266969634236,631,D_pmar=0.054_dist=500_repair_6_males=6_nmar=1,6,1
0,6,1000,500,70.49203218581209,252.831149928514,36.680996144182224,0,0,0,631,D_pmar=0.054_dist=500_repair_6_males=6_nmar=1,6,1
0,14,0,0,74.25880929073782,261.2904165774699,24.56727602014507,0,0,0,632,D_pmar=0.054_dist=500_repair_6_males=6_nmar=1,6,1
0,8,0,500,71.19364322432752,288.8423377352597,0,0,0,0,632,D_pmar=0.054_dist=500_repair_6_males=6_nmar=1,6,1
0,6,500,0,74.19851945406535,224.9398160917397,60.9570817606251,0,0,0,632,D_pmar=0.054_dist=500_repair_6_males=6_nmar=1,6,1
0,11,500,500,73.29332672399697,274.64325021685136,12.130968855289016,0,0,0,632,D_pmar=0.054_dist=500_repair_6_males=6_nmar=1,6,1
0.054,11,1000,0,68.44656278564572,287.5979794940683,0,17,1.7000000000000004,2.5049352647128837,632,D_pmar=0.054_dist=500_repair_6_males=6_nmar=1,6,1
0,4,1000,500,69.69098748533871,284.30217021532627,6.108466830274551,0,0,0,632,D_pmar=0.054_dist=500_repair_6_males=6_nmar=1,6,1
0,12,0,0,71.11650126357797,260.25330246222245,28.631408620111415,0,0,0,633,D_pmar=0.054_dist=500_repair_6_males=6_nmar=1,6,1
0,9,0,500,72.08927443297067,275.9329482095107,12.179384165288855,0,0,0,633,D_pmar=0.054_dist=500_repair_6_males=6_nmar=1,6,1
0,6,500,0,70.04854983351004,259.59512696994915,30.51315288960487,0,0,0,633,D_pmar=0.054_dist=500_repair_6_males=6_nmar=1,6,1
0,9,500,500,70.10449132209548,271.72048845736316,18.20883432383734,0,0,0,633,D_pmar=0.054_dist=500_repair_6_males=6_nmar=1,6,1
0.054,6,1000,0,70.39259359499994,285.2361526439078,0,20,2.0000000000000004,2.502608758615931,633,D_pmar=0.054_dist=500_repair_6_males=6_nmar=1,6,1
0,12,1000,500,72.0344906330598,257.421930824043,30.770871291132565,0,0,0,633,D_pmar=0.054_dist=500_repair_6_males=6_nmar=1,6,1
0,8,0,0,72.56704284294426,281.3335406855513,6.250106444482822,0,0,0,634,D_pmar=0.054_dist=500_repair_6_males=6_nmar=1,6,1
0,13,0,500,69.945006034161,277.9777728630991,12.104715301124251,0,0,0,634,D_pmar=0.054_dist=500_repair_6_males=6_nmar=1,6,1
0,12,500,0,74.01657140026711,255.42377395502388,30.69003205891101,0,0,0,634,D_pmar=0.054_dist=500_repair_6_males=6_nmar=1,6,1
0,6,500,500,69.5629605224646,278.0666942122122,12.41922326397288,0,0,0,634,D_pmar=0.054_dist=500_repair_6_males=6_nmar=1,6,1
0.054,7,1000,0,68.69686672388289,287.97997804794403,0,13,1.3,2.095530368856046,634,D_pmar=0.054_dist=500_repair_6_males=6_nmar=1,6,1
0,8,1000,500,66.57838127286335,275.16314411797305,18.40461367750923,0,0,0,634,D_pmar=0.054_dist=500_repair_6_males=6_nmar=1,6,1
0,11,0,0,69.42450945733606,272.5004914980267,18.213767702649037,0,0,0,635,D_pmar=0.054_dist=500_repair_6_males=6_nmar=1,6,1
0.054,10,0,500,66.84499122350682,288.6880309882617,0,19,1.9000000000000008,2.58561307430174,635,D_pmar=0.054_dist=500_repair_6_males=6_nmar=1,6,1
0,11,500,0,70.18538282999731,283.7783643275019,6.1570403737585515,0,0,0,635,D_pmar=0.054_dist=500_repair_6_males=6_nmar=1,6,1
0,5,500,500,72.99520629901377,250.0757284891214,36.9577888986823,0,0,0,635,D_pmar=0.054_dist=500_repair_6_males=6_nmar=1,6,1
0,10,1000,0,66.5052110658906,281.38036258778715,12.252848213378153,0,0,0,635,D_pmar=0.054_dist=500_repair_6_males=6_nmar=1,6,1
0,7,1000,500,73.40738724816755,243.82614351432923,42.78557928747536,0,0,0,635,D_pmar=0.054_dist=500_repair_6_males=6_nmar=1,6,1
0,9,0,0,66.72000268533638,275.05122495493805,18.333673468417228,0,0,0,636,D_pmar=0.054_dist=500_repair_6_males=6_nmar=1,6,1
0,11,0,500,68.73316553391408,273.6280594483769,17.715813837846877,0,0,0,636,D_pmar=0.054_dist=500_repair_6_males=6_nmar=1,6,1
0,11,500,0,69.70288113980817,273.3848842913328,17.057676302638647,0,0,0,636,D_pmar=0.054_dist=500_repair_6_males=6_nmar=1,6,1
0,7,500,500,67.35805793741224,268.36260939319664,24.34476190615027,0,0,0,636,D_pmar=0.054_dist=500_repair_6_males=6_nmar=1,6,1
0,7,1000,0,71.30299190592754,252.2983114292585,36.52426540289842,0,0,0,636,D_pmar=0.054_dist=500_repair_6_males=6_nmar=1,6,1
0.054,9,1000,500,69.54142204033597,286.20740568788074,0,19,1.9000000000000008,2.437135908506065,636,D_pmar=0.054_dist=500_repair_6_males=6_nmar=1,6,1
0,7,0,0,70.77608390385757,283.1724874587359,6.090548650945163,0,0,0,637,D_pmar=0.054_dist=500_repair_6_males=6_nmar=1,6,1
0,13,0,500,69.07337074924598,266.77419971539564,24.38728140927379,0,0,0,637,D_pmar=0.054_dist=500_repair_6_males=6_nmar=1,6,1
0,9,500,0,67.83274009373515,261.630867439625,30.607438182420005,0,0,0,637,D_pmar=0.054_dist=500_repair_6_males=6_nmar=1,6,1
0.054,10,500,500,67.73183619861821,288.4874926267603,0,18,1.8000000000000005,2.110735328335036,637,D_pmar=0.054_dist=500_repair_6_males=6_nmar=1,6,1
0,5,1000,0,70.72099057274008,265.0337217057003,24.290563062293796,0,0,0,637,D_pmar=0.054_dist=500_repair_6_males=6_nmar=1,6,1
0,10,1000,500,72.24168200561422,263.56253213180185,24.269021720376895,0,0,0,637,D_pmar=0.054_dist=500_repair_6_males=6_nmar=1,6,1
0,7,0,0,71.16693799100217,270.88630454888795,18.084840728834244,0,0,0,638,D_pmar=0.054_dist=500_repair_6_males=6_nmar=1,6,1
0,11,0,500,69.6454903634108,247.50545553491895,42.962486706773824,0,0,0,638,D_pmar=0.054_dist=500_repair_6_males=6_nmar=1,6,1
0,10,500,0,72.41771983847306,275.4387739228893,12.193969146421516,0,0,0,638,D_pmar=0.054_dist=500_repair_6_males=6_nmar=1,6,1
0,6,500,500,67.80917250108524,267.80367545753114,24.416500307956063,0,0,0,638,D_pmar=0.054_dist=500_repair_6_males=6_nmar=1,6,1
0,11,1000,0,72.0589674756428,275.84088439536015,12.101399090400276,0,0,0,638,D_pmar=0.054_dist=500_repair_6_males=6_nmar=1,6,1
0.054,9,1000,500,70.33999673916352,285.5862460647362,0,18,1.8000000000000005,2.328656938575156,638,D_pmar=0.054_dist=500_repair_6_males=6_nmar=1,6,1
0,14,0,0,71.00468285587857,270.94206097172173,18.33448695646612,0,0,0,639,D_pmar=0.054_dist=500_repair_6_males=6_nmar=1,6,1
0,5,0,500,75.54995757403051,272.38311057845016,12.091165444801584,0,0,0,639,D_pmar=0.054_dist=500_repair_6_males=6_nmar=1,6,1
0.054,7,500,0,71.7976419678073,284.4941638959119,0,14,1.4,2.4043994834511317,639,D_pmar=0.054_dist=500_repair_6_males=6_nmar=1,6,1
0,11,500,500,69.11886822869393,290.95575072560473,0,0,0,0,639,D_pmar=0.054_dist=500_repair_6_males=6_nmar=1,6,1
0,6,1000,0,69.3850104583569,260.38667423254407,30.4215260405826,0,0,0,639,D_pmar=0.054_dist=500_repair_6_males=6_nmar=1,6,1
0,11,1000,500,68.485178597987,267.37084734908854,24.332238292821874,0,0,0,639,D_pmar=0.054_dist=500_repair_6_males=6_nmar=1,6,1
0,8,0,0,66.97899363032201,281.0893399592982,12.08392794771148,0,0,0,63,D_pmar=0.054_dist=500_repair_6_males=6_nmar=1,6,1
0,5,0,500,73.01021955039047,256.62542786188374,30.527185595259283,0,0,0,63,D_pmar=0.054_dist=500_repair_6_males=6_nmar=1,6,1
0,17,500,0,69.66741447453592,284.38243866730346,6.149455990165797,0,0,0,63,D_pmar=0.054_dist=500_repair_6_males=6_nmar=1,6,1
0,8,500,500,75.04116517132914,270.65057059187035,14.319425272884322,0,0,0,63,D_pmar=0.054_dist=500_repair_6_males=6_nmar=1,6,1
0,11,1000,0,68.29632756629047,267.0884406868509,24.710295735747085,0,0,0,63,D_pmar=0.054_dist=500_repair_6_males=6_nmar=1,6,1
0.054,5,1000,500,73.52407003284512,282.13516699199585,0,15,1.5000000000000002,2.9057155540412376,63,D_pmar=0.054_dist=500_repair_6_males=6_nmar=1,6,1
0.054,15,0,0,66.22511972329319,289.40721598502194,0,20,2.0000000000000004,2.3716630583961993,640,D_pmar=0.054_dist=500_repair_6_males=6_nmar=1,6,1
0,9,0,500,70.7426430267866,264.9706385208624,24.326451561206788,0,0,0,640,D_pmar=0.054_dist=500_repair_6_males=6_nmar=1,6,1
0,4,500,0,71.31895602869974,264.21383272987,24.51844500129967,0,0,0,640,D_pmar=0.054_dist=500_repair_6_males=6_nmar=1,6,1
0,8,500,500,72.61865748136606,287.5293822427456,0,0,0,0,640,D_pmar=0.054_dist=500_repair_6_males=6_nmar=1,6,1
0,7,1000,0,74.49380310568293,218.2418541527341,67.30311945293595,0,0,0,640,D_pmar=0.054_dist=500_repair_6_males=6_nmar=1,6,1
0,11,1000,500,72.62522505349138,281.5198299520176,6.027328783069015,0,0,0,640,D_pmar=0.054_dist=500_repair_6_males=6_nmar=1,6,1
0,9,0,0,72.13622375217022,269.6161965819714,18.288359802606113,0,0,0,641,D_pmar=0.054_dist=500_repair_6_males=6_nmar=1,6,1
0,8,0,500,68.96927844796988,266.34197170986823,24.807033496106897,0,0,0,641,D_pmar=0.054_dist=500_repair_6_males=6_nmar=1,6,1
0,12,500,0,71.26743902087802,264.40147594098244,24.46843959514865,0,0,0,641,D_pmar=0.054_dist=500_repair_6_males=6_nmar=1,6,1
0.054,9,500,500,71.70791767026768,283.98422126718424,0,19,1.9000000000000008,2.6160229932597203,641,D_pmar=0.054_dist=500_repair_6_males=6_nmar=1,6,1
0,9,1000,0,68.81827137824408,272.7857816176491,18.429689648813167,0,0,0,641,D_pmar=0.054_dist=500_repair_6_males=6_nmar=1,6,1
0,7,1000,500,70.42294796694345,259.42265197431476,30.25791300234857,0,0,0,641,D_pmar=0.054_dist=500_repair_6_males=6_nmar=1,6,1
0,9,0,0,70.52834740417507,271.05589476039614,18.549514240583783,0,0,0,642,D_pmar=0.054_dist=500_repair_6_males=6_nmar=1,6,1
0.054,10,0,500,71.59428718101748,285.0165801939877,0,12,1.2,2.442752591078271,642,D_pmar=0.054_dist=500_repair_6_males=6_nmar=1,6,1
0,8,500,0,73.08338233156513,262.57352924557466,24.343947762557576,0,0,0,642,D_pmar=0.054_dist=500_repair_6_males=6_nmar=1,6,1
0,11,500,500,71.51359465377523,276.3451707104922,12.150707437202222,0,0,0,642,D_pmar=0.054_dist=500_repair_6_males=6_nmar=1,6,1
0,8,1000,0,69.96162518799568,290.23342214864755,0,0,0,0,642,D_pmar=0.054_dist=500_repair_6_males=6_nmar=1,6,1
0,8,1000,500,71.50935397663689,270.4215010280514,18.252452868932068,0,0,0,642,D_pmar=0.054_dist=500_repair_6_males=6_nmar=1,6,1
0.054,14,0,0,69.7085023075415,285.8832894927942,0,19,1.9000000000000008,2.5512315610091805,643,D_pmar=0.054_dist=500_repair_6_males=6_nmar=1,6,1
0,6,0,500,72.64351368814701,256.88553806162963,30.571467628377704,0,0,0,643,D_pmar=0.054_dist=500_repair_6_males=6_nmar=1,6,1
0,3,500,0,65.24771205084453,270.2401833715348,24.59973360381224,0,0,0,643,D_pmar=0.054_dist=500_repair_6_males=6_nmar=1,6,1
0,17,500,500,65.64429781453684,288.34825387029184,6.133990320240605,0,0,0,643,D_pmar=0.054_dist=500_repair_6_males=6_nmar=1,6,1
0,6,1000,0,71.63260864108292,251.8969660885792,36.47219610301111,0,0,0,643,D_pmar=0.054_dist=500_repair_6_males=6_nmar=1,6,1
0,8,1000,500,69.34767109214113,272.46036749174897,18.25487308340434,0,0,0,643,D_pmar=0.054_dist=500_repair_6_males=6_nmar=1,6,1
0,7,0,0,70.6914633451491,271.3600659235973,18.23781231069344,0,0,0,644,D_pmar=0.054_dist=500_repair_6_males=6_nmar=1,6,1
0.054,9,0,500,74.71535640068477,282.1057503113652,0,10,1,2.350159998485678,644,D_pmar=0.054_dist=500_repair_6_males=6_nmar=1,6,1
0,5,500,0,69.33118355842915,284.8183852545558,6.078128171716688,0,0,0,644,D_pmar=0.054_dist=500_repair_6_males=6_nmar=1,6,1
0,10,500,500,69.3777432212409,272.66997751695493,18.143237587697666,0,0,0,644,D_pmar=0.054_dist=500_repair_6_males=6_nmar=1,6,1
0,10,1000,0,73.04470111625224,274.854977485352,12.193469698076449,0,0,0,644,D_pmar=0.054_dist=500_repair_6_males=6_nmar=1,6,1
0,13,1000,500,69.39973115568078,284.6506136381706,6.050622771982502,0,0,0,644,D_pmar=0.054_dist=500_repair_6_males=6_nmar=1,6,1
0,6,0,0,72.45836150900904,275.4280349819314,12.13929229809707,0,0,0,645,D_pmar=0.054_dist=500_repair_6_males=6_nmar=1,6,1
0,8,0,500,69.02324059425752,272.77559295897515,18.250874629846,0,0,0,645,D_pmar=0.054_dist=500_repair_6_males=6_nmar=1,6,1
0,13,500,0,67.27308400533438,292.9053794858984,0,0,0,0,645,D_pmar=0.054_dist=500_repair_6_males=6_nmar=1,6,1
0,5,500,500,70.46152124838112,247.17227438943752,42.38078933044123,0,0,0,645,D_pmar=0.054_dist=500_repair_6_males=6_nmar=1,6,1
0,8,1000,0,71.69288950987782,257.65761094167004,30.757368598100573,0,0,0,645,D_pmar=0.054_dist=500_repair_6_males=6_nmar=1,6,1
0.054,14,1000,500,68.9428492458738,286.95886816947177,0,17,1.7000000000000004,2.483432204802362,645,D_pmar=0.054_dist=500_repair_6_males=6_nmar=1,6,1
0,12,0,0,71.67441704174273,257.70952434725206,30.646329858079092,0,0,0,646,D_pmar=0.054_dist=500_repair_6_males=6_nmar=1,6,1
0,12,0,500,70.06541084985415,290.0789838076615,0,0,0,0,646,D_pmar=0.054_dist=500_repair_6_males=6_nmar=1,6,1
0.054,6,500,0,72.01789201505078,283.93951486962277,0,19,1.9000000000000008,2.1616846368252376,646,D_pmar=0.054_dist=500_repair_6_males=6_nmar=1,6,1
0,10,500,500,70.17266267340003,247.04236083959444,42.96951140481741,0,0,0,646,D_pmar=0.054_dist=500_repair_6_males=6_nmar=1,6,1
0,8,1000,0,71.46758789775517,252.21527883071292,36.50054483400224,0,0,0,646,D_pmar=0.054_dist=500_repair_6_males=6_nmar=1,6,1
0,6,1000,500,68.60112130686458,285.32292000178387,6.1459850345219955,0,0,0,646,D_pmar=0.054_dist=500_repair_6_males=6_nmar=1,6,1
0,7,0,0,65.8952214898752,275.94217484459546,18.18462459191048,0,0,0,647,D_pmar=0.054_dist=500_repair_6_males=6_nmar=1,6,1
0,5,0,500,69.91276053963034,271.94585525389033,18.24147698450898,0,0,0,647,D_pmar=0.054_dist=500_repair_6_males=6_nmar=1,6,1
0,8,500,0,71.9892655379882,276.0031014878547,12.120983193100564,0,0,0,647,D_pmar=0.054_dist=500_repair_6_males=6_nmar=1,6,1
0.054,12,500,500,72.84345598963179,284.0513450386781,0,12,1.2,2.1530600302967535,647,D_pmar=0.054_dist=500_repair_6_males=6_nmar=1,6,1
0,8,1000,0,72.69118302793063,268.937195902787,18.37528677281021,0,0,0,647,D_pmar=0.054_dist=500_repair_6_males=6_nmar=1,6,1
0,14,1000,500,72.57258116680012,281.45208334723463,6.091780923789095,0,0,0,647,D_pmar=0.054_dist=500_repair_6_males=6_nmar=1,6,1
0,11,0,0,67.07281198410195,256.19233052390587,36.78893080150005,0,0,0,648,D_pmar=0.054_dist=500_repair_6_males=6_nmar=1,6,1
0,6,0,500,73.26275583575828,262.23749558252456,24.561037849423784,0,0,0,648,D_pmar=0.054_dist=500_repair_6_males=6_nmar=1,6,1
0.054,6,500,0,67.5394438756079,287.19096616372065,0,24,2.400000000000001,2.907360642278864,648,D_pmar=0.054_dist=500_repair_6_males=6_nmar=1,6,1
0,8,500,500,72.40137346085838,245.24353868769444,42.478460663821025,0,0,0,648,D_pmar=0.054_dist=500_repair_6_males=6_nmar=1,6,1
0,10,1000,0,70.14271147171932,271.7697959850023,18.269844095658684,0,0,0,648,D_pmar=0.054_dist=500_repair_6_males=6_nmar=1,6,1
0,13,1000,500,69.86780868044049,265.59537998644817,24.556207809715836,0,0,0,648,D_pmar=0.054_dist=500_repair_6_males=6_nmar=1,6,1
0,12,0,0,68.89685731457939,272.7695629193967,18.37081576043496,0,0,0,649,D_pmar=0.054_dist=500_repair_6_males=6_nmar=1,6,1
0.054,12,0,500,76.99214102761081,278.53407517524727,0,20,2.0000000000000004,2.560138420056639,649,D_pmar=0.054_dist=500_repair_6_males=6_nmar=1,6,1
0,8,500,0,73.162923259779,244.04444341723945,42.79882445239907,0,0,0,649,D_pmar=0.054_dist=500_repair_6_males=6_nmar=1,6,1
0,5,500,500,74.30261088347439,267.6780846830027,18.12479631803902,0,0,0,649,D_pmar=0.054_dist=500_repair_6_males=6_nmar=1,6,1
0,7,1000,0,71.7280466200396,269.85033274706154,18.439617760899328,0,0,0,649,D_pmar=0.054_dist=500_repair_6_males=6_nmar=1,6,1
0,10,1000,500,69.17761982628913,269.6211126346654,21.31978041972502,0,0,0,649,D_pmar=0.054_dist=500_repair_6_males=6_nmar=1,6,1
0.054,8,0,0,68.75778898541797,287.0895522752132,0,19,1.9000000000000008,2.3309834446721083,64,D_pmar=0.054_dist=500_repair_6_males=6_nmar=1,6,1
0,6,0,500,71.5523372060412,276.32087165635517,12.19253291097264,0,0,0,64,D_pmar=0.054_dist=500_repair_6_males=6_nmar=1,6,1
0,14,500,0,73.20059805611925,246.3347759922148,40.56766725475296,0,0,0,64,D_pmar=0.054_dist=500_repair_6_males=6_nmar=1,6,1
0,10,500,500,73.3754454690481,274.5672061324117,12.119181945657823,0,0,0,64,D_pmar=0.054_dist=500_repair_6_males=6_nmar=1,6,1
0,11,1000,0,69.00236122353957,260.74060299928743,30.29128316738903,0,0,0,64,D_pmar=0.054_dist=500_repair_6_males=6_nmar=1,6,1
0,5,1000,500,69.64741515894994,272.1863122052628,18.19623449593583,0,0,0,64,D_pmar=0.054_dist=500_repair_6_males=6_nmar=1,6,1
0.054,10,0,0,68.7464477343978,287.1203656801079,0,19,1.9000000000000008,2.3676914640616196,650,D_pmar=0.054_dist=500_repair_6_males=6_nmar=1,6,1
0,5,0,500,73.74139456548367,243.7060555651191,42.9673697764141,0,0,0,650,D_pmar=0.054_dist=500_repair_6_males=6_nmar=1,6,1
0,12,500,0,68.38799771973538,261.56716923930065,30.383779227987453,0,0,0,650,D_pmar=0.054_dist=500_repair_6_males=6_nmar=1,6,1
0,8,500,500,71.82874515565028,269.85357245392134,18.43664331230713,0,0,0,650,D_pmar=0.054_dist=500_repair_6_males=6_nmar=1,6,1
0,9,1000,0,72.2883129479837,263.2822139953648,24.429669562554995,0,0,0,650,D_pmar=0.054_dist=500_repair_6_males=6_nmar=1,6,1
0,10,1000,500,67.94662605287498,292.1261136479538,0,0,0,0,650,D_pmar=0.054_dist=500_repair_6_males=6_nmar=1,6,1
0,6,0,0,67.67616153520252,286.2382004626774,6.137483507325503,0,0,0,651,D_pmar=0.054_dist=500_repair_6_males=6_nmar=1,6,1
0,10,0,500,70.43047874014977,289.6369614943878,0,0,0,0,651,D_pmar=0.054_dist=500_repair_6_males=6_nmar=1,6,1
0.054,8,500,0,72.45644396696198,284.88071799236064,0,9,0.8999999999999999,1.8782901764752524,651,D_pmar=0.054_dist=500_repair_6_males=6_nmar=1,6,1
0,9,500,500,73.17248710479159,268.83265152284343,18.038526475212116,0,0,0,651,D_pmar=0.054_dist=500_repair_6_males=6_nmar=1,6,1
0,10,1000,0,68.34300122872388,267.32861969653186,24.373097799528995,0,0,0,651,D_pmar=0.054_dist=500_repair_6_males=6_nmar=1,6,1
0,11,1000,500,69.7195289118991,284.21031410776754,6.094718447194838,0,0,0,651,D_pmar=0.054_dist=500_repair_6_males=6_nmar=1,6,1
0,7,0,0,71.73628988324609,268.2719104665457,20.07875752340418,0,0,0,652,D_pmar=0.054_dist=500_repair_6_males=6_nmar=1,6,1
0,11,0,500,71.67112768110026,245.97690830961727,42.43708453565702,0,0,0,652,D_pmar=0.054_dist=500_repair_6_males=6_nmar=1,6,1
0,9,500,0,71.25054881695434,276.63343719620724,12.16359484485368,0,0,0,652,D_pmar=0.054_dist=500_repair_6_males=6_nmar=1,6,1
0,7,500,500,70.06285061750145,265.41767751947293,24.598377813373023,0,0,0,652,D_pmar=0.054_dist=500_repair_6_males=6_nmar=1,6,1
0,6,1000,0,70.70872020889098,234.58682303861085,54.72853243544741,0,0,0,652,D_pmar=0.054_dist=500_repair_6_males=6_nmar=1,6,1
0.054,14,1000,500,71.21020389034082,283.568057023253,0,26,2.600000000000001,2.6702624782251747,652,D_pmar=0.054_dist=500_repair_6_males=6_nmar=1,6,1
0,11,0,0,68.3625018103501,285.86414759654934,6.0086580108758065,0,0,0,653,D_pmar=0.054_dist=500_repair_6_males=6_nmar=1,6,1
0,6,0,500,67.77611985127977,273.5275866726886,18.73373894303145,0,0,0,653,D_pmar=0.054_dist=500_repair_6_males=6_nmar=1,6,1
0,10,500,0,69.93620649621171,283.916196662305,6.174737634861232,0,0,0,653,D_pmar=0.054_dist=500_repair_6_males=6_nmar=1,6,1
0,9,500,500,70.10508399477361,271.4714603122734,18.448567223908988,0,0,0,653,D_pmar=0.054_dist=500_repair_6_males=6_nmar=1,6,1
0,9,1000,0,68.77355448973205,266.68361231915435,24.545070403812055,0,0,0,653,D_pmar=0.054_dist=500_repair_6_males=6_nmar=1,6,1
0.054,9,1000,500,70.63791374399635,285.8982196678003,0,12,1.2,2.275098871469027,653,D_pmar=0.054_dist=500_repair_6_males=6_nmar=1,6,1
0,11,0,0,68.2564653687081,273.3779183167828,18.421917556416556,0,0,0,654,D_pmar=0.054_dist=500_repair_6_males=6_nmar=1,6,1
0.054,9,0,500,67.59305936885731,288.15654692876626,0,18,1.8000000000000005,2.772443347724553,654,D_pmar=0.054_dist=500_repair_6_males=6_nmar=1,6,1
0,11,500,0,70.5392859885367,289.4869602905962,0,0,0,0,654,D_pmar=0.054_dist=500_repair_6_males=6_nmar=1,6,1
0,7,500,500,73.93393738853173,249.19695715109992,36.97682544447527,0,0,0,654,D_pmar=0.054_dist=500_repair_6_males=6_nmar=1,6,1
0,10,1000,0,73.3644586600018,262.05872659668313,24.59295294713076,0,0,0,654,D_pmar=0.054_dist=500_repair_6_males=6_nmar=1,6,1
0,6,1000,500,70.65146310744434,259.02740450772546,30.605783437996415,0,0,0,654,D_pmar=0.054_dist=500_repair_6_males=6_nmar=1,6,1
0,10,0,0,72.5940984232541,262.92160754776495,24.492413179587462,0,0,0,655,D_pmar=0.054_dist=500_repair_6_males=6_nmar=1,6,1
0,12,0,500,71.96007823916575,281.8121172618928,6.347837538133032,0,0,0,655,D_pmar=0.054_dist=500_repair_6_males=6_nmar=1,6,1
0,9,500,0,69.13331537548602,235.62433085578743,55.35387202341407,0,0,0,655,D_pmar=0.054_dist=500_repair_6_males=6_nmar=1,6,1
0,9,500,500,68.06874478721573,273.82502776375065,18.142881259485392,0,0,0,655,D_pmar=0.054_dist=500_repair_6_males=6_nmar=1,6,1
0.054,7,1000,0,69.05529716709215,286.533833601979,0,19,1.9000000000000008,2.6606742013183906,655,D_pmar=0.054_dist=500_repair_6_males=6_nmar=1,6,1
0,7,1000,500,67.6123142435452,280.06214532168974,12.355541305042308,0,0,0,655,D_pmar=0.054_dist=500_repair_6_males=6_nmar=1,6,1
0,9,0,0,72.69689997056943,268.7633592212407,18.56876966208131,0,0,0,656,D_pmar=0.054_dist=500_repair_6_males=6_nmar=1,6,1
0,13,0,500,74.54573464581814,261.02091042922257,24.50792246100532,0,0,0,656,D_pmar=0.054_dist=500_repair_6_males=6_nmar=1,6,1
0.054,5,500,0,66.40588801950722,290.04026663791166,0,13,1.3,2.3422168098165197,656,D_pmar=0.054_dist=500_repair_6_males=6_nmar=1,6,1
0,8,500,500,71.0947159602887,258.5819660634583,30.491760980592936,0,0,0,656,D_pmar=0.054_dist=500_repair_6_males=6_nmar=1,6,1
0,9,1000,0,71.29327047126958,288.7909503973636,0,0,0,0,656,D_pmar=0.054_dist=500_repair_6_males=6_nmar=1,6,1
0,10,1000,500,72.41412887080588,281.6161182938434,6.062873836079365,0,0,0,656,D_pmar=0.054_dist=500_repair_6_males=6_nmar=1,6,1
0,7,0,0,72.00364516329458,264.0029397054191,24.248611807131702,0,0,0,657,D_pmar=0.054_dist=500_repair_6_males=6_nmar=1,6,1
0,6,0,500,69.57341091076086,284.4764812312293,6.177170353007167,0,0,0,657,D_pmar=0.054_dist=500_repair_6_males=6_nmar=1,6,1
0,12,500,0,71.64713538677444,251.69739050820496,36.69884997684476,0,0,0,657,D_pmar=0.054_dist=500_repair_6_males=6_nmar=1,6,1
0,8,500,500,69.5290601959232,278.56491936912795,12.209894548339255,0,0,0,657,D_pmar=0.054_dist=500_repair_6_males=6_nmar=1,6,1
0.054,9,1000,0,68.19910180335505,287.89659583935196,0,19,1.9000000000000008,2.1497698538215,657,D_pmar=0.054_dist=500_repair_6_males=6_nmar=1,6,1
0,12,1000,500,72.120790867753,254.0967286921806,33.79539370844288,0,0,0,657,D_pmar=0.054_dist=500_repair_6_males=6_nmar=1,6,1
0,8,0,0,70.63231230424114,259.112856652084,30.328502045475688,0,0,0,658,D_pmar=0.054_dist=500_repair_6_males=6_nmar=1,6,1
0.054,12,0,500,71.38069953031369,284.8322014964235,0,16,1.6000000000000003,2.204009338786955,658,D_pmar=0.054_dist=500_repair_6_males=6_nmar=1,6,1
0,10,500,0,69.02440999093281,284.98657202858664,6.029433147233982,0,0,0,658,D_pmar=0.054_dist=500_repair_6_males=6_nmar=1,6,1
0,15,500,500,66.51644615145422,262.8886205311877,30.64780163269694,0,0,0,658,D_pmar=0.054_dist=500_repair_6_males=6_nmar=1,6,1
0,3,1000,0,73.10354627183632,274.9542781234704,12.025122692046178,0,0,0,658,D_pmar=0.054_dist=500_repair_6_males=6_nmar=1,6,1
0,6,1000,500,71.12756569059671,270.5413648689156,18.3706151085492,0,0,0,658,D_pmar=0.054_dist=500_repair_6_males=6_nmar=1,6,1
0,13,0,0,73.31787952739596,280.76080816910167,6.0006616856981125,0,0,0,659,D_pmar=0.054_dist=500_repair_6_males=6_nmar=1,6,1
0,5,0,500,71.21656103749541,246.02618248665416,42.77334938125123,0,0,0,659,D_pmar=0.054_dist=500_repair_6_males=6_nmar=1,6,1
0,11,500,0,71.49652318281055,258.5071531952614,30.25829167166514,0,0,0,659,D_pmar=0.054_dist=500_repair_6_males=6_nmar=1,6,1
0.054,13,500,500,72.17095059261115,283.6742562403412,0,18,1.8000000000000005,2.520140224191874,659,D_pmar=0.054_dist=500_repair_6_males=6_nmar=1,6,1
0,7,1000,0,72.12766288663481,282.01822731083183,6.0018762823754,0,0,0,659,D_pmar=0.054_dist=500_repair_6_males=6_nmar=1,6,1
0,5,1000,500,71.90985176015442,263.8520726012348,24.32955866320999,0,0,0,659,D_pmar=0.054_dist=500_repair_6_males=6_nmar=1,6,1
0,8,0,0,72.54884487712933,269.05548666575896,18.408790885689275,0,0,0,65,D_pmar=0.054_dist=500_repair_6_males=6_nmar=1,6,1
0,11,0,500,68.0045250788531,292.0577694120231,0,0,0,0,65,D_pmar=0.054_dist=500_repair_6_males=6_nmar=1,6,1
0.054,6,500,0,75.59326510707797,281.09466368778317,0,9,0.8999999999999999,2.442752591078271,65,D_pmar=0.054_dist=500_repair_6_males=6_nmar=1,6,1
0,10,500,500,72.41085408751714,269.0173927731381,18.61890390062573,0,0,0,65,D_pmar=0.054_dist=500_repair_6_males=6_nmar=1,6,1
0,7,1000,0,72.53997873415737,281.63850682831054,6.014875286891875,0,0,0,65,D_pmar=0.054_dist=500_repair_6_males=6_nmar=1,6,1
0,12,1000,500,67.45423247950531,280.59216125107883,12.096855817485856,0,0,0,65,D_pmar=0.054_dist=500_repair_6_males=6_nmar=1,6,1
0,17,0,0,68.08288317961272,279.9582976573017,12.188578705678806,0,0,0,660,D_pmar=0.054_dist=500_repair_6_males=6_nmar=1,6,1
0,7,0,500,70.4239715028562,258.66970876651084,30.93234812466915,0,0,0,660,D_pmar=0.054_dist=500_repair_6_males=6_nmar=1,6,1
0,8,500,0,69.12833936172349,266.86009985104823,24.2140155361783,0,0,0,660,D_pmar=0.054_dist=500_repair_6_males=6_nmar=1,6,1
0.054,9,500,500,71.32258252105312,283.92902147512405,0,21,2.1000000000000005,2.758883476483189,660,D_pmar=0.054_dist=500_repair_6_males=6_nmar=1,6,1
0,9,1000,0,71.6776765581006,270.05236788917557,18.479744222048556,0,0,0,660,D_pmar=0.054_dist=500_repair_6_males=6_nmar=1,6,1
0,4,1000,500,69.78312356881847,247.62221492088452,42.68637681023645,0,0,0,660,D_pmar=0.054_dist=500_repair_6_males=6_nmar=1,6,1
0,12,0,0,73.21965233348054,274.75145537549275,12.137428876528723,0,0,0,661,D_pmar=0.054_dist=500_repair_6_males=6_nmar=1,6,1
0,3,0,500,74.37142260771843,255.65011281934233,30.30176587636422,0,0,0,661,D_pmar=0.054_dist=500_repair_6_males=6_nmar=1,6,1
0,10,500,0,70.16400546644007,271.67381718846303,18.218430147817703,0,0,0,661,D_pmar=0.054_dist=500_repair_6_males=6_nmar=1,6,1
0.054,8,500,500,69.98283799948653,286.34583238325433,0,16,1.6000000000000003,2.1090902400974096,661,D_pmar=0.054_dist=500_repair_6_males=6_nmar=1,6,1
0,17,1000,0,71.46051566370744,276.2710499493406,12.277146387299764,0,0,0,661,D_pmar=0.054_dist=500_repair_6_males=6_nmar=1,6,1
0,4,1000,500,70.24390122709329,265.2992528247798,24.655292525121997,0,0,0,661,D_pmar=0.054_dist=500_repair_6_males=6_nmar=1,6,1
0,13,0,0,70.60848572982673,256.3667863618364,33.0594388199763,0,0,0,662,D_pmar=0.054_dist=500_repair_6_males=6_nmar=1,6,1
0,6,0,500,70.25405517958745,277.62549984542414,12.262424023459022,0,0,0,662,D_pmar=0.054_dist=500_repair_6_males=6_nmar=1,6,1
0,12,500,0,70.15573077784609,271.89329337121717,18.09754827928455,0,0,0,662,D_pmar=0.054_dist=500_repair_6_males=6_nmar=1,6,1
0,7,500,500,69.50671301714712,259.9818260710211,30.71529175358152,0,0,0,662,D_pmar=0.054_dist=500_repair_6_males=6_nmar=1,6,1
0.054,6,1000,0,72.30804443614011,283.86809056955855,0,20,2.0000000000000004,1.926231561009176,662,D_pmar=0.054_dist=500_repair_6_males=6_nmar=1,6,1
0,10,1000,500,70.5156286309926,265.08887915841444,24.452492237728944,0,0,0,662,D_pmar=0.054_dist=500_repair_6_males=6_nmar=1,6,1
0,4,0,0,67.16476439204922,280.68755250132784,12.150928591277754,0,0,0,663,D_pmar=0.054_dist=500_repair_6_males=6_nmar=1,6,1
0,9,0,500,71.65427239720482,257.92733032871905,30.45773530635515,0,0,0,663,D_pmar=0.054_dist=500_repair_6_males=6_nmar=1,6,1
0,6,500,0,74.21273926642516,273.63978013869973,12.158223188710345,0,0,0,663,D_pmar=0.054_dist=500_repair_6_males=6_nmar=1,6,1
0.054,16,500,500,71.1848311706828,284.65100121372865,0,17,1.7000000000000004,2.544933460577649,663,D_pmar=0.054_dist=500_repair_6_males=6_nmar=1,6,1
0,8,1000,0,70.90994711757743,270.490260907777,18.606809308405257,0,0,0,663,D_pmar=0.054_dist=500_repair_6_males=6_nmar=1,6,1
0,11,1000,500,74.3218631694689,255.2375120900961,30.54262138204056,0,0,0,663,D_pmar=0.054_dist=500_repair_6_males=6_nmar=1,6,1
0,10,0,0,67.77486039617561,273.9121230250663,18.397467295213612,0,0,0,664,D_pmar=0.054_dist=500_repair_6_males=6_nmar=1,6,1
0,11,0,500,70.36492871104132,265.1194261786525,24.526569698962227,0,0,0,664,D_pmar=0.054_dist=500_repair_6_males=6_nmar=1,6,1
0,9,500,0,70.15277616711593,277.41527071833644,12.49615101420532,0,0,0,664,D_pmar=0.054_dist=500_repair_6_males=6_nmar=1,6,1
0,3,500,500,74.23368488058465,273.62355169304914,12.170571637232586,0,0,0,664,D_pmar=0.054_dist=500_repair_6_males=6_nmar=1,6,1
0,8,1000,0,72.96866427377199,262.82286595778294,24.43064319910491,0,0,0,664,D_pmar=0.054_dist=500_repair_6_males=6_nmar=1,6,1
0.054,13,1000,500,68.1132369110834,287.8488963004594,0,15,1.5000000000000002,2.6143779050220943,664,D_pmar=0.054_dist=500_repair_6_males=6_nmar=1,6,1
0,5,0,0,74.26158947498665,285.82902181285766,0,0,0,0,665,D_pmar=0.054_dist=500_repair_6_males=6_nmar=1,6,1
0,10,0,500,66.43447079229587,256.7808240082913,36.794584867790775,0,0,0,665,D_pmar=0.054_dist=500_repair_6_males=6_nmar=1,6,1
0,8,500,0,68.56102473600635,285.6366187874641,6.065129370696962,0,0,0,665,D_pmar=0.054_dist=500_repair_6_males=6_nmar=1,6,1
0,10,500,500,76.56278116614527,253.08092441992991,30.39282577868052,0,0,0,665,D_pmar=0.054_dist=500_repair_6_males=6_nmar=1,6,1
0,6,1000,0,70.09941414342894,252.43155243374568,37.51219748515432,0,0,0,665,D_pmar=0.054_dist=500_repair_6_males=6_nmar=1,6,1
0.054,15,1000,500,67.32024136492866,288.26270607065334,0,19,1.9000000000000008,2.568081608725797,665,D_pmar=0.054_dist=500_repair_6_males=6_nmar=1,6,1
0,13,0,0,70.37673972146814,289.9083972014215,0,0,0,0,666,D_pmar=0.054_dist=500_repair_6_males=6_nmar=1,6,1
0,10,0,500,70.48197706212066,277.4082443040389,12.16529804349573,0,0,0,666,D_pmar=0.054_dist=500_repair_6_males=6_nmar=1,6,1
0,7,500,0,73.38751533673496,274.4258707113457,12.234646318883478,0,0,0,666,D_pmar=0.054_dist=500_repair_6_males=6_nmar=1,6,1
0,7,500,500,70.25014832040306,283.705246849651,6.100351444067358,0,0,0,666,D_pmar=0.054_dist=500_repair_6_males=6_nmar=1,6,1
0,8,1000,0,68.56049698323099,260.97638283995957,30.46948144718095,0,0,0,666,D_pmar=0.054_dist=500_repair_6_males=6_nmar=1,6,1
0.054,9,1000,500,67.28205894010348,289.31206398148584,0,11,1.1,2.390839612209769,666,D_pmar=0.054_dist=500_repair_6_males=6_nmar=1,6,1
0,10,0,0,68.07024733687814,285.7156625052057,6.219305145164462,0,0,0,667,D_pmar=0.054_dist=500_repair_6_males=6_nmar=1,6,1
0,11,0,500,68.54468104683829,254.48706562708304,37.00387458642367,0,0,0,667,D_pmar=0.054_dist=500_repair_6_males=6_nmar=1,6,1
0,9,500,0,67.93790110051799,292.0747640036289,0,0,0,0,667,D_pmar=0.054_dist=500_repair_6_males=6_nmar=1,6,1
0,8,500,500,73.81341456013712,255.65200987298985,30.54916954760291,0,0,0,667,D_pmar=0.054_dist=500_repair_6_males=6_nmar=1,6,1
0,6,1000,0,71.57630100063523,282.24345505841575,6.197974755245552,0,0,0,667,D_pmar=0.054_dist=500_repair_6_males=6_nmar=1,6,1
0.054,10,1000,500,70.92638207037703,285.67378815977474,0,13,1.3,2.2288025751727303,667,D_pmar=0.054_dist=500_repair_6_males=6_nmar=1,6,1
0,9,0,0,72.07406047800457,251.70259702065988,36.37416569711298,0,0,0,668,D_pmar=0.054_dist=500_repair_6_males=6_nmar=1,6,1
0,8,0,500,68.1828495275748,273.93323929899134,18.14629812627487,0,0,0,668,D_pmar=0.054_dist=500_repair_6_males=6_nmar=1,6,1
0,11,500,0,73.8201519873362,280.10213316386495,6.105163150602028,0,0,0,668,D_pmar=0.054_dist=500_repair_6_males=6_nmar=1,6,1
0,9,500,500,69.26223582175011,280.8479276639571,9.967710539364452,0,0,0,668,D_pmar=0.054_dist=500_repair_6_males=6_nmar=1,6,1
0.054,7,1000,0,69.55841117089449,287.3385324426822,0,13,1.3,2.0604674377041605,668,D_pmar=0.054_dist=500_repair_6_males=6_nmar=1,6,1
0,10,1000,500,70.03700504106617,283.92635198886546,6.039763038242834,0,0,0,668,D_pmar=0.054_dist=500_repair_6_males=6_nmar=1,6,1
0,6,0,0,69.60963798936095,278.35318435175554,12.129747727079623,0,0,0,669,D_pmar=0.054_dist=500_repair_6_males=6_nmar=1,6,1
0,14,0,500,70.80602413406456,258.6321950773726,30.59220129743495,0,0,0,669,D_pmar=0.054_dist=500_repair_6_males=6_nmar=1,6,1
0,6,500,0,72.19318712966593,281.80383556106545,6.0811012142126115,0,0,0,669,D_pmar=0.054_dist=500_repair_6_males=6_nmar=1,6,1
0,9,500,500,73.58891606226092,255.66677542559304,30.82911475818199,0,0,0,669,D_pmar=0.054_dist=500_repair_6_males=6_nmar=1,6,1
0,12,1000,0,70.6856104224141,265.16313511248046,24.446240736003844,0,0,0,669,D_pmar=0.054_dist=500_repair_6_males=6_nmar=1,6,1
0.054,7,1000,500,72.21598824650391,283.9293331361544,0,17,1.7000000000000004,2.238390852079515,669,D_pmar=0.054_dist=500_repair_6_males=6_nmar=1,6,1
0,13,0,0,69.40750258244013,284.4355050130686,6.162876126298698,0,0,0,66,D_pmar=0.054_dist=500_repair_6_males=6_nmar=1,6,1
0,2,0,500,68.16264926637328,255.35562610132985,36.67257799218321,0,0,0,66,D_pmar=0.054_dist=500_repair_6_males=6_nmar=1,6,1
0,10,500,0,72.09598801291358,263.7437516521509,24.22739674260504,0,0,0,66,D_pmar=0.054_dist=500_repair_6_males=6_nmar=1,6,1
0.054,8,500,500,70.83155080327079,285.30137641270176,0,16,1.6000000000000003,2.329338356434482,66,D_pmar=0.054_dist=500_repair_6_males=6_nmar=1,6,1
0,10,1000,0,69.78381166317183,290.2290322605578,0,0,0,0,66,D_pmar=0.054_dist=500_repair_6_males=6_nmar=1,6,1
0,11,1000,500,72.584519424705,257.1470756993944,30.27687925850573,0,0,0,66,D_pmar=0.054_dist=500_repair_6_males=6_nmar=1,6,1
0,1,0,0,70.61254211157686,264.98121284377254,24.502909017400206,0,0,0,670,D_pmar=0.054_dist=500_repair_6_males=6_nmar=1,6,1
0,10,0,500,68.88788617819903,278.83747489882114,12.279702587531048,0,0,0,670,D_pmar=0.054_dist=500_repair_6_males=6_nmar=1,6,1
0,13,500,0,66.65796705136128,275.09757499471783,18.41947384986491,0,0,0,670,D_pmar=0.054_dist=500_repair_6_males=6_nmar=1,6,1
0,12,500,500,68.92181801143748,284.92538832093277,6.202926060844358,0,0,0,670,D_pmar=0.054_dist=500_repair_6_males=6_nmar=1,6,1
0.054,12,1000,0,71.88341687911236,284.61583646265655,0,13,1.3,2.2440075346517205,670,D_pmar=0.054_dist=500_repair_6_males=6_nmar=1,6,1
0,6,1000,500,72.39957204447997,269.17827470254093,18.424883097345944,0,0,0,670,D_pmar=0.054_dist=500_repair_6_males=6_nmar=1,6,1
0,6,0,0,72.61751964592395,269.3238341422555,18.18116923472327,0,0,0,671,D_pmar=0.054_dist=500_repair_6_males=6_nmar=1,6,1
0,13,0,500,71.94940990320183,269.9051399241306,18.28189179173645,0,0,0,671,D_pmar=0.054_dist=500_repair_6_males=6_nmar=1,6,1
0,11,500,0,73.60687409459348,262.17224766758494,24.409239346272543,0,0,0,671,D_pmar=0.054_dist=500_repair_6_males=6_nmar=1,6,1
0.054,6,500,500,75.70733185300065,280.2394988401994,0,17,1.7000000000000004,2.363719869727041,671,D_pmar=0.054_dist=500_repair_6_males=6_nmar=1,6,1
0,5,1000,0,71.5143294120398,282.51808444352184,6.124927790530271,0,0,0,671,D_pmar=0.054_dist=500_repair_6_males=6_nmar=1,6,1
0,13,1000,500,70.24033115602246,253.18911169951116,36.79976963111945,0,0,0,671,D_pmar=0.054_dist=500_repair_6_males=6_nmar=1,6,1
0,10,0,0,69.20017363684325,284.5958786573499,6.262449796634849,0,0,0,672,D_pmar=0.054_dist=500_repair_6_males=6_nmar=1,6,1
0,5,0,500,69.59247322479796,253.76693680658005,36.70109589384905,0,0,0,672,D_pmar=0.054_dist=500_repair_6_males=6_nmar=1,6,1
0,11,500,0,70.02878710101794,277.73618713269815,12.254321723770584,0,0,0,672,D_pmar=0.054_dist=500_repair_6_males=6_nmar=1,6,1
0,10,500,500,72.28355903617069,254.25274721492184,33.681809430501595,0,0,0,672,D_pmar=0.054_dist=500_repair_6_males=6_nmar=1,6,1
0,8,1000,0,72.67220409753513,263.0397361869837,24.497030646005623,0,0,0,672,D_pmar=0.054_dist=500_repair_6_males=6_nmar=1,6,1
0.054,10,1000,500,70.73638555715351,285.2385193215796,0,19,1.9000000000000008,2.163329725062864,672,D_pmar=0.054_dist=500_repair_6_males=6_nmar=1,6,1
0,10,0,0,71.4468152408187,257.6902058827405,30.923084484472973,0,0,0,673,D_pmar=0.054_dist=500_repair_6_males=6_nmar=1,6,1
0,6,0,500,70.50238011426121,265.8489453362292,23.67706540502432,0,0,0,673,D_pmar=0.054_dist=500_repair_6_males=6_nmar=1,6,1
0.054,16,500,0,71.63588959915316,283.6923607029598,0,24,2.400000000000001,2.4659007392264187,673,D_pmar=0.054_dist=500_repair_6_males=6_nmar=1,6,1
0,8,500,500,68.50335324549279,261.17547934904377,30.346834508003447,0,0,0,673,D_pmar=0.054_dist=500_repair_6_males=6_nmar=1,6,1
0,7,1000,0,74.20051810070011,249.49060767012108,36.37718939902055,0,0,0,673,D_pmar=0.054_dist=500_repair_6_males=6_nmar=1,6,1
0,7,1000,500,71.83041110983827,263.9043484617247,24.317880095160504,0,0,0,673,D_pmar=0.054_dist=500_repair_6_males=6_nmar=1,6,1
0,7,0,0,66.23669038850454,269.26324621430024,24.55202321073929,0,0,0,674,D_pmar=0.054_dist=500_repair_6_males=6_nmar=1,6,1
0.054,7,0,500,65.71221771084998,290.4320277804953,0,15,1.5000000000000002,2.4850772930399883,674,D_pmar=0.054_dist=500_repair_6_males=6_nmar=1,6,1
0,11,500,0,66.69747861508222,287.40497187846415,6.011258961578325,0,0,0,674,D_pmar=0.054_dist=500_repair_6_males=6_nmar=1,6,1
0,7,500,500,71.13596476741391,270.87145285324516,18.240246496933768,0,0,0,674,D_pmar=0.054_dist=500_repair_6_males=6_nmar=1,6,1
0,13,1000,0,71.69235110556504,276.14601163734585,12.253765359121813,0,0,0,674,D_pmar=0.054_dist=500_repair_6_males=6_nmar=1,6,1
0,9,1000,500,67.76623850223667,261.52933572196844,30.90670473481514,0,0,0,674,D_pmar=0.054_dist=500_repair_6_males=6_nmar=1,6,1
0,8,0,0,70.60413843922352,277.41796206508934,12.176069048178832,0,0,0,675,D_pmar=0.054_dist=500_repair_6_males=6_nmar=1,6,1
0.054,13,0,500,71.65575876826998,284.12085896270236,0,16,1.6000000000000003,2.6239661819288784,675,D_pmar=0.054_dist=500_repair_6_males=6_nmar=1,6,1
0,8,500,0,72.00547013545317,288.05575799661216,0,0,0,0,675,D_pmar=0.054_dist=500_repair_6_males=6_nmar=1,6,1
0,7,500,500,69.65078435242796,232.20119430962927,58.26149473536694,0,0,0,675,D_pmar=0.054_dist=500_repair_6_males=6_nmar=1,6,1
0,11,1000,0,74.53407781660212,279.3603490450965,6.13367646574612,0,0,0,675,D_pmar=0.054_dist=500_repair_6_males=6_nmar=1,6,1
0,7,1000,500,72.55308554870324,269.20613757397376,18.269736923647525,0,0,0,675,D_pmar=0.054_dist=500_repair_6_males=6_nmar=1,6,1
0.054,9,0,0,76.11848158785169,280.313695222143,0,18,1.8000000000000005,1.9996475997881988,676,D_pmar=0.054_dist=500_repair_6_males=6_nmar=1,6,1
0,11,0,500,70.88399082372189,270.95812448535855,18.27047378522433,0,0,0,676,D_pmar=0.054_dist=500_repair_6_males=6_nmar=1,6,1
0,7,500,0,66.87994776651581,274.955317291042,18.27899136906362,0,0,0,676,D_pmar=0.054_dist=500_repair_6_males=6_nmar=1,6,1
0,9,500,500,68.31540047022023,281.80423776951443,9.888200371302016,0,0,0,676,D_pmar=0.054_dist=500_repair_6_males=6_nmar=1,6,1
0,10,1000,0,69.6948428345167,247.75403257004305,42.598433593139674,0,0,0,676,D_pmar=0.054_dist=500_repair_6_males=6_nmar=1,6,1
0,8,1000,500,71.04463899155033,270.512131600745,18.445584033870823,0,0,0,676,D_pmar=0.054_dist=500_repair_6_males=6_nmar=1,6,1
0,8,0,0,72.97801211806284,244.393217694357,42.684559678573464,0,0,0,677,D_pmar=0.054_dist=500_repair_6_males=6_nmar=1,6,1
0.054,12,0,500,71.62273632135184,284.31038622098333,0,17,1.7000000000000004,2.419604442930122,677,D_pmar=0.054_dist=500_repair_6_males=6_nmar=1,6,1
0,5,500,0,75.59758245318447,278.3543169001068,6.235977983372876,0,0,0,677,D_pmar=0.054_dist=500_repair_6_males=6_nmar=1,6,1
0,11,500,500,70.39585266633948,265.27309668162957,24.51534966361246,0,0,0,677,D_pmar=0.054_dist=500_repair_6_males=6_nmar=1,6,1
0,10,1000,0,67.1790061076301,280.5687591956913,12.31203391853668,0,0,0,677,D_pmar=0.054_dist=500_repair_6_males=6_nmar=1,6,1
0,8,1000,500,69.9284855479493,271.9992141573758,18.13177629227991,0,0,0,677,D_pmar=0.054_dist=500_repair_6_males=6_nmar=1,6,1
0,12,0,0,71.53377520523118,258.1266764444489,30.451017529879618,0,0,0,678,D_pmar=0.054_dist=500_repair_6_males=6_nmar=1,6,1
0,4,0,500,71.63220235777582,252.02871585670556,36.430890688009605,0,0,0,678,D_pmar=0.054_dist=500_repair_6_males=6_nmar=1,6,1
0,11,500,0,71.76622106878779,270.0644992699014,18.32011658280237,0,0,0,678,D_pmar=0.054_dist=500_repair_6_males=6_nmar=1,6,1
0,10,500,500,70.72781677562352,253.189927724053,36.16794420380131,0,0,0,678,D_pmar=0.054_dist=500_repair_6_males=6_nmar=1,6,1
0,7,1000,0,69.30403466333458,247.6190318552205,43.13550781020939,0,0,0,678,D_pmar=0.054_dist=500_repair_6_males=6_nmar=1,6,1
0.054,10,1000,500,71.21136961687995,283.69643132359647,0,27,2.700000000000001,2.5832865682047874,678,D_pmar=0.054_dist=500_repair_6_males=6_nmar=1,6,1
0,10,0,0,74.34167816293113,261.20814712328166,24.479574971126112,0,0,0,679,D_pmar=0.054_dist=500_repair_6_males=6_nmar=1,6,1
0,6,0,500,71.80317901013784,251.98266700548305,36.445621242100714,0,0,0,679,D_pmar=0.054_dist=500_repair_6_males=6_nmar=1,6,1
0,12,500,0,69.50905918270789,284.4581892989623,6.046594121857712,0,0,0,679,D_pmar=0.054_dist=500_repair_6_males=6_nmar=1,6,1
0,9,500,500,71.40781472525856,246.2653379054728,42.41438821601129,0,0,0,679,D_pmar=0.054_dist=500_repair_6_males=6_nmar=1,6,1
0,10,1000,0,70.61461973445536,265.0743457393691,24.39955061046784,0,0,0,679,D_pmar=0.054_dist=500_repair_6_males=6_nmar=1,6,1
0.054,7,1000,500,74.93720385971339,280.27190127747264,0,22,2.2000000000000006,2.6414976475048215,679,D_pmar=0.054_dist=500_repair_6_males=6_nmar=1,6,1
0,7,0,0,70.79369046812309,252.53543566642296,36.71837998712852,0,0,0,67,D_pmar=0.054_dist=500_repair_6_males=6_nmar=1,6,1
0.054,10,0,500,72.34778571103612,283.8275987224706,0,17,1.7000000000000004,2.2463340407486725,67,D_pmar=0.054_dist=500_repair_6_males=6_nmar=1,6,1
0,6,500,0,70.51721726615558,289.5144999564454,0,0,0,0,67,D_pmar=0.054_dist=500_repair_6_males=6_nmar=1,6,1
0,12,500,500,70.036740926619,259.5893751815753,30.411445459941337,0,0,0,67,D_pmar=0.054_dist=500_repair_6_males=6_nmar=1,6,1
0,8,1000,0,73.61650754710097,268.3374368466555,18.259251865460175,0,0,0,67,D_pmar=0.054_dist=500_repair_6_males=6_nmar=1,6,1
0,11,1000,500,68.09423289051688,273.53717956087814,18.4718167192546,0,0,0,67,D_pmar=0.054_dist=500_repair_6_males=6_nmar=1,6,1
0.054,12,0,0,69.94791809887333,286.7339570038749,0,12,1.2,2.2407173581764672,680,D_pmar=0.054_dist=500_repair_6_males=6_nmar=1,6,1
0,9,0,500,66.84511856990515,274.6791543527576,18.665747282567196,0,0,0,680,D_pmar=0.054_dist=500_repair_6_males=6_nmar=1,6,1
0,7,500,0,67.1352684286904,262.09100971888165,30.82886689343909,0,0,0,680,D_pmar=0.054_dist=500_repair_6_males=6_nmar=1,6,1
0,6,500,500,73.156443906856,280.84763121396594,6.00816305835,0,0,0,680,D_pmar=0.054_dist=500_repair_6_males=6_nmar=1,6,1
0,17,1000,0,70.99619692624178,270.6688295597856,18.42457104448983,0,0,0,680,D_pmar=0.054_dist=500_repair_6_males=6_nmar=1,6,1
0,3,1000,500,68.89927150018612,291.3153989481309,0,0,0,0,680,D_pmar=0.054_dist=500_repair_6_males=6_nmar=1,6,1
0,15,0,0,71.0703229987058,270.64599097392636,18.351029721267977,0,0,0,681,D_pmar=0.054_dist=500_repair_6_males=6_nmar=1,6,1
0,6,0,500,73.06068483405993,280.88400169008486,6.122762568688691,0,0,0,681,D_pmar=0.054_dist=500_repair_6_males=6_nmar=1,6,1
0.054,6,500,0,72.15538581281132,284.58675258139147,0,12,1.2,2.1649748133004905,681,D_pmar=0.054_dist=500_repair_6_males=6_nmar=1,6,1
0,10,500,500,72.13402412901546,251.3268674857977,36.57207920880757,0,0,0,681,D_pmar=0.054_dist=500_repair_6_males=6_nmar=1,6,1
0,12,1000,0,70.50055282653709,283.4589990319499,6.128676632782418,0,0,0,681,D_pmar=0.054_dist=500_repair_6_males=6_nmar=1,6,1
0,5,1000,500,70.53151231264553,286.6826378621116,2.792924853273793,0,0,0,681,D_pmar=0.054_dist=500_repair_6_males=6_nmar=1,6,1
0,4,0,0,75.41167117769805,254.1640026525015,30.503332998448307,0,0,0,682,D_pmar=0.054_dist=500_repair_6_males=6_nmar=1,6,1
0.054,12,0,500,73.31913921276748,282.2256469217588,0,21,2.1000000000000005,2.457957550557261,682,D_pmar=0.054_dist=500_repair_6_males=6_nmar=1,6,1
0,14,500,0,67.12141219163472,281.0447244269075,12.075382526586376,0,0,0,682,D_pmar=0.054_dist=500_repair_6_males=6_nmar=1,6,1
0,9,500,500,67.88013472302153,255.1686573731889,36.96230305144537,0,0,0,682,D_pmar=0.054_dist=500_repair_6_males=6_nmar=1,6,1
0,9,1000,0,72.56902308671349,256.77064466514196,30.664850780477025,0,0,0,682,D_pmar=0.054_dist=500_repair_6_males=6_nmar=1,6,1
0,6,1000,500,70.53549643262448,271.35345114895597,18.162725819842265,0,0,0,682,D_pmar=0.054_dist=500_repair_6_males=6_nmar=1,6,1
0.054,7,0,0,66.92682275574148,290.21336461562595,0,9,0.8999999999999999,2.182506278876433,683,D_pmar=0.054_dist=500_repair_6_males=6_nmar=1,6,1
0,8,0,500,68.84186620303736,285.01807194475657,6.193909521095277,0,0,0,683,D_pmar=0.054_dist=500_repair_6_males=6_nmar=1,6,1
0,12,500,0,75.07298436207965,266.69866155401076,18.310831218198217,0,0,0,683,D_pmar=0.054_dist=500_repair_6_males=6_nmar=1,6,1
0,11,500,500,67.08951527905818,281.0602754978514,12.055173379534445,0,0,0,683,D_pmar=0.054_dist=500_repair_6_males=6_nmar=1,6,1
0,7,1000,0,70.48161798414284,283.42970838577816,6.197684161209146,0,0,0,683,D_pmar=0.054_dist=500_repair_6_males=6_nmar=1,6,1
0,9,1000,500,70.76448174890469,277.34441712800447,12.210914827713292,0,0,0,683,D_pmar=0.054_dist=500_repair_6_males=6_nmar=1,6,1
0,14,0,0,70.92619521204506,264.5450602240568,24.576841994359196,0,0,0,684,D_pmar=0.054_dist=500_repair_6_males=6_nmar=1,6,1
0,14,0,500,67.12708777767597,272.34053260592543,20.69510262140717,0,0,0,684,D_pmar=0.054_dist=500_repair_6_males=6_nmar=1,6,1
0,5,500,0,66.7961503405838,256.5218246525907,36.76633828766507,0,0,0,684,D_pmar=0.054_dist=500_repair_6_males=6_nmar=1,6,1
0,8,500,500,68.99091328372388,278.9293438362436,12.132298601669753,0,0,0,684,D_pmar=0.054_dist=500_repair_6_males=6_nmar=1,6,1
0.054,9,1000,0,73.12474343448109,281.8810917613267,0,21,2.1000000000000005,2.948040256002956,684,D_pmar=0.054_dist=500_repair_6_males=6_nmar=1,6,1
0,4,1000,500,69.20181140949886,260.59120751582196,30.361238854852857,0,0,0,684,D_pmar=0.054_dist=500_repair_6_males=6_nmar=1,6,1
0,7,0,0,71.72421218142311,276.3789725679982,12.133914724406562,0,0,0,685,D_pmar=0.054_dist=500_repair_6_males=6_nmar=1,6,1
0.054,9,0,500,71.74182425927256,285.14029083181765,0,12,1.2,2.084297003711635,685,D_pmar=0.054_dist=500_repair_6_males=6_nmar=1,6,1
0,9,500,0,70.17630398713929,283.8134550671405,6.149219292887684,0,0,0,685,D_pmar=0.054_dist=500_repair_6_males=6_nmar=1,6,1
0,12,500,500,68.18638901860385,273.3093630358734,18.56529370713772,0,0,0,685,D_pmar=0.054_dist=500_repair_6_males=6_nmar=1,6,1
0,8,1000,0,75.5269884170406,272.0246569867936,12.463784412082507,0,0,0,685,D_pmar=0.054_dist=500_repair_6_males=6_nmar=1,6,1
0,9,1000,500,69.61419877692396,265.89677289899277,24.509501557884636,0,0,0,685,D_pmar=0.054_dist=500_repair_6_males=6_nmar=1,6,1
0,11,0,0,70.31879060178471,265.6806734756705,24.14471848576569,0,0,0,686,D_pmar=0.054_dist=500_repair_6_males=6_nmar=1,6,1
0.054,6,0,500,74.7618647121221,281.45864055335926,0,15,1.5000000000000002,2.2807155540412323,686,D_pmar=0.054_dist=500_repair_6_males=6_nmar=1,6,1
0,6,500,0,71.13583273857564,276.85048784932,12.224175707879832,0,0,0,686,D_pmar=0.054_dist=500_repair_6_males=6_nmar=1,6,1
0,8,500,500,71.51916367570418,270.1980516870802,18.304307533144733,0,0,0,686,D_pmar=0.054_dist=500_repair_6_males=6_nmar=1,6,1
0,15,1000,0,72.39607238489491,281.6052346339526,6.002286701325592,0,0,0,686,D_pmar=0.054_dist=500_repair_6_males=6_nmar=1,6,1
0,8,1000,500,68.35312789303514,261.42898614762686,30.449456849412005,0,0,0,686,D_pmar=0.054_dist=500_repair_6_males=6_nmar=1,6,1
0,9,0,0,68.64565787559495,273.21915190118176,18.296103373548068,0,0,0,687,D_pmar=0.054_dist=500_repair_6_males=6_nmar=1,6,1
0,8,0,500,71.42317164597233,258.3746721607621,30.38499041148157,0,0,0,687,D_pmar=0.054_dist=500_repair_6_males=6_nmar=1,6,1
0,6,500,0,72.83114142849223,262.881906262606,24.658076538828556,0,0,0,687,D_pmar=0.054_dist=500_repair_6_males=6_nmar=1,6,1
0.054,13,500,500,71.38120598703988,284.84544389065474,0,18,1.8000000000000005,2.0763538150424763,687,D_pmar=0.054_dist=500_repair_6_males=6_nmar=1,6,1
0,13,1000,0,72.36246259356103,275.33954572020224,12.354031445406608,0,0,0,687,D_pmar=0.054_dist=500_repair_6_males=6_nmar=1,6,1
0,5,1000,500,71.22060106737824,264.32122855416463,24.49279292889507,0,0,0,687,D_pmar=0.054_dist=500_repair_6_males=6_nmar=1,6,1
0,5,0,0,70.69449756790745,283.2435453708676,6.156979808103604,0,0,0,688,D_pmar=0.054_dist=500_repair_6_males=6_nmar=1,6,1
0,11,0,500,69.74600716030136,265.90212332685985,24.430090304357687,0,0,0,688,D_pmar=0.054_dist=500_repair_6_males=6_nmar=1,6,1
0,12,500,0,71.80131965433024,270.06976862764066,18.211992992315523,0,0,0,688,D_pmar=0.054_dist=500_repair_6_males=6_nmar=1,6,1
0.054,12,500,500,70.58399457734396,285.8620090407843,0,14,1.4,2.247979128986299,688,D_pmar=0.054_dist=500_repair_6_males=6_nmar=1,6,1
0,5,1000,0,70.84539324502651,281.7629624367941,7.477006430569873,0,0,0,688,D_pmar=0.054_dist=500_repair_6_males=6_nmar=1,6,1
0,9,1000,500,72.9249320528436,262.657410802155,24.478777449963204,0,0,0,688,D_pmar=0.054_dist=500_repair_6_males=6_nmar=1,6,1
0,7,0,0,67.83101415000152,280.5054819113396,12.056680676473029,0,0,0,689,D_pmar=0.054_dist=500_repair_6_males=6_nmar=1,6,1
0,11,0,500,74.66506307498561,267.07670020050244,18.34610131215452,0,0,0,689,D_pmar=0.054_dist=500_repair_6_males=6_nmar=1,6,1
0.054,3,500,0,68.01685254387121,288.80069287680055,0,15,1.5000000000000002,2.0995019631906247,689,D_pmar=0.054_dist=500_repair_6_males=6_nmar=1,6,1
0,11,500,500,72.56423395185077,269.39689592746026,18.21657546653999,0,0,0,689,D_pmar=0.054_dist=500_repair_6_males=6_nmar=1,6,1
0,9,1000,0,70.2424254417303,271.59908646005505,18.282470530133143,0,0,0,689,D_pmar=0.054_dist=500_repair_6_males=6_nmar=1,6,1
0,13,1000,500,69.86158029659951,265.94698835293974,24.435490518425784,0,0,0,689,D_pmar=0.054_dist=500_repair_6_males=6_nmar=1,6,1
0,7,0,0,72.56559899133298,281.4461829561941,6.042424597869141,0,0,0,68,D_pmar=0.054_dist=500_repair_6_males=6_nmar=1,6,1
0,9,0,500,70.39911539180623,259.17227004784,30.45940905905148,0,0,0,68,D_pmar=0.054_dist=500_repair_6_males=6_nmar=1,6,1
0,9,500,0,69.30680311630886,272.5629437347355,18.329823595332716,0,0,0,68,D_pmar=0.054_dist=500_repair_6_males=6_nmar=1,6,1
0,9,500,500,72.0379665993366,269.8808034852897,18.196954487992056,0,0,0,68,D_pmar=0.054_dist=500_repair_6_males=6_nmar=1,6,1
0,7,1000,0,71.29568217743234,264.7049081271153,24.22985058729929,0,0,0,68,D_pmar=0.054_dist=500_repair_6_males=6_nmar=1,6,1
0.054,13,1000,500,69.93170418607615,286.0777999536907,0,16,1.6000000000000003,2.47713410437083,68,D_pmar=0.054_dist=500_repair_6_males=6_nmar=1,6,1
0,9,0,0,71.48780226073626,276.433073442318,12.107882719515702,0,0,0,690,D_pmar=0.054_dist=500_repair_6_males=6_nmar=1,6,1
0,10,0,500,70.3716196916696,280.24188353220904,9.424689507674342,0,0,0,690,D_pmar=0.054_dist=500_repair_6_males=6_nmar=1,6,1
0,10,500,0,71.56799955263644,264.01575472299953,24.468906265344717,0,0,0,690,D_pmar=0.054_dist=500_repair_6_males=6_nmar=1,6,1
0.054,14,500,500,72.66276489413133,284.45330882532676,0,9,0.8999999999999999,2.18415136711406,690,D_pmar=0.054_dist=500_repair_6_males=6_nmar=1,6,1
0,5,1000,0,64.29525606682957,289.40974115675283,6.418958880043953,0,0,0,690,D_pmar=0.054_dist=500_repair_6_males=6_nmar=1,6,1
0,6,1000,500,69.33987543772453,290.818671973069,0,0,0,0,690,D_pmar=0.054_dist=500_repair_6_males=6_nmar=1,6,1
0,9,0,0,71.82853851085855,264.2069056987492,24.1353174164302,0,0,0,691,D_pmar=0.054_dist=500_repair_6_males=6_nmar=1,6,1
0,9,0,500,69.32857876398391,278.6297799285011,12.113984495159029,0,0,0,691,D_pmar=0.054_dist=500_repair_6_males=6_nmar=1,6,1
0,6,500,0,70.79135389051129,264.8109751247351,24.462363228582294,0,0,0,691,D_pmar=0.054_dist=500_repair_6_males=6_nmar=1,6,1
0,9,500,500,71.55954044046142,264.2582478255162,24.37547217598356,0,0,0,691,D_pmar=0.054_dist=500_repair_6_males=6_nmar=1,6,1
0.054,11,1000,0,69.84830102171489,286.17019717224116,0,18,1.8000000000000005,2.1881229614486393,691,D_pmar=0.054_dist=500_repair_6_males=6_nmar=1,6,1
0,10,1000,500,68.86250351239937,266.85523845442873,24.327145418978393,0,0,0,691,D_pmar=0.054_dist=500_repair_6_males=6_nmar=1,6,1
0,12,0,0,70.17026361262188,277.62852536707874,12.261007553533272,0,0,0,692,D_pmar=0.054_dist=500_repair_6_males=6_nmar=1,6,1
0,4,0,500,71.70252148623192,276.24294500908695,12.13687446437936,0,0,0,692,D_pmar=0.054_dist=500_repair_6_males=6_nmar=1,6,1
0.054,8,500,0,74.28311877869425,282.8599414889937,0,11,1.1,1.9973210936912469,692,D_pmar=0.054_dist=500_repair_6_males=6_nmar=1,6,1
0,7,500,500,69.3484964405394,272.6102594998216,18.245380538436137,0,0,0,692,D_pmar=0.054_dist=500_repair_6_males=6_nmar=1,6,1
0,6,1000,0,72.57779969936777,275.40195525966675,12.039210832647491,0,0,0,692,D_pmar=0.054_dist=500_repair_6_males=6_nmar=1,6,1
0,17,1000,500,67.85066128274832,279.92976126029964,12.266240386353507,0,0,0,692,D_pmar=0.054_dist=500_repair_6_males=6_nmar=1,6,1
0,8,0,0,73.34475766962213,250.070236149721,36.70013077550867,0,0,0,693,D_pmar=0.054_dist=500_repair_6_males=6_nmar=1,6,1
0,9,0,500,70.03537458767464,277.69667150740236,12.3290901603807,0,0,0,693,D_pmar=0.054_dist=500_repair_6_males=6_nmar=1,6,1
0.054,10,500,0,72.58984093826872,282.9018928935393,0,20,2.0000000000000004,2.531373589336285,693,D_pmar=0.054_dist=500_repair_6_males=6_nmar=1,6,1
0,14,500,500,70.35473304216217,269.6421230417463,20.044338000261146,0,0,0,693,D_pmar=0.054_dist=500_repair_6_males=6_nmar=1,6,1
0,7,1000,0,69.7656325412057,259.8761033798502,30.451660430804385,0,0,0,693,D_pmar=0.054_dist=500_repair_6_males=6_nmar=1,6,1
0,6,1000,500,72.6118570938275,269.39887411628786,18.0457139136342,0,0,0,693,D_pmar=0.054_dist=500_repair_6_males=6_nmar=1,6,1
0,10,0,0,69.47534452577119,272.06359986428765,18.51221055106726,0,0,0,694,D_pmar=0.054_dist=500_repair_6_males=6_nmar=1,6,1
0.054,12,0,500,74.45456232446476,282.1843386236882,0,11,1.1,2.3094803847615863,694,D_pmar=0.054_dist=500_repair_6_males=6_nmar=1,6,1
0,8,500,0,69.04077964161533,291.06960438645683,0,0,0,0,694,D_pmar=0.054_dist=500_repair_6_males=6_nmar=1,6,1
0,6,500,500,74.77175465201485,285.5449005278053,0,0,0,0,694,D_pmar=0.054_dist=500_repair_6_males=6_nmar=1,6,1
0,8,1000,0,73.71678953380582,267.8964054385689,18.397699119246553,0,0,0,694,D_pmar=0.054_dist=500_repair_6_males=6_nmar=1,6,1
0,10,1000,500,71.41576783629603,258.24353880738187,30.36244935400242,0,0,0,694,D_pmar=0.054_dist=500_repair_6_males=6_nmar=1,6,1
0,9,0,0,72.67508928407453,263.1290741305536,24.388140713572405,0,0,0,695,D_pmar=0.054_dist=500_repair_6_males=6_nmar=1,6,1
0,8,0,500,75.69077525944103,265.8172776781813,18.51509278894973,0,0,0,695,D_pmar=0.054_dist=500_repair_6_males=6_nmar=1,6,1
0,6,500,0,71.62039719640535,258.06754544940225,30.4117345510796,0,0,0,695,D_pmar=0.054_dist=500_repair_6_males=6_nmar=1,6,1
0,17,500,500,72.37402696490216,281.7105864416769,6.020606734704557,0,0,0,695,D_pmar=0.054_dist=500_repair_6_males=6_nmar=1,6,1
0.054,5,1000,0,71.28066272565353,284.9557429874508,0,16,1.6000000000000003,2.30783529652396,695,D_pmar=0.054_dist=500_repair_6_males=6_nmar=1,6,1
0,9,1000,500,69.46009879279815,272.4078228084771,18.146647900814067,0,0,0,695,D_pmar=0.054_dist=500_repair_6_males=6_nmar=1,6,1
0,15,0,0,67.99951956650816,286.0065311752175,6.022743757131405,0,0,0,696,D_pmar=0.054_dist=500_repair_6_males=6_nmar=1,6,1
0,9,0,500,73.79794400005666,248.97960733543096,37.24640667111011,0,0,0,696,D_pmar=0.054_dist=500_repair_6_males=6_nmar=1,6,1
0,6,500,0,73.25210962830141,268.6926216251273,18.234585210765037,0,0,0,696,D_pmar=0.054_dist=500_repair_6_males=6_nmar=1,6,1
0.054,4,500,500,74.20595487060977,282.1534837807757,0,14,1.4,2.3828964235406103,696,D_pmar=0.054_dist=500_repair_6_males=6_nmar=1,6,1
0,15,1000,0,71.00425235222305,289.0625786945196,0,0,0,0,696,D_pmar=0.054_dist=500_repair_6_males=6_nmar=1,6,1
0,5,1000,500,72.554171787463,269.3167312686947,18.18348866275522,0,0,0,696,D_pmar=0.054_dist=500_repair_6_males=6_nmar=1,6,1
0,11,0,0,71.19547194974525,252.72284926278368,36.28282834508863,0,0,0,697,D_pmar=0.054_dist=500_repair_6_males=6_nmar=1,6,1
0,9,0,500,70.08251619432484,265.44529043272513,24.474437470989415,0,0,0,697,D_pmar=0.054_dist=500_repair_6_males=6_nmar=1,6,1
0,7,500,0,70.17896174159559,277.8356799717149,12.190801373346668,0,0,0,697,D_pmar=0.054_dist=500_repair_6_males=6_nmar=1,6,1
0,5,500,500,76.50067154237011,259.0017765417057,24.685303055497105,0,0,0,697,D_pmar=0.054_dist=500_repair_6_males=6_nmar=1,6,1
0.054,10,1000,0,71.78170347727561,283.708792227322,0,18,1.8000000000000005,2.7294372279035093,697,D_pmar=0.054_dist=500_repair_6_males=6_nmar=1,6,1
0,12,1000,500,71.76088728054096,275.9613650128109,12.32422563058945,0,0,0,697,D_pmar=0.054_dist=500_repair_6_males=6_nmar=1,6,1
0.054,8,0,0,70.98586117804362,285.6665756719154,0,11,1.1,2.410016166023338,698,D_pmar=0.054_dist=500_repair_6_males=6_nmar=1,6,1
0,11,0,500,71.24419442560063,270.59711839686105,18.251942617838644,0,0,0,698,D_pmar=0.054_dist=500_repair_6_males=6_nmar=1,6,1
0,6,500,0,70.35232717337584,271.39498831778815,18.37547729161418,0,0,0,698,D_pmar=0.054_dist=500_repair_6_males=6_nmar=1,6,1
0,10,500,500,67.03878167157913,293.09545960102713,0,0,0,0,698,D_pmar=0.054_dist=500_repair_6_males=6_nmar=1,6,1
0,8,1000,0,71.8322276344213,275.681177863586,12.49320626640714,0,0,0,698,D_pmar=0.054_dist=500_repair_6_males=6_nmar=1,6,1
0,11,1000,500,69.5229545501547,272.2303641008339,18.39793683169119,0,0,0,698,D_pmar=0.054_dist=500_repair_6_males=6_nmar=1,6,1
0,13,0,0,73.8941480172793,255.59008503801033,30.569817165656495,0,0,0,699,D_pmar=0.054_dist=500_repair_6_males=6_nmar=1,6,1
0.054,11,0,500,72.27576000127439,283.4145000180699,0,20,2.0000000000000004,2.473843927895577,699,D_pmar=0.054_dist=500_repair_6_males=6_nmar=1,6,1
0,12,500,0,69.49898507764856,284.74767618000425,6.065686977759486,0,0,0,699,D_pmar=0.054_dist=500_repair_6_males=6_nmar=1,6,1
0,5,500,500,68.11221562594078,273.5974343041057,18.415077220076192,0,0,0,699,D_pmar=0.054_dist=500_repair_6_males=6_nmar=1,6,1
0,9,1000,0,74.35674062568565,255.73386445681712,30.409673333585474,0,0,0,699,D_pmar=0.054_dist=500_repair_6_males=6_nmar=1,6,1
0,4,1000,500,72.54176405949312,250.86136963202372,36.67195755618174,0,0,0,699,D_pmar=0.054_dist=500_repair_6_males=6_nmar=1,6,1
0,8,0,0,70.86727253668846,283.0718552305016,6.070347260678342,0,0,0,69,D_pmar=0.054_dist=500_repair_6_males=6_nmar=1,6,1
0,6,0,500,67.45087502160084,274.0636464932672,18.53494285707937,0,0,0,69,D_pmar=0.054_dist=500_repair_6_males=6_nmar=1,6,1
0.054,12,500,0,70.47529066344667,284.6455672894654,0,17,1.7000000000000004,3.2195199333492033,69,D_pmar=0.054_dist=500_repair_6_males=6_nmar=1,6,1
0,8,500,500,69.27324593426063,249.50067241727095,41.30307705341533,0,0,0,69,D_pmar=0.054_dist=500_repair_6_males=6_nmar=1,6,1
0,11,1000,0,71.60858811590352,264.283929627208,24.214952490064515,0,0,0,69,D_pmar=0.054_dist=500_repair_6_males=6_nmar=1,6,1
0,9,1000,500,70.7579940593961,277.0746225938671,12.436208356927455,0,0,0,69,D_pmar=0.054_dist=500_repair_6_males=6_nmar=1,6,1
0,10,0,0,70.64691070028576,277.168568589784,12.195025078323456,0,0,0,700,D_pmar=0.054_dist=500_repair_6_males=6_nmar=1,6,1
0,7,0,500,73.56189697205254,274.32550318141017,12.2122980082156,0,0,0,700,D_pmar=0.054_dist=500_repair_6_males=6_nmar=1,6,1
0,5,500,0,73.4470181016441,250.2479810527531,36.465213109574265,0,0,0,700,D_pmar=0.054_dist=500_repair_6_males=6_nmar=1,6,1
0.054,7,500,500,70.81941790319152,285.3429796467785,0,16,1.6000000000000003,2.3405717215788924,700,D_pmar=0.054_dist=500_repair_6_males=6_nmar=1,6,1
0,14,1000,0,69.85516569956177,283.91288780280746,6.278217997228367,0,0,0,700,D_pmar=0.054_dist=500_repair_6_males=6_nmar=1,6,1
0,11,1000,500,71.79072083294787,257.3605622273441,30.849211935017568,0,0,0,700,D_pmar=0.054_dist=500_repair_6_males=6_nmar=1,6,1
0.054,14,0,0,71.30014586627973,284.87983661761245,0,17,1.7000000000000004,2.311806890858539,701,D_pmar=0.054_dist=500_repair_6_males=6_nmar=1,6,1
0,7,0,500,76.02813041406395,259.86698851479997,24.211276713400707,0,0,0,701,D_pmar=0.054_dist=500_repair_6_males=6_nmar=1,6,1
0,5,500,0,69.94452204524063,269.3094020751702,20.86620847708351,0,0,0,701,D_pmar=0.054_dist=500_repair_6_males=6_nmar=1,6,1
0,10,500,500,68.45990663360011,279.3004874484697,12.300656862977362,0,0,0,701,D_pmar=0.054_dist=500_repair_6_males=6_nmar=1,6,1
0,5,1000,0,72.87315042272168,257.01705759683284,30.361500108988263,0,0,0,701,D_pmar=0.054_dist=500_repair_6_males=6_nmar=1,6,1
0,13,1000,500,72.5042896799665,275.27136227420846,12.348426594817974,0,0,0,701,D_pmar=0.054_dist=500_repair_6_males=6_nmar=1,6,1
0,8,0,0,73.29497442842565,256.40055647451004,30.629110402410337,0,0,0,702,D_pmar=0.054_dist=500_repair_6_males=6_nmar=1,6,1
0,7,0,500,70.45943546663919,277.3005825579732,12.244174096859409,0,0,0,702,D_pmar=0.054_dist=500_repair_6_males=6_nmar=1,6,1
0.054,9,500,0,76.31406201753717,279.84417663456543,0,17,1.7000000000000004,2.163329725062864,702,D_pmar=0.054_dist=500_repair_6_males=6_nmar=1,6,1
0,14,500,500,70.87598400322827,264.6492435007842,24.48172119359627,0,0,0,702,D_pmar=0.054_dist=500_repair_6_males=6_nmar=1,6,1
0,7,1000,0,72.63194236389818,262.9581280910903,24.464935837372035,0,0,0,702,D_pmar=0.054_dist=500_repair_6_males=6_nmar=1,6,1
0,9,1000,500,67.16151780840096,280.5572299677669,12.322874876201205,0,0,0,702,D_pmar=0.054_dist=500_repair_6_males=6_nmar=1,6,1
0.054,11,0,0,71.31564881340506,283.95541171398713,0,24,2.400000000000001,2.4348094024091123,703,D_pmar=0.054_dist=500_repair_6_males=6_nmar=1,6,1
0,6,0,500,72.48918625493724,244.91512495257845,42.742797188464195,0,0,0,703,D_pmar=0.054_dist=500_repair_6_males=6_nmar=1,6,1
0,10,500,0,70.95188891427799,270.8850391862589,18.28853819282042,0,0,0,703,D_pmar=0.054_dist=500_repair_6_males=6_nmar=1,6,1
0,9,500,500,71.76600854977043,274.450162445981,14.06261004032687,0,0,0,703,D_pmar=0.054_dist=500_repair_6_males=6_nmar=1,6,1
0,4,1000,0,70.19647325657462,253.4710531929964,36.34428784744523,0,0,0,703,D_pmar=0.054_dist=500_repair_6_males=6_nmar=1,6,1
0,14,1000,500,75.52895649864202,254.22373997402929,30.291673617285763,0,0,0,703,D_pmar=0.054_dist=500_repair_6_males=6_nmar=1,6,1
0,6,0,0,72.68966129517617,262.8205213821473,24.54992957747581,0,0,0,704,D_pmar=0.054_dist=500_repair_6_males=6_nmar=1,6,1
0,12,0,500,70.0695335114569,287.905707492475,2.1819479055149182,0,0,0,704,D_pmar=0.054_dist=500_repair_6_males=6_nmar=1,6,1
0,7,500,0,69.11900549189784,266.73703666300736,24.17220635621516,0,0,0,704,D_pmar=0.054_dist=500_repair_6_males=6_nmar=1,6,1
0,5,500,500,69.224749815367,272.756100667487,18.070134599839133,0,0,0,704,D_pmar=0.054_dist=500_repair_6_males=6_nmar=1,6,1
0.054,16,1000,0,70.84150532427523,285.43043590589855,0,15,1.5000000000000002,2.3828964235406103,704,D_pmar=0.054_dist=500_repair_6_males=6_nmar=1,6,1
0,8,1000,500,72.2975435767129,269.3842239480971,18.409663381190605,0,0,0,704,D_pmar=0.054_dist=500_repair_6_males=6_nmar=1,6,1
0,9,0,0,67.24111799571993,274.63554550472213,18.17460578746409,0,0,0,705,D_pmar=0.054_dist=500_repair_6_males=6_nmar=1,6,1
0,10,0,500,72.40807420472792,257.0434568906818,30.601563154150035,0,0,0,705,D_pmar=0.054_dist=500_repair_6_males=6_nmar=1,6,1
0,10,500,0,69.04794392442142,272.8689949590069,18.209092375388828,0,0,0,705,D_pmar=0.054_dist=500_repair_6_males=6_nmar=1,6,1
0.054,10,500,500,73.51736115822035,282.30616979036677,0,20,2.0000000000000004,2.3468698220104245,705,D_pmar=0.054_dist=500_repair_6_males=6_nmar=1,6,1
0,11,1000,0,69.53912105010757,272.2439487669259,18.51513270211241,0,0,0,705,D_pmar=0.054_dist=500_repair_6_males=6_nmar=1,6,1
0,4,1000,500,70.41937494142752,253.43586904400445,36.47347679062227,0,0,0,705,D_pmar=0.054_dist=500_repair_6_males=6_nmar=1,6,1
0,9,0,0,69.54727671843594,253.9401452280818,36.52708092860078,0,0,0,706,D_pmar=0.054_dist=500_repair_6_males=6_nmar=1,6,1
0,5,0,500,69.057521648961,272.80448375161734,18.35039126493512,0,0,0,706,D_pmar=0.054_dist=500_repair_6_males=6_nmar=1,6,1
0,10,500,0,70.02803084399409,283.9643933635114,6.117747254035171,0,0,0,706,D_pmar=0.054_dist=500_repair_6_males=6_nmar=1,6,1
0,9,500,500,69.92439749836608,284.37588682259627,6.028093377019899,0,0,0,706,D_pmar=0.054_dist=500_repair_6_males=6_nmar=1,6,1
0.054,8,1000,0,71.17149034364247,284.82440661967456,0,15,1.5000000000000002,2.5426069544806964,706,D_pmar=0.054_dist=500_repair_6_males=6_nmar=1,6,1
0,13,1000,500,70.98619276001659,264.7529265178595,24.35088011453577,0,0,0,706,D_pmar=0.054_dist=500_repair_6_males=6_nmar=1,6,1
0,5,0,0,75.64413797766102,266.0127781918538,18.481812549666177,0,0,0,707,D_pmar=0.054_dist=500_repair_6_males=6_nmar=1,6,1
0,10,0,500,72.05502900531457,263.5169946761827,24.468862042530663,0,0,0,707,D_pmar=0.054_dist=500_repair_6_males=6_nmar=1,6,1
0,11,500,0,73.22477426704324,268.42627780730794,18.36231593318311,0,0,0,707,D_pmar=0.054_dist=500_repair_6_males=6_nmar=1,6,1
0.054,8,500,500,70.72333882678001,284.8814605661075,0,18,1.8000000000000005,2.6351995470732894,707,D_pmar=0.054_dist=500_repair_6_males=6_nmar=1,6,1
0,9,1000,0,69.91208620499431,266.0755237965865,24.21854652808582,0,0,0,707,D_pmar=0.054_dist=500_repair_6_males=6_nmar=1,6,1
0,11,1000,500,72.90090552281339,262.4989964933278,24.73658581383199,0,0,0,707,D_pmar=0.054_dist=500_repair_6_males=6_nmar=1,6,1
0,11,0,0,72.84616194175719,250.4506757544512,36.74198909292326,0,0,0,708,D_pmar=0.054_dist=500_repair_6_males=6_nmar=1,6,1
0.054,11,0,500,75.01613664373448,281.01894604215124,0,16,1.6000000000000003,2.44672418541285,708,D_pmar=0.054_dist=500_repair_6_males=6_nmar=1,6,1
0,4,500,0,71.05610572087478,270.82258940166764,18.22938271890914,0,0,0,708,D_pmar=0.054_dist=500_repair_6_males=6_nmar=1,6,1
0,6,500,500,68.81398657843806,273.0376927394921,18.311507792663548,0,0,0,708,D_pmar=0.054_dist=500_repair_6_males=6_nmar=1,6,1
0,12,1000,0,68.55485479896308,285.3832729971467,6.140062249581066,0,0,0,708,D_pmar=0.054_dist=500_repair_6_males=6_nmar=1,6,1
0,10,1000,500,74.63770851676436,267.2948863493312,18.158841773951412,0,0,0,708,D_pmar=0.054_dist=500_repair_6_males=6_nmar=1,6,1
0.054,11,0,0,70.63542125751893,285.4575501319937,0,16,1.6000000000000003,2.535345183670864,709,D_pmar=0.054_dist=500_repair_6_males=6_nmar=1,6,1
0,10,0,500,76.26353818533079,271.909569736348,12.007406476956604,0,0,0,709,D_pmar=0.054_dist=500_repair_6_males=6_nmar=1,6,1
0,10,500,0,70.50204285875373,271.4927921192899,18.06542187726918,0,0,0,709,D_pmar=0.054_dist=500_repair_6_males=6_nmar=1,6,1
0,13,500,500,69.17998056319232,266.38875269266504,24.483760079871523,0,0,0,709,D_pmar=0.054_dist=500_repair_6_males=6_nmar=1,6,1
0,3,1000,0,68.26606017677165,261.2359170053868,30.556815376601232,0,0,0,709,D_pmar=0.054_dist=500_repair_6_males=6_nmar=1,6,1
0,7,1000,500,68.89360675266781,278.9720334614623,12.250783924598124,0,0,0,709,D_pmar=0.054_dist=500_repair_6_males=6_nmar=1,6,1
0,8,0,0,68.9939188057304,254.49374545832853,36.75935996429813,0,0,0,70,D_pmar=0.054_dist=500_repair_6_males=6_nmar=1,6,1
0,12,0,500,73.53624547240611,274.43210353227664,12.091938380716236,0,0,0,70,D_pmar=0.054_dist=500_repair_6_males=6_nmar=1,6,1
0.054,6,500,0,71.41658171919582,284.71135754344067,0,18,1.8000000000000005,2.2208593865035726,70,D_pmar=0.054_dist=500_repair_6_males=6_nmar=1,6,1
0,10,500,500,71.66396540788338,252.9489115924975,35.42469338022043,0,0,0,70,D_pmar=0.054_dist=500_repair_6_males=6_nmar=1,6,1
0,5,1000,0,71.47216166661626,264.22345356193574,24.522386953063812,0,0,0,70,D_pmar=0.054_dist=500_repair_6_males=6_nmar=1,6,1
0,13,1000,500,70.8713562117485,289.251663275971,0,0,0,0,70,D_pmar=0.054_dist=500_repair_6_males=6_nmar=1,6,1
0,9,0,0,69.17060752800667,272.77778175958525,18.16077571659035,0,0,0,710,D_pmar=0.054_dist=500_repair_6_males=6_nmar=1,6,1
0,7,0,500,71.02496808345002,258.86651193864975,30.29838147787682,0,0,0,710,D_pmar=0.054_dist=500_repair_6_males=6_nmar=1,6,1
0,10,500,0,71.22462782886308,264.4528134922709,24.335238487007626,0,0,0,710,D_pmar=0.054_dist=500_repair_6_males=6_nmar=1,6,1
0.054,12,500,500,68.83392552449394,286.94072132189984,0,15,1.5000000000000002,2.8706526228893514,710,D_pmar=0.054_dist=500_repair_6_males=6_nmar=1,6,1
0,12,1000,0,72.47325504153797,281.5624448939128,6.163408890194924,0,0,0,710,D_pmar=0.054_dist=500_repair_6_males=6_nmar=1,6,1
0,4,1000,500,69.72334123731198,278.2123349986405,12.0835619621053,0,0,0,710,D_pmar=0.054_dist=500_repair_6_males=6_nmar=1,6,1
0,10,0,0,72.4517594360248,238.6932379608095,48.983632319945066,0,0,0,711,D_pmar=0.054_dist=500_repair_6_males=6_nmar=1,6,1
0,5,0,500,75.7304135420968,266.14891429193125,18.18541021261424,0,0,0,711,D_pmar=0.054_dist=500_repair_6_males=6_nmar=1,6,1
0,12,500,0,73.1189192227855,274.8606248901651,12.14551463841899,0,0,0,711,D_pmar=0.054_dist=500_repair_6_males=6_nmar=1,6,1
0,9,500,500,72.25223034420516,269.53645815044393,18.270432351559823,0,0,0,711,D_pmar=0.054_dist=500_repair_6_males=6_nmar=1,6,1
0.054,9,1000,0,68.2781178514144,287.34683662735773,0,20,2.0000000000000004,2.3924847004473953,711,D_pmar=0.054_dist=500_repair_6_males=6_nmar=1,6,1
0,9,1000,500,72.87963751491924,262.59407770587677,24.7006925553217,0,0,0,711,D_pmar=0.054_dist=500_repair_6_males=6_nmar=1,6,1
0.054,12,0,0,71.871825837755,283.23062555966345,0,24,2.400000000000001,2.5026087586159314,712,D_pmar=0.054_dist=500_repair_6_males=6_nmar=1,6,1
0,8,0,500,73.25640872668758,243.75599531458477,43.237663318553565,0,0,0,712,D_pmar=0.054_dist=500_repair_6_males=6_nmar=1,6,1
0,11,500,0,65.39529938649103,258.0455436288819,36.6619638616546,0,0,0,712,D_pmar=0.054_dist=500_repair_6_males=6_nmar=1,6,1
0,6,500,500,67.69125995557337,286.5271768936498,6.048051108783992,0,0,0,712,D_pmar=0.054_dist=500_repair_6_males=6_nmar=1,6,1
0,10,1000,0,73.16601888199989,250.57014040968153,36.76895552669823,0,0,0,712,D_pmar=0.054_dist=500_repair_6_males=6_nmar=1,6,1
0,7,1000,500,65.64899166395787,269.99636861644984,24.504290178150544,0,0,0,712,D_pmar=0.054_dist=500_repair_6_males=6_nmar=1,6,1
0.054,8,0,0,70.93891445507153,284.72747734134373,0,19,1.9000000000000008,2.4715174217986244,713,D_pmar=0.054_dist=500_repair_6_males=6_nmar=1,6,1
0,9,0,500,67.66361932399026,249.46177790004657,42.88403514986889,0,0,0,713,D_pmar=0.054_dist=500_repair_6_males=6_nmar=1,6,1
0,9,500,0,73.03876648391757,259.0592246774066,28.095023069653244,0,0,0,713,D_pmar=0.054_dist=500_repair_6_males=6_nmar=1,6,1
0,11,500,500,71.42217299038549,276.4907097519959,12.182675842001665,0,0,0,713,D_pmar=0.054_dist=500_repair_6_males=6_nmar=1,6,1
0,9,1000,0,69.50777118982025,271.84881849323045,18.777607809678752,0,0,0,713,D_pmar=0.054_dist=500_repair_6_males=6_nmar=1,6,1
0,8,1000,500,67.12991536480993,283.82575471562143,9.191335456342657,0,0,0,713,D_pmar=0.054_dist=500_repair_6_males=6_nmar=1,6,1
0,12,0,0,71.50066982606994,264.0817929484054,24.44351460588441,0,0,0,714,D_pmar=0.054_dist=500_repair_6_males=6_nmar=1,6,1
0,4,0,500,69.0584612768389,291.04060810449687,0,0,0,0,714,D_pmar=0.054_dist=500_repair_6_males=6_nmar=1,6,1
0.054,13,500,0,73.48830793543405,283.0309073461532,0,12,1.2,2.38289642354061,714,D_pmar=0.054_dist=500_repair_6_males=6_nmar=1,6,1
0,8,500,500,74.2368227614508,273.7526213851707,12.103038978115372,0,0,0,714,D_pmar=0.054_dist=500_repair_6_males=6_nmar=1,6,1
0,7,1000,0,70.36000111890513,277.41964846766075,12.25800782928,0,0,0,714,D_pmar=0.054_dist=500_repair_6_males=6_nmar=1,6,1
0,10,1000,500,70.02501505178323,265.63559263449275,24.516096137382277,0,0,0,714,D_pmar=0.054_dist=500_repair_6_males=6_nmar=1,6,1
0.054,9,0,0,68.70919416333555,286.87376536629563,0,18,1.8000000000000005,2.6973822207079023,715,D_pmar=0.054_dist=500_repair_6_males=6_nmar=1,6,1
0,7,0,500,69.90094958799347,266.22840159729185,24.25789441828795,0,0,0,715,D_pmar=0.054_dist=500_repair_6_males=6_nmar=1,6,1
0,4,500,0,70.55664514994399,264.94237932327485,24.540189091035653,0,0,0,715,D_pmar=0.054_dist=500_repair_6_males=6_nmar=1,6,1
0,10,500,500,68.74449296152837,285.26228636198385,6.13481142908428,0,0,0,715,D_pmar=0.054_dist=500_repair_6_males=6_nmar=1,6,1
0,10,1000,0,67.30730235117753,256.20086224176885,36.78688414698027,0,0,0,715,D_pmar=0.054_dist=500_repair_6_males=6_nmar=1,6,1
0,14,1000,500,71.19534199705056,270.60829567423167,18.339964325291945,0,0,0,715,D_pmar=0.054_dist=500_repair_6_males=6_nmar=1,6,1
0,9,0,0,73.7120637041835,278.6470769246373,7.758440994616546,0,0,0,716,D_pmar=0.054_dist=500_repair_6_males=6_nmar=1,6,1
0,7,0,500,74.0145243133019,252.8942195252609,33.16811873816061,0,0,0,716,D_pmar=0.054_dist=500_repair_6_males=6_nmar=1,6,1
0,6,500,0,74.01207666607041,267.7907263339652,18.3333533312593,0,0,0,716,D_pmar=0.054_dist=500_repair_6_males=6_nmar=1,6,1
0.054,9,500,500,71.91679605640249,284.0533490297625,0,18,1.8000000000000005,2.2479791289862994,716,D_pmar=0.054_dist=500_repair_6_males=6_nmar=1,6,1
0,15,1000,0,71.70455434816338,288.33226346754975,0,0,0,0,716,D_pmar=0.054_dist=500_repair_6_males=6_nmar=1,6,1
0,8,1000,500,72.31247633513783,244.7345463164121,43.04070950515048,0,0,0,716,D_pmar=0.054_dist=500_repair_6_males=6_nmar=1,6,1
0,6,0,0,72.31249460580487,287.72108336115014,0,0,0,0,717,D_pmar=0.054_dist=500_repair_6_males=6_nmar=1,6,1
0,13,0,500,67.41083928434189,262.3094725171456,30.36601490105198,0,0,0,717,D_pmar=0.054_dist=500_repair_6_males=6_nmar=1,6,1
0,7,500,0,72.77179770216932,250.57973408014945,36.66564755992778,0,0,0,717,D_pmar=0.054_dist=500_repair_6_males=6_nmar=1,6,1
0.054,11,500,500,69.90671225123049,285.8011542900235,0,19,1.9000000000000008,2.454667374082008,717,D_pmar=0.054_dist=500_repair_6_males=6_nmar=1,6,1
0,11,1000,0,72.63877765587898,275.47646962004393,12.06125040256215,0,0,0,717,D_pmar=0.054_dist=500_repair_6_males=6_nmar=1,6,1
0,6,1000,500,73.59877776971281,249.79008430269732,36.74756682146195,0,0,0,717,D_pmar=0.054_dist=500_repair_6_males=6_nmar=1,6,1
0,15,0,0,71.56854501458449,270.3369838337745,18.211106952530077,0,0,0,718,D_pmar=0.054_dist=500_repair_6_males=6_nmar=1,6,1
0,7,0,500,70.7448522575315,265.07177586770314,24.363777859826445,0,0,0,718,D_pmar=0.054_dist=500_repair_6_males=6_nmar=1,6,1
0.054,10,500,0,71.76554892692803,284.4999982179023,0,16,1.6000000000000003,2.200037744452376,718,D_pmar=0.054_dist=500_repair_6_males=6_nmar=1,6,1
0,8,500,500,69.87422990498577,271.78949591297646,18.41792035425196,0,0,0,718,D_pmar=0.054_dist=500_repair_6_males=6_nmar=1,6,1
0,4,1000,0,69.52745974008165,259.988142880965,30.572751170215874,0,0,0,718,D_pmar=0.054_dist=500_repair_6_males=6_nmar=1,6,1
0,10,1000,500,70.01557076473222,284.0109968926545,6.1995053510122196,0,0,0,718,D_pmar=0.054_dist=500_repair_6_males=6_nmar=1,6,1
0,8,0,0,73.19708920045854,268.60124082889445,18.306281167584388,0,0,0,719,D_pmar=0.054_dist=500_repair_6_males=6_nmar=1,6,1
0,5,0,500,70.86817972765917,264.8707726634563,24.264255446850974,0,0,0,719,D_pmar=0.054_dist=500_repair_6_males=6_nmar=1,6,1
0.054,9,500,0,72.55888024129025,284.29362365296396,0,10,1,2.2129161978344136,719,D_pmar=0.054_dist=500_repair_6_males=6_nmar=1,6,1
0,11,500,500,72.89941592993155,268.7224342036513,18.4006120343567,0,0,0,719,D_pmar=0.054_dist=500_repair_6_males=6_nmar=1,6,1
0,9,1000,0,71.47706235146303,288.5905781899973,0,0,0,0,719,D_pmar=0.054_dist=500_repair_6_males=6_nmar=1,6,1
0,12,1000,500,71.85105111686681,288.21936652696314,0,0,0,0,719,D_pmar=0.054_dist=500_repair_6_males=6_nmar=1,6,1
0,6,0,0,72.80122714166146,269.0885472157575,18.153348383391663,0,0,0,71,D_pmar=0.054_dist=500_repair_6_males=6_nmar=1,6,1
0,12,0,500,68.47608941569987,291.5567773410974,0,0,0,0,71,D_pmar=0.054_dist=500_repair_6_males=6_nmar=1,6,1
0.054,14,500,0,67.938439629418,288.51620283175293,0,13,1.3,2.461929144891839,71,D_pmar=0.054_dist=500_repair_6_males=6_nmar=1,6,1
0,8,500,500,72.72882937363336,262.87666955493563,24.507368484139818,0,0,0,71,D_pmar=0.054_dist=500_repair_6_males=6_nmar=1,6,1
0,9,1000,0,69.78477585849595,266.11411219442385,24.42838605728313,0,0,0,71,D_pmar=0.054_dist=500_repair_6_males=6_nmar=1,6,1
0,5,1000,500,69.9083134757451,277.8238450011232,12.300636671573647,0,0,0,71,D_pmar=0.054_dist=500_repair_6_males=6_nmar=1,6,1
0,4,0,0,70.67159192278926,233.9648996361105,55.36932358273274,0,0,0,720,D_pmar=0.054_dist=500_repair_6_males=6_nmar=1,6,1
0,16,0,500,69.59906139912516,265.7852098818138,24.660069557101007,0,0,0,720,D_pmar=0.054_dist=500_repair_6_males=6_nmar=1,6,1
0.054,8,500,0,69.32458716194795,285.62250623152147,0,24,2.400000000000001,2.760528564720816,720,D_pmar=0.054_dist=500_repair_6_males=6_nmar=1,6,1
0,7,500,500,70.09352322516999,271.5339382256001,18.41318948846736,0,0,0,720,D_pmar=0.054_dist=500_repair_6_males=6_nmar=1,6,1
0,9,1000,0,67.40210613451202,256.08345087045063,36.67897863168264,0,0,0,720,D_pmar=0.054_dist=500_repair_6_males=6_nmar=1,6,1
0,10,1000,500,67.38104238048851,286.13776946128013,6.542076643753147,0,0,0,720,D_pmar=0.054_dist=500_repair_6_males=6_nmar=1,6,1
0.054,11,0,0,74.12920305626407,281.18789153582577,0,21,2.1000000000000005,2.644787823980074,721,D_pmar=0.054_dist=500_repair_6_males=6_nmar=1,6,1
0,10,0,500,71.03457716909203,270.65187307337953,18.357484563751836,0,0,0,721,D_pmar=0.054_dist=500_repair_6_males=6_nmar=1,6,1
0,13,500,0,70.9660475135783,246.5168169395671,42.63625725076512,0,0,0,721,D_pmar=0.054_dist=500_repair_6_males=6_nmar=1,6,1
0,8,500,500,70.56693172768699,259.16291341049674,30.3150240385642,0,0,0,721,D_pmar=0.054_dist=500_repair_6_males=6_nmar=1,6,1
0,3,1000,0,71.71126435581449,257.8637400269692,30.58929008041427,0,0,0,721,D_pmar=0.054_dist=500_repair_6_males=6_nmar=1,6,1
0,9,1000,500,70.05367427141788,283.9055715962207,6.0644502172740635,0,0,0,721,D_pmar=0.054_dist=500_repair_6_males=6_nmar=1,6,1
0.054,10,0,0,70.79813215888814,286.08079469585925,0,15,1.5000000000000002,1.812135908506062,722,D_pmar=0.054_dist=500_repair_6_males=6_nmar=1,6,1
0,7,0,500,69.67526513318926,253.6099313456198,36.786166372117826,0,0,0,722,D_pmar=0.054_dist=500_repair_6_males=6_nmar=1,6,1
0,9,500,0,74.05225264649941,273.7574304526801,12.302491895352516,0,0,0,722,D_pmar=0.054_dist=500_repair_6_males=6_nmar=1,6,1
0,10,500,500,70.15338963172624,277.86207789748505,12.061315828790576,0,0,0,722,D_pmar=0.054_dist=500_repair_6_males=6_nmar=1,6,1
0,9,1000,0,68.59971461709307,273.32346449375024,18.081896843235732,0,0,0,722,D_pmar=0.054_dist=500_repair_6_males=6_nmar=1,6,1
0,9,1000,500,70.39856242412328,277.3973232220463,12.319677287334123,0,0,0,722,D_pmar=0.054_dist=500_repair_6_males=6_nmar=1,6,1
0,13,0,0,67.65884214570006,280.0971435395958,12.310790867671855,0,0,0,723,D_pmar=0.054_dist=500_repair_6_males=6_nmar=1,6,1
0,7,0,500,70.91116230102453,258.2881229956272,30.827463351951355,0,0,0,723,D_pmar=0.054_dist=500_repair_6_males=6_nmar=1,6,1
0.054,9,500,0,73.20218299606938,282.54575681276765,0,21,2.1000000000000005,2.407689659926385,723,D_pmar=0.054_dist=500_repair_6_males=6_nmar=1,6,1
0,10,500,500,73.68014813662053,261.60524552135723,24.79109799937523,0,0,0,723,D_pmar=0.054_dist=500_repair_6_males=6_nmar=1,6,1
0,11,1000,0,69.06441340124964,254.4145959299075,36.65585093536912,0,0,0,723,D_pmar=0.054_dist=500_repair_6_males=6_nmar=1,6,1
0,4,1000,500,68.44645550685625,267.11748629761996,24.44187336987133,0,0,0,723,D_pmar=0.054_dist=500_repair_6_males=6_nmar=1,6,1
0.054,11,0,0,69.47359108204269,287.287758071473,0,13,1.3,2.0419723017499165,724,D_pmar=0.054_dist=500_repair_6_males=6_nmar=1,6,1
0,16,0,500,71.60577963566206,276.25865429802707,12.151217947821246,0,0,0,724,D_pmar=0.054_dist=500_repair_6_males=6_nmar=1,6,1
0,7,500,0,70.47603746063665,265.1171832927713,24.48849502181798,0,0,0,724,D_pmar=0.054_dist=500_repair_6_males=6_nmar=1,6,1
0,8,500,500,66.78395469238144,293.29082929092544,0,0,0,0,724,D_pmar=0.054_dist=500_repair_6_males=6_nmar=1,6,1
0,7,1000,0,70.12647267265982,259.3609877336148,30.637516464267673,0,0,0,724,D_pmar=0.054_dist=500_repair_6_males=6_nmar=1,6,1
0,5,1000,500,70.22334907041456,277.73605661468224,12.067953116911296,0,0,0,724,D_pmar=0.054_dist=500_repair_6_males=6_nmar=1,6,1
0,7,0,0,72.55127000716622,256.7428386561758,30.737028398672805,0,0,0,725,D_pmar=0.054_dist=500_repair_6_males=6_nmar=1,6,1
0,12,0,500,72.89712889189057,287.1421910162521,0,0,0,0,725,D_pmar=0.054_dist=500_repair_6_males=6_nmar=1,6,1
0.054,8,500,0,68.16352811683622,287.631030844698,0,17,1.7000000000000004,2.5313735893362854,725,D_pmar=0.054_dist=500_repair_6_males=6_nmar=1,6,1
0,6,500,500,68.06818251044659,255.55087908458577,36.4500633958924,0,0,0,725,D_pmar=0.054_dist=500_repair_6_males=6_nmar=1,6,1
0,12,1000,0,69.2393391290641,260.1332049370392,30.76806180775719,0,0,0,725,D_pmar=0.054_dist=500_repair_6_males=6_nmar=1,6,1
0,9,1000,500,71.79984196917528,282.1284423138126,6.1258413931079625,0,0,0,725,D_pmar=0.054_dist=500_repair_6_males=6_nmar=1,6,1
0,10,0,0,72.56269223586087,281.63142317717046,6.015002590076653,0,0,0,726,D_pmar=0.054_dist=500_repair_6_males=6_nmar=1,6,1
0.054,4,0,500,70.9627422304448,285.7331919313714,0,12,1.2,2.1689464076350697,726,D_pmar=0.054_dist=500_repair_6_males=6_nmar=1,6,1
0,8,500,0,68.88156039947431,279.2048704936836,12.03573677302786,0,0,0,726,D_pmar=0.054_dist=500_repair_6_males=6_nmar=1,6,1
0,11,500,500,71.33045875021092,245.86153276437983,42.863926444515776,0,0,0,726,D_pmar=0.054_dist=500_repair_6_males=6_nmar=1,6,1
0,12,1000,0,73.86618279638843,286.35349611830964,0,0,0,0,726,D_pmar=0.054_dist=500_repair_6_males=6_nmar=1,6,1
0,9,1000,500,70.72318703221303,277.3235799589529,12.108361901349438,0,0,0,726,D_pmar=0.054_dist=500_repair_6_males=6_nmar=1,6,1
0,8,0,0,71.58768195203201,251.7679245066919,36.76352478926326,0,0,0,727,D_pmar=0.054_dist=500_repair_6_males=6_nmar=1,6,1
0,10,0,500,68.55792853909131,266.9975517389844,24.566062932838992,0,0,0,727,D_pmar=0.054_dist=500_repair_6_males=6_nmar=1,6,1
0.054,7,500,0,71.682616532429,284.2076719664661,0,17,1.7000000000000004,2.4235760372647013,727,D_pmar=0.054_dist=500_repair_6_males=6_nmar=1,6,1
0,11,500,500,71.51787249599066,276.2077240022665,12.398281094045023,0,0,0,727,D_pmar=0.054_dist=500_repair_6_males=6_nmar=1,6,1
0,10,1000,0,71.1988114833588,258.2635203037197,30.694589683689983,0,0,0,727,D_pmar=0.054_dist=500_repair_6_males=6_nmar=1,6,1
0,8,1000,500,71.15516845067746,289.12321727078427,0,0,0,0,727,D_pmar=0.054_dist=500_repair_6_males=6_nmar=1,6,1
0,14,0,0,69.79955835479946,277.033411096485,13.171469268973915,0,0,0,728,D_pmar=0.054_dist=500_repair_6_males=6_nmar=1,6,1
0,5,0,500,70.76452631421324,264.7806628946234,24.534118092403535,0,0,0,728,D_pmar=0.054_dist=500_repair_6_males=6_nmar=1,6,1
0,2,500,0,71.19574148881424,282.84173012551923,6.05261118422549,0,0,0,728,D_pmar=0.054_dist=500_repair_6_males=6_nmar=1,6,1
0,11,500,500,71.70873307902814,245.7024067458011,42.81243062134009,0,0,0,728,D_pmar=0.054_dist=500_repair_6_males=6_nmar=1,6,1
0,15,1000,0,69.61035336605534,272.2106018360537,18.440896288458415,0,0,0,728,D_pmar=0.054_dist=500_repair_6_males=6_nmar=1,6,1
0.054,7,1000,500,70.2662707577725,285.32866832941517,0,18,1.8000000000000005,2.782031624631338,728,D_pmar=0.054_dist=500_repair_6_males=6_nmar=1,6,1
0,9,0,0,71.62507049859676,259.9684574959707,28.42820803490669,0,0,0,729,D_pmar=0.054_dist=500_repair_6_males=6_nmar=1,6,1
0.054,8,0,500,68.83936368152993,288.1281410269815,0,11,1.1,2.069092044232644,729,D_pmar=0.054_dist=500_repair_6_males=6_nmar=1,6,1
0,10,500,0,70.44996762118359,289.55224169513593,0,0,0,0,729,D_pmar=0.054_dist=500_repair_6_males=6_nmar=1,6,1
0,10,500,500,73.0819167967504,268.52311897860096,18.39583829847319,0,0,0,729,D_pmar=0.054_dist=500_repair_6_males=6_nmar=1,6,1
0,10,1000,0,72.5318641413158,281.52724226011094,6.110391305666141,0,0,0,729,D_pmar=0.054_dist=500_repair_6_males=6_nmar=1,6,1
0,7,1000,500,68.193310470509,279.4106483411889,12.447550243580686,0,0,0,729,D_pmar=0.054_dist=500_repair_6_males=6_nmar=1,6,1
0,5,0,0,69.98401547468987,247.2340808198147,42.88359105927334,0,0,0,72,D_pmar=0.054_dist=500_repair_6_males=6_nmar=1,6,1
0.054,9,0,500,71.29368559122895,285.0715329649944,0,14,1.4,2.2886587427103904,72,D_pmar=0.054_dist=500_repair_6_males=6_nmar=1,6,1
0,10,500,0,73.57718894527727,280.42243472491464,6.005489183755021,0,0,0,72,D_pmar=0.054_dist=500_repair_6_males=6_nmar=1,6,1
0,11,500,500,70.0759657008895,264.61832229468746,25.437750466947076,0,0,0,72,D_pmar=0.054_dist=500_repair_6_males=6_nmar=1,6,1
0,10,1000,0,74.03851143070557,286.3132503423183,0,0,0,0,72,D_pmar=0.054_dist=500_repair_6_males=6_nmar=1,6,1
0,9,1000,500,71.03392529142123,283.0080533519449,6.05857877217102,0,0,0,72,D_pmar=0.054_dist=500_repair_6_males=6_nmar=1,6,1
0,6,0,0,66.33640264950705,275.4557072803203,18.2681478564617,0,0,0,730,D_pmar=0.054_dist=500_repair_6_males=6_nmar=1,6,1
0,8,0,500,68.74558774205315,237.80074726289476,53.5826897424965,0,0,0,730,D_pmar=0.054_dist=500_repair_6_males=6_nmar=1,6,1
0,9,500,0,74.32166373560861,242.80482051941652,42.91325235833147,0,0,0,730,D_pmar=0.054_dist=500_repair_6_males=6_nmar=1,6,1
0.054,15,500,500,73.64706578151375,281.6072017040579,0,20,2.0000000000000004,2.8339446034998392,730,D_pmar=0.054_dist=500_repair_6_males=6_nmar=1,6,1
0,6,1000,0,69.79567035104647,290.2743935261035,0,0,0,0,730,D_pmar=0.054_dist=500_repair_6_males=6_nmar=1,6,1
0,10,1000,500,68.69030993662615,285.32655587592706,6.069517160799086,0,0,0,730,D_pmar=0.054_dist=500_repair_6_males=6_nmar=1,6,1
0,10,0,0,71.0383183905805,258.5051704409351,30.4592521722385,0,0,0,731,D_pmar=0.054_dist=500_repair_6_males=6_nmar=1,6,1
0.054,7,0,500,71.88733871428568,284.1643365206955,0,17,1.7000000000000004,2.30783529652396,731,D_pmar=0.054_dist=500_repair_6_males=6_nmar=1,6,1
0,12,500,0,73.40218925393792,262.36905964470185,24.362439261988307,0,0,0,731,D_pmar=0.054_dist=500_repair_6_males=6_nmar=1,6,1
0,8,500,500,67.3546010017352,280.47951911390845,12.26976480058754,0,0,0,731,D_pmar=0.054_dist=500_repair_6_males=6_nmar=1,6,1
0,9,1000,0,72.35635589527377,275.4327077310628,12.21550755808893,0,0,0,731,D_pmar=0.054_dist=500_repair_6_males=6_nmar=1,6,1
0,8,1000,500,68.97331952734689,266.55680831740887,24.525683387575675,0,0,0,731,D_pmar=0.054_dist=500_repair_6_males=6_nmar=1,6,1
0,10,0,0,72.4990660743238,269.332424607734,18.43505565791149,0,0,0,732,D_pmar=0.054_dist=500_repair_6_males=6_nmar=1,6,1
0,7,0,500,74.01506457129506,273.90540122744045,12.177712725733022,0,0,0,732,D_pmar=0.054_dist=500_repair_6_males=6_nmar=1,6,1
0.054,10,500,0,73.252561164651,283.3430971530735,0,14,1.4,2.0763538150424763,732,D_pmar=0.054_dist=500_repair_6_males=6_nmar=1,6,1
0,11,500,500,71.25577428521822,264.4683232935793,24.44386247606429,0,0,0,732,D_pmar=0.054_dist=500_repair_6_males=6_nmar=1,6,1
0,3,1000,0,68.87795826923916,279.0424483215277,12.220767434596834,0,0,0,732,D_pmar=0.054_dist=500_repair_6_males=6_nmar=1,6,1
0,13,1000,500,70.49050833395648,271.3362046244334,18.211161027028663,0,0,0,732,D_pmar=0.054_dist=500_repair_6_males=6_nmar=1,6,1
0,7,0,0,67.09782235896023,287.005987274655,6.019498046997048,0,0,0,733,D_pmar=0.054_dist=500_repair_6_males=6_nmar=1,6,1
0,8,0,500,70.65648069577516,258.9809735497316,30.455393589504993,0,0,0,733,D_pmar=0.054_dist=500_repair_6_males=6_nmar=1,6,1
0,10,500,0,70.54653877920799,271.3398354892108,18.19799207356666,0,0,0,733,D_pmar=0.054_dist=500_repair_6_males=6_nmar=1,6,1
0,9,500,500,71.8083995293592,251.51387086370704,36.73710412383107,0,0,0,733,D_pmar=0.054_dist=500_repair_6_males=6_nmar=1,6,1
0,11,1000,0,68.82697088043696,254.9447033749499,36.391360422449374,0,0,0,733,D_pmar=0.054_dist=500_repair_6_males=6_nmar=1,6,1
0.054,9,1000,500,71.71973354798962,283.82819109675313,0,21,2.1000000000000005,2.356458098917209,733,D_pmar=0.054_dist=500_repair_6_males=6_nmar=1,6,1
0,10,0,0,73.80651768154236,273.8553040803881,12.386921336053202,0,0,0,734,D_pmar=0.054_dist=500_repair_6_males=6_nmar=1,6,1
0,10,0,500,72.60982850428928,269.17268257838845,18.30625096208535,0,0,0,734,D_pmar=0.054_dist=500_repair_6_males=6_nmar=1,6,1
0,5,500,0,71.7153854577279,282.201257540289,6.094890627312589,0,0,0,734,D_pmar=0.054_dist=500_repair_6_males=6_nmar=1,6,1
0,9,500,500,72.80385584681558,250.8349211235013,36.455306487889374,0,0,0,734,D_pmar=0.054_dist=500_repair_6_males=6_nmar=1,6,1
0,8,1000,0,68.10704843478366,255.9415809543269,36.29121156956409,0,0,0,734,D_pmar=0.054_dist=500_repair_6_males=6_nmar=1,6,1
0.054,12,1000,500,71.6770201908997,284.20365591314453,0,18,1.8000000000000005,2.6120513989251406,734,D_pmar=0.054_dist=500_repair_6_males=6_nmar=1,6,1
0,9,0,0,67.52608294660513,274.24808676220357,18.458644655475776,0,0,0,735,D_pmar=0.054_dist=500_repair_6_males=6_nmar=1,6,1
0.054,10,0,500,72.97654678625808,283.18226994898276,0,15,1.5000000000000002,2.3924847004473953,735,D_pmar=0.054_dist=500_repair_6_males=6_nmar=1,6,1
0,10,500,0,75.05001253639735,272.9536070171473,12.138690720005991,0,0,0,735,D_pmar=0.054_dist=500_repair_6_males=6_nmar=1,6,1
0,4,500,500,69.03457255748704,272.3859882733938,18.666984030296728,0,0,0,735,D_pmar=0.054_dist=500_repair_6_males=6_nmar=1,6,1
0,11,1000,0,73.48669359227829,274.32382115240785,12.254050117576243,0,0,0,735,D_pmar=0.054_dist=500_repair_6_males=6_nmar=1,6,1
0,10,1000,500,72.38864220308841,257.05618687848335,30.650894503723357,0,0,0,735,D_pmar=0.054_dist=500_repair_6_males=6_nmar=1,6,1
0,8,0,0,73.17435575823816,268.372435643829,18.640668741094135,0,0,0,736,D_pmar=0.054_dist=500_repair_6_males=6_nmar=1,6,1
0,5,0,500,70.56941893173604,258.82126566324064,30.697095030681716,0,0,0,736,D_pmar=0.054_dist=500_repair_6_males=6_nmar=1,6,1
0,13,500,0,71.06830713051663,274.8128055762871,14.278940616234165,0,0,0,736,D_pmar=0.054_dist=500_repair_6_males=6_nmar=1,6,1
0,11,500,500,68.74716482461808,285.1688810355919,6.1020574956435105,0,0,0,736,D_pmar=0.054_dist=500_repair_6_males=6_nmar=1,6,1
0.054,9,1000,0,74.38249353515138,281.85204146604815,0,16,1.6000000000000003,2.1689464076350697,736,D_pmar=0.054_dist=500_repair_6_males=6_nmar=1,6,1
0,8,1000,500,71.63067062622395,263.6849908189544,24.688201503628008,0,0,0,736,D_pmar=0.054_dist=500_repair_6_males=6_nmar=1,6,1
0.054,16,0,0,66.28687243245562,289.8177387947581,0,19,1.9000000000000008,2.140181576914716,737,D_pmar=0.054_dist=500_repair_6_males=6_nmar=1,6,1
0,7,0,500,71.09996153996074,247.2398422138561,41.85965520338486,0,0,0,737,D_pmar=0.054_dist=500_repair_6_males=6_nmar=1,6,1
0,8,500,0,70.29181331016038,268.42405643105724,21.332416700857102,0,0,0,737,D_pmar=0.054_dist=500_repair_6_males=6_nmar=1,6,1
0,7,500,500,69.53168007980001,278.46591876472263,12.096834787135093,0,0,0,737,D_pmar=0.054_dist=500_repair_6_males=6_nmar=1,6,1
0,7,1000,0,71.09778583424905,270.53317922428107,18.59912811300896,0,0,0,737,D_pmar=0.054_dist=500_repair_6_males=6_nmar=1,6,1
0,9,1000,500,70.27324779762009,271.5334971481008,18.23069692003531,0,0,0,737,D_pmar=0.054_dist=500_repair_6_males=6_nmar=1,6,1
0,8,0,0,70.08707244365213,277.85766523648425,12.342533433376191,0,0,0,738,D_pmar=0.054_dist=500_repair_6_males=6_nmar=1,6,1
0,9,0,500,72.16803622699828,275.80676646794007,12.44318305508206,0,0,0,738,D_pmar=0.054_dist=500_repair_6_males=6_nmar=1,6,1
0,7,500,0,70.61477445122357,277.3601315195311,12.116089514290072,0,0,0,738,D_pmar=0.054_dist=500_repair_6_males=6_nmar=1,6,1
0,6,500,500,68.60472751894761,279.2365881465051,12.262362600377848,0,0,0,738,D_pmar=0.054_dist=500_repair_6_males=6_nmar=1,6,1
0,14,1000,0,71.2228231220608,252.29896360719547,36.63462671416843,0,0,0,738,D_pmar=0.054_dist=500_repair_6_males=6_nmar=1,6,1
0.054,10,1000,500,73.49334006371343,282.9820094778921,0,14,1.4,2.1785346845418543,738,D_pmar=0.054_dist=500_repair_6_males=6_nmar=1,6,1
0,14,0,0,70.04436806118937,284.069326740023,6.0176306357065705,0,0,0,739,D_pmar=0.054_dist=500_repair_6_males=6_nmar=1,6,1
0,5,0,500,68.765291954361,266.9648376007924,24.300232655861297,0,0,0,739,D_pmar=0.054_dist=500_repair_6_males=6_nmar=1,6,1
0,7,500,0,71.38845150860554,276.68499198605394,12.21580965606149,0,0,0,739,D_pmar=0.054_dist=500_repair_6_males=6_nmar=1,6,1
0,10,500,500,71.17906760984772,270.74205758040836,18.449144373420403,0,0,0,739,D_pmar=0.054_dist=500_repair_6_males=6_nmar=1,6,1
0,9,1000,0,69.96845013270116,265.7870081861278,24.249212951645404,0,0,0,739,D_pmar=0.054_dist=500_repair_6_males=6_nmar=1,6,1
0.054,9,1000,500,68.13709378292025,288.45802382832005,0,14,1.4,2.0707371324702706,739,D_pmar=0.054_dist=500_repair_6_males=6_nmar=1,6,1
0,5,0,0,70.25760262954,259.41155800012706,30.567860186475315,0,0,0,73,D_pmar=0.054_dist=500_repair_6_males=6_nmar=1,6,1
0,10,0,500,67.70496815684317,255.8112638010189,36.6287324938585,0,0,0,73,D_pmar=0.054_dist=500_repair_6_males=6_nmar=1,6,1
0,9,500,0,70.30943979363418,283.8042619927231,6.041273745680383,0,0,0,73,D_pmar=0.054_dist=500_repair_6_males=6_nmar=1,6,1
0,10,500,500,69.51217027331913,266.20870887091553,24.4336485248151,0,0,0,73,D_pmar=0.054_dist=500_repair_6_males=6_nmar=1,6,1
0,12,1000,0,69.42695142649146,284.54237273624426,6.169108798621677,0,0,0,73,D_pmar=0.054_dist=500_repair_6_males=6_nmar=1,6,1
0.054,8,1000,500,74.97718570277486,281.10335744078554,0,17,1.7000000000000004,2.3964562947819736,73,D_pmar=0.054_dist=500_repair_6_males=6_nmar=1,6,1
0,13,0,0,72.2197019397862,257.5863760978893,30.397517136397383,0,0,0,740,D_pmar=0.054_dist=500_repair_6_males=6_nmar=1,6,1
0,2,0,500,68.08770018744796,268.6539323315485,23.342023827062945,0,0,0,740,D_pmar=0.054_dist=500_repair_6_males=6_nmar=1,6,1
0.054,17,500,0,70.9065729082977,284.2831274199177,0,25,2.500000000000001,2.3118068908585387,740,D_pmar=0.054_dist=500_repair_6_males=6_nmar=1,6,1
0,6,500,500,73.59971057260121,250.23432722571965,36.31633253951063,0,0,0,740,D_pmar=0.054_dist=500_repair_6_males=6_nmar=1,6,1
0,6,1000,0,72.39044583432874,233.0709631204631,54.57286592547938,0,0,0,740,D_pmar=0.054_dist=500_repair_6_males=6_nmar=1,6,1
0,10,1000,500,68.0960631738408,285.78720144942855,6.221053193973094,0,0,0,740,D_pmar=0.054_dist=500_repair_6_males=6_nmar=1,6,1
0.054,5,0,0,69.02192756626052,286.3269957371599,0,21,2.1000000000000005,2.6047896281153093,741,D_pmar=0.054_dist=500_repair_6_males=6_nmar=1,6,1
0,8,0,500,69.92738812796472,241.51113867180177,48.63813367183928,0,0,0,741,D_pmar=0.054_dist=500_repair_6_males=6_nmar=1,6,1
0,12,500,0,70.37267960498917,264.7864735358298,24.882116278935424,0,0,0,741,D_pmar=0.054_dist=500_repair_6_males=6_nmar=1,6,1
0,14,500,500,68.93283247341577,272.67849398559497,18.44081677045088,0,0,0,741,D_pmar=0.054_dist=500_repair_6_males=6_nmar=1,6,1
0,9,1000,0,73.38987447286527,262.13588937011457,24.489148701388533,0,0,0,741,D_pmar=0.054_dist=500_repair_6_males=6_nmar=1,6,1
0,6,1000,500,68.19845402027384,279.61844525012714,12.218354797040634,0,0,0,741,D_pmar=0.054_dist=500_repair_6_males=6_nmar=1,6,1
0,11,0,0,71.93978603483754,275.9195983106876,12.19384220281117,0,0,0,742,D_pmar=0.054_dist=500_repair_6_males=6_nmar=1,6,1
0,7,0,500,71.60988227619275,270.2541069733388,18.215641429192196,0,0,0,742,D_pmar=0.054_dist=500_repair_6_males=6_nmar=1,6,1
0,2,500,0,68.08581568898666,285.9481291838753,6.033052711317096,0,0,0,742,D_pmar=0.054_dist=500_repair_6_males=6_nmar=1,6,1
0,15,500,500,71.51365360678213,282.4131778730536,6.143425708369056,0,0,0,742,D_pmar=0.054_dist=500_repair_6_males=6_nmar=1,6,1
0.054,9,1000,0,69.30357637186798,286.8323272449947,0,15,1.5000000000000002,2.4004278891165525,742,D_pmar=0.054_dist=500_repair_6_males=6_nmar=1,6,1
0,10,1000,500,71.78643066345661,239.40968857082967,48.85988123609516,0,0,0,742,D_pmar=0.054_dist=500_repair_6_males=6_nmar=1,6,1
0,9,0,0,68.68489946990466,260.8348705592917,30.4910553114662,0,0,0,743,D_pmar=0.054_dist=500_repair_6_males=6_nmar=1,6,1
0,10,0,500,71.22442513867624,276.82139378339366,12.18508945973954,0,0,0,743,D_pmar=0.054_dist=500_repair_6_males=6_nmar=1,6,1
0,10,500,0,76.14140435385417,243.1911720029695,40.871031026262,0,0,0,743,D_pmar=0.054_dist=500_repair_6_males=6_nmar=1,6,1
0,12,500,500,68.02197803807437,292.2251503827389,0,0,0,0,743,D_pmar=0.054_dist=500_repair_6_males=6_nmar=1,6,1
0.054,9,1000,0,70.7458101438435,284.3908392423999,0,23,2.3000000000000007,2.6358809649326154,743,D_pmar=0.054_dist=500_repair_6_males=6_nmar=1,6,1
0,4,1000,500,70.50762393545845,234.77196372934156,54.77697285124576,0,0,0,743,D_pmar=0.054_dist=500_repair_6_males=6_nmar=1,6,1
0,11,0,0,68.12455955978488,273.53514539806275,18.405729043324826,0,0,0,744,D_pmar=0.054_dist=500_repair_6_males=6_nmar=1,6,1
0,8,0,500,72.55962512022722,263.17504896640173,24.30570551425969,0,0,0,744,D_pmar=0.054_dist=500_repair_6_males=6_nmar=1,6,1
0,6,500,0,68.44108985019537,261.58116039888415,30.27897528808603,0,0,0,744,D_pmar=0.054_dist=500_repair_6_males=6_nmar=1,6,1
0.054,16,500,500,69.23589387249949,286.33057055223446,0,22,2.2000000000000006,2.4642556509887923,744,D_pmar=0.054_dist=500_repair_6_males=6_nmar=1,6,1
0,7,1000,0,74.08928441943775,267.37218637402094,18.577048633064216,0,0,0,744,D_pmar=0.054_dist=500_repair_6_males=6_nmar=1,6,1
0,6,1000,500,73.34728753071572,244.07338720260827,42.657804921397535,0,0,0,744,D_pmar=0.054_dist=500_repair_6_males=6_nmar=1,6,1
0,6,0,0,68.81423592944326,261.04036799820744,30.20624785528971,0,0,0,745,D_pmar=0.054_dist=500_repair_6_males=6_nmar=1,6,1
0,13,0,500,69.15143828041936,278.7719395062482,12.076924289471336,0,0,0,745,D_pmar=0.054_dist=500_repair_6_males=6_nmar=1,6,1
0,10,500,0,69.89012457452077,272.03454527175757,18.13974519913972,0,0,0,745,D_pmar=0.054_dist=500_repair_6_males=6_nmar=1,6,1
0,8,500,500,73.48550527012685,274.3647925918642,12.191871688740404,0,0,0,745,D_pmar=0.054_dist=500_repair_6_males=6_nmar=1,6,1
0.054,10,1000,0,71.82873281701696,283.5710678618051,0,18,1.8000000000000005,2.8091513671140644,745,D_pmar=0.054_dist=500_repair_6_males=6_nmar=1,6,1
0,7,1000,500,67.75341090049908,261.2426106076155,31.142836516633984,0,0,0,745,D_pmar=0.054_dist=500_repair_6_males=6_nmar=1,6,1
0.054,12,0,0,73.29001861446125,283.17722096341464,0,13,1.3,2.4698723335609984,746,D_pmar=0.054_dist=500_repair_6_males=6_nmar=1,6,1
0,9,0,500,71.75004186872768,269.6853890857487,18.594620159756964,0,0,0,746,D_pmar=0.054_dist=500_repair_6_males=6_nmar=1,6,1
0,6,500,0,68.11462789634896,267.5169084763689,24.45892713908403,0,0,0,746,D_pmar=0.054_dist=500_repair_6_males=6_nmar=1,6,1
0,11,500,500,69.96254765576904,290.083528550606,0,0,0,0,746,D_pmar=0.054_dist=500_repair_6_males=6_nmar=1,6,1
0,7,1000,0,69.55639072562936,278.146081172769,12.343105198189322,0,0,0,746,D_pmar=0.054_dist=500_repair_6_males=6_nmar=1,6,1
0,9,1000,500,71.08552334467997,264.46229701756874,24.567238792594612,0,0,0,746,D_pmar=0.054_dist=500_repair_6_males=6_nmar=1,6,1
0.054,7,0,0,72.35954277839846,283.93534028006235,0,14,1.4,2.3733081466338257,747,D_pmar=0.054_dist=500_repair_6_males=6_nmar=1,6,1
0,6,0,500,69.2401149552252,248.32794744211688,42.66101886873835,0,0,0,747,D_pmar=0.054_dist=500_repair_6_males=6_nmar=1,6,1
0,4,500,0,69.43630450015168,272.2651203420483,18.354554118288807,0,0,0,747,D_pmar=0.054_dist=500_repair_6_males=6_nmar=1,6,1
0,15,500,500,71.38487350492767,282.49354060140917,6.200598827369408,0,0,0,747,D_pmar=0.054_dist=500_repair_6_males=6_nmar=1,6,1
0,10,1000,0,71.08082842248028,277.1295423283315,12.053761315943104,0,0,0,747,D_pmar=0.054_dist=500_repair_6_males=6_nmar=1,6,1
0,12,1000,500,71.46230744007146,282.4787908617596,6.129200647318491,0,0,0,747,D_pmar=0.054_dist=500_repair_6_males=6_nmar=1,6,1
0,9,0,0,68.57788048166906,267.1672975610913,24.54470173120551,0,0,0,748,D_pmar=0.054_dist=500_repair_6_males=6_nmar=1,6,1
0,5,0,500,72.96686394669125,268.8591317953367,18.218176764299205,0,0,0,748,D_pmar=0.054_dist=500_repair_6_males=6_nmar=1,6,1
0,10,500,0,68.80076977966637,272.84877180405795,18.35973369380173,0,0,0,748,D_pmar=0.054_dist=500_repair_6_males=6_nmar=1,6,1
0,7,500,500,70.20368219300005,283.70130471466285,6.095769893097689,0,0,0,748,D_pmar=0.054_dist=500_repair_6_males=6_nmar=1,6,1
0,9,1000,0,72.06225512850989,275.6619410767905,12.30396992526784,0,0,0,748,D_pmar=0.054_dist=500_repair_6_males=6_nmar=1,6,1
0.054,14,1000,500,68.71055059779931,287.81876916426637,0,13,1.3,2.3422168098165197,748,D_pmar=0.054_dist=500_repair_6_males=6_nmar=1,6,1
0,9,0,0,71.81296958677765,263.89746459155873,24.370508275098025,0,0,0,749,D_pmar=0.054_dist=500_repair_6_males=6_nmar=1,6,1
0,9,0,500,69.19954455845233,254.01135017092648,36.79877018871458,0,0,0,749,D_pmar=0.054_dist=500_repair_6_males=6_nmar=1,6,1
0,6,500,0,73.4603654699708,256.3174556468867,30.294557340797663,0,0,0,749,D_pmar=0.054_dist=500_repair_6_males=6_nmar=1,6,1
0.054,12,500,500,66.21900605770885,288.98188532634197,0,23,2.3000000000000007,2.5257569067640797,749,D_pmar=0.054_dist=500_repair_6_males=6_nmar=1,6,1
0,12,1000,0,66.984217105519,287.14003311442866,6.158703560107943,0,0,0,749,D_pmar=0.054_dist=500_repair_6_males=6_nmar=1,6,1
0,6,1000,500,69.09263484855157,247.9259571585934,43.032635208573566,0,0,0,749,D_pmar=0.054_dist=500_repair_6_males=6_nmar=1,6,1
0,12,0,0,68.98896440817555,279.0671602680537,12.02337372872452,0,0,0,74,D_pmar=0.054_dist=500_repair_6_males=6_nmar=1,6,1
0,7,0,500,72.0773585755072,263.4078022934437,24.54726349529385,0,0,0,74,D_pmar=0.054_dist=500_repair_6_males=6_nmar=1,6,1
0,9,500,0,73.60597718799224,280.5798602738213,6.071533657369616,0,0,0,74,D_pmar=0.054_dist=500_repair_6_males=6_nmar=1,6,1
0,9,500,500,72.81992071991121,244.48613894851044,42.76834045550411,0,0,0,74,D_pmar=0.054_dist=500_repair_6_males=6_nmar=1,6,1
0,8,1000,0,71.04182243704136,252.44279587891484,36.60804630777457,0,0,0,74,D_pmar=0.054_dist=500_repair_6_males=6_nmar=1,6,1
0.054,9,1000,500,71.42198475815688,284.30857334088444,0,20,2.0000000000000004,2.419604442930123,74,D_pmar=0.054_dist=500_repair_6_males=6_nmar=1,6,1
0.054,8,0,0,71.3242179078777,284.2963395883429,0,20,2.0000000000000004,2.5393167780054435,750,D_pmar=0.054_dist=500_repair_6_males=6_nmar=1,6,1
0,11,0,500,69.52532800191042,260.22668771632175,30.27592388205764,0,0,0,750,D_pmar=0.054_dist=500_repair_6_males=6_nmar=1,6,1
0,7,500,0,73.30145610469464,255.92809725478187,30.804589053584987,0,0,0,750,D_pmar=0.054_dist=500_repair_6_males=6_nmar=1,6,1
0,7,500,500,71.0791160184886,276.8455898930867,12.092094793690956,0,0,0,750,D_pmar=0.054_dist=500_repair_6_males=6_nmar=1,6,1
0,13,1000,0,68.76767804421156,251.05873154641895,40.267208071159125,0,0,0,750,D_pmar=0.054_dist=500_repair_6_males=6_nmar=1,6,1
0,8,1000,500,68.58761540299116,285.504739630038,6.022722669287034,0,0,0,750,D_pmar=0.054_dist=500_repair_6_males=6_nmar=1,6,1
0,8,0,0,73.51578588633606,261.91055131163216,24.78523761098491,0,0,0,751,D_pmar=0.054_dist=500_repair_6_males=6_nmar=1,6,1
0,5,0,500,71.65596140508895,276.32553936260314,12.186545433412258,0,0,0,751,D_pmar=0.054_dist=500_repair_6_males=6_nmar=1,6,1
0,10,500,0,71.21108836207212,276.79025843127323,12.027794383386103,0,0,0,751,D_pmar=0.054_dist=500_repair_6_males=6_nmar=1,6,1
0.054,17,500,500,68.81246299662556,287.53750087464283,0,13,1.3,2.513842123760342,751,D_pmar=0.054_dist=500_repair_6_males=6_nmar=1,6,1
0,8,1000,0,72.35505331762327,280.1014447160805,7.644024699069099,0,0,0,751,D_pmar=0.054_dist=500_repair_6_males=6_nmar=1,6,1
0,6,1000,500,69.70848428235583,272.1870226700027,18.27477487681188,0,0,0,751,D_pmar=0.054_dist=500_repair_6_males=6_nmar=1,6,1
0.054,8,0,0,66.07147048759812,290.3064037513231,0,15,1.5000000000000002,2.38289642354061,752,D_pmar=0.054_dist=500_repair_6_males=6_nmar=1,6,1
0,6,0,500,69.98336132092682,271.6521749425755,18.414391361214243,0,0,0,752,D_pmar=0.054_dist=500_repair_6_males=6_nmar=1,6,1
0,8,500,0,67.67497134246285,273.7848615149982,18.556360354472837,0,0,0,752,D_pmar=0.054_dist=500_repair_6_males=6_nmar=1,6,1
0,7,500,500,73.3310122075081,256.40675710699253,30.37387128407897,0,0,0,752,D_pmar=0.054_dist=500_repair_6_males=6_nmar=1,6,1
0,11,1000,0,73.73480207718795,274.4436534387122,12.09021108864363,0,0,0,752,D_pmar=0.054_dist=500_repair_6_males=6_nmar=1,6,1
0,14,1000,500,69.29071505839134,278.8166415261166,12.115045997145618,0,0,0,752,D_pmar=0.054_dist=500_repair_6_males=6_nmar=1,6,1
0,6,0,0,72.79233638884342,256.5996586722951,30.650274016176056,0,0,0,753,D_pmar=0.054_dist=500_repair_6_males=6_nmar=1,6,1
0,9,0,500,66.9290735877389,281.0894379917123,12.038724276120169,0,0,0,753,D_pmar=0.054_dist=500_repair_6_males=6_nmar=1,6,1
0.054,10,500,0,72.71439928550565,282.6421021295331,0,20,2.0000000000000004,2.8650359403171466,753,D_pmar=0.054_dist=500_repair_6_males=6_nmar=1,6,1
0,13,500,500,69.26509972607379,266.4949336800743,24.243934401702553,0,0,0,753,D_pmar=0.054_dist=500_repair_6_males=6_nmar=1,6,1
0,7,1000,0,68.28585057768869,267.13564413655564,24.582889676585623,0,0,0,753,D_pmar=0.054_dist=500_repair_6_males=6_nmar=1,6,1
0,9,1000,500,71.83363917822933,257.9987653928986,30.26230663731028,0,0,0,753,D_pmar=0.054_dist=500_repair_6_males=6_nmar=1,6,1
0,12,0,0,72.18965549633462,281.7642396713379,6.068254571196045,0,0,0,754,D_pmar=0.054_dist=500_repair_6_males=6_nmar=1,6,1
0,8,0,500,68.71695769982202,272.7257018665394,18.647773862055555,0,0,0,754,D_pmar=0.054_dist=500_repair_6_males=6_nmar=1,6,1
0,12,500,0,71.54000116934512,264.3517674511337,24.147206082168424,0,0,0,754,D_pmar=0.054_dist=500_repair_6_males=6_nmar=1,6,1
0.054,4,500,500,70.84073095743625,286.0234812179124,0,11,1.1,2.0651204498980653,754,D_pmar=0.054_dist=500_repair_6_males=6_nmar=1,6,1
0,8,1000,0,68.94834250226,285.1637199956234,6.083256642698751,0,0,0,754,D_pmar=0.054_dist=500_repair_6_males=6_nmar=1,6,1
0,10,1000,500,72.74352853912303,275.4860636395347,12.057538217404732,0,0,0,754,D_pmar=0.054_dist=500_repair_6_males=6_nmar=1,6,1
0,10,0,0,69.30654393037337,254.01599594509685,36.784269089578736,0,0,0,755,D_pmar=0.054_dist=500_repair_6_males=6_nmar=1,6,1
0.054,6,0,500,69.76855427418451,285.6988991576123,0,19,1.9000000000000008,2.786003218965917,755,D_pmar=0.054_dist=500_repair_6_males=6_nmar=1,6,1
0,6,500,0,73.951504913748,261.4204915135474,24.711259253290347,0,0,0,755,D_pmar=0.054_dist=500_repair_6_males=6_nmar=1,6,1
0,13,500,500,73.6641753716246,274.1688092127081,12.196478186133028,0,0,0,755,D_pmar=0.054_dist=500_repair_6_males=6_nmar=1,6,1
0,11,1000,0,68.61733939752115,273.0693201564372,18.463072691965213,0,0,0,755,D_pmar=0.054_dist=500_repair_6_males=6_nmar=1,6,1
0,8,1000,500,71.0593076912857,268.4194891842915,20.841248174127053,0,0,0,755,D_pmar=0.054_dist=500_repair_6_males=6_nmar=1,6,1
0,4,0,0,66.76868058679604,274.95260456287144,18.395482263713458,0,0,0,756,D_pmar=0.054_dist=500_repair_6_males=6_nmar=1,6,1
0,10,0,500,71.35436219056761,264.6345824527493,24.13749545128781,0,0,0,756,D_pmar=0.054_dist=500_repair_6_males=6_nmar=1,6,1
0,10,500,0,72.30215274749543,263.45209766361126,24.43031971706421,0,0,0,756,D_pmar=0.054_dist=500_repair_6_males=6_nmar=1,6,1
0.054,7,500,500,71.73501561026639,284.0647824835506,0,15,1.5000000000000002,2.7125871801868926,756,D_pmar=0.054_dist=500_repair_6_males=6_nmar=1,6,1
0,6,1000,0,69.62737321962376,284.2977080014602,6.079089950004043,0,0,0,756,D_pmar=0.054_dist=500_repair_6_males=6_nmar=1,6,1
0,17,1000,500,70.18451362408227,276.70682274565746,13.372623833786276,0,0,0,756,D_pmar=0.054_dist=500_repair_6_males=6_nmar=1,6,1
0,5,0,0,72.39608305498174,237.4714163099188,50.52235449748377,0,0,0,757,D_pmar=0.054_dist=500_repair_6_males=6_nmar=1,6,1
0,14,0,500,67.58212006101525,292.5586009726529,0,0,0,0,757,D_pmar=0.054_dist=500_repair_6_males=6_nmar=1,6,1
0,8,500,0,66.99206963377077,256.3171143742524,36.75368750123957,0,0,0,757,D_pmar=0.054_dist=500_repair_6_males=6_nmar=1,6,1
0,12,500,500,70.91214813412707,289.0887727736506,0,0,0,0,757,D_pmar=0.054_dist=500_repair_6_males=6_nmar=1,6,1
0.054,12,1000,0,69.68907096753239,285.9443417781733,0,19,1.9000000000000008,2.552876649246807,757,D_pmar=0.054_dist=500_repair_6_males=6_nmar=1,6,1
0,3,1000,500,73.05149641800665,262.6346377192589,24.42609771781536,0,0,0,757,D_pmar=0.054_dist=500_repair_6_males=6_nmar=1,6,1
0,5,0,0,72.15725014316277,281.9133296372124,6.018622320905311,0,0,0,758,D_pmar=0.054_dist=500_repair_6_males=6_nmar=1,6,1
0,11,0,500,70.15133792644124,240.9569414778743,48.899151855464005,0,0,0,758,D_pmar=0.054_dist=500_repair_6_males=6_nmar=1,6,1
0,8,500,0,67.73172771247279,255.62217893109036,36.699517636614495,0,0,0,758,D_pmar=0.054_dist=500_repair_6_males=6_nmar=1,6,1
0.054,12,500,500,72.21085796317472,282.25248449689514,0,28,2.800000000000001,2.772443347724553,758,D_pmar=0.054_dist=500_repair_6_males=6_nmar=1,6,1
0,13,1000,0,74.15681789612884,247.18589704015943,38.81591641751006,0,0,0,758,D_pmar=0.054_dist=500_repair_6_males=6_nmar=1,6,1
0,5,1000,500,71.4380641469018,258.16341898274527,30.55885872013024,0,0,0,758,D_pmar=0.054_dist=500_repair_6_males=6_nmar=1,6,1
0,10,0,0,70.80374719933134,283.39150125369713,6.173890781654039,0,0,0,759,D_pmar=0.054_dist=500_repair_6_males=6_nmar=1,6,1
0,8,0,500,68.39181784312751,261.06121781127933,30.76063179392747,0,0,0,759,D_pmar=0.054_dist=500_repair_6_males=6_nmar=1,6,1
0,11,500,0,74.70839726124429,273.10471589644135,12.244140497244445,0,0,0,759,D_pmar=0.054_dist=500_repair_6_males=6_nmar=1,6,1
0.054,7,500,500,69.74871973442832,286.4812637585505,0,14,1.4,2.4930204817091464,759,D_pmar=0.054_dist=500_repair_6_males=6_nmar=1,6,1
0,10,1000,0,74.91602673781674,285.3014209543262,0,0,0,0,759,D_pmar=0.054_dist=500_repair_6_males=6_nmar=1,6,1
0,8,1000,500,71.3003724145381,252.1105324944926,36.64954558255145,0,0,0,759,D_pmar=0.054_dist=500_repair_6_males=6_nmar=1,6,1
0.054,6,0,0,72.3536909388442,284.2392605450982,0,9,0.8999999999999999,2.5217853124295004,75,D_pmar=0.054_dist=500_repair_6_males=6_nmar=1,6,1
0,14,0,500,73.20629806071358,274.6353958692789,12.269425160718212,0,0,0,75,D_pmar=0.054_dist=500_repair_6_males=6_nmar=1,6,1
0,3,500,0,69.70568267415779,278.21698009286865,12.220001729521254,0,0,0,75,D_pmar=0.054_dist=500_repair_6_males=6_nmar=1,6,1
0,15,500,500,68.29061886356548,285.8734654530104,6.111095581974841,0,0,0,75,D_pmar=0.054_dist=500_repair_6_males=6_nmar=1,6,1
0,9,1000,0,72.0815519967675,269.46191644419866,18.491321103707552,0,0,0,75,D_pmar=0.054_dist=500_repair_6_males=6_nmar=1,6,1
0,7,1000,500,70.5231211620163,283.5389016983966,6.080787073246685,0,0,0,75,D_pmar=0.054_dist=500_repair_6_males=6_nmar=1,6,1
0,8,0,0,72.76615717720796,244.9003833086651,42.58832481334608,0,0,0,760,D_pmar=0.054_dist=500_repair_6_males=6_nmar=1,6,1
0,11,0,500,71.68324440694664,270.1256596694055,18.20158885851449,0,0,0,760,D_pmar=0.054_dist=500_repair_6_males=6_nmar=1,6,1
0.054,10,500,0,68.64711761211292,286.9206597324302,0,24,2.400000000000001,2.145798259486922,760,D_pmar=0.054_dist=500_repair_6_males=6_nmar=1,6,1
0,8,500,500,72.46991788903617,257.11075037496084,30.431284428914555,0,0,0,760,D_pmar=0.054_dist=500_repair_6_males=6_nmar=1,6,1
0,7,1000,0,76.22287545013448,251.887345163975,32.058008597981036,0,0,0,760,D_pmar=0.054_dist=500_repair_6_males=6_nmar=1,6,1
0,10,1000,500,66.88755080991935,274.845730573103,18.310270274758093,0,0,0,760,D_pmar=0.054_dist=500_repair_6_males=6_nmar=1,6,1
0,9,0,0,71.63649031195907,270.3037853643709,18.06330876975883,0,0,0,761,D_pmar=0.054_dist=500_repair_6_males=6_nmar=1,6,1
0,6,0,500,74.09592733194974,279.9193732872651,6.039304230257925,0,0,0,761,D_pmar=0.054_dist=500_repair_6_males=6_nmar=1,6,1
0,6,500,0,72.53697266457742,275.49573353882414,12.108287433637727,0,0,0,761,D_pmar=0.054_dist=500_repair_6_males=6_nmar=1,6,1
0,14,500,500,68.56444031311791,285.2943636174381,6.141303402637741,0,0,0,761,D_pmar=0.054_dist=500_repair_6_males=6_nmar=1,6,1
0.054,7,1000,0,72.35757424074627,284.50892686154936,0,11,1.1,2.234419257744936,761,D_pmar=0.054_dist=500_repair_6_males=6_nmar=1,6,1
0,12,1000,500,70.93935576230434,264.65723225740453,24.43380401008888,0,0,0,761,D_pmar=0.054_dist=500_repair_6_males=6_nmar=1,6,1
0,10,0,0,69.09239256766699,285.02144582054075,6.019576667372292,0,0,0,762,D_pmar=0.054_dist=500_repair_6_males=6_nmar=1,6,1
0,8,0,500,72.10109672493796,251.26820160478775,36.778885028453814,0,0,0,762,D_pmar=0.054_dist=500_repair_6_males=6_nmar=1,6,1
0,9,500,0,67.79341594753113,280.1259585515255,12.148968589748783,0,0,0,762,D_pmar=0.054_dist=500_repair_6_males=6_nmar=1,6,1
0,6,500,500,69.51384948951066,247.64559786964475,43.03380294314797,0,0,0,762,D_pmar=0.054_dist=500_repair_6_males=6_nmar=1,6,1
0,8,1000,0,66.39790839813091,257.3264364351163,36.46140297015984,0,0,0,762,D_pmar=0.054_dist=500_repair_6_males=6_nmar=1,6,1
0.054,13,1000,500,69.52210223454213,285.83438300873115,0,22,2.2000000000000006,2.589584668636319,762,D_pmar=0.054_dist=500_repair_6_males=6_nmar=1,6,1
0.054,9,0,0,70.97174214238223,284.554190244361,0,22,2.2000000000000006,2.3326285329097347,763,D_pmar=0.054_dist=500_repair_6_males=6_nmar=1,6,1
0,10,0,500,72.40317451738247,238.8011649653246,48.93049229389465,0,0,0,763,D_pmar=0.054_dist=500_repair_6_males=6_nmar=1,6,1
0,10,500,0,70.40834713930155,253.14837794806897,36.49519467658545,0,0,0,763,D_pmar=0.054_dist=500_repair_6_males=6_nmar=1,6,1
0,12,500,500,70.31839157645598,277.5385340487912,12.193791629472686,0,0,0,763,D_pmar=0.054_dist=500_repair_6_males=6_nmar=1,6,1
0,12,1000,0,71.1131159029868,258.72660778308466,30.244875925692725,0,0,0,763,D_pmar=0.054_dist=500_repair_6_males=6_nmar=1,6,1
0,1,1000,500,72.8841123222033,281.1245846636824,6.056561644006385,0,0,0,763,D_pmar=0.054_dist=500_repair_6_males=6_nmar=1,6,1
0,9,0,0,71.342884850802193,282.9503798425617,6.026721795441392,0,0,0,764,D_pmar=0.054_dist=500_repair_6_males=6_nmar=1,6,1
0,10,0,500,73.73186812266746,268.111342755942,18.203064226132895,0,0,0,764,D_pmar=0.054_dist=500_repair_6_males=6_nmar=1,6,1
0,10,500,0,69.18414900380836,278.65716074975103,12.184866902728444,0,0,0,764,D_pmar=0.054_dist=500_repair_6_males=6_nmar=1,6,1
0.054,7,500,500,69.53172690284455,287.7017807450558,0,10,1,2.118678517004194,764,D_pmar=0.054_dist=500_repair_6_males=6_nmar=1,6,1
0,8,1000,0,66.17988971890793,287.84584136454794,6.016218232307517,0,0,0,764,D_pmar=0.054_dist=500_repair_6_males=6_nmar=1,6,1
0,10,1000,500,70.91279494821958,270.76907423798247,18.458837601808973,0,0,0,764,D_pmar=0.054_dist=500_repair_6_males=6_nmar=1,6,1
0,12,0,0,67.16984241400009,268.68034021796467,24.32485446001731,0,0,0,765,D_pmar=0.054_dist=500_repair_6_males=6_nmar=1,6,1
0,9,0,500,70.1576557165981,259.197399117824,30.80563743758145,0,0,0,765,D_pmar=0.054_dist=500_repair_6_males=6_nmar=1,6,1
0,10,500,0,70.06439330815789,277.83099917821664,12.183858691370013,0,0,0,765,D_pmar=0.054_dist=500_repair_6_males=6_nmar=1,6,1
0.054,11,500,500,70.99931663008788,285.13971334610716,0,17,1.7000000000000004,2.172918001969649,765,D_pmar=0.054_dist=500_repair_6_males=6_nmar=1,6,1
0,8,1000,0,71.7525386074868,282.1447692307111,6.187090855716461,0,0,0,765,D_pmar=0.054_dist=500_repair_6_males=6_nmar=1,6,1
0,4,1000,500,72.09689489003739,257.42254279204906,30.490259051626044,0,0,0,765,D_pmar=0.054_dist=500_repair_6_males=6_nmar=1,6,1
0,9,0,0,72.19645379151937,269.5320497211193,18.289985498848853,0,0,0,766,D_pmar=0.054_dist=500_repair_6_males=6_nmar=1,6,1
0.054,13,0,500,75.01916691833321,281.1877265970359,0,17,1.7000000000000004,2.215242703931366,766,D_pmar=0.054_dist=500_repair_6_males=6_nmar=1,6,1
0,13,500,0,70.83115188016068,283.01397332898784,6.1966669875724225,0,0,0,766,D_pmar=0.054_dist=500_repair_6_males=6_nmar=1,6,1
0,5,500,500,72.12098179746637,251.4852825009752,36.42587615733205,0,0,0,766,D_pmar=0.054_dist=500_repair_6_males=6_nmar=1,6,1
0,6,1000,0,71.89061469661043,269.7089500512798,18.412028227064432,0,0,0,766,D_pmar=0.054_dist=500_repair_6_males=6_nmar=1,6,1
0,8,1000,500,70.37889498246524,265.2738647085998,24.439594038176175,0,0,0,766,D_pmar=0.054_dist=500_repair_6_males=6_nmar=1,6,1
0,9,0,0,73.66938548032684,261.8459171881952,24.491046300502283,0,0,0,767,D_pmar=0.054_dist=500_repair_6_males=6_nmar=1,6,1
0,8,0,500,70.48458811453641,289.5669763417954,0,0,0,0,767,D_pmar=0.054_dist=500_repair_6_males=6_nmar=1,6,1
0,14,500,0,68.69671642951951,261.1728658679332,30.333695199808837,0,0,0,767,D_pmar=0.054_dist=500_repair_6_males=6_nmar=1,6,1
0,7,500,500,68.80331808627238,273.2108150046455,18.045201276635453,0,0,0,767,D_pmar=0.054_dist=500_repair_6_males=6_nmar=1,6,1
0.054,11,1000,0,72.92357630754096,283.16765872755354,0,14,1.4,2.5856130743017403,767,D_pmar=0.054_dist=500_repair_6_males=6_nmar=1,6,1
0,5,1000,500,73.15832300636393,274.64840933137043,12.241269746333485,0,0,0,767,D_pmar=0.054_dist=500_repair_6_males=6_nmar=1,6,1
0,11,0,0,69.66588974989992,266.225092112164,24.262532995488925,0,0,0,768,D_pmar=0.054_dist=500_repair_6_males=6_nmar=1,6,1
0,12,0,500,69.88676493107644,265.9840445845375,24.18768825227341,0,0,0,768,D_pmar=0.054_dist=500_repair_6_males=6_nmar=1,6,1
0,7,500,0,71.45654966769874,264.27988092540534,24.395793995901517,0,0,0,768,D_pmar=0.054_dist=500_repair_6_males=6_nmar=1,6,1
0.054,9,500,500,76.45132112182637,278.86846074751185,0,19,1.9000000000000008,3.0055699174436628,768,D_pmar=0.054_dist=500_repair_6_males=6_nmar=1,6,1
0,8,1000,0,72.86653040606923,268.7976734440433,18.350832838539052,0,0,0,768,D_pmar=0.054_dist=500_repair_6_males=6_nmar=1,6,1
0,7,1000,500,71.34753340911142,264.19421484800733,24.643854576488817,0,0,0,768,D_pmar=0.054_dist=500_repair_6_males=6_nmar=1,6,1
0,13,0,0,71.3018957510407,258.36086540695163,30.45293797767409,0,0,0,769,D_pmar=0.054_dist=500_repair_6_males=6_nmar=1,6,1
0,6,0,500,70.48135172620302,265.5267423349415,24.252307569727755,0,0,0,769,D_pmar=0.054_dist=500_repair_6_males=6_nmar=1,6,1
0.054,9,500,0,71.79834825928688,283.6398143832183,0,22,2.2000000000000006,2.4331643141714863,769,D_pmar=0.054_dist=500_repair_6_males=6_nmar=1,6,1
0,7,500,500,73.26137289496269,262.5424314246032,24.22419716277133,0,0,0,769,D_pmar=0.054_dist=500_repair_6_males=6_nmar=1,6,1
0,11,1000,0,70.0952425967204,240.93019568695615,48.98835916301559,0,0,0,769,D_pmar=0.054_dist=500_repair_6_males=6_nmar=1,6,1
0,8,1000,500,68.9953486332322,285.047154406328,6.095416079027343,0,0,0,769,D_pmar=0.054_dist=500_repair_6_males=6_nmar=1,6,1
0,6,0,0,71.69617122509683,270.3278499938956,18.10904190143806,0,0,0,76,D_pmar=0.054_dist=500_repair_6_males=6_nmar=1,6,1
0,5,0,500,72.7449447401206,269.9002570973584,17.572272270103195,0,0,0,76,D_pmar=0.054_dist=500_repair_6_males=6_nmar=1,6,1
0,15,500,0,69.91841975061904,271.4450317851415,18.652786689518088,0,0,0,76,D_pmar=0.054_dist=500_repair_6_males=6_nmar=1,6,1
0,14,500,500,73.14904586396432,286.873526116885,0,0,0,0,76,D_pmar=0.054_dist=500_repair_6_males=6_nmar=1,6,1
0.054,6,1000,0,70.10691637497875,286.8319964669172,0,10,1,2.30386370218938,76,D_pmar=0.054_dist=500_repair_6_males=6_nmar=1,6,1
0,8,1000,500,68.94381739450036,285.063663143656,6.057337145920117,0,0,0,76,D_pmar=0.054_dist=500_repair_6_males=6_nmar=1,6,1
0.054,12,0,0,70.27001103380445,285.77251507097435,0,16,1.6000000000000003,2.433164314171486,770,D_pmar=0.054_dist=500_repair_6_males=6_nmar=1,6,1
0,11,0,500,69.61428833251273,271.8359725505038,18.679082445830694,0,0,0,770,D_pmar=0.054_dist=500_repair_6_males=6_nmar=1,6,1
0,8,500,0,65.85228738564125,245.32532063381225,48.889254390250805,0,0,0,770,D_pmar=0.054_dist=500_repair_6_males=6_nmar=1,6,1
0,8,500,500,69.25460828672236,283.1196308987493,7.65247594007884,0,0,0,770,D_pmar=0.054_dist=500_repair_6_males=6_nmar=1,6,1
0,4,1000,0,70.25984553713971,277.77144958036797,12.152675067890469,0,0,0,770,D_pmar=0.054_dist=500_repair_6_males=6_nmar=1,6,1
0,11,1000,500,70.53975005552387,283.427053208575,6.153301975701318,0,0,0,770,D_pmar=0.054_dist=500_repair_6_males=6_nmar=1,6,1
0.054,5,0,0,73.39645837083901,282.8736840674264,0,13,1.3,2.4523408679850554,771,D_pmar=0.054_dist=500_repair_6_males=6_nmar=1,6,1
0,13,0,500,70.94568170497688,264.9942952605584,24.258068718189683,0,0,0,771,D_pmar=0.054_dist=500_repair_6_males=6_nmar=1,6,1
0,13,500,0,70.7659065218604,283.1893277870754,6.0898580455867,0,0,0,771,D_pmar=0.054_dist=500_repair_6_males=6_nmar=1,6,1
0,9,500,500,75.41937255392271,272.61890842149984,12.000509355177858,0,0,0,771,D_pmar=0.054_dist=500_repair_6_males=6_nmar=1,6,1
0,5,1000,0,70.00482082118953,278.0733825760747,12.073102079359044,0,0,0,771,D_pmar=0.054_dist=500_repair_6_males=6_nmar=1,6,1
0,9,1000,500,71.23055132745225,264.28954619907046,24.61740840221348,0,0,0,771,D_pmar=0.054_dist=500_repair_6_males=6_nmar=1,6,1
0,10,0,0,72.06729973215734,281.8407206365467,6.231626360813557,0,0,0,772,D_pmar=0.054_dist=500_repair_6_males=6_nmar=1,6,1
0,5,0,500,69.7514923002728,259.9867457087927,30.322038526652307,0,0,0,772,D_pmar=0.054_dist=500_repair_6_males=6_nmar=1,6,1
0,8,500,0,67.85123747794873,286.27556687300347,6.039599395277096,0,0,0,772,D_pmar=0.054_dist=500_repair_6_males=6_nmar=1,6,1
0.054,13,500,500,70.3634442221476,285.6259466440518,0,12,1.2,2.867362446414099,772,D_pmar=0.054_dist=500_repair_6_males=6_nmar=1,6,1
0,5,1000,0,71.02573877191662,288.98465612201437,0,0,0,0,772,D_pmar=0.054_dist=500_repair_6_males=6_nmar=1,6,1
0,13,1000,500,71.84416361755379,257.86036598046536,30.37004088809124,0,0,0,772,D_pmar=0.054_dist=500_repair_6_males=6_nmar=1,6,1
0,12,0,0,69.66218370041588,278.18959977899976,12.3049457125878,0,0,0,773,D_pmar=0.054_dist=500_repair_6_males=6_nmar=1,6,1
0,7,0,500,70.07002813376474,271.36005890801823,18.789290070471925,0,0,0,773,D_pmar=0.054_dist=500_repair_6_males=6_nmar=1,6,1
0.054,11,500,0,69.16655248882807,286.93028119755684,0,13,1.3,2.6623192895560175,773,D_pmar=0.054_dist=500_repair_6_males=6_nmar=1,6,1
0,6,500,500,73.87660328421033,261.80990596108114,24.41395894356721,0,0,0,773,D_pmar=0.054_dist=500_repair_6_males=6_nmar=1,6,1
0,10,1000,0,71.13059774124585,276.5084160330726,12.368960229575064,0,0,0,773,D_pmar=0.054_dist=500_repair_6_males=6_nmar=1,6,1
0,8,1000,500,69.26476209081986,284.51944654703385,6.229800769906845,0,0,0,773,D_pmar=0.054_dist=500_repair_6_males=6_nmar=1,6,1
0,5,0,0,70.00140059608054,278.00185392750444,12.224336807524551,0,0,0,774,D_pmar=0.054_dist=500_repair_6_males=6_nmar=1,6,1
0,11,0,500,72.15357856259308,269.59961672190127,18.39497037326656,0,0,0,774,D_pmar=0.054_dist=500_repair_6_males=6_nmar=1,6,1
0,8,500,0,71.98365918482473,269.6759215890225,18.553548372293378,0,0,0,774,D_pmar=0.054_dist=500_repair_6_males=6_nmar=1,6,1
0,8,500,500,70.91389443305165,246.0773845989034,43.068376252050655,0,0,0,774,D_pmar=0.054_dist=500_repair_6_males=6_nmar=1,6,1
0,11,1000,0,69.54324115359121,272.30933608848545,18.221483689965655,0,0,0,774,D_pmar=0.054_dist=500_repair_6_males=6_nmar=1,6,1
0.054,11,1000,500,72.92360193173874,283.2464395838906,0,18,1.8000000000000005,2.118678517004194,774,D_pmar=0.054_dist=500_repair_6_males=6_nmar=1,6,1
0,6,0,0,69.59322455816756,254.09017212438113,36.551815081251554,0,0,0,775,D_pmar=0.054_dist=500_repair_6_males=6_nmar=1,6,1
0,13,0,500,70.27697194293835,277.65760634031193,12.140988660340447,0,0,0,775,D_pmar=0.054_dist=500_repair_6_males=6_nmar=1,6,1
0,8,500,0,71.50706189727967,245.9514663794047,42.790999289246955,0,0,0,775,D_pmar=0.054_dist=500_repair_6_males=6_nmar=1,6,1
0,6,500,500,70.96563487081772,258.8325695137273,30.407480876215292,0,0,0,775,D_pmar=0.054_dist=500_repair_6_males=6_nmar=1,6,1
0.054,14,1000,0,70.47041888369884,284.0252622533673,0,27,2.700000000000001,2.833944603499841,775,D_pmar=0.054_dist=500_repair_6_males=6_nmar=1,6,1
0,7,1000,500,72.85541618902053,244.06254748916652,43.13010745051419,0,0,0,775,D_pmar=0.054_dist=500_repair_6_males=6_nmar=1,6,1
0.054,11,0,0,73.2117764739478,283.0409103392838,0,15,1.5000000000000002,2.377279740968405,776,D_pmar=0.054_dist=500_repair_6_males=6_nmar=1,6,1
0,10,0,500,73.50059095173519,262.3226696889587,24.230249668668293,0,0,0,776,D_pmar=0.054_dist=500_repair_6_males=6_nmar=1,6,1
0,10,500,0,69.6088513353623,272.3168161501288,18.200931743516467,0,0,0,776,D_pmar=0.054_dist=500_repair_6_males=6_nmar=1,6,1
0,6,500,500,69.84698243845415,278.0401620669759,12.151081539334143,0,0,0,776,D_pmar=0.054_dist=500_repair_6_males=6_nmar=1,6,1
0,7,1000,0,70.44134419193458,259.12179881111405,30.530718508529436,0,0,0,776,D_pmar=0.054_dist=500_repair_6_males=6_nmar=1,6,1
0,10,1000,500,74.10655299924339,279.95918026667096,6.128996866500121,0,0,0,776,D_pmar=0.054_dist=500_repair_6_males=6_nmar=1,6,1
0,10,0,0,73.9873598128662,267.7318670207728,18.3986268570299,0,0,0,777,D_pmar=0.054_dist=500_repair_6_males=6_nmar=1,6,1
0,6,0,500,69.49772456218403,266.36259124494353,24.305316876440333,0,0,0,777,D_pmar=0.054_dist=500_repair_6_males=6_nmar=1,6,1
0.054,13,500,0,68.62066621164672,287.0571109100416,0,20,2.0000000000000004,2.5026087586159314,777,D_pmar=0.054_dist=500_repair_6_males=6_nmar=1,6,1
0,4,500,500,71.11403243135587,252.4254317609294,36.60478119639959,0,0,0,777,D_pmar=0.054_dist=500_repair_6_males=6_nmar=1,6,1
0,11,1000,0,70.02157176516546,259.4314658246415,30.622954866446264,0,0,0,777,D_pmar=0.054_dist=500_repair_6_males=6_nmar=1,6,1
0,10,1000,500,70.68403394696169,277.2139161977576,12.156160730848676,0,0,0,777,D_pmar=0.054_dist=500_repair_6_males=6_nmar=1,6,1
0,7,0,0,71.1717997854799,258.33007554377656,30.50100330363426,0,0,0,778,D_pmar=0.054_dist=500_repair_6_males=6_nmar=1,6,1
0,6,0,500,70.51145361846149,277.3848055157618,12.184226809580798,0,0,0,778,D_pmar=0.054_dist=500_repair_6_males=6_nmar=1,6,1
0,12,500,0,69.96882567690096,283.88697188381525,6.178552159780467,0,0,0,778,D_pmar=0.054_dist=500_repair_6_males=6_nmar=1,6,1
0,12,500,500,69.97965478838437,268.20630193436256,21.888981425441383,0,0,0,778,D_pmar=0.054_dist=500_repair_6_males=6_nmar=1,6,1
0,7,1000,0,70.45177374289369,252.8874502597536,36.682342701949025,0,0,0,778,D_pmar=0.054_dist=500_repair_6_males=6_nmar=1,6,1
0.054,10,1000,500,76.52078112050093,279.4107244721232,0,18,1.8000000000000005,2.4139877603579167,778,D_pmar=0.054_dist=500_repair_6_males=6_nmar=1,6,1
0.054,12,0,0,68.59886269491112,287.69686246045,0,13,1.3,2.5297285010986585,779,D_pmar=0.054_dist=500_repair_6_males=6_nmar=1,6,1
0,7,0,500,70.51508055739527,253.05708858384077,36.56932447743591,0,0,0,779,D_pmar=0.054_dist=500_repair_6_males=6_nmar=1,6,1
0,9,500,0,71.34691078271474,270.50960390722065,18.182368765244625,0,0,0,779,D_pmar=0.054_dist=500_repair_6_males=6_nmar=1,6,1
0,10,500,500,72.5574853298721,281.439869486578,6.107070138865978,0,0,0,779,D_pmar=0.054_dist=500_repair_6_males=6_nmar=1,6,1
0,10,1000,0,73.32549372681696,274.75588246666933,12.154800881708852,0,0,0,779,D_pmar=0.054_dist=500_repair_6_males=6_nmar=1,6,1
0,6,1000,500,71.22216215037008,282.6775358047226,6.1816286014844115,0,0,0,779,D_pmar=0.054_dist=500_repair_6_males=6_nmar=1,6,1
0,11,0,0,69.39274799652486,272.61196437930226,18.07035801241785,0,0,0,77,D_pmar=0.054_dist=500_repair_6_males=6_nmar=1,6,1
0,6,0,500,74.40670715918465,267.537189295244,18.111498558816155,0,0,0,77,D_pmar=0.054_dist=500_repair_6_males=6_nmar=1,6,1
0,13,500,0,68.88339663614468,266.79411847654626,24.379118532134783,0,0,0,77,D_pmar=0.054_dist=500_repair_6_males=6_nmar=1,6,1
0,5,500,500,68.91705085894601,272.8877221409842,18.27599349766658,0,0,0,77,D_pmar=0.054_dist=500_repair_6_males=6_nmar=1,6,1
0.054,14,1000,0,70.99277674631813,284.4561125667894,0,18,1.8000000000000005,2.89777236537208,77,D_pmar=0.054_dist=500_repair_6_males=6_nmar=1,6,1
0,5,1000,500,71.63138814774165,257.59800995180944,30.80425180685972,0,0,0,77,D_pmar=0.054_dist=500_repair_6_males=6_nmar=1,6,1
0,12,0,0,69.48253541013968,272.345701626525,18.22136634819507,0,0,0,780,D_pmar=0.054_dist=500_repair_6_males=6_nmar=1,6,1
0,5,0,500,69.70814599668783,266.28044905312726,24.22052878040716,0,0,0,780,D_pmar=0.054_dist=500_repair_6_males=6_nmar=1,6,1
0,10,500,0,70.62635299582202,258.6321609562039,30.775473170091725,0,0,0,780,D_pmar=0.054_dist=500_repair_6_males=6_nmar=1,6,1
0,5,500,500,70.16703418508534,284.02612604310406,6.076147736870174,0,0,0,780,D_pmar=0.054_dist=500_repair_6_males=6_nmar=1,6,1
0.054,10,1000,0,70.18382968086028,285.0071586714781,0,22,2.2000000000000006,2.7453236052418255,780,D_pmar=0.054_dist=500_repair_6_males=6_nmar=1,6,1
0,12,1000,500,70.6460925505892,234.5744002697421,54.77984621050114,0,0,0,780,D_pmar=0.054_dist=500_repair_6_males=6_nmar=1,6,1
0.054,14,0,0,69.15784903177229,286.6778020027403,0,19,1.9000000000000008,2.3134519790961656,781,D_pmar=0.054_dist=500_repair_6_males=6_nmar=1,6,1
0,8,0,500,70.57521364741156,271.0891480802879,18.48846752028225,0,0,0,781,D_pmar=0.054_dist=500_repair_6_males=6_nmar=1,6,1
0,6,500,0,71.3771251669723,246.04450831801003,42.634135988364434,0,0,0,781,D_pmar=0.054_dist=500_repair_6_males=6_nmar=1,6,1
0,7,500,500,69.82869024139406,278.0535672219598,12.200202352395763,0,0,0,781,D_pmar=0.054_dist=500_repair_6_males=6_nmar=1,6,1
0,8,1000,0,71.46371873599351,264.35884274447835,24.27888225062892,0,0,0,781,D_pmar=0.054_dist=500_repair_6_males=6_nmar=1,6,1
0,11,1000,500,70.64483003435414,271.3541281543962,18.18152673632221,0,0,0,781,D_pmar=0.054_dist=500_repair_6_males=6_nmar=1,6,1
0,8,0,0,68.69003785777566,279.0864263595963,12.290272731429123,0,0,0,782,D_pmar=0.054_dist=500_repair_6_males=6_nmar=1,6,1
0,5,0,500,71.82714939042707,269.89310908029114,18.404194918594452,0,0,0,782,D_pmar=0.054_dist=500_repair_6_males=6_nmar=1,6,1
0,6,500,0,69.93935227702909,253.69750884320192,36.46825034971013,0,0,0,782,D_pmar=0.054_dist=500_repair_6_males=6_nmar=1,6,1
0.054,10,500,500,69.28223963382007,286.9160180446442,0,16,1.6000000000000003,2.2598939119900368,782,D_pmar=0.054_dist=500_repair_6_males=6_nmar=1,6,1
0,17,1000,0,67.8401409873351,292.2494168986411,0,0,0,0,782,D_pmar=0.054_dist=500_repair_6_males=6_nmar=1,6,1
0,8,1000,500,70.09605107797131,259.5070997077156,30.57431366747304,0,0,0,782,D_pmar=0.054_dist=500_repair_6_males=6_nmar=1,6,1
0,9,0,0,71.65287368543774,282.447855795292,6.072195011298306,0,0,0,783,D_pmar=0.054_dist=500_repair_6_males=6_nmar=1,6,1
0,13,0,500,70.42577113567654,271.297821822057,18.439363544965477,0,0,0,783,D_pmar=0.054_dist=500_repair_6_males=6_nmar=1,6,1
0,6,500,0,70.467077526136407,277.18904448565485,12.40798639867555,0,0,0,783,D_pmar=0.054_dist=500_repair_6_males=6_nmar=1,6,1
0,9,500,500,67.6143215476043,292.5621019029625,0,0,0,0,783,D_pmar=0.054_dist=500_repair_6_males=6_nmar=1,6,1
0,11,1000,0,69.69586552172989,253.56176459310555,36.7713413890168,0,0,0,783,D_pmar=0.054_dist=500_repair_6_males=6_nmar=1,6,1
0.054,6,1000,500,72.4545107220119,284.2609924673639,0,12,1.2,2.103473557525204,783,D_pmar=0.054_dist=500_repair_6_males=6_nmar=1,6,1
0.054,11,0,0,70.17008441914018,286.3326877934643,0,14,1.4,2.500282252518979,784,D_pmar=0.054_dist=500_repair_6_males=6_nmar=1,6,1
0,6,0,500,67.76257580847822,274.30364241336423,18.054039177760966,0,0,0,784,D_pmar=0.054_dist=500_repair_6_males=6_nmar=1,6,1
0,13,500,0,70.40364959834075,271.46831135938424,18.30040961407359,0,0,0,784,D_pmar=0.054_dist=500_repair_6_males=6_nmar=1,6,1
0,6,500,500,69.71961337232032,265.77412680530534,24.62692591993626,0,0,0,784,D_pmar=0.054_dist=500_repair_6_males=6_nmar=1,6,1
0,9,1000,0,68.2095936017026,279.69738785113003,12.11038962022814,0,0,0,784,D_pmar=0.054_dist=500_repair_6_males=6_nmar=1,6,1
0,9,1000,500,70.88396697885963,277.1421342973255,12.191513009793644,0,0,0,784,D_pmar=0.054_dist=500_repair_6_males=6_nmar=1,6,1
0,11,0,0,73.78093497741553,262.0631644076766,24.223267245705497,0,0,0,785,D_pmar=0.054_dist=500_repair_6_males=6_nmar=1,6,1
0.054,12,0,500,69.48845904040846,285.8387005625317,0,23,2.3000000000000007,2.6183494993566727,785,D_pmar=0.054_dist=500_repair_6_males=6_nmar=1,6,1
0,10,500,0,70.18343317243081,283.79668731941285,6.030529622404824,0,0,0,785,D_pmar=0.054_dist=500_repair_6_males=6_nmar=1,6,1
0,11,500,500,72.78533133118773,250.5904048014162,36.73719745348236,0,0,0,785,D_pmar=0.054_dist=500_repair_6_males=6_nmar=1,6,1
0,5,1000,0,71.37625539073154,270.11849105916633,18.62488827713741,0,0,0,785,D_pmar=0.054_dist=500_repair_6_males=6_nmar=1,6,1
0,5,1000,500,73.10834619874308,232.27626430962076,54.786754204497335,0,0,0,785,D_pmar=0.054_dist=500_repair_6_males=6_nmar=1,6,1
0,9,0,0,71.51827784574526,276.3039084998418,12.30951806630645,0,0,0,786,D_pmar=0.054_dist=500_repair_6_males=6_nmar=1,6,1
0,10,0,500,70.35614509870057,277.3184774350551,12.409303071290282,0,0,0,786,D_pmar=0.054_dist=500_repair_6_males=6_nmar=1,6,1
0,13,500,0,67.98200485227326,261.52652145920695,30.495725415285403,0,0,0,786,D_pmar=0.054_dist=500_repair_6_males=6_nmar=1,6,1
0.054,4,500,500,73.07983142492095,283.05954374290593,0,13,1.3,2.683822349466539,786,D_pmar=0.054_dist=500_repair_6_males=6_nmar=1,6,1
0,11,1000,0,70.86658708727758,276.8984665915109,12.355846672195582,0,0,0,786,D_pmar=0.054_dist=500_repair_6_males=6_nmar=1,6,1
0,7,1000,500,70.75457844228924,276.97427604461427,12.2978571949518,0,0,0,786,D_pmar=0.054_dist=500_repair_6_males=6_nmar=1,6,1
0,7,0,0,67.76663975108353,280.2009370713825,12.322699703414512,0,0,0,787,D_pmar=0.054_dist=500_repair_6_males=6_nmar=1,6,1
0,12,0,500,72.71805717795748,281.289110137784,6.07581705665723,0,0,0,787,D_pmar=0.054_dist=500_repair_6_males=6_nmar=1,6,1
0,10,500,0,69.0788496478568,266.83903931764075,24.410496482267934,0,0,0,787,D_pmar=0.054_dist=500_repair_6_males=6_nmar=1,6,1
0,6,500,500,71.32532344525401,282.7055764015031,6.056367120273661,0,0,0,787,D_pmar=0.054_dist=500_repair_6_males=6_nmar=1,6,1
0.054,9,1000,0,74.75742279642037,281.0440494709717,0,14,1.4,2.8491495629788304,787,D_pmar=0.054_dist=500_repair_6_males=6_nmar=1,6,1
0,10,1000,500,73.56452629324755,249.9990505155952,36.480412279274255,0,0,0,787,D_pmar=0.054_dist=500_repair_6_males=6_nmar=1,6,1
0,7,0,0,66.16720221072701,269.59965243831067,24.529323295905176,0,0,0,788,D_pmar=0.054_dist=500_repair_6_males=6_nmar=1,6,1
0.054,8,0,500,72.86130615704054,283.99588849238046,0,13,1.3,2.122650111338773,788,D_pmar=0.054_dist=500_repair_6_males=6_nmar=1,6,1
0,4,500,0,69.64632044509177,272.1464918828379,18.309854703931627,0,0,0,788,D_pmar=0.054_dist=500_repair_6_males=6_nmar=1,6,1
0,14,500,500,68.4853394235839,273.36194261743333,18.260343750104585,0,0,0,788,D_pmar=0.054_dist=500_repair_6_males=6_nmar=1,6,1
0,8,1000,0,66.60884706670971,287.43603805184677,6.013881150353817,0,0,0,788,D_pmar=0.054_dist=500_repair_6_males=6_nmar=1,6,1
0,13,1000,500,76.16920902942765,271.6561580377461,12.311439231600836,0,0,0,788,D_pmar=0.054_dist=500_repair_6_males=6_nmar=1,6,1
0,13,0,0,67.63662095775285,280.3272018762011,12.101341281689884,0,0,0,789,D_pmar=0.054_dist=500_repair_6_males=6_nmar=1,6,1
0,10,0,500,67.59312671241683,261.8860750762856,30.54026585181095,0,0,0,789,D_pmar=0.054_dist=500_repair_6_males=6_nmar=1,6,1
0,9,500,0,71.31790210866608,270.5612823575519,18.3821291311188,0,0,0,789,D_pmar=0.054_dist=500_repair_6_males=6_nmar=1,6,1
0,5,500,500,70.79409255023437,271.08199212448193,18.314999687601883,0,0,0,789,D_pmar=0.054_dist=500_repair_6_males=6_nmar=1,6,1
0,10,1000,0,68.54882947435125,273.2037098790458,18.34525259879124,0,0,0,789,D_pmar=0.054_dist=500_repair_6_males=6_nmar=1,6,1
0.054,7,1000,500,69.18208468601888,286.75480463903216,0,16,1.6000000000000003,2.572053203060376,789,D_pmar=0.054_dist=500_repair_6_males=6_nmar=1,6,1
0.054,8,0,0,75.52881631022449,280.1383639558716,0,16,1.6000000000000003,2.7988816723479544,78,D_pmar=0.054_dist=500_repair_6_males=6_nmar=1,6,1
0,8,0,500,71.5913567035373,276.13363457724927,12.286443330246234,0,0,0,78,D_pmar=0.054_dist=500_repair_6_males=6_nmar=1,6,1
0,8,500,0,64.9546100853629,270.9523605922926,24.190047042961353,0,0,0,78,D_pmar=0.054_dist=500_repair_6_males=6_nmar=1,6,1
0,8,500,500,72.86545917785088,281.16366953461846,6.026426819737424,0,0,0,78,D_pmar=0.054_dist=500_repair_6_males=6_nmar=1,6,1
0,9,1000,0,69.85402837712682,259.67276552310955,30.58702596522899,0,0,0,78,D_pmar=0.054_dist=500_repair_6_males=6_nmar=1,6,1
0,13,1000,500,71.65391381187519,264.25118495148973,24.266241686595816,0,0,0,78,D_pmar=0.054_dist=500_repair_6_males=6_nmar=1,6,1
0,5,0,0,71.5381580285474,264.29995354938313,24.39340762685068,0,0,0,790,D_pmar=0.054_dist=500_repair_6_males=6_nmar=1,6,1
0.054,9,0,500,68.26785456334125,287.77024972711143,0,17,1.7000000000000004,2.3885131061128155,790,D_pmar=0.054_dist=500_repair_6_males=6_nmar=1,6,1
0,7,500,0,71.07882887591767,264.71680752735773,24.334494814253578,0,0,0,790,D_pmar=0.054_dist=500_repair_6_males=6_nmar=1,6,1
0,13,500,500,69.32008409373479,259.9132672441033,30.768948644679128,0,0,0,790,D_pmar=0.054_dist=500_repair_6_males=6_nmar=1,6,1
0,13,1000,0,72.46893660507186,281.487379784005,6.047384976612852,0,0,0,790,D_pmar=0.054_dist=500_repair_6_males=6_nmar=1,6,1
0,7,1000,500,69.25805933690793,272.6137163304173,18.316356075503048,0,0,0,790,D_pmar=0.054_dist=500_repair_6_males=6_nmar=1,6,1
0,9,0,0,69.4838702002817,266.2447338648286,24.433609922050465,0,0,0,791,D_pmar=0.054_dist=500_repair_6_males=6_nmar=1,6,1
0,10,0,500,70.58845820086209,270.99696753436353,18.552253655149528,0,0,0,791,D_pmar=0.054_dist=500_repair_6_males=6_nmar=1,6,1
0,5,500,0,74.43100164357024,267.40755503727036,18.33008889237468,0,0,0,791,D_pmar=0.054_dist=500_repair_6_males=6_nmar=1,6,1
0.054,12,500,500,71.88522356746327,283.89952080639597,0,22,2.2000000000000006,2.3749532348714526,791,D_pmar=0.054_dist=500_repair_6_males=6_nmar=1,6,1
0,10,1000,0,70.08879364583548,265.5337036668873,24.594907689337724,0,0,0,791,D_pmar=0.054_dist=500_repair_6_males=6_nmar=1,6,1
0,8,1000,500,73.76824359381567,237.6356215064312,48.67329973531234,0,0,0,791,D_pmar=0.054_dist=500_repair_6_males=6_nmar=1,6,1
0,10,0,0,71.15641652347321,282.836038695978,6.178836427244263,0,0,0,792,D_pmar=0.054_dist=500_repair_6_males=6_nmar=1,6,1
0,9,0,500,74.27281987826699,249.1333110220335,36.60028062555696,0,0,0,792,D_pmar=0.054_dist=500_repair_6_males=6_nmar=1,6,1
0,7,500,0,71.1653172401965,282.9232199698572,6.072857322191274,0,0,0,792,D_pmar=0.054_dist=500_repair_6_males=6_nmar=1,6,1
0,7,500,500,70.95193326949097,264.795713266943,24.341371400275563,0,0,0,792,D_pmar=0.054_dist=500_repair_6_males=6_nmar=1,6,1
0,8,1000,0,71.03615839614845,252.24483823362735,36.72580953733608,0,0,0,792,D_pmar=0.054_dist=500_repair_6_males=6_nmar=1,6,1
0.054,13,1000,500,69.39024154842892,286.372133941374,0,18,1.8000000000000005,2.5641100143912183,792,D_pmar=0.054_dist=500_repair_6_males=6_nmar=1,6,1
0,7,0,0,69.12065878302816,278.91966987404453,12.087293175378663,0,0,0,793,D_pmar=0.054_dist=500_repair_6_males=6_nmar=1,6,1
0,13,0,500,70.38157172239654,271.75597867602295,18.10738927895051,0,0,0,793,D_pmar=0.054_dist=500_repair_6_males=6_nmar=1,6,1
0,4,500,0,73.13583871855437,250.25257628804417,36.65240090663449,0,0,0,793,D_pmar=0.054_dist=500_repair_6_males=6_nmar=1,6,1
0.054,14,500,500,73.10658929447578,282.60623828363157,0,14,1.4,2.940097067333797,793,D_pmar=0.054_dist=500_repair_6_males=6_nmar=1,6,1
0,10,1000,0,68.5329533998359,279.41175491401924,12.247866715668788,0,0,0,793,D_pmar=0.054_dist=500_repair_6_males=6_nmar=1,6,1
0,6,1000,500,72.04292033663656,281.9819872616351,6.046325593128168,0,0,0,793,D_pmar=0.054_dist=500_repair_6_males=6_nmar=1,6,1
0.054,10,0,0,69.26808069128998,286.62032228666413,0,15,1.5000000000000002,2.753266793910984,794,D_pmar=0.054_dist=500_repair_6_males=6_nmar=1,6,1
0,11,0,500,72.09472044472751,259.2189141556736,28.714512707867897,0,0,0,794,D_pmar=0.054_dist=500_repair_6_males=6_nmar=1,6,1
0,7,500,0,67.66722097587828,268.1662619649239,24.246514214547524,0,0,0,794,D_pmar=0.054_dist=500_repair_6_males=6_nmar=1,6,1
0,9,500,500,70.17872611834754,284.0129789958366,6.085977010663973,0,0,0,794,D_pmar=0.054_dist=500_repair_6_males=6_nmar=1,6,1
0,8,1000,0,69.96424051975056,277.6855131290556,12.454362607181803,0,0,0,794,D_pmar=0.054_dist=500_repair_6_males=6_nmar=1,6,1
0,9,1000,500,69.57848833073533,272.036224810545,18.39285612880851,0,0,0,794,D_pmar=0.054_dist=500_repair_6_males=6_nmar=1,6,1
0.054,14,0,0,67.82555724538435,287.734215238615,0,17,1.7000000000000004,2.778060030296759,795,D_pmar=0.054_dist=500_repair_6_males=6_nmar=1,6,1
0,11,0,500,70.09487902633333,265.54363564450654,24.45639533234262,0,0,0,795,D_pmar=0.054_dist=500_repair_6_males=6_nmar=1,6,1
0,6,500,0,69.04426763644383,278.896343365519,12.060587430220629,0,0,0,795,D_pmar=0.054_dist=500_repair_6_males=6_nmar=1,6,1
0,8,500,500,68.6843511968361,273.1533984417759,18.299993766505928,0,0,0,795,D_pmar=0.054_dist=500_repair_6_males=6_nmar=1,6,1
0,6,1000,0,74.97758429934689,248.4600176619414,36.67514633138321,0,0,0,795,D_pmar=0.054_dist=500_repair_6_males=6_nmar=1,6,1
0,9,1000,500,71.05495558349205,276.5782123119076,12.448912611258006,0,0,0,795,D_pmar=0.054_dist=500_repair_6_males=6_nmar=1,6,1
0,6,0,0,71.00077110165158,270.6312236545522,18.56464323855701,0,0,0,796,D_pmar=0.054_dist=500_repair_6_males=6_nmar=1,6,1
0,6,0,500,72.38597291330125,239.08154822451377,48.66464883562329,0,0,0,796,D_pmar=0.054_dist=500_repair_6_males=6_nmar=1,6,1
0,13,500,0,71.32948450867661,264.43021960485447,24.442857273782224,0,0,0,796,D_pmar=0.054_dist=500_repair_6_males=6_nmar=1,6,1
0.054,10,500,500,71.94992472938814,283.4660138190316,0,20,2.0000000000000004,2.6990273089455292,796,D_pmar=0.054_dist=500_repair_6_males=6_nmar=1,6,1
0,10,1000,0,71.54005895334801,282.641470001993,6.019438297645379,0,0,0,796,D_pmar=0.054_dist=500_repair_6_males=6_nmar=1,6,1
0,9,1000,500,73.2525775981335,262.4138119148266,24.40147252041922,0,0,0,796,D_pmar=0.054_dist=500_repair_6_males=6_nmar=1,6,1
0,10,0,0,69.9037129975239,271.8718595258742,18.27302929303664,0,0,0,797,D_pmar=0.054_dist=500_repair_6_males=6_nmar=1,6,1
0,15,0,500,70.60808070662591,283.3992538258663,6.169956880888545,0,0,0,797,D_pmar=0.054_dist=500_repair_6_males=6_nmar=1,6,1
0.054,6,500,0,71.40006569247828,284.94744031390996,0,13,1.3,2.3772797409684054,797,D_pmar=0.054_dist=500_repair_6_males=6_nmar=1,6,1
0,5,500,500,68.76722975642949,273.5652131344451,17.718192619754518,0,0,0,797,D_pmar=0.054_dist=500_repair_6_males=6_nmar=1,6,1
0,10,1000,0,69.88834694915454,265.5530980307909,24.678574937940063,0,0,0,797,D_pmar=0.054_dist=500_repair_6_males=6_nmar=1,6,1
0,8,1000,500,69.28371721804177,278.5563149474249,12.169324141224283,0,0,0,797,D_pmar=0.054_dist=500_repair_6_males=6_nmar=1,6,1
0,4,0,0,71.00930017567528,277.0189149889959,12.191167985880757,0,0,0,798,D_pmar=0.054_dist=500_repair_6_males=6_nmar=1,6,1
0,10,0,500,68.67317932292286,273.01029351573357,18.600829313378973,0,0,0,798,D_pmar=0.054_dist=500_repair_6_males=6_nmar=1,6,1
0,10,500,0,68.31992128717188,267.49157979882415,24.302266938523672,0,0,0,798,D_pmar=0.054_dist=500_repair_6_males=6_nmar=1,6,1
0.054,6,500,500,70.97684822021144,285.0215173164603,0,16,1.6000000000000003,2.6702624782251747,798,D_pmar=0.054_dist=500_repair_6_males=6_nmar=1,6,1
0,15,1000,0,68.1227246571113,279.6779804727047,12.223077723560754,0,0,0,798,D_pmar=0.054_dist=500_repair_6_males=6_nmar=1,6,1
0,9,1000,500,71.33006773112842,258.20520526446654,30.469645327995067,0,0,0,798,D_pmar=0.054_dist=500_repair_6_males=6_nmar=1,6,1
0,9,0,0,71.07100938052778,252.4809210240189,36.56836240365232,0,0,0,799,D_pmar=0.054_dist=500_repair_6_males=6_nmar=1,6,1
0,12,0,500,68.05526357692986,285.9276668800315,6.064344051999739,0,0,0,799,D_pmar=0.054_dist=500_repair_6_males=6_nmar=1,6,1
0,6,500,0,68.31224457534934,279.7970974942946,12.119146675680865,0,0,0,799,D_pmar=0.054_dist=500_repair_6_males=6_nmar=1,6,1
0,12,500,500,72.3422365593712,281.7115804901222,6.196961876106702,0,0,0,799,D_pmar=0.054_dist=500_repair_6_males=6_nmar=1,6,1
0.054,8,1000,0,70.51273472710578,285.9808076164713,0,13,1.3,2.2982470196171754,799,D_pmar=0.054_dist=500_repair_6_males=6_nmar=1,6,1
0,7,1000,500,69.94695866183591,271.94928089604457,18.15188648305456,0,0,0,799,D_pmar=0.054_dist=500_repair_6_males=6_nmar=1,6,1
0,10,0,0,71.94166364846218,263.6813390857686,24.520581250931116,0,0,0,79,D_pmar=0.054_dist=500_repair_6_males=6_nmar=1,6,1
0,6,0,500,74.70434341205436,267.31327723660826,18.15689333740749,0,0,0,79,D_pmar=0.054_dist=500_repair_6_males=6_nmar=1,6,1
0.054,6,500,0,72.5783817482455,283.26633928196185,0,17,1.7000000000000004,2.4754890161332037,79,D_pmar=0.054_dist=500_repair_6_males=6_nmar=1,6,1
0,14,500,500,74.96112444185057,273.08602626001255,12.072398306928893,0,0,0,79,D_pmar=0.054_dist=500_repair_6_males=6_nmar=1,6,1
0,8,1000,0,71.99896212321565,244.9760757602793,43.02658613731886,0,0,0,79,D_pmar=0.054_dist=500_repair_6_males=6_nmar=1,6,1
0,10,1000,500,69.0182187156095,284.9452128839507,6.117708056560483,0,0,0,79,D_pmar=0.054_dist=500_repair_6_males=6_nmar=1,6,1
0.054,7,0,0,72.11233741386742,284.2172716662653,0,15,1.5000000000000002,2.200037744452376,800,D_pmar=0.054_dist=500_repair_6_males=6_nmar=1,6,1
0,9,0,500,72.00975565321261,275.8919103949729,12.252967381821598,0,0,0,800,D_pmar=0.054_dist=500_repair_6_males=6_nmar=1,6,1
0,8,500,0,71.02337827034384,246.40623485792827,42.68152127965555,0,0,0,800,D_pmar=0.054_dist=500_repair_6_males=6_nmar=1,6,1
0,5,500,500,70.49712194124696,277.29816913680355,12.207535924624477,0,0,0,800,D_pmar=0.054_dist=500_repair_6_males=6_nmar=1,6,1
0,10,1000,0,66.3945782066258,275.4016717517397,18.24402397611084,0,0,0,800,D_pmar=0.054_dist=500_repair_6_males=6_nmar=1,6,1
0,15,1000,500,71.47314252117206,282.4976510813076,6.099602876694693,0,0,0,800,D_pmar=0.054_dist=500_repair_6_males=6_nmar=1,6,1
0,9,0,0,71.49599224483208,282.5229965959744,6.084344417548183,0,0,0,801,D_pmar=0.054_dist=500_repair_6_males=6_nmar=1,6,1
0,12,0,500,73.07150146078091,247.89378955494368,39.14488285579149,0,0,0,801,D_pmar=0.054_dist=500_repair_6_males=6_nmar=1,6,1
0,11,500,0,69.90554565265819,259.67873443678343,30.51523936233556,0,0,0,801,D_pmar=0.054_dist=500_repair_6_males=6_nmar=1,6,1
0.054,14,500,500,72.32300225027704,283.0100754147165,0,21,2.1000000000000005,2.7277921396658833,801,D_pmar=0.054_dist=500_repair_6_males=6_nmar=1,6,1
0,6,1000,0,71.67226563918216,257.8263272515201,30.562967429229165,0,0,0,801,D_pmar=0.054_dist=500_repair_6_males=6_nmar=1,6,1
0,2,1000,500,71.8468748284627,269.8588781221236,18.31863195803421,0,0,0,801,D_pmar=0.054_dist=500_repair_6_males=6_nmar=1,6,1
0,10,0,0,68.40548416255548,267.30852677830666,24.297827431097048,0,0,0,802,D_pmar=0.054_dist=500_repair_6_males=6_nmar=1,6,1
0.054,5,0,500,71.99233767776727,283.5999442968807,0,18,1.8000000000000005,2.699027308945529,802,D_pmar=0.054_dist=500_repair_6_males=6_nmar=1,6,1
0,9,500,0,67.38943480586397,286.50414253320116,6.107697402446835,0,0,0,802,D_pmar=0.054_dist=500_repair_6_males=6_nmar=1,6,1
0,9,500,500,69.83961516474342,247.44494669168785,42.777917650973365,0,0,0,802,D_pmar=0.054_dist=500_repair_6_males=6_nmar=1,6,1
0,10,1000,0,68.49035648548102,285.3341822188042,6.2565813812963045,0,0,0,802,D_pmar=0.054_dist=500_repair_6_males=6_nmar=1,6,1
0,11,1000,500,72.60563123995296,257.3893363625511,30.311597663110067,0,0,0,802,D_pmar=0.054_dist=500_repair_6_males=6_nmar=1,6,1
0,6,0,0,77.0609825757307,277.0687204099344,6.012423288928447,0,0,0,803,D_pmar=0.054_dist=500_repair_6_males=6_nmar=1,6,1
0,5,0,500,72.7977306592354,269.1757950741518,18.248426933221342,0,0,0,803,D_pmar=0.054_dist=500_repair_6_males=6_nmar=1,6,1
0,10,500,0,69.25632663523537,272.3502008246956,18.465368955803136,0,0,0,803,D_pmar=0.054_dist=500_repair_6_males=6_nmar=1,6,1
0,17,500,500,74.0472290619251,279.884030145029,6.117169005943543,0,0,0,803,D_pmar=0.054_dist=500_repair_6_males=6_nmar=1,6,1
0,5,1000,0,69.18145067265209,254.2122320912836,36.67127497399093,0,0,0,803,D_pmar=0.054_dist=500_repair_6_males=6_nmar=1,6,1
0.054,11,1000,500,70.74416115529652,285.2551759315097,0,14,1.4,2.783676712868964,803,D_pmar=0.054_dist=500_repair_6_males=6_nmar=1,6,1
0,9,0,0,71.43095663516236,264.2137267283451,24.533849530210865,0,0,0,804,D_pmar=0.054_dist=500_repair_6_males=6_nmar=1,6,1
0,5,0,500,70.31872811239528,240.84844403381427,48.848971426759874,0,0,0,804,D_pmar=0.054_dist=500_repair_6_males=6_nmar=1,6,1
0,11,500,0,69.10797737670197,235.79514130274805,55.23171680698042,0,0,0,804,D_pmar=0.054_dist=500_repair_6_males=6_nmar=1,6,1
0.054,4,500,500,72.68471787325181,282.12390328899136,0,27,2.700000000000001,2.6567026069838113,804,D_pmar=0.054_dist=500_repair_6_males=6_nmar=1,6,1
0,14,1000,0,68.61562958301997,267.0612907729215,24.538332387217103,0,0,0,804,D_pmar=0.054_dist=500_repair_6_males=6_nmar=1,6,1
0,11,1000,500,67.04507023530233,280.8459742966793,12.201092042183934,0,0,0,804,D_pmar=0.054_dist=500_repair_6_males=6_nmar=1,6,1
0,11,0,0,67.62676165359026,286.487793606457,6.05982980730501,0,0,0,805,D_pmar=0.054_dist=500_repair_6_males=6_nmar=1,6,1
0,6,0,500,71.68855088140941,257.8218520585591,30.630742822027663,0,0,0,805,D_pmar=0.054_dist=500_repair_6_males=6_nmar=1,6,1
0,6,500,0,72.11171504694076,269.7208620278577,18.368671413161454,0,0,0,805,D_pmar=0.054_dist=500_repair_6_males=6_nmar=1,6,1
0,14,500,500,73.43523790710661,256.33227093209297,30.60863874078919,0,0,0,805,D_pmar=0.054_dist=500_repair_6_males=6_nmar=1,6,1
0,7,1000,0,75.82130014781815,253.766621128278,30.53160373718846,0,0,0,805,D_pmar=0.054_dist=500_repair_6_males=6_nmar=1,6,1
0.054,10,1000,500,68.40477252918232,287.4967184978955,0,19,1.9000000000000008,2.224830980838151,805,D_pmar=0.054_dist=500_repair_6_males=6_nmar=1,6,1
0,8,0,0,69.89736380359624,290.3529236978818,0,0,0,0,806,D_pmar=0.054_dist=500_repair_6_males=6_nmar=1,6,1
0,7,0,500,67.66983423587895,280.2696227991852,12.07527138308573,0,0,0,806,D_pmar=0.054_dist=500_repair_6_males=6_nmar=1,6,1
0,10,500,0,68.6133279580077,254.7214873623099,36.66616448889663,0,0,0,806,D_pmar=0.054_dist=500_repair_6_males=6_nmar=1,6,1
0.054,9,500,500,73.37952723020506,281.93218095257237,0,19,1.9000000000000008,2.7995630902072803,806,D_pmar=0.054_dist=500_repair_6_males=6_nmar=1,6,1
0,10,1000,0,76.1041406010771,259.6952770178442,24.327770425069534,0,0,0,806,D_pmar=0.054_dist=500_repair_6_males=6_nmar=1,6,1
0,10,1000,500,69.35379831293588,248.15798876501975,42.645002424267545,0,0,0,806,D_pmar=0.054_dist=500_repair_6_males=6_nmar=1,6,1
0.054,8,0,0,72.26026861071144,283.0002640275307,0,20,2.0000000000000004,2.986393363630093,807,D_pmar=0.054_dist=500_repair_6_males=6_nmar=1,6,1
0,6,0,500,67.88605351519888,256.01242225058314,36.26051522249245,0,0,0,807,D_pmar=0.054_dist=500_repair_6_males=6_nmar=1,6,1
0,13,500,0,69.1228853225338,266.41571890514234,24.540001347514373,0,0,0,807,D_pmar=0.054_dist=500_repair_6_males=6_nmar=1,6,1
0,15,500,500,71.34464341480533,282.4298612156116,6.270042789409285,0,0,0,807,D_pmar=0.054_dist=500_repair_6_males=6_nmar=1,6,1
0,6,1000,0,69.1062625141904,260.69308854466,30.317208861949137,0,0,0,807,D_pmar=0.054_dist=500_repair_6_males=6_nmar=1,6,1
0,6,1000,500,67.83587607283891,267.7904481724325,24.55013160301014,0,0,0,807,D_pmar=0.054_dist=500_repair_6_males=6_nmar=1,6,1
0.054,8,0,0,69.64690532936625,285.7857152282338,0,21,2.1000000000000005,2.58561307430174,808,D_pmar=0.054_dist=500_repair_6_males=6_nmar=1,6,1
0,8,0,500,74.28901052688067,243.4139388997279,42.454010085041446,0,0,0,808,D_pmar=0.054_dist=500_repair_6_males=6_nmar=1,6,1
0,7,500,0,68.1699293071445,261.2725200942284,30.645926433133564,0,0,0,808,D_pmar=0.054_dist=500_repair_6_males=6_nmar=1,6,1
0,10,500,500,73.09847911376866,268.8907614770108,18.12189839847066,0,0,0,808,D_pmar=0.054_dist=500_repair_6_males=6_nmar=1,6,1
0,12,1000,0,71.4843191833852,264.2398971207215,24.32373059974344,0,0,0,808,D_pmar=0.054_dist=500_repair_6_males=6_nmar=1,6,1
0,9,1000,500,71.54199179449549,276.4345871593488,12.26671522491748,0,0,0,808,D_pmar=0.054_dist=500_repair_6_males=6_nmar=1,6,1
0,8,0,0,71.20591650928175,264.7822893889326,24.231516836782927,0,0,0,809,D_pmar=0.054_dist=500_repair_6_males=6_nmar=1,6,1
0,12,0,500,70.38872093114227,289.77832551020555,0,0,0,0,809,D_pmar=0.054_dist=500_repair_6_males=6_nmar=1,6,1
0,8,500,0,69.37167016391372,247.8265438335871,42.84454904878407,0,0,0,809,D_pmar=0.054_dist=500_repair_6_males=6_nmar=1,6,1
0,7,500,500,72.56039040755347,281.6213159469357,6.0023004629174,0,0,0,809,D_pmar=0.054_dist=500_repair_6_males=6_nmar=1,6,1
0.054,10,1000,0,74.70808365828762,281.5326882481843,0,16,1.6000000000000003,2.2694821888968213,809,D_pmar=0.054_dist=500_repair_6_males=6_nmar=1,6,1
0,9,1000,500,68.58045170768929,266.85974464592005,24.582968227023994,0,0,0,809,D_pmar=0.054_dist=500_repair_6_males=6_nmar=1,6,1
0,5,0,0,71.72404000632193,270.1684535498108,18.279468584886725,0,0,0,80,D_pmar=0.054_dist=500_repair_6_males=6_nmar=1,6,1
0,6,0,500,69.2706449873164,278.56977152351914,12.215948576163251,0,0,0,80,D_pmar=0.054_dist=500_repair_6_males=6_nmar=1,6,1
0,11,500,0,69.20728579090122,252.0078403750617,38.86705593526618,0,0,0,80,D_pmar=0.054_dist=500_repair_6_males=6_nmar=1,6,1
0,11,500,500,72.9163186763434,262.9557465952689,24.25765490840244,0,0,0,80,D_pmar=0.054_dist=500_repair_6_males=6_nmar=1,6,1
0.054,13,1000,0,71.31481293342927,284.04257558558027,0,22,2.2000000000000006,2.618349499356673,80,D_pmar=0.054_dist=500_repair_6_males=6_nmar=1,6,1
0,8,1000,500,68.71555890624673,255.5157948513049,35.94006952838143,0,0,0,80,D_pmar=0.054_dist=500_repair_6_males=6_nmar=1,6,1
0.054,6,0,0,64.58135809621365,291.5036349699336,0,16,1.6000000000000003,2.3964562947819745,810,D_pmar=0.054_dist=500_repair_6_males=6_nmar=1,6,1
0,9,0,500,69.46301939152893,278.52441181411206,12.091431252149867,0,0,0,810,D_pmar=0.054_dist=500_repair_6_males=6_nmar=1,6,1
0,12,500,0,70.11888261765681,274.13481949839405,15.81024328777688,0,0,0,810,D_pmar=0.054_dist=500_repair_6_males=6_nmar=1,6,1
0,6,500,500,71.61788069340936,270.1606324373867,18.317958471733984,0,0,0,810,D_pmar=0.054_dist=500_repair_6_males=6_nmar=1,6,1
0,8,1000,0,67.40439292897845,260.9926450061397,31.798088157249506,0,0,0,810,D_pmar=0.054_dist=500_repair_6_males=6_nmar=1,6,1
0,13,1000,500,72.42810448150117,275.4699758549484,12.22723561071089,0,0,0,810,D_pmar=0.054_dist=500_repair_6_males=6_nmar=1,6,1
0,10,0,0,70.95902693228402,252.77169086908987,36.487950880675236,0,0,0,811,D_pmar=0.054_dist=500_repair_6_males=6_nmar=1,6,1
0,8,0,500,68.14237918934693,285.72898470263164,6.259082209877161,0,0,0,811,D_pmar=0.054_dist=500_repair_6_males=6_nmar=1,6,1
0,10,500,0,72.78297750777793,250.34479870312416,36.89435381681055,0,0,0,811,D_pmar=0.054_dist=500_repair_6_males=6_nmar=1,6,1
0,6,500,500,71.63652595241453,276.4356059285359,12.033105799275816,0,0,0,811,D_pmar=0.054_dist=500_repair_6_males=6_nmar=1,6,1
0.054,9,1000,0,67.38267527360475,288.3316059885583,0,21,2.1000000000000005,2.200037744452376,811,D_pmar=0.054_dist=500_repair_6_males=6_nmar=1,6,1
0,11,1000,500,73.31356524221451,250.16573116860624,36.66043555975369,0,0,0,811,D_pmar=0.054_dist=500_repair_6_males=6_nmar=1,6,1
0,9,0,0,72.99019368288641,280.9679157444963,6.059344724218336,0,0,0,812,D_pmar=0.054_dist=500_repair_6_males=6_nmar=1,6,1
0,7,0,500,73.57998035397769,225.2601915595344,61.312819080357414,0,0,0,812,D_pmar=0.054_dist=500_repair_6_males=6_nmar=1,6,1
0,16,500,0,73.52992591233641,280.4711538003796,6.097240379772207,0,0,0,812,D_pmar=0.054_dist=500_repair_6_males=6_nmar=1,6,1
0,3,500,500,71.15661379558482,257.9992441740152,30.941183622419867,0,0,0,812,D_pmar=0.054_dist=500_repair_6_males=6_nmar=1,6,1
0,9,1000,0,72.58960515594545,263.13946527841193,24.542799182616804,0,0,0,812,D_pmar=0.054_dist=500_repair_6_males=6_nmar=1,6,1
0.054,10,1000,500,73.48528404163056,282.2317800862208,0,21,2.1000000000000005,2.287013654472764,812,D_pmar=0.054_dist=500_repair_6_males=6_nmar=1,6,1
0,8,0,0,73.79792239628266,286.33746254821597,0,0,0,0,813,D_pmar=0.054_dist=500_repair_6_males=6_nmar=1,6,1
0,11,0,500,68.16925147831239,285.79572253173177,6.0590311786639015,0,0,0,813,D_pmar=0.054_dist=500_repair_6_males=6_nmar=1,6,1
0,9,500,0,69.38992212652899,266.11923998158034,24.658595195235364,0,0,0,813,D_pmar=0.054_dist=500_repair_6_males=6_nmar=1,6,1
0,9,500,500,73.93412659132466,267.5827085013617,18.589204070948472,0,0,0,813,D_pmar=0.054_dist=500_repair_6_males=6_nmar=1,6,1
0,5,1000,0,71.48642044507639,270.00266229331805,18.524908122532675,0,0,0,813,D_pmar=0.054_dist=500_repair_6_males=6_nmar=1,6,1
0.054,12,1000,500,72.9706319548877,283.95804726130865,0,11,1.1,2.115388340528941,813,D_pmar=0.054_dist=500_repair_6_males=6_nmar=1,6,1
0,7,0,0,69.17135994498655,272.7011323746931,18.232797783331268,0,0,0,814,D_pmar=0.054_dist=500_repair_6_males=6_nmar=1,6,1
0.054,6,0,500,73.15778470316604,281.8001482763708,0,24,2.400000000000001,2.8690075346517254,814,D_pmar=0.054_dist=500_repair_6_males=6_nmar=1,6,1
0,11,500,0,72.15796377141933,275.6385597998414,12.294537544733153,0,0,0,814,D_pmar=0.054_dist=500_repair_6_males=6_nmar=1,6,1
0,10,500,500,69.10503137453166,248.22374643093883,42.78655181066007,0,0,0,814,D_pmar=0.054_dist=500_repair_6_males=6_nmar=1,6,1
0,13,1000,0,74.46558523200095,267.21791731408473,18.37481222593028,0,0,0,814,D_pmar=0.054_dist=500_repair_6_males=6_nmar=1,6,1
0,7,1000,500,73.43657329157533,236.25536659168415,50.3181449873421,0,0,0,814,D_pmar=0.054_dist=500_repair_6_males=6_nmar=1,6,1
0,12,0,0,71.37860621206165,258.2202533730448,30.617162033090587,0,0,0,815,D_pmar=0.054_dist=500_repair_6_males=6_nmar=1,6,1
0.054,11,0,500,71.03158538185599,284.03365672457966,0,24,2.400000000000001,2.612051398925141,815,D_pmar=0.054_dist=500_repair_6_males=6_nmar=1,6,1
0,6,500,0,72.80681892577246,250.5238033651312,36.70686874361874,0,0,0,815,D_pmar=0.054_dist=500_repair_6_males=6_nmar=1,6,1
0,9,500,500,69.45035927875234,278.43643775452944,12.228332505097098,0,0,0,815,D_pmar=0.054_dist=500_repair_6_males=6_nmar=1,6,1
0,8,1000,0,70.4470766400881,253.0182398225581,36.671808245407206,0,0,0,815,D_pmar=0.054_dist=500_repair_6_males=6_nmar=1,6,1
0,8,1000,500,73.78513086986104,255.94851223126977,30.467640485093188,0,0,0,815,D_pmar=0.054_dist=500_repair_6_males=6_nmar=1,6,1
0.054,10,0,0,68.22502788814232,288.0834501567533,0,17,1.7000000000000004,2.0978568749529978,816,D_pmar=0.054_dist=500_repair_6_males=6_nmar=1,6,1
0,6,0,500,70.71596240271109,277.12966349357646,12.273024293024465,0,0,0,816,D_pmar=0.054_dist=500_repair_6_males=6_nmar=1,6,1
0,9,500,0,67.690323808381,256.01353804077775,36.35367869016445,0,0,0,816,D_pmar=0.054_dist=500_repair_6_males=6_nmar=1,6,1
0,15,500,500,67.12976101641051,280.83368712945526,12.207330591385228,0,0,0,816,D_pmar=0.054_dist=500_repair_6_males=6_nmar=1,6,1
0,4,1000,0,72.72248850026739,262.6547101227967,24.702106508937185,0,0,0,816,D_pmar=0.054_dist=500_repair_6_males=6_nmar=1,6,1
0,10,1000,500,74.38292243597279,267.4620063053728,18.251124232585116,0,0,0,816,D_pmar=0.054_dist=500_repair_6_males=6_nmar=1,6,1
0,10,0,0,70.93033248763844,289.182586817764,0,0,0,0,817,D_pmar=0.054_dist=500_repair_6_males=6_nmar=1,6,1
0,7,0,500,72.03058712389115,276.0312874959305,12.164774155753395,0,0,0,817,D_pmar=0.054_dist=500_repair_6_males=6_nmar=1,6,1
0,7,500,0,69.63151969511092,241.87519180800612,48.5864966179789,0,0,0,817,D_pmar=0.054_dist=500_repair_6_males=6_nmar=1,6,1
0.054,9,500,500,67.28752098353132,288.86467686756345,0,14,1.4,2.4546673740820077,817,D_pmar=0.054_dist=500_repair_6_males=6_nmar=1,6,1
0,9,1000,0,72.96888792966219,281.11276424835984,6.0968117487025815,0,0,0,817,D_pmar=0.054_dist=500_repair_6_males=6_nmar=1,6,1
0,12,1000,500,71.21752262234055,270.3832243672158,18.642497140317765,0,0,0,817,D_pmar=0.054_dist=500_repair_6_males=6_nmar=1,6,1
0,4,0,0,67.66800516422857,279.91982374977874,12.418287548812472,0,0,0,818,D_pmar=0.054_dist=500_repair_6_males=6_nmar=1,6,1
0,14,0,500,68.7363041766477,273.05551659527947,18.212247132219925,0,0,0,818,D_pmar=0.054_dist=500_repair_6_males=6_nmar=1,6,1
0,11,500,0,73.54662217535888,274.194199543806,12.425045257703928,0,0,0,818,D_pmar=0.054_dist=500_repair_6_males=6_nmar=1,6,1
0,10,500,500,73.27697533730812,256.4870354532114,30.424266803376455,0,0,0,818,D_pmar=0.054_dist=500_repair_6_males=6_nmar=1,6,1
0,8,1000,0,64.11022552519665,277.8565810988595,18.218879760054083,0,0,0,818,D_pmar=0.054_dist=500_repair_6_males=6_nmar=1,6,1
0.054,7,1000,500,70.43003098797617,286.0514899005185,0,15,1.5000000000000002,2.2807155540412323,818,D_pmar=0.054_dist=500_repair_6_males=6_nmar=1,6,1
0,6,0,0,71.29461049982298,270.4270901159627,18.288070847470635,0,0,0,819,D_pmar=0.054_dist=500_repair_6_males=6_nmar=1,6,1
0,11,0,500,69.9932157469908,284.007337331195,6.080346184151776,0,0,0,819,D_pmar=0.054_dist=500_repair_6_males=6_nmar=1,6,1
0,7,500,0,73.55093941033162,256.04359362846327,30.53174150206337,0,0,0,819,D_pmar=0.054_dist=500_repair_6_males=6_nmar=1,6,1
0,4,500,500,70.09386216487708,278.04200190324804,12.101053289366805,0,0,0,819,D_pmar=0.054_dist=500_repair_6_males=6_nmar=1,6,1
0.054,12,1000,0,69.32313472065984,287.07609172759294,0,15,1.5000000000000002,2.404399483451132,819,D_pmar=0.054_dist=500_repair_6_males=6_nmar=1,6,1
0,14,1000,500,69.78165328756928,271.941619342956,18.32539369112417,0,0,0,819,D_pmar=0.054_dist=500_repair_6_males=6_nmar=1,6,1
0,12,0,0,69.52246354784037,265.9196071117031,24.606331666990428,0,0,0,81,D_pmar=0.054_dist=500_repair_6_males=6_nmar=1,6,1
0,9,0,500,70.7172467776192,270.75954033241027,18.625055510823607,0,0,0,81,D_pmar=0.054_dist=500_repair_6_males=6_nmar=1,6,1
0.054,9,500,0,70.54570684906865,284.30386279123593,0,23,2.3000000000000007,2.97283349238873,81,D_pmar=0.054_dist=500_repair_6_males=6_nmar=1,6,1
0,7,500,500,72.09013143561123,232.2292845980154,55.96442561983306,0,0,0,81,D_pmar=0.054_dist=500_repair_6_males=6_nmar=1,6,1
0,10,1000,0,70.23763444912363,271.5665919270416,18.27394799984862,0,0,0,81,D_pmar=0.054_dist=500_repair_6_males=6_nmar=1,6,1
0,7,1000,500,69.23979596417301,272.489102316479,18.45413854978346,0,0,0,81,D_pmar=0.054_dist=500_repair_6_males=6_nmar=1,6,1
0,8,0,0,71.63378602370902,264.19183358072013,24.203914560797948,0,0,0,820,D_pmar=0.054_dist=500_repair_6_males=6_nmar=1,6,1
0.054,8,0,500,70.80193468050079,285.4735254877728,0,16,1.6000000000000003,2.155386536393706,820,D_pmar=0.054_dist=500_repair_6_males=6_nmar=1,6,1
0,11,500,0,70.99719664240016,270.6917934372531,18.3928695055489,0,0,0,820,D_pmar=0.054_dist=500_repair_6_males=6_nmar=1,6,1
0,9,500,500,70.23322742337456,277.5932625954273,12.20965624800395,0,0,0,820,D_pmar=0.054_dist=500_repair_6_males=6_nmar=1,6,1
0,10,1000,0,71.74606704220514,282.1577753764699,6.122372528553365,0,0,0,820,D_pmar=0.054_dist=500_repair_6_males=6_nmar=1,6,1
0,8,1000,500,70.54831052505813,253.35559897334448,36.49212900335512,0,0,0,820,D_pmar=0.054_dist=500_repair_6_males=6_nmar=1,6,1
0,6,0,0,70.15992513194867,265.43759141625486,24.45442565431078,0,0,0,821,D_pmar=0.054_dist=500_repair_6_males=6_nmar=1,6,1
0.054,9,0,500,70.58420267425198,284.6331135185863,0,22,2.2000000000000006,2.7876483072035425,821,D_pmar=0.054_dist=500_repair_6_males=6_nmar=1,6,1
0,9,500,0,70.98928579856732,264.90959423285625,24.368586446928813,0,0,0,821,D_pmar=0.054_dist=500_repair_6_males=6_nmar=1,6,1
0,12,500,500,69.40003581381924,247.69391149167075,43.12475281620285,0,0,0,821,D_pmar=0.054_dist=500_repair_6_males=6_nmar=1,6,1
0,8,1000,0,68.9180298979107,279.07012242233196,12.1276442079322,0,0,0,821,D_pmar=0.054_dist=500_repair_6_males=6_nmar=1,6,1
0,10,1000,500,69.1793662395808,260.13156633655194,30.775600513502503,0,0,0,821,D_pmar=0.054_dist=500_repair_6_males=6_nmar=1,6,1
0,10,0,0,68.27497603308386,273.3522959037359,18.37712124913322,0,0,0,822,D_pmar=0.054_dist=500_repair_6_males=6_nmar=1,6,1
0,5,0,500,69.11103159999293,266.5191866246925,24.448650735401664,0,0,0,822,D_pmar=0.054_dist=500_repair_6_males=6_nmar=1,6,1
0,11,500,0,71.58408908070551,269.8499266815625,18.66748202495192,0,0,0,822,D_pmar=0.054_dist=500_repair_6_males=6_nmar=1,6,1
0.054,11,500,500,71.28010645340345,284.60899995798496,0,16,1.6000000000000003,2.531373589336285,822,D_pmar=0.054_dist=500_repair_6_males=6_nmar=1,6,1
0,6,1000,0,72.29773569184299,275.7201303063313,12.080309576130322,0,0,0,822,D_pmar=0.054_dist=500_repair_6_males=6_nmar=1,6,1
0,11,1000,500,71.33465417611883,264.3665959114569,24.502879151695627,0,0,0,822,D_pmar=0.054_dist=500_repair_6_males=6_nmar=1,6,1
0,11,0,0,71.08386521498053,270.73817732605903,18.276783761766847,0,0,0,823,D_pmar=0.054_dist=500_repair_6_males=6_nmar=1,6,1
0.054,10,0,500,70.60201515079547,285.67298681857307,0,14,1.4,2.4635742331294668,823,D_pmar=0.054_dist=500_repair_6_males=6_nmar=1,6,1
0,11,500,0,70.07415918430466,265.79678349663806,24.25394998283165,0,0,0,823,D_pmar=0.054_dist=500_repair_6_males=6_nmar=1,6,1
0,6,500,500,70.75817108865317,264.6848670419606,24.637742123187937,0,0,0,823,D_pmar=0.054_dist=500_repair_6_males=6_nmar=1,6,1
0,9,1000,0,72.1876678509269,281.839952479598,6.020267859331334,0,0,0,823,D_pmar=0.054_dist=500_repair_6_males=6_nmar=1,6,1
0,7,1000,500,73.59386367920418,274.45022437937683,12.278816087862069,0,0,0,823,D_pmar=0.054_dist=500_repair_6_males=6_nmar=1,6,1
0,8,0,0,70.11114214422807,258.93071462916123,30.991705542408848,0,0,0,824,D_pmar=0.054_dist=500_repair_6_males=6_nmar=1,6,1
0.054,10,0,500,70.68827642967666,285.20067841151575,0,17,1.7000000000000004,2.614377905022094,824,D_pmar=0.054_dist=500_repair_6_males=6_nmar=1,6,1
0,8,500,0,73.15327662869812,274.6109541643066,12.357786089278818,0,0,0,824,D_pmar=0.054_dist=500_repair_6_males=6_nmar=1,6,1
0,10,500,500,71.30946502490657,252.04581355987364,36.734743223031856,0,0,0,824,D_pmar=0.054_dist=500_repair_6_males=6_nmar=1,6,1
0,10,1000,0,71.33609179735274,282.76299719317774,6.039135547530271,0,0,0,824,D_pmar=0.054_dist=500_repair_6_males=6_nmar=1,6,1
0,8,1000,500,67.23846309810054,274.5859220831879,18.267700761805827,0,0,0,824,D_pmar=0.054_dist=500_repair_6_males=6_nmar=1,6,1
0,9,0,0,69.90095274011696,277.8497944899795,12.25029158271652,0,0,0,825,D_pmar=0.054_dist=500_repair_6_males=6_nmar=1,6,1
0,9,0,500,71.21897821064017,258.3512799784902,30.467161407508172,0,0,0,825,D_pmar=0.054_dist=500_repair_6_males=6_nmar=1,6,1
0,11,500,0,71.63402875687328,276.2918032492817,12.213460615197675,0,0,0,825,D_pmar=0.054_dist=500_repair_6_males=6_nmar=1,6,1
0,15,500,500,74.59426513201724,255.26193051374892,30.245316858167936,0,0,0,825,D_pmar=0.054_dist=500_repair_6_males=6_nmar=1,6,1
0,6,1000,0,71.73646468390648,257.7427936938088,30.530608078472916,0,0,0,825,D_pmar=0.054_dist=500_repair_6_males=6_nmar=1,6,1
0.054,4,1000,500,70.06195025088394,285.81616012863265,0,19,1.9000000000000008,2.355776681057882,825,D_pmar=0.054_dist=500_repair_6_males=6_nmar=1,6,1
0,7,0,0,72.84522295718422,287.1548391692484,0,0,0,0,826,D_pmar=0.054_dist=500_repair_6_males=6_nmar=1,6,1
0.054,5,0,500,71.82122048971148,283.8636247073764,0,17,1.7000000000000004,2.639171141407868,826,D_pmar=0.054_dist=500_repair_6_males=6_nmar=1,6,1
0,9,500,0,70.97056363766626,264.8290320178585,24.37997438799218,0,0,0,826,D_pmar=0.054_dist=500_repair_6_males=6_nmar=1,6,1
0,15,500,500,68.07409236054967,255.56065316074324,36.63215999929277,0,0,0,826,D_pmar=0.054_dist=500_repair_6_males=6_nmar=1,6,1
0,7,1000,0,66.1493541436512,275.69255700648216,18.222503706393635,0,0,0,826,D_pmar=0.054_dist=500_repair_6_males=6_nmar=1,6,1
0,11,1000,500,69.6505148577042,266.2556510034997,24.24605140975563,0,0,0,826,D_pmar=0.054_dist=500_repair_6_males=6_nmar=1,6,1
0,4,0,0,69.13291678840204,248.00571914128776,42.97431580647365,0,0,0,827,D_pmar=0.054_dist=500_repair_6_males=6_nmar=1,6,1
0.054,8,0,500,71.65386897218578,284.0752177197823,0,21,2.1000000000000005,2.5680816087257967,827,D_pmar=0.054_dist=500_repair_6_males=6_nmar=1,6,1
0,8,500,0,72.28735932216549,263.2458287023815,24.587248702964416,0,0,0,827,D_pmar=0.054_dist=500_repair_6_males=6_nmar=1,6,1
0,7,500,500,69.79112067035342,253.6333694678606,36.656982903842554,0,0,0,827,D_pmar=0.054_dist=500_repair_6_males=6_nmar=1,6,1
0,16,1000,0,72.50917186864685,275.47172165783024,12.120045962897304,0,0,0,827,D_pmar=0.054_dist=500_repair_6_males=6_nmar=1,6,1
0,11,1000,500,72.67118272960315,275.146230620028,12.225641200079274,0,0,0,827,D_pmar=0.054_dist=500_repair_6_males=6_nmar=1,6,1
0.054,9,0,0,70.2413090945519,285.77147872495834,0,15,1.5000000000000002,2.5776698856325817,828,D_pmar=0.054_dist=500_repair_6_males=6_nmar=1,6,1
0,9,0,500,67.17771052013285,262.2493175244111,30.62343288346039,0,0,0,828,D_pmar=0.054_dist=500_repair_6_males=6_nmar=1,6,1
0,4,500,0,72.36633069711043,265.16536393029577,22.515543306644496,0,0,0,828,D_pmar=0.054_dist=500_repair_6_males=6_nmar=1,6,1
0,12,500,500,72.01799931772534,282.0506207344473,6.1348111661601,0,0,0,828,D_pmar=0.054_dist=500_repair_6_males=6_nmar=1,6,1
0,7,1000,0,69.8948456759051,277.9716250028763,12.26428572218212,0,0,0,828,D_pmar=0.054_dist=500_repair_6_males=6_nmar=1,6,1
0,13,1000,500,72.77444044484227,268.99157350517606,18.26096820188905,0,0,0,828,D_pmar=0.054_dist=500_repair_6_males=6_nmar=1,6,1
0,4,0,0,75.60268085946879,260.3430824815658,24.114183656360677,0,0,0,829,D_pmar=0.054_dist=500_repair_6_males=6_nmar=1,6,1
0,12,0,500,70.9098014842821,246.51979199900472,42.70086763917213,0,0,0,829,D_pmar=0.054_dist=500_repair_6_males=6_nmar=1,6,1
0,8,500,0,68.35736972511452,266.9634272373413,24.731316941604447,0,0,0,829,D_pmar=0.054_dist=500_repair_6_males=6_nmar=1,6,1
0.054,10,500,500,68.52234352942689,286.91063653392956,0,22,2.2000000000000006,2.457957550557261,829,D_pmar=0.054_dist=500_repair_6_males=6_nmar=1,6,1
0,11,1000,0,71.51087881675238,276.48898530493256,12.0260383371234,0,0,0,829,D_pmar=0.054_dist=500_repair_6_males=6_nmar=1,6,1
0,9,1000,500,69.15103631157955,260.29397063842094,30.67164570968422,0,0,0,829,D_pmar=0.054_dist=500_repair_6_males=6_nmar=1,6,1
0,15,0,0,73.3131428821061,244.48866667362304,42.40768054570491,0,0,0,82,D_pmar=0.054_dist=500_repair_6_males=6_nmar=1,6,1
0.054,9,0,500,70.68253005723584,284.9327965887211,0,22,2.2000000000000006,2.3207137499059978,82,D_pmar=0.054_dist=500_repair_6_males=6_nmar=1,6,1
0,9,500,0,67.07915015342455,274.71590017397347,18.24260254918916,0,0,0,82,D_pmar=0.054_dist=500_repair_6_males=6_nmar=1,6,1
0,9,500,500,69.31851878157596,278.5302794440617,12.250117079110934,0,0,0,82,D_pmar=0.054_dist=500_repair_6_males=6_nmar=1,6,1
0,6,1000,0,69.77758974373417,259.9817185655689,30.356932728049888,0,0,0,82,D_pmar=0.054_dist=500_repair_6_males=6_nmar=1,6,1
0,6,1000,500,69.74659498191447,260.24105398307336,30.30551287274092,0,0,0,82,D_pmar=0.054_dist=500_repair_6_males=6_nmar=1,6,1
0.054,12,0,0,69.70540395783314,286.48784150109344,0,17,1.7000000000000004,2.2440075346517205,830,D_pmar=0.054_dist=500_repair_6_males=6_nmar=1,6,1
0,8,0,500,67.7047308411581,267.5310156425301,24.77159979240892,0,0,0,830,D_pmar=0.054_dist=500_repair_6_males=6_nmar=1,6,1
0,5,500,0,67.70023107584852,249.4948558859384,42.83642648638771,0,0,0,830,D_pmar=0.054_dist=500_repair_6_males=6_nmar=1,6,1
0,5,500,500,72.53741881405126,275.2000869139458,12.273021638513985,0,0,0,830,D_pmar=0.054_dist=500_repair_6_males=6_nmar=1,6,1
0,13,1000,0,69.53883274765808,278.2724103935748,12.386846532671385,0,0,0,830,D_pmar=0.054_dist=500_repair_6_males=6_nmar=1,6,1
0,11,1000,500,69.22889222873019,284.70410857279563,6.150785000057144,0,0,0,830,D_pmar=0.054_dist=500_repair_6_males=6_nmar=1,6,1
0,10,0,0,71.85211968196897,266.12071753633455,22.066061710157,0,0,0,831,D_pmar=0.054_dist=500_repair_6_males=6_nmar=1,6,1
0.054,10,0,500,70.20441297218882,285.53345908728943,0,16,1.6000000000000003,2.7916199015381227,831,D_pmar=0.054_dist=500_repair_6_males=6_nmar=1,6,1
0,11,500,0,71.3900374513483,264.25579051040313,24.42999080136952,0,0,0,831,D_pmar=0.054_dist=500_repair_6_males=6_nmar=1,6,1
0,6,500,500,73.06753417159338,262.62086472542865,24.35280418767351,0,0,0,831,D_pmar=0.054_dist=500_repair_6_males=6_nmar=1,6,1
0,8,1000,0,72.33893826174605,275.5010086671984,12.224121903964726,0,0,0,831,D_pmar=0.054_dist=500_repair_6_males=6_nmar=1,6,1
0,9,1000,500,69.24839057048905,278.7431982570278,12.161947759531603,0,0,0,831,D_pmar=0.054_dist=500_repair_6_males=6_nmar=1,6,1
0,13,0,0,70.78974362313481,258.6964688922934,30.56553520360934,0,0,0,832,D_pmar=0.054_dist=500_repair_6_males=6_nmar=1,6,1
0,9,0,500,70.5621358698003,252.7086212758984,36.8403543101865,0,0,0,832,D_pmar=0.054_dist=500_repair_6_males=6_nmar=1,6,1
0.054,8,500,0,72.21294347774737,283.9829148440187,0,17,1.7000000000000004,2.136209982580137,832,D_pmar=0.054_dist=500_repair_6_males=6_nmar=1,6,1
0,3,500,500,75.29540207554032,266.3798589714547,18.46914813090476,0,0,0,832,D_pmar=0.054_dist=500_repair_6_males=6_nmar=1,6,1
0,8,1000,0,67.53005023381594,280.21503975588445,12.291343294109645,0,0,0,832,D_pmar=0.054_dist=500_repair_6_males=6_nmar=1,6,1
0,13,1000,500,74.29566464086497,279.594141398726,6.163400071483143,0,0,0,832,D_pmar=0.054_dist=500_repair_6_males=6_nmar=1,6,1
0,7,0,0,70.65601905384456,259.00689903270904,30.38480066778574,0,0,0,833,D_pmar=0.054_dist=500_repair_6_males=6_nmar=1,6,1
0,7,0,500,69.80601343742268,272.01999342165755,18.253641820867685,0,0,0,833,D_pmar=0.054_dist=500_repair_6_males=6_nmar=1,6,1
0.054,9,500,0,68.3861424681961,286.517261373969,0,21,2.1000000000000005,3.030363153829438,833,D_pmar=0.054_dist=500_repair_6_males=6_nmar=1,6,1
0,9,500,500,69.23106300041819,248.48027731091975,42.563093587079216,0,0,0,833,D_pmar=0.054_dist=500_repair_6_males=6_nmar=1,6,1
0,12,1000,0,70.08400191377582,271.6918452315091,18.392855338466187,0,0,0,833,D_pmar=0.054_dist=500_repair_6_males=6_nmar=1,6,1
0,10,1000,500,67.0722591361106,274.80647096452896,18.198983306747675,0,0,0,833,D_pmar=0.054_dist=500_repair_6_males=6_nmar=1,6,1
0,6,0,0,72.60856972321251,263.0673668628744,24.388707460519736,0,0,0,834,D_pmar=0.054_dist=500_repair_6_males=6_nmar=1,6,1
0,10,0,500,70.70293477758052,271.25151701476614,18.173062259851665,0,0,0,834,D_pmar=0.054_dist=500_repair_6_males=6_nmar=1,6,1
0,3,500,0,72.84012169893528,262.8852596173354,24.352414789535636,0,0,0,834,D_pmar=0.054_dist=500_repair_6_males=6_nmar=1,6,1
0,9,500,500,66.25072098052519,238.2373045293757,55.54030577168177,0,0,0,834,D_pmar=0.054_dist=500_repair_6_males=6_nmar=1,6,1
0,15,1000,0,70.11769810941334,265.5684698460567,24.424088757126032,0,0,0,834,D_pmar=0.054_dist=500_repair_6_males=6_nmar=1,6,1
0.054,11,1000,500,72.17645734436192,283.23850027350306,0,24,2.400000000000001,2.299892107854802,834,D_pmar=0.054_dist=500_repair_6_males=6_nmar=1,6,1
0,6,0,0,73.91167818170078,261.7091505448414,24.58014492315712,0,0,0,835,D_pmar=0.054_dist=500_repair_6_males=6_nmar=1,6,1
0.054,13,0,500,73.09448755527193,282.5570395670793,0,19,1.9000000000000008,2.6024631220183565,835,D_pmar=0.054_dist=500_repair_6_males=6_nmar=1,6,1
0,9,500,0,70.23635094550887,277.6838202556304,12.092438745645836,0,0,0,835,D_pmar=0.054_dist=500_repair_6_males=6_nmar=1,6,1
0,10,500,500,74.2572914728749,255.5070050130447,30.37693592417521,0,0,0,835,D_pmar=0.054_dist=500_repair_6_males=6_nmar=1,6,1
0,7,1000,0,71.97992014060169,269.5300911798683,18.495060004620928,0,0,0,835,D_pmar=0.054_dist=500_repair_6_males=6_nmar=1,6,1
0,9,1000,500,71.5367435510226,258.036735187535,30.490042194686943,0,0,0,835,D_pmar=0.054_dist=500_repair_6_males=6_nmar=1,6,1
0,15,0,0,69.3005197420254,266.33604515029583,24.42085428194175,0,0,0,836,D_pmar=0.054_dist=500_repair_6_males=6_nmar=1,6,1
0,7,0,500,73.21703685067308,262.4709801786507,24.420975573599,0,0,0,836,D_pmar=0.054_dist=500_repair_6_males=6_nmar=1,6,1
0,5,500,0,67.55937702003911,286.4640173377039,6.046923311965162,0,0,0,836,D_pmar=0.054_dist=500_repair_6_males=6_nmar=1,6,1
0,8,500,500,75.26338039007983,278.76943101136294,6.001967158092788,0,0,0,836,D_pmar=0.054_dist=500_repair_6_males=6_nmar=1,6,1
0,12,1000,0,68.81597313656866,242.4556134828372,48.81595822568916,0,0,0,836,D_pmar=0.054_dist=500_repair_6_males=6_nmar=1,6,1
0.054,7,1000,500,68.61376453367704,287.3663692377583,0,18,1.8000000000000005,2.3055087904270075,836,D_pmar=0.054_dist=500_repair_6_males=6_nmar=1,6,1
0,9,0,0,70.13735699230415,271.5972410352412,18.440069333911342,0,0,0,837,D_pmar=0.054_dist=500_repair_6_males=6_nmar=1,6,1
0,12,0,500,70.9737473295386,283.01421965860766,6.084807279015963,0,0,0,837,D_pmar=0.054_dist=500_repair_6_males=6_nmar=1,6,1
0.054,7,500,0,72.7064416261612,284.5825821429213,0,7,0.7,2.1130618344319885,837,D_pmar=0.054_dist=500_repair_6_males=6_nmar=1,6,1
0,7,500,500,74.17214362936015,273.83519809517855,12.17626209391798,0,0,0,837,D_pmar=0.054_dist=500_repair_6_males=6_nmar=1,6,1
0,11,1000,0,71.24123781537818,282.74987260321274,6.048166012998123,0,0,0,837,D_pmar=0.054_dist=500_repair_6_males=6_nmar=1,6,1
0,8,1000,500,66.14457898782346,293.8580498459215,0,0,0,0,837,D_pmar=0.054_dist=500_repair_6_males=6_nmar=1,6,1
0,7,0,0,71.60829892217336,276.09633036298726,12.342656987426135,0,0,0,838,D_pmar=0.054_dist=500_repair_6_males=6_nmar=1,6,1
0,8,0,500,69.3982351769863,260.0553366511967,30.7955731937059,0,0,0,838,D_pmar=0.054_dist=500_repair_6_males=6_nmar=1,6,1
0,10,500,0,73.56020409154083,267.9000055818727,18.56289623292338,0,0,0,838,D_pmar=0.054_dist=500_repair_6_males=6_nmar=1,6,1
0.054,12,500,500,72.2077956406914,283.746964515528,0,16,1.6000000000000003,2.4969920760437256,838,D_pmar=0.054_dist=500_repair_6_males=6_nmar=1,6,1
0,9,1000,0,71.64066597054536,282.25480544049736,6.149726611353618,0,0,0,838,D_pmar=0.054_dist=500_repair_6_males=6_nmar=1,6,1
0,8,1000,500,72.56389244347238,257.1548962250912,30.409484323655533,0,0,0,838,D_pmar=0.054_dist=500_repair_6_males=6_nmar=1,6,1
0,9,0,0,72.4523130914924,250.97354735615508,36.59458047738614,0,0,0,839,D_pmar=0.054_dist=500_repair_6_males=6_nmar=1,6,1
0.054,11,0,500,70.06896048780874,285.38327010956425,0,22,2.2000000000000006,2.4196044429301224,839,D_pmar=0.054_dist=500_repair_6_males=6_nmar=1,6,1
0,8,500,0,69.39160402534407,272.30528347681525,18.35343064388099,0,0,0,839,D_pmar=0.054_dist=500_repair_6_males=6_nmar=1,6,1
0,5,500,500,69.988134378933,265.7761099485202,24.26916839380671,0,0,0,839,D_pmar=0.054_dist=500_repair_6_males=6_nmar=1,6,1
0,12,1000,0,74.45836409834055,267.48431820593186,18.252969143113553,0,0,0,839,D_pmar=0.054_dist=500_repair_6_males=6_nmar=1,6,1
0,9,1000,500,70.32786574119436,253.33446114661697,36.354477958553986,0,0,0,839,D_pmar=0.054_dist=500_repair_6_males=6_nmar=1,6,1
0,12,0,0,71.25156007584516,273.2755935937502,15.58420173064363,0,0,0,83,D_pmar=0.054_dist=500_repair_6_males=6_nmar=1,6,1
0,7,0,500,71.74478904928156,245.76578822345445,42.64868166950307,0,0,0,83,D_pmar=0.054_dist=500_repair_6_males=6_nmar=1,6,1
0,6,500,0,71.12308195736384,264.70644669668576,24.331339961629748,0,0,0,83,D_pmar=0.054_dist=500_repair_6_males=6_nmar=1,6,1
0.054,10,500,500,67.94699463128423,287.6528576670764,0,21,2.1000000000000005,2.4850772930399887,83,D_pmar=0.054_dist=500_repair_6_males=6_nmar=1,6,1
0,7,1000,0,71.6321647340098,282.12981161180693,6.26871601114431,0,0,0,83,D_pmar=0.054_dist=500_repair_6_males=6_nmar=1,6,1
0,12,1000,500,72.3330706286035,254.14513715040852,33.550576920963834,0,0,0,83,D_pmar=0.054_dist=500_repair_6_males=6_nmar=1,6,1
0,13,0,0,67.46956640405746,274.1880467314165,18.564179329462625,0,0,0,840,D_pmar=0.054_dist=500_repair_6_males=6_nmar=1,6,1
0,12,0,500,72.53506933976642,287.5256343092197,0,0,0,0,840,D_pmar=0.054_dist=500_repair_6_males=6_nmar=1,6,1
0.054,7,500,0,70.84357735003911,285.6412811913009,0,17,1.7000000000000004,1.943763026585118,840,D_pmar=0.054_dist=500_repair_6_males=6_nmar=1,6,1
0,11,500,500,72.45108465292934,263.20784308833436,24.50743661784075,0,0,0,840,D_pmar=0.054_dist=500_repair_6_males=6_nmar=1,6,1
0,3,1000,0,72.55723863820738,250.85980801287187,36.64390467523048,0,0,0,840,D_pmar=0.054_dist=500_repair_6_males=6_nmar=1,6,1
0,8,1000,500,73.47786119408968,262.1793406393174,24.521226392565712,0,0,0,840,D_pmar=0.054_dist=500_repair_6_males=6_nmar=1,6,1
0,5,0,0,70.62990562407263,277.2403008409009,12.13907533019304,0,0,0,841,D_pmar=0.054_dist=500_repair_6_males=6_nmar=1,6,1
0,8,0,500,71.06254099923423,276.92503716645535,12.0599808574119,0,0,0,841,D_pmar=0.054_dist=500_repair_6_males=6_nmar=1,6,1
0,12,500,0,71.60710962146095,270.1737364897974,18.304783387854716,0,0,0,841,D_pmar=0.054_dist=500_repair_6_males=6_nmar=1,6,1
0.054,9,500,500,74.21567521496317,282.69004412943036,0,11,1.1,2.0859420919492613,841,D_pmar=0.054_dist=500_repair_6_males=6_nmar=1,6,1
0,10,1000,0,75.46076488790098,278.5445694364051,6.077993726432574,0,0,0,841,D_pmar=0.054_dist=500_repair_6_males=6_nmar=1,6,1
0,10,1000,500,73.6743280995782,268.0338097969004,18.41673344569836,0,0,0,841,D_pmar=0.054_dist=500_repair_6_males=6_nmar=1,6,1
0,7,0,0,70.23873893787207,271.5746460101186,18.3798290325089,0,0,0,842,D_pmar=0.054_dist=500_repair_6_males=6_nmar=1,6,1
0,8,0,500,68.38961833631708,291.7021626254529,0,0,0,0,842,D_pmar=0.054_dist=500_repair_6_males=6_nmar=1,6,1
0.054,12,500,0,71.66249658027162,284.14795599442965,0,15,1.5000000000000002,2.734090240097415,842,D_pmar=0.054_dist=500_repair_6_males=6_nmar=1,6,1
0,8,500,500,71.93165166255005,269.8549492648513,18.371288527087017,0,0,0,842,D_pmar=0.054_dist=500_repair_6_males=6_nmar=1,6,1
0,9,1000,0,72.64870168199637,262.7785537098895,24.58162776253848,0,0,0,842,D_pmar=0.054_dist=500_repair_6_males=6_nmar=1,6,1
0,10,1000,500,74.23195363044832,255.34342820298141,30.513609257662296,0,0,0,842,D_pmar=0.054_dist=500_repair_6_males=6_nmar=1,6,1
0,4,0,0,70.60477993415799,265.0935927477592,24.36674299077355,0,0,0,843,D_pmar=0.054_dist=500_repair_6_males=6_nmar=1,6,1
0,9,0,500,70.3819405840296,271.6467115894966,18.261610190207072,0,0,0,843,D_pmar=0.054_dist=500_repair_6_males=6_nmar=1,6,1
0,9,500,0,74.19353942580572,273.78903990975755,12.147893791771684,0,0,0,843,D_pmar=0.054_dist=500_repair_6_males=6_nmar=1,6,1
0.054,11,500,500,70.14921192450903,286.80661752996946,0,14,1.4,1.8719920760437216,843,D_pmar=0.054_dist=500_repair_6_males=6_nmar=1,6,1
0,12,1000,0,68.4820209042607,279.18520350753283,12.344999379191286,0,0,0,843,D_pmar=0.054_dist=500_repair_6_males=6_nmar=1,6,1
0,9,1000,500,68.65341012132217,273.1015504806995,18.283580080032568,0,0,0,843,D_pmar=0.054_dist=500_repair_6_males=6_nmar=1,6,1
0,6,0,0,74.06348249162247,242.9781487657014,42.97952531515273,0,0,0,844,D_pmar=0.054_dist=500_repair_6_males=6_nmar=1,6,1
0,9,0,500,72.66882013910154,274.97804574658744,12.355155976463545,0,0,0,844,D_pmar=0.054_dist=500_repair_6_males=6_nmar=1,6,1
0,10,500,0,70.310577733953,253.0403155489391,36.70358079700789,0,0,0,844,D_pmar=0.054_dist=500_repair_6_males=6_nmar=1,6,1
0,13,500,500,67.81893992677804,286.1640205958025,6.076486655542902,0,0,0,844,D_pmar=0.054_dist=500_repair_6_males=6_nmar=1,6,1
0.054,7,1000,0,71.354833909319,283.89980397821444,0,20,2.0000000000000004,2.772443347724553,844,D_pmar=0.054_dist=500_repair_6_males=6_nmar=1,6,1
0,9,1000,500,70.51573442586627,265.27082663822404,24.3340233300103,0,0,0,844,D_pmar=0.054_dist=500_repair_6_males=6_nmar=1,6,1
0,8,0,0,68.56439080955825,291.471225878005,0,0,0,0,845,D_pmar=0.054_dist=500_repair_6_males=6_nmar=1,6,1
0,6,0,500,67.4702962109766,286.62194289602115,6.090194658094126,0,0,0,845,D_pmar=0.054_dist=500_repair_6_males=6_nmar=1,6,1
0,11,500,0,70.74451232856653,265.06095141439806,24.388948342060605,0,0,0,845,D_pmar=0.054_dist=500_repair_6_males=6_nmar=1,6,1
0,10,500,500,69.79848130041611,290.2118795129105,0,0,0,0,845,D_pmar=0.054_dist=500_repair_6_males=6_nmar=1,6,1
0.054,10,1000,0,72.34034368100725,284.8991871568826,0,7,0.7,2.1210050231011466,845,D_pmar=0.054_dist=500_repair_6_males=6_nmar=1,6,1
0,9,1000,500,68.74445827441824,279.07307282305777,12.256713610486758,0,0,0,845,D_pmar=0.054_dist=500_repair_6_males=6_nmar=1,6,1
0,10,0,0,71.74393756167444,263.8356510774751,24.423847007841392,0,0,0,846,D_pmar=0.054_dist=500_repair_6_males=6_nmar=1,6,1
0,3,0,500,72.79928591316163,268.86736903650365,18.378740109078414,0,0,0,846,D_pmar=0.054_dist=500_repair_6_males=6_nmar=1,6,1
0,12,500,0,68.95908935111667,266.92516977039577,24.210117544154425,0,0,0,846,D_pmar=0.054_dist=500_repair_6_males=6_nmar=1,6,1
0,14,500,500,68.05630481762088,249.57979304103915,42.43880989248255,0,0,0,846,D_pmar=0.054_dist=500_repair_6_males=6_nmar=1,6,1
0.054,10,1000,0,70.35524970013842,285.1849973241846,0,21,2.1000000000000005,2.4963106581843992,846,D_pmar=0.054_dist=500_repair_6_males=6_nmar=1,6,1
0,5,1000,500,71.63150500908203,270.10001456683676,18.341485396597868,0,0,0,846,D_pmar=0.054_dist=500_repair_6_males=6_nmar=1,6,1
0.054,7,0,0,69.40617115852616,286.39105414924296,0,17,1.7000000000000004,2.616704411119046,847,D_pmar=0.054_dist=500_repair_6_males=6_nmar=1,6,1
0,13,0,500,67.23165321366123,272.2069550900705,20.610692102047445,0,0,0,847,D_pmar=0.054_dist=500_repair_6_males=6_nmar=1,6,1
0,4,500,0,71.56837912386746,263.38584092585927,25.153655073244916,0,0,0,847,D_pmar=0.054_dist=500_repair_6_males=6_nmar=1,6,1
0,10,500,500,69.89377923727777,278.1711861099792,12.033048409649256,0,0,0,847,D_pmar=0.054_dist=500_repair_6_males=6_nmar=1,6,1
0,9,1000,0,72.76739760144616,250.33030291907497,37.07398938281037,0,0,0,847,D_pmar=0.054_dist=500_repair_6_males=6_nmar=1,6,1
0,11,1000,500,65.2236413213379,294.824415982441,0,0,0,0,847,D_pmar=0.054_dist=500_repair_6_males=6_nmar=1,6,1
0,12,0,0,72.14529720669233,275.860245771977,12.175422244223638,0,0,0,848,D_pmar=0.054_dist=500_repair_6_males=6_nmar=1,6,1
0,8,0,500,68.57739053041108,267.1283183713621,24.35082301614649,0,0,0,848,D_pmar=0.054_dist=500_repair_6_males=6_nmar=1,6,1
0,8,500,0,71.70440606808741,276.3379470102056,12.056040196700296,0,0,0,848,D_pmar=0.054_dist=500_repair_6_males=6_nmar=1,6,1
0,6,500,500,67.59973599855383,255.855393731607,36.58268832462241,0,0,0,848,D_pmar=0.054_dist=500_repair_6_males=6_nmar=1,6,1
0,11,1000,0,68.72820626924967,279.10811771181125,12.299388751154511,0,0,0,848,D_pmar=0.054_dist=500_repair_6_males=6_nmar=1,6,1
0.054,9,1000,500,68.83553176272895,287.3275844054206,0,16,1.6000000000000003,2.388513106112816,848,D_pmar=0.054_dist=500_repair_6_males=6_nmar=1,6,1
0,12,0,0,72.31252155768772,269.5788632135971,18.3273898793362,0,0,0,849,D_pmar=0.054_dist=500_repair_6_males=6_nmar=1,6,1
0,5,0,500,74.01204999339241,261.81347707514436,24.324854451224606,0,0,0,849,D_pmar=0.054_dist=500_repair_6_males=6_nmar=1,6,1
0,8,500,0,70.57917931382372,265.176885549415,24.487368138651853,0,0,0,849,D_pmar=0.054_dist=500_repair_6_males=6_nmar=1,6,1
0.054,8,500,500,71.76330230276878,283.9404322193508,0,19,1.9000000000000008,2.568081608725797,849,D_pmar=0.054_dist=500_repair_6_males=6_nmar=1,6,1
0,9,1000,0,70.66452911581234,270.909882825021,18.448186404974724,0,0,0,849,D_pmar=0.054_dist=500_repair_6_males=6_nmar=1,6,1
0,12,1000,500,70.11814116933542,259.61696227915866,30.328462538109346,0,0,0,849,D_pmar=0.054_dist=500_repair_6_males=6_nmar=1,6,1
0,5,0,0,72.29566747209593,263.1224684320479,24.642338475685627,0,0,0,84,D_pmar=0.054_dist=500_repair_6_males=6_nmar=1,6,1
0,12,0,500,70.15894417402869,265.80959368772676,24.2759727020828,0,0,0,84,D_pmar=0.054_dist=500_repair_6_males=6_nmar=1,6,1
0,10,500,0,69.81080006604157,272.14019847849255,18.16027101734845,0,0,0,84,D_pmar=0.054_dist=500_repair_6_males=6_nmar=1,6,1
0,8,500,500,70.45053133354325,289.5501942911577,0,0,0,0,84,D_pmar=0.054_dist=500_repair_6_males=6_nmar=1,6,1
0.054,12,1000,0,72.25016577407325,284.3828322431825,0,13,1.3,2.0747087268048494,84,D_pmar=0.054_dist=500_repair_6_males=6_nmar=1,6,1
0,7,1000,500,68.10830401766918,279.5229450750979,12.38194988484636,0,0,0,84,D_pmar=0.054_dist=500_repair_6_males=6_nmar=1,6,1
0,11,0,0,68.17503180581679,261.4265205778415,30.477932003105,0,0,0,850,D_pmar=0.054_dist=500_repair_6_males=6_nmar=1,6,1
0,8,0,500,71.87664953663428,282.0551465466449,6.154730888756053,0,0,0,850,D_pmar=0.054_dist=500_repair_6_males=6_nmar=1,6,1
0.054,8,500,0,71.62308313775318,284.8335576316287,0,12,1.2,2.396456294781974,850,D_pmar=0.054_dist=500_repair_6_males=6_nmar=1,6,1
0,8,500,500,71.74175344508598,269.96151279838693,18.47766595865618,0,0,0,850,D_pmar=0.054_dist=500_repair_6_males=6_nmar=1,6,1
0,9,1000,0,70.28419164614222,283.4882456213561,6.2277661521259535,0,0,0,850,D_pmar=0.054_dist=500_repair_6_males=6_nmar=1,6,1
0,10,1000,500,67.51005726013273,285.74584790452684,6.8590589587198805,0,0,0,850,D_pmar=0.054_dist=500_repair_6_males=6_nmar=1,6,1
0,6,0,0,72.95870529624632,262.75674721097147,24.45144356325659,0,0,0,851,D_pmar=0.054_dist=500_repair_6_males=6_nmar=1,6,1
0,12,0,500,68.41268885352456,261.3698678173644,30.41678722461488,0,0,0,851,D_pmar=0.054_dist=500_repair_6_males=6_nmar=1,6,1
0.054,8,500,0,69.17615685080737,285.30965980341574,0,26,2.600000000000001,3.0806310444603136,851,D_pmar=0.054_dist=500_repair_6_males=6_nmar=1,6,1
0,16,500,500,72.7917752450086,250.64697002895736,36.73075885993522,0,0,0,851,D_pmar=0.054_dist=500_repair_6_males=6_nmar=1,6,1
0,4,1000,0,70.88070336470618,252.8746363169735,36.35952763481743,0,0,0,851,D_pmar=0.054_dist=500_repair_6_males=6_nmar=1,6,1
0,8,1000,500,70.4410146687935,259.14566702869297,30.475937095182314,0,0,0,851,D_pmar=0.054_dist=500_repair_6_males=6_nmar=1,6,1
0,10,0,0,70.44488996264322,271.12794995960456,18.47185308950432,0,0,0,852,D_pmar=0.054_dist=500_repair_6_males=6_nmar=1,6,1
0,6,0,500,70.75116568638566,246.1438633431657,43.1707574957913,0,0,0,852,D_pmar=0.054_dist=500_repair_6_males=6_nmar=1,6,1
0,9,500,0,73.85872158730017,280.1778277685183,6.012584967929506,0,0,0,852,D_pmar=0.054_dist=500_repair_6_males=6_nmar=1,6,1
0,9,500,500,65.20360834772995,282.6198263184211,12.221670287775542,0,0,0,852,D_pmar=0.054_dist=500_repair_6_males=6_nmar=1,6,1
0,11,1000,0,67.41732087375878,286.68746127741116,6.050190761527594,0,0,0,852,D_pmar=0.054_dist=500_repair_6_males=6_nmar=1,6,1
0.054,9,1000,500,69.35977112320158,286.9910228724193,0,15,1.5000000000000002,2.294275425282596,852,D_pmar=0.054_dist=500_repair_6_males=6_nmar=1,6,1
0,7,0,0,72.48301347271942,262.90166060924633,24.626903098337984,0,0,0,853,D_pmar=0.054_dist=500_repair_6_males=6_nmar=1,6,1
0,5,0,500,70.82242280053613,240.3513720294163,49.008062007047485,0,0,0,853,D_pmar=0.054_dist=500_repair_6_males=6_nmar=1,6,1
0,12,500,0,73.78213155255447,274.28315235706845,12.219962346006708,0,0,0,853,D_pmar=0.054_dist=500_repair_6_males=6_nmar=1,6,1
0.054,17,500,500,71.71917767379925,283.4920549923745,0,21,2.1000000000000005,2.7357353283350405,853,D_pmar=0.054_dist=500_repair_6_males=6_nmar=1,6,1
0,7,1000,0,70.03885519915167,289.97655499731235,0,0,0,0,853,D_pmar=0.054_dist=500_repair_6_males=6_nmar=1,6,1
0,6,1000,500,72.49534328678185,245.08205578446876,42.69180156818562,0,0,0,853,D_pmar=0.054_dist=500_repair_6_males=6_nmar=1,6,1
0,7,0,0,69.4334697097319,254.074692598249,36.70474973030815,0,0,0,854,D_pmar=0.054_dist=500_repair_6_males=6_nmar=1,6,1
0,5,0,500,74.42413369240245,267.14522274904056,18.46285250857258,0,0,0,854,D_pmar=0.054_dist=500_repair_6_males=6_nmar=1,6,1
0,11,500,0,67.31488349061246,280.6111731639698,12.187336087732104,0,0,0,854,D_pmar=0.054_dist=500_repair_6_males=6_nmar=1,6,1
0,10,500,500,73.36676912128856,280.5186126305113,6.1576894488372025,0,0,0,854,D_pmar=0.054_dist=500_repair_6_males=6_nmar=1,6,1
0.054,10,1000,0,72.56657946643183,283.76197343603627,0,16,1.6000000000000003,2.1864778732110124,854,D_pmar=0.054_dist=500_repair_6_males=6_nmar=1,6,1
0,11,1000,500,69.37429644510618,266.5252091551093,24.30028507674585,0,0,0,854,D_pmar=0.054_dist=500_repair_6_males=6_nmar=1,6,1
0,5,0,0,70.60271297591737,265.2469565046201,24.25462967851145,0,0,0,855,D_pmar=0.054_dist=500_repair_6_males=6_nmar=1,6,1
0,17,0,500,69.98072261863796,253.37400313543455,36.74653685189474,0,0,0,855,D_pmar=0.054_dist=500_repair_6_males=6_nmar=1,6,1
0,5,500,0,69.43553372562776,262.9562204292552,27.65113744442528,0,0,0,855,D_pmar=0.054_dist=500_repair_6_males=6_nmar=1,6,1
0.054,10,500,500,71.47409225391348,284.9766980790823,0,19,1.9000000000000008,2.122650111338773,855,D_pmar=0.054_dist=500_repair_6_males=6_nmar=1,6,1
0,8,1000,0,73.86632788453082,280.366695919031,6.046258998048511,0,0,0,855,D_pmar=0.054_dist=500_repair_6_males=6_nmar=1,6,1
0,9,1000,500,67.96530870234085,273.8886602028217,18.241517386076527,0,0,0,855,D_pmar=0.054_dist=500_repair_6_males=6_nmar=1,6,1
0,7,0,0,75.8179094524601,241.326888402908,43.02411269343678,0,0,0,856,D_pmar=0.054_dist=500_repair_6_males=6_nmar=1,6,1
0,11,0,500,74.00420247874398,273.961468849306,12.067153068964377,0,0,0,856,D_pmar=0.054_dist=500_repair_6_males=6_nmar=1,6,1
0,8,500,0,72.9950481411923,268.84966236597825,18.244767277222987,0,0,0,856,D_pmar=0.054_dist=500_repair_6_males=6_nmar=1,6,1
0,9,500,500,75.31048449696397,278.70713180324833,6.008349116514565,0,0,0,856,D_pmar=0.054_dist=500_repair_6_males=6_nmar=1,6,1
0.054,14,1000,0,72.03149666659185,283.85152841310793,0,19,1.9000000000000008,2.3349550390066867,856,D_pmar=0.054_dist=500_repair_6_males=6_nmar=1,6,1
0,5,1000,500,72.00016223341947,251.23512737684325,36.83543456242594,0,0,0,856,D_pmar=0.054_dist=500_repair_6_males=6_nmar=1,6,1
0,12,0,0,74.11410541431452,261.7842383970332,24.257788987768347,0,0,0,857,D_pmar=0.054_dist=500_repair_6_males=6_nmar=1,6,1
0,12,0,500,71.87494393772482,281.93140306487584,6.2128832032739165,0,0,0,857,D_pmar=0.054_dist=500_repair_6_males=6_nmar=1,6,1
0,2,500,0,67.94825276692748,279.7075737654879,12.46670936164891,0,0,0,857,D_pmar=0.054_dist=500_repair_6_males=6_nmar=1,6,1
0,10,500,500,71.36975186755,276.3982054254369,12.248963708412209,0,0,0,857,D_pmar=0.054_dist=500_repair_6_males=6_nmar=1,6,1
0.054,9,1000,0,71.51379059630493,284.8269863229414,0,16,1.6000000000000003,2.3118068908585387,857,D_pmar=0.054_dist=500_repair_6_males=6_nmar=1,6,1
0,9,1000,500,71.63615942114073,245.51939065431588,42.95192460556673,0,0,0,857,D_pmar=0.054_dist=500_repair_6_males=6_nmar=1,6,1
0,8,0,0,70.96810846501869,270.9785384683279,18.26616644856872,0,0,0,858,D_pmar=0.054_dist=500_repair_6_males=6_nmar=1,6,1
0,7,0,500,72.70499446812781,263.49741403341886,24.56187410960211,0,0,0,858,D_pmar=0.054_dist=500_repair_6_males=6_nmar=1,6,1
0,8,500,0,70.30044557835538,283.6750376771319,6.046281509588808,0,0,0,858,D_pmar=0.054_dist=500_repair_6_males=6_nmar=1,6,1
0,15,500,500,69.3846028161719,278.42313025208205,12.291111554084312,0,0,0,858,D_pmar=0.054_dist=500_repair_6_males=6_nmar=1,6,1
0,9,1000,0,68.01461835216288,267.6622707351364,24.52345670710008,0,0,0,858,D_pmar=0.054_dist=500_repair_6_males=6_nmar=1,6,1
0.054,7,1000,500,69.73623937519221,286.8545011293413,0,14,1.4,2.0747087268048494,858,D_pmar=0.054_dist=500_repair_6_males=6_nmar=1,6,1
0,6,0,0,67.42752443154743,286.51430428487686,6.064422637993927,0,0,0,859,D_pmar=0.054_dist=500_repair_6_males=6_nmar=1,6,1
0.054,9,0,500,71.52578769961956,285.0945102180971,0,11,1.1,2.3118068908585387,859,D_pmar=0.054_dist=500_repair_6_males=6_nmar=1,6,1
0,6,500,0,70.52806217321672,285.2698446856655,4.403879656494554,0,0,0,859,D_pmar=0.054_dist=500_repair_6_males=6_nmar=1,6,1
0,10,500,500,72.5193813431186,257.0773579978602,30.45896520663786,0,0,0,859,D_pmar=0.054_dist=500_repair_6_males=6_nmar=1,6,1
0,15,1000,0,72.14413066630378,275.51488864432145,12.34123057632678,0,0,0,859,D_pmar=0.054_dist=500_repair_6_males=6_nmar=1,6,1
0,8,1000,500,68.49135864202619,279.3755080275928,12.21453546615309,0,0,0,859,D_pmar=0.054_dist=500_repair_6_males=6_nmar=1,6,1
0,6,0,0,67.83297540118915,267.51798405230494,24.699596604323627,0,0,0,85,D_pmar=0.054_dist=500_repair_6_males=6_nmar=1,6,1
0,8,0,500,67.33403180154464,250.38569529670409,42.48769230424987,0,0,0,85,D_pmar=0.054_dist=500_repair_6_males=6_nmar=1,6,1
0,7,500,0,70.28264183941596,271.6134658015212,18.186541461146906,0,0,0,85,D_pmar=0.054_dist=500_repair_6_males=6_nmar=1,6,1
0,9,500,500,69.89933453713427,277.76455174229613,12.406314575841751,0,0,0,85,D_pmar=0.054_dist=500_repair_6_males=6_nmar=1,6,1
0.054,11,1000,0,68.76562364913686,286.44909429351713,0,20,2.0000000000000004,2.8147680496862706,85,D_pmar=0.054_dist=500_repair_6_males=6_nmar=1,6,1
0,13,1000,500,70.5311047193877,265.1401947333156,24.48121860198589,0,0,0,85,D_pmar=0.054_dist=500_repair_6_males=6_nmar=1,6,1
0,13,0,0,69.2216826351532,284.85303221522173,6.132056156353001,0,0,0,860,D_pmar=0.054_dist=500_repair_6_males=6_nmar=1,6,1
0,6,0,500,69.21059246839752,260.223550654446,30.776159555604764,0,0,0,860,D_pmar=0.054_dist=500_repair_6_males=6_nmar=1,6,1
0,4,500,0,69.5369556023487,278.30283608936116,12.198895245634509,0,0,0,860,D_pmar=0.054_dist=500_repair_6_males=6_nmar=1,6,1
0.054,13,500,500,70.24223408014089,286.15154093388577,0,13,1.3,2.400427889116554,860,D_pmar=0.054_dist=500_repair_6_males=6_nmar=1,6,1
0,7,1000,0,70.77715303239664,283.1470345883004,6.087253296319491,0,0,0,860,D_pmar=0.054_dist=500_repair_6_males=6_nmar=1,6,1
0,11,1000,500,70.56331543264362,265.14763402460665,24.44937537034593,0,0,0,860,D_pmar=0.054_dist=500_repair_6_males=6_nmar=1,6,1
0,12,0,0,71.91337819713631,276.1981840044328,12.107099753589267,0,0,0,861,D_pmar=0.054_dist=500_repair_6_males=6_nmar=1,6,1
0,9,0,500,69.8364488532707,253.6599264056063,36.67384005801029,0,0,0,861,D_pmar=0.054_dist=500_repair_6_males=6_nmar=1,6,1
0,6,500,0,68.40567170228852,267.1728754953225,24.44137420501741,0,0,0,861,D_pmar=0.054_dist=500_repair_6_males=6_nmar=1,6,1
0.054,14,500,500,70.22531666420134,285.7628296700349,0,18,1.8000000000000005,2.415632848595543,861,D_pmar=0.054_dist=500_repair_6_males=6_nmar=1,6,1
0,6,1000,0,69.26158027876359,284.6512177708654,6.100196802364964,0,0,0,861,D_pmar=0.054_dist=500_repair_6_males=6_nmar=1,6,1
0,7,1000,500,66.99882380294478,262.4772518203439,30.541917903438183,0,0,0,861,D_pmar=0.054_dist=500_repair_6_males=6_nmar=1,6,1
0,6,0,0,70.67106941200375,265.1683938656931,24.36806282321903,0,0,0,862,D_pmar=0.054_dist=500_repair_6_males=6_nmar=1,6,1
0,10,0,500,73.8663696693979,280.0582420010341,6.189713865528484,0,0,0,862,D_pmar=0.054_dist=500_repair_6_males=6_nmar=1,6,1
0,13,500,0,70.91303276839444,282.9372233984201,6.171233650823094,0,0,0,862,D_pmar=0.054_dist=500_repair_6_males=6_nmar=1,6,1
0,7,500,500,71.47516535704692,264.2012952128032,24.45476120385899,0,0,0,862,D_pmar=0.054_dist=500_repair_6_males=6_nmar=1,6,1
0.054,8,1000,0,74.76410319374737,282.13269492946824,0,13,1.3,1.9222599666745968,862,D_pmar=0.054_dist=500_repair_6_males=6_nmar=1,6,1
0,10,1000,500,75.91219471040041,265.70098539931405,18.43029916146539,0,0,0,862,D_pmar=0.054_dist=500_repair_6_males=6_nmar=1,6,1
0,10,0,0,74.86614171386795,285.2198884821084,0,0,0,0,863,D_pmar=0.054_dist=500_repair_6_males=6_nmar=1,6,1
0,14,0,500,67.96695766922208,280.26342008516787,12.145151761192354,0,0,0,863,D_pmar=0.054_dist=500_repair_6_males=6_nmar=1,6,1
0,8,500,0,74.29051910451436,267.58026094573756,18.219987002233218,0,0,0,863,D_pmar=0.054_dist=500_repair_6_males=6_nmar=1,6,1
0.054,11,500,500,72.47367573049976,283.32367845207165,0,15,1.5000000000000002,2.731763734000462,863,D_pmar=0.054_dist=500_repair_6_males=6_nmar=1,6,1
0,6,1000,0,69.1235123984164,260.15380212791337,30.731201844113656,0,0,0,863,D_pmar=0.054_dist=500_repair_6_males=6_nmar=1,6,1
0,5,1000,500,69.9822007273293,262.5770367651905,27.492059256856056,0,0,0,863,D_pmar=0.054_dist=500_repair_6_males=6_nmar=1,6,1
0,4,0,0,72.06988445209342,257.62648120464706,30.36954800626464,0,0,0,864,D_pmar=0.054_dist=500_repair_6_males=6_nmar=1,6,1
0,13,0,500,70.83963689633663,271.1717251779674,18.17337875060221,0,0,0,864,D_pmar=0.054_dist=500_repair_6_males=6_nmar=1,6,1
0.054,12,500,0,73.56859629568325,282.36663139796127,0,17,1.7000000000000004,2.40207297735418,864,D_pmar=0.054_dist=500_repair_6_males=6_nmar=1,6,1
0,8,500,500,73.97069122207807,255.81925022598955,30.303771786734757,0,0,0,864,D_pmar=0.054_dist=500_repair_6_males=6_nmar=1,6,1
0,6,1000,0,71.2217673781434,264.7738089913251,24.133426301039172,0,0,0,864,D_pmar=0.054_dist=500_repair_6_males=6_nmar=1,6,1
0,11,1000,500,71.5607516582494,288.58747786609524,0,0,0,0,864,D_pmar=0.054_dist=500_repair_6_males=6_nmar=1,6,1
0,9,0,0,70.77134765257419,258.7587480184075,30.60798975433676,0,0,0,865,D_pmar=0.054_dist=500_repair_6_males=6_nmar=1,6,1
0,11,0,500,69.56471226660953,290.539800434054,0,0,0,0,865,D_pmar=0.054_dist=500_repair_6_males=6_nmar=1,6,1
0,8,500,0,70.33662872824753,271.2838541070089,18.47930121788195,0,0,0,865,D_pmar=0.054_dist=500_repair_6_males=6_nmar=1,6,1
0,10,500,500,71.60882727748562,282.3331449198583,6.200292356879949,0,0,0,865,D_pmar=0.054_dist=500_repair_6_males=6_nmar=1,6,1
0.054,7,1000,0,69.29236147077104,286.6890450401921,0,14,1.4,2.753266793910983,865,D_pmar=0.054_dist=500_repair_6_males=6_nmar=1,6,1
0,9,1000,500,72.28025342868781,257.21067965999384,30.59871174395191,0,0,0,865,D_pmar=0.054_dist=500_repair_6_males=6_nmar=1,6,1
0,7,0,0,67.7531033876665,279.9997380634679,12.355469620632688,0,0,0,866,D_pmar=0.054_dist=500_repair_6_males=6_nmar=1,6,1
0,6,0,500,71.54138932600651,264.2032141378553,24.339771394390297,0,0,0,866,D_pmar=0.054_dist=500_repair_6_males=6_nmar=1,6,1
0,7,500,0,74.25879123548492,261.485465872307,24.412336444034725,0,0,0,866,D_pmar=0.054_dist=500_repair_6_males=6_nmar=1,6,1
0.054,11,500,500,69.5275112807107,286.7640296637499,0,16,1.6000000000000003,2.275098871469027,866,D_pmar=0.054_dist=500_repair_6_males=6_nmar=1,6,1
0,10,1000,0,70.18546393181701,277.61080792853727,12.240986918634247,0,0,0,866,D_pmar=0.054_dist=500_repair_6_males=6_nmar=1,6,1
0,13,1000,500,71.20761794927519,264.67409011209,24.171681839311315,0,0,0,866,D_pmar=0.054_dist=500_repair_6_males=6_nmar=1,6,1
0,9,0,0,70.80379701074813,253.0181856879681,36.3721354608727,0,0,0,867,D_pmar=0.054_dist=500_repair_6_males=6_nmar=1,6,1
0,12,0,500,69.39803177908482,284.5556360514486,6.148818045160889,0,0,0,867,D_pmar=0.054_dist=500_repair_6_males=6_nmar=1,6,1
0.054,10,500,0,70.55650819421551,285.19832588122443,0,21,2.1000000000000005,2.261539000227663,867,D_pmar=0.054_dist=500_repair_6_males=6_nmar=1,6,1
0,11,500,500,68.44794807093524,242.8503585367043,48.80860523170775,0,0,0,867,D_pmar=0.054_dist=500_repair_6_males=6_nmar=1,6,1
0,5,1000,0,72.2323305644412,263.22491688721425,24.620563011153205,0,0,0,867,D_pmar=0.054_dist=500_repair_6_males=6_nmar=1,6,1
0,7,1000,500,70.08860047022104,277.9530939012617,12.17877674602762,0,0,0,867,D_pmar=0.054_dist=500_repair_6_males=6_nmar=1,6,1
0,11,0,0,75.50269375660497,237.12778647881376,47.40594167444627,0,0,0,868,D_pmar=0.054_dist=500_repair_6_males=6_nmar=1,6,1
0,9,0,500,72.17663813965925,263.3897081582895,24.601196046132817,0,0,0,868,D_pmar=0.054_dist=500_repair_6_males=6_nmar=1,6,1
0.054,14,500,0,69.53925849557805,285.7270512011016,0,24,2.400000000000001,2.631909370598036,868,D_pmar=0.054_dist=500_repair_6_males=6_nmar=1,6,1
0,5,500,500,70.4261845966067,259.25061250247404,30.45573367696161,0,0,0,868,D_pmar=0.054_dist=500_repair_6_males=6_nmar=1,6,1
0,6,1000,0,69.80418915736398,253.50373766589504,36.776964136263686,0,0,0,868,D_pmar=0.054_dist=500_repair_6_males=6_nmar=1,6,1
0,9,1000,500,70.43039372896119,283.5075504090417,6.068830257957087,0,0,0,868,D_pmar=0.054_dist=500_repair_6_males=6_nmar=1,6,1
0,9,0,0,71.29746173221629,282.5804663315807,6.186013580528433,0,0,0,869,D_pmar=0.054_dist=500_repair_6_males=6_nmar=1,6,1
0,11,0,500,71.08549855185656,282.81767934342275,6.174163187119219,0,0,0,869,D_pmar=0.054_dist=500_repair_6_males=6_nmar=1,6,1
0,8,500,0,70.80564161651586,279.1559674457163,10.145144546219832,0,0,0,869,D_pmar=0.054_dist=500_repair_6_males=6_nmar=1,6,1
0,10,500,500,71.81575484870366,251.44701267394424,36.76910158116592,0,0,0,869,D_pmar=0.054_dist=500_repair_6_males=6_nmar=1,6,1
0,8,1000,0,72.60913751868661,275.55374614223996,12.083334623979074,0,0,0,869,D_pmar=0.054_dist=500_repair_6_males=6_nmar=1,6,1
0.054,8,1000,500,73.29511517203056,283.02860671685534,0,12,1.2,2.5776698856325817,869,D_pmar=0.054_dist=500_repair_6_males=6_nmar=1,6,1
0,11,0,0,68.62139818947152,285.45957696995583,6.204255173005431,0,0,0,86,D_pmar=0.054_dist=500_repair_6_males=6_nmar=1,6,1
0,6,0,500,69.96849922081805,265.8231633022908,24.335644716258255,0,0,0,86,D_pmar=0.054_dist=500_repair_6_males=6_nmar=1,6,1
0,18,500,0,70.46262724201961,289.71924654759874,0,0,0,0,86,D_pmar=0.054_dist=500_repair_6_males=6_nmar=1,6,1
0,3,500,500,71.00493322821907,252.23322122905577,36.783549436401856,0,0,0,86,D_pmar=0.054_dist=500_repair_6_males=6_nmar=1,6,1
0,3,1000,0,67.55172162859154,262.1530335628698,30.40690135578209,0,0,0,86,D_pmar=0.054_dist=500_repair_6_males=6_nmar=1,6,1
0.054,13,1000,500,72.10884617328398,284.11109237867527,0,16,1.6000000000000003,2.2288025751727303,86,D_pmar=0.054_dist=500_repair_6_males=6_nmar=1,6,1
0,8,0,0,69.29836742195513,272.507164791232,18.255533638494384,0,0,0,870,D_pmar=0.054_dist=500_repair_6_males=6_nmar=1,6,1
0.054,8,0,500,68.88259433264959,287.15049492090816,0,16,1.6000000000000003,2.433164314171486,870,D_pmar=0.054_dist=500_repair_6_males=6_nmar=1,6,1
0,6,500,0,74.72559219028858,272.8414310700698,12.467439242103143,0,0,0,870,D_pmar=0.054_dist=500_repair_6_males=6_nmar=1,6,1
0,13,500,500,68.5603036816792,279.352382755994,12.33199207169972,0,0,0,870,D_pmar=0.054_dist=500_repair_6_males=6_nmar=1,6,1
0,10,1000,0,69.67408607276535,265.9964503747065,24.453234561262285,0,0,0,870,D_pmar=0.054_dist=500_repair_6_males=6_nmar=1,6,1
0,9,1000,500,73.42362695247387,255.9907130467644,30.641449167878008,0,0,0,870,D_pmar=0.054_dist=500_repair_6_males=6_nmar=1,6,1
0,11,0,0,74.54889899109786,242.95496411713867,42.51690659731453,0,0,0,871,D_pmar=0.054_dist=500_repair_6_males=6_nmar=1,6,1
0,10,0,500,73.11360325919537,280.7799961552347,6.106426224675457,0,0,0,871,D_pmar=0.054_dist=500_repair_6_males=6_nmar=1,6,1
0.054,10,500,0,68.92850077546052,286.39991840063504,0,20,2.0000000000000004,2.73970692266962,871,D_pmar=0.054_dist=500_repair_6_males=6_nmar=1,6,1
0,6,500,500,69.63921631535158,254.00383664872484,36.38135651199366,0,0,0,871,D_pmar=0.054_dist=500_repair_6_males=6_nmar=1,6,1
0,11,1000,0,67.31697721315236,262.13933562394897,30.582710462768816,0,0,0,871,D_pmar=0.054_dist=500_repair_6_males=6_nmar=1,6,1
0,6,1000,500,71.61366142952983,282.3866867440128,6.067968734568713,0,0,0,871,D_pmar=0.054_dist=500_repair_6_males=6_nmar=1,6,1
0,11,0,0,73.74013285325458,243.3942785981775,42.9928900638175,0,0,0,872,D_pmar=0.054_dist=500_repair_6_males=6_nmar=1,6,1
0.054,5,0,500,72.79410431783035,281.4989882980527,0,29,2.9000000000000012,2.8124415435893177,872,D_pmar=0.054_dist=500_repair_6_males=6_nmar=1,6,1
0,8,500,0,72.63296071902433,250.58343769347297,37.01057329372831,0,0,0,872,D_pmar=0.054_dist=500_repair_6_males=6_nmar=1,6,1
0,12,500,500,72.70464901714674,250.7015342054099,36.681027902273925,0,0,0,872,D_pmar=0.054_dist=500_repair_6_males=6_nmar=1,6,1
0,10,1000,0,75.83321561924598,272.35137666105396,12.049009447873413,0,0,0,872,D_pmar=0.054_dist=500_repair_6_males=6_nmar=1,6,1
0,8,1000,500,66.10546003688125,245.4159145833243,48.66138878823771,0,0,0,872,D_pmar=0.054_dist=500_repair_6_males=6_nmar=1,6,1
0,10,0,0,71.21913101029577,282.65118228516474,6.1628397482113915,0,0,0,873,D_pmar=0.054_dist=500_repair_6_males=6_nmar=1,6,1
0,9,0,500,67.94904508761236,292.24276500520676,0,0,0,0,873,D_pmar=0.054_dist=500_repair_6_males=6_nmar=1,6,1
0.054,7,500,0,74.34267789433831,282.3918278640417,0,12,1.2,2.2440075346517205,873,D_pmar=0.054_dist=500_repair_6_males=6_nmar=1,6,1
0,8,500,500,73.28158332770481,249.87213412516067,36.912411745316895,0,0,0,873,D_pmar=0.054_dist=500_repair_6_males=6_nmar=1,6,1
0,10,1000,0,70.18830675866114,284.5049696008268,5.416283364177696,0,0,0,873,D_pmar=0.054_dist=500_repair_6_males=6_nmar=1,6,1
0,10,1000,500,71.10401802921326,264.77029429079124,24.335825747214933,0,0,0,873,D_pmar=0.054_dist=500_repair_6_males=6_nmar=1,6,1
0,7,0,0,71.41489876184417,258.20337936777844,30.38303236321541,0,0,0,874,D_pmar=0.054_dist=500_repair_6_males=6_nmar=1,6,1
0,9,0,500,68.4748102912467,273.4566451772519,18.25626187131679,0,0,0,874,D_pmar=0.054_dist=500_repair_6_males=6_nmar=1,6,1
0,10,500,0,68.78385712486724,272.8631231771425,18.492187668392585,0,0,0,874,D_pmar=0.054_dist=500_repair_6_males=6_nmar=1,6,1
0,5,500,500,74.23618455864805,254.9974056929876,30.859459534626748,0,0,0,874,D_pmar=0.054_dist=500_repair_6_males=6_nmar=1,6,1
0,12,1000,0,71.95643267503229,275.86013456186066,12.286538382454516,0,0,0,874,D_pmar=0.054_dist=500_repair_6_males=6_nmar=1,6,1
0.054,11,1000,500,69.35940168743483,286.1754569971326,0,18,1.8000000000000005,2.7876483072035434,874,D_pmar=0.054_dist=500_repair_6_males=6_nmar=1,6,1
0,10,0,0,74.48543763915171,273.5560806783769,12.211971095053732,0,0,0,875,D_pmar=0.054_dist=500_repair_6_males=6_nmar=1,6,1
0.054,13,0,500,69.99654067195574,286.74218582073064,0,10,1,2.2966019313795485,875,D_pmar=0.054_dist=500_repair_6_males=6_nmar=1,6,1
0,11,500,0,71.29225655983319,288.87908825447454,0,0,0,0,875,D_pmar=0.054_dist=500_repair_6_males=6_nmar=1,6,1
0,7,500,500,66.93978689447195,250.41357684714893,42.68205893117901,0,0,0,875,D_pmar=0.054_dist=500_repair_6_males=6_nmar=1,6,1
0,7,1000,0,69.68289489722164,284.36881918603024,6.027017356830616,0,0,0,875,D_pmar=0.054_dist=500_repair_6_males=6_nmar=1,6,1
0,6,1000,500,72.02178651369604,288.2332344529381,0,0,0,0,875,D_pmar=0.054_dist=500_repair_6_males=6_nmar=1,6,1
0,9,0,0,69.65355363208967,284.2889723568148,6.109356626541385,0,0,0,876,D_pmar=0.054_dist=500_repair_6_males=6_nmar=1,6,1
0,8,0,500,70.27307669775854,259.0113895905001,30.761223971106972,0,0,0,876,D_pmar=0.054_dist=500_repair_6_males=6_nmar=1,6,1
0,12,500,0,70.87242785631015,277.0030540068185,12.173576235199317,0,0,0,876,D_pmar=0.054_dist=500_repair_6_males=6_nmar=1,6,1
0,7,500,500,67.03051784354373,280.7413160055707,12.252691304063816,0,0,0,876,D_pmar=0.054_dist=500_repair_6_males=6_nmar=1,6,1
0,6,1000,0,71.36318392782943,239.69796626832843,49.1493107157891,0,0,0,876,D_pmar=0.054_dist=500_repair_6_males=6_nmar=1,6,1
0.054,12,1000,500,69.48321846710122,286.3686544680514,0,18,1.8000000000000005,2.4523408679850554,876,D_pmar=0.054_dist=500_repair_6_males=6_nmar=1,6,1
0.054,7,0,0,70.10300310445326,286.3786931976255,0,15,1.5000000000000002,2.172918001969649,877,D_pmar=0.054_dist=500_repair_6_males=6_nmar=1,6,1
0,10,0,500,71.65971528063008,257.883525800172,30.54145468607214,0,0,0,877,D_pmar=0.054_dist=500_repair_6_males=6_nmar=1,6,1
0,10,500,0,69.14640818263663,260.31109593238523,30.628407361923458,0,0,0,877,D_pmar=0.054_dist=500_repair_6_males=6_nmar=1,6,1
0,10,500,500,71.90018248862386,275.65382810544384,12.48535528855036,0,0,0,877,D_pmar=0.054_dist=500_repair_6_males=6_nmar=1,6,1
0,10,1000,0,71.68002763605402,282.36740579390505,6.063405606232978,0,0,0,877,D_pmar=0.054_dist=500_repair_6_males=6_nmar=1,6,1
0,7,1000,500,71.94603714221594,276.0153828005742,12.14074995513976,0,0,0,877,D_pmar=0.054_dist=500_repair_6_males=6_nmar=1,6,1
0,9,0,0,70.55635362121961,283.56018489966596,6.040686262181802,0,0,0,878,D_pmar=0.054_dist=500_repair_6_males=6_nmar=1,6,1
0,6,0,500,69.59492668289649,284.43458363035876,6.010453100003841,0,0,0,878,D_pmar=0.054_dist=500_repair_6_males=6_nmar=1,6,1
0,6,500,0,69.40200577033703,272.38232240925623,18.23836320992201,0,0,0,878,D_pmar=0.054_dist=500_repair_6_males=6_nmar=1,6,1
0,16,500,500,71.6800386502353,270.24740028113115,18.27996102423713,0,0,0,878,D_pmar=0.054_dist=500_repair_6_males=6_nmar=1,6,1
0,8,1000,0,67.95894775509942,261.7236915776935,30.38864220525922,0,0,0,878,D_pmar=0.054_dist=500_repair_6_males=6_nmar=1,6,1
0.054,9,1000,500,71.69608709810011,285.1540063296215,0,13,1.3,1.8951402241918696,878,D_pmar=0.054_dist=500_repair_6_males=6_nmar=1,6,1
0,7,0,0,72.69854423608417,275.03275118192937,12.2836205528874,0,0,0,879,D_pmar=0.054_dist=500_repair_6_males=6_nmar=1,6,1
0.054,12,0,500,74.3222831725257,282.90062538737703,0,8,0.7999999999999999,2.028412430508553,879,D_pmar=0.054_dist=500_repair_6_males=6_nmar=1,6,1
0,9,500,0,70.12713453477227,289.9813465016388,0,0,0,0,879,D_pmar=0.054_dist=500_repair_6_males=6_nmar=1,6,1
0,8,500,500,71.5417545418618,263.17472637103117,25.35102524977582,0,0,0,879,D_pmar=0.054_dist=500_repair_6_males=6_nmar=1,6,1
0,11,1000,0,68.71144086961786,291.3782031202109,0,0,0,0,879,D_pmar=0.054_dist=500_repair_6_males=6_nmar=1,6,1
0,7,1000,500,77.21534542217215,276.9371929978939,6.017140601423866,0,0,0,879,D_pmar=0.054_dist=500_repair_6_males=6_nmar=1,6,1
0.054,10,0,0,71.3042172475556,284.4135348295209,0,17,1.7000000000000004,2.685467437704165,87,D_pmar=0.054_dist=500_repair_6_males=6_nmar=1,6,1
0,17,0,500,71.73551686765174,269.8475195079625,18.511993674081584,0,0,0,87,D_pmar=0.054_dist=500_repair_6_males=6_nmar=1,6,1
0,6,500,0,73.11721765836376,262.68689746428055,24.247872995918048,0,0,0,87,D_pmar=0.054_dist=500_repair_6_males=6_nmar=1,6,1
0,6,500,500,71.6753767572616,270.24164884801974,18.202660995548055,0,0,0,87,D_pmar=0.054_dist=500_repair_6_males=6_nmar=1,6,1
0,8,1000,0,71.41739411909242,251.96760164560385,36.68785699290589,0,0,0,87,D_pmar=0.054_dist=500_repair_6_males=6_nmar=1,6,1
0,7,1000,500,68.551502272156,285.4134799643282,6.085501951800563,0,0,0,87,D_pmar=0.054_dist=500_repair_6_males=6_nmar=1,6,1
0,13,0,0,69.8456167060751,272.48299790173786,17.690443475053673,0,0,0,880,D_pmar=0.054_dist=500_repair_6_males=6_nmar=1,6,1
0,9,0,500,70.9140125991722,277.13004608750714,12.197184997122775,0,0,0,880,D_pmar=0.054_dist=500_repair_6_males=6_nmar=1,6,1
0,7,500,0,72.4924080684764,250.9378573535166,36.61829486422105,0,0,0,880,D_pmar=0.054_dist=500_repair_6_males=6_nmar=1,6,1
0,14,500,500,71.28301887368276,276.5301188904558,12.299235585366947,0,0,0,880,D_pmar=0.054_dist=500_repair_6_males=6_nmar=1,6,1
0,7,1000,0,71.93114270907017,269.7138030483075,18.37834235601741,0,0,0,880,D_pmar=0.054_dist=500_repair_6_males=6_nmar=1,6,1
0.054,4,1000,500,70.54684351455484,285.32616879499164,0,16,1.6000000000000003,2.5657551026288443,880,D_pmar=0.054_dist=500_repair_6_males=6_nmar=1,6,1
0,9,0,0,73.21332868489998,262.1479769747945,24.65362916624644,0,0,0,881,D_pmar=0.054_dist=500_repair_6_males=6_nmar=1,6,1
0,9,0,500,72.65320785763765,251.0724235619833,36.30630335218207,0,0,0,881,D_pmar=0.054_dist=500_repair_6_males=6_nmar=1,6,1
0,7,500,0,71.00100253439066,276.95451084196964,12.08824272319184,0,0,0,881,D_pmar=0.054_dist=500_repair_6_males=6_nmar=1,6,1
0.054,8,500,500,66.93641843611987,288.76637585778764,0,20,2.0000000000000004,2.346188404151098,881,D_pmar=0.054_dist=500_repair_6_males=6_nmar=1,6,1
0,15,1000,0,72.34994181795355,275.1744675035113,12.538748870618884,0,0,0,881,D_pmar=0.054_dist=500_repair_6_males=6_nmar=1,6,1
0,6,1000,500,70.21276311493568,253.08949958611933,36.72708441999837,0,0,0,881,D_pmar=0.054_dist=500_repair_6_males=6_nmar=1,6,1
0,14,0,0,67.94453645322496,274.020410849607,18.186990849829225,0,0,0,882,D_pmar=0.054_dist=500_repair_6_males=6_nmar=1,6,1
0.054,9,0,500,69.70550832758477,285.9605104275615,0,18,1.8000000000000005,2.643142735742448,882,D_pmar=0.054_dist=500_repair_6_males=6_nmar=1,6,1
0,5,500,0,69.366136610405,278.586467542744,12.127805227957529,0,0,0,882,D_pmar=0.054_dist=500_repair_6_males=6_nmar=1,6,1
0,8,500,500,70.24887937829972,247.26808819167215,42.53058470993993,0,0,0,882,D_pmar=0.054_dist=500_repair_6_males=6_nmar=1,6,1
0,9,1000,0,70.87453174080976,277.12035735070555,12.195805014436337,0,0,0,882,D_pmar=0.054_dist=500_repair_6_males=6_nmar=1,6,1
0,9,1000,500,71.37710829594413,264.314787937419,24.43357815329177,0,0,0,882,D_pmar=0.054_dist=500_repair_6_males=6_nmar=1,6,1
0,11,0,0,69.18163633184344,266.8024048652088,24.130641572598332,0,0,0,883,D_pmar=0.054_dist=500_repair_6_males=6_nmar=1,6,1
0,6,0,500,69.07073687710749,291.1605562704558,0,0,0,0,883,D_pmar=0.054_dist=500_repair_6_males=6_nmar=1,6,1
0,8,500,0,70.26391493767059,271.61930751598874,18.312610939985696,0,0,0,883,D_pmar=0.054_dist=500_repair_6_males=6_nmar=1,6,1
0,8,500,500,72.36473985009299,275.42463695404155,12.24792713495641,0,0,0,883,D_pmar=0.054_dist=500_repair_6_males=6_nmar=1,6,1
0.054,10,1000,0,71.56407545640461,285.357170649862,0,11,1.1,2.1305933000079307,883,D_pmar=0.054_dist=500_repair_6_males=6_nmar=1,6,1
0,11,1000,500,72.82897403663144,274.8184316321592,12.456940383612125,0,0,0,883,D_pmar=0.054_dist=500_repair_6_males=6_nmar=1,6,1
0.054,6,0,0,75.36550652564532,280.21628045731075,0,20,2.0000000000000004,2.469872333560998,884,D_pmar=0.054_dist=500_repair_6_males=6_nmar=1,6,1
0,13,0,500,67.89724206552773,255.1605876589131,37.189684050066894,0,0,0,884,D_pmar=0.054_dist=500_repair_6_males=6_nmar=1,6,1
0,9,500,0,69.7435016274179,253.57078852818043,36.70179838786716,0,0,0,884,D_pmar=0.054_dist=500_repair_6_males=6_nmar=1,6,1
0,6,500,500,65.82324934799225,288.1855566191044,6.039152253687595,0,0,0,884,D_pmar=0.054_dist=500_repair_6_males=6_nmar=1,6,1
0,12,1000,0,70.40413702112102,265.1835896788473,24.485448531883424,0,0,0,884,D_pmar=0.054_dist=500_repair_6_males=6_nmar=1,6,1
0,8,1000,500,72.17904375772561,269.41387169065524,18.525210680968957,0,0,0,884,D_pmar=0.054_dist=500_repair_6_males=6_nmar=1,6,1
0,8,0,0,72.52596797498714,275.2625439175679,12.255542524604994,0,0,0,885,D_pmar=0.054_dist=500_repair_6_males=6_nmar=1,6,1
0,9,0,500,71.73156023019938,269.9714431365528,18.30061020293255,0,0,0,885,D_pmar=0.054_dist=500_repair_6_males=6_nmar=1,6,1
0,12,500,0,69.98616695873679,271.8208000981861,18.315791170948643,0,0,0,885,D_pmar=0.054_dist=500_repair_6_males=6_nmar=1,6,1
0,7,500,500,68.96466972650369,266.8480162969909,24.236866757028345,0,0,0,885,D_pmar=0.054_dist=500_repair_6_males=6_nmar=1,6,1
0,11,1000,0,71.68109079993314,257.9121206282661,30.464908373835613,0,0,0,885,D_pmar=0.054_dist=500_repair_6_males=6_nmar=1,6,1
0.054,7,1000,500,74.04380087401091,281.55573429630635,0,17,1.7000000000000004,2.731763734000462,885,D_pmar=0.054_dist=500_repair_6_males=6_nmar=1,6,1
0.054,6,0,0,69.45793614647948,286.1139986330297,0,18,1.8000000000000005,2.631909370598036,886,D_pmar=0.054_dist=500_repair_6_males=6_nmar=1,6,1
0,14,0,500,66.9942271312899,280.8943349439497,12.323645808706653,0,0,0,886,D_pmar=0.054_dist=500_repair_6_males=6_nmar=1,6,1
0,6,500,0,70.64072932020163,255.1887080507514,34.29925806591519,0,0,0,886,D_pmar=0.054_dist=500_repair_6_males=6_nmar=1,6,1
0,7,500,500,65.9491703005684,288.1975564248507,6.001891308803491,0,0,0,886,D_pmar=0.054_dist=500_repair_6_males=6_nmar=1,6,1
0,9,1000,0,69.64744483357596,259.74941843187065,30.603691818438207,0,0,0,886,D_pmar=0.054_dist=500_repair_6_males=6_nmar=1,6,1
0,12,1000,500,66.8010775842663,268.85210059533205,24.40365405786118,0,0,0,886,D_pmar=0.054_dist=500_repair_6_males=6_nmar=1,6,1
0,6,0,0,72.0087496487334,282.15759794227506,6.028657943199711,0,0,0,887,D_pmar=0.054_dist=500_repair_6_males=6_nmar=1,6,1
0,6,0,500,71.93362661087612,244.8724096197143,43.23874389759042,0,0,0,887,D_pmar=0.054_dist=500_repair_6_males=6_nmar=1,6,1
0,12,500,0,69.55613755665684,278.54655861119375,12.034056761296377,0,0,0,887,D_pmar=0.054_dist=500_repair_6_males=6_nmar=1,6,1
0.054,12,500,500,72.49244574699726,283.6356768545802,0,15,1.5000000000000002,2.533700095433238,887,D_pmar=0.054_dist=500_repair_6_males=6_nmar=1,6,1
0,7,1000,0,74.34338506091942,273.4331572376164,12.292340328685968,0,0,0,887,D_pmar=0.054_dist=500_repair_6_males=6_nmar=1,6,1
0,11,1000,500,71.0128366945618,270.8861425094852,18.143205972768943,0,0,0,887,D_pmar=0.054_dist=500_repair_6_males=6_nmar=1,6,1
0,5,0,0,71.61612694226321,239.2633143679093,49.12358193880869,0,0,0,888,D_pmar=0.054_dist=500_repair_6_males=6_nmar=1,6,1
0,11,0,500,70.38471277011514,283.58893977374885,6.037851511075209,0,0,0,888,D_pmar=0.054_dist=500_repair_6_males=6_nmar=1,6,1
0.054,12,500,0,71.86784652636469,283.3772708619808,0,21,2.1000000000000005,2.7013538150424816,888,D_pmar=0.054_dist=500_repair_6_males=6_nmar=1,6,1
0,5,500,500,69.12731177892536,242.25337834747648,48.72703299004841,0,0,0,888,D_pmar=0.054_dist=500_repair_6_males=6_nmar=1,6,1
0,10,1000,0,71.74816398311911,269.8177834495807,18.490704511086168,0,0,0,888,D_pmar=0.054_dist=500_repair_6_males=6_nmar=1,6,1
0,11,1000,500,71.0380361231489,282.97939670846347,6.054937064705139,0,0,0,888,D_pmar=0.054_dist=500_repair_6_males=6_nmar=1,6,1
0.054,10,0,0,70.56603897763141,284.71789992480376,0,21,2.1000000000000005,2.656702606983811,889,D_pmar=0.054_dist=500_repair_6_males=6_nmar=1,6,1
0,10,0,500,71.92462114853852,231.8220759581304,56.3552148375065,0,0,0,889,D_pmar=0.054_dist=500_repair_6_males=6_nmar=1,6,1
0,9,500,0,72.70810477471477,275.37735068044526,12.12269813877869,0,0,0,889,D_pmar=0.054_dist=500_repair_6_males=6_nmar=1,6,1
0,8,500,500,69.7040661658788,277.9588363166959,12.371744244095195,0,0,0,889,D_pmar=0.054_dist=500_repair_6_males=6_nmar=1,6,1
0,9,1000,0,70.57006824309758,258.8454920719464,30.71430285462988,0,0,0,889,D_pmar=0.054_dist=500_repair_6_males=6_nmar=1,6,1
0,8,1000,500,76.122785534307,271.82322806084835,12.143657323170572,0,0,0,889,D_pmar=0.054_dist=500_repair_6_males=6_nmar=1,6,1
0,15,0,0,73.70006659840186,274.7178637471959,12.164688293444476,0,0,0,88,D_pmar=0.054_dist=500_repair_6_males=6_nmar=1,6,1
0,8,0,500,69.59164010884189,241.5392907658438,49.01335610885072,0,0,0,88,D_pmar=0.054_dist=500_repair_6_males=6_nmar=1,6,1
0,9,500,0,72.80410393421965,256.7497739551955,30.50991004766017,0,0,0,88,D_pmar=0.054_dist=500_repair_6_males=6_nmar=1,6,1
0.054,5,500,500,72.04307258881539,282.96781196917976,0,23,2.3000000000000007,2.766826665152347,88,D_pmar=0.054_dist=500_repair_6_males=6_nmar=1,6,1
0,4,1000,0,77.03419427367614,252.55134105387052,30.51550831906284,0,0,0,88,D_pmar=0.054_dist=500_repair_6_males=6_nmar=1,6,1
0,13,1000,500,71.46392887145689,270.2227257243013,18.460540432604553,0,0,0,88,D_pmar=0.054_dist=500_repair_6_males=6_nmar=1,6,1
0.054,11,0,0,71.97770478548712,283.40376969424636,0,23,2.3000000000000007,2.361393363630089,890,D_pmar=0.054_dist=500_repair_6_males=6_nmar=1,6,1
0,9,0,500,70.1935796081357,241.04831460069363,48.87272811517029,0,0,0,890,D_pmar=0.054_dist=500_repair_6_males=6_nmar=1,6,1
0,9,500,0,67.60756301403393,268.10412362291356,24.359760558238765,0,0,0,890,D_pmar=0.054_dist=500_repair_6_males=6_nmar=1,6,1
0,8,500,500,70.51398748683403,277.35321542040487,12.214473613683849,0,0,0,890,D_pmar=0.054_dist=500_repair_6_males=6_nmar=1,6,1
0,10,1000,0,69.8993910282135,253.50473376224045,36.61944829075029,0,0,0,890,D_pmar=0.054_dist=500_repair_6_males=6_nmar=1,6,1
0,7,1000,500,65.40973603206619,276.5993371299989,18.129228226513536,0,0,0,890,D_pmar=0.054_dist=500_repair_6_males=6_nmar=1,6,1
0,11,0,0,70.25281219324751,281.1212658464412,8.747940186480418,0,0,0,891,D_pmar=0.054_dist=500_repair_6_males=6_nmar=1,6,1
0,15,0,500,67.62929332603866,273.9890504909079,18.383503497341472,0,0,0,891,D_pmar=0.054_dist=500_repair_6_males=6_nmar=1,6,1
0,4,500,0,69.57869047915818,253.88163876730633,36.54448120694293,0,0,0,891,D_pmar=0.054_dist=500_repair_6_males=6_nmar=1,6,1
0.054,11,500,500,71.31749194506584,284.9005388645893,0,16,1.6000000000000003,2.200037744452376,891,D_pmar=0.054_dist=500_repair_6_males=6_nmar=1,6,1
0,10,1000,0,70.0382822495091,283.98899183191503,6.073287694866113,0,0,0,891,D_pmar=0.054_dist=500_repair_6_males=6_nmar=1,6,1
0,3,1000,500,70.8208168013015,264.84935471828425,24.394655648516185,0,0,0,891,D_pmar=0.054_dist=500_repair_6_males=6_nmar=1,6,1
0,11,0,0,72.76464182627298,268.99452140379714,18.38004752777638,0,0,0,892,D_pmar=0.054_dist=500_repair_6_males=6_nmar=1,6,1
0,10,0,500,69.45946326102533,278.39006318152593,12.182211307164582,0,0,0,892,D_pmar=0.054_dist=500_repair_6_males=6_nmar=1,6,1
0.054,9,500,0,71.9107946034174,284.4857678805315,0,12,1.2,2.437135908506065,892,D_pmar=0.054_dist=500_repair_6_males=6_nmar=1,6,1
0,7,500,500,70.20476580448458,277.59329617609717,12.272628792572052,0,0,0,892,D_pmar=0.054_dist=500_repair_6_males=6_nmar=1,6,1
0,11,1000,0,68.87342503540492,260.73100895317515,30.47087258387839,0,0,0,892,D_pmar=0.054_dist=500_repair_6_males=6_nmar=1,6,1
0,6,1000,500,69.17405625898503,290.8919338761944,0,0,0,0,892,D_pmar=0.054_dist=500_repair_6_males=6_nmar=1,6,1
0,7,0,0,71.90610059839551,244.82699501482037,43.29575830414526,0,0,0,893,D_pmar=0.054_dist=500_repair_6_males=6_nmar=1,6,1
0,11,0,500,69.71056588282393,284.2953849954128,6.069797887705067,0,0,0,893,D_pmar=0.054_dist=500_repair_6_males=6_nmar=1,6,1
0,10,500,0,73.14518199111843,280.7033161500455,6.258463944735475,0,0,0,893,D_pmar=0.054_dist=500_repair_6_males=6_nmar=1,6,1
0,10,500,500,68.04095648492687,292.07053958223497,0,0,0,0,893,D_pmar=0.054_dist=500_repair_6_males=6_nmar=1,6,1
0.054,6,1000,0,70.40128477190306,286.756475253478,0,10,1,1.868701899568468,893,D_pmar=0.054_dist=500_repair_6_males=6_nmar=1,6,1
0,10,1000,500,67.7974623334794,286.2972668406537,6.007489647045938,0,0,0,893,D_pmar=0.054_dist=500_repair_6_males=6_nmar=1,6,1
0,7,0,0,69.26004691479464,278.59058446468384,12.251545581619188,0,0,0,894,D_pmar=0.054_dist=500_repair_6_males=6_nmar=1,6,1
0,11,0,500,73.96964359085676,261.5587571554729,24.650591213145947,0,0,0,894,D_pmar=0.054_dist=500_repair_6_males=6_nmar=1,6,1
0,3,500,0,68.83998458475182,272.88896171996277,18.295180736108744,0,0,0,894,D_pmar=0.054_dist=500_repair_6_males=6_nmar=1,6,1
0,14,500,500,68.01594405155868,249.21463005774845,42.93798983855477,0,0,0,894,D_pmar=0.054_dist=500_repair_6_males=6_nmar=1,6,1
0,10,1000,0,73.07945739763058,238.00915320710016,48.93514804417765,0,0,0,894,D_pmar=0.054_dist=500_repair_6_males=6_nmar=1,6,1
0.054,9,1000,500,75.16249175859387,279.7363579098996,0,24,2.400000000000001,2.7317637340004617,894,D_pmar=0.054_dist=500_repair_6_males=6_nmar=1,6,1
0.054,10,0,0,73.30283979109181,282.6941508622578,0,16,1.6000000000000003,2.437135908506065,895,D_pmar=0.054_dist=500_repair_6_males=6_nmar=1,6,1
0,6,0,500,70.98520111940255,246.55132282864383,42.5047004842963,0,0,0,895,D_pmar=0.054_dist=500_repair_6_males=6_nmar=1,6,1
0,9,500,0,72.15959833017355,269.2828584282974,18.584062109642765,0,0,0,895,D_pmar=0.054_dist=500_repair_6_males=6_nmar=1,6,1
0,12,500,500,71.18067810282578,288.8443801331257,0,0,0,0,895,D_pmar=0.054_dist=500_repair_6_males=6_nmar=1,6,1
0,6,1000,0,69.86441202888777,253.77198324437703,36.45122632204682,0,0,0,895,D_pmar=0.054_dist=500_repair_6_males=6_nmar=1,6,1
0,11,1000,500,68.69692744848858,291.4078559186081,0,0,0,0,895,D_pmar=0.054_dist=500_repair_6_males=6_nmar=1,6,1
0,10,0,0,73.26221303132316,274.7506156551803,12.12605364813567,0,0,0,896,D_pmar=0.054_dist=500_repair_6_males=6_nmar=1,6,1
0.054,12,0,500,70.97179352084952,285.644598918651,0,11,1.1,2.3676914640616205,896,D_pmar=0.054_dist=500_repair_6_males=6_nmar=1,6,1
0,6,500,0,69.89784142499667,284.05091755031646,6.1200904306188,0,0,0,896,D_pmar=0.054_dist=500_repair_6_males=6_nmar=1,6,1
0,9,500,500,77.39586276624368,266.68186839609933,16.056962265607268,0,0,0,896,D_pmar=0.054_dist=500_repair_6_males=6_nmar=1,6,1
0,11,1000,0,71.09372222314693,282.6539911878577,6.263507551975811,0,0,0,896,D_pmar=0.054_dist=500_repair_6_males=6_nmar=1,6,1
0,6,1000,500,75.30912295287085,263.3477515076332,21.373611999385854,0,0,0,896,D_pmar=0.054_dist=500_repair_6_males=6_nmar=1,6,1
0,7,0,0,68.11031496411708,255.44750186630856,36.53533887288045,0,0,0,897,D_pmar=0.054_dist=500_repair_6_males=6_nmar=1,6,1
0,7,0,500,69.14860105344196,291.1219097588879,0,0,0,0,897,D_pmar=0.054_dist=500_repair_6_males=6_nmar=1,6,1
0.054,16,500,0,71.57169319985367,284.1343984110659,0,19,1.9000000000000008,2.419604442930123,897,D_pmar=0.054_dist=500_repair_6_males=6_nmar=1,6,1
0,5,500,500,72.65086566964685,275.31457961528594,12.138083063681716,0,0,0,897,D_pmar=0.054_dist=500_repair_6_males=6_nmar=1,6,1
0,8,1000,0,70.94601240671136,240.2415266039234,48.932974713895725,0,0,0,897,D_pmar=0.054_dist=500_repair_6_males=6_nmar=1,6,1
0,11,1000,500,72.23379424270357,269.52772836253445,18.302066451632324,0,0,0,897,D_pmar=0.054_dist=500_repair_6_males=6_nmar=1,6,1
0.054,9,0,0,69.56201563900943,285.1454848023867,0,29,2.9000000000000012,2.606434716352936,898,D_pmar=0.054_dist=500_repair_6_males=6_nmar=1,6,1
0,9,0,500,72.54077841427234,250.96752864311932,36.65365668280099,0,0,0,898,D_pmar=0.054_dist=500_repair_6_males=6_nmar=1,6,1
0,6,500,0,68.10481872190243,242.80122438390697,49.17740144871459,0,0,0,898,D_pmar=0.054_dist=500_repair_6_males=6_nmar=1,6,1
0,10,500,500,73.07501931779689,268.6733391785999,18.28326271685449,0,0,0,898,D_pmar=0.054_dist=500_repair_6_males=6_nmar=1,6,1
0,9,1000,0,72.07499426804188,251.0123819166672,36.966589607114834,0,0,0,898,D_pmar=0.054_dist=500_repair_6_males=6_nmar=1,6,1
0,11,1000,500,70.34258056734926,253.25599831668433,36.66060561442526,0,0,0,898,D_pmar=0.054_dist=500_repair_6_males=6_nmar=1,6,1
0.054,10,0,0,70.05952186681165,284.32098848527664,0,23,2.3000000000000007,3.477439739454088,899,D_pmar=0.054_dist=500_repair_6_males=6_nmar=1,6,1
0,12,0,500,72.70582454926668,226.53776754773105,60.785093073983674,0,0,0,899,D_pmar=0.054_dist=500_repair_6_males=6_nmar=1,6,1
0,4,500,0,72.98700097129789,274.7801843964216,12.33859115832251,0,0,0,899,D_pmar=0.054_dist=500_repair_6_males=6_nmar=1,6,1
0,11,500,500,74.70008774109317,260.9599596553077,24.43623581929492,0,0,0,899,D_pmar=0.054_dist=500_repair_6_males=6_nmar=1,6,1
0,9,1000,0,71.42066003241537,257.80767408940665,30.79636816187075,0,0,0,899,D_pmar=0.054_dist=500_repair_6_males=6_nmar=1,6,1
0,8,1000,500,70.04810792365276,277.72530090873994,12.302415902452855,0,0,0,899,D_pmar=0.054_dist=500_repair_6_males=6_nmar=1,6,1
0,12,0,0,73.29010578201695,273.0058640016357,13.846343492066756,0,0,0,89,D_pmar=0.054_dist=500_repair_6_males=6_nmar=1,6,1
0,10,0,500,73.0163399161889,275.0703412711904,12.05281084188838,0,0,0,89,D_pmar=0.054_dist=500_repair_6_males=6_nmar=1,6,1
0.054,12,500,0,72.31839429480733,284.2281932113236,0,14,1.4,2.122650111338773,89,D_pmar=0.054_dist=500_repair_6_males=6_nmar=1,6,1
0,5,500,500,69.1614796216225,260.8625763446291,30.225864140364653,0,0,0,89,D_pmar=0.054_dist=500_repair_6_males=6_nmar=1,6,1
0,10,1000,0,70.04271412024627,277.5775788083298,12.395853702939483,0,0,0,89,D_pmar=0.054_dist=500_repair_6_males=6_nmar=1,6,1
0,5,1000,500,71.5966255423916,275.96913470613873,12.447246580085046,0,0,0,89,D_pmar=0.054_dist=500_repair_6_males=6_nmar=1,6,1
0,11,0,0,66.72143014863457,293.3727780780584,0,0,0,0,900,D_pmar=0.054_dist=500_repair_6_males=6_nmar=1,6,1
0,6,0,500,69.06337592252667,248.66641352170612,42.38102072463438,0,0,0,900,D_pmar=0.054_dist=500_repair_6_males=6_nmar=1,6,1
0,10,500,0,70.42567513338588,277.8040640506816,12.104020649098088,0,0,0,900,D_pmar=0.054_dist=500_repair_6_males=6_nmar=1,6,1
0,10,500,500,73.33664369941724,244.41317877030403,42.44462491156549,0,0,0,900,D_pmar=0.054_dist=500_repair_6_males=6_nmar=1,6,1
0,7,1000,0,70.66562111831294,240.644971817678,48.730694197932664,0,0,0,900,D_pmar=0.054_dist=500_repair_6_males=6_nmar=1,6,1
0.054,10,1000,500,70.8435134611522,284.3939702547058,0,24,2.400000000000001,2.4490506915098025,900,D_pmar=0.054_dist=500_repair_6_males=6_nmar=1,6,1
0,9,0,0,70.52827445996195,271.2068551544025,18.384432260121127,0,0,0,901,D_pmar=0.054_dist=500_repair_6_males=6_nmar=1,6,1
0,5,0,500,71.04359640254732,246.25536983252977,42.71042026197396,0,0,0,901,D_pmar=0.054_dist=500_repair_6_males=6_nmar=1,6,1
0,9,500,0,69.57341165845396,252.60408769039725,37.92666008816133,0,0,0,901,D_pmar=0.054_dist=500_repair_6_males=6_nmar=1,6,1
0.054,10,500,500,71.24275258493797,284.12480676413236,0,22,2.2000000000000006,2.4348094024091127,901,D_pmar=0.054_dist=500_repair_6_males=6_nmar=1,6,1
0,12,1000,0,72.69259143090302,275.0317874565203,12.311211673039502,0,0,0,901,D_pmar=0.054_dist=500_repair_6_males=6_nmar=1,6,1
0,9,1000,500,68.15742170213043,273.60880451578896,18.29231467613344,0,0,0,901,D_pmar=0.054_dist=500_repair_6_males=6_nmar=1,6,1
0,14,0,0,73.28414096748999,262.0700356447342,24.651596055359747,0,0,0,902,D_pmar=0.054_dist=500_repair_6_males=6_nmar=1,6,1
0.054,8,0,500,72.95920731850944,282.7743674709524,0,17,1.7000000000000004,2.7029989032801085,902,D_pmar=0.054_dist=500_repair_6_males=6_nmar=1,6,1
0,10,500,0,70.30716218264894,271.50470176166164,18.342298844337662,0,0,0,902,D_pmar=0.054_dist=500_repair_6_males=6_nmar=1,6,1
0,5,500,500,72.85261935367882,262.6780517927161,24.687717500048628,0,0,0,902,D_pmar=0.054_dist=500_repair_6_males=6_nmar=1,6,1
0,11,1000,0,72.88639373336413,287.6458779241748,0,0,0,0,902,D_pmar=0.054_dist=500_repair_6_males=6_nmar=1,6,1
0,6,1000,500,69.01021324776976,254.44151376087447,36.69011912168993,0,0,0,902,D_pmar=0.054_dist=500_repair_6_males=6_nmar=1,6,1
0.054,6,0,0,71.67313974833904,283.4339934604978,0,24,2.400000000000001,2.5776698856325813,903,D_pmar=0.054_dist=500_repair_6_males=6_nmar=1,6,1
0,10,0,500,68.75011386132734,254.91279841919297,36.53893341909051,0,0,0,903,D_pmar=0.054_dist=500_repair_6_males=6_nmar=1,6,1
0,10,500,0,69.76681599189361,229.13953294371456,61.203324355068474,0,0,0,903,D_pmar=0.054_dist=500_repair_6_males=6_nmar=1,6,1
0,9,500,500,70.18593758382707,271.7002144161248,18.35415825362597,0,0,0,903,D_pmar=0.054_dist=500_repair_6_males=6_nmar=1,6,1
0,10,1000,0,70.25883136981494,271.47454566617455,18.273985974085527,0,0,0,903,D_pmar=0.054_dist=500_repair_6_males=6_nmar=1,6,1
0,9,1000,500,68.62251361374682,279.37676168651313,12.268014306111777,0,0,0,903,D_pmar=0.054_dist=500_repair_6_males=6_nmar=1,6,1
0,11,0,0,70.22060532819488,265.48624485285296,24.421937901125673,0,0,0,904,D_pmar=0.054_dist=500_repair_6_males=6_nmar=1,6,1
0.054,9,0,500,72.36692527583335,283.57119517351964,0,17,1.7000000000000004,2.481105698705409,904,D_pmar=0.054_dist=500_repair_6_males=6_nmar=1,6,1
0,11,500,0,68.66134149531882,279.24158078602846,12.228324460588016,0,0,0,904,D_pmar=0.054_dist=500_repair_6_males=6_nmar=1,6,1
0,10,500,500,68.25671886265962,279.54038239199343,12.209023950826442,0,0,0,904,D_pmar=0.054_dist=500_repair_6_males=6_nmar=1,6,1
0,7,1000,0,69.93688872189925,262.42188426037205,27.722726634178432,0,0,0,904,D_pmar=0.054_dist=500_repair_6_males=6_nmar=1,6,1
0,6,1000,500,69.55919691999009,266.6130295340895,24.07360622586902,0,0,0,904,D_pmar=0.054_dist=500_repair_6_males=6_nmar=1,6,1
0,7,0,0,69.24352304299369,243.5090512010914,47.37830621917521,0,0,0,905,D_pmar=0.054_dist=500_repair_6_males=6_nmar=1,6,1
0,8,0,500,69.98992042350727,259.4492476686841,30.637745075421027,0,0,0,905,D_pmar=0.054_dist=500_repair_6_males=6_nmar=1,6,1
0,15,500,0,70.72564292273069,264.7382361072025,24.677955017190083,0,0,0,905,D_pmar=0.054_dist=500_repair_6_males=6_nmar=1,6,1
0,3,500,500,71.37940945581336,270.6748564136206,18.22636757466656,0,0,0,905,D_pmar=0.054_dist=500_repair_6_males=6_nmar=1,6,1
0.054,11,1000,0,73.93364567027358,281.4127842105997,0,22,2.2000000000000006,2.5161686298572943,905,D_pmar=0.054_dist=500_repair_6_males=6_nmar=1,6,1
0,10,1000,500,68.6014671656299,279.21059171049325,12.21252641590138,0,0,0,905,D_pmar=0.054_dist=500_repair_6_males=6_nmar=1,6,1
0,6,0,0,68.27433148493208,266.87634924470444,25.036846936172132,0,0,0,906,D_pmar=0.054_dist=500_repair_6_males=6_nmar=1,6,1
0.054,11,0,500,69.79373787581456,286.34537202958273,0,19,1.9000000000000008,1.989377905022089,906,D_pmar=0.054_dist=500_repair_6_males=6_nmar=1,6,1
0,8,500,0,72.19759044673711,269.2266763848652,18.648924729423307,0,0,0,906,D_pmar=0.054_dist=500_repair_6_males=6_nmar=1,6,1
0,7,500,500,69.48759754045321,260.31603962663854,30.199747371830608,0,0,0,906,D_pmar=0.054_dist=500_repair_6_males=6_nmar=1,6,1
0,8,1000,0,72.2552079875262,263.3592011926405,24.452435896486488,0,0,0,906,D_pmar=0.054_dist=500_repair_6_males=6_nmar=1,6,1
0,14,1000,500,73.99239685195843,268.016602008857,18.17391390352172,0,0,0,906,D_pmar=0.054_dist=500_repair_6_males=6_nmar=1,6,1
0,7,0,0,69.72378784211311,271.96437946807777,18.481953018842944,0,0,0,907,D_pmar=0.054_dist=500_repair_6_males=6_nmar=1,6,1
0,13,0,500,67.91822391366406,273.5933487187755,18.50113402618237,0,0,0,907,D_pmar=0.054_dist=500_repair_6_males=6_nmar=1,6,1
0,9,500,0,72.68881676043964,269.00264196139807,18.331247428230657,0,0,0,907,D_pmar=0.054_dist=500_repair_6_males=6_nmar=1,6,1
0,6,500,500,70.63620592265255,265.1743869981839,24.240935893756557,0,0,0,907,D_pmar=0.054_dist=500_repair_6_males=6_nmar=1,6,1
0.054,9,1000,0,73.28623009335433,282.3575160414319,0,18,1.8000000000000005,2.5968464394461503,907,D_pmar=0.054_dist=500_repair_6_males=6_nmar=1,6,1
0,10,1000,500,70.07969144599413,259.5363867381844,30.561177281173084,0,0,0,907,D_pmar=0.054_dist=500_repair_6_males=6_nmar=1,6,1
0.054,10,0,0,70.1316937623437,284.68565323839084,0,24,2.400000000000001,2.8147680496862706,908,D_pmar=0.054_dist=500_repair_6_males=6_nmar=1,6,1
0,8,0,500,73.55555507599318,255.7460539942609,30.76698408498681,0,0,0,908,D_pmar=0.054_dist=500_repair_6_males=6_nmar=1,6,1
0,12,500,0,69.85541789747185,253.44177896212193,36.7622194262089,0,0,0,908,D_pmar=0.054_dist=500_repair_6_males=6_nmar=1,6,1
0,11,500,500,67.11300510181184,274.4889787159057,18.40822738901725,0,0,0,908,D_pmar=0.054_dist=500_repair_6_males=6_nmar=1,6,1
0,6,1000,0,72.69746004353978,250.55358423805575,36.77400234735546,0,0,0,908,D_pmar=0.054_dist=500_repair_6_males=6_nmar=1,6,1
0,7,1000,500,70.42750917566265,265.1920210330406,24.46512511693144,0,0,0,908,D_pmar=0.054_dist=500_repair_6_males=6_nmar=1,6,1
0,7,0,0,71.05859595623535,282.9705548388905,6.0024389392224204,0,0,0,909,D_pmar=0.054_dist=500_repair_6_males=6_nmar=1,6,1
0,4,0,500,68.14905101634596,255.44944100601165,36.43651873666397,0,0,0,909,D_pmar=0.054_dist=500_repair_6_males=6_nmar=1,6,1
0,14,500,0,72.37424788222627,281.60698446330053,6.124001121216467,0,0,0,909,D_pmar=0.054_dist=500_repair_6_males=6_nmar=1,6,1
0,4,500,500,73.42510918663888,256.35732995346393,30.267921810361045,0,0,0,909,D_pmar=0.054_dist=500_repair_6_males=6_nmar=1,6,1
0,11,1000,0,67.9869145439841,267.7977722616266,24.42449660315809,0,0,0,909,D_pmar=0.054_dist=500_repair_6_males=6_nmar=1,6,1
0.054,14,1000,500,76.2096070858629,279.5375125800291,0,17,1.7000000000000004,2.695737132470276,909,D_pmar=0.054_dist=500_repair_6_males=6_nmar=1,6,1
0,8,0,0,69.81062868576609,290.19122956963236,0,0,0,0,90,D_pmar=0.054_dist=500_repair_6_males=6_nmar=1,6,1
0,13,0,500,70.38010718740668,277.41285288228505,12.2075778542241,0,0,0,90,D_pmar=0.054_dist=500_repair_6_males=6_nmar=1,6,1
0,11,500,0,69.98597567008322,278.0631108140134,12.25061874612043,0,0,0,90,D_pmar=0.054_dist=500_repair_6_males=6_nmar=1,6,1
0,7,500,500,72.00983396376407,245.43267174639797,42.60324294944026,0,0,0,90,D_pmar=0.054_dist=500_repair_6_males=6_nmar=1,6,1
0,6,1000,0,69.6411550208401,278.37245677033343,12.131272744055243,0,0,0,90,D_pmar=0.054_dist=500_repair_6_males=6_nmar=1,6,1
0.054,9,1000,500,72.1457991404334,284.0312721401623,0,13,1.3,2.5816414799671605,90,D_pmar=0.054_dist=500_repair_6_males=6_nmar=1,6,1
0,8,0,0,70.71195471210359,259.10367536120486,30.336172560892123,0,0,0,910,D_pmar=0.054_dist=500_repair_6_males=6_nmar=1,6,1
0,13,0,500,72.6214054763018,262.8814139188334,24.50382042363537,0,0,0,910,D_pmar=0.054_dist=500_repair_6_males=6_nmar=1,6,1
0,11,500,0,73.74292081469436,249.69622762166745,36.576880162514485,0,0,0,910,D_pmar=0.054_dist=500_repair_6_males=6_nmar=1,6,1
0,7,500,500,76.45169581349602,277.57728322750563,6.0332426717992,0,0,0,910,D_pmar=0.054_dist=500_repair_6_males=6_nmar=1,6,1
0.054,8,1000,0,73.02728109846056,282.60566114967196,0,21,2.1000000000000005,2.338926633341266,910,D_pmar=0.054_dist=500_repair_6_males=6_nmar=1,6,1
0,7,1000,500,72.56259473815354,257.2647711168139,30.388927720673124,0,0,0,910,D_pmar=0.054_dist=500_repair_6_males=6_nmar=1,6,1
0,9,0,0,70.97616852185342,275.8819283969282,13.152176977811626,0,0,0,911,D_pmar=0.054_dist=500_repair_6_males=6_nmar=1,6,1
0.054,14,0,500,68.69806452715105,287.3101417179586,0,16,1.6000000000000003,2.734090240097415,911,D_pmar=0.054_dist=500_repair_6_males=6_nmar=1,6,1
0,12,500,0,71.88353002028965,275.839864517475,12.339707337638094,0,0,0,911,D_pmar=0.054_dist=500_repair_6_males=6_nmar=1,6,1
0,7,500,500,69.84168781578646,265.7780624307047,24.587275021386912,0,0,0,911,D_pmar=0.054_dist=500_repair_6_males=6_nmar=1,6,1
0,6,1000,0,69.90831249867117,271.99569868768856,18.2018635422027,0,0,0,911,D_pmar=0.054_dist=500_repair_6_males=6_nmar=1,6,1
0,6,1000,500,66.87322114236906,268.80872745275576,24.621787820071404,0,0,0,911,D_pmar=0.054_dist=500_repair_6_males=6_nmar=1,6,1
0,5,0,0,68.20761476098124,261.25517374767804,30.554049482790404,0,0,0,912,D_pmar=0.054_dist=500_repair_6_males=6_nmar=1,6,1
0,9,0,500,73.51433584646828,255.94876901366288,30.665045118023453,0,0,0,912,D_pmar=0.054_dist=500_repair_6_males=6_nmar=1,6,1
0,10,500,0,73.2299199983841,274.8234206471998,12.238980174586109,0,0,0,912,D_pmar=0.054_dist=500_repair_6_males=6_nmar=1,6,1
0.054,14,500,500,66.61986911093582,289.2980195410008,0,15,1.5000000000000002,2.651085924411606,912,D_pmar=0.054_dist=500_repair_6_males=6_nmar=1,6,1
0,9,1000,0,71.52650991530516,288.6218324581804,0,0,0,0,912,D_pmar=0.054_dist=500_repair_6_males=6_nmar=1,6,1
0,7,1000,500,69.74067364684633,272.0370868870046,18.40593439469786,0,0,0,912,D_pmar=0.054_dist=500_repair_6_males=6_nmar=1,6,1
0,8,0,0,70.77459515745598,252.6372980126544,36.692035413311054,0,0,0,913,D_pmar=0.054_dist=500_repair_6_males=6_nmar=1,6,1
0,9,0,500,72.02560563410769,281.8658679722124,6.1890857651556725,0,0,0,913,D_pmar=0.054_dist=500_repair_6_males=6_nmar=1,6,1
0,8,500,0,70.64159903834604,252.85330435379137,36.58129570560608,0,0,0,913,D_pmar=0.054_dist=500_repair_6_males=6_nmar=1,6,1
0,9,500,500,71.89776738321,276.0088653002902,12.19011973324765,0,0,0,913,D_pmar=0.054_dist=500_repair_6_males=6_nmar=1,6,1
0.054,12,1000,0,72.40858945202702,283.1703549779373,0,19,1.9000000000000008,2.564110014391218,913,D_pmar=0.054_dist=500_repair_6_males=6_nmar=1,6,1
0,8,1000,500,70.85350141351118,264.6751668910254,24.54743255231854,0,0,0,913,D_pmar=0.054_dist=500_repair_6_males=6_nmar=1,6,1
0,9,0,0,72.17039724599935,269.5898850839399,18.280939402890137,0,0,0,914,D_pmar=0.054_dist=500_repair_6_males=6_nmar=1,6,1
0.054,8,0,500,72.02415544463467,283.6360650686296,0,17,1.7000000000000004,2.6798507551319593,914,D_pmar=0.054_dist=500_repair_6_males=6_nmar=1,6,1
0,8,500,0,72.50174745984104,263.56696982222053,24.254973877655672,0,0,0,914,D_pmar=0.054_dist=500_repair_6_males=6_nmar=1,6,1
0,12,500,500,73.02518612082818,287.14571736118364,0,0,0,0,914,D_pmar=0.054_dist=500_repair_6_males=6_nmar=1,6,1
0,10,1000,0,70.16428658380913,277.68096668926756,12.166756508180471,0,0,0,914,D_pmar=0.054_dist=500_repair_6_males=6_nmar=1,6,1
0,7,1000,500,72.1333818940873,239.88573017617983,48.01448895765734,0,0,0,914,D_pmar=0.054_dist=500_repair_6_males=6_nmar=1,6,1
0,12,0,0,69.50119978531933,284.4171302986816,6.115134965579786,0,0,0,915,D_pmar=0.054_dist=500_repair_6_males=6_nmar=1,6,1
0,8,0,500,64.81911362218294,258.87099628366684,36.570753459774515,0,0,0,915,D_pmar=0.054_dist=500_repair_6_males=6_nmar=1,6,1
0,6,500,0,71.42356391834102,282.48098441745,6.181244393216613,0,0,0,915,D_pmar=0.054_dist=500_repair_6_males=6_nmar=1,6,1
0,8,500,500,68.76082743692294,266.8826457323024,24.44423321576033,0,0,0,915,D_pmar=0.054_dist=500_repair_6_males=6_nmar=1,6,1
0,10,1000,0,68.33067320108596,267.3228575525461,24.49846438610984,0,0,0,915,D_pmar=0.054_dist=500_repair_6_males=6_nmar=1,6,1
0.054,10,1000,500,71.75159803274687,284.6096185144934,0,16,1.6000000000000003,2.292630337044969,915,D_pmar=0.054_dist=500_repair_6_males=6_nmar=1,6,1
0,8,0,0,74.0462799019402,280.03557188271043,6.0825487331805,0,0,0,916,D_pmar=0.054_dist=500_repair_6_males=6_nmar=1,6,1
0,7,0,500,71.74271617806093,239.594197815538,48.79385654436741,0,0,0,916,D_pmar=0.054_dist=500_repair_6_males=6_nmar=1,6,1
0,8,500,0,67.43708577214021,268.30309512944666,24.423540289091235,0,0,0,916,D_pmar=0.054_dist=500_repair_6_males=6_nmar=1,6,1
0.054,11,500,500,68.00775491354646,288.0134838677381,0,19,1.9000000000000008,2.3293383564344814,916,D_pmar=0.054_dist=500_repair_6_males=6_nmar=1,6,1
0,8,1000,0,73.75509446478848,274.16125367236174,12.194092425038118,0,0,0,916,D_pmar=0.054_dist=500_repair_6_males=6_nmar=1,6,1
0,12,1000,500,67.55213872508317,268.1210039858258,24.33146242262611,0,0,0,916,D_pmar=0.054_dist=500_repair_6_males=6_nmar=1,6,1
0,11,0,0,71.26885128078284,252.44329234749017,36.3943641479065,0,0,0,917,D_pmar=0.054_dist=500_repair_6_males=6_nmar=1,6,1
0,8,0,500,69.56639195032515,272.33621253876294,18.10481411149705,0,0,0,917,D_pmar=0.054_dist=500_repair_6_males=6_nmar=1,6,1
0,7,500,0,69.56527607955184,259.89015313667966,30.574162167882264,0,0,0,917,D_pmar=0.054_dist=500_repair_6_males=6_nmar=1,6,1
0,10,500,500,72.20287990371926,281.9905918277239,6.0599254311616875,0,0,0,917,D_pmar=0.054_dist=500_repair_6_males=6_nmar=1,6,1
0.054,9,1000,0,73.53336047447027,282.37406356969007,0,19,1.9000000000000008,2.238390852079515,917,D_pmar=0.054_dist=500_repair_6_males=6_nmar=1,6,1
0,9,1000,500,70.38220858244566,265.24932421968543,24.407574518655704,0,0,0,917,D_pmar=0.054_dist=500_repair_6_males=6_nmar=1,6,1
0,2,0,0,70.76783019107053,271.22494691284896,18.13810164446379,0,0,0,918,D_pmar=0.054_dist=500_repair_6_males=6_nmar=1,6,1
0,12,0,500,71.56270148403584,259.42602709800394,29.37167213128087,0,0,0,918,D_pmar=0.054_dist=500_repair_6_males=6_nmar=1,6,1
0,7,500,0,70.42844821130294,277.4237014489683,12.16135494631164,0,0,0,918,D_pmar=0.054_dist=500_repair_6_males=6_nmar=1,6,1
0,8,500,500,68.97050558791757,278.76977195526405,12.274418283749588,0,0,0,918,D_pmar=0.054_dist=500_repair_6_males=6_nmar=1,6,1
0.054,16,1000,0,66.6418700122786,289.109058931866,0,18,1.8000000000000005,2.5680816087257967,918,D_pmar=0.054_dist=500_repair_6_males=6_nmar=1,6,1
0,9,1000,500,71.37527616563682,252.0766159817715,36.631611742396856,0,0,0,918,D_pmar=0.054_dist=500_repair_6_males=6_nmar=1,6,1
0,8,0,0,70.26182332754765,283.6865238347571,6.1489526134326935,0,0,0,919,D_pmar=0.054_dist=500_repair_6_males=6_nmar=1,6,1
0,8,0,500,69.30578734076981,278.46744159079947,12.293196426478392,0,0,0,919,D_pmar=0.054_dist=500_repair_6_males=6_nmar=1,6,1
0,9,500,0,70.91658385052624,282.9679612785523,6.145758935832138,0,0,0,919,D_pmar=0.054_dist=500_repair_6_males=6_nmar=1,6,1
0,11,500,500,68.5924103413183,267.07980140801953,24.378624649913597,0,0,0,919,D_pmar=0.054_dist=500_repair_6_males=6_nmar=1,6,1
0,8,1000,0,71.96313058268625,269.9602309060658,18.08254527654291,0,0,0,919,D_pmar=0.054_dist=500_repair_6_males=6_nmar=1,6,1
0.054,10,1000,500,70.9484236677049,285.38504594541405,0,11,1.1,2.647114330077027,919,D_pmar=0.054_dist=500_repair_6_males=6_nmar=1,6,1
0,7,0,0,70.84817373963581,283.211748882425,6.076002928443088,0,0,0,91,D_pmar=0.054_dist=500_repair_6_males=6_nmar=1,6,1
0,13,0,500,71.3729576148314,258.1082841943561,30.523862279549885,0,0,0,91,D_pmar=0.054_dist=500_repair_6_males=6_nmar=1,6,1
0,8,500,0,69.58455174630693,290.45646087387223,0,0,0,0,91,D_pmar=0.054_dist=500_repair_6_males=6_nmar=1,6,1
0,11,500,500,68.8910190254086,254.6093611366371,36.75679951650158,0,0,0,91,D_pmar=0.054_dist=500_repair_6_males=6_nmar=1,6,1
0,5,1000,0,69.31902609056364,266.0434631546444,24.658165615763608,0,0,0,91,D_pmar=0.054_dist=500_repair_6_males=6_nmar=1,6,1
0.054,10,1000,500,66.89379467839983,289.7384934111721,0,16,1.6000000000000003,1.92061487843697,91,D_pmar=0.054_dist=500_repair_6_males=6_nmar=1,6,1
0,12,0,0,69.6512215190716,272.3471022518919,18.248543475993795,0,0,0,920,D_pmar=0.054_dist=500_repair_6_males=6_nmar=1,6,1
0,12,0,500,69.33061015806265,260.0398359922715,30.64114394677335,0,0,0,920,D_pmar=0.054_dist=500_repair_6_males=6_nmar=1,6,1
0,6,500,0,70.91479186825894,258.43262947758785,30.768375731282156,0,0,0,920,D_pmar=0.054_dist=500_repair_6_males=6_nmar=1,6,1
0.054,8,500,500,70.67721140437216,285.38121469423163,0,18,1.8000000000000005,2.2479791289862994,920,D_pmar=0.054_dist=500_repair_6_males=6_nmar=1,6,1
0,11,1000,0,71.66592465009259,276.2937882946136,12.114370403051112,0,0,0,920,D_pmar=0.054_dist=500_repair_6_males=6_nmar=1,6,1
0,5,1000,500,69.35864338782096,272.36302649425767,18.308580604229046,0,0,0,920,D_pmar=0.054_dist=500_repair_6_males=6_nmar=1,6,1
0,12,0,0,66.68390985599407,252.61076758709208,40.914837387344434,0,0,0,921,D_pmar=0.054_dist=500_repair_6_males=6_nmar=1,6,1
0,6,0,500,71.61721698041858,276.0647104746457,12.340864207516828,0,0,0,921,D_pmar=0.054_dist=500_repair_6_males=6_nmar=1,6,1
0.054,7,500,0,74.0839981782419,282.2298454503424,0,14,1.4,2.288658742710391,921,D_pmar=0.054_dist=500_repair_6_males=6_nmar=1,6,1
0,7,500,500,69.00114811430859,278.8685192074524,12.147432044237956,0,0,0,921,D_pmar=0.054_dist=500_repair_6_males=6_nmar=1,6,1
0,10,1000,0,67.44989498964445,292.65834933655015,0,0,0,0,921,D_pmar=0.054_dist=500_repair_6_males=6_nmar=1,6,1
0,12,1000,500,71.5430964658358,270.42891834552506,18.220790862470107,0,0,0,921,D_pmar=0.054_dist=500_repair_6_males=6_nmar=1,6,1
0,11,0,0,69.97834488185266,290.07086119008517,0,0,0,0,922,D_pmar=0.054_dist=500_repair_6_males=6_nmar=1,6,1
0,9,0,500,68.71485967608153,273.1172209326411,18.23620707788143,0,0,0,922,D_pmar=0.054_dist=500_repair_6_males=6_nmar=1,6,1
0,9,500,0,69.84769616940783,271.81858414544536,18.354709723178225,0,0,0,922,D_pmar=0.054_dist=500_repair_6_males=6_nmar=1,6,1
0.054,13,500,500,68.65526325292133,288.4495285274944,0,6,0.6,2.4235760372647013,922,D_pmar=0.054_dist=500_repair_6_males=6_nmar=1,6,1
0,3,1000,0,69.35218545241479,290.7067627248111,0,0,0,0,922,D_pmar=0.054_dist=500_repair_6_males=6_nmar=1,6,1
0,9,1000,500,71.42513300627985,288.6866568840847,0,0,0,0,922,D_pmar=0.054_dist=500_repair_6_males=6_nmar=1,6,1
0,8,0,0,76.14563116844522,229.05468973863557,54.88727948859383,0,0,0,923,D_pmar=0.054_dist=500_repair_6_males=6_nmar=1,6,1
0,12,0,500,74.14143000708695,261.6251839443336,24.252628890401144,0,0,0,923,D_pmar=0.054_dist=500_repair_6_males=6_nmar=1,6,1
0,8,500,0,67.28963459868132,256.08393295411287,36.6414706579923,0,0,0,923,D_pmar=0.054_dist=500_repair_6_males=6_nmar=1,6,1
0,8,500,500,69.33294317384929,278.5440069299356,12.197122668188609,0,0,0,923,D_pmar=0.054_dist=500_repair_6_males=6_nmar=1,6,1
0.054,11,1000,0,68.65505196978225,285.9768810934476,0,27,2.700000000000001,2.7053254093770605,923,D_pmar=0.054_dist=500_repair_6_males=6_nmar=1,6,1
0,7,1000,500,71.90660091624304,251.6617438385584,36.55726484978172,0,0,0,923,D_pmar=0.054_dist=500_repair_6_males=6_nmar=1,6,1
0,5,0,0,71.91817457290962,263.7200240763744,24.392724970252193,0,0,0,924,D_pmar=0.054_dist=500_repair_6_males=6_nmar=1,6,1
0,8,0,500,69.24440449590743,278.76486992607335,12.128672116529732,0,0,0,924,D_pmar=0.054_dist=500_repair_6_males=6_nmar=1,6,1
0.054,10,500,0,72.30380779198904,283.6471548862879,0,14,1.4,2.768471753389974,924,D_pmar=0.054_dist=500_repair_6_males=6_nmar=1,6,1
0,12,500,500,69.75746465546642,278.22626090611203,12.0820868130647,0,0,0,924,D_pmar=0.054_dist=500_repair_6_males=6_nmar=1,6,1
0,6,1000,0,72.32697648864894,257.2511927019875,30.473280163994612,0,0,0,924,D_pmar=0.054_dist=500_repair_6_males=6_nmar=1,6,1
0,13,1000,500,71.28056441878913,282.70895975902874,6.014757441356052,0,0,0,924,D_pmar=0.054_dist=500_repair_6_males=6_nmar=1,6,1
0,10,0,0,69.69785999136526,266.0477557404474,24.433474221787144,0,0,0,925,D_pmar=0.054_dist=500_repair_6_males=6_nmar=1,6,1
0,6,0,500,69.43018760788736,272.31545914079413,18.39627213360749,0,0,0,925,D_pmar=0.054_dist=500_repair_6_males=6_nmar=1,6,1
0,9,500,0,69.10633771128317,272.53096872562475,18.491048309671243,0,0,0,925,D_pmar=0.054_dist=500_repair_6_males=6_nmar=1,6,1
0,9,500,500,71.37315170945746,288.69342261165855,0,0,0,0,925,D_pmar=0.054_dist=500_repair_6_males=6_nmar=1,6,1
0.054,11,1000,0,70.59013093578199,285.86997896536593,0,16,1.6000000000000003,2.0667655381356917,925,D_pmar=0.054_dist=500_repair_6_males=6_nmar=1,6,1
0,9,1000,500,71.882092745096,251.95550051404547,36.23660757460975,0,0,0,925,D_pmar=0.054_dist=500_repair_6_males=6_nmar=1,6,1
0,12,0,0,70.01347547622184,271.92374948314654,18.18162990351301,0,0,0,926,D_pmar=0.054_dist=500_repair_6_males=6_nmar=1,6,1
0.054,9,0,500,73.55598778343567,282.8043353869324,0,15,1.5000000000000002,2.3581031871548355,926,D_pmar=0.054_dist=500_repair_6_males=6_nmar=1,6,1
0,10,500,0,72.0651607942876,282.0642609988483,6.072076387912482,0,0,0,926,D_pmar=0.054_dist=500_repair_6_males=6_nmar=1,6,1
0,7,500,500,70.40411366801209,259.3438128789687,30.412044377752743,0,0,0,926,D_pmar=0.054_dist=500_repair_6_males=6_nmar=1,6,1
0,7,1000,0,67.9795332646052,273.864985612318,18.218825997218136,0,0,0,926,D_pmar=0.054_dist=500_repair_6_males=6_nmar=1,6,1
0,9,1000,500,73.71652442979577,272.3355817717612,14.02857343524521,0,0,0,926,D_pmar=0.054_dist=500_repair_6_males=6_nmar=1,6,1
0.054,13,0,0,70.10677221139183,286.1747523636298,0,15,1.5000000000000002,2.2288025751727303,927,D_pmar=0.054_dist=500_repair_6_males=6_nmar=1,6,1
0,7,0,500,71.41279456770523,270.53484592511273,18.151251761924208,0,0,0,927,D_pmar=0.054_dist=500_repair_6_males=6_nmar=1,6,1
0,6,500,0,72.89722256809368,269.09682406795616,18.150152664804367,0,0,0,927,D_pmar=0.054_dist=500_repair_6_males=6_nmar=1,6,1
0,13,500,500,68.67260717993194,279.33522985509165,12.04675283499654,0,0,0,927,D_pmar=0.054_dist=500_repair_6_males=6_nmar=1,6,1
0,6,1000,0,71.47517894952367,267.95620327463416,20.572375268977567,0,0,0,927,D_pmar=0.054_dist=500_repair_6_males=6_nmar=1,6,1
0,9,1000,500,68.19512699814244,273.7511268535268,18.36681438827122,0,0,0,927,D_pmar=0.054_dist=500_repair_6_males=6_nmar=1,6,1
0.054,8,0,0,70.15600717496913,285.6935485857679,0,19,1.9000000000000008,2.251950723320878,928,D_pmar=0.054_dist=500_repair_6_males=6_nmar=1,6,1
0,12,0,500,68.36772474625587,265.54057536382874,26.29327207692615,0,0,0,928,D_pmar=0.054_dist=500_repair_6_males=6_nmar=1,6,1
0,10,500,0,70.91409546380801,246.62380431963953,42.58043049496327,0,0,0,928,D_pmar=0.054_dist=500_repair_6_males=6_nmar=1,6,1
0,10,500,500,68.32299986089448,276.1809048448197,15.50540754153139,0,0,0,928,D_pmar=0.054_dist=500_repair_6_males=6_nmar=1,6,1
0,5,1000,0,64.77820502498544,283.0421777544626,12.221879338644852,0,0,0,928,D_pmar=0.054_dist=500_repair_6_males=6_nmar=1,6,1
0,9,1000,500,70.85095236018918,276.78514295872634,12.592624987751217,0,0,0,928,D_pmar=0.054_dist=500_repair_6_males=6_nmar=1,6,1
0,16,0,0,70.8633223922712,258.3877870818563,30.75116676199543,0,0,0,929,D_pmar=0.054_dist=500_repair_6_males=6_nmar=1,6,1
0.054,12,0,500,70.07878662873702,286.17782889100874,0,17,1.7000000000000004,2.0532056668943284,929,D_pmar=0.054_dist=500_repair_6_males=6_nmar=1,6,1
0,4,500,0,67.29550865933189,280.593653788667,12.195878714778935,0,0,0,929,D_pmar=0.054_dist=500_repair_6_males=6_nmar=1,6,1
0,8,500,500,69.80301870259487,271.84570996261107,18.396420844604933,0,0,0,929,D_pmar=0.054_dist=500_repair_6_males=6_nmar=1,6,1
0,9,1000,0,73.64343117720033,273.8996639305467,12.512433636103747,0,0,0,929,D_pmar=0.054_dist=500_repair_6_males=6_nmar=1,6,1
0,5,1000,500,68.79414530991521,260.6706841888236,30.59875185621318,0,0,0,929,D_pmar=0.054_dist=500_repair_6_males=6_nmar=1,6,1
0,13,0,0,72.2431789577218,257.6969845628824,30.218381067060054,0,0,0,92,D_pmar=0.054_dist=500_repair_6_males=6_nmar=1,6,1
0.054,9,0,500,73.49600620416768,282.2105357575515,0,17,1.7000000000000004,2.671907566462801,92,D_pmar=0.054_dist=500_repair_6_males=6_nmar=1,6,1
0,8,500,0,72.31946561844184,275.65111503945093,12.134421140202312,0,0,0,92,D_pmar=0.054_dist=500_repair_6_males=6_nmar=1,6,1
0,10,500,500,69.02608774412909,266.54889966410923,24.464698779219596,0,0,0,92,D_pmar=0.054_dist=500_repair_6_males=6_nmar=1,6,1
0,10,1000,0,70.4001078612939,277.4800510495162,12.207732932071387,0,0,0,92,D_pmar=0.054_dist=500_repair_6_males=6_nmar=1,6,1
0,4,1000,500,69.73656959662199,266.0268390320455,24.281763326724743,0,0,0,92,D_pmar=0.054_dist=500_repair_6_males=6_nmar=1,6,1
0,6,0,0,70.9607069764285,283.01145713099856,6.04169713188182,0,0,0,930,D_pmar=0.054_dist=500_repair_6_males=6_nmar=1,6,1
0,12,0,500,70.53004556568582,253.171081976662,36.37868410452658,0,0,0,930,D_pmar=0.054_dist=500_repair_6_males=6_nmar=1,6,1
0,9,500,0,70.04869835949829,283.813074256311,6.155240630489471,0,0,0,930,D_pmar=0.054_dist=500_repair_6_males=6_nmar=1,6,1
0.054,6,500,500,69.20138407609777,287.00380100195935,0,15,1.5000000000000002,2.36769146406162,930,D_pmar=0.054_dist=500_repair_6_males=6_nmar=1,6,1
0,11,1000,0,71.63398194909068,270.1727701061249,18.304333426390205,0,0,0,930,D_pmar=0.054_dist=500_repair_6_males=6_nmar=1,6,1
0,10,1000,500,72.22501484190977,263.61878818755815,24.223065497539547,0,0,0,930,D_pmar=0.054_dist=500_repair_6_males=6_nmar=1,6,1
0.054,9,0,0,66.68026073793065,290.1375901367285,0,13,1.3,1.9860877285468357,931,D_pmar=0.054_dist=500_repair_6_males=6_nmar=1,6,1
0,5,0,500,72.38688936941999,269.08742768514355,18.54055053901627,0,0,0,931,D_pmar=0.054_dist=500_repair_6_males=6_nmar=1,6,1
0,15,500,0,73.3090698337465,256.263687604056,30.446137912879347,0,0,0,931,D_pmar=0.054_dist=500_repair_6_males=6_nmar=1,6,1
0,14,500,500,65.90065001777548,294.10371643564764,0,0,0,0,931,D_pmar=0.054_dist=500_repair_6_males=6_nmar=1,6,1
0,7,1000,0,71.40417763881412,258.17554292006616,30.53175312048394,0,0,0,931,D_pmar=0.054_dist=500_repair_6_males=6_nmar=1,6,1
0,4,1000,500,73.24316082728934,286.92128775527516,0,0,0,0,931,D_pmar=0.054_dist=500_repair_6_males=6_nmar=1,6,1
0,8,0,0,69.5990427409135,229.44953375820307,61.13302455986745,0,0,0,932,D_pmar=0.054_dist=500_repair_6_males=6_nmar=1,6,1
0,7,0,500,70.21255690442256,271.5708873450387,18.226314773929857,0,0,0,932,D_pmar=0.054_dist=500_repair_6_males=6_nmar=1,6,1
0.054,10,500,0,70.64634050598053,283.56358346958757,0,25,2.500000000000001,3.2929359721282276,932,D_pmar=0.054_dist=500_repair_6_males=6_nmar=1,6,1
0,9,500,500,66.32535166878588,269.51644051260485,24.194850146559663,0,0,0,932,D_pmar=0.054_dist=500_repair_6_males=6_nmar=1,6,1
0,7,1000,0,69.72488001378078,247.09468019264807,43.24032758708187,0,0,0,932,D_pmar=0.054_dist=500_repair_6_males=6_nmar=1,6,1
0,13,1000,500,72.82870885384061,281.14678534603297,6.106590526521825,0,0,0,932,D_pmar=0.054_dist=500_repair_6_males=6_nmar=1,6,1
0,10,0,0,67.42514656091744,286.47169847215343,6.105459550242803,0,0,0,933,D_pmar=0.054_dist=500_repair_6_males=6_nmar=1,6,1
0,7,0,500,71.76031198906993,270.2255957479634,18.142968022176863,0,0,0,933,D_pmar=0.054_dist=500_repair_6_males=6_nmar=1,6,1
0.054,11,500,0,68.82681639963995,287.12163141240814,0,14,1.4,2.767790335530648,933,D_pmar=0.054_dist=500_repair_6_males=6_nmar=1,6,1
0,12,500,500,70.90726186771172,270.86191112781324,18.33641984826791,0,0,0,933,D_pmar=0.054_dist=500_repair_6_males=6_nmar=1,6,1
0,8,1000,0,66.7423726633383,268.96759986555196,24.314663340366263,0,0,0,933,D_pmar=0.054_dist=500_repair_6_males=6_nmar=1,6,1
0,6,1000,500,75.30712032630423,266.581864171675,18.198184707903746,0,0,0,933,D_pmar=0.054_dist=500_repair_6_males=6_nmar=1,6,1
0,10,0,0,70.11252762940784,271.7078502093021,18.24477605145759,0,0,0,934,D_pmar=0.054_dist=500_repair_6_males=6_nmar=1,6,1
0,9,0,500,73.44884258247512,268.5513248261277,18.222750630441492,0,0,0,934,D_pmar=0.054_dist=500_repair_6_males=6_nmar=1,6,1
0,3,500,0,76.46299200589232,265.25664624108856,18.448841808420102,0,0,0,934,D_pmar=0.054_dist=500_repair_6_males=6_nmar=1,6,1
0.054,13,500,500,71.69756211928281,284.43089589202077,0,14,1.4,2.473843927895577,934,D_pmar=0.054_dist=500_repair_6_males=6_nmar=1,6,1
0,10,1000,0,68.15304611810213,279.95647800546567,12.121018731900136,0,0,0,934,D_pmar=0.054_dist=500_repair_6_males=6_nmar=1,6,1
0,9,1000,500,72.76977204900581,269.20959304504333,18.147772274030725,0,0,0,934,D_pmar=0.054_dist=500_repair_6_males=6_nmar=1,6,1
0,5,0,0,70.5782687580748,271.2007193220084,18.24180776351091,0,0,0,935,D_pmar=0.054_dist=500_repair_6_males=6_nmar=1,6,1
0,11,0,500,70.52934634622635,271.1954019271286,18.286721869024777,0,0,0,935,D_pmar=0.054_dist=500_repair_6_males=6_nmar=1,6,1
0,11,500,0,74.51459318353038,255.0881221004763,30.468314147635446,0,0,0,935,D_pmar=0.054_dist=500_repair_6_males=6_nmar=1,6,1
0,8,500,500,71.10775272221449,258.7176675704721,30.207835210713235,0,0,0,935,D_pmar=0.054_dist=500_repair_6_males=6_nmar=1,6,1
0,12,1000,0,74.74415243269642,267.0294471349676,18.37100237128464,0,0,0,935,D_pmar=0.054_dist=500_repair_6_males=6_nmar=1,6,1
0.054,7,1000,500,66.04053383086465,289.6602036966625,0,19,1.9000000000000008,2.410016166023338,935,D_pmar=0.054_dist=500_repair_6_males=6_nmar=1,6,1
0,5,0,0,73.90306076311751,280.2324080702673,6.056726060030709,0,0,0,936,D_pmar=0.054_dist=500_repair_6_males=6_nmar=1,6,1
0,4,0,500,72.7788709203158,256.7557726794146,30.55657177141415,0,0,0,936,D_pmar=0.054_dist=500_repair_6_males=6_nmar=1,6,1
0,11,500,0,70.16848167601636,269.16583648826656,20.76579649415484,0,0,0,936,D_pmar=0.054_dist=500_repair_6_males=6_nmar=1,6,1
0.054,11,500,500,73.58161878184679,282.45718864584137,0,18,1.8000000000000005,2.1768895963042274,936,D_pmar=0.054_dist=500_repair_6_males=6_nmar=1,6,1
0,9,1000,0,71.19528486051489,276.78668834760435,12.19469062082299,0,0,0,936,D_pmar=0.054_dist=500_repair_6_males=6_nmar=1,6,1
0,14,1000,500,74.59260610696701,248.85303737786373,36.752693419765095,0,0,0,936,D_pmar=0.054_dist=500_repair_6_males=6_nmar=1,6,1
0,6,0,0,67.38361871994614,249.6798401039824,42.98358812114325,0,0,0,937,D_pmar=0.054_dist=500_repair_6_males=6_nmar=1,6,1
0,8,0,500,70.11388852744534,283.9338699227891,6.0445551125913415,0,0,0,937,D_pmar=0.054_dist=500_repair_6_males=6_nmar=1,6,1
0.054,9,500,0,69.30572642963013,286.56373198419493,0,16,1.6000000000000003,2.5608198379159655,937,D_pmar=0.054_dist=500_repair_6_males=6_nmar=1,6,1
0,16,500,500,69.21484906457782,272.70873634682596,18.22682723308751,0,0,0,937,D_pmar=0.054_dist=500_repair_6_males=6_nmar=1,6,1
0,10,1000,0,71.75069776540491,263.84853106762176,24.435242191143047,0,0,0,937,D_pmar=0.054_dist=500_repair_6_males=6_nmar=1,6,1
0,5,1000,500,69.55428843654823,284.3268247106612,6.196415595609625,0,0,0,937,D_pmar=0.054_dist=500_repair_6_males=6_nmar=1,6,1
0,9,0,0,72.52448813772016,264.02530564519344,23.496797056129225,0,0,0,938,D_pmar=0.054_dist=500_repair_6_males=6_nmar=1,6,1
0,7,0,500,68.28483131786864,279.6881669515109,12.16993803668822,0,0,0,938,D_pmar=0.054_dist=500_repair_6_males=6_nmar=1,6,1
0,8,500,0,70.88939590730465,252.8004294359528,36.776509124201205,0,0,0,938,D_pmar=0.054_dist=500_repair_6_males=6_nmar=1,6,1
0,7,500,500,69.64602516700282,284.3399380892485,6.04129403790865,0,0,0,938,D_pmar=0.054_dist=500_repair_6_males=6_nmar=1,6,1
0.054,15,1000,0,71.33158350254078,284.5416284145062,0,16,1.6000000000000003,2.6606742013183906,938,D_pmar=0.054_dist=500_repair_6_males=6_nmar=1,6,1
0,8,1000,500,69.22174641700482,272.5702401941272,18.255817108137823,0,0,0,938,D_pmar=0.054_dist=500_repair_6_males=6_nmar=1,6,1
0,6,0,0,66.95806466008153,268.69303984021525,24.505758425589217,0,0,0,939,D_pmar=0.054_dist=500_repair_6_males=6_nmar=1,6,1
0.054,11,0,500,70.75947823368053,285.16851626410363,0,12,1.2,2.87859581155851,939,D_pmar=0.054_dist=500_repair_6_males=6_nmar=1,6,1
0,13,500,0,68.5698414222419,285.2853764073423,6.145377079235164,0,0,0,939,D_pmar=0.054_dist=500_repair_6_males=6_nmar=1,6,1
0,8,500,500,71.55416903420853,276.2529931377002,12.209407433820845,0,0,0,939,D_pmar=0.054_dist=500_repair_6_males=6_nmar=1,6,1
0,8,1000,0,68.79518218807448,285.294691129509,6.015311462292042,0,0,0,939,D_pmar=0.054_dist=500_repair_6_males=6_nmar=1,6,1
0,8,1000,500,72.25300253446093,265.6329762608938,22.16481543896562,0,0,0,939,D_pmar=0.054_dist=500_repair_6_males=6_nmar=1,6,1
0,5,0,0,68.92743993697626,278.95365745444303,12.210365397848982,0,0,0,93,D_pmar=0.054_dist=500_repair_6_males=6_nmar=1,6,1
0,8,0,500,71.79035601690768,276.0865938691209,12.155378700591486,0,0,0,93,D_pmar=0.054_dist=500_repair_6_males=6_nmar=1,6,1
0,9,500,0,70.01817824196603,259.7651142393681,30.338671413010733,0,0,0,93,D_pmar=0.054_dist=500_repair_6_males=6_nmar=1,6,1
0.054,18,500,500,74.0056286465844,281.78907099363596,0,16,1.6000000000000003,2.7182038627590983,93,D_pmar=0.054_dist=500_repair_6_males=6_nmar=1,6,1
0,9,1000,0,69.26978554353695,278.6320743469619,12.190795661888526,0,0,0,93,D_pmar=0.054_dist=500_repair_6_males=6_nmar=1,6,1
0,5,1000,500,72.1544661433488,257.181813656589,30.70563579435896,0,0,0,93,D_pmar=0.054_dist=500_repair_6_males=6_nmar=1,6,1
0,7,0,0,72.11807038507864,257.2365187657519,30.796488390900905,0,0,0,940,D_pmar=0.054_dist=500_repair_6_males=6_nmar=1,6,1
0,3,0,500,65.82277778904329,269.9783996942277,24.3658219162857,0,0,0,940,D_pmar=0.054_dist=500_repair_6_males=6_nmar=1,6,1
0,11,500,0,69.74725759794202,259.76373494333154,30.57273865888304,0,0,0,940,D_pmar=0.054_dist=500_repair_6_males=6_nmar=1,6,1
0,10,500,500,70.09426298428471,283.909427587074,6.037225639566542,0,0,0,940,D_pmar=0.054_dist=500_repair_6_males=6_nmar=1,6,1
0.054,8,1000,0,75.1999743043461,281.0027493913662,0,18,1.8000000000000005,2.041972301749917,940,D_pmar=0.054_dist=500_repair_6_males=6_nmar=1,6,1
0,15,1000,500,70.9978455628218,270.65470289586415,18.53788933354722,0,0,0,940,D_pmar=0.054_dist=500_repair_6_males=6_nmar=1,6,1
0,10,0,0,71.91211925907415,263.7020946970975,24.532365840049184,0,0,0,941,D_pmar=0.054_dist=500_repair_6_males=6_nmar=1,6,1
0,8,0,500,69.75013454154185,259.82884339876136,30.443968331016677,0,0,0,941,D_pmar=0.054_dist=500_repair_6_males=6_nmar=1,6,1
0,12,500,0,66.36730388832812,293.6595442280796,0,0,0,0,941,D_pmar=0.054_dist=500_repair_6_males=6_nmar=1,6,1
0,8,500,500,74.1538508252714,279.8646862632307,6.0346169363218944,0,0,0,941,D_pmar=0.054_dist=500_repair_6_males=6_nmar=1,6,1
0,8,1000,0,70.4384640085428,277.236512520228,12.332633154487564,0,0,0,941,D_pmar=0.054_dist=500_repair_6_males=6_nmar=1,6,1
0.054,8,1000,500,66.18643136025808,290.4570134956133,0,12,1.2,2.223185892600525,941,D_pmar=0.054_dist=500_repair_6_males=6_nmar=1,6,1
0,6,0,0,69.58554431894774,259.7774066764693,30.648283715406404,0,0,0,942,D_pmar=0.054_dist=500_repair_6_males=6_nmar=1,6,1
0,5,0,500,71.781952174001745,288.33768043520564,0,0,0,0,942,D_pmar=0.054_dist=500_repair_6_males=6_nmar=1,6,1
0,6,500,0,66.12748615568093,293.8981235126738,0,0,0,0,942,D_pmar=0.054_dist=500_repair_6_males=6_nmar=1,6,1
0,14,500,500,69.65698240787108,284.43065409618504,6.019228597237875,0,0,0,942,D_pmar=0.054_dist=500_repair_6_males=6_nmar=1,6,1
0,7,1000,0,72.06374062722203,245.3644964454975,42.57888226885207,0,0,0,942,D_pmar=0.054_dist=500_repair_6_males=6_nmar=1,6,1
0.054,16,1000,500,69.92485262784076,286.31099537044827,0,13,1.3,2.4642556509887927,942,D_pmar=0.054_dist=500_repair_6_males=6_nmar=1,6,1
0,11,0,0,71.96561395467715,269.957488106569,18.18417956198422,0,0,0,943,D_pmar=0.054_dist=500_repair_6_males=6_nmar=1,6,1
0,5,0,500,73.7407987022237,267.9969384733653,18.278950365625946,0,0,0,943,D_pmar=0.054_dist=500_repair_6_males=6_nmar=1,6,1
0.054,11,500,0,71.3296060641644,284.6253035625661,0,18,1.8000000000000005,2.359748275392462,943,D_pmar=0.054_dist=500_repair_6_males=6_nmar=1,6,1
0,10,500,500,71.36454850288924,239.75579752066292,48.95446398552512,0,0,0,943,D_pmar=0.054_dist=500_repair_6_males=6_nmar=1,6,1
0,9,1000,0,71.64778418959104,276.3388984939678,12.098188291750398,0,0,0,943,D_pmar=0.054_dist=500_repair_6_males=6_nmar=1,6,1
0,8,1000,500,70.26511532706506,277.70501825711005,12.114653463395078,0,0,0,943,D_pmar=0.054_dist=500_repair_6_males=6_nmar=1,6,1
0,14,0,0,67.2113632080327,286.69034010223527,6.19636004935678,0,0,0,944,D_pmar=0.054_dist=500_repair_6_males=6_nmar=1,6,1
0,5,0,500,70.34421244463263,253.33185511908013,36.51934235330648,0,0,0,944,D_pmar=0.054_dist=500_repair_6_males=6_nmar=1,6,1
0,8,500,0,74.4979108307216,260.3949467050602,25.123521476424724,0,0,0,944,D_pmar=0.054_dist=500_repair_6_males=6_nmar=1,6,1
0,13,500,500,72.48809597643239,238.4765888069824,49.15594040813406,0,0,0,944,D_pmar=0.054_dist=500_repair_6_males=6_nmar=1,6,1
0,7,1000,0,69.40345118958294,266.5631587679753,24.228388343442063,0,0,0,944,D_pmar=0.054_dist=500_repair_6_males=6_nmar=1,6,1
0.054,7,1000,500,71.01763263845602,284.2275180883173,0,24,2.400000000000001,2.467545827464045,944,D_pmar=0.054_dist=500_repair_6_males=6_nmar=1,6,1
0,3,0,0,72.16197574401556,257.5431923877259,30.509193333340324,0,0,0,945,D_pmar=0.054_dist=500_repair_6_males=6_nmar=1,6,1
0,14,0,500,71.41831135467427,282.70333057613755,6.076405401769081,0,0,0,945,D_pmar=0.054_dist=500_repair_6_males=6_nmar=1,6,1
0,7,500,0,70.3157315812114,247.19479090822236,42.521497258985114,0,0,0,945,D_pmar=0.054_dist=500_repair_6_males=6_nmar=1,6,1
0,12,500,500,70.0973113334101,271.77396022605893,18.473577709783672,0,0,0,945,D_pmar=0.054_dist=500_repair_6_males=6_nmar=1,6,1
0.054,12,1000,0,72.24170593122189,283.01471314743395,0,22,2.2000000000000006,2.568081608725797,945,D_pmar=0.054_dist=500_repair_6_males=6_nmar=1,6,1
0,6,1000,500,70.84499611276728,252.65222108481476,36.62230298918357,0,0,0,945,D_pmar=0.054_dist=500_repair_6_males=6_nmar=1,6,1
0,8,0,0,70.50088951975631,283.5638890689086,6.000794633200711,0,0,0,946,D_pmar=0.054_dist=500_repair_6_males=6_nmar=1,6,1
0,4,0,500,70.95880002131888,276.841471118224,12.310592362280069,0,0,0,946,D_pmar=0.054_dist=500_repair_6_males=6_nmar=1,6,1
0.054,12,500,0,70.53237977118141,285.75349805985906,0,15,1.5000000000000002,2.302218613951754,946,D_pmar=0.054_dist=500_repair_6_males=6_nmar=1,6,1
0,13,500,500,71.25007442221899,258.4553522580283,30.36958951038809,0,0,0,946,D_pmar=0.054_dist=500_repair_6_males=6_nmar=1,6,1
0,8,1000,0,72.6711854703148,257.20366019321335,30.397149659444345,0,0,0,946,D_pmar=0.054_dist=500_repair_6_males=6_nmar=1,6,1
0,9,1000,500,66.20092502615908,281.7161824125061,12.11143202069352,0,0,0,946,D_pmar=0.054_dist=500_repair_6_males=6_nmar=1,6,1
0,7,0,0,72.65312784078996,257.09012892827815,30.31103107004745,0,0,0,947,D_pmar=0.054_dist=500_repair_6_males=6_nmar=1,6,1
0,12,0,500,71.63941088218485,264.0070003196457,24.454362390175007,0,0,0,947,D_pmar=0.054_dist=500_repair_6_males=6_nmar=1,6,1
0,9,500,0,71.64617939803443,276.25607095373823,12.204678912175346,0,0,0,947,D_pmar=0.054_dist=500_repair_6_males=6_nmar=1,6,1
0,11,500,500,73.01076944884109,262.8517638891115,24.363919200699783,0,0,0,947,D_pmar=0.054_dist=500_repair_6_males=6_nmar=1,6,1
0,6,1000,0,72.09903691379468,269.75216499869475,18.42737377132729,0,0,0,947,D_pmar=0.054_dist=500_repair_6_males=6_nmar=1,6,1
0.054,9,1000,500,74.38341552273471,281.3192169272005,0,18,1.8000000000000005,2.561783508294265,947,D_pmar=0.054_dist=500_repair_6_males=6_nmar=1,6,1
0,11,0,0,71.34703357866634,270.5371029523358,18.263815452209613,0,0,0,948,D_pmar=0.054_dist=500_repair_6_males=6_nmar=1,6,1
0,9,0,500,64.76906751869323,258.9874288432228,36.48683851114113,0,0,0,948,D_pmar=0.054_dist=500_repair_6_males=6_nmar=1,6,1
0,9,500,0,74.85739282814629,261.07446764359383,24.288168307609418,0,0,0,948,D_pmar=0.054_dist=500_repair_6_males=6_nmar=1,6,1
0.054,10,500,500,69.79687559669907,285.50084847130415,0,21,2.1000000000000005,2.614377905022094,948,D_pmar=0.054_dist=500_repair_6_males=6_nmar=1,6,1
0,8,1000,0,72.35394791694901,275.53100749389307,12.15201035338178,0,0,0,948,D_pmar=0.054_dist=500_repair_6_males=6_nmar=1,6,1
0,7,1000,500,73.55373887601633,249.6867687499664,36.8203699856046,0,0,0,948,D_pmar=0.054_dist=500_repair_6_males=6_nmar=1,6,1
0,9,0,0,69.88113281449549,266.1200432983556,24.31828951853186,0,0,0,949,D_pmar=0.054_dist=500_repair_6_males=6_nmar=1,6,1
0,8,0,500,75.67866052834503,278.43630648561384,6.155567043860811,0,0,0,949,D_pmar=0.054_dist=500_repair_6_males=6_nmar=1,6,1
0,9,500,0,70.96200869582744,265.01730472195493,24.32185242946021,0,0,0,949,D_pmar=0.054_dist=500_repair_6_males=6_nmar=1,6,1
0,10,500,500,72.15423136747695,264.5846154965752,23.44241793360792,0,0,0,949,D_pmar=0.054_dist=500_repair_6_males=6_nmar=1,6,1
0.054,10,1000,0,72.60164537619264,283.74911033011546,0,15,1.5000000000000002,2.2671556827998685,949,D_pmar=0.054_dist=500_repair_6_males=6_nmar=1,6,1
0,8,1000,500,70.61126479635946,277.3811604038178,12.124643763863125,0,0,0,949,D_pmar=0.054_dist=500_repair_6_males=6_nmar=1,6,1
0,12,0,0,73.38675952881825,268.56043088780507,18.40174712470334,0,0,0,94,D_pmar=0.054_dist=500_repair_6_males=6_nmar=1,6,1
0,5,0,500,70.71641518569326,270.96729458516296,18.48436612689113,0,0,0,94,D_pmar=0.054_dist=500_repair_6_males=6_nmar=1,6,1
0,10,500,0,73.96869322732664,261.584156585401,24.531757790299302,0,0,0,94,D_pmar=0.054_dist=500_repair_6_males=6_nmar=1,6,1
0.054,9,500,500,72.86998349533674,282.2463635719752,0,21,2.1000000000000005,3.0247464712572323,94,D_pmar=0.054_dist=500_repair_6_males=6_nmar=1,6,1
0,10,1000,0,67.17687356178239,262.3353037481375,30.58487364130344,0,0,0,94,D_pmar=0.054_dist=500_repair_6_males=6_nmar=1,6,1
0,8,1000,500,73.34176600152036,250.36247876979027,36.54843316668719,0,0,0,94,D_pmar=0.054_dist=500_repair_6_males=6_nmar=1,6,1
0.054,5,0,0,73.4986374042322,282.51159011524476,0,16,1.6000000000000003,2.4754890161332033,950,D_pmar=0.054_dist=500_repair_6_males=6_nmar=1,6,1
0,9,0,500,68.98340095033527,278.9522857772122,12.322202087100628,0,0,0,950,D_pmar=0.054_dist=500_repair_6_males=6_nmar=1,6,1
0,11,500,0,73.63046066079808,243.36696507359127,43.024312529179994,0,0,0,950,D_pmar=0.054_dist=500_repair_6_males=6_nmar=1,6,1
0,13,500,500,68.32717747829409,273.40759255782694,18.354547937915846,0,0,0,950,D_pmar=0.054_dist=500_repair_6_males=6_nmar=1,6,1
0,7,1000,0,71.29066733464256,276.6497982783521,12.083852448532456,0,0,0,950,D_pmar=0.054_dist=500_repair_6_males=6_nmar=1,6,1
0,9,1000,500,67.8391589836647,280.3125383786796,12.099789146041449,0,0,0,950,D_pmar=0.054_dist=500_repair_6_males=6_nmar=1,6,1
0,8,0,0,68.90920969369587,285.0226164852469,6.124153418879181,0,0,0,951,D_pmar=0.054_dist=500_repair_6_males=6_nmar=1,6,1
0,4,0,500,67.04206065696559,274.8839948483559,18.26568758432997,0,0,0,951,D_pmar=0.054_dist=500_repair_6_males=6_nmar=1,6,1
0,15,500,0,70.96142907666115,252.4401533927159,36.611706065937646,0,0,0,951,D_pmar=0.054_dist=500_repair_6_males=6_nmar=1,6,1
0.054,8,500,500,68.29235548765071,287.0947884797031,0,20,2.0000000000000004,2.6567026069838113,951,D_pmar=0.054_dist=500_repair_6_males=6_nmar=1,6,1
0,8,1000,0,71.57212699481973,270.0648737965112,18.363552025547985,0,0,0,951,D_pmar=0.054_dist=500_repair_6_males=6_nmar=1,6,1
0,11,1000,500,68.87759991344804,248.52552178074643,42.68786944755855,0,0,0,951,D_pmar=0.054_dist=500_repair_6_males=6_nmar=1,6,1
0,12,0,0,65.95490668407871,263.5738921937706,30.47908531643199,0,0,0,952,D_pmar=0.054_dist=500_repair_6_males=6_nmar=1,6,1
0,12,0,500,72.91071830060004,280.9866749026546,6.135693003261726,0,0,0,952,D_pmar=0.054_dist=500_repair_6_males=6_nmar=1,6,1
0.054,14,500,0,69.30709473691,286.5475293481638,0,20,2.0000000000000004,2.3101618026209128,952,D_pmar=0.054_dist=500_repair_6_males=6_nmar=1,6,1
0,2,500,500,71.32334826380064,258.1150035419546,30.671242766084212,0,0,0,952,D_pmar=0.054_dist=500_repair_6_males=6_nmar=1,6,1
0,4,1000,0,68.57093709708336,254.96578168772524,36.56476485334201,0,0,0,952,D_pmar=0.054_dist=500_repair_6_males=6_nmar=1,6,1
0,10,1000,500,75.20332411618962,266.47440952230465,18.323770875711155,0,0,0,952,D_pmar=0.054_dist=500_repair_6_males=6_nmar=1,6,1
0,10,0,0,72.10278896807779,269.39686473917067,18.518995502725215,0,0,0,953,D_pmar=0.054_dist=500_repair_6_males=6_nmar=1,6,1
0,11,0,500,73.14620260760576,256.47652773986454,30.618918973417134,0,0,0,953,D_pmar=0.054_dist=500_repair_6_males=6_nmar=1,6,1
0,3,500,0,70.91022448751706,270.83058013241566,18.335220047515733,0,0,0,953,D_pmar=0.054_dist=500_repair_6_males=6_nmar=1,6,1
0.054,14,500,500,71.66399683994419,283.6062220804597,0,20,2.0000000000000004,2.810796455351692,953,D_pmar=0.054_dist=500_repair_6_males=6_nmar=1,6,1
0,10,1000,0,65.57203809753406,282.43481354861035,12.061036356956803,0,0,0,953,D_pmar=0.054_dist=500_repair_6_males=6_nmar=1,6,1
0,6,1000,500,75.12021197005791,242.551133241338,42.45042443996242,0,0,0,953,D_pmar=0.054_dist=500_repair_6_males=6_nmar=1,6,1
0,14,0,0,74.56758580970353,261.18205532236493,24.27947268756667,0,0,0,954,D_pmar=0.054_dist=500_repair_6_males=6_nmar=1,6,1
0,11,0,500,70.85227269503144,283.08123154459196,6.107756631536599,0,0,0,954,D_pmar=0.054_dist=500_repair_6_males=6_nmar=1,6,1
0.054,9,500,0,71.90273118058474,284.22342351811574,0,15,1.5000000000000002,2.410016166023338,954,D_pmar=0.054_dist=500_repair_6_males=6_nmar=1,6,1
0,6,500,500,67.69391921291695,274.21556783188754,18.20894947248335,0,0,0,954,D_pmar=0.054_dist=500_repair_6_males=6_nmar=1,6,1
0,8,1000,0,70.8288600179016,258.5975843837468,30.78756555589537,0,0,0,954,D_pmar=0.054_dist=500_repair_6_males=6_nmar=1,6,1
0,6,1000,500,70.05950411796168,277.9568140757932,12.130977638977056,0,0,0,954,D_pmar=0.054_dist=500_repair_6_males=6_nmar=1,6,1
0,11,0,0,71.36727270490971,282.46394139643604,6.183052675489827,0,0,0,955,D_pmar=0.054_dist=500_repair_6_males=6_nmar=1,6,1
0,7,0,500,70.53306900981983,264.94266033640906,24.653591985848532,0,0,0,955,D_pmar=0.054_dist=500_repair_6_males=6_nmar=1,6,1
0,7,500,0,70.60618853090345,271.28896151060775,18.163893052742317,0,0,0,955,D_pmar=0.054_dist=500_repair_6_males=6_nmar=1,6,1
0.054,14,500,500,70.73314330157505,285.14238242879776,0,17,1.7000000000000004,2.4371359085060647,955,D_pmar=0.054_dist=500_repair_6_males=6_nmar=1,6,1
0,9,1000,0,71.5627079926302,288.5213116378541,0,0,0,0,955,D_pmar=0.054_dist=500_repair_6_males=6_nmar=1,6,1
0,6,1000,500,69.95646295004546,241.09893154617615,49.07133769695733,0,0,0,955,D_pmar=0.054_dist=500_repair_6_males=6_nmar=1,6,1
0,11,0,0,68.86987336812327,285.08137501910056,6.152647976645336,0,0,0,956,D_pmar=0.054_dist=500_repair_6_males=6_nmar=1,6,1
0,6,0,500,69.52292503008226,284.5738029290176,6.041699827153701,0,0,0,956,D_pmar=0.054_dist=500_repair_6_males=6_nmar=1,6,1
0,7,500,0,72.17076682715681,269.94166929625504,18.151075609555697,0,0,0,956,D_pmar=0.054_dist=500_repair_6_males=6_nmar=1,6,1
0.054,8,500,500,73.91495066851118,281.70915766545363,0,11,1.1,3.302524249035012,956,D_pmar=0.054_dist=500_repair_6_males=6_nmar=1,6,1
0,8,1000,0,74.43558188776832,279.6462607809337,6.040480697844293,0,0,0,956,D_pmar=0.054_dist=500_repair_6_males=6_nmar=1,6,1
0,14,1000,500,70.25792608679234,259.34040574898927,30.435898389483217,0,0,0,956,D_pmar=0.054_dist=500_repair_6_males=6_nmar=1,6,1
0,16,0,0,70.81608077833152,283.05734663048185,6.142624533653871,0,0,0,957,D_pmar=0.054_dist=500_repair_6_males=6_nmar=1,6,1
0,9,0,500,75.23091291837851,241.99528275626665,42.95097479024002,0,0,0,957,D_pmar=0.054_dist=500_repair_6_males=6_nmar=1,6,1
0,9,500,0,68.43156525138158,261.27341972622844,30.394404858480467,0,0,0,957,D_pmar=0.054_dist=500_repair_6_males=6_nmar=1,6,1
0.054,5,500,500,67.96247099387583,287.87687371867645,0,17,1.7000000000000004,2.5680816087257967,957,D_pmar=0.054_dist=500_repair_6_males=6_nmar=1,6,1
0,8,1000,0,71.67253514517897,276.2400277273796,12.18017105804334,0,0,0,957,D_pmar=0.054_dist=500_repair_6_males=6_nmar=1,6,1
0,7,1000,500,72.11312869956028,275.971867388088,12.083498759789236,0,0,0,957,D_pmar=0.054_dist=500_repair_6_males=6_nmar=1,6,1
0,12,0,0,68.4871580639724,285.6645654875172,6.087572583784629,0,0,0,958,D_pmar=0.054_dist=500_repair_6_males=6_nmar=1,6,1
0,6,0,500,71.52248310982885,264.37522816118104,24.179641568422515,0,0,0,958,D_pmar=0.054_dist=500_repair_6_males=6_nmar=1,6,1
0,7,500,0,68.26475171217488,261.5155428313074,30.40999593483542,0,0,0,958,D_pmar=0.054_dist=500_repair_6_males=6_nmar=1,6,1
0.054,11,500,500,70.11961320404342,285.8763175276519,0,18,1.8000000000000005,2.392484700447395,958,D_pmar=0.054_dist=500_repair_6_males=6_nmar=1,6,1
0,8,1000,0,71.86007939432149,263.86261927511083,24.40586145296234,0,0,0,958,D_pmar=0.054_dist=500_repair_6_males=6_nmar=1,6,1
0,10,1000,500,67.20053121542398,268.36984779803635,24.588979068673805,0,0,0,958,D_pmar=0.054_dist=500_repair_6_males=6_nmar=1,6,1
0.054,9,0,0,67.48343135469429,287.8335843702917,0,22,2.2000000000000006,2.6256112701665044,959,D_pmar=0.054_dist=500_repair_6_males=6_nmar=1,6,1
0,9,0,500,69.45123159475158,266.47662206215466,24.192353830067383,0,0,0,959,D_pmar=0.054_dist=500_repair_6_males=6_nmar=1,6,1
0,8,500,0,69.51773585163653,259.21243599537013,31.463790215457397,0,0,0,959,D_pmar=0.054_dist=500_repair_6_males=6_nmar=1,6,1
0,9,500,500,70.71186992986733,271.10903353528926,18.29671497125501,0,0,0,959,D_pmar=0.054_dist=500_repair_6_males=6_nmar=1,6,1
0,10,1000,0,70.95840481229637,258.80524209039123,30.29030996315941,0,0,0,959,D_pmar=0.054_dist=500_repair_6_males=6_nmar=1,6,1
0,9,1000,500,70.45165679638231,265.1057643876805,24.44973545213465,0,0,0,959,D_pmar=0.054_dist=500_repair_6_males=6_nmar=1,6,1
0,3,0,0,69.31039307375555,260.2246334842066,30.485650578821055,0,0,0,95,D_pmar=0.054_dist=500_repair_6_males=6_nmar=1,6,1
0,9,0,500,75.47769784710589,272.44769032070644,12.117356619635398,0,0,0,95,D_pmar=0.054_dist=500_repair_6_males=6_nmar=1,6,1
0.054,13,500,0,70.91835424514255,285.155766201103,0,16,1.6000000000000003,2.354131592820256,95,D_pmar=0.054_dist=500_repair_6_males=6_nmar=1,6,1
0,8,500,500,71.54204027420073,270.2134276412155,18.317160469601692,0,0,0,95,D_pmar=0.054_dist=500_repair_6_males=6_nmar=1,6,1
0,8,1000,0,69.94116524905826,265.7678281145189,24.483095231540513,0,0,0,95,D_pmar=0.054_dist=500_repair_6_males=6_nmar=1,6,1
0,13,1000,500,71.26780860398114,276.48466765239385,12.249477328722769,0,0,0,95,D_pmar=0.054_dist=500_repair_6_males=6_nmar=1,6,1
0,6,0,0,67.33826319681015,268.5252683217794,24.21771794887875,0,0,0,960,D_pmar=0.054_dist=500_repair_6_males=6_nmar=1,6,1
0,9,0,500,76.2468813744293,283.7557527758664,0,0,0,0,960,D_pmar=0.054_dist=500_repair_6_males=6_nmar=1,6,1
0,8,500,0,73.41264790006396,256.0916368843185,30.70587986476678,0,0,0,960,D_pmar=0.054_dist=500_repair_6_males=6_nmar=1,6,1
0,8,500,500,71.31358766414641,260.34566454042294,28.47762695940723,0,0,0,960,D_pmar=0.054_dist=500_repair_6_males=6_nmar=1,6,1
0.054,14,1000,0,71.07076084729826,284.60980988053404,0,18,1.8000000000000005,2.5816414799671605,960,D_pmar=0.054_dist=500_repair_6_males=6_nmar=1,6,1
0,9,1000,500,74.28125796678044,261.19606586176377,24.754498687381815,0,0,0,960,D_pmar=0.054_dist=500_repair_6_males=6_nmar=1,6,1
0,11,0,0,71.85787336383073,276.04550923231454,12.175144134625812,0,0,0,961,D_pmar=0.054_dist=500_repair_6_males=6_nmar=1,6,1
0,5,0,500,71.57244832217093,270.16331324011003,18.273569671480058,0,0,0,961,D_pmar=0.054_dist=500_repair_6_males=6_nmar=1,6,1
0.054,8,500,0,69.32268407744688,286.9668643705283,0,14,1.4,2.604789628115309,961,D_pmar=0.054_dist=500_repair_6_males=6_nmar=1,6,1
0,8,500,500,71.74692968731587,270.22947632996596,18.034954629410084,0,0,0,961,D_pmar=0.054_dist=500_repair_6_males=6_nmar=1,6,1
0,9,1000,0,70.01587703293517,265.68779784939323,24.374755470808974,0,0,0,961,D_pmar=0.054_dist=500_repair_6_males=6_nmar=1,6,1
0,13,1000,500,70.12448669411086,277.73751768766266,12.200630072837304,0,0,0,961,D_pmar=0.054_dist=500_repair_6_males=6_nmar=1,6,1
0,10,0,0,71.12524844031415,264.1552179464011,24.783884402925487,0,0,0,962,D_pmar=0.054_dist=500_repair_6_males=6_nmar=1,6,1
0,13,0,500,69.52222731661354,278.2369914047902,12.279839036090078,0,0,0,962,D_pmar=0.054_dist=500_repair_6_males=6_nmar=1,6,1
0.054,12,500,0,67.32271381931471,288.8381403788567,0,14,1.4,2.465900739226419,962,D_pmar=0.054_dist=500_repair_6_males=6_nmar=1,6,1
0,7,500,500,71.2286703196993,276.6473766971447,12.239771759223286,0,0,0,962,D_pmar=0.054_dist=500_repair_6_males=6_nmar=1,6,1
0,7,1000,0,66.02063164115555,275.6213634510467,18.410706276533567,0,0,0,962,D_pmar=0.054_dist=500_repair_6_males=6_nmar=1,6,1
0,5,1000,500,69.17825246367984,272.2778290116305,18.61670453102076,0,0,0,962,D_pmar=0.054_dist=500_repair_6_males=6_nmar=1,6,1
0,14,0,0,72.2690175136121,238.6572934641877,49.07715956880429,0,0,0,963,D_pmar=0.054_dist=500_repair_6_males=6_nmar=1,6,1
0,9,0,500,72.8353199099729,277.5386886699865,9.645952507524273,0,0,0,963,D_pmar=0.054_dist=500_repair_6_males=6_nmar=1,6,1
0,6,500,0,68.26375494087029,255.3483163223758,36.39534068020435,0,0,0,963,D_pmar=0.054_dist=500_repair_6_males=6_nmar=1,6,1
0,7,500,500,67.56060380576214,280.1895696215685,12.268079202208767,0,0,0,963,D_pmar=0.054_dist=500_repair_6_males=6_nmar=1,6,1
0.054,12,1000,0,71.41469953393634,284.42677708142196,0,20,2.0000000000000004,2.172918001969649,963,D_pmar=0.054_dist=500_repair_6_males=6_nmar=1,6,1
0,6,1000,500,68.66230649974597,279.3164149509189,12.164823178738342,0,0,0,963,D_pmar=0.054_dist=500_repair_6_males=6_nmar=1,6,1
0,10,0,0,71.54137207587269,270.4257616343205,18.159729478690487,0,0,0,964,D_pmar=0.054_dist=500_repair_6_males=6_nmar=1,6,1
0.054,5,0,500,72.24546087960327,283.6883197350404,0,17,1.7000000000000004,2.5545217374844333,964,D_pmar=0.054_dist=500_repair_6_males=6_nmar=1,6,1
0,14,500,0,69.17159118709463,285.0612720301751,6.114306301780357,0,0,0,964,D_pmar=0.054_dist=500_repair_6_males=6_nmar=1,6,1
0,8,500,500,72.53698550088936,265.23083733126236,22.286286142933484,0,0,0,964,D_pmar=0.054_dist=500_repair_6_males=6_nmar=1,6,1
0,10,1000,0,72.56995106151896,263.11117215134175,24.34157076746286,0,0,0,964,D_pmar=0.054_dist=500_repair_6_males=6_nmar=1,6,1
0,7,1000,500,73.40437313541256,256.1107188917415,30.534600043754335,0,0,0,964,D_pmar=0.054_dist=500_repair_6_males=6_nmar=1,6,1
0,6,0,0,72.92655001293505,287.3356207165763,0,0,0,0,965,D_pmar=0.054_dist=500_repair_6_males=6_nmar=1,6,1
0,10,0,500,72.57068429796209,250.8512948358647,36.63204878837602,0,0,0,965,D_pmar=0.054_dist=500_repair_6_males=6_nmar=1,6,1
0,9,500,0,73.93770547282843,273.95699991450084,12.12709990234656,0,0,0,965,D_pmar=0.054_dist=500_repair_6_males=6_nmar=1,6,1
0,8,500,500,69.90155226123196,265.87536398835954,24.36794302784668,0,0,0,965,D_pmar=0.054_dist=500_repair_6_males=6_nmar=1,6,1
0,11,1000,0,68.91592945851606,273.0014145630914,18.220145546619023,0,0,0,965,D_pmar=0.054_dist=500_repair_6_males=6_nmar=1,6,1
0.054,10,1000,500,69.82610676174531,286.5468821513571,0,15,1.5000000000000002,2.1401815769147157,965,D_pmar=0.054_dist=500_repair_6_males=6_nmar=1,6,1
0,11,0,0,73.39233281606836,274.45735851139733,12.283084783816893,0,0,0,966,D_pmar=0.054_dist=500_repair_6_males=6_nmar=1,6,1
0,4,0,500,64.65674348310714,252.27774244405188,43.10285558533997,0,0,0,966,D_pmar=0.054_dist=500_repair_6_males=6_nmar=1,6,1
0,8,500,0,69.12406201546595,266.3283756699813,24.549906636048767,0,0,0,966,D_pmar=0.054_dist=500_repair_6_males=6_nmar=1,6,1
0.054,10,500,500,71.79109041734145,283.92636742664985,0,18,1.8000000000000005,2.5912297568739455,966,D_pmar=0.054_dist=500_repair_6_males=6_nmar=1,6,1
0,12,1000,0,71.29571135443717,276.6035894523275,12.12289678804962,0,0,0,966,D_pmar=0.054_dist=500_repair_6_males=6_nmar=1,6,1
0,9,1000,500,69.03602472147645,272.8099331538077,18.264433828262312,0,0,0,966,D_pmar=0.054_dist=500_repair_6_males=6_nmar=1,6,1
0.054,11,0,0,71.9626077675856,284.4042289193694,0,15,1.5000000000000002,2.192094555783218,967,D_pmar=0.054_dist=500_repair_6_males=6_nmar=1,6,1
0,10,0,500,69.18935413364966,272.5993823446197,18.45404698248737,0,0,0,967,D_pmar=0.054_dist=500_repair_6_males=6_nmar=1,6,1
0,9,500,0,76.0165574974776,247.73983155854805,36.468319645977815,0,0,0,967,D_pmar=0.054_dist=500_repair_6_males=6_nmar=1,6,1
0,8,500,500,70.14735926317323,277.75816065309647,12.336139530667811,0,0,0,967,D_pmar=0.054_dist=500_repair_6_males=6_nmar=1,6,1
0,11,1000,0,71.35928188985183,270.4887974210948,18.201151461633316,0,0,0,967,D_pmar=0.054_dist=500_repair_6_males=6_nmar=1,6,1
0,5,1000,500,69.64755112543843,284.5099164818095,6.0496625610671035,0,0,0,967,D_pmar=0.054_dist=500_repair_6_males=6_nmar=1,6,1
0,14,0,0,72.27490155952748,272.3660685838366,15.459044224811826,0,0,0,968,D_pmar=0.054_dist=500_repair_6_males=6_nmar=1,6,1
0,4,0,500,67.10355182144856,268.6618021066146,24.377890999757692,0,0,0,968,D_pmar=0.054_dist=500_repair_6_males=6_nmar=1,6,1
0,6,500,0,70.15367646310081,265.45208540448056,24.59285981997603,0,0,0,968,D_pmar=0.054_dist=500_repair_6_males=6_nmar=1,6,1
0,10,500,500,72.36860400527445,269.59063971453725,18.177719390412495,0,0,0,968,D_pmar=0.054_dist=500_repair_6_males=6_nmar=1,6,1
0.054,10,1000,0,68.56856269327386,287.55127212829865,0,16,1.6000000000000003,2.2807155540412323,968,D_pmar=0.054_dist=500_repair_6_males=6_nmar=1,6,1
0,10,1000,500,71.48875038318977,276.2519831174073,12.313847069448116,0,0,0,968,D_pmar=0.054_dist=500_repair_6_males=6_nmar=1,6,1
0,8,0,0,69.09764468673787,285.19140516412386,6.072531128796437,0,0,0,969,D_pmar=0.054_dist=500_repair_6_males=6_nmar=1,6,1
0,7,0,500,67.11847157820557,262.78140879792034,30.110112371299746,0,0,0,969,D_pmar=0.054_dist=500_repair_6_males=6_nmar=1,6,1
0,10,500,0,67.60949187683966,267.97194945729234,24.442098883591253,0,0,0,969,D_pmar=0.054_dist=500_repair_6_males=6_nmar=1,6,1
0.054,12,500,500,68.40096487507088,287.68326029384093,0,17,1.7000000000000004,2.2598939119900363,969,D_pmar=0.054_dist=500_repair_6_males=6_nmar=1,6,1
0,8,1000,0,70.1466784379248,283.86493383502267,6.010871293826178,0,0,0,969,D_pmar=0.054_dist=500_repair_6_males=6_nmar=1,6,1
0,9,1000,500,68.02985595349544,255.13160730559952,36.89661609203003,0,0,0,969,D_pmar=0.054_dist=500_repair_6_males=6_nmar=1,6,1
0,14,0,0,69.20641091381968,284.74742078747835,6.101610022747713,0,0,0,96,D_pmar=0.054_dist=500_repair_6_males=6_nmar=1,6,1
0,6,0,500,65.88704593200686,269.56164641058336,24.557793021369815,0,0,0,96,D_pmar=0.054_dist=500_repair_6_males=6_nmar=1,6,1
0,6,500,0,66.49787908901729,275.5210731956949,18.128215338403827,0,0,0,96,D_pmar=0.054_dist=500_repair_6_males=6_nmar=1,6,1
0,7,500,500,72.44147858595366,250.63543466408703,37.102171770959046,0,0,0,96,D_pmar=0.054_dist=500_repair_6_males=6_nmar=1,6,1
0,12,1000,0,71.23551612656644,276.41910719763274,12.37579310908759,0,0,0,96,D_pmar=0.054_dist=500_repair_6_males=6_nmar=1,6,1
0.054,9,1000,500,69.29409745822677,286.91546711797815,0,16,1.6000000000000003,2.2655105945622416,96,D_pmar=0.054_dist=500_repair_6_males=6_nmar=1,6,1
0,11,0,0,67.53592252798849,274.12834937625917,18.34292432970828,0,0,0,970,D_pmar=0.054_dist=500_repair_6_males=6_nmar=1,6,1
0,7,0,500,72.60987738028628,281.3275345922246,6.085466896780409,0,0,0,970,D_pmar=0.054_dist=500_repair_6_males=6_nmar=1,6,1
0.054,11,500,0,70.47984015029961,286.2298704177468,0,13,1.3,2.1785346845418547,970,D_pmar=0.054_dist=500_repair_6_males=6_nmar=1,6,1
0,10,500,500,67.50310240326752,278.0201045160537,14.509855700136695,0,0,0,970,D_pmar=0.054_dist=500_repair_6_males=6_nmar=1,6,1
0,12,1000,0,72.51235029085507,269.1857880152261,18.399025848584937,0,0,0,970,D_pmar=0.054_dist=500_repair_6_males=6_nmar=1,6,1
0,3,1000,500,69.97001809195312,271.74118197448695,18.33889469667275,0,0,0,970,D_pmar=0.054_dist=500_repair_6_males=6_nmar=1,6,1
0.054,13,0,0,70.83727923118242,285.82870922412167,0,15,1.5000000000000002,1.9110266015301856,971,D_pmar=0.054_dist=500_repair_6_males=6_nmar=1,6,1
0,9,0,500,70.48527298410282,271.29578978782126,18.41936611267488,0,0,0,971,D_pmar=0.054_dist=500_repair_6_males=6_nmar=1,6,1
0,8,500,0,73.44623762647987,243.64793849509903,42.90900719023842,0,0,0,971,D_pmar=0.054_dist=500_repair_6_males=6_nmar=1,6,1
0,5,500,500,70.47131410930353,283.48888553807916,6.076087506653089,0,0,0,971,D_pmar=0.054_dist=500_repair_6_males=6_nmar=1,6,1
0,10,1000,0,69.92270486931346,278.17530906308826,12.083095877036351,0,0,0,971,D_pmar=0.054_dist=500_repair_6_males=6_nmar=1,6,1
0,9,1000,500,72.18635882219641,275.7507245788093,12.128351811697774,0,0,0,971,D_pmar=0.054_dist=500_repair_6_males=6_nmar=1,6,1
0,8,0,0,69.34177086592697,284.5062622812073,6.166223429313324,0,0,0,972,D_pmar=0.054_dist=500_repair_6_males=6_nmar=1,6,1
0,7,0,500,70.59147315126783,259.1812005872611,30.435470460198463,0,0,0,972,D_pmar=0.054_dist=500_repair_6_males=6_nmar=1,6,1
0,13,500,0,68.86138318752329,284.940890950605,6.202508639946027,0,0,0,972,D_pmar=0.054_dist=500_repair_6_males=6_nmar=1,6,1
0,7,500,500,68.44042043642094,248.7861435085761,42.804933989834666,0,0,0,972,D_pmar=0.054_dist=500_repair_6_males=6_nmar=1,6,1
0,7,1000,0,69.5519953212478,274.86452664400787,15.714132487255394,0,0,0,972,D_pmar=0.054_dist=500_repair_6_males=6_nmar=1,6,1
0.054,12,1000,500,70.45221291298213,285.4679147728349,0,17,1.7000000000000004,2.539316778005442,972,D_pmar=0.054_dist=500_repair_6_males=6_nmar=1,6,1
0,8,0,0,70.75493566211742,265.04516742579943,24.283658321548817,0,0,0,973,D_pmar=0.054_dist=500_repair_6_males=6_nmar=1,6,1
0,13,0,500,74.10612856547944,273.87134972525905,12.092626827476712,0,0,0,973,D_pmar=0.054_dist=500_repair_6_males=6_nmar=1,6,1
0,7,500,0,69.85783435939828,265.9558402748104,24.351118012213057,0,0,0,973,D_pmar=0.054_dist=500_repair_6_males=6_nmar=1,6,1
0,8,500,500,72.59758545463299,256.9121257471554,30.55543376221726,0,0,0,973,D_pmar=0.054_dist=500_repair_6_males=6_nmar=1,6,1
0,9,1000,0,71.40546259307582,258.29585327460404,30.41073786563168,0,0,0,973,D_pmar=0.054_dist=500_repair_6_males=6_nmar=1,6,1
0.054,9,1000,500,71.33779455467689,284.1926091353435,0,20,2.0000000000000004,2.5082254411881366,973,D_pmar=0.054_dist=500_repair_6_males=6_nmar=1,6,1
0,5,0,0,72.63401281676362,281.327429448536,6.077759846049548,0,0,0,974,D_pmar=0.054_dist=500_repair_6_males=6_nmar=1,6,1
0,7,0,500,69.29808360096348,248.41160998560167,42.49296638141635,0,0,0,974,D_pmar=0.054_dist=500_repair_6_males=6_nmar=1,6,1
0,14,500,0,69.48259398579657,290.70502786641845,0,0,0,0,974,D_pmar=0.054_dist=500_repair_6_males=6_nmar=1,6,1
0,9,500,500,68.14849335131295,273.6253659141487,18.250103021336944,0,0,0,974,D_pmar=0.054_dist=500_repair_6_males=6_nmar=1,6,1
0,9,1000,0,73.21784261936115,268.437261476167,18.44831072900192,0,0,0,974,D_pmar=0.054_dist=500_repair_6_males=6_nmar=1,6,1
0.054,10,1000,500,72.05562082362292,284.72121283335474,0,14,1.4,2.1481247655838738,974,D_pmar=0.054_dist=500_repair_6_males=6_nmar=1,6,1
0,13,0,0,70.33515827528565,271.65245521872237,18.268866540789993,0,0,0,975,D_pmar=0.054_dist=500_repair_6_males=6_nmar=1,6,1
0,8,0,500,69.78205142173624,276.76409363629887,13.493217732069423,0,0,0,975,D_pmar=0.054_dist=500_repair_6_males=6_nmar=1,6,1
0,8,500,0,71.09204746596615,270.8386735019696,18.37979045832123,0,0,0,975,D_pmar=0.054_dist=500_repair_6_males=6_nmar=1,6,1
0,6,500,500,68.04312291166741,273.86150512729745,18.197265352767964,0,0,0,975,D_pmar=0.054_dist=500_repair_6_males=6_nmar=1,6,1
0.054,8,1000,0,72.50451553995843,283.59535041777127,0,16,1.6000000000000003,2.334955039006687,975,D_pmar=0.054_dist=500_repair_6_males=6_nmar=1,6,1
0,11,1000,500,75.1530318825308,260.7214115761159,24.27207511388569,0,0,0,975,D_pmar=0.054_dist=500_repair_6_males=6_nmar=1,6,1
0,6,0,0,67.32529723354294,262.2512545529115,30.487870665443506,0,0,0,976,D_pmar=0.054_dist=500_repair_6_males=6_nmar=1,6,1
0,7,0,500,71.36932501607848,288.63327720785185,0,0,0,0,976,D_pmar=0.054_dist=500_repair_6_males=6_nmar=1,6,1
0,8,500,0,70.14869875361039,265.4972786590423,24.421155653187743,0,0,0,976,D_pmar=0.054_dist=500_repair_6_males=6_nmar=1,6,1
0,5,500,500,73.18247326781851,274.66235912323356,12.265067039014594,0,0,0,976,D_pmar=0.054_dist=500_repair_6_males=6_nmar=1,6,1
0.054,20,1000,0,69.98711424159052,286.344362202997,0,16,1.6000000000000003,2.2790704658036063,976,D_pmar=0.054_dist=500_repair_6_males=6_nmar=1,6,1
0,8,1000,500,72.90840280968308,256.79502920685724,30.41250577764607,0,0,0,976,D_pmar=0.054_dist=500_repair_6_males=6_nmar=1,6,1
0,5,0,0,71.86951864624228,251.88837353070548,36.499434438596026,0,0,0,977,D_pmar=0.054_dist=500_repair_6_males=6_nmar=1,6,1
0.054,12,0,500,71.01648919754292,284.7825376860606,0,17,1.7000000000000004,2.5409618662430695,977,D_pmar=0.054_dist=500_repair_6_males=6_nmar=1,6,1
0,10,500,0,68.43399704610025,285.5974261714022,6.24549442412736,0,0,0,977,D_pmar=0.054_dist=500_repair_6_males=6_nmar=1,6,1
0,8,500,500,73.0629224588203,250.47756179172737,36.63240454798309,0,0,0,977,D_pmar=0.054_dist=500_repair_6_males=6_nmar=1,6,1
0,6,1000,0,69.74460395871661,278.16555543375273,12.319487316027038,0,0,0,977,D_pmar=0.054_dist=500_repair_6_males=6_nmar=1,6,1
0,13,1000,500,71.10121087788775,277.00925003303854,12.079574841984916,0,0,0,977,D_pmar=0.054_dist=500_repair_6_males=6_nmar=1,6,1
0.054,10,0,0,70.9511606294117,284.3062634634265,0,23,2.3000000000000007,2.481105698705409,978,D_pmar=0.054_dist=500_repair_6_males=6_nmar=1,6,1
0,7,0,500,70.63375862043662,270.9148772901692,18.564975594290868,0,0,0,978,D_pmar=0.054_dist=500_repair_6_males=6_nmar=1,6,1
0,7,500,0,68.55108711570676,267.532160657523,24.318503757574312,0,0,0,978,D_pmar=0.054_dist=500_repair_6_males=6_nmar=1,6,1
0,12,500,500,70.98900469126457,270.81648791644875,18.27157116150641,0,0,0,978,D_pmar=0.054_dist=500_repair_6_males=6_nmar=1,6,1
0,9,1000,0,71.6077236817741,233.5853706260074,54.94820377718073,0,0,0,978,D_pmar=0.054_dist=500_repair_6_males=6_nmar=1,6,1
0,9,1000,500,69.55088291325437,268.819645189663,21.751262084662923,0,0,0,978,D_pmar=0.054_dist=500_repair_6_males=6_nmar=1,6,1
0.054,7,0,0,69.24648042217021,287.321936471706,0,17,1.7000000000000004,1.7737828008789236,979,D_pmar=0.054_dist=500_repair_6_males=6_nmar=1,6,1
0,5,0,500,67.03484603211977,280.95116517030925,12.231677200099467,0,0,0,979,D_pmar=0.054_dist=500_repair_6_males=6_nmar=1,6,1
0,5,500,0,67.13957599949138,264.4385401603647,28.532623901882538,0,0,0,979,D_pmar=0.054_dist=500_repair_6_males=6_nmar=1,6,1
0,12,500,500,69.36635849270881,278.66317670867124,12.254546030230484,0,0,0,979,D_pmar=0.054_dist=500_repair_6_males=6_nmar=1,6,1
0,9,1000,0,69.8655096815682,253.6276266533928,36.75127368056511,0,0,0,979,D_pmar=0.054_dist=500_repair_6_males=6_nmar=1,6,1
0,16,1000,500,68.26936999146783,279.6332280567492,12.173973604807744,0,0,0,979,D_pmar=0.054_dist=500_repair_6_males=6_nmar=1,6,1
0.054,12,0,0,67.85948276513244,287.95514417288274,0,20,2.0000000000000004,2.2288025751727303,97,D_pmar=0.054_dist=500_repair_6_males=6_nmar=1,6,1
0,7,0,500,68.06244644705015,267.7291939421053,24.43995138677966,0,0,0,97,D_pmar=0.054_dist=500_repair_6_males=6_nmar=1,6,1
0,6,500,0,71.36964867137918,245.66346057099804,42.997595607414056,0,0,0,97,D_pmar=0.054_dist=500_repair_6_males=6_nmar=1,6,1
0,14,500,500,70.36838807913534,277.2653672170736,12.379230642077149,0,0,0,97,D_pmar=0.054_dist=500_repair_6_males=6_nmar=1,6,1
0,12,1000,0,68.86114754698588,260.3523258692897,30.801496747365363,0,0,0,97,D_pmar=0.054_dist=500_repair_6_males=6_nmar=1,6,1
0,3,1000,500,70.65717152650473,277.1662827647511,12.255736444057986,0,0,0,97,D_pmar=0.054_dist=500_repair_6_males=6_nmar=1,6,1
0,12,0,0,73.43266044853007,258.2925231935897,28.392555995789973,0,0,0,980,D_pmar=0.054_dist=500_repair_6_males=6_nmar=1,6,1
0.054,7,0,500,73.141130674662,281.9945470803983,0,24,2.400000000000001,2.5968464394461512,980,D_pmar=0.054_dist=500_repair_6_males=6_nmar=1,6,1
0,13,500,0,68.55034427433657,266.99164176698486,24.536931623830732,0,0,0,980,D_pmar=0.054_dist=500_repair_6_males=6_nmar=1,6,1
0,3,500,500,72.87915107248295,250.31201002948828,36.890919952337455,0,0,0,980,D_pmar=0.054_dist=500_repair_6_males=6_nmar=1,6,1
0,13,1000,0,69.01668308753796,266.6710528643425,24.35231709702066,0,0,0,980,D_pmar=0.054_dist=500_repair_6_males=6_nmar=1,6,1
0,6,1000,500,72.51324936834831,257.3370157679987,30.16915234834834,0,0,0,980,D_pmar=0.054_dist=500_repair_6_males=6_nmar=1,6,1
0,8,0,0,68.15885034389252,273.5814706509715,18.35302154127993,0,0,0,981,D_pmar=0.054_dist=500_repair_6_males=6_nmar=1,6,1
0,11,0,500,69.23333992533586,266.4508589882205,24.469788528178626,0,0,0,981,D_pmar=0.054_dist=500_repair_6_males=6_nmar=1,6,1
0.054,5,500,0,70.43253068788577,285.0678628269171,0,17,1.7000000000000004,3.0654260849813237,981,D_pmar=0.054_dist=500_repair_6_males=6_nmar=1,6,1
0,11,500,500,67.76303086634525,280.22921734645644,12.158924191155904,0,0,0,981,D_pmar=0.054_dist=500_repair_6_males=6_nmar=1,6,1
0,10,1000,0,68.85404450559598,248.50694875020727,42.65103423644475,0,0,0,981,D_pmar=0.054_dist=500_repair_6_males=6_nmar=1,6,1
0,9,1000,500,70.06810069128122,284.06767525487874,6.052751727360155,0,0,0,981,D_pmar=0.054_dist=500_repair_6_males=6_nmar=1,6,1
0,10,0,0,68.42746521489124,267.1584648931481,24.4229250709031,0,0,0,982,D_pmar=0.054_dist=500_repair_6_males=6_nmar=1,6,1
0.054,8,0,500,69.69763921811143,286.30847889097737,0,18,1.8000000000000005,2.2383908520795144,982,D_pmar=0.054_dist=500_repair_6_males=6_nmar=1,6,1
0,12,500,0,69.25147776624053,284.6681423467179,6.12163177637621,0,0,0,982,D_pmar=0.054_dist=500_repair_6_males=6_nmar=1,6,1
0,11,500,500,68.30622110522002,267.3905631827066,24.33440436026513,0,0,0,982,D_pmar=0.054_dist=500_repair_6_males=6_nmar=1,6,1
0,8,1000,0,68.43100533524039,273.41175139380454,18.26249932995514,0,0,0,982,D_pmar=0.054_dist=500_repair_6_males=6_nmar=1,6,1
0,5,1000,500,70.9705853778045,252.495029362588,36.559488241468635,0,0,0,982,D_pmar=0.054_dist=500_repair_6_males=6_nmar=1,6,1
0.054,7,0,0,69.58005557347762,285.78219692251935,0,20,2.0000000000000004,2.6686173899875483,983,D_pmar=0.054_dist=500_repair_6_males=6_nmar=1,6,1
0,10,0,500,73.82308816443042,261.8463429262929,24.393751352509387,0,0,0,983,D_pmar=0.054_dist=500_repair_6_males=6_nmar=1,6,1
0,7,500,0,70.598577526462,271.2046084094795,18.247565155231896,0,0,0,983,D_pmar=0.054_dist=500_repair_6_males=6_nmar=1,6,1
0,11,500,500,68.7956396239781,285.3046791512494,6.004054240298433,0,0,0,983,D_pmar=0.054_dist=500_repair_6_males=6_nmar=1,6,1
0,10,1000,0,68.26730907798209,236.83806731516373,55.08172183724052,0,0,0,983,D_pmar=0.054_dist=500_repair_6_males=6_nmar=1,6,1
0,9,1000,500,69.59330642571292,272.25117429118814,18.383013003176075,0,0,0,983,D_pmar=0.054_dist=500_repair_6_males=6_nmar=1,6,1
0.054,6,0,0,73.41054278984191,283.33985559536075,0,12,1.2,2.246334040748673,984,D_pmar=0.054_dist=500_repair_6_males=6_nmar=1,6,1
0,11,0,500,65.86966583928697,282.0444848139316,12.158829983324068,0,0,0,984,D_pmar=0.054_dist=500_repair_6_males=6_nmar=1,6,1
0,10,500,0,70.09358410640715,259.8112997878101,30.24974697974639,0,0,0,984,D_pmar=0.054_dist=500_repair_6_males=6_nmar=1,6,1
0,6,500,500,71.47478924436373,270.1231352585749,18.420713721905667,0,0,0,984,D_pmar=0.054_dist=500_repair_6_males=6_nmar=1,6,1
0,8,1000,0,70.01101394111163,287.80920717034934,2.2674916928469697,0,0,0,984,D_pmar=0.054_dist=500_repair_6_males=6_nmar=1,6,1
0,13,1000,500,68.17079485896924,285.7795679599664,6.158026768801477,0,0,0,984,D_pmar=0.054_dist=500_repair_6_males=6_nmar=1,6,1
0,11,0,0,68.154250683319475,279.48945620279324,12.386717692233017,0,0,0,985,D_pmar=0.054_dist=500_repair_6_males=6_nmar=1,6,1
0,11,0,500,71.04970565832926,270.71797439292027,18.333576624662683,0,0,0,985,D_pmar=0.054_dist=500_repair_6_males=6_nmar=1,6,1
0.054,11,500,0,69.72702945915847,286.46679558330175,0,14,1.4,2.627937776263458,985,D_pmar=0.054_dist=500_repair_6_males=6_nmar=1,6,1
0,6,500,500,68.85864756466722,267.0395643208907,24.3238374515894,0,0,0,985,D_pmar=0.054_dist=500_repair_6_males=6_nmar=1,6,1
0,9,1000,0,66.25778180414162,275.70658345136627,18.231213140849384,0,0,0,985,D_pmar=0.054_dist=500_repair_6_males=6_nmar=1,6,1
0,6,1000,500,75.91404164881307,271.9813580669593,12.195298870345376,0,0,0,985,D_pmar=0.054_dist=500_repair_6_males=6_nmar=1,6,1
0,9,0,0,70.13763601680046,277.6728749049098,12.243002962322985,0,0,0,986,D_pmar=0.054_dist=500_repair_6_males=6_nmar=1,6,1
0,12,0,500,69.65741402624678,266.05221882380624,24.385032322785374,0,0,0,986,D_pmar=0.054_dist=500_repair_6_males=6_nmar=1,6,1
0,7,500,0,74.36195309094148,273.6115387344898,12.15424869366416,0,0,0,986,D_pmar=0.054_dist=500_repair_6_males=6_nmar=1,6,1
0,8,500,500,72.7561819497243,262.9162767192287,24.340953145143448,0,0,0,986,D_pmar=0.054_dist=500_repair_6_males=6_nmar=1,6,1
0,10,1000,0,67.19513781355434,286.8016427216797,6.170469396384657,0,0,0,986,D_pmar=0.054_dist=500_repair_6_males=6_nmar=1,6,1
0.054,8,1000,500,70.45603216942807,286.10593010600826,0,13,1.3,2.163329725062864,986,D_pmar=0.054_dist=500_repair_6_males=6_nmar=1,6,1
0,5,0,0,69.53993686911699,247.47301011418708,43.03836598367997,0,0,0,987,D_pmar=0.054_dist=500_repair_6_males=6_nmar=1,6,1
0.054,10,0,500,68.97110387812724,287.195412587468,0,17,1.7000000000000004,2.200037744452376,987,D_pmar=0.054_dist=500_repair_6_males=6_nmar=1,6,1
0,12,500,0,74.39411794994939,267.2037180398528,18.553423886262728,0,0,0,987,D_pmar=0.054_dist=500_repair_6_males=6_nmar=1,6,1
0,6,500,500,73.14039916543643,268.76341043364187,18.125212842731603,0,0,0,987,D_pmar=0.054_dist=500_repair_6_males=6_nmar=1,6,1
0,13,1000,0,71.0165744140012,289.116890866991,0,0,0,0,987,D_pmar=0.054_dist=500_repair_6_males=6_nmar=1,6,1
0,8,1000,500,70.07434486927181,265.4403216003529,24.642628548613448,0,0,0,987,D_pmar=0.054_dist=500_repair_6_males=6_nmar=1,6,1
0.054,13,0,0,69.81958796656059,285.7373525774572,0,21,2.1000000000000005,2.389194523972142,988,D_pmar=0.054_dist=500_repair_6_males=6_nmar=1,6,1
0,7,0,500,69.99412405784722,247.7010454795954,42.4916446837405,0,0,0,988,D_pmar=0.054_dist=500_repair_6_males=6_nmar=1,6,1
0,8,500,0,73.68442536234616,255.48041623593392,30.846943806963225,0,0,0,988,D_pmar=0.054_dist=500_repair_6_males=6_nmar=1,6,1
0,7,500,500,70.50515438628088,277.30922471601446,12.27558556442856,0,0,0,988,D_pmar=0.054_dist=500_repair_6_males=6_nmar=1,6,1
0,11,1000,0,67.03607302663332,256.53763034254774,36.48141221125148,0,0,0,988,D_pmar=0.054_dist=500_repair_6_males=6_nmar=1,6,1
0,8,1000,500,70.79107146898808,283.217001702438,6.028357278744117,0,0,0,988,D_pmar=0.054_dist=500_repair_6_males=6_nmar=1,6,1
0,11,0,0,72.54032668414136,275.2198100939939,12.29377704316781,0,0,0,989,D_pmar=0.054_dist=500_repair_6_males=6_nmar=1,6,1
0,10,0,500,71.68810593852544,263.90585131340526,24.52652514404788,0,0,0,989,D_pmar=0.054_dist=500_repair_6_males=6_nmar=1,6,1
0,12,500,0,70.7854470864888,283.1855798996004,6.077102646712033,0,0,0,989,D_pmar=0.054_dist=500_repair_6_males=6_nmar=1,6,1
0,3,500,500,68.97769485608417,272.92390682236316,18.295789951161854,0,0,0,989,D_pmar=0.054_dist=500_repair_6_males=6_nmar=1,6,1
0,6,1000,0,72.98787277100246,262.8810677151903,24.304933352234613,0,0,0,989,D_pmar=0.054_dist=500_repair_6_males=6_nmar=1,6,1
0.054,12,1000,500,74.85341941549599,281.6653701810742,0,14,1.4,2.3828964235406103,989,D_pmar=0.054_dist=500_repair_6_males=6_nmar=1,6,1
0.054,7,0,0,70.92779514565792,285.77844906878397,0,12,1.2,2.1825062788764336,98,D_pmar=0.054_dist=500_repair_6_males=6_nmar=1,6,1
0,9,0,500,70.46459693127692,265.2146097661535,24.32911050742912,0,0,0,98,D_pmar=0.054_dist=500_repair_6_males=6_nmar=1,6,1
0,8,500,0,69.97261759476983,259.8334223919353,30.377876970138782,0,0,0,98,D_pmar=0.054_dist=500_repair_6_males=6_nmar=1,6,1
0,8,500,500,73.13162931478809,280.71762675584125,6.205106878923768,0,0,0,98,D_pmar=0.054_dist=500_repair_6_males=6_nmar=1,6,1
0,14,1000,0,71.43511378456509,288.6007663518954,0,0,0,0,98,D_pmar=0.054_dist=500_repair_6_males=6_nmar=1,6,1
0,8,1000,500,66.00829480624269,281.96912311469526,12.118876722456864,0,0,0,98,D_pmar=0.054_dist=500_repair_6_males=6_nmar=1,6,1
0,8,0,0,69.23130864932578,254.06062536364036,36.801557790363816,0,0,0,990,D_pmar=0.054_dist=500_repair_6_males=6_nmar=1,6,1
0.054,6,0,500,71.02971405707406,284.2935513863002,0,22,2.2000000000000006,2.5720532030603764,990,D_pmar=0.054_dist=500_repair_6_males=6_nmar=1,6,1
0,11,500,0,73.24994901132558,250.02667119427113,36.779456884081064,0,0,0,990,D_pmar=0.054_dist=500_repair_6_males=6_nmar=1,6,1
0,11,500,500,71.67288265990989,251.7656942622396,36.58883681724747,0,0,0,990,D_pmar=0.054_dist=500_repair_6_males=6_nmar=1,6,1
0,9,1000,0,68.52378700494296,285.58787804272515,6.126009162014321,0,0,0,990,D_pmar=0.054_dist=500_repair_6_males=6_nmar=1,6,1
0,9,1000,500,73.43313033378656,268.4079222144092,18.195711725598105,0,0,0,990,D_pmar=0.054_dist=500_repair_6_males=6_nmar=1,6,1
0,8,0,0,68.5931299976186,279.03608282304583,12.464425527591445,0,0,0,991,D_pmar=0.054_dist=500_repair_6_males=6_nmar=1,6,1
0,8,0,500,71.60406986678846,270.2822347394607,18.18211271998769,0,0,0,991,D_pmar=0.054_dist=500_repair_6_males=6_nmar=1,6,1
0,8,500,0,66.52171090731922,275.26270274827925,18.22986214617393,0,0,0,991,D_pmar=0.054_dist=500_repair_6_males=6_nmar=1,6,1
0,12,500,500,70.33542972068686,265.49736843634594,24.252159216368803,0,0,0,991,D_pmar=0.054_dist=500_repair_6_males=6_nmar=1,6,1
0,16,1000,0,69.48439484057168,259.79081005351435,30.73850886446428,0,0,0,991,D_pmar=0.054_dist=500_repair_6_males=6_nmar=1,6,1
0.054,2,1000,500,67.8369823446873,288.3120265563467,0,17,1.7000000000000004,2.247979128986299,991,D_pmar=0.054_dist=500_repair_6_males=6_nmar=1,6,1
0.054,9,0,0,70.505519302935,285.37904652771624,0,20,2.0000000000000004,2.171272913732022,992,D_pmar=0.054_dist=500_repair_6_males=6_nmar=1,6,1
0,12,0,500,70.16288655703515,259.48170363385873,30.399342096195145,0,0,0,992,D_pmar=0.054_dist=500_repair_6_males=6_nmar=1,6,1
0,6,500,0,71.33563206845035,239.6287041373243,49.18497783212895,0,0,0,992,D_pmar=0.054_dist=500_repair_6_males=6_nmar=1,6,1
0,6,500,500,68.40707599092151,285.712678140899,6.083810330180167,0,0,0,992,D_pmar=0.054_dist=500_repair_6_males=6_nmar=1,6,1
0,9,1000,0,71.8810112056665,257.5895326072312,30.579989259300444,0,0,0,992,D_pmar=0.054_dist=500_repair_6_males=6_nmar=1,6,1
0,12,1000,500,71.13601678105634,282.87672027215467,6.2105324126024515,0,0,0,992,D_pmar=0.054_dist=500_repair_6_males=6_nmar=1,6,1
0,6,0,0,69.75613824616389,266.26221739751384,24.240505377511543,0,0,0,993,D_pmar=0.054_dist=500_repair_6_males=6_nmar=1,6,1
0,7,0,500,68.80469429197285,279.12435541824175,12.094040888121356,0,0,0,993,D_pmar=0.054_dist=500_repair_6_males=6_nmar=1,6,1
0,3,500,0,71.24920136427693,252.4453288317013,36.41589800689132,0,0,0,993,D_pmar=0.054_dist=500_repair_6_males=6_nmar=1,6,1
0,7,500,500,72.00570334916976,257.6957767679626,30.307159689509607,0,0,0,993,D_pmar=0.054_dist=500_repair_6_males=6_nmar=1,6,1
0.054,17,1000,0,74.62478398242236,280.4669769584425,0,23,2.3000000000000007,2.702998903280108,993,D_pmar=0.054_dist=500_repair_6_males=6_nmar=1,6,1
0,14,1000,500,70.19733983927543,253.7819413488769,36.21993634309614,0,0,0,993,D_pmar=0.054_dist=500_repair_6_males=6_nmar=1,6,1
0,8,0,0,71.24377818768598,270.4003819222472,18.41625377083111,0,0,0,994,D_pmar=0.054_dist=500_repair_6_males=6_nmar=1,6,1
0,5,0,500,69.6486721955887,278.31465486495574,12.274266160689798,0,0,0,994,D_pmar=0.054_dist=500_repair_6_males=6_nmar=1,6,1
0,13,500,0,70.41322878726317,271.08430142947145,18.51690302741451,0,0,0,994,D_pmar=0.054_dist=500_repair_6_males=6_nmar=1,6,1
0,5,500,500,68.79058223690517,260.8956854068187,30.332952070064422,0,0,0,994,D_pmar=0.054_dist=500_repair_6_males=6_nmar=1,6,1
0.054,10,1000,0,67.57125260237872,287.39620388904996,0,21,2.1000000000000005,2.948040256002955,994,D_pmar=0.054_dist=500_repair_6_males=6_nmar=1,6,1
0,13,1000,500,70.93970350275005,240.2523551689779,48.918109626602,0,0,0,994,D_pmar=0.054_dist=500_repair_6_males=6_nmar=1,6,1
0,9,0,0,71.57718507098885,282.4705305782551,6.034856978918809,0,0,0,995,D_pmar=0.054_dist=500_repair_6_males=6_nmar=1,6,1
0,9,0,500,71.12574019820643,276.61517831437664,12.2963026247799,0,0,0,995,D_pmar=0.054_dist=500_repair_6_males=6_nmar=1,6,1
0,8,500,0,69.90474647830719,278.10254862433436,12.09974545382964,0,0,0,995,D_pmar=0.054_dist=500_repair_6_males=6_nmar=1,6,1
0.054,4,500,500,70.08765577566797,286.73251152961626,0,11,1.1,2.211271109596787,995,D_pmar=0.054_dist=500_repair_6_males=6_nmar=1,6,1
0,13,1000,0,71.30387262302852,264.1096397937579,24.704130196358683,0,0,0,995,D_pmar=0.054_dist=500_repair_6_males=6_nmar=1,6,1
0,11,1000,500,71.6894557680595,276.08560665022054,12.285480161612606,0,0,0,995,D_pmar=0.054_dist=500_repair_6_males=6_nmar=1,6,1
0,8,0,0,69.58900080017186,265.2017260029125,25.253517843240843,0,0,0,996,D_pmar=0.054_dist=500_repair_6_males=6_nmar=1,6,1
0,10,0,500,69.13807636740273,284.85769487902064,6.071539883686404,0,0,0,996,D_pmar=0.054_dist=500_repair_6_males=6_nmar=1,6,1
0,9,500,0,68.73626082315593,279.34335090494835,12.201797981206637,0,0,0,996,D_pmar=0.054_dist=500_repair_6_males=6_nmar=1,6,1
0,12,500,500,70.47057454512932,271.2654205329168,18.340902411086507,0,0,0,996,D_pmar=0.054_dist=500_repair_6_males=6_nmar=1,6,1
0.054,8,1000,0,69.60900249057039,286.2962249213921,0,16,1.6000000000000003,2.5449334605776484,996,D_pmar=0.054_dist=500_repair_6_males=6_nmar=1,6,1
0,7,1000,500,71.79010278379418,257.613387820479,30.729712327926027,0,0,0,996,D_pmar=0.054_dist=500_repair_6_males=6_nmar=1,6,1
0,6,0,0,69.9108602201711,278.10217289378227,12.08760024731667,0,0,0,997,D_pmar=0.054_dist=500_repair_6_males=6_nmar=1,6,1
0,7,0,500,71.75724159858518,263.7272794783485,24.55697335362008,0,0,0,997,D_pmar=0.054_dist=500_repair_6_males=6_nmar=1,6,1
0,16,500,0,74.67146051069778,248.93979084414408,36.47465216130491,0,0,0,997,D_pmar=0.054_dist=500_repair_6_males=6_nmar=1,6,1
0,5,500,500,70.54364146202045,271.12769413963724,18.40739573504391,0,0,0,997,D_pmar=0.054_dist=500_repair_6_males=6_nmar=1,6,1
0.054,10,1000,0,70.54530017782591,285.07921012884685,0,19,1.9000000000000008,2.4946655699467732,997,D_pmar=0.054_dist=500_repair_6_males=6_nmar=1,6,1
0,10,1000,500,71.56974242992779,264.0324165498426,24.398763077502604,0,0,0,997,D_pmar=0.054_dist=500_repair_6_males=6_nmar=1,6,1
0,10,0,0,69.53440573191523,272.116055306322,18.45363394010896,0,0,0,998,D_pmar=0.054_dist=500_repair_6_males=6_nmar=1,6,1
0,9,0,500,73.9982702635746,255.70049845929717,30.574229456963884,0,0,0,998,D_pmar=0.054_dist=500_repair_6_males=6_nmar=1,6,1
0,12,500,0,69.3152609710038,248.46325416766328,42.37989205165485,0,0,0,998,D_pmar=0.054_dist=500_repair_6_males=6_nmar=1,6,1
0.054,7,500,500,70.82939824267494,284.68767227910706,0,20,2.0000000000000004,2.5297285010986585,998,D_pmar=0.054_dist=500_repair_6_males=6_nmar=1,6,1
0,5,1000,0,70.81267673246126,277.10811385658786,12.246681227285974,0,0,0,998,D_pmar=0.054_dist=500_repair_6_males=6_nmar=1,6,1
0,11,1000,500,70.48332058468887,271.1798870381041,18.338262473270508,0,0,0,998,D_pmar=0.054_dist=500_repair_6_males=6_nmar=1,6,1
0,10,0,0,69.07102476713727,278.9587830759448,12.205403682975112,0,0,0,999,D_pmar=0.054_dist=500_repair_6_males=6_nmar=1,6,1
0.054,11,0,500,70.76972978957366,285.449618345085,0,14,1.4,2.619994587594299,999,D_pmar=0.054_dist=500_repair_6_males=6_nmar=1,6,1
0,8,500,0,69.88243096888738,253.7177459692711,36.45875369582032,0,0,0,999,D_pmar=0.054_dist=500_repair_6_males=6_nmar=1,6,1
0,11,500,500,67.9428216025021,273.74427144095205,18.38666247867873,0,0,0,999,D_pmar=0.054_dist=500_repair_6_males=6_nmar=1,6,1
0,6,1000,0,67.86444024178842,280.1192001127569,12.162723876306153,0,0,0,999,D_pmar=0.054_dist=500_repair_6_males=6_nmar=1,6,1
0,8,1000,500,68.88272828168802,285.1210940164908,6.115776107991446,0,0,0,999,D_pmar=0.054_dist=500_repair_6_males=6_nmar=1,6,1
0,16,0,0,70.20611498062934,246.6150081742296,43.42400044377183,0,0,0,99,D_pmar=0.054_dist=500_repair_6_males=6_nmar=1,6,1
0,11,0,500,68.9477691104714,285.3429110938369,6.023263555201748,0,0,0,99,D_pmar=0.054_dist=500_repair_6_males=6_nmar=1,6,1
0.054,6,500,0,68.68731639315601,285.9958650877162,0,27,2.700000000000001,2.63026428236041,99,D_pmar=0.054_dist=500_repair_6_males=6_nmar=1,6,1
0,8,500,500,69.98536227968633,241.1312592524362,48.8843322175188,0,0,0,99,D_pmar=0.054_dist=500_repair_6_males=6_nmar=1,6,1
0,8,1000,0,69.921956490991235,246.9497429107978,43.153878387118375,0,0,0,99,D_pmar=0.054_dist=500_repair_6_males=6_nmar=1,6,1
0,5,1000,500,68.52092168943477,273.212910097707,18.34653485764131,0,0,0,99,D_pmar=0.054_dist=500_repair_6_males=6_nmar=1,6,1
