probability_maraud,successful_mating,x_pos,y_pos,foraging_hrs,staying_hrs,repairing_hrs,marauding_events,marauding_hrs,traveling_hrs,rnd_seed,directory,num_males,num_mar
0,7,0,0,70.29641860696401,283.6956393179429,6.0363430294804745,0,0,0,0,D_pmar=0.054_dist=500_repair_6_males=6_nmar=1,6,1
0,10,0,500,70.85319156233338,230.6485211727712,58.51858407763153,0,0,0,0,D_pmar=0.054_dist=500_repair_6_males=6_nmar=1,6,1
0.054,7,500,0,71.5734625982964,284.1265320016397,0,18,1.8000000000000005,2.566791606642444,0,D_pmar=0.054_dist=500_repair_6_males=6_nmar=1,6,1
0,11,500,500,68.38118566545432,291.6975207560442,0,0,0,0,0,D_pmar=0.054_dist=500_repair_6_males=6_nmar=1,6,1
0,11,1000,0,69.75372024356005,254.1132341287783,36.18382761917031,0,0,0,0,D_pmar=0.054_dist=500_repair_6_males=6_nmar=1,6,1
0,8,1000,500,72.02741827310383,282.3336448709973,6.0136030200556565,0,0,0,0,D_pmar=0.054_dist=500_repair_6_males=6_nmar=1,6,1
0,10,0,0,72.67498425057117,269.43245614749645,18.122762629743537,0,0,0,1,D_pmar=0.054_dist=500_repair_6_males=6_nmar=1,6,1
0,7,0,500,69.55768612227823,278.40792176400566,12.108363499740957,0,0,0,1,D_pmar=0.054_dist=500_repair_6_males=6_nmar=1,6,1
0,13,500,0,72.61280982797183,269.2207569664582,18.286191267687457,0,0,0,1,D_pmar=0.054_dist=500_repair_6_males=6_nmar=1,6,1
0,7,500,500,70.11586746961767,289.9231142300304,0,0,0,0,1,D_pmar=0.054_dist=500_repair_6_males=6_nmar=1,6,1
0.054,8,1000,0,69.15212916282859,286.8048178331184,0,17,1.7000000000000004,2.5591527100852995,1,D_pmar=0.054_dist=500_repair_6_males=6_nmar=1,6,1
0,8,1000,500,73.22894298011319,231.43040640663503,55.42181089672173,0,0,0,1,D_pmar=0.054_dist=500_repair_6_males=6_nmar=1,6,1
0,7,0,0,68.15427805543139,267.44896608862587,24.541172496237827,0,0,0,2,D_pmar=0.054_dist=500_repair_6_males=6_nmar=1,6,1
0,7,0,500,73.07105170037354,219.66483885981384,67.32300624583675,0,0,0,2,D_pmar=0.054_dist=500_repair_6_males=6_nmar=1,6,1
0,11,500,0,72.26571354141454,275.7690382022904,12.171845459572546,0,0,0,2,D_pmar=0.054_dist=500_repair_6_males=6_nmar=1,6,1
0,7,500,500,69.21183294321321,284.94042643305914,6.027340005909152,0,0,0,2,D_pmar=0.054_dist=500_repair_6_males=6_nmar=1,6,1
0.054,11,1000,0,67.19091122074514,288.60953630007197,0,18,1.8000000000000005,2.457957550557261,2,D_pmar=0.054_dist=500_repair_6_males=6_nmar=1,6,1
0,11,1000,500,70.18294099423895,289.85538819846823,0,0,0,0,2,D_pmar=0.054_dist=500_repair_6_males=6_nmar=1,6,1
0,10,0,0,74.04153551556577,255.52776847691212,30.442262655478626,0,0,0,3,D_pmar=0.054_dist=500_repair_6_males=6_nmar=1,6,1
0,3,0,500,69.9161367705622,290.220366081874,0,0,0,0,3,D_pmar=0.054_dist=500_repair_6_males=6_nmar=1,6,1
0.054,17,500,0,72.58521423487386,283.42934859570255,0,17,1.7000000000000004,2.2971312031828672,3,D_pmar=0.054_dist=500_repair_6_males=6_nmar=1,6,1
0,9,500,500,69.4149962962382,269.84357503023995,20.862236541422316,0,0,0,3,D_pmar=0.054_dist=500_repair_6_males=6_nmar=1,6,1
0,7,1000,0,67.62034038172132,268.3150066580442,24.18972919318439,0,0,0,3,D_pmar=0.054_dist=500_repair_6_males=6_nmar=1,6,1
0,8,1000,500,70.9292161181068,264.5265546491429,24.61597561237812,0,0,0,3,D_pmar=0.054_dist=500_repair_6_males=6_nmar=1,6,1
0,3,0,0,74.41444192332679,279.57736661245957,6.0687543288208206,0,0,0,4,D_pmar=0.054_dist=500_repair_6_males=6_nmar=1,6,1
0,3,0,500,68.61722595967196,278.9748042599433,12.492601741916143,0,0,0,4,D_pmar=0.054_dist=500_repair_6_males=6_nmar=1,6,1
0,12,500,0,74.84669390088499,279.21782083751674,6.026323864806406,0,0,0,4,D_pmar=0.054_dist=500_repair_6_males=6_nmar=1,6,1
0.054,4,500,500,68.84804782368028,288.12676292261233,0,10,1,2.05553217299128,4,D_pmar=0.054_dist=500_repair_6_males=6_nmar=1,6,1
0,10,1000,0,70.93102902294997,258.3552272705637,30.71985767758534,0,0,0,4,D_pmar=0.054_dist=500_repair_6_males=6_nmar=1,6,1
0,22,1000,500,70.31149038365858,283.80551414629235,6.1090164165862015,0,0,0,4,D_pmar=0.054_dist=500_repair_6_males=6_nmar=1,6,1
0,7,0,0,71.55002419682953,246.32417971889927,42.43984056622344,0,0,0,5,D_pmar=0.054_dist=500_repair_6_males=6_nmar=1,6,1
0,6,0,500,69.89945143695769,290.15641176224773,0,0,0,0,5,D_pmar=0.054_dist=500_repair_6_males=6_nmar=1,6,1
0,8,500,0,68.17920716334005,261.2592875728876,30.67618297888346,0,0,0,5,D_pmar=0.054_dist=500_repair_6_males=6_nmar=1,6,1
0,9,500,500,68.5745269190671,273.5020293753598,18.085388175779773,0,0,0,5,D_pmar=0.054_dist=500_repair_6_males=6_nmar=1,6,1
0.054,14,1000,0,67.78763082906606,288.2239626312074,0,19,1.9000000000000008,2.106481481481482,5,D_pmar=0.054_dist=500_repair_6_males=6_nmar=1,6,1
0,10,1000,500,70.51416396827679,265.3713927530497,24.47802867230549,0,0,0,5,D_pmar=0.054_dist=500_repair_6_males=6_nmar=1,6,1
0,14,0,0,66.82169228132075,250.80878511101668,42.43223573434475,0,0,0,6,D_pmar=0.054_dist=500_repair_6_males=6_nmar=1,6,1
0.054,5,0,500,67.84816348496925,288.49102664881303,0,16,1.6000000000000003,2.2141048479040206,6,D_pmar=0.054_dist=500_repair_6_males=6_nmar=1,6,1
0,10,500,0,72.72063874663338,281.3024429514341,6.00808832607368,0,0,0,6,D_pmar=0.054_dist=500_repair_6_males=6_nmar=1,6,1
0,8,500,500,73.00119183717395,287.1067792858918,0,0,0,0,6,D_pmar=0.054_dist=500_repair_6_males=6_nmar=1,6,1
0,8,1000,0,71.24200104808938,282.8297660484991,6.038613407347892,0,0,0,6,D_pmar=0.054_dist=500_repair_6_males=6_nmar=1,6,1
0,9,1000,500,69.6601524285904,247.84676534021523,42.73426041760665,0,0,0,6,D_pmar=0.054_dist=500_repair_6_males=6_nmar=1,6,1
0.054,8,0,0,68.60826062644969,287.5616366420302,0,15,1.5000000000000002,2.523430400667127,7,D_pmar=0.054_dist=500_repair_6_males=6_nmar=1,6,1
0,9,0,500,69.87282173722113,284.06224890118017,6.083010326346334,0,0,0,7,D_pmar=0.054_dist=500_repair_6_males=6_nmar=1,6,1
0,5,500,0,70.71891775456554,289.30126375838717,0,0,0,0,7,D_pmar=0.054_dist=500_repair_6_males=6_nmar=1,6,1
0,10,500,500,71.8750509283842,276.1459010133869,12.158995884663598,0,0,0,7,D_pmar=0.054_dist=500_repair_6_males=6_nmar=1,6,1
0,8,1000,0,74.3741525977733,260.9491012476159,24.70067327841575,0,0,0,7,D_pmar=0.054_dist=500_repair_6_males=6_nmar=1,6,1
0,14,1000,500,69.29690055220811,241.44830282711348,49.38961202678539,0,0,0,7,D_pmar=0.054_dist=500_repair_6_males=6_nmar=1,6,1
0,11,0,0,66.72287600557064,285.07540865389444,8.265921353048405,0,0,0,8,D_pmar=0.054_dist=500_repair_6_males=6_nmar=1,6,1
0,13,0,500,69.97880572954168,259.4862535274502,30.663457064490867,0,0,0,8,D_pmar=0.054_dist=500_repair_6_males=6_nmar=1,6,1
0,10,500,0,74.76884805996474,267.32443023183396,18.12848315991289,0,0,0,8,D_pmar=0.054_dist=500_repair_6_males=6_nmar=1,6,1
0,7,500,500,71.54587237126293,288.6581305495893,0,0,0,0,8,D_pmar=0.054_dist=500_repair_6_males=6_nmar=1,6,1
0.054,10,1000,0,71.56348329876187,285.5261931285912,0,11,1.1,1.8584322048023585,8,D_pmar=0.054_dist=500_repair_6_males=6_nmar=1,6,1
0,3,1000,500,69.5303440382242,284.38738804993335,6.142869426592647,0,0,0,8,D_pmar=0.054_dist=500_repair_6_males=6_nmar=1,6,1
0,9,0,0,72.61391398121557,245.12620569620083,42.38022006858895,0,0,0,9,D_pmar=0.054_dist=500_repair_6_males=6_nmar=1,6,1
0,9,0,500,67.99153349770057,279.69500126100536,12.352427618511989,0,0,0,9,D_pmar=0.054_dist=500_repair_6_males=6_nmar=1,6,1
0,11,500,0,68.41878431670202,291.6698015801998,0,0,0,0,9,D_pmar=0.054_dist=500_repair_6_males=6_nmar=1,6,1
0.054,5,500,500,71.71441188934777,284.1145943131932,0,17,1.7000000000000004,2.5683638612447712,9,D_pmar=0.054_dist=500_repair_6_males=6_nmar=1,6,1
0,5,1000,0,73.99397171197694,243.2118873945322,42.864901341267675,0,0,0,9,D_pmar=0.054_dist=500_repair_6_males=6_nmar=1,6,1
0,15,1000,500,75.13452895084866,278.8092896158784,6.138563553986504,0,0,0,9,D_pmar=0.054_dist=500_repair_6_males=6_nmar=1,6,1
0,13,0,0,70.1962386067763,277.92066356939233,12.041947096419085,0,0,0,100,D_pmar=0.054_dist=500_repair_6_males=6_nmar=1,6,1
0.054,4,0,500,68.49426802601741,286.95598085597044,0,18,1.8000000000000005,2.847222222222227,100,D_pmar=0.054_dist=500_repair_6_males=6_nmar=1,6,1
0,8,500,0,70.28036321426703,243.26074590216663,46.526751397625986,0,0,0,100,D_pmar=0.054_dist=500_repair_6_males=6_nmar=1,6,1
0,4,500,500,73.57496912183535,286.45661271954117,0,0,0,0,100,D_pmar=0.054_dist=500_repair_6_males=6_nmar=1,6,1
0,17,1000,0,68.74986363780437,285.26267695907006,6.047237854818314,0,0,0,100,D_pmar=0.054_dist=500_repair_6_males=6_nmar=1,6,1
0,8,1000,500,71.13998002067835,246.61629349656047,42.395309253425374,0,0,0,100,D_pmar=0.054_dist=500_repair_6_males=6_nmar=1,6,1
0,9,0,0,73.12955123698792,256.2939703685185,30.637326023193392,0,0,0,101,D_pmar=0.054_dist=500_repair_6_males=6_nmar=1,6,1
0,6,0,500,71.98078379510468,226.86526418926223,61.186281990906714,0,0,0,101,D_pmar=0.054_dist=500_repair_6_males=6_nmar=1,6,1
0,8,500,0,69.10732457753438,272.91114548905665,18.2664658877641,0,0,0,101,D_pmar=0.054_dist=500_repair_6_males=6_nmar=1,6,1
0,6,500,500,73.01004023690082,274.8632230712547,12.330103878381411,0,0,0,101,D_pmar=0.054_dist=500_repair_6_males=6_nmar=1,6,1
0.054,9,1000,0,70.78558287094316,284.6927828635764,0,21,2.1000000000000005,2.5047610790638375,101,D_pmar=0.054_dist=500_repair_6_males=6_nmar=1,6,1
0,16,1000,500,73.31259134597902,280.7743978295167,6.04583350151476,0,0,0,101,D_pmar=0.054_dist=500_repair_6_males=6_nmar=1,6,1
0,15,0,0,67.98905166979492,267.51677736672156,24.58676049712746,0,0,0,102,D_pmar=0.054_dist=500_repair_6_males=6_nmar=1,6,1
0,5,0,500,71.56303012610921,282.316411219468,6.222448438627507,0,0,0,102,D_pmar=0.054_dist=500_repair_6_males=6_nmar=1,6,1
0,6,500,0,68.04184001340856,279.97357578630124,12.12428129857347,0,0,0,102,D_pmar=0.054_dist=500_repair_6_males=6_nmar=1,6,1
0,12,500,500,71.07261256569085,276.91066905570017,12.108119606141328,0,0,0,102,D_pmar=0.054_dist=500_repair_6_males=6_nmar=1,6,1
0,7,1000,0,69.92939302508813,253.67339169871067,36.612342127646656,0,0,0,102,D_pmar=0.054_dist=500_repair_6_males=6_nmar=1,6,1
0.054,9,1000,500,74.54419637550295,281.79360722260765,0,15,1.5000000000000002,2.2514942851528583,102,D_pmar=0.054_dist=500_repair_6_males=6_nmar=1,6,1
0,5,0,0,72.1243166520178,269.55570594503484,18.386219290020552,0,0,0,103,D_pmar=0.054_dist=500_repair_6_males=6_nmar=1,6,1
0,6,0,500,68.05481867652507,273.68931601415994,18.399069465149683,0,0,0,103,D_pmar=0.054_dist=500_repair_6_males=6_nmar=1,6,1
0,7,500,0,70.72631451463988,264.8542533873059,24.47697599160805,0,0,0,103,D_pmar=0.054_dist=500_repair_6_males=6_nmar=1,6,1
0,11,500,500,72.33167461042208,275.5603764062666,12.285995130957724,0,0,0,103,D_pmar=0.054_dist=500_repair_6_males=6_nmar=1,6,1
0,7,1000,0,73.51342102116745,237.8711510761709,48.69293666288918,0,0,0,103,D_pmar=0.054_dist=500_repair_6_males=6_nmar=1,6,1
0.054,18,1000,500,70.72166389814046,284.87789189385285,0,20,2.0000000000000004,2.405080901310458,103,D_pmar=0.054_dist=500_repair_6_males=6_nmar=1,6,1
0,6,0,0,66.59833224797566,293.52998891454547,0,0,0,0,104,D_pmar=0.054_dist=500_repair_6_males=6_nmar=1,6,1
0.054,4,0,500,71.29390190840417,283.29059270284404,0,24,2.400000000000001,3.0396471386242077,104,D_pmar=0.054_dist=500_repair_6_males=6_nmar=1,6,1
0,9,500,0,72.590756479795985,287.5727785593837,0,0,0,0,104,D_pmar=0.054_dist=500_repair_6_males=6_nmar=1,6,1
0,13,500,500,68.89396795270791,281.8538376254951,9.27575647653812,0,0,0,104,D_pmar=0.054_dist=500_repair_6_males=6_nmar=1,6,1
0,16,1000,0,72.89598619602371,256.47132944332384,30.658686539213555,0,0,0,104,D_pmar=0.054_dist=500_repair_6_males=6_nmar=1,6,1
0,6,1000,500,66.6821456386665,195.7872955228492,97.6097244997143,0,0,0,104,D_pmar=0.054_dist=500_repair_6_males=6_nmar=1,6,1
0,9,0,0,73.53771720312274,274.4834893086138,12.247442417895702,0,0,0,105,D_pmar=0.054_dist=500_repair_6_males=6_nmar=1,6,1
0,7,0,500,69.57334765128762,290.56270559153796,0,0,0,0,105,D_pmar=0.054_dist=500_repair_6_males=6_nmar=1,6,1
0,11,500,0,69.37433353625325,266.18044529480954,24.521055309907233,0,0,0,105,D_pmar=0.054_dist=500_repair_6_males=6_nmar=1,6,1
0.054,10,500,500,72.92037393854463,282.9241808273908,0,17,1.7000000000000004,2.59983232380939,105,D_pmar=0.054_dist=500_repair_6_males=6_nmar=1,6,1
0,11,1000,0,67.16034345703402,231.60685311359097,61.45662903101433,0,0,0,105,D_pmar=0.054_dist=500_repair_6_males=6_nmar=1,6,1
0,6,1000,500,73.29707667989153,280.72463617060896,6.130223120498759,0,0,0,105,D_pmar=0.054_dist=500_repair_6_males=6_nmar=1,6,1
0,12,0,0,72.31478495151782,251.03876028817675,36.740498126695,0,0,0,106,D_pmar=0.054_dist=500_repair_6_males=6_nmar=1,6,1
0,5,0,500,72.1009547278169,288.0612618799798,0,0,0,0,106,D_pmar=0.054_dist=500_repair_6_males=6_nmar=1,6,1
0,12,500,0,72.28196950008649,269.6724016512786,18.3531269103552,0,0,0,106,D_pmar=0.054_dist=500_repair_6_males=6_nmar=1,6,1
0.054,6,500,500,69.84122435249253,286.899854701291,0,14,1.4,2.2685185185185204,106,D_pmar=0.054_dist=500_repair_6_males=6_nmar=1,6,1
0,11,1000,0,70.46923706207636,271.3873788877334,18.312545721454345,0,0,0,106,D_pmar=0.054_dist=500_repair_6_males=6_nmar=1,6,1
0,8,1000,500,67.6919789649346,280.2693218975933,12.172974497408903,0,0,0,106,D_pmar=0.054_dist=500_repair_6_males=6_nmar=1,6,1
0.054,7,0,0,70.56820418134316,285.95068997038715,0,12,1.2,2.412190526064282,107,D_pmar=0.054_dist=500_repair_6_males=6_nmar=1,6,1
0,3,0,500,70.49622499325443,283.74887919062184,6.013843071769391,0,0,0,107,D_pmar=0.054_dist=500_repair_6_males=6_nmar=1,6,1
0,11,500,0,70.64956334829489,270.19061261733935,19.27612446079664,0,0,0,107,D_pmar=0.054_dist=500_repair_6_males=6_nmar=1,6,1
0,11,500,500,70.14380143112908,283.7683065793119,6.243555207416379,0,0,0,107,D_pmar=0.054_dist=500_repair_6_males=6_nmar=1,6,1
0,17,1000,0,71.78711052227536,251.93051386233785,36.3567245661614,0,0,0,107,D_pmar=0.054_dist=500_repair_6_males=6_nmar=1,6,1
0,5,1000,500,71.40273060432001,288.8119884127238,0,0,0,0,107,D_pmar=0.054_dist=500_repair_6_males=6_nmar=1,6,1
0,12,0,0,71.4467357580074,264.4374156909169,24.245880381184428,0,0,0,108,D_pmar=0.054_dist=500_repair_6_males=6_nmar=1,6,1
0,9,0,500,70.3132302994368,271.74279231510656,18.127500343952345,0,0,0,108,D_pmar=0.054_dist=500_repair_6_males=6_nmar=1,6,1
0,10,500,0,72.83150655435473,287.2474953853411,0,0,0,0,108,D_pmar=0.054_dist=500_repair_6_males=6_nmar=1,6,1
0.054,8,500,500,71.22992195254196,284.63054597630986,0,19,1.9000000000000008,2.3693365522992464,108,D_pmar=0.054_dist=500_repair_6_males=6_nmar=1,6,1
0,5,1000,0,73.03439426901556,244.543170224532,42.42809723567406,0,0,0,108,D_pmar=0.054_dist=500_repair_6_males=6_nmar=1,6,1
0,9,1000,500,68.78813460724066,260.8278101000097,30.603687894090104,0,0,0,108,D_pmar=0.054_dist=500_repair_6_males=6_nmar=1,6,1
0,6,0,0,69.41222450351418,272.19930456304746,18.462138376483335,0,0,0,109,D_pmar=0.054_dist=500_repair_6_males=6_nmar=1,6,1
0.054,14,0,500,72.83768049412754,284.0099131444207,0,13,1.3,2.2685185185185204,109,D_pmar=0.054_dist=500_repair_6_males=6_nmar=1,6,1
0,8,500,0,73.02649084422816,268.76122404654797,18.22019767013581,0,0,0,109,D_pmar=0.054_dist=500_repair_6_males=6_nmar=1,6,1
0,13,500,500,72.83867896441103,275.19055726888126,12.23390350369523,0,0,0,109,D_pmar=0.054_dist=500_repair_6_males=6_nmar=1,6,1
0,7,1000,0,73.92387025638178,274.03464577559623,12.102758692801013,0,0,0,109,D_pmar=0.054_dist=500_repair_6_males=6_nmar=1,6,1
0,6,1000,500,75.10916325200311,266.625001440521,18.329716603349937,0,0,0,109,D_pmar=0.054_dist=500_repair_6_males=6_nmar=1,6,1
0,5,0,0,68.88229386666555,291.17570932307865,0,0,0,0,10,D_pmar=0.054_dist=500_repair_6_males=6_nmar=1,6,1
0,13,0,500,71.44207715338322,270.64672703808367,18.154887545458383,0,0,0,10,D_pmar=0.054_dist=500_repair_6_males=6_nmar=1,6,1
0,10,500,0,70.19660018994266,228.69761256943536,61.25512918311362,0,0,0,10,D_pmar=0.054_dist=500_repair_6_males=6_nmar=1,6,1
0,8,500,500,68.38294735708574,273.3046751876168,18.466458920115866,0,0,0,10,D_pmar=0.054_dist=500_repair_6_males=6_nmar=1,6,1
0.054,5,1000,0,73.13460968155844,282.9043678904985,0,17,1.7000000000000004,2.6438021140087344,10,D_pmar=0.054_dist=500_repair_6_males=6_nmar=1,6,1
0,13,1000,500,72.41810357856376,281.7236408125078,6.067669134101282,0,0,0,10,D_pmar=0.054_dist=500_repair_6_males=6_nmar=1,6,1
0,15,0,0,69.6057951102369,284.39446742242797,6.006066452514656,0,0,0,110,D_pmar=0.054_dist=500_repair_6_males=6_nmar=1,6,1
0,5,0,500,71.8995029923717,281.9746409260923,6.134847508961912,0,0,0,110,D_pmar=0.054_dist=500_repair_6_males=6_nmar=1,6,1
0,11,500,0,68.2916027141572,273.4835293060449,18.38891204037435,0,0,0,110,D_pmar=0.054_dist=500_repair_6_males=6_nmar=1,6,1
0.054,7,500,500,67.37948821919652,288.92676012528443,0,13,1.3,2.529728501098658,110,D_pmar=0.054_dist=500_repair_6_males=6_nmar=1,6,1
0,8,1000,0,67.66431679586671,267.96963191815405,24.43471404553662,0,0,0,110,D_pmar=0.054_dist=500_repair_6_males=6_nmar=1,6,1
0,8,1000,500,69.41865910146505,266.27755364627853,24.358021631508414,0,0,0,110,D_pmar=0.054_dist=500_repair_6_males=6_nmar=1,6,1
0.054,13,0,0,77.6894762515034,278.4141044713647,0,18,1.8000000000000005,2.1464796773462473,111,D_pmar=0.054_dist=500_repair_6_males=6_nmar=1,6,1
0,9,0,500,70.91004943798839,258.6827562611027,30.65393498539518,0,0,0,111,D_pmar=0.054_dist=500_repair_6_males=6_nmar=1,6,1
0,5,500,0,70.63642975205022,252.6801889282913,36.744862188693766,0,0,0,111,D_pmar=0.054_dist=500_repair_6_males=6_nmar=1,6,1
0,8,500,500,70.98608403815139,276.9988011071548,12.095683887479463,0,0,0,111,D_pmar=0.054_dist=500_repair_6_males=6_nmar=1,6,1
0,8,1000,0,69.04853029218926,272.9497902556405,18.088585977750245,0,0,0,111,D_pmar=0.054_dist=500_repair_6_males=6_nmar=1,6,1
0,11,1000,500,70.41098991070996,277.43086061566004,12.279197894633892,0,0,0,111,D_pmar=0.054_dist=500_repair_6_males=6_nmar=1,6,1
0,15,0,0,70.69788451817534,264.8551451592076,24.509357064514685,0,0,0,112,D_pmar=0.054_dist=500_repair_6_males=6_nmar=1,6,1
0.054,8,0,500,73.41402308081173,283.22977113758367,0,9,0.8999999999999999,2.5634285965318915,112,D_pmar=0.054_dist=500_repair_6_males=6_nmar=1,6,1
0,6,500,0,69.9203630519501,283.85558191634567,6.249630259802553,0,0,0,112,D_pmar=0.054_dist=500_repair_6_males=6_nmar=1,6,1
0,13,500,500,71.1869921195014,276.7864532434237,12.20414733744256,0,0,0,112,D_pmar=0.054_dist=500_repair_6_males=6_nmar=1,6,1
0,5,1000,0,73.97128224918146,286.16076264869963,0,0,0,0,112,D_pmar=0.054_dist=500_repair_6_males=6_nmar=1,6,1
0,7,1000,500,69.30466524478706,278.7684027436574,12.142162594140764,0,0,0,112,D_pmar=0.054_dist=500_repair_6_males=6_nmar=1,6,1
0.054,6,0,0,70.92254248796253,284.849012666157,0,14,1.4,2.848468145119504,113,D_pmar=0.054_dist=500_repair_6_males=6_nmar=1,6,1
0,14,0,500,68.62219611517217,291.4868373080802,0,0,0,0,113,D_pmar=0.054_dist=500_repair_6_males=6_nmar=1,6,1
0,7,500,0,71.90155819953652,251.90248895064073,36.3559044885545,0,0,0,113,D_pmar=0.054_dist=500_repair_6_males=6_nmar=1,6,1
0,12,500,500,72.45249389774045,244.75852995934775,42.98281039323523,0,0,0,113,D_pmar=0.054_dist=500_repair_6_males=6_nmar=1,6,1
0,4,1000,0,69.8927438321777,284.01026381986924,6.150642152962107,0,0,0,113,D_pmar=0.054_dist=500_repair_6_males=6_nmar=1,6,1
0,11,1000,500,70.01980679504436,290.04780747544396,0,0,0,0,113,D_pmar=0.054_dist=500_repair_6_males=6_nmar=1,6,1
0.054,7,0,0,72.35369106492932,283.59778646014604,0,16,1.6000000000000003,2.4539859562226822,114,D_pmar=0.054_dist=500_repair_6_males=6_nmar=1,6,1
0,14,0,500,67.13005782629992,262.6476443916004,30.34347993571865,0,0,0,114,D_pmar=0.054_dist=500_repair_6_males=6_nmar=1,6,1
0,5,500,0,69.3157488007855,284.7428222349023,6.011057056110231,0,0,0,114,D_pmar=0.054_dist=500_repair_6_males=6_nmar=1,6,1
0,7,500,500,72.35625294045154,251.14637713574945,36.57106517707127,0,0,0,114,D_pmar=0.054_dist=500_repair_6_males=6_nmar=1,6,1
0,11,1000,0,68.89890799619897,291.404739631945,0,0,0,0,114,D_pmar=0.054_dist=500_repair_6_males=6_nmar=1,6,1
0,10,1000,500,69.20639537720832,266.5058686814202,24.451628695185914,0,0,0,114,D_pmar=0.054_dist=500_repair_6_males=6_nmar=1,6,1
0,6,0,0,69.99901760152942,265.6016051830245,24.67950185556395,0,0,0,115,D_pmar=0.054_dist=500_repair_6_males=6_nmar=1,6,1
0,6,0,500,69.5768720724366,267.27032777889946,23.221426466404825,0,0,0,115,D_pmar=0.054_dist=500_repair_6_males=6_nmar=1,6,1
0.054,12,500,0,75.23003127380673,280.6787359646077,0,19,1.9000000000000008,2.2222001826291855,115,D_pmar=0.054_dist=500_repair_6_males=6_nmar=1,6,1
0,7,500,500,70.1499655361816,283.84254173499073,6.160938491694468,0,0,0,115,D_pmar=0.054_dist=500_repair_6_males=6_nmar=1,6,1
0,8,1000,0,70.96972128022877,240.1411324236449,49.112702223080746,0,0,0,115,D_pmar=0.054_dist=500_repair_6_males=6_nmar=1,6,1
0,15,1000,500,72.64454845569064,275.17959347597537,12.250306328230453,0,0,0,115,D_pmar=0.054_dist=500_repair_6_males=6_nmar=1,6,1
0,12,0,0,68.61074565262012,291.46566192202766,0,0,0,0,116,D_pmar=0.054_dist=500_repair_6_males=6_nmar=1,6,1
0.054,7,0,500,74.67945182547065,282.38921578054453,0,11,1.1,2.0267673422709263,116,D_pmar=0.054_dist=500_repair_6_males=6_nmar=1,6,1
0,9,500,0,69.94115120357978,283.89269392637675,6.183244722818706,0,0,0,116,D_pmar=0.054_dist=500_repair_6_males=6_nmar=1,6,1
0,7,500,500,70.57762231758365,289.4538138568627,0,0,0,0,116,D_pmar=0.054_dist=500_repair_6_males=6_nmar=1,6,1
0,10,1000,0,71.32281299679116,263.93664135259746,24.799385199997108,0,0,0,116,D_pmar=0.054_dist=500_repair_6_males=6_nmar=1,6,1
0,9,1000,500,75.7701211182406,253.68213118549775,30.617868876895734,0,0,0,116,D_pmar=0.054_dist=500_repair_6_males=6_nmar=1,6,1
0,5,0,0,70.51351906529078,252.74851330740907,36.750009939334056,0,0,0,117,D_pmar=0.054_dist=500_repair_6_males=6_nmar=1,6,1
0,14,0,500,72.91701252992186,256.7804011073459,30.30733357755763,0,0,0,117,D_pmar=0.054_dist=500_repair_6_males=6_nmar=1,6,1
0,11,500,0,70.92435103511987,246.519162217577,42.570458432768675,0,0,0,117,D_pmar=0.054_dist=500_repair_6_males=6_nmar=1,6,1
0.054,10,500,500,69.72924893808339,285.0772543716114,0,24,2.400000000000001,2.8402427039313713,117,D_pmar=0.054_dist=500_repair_6_males=6_nmar=1,6,1
0,8,1000,0,67.93674634747263,264.28773746240734,27.782756771062964,0,0,0,117,D_pmar=0.054_dist=500_repair_6_males=6_nmar=1,6,1
0,6,1000,500,72.22061964904124,282.0144012006045,6.005102501549032,0,0,0,117,D_pmar=0.054_dist=500_repair_6_males=6_nmar=1,6,1
0.054,12,0,0,72.5735057133573,283.74420504106007,0,15,1.5000000000000002,2.310009656564905,118,D_pmar=0.054_dist=500_repair_6_males=6_nmar=1,6,1
0,1,0,500,73.07764434212734,287.0637777117093,0,0,0,0,118,D_pmar=0.054_dist=500_repair_6_males=6_nmar=1,6,1
0,12,500,0,68.6120757265206,267.16307473356136,24.31939788511072,0,0,0,118,D_pmar=0.054_dist=500_repair_6_males=6_nmar=1,6,1
0,15,500,500,68.31501721020638,279.68699317884835,12.081439819435166,0,0,0,118,D_pmar=0.054_dist=500_repair_6_males=6_nmar=1,6,1
0,9,1000,0,69.52578755252517,271.95031649736495,18.602503867893876,0,0,0,118,D_pmar=0.054_dist=500_repair_6_males=6_nmar=1,6,1
0,5,1000,500,71.82530518536053,251.80339833593,36.51537869714392,0,0,0,118,D_pmar=0.054_dist=500_repair_6_males=6_nmar=1,6,1
0,5,0,0,71.33885154179364,264.2270768510867,24.464732282328907,0,0,0,119,D_pmar=0.054_dist=500_repair_6_males=6_nmar=1,6,1
0,7,0,500,72.89060545344192,250.27739047862983,36.8758379170739,0,0,0,119,D_pmar=0.054_dist=500_repair_6_males=6_nmar=1,6,1
0.054,7,500,0,67.50066730882251,288.1315855819163,0,19,1.9000000000000008,2.5138421237603423,119,D_pmar=0.054_dist=500_repair_6_males=6_nmar=1,6,1
0,18,500,500,71.9995901947523,275.7881024045267,12.320210967177523,0,0,0,119,D_pmar=0.054_dist=500_repair_6_males=6_nmar=1,6,1
0,7,1000,0,69.43200865474495,254.26108807741,36.46078134239056,0,0,0,119,D_pmar=0.054_dist=500_repair_6_males=6_nmar=1,6,1
0,10,1000,500,71.12609561590993,282.699022784801,6.3139630426476065,0,0,0,119,D_pmar=0.054_dist=500_repair_6_males=6_nmar=1,6,1
0,10,0,0,71.25093524578665,264.41251164642904,24.48812752648655,0,0,0,11,D_pmar=0.054_dist=500_repair_6_males=6_nmar=1,6,1
0,7,0,500,67.76831438579644,273.7564861772981,18.554224887915865,0,0,0,11,D_pmar=0.054_dist=500_repair_6_males=6_nmar=1,6,1
0,8,500,0,71.11349605414237,264.7188592619544,24.250631172608944,0,0,0,11,D_pmar=0.054_dist=500_repair_6_males=6_nmar=1,6,1
0.054,13,500,500,71.82084857837958,284.0725934650088,0,18,1.8000000000000005,2.4043994834511326,11,D_pmar=0.054_dist=500_repair_6_males=6_nmar=1,6,1
0,10,1000,0,70.33089213617357,277.4970527529075,12.223056009183658,0,0,0,11,D_pmar=0.054_dist=500_repair_6_males=6_nmar=1,6,1
0,6,1000,500,68.61768725217692,261.0961915579978,30.311027183164843,0,0,0,11,D_pmar=0.054_dist=500_repair_6_males=6_nmar=1,6,1
0,3,0,0,68.27281280675562,285.69856952556995,6.075691802245574,0,0,0,120,D_pmar=0.054_dist=500_repair_6_males=6_nmar=1,6,1
0,21,0,500,71.37929830094085,264.3333143950886,24.34443414057439,0,0,0,120,D_pmar=0.054_dist=500_repair_6_males=6_nmar=1,6,1
0,9,500,0,71.34490346327495,245.9379271752095,42.73267065954328,0,0,0,120,D_pmar=0.054_dist=500_repair_6_males=6_nmar=1,6,1
0.054,13,500,500,71.59187213409382,284.54905046475994,0,19,1.9000000000000008,2.1329198061048835,120,D_pmar=0.054_dist=500_repair_6_males=6_nmar=1,6,1
0,2,1000,0,71.95612515732385,263.896528993776,24.353871947342807,0,0,0,120,D_pmar=0.054_dist=500_repair_6_males=6_nmar=1,6,1
0,6,1000,500,70.07152503007713,271.8596089994748,18.155420185234707,0,0,0,120,D_pmar=0.054_dist=500_repair_6_males=6_nmar=1,6,1
0,11,0,0,73.55914451637638,249.910644691121,36.667134481978664,0,0,0,121,D_pmar=0.054_dist=500_repair_6_males=6_nmar=1,6,1
0,6,0,500,68.6257650302426,291.40104167876314,0,0,0,0,121,D_pmar=0.054_dist=500_repair_6_males=6_nmar=1,6,1
0,12,500,0,70.99008127782518,276.74519337104556,12.30824258169499,0,0,0,121,D_pmar=0.054_dist=500_repair_6_males=6_nmar=1,6,1
0,12,500,500,71.89732055220534,257.7678399128353,30.360567898179944,0,0,0,121,D_pmar=0.054_dist=500_repair_6_males=6_nmar=1,6,1
0,5,1000,0,70.02548968666318,290.05409154733803,0,0,0,0,121,D_pmar=0.054_dist=500_repair_6_males=6_nmar=1,6,1
0.054,8,1000,500,72.08019761949106,284.8903150951211,0,13,1.3,2.1727658559136427,121,D_pmar=0.054_dist=500_repair_6_males=6_nmar=1,6,1
0,7,0,0,71.76182651820996,282.49880774255206,6.03493377043094,0,0,0,122,D_pmar=0.054_dist=500_repair_6_males=6_nmar=1,6,1
0,7,0,500,70.18794068432386,222.87341545101268,67.05312405451754,0,0,0,122,D_pmar=0.054_dist=500_repair_6_males=6_nmar=1,6,1
0.054,8,500,0,68.47004499466443,287.06681028973003,0,19,1.9000000000000008,2.7645001590553933,122,D_pmar=0.054_dist=500_repair_6_males=6_nmar=1,6,1
0,8,500,500,68.34691538273827,291.6611142383447,0,0,0,0,122,D_pmar=0.054_dist=500_repair_6_males=6_nmar=1,6,1
0,12,1000,0,70.59779211665905,246.7958139846677,42.865069586315784,0,0,0,122,D_pmar=0.054_dist=500_repair_6_males=6_nmar=1,6,1
0,12,1000,500,70.28993962459263,289.83981487350115,0,0,0,0,122,D_pmar=0.054_dist=500_repair_6_males=6_nmar=1,6,1
0,15,0,0,67.69821370355591,292.4420159600387,0,0,0,0,123,D_pmar=0.054_dist=500_repair_6_males=6_nmar=1,6,1
0.054,6,0,500,72.20415095470655,282.6508992499712,0,20,2.0000000000000004,3.353755810044187,123,D_pmar=0.054_dist=500_repair_6_males=6_nmar=1,6,1
0,10,500,0,67.31378143903152,280.5115675075703,12.241237077908366,0,0,0,123,D_pmar=0.054_dist=500_repair_6_males=6_nmar=1,6,1
0,12,500,500,74.5581425595271,235.4986836501842,50.25035798363781,0,0,0,123,D_pmar=0.054_dist=500_repair_6_males=6_nmar=1,6,1
0,6,1000,0,69.14315969898456,285.044417456058,6.089236732595578,0,0,0,123,D_pmar=0.054_dist=500_repair_6_males=6_nmar=1,6,1
0,5,1000,500,74.28173556801654,238.90985148775903,47.053332641578294,0,0,0,123,D_pmar=0.054_dist=500_repair_6_males=6_nmar=1,6,1
0,3,0,0,70.58808321512866,252.52058104453016,36.89336001503815,0,0,0,124,D_pmar=0.054_dist=500_repair_6_males=6_nmar=1,6,1
0,9,0,500,68.36043177656178,285.6296115335605,6.058236640148154,0,0,0,124,D_pmar=0.054_dist=500_repair_6_males=6_nmar=1,6,1
0,11,500,0,69.80525694987149,259.6811906097499,30.663150779873664,0,0,0,124,D_pmar=0.054_dist=500_repair_6_males=6_nmar=1,6,1
0,5,500,500,70.39760244331428,265.3523084361384,24.27834332066331,0,0,0,124,D_pmar=0.054_dist=500_repair_6_males=6_nmar=1,6,1
0.054,10,1000,0,71.65245018810842,283.69565874837963,0,21,2.1000000000000005,2.629959990248397,124,D_pmar=0.054_dist=500_repair_6_males=6_nmar=1,6,1
0,16,1000,500,71.36049903985491,258.0869235828412,30.55803324749788,0,0,0,124,D_pmar=0.054_dist=500_repair_6_males=6_nmar=1,6,1
0,9,0,0,70.38763522501063,240.90041609824493,48.82767636336468,0,0,0,125,D_pmar=0.054_dist=500_repair_6_males=6_nmar=1,6,1
0,10,0,500,73.83320773871043,274.0318415026512,12.180093786732227,0,0,0,125,D_pmar=0.054_dist=500_repair_6_males=6_nmar=1,6,1
0.054,6,500,0,72.56763212878518,283.9505812795219,0,12,1.2,2.412849904330571,125,D_pmar=0.054_dist=500_repair_6_males=6_nmar=1,6,1
0,8,500,500,74.13078630162242,280.0036407676873,6.085922139872604,0,0,0,125,D_pmar=0.054_dist=500_repair_6_males=6_nmar=1,6,1
0,10,1000,0,72.83707100792788,287.30282088593094,0,0,0,0,125,D_pmar=0.054_dist=500_repair_6_males=6_nmar=1,6,1
0,11,1000,500,71.54438582338672,282.5888210867229,6.137224008467784,0,0,0,125,D_pmar=0.054_dist=500_repair_6_males=6_nmar=1,6,1
0,7,0,0,70.24292328741502,259.0962941313776,30.91909301487854,0,0,0,126,D_pmar=0.054_dist=500_repair_6_males=6_nmar=1,6,1
0,9,0,500,70.94887288065857,258.4716838002211,30.69707795668462,0,0,0,126,D_pmar=0.054_dist=500_repair_6_males=6_nmar=1,6,1
0.054,8,500,0,73.85361805769489,282.6422177485919,0,13,1.3,2.2494720711679186,126,D_pmar=0.054_dist=500_repair_6_males=6_nmar=1,6,1
0,14,500,500,72.30337345474368,281.54881150228255,6.179676736540576,0,0,0,126,D_pmar=0.054_dist=500_repair_6_males=6_nmar=1,6,1
0,7,1000,0,69.789650988509493,290.5627706311305,0,0,0,0,126,D_pmar=0.054_dist=500_repair_6_males=6_nmar=1,6,1
0,9,1000,500,73.19803962986522,274.5160224598607,12.329222358893016,0,0,0,126,D_pmar=0.054_dist=500_repair_6_males=6_nmar=1,6,1
0.054,7,0,0,70.09669344283678,285.2666802464123,0,18,1.8000000000000005,2.942097241725695,127,D_pmar=0.054_dist=500_repair_6_males=6_nmar=1,6,1
0,5,0,500,67.3510850379478,292.83555598050367,0,0,0,0,127,D_pmar=0.054_dist=500_repair_6_males=6_nmar=1,6,1
0,9,500,0,70.11441407308844,237.76692722945475,52.3164281915104,0,0,0,127,D_pmar=0.054_dist=500_repair_6_males=6_nmar=1,6,1
0,14,500,500,76.21600542590865,277.75159913084474,6.078978567519032,0,0,0,127,D_pmar=0.054_dist=500_repair_6_males=6_nmar=1,6,1
0,14,1000,0,73.63828392237855,268.2975495453909,18.188928334294424,0,0,0,127,D_pmar=0.054_dist=500_repair_6_males=6_nmar=1,6,1
0,5,1000,500,71.21532279657058,258.3569940433216,30.43684330317684,0,0,0,127,D_pmar=0.054_dist=500_repair_6_males=6_nmar=1,6,1
0,5,0,0,70.53897060901214,259.21423755089603,30.26662083969336,0,0,0,128,D_pmar=0.054_dist=500_repair_6_males=6_nmar=1,6,1
0,7,0,500,72.41450550225444,269.4703109421166,18.13885280903527,0,0,0,128,D_pmar=0.054_dist=500_repair_6_males=6_nmar=1,6,1
0,9,500,0,72.6586806071662,244.8044303192182,42.56668267933741,0,0,0,128,D_pmar=0.054_dist=500_repair_6_males=6_nmar=1,6,1
0,7,500,500,70.88604945762567,265.16249893281446,24.15628666543625,0,0,0,128,D_pmar=0.054_dist=500_repair_6_males=6_nmar=1,6,1
0,14,1000,0,67.96564827059248,292.0420570998715,0,0,0,0,128,D_pmar=0.054_dist=500_repair_6_males=6_nmar=1,6,1
0.054,12,1000,500,71.49860469163472,284.21631275422453,0,19,1.9000000000000008,2.473010363980244,128,D_pmar=0.054_dist=500_repair_6_males=6_nmar=1,6,1
0.054,9,0,0,71.77257470065292,283.8275845835859,0,18,1.8000000000000005,2.6120513989251415,129,D_pmar=0.054_dist=500_repair_6_males=6_nmar=1,6,1
0,5,0,500,72.26851218044891,238.71293444307517,49.06673217085588,0,0,0,129,D_pmar=0.054_dist=500_repair_6_males=6_nmar=1,6,1
0,9,500,0,67.83044999050828,261.87965597104966,30.456347935606615,0,0,0,129,D_pmar=0.054_dist=500_repair_6_males=6_nmar=1,6,1
0,19,500,500,74.44222773063449,279.7254143728655,6.010038428933629,0,0,0,129,D_pmar=0.054_dist=500_repair_6_males=6_nmar=1,6,1
0,4,1000,0,70.16340568823948,289.9557232494452,0,0,0,0,129,D_pmar=0.054_dist=500_repair_6_males=6_nmar=1,6,1
0,8,1000,500,69.99845827645315,265.7769216229246,24.229457645081272,0,0,0,129,D_pmar=0.054_dist=500_repair_6_males=6_nmar=1,6,1
0,8,0,0,67.0061398991716,249.83880117723723,43.32581912923724,0,0,0,12,D_pmar=0.054_dist=500_repair_6_males=6_nmar=1,6,1
0,10,0,500,70.23669792098501,247.233196774438,42.543894595683994,0,0,0,12,D_pmar=0.054_dist=500_repair_6_males=6_nmar=1,6,1
0,10,500,0,69.31910161997271,278.491613580773,12.23879500923117,0,0,0,12,D_pmar=0.054_dist=500_repair_6_males=6_nmar=1,6,1
0,8,500,500,71.88916819754427,288.26105431020926,0,0,0,0,12,D_pmar=0.054_dist=500_repair_6_males=6_nmar=1,6,1
0,5,1000,0,70.38543753382973,273.0024248523737,16.715358900930273,0,0,0,12,D_pmar=0.054_dist=500_repair_6_males=6_nmar=1,6,1
0.054,13,1000,500,71.47921800880275,284.21508015483835,0,19,1.9000000000000008,2.4163142664548696,12,D_pmar=0.054_dist=500_repair_6_males=6_nmar=1,6,1
0,7,0,0,71.85941061140397,263.7321319743897,24.566697260348786,0,0,0,130,D_pmar=0.054_dist=500_repair_6_males=6_nmar=1,6,1
0,7,0,500,71.63464728578813,257.88344003844344,30.53995768088509,0,0,0,130,D_pmar=0.054_dist=500_repair_6_males=6_nmar=1,6,1
0,4,500,0,71.44065391715802,270.6384665137905,18.10919980950908,0,0,0,130,D_pmar=0.054_dist=500_repair_6_males=6_nmar=1,6,1
0,6,500,500,73.17522707832832,274.97411415657524,12.07651607852959,0,0,0,130,D_pmar=0.054_dist=500_repair_6_males=6_nmar=1,6,1
0,13,1000,0,71.35554659740895,276.66883809102603,12.085945341206902,0,0,0,130,D_pmar=0.054_dist=500_repair_6_males=6_nmar=1,6,1
0.054,17,1000,500,73.23543349319989,282.7848184396374,0,16,1.6000000000000003,2.6014994516400565,130,D_pmar=0.054_dist=500_repair_6_males=6_nmar=1,6,1
0,8,0,0,73.08694340403531,280.9159159018762,6.025696509152478,0,0,0,131,D_pmar=0.054_dist=500_repair_6_males=6_nmar=1,6,1
0,12,0,500,70.25004449635207,253.24845034159085,36.55050784380086,0,0,0,131,D_pmar=0.054_dist=500_repair_6_males=6_nmar=1,6,1
0,14,500,0,69.78638702090062,278.34501020639544,12.044209611025243,0,0,0,131,D_pmar=0.054_dist=500_repair_6_males=6_nmar=1,6,1
0,5,500,500,69.73965598889798,290.36619343270553,0,0,0,0,131,D_pmar=0.054_dist=500_repair_6_males=6_nmar=1,6,1
0,11,1000,0,71.76924943575847,264.247693005853,24.33029572152534,0,0,0,131,D_pmar=0.054_dist=500_repair_6_males=6_nmar=1,6,1
0.054,4,1000,500,71.61260779699225,284.9913752376936,0,13,1.3,2.153262970395021,131,D_pmar=0.054_dist=500_repair_6_males=6_nmar=1,6,1
0,4,0,0,74.00444856291367,286.00360803462735,0,0,0,0,132,D_pmar=0.054_dist=500_repair_6_males=6_nmar=1,6,1
0,13,0,500,70.21706169545854,277.5482678252947,12.381031196903796,0,0,0,132,D_pmar=0.054_dist=500_repair_6_males=6_nmar=1,6,1
0,5,500,0,73.59304997800339,262.0093909751749,24.402221254059747,0,0,0,132,D_pmar=0.054_dist=500_repair_6_males=6_nmar=1,6,1
0,10,500,500,66.94413408489204,268.5914664863283,24.50662505539971,0,0,0,132,D_pmar=0.054_dist=500_repair_6_males=6_nmar=1,6,1
0,6,1000,0,72.802389237157,256.82509069712313,30.452007589390117,0,0,0,132,D_pmar=0.054_dist=500_repair_6_males=6_nmar=1,6,1
0.054,16,1000,500,70.58498761951363,285.875097879265,0,15,1.5000000000000002,2.1058000636221563,132,D_pmar=0.054_dist=500_repair_6_males=6_nmar=1,6,1
0,7,0,0,68.75530760185327,248.59176364044487,42.68894990328974,0,0,0,133,D_pmar=0.054_dist=500_repair_6_males=6_nmar=1,6,1
0,11,0,500,71.96926204803411,288.2618977688402,0,0,0,0,133,D_pmar=0.054_dist=500_repair_6_males=6_nmar=1,6,1
0,5,500,0,72.64588841092586,269.0506872167251,18.403312603252076,0,0,0,133,D_pmar=0.054_dist=500_repair_6_males=6_nmar=1,6,1
0,12,500,500,70.97575799125606,270.73286153052373,18.426272332527287,0,0,0,133,D_pmar=0.054_dist=500_repair_6_males=6_nmar=1,6,1
0.054,11,1000,0,68.66582555801774,287.8564834002776,0,13,1.3,2.337962962962965,133,D_pmar=0.054_dist=500_repair_6_males=6_nmar=1,6,1
0,8,1000,500,70.21718246896795,289.8106103103235,0,0,0,0,133,D_pmar=0.054_dist=500_repair_6_males=6_nmar=1,6,1
0,2,0,0,71.2739309249388,252.23142489959227,36.73607837350293,0,0,0,134,D_pmar=0.054_dist=500_repair_6_males=6_nmar=1,6,1
0,9,0,500,69.87396134590041,290.26684187648493,0,0,0,0,134,D_pmar=0.054_dist=500_repair_6_males=6_nmar=1,6,1
0,9,500,0,69.60579070739962,278.1770915941384,12.247017282848162,0,0,0,134,D_pmar=0.054_dist=500_repair_6_males=6_nmar=1,6,1
0,10,500,500,71.31811941772895,276.4588607311784,12.334886690090276,0,0,0,134,D_pmar=0.054_dist=500_repair_6_males=6_nmar=1,6,1
0,10,1000,0,71.06067826623355,228.52166574608057,60.66741356376979,0,0,0,134,D_pmar=0.054_dist=500_repair_6_males=6_nmar=1,6,1
0.054,14,1000,500,69.75259169642672,285.4724576925401,0,20,2.0000000000000004,2.8886913206755755,134,D_pmar=0.054_dist=500_repair_6_males=6_nmar=1,6,1
0,14,0,0,68.6764419504095,279.33469873019004,12.118623919214082,0,0,0,135,D_pmar=0.054_dist=500_repair_6_males=6_nmar=1,6,1
0,12,0,500,72.20443810234539,266.92113012251787,20.91998595529122,0,0,0,135,D_pmar=0.054_dist=500_repair_6_males=6_nmar=1,6,1
0,6,500,0,72.63780301244749,275.1371137363673,12.366619275837698,0,0,0,135,D_pmar=0.054_dist=500_repair_6_males=6_nmar=1,6,1
0,10,500,500,70.43181345264557,241.0464714914594,48.737890876810155,0,0,0,135,D_pmar=0.054_dist=500_repair_6_males=6_nmar=1,6,1
0.054,9,1000,0,71.71604965110254,284.23466677764776,0,17,1.7000000000000004,2.4212495311677484,135,D_pmar=0.054_dist=500_repair_6_males=6_nmar=1,6,1
0,3,1000,500,67.69168354954178,286.2833872589867,6.179818276745166,0,0,0,135,D_pmar=0.054_dist=500_repair_6_males=6_nmar=1,6,1
0,12,0,0,69.99763311624804,271.9904840596167,18.050766160658576,0,0,0,136,D_pmar=0.054_dist=500_repair_6_males=6_nmar=1,6,1
0,3,0,500,71.79407740241125,276.1619449973453,12.1349792073446,0,0,0,136,D_pmar=0.054_dist=500_repair_6_males=6_nmar=1,6,1
0,5,500,0,71.04082672877661,264.5146496353209,24.463445900720227,0,0,0,136,D_pmar=0.054_dist=500_repair_6_males=6_nmar=1,6,1
0,6,500,500,74.15999442452384,279.9348939308048,6.1445745457875915,0,0,0,136,D_pmar=0.054_dist=500_repair_6_males=6_nmar=1,6,1
0,14,1000,0,69.71228503281293,259.69889975295825,30.66653939459044,0,0,0,136,D_pmar=0.054_dist=500_repair_6_males=6_nmar=1,6,1
0.054,14,1000,500,73.55199384439815,282.748663753863,0,15,1.5000000000000002,2.2222222222222237,136,D_pmar=0.054_dist=500_repair_6_males=6_nmar=1,6,1
0,4,0,0,70.34649119468467,277.629162257427,12.246180968883028,0,0,0,137,D_pmar=0.054_dist=500_repair_6_males=6_nmar=1,6,1
0,10,0,500,70.85085451934722,289.1511067148694,0,0,0,0,137,D_pmar=0.054_dist=500_repair_6_males=6_nmar=1,6,1
0.054,14,500,0,73.75437229185738,282.67597033620706,0,13,1.3,2.2941232792265893,137,D_pmar=0.054_dist=500_repair_6_males=6_nmar=1,6,1
0,9,500,500,66.44598598348014,287.478535149096,6.1139543359735065,0,0,0,137,D_pmar=0.054_dist=500_repair_6_males=6_nmar=1,6,1
0,11,1000,0,71.70814931017213,251.91923310424852,36.48368130901415,0,0,0,137,D_pmar=0.054_dist=500_repair_6_males=6_nmar=1,6,1
0,6,1000,500,69.9390011388319,265.973669590423,24.33414503490024,0,0,0,137,D_pmar=0.054_dist=500_repair_6_males=6_nmar=1,6,1
0,11,0,0,75.15247987260327,272.74956703522827,12.252697191811915,0,0,0,138,D_pmar=0.054_dist=500_repair_6_males=6_nmar=1,6,1
0,2,0,500,66.51536619430891,250.99682859893005,42.60164160906032,0,0,0,138,D_pmar=0.054_dist=500_repair_6_males=6_nmar=1,6,1
0,8,500,0,71.96959443229953,257.4979813598527,30.638300189036087,0,0,0,138,D_pmar=0.054_dist=500_repair_6_males=6_nmar=1,6,1
0.054,9,500,500,69.0616651520006,286.78446983443075,0,19,1.9000000000000008,2.4939841520874473,138,D_pmar=0.054_dist=500_repair_6_males=6_nmar=1,6,1
0,11,1000,0,68.21582044800292,285.71793521628285,6.143670733961509,0,0,0,138,D_pmar=0.054_dist=500_repair_6_males=6_nmar=1,6,1
0,13,1000,500,71.42458383997545,263.9451307272928,24.673887144527228,0,0,0,138,D_pmar=0.054_dist=500_repair_6_males=6_nmar=1,6,1
0.054,6,0,0,72.48667838342037,283.4385859459871,0,17,1.7000000000000004,2.384085073610216,139,D_pmar=0.054_dist=500_repair_6_males=6_nmar=1,6,1
0,10,0,500,70.99430356205673,276.5874045722384,12.4246347339259,0,0,0,139,D_pmar=0.054_dist=500_repair_6_males=6_nmar=1,6,1
0,19,500,0,68.65134873710463,242.5356601043224,48.88480833793432,0,0,0,139,D_pmar=0.054_dist=500_repair_6_males=6_nmar=1,6,1
0,6,500,500,72.36878608329428,281.63157987885626,6.063847425253913,0,0,0,139,D_pmar=0.054_dist=500_repair_6_males=6_nmar=1,6,1
0,7,1000,0,70.17372863327185,253.10069459913444,36.8265059711912,0,0,0,139,D_pmar=0.054_dist=500_repair_6_males=6_nmar=1,6,1
0,6,1000,500,69.7561890896363,290.34577452612035,0,0,0,0,139,D_pmar=0.054_dist=500_repair_6_males=6_nmar=1,6,1
0.054,13,0,0,73.03575993382111,283.47259354937955,0,14,1.4,2.223033746544518,13,D_pmar=0.054_dist=500_repair_6_males=6_nmar=1,6,1
0,6,0,500,66.55106077564689,275.309831583614,18.236927314462545,0,0,0,13,D_pmar=0.054_dist=500_repair_6_males=6_nmar=1,6,1
0,3,500,0,72.0966452776388,263.79384626912696,24.282923849937017,0,0,0,13,D_pmar=0.054_dist=500_repair_6_males=6_nmar=1,6,1
0,12,500,500,69.17405612575442,290.8905560744904,0,0,0,0,13,D_pmar=0.054_dist=500_repair_6_males=6_nmar=1,6,1
0,10,1000,0,69.60043839092802,266.28366098114066,24.373496516031025,0,0,0,13,D_pmar=0.054_dist=500_repair_6_males=6_nmar=1,6,1
0,10,1000,500,70.06409247990258,271.77098413262195,18.183723004989545,0,0,0,13,D_pmar=0.054_dist=500_repair_6_males=6_nmar=1,6,1
0,8,0,0,70.13772988389115,221.40134190783863,68.52588817290263,0,0,0,140,D_pmar=0.054_dist=500_repair_6_males=6_nmar=1,6,1
0,10,0,500,74.37777988213328,279.6837935743719,6.081456685383649,0,0,0,140,D_pmar=0.054_dist=500_repair_6_males=6_nmar=1,6,1
0,17,500,0,69.94267168800891,290.11543308735787,0,0,0,0,140,D_pmar=0.054_dist=500_repair_6_males=6_nmar=1,6,1
0.054,5,500,500,74.87614042095181,280.9045236208272,0,19,1.9000000000000008,2.3312084243634135,140,D_pmar=0.054_dist=500_repair_6_males=6_nmar=1,6,1
0,5,1000,0,71.0177582428456,289.0744059631506,0,0,0,0,140,D_pmar=0.054_dist=500_repair_6_males=6_nmar=1,6,1
0,9,1000,500,69.99422301109757,256.8154829568167,33.26598528641892,0,0,0,140,D_pmar=0.054_dist=500_repair_6_males=6_nmar=1,6,1
0,9,0,0,67.83656324264481,274.0701371548361,18.27439124312612,0,0,0,141,D_pmar=0.054_dist=500_repair_6_males=6_nmar=1,6,1
0,7,0,500,68.53234009583463,279.2387593320284,12.416155859988622,0,0,0,141,D_pmar=0.054_dist=500_repair_6_males=6_nmar=1,6,1
0,6,500,0,69.36605293231305,284.7356509647836,6.141435974114865,0,0,0,141,D_pmar=0.054_dist=500_repair_6_males=6_nmar=1,6,1
0.054,15,500,500,71.64022068606977,284.33490902298223,0,12,1.2,2.932835296523965,141,D_pmar=0.054_dist=500_repair_6_males=6_nmar=1,6,1
0,5,1000,0,72.87618804200456,263.07958288194226,24.269540756614404,0,0,0,141,D_pmar=0.054_dist=500_repair_6_males=6_nmar=1,6,1
0,12,1000,500,75.12421655789736,275.11554651667103,9.849318509125892,0,0,0,141,D_pmar=0.054_dist=500_repair_6_males=6_nmar=1,6,1
0,10,0,0,71.05551970423292,288.9505224015379,0,0,0,0,142,D_pmar=0.054_dist=500_repair_6_males=6_nmar=1,6,1
0.054,15,0,500,71.64895605403463,284.8424292483721,0,14,1.4,2.109771657956735,142,D_pmar=0.054_dist=500_repair_6_males=6_nmar=1,6,1
0,5,500,0,70.29289337122206,265.28929378161513,24.53095699079788,0,0,0,142,D_pmar=0.054_dist=500_repair_6_males=6_nmar=1,6,1
0,13,500,500,70.00207056896075,271.924031404935,18.137668411582265,0,0,0,142,D_pmar=0.054_dist=500_repair_6_males=6_nmar=1,6,1
0,4,1000,0,71.78649906881205,282.11934232452614,6.108136477250776,0,0,0,142,D_pmar=0.054_dist=500_repair_6_males=6_nmar=1,6,1
0,7,1000,500,70.72040424317743,252.4475554867566,36.90541329885628,0,0,0,142,D_pmar=0.054_dist=500_repair_6_males=6_nmar=1,6,1
0,8,0,0,74.66130410389292,230.3311717380518,55.25625517555256,0,0,0,143,D_pmar=0.054_dist=500_repair_6_males=6_nmar=1,6,1
0,12,0,500,70.85943230317731,289.2137869629766,0,0,0,0,143,D_pmar=0.054_dist=500_repair_6_males=6_nmar=1,6,1
0,9,500,0,71.45541712241044,276.3804679923798,12.188528521064214,0,0,0,143,D_pmar=0.054_dist=500_repair_6_males=6_nmar=1,6,1
0,8,500,500,71.15236958626063,258.44472245737745,30.54097562552669,0,0,0,143,D_pmar=0.054_dist=500_repair_6_males=6_nmar=1,6,1
0,6,1000,0,72.23341918130082,256.95568410479666,30.953437148253872,0,0,0,143,D_pmar=0.054_dist=500_repair_6_males=6_nmar=1,6,1
0.054,11,1000,500,73.37569308706006,282.0332887539171,0,21,2.1000000000000005,2.5178137180949207,143,D_pmar=0.054_dist=500_repair_6_males=6_nmar=1,6,1
0.054,9,0,0,67.99093106630833,288.58053650921585,0,11,1.1,2.4404260849813175,144,D_pmar=0.054_dist=500_repair_6_males=6_nmar=1,6,1
0,11,0,500,70.49845059380102,265.5408221970993,24.20519285466051,0,0,0,144,D_pmar=0.054_dist=500_repair_6_males=6_nmar=1,6,1
0,11,500,0,66.40778671340792,293.65900003264994,0,0,0,0,144,D_pmar=0.054_dist=500_repair_6_males=6_nmar=1,6,1
0,7,500,500,68.01697074380667,267.3015721240321,24.683084580719388,0,0,0,144,D_pmar=0.054_dist=500_repair_6_males=6_nmar=1,6,1
0,7,1000,0,72.05012179009006,288.10617603099524,0,0,0,0,144,D_pmar=0.054_dist=500_repair_6_males=6_nmar=1,6,1
0,9,1000,500,71.63041603386206,270.22198021784453,18.262626179942338,0,0,0,144,D_pmar=0.054_dist=500_repair_6_males=6_nmar=1,6,1
0.054,6,0,0,69.20793768355762,285.81190495275285,0,21,2.1000000000000005,3.198016873438682,145,D_pmar=0.054_dist=500_repair_6_males=6_nmar=1,6,1
0,10,0,500,70.80304682018081,264.8510959089852,24.435096139318585,0,0,0,145,D_pmar=0.054_dist=500_repair_6_males=6_nmar=1,6,1
0,4,500,0,71.23959204423471,258.0514170008335,30.806124318835295,0,0,0,145,D_pmar=0.054_dist=500_repair_6_males=6_nmar=1,6,1
0,16,500,500,68.6054247787154,291.41444766166046,0,0,0,0,145,D_pmar=0.054_dist=500_repair_6_males=6_nmar=1,6,1
0,12,1000,0,67.62356576181334,237.3136950839291,55.10444596697562,0,0,0,145,D_pmar=0.054_dist=500_repair_6_males=6_nmar=1,6,1
0,6,1000,500,70.23990890866942,277.61878876615333,12.14294037161973,0,0,0,145,D_pmar=0.054_dist=500_repair_6_males=6_nmar=1,6,1
0,8,0,0,71.22523070652828,288.9297333006097,0,0,0,0,146,D_pmar=0.054_dist=500_repair_6_males=6_nmar=1,6,1
0,7,0,500,70.20696367612234,265.40784199903027,24.467307998109092,0,0,0,146,D_pmar=0.054_dist=500_repair_6_males=6_nmar=1,6,1
0,9,500,0,69.08741661624924,278.31942539576016,12.655001416763698,0,0,0,146,D_pmar=0.054_dist=500_repair_6_males=6_nmar=1,6,1
0,10,500,500,69.12800658062265,260.3254629836709,30.67777182870316,0,0,0,146,D_pmar=0.054_dist=500_repair_6_males=6_nmar=1,6,1
0.054,11,1000,0,69.59080553188683,286.76872258677616,0,12,1.2,2.540635534538016,146,D_pmar=0.054_dist=500_repair_6_males=6_nmar=1,6,1
0,9,1000,500,69.2178492988001,284.63813700805366,6.185377744083126,0,0,0,146,D_pmar=0.054_dist=500_repair_6_males=6_nmar=1,6,1
0,10,0,0,72.96639474193428,274.81887756011827,12.267372355867805,0,0,0,147,D_pmar=0.054_dist=500_repair_6_males=6_nmar=1,6,1
0,11,0,500,67.77573536371365,243.28163382632243,48.94538893512085,0,0,0,147,D_pmar=0.054_dist=500_repair_6_males=6_nmar=1,6,1
0.054,14,500,0,70.12315555256797,285.4482819085214,0,20,2.0000000000000004,2.437135908506065,147,D_pmar=0.054_dist=500_repair_6_males=6_nmar=1,6,1
0,5,500,500,71.9240752761143,253.8519814427761,34.347307719872624,0,0,0,147,D_pmar=0.054_dist=500_repair_6_males=6_nmar=1,6,1
0,5,1000,0,72.80047811689639,262.660592479447,24.604128473976957,0,0,0,147,D_pmar=0.054_dist=500_repair_6_males=6_nmar=1,6,1
0,9,1000,500,70.0163366499061,290.03859323315874,0,0,0,0,147,D_pmar=0.054_dist=500_repair_6_males=6_nmar=1,6,1
0,6,0,0,69.22751747810149,284.55594247415985,6.242005405822582,0,0,0,148,D_pmar=0.054_dist=500_repair_6_males=6_nmar=1,6,1
0,9,0,500,71.36149090664071,288.71720758559314,0,0,0,0,148,D_pmar=0.054_dist=500_repair_6_males=6_nmar=1,6,1
0,8,500,0,72.45420359528417,256.8738432711271,30.73908035047533,0,0,0,148,D_pmar=0.054_dist=500_repair_6_males=6_nmar=1,6,1
0,10,500,500,71.13998743315803,270.5500886505744,18.35047217759399,0,0,0,148,D_pmar=0.054_dist=500_repair_6_males=6_nmar=1,6,1
0,8,1000,0,74.50750546545785,261.16812918396585,24.428121809379256,0,0,0,148,D_pmar=0.054_dist=500_repair_6_males=6_nmar=1,6,1
0.054,13,1000,500,68.57107100897531,287.8068348493369,0,13,1.3,2.406044571688758,148,D_pmar=0.054_dist=500_repair_6_males=6_nmar=1,6,1
0,8,0,0,71.37734428070414,282.6440743615228,6.175110256684005,0,0,0,149,D_pmar=0.054_dist=500_repair_6_males=6_nmar=1,6,1
0,8,0,500,72.57027459953467,263.1941989316021,24.39826723553154,0,0,0,149,D_pmar=0.054_dist=500_repair_6_males=6_nmar=1,6,1
0,7,500,0,71.38364092760017,288.64861396610024,0,0,0,0,149,D_pmar=0.054_dist=500_repair_6_males=6_nmar=1,6,1
0.054,5,500,500,73.33466615222692,282.2004585222816,0,20,2.0000000000000004,2.4839394370126424,149,D_pmar=0.054_dist=500_repair_6_males=6_nmar=1,6,1
0,12,1000,0,71.78922997026378,239.22310544445304,48.98981322234371,0,0,0,149,D_pmar=0.054_dist=500_repair_6_males=6_nmar=1,6,1
0,14,1000,500,68.3538826989544,248.98421737523935,42.7158088912995,0,0,0,149,D_pmar=0.054_dist=500_repair_6_males=6_nmar=1,6,1
0.054,8,0,0,67.98831009974855,287.0677454824063,0,25,2.500000000000001,2.4927161895971333,14,D_pmar=0.054_dist=500_repair_6_males=6_nmar=1,6,1
0,8,0,500,71.08082250190085,252.11301733702425,36.97201787526123,0,0,0,14,D_pmar=0.054_dist=500_repair_6_males=6_nmar=1,6,1
0,11,500,0,69.20549771033188,242.15380644321127,48.75474476668968,0,0,0,14,D_pmar=0.054_dist=500_repair_6_males=6_nmar=1,6,1
0,13,500,500,73.1450459292645,268.58169884156536,18.31985038773284,0,0,0,14,D_pmar=0.054_dist=500_repair_6_males=6_nmar=1,6,1
0,4,1000,0,70.9067021469769,283.1032376776476,6.065324783949447,0,0,0,14,D_pmar=0.054_dist=500_repair_6_males=6_nmar=1,6,1
0,10,1000,500,71.68493318747535,245.90797341885343,42.54522063621533,0,0,0,14,D_pmar=0.054_dist=500_repair_6_males=6_nmar=1,6,1
0,11,0,0,68.19593011480376,291.92393412589365,0,0,0,0,150,D_pmar=0.054_dist=500_repair_6_males=6_nmar=1,6,1
0,9,0,500,70.06521376778707,265.63699194824346,24.479596537028208,0,0,0,150,D_pmar=0.054_dist=500_repair_6_males=6_nmar=1,6,1
0,12,500,0,71.98184463635782,239.49287876818252,48.732363939939674,0,0,0,150,D_pmar=0.054_dist=500_repair_6_males=6_nmar=1,6,1
0,5,500,500,73.70384359916423,268.247276105489,18.283435270882123,0,0,0,150,D_pmar=0.054_dist=500_repair_6_males=6_nmar=1,6,1
0,6,1000,0,72.21587147419358,239.16396104727457,48.7854732623457,0,0,0,150,D_pmar=0.054_dist=500_repair_6_males=6_nmar=1,6,1
0.054,11,1000,500,70.88263322404475,283.97593920791456,0,23,2.3000000000000007,2.9840668575331395,150,D_pmar=0.054_dist=500_repair_6_males=6_nmar=1,6,1
0,13,0,0,71.26519882800162,264.9602892229938,24.205945479894456,0,0,0,151,D_pmar=0.054_dist=500_repair_6_males=6_nmar=1,6,1
0,10,0,500,68.63823270871973,267.07045574417117,24.409966441983467,0,0,0,151,D_pmar=0.054_dist=500_repair_6_males=6_nmar=1,6,1
0.054,12,500,0,72.48761885826352,283.84689342819985,0,14,1.4,2.3828964235406103,151,D_pmar=0.054_dist=500_repair_6_males=6_nmar=1,6,1
0,1,500,500,70.51698470058385,283.45954487253545,6.075357636304156,0,0,0,151,D_pmar=0.054_dist=500_repair_6_males=6_nmar=1,6,1
0,9,1000,0,71.47265824656287,282.46879553397685,6.24741108556549,0,0,0,151,D_pmar=0.054_dist=500_repair_6_males=6_nmar=1,6,1
0,9,1000,500,72.87732837481032,262.8234472015012,24.390585700449343,0,0,0,151,D_pmar=0.054_dist=500_repair_6_males=6_nmar=1,6,1
0,5,0,0,72.74732052527602,274.80813055816037,12.45607241689921,0,0,0,152,D_pmar=0.054_dist=500_repair_6_males=6_nmar=1,6,1
0,10,0,500,71.3277873772387,240.724700031233,47.96368470732549,0,0,0,152,D_pmar=0.054_dist=500_repair_6_males=6_nmar=1,6,1
0,8,500,0,74.60337565208016,285.4498479523582,0,0,0,0,152,D_pmar=0.054_dist=500_repair_6_males=6_nmar=1,6,1
0.054,9,500,500,70.99899229621569,285.18975113962716,0,15,1.5000000000000002,2.3550159507778488,152,D_pmar=0.054_dist=500_repair_6_males=6_nmar=1,6,1
0,9,1000,0,68.6922328248333,279.18097515027705,12.238272475817809,0,0,0,152,D_pmar=0.054_dist=500_repair_6_males=6_nmar=1,6,1
0,13,1000,500,72.27547844772775,269.566239206989,18.25304260854153,0,0,0,152,D_pmar=0.054_dist=500_repair_6_males=6_nmar=1,6,1
0,9,0,0,70.43712163102754,258.93186119053405,30.665237561720453,0,0,0,153,D_pmar=0.054_dist=500_repair_6_males=6_nmar=1,6,1
0,4,0,500,72.01423383945216,288.08417019023767,0,0,0,0,153,D_pmar=0.054_dist=500_repair_6_males=6_nmar=1,6,1
0,5,500,0,72.45595393454514,257.16920547363037,30.649689018577003,0,0,0,153,D_pmar=0.054_dist=500_repair_6_males=6_nmar=1,6,1
0.054,10,500,500,68.84995260206475,287.32474169686316,0,16,1.6000000000000003,2.4305555555555585,153,D_pmar=0.054_dist=500_repair_6_males=6_nmar=1,6,1
0,9,1000,0,72.10000983502283,251.7471976820387,36.21539431313054,0,0,0,153,D_pmar=0.054_dist=500_repair_6_males=6_nmar=1,6,1
0,17,1000,500,72.03189347060605,288.14768915579134,0,0,0,0,153,D_pmar=0.054_dist=500_repair_6_males=6_nmar=1,6,1
0.054,13,0,0,70.7140483985572,284.8756889022733,0,21,2.1000000000000005,2.361111111111114,154,D_pmar=0.054_dist=500_repair_6_males=6_nmar=1,6,1
0,7,0,500,71.67054484650163,256.83224694436484,31.555554172718367,0,0,0,154,D_pmar=0.054_dist=500_repair_6_males=6_nmar=1,6,1
0,7,500,0,70.43551986326355,265.16968739500714,24.587795233212525,0,0,0,154,D_pmar=0.054_dist=500_repair_6_males=6_nmar=1,6,1
0,17,500,500,70.41163585044649,271.53333082475075,18.060209309302216,0,0,0,154,D_pmar=0.054_dist=500_repair_6_males=6_nmar=1,6,1
0,4,1000,0,69.48914238692834,254.15026843539636,36.46734825673536,0,0,0,154,D_pmar=0.054_dist=500_repair_6_males=6_nmar=1,6,1
0,6,1000,500,70.08616665476178,277.7373600865058,12.292248206133104,0,0,0,154,D_pmar=0.054_dist=500_repair_6_males=6_nmar=1,6,1
0,8,0,0,72.57873350227521,287.4322237686701,0,0,0,0,155,D_pmar=0.054_dist=500_repair_6_males=6_nmar=1,6,1
0,8,0,500,69.96327471619891,290.04601689304207,0,0,0,0,155,D_pmar=0.054_dist=500_repair_6_males=6_nmar=1,6,1
0.054,12,500,0,68.84658353938009,287.17769391263107,0,16,1.6000000000000003,2.47614839439949,155,D_pmar=0.054_dist=500_repair_6_males=6_nmar=1,6,1
0,8,500,500,68.03031901433043,279.8214766386355,12.22723894054598,0,0,0,155,D_pmar=0.054_dist=500_repair_6_males=6_nmar=1,6,1
0,6,1000,0,68.0620163007778,237.29373707910855,54.69983727387703,0,0,0,155,D_pmar=0.054_dist=500_repair_6_males=6_nmar=1,6,1
0,12,1000,500,71.64771998189663,257.67971688632946,30.75721327243082,0,0,0,155,D_pmar=0.054_dist=500_repair_6_males=6_nmar=1,6,1
0.054,6,0,0,69.61068176225602,286.8223795909282,0,16,1.6000000000000003,2.0922401923807925,156,D_pmar=0.054_dist=500_repair_6_males=6_nmar=1,6,1
0,7,0,500,69.28610633677036,248.26397368642105,42.452500257226184,0,0,0,156,D_pmar=0.054_dist=500_repair_6_males=6_nmar=1,6,1
0,4,500,0,69.77619827828309,260.0153600790098,30.34055779372934,0,0,0,156,D_pmar=0.054_dist=500_repair_6_males=6_nmar=1,6,1
0,13,500,500,67.58525755387976,274.2755135808746,18.21981127492345,0,0,0,156,D_pmar=0.054_dist=500_repair_6_males=6_nmar=1,6,1
0,13,1000,0,68.8841549547837,285.1032887149096,6.0151655378461735,0,0,0,156,D_pmar=0.054_dist=500_repair_6_males=6_nmar=1,6,1
0,11,1000,500,73.78952165320491,286.3848487537189,0,0,0,0,156,D_pmar=0.054_dist=500_repair_6_males=6_nmar=1,6,1
0,17,0,0,71.78095723436802,282.3496733843977,6.032616849479244,0,0,0,157,D_pmar=0.054_dist=500_repair_6_males=6_nmar=1,6,1
0,14,0,500,73.74478589757061,225.1865605323664,61.09251405185472,0,0,0,157,D_pmar=0.054_dist=500_repair_6_males=6_nmar=1,6,1
0,3,500,0,70.43490963379608,277.8586875211113,12.079633806669774,0,0,0,157,D_pmar=0.054_dist=500_repair_6_males=6_nmar=1,6,1
0,8,500,500,71.02888990666752,258.4530726390554,30.60194819518633,0,0,0,157,D_pmar=0.054_dist=500_repair_6_males=6_nmar=1,6,1
0.054,5,1000,0,73.30235509869746,281.8667898295085,0,18,1.8000000000000005,3.0326676203333514,157,D_pmar=0.054_dist=500_repair_6_males=6_nmar=1,6,1
0,7,1000,500,69.25917140202407,290.79273718852875,0,0,0,0,157,D_pmar=0.054_dist=500_repair_6_males=6_nmar=1,6,1
0,4,0,0,66.24690246720903,276.62949135029237,17.17211329281717,0,0,0,158,D_pmar=0.054_dist=500_repair_6_males=6_nmar=1,6,1
0.054,10,0,500,69.46727086698975,287.36165106548333,0,10,1,2.1783825384858475,158,D_pmar=0.054_dist=500_repair_6_males=6_nmar=1,6,1
0,10,500,0,73.36120675296657,268.38859857392936,18.28862993269363,0,0,0,158,D_pmar=0.054_dist=500_repair_6_males=6_nmar=1,6,1
0,13,500,500,68.3872069914365,291.85810392578844,0,0,0,0,158,D_pmar=0.054_dist=500_repair_6_males=6_nmar=1,6,1
0,7,1000,0,68.84705200901077,266.8061278769289,24.37301501394947,0,0,0,158,D_pmar=0.054_dist=500_repair_6_males=6_nmar=1,6,1
0,10,1000,500,74.40405231873632,285.72613699547674,0,0,0,0,158,D_pmar=0.054_dist=500_repair_6_males=6_nmar=1,6,1
0,15,0,0,74.64099995989234,230.496550284607,54.88523253889162,0,0,0,159,D_pmar=0.054_dist=500_repair_6_males=6_nmar=1,6,1
0.054,8,0,500,70.73086511666774,284.7186337954691,0,18,1.8000000000000005,2.757086242189556,159,D_pmar=0.054_dist=500_repair_6_males=6_nmar=1,6,1
0,8,500,0,72.25393283344286,287.82464655742683,0,0,0,0,159,D_pmar=0.054_dist=500_repair_6_males=6_nmar=1,6,1
0,10,500,500,72.04780674498227,269.7681421963582,18.229408221319833,0,0,0,159,D_pmar=0.054_dist=500_repair_6_males=6_nmar=1,6,1
0,6,1000,0,70.99726834943218,252.1904963487624,36.91790173674206,0,0,0,159,D_pmar=0.054_dist=500_repair_6_males=6_nmar=1,6,1
0,7,1000,500,66.81078005923487,293.3078371942147,0,0,0,0,159,D_pmar=0.054_dist=500_repair_6_males=6_nmar=1,6,1
0.054,11,0,0,73.62479960864995,283.3211588428114,0,8,0.7999999999999999,2.3031822843300547,15,D_pmar=0.054_dist=500_repair_6_males=6_nmar=1,6,1
0,9,0,500,71.54113493140981,288.6586715153157,0,0,0,0,15,D_pmar=0.054_dist=500_repair_6_males=6_nmar=1,6,1
0,11,500,0,69.99607703184172,277.90120375880275,12.133731175144476,0,0,0,15,D_pmar=0.054_dist=500_repair_6_males=6_nmar=1,6,1
0,6,500,500,75.20523168554102,278.84004830369247,6.153989206970863,0,0,0,15,D_pmar=0.054_dist=500_repair_6_males=6_nmar=1,6,1
0,13,1000,0,70.50022780154244,259.2502555859091,30.272608976355965,0,0,0,15,D_pmar=0.054_dist=500_repair_6_males=6_nmar=1,6,1
0,4,1000,500,70.67983881431012,289.48711356121953,0,0,0,0,15,D_pmar=0.054_dist=500_repair_6_males=6_nmar=1,6,1
0,16,0,0,69.41589151257033,266.1502171568139,24.643127476203,0,0,0,160,D_pmar=0.054_dist=500_repair_6_males=6_nmar=1,6,1
0,15,0,500,69.87688379383034,271.8753681752626,18.34171817007064,0,0,0,160,D_pmar=0.054_dist=500_repair_6_males=6_nmar=1,6,1
0,2,500,0,73.882686356172,286.1705913294865,0,0,0,0,160,D_pmar=0.054_dist=500_repair_6_males=6_nmar=1,6,1
0,9,500,500,73.13806952361121,268.1610852165739,18.714355696853044,0,0,0,160,D_pmar=0.054_dist=500_repair_6_males=6_nmar=1,6,1
0.054,7,1000,0,70.30466047815277,285.7885786204136,0,16,1.6000000000000003,2.3207137499059978,160,D_pmar=0.054_dist=500_repair_6_males=6_nmar=1,6,1
0,5,1000,500,69.65254059583314,258.5103865803232,31.9307353844204,0,0,0,160,D_pmar=0.054_dist=500_repair_6_males=6_nmar=1,6,1
0.054,4,0,0,69.67337862739276,286.97916196585953,0,14,1.4,2.1990740740740753,161,D_pmar=0.054_dist=500_repair_6_males=6_nmar=1,6,1
0,9,0,500,69.32880333671106,254.17144681549848,36.66144555761587,0,0,0,161,D_pmar=0.054_dist=500_repair_6_males=6_nmar=1,6,1
0,13,500,0,74.72670468881745,285.6024349868105,0,0,0,0,161,D_pmar=0.054_dist=500_repair_6_males=6_nmar=1,6,1
0,14,500,500,72.55222554179798,250.78273038884035,36.8345937423572,0,0,0,161,D_pmar=0.054_dist=500_repair_6_males=6_nmar=1,6,1
0,8,1000,0,72.51651482320945,281.4206732596298,6.143053666462751,0,0,0,161,D_pmar=0.054_dist=500_repair_6_males=6_nmar=1,6,1
0,6,1000,500,68.93853432648022,285.16307066572284,6.07459394472144,0,0,0,161,D_pmar=0.054_dist=500_repair_6_males=6_nmar=1,6,1
0,8,0,0,72.271820876857,263.31576225149416,24.57993087508108,0,0,0,162,D_pmar=0.054_dist=500_repair_6_males=6_nmar=1,6,1
0,9,0,500,71.49173042894174,282.58602747776075,6.012189390032171,0,0,0,162,D_pmar=0.054_dist=500_repair_6_males=6_nmar=1,6,1
0,9,500,0,73.69144779432709,261.9558523441927,24.41015876117715,0,0,0,162,D_pmar=0.054_dist=500_repair_6_males=6_nmar=1,6,1
0,8,500,500,72.80000952776822,226.26068410372915,61.058542888830914,0,0,0,162,D_pmar=0.054_dist=500_repair_6_males=6_nmar=1,6,1
0.054,13,1000,0,72.26733612949188,283.3779322531183,0,19,1.9000000000000008,2.5472599666746016,162,D_pmar=0.054_dist=500_repair_6_males=6_nmar=1,6,1
0,7,1000,500,71.81567262115159,288.26903004437867,0,0,0,0,162,D_pmar=0.054_dist=500_repair_6_males=6_nmar=1,6,1
0,13,0,0,68.96364418666337,278.883956714773,12.24202428646473,0,0,0,163,D_pmar=0.054_dist=500_repair_6_males=6_nmar=1,6,1
0,17,0,500,71.25134280937782,258.1953495706638,30.57910966579596,0,0,0,163,D_pmar=0.054_dist=500_repair_6_males=6_nmar=1,6,1
0.054,10,500,0,65.64249462453816,289.9181993087363,0,21,2.1000000000000005,2.41234267212029,163,D_pmar=0.054_dist=500_repair_6_males=6_nmar=1,6,1
0,3,500,500,71.40061267616653,239.86039315456932,48.86357122261007,0,0,0,163,D_pmar=0.054_dist=500_repair_6_males=6_nmar=1,6,1
0,7,1000,0,73.78357288730079,249.79100485808544,36.55578691970453,0,0,0,163,D_pmar=0.054_dist=500_repair_6_males=6_nmar=1,6,1
0,4,1000,500,71.62685667809647,288.4736158988163,0,0,0,0,163,D_pmar=0.054_dist=500_repair_6_males=6_nmar=1,6,1
0.054,11,0,0,70.78802946903197,285.11542967927323,0,18,1.8000000000000005,2.3202793513310156,164,D_pmar=0.054_dist=500_repair_6_males=6_nmar=1,6,1
0,9,0,500,69.35887567685033,290.8263651358956,0,0,0,0,164,D_pmar=0.054_dist=500_repair_6_males=6_nmar=1,6,1
0,9,500,0,71.70027385464945,221.4518315504551,66.90399741389871,0,0,0,164,D_pmar=0.054_dist=500_repair_6_males=6_nmar=1,6,1
0,12,500,500,67.37508709831494,292.8472822959102,0,0,0,0,164,D_pmar=0.054_dist=500_repair_6_males=6_nmar=1,6,1
0,7,1000,0,72.15678998403646,244.88220730116743,43.077958930423456,0,0,0,164,D_pmar=0.054_dist=500_repair_6_males=6_nmar=1,6,1
0,6,1000,500,73.323635014841,286.69511481886263,0,0,0,0,164,D_pmar=0.054_dist=500_repair_6_males=6_nmar=1,6,1
0,9,0,0,72.63282041232881,251.44053800581003,35.9639911433397,0,0,0,165,D_pmar=0.054_dist=500_repair_6_males=6_nmar=1,6,1
0,15,0,500,67.58000873654207,286.55171352288255,6.04892192247617,0,0,0,165,D_pmar=0.054_dist=500_repair_6_males=6_nmar=1,6,1
0,8,500,0,71.88258113584536,288.3192789319191,0,0,0,0,165,D_pmar=0.054_dist=500_repair_6_males=6_nmar=1,6,1
0.054,10,500,500,67.95998441872881,288.0435726930515,0,16,1.6000000000000003,2.4768518518518556,165,D_pmar=0.054_dist=500_repair_6_males=6_nmar=1,6,1
0,10,1000,0,67.96161738511576,292.2515129327665,0,0,0,0,165,D_pmar=0.054_dist=500_repair_6_males=6_nmar=1,6,1
0,2,1000,500,71.64133435231538,236.09920946113937,52.28698352743053,0,0,0,165,D_pmar=0.054_dist=500_repair_6_males=6_nmar=1,6,1
0,7,0,0,75.80542699560382,235.2583264414648,48.98587763397444,0,0,0,166,D_pmar=0.054_dist=500_repair_6_males=6_nmar=1,6,1
0.054,13,0,500,68.79731291485042,286.1789736791683,0,23,2.3000000000000007,2.8807701715994556,166,D_pmar=0.054_dist=500_repair_6_males=6_nmar=1,6,1
0,9,500,0,74.41900646606634,273.2185219265583,12.425822711145614,0,0,0,166,D_pmar=0.054_dist=500_repair_6_males=6_nmar=1,6,1
0,6,500,500,69.04155564979234,260.3503466202722,30.724209305734725,0,0,0,166,D_pmar=0.054_dist=500_repair_6_males=6_nmar=1,6,1
0,9,1000,0,71.92026691247472,239.4422639362006,48.68279801559859,0,0,0,166,D_pmar=0.054_dist=500_repair_6_males=6_nmar=1,6,1
0,10,1000,500,72.22204053619784,287.8041229562875,0,0,0,0,166,D_pmar=0.054_dist=500_repair_6_males=6_nmar=1,6,1
0,12,0,0,71.70226593493332,264.12524768356394,24.30456980680828,0,0,0,167,D_pmar=0.054_dist=500_repair_6_males=6_nmar=1,6,1
0,9,0,500,69.13757254892698,278.7859054274424,12.228660460022605,0,0,0,167,D_pmar=0.054_dist=500_repair_6_males=6_nmar=1,6,1
0,10,500,0,72.33655611598749,287.6909509852675,0,0,0,0,167,D_pmar=0.054_dist=500_repair_6_males=6_nmar=1,6,1
0.054,9,500,500,68.98802787719481,287.30968592346113,0,13,1.3,2.5017751947005986,167,D_pmar=0.054_dist=500_repair_6_males=6_nmar=1,6,1
0,8,1000,0,69.63490062776214,272.0826318445236,18.491432581397667,0,0,0,167,D_pmar=0.054_dist=500_repair_6_males=6_nmar=1,6,1
0,6,1000,500,73.20544874692173,262.57889129216375,24.289801446613065,0,0,0,167,D_pmar=0.054_dist=500_repair_6_males=6_nmar=1,6,1
0.054,10,0,0,71.01993284601241,284.3019176430608,0,23,2.3000000000000007,2.5980571291087964,168,D_pmar=0.054_dist=500_repair_6_males=6_nmar=1,6,1
0,12,0,500,70.36157388775155,260.76944166084076,28.988779857670817,0,0,0,168,D_pmar=0.054_dist=500_repair_6_males=6_nmar=1,6,1
0,7,500,0,69.40602352962007,290.603532440518,0,0,0,0,168,D_pmar=0.054_dist=500_repair_6_males=6_nmar=1,6,1
0,11,500,500,69.77632940653326,228.65037094870695,61.64800350516653,0,0,0,168,D_pmar=0.054_dist=500_repair_6_males=6_nmar=1,6,1
0,4,1000,0,71.848820175237,240.11218030924175,48.16326201182449,0,0,0,168,D_pmar=0.054_dist=500_repair_6_males=6_nmar=1,6,1
0,10,1000,500,70.80492998330985,289.2410841409656,0,0,0,0,168,D_pmar=0.054_dist=500_repair_6_males=6_nmar=1,6,1
0,10,0,0,71.05457859738958,240.1446225189133,48.96456731256167,0,0,0,169,D_pmar=0.054_dist=500_repair_6_males=6_nmar=1,6,1
0,8,0,500,72.36229258882534,245.2317869689761,42.72099093045159,0,0,0,169,D_pmar=0.054_dist=500_repair_6_males=6_nmar=1,6,1
0,5,500,0,72.63811225555366,287.4386088709155,0,0,0,0,169,D_pmar=0.054_dist=500_repair_6_males=6_nmar=1,6,1
0.054,10,500,500,70.78364842585682,284.0557467865435,0,20,2.0000000000000004,3.3188958189905695,169,D_pmar=0.054_dist=500_repair_6_males=6_nmar=1,6,1
0,11,1000,0,69.89250160634748,265.54871123712996,24.58413029110836,0,0,0,169,D_pmar=0.054_dist=500_repair_6_males=6_nmar=1,6,1
0,10,1000,500,74.53174647349695,279.4695899918129,6.070605978572457,0,0,0,169,D_pmar=0.054_dist=500_repair_6_males=6_nmar=1,6,1
0,3,0,0,68.57813679886294,279.4676734840939,12.066780577544847,0,0,0,16,D_pmar=0.054_dist=500_repair_6_males=6_nmar=1,6,1
0,7,0,500,68.52664023110765,279.37396928988954,12.154188533493024,0,0,0,16,D_pmar=0.054_dist=500_repair_6_males=6_nmar=1,6,1
0,18,500,0,75.27254946329957,260.16263382733905,24.639194836888883,0,0,0,16,D_pmar=0.054_dist=500_repair_6_males=6_nmar=1,6,1
0,14,500,500,72.75989940086241,251.24742897137764,36.2572674509508,0,0,0,16,D_pmar=0.054_dist=500_repair_6_males=6_nmar=1,6,1
0,8,1000,0,72.27812206674298,264.77745204288857,23.005988741478344,0,0,0,16,D_pmar=0.054_dist=500_repair_6_males=6_nmar=1,6,1
0.054,4,1000,500,67.41852281026077,287.9366546969742,0,18,1.8000000000000005,3.0298846760683773,16,D_pmar=0.054_dist=500_repair_6_males=6_nmar=1,6,1
0,6,0,0,72.04538219188531,220.70313939660775,67.25905444255321,0,0,0,170,D_pmar=0.054_dist=500_repair_6_males=6_nmar=1,6,1
0,12,0,500,71.61470243808643,270.35856555985623,18.177847174615124,0,0,0,170,D_pmar=0.054_dist=500_repair_6_males=6_nmar=1,6,1
0,13,500,0,67.23413445213468,268.3418801877165,24.49914024958672,0,0,0,170,D_pmar=0.054_dist=500_repair_6_males=6_nmar=1,6,1
0,8,500,500,69.38610684224805,274.76442483286735,15.947438911260866,0,0,0,170,D_pmar=0.054_dist=500_repair_6_males=6_nmar=1,6,1
0.054,12,1000,0,73.28278769958754,281.45535128374945,0,21,2.1000000000000005,3.1747165792345258,170,D_pmar=0.054_dist=500_repair_6_males=6_nmar=1,6,1
0,3,1000,500,68.17977314422832,291.9338340030624,0,0,0,0,170,D_pmar=0.054_dist=500_repair_6_males=6_nmar=1,6,1
0,7,0,0,67.2925754366872,292.73736670780374,0,0,0,0,171,D_pmar=0.054_dist=500_repair_6_males=6_nmar=1,6,1
0,8,0,500,68.97377393007199,272.8655623774313,18.18367454231939,0,0,0,171,D_pmar=0.054_dist=500_repair_6_males=6_nmar=1,6,1
0,16,500,0,67.74863916027459,274.01985256108344,18.285679286860848,0,0,0,171,D_pmar=0.054_dist=500_repair_6_males=6_nmar=1,6,1
0.054,12,500,500,73.96466213570835,282.9850264681123,0,10,1,2.135094166145829,171,D_pmar=0.054_dist=500_repair_6_males=6_nmar=1,6,1
0,6,1000,0,66.46110106758003,269.4338485459163,24.20294791110845,0,0,0,171,D_pmar=0.054_dist=500_repair_6_males=6_nmar=1,6,1
0,5,1000,500,73.09451444101717,287.005123576824,0,0,0,0,171,D_pmar=0.054_dist=500_repair_6_males=6_nmar=1,6,1
0,9,0,0,72.86777983508944,214.96694773378377,72.21083579139568,0,0,0,172,D_pmar=0.054_dist=500_repair_6_males=6_nmar=1,6,1
0.054,9,0,500,73.53976169189403,281.31447299099005,0,20,2.0000000000000004,3.352110721806559,172,D_pmar=0.054_dist=500_repair_6_males=6_nmar=1,6,1
0,4,500,0,68.4578249485607,273.22920091430325,18.461155146321445,0,0,0,172,D_pmar=0.054_dist=500_repair_6_males=6_nmar=1,6,1
0,19,500,500,68.53570279700092,285.46202330496635,6.06086149681673,0,0,0,172,D_pmar=0.054_dist=500_repair_6_males=6_nmar=1,6,1
0,7,1000,0,70.75384622414295,264.95201269983073,24.428193985201688,0,0,0,172,D_pmar=0.054_dist=500_repair_6_males=6_nmar=1,6,1
0,6,1000,500,73.74260004412477,286.3587214143943,0,0,0,0,172,D_pmar=0.054_dist=500_repair_6_males=6_nmar=1,6,1
0,9,0,0,71.37976671182726,288.7623058238534,0,0,0,0,173,D_pmar=0.054_dist=500_repair_6_males=6_nmar=1,6,1
0,9,0,500,68.81712913251042,248.54365484365897,42.647580491242614,0,0,0,173,D_pmar=0.054_dist=500_repair_6_males=6_nmar=1,6,1
0,9,500,0,71.91151189222609,239.289307925692,48.87069208222217,0,0,0,173,D_pmar=0.054_dist=500_repair_6_males=6_nmar=1,6,1
0.054,10,500,500,73.7818655790674,282.23184930763585,0,19,1.9000000000000008,2.227686758738422,173,D_pmar=0.054_dist=500_repair_6_males=6_nmar=1,6,1
0,9,1000,0,71.41338269397097,264.3748971383304,24.264888567278746,0,0,0,173,D_pmar=0.054_dist=500_repair_6_males=6_nmar=1,6,1
0,8,1000,500,70.96117177818005,289.0493066052914,0,0,0,0,173,D_pmar=0.054_dist=500_repair_6_males=6_nmar=1,6,1
0,8,0,0,71.97948118287712,259.9266567882447,28.13478457270445,0,0,0,174,D_pmar=0.054_dist=500_repair_6_males=6_nmar=1,6,1
0,14,0,500,72.9026763523766,269.12587042539633,18.12834172846317,0,0,0,174,D_pmar=0.054_dist=500_repair_6_males=6_nmar=1,6,1
0,7,500,0,70.13107402474843,281.5838411722073,8.30324527362311,0,0,0,174,D_pmar=0.054_dist=500_repair_6_males=6_nmar=1,6,1
0,4,500,500,70.83657443009933,289.40347352875074,0,0,0,0,174,D_pmar=0.054_dist=500_repair_6_males=6_nmar=1,6,1
0,13,1000,0,70.23786470770392,277.6422204990944,12.350268540106828,0,0,0,174,D_pmar=0.054_dist=500_repair_6_males=6_nmar=1,6,1
0.054,8,1000,500,67.49023666302175,288.95991054888106,0,12,1.2,2.471517421798624,174,D_pmar=0.054_dist=500_repair_6_males=6_nmar=1,6,1
0,14,0,0,68.44238847093207,267.21548683222005,24.40466436497876,0,0,0,175,D_pmar=0.054_dist=500_repair_6_males=6_nmar=1,6,1
0,10,0,500,67.93171525187952,273.756067127284,18.327689717711824,0,0,0,175,D_pmar=0.054_dist=500_repair_6_males=6_nmar=1,6,1
0,16,500,0,70.51131692262953,264.6837254809296,24.82442083908542,0,0,0,175,D_pmar=0.054_dist=500_repair_6_males=6_nmar=1,6,1
0,2,500,500,75.1083265446647,285.0755220875001,0,0,0,0,175,D_pmar=0.054_dist=500_repair_6_males=6_nmar=1,6,1
0.054,6,1000,0,69.871296474373,286.0706076122218,0,18,1.8000000000000005,2.2622204180869887,175,D_pmar=0.054_dist=500_repair_6_males=6_nmar=1,6,1
0,6,1000,500,75.61680341528974,241.421043809648,43.049369681608844,0,0,0,175,D_pmar=0.054_dist=500_repair_6_males=6_nmar=1,6,1
0,7,0,0,68.25671350349019,231.79247514933573,59.98801408399403,0,0,0,176,D_pmar=0.054_dist=500_repair_6_males=6_nmar=1,6,1
0.054,7,0,500,68.9703068707736,286.29545901611175,0,21,2.1000000000000005,2.6552824984374896,176,D_pmar=0.054_dist=500_repair_6_males=6_nmar=1,6,1
0,16,500,0,69.07876408254421,266.6859098504677,24.334337117798068,0,0,0,176,D_pmar=0.054_dist=500_repair_6_males=6_nmar=1,6,1
0,10,500,500,68.9953562750241,285.042430339578,6.000887241787754,0,0,0,176,D_pmar=0.054_dist=500_repair_6_males=6_nmar=1,6,1
0,9,1000,0,70.97822509291944,264.9159281726306,24.241790260464818,0,0,0,176,D_pmar=0.054_dist=500_repair_6_males=6_nmar=1,6,1
0,5,1000,500,71.26833991730574,276.7589090354679,12.072841839380663,0,0,0,176,D_pmar=0.054_dist=500_repair_6_males=6_nmar=1,6,1
0,5,0,0,68.61694946460771,273.1844429305274,18.316348599952985,0,0,0,177,D_pmar=0.054_dist=500_repair_6_males=6_nmar=1,6,1
0.054,17,0,500,70.55565534461658,285.5305115875165,0,17,1.7000000000000004,2.2853685662351375,177,D_pmar=0.054_dist=500_repair_6_males=6_nmar=1,6,1
0,8,500,0,73.95339064078824,261.89497096669487,24.39248824353252,0,0,0,177,D_pmar=0.054_dist=500_repair_6_males=6_nmar=1,6,1
0,5,500,500,71.9280000984142,269.79897211205133,18.351092794488633,0,0,0,177,D_pmar=0.054_dist=500_repair_6_males=6_nmar=1,6,1
0,9,1000,0,71.20934130865461,252.03440626042033,36.82732066903119,0,0,0,177,D_pmar=0.054_dist=500_repair_6_males=6_nmar=1,6,1
0,10,1000,500,69.90193175736283,284.3274261155505,6.005480431645481,0,0,0,177,D_pmar=0.054_dist=500_repair_6_males=6_nmar=1,6,1
0.054,7,0,0,74.22480436345688,282.20155534636916,0,14,1.4,2.2208593865035713,178,D_pmar=0.054_dist=500_repair_6_males=6_nmar=1,6,1
0,9,0,500,69.43190647629848,260.00968759527996,30.737874881416555,0,0,0,178,D_pmar=0.054_dist=500_repair_6_males=6_nmar=1,6,1
0,4,500,0,74.24298343830434,285.78242899897015,0,0,0,0,178,D_pmar=0.054_dist=500_repair_6_males=6_nmar=1,6,1
0,11,500,500,70.95077078311574,252.53825590525855,36.521575636380426,0,0,0,178,D_pmar=0.054_dist=500_repair_6_males=6_nmar=1,6,1
0,12,1000,0,68.68510863562524,279.155884680155,12.374115416130994,0,0,0,178,D_pmar=0.054_dist=500_repair_6_males=6_nmar=1,6,1
0,11,1000,500,73.14729324118902,280.60740624893225,6.285881380910743,0,0,0,178,D_pmar=0.054_dist=500_repair_6_males=6_nmar=1,6,1
0,7,0,0,71.77884716646112,288.36246857086115,0,0,0,0,179,D_pmar=0.054_dist=500_repair_6_males=6_nmar=1,6,1
0,10,0,500,69.59171598561963,265.8461513820478,24.618326821030543,0,0,0,179,D_pmar=0.054_dist=500_repair_6_males=6_nmar=1,6,1
0,6,500,0,67.85251346731977,286.1197808364466,6.051959357175038,0,0,0,179,D_pmar=0.054_dist=500_repair_6_males=6_nmar=1,6,1
0,5,500,500,71.10515487412877,257.99173561973583,30.905036470069227,0,0,0,179,D_pmar=0.054_dist=500_repair_6_males=6_nmar=1,6,1
0.054,18,1000,0,75.15588840218278,280.7300504441601,0,15,1.5000000000000002,2.8526867587384284,179,D_pmar=0.054_dist=500_repair_6_males=6_nmar=1,6,1
0,8,1000,500,71.05011877712148,258.4752193891912,30.567673824062716,0,0,0,179,D_pmar=0.054_dist=500_repair_6_males=6_nmar=1,6,1
0.054,6,0,0,72.0242874560281,283.5080007953263,0,18,1.8000000000000005,2.722856874953002,17,D_pmar=0.054_dist=500_repair_6_males=6_nmar=1,6,1
0,9,0,500,68.22301357898344,291.85623226621885,0,0,0,0,17,D_pmar=0.054_dist=500_repair_6_males=6_nmar=1,6,1
0,10,500,0,71.22842709743546,276.7584301849386,12.128335529429672,0,0,0,17,D_pmar=0.054_dist=500_repair_6_males=6_nmar=1,6,1
0,11,500,500,72.80167837929028,250.45543841138897,36.8576248257985,0,0,0,17,D_pmar=0.054_dist=500_repair_6_males=6_nmar=1,6,1
0,5,1000,0,72.57237119489882,281.3071366360088,6.209745794220167,0,0,0,17,D_pmar=0.054_dist=500_repair_6_males=6_nmar=1,6,1
0,13,1000,500,68.8390597911726,236.69819251124537,54.57861753905466,0,0,0,17,D_pmar=0.054_dist=500_repair_6_males=6_nmar=1,6,1
0,17,0,0,74.85826091097165,260.8749534833029,24.273466763337876,0,0,0,180,D_pmar=0.054_dist=500_repair_6_males=6_nmar=1,6,1
0.054,12,0,500,70.03023327204984,285.86762498131986,0,18,1.8000000000000005,2.354813010679582,180,D_pmar=0.054_dist=500_repair_6_males=6_nmar=1,6,1
0,7,500,0,70.22851969583384,276.6189239822504,13.297324344735328,0,0,0,180,D_pmar=0.054_dist=500_repair_6_males=6_nmar=1,6,1
0,2,500,500,70.83381277774728,265.0078995400866,24.400111931053857,0,0,0,180,D_pmar=0.054_dist=500_repair_6_males=6_nmar=1,6,1
0,8,1000,0,72.6195738024711,287.5355007115055,0,0,0,0,180,D_pmar=0.054_dist=500_repair_6_males=6_nmar=1,6,1
0,8,1000,500,72.2729441721421,245.2883553529351,42.51245892391377,0,0,0,180,D_pmar=0.054_dist=500_repair_6_males=6_nmar=1,6,1
0,10,0,0,70.3704715386393,221.8538075700648,67.77776242414006,0,0,0,181,D_pmar=0.054_dist=500_repair_6_males=6_nmar=1,6,1
0,10,0,500,72.6800104204735,269.03938943277973,18.411240817256537,0,0,0,181,D_pmar=0.054_dist=500_repair_6_males=6_nmar=1,6,1
0,6,500,0,75.08691254555524,254.4034314593835,30.5597906656218,0,0,0,181,D_pmar=0.054_dist=500_repair_6_males=6_nmar=1,6,1
0,8,500,500,73.0657287122249,286.9449544511733,0,0,0,0,181,D_pmar=0.054_dist=500_repair_6_males=6_nmar=1,6,1
0,9,1000,0,71.90184878761436,288.34774254216694,0,0,0,0,181,D_pmar=0.054_dist=500_repair_6_males=6_nmar=1,6,1
0.054,11,1000,500,68.52659391487222,286.94143434400655,0,20,2.0000000000000004,2.5321851136585782,181,D_pmar=0.054_dist=500_repair_6_males=6_nmar=1,6,1
0,11,0,0,74.0422562184358,255.42473757369933,30.534116390517525,0,0,0,182,D_pmar=0.054_dist=500_repair_6_males=6_nmar=1,6,1
0.054,14,0,500,70.39549457588346,285.6076497135773,0,18,1.8000000000000005,2.207828787065527,182,D_pmar=0.054_dist=500_repair_6_males=6_nmar=1,6,1
0,11,500,0,70.12805067320815,241.12113486744852,48.850149477490056,0,0,0,182,D_pmar=0.054_dist=500_repair_6_males=6_nmar=1,6,1
0,1,500,500,70.96089822102981,276.93517912387904,12.23239505492146,0,0,0,182,D_pmar=0.054_dist=500_repair_6_males=6_nmar=1,6,1
0,4,1000,0,69.39644136667326,290.6239247666766,0,0,0,0,182,D_pmar=0.054_dist=500_repair_6_males=6_nmar=1,6,1
0,13,1000,500,71.45064659287576,270.4242142773604,18.312878735688596,0,0,0,182,D_pmar=0.054_dist=500_repair_6_males=6_nmar=1,6,1
0,9,0,0,73.3255724150529,256.1122564831284,30.64285886625269,0,0,0,183,D_pmar=0.054_dist=500_repair_6_males=6_nmar=1,6,1
0,8,0,500,70.32165558043168,271.18259725552815,18.527015916874685,0,0,0,183,D_pmar=0.054_dist=500_repair_6_males=6_nmar=1,6,1
0.054,10,500,0,74.98742089638256,281.171108432276,0,17,1.7000000000000004,2.236745763841888,183,D_pmar=0.054_dist=500_repair_6_males=6_nmar=1,6,1
0,3,500,500,69.19596947266292,290.9251734141712,0,0,0,0,183,D_pmar=0.054_dist=500_repair_6_males=6_nmar=1,6,1
0,15,1000,0,70.57767892540869,265.14256457549345,24.34864390265532,0,0,0,183,D_pmar=0.054_dist=500_repair_6_males=6_nmar=1,6,1
0,9,1000,500,68.80836214998483,266.7073490724804,24.528514001773857,0,0,0,183,D_pmar=0.054_dist=500_repair_6_males=6_nmar=1,6,1
0,6,0,0,71.42143724773896,276.55499375942793,12.096520259187908,0,0,0,184,D_pmar=0.054_dist=500_repair_6_males=6_nmar=1,6,1
0,10,0,500,70.60398212388188,277.2196133231723,12.233898559403968,0,0,0,184,D_pmar=0.054_dist=500_repair_6_males=6_nmar=1,6,1
0.054,6,500,0,72.86739401960506,282.69061798751136,0,19,1.9000000000000008,2.5900919008465997,184,D_pmar=0.054_dist=500_repair_6_males=6_nmar=1,6,1
0,6,500,500,72.14111242868395,261.1418910377645,26.817392828253453,0,0,0,184,D_pmar=0.054_dist=500_repair_6_males=6_nmar=1,6,1
0,17,1000,0,72.03701796737208,269.77814291232096,18.39211350125246,0,0,0,184,D_pmar=0.054_dist=500_repair_6_males=6_nmar=1,6,1
0,9,1000,500,71.90385356661324,245.30096401443492,42.81580295380394,0,0,0,184,D_pmar=0.054_dist=500_repair_6_males=6_nmar=1,6,1
0.054,9,0,0,73.21872985275498,281.492055868649,0,28,2.800000000000001,2.7780600302967584,185,D_pmar=0.054_dist=500_repair_6_males=6_nmar=1,6,1
0,7,0,500,76.01616425109616,247.44038086722296,36.56776984761965,0,0,0,185,D_pmar=0.054_dist=500_repair_6_males=6_nmar=1,6,1
0,6,500,0,72.5464083338851,238.3375135042586,49.18788333175585,0,0,0,185,D_pmar=0.054_dist=500_repair_6_males=6_nmar=1,6,1
0,11,500,500,67.6546251831536,261.6508109622445,30.740440045410427,0,0,0,185,D_pmar=0.054_dist=500_repair_6_males=6_nmar=1,6,1
0,16,1000,0,68.4216728550947,273.5309848343623,18.32693313892288,0,0,0,185,D_pmar=0.054_dist=500_repair_6_males=6_nmar=1,6,1
0,5,1000,500,75.1754973815535,248.5200584710508,36.448887903586915,0,0,0,185,D_pmar=0.054_dist=500_repair_6_males=6_nmar=1,6,1
0,6,0,0,72.37939195740594,232.0743441689132,55.56415748221114,0,0,0,186,D_pmar=0.054_dist=500_repair_6_males=6_nmar=1,6,1
0,15,0,500,66.80779547099054,256.6246621884581,36.68149572419676,0,0,0,186,D_pmar=0.054_dist=500_repair_6_males=6_nmar=1,6,1
0,9,500,0,71.52430683397453,251.5574114693574,36.96891269325103,0,0,0,186,D_pmar=0.054_dist=500_repair_6_males=6_nmar=1,6,1
0.054,10,500,500,74.06455849119405,280.2514247375199,0,26,2.600000000000001,3.195690367341729,186,D_pmar=0.054_dist=500_repair_6_males=6_nmar=1,6,1
0,4,1000,0,69.72569920000835,265.93544628950804,24.372434186523236,0,0,0,186,D_pmar=0.054_dist=500_repair_6_males=6_nmar=1,6,1
0,10,1000,500,69.66624396585566,284.4691958807142,6.004958919122285,0,0,0,186,D_pmar=0.054_dist=500_repair_6_males=6_nmar=1,6,1
0.054,14,0,0,72.56955262832591,283.1794502663354,0,20,2.0000000000000004,2.5026087586159314,187,D_pmar=0.054_dist=500_repair_6_males=6_nmar=1,6,1
0,7,0,500,71.25786544685313,245.62453642345395,43.20023088395483,0,0,0,187,D_pmar=0.054_dist=500_repair_6_males=6_nmar=1,6,1
0,7,500,0,69.14228930646811,272.80428318120045,18.258352392822935,0,0,0,187,D_pmar=0.054_dist=500_repair_6_males=6_nmar=1,6,1
0,6,500,500,71.92759519465224,257.7137666478905,30.392147599231635,0,0,0,187,D_pmar=0.054_dist=500_repair_6_males=6_nmar=1,6,1
0,11,1000,0,68.88176584868278,291.3590563990619,0,0,0,0,187,D_pmar=0.054_dist=500_repair_6_males=6_nmar=1,6,1
0,9,1000,500,69.94999353846434,259.5457306527574,30.51486495364211,0,0,0,187,D_pmar=0.054_dist=500_repair_6_males=6_nmar=1,6,1
0,8,0,0,69.7353542381384,277.8636498452611,12.425600577768146,0,0,0,188,D_pmar=0.054_dist=500_repair_6_males=6_nmar=1,6,1
0,8,0,500,70.70849513432964,269.8736127027106,19.570028301011536,0,0,0,188,D_pmar=0.054_dist=500_repair_6_males=6_nmar=1,6,1
0,9,500,0,68.73277228720782,291.3976914975002,0,0,0,0,188,D_pmar=0.054_dist=500_repair_6_males=6_nmar=1,6,1
0.054,14,500,500,68.62913128404242,288.05611764390125,0,12,1.2,2.3348536869929406,188,D_pmar=0.054_dist=500_repair_6_males=6_nmar=1,6,1
0,9,1000,0,69.64827752422156,259.8952059388352,30.657843728309583,0,0,0,188,D_pmar=0.054_dist=500_repair_6_males=6_nmar=1,6,1
0,6,1000,500,74.80862241120911,285.4220479190906,0,0,0,0,188,D_pmar=0.054_dist=500_repair_6_males=6_nmar=1,6,1
0,14,0,0,68.04467802959721,255.37551956725704,36.593711776211954,0,0,0,189,D_pmar=0.054_dist=500_repair_6_males=6_nmar=1,6,1
0,3,0,500,66.16763966409543,263.1030001871358,30.872072776102968,0,0,0,189,D_pmar=0.054_dist=500_repair_6_males=6_nmar=1,6,1
0,10,500,0,72.50396400605489,269.3318164105506,18.266596264541715,0,0,0,189,D_pmar=0.054_dist=500_repair_6_males=6_nmar=1,6,1
0,9,500,500,70.85781576106868,251.14609083729437,38.0377452725945,0,0,0,189,D_pmar=0.054_dist=500_repair_6_males=6_nmar=1,6,1
0.054,5,1000,0,75.10543410340702,279.93044022598673,0,21,2.1000000000000005,2.9474889446065964,189,D_pmar=0.054_dist=500_repair_6_males=6_nmar=1,6,1
0,13,1000,500,73.44297724607769,286.69702866774145,0,0,0,0,189,D_pmar=0.054_dist=500_repair_6_males=6_nmar=1,6,1
0,6,0,0,69.46689672407221,284.45702974254243,6.118490472174968,0,0,0,18,D_pmar=0.054_dist=500_repair_6_males=6_nmar=1,6,1
0,10,0,500,73.07410226298771,268.9154757079025,18.231416785100123,0,0,0,18,D_pmar=0.054_dist=500_repair_6_males=6_nmar=1,6,1
0.054,12,500,0,71.01700457873257,285.30888402263525,0,14,1.4,2.6861488555634914,18,D_pmar=0.054_dist=500_repair_6_males=6_nmar=1,6,1
0,2,500,500,70.50220911942795,289.5218422996847,0,0,0,0,18,D_pmar=0.054_dist=500_repair_6_males=6_nmar=1,6,1
0,16,1000,0,68.08368666085654,261.6014484561924,30.397065506284015,0,0,0,18,D_pmar=0.054_dist=500_repair_6_males=6_nmar=1,6,1
0,8,1000,500,74.06549781239043,255.63109936936291,30.515593751782355,0,0,0,18,D_pmar=0.054_dist=500_repair_6_males=6_nmar=1,6,1
0,11,0,0,71.94533335487382,276.05060406713153,12.114401254400637,0,0,0,190,D_pmar=0.054_dist=500_repair_6_males=6_nmar=1,6,1
0,12,0,500,70.4991928023709,259.0558852467013,30.70942355772597,0,0,0,190,D_pmar=0.054_dist=500_repair_6_males=6_nmar=1,6,1
0.054,10,500,0,71.17104087864374,284.6895124236559,0,19,1.9000000000000008,2.2685185185185204,190,D_pmar=0.054_dist=500_repair_6_males=6_nmar=1,6,1
0,13,500,500,71.98656418966979,288.1166330880939,0,0,0,0,190,D_pmar=0.054_dist=500_repair_6_males=6_nmar=1,6,1
0,5,1000,0,68.6239576128914,266.8180065021677,24.65803430589793,0,0,0,190,D_pmar=0.054_dist=500_repair_6_males=6_nmar=1,6,1
0,3,1000,500,70.13723784595852,240.9484832395191,49.07973710963023,0,0,0,190,D_pmar=0.054_dist=500_repair_6_males=6_nmar=1,6,1
0,6,0,0,68.49218207260563,291.72770556169917,0,0,0,0,191,D_pmar=0.054_dist=500_repair_6_males=6_nmar=1,6,1
0.054,6,0,500,67.76651403192237,287.7565204492791,0,21,2.1000000000000005,2.4450790971752228,191,D_pmar=0.054_dist=500_repair_6_males=6_nmar=1,6,1
0,8,500,0,68.0408254976808,285.9427328450147,6.021742406123604,0,0,0,191,D_pmar=0.054_dist=500_repair_6_males=6_nmar=1,6,1
0,14,500,500,70.47337601904229,246.9352556084984,42.6684604406944,0,0,0,191,D_pmar=0.054_dist=500_repair_6_males=6_nmar=1,6,1
0,7,1000,0,72.88493184304092,244.6071517262666,42.675825517027825,0,0,0,191,D_pmar=0.054_dist=500_repair_6_males=6_nmar=1,6,1
0,13,1000,500,72.47161851542172,251.21904072702375,36.52062169619386,0,0,0,191,D_pmar=0.054_dist=500_repair_6_males=6_nmar=1,6,1
0,12,0,0,68.31142402732061,285.793779778101,6.0715809395332885,0,0,0,192,D_pmar=0.054_dist=500_repair_6_males=6_nmar=1,6,1
0,8,0,500,76.02731281408359,283.99626367462287,0,0,0,0,192,D_pmar=0.054_dist=500_repair_6_males=6_nmar=1,6,1
0,5,500,0,73.64245011934808,237.54123285949183,48.94609176561097,0,0,0,192,D_pmar=0.054_dist=500_repair_6_males=6_nmar=1,6,1
0,7,500,500,72.91837320630005,242.9535372433091,44.17617200647907,0,0,0,192,D_pmar=0.054_dist=500_repair_6_males=6_nmar=1,6,1
0.054,10,1000,0,67.26439101195162,288.3080249269371,0,23,2.3000000000000007,2.4061174053240575,192,D_pmar=0.054_dist=500_repair_6_males=6_nmar=1,6,1
0,12,1000,500,71.7271189782801,251.46106822233853,36.82821907664311,0,0,0,192,D_pmar=0.054_dist=500_repair_6_males=6_nmar=1,6,1
0,4,0,0,71.73004962394884,288.3149025733259,0,0,0,0,193,D_pmar=0.054_dist=500_repair_6_males=6_nmar=1,6,1
0,17,0,500,71.15252483156445,252.35753174568967,36.52535155035991,0,0,0,193,D_pmar=0.054_dist=500_repair_6_males=6_nmar=1,6,1
0,7,500,0,70.91278071022528,252.5086738640992,36.62029993814938,0,0,0,193,D_pmar=0.054_dist=500_repair_6_males=6_nmar=1,6,1
0,6,500,500,73.83289450326274,267.7968090498792,18.372226228095425,0,0,0,193,D_pmar=0.054_dist=500_repair_6_males=6_nmar=1,6,1
0.054,17,1000,0,68.17615269759396,287.2617584051793,0,21,2.1000000000000005,2.4953469878060983,193,D_pmar=0.054_dist=500_repair_6_males=6_nmar=1,6,1
0,3,1000,500,69.7341562031113,255.33595537491544,35.18813338868535,0,0,0,193,D_pmar=0.054_dist=500_repair_6_males=6_nmar=1,6,1
0,7,0,0,68.8262256915182,224.0027696445065,67.25221035493395,0,0,0,194,D_pmar=0.054_dist=500_repair_6_males=6_nmar=1,6,1
0,7,0,500,68.1035319441786,285.87827026851386,6.066766530229291,0,0,0,194,D_pmar=0.054_dist=500_repair_6_males=6_nmar=1,6,1
0,18,500,0,71.99661145187935,288.03078010550433,0,0,0,0,194,D_pmar=0.054_dist=500_repair_6_males=6_nmar=1,6,1
0,5,500,500,70.75966262832436,229.54848803679232,59.73726066356568,0,0,0,194,D_pmar=0.054_dist=500_repair_6_males=6_nmar=1,6,1
0,11,1000,0,68.9681579161315,278.9878353717421,12.221828428709536,0,0,0,194,D_pmar=0.054_dist=500_repair_6_males=6_nmar=1,6,1
0.054,6,1000,500,67.77982328311772,286.8477708557915,0,24,2.400000000000001,3.122651454310014,194,D_pmar=0.054_dist=500_repair_6_males=6_nmar=1,6,1
0.054,10,0,0,68.31897773995911,286.84821803283245,0,23,2.3000000000000007,2.637598886805541,195,D_pmar=0.054_dist=500_repair_6_males=6_nmar=1,6,1
0,8,0,500,72.88904332328642,281.34561247117085,6.062190698090869,0,0,0,195,D_pmar=0.054_dist=500_repair_6_males=6_nmar=1,6,1
0,8,500,0,74.84467618783887,248.5254501246628,36.75327910834158,0,0,0,195,D_pmar=0.054_dist=500_repair_6_males=6_nmar=1,6,1
0,8,500,500,69.78922865960514,235.1392411211416,55.08610561658993,0,0,0,195,D_pmar=0.054_dist=500_repair_6_males=6_nmar=1,6,1
0,4,1000,0,68.26137789815208,255.3358461109113,36.42243749994903,0,0,0,195,D_pmar=0.054_dist=500_repair_6_males=6_nmar=1,6,1
0,16,1000,500,71.81670431501405,282.3617838709866,6.045605928638129,0,0,0,195,D_pmar=0.054_dist=500_repair_6_males=6_nmar=1,6,1
0,10,0,0,70.2151661621287,283.68229677813645,6.178754419053979,0,0,0,196,D_pmar=0.054_dist=500_repair_6_males=6_nmar=1,6,1
0.054,2,0,500,71.57610557031539,282.44739416364826,0,24,2.400000000000001,3.5858746301989157,196,D_pmar=0.054_dist=500_repair_6_males=6_nmar=1,6,1
0,13,500,0,71.30094054274196,228.221341257828,60.501616913626194,0,0,0,196,D_pmar=0.054_dist=500_repair_6_males=6_nmar=1,6,1
0,8,500,500,67.97803503936991,273.8360509672505,18.29303408193297,0,0,0,196,D_pmar=0.054_dist=500_repair_6_males=6_nmar=1,6,1
0,16,1000,0,69.15779162122593,230.00329555636105,60.980221859372335,0,0,0,196,D_pmar=0.054_dist=500_repair_6_males=6_nmar=1,6,1
0,5,1000,500,71.33481870466191,288.71250392166763,0,0,0,0,196,D_pmar=0.054_dist=500_repair_6_males=6_nmar=1,6,1
0,6,0,0,68.68060283609582,285.31787948705806,6.0799828437013606,0,0,0,197,D_pmar=0.054_dist=500_repair_6_males=6_nmar=1,6,1
0,9,0,500,71.27535105576487,250.8808968630469,37.86719770040155,0,0,0,197,D_pmar=0.054_dist=500_repair_6_males=6_nmar=1,6,1
0.054,8,500,0,72.07212084047524,283.4560603591694,0,18,1.8000000000000005,2.8554256238173226,197,D_pmar=0.054_dist=500_repair_6_males=6_nmar=1,6,1
0,4,500,500,72.09641283138501,282.00763466648124,6.031972357306678,0,0,0,197,D_pmar=0.054_dist=500_repair_6_males=6_nmar=1,6,1
0,14,1000,0,74.03137629909514,259.1147840296187,26.931166710344296,0,0,0,197,D_pmar=0.054_dist=500_repair_6_males=6_nmar=1,6,1
0,13,1000,500,72.07791527549851,263.7388309578535,24.184605172506075,0,0,0,197,D_pmar=0.054_dist=500_repair_6_males=6_nmar=1,6,1
0,12,0,0,70.678270675103,271.10389439425825,18.288577560457593,0,0,0,198,D_pmar=0.054_dist=500_repair_6_males=6_nmar=1,6,1
0,4,0,500,71.26205437588666,270.3979222590844,18.45872703260301,0,0,0,198,D_pmar=0.054_dist=500_repair_6_males=6_nmar=1,6,1
0,8,500,0,71.35638871545007,288.6873050208085,0,0,0,0,198,D_pmar=0.054_dist=500_repair_6_males=6_nmar=1,6,1
0.054,13,500,500,70.2544343360232,286.22979557510683,0,13,1.3,2.2842307102077912,198,D_pmar=0.054_dist=500_repair_6_males=6_nmar=1,6,1
0,8,1000,0,70.1785833314102,289.965420403271,0,0,0,0,198,D_pmar=0.054_dist=500_repair_6_males=6_nmar=1,6,1
0,9,1000,500,69.0011775500436,248.5564591439515,42.70530366836032,0,0,0,198,D_pmar=0.054_dist=500_repair_6_males=6_nmar=1,6,1
0.054,7,0,0,72.7665137783204,283.8763128072878,0,13,1.3,2.2056544270245815,199,D_pmar=0.054_dist=500_repair_6_males=6_nmar=1,6,1
0,12,0,500,71.9076945702784,275.9361646132193,12.33831510545638,0,0,0,199,D_pmar=0.054_dist=500_repair_6_males=6_nmar=1,6,1
0,18,500,0,71.71782254671882,288.37931868384516,0,0,0,0,199,D_pmar=0.054_dist=500_repair_6_males=6_nmar=1,6,1
0,6,500,500,71.71391238388833,246.3587040395295,41.93991709807968,0,0,0,199,D_pmar=0.054_dist=500_repair_6_males=6_nmar=1,6,1
0,8,1000,0,72.38286346031687,262.9243837229163,24.798782514732473,0,0,0,199,D_pmar=0.054_dist=500_repair_6_males=6_nmar=1,6,1
0,3,1000,500,73.97506043105538,286.09152740716985,0,0,0,0,199,D_pmar=0.054_dist=500_repair_6_males=6_nmar=1,6,1
0,3,0,0,66.89780215339893,256.80991510775095,36.56198692923198,0,0,0,19,D_pmar=0.054_dist=500_repair_6_males=6_nmar=1,6,1
0,17,0,500,72.45865828611016,244.6244432322553,43.03468129602054,0,0,0,19,D_pmar=0.054_dist=500_repair_6_males=6_nmar=1,6,1
0,12,500,0,70.34255450704913,289.8190878267973,0,0,0,0,19,D_pmar=0.054_dist=500_repair_6_males=6_nmar=1,6,1
0,4,500,500,70.24425970780358,283.61165356200024,6.2119665999970985,0,0,0,19,D_pmar=0.054_dist=500_repair_6_males=6_nmar=1,6,1
0.054,7,1000,0,66.49624881909646,289.3658825458301,0,15,1.5000000000000002,2.688301176011397,19,D_pmar=0.054_dist=500_repair_6_males=6_nmar=1,6,1
0,11,1000,500,71.95187571729869,282.05766835267195,6.022423962560655,0,0,0,19,D_pmar=0.054_dist=500_repair_6_males=6_nmar=1,6,1
0.054,10,0,0,70.72176780755319,285.1753463430605,0,17,1.7000000000000004,2.4614727067238196,200,D_pmar=0.054_dist=500_repair_6_males=6_nmar=1,6,1
0,13,0,500,69.07363494929814,242.10471557058463,48.88334520878606,0,0,0,200,D_pmar=0.054_dist=500_repair_6_males=6_nmar=1,6,1
0,6,500,0,70.13825334600449,259.46915041680063,30.543289974072895,0,0,0,200,D_pmar=0.054_dist=500_repair_6_males=6_nmar=1,6,1
0,5,500,500,72.83252139773731,280.93895119013064,6.280404002663708,0,0,0,200,D_pmar=0.054_dist=500_repair_6_males=6_nmar=1,6,1
0,14,1000,0,73.10048987726519,268.7097452799791,18.206665936334968,0,0,0,200,D_pmar=0.054_dist=500_repair_6_males=6_nmar=1,6,1
0,6,1000,500,71.54202679501101,288.5524055726692,0,0,0,0,200,D_pmar=0.054_dist=500_repair_6_males=6_nmar=1,6,1
0,6,0,0,70.24075970058928,289.79631376797806,0,0,0,0,201,D_pmar=0.054_dist=500_repair_6_males=6_nmar=1,6,1
0.054,12,0,500,71.27165837791667,283.7635578341738,0,20,2.0000000000000004,3.026391559494858,201,D_pmar=0.054_dist=500_repair_6_males=6_nmar=1,6,1
0,16,500,0,68.44853179016866,273.00418800758865,18.579542771742062,0,0,0,201,D_pmar=0.054_dist=500_repair_6_males=6_nmar=1,6,1
0,10,500,500,68.62229650927375,230.00138012182217,61.425038993202456,0,0,0,201,D_pmar=0.054_dist=500_repair_6_males=6_nmar=1,6,1
0,5,1000,0,70.16654334178743,259.226528185705,30.630773849580713,0,0,0,201,D_pmar=0.054_dist=500_repair_6_males=6_nmar=1,6,1
0,5,1000,500,69.17923610994846,278.68382088238764,12.216069909265991,0,0,0,201,D_pmar=0.054_dist=500_repair_6_males=6_nmar=1,6,1
0,11,0,0,69.99901952627903,253.3326362241566,36.6766258729931,0,0,0,202,D_pmar=0.054_dist=500_repair_6_males=6_nmar=1,6,1
0.054,6,0,500,73.19377502044316,283.01253288131494,0,15,1.5000000000000002,2.3667057540902805,202,D_pmar=0.054_dist=500_repair_6_males=6_nmar=1,6,1
0,13,500,0,67.21096299900898,274.4533204779352,18.34374124647031,0,0,0,202,D_pmar=0.054_dist=500_repair_6_males=6_nmar=1,6,1
0,8,500,500,72.44276730424308,275.52229719773004,12.076809350455392,0,0,0,202,D_pmar=0.054_dist=500_repair_6_males=6_nmar=1,6,1
0,12,1000,0,72.8356459416083,281.31819266354086,6.067454629163061,0,0,0,202,D_pmar=0.054_dist=500_repair_6_males=6_nmar=1,6,1
0,4,1000,500,68.42759787257566,273.75977045952186,18.1196150705577,0,0,0,202,D_pmar=0.054_dist=500_repair_6_males=6_nmar=1,6,1
0.054,17,0,0,69.20819034519975,286.08202292847136,0,24,2.400000000000001,2.3620747814894147,203,D_pmar=0.054_dist=500_repair_6_males=6_nmar=1,6,1
0,6,0,500,67.98617605586632,249.64880323130168,42.51184197021938,0,0,0,203,D_pmar=0.054_dist=500_repair_6_males=6_nmar=1,6,1
0,11,500,0,67.56008745391775,268.33608522200336,24.27891841743221,0,0,0,203,D_pmar=0.054_dist=500_repair_6_males=6_nmar=1,6,1
0,7,500,500,71.25313611943082,258.38981372697543,30.463752704422397,0,0,0,203,D_pmar=0.054_dist=500_repair_6_males=6_nmar=1,6,1
0,9,1000,0,69.20652153135798,272.5941755266059,18.236057421977364,0,0,0,203,D_pmar=0.054_dist=500_repair_6_males=6_nmar=1,6,1
0,4,1000,500,71.28773257235741,258.2794092348466,30.442999573936827,0,0,0,203,D_pmar=0.054_dist=500_repair_6_males=6_nmar=1,6,1
0,7,0,0,69.42450063110489,254.37643781590023,36.37076240014823,0,0,0,204,D_pmar=0.054_dist=500_repair_6_males=6_nmar=1,6,1
0.054,11,0,500,71.92008544354445,283.5901213499452,0,20,2.0000000000000004,2.5776698856325817,204,D_pmar=0.054_dist=500_repair_6_males=6_nmar=1,6,1
0,8,500,0,70.8770107981038,276.9695837460165,12.219497369452412,0,0,0,204,D_pmar=0.054_dist=500_repair_6_males=6_nmar=1,6,1
0,13,500,500,71.25256225108825,246.4704421022914,42.43342310087482,0,0,0,204,D_pmar=0.054_dist=500_repair_6_males=6_nmar=1,6,1
0,1,1000,0,69.53534380086978,265.98471347614145,24.593247077749304,0,0,0,204,D_pmar=0.054_dist=500_repair_6_males=6_nmar=1,6,1
0,14,1000,500,72.60784789887857,281.337057636805,6.067955164969046,0,0,0,204,D_pmar=0.054_dist=500_repair_6_males=6_nmar=1,6,1
0,12,0,0,70.02619351223248,261.24296492181065,28.864042815344614,0,0,0,205,D_pmar=0.054_dist=500_repair_6_males=6_nmar=1,6,1
0,9,0,500,72.52986196194543,263.29366554912593,24.32531793927564,0,0,0,205,D_pmar=0.054_dist=500_repair_6_males=6_nmar=1,6,1
0.054,7,500,0,70.02276866791331,285.8527518494687,0,18,1.8000000000000005,2.384085073610217,205,D_pmar=0.054_dist=500_repair_6_males=6_nmar=1,6,1
0,8,500,500,71.49365590440405,252.08551074260103,36.43348257731576,0,0,0,205,D_pmar=0.054_dist=500_repair_6_males=6_nmar=1,6,1
0,8,1000,0,71.16515215751981,270.85281886895615,18.26458919424725,0,0,0,205,D_pmar=0.054_dist=500_repair_6_males=6_nmar=1,6,1
0,10,1000,500,69.3877812029224,290.8515681238996,0,0,0,0,205,D_pmar=0.054_dist=500_repair_6_males=6_nmar=1,6,1
0,7,0,0,70.26863409304985,274.2993802711033,15.496601023063128,0,0,0,206,D_pmar=0.054_dist=500_repair_6_males=6_nmar=1,6,1
0,5,0,500,74.07484707697523,261.43625632234654,24.613860190613646,0,0,0,206,D_pmar=0.054_dist=500_repair_6_males=6_nmar=1,6,1
0,9,500,0,70.48394943566261,271.29270267597974,18.359946265593724,0,0,0,206,D_pmar=0.054_dist=500_repair_6_males=6_nmar=1,6,1
0,7,500,500,72.50374513921135,251.08440927754927,36.43298258212926,0,0,0,206,D_pmar=0.054_dist=500_repair_6_males=6_nmar=1,6,1
0,9,1000,0,70.81347026677629,283.19646140206925,6.0960954380044,0,0,0,206,D_pmar=0.054_dist=500_repair_6_males=6_nmar=1,6,1
0.054,17,1000,500,72.01393762123999,284.0433365463875,0,17,1.7000000000000004,2.407008242067059,206,D_pmar=0.054_dist=500_repair_6_males=6_nmar=1,6,1
0,17,0,0,69.08744903383725,260.4408784380551,30.495118122640175,0,0,0,207,D_pmar=0.054_dist=500_repair_6_males=6_nmar=1,6,1
0,5,0,500,74.1004610210888,261.5664092052129,24.447253615817665,0,0,0,207,D_pmar=0.054_dist=500_repair_6_males=6_nmar=1,6,1
0.054,6,500,0,73.90443452742477,281.6052859975105,0,21,2.1000000000000005,2.4755618497685026,207,D_pmar=0.054_dist=500_repair_6_males=6_nmar=1,6,1
0,6,500,500,69.3764123212217,278.64037503499736,12.107900755681944,0,0,0,207,D_pmar=0.054_dist=500_repair_6_males=6_nmar=1,6,1
0,9,1000,0,73.0852639974867,225.86561266877527,61.17252023130791,0,0,0,207,D_pmar=0.054_dist=500_repair_6_males=6_nmar=1,6,1
0,11,1000,500,68.39237971161022,291.70515366041326,0,0,0,0,207,D_pmar=0.054_dist=500_repair_6_males=6_nmar=1,6,1
0.054,8,0,0,72.24952447891619,283.43446811374696,0,17,1.7000000000000004,2.7428449530888654,208,D_pmar=0.054_dist=500_repair_6_males=6_nmar=1,6,1
0,6,0,500,68.02974420845176,286.0208403532618,6.017554852305419,0,0,0,208,D_pmar=0.054_dist=500_repair_6_males=6_nmar=1,6,1
0,6,500,0,71.73789790662774,288.26559817188013,0,0,0,0,208,D_pmar=0.054_dist=500_repair_6_males=6_nmar=1,6,1
0,11,500,500,72.5520610193523,287.4618532360739,0,0,0,0,208,D_pmar=0.054_dist=500_repair_6_males=6_nmar=1,6,1
0,7,1000,0,68.23472789479057,214.29695645929124,77.47563404381171,0,0,0,208,D_pmar=0.054_dist=500_repair_6_males=6_nmar=1,6,1
0,16,1000,500,71.17632556173376,270.45351952733773,18.561169945744386,0,0,0,208,D_pmar=0.054_dist=500_repair_6_males=6_nmar=1,6,1
0.054,13,0,0,69.34137756407314,286.6375335666039,0,20,2.0000000000000004,2.1312747178672566,209,D_pmar=0.054_dist=500_repair_6_males=6_nmar=1,6,1
0,11,0,500,71.20033185602394,246.23728696468817,42.58902878035328,0,0,0,209,D_pmar=0.054_dist=500_repair_6_males=6_nmar=1,6,1
0,7,500,0,71.72067981301515,245.86058305753917,42.623899755850374,0,0,0,209,D_pmar=0.054_dist=500_repair_6_males=6_nmar=1,6,1
0,7,500,500,71.11509095330892,264.41605355407586,24.484661918281336,0,0,0,209,D_pmar=0.054_dist=500_repair_6_males=6_nmar=1,6,1
0,9,1000,0,67.50875083817861,280.1805962937272,12.357085214626352,0,0,0,209,D_pmar=0.054_dist=500_repair_6_males=6_nmar=1,6,1
0,7,1000,500,75.0182405229072,285.0620816729751,0,0,0,0,209,D_pmar=0.054_dist=500_repair_6_males=6_nmar=1,6,1
0,9,0,0,72.24175574845728,232.45630917202368,55.39166911598613,0,0,0,20,D_pmar=0.054_dist=500_repair_6_males=6_nmar=1,6,1
0.054,13,0,500,69.10280086044061,285.9063593921099,0,23,2.3000000000000007,2.7247269428819343,20,D_pmar=0.054_dist=500_repair_6_males=6_nmar=1,6,1
0,8,500,0,67.493048046378,262.04724740876185,30.567271665461863,0,0,0,20,D_pmar=0.054_dist=500_repair_6_males=6_nmar=1,6,1
0,6,500,500,69.9705093135667,283.866529374418,6.256117616272661,0,0,0,20,D_pmar=0.054_dist=500_repair_6_males=6_nmar=1,6,1
0,10,1000,0,73.03873810290457,280.96901506398575,6.096892107337582,0,0,0,20,D_pmar=0.054_dist=500_repair_6_males=6_nmar=1,6,1
0,8,1000,500,69.89283570282045,247.39922436459676,42.77533737366229,0,0,0,20,D_pmar=0.054_dist=500_repair_6_males=6_nmar=1,6,1
0,6,0,0,68.02513905629085,279.94182189179,12.142182232994896,0,0,0,210,D_pmar=0.054_dist=500_repair_6_males=6_nmar=1,6,1
0,9,0,500,70.89738601332466,270.7323148379485,18.388384728089708,0,0,0,210,D_pmar=0.054_dist=500_repair_6_males=6_nmar=1,6,1
0,16,500,0,69.15082451422221,272.60885858822496,18.32656608717023,0,0,0,210,D_pmar=0.054_dist=500_repair_6_males=6_nmar=1,6,1
0,10,500,500,66.5347331971017,293.54658836969406,0,0,0,0,210,D_pmar=0.054_dist=500_repair_6_males=6_nmar=1,6,1
0.054,7,1000,0,70.69495924627432,285.2228814043965,0,14,1.4,2.8323503093044726,210,D_pmar=0.054_dist=500_repair_6_males=6_nmar=1,6,1
0,6,1000,500,63.46567678872164,259.68908990344164,36.929492546977976,0,0,0,210,D_pmar=0.054_dist=500_repair_6_males=6_nmar=1,6,1
0,16,0,0,72.46218782624935,275.3279289373448,12.316932431739092,0,0,0,211,D_pmar=0.054_dist=500_repair_6_males=6_nmar=1,6,1
0.054,6,0,500,74.8553218979315,281.38952734344434,0,14,1.4,2.3739675249001126,211,D_pmar=0.054_dist=500_repair_6_males=6_nmar=1,6,1
0,7,500,0,73.07135380377031,280.94137103778576,6.0099416213729775,0,0,0,211,D_pmar=0.054_dist=500_repair_6_males=6_nmar=1,6,1
0,9,500,500,72.52758672827076,263.9428377962474,23.557870269710087,0,0,0,211,D_pmar=0.054_dist=500_repair_6_males=6_nmar=1,6,1
0,8,1000,0,67.42434925746555,268.03392212369687,24.55932272072663,0,0,0,211,D_pmar=0.054_dist=500_repair_6_males=6_nmar=1,6,1
0,8,1000,500,69.11147418115266,272.84292472738497,18.234145904391248,0,0,0,211,D_pmar=0.054_dist=500_repair_6_males=6_nmar=1,6,1
0,4,0,0,68.42059800463247,285.4741358736229,6.1538317548376025,0,0,0,212,D_pmar=0.054_dist=500_repair_6_males=6_nmar=1,6,1
0,11,0,500,71.19565279371217,270.4916756763362,18.32652681283616,0,0,0,212,D_pmar=0.054_dist=500_repair_6_males=6_nmar=1,6,1
0,3,500,0,71.26196448686343,270.60431955780393,18.33250434197133,0,0,0,212,D_pmar=0.054_dist=500_repair_6_males=6_nmar=1,6,1
0,9,500,500,69.83899920307954,272.03201794927554,18.29477138203628,0,0,0,212,D_pmar=0.054_dist=500_repair_6_males=6_nmar=1,6,1
0,7,1000,0,70.1011034724656,262.86327789431306,27.092285203764614,0,0,0,212,D_pmar=0.054_dist=500_repair_6_males=6_nmar=1,6,1
0.054,20,1000,500,71.26857503073825,284.73312654006673,0,15,1.5000000000000002,2.7051732633210537,212,D_pmar=0.054_dist=500_repair_6_males=6_nmar=1,6,1
0,5,0,0,70.43383700147027,228.77177656861997,60.82345713354762,0,0,0,213,D_pmar=0.054_dist=500_repair_6_males=6_nmar=1,6,1
0,10,0,500,71.31602287301172,288.70416709069724,0,0,0,0,213,D_pmar=0.054_dist=500_repair_6_males=6_nmar=1,6,1
0,7,500,0,69.26281776113797,290.8620135590915,0,0,0,0,213,D_pmar=0.054_dist=500_repair_6_males=6_nmar=1,6,1
0.054,11,500,500,68.20961466972093,287.38661417494745,0,20,2.0000000000000004,2.4680750992673643,213,D_pmar=0.054_dist=500_repair_6_males=6_nmar=1,6,1
0,10,1000,0,72.47618301273624,267.0578343624097,20.625098990282307,0,0,0,213,D_pmar=0.054_dist=500_repair_6_males=6_nmar=1,6,1
0,11,1000,500,70.13791623608591,255.17667967184695,34.876646078981345,0,0,0,213,D_pmar=0.054_dist=500_repair_6_males=6_nmar=1,6,1
0,4,0,0,70.98942778518823,264.4476863362557,24.716738199940632,0,0,0,214,D_pmar=0.054_dist=500_repair_6_males=6_nmar=1,6,1
0,10,0,500,69.14076293382419,265.4208284178679,25.51542765355038,0,0,0,214,D_pmar=0.054_dist=500_repair_6_males=6_nmar=1,6,1
0,5,500,0,68.37900871044047,285.6340918144589,6.006006134624759,0,0,0,214,D_pmar=0.054_dist=500_repair_6_males=6_nmar=1,6,1
0,6,500,500,68.81815336122555,260.92071081840675,30.30779693973261,0,0,0,214,D_pmar=0.054_dist=500_repair_6_males=6_nmar=1,6,1
0,13,1000,0,70.89733381112826,270.7726121506297,18.37468165380343,0,0,0,214,D_pmar=0.054_dist=500_repair_6_males=6_nmar=1,6,1
0.054,16,1000,500,70.71005427961828,284.97539577833476,0,18,1.8000000000000005,2.8418877921689982,214,D_pmar=0.054_dist=500_repair_6_males=6_nmar=1,6,1
0,8,0,0,73.15079134043359,274.9547400942826,12.22164738368497,0,0,0,215,D_pmar=0.054_dist=500_repair_6_males=6_nmar=1,6,1
0,6,0,500,71.75880957394234,251.66390962208425,36.65579105502441,0,0,0,215,D_pmar=0.054_dist=500_repair_6_males=6_nmar=1,6,1
0.054,11,500,0,71.92600413909207,283.7507099533048,0,18,1.8000000000000005,2.5594570021973126,215,D_pmar=0.054_dist=500_repair_6_males=6_nmar=1,6,1
0,6,500,500,71.7993573798636,288.46829477894437,0,0,0,0,215,D_pmar=0.054_dist=500_repair_6_males=6_nmar=1,6,1
0,13,1000,0,70.69138608695825,271.0518777748367,18.440228440388857,0,0,0,215,D_pmar=0.054_dist=500_repair_6_males=6_nmar=1,6,1
0,10,1000,500,74.66727015670128,242.48771756743605,42.8600169149979,0,0,0,215,D_pmar=0.054_dist=500_repair_6_males=6_nmar=1,6,1
0,3,0,0,70.59579290991636,283.4222704638425,6.090399576519306,0,0,0,216,D_pmar=0.054_dist=500_repair_6_males=6_nmar=1,6,1
0,12,0,500,71.9857220910832,245.40735381527912,42.71279740697577,0,0,0,216,D_pmar=0.054_dist=500_repair_6_males=6_nmar=1,6,1
0,6,500,0,70.74037263828761,264.20666721611053,25.059206832976905,0,0,0,216,D_pmar=0.054_dist=500_repair_6_males=6_nmar=1,6,1
0,14,500,500,75.01178072544242,278.93705021406964,6.1305248495672,0,0,0,216,D_pmar=0.054_dist=500_repair_6_males=6_nmar=1,6,1
0,13,1000,0,72.90761438231226,255.73311253687768,31.503343529325104,0,0,0,216,D_pmar=0.054_dist=500_repair_6_males=6_nmar=1,6,1
0.054,6,1000,500,70.69077040253008,284.7537489201006,0,20,2.0000000000000004,2.730800063622161,216,D_pmar=0.054_dist=500_repair_6_males=6_nmar=1,6,1
0,19,0,0,71.85954423654465,258.48304310586883,29.87096028942369,0,0,0,217,D_pmar=0.054_dist=500_repair_6_males=6_nmar=1,6,1
0,9,0,500,71.42722751263378,263.86283652708767,24.84580546480741,0,0,0,217,D_pmar=0.054_dist=500_repair_6_males=6_nmar=1,6,1
0,7,500,0,70.2296457534793,289.7822784246585,0,0,0,0,217,D_pmar=0.054_dist=500_repair_6_males=6_nmar=1,6,1
0.054,12,500,500,68.90844792102607,287.10157956169144,0,17,1.7000000000000004,2.479156318355769,217,D_pmar=0.054_dist=500_repair_6_males=6_nmar=1,6,1
0,3,1000,0,71.0123182627829,264.57969809788074,24.42089034690359,0,0,0,217,D_pmar=0.054_dist=500_repair_6_males=6_nmar=1,6,1
0,4,1000,500,70.89949223743633,265.10411262342825,24.07792127030655,0,0,0,217,D_pmar=0.054_dist=500_repair_6_males=6_nmar=1,6,1
0,4,0,0,67.6829602572957,286.2941708945408,6.092254953308153,0,0,0,218,D_pmar=0.054_dist=500_repair_6_males=6_nmar=1,6,1
0,11,0,500,71.66854228426521,288.3732197814704,0,0,0,0,218,D_pmar=0.054_dist=500_repair_6_males=6_nmar=1,6,1
0,11,500,0,70.91140440065166,227.83202377085132,61.35446849804959,0,0,0,218,D_pmar=0.054_dist=500_repair_6_males=6_nmar=1,6,1
0,10,500,500,67.44611306915805,256.0305821407521,36.52476991941661,0,0,0,218,D_pmar=0.054_dist=500_repair_6_males=6_nmar=1,6,1
0.054,11,1000,0,73.15410408124484,283.28869214215626,0,17,1.7000000000000004,1.891393609548596,218,D_pmar=0.054_dist=500_repair_6_males=6_nmar=1,6,1
0,7,1000,500,71.73618008446078,288.28408475120096,0,0,0,0,218,D_pmar=0.054_dist=500_repair_6_males=6_nmar=1,6,1
0,8,0,0,69.97255011007236,290.1185615930221,0,0,0,0,219,D_pmar=0.054_dist=500_repair_6_males=6_nmar=1,6,1
0,18,0,500,70.46494319790398,283.66602982680223,6.139330498295456,0,0,0,219,D_pmar=0.054_dist=500_repair_6_males=6_nmar=1,6,1
0,9,500,0,70.63507761843704,246.84291403802877,42.65018605142715,0,0,0,219,D_pmar=0.054_dist=500_repair_6_males=6_nmar=1,6,1
0.054,4,500,500,68.13123914707228,286.9340609110772,0,18,1.8000000000000005,3.2204836037275033,219,D_pmar=0.054_dist=500_repair_6_males=6_nmar=1,6,1
0,7,1000,0,71.86022544313585,239.1718493625108,49.01357811389404,0,0,0,219,D_pmar=0.054_dist=500_repair_6_males=6_nmar=1,6,1
0,8,1000,500,71.27341289441686,276.82166758670957,12.025519795672007,0,0,0,219,D_pmar=0.054_dist=500_repair_6_males=6_nmar=1,6,1
0,9,0,0,71.45243552897533,264.3387391109354,24.304088477055775,0,0,0,21,D_pmar=0.054_dist=500_repair_6_males=6_nmar=1,6,1
0,6,0,500,70.82244021526165,283.0935720035461,6.108626726980522,0,0,0,21,D_pmar=0.054_dist=500_repair_6_males=6_nmar=1,6,1
0,7,500,0,69.28820028046096,260.19818321176564,30.56704286893759,0,0,0,21,D_pmar=0.054_dist=500_repair_6_males=6_nmar=1,6,1
0.054,14,500,500,69.37325484098557,286.4010417834062,0,18,1.8000000000000005,2.6573840248431373,21,D_pmar=0.054_dist=500_repair_6_males=6_nmar=1,6,1
0,4,1000,0,67.47889662345845,243.84681272055633,48.738015717794546,0,0,0,21,D_pmar=0.054_dist=500_repair_6_males=6_nmar=1,6,1
0,14,1000,500,68.6551197889301,291.44654524463544,0,0,0,0,21,D_pmar=0.054_dist=500_repair_6_males=6_nmar=1,6,1
0,11,0,0,71.14183666965097,246.18808255220097,42.69314063885017,0,0,0,220,D_pmar=0.054_dist=500_repair_6_males=6_nmar=1,6,1
0.054,8,0,500,73.30171493775515,283.80114314237306,0,14,1.4,1.6180438642734178,220,D_pmar=0.054_dist=500_repair_6_males=6_nmar=1,6,1
0,11,500,0,69.06208108509198,291.106438824732,0,0,0,0,220,D_pmar=0.054_dist=500_repair_6_males=6_nmar=1,6,1
0,15,500,500,71.28109132701077,252.35894532636564,36.41482121512064,0,0,0,220,D_pmar=0.054_dist=500_repair_6_males=6_nmar=1,6,1
0,4,1000,0,70.67184473726228,289.5429778452252,0,0,0,0,220,D_pmar=0.054_dist=500_repair_6_males=6_nmar=1,6,1
0,5,1000,500,66.27824548150336,287.5941770455405,6.165557865145427,0,0,0,220,D_pmar=0.054_dist=500_repair_6_males=6_nmar=1,6,1
0,10,0,0,68.03170005346905,292.1886887573259,0,0,0,0,221,D_pmar=0.054_dist=500_repair_6_males=6_nmar=1,6,1
0,9,0,500,66.82475189622842,293.4116947467599,0,0,0,0,221,D_pmar=0.054_dist=500_repair_6_males=6_nmar=1,6,1
0,11,500,0,72.74786504310835,262.9419734178799,24.46777318781145,0,0,0,221,D_pmar=0.054_dist=500_repair_6_males=6_nmar=1,6,1
0.054,7,500,500,70.26397085079374,286.0983385443961,0,12,1.2,2.605753298493609,221,D_pmar=0.054_dist=500_repair_6_males=6_nmar=1,6,1
0,10,1000,0,71.35496285783562,258.1034152710705,30.552753196803135,0,0,0,221,D_pmar=0.054_dist=500_repair_6_males=6_nmar=1,6,1
0,7,1000,500,67.88570673585701,273.74442237899314,18.388505708253348,0,0,0,221,D_pmar=0.054_dist=500_repair_6_males=6_nmar=1,6,1
0,5,0,0,67.07619366434645,280.7259452950521,12.276645204234514,0,0,0,222,D_pmar=0.054_dist=500_repair_6_males=6_nmar=1,6,1
0,8,0,500,70.198543099329,259.2882105227356,30.56018324104599,0,0,0,222,D_pmar=0.054_dist=500_repair_6_males=6_nmar=1,6,1
0,12,500,0,65.65399380875537,288.38746744875345,6.0794866035668775,0,0,0,222,D_pmar=0.054_dist=500_repair_6_males=6_nmar=1,6,1
0.054,7,500,500,74.23566834795318,281.20187833479184,0,17,1.7000000000000004,2.9207463278711803,222,D_pmar=0.054_dist=500_repair_6_males=6_nmar=1,6,1
0,8,1000,0,67.95645407925471,292.0679794160471,0,0,0,0,222,D_pmar=0.054_dist=500_repair_6_males=6_nmar=1,6,1
0,14,1000,500,69.51498750011568,235.1317310222391,55.37901797755471,0,0,0,222,D_pmar=0.054_dist=500_repair_6_males=6_nmar=1,6,1
0.054,14,0,0,69.96964429872456,284.4628811747484,0,25,2.500000000000001,3.0971988396579557,223,D_pmar=0.054_dist=500_repair_6_males=6_nmar=1,6,1
0,4,0,500,69.07879631078538,251.81125984055623,39.35336056099062,0,0,0,223,D_pmar=0.054_dist=500_repair_6_males=6_nmar=1,6,1
0,11,500,0,69.47335795061188,266.07493336086486,24.624674885563056,0,0,0,223,D_pmar=0.054_dist=500_repair_6_males=6_nmar=1,6,1
0,4,500,500,69.69292147917032,278.0360989185652,12.421693320920085,0,0,0,223,D_pmar=0.054_dist=500_repair_6_males=6_nmar=1,6,1
0,13,1000,0,70.59873501679917,258.93720850735565,30.532675820604236,0,0,0,223,D_pmar=0.054_dist=500_repair_6_males=6_nmar=1,6,1
0,8,1000,500,67.92288726817205,249.1841631187135,43.05448536224907,0,0,0,223,D_pmar=0.054_dist=500_repair_6_males=6_nmar=1,6,1
0,3,0,0,70.46627867010005,289.70040121029325,0,0,0,0,224,D_pmar=0.054_dist=500_repair_6_males=6_nmar=1,6,1
0,4,0,500,70.87148898581343,258.5331799325939,30.652169222209796,0,0,0,224,D_pmar=0.054_dist=500_repair_6_males=6_nmar=1,6,1
0,11,500,0,69.05477345692114,266.6396756099243,24.36462102664836,0,0,0,224,D_pmar=0.054_dist=500_repair_6_males=6_nmar=1,6,1
0,10,500,500,68.8531392279981,278.9075526412899,12.511885806101011,0,0,0,224,D_pmar=0.054_dist=500_repair_6_males=6_nmar=1,6,1
0.054,13,1000,0,69.55336485339615,287.17371930946075,0,14,1.4,2.1201714591858143,224,D_pmar=0.054_dist=500_repair_6_males=6_nmar=1,6,1
0,13,1000,500,67.01490897813161,274.81119744418146,18.206156965580305,0,0,0,224,D_pmar=0.054_dist=500_repair_6_males=6_nmar=1,6,1
0.054,10,0,0,68.86691656631659,287.18138560754977,0,17,1.7000000000000004,2.427243339487267,225,D_pmar=0.054_dist=500_repair_6_males=6_nmar=1,6,1
0,18,0,500,73.29376999986358,256.31965349881744,30.593081689462764,0,0,0,225,D_pmar=0.054_dist=500_repair_6_males=6_nmar=1,6,1
0,7,500,0,68.93352748554207,272.67755602420976,18.406702327627755,0,0,0,225,D_pmar=0.054_dist=500_repair_6_males=6_nmar=1,6,1
0,7,500,500,69.33035524919802,266.07103564808125,24.623523169543212,0,0,0,225,D_pmar=0.054_dist=500_repair_6_males=6_nmar=1,6,1
0,7,1000,0,73.1541970686211,262.50662372938035,24.386304190576105,0,0,0,225,D_pmar=0.054_dist=500_repair_6_males=6_nmar=1,6,1
0,5,1000,500,66.28832978245329,287.9514338324765,6.001431359446478,0,0,0,225,D_pmar=0.054_dist=500_repair_6_males=6_nmar=1,6,1
0,2,0,0,72.54785948375893,287.49709415594987,0,0,0,0,226,D_pmar=0.054_dist=500_repair_6_males=6_nmar=1,6,1
0,7,0,500,74.09959432878411,285.9013028700359,0,0,0,0,226,D_pmar=0.054_dist=500_repair_6_males=6_nmar=1,6,1
0,8,500,0,73.24933598631978,280.86756362106814,6.0067135090602815,0,0,0,226,D_pmar=0.054_dist=500_repair_6_males=6_nmar=1,6,1
0,9,500,500,66.94074236797138,274.759978102446,18.470856715099373,0,0,0,226,D_pmar=0.054_dist=500_repair_6_males=6_nmar=1,6,1
0.054,13,1000,0,71.43246684597572,285.77046162248877,0,9,0.8999999999999999,1.9145417576967445,226,D_pmar=0.054_dist=500_repair_6_males=6_nmar=1,6,1
0,15,1000,500,70.81317041191382,259.25187600699917,30.164229091029156,0,0,0,226,D_pmar=0.054_dist=500_repair_6_males=6_nmar=1,6,1
0,7,0,0,67.05757544748292,280.6847016491535,12.342057775472362,0,0,0,227,D_pmar=0.054_dist=500_repair_6_males=6_nmar=1,6,1
0.054,12,0,500,72.26936516936264,284.0064222484231,0,14,1.4,2.384259259259262,227,D_pmar=0.054_dist=500_repair_6_males=6_nmar=1,6,1
0,6,500,0,69.569333010748025,284.4045590644562,6.036631001435481,0,0,0,227,D_pmar=0.054_dist=500_repair_6_males=6_nmar=1,6,1
0,3,500,500,71.7506688916667,270.05817589032915,18.202752313764947,0,0,0,227,D_pmar=0.054_dist=500_repair_6_males=6_nmar=1,6,1
0,16,1000,0,73.37503520549271,274.59149952777403,12.37298155923163,0,0,0,227,D_pmar=0.054_dist=500_repair_6_males=6_nmar=1,6,1
0,10,1000,500,70.98329108569472,252.63721540825296,36.40565137898241,0,0,0,227,D_pmar=0.054_dist=500_repair_6_males=6_nmar=1,6,1
0,7,0,0,72.03471729578246,282.1222019943542,6.009152430996552,0,0,0,228,D_pmar=0.054_dist=500_repair_6_males=6_nmar=1,6,1
0,7,0,500,68.94938651375013,242.52870963473933,48.60599844350278,0,0,0,228,D_pmar=0.054_dist=500_repair_6_males=6_nmar=1,6,1
0,11,500,0,75.63183046449011,253.91381324994023,30.462326587762796,0,0,0,228,D_pmar=0.054_dist=500_repair_6_males=6_nmar=1,6,1
0,15,500,500,69.6843460510817,290.42355144903235,0,0,0,0,228,D_pmar=0.054_dist=500_repair_6_males=6_nmar=1,6,1
0,7,1000,0,68.94260620614952,284.87172819934744,6.227395013781786,0,0,0,228,D_pmar=0.054_dist=500_repair_6_males=6_nmar=1,6,1
0.054,7,1000,500,71.97043860060906,284.10071153859013,0,15,1.5000000000000002,2.562464926153592,228,D_pmar=0.054_dist=500_repair_6_males=6_nmar=1,6,1
0.054,12,0,0,67.73478459250408,287.58525115731703,0,18,1.8000000000000005,2.902780463720257,229,D_pmar=0.054_dist=500_repair_6_males=6_nmar=1,6,1
0,6,0,500,68.32150906715732,291.73249330986044,0,0,0,0,229,D_pmar=0.054_dist=500_repair_6_males=6_nmar=1,6,1
0,12,500,0,69.80316055459564,241.7248265011739,48.589812317427885,0,0,0,229,D_pmar=0.054_dist=500_repair_6_males=6_nmar=1,6,1
0,10,500,500,72.5942849849668,251.07044499723472,36.45470029764363,0,0,0,229,D_pmar=0.054_dist=500_repair_6_males=6_nmar=1,6,1
0,10,1000,0,72.0795512431783,287.9376668138176,0,0,0,0,229,D_pmar=0.054_dist=500_repair_6_males=6_nmar=1,6,1
0,4,1000,500,70.60873278630457,265.06681822147607,24.3620706670312,0,0,0,229,D_pmar=0.054_dist=500_repair_6_males=6_nmar=1,6,1
0,8,0,0,72.03747231765047,288.0252454464353,0,0,0,0,22,D_pmar=0.054_dist=500_repair_6_males=6_nmar=1,6,1
0.054,9,0,500,74.46220273799798,282.4039976890332,0,12,1.2,2.0651204498980653,22,D_pmar=0.054_dist=500_repair_6_males=6_nmar=1,6,1
0,7,500,0,69.05311817122795,285.0105907443922,6.0967424424965895,0,0,0,22,D_pmar=0.054_dist=500_repair_6_males=6_nmar=1,6,1
0,12,500,500,72.71821531900328,262.92527038544654,24.440903828002934,0,0,0,22,D_pmar=0.054_dist=500_repair_6_males=6_nmar=1,6,1
0,15,1000,0,69.28193995767874,266.36137270047584,24.389132244798866,0,0,0,22,D_pmar=0.054_dist=500_repair_6_males=6_nmar=1,6,1
0,3,1000,500,71.99912943254365,270.0518330413073,18.15646812029184,0,0,0,22,D_pmar=0.054_dist=500_repair_6_males=6_nmar=1,6,1
0,13,0,0,69.16260244741746,242.11609494752832,48.840384521120555,0,0,0,230,D_pmar=0.054_dist=500_repair_6_males=6_nmar=1,6,1
0.054,6,0,500,71.05795672910634,285.3567330338536,0,14,1.4,2.2046687170532415,230,D_pmar=0.054_dist=500_repair_6_males=6_nmar=1,6,1
0,11,500,0,74.1105454212016,261.4252859853529,24.545659323047943,0,0,0,230,D_pmar=0.054_dist=500_repair_6_males=6_nmar=1,6,1
0,9,500,500,70.336295705647,289.7915376577074,0,0,0,0,230,D_pmar=0.054_dist=500_repair_6_males=6_nmar=1,6,1
0,11,1000,0,66.8217185402489,287.1032195637696,6.103879016019787,0,0,0,230,D_pmar=0.054_dist=500_repair_6_males=6_nmar=1,6,1
0,4,1000,500,75.06090685115707,278.9487850157764,6.1561753595110185,0,0,0,230,D_pmar=0.054_dist=500_repair_6_males=6_nmar=1,6,1
0.054,10,0,0,71.6345759071343,284.44437532236327,0,18,1.8000000000000005,2.2179242961825927,231,D_pmar=0.054_dist=500_repair_6_males=6_nmar=1,6,1
0,7,0,500,72.90150750661603,275.05222065705607,12.166135219487492,0,0,0,231,D_pmar=0.054_dist=500_repair_6_males=6_nmar=1,6,1
0,6,500,0,70.96235131961733,246.11813986600853,42.958871715492165,0,0,0,231,D_pmar=0.054_dist=500_repair_6_males=6_nmar=1,6,1
0,14,500,500,71.65508290135216,282.4301798866222,6.016253286444172,0,0,0,231,D_pmar=0.054_dist=500_repair_6_males=6_nmar=1,6,1
0,9,1000,0,67.99343670436001,273.66045232875217,18.39479930445509,0,0,0,231,D_pmar=0.054_dist=500_repair_6_males=6_nmar=1,6,1
0,8,1000,500,68.07084042263112,261.30012127449714,30.654748200339743,0,0,0,231,D_pmar=0.054_dist=500_repair_6_males=6_nmar=1,6,1
0,6,0,0,68.936662478797615,278.9875736633604,12.189183725956084,0,0,0,232,D_pmar=0.054_dist=500_repair_6_males=6_nmar=1,6,1
0,5,0,500,73.60422997501449,274.5013496472615,12.074521255393185,0,0,0,232,D_pmar=0.054_dist=500_repair_6_males=6_nmar=1,6,1
0.054,5,500,0,72.65450433458433,284.046082257937,0,14,1.4,2.129759736092598,232,D_pmar=0.054_dist=500_repair_6_males=6_nmar=1,6,1
0,14,500,500,69.98533891840732,278.0396841396186,12.12266280340376,0,0,0,232,D_pmar=0.054_dist=500_repair_6_males=6_nmar=1,6,1
0,11,1000,0,68.97246077410877,291.18406368293387,0,0,0,0,232,D_pmar=0.054_dist=500_repair_6_males=6_nmar=1,6,1
0,13,1000,500,71.41846642992321,239.79259127168817,48.80282621057844,0,0,0,232,D_pmar=0.054_dist=500_repair_6_males=6_nmar=1,6,1
0,5,0,0,70.44137039315657,235.05958572912337,54.760409836479056,0,0,0,233,D_pmar=0.054_dist=500_repair_6_males=6_nmar=1,6,1
0,8,0,500,71.84121632458168,257.80477776621825,30.454769369253473,0,0,0,233,D_pmar=0.054_dist=500_repair_6_males=6_nmar=1,6,1
0,11,500,0,69.1136367323197,278.7981100442717,12.197740450039197,0,0,0,233,D_pmar=0.054_dist=500_repair_6_males=6_nmar=1,6,1
0,14,500,500,70.1925027368175,283.8405119484156,6.06670820601576,0,0,0,233,D_pmar=0.054_dist=500_repair_6_males=6_nmar=1,6,1
0.054,8,1000,0,70.8277401847561,283.9867976247116,0,19,1.9000000000000008,3.3274255522907135,233,D_pmar=0.054_dist=500_repair_6_males=6_nmar=1,6,1
0,8,1000,500,71.66339516271248,275.9729040694713,12.398014831308142,0,0,0,233,D_pmar=0.054_dist=500_repair_6_males=6_nmar=1,6,1
0,15,0,0,68.27465400695976,243.10723054921613,48.70770562925787,0,0,0,234,D_pmar=0.054_dist=500_repair_6_males=6_nmar=1,6,1
0,10,0,500,69.50577892943036,284.73050482685227,6.093576827721174,0,0,0,234,D_pmar=0.054_dist=500_repair_6_males=6_nmar=1,6,1
0,4,500,0,67.75164975893463,286.2944242966298,6.123457099551927,0,0,0,234,D_pmar=0.054_dist=500_repair_6_males=6_nmar=1,6,1
0,7,500,500,70.37680012140315,241.08731211492147,48.69455322632298,0,0,0,234,D_pmar=0.054_dist=500_repair_6_males=6_nmar=1,6,1
0.054,11,1000,0,69.45544547482868,285.64044202861055,0,23,2.3000000000000007,2.6064347163529353,234,D_pmar=0.054_dist=500_repair_6_males=6_nmar=1,6,1
0,7,1000,500,68.26222081002376,260.9514610935594,30.809684014604414,0,0,0,234,D_pmar=0.054_dist=500_repair_6_males=6_nmar=1,6,1
0,13,0,0,70.89396105881713,258.9401840538686,30.39252109360628,0,0,0,235,D_pmar=0.054_dist=500_repair_6_males=6_nmar=1,6,1
0,4,0,500,72.81687207199188,287.19755926605603,0,0,0,0,235,D_pmar=0.054_dist=500_repair_6_males=6_nmar=1,6,1
0.054,10,500,0,70.9172518976645,284.936075141704,0,15,1.5000000000000002,2.6630007074153426,235,D_pmar=0.054_dist=500_repair_6_males=6_nmar=1,6,1
0,9,500,500,70.06473701965638,277.79392470155244,12.25220594323411,0,0,0,235,D_pmar=0.054_dist=500_repair_6_males=6_nmar=1,6,1
0,12,1000,0,71.836762204768,276.23922581406885,12.053352868143929,0,0,0,235,D_pmar=0.054_dist=500_repair_6_males=6_nmar=1,6,1
0,6,1000,500,70.00172980079118,253.83017413923832,36.340137155556214,0,0,0,235,D_pmar=0.054_dist=500_repair_6_males=6_nmar=1,6,1
0,4,0,0,68.81991131585534,285.20248847911756,6.1403824709062524,0,0,0,236,D_pmar=0.054_dist=500_repair_6_males=6_nmar=1,6,1
0,8,0,500,71.17214509914207,270.75548856999995,18.129175675766973,0,0,0,236,D_pmar=0.054_dist=500_repair_6_males=6_nmar=1,6,1
0.054,15,500,0,75.08084604098997,280.87607081134615,0,15,1.5000000000000002,2.555485407862734,236,D_pmar=0.054_dist=500_repair_6_males=6_nmar=1,6,1
0,8,500,500,69.82258530499763,271.90859656877973,18.422358190149662,0,0,0,236,D_pmar=0.054_dist=500_repair_6_males=6_nmar=1,6,1
0,5,1000,0,70.33257254184085,258.75662041309806,30.931907098271292,0,0,0,236,D_pmar=0.054_dist=500_repair_6_males=6_nmar=1,6,1
0,14,1000,500,72.60731039112999,269.1014882332378,18.457915926032445,0,0,0,236,D_pmar=0.054_dist=500_repair_6_males=6_nmar=1,6,1
0,6,0,0,74.44816943316296,273.2652411496173,12.35534341401725,0,0,0,237,D_pmar=0.054_dist=500_repair_6_males=6_nmar=1,6,1
0,10,0,500,75.00058264206157,236.09593817027516,48.982877691966245,0,0,0,237,D_pmar=0.054_dist=500_repair_6_males=6_nmar=1,6,1
0,5,500,0,68.92449131739816,278.86410936045496,12.23725562728626,0,0,0,237,D_pmar=0.054_dist=500_repair_6_males=6_nmar=1,6,1
0.054,8,500,500,69.38872179168774,285.83685517848335,0,22,2.2000000000000006,2.661862851387996,237,D_pmar=0.054_dist=500_repair_6_males=6_nmar=1,6,1
0,6,1000,0,71.94638090504219,227.1275485746694,60.99941957424589,0,0,0,237,D_pmar=0.054_dist=500_repair_6_males=6_nmar=1,6,1
0,19,1000,500,71.26998949189675,288.7340789908762,0,0,0,0,237,D_pmar=0.054_dist=500_repair_6_males=6_nmar=1,6,1
0.054,8,0,0,69.86627796962539,286.1215706223005,0,14,1.4,2.61407361291008,238,D_pmar=0.054_dist=500_repair_6_males=6_nmar=1,6,1
0,8,0,500,71.69640893252314,288.33291828880994,0,0,0,0,238,D_pmar=0.054_dist=500_repair_6_males=6_nmar=1,6,1
0,10,500,0,70.13396183545363,265.6644580505815,24.346183776284736,0,0,0,238,D_pmar=0.054_dist=500_repair_6_males=6_nmar=1,6,1
0,4,500,500,68.19128798373188,273.4667138099111,18.475379800981003,0,0,0,238,D_pmar=0.054_dist=500_repair_6_males=6_nmar=1,6,1
0,13,1000,0,69.4272755373625,290.89143941825006,0,0,0,0,238,D_pmar=0.054_dist=500_repair_6_males=6_nmar=1,6,1
0,11,1000,500,70.41996093367831,247.1767769438281,42.52569462367075,0,0,0,238,D_pmar=0.054_dist=500_repair_6_males=6_nmar=1,6,1
0,10,0,0,70.1712181547268,290.00423696402527,0,0,0,0,239,D_pmar=0.054_dist=500_repair_6_males=6_nmar=1,6,1
0,9,0,500,70.8893509569923,252.41931761893392,36.70692330481519,0,0,0,239,D_pmar=0.054_dist=500_repair_6_males=6_nmar=1,6,1
0,6,500,0,69.87374688183698,278.06072306219437,12.111145924188602,0,0,0,239,D_pmar=0.054_dist=500_repair_6_males=6_nmar=1,6,1
0.054,6,500,500,70.68163637934724,285.2503017930063,0,15,1.5000000000000002,2.691765538135696,239,D_pmar=0.054_dist=500_repair_6_males=6_nmar=1,6,1
0,17,1000,0,69.17168606193276,290.9487756931587,0,0,0,0,239,D_pmar=0.054_dist=500_repair_6_males=6_nmar=1,6,1
0,6,1000,500,68.6596852998495,248.38351236424532,42.95834953731928,0,0,0,239,D_pmar=0.054_dist=500_repair_6_males=6_nmar=1,6,1
0,9,0,0,68.07427335242222,261.26503850282313,30.694589409588943,0,0,0,23,D_pmar=0.054_dist=500_repair_6_males=6_nmar=1,6,1
0,10,0,500,73.36073947137496,286.7897045308263,0,0,0,0,23,D_pmar=0.054_dist=500_repair_6_males=6_nmar=1,6,1
0,6,500,0,68.95451842055289,279.0696180450572,12.052386600036762,0,0,0,23,D_pmar=0.054_dist=500_repair_6_males=6_nmar=1,6,1
0,9,500,500,74.06419505894,267.5676291880632,18.41405153640757,0,0,0,23,D_pmar=0.054_dist=500_repair_6_males=6_nmar=1,6,1
0,10,1000,0,71.13982003157832,270.65587146112534,18.291704278826625,0,0,0,23,D_pmar=0.054_dist=500_repair_6_males=6_nmar=1,6,1
0.054,10,1000,500,72.26536073586746,284.45488586476904,0,13,1.3,1.988921466854069,23,D_pmar=0.054_dist=500_repair_6_males=6_nmar=1,6,1
0,10,0,0,74.7943546774506,261.05681180921994,24.183538874678007,0,0,0,240,D_pmar=0.054_dist=500_repair_6_males=6_nmar=1,6,1
0,5,0,500,70.31137284052431,289.7499904887662,0,0,0,0,240,D_pmar=0.054_dist=500_repair_6_males=6_nmar=1,6,1
0,7,500,0,70.84182747922803,270.69762067541893,18.50985435742452,0,0,0,240,D_pmar=0.054_dist=500_repair_6_males=6_nmar=1,6,1
0.054,14,500,500,74.94780444056705,281.9468994176626,0,12,1.2,2.0370370370370368,240,D_pmar=0.054_dist=500_repair_6_males=6_nmar=1,6,1
0,9,1000,0,70.11594110309655,259.4933031434062,30.396621833140003,0,0,0,240,D_pmar=0.054_dist=500_repair_6_males=6_nmar=1,6,1
0,9,1000,500,70.43103530579732,289.601028266361,0,0,0,0,240,D_pmar=0.054_dist=500_repair_6_males=6_nmar=1,6,1
0,5,0,0,70.6693755393169,289.41718867535326,0,0,0,0,241,D_pmar=0.054_dist=500_repair_6_males=6_nmar=1,6,1
0,15,0,500,73.58447378822493,243.76427163544784,42.69135651908432,0,0,0,241,D_pmar=0.054_dist=500_repair_6_males=6_nmar=1,6,1
0,11,500,0,71.41149251233334,258.2239098401673,30.468948976314312,0,0,0,241,D_pmar=0.054_dist=500_repair_6_males=6_nmar=1,6,1
0,3,500,500,71.78072665241284,288.3556330957065,0,0,0,0,241,D_pmar=0.054_dist=500_repair_6_males=6_nmar=1,6,1
0,10,1000,0,68.4685248712137,236.66269556853288,55.03514341728118,0,0,0,241,D_pmar=0.054_dist=500_repair_6_males=6_nmar=1,6,1
0.054,10,1000,500,73.94353876078982,280.98341710860154,0,21,2.1000000000000005,2.984291837224444,241,D_pmar=0.054_dist=500_repair_6_males=6_nmar=1,6,1
0,4,0,0,73.78488391031038,286.3309526895542,0,0,0,0,242,D_pmar=0.054_dist=500_repair_6_males=6_nmar=1,6,1
0,9,0,500,71.67439670010191,257.75373376992343,30.78551222591215,0,0,0,242,D_pmar=0.054_dist=500_repair_6_males=6_nmar=1,6,1
0,20,500,0,70.92037023030814,252.53722299224188,36.60843719804228,0,0,0,242,D_pmar=0.054_dist=500_repair_6_males=6_nmar=1,6,1
0.054,7,500,500,69.67518069477029,285.78896736145276,0,20,2.0000000000000004,2.554521737484433,242,D_pmar=0.054_dist=500_repair_6_males=6_nmar=1,6,1
0,8,1000,0,71.36208562754057,233.36930870512128,55.367390066852565,0,0,0,242,D_pmar=0.054_dist=500_repair_6_males=6_nmar=1,6,1
0,6,1000,500,71.01830305287102,289.0558972193814,0,0,0,0,242,D_pmar=0.054_dist=500_repair_6_males=6_nmar=1,6,1
0,5,0,0,73.89223986019174,261.83471841210786,24.29897482310395,0,0,0,243,D_pmar=0.054_dist=500_repair_6_males=6_nmar=1,6,1
0,2,0,500,69.92375518728261,259.815167722458,30.37561457007248,0,0,0,243,D_pmar=0.054_dist=500_repair_6_males=6_nmar=1,6,1
0,6,500,0,70.77403139689405,277.2517695244289,12.127747894369582,0,0,0,243,D_pmar=0.054_dist=500_repair_6_males=6_nmar=1,6,1
0,17,500,500,71.97689997019972,264.0139517395329,24.129872816268477,0,0,0,243,D_pmar=0.054_dist=500_repair_6_males=6_nmar=1,6,1
0,11,1000,0,71.24254149260426,282.58569020795295,6.275691227031805,0,0,0,243,D_pmar=0.054_dist=500_repair_6_males=6_nmar=1,6,1
0.054,13,1000,500,71.4398981631167,284.690701098731,0,16,1.6000000000000003,2.303863702189381,243,D_pmar=0.054_dist=500_repair_6_males=6_nmar=1,6,1
0,7,0,0,69.26163824368794,266.2956841049664,24.51430484356304,0,0,0,244,D_pmar=0.054_dist=500_repair_6_males=6_nmar=1,6,1
0.054,12,0,500,66.96481296760568,288.1863438957737,0,24,2.400000000000001,2.4646327767361056,244,D_pmar=0.054_dist=500_repair_6_males=6_nmar=1,6,1
0,14,500,0,68.22327488623799,291.88746675270187,0,0,0,0,244,D_pmar=0.054_dist=500_repair_6_males=6_nmar=1,6,1
0,8,500,500,71.10721342135331,282.5669993402055,6.330665043971437,0,0,0,244,D_pmar=0.054_dist=500_repair_6_males=6_nmar=1,6,1
0,4,1000,0,64.95393802438014,221.93968161539513,73.2622439986242,0,0,0,244,D_pmar=0.054_dist=500_repair_6_males=6_nmar=1,6,1
0,9,1000,500,71.43260812507097,245.83100593918385,42.86176022508665,0,0,0,244,D_pmar=0.054_dist=500_repair_6_males=6_nmar=1,6,1
0,11,0,0,73.89539472084533,274.22130468043304,12.078229311547194,0,0,0,245,D_pmar=0.054_dist=500_repair_6_males=6_nmar=1,6,1
0,2,0,500,67.64087583484336,274.325619788178,18.140761858280893,0,0,0,245,D_pmar=0.054_dist=500_repair_6_males=6_nmar=1,6,1
0,10,500,0,73.16324971819492,262.43362284601153,24.638526339253445,0,0,0,245,D_pmar=0.054_dist=500_repair_6_males=6_nmar=1,6,1
0,6,500,500,74.01927415402767,285.98565808329573,0,0,0,0,245,D_pmar=0.054_dist=500_repair_6_males=6_nmar=1,6,1
0,9,1000,0,75.26397536941296,260.5445718894249,24.38037811351125,0,0,0,245,D_pmar=0.054_dist=500_repair_6_males=6_nmar=1,6,1
0.054,16,1000,500,70.37167651718715,286.09983930980803,0,13,1.3,2.2971312031828677,245,D_pmar=0.054_dist=500_repair_6_males=6_nmar=1,6,1
0.054,16,0,0,68.33637146396715,288.54714625712586,0,13,1.3,1.8287037037037033,246,D_pmar=0.054_dist=500_repair_6_males=6_nmar=1,6,1
0,13,0,500,74.71809095564907,254.9813197381749,30.43674333898812,0,0,0,246,D_pmar=0.054_dist=500_repair_6_males=6_nmar=1,6,1
0,5,500,0,71.67337106632736,276.32934130520215,12.18311732955913,0,0,0,246,D_pmar=0.054_dist=500_repair_6_males=6_nmar=1,6,1
0,4,500,500,71.2048568925338,282.78875548091315,6.1424873769173365,0,0,0,246,D_pmar=0.054_dist=500_repair_6_males=6_nmar=1,6,1
0,7,1000,0,73.73389916786076,274.05087614648346,12.32186079219604,0,0,0,246,D_pmar=0.054_dist=500_repair_6_males=6_nmar=1,6,1
0,9,1000,500,70.5604823007722,276.9645357785129,12.727834216158172,0,0,0,246,D_pmar=0.054_dist=500_repair_6_males=6_nmar=1,6,1
0.054,6,0,0,72.73726882478421,283.23272808593015,0,17,1.7000000000000004,2.3379629629629655,247,D_pmar=0.054_dist=500_repair_6_males=6_nmar=1,6,1
0,11,0,500,69.6586595299715,284.242474700663,6.1655650137649,0,0,0,247,D_pmar=0.054_dist=500_repair_6_males=6_nmar=1,6,1
0,8,500,0,72.809882022906,275.1095449514988,12.138210245198485,0,0,0,247,D_pmar=0.054_dist=500_repair_6_males=6_nmar=1,6,1
0,7,500,500,70.22945082795749,289.94373381728025,0,0,0,0,247,D_pmar=0.054_dist=500_repair_6_males=6_nmar=1,6,1
0,8,1000,0,70.26799917036894,234.9187449451145,54.8900190097094,0,0,0,247,D_pmar=0.054_dist=500_repair_6_males=6_nmar=1,6,1
0,14,1000,500,73.3520183383548,256.45918952031815,30.286902704042944,0,0,0,247,D_pmar=0.054_dist=500_repair_6_males=6_nmar=1,6,1
0,9,0,0,71.60263102391097,258.0267935051978,30.476225791688577,0,0,0,248,D_pmar=0.054_dist=500_repair_6_males=6_nmar=1,6,1
0,5,0,500,68.66161321234289,285.4332574854467,6.118509238969401,0,0,0,248,D_pmar=0.054_dist=500_repair_6_males=6_nmar=1,6,1
0,9,500,0,69.833285371207,278.228470276413,12.042975165787368,0,0,0,248,D_pmar=0.054_dist=500_repair_6_males=6_nmar=1,6,1
0,9,500,500,68.20776528320323,267.14589527988466,24.653493688941527,0,0,0,248,D_pmar=0.054_dist=500_repair_6_males=6_nmar=1,6,1
0.054,10,1000,0,71.23255061834372,285.8016638085247,0,12,1.2,1.839632776736101,248,D_pmar=0.054_dist=500_repair_6_males=6_nmar=1,6,1
0,12,1000,500,72.32841088954312,287.70729303777415,0,0,0,0,248,D_pmar=0.054_dist=500_repair_6_males=6_nmar=1,6,1
0,4,0,0,69.57257733513816,265.8120824608968,24.718871338090004,0,0,0,249,D_pmar=0.054_dist=500_repair_6_males=6_nmar=1,6,1
0,7,0,500,72.86117301586579,262.6121086208244,24.76125236072578,0,0,0,249,D_pmar=0.054_dist=500_repair_6_males=6_nmar=1,6,1
0.054,12,500,0,69.85066036391503,287.0849632620503,0,11,1.1,2.061148855563486,249,D_pmar=0.054_dist=500_repair_6_males=6_nmar=1,6,1
0,6,500,500,67.26344823783,280.5434608621845,12.301821468240778,0,0,0,249,D_pmar=0.054_dist=500_repair_6_males=6_nmar=1,6,1
0,9,1000,0,73.80250665811684,286.361120960689,0,0,0,0,249,D_pmar=0.054_dist=500_repair_6_males=6_nmar=1,6,1
0,16,1000,500,69.05546634151204,284.92701766311444,6.2102112533589935,0,0,0,249,D_pmar=0.054_dist=500_repair_6_males=6_nmar=1,6,1
0.054,9,0,0,68.18032171409621,287.3121675803968,0,20,2.0000000000000004,2.7062890797553605,24,D_pmar=0.054_dist=500_repair_6_males=6_nmar=1,6,1
0,4,0,500,74.24882178820432,273.93252985047286,12.061615193997564,0,0,0,24,D_pmar=0.054_dist=500_repair_6_males=6_nmar=1,6,1
0,9,500,0,71.29060299335664,288.8833533469174,0,0,0,0,24,D_pmar=0.054_dist=500_repair_6_males=6_nmar=1,6,1
0,11,500,500,71.82606683290925,245.51985717861436,42.7162622643532,0,0,0,24,D_pmar=0.054_dist=500_repair_6_males=6_nmar=1,6,1
0,8,1000,0,68.4978562004644,254.4920439642737,37.09631072914087,0,0,0,24,D_pmar=0.054_dist=500_repair_6_males=6_nmar=1,6,1
0,13,1000,500,71.82991791432633,262.05064222243266,26.56160538363344,0,0,0,24,D_pmar=0.054_dist=500_repair_6_males=6_nmar=1,6,1
0,14,0,0,71.38344872310167,270.3640130642029,18.394986343405545,0,0,0,250,D_pmar=0.054_dist=500_repair_6_males=6_nmar=1,6,1
0,7,0,500,71.02627088345025,264.399413442206,24.585621119198972,0,0,0,250,D_pmar=0.054_dist=500_repair_6_males=6_nmar=1,6,1
0,6,500,0,67.21411802833339,292.8807923555955,0,0,0,0,250,D_pmar=0.054_dist=500_repair_6_males=6_nmar=1,6,1
0,13,500,500,67.47286593593516,274.42542356487934,18.241439596428528,0,0,0,250,D_pmar=0.054_dist=500_repair_6_males=6_nmar=1,6,1
0.054,8,1000,0,67.4578234196761,287.9529153944896,0,16,1.6000000000000003,3.000916905249757,250,D_pmar=0.054_dist=500_repair_6_males=6_nmar=1,6,1
0,6,1000,500,67.89449689624767,255.88777827681332,36.36659343737273,0,0,0,250,D_pmar=0.054_dist=500_repair_6_males=6_nmar=1,6,1
0,7,0,0,70.87670227050559,289.3064516802839,0,0,0,0,251,D_pmar=0.054_dist=500_repair_6_males=6_nmar=1,6,1
0.054,7,0,500,70.6313310482699,285.4772550449219,0,18,1.8000000000000005,2.2386158317708205,251,D_pmar=0.054_dist=500_repair_6_males=6_nmar=1,6,1
0,11,500,0,72.09708849316867,239.89381505977465,48.094429755041446,0,0,0,251,D_pmar=0.054_dist=500_repair_6_males=6_nmar=1,6,1
0,9,500,500,66.1221217971745,287.8481332987796,6.200839713110347,0,0,0,251,D_pmar=0.054_dist=500_repair_6_males=6_nmar=1,6,1
0,8,1000,0,70.47095610310147,234.6951260529176,54.841431952733295,0,0,0,251,D_pmar=0.054_dist=500_repair_6_males=6_nmar=1,6,1
0,12,1000,500,75.65670530477799,284.5264224362349,0,0,0,0,251,D_pmar=0.054_dist=500_repair_6_males=6_nmar=1,6,1
0,6,0,0,69.9396083276776,284.028506873235,6.115255400172301,0,0,0,252,D_pmar=0.054_dist=500_repair_6_males=6_nmar=1,6,1
0,13,0,500,70.5587609415435,271.4934416592479,18.292405858441157,0,0,0,252,D_pmar=0.054_dist=500_repair_6_males=6_nmar=1,6,1
0,8,500,0,70.49556865705047,258.7404916177075,30.827790586458782,0,0,0,252,D_pmar=0.054_dist=500_repair_6_males=6_nmar=1,6,1
0,12,500,500,70.5387039531453,265.0729136999207,24.412422485346195,0,0,0,252,D_pmar=0.054_dist=500_repair_6_males=6_nmar=1,6,1
0,13,1000,0,70.41400794094092,246.79305128386508,42.9152258408378,0,0,0,252,D_pmar=0.054_dist=500_repair_6_males=6_nmar=1,6,1
0.054,2,1000,500,75.30933465741617,280.11435122461955,0,20,2.0000000000000004,2.71122434446824,252,D_pmar=0.054_dist=500_repair_6_males=6_nmar=1,6,1
0,10,0,0,72.00836811619467,238.9986672837799,49.35360827655146,0,0,0,253,D_pmar=0.054_dist=500_repair_6_males=6_nmar=1,6,1
0,10,0,500,73.8646874788493,268.0549252597499,18.12712023996743,0,0,0,253,D_pmar=0.054_dist=500_repair_6_males=6_nmar=1,6,1
0,7,500,0,73.82811498325025,243.76731588910184,42.60780601495854,0,0,0,253,D_pmar=0.054_dist=500_repair_6_males=6_nmar=1,6,1
0,6,500,500,67.93740944975123,280.0980953450247,12.11521344450757,0,0,0,253,D_pmar=0.054_dist=500_repair_6_males=6_nmar=1,6,1
0.054,11,1000,0,72.07160630000428,283.7081700808184,0,20,2.0000000000000004,2.32453319818457,253,D_pmar=0.054_dist=500_repair_6_males=6_nmar=1,6,1
0,10,1000,500,68.04131166617573,292.05930749873045,0,0,0,0,253,D_pmar=0.054_dist=500_repair_6_males=6_nmar=1,6,1
0,13,0,0,70.81144198653588,282.92730681862037,6.327197022289992,0,0,0,254,D_pmar=0.054_dist=500_repair_6_males=6_nmar=1,6,1
0,8,0,500,70.55045453704201,289.45224131386124,0,0,0,0,254,D_pmar=0.054_dist=500_repair_6_males=6_nmar=1,6,1
0,11,500,0,72.39892606402705,235.02575066891916,52.71740400005727,0,0,0,254,D_pmar=0.054_dist=500_repair_6_males=6_nmar=1,6,1
0,10,500,500,68.3919390351057,236.89261854328572,54.85239962124988,0,0,0,254,D_pmar=0.054_dist=500_repair_6_males=6_nmar=1,6,1
0,9,1000,0,70.61503188508982,283.2137240188723,6.185636953971624,0,0,0,254,D_pmar=0.054_dist=500_repair_6_males=6_nmar=1,6,1
0.054,3,1000,500,70.88187092433631,284.29469527844844,0,20,2.0000000000000004,2.8989830550347233,254,D_pmar=0.054_dist=500_repair_6_males=6_nmar=1,6,1
0,13,0,0,71.29341823837541,270.5571901556021,18.1537463217677,0,0,0,255,D_pmar=0.054_dist=500_repair_6_males=6_nmar=1,6,1
0,2,0,500,70.32774335168511,289.7373714605595,0,0,0,0,255,D_pmar=0.054_dist=500_repair_6_males=6_nmar=1,6,1
0,7,500,0,70.44603173333887,277.3661446975341,12.244244012416154,0,0,0,255,D_pmar=0.054_dist=500_repair_6_males=6_nmar=1,6,1
0,14,500,500,74.73162400422973,266.93803542074943,18.376527270159706,0,0,0,255,D_pmar=0.054_dist=500_repair_6_males=6_nmar=1,6,1
0.054,11,1000,0,72.83766781079507,284.11752246098825,0,11,1.1,2.0418201556939097,255,D_pmar=0.054_dist=500_repair_6_males=6_nmar=1,6,1
0,7,1000,500,71.93802947231909,269.929736770494,18.239277856082506,0,0,0,255,D_pmar=0.054_dist=500_repair_6_males=6_nmar=1,6,1
0,4,0,0,72.05428623398785,257.461978570289,30.632536019187672,0,0,0,256,D_pmar=0.054_dist=500_repair_6_males=6_nmar=1,6,1
0,12,0,500,70.68425861440296,246.49640693685305,42.895508928189464,0,0,0,256,D_pmar=0.054_dist=500_repair_6_males=6_nmar=1,6,1
0,10,500,0,67.63827893784224,286.5399431343879,6.011536886521107,0,0,0,256,D_pmar=0.054_dist=500_repair_6_males=6_nmar=1,6,1
0.054,7,500,500,76.39434547132286,279.4679577156643,0,20,2.0000000000000004,2.3144884831097654,256,D_pmar=0.054_dist=500_repair_6_males=6_nmar=1,6,1
0,14,1000,0,68.68114233915753,254.735339593243,36.63102611220049,0,0,0,256,D_pmar=0.054_dist=500_repair_6_males=6_nmar=1,6,1
0,7,1000,500,71.45709604949208,282.51983361833896,6.049436256844287,0,0,0,256,D_pmar=0.054_dist=500_repair_6_males=6_nmar=1,6,1
0,4,0,0,68.78468486433638,260.70064651899094,30.65781570907962,0,0,0,257,D_pmar=0.054_dist=500_repair_6_males=6_nmar=1,6,1
0,10,0,500,68.54763106968666,279.6643325904514,12.150589560935122,0,0,0,257,D_pmar=0.054_dist=500_repair_6_males=6_nmar=1,6,1
0,9,500,0,73.1846119673977,256.0749413202783,30.745317114836123,0,0,0,257,D_pmar=0.054_dist=500_repair_6_males=6_nmar=1,6,1
0,17,500,500,69.24809484154983,284.74963172857525,6.034282064636824,0,0,0,257,D_pmar=0.054_dist=500_repair_6_males=6_nmar=1,6,1
0.054,4,1000,0,70.43891772193246,285.36791848626035,0,16,1.6000000000000003,2.6432728422054153,257,D_pmar=0.054_dist=500_repair_6_males=6_nmar=1,6,1
0,10,1000,500,68.50933214141244,279.4833023493777,12.143101245876483,0,0,0,257,D_pmar=0.054_dist=500_repair_6_males=6_nmar=1,6,1
0,5,0,0,72.6808971632456,269.12841011503536,18.28757519716416,0,0,0,258,D_pmar=0.054_dist=500_repair_6_males=6_nmar=1,6,1
0.054,15,0,500,68.85130644112265,285.74623395598456,0,27,2.700000000000001,2.8232184705657093,258,D_pmar=0.054_dist=500_repair_6_males=6_nmar=1,6,1
0,10,500,0,74.29408354528208,231.080669090934,54.94437688364941,0,0,0,258,D_pmar=0.054_dist=500_repair_6_males=6_nmar=1,6,1
0,13,500,500,71.80715745691926,269.7755526978986,18.570321229556576,0,0,0,258,D_pmar=0.054_dist=500_repair_6_males=6_nmar=1,6,1
0,4,1000,0,73.44807118865596,281.08925351571105,5.481038013858274,0,0,0,258,D_pmar=0.054_dist=500_repair_6_males=6_nmar=1,6,1
0,7,1000,500,68.3667319554814,226.95933922983448,64.74234625298486,0,0,0,258,D_pmar=0.054_dist=500_repair_6_males=6_nmar=1,6,1
0,9,0,0,73.1754318459032,237.71773683551055,49.18701943125119,0,0,0,259,D_pmar=0.054_dist=500_repair_6_males=6_nmar=1,6,1
0,13,0,500,72.55461923448566,263.02215733892774,24.48386971681324,0,0,0,259,D_pmar=0.054_dist=500_repair_6_males=6_nmar=1,6,1
0,7,500,0,71.0502632708762,264.8158458441143,24.285374794806373,0,0,0,259,D_pmar=0.054_dist=500_repair_6_males=6_nmar=1,6,1
0,3,500,500,67.41582877355994,274.6527745956332,18.19023593495336,0,0,0,259,D_pmar=0.054_dist=500_repair_6_males=6_nmar=1,6,1
0.054,15,1000,0,71.25220254904728,284.04463647148117,0,19,1.9000000000000008,2.939640629165777,259,D_pmar=0.054_dist=500_repair_6_males=6_nmar=1,6,1
0,7,1000,500,70.19665402174556,289.8521715650743,0,0,0,0,259,D_pmar=0.054_dist=500_repair_6_males=6_nmar=1,6,1
0.054,7,0,0,74.01450533147249,281.78503826196834,0,15,1.5000000000000002,2.763536488677094,25,D_pmar=0.054_dist=500_repair_6_males=6_nmar=1,6,1
0,7,0,500,69.86681298929925,278.35738620549205,12.12006792062878,0,0,0,25,D_pmar=0.054_dist=500_repair_6_males=6_nmar=1,6,1
0,10,500,0,70.24267543845474,259.5722875646966,30.363908065916796,0,0,0,25,D_pmar=0.054_dist=500_repair_6_males=6_nmar=1,6,1
0,13,500,500,77.42433207809857,282.73010998761305,0,0,0,0,25,D_pmar=0.054_dist=500_repair_6_males=6_nmar=1,6,1
0,7,1000,0,69.65728787884838,278.2065612098533,12.26289179370525,0,0,0,25,D_pmar=0.054_dist=500_repair_6_males=6_nmar=1,6,1
0,10,1000,500,70.9303193901994,257.44111963648345,31.78723284462477,0,0,0,25,D_pmar=0.054_dist=500_repair_6_males=6_nmar=1,6,1
0,14,0,0,71.07354290911314,252.019535853763,36.95064885223455,0,0,0,260,D_pmar=0.054_dist=500_repair_6_males=6_nmar=1,6,1
0,13,0,500,71.73888597064857,288.6041895801009,0,0,0,0,260,D_pmar=0.054_dist=500_repair_6_males=6_nmar=1,6,1
0,8,500,0,75.71721532113709,284.42694888257284,0,0,0,0,260,D_pmar=0.054_dist=500_repair_6_males=6_nmar=1,6,1
0,6,500,500,71.22033739340146,276.7810169983012,12.141929538141977,0,0,0,260,D_pmar=0.054_dist=500_repair_6_males=6_nmar=1,6,1
0,8,1000,0,71.5998654312457,276.2861158166752,12.135190916232045,0,0,0,260,D_pmar=0.054_dist=500_repair_6_males=6_nmar=1,6,1
0.054,5,1000,500,69.8705105606495,286.6133710806376,0,10,1,2.552043085331473,260,D_pmar=0.054_dist=500_repair_6_males=6_nmar=1,6,1
0,12,0,0,71.08892889742464,288.9522235129903,0,0,0,0,261,D_pmar=0.054_dist=500_repair_6_males=6_nmar=1,6,1
0,3,0,500,69.63186555896223,266.1652709920165,24.293094686379717,0,0,0,261,D_pmar=0.054_dist=500_repair_6_males=6_nmar=1,6,1
0.054,13,500,0,66.05154587364079,290.11681522048417,0,16,1.6000000000000003,2.4537037037037073,261,D_pmar=0.054_dist=500_repair_6_males=6_nmar=1,6,1
0,6,500,500,70.99981724984231,258.66752027869853,30.55785785722592,0,0,0,261,D_pmar=0.054_dist=500_repair_6_males=6_nmar=1,6,1
0,10,1000,0,68.60780743249309,273.2328153219767,18.261310792585892,0,0,0,261,D_pmar=0.054_dist=500_repair_6_males=6_nmar=1,6,1
0,10,1000,500,68.83076754350444,267.05169900046053,24.2626613167659,0,0,0,261,D_pmar=0.054_dist=500_repair_6_males=6_nmar=1,6,1
0,8,0,0,70.01295095841441,290.05787246508,0,0,0,0,262,D_pmar=0.054_dist=500_repair_6_males=6_nmar=1,6,1
0,12,0,500,66.987285875950107,231.85206616076871,61.267475114631374,0,0,0,262,D_pmar=0.054_dist=500_repair_6_males=6_nmar=1,6,1
0,12,500,0,70.13820095326788,290.0379840219173,0,0,0,0,262,D_pmar=0.054_dist=500_repair_6_males=6_nmar=1,6,1
0,6,500,500,67.97918704410374,261.4841585454662,30.65149692607429,0,0,0,262,D_pmar=0.054_dist=500_repair_6_males=6_nmar=1,6,1
0,11,1000,0,70.21243687228255,289.8826666633932,0,0,0,0,262,D_pmar=0.054_dist=500_repair_6_males=6_nmar=1,6,1
0.054,5,1000,500,72.74806557179413,283.2922239684597,0,15,1.5000000000000002,2.4728582179242378,262,D_pmar=0.054_dist=500_repair_6_males=6_nmar=1,6,1
0,11,0,0,69.87863237135176,277.90635853943456,12.34848930346076,0,0,0,263,D_pmar=0.054_dist=500_repair_6_males=6_nmar=1,6,1
0,7,0,500,74.06123675646937,273.94043920335,12.008913560678394,0,0,0,263,D_pmar=0.054_dist=500_repair_6_males=6_nmar=1,6,1
0,9,500,0,71.03144354575976,246.12815787154045,42.86599012911829,0,0,0,263,D_pmar=0.054_dist=500_repair_6_males=6_nmar=1,6,1
0.054,15,500,500,71.0184084007722,285.39579884581343,0,17,1.7000000000000004,1.928558067106128,263,D_pmar=0.054_dist=500_repair_6_males=6_nmar=1,6,1
0,8,1000,0,70.20142084148434,277.48876571054706,12.350391525956653,0,0,0,263,D_pmar=0.054_dist=500_repair_6_males=6_nmar=1,6,1
0,4,1000,500,73.05053416204397,262.759360175633,24.287881064949005,0,0,0,263,D_pmar=0.054_dist=500_repair_6_males=6_nmar=1,6,1
0.054,19,0,0,72.59185422608994,283.0962169278803,0,19,1.9000000000000008,2.472198839657951,264,D_pmar=0.054_dist=500_repair_6_males=6_nmar=1,6,1
0,11,0,500,68.57764168820728,260.8791762294869,30.745299068207196,0,0,0,264,D_pmar=0.054_dist=500_repair_6_males=6_nmar=1,6,1
0,6,500,0,69.09510013688084,272.76299037396166,18.1911817499139,0,0,0,264,D_pmar=0.054_dist=500_repair_6_males=6_nmar=1,6,1
0,9,500,500,73.62431790732286,274.2748631847273,12.11240280141896,0,0,0,264,D_pmar=0.054_dist=500_repair_6_males=6_nmar=1,6,1
0,3,1000,0,66.25501645414194,263.37234695007476,30.505492726086963,0,0,0,264,D_pmar=0.054_dist=500_repair_6_males=6_nmar=1,6,1
0,6,1000,500,72.00205243490818,263.6227919884606,24.570463739538656,0,0,0,264,D_pmar=0.054_dist=500_repair_6_males=6_nmar=1,6,1
0.054,13,0,0,68.03208738352518,288.46087784167196,0,16,1.6000000000000003,1.912671689767812,265,D_pmar=0.054_dist=500_repair_6_males=6_nmar=1,6,1
0,15,0,500,71.91828071236507,245.62625899599792,42.57146892110257,0,0,0,265,D_pmar=0.054_dist=500_repair_6_males=6_nmar=1,6,1
0,4,500,0,70.49966481187614,265.50874565646694,24.183745251656298,0,0,0,265,D_pmar=0.054_dist=500_repair_6_males=6_nmar=1,6,1
0,6,500,500,68.49546456338024,279.12136546487363,12.420538641840752,0,0,0,265,D_pmar=0.054_dist=500_repair_6_males=6_nmar=1,6,1
0,7,1000,0,68.19078459268165,286.147172686941,6.053697886868514,0,0,0,265,D_pmar=0.054_dist=500_repair_6_males=6_nmar=1,6,1
0,9,1000,500,67.2757841856241,280.66346141569016,12.227530530454809,0,0,0,265,D_pmar=0.054_dist=500_repair_6_males=6_nmar=1,6,1
0,3,0,0,70.4364793251597,271.29518449780534,18.392899230256717,0,0,0,266,D_pmar=0.054_dist=500_repair_6_males=6_nmar=1,6,1
0.054,20,0,500,71.40303870391668,284.8517655436851,0,18,1.8000000000000005,2.030738936605505,266,D_pmar=0.054_dist=500_repair_6_males=6_nmar=1,6,1
0,6,500,0,70.95797152415557,270.92626589933064,18.29920453867239,0,0,0,266,D_pmar=0.054_dist=500_repair_6_males=6_nmar=1,6,1
0,11,500,500,72.2171278215518,263.52116858780545,24.38059319687633,0,0,0,266,D_pmar=0.054_dist=500_repair_6_males=6_nmar=1,6,1
0,7,1000,0,70.04198060039364,265.19323041439577,24.776592845069395,0,0,0,266,D_pmar=0.054_dist=500_repair_6_males=6_nmar=1,6,1
0,7,1000,500,70.58856184763702,265.0576273349399,24.42673742479455,0,0,0,266,D_pmar=0.054_dist=500_repair_6_males=6_nmar=1,6,1
0,14,0,0,70.70610335394458,271.2044447535813,18.256522571426085,0,0,0,267,D_pmar=0.054_dist=500_repair_6_males=6_nmar=1,6,1
0,3,0,500,69.23963791699916,290.80864250526264,0,0,0,0,267,D_pmar=0.054_dist=500_repair_6_males=6_nmar=1,6,1
0.054,9,500,0,72.48331908378566,283.59794123256717,0,15,1.5000000000000002,2.5505501431498545,267,D_pmar=0.054_dist=500_repair_6_males=6_nmar=1,6,1
0,6,500,500,72.89762830977642,262.6936817579652,24.47488481214957,0,0,0,267,D_pmar=0.054_dist=500_repair_6_males=6_nmar=1,6,1
0,12,1000,0,70.49491824580201,246.73117596956337,42.9142326617233,0,0,0,267,D_pmar=0.054_dist=500_repair_6_males=6_nmar=1,6,1
0,10,1000,500,71.60968752075529,282.2719514634931,6.131815711416148,0,0,0,267,D_pmar=0.054_dist=500_repair_6_males=6_nmar=1,6,1
0,12,0,0,68.25585716624335,263.18014681346773,28.76786821095685,0,0,0,268,D_pmar=0.054_dist=500_repair_6_males=6_nmar=1,6,1
0,9,0,500,72.76468511633486,287.35544055789296,0,0,0,0,268,D_pmar=0.054_dist=500_repair_6_males=6_nmar=1,6,1
0,10,500,0,68.63883927283177,266.92607571383496,24.458543087108666,0,0,0,268,D_pmar=0.054_dist=500_repair_6_males=6_nmar=1,6,1
0,12,500,500,67.8912462341406,249.5029156340095,42.668846076136376,0,0,0,268,D_pmar=0.054_dist=500_repair_6_males=6_nmar=1,6,1
0.054,4,1000,0,71.5369651542102,284.273846819987,0,17,1.7000000000000004,2.5613999037615445,268,D_pmar=0.054_dist=500_repair_6_males=6_nmar=1,6,1
0,7,1000,500,72.0315013936251,282.0630101202484,6.072531533892085,0,0,0,268,D_pmar=0.054_dist=500_repair_6_males=6_nmar=1,6,1
0,13,0,0,68.93197502225946,266.14030538415113,24.953003669737218,0,0,0,269,D_pmar=0.054_dist=500_repair_6_males=6_nmar=1,6,1
0,3,0,500,71.61467199513726,263.9910359726522,24.561648241902205,0,0,0,269,D_pmar=0.054_dist=500_repair_6_males=6_nmar=1,6,1
0,10,500,0,66.67970279144505,281.1634199623837,12.27781721194325,0,0,0,269,D_pmar=0.054_dist=500_repair_6_males=6_nmar=1,6,1
0.054,10,500,500,72.56959437881177,283.2452433820232,0,16,1.6000000000000003,2.66464579565297,269,D_pmar=0.054_dist=500_repair_6_males=6_nmar=1,6,1
0,11,1000,0,74.65287741050881,273.3892277778297,12.091649218124743,0,0,0,269,D_pmar=0.054_dist=500_repair_6_males=6_nmar=1,6,1
0,7,1000,500,72.19079733940723,269.4878815336639,18.424460700097665,0,0,0,269,D_pmar=0.054_dist=500_repair_6_males=6_nmar=1,6,1
0,13,0,0,76.16989181289733,271.7743304973873,12.118306577550646,0,0,0,26,D_pmar=0.054_dist=500_repair_6_males=6_nmar=1,6,1
0,3,0,500,68.31654759083729,230.6913200966201,61.11881576132161,0,0,0,26,D_pmar=0.054_dist=500_repair_6_males=6_nmar=1,6,1
0.054,10,500,0,71.8481376381634,283.9250989869834,0,17,1.7000000000000004,2.5544996978913943,26,D_pmar=0.054_dist=500_repair_6_males=6_nmar=1,6,1
0,15,500,500,75.41219914934476,272.50811673799086,12.096294318415222,0,0,0,26,D_pmar=0.054_dist=500_repair_6_males=6_nmar=1,6,1
0,8,1000,0,71.91488737433646,288.0888094364117,0,0,0,0,26,D_pmar=0.054_dist=500_repair_6_males=6_nmar=1,6,1
0,5,1000,500,70.03464430961891,271.6880344161488,18.34779023259321,0,0,0,26,D_pmar=0.054_dist=500_repair_6_males=6_nmar=1,6,1
0.054,16,0,0,71.6934089158204,283.80042666015817,0,18,1.8000000000000005,2.8047233346114653,270,D_pmar=0.054_dist=500_repair_6_males=6_nmar=1,6,1
0,3,0,500,71.80890596714197,275.7047840644412,12.499600617234542,0,0,0,270,D_pmar=0.054_dist=500_repair_6_males=6_nmar=1,6,1
0,12,500,0,72.17525444914489,269.66473834275104,18.24688650177786,0,0,0,270,D_pmar=0.054_dist=500_repair_6_males=6_nmar=1,6,1
0,14,500,500,72.90615817943291,256.5601341169071,30.663040979212052,0,0,0,270,D_pmar=0.054_dist=500_repair_6_males=6_nmar=1,6,1
0,2,1000,0,70.63002852542422,259.2024328915139,30.310886635412384,0,0,0,270,D_pmar=0.054_dist=500_repair_6_males=6_nmar=1,6,1
0,7,1000,500,68.82956495930497,273.0608192603181,18.246161459720813,0,0,0,270,D_pmar=0.054_dist=500_repair_6_males=6_nmar=1,6,1
0.054,7,0,0,71.09419108852939,284.7343210170232,0,14,1.4,2.8325817677811873,271,D_pmar=0.054_dist=500_repair_6_males=6_nmar=1,6,1
0,7,0,500,72.13065108838984,275.6325817324752,12.250572367302688,0,0,0,271,D_pmar=0.054_dist=500_repair_6_males=6_nmar=1,6,1
0,7,500,0,71.03356103698258,282.9160368056023,6.075522862312559,0,0,0,271,D_pmar=0.054_dist=500_repair_6_males=6_nmar=1,6,1
0,11,500,500,68.01236575451097,273.744041614462,18.297987416504352,0,0,0,271,D_pmar=0.054_dist=500_repair_6_males=6_nmar=1,6,1
0,8,1000,0,72.16920928607485,269.8606037371411,18.032293941977457,0,0,0,271,D_pmar=0.054_dist=500_repair_6_males=6_nmar=1,6,1
0,14,1000,500,68.45945793884361,261.24904283510176,30.42775934018632,0,0,0,271,D_pmar=0.054_dist=500_repair_6_males=6_nmar=1,6,1
0,10,0,0,68.81282932966207,260.879235736596,30.321492499974717,0,0,0,272,D_pmar=0.054_dist=500_repair_6_males=6_nmar=1,6,1
0,10,0,500,69.56440432259515,259.8896657261193,30.694912530625533,0,0,0,272,D_pmar=0.054_dist=500_repair_6_males=6_nmar=1,6,1
0,2,500,0,71.25053746632916,276.7523411628524,12.079493218304124,0,0,0,272,D_pmar=0.054_dist=500_repair_6_males=6_nmar=1,6,1
0.054,9,500,500,73.55305659475135,281.94114078001536,0,19,1.9000000000000008,2.6593113655997382,272,D_pmar=0.054_dist=500_repair_6_males=6_nmar=1,6,1
0,14,1000,0,70.10989508759084,290.09344655650546,0,0,0,0,272,D_pmar=0.054_dist=500_repair_6_males=6_nmar=1,6,1
0,9,1000,500,68.73445295181514,248.43066289630391,42.8387051368335,0,0,0,272,D_pmar=0.054_dist=500_repair_6_males=6_nmar=1,6,1
0,8,0,0,72.5276757227251,238.82387700903192,48.831353590107206,0,0,0,273,D_pmar=0.054_dist=500_repair_6_males=6_nmar=1,6,1
0,9,0,500,72.03952001715213,276.03718252186167,12.06647374369146,0,0,0,273,D_pmar=0.054_dist=500_repair_6_males=6_nmar=1,6,1
0,15,500,0,69.88673664892184,277.9723225859517,12.246881508560522,0,0,0,273,D_pmar=0.054_dist=500_repair_6_males=6_nmar=1,6,1
0,7,500,500,71.4728760902368,252.2999495732799,36.407010859273235,0,0,0,273,D_pmar=0.054_dist=500_repair_6_males=6_nmar=1,6,1
0,5,1000,0,66.79609008714588,288.0376520684921,5.371252420537868,0,0,0,273,D_pmar=0.054_dist=500_repair_6_males=6_nmar=1,6,1
0.054,10,1000,500,73.20543788317626,282.3160559328246,0,19,1.9000000000000008,2.5925925925925957,273,D_pmar=0.054_dist=500_repair_6_males=6_nmar=1,6,1
0,9,0,0,72.02939618446116,269.87797856116663,18.19497472558384,0,0,0,274,D_pmar=0.054_dist=500_repair_6_males=6_nmar=1,6,1
0,4,0,500,67.76082885600837,274.0856230754066,18.297474367593956,0,0,0,274,D_pmar=0.054_dist=500_repair_6_males=6_nmar=1,6,1
0,13,500,0,71.08376143978346,264.84774937541926,24.232161996540498,0,0,0,274,D_pmar=0.054_dist=500_repair_6_males=6_nmar=1,6,1
0.054,20,500,500,69.48683073570186,287.40841802259723,0,13,1.3,1.8981481481481477,274,D_pmar=0.054_dist=500_repair_6_males=6_nmar=1,6,1
0,1,1000,0,71.04571246230901,283.08448046515304,6.032976086817381,0,0,0,274,D_pmar=0.054_dist=500_repair_6_males=6_nmar=1,6,1
0,7,1000,500,72.2394272694227,275.6046779527554,12.166277875271666,0,0,0,274,D_pmar=0.054_dist=500_repair_6_males=6_nmar=1,6,1
0.054,11,0,0,66.83719505766645,288.60905685229847,0,19,1.9000000000000008,2.6835180573545254,275,D_pmar=0.054_dist=500_repair_6_males=6_nmar=1,6,1
0,7,0,500,68.51190808937342,291.5639505510952,0,0,0,0,275,D_pmar=0.054_dist=500_repair_6_males=6_nmar=1,6,1
0,6,500,0,69.7008917405549,247.62291778090133,42.69226655881904,0,0,0,275,D_pmar=0.054_dist=500_repair_6_males=6_nmar=1,6,1
0,9,500,500,66.80936465596045,256.4751641444358,36.89796436502959,0,0,0,275,D_pmar=0.054_dist=500_repair_6_males=6_nmar=1,6,1
0,12,1000,0,71.92081653506922,282.2093355872089,6.139694563775011,0,0,0,275,D_pmar=0.054_dist=500_repair_6_males=6_nmar=1,6,1
0,9,1000,500,67.44530819120295,262.2179454902624,30.414915872376753,0,0,0,275,D_pmar=0.054_dist=500_repair_6_males=6_nmar=1,6,1
0,11,0,0,68.32574487802192,267.1301476088505,24.603583612948743,0,0,0,276,D_pmar=0.054_dist=500_repair_6_males=6_nmar=1,6,1
0,9,0,500,68.80121926579126,291.3389798916983,0,0,0,0,276,D_pmar=0.054_dist=500_repair_6_males=6_nmar=1,6,1
0.054,8,500,0,73.17784043018263,284.0124702603863,0,10,1,1.862780924884249,276,D_pmar=0.054_dist=500_repair_6_males=6_nmar=1,6,1
0,10,500,500,73.78661670232923,280.2213345277755,6.092261897543353,0,0,0,276,D_pmar=0.054_dist=500_repair_6_males=6_nmar=1,6,1
0,8,1000,0,72.33255276124052,269.1340330179621,18.55160258405343,0,0,0,276,D_pmar=0.054_dist=500_repair_6_males=6_nmar=1,6,1
0,8,1000,500,72.7090910315874,275.46523311466757,12.241192409115955,0,0,0,276,D_pmar=0.054_dist=500_repair_6_males=6_nmar=1,6,1
0,7,0,0,67.93865879563192,255.367418691574,36.808545902708374,0,0,0,277,D_pmar=0.054_dist=500_repair_6_males=6_nmar=1,6,1
0,16,0,500,74.59696041749287,271.9146041283494,13.730143794101902,0,0,0,277,D_pmar=0.054_dist=500_repair_6_males=6_nmar=1,6,1
0,6,500,0,71.09764867914278,281.1809705981209,7.828853708805314,0,0,0,277,D_pmar=0.054_dist=500_repair_6_males=6_nmar=1,6,1
0,6,500,500,73.59207469553209,280.460056234339,6.026371550448997,0,0,0,277,D_pmar=0.054_dist=500_repair_6_males=6_nmar=1,6,1
0,9,1000,0,71.07654996592103,276.8423015974361,12.201970713733326,0,0,0,277,D_pmar=0.054_dist=500_repair_6_males=6_nmar=1,6,1
0.054,10,1000,500,67.08310847587403,289.6991446638614,0,14,1.4,2.267155682799869,277,D_pmar=0.054_dist=500_repair_6_males=6_nmar=1,6,1
0,14,0,0,69.18857760940755,260.66016075045826,30.456694128384378,0,0,0,278,D_pmar=0.054_dist=500_repair_6_males=6_nmar=1,6,1
0,0,0,500,69.0915326119172,266.41736845697363,24.607462557811516,0,0,0,278,D_pmar=0.054_dist=500_repair_6_males=6_nmar=1,6,1
0.054,13,500,0,71.811017894596,284.5575184637481,0,15,1.5000000000000002,2.2868615084167567,278,D_pmar=0.054_dist=500_repair_6_males=6_nmar=1,6,1
0,17,500,500,69.97896687574132,290.2284935965753,0,0,0,0,278,D_pmar=0.054_dist=500_repair_6_males=6_nmar=1,6,1
0,6,1000,0,67.56262969814901,268.0553741480186,24.443619832824613,0,0,0,278,D_pmar=0.054_dist=500_repair_6_males=6_nmar=1,6,1
0,4,1000,500,69.29385546215134,278.58636893840713,12.270742271005588,0,0,0,278,D_pmar=0.054_dist=500_repair_6_males=6_nmar=1,6,1
0,7,0,0,71.5149798008638,264.01487779918205,24.480858301542597,0,0,0,279,D_pmar=0.054_dist=500_repair_6_males=6_nmar=1,6,1
0,18,0,500,68.31151151722987,291.8435879256228,0,0,0,0,279,D_pmar=0.054_dist=500_repair_6_males=6_nmar=1,6,1
0,7,500,0,69.95054482368516,271.8193074406418,18.250754888593026,0,0,0,279,D_pmar=0.054_dist=500_repair_6_males=6_nmar=1,6,1
0.054,5,500,500,69.81709840050061,286.60835352453904,0,17,1.7000000000000004,1.954162827814197,279,D_pmar=0.054_dist=500_repair_6_males=6_nmar=1,6,1
0,11,1000,0,71.46563513992672,251.8963929336117,36.64297139684971,0,0,0,279,D_pmar=0.054_dist=500_repair_6_males=6_nmar=1,6,1
0,6,1000,500,70.07123242300926,265.6491018823992,24.393204798926412,0,0,0,279,D_pmar=0.054_dist=500_repair_6_males=6_nmar=1,6,1
0,4,0,0,73.17356323009244,286.96893972327325,0,0,0,0,27,D_pmar=0.054_dist=500_repair_6_males=6_nmar=1,6,1
0.054,8,0,500,72.01253015494936,283.8374076991252,0,16,1.6000000000000003,2.822232760594369,27,D_pmar=0.054_dist=500_repair_6_males=6_nmar=1,6,1
0,11,500,0,72.94982872977035,274.860444429025,12.259271220740391,0,0,0,27,D_pmar=0.054_dist=500_repair_6_males=6_nmar=1,6,1
0,11,500,500,69.28616133724542,242.08717522359547,48.657226928347995,0,0,0,27,D_pmar=0.054_dist=500_repair_6_males=6_nmar=1,6,1
0,11,1000,0,67.65953425225293,255.40688337022527,36.941136958198726,0,0,0,27,D_pmar=0.054_dist=500_repair_6_males=6_nmar=1,6,1
0,9,1000,500,72.84095712383079,287.1971952201207,0,0,0,0,27,D_pmar=0.054_dist=500_repair_6_males=6_nmar=1,6,1
0.054,14,0,0,72.30396811801664,282.8491319888137,0,22,2.2000000000000006,2.6894390320387433,280,D_pmar=0.054_dist=500_repair_6_males=6_nmar=1,6,1
0,7,0,500,69.40600634989976,278.3748275617311,12.33144596053076,0,0,0,280,D_pmar=0.054_dist=500_repair_6_males=6_nmar=1,6,1
0,12,500,0,71.95855382326353,232.80267503189845,55.271103879204226,0,0,0,280,D_pmar=0.054_dist=500_repair_6_males=6_nmar=1,6,1
0,9,500,500,70.6382189290481,245.63352125395969,43.7808318544897,0,0,0,280,D_pmar=0.054_dist=500_repair_6_males=6_nmar=1,6,1
0,4,1000,0,68.25772932441802,279.63502217067787,12.123053447843986,0,0,0,280,D_pmar=0.054_dist=500_repair_6_males=6_nmar=1,6,1
0,8,1000,500,71.00240066749623,283.1771275092479,6.063557162321384,0,0,0,280,D_pmar=0.054_dist=500_repair_6_males=6_nmar=1,6,1
0,5,0,0,70.07564136233862,289.97338792284546,0,0,0,0,281,D_pmar=0.054_dist=500_repair_6_males=6_nmar=1,6,1
0.054,18,0,500,72.68039945019365,283.1133073389055,0,19,1.9000000000000008,2.4315192259338594,281,D_pmar=0.054_dist=500_repair_6_males=6_nmar=1,6,1
0,6,500,0,73.24280476611915,251.2781404487406,35.55326755306778,0,0,0,281,D_pmar=0.054_dist=500_repair_6_males=6_nmar=1,6,1
0,14,500,500,69.7280029113009,265.9694774053336,24.35871842415298,0,0,0,281,D_pmar=0.054_dist=500_repair_6_males=6_nmar=1,6,1
0,1,1000,0,72.27069132791844,269.4713833488502,18.310032537634427,0,0,0,281,D_pmar=0.054_dist=500_repair_6_males=6_nmar=1,6,1
0,10,1000,500,71.55083022859723,252.31378664740797,36.41852269122565,0,0,0,281,D_pmar=0.054_dist=500_repair_6_males=6_nmar=1,6,1
0,11,0,0,73.67263818769878,261.99928750249865,24.444808438738345,0,0,0,282,D_pmar=0.054_dist=500_repair_6_males=6_nmar=1,6,1
0,3,0,500,70.96007864861282,277.16911860712037,12.084684024404485,0,0,0,282,D_pmar=0.054_dist=500_repair_6_males=6_nmar=1,6,1
0,10,500,0,73.81484822304287,274.01067981778556,12.30382482875351,0,0,0,282,D_pmar=0.054_dist=500_repair_6_males=6_nmar=1,6,1
0,12,500,500,71.4446826764008,251.67725823333348,37.012426100963914,0,0,0,282,D_pmar=0.054_dist=500_repair_6_males=6_nmar=1,6,1
0,8,1000,0,72.11510516991207,287.9116774577329,0,0,0,0,282,D_pmar=0.054_dist=500_repair_6_males=6_nmar=1,6,1
0.054,10,1000,500,71.51414404840185,284.1640214049683,0,14,1.4,3.0032434113467095,282,D_pmar=0.054_dist=500_repair_6_males=6_nmar=1,6,1
0,7,0,0,70.72700791733185,270.93762562334075,18.34349397589963,0,0,0,283,D_pmar=0.054_dist=500_repair_6_males=6_nmar=1,6,1
0.054,7,0,500,71.31353662125322,285.2742754398847,0,15,1.5000000000000002,1.9245864727715492,283,D_pmar=0.054_dist=500_repair_6_males=6_nmar=1,6,1
0,10,500,0,70.55327091190598,258.9288860143309,30.659633939312645,0,0,0,283,D_pmar=0.054_dist=500_repair_6_males=6_nmar=1,6,1
0,9,500,500,73.14084434573117,252.36945678763269,34.52634301364893,0,0,0,283,D_pmar=0.054_dist=500_repair_6_males=6_nmar=1,6,1
0,16,1000,0,70.39483504291114,283.56500039355245,6.106760004852316,0,0,0,283,D_pmar=0.054_dist=500_repair_6_males=6_nmar=1,6,1
0,5,1000,500,70.63570761677217,289.40001527261705,0,0,0,0,283,D_pmar=0.054_dist=500_repair_6_males=6_nmar=1,6,1
0,5,0,0,70.89439238842188,270.867016735497,18.326166931595765,0,0,0,284,D_pmar=0.054_dist=500_repair_6_males=6_nmar=1,6,1
0.054,21,0,500,66.64296153199659,289.4849548284786,0,18,1.8000000000000005,2.3038637021893806,284,D_pmar=0.054_dist=500_repair_6_males=6_nmar=1,6,1
0,7,500,0,70.71291090522186,277.370619785966,12.056182594745998,0,0,0,284,D_pmar=0.054_dist=500_repair_6_males=6_nmar=1,6,1
0,12,500,500,68.59715230494513,266.95701430674086,24.4724571670018,0,0,0,284,D_pmar=0.054_dist=500_repair_6_males=6_nmar=1,6,1
0,4,1000,0,71.35756055717681,258.25459666300003,30.558477439820425,0,0,0,284,D_pmar=0.054_dist=500_repair_6_males=6_nmar=1,6,1
0,5,1000,500,76.175389695164,259.7154705474161,24.14015062275909,0,0,0,284,D_pmar=0.054_dist=500_repair_6_males=6_nmar=1,6,1
0,8,0,0,74.11545275098047,261.48799953744214,24.460949955220247,0,0,0,285,D_pmar=0.054_dist=500_repair_6_males=6_nmar=1,6,1
0,9,0,500,71.61991064347897,251.9368156842939,36.617308939930105,0,0,0,285,D_pmar=0.054_dist=500_repair_6_males=6_nmar=1,6,1
0.054,13,500,0,68.00776731852395,288.7288500915418,0,10,1,2.3637198697270407,285,D_pmar=0.054_dist=500_repair_6_males=6_nmar=1,6,1
0,4,500,500,70.62787280293605,289.46083289890777,0,0,0,0,285,D_pmar=0.054_dist=500_repair_6_males=6_nmar=1,6,1
0,6,1000,0,67.44509757617267,292.8079445539309,0,0,0,0,285,D_pmar=0.054_dist=500_repair_6_males=6_nmar=1,6,1
0,14,1000,500,68.34991165740126,291.9211413386064,0,0,0,0,285,D_pmar=0.054_dist=500_repair_6_males=6_nmar=1,6,1
0,7,0,0,72.74286722159032,238.5767884285986,48.90121274981923,0,0,0,286,D_pmar=0.054_dist=500_repair_6_males=6_nmar=1,6,1
0.054,8,0,500,73.9052391850017,282.32399870810815,0,16,1.6000000000000003,2.1977840719907227,286,D_pmar=0.054_dist=500_repair_6_males=6_nmar=1,6,1
0,9,500,0,70.17852687891427,241.40580823263312,48.58734486626581,0,0,0,286,D_pmar=0.054_dist=500_repair_6_males=6_nmar=1,6,1
0,9,500,500,68.6137230142817,291.4717139401584,0,0,0,0,286,D_pmar=0.054_dist=500_repair_6_males=6_nmar=1,6,1
0,7,1000,0,72.00131730682895,288.2326896650502,0,0,0,0,286,D_pmar=0.054_dist=500_repair_6_males=6_nmar=1,6,1
0,14,1000,500,72.9460132539706,287.08373698995007,0,0,0,0,286,D_pmar=0.054_dist=500_repair_6_males=6_nmar=1,6,1
0,6,0,0,69.23224521618822,263.6194900420631,27.2664913619646,0,0,0,287,D_pmar=0.054_dist=500_repair_6_males=6_nmar=1,6,1
0,6,0,500,69.61238001230022,278.253634584915,12.2474428637004,0,0,0,287,D_pmar=0.054_dist=500_repair_6_males=6_nmar=1,6,1
0,6,500,0,68.17742406644841,291.84869454714476,0,0,0,0,287,D_pmar=0.054_dist=500_repair_6_males=6_nmar=1,6,1
0.054,12,500,500,69.36828824967816,287.32156602514686,0,11,1.1,2.3379629629629655,287,D_pmar=0.054_dist=500_repair_6_males=6_nmar=1,6,1
0,13,1000,0,71.5441399862652,264.1631155884369,24.382038814389492,0,0,0,287,D_pmar=0.054_dist=500_repair_6_males=6_nmar=1,6,1
0,11,1000,500,69.2350296208952,290.88364308922047,0,0,0,0,287,D_pmar=0.054_dist=500_repair_6_males=6_nmar=1,6,1
0,8,0,0,69.98921257774137,253.3657981331316,36.69508214466299,0,0,0,288,D_pmar=0.054_dist=500_repair_6_males=6_nmar=1,6,1
0,11,0,500,70.36906468737362,271.28972500966995,18.34165147057653,0,0,0,288,D_pmar=0.054_dist=500_repair_6_males=6_nmar=1,6,1
0,6,500,0,70.2127096214671,277.6920356076301,12.134676121331244,0,0,0,288,D_pmar=0.054_dist=500_repair_6_males=6_nmar=1,6,1
0.054,13,500,500,68.84752127698256,287.1532876171378,0,17,1.7000000000000004,2.3270118503375294,288,D_pmar=0.054_dist=500_repair_6_males=6_nmar=1,6,1
0,7,1000,0,74.5257519540903,267.33898050612885,18.29768968889389,0,0,0,288,D_pmar=0.054_dist=500_repair_6_males=6_nmar=1,6,1
0,9,1000,500,74.31615886339227,267.4562910962672,18.45211582312639,0,0,0,288,D_pmar=0.054_dist=500_repair_6_males=6_nmar=1,6,1
0.054,11,0,0,71.09289039074123,285.3270433755263,0,16,1.6000000000000003,2.060185185185185,289,D_pmar=0.054_dist=500_repair_6_males=6_nmar=1,6,1
0,9,0,500,70.41213472136432,289.80970182275786,0,0,0,0,289,D_pmar=0.054_dist=500_repair_6_males=6_nmar=1,6,1
0,14,500,0,68.62123274428967,279.34169105495613,12.06963145122272,0,0,0,289,D_pmar=0.054_dist=500_repair_6_males=6_nmar=1,6,1
0,6,500,500,73.09195320398739,262.5117002569711,24.396716469107403,0,0,0,289,D_pmar=0.054_dist=500_repair_6_males=6_nmar=1,6,1
0,4,1000,0,66.2313713530156,250.84181676245723,43.10254796968624,0,0,0,289,D_pmar=0.054_dist=500_repair_6_males=6_nmar=1,6,1
0,10,1000,500,70.77861332588637,270.9279892183404,18.36178249306773,0,0,0,289,D_pmar=0.054_dist=500_repair_6_males=6_nmar=1,6,1
0,14,0,0,68.67724075738357,279.17144944345694,12.240813042905046,0,0,0,28,D_pmar=0.054_dist=500_repair_6_males=6_nmar=1,6,1
0,5,0,500,70.49458347566626,264.66045767453596,24.871825253976457,0,0,0,28,D_pmar=0.054_dist=500_repair_6_males=6_nmar=1,6,1
0,8,500,0,71.03903302352361,252.19912716442505,36.79831586714821,0,0,0,28,D_pmar=0.054_dist=500_repair_6_males=6_nmar=1,6,1
0,7,500,500,70.610545700773,259.04708621977363,30.53054490077724,0,0,0,28,D_pmar=0.054_dist=500_repair_6_males=6_nmar=1,6,1
0.054,13,1000,0,69.76061652290252,286.0734108159201,0,18,1.8000000000000005,2.3843893657222304,28,D_pmar=0.054_dist=500_repair_6_males=6_nmar=1,6,1
0,7,1000,500,70.82710755453759,283.1429881430891,6.043168783574476,0,0,0,28,D_pmar=0.054_dist=500_repair_6_males=6_nmar=1,6,1
0,10,0,0,69.04184512536901,272.6533575013817,18.36889530309779,0,0,0,290,D_pmar=0.054_dist=500_repair_6_males=6_nmar=1,6,1
0,7,0,500,69.11424727531747,266.4654009079686,24.54117023762463,0,0,0,290,D_pmar=0.054_dist=500_repair_6_males=6_nmar=1,6,1
0,8,500,0,71.31980176084168,227.34138045865947,61.34024757977338,0,0,0,290,D_pmar=0.054_dist=500_repair_6_males=6_nmar=1,6,1
0,11,500,500,71.93261415909119,282.08955352649747,6.044697394771254,0,0,0,290,D_pmar=0.054_dist=500_repair_6_males=6_nmar=1,6,1
0,9,1000,0,70.93722266310523,289.18166531603583,0,0,0,0,290,D_pmar=0.054_dist=500_repair_6_males=6_nmar=1,6,1
0.054,9,1000,500,70.17340316573915,285.5994308317526,0,18,1.8000000000000005,2.564791432250543,290,D_pmar=0.054_dist=500_repair_6_males=6_nmar=1,6,1
0,6,0,0,70.6692032879226,258.7831923838801,30.656073568551168,0,0,0,291,D_pmar=0.054_dist=500_repair_6_males=6_nmar=1,6,1
0,9,0,500,69.98028691821303,247.5276052459104,42.62625987065881,0,0,0,291,D_pmar=0.054_dist=500_repair_6_males=6_nmar=1,6,1
0,10,500,0,71.64008525046454,270.18483868895123,18.20628881233483,0,0,0,291,D_pmar=0.054_dist=500_repair_6_males=6_nmar=1,6,1
0,15,500,500,72.47307324015708,275.50289700124614,12.249060731448026,0,0,0,291,D_pmar=0.054_dist=500_repair_6_males=6_nmar=1,6,1
0,4,1000,0,73.90763640157573,267.9952529577471,18.13830878974401,0,0,0,291,D_pmar=0.054_dist=500_repair_6_males=6_nmar=1,6,1
0.054,10,1000,500,71.80611856891653,284.02986525464996,0,20,2.0000000000000004,2.377279740968405,291,D_pmar=0.054_dist=500_repair_6_males=6_nmar=1,6,1
0,6,0,0,72.95238740884355,274.9155900567911,12.145094344513366,0,0,0,292,D_pmar=0.054_dist=500_repair_6_males=6_nmar=1,6,1
0,2,0,500,68.79968580076562,273.08479516339173,18.196902279018637,0,0,0,292,D_pmar=0.054_dist=500_repair_6_males=6_nmar=1,6,1
0.054,9,500,0,71.80633167399955,283.3348449595379,0,21,2.1000000000000005,2.7853218011065906,292,D_pmar=0.054_dist=500_repair_6_males=6_nmar=1,6,1
0,7,500,500,72.83549674277205,245.29302514423813,42.14200575988198,0,0,0,292,D_pmar=0.054_dist=500_repair_6_males=6_nmar=1,6,1
0,17,1000,0,72.52788376604659,262.9333643975544,24.54774160923081,0,0,0,292,D_pmar=0.054_dist=500_repair_6_males=6_nmar=1,6,1
0,13,1000,500,70.36695529886491,259.01164921342087,30.738534316417955,0,0,0,292,D_pmar=0.054_dist=500_repair_6_males=6_nmar=1,6,1
0.054,11,0,0,68.60816980373772,287.1064835324205,0,18,1.8000000000000005,2.499318582140678,293,D_pmar=0.054_dist=500_repair_6_males=6_nmar=1,6,1
0,8,0,500,69.12069002529032,272.59825368590947,18.338813118261683,0,0,0,293,D_pmar=0.054_dist=500_repair_6_males=6_nmar=1,6,1
0,11,500,0,70.02354875768653,265.6206033479072,24.374595811127236,0,0,0,293,D_pmar=0.054_dist=500_repair_6_males=6_nmar=1,6,1
0,8,500,500,70.6727671600043,271.1953407437931,18.265103210172857,0,0,0,293,D_pmar=0.054_dist=500_repair_6_males=6_nmar=1,6,1
0,8,1000,0,71.10883062259109,276.8112888553348,12.127609999135238,0,0,0,293,D_pmar=0.054_dist=500_repair_6_males=6_nmar=1,6,1
0,8,1000,500,69.68226412369333,253.81320036352025,36.70566192599191,0,0,0,293,D_pmar=0.054_dist=500_repair_6_males=6_nmar=1,6,1
0,12,0,0,70.63229034943417,246.64282423298647,42.776658964356635,0,0,0,294,D_pmar=0.054_dist=500_repair_6_males=6_nmar=1,6,1
0,11,0,500,71.78839830784207,251.81417858919727,36.56350589190363,0,0,0,294,D_pmar=0.054_dist=500_repair_6_males=6_nmar=1,6,1
0,8,500,0,72.16125267008798,287.86412331669715,0,0,0,0,294,D_pmar=0.054_dist=500_repair_6_males=6_nmar=1,6,1
0,6,500,500,68.83269533199345,266.43604241474986,24.85593142862325,0,0,0,294,D_pmar=0.054_dist=500_repair_6_males=6_nmar=1,6,1
0.054,10,1000,0,67.08593178179807,288.8842704249397,0,17,1.7000000000000004,2.330831298616101,294,D_pmar=0.054_dist=500_repair_6_males=6_nmar=1,6,1
0,7,1000,500,71.5300413284212,288.59402893819805,0,0,0,0,294,D_pmar=0.054_dist=500_repair_6_males=6_nmar=1,6,1
0,5,0,0,74.80413750877152,285.1970229134869,0,0,0,0,295,D_pmar=0.054_dist=500_repair_6_males=6_nmar=1,6,1
0,10,0,500,71.80667367910762,263.92175033280756,24.329827728989976,0,0,0,295,D_pmar=0.054_dist=500_repair_6_males=6_nmar=1,6,1
0.054,14,500,0,70.49848064477882,285.697825124194,0,17,1.7000000000000004,2.111946017997681,295,D_pmar=0.054_dist=500_repair_6_males=6_nmar=1,6,1
0,11,500,500,72.94162201016033,256.5655004837353,30.54470178649728,0,0,0,295,D_pmar=0.054_dist=500_repair_6_males=6_nmar=1,6,1
0,5,1000,0,69.98555756664061,247.19717142782983,43.117311708854686,0,0,0,295,D_pmar=0.054_dist=500_repair_6_males=6_nmar=1,6,1
0,9,1000,500,70.7292239879548,283.1269673200963,6.200210737945319,0,0,0,295,D_pmar=0.054_dist=500_repair_6_males=6_nmar=1,6,1
0,13,0,0,67.9666348513479,280.0523982724363,12.033821956470732,0,0,0,296,D_pmar=0.054_dist=500_repair_6_males=6_nmar=1,6,1
0,7,0,500,68.66986573630075,273.1514858129663,18.22913565652389,0,0,0,296,D_pmar=0.054_dist=500_repair_6_males=6_nmar=1,6,1
0,4,500,0,69.499219845006,290.5578901289276,0,0,0,0,296,D_pmar=0.054_dist=500_repair_6_males=6_nmar=1,6,1
0,8,500,500,71.98973203862958,269.7754488046408,18.2476622581062,0,0,0,296,D_pmar=0.054_dist=500_repair_6_males=6_nmar=1,6,1
0,13,1000,0,69.83608875038405,271.6612858678767,18.625778636764515,0,0,0,296,D_pmar=0.054_dist=500_repair_6_males=6_nmar=1,6,1
0.054,9,1000,500,73.40133286188737,283.0654415139706,0,11,1.1,2.527401995001705,296,D_pmar=0.054_dist=500_repair_6_males=6_nmar=1,6,1
0,6,0,0,72.59646904508763,287.5413981673234,0,0,0,0,297,D_pmar=0.054_dist=500_repair_6_males=6_nmar=1,6,1
0,12,0,500,70.06520624283455,253.42056522150213,36.545883895561914,0,0,0,297,D_pmar=0.054_dist=500_repair_6_males=6_nmar=1,6,1
0,6,500,0,71.87237012970168,288.24933754666193,0,0,0,0,297,D_pmar=0.054_dist=500_repair_6_males=6_nmar=1,6,1
0,11,500,500,70.71490588631279,257.5208329404828,31.859014088611524,0,0,0,297,D_pmar=0.054_dist=500_repair_6_males=6_nmar=1,6,1
0.054,13,1000,0,69.08787527138782,286.5595418309339,0,17,1.7000000000000004,2.7460050231011515,297,D_pmar=0.054_dist=500_repair_6_males=6_nmar=1,6,1
0,6,1000,500,73.55268145691329,256.7587203860246,29.719623946370422,0,0,0,297,D_pmar=0.054_dist=500_repair_6_males=6_nmar=1,6,1
0.054,8,0,0,72.12268588162667,284.048791953713,0,17,1.7000000000000004,2.4217788029710676,298,D_pmar=0.054_dist=500_repair_6_males=6_nmar=1,6,1
0,5,0,500,72.86004692926157,250.51935348450144,36.713353837330864,0,0,0,298,D_pmar=0.054_dist=500_repair_6_males=6_nmar=1,6,1
0,8,500,0,68.74273603201901,279.30838229566336,12.051781405625368,0,0,0,298,D_pmar=0.054_dist=500_repair_6_males=6_nmar=1,6,1
0,5,500,500,70.91549633510412,270.5934885876206,18.534520839792012,0,0,0,298,D_pmar=0.054_dist=500_repair_6_males=6_nmar=1,6,1
0,11,1000,0,71.72845107182614,282.3684006217048,6.039044435478076,0,0,0,298,D_pmar=0.054_dist=500_repair_6_males=6_nmar=1,6,1
0,17,1000,500,70.42702217261015,259.42582722055124,30.203522664711784,0,0,0,298,D_pmar=0.054_dist=500_repair_6_males=6_nmar=1,6,1
0,6,0,0,71.1334836832962,252.2478846614325,36.71417678952478,0,0,0,299,D_pmar=0.054_dist=500_repair_6_males=6_nmar=1,6,1
0.054,14,0,500,70.94778823667144,284.3623320447007,0,21,2.1000000000000005,2.6536946830275325,299,D_pmar=0.054_dist=500_repair_6_males=6_nmar=1,6,1
0,9,500,0,67.77513308188229,261.67650344285346,30.57289111731457,0,0,0,299,D_pmar=0.054_dist=500_repair_6_males=6_nmar=1,6,1
0,11,500,500,73.56829040488144,255.95756813595952,30.61508608600944,0,0,0,299,D_pmar=0.054_dist=500_repair_6_males=6_nmar=1,6,1
0,8,1000,0,73.1784655075626,280.8555552217041,6.0805453628145765,0,0,0,299,D_pmar=0.054_dist=500_repair_6_males=6_nmar=1,6,1
0,6,1000,500,68.47180746246195,267.13280599021203,24.54851880951194,0,0,0,299,D_pmar=0.054_dist=500_repair_6_males=6_nmar=1,6,1
0,4,0,0,74.42331140266432,279.53894063493976,6.179709649381183,0,0,0,29,D_pmar=0.054_dist=500_repair_6_males=6_nmar=1,6,1
0.054,7,0,500,67.51034306799548,288.58834649413905,0,14,1.4,2.6281407163617243,29,D_pmar=0.054_dist=500_repair_6_males=6_nmar=1,6,1
0,15,500,0,75.25846378689899,284.1366356170381,0.7099107712316153,0,0,0,29,D_pmar=0.054_dist=500_repair_6_males=6_nmar=1,6,1
0,6,500,500,70.83000032567574,246.65599914227897,42.689304888534565,0,0,0,29,D_pmar=0.054_dist=500_repair_6_males=6_nmar=1,6,1
0,16,1000,0,74.8574189653435,262.15355410892096,23.157655578981625,0,0,0,29,D_pmar=0.054_dist=500_repair_6_males=6_nmar=1,6,1
0,6,1000,500,69.20562694463717,284.6962556485276,6.174754726252533,0,0,0,29,D_pmar=0.054_dist=500_repair_6_males=6_nmar=1,6,1
0,9,0,0,67.20200008291393,256.3963850265481,36.403243735294424,0,0,0,300,D_pmar=0.054_dist=500_repair_6_males=6_nmar=1,6,1
0,6,0,500,68.65824608907158,285.3934613211231,6.022518239634258,0,0,0,300,D_pmar=0.054_dist=500_repair_6_males=6_nmar=1,6,1
0,11,500,0,69.3983170117414,254.4001847632132,36.28283167203527,0,0,0,300,D_pmar=0.054_dist=500_repair_6_males=6_nmar=1,6,1
0,7,500,500,69.55434763155309,278.35414214533466,12.194575589490766,0,0,0,300,D_pmar=0.054_dist=500_repair_6_males=6_nmar=1,6,1
0,12,1000,0,73.0781497708765,250.27248098834912,36.72493704879057,0,0,0,300,D_pmar=0.054_dist=500_repair_6_males=6_nmar=1,6,1
0.054,9,1000,500,73.74662899811283,281.3183991968052,0,21,2.1000000000000005,2.886763979918974,300,D_pmar=0.054_dist=500_repair_6_males=6_nmar=1,6,1
0,6,0,0,69.83175363340266,284.1397613463555,6.060869686669774,0,0,0,301,D_pmar=0.054_dist=500_repair_6_males=6_nmar=1,6,1
0.054,2,0,500,71.36073334347026,283.92680745576064,0,15,1.5000000000000002,3.294254728660801,301,D_pmar=0.054_dist=500_repair_6_males=6_nmar=1,6,1
0,14,500,0,66.55770247059957,293.49314396003336,0,0,0,0,301,D_pmar=0.054_dist=500_repair_6_males=6_nmar=1,6,1
0,7,500,500,72.17831756283957,269.75954470019184,18.202536149120235,0,0,0,301,D_pmar=0.054_dist=500_repair_6_males=6_nmar=1,6,1
0,9,1000,0,70.25511311795974,241.2801104876636,48.513111085479665,0,0,0,301,D_pmar=0.054_dist=500_repair_6_males=6_nmar=1,6,1
0,16,1000,500,69.81409872679916,271.73806204682313,18.527093221895697,0,0,0,301,D_pmar=0.054_dist=500_repair_6_males=6_nmar=1,6,1
0,11,0,0,68.82983586158524,285.2613744026319,6.156763920064478,0,0,0,302,D_pmar=0.054_dist=500_repair_6_males=6_nmar=1,6,1
0,19,0,500,68.83772501472151,266.97316187955744,24.201376824219945,0,0,0,302,D_pmar=0.054_dist=500_repair_6_males=6_nmar=1,6,1
0,10,500,0,71.66471295404463,288.52440012054916,0,0,0,0,302,D_pmar=0.054_dist=500_repair_6_males=6_nmar=1,6,1
0.054,5,500,500,75.44464212484286,280.22348006171546,0,18,1.8000000000000005,2.602006683850335,302,D_pmar=0.054_dist=500_repair_6_males=6_nmar=1,6,1
0,4,1000,0,66.13637959727386,257.127417226088,36.852143543588674,0,0,0,302,D_pmar=0.054_dist=500_repair_6_males=6_nmar=1,6,1
0,5,1000,500,73.73180341063271,243.6199333429163,42.7361219208842,0,0,0,302,D_pmar=0.054_dist=500_repair_6_males=6_nmar=1,6,1
0,11,0,0,68.93839443037204,284.9918827635626,6.128697252509983,0,0,0,303,D_pmar=0.054_dist=500_repair_6_males=6_nmar=1,6,1
0,5,0,500,72.58970277164086,269.3411847342341,18.074063682249943,0,0,0,303,D_pmar=0.054_dist=500_repair_6_males=6_nmar=1,6,1
0,10,500,0,72.35990337251282,269.51727191705226,18.19107146825067,0,0,0,303,D_pmar=0.054_dist=500_repair_6_males=6_nmar=1,6,1
0.054,17,500,500,70.5091722007208,285.66783491720855,0,20,2.0000000000000004,1.8981481481481477,303,D_pmar=0.054_dist=500_repair_6_males=6_nmar=1,6,1
0,7,1000,0,71.9764599345665,245.636415147555,42.63845519609936,0,0,0,303,D_pmar=0.054_dist=500_repair_6_males=6_nmar=1,6,1
0,4,1000,500,71.93783515817331,251.51201699627592,36.58553798340693,0,0,0,303,D_pmar=0.054_dist=500_repair_6_males=6_nmar=1,6,1
0,3,0,0,70.53581400963101,289.68572870749864,0,0,0,0,304,D_pmar=0.054_dist=500_repair_6_males=6_nmar=1,6,1
0,9,0,500,71.81609322260682,270.1168661851853,18.18313798948804,0,0,0,304,D_pmar=0.054_dist=500_repair_6_males=6_nmar=1,6,1
0,19,500,0,73.57977413900508,262.1051381832612,24.47774686052121,0,0,0,304,D_pmar=0.054_dist=500_repair_6_males=6_nmar=1,6,1
0,8,500,500,72.77398797770628,275.0944821931187,12.215706832482326,0,0,0,304,D_pmar=0.054_dist=500_repair_6_males=6_nmar=1,6,1
0,6,1000,0,67.70965492823633,267.90679566021544,24.389720121182343,0,0,0,304,D_pmar=0.054_dist=500_repair_6_males=6_nmar=1,6,1
0.054,9,1000,500,71.17965392687873,284.6652829988324,0,13,1.3,2.865035940317146,304,D_pmar=0.054_dist=500_repair_6_males=6_nmar=1,6,1
0,13,0,0,71.13770032648326,264.5501479968588,24.43310040304698,0,0,0,305,D_pmar=0.054_dist=500_repair_6_males=6_nmar=1,6,1
0,5,0,500,67.88358968376801,261.48284662563685,30.748822115689585,0,0,0,305,D_pmar=0.054_dist=500_repair_6_males=6_nmar=1,6,1
0,7,500,0,69.37112588249484,230.96117212599123,59.90642671251838,0,0,0,305,D_pmar=0.054_dist=500_repair_6_males=6_nmar=1,6,1
0,7,500,500,73.3236377962327,286.8322504144774,0,0,0,0,305,D_pmar=0.054_dist=500_repair_6_males=6_nmar=1,6,1
0,13,1000,0,69.26926649796474,272.6351955165909,18.15436507814277,0,0,0,305,D_pmar=0.054_dist=500_repair_6_males=6_nmar=1,6,1
0.054,9,1000,500,76.01832584374026,279.49019983548413,0,22,2.2000000000000006,2.4093347481640115,305,D_pmar=0.054_dist=500_repair_6_males=6_nmar=1,6,1
0,14,0,0,74.87424786752167,285.35159141188285,0,0,0,0,306,D_pmar=0.054_dist=500_repair_6_males=6_nmar=1,6,1
0.054,8,0,500,71.57965571745403,284.1424793833208,0,18,1.8000000000000005,2.600513741668717,306,D_pmar=0.054_dist=500_repair_6_males=6_nmar=1,6,1
0,12,500,0,69.84920230355753,241.0165525488737,49.163484641757584,0,0,0,306,D_pmar=0.054_dist=500_repair_6_males=6_nmar=1,6,1
0,12,500,500,67.67251407031,273.89931471644246,18.482935469433475,0,0,0,306,D_pmar=0.054_dist=500_repair_6_males=6_nmar=1,6,1
0,6,1000,0,70.64245325874464,253.3548858646637,36.11179931100957,0,0,0,306,D_pmar=0.054_dist=500_repair_6_males=6_nmar=1,6,1
0,2,1000,500,70.36236494969158,283.5009761734183,6.140079869838418,0,0,0,306,D_pmar=0.054_dist=500_repair_6_males=6_nmar=1,6,1
0,9,0,0,69.53955859983,253.967099994616,36.722852766334896,0,0,0,307,D_pmar=0.054_dist=500_repair_6_males=6_nmar=1,6,1
0,10,0,500,70.97058297657135,258.53979418704847,30.860899595697266,0,0,0,307,D_pmar=0.054_dist=500_repair_6_males=6_nmar=1,6,1
0,7,500,0,68.05843929729339,273.4914595812482,18.570290248077164,0,0,0,307,D_pmar=0.054_dist=500_repair_6_males=6_nmar=1,6,1
0,2,500,500,72.72488469171809,287.44551715652665,0,0,0,0,307,D_pmar=0.054_dist=500_repair_6_males=6_nmar=1,6,1
0.054,18,1000,0,69.3359353249294,286.2854467832089,0,20,2.0000000000000004,2.6675015735532415,307,D_pmar=0.054_dist=500_repair_6_males=6_nmar=1,6,1
0,8,1000,500,73.00357766080069,250.43828648846196,36.57310493156242,0,0,0,307,D_pmar=0.054_dist=500_repair_6_males=6_nmar=1,6,1
0,7,0,0,72.7102513707302,257.0686197314495,30.274267152052804,0,0,0,308,D_pmar=0.054_dist=500_repair_6_males=6_nmar=1,6,1
0,11,0,500,70.54981665511058,235.0445050732377,54.435133852685375,0,0,0,308,D_pmar=0.054_dist=500_repair_6_males=6_nmar=1,6,1
0.054,8,500,0,69.92588695684996,284.9305768258064,0,19,1.9000000000000008,3.354567334366481,308,D_pmar=0.054_dist=500_repair_6_males=6_nmar=1,6,1
0,11,500,500,65.7455425649739,294.27991102548674,0,0,0,0,308,D_pmar=0.054_dist=500_repair_6_males=6_nmar=1,6,1
0,8,1000,0,70.97415111328066,270.9208430888545,18.260102567246555,0,0,0,308,D_pmar=0.054_dist=500_repair_6_males=6_nmar=1,6,1
0,9,1000,500,72.21029253187986,275.46899957785547,12.357021788471677,0,0,0,308,D_pmar=0.054_dist=500_repair_6_males=6_nmar=1,6,1
0,7,0,0,73.11783828113771,274.82046662040415,12.086698669539754,0,0,0,309,D_pmar=0.054_dist=500_repair_6_males=6_nmar=1,6,1
0,16,0,500,70.33268910792168,265.2147178993385,24.48395937429665,0,0,0,309,D_pmar=0.054_dist=500_repair_6_males=6_nmar=1,6,1
0,12,500,0,71.11767936163663,251.6277678588421,37.28496470220685,0,0,0,309,D_pmar=0.054_dist=500_repair_6_males=6_nmar=1,6,1
0,9,500,500,69.03029501667139,266.75110549754487,24.51981778903437,0,0,0,309,D_pmar=0.054_dist=500_repair_6_males=6_nmar=1,6,1
0,5,1000,0,72.62173919457148,281.3575367609884,6.054502767597039,0,0,0,309,D_pmar=0.054_dist=500_repair_6_males=6_nmar=1,6,1
0.054,5,1000,500,70.64491024340002,284.6720776814019,0,18,1.8000000000000005,3.049235415530994,309,D_pmar=0.054_dist=500_repair_6_males=6_nmar=1,6,1
0,17,0,0,70.78941547734512,276.962496462533,12.29046632084857,0,0,0,30,D_pmar=0.054_dist=500_repair_6_males=6_nmar=1,6,1
0.054,7,0,500,71.55310690177936,283.3827802930069,0,22,2.2000000000000006,3.088856485648444,30,D_pmar=0.054_dist=500_repair_6_males=6_nmar=1,6,1
0,6,500,0,71.7258472048751,270.09556859929404,18.19893796139631,0,0,0,30,D_pmar=0.054_dist=500_repair_6_males=6_nmar=1,6,1
0,9,500,500,73.27412071271965,243.8213654788946,42.976381018653186,0,0,0,30,D_pmar=0.054_dist=500_repair_6_males=6_nmar=1,6,1
0,9,1000,0,74.44170616086947,267.144703077931,18.48814859747036,0,0,0,30,D_pmar=0.054_dist=500_repair_6_males=6_nmar=1,6,1
0,6,1000,500,72.16929572361221,251.3929826010776,36.5062683339147,0,0,0,30,D_pmar=0.054_dist=500_repair_6_males=6_nmar=1,6,1
0.054,9,0,0,70.42026321495574,285.15373451440394,0,16,1.6000000000000003,2.9714706566700775,310,D_pmar=0.054_dist=500_repair_6_males=6_nmar=1,6,1
0,10,0,500,70.05698791040327,271.87878719650695,18.262446842509377,0,0,0,310,D_pmar=0.054_dist=500_repair_6_males=6_nmar=1,6,1
0,6,500,0,71.28317554130727,276.50269657546016,12.222935766716624,0,0,0,310,D_pmar=0.054_dist=500_repair_6_males=6_nmar=1,6,1
0,5,500,500,76.04935277838015,265.7039761480966,18.25045390370819,0,0,0,310,D_pmar=0.054_dist=500_repair_6_males=6_nmar=1,6,1
0,12,1000,0,75.13609656935667,260.57041869136015,24.400278758521768,0,0,0,310,D_pmar=0.054_dist=500_repair_6_males=6_nmar=1,6,1
0,12,1000,500,72.74186066964977,262.934056160235,24.48885997108114,0,0,0,310,D_pmar=0.054_dist=500_repair_6_males=6_nmar=1,6,1
0,15,0,0,69.13234810528417,278.6347631527936,12.316857751713837,0,0,0,311,D_pmar=0.054_dist=500_repair_6_males=6_nmar=1,6,1
0,4,0,500,69.99491259981353,277.66233072775253,12.3766545578131,0,0,0,311,D_pmar=0.054_dist=500_repair_6_males=6_nmar=1,6,1
0.054,14,500,0,69.01180297870273,287.13154361793374,0,16,1.6000000000000003,2.3190686616683704,311,D_pmar=0.054_dist=500_repair_6_males=6_nmar=1,6,1
0,4,500,500,73.86007962735903,279.93019614960537,6.262619291174819,0,0,0,311,D_pmar=0.054_dist=500_repair_6_males=6_nmar=1,6,1
0,13,1000,0,70.43094970804731,265.3874097650018,24.35919626698424,0,0,0,311,D_pmar=0.054_dist=500_repair_6_males=6_nmar=1,6,1
0,4,1000,500,70.45780403669781,246.74680296357187,42.814370669948595,0,0,0,311,D_pmar=0.054_dist=500_repair_6_males=6_nmar=1,6,1
0,11,0,0,69.18778162921045,260.1877307304005,30.80600138666288,0,0,0,312,D_pmar=0.054_dist=500_repair_6_males=6_nmar=1,6,1
0,7,0,500,73.45796009998776,256.0857363922947,30.472416625267513,0,0,0,312,D_pmar=0.054_dist=500_repair_6_males=6_nmar=1,6,1
0,11,500,0,71.31229777099064,276.6703244348434,12.109367140975513,0,0,0,312,D_pmar=0.054_dist=500_repair_6_males=6_nmar=1,6,1
0.054,14,500,500,71.85453230822627,284.35344803920754,0,19,1.9000000000000008,2.0052642823604048,312,D_pmar=0.054_dist=500_repair_6_males=6_nmar=1,6,1
0,5,1000,0,72.00325337350337,245.50538316932713,42.5493070066763,0,0,0,312,D_pmar=0.054_dist=500_repair_6_males=6_nmar=1,6,1
0,6,1000,500,73.11888396395466,286.9856968811515,0,0,0,0,312,D_pmar=0.054_dist=500_repair_6_males=6_nmar=1,6,1
0,9,0,0,71.99644772823272,269.5429744122743,18.539721715102015,0,0,0,313,D_pmar=0.054_dist=500_repair_6_males=6_nmar=1,6,1
0,10,0,500,71.21775034257152,282.91872519034536,6.023765277418738,0,0,0,313,D_pmar=0.054_dist=500_repair_6_males=6_nmar=1,6,1
0,7,500,0,75.18195604534272,260.6576100807428,24.23724572166232,0,0,0,313,D_pmar=0.054_dist=500_repair_6_males=6_nmar=1,6,1
0,9,500,500,72.73176960584301,256.9466166379587,30.486332526365484,0,0,0,313,D_pmar=0.054_dist=500_repair_6_males=6_nmar=1,6,1
0.054,13,1000,0,72.81548146956891,283.0345613071831,0,16,1.6000000000000003,2.7095792562306142,313,D_pmar=0.054_dist=500_repair_6_males=6_nmar=1,6,1
0,6,1000,500,71.62392560700248,270.0863285876182,18.362688205473795,0,0,0,313,D_pmar=0.054_dist=500_repair_6_males=6_nmar=1,6,1
0,11,0,0,69.2157742462569,266.53226951221154,24.417577690376728,0,0,0,314,D_pmar=0.054_dist=500_repair_6_males=6_nmar=1,6,1
0.054,9,0,500,73.03361822619487,282.7434131483349,0,17,1.7000000000000004,2.539824010215723,314,D_pmar=0.054_dist=500_repair_6_males=6_nmar=1,6,1
0,2,500,0,72.93572980345287,262.563949825685,24.50510478792963,0,0,0,314,D_pmar=0.054_dist=500_repair_6_males=6_nmar=1,6,1
0,7,500,500,70.04233880033284,271.597534224191,18.440267554490823,0,0,0,314,D_pmar=0.054_dist=500_repair_6_males=6_nmar=1,6,1
0,11,1000,0,68.27654617846551,285.8798388843655,6.09223488720266,0,0,0,314,D_pmar=0.054_dist=500_repair_6_males=6_nmar=1,6,1
0,14,1000,500,67.7642539339437,265.78508400828014,26.573200487873535,0,0,0,314,D_pmar=0.054_dist=500_repair_6_males=6_nmar=1,6,1
0.054,6,0,0,70.69138424744449,285.7253876741368,0,12,1.2,2.4098640199673307,315,D_pmar=0.054_dist=500_repair_6_males=6_nmar=1,6,1
0,7,0,500,70.8056547601596,283.1386220826127,6.219933205519085,0,0,0,315,D_pmar=0.054_dist=500_repair_6_males=6_nmar=1,6,1
0,8,500,0,69.18048149247693,254.82375848653717,36.27011830652934,0,0,0,315,D_pmar=0.054_dist=500_repair_6_males=6_nmar=1,6,1
0,6,500,500,69.01117308524647,291.0364936352873,0,0,0,0,315,D_pmar=0.054_dist=500_repair_6_males=6_nmar=1,6,1
0,7,1000,0,66.61067711044592,262.97441698655524,30.500648470736692,0,0,0,315,D_pmar=0.054_dist=500_repair_6_males=6_nmar=1,6,1
0,20,1000,500,69.58905847926935,290.5630638825435,0,0,0,0,315,D_pmar=0.054_dist=500_repair_6_males=6_nmar=1,6,1
0,11,0,0,71.0601622821831,246.2330262002311,42.75425094855797,0,0,0,316,D_pmar=0.054_dist=500_repair_6_males=6_nmar=1,6,1
0,8,0,500,69.35528435202502,266.23034249763924,24.419600199148142,0,0,0,316,D_pmar=0.054_dist=500_repair_6_males=6_nmar=1,6,1
0,5,500,0,72.42363982372933,277.8976902993715,9.77513258154652,0,0,0,316,D_pmar=0.054_dist=500_repair_6_males=6_nmar=1,6,1
0,9,500,500,69.70329681486116,247.61106759999896,42.88515525438447,0,0,0,316,D_pmar=0.054_dist=500_repair_6_males=6_nmar=1,6,1
0.054,11,1000,0,72.23084826707998,283.14699608270257,0,22,2.2000000000000006,2.4537037037037064,316,D_pmar=0.054_dist=500_repair_6_males=6_nmar=1,6,1
0,10,1000,500,74.37003066200873,273.4733696177683,12.158503954907257,0,0,0,316,D_pmar=0.054_dist=500_repair_6_males=6_nmar=1,6,1
0,9,0,0,69.24394681534606,290.8544073585848,0,0,0,0,317,D_pmar=0.054_dist=500_repair_6_males=6_nmar=1,6,1
0.054,5,0,500,69.13361173438595,286.3859253032131,0,18,1.8000000000000005,2.7301914793981332,317,D_pmar=0.054_dist=500_repair_6_males=6_nmar=1,6,1
0,11,500,0,72.27339922228806,233.28130565318736,54.564562270479165,0,0,0,317,D_pmar=0.054_dist=500_repair_6_males=6_nmar=1,6,1
0,15,500,500,72.90996089022313,244.9325508148544,42.351827773068706,0,0,0,317,D_pmar=0.054_dist=500_repair_6_males=6_nmar=1,6,1
0,8,1000,0,70.44537666655955,283.6194262101612,6.096618844714531,0,0,0,317,D_pmar=0.054_dist=500_repair_6_males=6_nmar=1,6,1
0,6,1000,500,70.60535105041141,283.31198187439946,6.137868525051832,0,0,0,317,D_pmar=0.054_dist=500_repair_6_males=6_nmar=1,6,1
0,3,0,0,72.43865744611102,244.9287295593935,42.78454964271992,0,0,0,318,D_pmar=0.054_dist=500_repair_6_males=6_nmar=1,6,1
0.054,13,0,500,65.21676900486224,290.14810146366,0,22,2.2000000000000006,2.4586389684165866,318,D_pmar=0.054_dist=500_repair_6_males=6_nmar=1,6,1
0,7,500,0,74.8153848176366,285.20751697762995,0,0,0,0,318,D_pmar=0.054_dist=500_repair_6_males=6_nmar=1,6,1
0,15,500,500,72.03455814536284,275.7105798966561,12.300631379277236,0,0,0,318,D_pmar=0.054_dist=500_repair_6_males=6_nmar=1,6,1
0,7,1000,0,74.52003906387326,230.38193679473295,55.22850614575409,0,0,0,318,D_pmar=0.054_dist=500_repair_6_males=6_nmar=1,6,1
0,9,1000,500,67.48343307835297,268.16569946306623,24.43609741165448,0,0,0,318,D_pmar=0.054_dist=500_repair_6_males=6_nmar=1,6,1
0,11,0,0,67.98841304757129,261.3261432380677,30.722492075145507,0,0,0,319,D_pmar=0.054_dist=500_repair_6_males=6_nmar=1,6,1
0,8,0,500,69.15595271959504,290.9243297582321,0,0,0,0,319,D_pmar=0.054_dist=500_repair_6_males=6_nmar=1,6,1
0,11,500,0,67.17390939342113,268.6641364524059,24.26863551715429,0,0,0,319,D_pmar=0.054_dist=500_repair_6_males=6_nmar=1,6,1
0.054,9,500,500,71.1261406328635,285.3226672672863,0,16,1.6000000000000003,2.2916666666666687,319,D_pmar=0.054_dist=500_repair_6_males=6_nmar=1,6,1
0,8,1000,0,71.74961647851151,251.74156493919855,36.57415367002158,0,0,0,319,D_pmar=0.054_dist=500_repair_6_males=6_nmar=1,6,1
0,7,1000,500,71.85079279528135,282.1890064857097,6.06752533423087,0,0,0,319,D_pmar=0.054_dist=500_repair_6_males=6_nmar=1,6,1
0,8,0,0,72.56275519681417,287.4944520207027,0,0,0,0,31,D_pmar=0.054_dist=500_repair_6_males=6_nmar=1,6,1
0,5,0,500,73.79453205963736,268.21894517435885,18.281851899498136,0,0,0,31,D_pmar=0.054_dist=500_repair_6_males=6_nmar=1,6,1
0,14,500,0,69.55431842142633,259.96372379366125,30.513097631819296,0,0,0,31,D_pmar=0.054_dist=500_repair_6_males=6_nmar=1,6,1
0,8,500,500,70.75782488950681,246.50858917544733,42.82247299121985,0,0,0,31,D_pmar=0.054_dist=500_repair_6_males=6_nmar=1,6,1
0.054,11,1000,0,68.10967582519724,287.7605613911598,0,18,1.8000000000000005,2.4951948417500924,31,D_pmar=0.054_dist=500_repair_6_males=6_nmar=1,6,1
0,8,1000,500,70.85563883314889,270.99604279115727,18.23686765952023,0,0,0,31,D_pmar=0.054_dist=500_repair_6_males=6_nmar=1,6,1
0,11,0,0,68.41539339856874,279.57544335943516,12.042189630674146,0,0,0,320,D_pmar=0.054_dist=500_repair_6_males=6_nmar=1,6,1
0,4,0,500,71.89039828050362,264.02851185500174,24.15036299777172,0,0,0,320,D_pmar=0.054_dist=500_repair_6_males=6_nmar=1,6,1
0,13,500,0,75.37587093552789,254.0348907381755,30.678780736861913,0,0,0,320,D_pmar=0.054_dist=500_repair_6_males=6_nmar=1,6,1
0.054,14,500,500,68.51368289799852,286.34974066151517,0,25,2.500000000000001,2.699027308945529,320,D_pmar=0.054_dist=500_repair_6_males=6_nmar=1,6,1
0,7,1000,0,73.98679048104371,255.60732597439892,30.42164942913767,0,0,0,320,D_pmar=0.054_dist=500_repair_6_males=6_nmar=1,6,1
0,5,1000,500,71.42399990595595,234.18378435510851,54.54242506775685,0,0,0,320,D_pmar=0.054_dist=500_repair_6_males=6_nmar=1,6,1
0,5,0,0,73.15340635628849,281.15834676152963,6.055354032249989,0,0,0,321,D_pmar=0.054_dist=500_repair_6_males=6_nmar=1,6,1
0,17,0,500,74.455751293461,261.1217124662509,24.440947571798645,0,0,0,321,D_pmar=0.054_dist=500_repair_6_males=6_nmar=1,6,1
0,7,500,0,69.23405859336665,260.349542448481,30.524469950587868,0,0,0,321,D_pmar=0.054_dist=500_repair_6_males=6_nmar=1,6,1
0,10,500,500,69.20942936989084,274.2325456279519,16.970875688898122,0,0,0,321,D_pmar=0.054_dist=500_repair_6_males=6_nmar=1,6,1
0,5,1000,0,72.70501423155336,275.3542615379786,12.188072310730206,0,0,0,321,D_pmar=0.054_dist=500_repair_6_males=6_nmar=1,6,1
0.054,10,1000,500,69.45328971282098,286.5614636689842,0,15,1.5000000000000002,2.6160229932597203,321,D_pmar=0.054_dist=500_repair_6_males=6_nmar=1,6,1
0.054,6,0,0,69.87402402259099,286.1650696507097,0,13,1.3,2.665609466031269,322,D_pmar=0.054_dist=500_repair_6_males=6_nmar=1,6,1
0,8,0,500,72.07265710495288,247.37595929115375,40.79916792645081,0,0,0,322,D_pmar=0.054_dist=500_repair_6_males=6_nmar=1,6,1
0,8,500,0,73.20280146128198,280.8415616058877,6.094423409230527,0,0,0,322,D_pmar=0.054_dist=500_repair_6_males=6_nmar=1,6,1
0,14,500,500,70.38492980625874,283.6206311978197,6.122624069829237,0,0,0,322,D_pmar=0.054_dist=500_repair_6_males=6_nmar=1,6,1
0,8,1000,0,67.71551644371786,286.5139026735196,6.074967404876465,0,0,0,322,D_pmar=0.054_dist=500_repair_6_males=6_nmar=1,6,1
0,10,1000,500,72.69952928487993,269.2459073985228,18.24449378277718,0,0,0,322,D_pmar=0.054_dist=500_repair_6_males=6_nmar=1,6,1
0,10,0,0,68.75068204503084,285.2876747899787,6.081337258791103,0,0,0,323,D_pmar=0.054_dist=500_repair_6_males=6_nmar=1,6,1
0,13,0,500,73.03437902671587,274.7028423276182,12.269629309953416,0,0,0,323,D_pmar=0.054_dist=500_repair_6_males=6_nmar=1,6,1
0,3,500,0,73.93287106816604,273.971039974513,12.156957336433956,0,0,0,323,D_pmar=0.054_dist=500_repair_6_males=6_nmar=1,6,1
0,10,500,500,72.3967510481277,257.17345269535565,30.434262489030093,0,0,0,323,D_pmar=0.054_dist=500_repair_6_males=6_nmar=1,6,1
0,11,1000,0,68.95898684822993,278.99905705143067,12.138845255168054,0,0,0,323,D_pmar=0.054_dist=500_repair_6_males=6_nmar=1,6,1
0.054,7,1000,500,71.31168669274327,285.07502366966617,0,12,1.2,2.429192719836907,323,D_pmar=0.054_dist=500_repair_6_males=6_nmar=1,6,1
0,7,0,0,73.16575488427789,244.1584501795529,42.71967014763462,0,0,0,324,D_pmar=0.054_dist=500_repair_6_males=6_nmar=1,6,1
0.054,7,0,500,73.93055077020331,281.78900442310476,0,17,1.7000000000000004,2.8842124941307157,324,D_pmar=0.054_dist=500_repair_6_males=6_nmar=1,6,1
0,13,500,0,70.33652402794674,277.6483913965367,12.236049472459229,0,0,0,324,D_pmar=0.054_dist=500_repair_6_males=6_nmar=1,6,1
0,15,500,500,72.19387268773723,281.84185675711325,6.093682035395992,0,0,0,324,D_pmar=0.054_dist=500_repair_6_males=6_nmar=1,6,1
0,6,1000,0,70.700890458552,289.3348127211501,0,0,0,0,324,D_pmar=0.054_dist=500_repair_6_males=6_nmar=1,6,1
0,6,1000,500,70.66028518752161,248.90822832092377,40.509073475449874,0,0,0,324,D_pmar=0.054_dist=500_repair_6_males=6_nmar=1,6,1
0,12,0,0,69.45436798941813,290.629821424343,0,0,0,0,325,D_pmar=0.054_dist=500_repair_6_males=6_nmar=1,6,1
0,9,0,500,68.14191705428455,285.8482129017034,6.015867854810344,0,0,0,325,D_pmar=0.054_dist=500_repair_6_males=6_nmar=1,6,1
0,6,500,0,73.92673581394781,255.62602293527817,30.47857573609782,0,0,0,325,D_pmar=0.054_dist=500_repair_6_males=6_nmar=1,6,1
0,15,500,500,69.28991488813162,284.86450793407073,6.030163903142577,0,0,0,325,D_pmar=0.054_dist=500_repair_6_males=6_nmar=1,6,1
0,7,1000,0,68.80806450083729,242.4483898335628,48.80221337078731,0,0,0,325,D_pmar=0.054_dist=500_repair_6_males=6_nmar=1,6,1
0.054,5,1000,500,73.49985033082066,282.2693686123353,0,15,1.5000000000000002,2.7555712604148956,325,D_pmar=0.054_dist=500_repair_6_males=6_nmar=1,6,1
0,10,0,0,73.32474694306343,244.2067060874136,42.67799299147674,0,0,0,326,D_pmar=0.054_dist=500_repair_6_males=6_nmar=1,6,1
0,9,0,500,69.78909983866528,259.92900707169895,30.466428461962533,0,0,0,326,D_pmar=0.054_dist=500_repair_6_males=6_nmar=1,6,1
0,8,500,0,73.66759327315242,280.36769979774425,6.083927334789667,0,0,0,326,D_pmar=0.054_dist=500_repair_6_males=6_nmar=1,6,1
0,4,500,500,68.54030572362946,279.4704905542304,12.230086804049876,0,0,0,326,D_pmar=0.054_dist=500_repair_6_males=6_nmar=1,6,1
0.054,13,1000,0,68.39134243796295,287.2808765060264,0,17,1.7000000000000004,2.645751494358374,326,D_pmar=0.054_dist=500_repair_6_males=6_nmar=1,6,1
0,10,1000,500,70.95891066695786,277.11148483669837,12.012193407737849,0,0,0,326,D_pmar=0.054_dist=500_repair_6_males=6_nmar=1,6,1
0,4,0,0,75.92964534817642,259.4005847462377,24.70653885731079,0,0,0,327,D_pmar=0.054_dist=500_repair_6_males=6_nmar=1,6,1
0,4,0,500,73.90122229578151,255.7826509427772,30.443624458631184,0,0,0,327,D_pmar=0.054_dist=500_repair_6_males=6_nmar=1,6,1
0,10,500,0,66.92371054852859,269.00666549953013,24.268770008135064,0,0,0,327,D_pmar=0.054_dist=500_repair_6_males=6_nmar=1,6,1
0,15,500,500,68.62507669316032,291.38613206069004,0,0,0,0,327,D_pmar=0.054_dist=500_repair_6_males=6_nmar=1,6,1
0.054,14,1000,0,68.87530905792667,287.6879805588405,0,16,1.6000000000000003,1.9206148784369703,327,D_pmar=0.054_dist=500_repair_6_males=6_nmar=1,6,1
0,7,1000,500,70.90785510883248,270.60921910403897,18.561299133675504,0,0,0,327,D_pmar=0.054_dist=500_repair_6_males=6_nmar=1,6,1
0,13,0,0,69.49825323701467,254.31198063025272,36.460098361847166,0,0,0,328,D_pmar=0.054_dist=500_repair_6_males=6_nmar=1,6,1
0,11,0,500,68.42207189960742,291.6619335227903,0,0,0,0,328,D_pmar=0.054_dist=500_repair_6_males=6_nmar=1,6,1
0,9,500,0,70.66583219831801,289.5048221723868,0,0,0,0,328,D_pmar=0.054_dist=500_repair_6_males=6_nmar=1,6,1
0,5,500,500,70.44749251860223,283.32721115850654,6.249113352054403,0,0,0,328,D_pmar=0.054_dist=500_repair_6_males=6_nmar=1,6,1
0.054,7,1000,0,70.69967344140824,286.20154219615307,0,11,1.1,2.111946017997681,328,D_pmar=0.054_dist=500_repair_6_males=6_nmar=1,6,1
0,9,1000,500,74.62565125714745,261.05554529589017,24.54576220927856,0,0,0,328,D_pmar=0.054_dist=500_repair_6_males=6_nmar=1,6,1
0,8,0,0,69.24798240325481,242.23957365810793,48.57483124381556,0,0,0,329,D_pmar=0.054_dist=500_repair_6_males=6_nmar=1,6,1
0,13,0,500,72.57173734472684,287.4806825154359,0,0,0,0,329,D_pmar=0.054_dist=500_repair_6_males=6_nmar=1,6,1
0,14,500,0,69.27767653302267,268.07985738082095,22.890241192441017,0,0,0,329,D_pmar=0.054_dist=500_repair_6_males=6_nmar=1,6,1
0,7,500,500,69.24890677151666,272.43302632005793,18.32401600298745,0,0,0,329,D_pmar=0.054_dist=500_repair_6_males=6_nmar=1,6,1
0.054,7,1000,0,71.3630097728754,284.85966232342287,0,16,1.6000000000000003,2.2736567233296667,329,D_pmar=0.054_dist=500_repair_6_males=6_nmar=1,6,1
0,5,1000,500,72.63492912711206,281.4285172256861,6.000539509812822,0,0,0,329,D_pmar=0.054_dist=500_repair_6_males=6_nmar=1,6,1
0,15,0,0,68.48861287906574,267.11318381286264,24.42664317758676,0,0,0,32,D_pmar=0.054_dist=500_repair_6_males=6_nmar=1,6,1
0,11,0,500,68.18172479113176,279.758777629289,12.192474258595617,0,0,0,32,D_pmar=0.054_dist=500_repair_6_males=6_nmar=1,6,1
0,11,500,0,72.8942384218631,287.2460115281612,0,0,0,0,32,D_pmar=0.054_dist=500_repair_6_males=6_nmar=1,6,1
0,7,500,500,70.27768087170186,265.33702029777714,24.427873289166527,0,0,0,32,D_pmar=0.054_dist=500_repair_6_males=6_nmar=1,6,1
0.054,5,1000,0,69.74476854841538,286.49600903584974,0,13,1.3,2.5171323002355943,32,D_pmar=0.054_dist=500_repair_6_males=6_nmar=1,6,1
0,5,1000,500,70.26878505775633,271.61838631183576,18.212611194061164,0,0,0,32,D_pmar=0.054_dist=500_repair_6_males=6_nmar=1,6,1
0,7,0,0,70.4620566047094,271.24112182702095,18.302358036677344,0,0,0,330,D_pmar=0.054_dist=500_repair_6_males=6_nmar=1,6,1
0,6,0,500,68.46158868765615,291.7100045580005,0,0,0,0,330,D_pmar=0.054_dist=500_repair_6_males=6_nmar=1,6,1
0.054,18,500,0,69.83027709990735,286.2913586306841,0,16,1.6000000000000003,2.2916666666666687,330,D_pmar=0.054_dist=500_repair_6_males=6_nmar=1,6,1
0,4,500,500,71.60417666522655,239.89418460695677,48.820064941574365,0,0,0,330,D_pmar=0.054_dist=500_repair_6_males=6_nmar=1,6,1
0,12,1000,0,70.90643014150305,271.1249874087942,18.145452023048865,0,0,0,330,D_pmar=0.054_dist=500_repair_6_males=6_nmar=1,6,1
0,7,1000,500,72.17044767706015,275.5580994716289,12.443228363094477,0,0,0,330,D_pmar=0.054_dist=500_repair_6_males=6_nmar=1,6,1
0,10,0,0,68.30510263728765,291.7783425135073,0,0,0,0,331,D_pmar=0.054_dist=500_repair_6_males=6_nmar=1,6,1
0,8,0,500,71.09822284361655,258.0162227995638,30.93721504175564,0,0,0,331,D_pmar=0.054_dist=500_repair_6_males=6_nmar=1,6,1
0,18,500,0,67.94590028246577,280.02494665044384,12.143510641761804,0,0,0,331,D_pmar=0.054_dist=500_repair_6_males=6_nmar=1,6,1
0,3,500,500,71.54355958720684,288.48747160812627,0,0,0,0,331,D_pmar=0.054_dist=500_repair_6_males=6_nmar=1,6,1
0.054,7,1000,0,73.03961490840126,283.2326310749549,0,12,1.2,2.689286885982737,331,D_pmar=0.054_dist=500_repair_6_males=6_nmar=1,6,1
0,8,1000,500,68.47108601001571,261.4820464517336,30.360164910707702,0,0,0,331,D_pmar=0.054_dist=500_repair_6_males=6_nmar=1,6,1
0.054,13,0,0,68.7714349325563,287.709935056154,0,14,1.4,2.3875494357345155,332,D_pmar=0.054_dist=500_repair_6_males=6_nmar=1,6,1
0,7,0,500,70.15312275929823,283.8091883389691,6.180578581139956,0,0,0,332,D_pmar=0.054_dist=500_repair_6_males=6_nmar=1,6,1
0,5,500,0,67.78137074325963,292.26849741250925,0,0,0,0,332,D_pmar=0.054_dist=500_repair_6_males=6_nmar=1,6,1
0,10,500,500,72.46298579464569,269.5164923842237,18.17814172582712,0,0,0,332,D_pmar=0.054_dist=500_repair_6_males=6_nmar=1,6,1
0,14,1000,0,71.50950417658638,245.7830514313773,42.7667020523633,0,0,0,332,D_pmar=0.054_dist=500_repair_6_males=6_nmar=1,6,1
0,5,1000,500,72.32311661676502,269.5598889605179,18.182192093403728,0,0,0,332,D_pmar=0.054_dist=500_repair_6_males=6_nmar=1,6,1
0,14,0,0,72.91808165745842,245.0973550541913,42.024560775693146,0,0,0,333,D_pmar=0.054_dist=500_repair_6_males=6_nmar=1,6,1
0,1,0,500,72.3999880564898,287.606477996873,0,0,0,0,333,D_pmar=0.054_dist=500_repair_6_males=6_nmar=1,6,1
0.054,15,500,0,72.83035678976972,282.03474940400764,0,22,2.2000000000000006,2.9980038545218175,333,D_pmar=0.054_dist=500_repair_6_males=6_nmar=1,6,1
0,5,500,500,69.6702315660779,241.9299750818291,48.74002134086732,0,0,0,333,D_pmar=0.054_dist=500_repair_6_males=6_nmar=1,6,1
0,9,1000,0,73.96493649167638,267.77629897380166,18.36576714726971,0,0,0,333,D_pmar=0.054_dist=500_repair_6_males=6_nmar=1,6,1
0,10,1000,500,71.99547577674039,263.80061856500856,24.22196174138125,0,0,0,333,D_pmar=0.054_dist=500_repair_6_males=6_nmar=1,6,1
0,12,0,0,72.97042316139914,250.36530166579237,36.72711004349141,0,0,0,334,D_pmar=0.054_dist=500_repair_6_males=6_nmar=1,6,1
0,8,0,500,69.65818148949175,260.0261323646805,30.43979810530568,0,0,0,334,D_pmar=0.054_dist=500_repair_6_males=6_nmar=1,6,1
0,12,500,0,73.22498717915757,268.6503899624306,18.25544481116728,0,0,0,334,D_pmar=0.054_dist=500_repair_6_males=6_nmar=1,6,1
0.054,7,500,500,71.01873892995788,285.4096053659101,0,14,1.4,2.277425377565979,334,D_pmar=0.054_dist=500_repair_6_males=6_nmar=1,6,1
0,10,1000,0,72.55202080130319,287.4725742401204,0,0,0,0,334,D_pmar=0.054_dist=500_repair_6_males=6_nmar=1,6,1
0,5,1000,500,72.80036478999624,287.4848555700044,0,0,0,0,334,D_pmar=0.054_dist=500_repair_6_males=6_nmar=1,6,1
0,11,0,0,66.99380305786171,293.1690259135251,0,0,0,0,335,D_pmar=0.054_dist=500_repair_6_males=6_nmar=1,6,1
0,10,0,500,72.4028223926498,281.62328633908464,6.028675595856832,0,0,0,335,D_pmar=0.054_dist=500_repair_6_males=6_nmar=1,6,1
0,10,500,0,69.63990387820903,260.13121676093124,30.40242337729312,0,0,0,335,D_pmar=0.054_dist=500_repair_6_males=6_nmar=1,6,1
0,4,500,500,71.19730689174604,209.73691164874708,79.26185160940621,0,0,0,335,D_pmar=0.054_dist=500_repair_6_males=6_nmar=1,6,1
0.054,7,1000,0,67.72895704744714,287.4835600580449,0,20,2.0000000000000004,3.0367120483032286,335,D_pmar=0.054_dist=500_repair_6_males=6_nmar=1,6,1
0,12,1000,500,70.2347000830512,283.8695709896016,6.047504992979748,0,0,0,335,D_pmar=0.054_dist=500_repair_6_males=6_nmar=1,6,1
0,16,0,0,72.39793371872494,257.1398538563296,30.547351228149346,0,0,0,336,D_pmar=0.054_dist=500_repair_6_males=6_nmar=1,6,1
0,5,0,500,68.5096537569798,267.35529765106384,24.176099680457924,0,0,0,336,D_pmar=0.054_dist=500_repair_6_males=6_nmar=1,6,1
0,14,500,0,71.03985516893164,270.93382752437424,18.171221780760977,0,0,0,336,D_pmar=0.054_dist=500_repair_6_males=6_nmar=1,6,1
0,2,500,500,69.55789816641553,284.48526873594955,6.010197437590714,0,0,0,336,D_pmar=0.054_dist=500_repair_6_males=6_nmar=1,6,1
0,5,1000,0,70.44406945682755,277.5207254023046,12.181887086503696,0,0,0,336,D_pmar=0.054_dist=500_repair_6_males=6_nmar=1,6,1
0.054,12,1000,500,70.65346207817178,285.10954142371355,0,15,1.5000000000000002,2.757238388245563,336,D_pmar=0.054_dist=500_repair_6_males=6_nmar=1,6,1
0,8,0,0,71.54390712266708,276.2708179959923,12.216241482406948,0,0,0,337,D_pmar=0.054_dist=500_repair_6_males=6_nmar=1,6,1
0,7,0,500,74.2008818906199,279.7721826937272,6.154547132743962,0,0,0,337,D_pmar=0.054_dist=500_repair_6_males=6_nmar=1,6,1
0.054,1,500,0,74.37377861606589,281.93117522452974,0,12,1.2,2.5049640191621054,337,D_pmar=0.054_dist=500_repair_6_males=6_nmar=1,6,1
0,9,500,500,70.26407348058247,263.99502895043395,25.78154803435388,0,0,0,337,D_pmar=0.054_dist=500_repair_6_males=6_nmar=1,6,1
0,16,1000,0,65.16766718093464,276.40193422690436,18.460711752493683,0,0,0,337,D_pmar=0.054_dist=500_repair_6_males=6_nmar=1,6,1
0,13,1000,500,69.35253607382191,284.6803970851613,6.057824169125869,0,0,0,337,D_pmar=0.054_dist=500_repair_6_males=6_nmar=1,6,1
0,13,0,0,67.49986543704897,262.1801317908492,30.516364681279548,0,0,0,338,D_pmar=0.054_dist=500_repair_6_males=6_nmar=1,6,1
0.054,7,0,500,72.45077780902952,284.35847822396255,0,11,1.1,2.1058000636221568,338,D_pmar=0.054_dist=500_repair_6_males=6_nmar=1,6,1
0,5,500,0,70.87334609853963,289.21181174393837,0,0,0,0,338,D_pmar=0.054_dist=500_repair_6_males=6_nmar=1,6,1
0,5,500,500,72.07990227956752,288.0746908554066,0,0,0,0,338,D_pmar=0.054_dist=500_repair_6_males=6_nmar=1,6,1
0,12,1000,0,70.38909461983076,283.8934418258562,6.078063478707629,0,0,0,338,D_pmar=0.054_dist=500_repair_6_males=6_nmar=1,6,1
0,12,1000,500,69.65550159390642,259.89118684702476,30.510081372829163,0,0,0,338,D_pmar=0.054_dist=500_repair_6_males=6_nmar=1,6,1
0,9,0,0,67.65617923787082,255.53245272233903,36.94548894973855,0,0,0,339,D_pmar=0.054_dist=500_repair_6_males=6_nmar=1,6,1
0,11,0,500,73.31710830204001,262.3346622977708,24.38129868292662,0,0,0,339,D_pmar=0.054_dist=500_repair_6_males=6_nmar=1,6,1
0.054,11,500,0,70.91760988834987,284.63747978111576,0,20,2.0000000000000004,2.7099563819779275,339,D_pmar=0.054_dist=500_repair_6_males=6_nmar=1,6,1
0,3,500,500,71.35244868971307,270.48477080993683,18.35814009286415,0,0,0,339,D_pmar=0.054_dist=500_repair_6_males=6_nmar=1,6,1
0,11,1000,0,68.10466624085379,255.63776667393708,36.44667150545367,0,0,0,339,D_pmar=0.054_dist=500_repair_6_males=6_nmar=1,6,1
0,9,1000,500,68.2420135725951,285.74618643239023,6.0143215176777165,0,0,0,339,D_pmar=0.054_dist=500_repair_6_males=6_nmar=1,6,1
0,14,0,0,66.24866527494152,257.33044359757054,36.53660675609944,0,0,0,33,D_pmar=0.054_dist=500_repair_6_males=6_nmar=1,6,1
0.054,5,0,500,67.00075939404448,288.5741398702106,0,17,1.7000000000000004,2.7514695596173504,33,D_pmar=0.054_dist=500_repair_6_males=6_nmar=1,6,1
0,6,500,0,73.35860974334186,262.1384713862091,24.600829915972525,0,0,0,33,D_pmar=0.054_dist=500_repair_6_males=6_nmar=1,6,1
0,9,500,500,70.21330256098669,289.94555442649096,0,0,0,0,33,D_pmar=0.054_dist=500_repair_6_males=6_nmar=1,6,1
0,10,1000,0,71.58605059616913,282.2588421842823,6.161094804399347,0,0,0,33,D_pmar=0.054_dist=500_repair_6_males=6_nmar=1,6,1
0,10,1000,500,68.04821173790324,255.25103370107863,36.74029740239552,0,0,0,33,D_pmar=0.054_dist=500_repair_6_males=6_nmar=1,6,1
0,9,0,0,68.16604167251549,249.3783844894293,42.48708114962987,0,0,0,340,D_pmar=0.054_dist=500_repair_6_males=6_nmar=1,6,1
0,5,0,500,72.49982122920102,287.5237090698102,0,0,0,0,340,D_pmar=0.054_dist=500_repair_6_males=6_nmar=1,6,1
0.054,7,500,0,72.6183484600663,283.439398322898,0,15,1.5000000000000002,2.5679294626697904,340,D_pmar=0.054_dist=500_repair_6_males=6_nmar=1,6,1
0,10,500,500,71.5850985974741,265.77827174867974,22.69734042245866,0,0,0,340,D_pmar=0.054_dist=500_repair_6_males=6_nmar=1,6,1
0,12,1000,0,65.96568614262392,269.6936627066235,24.385281706201223,0,0,0,340,D_pmar=0.054_dist=500_repair_6_males=6_nmar=1,6,1
0,11,1000,500,69.57468680887088,290.52817530519593,0,0,0,0,340,D_pmar=0.054_dist=500_repair_6_males=6_nmar=1,6,1
0,19,0,0,69.76581001187294,247.89158200833893,42.395001835746115,0,0,0,341,D_pmar=0.054_dist=500_repair_6_males=6_nmar=1,6,1
0,8,0,500,70.43086536114855,283.6052175494262,6.135550748694024,0,0,0,341,D_pmar=0.054_dist=500_repair_6_males=6_nmar=1,6,1
0,9,500,0,69.08290041938623,290.91939489301785,0,0,0,0,341,D_pmar=0.054_dist=500_repair_6_males=6_nmar=1,6,1
0,6,500,500,72.88568615016362,280.9788247116039,6.197854462664285,0,0,0,341,D_pmar=0.054_dist=500_repair_6_males=6_nmar=1,6,1
0.054,8,1000,0,73.5467335736869,282.82427687606815,0,15,1.5000000000000002,2.2365936177858807,341,D_pmar=0.054_dist=500_repair_6_males=6_nmar=1,6,1
0,4,1000,500,69.5236590028984,253.79273870599036,36.73678561564584,0,0,0,341,D_pmar=0.054_dist=500_repair_6_males=6_nmar=1,6,1
0,6,0,0,70.95864173523178,289.25334810246784,0,0,0,0,342,D_pmar=0.054_dist=500_repair_6_males=6_nmar=1,6,1
0,6,0,500,68.75380878128351,254.70515535851465,36.66081763901725,0,0,0,342,D_pmar=0.054_dist=500_repair_6_males=6_nmar=1,6,1
0,16,500,0,67.56493788468089,262.0634079684836,30.48719481094549,0,0,0,342,D_pmar=0.054_dist=500_repair_6_males=6_nmar=1,6,1
0,7,500,500,69.5699146976634,290.4415298458259,0,0,0,0,342,D_pmar=0.054_dist=500_repair_6_males=6_nmar=1,6,1
0,9,1000,0,68.05548303065186,261.57915290615097,30.486287555315663,0,0,0,342,D_pmar=0.054_dist=500_repair_6_males=6_nmar=1,6,1
0.054,10,1000,500,69.5243253228113,286.7435137441336,0,16,1.6000000000000003,2.2331512952546215,342,D_pmar=0.054_dist=500_repair_6_males=6_nmar=1,6,1
0,8,0,0,72.26360707492712,251.200666409183,36.61234507552297,0,0,0,343,D_pmar=0.054_dist=500_repair_6_males=6_nmar=1,6,1
0.054,9,0,500,69.04969336895377,286.50693210477294,0,16,1.6000000000000003,2.9044475915509227,343,D_pmar=0.054_dist=500_repair_6_males=6_nmar=1,6,1
0,8,500,0,73.48036724939887,237.97726433593792,48.61443913104327,0,0,0,343,D_pmar=0.054_dist=500_repair_6_males=6_nmar=1,6,1
0,7,500,500,73.819238723046,286.19310323113484,0,0,0,0,343,D_pmar=0.054_dist=500_repair_6_males=6_nmar=1,6,1
0,10,1000,0,72.78840621196196,281.34553816787997,6.136411954913053,0,0,0,343,D_pmar=0.054_dist=500_repair_6_males=6_nmar=1,6,1
0,12,1000,500,73.59578306126843,280.3904974085647,6.06586358745119,0,0,0,343,D_pmar=0.054_dist=500_repair_6_males=6_nmar=1,6,1
0,10,0,0,69.75375945315952,259.9934768492264,30.398266519469907,0,0,0,344,D_pmar=0.054_dist=500_repair_6_males=6_nmar=1,6,1
0,5,0,500,73.54925260150814,280.45591328478514,6.016546066317402,0,0,0,344,D_pmar=0.054_dist=500_repair_6_males=6_nmar=1,6,1
0,8,500,0,69.91535040375562,265.73052034791766,24.365902154993016,0,0,0,344,D_pmar=0.054_dist=500_repair_6_males=6_nmar=1,6,1
0,5,500,500,70.52313329141252,240.8910892306271,48.66715538801903,0,0,0,344,D_pmar=0.054_dist=500_repair_6_males=6_nmar=1,6,1
0.054,8,1000,0,70.25637254772053,285.0784286124389,0,19,1.9000000000000008,2.8246385791120296,344,D_pmar=0.054_dist=500_repair_6_males=6_nmar=1,6,1
0,18,1000,500,73.19317111257044,280.8853077617542,6.14768738481009,0,0,0,344,D_pmar=0.054_dist=500_repair_6_males=6_nmar=1,6,1
0,5,0,0,69.94163226414554,284.0294234230746,6.0608688285476955,0,0,0,345,D_pmar=0.054_dist=500_repair_6_males=6_nmar=1,6,1
0,1,0,500,66.70516682113373,238.62271236353945,54.793807368748645,0,0,0,345,D_pmar=0.054_dist=500_repair_6_males=6_nmar=1,6,1
0,11,500,0,71.38530751519049,288.69979890824106,0,0,0,0,345,D_pmar=0.054_dist=500_repair_6_males=6_nmar=1,6,1
0,15,500,500,67.4916109649204,262.31392518190654,30.25108761242058,0,0,0,345,D_pmar=0.054_dist=500_repair_6_males=6_nmar=1,6,1
0,9,1000,0,68.43071283212143,291.65952329317764,0,0,0,0,345,D_pmar=0.054_dist=500_repair_6_males=6_nmar=1,6,1
0.054,13,1000,500,71.72658006831628,284.4427836469438,0,15,1.5000000000000002,2.468227245323371,345,D_pmar=0.054_dist=500_repair_6_males=6_nmar=1,6,1
0.054,16,0,0,73.37510234518234,282.22265339458795,0,21,2.1000000000000005,2.352182212470616,346,D_pmar=0.054_dist=500_repair_6_males=6_nmar=1,6,1
0,6,0,500,74.63053717866896,254.67511188162487,30.838695459272625,0,0,0,346,D_pmar=0.054_dist=500_repair_6_males=6_nmar=1,6,1
0,7,500,0,71.91233894513284,239.3399718177373,48.884423260449296,0,0,0,346,D_pmar=0.054_dist=500_repair_6_males=6_nmar=1,6,1
0,11,500,500,70.40981492238052,270.27126909040146,19.412359137066616,0,0,0,346,D_pmar=0.054_dist=500_repair_6_males=6_nmar=1,6,1
0,6,1000,0,68.82142239618844,288.6709403338887,2.517027104588875,0,0,0,346,D_pmar=0.054_dist=500_repair_6_males=6_nmar=1,6,1
0,8,1000,500,74.65799452026522,267.2685418782741,18.180000596190297,0,0,0,346,D_pmar=0.054_dist=500_repair_6_males=6_nmar=1,6,1
0.054,9,0,0,67.99381843530313,288.5851459754923,0,11,1.1,2.3564580989172086,347,D_pmar=0.054_dist=500_repair_6_males=6_nmar=1,6,1
0,8,0,500,71.9485022605065,276.01349287470714,12.123260747475028,0,0,0,347,D_pmar=0.054_dist=500_repair_6_males=6_nmar=1,6,1
0,7,500,0,66.80688728681973,293.23308560526795,0,0,0,0,347,D_pmar=0.054_dist=500_repair_6_males=6_nmar=1,6,1
0,8,500,500,70.55098982306828,283.458433149253,6.087597752771213,0,0,0,347,D_pmar=0.054_dist=500_repair_6_males=6_nmar=1,6,1
0,8,1000,0,70.93180742146878,252.50517388845375,36.7049843372979,0,0,0,347,D_pmar=0.054_dist=500_repair_6_males=6_nmar=1,6,1
0,14,1000,500,69.42058166589975,278.43022098303203,12.189568235550311,0,0,0,347,D_pmar=0.054_dist=500_repair_6_males=6_nmar=1,6,1
0.054,13,0,0,72.12575758311239,283.37827185509036,0,18,1.8000000000000005,2.8118549989583306,348,D_pmar=0.054_dist=500_repair_6_males=6_nmar=1,6,1
0,0,0,500,69.5474541439501,284.4797788252627,6.078630900971301,0,0,0,348,D_pmar=0.054_dist=500_repair_6_males=6_nmar=1,6,1
0,8,500,0,68.6646121742749,260.72097997498173,30.88063558465519,0,0,0,348,D_pmar=0.054_dist=500_repair_6_males=6_nmar=1,6,1
0,10,500,500,67.758246366175,267.8899400639958,24.417368215762192,0,0,0,348,D_pmar=0.054_dist=500_repair_6_males=6_nmar=1,6,1
0,14,1000,0,70.57473191443366,253.09683368216537,36.41585729831874,0,0,0,348,D_pmar=0.054_dist=500_repair_6_males=6_nmar=1,6,1
0,9,1000,500,68.43366205425744,279.34540441037416,12.240895795188733,0,0,0,348,D_pmar=0.054_dist=500_repair_6_males=6_nmar=1,6,1
0,11,0,0,71.42279070511982,276.44575007675905,12.183015419762816,0,0,0,349,D_pmar=0.054_dist=500_repair_6_males=6_nmar=1,6,1
0,12,0,500,77.05153970930495,222.2147704795044,60.910786318871914,0,0,0,349,D_pmar=0.054_dist=500_repair_6_males=6_nmar=1,6,1
0,11,500,0,75.2985274654856,254.2049254567916,30.544369356555823,0,0,0,349,D_pmar=0.054_dist=500_repair_6_males=6_nmar=1,6,1
0.054,3,500,500,73.12108242962132,281.8447988314909,0,19,1.9000000000000008,3.1901465184048217,349,D_pmar=0.054_dist=500_repair_6_males=6_nmar=1,6,1
0,6,1000,0,73.55433109192936,286.4876488730408,0,0,0,0,349,D_pmar=0.054_dist=500_repair_6_males=6_nmar=1,6,1
0,11,1000,500,67.6147197349484,280.13701410096945,12.255654394991312,0,0,0,349,D_pmar=0.054_dist=500_repair_6_males=6_nmar=1,6,1
0,2,0,0,69.81467264793818,265.95906271373275,24.498295623273755,0,0,0,34,D_pmar=0.054_dist=500_repair_6_males=6_nmar=1,6,1
0,11,0,500,69.89114563073608,266.84419510278735,23.495395586453192,0,0,0,34,D_pmar=0.054_dist=500_repair_6_males=6_nmar=1,6,1
0,14,500,0,70.47351672076043,247.0145884097965,42.527300934806,0,0,0,34,D_pmar=0.054_dist=500_repair_6_males=6_nmar=1,6,1
0.054,9,500,500,70.11320728996643,285.87573811486686,0,16,1.6000000000000003,2.440955356784637,34,D_pmar=0.054_dist=500_repair_6_males=6_nmar=1,6,1
0,8,1000,0,70.03804110367405,289.9902395011708,0,0,0,0,34,D_pmar=0.054_dist=500_repair_6_males=6_nmar=1,6,1
0,10,1000,500,70.19948368880615,283.7908067729419,6.14790321673429,0,0,0,34,D_pmar=0.054_dist=500_repair_6_males=6_nmar=1,6,1
0,8,0,0,72.64466905608137,250.71580246980335,36.73825169978321,0,0,0,350,D_pmar=0.054_dist=500_repair_6_males=6_nmar=1,6,1
0,10,0,500,67.98522025457568,261.6594766941198,30.477292522958688,0,0,0,350,D_pmar=0.054_dist=500_repair_6_males=6_nmar=1,6,1
0,3,500,0,67.30555027653298,292.788584356504,0,0,0,0,350,D_pmar=0.054_dist=500_repair_6_males=6_nmar=1,6,1
0,8,500,500,69.33655846152067,272.34874219398125,18.392038981850863,0,0,0,350,D_pmar=0.054_dist=500_repair_6_males=6_nmar=1,6,1
0.054,17,1000,0,71.3012196829505,284.17656488257603,0,21,2.1000000000000005,2.5694444444444486,350,D_pmar=0.054_dist=500_repair_6_males=6_nmar=1,6,1
0,8,1000,500,69.29407732955809,247.96279872972153,42.89274607852741,0,0,0,350,D_pmar=0.054_dist=500_repair_6_males=6_nmar=1,6,1
0,1,0,0,70.20577773759874,277.67084088882746,12.138060135580847,0,0,0,351,D_pmar=0.054_dist=500_repair_6_males=6_nmar=1,6,1
0,6,0,500,71.8800724852752,257.5750484181836,30.54601171575823,0,0,0,351,D_pmar=0.054_dist=500_repair_6_males=6_nmar=1,6,1
0,18,500,0,70.203234931135,271.2872515415012,18.52493533177124,0,0,0,351,D_pmar=0.054_dist=500_repair_6_males=6_nmar=1,6,1
0,12,500,500,71.22126376733685,282.7030134719706,6.143468176815442,0,0,0,351,D_pmar=0.054_dist=500_repair_6_males=6_nmar=1,6,1
0.054,8,1000,0,73.12768925563721,283.80996098768554,0,13,1.3,1.9966396758319211,351,D_pmar=0.054_dist=500_repair_6_males=6_nmar=1,6,1
0,9,1000,500,72.68529009843924,275.43922995695465,12.03129175045354,0,0,0,351,D_pmar=0.054_dist=500_repair_6_males=6_nmar=1,6,1
0,10,0,0,69.66057097045214,253.99579947729117,36.442888970751426,0,0,0,352,D_pmar=0.054_dist=500_repair_6_males=6_nmar=1,6,1
0,13,0,500,70.07011785326583,290.02191216672526,0,0,0,0,352,D_pmar=0.054_dist=500_repair_6_males=6_nmar=1,6,1
0.054,10,500,0,71.08040240805401,285.38640460429707,0,12,1.2,2.3914989904760557,352,D_pmar=0.054_dist=500_repair_6_males=6_nmar=1,6,1
0,6,500,500,67.77643442640056,273.88212343430814,18.351785256063295,0,0,0,352,D_pmar=0.054_dist=500_repair_6_males=6_nmar=1,6,1
0,5,1000,0,70.00451811079638,290.1736786169437,0,0,0,0,352,D_pmar=0.054_dist=500_repair_6_males=6_nmar=1,6,1
0,10,1000,500,72.57367250748793,269.03413163993326,18.404316495842593,0,0,0,352,D_pmar=0.054_dist=500_repair_6_males=6_nmar=1,6,1
0,13,0,0,76.51455159187839,240.7109749917119,42.85706802729328,0,0,0,353,D_pmar=0.054_dist=500_repair_6_males=6_nmar=1,6,1
0,18,0,500,70.45059219758723,289.637231613075,0,0,0,0,353,D_pmar=0.054_dist=500_repair_6_males=6_nmar=1,6,1
0,4,500,0,73.51353507587814,262.0862638204936,24.45360441942642,0,0,0,353,D_pmar=0.054_dist=500_repair_6_males=6_nmar=1,6,1
0,9,500,500,69.99661616897971,284.0597778519367,6.05190519288332,0,0,0,353,D_pmar=0.054_dist=500_repair_6_males=6_nmar=1,6,1
0,5,1000,0,75.04750941853209,285.12895964156183,0,0,0,0,353,D_pmar=0.054_dist=500_repair_6_males=6_nmar=1,6,1
0.054,5,1000,500,69.23807348890338,287.4429342317689,0,12,1.2,2.267155682799869,353,D_pmar=0.054_dist=500_repair_6_males=6_nmar=1,6,1
0.054,6,0,0,72.05650563370597,284.795508292568,0,9,0.8999999999999999,2.346188404151097,354,D_pmar=0.054_dist=500_repair_6_males=6_nmar=1,6,1
0,6,0,500,70.22074414042787,277.84873241508586,12.06059964443045,0,0,0,354,D_pmar=0.054_dist=500_repair_6_males=6_nmar=1,6,1
0,2,500,0,69.96337906138628,290.1552479425963,0,0,0,0,354,D_pmar=0.054_dist=500_repair_6_males=6_nmar=1,6,1
0,16,500,500,70.59509779537122,271.1641208344407,18.371336533739953,0,0,0,354,D_pmar=0.054_dist=500_repair_6_males=6_nmar=1,6,1
0,15,1000,0,69.13188683698263,278.5560540659936,12.43735530754517,0,0,0,354,D_pmar=0.054_dist=500_repair_6_males=6_nmar=1,6,1
0,9,1000,500,65.27926015297525,282.8989381606395,12.164589769321994,0,0,0,354,D_pmar=0.054_dist=500_repair_6_males=6_nmar=1,6,1
0,8,0,0,70.09751611422361,259.2667852377879,30.712283694220716,0,0,0,355,D_pmar=0.054_dist=500_repair_6_males=6_nmar=1,6,1
0,5,0,500,72.95925495761122,250.22846461771633,36.96198551250016,0,0,0,355,D_pmar=0.054_dist=500_repair_6_males=6_nmar=1,6,1
0,14,500,0,68.8188212220597,279.27356151704055,12.06843340225478,0,0,0,355,D_pmar=0.054_dist=500_repair_6_males=6_nmar=1,6,1
0,5,500,500,71.09558777803925,288.90658389577976,0,0,0,0,355,D_pmar=0.054_dist=500_repair_6_males=6_nmar=1,6,1
0,9,1000,0,69.90645743575276,253.3527758479388,36.790473323564385,0,0,0,355,D_pmar=0.054_dist=500_repair_6_males=6_nmar=1,6,1
0.054,13,1000,500,71.24190704286477,284.35738894335327,0,19,1.9000000000000008,2.587939580398692,355,D_pmar=0.054_dist=500_repair_6_males=6_nmar=1,6,1
0,8,0,0,69.97489121811034,271.72674434237086,18.34481964695006,0,0,0,356,D_pmar=0.054_dist=500_repair_6_males=6_nmar=1,6,1
0.054,11,0,500,69.58831729032346,287.07201713121805,0,13,1.3,2.124672325323712,356,D_pmar=0.054_dist=500_repair_6_males=6_nmar=1,6,1
0,9,500,0,68.50457390924626,273.2715764501186,18.29948445798179,0,0,0,356,D_pmar=0.054_dist=500_repair_6_males=6_nmar=1,6,1
0,9,500,500,70.39460108211817,289.73839467986716,0,0,0,0,356,D_pmar=0.054_dist=500_repair_6_males=6_nmar=1,6,1
0,7,1000,0,71.43598805518778,245.61607428775787,43.03433900106796,0,0,0,356,D_pmar=0.054_dist=500_repair_6_males=6_nmar=1,6,1
0,10,1000,500,71.78629722848214,288.21874694917113,0,0,0,0,356,D_pmar=0.054_dist=500_repair_6_males=6_nmar=1,6,1
0,13,0,0,71.2281251633595,246.3538195558722,42.66212227529032,0,0,0,357,D_pmar=0.054_dist=500_repair_6_males=6_nmar=1,6,1
0,5,0,500,69.02804573571811,291.1329774525796,0,0,0,0,357,D_pmar=0.054_dist=500_repair_6_males=6_nmar=1,6,1
0,7,500,0,71.87045549255548,263.8186796680784,24.513559810702763,0,0,0,357,D_pmar=0.054_dist=500_repair_6_males=6_nmar=1,6,1
0,20,500,500,70.63028506003717,289.3769858700746,0,0,0,0,357,D_pmar=0.054_dist=500_repair_6_males=6_nmar=1,6,1
0.054,6,1000,0,71.60239214627649,284.1333716492862,0,16,1.6000000000000003,2.759542854749476,357,D_pmar=0.054_dist=500_repair_6_males=6_nmar=1,6,1
0,3,1000,500,71.27370437770274,258.46701667660597,30.465084329032784,0,0,0,357,D_pmar=0.054_dist=500_repair_6_males=6_nmar=1,6,1
0,8,0,0,72.14536255435668,287.9016795686074,0,0,0,0,358,D_pmar=0.054_dist=500_repair_6_males=6_nmar=1,6,1
0,12,0,500,72.42541094843808,223.3369735731179,64.36734773521205,0,0,0,358,D_pmar=0.054_dist=500_repair_6_males=6_nmar=1,6,1
0.054,4,500,0,73.51662841706798,281.2970269535947,0,18,1.8000000000000005,3.637882482295758,358,D_pmar=0.054_dist=500_repair_6_males=6_nmar=1,6,1
0,12,500,500,69.35713767445212,290.6663094233084,0,0,0,0,358,D_pmar=0.054_dist=500_repair_6_males=6_nmar=1,6,1
0,5,1000,0,69.90635510491434,271.62867178858886,18.49651271605929,0,0,0,358,D_pmar=0.054_dist=500_repair_6_males=6_nmar=1,6,1
0,13,1000,500,70.22466618892325,265.3354423503387,24.49720023805001,0,0,0,358,D_pmar=0.054_dist=500_repair_6_males=6_nmar=1,6,1
0.054,8,0,0,68.00352157578857,288.45748269313,0,16,1.6000000000000003,2.343427499479164,359,D_pmar=0.054_dist=500_repair_6_males=6_nmar=1,6,1
0,6,0,500,71.87010562994824,263.71381869055654,24.432625444728828,0,0,0,359,D_pmar=0.054_dist=500_repair_6_males=6_nmar=1,6,1
0,10,500,0,72.03207066001926,257.5259488133416,30.46690125242004,0,0,0,359,D_pmar=0.054_dist=500_repair_6_males=6_nmar=1,6,1
0,19,500,500,67.80529737794268,273.8185053015136,18.386379974886164,0,0,0,359,D_pmar=0.054_dist=500_repair_6_males=6_nmar=1,6,1
0,7,1000,0,73.38263031041228,286.705281398992,0,0,0,0,359,D_pmar=0.054_dist=500_repair_6_males=6_nmar=1,6,1
0,4,1000,500,73.09626443040045,262.3537962192922,24.566494497537352,0,0,0,359,D_pmar=0.054_dist=500_repair_6_males=6_nmar=1,6,1
0,4,0,0,70.73432819912226,289.3838743758787,0,0,0,0,35,D_pmar=0.054_dist=500_repair_6_males=6_nmar=1,6,1
0,12,0,500,71.88298036963383,257.5639641411437,30.559216456820263,0,0,0,35,D_pmar=0.054_dist=500_repair_6_males=6_nmar=1,6,1
0,13,500,0,71.28251861317153,258.14993699310276,30.628810498991136,0,0,0,35,D_pmar=0.054_dist=500_repair_6_males=6_nmar=1,6,1
0,11,500,500,72.98409877530835,244.74197411319287,42.3985857153345,0,0,0,35,D_pmar=0.054_dist=500_repair_6_males=6_nmar=1,6,1
0.054,10,1000,0,69.78540115848702,286.4369948958693,0,17,1.7000000000000004,2.245370370370372,35,D_pmar=0.054_dist=500_repair_6_males=6_nmar=1,6,1
0,4,1000,500,74.2642460460072,285.9137467242045,0,0,0,0,35,D_pmar=0.054_dist=500_repair_6_males=6_nmar=1,6,1
0.054,11,0,0,69.02643438805288,286.97750169229175,0,18,1.8000000000000005,2.262220418086989,360,D_pmar=0.054_dist=500_repair_6_males=6_nmar=1,6,1
0,8,0,500,71.88490799077195,275.8246884709868,12.327301385341755,0,0,0,360,D_pmar=0.054_dist=500_repair_6_males=6_nmar=1,6,1
0,12,500,0,72.89107994989031,250.53389535463336,36.61165478245439,0,0,0,360,D_pmar=0.054_dist=500_repair_6_males=6_nmar=1,6,1
0,12,500,500,71.86293910620287,288.1514100396107,0,0,0,0,360,D_pmar=0.054_dist=500_repair_6_males=6_nmar=1,6,1
0,4,1000,0,70.95358006225143,252.3385353723696,36.79010154950558,0,0,0,360,D_pmar=0.054_dist=500_repair_6_males=6_nmar=1,6,1
0,7,1000,500,72.52144553696147,262.7782471265249,24.700607633396984,0,0,0,360,D_pmar=0.054_dist=500_repair_6_males=6_nmar=1,6,1
0,7,0,0,72.48753520797545,287.6191742870079,0,0,0,0,361,D_pmar=0.054_dist=500_repair_6_males=6_nmar=1,6,1
0,18,0,500,72.19655692999505,263.22473380915767,24.748463497029793,0,0,0,361,D_pmar=0.054_dist=500_repair_6_males=6_nmar=1,6,1
0.054,7,500,0,70.61466079046897,286.3785858609821,0,10,1,2.0826519154740075,361,D_pmar=0.054_dist=500_repair_6_males=6_nmar=1,6,1
0,11,500,500,70.2223007163522,277.70719810961054,12.142721475580451,0,0,0,361,D_pmar=0.054_dist=500_repair_6_males=6_nmar=1,6,1
0,4,1000,0,71.45731073147212,276.4054291726198,12.163314907258018,0,0,0,361,D_pmar=0.054_dist=500_repair_6_males=6_nmar=1,6,1
0,7,1000,500,75.1511478197234,279.0329886990427,6.0179773305772635,0,0,0,361,D_pmar=0.054_dist=500_repair_6_males=6_nmar=1,6,1
0,7,0,0,73.10518158281978,256.381478297534,30.536393861250943,0,0,0,362,D_pmar=0.054_dist=500_repair_6_males=6_nmar=1,6,1
0,12,0,500,71.33017204151002,270.6417876747769,18.159415099761254,0,0,0,362,D_pmar=0.054_dist=500_repair_6_males=6_nmar=1,6,1
0,5,500,0,71.3300772705041,246.13554958555085,42.61121196642824,0,0,0,362,D_pmar=0.054_dist=500_repair_6_males=6_nmar=1,6,1
0.054,16,500,500,72.25080806114637,283.90574704557014,0,17,1.7000000000000004,2.2739830550347193,362,D_pmar=0.054_dist=500_repair_6_males=6_nmar=1,6,1
0,7,1000,0,67.2081413088782,280.8017637477761,12.16080185428098,0,0,0,362,D_pmar=0.054_dist=500_repair_6_males=6_nmar=1,6,1
0,7,1000,500,71.5344424514942,288.69083962189706,0,0,0,0,362,D_pmar=0.054_dist=500_repair_6_males=6_nmar=1,6,1
0,7,0,0,70.92842574012361,289.29252786496176,0,0,0,0,363,D_pmar=0.054_dist=500_repair_6_males=6_nmar=1,6,1
0,6,0,500,71.65471206286279,282.38288795222275,6.129983018998948,0,0,0,363,D_pmar=0.054_dist=500_repair_6_males=6_nmar=1,6,1
0,16,500,0,73.45262253532981,262.19095002621225,24.49791369704602,0,0,0,363,D_pmar=0.054_dist=500_repair_6_males=6_nmar=1,6,1
0,4,500,500,67.75698732586038,267.3297557159667,25.04669184596075,0,0,0,363,D_pmar=0.054_dist=500_repair_6_males=6_nmar=1,6,1
0.054,12,1000,0,74.06123882853429,282.19566395568495,0,14,1.4,2.40940758179931,363,D_pmar=0.054_dist=500_repair_6_males=6_nmar=1,6,1
0,9,1000,500,70.8146340523895,267.1116855708401,22.153949761479677,0,0,0,363,D_pmar=0.054_dist=500_repair_6_males=6_nmar=1,6,1
0,18,0,0,70.99141909453981,277.0962874451806,12.068647957339518,0,0,0,364,D_pmar=0.054_dist=500_repair_6_males=6_nmar=1,6,1
0,6,0,500,68.48479655489926,261.1739816308212,30.350892921959858,0,0,0,364,D_pmar=0.054_dist=500_repair_6_males=6_nmar=1,6,1
0,7,500,0,68.98273318997236,272.8171487570794,18.27151265821059,0,0,0,364,D_pmar=0.054_dist=500_repair_6_males=6_nmar=1,6,1
0,8,500,500,69.57238064960856,290.5032549406829,0,0,0,0,364,D_pmar=0.054_dist=500_repair_6_males=6_nmar=1,6,1
0,11,1000,0,64.89705337190115,295.3092305295837,0,0,0,0,364,D_pmar=0.054_dist=500_repair_6_males=6_nmar=1,6,1
0.054,4,1000,500,71.10600577151655,285.31031090615073,0,10,1,2.592418406943552,364,D_pmar=0.054_dist=500_repair_6_males=6_nmar=1,6,1
0,5,0,0,69.0459647001337,248.56051977034167,42.553844579779245,0,0,0,365,D_pmar=0.054_dist=500_repair_6_males=6_nmar=1,6,1
0,7,0,500,73.93876421427433,268.0772708217539,18.12746703023488,0,0,0,365,D_pmar=0.054_dist=500_repair_6_males=6_nmar=1,6,1
0,4,500,0,69.26910772550139,272.0064316101311,18.761776073683254,0,0,0,365,D_pmar=0.054_dist=500_repair_6_males=6_nmar=1,6,1
0.054,16,500,500,71.736485444469,284.01761181387093,0,18,1.8000000000000005,2.629582864501084,365,D_pmar=0.054_dist=500_repair_6_males=6_nmar=1,6,1
0,11,1000,0,74.13273872466672,272.6782023424159,13.283447884962271,0,0,0,365,D_pmar=0.054_dist=500_repair_6_males=6_nmar=1,6,1
0,11,1000,500,69.54263741814268,278.45094168527896,12.134577709188305,0,0,0,365,D_pmar=0.054_dist=500_repair_6_males=6_nmar=1,6,1
0,13,0,0,72.11262270903173,281.73880905789156,6.221715264123037,0,0,0,366,D_pmar=0.054_dist=500_repair_6_males=6_nmar=1,6,1
0,12,0,500,66.95773146038682,250.6549306595145,42.487178917939765,0,0,0,366,D_pmar=0.054_dist=500_repair_6_males=6_nmar=1,6,1
0,5,500,0,71.72507524785875,245.4674254534036,42.87725309853815,0,0,0,366,D_pmar=0.054_dist=500_repair_6_males=6_nmar=1,6,1
0.054,11,500,500,69.98637725663801,283.76603960628864,0,30,3.0000000000000013,3.3507478860879076,366,D_pmar=0.054_dist=500_repair_6_males=6_nmar=1,6,1
0,5,1000,0,70.25727418875664,237.17280990717595,52.762362133790504,0,0,0,366,D_pmar=0.054_dist=500_repair_6_males=6_nmar=1,6,1
0,8,1000,500,69.38242506487404,254.22704360008416,36.52670967288267,0,0,0,366,D_pmar=0.054_dist=500_repair_6_males=6_nmar=1,6,1
0.054,7,0,0,69.64102666683313,286.6806536941877,0,11,1.1,2.6701103321691675,367,D_pmar=0.054_dist=500_repair_6_males=6_nmar=1,6,1
0,12,0,500,70.32214531909767,277.6917315914669,12.164596317004571,0,0,0,367,D_pmar=0.054_dist=500_repair_6_males=6_nmar=1,6,1
0,1,500,0,70.57326272473412,277.3042954951111,12.150624887715914,0,0,0,367,D_pmar=0.054_dist=500_repair_6_males=6_nmar=1,6,1
0,18,500,500,67.6375015806266,274.340447395264,18.180333879851908,0,0,0,367,D_pmar=0.054_dist=500_repair_6_males=6_nmar=1,6,1
0,5,1000,0,69.59364938731066,284.34464969130397,6.211408462923672,0,0,0,367,D_pmar=0.054_dist=500_repair_6_males=6_nmar=1,6,1
0,11,1000,500,71.16380876623133,270.58143645081316,18.27362191808444,0,0,0,367,D_pmar=0.054_dist=500_repair_6_males=6_nmar=1,6,1
0,17,0,0,72.07626823184522,268.73721767232354,19.236060288170012,0,0,0,368,D_pmar=0.054_dist=500_repair_6_males=6_nmar=1,6,1
0,7,0,500,72.02085413826876,251.5804796312361,36.49995628654793,0,0,0,368,D_pmar=0.054_dist=500_repair_6_males=6_nmar=1,6,1
0,10,500,0,74.84718697876986,272.97778876025603,12.360456650201346,0,0,0,368,D_pmar=0.054_dist=500_repair_6_males=6_nmar=1,6,1
0.054,7,500,500,71.0056863613808,284.2860437108016,0,21,2.1000000000000005,2.646432912217701,368,D_pmar=0.054_dist=500_repair_6_males=6_nmar=1,6,1
0,5,1000,0,67.23955127139203,280.65344424683695,12.131664658220863,0,0,0,368,D_pmar=0.054_dist=500_repair_6_males=6_nmar=1,6,1
0,8,1000,500,69.21060834877957,247.6532127646089,43.22316886609757,0,0,0,368,D_pmar=0.054_dist=500_repair_6_males=6_nmar=1,6,1
0,6,0,0,70.75116826952595,277.24692246080787,12.05658876933266,0,0,0,369,D_pmar=0.054_dist=500_repair_6_males=6_nmar=1,6,1
0,17,0,500,70.28187367640554,249.01993777009932,40.73227694029527,0,0,0,369,D_pmar=0.054_dist=500_repair_6_males=6_nmar=1,6,1
0,5,500,0,73.55731608489789,274.55776604556496,12.06818199398897,0,0,0,369,D_pmar=0.054_dist=500_repair_6_males=6_nmar=1,6,1
0,7,500,500,71.73498906230995,288.31793275736635,0,0,0,0,369,D_pmar=0.054_dist=500_repair_6_males=6_nmar=1,6,1
0,8,1000,0,66.62064021311379,275.2249307563178,18.15607433758251,0,0,0,369,D_pmar=0.054_dist=500_repair_6_males=6_nmar=1,6,1
0.054,11,1000,500,70.45741624738629,285.7222560651144,0,14,1.4,2.5542174453724185,369,D_pmar=0.054_dist=500_repair_6_males=6_nmar=1,6,1
0,20,0,0,71.29457928912468,270.4011796784107,18.44810376434139,0,0,0,36,D_pmar=0.054_dist=500_repair_6_males=6_nmar=1,6,1
0,11,0,500,70.33996092909231,273.6977412965742,16.085087323710784,0,0,0,36,D_pmar=0.054_dist=500_repair_6_males=6_nmar=1,6,1
0,3,500,0,69.93718667516917,284.02192372906944,6.115324323390957,0,0,0,36,D_pmar=0.054_dist=500_repair_6_males=6_nmar=1,6,1
0,9,500,500,72.63468870260722,262.8302047144649,24.71583441823362,0,0,0,36,D_pmar=0.054_dist=500_repair_6_males=6_nmar=1,6,1
0.054,7,1000,0,70.98492549570871,285.18479724120766,0,15,1.5000000000000002,2.4731625100362513,36,D_pmar=0.054_dist=500_repair_6_males=6_nmar=1,6,1
0,4,1000,500,72.55835069576216,266.2208770347401,21.23577462583525,0,0,0,36,D_pmar=0.054_dist=500_repair_6_males=6_nmar=1,6,1
0,18,0,0,70.98758343480127,258.33490114961484,30.797574676514692,0,0,0,370,D_pmar=0.054_dist=500_repair_6_males=6_nmar=1,6,1
0,3,0,500,69.79149588284578,290.24814036254566,0,0,0,0,370,D_pmar=0.054_dist=500_repair_6_males=6_nmar=1,6,1
0,13,500,0,70.84636677517598,244.02199731445452,45.17465356256629,0,0,0,370,D_pmar=0.054_dist=500_repair_6_males=6_nmar=1,6,1
0,5,500,500,72.0806872620189,257.5182359942643,30.558674636304605,0,0,0,370,D_pmar=0.054_dist=500_repair_6_males=6_nmar=1,6,1
0.054,10,1000,0,70.26684527937225,285.7425297967537,0,18,1.8000000000000005,2.3434274994791644,370,D_pmar=0.054_dist=500_repair_6_males=6_nmar=1,6,1
0,5,1000,500,70.0530816555712,290.06989695680613,0,0,0,0,370,D_pmar=0.054_dist=500_repair_6_males=6_nmar=1,6,1
0,4,0,0,71.19358153946956,264.50441429884364,24.57885723762511,0,0,0,371,D_pmar=0.054_dist=500_repair_6_males=6_nmar=1,6,1
0,9,0,500,69.61739490436537,265.0421011959028,25.503028683033317,0,0,0,371,D_pmar=0.054_dist=500_repair_6_males=6_nmar=1,6,1
0,15,500,0,68.70480063622722,285.34136908961904,6.095287735888376,0,0,0,371,D_pmar=0.054_dist=500_repair_6_males=6_nmar=1,6,1
0,8,500,500,72.49859816054547,287.6180113369178,0,0,0,0,371,D_pmar=0.054_dist=500_repair_6_males=6_nmar=1,6,1
0,10,1000,0,70.48777816668127,283.49567188998583,6.059190081130514,0,0,0,371,D_pmar=0.054_dist=500_repair_6_males=6_nmar=1,6,1
0.054,8,1000,500,71.47542200041472,285.2053868835664,0,11,1.1,2.3419125177045057,371,D_pmar=0.054_dist=500_repair_6_males=6_nmar=1,6,1
0,13,0,0,72.59479828816276,269.11201636926893,18.299753501082023,0,0,0,372,D_pmar=0.054_dist=500_repair_6_males=6_nmar=1,6,1
0,11,0,500,71.39728448024286,276.3921461788537,12.276335653874243,0,0,0,372,D_pmar=0.054_dist=500_repair_6_males=6_nmar=1,6,1
0.054,13,500,0,71.85811571629152,284.96405334898554,0,12,1.2,2.225512398697477,372,D_pmar=0.054_dist=500_repair_6_males=6_nmar=1,6,1
0,12,500,500,70.5149822597981,271.4835019904283,18.22813119120085,0,0,0,372,D_pmar=0.054_dist=500_repair_6_males=6_nmar=1,6,1
0,3,1000,0,71.39807742936934,270.7360006959486,18.09859345495878,0,0,0,372,D_pmar=0.054_dist=500_repair_6_males=6_nmar=1,6,1
0,2,1000,500,68.79591768388896,285.22409082195827,6.1127090645095965,0,0,0,372,D_pmar=0.054_dist=500_repair_6_males=6_nmar=1,6,1
0,10,0,0,66.55757165359665,260.6152241558656,32.85990744724867,0,0,0,373,D_pmar=0.054_dist=500_repair_6_males=6_nmar=1,6,1
0,8,0,500,71.27977321259235,282.68984295247424,6.079760731556291,0,0,0,373,D_pmar=0.054_dist=500_repair_6_males=6_nmar=1,6,1
0,10,500,0,73.44389712699684,280.5313156243653,6.1467261624327,0,0,0,373,D_pmar=0.054_dist=500_repair_6_males=6_nmar=1,6,1
0,12,500,500,71.89030705679824,263.6669535175882,24.46199091241366,0,0,0,373,D_pmar=0.054_dist=500_repair_6_males=6_nmar=1,6,1
0.054,7,1000,0,73.68959246668759,283.04127992907263,0,12,1.2,2.278614027635585,373,D_pmar=0.054_dist=500_repair_6_males=6_nmar=1,6,1
0,7,1000,500,71.67849595354811,288.3970536433512,0,0,0,0,373,D_pmar=0.054_dist=500_repair_6_males=6_nmar=1,6,1
0,8,0,0,65.59143802833152,288.3968193025842,6.128900829035926,0,0,0,374,D_pmar=0.054_dist=500_repair_6_males=6_nmar=1,6,1
0,12,0,500,73.31424914133737,244.21355365756912,42.70022882003427,0,0,0,374,D_pmar=0.054_dist=500_repair_6_males=6_nmar=1,6,1
0,9,500,0,73.51190510849953,268.105785818047,18.426964809655527,0,0,0,374,D_pmar=0.054_dist=500_repair_6_males=6_nmar=1,6,1
0,6,500,500,70.84611389086815,253.27813034463452,36.41697447988023,0,0,0,374,D_pmar=0.054_dist=500_repair_6_males=6_nmar=1,6,1
0,10,1000,0,72.5661522145772,269.23419803046437,18.220106343322815,0,0,0,374,D_pmar=0.054_dist=500_repair_6_males=6_nmar=1,6,1
0.054,9,1000,500,72.56945658987149,282.95379793400804,0,20,2.0000000000000004,2.6990273089455292,374,D_pmar=0.054_dist=500_repair_6_males=6_nmar=1,6,1
0,11,0,0,70.36665642045806,259.3039232549849,30.377724847265853,0,0,0,375,D_pmar=0.054_dist=500_repair_6_males=6_nmar=1,6,1
0,12,0,500,70.79645855080834,229.0415751146294,60.2675709398438,0,0,0,375,D_pmar=0.054_dist=500_repair_6_males=6_nmar=1,6,1
0,4,500,0,68.0444210901943,285.79563900583247,6.216894637717629,0,0,0,375,D_pmar=0.054_dist=500_repair_6_males=6_nmar=1,6,1
0,8,500,500,71.49716649954136,246.4190091279229,42.18828634456738,0,0,0,375,D_pmar=0.054_dist=500_repair_6_males=6_nmar=1,6,1
0,12,1000,0,68.56422077960464,285.4383549742076,6.076163630269446,0,0,0,375,D_pmar=0.054_dist=500_repair_6_males=6_nmar=1,6,1
0.054,7,1000,500,68.09946063545702,286.37970824949207,0,24,2.400000000000001,3.1216877839317165,375,D_pmar=0.054_dist=500_repair_6_males=6_nmar=1,6,1
0.054,5,0,0,68.35676808958301,288.4588414674821,0,12,1.2,2.038000707415338,376,D_pmar=0.054_dist=500_repair_6_males=6_nmar=1,6,1
0,9,0,500,70.5014178787313,289.5156583075727,0,0,0,0,376,D_pmar=0.054_dist=500_repair_6_males=6_nmar=1,6,1
0,11,500,0,71.35813219934182,282.7438791867462,6.052689310868066,0,0,0,376,D_pmar=0.054_dist=500_repair_6_males=6_nmar=1,6,1
0,5,500,500,69.40620153810244,260.48287186803384,30.275689095919848,0,0,0,376,D_pmar=0.054_dist=500_repair_6_males=6_nmar=1,6,1
0,10,1000,0,72.50337444796364,262.87491266054144,24.710338109003622,0,0,0,376,D_pmar=0.054_dist=500_repair_6_males=6_nmar=1,6,1
0,14,1000,500,67.26182508943698,280.61383600133007,12.256895819425967,0,0,0,376,D_pmar=0.054_dist=500_repair_6_males=6_nmar=1,6,1
0.054,11,0,0,71.75104441084659,284.6342786156692,0,16,1.6000000000000003,2.0555321729912803,377,D_pmar=0.054_dist=500_repair_6_males=6_nmar=1,6,1
0,19,0,500,69.43872514490091,253.73763269111072,36.910233246570165,0,0,0,377,D_pmar=0.054_dist=500_repair_6_males=6_nmar=1,6,1
0,11,500,0,67.2951845068155,268.5077720473036,24.45548518450267,0,0,0,377,D_pmar=0.054_dist=500_repair_6_males=6_nmar=1,6,1
0,3,500,500,75.97979991999834,284.26628920104616,0,0,0,0,377,D_pmar=0.054_dist=500_repair_6_males=6_nmar=1,6,1
0,3,1000,0,73.54324145205611,274.4859086249402,12.196471492574736,0,0,0,377,D_pmar=0.054_dist=500_repair_6_males=6_nmar=1,6,1
0,7,1000,500,72.90160391492861,263.07455536418934,24.23922754947531,0,0,0,377,D_pmar=0.054_dist=500_repair_6_males=6_nmar=1,6,1
0,12,0,0,71.97834113174068,257.3983147569854,30.8386983151126,0,0,0,378,D_pmar=0.054_dist=500_repair_6_males=6_nmar=1,6,1
0,12,0,500,72.79139085506264,281.13480800730156,6.1638068640413195,0,0,0,378,D_pmar=0.054_dist=500_repair_6_males=6_nmar=1,6,1
0.054,6,500,0,71.68969394462124,284.0687206497846,0,17,1.7000000000000004,2.6689724761418203,378,D_pmar=0.054_dist=500_repair_6_males=6_nmar=1,6,1
0,9,500,500,74.21868118548115,273.5677151967718,12.25541182374687,0,0,0,378,D_pmar=0.054_dist=500_repair_6_males=6_nmar=1,6,1
0,10,1000,0,68.6934646047314,255.1003533010091,36.343389891513965,0,0,0,378,D_pmar=0.054_dist=500_repair_6_males=6_nmar=1,6,1
0,5,1000,500,67.15730456996816,277.156307892758,15.719589486843986,0,0,0,378,D_pmar=0.054_dist=500_repair_6_males=6_nmar=1,6,1
0,5,0,0,65.66405924404326,257.80711590055694,36.58653335956295,0,0,0,379,D_pmar=0.054_dist=500_repair_6_males=6_nmar=1,6,1
0,7,0,500,69.82644201449347,284.093069315562,6.104218612235748,0,0,0,379,D_pmar=0.054_dist=500_repair_6_males=6_nmar=1,6,1
0,7,500,0,69.52991729309343,284.39313277809515,6.107570572504402,0,0,0,379,D_pmar=0.054_dist=500_repair_6_males=6_nmar=1,6,1
0,16,500,500,69.29971386925195,290.7517039695402,0,0,0,0,379,D_pmar=0.054_dist=500_repair_6_males=6_nmar=1,6,1
0,12,1000,0,71.85730912724023,245.475610179322,42.764974740235125,0,0,0,379,D_pmar=0.054_dist=500_repair_6_males=6_nmar=1,6,1
0.054,7,1000,500,67.88855780342516,288.03663161941677,0,15,1.5000000000000002,2.6874676120960657,379,D_pmar=0.054_dist=500_repair_6_males=6_nmar=1,6,1
0,4,0,0,69.60249605921497,290.52784872942743,0,0,0,0,37,D_pmar=0.054_dist=500_repair_6_males=6_nmar=1,6,1
0,19,0,500,71.31607342913937,227.8096773186525,60.96907400577946,0,0,0,37,D_pmar=0.054_dist=500_repair_6_males=6_nmar=1,6,1
0.054,10,500,0,66.72686435134905,289.42278109777055,0,19,1.9000000000000008,2.034029113080759,37,D_pmar=0.054_dist=500_repair_6_males=6_nmar=1,6,1
0,7,500,500,71.5931663504404,276.29119462316567,12.138135648402924,0,0,0,37,D_pmar=0.054_dist=500_repair_6_males=6_nmar=1,6,1
0,7,1000,0,68.90129805022812,291.1269020260174,0,0,0,0,37,D_pmar=0.054_dist=500_repair_6_males=6_nmar=1,6,1
0,7,1000,500,70.39070678754226,246.6479685918812,42.9648586559714,0,0,0,37,D_pmar=0.054_dist=500_repair_6_males=6_nmar=1,6,1
0,7,0,0,67.09286392841717,287.0055840615023,6.139271900053018,0,0,0,380,D_pmar=0.054_dist=500_repair_6_males=6_nmar=1,6,1
0,16,0,500,71.75911193200638,288.2426917030864,0,0,0,0,380,D_pmar=0.054_dist=500_repair_6_males=6_nmar=1,6,1
0.054,4,500,0,71.55093717309063,284.524523197683,0,18,1.8000000000000005,2.233151295254621,380,D_pmar=0.054_dist=500_repair_6_males=6_nmar=1,6,1
0,4,500,500,72.54967563421292,263.17977865391487,24.412983361712495,0,0,0,380,D_pmar=0.054_dist=500_repair_6_males=6_nmar=1,6,1
0,9,1000,0,71.721685999995,275.97281391158873,12.390248125201015,0,0,0,380,D_pmar=0.054_dist=500_repair_6_males=6_nmar=1,6,1
0,14,1000,500,68.08026366896544,225.2336527141706,66.7978915216107,0,0,0,380,D_pmar=0.054_dist=500_repair_6_males=6_nmar=1,6,1
0,10,0,0,69.18304814572593,272.4562876513188,18.375073209211244,0,0,0,381,D_pmar=0.054_dist=500_repair_6_males=6_nmar=1,6,1
0,23,0,500,71.22794540087797,256.9921784490252,31.81499100839656,0,0,0,381,D_pmar=0.054_dist=500_repair_6_males=6_nmar=1,6,1
0,5,500,0,70.35353564841147,289.6553504631125,0,0,0,0,381,D_pmar=0.054_dist=500_repair_6_males=6_nmar=1,6,1
0.054,5,500,500,69.01866553139776,286.6781451726425,0,18,1.8000000000000005,2.690931974220363,381,D_pmar=0.054_dist=500_repair_6_males=6_nmar=1,6,1
0,3,1000,0,67.24603008824694,262.11617294948405,30.666341767702303,0,0,0,381,D_pmar=0.054_dist=500_repair_6_males=6_nmar=1,6,1
0,8,1000,500,71.55400813636014,264.07881563961797,24.513203542963556,0,0,0,381,D_pmar=0.054_dist=500_repair_6_males=6_nmar=1,6,1
0,11,0,0,66.1431797715816,293.9286702115216,0,0,0,0,382,D_pmar=0.054_dist=500_repair_6_males=6_nmar=1,6,1
0,8,0,500,69.08472610918756,284.8149535611172,6.111343751680507,0,0,0,382,D_pmar=0.054_dist=500_repair_6_males=6_nmar=1,6,1
0.054,6,500,0,67.86370840506878,288.3983129356496,0,13,1.3,2.601499451640056,382,D_pmar=0.054_dist=500_repair_6_males=6_nmar=1,6,1
0,11,500,500,68.55598843108,267.03660952165626,24.43388257945004,0,0,0,382,D_pmar=0.054_dist=500_repair_6_males=6_nmar=1,6,1
0,7,1000,0,68.48218198461491,273.2492431876257,18.33866497816271,0,0,0,382,D_pmar=0.054_dist=500_repair_6_males=6_nmar=1,6,1
0,11,1000,500,66.19548609420148,263.44511982311764,30.417333997851852,0,0,0,382,D_pmar=0.054_dist=500_repair_6_males=6_nmar=1,6,1
0.054,5,0,0,66.23383222783325,290.7092822308192,0,10,1,2.0942624063657314,383,D_pmar=0.054_dist=500_repair_6_males=6_nmar=1,6,1
0,8,0,500,71.35770076494723,251.9303847406147,36.8608776247959,0,0,0,383,D_pmar=0.054_dist=500_repair_6_males=6_nmar=1,6,1
0,7,500,0,70.2169902544145,283.7033371173131,6.081780198716387,0,0,0,383,D_pmar=0.054_dist=500_repair_6_males=6_nmar=1,6,1
0,3,500,500,71.39612061921908,288.64274113245995,0,0,0,0,383,D_pmar=0.054_dist=500_repair_6_males=6_nmar=1,6,1
0,18,1000,0,69.97858688296535,271.67815775275176,18.42251842067823,0,0,0,383,D_pmar=0.054_dist=500_repair_6_males=6_nmar=1,6,1
0,13,1000,500,71.51276285493024,288.59086142901486,0,0,0,0,383,D_pmar=0.054_dist=500_repair_6_males=6_nmar=1,6,1
0,6,0,0,72.83355131008973,287.47927995464033,0,0,0,0,384,D_pmar=0.054_dist=500_repair_6_males=6_nmar=1,6,1
0,13,0,500,66.32738966367374,287.62880237613433,6.081685403257919,0,0,0,384,D_pmar=0.054_dist=500_repair_6_males=6_nmar=1,6,1
0.054,4,500,0,72.3499778254905,282.8874041994282,0,17,1.7000000000000004,3.211250412974992,384,D_pmar=0.054_dist=500_repair_6_males=6_nmar=1,6,1
0,9,500,500,69.67817586398355,253.99807011940467,36.48645239728738,0,0,0,384,D_pmar=0.054_dist=500_repair_6_males=6_nmar=1,6,1
0,13,1000,0,67.62014129594152,237.87890607217503,54.6145490075759,0,0,0,384,D_pmar=0.054_dist=500_repair_6_males=6_nmar=1,6,1
0,9,1000,500,73.71493085052819,280.50395451086314,6.164726729132267,0,0,0,384,D_pmar=0.054_dist=500_repair_6_males=6_nmar=1,6,1
0,7,0,0,71.8301362351172,276.07076132710085,12.10571223858587,0,0,0,385,D_pmar=0.054_dist=500_repair_6_males=6_nmar=1,6,1
0,14,0,500,72.55235371350558,269.3206571732035,18.22522186027828,0,0,0,385,D_pmar=0.054_dist=500_repair_6_males=6_nmar=1,6,1
0,10,500,0,71.08275172961382,278.5183374705818,10.472238426158787,0,0,0,385,D_pmar=0.054_dist=500_repair_6_males=6_nmar=1,6,1
0,6,500,500,69.4695654044255,290.5388097300851,0,0,0,0,385,D_pmar=0.054_dist=500_repair_6_males=6_nmar=1,6,1
0,7,1000,0,71.7979647334726,274.5240397037992,13.803942613297007,0,0,0,385,D_pmar=0.054_dist=500_repair_6_males=6_nmar=1,6,1
0.054,10,1000,500,73.67582907500541,283.41361275630805,0,10,1,1.9510247973949504,385,D_pmar=0.054_dist=500_repair_6_males=6_nmar=1,6,1
0.054,21,0,0,70.57020772562976,285.7102341917438,0,16,1.6000000000000003,2.1990740740740753,386,D_pmar=0.054_dist=500_repair_6_males=6_nmar=1,6,1
0,7,0,500,70.76240598665393,258.84513865984877,30.56550509860253,0,0,0,386,D_pmar=0.054_dist=500_repair_6_males=6_nmar=1,6,1
0,11,500,0,67.28578529971414,262.11354035275224,30.63009194972952,0,0,0,386,D_pmar=0.054_dist=500_repair_6_males=6_nmar=1,6,1
0,6,500,500,69.90882920505845,272.1851278371214,18.140982605363916,0,0,0,386,D_pmar=0.054_dist=500_repair_6_males=6_nmar=1,6,1
0,4,1000,0,68.63777986558777,273.19591714909944,18.187522780556975,0,0,0,386,D_pmar=0.054_dist=500_repair_6_males=6_nmar=1,6,1
0,5,1000,500,74.37313045700712,285.69841332618677,0,0,0,0,386,D_pmar=0.054_dist=500_repair_6_males=6_nmar=1,6,1
0,9,0,0,69.2895948813724,284.935288338103,6.103892003691798,0,0,0,387,D_pmar=0.054_dist=500_repair_6_males=6_nmar=1,6,1
0,9,0,500,72.0007927968943,269.78966350133095,18.34442695396475,0,0,0,387,D_pmar=0.054_dist=500_repair_6_males=6_nmar=1,6,1
0,8,500,0,72.69513235476556,256.95796234175054,30.456394347230496,0,0,0,387,D_pmar=0.054_dist=500_repair_6_males=6_nmar=1,6,1
0.054,11,500,500,73.96250775775472,282.3356816941101,0,14,1.4,2.346869822010424,387,D_pmar=0.054_dist=500_repair_6_males=6_nmar=1,6,1
0,3,1000,0,72.65603052400637,269.27939088518133,18.318919647187418,0,0,0,387,D_pmar=0.054_dist=500_repair_6_males=6_nmar=1,6,1
0,14,1000,500,67.09130809348635,280.76754232576155,12.165222008375109,0,0,0,387,D_pmar=0.054_dist=500_repair_6_males=6_nmar=1,6,1
0.054,4,0,0,70.3031196563939,285.4427754583237,0,15,1.5000000000000002,2.7865104511761967,388,D_pmar=0.054_dist=500_repair_6_males=6_nmar=1,6,1
0,10,0,500,70.05062240725634,271.86500306552205,18.11361233778932,0,0,0,388,D_pmar=0.054_dist=500_repair_6_males=6_nmar=1,6,1
0,7,500,0,67.8505313528694,261.8546124688252,30.36818953468832,0,0,0,388,D_pmar=0.054_dist=500_repair_6_males=6_nmar=1,6,1
0,12,500,500,70.02201042857915,289.99842509384996,0,0,0,0,388,D_pmar=0.054_dist=500_repair_6_males=6_nmar=1,6,1
0,4,1000,0,70.59695283396519,283.42853847761677,6.092146218865502,0,0,0,388,D_pmar=0.054_dist=500_repair_6_males=6_nmar=1,6,1
0,17,1000,500,71.55441955604067,251.69503115637855,36.78874797002173,0,0,0,388,D_pmar=0.054_dist=500_repair_6_males=6_nmar=1,6,1
0.054,10,0,0,70.22553589540517,285.28465510718536,0,19,1.9000000000000008,2.612732816784467,389,D_pmar=0.054_dist=500_repair_6_males=6_nmar=1,6,1
0,12,0,500,70.42950862259438,264.9722352863771,24.705020253613327,0,0,0,389,D_pmar=0.054_dist=500_repair_6_males=6_nmar=1,6,1
0,8,500,0,71.01281299791654,252.5874208466625,36.44628209119288,0,0,0,389,D_pmar=0.054_dist=500_repair_6_males=6_nmar=1,6,1
0,13,500,500,67.83783177779421,286.1420783388647,6.068398561066342,0,0,0,389,D_pmar=0.054_dist=500_repair_6_males=6_nmar=1,6,1
0,9,1000,0,74.5714579803855,247.23195654665804,38.20161645115473,0,0,0,389,D_pmar=0.054_dist=500_repair_6_males=6_nmar=1,6,1
0,2,1000,500,68.7117169046443,285.1707282950073,6.152009027285394,0,0,0,389,D_pmar=0.054_dist=500_repair_6_males=6_nmar=1,6,1
0.054,11,0,0,70.07288488920973,285.4419365381327,0,21,2.1000000000000005,2.4058924256327523,38,D_pmar=0.054_dist=500_repair_6_males=6_nmar=1,6,1
0,13,0,500,73.05362764335285,244.4920504282905,42.547783735502314,0,0,0,38,D_pmar=0.054_dist=500_repair_6_males=6_nmar=1,6,1
0,3,500,0,70.43754474045376,289.6241157127291,0,0,0,0,38,D_pmar=0.054_dist=500_repair_6_males=6_nmar=1,6,1
0,11,500,500,71.84390783133198,264.0396835485823,24.134381662976175,0,0,0,38,D_pmar=0.054_dist=500_repair_6_males=6_nmar=1,6,1
0,9,1000,0,69.55111886813032,235.6442921419311,54.868150040336765,0,0,0,38,D_pmar=0.054_dist=500_repair_6_males=6_nmar=1,6,1
0,7,1000,500,70.97056600694907,282.8683606584157,6.200598095323071,0,0,0,38,D_pmar=0.054_dist=500_repair_6_males=6_nmar=1,6,1
0,4,0,0,68.01997893620499,286.12177164252336,6.000843141249791,0,0,0,390,D_pmar=0.054_dist=500_repair_6_males=6_nmar=1,6,1
0,14,0,500,68.0844217001739,292.0292350013471,0,0,0,0,390,D_pmar=0.054_dist=500_repair_6_males=6_nmar=1,6,1
0,4,500,0,72.52702210486325,281.457472792178,6.126415408580797,0,0,0,390,D_pmar=0.054_dist=500_repair_6_males=6_nmar=1,6,1
0.054,5,500,500,68.53900830990452,287.6847666250486,0,12,1.2,2.6993095614645037,390,D_pmar=0.054_dist=500_repair_6_males=6_nmar=1,6,1
0,5,1000,0,68.3866575891272,285.6327690436719,6.010561207764866,0,0,0,390,D_pmar=0.054_dist=500_repair_6_males=6_nmar=1,6,1
0,22,1000,500,70.15981043455243,239.3923111730466,50.497528334545606,0,0,0,390,D_pmar=0.054_dist=500_repair_6_males=6_nmar=1,6,1
0,10,0,0,72.21415912430781,263.455465583806,24.372057048003157,0,0,0,391,D_pmar=0.054_dist=500_repair_6_males=6_nmar=1,6,1
0,12,0,500,72.18467996972647,275.5755543179715,12.434321164375715,0,0,0,391,D_pmar=0.054_dist=500_repair_6_males=6_nmar=1,6,1
0,6,500,0,70.67893755885822,283.3675650548008,6.011085022445856,0,0,0,391,D_pmar=0.054_dist=500_repair_6_males=6_nmar=1,6,1
0,10,500,500,70.98630886112443,240.16216139196737,48.91217540757232,0,0,0,391,D_pmar=0.054_dist=500_repair_6_males=6_nmar=1,6,1
0,10,1000,0,70.41112170894053,283.602251547629,6.224580397195867,0,0,0,391,D_pmar=0.054_dist=500_repair_6_males=6_nmar=1,6,1
0.054,6,1000,500,72.20649065993574,284.0696140956459,0,16,1.6000000000000003,2.266547098575842,391,D_pmar=0.054_dist=500_repair_6_males=6_nmar=1,6,1
0,12,0,0,71.7898581274523,257.9781760637912,30.36300479803018,0,0,0,392,D_pmar=0.054_dist=500_repair_6_males=6_nmar=1,6,1
0,6,0,500,71.98008184660146,288.047468988423,0,0,0,0,392,D_pmar=0.054_dist=500_repair_6_males=6_nmar=1,6,1
0.054,5,500,0,72.62764707732764,283.82053749947886,0,12,1.2,2.482598640887029,392,D_pmar=0.054_dist=500_repair_6_males=6_nmar=1,6,1
0,6,500,500,68.49613683308247,279.55487935702484,12.09499382624988,0,0,0,392,D_pmar=0.054_dist=500_repair_6_males=6_nmar=1,6,1
0,14,1000,0,71.8201887128067,263.8534805230321,24.46790115268379,0,0,0,392,D_pmar=0.054_dist=500_repair_6_males=6_nmar=1,6,1
0,11,1000,500,70.86077090187788,283.24106734494035,6.190253584551034,0,0,0,392,D_pmar=0.054_dist=500_repair_6_males=6_nmar=1,6,1
0.054,17,0,0,70.1081378213471,286.9755077392032,0,11,1.1,1.944444444444444,393,D_pmar=0.054_dist=500_repair_6_males=6_nmar=1,6,1
0,5,0,500,68.23441412808045,267.7467042658715,24.296851915586014,0,0,0,393,D_pmar=0.054_dist=500_repair_6_males=6_nmar=1,6,1
0,12,500,0,75.20930149978287,266.43735570651864,18.444333638707292,0,0,0,393,D_pmar=0.054_dist=500_repair_6_males=6_nmar=1,6,1
0,9,500,500,72.82734985596879,275.3116431764165,12.063085859240228,0,0,0,393,D_pmar=0.054_dist=500_repair_6_males=6_nmar=1,6,1
0,0,1000,0,67.86405396765691,292.3031007761488,0,0,0,0,393,D_pmar=0.054_dist=500_repair_6_males=6_nmar=1,6,1
0,11,1000,500,70.5846880979126,277.16094136506115,12.344703582162758,0,0,0,393,D_pmar=0.054_dist=500_repair_6_males=6_nmar=1,6,1
0,4,0,0,74.93091847515021,279.0725148143422,6.071446905804379,0,0,0,394,D_pmar=0.054_dist=500_repair_6_males=6_nmar=1,6,1
0,11,0,500,74.4465573465028,267.1855011666225,18.371884981915997,0,0,0,394,D_pmar=0.054_dist=500_repair_6_males=6_nmar=1,6,1
0.054,13,500,0,73.61696942509325,283.00326785405184,0,13,1.3,2.142508083011668,394,D_pmar=0.054_dist=500_repair_6_males=6_nmar=1,6,1
0,11,500,500,68.1081244172649,279.6282007499331,12.279550410314146,0,0,0,394,D_pmar=0.054_dist=500_repair_6_males=6_nmar=1,6,1
0,6,1000,0,68.67007876289745,285.3401739036256,6.140329847029881,0,0,0,394,D_pmar=0.054_dist=500_repair_6_males=6_nmar=1,6,1
0,9,1000,500,71.69429731514583,254.7422035600504,33.667133353851824,0,0,0,394,D_pmar=0.054_dist=500_repair_6_males=6_nmar=1,6,1
0,8,0,0,74.13863513267266,255.04961660096612,30.839018558321907,0,0,0,395,D_pmar=0.054_dist=500_repair_6_males=6_nmar=1,6,1
0,9,0,500,67.74603442767996,279.9120863633238,12.347771196819927,0,0,0,395,D_pmar=0.054_dist=500_repair_6_males=6_nmar=1,6,1
0,8,500,0,69.8409040124986,247.78273910973053,42.66061856285106,0,0,0,395,D_pmar=0.054_dist=500_repair_6_males=6_nmar=1,6,1
0,6,500,500,68.91724495975745,272.9355483665263,18.18334330930071,0,0,0,395,D_pmar=0.054_dist=500_repair_6_males=6_nmar=1,6,1
0,11,1000,0,70.28678988231509,264.128296936,25.60517047892561,0,0,0,395,D_pmar=0.054_dist=500_repair_6_males=6_nmar=1,6,1
0.054,12,1000,500,69.9105813708766,285.9716207793597,0,22,2.2000000000000006,2.0564958433695812,395,D_pmar=0.054_dist=500_repair_6_males=6_nmar=1,6,1
0,9,0,0,67.70450897783591,268.2496545520808,24.347801713489073,0,0,0,396,D_pmar=0.054_dist=500_repair_6_males=6_nmar=1,6,1
0,4,0,500,67.08552339149996,274.76497324698255,18.36886506734271,0,0,0,396,D_pmar=0.054_dist=500_repair_6_males=6_nmar=1,6,1
0,12,500,0,66.95620170845868,256.587120489383,36.50473635427189,0,0,0,396,D_pmar=0.054_dist=500_repair_6_males=6_nmar=1,6,1
0,8,500,500,72.05796118511627,287.96597070366266,0,0,0,0,396,D_pmar=0.054_dist=500_repair_6_males=6_nmar=1,6,1
0.054,8,1000,0,70.32249700367568,285.6270547352684,0,15,1.5000000000000002,2.619690295482285,396,D_pmar=0.054_dist=500_repair_6_males=6_nmar=1,6,1
0,13,1000,500,67.79754557246763,280.1396623606521,12.275763416552694,0,0,0,396,D_pmar=0.054_dist=500_repair_6_males=6_nmar=1,6,1
0,9,0,0,72.90320560816049,262.69783497666606,24.423662062527622,0,0,0,397,D_pmar=0.054_dist=500_repair_6_males=6_nmar=1,6,1
0,16,0,500,71.12407214698794,282.76557893408716,6.125636524647482,0,0,0,397,D_pmar=0.054_dist=500_repair_6_males=6_nmar=1,6,1
0,11,500,0,67.72937626865222,286.2998553640392,6.156140019485837,0,0,0,397,D_pmar=0.054_dist=500_repair_6_males=6_nmar=1,6,1
0,5,500,500,71.5953519186698,221.7558945874936,66.79994739715603,0,0,0,397,D_pmar=0.054_dist=500_repair_6_males=6_nmar=1,6,1
0,7,1000,0,68.7506227604834,254.5917204332086,36.72849140255127,0,0,0,397,D_pmar=0.054_dist=500_repair_6_males=6_nmar=1,6,1
0.054,6,1000,500,70.10915750422852,285.1199483498223,0,23,2.3000000000000007,2.559152710085299,397,D_pmar=0.054_dist=500_repair_6_males=6_nmar=1,6,1
0,7,0,0,69.33944984149709,254.03448573166423,36.68669127106269,0,0,0,398,D_pmar=0.054_dist=500_repair_6_males=6_nmar=1,6,1
0.054,12,0,500,73.86150200986417,282.9704907384539,0,13,1.3,1.9980025115505724,398,D_pmar=0.054_dist=500_repair_6_males=6_nmar=1,6,1
0,11,500,0,68.97400161998193,285.0799151901245,6.051264097299912,0,0,0,398,D_pmar=0.054_dist=500_repair_6_males=6_nmar=1,6,1
0,6,500,500,69.13797945222677,284.63826314093006,6.264567299112418,0,0,0,398,D_pmar=0.054_dist=500_repair_6_males=6_nmar=1,6,1
0,6,1000,0,71.73614809374584,263.9594606278693,24.40698925530313,0,0,0,398,D_pmar=0.054_dist=500_repair_6_males=6_nmar=1,6,1
0,12,1000,500,71.20658421986677,282.73411748826027,6.092771276357567,0,0,0,398,D_pmar=0.054_dist=500_repair_6_males=6_nmar=1,6,1
0.054,9,0,0,70.10780223652561,285.445113968255,0,22,2.2000000000000006,2.325743887847215,399,D_pmar=0.054_dist=500_repair_6_males=6_nmar=1,6,1
0,4,0,500,71.23661509029012,288.86699951753343,0,0,0,0,399,D_pmar=0.054_dist=500_repair_6_males=6_nmar=1,6,1
0,18,500,0,71.03516405955469,276.9193321274674,12.19453407050752,0,0,0,399,D_pmar=0.054_dist=500_repair_6_males=6_nmar=1,6,1
0,12,500,500,70.59015550567746,240.5982712211926,48.95186022695851,0,0,0,399,D_pmar=0.054_dist=500_repair_6_males=6_nmar=1,6,1
0,8,1000,0,73.28094596679803,244.22563439868253,42.56571954986482,0,0,0,399,D_pmar=0.054_dist=500_repair_6_males=6_nmar=1,6,1
0,3,1000,500,70.36423877792231,259.14730590417054,30.68731537053882,0,0,0,399,D_pmar=0.054_dist=500_repair_6_males=6_nmar=1,6,1
0,9,0,0,70.69079422210343,234.4423074268454,54.869446949811106,0,0,0,39,D_pmar=0.054_dist=500_repair_6_males=6_nmar=1,6,1
0,17,0,500,69.3058374937934,284.6855008874866,6.017790546973496,0,0,0,39,D_pmar=0.054_dist=500_repair_6_males=6_nmar=1,6,1
0,15,500,0,71.98827419707105,288.062270966963,0,0,0,0,39,D_pmar=0.054_dist=500_repair_6_males=6_nmar=1,6,1
0,4,500,500,67.65157160868317,292.39452882837526,0,0,0,0,39,D_pmar=0.054_dist=500_repair_6_males=6_nmar=1,6,1
0,7,1000,0,69.9229303631766,259.75642960225895,30.4004918961966,0,0,0,39,D_pmar=0.054_dist=500_repair_6_males=6_nmar=1,6,1
0.054,2,1000,500,69.1619905529456,286.3482444573046,0,15,1.5000000000000002,3.0119981243381617,39,D_pmar=0.054_dist=500_repair_6_males=6_nmar=1,6,1
0.054,14,0,0,68.97887758110308,287.3609576719416,0,19,1.9000000000000008,1.9430816087257927,400,D_pmar=0.054_dist=500_repair_6_males=6_nmar=1,6,1
0,8,0,500,70.39118458457668,252.39058614539564,37.29975274923856,0,0,0,400,D_pmar=0.054_dist=500_repair_6_males=6_nmar=1,6,1
0,12,500,0,73.91476936922628,274.0313919581608,12.132093770596043,0,0,0,400,D_pmar=0.054_dist=500_repair_6_males=6_nmar=1,6,1
0,2,500,500,72.2637363770189,269.4290622940072,18.43079109971928,0,0,0,400,D_pmar=0.054_dist=500_repair_6_males=6_nmar=1,6,1
0,14,1000,0,73.86687138570902,261.8894883808671,24.29043056443844,0,0,0,400,D_pmar=0.054_dist=500_repair_6_males=6_nmar=1,6,1
0,4,1000,500,70.19545525699765,265.4286051119683,24.44983567853696,0,0,0,400,D_pmar=0.054_dist=500_repair_6_males=6_nmar=1,6,1
0,11,0,0,68.9184449457748,291.1596904340183,0,0,0,0,401,D_pmar=0.054_dist=500_repair_6_males=6_nmar=1,6,1
0,8,0,500,70.9136379137966,270.80771408113173,18.349230526418925,0,0,0,401,D_pmar=0.054_dist=500_repair_6_males=6_nmar=1,6,1
0,10,500,0,70.41259545757482,265.24029902423996,24.435554426252462,0,0,0,401,D_pmar=0.054_dist=500_repair_6_males=6_nmar=1,6,1
0,7,500,500,69.21635257911221,254.16585834108616,36.67610027878826,0,0,0,401,D_pmar=0.054_dist=500_repair_6_males=6_nmar=1,6,1
0,3,1000,0,71.71002204741058,251.76437751941617,36.595665866067584,0,0,0,401,D_pmar=0.054_dist=500_repair_6_males=6_nmar=1,6,1
0.054,15,1000,500,74.98528655014803,280.6887624761915,0,19,1.9000000000000008,2.4877809248842535,401,D_pmar=0.054_dist=500_repair_6_males=6_nmar=1,6,1
0,8,0,0,68.98075877640268,254.75761391929535,36.47955446987142,0,0,0,402,D_pmar=0.054_dist=500_repair_6_males=6_nmar=1,6,1
0.054,8,0,500,71.56484285959436,284.7646615225008,0,18,1.8000000000000005,2.095530368856046,402,D_pmar=0.054_dist=500_repair_6_males=6_nmar=1,6,1
0,8,500,0,71.08123773976828,264.41259814719547,24.67335589690125,0,0,0,402,D_pmar=0.054_dist=500_repair_6_males=6_nmar=1,6,1
0,10,500,500,69.56109803043188,272.2779056322602,18.232890392249136,0,0,0,402,D_pmar=0.054_dist=500_repair_6_males=6_nmar=1,6,1
0,4,1000,0,70.26387815474115,259.18155671278214,30.56492454805913,0,0,0,402,D_pmar=0.054_dist=500_repair_6_males=6_nmar=1,6,1
0,16,1000,500,75.20849407021446,284.8658268752783,0,0,0,0,402,D_pmar=0.054_dist=500_repair_6_males=6_nmar=1,6,1
0,7,0,0,76.21554054866945,271.60475057924225,12.269601366842275,0,0,0,403,D_pmar=0.054_dist=500_repair_6_males=6_nmar=1,6,1
0,7,0,500,70.34302659847944,283.5788804393775,6.195865322451368,0,0,0,403,D_pmar=0.054_dist=500_repair_6_males=6_nmar=1,6,1
0,7,500,0,71.44075189812727,288.59197345193735,0,0,0,0,403,D_pmar=0.054_dist=500_repair_6_males=6_nmar=1,6,1
0,16,500,500,71.51308275134481,270.4543403889364,18.238960486395783,0,0,0,403,D_pmar=0.054_dist=500_repair_6_males=6_nmar=1,6,1
0,4,1000,0,70.63238967926209,271.2837303561949,18.09245938434255,0,0,0,403,D_pmar=0.054_dist=500_repair_6_males=6_nmar=1,6,1
0.054,13,1000,500,71.67388601881224,285.651536597927,0,9,0.8999999999999999,1.932529661440707,403,D_pmar=0.054_dist=500_repair_6_males=6_nmar=1,6,1
0,11,0,0,69.64166301705448,260.1255580637823,30.338076172196892,0,0,0,404,D_pmar=0.054_dist=500_repair_6_males=6_nmar=1,6,1
0,0,0,500,71.17662667815696,258.31300087202027,30.58901725303511,0,0,0,404,D_pmar=0.054_dist=500_repair_6_males=6_nmar=1,6,1
0,12,500,0,70.89777804889223,277.0647339921475,12.07027526201131,0,0,0,404,D_pmar=0.054_dist=500_repair_6_males=6_nmar=1,6,1
0,7,500,500,68.79284530179073,272.62408372322415,18.598078257490776,0,0,0,404,D_pmar=0.054_dist=500_repair_6_males=6_nmar=1,6,1
0,10,1000,0,72.26809118646324,263.31113192174695,24.428171549306956,0,0,0,404,D_pmar=0.054_dist=500_repair_6_males=6_nmar=1,6,1
0.054,14,1000,500,75.30475982718967,280.58989989812153,0,19,1.9000000000000008,2.3630384518677148,404,D_pmar=0.054_dist=500_repair_6_males=6_nmar=1,6,1
0,4,0,0,67.20310411889868,286.637862355938,6.202818953548336,0,0,0,405,D_pmar=0.054_dist=500_repair_6_males=6_nmar=1,6,1
0,13,0,500,72.28128138164445,263.47569093662514,24.34204479891406,0,0,0,405,D_pmar=0.054_dist=500_repair_6_males=6_nmar=1,6,1
0,11,500,0,69.68173062857623,253.97815668863296,36.47653124357275,0,0,0,405,D_pmar=0.054_dist=500_repair_6_males=6_nmar=1,6,1
0,11,500,500,70.72357192519178,289.35543122455914,0,0,0,0,405,D_pmar=0.054_dist=500_repair_6_males=6_nmar=1,6,1
0.054,10,1000,0,71.90253366215855,284.2407348943735,0,14,1.4,2.4998258143509573,405,D_pmar=0.054_dist=500_repair_6_males=6_nmar=1,6,1
0,5,1000,500,66.98957892970003,274.83040774259064,18.21807051507255,0,0,0,405,D_pmar=0.054_dist=500_repair_6_males=6_nmar=1,6,1
0,14,0,0,71.20195106224894,288.8802264469669,0,0,0,0,406,D_pmar=0.054_dist=500_repair_6_males=6_nmar=1,6,1
0.054,11,0,500,73.43582742061383,282.9270321179975,0,14,1.4,2.290833102751336,406,D_pmar=0.054_dist=500_repair_6_males=6_nmar=1,6,1
0,6,500,0,72.09447968015654,281.92725719271164,6.047566554044402,0,0,0,406,D_pmar=0.054_dist=500_repair_6_males=6_nmar=1,6,1
0,11,500,500,69.97064851438758,258.1446655869571,32.03934892634872,0,0,0,406,D_pmar=0.054_dist=500_repair_6_males=6_nmar=1,6,1
0,5,1000,0,66.57499791160751,293.6533641110341,0,0,0,0,406,D_pmar=0.054_dist=500_repair_6_males=6_nmar=1,6,1
0,7,1000,500,70.74708610911438,246.61040088305404,42.65666121302612,0,0,0,406,D_pmar=0.054_dist=500_repair_6_males=6_nmar=1,6,1
0,15,0,0,68.98624153420309,217.01216850853265,74.01759681928924,0,0,0,407,D_pmar=0.054_dist=500_repair_6_males=6_nmar=1,6,1
0.054,6,0,500,70.50541886314579,285.5697446573124,0,19,1.9000000000000008,2.09140662846546,407,D_pmar=0.054_dist=500_repair_6_males=6_nmar=1,6,1
0,5,500,0,67.58128109275891,292.510045850949,0,0,0,0,407,D_pmar=0.054_dist=500_repair_6_males=6_nmar=1,6,1
0,9,500,500,68.8265311745917,248.93641151337692,42.48916322362626,0,0,0,407,D_pmar=0.054_dist=500_repair_6_males=6_nmar=1,6,1
0,7,1000,0,72.74207940101458,287.3816421377137,0,0,0,0,407,D_pmar=0.054_dist=500_repair_6_males=6_nmar=1,6,1
0,12,1000,500,67.83571667193738,292.42815778804567,0,0,0,0,407,D_pmar=0.054_dist=500_repair_6_males=6_nmar=1,6,1
0,9,0,0,72.02583439674666,257.64280400361525,30.368954880247845,0,0,0,408,D_pmar=0.054_dist=500_repair_6_males=6_nmar=1,6,1
0,11,0,500,67.77277956409945,275.50047281308173,16.787941663252713,0,0,0,408,D_pmar=0.054_dist=500_repair_6_males=6_nmar=1,6,1
0,5,500,0,66.84437947367132,272.18724968394736,21.05306400098683,0,0,0,408,D_pmar=0.054_dist=500_repair_6_males=6_nmar=1,6,1
0,4,500,500,72.04923345793311,281.9245618722692,6.049736608192437,0,0,0,408,D_pmar=0.054_dist=500_repair_6_males=6_nmar=1,6,1
0.054,14,1000,0,67.23254298778569,289.6197471769343,0,14,1.4,1.8518518518518512,408,D_pmar=0.054_dist=500_repair_6_males=6_nmar=1,6,1
0,11,1000,500,68.7172591929289,285.23389137563737,6.1144880521650355,0,0,0,408,D_pmar=0.054_dist=500_repair_6_males=6_nmar=1,6,1
0,11,0,0,73.50131938569051,261.7577008420056,24.78571975501636,0,0,0,409,D_pmar=0.054_dist=500_repair_6_males=6_nmar=1,6,1
0,22,0,500,71.59616439647793,227.54018554602231,61.068528502132786,0,0,0,409,D_pmar=0.054_dist=500_repair_6_males=6_nmar=1,6,1
0,9,500,0,66.92446442793221,293.16919639168844,0,0,0,0,409,D_pmar=0.054_dist=500_repair_6_males=6_nmar=1,6,1
0,6,500,500,70.81495394804752,283.05840528967514,6.148671504705373,0,0,0,409,D_pmar=0.054_dist=500_repair_6_males=6_nmar=1,6,1
0,3,1000,0,67.99694932582253,292.0144139000722,0,0,0,0,409,D_pmar=0.054_dist=500_repair_6_males=6_nmar=1,6,1
0.054,3,1000,500,67.93446065668907,287.88883260372177,0,15,1.5000000000000002,2.725161341456916,409,D_pmar=0.054_dist=500_repair_6_males=6_nmar=1,6,1
0,15,0,0,69.17931114279374,266.4598149881662,24.44809764210502,0,0,0,40,D_pmar=0.054_dist=500_repair_6_males=6_nmar=1,6,1
0,6,0,500,70.78439144798553,277.1310020072599,12.159729864346438,0,0,0,40,D_pmar=0.054_dist=500_repair_6_males=6_nmar=1,6,1
0,5,500,0,75.66278429000465,262.74614300478777,21.597351981806437,0,0,0,40,D_pmar=0.054_dist=500_repair_6_males=6_nmar=1,6,1
0,7,500,500,67.79554755178141,286.3191963275031,6.081977880863486,0,0,0,40,D_pmar=0.054_dist=500_repair_6_males=6_nmar=1,6,1
0,7,1000,0,68.40035040530185,285.5333624683621,6.201867108766689,0,0,0,40,D_pmar=0.054_dist=500_repair_6_males=6_nmar=1,6,1
0.054,14,1000,500,70.16990554377766,286.3360935450936,0,12,1.2,2.3739895644931512,40,D_pmar=0.054_dist=500_repair_6_males=6_nmar=1,6,1
0,8,0,0,73.01732838913273,250.6490405835086,36.399887845585326,0,0,0,410,D_pmar=0.054_dist=500_repair_6_males=6_nmar=1,6,1
0,8,0,500,68.77123053832663,291.3715308942046,0,0,0,0,410,D_pmar=0.054_dist=500_repair_6_males=6_nmar=1,6,1
0.054,10,500,0,72.64296377983818,283.44473452067564,0,13,1.3,2.6351995470732894,410,D_pmar=0.054_dist=500_repair_6_males=6_nmar=1,6,1
0,8,500,500,70.47004948689931,283.2351481305236,6.2962067087166815,0,0,0,410,D_pmar=0.054_dist=500_repair_6_males=6_nmar=1,6,1
0,8,1000,0,71.04854644238176,270.74102805975645,18.320790864992688,0,0,0,410,D_pmar=0.054_dist=500_repair_6_males=6_nmar=1,6,1
0,12,1000,500,72.13579343151537,269.6369681853947,18.237503376445712,0,0,0,410,D_pmar=0.054_dist=500_repair_6_males=6_nmar=1,6,1
0,15,0,0,72.87663038832561,287.1463599452624,0,0,0,0,411,D_pmar=0.054_dist=500_repair_6_males=6_nmar=1,6,1
0.054,7,0,500,73.49802594465454,283.54054997275335,0,10,1,2.161003218965911,411,D_pmar=0.054_dist=500_repair_6_males=6_nmar=1,6,1
0,3,500,0,67.1375390458737,286.772343551723,6.103798086284563,0,0,0,411,D_pmar=0.054_dist=500_repair_6_males=6_nmar=1,6,1
0,8,500,500,72.75790493431408,281.28938315701504,6.056149173148572,0,0,0,411,D_pmar=0.054_dist=500_repair_6_males=6_nmar=1,6,1
0,13,1000,0,67.26550450017096,268.42885987803743,24.410394966337737,0,0,0,411,D_pmar=0.054_dist=500_repair_6_males=6_nmar=1,6,1
0,8,1000,500,70.50160750970731,265.0833501345061,24.558305149516706,0,0,0,411,D_pmar=0.054_dist=500_repair_6_males=6_nmar=1,6,1
0.054,12,0,0,70.07685084988029,286.6092916655138,0,12,1.2,2.123331529198099,412,D_pmar=0.054_dist=500_repair_6_males=6_nmar=1,6,1
0,6,0,500,72.87398662573567,268.64489706231876,18.54487306475461,0,0,0,412,D_pmar=0.054_dist=500_repair_6_males=6_nmar=1,6,1
0,4,500,0,69.15648307125947,291.20246851693236,0,0,0,0,412,D_pmar=0.054_dist=500_repair_6_males=6_nmar=1,6,1
0,15,500,500,72.95401441384682,287.06135422558566,0,0,0,0,412,D_pmar=0.054_dist=500_repair_6_males=6_nmar=1,6,1
0,9,1000,0,71.13903090442615,270.8214716378747,18.11077722160478,0,0,0,412,D_pmar=0.054_dist=500_repair_6_males=6_nmar=1,6,1
0,8,1000,500,65.00579953883562,258.80554141452563,36.38205385083148,0,0,0,412,D_pmar=0.054_dist=500_repair_6_males=6_nmar=1,6,1
0,3,0,0,67.80655120238242,261.81538021334893,30.41524889219724,0,0,0,413,D_pmar=0.054_dist=500_repair_6_males=6_nmar=1,6,1
0.054,5,0,500,69.48775475624015,286.9829108882887,0,13,1.3,2.3075310044119464,413,D_pmar=0.054_dist=500_repair_6_males=6_nmar=1,6,1
0,13,500,0,70.94033424315384,289.07247212194784,0,0,0,0,413,D_pmar=0.054_dist=500_repair_6_males=6_nmar=1,6,1
0,14,500,500,67.61658479049716,280.1911123578873,12.301284695304153,0,0,0,413,D_pmar=0.054_dist=500_repair_6_males=6_nmar=1,6,1
0,7,1000,0,72.38730817555701,257.2158078398278,30.484711786943524,0,0,0,413,D_pmar=0.054_dist=500_repair_6_males=6_nmar=1,6,1
0,12,1000,500,70.31168823067988,283.7421258777884,6.084764492022463,0,0,0,413,D_pmar=0.054_dist=500_repair_6_males=6_nmar=1,6,1
0,8,0,0,70.02063180794244,283.99229144956945,6.091614361726964,0,0,0,414,D_pmar=0.054_dist=500_repair_6_males=6_nmar=1,6,1
0,10,0,500,67.65325211439449,268.055488643898,24.450769418036217,0,0,0,414,D_pmar=0.054_dist=500_repair_6_males=6_nmar=1,6,1
0,5,500,0,67.53025483210756,292.55403740512753,0,0,0,0,414,D_pmar=0.054_dist=500_repair_6_males=6_nmar=1,6,1
0.054,13,500,500,68.23279193568919,287.08702558649264,0,19,1.9000000000000008,2.8989610154416847,414,D_pmar=0.054_dist=500_repair_6_males=6_nmar=1,6,1
0,12,1000,0,71.85579513748372,239.1161145214923,49.107100981588346,0,0,0,414,D_pmar=0.054_dist=500_repair_6_males=6_nmar=1,6,1
0,6,1000,500,68.56794896551293,255.17130273835056,36.35361962084106,0,0,0,414,D_pmar=0.054_dist=500_repair_6_males=6_nmar=1,6,1
0,19,0,0,74.85297880965311,260.67836016768473,24.544082789176635,0,0,0,415,D_pmar=0.054_dist=500_repair_6_males=6_nmar=1,6,1
0,8,0,500,73.56203947719395,286.46444694896155,0,0,0,0,415,D_pmar=0.054_dist=500_repair_6_males=6_nmar=1,6,1
0.054,9,500,0,65.56501984956054,290.9400746536287,0,15,1.5000000000000002,2.016193355392802,415,D_pmar=0.054_dist=500_repair_6_males=6_nmar=1,6,1
0,4,500,500,72.71807716321722,253.24783786443888,34.10206953258827,0,0,0,415,D_pmar=0.054_dist=500_repair_6_males=6_nmar=1,6,1
0,8,1000,0,72.009785448063,257.46630283561854,30.545581208780163,0,0,0,415,D_pmar=0.054_dist=500_repair_6_males=6_nmar=1,6,1
0,6,1000,500,72.28394512418075,287.86571202954025,0,0,0,0,415,D_pmar=0.054_dist=500_repair_6_males=6_nmar=1,6,1
0,5,0,0,73.89140286186375,286.2602182680564,0,0,0,0,416,D_pmar=0.054_dist=500_repair_6_males=6_nmar=1,6,1
0,6,0,500,70.05810175707828,271.53645403360343,18.409334278491254,0,0,0,416,D_pmar=0.054_dist=500_repair_6_males=6_nmar=1,6,1
0.054,11,500,0,70.91853005987332,285.80315270150504,0,12,1.2,2.364401287586367,416,D_pmar=0.054_dist=500_repair_6_males=6_nmar=1,6,1
0,7,500,500,71.31471290478164,264.4440582609935,24.333018746547435,0,0,0,416,D_pmar=0.054_dist=500_repair_6_males=6_nmar=1,6,1
0,19,1000,0,70.26123962700875,259.47088747205834,30.374030652543414,0,0,0,416,D_pmar=0.054_dist=500_repair_6_males=6_nmar=1,6,1
0,6,1000,500,70.22207272239578,289.92964196459695,0,0,0,0,416,D_pmar=0.054_dist=500_repair_6_males=6_nmar=1,6,1
0,6,0,0,68.63001397344627,291.55461018842186,0,0,0,0,417,D_pmar=0.054_dist=500_repair_6_males=6_nmar=1,6,1
0,7,0,500,70.37007548156258,283.6890146620538,6.093398950448387,0,0,0,417,D_pmar=0.054_dist=500_repair_6_males=6_nmar=1,6,1
0,12,500,0,71.96425512448357,269.8678757920197,18.25978385432165,0,0,0,417,D_pmar=0.054_dist=500_repair_6_males=6_nmar=1,6,1
0.054,7,500,500,70.5811235945822,285.7220270766259,0,16,1.6000000000000003,2.250834906886571,417,D_pmar=0.054_dist=500_repair_6_males=6_nmar=1,6,1
0,8,1000,0,69.25583885688027,254.3707855693178,36.67009249874064,0,0,0,417,D_pmar=0.054_dist=500_repair_6_males=6_nmar=1,6,1
0,14,1000,500,69.60532463078133,253.67497897712437,36.72492658119515,0,0,0,417,D_pmar=0.054_dist=500_repair_6_males=6_nmar=1,6,1
0.054,6,0,0,72.8041217745166,284.1441230747746,0,12,1.2,1.9588158400081013,418,D_pmar=0.054_dist=500_repair_6_males=6_nmar=1,6,1
0,11,0,500,69.6366756036324,284.3225017380965,6.103136562439883,0,0,0,418,D_pmar=0.054_dist=500_repair_6_males=6_nmar=1,6,1
0,8,500,0,69.73803140430672,290.2922013155761,0,0,0,0,418,D_pmar=0.054_dist=500_repair_6_males=6_nmar=1,6,1
0,11,500,500,68.31687157305123,285.65317180525466,6.068494817706905,0,0,0,418,D_pmar=0.054_dist=500_repair_6_males=6_nmar=1,6,1
0,7,1000,0,73.17419719642768,266.2406006180993,20.720069289920776,0,0,0,418,D_pmar=0.054_dist=500_repair_6_males=6_nmar=1,6,1
0,11,1000,500,73.62085613054131,249.94762577423745,36.471932915188205,0,0,0,418,D_pmar=0.054_dist=500_repair_6_males=6_nmar=1,6,1
0,8,0,0,70.42151776836073,265.27384211028294,24.44227981993558,0,0,0,419,D_pmar=0.054_dist=500_repair_6_males=6_nmar=1,6,1
0,8,0,500,69.29454651320047,278.57744073442956,12.15267285803576,0,0,0,419,D_pmar=0.054_dist=500_repair_6_males=6_nmar=1,6,1
0,14,500,0,71.50819231007974,270.3072957703274,18.29095608803073,0,0,0,419,D_pmar=0.054_dist=500_repair_6_males=6_nmar=1,6,1
0,8,500,500,66.80592423400931,281.19315875487604,12.25365527451361,0,0,0,419,D_pmar=0.054_dist=500_repair_6_males=6_nmar=1,6,1
0.054,9,1000,0,73.30572589159732,282.6144950549664,0,17,1.7000000000000004,2.5545217374844333,419,D_pmar=0.054_dist=500_repair_6_males=6_nmar=1,6,1
0,7,1000,500,71.22549793304442,252.2160237271783,36.74077131314621,0,0,0,419,D_pmar=0.054_dist=500_repair_6_males=6_nmar=1,6,1
0.054,11,0,0,72.57434548039967,283.4858898872033,0,15,1.5000000000000002,2.566436520488171,41,D_pmar=0.054_dist=500_repair_6_males=6_nmar=1,6,1
0,12,0,500,68.54025353712007,266.9599982558279,24.52703349910688,0,0,0,41,D_pmar=0.054_dist=500_repair_6_males=6_nmar=1,6,1
0,10,500,0,68.56783667282473,285.3907046805347,6.124564860973873,0,0,0,41,D_pmar=0.054_dist=500_repair_6_males=6_nmar=1,6,1
0,7,500,500,74.25057155301306,267.39378002249606,18.417801600843394,0,0,0,41,D_pmar=0.054_dist=500_repair_6_males=6_nmar=1,6,1
0,6,1000,0,76.56638361410101,259.5382701314158,24.28150051805292,0,0,0,41,D_pmar=0.054_dist=500_repair_6_males=6_nmar=1,6,1
0,8,1000,500,70.48383183259108,270.99327937315945,18.62953753415643,0,0,0,41,D_pmar=0.054_dist=500_repair_6_males=6_nmar=1,6,1
0,6,0,0,70.44730213657016,250.5936839939345,39.07242374607882,0,0,0,420,D_pmar=0.054_dist=500_repair_6_males=6_nmar=1,6,1
0.054,7,0,500,70.23752696639224,284.2758864646178,0,19,1.9000000000000008,3.7309887858840383,420,D_pmar=0.054_dist=500_repair_6_males=6_nmar=1,6,1
0,5,500,0,70.60509654346171,277.57798995318734,12.141851999876964,0,0,0,420,D_pmar=0.054_dist=500_repair_6_males=6_nmar=1,6,1
0,10,500,500,68.87658997025362,260.56842798633767,30.6333842286519,0,0,0,420,D_pmar=0.054_dist=500_repair_6_males=6_nmar=1,6,1
0,12,1000,0,70.30218322640206,259.10890427180806,30.6302699484153,0,0,0,420,D_pmar=0.054_dist=500_repair_6_males=6_nmar=1,6,1
0,14,1000,500,72.0493746127165,287.9711250506985,0,0,0,0,420,D_pmar=0.054_dist=500_repair_6_males=6_nmar=1,6,1
0.054,4,0,0,71.27001499755167,284.9833375046341,0,14,1.4,2.3997464712572274,421,D_pmar=0.054_dist=500_repair_6_males=6_nmar=1,6,1
0,16,0,500,69.09618434923904,266.66220958966585,24.395046941518103,0,0,0,421,D_pmar=0.054_dist=500_repair_6_males=6_nmar=1,6,1
0,10,500,0,73.5044656228808,286.5158149293711,0,0,0,0,421,D_pmar=0.054_dist=500_repair_6_males=6_nmar=1,6,1
0,11,500,500,69.46713875557653,260.33571290045285,30.425107372928405,0,0,0,421,D_pmar=0.054_dist=500_repair_6_males=6_nmar=1,6,1
0,7,1000,0,70.15401481798492,277.86041835732783,12.082575559865452,0,0,0,421,D_pmar=0.054_dist=500_repair_6_males=6_nmar=1,6,1
0,6,1000,500,72.97556558977928,271.73210864294344,15.40413741108214,0,0,0,421,D_pmar=0.054_dist=500_repair_6_males=6_nmar=1,6,1
0,5,0,0,69.59313409668125,284.4362624184966,6.073689976237235,0,0,0,422,D_pmar=0.054_dist=500_repair_6_males=6_nmar=1,6,1
0,10,0,500,70.56499152713367,234.25369501409884,55.25727007644221,0,0,0,422,D_pmar=0.054_dist=500_repair_6_males=6_nmar=1,6,1
0,8,500,0,72.20064470648411,233.25229332393033,54.64592639148216,0,0,0,422,D_pmar=0.054_dist=500_repair_6_males=6_nmar=1,6,1
0,5,500,500,66.78807694079336,293.283236250248,0,0,0,0,422,D_pmar=0.054_dist=500_repair_6_males=6_nmar=1,6,1
0.054,11,1000,0,70.06387729154486,285.32375543091814,0,22,2.2000000000000006,2.5749089809606476,422,D_pmar=0.054_dist=500_repair_6_males=6_nmar=1,6,1
0,15,1000,500,68.10651477309963,273.83819474495556,18.11111906808075,0,0,0,422,D_pmar=0.054_dist=500_repair_6_males=6_nmar=1,6,1
0,15,0,0,74.88247126188386,254.73475931012223,30.40131196991012,0,0,0,423,D_pmar=0.054_dist=500_repair_6_males=6_nmar=1,6,1
0,4,0,500,66.68060617352477,287.27981605843274,6.111560879342108,0,0,0,423,D_pmar=0.054_dist=500_repair_6_males=6_nmar=1,6,1
0,9,500,0,67.53593753667622,268.17449495241607,24.622060109248856,0,0,0,423,D_pmar=0.054_dist=500_repair_6_males=6_nmar=1,6,1
0,9,500,500,71.1863723097571,282.7069210856327,6.221178023264203,0,0,0,423,D_pmar=0.054_dist=500_repair_6_males=6_nmar=1,6,1
0.054,10,1000,0,73.46332320499349,282.7306841547911,0,18,1.8000000000000005,2.2192142982659453,423,D_pmar=0.054_dist=500_repair_6_males=6_nmar=1,6,1
0,7,1000,500,73.36228598746865,243.73322112094831,43.01039517274836,0,0,0,423,D_pmar=0.054_dist=500_repair_6_males=6_nmar=1,6,1
0,7,0,0,67.71382228769683,268.02941684872786,24.380776377232053,0,0,0,424,D_pmar=0.054_dist=500_repair_6_males=6_nmar=1,6,1
0,5,0,500,68.4513626151976,285.45997106990626,6.203749142406899,0,0,0,424,D_pmar=0.054_dist=500_repair_6_males=6_nmar=1,6,1
0,4,500,0,73.08824551776986,280.90014391933676,6.094233027106629,0,0,0,424,D_pmar=0.054_dist=500_repair_6_males=6_nmar=1,6,1
0.054,12,500,500,69.97805579180321,286.065890773197,0,14,1.4,2.589280376524305,424,D_pmar=0.054_dist=500_repair_6_males=6_nmar=1,6,1
0,13,1000,0,70.87431981216953,258.8065698872827,30.337604077428153,0,0,0,424,D_pmar=0.054_dist=500_repair_6_males=6_nmar=1,6,1
0,13,1000,500,70.15687803480833,271.71037888254364,18.18052146042724,0,0,0,424,D_pmar=0.054_dist=500_repair_6_males=6_nmar=1,6,1
0,5,0,0,71.86640349031407,227.07351019856205,61.07716912317145,0,0,0,425,D_pmar=0.054_dist=500_repair_6_males=6_nmar=1,6,1
0,9,0,500,69.08211125092174,268.9578568476361,21.97320136013443,0,0,0,425,D_pmar=0.054_dist=500_repair_6_males=6_nmar=1,6,1
0,11,500,0,69.48691772698024,278.2220477155501,12.293076521316545,0,0,0,425,D_pmar=0.054_dist=500_repair_6_males=6_nmar=1,6,1
0.054,8,500,500,67.45008089719887,287.04985148270896,0,27,2.700000000000001,2.8283279209276335,425,D_pmar=0.054_dist=500_repair_6_males=6_nmar=1,6,1
0,7,1000,0,70.02877079046064,290.09158603524435,0,0,0,0,425,D_pmar=0.054_dist=500_repair_6_males=6_nmar=1,6,1
0,14,1000,500,73.07679762317692,220.0385279434885,66.99363900387407,0,0,0,425,D_pmar=0.054_dist=500_repair_6_males=6_nmar=1,6,1
0,8,0,0,68.96657151301339,272.801662246388,18.272617926633757,0,0,0,426,D_pmar=0.054_dist=500_repair_6_males=6_nmar=1,6,1
0,3,0,500,71.83400327380599,269.798172427286,18.467363743836913,0,0,0,426,D_pmar=0.054_dist=500_repair_6_males=6_nmar=1,6,1
0,11,500,0,67.85614201941632,231.02774646748924,61.16875831383667,0,0,0,426,D_pmar=0.054_dist=500_repair_6_males=6_nmar=1,6,1
0,9,500,500,68.24189361625653,279.075142708319,12.699294181770972,0,0,0,426,D_pmar=0.054_dist=500_repair_6_males=6_nmar=1,6,1
0.054,16,1000,0,71.9993600140825,283.6977693369842,0,22,2.2000000000000006,2.1785346845418543,426,D_pmar=0.054_dist=500_repair_6_males=6_nmar=1,6,1
0,7,1000,500,66.86381760613088,274.9543058950174,18.32183268219429,0,0,0,426,D_pmar=0.054_dist=500_repair_6_males=6_nmar=1,6,1
0,9,0,0,71.68393706129508,264.2331168256417,24.322734702477423,0,0,0,427,D_pmar=0.054_dist=500_repair_6_males=6_nmar=1,6,1
0.054,6,0,500,70.1565399863678,286.11152512827664,0,15,1.5000000000000002,2.248660546845625,427,D_pmar=0.054_dist=500_repair_6_males=6_nmar=1,6,1
0,12,500,0,64.58049893754392,295.4302052461191,0,0,0,0,427,D_pmar=0.054_dist=500_repair_6_males=6_nmar=1,6,1
0,9,500,500,69.19269929570022,260.5162749879212,30.314778754687243,0,0,0,427,D_pmar=0.054_dist=500_repair_6_males=6_nmar=1,6,1
0,8,1000,0,69.68328815335991,266.18509032131817,24.35029719165785,0,0,0,427,D_pmar=0.054_dist=500_repair_6_males=6_nmar=1,6,1
0,10,1000,500,72.30668206858354,275.5473275286688,12.3090301845237,0,0,0,427,D_pmar=0.054_dist=500_repair_6_males=6_nmar=1,6,1
0,6,0,0,73.76005395078538,286.30554338810003,0,0,0,0,428,D_pmar=0.054_dist=500_repair_6_males=6_nmar=1,6,1
0,13,0,500,71.12036586026377,252.32813825204263,36.58658529700716,0,0,0,428,D_pmar=0.054_dist=500_repair_6_males=6_nmar=1,6,1
0,9,500,0,69.28992364307778,235.49160955405063,55.292901302951954,0,0,0,428,D_pmar=0.054_dist=500_repair_6_males=6_nmar=1,6,1
0,11,500,500,70.89322422623124,283.0496843965446,6.128000746012361,0,0,0,428,D_pmar=0.054_dist=500_repair_6_males=6_nmar=1,6,1
0,9,1000,0,73.99198075371353,286.09951137760913,0,0,0,0,428,D_pmar=0.054_dist=500_repair_6_males=6_nmar=1,6,1
0.054,6,1000,500,73.27351448407825,282.9360442418156,0,16,1.6000000000000003,2.290376664583316,428,D_pmar=0.054_dist=500_repair_6_males=6_nmar=1,6,1
0,6,0,0,71.47347678046584,270.60469229669286,18.21487996678602,0,0,0,429,D_pmar=0.054_dist=500_repair_6_males=6_nmar=1,6,1
0,13,0,500,71.01778887431801,252.08205846661423,36.9817652418496,0,0,0,429,D_pmar=0.054_dist=500_repair_6_males=6_nmar=1,6,1
0,6,500,0,72.6332078396965,287.5537214560405,0,0,0,0,429,D_pmar=0.054_dist=500_repair_6_males=6_nmar=1,6,1
0,8,500,500,71.07057471282941,276.84143169131704,12.235462551100811,0,0,0,429,D_pmar=0.054_dist=500_repair_6_males=6_nmar=1,6,1
0.054,13,1000,0,69.92458197901907,286.14274854503213,0,14,1.4,2.611369981065815,429,D_pmar=0.054_dist=500_repair_6_males=6_nmar=1,6,1
0,8,1000,500,70.6361444415484,271.0596433801582,18.454389641734235,0,0,0,429,D_pmar=0.054_dist=500_repair_6_males=6_nmar=1,6,1
0.054,3,0,0,71.45165518942707,284.4252855867125,0,17,1.7000000000000004,2.5388383002443833,42,D_pmar=0.054_dist=500_repair_6_males=6_nmar=1,6,1
0,9,0,500,72.06558593529464,287.9932889095053,0,0,0,0,42,D_pmar=0.054_dist=500_repair_6_males=6_nmar=1,6,1
0,5,500,0,72.94823999916929,256.70455611934545,30.58408022828603,0,0,0,42,D_pmar=0.054_dist=500_repair_6_males=6_nmar=1,6,1
0,5,500,500,70.4103336406702,289.6590713135329,0,0,0,0,42,D_pmar=0.054_dist=500_repair_6_males=6_nmar=1,6,1
0,16,1000,0,69.77497709234369,272.1039641964199,18.246940542507954,0,0,0,42,D_pmar=0.054_dist=500_repair_6_males=6_nmar=1,6,1
0,16,1000,500,71.05033939380263,236.82811837040808,52.21443699532108,0,0,0,42,D_pmar=0.054_dist=500_repair_6_males=6_nmar=1,6,1
0,8,0,0,68.57298916081393,285.27639975049505,6.211373120804862,0,0,0,430,D_pmar=0.054_dist=500_repair_6_males=6_nmar=1,6,1
0,4,0,500,67.86232178796531,267.80341060370625,24.367690679891577,0,0,0,430,D_pmar=0.054_dist=500_repair_6_males=6_nmar=1,6,1
0,8,500,0,69.91264085403976,235.53371130689973,54.65191487068548,0,0,0,430,D_pmar=0.054_dist=500_repair_6_males=6_nmar=1,6,1
0.054,9,500,500,71.7656166885791,284.03499858043125,0,21,2.1000000000000005,2.263713360268609,430,D_pmar=0.054_dist=500_repair_6_males=6_nmar=1,6,1
0,14,1000,0,71.05877348019962,252.66581396312412,36.32444947933141,0,0,0,430,D_pmar=0.054_dist=500_repair_6_males=6_nmar=1,6,1
0,11,1000,500,68.25278748186223,285.88002322635623,6.001238835891138,0,0,0,430,D_pmar=0.054_dist=500_repair_6_males=6_nmar=1,6,1
0,17,0,0,74.33520972329457,274.9611254992479,10.775562685848062,0,0,0,431,D_pmar=0.054_dist=500_repair_6_males=6_nmar=1,6,1
0.054,6,0,500,71.73422450392677,284.5534773527413,0,14,1.4,2.3733081466338257,431,D_pmar=0.054_dist=500_repair_6_males=6_nmar=1,6,1
0,1,500,0,69.64482334698371,290.42168541480453,0,0,0,0,431,D_pmar=0.054_dist=500_repair_6_males=6_nmar=1,6,1
0,8,500,500,74.61026374324896,273.393754034215,12.149757861217433,0,0,0,431,D_pmar=0.054_dist=500_repair_6_males=6_nmar=1,6,1
0,9,1000,0,68.78882906856369,260.60366012173733,30.640275146264862,0,0,0,431,D_pmar=0.054_dist=500_repair_6_males=6_nmar=1,6,1
0,13,1000,500,72.33094576686958,256.99360140423585,30.71592317058472,0,0,0,431,D_pmar=0.054_dist=500_repair_6_males=6_nmar=1,6,1
0,12,0,0,70.00042328024635,259.7543655924545,30.545001296284372,0,0,0,432,D_pmar=0.054_dist=500_repair_6_males=6_nmar=1,6,1
0,11,0,500,67.27339229377168,280.5500308034938,12.18775428644407,0,0,0,432,D_pmar=0.054_dist=500_repair_6_males=6_nmar=1,6,1
0.054,9,500,0,70.92267812065013,283.87663452081574,0,25,2.500000000000001,2.779705118534385,432,D_pmar=0.054_dist=500_repair_6_males=6_nmar=1,6,1
0,8,500,500,72.76270859012436,281.14186533394036,6.232352734748108,0,0,0,432,D_pmar=0.054_dist=500_repair_6_males=6_nmar=1,6,1
0,5,1000,0,68.50150392842953,230.4843954200835,61.07840378219143,0,0,0,432,D_pmar=0.054_dist=500_repair_6_males=6_nmar=1,6,1
0,9,1000,500,71.18929240111946,249.22334361653623,39.72511100061731,0,0,0,432,D_pmar=0.054_dist=500_repair_6_males=6_nmar=1,6,1
0,11,0,0,71.32107645173338,258.23176524548,30.46640473509098,0,0,0,433,D_pmar=0.054_dist=500_repair_6_males=6_nmar=1,6,1
0.054,13,0,500,69.12271781579159,286.8289269498155,0,16,1.6000000000000003,2.505898935091184,433,D_pmar=0.054_dist=500_repair_6_males=6_nmar=1,6,1
0,6,500,0,70.63353109712399,283.2022984593663,6.169656332163961,0,0,0,433,D_pmar=0.054_dist=500_repair_6_males=6_nmar=1,6,1
0,15,500,500,68.63605580009784,260.91932612650896,30.57412889947284,0,0,0,433,D_pmar=0.054_dist=500_repair_6_males=6_nmar=1,6,1
0,5,1000,0,70.74713821360423,271.10704208496463,18.30668138366463,0,0,0,433,D_pmar=0.054_dist=500_repair_6_males=6_nmar=1,6,1
0,4,1000,500,71.92073644757804,275.81538294416015,12.324249482221978,0,0,0,433,D_pmar=0.054_dist=500_repair_6_males=6_nmar=1,6,1
0,8,0,0,70.84833271258765,289.2665041086187,0,0,0,0,434,D_pmar=0.054_dist=500_repair_6_males=6_nmar=1,6,1
0,10,0,500,69.20408511810759,260.1904723916958,30.61561407914532,0,0,0,434,D_pmar=0.054_dist=500_repair_6_males=6_nmar=1,6,1
0.054,6,500,0,69.58205779450809,287.3767289869185,0,8,0.7999999999999999,2.30783529652396,434,D_pmar=0.054_dist=500_repair_6_males=6_nmar=1,6,1
0,7,500,500,69.79068710254614,290.4871723662513,0,0,0,0,434,D_pmar=0.054_dist=500_repair_6_males=6_nmar=1,6,1
0,10,1000,0,73.66941899341461,268.0597202181562,18.37804519847985,0,0,0,434,D_pmar=0.054_dist=500_repair_6_males=6_nmar=1,6,1
0,13,1000,500,73.90083856190766,286.14555086703956,0,0,0,0,434,D_pmar=0.054_dist=500_repair_6_males=6_nmar=1,6,1
0,14,0,0,69.86785758324844,290.21235014252585,0,0,0,0,435,D_pmar=0.054_dist=500_repair_6_males=6_nmar=1,6,1
0,7,0,500,70.53632311512455,240.67380601046904,48.85665247394349,0,0,0,435,D_pmar=0.054_dist=500_repair_6_males=6_nmar=1,6,1
0,5,500,0,72.48388334895067,263.31308555501136,24.29786851343532,0,0,0,435,D_pmar=0.054_dist=500_repair_6_males=6_nmar=1,6,1
0,8,500,500,71.65596527668929,251.75201344883217,36.72829437881324,0,0,0,435,D_pmar=0.054_dist=500_repair_6_males=6_nmar=1,6,1
0,9,1000,0,72.33581247524981,251.13141136722584,36.598121768369175,0,0,0,435,D_pmar=0.054_dist=500_repair_6_males=6_nmar=1,6,1
0.054,11,1000,500,71.84485121358533,283.1394676028967,0,24,2.400000000000001,2.782713042490664,435,D_pmar=0.054_dist=500_repair_6_males=6_nmar=1,6,1
0,10,0,0,69.7358716880551,290.26740765238094,0,0,0,0,436,D_pmar=0.054_dist=500_repair_6_males=6_nmar=1,6,1
0,8,0,500,73.62223003802988,262.1482922828806,24.423970098565416,0,0,0,436,D_pmar=0.054_dist=500_repair_6_males=6_nmar=1,6,1
0.054,14,500,0,71.53388416262524,284.92710515585475,0,13,1.3,2.245370370370372,436,D_pmar=0.054_dist=500_repair_6_males=6_nmar=1,6,1
0,14,500,500,65.63473938664137,288.296500333713,6.107479050652858,0,0,0,436,D_pmar=0.054_dist=500_repair_6_males=6_nmar=1,6,1
0,7,1000,0,71.63137275009665,257.71384512953426,30.74005038577024,0,0,0,436,D_pmar=0.054_dist=500_repair_6_males=6_nmar=1,6,1
0,1,1000,500,73.70297177623296,268.2271940442683,18.471412824094784,0,0,0,436,D_pmar=0.054_dist=500_repair_6_males=6_nmar=1,6,1
0.054,8,0,0,72.92955433988489,283.30216809888077,0,15,1.5000000000000002,2.3716630583961984,437,D_pmar=0.054_dist=500_repair_6_males=6_nmar=1,6,1
0,13,0,500,67.51763733789548,286.6536417647396,6.037786632718377,0,0,0,437,D_pmar=0.054_dist=500_repair_6_males=6_nmar=1,6,1
0,8,500,0,74.71049481029571,230.87310759748792,54.53613550229308,0,0,0,437,D_pmar=0.054_dist=500_repair_6_males=6_nmar=1,6,1
0,10,500,500,68.9892267440168,291.24262663556203,0,0,0,0,437,D_pmar=0.054_dist=500_repair_6_males=6_nmar=1,6,1
0,5,1000,0,69.846606784972,277.9576162859003,12.290727766225034,0,0,0,437,D_pmar=0.054_dist=500_repair_6_males=6_nmar=1,6,1
0,10,1000,500,70.36382291313417,277.7303243541324,12.139520214070192,0,0,0,437,D_pmar=0.054_dist=500_repair_6_males=6_nmar=1,6,1
0,13,0,0,70.179958786715,253.70164646996247,36.1611826804769,0,0,0,438,D_pmar=0.054_dist=500_repair_6_males=6_nmar=1,6,1
0,9,0,500,70.9177751157252,282.9456945150362,6.173566701818578,0,0,0,438,D_pmar=0.054_dist=500_repair_6_males=6_nmar=1,6,1
0,10,500,0,69.04545755341455,290.96267276753167,0,0,0,0,438,D_pmar=0.054_dist=500_repair_6_males=6_nmar=1,6,1
0.054,8,500,500,68.47276702979683,287.97030545904914,0,11,1.1,2.559174749678338,438,D_pmar=0.054_dist=500_repair_6_males=6_nmar=1,6,1
0,2,1000,0,71.95995352981056,288.2371279916495,0,0,0,0,438,D_pmar=0.054_dist=500_repair_6_males=6_nmar=1,6,1
0,12,1000,500,69.66554159237783,266.0277144849391,24.446489189274327,0,0,0,438,D_pmar=0.054_dist=500_repair_6_males=6_nmar=1,6,1
0,5,0,0,68.67053886431573,291.48523909181927,0,0,0,0,439,D_pmar=0.054_dist=500_repair_6_males=6_nmar=1,6,1
0,6,0,500,68.93422858487683,260.47185846217036,30.61583745800973,0,0,0,439,D_pmar=0.054_dist=500_repair_6_males=6_nmar=1,6,1
0,12,500,0,66.47757143115656,275.5270874391142,18.252172789852494,0,0,0,439,D_pmar=0.054_dist=500_repair_6_males=6_nmar=1,6,1
0,12,500,500,70.38069732061567,290.01205900554953,0,0,0,0,439,D_pmar=0.054_dist=500_repair_6_males=6_nmar=1,6,1
0,9,1000,0,72.54261812042081,238.8368742752318,48.66796906125107,0,0,0,439,D_pmar=0.054_dist=500_repair_6_males=6_nmar=1,6,1
0.054,10,1000,500,69.96510606128064,286.21235567862817,0,16,1.6000000000000003,2.2739830550347193,439,D_pmar=0.054_dist=500_repair_6_males=6_nmar=1,6,1
0,12,0,0,71.37414853840713,270.53303274400383,18.324495267558724,0,0,0,43,D_pmar=0.054_dist=500_repair_6_males=6_nmar=1,6,1
0,10,0,500,67.65373974751971,280.32608365698945,12.040889873724096,0,0,0,43,D_pmar=0.054_dist=500_repair_6_males=6_nmar=1,6,1
0.054,14,500,0,71.66751661148267,284.12640090963515,0,20,2.0000000000000004,2.252632141180204,43,D_pmar=0.054_dist=500_repair_6_males=6_nmar=1,6,1
0,10,500,500,70.51745710373007,247.87513274919635,41.64887304126196,0,0,0,43,D_pmar=0.054_dist=500_repair_6_males=6_nmar=1,6,1
0,4,1000,0,74.74064733985693,279.1930642762596,6.098447510363304,0,0,0,43,D_pmar=0.054_dist=500_repair_6_males=6_nmar=1,6,1
0,4,1000,500,70.26923092034706,247.16470231146988,42.644043354665406,0,0,0,43,D_pmar=0.054_dist=500_repair_6_males=6_nmar=1,6,1
0.054,14,0,0,70.63585367489435,285.1493040654601,0,15,1.5000000000000002,2.7453236052418255,440,D_pmar=0.054_dist=500_repair_6_males=6_nmar=1,6,1
0,9,0,500,70.89744230534389,264.84652826273737,24.28427082630715,0,0,0,440,D_pmar=0.054_dist=500_repair_6_males=6_nmar=1,6,1
0,14,500,0,71.05841596637208,270.6527456653868,18.38261116891202,0,0,0,440,D_pmar=0.054_dist=500_repair_6_males=6_nmar=1,6,1
0,8,500,500,68.55450558757693,266.9771279651417,24.493715790344705,0,0,0,440,D_pmar=0.054_dist=500_repair_6_males=6_nmar=1,6,1
0,4,1000,0,67.15264030673889,274.4610218077869,18.421313748378832,0,0,0,440,D_pmar=0.054_dist=500_repair_6_males=6_nmar=1,6,1
0,5,1000,500,70.19044848068917,283.64683680349515,6.213951754630329,0,0,0,440,D_pmar=0.054_dist=500_repair_6_males=6_nmar=1,6,1
0,8,0,0,70.123583249581,235.07081354720617,54.99062826317987,0,0,0,441,D_pmar=0.054_dist=500_repair_6_males=6_nmar=1,6,1
0,14,0,500,69.46971603046705,290.58646920038564,0,0,0,0,441,D_pmar=0.054_dist=500_repair_6_males=6_nmar=1,6,1
0,5,500,0,75.82025402702135,284.48050754305893,0,0,0,0,441,D_pmar=0.054_dist=500_repair_6_males=6_nmar=1,6,1
0.054,7,500,500,70.43301794429567,285.5685707589166,0,16,1.6000000000000003,2.449028651916763,441,D_pmar=0.054_dist=500_repair_6_males=6_nmar=1,6,1
0,14,1000,0,68.63637718749646,285.2083531816198,6.214241454492979,0,0,0,441,D_pmar=0.054_dist=500_repair_6_males=6_nmar=1,6,1
0,6,1000,500,71.3215181679526,252.21036717985535,36.52147159563274,0,0,0,441,D_pmar=0.054_dist=500_repair_6_males=6_nmar=1,6,1
0,5,0,0,73.97840469209885,261.82309757596704,24.27674003773195,0,0,0,442,D_pmar=0.054_dist=500_repair_6_males=6_nmar=1,6,1
0,8,0,500,71.47728126851987,270.33950310049164,18.233898073709728,0,0,0,442,D_pmar=0.054_dist=500_repair_6_males=6_nmar=1,6,1
0,7,500,0,69.74286888572219,277.76941886104476,12.502939638654972,0,0,0,442,D_pmar=0.054_dist=500_repair_6_males=6_nmar=1,6,1
0,5,500,500,70.26460389366831,265.4822962285086,24.39825644381778,0,0,0,442,D_pmar=0.054_dist=500_repair_6_males=6_nmar=1,6,1
0,5,1000,0,72.62398807296648,275.48788008184744,12.083685681407474,0,0,0,442,D_pmar=0.054_dist=500_repair_6_males=6_nmar=1,6,1
0.054,24,1000,500,72.70349880451282,283.71831472756566,0,15,1.5000000000000002,2.1990740740740753,442,D_pmar=0.054_dist=500_repair_6_males=6_nmar=1,6,1
0,7,0,0,68.91303719482686,273.1242440940379,18.073478454223764,0,0,0,443,D_pmar=0.054_dist=500_repair_6_males=6_nmar=1,6,1
0.054,11,0,500,71.63400217455197,284.35933390146386,0,15,1.5000000000000002,2.7677903355306483,443,D_pmar=0.054_dist=500_repair_6_males=6_nmar=1,6,1
0,10,500,0,68.48952054632662,279.43050709649674,12.081887796377613,0,0,0,443,D_pmar=0.054_dist=500_repair_6_males=6_nmar=1,6,1
0,6,500,500,68.78819955920629,291.2773149974515,0,0,0,0,443,D_pmar=0.054_dist=500_repair_6_males=6_nmar=1,6,1
0,13,1000,0,68.8750485656167,278.9407983885057,12.227610234802537,0,0,0,443,D_pmar=0.054_dist=500_repair_6_males=6_nmar=1,6,1
0,7,1000,500,69.26584007739572,241.56150658901345,49.22441700275975,0,0,0,443,D_pmar=0.054_dist=500_repair_6_males=6_nmar=1,6,1
0.054,12,0,0,69.69047106639772,286.56138031392294,0,14,1.4,2.3981013830196005,444,D_pmar=0.054_dist=500_repair_6_males=6_nmar=1,6,1
0,9,0,500,68.10270668169417,279.7075224118689,12.19316810990654,0,0,0,444,D_pmar=0.054_dist=500_repair_6_males=6_nmar=1,6,1
0,11,500,0,74.21936406574966,237.1382192122593,48.685672432921685,0,0,0,444,D_pmar=0.054_dist=500_repair_6_males=6_nmar=1,6,1
0,3,500,500,71.23038010045981,270.7692665037701,18.201224547514283,0,0,0,444,D_pmar=0.054_dist=500_repair_6_males=6_nmar=1,6,1
0,9,1000,0,70.18179343931034,283.6777428571674,6.310798128871909,0,0,0,444,D_pmar=0.054_dist=500_repair_6_males=6_nmar=1,6,1
0,10,1000,500,73.23283470176395,286.88144071056735,0,0,0,0,444,D_pmar=0.054_dist=500_repair_6_males=6_nmar=1,6,1
0,11,0,0,68.94338947618559,285.10768211439506,6.134826612576079,0,0,0,445,D_pmar=0.054_dist=500_repair_6_males=6_nmar=1,6,1
0,11,0,500,71.06750009724684,264.6411794433511,24.394541016282524,0,0,0,445,D_pmar=0.054_dist=500_repair_6_males=6_nmar=1,6,1
0.054,5,500,0,70.23522320556833,284.2805227305008,0,24,2.400000000000001,3.2789196627188395,445,D_pmar=0.054_dist=500_repair_6_males=6_nmar=1,6,1
0,6,500,500,71.57022807017029,239.7884248144295,48.89484068483655,0,0,0,445,D_pmar=0.054_dist=500_repair_6_males=6_nmar=1,6,1
0,12,1000,0,67.64183340161242,292.38926617487357,0,0,0,0,445,D_pmar=0.054_dist=500_repair_6_males=6_nmar=1,6,1
0,9,1000,500,71.78845357938646,221.35990973601108,67.04455405215108,0,0,0,445,D_pmar=0.054_dist=500_repair_6_males=6_nmar=1,6,1
0.054,9,0,0,72.79618694330989,284.24666211326223,0,10,1,2.023759418314648,446,D_pmar=0.054_dist=500_repair_6_males=6_nmar=1,6,1
0,10,0,500,69.70067455576806,278.24882332137065,12.096729200223791,0,0,0,446,D_pmar=0.054_dist=500_repair_6_males=6_nmar=1,6,1
0,7,500,0,70.88150610671053,270.7506355327478,18.484959519597304,0,0,0,446,D_pmar=0.054_dist=500_repair_6_males=6_nmar=1,6,1
0,15,500,500,67.51254044925764,267.99716691699217,24.541852382115177,0,0,0,446,D_pmar=0.054_dist=500_repair_6_males=6_nmar=1,6,1
0,10,1000,0,68.65735360918143,285.3372776849129,6.036776986629929,0,0,0,446,D_pmar=0.054_dist=500_repair_6_males=6_nmar=1,6,1
0,3,1000,500,72.73039057134596,287.330735739803,0,0,0,0,446,D_pmar=0.054_dist=500_repair_6_males=6_nmar=1,6,1
0,8,0,0,70.40066786056296,271.2781237527008,18.43207067236492,0,0,0,447,D_pmar=0.054_dist=500_repair_6_males=6_nmar=1,6,1
0,9,0,500,72.57780521482738,271.0911700873669,16.513487884305363,0,0,0,447,D_pmar=0.054_dist=500_repair_6_males=6_nmar=1,6,1
0,6,500,0,71.14754816942884,252.16622626593457,36.72958403826225,0,0,0,447,D_pmar=0.054_dist=500_repair_6_males=6_nmar=1,6,1
0,6,500,500,72.41345015447398,287.6485530600692,0,0,0,0,447,D_pmar=0.054_dist=500_repair_6_males=6_nmar=1,6,1
0,13,1000,0,71.83776728800053,257.6829566328537,30.527863282346548,0,0,0,447,D_pmar=0.054_dist=500_repair_6_males=6_nmar=1,6,1
0.054,12,1000,500,70.60763135070144,285.5857888310877,0,17,1.7000000000000004,2.1735994198289745,447,D_pmar=0.054_dist=500_repair_6_males=6_nmar=1,6,1
0,5,0,0,73.18554053299195,256.5043102610697,30.491882114857237,0,0,0,448,D_pmar=0.054_dist=500_repair_6_males=6_nmar=1,6,1
0,11,0,500,70.30980366099415,289.70006786105984,0,0,0,0,448,D_pmar=0.054_dist=500_repair_6_males=6_nmar=1,6,1
0,12,500,0,70.26279639508127,277.5153924411865,12.2893098349078,0,0,0,448,D_pmar=0.054_dist=500_repair_6_males=6_nmar=1,6,1
0.054,12,500,500,72.2302772556256,284.80920913911683,0,12,1.2,1.9189697901993432,448,D_pmar=0.054_dist=500_repair_6_males=6_nmar=1,6,1
0,6,1000,0,70.21369802475499,259.4394544633862,30.484994089706543,0,0,0,448,D_pmar=0.054_dist=500_repair_6_males=6_nmar=1,6,1
0,8,1000,500,69.60308854994233,290.44208722688523,0,0,0,0,448,D_pmar=0.054_dist=500_repair_6_males=6_nmar=1,6,1
0,1,0,0,70.98965878805002,282.99604163797846,6.050402408786237,0,0,0,449,D_pmar=0.054_dist=500_repair_6_males=6_nmar=1,6,1
0,12,0,500,68.4202970847713,236.52862049039757,55.17386396132525,0,0,0,449,D_pmar=0.054_dist=500_repair_6_males=6_nmar=1,6,1
0,11,500,0,68.19343079636054,285.76987295718686,6.1240807171443485,0,0,0,449,D_pmar=0.054_dist=500_repair_6_males=6_nmar=1,6,1
0,12,500,500,68.22592847207875,285.8337489432174,6.060184496388507,0,0,0,449,D_pmar=0.054_dist=500_repair_6_males=6_nmar=1,6,1
0.054,7,1000,0,69.08933922523174,286.3991404079525,0,16,1.6000000000000003,3.0641360828979685,449,D_pmar=0.054_dist=500_repair_6_males=6_nmar=1,6,1
0,11,1000,500,71.39621327765501,263.9940167304935,24.637971254717396,0,0,0,449,D_pmar=0.054_dist=500_repair_6_males=6_nmar=1,6,1
0,4,0,0,74.05867167626265,286.0671081300604,0,0,0,0,44,D_pmar=0.054_dist=500_repair_6_males=6_nmar=1,6,1
0,11,0,500,70.81591179031261,277.146534487973,12.094854265367236,0,0,0,44,D_pmar=0.054_dist=500_repair_6_males=6_nmar=1,6,1
0,18,500,0,71.24639369931408,276.8278970908678,12.130502680177576,0,0,0,44,D_pmar=0.054_dist=500_repair_6_males=6_nmar=1,6,1
0.054,11,500,500,69.38247531243127,287.376760290538,0,12,1.2,2.319750079527697,44,D_pmar=0.054_dist=500_repair_6_males=6_nmar=1,6,1
0,7,1000,0,73.61015969520645,256.27559344904967,30.48632850463736,0,0,0,44,D_pmar=0.054_dist=500_repair_6_males=6_nmar=1,6,1
0,3,1000,500,71.15441982025935,270.57021094475397,18.49345073544311,0,0,0,44,D_pmar=0.054_dist=500_repair_6_males=6_nmar=1,6,1
0.054,15,0,0,69.51658531914516,286.0310089020949,0,17,1.7000000000000004,2.896808694993779,450,D_pmar=0.054_dist=500_repair_6_males=6_nmar=1,6,1
0,4,0,500,68.47485739284072,291.68251451150115,0,0,0,0,450,D_pmar=0.054_dist=500_repair_6_males=6_nmar=1,6,1
0,7,500,0,71.17520690502982,264.79353012629946,24.23166768499644,0,0,0,450,D_pmar=0.054_dist=500_repair_6_males=6_nmar=1,6,1
0,11,500,500,71.32024661982778,276.5851918069568,12.281710504132237,0,0,0,450,D_pmar=0.054_dist=500_repair_6_males=6_nmar=1,6,1
0,5,1000,0,70.63366254972223,289.40546528865383,0,0,0,0,450,D_pmar=0.054_dist=500_repair_6_males=6_nmar=1,6,1
0,12,1000,500,70.2145777156623,223.5201057820762,66.58499390762194,0,0,0,450,D_pmar=0.054_dist=500_repair_6_males=6_nmar=1,6,1
0,8,0,0,70.23863872606033,283.90466398300936,6.034851616150512,0,0,0,451,D_pmar=0.054_dist=500_repair_6_males=6_nmar=1,6,1
0,2,0,500,71.664157457307,282.4392158193782,6.034981230828363,0,0,0,451,D_pmar=0.054_dist=500_repair_6_males=6_nmar=1,6,1
0,20,500,0,75.67036261484067,253.84817521920624,30.539821113873305,0,0,0,451,D_pmar=0.054_dist=500_repair_6_males=6_nmar=1,6,1
0,11,500,500,73.73170746361693,268.04800974140966,18.433693054189614,0,0,0,451,D_pmar=0.054_dist=500_repair_6_males=6_nmar=1,6,1
0,6,1000,0,69.22488811774359,273.3856335929278,17.513974500925162,0,0,0,451,D_pmar=0.054_dist=500_repair_6_males=6_nmar=1,6,1
0.054,7,1000,500,69.68709461954975,286.613480140614,0,13,1.3,2.4073853678143715,451,D_pmar=0.054_dist=500_repair_6_males=6_nmar=1,6,1
0,8,0,0,75.67972513697495,265.9273774415963,18.411181474471583,0,0,0,452,D_pmar=0.054_dist=500_repair_6_males=6_nmar=1,6,1
0.054,7,0,500,70.23521546169415,285.89009698844274,0,15,1.5000000000000002,2.380794897134964,452,D_pmar=0.054_dist=500_repair_6_males=6_nmar=1,6,1
0,13,500,0,72.18023608928904,263.4576420388081,24.40735946211919,0,0,0,452,D_pmar=0.054_dist=500_repair_6_males=6_nmar=1,6,1
0,11,500,500,70.80646593302322,283.22795662567944,6.035483735139676,0,0,0,452,D_pmar=0.054_dist=500_repair_6_males=6_nmar=1,6,1
0,4,1000,0,68.21110742089708,285.5945782975978,6.218343834887066,0,0,0,452,D_pmar=0.054_dist=500_repair_6_males=6_nmar=1,6,1
0,11,1000,500,70.04981069954705,254.92208680952183,35.184495212465336,0,0,0,452,D_pmar=0.054_dist=500_repair_6_males=6_nmar=1,6,1
0,10,0,0,69.83964524145722,284.2658238064195,6.000433892267678,0,0,0,453,D_pmar=0.054_dist=500_repair_6_males=6_nmar=1,6,1
0,15,0,500,72.15418802326226,250.88766134657973,37.023929451798,0,0,0,453,D_pmar=0.054_dist=500_repair_6_males=6_nmar=1,6,1
0,7,500,0,68.20414425689965,285.79972740800054,6.036056464164904,0,0,0,453,D_pmar=0.054_dist=500_repair_6_males=6_nmar=1,6,1
0,10,500,500,73.09237070982874,250.44235310495517,36.47021308931362,0,0,0,453,D_pmar=0.054_dist=500_repair_6_males=6_nmar=1,6,1
0,5,1000,0,72.66741253419387,287.33937115264627,0,0,0,0,453,D_pmar=0.054_dist=500_repair_6_males=6_nmar=1,6,1
0.054,7,1000,500,70.36397981212512,285.8833090024978,0,14,1.4,2.3665756476273128,453,D_pmar=0.054_dist=500_repair_6_males=6_nmar=1,6,1
0,10,0,0,70.35131014926854,271.05168524635405,18.649556658862146,0,0,0,454,D_pmar=0.054_dist=500_repair_6_males=6_nmar=1,6,1
0,2,0,500,70.64968015387412,252.8800678269532,36.57836974542556,0,0,0,454,D_pmar=0.054_dist=500_repair_6_males=6_nmar=1,6,1
0,6,500,0,68.18264258871447,285.8288264990568,6.034932625284573,0,0,0,454,D_pmar=0.054_dist=500_repair_6_males=6_nmar=1,6,1
0,7,500,500,68.85853336726244,248.63962529996408,42.58431997527639,0,0,0,454,D_pmar=0.054_dist=500_repair_6_males=6_nmar=1,6,1
0,18,1000,0,70.46858636155734,228.51020815301263,61.22015093103311,0,0,0,454,D_pmar=0.054_dist=500_repair_6_males=6_nmar=1,6,1
0.054,11,1000,500,74.50419372978632,280.11782863412213,0,27,2.700000000000001,2.789974813300496,454,D_pmar=0.054_dist=500_repair_6_males=6_nmar=1,6,1
0.054,10,0,0,71.00976167021756,284.94844251247395,0,16,1.6000000000000003,2.4614727067238196,455,D_pmar=0.054_dist=500_repair_6_males=6_nmar=1,6,1
0,10,0,500,74.07703225458481,267.6390836633433,18.42205218865939,0,0,0,455,D_pmar=0.054_dist=500_repair_6_males=6_nmar=1,6,1
0,11,500,0,72.1917823732255,287.8376460023385,0,0,0,0,455,D_pmar=0.054_dist=500_repair_6_males=6_nmar=1,6,1
0,11,500,500,69.8903096263279,241.18812264685135,49.007112724602294,0,0,0,455,D_pmar=0.054_dist=500_repair_6_males=6_nmar=1,6,1
0,5,1000,0,68.93815791126859,291.087961072441,0,0,0,0,455,D_pmar=0.054_dist=500_repair_6_males=6_nmar=1,6,1
0,7,1000,500,67.83320184405021,261.99971068075956,30.306278439985775,0,0,0,455,D_pmar=0.054_dist=500_repair_6_males=6_nmar=1,6,1
0,11,0,0,73.20670129443107,280.7586190862901,6.0804090082402515,0,0,0,456,D_pmar=0.054_dist=500_repair_6_males=6_nmar=1,6,1
0,12,0,500,67.62044070380519,255.45848705158056,36.93605109708635,0,0,0,456,D_pmar=0.054_dist=500_repair_6_males=6_nmar=1,6,1
0,5,500,0,68.00521569025318,261.680197228045,30.335840482796335,0,0,0,456,D_pmar=0.054_dist=500_repair_6_males=6_nmar=1,6,1
0,9,500,500,70.88661141920855,270.67406213203844,18.48186507977501,0,0,0,456,D_pmar=0.054_dist=500_repair_6_males=6_nmar=1,6,1
0,11,1000,0,71.71124468109498,288.4288982645989,0,0,0,0,456,D_pmar=0.054_dist=500_repair_6_males=6_nmar=1,6,1
0.054,6,1000,500,71.74858710400154,284.1019471882895,0,15,1.5000000000000002,2.716457422507724,456,D_pmar=0.054_dist=500_repair_6_males=6_nmar=1,6,1
0,9,0,0,73.80363060233617,274.0683474105207,12.158311521266308,0,0,0,457,D_pmar=0.054_dist=500_repair_6_males=6_nmar=1,6,1
0,12,0,500,72.47973502074554,250.90024860878796,36.772378340299746,0,0,0,457,D_pmar=0.054_dist=500_repair_6_males=6_nmar=1,6,1
0,5,500,0,72.98377595029211,236.40896088422056,50.69188955579733,0,0,0,457,D_pmar=0.054_dist=500_repair_6_males=6_nmar=1,6,1
0,11,500,500,68.46681564035637,278.53430235985655,13.047908101916695,0,0,0,457,D_pmar=0.054_dist=500_repair_6_males=6_nmar=1,6,1
0,4,1000,0,72.06531092295887,281.87234912553697,6.140429406539854,0,0,0,457,D_pmar=0.054_dist=500_repair_6_males=6_nmar=1,6,1
0.054,13,1000,500,70.3095792391976,284.9336537963683,0,21,2.1000000000000005,2.932153878664637,457,D_pmar=0.054_dist=500_repair_6_males=6_nmar=1,6,1
0,5,0,0,70.48084772481987,257.1621936902861,32.45714746959403,0,0,0,458,D_pmar=0.054_dist=500_repair_6_males=6_nmar=1,6,1
0,15,0,500,70.9892474348599,264.66475834027506,24.352878069892096,0,0,0,458,D_pmar=0.054_dist=500_repair_6_males=6_nmar=1,6,1
0,8,500,0,72.27533764541398,263.94651052850435,24.156957713940475,0,0,0,458,D_pmar=0.054_dist=500_repair_6_males=6_nmar=1,6,1
0,5,500,500,72.99350224345237,287.0586597489911,0,0,0,0,458,D_pmar=0.054_dist=500_repair_6_males=6_nmar=1,6,1
0,10,1000,0,72.88787825167861,250.62897490646097,36.49716631440286,0,0,0,458,D_pmar=0.054_dist=500_repair_6_males=6_nmar=1,6,1
0.054,11,1000,500,69.59875633531718,286.0279718668058,0,20,2.0000000000000004,2.5279312668050253,458,D_pmar=0.054_dist=500_repair_6_males=6_nmar=1,6,1
0,7,0,0,69.5102753739808,284.63423883885054,6.0103505676555695,0,0,0,459,D_pmar=0.054_dist=500_repair_6_males=6_nmar=1,6,1
0,10,0,500,72.26298204187066,281.6323788343109,6.130397454578158,0,0,0,459,D_pmar=0.054_dist=500_repair_6_males=6_nmar=1,6,1
0,19,500,0,71.05573637575517,258.55859845050514,30.54945336564383,0,0,0,459,D_pmar=0.054_dist=500_repair_6_males=6_nmar=1,6,1
0,7,500,500,72.49160665990694,287.63551169061213,0,0,0,0,459,D_pmar=0.054_dist=500_repair_6_males=6_nmar=1,6,1
0,3,1000,0,68.82347440110237,242.44715229919183,48.775358445940206,0,0,0,459,D_pmar=0.054_dist=500_repair_6_males=6_nmar=1,6,1
0.054,8,1000,500,66.88035056347803,289.07185944534757,0,15,1.5000000000000002,2.5854609282457326,459,D_pmar=0.054_dist=500_repair_6_males=6_nmar=1,6,1
0,9,0,0,70.73045949811149,265.0641615808043,24.220294597044393,0,0,0,45,D_pmar=0.054_dist=500_repair_6_males=6_nmar=1,6,1
0,14,0,500,70.33797583898307,289.75781782310855,0,0,0,0,45,D_pmar=0.054_dist=500_repair_6_males=6_nmar=1,6,1
0,13,500,0,70.65791450734984,252.69938558596408,36.65129660469045,0,0,0,45,D_pmar=0.054_dist=500_repair_6_males=6_nmar=1,6,1
0,5,500,500,71.82743599918734,288.3302262405875,0,0,0,0,45,D_pmar=0.054_dist=500_repair_6_males=6_nmar=1,6,1
0,7,1000,0,70.75093826703677,255.73954196492556,33.70264274369435,0,0,0,45,D_pmar=0.054_dist=500_repair_6_males=6_nmar=1,6,1
0.054,6,1000,500,70.31396683840524,286.0840409232967,0,16,1.6000000000000003,2.193283205852824,45,D_pmar=0.054_dist=500_repair_6_males=6_nmar=1,6,1
0,9,0,0,68.10534900373173,249.2064082109683,42.800603945108655,0,0,0,460,D_pmar=0.054_dist=500_repair_6_males=6_nmar=1,6,1
0,7,0,500,69.36031963276481,290.7290175346638,0,0,0,0,460,D_pmar=0.054_dist=500_repair_6_males=6_nmar=1,6,1
0,9,500,0,71.76261070406353,257.9946188699654,30.30067196355528,0,0,0,460,D_pmar=0.054_dist=500_repair_6_males=6_nmar=1,6,1
0.054,13,500,500,69.37948215913333,286.31300982958174,0,20,2.0000000000000004,2.356458098917209,460,D_pmar=0.054_dist=500_repair_6_males=6_nmar=1,6,1
0,10,1000,0,67.83732940860895,262.02000835786606,30.280764281967382,0,0,0,460,D_pmar=0.054_dist=500_repair_6_males=6_nmar=1,6,1
0,6,1000,500,72.32041800191291,269.48763048507584,18.324509141662517,0,0,0,460,D_pmar=0.054_dist=500_repair_6_males=6_nmar=1,6,1
0,7,0,0,69.1766230348754,284.88981518003334,6.099668048106431,0,0,0,461,D_pmar=0.054_dist=500_repair_6_males=6_nmar=1,6,1
0.054,6,0,500,74.44771629499189,281.73630263248396,0,16,1.6000000000000003,2.3131476869841516,461,D_pmar=0.054_dist=500_repair_6_males=6_nmar=1,6,1
0,13,500,0,68.07779785518197,249.15791467383391,42.91838079642245,0,0,0,461,D_pmar=0.054_dist=500_repair_6_males=6_nmar=1,6,1
0,9,500,500,71.57252030267989,282.4360662849316,6.051311935466794,0,0,0,461,D_pmar=0.054_dist=500_repair_6_males=6_nmar=1,6,1
0,7,1000,0,75.26681643090625,260.69708079748705,24.263959293645662,0,0,0,461,D_pmar=0.054_dist=500_repair_6_males=6_nmar=1,6,1
0,12,1000,500,72.45232564903563,269.14943504055327,18.419181925409887,0,0,0,461,D_pmar=0.054_dist=500_repair_6_males=6_nmar=1,6,1
0,13,0,0,66.24002035792655,293.8513803901559,0,0,0,0,462,D_pmar=0.054_dist=500_repair_6_males=6_nmar=1,6,1
0,4,0,500,68.20210633121462,254.86195614991357,37.05390120464148,0,0,0,462,D_pmar=0.054_dist=500_repair_6_males=6_nmar=1,6,1
0,6,500,0,68.85851562391598,260.591555636747,30.568884433636136,0,0,0,462,D_pmar=0.054_dist=500_repair_6_males=6_nmar=1,6,1
0,9,500,500,71.45005126686442,276.46526392809835,12.164152735239345,0,0,0,462,D_pmar=0.054_dist=500_repair_6_males=6_nmar=1,6,1
0.054,15,1000,0,67.42704387940859,288.35391730312904,0,18,1.8000000000000005,2.7092970037116393,462,D_pmar=0.054_dist=500_repair_6_males=6_nmar=1,6,1
0,7,1000,500,70.94956651682446,258.75718289964067,30.520986663360297,0,0,0,462,D_pmar=0.054_dist=500_repair_6_males=6_nmar=1,6,1
0,10,0,0,71.84462894440881,275.8614392861488,12.33508453994022,0,0,0,463,D_pmar=0.054_dist=500_repair_6_males=6_nmar=1,6,1
0,8,0,500,69.43485497769537,272.33389744475915,18.237548608495004,0,0,0,463,D_pmar=0.054_dist=500_repair_6_males=6_nmar=1,6,1
0.054,10,500,0,69.24977996646291,287.7864203179599,0,10,1,2.3842592592592617,463,D_pmar=0.054_dist=500_repair_6_males=6_nmar=1,6,1
0,5,500,500,72.24926391731071,287.7737608835154,0,0,0,0,463,D_pmar=0.054_dist=500_repair_6_males=6_nmar=1,6,1
0,12,1000,0,70.59836645375678,265.0939674008897,24.452692294064192,0,0,0,463,D_pmar=0.054_dist=500_repair_6_males=6_nmar=1,6,1
0,9,1000,500,73.47318304241979,280.35000759850766,6.229451878018311,0,0,0,463,D_pmar=0.054_dist=500_repair_6_males=6_nmar=1,6,1
0,6,0,0,69.54192704403748,290.4743790826137,0,0,0,0,464,D_pmar=0.054_dist=500_repair_6_males=6_nmar=1,6,1
0,13,0,500,70.73515353308686,265.3279937869545,24.209724569635338,0,0,0,464,D_pmar=0.054_dist=500_repair_6_males=6_nmar=1,6,1
0,8,500,0,70.62716670718122,283.41893435878,6.106464451775923,0,0,0,464,D_pmar=0.054_dist=500_repair_6_males=6_nmar=1,6,1
0,9,500,500,69.3317567503688,284.5417683878257,6.139719920870193,0,0,0,464,D_pmar=0.054_dist=500_repair_6_males=6_nmar=1,6,1
0,7,1000,0,68.64830148791376,273.16861213495844,18.213054233419612,0,0,0,464,D_pmar=0.054_dist=500_repair_6_males=6_nmar=1,6,1
0.054,11,1000,500,73.65020125283667,283.4128706872472,0,9,0.8999999999999999,2.0499154904190746,464,D_pmar=0.054_dist=500_repair_6_males=6_nmar=1,6,1
0,10,0,0,70.55661746751171,265.2556606739418,24.24509533095938,0,0,0,465,D_pmar=0.054_dist=500_repair_6_males=6_nmar=1,6,1
0,13,0,500,70.310122825902,246.69551600835783,43.04118224559143,0,0,0,465,D_pmar=0.054_dist=500_repair_6_males=6_nmar=1,6,1
0,4,500,0,70.64186670082935,283.2893256202087,6.197533952056982,0,0,0,465,D_pmar=0.054_dist=500_repair_6_males=6_nmar=1,6,1
0,8,500,500,69.66159438144594,222.8848350734754,67.51364469958952,0,0,0,465,D_pmar=0.054_dist=500_repair_6_males=6_nmar=1,6,1
0.054,7,1000,0,68.3064170616174,286.74929582601703,0,24,2.400000000000001,2.633554458835663,465,D_pmar=0.054_dist=500_repair_6_males=6_nmar=1,6,1
0,12,1000,500,74.24704179870658,279.78501943706357,6.110845533563055,0,0,0,465,D_pmar=0.054_dist=500_repair_6_males=6_nmar=1,6,1
0,4,0,0,67.53692927038148,268.0310217393647,24.5082611544246,0,0,0,466,D_pmar=0.054_dist=500_repair_6_males=6_nmar=1,6,1
0,13,0,500,66.88501425151665,293.1536770293161,0,0,0,0,466,D_pmar=0.054_dist=500_repair_6_males=6_nmar=1,6,1
0,9,500,0,67.36513064294688,256.19123603472275,36.739220124411005,0,0,0,466,D_pmar=0.054_dist=500_repair_6_males=6_nmar=1,6,1
0.054,7,500,500,71.23803168395888,284.3026972446391,0,19,1.9000000000000008,2.568763026585123,466,D_pmar=0.054_dist=500_repair_6_males=6_nmar=1,6,1
0,7,1000,0,68.36481872986779,255.2223667392536,36.53886034205766,0,0,0,466,D_pmar=0.054_dist=500_repair_6_males=6_nmar=1,6,1
0,14,1000,500,67.79820800014089,277.26479901934755,15.112679682999016,0,0,0,466,D_pmar=0.054_dist=500_repair_6_males=6_nmar=1,6,1
0,4,0,0,71.99617995106033,248.5077594716514,39.60238759172312,0,0,0,467,D_pmar=0.054_dist=500_repair_6_males=6_nmar=1,6,1
0,11,0,500,76.99215696582056,240.25525728640704,42.80267303109777,0,0,0,467,D_pmar=0.054_dist=500_repair_6_males=6_nmar=1,6,1
0,13,500,0,72.15932687055393,251.1677105563817,36.80987003330487,0,0,0,467,D_pmar=0.054_dist=500_repair_6_males=6_nmar=1,6,1
0,13,500,500,69.36773312280992,284.5762090359207,6.095378384572854,0,0,0,467,D_pmar=0.054_dist=500_repair_6_males=6_nmar=1,6,1
0.054,8,1000,0,72.66173658228747,282.58103691306394,0,22,2.2000000000000006,2.7149644803261057,467,D_pmar=0.054_dist=500_repair_6_males=6_nmar=1,6,1
0,5,1000,500,69.9143785112534,284.11541018826966,6.0235135918959015,0,0,0,467,D_pmar=0.054_dist=500_repair_6_males=6_nmar=1,6,1
0,7,0,0,71.67909857184705,251.9664211752885,36.401682559030355,0,0,0,468,D_pmar=0.054_dist=500_repair_6_males=6_nmar=1,6,1
0.054,14,0,500,73.6696288232675,282.24039890641274,0,19,1.9000000000000008,2.194421061880171,468,D_pmar=0.054_dist=500_repair_6_males=6_nmar=1,6,1
0,8,500,0,75.08536155586602,278.97330953096144,6.014309574723292,0,0,0,468,D_pmar=0.054_dist=500_repair_6_males=6_nmar=1,6,1
0,9,500,500,73.3126905837671,256.6272000015475,30.40093950494563,0,0,0,468,D_pmar=0.054_dist=500_repair_6_males=6_nmar=1,6,1
0,9,1000,0,67.89391980388139,273.94501229340773,18.209798438762625,0,0,0,468,D_pmar=0.054_dist=500_repair_6_males=6_nmar=1,6,1
0,7,1000,500,72.28183882735468,263.29406648297925,24.464289970693528,0,0,0,468,D_pmar=0.054_dist=500_repair_6_males=6_nmar=1,6,1
0.054,10,0,0,70.7626677450195,284.65957163617765,0,20,2.0000000000000004,2.6669723017499205,469,D_pmar=0.054_dist=500_repair_6_males=6_nmar=1,6,1
0,8,0,500,67.10254450530377,274.55590369504114,18.40806297532006,0,0,0,469,D_pmar=0.054_dist=500_repair_6_males=6_nmar=1,6,1
0,10,500,0,70.67363640899492,239.9395617121984,49.4986845053111,0,0,0,469,D_pmar=0.054_dist=500_repair_6_males=6_nmar=1,6,1
0,6,500,500,70.4004648521412,246.99147145486083,42.68495641135667,0,0,0,469,D_pmar=0.054_dist=500_repair_6_males=6_nmar=1,6,1
0,10,1000,0,72.68919681693527,281.35813389812097,6.028390738135141,0,0,0,469,D_pmar=0.054_dist=500_repair_6_males=6_nmar=1,6,1
0,10,1000,500,69.53921369510458,284.4218134705589,6.120179610286257,0,0,0,469,D_pmar=0.054_dist=500_repair_6_males=6_nmar=1,6,1
0,6,0,0,72.14929272607834,251.24143628485456,36.67055741129016,0,0,0,46,D_pmar=0.054_dist=500_repair_6_males=6_nmar=1,6,1
0,7,0,500,74.39599723607986,248.94270575361912,36.80882945109665,0,0,0,46,D_pmar=0.054_dist=500_repair_6_males=6_nmar=1,6,1
0.054,8,500,0,70.30874485452135,285.32078680271803,0,20,2.0000000000000004,2.430555555555559,46,D_pmar=0.054_dist=500_repair_6_males=6_nmar=1,6,1
0,9,500,500,70.87859041855931,258.60312804740033,30.552218882603963,0,0,0,46,D_pmar=0.054_dist=500_repair_6_males=6_nmar=1,6,1
0,6,1000,0,68.75710970606232,285.1469088463039,6.140035978728207,0,0,0,46,D_pmar=0.054_dist=500_repair_6_males=6_nmar=1,6,1
0,18,1000,500,72.18921012654754,281.77950204433006,6.102854681160056,0,0,0,46,D_pmar=0.054_dist=500_repair_6_males=6_nmar=1,6,1
0,8,0,0,71.11869914477981,252.12088541606903,36.92713829227621,0,0,0,470,D_pmar=0.054_dist=500_repair_6_males=6_nmar=1,6,1
0,8,0,500,72.85781824831363,268.9617516029421,18.2636744566186,0,0,0,470,D_pmar=0.054_dist=500_repair_6_males=6_nmar=1,6,1
0.054,9,500,0,69.36508782067136,285.93934580073625,0,21,2.1000000000000005,2.754585550443558,470,D_pmar=0.054_dist=500_repair_6_males=6_nmar=1,6,1
0,12,500,500,65.5279230667295,239.9298464187981,54.58709685464709,0,0,0,470,D_pmar=0.054_dist=500_repair_6_males=6_nmar=1,6,1
0,5,1000,0,67.65811951875048,280.4030951616052,12.14563102180908,0,0,0,470,D_pmar=0.054_dist=500_repair_6_males=6_nmar=1,6,1
0,12,1000,500,71.32276926829704,282.8100328422281,6.07905133157915,0,0,0,470,D_pmar=0.054_dist=500_repair_6_males=6_nmar=1,6,1
0.054,11,0,0,73.28512927488053,282.96791528050727,0,14,1.4,2.385904347496889,471,D_pmar=0.054_dist=500_repair_6_males=6_nmar=1,6,1
0,4,0,500,72.47020590578245,287.6469973298253,0,0,0,0,471,D_pmar=0.054_dist=500_repair_6_males=6_nmar=1,6,1
0,5,500,0,70.47938412412614,283.51308570687513,6.037444701924603,0,0,0,471,D_pmar=0.054_dist=500_repair_6_males=6_nmar=1,6,1
0,14,500,500,74.16458786390962,267.8672608708365,18.09175651903532,0,0,0,471,D_pmar=0.054_dist=500_repair_6_males=6_nmar=1,6,1
0,8,1000,0,69.3092952062019,272.42636990296927,18.307141010187557,0,0,0,471,D_pmar=0.054_dist=500_repair_6_males=6_nmar=1,6,1
0,12,1000,500,74.23931068323037,243.19496699860147,42.64145782583648,0,0,0,471,D_pmar=0.054_dist=500_repair_6_males=6_nmar=1,6,1
0,9,0,0,70.5369593593836,283.4585729573091,6.090630331471283,0,0,0,472,D_pmar=0.054_dist=500_repair_6_males=6_nmar=1,6,1
0.054,7,0,500,67.73048896306699,287.6905691519122,0,18,1.8000000000000005,2.8506425051604483,472,D_pmar=0.054_dist=500_repair_6_males=6_nmar=1,6,1
0,10,500,0,70.95152023719841,276.9234669335441,12.12626082628996,0,0,0,472,D_pmar=0.054_dist=500_repair_6_males=6_nmar=1,6,1
0,16,500,500,70.50512486209287,234.12618163868893,55.37220098754669,0,0,0,472,D_pmar=0.054_dist=500_repair_6_males=6_nmar=1,6,1
0,10,1000,0,68.96608609543841,254.59437445910515,36.637241095983946,0,0,0,472,D_pmar=0.054_dist=500_repair_6_males=6_nmar=1,6,1
0,2,1000,500,71.15343194387536,289.0089728250819,0,0,0,0,472,D_pmar=0.054_dist=500_repair_6_males=6_nmar=1,6,1
0,7,0,0,70.97618879794878,252.35001894121652,36.786169221280154,0,0,0,473,D_pmar=0.054_dist=500_repair_6_males=6_nmar=1,6,1
0,12,0,500,76.09272653777637,259.72992195178927,24.44515513988155,0,0,0,473,D_pmar=0.054_dist=500_repair_6_males=6_nmar=1,6,1
0,7,500,0,69.54241024030536,260.00960182073993,30.59852589325647,0,0,0,473,D_pmar=0.054_dist=500_repair_6_males=6_nmar=1,6,1
0.054,13,500,500,70.76385159695184,284.84666926948927,0,20,2.0000000000000004,2.5286126846643513,473,D_pmar=0.054_dist=500_repair_6_males=6_nmar=1,6,1
0,6,1000,0,69.92109511114951,290.2031646114513,0,0,0,0,473,D_pmar=0.054_dist=500_repair_6_males=6_nmar=1,6,1
0,9,1000,500,70.03645444166052,259.33693993107966,30.77466467372104,0,0,0,473,D_pmar=0.054_dist=500_repair_6_males=6_nmar=1,6,1
0,6,0,0,73.41473122585077,274.61672507831867,12.122109462238626,0,0,0,474,D_pmar=0.054_dist=500_repair_6_males=6_nmar=1,6,1
0,12,0,500,70.73063008849722,254.53902749382064,34.8034323531308,0,0,0,474,D_pmar=0.054_dist=500_repair_6_males=6_nmar=1,6,1
0,9,500,0,69.1370614348865,284.9043913882098,6.048452869733406,0,0,0,474,D_pmar=0.054_dist=500_repair_6_males=6_nmar=1,6,1
0.054,10,500,500,72.49342326106796,283.3969627538804,0,16,1.6000000000000003,2.551890939275468,474,D_pmar=0.054_dist=500_repair_6_males=6_nmar=1,6,1
0,9,1000,0,71.97585329724023,281.87879531339996,6.150780661737867,0,0,0,474,D_pmar=0.054_dist=500_repair_6_males=6_nmar=1,6,1
0,8,1000,500,69.26487094720595,254.35083814500663,36.54437022171345,0,0,0,474,D_pmar=0.054_dist=500_repair_6_males=6_nmar=1,6,1
0.054,8,0,0,72.97513272220439,282.7540946709063,0,14,1.4,2.9226163958001137,475,D_pmar=0.054_dist=500_repair_6_males=6_nmar=1,6,1
0,20,0,500,73.06405455852013,232.4501606231179,54.78217538148317,0,0,0,475,D_pmar=0.054_dist=500_repair_6_males=6_nmar=1,6,1
0,3,500,0,73.39895799718826,280.83754013060275,6.026688859917362,0,0,0,475,D_pmar=0.054_dist=500_repair_6_males=6_nmar=1,6,1
0,5,500,500,68.50820757877676,267.0325914910404,24.468638851705233,0,0,0,475,D_pmar=0.054_dist=500_repair_6_males=6_nmar=1,6,1
0,7,1000,0,70.35381291132907,289.7534809296729,0,0,0,0,475,D_pmar=0.054_dist=500_repair_6_males=6_nmar=1,6,1
0,11,1000,500,71.67267238281755,288.36939936933794,0,0,0,0,475,D_pmar=0.054_dist=500_repair_6_males=6_nmar=1,6,1
0,9,0,0,70.81889938392219,264.8171031714928,24.40331547189642,0,0,0,476,D_pmar=0.054_dist=500_repair_6_males=6_nmar=1,6,1
0,7,0,500,71.32333084801849,245.68958615402371,43.07186208449787,0,0,0,476,D_pmar=0.054_dist=500_repair_6_males=6_nmar=1,6,1
0,18,500,0,70.05250608895852,289.96871545184604,0,0,0,0,476,D_pmar=0.054_dist=500_repair_6_males=6_nmar=1,6,1
0,6,500,500,71.55540985653529,264.20861928821324,24.39691853677816,0,0,0,476,D_pmar=0.054_dist=500_repair_6_males=6_nmar=1,6,1
0,6,1000,0,73.109731201908275,274.81102110711544,12.248775644702835,0,0,0,476,D_pmar=0.054_dist=500_repair_6_males=6_nmar=1,6,1
0.054,8,1000,500,70.33797329111556,285.3254455208953,0,17,1.7000000000000004,2.763818741196068,476,D_pmar=0.054_dist=500_repair_6_males=6_nmar=1,6,1
0,15,0,0,72.3947872156151,251.34620366160252,36.526035812293095,0,0,0,477,D_pmar=0.054_dist=500_repair_6_males=6_nmar=1,6,1
0,11,0,500,75.04078174515756,260.5809573491409,24.41032153710859,0,0,0,477,D_pmar=0.054_dist=500_repair_6_males=6_nmar=1,6,1
0.054,3,500,0,71.1829269998168,285.91807474868955,0,11,1.1,1.967592592592592,477,D_pmar=0.054_dist=500_repair_6_males=6_nmar=1,6,1
0,13,500,500,70.49850590666391,289.5872885556756,0,0,0,0,477,D_pmar=0.054_dist=500_repair_6_males=6_nmar=1,6,1
0,5,1000,0,71.8559295595502,282.02951300405124,6.156608614560324,0,0,0,477,D_pmar=0.054_dist=500_repair_6_males=6_nmar=1,6,1
0,7,1000,500,69.59652983203165,290.625436534609,0,0,0,0,477,D_pmar=0.054_dist=500_repair_6_males=6_nmar=1,6,1
0,6,0,0,65.90223639136646,276.0072281711019,18.21041653799711,0,0,0,478,D_pmar=0.054_dist=500_repair_6_males=6_nmar=1,6,1
0,5,0,500,70.3011541020117,271.2680889083972,18.44715307658368,0,0,0,478,D_pmar=0.054_dist=500_repair_6_males=6_nmar=1,6,1
0,12,500,0,71.28211685437931,252.150881604665,36.61730012455417,0,0,0,478,D_pmar=0.054_dist=500_repair_6_males=6_nmar=1,6,1
0,7,500,500,69.05707978687862,291.01529926970176,0,0,0,0,478,D_pmar=0.054_dist=500_repair_6_males=6_nmar=1,6,1
0,15,1000,0,70.85818126757782,258.49024207175285,30.699925517049863,0,0,0,478,D_pmar=0.054_dist=500_repair_6_males=6_nmar=1,6,1
0.054,9,1000,500,72.73335363603755,283.1721200866883,0,17,1.7000000000000004,2.5472599666746003,478,D_pmar=0.054_dist=500_repair_6_males=6_nmar=1,6,1
0,6,0,0,72.49581287021762,257.0087217847515,30.55562451124078,0,0,0,479,D_pmar=0.054_dist=500_repair_6_males=6_nmar=1,6,1
0.054,9,0,500,68.56807281116828,286.74226538091517,0,20,2.0000000000000004,2.690649721701389,479,D_pmar=0.054_dist=500_repair_6_males=6_nmar=1,6,1
0,13,500,0,67.53224323973316,292.597169655512,0,0,0,0,479,D_pmar=0.054_dist=500_repair_6_males=6_nmar=1,6,1
0,8,500,500,68.3798142576786,248.92546063838176,42.70999650835828,0,0,0,479,D_pmar=0.054_dist=500_repair_6_males=6_nmar=1,6,1
0,5,1000,0,73.6727282673376,286.35997906501393,0,0,0,0,479,D_pmar=0.054_dist=500_repair_6_males=6_nmar=1,6,1
0,13,1000,500,73.17644370400835,237.70257678309167,49.20105747712805,0,0,0,479,D_pmar=0.054_dist=500_repair_6_males=6_nmar=1,6,1
0.054,9,0,0,73.8641759056167,281.84708122012916,0,17,1.7000000000000004,2.592592592592597,47,D_pmar=0.054_dist=500_repair_6_males=6_nmar=1,6,1
0,10,0,500,69.33915703689658,254.0325073980136,36.706550024086795,0,0,0,47,D_pmar=0.054_dist=500_repair_6_males=6_nmar=1,6,1
0,7,500,0,66.07354355899766,275.7293147583293,18.4326142886914,0,0,0,47,D_pmar=0.054_dist=500_repair_6_males=6_nmar=1,6,1
0,13,500,500,75.33513000695639,284.7442837160069,0,0,0,0,47,D_pmar=0.054_dist=500_repair_6_males=6_nmar=1,6,1
0,6,1000,0,69.04231595924217,248.2273389021914,42.744027028786405,0,0,0,47,D_pmar=0.054_dist=500_repair_6_males=6_nmar=1,6,1
0,9,1000,500,68.24352300112946,285.7790079025087,6.220050483116093,0,0,0,47,D_pmar=0.054_dist=500_repair_6_males=6_nmar=1,6,1
0,8,0,0,75.3298430503211,278.67135015973685,6.020763568550379,0,0,0,480,D_pmar=0.054_dist=500_repair_6_males=6_nmar=1,6,1
0,10,0,500,70.9778998605256,264.8523503838042,24.37344124735817,0,0,0,480,D_pmar=0.054_dist=500_repair_6_males=6_nmar=1,6,1
0,10,500,0,69.78574934177429,284.2887019649233,6.011926899063132,0,0,0,480,D_pmar=0.054_dist=500_repair_6_males=6_nmar=1,6,1
0.054,3,500,500,73.55894409138013,282.6629766815648,0,15,1.5000000000000002,2.318989349247663,480,D_pmar=0.054_dist=500_repair_6_males=6_nmar=1,6,1
0,11,1000,0,67.59199006139025,238.96769440100812,53.54478795678482,0,0,0,480,D_pmar=0.054_dist=500_repair_6_males=6_nmar=1,6,1
0,12,1000,500,67.05625680236062,292.99777717066655,0,0,0,0,480,D_pmar=0.054_dist=500_repair_6_males=6_nmar=1,6,1
0,4,0,0,69.11386568650136,266.6271467381094,24.264540373487304,0,0,0,481,D_pmar=0.054_dist=500_repair_6_males=6_nmar=1,6,1
0,8,0,500,71.9936942649006,263.5468514891315,24.619689553303346,0,0,0,481,D_pmar=0.054_dist=500_repair_6_males=6_nmar=1,6,1
0.054,15,500,0,71.12824499902975,285.044709180301,0,14,1.4,2.508906859047462,481,D_pmar=0.054_dist=500_repair_6_males=6_nmar=1,6,1
0,6,500,500,73.59164237342424,286.5105356766452,0,0,0,0,481,D_pmar=0.054_dist=500_repair_6_males=6_nmar=1,6,1
0,7,1000,0,72.80922140183351,256.93767556995505,30.263876566090055,0,0,0,481,D_pmar=0.054_dist=500_repair_6_males=6_nmar=1,6,1
0,14,1000,500,71.34014658319403,282.76788359492906,6.110479130365678,0,0,0,481,D_pmar=0.054_dist=500_repair_6_males=6_nmar=1,6,1
0,8,0,0,68.35952275163605,243.2816277495099,48.55369623544016,0,0,0,482,D_pmar=0.054_dist=500_repair_6_males=6_nmar=1,6,1
0,16,0,500,68.00019563753798,273.81297491844117,18.20977432279082,0,0,0,482,D_pmar=0.054_dist=500_repair_6_males=6_nmar=1,6,1
0,4,500,0,68.53529955931779,291.49334842113717,0,0,0,0,482,D_pmar=0.054_dist=500_repair_6_males=6_nmar=1,6,1
0,8,500,500,71.23637602368889,246.36474731319444,42.45712607497108,0,0,0,482,D_pmar=0.054_dist=500_repair_6_males=6_nmar=1,6,1
0,9,1000,0,69.74931174967278,290.4387429053154,0,0,0,0,482,D_pmar=0.054_dist=500_repair_6_males=6_nmar=1,6,1
0.054,9,1000,500,70.68144187980555,285.0316831794233,0,18,1.8000000000000005,2.5432883723400224,482,D_pmar=0.054_dist=500_repair_6_males=6_nmar=1,6,1
0,10,0,0,68.46390919628948,291.57002237665034,0,0,0,0,483,D_pmar=0.054_dist=500_repair_6_males=6_nmar=1,6,1
0,14,0,500,69.96083104059538,247.5341511820552,42.64286823990966,0,0,0,483,D_pmar=0.054_dist=500_repair_6_males=6_nmar=1,6,1
0,3,500,0,73.71454445302915,261.95467485402384,24.517115538268747,0,0,0,483,D_pmar=0.054_dist=500_repair_6_males=6_nmar=1,6,1
0,10,500,500,70.56659361595925,265.2629848522409,24.45219782714852,0,0,0,483,D_pmar=0.054_dist=500_repair_6_males=6_nmar=1,6,1
0,11,1000,0,67.94942239122797,279.9824057143809,12.17735736285527,0,0,0,483,D_pmar=0.054_dist=500_repair_6_males=6_nmar=1,6,1
0.054,6,1000,500,72.54258904960345,283.39912764561933,0,17,1.7000000000000004,2.587388269002334,483,D_pmar=0.054_dist=500_repair_6_males=6_nmar=1,6,1
0,5,0,0,69.61840239778932,259.68241147431775,30.750955522730848,0,0,0,484,D_pmar=0.054_dist=500_repair_6_males=6_nmar=1,6,1
0,6,0,500,72.23999716548907,275.86928485091363,12.081386323155655,0,0,0,484,D_pmar=0.054_dist=500_repair_6_males=6_nmar=1,6,1
0,13,500,0,69.98433351737172,270.1120093639266,20.02908142157106,0,0,0,484,D_pmar=0.054_dist=500_repair_6_males=6_nmar=1,6,1
0,5,500,500,72.27914244274636,269.29755509653836,18.61469018417395,0,0,0,484,D_pmar=0.054_dist=500_repair_6_males=6_nmar=1,6,1
0,17,1000,0,70.28661061854382,289.83442704826734,0,0,0,0,484,D_pmar=0.054_dist=500_repair_6_males=6_nmar=1,6,1
0.054,8,1000,500,72.59675864683653,284.00836901018073,0,14,1.4,2.1368914004394624,484,D_pmar=0.054_dist=500_repair_6_males=6_nmar=1,6,1
0.054,16,0,0,73.62157362019323,282.73397204488833,0,19,1.9000000000000008,2.071114258217583,485,D_pmar=0.054_dist=500_repair_6_males=6_nmar=1,6,1
0,8,0,500,67.92703765616518,255.7482214594884,36.47041892159056,0,0,0,485,D_pmar=0.054_dist=500_repair_6_males=6_nmar=1,6,1
0,8,500,0,65.87237504774299,257.40047549215336,36.72735793687818,0,0,0,485,D_pmar=0.054_dist=500_repair_6_males=6_nmar=1,6,1
0,5,500,500,71.64703001996044,258.05646369128306,30.385691704694047,0,0,0,485,D_pmar=0.054_dist=500_repair_6_males=6_nmar=1,6,1
0,9,1000,0,70.98677213538915,276.91474758454507,12.133250965824036,0,0,0,485,D_pmar=0.054_dist=500_repair_6_males=6_nmar=1,6,1
0,8,1000,500,69.36915235833715,290.65507215093896,0,0,0,0,485,D_pmar=0.054_dist=500_repair_6_males=6_nmar=1,6,1
0,15,0,0,67.94354030398401,292.269679602557,0,0,0,0,486,D_pmar=0.054_dist=500_repair_6_males=6_nmar=1,6,1
0,16,0,500,72.62864285425633,256.7141948115872,30.661508585807297,0,0,0,486,D_pmar=0.054_dist=500_repair_6_males=6_nmar=1,6,1
0,5,500,0,68.15537710486974,273.6949133925374,18.35030615775261,0,0,0,486,D_pmar=0.054_dist=500_repair_6_males=6_nmar=1,6,1
0,8,500,500,70.03198344664692,271.60547572383916,18.36942266197266,0,0,0,486,D_pmar=0.054_dist=500_repair_6_males=6_nmar=1,6,1
0.054,8,1000,0,75.21189299869175,280.9176871078957,0,12,1.2,2.681495843369586,486,D_pmar=0.054_dist=500_repair_6_males=6_nmar=1,6,1
0,2,1000,500,73.98157974036152,279.9734101419164,6.122162594729388,0,0,0,486,D_pmar=0.054_dist=500_repair_6_males=6_nmar=1,6,1
0,4,0,0,70.28037508989726,289.7470664556417,0,0,0,0,487,D_pmar=0.054_dist=500_repair_6_males=6_nmar=1,6,1
0.054,3,0,500,68.07284962973635,287.2345519337793,0,17,1.7000000000000004,3.060976012885684,487,D_pmar=0.054_dist=500_repair_6_males=6_nmar=1,6,1
0,8,500,0,72.2981373519164,281.6152725074786,6.221255806020201,0,0,0,487,D_pmar=0.054_dist=500_repair_6_males=6_nmar=1,6,1
0,12,500,500,70.13674671402016,259.6569433747081,30.22478546036003,0,0,0,487,D_pmar=0.054_dist=500_repair_6_males=6_nmar=1,6,1
0,11,1000,0,70.96436827862237,252.5119191682425,36.66550030734095,0,0,0,487,D_pmar=0.054_dist=500_repair_6_males=6_nmar=1,6,1
0,16,1000,500,71.15257141097946,258.18570803160856,30.69953443804119,0,0,0,487,D_pmar=0.054_dist=500_repair_6_males=6_nmar=1,6,1
0,2,0,0,70.54364787452194,283.59165016204923,6.121025336410635,0,0,0,488,D_pmar=0.054_dist=500_repair_6_males=6_nmar=1,6,1
0,13,0,500,70.26748545658506,259.3921779479083,30.431513075585272,0,0,0,488,D_pmar=0.054_dist=500_repair_6_males=6_nmar=1,6,1
0.054,11,500,0,72.51096830232193,282.4433983980002,0,27,2.700000000000001,2.4874037991369407,488,D_pmar=0.054_dist=500_repair_6_males=6_nmar=1,6,1
0,12,500,500,71.94499027722263,227.0830203010816,61.00608861224587,0,0,0,488,D_pmar=0.054_dist=500_repair_6_males=6_nmar=1,6,1
0,10,1000,0,71.9457317576738,257.66314384672444,30.539609498101218,0,0,0,488,D_pmar=0.054_dist=500_repair_6_males=6_nmar=1,6,1
0,6,1000,500,71.75422958156133,253.9455898350185,34.37105048147514,0,0,0,488,D_pmar=0.054_dist=500_repair_6_males=6_nmar=1,6,1
0,12,0,0,71.36844229932873,264.24024670486557,24.453992097158363,0,0,0,489,D_pmar=0.054_dist=500_repair_6_males=6_nmar=1,6,1
0,8,0,500,68.19022346878832,230.29071919575117,61.52195832237061,0,0,0,489,D_pmar=0.054_dist=500_repair_6_males=6_nmar=1,6,1
0,11,500,0,69.83625305719289,272.0404156207753,18.2391509187691,0,0,0,489,D_pmar=0.054_dist=500_repair_6_males=6_nmar=1,6,1
0,5,500,500,70.70413761907987,283.31826742749064,6.056073662526824,0,0,0,489,D_pmar=0.054_dist=500_repair_6_males=6_nmar=1,6,1
0,4,1000,0,68.4615984510082,254.89869668455648,36.71001132530024,0,0,0,489,D_pmar=0.054_dist=500_repair_6_males=6_nmar=1,6,1
0.054,14,1000,500,70.62246826207458,284.31081814987857,0,24,2.400000000000001,2.75491188214861,489,D_pmar=0.054_dist=500_repair_6_males=6_nmar=1,6,1
0,7,0,0,73.32687408194423,258.47864907145095,28.216368016685788,0,0,0,48,D_pmar=0.054_dist=500_repair_6_males=6_nmar=1,6,1
0,8,0,500,71.11726293401769,264.63533585437006,24.43303213929188,0,0,0,48,D_pmar=0.054_dist=500_repair_6_males=6_nmar=1,6,1
0,4,500,0,71.99624333462808,263.6661509141799,24.55398421913679,0,0,0,48,D_pmar=0.054_dist=500_repair_6_males=6_nmar=1,6,1
0,17,500,500,70.95164162652908,246.2650603845192,42.93023628099215,0,0,0,48,D_pmar=0.054_dist=500_repair_6_males=6_nmar=1,6,1
0,6,1000,0,70.51982708400179,271.28767707451595,18.224980703347672,0,0,0,48,D_pmar=0.054_dist=500_repair_6_males=6_nmar=1,6,1
0.054,12,1000,500,73.37219129174966,281.5681347946187,0,23,2.3000000000000007,2.877232975839859,48,D_pmar=0.054_dist=500_repair_6_males=6_nmar=1,6,1
0.054,12,0,0,73.02071398724495,283.35453275190946,0,14,1.4,2.3141333969554916,490,D_pmar=0.054_dist=500_repair_6_males=6_nmar=1,6,1
0,9,0,500,67.37112369689912,255.98005623037955,36.78012204991472,0,0,0,490,D_pmar=0.054_dist=500_repair_6_males=6_nmar=1,6,1
0,11,500,0,74.96522698988244,279.0442044192789,6.04697512242796,0,0,0,490,D_pmar=0.054_dist=500_repair_6_males=6_nmar=1,6,1
0,7,500,500,70.05323874885082,267.58668331660243,22.59181452343485,0,0,0,490,D_pmar=0.054_dist=500_repair_6_males=6_nmar=1,6,1
0,12,1000,0,68.33603844748008,291.72418365521986,0,0,0,0,490,D_pmar=0.054_dist=500_repair_6_males=6_nmar=1,6,1
0,3,1000,500,69.72574111734673,271.92068532963435,18.4129021414569,0,0,0,490,D_pmar=0.054_dist=500_repair_6_males=6_nmar=1,6,1
0,6,0,0,65.68189265850532,263.90728775349396,30.53182892803084,0,0,0,491,D_pmar=0.054_dist=500_repair_6_males=6_nmar=1,6,1
0,19,0,500,70.23478108973634,253.04999115794735,36.72890964585565,0,0,0,491,D_pmar=0.054_dist=500_repair_6_males=6_nmar=1,6,1
0,8,500,0,71.13084457006318,270.4430423711293,18.444635205020106,0,0,0,491,D_pmar=0.054_dist=500_repair_6_males=6_nmar=1,6,1
0,2,500,500,66.76338500431393,268.86489438509966,24.527439921274084,0,0,0,491,D_pmar=0.054_dist=500_repair_6_males=6_nmar=1,6,1
0,8,1000,0,69.74336171934806,272.018035927672,18.423530599309945,0,0,0,491,D_pmar=0.054_dist=500_repair_6_males=6_nmar=1,6,1
0.054,11,1000,500,70.74799244572034,285.1332574907627,0,21,2.1000000000000005,2.160039548587611,491,D_pmar=0.054_dist=500_repair_6_males=6_nmar=1,6,1
0,8,0,0,71.96688542474415,276.06972030186427,12.393682181879798,0,0,0,492,D_pmar=0.054_dist=500_repair_6_males=6_nmar=1,6,1
0.054,12,0,500,69.445074918985,284.8552748490467,0,25,2.500000000000001,3.287319289556022,492,D_pmar=0.054_dist=500_repair_6_males=6_nmar=1,6,1
0,5,500,0,72.47261725456742,269.4210773260899,18.346086213520007,0,0,0,492,D_pmar=0.054_dist=500_repair_6_males=6_nmar=1,6,1
0,5,500,500,71.28096525903038,239.72984643667417,48.99511258520669,0,0,0,492,D_pmar=0.054_dist=500_repair_6_males=6_nmar=1,6,1
0,15,1000,0,77.28021422622533,264.1474849104918,18.580619066286623,0,0,0,492,D_pmar=0.054_dist=500_repair_6_males=6_nmar=1,6,1
0,9,1000,500,70.00677000204206,235.07398952456217,55.05532308687765,0,0,0,492,D_pmar=0.054_dist=500_repair_6_males=6_nmar=1,6,1
0,15,0,0,72.48317759916962,263.03796043993066,24.529394960341104,0,0,0,493,D_pmar=0.054_dist=500_repair_6_males=6_nmar=1,6,1
0.054,10,0,500,70.23772856013404,285.808655574337,0,13,1.3,2.6590291130807637,493,D_pmar=0.054_dist=500_repair_6_males=6_nmar=1,6,1
0,5,500,0,69.92351960815267,271.83897412319044,18.27279205665327,0,0,0,493,D_pmar=0.054_dist=500_repair_6_males=6_nmar=1,6,1
0,9,500,500,70.311445071357,289.77236450587947,0,0,0,0,493,D_pmar=0.054_dist=500_repair_6_males=6_nmar=1,6,1
0,8,1000,0,71.36280357480912,252.4517592355273,36.45125829176949,0,0,0,493,D_pmar=0.054_dist=500_repair_6_males=6_nmar=1,6,1
0,7,1000,500,72.20740036400858,287.79844426444384,0,0,0,0,493,D_pmar=0.054_dist=500_repair_6_males=6_nmar=1,6,1
0,8,0,0,69.48754122668353,260.107301320695,30.437715452519516,0,0,0,494,D_pmar=0.054_dist=500_repair_6_males=6_nmar=1,6,1
0,15,0,500,73.15106089256076,274.5925653138558,12.297483333563568,0,0,0,494,D_pmar=0.054_dist=500_repair_6_males=6_nmar=1,6,1
0,7,500,0,66.77208779100053,262.997185757876,30.445456320355508,0,0,0,494,D_pmar=0.054_dist=500_repair_6_males=6_nmar=1,6,1
0,6,500,500,72.00651433134374,263.70245085140687,24.332512273582537,0,0,0,494,D_pmar=0.054_dist=500_repair_6_males=6_nmar=1,6,1
0,6,1000,0,67.0023505082268,293.0082875146849,0,0,0,0,494,D_pmar=0.054_dist=500_repair_6_males=6_nmar=1,6,1
0.054,12,1000,500,70.22621406531077,285.70811466162246,0,16,1.6000000000000003,2.618349499356672,494,D_pmar=0.054_dist=500_repair_6_males=6_nmar=1,6,1
0,11,0,0,67.40993234353681,244.2681491236768,48.62265470476602,0,0,0,495,D_pmar=0.054_dist=500_repair_6_males=6_nmar=1,6,1
0,10,0,500,70.34055616314556,283.7374175268306,6.078272746580895,0,0,0,495,D_pmar=0.054_dist=500_repair_6_males=6_nmar=1,6,1
0,5,500,0,70.85605701557026,283.4073054583852,6.063327307123495,0,0,0,495,D_pmar=0.054_dist=500_repair_6_males=6_nmar=1,6,1
0.054,6,500,500,72.69925183403298,283.0107586949073,0,13,1.3,3.0803267523482987,495,D_pmar=0.054_dist=500_repair_6_males=6_nmar=1,6,1
0,16,1000,0,68.82897349537947,279.2087597742139,12.066968204212747,0,0,0,495,D_pmar=0.054_dist=500_repair_6_males=6_nmar=1,6,1
0,6,1000,500,70.65932093099816,283.4569109757077,6.186035538457275,0,0,0,495,D_pmar=0.054_dist=500_repair_6_males=6_nmar=1,6,1
0,11,0,0,70.13686342082816,271.9982422247497,18.18040494260837,0,0,0,496,D_pmar=0.054_dist=500_repair_6_males=6_nmar=1,6,1
0,4,0,500,68.72382385649037,266.8255292964632,24.47155006533271,0,0,0,496,D_pmar=0.054_dist=500_repair_6_males=6_nmar=1,6,1
0,7,500,0,70.61606845113876,283.5294645033056,6.096649413485567,0,0,0,496,D_pmar=0.054_dist=500_repair_6_males=6_nmar=1,6,1
0,11,500,500,72.53299104255379,272.3151046358099,15.29664403670733,0,0,0,496,D_pmar=0.054_dist=500_repair_6_males=6_nmar=1,6,1
0,7,1000,0,70.16068947317638,271.8182202522743,18.131492355671543,0,0,0,496,D_pmar=0.054_dist=500_repair_6_males=6_nmar=1,6,1
0.054,14,1000,500,72.90822891990916,283.28804601004225,0,14,1.4,2.423576037264701,496,D_pmar=0.054_dist=500_repair_6_males=6_nmar=1,6,1
0,10,0,0,70.03552137925567,268.2724305370926,21.88401150282305,0,0,0,497,D_pmar=0.054_dist=500_repair_6_males=6_nmar=1,6,1
0.054,7,0,500,70.54142396539632,285.73707507776777,0,17,1.7000000000000004,2.101828469287577,497,D_pmar=0.054_dist=500_repair_6_males=6_nmar=1,6,1
0,11,500,0,71.5634555278407,288.5599081249065,0,0,0,0,497,D_pmar=0.054_dist=500_repair_6_males=6_nmar=1,6,1
0,12,500,500,67.22217697279096,286.7456233484141,6.03450303888106,0,0,0,497,D_pmar=0.054_dist=500_repair_6_males=6_nmar=1,6,1
0,9,1000,0,69.35755792946287,254.26930028512095,36.4831476860156,0,0,0,497,D_pmar=0.054_dist=500_repair_6_males=6_nmar=1,6,1
0,5,1000,500,67.89049842379325,255.01233035827764,37.13198512001187,0,0,0,497,D_pmar=0.054_dist=500_repair_6_males=6_nmar=1,6,1
0,2,0,0,72.82557891148693,281.22481063192123,6.085859928583133,0,0,0,498,D_pmar=0.054_dist=500_repair_6_males=6_nmar=1,6,1
0,6,0,500,69.46540999313837,272.34765628092515,18.257411907668644,0,0,0,498,D_pmar=0.054_dist=500_repair_6_males=6_nmar=1,6,1
0,11,500,0,69.43604311746186,272.44230628850215,18.230320634160833,0,0,0,498,D_pmar=0.054_dist=500_repair_6_males=6_nmar=1,6,1
0,10,500,500,71.5069926640994,264.0472760541755,24.456655870409232,0,0,0,498,D_pmar=0.054_dist=500_repair_6_males=6_nmar=1,6,1
0,7,1000,0,70.13762420382935,259.32608010466345,30.74428789851825,0,0,0,498,D_pmar=0.054_dist=500_repair_6_males=6_nmar=1,6,1
0.054,18,1000,500,72.59361568034761,283.47922105158153,0,16,1.6000000000000003,2.368372881920946,498,D_pmar=0.054_dist=500_repair_6_males=6_nmar=1,6,1
0,10,0,0,68.33339455931281,279.5354958370119,12.300990885399647,0,0,0,499,D_pmar=0.054_dist=500_repair_6_males=6_nmar=1,6,1
0,10,0,500,70.5045079387007,259.3585659346499,30.353337428013933,0,0,0,499,D_pmar=0.054_dist=500_repair_6_males=6_nmar=1,6,1
0,4,500,0,75.2851567488587,272.75718763475027,12.013199366560173,0,0,0,499,D_pmar=0.054_dist=500_repair_6_males=6_nmar=1,6,1
0,9,500,500,70.67211965779148,289.3770158997212,0,0,0,0,499,D_pmar=0.054_dist=500_repair_6_males=6_nmar=1,6,1
0,13,1000,0,72.19049104652441,251.10726368607163,36.740354605868745,0,0,0,499,D_pmar=0.054_dist=500_repair_6_males=6_nmar=1,6,1
0.054,8,1000,500,71.42837422604381,284.6617778801497,0,15,1.5000000000000002,2.413683468245903,499,D_pmar=0.054_dist=500_repair_6_males=6_nmar=1,6,1
0,6,0,0,65.9351075231535,269.8186834649719,24.284937070964467,0,0,0,49,D_pmar=0.054_dist=500_repair_6_males=6_nmar=1,6,1
0,16,0,500,70.06970369526513,249.8094818478289,40.171971140046914,0,0,0,49,D_pmar=0.054_dist=500_repair_6_males=6_nmar=1,6,1
0,5,500,0,71.30138220950828,270.54469020004456,18.412137865976742,0,0,0,49,D_pmar=0.054_dist=500_repair_6_males=6_nmar=1,6,1
0.054,10,500,500,74.25369333764814,282.03749509646934,0,15,1.5000000000000002,2.369336552299246,49,D_pmar=0.054_dist=500_repair_6_males=6_nmar=1,6,1
0,6,1000,0,71.07675010896278,282.97187775074667,6.012717767020468,0,0,0,49,D_pmar=0.054_dist=500_repair_6_males=6_nmar=1,6,1
0,11,1000,500,71.20283664033721,288.7975316076246,0,0,0,0,49,D_pmar=0.054_dist=500_repair_6_males=6_nmar=1,6,1
0.054,8,0,0,69.74951338666669,285.4780616000982,0,21,2.1000000000000005,2.8240740740740797,500,D_pmar=0.054_dist=500_repair_6_males=6_nmar=1,6,1
0,12,0,500,72.90043227798373,250.58468665513405,36.71150885313798,0,0,0,500,D_pmar=0.054_dist=500_repair_6_males=6_nmar=1,6,1
0,2,500,0,73.87566274775908,280.29634038672526,6.098220315489185,0,0,0,500,D_pmar=0.054_dist=500_repair_6_males=6_nmar=1,6,1
0,11,500,500,69.23506339172815,241.69585131765663,49.11797779844845,0,0,0,500,D_pmar=0.054_dist=500_repair_6_males=6_nmar=1,6,1
0,8,1000,0,67.22152344393629,292.78783625048203,0,0,0,0,500,D_pmar=0.054_dist=500_repair_6_males=6_nmar=1,6,1
0,13,1000,500,70.01413712295744,253.35919591407543,36.69969088942743,0,0,0,500,D_pmar=0.054_dist=500_repair_6_males=6_nmar=1,6,1
0,6,0,0,71.0576358397809,240.37577494855952,48.61063229396868,0,0,0,501,D_pmar=0.054_dist=500_repair_6_males=6_nmar=1,6,1
0,11,0,500,69.77256531750274,259.76101021463904,30.725693977145845,0,0,0,501,D_pmar=0.054_dist=500_repair_6_males=6_nmar=1,6,1
0,14,500,0,70.43520432345883,271.8556943549931,18.197696419748755,0,0,0,501,D_pmar=0.054_dist=500_repair_6_males=6_nmar=1,6,1
0,6,500,500,72.5490969613266,275.327726773458,12.14969503252562,0,0,0,501,D_pmar=0.054_dist=500_repair_6_males=6_nmar=1,6,1
0.054,9,1000,0,70.70522307264848,285.38287167920237,0,18,1.8000000000000005,2.1927759736425436,501,D_pmar=0.054_dist=500_repair_6_males=6_nmar=1,6,1
0,8,1000,500,71.18801511304176,288.96989457473586,0,0,0,0,501,D_pmar=0.054_dist=500_repair_6_males=6_nmar=1,6,1
0,5,0,0,69.66034601959038,278.4644364719437,12.254159558328649,0,0,0,502,D_pmar=0.054_dist=500_repair_6_males=6_nmar=1,6,1
0,18,0,500,72.06890460727772,257.94033350274066,30.19438603307137,0,0,0,502,D_pmar=0.054_dist=500_repair_6_males=6_nmar=1,6,1
0,13,500,0,72.69636205117693,269.1367184364741,18.292253120900263,0,0,0,502,D_pmar=0.054_dist=500_repair_6_males=6_nmar=1,6,1
0,5,500,500,69.12560581152582,260.35821049233914,30.58905545980856,0,0,0,502,D_pmar=0.054_dist=500_repair_6_males=6_nmar=1,6,1
0,3,1000,0,71.19529556110518,288.9063817501413,0,0,0,0,502,D_pmar=0.054_dist=500_repair_6_males=6_nmar=1,6,1
0.054,10,1000,500,71.87005575034549,284.25962389499745,0,15,1.5000000000000002,2.5035724289942314,502,D_pmar=0.054_dist=500_repair_6_males=6_nmar=1,6,1
0,6,0,0,72.80104054047713,244.58963390744256,42.709251726710626,0,0,0,503,D_pmar=0.054_dist=500_repair_6_males=6_nmar=1,6,1
0.054,15,0,500,68.96592673408493,286.3253976575999,0,21,2.1000000000000005,2.662037037037042,503,D_pmar=0.054_dist=500_repair_6_males=6_nmar=1,6,1
0,2,500,0,68.83144477165911,291.32401182448996,0,0,0,0,503,D_pmar=0.054_dist=500_repair_6_males=6_nmar=1,6,1
0,9,500,500,70.98005567042878,289.04945383184906,0,0,0,0,503,D_pmar=0.054_dist=500_repair_6_males=6_nmar=1,6,1
0,11,1000,0,71.9089931348533,257.2773147934548,30.837755634725276,0,0,0,503,D_pmar=0.054_dist=500_repair_6_males=6_nmar=1,6,1
0,11,1000,500,71.31715860146522,239.05156126105177,49.729280301464065,0,0,0,503,D_pmar=0.054_dist=500_repair_6_males=6_nmar=1,6,1
0.054,12,0,0,70.22527930510428,286.2631091307719,0,12,1.2,2.366046375823993,504,D_pmar=0.054_dist=500_repair_6_males=6_nmar=1,6,1
0,10,0,500,74.30853200943173,261.49719075661847,24.361984405221463,0,0,0,504,D_pmar=0.054_dist=500_repair_6_males=6_nmar=1,6,1
0,7,500,0,74.577278424727,267.1922748442858,18.233027431725368,0,0,0,504,D_pmar=0.054_dist=500_repair_6_males=6_nmar=1,6,1
0,7,500,500,69.77305811941991,290.30412632203934,0,0,0,0,504,D_pmar=0.054_dist=500_repair_6_males=6_nmar=1,6,1
0,11,1000,0,69.93928457414778,284.16901547665543,6.002372665199923,0,0,0,504,D_pmar=0.054_dist=500_repair_6_males=6_nmar=1,6,1
0,7,1000,500,68.90641905407416,266.8355404520609,24.380122010820372,0,0,0,504,D_pmar=0.054_dist=500_repair_6_males=6_nmar=1,6,1
0,8,0,0,70.31417814923056,271.3544367074429,18.41745036105352,0,0,0,505,D_pmar=0.054_dist=500_repair_6_males=6_nmar=1,6,1
0,18,0,500,69.02868255287113,254.1954465806248,36.91293134270249,0,0,0,505,D_pmar=0.054_dist=500_repair_6_males=6_nmar=1,6,1
0.054,6,500,0,67.17765857100035,288.4792175701916,0,17,1.7000000000000004,2.796250874138988,505,D_pmar=0.054_dist=500_repair_6_males=6_nmar=1,6,1
0,6,500,500,70.4952534076697,289.67329619112564,0,0,0,0,505,D_pmar=0.054_dist=500_repair_6_males=6_nmar=1,6,1
0,11,1000,0,68.93076243462441,279.2481110002346,12.054061678393175,0,0,0,505,D_pmar=0.054_dist=500_repair_6_males=6_nmar=1,6,1
0,5,1000,500,69.42586983174519,256.43015455132803,34.26257380528197,0,0,0,505,D_pmar=0.054_dist=500_repair_6_males=6_nmar=1,6,1
0,7,0,0,71.9120357938507,236.31671193378224,51.950517255174056,0,0,0,506,D_pmar=0.054_dist=500_repair_6_males=6_nmar=1,6,1
0,12,0,500,68.9809545399837,291.1728712320222,0,0,0,0,506,D_pmar=0.054_dist=500_repair_6_males=6_nmar=1,6,1
0,12,500,0,69.22072856678189,260.27459400891445,30.50674022720558,0,0,0,506,D_pmar=0.054_dist=500_repair_6_males=6_nmar=1,6,1
0,6,500,500,71.8681361848426,257.72916924959253,30.514162538686374,0,0,0,506,D_pmar=0.054_dist=500_repair_6_males=6_nmar=1,6,1
0,10,1000,0,70.38263293586748,283.7230514625112,6.0887191551336,0,0,0,506,D_pmar=0.054_dist=500_repair_6_males=6_nmar=1,6,1
0.054,7,1000,500,69.93393565079795,285.8908501424808,0,20,2.0000000000000004,2.330831298616101,506,D_pmar=0.054_dist=500_repair_6_males=6_nmar=1,6,1
0,15,0,0,66.41829644108529,293.70489597276196,0,0,0,0,507,D_pmar=0.054_dist=500_repair_6_males=6_nmar=1,6,1
0,10,0,500,70.27242988908498,283.60400579456746,6.150308950652255,0,0,0,507,D_pmar=0.054_dist=500_repair_6_males=6_nmar=1,6,1
0.054,7,500,0,71.05599078708022,285.2359302418927,0,10,1,2.792634365958682,507,D_pmar=0.054_dist=500_repair_6_males=6_nmar=1,6,1
0,8,500,500,69.14357630384049,272.9722352467698,18.097705033417856,0,0,0,507,D_pmar=0.054_dist=500_repair_6_males=6_nmar=1,6,1
0,6,1000,0,72.27791845743972,257.2772768374601,30.454508037547317,0,0,0,507,D_pmar=0.054_dist=500_repair_6_males=6_nmar=1,6,1
0,8,1000,500,69.43519336957036,284.36031180800063,6.2366300387258535,0,0,0,507,D_pmar=0.054_dist=500_repair_6_males=6_nmar=1,6,1
0,7,0,0,71.79182301489007,251.51490571367356,36.717652793117445,0,0,0,508,D_pmar=0.054_dist=500_repair_6_males=6_nmar=1,6,1
0,20,0,500,70.36681329983172,283.8010068917651,6.015484557997634,0,0,0,508,D_pmar=0.054_dist=500_repair_6_males=6_nmar=1,6,1
0,7,500,0,70.23087373561827,271.6520608163955,18.12747273892257,0,0,0,508,D_pmar=0.054_dist=500_repair_6_males=6_nmar=1,6,1
0,3,500,500,71.6125779072173,245.58362036113357,42.834536595285606,0,0,0,508,D_pmar=0.054_dist=500_repair_6_males=6_nmar=1,6,1
0,9,1000,0,69.72616670553282,278.29563690289024,12.090859975312446,0,0,0,508,D_pmar=0.054_dist=500_repair_6_males=6_nmar=1,6,1
0.054,8,1000,500,67.16410457106127,288.48517783387234,0,19,1.9000000000000008,2.6342358766949885,508,D_pmar=0.054_dist=500_repair_6_males=6_nmar=1,6,1
0,7,0,0,72.36609215066466,269.3096300372094,18.345257449699332,0,0,0,509,D_pmar=0.054_dist=500_repair_6_males=6_nmar=1,6,1
0,11,0,500,68.70655211758562,260.7793786981386,30.57610727142932,0,0,0,509,D_pmar=0.054_dist=500_repair_6_males=6_nmar=1,6,1
0,10,500,0,78.09040801667761,245.66551803179672,36.249271657233585,0,0,0,509,D_pmar=0.054_dist=500_repair_6_males=6_nmar=1,6,1
0.054,9,500,500,69.49627745864318,286.2525858933623,0,20,2.0000000000000004,2.366046375823993,509,D_pmar=0.054_dist=500_repair_6_males=6_nmar=1,6,1
0,7,1000,0,70.83446543741219,258.69482495843084,30.487904257124764,0,0,0,509,D_pmar=0.054_dist=500_repair_6_males=6_nmar=1,6,1
0,10,1000,500,71.41364952775714,282.71561411274575,6.061110579698027,0,0,0,509,D_pmar=0.054_dist=500_repair_6_males=6_nmar=1,6,1
0,6,0,0,68.94325744152829,279.1901385819955,12.10249854872917,0,0,0,50,D_pmar=0.054_dist=500_repair_6_males=6_nmar=1,6,1
0,21,0,500,69.64460476729033,290.47175711291925,0,0,0,0,50,D_pmar=0.054_dist=500_repair_6_males=6_nmar=1,6,1
0.054,10,500,0,70.62273465812176,285.8129406280503,0,14,1.4,2.216887792168993,50,D_pmar=0.054_dist=500_repair_6_males=6_nmar=1,6,1
0,4,500,500,70.78392422391624,289.255272910906,0,0,0,0,50,D_pmar=0.054_dist=500_repair_6_males=6_nmar=1,6,1
0,6,1000,0,73.02595540947112,237.9409304692861,49.09007568806712,0,0,0,50,D_pmar=0.054_dist=500_repair_6_males=6_nmar=1,6,1
0,7,1000,500,69.98731857087776,265.6238728610582,24.43107765818793,0,0,0,50,D_pmar=0.054_dist=500_repair_6_males=6_nmar=1,6,1
0,6,0,0,67.47887283156302,261.98179719855744,30.57856209301847,0,0,0,510,D_pmar=0.054_dist=500_repair_6_males=6_nmar=1,6,1
0,9,0,500,68.62360374092621,266.7275202598375,24.66418297351167,0,0,0,510,D_pmar=0.054_dist=500_repair_6_males=6_nmar=1,6,1
0,7,500,0,70.3578702797556,246.87295605243807,42.88351700463888,0,0,0,510,D_pmar=0.054_dist=500_repair_6_males=6_nmar=1,6,1
0.054,9,500,500,68.96354137546294,285.94820304689404,0,23,2.3000000000000007,2.809433619633039,510,D_pmar=0.054_dist=500_repair_6_males=6_nmar=1,6,1
0,7,1000,0,71.18407249248519,246.1385491953839,42.7052021664238,0,0,0,510,D_pmar=0.054_dist=500_repair_6_males=6_nmar=1,6,1
0,16,1000,500,70.51634866329329,289.5267637847769,0,0,0,0,510,D_pmar=0.054_dist=500_repair_6_males=6_nmar=1,6,1
0.054,14,0,0,69.97967714544652,286.13952811514116,0,17,1.7000000000000004,2.4449269511192164,511,D_pmar=0.054_dist=500_repair_6_males=6_nmar=1,6,1
0,17,0,500,65.96635698625353,263.6292061601375,30.43371721687021,0,0,0,511,D_pmar=0.054_dist=500_repair_6_males=6_nmar=1,6,1
0,9,500,0,66.54690222898581,263.06338286426904,30.578734887521637,0,0,0,511,D_pmar=0.054_dist=500_repair_6_males=6_nmar=1,6,1
0,5,500,500,68.28493732128082,291.7264891624594,0,0,0,0,511,D_pmar=0.054_dist=500_repair_6_males=6_nmar=1,6,1
0,8,1000,0,68.87869455115629,248.1348465178988,43.07965662309163,0,0,0,511,D_pmar=0.054_dist=500_repair_6_males=6_nmar=1,6,1
0,1,1000,500,72.03464307466363,288.0881972977027,0,0,0,0,511,D_pmar=0.054_dist=500_repair_6_males=6_nmar=1,6,1
0,18,0,0,73.60999431989109,255.890260906594,30.506270213303303,0,0,0,512,D_pmar=0.054_dist=500_repair_6_males=6_nmar=1,6,1
0,5,0,500,68.33740780467956,248.76794955386976,43.014513899452616,0,0,0,512,D_pmar=0.054_dist=500_repair_6_males=6_nmar=1,6,1
0.054,11,500,0,71.97052738737592,283.417861457351,0,22,2.2000000000000006,2.4584868223605807,512,D_pmar=0.054_dist=500_repair_6_males=6_nmar=1,6,1
0,4,500,500,67.11567555630273,268.4406535342678,24.54163249956253,0,0,0,512,D_pmar=0.054_dist=500_repair_6_males=6_nmar=1,6,1
0,9,1000,0,71.14533017476101,252.17171624713689,36.901424373869006,0,0,0,512,D_pmar=0.054_dist=500_repair_6_males=6_nmar=1,6,1
0,7,1000,500,67.35800071903732,292.6912826705864,0,0,0,0,512,D_pmar=0.054_dist=500_repair_6_males=6_nmar=1,6,1
0,6,0,0,72.21622128613423,287.8223865424026,0,0,0,0,513,D_pmar=0.054_dist=500_repair_6_males=6_nmar=1,6,1
0,13,0,500,69.69604835564749,228.8168266209875,61.55788931817,0,0,0,513,D_pmar=0.054_dist=500_repair_6_males=6_nmar=1,6,1
0,10,500,0,69.65296452573084,260.2035810236544,30.294076603291824,0,0,0,513,D_pmar=0.054_dist=500_repair_6_males=6_nmar=1,6,1
0,14,500,500,68.30485956642869,285.40184764420394,6.304519700656888,0,0,0,513,D_pmar=0.054_dist=500_repair_6_males=6_nmar=1,6,1
0,7,1000,0,71.1504560259157,282.98456896823484,6.005014347643768,0,0,0,513,D_pmar=0.054_dist=500_repair_6_males=6_nmar=1,6,1
0.054,4,1000,500,73.15115172002632,282.5623608744398,0,17,1.7000000000000004,2.8433586947575775,513,D_pmar=0.054_dist=500_repair_6_males=6_nmar=1,6,1
0,7,0,0,70.38678417511458,265.4804197343088,24.192938055295464,0,0,0,514,D_pmar=0.054_dist=500_repair_6_males=6_nmar=1,6,1
0,12,0,500,69.37732160247688,290.70096543698696,0,0,0,0,514,D_pmar=0.054_dist=500_repair_6_males=6_nmar=1,6,1
0.054,12,500,0,73.3114215728326,282.9493449301579,0,15,1.5000000000000002,2.250834906886571,514,D_pmar=0.054_dist=500_repair_6_males=6_nmar=1,6,1
0,6,500,500,73.02192198008198,256.2677038278742,30.94913386128234,0,0,0,514,D_pmar=0.054_dist=500_repair_6_males=6_nmar=1,6,1
0,15,1000,0,67.08489545913902,268.5291302624591,24.68762401513346,0,0,0,514,D_pmar=0.054_dist=500_repair_6_males=6_nmar=1,6,1
0,2,1000,500,69.27309061504697,278.1729256067029,12.574097569237956,0,0,0,514,D_pmar=0.054_dist=500_repair_6_males=6_nmar=1,6,1
0,6,0,0,71.82503208912905,264.17421364742245,24.125696363893084,0,0,0,515,D_pmar=0.054_dist=500_repair_6_males=6_nmar=1,6,1
0,15,0,500,70.05600347928966,253.5201301583245,36.56613038416399,0,0,0,515,D_pmar=0.054_dist=500_repair_6_males=6_nmar=1,6,1
0,15,500,0,68.93443368438702,260.66305940062455,30.407836696169827,0,0,0,515,D_pmar=0.054_dist=500_repair_6_males=6_nmar=1,6,1
0.054,10,500,500,75.51334288322319,280.5116480058102,0,19,1.9000000000000008,2.1888043793079652,515,D_pmar=0.054_dist=500_repair_6_males=6_nmar=1,6,1
0,5,1000,0,71.6928971410806,288.39589145953323,0,0,0,0,515,D_pmar=0.054_dist=500_repair_6_males=6_nmar=1,6,1
0,3,1000,500,72.89714675719951,262.705649463739,24.429807981560675,0,0,0,515,D_pmar=0.054_dist=500_repair_6_males=6_nmar=1,6,1
0,6,0,0,70.80084440078369,270.88065612298055,18.32989946492685,0,0,0,516,D_pmar=0.054_dist=500_repair_6_males=6_nmar=1,6,1
0,13,0,500,70.3630943015666,246.8941258097367,42.80113527911595,0,0,0,516,D_pmar=0.054_dist=500_repair_6_males=6_nmar=1,6,1
0,0,500,0,68.97413422897776,278.9585565651044,12.207558776225357,0,0,0,516,D_pmar=0.054_dist=500_repair_6_males=6_nmar=1,6,1
0.054,18,500,500,68.45372714053057,287.7429522193836,0,16,1.6000000000000003,2.3276932681968545,516,D_pmar=0.054_dist=500_repair_6_males=6_nmar=1,6,1
0,5,1000,0,71.24779348987931,282.6846613664384,6.106011947632731,0,0,0,516,D_pmar=0.054_dist=500_repair_6_males=6_nmar=1,6,1
0,12,1000,500,73.39462907548933,268.35723056680854,18.375120648116063,0,0,0,516,D_pmar=0.054_dist=500_repair_6_males=6_nmar=1,6,1
0,8,0,0,68.76891054064458,266.8013730208232,24.43494839976969,0,0,0,517,D_pmar=0.054_dist=500_repair_6_males=6_nmar=1,6,1
0,8,0,500,67.66540101011877,249.5858300614805,42.9801477903914,0,0,0,517,D_pmar=0.054_dist=500_repair_6_males=6_nmar=1,6,1
0,10,500,0,73.4862084551008,286.55625412152614,0,0,0,0,517,D_pmar=0.054_dist=500_repair_6_males=6_nmar=1,6,1
0.054,9,500,500,68.23468058460374,287.48178699563283,0,16,1.6000000000000003,2.6871125259417914,517,D_pmar=0.054_dist=500_repair_6_males=6_nmar=1,6,1
0,11,1000,0,71.33478494012509,288.8250991852909,0,0,0,0,517,D_pmar=0.054_dist=500_repair_6_males=6_nmar=1,6,1
0,8,1000,500,69.25682773371636,260.41353635146754,30.37927998128304,0,0,0,517,D_pmar=0.054_dist=500_repair_6_males=6_nmar=1,6,1
0.054,9,0,0,69.07463047914273,285.9145806875138,0,24,2.400000000000001,2.683365911298518,518,D_pmar=0.054_dist=500_repair_6_males=6_nmar=1,6,1
0,7,0,500,73.42046538016318,280.42497673842655,6.246468757204417,0,0,0,518,D_pmar=0.054_dist=500_repair_6_males=6_nmar=1,6,1
0,9,500,0,69.54155957200777,290.4670613007037,0,0,0,0,518,D_pmar=0.054_dist=500_repair_6_males=6_nmar=1,6,1
0,8,500,500,73.42305743401742,224.41281598627245,62.282789883916344,0,0,0,518,D_pmar=0.054_dist=500_repair_6_males=6_nmar=1,6,1
0,14,1000,0,72.82619763313342,256.8248970457477,30.52449014350957,0,0,0,518,D_pmar=0.054_dist=500_repair_6_males=6_nmar=1,6,1
0,7,1000,500,66.59305784768104,251.30973820712055,42.31413282292471,0,0,0,518,D_pmar=0.054_dist=500_repair_6_males=6_nmar=1,6,1
0.054,10,0,0,69.83767685806818,285.36694746319046,0,21,2.1000000000000005,2.849279669441797,519,D_pmar=0.054_dist=500_repair_6_males=6_nmar=1,6,1
0,16,0,500,69.64247194439439,259.75875677551767,30.61363480499141,0,0,0,519,D_pmar=0.054_dist=500_repair_6_males=6_nmar=1,6,1
0,4,500,0,70.73006202484399,258.63601735083546,30.78900665906763,0,0,0,519,D_pmar=0.054_dist=500_repair_6_males=6_nmar=1,6,1
0,7,500,500,70.3616612051462,240.99953028265475,48.71308885052106,0,0,0,519,D_pmar=0.054_dist=500_repair_6_males=6_nmar=1,6,1
0,4,1000,0,71.08354397317528,289.10523623609026,0,0,0,0,519,D_pmar=0.054_dist=500_repair_6_males=6_nmar=1,6,1
0,13,1000,500,69.24068697190455,272.5248875069831,18.386593496136932,0,0,0,519,D_pmar=0.054_dist=500_repair_6_males=6_nmar=1,6,1
0,10,0,0,69.49560567701542,271.89980827313053,18.60517596616325,0,0,0,51,D_pmar=0.054_dist=500_repair_6_males=6_nmar=1,6,1
0.054,2,0,500,73.47773660753047,281.65694737712965,0,16,1.6000000000000003,3.388340263435008,51,D_pmar=0.054_dist=500_repair_6_males=6_nmar=1,6,1
0,12,500,0,72.19861873269268,287.97056877712157,0,0,0,0,51,D_pmar=0.054_dist=500_repair_6_males=6_nmar=1,6,1
0,10,500,500,71.82544424438255,257.7330313173208,30.553088024336898,0,0,0,51,D_pmar=0.054_dist=500_repair_6_males=6_nmar=1,6,1
0,6,1000,0,69.44115011344284,284.52516558288266,6.06152494956519,0,0,0,51,D_pmar=0.054_dist=500_repair_6_males=6_nmar=1,6,1
0,14,1000,500,69.79233947367918,247.64165951906793,42.689839312249205,0,0,0,51,D_pmar=0.054_dist=500_repair_6_males=6_nmar=1,6,1
0,14,0,0,75.06383111969473,254.7099547343472,30.470505251063617,0,0,0,520,D_pmar=0.054_dist=500_repair_6_males=6_nmar=1,6,1
0,10,0,500,72.50140536452727,275.2131952965545,12.383413861385815,0,0,0,520,D_pmar=0.054_dist=500_repair_6_males=6_nmar=1,6,1
0,10,500,0,70.69206783674225,258.7930858977449,30.5208545627905,0,0,0,520,D_pmar=0.054_dist=500_repair_6_males=6_nmar=1,6,1
0,3,500,500,68.53418654483177,230.3917529782222,61.10003947890874,0,0,0,520,D_pmar=0.054_dist=500_repair_6_males=6_nmar=1,6,1
0,5,1000,0,66.76831262345605,281.09500284763317,12.17865265300878,0,0,0,520,D_pmar=0.054_dist=500_repair_6_males=6_nmar=1,6,1
0.054,12,1000,500,71.45575047136599,283.4474632746448,0,24,2.400000000000001,2.7509402878140308,520,D_pmar=0.054_dist=500_repair_6_males=6_nmar=1,6,1
0,12,0,0,68.11653989293369,285.88974769093886,6.00083071661091,0,0,0,521,D_pmar=0.054_dist=500_repair_6_males=6_nmar=1,6,1
0,9,0,500,65.67308805553148,294.44194578449,0,0,0,0,521,D_pmar=0.054_dist=500_repair_6_males=6_nmar=1,6,1
0,7,500,0,67.12041892429119,274.45371499526277,18.474349248269363,0,0,0,521,D_pmar=0.054_dist=500_repair_6_males=6_nmar=1,6,1
0.054,13,500,500,69.77515411226818,286.74782923558166,0,13,1.3,2.2078287870655275,521,D_pmar=0.054_dist=500_repair_6_males=6_nmar=1,6,1
0,5,1000,0,72.01835751537426,263.6884970225074,24.313926363033623,0,0,0,521,D_pmar=0.054_dist=500_repair_6_males=6_nmar=1,6,1
0,8,1000,500,71.1673353821124,258.26389053610643,30.616836548968035,0,0,0,521,D_pmar=0.054_dist=500_repair_6_males=6_nmar=1,6,1
0,11,0,0,72.35912452552907,226.91777673475823,60.72577249327269,0,0,0,522,D_pmar=0.054_dist=500_repair_6_males=6_nmar=1,6,1
0,8,0,500,68.74584308845037,291.288353257607,0,0,0,0,522,D_pmar=0.054_dist=500_repair_6_males=6_nmar=1,6,1
0,7,500,0,70.00937943025998,284.0234560879298,6.162083265930392,0,0,0,522,D_pmar=0.054_dist=500_repair_6_males=6_nmar=1,6,1
0,12,500,500,68.65808053361327,273.55798977842437,17.84859182982589,0,0,0,522,D_pmar=0.054_dist=500_repair_6_males=6_nmar=1,6,1
0.054,9,1000,0,72.86178028858328,283.5130513790328,0,14,1.4,2.243043864273419,522,D_pmar=0.054_dist=500_repair_6_males=6_nmar=1,6,1
0,7,1000,500,69.6087490907537,290.3964274135831,0,0,0,0,522,D_pmar=0.054_dist=500_repair_6_males=6_nmar=1,6,1
0,11,0,0,69.40853914320134,255.26020929530543,35.566530691556345,0,0,0,523,D_pmar=0.054_dist=500_repair_6_males=6_nmar=1,6,1
0,9,0,500,72.43387017216143,281.4715490477285,6.188810839274384,0,0,0,523,D_pmar=0.054_dist=500_repair_6_males=6_nmar=1,6,1
0.054,16,500,0,71.06703101361998,284.7253482702239,0,18,1.8000000000000005,2.512197035522715,523,D_pmar=0.054_dist=500_repair_6_males=6_nmar=1,6,1
0,4,500,500,70.36282376350154,258.97716296528665,30.837118709165697,0,0,0,523,D_pmar=0.054_dist=500_repair_6_males=6_nmar=1,6,1
0,9,1000,0,68.42566773581441,267.27575951280915,24.402876709069947,0,0,0,523,D_pmar=0.054_dist=500_repair_6_males=6_nmar=1,6,1
0,5,1000,500,72.95153922724629,274.8801343032503,12.180782602185412,0,0,0,523,D_pmar=0.054_dist=500_repair_6_males=6_nmar=1,6,1
0,7,0,0,68.66038985825692,254.5675328475662,36.86201198087524,0,0,0,524,D_pmar=0.054_dist=500_repair_6_males=6_nmar=1,6,1
0,14,0,500,69.68464257092694,278.20828834526753,12.14786391159973,0,0,0,524,D_pmar=0.054_dist=500_repair_6_males=6_nmar=1,6,1
0.054,14,500,0,70.70760893928889,284.04733470968443,0,24,2.400000000000001,2.925573525714133,524,D_pmar=0.054_dist=500_repair_6_males=6_nmar=1,6,1
0,2,500,500,71.73248443020545,257.6193509872052,30.90519350912285,0,0,0,524,D_pmar=0.054_dist=500_repair_6_males=6_nmar=1,6,1
0,15,1000,0,74.34409319597383,267.6236530795037,18.177111498552257,0,0,0,524,D_pmar=0.054_dist=500_repair_6_males=6_nmar=1,6,1
0,2,1000,500,72.76095508809088,238.08351692475392,49.183669023288445,0,0,0,524,D_pmar=0.054_dist=500_repair_6_males=6_nmar=1,6,1
0,5,0,0,70.0200072481629,278.1868944790647,12.103299774121949,0,0,0,525,D_pmar=0.054_dist=500_repair_6_males=6_nmar=1,6,1
0.054,16,0,500,68.49127577625153,287.3508440738502,0,17,1.7000000000000004,2.8666810285547726,525,D_pmar=0.054_dist=500_repair_6_males=6_nmar=1,6,1
0,13,500,0,67.59658953019199,249.4132814477909,42.992022757020024,0,0,0,525,D_pmar=0.054_dist=500_repair_6_males=6_nmar=1,6,1
0,4,500,500,70.7056506993158,283.3518009059533,6.1480525591316,0,0,0,525,D_pmar=0.054_dist=500_repair_6_males=6_nmar=1,6,1
0,10,1000,0,70.09661751692586,277.78011069167735,12.193278241480304,0,0,0,525,D_pmar=0.054_dist=500_repair_6_males=6_nmar=1,6,1
0,6,1000,500,70.5419502284749,258.62855247212747,30.86717631844729,0,0,0,525,D_pmar=0.054_dist=500_repair_6_males=6_nmar=1,6,1
0,7,0,0,73.15748313794377,280.8974760254025,6.050097971836951,0,0,0,526,D_pmar=0.054_dist=500_repair_6_males=6_nmar=1,6,1
0,8,0,500,65.97816787811851,288.1517446203183,6.082757915784395,0,0,0,526,D_pmar=0.054_dist=500_repair_6_males=6_nmar=1,6,1
0,11,500,0,69.96274113028308,259.97267336590073,30.394848034548016,0,0,0,526,D_pmar=0.054_dist=500_repair_6_males=6_nmar=1,6,1
0,11,500,500,70.01397351685091,290.1244924464525,0,0,0,0,526,D_pmar=0.054_dist=500_repair_6_males=6_nmar=1,6,1
0,11,1000,0,71.14608996660779,264.79209396543945,24.21526405380959,0,0,0,526,D_pmar=0.054_dist=500_repair_6_males=6_nmar=1,6,1
0.054,6,1000,500,72.03211870851206,285.03683418648785,0,11,1.1,1.9090772211805451,526,D_pmar=0.054_dist=500_repair_6_males=6_nmar=1,6,1
0,18,0,0,66.14304314846996,281.58997644015824,12.281017916768064,0,0,0,527,D_pmar=0.054_dist=500_repair_6_males=6_nmar=1,6,1
0,5,0,500,69.54530787357064,278.2721711138057,12.282991767568504,0,0,0,527,D_pmar=0.054_dist=500_repair_6_males=6_nmar=1,6,1
0,9,500,0,71.89562884646169,263.80771197284275,24.335392068391652,0,0,0,527,D_pmar=0.054_dist=500_repair_6_males=6_nmar=1,6,1
0,10,500,500,68.89137328950927,273.0554171463043,18.28847860514022,0,0,0,527,D_pmar=0.054_dist=500_repair_6_males=6_nmar=1,6,1
0,0,1000,0,71.14431575508505,245.92126248638905,43.2752600809208,0,0,0,527,D_pmar=0.054_dist=500_repair_6_males=6_nmar=1,6,1
0.054,12,1000,500,68.14184987813306,287.7640910913541,0,18,1.8000000000000005,2.3005735257141273,527,D_pmar=0.054_dist=500_repair_6_males=6_nmar=1,6,1
0,14,0,0,72.58060861738572,251.1634672544332,36.456395769246186,0,0,0,528,D_pmar=0.054_dist=500_repair_6_males=6_nmar=1,6,1
0,6,0,500,70.69157722141405,222.36723807236584,67.05984618521576,0,0,0,528,D_pmar=0.054_dist=500_repair_6_males=6_nmar=1,6,1
0,13,500,0,69.31907196486458,243.3296299048997,47.39452706172487,0,0,0,528,D_pmar=0.054_dist=500_repair_6_males=6_nmar=1,6,1
0,7,500,500,71.82633215666623,282.1401837505025,6.056690039585188,0,0,0,528,D_pmar=0.054_dist=500_repair_6_males=6_nmar=1,6,1
0,2,1000,0,72.31967612151492,287.9233404805105,0,0,0,0,528,D_pmar=0.054_dist=500_repair_6_males=6_nmar=1,6,1
0.054,12,1000,500,74.41167376519275,280.31517833237587,0,26,2.600000000000001,2.785039548587616,528,D_pmar=0.054_dist=500_repair_6_males=6_nmar=1,6,1
0,3,0,0,73.78417459575743,280.06786363372953,6.163294738738422,0,0,0,529,D_pmar=0.054_dist=500_repair_6_males=6_nmar=1,6,1
0,7,0,500,73.62031648509057,268.2163455328245,18.454332704662168,0,0,0,529,D_pmar=0.054_dist=500_repair_6_males=6_nmar=1,6,1
0.054,11,500,0,67.73600844003558,288.8814068865487,0,13,1.3,2.267155682799869,529,D_pmar=0.054_dist=500_repair_6_males=6_nmar=1,6,1
0,12,500,500,68.62715293637628,273.1736010953016,18.43106492898352,0,0,0,529,D_pmar=0.054_dist=500_repair_6_males=6_nmar=1,6,1
0,18,1000,0,70.59988937729152,259.08387180828703,30.393494102989035,0,0,0,529,D_pmar=0.054_dist=500_repair_6_males=6_nmar=1,6,1
0,3,1000,500,68.60886662620777,285.2959514788168,6.201191708822662,0,0,0,529,D_pmar=0.054_dist=500_repair_6_males=6_nmar=1,6,1
0,16,0,0,72.9004320417055,262.7810995983776,24.354327538712575,0,0,0,52,D_pmar=0.054_dist=500_repair_6_males=6_nmar=1,6,1
0,11,0,500,68.67344971861249,285.572074005493,6.077264660127136,0,0,0,52,D_pmar=0.054_dist=500_repair_6_males=6_nmar=1,6,1
0.054,12,500,0,70.90846867872666,285.63225405499946,0,16,1.6000000000000003,1.9421179383474916,52,D_pmar=0.054_dist=500_repair_6_males=6_nmar=1,6,1
0,7,500,500,69.87522974589233,259.76031520696347,30.461636550193116,0,0,0,52,D_pmar=0.054_dist=500_repair_6_males=6_nmar=1,6,1
0,5,1000,0,73.12632101845189,280.930996298453,6.064193217630322,0,0,0,52,D_pmar=0.054_dist=500_repair_6_males=6_nmar=1,6,1
0,3,1000,500,68.72007138884887,260.7923093594981,30.693688147755772,0,0,0,52,D_pmar=0.054_dist=500_repair_6_males=6_nmar=1,6,1
0,8,0,0,71.13962936686143,264.56109476392504,24.33094577446188,0,0,0,530,D_pmar=0.054_dist=500_repair_6_males=6_nmar=1,6,1
0,10,0,500,69.19175884606466,284.80610281426283,6.10680209201581,0,0,0,530,D_pmar=0.054_dist=500_repair_6_males=6_nmar=1,6,1
0,10,500,0,70.47325626822264,283.56611633954003,6.015160194951804,0,0,0,530,D_pmar=0.054_dist=500_repair_6_males=6_nmar=1,6,1
0,11,500,500,63.465691465067714,266.52558472475977,30.181042720268024,0,0,0,530,D_pmar=0.054_dist=500_repair_6_males=6_nmar=1,6,1
0,10,1000,0,70.69105856846232,265.22665077667887,24.182202798474457,0,0,0,530,D_pmar=0.054_dist=500_repair_6_males=6_nmar=1,6,1
0.054,5,1000,500,68.54747632235508,287.24513606189777,0,15,1.5000000000000002,2.74067059304792,530,D_pmar=0.054_dist=500_repair_6_males=6_nmar=1,6,1
0,4,0,0,67.63654526606858,271.16992140239006,21.433326524994243,0,0,0,531,D_pmar=0.054_dist=500_repair_6_males=6_nmar=1,6,1
0,6,0,500,70.77599701115975,252.46379871884056,36.78161266985021,0,0,0,531,D_pmar=0.054_dist=500_repair_6_males=6_nmar=1,6,1
0.054,9,500,0,67.55747131826419,288.23947455433756,0,12,1.2,3.017332554391393,531,D_pmar=0.054_dist=500_repair_6_males=6_nmar=1,6,1
0,7,500,500,69.7718443127106,278.02832780097987,12.242348107875968,0,0,0,531,D_pmar=0.054_dist=500_repair_6_males=6_nmar=1,6,1
0,13,1000,0,68.61962459244079,291.43864584208916,0,0,0,0,531,D_pmar=0.054_dist=500_repair_6_males=6_nmar=1,6,1
0,15,1000,500,70.44768488273665,289.58159716172503,0,0,0,0,531,D_pmar=0.054_dist=500_repair_6_males=6_nmar=1,6,1
0.054,5,0,0,68.81929981445484,288.19040270995043,0,9,0.8999999999999999,2.2671556827998685,532,D_pmar=0.054_dist=500_repair_6_males=6_nmar=1,6,1
0,5,0,500,73.22343729994195,274.8030223244551,12.242974839469117,0,0,0,532,D_pmar=0.054_dist=500_repair_6_males=6_nmar=1,6,1
0,16,500,0,68.8142267022112,260.9309349928614,30.32440334365056,0,0,0,532,D_pmar=0.054_dist=500_repair_6_males=6_nmar=1,6,1
0,3,500,500,70.31413586488168,289.7879435227959,0,0,0,0,532,D_pmar=0.054_dist=500_repair_6_males=6_nmar=1,6,1
0,12,1000,0,73.39990048189075,286.71318446395105,0,0,0,0,532,D_pmar=0.054_dist=500_repair_6_males=6_nmar=1,6,1
0,13,1000,500,68.24507243384193,279.3902122862985,12.455061244653873,0,0,0,532,D_pmar=0.054_dist=500_repair_6_males=6_nmar=1,6,1
0,8,0,0,68.91346254352344,284.9729000113042,6.138680311103824,0,0,0,533,D_pmar=0.054_dist=500_repair_6_males=6_nmar=1,6,1
0,8,0,500,72.28288234781567,263.59598657247125,24.37481159304241,0,0,0,533,D_pmar=0.054_dist=500_repair_6_males=6_nmar=1,6,1
0,10,500,0,70.27158218838848,277.6496267909284,12.151606825506214,0,0,0,533,D_pmar=0.054_dist=500_repair_6_males=6_nmar=1,6,1
0,16,500,500,68.6284381340198,273.3314958443151,18.14805293266862,0,0,0,533,D_pmar=0.054_dist=500_repair_6_males=6_nmar=1,6,1
0.054,5,1000,0,69.86053632696151,286.1444423271762,0,17,1.7000000000000004,2.389194523972142,533,D_pmar=0.054_dist=500_repair_6_males=6_nmar=1,6,1
0,7,1000,500,71.42630319075037,248.4049009945659,40.25290973820181,0,0,0,533,D_pmar=0.054_dist=500_repair_6_males=6_nmar=1,6,1
0,8,0,0,70.56600855442302,283.5023011743245,6.060900473369187,0,0,0,534,D_pmar=0.054_dist=500_repair_6_males=6_nmar=1,6,1
0,7,0,500,71.9152537919425,276.06034491480125,12.177081302083472,0,0,0,534,D_pmar=0.054_dist=500_repair_6_males=6_nmar=1,6,1
0,11,500,0,69.64897074970521,260.19153688299446,30.325567151686343,0,0,0,534,D_pmar=0.054_dist=500_repair_6_males=6_nmar=1,6,1
0,5,500,500,73.01879766508479,262.4512197787298,24.720636024663467,0,0,0,534,D_pmar=0.054_dist=500_repair_6_males=6_nmar=1,6,1
0.054,14,1000,0,70.73501142354421,286.00695437578065,0,14,1.4,1.9381463440129127,534,D_pmar=0.054_dist=500_repair_6_males=6_nmar=1,6,1
0,9,1000,500,71.6912996402316,276.0430908497899,12.382680873489225,0,0,0,534,D_pmar=0.054_dist=500_repair_6_males=6_nmar=1,6,1
0,11,0,0,70.1525033669514,253.1775762084955,36.67769661297609,0,0,0,535,D_pmar=0.054_dist=500_repair_6_males=6_nmar=1,6,1
0,10,0,500,69.44797836031367,278.40381852797907,12.232363359152666,0,0,0,535,D_pmar=0.054_dist=500_repair_6_males=6_nmar=1,6,1
0,6,500,0,67.73370291095749,292.3031796096913,0,0,0,0,535,D_pmar=0.054_dist=500_repair_6_males=6_nmar=1,6,1
0,6,500,500,69.05258883021394,272.6743546725629,18.27978936073039,0,0,0,535,D_pmar=0.054_dist=500_repair_6_males=6_nmar=1,6,1
0,9,1000,0,69.26817952301573,242.39071255086705,48.49641617329872,0,0,0,535,D_pmar=0.054_dist=500_repair_6_males=6_nmar=1,6,1
0.054,12,1000,500,71.20604549607364,284.53871945046507,0,19,1.9000000000000008,2.4870995070249275,535,D_pmar=0.054_dist=500_repair_6_males=6_nmar=1,6,1
0.054,12,0,0,69.36032827854834,287.12554956522433,0,13,1.3,2.2383908520795144,536,D_pmar=0.054_dist=500_repair_6_males=6_nmar=1,6,1
0,8,0,500,71.42279915979611,288.7337949317737,0,0,0,0,536,D_pmar=0.054_dist=500_repair_6_males=6_nmar=1,6,1
0,12,500,0,67.19585587342401,286.9078922094086,6.065786516057732,0,0,0,536,D_pmar=0.054_dist=500_repair_6_males=6_nmar=1,6,1
0,6,500,500,74.98936624893533,248.5107658651937,36.661657958677125,0,0,0,536,D_pmar=0.054_dist=500_repair_6_males=6_nmar=1,6,1
0,11,1000,0,67.76280813525207,256.01770226636484,36.3442822264312,0,0,0,536,D_pmar=0.054_dist=500_repair_6_males=6_nmar=1,6,1
0,5,1000,500,69.70538361757984,290.44005498296593,0,0,0,0,536,D_pmar=0.054_dist=500_repair_6_males=6_nmar=1,6,1
0,12,0,0,67.91209079159955,267.7945685737469,24.473103307248344,0,0,0,537,D_pmar=0.054_dist=500_repair_6_males=6_nmar=1,6,1
0,3,0,500,67.92310556617763,273.8904990663907,18.22903188240433,0,0,0,537,D_pmar=0.054_dist=500_repair_6_males=6_nmar=1,6,1
0,4,500,0,68.23466243134753,261.11843287989836,30.747872200909125,0,0,0,537,D_pmar=0.054_dist=500_repair_6_males=6_nmar=1,6,1
0,15,500,500,71.25828278921473,252.361808266361,36.38804110830761,0,0,0,537,D_pmar=0.054_dist=500_repair_6_males=6_nmar=1,6,1
0,9,1000,0,72.62415120027653,269.2918147040183,18.253673332022707,0,0,0,537,D_pmar=0.054_dist=500_repair_6_males=6_nmar=1,6,1
0.054,11,1000,500,67.57487289226248,287.5877152678893,0,21,2.1000000000000005,2.862709434220193,537,D_pmar=0.054_dist=500_repair_6_males=6_nmar=1,6,1
0,14,0,0,72.68666493263487,252.7862836293132,34.68364090056883,0,0,0,538,D_pmar=0.054_dist=500_repair_6_males=6_nmar=1,6,1
0,9,0,500,69.27258267077062,258.0111530238852,32.807148715750834,0,0,0,538,D_pmar=0.054_dist=500_repair_6_males=6_nmar=1,6,1
0,10,500,0,69.5172979272696,278.2356706585701,12.335830856933873,0,0,0,538,D_pmar=0.054_dist=500_repair_6_males=6_nmar=1,6,1
0,7,500,500,66.6234853639181,287.25500018116213,6.164960681910719,0,0,0,538,D_pmar=0.054_dist=500_repair_6_males=6_nmar=1,6,1
0,5,1000,0,73.72498011314201,286.39473320312476,0,0,0,0,538,D_pmar=0.054_dist=500_repair_6_males=6_nmar=1,6,1
0.054,9,1000,500,68.03274332107381,288.1680947568389,0,15,1.5000000000000002,2.407385367814372,538,D_pmar=0.054_dist=500_repair_6_males=6_nmar=1,6,1
0,10,0,0,72.99755271592848,262.88173865432816,24.345113746997857,0,0,0,539,D_pmar=0.054_dist=500_repair_6_males=6_nmar=1,6,1
0,7,0,500,67.70992289323381,292.3823349193003,0,0,0,0,539,D_pmar=0.054_dist=500_repair_6_males=6_nmar=1,6,1
0,5,500,0,70.80884942000614,252.69145707905403,36.67143297800465,0,0,0,539,D_pmar=0.054_dist=500_repair_6_males=6_nmar=1,6,1
0,13,500,500,68.86563455425427,254.49658838447473,36.64635439911136,0,0,0,539,D_pmar=0.054_dist=500_repair_6_males=6_nmar=1,6,1
0.054,6,1000,0,67.16863370219657,288.17571198365926,0,22,2.2000000000000006,2.5958827690678503,539,D_pmar=0.054_dist=500_repair_6_males=6_nmar=1,6,1
0,13,1000,500,69.07937622421883,254.39948782921553,36.64934633098367,0,0,0,539,D_pmar=0.054_dist=500_repair_6_males=6_nmar=1,6,1
0,7,0,0,72.08075631314715,232.594974836812,55.41083810835411,0,0,0,53,D_pmar=0.054_dist=500_repair_6_males=6_nmar=1,6,1
0,10,0,500,69.46361254454051,284.4434684681033,6.222143116615191,0,0,0,53,D_pmar=0.054_dist=500_repair_6_males=6_nmar=1,6,1
0.054,14,500,0,69.39636897921699,286.2619210804751,0,21,2.1000000000000005,2.330302026812782,53,D_pmar=0.054_dist=500_repair_6_males=6_nmar=1,6,1
0,7,500,500,70.80501039859921,258.6684781234224,30.52692163435126,0,0,0,53,D_pmar=0.054_dist=500_repair_6_males=6_nmar=1,6,1
0,11,1000,0,70.7421441433895,271.0768755606528,18.23535887425825,0,0,0,53,D_pmar=0.054_dist=500_repair_6_males=6_nmar=1,6,1
0,5,1000,500,67.62314299816362,274.070741434285,18.34097371176382,0,0,0,53,D_pmar=0.054_dist=500_repair_6_males=6_nmar=1,6,1
0.054,4,0,0,68.76348673936693,286.9101286586075,0,18,1.8000000000000005,2.6963965107365637,540,D_pmar=0.054_dist=500_repair_6_males=6_nmar=1,6,1
0,7,0,500,70.94732537349407,283.040728647746,6.197235144087865,0,0,0,540,D_pmar=0.054_dist=500_repair_6_males=6_nmar=1,6,1
0,21,500,0,72.48890591220294,263.4409250427523,24.259966751715,0,0,0,540,D_pmar=0.054_dist=500_repair_6_males=6_nmar=1,6,1
0,11,500,500,68.4258786803727,255.1194272331937,36.50590413972571,0,0,0,540,D_pmar=0.054_dist=500_repair_6_males=6_nmar=1,6,1
0,7,1000,0,72.11365272551592,254.18579829089708,33.95880199478186,0,0,0,540,D_pmar=0.054_dist=500_repair_6_males=6_nmar=1,6,1
0,4,1000,500,69.02371672235842,284.8522130362432,6.154317329080077,0,0,0,540,D_pmar=0.054_dist=500_repair_6_males=6_nmar=1,6,1
0,10,0,0,74.61224944831075,257.717547036817,27.771153004251165,0,0,0,541,D_pmar=0.054_dist=500_repair_6_males=6_nmar=1,6,1
0,7,0,500,68.22645524639283,273.6047407931362,18.264418396354163,0,0,0,541,D_pmar=0.054_dist=500_repair_6_males=6_nmar=1,6,1
0.054,17,500,0,68.68898917594991,287.80224544267196,0,15,1.5000000000000002,2.12962962962963,541,D_pmar=0.054_dist=500_repair_6_males=6_nmar=1,6,1
0,7,500,500,70.79745956290913,289.269301711949,0,0,0,0,541,D_pmar=0.054_dist=500_repair_6_males=6_nmar=1,6,1
0,8,1000,0,72.36320990929632,263.1493021663771,24.67475532205338,0,0,0,541,D_pmar=0.054_dist=500_repair_6_males=6_nmar=1,6,1
0,5,1000,500,69.09986924137564,272.51759950834025,18.39994447592951,0,0,0,541,D_pmar=0.054_dist=500_repair_6_males=6_nmar=1,6,1
0,5,0,0,66.83152127526009,293.23919437376446,0,0,0,0,542,D_pmar=0.054_dist=500_repair_6_males=6_nmar=1,6,1
0,9,0,500,73.73806603984289,286.51465298787303,0,0,0,0,542,D_pmar=0.054_dist=500_repair_6_males=6_nmar=1,6,1
0,13,500,0,66.5963266135306,249.55970098925988,43.89562593708876,0,0,0,542,D_pmar=0.054_dist=500_repair_6_males=6_nmar=1,6,1
0,9,500,500,72.67778581183316,281.46877595799066,6.073152357394053,0,0,0,542,D_pmar=0.054_dist=500_repair_6_males=6_nmar=1,6,1
0.054,4,1000,0,69.42610510144674,286.3023806831991,0,16,1.6000000000000003,2.6732483625884145,542,D_pmar=0.054_dist=500_repair_6_males=6_nmar=1,6,1
0,14,1000,500,72.00731893966928,245.32557752565077,42.770084434931555,0,0,0,542,D_pmar=0.054_dist=500_repair_6_males=6_nmar=1,6,1
0.054,12,0,0,69.21853377500057,286.7161850418554,0,20,2.0000000000000004,2.0887978698495324,543,D_pmar=0.054_dist=500_repair_6_males=6_nmar=1,6,1
0,9,0,500,71.67124490631052,267.14950337913115,21.267430072726068,0,0,0,543,D_pmar=0.054_dist=500_repair_6_males=6_nmar=1,6,1
0,7,500,0,74.69505382741187,254.7802490659454,30.66717421414784,0,0,0,543,D_pmar=0.054_dist=500_repair_6_males=6_nmar=1,6,1
0,9,500,500,69.4399322634463,266.25920150701495,24.400073459456184,0,0,0,543,D_pmar=0.054_dist=500_repair_6_males=6_nmar=1,6,1
0,9,1000,0,67.80895199006898,292.2670897891431,0,0,0,0,543,D_pmar=0.054_dist=500_repair_6_males=6_nmar=1,6,1
0,8,1000,500,73.11803422571343,243.68157732187572,43.23324860962159,0,0,0,543,D_pmar=0.054_dist=500_repair_6_males=6_nmar=1,6,1
0.054,17,0,0,70.70924241873614,285.5871749781482,0,13,1.3,2.4202858607894484,544,D_pmar=0.054_dist=500_repair_6_males=6_nmar=1,6,1
0,7,0,500,71.87772652904849,263.7764733606498,24.40209196536607,0,0,0,544,D_pmar=0.054_dist=500_repair_6_males=6_nmar=1,6,1
0,7,500,0,69.84962024036564,265.6234381081483,24.590715283478534,0,0,0,544,D_pmar=0.054_dist=500_repair_6_males=6_nmar=1,6,1
0,7,500,500,70.57825166171123,283.44511921560934,6.00578069709123,0,0,0,544,D_pmar=0.054_dist=500_repair_6_males=6_nmar=1,6,1
0,4,1000,0,67.72571198351817,279.9090897876823,12.432441590814005,0,0,0,544,D_pmar=0.054_dist=500_repair_6_males=6_nmar=1,6,1
0,12,1000,500,68.99308051303277,278.8242978547027,12.221218738060012,0,0,0,544,D_pmar=0.054_dist=500_repair_6_males=6_nmar=1,6,1
0,6,0,0,73.79025695968454,280.2083289246325,6.030216679664275,0,0,0,545,D_pmar=0.054_dist=500_repair_6_males=6_nmar=1,6,1
0,9,0,500,72.60808558249744,269.3790207928244,18.162261446630666,0,0,0,545,D_pmar=0.054_dist=500_repair_6_males=6_nmar=1,6,1
0,5,500,0,73.09047882003308,256.5411807654206,30.446271686375727,0,0,0,545,D_pmar=0.054_dist=500_repair_6_males=6_nmar=1,6,1
0,14,500,500,70.96205727974461,264.50720522867914,24.61820734405281,0,0,0,545,D_pmar=0.054_dist=500_repair_6_males=6_nmar=1,6,1
0.054,11,1000,0,72.6628542984129,283.2928171198298,0,17,1.7000000000000004,2.409052495645037,545,D_pmar=0.054_dist=500_repair_6_males=6_nmar=1,6,1
0,9,1000,500,68.90884272940754,266.65086640118847,24.585233951447726,0,0,0,545,D_pmar=0.054_dist=500_repair_6_males=6_nmar=1,6,1
0,8,0,0,72.44204710832139,287.7134794822503,0,0,0,0,546,D_pmar=0.054_dist=500_repair_6_males=6_nmar=1,6,1
0.054,9,0,500,73.04613680015905,283.1386365627908,0,17,1.7000000000000004,2.3852229296375618,546,D_pmar=0.054_dist=500_repair_6_males=6_nmar=1,6,1
0,2,500,0,70.82288056264186,277.0789495710336,12.31996312096236,0,0,0,546,D_pmar=0.054_dist=500_repair_6_males=6_nmar=1,6,1
0,19,500,500,74.8774597598584,255.03106025390497,30.23559014060924,0,0,0,546,D_pmar=0.054_dist=500_repair_6_males=6_nmar=1,6,1
0,5,1000,0,74.26019120918843,251.86618562857404,34.10450635662147,0,0,0,546,D_pmar=0.054_dist=500_repair_6_males=6_nmar=1,6,1
0,11,1000,500,73.02299839189016,262.7523669941244,24.301080455265513,0,0,0,546,D_pmar=0.054_dist=500_repair_6_males=6_nmar=1,6,1
0,5,0,0,67.39077586241095,292.6883802374711,0,0,0,0,547,D_pmar=0.054_dist=500_repair_6_males=6_nmar=1,6,1
0.054,8,0,500,71.82566699328609,283.3418219220456,0,20,2.0000000000000004,2.84720018262919,547,D_pmar=0.054_dist=500_repair_6_males=6_nmar=1,6,1
0,4,500,0,71.34439844831716,282.6716251622782,6.100136870881015,0,0,0,547,D_pmar=0.054_dist=500_repair_6_males=6_nmar=1,6,1
0,10,500,500,69.0629489036333,254.35094661295057,36.745047835516566,0,0,0,547,D_pmar=0.054_dist=500_repair_6_males=6_nmar=1,6,1
0,13,1000,0,69.48810219649052,241.68366216057044,48.8573772576537,0,0,0,547,D_pmar=0.054_dist=500_repair_6_males=6_nmar=1,6,1
0,14,1000,500,69.52901680484356,260.2016206218108,30.343901002230687,0,0,0,547,D_pmar=0.054_dist=500_repair_6_males=6_nmar=1,6,1
0,13,0,0,72.09241391947474,269.8368685534619,18.28206060399481,0,0,0,548,D_pmar=0.054_dist=500_repair_6_males=6_nmar=1,6,1
0,7,0,500,68.72055862085006,224.4475470282809,66.97120651602637,0,0,0,548,D_pmar=0.054_dist=500_repair_6_males=6_nmar=1,6,1
0,6,500,0,71.5760873109197,282.5143441777132,6.061631267283114,0,0,0,548,D_pmar=0.054_dist=500_repair_6_males=6_nmar=1,6,1
0.054,9,500,500,70.12531477637141,285.65370484513267,0,22,2.2000000000000006,2.211952527456113,548,D_pmar=0.054_dist=500_repair_6_males=6_nmar=1,6,1
0,12,1000,0,69.22135869601797,262.4684849800031,28.33730494131196,0,0,0,548,D_pmar=0.054_dist=500_repair_6_males=6_nmar=1,6,1
0,7,1000,500,70.16568384849135,277.6310963503406,12.248455869279606,0,0,0,548,D_pmar=0.054_dist=500_repair_6_males=6_nmar=1,6,1
0,5,0,0,69.49360632957679,272.20731901176936,18.309907746394476,0,0,0,549,D_pmar=0.054_dist=500_repair_6_males=6_nmar=1,6,1
0,13,0,500,73.5434606511883,261.7750302909644,24.70209928755608,0,0,0,549,D_pmar=0.054_dist=500_repair_6_males=6_nmar=1,6,1
0,3,500,0,69.45402463213499,242.10096084705555,48.53571242931748,0,0,0,549,D_pmar=0.054_dist=500_repair_6_males=6_nmar=1,6,1
0,5,500,500,70.00746749702094,290.0662552419766,0,0,0,0,549,D_pmar=0.054_dist=500_repair_6_males=6_nmar=1,6,1
0.054,17,1000,0,71.67354334396393,284.33077290724395,0,18,1.8000000000000005,2.3434274994791644,549,D_pmar=0.054_dist=500_repair_6_males=6_nmar=1,6,1
0,11,1000,500,69.34447822848601,273.30514643837006,17.53924409031274,0,0,0,549,D_pmar=0.054_dist=500_repair_6_males=6_nmar=1,6,1
0,12,0,0,75.6225249610487,272.23183507093347,12.217892443863262,0,0,0,54,D_pmar=0.054_dist=500_repair_6_males=6_nmar=1,6,1
0,9,0,500,71.23565694067344,264.2894554622581,24.604244679937697,0,0,0,54,D_pmar=0.054_dist=500_repair_6_males=6_nmar=1,6,1
0,5,500,0,70.84514201243357,271.1588668111158,18.13339521965211,0,0,0,54,D_pmar=0.054_dist=500_repair_6_males=6_nmar=1,6,1
0,9,500,500,69.12517184496515,223.39759381658487,67.54984105972927,0,0,0,54,D_pmar=0.054_dist=500_repair_6_males=6_nmar=1,6,1
0,16,1000,0,67.92429535574244,292.2039478600285,0,0,0,0,54,D_pmar=0.054_dist=500_repair_6_males=6_nmar=1,6,1
0.054,3,1000,500,70.67299806903843,284.5631018484446,0,20,2.0000000000000004,2.78870685081018,54,D_pmar=0.054_dist=500_repair_6_males=6_nmar=1,6,1
0,6,0,0,65.66409610558222,294.41754649543395,0,0,0,0,550,D_pmar=0.054_dist=500_repair_6_males=6_nmar=1,6,1
0,9,0,500,74.27073382335288,285.9522847948941,0,0,0,0,550,D_pmar=0.054_dist=500_repair_6_males=6_nmar=1,6,1
0,13,500,0,72.28056126857479,251.1114211155113,36.60986881675764,0,0,0,550,D_pmar=0.054_dist=500_repair_6_males=6_nmar=1,6,1
0,8,500,500,73.97246613365552,249.6823374345121,36.43268302442236,0,0,0,550,D_pmar=0.054_dist=500_repair_6_males=6_nmar=1,6,1
0,4,1000,0,69.22105940042526,247.31791949606904,43.510173074732904,0,0,0,550,D_pmar=0.054_dist=500_repair_6_males=6_nmar=1,6,1
0.054,14,1000,500,72.26857479429631,282.6872020464287,0,20,2.0000000000000004,3.118984152087451,550,D_pmar=0.054_dist=500_repair_6_males=6_nmar=1,6,1
0.054,8,0,0,70.29463166795382,285.4669336531581,0,16,1.6000000000000003,2.8729570893932648,551,D_pmar=0.054_dist=500_repair_6_males=6_nmar=1,6,1
0,11,0,500,69.8335152945756,271.9417092501254,18.259177744888195,0,0,0,551,D_pmar=0.054_dist=500_repair_6_males=6_nmar=1,6,1
0,17,500,0,70.83815850454063,289.48288322014326,0,0,0,0,551,D_pmar=0.054_dist=500_repair_6_males=6_nmar=1,6,1
0,5,500,500,71.16333820954657,246.51202603889615,42.469158434777704,0,0,0,551,D_pmar=0.054_dist=500_repair_6_males=6_nmar=1,6,1
0,6,1000,0,71.6891587520685,251.947620047848,36.46185006631389,0,0,0,551,D_pmar=0.054_dist=500_repair_6_males=6_nmar=1,6,1
0,7,1000,500,70.52489088282869,289.4865724780784,0,0,0,0,551,D_pmar=0.054_dist=500_repair_6_males=6_nmar=1,6,1
0,13,0,0,69.6102834434655,278.20654284568667,12.254320164104122,0,0,0,552,D_pmar=0.054_dist=500_repair_6_males=6_nmar=1,6,1
0,7,0,500,72.45680274885297,262.88606213326784,24.670263598835955,0,0,0,552,D_pmar=0.054_dist=500_repair_6_males=6_nmar=1,6,1
0,10,500,0,71.45117626347543,245.53018010977456,43.09671748861663,0,0,0,552,D_pmar=0.054_dist=500_repair_6_males=6_nmar=1,6,1
0,7,500,500,71.67997931873724,288.59945953840037,0,0,0,0,552,D_pmar=0.054_dist=500_repair_6_males=6_nmar=1,6,1
0,7,1000,0,70.74812455077856,270.89702826923036,18.36952631580875,0,0,0,552,D_pmar=0.054_dist=500_repair_6_males=6_nmar=1,6,1
0.054,10,1000,500,72.37278302815274,283.5504975316341,0,17,1.7000000000000004,2.381099189246977,552,D_pmar=0.054_dist=500_repair_6_males=6_nmar=1,6,1
0,14,0,0,72.8141680113627,256.82761480705835,30.4465369692785,0,0,0,553,D_pmar=0.054_dist=500_repair_6_males=6_nmar=1,6,1
0,21,0,500,69.88177571758534,254.0590963504843,36.18307305175957,0,0,0,553,D_pmar=0.054_dist=500_repair_6_males=6_nmar=1,6,1
0,6,500,0,73.5645248963613,268.1817320350771,18.29160621305908,0,0,0,553,D_pmar=0.054_dist=500_repair_6_males=6_nmar=1,6,1
0,2,500,500,71.27147147615727,288.7496170589655,0,0,0,0,553,D_pmar=0.054_dist=500_repair_6_males=6_nmar=1,6,1
0.054,5,1000,0,71.95971145035872,284.193643609523,0,15,1.5000000000000002,2.439158122491004,553,D_pmar=0.054_dist=500_repair_6_males=6_nmar=1,6,1
0,6,1000,500,71.61964027149428,282.1727618219509,6.297676432510996,0,0,0,553,D_pmar=0.054_dist=500_repair_6_males=6_nmar=1,6,1
0.054,7,0,0,71.2687337065838,285.18894539749317,0,16,1.6000000000000003,1.9748543634024245,554,D_pmar=0.054_dist=500_repair_6_males=6_nmar=1,6,1
0,3,0,500,69.82159404869785,278.0867292740496,12.100567327149095,0,0,0,554,D_pmar=0.054_dist=500_repair_6_males=6_nmar=1,6,1
0,8,500,0,69.33760596357234,278.6361812450776,12.133614446297312,0,0,0,554,D_pmar=0.054_dist=500_repair_6_males=6_nmar=1,6,1
0,12,500,500,70.87348436354436,270.8999922096167,18.264527124197706,0,0,0,554,D_pmar=0.054_dist=500_repair_6_males=6_nmar=1,6,1
0,16,1000,0,71.82332586921996,257.6997781416438,30.51008104353942,0,0,0,554,D_pmar=0.054_dist=500_repair_6_males=6_nmar=1,6,1
0,8,1000,500,71.03860963394555,264.8668837776546,24.17486316276036,0,0,0,554,D_pmar=0.054_dist=500_repair_6_males=6_nmar=1,6,1
0,1,0,0,72.26751625137035,287.78842187711405,0,0,0,0,555,D_pmar=0.054_dist=500_repair_6_males=6_nmar=1,6,1
0,13,0,500,71.35194080856219,227.59406524124103,61.14131769988098,0,0,0,555,D_pmar=0.054_dist=500_repair_6_males=6_nmar=1,6,1
0,9,500,0,71.60184819471955,257.83460795799175,30.581278510570705,0,0,0,555,D_pmar=0.054_dist=500_repair_6_males=6_nmar=1,6,1
0,10,500,500,68.87968036420482,285.15831180430047,6.0346119597201975,0,0,0,555,D_pmar=0.054_dist=500_repair_6_males=6_nmar=1,6,1
0.054,12,1000,0,73.16555696309028,282.431997043646,0,22,2.2000000000000006,2.2397316482051277,555,D_pmar=0.054_dist=500_repair_6_males=6_nmar=1,6,1
0,9,1000,500,73.80608582496335,249.43237881910736,36.78712082522678,0,0,0,555,D_pmar=0.054_dist=500_repair_6_males=6_nmar=1,6,1
0,13,0,0,67.19180877102454,292.8838928120358,0,0,0,0,556,D_pmar=0.054_dist=500_repair_6_males=6_nmar=1,6,1
0,9,0,500,68.09663247044217,285.7445955012222,6.160031603502888,0,0,0,556,D_pmar=0.054_dist=500_repair_6_males=6_nmar=1,6,1
0,9,500,0,70.17407070018064,241.25090155331188,48.92501897957284,0,0,0,556,D_pmar=0.054_dist=500_repair_6_males=6_nmar=1,6,1
0,10,500,500,67.82926945677183,261.6648890925347,30.55285991349728,0,0,0,556,D_pmar=0.054_dist=500_repair_6_males=6_nmar=1,6,1
0.054,8,1000,0,70.44714277385607,285.3313671136208,0,21,2.1000000000000005,2.4578054045012543,556,D_pmar=0.054_dist=500_repair_6_males=6_nmar=1,6,1
0,5,1000,500,67.62926712103899,249.56618647852196,42.86688739156689,0,0,0,556,D_pmar=0.054_dist=500_repair_6_males=6_nmar=1,6,1
0,8,0,0,71.76158031219924,269.90661692565357,18.450280443733245,0,0,0,557,D_pmar=0.054_dist=500_repair_6_males=6_nmar=1,6,1
0,19,0,500,71.4442000594134,251.81013443821584,36.859470664721144,0,0,0,557,D_pmar=0.054_dist=500_repair_6_males=6_nmar=1,6,1
0.054,11,500,0,70.2473138727081,285.1848404576736,0,18,1.8000000000000005,2.9665353919571977,557,D_pmar=0.054_dist=500_repair_6_males=6_nmar=1,6,1
0,4,500,500,68.54274044541846,285.5565494871514,6.023876931502119,0,0,0,557,D_pmar=0.054_dist=500_repair_6_males=6_nmar=1,6,1
0,6,1000,0,71.81655437050769,288.4561183296805,0,0,0,0,557,D_pmar=0.054_dist=500_repair_6_males=6_nmar=1,6,1
0,6,1000,500,71.81687799132881,239.32555006171037,48.86821522459223,0,0,0,557,D_pmar=0.054_dist=500_repair_6_males=6_nmar=1,6,1
0,14,0,0,72.3310727114861,247.40437522625908,40.4316771009205,0,0,0,558,D_pmar=0.054_dist=500_repair_6_males=6_nmar=1,6,1
0,9,0,500,72.4218641133642,250.9386612013902,36.66574655778064,0,0,0,558,D_pmar=0.054_dist=500_repair_6_males=6_nmar=1,6,1
0,8,500,0,73.10897976555141,268.75381569153313,18.13948724983099,0,0,0,558,D_pmar=0.054_dist=500_repair_6_males=6_nmar=1,6,1
0,4,500,500,69.10639795483551,290.9159671739029,0,0,0,0,558,D_pmar=0.054_dist=500_repair_6_males=6_nmar=1,6,1
0,13,1000,0,71.97140046835227,282.00073577742444,6.071740396170845,0,0,0,558,D_pmar=0.054_dist=500_repair_6_males=6_nmar=1,6,1
0.054,6,1000,500,76.44293797208884,279.6160224786177,0,17,1.7000000000000004,2.2734537832314,558,D_pmar=0.054_dist=500_repair_6_males=6_nmar=1,6,1
0,15,0,0,68.0491474235462,249.46284249013107,42.50974313791826,0,0,0,559,D_pmar=0.054_dist=500_repair_6_males=6_nmar=1,6,1
0,7,0,500,66.48195809553845,293.7266784856308,0,0,0,0,559,D_pmar=0.054_dist=500_repair_6_males=6_nmar=1,6,1
0,8,500,0,72.12176484089036,287.91129771322005,0,0,0,0,559,D_pmar=0.054_dist=500_repair_6_males=6_nmar=1,6,1
0,5,500,500,72.18791691171067,233.201446466488,54.62499274480678,0,0,0,559,D_pmar=0.054_dist=500_repair_6_males=6_nmar=1,6,1
0,13,1000,0,68.86816019761889,283.0718606837085,8.186764229047848,0,0,0,559,D_pmar=0.054_dist=500_repair_6_males=6_nmar=1,6,1
0.054,6,1000,500,71.32402190708338,284.6720641213056,0,18,1.8000000000000005,2.3598211090277603,559,D_pmar=0.054_dist=500_repair_6_males=6_nmar=1,6,1
0,6,0,0,71.84349548706321,288.1604825827548,0,0,0,0,55,D_pmar=0.054_dist=500_repair_6_males=6_nmar=1,6,1
0,11,0,500,68.60080625146787,254.64191179317885,36.84661229904768,0,0,0,55,D_pmar=0.054_dist=500_repair_6_males=6_nmar=1,6,1
0,4,500,0,70.8106959652116,246.36673115041873,42.83814381447252,0,0,0,55,D_pmar=0.054_dist=500_repair_6_males=6_nmar=1,6,1
0,6,500,500,71.95173146395295,257.6577978570621,30.403963688440744,0,0,0,55,D_pmar=0.054_dist=500_repair_6_males=6_nmar=1,6,1
0,9,1000,0,69.49251673865129,284.41204130151647,6.162558187356976,0,0,0,55,D_pmar=0.054_dist=500_repair_6_males=6_nmar=1,6,1
0.054,18,1000,500,70.25881547509017,285.52206090637213,0,19,1.9000000000000008,2.45699388017896,55,D_pmar=0.054_dist=500_repair_6_males=6_nmar=1,6,1
0,8,0,0,74.45274176293698,212.5442955603565,73.19075449342925,0,0,0,560,D_pmar=0.054_dist=500_repair_6_males=6_nmar=1,6,1
0,10,0,500,71.6773697595156,276.2469607552424,12.245734120365174,0,0,0,560,D_pmar=0.054_dist=500_repair_6_males=6_nmar=1,6,1
0,6,500,0,72.55311847426275,269.24382661863245,18.30362764360691,0,0,0,560,D_pmar=0.054_dist=500_repair_6_males=6_nmar=1,6,1
0,16,500,500,70.53631539087462,246.508810656911,43.00024263074272,0,0,0,560,D_pmar=0.054_dist=500_repair_6_males=6_nmar=1,6,1
0,8,1000,0,71.54647823499549,282.42622448279246,6.075288268700617,0,0,0,560,D_pmar=0.054_dist=500_repair_6_males=6_nmar=1,6,1
0.054,6,1000,500,68.2179988652343,286.5156520094385,0,25,2.500000000000001,2.9770080268215757,560,D_pmar=0.054_dist=500_repair_6_males=6_nmar=1,6,1
0,12,0,0,73.62475278984466,255.5728292294396,30.83931872890636,0,0,0,561,D_pmar=0.054_dist=500_repair_6_males=6_nmar=1,6,1
0.054,7,0,500,70.28485784821441,285.45725981274205,0,18,1.8000000000000005,2.460943434920501,561,D_pmar=0.054_dist=500_repair_6_males=6_nmar=1,6,1
0,10,500,0,71.87659326845642,269.96622054401763,18.236540067596483,0,0,0,561,D_pmar=0.054_dist=500_repair_6_males=6_nmar=1,6,1
0,6,500,500,74.40515128856968,248.76644585580908,36.88382438967577,0,0,0,561,D_pmar=0.054_dist=500_repair_6_males=6_nmar=1,6,1
0,4,1000,0,72.45753128413618,287.59625724722275,0,0,0,0,561,D_pmar=0.054_dist=500_repair_6_males=6_nmar=1,6,1
0,15,1000,500,69.94239331246784,265.7403638893194,24.407255731074947,0,0,0,561,D_pmar=0.054_dist=500_repair_6_males=6_nmar=1,6,1
0,11,0,0,71.11431561397623,264.5090776145186,24.449879563317577,0,0,0,562,D_pmar=0.054_dist=500_repair_6_males=6_nmar=1,6,1
0,5,0,500,72.49066498883236,281.67489709288117,6.042169739734353,0,0,0,562,D_pmar=0.054_dist=500_repair_6_males=6_nmar=1,6,1
0,2,500,0,66.90123301077942,286.993678355004,6.156588722238766,0,0,0,562,D_pmar=0.054_dist=500_repair_6_males=6_nmar=1,6,1
0.054,4,500,500,73.75460889430987,282.38429045305276,0,10,1,3.0925017482779698,562,D_pmar=0.054_dist=500_repair_6_males=6_nmar=1,6,1
0,11,1000,0,72.07089866672443,287.9480170981404,0,0,0,0,562,D_pmar=0.054_dist=500_repair_6_males=6_nmar=1,6,1
0,21,1000,500,71.20976948008595,264.4452085072422,24.437306122269217,0,0,0,562,D_pmar=0.054_dist=500_repair_6_males=6_nmar=1,6,1
0,12,0,0,73.56408885672285,280.2090433843475,6.27447294263331,0,0,0,563,D_pmar=0.054_dist=500_repair_6_males=6_nmar=1,6,1
0.054,13,0,500,70.05987322550206,286.39703546556865,0,12,1.2,2.456312462319634,563,D_pmar=0.054_dist=500_repair_6_males=6_nmar=1,6,1
0,15,500,0,70.56863450861317,271.1572320895228,18.438574829471825,0,0,0,563,D_pmar=0.054_dist=500_repair_6_males=6_nmar=1,6,1
0,2,500,500,71.35448466690397,276.35306473482615,12.447991700700715,0,0,0,563,D_pmar=0.054_dist=500_repair_6_males=6_nmar=1,6,1
0,6,1000,0,70.0909089013447,253.35455559700148,36.636399474103314,0,0,0,563,D_pmar=0.054_dist=500_repair_6_males=6_nmar=1,6,1
0,6,1000,500,72.58741306517176,287.57553713402604,0,0,0,0,563,D_pmar=0.054_dist=500_repair_6_males=6_nmar=1,6,1
0,9,0,0,68.63096195822884,254.82146089807296,36.60715969423142,0,0,0,564,D_pmar=0.054_dist=500_repair_6_males=6_nmar=1,6,1
0,15,0,500,73.74944744855132,273.997738569844,12.306178013552744,0,0,0,564,D_pmar=0.054_dist=500_repair_6_males=6_nmar=1,6,1
0,11,500,0,72.01757019098655,288.12450593248593,0,0,0,0,564,D_pmar=0.054_dist=500_repair_6_males=6_nmar=1,6,1
0,4,500,500,70.86889130181463,282.93856876237805,6.197271057758225,0,0,0,564,D_pmar=0.054_dist=500_repair_6_males=6_nmar=1,6,1
0,6,1000,0,69.03282083177565,248.36574523537283,42.60318480279102,0,0,0,564,D_pmar=0.054_dist=500_repair_6_males=6_nmar=1,6,1
0.054,9,1000,500,72.690529035843,283.1768089419867,0,16,1.6000000000000003,2.6183494993566723,564,D_pmar=0.054_dist=500_repair_6_males=6_nmar=1,6,1
0.054,12,0,0,71.59451330470193,284.00531547299335,0,18,1.8000000000000005,2.689816157786057,565,D_pmar=0.054_dist=500_repair_6_males=6_nmar=1,6,1
0,3,0,500,70.87201193046239,283.1473959404353,6.145950470986463,0,0,0,565,D_pmar=0.054_dist=500_repair_6_males=6_nmar=1,6,1
0,7,500,0,68.90036548807296,278.7893057051694,12.435283917405272,0,0,0,565,D_pmar=0.054_dist=500_repair_6_males=6_nmar=1,6,1
0,8,500,500,74.56182320168246,249.2774189443877,36.281987013336696,0,0,0,565,D_pmar=0.054_dist=500_repair_6_males=6_nmar=1,6,1
0,10,1000,0,71.94491842105322,282.0237918561877,6.07260744421928,0,0,0,565,D_pmar=0.054_dist=500_repair_6_males=6_nmar=1,6,1
0,14,1000,500,71.3395211117849,239.96465615146647,48.74399419920221,0,0,0,565,D_pmar=0.054_dist=500_repair_6_males=6_nmar=1,6,1
0.054,8,0,0,71.523627483715,284.4907527667537,0,17,1.7000000000000004,2.3013057376157136,566,D_pmar=0.054_dist=500_repair_6_males=6_nmar=1,6,1
0,6,0,500,68.58418685125591,285.2717670915042,6.2172982458420085,0,0,0,566,D_pmar=0.054_dist=500_repair_6_males=6_nmar=1,6,1
0,10,500,0,72.84921575410448,226.71733865103857,60.700574933731424,0,0,0,566,D_pmar=0.054_dist=500_repair_6_males=6_nmar=1,6,1
0,9,500,500,71.89346429773583,288.1870789009417,0,0,0,0,566,D_pmar=0.054_dist=500_repair_6_males=6_nmar=1,6,1
0,11,1000,0,76.40742958568885,283.7141000469208,0,0,0,0,566,D_pmar=0.054_dist=500_repair_6_males=6_nmar=1,6,1
0,10,1000,500,69.70857122395539,255.4171500070157,35.05495882832699,0,0,0,566,D_pmar=0.054_dist=500_repair_6_males=6_nmar=1,6,1
0,12,0,0,71.40155151547376,270.56253373883243,18.16005433091866,0,0,0,567,D_pmar=0.054_dist=500_repair_6_males=6_nmar=1,6,1
0,6,0,500,71.21281327782218,258.1207773923232,30.81617651121745,0,0,0,567,D_pmar=0.054_dist=500_repair_6_males=6_nmar=1,6,1
0,8,500,0,70.86108743499035,283.06844365063984,6.091512964693288,0,0,0,567,D_pmar=0.054_dist=500_repair_6_males=6_nmar=1,6,1
0.054,14,500,500,74.47028998252472,281.4860464704787,0,15,1.5000000000000002,2.726828469287582,567,D_pmar=0.054_dist=500_repair_6_males=6_nmar=1,6,1
0,8,1000,0,71.9729100355409,251.4413421951526,36.74690261075393,0,0,0,567,D_pmar=0.054_dist=500_repair_6_males=6_nmar=1,6,1
0,6,1000,500,72.0211242928815,288.03475924539595,0,0,0,0,567,D_pmar=0.054_dist=500_repair_6_males=6_nmar=1,6,1
0,7,0,0,66.1645965909012,275.667652041208,18.24354001799755,0,0,0,568,D_pmar=0.054_dist=500_repair_6_males=6_nmar=1,6,1
0,10,0,500,72.91411721753559,281.32635231361246,6.0582190876935575,0,0,0,568,D_pmar=0.054_dist=500_repair_6_males=6_nmar=1,6,1
0.054,13,500,0,69.4258765359554,286.75908960773876,0,16,1.6000000000000003,2.340571721578893,568,D_pmar=0.054_dist=500_repair_6_males=6_nmar=1,6,1
0,11,500,500,72.22809214170609,269.544373279752,18.269190411568964,0,0,0,568,D_pmar=0.054_dist=500_repair_6_males=6_nmar=1,6,1
0,7,1000,0,69.86385831806375,259.86081885764327,30.296342027992395,0,0,0,568,D_pmar=0.054_dist=500_repair_6_males=6_nmar=1,6,1
0,6,1000,500,69.8327602877947,266.0800391557407,24.19334986820696,0,0,0,568,D_pmar=0.054_dist=500_repair_6_males=6_nmar=1,6,1
0,11,0,0,70.78054187368687,246.911706451582,42.43177452328817,0,0,0,569,D_pmar=0.054_dist=500_repair_6_males=6_nmar=1,6,1
0.054,9,0,500,72.79209098450475,282.01381858773635,0,24,2.400000000000001,2.8425692100283233,569,D_pmar=0.054_dist=500_repair_6_males=6_nmar=1,6,1
0,15,500,0,72.28416541812905,245.3917478413252,42.35161999426646,0,0,0,569,D_pmar=0.054_dist=500_repair_6_males=6_nmar=1,6,1
0,9,500,500,65.90948116437615,276.290322521538,18.03996312774899,0,0,0,569,D_pmar=0.054_dist=500_repair_6_males=6_nmar=1,6,1
0,4,1000,0,68.46225173119787,285.49976102213066,6.168042615664856,0,0,0,569,D_pmar=0.054_dist=500_repair_6_males=6_nmar=1,6,1
0,6,1000,500,70.0377646395038,253.1612667147093,36.8691729491152,0,0,0,569,D_pmar=0.054_dist=500_repair_6_males=6_nmar=1,6,1
0,10,0,0,72.87424521095251,244.097330360775,43.030801380755605,0,0,0,56,D_pmar=0.054_dist=500_repair_6_males=6_nmar=1,6,1
0,10,0,500,71.83497406347735,269.925429292186,18.49109661249995,0,0,0,56,D_pmar=0.054_dist=500_repair_6_males=6_nmar=1,6,1
0.054,9,500,0,71.56185250728834,284.73218488858606,0,12,1.2,2.567095898754458,56,D_pmar=0.054_dist=500_repair_6_males=6_nmar=1,6,1
0,11,500,500,71.92928397982908,275.8180615426961,12.296411761693776,0,0,0,56,D_pmar=0.054_dist=500_repair_6_males=6_nmar=1,6,1
0,8,1000,0,72.01076467441602,288.12221182576246,0,0,0,0,56,D_pmar=0.054_dist=500_repair_6_males=6_nmar=1,6,1
0,6,1000,500,72.51232912966067,287.48860552368393,0,0,0,0,56,D_pmar=0.054_dist=500_repair_6_males=6_nmar=1,6,1
0,3,0,0,68.03638168749266,249.25016893811383,42.720646558794144,0,0,0,570,D_pmar=0.054_dist=500_repair_6_males=6_nmar=1,6,1
0,9,0,500,72.28038720231565,245.3645743673847,42.525730777100335,0,0,0,570,D_pmar=0.054_dist=500_repair_6_males=6_nmar=1,6,1
0,10,500,0,69.03237887322766,260.2988483180717,30.69678603434004,0,0,0,570,D_pmar=0.054_dist=500_repair_6_males=6_nmar=1,6,1
0.054,14,500,500,72.62007082628446,283.0548898509888,0,23,2.3000000000000007,2.1527777777777786,570,D_pmar=0.054_dist=500_repair_6_males=6_nmar=1,6,1
0,11,1000,0,67.8297468821667,268.0147911372697,24.401826178964775,0,0,0,570,D_pmar=0.054_dist=500_repair_6_males=6_nmar=1,6,1
0,7,1000,500,71.12616550481707,289.1277464551299,0,0,0,0,570,D_pmar=0.054_dist=500_repair_6_males=6_nmar=1,6,1
0,14,0,0,72.59278756236391,250.86345871976556,36.636952730244175,0,0,0,571,D_pmar=0.054_dist=500_repair_6_males=6_nmar=1,6,1
0,14,0,500,72.71372600888165,257.09282817436826,30.265544921149335,0,0,0,571,D_pmar=0.054_dist=500_repair_6_males=6_nmar=1,6,1
0,9,500,0,72.96647421137233,220.05380812161565,67.13268301830361,0,0,0,571,D_pmar=0.054_dist=500_repair_6_males=6_nmar=1,6,1
0.054,6,500,500,72.50832510341269,282.2998497068397,0,24,2.400000000000001,2.8597015102639154,571,D_pmar=0.054_dist=500_repair_6_males=6_nmar=1,6,1
0,3,1000,0,71.55488715402294,288.6028653414945,0,0,0,0,571,D_pmar=0.054_dist=500_repair_6_males=6_nmar=1,6,1
0,8,1000,500,74.16604600995971,273.7690546120445,12.178917701146643,0,0,0,571,D_pmar=0.054_dist=500_repair_6_males=6_nmar=1,6,1
0,14,0,0,68.76462539963443,291.4210748033635,0,0,0,0,572,D_pmar=0.054_dist=500_repair_6_males=6_nmar=1,6,1
0,14,0,500,72.01161922719575,233.08287613856072,54.9478963546448,0,0,0,572,D_pmar=0.054_dist=500_repair_6_males=6_nmar=1,6,1
0,6,500,0,70.65817131031619,289.4123366171043,0,0,0,0,572,D_pmar=0.054_dist=500_repair_6_males=6_nmar=1,6,1
0,10,500,500,71.76733431993256,269.9273659445016,18.38737503035883,0,0,0,572,D_pmar=0.054_dist=500_repair_6_males=6_nmar=1,6,1
0,4,1000,0,70.80719510797104,289.24587623961617,0,0,0,0,572,D_pmar=0.054_dist=500_repair_6_males=6_nmar=1,6,1
0.054,6,1000,500,71.8808806820725,284.80434324470656,0,12,1.2,2.279729844069893,572,D_pmar=0.054_dist=500_repair_6_males=6_nmar=1,6,1
0,7,0,0,71.2054309198144,276.4558163218226,12.351373009348247,0,0,0,573,D_pmar=0.054_dist=500_repair_6_males=6_nmar=1,6,1
0,8,0,500,71.82101910945559,288.43577827116104,0,0,0,0,573,D_pmar=0.054_dist=500_repair_6_males=6_nmar=1,6,1
0.054,6,500,0,71.45532260522606,284.5841518598839,0,17,1.7000000000000004,2.4401217928693035,573,D_pmar=0.054_dist=500_repair_6_males=6_nmar=1,6,1
0,6,500,500,72.95802936715052,287.2444875830479,0,0,0,0,573,D_pmar=0.054_dist=500_repair_6_males=6_nmar=1,6,1
0,19,1000,0,66.39999896136808,232.92185042817425,60.79976938482005,0,0,0,573,D_pmar=0.054_dist=500_repair_6_males=6_nmar=1,6,1
0,8,1000,500,73.5499179252566,255.5356052596433,30.977976962935298,0,0,0,573,D_pmar=0.054_dist=500_repair_6_males=6_nmar=1,6,1
0,11,0,0,69.44526555023042,290.87595712237373,0,0,0,0,574,D_pmar=0.054_dist=500_repair_6_males=6_nmar=1,6,1
0,5,0,500,68.60706615244119,273.1891243359648,18.307940773375822,0,0,0,574,D_pmar=0.054_dist=500_repair_6_males=6_nmar=1,6,1
0,9,500,0,73.21042112433577,250.3778598706297,36.59803671546289,0,0,0,574,D_pmar=0.054_dist=500_repair_6_males=6_nmar=1,6,1
0.054,8,500,500,70.13705105363397,285.8044617686951,0,16,1.6000000000000003,2.475561849768503,574,D_pmar=0.054_dist=500_repair_6_males=6_nmar=1,6,1
0,10,1000,0,69.5159815736285,290.63502351519134,0,0,0,0,574,D_pmar=0.054_dist=500_repair_6_males=6_nmar=1,6,1
0,11,1000,500,66.95223762776774,250.34483822843728,42.71200617085975,0,0,0,574,D_pmar=0.054_dist=500_repair_6_males=6_nmar=1,6,1
0,13,0,0,68.98319950603788,272.90612022716226,18.31568102759991,0,0,0,575,D_pmar=0.054_dist=500_repair_6_males=6_nmar=1,6,1
0.054,6,0,500,74.3045502648671,281.3843357837848,0,18,1.8000000000000005,2.596846439446151,575,D_pmar=0.054_dist=500_repair_6_males=6_nmar=1,6,1
0,7,500,0,69.10503761626919,291.0394196725809,0,0,0,0,575,D_pmar=0.054_dist=500_repair_6_males=6_nmar=1,6,1
0,16,500,500,72.58584750030276,244.58866829580745,42.94588866677019,0,0,0,575,D_pmar=0.054_dist=500_repair_6_males=6_nmar=1,6,1
0,6,1000,0,66.66240724055096,281.6137988178651,12.025015064611358,0,0,0,575,D_pmar=0.054_dist=500_repair_6_males=6_nmar=1,6,1
0,6,1000,500,70.2254168014199,253.1777221816655,36.60804780059237,0,0,0,575,D_pmar=0.054_dist=500_repair_6_males=6_nmar=1,6,1
0.054,5,0,0,70.70727668164028,284.91130517452933,0,17,1.7000000000000004,2.705607661896035,576,D_pmar=0.054_dist=500_repair_6_males=6_nmar=1,6,1
0,12,0,500,65.80306750020199,257.81536943007177,36.61690916016277,0,0,0,576,D_pmar=0.054_dist=500_repair_6_males=6_nmar=1,6,1
0,3,500,0,75.82369965341336,272.3786082532759,12.07589027197046,0,0,0,576,D_pmar=0.054_dist=500_repair_6_males=6_nmar=1,6,1
0,20,500,500,72.50139926074368,269.14250016867175,18.39363716021165,0,0,0,576,D_pmar=0.054_dist=500_repair_6_males=6_nmar=1,6,1
0,4,1000,0,71.34497297701421,276.52878826582645,12.19965062158277,0,0,0,576,D_pmar=0.054_dist=500_repair_6_males=6_nmar=1,6,1
0,10,1000,500,69.83156267635164,265.88503582623406,24.43940140770825,0,0,0,576,D_pmar=0.054_dist=500_repair_6_males=6_nmar=1,6,1
0,10,0,0,73.124115530133,260.9869116239374,25.923891031116817,0,0,0,577,D_pmar=0.054_dist=500_repair_6_males=6_nmar=1,6,1
0,8,0,500,70.49371139641678,289.6448381368853,0,0,0,0,577,D_pmar=0.054_dist=500_repair_6_males=6_nmar=1,6,1
0.054,6,500,0,69.25532087623704,286.16542282490127,0,14,1.4,3.2183820773218557,577,D_pmar=0.054_dist=500_repair_6_males=6_nmar=1,6,1
0,12,500,500,70.67272412353742,247.21394967099775,42.52951089518261,0,0,0,577,D_pmar=0.054_dist=500_repair_6_males=6_nmar=1,6,1
0,11,1000,0,74.4927546101128,279.58727024117366,6.017821946285394,0,0,0,577,D_pmar=0.054_dist=500_repair_6_males=6_nmar=1,6,1
0,7,1000,500,66.89527847124424,287.47178278766495,5.786512837306086,0,0,0,577,D_pmar=0.054_dist=500_repair_6_males=6_nmar=1,6,1
0.054,14,0,0,73.96911655294231,282.23613813238,0,15,1.5000000000000002,2.3534501749609307,578,D_pmar=0.054_dist=500_repair_6_males=6_nmar=1,6,1
0,8,0,500,69.82254420873214,278.09080789661937,12.147626247740137,0,0,0,578,D_pmar=0.054_dist=500_repair_6_males=6_nmar=1,6,1
0,5,500,0,68.89992859656302,285.0766945507287,6.050808108089769,0,0,0,578,D_pmar=0.054_dist=500_repair_6_males=6_nmar=1,6,1
0,7,500,500,72.34855970498602,275.49374537506355,12.168321494382395,0,0,0,578,D_pmar=0.054_dist=500_repair_6_males=6_nmar=1,6,1
0,5,1000,0,69.64959005933962,253.4907572264869,36.877919403613454,0,0,0,578,D_pmar=0.054_dist=500_repair_6_males=6_nmar=1,6,1
0,15,1000,500,69.6041925144679,270.06889123927556,20.47909517504065,0,0,0,578,D_pmar=0.054_dist=500_repair_6_males=6_nmar=1,6,1
0,8,0,0,70.23305714603246,289.774149674631,0,0,0,0,579,D_pmar=0.054_dist=500_repair_6_males=6_nmar=1,6,1
0,9,0,500,65.09635827140401,258.1475100952643,36.97191428089392,0,0,0,579,D_pmar=0.054_dist=500_repair_6_males=6_nmar=1,6,1
0,5,500,0,73.85412226055483,243.48747421129644,42.709732247792246,0,0,0,579,D_pmar=0.054_dist=500_repair_6_males=6_nmar=1,6,1
0,9,500,500,69.99384753795744,247.35292750945615,42.67234183181533,0,0,0,579,D_pmar=0.054_dist=500_repair_6_males=6_nmar=1,6,1
0.054,15,1000,0,71.94746470235908,283.50079537630984,0,22,2.2000000000000006,2.3523343585266225,579,D_pmar=0.054_dist=500_repair_6_males=6_nmar=1,6,1
0,8,1000,500,69.71195858040572,277.97679194396204,12.351590689464098,0,0,0,579,D_pmar=0.054_dist=500_repair_6_males=6_nmar=1,6,1
0,5,0,0,68.92010745510514,254.3099982116934,36.910484770712465,0,0,0,57,D_pmar=0.054_dist=500_repair_6_males=6_nmar=1,6,1
0.054,11,0,500,73.71108650419788,282.4103939506755,0,17,1.7000000000000004,2.3118068908585387,57,D_pmar=0.054_dist=500_repair_6_males=6_nmar=1,6,1
0,6,500,0,66.95910156244038,287.03295770392623,6.033720838204317,0,0,0,57,D_pmar=0.054_dist=500_repair_6_males=6_nmar=1,6,1
0,10,500,500,68.24138253072095,291.8232540957519,0,0,0,0,57,D_pmar=0.054_dist=500_repair_6_males=6_nmar=1,6,1
0,12,1000,0,70.12461963438551,290.0124856146559,0,0,0,0,57,D_pmar=0.054_dist=500_repair_6_males=6_nmar=1,6,1
0,10,1000,500,71.92977633389117,227.34756160980703,60.82429687719239,0,0,0,57,D_pmar=0.054_dist=500_repair_6_males=6_nmar=1,6,1
0,4,0,0,72.930688937799,287.0793935271823,0,0,0,0,580,D_pmar=0.054_dist=500_repair_6_males=6_nmar=1,6,1
0,11,0,500,75.75282571263165,260.08140757916243,24.37277224471407,0,0,0,580,D_pmar=0.054_dist=500_repair_6_males=6_nmar=1,6,1
0,12,500,0,69.4880401430359,284.4378589360789,6.267599975594812,0,0,0,580,D_pmar=0.054_dist=500_repair_6_males=6_nmar=1,6,1
0,6,500,500,70.54811042258709,241.85290798330817,47.63110738050781,0,0,0,580,D_pmar=0.054_dist=500_repair_6_males=6_nmar=1,6,1
0.054,13,1000,0,71.03010750504927,284.7256163749601,0,19,1.9000000000000008,2.4474056032721756,580,D_pmar=0.054_dist=500_repair_6_males=6_nmar=1,6,1
0,8,1000,500,68.8820966644441,254.5022248548802,36.65714904287336,0,0,0,580,D_pmar=0.054_dist=500_repair_6_males=6_nmar=1,6,1
0,11,0,0,68.80843447965407,242.37022675104748,48.92732588374464,0,0,0,581,D_pmar=0.054_dist=500_repair_6_males=6_nmar=1,6,1
0,16,0,500,71.61367613814465,282.53967743655056,6.001856237035285,0,0,0,581,D_pmar=0.054_dist=500_repair_6_males=6_nmar=1,6,1
0,11,500,0,73.35032258747376,256.09973566878716,30.57085339382316,0,0,0,581,D_pmar=0.054_dist=500_repair_6_males=6_nmar=1,6,1
0,5,500,500,72.98845167274669,256.83923947500034,30.29387060500161,0,0,0,581,D_pmar=0.054_dist=500_repair_6_males=6_nmar=1,6,1
0,2,1000,0,70.57028366241299,271.0573286328899,18.443249251458873,0,0,0,581,D_pmar=0.054_dist=500_repair_6_males=6_nmar=1,6,1
0.054,9,1000,500,69.41801640784593,285.27832034971465,0,22,2.2000000000000006,3.2610110713955858,581,D_pmar=0.054_dist=500_repair_6_males=6_nmar=1,6,1
0.054,13,0,0,69.63027037555437,286.4478297064656,0,15,1.5000000000000002,2.459602638794887,582,D_pmar=0.054_dist=500_repair_6_males=6_nmar=1,6,1
0,6,0,500,70.44420350190799,283.4936980429222,6.062107794951682,0,0,0,582,D_pmar=0.054_dist=500_repair_6_males=6_nmar=1,6,1
0,10,500,0,67.30528118375372,292.7191230110264,0,0,0,0,582,D_pmar=0.054_dist=500_repair_6_males=6_nmar=1,6,1
0,5,500,500,73.36307022527677,256.3786727080867,30.530028574026424,0,0,0,582,D_pmar=0.054_dist=500_repair_6_males=6_nmar=1,6,1
0,6,1000,0,74.89791527761652,266.8727320815711,18.236689802460887,0,0,0,582,D_pmar=0.054_dist=500_repair_6_males=6_nmar=1,6,1
0,14,1000,500,72.99601769545856,250.56467166088615,36.500741136260366,0,0,0,582,D_pmar=0.054_dist=500_repair_6_males=6_nmar=1,6,1
0,15,0,0,70.39317887105466,283.6569106081167,6.059441158455922,0,0,0,583,D_pmar=0.054_dist=500_repair_6_males=6_nmar=1,6,1
0,9,0,500,69.59538616789537,266.1477040322127,24.399932826425538,0,0,0,583,D_pmar=0.054_dist=500_repair_6_males=6_nmar=1,6,1
0,5,500,0,74.01246865215191,273.7250268130014,12.298043820827488,0,0,0,583,D_pmar=0.054_dist=500_repair_6_males=6_nmar=1,6,1
0,8,500,500,66.69534111564548,275.17788344339436,18.284610370711857,0,0,0,583,D_pmar=0.054_dist=500_repair_6_males=6_nmar=1,6,1
0.054,14,1000,0,67.81008442099515,288.368386083064,0,15,1.5000000000000002,2.4897303052338917,583,D_pmar=0.054_dist=500_repair_6_males=6_nmar=1,6,1
0,3,1000,500,69.46132163266716,260.3856035776091,30.341065764584435,0,0,0,583,D_pmar=0.054_dist=500_repair_6_males=6_nmar=1,6,1
0.054,6,0,0,74.85025701666875,281.6876268639503,0,15,1.5000000000000002,2.175925925925927,584,D_pmar=0.054_dist=500_repair_6_males=6_nmar=1,6,1
0,9,0,500,70.86845746349086,289.1447664244308,0,0,0,0,584,D_pmar=0.054_dist=500_repair_6_males=6_nmar=1,6,1
0,9,500,0,70.69551448459991,270.8678594564096,18.59968706981643,0,0,0,584,D_pmar=0.054_dist=500_repair_6_males=6_nmar=1,6,1
0,11,500,500,70.94173537229963,245.87921414292424,43.23078299264781,0,0,0,584,D_pmar=0.054_dist=500_repair_6_males=6_nmar=1,6,1
0,11,1000,0,66.05989494461215,269.66218958320707,24.425235660065493,0,0,0,584,D_pmar=0.054_dist=500_repair_6_males=6_nmar=1,6,1
0,8,1000,500,72.71577262228097,281.45142878251943,6.052345144584142,0,0,0,584,D_pmar=0.054_dist=500_repair_6_males=6_nmar=1,6,1
0,7,0,0,67.74787906938263,292.258028526829,0,0,0,0,585,D_pmar=0.054_dist=500_repair_6_males=6_nmar=1,6,1
0.054,11,0,500,68.27616721213279,287.99083402869417,0,17,1.7000000000000004,2.1527777777777786,585,D_pmar=0.054_dist=500_repair_6_males=6_nmar=1,6,1
0,4,500,0,73.101981604378,238.1008019827084,48.820049818376226,0,0,0,585,D_pmar=0.054_dist=500_repair_6_males=6_nmar=1,6,1
0,11,500,500,69.71854292922698,271.8446575638784,18.509640094038296,0,0,0,585,D_pmar=0.054_dist=500_repair_6_males=6_nmar=1,6,1
0,8,1000,0,74.86059196679003,285.2663861995024,0,0,0,0,585,D_pmar=0.054_dist=500_repair_6_males=6_nmar=1,6,1
0,13,1000,500,70.69897923529531,252.30231038731273,37.038249355955955,0,0,0,585,D_pmar=0.054_dist=500_repair_6_males=6_nmar=1,6,1
0,7,0,0,72.98218021829472,268.6816637193042,18.378068786744738,0,0,0,586,D_pmar=0.054_dist=500_repair_6_males=6_nmar=1,6,1
0,10,0,500,70.46455135163387,283.6558123113304,6.022349305102635,0,0,0,586,D_pmar=0.054_dist=500_repair_6_males=6_nmar=1,6,1
0.054,5,500,0,70.46764972107809,284.51876677967243,0,22,2.2000000000000006,2.833538959374078,586,D_pmar=0.054_dist=500_repair_6_males=6_nmar=1,6,1
0,10,500,500,71.42001958836066,251.69956754565635,37.08037703498008,0,0,0,586,D_pmar=0.054_dist=500_repair_6_males=6_nmar=1,6,1
0,16,1000,0,65.93928790630581,226.4650891131093,67.76407534190272,0,0,0,586,D_pmar=0.054_dist=500_repair_6_males=6_nmar=1,6,1
0,6,1000,500,71.56064722020763,282.4244294079875,6.147140182844761,0,0,0,586,D_pmar=0.054_dist=500_repair_6_males=6_nmar=1,6,1
0,9,0,0,67.36929596247434,292.8324048006546,0,0,0,0,587,D_pmar=0.054_dist=500_repair_6_males=6_nmar=1,6,1
0,3,0,500,71.44310301432516,252.14683314289047,36.54034085920848,0,0,0,587,D_pmar=0.054_dist=500_repair_6_males=6_nmar=1,6,1
0,17,500,0,74.50235036016814,261.26788619531453,24.315620596413503,0,0,0,587,D_pmar=0.054_dist=500_repair_6_males=6_nmar=1,6,1
0.054,9,500,500,70.97547109828265,284.7631014275647,0,18,1.8000000000000005,2.5184951359542462,587,D_pmar=0.054_dist=500_repair_6_males=6_nmar=1,6,1
0,5,1000,0,69.48628149298099,266.3429578750575,24.22894037385952,0,0,0,587,D_pmar=0.054_dist=500_repair_6_males=6_nmar=1,6,1
0,11,1000,500,73.23229353015043,262.54599533245755,24.22191163628696,0,0,0,587,D_pmar=0.054_dist=500_repair_6_males=6_nmar=1,6,1
0,11,0,0,74.32772314244278,285.6974605696571,0,0,0,0,588,D_pmar=0.054_dist=500_repair_6_males=6_nmar=1,6,1
0,5,0,500,68.45233128868117,279.1229090998434,12.458608422304629,0,0,0,588,D_pmar=0.054_dist=500_repair_6_males=6_nmar=1,6,1
0,6,500,0,71.30198713257137,252.24316841890524,36.71675961321684,0,0,0,588,D_pmar=0.054_dist=500_repair_6_males=6_nmar=1,6,1
0,9,500,500,68.71547598992758,266.8320130997089,24.58255781649512,0,0,0,588,D_pmar=0.054_dist=500_repair_6_males=6_nmar=1,6,1
0,3,1000,0,71.49466844569783,257.71279576007294,30.83633245698948,0,0,0,588,D_pmar=0.054_dist=500_repair_6_males=6_nmar=1,6,1
0.054,20,1000,500,73.08900709998919,282.8925313741714,0,18,1.8000000000000005,2.2222222222222237,588,D_pmar=0.054_dist=500_repair_6_males=6_nmar=1,6,1
0,10,0,0,72.45447195697642,263.10396331199,24.44284093155814,0,0,0,589,D_pmar=0.054_dist=500_repair_6_males=6_nmar=1,6,1
0,14,0,500,68.740770216141,267.0791609862001,24.40049202708982,0,0,0,589,D_pmar=0.054_dist=500_repair_6_males=6_nmar=1,6,1
0,6,500,0,69.44329028811889,278.6300962451072,12.253646938353672,0,0,0,589,D_pmar=0.054_dist=500_repair_6_males=6_nmar=1,6,1
0.054,12,500,500,70.75069813865184,285.01276503048547,0,18,1.8000000000000005,2.5035724289942314,589,D_pmar=0.054_dist=500_repair_6_males=6_nmar=1,6,1
0,5,1000,0,66.50744571404857,269.1399352419362,24.55332682239634,0,0,0,589,D_pmar=0.054_dist=500_repair_6_males=6_nmar=1,6,1
0,7,1000,500,68.72726190280243,266.3931739001107,24.94442585303151,0,0,0,589,D_pmar=0.054_dist=500_repair_6_males=6_nmar=1,6,1
0,5,0,0,68.62294331794037,267.16041956748603,24.306034692097377,0,0,0,58,D_pmar=0.054_dist=500_repair_6_males=6_nmar=1,6,1
0,9,0,500,73.07368499996801,268.714780853877,18.389872826172542,0,0,0,58,D_pmar=0.054_dist=500_repair_6_males=6_nmar=1,6,1
0,13,500,0,74.53541681251522,260.86113594429304,24.76415860439337,0,0,0,58,D_pmar=0.054_dist=500_repair_6_males=6_nmar=1,6,1
0.054,9,500,500,73.23211907778601,282.94418935040113,0,16,1.6000000000000003,2.421930949027075,58,D_pmar=0.054_dist=500_repair_6_males=6_nmar=1,6,1
0,9,1000,0,66.86143508241204,267.53390953793104,25.79344697398196,0,0,0,58,D_pmar=0.054_dist=500_repair_6_males=6_nmar=1,6,1
0,9,1000,500,71.33874740296248,288.7478477123559,0,0,0,0,58,D_pmar=0.054_dist=500_repair_6_males=6_nmar=1,6,1
0,16,0,0,71.05566136376248,289.20212349982194,0,0,0,0,590,D_pmar=0.054_dist=500_repair_6_males=6_nmar=1,6,1
0.054,5,0,500,69.62033082813232,287.23513317412187,0,13,1.3,2.0148525592671893,590,D_pmar=0.054_dist=500_repair_6_males=6_nmar=1,6,1
0,11,500,0,71.10716372607415,272.2395791641051,16.659058269016622,0,0,0,590,D_pmar=0.054_dist=500_repair_6_males=6_nmar=1,6,1
0,11,500,500,67.62547944604181,267.8833692289761,24.49786058400054,0,0,0,590,D_pmar=0.054_dist=500_repair_6_males=6_nmar=1,6,1
0,5,1000,0,69.18923303904587,284.71078995725384,6.282397388382268,0,0,0,590,D_pmar=0.054_dist=500_repair_6_males=6_nmar=1,6,1
0,6,1000,500,69.82444524466335,259.991561220932,30.414999297630516,0,0,0,590,D_pmar=0.054_dist=500_repair_6_males=6_nmar=1,6,1
0,3,0,0,67.35370496427689,292.74769002420203,0,0,0,0,591,D_pmar=0.054_dist=500_repair_6_males=6_nmar=1,6,1
0,16,0,500,72.52519401686955,263.0744859374904,24.418428865655336,0,0,0,591,D_pmar=0.054_dist=500_repair_6_males=6_nmar=1,6,1
0,8,500,0,73.11720591495033,274.3789227787713,12.528353789811376,0,0,0,591,D_pmar=0.054_dist=500_repair_6_males=6_nmar=1,6,1
0,8,500,500,68.10930159027843,291.9735336817781,0,0,0,0,591,D_pmar=0.054_dist=500_repair_6_males=6_nmar=1,6,1
0,12,1000,0,72.0568418534178,227.29194829003777,60.81570098014352,0,0,0,591,D_pmar=0.054_dist=500_repair_6_males=6_nmar=1,6,1
0.054,7,1000,500,70.45277536782535,285.5437851105068,0,16,1.6000000000000003,2.643824153601773,591,D_pmar=0.054_dist=500_repair_6_males=6_nmar=1,6,1
0,6,0,0,72.31178292152957,287.69280090939895,0,0,0,0,592,D_pmar=0.054_dist=500_repair_6_males=6_nmar=1,6,1
0.054,3,0,500,71.97888606985624,283.56267376098884,0,19,1.9000000000000008,2.6329458746116345,592,D_pmar=0.054_dist=500_repair_6_males=6_nmar=1,6,1
0,18,500,0,69.47727078106445,247.24143379853,43.3217292025509,0,0,0,592,D_pmar=0.054_dist=500_repair_6_males=6_nmar=1,6,1
0,12,500,500,73.1409662119574,274.6656117358877,12.281486341123928,0,0,0,592,D_pmar=0.054_dist=500_repair_6_males=6_nmar=1,6,1
0,7,1000,0,70.73166152527517,228.37133784014296,61.02313628303985,0,0,0,592,D_pmar=0.054_dist=500_repair_6_males=6_nmar=1,6,1
0,8,1000,500,68.23603987074148,291.7879091816926,0,0,0,0,592,D_pmar=0.054_dist=500_repair_6_males=6_nmar=1,6,1
0,14,0,0,70.80146229565507,228.1872873230836,61.123831009994795,0,0,0,593,D_pmar=0.054_dist=500_repair_6_males=6_nmar=1,6,1
0,9,0,500,71.467945658894,282.5195981818295,6.085730153433437,0,0,0,593,D_pmar=0.054_dist=500_repair_6_males=6_nmar=1,6,1
0,9,500,0,67.2538235255979,256.1522057854004,36.86456511820953,0,0,0,593,D_pmar=0.054_dist=500_repair_6_males=6_nmar=1,6,1
0,10,500,500,70.56909631884794,289.52289136726756,0,0,0,0,593,D_pmar=0.054_dist=500_repair_6_males=6_nmar=1,6,1
0.054,1,1000,0,67.76705261222207,288.0561274456444,0,17,1.7000000000000004,2.745323605241825,593,D_pmar=0.054_dist=500_repair_6_males=6_nmar=1,6,1
0,11,1000,500,66.3030401379742,293.8888794462756,0,0,0,0,593,D_pmar=0.054_dist=500_repair_6_males=6_nmar=1,6,1
0,11,0,0,68.93635280326406,260.6617755532338,30.42370137382359,0,0,0,594,D_pmar=0.054_dist=500_repair_6_males=6_nmar=1,6,1
0,6,0,500,69.41335072169356,284.61271653529076,6.06772259485653,0,0,0,594,D_pmar=0.054_dist=500_repair_6_males=6_nmar=1,6,1
0,8,500,0,70.67590671140756,246.8072945122065,42.53220604846,0,0,0,594,D_pmar=0.054_dist=500_repair_6_males=6_nmar=1,6,1
0,6,500,500,71.62477385676635,252.55102242174817,35.914579868551954,0,0,0,594,D_pmar=0.054_dist=500_repair_6_males=6_nmar=1,6,1
0,7,1000,0,69.6161518967479,253.7689603276399,36.634693831418105,0,0,0,594,D_pmar=0.054_dist=500_repair_6_males=6_nmar=1,6,1
0.054,16,1000,500,70.18382955411414,284.7846326578747,0,25,2.500000000000001,2.6183494993566723,594,D_pmar=0.054_dist=500_repair_6_males=6_nmar=1,6,1
0.054,9,0,0,68.50823894592536,287.6682580112241,0,14,1.4,2.5725604352706566,595,D_pmar=0.054_dist=500_repair_6_males=6_nmar=1,6,1
0,10,0,500,69.12008748701996,254.6204767773284,36.466512784086,0,0,0,595,D_pmar=0.054_dist=500_repair_6_males=6_nmar=1,6,1
0,17,500,0,69.21178295776025,290.9345429169169,0,0,0,0,595,D_pmar=0.054_dist=500_repair_6_males=6_nmar=1,6,1
0,5,500,500,73.14445142198765,286.97944809728887,0,0,0,0,595,D_pmar=0.054_dist=500_repair_6_males=6_nmar=1,6,1
0,8,1000,0,72.82991308079453,262.786806408236,24.591640722424565,0,0,0,595,D_pmar=0.054_dist=500_repair_6_males=6_nmar=1,6,1
0,5,1000,500,67.12996770073457,268.28727375156046,24.58961740282071,0,0,0,595,D_pmar=0.054_dist=500_repair_6_males=6_nmar=1,6,1
0.054,3,0,0,72.19996477297869,283.6903474565335,0,13,1.3,2.897671013358332,596,D_pmar=0.054_dist=500_repair_6_males=6_nmar=1,6,1
0,8,0,500,71.62330467090645,246.0085971008658,42.53538833986816,0,0,0,596,D_pmar=0.054_dist=500_repair_6_males=6_nmar=1,6,1
0,14,500,0,68.95776546939133,279.1175356791014,12.254416429155029,0,0,0,596,D_pmar=0.054_dist=500_repair_6_males=6_nmar=1,6,1
0,11,500,500,68.43080725332172,281.485990926689,10.116189648096263,0,0,0,596,D_pmar=0.054_dist=500_repair_6_males=6_nmar=1,6,1
0,7,1000,0,72.24581961202425,287.93003419608135,0,0,0,0,596,D_pmar=0.054_dist=500_repair_6_males=6_nmar=1,6,1
0,11,1000,500,70.530080844293,277.3226436509807,12.293551348191803,0,0,0,596,D_pmar=0.054_dist=500_repair_6_males=6_nmar=1,6,1
0,8,0,0,69.42004059747616,284.6215245902281,6.109097082150348,0,0,0,597,D_pmar=0.054_dist=500_repair_6_males=6_nmar=1,6,1
0,6,0,500,70.36438969624359,277.5455171638046,12.366469206723025,0,0,0,597,D_pmar=0.054_dist=500_repair_6_males=6_nmar=1,6,1
0,10,500,0,75.55030331928585,254.124354300466,30.52618123676081,0,0,0,597,D_pmar=0.054_dist=500_repair_6_males=6_nmar=1,6,1
0,8,500,500,69.23869144618828,284.7704707426891,6.023818819664056,0,0,0,597,D_pmar=0.054_dist=500_repair_6_males=6_nmar=1,6,1
0,12,1000,0,74.02363415556871,267.8866054916059,18.171107156057182,0,0,0,597,D_pmar=0.054_dist=500_repair_6_males=6_nmar=1,6,1
0.054,10,1000,500,71.40471881605303,285.1707757485973,0,12,1.2,2.273983055034719,597,D_pmar=0.054_dist=500_repair_6_males=6_nmar=1,6,1
0,11,0,0,74.67213636636419,279.3583416890041,6.1261833410545306,0,0,0,598,D_pmar=0.054_dist=500_repair_6_males=6_nmar=1,6,1
0.054,16,0,500,72.56088317281423,282.66724803146565,0,23,2.3000000000000007,2.489730305233893,598,D_pmar=0.054_dist=500_repair_6_males=6_nmar=1,6,1
0,6,500,0,71.58260491734761,251.4269285461957,37.07209153565768,0,0,0,598,D_pmar=0.054_dist=500_repair_6_males=6_nmar=1,6,1
0,3,500,500,74.47763754734707,267.0638389345174,18.49247756961536,0,0,0,598,D_pmar=0.054_dist=500_repair_6_males=6_nmar=1,6,1
0,9,1000,0,68.839729445918593,254.56969237452705,36.70326237322902,0,0,0,598,D_pmar=0.054_dist=500_repair_6_males=6_nmar=1,6,1
0,9,1000,500,74.77725008360308,242.86305885553057,42.58400725725048,0,0,0,598,D_pmar=0.054_dist=500_repair_6_males=6_nmar=1,6,1
0,6,0,0,66.36931504134927,287.6521845609426,6.065358467903096,0,0,0,599,D_pmar=0.054_dist=500_repair_6_males=6_nmar=1,6,1
0,9,0,500,65.79492478077789,280.55737488750094,13.714199428334709,0,0,0,599,D_pmar=0.054_dist=500_repair_6_males=6_nmar=1,6,1
0.054,13,500,0,71.87281285760147,283.60848197710214,0,20,2.0000000000000004,2.525756906764079,599,D_pmar=0.054_dist=500_repair_6_males=6_nmar=1,6,1
0,13,500,500,69.32342110497079,246.8288041424655,44.00866204846025,0,0,0,599,D_pmar=0.054_dist=500_repair_6_males=6_nmar=1,6,1
0,6,1000,0,68.36437520979759,243.28216346324055,48.58833935355033,0,0,0,599,D_pmar=0.054_dist=500_repair_6_males=6_nmar=1,6,1
0,7,1000,500,73.21181482002281,286.8271894925925,0,0,0,0,599,D_pmar=0.054_dist=500_repair_6_males=6_nmar=1,6,1
0,9,0,0,66.4963148671187,281.18543802400785,12.393596314242,0,0,0,59,D_pmar=0.054_dist=500_repair_6_males=6_nmar=1,6,1
0,9,0,500,70.60030700353026,289.5563639307421,0,0,0,0,59,D_pmar=0.054_dist=500_repair_6_males=6_nmar=1,6,1
0,13,500,0,69.2759381263277,278.79394436864584,12.116101731306063,0,0,0,59,D_pmar=0.054_dist=500_repair_6_males=6_nmar=1,6,1
0.054,7,500,500,68.03821779113896,288.0352741836899,0,16,1.6000000000000003,2.4697201875049912,59,D_pmar=0.054_dist=500_repair_6_males=6_nmar=1,6,1
0,3,1000,0,69.81480858855363,271.8092536235455,18.512297886264804,0,0,0,59,D_pmar=0.054_dist=500_repair_6_males=6_nmar=1,6,1
0,13,1000,500,67.52963685466429,237.66188217837984,54.99829134837886,0,0,0,59,D_pmar=0.054_dist=500_repair_6_males=6_nmar=1,6,1
0,11,0,0,69.63065537357784,253.536134903654,37.01534540287728,0,0,0,600,D_pmar=0.054_dist=500_repair_6_males=6_nmar=1,6,1
0,7,0,500,71.57444528314603,288.4923418147763,0,0,0,0,600,D_pmar=0.054_dist=500_repair_6_males=6_nmar=1,6,1
0,4,500,0,72.42573542749545,269.3866256002098,18.347224333524867,0,0,0,600,D_pmar=0.054_dist=500_repair_6_males=6_nmar=1,6,1
0,6,500,500,71.63807485535497,257.87832627336593,30.57704364662924,0,0,0,600,D_pmar=0.054_dist=500_repair_6_males=6_nmar=1,6,1
0.054,15,1000,0,74.23587919963167,281.59633509949816,0,19,1.9000000000000008,2.343861898054146,600,D_pmar=0.054_dist=500_repair_6_males=6_nmar=1,6,1
0,11,1000,500,67.54971086038277,261.97231947967214,30.728662082829352,0,0,0,600,D_pmar=0.054_dist=500_repair_6_males=6_nmar=1,6,1
0.054,10,0,0,69.22625985905842,286.41487788016644,0,21,2.1000000000000005,2.2598939119900363,601,D_pmar=0.054_dist=500_repair_6_males=6_nmar=1,6,1
0,7,0,500,71.17750442815777,258.4757482273191,30.457908393873655,0,0,0,601,D_pmar=0.054_dist=500_repair_6_males=6_nmar=1,6,1
0,6,500,0,71.11273779813638,288.9262762996132,0,0,0,0,601,D_pmar=0.054_dist=500_repair_6_males=6_nmar=1,6,1
0,13,500,500,70.46259861146046,241.24485606128997,48.39397010195302,0,0,0,601,D_pmar=0.054_dist=500_repair_6_males=6_nmar=1,6,1
0,12,1000,0,69.6181284551573,284.4166725844767,6.045632347966607,0,0,0,601,D_pmar=0.054_dist=500_repair_6_males=6_nmar=1,6,1
0,6,1000,500,72.63314330972027,244.44584376417436,42.966020582781134,0,0,0,601,D_pmar=0.054_dist=500_repair_6_males=6_nmar=1,6,1
0.054,7,0,0,67.75241881942452,288.0231767552649,0,20,2.0000000000000004,2.267155682799869,602,D_pmar=0.054_dist=500_repair_6_males=6_nmar=1,6,1
0,10,0,500,70.7555529536784,258.985347187675,30.389083556410952,0,0,0,602,D_pmar=0.054_dist=500_repair_6_males=6_nmar=1,6,1
0,11,500,0,71.03646779575102,246.4834002059553,42.4925091627867,0,0,0,602,D_pmar=0.054_dist=500_repair_6_males=6_nmar=1,6,1
0,9,500,500,72.56515526880538,287.4584317787005,0,0,0,0,602,D_pmar=0.054_dist=500_repair_6_males=6_nmar=1,6,1
0,8,1000,0,69.67771774040212,278.2033273663286,12.130678789534258,0,0,0,602,D_pmar=0.054_dist=500_repair_6_males=6_nmar=1,6,1
0,9,1000,500,68.49051251576695,254.76842198146088,36.92710192976041,0,0,0,602,D_pmar=0.054_dist=500_repair_6_males=6_nmar=1,6,1
0,8,0,0,67.57566455891845,292.51016508626407,0,0,0,0,603,D_pmar=0.054_dist=500_repair_6_males=6_nmar=1,6,1
0,7,0,500,72.11853969217496,238.94053447811785,49.07694646661909,0,0,0,603,D_pmar=0.054_dist=500_repair_6_males=6_nmar=1,6,1
0.054,16,500,0,66.36910662691376,289.2282490821399,0,16,1.6000000000000003,2.838879868212719,603,D_pmar=0.054_dist=500_repair_6_males=6_nmar=1,6,1
0,14,500,500,72.71091067427696,269.09595088155413,18.24577493655223,0,0,0,603,D_pmar=0.054_dist=500_repair_6_males=6_nmar=1,6,1
0,2,1000,0,72.27453765789599,281.75492702991556,6.0289023549133365,0,0,0,603,D_pmar=0.054_dist=500_repair_6_males=6_nmar=1,6,1
0,7,1000,500,72.68468095636472,263.1263141279194,24.378179523230763,0,0,0,603,D_pmar=0.054_dist=500_repair_6_males=6_nmar=1,6,1
0,11,0,0,72.5819039000854,256.4240772674493,31.013032203886212,0,0,0,604,D_pmar=0.054_dist=500_repair_6_males=6_nmar=1,6,1
0,5,0,500,66.64921404168399,281.2256828647552,12.137719244859564,0,0,0,604,D_pmar=0.054_dist=500_repair_6_males=6_nmar=1,6,1
0,13,500,0,72.81436612958015,281.1118555906333,6.1042417477285085,0,0,0,604,D_pmar=0.054_dist=500_repair_6_males=6_nmar=1,6,1
0,11,500,500,70.60491373582217,264.7998771260608,24.671940628083327,0,0,0,604,D_pmar=0.054_dist=500_repair_6_males=6_nmar=1,6,1
0,4,1000,0,72.94005212672052,281.10942133306304,6.128614288366897,0,0,0,604,D_pmar=0.054_dist=500_repair_6_males=6_nmar=1,6,1
0.054,10,1000,500,70.17446212878458,286.16323920713603,0,13,1.3,2.539012485893429,604,D_pmar=0.054_dist=500_repair_6_males=6_nmar=1,6,1
0,12,0,0,74.25083382848703,273.5807044529844,12.25669091756747,0,0,0,605,D_pmar=0.054_dist=500_repair_6_males=6_nmar=1,6,1
0,10,0,500,71.18818343375204,288.96372745484365,0,0,0,0,605,D_pmar=0.054_dist=500_repair_6_males=6_nmar=1,6,1
0,7,500,0,70.61678093400434,289.38981256338906,0,0,0,0,605,D_pmar=0.054_dist=500_repair_6_males=6_nmar=1,6,1
0,6,500,500,68.71841408357317,248.54309288529956,42.81653994041102,0,0,0,605,D_pmar=0.054_dist=500_repair_6_males=6_nmar=1,6,1
0,10,1000,0,72.341398420456,220.48089742428215,67.27292153784525,0,0,0,605,D_pmar=0.054_dist=500_repair_6_males=6_nmar=1,6,1
0.054,9,1000,500,70.52335489286759,285.2515109103278,0,20,2.0000000000000004,2.3398903037195664,605,D_pmar=0.054_dist=500_repair_6_males=6_nmar=1,6,1
0,5,0,0,67.70189438486743,286.1984519102006,6.22653738009911,0,0,0,606,D_pmar=0.054_dist=500_repair_6_males=6_nmar=1,6,1
0.054,7,0,500,69.42295722650836,286.55428329043997,0,18,1.8000000000000005,2.2672285164351673,606,D_pmar=0.054_dist=500_repair_6_males=6_nmar=1,6,1
0,8,500,0,70.2595775001912,259.36880863176305,30.429773326153192,0,0,0,606,D_pmar=0.054_dist=500_repair_6_males=6_nmar=1,6,1
0,4,500,500,63.169130731243726,293.7350656159886,3.104757545857856,0,0,0,606,D_pmar=0.054_dist=500_repair_6_males=6_nmar=1,6,1
0,18,1000,0,68.47856678021625,273.4284328741199,18.191730572254375,0,0,0,606,D_pmar=0.054_dist=500_repair_6_males=6_nmar=1,6,1
0,12,1000,500,72.28506019062142,238.78118787494316,48.96976621461463,0,0,0,606,D_pmar=0.054_dist=500_repair_6_males=6_nmar=1,6,1
0,3,0,0,72.50210868906728,257.2896175689384,30.313685203111252,0,0,0,607,D_pmar=0.054_dist=500_repair_6_males=6_nmar=1,6,1
0,13,0,500,74.49933337520085,242.60760892290403,42.936809299239385,0,0,0,607,D_pmar=0.054_dist=500_repair_6_males=6_nmar=1,6,1
0,13,500,0,69.28462335450261,290.78754796323153,0,0,0,0,607,D_pmar=0.054_dist=500_repair_6_males=6_nmar=1,6,1
0,12,500,500,70.05101650150144,265.16308640103045,24.829566177515048,0,0,0,607,D_pmar=0.054_dist=500_repair_6_males=6_nmar=1,6,1
0.054,10,1000,0,72.93908572371839,282.8059575702058,0,18,1.8000000000000005,2.72546563356893,607,D_pmar=0.054_dist=500_repair_6_males=6_nmar=1,6,1
0,3,1000,500,70.66761586932988,277.0555588192511,12.277596217898171,0,0,0,607,D_pmar=0.054_dist=500_repair_6_males=6_nmar=1,6,1
0,5,0,0,75.56290853748702,284.5313062390256,0,0,0,0,608,D_pmar=0.054_dist=500_repair_6_males=6_nmar=1,6,1
0,12,0,500,72.82717909347944,287.3957903231044,0,0,0,0,608,D_pmar=0.054_dist=500_repair_6_males=6_nmar=1,6,1
0.054,7,500,0,70.39619270918989,285.8029407601051,0,14,1.4,2.484773000927974,608,D_pmar=0.054_dist=500_repair_6_males=6_nmar=1,6,1
0,6,500,500,70.77311140161143,276.8644118252676,12.36266938395398,0,0,0,608,D_pmar=0.054_dist=500_repair_6_males=6_nmar=1,6,1
0,13,1000,0,74.92096532540678,279.3343360885216,6.005471201354562,0,0,0,608,D_pmar=0.054_dist=500_repair_6_males=6_nmar=1,6,1
0,11,1000,500,73.59544171504444,219.3098406413227,67.19051307676206,0,0,0,608,D_pmar=0.054_dist=500_repair_6_males=6_nmar=1,6,1
0,7,0,0,70.57555215823903,283.622270536848,6.046917788372361,0,0,0,609,D_pmar=0.054_dist=500_repair_6_males=6_nmar=1,6,1
0,11,0,500,75.7071628269752,259.95580542597,24.543811672453415,0,0,0,609,D_pmar=0.054_dist=500_repair_6_males=6_nmar=1,6,1
0.054,13,500,0,71.69434236188087,283.78656812411833,0,18,1.8000000000000005,2.7612099825801417,609,D_pmar=0.054_dist=500_repair_6_males=6_nmar=1,6,1
0,7,500,500,70.50396739925556,277.36725956576026,12.13649159812444,0,0,0,609,D_pmar=0.054_dist=500_repair_6_males=6_nmar=1,6,1
0,10,1000,0,73.55382867617834,243.5861965185783,42.93404316893137,0,0,0,609,D_pmar=0.054_dist=500_repair_6_males=6_nmar=1,6,1
0,6,1000,500,76.78418097451495,258.7793295563412,24.513682867302887,0,0,0,609,D_pmar=0.054_dist=500_repair_6_males=6_nmar=1,6,1
0,9,0,0,68.52281290154117,248.6453328577832,42.86956013051061,0,0,0,60,D_pmar=0.054_dist=500_repair_6_males=6_nmar=1,6,1
0,9,0,500,73.22890311429913,280.8158194335448,6.168521219312421,0,0,0,60,D_pmar=0.054_dist=500_repair_6_males=6_nmar=1,6,1
0,7,500,0,70.24027769437687,259.4210579159021,30.375961542466765,0,0,0,60,D_pmar=0.054_dist=500_repair_6_males=6_nmar=1,6,1
0,18,500,500,70.11939600180267,247.17539916911392,42.784339730903874,0,0,0,60,D_pmar=0.054_dist=500_repair_6_males=6_nmar=1,6,1
0.054,3,1000,0,71.02381909941032,284.4213431490753,0,21,2.1000000000000005,2.530010753617633,60,D_pmar=0.054_dist=500_repair_6_males=6_nmar=1,6,1
0,8,1000,500,68.4498129984306,285.60339836331053,6.036539613018976,0,0,0,60,D_pmar=0.054_dist=500_repair_6_males=6_nmar=1,6,1
0,13,0,0,71.96748566664951,263.5198853261717,24.61233136617277,0,0,0,610,D_pmar=0.054_dist=500_repair_6_males=6_nmar=1,6,1
0.054,7,0,500,67.31212223498036,288.6584096893215,0,15,1.5000000000000002,2.582300858233448,610,D_pmar=0.054_dist=500_repair_6_males=6_nmar=1,6,1
0,4,500,0,69.31409938496296,272.2629729882298,18.452564270888693,0,0,0,610,D_pmar=0.054_dist=500_repair_6_males=6_nmar=1,6,1
0,3,500,500,70.8629334020029,277.1425700163968,12.05330908301248,0,0,0,610,D_pmar=0.054_dist=500_repair_6_males=6_nmar=1,6,1
0,16,1000,0,71.5117438110208,255.3493792050672,33.317686246079006,0,0,0,610,D_pmar=0.054_dist=500_repair_6_males=6_nmar=1,6,1
0,11,1000,500,72.55334181441032,287.54191534715176,0,0,0,0,610,D_pmar=0.054_dist=500_repair_6_males=6_nmar=1,6,1
0,6,0,0,67.81491860311641,273.95299059537723,18.358259935541795,0,0,0,611,D_pmar=0.054_dist=500_repair_6_males=6_nmar=1,6,1
0,9,0,500,71.68086225660605,282.3219148029697,6.0242839263279135,0,0,0,611,D_pmar=0.054_dist=500_repair_6_males=6_nmar=1,6,1
0,4,500,0,70.34437322407184,259.4599267741428,30.32999751265012,0,0,0,611,D_pmar=0.054_dist=500_repair_6_males=6_nmar=1,6,1
0.054,14,500,500,72.83599668023187,282.97935164448006,0,19,1.9000000000000008,2.422590327293362,611,D_pmar=0.054_dist=500_repair_6_males=6_nmar=1,6,1
0,7,1000,0,72.84874956983165,244.91696789686372,42.49060921268709,0,0,0,611,D_pmar=0.054_dist=500_repair_6_males=6_nmar=1,6,1
0,14,1000,500,66.31521052103226,275.4031612573688,18.34056673387012,0,0,0,611,D_pmar=0.054_dist=500_repair_6_males=6_nmar=1,6,1
0,6,0,0,72.61611330730575,252.25073291068296,35.26733338199261,0,0,0,612,D_pmar=0.054_dist=500_repair_6_males=6_nmar=1,6,1
0,7,0,500,71.59341398633804,264.2959957818392,24.257267255442077,0,0,0,612,D_pmar=0.054_dist=500_repair_6_males=6_nmar=1,6,1
0,10,500,0,74.4537304378621,285.588013393681,0,0,0,0,612,D_pmar=0.054_dist=500_repair_6_males=6_nmar=1,6,1
0,11,500,500,71.90124362231504,251.42473212940175,36.752738170710145,0,0,0,612,D_pmar=0.054_dist=500_repair_6_males=6_nmar=1,6,1
0.054,15,1000,0,70.84358713289885,284.997424801372,0,20,2.0000000000000004,2.1846806389173787,612,D_pmar=0.054_dist=500_repair_6_males=6_nmar=1,6,1
0,5,1000,500,71.2331848537686,264.18819635858273,24.68823839345591,0,0,0,612,D_pmar=0.054_dist=500_repair_6_males=6_nmar=1,6,1
0,6,0,0,71.66639382100647,270.26909681304573,18.21513339548116,0,0,0,613,D_pmar=0.054_dist=500_repair_6_males=6_nmar=1,6,1
0,10,0,500,68.02708151617746,267.6707439214525,24.538110510147835,0,0,0,613,D_pmar=0.054_dist=500_repair_6_males=6_nmar=1,6,1
0,5,500,0,69.53976454456708,272.180250830671,18.318435939897448,0,0,0,613,D_pmar=0.054_dist=500_repair_6_males=6_nmar=1,6,1
0.054,20,500,500,72.92694497945058,282.93280471187285,0,19,1.9000000000000008,2.4537037037037073,613,D_pmar=0.054_dist=500_repair_6_males=6_nmar=1,6,1
0,12,1000,0,74.35417469857582,261.6472836462651,24.176548790722546,0,0,0,613,D_pmar=0.054_dist=500_repair_6_males=6_nmar=1,6,1
0,1,1000,500,70.58473875087118,258.96416720362276,30.46060675072715,0,0,0,613,D_pmar=0.054_dist=500_repair_6_males=6_nmar=1,6,1
0,7,0,0,70.63971813653815,271.273648850593,18.10399014723037,0,0,0,614,D_pmar=0.054_dist=500_repair_6_males=6_nmar=1,6,1
0.054,13,0,500,71.49360664024783,284.9544963517546,0,15,1.5000000000000002,2.300573525714128,614,D_pmar=0.054_dist=500_repair_6_males=6_nmar=1,6,1
0,5,500,0,72.04405836864102,257.42313919684017,30.562267908157935,0,0,0,614,D_pmar=0.054_dist=500_repair_6_males=6_nmar=1,6,1
0,12,500,500,70.73547139741379,270.8515750371765,18.578984694590822,0,0,0,614,D_pmar=0.054_dist=500_repair_6_males=6_nmar=1,6,1
0,7,1000,0,67.13480633207445,292.9434053492694,0,0,0,0,614,D_pmar=0.054_dist=500_repair_6_males=6_nmar=1,6,1
0,10,1000,500,68.06911005592043,267.30346461114107,24.683515193719153,0,0,0,614,D_pmar=0.054_dist=500_repair_6_males=6_nmar=1,6,1
0,10,0,0,72.25981193794789,269.5704467301975,18.301953118008065,0,0,0,615,D_pmar=0.054_dist=500_repair_6_males=6_nmar=1,6,1
0,8,0,500,72.14729818240515,245.28322297208547,42.640621671493555,0,0,0,615,D_pmar=0.054_dist=500_repair_6_males=6_nmar=1,6,1
0.054,17,500,0,73.57859396168466,282.4511138189196,0,19,1.9000000000000008,2.201682832690003,615,D_pmar=0.054_dist=500_repair_6_males=6_nmar=1,6,1
0,4,500,500,71.8807323671013,270.007807011816,18.22462516022879,0,0,0,615,D_pmar=0.054_dist=500_repair_6_males=6_nmar=1,6,1
0,12,1000,0,71.97412200319279,282.2931252599001,6.01801072660611,0,0,0,615,D_pmar=0.054_dist=500_repair_6_males=6_nmar=1,6,1
0,3,1000,500,68.4755243626309,261.1943911865661,30.47361401610889,0,0,0,615,D_pmar=0.054_dist=500_repair_6_males=6_nmar=1,6,1
0,6,0,0,67.89518417184706,292.1869233535257,0,0,0,0,616,D_pmar=0.054_dist=500_repair_6_males=6_nmar=1,6,1
0,10,0,500,71.89409787716599,245.56250362079356,42.55085625628445,0,0,0,616,D_pmar=0.054_dist=500_repair_6_males=6_nmar=1,6,1
0,2,500,0,70.54812269060683,283.3971851156155,6.1396194600591905,0,0,0,616,D_pmar=0.054_dist=500_repair_6_males=6_nmar=1,6,1
0,17,500,500,72.67782067110248,275.18414447936254,12.205888056781252,0,0,0,616,D_pmar=0.054_dist=500_repair_6_males=6_nmar=1,6,1
0.054,13,1000,0,71.68770209590123,284.31912748678064,0,15,1.5000000000000002,2.5432883723400224,616,D_pmar=0.054_dist=500_repair_6_males=6_nmar=1,6,1
0,6,1000,500,71.07211482128164,258.5262536311073,30.58856821145529,0,0,0,616,D_pmar=0.054_dist=500_repair_6_males=6_nmar=1,6,1
0,9,0,0,71.17772705409949,252.2878304629588,36.54556573197177,0,0,0,617,D_pmar=0.054_dist=500_repair_6_males=6_nmar=1,6,1
0,3,0,500,71.44480669725816,276.5264824584576,12.14772148814339,0,0,0,617,D_pmar=0.054_dist=500_repair_6_males=6_nmar=1,6,1
0.054,12,500,0,73.25218563577587,282.46394693342205,0,23,2.3000000000000007,2.0571772612289068,617,D_pmar=0.054_dist=500_repair_6_males=6_nmar=1,6,1
0,4,500,500,71.25047951138791,251.81901715821937,37.08850590212262,0,0,0,617,D_pmar=0.054_dist=500_repair_6_males=6_nmar=1,6,1
0,9,1000,0,72.53437444550359,285.6339598952337,1.8510025945700168,0,0,0,617,D_pmar=0.054_dist=500_repair_6_males=6_nmar=1,6,1
0,17,1000,500,68.4120825453595,248.90019566738903,42.75810908749273,0,0,0,617,D_pmar=0.054_dist=500_repair_6_males=6_nmar=1,6,1
0,5,0,0,70.3023496523486,289.810287222369,0,0,0,0,618,D_pmar=0.054_dist=500_repair_6_males=6_nmar=1,6,1
0.054,12,0,500,69.44761352229503,286.81221563930046,0,17,1.7000000000000004,2.2222222222222237,618,D_pmar=0.054_dist=500_repair_6_males=6_nmar=1,6,1
0,9,500,0,72.72052217267603,264.23927163360787,23.054505038964606,0,0,0,618,D_pmar=0.054_dist=500_repair_6_males=6_nmar=1,6,1
0,8,500,500,69.32928444428563,260.29633510683846,30.400649267238197,0,0,0,618,D_pmar=0.054_dist=500_repair_6_males=6_nmar=1,6,1
0,11,1000,0,71.87860925670772,269.9535585204476,18.27322670661172,0,0,0,618,D_pmar=0.054_dist=500_repair_6_males=6_nmar=1,6,1
0,9,1000,500,70.01062383281887,259.66573912815454,30.461892729685363,0,0,0,618,D_pmar=0.054_dist=500_repair_6_males=6_nmar=1,6,1
0,12,0,0,67.71473738516431,237.5961896344413,54.75097447685071,0,0,0,619,D_pmar=0.054_dist=500_repair_6_males=6_nmar=1,6,1
0,10,0,500,73.56769594477613,238.03699518639692,48.53800943123535,0,0,0,619,D_pmar=0.054_dist=500_repair_6_males=6_nmar=1,6,1
0,5,500,0,71.80243726273686,288.2506712676807,0,0,0,0,619,D_pmar=0.054_dist=500_repair_6_males=6_nmar=1,6,1
0,10,500,500,72.01218315250156,288.01361039074754,0,0,0,0,619,D_pmar=0.054_dist=500_repair_6_males=6_nmar=1,6,1
0.054,8,1000,0,67.9030617919436,287.45726746752456,0,19,1.9000000000000008,2.8117601257299913,619,D_pmar=0.054_dist=500_repair_6_males=6_nmar=1,6,1
0,9,1000,500,71.85365894662121,275.90629913115635,12.261812364773387,0,0,0,619,D_pmar=0.054_dist=500_repair_6_males=6_nmar=1,6,1
0,11,0,0,70.51378583569081,275.57450471614624,14.013350910190058,0,0,0,61,D_pmar=0.054_dist=500_repair_6_males=6_nmar=1,6,1
0.054,8,0,500,71.0834580849142,284.91894279386935,0,16,1.6000000000000003,2.483432204802362,61,D_pmar=0.054_dist=500_repair_6_males=6_nmar=1,6,1
0,5,500,0,70.31676711326558,271.455518322287,18.5339560941548,0,0,0,61,D_pmar=0.054_dist=500_repair_6_males=6_nmar=1,6,1
0,12,500,500,70.6359323311634,277.37744502635127,12.076847894414051,0,0,0,61,D_pmar=0.054_dist=500_repair_6_males=6_nmar=1,6,1
0,11,1000,0,71.49997100235882,276.3411204778145,12.193376035709417,0,0,0,61,D_pmar=0.054_dist=500_repair_6_males=6_nmar=1,6,1
0,7,1000,500,71.01269175879528,252.35034047218195,36.708241427873155,0,0,0,61,D_pmar=0.054_dist=500_repair_6_males=6_nmar=1,6,1
0,7,0,0,68.62424474856726,291.4510054635794,0,0,0,0,620,D_pmar=0.054_dist=500_repair_6_males=6_nmar=1,6,1
0,9,0,500,70.43688941683456,259.3149189569785,30.288253468456595,0,0,0,620,D_pmar=0.054_dist=500_repair_6_males=6_nmar=1,6,1
0.054,8,500,0,69.69068235255844,287.8327867489852,0,9,0.8999999999999999,1.8144624146030144,620,D_pmar=0.054_dist=500_repair_6_males=6_nmar=1,6,1
0,5,500,500,70.07840835629054,289.94427206517827,0,0,0,0,620,D_pmar=0.054_dist=500_repair_6_males=6_nmar=1,6,1
0,16,1000,0,70.92849153417622,271.016987375016,18.365317778864412,0,0,0,620,D_pmar=0.054_dist=500_repair_6_males=6_nmar=1,6,1
0,9,1000,500,71.14880242804986,282.834395899694,6.090763859724554,0,0,0,620,D_pmar=0.054_dist=500_repair_6_males=6_nmar=1,6,1
0,8,0,0,73.26395378880773,262.29723384874,24.4466113257272,0,0,0,621,D_pmar=0.054_dist=500_repair_6_males=6_nmar=1,6,1
0,7,0,500,71.17667092725868,276.91415405657176,12.075080345640488,0,0,0,621,D_pmar=0.054_dist=500_repair_6_males=6_nmar=1,6,1
0,8,500,0,72.41488228869737,275.4454064332931,12.249697232449453,0,0,0,621,D_pmar=0.054_dist=500_repair_6_males=6_nmar=1,6,1
0,6,500,500,71.23120875043726,270.73010145061824,18.191362404337585,0,0,0,621,D_pmar=0.054_dist=500_repair_6_males=6_nmar=1,6,1
0.054,18,1000,0,73.3626497374546,283.3871854347473,0,14,1.4,1.8981481481481477,621,D_pmar=0.054_dist=500_repair_6_males=6_nmar=1,6,1
0,7,1000,500,71.29624447333521,270.6273374858025,18.300582766468107,0,0,0,621,D_pmar=0.054_dist=500_repair_6_males=6_nmar=1,6,1
0,6,0,0,70.36278034813407,253.15959335495216,36.75973831030708,0,0,0,622,D_pmar=0.054_dist=500_repair_6_males=6_nmar=1,6,1
0.054,16,0,500,71.47210376899301,285.04625418487564,0,14,1.4,2.093885280618419,622,D_pmar=0.054_dist=500_repair_6_males=6_nmar=1,6,1
0,14,500,0,66.89455534225863,287.1827709483739,6.186152883549802,0,0,0,622,D_pmar=0.054_dist=500_repair_6_males=6_nmar=1,6,1
0,3,500,500,70.21555383940492,277.75381925148804,12.049450424457746,0,0,0,622,D_pmar=0.054_dist=500_repair_6_males=6_nmar=1,6,1
0,6,1000,0,69.10739544033144,284.89321511854104,6.037776862252844,0,0,0,622,D_pmar=0.054_dist=500_repair_6_males=6_nmar=1,6,1
0,9,1000,500,68.03309930294117,267.86463064214104,24.433659033299257,0,0,0,622,D_pmar=0.054_dist=500_repair_6_males=6_nmar=1,6,1
0,6,0,0,71.18844501980344,288.92456137686656,0,0,0,0,623,D_pmar=0.054_dist=500_repair_6_males=6_nmar=1,6,1
0,7,0,500,69.75832469815177,253.4098283585551,37.06755037441128,0,0,0,623,D_pmar=0.054_dist=500_repair_6_males=6_nmar=1,6,1
0,14,500,0,70.63806372021367,271.3110695341904,18.308825376612205,0,0,0,623,D_pmar=0.054_dist=500_repair_6_males=6_nmar=1,6,1
0.054,11,500,500,67.33035691952632,288.48262010990396,0,15,1.5000000000000002,2.817319535474528,623,D_pmar=0.054_dist=500_repair_6_males=6_nmar=1,6,1
0,6,1000,0,71.36986823552704,288.68505850190996,0,0,0,0,623,D_pmar=0.054_dist=500_repair_6_males=6_nmar=1,6,1
0,10,1000,500,71.23077283802591,252.5961070791879,36.41716206457727,0,0,0,623,D_pmar=0.054_dist=500_repair_6_males=6_nmar=1,6,1
0,14,0,0,72.42778323626135,251.2015939964448,36.51258905263932,0,0,0,624,D_pmar=0.054_dist=500_repair_6_males=6_nmar=1,6,1
0,9,0,500,67.12136892125952,287.04833981362566,6.15536692734896,0,0,0,624,D_pmar=0.054_dist=500_repair_6_males=6_nmar=1,6,1
0,6,500,0,69.89672693365078,253.67789336111417,36.4461014528379,0,0,0,624,D_pmar=0.054_dist=500_repair_6_males=6_nmar=1,6,1
0,5,500,500,70.94090434219086,283.0589918241971,6.102262600721168,0,0,0,624,D_pmar=0.054_dist=500_repair_6_males=6_nmar=1,6,1
0,10,1000,0,73.45544524756505,280.48427493372833,6.100557366134884,0,0,0,624,D_pmar=0.054_dist=500_repair_6_males=6_nmar=1,6,1
0.054,10,1000,500,71.42577134292883,284.68466864373846,0,15,1.5000000000000002,2.390158194350442,624,D_pmar=0.054_dist=500_repair_6_males=6_nmar=1,6,1
0,10,0,0,69.6635057903853,290.43654105728734,0,0,0,0,625,D_pmar=0.054_dist=500_repair_6_males=6_nmar=1,6,1
0,3,0,500,75.63235625055137,266.3826893335287,18.191752152027806,0,0,0,625,D_pmar=0.054_dist=500_repair_6_males=6_nmar=1,6,1
0.054,9,500,0,72.56250653599643,284.2236672627501,0,11,1.1,2.3118068908585383,625,D_pmar=0.054_dist=500_repair_6_males=6_nmar=1,6,1
0,10,500,500,69.5836919953909,272.17948986676413,18.27207123494092,0,0,0,625,D_pmar=0.054_dist=500_repair_6_males=6_nmar=1,6,1
0,14,1000,0,69.07142172005055,272.9319320536986,18.038654217678424,0,0,0,625,D_pmar=0.054_dist=500_repair_6_males=6_nmar=1,6,1
0,8,1000,500,71.2791842093152,276.7052256022727,12.121334973580495,0,0,0,625,D_pmar=0.054_dist=500_repair_6_males=6_nmar=1,6,1
0.054,16,0,0,68.5903323054476,286.8727497455279,0,21,2.1000000000000005,2.505746789035177,626,D_pmar=0.054_dist=500_repair_6_males=6_nmar=1,6,1
0,17,0,500,69.80232767907755,266.0235044850879,24.285109201873645,0,0,0,626,D_pmar=0.054_dist=500_repair_6_males=6_nmar=1,6,1
0,7,500,0,70.54154787294621,240.19565446740367,49.49269958217839,0,0,0,626,D_pmar=0.054_dist=500_repair_6_males=6_nmar=1,6,1
0,2,500,500,73.84304252082207,250.01716425520297,36.361625911004666,0,0,0,626,D_pmar=0.054_dist=500_repair_6_males=6_nmar=1,6,1
0,8,1000,0,74.51129874128763,273.263883226256,12.357604198098093,0,0,0,626,D_pmar=0.054_dist=500_repair_6_males=6_nmar=1,6,1
0,4,1000,500,73.40740572606376,280.53753335653226,6.0734022192577815,0,0,0,626,D_pmar=0.054_dist=500_repair_6_males=6_nmar=1,6,1
0,16,0,0,72.27037999612739,238.80977647368144,48.94758224423925,0,0,0,627,D_pmar=0.054_dist=500_repair_6_males=6_nmar=1,6,1
0,7,0,500,71.9742286891147,275.7988609458992,12.347967021277237,0,0,0,627,D_pmar=0.054_dist=500_repair_6_males=6_nmar=1,6,1
0,13,500,0,70.21988575905117,271.66111906379444,18.268677343662755,0,0,0,627,D_pmar=0.054_dist=500_repair_6_males=6_nmar=1,6,1
0,7,500,500,68.94708877969362,291.30620560666245,0,0,0,0,627,D_pmar=0.054_dist=500_repair_6_males=6_nmar=1,6,1
0.054,3,1000,0,69.55536097737217,286.57190444250796,0,13,1.3,2.661485725640684,627,D_pmar=0.054_dist=500_repair_6_males=6_nmar=1,6,1
0,8,1000,500,69.46826837304735,290.61153644835076,0,0,0,0,627,D_pmar=0.054_dist=500_repair_6_males=6_nmar=1,6,1
0,5,0,0,70.49966132676265,283.6194001074827,6.009466318678232,0,0,0,628,D_pmar=0.054_dist=500_repair_6_males=6_nmar=1,6,1
0,13,0,500,66.7978694736492,254.6434602295524,38.710404955133235,0,0,0,628,D_pmar=0.054_dist=500_repair_6_males=6_nmar=1,6,1
0.054,9,500,0,69.96173894440022,285.16374850951604,0,19,1.9000000000000008,2.9926914640616236,628,D_pmar=0.054_dist=500_repair_6_males=6_nmar=1,6,1
0,13,500,500,67.14925642359908,262.36049051560923,30.557258388183676,0,0,0,628,D_pmar=0.054_dist=500_repair_6_males=6_nmar=1,6,1
0,5,1000,0,69.79038505414152,259.359519717832,30.90482656079138,0,0,0,628,D_pmar=0.054_dist=500_repair_6_males=6_nmar=1,6,1
0,9,1000,500,71.13342094865301,289.16133162226987,0,0,0,0,628,D_pmar=0.054_dist=500_repair_6_males=6_nmar=1,6,1
0,12,0,0,72.50792976453332,250.95368633778364,36.550541692699184,0,0,0,629,D_pmar=0.054_dist=500_repair_6_males=6_nmar=1,6,1
0,3,0,500,71.16674407272905,288.9850698441478,0,0,0,0,629,D_pmar=0.054_dist=500_repair_6_males=6_nmar=1,6,1
0.054,9,500,0,70.3575283299696,285.03053229368203,0,18,1.8000000000000005,2.837916197834419,629,D_pmar=0.054_dist=500_repair_6_males=6_nmar=1,6,1
0,6,500,500,69.35873068899515,266.49434152773307,24.330720358896446,0,0,0,629,D_pmar=0.054_dist=500_repair_6_males=6_nmar=1,6,1
0,17,1000,0,69.56238745596724,253.36707363624265,37.10012591935077,0,0,0,629,D_pmar=0.054_dist=500_repair_6_males=6_nmar=1,6,1
0,7,1000,500,75.71215628250171,272.3969743156245,12.105251273257675,0,0,0,629,D_pmar=0.054_dist=500_repair_6_males=6_nmar=1,6,1
0.054,16,0,0,72.77856989402267,284.3809978571522,0,10,1,2.0370370370370368,62,D_pmar=0.054_dist=500_repair_6_males=6_nmar=1,6,1
0,8,0,500,70.11813039218858,271.7916585103356,18.1994698210608,0,0,0,62,D_pmar=0.054_dist=500_repair_6_males=6_nmar=1,6,1
0,12,500,0,68.54759598871763,285.4814751295461,6.005635258108697,0,0,0,62,D_pmar=0.054_dist=500_repair_6_males=6_nmar=1,6,1
0,8,500,500,74.0609994102199,273.7820381814537,12.357613255073325,0,0,0,62,D_pmar=0.054_dist=500_repair_6_males=6_nmar=1,6,1
0,4,1000,0,66.95801012527627,281.07520109774606,12.13461845816617,0,0,0,62,D_pmar=0.054_dist=500_repair_6_males=6_nmar=1,6,1
0,6,1000,500,69.86670055657696,278.0042097365921,12.13146498212544,0,0,0,62,D_pmar=0.054_dist=500_repair_6_males=6_nmar=1,6,1
0,8,0,0,70.44575041567606,271.43763696539355,18.23067234154687,0,0,0,630,D_pmar=0.054_dist=500_repair_6_males=6_nmar=1,6,1
0,11,0,500,72.40807788650254,268.8929470573467,18.737023915367946,0,0,0,630,D_pmar=0.054_dist=500_repair_6_males=6_nmar=1,6,1
0.054,10,500,0,72.57828201794435,283.62877687865176,0,15,1.5000000000000002,2.3590668575331364,630,D_pmar=0.054_dist=500_repair_6_males=6_nmar=1,6,1
0,7,500,500,69.44172154326206,278.28066610750017,12.340235629036622,0,0,0,630,D_pmar=0.054_dist=500_repair_6_males=6_nmar=1,6,1
0,13,1000,0,73.71502048741073,255.5869364429555,30.742083538474898,0,0,0,630,D_pmar=0.054_dist=500_repair_6_males=6_nmar=1,6,1
0,5,1000,500,67.23401390827104,280.5451187569319,12.264604998940946,0,0,0,630,D_pmar=0.054_dist=500_repair_6_males=6_nmar=1,6,1
0,11,0,0,71.90457343765343,263.8262567888409,24.456212050092105,0,0,0,631,D_pmar=0.054_dist=500_repair_6_males=6_nmar=1,6,1
0,5,0,500,73.12808126123211,262.518062690764,24.355204813138027,0,0,0,631,D_pmar=0.054_dist=500_repair_6_males=6_nmar=1,6,1
0.054,13,500,0,69.37747049834819,285.9212372308137,0,21,2.1000000000000005,2.661637871696691,631,D_pmar=0.054_dist=500_repair_6_males=6_nmar=1,6,1
0,7,500,500,70.24881664031167,277.78755248317873,12.10717646562948,0,0,0,631,D_pmar=0.054_dist=500_repair_6_males=6_nmar=1,6,1
0,4,1000,0,73.33004450332564,219.42573048830343,67.31632653750343,0,0,0,631,D_pmar=0.054_dist=500_repair_6_males=6_nmar=1,6,1
0,14,1000,500,72.8825983816938,287.22222104333923,0,0,0,0,631,D_pmar=0.054_dist=500_repair_6_males=6_nmar=1,6,1
0.054,9,0,0,70.5137812869171,284.9476857692854,0,17,1.7000000000000004,2.9119916148797302,632,D_pmar=0.054_dist=500_repair_6_males=6_nmar=1,6,1
0,10,0,500,72.65739712490462,262.922833917484,24.431618639478028,0,0,0,632,D_pmar=0.054_dist=500_repair_6_males=6_nmar=1,6,1
0,10,500,0,67.13116421814563,262.50633276360503,30.6357646406183,0,0,0,632,D_pmar=0.054_dist=500_repair_6_males=6_nmar=1,6,1
0,4,500,500,69.67877832039859,253.90857831220697,36.45727462445417,0,0,0,632,D_pmar=0.054_dist=500_repair_6_males=6_nmar=1,6,1
0,9,1000,0,72.13142873319227,287.9365004555663,0,0,0,0,632,D_pmar=0.054_dist=500_repair_6_males=6_nmar=1,6,1
0,12,1000,500,67.43331061972322,280.73086522017684,12.120499166929903,0,0,0,632,D_pmar=0.054_dist=500_repair_6_males=6_nmar=1,6,1
0,12,0,0,72.23023255400076,287.90671881600434,0,0,0,0,633,D_pmar=0.054_dist=500_repair_6_males=6_nmar=1,6,1
0,3,0,500,69.50888189584845,254.06508686262188,36.553092534532944,0,0,0,633,D_pmar=0.054_dist=500_repair_6_males=6_nmar=1,6,1
0,14,500,0,70.99032728525731,246.2997780564131,42.81641816142321,0,0,0,633,D_pmar=0.054_dist=500_repair_6_males=6_nmar=1,6,1
0.054,8,500,500,75.4721098911192,279.57696133003606,0,18,1.8000000000000005,3.2241509059500695,633,D_pmar=0.054_dist=500_repair_6_males=6_nmar=1,6,1
0,7,1000,0,67.56981114084435,262.0158388557208,30.61768578315925,0,0,0,633,D_pmar=0.054_dist=500_repair_6_males=6_nmar=1,6,1
0,10,1000,500,67.05954005357177,293.16062186564966,0,0,0,0,633,D_pmar=0.054_dist=500_repair_6_males=6_nmar=1,6,1
0,6,0,0,67.24732527827926,292.80941674631146,0,0,0,0,634,D_pmar=0.054_dist=500_repair_6_males=6_nmar=1,6,1
0,10,0,500,70.18399084182566,240.85471026553824,49.24047596757634,0,0,0,634,D_pmar=0.054_dist=500_repair_6_males=6_nmar=1,6,1
0,11,500,0,69.8864189687616,284.16316209040497,6.084863151591298,0,0,0,634,D_pmar=0.054_dist=500_repair_6_males=6_nmar=1,6,1
0,10,500,500,66.77643982666255,268.7599865731672,24.498823429665418,0,0,0,634,D_pmar=0.054_dist=500_repair_6_males=6_nmar=1,6,1
0.054,9,1000,0,71.10217546369138,284.85282576008956,0,13,1.3,2.820080440146461,634,D_pmar=0.054_dist=500_repair_6_males=6_nmar=1,6,1
0,8,1000,500,68.2903179306037,291.8966665558989,0,0,0,0,634,D_pmar=0.054_dist=500_repair_6_males=6_nmar=1,6,1
0,11,0,0,71.72719658101624,288.32772921568437,0,0,0,0,635,D_pmar=0.054_dist=500_repair_6_males=6_nmar=1,6,1
0,11,0,500,74.47138142646807,224.70489507129273,60.98330093193362,0,0,0,635,D_pmar=0.054_dist=500_repair_6_males=6_nmar=1,6,1
0,9,500,0,70.95505489911177,289.11681997568104,0,0,0,0,635,D_pmar=0.054_dist=500_repair_6_males=6_nmar=1,6,1
0,6,500,500,74.38373877465725,267.22802175634587,18.398360817374375,0,0,0,635,D_pmar=0.054_dist=500_repair_6_males=6_nmar=1,6,1
0.054,6,1000,0,73.6748991418818,281.7237046054728,0,18,1.8000000000000005,2.821044110524763,635,D_pmar=0.054_dist=500_repair_6_males=6_nmar=1,6,1
0,11,1000,500,71.00614201160138,258.67774418201736,30.506350496038245,0,0,0,635,D_pmar=0.054_dist=500_repair_6_males=6_nmar=1,6,1
0,11,0,0,71.41764191528473,282.5531424910278,6.046266177150508,0,0,0,636,D_pmar=0.054_dist=500_repair_6_males=6_nmar=1,6,1
0,15,0,500,71.17856953506859,238.5602005944644,50.38042877945834,0,0,0,636,D_pmar=0.054_dist=500_repair_6_males=6_nmar=1,6,1
0,7,500,0,66.40792179619527,281.4856853585153,12.149934381634804,0,0,0,636,D_pmar=0.054_dist=500_repair_6_males=6_nmar=1,6,1
0.054,5,500,500,74.54818409251239,281.50157215763477,0,13,1.3,2.8038104582754237,636,D_pmar=0.054_dist=500_repair_6_males=6_nmar=1,6,1
0,8,1000,0,70.8864929096958,289.29525483399806,0,0,0,0,636,D_pmar=0.054_dist=500_repair_6_males=6_nmar=1,6,1
0,8,1000,500,75.75710963642233,278.2094194650682,6.106792053869137,0,0,0,636,D_pmar=0.054_dist=500_repair_6_males=6_nmar=1,6,1
0,6,0,0,73.50570666215012,250.3185904712403,36.322161651628555,0,0,0,637,D_pmar=0.054_dist=500_repair_6_males=6_nmar=1,6,1
0,7,0,500,68.86535054657104,291.14401616214644,0,0,0,0,637,D_pmar=0.054_dist=500_repair_6_males=6_nmar=1,6,1
0,13,500,0,72.4374468784839,269.3662595453022,18.2841835592723,0,0,0,637,D_pmar=0.054_dist=500_repair_6_males=6_nmar=1,6,1
0,6,500,500,74.80772457323538,249.28127970127304,36.05729622525095,0,0,0,637,D_pmar=0.054_dist=500_repair_6_males=6_nmar=1,6,1
0.054,17,1000,0,70.92262303479366,284.88655920434684,0,20,2.0000000000000004,2.245370370370372,637,D_pmar=0.054_dist=500_repair_6_males=6_nmar=1,6,1
0,5,1000,500,71.4893755196529,258.3914855205233,30.299307667899367,0,0,0,637,D_pmar=0.054_dist=500_repair_6_males=6_nmar=1,6,1
0,7,0,0,68.68679296919166,248.47097933791173,42.92427629965662,0,0,0,638,D_pmar=0.054_dist=500_repair_6_males=6_nmar=1,6,1
0,7,0,500,68.83464006175834,285.18953038252704,6.07545007832229,0,0,0,638,D_pmar=0.054_dist=500_repair_6_males=6_nmar=1,6,1
0,8,500,0,69.73960662707721,265.7706198220207,24.65818704299409,0,0,0,638,D_pmar=0.054_dist=500_repair_6_males=6_nmar=1,6,1
0.054,15,500,500,68.37261291507296,286.4843323319129,0,23,2.3000000000000007,2.843910006153938,638,D_pmar=0.054_dist=500_repair_6_males=6_nmar=1,6,1
0,11,1000,0,74.13417985345347,267.3657156507999,18.62960038945901,0,0,0,638,D_pmar=0.054_dist=500_repair_6_males=6_nmar=1,6,1
0,6,1000,500,69.73456055113368,241.0792462214582,49.33748777555289,0,0,0,638,D_pmar=0.054_dist=500_repair_6_males=6_nmar=1,6,1
0,15,0,0,67.96529412119405,279.8827453631217,12.270224122285876,0,0,0,639,D_pmar=0.054_dist=500_repair_6_males=6_nmar=1,6,1
0,3,0,500,71.07485202867736,249.6954345043135,39.30498285925541,0,0,0,639,D_pmar=0.054_dist=500_repair_6_males=6_nmar=1,6,1
0,4,500,0,70.42136582492142,283.5746939575934,6.122607722907873,0,0,0,639,D_pmar=0.054_dist=500_repair_6_males=6_nmar=1,6,1
0,15,500,500,74.29651829744694,267.4657982546919,18.249232590710665,0,0,0,639,D_pmar=0.054_dist=500_repair_6_males=6_nmar=1,6,1
0,9,1000,0,65.91472799457647,281.77475749692996,12.404628714975308,0,0,0,639,D_pmar=0.054_dist=500_repair_6_males=6_nmar=1,6,1
0.054,8,1000,500,71.07639957458889,285.1491159833017,0,15,1.5000000000000002,2.2867093623607504,639,D_pmar=0.054_dist=500_repair_6_males=6_nmar=1,6,1
0,12,0,0,71.28632148900971,275.7527304755041,13.081769178315756,0,0,0,63,D_pmar=0.054_dist=500_repair_6_males=6_nmar=1,6,1
0.054,8,0,500,69.10088395498728,286.87779848245447,0,17,1.7000000000000004,2.4153285564835296,63,D_pmar=0.054_dist=500_repair_6_males=6_nmar=1,6,1
0,4,500,0,68.99769763039205,266.61040253426495,24.395160708182782,0,0,0,63,D_pmar=0.054_dist=500_repair_6_males=6_nmar=1,6,1
0,12,500,500,72.97542450207077,287.12962595182813,0,0,0,0,63,D_pmar=0.054_dist=500_repair_6_males=6_nmar=1,6,1
0,7,1000,0,67.26545220038051,286.7475216009409,6.043731700104995,0,0,0,63,D_pmar=0.054_dist=500_repair_6_males=6_nmar=1,6,1
0,11,1000,500,74.30834667972147,230.7619032507622,55.037726455031894,0,0,0,63,D_pmar=0.054_dist=500_repair_6_males=6_nmar=1,6,1
0,10,0,0,72.79651706569906,238.28321613163024,48.95736873036998,0,0,0,640,D_pmar=0.054_dist=500_repair_6_males=6_nmar=1,6,1
0,12,0,500,67.98410648509949,261.8185790755066,30.40674943032944,0,0,0,640,D_pmar=0.054_dist=500_repair_6_males=6_nmar=1,6,1
0,11,500,0,70.15520046731764,248.30956027373784,41.803615069913086,0,0,0,640,D_pmar=0.054_dist=500_repair_6_males=6_nmar=1,6,1
0.054,6,500,500,65.69423290104524,289.81855464342243,0,21,2.1000000000000005,2.603521665624994,640,D_pmar=0.054_dist=500_repair_6_males=6_nmar=1,6,1
0,7,1000,0,70.88294900578563,289.19404513414037,0,0,0,0,640,D_pmar=0.054_dist=500_repair_6_males=6_nmar=1,6,1
0,8,1000,500,74.5574404971313,279.3940777851664,6.0573505634670495,0,0,0,640,D_pmar=0.054_dist=500_repair_6_males=6_nmar=1,6,1
0,14,0,0,65.58823985648606,288.46285220153214,6.010011210286375,0,0,0,641,D_pmar=0.054_dist=500_repair_6_males=6_nmar=1,6,1
0,8,0,500,70.07085728886656,277.7548178631558,12.264444107332096,0,0,0,641,D_pmar=0.054_dist=500_repair_6_males=6_nmar=1,6,1
0.054,10,500,0,70.06329237565278,285.92878690438795,0,14,1.4,2.6973822207079023,641,D_pmar=0.054_dist=500_repair_6_males=6_nmar=1,6,1
0,5,500,500,71.47182834052295,255.89399304607892,32.683067066629086,0,0,0,641,D_pmar=0.054_dist=500_repair_6_males=6_nmar=1,6,1
0,4,1000,0,69.56116220578552,290.5030339219301,0,0,0,0,641,D_pmar=0.054_dist=500_repair_6_males=6_nmar=1,6,1
0,13,1000,500,69.48968922476998,260.1936759605321,30.352292086209424,0,0,0,641,D_pmar=0.054_dist=500_repair_6_males=6_nmar=1,6,1
0,12,0,0,66.78227312438256,250.74322732148767,42.580734923071624,0,0,0,642,D_pmar=0.054_dist=500_repair_6_males=6_nmar=1,6,1
0,8,0,500,72.66437854595763,281.16021756204356,6.242906954381301,0,0,0,642,D_pmar=0.054_dist=500_repair_6_males=6_nmar=1,6,1
0.054,8,500,0,71.55441554735548,284.1093495069758,0,17,1.7000000000000004,2.81281866933663,642,D_pmar=0.054_dist=500_repair_6_males=6_nmar=1,6,1
0,9,500,500,73.19255627856748,286.8200018146704,0,0,0,0,642,D_pmar=0.054_dist=500_repair_6_males=6_nmar=1,6,1
0,8,1000,0,70.59476660731865,240.25211155589471,49.15572766906904,0,0,0,642,D_pmar=0.054_dist=500_repair_6_males=6_nmar=1,6,1
0,9,1000,500,71.87499608491903,282.1641276354799,6.079491876218671,0,0,0,642,D_pmar=0.054_dist=500_repair_6_males=6_nmar=1,6,1
0,2,0,0,72.21824164996552,257.33344946616484,30.468989995132738,0,0,0,643,D_pmar=0.054_dist=500_repair_6_males=6_nmar=1,6,1
0,14,0,500,74.6031378161299,279.79966657439286,6.0343018179589185,0,0,0,643,D_pmar=0.054_dist=500_repair_6_males=6_nmar=1,6,1
0,3,500,0,70.26002997458102,253.1458468034677,36.6779709919643,0,0,0,643,D_pmar=0.054_dist=500_repair_6_males=6_nmar=1,6,1
0,11,500,500,69.63376338839521,241.72839104725367,48.7033319256065,0,0,0,643,D_pmar=0.054_dist=500_repair_6_males=6_nmar=1,6,1
0.054,17,1000,0,70.31820777594002,284.97444545524377,0,22,2.2000000000000006,2.512197035522716,643,D_pmar=0.054_dist=500_repair_6_males=6_nmar=1,6,1
0,7,1000,500,71.53276773819529,276.4101287594592,12.086583506813168,0,0,0,643,D_pmar=0.054_dist=500_repair_6_males=6_nmar=1,6,1
0.054,6,0,0,72.9895810128833,282.72146377723465,0,18,1.8000000000000005,2.569444444444448,644,D_pmar=0.054_dist=500_repair_6_males=6_nmar=1,6,1
0,9,0,500,68.08934479397048,291.99830019462235,0,0,0,0,644,D_pmar=0.054_dist=500_repair_6_males=6_nmar=1,6,1
0,14,500,0,73.02194942728934,238.1577272939456,48.85268123973222,0,0,0,644,D_pmar=0.054_dist=500_repair_6_males=6_nmar=1,6,1
0,11,500,500,72.50254125076931,238.9344641899181,48.85022257320465,0,0,0,644,D_pmar=0.054_dist=500_repair_6_males=6_nmar=1,6,1
0,9,1000,0,69.64358176496201,284.3333482516436,6.14179226284387,0,0,0,644,D_pmar=0.054_dist=500_repair_6_males=6_nmar=1,6,1
0,5,1000,500,67.48111515838391,286.5991113668469,6.0562820862020725,0,0,0,644,D_pmar=0.054_dist=500_repair_6_males=6_nmar=1,6,1
0,17,0,0,74.78607369093105,279.18568655720696,6.0472252938956,0,0,0,645,D_pmar=0.054_dist=500_repair_6_males=6_nmar=1,6,1
0,10,0,500,68.80594965117952,254.6531137873422,36.65408961840597,0,0,0,645,D_pmar=0.054_dist=500_repair_6_males=6_nmar=1,6,1
0,5,500,0,71.76794151952622,244.24298581169623,44.0075557557805,0,0,0,645,D_pmar=0.054_dist=500_repair_6_males=6_nmar=1,6,1
0.054,8,500,500,71.02407497856291,285.10366260881483,0,18,1.8000000000000005,2.251117159405546,645,D_pmar=0.054_dist=500_repair_6_males=6_nmar=1,6,1
0,7,1000,0,71.15704912026806,270.458608272426,18.39842995986224,0,0,0,645,D_pmar=0.054_dist=500_repair_6_males=6_nmar=1,6,1
0,7,1000,500,72.10098455195734,288.01598997429727,0,0,0,0,645,D_pmar=0.054_dist=500_repair_6_males=6_nmar=1,6,1
0,9,0,0,70.05682621150076,259.53950980148363,30.61461674247204,0,0,0,646,D_pmar=0.054_dist=500_repair_6_males=6_nmar=1,6,1
0,9,0,500,69.51394029575873,290.69593938415983,0,0,0,0,646,D_pmar=0.054_dist=500_repair_6_males=6_nmar=1,6,1
0,12,500,0,70.0053383854906,241.0473034747514,49.164085040743515,0,0,0,646,D_pmar=0.054_dist=500_repair_6_males=6_nmar=1,6,1
0,10,500,500,72.5244092994704,287.4888077064256,0,0,0,0,646,D_pmar=0.054_dist=500_repair_6_males=6_nmar=1,6,1
0.054,2,1000,0,69.52139948782053,286.68172458439255,0,16,1.6000000000000003,2.330831298616101,646,D_pmar=0.054_dist=500_repair_6_males=6_nmar=1,6,1
0,12,1000,500,69.61986100679606,272.21267786976733,18.200644986432938,0,0,0,646,D_pmar=0.054_dist=500_repair_6_males=6_nmar=1,6,1
0,7,0,0,71.9108396887279,251.39470910113263,36.83934066825786,0,0,0,647,D_pmar=0.054_dist=500_repair_6_males=6_nmar=1,6,1
0,10,0,500,74.73140355298713,254.93002356472152,30.37855550705225,0,0,0,647,D_pmar=0.054_dist=500_repair_6_males=6_nmar=1,6,1
0.054,8,500,0,72.48308242024258,283.24866772296724,0,18,1.8000000000000005,2.5552031553437597,647,D_pmar=0.054_dist=500_repair_6_males=6_nmar=1,6,1
0,9,500,500,71.91461529882068,288.12070510934853,0,0,0,0,647,D_pmar=0.054_dist=500_repair_6_males=6_nmar=1,6,1
0,13,1000,0,72.11070546583916,263.5534879800158,24.43268649889515,0,0,0,647,D_pmar=0.054_dist=500_repair_6_males=6_nmar=1,6,1
0,7,1000,500,70.30955539958933,271.3482054314949,18.388717174398806,0,0,0,647,D_pmar=0.054_dist=500_repair_6_males=6_nmar=1,6,1
0,9,0,0,67.31075002066208,231.68727793469895,61.15685301332753,0,0,0,648,D_pmar=0.054_dist=500_repair_6_males=6_nmar=1,6,1
0,10,0,500,71.24445671636154,288.854238335757,0,0,0,0,648,D_pmar=0.054_dist=500_repair_6_males=6_nmar=1,6,1
0,8,500,0,71.64127225041106,288.5111200786118,0,0,0,0,648,D_pmar=0.054_dist=500_repair_6_males=6_nmar=1,6,1
0,12,500,500,71.94238595967698,251.25078740386584,36.92063021176815,0,0,0,648,D_pmar=0.054_dist=500_repair_6_males=6_nmar=1,6,1
0,9,1000,0,73.03893053493033,287.12644790350316,0,0,0,0,648,D_pmar=0.054_dist=500_repair_6_males=6_nmar=1,6,1
0.054,6,1000,500,66.47890343896968,289.23023016199426,0,16,1.6000000000000003,2.738721212698281,648,D_pmar=0.054_dist=500_repair_6_males=6_nmar=1,6,1
0.054,3,0,0,75.3976548612364,280.4600031471176,0,16,1.6000000000000003,2.6770678108669856,649,D_pmar=0.054_dist=500_repair_6_males=6_nmar=1,6,1
0,12,0,500,67.71029128966187,280.16051051963984,12.170103441744724,0,0,0,649,D_pmar=0.054_dist=500_repair_6_males=6_nmar=1,6,1
0,13,500,0,70.29189246013233,247.08795654663655,42.83517661549536,0,0,0,649,D_pmar=0.054_dist=500_repair_6_males=6_nmar=1,6,1
0,8,500,500,72.43016150758913,281.5253575510371,6.147617396580516,0,0,0,649,D_pmar=0.054_dist=500_repair_6_males=6_nmar=1,6,1
0,11,1000,0,73.13631563500452,256.4159941514094,30.723226951439603,0,0,0,649,D_pmar=0.054_dist=500_repair_6_males=6_nmar=1,6,1
0,7,1000,500,74.89996178859198,279.2389830395249,6.063478771955123,0,0,0,649,D_pmar=0.054_dist=500_repair_6_males=6_nmar=1,6,1
0,7,0,0,70.82425033825531,264.41000119253977,24.768757298983896,0,0,0,64,D_pmar=0.054_dist=500_repair_6_males=6_nmar=1,6,1
0,7,0,500,70.89371204844868,246.80905909562568,42.537488440213735,0,0,0,64,D_pmar=0.054_dist=500_repair_6_males=6_nmar=1,6,1
0,10,500,0,67.05617154389503,293.03837797190363,0,0,0,0,64,D_pmar=0.054_dist=500_repair_6_males=6_nmar=1,6,1
0,11,500,500,69.83702841512809,284.23014792979444,6.052853501498723,0,0,0,64,D_pmar=0.054_dist=500_repair_6_males=6_nmar=1,6,1
0.054,6,1000,0,76.22196008078808,278.5689871354096,0,23,2.3000000000000007,3.06661473505093,64,D_pmar=0.054_dist=500_repair_6_males=6_nmar=1,6,1
0,13,1000,500,72.72641442908115,220.17695997046889,67.1696506346642,0,0,0,64,D_pmar=0.054_dist=500_repair_6_males=6_nmar=1,6,1
0.054,12,0,0,69.717915842606,287.003353999902,0,9,0.8999999999999999,2.4026022491574985,650,D_pmar=0.054_dist=500_repair_6_males=6_nmar=1,6,1
0,9,0,500,70.43506349906836,265.21072927382795,24.423735907123294,0,0,0,650,D_pmar=0.054_dist=500_repair_6_males=6_nmar=1,6,1
0,7,500,0,71.6428677987039,270.1477295692649,18.384447719744717,0,0,0,650,D_pmar=0.054_dist=500_repair_6_males=6_nmar=1,6,1
0,13,500,500,68.15744359916374,279.6000138130395,12.353256877756126,0,0,0,650,D_pmar=0.054_dist=500_repair_6_males=6_nmar=1,6,1
0,6,1000,0,70.56992483426534,289.56057524660366,0,0,0,0,650,D_pmar=0.054_dist=500_repair_6_males=6_nmar=1,6,1
0,7,1000,500,73.33429640536676,286.8452258540432,0,0,0,0,650,D_pmar=0.054_dist=500_repair_6_males=6_nmar=1,6,1
0,12,0,0,72.40808678803943,287.6434020633936,0,0,0,0,651,D_pmar=0.054_dist=500_repair_6_males=6_nmar=1,6,1
0,17,0,500,69.18018683383367,266.47961824422856,24.368849060629746,0,0,0,651,D_pmar=0.054_dist=500_repair_6_males=6_nmar=1,6,1
0,8,500,0,70.40667089704475,289.6470670406841,0,0,0,0,651,D_pmar=0.054_dist=500_repair_6_males=6_nmar=1,6,1
0.054,5,500,500,68.0628869425795,287.57625349564603,0,16,1.6000000000000003,2.7709283659498936,651,D_pmar=0.054_dist=500_repair_6_males=6_nmar=1,6,1
0,8,1000,0,71.9419145533701,258.0763518845938,30.272717907012066,0,0,0,651,D_pmar=0.054_dist=500_repair_6_males=6_nmar=1,6,1
0,4,1000,500,70.99824646957437,246.58749105966015,42.559000620231906,0,0,0,651,D_pmar=0.054_dist=500_repair_6_males=6_nmar=1,6,1
0.054,8,0,0,71.45838015621842,284.4405774175144,0,17,1.7000000000000004,2.477815522230156,652,D_pmar=0.054_dist=500_repair_6_males=6_nmar=1,6,1
0,10,0,500,71.57203140426147,288.60694488493135,0,0,0,0,652,D_pmar=0.054_dist=500_repair_6_males=6_nmar=1,6,1
0,7,500,0,68.65474539622508,242.22319345917623,49.27407754716962,0,0,0,652,D_pmar=0.054_dist=500_repair_6_males=6_nmar=1,6,1
0,10,500,500,73.01859201277317,274.8960771072397,12.255580759474732,0,0,0,652,D_pmar=0.054_dist=500_repair_6_males=6_nmar=1,6,1
0,9,1000,0,71.71625623328984,276.390555959839,12.131335120394873,0,0,0,652,D_pmar=0.054_dist=500_repair_6_males=6_nmar=1,6,1
0,10,1000,500,72.61954929869903,256.6518891203803,30.818891626387703,0,0,0,652,D_pmar=0.054_dist=500_repair_6_males=6_nmar=1,6,1
0,7,0,0,70.3005643557691,269.637706234781,20.173918839458647,0,0,0,653,D_pmar=0.054_dist=500_repair_6_males=6_nmar=1,6,1
0,10,0,500,67.66317588147864,274.01220343493605,18.395636005938304,0,0,0,653,D_pmar=0.054_dist=500_repair_6_males=6_nmar=1,6,1
0,16,500,0,72.01465120767845,257.6697067859664,30.482892425557733,0,0,0,653,D_pmar=0.054_dist=500_repair_6_males=6_nmar=1,6,1
0.054,14,500,500,69.83450498231532,286.39181182562993,0,17,1.7000000000000004,2.175925925925927,653,D_pmar=0.054_dist=500_repair_6_males=6_nmar=1,6,1
0,4,1000,0,68.08770233799895,291.91613095748824,0,0,0,0,653,D_pmar=0.054_dist=500_repair_6_males=6_nmar=1,6,1
0,3,1000,500,72.25189941688136,257.1823604841281,30.565815400014625,0,0,0,653,D_pmar=0.054_dist=500_repair_6_males=6_nmar=1,6,1
0,5,0,0,73.50824522444647,286.67210329222297,0,0,0,0,654,D_pmar=0.054_dist=500_repair_6_males=6_nmar=1,6,1
0.054,7,0,500,69.12418801936658,286.7229354928728,0,20,2.0000000000000004,2.296601931379548,654,D_pmar=0.054_dist=500_repair_6_males=6_nmar=1,6,1
0,16,500,0,72.51648278465866,250.82292051118503,36.72005537534552,0,0,0,654,D_pmar=0.054_dist=500_repair_6_males=6_nmar=1,6,1
0,13,500,500,72.69906725886501,233.50945709871377,53.95526233105171,0,0,0,654,D_pmar=0.054_dist=500_repair_6_males=6_nmar=1,6,1
0,3,1000,0,69.13292615144162,284.90837556615116,6.050768122451031,0,0,0,654,D_pmar=0.054_dist=500_repair_6_males=6_nmar=1,6,1
0,10,1000,500,70.4665471903218,265.15027056776086,24.477369652162036,0,0,0,654,D_pmar=0.054_dist=500_repair_6_males=6_nmar=1,6,1
0,10,0,0,67.11320967974109,262.6567348378121,30.275389452580676,0,0,0,655,D_pmar=0.054_dist=500_repair_6_males=6_nmar=1,6,1
0,7,0,500,69.00944075497667,284.9458628210949,6.111217997185971,0,0,0,655,D_pmar=0.054_dist=500_repair_6_males=6_nmar=1,6,1
0,12,500,0,71.21521720460447,288.86643420716206,0,0,0,0,655,D_pmar=0.054_dist=500_repair_6_males=6_nmar=1,6,1
0.054,7,500,500,69.89373165338276,286.17749520473177,0,11,1.1,2.845025822588244,655,D_pmar=0.054_dist=500_repair_6_males=6_nmar=1,6,1
0,7,1000,0,69.2023395004004,260.6283400030981,30.307552968481986,0,0,0,655,D_pmar=0.054_dist=500_repair_6_males=6_nmar=1,6,1
0,11,1000,500,72.75191740956437,287.319074428752,0,0,0,0,655,D_pmar=0.054_dist=500_repair_6_males=6_nmar=1,6,1
0,13,0,0,75.51768384664378,266.61028393213104,18.049189919310972,0,0,0,656,D_pmar=0.054_dist=500_repair_6_males=6_nmar=1,6,1
0,12,0,500,68.75623810847094,278.8752897216983,12.406577082027942,0,0,0,656,D_pmar=0.054_dist=500_repair_6_males=6_nmar=1,6,1
0,12,500,0,75.39638279446021,260.3986009107687,24.491543960960637,0,0,0,656,D_pmar=0.054_dist=500_repair_6_males=6_nmar=1,6,1
0.054,10,500,500,69.98278330365113,285.88608849987696,0,18,1.8000000000000005,2.4234238912086945,656,D_pmar=0.054_dist=500_repair_6_males=6_nmar=1,6,1
0,2,1000,0,70.03450893813637,290.0050086529863,0,0,0,0,656,D_pmar=0.054_dist=500_repair_6_males=6_nmar=1,6,1
0,5,1000,500,74.00188225311378,231.3567740070622,54.8163827723537,0,0,0,656,D_pmar=0.054_dist=500_repair_6_males=6_nmar=1,6,1
0,10,0,0,68.30833947033439,267.6450716397947,24.29417549251392,0,0,0,657,D_pmar=0.054_dist=500_repair_6_males=6_nmar=1,6,1
0,10,0,500,71.00606088932257,288.3049102573908,0.8089524272303672,0,0,0,657,D_pmar=0.054_dist=500_repair_6_males=6_nmar=1,6,1
0,8,500,0,70.82507120150781,289.29463425433426,0,0,0,0,657,D_pmar=0.054_dist=500_repair_6_males=6_nmar=1,6,1
0,6,500,500,70.37827129418332,271.2645696904464,18.428620655392656,0,0,0,657,D_pmar=0.054_dist=500_repair_6_males=6_nmar=1,6,1
0.054,12,1000,0,72.14511226994755,284.25878256640345,0,15,1.5000000000000002,2.273301637175393,657,D_pmar=0.054_dist=500_repair_6_males=6_nmar=1,6,1
0,8,1000,500,69.11943963920713,248.46539723478685,42.45670546141954,0,0,0,657,D_pmar=0.054_dist=500_repair_6_males=6_nmar=1,6,1
0,14,0,0,72.98320156125679,280.9575515681449,6.218893840175523,0,0,0,658,D_pmar=0.054_dist=500_repair_6_males=6_nmar=1,6,1
0,9,0,500,73.015296662975,238.0713069771071,48.95691962639224,0,0,0,658,D_pmar=0.054_dist=500_repair_6_males=6_nmar=1,6,1
0,5,500,0,73.95951387195778,224.91560396497005,61.24119280423156,0,0,0,658,D_pmar=0.054_dist=500_repair_6_males=6_nmar=1,6,1
0.054,8,500,500,71.24886245571923,283.9832510498085,0,23,2.3000000000000007,2.590091900846599,658,D_pmar=0.054_dist=500_repair_6_males=6_nmar=1,6,1
0,3,1000,0,68.17927805350656,291.8756912040886,0,0,0,0,658,D_pmar=0.054_dist=500_repair_6_males=6_nmar=1,6,1
0,15,1000,500,72.15758822600398,263.65947349993235,24.41990614003385,0,0,0,658,D_pmar=0.054_dist=500_repair_6_males=6_nmar=1,6,1
0.054,8,0,0,69.05111912622772,285.89916978473553,0,24,2.400000000000001,2.811760125729992,659,D_pmar=0.054_dist=500_repair_6_males=6_nmar=1,6,1
0,12,0,500,69.86316988996101,229.24039768524085,60.91342569029779,0,0,0,659,D_pmar=0.054_dist=500_repair_6_males=6_nmar=1,6,1
0,11,500,0,74.08039782246009,286.0883573703992,0,0,0,0,659,D_pmar=0.054_dist=500_repair_6_males=6_nmar=1,6,1
0,5,500,500,70.43420687847961,271.27338305032356,18.344433347520244,0,0,0,659,D_pmar=0.054_dist=500_repair_6_males=6_nmar=1,6,1
0,10,1000,0,71.12503310157443,252.5867748852195,36.39677731512741,0,0,0,659,D_pmar=0.054_dist=500_repair_6_males=6_nmar=1,6,1
0,8,1000,500,68.07192854083398,264.9510042018701,26.99396008898194,0,0,0,659,D_pmar=0.054_dist=500_repair_6_males=6_nmar=1,6,1
0,8,0,0,70.45835769583758,283.6638666189839,6.064377946739418,0,0,0,65,D_pmar=0.054_dist=500_repair_6_males=6_nmar=1,6,1
0,5,0,500,69.4421818397947,254.1477643258351,36.51476712822496,0,0,0,65,D_pmar=0.054_dist=500_repair_6_males=6_nmar=1,6,1
0,17,500,0,72.01630970344378,251.67019655367892,36.42529237832742,0,0,0,65,D_pmar=0.054_dist=500_repair_6_males=6_nmar=1,6,1
0,13,500,500,73.36104130078144,286.75798939020774,0,0,0,0,65,D_pmar=0.054_dist=500_repair_6_males=6_nmar=1,6,1
0.054,7,1000,0,75.24335874723707,281.41908770972464,0,14,1.4,1.9894507386573876,65,D_pmar=0.054_dist=500_repair_6_males=6_nmar=1,6,1
0,4,1000,500,72.10173287270669,281.9864523388716,6.008091421320536,0,0,0,65,D_pmar=0.054_dist=500_repair_6_males=6_nmar=1,6,1
0,7,0,0,69.47405045296301,284.45981918181855,6.115667148398227,0,0,0,660,D_pmar=0.054_dist=500_repair_6_males=6_nmar=1,6,1
0,9,0,500,68.5039649672354,285.8020743178604,6.053299676061217,0,0,0,660,D_pmar=0.054_dist=500_repair_6_males=6_nmar=1,6,1
0,10,500,0,68.39047856996083,273.4593552045584,18.29783671655336,0,0,0,660,D_pmar=0.054_dist=500_repair_6_males=6_nmar=1,6,1
0,15,500,500,70.33860688281887,265.38764136042994,24.276540240514212,0,0,0,660,D_pmar=0.054_dist=500_repair_6_males=6_nmar=1,6,1
0.054,8,1000,0,72.79985757840505,283.43392591593346,0,14,1.4,2.522466730288826,660,D_pmar=0.054_dist=500_repair_6_males=6_nmar=1,6,1
0,5,1000,500,71.17558471210842,258.44046976637634,30.51718143461295,0,0,0,660,D_pmar=0.054_dist=500_repair_6_males=6_nmar=1,6,1
0,2,0,0,71.69721010494523,270.06462552607087,18.478511387482182,0,0,0,661,D_pmar=0.054_dist=500_repair_6_males=6_nmar=1,6,1
0,9,0,500,68.69186032335455,278.93352376992925,12.411063147031047,0,0,0,661,D_pmar=0.054_dist=500_repair_6_males=6_nmar=1,6,1
0,10,500,0,73.22350171815137,256.7736692102898,30.335846999083724,0,0,0,661,D_pmar=0.054_dist=500_repair_6_males=6_nmar=1,6,1
0,15,500,500,67.36298137466014,249.4463617120353,43.35004127957896,0,0,0,661,D_pmar=0.054_dist=500_repair_6_males=6_nmar=1,6,1
0,4,1000,0,74.63927729638762,242.6217460155392,42.742088641042095,0,0,0,661,D_pmar=0.054_dist=500_repair_6_males=6_nmar=1,6,1
0.054,14,1000,500,72.11217652462528,283.05092601205445,0,24,2.400000000000001,2.4500143618881025,661,D_pmar=0.054_dist=500_repair_6_males=6_nmar=1,6,1
0,17,0,0,68.99382429750422,235.9202768312523,55.12741748097685,0,0,0,662,D_pmar=0.054_dist=500_repair_6_males=6_nmar=1,6,1
0,6,0,500,69.2229033486245,290.8519457959034,0,0,0,0,662,D_pmar=0.054_dist=500_repair_6_males=6_nmar=1,6,1
0,9,500,0,67.90014130817747,255.3505106615069,36.76197268363233,0,0,0,662,D_pmar=0.054_dist=500_repair_6_males=6_nmar=1,6,1
0,11,500,500,71.11365767183085,270.51646467096305,18.540975561257905,0,0,0,662,D_pmar=0.054_dist=500_repair_6_males=6_nmar=1,6,1
0.054,7,1000,0,72.27987935864286,283.50943606990705,0,18,1.8000000000000005,2.4821422027190083,662,D_pmar=0.054_dist=500_repair_6_males=6_nmar=1,6,1
0,4,1000,500,68.19987669904091,291.90359037238903,0,0,0,0,662,D_pmar=0.054_dist=500_repair_6_males=6_nmar=1,6,1
0,10,0,0,72.3924383539836,269.3432202854044,18.348721845750383,0,0,0,663,D_pmar=0.054_dist=500_repair_6_males=6_nmar=1,6,1
0,6,0,500,70.90310077369435,252.5706588950899,36.655362199568366,0,0,0,663,D_pmar=0.054_dist=500_repair_6_males=6_nmar=1,6,1
0,9,500,0,69.0465069063726,241.82357145712487,49.180333860219314,0,0,0,663,D_pmar=0.054_dist=500_repair_6_males=6_nmar=1,6,1
0,7,500,500,74.35347895945056,279.52497285754436,6.157360146584706,0,0,0,663,D_pmar=0.054_dist=500_repair_6_males=6_nmar=1,6,1
0.054,9,1000,0,70.11658720875886,285.42979186501185,0,18,1.8000000000000005,2.724197671078616,663,D_pmar=0.054_dist=500_repair_6_males=6_nmar=1,6,1
0,13,1000,500,70.64990049713235,289.5087064172509,0,0,0,0,663,D_pmar=0.054_dist=500_repair_6_males=6_nmar=1,6,1
0,5,0,0,73.07475551244652,287.1395797803343,0,0,0,0,664,D_pmar=0.054_dist=500_repair_6_males=6_nmar=1,6,1
0,11,0,500,72.44567943262268,281.67149356312837,6.034998013390874,0,0,0,664,D_pmar=0.054_dist=500_repair_6_males=6_nmar=1,6,1
0,11,500,0,67.40090656834225,243.6886179075319,49.114907820619216,0,0,0,664,D_pmar=0.054_dist=500_repair_6_males=6_nmar=1,6,1
0.054,9,500,500,71.25717110839037,284.77317914891734,0,12,1.2,2.8404676836226765,664,D_pmar=0.054_dist=500_repair_6_males=6_nmar=1,6,1
0,9,1000,0,71.15138902038427,288.8848205027961,0,0,0,0,664,D_pmar=0.054_dist=500_repair_6_males=6_nmar=1,6,1
0,9,1000,500,72.27227604586403,269.4983127689586,18.323219165900458,0,0,0,664,D_pmar=0.054_dist=500_repair_6_males=6_nmar=1,6,1
0,9,0,0,69.37808215421147,284.64762025671655,6.041800839125685,0,0,0,665,D_pmar=0.054_dist=500_repair_6_males=6_nmar=1,6,1
0.054,7,0,500,71.3088508420884,284.8303177036197,0,14,1.4,2.5674001908664703,665,D_pmar=0.054_dist=500_repair_6_males=6_nmar=1,6,1
0,12,500,0,73.01650922488818,274.45469930556436,12.559707724706826,0,0,0,665,D_pmar=0.054_dist=500_repair_6_males=6_nmar=1,6,1
0,4,500,500,73.58715649169677,274.4154994459491,12.149317448241524,0,0,0,665,D_pmar=0.054_dist=500_repair_6_males=6_nmar=1,6,1
0,15,1000,0,70.36080608316738,289.66310240392073,0,0,0,0,665,D_pmar=0.054_dist=500_repair_6_males=6_nmar=1,6,1
0,7,1000,500,70.74948576999317,234.2497611812603,55.02817108351943,0,0,0,665,D_pmar=0.054_dist=500_repair_6_males=6_nmar=1,6,1
0,6,0,0,71.21110760316822,240.0845955156362,48.99972009329398,0,0,0,666,D_pmar=0.054_dist=500_repair_6_males=6_nmar=1,6,1
0.054,11,0,500,70.21973315148604,285.53825465540507,0,20,2.0000000000000004,2.322735963890937,666,D_pmar=0.054_dist=500_repair_6_males=6_nmar=1,6,1
0,8,500,0,66.05672149372246,269.37194160145,24.575629356093867,0,0,0,666,D_pmar=0.054_dist=500_repair_6_males=6_nmar=1,6,1
0,6,500,500,70.48378325948794,289.5536582819069,0,0,0,0,666,D_pmar=0.054_dist=500_repair_6_males=6_nmar=1,6,1
0,13,1000,0,70.65976639641107,283.1636586702636,6.255927382844315,0,0,0,666,D_pmar=0.054_dist=500_repair_6_males=6_nmar=1,6,1
0,10,1000,500,72.50294008317141,244.98401481489668,42.52758471383937,0,0,0,666,D_pmar=0.054_dist=500_repair_6_males=6_nmar=1,6,1
0,10,0,0,70.64186164717708,283.3210176106951,6.214542783222606,0,0,0,667,D_pmar=0.054_dist=500_repair_6_males=6_nmar=1,6,1
0,8,0,500,72.19081264304657,287.9989342404138,0,0,0,0,667,D_pmar=0.054_dist=500_repair_6_males=6_nmar=1,6,1
0,8,500,0,71.2539476428238,264.7055842920245,24.178859193020926,0,0,0,667,D_pmar=0.054_dist=500_repair_6_males=6_nmar=1,6,1
0.054,7,500,500,71.36386239331651,285.0423320385286,0,15,1.5000000000000002,2.3488920359953633,667,D_pmar=0.054_dist=500_repair_6_males=6_nmar=1,6,1
0,15,1000,0,68.90443815733069,273.03573996625227,18.124360224734016,0,0,0,667,D_pmar=0.054_dist=500_repair_6_males=6_nmar=1,6,1
0,6,1000,500,67.14133735833961,250.2127954056312,42.65264724010045,0,0,0,667,D_pmar=0.054_dist=500_repair_6_males=6_nmar=1,6,1
0,8,0,0,69.7015118431481,278.16470063559103,12.230975152068034,0,0,0,668,D_pmar=0.054_dist=500_repair_6_males=6_nmar=1,6,1
0,5,0,500,74.3346581923886,267.22385452608876,18.47728068014663,0,0,0,668,D_pmar=0.054_dist=500_repair_6_males=6_nmar=1,6,1
0,7,500,0,71.90485326539752,226.80438486917365,61.33352874399877,0,0,0,668,D_pmar=0.054_dist=500_repair_6_males=6_nmar=1,6,1
0.054,11,500,500,68.59492107638069,286.57836273965876,0,20,2.0000000000000004,3.1811668257220633,668,D_pmar=0.054_dist=500_repair_6_males=6_nmar=1,6,1
0,15,1000,0,72.32734210854908,263.60716027364487,24.245178192787503,0,0,0,668,D_pmar=0.054_dist=500_repair_6_males=6_nmar=1,6,1
0,8,1000,500,74.05188414151931,279.9811936423997,6.084290531399687,0,0,0,668,D_pmar=0.054_dist=500_repair_6_males=6_nmar=1,6,1
0,11,0,0,76.44550303721057,283.56839348462955,0,0,0,0,669,D_pmar=0.054_dist=500_repair_6_males=6_nmar=1,6,1
0,9,0,500,73.80769646945765,267.78234560557524,18.42228264317358,0,0,0,669,D_pmar=0.054_dist=500_repair_6_males=6_nmar=1,6,1
0,7,500,0,72.12309215522028,281.8843744380848,6.048735467953069,0,0,0,669,D_pmar=0.054_dist=500_repair_6_males=6_nmar=1,6,1
0.054,7,500,500,69.11187183943147,287.3491605969126,0,9,0.8999999999999999,2.7006723971831548,669,D_pmar=0.054_dist=500_repair_6_males=6_nmar=1,6,1
0,11,1000,0,71.70322947598115,276.35237793636594,12.148556805087964,0,0,0,669,D_pmar=0.054_dist=500_repair_6_males=6_nmar=1,6,1
0,9,1000,500,69.40073504284024,272.32616197370993,18.313507905586395,0,0,0,669,D_pmar=0.054_dist=500_repair_6_males=6_nmar=1,6,1
0,10,0,0,73.30185158433135,262.10118644799735,24.685565516413376,0,0,0,66,D_pmar=0.054_dist=500_repair_6_males=6_nmar=1,6,1
0,9,0,500,73.53697434748545,261.6972574847374,24.88490720108963,0,0,0,66,D_pmar=0.054_dist=500_repair_6_males=6_nmar=1,6,1
0,4,500,0,69.8658612366502,290.16791567317966,0,0,0,0,66,D_pmar=0.054_dist=500_repair_6_males=6_nmar=1,6,1
0,12,500,500,71.58941118255511,258.5660608620719,29.86445821887973,0,0,0,66,D_pmar=0.054_dist=500_repair_6_males=6_nmar=1,6,1
0,4,1000,0,73.54940796058729,255.91015895252443,30.7454018024928,0,0,0,66,D_pmar=0.054_dist=500_repair_6_males=6_nmar=1,6,1
0.054,15,1000,500,72.22031178146526,283.72504121027566,0,18,1.8000000000000005,2.4469491651041557,66,D_pmar=0.054_dist=500_repair_6_males=6_nmar=1,6,1
0,11,0,0,68.87268034814245,265.160373457659,26.15342216742357,0,0,0,670,D_pmar=0.054_dist=500_repair_6_males=6_nmar=1,6,1
0,10,0,500,68.14059648751159,261.33050848468315,30.62929033762425,0,0,0,670,D_pmar=0.054_dist=500_repair_6_males=6_nmar=1,6,1
0,2,500,0,69.22289328976576,284.566318053513,6.340669555872451,0,0,0,670,D_pmar=0.054_dist=500_repair_6_males=6_nmar=1,6,1
0,8,500,500,70.9855882829612,270.71865927643165,18.355176879226207,0,0,0,670,D_pmar=0.054_dist=500_repair_6_males=6_nmar=1,6,1
0,8,1000,0,71.63994430537724,276.1829440107881,12.20705699908148,0,0,0,670,D_pmar=0.054_dist=500_repair_6_males=6_nmar=1,6,1
0.054,15,1000,500,70.89251575729327,284.9889542036261,0,16,1.6000000000000003,2.533700095433238,670,D_pmar=0.054_dist=500_repair_6_males=6_nmar=1,6,1
0,4,0,0,70.49535667671799,283.50902112890867,6.000143347892839,0,0,0,671,D_pmar=0.054_dist=500_repair_6_males=6_nmar=1,6,1
0,2,0,500,70.99028458552547,227.95496330185537,61.14059857929376,0,0,0,671,D_pmar=0.054_dist=500_repair_6_males=6_nmar=1,6,1
0.054,18,500,0,68.4694021296545,287.7202669528284,0,18,1.8000000000000005,2.336600127244314,671,D_pmar=0.054_dist=500_repair_6_males=6_nmar=1,6,1
0,15,500,500,73.00941500868053,262.8627935937499,24.231056109510416,0,0,0,671,D_pmar=0.054_dist=500_repair_6_males=6_nmar=1,6,1
0,11,1000,0,62.91216013512803,291.1642020749204,6.0366136300581825,0,0,0,671,D_pmar=0.054_dist=500_repair_6_males=6_nmar=1,6,1
0,4,1000,500,72.0209368114191,276.1616033357301,11.866576670591929,0,0,0,671,D_pmar=0.054_dist=500_repair_6_males=6_nmar=1,6,1
0,13,0,0,71.07956575574245,282.8747697717029,6.126912465020994,0,0,0,672,D_pmar=0.054_dist=500_repair_6_males=6_nmar=1,6,1
0,7,0,500,70.11172769467143,253.55803451700257,36.415989118881136,0,0,0,672,D_pmar=0.054_dist=500_repair_6_males=6_nmar=1,6,1
0,8,500,0,71.31240182957254,258.1312536244637,30.572169689388893,0,0,0,672,D_pmar=0.054_dist=500_repair_6_males=6_nmar=1,6,1
0,8,500,500,68.57531034969931,291.5485195437086,0,0,0,0,672,D_pmar=0.054_dist=500_repair_6_males=6_nmar=1,6,1
0,9,1000,0,70.92671621679938,252.81262338959044,36.51706061873337,0,0,0,672,D_pmar=0.054_dist=500_repair_6_males=6_nmar=1,6,1
0.054,9,1000,500,70.61995820851415,285.41191009867123,0,18,1.8000000000000005,2.215467683622672,672,D_pmar=0.054_dist=500_repair_6_males=6_nmar=1,6,1
0.054,3,0,0,70.9837661500035,285.4793343805474,0,15,1.5000000000000002,2.1590538386162716,673,D_pmar=0.054_dist=500_repair_6_males=6_nmar=1,6,1
0,16,0,500,71.0947886862357,282.8655416709591,6.114245258623473,0,0,0,673,D_pmar=0.054_dist=500_repair_6_males=6_nmar=1,6,1
0,8,500,0,69.42255186152745,290.7160777998186,0,0,0,0,673,D_pmar=0.054_dist=500_repair_6_males=6_nmar=1,6,1
0,7,500,500,71.80908399379419,276.03339102698925,12.215812496119804,0,0,0,673,D_pmar=0.054_dist=500_repair_6_males=6_nmar=1,6,1
0,9,1000,0,72.63347687512619,269.27696938278865,18.208129668251768,0,0,0,673,D_pmar=0.054_dist=500_repair_6_males=6_nmar=1,6,1
0,11,1000,500,71.58221694726967,233.7565190021566,54.881832260937976,0,0,0,673,D_pmar=0.054_dist=500_repair_6_males=6_nmar=1,6,1
0,14,0,0,71.03933629165343,258.8057621326733,30.25671331364084,0,0,0,674,D_pmar=0.054_dist=500_repair_6_males=6_nmar=1,6,1
0,7,0,500,66.2219394502453,262.98698508091593,30.839434291488253,0,0,0,674,D_pmar=0.054_dist=500_repair_6_males=6_nmar=1,6,1
0,9,500,0,70.05448219684332,290.06276463116404,0,0,0,0,674,D_pmar=0.054_dist=500_repair_6_males=6_nmar=1,6,1
0,7,500,500,69.64084115367405,290.43420444774534,0,0,0,0,674,D_pmar=0.054_dist=500_repair_6_males=6_nmar=1,6,1
0,7,1000,0,69.09066498050895,272.7478595399537,18.2240177606211,0,0,0,674,D_pmar=0.054_dist=500_repair_6_males=6_nmar=1,6,1
0.054,10,1000,500,71.35746037975049,284.9917368168438,0,13,1.3,2.4235760372647013,674,D_pmar=0.054_dist=500_repair_6_males=6_nmar=1,6,1
0,10,0,0,72.33615970991083,251.14558719448067,36.63250186425439,0,0,0,675,D_pmar=0.054_dist=500_repair_6_males=6_nmar=1,6,1
0,5,0,500,74.30236968945033,273.59963240760953,12.124851564668022,0,0,0,675,D_pmar=0.054_dist=500_repair_6_males=6_nmar=1,6,1
0,13,500,0,70.0450307553637,263.12135874553957,26.853608507348795,0,0,0,675,D_pmar=0.054_dist=500_repair_6_males=6_nmar=1,6,1
0,9,500,500,67.09089699756777,292.9837634397267,0,0,0,0,675,D_pmar=0.054_dist=500_repair_6_males=6_nmar=1,6,1
0,3,1000,0,71.21405409488078,246.03058822912132,42.76905328566515,0,0,0,675,D_pmar=0.054_dist=500_repair_6_males=6_nmar=1,6,1
0.054,14,1000,500,74.54230125208122,281.67355259397044,0,20,2.0000000000000004,2.018672007545762,675,D_pmar=0.054_dist=500_repair_6_males=6_nmar=1,6,1
0,8,0,0,70.39328689200279,277.19763575122687,12.463525133865986,0,0,0,676,D_pmar=0.054_dist=500_repair_6_males=6_nmar=1,6,1
0,6,0,500,73.20872731316493,280.7514133195241,6.161532766530733,0,0,0,676,D_pmar=0.054_dist=500_repair_6_males=6_nmar=1,6,1
0,17,500,0,69.82661045398851,241.57484659172772,48.70261964494662,0,0,0,676,D_pmar=0.054_dist=500_repair_6_males=6_nmar=1,6,1
0,6,500,500,70.1417742328708,290.00292747463305,0,0,0,0,676,D_pmar=0.054_dist=500_repair_6_males=6_nmar=1,6,1
0.054,9,1000,0,73.15215909868036,282.50322422574834,0,20,2.0000000000000004,2.622016801579237,676,D_pmar=0.054_dist=500_repair_6_males=6_nmar=1,6,1
0,8,1000,500,71.32227625652007,234.0579519625639,54.73859767013358,0,0,0,676,D_pmar=0.054_dist=500_repair_6_males=6_nmar=1,6,1
0.054,7,0,0,73.63438398271518,282.1812110884888,0,19,1.9000000000000008,2.5442520427183224,677,D_pmar=0.054_dist=500_repair_6_males=6_nmar=1,6,1
0,9,0,500,71.24778932311189,223.57811254028852,65.2226228173897,0,0,0,677,D_pmar=0.054_dist=500_repair_6_males=6_nmar=1,6,1
0,6,500,0,70.50135338261526,289.54695435652036,0,0,0,0,677,D_pmar=0.054_dist=500_repair_6_males=6_nmar=1,6,1
0,6,500,500,70.9068469619796,276.94667007138423,12.276664427331154,0,0,0,677,D_pmar=0.054_dist=500_repair_6_males=6_nmar=1,6,1
0,12,1000,0,73.78008080808458,256.0870066378545,30.212151342017748,0,0,0,677,D_pmar=0.054_dist=500_repair_6_males=6_nmar=1,6,1
0,14,1000,500,67.68226796329688,286.2652233484273,6.132986496967814,0,0,0,677,D_pmar=0.054_dist=500_repair_6_males=6_nmar=1,6,1
0,7,0,0,71.28613198593732,270.5014882268622,18.393907819375748,0,0,0,678,D_pmar=0.054_dist=500_repair_6_males=6_nmar=1,6,1
0,9,0,500,71.15770734216869,264.2221779049558,24.690538339411695,0,0,0,678,D_pmar=0.054_dist=500_repair_6_males=6_nmar=1,6,1
0,9,500,0,70.14770931552714,277.7616366149408,12.160928948045983,0,0,0,678,D_pmar=0.054_dist=500_repair_6_males=6_nmar=1,6,1
0,7,500,500,68.17002158392722,292.017731794764,0,0,0,0,678,D_pmar=0.054_dist=500_repair_6_males=6_nmar=1,6,1
0,13,1000,0,70.21868637490998,259.29659730353563,30.527343667130427,0,0,0,678,D_pmar=0.054_dist=500_repair_6_males=6_nmar=1,6,1
0.054,9,1000,500,69.94556597257927,286.7611701657462,0,14,1.4,1.9837612224498835,678,D_pmar=0.054_dist=500_repair_6_males=6_nmar=1,6,1
0,6,0,0,71.58449006648307,282.33733882462127,6.18740437481155,0,0,0,679,D_pmar=0.054_dist=500_repair_6_males=6_nmar=1,6,1
0,20,0,500,73.97646261837416,286.0424738992946,0,0,0,0,679,D_pmar=0.054_dist=500_repair_6_males=6_nmar=1,6,1
0,6,500,0,72.59317323215721,250.44636754788968,37.03864337176897,0,0,0,679,D_pmar=0.054_dist=500_repair_6_males=6_nmar=1,6,1
0.054,4,500,500,71.90371570159483,283.8937519643325,0,15,1.5000000000000002,2.7848212837524926,679,D_pmar=0.054_dist=500_repair_6_males=6_nmar=1,6,1
0,7,1000,0,70.8010080618147,240.6319710114389,48.89190521519755,0,0,0,679,D_pmar=0.054_dist=500_repair_6_males=6_nmar=1,6,1
0,11,1000,500,70.64910971605298,289.47383320548585,0,0,0,0,679,D_pmar=0.054_dist=500_repair_6_males=6_nmar=1,6,1
0,4,0,0,69.84209255828388,271.9704608968007,18.215958676988592,0,0,0,67,D_pmar=0.054_dist=500_repair_6_males=6_nmar=1,6,1
0,4,0,500,67.22051568856834,268.743230765284,24.23012146369013,0,0,0,67,D_pmar=0.054_dist=500_repair_6_males=6_nmar=1,6,1
0,5,500,0,70.01845986229257,283.7495738039876,6.322225765421725,0,0,0,67,D_pmar=0.054_dist=500_repair_6_males=6_nmar=1,6,1
0.054,20,500,500,70.16249531318331,285.56245046094597,0,19,1.9000000000000008,2.4817871165647354,67,D_pmar=0.054_dist=500_repair_6_males=6_nmar=1,6,1
0,12,1000,0,68.55722222548833,254.78253495057157,36.82705613810404,0,0,0,67,D_pmar=0.054_dist=500_repair_6_males=6_nmar=1,6,1
0,9,1000,500,71.17848275350967,258.41426187906336,30.486538286388253,0,0,0,67,D_pmar=0.054_dist=500_repair_6_males=6_nmar=1,6,1
0,9,0,0,68.05661254047746,243.35274764127485,48.68110955928055,0,0,0,680,D_pmar=0.054_dist=500_repair_6_males=6_nmar=1,6,1
0,15,0,500,70.28422753938257,271.46222356383186,18.437352611410297,0,0,0,680,D_pmar=0.054_dist=500_repair_6_males=6_nmar=1,6,1
0,6,500,0,70.2281935837155,289.81150320704415,0,0,0,0,680,D_pmar=0.054_dist=500_repair_6_males=6_nmar=1,6,1
0,11,500,500,71.0227140826151,264.6521060027451,24.489792710101177,0,0,0,680,D_pmar=0.054_dist=500_repair_6_males=6_nmar=1,6,1
0,3,1000,0,71.76329770585652,288.3113913278802,0,0,0,0,680,D_pmar=0.054_dist=500_repair_6_males=6_nmar=1,6,1
0.054,10,1000,500,73.5992030754892,282.52200323769284,0,15,1.5000000000000002,2.4659007392264187,680,D_pmar=0.054_dist=500_repair_6_males=6_nmar=1,6,1
0,4,0,0,70.13887270742873,290.0071510555396,0,0,0,0,681,D_pmar=0.054_dist=500_repair_6_males=6_nmar=1,6,1
0,9,0,500,71.66566603392523,288.3665485582246,0,0,0,0,681,D_pmar=0.054_dist=500_repair_6_males=6_nmar=1,6,1
0,12,500,0,70.6731233600821,282.23571937373987,7.233059653025396,0,0,0,681,D_pmar=0.054_dist=500_repair_6_males=6_nmar=1,6,1
0,13,500,500,70.20172722440562,253.4016648195177,36.54697476351233,0,0,0,681,D_pmar=0.054_dist=500_repair_6_males=6_nmar=1,6,1
0,4,1000,0,71.5736117289366,215.1023929054319,73.43357843695911,0,0,0,681,D_pmar=0.054_dist=500_repair_6_males=6_nmar=1,6,1
0.054,12,1000,500,69.70183465524212,285.3674394693831,0,20,2.0000000000000004,2.9421192813187353,681,D_pmar=0.054_dist=500_repair_6_males=6_nmar=1,6,1
0.054,6,0,0,70.10659631045579,285.28511371139507,0,18,1.8000000000000005,2.879936607684122,682,D_pmar=0.054_dist=500_repair_6_males=6_nmar=1,6,1
0,11,0,500,72.05402103569148,288.0161284753512,0,0,0,0,682,D_pmar=0.054_dist=500_repair_6_males=6_nmar=1,6,1
0,12,500,0,73.1666101148158,232.17791416046424,54.755622625012265,0,0,0,682,D_pmar=0.054_dist=500_repair_6_males=6_nmar=1,6,1
0,4,500,500,70.21952064646148,253.2019017150828,36.596998681564855,0,0,0,682,D_pmar=0.054_dist=500_repair_6_males=6_nmar=1,6,1
0,10,1000,0,71.11850286021013,282.8613210371344,6.219539329637001,0,0,0,682,D_pmar=0.054_dist=500_repair_6_males=6_nmar=1,6,1
0,11,1000,500,73.34965050539824,278.52624255737646,8.709222612316472,0,0,0,682,D_pmar=0.054_dist=500_repair_6_males=6_nmar=1,6,1
0,4,0,0,69.6579477469274,290.428133104366,0,0,0,0,683,D_pmar=0.054_dist=500_repair_6_males=6_nmar=1,6,1
0.054,8,0,500,68.91188384602215,286.95519212211286,0,19,1.9000000000000008,2.2827377680261716,683,D_pmar=0.054_dist=500_repair_6_males=6_nmar=1,6,1
0,9,500,0,69.65781502081597,278.1732336398897,12.180080245767302,0,0,0,683,D_pmar=0.054_dist=500_repair_6_males=6_nmar=1,6,1
0,10,500,500,74.26642217147787,285.7737815371633,0,0,0,0,683,D_pmar=0.054_dist=500_repair_6_males=6_nmar=1,6,1
0,12,1000,0,72.54522885411428,244.9689884482625,42.698776116207235,0,0,0,683,D_pmar=0.054_dist=500_repair_6_males=6_nmar=1,6,1
0,11,1000,500,70.45884342725235,228.51042861641616,61.07331986522105,0,0,0,683,D_pmar=0.054_dist=500_repair_6_males=6_nmar=1,6,1
0.054,12,0,0,71.3070379186895,285.13649531561464,0,15,1.5000000000000002,2.1582423142939775,684,D_pmar=0.054_dist=500_repair_6_males=6_nmar=1,6,1
0,8,0,500,69.75959871313191,278.05302041497396,12.303061840288043,0,0,0,684,D_pmar=0.054_dist=500_repair_6_males=6_nmar=1,6,1
0,10,500,0,73.06448720085025,280.8930057078889,6.0661395395423705,0,0,0,684,D_pmar=0.054_dist=500_repair_6_males=6_nmar=1,6,1
0,3,500,500,67.30286523119233,268.1292078610229,24.60222116029922,0,0,0,684,D_pmar=0.054_dist=500_repair_6_males=6_nmar=1,6,1
0,16,1000,0,73.54148375079299,255.93026882112665,30.582203505446376,0,0,0,684,D_pmar=0.054_dist=500_repair_6_males=6_nmar=1,6,1
0,5,1000,500,70.61590726613154,271.03982649956066,18.39289603785346,0,0,0,684,D_pmar=0.054_dist=500_repair_6_males=6_nmar=1,6,1
0,7,0,0,71.70048857380104,245.4348091817201,42.91573256856999,0,0,0,685,D_pmar=0.054_dist=500_repair_6_males=6_nmar=1,6,1
0.054,13,0,500,72.44056657306126,282.8579340977869,0,20,2.0000000000000004,2.7121307420188714,685,D_pmar=0.054_dist=500_repair_6_males=6_nmar=1,6,1
0,12,500,0,72.41177347146677,281.4965606224822,6.167074862039041,0,0,0,685,D_pmar=0.054_dist=500_repair_6_males=6_nmar=1,6,1
0,8,500,500,72.61308562375422,257.20264989214184,30.386843413409338,0,0,0,685,D_pmar=0.054_dist=500_repair_6_males=6_nmar=1,6,1
0,6,1000,0,71.06420959007737,282.9690058536169,6.01994552552171,0,0,0,685,D_pmar=0.054_dist=500_repair_6_males=6_nmar=1,6,1
0,8,1000,500,74.40967738568898,249.4893373210661,36.196775936551475,0,0,0,685,D_pmar=0.054_dist=500_repair_6_males=6_nmar=1,6,1
0,4,0,0,70.64316262384804,289.3685712923819,0,0,0,0,686,D_pmar=0.054_dist=500_repair_6_males=6_nmar=1,6,1
0.054,10,0,500,70.35386022208021,285.23807979923384,0,17,1.7000000000000004,2.78929339544117,686,D_pmar=0.054_dist=500_repair_6_males=6_nmar=1,6,1
0,4,500,0,67.1486811247285,256.4047561151616,36.636638736185496,0,0,0,686,D_pmar=0.054_dist=500_repair_6_males=6_nmar=1,6,1
0,6,500,500,72.30098292294241,269.47853456815864,18.240153268666056,0,0,0,686,D_pmar=0.054_dist=500_repair_6_males=6_nmar=1,6,1
0,18,1000,0,71.73361420708801,270.0352300545348,18.44624881280408,0,0,0,686,D_pmar=0.054_dist=500_repair_6_males=6_nmar=1,6,1
0,12,1000,500,72.35058487910354,257.24039718729966,30.473508595058977,0,0,0,686,D_pmar=0.054_dist=500_repair_6_males=6_nmar=1,6,1
0,13,0,0,71.37153488734924,252.14536545599955,36.688555338030326,0,0,0,687,D_pmar=0.054_dist=500_repair_6_males=6_nmar=1,6,1
0,12,0,500,69.92704698960739,259.76775706169065,30.47748657420772,0,0,0,687,D_pmar=0.054_dist=500_repair_6_males=6_nmar=1,6,1
0.054,9,500,0,69.18014090013607,286.50062144459025,0,20,2.0000000000000004,2.3611111111111134,687,D_pmar=0.054_dist=500_repair_6_males=6_nmar=1,6,1
0,5,500,500,68.42113397920104,285.5784280079023,6.106529085738873,0,0,0,687,D_pmar=0.054_dist=500_repair_6_males=6_nmar=1,6,1
0,5,1000,0,65.78093870764437,288.22635680365005,6.065485390535443,0,0,0,687,D_pmar=0.054_dist=500_repair_6_males=6_nmar=1,6,1
0,10,1000,500,67.06372068144687,250.2705721561457,42.70029527818662,0,0,0,687,D_pmar=0.054_dist=500_repair_6_males=6_nmar=1,6,1
0,7,0,0,76.34784787547574,271.497588083177,12.17300696965384,0,0,0,688,D_pmar=0.054_dist=500_repair_6_males=6_nmar=1,6,1
0.054,8,0,500,69.22785407337392,286.3675322681554,0,20,2.0000000000000004,2.5975278573054763,688,D_pmar=0.054_dist=500_repair_6_males=6_nmar=1,6,1
0,12,500,0,71.70237758942248,251.38188560714744,36.941449445200945,0,0,0,688,D_pmar=0.054_dist=500_repair_6_males=6_nmar=1,6,1
0,12,500,500,71.84692362523647,282.330974645708,6.01836674254774,0,0,0,688,D_pmar=0.054_dist=500_repair_6_males=6_nmar=1,6,1
0,6,1000,0,70.0158000353979,278.0989016105993,12.051808318472196,0,0,0,688,D_pmar=0.054_dist=500_repair_6_males=6_nmar=1,6,1
0,9,1000,500,68.9824109011391,236.0338895947845,55.029492261625656,0,0,0,688,D_pmar=0.054_dist=500_repair_6_males=6_nmar=1,6,1
0,7,0,0,69.8577123050443,241.2054168410397,48.93842223146521,0,0,0,689,D_pmar=0.054_dist=500_repair_6_males=6_nmar=1,6,1
0,8,0,500,70.81290634765384,283.3547682911907,6.015626459146098,0,0,0,689,D_pmar=0.054_dist=500_repair_6_males=6_nmar=1,6,1
0,9,500,0,67.82306019937403,292.28965281998114,0,0,0,0,689,D_pmar=0.054_dist=500_repair_6_males=6_nmar=1,6,1
0,7,500,500,69.45233240433163,253.93072174457012,36.747074309745614,0,0,0,689,D_pmar=0.054_dist=500_repair_6_males=6_nmar=1,6,1
0.054,11,1000,0,72.59003285138502,282.6141358415211,0,21,2.1000000000000005,2.7015787947337877,689,D_pmar=0.054_dist=500_repair_6_males=6_nmar=1,6,1
0,12,1000,500,67.2216382613287,256.4166099150212,36.401308300592085,0,0,0,689,D_pmar=0.054_dist=500_repair_6_males=6_nmar=1,6,1
0,7,0,0,69.01452691589797,291.1794711361153,0,0,0,0,68,D_pmar=0.054_dist=500_repair_6_males=6_nmar=1,6,1
0.054,7,0,500,66.82303710398773,288.35008814834106,0,21,2.1000000000000005,2.985559799714762,68,D_pmar=0.054_dist=500_repair_6_males=6_nmar=1,6,1
0,14,500,0,73.06960738677941,252.14040179464004,34.820613181922255,0,0,0,68,D_pmar=0.054_dist=500_repair_6_males=6_nmar=1,6,1
0,8,500,500,72.08718407775416,263.54174667737993,24.427831552190856,0,0,0,68,D_pmar=0.054_dist=500_repair_6_males=6_nmar=1,6,1
0,10,1000,0,70.63977497768474,246.15726853067684,43.316974713102525,0,0,0,68,D_pmar=0.054_dist=500_repair_6_males=6_nmar=1,6,1
0,8,1000,500,68.27837613668471,267.41439022752803,24.654557278206553,0,0,0,68,D_pmar=0.054_dist=500_repair_6_males=6_nmar=1,6,1
0,12,0,0,68.78774428597174,274.47799565669885,16.843891806494376,0,0,0,690,D_pmar=0.054_dist=500_repair_6_males=6_nmar=1,6,1
0,4,0,500,72.63153517350592,257.1479623207424,30.402048435802513,0,0,0,690,D_pmar=0.054_dist=500_repair_6_males=6_nmar=1,6,1
0,11,500,0,68.52622641555473,261.0157556891241,30.467186344285015,0,0,0,690,D_pmar=0.054_dist=500_repair_6_males=6_nmar=1,6,1
0,6,500,500,71.18754796926073,282.700789455255,6.156269055684078,0,0,0,690,D_pmar=0.054_dist=500_repair_6_males=6_nmar=1,6,1
0,13,1000,0,72.8489305894515,268.9844231182836,18.172690248877032,0,0,0,690,D_pmar=0.054_dist=500_repair_6_males=6_nmar=1,6,1
0.054,8,1000,500,72.27415853145843,283.5851096416562,0,17,1.7000000000000004,2.5002822525189785,690,D_pmar=0.054_dist=500_repair_6_males=6_nmar=1,6,1
0,11,0,0,69.63155593760247,274.5669008944171,16.025912102949913,0,0,0,691,D_pmar=0.054_dist=500_repair_6_males=6_nmar=1,6,1
0,10,0,500,71.06958535286817,288.9541163660495,0,0,0,0,691,D_pmar=0.054_dist=500_repair_6_males=6_nmar=1,6,1
0,5,500,0,68.28530850250002,291.7259350413117,0,0,0,0,691,D_pmar=0.054_dist=500_repair_6_males=6_nmar=1,6,1
0,8,500,500,67.13654111596732,256.2316622168365,36.755864521578225,0,0,0,691,D_pmar=0.054_dist=500_repair_6_males=6_nmar=1,6,1
0.054,12,1000,0,69.82988230788601,286.61339362797025,0,13,1.3,2.288354450598377,691,D_pmar=0.054_dist=500_repair_6_males=6_nmar=1,6,1
0,8,1000,500,69.88719769772565,265.7419735875666,24.43623964380615,0,0,0,691,D_pmar=0.054_dist=500_repair_6_males=6_nmar=1,6,1
0,5,0,0,72.46428842136675,263.3071757007906,24.445763324954054,0,0,0,692,D_pmar=0.054_dist=500_repair_6_males=6_nmar=1,6,1
0,13,0,500,71.18788912116135,258.26227476698267,30.689790540283266,0,0,0,692,D_pmar=0.054_dist=500_repair_6_males=6_nmar=1,6,1
0,8,500,0,72.16735076588265,269.4580704590864,18.420949456776384,0,0,0,692,D_pmar=0.054_dist=500_repair_6_males=6_nmar=1,6,1
0,10,500,500,71.15762117296943,240.2781502977191,48.731014133838585,0,0,0,692,D_pmar=0.054_dist=500_repair_6_males=6_nmar=1,6,1
0.054,12,1000,0,69.16045622624718,286.47151132249024,0,21,2.1000000000000005,2.2746424333010067,692,D_pmar=0.054_dist=500_repair_6_males=6_nmar=1,6,1
0,6,1000,500,67.24062329584491,286.5510757435631,6.213356252338614,0,0,0,692,D_pmar=0.054_dist=500_repair_6_males=6_nmar=1,6,1
0,8,0,0,74.04760770503583,286.1087629523489,0,0,0,0,693,D_pmar=0.054_dist=500_repair_6_males=6_nmar=1,6,1
0.054,8,0,500,74.3599393729265,282.0483944437482,0,12,1.2,2.502608758615931,693,D_pmar=0.054_dist=500_repair_6_males=6_nmar=1,6,1
0,13,500,0,71.12399189835887,264.56798213496864,24.37307676361684,0,0,0,693,D_pmar=0.054_dist=500_repair_6_males=6_nmar=1,6,1
0,4,500,500,70.36907433108958,249.58317500223976,40.29000886033404,0,0,0,693,D_pmar=0.054_dist=500_repair_6_males=6_nmar=1,6,1
0,7,1000,0,69.81051463964117,290.20711949548087,0,0,0,0,693,D_pmar=0.054_dist=500_repair_6_males=6_nmar=1,6,1
0,14,1000,500,69.31736363796493,284.68861735818547,6.170956832846871,0,0,0,693,D_pmar=0.054_dist=500_repair_6_males=6_nmar=1,6,1
0,13,0,0,70.81447042396314,289.4036558902639,0,0,0,0,694,D_pmar=0.054_dist=500_repair_6_males=6_nmar=1,6,1
0,7,0,500,73.46550108300089,276.7853432764334,9.7877492831304,0,0,0,694,D_pmar=0.054_dist=500_repair_6_males=6_nmar=1,6,1
0,5,500,0,70.41912278985475,277.2843389574784,12.342634031447458,0,0,0,694,D_pmar=0.054_dist=500_repair_6_males=6_nmar=1,6,1
0,11,500,500,69.66086536818007,272.1541700088986,18.268669509802272,0,0,0,694,D_pmar=0.054_dist=500_repair_6_males=6_nmar=1,6,1
0.054,10,1000,0,73.47562153751832,283.3883980276006,0,10,1,2.267155682799869,694,D_pmar=0.054_dist=500_repair_6_males=6_nmar=1,6,1
0,8,1000,500,73.11932848045701,268.5605956486825,18.39164712206896,0,0,0,694,D_pmar=0.054_dist=500_repair_6_males=6_nmar=1,6,1
0,9,0,0,70.94370263424258,274.249996530467,14.8604340108386,0,0,0,695,D_pmar=0.054_dist=500_repair_6_males=6_nmar=1,6,1
0,12,0,500,67.47602275252378,231.832028804313,60.81028246563584,0,0,0,695,D_pmar=0.054_dist=500_repair_6_males=6_nmar=1,6,1
0,9,500,0,68.30472319085587,291.80568259987535,0,0,0,0,695,D_pmar=0.054_dist=500_repair_6_males=6_nmar=1,6,1
0,11,500,500,71.3220083759372,279.36214901389684,9.330971428938096,0,0,0,695,D_pmar=0.054_dist=500_repair_6_males=6_nmar=1,6,1
0,9,1000,0,68.46961151218603,291.61842439798727,0,0,0,0,695,D_pmar=0.054_dist=500_repair_6_males=6_nmar=1,6,1
0.054,4,1000,500,71.35594271593979,283.9589306909206,0,15,1.5000000000000002,3.3429724042823845,695,D_pmar=0.054_dist=500_repair_6_males=6_nmar=1,6,1
0,14,0,0,68.32455754911221,254.8714041839891,36.8160057700932,0,0,0,696,D_pmar=0.054_dist=500_repair_6_males=6_nmar=1,6,1
0.054,5,0,500,72.68230128188304,282.37309469343955,0,19,1.9000000000000008,3.088117794961451,696,D_pmar=0.054_dist=500_repair_6_males=6_nmar=1,6,1
0,10,500,0,71.15844527139352,252.48739474926825,36.47854662151462,0,0,0,696,D_pmar=0.054_dist=500_repair_6_males=6_nmar=1,6,1
0,6,500,500,67.55819939574327,286.5985415665326,6.0262977755642195,0,0,0,696,D_pmar=0.054_dist=500_repair_6_males=6_nmar=1,6,1
0,2,1000,0,73.61525988078374,286.6087352773561,0,0,0,0,696,D_pmar=0.054_dist=500_repair_6_males=6_nmar=1,6,1
0,17,1000,500,68.51200187865929,254.90686024277483,36.683493558694515,0,0,0,696,D_pmar=0.054_dist=500_repair_6_males=6_nmar=1,6,1
0,5,0,0,71.59276597622588,282.6049588535915,6.049862943803746,0,0,0,697,D_pmar=0.054_dist=500_repair_6_males=6_nmar=1,6,1
0,6,0,500,68.98670746634579,278.89287490140333,12.23034174887632,0,0,0,697,D_pmar=0.054_dist=500_repair_6_males=6_nmar=1,6,1
0,7,500,0,68.81723302778673,247.06735642175548,44.1246159680174,0,0,0,697,D_pmar=0.054_dist=500_repair_6_males=6_nmar=1,6,1
0,15,500,500,70.76355089323586,277.1420980108102,12.177707748461517,0,0,0,697,D_pmar=0.054_dist=500_repair_6_males=6_nmar=1,6,1
0,11,1000,0,72.61199938663238,263.48266717532,24.118875687549227,0,0,0,697,D_pmar=0.054_dist=500_repair_6_males=6_nmar=1,6,1
0.054,10,1000,500,68.8401601346778,286.6530534059814,0,18,1.8000000000000005,2.715195938802818,697,D_pmar=0.054_dist=500_repair_6_males=6_nmar=1,6,1
0,14,0,0,68.4353982262147,273.50063299768937,18.17372974788231,0,0,0,698,D_pmar=0.054_dist=500_repair_6_males=6_nmar=1,6,1
0,8,0,500,72.83744445348682,263.0172507154113,24.267521714246367,0,0,0,698,D_pmar=0.054_dist=500_repair_6_males=6_nmar=1,6,1
0.054,6,500,0,69.10220994663146,287.0388197108388,0,19,1.9000000000000008,2.1687942615790625,698,D_pmar=0.054_dist=500_repair_6_males=6_nmar=1,6,1
0,14,500,500,70.21819841773564,259.4753545126228,30.319589240965,0,0,0,698,D_pmar=0.054_dist=500_repair_6_males=6_nmar=1,6,1
0,4,1000,0,72.90920998483806,250.5931063542787,36.59304678503942,0,0,0,698,D_pmar=0.054_dist=500_repair_6_males=6_nmar=1,6,1
0,8,1000,500,72.48117444563503,281.66404267530845,6.036767774462704,0,0,0,698,D_pmar=0.054_dist=500_repair_6_males=6_nmar=1,6,1
0.054,9,0,0,69.30864570902136,287.54654011443955,0,14,1.4,1.9474303288076835,699,D_pmar=0.054_dist=500_repair_6_males=6_nmar=1,6,1
0,11,0,500,66.59256992293989,293.42131746802687,0,0,0,0,699,D_pmar=0.054_dist=500_repair_6_males=6_nmar=1,6,1
0,8,500,0,69.67539493260423,247.68007755569448,42.7054580255541,0,0,0,699,D_pmar=0.054_dist=500_repair_6_males=6_nmar=1,6,1
0,7,500,500,71.22822923769856,258.3050564010041,30.550051003934772,0,0,0,699,D_pmar=0.054_dist=500_repair_6_males=6_nmar=1,6,1
0,4,1000,0,67.13655717458127,286.92139994981125,6.031265719206142,0,0,0,699,D_pmar=0.054_dist=500_repair_6_males=6_nmar=1,6,1
0,15,1000,500,70.80480142732404,283.1509615774019,6.088400279267775,0,0,0,699,D_pmar=0.054_dist=500_repair_6_males=6_nmar=1,6,1
0,10,0,0,69.8753138808116,278.3240207994286,11.837676105563098,0,0,0,69,D_pmar=0.054_dist=500_repair_6_males=6_nmar=1,6,1
0,12,0,500,70.96067823683447,233.77888032812928,55.27969000934704,0,0,0,69,D_pmar=0.054_dist=500_repair_6_males=6_nmar=1,6,1
0,13,500,0,70.71469785315718,283.3493959633578,6.029469306300759,0,0,0,69,D_pmar=0.054_dist=500_repair_6_males=6_nmar=1,6,1
0,8,500,500,72.90628324864446,244.57733894078424,42.538590728580104,0,0,0,69,D_pmar=0.054_dist=500_repair_6_males=6_nmar=1,6,1
0.054,7,1000,0,73.76725380414277,281.9562996750603,0,20,2.0000000000000004,2.3700179701585724,69,D_pmar=0.054_dist=500_repair_6_males=6_nmar=1,6,1
0,4,1000,500,69.88889978683373,284.05488056797793,6.073935899088329,0,0,0,69,D_pmar=0.054_dist=500_repair_6_males=6_nmar=1,6,1
0,15,0,0,73.21144870827536,262.3140936612472,24.559564670808424,0,0,0,700,D_pmar=0.054_dist=500_repair_6_males=6_nmar=1,6,1
0,10,0,500,74.77363257321657,242.6020117714762,42.82546773251866,0,0,0,700,D_pmar=0.054_dist=500_repair_6_males=6_nmar=1,6,1
0,8,500,0,72.83748035772966,287.1892140704113,0,0,0,0,700,D_pmar=0.054_dist=500_repair_6_males=6_nmar=1,6,1
0,5,500,500,71.61691238438233,263.95051639674915,24.48037358994174,0,0,0,700,D_pmar=0.054_dist=500_repair_6_males=6_nmar=1,6,1
0.054,5,1000,0,71.55370469855981,284.6208519914404,0,16,1.6000000000000003,2.2326220234513023,700,D_pmar=0.054_dist=500_repair_6_males=6_nmar=1,6,1
0,11,1000,500,72.24891416459616,281.93236355558577,6.02243015335335,0,0,0,700,D_pmar=0.054_dist=500_repair_6_males=6_nmar=1,6,1
0,7,0,0,69.56286447420652,253.68231173372956,36.88620314437069,0,0,0,701,D_pmar=0.054_dist=500_repair_6_males=6_nmar=1,6,1
0,10,0,500,67.05447638898563,268.45908718976574,24.531339678652063,0,0,0,701,D_pmar=0.054_dist=500_repair_6_males=6_nmar=1,6,1
0,15,500,0,72.03933594766853,263.26634323780894,24.71398779048515,0,0,0,701,D_pmar=0.054_dist=500_repair_6_males=6_nmar=1,6,1
0.054,8,500,500,69.12067296568274,286.8389073808538,0,15,1.5000000000000002,2.6891347399267307,701,D_pmar=0.054_dist=500_repair_6_males=6_nmar=1,6,1
0,10,1000,0,68.58749189423207,291.4665970804419,0,0,0,0,701,D_pmar=0.054_dist=500_repair_6_males=6_nmar=1,6,1
0,4,1000,500,73.72340812366159,280.29720136698927,6.019576567751521,0,0,0,701,D_pmar=0.054_dist=500_repair_6_males=6_nmar=1,6,1
0,11,0,0,71.58963585034246,270.3109677746548,18.22664685558096,0,0,0,702,D_pmar=0.054_dist=500_repair_6_males=6_nmar=1,6,1
0,5,0,500,72.74480283620981,269.2156557880862,18.286336234232024,0,0,0,702,D_pmar=0.054_dist=500_repair_6_males=6_nmar=1,6,1
0.054,17,500,0,69.3494865680543,287.2504494638218,0,14,1.4,2.1582423142939775,702,D_pmar=0.054_dist=500_repair_6_males=6_nmar=1,6,1
0,8,500,500,71.3674596577675,264.3753597099836,24.352182676683466,0,0,0,702,D_pmar=0.054_dist=500_repair_6_males=6_nmar=1,6,1
0,6,1000,0,73.93655925039768,286.08350967996444,0,0,0,0,702,D_pmar=0.054_dist=500_repair_6_males=6_nmar=1,6,1
0,7,1000,500,72.54425772234504,262.8875442929545,24.569423007982788,0,0,0,702,D_pmar=0.054_dist=500_repair_6_males=6_nmar=1,6,1
0,0,0,0,68.14609064762162,237.119009853999,54.90007171690849,0,0,0,703,D_pmar=0.054_dist=500_repair_6_males=6_nmar=1,6,1
0,8,0,500,70.40682181685506,289.8817270054866,0,0,0,0,703,D_pmar=0.054_dist=500_repair_6_males=6_nmar=1,6,1
0,12,500,0,69.62888272916413,271.9616047626588,18.51459806474004,0,0,0,703,D_pmar=0.054_dist=500_repair_6_males=6_nmar=1,6,1
0,7,500,500,66.71606870783218,246.82782479465973,46.57626906335102,0,0,0,703,D_pmar=0.054_dist=500_repair_6_males=6_nmar=1,6,1
0.054,14,1000,0,68.12815624042892,286.8414684862267,0,24,2.400000000000001,2.8696889525110514,703,D_pmar=0.054_dist=500_repair_6_males=6_nmar=1,6,1
0,13,1000,500,70.10716368265103,265.672187931706,24.283743779736035,0,0,0,703,D_pmar=0.054_dist=500_repair_6_males=6_nmar=1,6,1
0,2,0,0,69.74303276473395,259.89461630262576,30.381301935913676,0,0,0,704,D_pmar=0.054_dist=500_repair_6_males=6_nmar=1,6,1
0.054,13,0,500,72.2307640532,284.03558614111773,0,16,1.6000000000000003,2.4646327767361047,704,D_pmar=0.054_dist=500_repair_6_males=6_nmar=1,6,1
0,7,500,0,75.81671706612131,284.2518522435318,0,0,0,0,704,D_pmar=0.054_dist=500_repair_6_males=6_nmar=1,6,1
0,8,500,500,72.99050602088492,262.8638886033037,24.60903595820805,0,0,0,704,D_pmar=0.054_dist=500_repair_6_males=6_nmar=1,6,1
0,18,1000,0,74.07365164178869,255.09135393831204,30.836773053571715,0,0,0,704,D_pmar=0.054_dist=500_repair_6_males=6_nmar=1,6,1
0,6,1000,500,71.93024003634717,281.7783627068357,6.4718752122901995,0,0,0,704,D_pmar=0.054_dist=500_repair_6_males=6_nmar=1,6,1
0,5,0,0,72.52937860477309,281.63102468967054,6.006170165933807,0,0,0,705,D_pmar=0.054_dist=500_repair_6_males=6_nmar=1,6,1
0,9,0,500,67.03462722231303,275.03355220364756,18.072094552984808,0,0,0,705,D_pmar=0.054_dist=500_repair_6_males=6_nmar=1,6,1
0.054,5,500,0,73.55156754661382,282.0091082012316,0,16,1.6000000000000003,2.844344404728918,705,D_pmar=0.054_dist=500_repair_6_males=6_nmar=1,6,1
0,12,500,500,72.49601459188304,287.5312258073923,0,0,0,0,705,D_pmar=0.054_dist=500_repair_6_males=6_nmar=1,6,1
0,7,1000,0,69.59507576955276,259.64999753992976,30.82305762465376,0,0,0,705,D_pmar=0.054_dist=500_repair_6_males=6_nmar=1,6,1
0,16,1000,500,69.46113400055974,247.4040092400355,43.1543604300394,0,0,0,705,D_pmar=0.054_dist=500_repair_6_males=6_nmar=1,6,1
0,7,0,0,75.01062365444207,254.69206495500103,30.488815005110176,0,0,0,706,D_pmar=0.054_dist=500_repair_6_males=6_nmar=1,6,1
0,14,0,500,72.51881310983073,269.1085083863229,18.40701093191761,0,0,0,706,D_pmar=0.054_dist=500_repair_6_males=6_nmar=1,6,1
0,9,500,0,69.89896874251873,290.14151174978207,0,0,0,0,706,D_pmar=0.054_dist=500_repair_6_males=6_nmar=1,6,1
0.054,5,500,500,72.42346250910768,284.15903203868504,0,9,0.8999999999999999,2.615740740740746,706,D_pmar=0.054_dist=500_repair_6_males=6_nmar=1,6,1
0,5,1000,0,68.7385556984418,291.38532302828673,0,0,0,0,706,D_pmar=0.054_dist=500_repair_6_males=6_nmar=1,6,1
0,14,1000,500,69.89880141794748,284.1515679536476,6.0702584551774414,0,0,0,706,D_pmar=0.054_dist=500_repair_6_males=6_nmar=1,6,1
0,10,0,0,67.02642809145807,268.7840379005995,24.372180297819305,0,0,0,707,D_pmar=0.054_dist=500_repair_6_males=6_nmar=1,6,1
0,4,0,500,69.24061885831144,273.1888988431691,17.720383744953295,0,0,0,707,D_pmar=0.054_dist=500_repair_6_males=6_nmar=1,6,1
0,11,500,0,70.78133155195208,283.30135110345634,6.0402019002211524,0,0,0,707,D_pmar=0.054_dist=500_repair_6_males=6_nmar=1,6,1
0,7,500,500,67.52866116999614,243.25584936138696,49.21664962225632,0,0,0,707,D_pmar=0.054_dist=500_repair_6_males=6_nmar=1,6,1
0,13,1000,0,75.43100732541166,278.61130831444154,6.023820072932883,0,0,0,707,D_pmar=0.054_dist=500_repair_6_males=6_nmar=1,6,1
0.054,9,1000,500,74.06149742736024,282.1488056861587,0,17,1.7000000000000004,2.1302890078959176,707,D_pmar=0.054_dist=500_repair_6_males=6_nmar=1,6,1
0,16,0,0,70.82142913938263,277.1343688463993,12.180457418699014,0,0,0,708,D_pmar=0.054_dist=500_repair_6_males=6_nmar=1,6,1
0,8,0,500,74.32550907667193,258.3319142928231,27.54456108487126,0,0,0,708,D_pmar=0.054_dist=500_repair_6_males=6_nmar=1,6,1
0,1,500,0,70.88111186689676,282.9919408039997,6.1365151402363445,0,0,0,708,D_pmar=0.054_dist=500_repair_6_males=6_nmar=1,6,1
0,10,500,500,73.53077242775082,280.40812408700435,6.12132064863951,0,0,0,708,D_pmar=0.054_dist=500_repair_6_males=6_nmar=1,6,1
0.054,9,1000,0,73.06829221205356,282.76177782801847,0,17,1.7000000000000004,2.6425341515184195,708,D_pmar=0.054_dist=500_repair_6_males=6_nmar=1,6,1
0,10,1000,500,68.42855417619887,242.87875831220293,48.71615282184646,0,0,0,708,D_pmar=0.054_dist=500_repair_6_males=6_nmar=1,6,1
0,13,0,0,69.85344782273702,253.4450806348825,36.77589932444032,0,0,0,709,D_pmar=0.054_dist=500_repair_6_males=6_nmar=1,6,1
0.054,14,0,500,72.04474750219093,283.3444248954563,0,21,2.1000000000000005,2.58067780958886,709,D_pmar=0.054_dist=500_repair_6_males=6_nmar=1,6,1
0,5,500,0,69.48930588570316,290.7442215282876,0,0,0,0,709,D_pmar=0.054_dist=500_repair_6_males=6_nmar=1,6,1
0,4,500,500,66.95574298295519,287.04226280199623,6.0817175372423895,0,0,0,709,D_pmar=0.054_dist=500_repair_6_males=6_nmar=1,6,1
0,13,1000,0,71.58848607610364,245.64910315063196,42.79025205105347,0,0,0,709,D_pmar=0.054_dist=500_repair_6_males=6_nmar=1,6,1
0,5,1000,500,69.77822967339651,247.39083985876343,42.87342093850186,0,0,0,709,D_pmar=0.054_dist=500_repair_6_males=6_nmar=1,6,1
0,8,0,0,71.17833386012772,252.5951163740589,36.415843468759014,0,0,0,70,D_pmar=0.054_dist=500_repair_6_males=6_nmar=1,6,1
0,9,0,500,72.40468820400555,275.375966752539,12.223570718487071,0,0,0,70,D_pmar=0.054_dist=500_repair_6_males=6_nmar=1,6,1
0,6,500,0,71.40403437260365,288.62292267175866,0,0,0,0,70,D_pmar=0.054_dist=500_repair_6_males=6_nmar=1,6,1
0.054,8,500,500,73.10912649692875,283.5905435109868,0,14,1.4,1.9133531076271375,70,D_pmar=0.054_dist=500_repair_6_males=6_nmar=1,6,1
0,12,1000,0,72.11108394075177,263.4877268871486,24.512143318186435,0,0,0,70,D_pmar=0.054_dist=500_repair_6_males=6_nmar=1,6,1
0,11,1000,500,68.84608409524155,279.0596401826497,12.235017538212276,0,0,0,70,D_pmar=0.054_dist=500_repair_6_males=6_nmar=1,6,1
0,6,0,0,73.16013006845755,262.52421429151457,24.35093572638972,0,0,0,710,D_pmar=0.054_dist=500_repair_6_males=6_nmar=1,6,1
0,14,0,500,71.98385972743131,281.92827181231667,6.197736755146823,0,0,0,710,D_pmar=0.054_dist=500_repair_6_males=6_nmar=1,6,1
0,9,500,0,68.20310238237357,267.5075328953859,24.448868883522263,0,0,0,710,D_pmar=0.054_dist=500_repair_6_males=6_nmar=1,6,1
0,7,500,500,71.25510814305773,246.1088146931188,42.87404686231315,0,0,0,710,D_pmar=0.054_dist=500_repair_6_males=6_nmar=1,6,1
0,10,1000,0,69.49201415504739,278.27850098329066,12.299164804913678,0,0,0,710,D_pmar=0.054_dist=500_repair_6_males=6_nmar=1,6,1
0.054,8,1000,500,71.90353475669575,283.84629876263375,0,18,1.8000000000000005,2.550753083248121,710,D_pmar=0.054_dist=500_repair_6_males=6_nmar=1,6,1
0,14,0,0,74.00573482751423,236.30609951835385,49.74706123825015,0,0,0,711,D_pmar=0.054_dist=500_repair_6_males=6_nmar=1,6,1
0,9,0,500,68.0527079508487,291.9918648737721,0,0,0,0,711,D_pmar=0.054_dist=500_repair_6_males=6_nmar=1,6,1
0,8,500,0,73.93704214178965,243.6095060109125,42.56099251268295,0,0,0,711,D_pmar=0.054_dist=500_repair_6_males=6_nmar=1,6,1
0,8,500,500,72.33834734484958,252.77616097140975,34.9660120292609,0,0,0,711,D_pmar=0.054_dist=500_repair_6_males=6_nmar=1,6,1
0,9,1000,0,69.90008265000915,290.368308328153,0,0,0,0,711,D_pmar=0.054_dist=500_repair_6_males=6_nmar=1,6,1
0.054,6,1000,500,71.36180254136647,283.7457601778632,0,22,2.2000000000000006,2.832147369206206,711,D_pmar=0.054_dist=500_repair_6_males=6_nmar=1,6,1
0,9,0,0,69.4363328717031,272.28301476275453,18.354481682017347,0,0,0,712,D_pmar=0.054_dist=500_repair_6_males=6_nmar=1,6,1
0,7,0,500,70.21911983118248,289.8607303714065,0,0,0,0,712,D_pmar=0.054_dist=500_repair_6_males=6_nmar=1,6,1
0.054,15,500,0,67.67458109850831,289.03191807691724,0,11,1.1,2.286332236613438,712,D_pmar=0.054_dist=500_repair_6_males=6_nmar=1,6,1
0,6,500,500,69.89681419410564,284.08512472378783,6.100219297324651,0,0,0,712,D_pmar=0.054_dist=500_repair_6_males=6_nmar=1,6,1
0,12,1000,0,69.04492918628208,266.6215287852682,24.344974308119173,0,0,0,712,D_pmar=0.054_dist=500_repair_6_males=6_nmar=1,6,1
0,5,1000,500,70.78728392592576,270.8268764411694,18.406638130960367,0,0,0,712,D_pmar=0.054_dist=500_repair_6_males=6_nmar=1,6,1
0,10,0,0,68.77330273374866,260.8438521051717,30.439998321409192,0,0,0,713,D_pmar=0.054_dist=500_repair_6_males=6_nmar=1,6,1
0,7,0,500,70.11088478896322,247.81566645808437,42.445845646657695,0,0,0,713,D_pmar=0.054_dist=500_repair_6_males=6_nmar=1,6,1
0.054,14,500,0,72.91370694757683,283.24767678954373,0,16,1.6000000000000003,2.311654744802532,713,D_pmar=0.054_dist=500_repair_6_males=6_nmar=1,6,1
0,8,500,500,66.0458061159982,281.76372945179986,12.203245965846907,0,0,0,713,D_pmar=0.054_dist=500_repair_6_males=6_nmar=1,6,1
0,9,1000,0,70.11870647712195,277.7475989408012,12.205340618345394,0,0,0,713,D_pmar=0.054_dist=500_repair_6_males=6_nmar=1,6,1
0,6,1000,500,69.0852821145286,291.00141036778587,0,0,0,0,713,D_pmar=0.054_dist=500_repair_6_males=6_nmar=1,6,1
0,10,0,0,71.3529246546865,246.1971408479216,42.74250538920665,0,0,0,714,D_pmar=0.054_dist=500_repair_6_males=6_nmar=1,6,1
0,18,0,500,71.67205559181468,282.34742034091175,6.1620443629769355,0,0,0,714,D_pmar=0.054_dist=500_repair_6_males=6_nmar=1,6,1
0.054,8,500,0,70.17558636342098,285.3622746968285,0,16,1.6000000000000003,2.996263893055852,714,D_pmar=0.054_dist=500_repair_6_males=6_nmar=1,6,1
0,8,500,500,68.1910745901516,279.68330114905643,12.172128663490309,0,0,0,714,D_pmar=0.054_dist=500_repair_6_males=6_nmar=1,6,1
0,6,1000,0,75.66493783169719,259.66012641507325,24.680339552980723,0,0,0,714,D_pmar=0.054_dist=500_repair_6_males=6_nmar=1,6,1
0,4,1000,500,74.24949564692125,273.65899257358507,12.250450743510594,0,0,0,714,D_pmar=0.054_dist=500_repair_6_males=6_nmar=1,6,1
0,9,0,0,73.71719348258736,280.4355467951229,6.0174662056183665,0,0,0,715,D_pmar=0.054_dist=500_repair_6_males=6_nmar=1,6,1
0,12,0,500,70.06180441750374,283.8623448161807,6.105532609079549,0,0,0,715,D_pmar=0.054_dist=500_repair_6_males=6_nmar=1,6,1
0.054,8,500,0,69.65006340946665,285.27880590280813,0,19,1.9000000000000008,3.2735279598379416,715,D_pmar=0.054_dist=500_repair_6_males=6_nmar=1,6,1
0,5,500,500,70.02073463785985,265.9071736026012,24.256948526758073,0,0,0,715,D_pmar=0.054_dist=500_repair_6_males=6_nmar=1,6,1
0,12,1000,0,72.56205115233736,285.9560746221728,1.5265524579303902,0,0,0,715,D_pmar=0.054_dist=500_repair_6_males=6_nmar=1,6,1
0,8,1000,500,71.37100378814516,221.0186290449416,67.80136469966362,0,0,0,715,D_pmar=0.054_dist=500_repair_6_males=6_nmar=1,6,1
0.054,18,0,0,70.8537434036078,284.2006958715633,0,25,2.500000000000001,2.564791432250544,716,D_pmar=0.054_dist=500_repair_6_males=6_nmar=1,6,1
0,9,0,500,70.47556194490286,261.9151497243294,27.6673153821504,0,0,0,716,D_pmar=0.054_dist=500_repair_6_males=6_nmar=1,6,1
0,12,500,0,70.94279977479805,264.99923043665626,24.34201438201304,0,0,0,716,D_pmar=0.054_dist=500_repair_6_males=6_nmar=1,6,1
0,3,500,500,72.73513248669806,244.67694594552256,42.70512476799732,0,0,0,716,D_pmar=0.054_dist=500_repair_6_males=6_nmar=1,6,1
0,7,1000,0,72.5976335932553,269.3173649472246,18.17742829691706,0,0,0,716,D_pmar=0.054_dist=500_repair_6_males=6_nmar=1,6,1
0,5,1000,500,73.3737867173113,251.43679203575255,35.2861163763221,0,0,0,716,D_pmar=0.054_dist=500_repair_6_males=6_nmar=1,6,1
0,10,0,0,72.56204396482195,287.4581370460847,0,0,0,0,717,D_pmar=0.054_dist=500_repair_6_males=6_nmar=1,6,1
0.054,3,0,500,72.01779312716694,284.56299594325435,0,10,1,2.427829884118255,717,D_pmar=0.054_dist=500_repair_6_males=6_nmar=1,6,1
0,7,500,0,70.58042438962406,289.4728033650623,0,0,0,0,717,D_pmar=0.054_dist=500_repair_6_males=6_nmar=1,6,1
0,7,500,500,72.68005586673708,269.05419878031114,18.269527936268204,0,0,0,717,D_pmar=0.054_dist=500_repair_6_males=6_nmar=1,6,1
0,13,1000,0,71.54303567902849,270.3910733862226,18.117575553575666,0,0,0,717,D_pmar=0.054_dist=500_repair_6_males=6_nmar=1,6,1
0,14,1000,500,67.63379340369934,267.8409329297812,24.64227897315193,0,0,0,717,D_pmar=0.054_dist=500_repair_6_males=6_nmar=1,6,1
0,1,0,0,67.78814519291723,279.9972063266737,12.258260440277736,0,0,0,718,D_pmar=0.054_dist=500_repair_6_males=6_nmar=1,6,1
0,11,0,500,68.71581779267817,285.2904873171422,6.049164060267896,0,0,0,718,D_pmar=0.054_dist=500_repair_6_males=6_nmar=1,6,1
0,14,500,0,70.61365137704958,258.70157235583207,30.77431706611058,0,0,0,718,D_pmar=0.054_dist=500_repair_6_males=6_nmar=1,6,1
0,9,500,500,71.45708809749868,276.33920631599875,12.343844268891758,0,0,0,718,D_pmar=0.054_dist=500_repair_6_males=6_nmar=1,6,1
0,10,1000,0,74.41282110978352,248.9405819981198,36.77372984923628,0,0,0,718,D_pmar=0.054_dist=500_repair_6_males=6_nmar=1,6,1
0.054,9,1000,500,69.64341724781784,286.0961882863196,0,16,1.6000000000000003,2.88489391199004,718,D_pmar=0.054_dist=500_repair_6_males=6_nmar=1,6,1
0.054,11,0,0,68.97919775643459,286.46832538634965,0,19,1.9000000000000008,2.672588984322127,719,D_pmar=0.054_dist=500_repair_6_males=6_nmar=1,6,1
0,8,0,500,69.09091951061313,291.04548574341777,0,0,0,0,719,D_pmar=0.054_dist=500_repair_6_males=6_nmar=1,6,1
0,12,500,0,73.77284633238895,262.224393888506,24.139455229969816,0,0,0,719,D_pmar=0.054_dist=500_repair_6_males=6_nmar=1,6,1
0,10,500,500,73.39550327071646,262.291674914473,24.55008136134998,0,0,0,719,D_pmar=0.054_dist=500_repair_6_males=6_nmar=1,6,1
0,12,1000,0,74.12010806445477,255.2530949953303,30.690651324866135,0,0,0,719,D_pmar=0.054_dist=500_repair_6_males=6_nmar=1,6,1
0,1,1000,500,73.97877507392775,249.338467868481,36.7122914916922,0,0,0,719,D_pmar=0.054_dist=500_repair_6_males=6_nmar=1,6,1
0,12,0,0,71.35123027079128,276.45537202799267,12.199519867172592,0,0,0,71,D_pmar=0.054_dist=500_repair_6_males=6_nmar=1,6,1
0.054,5,0,500,69.13057180741652,286.92269908470274,0,12,1.2,2.77697944709708,71,D_pmar=0.054_dist=500_repair_6_males=6_nmar=1,6,1
0,11,500,0,70.547773358329,265.33771759010517,24.170204669471996,0,0,0,71,D_pmar=0.054_dist=500_repair_6_males=6_nmar=1,6,1
0,8,500,500,66.76482945227941,275.04604553036353,18.33953589656356,0,0,0,71,D_pmar=0.054_dist=500_repair_6_males=6_nmar=1,6,1
0,9,1000,0,70.45497584328339,289.5670845958836,0,0,0,0,71,D_pmar=0.054_dist=500_repair_6_males=6_nmar=1,6,1
0,9,1000,500,69.47188598060245,271.9802810944301,18.68016758548101,0,0,0,71,D_pmar=0.054_dist=500_repair_6_males=6_nmar=1,6,1
0,16,0,0,71.09701235931803,222.2625801887528,66.75086172028416,0,0,0,720,D_pmar=0.054_dist=500_repair_6_males=6_nmar=1,6,1
0,5,0,500,73.37770507569023,268.45548131538226,18.16867932379406,0,0,0,720,D_pmar=0.054_dist=500_repair_6_males=6_nmar=1,6,1
0,6,500,0,66.46816814772022,287.40745844202524,6.202079081851926,0,0,0,720,D_pmar=0.054_dist=500_repair_6_males=6_nmar=1,6,1
0,11,500,500,69.25538009118121,260.16205869456013,30.707872307892384,0,0,0,720,D_pmar=0.054_dist=500_repair_6_males=6_nmar=1,6,1
0,7,1000,0,71.60454919724553,288.4977123650187,0,0,0,0,720,D_pmar=0.054_dist=500_repair_6_males=6_nmar=1,6,1
0.054,9,1000,500,72.14202758542724,283.1575944799794,0,20,2.0000000000000004,2.830632387431548,720,D_pmar=0.054_dist=500_repair_6_males=6_nmar=1,6,1
0,7,0,0,72.03202284640304,282.0548082500981,6.0423978435776204,0,0,0,721,D_pmar=0.054_dist=500_repair_6_males=6_nmar=1,6,1
0.054,11,0,500,71.05849450429669,285.1794142633504,0,18,1.8000000000000005,2.1018284692875766,721,D_pmar=0.054_dist=500_repair_6_males=6_nmar=1,6,1
0,7,500,0,75.47180105638147,260.0496846845586,24.478581091948037,0,0,0,721,D_pmar=0.054_dist=500_repair_6_males=6_nmar=1,6,1
0,6,500,500,71.403236208519,270.34893663022694,18.29144189445077,0,0,0,721,D_pmar=0.054_dist=500_repair_6_males=6_nmar=1,6,1
0,9,1000,0,73.57044343260371,255.97509112811025,30.51000810704,0,0,0,721,D_pmar=0.054_dist=500_repair_6_males=6_nmar=1,6,1
0,14,1000,500,70.4649240827972,259.5288846759134,30.21560176865832,0,0,0,721,D_pmar=0.054_dist=500_repair_6_males=6_nmar=1,6,1
0,6,0,0,72.90566988838242,281.0263079904952,6.305813465504816,0,0,0,722,D_pmar=0.054_dist=500_repair_6_males=6_nmar=1,6,1
0,17,0,500,66.1983093771839,263.37828297325177,30.641258811043976,0,0,0,722,D_pmar=0.054_dist=500_repair_6_males=6_nmar=1,6,1
0.054,5,500,0,71.11274338017168,285.0131936768212,0,14,1.4,2.4859616509975813,722,D_pmar=0.054_dist=500_repair_6_males=6_nmar=1,6,1
0,12,500,500,67.97187930153196,292.0344238692735,0,0,0,0,722,D_pmar=0.054_dist=500_repair_6_males=6_nmar=1,6,1
0,6,1000,0,69.904384902995,247.51506585951608,42.754346886277766,0,0,0,722,D_pmar=0.054_dist=500_repair_6_males=6_nmar=1,6,1
0,8,1000,500,67.30410384225188,286.769868341393,6.018866177341223,0,0,0,722,D_pmar=0.054_dist=500_repair_6_males=6_nmar=1,6,1
0,12,0,0,69.70244004352494,278.20900915516415,12.311831801614348,0,0,0,723,D_pmar=0.054_dist=500_repair_6_males=6_nmar=1,6,1
0.054,3,0,500,71.78293303367384,284.0100744426058,0,17,1.7000000000000004,2.7135508505651926,723,D_pmar=0.054_dist=500_repair_6_males=6_nmar=1,6,1
0,10,500,0,75.73068923040799,250.6565961736036,33.683543128018,0,0,0,723,D_pmar=0.054_dist=500_repair_6_males=6_nmar=1,6,1
0,7,500,500,72.89783379143073,238.35562258357496,48.81500506599664,0,0,0,723,D_pmar=0.054_dist=500_repair_6_males=6_nmar=1,6,1
0,10,1000,0,74.82145332032182,285.4096289037006,0,0,0,0,723,D_pmar=0.054_dist=500_repair_6_males=6_nmar=1,6,1
0,12,1000,500,67.7262210440512,286.1650516336554,6.130780372548899,0,0,0,723,D_pmar=0.054_dist=500_repair_6_males=6_nmar=1,6,1
0,10,0,0,71.41624524616108,276.25696188983113,12.32924285983211,0,0,0,724,D_pmar=0.054_dist=500_repair_6_males=6_nmar=1,6,1
0.054,14,0,500,67.89670981661578,287.1640582860916,0,25,2.500000000000001,2.5163936095486,724,D_pmar=0.054_dist=500_repair_6_males=6_nmar=1,6,1
0,5,500,0,66.82524212399639,293.3802149784104,0,0,0,0,724,D_pmar=0.054_dist=500_repair_6_males=6_nmar=1,6,1
0,7,500,500,71.51735733694674,239.50699080041795,49.007234638603904,0,0,0,724,D_pmar=0.054_dist=500_repair_6_males=6_nmar=1,6,1
0,13,1000,0,70.62495059421389,240.6632900361427,48.82872014329449,0,0,0,724,D_pmar=0.054_dist=500_repair_6_males=6_nmar=1,6,1
0,5,1000,500,70.72841200719982,246.30580156386736,42.979570095484455,0,0,0,724,D_pmar=0.054_dist=500_repair_6_males=6_nmar=1,6,1
0.054,16,0,0,68.6793550562432,287.23623162285395,0,18,1.8000000000000005,2.4930204817091464,725,D_pmar=0.054_dist=500_repair_6_males=6_nmar=1,6,1
0,4,0,500,72.06937520305492,245.31498483067068,42.785003318218145,0,0,0,725,D_pmar=0.054_dist=500_repair_6_males=6_nmar=1,6,1
0,5,500,0,68.50670982908373,260.86359335970553,30.78385265255104,0,0,0,725,D_pmar=0.054_dist=500_repair_6_males=6_nmar=1,6,1
0,13,500,500,69.41772490861582,275.0595927264717,15.585093636135658,0,0,0,725,D_pmar=0.054_dist=500_repair_6_males=6_nmar=1,6,1
0,4,1000,0,72.674250604186,281.26635759694216,6.147012503539574,0,0,0,725,D_pmar=0.054_dist=500_repair_6_males=6_nmar=1,6,1
0,12,1000,500,63.8585805861792,284.09286860352813,12.092173841562197,0,0,0,725,D_pmar=0.054_dist=500_repair_6_males=6_nmar=1,6,1
0,5,0,0,71.76582896469694,233.1132682398411,55.22558582674047,0,0,0,726,D_pmar=0.054_dist=500_repair_6_males=6_nmar=1,6,1
0.054,6,0,500,72.86100262616341,282.938112784756,0,18,1.8000000000000005,2.5128564137890024,726,D_pmar=0.054_dist=500_repair_6_males=6_nmar=1,6,1
0,11,500,0,72.48818778774516,263.1026227765206,24.416329013423212,0,0,0,726,D_pmar=0.054_dist=500_repair_6_males=6_nmar=1,6,1
0,8,500,500,71.91538214841377,276.059282901378,12.33547514876838,0,0,0,726,D_pmar=0.054_dist=500_repair_6_males=6_nmar=1,6,1
0,11,1000,0,69.18559650396551,272.91391144214566,18.29252037663903,0,0,0,726,D_pmar=0.054_dist=500_repair_6_males=6_nmar=1,6,1
0,13,1000,500,71.47391510444908,288.5372234414208,0,0,0,0,726,D_pmar=0.054_dist=500_repair_6_males=6_nmar=1,6,1
0,10,0,0,70.36015933575928,290.00014369294985,0,0,0,0,727,D_pmar=0.054_dist=500_repair_6_males=6_nmar=1,6,1
0,13,0,500,71.30037752066391,239.77829929081807,48.98093506036184,0,0,0,727,D_pmar=0.054_dist=500_repair_6_males=6_nmar=1,6,1
0,9,500,0,68.0904309510428,285.8100648213149,6.127175874835693,0,0,0,727,D_pmar=0.054_dist=500_repair_6_males=6_nmar=1,6,1
0.054,8,500,500,73.17592078979334,282.78306764161374,0,14,1.4,2.9027076300849584,727,D_pmar=0.054_dist=500_repair_6_males=6_nmar=1,6,1
0,3,1000,0,74.65457027977517,285.446550318999,0,0,0,0,727,D_pmar=0.054_dist=500_repair_6_males=6_nmar=1,6,1
0,11,1000,500,68.88650761524309,263.747815906856,27.66262366662483,0,0,0,727,D_pmar=0.054_dist=500_repair_6_males=6_nmar=1,6,1
0.054,9,0,0,70.94075895107682,284.5551939221064,0,20,2.0000000000000004,2.5327872190971967,728,D_pmar=0.054_dist=500_repair_6_males=6_nmar=1,6,1
0,4,0,500,69.97295193422728,240.87793443770687,49.24280841418749,0,0,0,728,D_pmar=0.054_dist=500_repair_6_males=6_nmar=1,6,1
0,5,500,0,72.03444183354277,214.9788710164616,73.18687456086025,0,0,0,728,D_pmar=0.054_dist=500_repair_6_males=6_nmar=1,6,1
0,11,500,500,69.81154062674266,290.20798795110863,0,0,0,0,728,D_pmar=0.054_dist=500_repair_6_males=6_nmar=1,6,1
0,15,1000,0,68.92908473755398,291.1020609916781,0,0,0,0,728,D_pmar=0.054_dist=500_repair_6_males=6_nmar=1,6,1
0,10,1000,500,68.6592634565588,291.35023287711425,0,0,0,0,728,D_pmar=0.054_dist=500_repair_6_males=6_nmar=1,6,1
0,6,0,0,68.46655683301451,291.7510833351517,0,0,0,0,729,D_pmar=0.054_dist=500_repair_6_males=6_nmar=1,6,1
0.054,4,0,500,71.39519272726659,283.9920622495935,0,20,2.0000000000000004,2.7923013193974486,729,D_pmar=0.054_dist=500_repair_6_males=6_nmar=1,6,1
0,8,500,0,70.0077024937532,265.7601642810121,24.330983241057424,0,0,0,729,D_pmar=0.054_dist=500_repair_6_males=6_nmar=1,6,1
0,4,500,500,66.45321251579252,269.143896822535,24.560273224622552,0,0,0,729,D_pmar=0.054_dist=500_repair_6_males=6_nmar=1,6,1
0,21,1000,0,69.87743436445452,259.6309062773876,30.500779065178115,0,0,0,729,D_pmar=0.054_dist=500_repair_6_males=6_nmar=1,6,1
0,11,1000,500,70.54473237989627,247.03375330872188,42.59519594991362,0,0,0,729,D_pmar=0.054_dist=500_repair_6_males=6_nmar=1,6,1
0.054,9,0,0,69.59169062638391,286.08775955065437,0,18,1.8000000000000005,2.545006294212948,72,D_pmar=0.054_dist=500_repair_6_males=6_nmar=1,6,1
0,7,0,500,70.13157580005249,259.4510282917281,30.489966007579387,0,0,0,72,D_pmar=0.054_dist=500_repair_6_males=6_nmar=1,6,1
0,3,500,0,72.9623461873201,287.19377551065895,0,0,0,0,72,D_pmar=0.054_dist=500_repair_6_males=6_nmar=1,6,1
0,14,500,500,72.09873382712964,245.30582947476375,42.65707287572747,0,0,0,72,D_pmar=0.054_dist=500_repair_6_males=6_nmar=1,6,1
0,7,1000,0,71.1505202409959,289.12326616001525,0,0,0,0,72,D_pmar=0.054_dist=500_repair_6_males=6_nmar=1,6,1
0,14,1000,500,67.44809882482883,256.27071206459175,36.647522473566205,0,0,0,72,D_pmar=0.054_dist=500_repair_6_males=6_nmar=1,6,1
0.054,6,0,0,74.57840307166835,281.4113840636529,0,19,1.9000000000000008,2.1990740740740753,730,D_pmar=0.054_dist=500_repair_6_males=6_nmar=1,6,1
0,10,0,500,70.37767727878155,240.98117468640817,48.75095759517004,0,0,0,730,D_pmar=0.054_dist=500_repair_6_males=6_nmar=1,6,1
0,13,500,0,72.42000726643322,228.83376050204123,58.78973677401565,0,0,0,730,D_pmar=0.054_dist=500_repair_6_males=6_nmar=1,6,1
0,9,500,500,69.9807469558972,290.05761902702704,0,0,0,0,730,D_pmar=0.054_dist=500_repair_6_males=6_nmar=1,6,1
0,12,1000,0,71.44324662244996,288.67786825438407,0,0,0,0,730,D_pmar=0.054_dist=500_repair_6_males=6_nmar=1,6,1
0,4,1000,500,71.54173527484231,282.4590295115094,6.08125748501148,0,0,0,730,D_pmar=0.054_dist=500_repair_6_males=6_nmar=1,6,1
0,13,0,0,66.90826255615623,244.49363941480456,48.67510567353951,0,0,0,731,D_pmar=0.054_dist=500_repair_6_males=6_nmar=1,6,1
0,8,0,500,69.92568851082247,283.9144128953003,6.234224154055318,0,0,0,731,D_pmar=0.054_dist=500_repair_6_males=6_nmar=1,6,1
0.054,2,500,0,70.71679797045795,284.6522735453831,0,16,1.6000000000000003,3.0324934346843024,731,D_pmar=0.054_dist=500_repair_6_males=6_nmar=1,6,1
0,6,500,500,67.56012945503048,292.4881267430915,0,0,0,0,731,D_pmar=0.054_dist=500_repair_6_males=6_nmar=1,6,1
0,13,1000,0,69.85013185072667,277.90000497754454,12.290657483574767,0,0,0,731,D_pmar=0.054_dist=500_repair_6_males=6_nmar=1,6,1
0,12,1000,500,69.34533007229577,260.04859246617457,30.61134027640793,0,0,0,731,D_pmar=0.054_dist=500_repair_6_males=6_nmar=1,6,1
0,7,0,0,71.21638129135576,252.0945327311175,36.84296307154522,0,0,0,732,D_pmar=0.054_dist=500_repair_6_males=6_nmar=1,6,1
0,13,0,500,70.0370021506058,283.9333458455069,6.06321025408108,0,0,0,732,D_pmar=0.054_dist=500_repair_6_males=6_nmar=1,6,1
0,11,500,0,72.73384419767277,263.155611780614,24.173693422972537,0,0,0,732,D_pmar=0.054_dist=500_repair_6_males=6_nmar=1,6,1
0,9,500,500,67.80818805067113,273.90397763326956,18.405904338533613,0,0,0,732,D_pmar=0.054_dist=500_repair_6_males=6_nmar=1,6,1
0.054,5,1000,0,69.14323194457319,287.0454431106433,0,15,1.5000000000000002,2.326707558225515,732,D_pmar=0.054_dist=500_repair_6_males=6_nmar=1,6,1
0,9,1000,500,69.72631672181929,284.1438802055667,6.134869047064117,0,0,0,732,D_pmar=0.054_dist=500_repair_6_males=6_nmar=1,6,1
0.054,3,0,0,71.7840827689493,283.0040690279363,0,21,2.1000000000000005,3.1191142585504186,733,D_pmar=0.054_dist=500_repair_6_males=6_nmar=1,6,1
0,20,0,500,67.29354796736465,255.95537329528025,36.75486537926491,0,0,0,733,D_pmar=0.054_dist=500_repair_6_males=6_nmar=1,6,1
0,5,500,0,71.75202727116809,269.8188151200949,18.462552222511036,0,0,0,733,D_pmar=0.054_dist=500_repair_6_males=6_nmar=1,6,1
0,6,500,500,71.74460731632554,233.30442035059903,54.962396117298425,0,0,0,733,D_pmar=0.054_dist=500_repair_6_males=6_nmar=1,6,1
0,16,1000,0,72.8705833813167,287.2742101939944,0,0,0,0,733,D_pmar=0.054_dist=500_repair_6_males=6_nmar=1,6,1
0,4,1000,500,70.37311872952888,271.42288627962523,18.331518182848452,0,0,0,733,D_pmar=0.054_dist=500_repair_6_males=6_nmar=1,6,1
0,11,0,0,75.05575818915395,267.0219842213582,18.175300417365634,0,0,0,734,D_pmar=0.054_dist=500_repair_6_males=6_nmar=1,6,1
0.054,19,0,500,67.60096268845436,288.2890146345407,0,22,2.2000000000000006,2.0300575187461796,734,D_pmar=0.054_dist=500_repair_6_males=6_nmar=1,6,1
0,7,500,0,70.79276950356113,270.9973840509078,18.269127339626035,0,0,0,734,D_pmar=0.054_dist=500_repair_6_males=6_nmar=1,6,1
0,7,500,500,67.77631265450434,243.1898584680209,49.090704424673895,0,0,0,734,D_pmar=0.054_dist=500_repair_6_males=6_nmar=1,6,1
0,6,1000,0,67.83216849737126,267.75125534398353,24.431149330451365,0,0,0,734,D_pmar=0.054_dist=500_repair_6_males=6_nmar=1,6,1
0,4,1000,500,71.60892756558938,263.959804704789,24.459620595679624,0,0,0,734,D_pmar=0.054_dist=500_repair_6_males=6_nmar=1,6,1
0,10,0,0,71.34379274584941,282.4776382032935,6.198044601529501,0,0,0,735,D_pmar=0.054_dist=500_repair_6_males=6_nmar=1,6,1
0,6,0,500,69.70496778201336,271.9991762671587,18.421144476109227,0,0,0,735,D_pmar=0.054_dist=500_repair_6_males=6_nmar=1,6,1
0,9,500,0,71.29523276884571,270.48344697109326,18.252768891966607,0,0,0,735,D_pmar=0.054_dist=500_repair_6_males=6_nmar=1,6,1
0,14,500,500,71.2555219168144,257.97979746052584,30.818070242742543,0,0,0,735,D_pmar=0.054_dist=500_repair_6_males=6_nmar=1,6,1
0.054,9,1000,0,68.42157860510196,288.4392602874901,0,14,1.4,1.8749999999999996,735,D_pmar=0.054_dist=500_repair_6_males=6_nmar=1,6,1
0,6,1000,500,68.182449352507,279.6914066930946,12.243776159222817,0,0,0,735,D_pmar=0.054_dist=500_repair_6_males=6_nmar=1,6,1
0,9,0,0,69.24501996885309,278.2530321361661,12.545118768200595,0,0,0,736,D_pmar=0.054_dist=500_repair_6_males=6_nmar=1,6,1
0,7,0,500,69.69043902194083,284.2344449027382,6.081574096896432,0,0,0,736,D_pmar=0.054_dist=500_repair_6_males=6_nmar=1,6,1
0,9,500,0,71.70761492100314,209.2576651526881,79.1649862261069,0,0,0,736,D_pmar=0.054_dist=500_repair_6_males=6_nmar=1,6,1
0,13,500,500,71.003357769261,289.12675122348554,0,0,0,0,736,D_pmar=0.054_dist=500_repair_6_males=6_nmar=1,6,1
0,9,1000,0,71.25719164326858,270.48592786906624,18.28195889797551,0,0,0,736,D_pmar=0.054_dist=500_repair_6_males=6_nmar=1,6,1
0.054,7,1000,500,70.24324594356173,285.0127131985794,0,19,1.9000000000000008,2.9898864802036127,736,D_pmar=0.054_dist=500_repair_6_males=6_nmar=1,6,1
0,11,0,0,72.2678366032109,275.7032507474223,12.296363575141266,0,0,0,737,D_pmar=0.054_dist=500_repair_6_males=6_nmar=1,6,1
0.054,13,0,500,71.60136093417755,284.8176992320764,0,13,1.3,2.410697583882664,737,D_pmar=0.054_dist=500_repair_6_males=6_nmar=1,6,1
0,6,500,0,68.32236460402274,279.4191421529767,12.357128161373833,0,0,0,737,D_pmar=0.054_dist=500_repair_6_males=6_nmar=1,6,1
0,6,500,500,70.0087942647743,273.7980768542766,16.21594547134411,0,0,0,737,D_pmar=0.054_dist=500_repair_6_males=6_nmar=1,6,1
0,10,1000,0,69.0614463447799,272.689516395093,18.299496217082662,0,0,0,737,D_pmar=0.054_dist=500_repair_6_males=6_nmar=1,6,1
0,8,1000,500,73.12566537375659,268.78811107024796,18.295439424368908,0,0,0,737,D_pmar=0.054_dist=500_repair_6_males=6_nmar=1,6,1
0,3,0,0,72.090213871069,287.96250505619446,0,0,0,0,738,D_pmar=0.054_dist=500_repair_6_males=6_nmar=1,6,1
0,14,0,500,70.43680258303597,246.82067570362025,42.83671281645332,0,0,0,738,D_pmar=0.054_dist=500_repair_6_males=6_nmar=1,6,1
0,13,500,0,73.60583782552627,255.9429258349465,30.468571869428104,0,0,0,738,D_pmar=0.054_dist=500_repair_6_males=6_nmar=1,6,1
0.054,10,500,500,70.55389608346707,285.7028813987912,0,19,1.9000000000000008,2.106481481481482,738,D_pmar=0.054_dist=500_repair_6_males=6_nmar=1,6,1
0,6,1000,0,70.61788504859547,246.8603717134809,42.69317473216405,0,0,0,738,D_pmar=0.054_dist=500_repair_6_males=6_nmar=1,6,1
0,8,1000,500,72.10989297545117,287.98282440824516,0,0,0,0,738,D_pmar=0.054_dist=500_repair_6_males=6_nmar=1,6,1
0,10,0,0,70.59816407853373,277.2332797217262,12.185518298449235,0,0,0,739,D_pmar=0.054_dist=500_repair_6_males=6_nmar=1,6,1
0,18,0,500,74.0491984721235,267.7210740736875,18.27079727549902,0,0,0,739,D_pmar=0.054_dist=500_repair_6_males=6_nmar=1,6,1
0,4,500,0,71.91090334293438,243.88563791610912,44.252475081847344,0,0,0,739,D_pmar=0.054_dist=500_repair_6_males=6_nmar=1,6,1
0.054,14,500,500,72.22563274645175,283.5532950591769,0,17,1.7000000000000004,2.699556580748848,739,D_pmar=0.054_dist=500_repair_6_males=6_nmar=1,6,1
0,3,1000,0,72.4849314576937,287.7521086367022,0,0,0,0,739,D_pmar=0.054_dist=500_repair_6_males=6_nmar=1,6,1
0,5,1000,500,69.25925561733156,266.5445859357702,24.227718171540232,0,0,0,739,D_pmar=0.054_dist=500_repair_6_males=6_nmar=1,6,1
0.054,11,0,0,72.32068481666671,284.1718455176496,0,15,1.5000000000000002,2.200037744452376,73,D_pmar=0.054_dist=500_repair_6_males=6_nmar=1,6,1
0,11,0,500,68.38099542725085,291.6887529571828,0,0,0,0,73,D_pmar=0.054_dist=500_repair_6_males=6_nmar=1,6,1
0,6,500,0,69.70560475196113,253.86405461671507,36.62501114306849,0,0,0,73,D_pmar=0.054_dist=500_repair_6_males=6_nmar=1,6,1
0,7,500,500,67.8942071294221,255.78910520678107,36.45314472411574,0,0,0,73,D_pmar=0.054_dist=500_repair_6_males=6_nmar=1,6,1
0,6,1000,0,68.08590746855351,285.94790201026586,6.099038219826013,0,0,0,73,D_pmar=0.054_dist=500_repair_6_males=6_nmar=1,6,1
0,13,1000,500,71.7162739313405,276.1890428322379,12.155475433081374,0,0,0,73,D_pmar=0.054_dist=500_repair_6_males=6_nmar=1,6,1
0,11,0,0,73.30001463490298,286.7184856679547,0,0,0,0,740,D_pmar=0.054_dist=500_repair_6_males=6_nmar=1,6,1
0,10,0,500,66.97774623676169,293.3129958964503,0,0,0,0,740,D_pmar=0.054_dist=500_repair_6_males=6_nmar=1,6,1
0,5,500,0,67.7617370878235,249.37602464722403,42.89340236750661,0,0,0,740,D_pmar=0.054_dist=500_repair_6_males=6_nmar=1,6,1
0.054,12,500,500,69.23606936608437,286.42579495924247,0,20,2.0000000000000004,2.4602840566542135,740,D_pmar=0.054_dist=500_repair_6_males=6_nmar=1,6,1
0,14,1000,0,67.39790375843525,268.39039418413637,24.303876456955372,0,0,0,740,D_pmar=0.054_dist=500_repair_6_males=6_nmar=1,6,1
0,2,1000,500,75.26785787532037,229.49482889140776,55.27031480280568,0,0,0,740,D_pmar=0.054_dist=500_repair_6_males=6_nmar=1,6,1
0,7,0,0,70.2607939159205,265.51306725586113,24.453180996620837,0,0,0,741,D_pmar=0.054_dist=500_repair_6_males=6_nmar=1,6,1
0,20,0,500,70.80142118967633,252.56694438644067,36.871019237288166,0,0,0,741,D_pmar=0.054_dist=500_repair_6_males=6_nmar=1,6,1
0,2,500,0,72.89233957644976,281.23582561027865,6.066197675621883,0,0,0,741,D_pmar=0.054_dist=500_repair_6_males=6_nmar=1,6,1
0.054,14,500,500,69.54959214608581,286.3576344382227,0,17,1.7000000000000004,2.4467241854128496,741,D_pmar=0.054_dist=500_repair_6_males=6_nmar=1,6,1
0,4,1000,0,70.58756524347191,271.43206149719305,18.260367761986455,0,0,0,741,D_pmar=0.054_dist=500_repair_6_males=6_nmar=1,6,1
0,7,1000,500,72.93950985533363,268.63683567881606,18.56782611053764,0,0,0,741,D_pmar=0.054_dist=500_repair_6_males=6_nmar=1,6,1
0,5,0,0,74.25997291670188,285.74612111981486,0,0,0,0,742,D_pmar=0.054_dist=500_repair_6_males=6_nmar=1,6,1
0,10,0,500,73.91197812394824,267.75119158836617,18.34970680197412,0,0,0,742,D_pmar=0.054_dist=500_repair_6_males=6_nmar=1,6,1
0,12,500,0,72.57617134791082,263.4722977300952,24.191772664836517,0,0,0,742,D_pmar=0.054_dist=500_repair_6_males=6_nmar=1,6,1
0,8,500,500,70.02938871019987,284.24052065148,6.054119964505784,0,0,0,742,D_pmar=0.054_dist=500_repair_6_males=6_nmar=1,6,1
0,8,1000,0,71.34689663119408,252.3166072396897,36.4008096191653,0,0,0,742,D_pmar=0.054_dist=500_repair_6_males=6_nmar=1,6,1
0.054,11,1000,500,74.10724821066363,282.7447891086545,0,14,1.4,2.007590788457357,742,D_pmar=0.054_dist=500_repair_6_males=6_nmar=1,6,1
0,11,0,0,68.47309462429853,279.57080211983407,12.1371988879439,0,0,0,743,D_pmar=0.054_dist=500_repair_6_males=6_nmar=1,6,1
0,7,0,500,70.75800370167056,264.85154287739067,24.41694864845074,0,0,0,743,D_pmar=0.054_dist=500_repair_6_males=6_nmar=1,6,1
0,10,500,0,71.6610602203708,288.4380573010976,0,0,0,0,743,D_pmar=0.054_dist=500_repair_6_males=6_nmar=1,6,1
0,12,500,500,74.64246265222246,267.3025474565821,18.147435335475155,0,0,0,743,D_pmar=0.054_dist=500_repair_6_males=6_nmar=1,6,1
0,8,1000,0,72.29090830082974,269.6143679879293,18.421037541739658,0,0,0,743,D_pmar=0.054_dist=500_repair_6_males=6_nmar=1,6,1
0.054,6,1000,500,68.24848449914364,288.5459939364655,0,12,1.2,2.060185185185185,743,D_pmar=0.054_dist=500_repair_6_males=6_nmar=1,6,1
0,5,0,0,70.18428839466203,247.45715835240765,42.50294450691177,0,0,0,744,D_pmar=0.054_dist=500_repair_6_males=6_nmar=1,6,1
0,9,0,500,67.88925097656038,292.1874057849904,0,0,0,0,744,D_pmar=0.054_dist=500_repair_6_males=6_nmar=1,6,1
0,13,500,0,70.46424208217731,259.130854372026,30.470311410406588,0,0,0,744,D_pmar=0.054_dist=500_repair_6_males=6_nmar=1,6,1
0,10,500,500,67.70398455571564,249.40959618729332,42.93720335970818,0,0,0,744,D_pmar=0.054_dist=500_repair_6_males=6_nmar=1,6,1
0,11,1000,0,69.86981908859252,290.1372622263301,0,0,0,0,744,D_pmar=0.054_dist=500_repair_6_males=6_nmar=1,6,1
0.054,6,1000,500,69.94525820316296,285.67599485955543,0,19,1.9000000000000008,2.516393609548601,744,D_pmar=0.054_dist=500_repair_6_males=6_nmar=1,6,1
0,11,0,0,72.03224120226722,269.9154046231583,18.18654085891489,0,0,0,745,D_pmar=0.054_dist=500_repair_6_males=6_nmar=1,6,1
0.054,13,0,500,75.06084282068882,280.3131641382048,0,16,1.6000000000000003,3.071042767553529,745,D_pmar=0.054_dist=500_repair_6_males=6_nmar=1,6,1
0,7,500,0,67.0841055531762,253.70397995612444,39.250114158244394,0,0,0,745,D_pmar=0.054_dist=500_repair_6_males=6_nmar=1,6,1
0,14,500,500,68.1844428872514,279.72538570945864,12.093187918001336,0,0,0,745,D_pmar=0.054_dist=500_repair_6_males=6_nmar=1,6,1
0,4,1000,0,65.65092372012644,276.17474926829755,18.223992023229737,0,0,0,745,D_pmar=0.054_dist=500_repair_6_males=6_nmar=1,6,1
0,5,1000,500,71.0691505184737,282.9776815341947,6.046565889103312,0,0,0,745,D_pmar=0.054_dist=500_repair_6_males=6_nmar=1,6,1
0,6,0,0,72.83102910029342,262.7860594569508,24.627404733300462,0,0,0,746,D_pmar=0.054_dist=500_repair_6_males=6_nmar=1,6,1
0,11,0,500,70.76961744371977,264.89115192126366,24.44423196234209,0,0,0,746,D_pmar=0.054_dist=500_repair_6_males=6_nmar=1,6,1
0,14,500,0,69.7236096608594,259.7991838753894,30.523520750126,0,0,0,746,D_pmar=0.054_dist=500_repair_6_males=6_nmar=1,6,1
0,7,500,500,72.02522564454277,288.0313932653953,0,0,0,0,746,D_pmar=0.054_dist=500_repair_6_males=6_nmar=1,6,1
0.054,14,1000,0,71.97195705828513,283.790992555239,0,18,1.8000000000000005,2.5169801541795884,746,D_pmar=0.054_dist=500_repair_6_males=6_nmar=1,6,1
0,2,1000,500,70.92448472492094,258.83428447146247,30.364628406038463,0,0,0,746,D_pmar=0.054_dist=500_repair_6_males=6_nmar=1,6,1
0,9,0,0,66.70417911200279,256.83991942124874,36.570499080155464,0,0,0,747,D_pmar=0.054_dist=500_repair_6_males=6_nmar=1,6,1
0,8,0,500,68.94669703497063,266.48042033735675,24.67905588348901,0,0,0,747,D_pmar=0.054_dist=500_repair_6_males=6_nmar=1,6,1
0.054,5,500,0,72.49853927156137,283.08233528852315,0,14,1.4,3.038414409368523,747,D_pmar=0.054_dist=500_repair_6_males=6_nmar=1,6,1
0,13,500,500,68.45612245478323,291.8684408747945,0,0,0,0,747,D_pmar=0.054_dist=500_repair_6_males=6_nmar=1,6,1
0,9,1000,0,69.90851094257967,284.1413689716319,6.066240060726935,0,0,0,747,D_pmar=0.054_dist=500_repair_6_males=6_nmar=1,6,1
0,10,1000,500,73.99693228694697,267.7763146293102,18.426242246697463,0,0,0,747,D_pmar=0.054_dist=500_repair_6_males=6_nmar=1,6,1
0.054,8,0,0,68.13545331388521,287.3341343321575,0,23,2.3000000000000007,2.5145235416196683,748,D_pmar=0.054_dist=500_repair_6_males=6_nmar=1,6,1
0,10,0,500,72.11173024362334,269.59038862255477,18.362215010010733,0,0,0,748,D_pmar=0.054_dist=500_repair_6_males=6_nmar=1,6,1
0,6,500,0,69.5147492677442,272.11842781760276,18.423661185047344,0,0,0,748,D_pmar=0.054_dist=500_repair_6_males=6_nmar=1,6,1
0,15,500,500,73.85713403647382,237.07369438469524,49.17045983564632,0,0,0,748,D_pmar=0.054_dist=500_repair_6_males=6_nmar=1,6,1
0,4,1000,0,66.3509318089231,287.6372073760573,6.081434820978193,0,0,0,748,D_pmar=0.054_dist=500_repair_6_males=6_nmar=1,6,1
0,11,1000,500,73.36646014458687,237.7758093936769,48.94395555817772,0,0,0,748,D_pmar=0.054_dist=500_repair_6_males=6_nmar=1,6,1
0.054,8,0,0,68.96635246335406,286.6531879133944,0,20,2.0000000000000004,2.4695680414489845,749,D_pmar=0.054_dist=500_repair_6_males=6_nmar=1,6,1
0,14,0,500,72.04650615623375,233.24309141448185,54.90186875845385,0,0,0,749,D_pmar=0.054_dist=500_repair_6_males=6_nmar=1,6,1
0,7,500,0,69.2129202493631,272.4034791786106,18.553877351514508,0,0,0,749,D_pmar=0.054_dist=500_repair_6_males=6_nmar=1,6,1
0,7,500,500,72.55240796132759,287.6268393302765,0,0,0,0,749,D_pmar=0.054_dist=500_repair_6_males=6_nmar=1,6,1
0,11,1000,0,73.03467537999977,244.43515229566827,42.72258091691054,0,0,0,749,D_pmar=0.054_dist=500_repair_6_males=6_nmar=1,6,1
0,7,1000,500,69.2394588504793,285.0108546070343,6.104139909680759,0,0,0,749,D_pmar=0.054_dist=500_repair_6_males=6_nmar=1,6,1
0,6,0,0,70.99784920959452,289.08465159321804,0,0,0,0,74,D_pmar=0.054_dist=500_repair_6_males=6_nmar=1,6,1
0,12,0,500,70.3998825096952,240.6499834370196,48.97789888177655,0,0,0,74,D_pmar=0.054_dist=500_repair_6_males=6_nmar=1,6,1
0.054,14,500,0,72.15215741149434,283.17095903758485,0,22,2.2000000000000006,2.670943896084501,74,D_pmar=0.054_dist=500_repair_6_males=6_nmar=1,6,1
0,7,500,500,71.05095397832827,282.9531507404511,6.030830364013636,0,0,0,74,D_pmar=0.054_dist=500_repair_6_males=6_nmar=1,6,1
0,9,1000,0,67.18413182056571,249.98092734484135,42.88686902168774,0,0,0,74,D_pmar=0.054_dist=500_repair_6_males=6_nmar=1,6,1
0,6,1000,500,74.19598123444358,249.04807850625005,36.87684919897299,0,0,0,74,D_pmar=0.054_dist=500_repair_6_males=6_nmar=1,6,1
0,12,0,0,72.19499222443139,251.36688730073124,36.555563265505256,0,0,0,750,D_pmar=0.054_dist=500_repair_6_males=6_nmar=1,6,1
0.054,11,0,500,73.88926599274659,282.3324529746346,0,19,1.9000000000000008,2.1904494675455912,750,D_pmar=0.054_dist=500_repair_6_males=6_nmar=1,6,1
0,6,500,0,71.52423947728683,282.372276219998,6.115339780679425,0,0,0,750,D_pmar=0.054_dist=500_repair_6_males=6_nmar=1,6,1
0,9,500,500,74.61568979986102,242.65443466651703,42.82800414544166,0,0,0,750,D_pmar=0.054_dist=500_repair_6_males=6_nmar=1,6,1
0,8,1000,0,73.43420659599008,262.16216436952396,24.559388322604253,0,0,0,750,D_pmar=0.054_dist=500_repair_6_males=6_nmar=1,6,1
0,8,1000,500,69.96316809358353,283.9078942385501,6.273662006419366,0,0,0,750,D_pmar=0.054_dist=500_repair_6_males=6_nmar=1,6,1
0,9,0,0,73.50159712268935,268.19100760109154,18.518491542359538,0,0,0,751,D_pmar=0.054_dist=500_repair_6_males=6_nmar=1,6,1
0,9,0,500,73.73993403869497,286.34218562469005,0,0,0,0,751,D_pmar=0.054_dist=500_repair_6_males=6_nmar=1,6,1
0.054,9,500,0,72.79769788305413,283.4309088166916,0,15,1.5000000000000002,2.350159998485678,751,D_pmar=0.054_dist=500_repair_6_males=6_nmar=1,6,1
0,13,500,500,71.8465217384028,251.6284474519894,36.66839602997881,0,0,0,751,D_pmar=0.054_dist=500_repair_6_males=6_nmar=1,6,1
0,4,1000,0,70.02914034653783,257.1613734131897,32.99505482682495,0,0,0,751,D_pmar=0.054_dist=500_repair_6_males=6_nmar=1,6,1
0,10,1000,500,70.05104065674847,289.96410209049793,0,0,0,0,751,D_pmar=0.054_dist=500_repair_6_males=6_nmar=1,6,1
0.054,14,0,0,71.23398572243447,284.5277865688226,0,16,1.6000000000000003,2.7484616356610725,752,D_pmar=0.054_dist=500_repair_6_males=6_nmar=1,6,1
0,10,0,500,69.40483897473746,278.5648371736562,12.08645617713125,0,0,0,752,D_pmar=0.054_dist=500_repair_6_males=6_nmar=1,6,1
0,8,500,0,73.24734670590233,249.97573949429608,36.78080070887973,0,0,0,752,D_pmar=0.054_dist=500_repair_6_males=6_nmar=1,6,1
0,9,500,500,72.39760085136594,256.9643107374409,30.796134945927,0,0,0,752,D_pmar=0.054_dist=500_repair_6_males=6_nmar=1,6,1
0,5,1000,0,70.12841169524428,289.91231537997726,0,0,0,0,752,D_pmar=0.054_dist=500_repair_6_males=6_nmar=1,6,1
0,8,1000,500,76.88894075649047,264.78238792115394,18.33782725271758,0,0,0,752,D_pmar=0.054_dist=500_repair_6_males=6_nmar=1,6,1
0,9,0,0,70.68240422666098,264.88337978011725,24.56772176569065,0,0,0,753,D_pmar=0.054_dist=500_repair_6_males=6_nmar=1,6,1
0,7,0,500,71.14959731492591,228.5151262777418,60.50810895909101,0,0,0,753,D_pmar=0.054_dist=500_repair_6_males=6_nmar=1,6,1
0,8,500,0,68.90243315920442,291.17243135514065,0,0,0,0,753,D_pmar=0.054_dist=500_repair_6_males=6_nmar=1,6,1
0.054,8,500,500,73.55204003617497,281.4463242482061,0,23,2.3000000000000007,2.862991686739168,753,D_pmar=0.054_dist=500_repair_6_males=6_nmar=1,6,1
0,13,1000,0,69.87748326078129,277.8007383105599,12.384016006869151,0,0,0,753,D_pmar=0.054_dist=500_repair_6_males=6_nmar=1,6,1
0,9,1000,500,70.99398388172001,251.20278250284116,37.94577924044492,0,0,0,753,D_pmar=0.054_dist=500_repair_6_males=6_nmar=1,6,1
0,18,0,0,71.90010187639648,275.9460732865274,12.252195097148515,0,0,0,754,D_pmar=0.054_dist=500_repair_6_males=6_nmar=1,6,1
0,3,0,500,74.71950941312917,260.53167997322305,24.873226214465337,0,0,0,754,D_pmar=0.054_dist=500_repair_6_males=6_nmar=1,6,1
0.054,11,500,0,72.14521132975221,284.21391611581817,0,13,1.3,2.40740740740741,754,D_pmar=0.054_dist=500_repair_6_males=6_nmar=1,6,1
0,13,500,500,67.3021952997589,280.3620717386641,12.517942335455263,0,0,0,754,D_pmar=0.054_dist=500_repair_6_males=6_nmar=1,6,1
0,3,1000,0,71.44768452158019,282.58434473766556,6.000928550760818,0,0,0,754,D_pmar=0.054_dist=500_repair_6_males=6_nmar=1,6,1
0,6,1000,500,74.27816075094411,261.2658266390728,24.575656590331587,0,0,0,754,D_pmar=0.054_dist=500_repair_6_males=6_nmar=1,6,1
0,6,0,0,67.80407302480042,249.58195470830833,42.63360631137186,0,0,0,755,D_pmar=0.054_dist=500_repair_6_males=6_nmar=1,6,1
0.054,10,0,500,71.82073212275945,283.26377486336037,0,21,2.1000000000000005,2.912650993146016,755,D_pmar=0.054_dist=500_repair_6_males=6_nmar=1,6,1
0,10,500,0,68.4746994840322,241.3059629327841,50.23702876482163,0,0,0,755,D_pmar=0.054_dist=500_repair_6_males=6_nmar=1,6,1
0,8,500,500,68.97873602478573,285.08383621096664,6.203645593754137,0,0,0,755,D_pmar=0.054_dist=500_repair_6_males=6_nmar=1,6,1
0,10,1000,0,75.46187736712935,266.50475511529316,18.22185823266541,0,0,0,755,D_pmar=0.054_dist=500_repair_6_males=6_nmar=1,6,1
0,10,1000,500,71.74931035907917,282.19387331317625,6.162345395436136,0,0,0,755,D_pmar=0.054_dist=500_repair_6_males=6_nmar=1,6,1
0,11,0,0,68.81252218920153,260.63531620394025,30.605175649900225,0,0,0,756,D_pmar=0.054_dist=500_repair_6_males=6_nmar=1,6,1
0,6,0,500,71.63855411225529,233.57200082191304,54.9827471958695,0,0,0,756,D_pmar=0.054_dist=500_repair_6_males=6_nmar=1,6,1
0,4,500,0,75.3428706386676,278.60204961068115,6.056563758187081,0,0,0,756,D_pmar=0.054_dist=500_repair_6_males=6_nmar=1,6,1
0,15,500,500,68.26556615755388,267.5073478924571,24.305186317407255,0,0,0,756,D_pmar=0.054_dist=500_repair_6_males=6_nmar=1,6,1
0,7,1000,0,67.43698301878901,292.71192887003025,0,0,0,0,756,D_pmar=0.054_dist=500_repair_6_males=6_nmar=1,6,1
0.054,11,1000,500,67.0366717742282,288.80995562638503,0,19,1.9000000000000008,2.3425939355638317,756,D_pmar=0.054_dist=500_repair_6_males=6_nmar=1,6,1
0,9,0,0,72.18835198718587,281.69504900759233,6.337896535275249,0,0,0,757,D_pmar=0.054_dist=500_repair_6_males=6_nmar=1,6,1
0,10,0,500,69.71357461975009,253.5747857978726,36.81110367749801,0,0,0,757,D_pmar=0.054_dist=500_repair_6_males=6_nmar=1,6,1
0,4,500,0,69.871723833164,259.76902499327616,30.494486306092295,0,0,0,757,D_pmar=0.054_dist=500_repair_6_males=6_nmar=1,6,1
0,5,500,500,71.13745820078657,289.00289233234656,0,0,0,0,757,D_pmar=0.054_dist=500_repair_6_males=6_nmar=1,6,1
0,13,1000,0,70.05455972998287,271.9012745050461,18.068226458415506,0,0,0,757,D_pmar=0.054_dist=500_repair_6_males=6_nmar=1,6,1
0.054,13,1000,500,67.82581859426847,288.46191644229333,0,15,1.5000000000000002,2.2386158317708205,757,D_pmar=0.054_dist=500_repair_6_males=6_nmar=1,6,1
0.054,12,0,0,69.37336500731614,286.7162683094653,0,19,1.9000000000000008,2.0833333333333335,758,D_pmar=0.054_dist=500_repair_6_males=6_nmar=1,6,1
0,14,0,500,70.40199787296005,258.1414974032541,31.47708856808883,0,0,0,758,D_pmar=0.054_dist=500_repair_6_males=6_nmar=1,6,1
0,8,500,0,70.18887578995677,289.9650441898443,0,0,0,0,758,D_pmar=0.054_dist=500_repair_6_males=6_nmar=1,6,1
0,10,500,500,73.86112842438543,252.57642345329097,33.60105698211017,0,0,0,758,D_pmar=0.054_dist=500_repair_6_males=6_nmar=1,6,1
0,3,1000,0,70.82815089589033,277.3325650218624,12.056524205181784,0,0,0,758,D_pmar=0.054_dist=500_repair_6_males=6_nmar=1,6,1
0,7,1000,500,69.96732711692513,259.7798271715478,30.308051956766487,0,0,0,758,D_pmar=0.054_dist=500_repair_6_males=6_nmar=1,6,1
0,17,0,0,72.02301651230486,232.8574618664316,55.16284455879722,0,0,0,759,D_pmar=0.054_dist=500_repair_6_males=6_nmar=1,6,1
0,4,0,500,71.3169906309367,288.88079753587795,0,0,0,0,759,D_pmar=0.054_dist=500_repair_6_males=6_nmar=1,6,1
0,9,500,0,73.41971309200181,262.4448366428935,24.21909993447497,0,0,0,759,D_pmar=0.054_dist=500_repair_6_males=6_nmar=1,6,1
0,11,500,500,73.78522595434357,286.29987621746614,0,0,0,0,759,D_pmar=0.054_dist=500_repair_6_males=6_nmar=1,6,1
0.054,5,1000,0,70.03739104472697,285.9130833047853,0,15,1.5000000000000002,2.6784086069925994,759,D_pmar=0.054_dist=500_repair_6_males=6_nmar=1,6,1
0,8,1000,500,72.05979376325116,275.7941071634276,12.223519034078189,0,0,0,759,D_pmar=0.054_dist=500_repair_6_males=6_nmar=1,6,1
0,12,0,0,71.63756042495014,264.2328982968062,24.235609286952428,0,0,0,75,D_pmar=0.054_dist=500_repair_6_males=6_nmar=1,6,1
0,3,0,500,71.93246587446893,267.93400443764887,20.380211450521102,0,0,0,75,D_pmar=0.054_dist=500_repair_6_males=6_nmar=1,6,1
0.054,16,500,0,68.88166080429498,286.6903759922898,0,19,1.9000000000000008,2.555203155343759,75,D_pmar=0.054_dist=500_repair_6_males=6_nmar=1,6,1
0,9,500,500,74.40528388343222,261.2323314340326,24.381687369521096,0,0,0,75,D_pmar=0.054_dist=500_repair_6_males=6_nmar=1,6,1
0,3,1000,0,70.74981339715308,270.84245712106355,18.443933754492935,0,0,0,75,D_pmar=0.054_dist=500_repair_6_males=6_nmar=1,6,1
0,11,1000,500,74.06342113543595,261.47860336412606,24.532551098245406,0,0,0,75,D_pmar=0.054_dist=500_repair_6_males=6_nmar=1,6,1
0,10,0,0,71.61241519065594,270.0410487877593,18.544542618727142,0,0,0,760,D_pmar=0.054_dist=500_repair_6_males=6_nmar=1,6,1
0.054,9,0,500,67.10387293697765,289.8471352436206,0,10,1,2.0674469559950173,760,D_pmar=0.054_dist=500_repair_6_males=6_nmar=1,6,1
0,7,500,0,74.10673937527534,261.7449634358878,24.153193514261943,0,0,0,760,D_pmar=0.054_dist=500_repair_6_males=6_nmar=1,6,1
0,12,500,500,68.27681572971055,279.6000552793974,12.22987628172018,0,0,0,760,D_pmar=0.054_dist=500_repair_6_males=6_nmar=1,6,1
0,2,1000,0,70.38946283474824,289.6792615948052,0,0,0,0,760,D_pmar=0.054_dist=500_repair_6_males=6_nmar=1,6,1
0,14,1000,500,70.62333966264028,283.3673974412203,6.03079918224204,0,0,0,760,D_pmar=0.054_dist=500_repair_6_males=6_nmar=1,6,1
0,10,0,0,72.62222411928613,226.2990461036745,61.10897993618443,0,0,0,761,D_pmar=0.054_dist=500_repair_6_males=6_nmar=1,6,1
0,6,0,500,69.70355927202584,245.8996594867673,44.47361359253061,0,0,0,761,D_pmar=0.054_dist=500_repair_6_males=6_nmar=1,6,1
0,14,500,0,71.7898816402432,282.14129494892296,6.092975615799793,0,0,0,761,D_pmar=0.054_dist=500_repair_6_males=6_nmar=1,6,1
0,7,500,500,69.51906367844416,290.61122912024797,0,0,0,0,761,D_pmar=0.054_dist=500_repair_6_males=6_nmar=1,6,1
0.054,11,1000,0,69.85392657679772,285.9925366731655,0,19,1.9000000000000008,2.412342672120289,761,D_pmar=0.054_dist=500_repair_6_males=6_nmar=1,6,1
0,6,1000,500,70.47153314738519,289.5780761776961,0,0,0,0,761,D_pmar=0.054_dist=500_repair_6_males=6_nmar=1,6,1
0,14,0,0,74.22774675036085,273.7200997595972,12.102684669431651,0,0,0,762,D_pmar=0.054_dist=500_repair_6_males=6_nmar=1,6,1
0,8,0,500,71.550091007534,288.6560060298204,0,0,0,0,762,D_pmar=0.054_dist=500_repair_6_males=6_nmar=1,6,1
0,10,500,0,72.29528429702485,281.6914216200276,6.034854586330846,0,0,0,762,D_pmar=0.054_dist=500_repair_6_males=6_nmar=1,6,1
0.054,10,500,500,72.00752164948346,284.16331276660605,0,12,1.2,2.664189357484949,762,D_pmar=0.054_dist=500_repair_6_males=6_nmar=1,6,1
0,6,1000,0,69.9742815936825,247.38604870016368,42.67837718535246,0,0,0,762,D_pmar=0.054_dist=500_repair_6_males=6_nmar=1,6,1
0,6,1000,500,69.09288024652948,278.53769925014797,12.442892082100045,0,0,0,762,D_pmar=0.054_dist=500_repair_6_males=6_nmar=1,6,1
0,11,0,0,72.6830914885012,268.85283231801526,18.614788643831485,0,0,0,763,D_pmar=0.054_dist=500_repair_6_males=6_nmar=1,6,1
0,21,0,500,68.65996429731388,267.0075815108546,24.360805657177917,0,0,0,763,D_pmar=0.054_dist=500_repair_6_males=6_nmar=1,6,1
0.054,7,500,0,67.64407108944462,288.523694478509,0,17,1.7000000000000004,2.1711207676760154,763,D_pmar=0.054_dist=500_repair_6_males=6_nmar=1,6,1
0,6,500,500,76.81742563295698,253.0364210560466,30.36357380508353,0,0,0,763,D_pmar=0.054_dist=500_repair_6_males=6_nmar=1,6,1
0,1,1000,0,67.78052791441091,286.2387634141467,6.012108612040093,0,0,0,763,D_pmar=0.054_dist=500_repair_6_males=6_nmar=1,6,1
0,8,1000,500,70.1779796649864,265.33252554109106,24.527124728653973,0,0,0,763,D_pmar=0.054_dist=500_repair_6_males=6_nmar=1,6,1
0,9,0,0,69.68614605750791,265.9762747441178,24.379963525481855,0,0,0,764,D_pmar=0.054_dist=500_repair_6_males=6_nmar=1,6,1
0,10,0,500,69.49004353004648,267.8157058922226,22.767897767798345,0,0,0,764,D_pmar=0.054_dist=500_repair_6_males=6_nmar=1,6,1
0.054,16,500,0,72.07817260222217,284.3189591091181,0,14,1.4,2.295920513520223,764,D_pmar=0.054_dist=500_repair_6_males=6_nmar=1,6,1
0,6,500,500,70.00110553943753,284.01077857962264,6.031310015838721,0,0,0,764,D_pmar=0.054_dist=500_repair_6_males=6_nmar=1,6,1
0,10,1000,0,71.18757467224097,270.64183993504804,18.201091880301767,0,0,0,764,D_pmar=0.054_dist=500_repair_6_males=6_nmar=1,6,1
0,3,1000,500,73.39047784522896,274.6260214624669,12.142644387829542,0,0,0,764,D_pmar=0.054_dist=500_repair_6_males=6_nmar=1,6,1
0,9,0,0,71.6272470686167,257.80497482978774,30.632747731018576,0,0,0,765,D_pmar=0.054_dist=500_repair_6_males=6_nmar=1,6,1
0,4,0,500,72.88048651294437,281.27035999177787,6.0317332691425785,0,0,0,765,D_pmar=0.054_dist=500_repair_6_males=6_nmar=1,6,1
0,6,500,0,68.9044725207631,242.5793414143034,48.54105128045703,0,0,0,765,D_pmar=0.054_dist=500_repair_6_males=6_nmar=1,6,1
0.054,14,500,500,72.48283249422207,283.0091249458202,0,21,2.1000000000000005,2.4768518518518556,765,D_pmar=0.054_dist=500_repair_6_males=6_nmar=1,6,1
0,11,1000,0,72.68885995639354,260.75945201658845,26.55247407371639,0,0,0,765,D_pmar=0.054_dist=500_repair_6_males=6_nmar=1,6,1
0,10,1000,500,72.32414171389023,275.3662999543311,12.356706882246645,0,0,0,765,D_pmar=0.054_dist=500_repair_6_males=6_nmar=1,6,1
0,11,0,0,75.44102118821772,284.7109586129517,0,0,0,0,766,D_pmar=0.054_dist=500_repair_6_males=6_nmar=1,6,1
0.054,15,0,500,72.01942283381466,284.880431175594,0,11,1.1,2.1481247655838738,766,D_pmar=0.054_dist=500_repair_6_males=6_nmar=1,6,1
0,10,500,0,69.12541836927046,272.69231227808046,18.311448004196613,0,0,0,766,D_pmar=0.054_dist=500_repair_6_males=6_nmar=1,6,1
0,3,500,500,71.69527894626773,276.07661934385635,12.32914271871905,0,0,0,766,D_pmar=0.054_dist=500_repair_6_males=6_nmar=1,6,1
0,8,1000,0,72.49321488770013,275.6473067957741,12.120679670835653,0,0,0,766,D_pmar=0.054_dist=500_repair_6_males=6_nmar=1,6,1
0,7,1000,500,72.7030287543706,262.9127706695312,24.441365907776483,0,0,0,766,D_pmar=0.054_dist=500_repair_6_males=6_nmar=1,6,1
0,11,0,0,70.80487613796404,221.64742013690469,67.6578702924493,0,0,0,767,D_pmar=0.054_dist=500_repair_6_males=6_nmar=1,6,1
0.054,7,0,500,74.32856861785889,280.7898389130431,0,24,2.400000000000001,2.5217853124295,767,D_pmar=0.054_dist=500_repair_6_males=6_nmar=1,6,1
0,8,500,0,69.20316395922701,254.4349622909402,36.54390299348941,0,0,0,767,D_pmar=0.054_dist=500_repair_6_males=6_nmar=1,6,1
0,10,500,500,67.30720497901987,261.9301683972988,30.772146616392167,0,0,0,767,D_pmar=0.054_dist=500_repair_6_males=6_nmar=1,6,1
0,8,1000,0,71.76259911450097,288.33576265834597,0,0,0,0,767,D_pmar=0.054_dist=500_repair_6_males=6_nmar=1,6,1
0,10,1000,500,67.35799401906633,280.6337229426053,12.021725493387596,0,0,0,767,D_pmar=0.054_dist=500_repair_6_males=6_nmar=1,6,1
0,9,0,0,71.49638910340366,245.47740190636233,43.14888075443796,0,0,0,768,D_pmar=0.054_dist=500_repair_6_males=6_nmar=1,6,1
0,8,0,500,68.38568393985946,255.00633778675132,36.695173657609,0,0,0,768,D_pmar=0.054_dist=500_repair_6_males=6_nmar=1,6,1
0,3,500,0,70.18784922458661,242.71999155234616,47.32497214012049,0,0,0,768,D_pmar=0.054_dist=500_repair_6_males=6_nmar=1,6,1
0,12,500,500,73.91480467405266,261.8491973949169,24.268438536600673,0,0,0,768,D_pmar=0.054_dist=500_repair_6_males=6_nmar=1,6,1
0,15,1000,0,70.83778850357052,289.2361607281018,0,0,0,0,768,D_pmar=0.054_dist=500_repair_6_males=6_nmar=1,6,1
0.054,7,1000,500,68.90196301048965,285.4929527101083,0,25,2.500000000000001,3.1437773884732265,768,D_pmar=0.054_dist=500_repair_6_males=6_nmar=1,6,1
0,15,0,0,71.6968842883333,288.5706708461938,0,0,0,0,769,D_pmar=0.054_dist=500_repair_6_males=6_nmar=1,6,1
0,4,0,500,71.44232114472824,282.33669892248,6.3310464280457985,0,0,0,769,D_pmar=0.054_dist=500_repair_6_males=6_nmar=1,6,1
0,12,500,0,72.58469117889611,263.2047575366801,24.338790230484697,0,0,0,769,D_pmar=0.054_dist=500_repair_6_males=6_nmar=1,6,1
0,10,500,500,71.66046284508482,257.8428259413332,30.608040697231996,0,0,0,769,D_pmar=0.054_dist=500_repair_6_males=6_nmar=1,6,1
0,5,1000,0,71.15282939277903,258.4369831133798,30.47933986125061,0,0,0,769,D_pmar=0.054_dist=500_repair_6_males=6_nmar=1,6,1
0.054,8,1000,500,72.16108777566664,284.2863672129793,0,15,1.5000000000000002,2.2100031471064736,769,D_pmar=0.054_dist=500_repair_6_males=6_nmar=1,6,1
0.054,7,0,0,73.69466113518268,281.3132238716111,0,24,2.400000000000001,2.63272089492033,76,D_pmar=0.054_dist=500_repair_6_males=6_nmar=1,6,1
0,10,0,500,68.72202092644851,236.10503509476095,55.215625597107255,0,0,0,76,D_pmar=0.054_dist=500_repair_6_males=6_nmar=1,6,1
0,8,500,0,69.9552294304565,284.1158485120558,6.230637727959976,0,0,0,76,D_pmar=0.054_dist=500_repair_6_males=6_nmar=1,6,1
0,11,500,500,71.14946696844703,258.428075067772,30.591138434803486,0,0,0,76,D_pmar=0.054_dist=500_repair_6_males=6_nmar=1,6,1
0,14,1000,0,70.40653688527483,265.1150988820987,24.492000843136008,0,0,0,76,D_pmar=0.054_dist=500_repair_6_males=6_nmar=1,6,1
0,4,1000,500,68.30836249095906,261.2068935667507,30.52738658077636,0,0,0,76,D_pmar=0.054_dist=500_repair_6_males=6_nmar=1,6,1
0,11,0,0,69.04972915987423,248.30027833490988,42.9226930215445,0,0,0,770,D_pmar=0.054_dist=500_repair_6_males=6_nmar=1,6,1
0.054,13,0,500,67.873215412272,287.9600847754716,0,23,2.3000000000000007,2.1944210618801705,770,D_pmar=0.054_dist=500_repair_6_males=6_nmar=1,6,1
0,8,500,0,74.0709139543176,285.9411971126482,0,0,0,0,770,D_pmar=0.054_dist=500_repair_6_males=6_nmar=1,6,1
0,12,500,500,69.68166814581906,255.0854162958495,35.37877302660271,0,0,0,770,D_pmar=0.054_dist=500_repair_6_males=6_nmar=1,6,1
0,8,1000,0,69.94264963249717,277.8240566904841,12.358112313167966,0,0,0,770,D_pmar=0.054_dist=500_repair_6_males=6_nmar=1,6,1
0,2,1000,500,72.3579057154948,238.2860575348072,49.5009595903449,0,0,0,770,D_pmar=0.054_dist=500_repair_6_males=6_nmar=1,6,1
0,17,0,0,69.60630470789454,260.18623670294676,30.40403257939533,0,0,0,771,D_pmar=0.054_dist=500_repair_6_males=6_nmar=1,6,1
0,11,0,500,72.0523098343696,288.04456339571493,0,0,0,0,771,D_pmar=0.054_dist=500_repair_6_males=6_nmar=1,6,1
0,6,500,0,67.74763011672508,250.0577180136642,42.55017614129603,0,0,0,771,D_pmar=0.054_dist=500_repair_6_males=6_nmar=1,6,1
0,3,500,500,68.27675307591481,291.7447461878222,0,0,0,0,771,D_pmar=0.054_dist=500_repair_6_males=6_nmar=1,6,1
0,8,1000,0,75.14917639020399,248.36384596824877,36.58615455159518,0,0,0,771,D_pmar=0.054_dist=500_repair_6_males=6_nmar=1,6,1
0.054,9,1000,500,73.7358884746516,282.40020629915995,0,18,1.8000000000000005,2.3379629629629655,771,D_pmar=0.054_dist=500_repair_6_males=6_nmar=1,6,1
0,9,0,0,69.90630143887559,278.12903897154,12.09816691515912,0,0,0,772,D_pmar=0.054_dist=500_repair_6_males=6_nmar=1,6,1
0,5,0,500,72.66489773155244,269.10129808562266,18.35110544911537,0,0,0,772,D_pmar=0.054_dist=500_repair_6_males=6_nmar=1,6,1
0,13,500,0,66.86485047979198,293.23521458280663,0,0,0,0,772,D_pmar=0.054_dist=500_repair_6_males=6_nmar=1,6,1
0.054,9,500,500,69.68637313569687,287.0198254938354,0,6,0.6,2.695055714610949,772,D_pmar=0.054_dist=500_repair_6_males=6_nmar=1,6,1
0,15,1000,0,72.33167040950998,281.6735641527456,6.0059285291715785,0,0,0,772,D_pmar=0.054_dist=500_repair_6_males=6_nmar=1,6,1
0,3,1000,500,68.66644990816364,291.44416908308483,0,0,0,0,772,D_pmar=0.054_dist=500_repair_6_males=6_nmar=1,6,1
0,11,0,0,71.6744240772309,245.88756136370392,42.53700278749586,0,0,0,773,D_pmar=0.054_dist=500_repair_6_males=6_nmar=1,6,1
0,9,0,500,70.49487500897266,234.85912151269724,54.76798904336654,0,0,0,773,D_pmar=0.054_dist=500_repair_6_males=6_nmar=1,6,1
0,11,500,0,76.13858138163079,255.67088085603768,28.43438726389909,0,0,0,773,D_pmar=0.054_dist=500_repair_6_males=6_nmar=1,6,1
0.054,13,500,500,70.2764753848849,285.25498684832576,0,22,2.2000000000000006,2.333157804713054,773,D_pmar=0.054_dist=500_repair_6_males=6_nmar=1,6,1
0,5,1000,0,70.30038487857469,289.8052358357606,0,0,0,0,773,D_pmar=0.054_dist=500_repair_6_males=6_nmar=1,6,1
0,5,1000,500,70.68198060556146,283.4293018346023,6.070703796937669,0,0,0,773,D_pmar=0.054_dist=500_repair_6_males=6_nmar=1,6,1
0,11,0,0,71.54450460344783,239.78639365949272,48.76423175596478,0,0,0,774,D_pmar=0.054_dist=500_repair_6_males=6_nmar=1,6,1
0,6,0,500,75.83247329155746,277.9960509304085,6.218941351337041,0,0,0,774,D_pmar=0.054_dist=500_repair_6_males=6_nmar=1,6,1
0.054,13,500,0,67.89622847770012,287.7263870743255,0,19,1.9000000000000008,2.5264383246234052,774,D_pmar=0.054_dist=500_repair_6_males=6_nmar=1,6,1
0,14,500,500,71.25158355508651,264.5791668012014,24.28651347704288,0,0,0,774,D_pmar=0.054_dist=500_repair_6_males=6_nmar=1,6,1
0,3,1000,0,73.11265416313107,281.04471727039606,6.069740203511232,0,0,0,774,D_pmar=0.054_dist=500_repair_6_males=6_nmar=1,6,1
0,7,1000,500,66.6665266282503,263.11799316696687,30.459440421887336,0,0,0,774,D_pmar=0.054_dist=500_repair_6_males=6_nmar=1,6,1
0,4,0,0,68.51227494506584,291.5946651414589,0,0,0,0,775,D_pmar=0.054_dist=500_repair_6_males=6_nmar=1,6,1
0,8,0,500,67.26910276555832,266.7642013336893,26.157836030086735,0,0,0,775,D_pmar=0.054_dist=500_repair_6_males=6_nmar=1,6,1
0,10,500,0,71.32262785279102,234.5490923909217,54.352180658078325,0,0,0,775,D_pmar=0.054_dist=500_repair_6_males=6_nmar=1,6,1
0,5,500,500,73.23925163767072,250.49498720587107,36.46740025535277,0,0,0,775,D_pmar=0.054_dist=500_repair_6_males=6_nmar=1,6,1
0,12,1000,0,71.4159786196631,288.6910248931094,0,0,0,0,775,D_pmar=0.054_dist=500_repair_6_males=6_nmar=1,6,1
0.054,15,1000,500,74.15425260405983,281.5730326588281,0,20,2.0000000000000004,2.3333099507690607,775,D_pmar=0.054_dist=500_repair_6_males=6_nmar=1,6,1
0,10,0,0,70.90014620885717,252.39770565495877,36.97091986866617,0,0,0,776,D_pmar=0.054_dist=500_repair_6_males=6_nmar=1,6,1
0,14,0,500,73.63837157581071,256.1737467148604,30.364361047980445,0,0,0,776,D_pmar=0.054_dist=500_repair_6_males=6_nmar=1,6,1
0.054,11,500,0,65.40584776607184,289.96659397038775,0,18,1.8000000000000005,2.8729791289863043,776,D_pmar=0.054_dist=500_repair_6_males=6_nmar=1,6,1
0,4,500,500,68.1111800311141,261.7138685051671,30.269110824682336,0,0,0,776,D_pmar=0.054_dist=500_repair_6_males=6_nmar=1,6,1
0,8,1000,0,69.80015411024671,278.0337389185489,12.235892076401717,0,0,0,776,D_pmar=0.054_dist=500_repair_6_males=6_nmar=1,6,1
0,7,1000,500,70.26156134598723,289.7972549678605,0,0,0,0,776,D_pmar=0.054_dist=500_repair_6_males=6_nmar=1,6,1
0,13,0,0,74.58403598958371,267.22762397517243,18.294916198067337,0,0,0,777,D_pmar=0.054_dist=500_repair_6_males=6_nmar=1,6,1
0,6,0,500,70.37783497772602,289.7564535909645,0,0,0,0,777,D_pmar=0.054_dist=500_repair_6_males=6_nmar=1,6,1
0.054,9,500,0,72.1692197728555,284.04487759067894,0,19,1.9000000000000008,2.1689464076350697,777,D_pmar=0.054_dist=500_repair_6_males=6_nmar=1,6,1
0,10,500,500,69.33659620621792,256.00757401949716,34.71011117210505,0,0,0,777,D_pmar=0.054_dist=500_repair_6_males=6_nmar=1,6,1
0,6,1000,0,68.79247788551125,273.26785049275793,18.17574184685659,0,0,0,777,D_pmar=0.054_dist=500_repair_6_males=6_nmar=1,6,1
0,10,1000,500,72.41675207728714,244.97595238572796,42.73734157700165,0,0,0,777,D_pmar=0.054_dist=500_repair_6_males=6_nmar=1,6,1
0,10,0,0,70.99940806632677,264.7987667990836,24.28324129836806,0,0,0,778,D_pmar=0.054_dist=500_repair_6_males=6_nmar=1,6,1
0,8,0,500,72.08305135664443,251.64657868666933,36.37942755944508,0,0,0,778,D_pmar=0.054_dist=500_repair_6_males=6_nmar=1,6,1
0.054,10,500,0,72.90749749227346,283.52354354229544,0,15,1.5000000000000002,2.1249766174357254,778,D_pmar=0.054_dist=500_repair_6_males=6_nmar=1,6,1
0,11,500,500,72.82600572918646,281.06331266344654,6.194080703845037,0,0,0,778,D_pmar=0.054_dist=500_repair_6_males=6_nmar=1,6,1
0,8,1000,0,69.42608944461186,266.2264859460275,24.417409244046024,0,0,0,778,D_pmar=0.054_dist=500_repair_6_males=6_nmar=1,6,1
0,7,1000,500,72.72457756316976,287.3121495829284,0,0,0,0,778,D_pmar=0.054_dist=500_repair_6_males=6_nmar=1,6,1
0.054,12,0,0,74.59783420029704,280.81460693984224,0,21,2.1000000000000005,2.6167044111190454,779,D_pmar=0.054_dist=500_repair_6_males=6_nmar=1,6,1
0,10,0,500,67.36668716233399,231.6498001499347,61.11615463706097,0,0,0,779,D_pmar=0.054_dist=500_repair_6_males=6_nmar=1,6,1
0,5,500,0,72.03124231597396,281.98044805700044,6.011485367300252,0,0,0,779,D_pmar=0.054_dist=500_repair_6_males=6_nmar=1,6,1
0,14,500,500,70.1735106335707,277.7723657819481,12.093209843665978,0,0,0,779,D_pmar=0.054_dist=500_repair_6_males=6_nmar=1,6,1
0,6,1000,0,71.63212338537654,270.0113020689219,18.357165857657463,0,0,0,779,D_pmar=0.054_dist=500_repair_6_males=6_nmar=1,6,1
0,7,1000,500,67.94623329045217,261.905000350065,30.18372626897261,0,0,0,779,D_pmar=0.054_dist=500_repair_6_males=6_nmar=1,6,1
0,8,0,0,69.44479256542331,252.3707857200476,38.29520082211306,0,0,0,77,D_pmar=0.054_dist=500_repair_6_males=6_nmar=1,6,1
0,11,0,500,69.31393686289316,266.6531924659516,24.124099571556123,0,0,0,77,D_pmar=0.054_dist=500_repair_6_males=6_nmar=1,6,1
0,11,500,0,70.02316580571946,275.8875416310707,14.237339548678545,0,0,0,77,D_pmar=0.054_dist=500_repair_6_males=6_nmar=1,6,1
0,6,500,500,74.20567281277785,285.94638952378955,0,0,0,0,77,D_pmar=0.054_dist=500_repair_6_males=6_nmar=1,6,1
0.054,10,1000,0,67.59497544384574,288.28670197336703,0,18,1.8000000000000005,2.4761704339925297,77,D_pmar=0.054_dist=500_repair_6_males=6_nmar=1,6,1
0,8,1000,500,67.08956405733858,268.504475096318,24.513713517063493,0,0,0,77,D_pmar=0.054_dist=500_repair_6_males=6_nmar=1,6,1
0,5,0,0,72.07664882046076,277.74062805832324,10.197105912420843,0,0,0,780,D_pmar=0.054_dist=500_repair_6_males=6_nmar=1,6,1
0,8,0,500,71.0231436329708,264.7089743196734,24.475194349587262,0,0,0,780,D_pmar=0.054_dist=500_repair_6_males=6_nmar=1,6,1
0,10,500,0,66.83171635511897,275.0617673295603,18.16942286240212,0,0,0,780,D_pmar=0.054_dist=500_repair_6_males=6_nmar=1,6,1
0.054,11,500,500,73.00328207318044,283.2409821835008,0,16,1.6000000000000003,2.192775973642544,780,D_pmar=0.054_dist=500_repair_6_males=6_nmar=1,6,1
0,9,1000,0,68.88879890627805,272.9129678892724,18.28162552394055,0,0,0,780,D_pmar=0.054_dist=500_repair_6_males=6_nmar=1,6,1
0,11,1000,500,69.92843643228625,265.92533695710256,24.318590657190345,0,0,0,780,D_pmar=0.054_dist=500_repair_6_males=6_nmar=1,6,1
0,10,0,0,72.2549255341836,257.3918948858413,30.55599134673085,0,0,0,781,D_pmar=0.054_dist=500_repair_6_males=6_nmar=1,6,1
0,5,0,500,68.9884753769357,285.0723749677812,6.008542117346022,0,0,0,781,D_pmar=0.054_dist=500_repair_6_males=6_nmar=1,6,1
0.054,11,500,0,69.67751977607135,286.3259454759817,0,16,1.6000000000000003,2.4490506915098016,781,D_pmar=0.054_dist=500_repair_6_males=6_nmar=1,6,1
0,15,500,500,72.58827795913757,269.3490900985825,18.17981909686771,0,0,0,781,D_pmar=0.054_dist=500_repair_6_males=6_nmar=1,6,1
0,6,1000,0,68.98852331711929,284.88409193377277,6.180039606557843,0,0,0,781,D_pmar=0.054_dist=500_repair_6_males=6_nmar=1,6,1
0,7,1000,500,73.49680404024843,249.8396033751607,36.98755700897756,0,0,0,781,D_pmar=0.054_dist=500_repair_6_males=6_nmar=1,6,1
0,9,0,0,73.14293965343641,238.1778587789189,48.70494296976228,0,0,0,782,D_pmar=0.054_dist=500_repair_6_males=6_nmar=1,6,1
0,8,0,500,74.09452592494357,286.0022110976683,0,0,0,0,782,D_pmar=0.054_dist=500_repair_6_males=6_nmar=1,6,1
0,16,500,0,70.02970540134821,289.9919779310357,0,0,0,0,782,D_pmar=0.054_dist=500_repair_6_males=6_nmar=1,6,1
0.054,7,500,500,70.80843772491527,285.53560765270385,0,14,1.4,2.493245461400451,782,D_pmar=0.054_dist=500_repair_6_males=6_nmar=1,6,1
0,5,1000,0,67.00896040175562,256.62649973558376,36.39098070539196,0,0,0,782,D_pmar=0.054_dist=500_repair_6_males=6_nmar=1,6,1
0,9,1000,500,72.03683139724933,288.04410739517573,0,0,0,0,782,D_pmar=0.054_dist=500_repair_6_males=6_nmar=1,6,1
0,8,0,0,66.53711315494219,287.5069137028516,6.035477118748837,0,0,0,783,D_pmar=0.054_dist=500_repair_6_males=6_nmar=1,6,1
0,12,0,500,73.2363651005026,280.6010497327567,6.324009359711982,0,0,0,783,D_pmar=0.054_dist=500_repair_6_males=6_nmar=1,6,1
0.054,11,500,0,70.81192486414973,285.8068912858982,0,13,1.3,2.107140859747769,783,D_pmar=0.054_dist=500_repair_6_males=6_nmar=1,6,1
0,9,500,500,73.05261000253012,262.6780058295758,24.27047001832018,0,0,0,783,D_pmar=0.054_dist=500_repair_6_males=6_nmar=1,6,1
0,6,1000,0,72.75969241761965,287.3564983564561,0,0,0,0,783,D_pmar=0.054_dist=500_repair_6_males=6_nmar=1,6,1
0,8,1000,500,71.93646303337073,245.56073040123871,42.85180015868427,0,0,0,783,D_pmar=0.054_dist=500_repair_6_males=6_nmar=1,6,1
0,12,0,0,72.72973447178643,256.6067903818024,30.70734235475911,0,0,0,784,D_pmar=0.054_dist=500_repair_6_males=6_nmar=1,6,1
0.054,14,0,500,71.86959929725835,284.23913939536453,0,18,1.8000000000000005,2.0920880463247857,784,D_pmar=0.054_dist=500_repair_6_males=6_nmar=1,6,1
0,6,500,0,69.83924441386552,260.09064037342915,30.35868938518948,0,0,0,784,D_pmar=0.054_dist=500_repair_6_males=6_nmar=1,6,1
0,9,500,500,69.6415509591295,284.32105045843633,6.063326484765031,0,0,0,784,D_pmar=0.054_dist=500_repair_6_males=6_nmar=1,6,1
0,8,1000,0,71.82571973073735,266.33625168706163,22.01829450077028,0,0,0,784,D_pmar=0.054_dist=500_repair_6_males=6_nmar=1,6,1
0,5,1000,500,70.80219773068153,271.1795208949072,18.25123300387913,0,0,0,784,D_pmar=0.054_dist=500_repair_6_males=6_nmar=1,6,1
0,17,0,0,68.47177194502096,267.4433814590645,24.19747043548816,0,0,0,785,D_pmar=0.054_dist=500_repair_6_males=6_nmar=1,6,1
0,6,0,500,68.9550172781245,272.98794142437345,18.20909493996127,0,0,0,785,D_pmar=0.054_dist=500_repair_6_males=6_nmar=1,6,1
0,2,500,0,68.91603564880407,272.9435736982685,18.151770597464537,0,0,0,785,D_pmar=0.054_dist=500_repair_6_males=6_nmar=1,6,1
0,3,500,500,68.71803345297829,285.28204610806404,6.164023284673515,0,0,0,785,D_pmar=0.054_dist=500_repair_6_males=6_nmar=1,6,1
0,11,1000,0,67.79309465867729,261.88658842377066,30.397450232302045,0,0,0,785,D_pmar=0.054_dist=500_repair_6_males=6_nmar=1,6,1
0.054,15,1000,500,73.30511064212321,282.6832832310091,0,16,1.6000000000000003,2.5009636703783045,785,D_pmar=0.054_dist=500_repair_6_males=6_nmar=1,6,1
0,3,0,0,68.7204643208729,267.07292781550956,24.32971061597615,0,0,0,786,D_pmar=0.054_dist=500_repair_6_males=6_nmar=1,6,1
0.054,8,0,500,71.38277130284418,284.9155196018668,0,13,1.3,2.4354908202684387,786,D_pmar=0.054_dist=500_repair_6_males=6_nmar=1,6,1
0,10,500,0,72.5678356038373,257.0261207978198,30.51761385926536,0,0,0,786,D_pmar=0.054_dist=500_repair_6_males=6_nmar=1,6,1
0,8,500,500,67.84101383160531,292.3071592038231,0,0,0,0,786,D_pmar=0.054_dist=500_repair_6_males=6_nmar=1,6,1
0,10,1000,0,73.24158790376391,274.6055781936423,12.340431028648595,0,0,0,786,D_pmar=0.054_dist=500_repair_6_males=6_nmar=1,6,1
0,15,1000,500,72.5569686871855,275.326709395723,12.16669201965274,0,0,0,786,D_pmar=0.054_dist=500_repair_6_males=6_nmar=1,6,1
0,14,0,0,67.68673453574868,261.9452844562012,30.544126416733494,0,0,0,787,D_pmar=0.054_dist=500_repair_6_males=6_nmar=1,6,1
0,7,0,500,70.05245292226203,283.8601100818594,6.150090326696157,0,0,0,787,D_pmar=0.054_dist=500_repair_6_males=6_nmar=1,6,1
0.054,5,500,0,68.76575955569035,287.01122865378767,0,16,1.6000000000000003,2.8755878876022303,787,D_pmar=0.054_dist=500_repair_6_males=6_nmar=1,6,1
0,7,500,500,72.9924396335537,244.2465362305416,42.90565108389112,0,0,0,787,D_pmar=0.054_dist=500_repair_6_males=6_nmar=1,6,1
0,8,1000,0,71.99380153406503,288.0744417922217,0,0,0,0,787,D_pmar=0.054_dist=500_repair_6_males=6_nmar=1,6,1
0,13,1000,500,68.65558689573781,273.25206771576455,18.21871849626324,0,0,0,787,D_pmar=0.054_dist=500_repair_6_males=6_nmar=1,6,1
0,11,0,0,72.79376812596846,256.7258592622317,30.572949889562484,0,0,0,788,D_pmar=0.054_dist=500_repair_6_males=6_nmar=1,6,1
0,13,0,500,68.61684506193033,285.2248831408349,6.206976225408222,0,0,0,788,D_pmar=0.054_dist=500_repair_6_males=6_nmar=1,6,1
0,5,500,0,73.34941921746723,274.4179530073214,12.324926602806842,0,0,0,788,D_pmar=0.054_dist=500_repair_6_males=6_nmar=1,6,1
0,5,500,500,67.96445643615452,272.1943762455346,19.850262616279192,0,0,0,788,D_pmar=0.054_dist=500_repair_6_males=6_nmar=1,6,1
0,12,1000,0,71.84446689278457,270.0202608558279,18.26323376864033,0,0,0,788,D_pmar=0.054_dist=500_repair_6_males=6_nmar=1,6,1
0.054,8,1000,500,72.74082508502971,283.22962851936813,0,15,1.5000000000000002,2.5297285010986585,788,D_pmar=0.054_dist=500_repair_6_males=6_nmar=1,6,1
0,10,0,0,70.7445349264874,270.9375047471942,18.44655582855088,0,0,0,789,D_pmar=0.054_dist=500_repair_6_males=6_nmar=1,6,1
0,10,0,500,71.80363053099667,251.77734211178975,36.51459599838974,0,0,0,789,D_pmar=0.054_dist=500_repair_6_males=6_nmar=1,6,1
0,8,500,0,71.22534746788297,246.35708559073495,42.55913206102768,0,0,0,789,D_pmar=0.054_dist=500_repair_6_males=6_nmar=1,6,1
0,5,500,500,74.63448953674641,279.4187791559667,6.1148374321765004,0,0,0,789,D_pmar=0.054_dist=500_repair_6_males=6_nmar=1,6,1
0,12,1000,0,72.22813346431857,287.84934065627937,0,0,0,0,789,D_pmar=0.054_dist=500_repair_6_males=6_nmar=1,6,1
0.054,9,1000,500,70.18455711303422,285.6041768657884,0,17,1.7000000000000004,2.6199945875942987,789,D_pmar=0.054_dist=500_repair_6_males=6_nmar=1,6,1
0,4,0,0,70.94549558553959,270.72694618331553,18.45305012453503,0,0,0,78,D_pmar=0.054_dist=500_repair_6_males=6_nmar=1,6,1
0,11,0,500,68.42155371937673,291.5829481197169,0,0,0,0,78,D_pmar=0.054_dist=500_repair_6_males=6_nmar=1,6,1
0,10,500,0,72.99464679605957,262.6971547585146,24.457754469311425,0,0,0,78,D_pmar=0.054_dist=500_repair_6_males=6_nmar=1,6,1
0.054,6,500,500,70.20728238159977,285.6461930489254,0,16,1.6000000000000003,2.628597154529744,78,D_pmar=0.054_dist=500_repair_6_males=6_nmar=1,6,1
0,17,1000,0,69.34377828292715,272.4670387017605,18.249234028824677,0,0,0,78,D_pmar=0.054_dist=500_repair_6_males=6_nmar=1,6,1
0,6,1000,500,70.28858948450427,253.15304872202103,36.651394949423455,0,0,0,78,D_pmar=0.054_dist=500_repair_6_males=6_nmar=1,6,1
0,12,0,0,70.51040177306405,246.8593762202784,42.716848469741706,0,0,0,790,D_pmar=0.054_dist=500_repair_6_males=6_nmar=1,6,1
0,6,0,500,70.65831929318377,269.7194534639705,19.875432645276053,0,0,0,790,D_pmar=0.054_dist=500_repair_6_males=6_nmar=1,6,1
0,6,500,0,74.73871805222731,279.3564323378377,6.018822763167233,0,0,0,790,D_pmar=0.054_dist=500_repair_6_males=6_nmar=1,6,1
0,13,500,500,72.34688973849369,277.1074251749187,10.594696244931162,0,0,0,790,D_pmar=0.054_dist=500_repair_6_males=6_nmar=1,6,1
0,7,1000,0,73.0819033048186,225.37072523279645,61.585880358618965,0,0,0,790,D_pmar=0.054_dist=500_repair_6_males=6_nmar=1,6,1
0.054,10,1000,500,71.06365536557901,283.72017323613056,0,24,2.400000000000001,2.8306544270245855,790,D_pmar=0.054_dist=500_repair_6_males=6_nmar=1,6,1
0,18,0,0,70.64132012211785,240.334926248757,49.080351938206064,0,0,0,791,D_pmar=0.054_dist=500_repair_6_males=6_nmar=1,6,1
0,8,0,500,72.49513432780437,228.96651133165648,58.67969823809623,0,0,0,791,D_pmar=0.054_dist=500_repair_6_males=6_nmar=1,6,1
0.054,8,500,0,68.07989237643788,286.97811618586206,0,21,2.1000000000000005,3.02775439521351,791,D_pmar=0.054_dist=500_repair_6_males=6_nmar=1,6,1
0,10,500,500,72.49709326523042,287.64958685476,0,0,0,0,791,D_pmar=0.054_dist=500_repair_6_males=6_nmar=1,6,1
0,6,1000,0,68.57664348179519,285.27627097101544,6.151979717325656,0,0,0,791,D_pmar=0.054_dist=500_repair_6_males=6_nmar=1,6,1
0,4,1000,500,75.83061177955244,271.9999795919849,12.286893439832712,0,0,0,791,D_pmar=0.054_dist=500_repair_6_males=6_nmar=1,6,1
0,6,0,0,65.67169529006978,282.0890975530535,12.253993102500957,0,0,0,792,D_pmar=0.054_dist=500_repair_6_males=6_nmar=1,6,1
0,14,0,500,71.8765408471556,276.11288764806545,12.184161828076476,0,0,0,792,D_pmar=0.054_dist=500_repair_6_males=6_nmar=1,6,1
0.054,8,500,0,70.11293636837212,285.83734426412104,0,13,1.3,2.786662597232203,792,D_pmar=0.054_dist=500_repair_6_males=6_nmar=1,6,1
0,7,500,500,73.78798591304351,286.25924750630253,0,0,0,0,792,D_pmar=0.054_dist=500_repair_6_males=6_nmar=1,6,1
0,9,1000,0,70.46220909827825,289.79543676750905,0,0,0,0,792,D_pmar=0.054_dist=500_repair_6_males=6_nmar=1,6,1
0,10,1000,500,67.19702236575526,238.2431830335475,54.72625328148852,0,0,0,792,D_pmar=0.054_dist=500_repair_6_males=6_nmar=1,6,1
0,11,0,0,72.03136328254843,281.9876923285291,6.244878138034598,0,0,0,793,D_pmar=0.054_dist=500_repair_6_males=6_nmar=1,6,1
0,13,0,500,75.2010440183455,235.5995479513295,49.245429725696894,0,0,0,793,D_pmar=0.054_dist=500_repair_6_males=6_nmar=1,6,1
0.054,3,500,0,66.03835267467437,288.07708341623936,0,19,1.9000000000000008,4.027993911517647,793,D_pmar=0.054_dist=500_repair_6_males=6_nmar=1,6,1
0,6,500,500,68.5462218939441,291.5536493291781,0,0,0,0,793,D_pmar=0.054_dist=500_repair_6_males=6_nmar=1,6,1
0,9,1000,0,72.20104075244127,287.93394335842817,0,0,0,0,793,D_pmar=0.054_dist=500_repair_6_males=6_nmar=1,6,1
0,12,1000,500,71.03492726112705,234.57635671868368,54.490205731816424,0,0,0,793,D_pmar=0.054_dist=500_repair_6_males=6_nmar=1,6,1
0,6,0,0,72.81079841445856,256.8794597449126,30.564784871526285,0,0,0,794,D_pmar=0.054_dist=500_repair_6_males=6_nmar=1,6,1
0,6,0,500,70.31657641165438,265.40431414158803,24.35514002098578,0,0,0,794,D_pmar=0.054_dist=500_repair_6_males=6_nmar=1,6,1
0,14,500,0,71.50600843142897,282.5423182669439,6.086127223624492,0,0,0,794,D_pmar=0.054_dist=500_repair_6_males=6_nmar=1,6,1
0,9,500,500,70.17200140496183,277.7080553032971,12.127385908291876,0,0,0,794,D_pmar=0.054_dist=500_repair_6_males=6_nmar=1,6,1
0,7,1000,0,70.90317012596698,258.8541857415537,30.510991434822905,0,0,0,794,D_pmar=0.054_dist=500_repair_6_males=6_nmar=1,6,1
0.054,12,1000,500,70.42446969154561,285.009897371045,0,17,1.7000000000000004,2.976805086723308,794,D_pmar=0.054_dist=500_repair_6_males=6_nmar=1,6,1
0,7,0,0,74.52906652798293,279.53681845771285,6.058093328888315,0,0,0,795,D_pmar=0.054_dist=500_repair_6_males=6_nmar=1,6,1
0,12,0,500,69.92755331907503,259.9143048958447,30.29236144975783,0,0,0,795,D_pmar=0.054_dist=500_repair_6_males=6_nmar=1,6,1
0.054,3,500,0,68.78675999284071,286.56561353362696,0,19,1.9000000000000008,2.9206162214082134,795,D_pmar=0.054_dist=500_repair_6_males=6_nmar=1,6,1
0,9,500,500,73.49054192005023,286.5462179098942,0,0,0,0,795,D_pmar=0.054_dist=500_repair_6_males=6_nmar=1,6,1
0,6,1000,0,67.1167677097402,231.62723464499663,61.32394825201702,0,0,0,795,D_pmar=0.054_dist=500_repair_6_males=6_nmar=1,6,1
0,17,1000,500,70.72730913463762,270.71194004665307,18.631396828319694,0,0,0,795,D_pmar=0.054_dist=500_repair_6_males=6_nmar=1,6,1
0,7,0,0,71.16647496272938,245.84548009933516,43.01613797634528,0,0,0,796,D_pmar=0.054_dist=500_repair_6_males=6_nmar=1,6,1
0,8,0,500,67.67192198015637,249.6042651668208,42.87114361541519,0,0,0,796,D_pmar=0.054_dist=500_repair_6_males=6_nmar=1,6,1
0,4,500,0,72.00511551276303,249.8786925280969,38.26278382329891,0,0,0,796,D_pmar=0.054_dist=500_repair_6_males=6_nmar=1,6,1
0.054,12,500,500,72.98230233660088,281.9981957105591,0,26,2.600000000000001,2.4196044429301224,796,D_pmar=0.054_dist=500_repair_6_males=6_nmar=1,6,1
0,7,1000,0,72.0711777255705,275.8238833690335,12.168402686901585,0,0,0,796,D_pmar=0.054_dist=500_repair_6_males=6_nmar=1,6,1
0,16,1000,500,71.70145445886664,269.951530927529,18.349452657195595,0,0,0,796,D_pmar=0.054_dist=500_repair_6_males=6_nmar=1,6,1
0,9,0,0,69.42607353601655,247.891862891535,42.73517846152357,0,0,0,797,D_pmar=0.054_dist=500_repair_6_males=6_nmar=1,6,1
0,7,0,500,72.55409694418941,235.5529674315873,52.06225116203397,0,0,0,797,D_pmar=0.054_dist=500_repair_6_males=6_nmar=1,6,1
0,14,500,0,68.60792823684852,255.23206015700865,36.1964457749012,0,0,0,797,D_pmar=0.054_dist=500_repair_6_males=6_nmar=1,6,1
0.054,13,500,500,70.20733839062522,284.64423184332253,0,24,2.400000000000001,2.9507438878472203,797,D_pmar=0.054_dist=500_repair_6_males=6_nmar=1,6,1
0,6,1000,0,72.94558433136078,287.11679028167566,0,0,0,0,797,D_pmar=0.054_dist=500_repair_6_males=6_nmar=1,6,1
0,5,1000,500,69.3370388396725,278.50317909740744,12.165713291832573,0,0,0,797,D_pmar=0.054_dist=500_repair_6_males=6_nmar=1,6,1
0,10,0,0,72.61358200105606,250.86635674074668,36.6942228623077,0,0,0,798,D_pmar=0.054_dist=500_repair_6_males=6_nmar=1,6,1
0,10,0,500,67.98925415084659,292.1457500768896,0,0,0,0,798,D_pmar=0.054_dist=500_repair_6_males=6_nmar=1,6,1
0.054,12,500,0,68.2104021074002,287.98678301234736,0,14,1.4,2.5558625336100462,798,D_pmar=0.054_dist=500_repair_6_males=6_nmar=1,6,1
0,3,500,500,70.84519122781701,271.0204746806151,18.2091385074074,0,0,0,798,D_pmar=0.054_dist=500_repair_6_males=6_nmar=1,6,1
0,8,1000,0,71.74629711427805,263.5186651589409,24.78515521978957,0,0,0,798,D_pmar=0.054_dist=500_repair_6_males=6_nmar=1,6,1
0,11,1000,500,71.50158590247503,282.5860695851584,6.087565176960015,0,0,0,798,D_pmar=0.054_dist=500_repair_6_males=6_nmar=1,6,1
0,8,0,0,71.41787568444678,246.2443898211349,42.51900794953901,0,0,0,799,D_pmar=0.054_dist=500_repair_6_males=6_nmar=1,6,1
0,6,0,500,70.66026545084569,277.1659656764622,12.233354968973927,0,0,0,799,D_pmar=0.054_dist=500_repair_6_males=6_nmar=1,6,1
0.054,13,500,0,68.23120185195731,286.98899215747736,0,23,2.3000000000000007,2.6709438960845007,799,D_pmar=0.054_dist=500_repair_6_males=6_nmar=1,6,1
0,6,500,500,72.44584954000861,251.0065562895547,36.63888313580461,0,0,0,799,D_pmar=0.054_dist=500_repair_6_males=6_nmar=1,6,1
0,9,1000,0,68.77872929912327,266.6010703587926,24.75900104031968,0,0,0,799,D_pmar=0.054_dist=500_repair_6_males=6_nmar=1,6,1
0,12,1000,500,67.79495746889386,268.74308812296397,23.63312050670605,0,0,0,799,D_pmar=0.054_dist=500_repair_6_males=6_nmar=1,6,1
0,13,0,0,68.19967669085491,255.3249977477576,36.648399683875816,0,0,0,79,D_pmar=0.054_dist=500_repair_6_males=6_nmar=1,6,1
0,11,0,500,67.24136047245071,268.44812667098876,24.390623794568818,0,0,0,79,D_pmar=0.054_dist=500_repair_6_males=6_nmar=1,6,1
0,4,500,0,70.09483413565985,277.8827434890404,12.149723238676662,0,0,0,79,D_pmar=0.054_dist=500_repair_6_males=6_nmar=1,6,1
0,6,500,500,70.94585959346588,270.7581079291174,18.325430374528786,0,0,0,79,D_pmar=0.054_dist=500_repair_6_males=6_nmar=1,6,1
0.054,8,1000,0,70.75712798518887,284.8921241649776,0,15,1.5000000000000002,2.8713120011556383,79,D_pmar=0.054_dist=500_repair_6_males=6_nmar=1,6,1
0,12,1000,500,71.90083204212009,288.2397274560795,0,0,0,0,79,D_pmar=0.054_dist=500_repair_6_males=6_nmar=1,6,1
0,7,0,0,74.48183680104856,242.74904514457023,42.84100910633913,0,0,0,800,D_pmar=0.054_dist=500_repair_6_males=6_nmar=1,6,1
0.054,13,0,500,72.32646790381764,283.2518441512114,0,17,1.7000000000000004,2.7777777777777835,800,D_pmar=0.054_dist=500_repair_6_males=6_nmar=1,6,1
0,9,500,0,73.778124017292,262.04294843134124,24.378542048918955,0,0,0,800,D_pmar=0.054_dist=500_repair_6_males=6_nmar=1,6,1
0,3,500,500,68.26595552147974,291.9384619827215,0,0,0,0,800,D_pmar=0.054_dist=500_repair_6_males=6_nmar=1,6,1
0,9,1000,0,72.4510941906064,263.25648881486234,24.389678263744106,0,0,0,800,D_pmar=0.054_dist=500_repair_6_males=6_nmar=1,6,1
0,13,1000,500,72.40924377818865,275.6457782304703,12.213050863428826,0,0,0,800,D_pmar=0.054_dist=500_repair_6_males=6_nmar=1,6,1
0,9,0,0,72.93726152080005,250.34408411570277,37.001005013774346,0,0,0,801,D_pmar=0.054_dist=500_repair_6_males=6_nmar=1,6,1
0.054,10,0,500,73.6120693752321,281.9542787340882,0,18,1.8000000000000005,2.655057518746184,801,D_pmar=0.054_dist=500_repair_6_males=6_nmar=1,6,1
0,8,500,0,67.87354029943221,286.09479919535767,6.070065896389432,0,0,0,801,D_pmar=0.054_dist=500_repair_6_males=6_nmar=1,6,1
0,7,500,500,64.33798833141294,283.7053113040558,12.141723630586975,0,0,0,801,D_pmar=0.054_dist=500_repair_6_males=6_nmar=1,6,1
0,12,1000,0,70.81198919059956,239.95269799963071,49.30950963566693,0,0,0,801,D_pmar=0.054_dist=500_repair_6_males=6_nmar=1,6,1
0,8,1000,500,69.32911804116559,284.67229154647936,6.004845503988436,0,0,0,801,D_pmar=0.054_dist=500_repair_6_males=6_nmar=1,6,1
0,11,0,0,71.51179671171768,276.6363223905614,12.120449002376809,0,0,0,802,D_pmar=0.054_dist=500_repair_6_males=6_nmar=1,6,1
0,9,0,500,74.25624352345531,279.6050572331244,6.168782846884086,0,0,0,802,D_pmar=0.054_dist=500_repair_6_males=6_nmar=1,6,1
0.054,10,500,0,70.25513326102568,286.5000074586453,0,10,1,2.5178137180949203,802,D_pmar=0.054_dist=500_repair_6_males=6_nmar=1,6,1
0,8,500,500,70.09754656142377,271.6236422253488,18.4483491071887,0,0,0,802,D_pmar=0.054_dist=500_repair_6_males=6_nmar=1,6,1
0,8,1000,0,69.52402362413662,290.67258489713464,0,0,0,0,802,D_pmar=0.054_dist=500_repair_6_males=6_nmar=1,6,1
0,8,1000,500,67.98589031841423,267.5169369360876,24.510518386983936,0,0,0,802,D_pmar=0.054_dist=500_repair_6_males=6_nmar=1,6,1
0.054,9,0,0,71.58946776690428,284.02995589689476,0,21,2.1000000000000005,2.3620747814894147,803,D_pmar=0.054_dist=500_repair_6_males=6_nmar=1,6,1
0,9,0,500,71.58218926083799,288.60210712740104,0,0,0,0,803,D_pmar=0.054_dist=500_repair_6_males=6_nmar=1,6,1
0,15,500,0,74.11227462598781,261.7109510977426,24.269098850201377,0,0,0,803,D_pmar=0.054_dist=500_repair_6_males=6_nmar=1,6,1
0,5,500,500,66.94845368246348,280.3785910795197,12.962124662538846,0,0,0,803,D_pmar=0.054_dist=500_repair_6_males=6_nmar=1,6,1
0,9,1000,0,67.11334821793065,268.53240732231615,24.482213760917823,0,0,0,803,D_pmar=0.054_dist=500_repair_6_males=6_nmar=1,6,1
0,7,1000,500,69.21038352389527,229.72217958451873,61.117606877622215,0,0,0,803,D_pmar=0.054_dist=500_repair_6_males=6_nmar=1,6,1
0,2,0,0,71.81601769213572,276.06308939133015,12.25961586467394,0,0,0,804,D_pmar=0.054_dist=500_repair_6_males=6_nmar=1,6,1
0,5,0,500,69.02610946754105,272.731293719,18.24397767581879,0,0,0,804,D_pmar=0.054_dist=500_repair_6_males=6_nmar=1,6,1
0.054,23,500,0,70.3345918301988,285.08584946600047,0,24,2.400000000000001,2.3548130106795826,804,D_pmar=0.054_dist=500_repair_6_males=6_nmar=1,6,1
0,3,500,500,71.33949097114026,252.2203207308569,36.574660513700714,0,0,0,804,D_pmar=0.054_dist=500_repair_6_males=6_nmar=1,6,1
0,13,1000,0,69.51464516130561,241.44654456942408,49.12569830214305,0,0,0,804,D_pmar=0.054_dist=500_repair_6_males=6_nmar=1,6,1
0,8,1000,500,70.50431457389612,258.9239104732558,30.74551169972729,0,0,0,804,D_pmar=0.054_dist=500_repair_6_males=6_nmar=1,6,1
0.054,7,0,0,73.49829138392595,282.14734587736933,0,21,2.1000000000000005,2.331664862531433,805,D_pmar=0.054_dist=500_repair_6_males=6_nmar=1,6,1
0,4,0,500,67.08053444152608,292.9660975125963,0,0,0,0,805,D_pmar=0.054_dist=500_repair_6_males=6_nmar=1,6,1
0,4,500,0,71.31320150223924,245.3662797273429,43.36326672482069,0,0,0,805,D_pmar=0.054_dist=500_repair_6_males=6_nmar=1,6,1
0,16,500,500,68.56838493946236,254.99862425447552,36.50444788418457,0,0,0,805,D_pmar=0.054_dist=500_repair_6_males=6_nmar=1,6,1
0,11,1000,0,70.65054293193923,277.35275468700405,12.076300198221718,0,0,0,805,D_pmar=0.054_dist=500_repair_6_males=6_nmar=1,6,1
0,12,1000,500,69.31915979265953,260.0837297198441,30.664035812114665,0,0,0,805,D_pmar=0.054_dist=500_repair_6_males=6_nmar=1,6,1
0.054,13,0,0,74.55689363688231,281.48624542483583,0,13,1.3,2.7739362899061732,806,D_pmar=0.054_dist=500_repair_6_males=6_nmar=1,6,1
0,8,0,500,69.0534022144952,230.09809721110236,60.86441369567175,0,0,0,806,D_pmar=0.054_dist=500_repair_6_males=6_nmar=1,6,1
0,12,500,0,75.50086543241912,284.6809495946351,0,0,0,0,806,D_pmar=0.054_dist=500_repair_6_males=6_nmar=1,6,1
0,6,500,500,66.71614817701231,293.3546836695055,0,0,0,0,806,D_pmar=0.054_dist=500_repair_6_males=6_nmar=1,6,1
0,9,1000,0,70.09659399352412,271.8509795106143,18.225828819704603,0,0,0,806,D_pmar=0.054_dist=500_repair_6_males=6_nmar=1,6,1
0,6,1000,500,71.17009704136206,288.9597544700405,0,0,0,0,806,D_pmar=0.054_dist=500_repair_6_males=6_nmar=1,6,1
0,5,0,0,71.6314685320601,288.53690595801703,0,0,0,0,807,D_pmar=0.054_dist=500_repair_6_males=6_nmar=1,6,1
0,7,0,500,70.17958754387867,277.75956236948866,12.157709818858043,0,0,0,807,D_pmar=0.054_dist=500_repair_6_males=6_nmar=1,6,1
0,12,500,0,68.4482008425947,273.39792666766635,18.1737556635337,0,0,0,807,D_pmar=0.054_dist=500_repair_6_males=6_nmar=1,6,1
0,6,500,500,69.25958909430157,266.20172989079515,24.55631327712735,0,0,0,807,D_pmar=0.054_dist=500_repair_6_males=6_nmar=1,6,1
0.054,10,1000,0,68.55203716333318,288.989278588685,0,9,0.8999999999999999,1.6699568431419198,807,D_pmar=0.054_dist=500_repair_6_males=6_nmar=1,6,1
0,14,1000,500,70.10254258100561,289.93901836737126,0,0,0,0,807,D_pmar=0.054_dist=500_repair_6_males=6_nmar=1,6,1
0.054,10,0,0,72.0972601588102,283.99440006969365,0,16,1.6000000000000003,2.510929073032401,808,D_pmar=0.054_dist=500_repair_6_males=6_nmar=1,6,1
0,11,0,500,69.41274179292812,260.00912723444935,30.627762873432143,0,0,0,808,D_pmar=0.054_dist=500_repair_6_males=6_nmar=1,6,1
0,9,500,0,69.68766113797204,265.83021038142857,24.536706774812743,0,0,0,808,D_pmar=0.054_dist=500_repair_6_males=6_nmar=1,6,1
0,12,500,500,70.53810593402443,289.4947000053856,0,0,0,0,808,D_pmar=0.054_dist=500_repair_6_males=6_nmar=1,6,1
0,5,1000,0,71.53970746848547,245.86744324818295,42.806837618845286,0,0,0,808,D_pmar=0.054_dist=500_repair_6_males=6_nmar=1,6,1
0,7,1000,500,70.37557735095587,289.6984315339128,0,0,0,0,808,D_pmar=0.054_dist=500_repair_6_males=6_nmar=1,6,1
0,18,0,0,69.59528294809121,266.01090092545155,24.444650367296596,0,0,0,809,D_pmar=0.054_dist=500_repair_6_males=6_nmar=1,6,1
0,6,0,500,74.10397019090115,243.02086647638023,42.98790334396886,0,0,0,809,D_pmar=0.054_dist=500_repair_6_males=6_nmar=1,6,1
0,6,500,0,74.50275382539837,285.8180756963183,0,0,0,0,809,D_pmar=0.054_dist=500_repair_6_males=6_nmar=1,6,1
0.054,7,500,500,72.81160172262422,282.6738387791226,0,21,2.1000000000000005,2.453703703703707,809,D_pmar=0.054_dist=500_repair_6_males=6_nmar=1,6,1
0,8,1000,0,72.84922871040375,248.1323797372936,39.0379966005781,0,0,0,809,D_pmar=0.054_dist=500_repair_6_males=6_nmar=1,6,1
0,9,1000,500,70.26287675832357,271.4985723179665,18.25837198835911,0,0,0,809,D_pmar=0.054_dist=500_repair_6_males=6_nmar=1,6,1
0,6,0,0,73.21891973964952,286.85750028457056,0,0,0,0,80,D_pmar=0.054_dist=500_repair_6_males=6_nmar=1,6,1
0,10,0,500,72.1017698936499,269.77105039249415,18.219467411299135,0,0,0,80,D_pmar=0.054_dist=500_repair_6_males=6_nmar=1,6,1
0,6,500,0,72.13056869686332,287.8748643783134,0,0,0,0,80,D_pmar=0.054_dist=500_repair_6_males=6_nmar=1,6,1
0.054,8,500,500,70.46883552532782,286.55176038934087,0,12,1.2,1.8567871165647316,80,D_pmar=0.054_dist=500_repair_6_males=6_nmar=1,6,1
0,14,1000,0,70.98378592059663,258.2659859896407,30.770074364097812,0,0,0,80,D_pmar=0.054_dist=500_repair_6_males=6_nmar=1,6,1
0,10,1000,500,67.67843115505474,268.1506398522637,24.412178217824067,0,0,0,80,D_pmar=0.054_dist=500_repair_6_males=6_nmar=1,6,1
0,7,0,0,71.0334691924877,282.95960413790635,6.066614179782931,0,0,0,810,D_pmar=0.054_dist=500_repair_6_males=6_nmar=1,6,1
0.054,10,0,500,70.97779234200172,285.8817562448762,0,10,1,2.146479677346247,810,D_pmar=0.054_dist=500_repair_6_males=6_nmar=1,6,1
0,11,500,0,70.43273190905357,265.6815353774595,24.17198657417564,0,0,0,810,D_pmar=0.054_dist=500_repair_6_males=6_nmar=1,6,1
0,10,500,500,68.39420609679593,291.77157329435374,0,0,0,0,810,D_pmar=0.054_dist=500_repair_6_males=6_nmar=1,6,1
0,7,1000,0,69.66861637869148,265.9785443311869,24.474231783005493,0,0,0,810,D_pmar=0.054_dist=500_repair_6_males=6_nmar=1,6,1
0,9,1000,500,73.74384810601148,280.2528256212666,6.05942714278222,0,0,0,810,D_pmar=0.054_dist=500_repair_6_males=6_nmar=1,6,1
0,14,0,0,67.493995160337235,292.587681525617,0,0,0,0,811,D_pmar=0.054_dist=500_repair_6_males=6_nmar=1,6,1
0,10,0,500,70.89524997381709,272.44958894449843,16.77876036186101,0,0,0,811,D_pmar=0.054_dist=500_repair_6_males=6_nmar=1,6,1
0.054,8,500,0,71.87616401857935,284.1629890624743,0,15,1.5000000000000002,2.550093704981835,811,D_pmar=0.054_dist=500_repair_6_males=6_nmar=1,6,1
0,6,500,500,71.04662154549673,289.0452993763529,0,0,0,0,811,D_pmar=0.054_dist=500_repair_6_males=6_nmar=1,6,1
0,12,1000,0,71.33989655252302,252.27751019119023,36.464014924194146,0,0,0,811,D_pmar=0.054_dist=500_repair_6_males=6_nmar=1,6,1
0,4,1000,500,71.25432700775731,252.43954032803737,36.46115663867243,0,0,0,811,D_pmar=0.054_dist=500_repair_6_males=6_nmar=1,6,1
0,7,0,0,67.74494705788038,273.7548458486786,18.57653283618069,0,0,0,812,D_pmar=0.054_dist=500_repair_6_males=6_nmar=1,6,1
0,11,0,500,70.32558751268564,245.80201448679784,44.077019509162106,0,0,0,812,D_pmar=0.054_dist=500_repair_6_males=6_nmar=1,6,1
0,8,500,0,73.24176647320066,286.7606470151258,0,0,0,0,812,D_pmar=0.054_dist=500_repair_6_males=6_nmar=1,6,1
0,14,500,500,70.41589449521159,289.76346889377015,0,0,0,0,812,D_pmar=0.054_dist=500_repair_6_males=6_nmar=1,6,1
0,5,1000,0,71.74250403022675,270.0271205989997,18.280701514633673,0,0,0,812,D_pmar=0.054_dist=500_repair_6_males=6_nmar=1,6,1
0.054,9,1000,500,73.60575713404099,281.9873195495852,0,14,1.4,3.202799992095554,812,D_pmar=0.054_dist=500_repair_6_males=6_nmar=1,6,1
0,7,0,0,69.01319137676438,237.0883460249752,54.06970706249632,0,0,0,813,D_pmar=0.054_dist=500_repair_6_males=6_nmar=1,6,1
0,8,0,500,68.94395433781261,266.57649034577815,24.535679621650814,0,0,0,813,D_pmar=0.054_dist=500_repair_6_males=6_nmar=1,6,1
0,13,500,0,69.57754097878204,284.4965925873103,6.014777778830918,0,0,0,813,D_pmar=0.054_dist=500_repair_6_males=6_nmar=1,6,1
0,9,500,500,73.27221733658811,280.66754593935855,6.206008942092884,0,0,0,813,D_pmar=0.054_dist=500_repair_6_males=6_nmar=1,6,1
0.054,5,1000,0,71.96770343692927,283.19305832246863,0,20,2.0000000000000004,2.858056422026287,813,D_pmar=0.054_dist=500_repair_6_males=6_nmar=1,6,1
0,12,1000,500,70.75476687687608,258.9663234400668,30.386272947125505,0,0,0,813,D_pmar=0.054_dist=500_repair_6_males=6_nmar=1,6,1
0,17,0,0,69.60816042236219,290.5282964289914,0,0,0,0,814,D_pmar=0.054_dist=500_repair_6_males=6_nmar=1,6,1
0,3,0,500,74.43873525933931,267.4378681230596,18.311022054696313,0,0,0,814,D_pmar=0.054_dist=500_repair_6_males=6_nmar=1,6,1
0,3,500,0,70.6253082670741,258.55102684335316,30.94920407400182,0,0,0,814,D_pmar=0.054_dist=500_repair_6_males=6_nmar=1,6,1
0,9,500,500,70.23057568428933,247.32718967637112,42.47264816989625,0,0,0,814,D_pmar=0.054_dist=500_repair_6_males=6_nmar=1,6,1
0,13,1000,0,70.991130427987855,270.8138545597538,18.503816289763087,0,0,0,814,D_pmar=0.054_dist=500_repair_6_males=6_nmar=1,6,1
0.054,9,1000,500,70.73257205572713,284.6560529064967,0,18,1.8000000000000005,2.8250377444523815,814,D_pmar=0.054_dist=500_repair_6_males=6_nmar=1,6,1
0,10,0,0,67.7501342242423,261.94278882039026,30.40760513353221,0,0,0,815,D_pmar=0.054_dist=500_repair_6_males=6_nmar=1,6,1
0,4,0,500,69.8463375477544,241.42761234614872,48.86086732973406,0,0,0,815,D_pmar=0.054_dist=500_repair_6_males=6_nmar=1,6,1
0.054,15,500,0,69.42171285670352,285.9076865102534,0,22,2.2000000000000006,2.4910711013595064,815,D_pmar=0.054_dist=500_repair_6_males=6_nmar=1,6,1
0,7,500,500,69.5301899577477,252.90063264496743,37.621628726815985,0,0,0,815,D_pmar=0.054_dist=500_repair_6_males=6_nmar=1,6,1
0,14,1000,0,69.39907356104754,278.44306386079444,12.171513896906069,0,0,0,815,D_pmar=0.054_dist=500_repair_6_males=6_nmar=1,6,1
0,4,1000,500,71.37070586053254,288.8286325962334,0,0,0,0,815,D_pmar=0.054_dist=500_repair_6_males=6_nmar=1,6,1
0,5,0,0,73.50037021823267,249.7942043386938,36.959087922039984,0,0,0,816,D_pmar=0.054_dist=500_repair_6_males=6_nmar=1,6,1
0,13,0,500,68.31573466653978,291.8267372072628,0,0,0,0,816,D_pmar=0.054_dist=500_repair_6_males=6_nmar=1,6,1
0,8,500,0,69.77096079011935,247.35291068489224,43.138723368148966,0,0,0,816,D_pmar=0.054_dist=500_repair_6_males=6_nmar=1,6,1
0,11,500,500,72.72298087381296,287.51770591152587,0,0,0,0,816,D_pmar=0.054_dist=500_repair_6_males=6_nmar=1,6,1
0.054,9,1000,0,66.31057048008104,289.21369947098134,0,19,1.9000000000000008,2.582018605714474,816,D_pmar=0.054_dist=500_repair_6_males=6_nmar=1,6,1
0,8,1000,500,73.75396849654284,249.80874206745307,36.61434527500651,0,0,0,816,D_pmar=0.054_dist=500_repair_6_males=6_nmar=1,6,1
0.054,7,0,0,68.41250884714923,288.2089450165691,0,12,1.2,2.2941232792265893,817,D_pmar=0.054_dist=500_repair_6_males=6_nmar=1,6,1
0,7,0,500,66.05482914945746,282.0192812979684,12.15515660291634,0,0,0,817,D_pmar=0.054_dist=500_repair_6_males=6_nmar=1,6,1
0,6,500,0,68.27866634814593,291.88538402704035,0,0,0,0,817,D_pmar=0.054_dist=500_repair_6_males=6_nmar=1,6,1
0,16,500,500,69.15430476544661,254.2785856855875,36.66725203806937,0,0,0,817,D_pmar=0.054_dist=500_repair_6_males=6_nmar=1,6,1
0,9,1000,0,71.90993630808214,263.58237014104577,24.572233506653752,0,0,0,817,D_pmar=0.054_dist=500_repair_6_males=6_nmar=1,6,1
0,9,1000,500,70.22123273664636,290.0279772382126,0,0,0,0,817,D_pmar=0.054_dist=500_repair_6_males=6_nmar=1,6,1
0,8,0,0,72.44165429761286,263.3802419671789,24.24947735379,0,0,0,818,D_pmar=0.054_dist=500_repair_6_males=6_nmar=1,6,1
0.054,9,0,500,69.79528422809697,286.3827279944383,0,17,1.7000000000000004,2.1577130424906583,818,D_pmar=0.054_dist=500_repair_6_males=6_nmar=1,6,1
0,11,500,0,72.08378928439149,263.6853429061869,24.324500037536595,0,0,0,818,D_pmar=0.054_dist=500_repair_6_males=6_nmar=1,6,1
0,8,500,500,70.17775346051656,289.9043641410925,0,0,0,0,818,D_pmar=0.054_dist=500_repair_6_males=6_nmar=1,6,1
0,5,1000,0,69.66652583347036,259.65260047142016,30.75024673988928,0,0,0,818,D_pmar=0.054_dist=500_repair_6_males=6_nmar=1,6,1
0,13,1000,500,71.32562478261785,264.4980147796425,24.41497199727612,0,0,0,818,D_pmar=0.054_dist=500_repair_6_males=6_nmar=1,6,1
0,6,0,0,69.90854208611324,253.38013353486792,36.747469639962894,0,0,0,819,D_pmar=0.054_dist=500_repair_6_males=6_nmar=1,6,1
0,2,0,500,67.08085312011134,243.98730815772052,48.96023785357614,0,0,0,819,D_pmar=0.054_dist=500_repair_6_males=6_nmar=1,6,1
0,10,500,0,73.6488081189923,286.521876360062,0,0,0,0,819,D_pmar=0.054_dist=500_repair_6_males=6_nmar=1,6,1
0,6,500,500,70.6006550745983,265.0349106529167,24.402121394910047,0,0,0,819,D_pmar=0.054_dist=500_repair_6_males=6_nmar=1,6,1
0.054,15,1000,0,70.32660219061465,284.6880500677623,0,22,2.2000000000000006,2.8114778732110173,819,D_pmar=0.054_dist=500_repair_6_males=6_nmar=1,6,1
0,15,1000,500,73.08897551990196,262.85566559323166,24.31445592885507,0,0,0,819,D_pmar=0.054_dist=500_repair_6_males=6_nmar=1,6,1
0,14,0,0,70.37620607793161,277.3608801163532,12.26361899195124,0,0,0,81,D_pmar=0.054_dist=500_repair_6_males=6_nmar=1,6,1
0.054,8,0,500,71.16112629876707,283.94965177096003,0,17,1.7000000000000004,3.244595422253951,81,D_pmar=0.054_dist=500_repair_6_males=6_nmar=1,6,1
0,2,500,0,69.46126637194365,278.3785251779703,12.197981183234534,0,0,0,81,D_pmar=0.054_dist=500_repair_6_males=6_nmar=1,6,1
0,7,500,500,70.7574295168968,258.9931642698248,30.350144675759264,0,0,0,81,D_pmar=0.054_dist=500_repair_6_males=6_nmar=1,6,1
0,10,1000,0,68.44251695947091,267.2958068707984,24.448453336195087,0,0,0,81,D_pmar=0.054_dist=500_repair_6_males=6_nmar=1,6,1
0,13,1000,500,65.4094487544446,270.15307078091877,24.56551223199142,0,0,0,81,D_pmar=0.054_dist=500_repair_6_males=6_nmar=1,6,1
0.054,11,0,0,66.23293944188157,289.675638118186,0,19,1.9000000000000008,2.2045386105902742,820,D_pmar=0.054_dist=500_repair_6_males=6_nmar=1,6,1
0,9,0,500,73.26298119337629,280.9167450752797,6.029922068634436,0,0,0,820,D_pmar=0.054_dist=500_repair_6_males=6_nmar=1,6,1
0,9,500,0,69.77975390816073,290.351600934363,0,0,0,0,820,D_pmar=0.054_dist=500_repair_6_males=6_nmar=1,6,1
0,2,500,500,70.38271712353767,265.21908038200974,24.503884662735697,0,0,0,820,D_pmar=0.054_dist=500_repair_6_males=6_nmar=1,6,1
0,15,1000,0,70.85302703426703,246.71968148982188,42.56068463892964,0,0,0,820,D_pmar=0.054_dist=500_repair_6_males=6_nmar=1,6,1
0,8,1000,500,68.42791715489169,248.67782110440135,43.038310202681345,0,0,0,820,D_pmar=0.054_dist=500_repair_6_males=6_nmar=1,6,1
0,9,0,0,73.13815187304525,268.47773714896243,18.502295598343512,0,0,0,821,D_pmar=0.054_dist=500_repair_6_males=6_nmar=1,6,1
0,8,0,500,68.86368182026068,285.1199525678529,6.107640724948001,0,0,0,821,D_pmar=0.054_dist=500_repair_6_males=6_nmar=1,6,1
0.054,9,500,0,71.25473283451994,285.0286784951795,0,12,1.2,2.6094206007161747,821,D_pmar=0.054_dist=500_repair_6_males=6_nmar=1,6,1
0,10,500,500,71.11440984176495,252.37714783007945,36.611840550453,0,0,0,821,D_pmar=0.054_dist=500_repair_6_males=6_nmar=1,6,1
0,7,1000,0,67.6929460596063,280.34086920635843,12.070411947351593,0,0,0,821,D_pmar=0.054_dist=500_repair_6_males=6_nmar=1,6,1
0,11,1000,500,71.12178213697571,288.89531725363713,0,0,0,0,821,D_pmar=0.054_dist=500_repair_6_males=6_nmar=1,6,1
0.054,14,0,0,68.14097972362153,287.99311660263226,0,15,1.5000000000000002,2.44672418541285,822,D_pmar=0.054_dist=500_repair_6_males=6_nmar=1,6,1
0,8,0,500,71.38052551241822,252.40494826097253,36.47392078614189,0,0,0,822,D_pmar=0.054_dist=500_repair_6_males=6_nmar=1,6,1
0,5,500,0,69.67626319217136,272.32242151588906,18.138526082189387,0,0,0,822,D_pmar=0.054_dist=500_repair_6_males=6_nmar=1,6,1
0,16,500,500,71.74426627877716,288.28004927844097,0,0,0,0,822,D_pmar=0.054_dist=500_repair_6_males=6_nmar=1,6,1
0,6,1000,0,72.62839090014425,269.20917976219346,18.3078743676646,0,0,0,822,D_pmar=0.054_dist=500_repair_6_males=6_nmar=1,6,1
0,5,1000,500,65.3095894167177,276.2758011381631,18.42728485307452,0,0,0,822,D_pmar=0.054_dist=500_repair_6_males=6_nmar=1,6,1
0.054,2,0,0,70.586273246023,284.79996441729287,0,17,1.7000000000000004,2.934835470915863,823,D_pmar=0.054_dist=500_repair_6_males=6_nmar=1,6,1
0,11,0,500,69.51693070135873,284.64200812689677,6.201946229749654,0,0,0,823,D_pmar=0.054_dist=500_repair_6_males=6_nmar=1,6,1
0,12,500,0,75.30327112331177,278.633090683594,6.106105028934888,0,0,0,823,D_pmar=0.054_dist=500_repair_6_males=6_nmar=1,6,1
0,9,500,500,70.90827454573379,246.62241655616577,42.64919263914364,0,0,0,823,D_pmar=0.054_dist=500_repair_6_males=6_nmar=1,6,1
0,8,1000,0,69.61651933977129,290.59290630514556,0,0,0,0,823,D_pmar=0.054_dist=500_repair_6_males=6_nmar=1,6,1
0,12,1000,500,65.50249539535898,247.3161672843352,47.200239808124586,0,0,0,823,D_pmar=0.054_dist=500_repair_6_males=6_nmar=1,6,1
0,14,0,0,69.6120987694943,290.41123944960884,0,0,0,0,824,D_pmar=0.054_dist=500_repair_6_males=6_nmar=1,6,1
0,11,0,500,71.84375826680356,245.66007992402243,42.65973467980457,0,0,0,824,D_pmar=0.054_dist=500_repair_6_males=6_nmar=1,6,1
0,11,500,0,71.97043811852183,275.74199136388336,12.403880725400278,0,0,0,824,D_pmar=0.054_dist=500_repair_6_males=6_nmar=1,6,1
0,7,500,500,73.30484932526744,231.46606296190575,55.30368306062753,0,0,0,824,D_pmar=0.054_dist=500_repair_6_males=6_nmar=1,6,1
0.054,10,1000,0,72.46843516137407,282.32612027978155,0,26,2.600000000000001,2.632416602808316,824,D_pmar=0.054_dist=500_repair_6_males=6_nmar=1,6,1
0,1,1000,500,72.0812997355673,239.07547853470848,49.09583946040887,0,0,0,824,D_pmar=0.054_dist=500_repair_6_males=6_nmar=1,6,1
0.054,13,0,0,70.22739142572615,286.6480984125916,0,12,1.2,2.0879643059341997,825,D_pmar=0.054_dist=500_repair_6_males=6_nmar=1,6,1
0,6,0,500,70.28150331555064,283.5680339537972,6.170139445598618,0,0,0,825,D_pmar=0.054_dist=500_repair_6_males=6_nmar=1,6,1
0,11,500,0,72.53482589544545,263.39691815559564,24.33231031468992,0,0,0,825,D_pmar=0.054_dist=500_repair_6_males=6_nmar=1,6,1
0,6,500,500,72.05791662652422,288.02722807381264,0,0,0,0,825,D_pmar=0.054_dist=500_repair_6_males=6_nmar=1,6,1
0,11,1000,0,71.4321867072531,251.8550729709359,36.71856094717053,0,0,0,825,D_pmar=0.054_dist=500_repair_6_males=6_nmar=1,6,1
0,7,1000,500,72.22627932818571,281.8438672867328,6.040813361082509,0,0,0,825,D_pmar=0.054_dist=500_repair_6_males=6_nmar=1,6,1
0,4,0,0,69.72586050380029,278.34476268830605,12.15847264691068,0,0,0,826,D_pmar=0.054_dist=500_repair_6_males=6_nmar=1,6,1
0,12,0,500,70.08700567492197,265.7610193280274,24.257497993223716,0,0,0,826,D_pmar=0.054_dist=500_repair_6_males=6_nmar=1,6,1
0,9,500,0,75.19072078340379,266.4767632390626,18.448046252892855,0,0,0,826,D_pmar=0.054_dist=500_repair_6_males=6_nmar=1,6,1
0.054,13,500,500,72.65215084470937,283.81659594300623,0,14,1.4,2.1547051185343804,826,D_pmar=0.054_dist=500_repair_6_males=6_nmar=1,6,1
0,5,1000,0,73.56211021181852,274.6131285917968,12.15348258156462,0,0,0,826,D_pmar=0.054_dist=500_repair_6_males=6_nmar=1,6,1
0,11,1000,500,72.8948306876793,269.2008495568645,18.198899878114833,0,0,0,826,D_pmar=0.054_dist=500_repair_6_males=6_nmar=1,6,1
0,3,0,0,71.66313899176534,270.1299026515315,18.288027356763372,0,0,0,827,D_pmar=0.054_dist=500_repair_6_males=6_nmar=1,6,1
0,8,0,500,73.0731390542007,262.39433202095466,24.64285764321675,0,0,0,827,D_pmar=0.054_dist=500_repair_6_males=6_nmar=1,6,1
0,3,500,0,72.61313820527678,251.15670158899965,36.29581423080671,0,0,0,827,D_pmar=0.054_dist=500_repair_6_males=6_nmar=1,6,1
0,17,500,500,70.26095337018216,283.80523623142665,6.001733125546076,0,0,0,827,D_pmar=0.054_dist=500_repair_6_males=6_nmar=1,6,1
0.054,14,1000,0,74.14058391706402,281.5122572934725,0,19,1.9000000000000008,2.7301186457628352,827,D_pmar=0.054_dist=500_repair_6_males=6_nmar=1,6,1
0,9,1000,500,68.76681714914949,260.8607312557471,30.457689154679336,0,0,0,827,D_pmar=0.054_dist=500_repair_6_males=6_nmar=1,6,1
0.054,11,0,0,72.16641679750337,284.700715520469,0,12,1.2,2.3134519790961656,828,D_pmar=0.054_dist=500_repair_6_males=6_nmar=1,6,1
0,14,0,500,67.10546446232128,274.7746202462436,18.203244902332447,0,0,0,828,D_pmar=0.054_dist=500_repair_6_males=6_nmar=1,6,1
0,7,500,0,69.99368113979035,283.77635589932584,6.266391480872638,0,0,0,828,D_pmar=0.054_dist=500_repair_6_males=6_nmar=1,6,1
0,4,500,500,70.50743718760899,277.2672305438606,12.23658338282446,0,0,0,828,D_pmar=0.054_dist=500_repair_6_males=6_nmar=1,6,1
0,6,1000,0,69.26605001667546,272.3404749813445,18.589423146017015,0,0,0,828,D_pmar=0.054_dist=500_repair_6_males=6_nmar=1,6,1
0,12,1000,500,69.61705609087797,272.3395915802142,18.292517883002755,0,0,0,828,D_pmar=0.054_dist=500_repair_6_males=6_nmar=1,6,1
0,11,0,0,70.23873523121132,289.780182452336,0,0,0,0,829,D_pmar=0.054_dist=500_repair_6_males=6_nmar=1,6,1
0,16,0,500,71.05133834189344,258.56295547866296,30.59894212525702,0,0,0,829,D_pmar=0.054_dist=500_repair_6_males=6_nmar=1,6,1
0,6,500,0,70.94543330171477,282.995836826983,6.144096540517376,0,0,0,829,D_pmar=0.054_dist=500_repair_6_males=6_nmar=1,6,1
0,8,500,500,72.3303411675033,245.327216769597,42.55058411787729,0,0,0,829,D_pmar=0.054_dist=500_repair_6_males=6_nmar=1,6,1
0,8,1000,0,66.77426001209068,283.341761075262,9.984634365526324,0,0,0,829,D_pmar=0.054_dist=500_repair_6_males=6_nmar=1,6,1
0.054,5,1000,500,73.95686829531941,282.0676920336534,0,15,1.5000000000000002,2.5133856855923216,829,D_pmar=0.054_dist=500_repair_6_males=6_nmar=1,6,1
0.054,8,0,0,73.33544048317523,282.42920881416785,0,17,1.7000000000000004,2.7731027259908387,82,D_pmar=0.054_dist=500_repair_6_males=6_nmar=1,6,1
0,17,0,500,71.09686808758856,276.54009746754315,12.404416263781322,0,0,0,82,D_pmar=0.054_dist=500_repair_6_males=6_nmar=1,6,1
0,11,500,0,66.08244169520549,275.57892379378444,18.490806619670675,0,0,0,82,D_pmar=0.054_dist=500_repair_6_males=6_nmar=1,6,1
0,3,500,500,75.12638917032136,278.8347054362026,6.167004322625967,0,0,0,82,D_pmar=0.054_dist=500_repair_6_males=6_nmar=1,6,1
0,8,1000,0,70.64596152277026,277.2586669536952,12.14269696695264,0,0,0,82,D_pmar=0.054_dist=500_repair_6_males=6_nmar=1,6,1
0,7,1000,500,69.37063740619335,235.5982352821946,55.09461491106756,0,0,0,82,D_pmar=0.054_dist=500_repair_6_males=6_nmar=1,6,1
0,9,0,0,71.06799155183438,240.47962283164424,48.59375796374588,0,0,0,830,D_pmar=0.054_dist=500_repair_6_males=6_nmar=1,6,1
0,15,0,500,75.09097611624837,236.375372688311,48.772653198392675,0,0,0,830,D_pmar=0.054_dist=500_repair_6_males=6_nmar=1,6,1
0,6,500,0,69.98328170581738,277.93481694318,12.272418650875975,0,0,0,830,D_pmar=0.054_dist=500_repair_6_males=6_nmar=1,6,1
0,11,500,500,72.6557636405003,281.5149841642946,6.01329369079105,0,0,0,830,D_pmar=0.054_dist=500_repair_6_males=6_nmar=1,6,1
0,6,1000,0,70.25281830257249,283.8581295046774,6.019211584660075,0,0,0,830,D_pmar=0.054_dist=500_repair_6_males=6_nmar=1,6,1
0.054,7,1000,500,72.11868671514975,282.91164078699836,0,20,2.0000000000000004,3.1635340081323737,830,D_pmar=0.054_dist=500_repair_6_males=6_nmar=1,6,1
0,16,0,0,69.06923458628071,266.7207017189372,24.45982519588064,0,0,0,831,D_pmar=0.054_dist=500_repair_6_males=6_nmar=1,6,1
0,6,0,500,72.83664105108683,262.7900802239423,24.601847256016093,0,0,0,831,D_pmar=0.054_dist=500_repair_6_males=6_nmar=1,6,1
0,9,500,0,68.55570204467595,272.9676565007628,18.48999174547493,0,0,0,831,D_pmar=0.054_dist=500_repair_6_males=6_nmar=1,6,1
0,8,500,500,70.28102524262296,277.5667567572771,12.168218696767974,0,0,0,831,D_pmar=0.054_dist=500_repair_6_males=6_nmar=1,6,1
0.054,5,1000,0,71.53335240331593,284.87688980705906,0,14,1.4,2.330527006504088,831,D_pmar=0.054_dist=500_repair_6_males=6_nmar=1,6,1
0,10,1000,500,67.53922305413826,286.57300161455214,6.012769454472702,0,0,0,831,D_pmar=0.054_dist=500_repair_6_males=6_nmar=1,6,1
0,8,0,0,68.63480101282089,279.1527797218974,12.231334139957424,0,0,0,832,D_pmar=0.054_dist=500_repair_6_males=6_nmar=1,6,1
0,8,0,500,70.93873263675091,264.46024045878147,24.71030238919693,0,0,0,832,D_pmar=0.054_dist=500_repair_6_males=6_nmar=1,6,1
0.054,7,500,0,75.39071895495248,281.863053221078,0,9,0.8999999999999999,1.872673493903047,832,D_pmar=0.054_dist=500_repair_6_males=6_nmar=1,6,1
0,12,500,500,72.42603978623471,287.7138115171379,0,0,0,0,832,D_pmar=0.054_dist=500_repair_6_males=6_nmar=1,6,1
0,4,1000,0,72.86500860180075,269.1213624239041,18.133120600372298,0,0,0,832,D_pmar=0.054_dist=500_repair_6_males=6_nmar=1,6,1
0,15,1000,500,68.46675383951916,291.58863081448084,0,0,0,0,832,D_pmar=0.054_dist=500_repair_6_males=6_nmar=1,6,1
0,17,0,0,71.56061453982564,263.90845009019876,24.626650807796192,0,0,0,833,D_pmar=0.054_dist=500_repair_6_males=6_nmar=1,6,1
0,5,0,500,70.91122829825218,264.58094513404706,24.66351640097285,0,0,0,833,D_pmar=0.054_dist=500_repair_6_males=6_nmar=1,6,1
0,13,500,0,72.50471377628871,275.43914689078366,12.221631869936155,0,0,0,833,D_pmar=0.054_dist=500_repair_6_males=6_nmar=1,6,1
0.054,7,500,500,73.14025708452598,282.1981441336078,0,17,1.7000000000000004,2.972963598851697,833,D_pmar=0.054_dist=500_repair_6_males=6_nmar=1,6,1
0,6,1000,0,68.22419629105843,291.7827311658211,0,0,0,0,833,D_pmar=0.054_dist=500_repair_6_males=6_nmar=1,6,1
0,6,1000,500,71.15056204353957,249.9494507440903,38.91539490883606,0,0,0,833,D_pmar=0.054_dist=500_repair_6_males=6_nmar=1,6,1
0,1,0,0,64.96410814740568,295.1057518942522,0,0,0,0,834,D_pmar=0.054_dist=500_repair_6_males=6_nmar=1,6,1
0.054,15,0,500,68.77098641371528,287.3166480495371,0,16,1.6000000000000003,2.685185185185191,834,D_pmar=0.054_dist=500_repair_6_males=6_nmar=1,6,1
0,5,500,0,71.4279648701004,258.17215298169816,30.521272345353207,0,0,0,834,D_pmar=0.054_dist=500_repair_6_males=6_nmar=1,6,1
0,5,500,500,71.2830516414071,263.9994744868617,24.723268100255307,0,0,0,834,D_pmar=0.054_dist=500_repair_6_males=6_nmar=1,6,1
0,8,1000,0,71.21742167134309,267.39497650917025,21.418335989091947,0,0,0,834,D_pmar=0.054_dist=500_repair_6_males=6_nmar=1,6,1
0,20,1000,500,70.8297804071626,271.0769856520359,18.20561896596047,0,0,0,834,D_pmar=0.054_dist=500_repair_6_males=6_nmar=1,6,1
0,5,0,0,68.0590047574822,279.8155822859838,12.134616931564231,0,0,0,835,D_pmar=0.054_dist=500_repair_6_males=6_nmar=1,6,1
0.054,21,0,500,71.43471655622193,284.09446680015583,0,21,2.1000000000000005,2.4937018995684728,835,D_pmar=0.054_dist=500_repair_6_males=6_nmar=1,6,1
0,8,500,0,72.24362516861689,257.34622529121293,30.61632825120071,0,0,0,835,D_pmar=0.054_dist=500_repair_6_males=6_nmar=1,6,1
0,9,500,500,71.74370849876199,258.57944194668846,29.72065690155845,0,0,0,835,D_pmar=0.054_dist=500_repair_6_males=6_nmar=1,6,1
0,8,1000,0,68.25775477690019,273.63075741836326,18.15186948146233,0,0,0,835,D_pmar=0.054_dist=500_repair_6_males=6_nmar=1,6,1
0,3,1000,500,69.33431226253306,253.9944436171657,36.75334856199272,0,0,0,835,D_pmar=0.054_dist=500_repair_6_males=6_nmar=1,6,1
0,13,0,0,69.28596952887865,248.32594259287887,42.50531884925964,0,0,0,836,D_pmar=0.054_dist=500_repair_6_males=6_nmar=1,6,1
0,11,0,500,70.4149612468579,289.6368940199585,0,0,0,0,836,D_pmar=0.054_dist=500_repair_6_males=6_nmar=1,6,1
0,10,500,0,69.04803837547996,260.4633526655638,30.516329139391395,0,0,0,836,D_pmar=0.054_dist=500_repair_6_males=6_nmar=1,6,1
0.054,12,500,500,72.73787694468064,282.440119964962,0,21,2.1000000000000005,2.7387212126982807,836,D_pmar=0.054_dist=500_repair_6_males=6_nmar=1,6,1
0,3,1000,0,68.53474402892883,273.0428318696263,18.535982419159,0,0,0,836,D_pmar=0.054_dist=500_repair_6_males=6_nmar=1,6,1
0,5,1000,500,66.84545728732971,256.96633138618745,36.47271073288781,0,0,0,836,D_pmar=0.054_dist=500_repair_6_males=6_nmar=1,6,1
0,9,0,0,70.22012064251453,289.9558856176987,0,0,0,0,837,D_pmar=0.054_dist=500_repair_6_males=6_nmar=1,6,1
0,9,0,500,74.73505239878492,224.2058577524629,61.25819451065315,0,0,0,837,D_pmar=0.054_dist=500_repair_6_males=6_nmar=1,6,1
0,3,500,0,70.84435906565844,270.9389800917702,18.293910416965858,0,0,0,837,D_pmar=0.054_dist=500_repair_6_males=6_nmar=1,6,1
0,16,500,500,67.83972831410937,289.69661475149326,2.519379328545415,0,0,0,837,D_pmar=0.054_dist=500_repair_6_males=6_nmar=1,6,1
0,11,1000,0,71.46421757484546,263.9583497652915,24.684533153339217,0,0,0,837,D_pmar=0.054_dist=500_repair_6_males=6_nmar=1,6,1
0.054,6,1000,500,69.02663680909298,286.4873170146286,0,18,1.8000000000000005,2.777378612437432,837,D_pmar=0.054_dist=500_repair_6_males=6_nmar=1,6,1
0,3,0,0,66.49540948647683,281.3987022048574,12.258395151513712,0,0,0,838,D_pmar=0.054_dist=500_repair_6_males=6_nmar=1,6,1
0.054,3,0,500,69.69418396869092,286.33186858383914,0,16,1.6000000000000003,2.4100161660233375,838,D_pmar=0.054_dist=500_repair_6_males=6_nmar=1,6,1
0,10,500,0,70.56531558207156,277.18874591233316,12.311020349332264,0,0,0,838,D_pmar=0.054_dist=500_repair_6_males=6_nmar=1,6,1
0,11,500,500,69.63613442631126,253.1252994256032,37.26938767916332,0,0,0,838,D_pmar=0.054_dist=500_repair_6_males=6_nmar=1,6,1
0,6,1000,0,71.56559890367623,276.3299856421235,12.245449629069553,0,0,0,838,D_pmar=0.054_dist=500_repair_6_males=6_nmar=1,6,1
0,21,1000,500,71.70247878837995,263.74652640710934,24.57936365110832,0,0,0,838,D_pmar=0.054_dist=500_repair_6_males=6_nmar=1,6,1
0,3,0,0,72.9785742210811,274.80213638627174,12.229010288894086,0,0,0,839,D_pmar=0.054_dist=500_repair_6_males=6_nmar=1,6,1
0,19,0,500,71.50474295085309,264.33669025581526,24.252567617040818,0,0,0,839,D_pmar=0.054_dist=500_repair_6_males=6_nmar=1,6,1
0,9,500,0,70.83855101220298,276.9163758260027,12.35688839457946,0,0,0,839,D_pmar=0.054_dist=500_repair_6_males=6_nmar=1,6,1
0,8,500,500,71.35657595359031,282.5668936915207,6.17131642458721,0,0,0,839,D_pmar=0.054_dist=500_repair_6_males=6_nmar=1,6,1
0,11,1000,0,69.59870229701124,266.0797651829115,24.49333072679882,0,0,0,839,D_pmar=0.054_dist=500_repair_6_males=6_nmar=1,6,1
0.054,4,1000,500,73.98763830357362,282.5035908036755,0,13,1.3,2.2456526228893465,839,D_pmar=0.054_dist=500_repair_6_males=6_nmar=1,6,1
0,4,0,0,70.22214930926768,259.0767158187065,30.71182997463658,0,0,0,83,D_pmar=0.054_dist=500_repair_6_males=6_nmar=1,6,1
0,11,0,500,70.06660058010087,277.9218975355836,12.226829328116276,0,0,0,83,D_pmar=0.054_dist=500_repair_6_males=6_nmar=1,6,1
0,6,500,0,70.3699230202763,252.770598674458,36.97544856184425,0,0,0,83,D_pmar=0.054_dist=500_repair_6_males=6_nmar=1,6,1
0,10,500,500,70.21311530448918,289.89971811875654,0,0,0,0,83,D_pmar=0.054_dist=500_repair_6_males=6_nmar=1,6,1
0.054,9,1000,0,71.733880299407,284.4816061799171,0,18,1.8000000000000005,2.2100031471064736,83,D_pmar=0.054_dist=500_repair_6_males=6_nmar=1,6,1
0,14,1000,500,71.65220243545278,258.16502326907516,30.44916877886593,0,0,0,83,D_pmar=0.054_dist=500_repair_6_males=6_nmar=1,6,1
0,7,0,0,70.78948066394696,271.11049095408003,18.186242866996253,0,0,0,840,D_pmar=0.054_dist=500_repair_6_males=6_nmar=1,6,1
0,5,0,500,72.30581550300033,262.43463042152246,25.40132866696999,0,0,0,840,D_pmar=0.054_dist=500_repair_6_males=6_nmar=1,6,1
0,12,500,0,65.90576830354527,294.2469272457057,0,0,0,0,840,D_pmar=0.054_dist=500_repair_6_males=6_nmar=1,6,1
0,15,500,500,68.2499923957283,261.13264161921234,30.681014854447216,0,0,0,840,D_pmar=0.054_dist=500_repair_6_males=6_nmar=1,6,1
0,7,1000,0,69.69044901939893,272.1425838066971,18.41518720064157,0,0,0,840,D_pmar=0.054_dist=500_repair_6_males=6_nmar=1,6,1
0.054,8,1000,500,67.5658927978931,288.01171162295816,0,16,1.6000000000000003,2.9057155540412363,840,D_pmar=0.054_dist=500_repair_6_males=6_nmar=1,6,1
0,11,0,0,71.42627311937046,276.56300484707214,12.120035043012551,0,0,0,841,D_pmar=0.054_dist=500_repair_6_males=6_nmar=1,6,1
0,3,0,500,72.95139626747746,287.1167609589213,0,0,0,0,841,D_pmar=0.054_dist=500_repair_6_males=6_nmar=1,6,1
0,14,500,0,72.56529058049732,232.4467980355868,55.00914440844232,0,0,0,841,D_pmar=0.054_dist=500_repair_6_males=6_nmar=1,6,1
0,7,500,500,70.04917506733028,246.34801330679255,43.69406367114791,0,0,0,841,D_pmar=0.054_dist=500_repair_6_males=6_nmar=1,6,1
0,13,1000,0,71.09591299697853,283.0906377204863,6.024853670207579,0,0,0,841,D_pmar=0.054_dist=500_repair_6_males=6_nmar=1,6,1
0.054,6,1000,500,73.98881721465725,280.94361641613636,0,20,2.0000000000000004,3.1581487840368827,841,D_pmar=0.054_dist=500_repair_6_males=6_nmar=1,6,1
0,10,0,0,68.60843337556696,254.83701378095543,36.58261668469154,0,0,0,842,D_pmar=0.054_dist=500_repair_6_males=6_nmar=1,6,1
0,7,0,500,70.15543800270287,234.95566917254865,54.98306622185527,0,0,0,842,D_pmar=0.054_dist=500_repair_6_males=6_nmar=1,6,1
0,5,500,0,65.83862443546603,294.25147495982725,0,0,0,0,842,D_pmar=0.054_dist=500_repair_6_males=6_nmar=1,6,1
0,10,500,500,68.23938421493065,242.93524304988935,48.84549185088931,0,0,0,842,D_pmar=0.054_dist=500_repair_6_males=6_nmar=1,6,1
0,7,1000,0,69.82089232778607,265.8284339882474,24.408482463789163,0,0,0,842,D_pmar=0.054_dist=500_repair_6_males=6_nmar=1,6,1
0.054,15,1000,500,67.42919561546641,286.97922464709666,0,28,2.800000000000001,3.0185212044609995,842,D_pmar=0.054_dist=500_repair_6_males=6_nmar=1,6,1
0,13,0,0,68.19844315850635,261.4478757909549,30.43625574820472,0,0,0,843,D_pmar=0.054_dist=500_repair_6_males=6_nmar=1,6,1
0,8,0,500,69.13316955709583,266.3805366008297,24.64129519336199,0,0,0,843,D_pmar=0.054_dist=500_repair_6_males=6_nmar=1,6,1
0.054,9,500,0,75.02697168788806,280.59018783007764,0,20,2.0000000000000004,2.383577841399936,843,D_pmar=0.054_dist=500_repair_6_males=6_nmar=1,6,1
0,9,500,500,68.37320984140626,291.8355434157816,0,0,0,0,843,D_pmar=0.054_dist=500_repair_6_males=6_nmar=1,6,1
0,5,1000,0,72.55620626298155,238.44656987940877,49.08135808239622,0,0,0,843,D_pmar=0.054_dist=500_repair_6_males=6_nmar=1,6,1
0,10,1000,500,71.79313066815673,270.26110982181007,18.13199653216155,0,0,0,843,D_pmar=0.054_dist=500_repair_6_males=6_nmar=1,6,1
0.054,11,0,0,67.06437053540853,289.3753740816462,0,15,1.5000000000000002,2.4680750992673643,844,D_pmar=0.054_dist=500_repair_6_males=6_nmar=1,6,1
0,10,0,500,71.24633736461121,270.60301621820537,18.175822202568728,0,0,0,844,D_pmar=0.054_dist=500_repair_6_males=6_nmar=1,6,1
0,8,500,0,71.55336577901544,276.2840827673034,12.180282598923323,0,0,0,844,D_pmar=0.054_dist=500_repair_6_males=6_nmar=1,6,1
0,6,500,500,68.84776474284178,285.1447873322079,6.059186173161682,0,0,0,844,D_pmar=0.054_dist=500_repair_6_males=6_nmar=1,6,1
0,11,1000,0,69.5926710108925,266.51060640009285,24.1086452596155,0,0,0,844,D_pmar=0.054_dist=500_repair_6_males=6_nmar=1,6,1
0,8,1000,500,73.21836867972515,256.29135056992334,30.6925081907039,0,0,0,844,D_pmar=0.054_dist=500_repair_6_males=6_nmar=1,6,1
0,10,0,0,73.80430195520884,274.2688508653795,12.145354316981807,0,0,0,845,D_pmar=0.054_dist=500_repair_6_males=6_nmar=1,6,1
0,7,0,500,71.34897211035435,288.6825741353993,0,0,0,0,845,D_pmar=0.054_dist=500_repair_6_males=6_nmar=1,6,1
0.054,18,500,0,74.33069731422891,282.38235023804174,0,13,1.3,2.135094166145829,845,D_pmar=0.054_dist=500_repair_6_males=6_nmar=1,6,1
0,6,500,500,71.47442574854429,258.00149218083357,30.626156824603218,0,0,0,845,D_pmar=0.054_dist=500_repair_6_males=6_nmar=1,6,1
0,6,1000,0,71.58016761127796,276.3489866021345,12.075828922350327,0,0,0,845,D_pmar=0.054_dist=500_repair_6_males=6_nmar=1,6,1
0,7,1000,500,72.54706408999408,264.65424903601456,22.863609583609374,0,0,0,845,D_pmar=0.054_dist=500_repair_6_males=6_nmar=1,6,1
0,7,0,0,70.95151489331995,289.0646403556681,0,0,0,0,846,D_pmar=0.054_dist=500_repair_6_males=6_nmar=1,6,1
0,8,0,500,68.91032791920124,291.2305454907762,0,0,0,0,846,D_pmar=0.054_dist=500_repair_6_males=6_nmar=1,6,1
0,10,500,0,69.89115054640439,260.15821517437945,30.09133611567264,0,0,0,846,D_pmar=0.054_dist=500_repair_6_males=6_nmar=1,6,1
0.054,13,500,500,69.31874815867496,287.13471631247245,0,14,1.4,2.2222222222222237,846,D_pmar=0.054_dist=500_repair_6_males=6_nmar=1,6,1
0,10,1000,0,70.09324131263286,271.62318750020296,18.305687732308673,0,0,0,846,D_pmar=0.054_dist=500_repair_6_males=6_nmar=1,6,1
0,6,1000,500,70.05222727537681,253.64932105718233,36.34895102642072,0,0,0,846,D_pmar=0.054_dist=500_repair_6_males=6_nmar=1,6,1
0,14,0,0,73.95582869247016,286.05365934914437,0,0,0,0,847,D_pmar=0.054_dist=500_repair_6_males=6_nmar=1,6,1
0,4,0,500,69.90447369948413,241.3606486470052,48.75221772136845,0,0,0,847,D_pmar=0.054_dist=500_repair_6_males=6_nmar=1,6,1
0.054,13,500,0,71.38380484321875,283.88858265579347,0,21,2.1000000000000005,2.638888888888894,847,D_pmar=0.054_dist=500_repair_6_males=6_nmar=1,6,1
0,7,500,500,67.83743025663027,268.02513449360293,24.26789330979513,0,0,0,847,D_pmar=0.054_dist=500_repair_6_males=6_nmar=1,6,1
0,7,1000,0,67.9449850519656,267.5474851245335,24.60136031731013,0,0,0,847,D_pmar=0.054_dist=500_repair_6_males=6_nmar=1,6,1
0,9,1000,500,69.01032527527882,260.7127760171773,30.485008329094555,0,0,0,847,D_pmar=0.054_dist=500_repair_6_males=6_nmar=1,6,1
0,10,0,0,67.5007926511795,292.65221091174396,0,0,0,0,848,D_pmar=0.054_dist=500_repair_6_males=6_nmar=1,6,1
0,10,0,500,72.89712324240348,256.79477329073694,30.377819071756424,0,0,0,848,D_pmar=0.054_dist=500_repair_6_males=6_nmar=1,6,1
0,5,500,0,69.96213722743902,277.89931367525946,12.280797327885168,0,0,0,848,D_pmar=0.054_dist=500_repair_6_males=6_nmar=1,6,1
0.054,9,500,500,67.80208445290708,288.78889226707815,0,13,1.3,2.204538610590274,848,D_pmar=0.054_dist=500_repair_6_males=6_nmar=1,6,1
0,13,1000,0,72.69917876038043,287.3844308473489,0,0,0,0,848,D_pmar=0.054_dist=500_repair_6_males=6_nmar=1,6,1
0,7,1000,500,72.52435864367928,250.4317706930961,37.125579290984426,0,0,0,848,D_pmar=0.054_dist=500_repair_6_males=6_nmar=1,6,1
0,15,0,0,68.8506332791134,266.8278143876147,24.347144773259185,0,0,0,849,D_pmar=0.054_dist=500_repair_6_males=6_nmar=1,6,1
0,16,0,500,69.73507974709503,253.56086765061096,36.76789004810428,0,0,0,849,D_pmar=0.054_dist=500_repair_6_males=6_nmar=1,6,1
0,5,500,0,72.39599880431439,287.68205541495126,0,0,0,0,849,D_pmar=0.054_dist=500_repair_6_males=6_nmar=1,6,1
0,6,500,500,71.6901072174756,276.03781264793133,12.274192794002335,0,0,0,849,D_pmar=0.054_dist=500_repair_6_males=6_nmar=1,6,1
0.054,6,1000,0,69.45227286758599,285.99690296623197,0,17,1.7000000000000004,3.014549610126419,849,D_pmar=0.054_dist=500_repair_6_males=6_nmar=1,6,1
0,6,1000,500,70.84361265605321,258.6896674084182,30.576654669257582,0,0,0,849,D_pmar=0.054_dist=500_repair_6_males=6_nmar=1,6,1
0,11,0,0,70.12869890688516,259.20138001602345,30.708036178516465,0,0,0,84,D_pmar=0.054_dist=500_repair_6_males=6_nmar=1,6,1
0,11,0,500,70.62534755956844,271.2273811235286,18.21237999137794,0,0,0,84,D_pmar=0.054_dist=500_repair_6_males=6_nmar=1,6,1
0,5,500,0,68.97529966027382,251.54165355092772,39.523690639529214,0,0,0,84,D_pmar=0.054_dist=500_repair_6_males=6_nmar=1,6,1
0,10,500,500,71.06527496389597,289.1961874189963,0,0,0,0,84,D_pmar=0.054_dist=500_repair_6_males=6_nmar=1,6,1
0,4,1000,0,67.7603158030675,267.9479552682087,24.418419903882917,0,0,0,84,D_pmar=0.054_dist=500_repair_6_males=6_nmar=1,6,1
0.054,13,1000,500,71.72419275161823,284.39424728942026,0,19,1.9000000000000008,2.128948211770304,84,D_pmar=0.054_dist=500_repair_6_males=6_nmar=1,6,1
0,10,0,0,68.82275429966653,260.6477150999998,30.58863966444336,0,0,0,850,D_pmar=0.054_dist=500_repair_6_males=6_nmar=1,6,1
0,14,0,500,74.38473153377915,264.8106114983672,20.981148758137845,0,0,0,850,D_pmar=0.054_dist=500_repair_6_males=6_nmar=1,6,1
0,8,500,0,70.78096884291735,252.95472679627784,36.45064918092488,0,0,0,850,D_pmar=0.054_dist=500_repair_6_males=6_nmar=1,6,1
0,10,500,500,68.94895078149194,291.12028933502046,0,0,0,0,850,D_pmar=0.054_dist=500_repair_6_males=6_nmar=1,6,1
0,2,1000,0,70.37336459295204,271.0693100263311,18.629198814814075,0,0,0,850,D_pmar=0.054_dist=500_repair_6_males=6_nmar=1,6,1
0.054,10,1000,500,72.24731108598411,283.6028276298295,0,18,1.8000000000000005,2.544933460577649,850,D_pmar=0.054_dist=500_repair_6_males=6_nmar=1,6,1
0.054,3,0,0,67.45208030221305,288.3244315908065,0,17,1.7000000000000004,2.81281866933663,851,D_pmar=0.054_dist=500_repair_6_males=6_nmar=1,6,1
0,9,0,500,72.17350769647373,275.89685702733914,12.067383502495677,0,0,0,851,D_pmar=0.054_dist=500_repair_6_males=6_nmar=1,6,1
0,15,500,0,71.83498931997329,224.23777708486207,63.95860252492946,0,0,0,851,D_pmar=0.054_dist=500_repair_6_males=6_nmar=1,6,1
0,11,500,500,68.67417697040389,273.46737209722386,18.057139918910813,0,0,0,851,D_pmar=0.054_dist=500_repair_6_males=6_nmar=1,6,1
0,11,1000,0,68.34837587494306,285.75641109746863,6.109328273927421,0,0,0,851,D_pmar=0.054_dist=500_repair_6_males=6_nmar=1,6,1
0,5,1000,500,70.91618267380191,289.16137828330477,0,0,0,0,851,D_pmar=0.054_dist=500_repair_6_males=6_nmar=1,6,1
0,8,0,0,72.73609489516764,287.453867227512,0,0,0,0,852,D_pmar=0.054_dist=500_repair_6_males=6_nmar=1,6,1
0,13,0,500,69.81497837268094,265.908838821824,24.34491608980243,0,0,0,852,D_pmar=0.054_dist=500_repair_6_males=6_nmar=1,6,1
0,5,500,0,71.15234623822319,258.1312947967691,30.8612925530976,0,0,0,852,D_pmar=0.054_dist=500_repair_6_males=6_nmar=1,6,1
0.054,14,500,500,69.66120335699387,285.3698266212713,0,22,2.2000000000000006,2.890510594562246,852,D_pmar=0.054_dist=500_repair_6_males=6_nmar=1,6,1
0,6,1000,0,72.10652361570043,263.44231178540366,24.542611640491582,0,0,0,852,D_pmar=0.054_dist=500_repair_6_males=6_nmar=1,6,1
0,8,1000,500,71.55438331274924,233.6545457889063,54.84119758087233,0,0,0,852,D_pmar=0.054_dist=500_repair_6_males=6_nmar=1,6,1
0,10,0,0,68.85043523097254,291.16530251843767,0,0,0,0,853,D_pmar=0.054_dist=500_repair_6_males=6_nmar=1,6,1
0,14,0,500,71.12601806925969,264.4306258908652,24.450748225136355,0,0,0,853,D_pmar=0.054_dist=500_repair_6_males=6_nmar=1,6,1
0.054,3,500,0,71.28544453073505,284.97208818006385,0,12,1.2,2.675879160797378,853,D_pmar=0.054_dist=500_repair_6_males=6_nmar=1,6,1
0,6,500,500,68.7344596953854,273.2154460778768,18.143031502151377,0,0,0,853,D_pmar=0.054_dist=500_repair_6_males=6_nmar=1,6,1
0,11,1000,0,74.04527089714604,255.15504459676825,30.800243172834595,0,0,0,853,D_pmar=0.054_dist=500_repair_6_males=6_nmar=1,6,1
0,10,1000,500,68.10643251962125,291.89607234048793,0,0,0,0,853,D_pmar=0.054_dist=500_repair_6_males=6_nmar=1,6,1
0,17,0,0,70.41275445361056,241.08739012050904,48.6658894575562,0,0,0,854,D_pmar=0.054_dist=500_repair_6_males=6_nmar=1,6,1
0,3,0,500,69.78597721367382,272.13543535669413,18.17143908981069,0,0,0,854,D_pmar=0.054_dist=500_repair_6_males=6_nmar=1,6,1
0,5,500,0,72.67202143733131,281.2321444476506,6.114606938311412,0,0,0,854,D_pmar=0.054_dist=500_repair_6_males=6_nmar=1,6,1
0,3,500,500,72.80161823725577,287.1992170045543,0,0,0,0,854,D_pmar=0.054_dist=500_repair_6_males=6_nmar=1,6,1
0,14,1000,0,71.60795190023468,270.1616491998284,18.266808458700016,0,0,0,854,D_pmar=0.054_dist=500_repair_6_males=6_nmar=1,6,1
0.054,12,1000,500,70.28191831310338,286.15923532217874,0,15,1.5000000000000002,2.3022186139517538,854,D_pmar=0.054_dist=500_repair_6_males=6_nmar=1,6,1
0.054,12,0,0,69.8653409439035,286.187110199728,0,16,1.6000000000000003,2.558493331819012,855,D_pmar=0.054_dist=500_repair_6_males=6_nmar=1,6,1
0,10,0,500,72.23111196673194,281.9448373075258,6.0089475382809345,0,0,0,855,D_pmar=0.054_dist=500_repair_6_males=6_nmar=1,6,1
0,8,500,0,71.60606994671548,251.95351173464337,36.6122527392606,0,0,0,855,D_pmar=0.054_dist=500_repair_6_males=6_nmar=1,6,1
0,14,500,500,68.53019156532562,279.19133672108075,12.386680695956532,0,0,0,855,D_pmar=0.054_dist=500_repair_6_males=6_nmar=1,6,1
0,3,1000,0,72.5999241756278,281.44835106820005,6.052794826873484,0,0,0,855,D_pmar=0.054_dist=500_repair_6_males=6_nmar=1,6,1
0,7,1000,500,71.60812856255072,251.83627932137463,36.65719170128991,0,0,0,855,D_pmar=0.054_dist=500_repair_6_males=6_nmar=1,6,1
0,12,0,0,74.41817718256316,279.56896956156925,6.02705195200256,0,0,0,856,D_pmar=0.054_dist=500_repair_6_males=6_nmar=1,6,1
0.054,14,0,500,70.29558178826282,286.45610297818496,0,11,1.1,2.149769853821501,856,D_pmar=0.054_dist=500_repair_6_males=6_nmar=1,6,1
0,8,500,0,70.00167753431985,271.522933057233,18.483691803093787,0,0,0,856,D_pmar=0.054_dist=500_repair_6_males=6_nmar=1,6,1
0,6,500,500,72.42533209044456,256.7082983534689,31.00722516631568,0,0,0,856,D_pmar=0.054_dist=500_repair_6_males=6_nmar=1,6,1
0,10,1000,0,72.27176225413056,281.72894122874357,6.128256016939695,0,0,0,856,D_pmar=0.054_dist=500_repair_6_males=6_nmar=1,6,1
0,4,1000,500,72.11895463551406,281.9669541819483,6.101999658828098,0,0,0,856,D_pmar=0.054_dist=500_repair_6_males=6_nmar=1,6,1
0,6,0,0,72.71267669238608,238.73459126458027,48.81958565832861,0,0,0,857,D_pmar=0.054_dist=500_repair_6_males=6_nmar=1,6,1
0,5,0,500,68.38614733493554,273.0546055843397,18.56843501726905,0,0,0,857,D_pmar=0.054_dist=500_repair_6_males=6_nmar=1,6,1
0.054,11,500,0,71.5670145193548,283.93922570403294,0,17,1.7000000000000004,2.825319996971356,857,D_pmar=0.054_dist=500_repair_6_males=6_nmar=1,6,1
0,17,500,500,72.79428734967671,275.01580065494625,12.199284237529096,0,0,0,857,D_pmar=0.054_dist=500_repair_6_males=6_nmar=1,6,1
0,14,1000,0,69.65569471550273,290.4447213806968,0,0,0,0,857,D_pmar=0.054_dist=500_repair_6_males=6_nmar=1,6,1
0,1,1000,500,71.7624530968268,264.10607912046464,24.14581316196658,0,0,0,857,D_pmar=0.054_dist=500_repair_6_males=6_nmar=1,6,1
0,6,0,0,72.87563957909053,256.61903853954095,30.696559025152105,0,0,0,858,D_pmar=0.054_dist=500_repair_6_males=6_nmar=1,6,1
0,13,0,500,75.15867411107249,248.47324274949477,36.63004680912448,0,0,0,858,D_pmar=0.054_dist=500_repair_6_males=6_nmar=1,6,1
0,3,500,0,71.49044139185472,282.4898083142046,6.119734360369052,0,0,0,858,D_pmar=0.054_dist=500_repair_6_males=6_nmar=1,6,1
0,13,500,500,71.38362794600577,249.9260973676576,38.75892269783586,0,0,0,858,D_pmar=0.054_dist=500_repair_6_males=6_nmar=1,6,1
0,11,1000,0,72.04723853034025,269.54630265481165,18.426059913170736,0,0,0,858,D_pmar=0.054_dist=500_repair_6_males=6_nmar=1,6,1
0.054,8,1000,500,71.04778360274608,284.23049885859547,0,22,2.2000000000000006,2.550550143149854,858,D_pmar=0.054_dist=500_repair_6_males=6_nmar=1,6,1
0,4,0,0,67.88865086068473,249.50545747290337,42.63644072529325,0,0,0,859,D_pmar=0.054_dist=500_repair_6_males=6_nmar=1,6,1
0,5,0,500,70.5000834665244,277.48929874623246,12.200125094152778,0,0,0,859,D_pmar=0.054_dist=500_repair_6_males=6_nmar=1,6,1
0,11,500,0,72.0786432331288,251.33456104878513,36.93573788137049,0,0,0,859,D_pmar=0.054_dist=500_repair_6_males=6_nmar=1,6,1
0,10,500,500,72.02441936398307,287.9815774476713,0,0,0,0,859,D_pmar=0.054_dist=500_repair_6_males=6_nmar=1,6,1
0.054,14,1000,0,69.99850681790258,285.8378404244626,0,17,1.7000000000000004,2.5231481481481524,859,D_pmar=0.054_dist=500_repair_6_males=6_nmar=1,6,1
0,10,1000,500,71.76179866860166,276.0339058313235,12.425416125226322,0,0,0,859,D_pmar=0.054_dist=500_repair_6_males=6_nmar=1,6,1
0,6,0,0,71.6278417179753,264.0706509908461,24.549823908616727,0,0,0,85,D_pmar=0.054_dist=500_repair_6_males=6_nmar=1,6,1
0,8,0,500,68.83378252491426,267.0357876129262,24.38213067769506,0,0,0,85,D_pmar=0.054_dist=500_repair_6_males=6_nmar=1,6,1
0.054,5,500,0,71.90949596971205,283.32143014975856,0,17,1.7000000000000004,3.1019599187217883,85,D_pmar=0.054_dist=500_repair_6_males=6_nmar=1,6,1
0,12,500,500,70.3938306446184,235.31956857250017,54.30503950118635,0,0,0,85,D_pmar=0.054_dist=500_repair_6_males=6_nmar=1,6,1
0,11,1000,0,67.5890347924977,292.46886422302885,0,0,0,0,85,D_pmar=0.054_dist=500_repair_6_males=6_nmar=1,6,1
0,12,1000,500,70.9485374502928,289.0710069756292,0,0,0,0,85,D_pmar=0.054_dist=500_repair_6_males=6_nmar=1,6,1
0.054,8,0,0,71.29216751439661,283.69123917097966,0,24,2.400000000000001,2.6808144255102593,860,D_pmar=0.054_dist=500_repair_6_males=6_nmar=1,6,1
0,10,0,500,71.77455569901467,270.10766203148245,18.16645947835731,0,0,0,860,D_pmar=0.054_dist=500_repair_6_males=6_nmar=1,6,1
0,11,500,0,72.30353787068826,238.75063041537027,48.94979559388401,0,0,0,860,D_pmar=0.054_dist=500_repair_6_males=6_nmar=1,6,1
0,3,500,500,69.4066940251603,266.1094111577189,24.619852047402336,0,0,0,860,D_pmar=0.054_dist=500_repair_6_males=6_nmar=1,6,1
0,4,1000,0,69.97901026846296,259.6691134405781,30.438210397520752,0,0,0,860,D_pmar=0.054_dist=500_repair_6_males=6_nmar=1,6,1
0,18,1000,500,70.9914139271169,264.2808316854985,24.751709580244725,0,0,0,860,D_pmar=0.054_dist=500_repair_6_males=6_nmar=1,6,1
0,7,0,0,66.77860856749459,281.0893587712583,12.225520691045435,0,0,0,861,D_pmar=0.054_dist=500_repair_6_males=6_nmar=1,6,1
0,10,0,500,68.9999640072039,236.1111149042329,55.20612479743038,0,0,0,861,D_pmar=0.054_dist=500_repair_6_males=6_nmar=1,6,1
0,11,500,0,74.48419545585313,285.57916113289383,0,0,0,0,861,D_pmar=0.054_dist=500_repair_6_males=6_nmar=1,6,1
0.054,5,500,500,69.6358113170719,285.61600501774666,0,22,2.2000000000000006,2.60476758852227,861,D_pmar=0.054_dist=500_repair_6_males=6_nmar=1,6,1
0,6,1000,0,70.96153410841869,283.0151288293448,6.122498237509481,0,0,0,861,D_pmar=0.054_dist=500_repair_6_males=6_nmar=1,6,1
0,15,1000,500,69.77267319084622,229.2584547721761,61.068949964734514,0,0,0,861,D_pmar=0.054_dist=500_repair_6_males=6_nmar=1,6,1
0,12,0,0,70.40990863289333,289.6728507428132,0,0,0,0,862,D_pmar=0.054_dist=500_repair_6_males=6_nmar=1,6,1
0,6,0,500,69.36515925412675,247.6836096938502,43.074060156089786,0,0,0,862,D_pmar=0.054_dist=500_repair_6_males=6_nmar=1,6,1
0,12,500,0,69.96804027754806,259.4707696965534,30.570816266321305,0,0,0,862,D_pmar=0.054_dist=500_repair_6_males=6_nmar=1,6,1
0,12,500,500,70.93715312020481,289.1812603104977,0,0,0,0,862,D_pmar=0.054_dist=500_repair_6_males=6_nmar=1,6,1
0.054,6,1000,0,70.9435722631229,284.8798449089764,0,16,1.6000000000000003,2.6441064061207475,862,D_pmar=0.054_dist=500_repair_6_males=6_nmar=1,6,1
0,6,1000,500,69.04333998936194,266.9064444253882,24.284676905634548,0,0,0,862,D_pmar=0.054_dist=500_repair_6_males=6_nmar=1,6,1
0,16,0,0,68.76115674908742,267.08917373624973,24.255311203593138,0,0,0,863,D_pmar=0.054_dist=500_repair_6_males=6_nmar=1,6,1
0.054,3,0,500,73.04186907906099,281.9268850698316,0,26,2.600000000000001,3.111548195628573,863,D_pmar=0.054_dist=500_repair_6_males=6_nmar=1,6,1
0,13,500,0,71.46921687856242,227.39091897981592,61.160658435410774,0,0,0,863,D_pmar=0.054_dist=500_repair_6_males=6_nmar=1,6,1
0,8,500,500,72.67538682509206,281.3581617969676,6.152439459267005,0,0,0,863,D_pmar=0.054_dist=500_repair_6_males=6_nmar=1,6,1
0,5,1000,0,74.32623971258982,224.9216304350313,61.049663966764385,0,0,0,863,D_pmar=0.054_dist=500_repair_6_males=6_nmar=1,6,1
0,9,1000,500,68.89109054702811,285.06778082574755,6.050280309477659,0,0,0,863,D_pmar=0.054_dist=500_repair_6_males=6_nmar=1,6,1
0.054,9,0,0,70.24923121513542,285.9794084268818,0,15,1.5000000000000002,2.530612859056251,864,D_pmar=0.054_dist=500_repair_6_males=6_nmar=1,6,1
0,14,0,500,66.71040039815904,250.4814198759076,42.91433940786495,0,0,0,864,D_pmar=0.054_dist=500_repair_6_males=6_nmar=1,6,1
0,7,500,0,68.86674313441083,248.5665607899953,42.681266047625925,0,0,0,864,D_pmar=0.054_dist=500_repair_6_males=6_nmar=1,6,1
0,11,500,500,71.16342893748272,288.95086511251014,0,0,0,0,864,D_pmar=0.054_dist=500_repair_6_males=6_nmar=1,6,1
0,8,1000,0,66.91084032865173,287.21744325226723,6.017733539941489,0,0,0,864,D_pmar=0.054_dist=500_repair_6_males=6_nmar=1,6,1
0,5,1000,500,74.06577657484205,286.1674738617161,0,0,0,0,864,D_pmar=0.054_dist=500_repair_6_males=6_nmar=1,6,1
0,8,0,0,69.97361446603743,266.02436764071047,24.24025730744347,0,0,0,865,D_pmar=0.054_dist=500_repair_6_males=6_nmar=1,6,1
0,5,0,500,68.39792247834522,291.81420064749864,0,0,0,0,865,D_pmar=0.054_dist=500_repair_6_males=6_nmar=1,6,1
0.054,12,500,0,70.72751136680026,285.40180480134035,0,16,1.6000000000000003,2.4128719439236095,865,D_pmar=0.054_dist=500_repair_6_males=6_nmar=1,6,1
0,4,500,500,69.46492232176614,259.81104216735173,30.77354367124237,0,0,0,865,D_pmar=0.054_dist=500_repair_6_males=6_nmar=1,6,1
0,9,1000,0,72.67783849906083,268.83764945199755,18.517256961632828,0,0,0,865,D_pmar=0.054_dist=500_repair_6_males=6_nmar=1,6,1
0,16,1000,500,72.83649981707431,263.02886164064455,24.162054873823585,0,0,0,865,D_pmar=0.054_dist=500_repair_6_males=6_nmar=1,6,1
0,7,0,0,73.21909921430985,274.7691282581995,12.05507812676258,0,0,0,866,D_pmar=0.054_dist=500_repair_6_males=6_nmar=1,6,1
0,4,0,500,71.10938509533544,258.21708608645133,30.833668430435512,0,0,0,866,D_pmar=0.054_dist=500_repair_6_males=6_nmar=1,6,1
0,4,500,0,70.60481976011464,271.39903432300866,18.32969501134071,0,0,0,866,D_pmar=0.054_dist=500_repair_6_males=6_nmar=1,6,1
0,18,500,500,66.58626499509025,281.43836319222527,12.262578886902867,0,0,0,866,D_pmar=0.054_dist=500_repair_6_males=6_nmar=1,6,1
0.054,16,1000,0,70.12131259164713,285.85281525743045,0,14,1.4,2.7086155858523138,866,D_pmar=0.054_dist=500_repair_6_males=6_nmar=1,6,1
0,5,1000,500,67.87162571286005,279.9750665973082,12.16182382179163,0,0,0,866,D_pmar=0.054_dist=500_repair_6_males=6_nmar=1,6,1
0,11,0,0,70.5194846444933,277.5034254563295,12.196889243570627,0,0,0,867,D_pmar=0.054_dist=500_repair_6_males=6_nmar=1,6,1
0,14,0,500,71.16019362154543,246.0182831299394,42.84959723620951,0,0,0,867,D_pmar=0.054_dist=500_repair_6_males=6_nmar=1,6,1
0.054,7,500,0,73.74378464335891,282.3227343990208,0,15,1.5000000000000002,2.5943677872931916,867,D_pmar=0.054_dist=500_repair_6_males=6_nmar=1,6,1
0,7,500,500,70.90960013753022,275.39163215246805,13.759683399477474,0,0,0,867,D_pmar=0.054_dist=500_repair_6_males=6_nmar=1,6,1
0,10,1000,0,72.91785958744218,268.85542817402387,18.387679888670153,0,0,0,867,D_pmar=0.054_dist=500_repair_6_males=6_nmar=1,6,1
0,5,1000,500,70.29713411110146,289.75231991609866,0,0,0,0,867,D_pmar=0.054_dist=500_repair_6_males=6_nmar=1,6,1
0,16,0,0,71.77567389181296,282.0684788464266,6.187640797479342,0,0,0,868,D_pmar=0.054_dist=500_repair_6_males=6_nmar=1,6,1
0,11,0,500,70.46185114133205,283.60280462129435,6.020145042032358,0,0,0,868,D_pmar=0.054_dist=500_repair_6_males=6_nmar=1,6,1
0.054,5,500,0,69.67574258563742,286.46690094297395,0,13,1.3,2.624016975971138,868,D_pmar=0.054_dist=500_repair_6_males=6_nmar=1,6,1
0,6,500,500,69.85797454209697,271.99886978035545,18.145373076431213,0,0,0,868,D_pmar=0.054_dist=500_repair_6_males=6_nmar=1,6,1
0,12,1000,0,75.21176419543728,236.10065671546684,48.74255939207719,0,0,0,868,D_pmar=0.054_dist=500_repair_6_males=6_nmar=1,6,1
0,4,1000,500,71.71669399499979,288.28849350929454,0,0,0,0,868,D_pmar=0.054_dist=500_repair_6_males=6_nmar=1,6,1
0,6,0,0,70.32807011695664,253.25708749924337,36.532148222864734,0,0,0,869,D_pmar=0.054_dist=500_repair_6_males=6_nmar=1,6,1
0,5,0,500,69.32685861767006,254.1402219789397,36.9679127930412,0,0,0,869,D_pmar=0.054_dist=500_repair_6_males=6_nmar=1,6,1
0.054,21,500,0,72.44451979424585,283.4032868929893,0,20,2.0000000000000004,2.1871592910703384,869,D_pmar=0.054_dist=500_repair_6_males=6_nmar=1,6,1
0,7,500,500,68.95843099321033,291.208550254922,0,0,0,0,869,D_pmar=0.054_dist=500_repair_6_males=6_nmar=1,6,1
0,5,1000,0,73.20569224936732,268.39527514838096,18.434471976246588,0,0,0,869,D_pmar=0.054_dist=500_repair_6_males=6_nmar=1,6,1
0,10,1000,500,71.18732556647223,260.95587248466666,27.94408994207597,0,0,0,869,D_pmar=0.054_dist=500_repair_6_males=6_nmar=1,6,1
0,3,0,0,73.61454345751325,243.76014498203855,42.7295093736118,0,0,0,86,D_pmar=0.054_dist=500_repair_6_males=6_nmar=1,6,1
0,3,0,500,69.78371007750337,271.6916337896153,18.587998538440996,0,0,0,86,D_pmar=0.054_dist=500_repair_6_males=6_nmar=1,6,1
0,4,500,0,72.30043806600109,263.41374999408225,24.327716100951022,0,0,0,86,D_pmar=0.054_dist=500_repair_6_males=6_nmar=1,6,1
0,10,500,500,70.2777556578618,271.19780184670736,18.589507883918216,0,0,0,86,D_pmar=0.054_dist=500_repair_6_males=6_nmar=1,6,1
0,17,1000,0,68.30371142791748,267.2538861079917,24.47272814069991,0,0,0,86,D_pmar=0.054_dist=500_repair_6_males=6_nmar=1,6,1
0.054,17,1000,500,68.81895231418207,286.4371874543233,0,21,2.1000000000000005,2.6510859244116056,86,D_pmar=0.054_dist=500_repair_6_males=6_nmar=1,6,1
0,9,0,0,70.43001937283196,265.1629444981229,24.416129894339985,0,0,0,870,D_pmar=0.054_dist=500_repair_6_males=6_nmar=1,6,1
0,8,0,500,69.60151959623923,259.8032856247896,30.6989133090668,0,0,0,870,D_pmar=0.054_dist=500_repair_6_males=6_nmar=1,6,1
0,8,500,0,73.03141255207414,281.0205226185794,6.081025644550302,0,0,0,870,D_pmar=0.054_dist=500_repair_6_males=6_nmar=1,6,1
0.054,11,500,500,69.20749756227309,287.30699066213657,0,14,1.4,2.1630254329508505,870,D_pmar=0.054_dist=500_repair_6_males=6_nmar=1,6,1
0,11,1000,0,71.76632598419064,288.34045319492947,0,0,0,0,870,D_pmar=0.054_dist=500_repair_6_males=6_nmar=1,6,1
0,7,1000,500,70.47703429371536,265.0198951186905,24.53790671115539,0,0,0,870,D_pmar=0.054_dist=500_repair_6_males=6_nmar=1,6,1
0,4,0,0,71.23739879068428,288.8214513134841,0,0,0,0,871,D_pmar=0.054_dist=500_repair_6_males=6_nmar=1,6,1
0,17,0,500,70.97416486885918,258.814914245802,30.34565567678697,0,0,0,871,D_pmar=0.054_dist=500_repair_6_males=6_nmar=1,6,1
0,8,500,0,70.64992284924013,271.4200237071283,18.11139615509988,0,0,0,871,D_pmar=0.054_dist=500_repair_6_males=6_nmar=1,6,1
0,5,500,500,73.14061017798161,268.7512996058719,18.16139209602457,0,0,0,871,D_pmar=0.054_dist=500_repair_6_males=6_nmar=1,6,1
0.054,5,1000,0,70.67026000482316,285.6636022220972,0,11,1.1,2.6053188999186285,871,D_pmar=0.054_dist=500_repair_6_males=6_nmar=1,6,1
0,15,1000,500,70.5945355733378,289.4082907329601,0,0,0,0,871,D_pmar=0.054_dist=500_repair_6_males=6_nmar=1,6,1
0,4,0,0,70.63488520743158,258.7184931358111,30.68514840194132,0,0,0,872,D_pmar=0.054_dist=500_repair_6_males=6_nmar=1,6,1
0,13,0,500,69.59747958401765,254.07086921465032,36.33845277690695,0,0,0,872,D_pmar=0.054_dist=500_repair_6_males=6_nmar=1,6,1
0,10,500,0,68.76856903913075,291.24738536171554,0,0,0,0,872,D_pmar=0.054_dist=500_repair_6_males=6_nmar=1,6,1
0,14,500,500,71.13655309014486,282.87513404281094,6.088878135054786,0,0,0,872,D_pmar=0.054_dist=500_repair_6_males=6_nmar=1,6,1
0,6,1000,0,67.96313766343525,261.64405421579323,30.43240844711605,0,0,0,872,D_pmar=0.054_dist=500_repair_6_males=6_nmar=1,6,1
0.054,7,1000,500,70.68179599809301,284.8867791296852,0,17,1.7000000000000004,2.7827130424906636,872,D_pmar=0.054_dist=500_repair_6_males=6_nmar=1,6,1
0,13,0,0,72.7409958194808,281.29245578557925,6.018642887161346,0,0,0,873,D_pmar=0.054_dist=500_repair_6_males=6_nmar=1,6,1
0,7,0,500,73.93475318986069,249.3141037537708,36.82886907317051,0,0,0,873,D_pmar=0.054_dist=500_repair_6_males=6_nmar=1,6,1
0,13,500,0,68.76579242374616,242.3591179499066,49.16741297813954,0,0,0,873,D_pmar=0.054_dist=500_repair_6_males=6_nmar=1,6,1
0,9,500,500,69.72406407242474,290.2880355387466,0,0,0,0,873,D_pmar=0.054_dist=500_repair_6_males=6_nmar=1,6,1
0.054,2,1000,0,72.66699688386338,282.983348003495,0,16,1.6000000000000003,2.7648772848027066,873,D_pmar=0.054_dist=500_repair_6_males=6_nmar=1,6,1
0,10,1000,500,73.64619298474892,280.4204730988474,6.1471173356957385,0,0,0,873,D_pmar=0.054_dist=500_repair_6_males=6_nmar=1,6,1
0,8,0,0,69.74472194824587,278.2670138888846,12.05099589585588,0,0,0,874,D_pmar=0.054_dist=500_repair_6_males=6_nmar=1,6,1
0.054,13,0,500,68.27966991455321,287.03624975623757,0,21,2.1000000000000005,2.7650294308587142,874,D_pmar=0.054_dist=500_repair_6_males=6_nmar=1,6,1
0,8,500,0,68.89127349239772,248.54464717364823,42.67234712402461,0,0,0,874,D_pmar=0.054_dist=500_repair_6_males=6_nmar=1,6,1
0,11,500,500,68.14145650680231,292.06941018831793,0,0,0,0,874,D_pmar=0.054_dist=500_repair_6_males=6_nmar=1,6,1
0,11,1000,0,71.275361508712,270.33050705489137,18.484253870028724,0,0,0,874,D_pmar=0.054_dist=500_repair_6_males=6_nmar=1,6,1
0,3,1000,500,69.09649525136389,236.0267799812179,54.90397146837665,0,0,0,874,D_pmar=0.054_dist=500_repair_6_males=6_nmar=1,6,1
0,11,0,0,70.2342428959436,241.11764676098804,48.833654023518555,0,0,0,875,D_pmar=0.054_dist=500_repair_6_males=6_nmar=1,6,1
0,7,0,500,73.77990658829131,276.91787922323186,9.421096318432522,0,0,0,875,D_pmar=0.054_dist=500_repair_6_males=6_nmar=1,6,1
0,14,500,0,71.37842020054774,282.3613613640569,6.302460098792444,0,0,0,875,D_pmar=0.054_dist=500_repair_6_males=6_nmar=1,6,1
0,4,500,500,72.68937506982864,274.85616420691093,12.507127405238627,0,0,0,875,D_pmar=0.054_dist=500_repair_6_males=6_nmar=1,6,1
0.054,3,1000,0,72.08343591901345,282.83015531822485,0,19,1.9000000000000008,3.4093581307282936,875,D_pmar=0.054_dist=500_repair_6_males=6_nmar=1,6,1
0,15,1000,500,68.27464871178543,259.206398440854,32.664490554850865,0,0,0,875,D_pmar=0.054_dist=500_repair_6_males=6_nmar=1,6,1
0,10,0,0,73.86528754292975,269.630232124961,16.565553806461253,0,0,0,876,D_pmar=0.054_dist=500_repair_6_males=6_nmar=1,6,1
0,16,0,500,75.38397611046393,242.0328934155667,42.60178364477474,0,0,0,876,D_pmar=0.054_dist=500_repair_6_males=6_nmar=1,6,1
0,5,500,0,70.12648822091326,247.41548135975745,42.560687768860696,0,0,0,876,D_pmar=0.054_dist=500_repair_6_males=6_nmar=1,6,1
0,4,500,500,75.796436417756,266.0998216463495,18.20024402083353,0,0,0,876,D_pmar=0.054_dist=500_repair_6_males=6_nmar=1,6,1
0,5,1000,0,74.41751803685379,279.6438388628708,6.047842491970576,0,0,0,876,D_pmar=0.054_dist=500_repair_6_males=6_nmar=1,6,1
0.054,13,1000,500,68.88399445737267,286.8145288139838,0,21,2.1000000000000005,2.2331512952546215,876,D_pmar=0.054_dist=500_repair_6_males=6_nmar=1,6,1
0,5,0,0,71.26226585868969,288.81829719395733,0,0,0,0,877,D_pmar=0.054_dist=500_repair_6_males=6_nmar=1,6,1
0,8,0,500,70.01062051581378,247.7605070479605,42.4602181329387,0,0,0,877,D_pmar=0.054_dist=500_repair_6_males=6_nmar=1,6,1
0,12,500,0,72.58815503247767,269.47897401273855,18.1122890229543,0,0,0,877,D_pmar=0.054_dist=500_repair_6_males=6_nmar=1,6,1
0.054,12,500,500,66.18907661566094,289.658288537999,0,19,1.9000000000000008,2.3141333969554916,877,D_pmar=0.054_dist=500_repair_6_males=6_nmar=1,6,1
0,12,1000,0,72.61528185704302,275.09153205909325,12.372442787044784,0,0,0,877,D_pmar=0.054_dist=500_repair_6_males=6_nmar=1,6,1
0,5,1000,500,73.93038077043622,243.3431819673303,42.99306644720525,0,0,0,877,D_pmar=0.054_dist=500_repair_6_males=6_nmar=1,6,1
0,6,0,0,72.63350468007323,263.2715500613875,24.21719027898488,0,0,0,878,D_pmar=0.054_dist=500_repair_6_males=6_nmar=1,6,1
0.054,12,0,500,70.12074592414817,286.71887882411016,0,13,1.3,1.9748543634024245,878,D_pmar=0.054_dist=500_repair_6_males=6_nmar=1,6,1
0,9,500,0,72.75809893270095,287.45317330740806,0,0,0,0,878,D_pmar=0.054_dist=500_repair_6_males=6_nmar=1,6,1
0,9,500,500,71.60605813324206,276.37072825483324,12.167106814099764,0,0,0,878,D_pmar=0.054_dist=500_repair_6_males=6_nmar=1,6,1
0,9,1000,0,70.09257638371507,283.73289766671087,6.202696233117693,0,0,0,878,D_pmar=0.054_dist=500_repair_6_males=6_nmar=1,6,1
0,9,1000,500,71.17609918991847,252.311115661712,36.56710313693515,0,0,0,878,D_pmar=0.054_dist=500_repair_6_males=6_nmar=1,6,1
0,9,0,0,72.94246469274478,268.7364135413505,18.435942460553584,0,0,0,879,D_pmar=0.054_dist=500_repair_6_males=6_nmar=1,6,1
0.054,9,0,500,70.67540152790495,285.52585195229653,0,16,1.6000000000000003,2.353827300708242,879,D_pmar=0.054_dist=500_repair_6_males=6_nmar=1,6,1
0,5,500,0,70.87066624106666,276.9640860161763,12.263953077010502,0,0,0,879,D_pmar=0.054_dist=500_repair_6_males=6_nmar=1,6,1
0,12,500,500,72.3330049031159,256.8820309260732,30.863273474625455,0,0,0,879,D_pmar=0.054_dist=500_repair_6_males=6_nmar=1,6,1
0,8,1000,0,74.31338860659321,273.5363010664692,12.329843243053762,0,0,0,879,D_pmar=0.054_dist=500_repair_6_males=6_nmar=1,6,1
0,11,1000,500,71.46342455194055,264.20356311343244,24.33965754162422,0,0,0,879,D_pmar=0.054_dist=500_repair_6_males=6_nmar=1,6,1
0,5,0,0,71.64085655948004,245.6990958391696,42.6892928600935,0,0,0,87,D_pmar=0.054_dist=500_repair_6_males=6_nmar=1,6,1
0.054,5,0,500,71.21777878132012,284.9820489357825,0,15,1.5000000000000002,2.3781640989259976,87,D_pmar=0.054_dist=500_repair_6_males=6_nmar=1,6,1
0,11,500,0,76.63610644097545,277.25956752243906,6.104328920534302,0,0,0,87,D_pmar=0.054_dist=500_repair_6_males=6_nmar=1,6,1
0,8,500,500,68.33840860877947,291.8093988757722,0,0,0,0,87,D_pmar=0.054_dist=500_repair_6_males=6_nmar=1,6,1
0,12,1000,0,70.21904902362135,246.93502677135135,42.92088376836962,0,0,0,87,D_pmar=0.054_dist=500_repair_6_males=6_nmar=1,6,1
0,13,1000,500,70.00149707057786,290.1790999133246,0,0,0,0,87,D_pmar=0.054_dist=500_repair_6_males=6_nmar=1,6,1
0,12,0,0,72.99903112367207,287.1123937591669,0,0,0,0,880,D_pmar=0.054_dist=500_repair_6_males=6_nmar=1,6,1
0,11,0,500,72.51636339921392,287.51587382551713,0,0,0,0,880,D_pmar=0.054_dist=500_repair_6_males=6_nmar=1,6,1
0,10,500,0,67.83878376805018,243.6078280801784,48.61460464293732,0,0,0,880,D_pmar=0.054_dist=500_repair_6_males=6_nmar=1,6,1
0,13,500,500,70.65810649229012,246.7348720634692,42.75542182166757,0,0,0,880,D_pmar=0.054_dist=500_repair_6_males=6_nmar=1,6,1
0.054,5,1000,0,72.94379690223145,283.28329709615406,0,16,1.6000000000000003,2.5572253693286977,880,D_pmar=0.054_dist=500_repair_6_males=6_nmar=1,6,1
0,3,1000,500,70.59774721915936,283.1919459218344,6.28638999231577,0,0,0,880,D_pmar=0.054_dist=500_repair_6_males=6_nmar=1,6,1
0,9,0,0,69.3398472339113,272.30005854570976,18.47511890142821,0,0,0,881,D_pmar=0.054_dist=500_repair_6_males=6_nmar=1,6,1
0,14,0,500,71.85250897403937,239.42467981676475,48.74341521241861,0,0,0,881,D_pmar=0.054_dist=500_repair_6_males=6_nmar=1,6,1
0.054,12,500,0,66.72320114472481,288.59943717416627,0,23,2.3000000000000007,2.5664365204881707,881,D_pmar=0.054_dist=500_repair_6_males=6_nmar=1,6,1
0,4,500,500,69.86005652977735,259.666590491728,30.527545757825855,0,0,0,881,D_pmar=0.054_dist=500_repair_6_males=6_nmar=1,6,1
0,5,1000,0,72.69677866702844,256.50565907147205,30.82207482028844,0,0,0,881,D_pmar=0.054_dist=500_repair_6_males=6_nmar=1,6,1
0,10,1000,500,72.04356822556686,275.900308619574,12.056970929110344,0,0,0,881,D_pmar=0.054_dist=500_repair_6_males=6_nmar=1,6,1
0,4,0,0,69.20638531934762,260.63978782717413,30.43141916709598,0,0,0,882,D_pmar=0.054_dist=500_repair_6_males=6_nmar=1,6,1
0,11,0,500,67.68382500247853,292.47036272274033,0,0,0,0,882,D_pmar=0.054_dist=500_repair_6_males=6_nmar=1,6,1
0,12,500,0,71.28967759043009,239.67415972772517,49.05250767667813,0,0,0,882,D_pmar=0.054_dist=500_repair_6_males=6_nmar=1,6,1
0.054,10,500,500,73.28588223179736,282.6554759104299,0,18,1.8000000000000005,2.4526231205040294,882,D_pmar=0.054_dist=500_repair_6_males=6_nmar=1,6,1
0,11,1000,0,70.62221414937491,271.255041577165,18.26651207977869,0,0,0,882,D_pmar=0.054_dist=500_repair_6_males=6_nmar=1,6,1
0,6,1000,500,72.7803500015634,275.13916670094244,12.10381244316912,0,0,0,882,D_pmar=0.054_dist=500_repair_6_males=6_nmar=1,6,1
0.054,9,0,0,70.47129218726457,285.9462035778034,0,14,1.4,2.560819837915965,883,D_pmar=0.054_dist=500_repair_6_males=6_nmar=1,6,1
0,3,0,500,68.90983902014395,254.4408264955048,36.7184565981217,0,0,0,883,D_pmar=0.054_dist=500_repair_6_males=6_nmar=1,6,1
0,4,500,0,66.18719828109006,281.9361893918541,12.049017492456128,0,0,0,883,D_pmar=0.054_dist=500_repair_6_males=6_nmar=1,6,1
0,16,500,500,74.56104995045328,273.531805214462,12.018679611030562,0,0,0,883,D_pmar=0.054_dist=500_repair_6_males=6_nmar=1,6,1
0,9,1000,0,71.16537167847892,282.74648335230853,6.109787624796183,0,0,0,883,D_pmar=0.054_dist=500_repair_6_males=6_nmar=1,6,1
0,13,1000,500,72.75619714825807,269.0090009652222,18.235050131740316,0,0,0,883,D_pmar=0.054_dist=500_repair_6_males=6_nmar=1,6,1
0.054,8,0,0,68.52022795155649,286.92396483262166,0,18,1.8000000000000005,2.7820316246313364,884,D_pmar=0.054_dist=500_repair_6_males=6_nmar=1,6,1
0,10,0,500,72.35269734393378,281.6659814549615,6.129437384892723,0,0,0,884,D_pmar=0.054_dist=500_repair_6_males=6_nmar=1,6,1
0,6,500,0,70.77041295400184,289.2537546879896,0,0,0,0,884,D_pmar=0.054_dist=500_repair_6_males=6_nmar=1,6,1
0,9,500,500,70.39515141852024,241.0404488880746,48.90216486985975,0,0,0,884,D_pmar=0.054_dist=500_repair_6_males=6_nmar=1,6,1
0,5,1000,0,73.18376796489856,262.2872149968885,24.71727586479871,0,0,0,884,D_pmar=0.054_dist=500_repair_6_males=6_nmar=1,6,1
0,16,1000,500,71.39014628750161,258.14430912253727,30.607050325614033,0,0,0,884,D_pmar=0.054_dist=500_repair_6_males=6_nmar=1,6,1
0,4,0,0,67.69295860307977,268.03401192370274,24.39281825896087,0,0,0,885,D_pmar=0.054_dist=500_repair_6_males=6_nmar=1,6,1
0,6,0,500,68.39040253718848,242.85458459804076,48.8769934143991,0,0,0,885,D_pmar=0.054_dist=500_repair_6_males=6_nmar=1,6,1
0.054,10,500,0,68.63090792712745,287.2069460645038,0,18,1.8000000000000005,2.538331068034104,885,D_pmar=0.054_dist=500_repair_6_males=6_nmar=1,6,1
0,7,500,500,71.68092701273056,257.6554803470607,30.800552761895844,0,0,0,885,D_pmar=0.054_dist=500_repair_6_males=6_nmar=1,6,1
0,11,1000,0,67.79094254349005,292.2557783261063,0,0,0,0,885,D_pmar=0.054_dist=500_repair_6_males=6_nmar=1,6,1
0,16,1000,500,69.25600610280102,284.91103441712,6.074387369210997,0,0,0,885,D_pmar=0.054_dist=500_repair_6_males=6_nmar=1,6,1
0.054,11,0,0,69.04922207030656,286.3439396633574,0,17,1.7000000000000004,2.991046375823998,886,D_pmar=0.054_dist=500_repair_6_males=6_nmar=1,6,1
0,9,0,500,70.28444622583946,289.95356410930833,0,0,0,0,886,D_pmar=0.054_dist=500_repair_6_males=6_nmar=1,6,1
0,6,500,0,72.70081686476726,287.3154755862015,0,0,0,0,886,D_pmar=0.054_dist=500_repair_6_males=6_nmar=1,6,1
0,12,500,500,71.33480163011573,239.86630017543385,48.803846198796094,0,0,0,886,D_pmar=0.054_dist=500_repair_6_males=6_nmar=1,6,1
0,4,1000,0,64.82292443188639,246.358515165752,48.959539075532874,0,0,0,886,D_pmar=0.054_dist=500_repair_6_males=6_nmar=1,6,1
0,12,1000,500,74.11506034158047,279.8591345823322,6.037262207267446,0,0,0,886,D_pmar=0.054_dist=500_repair_6_males=6_nmar=1,6,1
0,7,0,0,73.23526039601397,274.6030165133465,12.377561589270377,0,0,0,887,D_pmar=0.054_dist=500_repair_6_males=6_nmar=1,6,1
0,9,0,500,69.3127479847483,272.64238035359256,18.27381761080025,0,0,0,887,D_pmar=0.054_dist=500_repair_6_males=6_nmar=1,6,1
0.054,5,500,0,67.80808007724728,288.070568103259,0,20,2.0000000000000004,2.186173581098999,887,D_pmar=0.054_dist=500_repair_6_males=6_nmar=1,6,1
0,9,500,500,70.77091754387857,240.04979757468544,49.20472602218493,0,0,0,887,D_pmar=0.054_dist=500_repair_6_males=6_nmar=1,6,1
0,17,1000,0,67.6859686949217,286.24275693852525,6.171651363637118,0,0,0,887,D_pmar=0.054_dist=500_repair_6_males=6_nmar=1,6,1
0,7,1000,500,71.99130433398852,251.37925551924812,36.82281984576105,0,0,0,887,D_pmar=0.054_dist=500_repair_6_males=6_nmar=1,6,1
0,16,0,0,68.61533067708132,261.0725422543417,30.418045303682337,0,0,0,888,D_pmar=0.054_dist=500_repair_6_males=6_nmar=1,6,1
0,12,0,500,67.97297505063777,249.470861990177,42.58220920122477,0,0,0,888,D_pmar=0.054_dist=500_repair_6_males=6_nmar=1,6,1
0,8,500,0,71.528507851399,282.47653247843016,6.154740228501441,0,0,0,888,D_pmar=0.054_dist=500_repair_6_males=6_nmar=1,6,1
0.054,6,500,500,73.181160887563,282.78746997888936,0,17,1.7000000000000004,2.4097118739113235,888,D_pmar=0.054_dist=500_repair_6_males=6_nmar=1,6,1
0,10,1000,0,71.0952305381417,270.78918230589704,18.124811739469973,0,0,0,888,D_pmar=0.054_dist=500_repair_6_males=6_nmar=1,6,1
0,2,1000,500,70.98110630857438,283.0868068563816,6.010900185452452,0,0,0,888,D_pmar=0.054_dist=500_repair_6_males=6_nmar=1,6,1
0,6,0,0,69.07976177872374,291.04120472918856,0,0,0,0,889,D_pmar=0.054_dist=500_repair_6_males=6_nmar=1,6,1
0,10,0,500,71.3998367236192,276.52588724208226,12.099137646284111,0,0,0,889,D_pmar=0.054_dist=500_repair_6_males=6_nmar=1,6,1
0,8,500,0,73.70824125756283,250.01479333491895,36.34279862734749,0,0,0,889,D_pmar=0.054_dist=500_repair_6_males=6_nmar=1,6,1
0,8,500,500,73.38269002838355,268.6738854212135,18.22608256470733,0,0,0,889,D_pmar=0.054_dist=500_repair_6_males=6_nmar=1,6,1
0.054,13,1000,0,70.80766169876792,285.1284429497491,0,17,1.7000000000000004,2.523148148148152,889,D_pmar=0.054_dist=500_repair_6_males=6_nmar=1,6,1
0,9,1000,500,68.5174032468602,255.0192241611896,36.51053112979702,0,0,0,889,D_pmar=0.054_dist=500_repair_6_males=6_nmar=1,6,1
0.054,13,0,0,69.3766793305129,286.42745892992997,0,19,1.9000000000000008,2.570255968766743,88,D_pmar=0.054_dist=500_repair_6_males=6_nmar=1,6,1
0,4,0,500,69.40228166049467,290.679082565072,0,0,0,0,88,D_pmar=0.054_dist=500_repair_6_males=6_nmar=1,6,1
0,3,500,0,69.31120009051874,254.18979744242716,36.54902704611423,0,0,0,88,D_pmar=0.054_dist=500_repair_6_males=6_nmar=1,6,1
0,20,500,500,66.9749008854689,262.3967536813444,30.778894900069883,0,0,0,88,D_pmar=0.054_dist=500_repair_6_males=6_nmar=1,6,1
0,7,1000,0,71.56717993668933,270.0762447486942,18.50338348001397,0,0,0,88,D_pmar=0.054_dist=500_repair_6_males=6_nmar=1,6,1
0,7,1000,500,66.38279718678893,263.18197332709565,30.472350271452036,0,0,0,88,D_pmar=0.054_dist=500_repair_6_males=6_nmar=1,6,1
0.054,11,0,0,74.06766549938263,281.19648181391744,0,22,2.2000000000000006,2.555203155343759,890,D_pmar=0.054_dist=500_repair_6_males=6_nmar=1,6,1
0,5,0,500,69.94415821471596,278.0716480549983,12.101448134601418,0,0,0,890,D_pmar=0.054_dist=500_repair_6_males=6_nmar=1,6,1
0,12,500,0,68.14879021241633,243.1068220408969,48.85240134994084,0,0,0,890,D_pmar=0.054_dist=500_repair_6_males=6_nmar=1,6,1
0,9,500,500,72.94360184099246,268.77832010553817,18.45276194109027,0,0,0,890,D_pmar=0.054_dist=500_repair_6_males=6_nmar=1,6,1
0,9,1000,0,66.79521576625945,244.63002442365467,48.650215892091,0,0,0,890,D_pmar=0.054_dist=500_repair_6_males=6_nmar=1,6,1
0,8,1000,500,69.5482319273574,284.5034568123148,6.115725041371943,0,0,0,890,D_pmar=0.054_dist=500_repair_6_males=6_nmar=1,6,1
0,13,0,0,70.93121613141759,264.7216268129239,24.533698047239792,0,0,0,891,D_pmar=0.054_dist=500_repair_6_males=6_nmar=1,6,1
0,11,0,500,72.11065066258199,287.98036442242193,0,0,0,0,891,D_pmar=0.054_dist=500_repair_6_males=6_nmar=1,6,1
0,4,500,0,68.75962440972852,230.41340434871705,60.83893071629992,0,0,0,891,D_pmar=0.054_dist=500_repair_6_males=6_nmar=1,6,1
0,10,500,500,69.50133598810072,284.42603395381997,6.143449916048822,0,0,0,891,D_pmar=0.054_dist=500_repair_6_males=6_nmar=1,6,1
0.054,7,1000,0,70.3719377723114,284.6283063037028,0,17,1.7000000000000004,3.32949184546173,891,D_pmar=0.054_dist=500_repair_6_males=6_nmar=1,6,1
0,9,1000,500,73.26706735358943,274.4834782069534,12.29493156634542,0,0,0,891,D_pmar=0.054_dist=500_repair_6_males=6_nmar=1,6,1
0.054,11,0,0,73.2377049741544,283.3439731445505,0,12,1.2,2.464255650988792,892,D_pmar=0.054_dist=500_repair_6_males=6_nmar=1,6,1
0,1,0,500,69.25719636510198,278.3874220965881,12.388220345656087,0,0,0,892,D_pmar=0.054_dist=500_repair_6_males=6_nmar=1,6,1
0,10,500,0,63.368932014328365,290.57332731803905,6.082348416797113,0,0,0,892,D_pmar=0.054_dist=500_repair_6_males=6_nmar=1,6,1
0,11,500,500,71.67330500685891,276.3191244244883,12.055880427266471,0,0,0,892,D_pmar=0.054_dist=500_repair_6_males=6_nmar=1,6,1
0,5,1000,0,69.42257625653748,253.53770301565183,37.139934659321405,0,0,0,892,D_pmar=0.054_dist=500_repair_6_males=6_nmar=1,6,1
0,16,1000,500,68.48538227405997,285.424454422487,6.118613153282281,0,0,0,892,D_pmar=0.054_dist=500_repair_6_males=6_nmar=1,6,1
0,7,0,0,71.55584404653943,246.12958805210857,42.496940803985304,0,0,0,893,D_pmar=0.054_dist=500_repair_6_males=6_nmar=1,6,1
0.054,12,0,500,75.41128432486788,280.339144167288,0,18,1.8000000000000005,2.5231481481481524,893,D_pmar=0.054_dist=500_repair_6_males=6_nmar=1,6,1
0,10,500,0,64.78734859835863,264.90328218832474,30.37609755587048,0,0,0,893,D_pmar=0.054_dist=500_repair_6_males=6_nmar=1,6,1
0,8,500,500,71.44965675173253,288.63785523314544,0,0,0,0,893,D_pmar=0.054_dist=500_repair_6_males=6_nmar=1,6,1
0,6,1000,0,71.12284193115173,251.95472266423545,37.062073337149904,0,0,0,893,D_pmar=0.054_dist=500_repair_6_males=6_nmar=1,6,1
0,11,1000,500,69.17532923619457,291.0572065822611,0,0,0,0,893,D_pmar=0.054_dist=500_repair_6_males=6_nmar=1,6,1
0,10,0,0,73.17587286709194,274.5504594173366,12.360508912845162,0,0,0,894,D_pmar=0.054_dist=500_repair_6_males=6_nmar=1,6,1
0,5,0,500,76.56340046675462,265.4358822673495,18.272623450054027,0,0,0,894,D_pmar=0.054_dist=500_repair_6_males=6_nmar=1,6,1
0,12,500,0,73.53376659398565,262.13315002597926,24.53007105926314,0,0,0,894,D_pmar=0.054_dist=500_repair_6_males=6_nmar=1,6,1
0,7,500,500,71.23115826991626,257.98295548415916,30.827899154337043,0,0,0,894,D_pmar=0.054_dist=500_repair_6_males=6_nmar=1,6,1
0.054,14,1000,0,69.03766930309658,286.909233560167,0,19,1.9000000000000008,2.2304984574526165,894,D_pmar=0.054_dist=500_repair_6_males=6_nmar=1,6,1
0,6,1000,500,71.3107308590896,258.31710555093105,30.462157025710003,0,0,0,894,D_pmar=0.054_dist=500_repair_6_males=6_nmar=1,6,1
0,13,0,0,69.16138797601738,254.34515589537645,36.56699517194306,0,0,0,895,D_pmar=0.054_dist=500_repair_6_males=6_nmar=1,6,1
0,16,0,500,72.95486317463977,287.1093820146117,0,0,0,0,895,D_pmar=0.054_dist=500_repair_6_males=6_nmar=1,6,1
0,2,500,0,72.29659774839439,252.38703173850632,35.359922992871674,0,0,0,895,D_pmar=0.054_dist=500_repair_6_males=6_nmar=1,6,1
0,8,500,500,70.76316599572542,283.30909468760325,6.132637968077833,0,0,0,895,D_pmar=0.054_dist=500_repair_6_males=6_nmar=1,6,1
0.054,8,1000,0,71.47640840327081,284.6592708684481,0,15,1.5000000000000002,2.4450790971752223,895,D_pmar=0.054_dist=500_repair_6_males=6_nmar=1,6,1
0,7,1000,500,72.39336474290101,277.22326828055265,11.011277203278938,0,0,0,895,D_pmar=0.054_dist=500_repair_6_males=6_nmar=1,6,1
0,9,0,0,71.06718065428252,288.993590898975,0,0,0,0,896,D_pmar=0.054_dist=500_repair_6_males=6_nmar=1,6,1
0,4,0,500,73.8079649891372,268.240400134022,18.199486008360992,0,0,0,896,D_pmar=0.054_dist=500_repair_6_males=6_nmar=1,6,1
0.054,3,500,0,67.01714549381656,289.36040502725643,0,11,1.1,2.5267205771423793,896,D_pmar=0.054_dist=500_repair_6_males=6_nmar=1,6,1
0,11,500,500,73.53181017409106,286.4785268840608,0,0,0,0,896,D_pmar=0.054_dist=500_repair_6_males=6_nmar=1,6,1
0,14,1000,0,67.70189270283849,250.77041994216188,41.61214708712566,0,0,0,896,D_pmar=0.054_dist=500_repair_6_males=6_nmar=1,6,1
0,13,1000,500,66.64782056104512,287.1540780428084,6.283965856395002,0,0,0,896,D_pmar=0.054_dist=500_repair_6_males=6_nmar=1,6,1
0,12,0,0,72.7023272301731,262.7684555587031,24.645596017249165,0,0,0,897,D_pmar=0.054_dist=500_repair_6_males=6_nmar=1,6,1
0,8,0,500,69.14466701632695,282.80088266982193,8.285309544771748,0,0,0,897,D_pmar=0.054_dist=500_repair_6_males=6_nmar=1,6,1
0,15,500,0,72.40358295804337,275.50662805882894,12.147412469072917,0,0,0,897,D_pmar=0.054_dist=500_repair_6_males=6_nmar=1,6,1
0.054,8,500,500,70.56274688008163,286.3568075527099,0,12,1.2,1.9644325225803072,897,D_pmar=0.054_dist=500_repair_6_males=6_nmar=1,6,1
0,8,1000,0,70.07761143226503,265.55217521166924,24.401807649999743,0,0,0,897,D_pmar=0.054_dist=500_repair_6_males=6_nmar=1,6,1
0,3,1000,500,72.88186927358568,287.2515215499717,0,0,0,0,897,D_pmar=0.054_dist=500_repair_6_males=6_nmar=1,6,1
0,11,0,0,69.73115262795912,290.29855519020947,0,0,0,0,898,D_pmar=0.054_dist=500_repair_6_males=6_nmar=1,6,1
0,18,0,500,68.20407323096732,261.38312200213545,30.46328077082547,0,0,0,898,D_pmar=0.054_dist=500_repair_6_males=6_nmar=1,6,1
0.054,5,500,0,69.98709637097645,286.012303206543,0,13,1.3,2.824407120635315,898,D_pmar=0.054_dist=500_repair_6_males=6_nmar=1,6,1
0,3,500,500,70.30466158744376,289.80020124336534,0,0,0,0,898,D_pmar=0.054_dist=500_repair_6_males=6_nmar=1,6,1
0,9,1000,0,70.12466648527176,290.16101408039367,0,0,0,0,898,D_pmar=0.054_dist=500_repair_6_males=6_nmar=1,6,1
0,8,1000,500,69.28803885468847,241.79996845550227,48.92230679161891,0,0,0,898,D_pmar=0.054_dist=500_repair_6_males=6_nmar=1,6,1
0,8,0,0,70.03659633661665,289.98844270564024,0,0,0,0,899,D_pmar=0.054_dist=500_repair_6_males=6_nmar=1,6,1
0,8,0,500,68.9240487450087,284.99698674522205,6.216819999678805,0,0,0,899,D_pmar=0.054_dist=500_repair_6_males=6_nmar=1,6,1
0.054,10,500,0,67.05179782418573,289.38281514274223,0,14,1.4,2.2637133602686084,899,D_pmar=0.054_dist=500_repair_6_males=6_nmar=1,6,1
0,9,500,500,72.20821583746866,245.326995430026,42.60985397452518,0,0,0,899,D_pmar=0.054_dist=500_repair_6_males=6_nmar=1,6,1
0,7,1000,0,69.64541845739821,290.38832084027496,0,0,0,0,899,D_pmar=0.054_dist=500_repair_6_males=6_nmar=1,6,1
0,12,1000,500,70.28680944103759,252.8315256057544,36.90977859277896,0,0,0,899,D_pmar=0.054_dist=500_repair_6_males=6_nmar=1,6,1
0,9,0,0,70.42838485864158,253.20204827696352,36.707770904017536,0,0,0,89,D_pmar=0.054_dist=500_repair_6_males=6_nmar=1,6,1
0,6,0,500,70.97324248634045,246.10874407954665,43.008427978739455,0,0,0,89,D_pmar=0.054_dist=500_repair_6_males=6_nmar=1,6,1
0,11,500,0,73.45022489789207,278.78887658582056,7.970766291649368,0,0,0,89,D_pmar=0.054_dist=500_repair_6_males=6_nmar=1,6,1
0.054,8,500,500,68.78239286070026,287.2953351416321,0,15,1.5000000000000002,2.484620854871968,89,D_pmar=0.054_dist=500_repair_6_males=6_nmar=1,6,1
0,11,1000,0,68.97196162265003,291.13050312846246,0,0,0,0,89,D_pmar=0.054_dist=500_repair_6_males=6_nmar=1,6,1
0,9,1000,500,69.96856571047704,290.13811940360404,0,0,0,0,89,D_pmar=0.054_dist=500_repair_6_males=6_nmar=1,6,1
0,6,0,0,69.21854111646877,284.77276970090116,6.200208786779742,0,0,0,900,D_pmar=0.054_dist=500_repair_6_males=6_nmar=1,6,1
0,9,0,500,69.2293116556007,254.33545096895708,36.54186945655961,0,0,0,900,D_pmar=0.054_dist=500_repair_6_males=6_nmar=1,6,1
0,9,500,0,71.75742112754429,251.9811405178932,36.334552938701336,0,0,0,900,D_pmar=0.054_dist=500_repair_6_males=6_nmar=1,6,1
0.054,11,500,500,68.99703503015968,286.08945212165867,0,21,2.1000000000000005,2.8875026706059677,900,D_pmar=0.054_dist=500_repair_6_males=6_nmar=1,6,1
0,11,1000,0,69.64555160313049,253.64340642381535,36.960445155676766,0,0,0,900,D_pmar=0.054_dist=500_repair_6_males=6_nmar=1,6,1
0,8,1000,500,72.51850512081258,275.9164379889211,11.568905336438714,0,0,0,900,D_pmar=0.054_dist=500_repair_6_males=6_nmar=1,6,1
0,7,0,0,69.5780252059156,290.51269168144887,0,0,0,0,901,D_pmar=0.054_dist=500_repair_6_males=6_nmar=1,6,1
0,6,0,500,71.6187429814657,288.41554937335616,0,0,0,0,901,D_pmar=0.054_dist=500_repair_6_males=6_nmar=1,6,1
0,15,500,0,73.50242614716227,256.7660771074621,30.307382669188968,0,0,0,901,D_pmar=0.054_dist=500_repair_6_males=6_nmar=1,6,1
0.054,6,500,500,73.90076647429275,282.4623779474576,0,15,1.5000000000000002,2.281752058054832,901,D_pmar=0.054_dist=500_repair_6_males=6_nmar=1,6,1
0,8,1000,0,68.75010652750301,259.9375177240083,31.396442773072113,0,0,0,901,D_pmar=0.054_dist=500_repair_6_males=6_nmar=1,6,1
0,12,1000,500,71.1559702652578,264.47861805055123,24.57542877538507,0,0,0,901,D_pmar=0.054_dist=500_repair_6_males=6_nmar=1,6,1
0,15,0,0,73.99223306512897,267.84671939607654,18.45188636942678,0,0,0,902,D_pmar=0.054_dist=500_repair_6_males=6_nmar=1,6,1
0,6,0,500,70.59229450016264,277.3968649952099,12.129301305456408,0,0,0,902,D_pmar=0.054_dist=500_repair_6_males=6_nmar=1,6,1
0,14,500,0,67.10065003946872,268.5739202126673,24.42637037484663,0,0,0,902,D_pmar=0.054_dist=500_repair_6_males=6_nmar=1,6,1
0,3,500,500,73.97353744661605,261.85377120322954,24.32441609016049,0,0,0,902,D_pmar=0.054_dist=500_repair_6_males=6_nmar=1,6,1
0.054,8,1000,0,70.62434919327738,285.7378339057106,0,13,1.3,2.6038039181439694,902,D_pmar=0.054_dist=500_repair_6_males=6_nmar=1,6,1
0,8,1000,500,69.4237994477339,290.87887240769965,0,0,0,0,902,D_pmar=0.054_dist=500_repair_6_males=6_nmar=1,6,1
0,11,0,0,70.9355274413406,258.90091224281474,30.439090674673597,0,0,0,903,D_pmar=0.054_dist=500_repair_6_males=6_nmar=1,6,1
0,11,0,500,72.99399744332004,268.85752663927207,18.21996895838857,0,0,0,903,D_pmar=0.054_dist=500_repair_6_males=6_nmar=1,6,1
0.054,6,500,0,72.73634252487956,283.13410035682546,0,18,1.8000000000000005,2.4202858607894484,903,D_pmar=0.054_dist=500_repair_6_males=6_nmar=1,6,1
0,8,500,500,66.80533582249049,293.27211722301837,0,0,0,0,903,D_pmar=0.054_dist=500_repair_6_males=6_nmar=1,6,1
0,11,1000,0,67.71458182734614,268.1523942212948,24.18246239060406,0,0,0,903,D_pmar=0.054_dist=500_repair_6_males=6_nmar=1,6,1
0,7,1000,500,70.04277526556443,253.4203378064604,36.72207974113505,0,0,0,903,D_pmar=0.054_dist=500_repair_6_males=6_nmar=1,6,1
0.054,13,0,0,75.38421807944665,280.32574629701867,0,21,2.1000000000000005,2.356458098917209,904,D_pmar=0.054_dist=500_repair_6_males=6_nmar=1,6,1
0,8,0,500,68.37778489939174,249.2379427389704,42.409635005554755,0,0,0,904,D_pmar=0.054_dist=500_repair_6_males=6_nmar=1,6,1
0,5,500,0,71.11199236832994,282.9354325808585,6.0459818800014755,0,0,0,904,D_pmar=0.054_dist=500_repair_6_males=6_nmar=1,6,1
0,8,500,500,68.42970983292112,273.3867287835444,18.262068628777445,0,0,0,904,D_pmar=0.054_dist=500_repair_6_males=6_nmar=1,6,1
0,14,1000,0,72.69539903438135,251.09087553355343,36.40808796626738,0,0,0,904,D_pmar=0.054_dist=500_repair_6_males=6_nmar=1,6,1
0,6,1000,500,71.65651527108699,264.1437445965555,24.33789444106587,0,0,0,904,D_pmar=0.054_dist=500_repair_6_males=6_nmar=1,6,1
0,1,0,0,68.3396029844284,273.7293704758023,18.124125288180924,0,0,0,905,D_pmar=0.054_dist=500_repair_6_males=6_nmar=1,6,1
0,10,0,500,70.51495195090129,253.22465602292615,36.30940145332807,0,0,0,905,D_pmar=0.054_dist=500_repair_6_males=6_nmar=1,6,1
0,14,500,0,69.33403844754352,284.61821300407706,6.08052593578841,0,0,0,905,D_pmar=0.054_dist=500_repair_6_males=6_nmar=1,6,1
0.054,15,500,500,71.45133367279446,284.7532274647745,0,13,1.3,2.5991729455431027,905,D_pmar=0.054_dist=500_repair_6_males=6_nmar=1,6,1
0,7,1000,0,72.32205585198618,272.87705807272533,14.843319057749785,0,0,0,905,D_pmar=0.054_dist=500_repair_6_males=6_nmar=1,6,1
0,7,1000,500,69.97089795281589,290.14255159919935,0,0,0,0,905,D_pmar=0.054_dist=500_repair_6_males=6_nmar=1,6,1
0.054,5,0,0,68.92402376074058,287.03484100191537,0,15,1.5000000000000002,2.6151894293443867,906,D_pmar=0.054_dist=500_repair_6_males=6_nmar=1,6,1
0,13,0,500,72.919854055250525,268.79035735063604,18.34472026141285,0,0,0,906,D_pmar=0.054_dist=500_repair_6_males=6_nmar=1,6,1
0,4,500,0,70.19051949509254,283.778022955569,6.101430981186758,0,0,0,906,D_pmar=0.054_dist=500_repair_6_males=6_nmar=1,6,1
0,9,500,500,68.89237066333109,291.3294822490051,0,0,0,0,906,D_pmar=0.054_dist=500_repair_6_males=6_nmar=1,6,1
0,14,1000,0,70.43710777855111,271.59870873467287,18.215580986853,0,0,0,906,D_pmar=0.054_dist=500_repair_6_males=6_nmar=1,6,1
0,9,1000,500,70.71506684512919,240.42741157159645,48.88707259271946,0,0,0,906,D_pmar=0.054_dist=500_repair_6_males=6_nmar=1,6,1
0,7,0,0,71.78504747157938,253.8908822024429,34.4640688324163,0,0,0,907,D_pmar=0.054_dist=500_repair_6_males=6_nmar=1,6,1
0,6,0,500,72.80728163230296,275.0924979925925,12.132877051538475,0,0,0,907,D_pmar=0.054_dist=500_repair_6_males=6_nmar=1,6,1
0,12,500,0,70.46840585263715,246.99844915128415,42.55191984627467,0,0,0,907,D_pmar=0.054_dist=500_repair_6_males=6_nmar=1,6,1
0,14,500,500,72.33648195205751,287.78140575561656,0,0,0,0,907,D_pmar=0.054_dist=500_repair_6_males=6_nmar=1,6,1
0,9,1000,0,66.95414803816935,250.22383056192783,42.87629325239481,0,0,0,907,D_pmar=0.054_dist=500_repair_6_males=6_nmar=1,6,1
0.054,6,1000,500,68.94953788585045,286.5072923836461,0,22,2.2000000000000006,2.398101383019601,907,D_pmar=0.054_dist=500_repair_6_males=6_nmar=1,6,1
0,6,0,0,71.98200812329178,233.33373392730184,54.95174941087302,0,0,0,908,D_pmar=0.054_dist=500_repair_6_males=6_nmar=1,6,1
0,8,0,500,71.32390286024973,282.64586405044804,6.078307062678577,0,0,0,908,D_pmar=0.054_dist=500_repair_6_males=6_nmar=1,6,1
0,10,500,0,71.45389472427034,264.4308786641823,24.181368484457177,0,0,0,908,D_pmar=0.054_dist=500_repair_6_males=6_nmar=1,6,1
0.054,10,500,500,69.8718766434497,285.72927164213513,0,20,2.0000000000000004,2.496006366072386,908,D_pmar=0.054_dist=500_repair_6_males=6_nmar=1,6,1
0,11,1000,0,66.19721581132956,277.7060390866515,16.26496453896603,0,0,0,908,D_pmar=0.054_dist=500_repair_6_males=6_nmar=1,6,1
0,9,1000,500,75.41904244043567,266.56055755681257,18.12919141581895,0,0,0,908,D_pmar=0.054_dist=500_repair_6_males=6_nmar=1,6,1
0,10,0,0,70.92967108999142,252.18431971632975,36.908110452436134,0,0,0,909,D_pmar=0.054_dist=500_repair_6_males=6_nmar=1,6,1
0,4,0,500,70.47676899372901,277.75666571898415,12.059289484968469,0,0,0,909,D_pmar=0.054_dist=500_repair_6_males=6_nmar=1,6,1
0.054,14,500,0,68.59176106517207,287.1620339868049,0,16,1.6000000000000003,2.6506294862435857,909,D_pmar=0.054_dist=500_repair_6_males=6_nmar=1,6,1
0,2,500,500,68.93980570241209,291.10280894612214,0,0,0,0,909,D_pmar=0.054_dist=500_repair_6_males=6_nmar=1,6,1
0,14,1000,0,67.01364221905595,274.89868602391596,18.241326639241542,0,0,0,909,D_pmar=0.054_dist=500_repair_6_males=6_nmar=1,6,1
0,10,1000,500,69.30761646400546,260.348135466289,30.36797761834042,0,0,0,909,D_pmar=0.054_dist=500_repair_6_males=6_nmar=1,6,1
0,9,0,0,71.3025389204859,261.8525134753876,26.893454446675,0,0,0,90,D_pmar=0.054_dist=500_repair_6_males=6_nmar=1,6,1
0,13,0,500,75.94101673913109,253.64188076644177,30.482480448498645,0,0,0,90,D_pmar=0.054_dist=500_repair_6_males=6_nmar=1,6,1
0,9,500,0,69.6481493708482,241.8209342272201,48.54752579416873,0,0,0,90,D_pmar=0.054_dist=500_repair_6_males=6_nmar=1,6,1
0,6,500,500,70.02975798898981,277.8569815896312,12.17046092387399,0,0,0,90,D_pmar=0.054_dist=500_repair_6_males=6_nmar=1,6,1
0.054,10,1000,0,69.57449231973588,285.6162335474425,0,21,2.1000000000000005,2.765181576914721,90,D_pmar=0.054_dist=500_repair_6_males=6_nmar=1,6,1
0,7,1000,500,70.3110426251034,283.82509271925983,6.161273541061496,0,0,0,90,D_pmar=0.054_dist=500_repair_6_males=6_nmar=1,6,1
0.054,9,0,0,72.73460573815936,283.39770317156257,0,18,1.8000000000000005,2.228121157313404,910,D_pmar=0.054_dist=500_repair_6_males=6_nmar=1,6,1
0,8,0,500,69.9361349674423,290.2171326011287,0,0,0,0,910,D_pmar=0.054_dist=500_repair_6_males=6_nmar=1,6,1
0,6,500,0,72.0519857105941,269.5904470237088,18.398462831757612,0,0,0,910,D_pmar=0.054_dist=500_repair_6_males=6_nmar=1,6,1
0,16,500,500,71.74125018817766,269.7572319242373,18.544111809077183,0,0,0,910,D_pmar=0.054_dist=500_repair_6_males=6_nmar=1,6,1
0,8,1000,0,71.03140690238095,239.89983724882467,49.25255659438693,0,0,0,910,D_pmar=0.054_dist=500_repair_6_males=6_nmar=1,6,1
0,7,1000,500,70.65669642787614,264.70117035107086,24.779792829244084,0,0,0,910,D_pmar=0.054_dist=500_repair_6_males=6_nmar=1,6,1
0.054,8,0,0,72.6155029257111,282.3534374499363,0,20,2.0000000000000004,3.043669527001046,911,D_pmar=0.054_dist=500_repair_6_males=6_nmar=1,6,1
0,8,0,500,70.85926162214413,271.0284503253169,18.288436880092533,0,0,0,911,D_pmar=0.054_dist=500_repair_6_males=6_nmar=1,6,1
0,10,500,0,70.68651539575487,289.32270897493675,0,0,0,0,911,D_pmar=0.054_dist=500_repair_6_males=6_nmar=1,6,1
0,10,500,500,72.91599264735382,274.8494336931883,12.24602672173686,0,0,0,911,D_pmar=0.054_dist=500_repair_6_males=6_nmar=1,6,1
0,8,1000,0,74.45442183239108,249.00291957936437,36.79479090095757,0,0,0,911,D_pmar=0.054_dist=500_repair_6_males=6_nmar=1,6,1
0,10,1000,500,71.73990166688449,232.9621288791641,55.30290018502003,0,0,0,911,D_pmar=0.054_dist=500_repair_6_males=6_nmar=1,6,1
0,12,0,0,68.99078390598308,278.81186124297807,12.19972805564145,0,0,0,912,D_pmar=0.054_dist=500_repair_6_males=6_nmar=1,6,1
0.054,15,0,500,70.6960580197361,284.43089334798657,0,22,2.2000000000000006,2.7317637340004617,912,D_pmar=0.054_dist=500_repair_6_males=6_nmar=1,6,1
0,12,500,0,67.0480766151859,256.2917195879306,36.68848638196851,0,0,0,912,D_pmar=0.054_dist=500_repair_6_males=6_nmar=1,6,1
0,5,500,500,68.55016433270585,254.8595210778693,36.6719828178028,0,0,0,912,D_pmar=0.054_dist=500_repair_6_males=6_nmar=1,6,1
0,6,1000,0,67.02608738001311,274.5770879407329,18.421578772585825,0,0,0,912,D_pmar=0.054_dist=500_repair_6_males=6_nmar=1,6,1
0,4,1000,500,68.84579447271739,260.77070289723787,30.507980827068184,0,0,0,912,D_pmar=0.054_dist=500_repair_6_males=6_nmar=1,6,1
0,8,0,0,71.77191541950019,254.2393922462906,34.14256966826152,0,0,0,913,D_pmar=0.054_dist=500_repair_6_males=6_nmar=1,6,1
0,3,0,500,69.44580855304005,284.3784333823177,6.338607471220863,0,0,0,913,D_pmar=0.054_dist=500_repair_6_males=6_nmar=1,6,1
0,12,500,0,73.28354060950352,280.7093281823654,6.0761183860504175,0,0,0,913,D_pmar=0.054_dist=500_repair_6_males=6_nmar=1,6,1
0.054,13,500,500,76.72978287167611,279.8937197321358,0,15,1.5000000000000002,1.9753615956127049,913,D_pmar=0.054_dist=500_repair_6_males=6_nmar=1,6,1
0,8,1000,0,69.87887098941346,247.22945448225067,43.11927580860088,0,0,0,913,D_pmar=0.054_dist=500_repair_6_males=6_nmar=1,6,1
0,10,1000,500,67.07389032061457,293.2596459372787,0,0,0,0,913,D_pmar=0.054_dist=500_repair_6_males=6_nmar=1,6,1
0,13,0,0,68.8683653469317,291.1346043557286,0,0,0,0,914,D_pmar=0.054_dist=500_repair_6_males=6_nmar=1,6,1
0.054,10,0,500,74.94291677141143,282.2366341227187,0,11,1.1,1.7361111111111107,914,D_pmar=0.054_dist=500_repair_6_males=6_nmar=1,6,1
0,6,500,0,67.4468970602201,292.7354401049047,0,0,0,0,914,D_pmar=0.054_dist=500_repair_6_males=6_nmar=1,6,1
0,2,500,500,71.98370361053898,263.73709818527533,24.385770462894666,0,0,0,914,D_pmar=0.054_dist=500_repair_6_males=6_nmar=1,6,1
0,14,1000,0,67.84066898124104,280.0042293880026,12.166002283943463,0,0,0,914,D_pmar=0.054_dist=500_repair_6_males=6_nmar=1,6,1
0,9,1000,500,72.69179091984493,256.8916578873528,30.568843878142463,0,0,0,914,D_pmar=0.054_dist=500_repair_6_males=6_nmar=1,6,1
0.054,10,0,0,70.7504507949286,284.1573858414083,0,18,1.8000000000000005,3.3819340961335542,915,D_pmar=0.054_dist=500_repair_6_males=6_nmar=1,6,1
0,3,0,500,68.61326064195676,279.21830329218585,12.28773712281582,0,0,0,915,D_pmar=0.054_dist=500_repair_6_males=6_nmar=1,6,1
0,10,500,0,71.30558109055848,239.8735110950257,48.916573022717834,0,0,0,915,D_pmar=0.054_dist=500_repair_6_males=6_nmar=1,6,1
0,8,500,500,70.37274887747473,283.71708848957917,6.160265472594014,0,0,0,915,D_pmar=0.054_dist=500_repair_6_males=6_nmar=1,6,1
0,12,1000,0,67.44424855666334,286.49897065597844,6.0579532314306235,0,0,0,915,D_pmar=0.054_dist=500_repair_6_males=6_nmar=1,6,1
0,11,1000,500,70.24702912045183,253.27719550553937,36.611101881421085,0,0,0,915,D_pmar=0.054_dist=500_repair_6_males=6_nmar=1,6,1
0,6,0,0,69.38960857062348,247.86571970490155,42.796550058602485,0,0,0,916,D_pmar=0.054_dist=500_repair_6_males=6_nmar=1,6,1
0,11,0,500,72.901294978006,250.668934024263,36.54573479527162,0,0,0,916,D_pmar=0.054_dist=500_repair_6_males=6_nmar=1,6,1
0,14,500,0,73.06441211208983,262.65099634125653,24.29561990720385,0,0,0,916,D_pmar=0.054_dist=500_repair_6_males=6_nmar=1,6,1
0,6,500,500,71.38985642215513,282.7454219990498,6.088590956817983,0,0,0,916,D_pmar=0.054_dist=500_repair_6_males=6_nmar=1,6,1
0.054,13,1000,0,70.17149263379015,285.39956768130753,0,22,2.2000000000000006,2.404399483451132,916,D_pmar=0.054_dist=500_repair_6_males=6_nmar=1,6,1
0,4,1000,500,68.80341788941524,266.71704909669296,24.55930252486697,0,0,0,916,D_pmar=0.054_dist=500_repair_6_males=6_nmar=1,6,1
0,12,0,0,70.63467683190468,258.79203910359115,30.725017863330276,0,0,0,917,D_pmar=0.054_dist=500_repair_6_males=6_nmar=1,6,1
0,8,0,500,69.49325878496224,278.63066760832123,12.03421638184822,0,0,0,917,D_pmar=0.054_dist=500_repair_6_males=6_nmar=1,6,1
0,8,500,0,69.75795389879715,265.8204276206672,24.52322595152678,0,0,0,917,D_pmar=0.054_dist=500_repair_6_males=6_nmar=1,6,1
0,13,500,500,66.47623469378163,293.6300799044202,0,0,0,0,917,D_pmar=0.054_dist=500_repair_6_males=6_nmar=1,6,1
0.054,7,1000,0,69.8565136889025,285.5896820485838,0,15,1.5000000000000002,3.1230858528849983,917,D_pmar=0.054_dist=500_repair_6_males=6_nmar=1,6,1
0,6,1000,500,72.36488988778693,263.14634693711014,24.691905263735897,0,0,0,917,D_pmar=0.054_dist=500_repair_6_males=6_nmar=1,6,1
0.054,13,0,0,69.86528094726599,286.02654285905595,0,16,1.6000000000000003,2.6740819265037468,918,D_pmar=0.054_dist=500_repair_6_males=6_nmar=1,6,1
0,2,0,500,67.46798493457618,268.08431602392903,24.566180514707735,0,0,0,918,D_pmar=0.054_dist=500_repair_6_males=6_nmar=1,6,1
0,8,500,0,69.93972875043892,265.71754749591577,24.50718309133069,0,0,0,918,D_pmar=0.054_dist=500_repair_6_males=6_nmar=1,6,1
0,16,500,500,73.03318250999739,281.08114438683685,6.091377992852122,0,0,0,918,D_pmar=0.054_dist=500_repair_6_males=6_nmar=1,6,1
0,8,1000,0,70.39386199092661,252.37497887024895,37.436534610226325,0,0,0,918,D_pmar=0.054_dist=500_repair_6_males=6_nmar=1,6,1
0,7,1000,500,67.5559300494459,292.58569097353643,0,0,0,0,918,D_pmar=0.054_dist=500_repair_6_males=6_nmar=1,6,1
0,10,0,0,70.86754612955949,277.0629712311945,12.24621450247249,0,0,0,919,D_pmar=0.054_dist=500_repair_6_males=6_nmar=1,6,1
0,8,0,500,74.13657498951608,249.09709235615884,36.8005925839478,0,0,0,919,D_pmar=0.054_dist=500_repair_6_males=6_nmar=1,6,1
0.054,7,500,0,69.01321136423277,286.29976160262106,0,18,1.8000000000000005,2.9394156494744696,919,D_pmar=0.054_dist=500_repair_6_males=6_nmar=1,6,1
0,17,500,500,72.62505797596579,232.48947187542856,55.007972892771704,0,0,0,919,D_pmar=0.054_dist=500_repair_6_males=6_nmar=1,6,1
0,5,1000,0,70.13346087373648,283.6740369908216,6.195598566918139,0,0,0,919,D_pmar=0.054_dist=500_repair_6_males=6_nmar=1,6,1
0,7,1000,500,68.2346770838461,291.99256393055873,0,0,0,0,919,D_pmar=0.054_dist=500_repair_6_males=6_nmar=1,6,1
0,9,0,0,68.23360475094304,285.9080480929962,6.026765135345344,0,0,0,91,D_pmar=0.054_dist=500_repair_6_males=6_nmar=1,6,1
0.054,11,0,500,69.6046081861668,285.1175098158036,0,25,2.500000000000001,2.824356326593055,91,D_pmar=0.054_dist=500_repair_6_males=6_nmar=1,6,1
0,10,500,0,72.71778514398724,244.67134689698145,42.65518596588058,0,0,0,91,D_pmar=0.054_dist=500_repair_6_males=6_nmar=1,6,1
0,13,500,500,69.35746718772243,253.8772039654688,36.817128574462075,0,0,0,91,D_pmar=0.054_dist=500_repair_6_males=6_nmar=1,6,1
0,7,1000,0,68.77145177576443,255.05286109445777,36.31005817596257,0,0,0,91,D_pmar=0.054_dist=500_repair_6_males=6_nmar=1,6,1
0,4,1000,500,72.94655596984677,256.8426862577889,30.288293939612583,0,0,0,91,D_pmar=0.054_dist=500_repair_6_males=6_nmar=1,6,1
0,6,0,0,69.69182054736605,266.2122666889838,24.17130660087544,0,0,0,920,D_pmar=0.054_dist=500_repair_6_males=6_nmar=1,6,1
0,16,0,500,68.7208551099622,278.7876384969304,12.54709799257776,0,0,0,920,D_pmar=0.054_dist=500_repair_6_males=6_nmar=1,6,1
0,7,500,0,70.62781684480991,277.4101370361029,12.033633985796854,0,0,0,920,D_pmar=0.054_dist=500_repair_6_males=6_nmar=1,6,1
0,7,500,500,69.62704754529705,272.26700733472535,18.171380998233847,0,0,0,920,D_pmar=0.054_dist=500_repair_6_males=6_nmar=1,6,1
0.054,13,1000,0,69.94145893606316,286.06473882828027,0,16,1.6000000000000003,2.4642556509887927,920,D_pmar=0.054_dist=500_repair_6_males=6_nmar=1,6,1
0,5,1000,500,70.98760998416488,258.8863169760271,30.358595711379504,0,0,0,920,D_pmar=0.054_dist=500_repair_6_males=6_nmar=1,6,1
0,8,0,0,68.96121223642135,266.8004667576481,24.37969822678981,0,0,0,921,D_pmar=0.054_dist=500_repair_6_males=6_nmar=1,6,1
0,8,0,500,70.43784804392976,265.1776258834913,24.48576574859329,0,0,0,921,D_pmar=0.054_dist=500_repair_6_males=6_nmar=1,6,1
0.054,13,500,0,71.65607723849509,284.0024090999742,0,20,2.0000000000000004,2.3564580989172086,921,D_pmar=0.054_dist=500_repair_6_males=6_nmar=1,6,1
0,9,500,500,66.54386376207825,256.86201127224706,36.76652051953687,0,0,0,921,D_pmar=0.054_dist=500_repair_6_males=6_nmar=1,6,1
0,7,1000,0,70.94405492635802,289.19676064550634,0,0,0,0,921,D_pmar=0.054_dist=500_repair_6_males=6_nmar=1,6,1
0,9,1000,500,74.38628023667752,248.85352582401927,36.80810838377541,0,0,0,921,D_pmar=0.054_dist=500_repair_6_males=6_nmar=1,6,1
0,5,0,0,67.31568598459313,268.3253866815409,24.480002603501333,0,0,0,922,D_pmar=0.054_dist=500_repair_6_males=6_nmar=1,6,1
0,15,0,500,73.17832393841081,274.6818831704227,12.166139051372866,0,0,0,922,D_pmar=0.054_dist=500_repair_6_males=6_nmar=1,6,1
0,9,500,0,70.34388336606783,289.6701443029026,0,0,0,0,922,D_pmar=0.054_dist=500_repair_6_males=6_nmar=1,6,1
0.054,6,500,500,74.37294286422184,283.07881585297736,0,8,0.7999999999999999,1.815955356784634,922,D_pmar=0.054_dist=500_repair_6_males=6_nmar=1,6,1
0,15,1000,0,71.69790634095966,276.22421814188465,12.16515741562975,0,0,0,922,D_pmar=0.054_dist=500_repair_6_males=6_nmar=1,6,1
0,4,1000,500,69.94771565843544,290.08998725478614,0,0,0,0,922,D_pmar=0.054_dist=500_repair_6_males=6_nmar=1,6,1
0,7,0,0,70.97317642190465,258.94088215224645,30.28866956268042,0,0,0,923,D_pmar=0.054_dist=500_repair_6_males=6_nmar=1,6,1
0,12,0,500,73.82779348400003,261.8590884126378,24.474261324039215,0,0,0,923,D_pmar=0.054_dist=500_repair_6_males=6_nmar=1,6,1
0.054,9,500,0,69.747394101052,285.94231868428807,0,18,1.8000000000000005,2.575568359226934,923,D_pmar=0.054_dist=500_repair_6_males=6_nmar=1,6,1
0,7,500,500,71.78915614663586,251.603458007271,36.621267312949826,0,0,0,923,D_pmar=0.054_dist=500_repair_6_males=6_nmar=1,6,1
0,13,1000,0,68.51523746219392,279.4184161237137,12.271594876119195,0,0,0,923,D_pmar=0.054_dist=500_repair_6_males=6_nmar=1,6,1
0,6,1000,500,68.27097400506025,285.7462003182181,6.1419518699390405,0,0,0,923,D_pmar=0.054_dist=500_repair_6_males=6_nmar=1,6,1
0,19,0,0,68.62036107594848,279.18498622291844,12.24086971237402,0,0,0,924,D_pmar=0.054_dist=500_repair_6_males=6_nmar=1,6,1
0,7,0,500,72.94620324746063,282.18011590425925,5.01595560496419,0,0,0,924,D_pmar=0.054_dist=500_repair_6_males=6_nmar=1,6,1
0,4,500,0,67.84402022443545,280.0423383724358,12.126339322796808,0,0,0,924,D_pmar=0.054_dist=500_repair_6_males=6_nmar=1,6,1
0.054,6,500,500,75.19295210217842,281.0861569537459,0,16,1.6000000000000003,2.3382452154819395,924,D_pmar=0.054_dist=500_repair_6_males=6_nmar=1,6,1
0,7,1000,0,69.05622224997073,260.7930099889389,30.458699703850183,0,0,0,924,D_pmar=0.054_dist=500_repair_6_males=6_nmar=1,6,1
0,11,1000,500,68.73551844111972,254.93798448203063,36.40665027834172,0,0,0,924,D_pmar=0.054_dist=500_repair_6_males=6_nmar=1,6,1
0,6,0,0,69.22619277947206,271.07893305675543,19.74867993367577,0,0,0,925,D_pmar=0.054_dist=500_repair_6_males=6_nmar=1,6,1
0,14,0,500,69.45847461416095,290.62478059487086,0,0,0,0,925,D_pmar=0.054_dist=500_repair_6_males=6_nmar=1,6,1
0,10,500,0,70.9492451143081,252.8194474708028,36.56502452368949,0,0,0,925,D_pmar=0.054_dist=500_repair_6_males=6_nmar=1,6,1
0,7,500,500,70.39138222978242,265.14732414893655,24.51300822581537,0,0,0,925,D_pmar=0.054_dist=500_repair_6_males=6_nmar=1,6,1
0,8,1000,0,68.70412247461758,254.7804826310889,36.77915258370067,0,0,0,925,D_pmar=0.054_dist=500_repair_6_males=6_nmar=1,6,1
0.054,9,1000,500,68.8092402735344,286.85317091742223,0,20,2.0000000000000004,2.7241976710786155,925,D_pmar=0.054_dist=500_repair_6_males=6_nmar=1,6,1
0,6,0,0,71.22998366642157,289.0879119748896,0,0,0,0,926,D_pmar=0.054_dist=500_repair_6_males=6_nmar=1,6,1
0,12,0,500,69.78228165611824,290.2516626470989,0,0,0,0,926,D_pmar=0.054_dist=500_repair_6_males=6_nmar=1,6,1
0,5,500,0,72.01319842086065,220.9996010271377,67.15815950944973,0,0,0,926,D_pmar=0.054_dist=500_repair_6_males=6_nmar=1,6,1
0,14,500,500,71.48154090152477,270.1504014418006,18.444479513423484,0,0,0,926,D_pmar=0.054_dist=500_repair_6_males=6_nmar=1,6,1
0.054,9,1000,0,68.18057420859444,287.3697687620236,0,21,2.1000000000000005,2.374344650647425,926,D_pmar=0.054_dist=500_repair_6_males=6_nmar=1,6,1
0,8,1000,500,71.5201588592598,248.28247760794383,40.23911054420333,0,0,0,926,D_pmar=0.054_dist=500_repair_6_males=6_nmar=1,6,1
0.054,6,0,0,69.37495834038583,286.8070823638395,0,14,1.4,2.433845732030812,927,D_pmar=0.054_dist=500_repair_6_males=6_nmar=1,6,1
0,9,0,500,74.63308253365793,285.39794779993827,0,0,0,0,927,D_pmar=0.054_dist=500_repair_6_males=6_nmar=1,6,1
0,9,500,0,68.6024843236205,272.9991067764005,18.45329555511993,0,0,0,927,D_pmar=0.054_dist=500_repair_6_males=6_nmar=1,6,1
0,10,500,500,70.47161318832555,258.9984150266565,30.55713382399133,0,0,0,927,D_pmar=0.054_dist=500_repair_6_males=6_nmar=1,6,1
0,9,1000,0,68.41053684596032,291.6536696576521,0,0,0,0,927,D_pmar=0.054_dist=500_repair_6_males=6_nmar=1,6,1
0,11,1000,500,69.93903153597158,253.3709167158921,36.75730196729246,0,0,0,927,D_pmar=0.054_dist=500_repair_6_males=6_nmar=1,6,1
0,6,0,0,67.33729796783946,286.4548143213666,6.21950358354344,0,0,0,928,D_pmar=0.054_dist=500_repair_6_males=6_nmar=1,6,1
0.054,10,0,500,67.13246510593248,288.82286189243695,0,19,1.9000000000000008,2.2685185185185204,928,D_pmar=0.054_dist=500_repair_6_males=6_nmar=1,6,1
0,8,500,0,71.5722856070135,258.1334628413138,30.295061875689797,0,0,0,928,D_pmar=0.054_dist=500_repair_6_males=6_nmar=1,6,1
0,15,500,500,70.77256620201189,234.33999876128655,54.95797766551846,0,0,0,928,D_pmar=0.054_dist=500_repair_6_males=6_nmar=1,6,1
0,10,1000,0,73.08758021910083,287.10676111376245,0,0,0,0,928,D_pmar=0.054_dist=500_repair_6_males=6_nmar=1,6,1
0,5,1000,500,72.08443231555873,263.6231288825545,24.387273572809008,0,0,0,928,D_pmar=0.054_dist=500_repair_6_males=6_nmar=1,6,1
0,7,0,0,76.61266440384307,252.81218770932708,30.59279381072427,0,0,0,929,D_pmar=0.054_dist=500_repair_6_males=6_nmar=1,6,1
0,3,0,500,70.88451388217244,270.9440160546226,18.26106855186483,0,0,0,929,D_pmar=0.054_dist=500_repair_6_males=6_nmar=1,6,1
0,11,500,0,68.72284290225146,261.0267650689686,30.2959092589058,0,0,0,929,D_pmar=0.054_dist=500_repair_6_males=6_nmar=1,6,1
0.054,16,500,500,67.36671560863371,287.9696311085675,0,23,2.3000000000000007,2.532055007195611,929,D_pmar=0.054_dist=500_repair_6_males=6_nmar=1,6,1
0,4,1000,0,69.73652555342997,253.50042976139588,37.06906649473938,0,0,0,929,D_pmar=0.054_dist=500_repair_6_males=6_nmar=1,6,1
0,13,1000,500,68.89283128187519,266.86998898791546,24.625291179436104,0,0,0,929,D_pmar=0.054_dist=500_repair_6_males=6_nmar=1,6,1
0,8,0,0,70.23895501186391,283.6869557320321,6.077564295019765,0,0,0,92,D_pmar=0.054_dist=500_repair_6_males=6_nmar=1,6,1
0,7,0,500,72.42504962852016,257.13265086146396,30.51924306075639,0,0,0,92,D_pmar=0.054_dist=500_repair_6_males=6_nmar=1,6,1
0,10,500,0,70.26052727291027,259.0744721488349,30.736885435535463,0,0,0,92,D_pmar=0.054_dist=500_repair_6_males=6_nmar=1,6,1
0,7,500,500,76.3755530996375,277.5004349408035,6.224293219762011,0,0,0,92,D_pmar=0.054_dist=500_repair_6_males=6_nmar=1,6,1
0,17,1000,0,69.14155299843175,252.18465867594605,38.697837013330755,0,0,0,92,D_pmar=0.054_dist=500_repair_6_males=6_nmar=1,6,1
0.054,5,1000,500,74.76671632126632,280.5712886142769,0,19,1.9000000000000008,2.7940765140980424,92,D_pmar=0.054_dist=500_repair_6_males=6_nmar=1,6,1
0,11,0,0,70.92543182172031,283.1312514279222,6.1114429078290495,0,0,0,930,D_pmar=0.054_dist=500_repair_6_males=6_nmar=1,6,1
0.054,5,0,500,69.0182849435028,286.99379137893237,0,17,1.7000000000000004,2.5267205771423793,930,D_pmar=0.054_dist=500_repair_6_males=6_nmar=1,6,1
0,9,500,0,70.88152762582727,229.2122172989864,60.09089267147241,0,0,0,930,D_pmar=0.054_dist=500_repair_6_males=6_nmar=1,6,1
0,5,500,500,66.71756422522903,275.1358266304411,18.352495303114853,0,0,0,930,D_pmar=0.054_dist=500_repair_6_males=6_nmar=1,6,1
0,20,1000,0,68.79698776974014,279.31941533973065,12.066234810697743,0,0,0,930,D_pmar=0.054_dist=500_repair_6_males=6_nmar=1,6,1
0,4,1000,500,71.41749220557236,282.576309041806,6.193370930642812,0,0,0,930,D_pmar=0.054_dist=500_repair_6_males=6_nmar=1,6,1
0,10,0,0,69.07601467643093,272.77331710997163,18.327779540845597,0,0,0,931,D_pmar=0.054_dist=500_repair_6_males=6_nmar=1,6,1
0,4,0,500,72.95963827800557,287.26076990126165,0,0,0,0,931,D_pmar=0.054_dist=500_repair_6_males=6_nmar=1,6,1
0,14,500,0,71.70839236670811,257.6160063285418,30.744411070892276,0,0,0,931,D_pmar=0.054_dist=500_repair_6_males=6_nmar=1,6,1
0,5,500,500,75.0401790601451,254.41800567233352,30.62093554167566,0,0,0,931,D_pmar=0.054_dist=500_repair_6_males=6_nmar=1,6,1
0,5,1000,0,68.25197005756891,273.66611937257176,18.17830488949802,0,0,0,931,D_pmar=0.054_dist=500_repair_6_males=6_nmar=1,6,1
0.054,16,1000,500,73.62735530503527,282.52875291825,0,16,1.6000000000000003,2.2685185185185204,931,D_pmar=0.054_dist=500_repair_6_males=6_nmar=1,6,1
0,7,0,0,69.39547176458653,278.75825401622745,12.03744945654081,0,0,0,932,D_pmar=0.054_dist=500_repair_6_males=6_nmar=1,6,1
0,10,0,500,69.87023700268593,259.6055507465538,30.612876510394184,0,0,0,932,D_pmar=0.054_dist=500_repair_6_males=6_nmar=1,6,1
0,3,500,0,70.2930898258919,277.5765838242088,12.150248884001172,0,0,0,932,D_pmar=0.054_dist=500_repair_6_males=6_nmar=1,6,1
0,7,500,500,71.74790677210267,257.6052458440923,30.64869172900971,0,0,0,932,D_pmar=0.054_dist=500_repair_6_males=6_nmar=1,6,1
0.054,15,1000,0,71.06701550119845,285.10609472350677,0,16,1.6000000000000003,2.4009351213268335,932,D_pmar=0.054_dist=500_repair_6_males=6_nmar=1,6,1
0,12,1000,500,69.42198019460054,278.5480921434337,12.224790045337391,0,0,0,932,D_pmar=0.054_dist=500_repair_6_males=6_nmar=1,6,1
0,5,0,0,74.64196632230592,267.1419710294524,18.4309679287337,0,0,0,933,D_pmar=0.054_dist=500_repair_6_males=6_nmar=1,6,1
0,7,0,500,72.018882908714,288.1258588246985,0,0,0,0,933,D_pmar=0.054_dist=500_repair_6_males=6_nmar=1,6,1
0,5,500,0,72.33086760128052,287.9847173552704,0,0,0,0,933,D_pmar=0.054_dist=500_repair_6_males=6_nmar=1,6,1
0.054,10,500,500,69.35050786040459,286.7110688988782,0,13,1.3,2.770928365949894,933,D_pmar=0.054_dist=500_repair_6_males=6_nmar=1,6,1
0,13,1000,0,72.03436457788587,276.63195285956573,11.37572700692284,0,0,0,933,D_pmar=0.054_dist=500_repair_6_males=6_nmar=1,6,1
0,14,1000,500,69.9295790682308,241.18858545431308,49.081564406884915,0,0,0,933,D_pmar=0.054_dist=500_repair_6_males=6_nmar=1,6,1
0,15,0,0,71.76250113945375,251.885381621226,36.497287210503465,0,0,0,934,D_pmar=0.054_dist=500_repair_6_males=6_nmar=1,6,1
0,3,0,500,68.15221578056703,255.49735366701057,36.48150073455464,0,0,0,934,D_pmar=0.054_dist=500_repair_6_males=6_nmar=1,6,1
0,8,500,0,69.85249387953222,277.8729166496271,12.275090531468418,0,0,0,934,D_pmar=0.054_dist=500_repair_6_males=6_nmar=1,6,1
0,9,500,500,73.97567605064845,280.0279374002284,6.054862947679717,0,0,0,934,D_pmar=0.054_dist=500_repair_6_males=6_nmar=1,6,1
0,10,1000,0,72.27217013160993,287.8904868711228,0,0,0,0,934,D_pmar=0.054_dist=500_repair_6_males=6_nmar=1,6,1
0.054,9,1000,500,73.28398517526622,282.88488804468494,0,15,1.5000000000000002,2.366046375823993,934,D_pmar=0.054_dist=500_repair_6_males=6_nmar=1,6,1
0,3,0,0,67.8461345549379,286.3804103385013,6.003454221193657,0,0,0,935,D_pmar=0.054_dist=500_repair_6_males=6_nmar=1,6,1
0,2,0,500,73.13724957737466,268.5847719777833,18.42646441508348,0,0,0,935,D_pmar=0.054_dist=500_repair_6_males=6_nmar=1,6,1
0.054,15,500,0,75.17940896122617,281.81454078080066,0,12,1.2,1.9222599666745968,935,D_pmar=0.054_dist=500_repair_6_males=6_nmar=1,6,1
0,21,500,500,70.23953886849392,259.28223999249684,30.48827792689261,0,0,0,935,D_pmar=0.054_dist=500_repair_6_males=6_nmar=1,6,1
0,7,1000,0,67.43879149169706,280.5721674866797,12.0616002553197,0,0,0,935,D_pmar=0.054_dist=500_repair_6_males=6_nmar=1,6,1
0,6,1000,500,69.40254658902634,284.2419145339447,6.386076456047783,0,0,0,935,D_pmar=0.054_dist=500_repair_6_males=6_nmar=1,6,1
0,4,0,0,72.77894337978047,244.94801610609903,42.38087442725882,0,0,0,936,D_pmar=0.054_dist=500_repair_6_males=6_nmar=1,6,1
0,13,0,500,68.8255673415427,285.14796031577407,6.112152185239776,0,0,0,936,D_pmar=0.054_dist=500_repair_6_males=6_nmar=1,6,1
0,13,500,0,71.16234812108311,275.8386829914542,13.031915970429605,0,0,0,936,D_pmar=0.054_dist=500_repair_6_males=6_nmar=1,6,1
0.054,4,500,500,69.75499645367466,286.2452688325481,0,16,1.6000000000000003,2.619690295482286,936,D_pmar=0.054_dist=500_repair_6_males=6_nmar=1,6,1
0,11,1000,0,70.96877058860694,289.2165764862182,0,0,0,0,936,D_pmar=0.054_dist=500_repair_6_males=6_nmar=1,6,1
0,9,1000,500,72.40627983279916,258.43331462387647,29.17327456479727,0,0,0,936,D_pmar=0.054_dist=500_repair_6_males=6_nmar=1,6,1
0,6,0,0,74.59746289898963,285.68161296188754,0,0,0,0,937,D_pmar=0.054_dist=500_repair_6_males=6_nmar=1,6,1
0,7,0,500,70.52005295221586,264.96906368126923,24.683064307739155,0,0,0,937,D_pmar=0.054_dist=500_repair_6_males=6_nmar=1,6,1
0,5,500,0,70.17930931310804,253.22391201806835,36.67959279262697,0,0,0,937,D_pmar=0.054_dist=500_repair_6_males=6_nmar=1,6,1
0.054,13,500,500,69.63905932289902,286.8715162217894,0,13,1.3,2.2486605468456253,937,D_pmar=0.054_dist=500_repair_6_males=6_nmar=1,6,1
0,12,1000,0,74.26844460246419,285.8300224230154,0,0,0,0,937,D_pmar=0.054_dist=500_repair_6_males=6_nmar=1,6,1
0,11,1000,500,69.62707178442173,272.22360109101794,18.17968583896698,0,0,0,937,D_pmar=0.054_dist=500_repair_6_males=6_nmar=1,6,1
0,11,0,0,71.04118328724371,264.7869723092573,24.231057674546378,0,0,0,938,D_pmar=0.054_dist=500_repair_6_males=6_nmar=1,6,1
0.054,10,0,500,73.23440219453364,282.69454540291815,0,18,1.8000000000000005,2.421249531167749,938,D_pmar=0.054_dist=500_repair_6_males=6_nmar=1,6,1
0,13,500,0,70.20216095343719,271.5299534720313,18.31199734872887,0,0,0,938,D_pmar=0.054_dist=500_repair_6_males=6_nmar=1,6,1
0,9,500,500,70.43247121353276,259.3575836184113,30.30471308810253,0,0,0,938,D_pmar=0.054_dist=500_repair_6_males=6_nmar=1,6,1
0,5,1000,0,70.08804897748978,253.43668428649028,36.57861621005626,0,0,0,938,D_pmar=0.054_dist=500_repair_6_males=6_nmar=1,6,1
0,6,1000,500,74.62073499507275,285.42438787538094,0,0,0,0,938,D_pmar=0.054_dist=500_repair_6_males=6_nmar=1,6,1
0,10,0,0,65.21748913077367,276.9078819841161,18.204502007607648,0,0,0,939,D_pmar=0.054_dist=500_repair_6_males=6_nmar=1,6,1
0,7,0,500,68.75154537907059,248.70006175969328,42.68364519239029,0,0,0,939,D_pmar=0.054_dist=500_repair_6_males=6_nmar=1,6,1
0,6,500,0,70.11444055383701,265.54644638314426,24.363042291336487,0,0,0,939,D_pmar=0.054_dist=500_repair_6_males=6_nmar=1,6,1
0,7,500,500,68.73172391219474,285.3439977243618,6.122523367082216,0,0,0,939,D_pmar=0.054_dist=500_repair_6_males=6_nmar=1,6,1
0.054,9,1000,0,71.15521437065932,285.0069844574283,0,15,1.5000000000000002,2.5849316564424125,939,D_pmar=0.054_dist=500_repair_6_males=6_nmar=1,6,1
0,15,1000,500,70.4099786597008,289.6079376109374,0,0,0,0,939,D_pmar=0.054_dist=500_repair_6_males=6_nmar=1,6,1
0,7,0,0,69.52853307316906,241.8304433510423,48.6460221155814,0,0,0,93,D_pmar=0.054_dist=500_repair_6_males=6_nmar=1,6,1
0,10,0,500,69.16159517611247,290.93551576594456,0,0,0,0,93,D_pmar=0.054_dist=500_repair_6_males=6_nmar=1,6,1
0,4,500,0,75.89842884374215,260.0491653637805,24.29932791929489,0,0,0,93,D_pmar=0.054_dist=500_repair_6_males=6_nmar=1,6,1
0,13,500,500,67.3044697446163,292.8802863415033,0,0,0,0,93,D_pmar=0.054_dist=500_repair_6_males=6_nmar=1,6,1
0,11,1000,0,67.80654145518251,267.70230035011207,24.60840433957797,0,0,0,93,D_pmar=0.054_dist=500_repair_6_males=6_nmar=1,6,1
0.054,9,1000,500,74.05090958200994,282.1358788182486,0,16,1.6000000000000003,2.3716630583961993,93,D_pmar=0.054_dist=500_repair_6_males=6_nmar=1,6,1
0,11,0,0,67.14688738200118,262.6026758394757,30.46804589036992,0,0,0,940,D_pmar=0.054_dist=500_repair_6_males=6_nmar=1,6,1
0,11,0,500,69.29501599845209,266.3076751804025,24.45866223991604,0,0,0,940,D_pmar=0.054_dist=500_repair_6_males=6_nmar=1,6,1
0,2,500,0,69.78475127071914,290.5220698777628,0,0,0,0,940,D_pmar=0.054_dist=500_repair_6_males=6_nmar=1,6,1
0,12,500,500,69.32669921535548,290.8475658065585,0,0,0,0,940,D_pmar=0.054_dist=500_repair_6_males=6_nmar=1,6,1
0,13,1000,0,71.42745307698058,276.53264043364607,12.09916498912446,0,0,0,940,D_pmar=0.054_dist=500_repair_6_males=6_nmar=1,6,1
0.054,5,1000,500,71.35732701316363,285.51291351575543,0,11,1.1,2.157713042490658,940,D_pmar=0.054_dist=500_repair_6_males=6_nmar=1,6,1
0,13,0,0,74.0467856678361,260.863441083423,25.190640240770005,0,0,0,941,D_pmar=0.054_dist=500_repair_6_males=6_nmar=1,6,1
0,4,0,500,70.75835626220575,289.3292852150782,0,0,0,0,941,D_pmar=0.054_dist=500_repair_6_males=6_nmar=1,6,1
0.054,7,500,0,69.08221522440219,285.9226202614834,0,22,2.2000000000000006,2.918876259942249,941,D_pmar=0.054_dist=500_repair_6_males=6_nmar=1,6,1
0,6,500,500,73.41752445179021,233.3336985641594,53.275544246969694,0,0,0,941,D_pmar=0.054_dist=500_repair_6_males=6_nmar=1,6,1
0,12,1000,0,72.82846203519458,256.6887373727207,30.56584833819647,0,0,0,941,D_pmar=0.054_dist=500_repair_6_males=6_nmar=1,6,1
0,12,1000,500,70.81524607183498,270.99412701645906,18.191382583800195,0,0,0,941,D_pmar=0.054_dist=500_repair_6_males=6_nmar=1,6,1
0,8,0,0,69.1039095765108,272.71536335486473,18.441434544978396,0,0,0,942,D_pmar=0.054_dist=500_repair_6_males=6_nmar=1,6,1
0,4,0,500,69.15537133859993,290.9222804821548,0,0,0,0,942,D_pmar=0.054_dist=500_repair_6_males=6_nmar=1,6,1
0,12,500,0,73.19251278274874,280.76653548974645,6.178781415512691,0,0,0,942,D_pmar=0.054_dist=500_repair_6_males=6_nmar=1,6,1
0,9,500,500,69.51046956782614,247.69523369909,42.805276974249374,0,0,0,942,D_pmar=0.054_dist=500_repair_6_males=6_nmar=1,6,1
0.054,12,1000,0,68.24864888802101,287.5650800786314,0,16,1.6000000000000003,2.615740740740745,942,D_pmar=0.054_dist=500_repair_6_males=6_nmar=1,6,1
0,9,1000,500,68.52937480493168,261.1783411935103,30.306010285979532,0,0,0,942,D_pmar=0.054_dist=500_repair_6_males=6_nmar=1,6,1
0,9,0,0,69.58324076490567,290.4781316381031,0,0,0,0,943,D_pmar=0.054_dist=500_repair_6_males=6_nmar=1,6,1
0,11,0,500,69.15514496028692,242.3939866421399,48.46521477293573,0,0,0,943,D_pmar=0.054_dist=500_repair_6_males=6_nmar=1,6,1
0,6,500,0,68.95246524555517,278.9647213958372,12.205288806212094,0,0,0,943,D_pmar=0.054_dist=500_repair_6_males=6_nmar=1,6,1
0,11,500,500,70.35875905742549,271.64477585825887,18.159562002269315,0,0,0,943,D_pmar=0.054_dist=500_repair_6_males=6_nmar=1,6,1
0,8,1000,0,71.88503080931415,263.81798089554366,24.31754334076706,0,0,0,943,D_pmar=0.054_dist=500_repair_6_males=6_nmar=1,6,1
0.054,9,1000,500,71.10575995349156,285.05375337282237,0,17,1.7000000000000004,2.2916666666666687,943,D_pmar=0.054_dist=500_repair_6_males=6_nmar=1,6,1
0,9,0,0,69.34795199400722,247.830028958239,42.860138665316256,0,0,0,944,D_pmar=0.054_dist=500_repair_6_males=6_nmar=1,6,1
0,14,0,500,69.01865724452912,284.9512339925207,6.07967323414456,0,0,0,944,D_pmar=0.054_dist=500_repair_6_males=6_nmar=1,6,1
0,12,500,0,72.12549421797732,288.1137041641432,0,0,0,0,944,D_pmar=0.054_dist=500_repair_6_males=6_nmar=1,6,1
0,9,500,500,70.80594053457811,283.2104937950387,6.115778466832626,0,0,0,944,D_pmar=0.054_dist=500_repair_6_males=6_nmar=1,6,1
0,7,1000,0,76.06182042884582,259.65472741144475,24.33058668736573,0,0,0,944,D_pmar=0.054_dist=500_repair_6_males=6_nmar=1,6,1
0.054,3,1000,500,69.26363729347624,286.64470721259136,0,13,1.3,3.000156174969722,944,D_pmar=0.054_dist=500_repair_6_males=6_nmar=1,6,1
0,17,0,0,66.25933208416423,281.53205247622105,12.208700822220424,0,0,0,945,D_pmar=0.054_dist=500_repair_6_males=6_nmar=1,6,1
0,14,0,500,70.22962404471679,265.144207743026,24.63072975696094,0,0,0,945,D_pmar=0.054_dist=500_repair_6_males=6_nmar=1,6,1
0,5,500,0,67.45963040539662,280.4259500739441,12.129263451084686,0,0,0,945,D_pmar=0.054_dist=500_repair_6_males=6_nmar=1,6,1
0,9,500,500,71.58155423457244,252.01154502308785,36.41626459425377,0,0,0,945,D_pmar=0.054_dist=500_repair_6_males=6_nmar=1,6,1
0.054,3,1000,0,68.13155830838967,287.8974042110047,0,14,1.4,2.716558774521472,945,D_pmar=0.054_dist=500_repair_6_males=6_nmar=1,6,1
0,6,1000,500,72.05640456469794,288.20527046049096,0,0,0,0,945,D_pmar=0.054_dist=500_repair_6_males=6_nmar=1,6,1
0,8,0,0,66.97942071685138,293.18447665921434,0,0,0,0,946,D_pmar=0.054_dist=500_repair_6_males=6_nmar=1,6,1
0,7,0,500,73.10886866869862,231.57185255505848,55.37425310165184,0,0,0,946,D_pmar=0.054_dist=500_repair_6_males=6_nmar=1,6,1
0.054,8,500,0,65.39599738162782,290.9179861305612,0,16,1.6000000000000003,2.175925925925927,946,D_pmar=0.054_dist=500_repair_6_males=6_nmar=1,6,1
0,12,500,500,69.83338992252102,271.9264243191675,18.26274526555852,0,0,0,946,D_pmar=0.054_dist=500_repair_6_males=6_nmar=1,6,1
0,7,1000,0,71.96827854935853,288.04944892060183,0,0,0,0,946,D_pmar=0.054_dist=500_repair_6_males=6_nmar=1,6,1
0,12,1000,500,72.98740276358149,262.9587550765173,24.25683236934887,0,0,0,946,D_pmar=0.054_dist=500_repair_6_males=6_nmar=1,6,1
0,11,0,0,70.05869026051326,259.54282037943466,30.56556432837616,0,0,0,947,D_pmar=0.054_dist=500_repair_6_males=6_nmar=1,6,1
0,11,0,500,70.73946294183773,283.4017113223664,6.02153532217366,0,0,0,947,D_pmar=0.054_dist=500_repair_6_males=6_nmar=1,6,1
0,6,500,0,73.6188730240417,267.86173169272456,18.618795249414305,0,0,0,947,D_pmar=0.054_dist=500_repair_6_males=6_nmar=1,6,1
0,6,500,500,75.09499306424067,284.9366531531582,0,0,0,0,947,D_pmar=0.054_dist=500_repair_6_males=6_nmar=1,6,1
0,9,1000,0,74.07457994454273,236.83509066912305,49.21070155115186,0,0,0,947,D_pmar=0.054_dist=500_repair_6_males=6_nmar=1,6,1
0.054,11,1000,500,68.9270867277628,286.99849885641584,0,17,1.7000000000000004,2.5211038945701745,947,D_pmar=0.054_dist=500_repair_6_males=6_nmar=1,6,1
0,4,0,0,72.92012306763013,281.13974327045344,6.060193079307881,0,0,0,948,D_pmar=0.054_dist=500_repair_6_males=6_nmar=1,6,1
0,6,0,500,68.14057791168474,273.59092230898904,18.333245131852618,0,0,0,948,D_pmar=0.054_dist=500_repair_6_males=6_nmar=1,6,1
0,13,500,0,72.05162861735707,257.81526018799093,30.38544845005339,0,0,0,948,D_pmar=0.054_dist=500_repair_6_males=6_nmar=1,6,1
0,10,500,500,72.53276968394613,256.9848276847729,30.570737561088276,0,0,0,948,D_pmar=0.054_dist=500_repair_6_males=6_nmar=1,6,1
0.054,12,1000,0,76.27725795700927,279.5419326228889,0,16,1.6000000000000003,2.663000707415342,948,D_pmar=0.054_dist=500_repair_6_males=6_nmar=1,6,1
0,9,1000,500,72.47362338780437,275.37261481868165,12.292503710516655,0,0,0,948,D_pmar=0.054_dist=500_repair_6_males=6_nmar=1,6,1
0,6,0,0,70.15069375154101,289.9444583408703,0,0,0,0,949,D_pmar=0.054_dist=500_repair_6_males=6_nmar=1,6,1
0,11,0,500,67.51660001103805,280.52250915614417,12.120435711315425,0,0,0,949,D_pmar=0.054_dist=500_repair_6_males=6_nmar=1,6,1
0,10,500,0,71.45920681146038,227.7707396826379,60.856230550595505,0,0,0,949,D_pmar=0.054_dist=500_repair_6_males=6_nmar=1,6,1
0,9,500,500,72.542802048084,275.50925950374125,12.222199438687154,0,0,0,949,D_pmar=0.054_dist=500_repair_6_males=6_nmar=1,6,1
0,12,1000,0,69.11706715525668,290.93250068308885,0,0,0,0,949,D_pmar=0.054_dist=500_repair_6_males=6_nmar=1,6,1
0.054,6,1000,500,68.75330799335593,286.6547204523861,0,14,1.4,3.210438888652697,949,D_pmar=0.054_dist=500_repair_6_males=6_nmar=1,6,1
0,10,0,0,71.20862344355908,282.9014485262855,6.064551756429644,0,0,0,94,D_pmar=0.054_dist=500_repair_6_males=6_nmar=1,6,1
0,10,0,500,74.13211293199416,243.26954486586268,42.78306172391069,0,0,0,94,D_pmar=0.054_dist=500_repair_6_males=6_nmar=1,6,1
0,7,500,0,72.89433920084086,281.0924434066031,6.052688047677604,0,0,0,94,D_pmar=0.054_dist=500_repair_6_males=6_nmar=1,6,1
0.054,4,500,500,72.13575878874394,282.5962026759034,0,18,1.8000000000000005,3.5610813938131405,94,D_pmar=0.054_dist=500_repair_6_males=6_nmar=1,6,1
0,11,1000,0,71.67831470983599,282.2926682069736,6.099552598325687,0,0,0,94,D_pmar=0.054_dist=500_repair_6_males=6_nmar=1,6,1
0,12,1000,500,73.41488788480358,237.96548008835657,48.75724306322271,0,0,0,94,D_pmar=0.054_dist=500_repair_6_males=6_nmar=1,6,1
0,6,0,0,70.02978645866752,283.94394157595667,6.0294364898072175,0,0,0,950,D_pmar=0.054_dist=500_repair_6_males=6_nmar=1,6,1
0.054,10,0,500,72.93321929561058,283.27988282768564,0,15,1.5000000000000002,2.420111675140402,950,D_pmar=0.054_dist=500_repair_6_males=6_nmar=1,6,1
0,3,500,0,74.18282106971247,261.553572297794,24.270737558777252,0,0,0,950,D_pmar=0.054_dist=500_repair_6_males=6_nmar=1,6,1
0,11,500,500,72.21505603976638,256.9404572860506,31.001142562715103,0,0,0,950,D_pmar=0.054_dist=500_repair_6_males=6_nmar=1,6,1
0,16,1000,0,70.42758550472308,277.18960750368495,12.396295091566916,0,0,0,950,D_pmar=0.054_dist=500_repair_6_males=6_nmar=1,6,1
0,8,1000,500,72.65051719738642,269.0397460558372,18.35535773183931,0,0,0,950,D_pmar=0.054_dist=500_repair_6_males=6_nmar=1,6,1
0,12,0,0,67.71558342378862,292.33422249656985,0,0,0,0,951,D_pmar=0.054_dist=500_repair_6_males=6_nmar=1,6,1
0,11,0,500,77.84527453385569,269.98876232805105,12.241420445353835,0,0,0,951,D_pmar=0.054_dist=500_repair_6_males=6_nmar=1,6,1
0,12,500,0,74.25592087822541,240.1336766284184,45.63397979100623,0,0,0,951,D_pmar=0.054_dist=500_repair_6_males=6_nmar=1,6,1
0,5,500,500,71.85202859629663,251.49534820978,36.81247541359817,0,0,0,951,D_pmar=0.054_dist=500_repair_6_males=6_nmar=1,6,1
0,5,1000,0,72.81769153530048,287.36317788011894,0,0,0,0,951,D_pmar=0.054_dist=500_repair_6_males=6_nmar=1,6,1
0.054,9,1000,500,71.76365971364757,283.8787280446536,0,16,1.6000000000000003,2.8118549989583292,951,D_pmar=0.054_dist=500_repair_6_males=6_nmar=1,6,1
0,14,0,0,76.36731015994285,241.2607094686426,42.545218508823034,0,0,0,952,D_pmar=0.054_dist=500_repair_6_males=6_nmar=1,6,1
0,6,0,500,69.30017541435213,278.7566843960632,12.08039945899213,0,0,0,952,D_pmar=0.054_dist=500_repair_6_males=6_nmar=1,6,1
0,13,500,0,71.53704942094538,288.500744125877,0,0,0,0,952,D_pmar=0.054_dist=500_repair_6_males=6_nmar=1,6,1
0,7,500,500,67.71121529449792,292.4081004745824,0,0,0,0,952,D_pmar=0.054_dist=500_repair_6_males=6_nmar=1,6,1
0.054,5,1000,0,72.65059978949147,283.1248534038239,0,17,1.7000000000000004,2.6552824984374905,952,D_pmar=0.054_dist=500_repair_6_males=6_nmar=1,6,1
0,9,1000,500,66.3656578776528,244.96258079620023,48.69097282677193,0,0,0,952,D_pmar=0.054_dist=500_repair_6_males=6_nmar=1,6,1
0,9,0,0,68.41663160003705,279.7440252691797,12.135905501768477,0,0,0,953,D_pmar=0.054_dist=500_repair_6_males=6_nmar=1,6,1
0,10,0,500,68.09398706953733,285.83381853458906,6.094533565631497,0,0,0,953,D_pmar=0.054_dist=500_repair_6_males=6_nmar=1,6,1
0,7,500,0,75.23195534919772,266.6128820121924,18.264514213215477,0,0,0,953,D_pmar=0.054_dist=500_repair_6_males=6_nmar=1,6,1
0,9,500,500,74.02105575940837,267.77259390677347,18.298953147823248,0,0,0,953,D_pmar=0.054_dist=500_repair_6_males=6_nmar=1,6,1
0.054,8,1000,0,71.24532100595741,285.8150302429408,0,13,1.3,1.918288372340018,953,D_pmar=0.054_dist=500_repair_6_males=6_nmar=1,6,1
0,11,1000,500,72.7482604111346,262.5380841941427,24.728806603005825,0,0,0,953,D_pmar=0.054_dist=500_repair_6_males=6_nmar=1,6,1
0,10,0,0,72.11655797438286,251.38488744931547,36.54186744302733,0,0,0,954,D_pmar=0.054_dist=500_repair_6_males=6_nmar=1,6,1
0,8,0,500,70.88050363865703,246.54230511029192,42.71991814836499,0,0,0,954,D_pmar=0.054_dist=500_repair_6_males=6_nmar=1,6,1
0,4,500,0,76.29947744352249,277.78667263342805,6.053993162502722,0,0,0,954,D_pmar=0.054_dist=500_repair_6_males=6_nmar=1,6,1
0.054,10,500,500,69.26976466729108,286.3917181200957,0,22,2.2000000000000006,2.5272498489456985,954,D_pmar=0.054_dist=500_repair_6_males=6_nmar=1,6,1
0,12,1000,0,70.57133328722577,252.9175338794253,36.536165068339635,0,0,0,954,D_pmar=0.054_dist=500_repair_6_males=6_nmar=1,6,1
0,10,1000,500,65.61836439781366,282.2208981512896,12.245016411627432,0,0,0,954,D_pmar=0.054_dist=500_repair_6_males=6_nmar=1,6,1
0,10,0,0,71.65884876528696,251.72372522396003,36.72853703495968,0,0,0,955,D_pmar=0.054_dist=500_repair_6_males=6_nmar=1,6,1
0,7,0,500,70.22586960508538,259.0547496236126,30.791136171398612,0,0,0,955,D_pmar=0.054_dist=500_repair_6_males=6_nmar=1,6,1
0,9,500,0,72.38676274431333,287.66029513078564,0,0,0,0,955,D_pmar=0.054_dist=500_repair_6_males=6_nmar=1,6,1
0,8,500,500,66.28199630189178,281.55238358911686,12.237372316859222,0,0,0,955,D_pmar=0.054_dist=500_repair_6_males=6_nmar=1,6,1
0.054,8,1000,0,72.54141205943162,283.2405769864468,0,19,1.9000000000000008,2.4419190271629385,955,D_pmar=0.054_dist=500_repair_6_males=6_nmar=1,6,1
0,12,1000,500,73.67559467323993,249.96236458378635,36.522811023873075,0,0,0,955,D_pmar=0.054_dist=500_repair_6_males=6_nmar=1,6,1
0,6,0,0,71.17968964018037,258.38351512751774,30.69303686835207,0,0,0,956,D_pmar=0.054_dist=500_repair_6_males=6_nmar=1,6,1
0,7,0,500,68.53619606357006,279.41450055774175,12.09822007136098,0,0,0,956,D_pmar=0.054_dist=500_repair_6_males=6_nmar=1,6,1
0,13,500,0,70.44343905099767,265.57919019914607,24.168138611419582,0,0,0,956,D_pmar=0.054_dist=500_repair_6_males=6_nmar=1,6,1
0,8,500,500,67.00903172741852,268.6237782742442,24.46071791039434,0,0,0,956,D_pmar=0.054_dist=500_repair_6_males=6_nmar=1,6,1
0,8,1000,0,68.43565760178356,291.6920516681439,0,0,0,0,956,D_pmar=0.054_dist=500_repair_6_males=6_nmar=1,6,1
0.054,12,1000,500,78.00276638337856,278.77541337760897,0,15,1.5000000000000002,2.0363556191777112,956,D_pmar=0.054_dist=500_repair_6_males=6_nmar=1,6,1
0,12,0,0,69.20312189682365,266.44693767039865,24.4518125502467,0,0,0,957,D_pmar=0.054_dist=500_repair_6_males=6_nmar=1,6,1
0,7,0,500,70.66641513044262,240.39195864763445,49.02786224217664,0,0,0,957,D_pmar=0.054_dist=500_repair_6_males=6_nmar=1,6,1
0,8,500,0,69.6304384402801,247.31862226848304,43.1633672527786,0,0,0,957,D_pmar=0.054_dist=500_repair_6_males=6_nmar=1,6,1
0.054,12,500,500,73.55524046813485,281.4098645152717,0,24,2.400000000000001,2.7254656335689296,957,D_pmar=0.054_dist=500_repair_6_males=6_nmar=1,6,1
0,9,1000,0,69.43073832259222,259.87994255386593,30.84914874877783,0,0,0,957,D_pmar=0.054_dist=500_repair_6_males=6_nmar=1,6,1
0,6,1000,500,71.39689214949895,288.64858345692954,0,0,0,0,957,D_pmar=0.054_dist=500_repair_6_males=6_nmar=1,6,1
0,9,0,0,71.02303320935184,289.0941824189143,0,0,0,0,958,D_pmar=0.054_dist=500_repair_6_males=6_nmar=1,6,1
0,11,0,500,75.47839706497537,235.4443020234885,49.23141516253675,0,0,0,958,D_pmar=0.054_dist=500_repair_6_males=6_nmar=1,6,1
0,9,500,0,74.81751782058517,236.51144778649757,48.67489984305799,0,0,0,958,D_pmar=0.054_dist=500_repair_6_males=6_nmar=1,6,1
0,9,500,500,69.5659383657996,278.30092294143935,12.178126974327895,0,0,0,958,D_pmar=0.054_dist=500_repair_6_males=6_nmar=1,6,1
0,9,1000,0,69.81383161197282,283.95762665985666,6.285054720141826,0,0,0,958,D_pmar=0.054_dist=500_repair_6_males=6_nmar=1,6,1
0.054,7,1000,500,70.69483728158882,284.90937673337703,0,19,1.9000000000000008,2.5661322283761576,958,D_pmar=0.054_dist=500_repair_6_males=6_nmar=1,6,1
0,7,0,0,68.44650264933756,250.16093105287288,41.43414547476759,0,0,0,959,D_pmar=0.054_dist=500_repair_6_males=6_nmar=1,6,1
0,7,0,500,69.43635756475688,284.48742713224016,6.114307299213331,0,0,0,959,D_pmar=0.054_dist=500_repair_6_males=6_nmar=1,6,1
0.054,14,500,0,71.54211380090727,283.756395202123,0,24,2.400000000000001,2.3465655298984105,959,D_pmar=0.054_dist=500_repair_6_males=6_nmar=1,6,1
0,10,500,500,71.25253497949113,276.7514143067363,12.141336101473827,0,0,0,959,D_pmar=0.054_dist=500_repair_6_males=6_nmar=1,6,1
0,10,1000,0,71.61813294158434,233.88571062519665,54.57859731642716,0,0,0,959,D_pmar=0.054_dist=500_repair_6_males=6_nmar=1,6,1
0,6,1000,500,73.14750801604076,256.7667407693095,30.57092202996349,0,0,0,959,D_pmar=0.054_dist=500_repair_6_males=6_nmar=1,6,1
0,8,0,0,74.96917339944402,285.14872248302527,0,0,0,0,95,D_pmar=0.054_dist=500_repair_6_males=6_nmar=1,6,1
0,11,0,500,68.60503387346402,266.99287307613713,24.406007342946687,0,0,0,95,D_pmar=0.054_dist=500_repair_6_males=6_nmar=1,6,1
0,7,500,0,70.07586337440043,283.93183419013104,6.142757067968867,0,0,0,95,D_pmar=0.054_dist=500_repair_6_males=6_nmar=1,6,1
0,11,500,500,69.39852622273813,266.11125626059953,24.514289262433365,0,0,0,95,D_pmar=0.054_dist=500_repair_6_males=6_nmar=1,6,1
0,14,1000,0,70.78785491260146,283.4669480575557,6.048142104244604,0,0,0,95,D_pmar=0.054_dist=500_repair_6_males=6_nmar=1,6,1
0.054,3,1000,500,72.43160208625841,284.18344909920415,0,10,1,2.498485018225344,95,D_pmar=0.054_dist=500_repair_6_males=6_nmar=1,6,1
0,15,0,0,71.46975913678955,288.6742820357213,0,0,0,0,960,D_pmar=0.054_dist=500_repair_6_males=6_nmar=1,6,1
0,7,0,500,71.86554086283415,263.61418958744025,24.58132682644281,0,0,0,960,D_pmar=0.054_dist=500_repair_6_males=6_nmar=1,6,1
0,6,500,0,71.41618415532017,252.0412312851742,36.59866399289432,0,0,0,960,D_pmar=0.054_dist=500_repair_6_males=6_nmar=1,6,1
0,8,500,500,73.61008929433126,286.5515884188022,0,0,0,0,960,D_pmar=0.054_dist=500_repair_6_males=6_nmar=1,6,1
0,5,1000,0,69.23216068646694,272.4293262356424,18.427327272432223,0,0,0,960,D_pmar=0.054_dist=500_repair_6_males=6_nmar=1,6,1
0.054,13,1000,500,70.97637253507514,285.45314173952323,0,13,1.3,2.2709751310784405,960,D_pmar=0.054_dist=500_repair_6_males=6_nmar=1,6,1
0,8,0,0,70.08825158520699,290.08142953187803,0,0,0,0,961,D_pmar=0.054_dist=500_repair_6_males=6_nmar=1,6,1
0.054,17,0,500,69.58261504242171,285.7431925218892,0,21,2.1000000000000005,2.6791693372726337,961,D_pmar=0.054_dist=500_repair_6_males=6_nmar=1,6,1
0,13,500,0,73.55841142160689,262.25227814748985,24.42525130159683,0,0,0,961,D_pmar=0.054_dist=500_repair_6_males=6_nmar=1,6,1
0,3,500,500,71.24217090890993,276.8845373791238,12.080662798637611,0,0,0,961,D_pmar=0.054_dist=500_repair_6_males=6_nmar=1,6,1
0,10,1000,0,70.2722808069507,247.40611793335495,42.4453065969218,0,0,0,961,D_pmar=0.054_dist=500_repair_6_males=6_nmar=1,6,1
0,3,1000,500,70.58091959697543,240.9809320728985,48.67261427226069,0,0,0,961,D_pmar=0.054_dist=500_repair_6_males=6_nmar=1,6,1
0,4,0,0,70.76016385612863,264.8352367707784,24.54016478599694,0,0,0,962,D_pmar=0.054_dist=500_repair_6_males=6_nmar=1,6,1
0,4,0,500,70.58378205920586,289.6096893933987,0,0,0,0,962,D_pmar=0.054_dist=500_repair_6_males=6_nmar=1,6,1
0.054,15,500,0,73.79923709746191,282.6081421525136,0,17,1.7000000000000004,2.1193599348635197,962,D_pmar=0.054_dist=500_repair_6_males=6_nmar=1,6,1
0,9,500,500,71.57836924801715,270.32428536321925,18.263008620324,0,0,0,962,D_pmar=0.054_dist=500_repair_6_males=6_nmar=1,6,1
0,16,1000,0,70.22770900415924,259.3669021201395,30.51677513426594,0,0,0,962,D_pmar=0.054_dist=500_repair_6_males=6_nmar=1,6,1
0,6,1000,500,69.71929979455761,260.04946760088444,30.271196685251216,0,0,0,962,D_pmar=0.054_dist=500_repair_6_males=6_nmar=1,6,1
0,4,0,0,67.4684179511909,292.5739776978161,0,0,0,0,963,D_pmar=0.054_dist=500_repair_6_males=6_nmar=1,6,1
0,11,0,500,65.51241745328979,258.19629823945525,36.459415614877294,0,0,0,963,D_pmar=0.054_dist=500_repair_6_males=6_nmar=1,6,1
0,13,500,0,71.41460580768405,288.59454416894766,0,0,0,0,963,D_pmar=0.054_dist=500_repair_6_males=6_nmar=1,6,1
0,7,500,500,71.78896976230972,282.1098449722217,6.236678252827652,0,0,0,963,D_pmar=0.054_dist=500_repair_6_males=6_nmar=1,6,1
0.054,9,1000,0,71.07909580374658,284.9847572792,0,15,1.5000000000000002,2.5919111747332697,963,D_pmar=0.054_dist=500_repair_6_males=6_nmar=1,6,1
0,10,1000,500,70.55282586609385,240.7587451481787,48.79940280108776,0,0,0,963,D_pmar=0.054_dist=500_repair_6_males=6_nmar=1,6,1
0,11,0,0,66.31418605222423,245.00639029768044,48.79852782013634,0,0,0,964,D_pmar=0.054_dist=500_repair_6_males=6_nmar=1,6,1
0,10,0,500,73.83596757696981,274.21811804746454,12.094549955750272,0,0,0,964,D_pmar=0.054_dist=500_repair_6_males=6_nmar=1,6,1
0,8,500,0,76.7428314825121,234.9430984952056,48.50645759531735,0,0,0,964,D_pmar=0.054_dist=500_repair_6_males=6_nmar=1,6,1
0,8,500,500,71.0599444459733,276.9630520445628,12.11528707537128,0,0,0,964,D_pmar=0.054_dist=500_repair_6_males=6_nmar=1,6,1
0.054,7,1000,0,67.41345383231993,286.85024680854195,0,25,2.500000000000001,3.3236281436051804,964,D_pmar=0.054_dist=500_repair_6_males=6_nmar=1,6,1
0,10,1000,500,70.73114651792856,263.73526284896445,25.5522852732663,0,0,0,964,D_pmar=0.054_dist=500_repair_6_males=6_nmar=1,6,1
0,12,0,0,69.19616888083738,272.6503577941514,18.163639923815246,0,0,0,965,D_pmar=0.054_dist=500_repair_6_males=6_nmar=1,6,1
0,5,0,500,71.91077221754635,282.02907983590904,6.138236701149787,0,0,0,965,D_pmar=0.054_dist=500_repair_6_males=6_nmar=1,6,1
0,12,500,0,70.86301451838347,289.17735990363155,0,0,0,0,965,D_pmar=0.054_dist=500_repair_6_males=6_nmar=1,6,1
0,4,500,500,68.64375931631571,273.07895065215183,18.298415928887728,0,0,0,965,D_pmar=0.054_dist=500_repair_6_males=6_nmar=1,6,1
0,10,1000,0,72.14100068991924,269.7372024208212,18.15463409075831,0,0,0,965,D_pmar=0.054_dist=500_repair_6_males=6_nmar=1,6,1
0.054,11,1000,500,72.20118929278895,284.7014464076318,0,10,1,2.1762081784449023,965,D_pmar=0.054_dist=500_repair_6_males=6_nmar=1,6,1
0,11,0,0,73.86860958535055,225.08818389465137,61.15391766449448,0,0,0,966,D_pmar=0.054_dist=500_repair_6_males=6_nmar=1,6,1
0,7,0,500,69.95809276230537,290.1732699827734,0,0,0,0,966,D_pmar=0.054_dist=500_repair_6_males=6_nmar=1,6,1
0,9,500,0,71.9526932887535,288.1660816176596,0,0,0,0,966,D_pmar=0.054_dist=500_repair_6_males=6_nmar=1,6,1
0,4,500,500,67.84531098899957,267.5217821463411,24.72465450571763,0,0,0,966,D_pmar=0.054_dist=500_repair_6_males=6_nmar=1,6,1
0.054,8,1000,0,70.33754680548206,285.32686297189144,0,20,2.0000000000000004,2.3364479811883068,966,D_pmar=0.054_dist=500_repair_6_males=6_nmar=1,6,1
0,15,1000,500,71.05302413691278,252.39681316902747,36.61549748622756,0,0,0,966,D_pmar=0.054_dist=500_repair_6_males=6_nmar=1,6,1
0,10,0,0,69.94805100997377,271.833231374074,18.346450440710353,0,0,0,967,D_pmar=0.054_dist=500_repair_6_males=6_nmar=1,6,1
0,4,0,500,68.28234773315243,291.74554580008,0,0,0,0,967,D_pmar=0.054_dist=500_repair_6_males=6_nmar=1,6,1
0.054,9,500,0,70.89478917591647,284.14055733707596,0,20,2.0000000000000004,3.099554100204127,967,D_pmar=0.054_dist=500_repair_6_males=6_nmar=1,6,1
0,12,500,500,69.04530744195277,229.99393669922517,61.0244276957913,0,0,0,967,D_pmar=0.054_dist=500_repair_6_males=6_nmar=1,6,1
0,9,1000,0,68.74449998967108,291.4587219209556,0,0,0,0,967,D_pmar=0.054_dist=500_repair_6_males=6_nmar=1,6,1
0,10,1000,500,73.00503131963144,244.58470923761533,42.46971337446254,0,0,0,967,D_pmar=0.054_dist=500_repair_6_males=6_nmar=1,6,1
0,14,0,0,69.2205566860143,241.91417380683671,48.98616555559464,0,0,0,968,D_pmar=0.054_dist=500_repair_6_males=6_nmar=1,6,1
0,9,0,500,73.43589770858063,286.6083446965653,0,0,0,0,968,D_pmar=0.054_dist=500_repair_6_males=6_nmar=1,6,1
0,4,500,0,68.6718980218464,272.9999106890692,18.46178727033972,0,0,0,968,D_pmar=0.054_dist=500_repair_6_males=6_nmar=1,6,1
0.054,12,500,500,73.30425686157588,283.0693253685238,0,16,1.6000000000000003,2.2286504291167235,968,D_pmar=0.054_dist=500_repair_6_males=6_nmar=1,6,1
0,5,1000,0,69.99669113209276,259.507721743157,30.56734470226108,0,0,0,968,D_pmar=0.054_dist=500_repair_6_males=6_nmar=1,6,1
0,10,1000,500,72.34208428048262,287.70814500086465,0,0,0,0,968,D_pmar=0.054_dist=500_repair_6_males=6_nmar=1,6,1
0,7,0,0,69.1904299659891,272.6581774772536,18.16448095232673,0,0,0,969,D_pmar=0.054_dist=500_repair_6_males=6_nmar=1,6,1
0.054,14,0,500,72.44567835231688,284.04887382061656,0,12,1.2,2.3676914640616205,969,D_pmar=0.054_dist=500_repair_6_males=6_nmar=1,6,1
0,7,500,0,70.65193471834388,264.75738278140716,24.664249643473457,0,0,0,969,D_pmar=0.054_dist=500_repair_6_males=6_nmar=1,6,1
0,7,500,500,72.52061658668151,275.5090771400571,12.08720896610246,0,0,0,969,D_pmar=0.054_dist=500_repair_6_males=6_nmar=1,6,1
0,8,1000,0,69.36010851341645,284.78276466846586,6.055841548750572,0,0,0,969,D_pmar=0.054_dist=500_repair_6_males=6_nmar=1,6,1
0,11,1000,500,67.68167859451906,280.13163022847004,12.22945608444267,0,0,0,969,D_pmar=0.054_dist=500_repair_6_males=6_nmar=1,6,1
0,11,0,0,69.05185653036075,285.072867460014,6.041904294777056,0,0,0,96,D_pmar=0.054_dist=500_repair_6_males=6_nmar=1,6,1
0,11,0,500,69.30183041467298,272.44745585934805,18.253809157080436,0,0,0,96,D_pmar=0.054_dist=500_repair_6_males=6_nmar=1,6,1
0,6,500,0,73.51051392621588,250.0508311396375,36.54834086580413,0,0,0,96,D_pmar=0.054_dist=500_repair_6_males=6_nmar=1,6,1
0.054,15,500,500,71.03111580724928,284.66219723285974,0,17,1.7000000000000004,2.661355619177717,96,D_pmar=0.054_dist=500_repair_6_males=6_nmar=1,6,1
0,2,1000,0,72.38842424601943,269.43329818652563,18.21349143368352,0,0,0,96,D_pmar=0.054_dist=500_repair_6_males=6_nmar=1,6,1
0,9,1000,500,74.27812817670967,261.412382222213,24.45700873680649,0,0,0,96,D_pmar=0.054_dist=500_repair_6_males=6_nmar=1,6,1
0.054,3,0,0,72.47051435722149,283.7274283865492,0,14,1.4,2.5972015256004237,970,D_pmar=0.054_dist=500_repair_6_males=6_nmar=1,6,1
0,11,0,500,72.83519835819742,287.18083552191007,0,0,0,0,970,D_pmar=0.054_dist=500_repair_6_males=6_nmar=1,6,1
0,7,500,0,68.96630833268078,230.185853746629,60.97173886751831,0,0,0,970,D_pmar=0.054_dist=500_repair_6_males=6_nmar=1,6,1
0,9,500,500,70.43984291324966,289.60190823728107,0,0,0,0,970,D_pmar=0.054_dist=500_repair_6_males=6_nmar=1,6,1
0,13,1000,0,71.34712417773436,270.35302425514686,18.30577329268201,0,0,0,970,D_pmar=0.054_dist=500_repair_6_males=6_nmar=1,6,1
0,11,1000,500,73.01487891904274,280.8574857120369,6.263207020840403,0,0,0,970,D_pmar=0.054_dist=500_repair_6_males=6_nmar=1,6,1
0,2,0,0,69.27559731506231,290.8769126622245,0,0,0,0,971,D_pmar=0.054_dist=500_repair_6_males=6_nmar=1,6,1
0,10,0,500,68.74164237280937,285.2758125210241,6.030463811969052,0,0,0,971,D_pmar=0.054_dist=500_repair_6_males=6_nmar=1,6,1
0,12,500,0,67.80873097363441,261.75072201722037,30.49460870404277,0,0,0,971,D_pmar=0.054_dist=500_repair_6_males=6_nmar=1,6,1
0,8,500,500,70.18590851081726,259.5788224464544,30.501139487326306,0,0,0,971,D_pmar=0.054_dist=500_repair_6_males=6_nmar=1,6,1
0.054,10,1000,0,67.6870791366374,288.6299837156161,0,15,1.5000000000000002,2.2030236288156155,971,D_pmar=0.054_dist=500_repair_6_males=6_nmar=1,6,1
0,12,1000,500,69.79478441590543,266.0360724621304,24.457801683108997,0,0,0,971,D_pmar=0.054_dist=500_repair_6_males=6_nmar=1,6,1
0,10,0,0,67.77247557045803,273.8353949484552,18.475190397547266,0,0,0,972,D_pmar=0.054_dist=500_repair_6_males=6_nmar=1,6,1
0.054,5,0,500,71.9994452208275,283.6834731530513,0,17,1.7000000000000004,2.6687474964505156,972,D_pmar=0.054_dist=500_repair_6_males=6_nmar=1,6,1
0,8,500,0,68.32384140568851,285.62062407646135,6.161663906340208,0,0,0,972,D_pmar=0.054_dist=500_repair_6_males=6_nmar=1,6,1
0,12,500,500,68.92799096544934,291.1847789800601,0,0,0,0,972,D_pmar=0.054_dist=500_repair_6_males=6_nmar=1,6,1
0,8,1000,0,70.06381476149107,259.74687205894594,30.307397021730473,0,0,0,972,D_pmar=0.054_dist=500_repair_6_males=6_nmar=1,6,1
0,11,1000,500,74.34655200963458,239.39240913863304,46.33121096172583,0,0,0,972,D_pmar=0.054_dist=500_repair_6_males=6_nmar=1,6,1
0,8,0,0,68.82818527702578,266.75951077228956,24.548919146289204,0,0,0,973,D_pmar=0.054_dist=500_repair_6_males=6_nmar=1,6,1
0,5,0,500,66.51076178580891,281.3539832935768,12.27986253867466,0,0,0,973,D_pmar=0.054_dist=500_repair_6_males=6_nmar=1,6,1
0,8,500,0,68.27623895298971,285.8379373969201,6.008181164495693,0,0,0,973,D_pmar=0.054_dist=500_repair_6_males=6_nmar=1,6,1
0,12,500,500,71.77784416805589,239.53856730021153,48.72502647818345,0,0,0,973,D_pmar=0.054_dist=500_repair_6_males=6_nmar=1,6,1
0.054,9,1000,0,70.03483547141192,285.7642400114636,0,17,1.7000000000000004,2.740895572739226,973,D_pmar=0.054_dist=500_repair_6_males=6_nmar=1,6,1
0,12,1000,500,73.54375245683873,274.3351987242122,12.125783846828694,0,0,0,973,D_pmar=0.054_dist=500_repair_6_males=6_nmar=1,6,1
0,8,0,0,70.85973508934057,252.5241915862676,36.616820326779816,0,0,0,974,D_pmar=0.054_dist=500_repair_6_males=6_nmar=1,6,1
0,10,0,500,70.69167474571599,240.58371714515184,48.85360713349196,0,0,0,974,D_pmar=0.054_dist=500_repair_6_males=6_nmar=1,6,1
0,12,500,0,68.90374100333884,278.94051270772417,12.173335272853418,0,0,0,974,D_pmar=0.054_dist=500_repair_6_males=6_nmar=1,6,1
0,6,500,500,69.18355144727693,278.61035550648444,12.258625568213546,0,0,0,974,D_pmar=0.054_dist=500_repair_6_males=6_nmar=1,6,1
0,11,1000,0,70.69099862837719,264.8257398642939,24.506656673413723,0,0,0,974,D_pmar=0.054_dist=500_repair_6_males=6_nmar=1,6,1
0.054,7,1000,500,73.63993203045385,281.35404642627327,0,22,2.2000000000000006,2.84914956297883,974,D_pmar=0.054_dist=500_repair_6_males=6_nmar=1,6,1
0,7,0,0,71.26403830489852,288.82387409603314,0,0,0,0,975,D_pmar=0.054_dist=500_repair_6_males=6_nmar=1,6,1
0,10,0,500,67.49629800790586,268.34831448180586,24.377107189065796,0,0,0,975,D_pmar=0.054_dist=500_repair_6_males=6_nmar=1,6,1
0,11,500,0,71.25143952599016,282.70102118146644,6.139527685550603,0,0,0,975,D_pmar=0.054_dist=500_repair_6_males=6_nmar=1,6,1
0.054,5,500,500,70.73930203711463,284.21368934690565,0,14,1.4,3.7323231032242457,975,D_pmar=0.054_dist=500_repair_6_males=6_nmar=1,6,1
0,10,1000,0,72.04532884740671,245.47680299463693,42.66106387777195,0,0,0,975,D_pmar=0.054_dist=500_repair_6_males=6_nmar=1,6,1
0,11,1000,500,74.00931656613949,273.8635568258624,12.165439977475724,0,0,0,975,D_pmar=0.054_dist=500_repair_6_males=6_nmar=1,6,1
0,7,0,0,73.70843491393816,286.4622207704056,0,0,0,0,976,D_pmar=0.054_dist=500_repair_6_males=6_nmar=1,6,1
0,15,0,500,69.80714626235097,259.8321642855498,30.570984748928517,0,0,0,976,D_pmar=0.054_dist=500_repair_6_males=6_nmar=1,6,1
0,4,500,0,70.41457408246647,271.40965362075815,18.327660781489165,0,0,0,976,D_pmar=0.054_dist=500_repair_6_males=6_nmar=1,6,1
0.054,14,500,500,67.70183944055334,289.046886544194,0,13,1.3,2.1527557381847404,976,D_pmar=0.054_dist=500_repair_6_males=6_nmar=1,6,1
0,8,1000,0,67.18579733133735,274.5382676246148,18.301609597912265,0,0,0,976,D_pmar=0.054_dist=500_repair_6_males=6_nmar=1,6,1
0,6,1000,500,65.07350207916966,282.6513931793815,12.278834476232351,0,0,0,976,D_pmar=0.054_dist=500_repair_6_males=6_nmar=1,6,1
0,6,0,0,70.59704021461384,289.4767462270725,0,0,0,0,977,D_pmar=0.054_dist=500_repair_6_males=6_nmar=1,6,1
0,15,0,500,71.26006710587943,276.6397626414404,12.269018575346507,0,0,0,977,D_pmar=0.054_dist=500_repair_6_males=6_nmar=1,6,1
0,7,500,0,70.94237574882648,289.1630263373992,0,0,0,0,977,D_pmar=0.054_dist=500_repair_6_males=6_nmar=1,6,1
0,13,500,500,73.20705232864198,280.84384322630234,6.135370255943881,0,0,0,977,D_pmar=0.054_dist=500_repair_6_males=6_nmar=1,6,1
0.054,2,1000,0,73.3693688014173,283.61977264336554,0,8,0.7999999999999999,2.3407746616771585,977,D_pmar=0.054_dist=500_repair_6_males=6_nmar=1,6,1
0,11,1000,500,68.68176249112776,261.0070031180115,30.43409525886078,0,0,0,977,D_pmar=0.054_dist=500_repair_6_males=6_nmar=1,6,1
0,9,0,0,72.79956256047828,287.2411488267955,0,0,0,0,978,D_pmar=0.054_dist=500_repair_6_males=6_nmar=1,6,1
0,8,0,500,71.49499979840256,264.1577474050584,24.405595415638977,0,0,0,978,D_pmar=0.054_dist=500_repair_6_males=6_nmar=1,6,1
0,12,500,0,71.85549151081086,288.33145303744095,0,0,0,0,978,D_pmar=0.054_dist=500_repair_6_males=6_nmar=1,6,1
0,8,500,500,73.84023434636865,243.88623271140077,42.45868267194772,0,0,0,978,D_pmar=0.054_dist=500_repair_6_males=6_nmar=1,6,1
0.054,8,1000,0,63.67114042878936,292.1992293093688,0,17,1.7000000000000004,2.70532540937706,978,D_pmar=0.054_dist=500_repair_6_males=6_nmar=1,6,1
0,9,1000,500,68.69730659348144,254.671777218141,36.88821264873855,0,0,0,978,D_pmar=0.054_dist=500_repair_6_males=6_nmar=1,6,1
0.054,16,0,0,70.46918987295683,285.3851660983125,0,19,1.9000000000000008,2.40207297735418,979,D_pmar=0.054_dist=500_repair_6_males=6_nmar=1,6,1
0,6,0,500,68.15287815229543,264.0385920234224,27.912762067837456,0,0,0,979,D_pmar=0.054_dist=500_repair_6_males=6_nmar=1,6,1
0,9,500,0,72.34289383564399,269.4609465232538,18.303996507330822,0,0,0,979,D_pmar=0.054_dist=500_repair_6_males=6_nmar=1,6,1
0,9,500,500,69.54301686684337,290.5916142615383,0,0,0,0,979,D_pmar=0.054_dist=500_repair_6_males=6_nmar=1,6,1
0,5,1000,0,66.63263218915665,262.6185035220885,30.795560672177825,0,0,0,979,D_pmar=0.054_dist=500_repair_6_males=6_nmar=1,6,1
0,9,1000,500,69.97965131640022,257.5968286066694,32.424220639094976,0,0,0,979,D_pmar=0.054_dist=500_repair_6_males=6_nmar=1,6,1
0,10,0,0,71.90265457527424,239.2709340617694,48.88186477503626,0,0,0,97,D_pmar=0.054_dist=500_repair_6_males=6_nmar=1,6,1
0,12,0,500,70.59325942378469,283.3062074232252,6.1346993399671,0,0,0,97,D_pmar=0.054_dist=500_repair_6_males=6_nmar=1,6,1
0,8,500,0,72.94976309988941,287.26359436932853,0,0,0,0,97,D_pmar=0.054_dist=500_repair_6_males=6_nmar=1,6,1
0,10,500,500,71.43794740429466,270.4005705148549,18.275661936699063,0,0,0,97,D_pmar=0.054_dist=500_repair_6_males=6_nmar=1,6,1
0.054,4,1000,0,69.66897100984275,286.3232908591405,0,15,1.5000000000000002,2.6406640835894883,97,D_pmar=0.054_dist=500_repair_6_males=6_nmar=1,6,1
0,10,1000,500,73.61307545284335,268.3161710963303,18.102971116927016,0,0,0,97,D_pmar=0.054_dist=500_repair_6_males=6_nmar=1,6,1
0,11,0,0,71.94066153320797,263.5643845614456,24.588700323697783,0,0,0,980,D_pmar=0.054_dist=500_repair_6_males=6_nmar=1,6,1
0,8,0,500,68.40082443106252,273.4932322370339,18.344313291265895,0,0,0,980,D_pmar=0.054_dist=500_repair_6_males=6_nmar=1,6,1
0,13,500,0,71.21311557972187,288.8015315528185,0,0,0,0,980,D_pmar=0.054_dist=500_repair_6_males=6_nmar=1,6,1
0,7,500,500,67.49871749378775,262.2104411548631,30.405536659418264,0,0,0,980,D_pmar=0.054_dist=500_repair_6_males=6_nmar=1,6,1
0,7,1000,0,71.96883339931334,288.0438260929343,0,0,0,0,980,D_pmar=0.054_dist=500_repair_6_males=6_nmar=1,6,1
0.054,8,1000,500,67.5494038032631,288.39571059896815,0,12,1.2,2.871616293267651,980,D_pmar=0.054_dist=500_repair_6_males=6_nmar=1,6,1
0,6,0,0,71.48439191629359,239.93722644453825,48.67759529684317,0,0,0,981,D_pmar=0.054_dist=500_repair_6_males=6_nmar=1,6,1
0,16,0,500,69.2279194709889,248.1976357739455,42.614955774278776,0,0,0,981,D_pmar=0.054_dist=500_repair_6_males=6_nmar=1,6,1
0,8,500,0,70.91759814682848,283.084061001663,6.1602540399779535,0,0,0,981,D_pmar=0.054_dist=500_repair_6_males=6_nmar=1,6,1
0,10,500,500,71.40058656025977,282.7311787189129,6.118743080083944,0,0,0,981,D_pmar=0.054_dist=500_repair_6_males=6_nmar=1,6,1
0,6,1000,0,70.41775352202097,271.33720722762735,18.355059774302173,0,0,0,981,D_pmar=0.054_dist=500_repair_6_males=6_nmar=1,6,1
0.054,8,1000,500,72.15177825386641,283.3204521051917,0,20,2.0000000000000004,2.599172945543103,981,D_pmar=0.054_dist=500_repair_6_males=6_nmar=1,6,1
0,12,0,0,70.89537646064369,235.08368648968627,54.21584765045642,0,0,0,982,D_pmar=0.054_dist=500_repair_6_males=6_nmar=1,6,1
0,10,0,500,67.01324529145113,286.91362235275113,6.216957821334956,0,0,0,982,D_pmar=0.054_dist=500_repair_6_males=6_nmar=1,6,1
0.054,10,500,0,74.46917556410212,280.9714580767322,0,21,2.1000000000000005,2.539012485893429,982,D_pmar=0.054_dist=500_repair_6_males=6_nmar=1,6,1
0,5,500,500,69.16091169503807,278.84336932983103,12.146821986859557,0,0,0,982,D_pmar=0.054_dist=500_repair_6_males=6_nmar=1,6,1
0,9,1000,0,70.42412551574752,277.7639797509289,12.018530065943333,0,0,0,982,D_pmar=0.054_dist=500_repair_6_males=6_nmar=1,6,1
0,8,1000,500,69.4437276962229,248.0725824078589,42.59558621288216,0,0,0,982,D_pmar=0.054_dist=500_repair_6_males=6_nmar=1,6,1
0.054,13,0,0,69.59954807748744,285.74180406769227,0,21,2.1000000000000005,2.6279377762634577,983,D_pmar=0.054_dist=500_repair_6_males=6_nmar=1,6,1
0,8,0,500,66.23832961515022,263.3232342462881,30.61393476858993,0,0,0,983,D_pmar=0.054_dist=500_repair_6_males=6_nmar=1,6,1
0,10,500,0,73.8285060644361,243.48897937214107,42.75229843381665,0,0,0,983,D_pmar=0.054_dist=500_repair_6_males=6_nmar=1,6,1
0,11,500,500,69.41186160924589,278.4729227551359,12.297418149117997,0,0,0,983,D_pmar=0.054_dist=500_repair_6_males=6_nmar=1,6,1
0,6,1000,0,75.36929067885399,260.48008100825484,24.374261401960112,0,0,0,983,D_pmar=0.054_dist=500_repair_6_males=6_nmar=1,6,1
0,6,1000,500,68.96014754236433,273.17601685007827,18.202665067275717,0,0,0,983,D_pmar=0.054_dist=500_repair_6_males=6_nmar=1,6,1
0,8,0,0,72.46939600107312,226.909266220275,60.700736756439994,0,0,0,984,D_pmar=0.054_dist=500_repair_6_males=6_nmar=1,6,1
0.054,12,0,500,71.90545621425001,282.4347385243178,0,26,2.600000000000001,3.075014361888108,984,D_pmar=0.054_dist=500_repair_6_males=6_nmar=1,6,1
0,11,500,0,74.00709228355123,237.17033418195803,48.867948647650195,0,0,0,984,D_pmar=0.054_dist=500_repair_6_males=6_nmar=1,6,1
0,9,500,500,72.89821486749314,269.05855724692356,18.182107403428247,0,0,0,984,D_pmar=0.054_dist=500_repair_6_males=6_nmar=1,6,1
0,2,1000,0,72.21439618170866,281.777636094477,6.075663861749336,0,0,0,984,D_pmar=0.054_dist=500_repair_6_males=6_nmar=1,6,1
0,12,1000,500,71.83702957457415,264.0133464186088,24.22957723860601,0,0,0,984,D_pmar=0.054_dist=500_repair_6_males=6_nmar=1,6,1
0,5,0,0,65.77076931452257,282.1370098847655,12.282706892376195,0,0,0,985,D_pmar=0.054_dist=500_repair_6_males=6_nmar=1,6,1
0,10,0,500,72.17568029293602,257.50527345152454,30.423812263352907,0,0,0,985,D_pmar=0.054_dist=500_repair_6_males=6_nmar=1,6,1
0,9,500,0,74.65112270774365,242.87044565016512,42.68417178085894,0,0,0,985,D_pmar=0.054_dist=500_repair_6_males=6_nmar=1,6,1
0.054,11,500,500,72.22117489824967,282.7839094125877,0,24,2.400000000000001,2.793642115523061,985,D_pmar=0.054_dist=500_repair_6_males=6_nmar=1,6,1
0,13,1000,0,67.04919471581593,262.7725298839685,30.207025529586307,0,0,0,985,D_pmar=0.054_dist=500_repair_6_males=6_nmar=1,6,1
0,6,1000,500,67.82306283302623,262.17305756433973,30.227037335352417,0,0,0,985,D_pmar=0.054_dist=500_repair_6_males=6_nmar=1,6,1
0,12,0,0,68.37359066271718,254.90161839655428,36.855183858539,0,0,0,986,D_pmar=0.054_dist=500_repair_6_males=6_nmar=1,6,1
0.054,8,0,500,68.71025105155726,286.69816434669684,0,20,2.0000000000000004,2.6721105065610686,986,D_pmar=0.054_dist=500_repair_6_males=6_nmar=1,6,1
0,9,500,0,73.05302789871833,275.0504131093863,12.088498875795798,0,0,0,986,D_pmar=0.054_dist=500_repair_6_males=6_nmar=1,6,1
0,16,500,500,71.64257580674818,270.18600536200216,18.22065975325305,0,0,0,986,D_pmar=0.054_dist=500_repair_6_males=6_nmar=1,6,1
0,1,1000,0,71.25907889220352,282.72098316774,6.066764199175252,0,0,0,986,D_pmar=0.054_dist=500_repair_6_males=6_nmar=1,6,1
0,8,1000,500,73.5221044508818,237.94480492926772,48.66718038316977,0,0,0,986,D_pmar=0.054_dist=500_repair_6_males=6_nmar=1,6,1
0,8,0,0,71.3013485721993,270.4268099244304,18.352014509782947,0,0,0,987,D_pmar=0.054_dist=500_repair_6_males=6_nmar=1,6,1
0,7,0,500,74.17217234870841,261.3145628874072,24.630499059267052,0,0,0,987,D_pmar=0.054_dist=500_repair_6_males=6_nmar=1,6,1
0.054,12,500,0,70.87646828192469,284.6786402747454,0,16,1.6000000000000003,2.8472222222222268,987,D_pmar=0.054_dist=500_repair_6_males=6_nmar=1,6,1
0,13,500,500,72.43303332659208,281.80097714587197,6.026347433771667,0,0,0,987,D_pmar=0.054_dist=500_repair_6_males=6_nmar=1,6,1
0,9,1000,0,72.31036714443327,287.7689597403528,0,0,0,0,987,D_pmar=0.054_dist=500_repair_6_males=6_nmar=1,6,1
0,5,1000,500,68.64574802625657,242.4964684908935,49.013352731580895,0,0,0,987,D_pmar=0.054_dist=500_repair_6_males=6_nmar=1,6,1
0.054,10,0,0,69.05122351261537,286.65208979128874,0,20,2.0000000000000004,2.5495864727715536,988,D_pmar=0.054_dist=500_repair_6_males=6_nmar=1,6,1
0,14,0,500,68.3217170648382,261.4474477702435,30.25039469524681,0,0,0,988,D_pmar=0.054_dist=500_repair_6_males=6_nmar=1,6,1
0,8,500,0,68.9971396096314,278.864979319135,12.208979328670251,0,0,0,988,D_pmar=0.054_dist=500_repair_6_males=6_nmar=1,6,1
0,8,500,500,73.16047967863052,287.2106020093797,0,0,0,0,988,D_pmar=0.054_dist=500_repair_6_males=6_nmar=1,6,1
0,2,1000,0,72.31377847163566,238.96190696358383,48.72781943206023,0,0,0,988,D_pmar=0.054_dist=500_repair_6_males=6_nmar=1,6,1
0,12,1000,500,69.07753756592525,260.2668027095875,30.892306958295997,0,0,0,988,D_pmar=0.054_dist=500_repair_6_males=6_nmar=1,6,1
0,9,0,0,67.39684159472888,292.8738521069636,0,0,0,0,989,D_pmar=0.054_dist=500_repair_6_males=6_nmar=1,6,1
0.054,8,0,500,72.61636806661316,283.45373889783275,0,15,1.5000000000000002,2.73093017008513,989,D_pmar=0.054_dist=500_repair_6_males=6_nmar=1,6,1
0,6,500,0,69.34048811121701,290.75981459139547,0,0,0,0,989,D_pmar=0.054_dist=500_repair_6_males=6_nmar=1,6,1
0,10,500,500,72.72186763818955,256.50439886629545,30.804980561414208,0,0,0,989,D_pmar=0.054_dist=500_repair_6_males=6_nmar=1,6,1
0,12,1000,0,69.81990453846498,247.7049760640655,42.503402784719675,0,0,0,989,D_pmar=0.054_dist=500_repair_6_males=6_nmar=1,6,1
0,9,1000,500,71.05131648933524,270.86226384752433,18.169938059840796,0,0,0,989,D_pmar=0.054_dist=500_repair_6_males=6_nmar=1,6,1
0,13,0,0,73.66117611681807,237.57928402257735,48.81290580729801,0,0,0,98,D_pmar=0.054_dist=500_repair_6_males=6_nmar=1,6,1
0,5,0,500,69.95162902813416,284.010641298777,6.045744958885117,0,0,0,98,D_pmar=0.054_dist=500_repair_6_males=6_nmar=1,6,1
0,11,500,0,69.60530175407023,284.321128019674,6.176196688065623,0,0,0,98,D_pmar=0.054_dist=500_repair_6_males=6_nmar=1,6,1
0,10,500,500,76.6372535702672,246.9606727456537,36.48521955471687,0,0,0,98,D_pmar=0.054_dist=500_repair_6_males=6_nmar=1,6,1
0.054,4,1000,0,71.97553105991938,284.23339243527766,0,16,1.6000000000000003,2.1942689158241637,98,D_pmar=0.054_dist=500_repair_6_males=6_nmar=1,6,1
0,11,1000,500,73.06880035150121,287.000633028971,0,0,0,0,98,D_pmar=0.054_dist=500_repair_6_males=6_nmar=1,6,1
0.054,6,0,0,71.03124616692907,285.39131755554547,0,11,1.1,2.504608933007831,990,D_pmar=0.054_dist=500_repair_6_males=6_nmar=1,6,1
0,12,0,500,72.2920428510963,281.4137190173057,6.438467932809494,0,0,0,990,D_pmar=0.054_dist=500_repair_6_males=6_nmar=1,6,1
0,6,500,0,68.83019468972074,272.7713120586672,18.467229405386497,0,0,0,990,D_pmar=0.054_dist=500_repair_6_males=6_nmar=1,6,1
0,5,500,500,68.46618660788994,285.3609708121334,6.181854062524314,0,0,0,990,D_pmar=0.054_dist=500_repair_6_males=6_nmar=1,6,1
0,14,1000,0,69.64902028634573,284.5302775881353,6.001503411583422,0,0,0,990,D_pmar=0.054_dist=500_repair_6_males=6_nmar=1,6,1
0,11,1000,500,74.2033406389952,255.4210775977438,30.401635508166777,0,0,0,990,D_pmar=0.054_dist=500_repair_6_males=6_nmar=1,6,1
0,7,0,0,69.90533339410554,278.01076139413436,12.128601347507674,0,0,0,991,D_pmar=0.054_dist=500_repair_6_males=6_nmar=1,6,1
0,14,0,500,75.36924668495364,260.2609407693105,24.41148086029799,0,0,0,991,D_pmar=0.054_dist=500_repair_6_males=6_nmar=1,6,1
0,7,500,0,67.1215008554439,274.73324457910894,18.28282816061807,0,0,0,991,D_pmar=0.054_dist=500_repair_6_males=6_nmar=1,6,1
0,7,500,500,66.51879608115154,293.71116130918597,0,0,0,0,991,D_pmar=0.054_dist=500_repair_6_males=6_nmar=1,6,1
0,8,1000,0,68.33143991426988,273.4085382096128,18.482416561849135,0,0,0,991,D_pmar=0.054_dist=500_repair_6_males=6_nmar=1,6,1
0.054,11,1000,500,69.87926151524823,286.58043429774256,0,12,1.2,2.4930204817091455,991,D_pmar=0.054_dist=500_repair_6_males=6_nmar=1,6,1
0.054,11,0,0,69.09594182140154,286.41192888956044,0,22,2.2000000000000006,2.361111111111114,992,D_pmar=0.054_dist=500_repair_6_males=6_nmar=1,6,1
0,7,0,500,73.49873693011811,243.4833207188777,43.10592842174011,0,0,0,992,D_pmar=0.054_dist=500_repair_6_males=6_nmar=1,6,1
0,14,500,0,71.42016147459292,252.11296150920137,36.62301368964717,0,0,0,992,D_pmar=0.054_dist=500_repair_6_males=6_nmar=1,6,1
0,7,500,500,69.53713783001078,290.47995964543907,0,0,0,0,992,D_pmar=0.054_dist=500_repair_6_males=6_nmar=1,6,1
0,9,1000,0,69.68293531618566,271.87351581450696,18.516082644024912,0,0,0,992,D_pmar=0.054_dist=500_repair_6_males=6_nmar=1,6,1
0,6,1000,500,70.56813803536541,252.8016657394116,36.73649033911932,0,0,0,992,D_pmar=0.054_dist=500_repair_6_males=6_nmar=1,6,1
0,9,0,0,74.04055391545657,249.45091271095453,36.64950383796215,0,0,0,993,D_pmar=0.054_dist=500_repair_6_males=6_nmar=1,6,1
0,8,0,500,70.53289091099343,289.4805367501013,0,0,0,0,993,D_pmar=0.054_dist=500_repair_6_males=6_nmar=1,6,1
0,8,500,0,71.81501256825086,270.1257155424683,18.15787097497045,0,0,0,993,D_pmar=0.054_dist=500_repair_6_males=6_nmar=1,6,1
0.054,7,500,500,70.79945707224769,286.0428931962084,0,12,1.2,2.550093704981834,993,D_pmar=0.054_dist=500_repair_6_males=6_nmar=1,6,1
0,9,1000,0,67.26002726407083,292.7578326773761,0,0,0,0,993,D_pmar=0.054_dist=500_repair_6_males=6_nmar=1,6,1
0,13,1000,500,72.16223808594144,269.7395009231768,18.214110825799807,0,0,0,993,D_pmar=0.054_dist=500_repair_6_males=6_nmar=1,6,1
0,9,0,0,69.34886189486505,253.91255059199077,36.7450969555852,0,0,0,994,D_pmar=0.054_dist=500_repair_6_males=6_nmar=1,6,1
0,9,0,500,72.28211750374885,269.5156353223616,18.208984288044004,0,0,0,994,D_pmar=0.054_dist=500_repair_6_males=6_nmar=1,6,1
0,9,500,0,70.45351175937107,252.7419431388262,36.94249259851136,0,0,0,994,D_pmar=0.054_dist=500_repair_6_males=6_nmar=1,6,1
0,6,500,500,70.09563908249697,265.5656677841682,24.352494367136412,0,0,0,994,D_pmar=0.054_dist=500_repair_6_males=6_nmar=1,6,1
0,7,1000,0,66.98947803547752,293.08561714008437,0,0,0,0,994,D_pmar=0.054_dist=500_repair_6_males=6_nmar=1,6,1
0.054,14,1000,500,71.87226417995541,283.9448145531898,0,19,1.9000000000000008,2.464632776736105,994,D_pmar=0.054_dist=500_repair_6_males=6_nmar=1,6,1
0,2,0,0,71.2832896300428,276.55417095118327,12.26823071355911,0,0,0,995,D_pmar=0.054_dist=500_repair_6_males=6_nmar=1,6,1
0,6,0,500,74.37107449307847,285.6710818286102,0,0,0,0,995,D_pmar=0.054_dist=500_repair_6_males=6_nmar=1,6,1
0,17,500,0,68.6069644357251,254.70604378480544,36.703768951079184,0,0,0,995,D_pmar=0.054_dist=500_repair_6_males=6_nmar=1,6,1
0,9,500,500,69.29747357746251,272.59169069378413,18.276380011246573,0,0,0,995,D_pmar=0.054_dist=500_repair_6_males=6_nmar=1,6,1
0,10,1000,0,70.15297275479166,271.58929492833425,18.35643258238651,0,0,0,995,D_pmar=0.054_dist=500_repair_6_males=6_nmar=1,6,1
0.054,10,1000,500,68.8564382031903,287.87092782951834,0,14,1.4,2.27742537756598,995,D_pmar=0.054_dist=500_repair_6_males=6_nmar=1,6,1
0,3,0,0,73.30123949400317,286.8226767404428,0,0,0,0,996,D_pmar=0.054_dist=500_repair_6_males=6_nmar=1,6,1
0,13,0,500,72.2619104641361,263.495555048154,24.412795988687947,0,0,0,996,D_pmar=0.054_dist=500_repair_6_males=6_nmar=1,6,1
0,7,500,0,66.65170829007361,275.1683096466431,18.20216875984796,0,0,0,996,D_pmar=0.054_dist=500_repair_6_males=6_nmar=1,6,1
0,13,500,500,67.80330686350679,280.0377518675716,12.264758929755288,0,0,0,996,D_pmar=0.054_dist=500_repair_6_males=6_nmar=1,6,1
0,3,1000,0,70.41876413250435,234.3281461297435,55.28806099590108,0,0,0,996,D_pmar=0.054_dist=500_repair_6_males=6_nmar=1,6,1
0.054,15,1000,500,72.29993849241507,283.82571140938023,0,18,1.8000000000000005,2.2174170639723116,996,D_pmar=0.054_dist=500_repair_6_males=6_nmar=1,6,1
0,5,0,0,68.32182111941307,248.77207397603812,43.05862879712018,0,0,0,997,D_pmar=0.054_dist=500_repair_6_males=6_nmar=1,6,1
0,7,0,500,70.97264279120088,289.13470508764567,0,0,0,0,997,D_pmar=0.054_dist=500_repair_6_males=6_nmar=1,6,1
0,18,500,0,72.43311470981969,281.5933429004273,6.066249520454522,0,0,0,997,D_pmar=0.054_dist=500_repair_6_males=6_nmar=1,6,1
0,9,500,500,68.07151956864296,261.85895532398274,30.39941996985293,0,0,0,997,D_pmar=0.054_dist=500_repair_6_males=6_nmar=1,6,1
0,3,1000,0,70.82888200497013,279.54993755593927,9.735563089725344,0,0,0,997,D_pmar=0.054_dist=500_repair_6_males=6_nmar=1,6,1
0.054,12,1000,500,66.91774014480178,289.5049903632652,0,15,1.5000000000000002,2.2276867587384226,997,D_pmar=0.054_dist=500_repair_6_males=6_nmar=1,6,1
0,6,0,0,73.31970021211274,280.4798341014767,6.24938069688966,0,0,0,998,D_pmar=0.054_dist=500_repair_6_males=6_nmar=1,6,1
0.054,13,0,500,70.55687143326263,285.2126107874193,0,19,1.9000000000000008,2.353675154652235,998,D_pmar=0.054_dist=500_repair_6_males=6_nmar=1,6,1
0,14,500,0,70.2830302245985,247.3268594033906,42.404175788213614,0,0,0,998,D_pmar=0.054_dist=500_repair_6_males=6_nmar=1,6,1
0,6,500,500,73.09440645946997,287.03749738830766,0,0,0,0,998,D_pmar=0.054_dist=500_repair_6_males=6_nmar=1,6,1
0,8,1000,0,69.36611474014504,241.37291918449176,49.26291883928586,0,0,0,998,D_pmar=0.054_dist=500_repair_6_males=6_nmar=1,6,1
0,7,1000,500,70.89335519816686,270.9477208494687,18.19838287832349,0,0,0,998,D_pmar=0.054_dist=500_repair_6_males=6_nmar=1,6,1
0,10,0,0,71.06225162914598,276.7265902226799,12.355525092225754,0,0,0,999,D_pmar=0.054_dist=500_repair_6_males=6_nmar=1,6,1
0,10,0,500,69.35986796272906,266.50761351828277,24.404772116134655,0,0,0,999,D_pmar=0.054_dist=500_repair_6_males=6_nmar=1,6,1
0,6,500,0,70.7047695575518,289.3898149311884,0,0,0,0,999,D_pmar=0.054_dist=500_repair_6_males=6_nmar=1,6,1
0,6,500,500,69.58348512231393,272.1789137831346,18.345287059573977,0,0,0,999,D_pmar=0.054_dist=500_repair_6_males=6_nmar=1,6,1
0,11,1000,0,69.57680234569527,253.94551889103124,36.5737625311623,0,0,0,999,D_pmar=0.054_dist=500_repair_6_males=6_nmar=1,6,1
0.054,11,1000,500,70.30664457645541,285.953130151795,0,15,1.5000000000000002,2.3467176759544177,999,D_pmar=0.054_dist=500_repair_6_males=6_nmar=1,6,1
0,8,0,0,72.17476197200988,288.0611692879609,0,0,0,0,99,D_pmar=0.054_dist=500_repair_6_males=6_nmar=1,6,1
0,9,0,500,67.867697939332,261.5109933371272,30.636924011173924,0,0,0,99,D_pmar=0.054_dist=500_repair_6_males=6_nmar=1,6,1
0,4,500,0,71.81176294422495,254.5369304422998,33.71748127911359,0,0,0,99,D_pmar=0.054_dist=500_repair_6_males=6_nmar=1,6,1
0,10,500,500,70.82677328348014,264.17051195254896,25.051420330092377,0,0,0,99,D_pmar=0.054_dist=500_repair_6_males=6_nmar=1,6,1
0.054,14,1000,0,73.37394125922141,282.330951284235,0,21,2.1000000000000005,2.320279351331016,99,D_pmar=0.054_dist=500_repair_6_males=6_nmar=1,6,1
0,9,1000,500,72.48480634109121,256.898685249035,30.737736875519666,0,0,0,99,D_pmar=0.054_dist=500_repair_6_males=6_nmar=1,6,1
