probability_maraud,successful_mating,x_pos,y_pos,foraging_hrs,staying_hrs,repairing_hrs,marauding_events,marauding_hrs,traveling_hrs,rnd_seed,directory,fg_theta_dir,mar_attempts_count,mate_attempts_count,fg_theta,num_males,num_mar
0.054,8,0,0,38.98942484554864,277.37950484553994,42.7932116167204,4,0.4,0.5347669814438806,0,D_pmar=0.054_dist=100_repair_6_males=4_nmar=3,FG_theta_2.5,64,14,2.5,4,3
0.054,12,0,100,38.23803147631076,289.53018272813296,30.96224913118775,9,0.8999999999999999,0.45370370370370433,0,D_pmar=0.054_dist=100_repair_6_males=4_nmar=3,FG_theta_2.5,65,15,2.5,4,3
0,9,100,0,39.71394172292482,259.26737343110153,61.0301592756221,0,0,0,0,D_pmar=0.054_dist=100_repair_6_males=4_nmar=3,FG_theta_2.5,108,14,2.5,4,3
0.054,7,100,100,37.6378964021379,296.2222068549289,24.415417777568383,13,1.3,0.5706242314626816,0,D_pmar=0.054_dist=100_repair_6_males=4_nmar=3,FG_theta_2.5,60,13,2.5,4,3
0,16,0,0,42.010719224518624,257.3112458690199,60.71060352114919,0,0,0,1,D_pmar=0.054_dist=100_repair_6_males=4_nmar=3,FG_theta_2.5,83,20,2.5,4,3
0.054,3,0,100,38.45318930593998,283.3240148651278,36.85015291588018,9,0.8999999999999999,0.4837846050141594,1,D_pmar=0.054_dist=100_repair_6_males=4_nmar=3,FG_theta_2.5,47,4,2.5,4,3
0.054,8,100,0,39.93175235633518,270.0251149986808,48.34126916845937,12,1.2,0.5387385757784596,1,D_pmar=0.054_dist=100_repair_6_males=4_nmar=3,FG_theta_2.5,64,10,2.5,4,3
0.054,9,100,100,41.21767795914599,262.484800127477,54.83174753781991,12,1.2,0.3703703703703706,1,D_pmar=0.054_dist=100_repair_6_males=4_nmar=3,FG_theta_2.5,70,13,2.5,4,3
0.054,10,0,0,36.99388661093611,278.5844895618609,42.32679538718896,15,1.5000000000000002,0.6257144857988469,2,D_pmar=0.054_dist=100_repair_6_males=4_nmar=3,FG_theta_2.5,73,11,2.5,4,3
0,10,0,100,40.45461718479036,252.39822263272916,67.1550539856906,0,0,0,2,D_pmar=0.054_dist=100_repair_6_males=4_nmar=3,FG_theta_2.5,99,13,2.5,4,3
0.054,9,100,0,37.89287469892432,283.76123263804897,36.768172711486834,13,1.3,0.5016450882376274,2,D_pmar=0.054_dist=100_repair_6_males=4_nmar=3,FG_theta_2.5,72,13,2.5,4,3
0.054,7,100,100,37.189968042334094,266.76978479588485,55.07964386689461,5,0.5,0.536355619177712,2,D_pmar=0.054_dist=100_repair_6_males=4_nmar=3,FG_theta_2.5,64,14,2.5,4,3
0.054,8,0,0,39.22277284984784,276.459655328011,43.16866948483012,9,0.8999999999999999,0.4880852169962638,3,D_pmar=0.054_dist=100_repair_6_males=4_nmar=3,FG_theta_2.5,69,12,2.5,4,3
0.054,10,0,100,38.104104774421835,288.3835668341151,32.177800380137775,8,0.7999999999999999,0.5559974742106718,3,D_pmar=0.054_dist=100_repair_6_males=4_nmar=3,FG_theta_2.5,64,16,2.5,4,3
0.054,7,100,0,37.37457190979339,290.867766225396,30.473183675813903,8,0.7999999999999999,0.5601851851851862,3,D_pmar=0.054_dist=100_repair_6_males=4_nmar=3,FG_theta_2.5,57,9,2.5,4,3
0,11,100,100,38.4411484642857,279.04198694619174,42.540779659047,0,0,0,3,D_pmar=0.054_dist=100_repair_6_males=4_nmar=3,FG_theta_2.5,118,12,2.5,4,3
0.054,9,0,0,37.27555079961186,290.28639532326605,30.78141212320748,12,1.2,0.4888795358631796,4,D_pmar=0.054_dist=100_repair_6_males=4_nmar=3,FG_theta_2.5,48,11,2.5,4,3
0.054,14,0,100,38.56431994846309,295.8875045941865,24.508954268296883,8,0.7999999999999999,0.3333333333333334,4,D_pmar=0.054_dist=100_repair_6_males=4_nmar=3,FG_theta_2.5,61,15,2.5,4,3
0.054,4,100,0,39.732559125845775,264.7279093277208,54.607672137078346,6,0.6,0.4368302734228124,4,D_pmar=0.054_dist=100_repair_6_males=4_nmar=3,FG_theta_2.5,64,6,2.5,4,3
0,9,100,100,41.21901716725144,276.2895301844582,42.63488203039234,0,0,0,4,D_pmar=0.054_dist=100_repair_6_males=4_nmar=3,FG_theta_2.5,77,15,2.5,4,3
0.054,11,0,0,39.60335758257891,295.29166199800954,24.22163809358015,5,0.5,0.541314266454867,5,D_pmar=0.054_dist=100_repair_6_males=4_nmar=3,FG_theta_2.5,48,11,2.5,4,3
0.054,7,0,100,40.904019397766774,281.0958159252842,36.80055001958153,9,0.8999999999999999,0.5120276840113279,5,D_pmar=0.054_dist=100_repair_6_males=4_nmar=3,FG_theta_2.5,74,9,2.5,4,3
0.054,7,100,0,40.3029535819181,263.47031415605176,54.77448276230414,11,1.1,0.4920568113308428,5,D_pmar=0.054_dist=100_repair_6_males=4_nmar=3,FG_theta_2.5,69,10,2.5,4,3
0,11,100,100,36.45160459643268,286.9837071625126,36.73521568658579,0,0,0,5,D_pmar=0.054_dist=100_repair_6_males=4_nmar=3,FG_theta_2.5,96,11,2.5,4,3
0,7,0,0,40.49051191261832,233.78019875755,85.85539358970638,0,0,0,6,D_pmar=0.054_dist=100_repair_6_males=4_nmar=3,FG_theta_2.5,98,12,2.5,4,3
0.054,9,0,100,38.124940840551574,271.79335867337295,48.79751603796055,12,1.2,0.3504559481936807,6,D_pmar=0.054_dist=100_repair_6_males=4_nmar=3,FG_theta_2.5,57,12,2.5,4,3
0.054,14,100,0,38.20334351816823,283.42407268155785,36.567387144183215,13,1.3,0.6048694611833758,6,D_pmar=0.054_dist=100_repair_6_males=4_nmar=3,FG_theta_2.5,48,18,2.5,4,3
0.054,6,100,100,39.03430937156574,280.66370581022414,38.93641880439125,10,1,0.3981481481481486,6,D_pmar=0.054_dist=100_repair_6_males=4_nmar=3,FG_theta_2.5,50,8,2.5,4,3
0,10,0,0,39.351489259883216,259.32427190309664,61.357141064460606,0,0,0,7,D_pmar=0.054_dist=100_repair_6_males=4_nmar=3,FG_theta_2.5,104,13,2.5,4,3
0.054,7,0,100,38.1294367966796,265.66694951158576,54.77939384951689,9,0.8999999999999999,0.5786803211394296,7,D_pmar=0.054_dist=100_repair_6_males=4_nmar=3,FG_theta_2.5,63,7,2.5,4,3
0.054,11,100,0,42.095122494048645,281.61448714173986,35.17289443309716,9,0.8999999999999999,0.4398148148148154,7,D_pmar=0.054_dist=100_repair_6_males=4_nmar=3,FG_theta_2.5,55,12,2.5,4,3
0.054,8,100,100,38.916682373508294,288.7436730128715,30.627356937301553,12,1.2,0.5208216420511967,7,D_pmar=0.054_dist=100_repair_6_males=4_nmar=3,FG_theta_2.5,67,9,2.5,4,3
0.054,8,0,0,38.8690466507561,282.15621022227947,37.422192032555685,11,1.1,0.5594473168220654,8,D_pmar=0.054_dist=100_repair_6_males=4_nmar=3,FG_theta_2.5,51,13,2.5,4,3
0,7,0,100,40.36895374419166,263.73798008898825,56.05823690996632,0,0,0,8,D_pmar=0.054_dist=100_repair_6_males=4_nmar=3,FG_theta_2.5,105,9,2.5,4,3
0.054,10,100,0,38.79471441959067,276.60448942172934,43.03134125975021,11,1.1,0.4820032332046677,8,D_pmar=0.054_dist=100_repair_6_males=4_nmar=3,FG_theta_2.5,70,12,2.5,4,3
0.054,11,100,100,37.75807662779576,259.80731579026144,60.975186145293094,12,1.2,0.5177806501553985,8,D_pmar=0.054_dist=100_repair_6_males=4_nmar=3,FG_theta_2.5,76,12,2.5,4,3
0.054,11,0,0,38.91059285039466,265.41587989815383,54.74616295002195,7,0.7,0.4347763344695903,9,D_pmar=0.054_dist=100_repair_6_males=4_nmar=3,FG_theta_2.5,67,14,2.5,4,3
0.054,5,0,100,39.115711048593795,270.3428152888016,49.16376209703479,9,0.8999999999999999,0.48148148148148223,9,D_pmar=0.054_dist=100_repair_6_males=4_nmar=3,FG_theta_2.5,61,9,2.5,4,3
0.054,9,100,0,34.73779565461398,292.6969020918411,30.573496432853123,14,1.4,0.6007051327731366,9,D_pmar=0.054_dist=100_repair_6_males=4_nmar=3,FG_theta_2.5,75,11,2.5,4,3
0,11,100,100,39.66888427529937,271.4852497168419,48.89106479879139,0,0,0,9,D_pmar=0.054_dist=100_repair_6_males=4_nmar=3,FG_theta_2.5,82,12,2.5,4,3
0.054,14,0,0,38.81528533994117,319.7204633827616,0,10,1,0.5313969719005571,100,D_pmar=0.054_dist=100_repair_6_males=4_nmar=3,FG_theta_2.5,54,15,2.5,4,3
0,8,0,100,38.55379050333651,278.63729180299526,42.850424823730506,0,0,0,100,D_pmar=0.054_dist=100_repair_6_males=4_nmar=3,FG_theta_2.5,91,10,2.5,4,3
0.054,8,100,0,41.42011882527898,269.2657756433818,48.76236915506465,4,0.4,0.3611111111111113,100,D_pmar=0.054_dist=100_repair_6_males=4_nmar=3,FG_theta_2.5,66,10,2.5,4,3
0.054,6,100,100,38.80215471377589,295.67672183179536,24.587301152650294,5,0.5,0.4888795358631797,100,D_pmar=0.054_dist=100_repair_6_males=4_nmar=3,FG_theta_2.5,53,9,2.5,4,3
0.054,12,0,0,38.97506560150307,276.86878966413144,42.88077867691027,8,0.7999999999999999,0.5205490749074664,101,D_pmar=0.054_dist=100_repair_6_males=4_nmar=3,FG_theta_2.5,65,14,2.5,4,3
0.054,9,0,100,39.52416627197932,287.0461160985346,32.10673664727941,9,0.8999999999999999,0.4675925925925933,101,D_pmar=0.054_dist=100_repair_6_males=4_nmar=3,FG_theta_2.5,64,12,2.5,4,3
0.054,9,100,0,39.85127076177399,294.25670360867565,24.48910475758395,9,0.8999999999999999,0.5270399094146578,101,D_pmar=0.054_dist=100_repair_6_males=4_nmar=3,FG_theta_2.5,46,10,2.5,4,3
0,6,100,100,39.99405871436456,265.22552115583335,54.871297865351494,0,0,0,101,D_pmar=0.054_dist=100_repair_6_males=4_nmar=3,FG_theta_2.5,115,11,2.5,4,3
0.054,8,0,0,35.357200152465765,299.0208681736058,24.578188855406115,7,0.7,0.5644059640992204,102,D_pmar=0.054_dist=100_repair_6_males=4_nmar=3,FG_theta_2.5,75,12,2.5,4,3
0,11,0,100,39.01239433181351,278.1352579829608,42.85699854185861,0,0,0,102,D_pmar=0.054_dist=100_repair_6_males=4_nmar=3,FG_theta_2.5,102,13,2.5,4,3
0.054,9,100,0,38.229337271120365,283.41450725538226,37.038897066497825,9,0.8999999999999999,0.5613649722034223,102,D_pmar=0.054_dist=100_repair_6_males=4_nmar=3,FG_theta_2.5,73,11,2.5,4,3
0.054,8,100,100,37.44817944846984,272.2624792705771,48.89545953857038,9,0.8999999999999999,0.5046296296296304,102,D_pmar=0.054_dist=100_repair_6_males=4_nmar=3,FG_theta_2.5,74,11,2.5,4,3
0,8,0,0,39.102725734022854,272.0231135915246,48.930597590452166,0,0,0,103,D_pmar=0.054_dist=100_repair_6_males=4_nmar=3,FG_theta_2.5,85,12,2.5,4,3
0.054,9,0,100,39.13656349122542,271.1970909279111,48.492713079384856,8,0.7999999999999999,0.4456242314626812,103,D_pmar=0.054_dist=100_repair_6_males=4_nmar=3,FG_theta_2.5,77,11,2.5,4,3
0.054,11,100,0,39.46216891184355,276.18687106977956,43.17169819802759,8,0.7999999999999999,0.5007144857988465,103,D_pmar=0.054_dist=100_repair_6_males=4_nmar=3,FG_theta_2.5,69,15,2.5,4,3
0.054,8,100,100,39.66549792183234,294.5049198270427,24.19337654871773,11,1.1,0.5436407725518194,103,D_pmar=0.054_dist=100_repair_6_males=4_nmar=3,FG_theta_2.5,49,10,2.5,4,3
0.054,11,0,0,38.41382033682619,295.8717938215908,24.38268927208568,9,0.8999999999999999,0.4575954649702133,104,D_pmar=0.054_dist=100_repair_6_males=4_nmar=3,FG_theta_2.5,63,12,2.5,4,3
0,13,0,100,38.46780991650411,285.01048083350673,36.566788491150795,0,0,0,104,D_pmar=0.054_dist=100_repair_6_males=4_nmar=3,FG_theta_2.5,77,16,2.5,4,3
0.054,6,100,0,38.68780813153954,277.82276559916795,42.496586231094746,6,0.6,0.47340200924045894,104,D_pmar=0.054_dist=100_repair_6_males=4_nmar=3,FG_theta_2.5,64,10,2.5,4,3
0.054,6,100,100,39.78089339151723,276.5676104697825,42.41953376878435,9,0.8999999999999999,0.4599784215709607,104,D_pmar=0.054_dist=100_repair_6_males=4_nmar=3,FG_theta_2.5,60,8,2.5,4,3
0,12,0,0,38.37814870839181,278.95195342921943,42.69429965100131,0,0,0,105,D_pmar=0.054_dist=100_repair_6_males=4_nmar=3,FG_theta_2.5,100,18,2.5,4,3
0.054,8,0,100,39.91249788574321,293.5177757789825,24.52295051421881,16,1.6000000000000003,0.5687065760813246,105,D_pmar=0.054_dist=100_repair_6_males=4_nmar=3,FG_theta_2.5,57,10,2.5,4,3
0.054,7,100,0,39.38029201213296,282.9765305368807,36.83426860200636,5,0.5,0.4689651136864896,105,D_pmar=0.054_dist=100_repair_6_males=4_nmar=3,FG_theta_2.5,59,9,2.5,4,3
0.054,9,100,100,38.42589478220432,259.71695763794787,60.82405911725951,6,0.6,0.4749906469742908,105,D_pmar=0.054_dist=100_repair_6_males=4_nmar=3,FG_theta_2.5,66,12,2.5,4,3
0,10,0,0,39.208413754852394,241.55218582467964,79.30219035346464,0,0,0,106,D_pmar=0.054_dist=100_repair_6_males=4_nmar=3,FG_theta_2.5,106,16,2.5,4,3
0.054,11,0,100,40.11747470215503,275.4662677426393,42.90215416356765,12,1.2,0.42644767764911207,106,D_pmar=0.054_dist=100_repair_6_males=4_nmar=3,FG_theta_2.5,70,19,2.5,4,3
0.054,7,100,0,37.74626987277266,271.7277055047134,48.96532900072946,10,1,0.5913894230100825,106,D_pmar=0.054_dist=100_repair_6_males=4_nmar=3,FG_theta_2.5,50,10,2.5,4,3
0.054,8,100,100,38.76070638367937,294.33264872275487,25.4237762005746,11,1.1,0.5190967207455,106,D_pmar=0.054_dist=100_repair_6_males=4_nmar=3,FG_theta_2.5,60,11,2.5,4,3
0,10,0,0,37.97811211121542,291.5241698254473,30.592335239422457,0,0,0,107,D_pmar=0.054_dist=100_repair_6_males=4_nmar=3,FG_theta_2.5,89,11,2.5,4,3
0.054,9,0,100,36.46098387631548,297.19703019727,24.196882745495756,16,1.6000000000000003,0.616976978262773,107,D_pmar=0.054_dist=100_repair_6_males=4_nmar=3,FG_theta_2.5,55,9,2.5,4,3
0.054,10,100,0,39.03427685279844,252.56595490923112,67.33993294137261,7,0.7,0.46877237961082946,107,D_pmar=0.054_dist=100_repair_6_males=4_nmar=3,FG_theta_2.5,67,14,2.5,4,3
0.054,7,100,100,38.105308081745555,254.10195775038125,66.70861088218736,8,0.7999999999999999,0.4027777777777782,107,D_pmar=0.054_dist=100_repair_6_males=4_nmar=3,FG_theta_2.5,72,8,2.5,4,3
0.054,12,0,0,39.7610614970476,288.27255551096266,30.66205228442654,9,0.8999999999999999,0.5423811524655132,108,D_pmar=0.054_dist=100_repair_6_males=4_nmar=3,FG_theta_2.5,58,15,2.5,4,3
0.054,10,0,100,40.23343515953744,288.6687388222788,30.2688691705359,5,0.5,0.4171884183898528,108,D_pmar=0.054_dist=100_repair_6_males=4_nmar=3,FG_theta_2.5,62,15,2.5,4,3
0.054,4,100,0,38.10614089702185,284.22071348785346,36.47637320462225,8,0.7999999999999999,0.4984678127699642,108,D_pmar=0.054_dist=100_repair_6_males=4_nmar=3,FG_theta_2.5,73,9,2.5,4,3
0,10,100,100,38.761023861157845,288.9959361355049,32.370165577163355,0,0,0,108,D_pmar=0.054_dist=100_repair_6_males=4_nmar=3,FG_theta_2.5,83,13,2.5,4,3
0,8,0,0,37.635728399810965,279.4750383915834,42.98714562818417,0,0,0,109,D_pmar=0.054_dist=100_repair_6_males=4_nmar=3,FG_theta_2.5,107,12,2.5,4,3
0.054,8,0,100,40.70558415784295,263.45725049236927,54.74393986350903,8,0.7999999999999999,0.4657313877150315,109,D_pmar=0.054_dist=100_repair_6_males=4_nmar=3,FG_theta_2.5,73,9,2.5,4,3
0.054,11,100,0,41.28196045694519,274.9078140438828,42.763382135131486,6,0.6,0.5682412748619342,109,D_pmar=0.054_dist=100_repair_6_males=4_nmar=3,FG_theta_2.5,75,14,2.5,4,3
0.054,9,100,100,37.93413838668123,295.7819785139828,24.37916232177283,13,1.3,0.6526979447097089,109,D_pmar=0.054_dist=100_repair_6_males=4_nmar=3,FG_theta_2.5,65,9,2.5,4,3
0.054,10,0,0,39.18984968773084,282.90173205482853,36.574804839653375,8,0.7999999999999999,0.5343815132925602,10,D_pmar=0.054_dist=100_repair_6_males=4_nmar=3,FG_theta_2.5,62,14,2.5,4,3
0,8,0,100,39.85210384624927,277.1970680317143,43.13961365344642,0,0,0,10,D_pmar=0.054_dist=100_repair_6_males=4_nmar=3,FG_theta_2.5,94,11,2.5,4,3
0.054,10,100,0,37.05494605874856,255.35429704842997,66.58209831044485,7,0.7,0.4325296614407081,10,D_pmar=0.054_dist=100_repair_6_males=4_nmar=3,FG_theta_2.5,78,14,2.5,4,3
0.054,8,100,100,38.43097895048472,301.83092273186173,18.282865808453263,12,1.2,0.5277777777777787,10,D_pmar=0.054_dist=100_repair_6_males=4_nmar=3,FG_theta_2.5,64,9,2.5,4,3
0.054,10,0,0,39.67771591456827,287.88405557563937,30.66010674466664,13,1.3,0.48887953586317967,110,D_pmar=0.054_dist=100_repair_6_males=4_nmar=3,FG_theta_2.5,56,14,2.5,4,3
0.054,9,0,100,38.58132689730446,277.3511825676623,43.07854065176166,6,0.6,0.44450089494824,110,D_pmar=0.054_dist=100_repair_6_males=4_nmar=3,FG_theta_2.5,56,13,2.5,4,3
0,10,100,0,38.07628800266278,267.5575993208826,54.48682611310812,0,0,0,110,D_pmar=0.054_dist=100_repair_6_males=4_nmar=3,FG_theta_2.5,94,16,2.5,4,3
0.054,7,100,100,38.28434226782767,283.6733118225361,36.89662989126717,8,0.7999999999999999,0.41666666666666713,110,D_pmar=0.054_dist=100_repair_6_males=4_nmar=3,FG_theta_2.5,62,11,2.5,4,3
0.054,9,0,0,38.24124495524936,301.61927950035283,18.396269582734604,14,1.4,0.5731999221390892,111,D_pmar=0.054_dist=100_repair_6_males=4_nmar=3,FG_theta_2.5,66,9,2.5,4,3
0.054,10,0,100,39.58529124225277,282.9319301059611,36.45460535166844,7,0.7,0.458333333333334,111,D_pmar=0.054_dist=100_repair_6_males=4_nmar=3,FG_theta_2.5,62,10,2.5,4,3
0.054,5,100,0,39.07668296277925,265.65754910261296,54.65569267395407,4,0.4,0.46110175808540177,111,D_pmar=0.054_dist=100_repair_6_males=4_nmar=3,FG_theta_2.5,67,6,2.5,4,3
0,12,100,100,39.89833059463852,277.47500480170794,42.64845343196187,0,0,0,111,D_pmar=0.054_dist=100_repair_6_males=4_nmar=3,FG_theta_2.5,98,15,2.5,4,3
0.054,11,0,0,39.124229163244664,273.6003747370379,46.12107312031374,8,0.7999999999999999,0.5046860801334253,112,D_pmar=0.054_dist=100_repair_6_males=4_nmar=3,FG_theta_2.5,48,12,2.5,4,3
0.054,6,0,100,39.16807425972274,276.1662934243036,43.37577453538378,8,0.7999999999999999,0.5513113940772473,112,D_pmar=0.054_dist=100_repair_6_males=4_nmar=3,FG_theta_2.5,72,8,2.5,4,3
0,13,100,0,39.083375903655906,294.8263400587338,26.14955318860947,0,0,0,112,D_pmar=0.054_dist=100_repair_6_males=4_nmar=3,FG_theta_2.5,92,16,2.5,4,3
0.054,6,100,100,39.35398446679466,301.3839160575686,18.30567752827674,7,0.7,0.3611111111111113,112,D_pmar=0.054_dist=100_repair_6_males=4_nmar=3,FG_theta_2.5,68,9,2.5,4,3
0.054,7,0,0,38.67574864088565,264.7956185693027,55.235578443345474,7,0.7,0.5976641408773387,113,D_pmar=0.054_dist=100_repair_6_males=4_nmar=3,FG_theta_2.5,55,10,2.5,4,3
0,7,0,100,38.23774104469471,278.9176097100158,42.880369620491834,0,0,0,113,D_pmar=0.054_dist=100_repair_6_males=4_nmar=3,FG_theta_2.5,91,9,2.5,4,3
0.054,7,100,0,39.88935288891455,294.23355507864085,24.58822847523605,8,0.7999999999999999,0.5185749690223145,113,D_pmar=0.054_dist=100_repair_6_males=4_nmar=3,FG_theta_2.5,59,8,2.5,4,3
0.054,15,100,100,39.35677837764622,289.1050361472155,30.417417787651257,10,1,0.3703703703703706,113,D_pmar=0.054_dist=100_repair_6_males=4_nmar=3,FG_theta_2.5,78,16,2.5,4,3
0.054,10,0,0,39.2972398522311,288.41086466057357,30.83819373318303,9,0.8999999999999999,0.6064580989172075,114,D_pmar=0.054_dist=100_repair_6_males=4_nmar=3,FG_theta_2.5,64,12,2.5,4,3
0,9,0,100,37.659053413009495,267.40887019825306,55.01880430615647,0,0,0,114,D_pmar=0.054_dist=100_repair_6_males=4_nmar=3,FG_theta_2.5,101,12,2.5,4,3
0.054,9,100,0,39.495266725096954,282.5801395375951,36.65711873590758,9,0.8999999999999999,0.5597763344695909,114,D_pmar=0.054_dist=100_repair_6_males=4_nmar=3,FG_theta_2.5,68,13,2.5,4,3
0.054,8,100,100,39.29775979217904,273.21140014938135,46.089309574997486,10,1,0.5027684247520685,114,D_pmar=0.054_dist=100_repair_6_males=4_nmar=3,FG_theta_2.5,72,14,2.5,4,3
0,11,0,0,37.93888095704532,267.168049828956,54.92864480396313,0,0,0,115,D_pmar=0.054_dist=100_repair_6_males=4_nmar=3,FG_theta_2.5,102,11,2.5,4,3
0.054,10,0,100,40.53622768042012,281.4694987271981,36.35887853740564,12,1.2,0.5189039866698397,115,D_pmar=0.054_dist=100_repair_6_males=4_nmar=3,FG_theta_2.5,49,11,2.5,4,3
0.054,5,100,0,41.92059656316032,280.3760976037579,36.52365346124729,8,0.7999999999999999,0.5202200572599409,115,D_pmar=0.054_dist=100_repair_6_males=4_nmar=3,FG_theta_2.5,64,5,2.5,4,3
0.054,10,100,100,38.21329389594526,277.5203107404104,43.202757023726406,8,0.7999999999999999,0.48808521699626384,115,D_pmar=0.054_dist=100_repair_6_males=4_nmar=3,FG_theta_2.5,66,11,2.5,4,3
0.054,12,0,0,40.91108504653856,281.52523791944066,36.26090105340364,9,0.8999999999999999,0.45951312035157016,116,D_pmar=0.054_dist=100_repair_6_males=4_nmar=3,FG_theta_2.5,76,13,2.5,4,3
0.054,10,0,100,39.20713217669055,298.4225877539176,21.296912388003214,6,0.6,0.5736652233584797,116,D_pmar=0.054_dist=100_repair_6_males=4_nmar=3,FG_theta_2.5,74,12,2.5,4,3
0.054,7,100,0,39.44860273410801,289.08445743953877,30.44006770332195,7,0.7,0.5695008949482405,116,D_pmar=0.054_dist=100_repair_6_males=4_nmar=3,FG_theta_2.5,69,9,2.5,4,3
0,7,100,100,38.3794967363487,280.62804956814637,41.04056180835992,0,0,0,116,D_pmar=0.054_dist=100_repair_6_males=4_nmar=3,FG_theta_2.5,87,9,2.5,4,3
0.054,14,0,0,37.48613843681257,296.60319460750304,24.58994493923863,10,1,0.5232045986519441,117,D_pmar=0.054_dist=100_repair_6_males=4_nmar=3,FG_theta_2.5,71,15,2.5,4,3
0.054,6,0,100,40.71255641110582,275.79461366281276,42.689227508550616,5,0.5,0.46764904309638833,117,D_pmar=0.054_dist=100_repair_6_males=4_nmar=3,FG_theta_2.5,65,10,2.5,4,3
0.054,8,100,0,38.66509930377264,289.464871952346,30.51656890437176,10,1,0.472222222222223,117,D_pmar=0.054_dist=100_repair_6_males=4_nmar=3,FG_theta_2.5,62,11,2.5,4,3
0,8,100,100,36.86997365876069,271.5249493681619,51.78630664598384,0,0,0,117,D_pmar=0.054_dist=100_repair_6_males=4_nmar=3,FG_theta_2.5,94,9,2.5,4,3
0.054,11,0,0,39.856819398378455,294.6691534118244,24.394773452137432,8,0.7999999999999999,0.576898949329938,118,D_pmar=0.054_dist=100_repair_6_males=4_nmar=3,FG_theta_2.5,52,13,2.5,4,3
0.054,7,0,100,37.68533462361354,290.73756266334743,30.280263250920253,9,0.8999999999999999,0.4675925925925933,118,D_pmar=0.054_dist=100_repair_6_males=4_nmar=3,FG_theta_2.5,78,10,2.5,4,3
0,9,100,0,39.94881923053051,253.05679759631985,67.00406640346824,0,0,0,118,D_pmar=0.054_dist=100_repair_6_males=4_nmar=3,FG_theta_2.5,89,12,2.5,4,3
0.054,9,100,100,38.42049256026275,283.68893452019546,36.55771321920336,9,0.8999999999999999,0.4634847146861492,118,D_pmar=0.054_dist=100_repair_6_males=4_nmar=3,FG_theta_2.5,74,13,2.5,4,3
0.054,12,0,0,40.199448605452005,288.50259046209317,30.65927931503947,3,0.30000000000000004,0.4305555555555561,119,D_pmar=0.054_dist=100_repair_6_males=4_nmar=3,FG_theta_2.5,71,12,2.5,4,3
0.054,9,0,100,39.425084260497,288.6515710610749,30.62453940188612,7,0.7,0.639988842839056,119,D_pmar=0.054_dist=100_repair_6_males=4_nmar=3,FG_theta_2.5,66,12,2.5,4,3
0.054,5,100,0,37.40985315442805,302.40926534936636,18.324062374024457,13,1.3,0.6183728819209445,119,D_pmar=0.054_dist=100_repair_6_males=4_nmar=3,FG_theta_2.5,67,8,2.5,4,3
0,10,100,100,40.22860628531928,260.01985580642975,59.77410943823452,0,0,0,119,D_pmar=0.054_dist=100_repair_6_males=4_nmar=3,FG_theta_2.5,114,11,2.5,4,3
0.054,3,0,0,41.765499149207145,256.3110465743093,61.39522317556367,3,0.30000000000000004,0.37089212209355626,11,D_pmar=0.054_dist=100_repair_6_males=4_nmar=3,FG_theta_2.5,78,9,2.5,4,3
0.054,18,0,100,40.998713895340494,286.616615344785,30.800320739180187,12,1.2,0.5054803990003411,11,D_pmar=0.054_dist=100_repair_6_males=4_nmar=3,FG_theta_2.5,52,19,2.5,4,3
0.054,5,100,0,40.17599000861979,281.5362904416595,36.42634267671733,15,1.5000000000000002,0.4212962962962968,11,D_pmar=0.054_dist=100_repair_6_males=4_nmar=3,FG_theta_2.5,53,9,2.5,4,3
0,10,100,100,37.9856158419729,266.92534770200564,55.14346481368773,0,0,0,11,D_pmar=0.054_dist=100_repair_6_males=4_nmar=3,FG_theta_2.5,77,14,2.5,4,3
0,9,0,0,42.01405857107485,269.1102320792611,48.87787971652825,0,0,0,120,D_pmar=0.054_dist=100_repair_6_males=4_nmar=3,FG_theta_2.5,93,11,2.5,4,3
0.054,9,0,100,42.08767430261467,280.1680097421785,36.6796577143581,8,0.7999999999999999,0.42485903991528046,120,D_pmar=0.054_dist=100_repair_6_males=4_nmar=3,FG_theta_2.5,62,11,2.5,4,3
0.054,11,100,0,40.53425021833843,299.68536340843474,18.20401924789569,12,1.2,0.5733926562147491,120,D_pmar=0.054_dist=100_repair_6_males=4_nmar=3,FG_theta_2.5,58,14,2.5,4,3
0.054,7,100,100,37.79308910017204,277.65720839604484,43.62596382813759,5,0.5,0.4398148148148154,120,D_pmar=0.054_dist=100_repair_6_males=4_nmar=3,FG_theta_2.5,62,11,2.5,4,3
0,7,0,0,39.240649544739675,263.64714079247636,57.15794472135349,0,0,0,121,D_pmar=0.054_dist=100_repair_6_males=4_nmar=3,FG_theta_2.5,94,10,2.5,4,3
0.054,5,0,100,38.33254105045252,273.3996009846576,47.26072282343629,6,0.6,0.4352416356889808,121,D_pmar=0.054_dist=100_repair_6_males=4_nmar=3,FG_theta_2.5,60,8,2.5,4,3
0.054,9,100,0,39.2470857968119,283.0253775691324,36.500918047406174,10,1,0.5185185185185194,121,D_pmar=0.054_dist=100_repair_6_males=4_nmar=3,FG_theta_2.5,67,11,2.5,4,3
0.054,15,100,100,37.298312882634136,296.4067044947033,24.54977679360824,12,1.2,0.5930345112477089,121,D_pmar=0.054_dist=100_repair_6_males=4_nmar=3,FG_theta_2.5,75,16,2.5,4,3
0.054,15,0,0,40.02730268125625,275.4602437737581,42.73009685776553,14,1.4,0.5551467048399611,122,D_pmar=0.054_dist=100_repair_6_males=4_nmar=3,FG_theta_2.5,60,18,2.5,4,3
0.054,2,0,100,38.41382803636043,271.55860469298614,48.72730181784057,10,1,0.4826612684997183,122,D_pmar=0.054_dist=100_repair_6_males=4_nmar=3,FG_theta_2.5,60,3,2.5,4,3
0,10,100,0,39.75315727848132,244.932998735882,75.48455460113858,0,0,0,122,D_pmar=0.054_dist=100_repair_6_males=4_nmar=3,FG_theta_2.5,101,15,2.5,4,3
0.054,9,100,100,39.24801721659843,264.4778267112989,54.55707393952194,13,1.3,0.5134800381732944,122,D_pmar=0.054_dist=100_repair_6_males=4_nmar=3,FG_theta_2.5,71,11,2.5,4,3
0.054,11,0,0,40.43435381214927,268.7011138402506,48.797446518090105,15,1.5000000000000002,0.6511657574796722,123,D_pmar=0.054_dist=100_repair_6_males=4_nmar=3,FG_theta_2.5,70,11,2.5,4,3
0.054,11,0,100,39.33532798010174,294.4041492947206,24.43777786291262,13,1.3,0.6685044889799548,123,D_pmar=0.054_dist=100_repair_6_males=4_nmar=3,FG_theta_2.5,57,15,2.5,4,3
0.054,9,100,0,38.77351822194775,240.85036090947284,79.48792428117919,8,0.7999999999999999,0.4101758321594758,123,D_pmar=0.054_dist=100_repair_6_males=4_nmar=3,FG_theta_2.5,86,12,2.5,4,3
0,5,100,100,40.333916396690704,252.477321492903,67.42096826464181,0,0,0,123,D_pmar=0.054_dist=100_repair_6_males=4_nmar=3,FG_theta_2.5,101,9,2.5,4,3
0.054,5,0,0,38.857415682749014,289.2035610157838,30.56326388006515,9,0.8999999999999999,0.542052134817988,124,D_pmar=0.054_dist=100_repair_6_males=4_nmar=3,FG_theta_2.5,58,6,2.5,4,3
0.054,8,0,100,40.369352672378,263.86769365650633,55.00715691263304,5,0.5,0.4120370370370375,124,D_pmar=0.054_dist=100_repair_6_males=4_nmar=3,FG_theta_2.5,75,10,2.5,4,3
0.054,13,100,0,38.33755170257053,301.7027119115661,18.58776547603311,9,0.8999999999999999,0.49972743285627047,124,D_pmar=0.054_dist=100_repair_6_males=4_nmar=3,FG_theta_2.5,63,13,2.5,4,3
0,10,100,100,39.97248937142731,283.6171218536133,36.45096740624406,0,0,0,124,D_pmar=0.054_dist=100_repair_6_males=4_nmar=3,FG_theta_2.5,94,12,2.5,4,3
0,8,0,0,40.30813908731936,307.5531190226616,12.370098390433869,0,0,0,125,D_pmar=0.054_dist=100_repair_6_males=4_nmar=3,FG_theta_2.5,86,13,2.5,4,3
0.054,13,0,100,37.976776922105046,302.1093713870375,18.265067329063672,11,1.1,0.5721330361284431,125,D_pmar=0.054_dist=100_repair_6_males=4_nmar=3,FG_theta_2.5,54,15,2.5,4,3
0.054,7,100,0,39.463676243163214,264.6410477396485,54.99369690032305,5,0.5,0.4460895326820718,125,D_pmar=0.054_dist=100_repair_6_males=4_nmar=3,FG_theta_2.5,57,10,2.5,4,3
0.054,8,100,100,41.184684640128395,263.41302279424417,54.509127475479175,7,0.7,0.4259823764297214,125,D_pmar=0.054_dist=100_repair_6_males=4_nmar=3,FG_theta_2.5,64,13,2.5,4,3
0.054,10,0,0,40.868625178832914,268.64392604410625,48.794899456483456,12,1.2,0.5289575647960147,126,D_pmar=0.054_dist=100_repair_6_males=4_nmar=3,FG_theta_2.5,66,11,2.5,4,3
0,11,0,100,39.17959879468428,229.2372490412178,91.6426817444556,0,0,0,126,D_pmar=0.054_dist=100_repair_6_males=4_nmar=3,FG_theta_2.5,112,15,2.5,4,3
0.054,9,100,0,39.5851331026034,284.51520015700953,34.597059364500964,8,0.7999999999999999,0.5316695390442874,126,D_pmar=0.054_dist=100_repair_6_males=4_nmar=3,FG_theta_2.5,64,10,2.5,4,3
0.054,6,100,100,37.12629468544013,284.3042764578533,36.75087389105064,15,1.5000000000000002,0.5949521666290659,126,D_pmar=0.054_dist=100_repair_6_males=4_nmar=3,FG_theta_2.5,63,8,2.5,4,3
0.054,14,0,0,36.77909045508836,303.7401441759641,18.06433165416315,9,0.8999999999999999,0.5308752201773717,127,D_pmar=0.054_dist=100_repair_6_males=4_nmar=3,FG_theta_2.5,66,15,2.5,4,3
0.054,4,0,100,40.07324895526383,263.6330250555547,54.926742573621745,11,1.1,0.4490740740740747,127,D_pmar=0.054_dist=100_repair_6_males=4_nmar=3,FG_theta_2.5,78,6,2.5,4,3
0,7,100,0,40.20936893376594,271.1591212615543,48.66693148402255,0,0,0,127,D_pmar=0.054_dist=100_repair_6_males=4_nmar=3,FG_theta_2.5,94,9,2.5,4,3
0.054,11,100,100,40.19657454660482,288.1323473074547,30.695546546361165,5,0.5,0.5553394389156212,127,D_pmar=0.054_dist=100_repair_6_males=4_nmar=3,FG_theta_2.5,58,11,2.5,4,3
0.054,4,0,0,39.318134920261656,284.8783305826187,35.021329879951786,6,0.6,0.4248590399152805,128,D_pmar=0.054_dist=100_repair_6_males=4_nmar=3,FG_theta_2.5,70,7,2.5,4,3
0.054,13,0,100,41.132675689183294,275.54705793784166,42.74065732238424,2,0.2,0.4027777777777782,128,D_pmar=0.054_dist=100_repair_6_males=4_nmar=3,FG_theta_2.5,61,17,2.5,4,3
0,8,100,0,39.74644247740208,277.9273158683835,42.36230727870073,0,0,0,128,D_pmar=0.054_dist=100_repair_6_males=4_nmar=3,FG_theta_2.5,82,10,2.5,4,3
0.054,11,100,100,37.75340172511548,301.6845706926243,18.44504330879203,15,1.5000000000000002,0.6276885916839987,128,D_pmar=0.054_dist=100_repair_6_males=4_nmar=3,FG_theta_2.5,62,13,2.5,4,3
0,11,0,0,39.57329668094961,257.8705656777098,62.696741454992114,0,0,0,129,D_pmar=0.054_dist=100_repair_6_males=4_nmar=3,FG_theta_2.5,94,12,2.5,4,3
0.054,10,0,100,39.210038687597326,295.26896894779406,24.298278105648016,8,0.7999999999999999,0.4954268208741661,129,D_pmar=0.054_dist=100_repair_6_males=4_nmar=3,FG_theta_2.5,61,12,2.5,4,3
0.054,7,100,0,38.46014863511998,277.2946838855048,42.814293130353015,10,1,0.5967335384385575,129,D_pmar=0.054_dist=100_repair_6_males=4_nmar=3,FG_theta_2.5,55,8,2.5,4,3
0.054,8,100,100,37.9680841383265,283.7074831805327,37.04889141730562,10,1,0.365740740740741,129,D_pmar=0.054_dist=100_repair_6_males=4_nmar=3,FG_theta_2.5,61,11,2.5,4,3
0.054,10,0,0,40.82543567165642,286.83208889492454,30.55433001749126,14,1.4,0.4804145954708361,12,D_pmar=0.054_dist=100_repair_6_males=4_nmar=3,FG_theta_2.5,68,10,2.5,4,3
0.054,7,0,100,37.92359754711457,278.7161209897275,42.4687017644949,6,0.6,0.5682412748619341,12,D_pmar=0.054_dist=100_repair_6_males=4_nmar=3,FG_theta_2.5,64,10,2.5,4,3
0.054,16,100,0,39.1014911553885,275.33346948174915,44.29012741254768,9,0.8999999999999999,0.5101664791337658,12,D_pmar=0.054_dist=100_repair_6_males=4_nmar=3,FG_theta_2.5,64,17,2.5,4,3
0,3,100,100,40.04720400383021,265.24335717527373,54.73094952767809,0,0,0,12,D_pmar=0.054_dist=100_repair_6_males=4_nmar=3,FG_theta_2.5,91,4,2.5,4,3
0.054,6,0,0,40.51639216192611,275.6419956569026,43.00633022360775,5,0.5,0.3897396582596002,130,D_pmar=0.054_dist=100_repair_6_males=4_nmar=3,FG_theta_2.5,70,12,2.5,4,3
0.054,9,0,100,39.9110602106485,300.5449002633018,18.15658160464272,9,0.8999999999999999,0.5270399094146578,130,D_pmar=0.054_dist=100_repair_6_males=4_nmar=3,FG_theta_2.5,51,13,2.5,4,3
0.054,11,100,0,39.952704564640435,288.16574843448956,30.783210943095888,8,0.7999999999999999,0.45567780958885634,130,D_pmar=0.054_dist=100_repair_6_males=4_nmar=3,FG_theta_2.5,56,13,2.5,4,3
0,10,100,100,35.897740989852885,281.4807494809263,42.70767993655069,0,0,0,130,D_pmar=0.054_dist=100_repair_6_males=4_nmar=3,FG_theta_2.5,83,11,2.5,4,3
0.054,7,0,0,40.37730820477673,279.6602356361012,38.51635265248048,10,1,0.472222222222223,131,D_pmar=0.054_dist=100_repair_6_males=4_nmar=3,FG_theta_2.5,69,9,2.5,4,3
0.054,6,0,100,39.09294043394758,276.9614989565103,42.45584877664365,12,1.2,0.42757101416355303,131,D_pmar=0.054_dist=100_repair_6_males=4_nmar=3,FG_theta_2.5,66,8,2.5,4,3
0,12,100,0,40.10401874687109,265.26713333829207,54.69803083840804,0,0,0,131,D_pmar=0.054_dist=100_repair_6_males=4_nmar=3,FG_theta_2.5,103,13,2.5,4,3
0.054,11,100,100,40.130189512779445,294.6699105001527,24.26860557764642,5,0.5,0.5813358448839075,131,D_pmar=0.054_dist=100_repair_6_males=4_nmar=3,FG_theta_2.5,55,14,2.5,4,3
0.054,11,0,0,39.69436647872162,288.82247943622605,30.296729203408145,7,0.7,0.5462962962962973,132,D_pmar=0.054_dist=100_repair_6_males=4_nmar=3,FG_theta_2.5,61,12,2.5,4,3
0.054,5,0,100,37.811229465087656,302.92323675245484,18.332987448706344,6,0.6,0.6141287204426351,132,D_pmar=0.054_dist=100_repair_6_males=4_nmar=3,FG_theta_2.5,62,8,2.5,4,3
0.054,9,100,0,38.92058764899059,295.9489655376972,24.222845004599986,7,0.7,0.4618960769523175,132,D_pmar=0.054_dist=100_repair_6_males=4_nmar=3,FG_theta_2.5,86,10,2.5,4,3
0,11,100,100,40.48137474214795,273.00826768020323,46.518185508664445,0,0,0,132,D_pmar=0.054_dist=100_repair_6_males=4_nmar=3,FG_theta_2.5,100,14,2.5,4,3
0.054,7,0,0,38.05592350169789,278.21000028870316,42.929685102161216,6,0.6,0.4638137323336745,133,D_pmar=0.054_dist=100_repair_6_males=4_nmar=3,FG_theta_2.5,62,10,2.5,4,3
0.054,12,0,100,38.50068271614543,289.28148196710134,30.850226307714475,9,0.8999999999999999,0.5323275743393383,133,D_pmar=0.054_dist=100_repair_6_males=4_nmar=3,FG_theta_2.5,74,12,2.5,4,3
0,4,100,0,39.50487652412125,265.7914362563508,54.79363712244563,0,0,0,133,D_pmar=0.054_dist=100_repair_6_males=4_nmar=3,FG_theta_2.5,108,8,2.5,4,3
0.054,13,100,100,36.9745400807267,296.98722833763196,24.673079756661863,10,1,0.4675925925925933,133,D_pmar=0.054_dist=100_repair_6_males=4_nmar=3,FG_theta_2.5,44,14,2.5,4,3
0.054,10,0,0,39.74396570213232,306.54768727999556,12.180474112840413,9,0.8999999999999999,0.6781492163905343,134,D_pmar=0.054_dist=100_repair_6_males=4_nmar=3,FG_theta_2.5,57,13,2.5,4,3
0,6,0,100,38.77344290493815,278.4662879986745,42.81633892689883,0,0,0,134,D_pmar=0.054_dist=100_repair_6_males=4_nmar=3,FG_theta_2.5,103,10,2.5,4,3
0.054,12,100,0,39.72061723042706,300.9023615079116,18.2805469292791,7,0.7,0.4675925925925933,134,D_pmar=0.054_dist=100_repair_6_males=4_nmar=3,FG_theta_2.5,62,14,2.5,4,3
0.054,8,100,100,38.139569523134085,265.33167695599445,55.719817827384055,5,0.5,0.4491305245778697,134,D_pmar=0.054_dist=100_repair_6_males=4_nmar=3,FG_theta_2.5,79,8,2.5,4,3
0.054,4,0,0,38.23310525533257,277.58035912453965,42.55885406804224,12,1.2,0.5332581767781193,135,D_pmar=0.054_dist=100_repair_6_males=4_nmar=3,FG_theta_2.5,66,5,2.5,4,3
0.054,11,0,100,40.12331075749652,281.66511920562664,36.4924054802193,12,1.2,0.5717475679771227,135,D_pmar=0.054_dist=100_repair_6_males=4_nmar=3,FG_theta_2.5,58,14,2.5,4,3
0.054,8,100,0,38.81094252827402,273.01567749564674,47.29057142911349,6,0.6,0.3750000000000003,135,D_pmar=0.054_dist=100_repair_6_males=4_nmar=3,FG_theta_2.5,76,11,2.5,4,3
0,13,100,100,39.03492563257499,266.1988541056289,54.92885626414707,0,0,0,135,D_pmar=0.054_dist=100_repair_6_males=4_nmar=3,FG_theta_2.5,94,17,2.5,4,3
0.054,13,0,0,39.02767036457452,270.5231714843746,49.0165908099273,10,1,0.5343815132925602,136,D_pmar=0.054_dist=100_repair_6_males=4_nmar=3,FG_theta_2.5,58,16,2.5,4,3
0.054,12,0,100,38.97470725852245,271.11550401288895,48.66914826826986,8,0.7999999999999999,0.4668547242294725,136,D_pmar=0.054_dist=100_repair_6_males=4_nmar=3,FG_theta_2.5,65,13,2.5,4,3
0.054,5,100,0,40.34871145486841,275.2572126747941,42.817933927241896,12,1.2,0.5858291909416719,136,D_pmar=0.054_dist=100_repair_6_males=4_nmar=3,FG_theta_2.5,61,8,2.5,4,3
0,6,100,100,38.00214976723906,279.4874337842905,42.66911357423408,0,0,0,136,D_pmar=0.054_dist=100_repair_6_males=4_nmar=3,FG_theta_2.5,112,9,2.5,4,3
0,7,0,0,39.19492245342378,260.0103586791715,60.88484108184338,0,0,0,137,D_pmar=0.054_dist=100_repair_6_males=4_nmar=3,FG_theta_2.5,93,13,2.5,4,3
0.054,14,0,100,39.46516328440942,294.69820988076475,24.63785677583448,8,0.7999999999999999,0.4027777777777782,137,D_pmar=0.054_dist=100_repair_6_males=4_nmar=3,FG_theta_2.5,69,17,2.5,4,3
0.054,3,100,0,38.99892991920462,283.28375488899576,36.55253778327172,8,0.7999999999999999,0.5147396582596006,137,D_pmar=0.054_dist=100_repair_6_males=4_nmar=3,FG_theta_2.5,57,5,2.5,4,3
0.054,12,100,100,38.71541154561582,295.5479693497991,24.49833163703051,8,0.7999999999999999,0.5017015387414224,137,D_pmar=0.054_dist=100_repair_6_males=4_nmar=3,FG_theta_2.5,54,14,2.5,4,3
0,7,0,0,38.25257174035007,244.7972849346039,77.01946603004428,0,0,0,138,D_pmar=0.054_dist=100_repair_6_males=4_nmar=3,FG_theta_2.5,102,11,2.5,4,3
0.054,11,0,100,40.05892876365982,281.6336757848155,36.614584251181206,13,1.3,0.4351851851851858,138,D_pmar=0.054_dist=100_repair_6_males=4_nmar=3,FG_theta_2.5,58,13,2.5,4,3
0.054,9,100,0,38.86404957846942,271.0996514564707,48.70138110296523,8,0.7999999999999999,0.5421085853217829,138,D_pmar=0.054_dist=100_repair_6_males=4_nmar=3,FG_theta_2.5,77,12,2.5,4,3
0.054,9,100,100,36.02177871010282,291.78437954584416,30.583823667387787,11,1.1,0.5840478191321802,138,D_pmar=0.054_dist=100_repair_6_males=4_nmar=3,FG_theta_2.5,58,12,2.5,4,3
0,10,0,0,38.20459197196123,284.81474330115367,37.01901459738703,0,0,0,139,D_pmar=0.054_dist=100_repair_6_males=4_nmar=3,FG_theta_2.5,105,12,2.5,4,3
0.054,5,0,100,36.994153922660786,279.7845556697578,42.33568084547447,6,0.6,0.4351851851851858,139,D_pmar=0.054_dist=100_repair_6_males=4_nmar=3,FG_theta_2.5,66,7,2.5,4,3
0.054,8,100,0,37.18900005845698,279.08000436279303,42.604671037166355,6,0.6,0.6102369591761264,139,D_pmar=0.054_dist=100_repair_6_males=4_nmar=3,FG_theta_2.5,68,10,2.5,4,3
0.054,13,100,100,38.494671949252485,307.921483023761,12.186437984897465,10,1,0.4834555873666342,139,D_pmar=0.054_dist=100_repair_6_males=4_nmar=3,FG_theta_2.5,61,15,2.5,4,3
0.054,5,0,0,39.77350463856233,270.20512226118814,49.067016717161984,5,0.5,0.4804710459746312,13,D_pmar=0.054_dist=100_repair_6_males=4_nmar=3,FG_theta_2.5,65,7,2.5,4,3
0,7,0,100,40.02823313566898,277.2874957651054,42.77743968829663,0,0,0,13,D_pmar=0.054_dist=100_repair_6_males=4_nmar=3,FG_theta_2.5,84,9,2.5,4,3
0.054,14,100,0,39.780577573770024,294.2197406024068,24.485354578766483,11,1.1,0.4953703703703712,13,D_pmar=0.054_dist=100_repair_6_males=4_nmar=3,FG_theta_2.5,62,18,2.5,4,3
0.054,10,100,100,38.8017447423603,293.3219220699509,26.605068659729323,8,0.7999999999999999,0.5058094166478666,13,D_pmar=0.054_dist=100_repair_6_males=4_nmar=3,FG_theta_2.5,73,13,2.5,4,3
0.054,17,0,0,40.38337926330192,257.0567578369949,61.19128680153498,9,0.8999999999999999,0.557064360221318,140,D_pmar=0.054_dist=100_repair_6_males=4_nmar=3,FG_theta_2.5,66,17,2.5,4,3
0.054,7,0,100,40.24890630670327,294.2394088142407,24.53478331171724,7,0.7,0.5069327531623077,140,D_pmar=0.054_dist=100_repair_6_males=4_nmar=3,FG_theta_2.5,72,12,2.5,4,3
0.054,6,100,0,39.88483987739792,294.0392557768934,24.32759535804934,13,1.3,0.5038917612665097,140,D_pmar=0.054_dist=100_repair_6_males=4_nmar=3,FG_theta_2.5,62,9,2.5,4,3
0,6,100,100,38.943315866757104,254.08227216055496,67.04753427658196,0,0,0,140,D_pmar=0.054_dist=100_repair_6_males=4_nmar=3,FG_theta_2.5,96,8,2.5,4,3
0,10,0,0,39.98950097376849,265.5696223105688,54.48864227505344,0,0,0,141,D_pmar=0.054_dist=100_repair_6_males=4_nmar=3,FG_theta_2.5,85,13,2.5,4,3
0.054,10,0,100,36.87143796159134,297.64497611504504,24.39591103922131,6,0.6,0.5906515546469615,141,D_pmar=0.054_dist=100_repair_6_males=4_nmar=3,FG_theta_2.5,61,12,2.5,4,3
0.054,11,100,0,39.451269817736744,276.8214010215144,42.6658414019758,7,0.7,0.419435091418735,141,D_pmar=0.054_dist=100_repair_6_males=4_nmar=3,FG_theta_2.5,91,14,2.5,4,3
0.054,5,100,100,40.52383803357795,299.8987343012887,18.18896819227424,10,1,0.5447641090662607,141,D_pmar=0.054_dist=100_repair_6_males=4_nmar=3,FG_theta_2.5,45,5,2.5,4,3
0,8,0,0,37.52469026461524,285.78021020957516,36.71820835523907,0,0,0,142,D_pmar=0.054_dist=100_repair_6_males=4_nmar=3,FG_theta_2.5,95,10,2.5,4,3
0.054,7,0,100,38.53968110657427,259.24412609097806,61.499396541698374,5,0.5,0.4523078000455329,142,D_pmar=0.054_dist=100_repair_6_males=4_nmar=3,FG_theta_2.5,81,8,2.5,4,3
0.054,11,100,0,37.04007920720334,290.80136578200614,30.731764810962257,10,1,0.5567353425737926,142,D_pmar=0.054_dist=100_repair_6_males=4_nmar=3,FG_theta_2.5,49,14,2.5,4,3
0.054,10,100,100,39.47933742206858,294.94048604555724,24.1426416982394,10,1,0.5078633556010886,142,D_pmar=0.054_dist=100_repair_6_males=4_nmar=3,FG_theta_2.5,72,15,2.5,4,3
0.054,12,0,0,40.089620898210846,279.6299161953251,38.86561202816165,8,0.7999999999999999,0.63880905582082,143,D_pmar=0.054_dist=100_repair_6_males=4_nmar=3,FG_theta_2.5,52,14,2.5,4,3
0,6,0,100,38.91469709706387,284.5692632640415,36.52344587622884,0,0,0,143,D_pmar=0.054_dist=100_repair_6_males=4_nmar=3,FG_theta_2.5,86,7,2.5,4,3
0.054,7,100,0,39.006775122866216,289.3505198062514,30.352549956961724,10,1,0.44291225721440847,143,D_pmar=0.054_dist=100_repair_6_males=4_nmar=3,FG_theta_2.5,73,9,2.5,4,3
0.054,11,100,100,38.56670502432754,289.9264968034262,30.58395622990698,5,0.5,0.49468895251104544,143,D_pmar=0.054_dist=100_repair_6_males=4_nmar=3,FG_theta_2.5,74,13,2.5,4,3
0,9,0,0,37.688907486553695,267.64838823676166,54.832764944906,0,0,0,144,D_pmar=0.054_dist=100_repair_6_males=4_nmar=3,FG_theta_2.5,77,11,2.5,4,3
0.054,7,0,100,39.44021496768173,294.6449054241433,24.56290339446854,9,0.8999999999999999,0.45370370370370433,144,D_pmar=0.054_dist=100_repair_6_males=4_nmar=3,FG_theta_2.5,65,9,2.5,4,3
0.054,9,100,0,39.04648387101713,301.2007740219443,18.604072960094697,6,0.6,0.5535580671061295,144,D_pmar=0.054_dist=100_repair_6_males=4_nmar=3,FG_theta_2.5,66,11,2.5,4,3
0.054,11,100,100,39.55198515515513,301.0305983749977,18.65980877360951,4,0.4,0.4446936290239002,144,D_pmar=0.054_dist=100_repair_6_males=4_nmar=3,FG_theta_2.5,70,11,2.5,4,3
0.054,4,0,0,39.710386816394546,301.01339484583804,18.57367971398245,4,0.4,0.5952247337727964,145,D_pmar=0.054_dist=100_repair_6_males=4_nmar=3,FG_theta_2.5,64,7,2.5,4,3
0.054,10,0,100,40.15281738814186,288.322919137975,30.46070268111021,7,0.7,0.472222222222223,145,D_pmar=0.054_dist=100_repair_6_males=4_nmar=3,FG_theta_2.5,67,12,2.5,4,3
0.054,11,100,0,38.544548374705855,295.33963221296295,25.213637084514826,7,0.7,0.5120841345151228,145,D_pmar=0.054_dist=100_repair_6_males=4_nmar=3,FG_theta_2.5,81,13,2.5,4,3
0,11,100,100,41.17704923731458,288.566780304731,30.422948466267812,0,0,0,145,D_pmar=0.054_dist=100_repair_6_males=4_nmar=3,FG_theta_2.5,89,12,2.5,4,3
0.054,10,0,0,40.98449220441666,293.3210784748498,24.467685049803187,8,0.7999999999999999,0.5019741058851527,146,D_pmar=0.054_dist=100_repair_6_males=4_nmar=3,FG_theta_2.5,61,13,2.5,4,3
0.054,8,0,100,40.17186659048348,267.9175160638109,51.040398050635865,4,0.4,0.542108585321783,146,D_pmar=0.054_dist=100_repair_6_males=4_nmar=3,FG_theta_2.5,62,11,2.5,4,3
0.054,10,100,0,39.399865122813225,288.05959585634366,30.773972138780113,13,1.3,0.4919205277589776,146,D_pmar=0.054_dist=100_repair_6_males=4_nmar=3,FG_theta_2.5,71,14,2.5,4,3
0,8,100,100,40.050540910225976,277.04901540162587,42.98011318081673,0,0,0,146,D_pmar=0.054_dist=100_repair_6_males=4_nmar=3,FG_theta_2.5,86,8,2.5,4,3
0.054,7,0,0,39.229938767792234,274.51877863138924,44.729085295668646,10,1,0.5243279351663852,147,D_pmar=0.054_dist=100_repair_6_males=4_nmar=3,FG_theta_2.5,67,9,2.5,4,3
0.054,8,0,100,36.36252194130104,292.10489494001445,30.333118988805253,10,1,0.4550197742938057,147,D_pmar=0.054_dist=100_repair_6_males=4_nmar=3,FG_theta_2.5,58,9,2.5,4,3
0.054,9,100,0,39.94997043896953,270.1927600847139,48.49606614977757,9,0.8999999999999999,0.4807436131183613,147,D_pmar=0.054_dist=100_repair_6_males=4_nmar=3,FG_theta_2.5,66,11,2.5,4,3
0,12,100,100,41.41129476611726,270.02498338155766,48.57325774315955,0,0,0,147,D_pmar=0.054_dist=100_repair_6_males=4_nmar=3,FG_theta_2.5,90,13,2.5,4,3
0.054,10,0,0,37.7643133996898,290.60741670190475,30.421087021649026,9,0.8999999999999999,0.3611111111111113,148,D_pmar=0.054_dist=100_repair_6_males=4_nmar=3,FG_theta_2.5,72,14,2.5,4,3
0.054,9,0,100,39.78246448826814,276.2312553882293,42.92611234369483,5,0.5,0.5818575966070928,148,D_pmar=0.054_dist=100_repair_6_males=4_nmar=3,FG_theta_2.5,60,9,2.5,4,3
0,10,100,0,37.96528663449561,279.6123554206155,42.61893640685648,0,0,0,148,D_pmar=0.054_dist=100_repair_6_males=4_nmar=3,FG_theta_2.5,91,12,2.5,4,3
0.054,7,100,100,39.60589794587634,294.61757261362845,24.554055167208094,9,0.8999999999999999,0.5355048498070014,148,D_pmar=0.054_dist=100_repair_6_males=4_nmar=3,FG_theta_2.5,57,10,2.5,4,3
0.054,13,0,0,36.82828230268154,303.65450414743316,18.208688372527305,8,0.7999999999999999,0.547010782095143,149,D_pmar=0.054_dist=100_repair_6_males=4_nmar=3,FG_theta_2.5,61,15,2.5,4,3
0.054,5,0,100,39.67147435020689,301.263381783646,18.168564597708063,6,0.6,0.5331218932062541,149,D_pmar=0.054_dist=100_repair_6_males=4_nmar=3,FG_theta_2.5,74,6,2.5,4,3
0,11,100,0,38.56351446091334,272.9808167242133,48.637103579290624,0,0,0,149,D_pmar=0.054_dist=100_repair_6_males=4_nmar=3,FG_theta_2.5,88,15,2.5,4,3
0.054,7,100,100,38.126587400165526,278.0219388630699,42.77148801033287,7,0.7,0.5914458735138775,149,D_pmar=0.054_dist=100_repair_6_males=4_nmar=3,FG_theta_2.5,78,8,2.5,4,3
0.054,8,0,0,39.2491659970517,294.8981640827605,24.49830889406253,9,0.8999999999999999,0.5505170752103314,14,D_pmar=0.054_dist=100_repair_6_males=4_nmar=3,FG_theta_2.5,53,10,2.5,4,3
0.054,5,0,100,40.91558283485621,275.7696614460385,42.375006710427144,5,0.5,0.5425738865411733,14,D_pmar=0.054_dist=100_repair_6_males=4_nmar=3,FG_theta_2.5,62,6,2.5,4,3
0,7,100,0,39.58521691869177,271.7732615139509,48.676036560025814,0,0,0,14,D_pmar=0.054_dist=100_repair_6_males=4_nmar=3,FG_theta_2.5,100,11,2.5,4,3
0.054,16,100,100,38.0393703897554,289.87458469625426,30.6780800908462,11,1.1,0.43874792880416935,14,D_pmar=0.054_dist=100_repair_6_males=4_nmar=3,FG_theta_2.5,67,19,2.5,4,3
0,5,0,0,40.548726449997986,234.5463960006118,85.02903443386084,0,0,0,150,D_pmar=0.054_dist=100_repair_6_males=4_nmar=3,FG_theta_2.5,103,10,2.5,4,3
0.054,7,0,100,39.37210790398738,271.21866090181544,47.52307928942365,14,1.4,0.49655015738860736,150,D_pmar=0.054_dist=100_repair_6_males=4_nmar=3,FG_theta_2.5,57,13,2.5,4,3
0.054,11,100,0,38.49878741768076,277.00082485787476,42.86309996767111,13,1.3,0.4834555873666343,150,D_pmar=0.054_dist=100_repair_6_males=4_nmar=3,FG_theta_2.5,59,14,2.5,4,3
0.054,13,100,100,37.39067932120158,290.89139926539696,30.624723633600073,7,0.7,0.5073980543816982,150,D_pmar=0.054_dist=100_repair_6_males=4_nmar=3,FG_theta_2.5,65,16,2.5,4,3
0.054,9,0,0,40.34653075568394,263.28915773196957,55.01712296302317,9,0.8999999999999999,0.45997842157096047,151,D_pmar=0.054_dist=100_repair_6_males=4_nmar=3,FG_theta_2.5,73,13,2.5,4,3
0.054,9,0,100,39.79136272962849,293.6197169007738,24.444758193526525,17,1.7000000000000004,0.5840478191321801,151,D_pmar=0.054_dist=100_repair_6_males=4_nmar=3,FG_theta_2.5,62,13,2.5,4,3
0.054,8,100,0,38.34093254915813,258.93888601858333,61.54448214821825,8,0.7999999999999999,0.4259259259259264,151,D_pmar=0.054_dist=100_repair_6_males=4_nmar=3,FG_theta_2.5,63,16,2.5,4,3
0,10,100,100,39.09462075590466,253.88124536383617,67.07148907780756,0,0,0,151,D_pmar=0.054_dist=100_repair_6_males=4_nmar=3,FG_theta_2.5,93,15,2.5,4,3
0.054,7,0,0,40.64112977653001,287.8624534203088,30.314157365464403,8,0.7999999999999999,0.4884142346437891,152,D_pmar=0.054_dist=100_repair_6_males=4_nmar=3,FG_theta_2.5,68,8,2.5,4,3
0.054,8,0,100,40.38590572463948,281.94368633100413,36.51855644759228,8,0.7999999999999999,0.5578586790882339,152,D_pmar=0.054_dist=100_repair_6_males=4_nmar=3,FG_theta_2.5,65,9,2.5,4,3
0.054,13,100,0,39.83562175277089,282.38391049389617,36.51621089739057,9,0.8999999999999999,0.4768518518518526,152,D_pmar=0.054_dist=100_repair_6_males=4_nmar=3,FG_theta_2.5,68,16,2.5,4,3
0,8,100,100,39.154493452831574,271.81944086302343,49.133863941054095,0,0,0,152,D_pmar=0.054_dist=100_repair_6_males=4_nmar=3,FG_theta_2.5,99,12,2.5,4,3
0.054,13,0,0,37.285764226335935,272.4938703204894,48.932946333428795,10,1,0.4259259259259264,153,D_pmar=0.054_dist=100_repair_6_males=4_nmar=3,FG_theta_2.5,60,15,2.5,4,3
0,9,0,100,40.805625252298526,264.5574471029644,54.81154149707073,0,0,0,153,D_pmar=0.054_dist=100_repair_6_males=4_nmar=3,FG_theta_2.5,106,10,2.5,4,3
0.054,5,100,0,39.47924382732858,288.6609393490703,30.304435814033155,10,1,0.5625447592216583,153,D_pmar=0.054_dist=100_repair_6_males=4_nmar=3,FG_theta_2.5,55,6,2.5,4,3
0.054,9,100,100,37.08634165051173,279.1234545512107,42.73595682680478,9,0.8999999999999999,0.4907971912445365,153,D_pmar=0.054_dist=100_repair_6_males=4_nmar=3,FG_theta_2.5,60,13,2.5,4,3
0.054,7,0,0,37.628739934610046,277.84991975327483,42.87571385368186,12,1.2,0.4747180798305604,154,D_pmar=0.054_dist=100_repair_6_males=4_nmar=3,FG_theta_2.5,53,11,2.5,4,3
0.054,15,0,100,38.93832260469089,265.0535254655826,54.882187481564635,8,0.7999999999999999,0.4120370370370375,154,D_pmar=0.054_dist=100_repair_6_males=4_nmar=3,FG_theta_2.5,67,20,2.5,4,3
0,4,100,0,39.71589978370817,281.81763600632263,38.58305395806976,0,0,0,154,D_pmar=0.054_dist=100_repair_6_males=4_nmar=3,FG_theta_2.5,77,8,2.5,4,3
0.054,10,100,100,38.99733800861111,277.00405802322297,42.67224721985292,10,1,0.4106411333788661,154,D_pmar=0.054_dist=100_repair_6_males=4_nmar=3,FG_theta_2.5,53,16,2.5,4,3
0.054,6,0,0,0,359.43475577115794,0,0,0,0.7159241217906924,155,D_pmar=0.054_dist=100_repair_6_males=4_nmar=3,FG_theta_2.5,82,6,2.5,4,3
0.054,7,0,100,0,359.3577564680881,0,0,0,0.6954879478908168,155,D_pmar=0.054_dist=100_repair_6_males=4_nmar=3,FG_theta_2.5,95,7,2.5,4,3
0.054,10,100,0,0,359.34698466655516,0,0,0,0.6792161024011805,155,D_pmar=0.054_dist=100_repair_6_males=4_nmar=3,FG_theta_2.5,90,10,2.5,4,3
0,13,100,100,0,360.2912373350546,0,0,0,0,155,D_pmar=0.054_dist=100_repair_6_males=4_nmar=3,FG_theta_2.5,127,13,2.5,4,3
0.054,6,0,0,37.956379341367544,281.917384689685,39.112730805403515,8,0.7999999999999999,0.4379536099372535,156,D_pmar=0.054_dist=100_repair_6_males=4_nmar=3,FG_theta_2.5,50,9,2.5,4,3
0.054,8,0,100,38.90285524984992,277.36368167357085,42.89439585101094,6,0.6,0.3708921220935562,156,D_pmar=0.054_dist=100_repair_6_males=4_nmar=3,FG_theta_2.5,62,14,2.5,4,3
0,13,100,0,39.05867170490019,290.5476309552756,30.490526328550324,0,0,0,156,D_pmar=0.054_dist=100_repair_6_males=4_nmar=3,FG_theta_2.5,81,13,2.5,4,3
0.054,9,100,100,41.39903140491363,298.7212964653155,18.66921677299842,8,0.7999999999999999,0.4212962962962968,156,D_pmar=0.054_dist=100_repair_6_males=4_nmar=3,FG_theta_2.5,52,12,2.5,4,3
0.054,10,0,0,37.335053866882006,297.0900264979677,24.25680558965519,9,0.8999999999999999,0.4368302734228125,157,D_pmar=0.054_dist=100_repair_6_males=4_nmar=3,FG_theta_2.5,60,11,2.5,4,3
0.054,8,0,100,38.37643726029819,283.80570053959923,36.69453228556767,8,0.7999999999999999,0.458333333333334,157,D_pmar=0.054_dist=100_repair_6_males=4_nmar=3,FG_theta_2.5,55,9,2.5,4,3
0,7,100,0,39.78742890015468,265.2300913901748,54.98832643299152,0,0,0,157,D_pmar=0.054_dist=100_repair_6_males=4_nmar=3,FG_theta_2.5,95,11,2.5,4,3
0.054,11,100,100,39.316301526118366,289.10977924155367,30.531374202254305,7,0.7,0.49627759024487705,157,D_pmar=0.054_dist=100_repair_6_males=4_nmar=3,FG_theta_2.5,57,15,2.5,4,3
0,9,0,0,40.11320705827428,274.8603902018552,45.12842812857831,0,0,0,159,D_pmar=0.054_dist=100_repair_6_males=4_nmar=3,FG_theta_2.5,98,14,2.5,4,3
0.054,8,0,100,39.15747122986523,275.1228210835208,44.10798543886808,12,1.2,0.4629629629629636,159,D_pmar=0.054_dist=100_repair_6_males=4_nmar=3,FG_theta_2.5,59,9,2.5,4,3
0.054,8,100,0,39.99283264004379,263.2943174658884,55.54408232591148,8,0.7999999999999999,0.4510481799592267,159,D_pmar=0.054_dist=100_repair_6_males=4_nmar=3,FG_theta_2.5,61,11,2.5,4,3
0.054,11,100,100,37.00862931581933,284.7626400292361,36.61206433848039,11,1.1,0.5467382149514125,159,D_pmar=0.054_dist=100_repair_6_males=4_nmar=3,FG_theta_2.5,59,14,2.5,4,3
0.054,9,0,0,37.24650811991138,290.91971739463645,30.339839284852925,11,1.1,0.4911262088920618,15,D_pmar=0.054_dist=100_repair_6_males=4_nmar=3,FG_theta_2.5,64,11,2.5,4,3
0,10,0,100,39.01798401586065,255.8294439310285,65.16588275049578,0,0,0,15,D_pmar=0.054_dist=100_repair_6_males=4_nmar=3,FG_theta_2.5,106,18,2.5,4,3
0.054,7,100,0,38.29591408980089,277.3427851288964,42.753270105357466,11,1.1,0.5224102797850282,15,D_pmar=0.054_dist=100_repair_6_males=4_nmar=3,FG_theta_2.5,49,10,2.5,4,3
0.054,10,100,100,38.64514413874728,265.1700805564429,54.86483677752925,10,1,0.4629629629629636,15,D_pmar=0.054_dist=100_repair_6_males=4_nmar=3,FG_theta_2.5,73,15,2.5,4,3
0.054,13,0,0,39.83137197563579,276.37419405918087,42.737367449673464,9,0.8999999999999999,0.4259259259259264,160,D_pmar=0.054_dist=100_repair_6_males=4_nmar=3,FG_theta_2.5,69,14,2.5,4,3
0.054,10,0,100,39.7679850277133,282.21964976696995,36.83572562880522,7,0.7,0.6612193356058472,160,D_pmar=0.054_dist=100_repair_6_males=4_nmar=3,FG_theta_2.5,52,12,2.5,4,3
0.054,6,100,0,40.896535455419865,280.92512835516374,36.677450617507105,11,1.1,0.4245300222677551,160,D_pmar=0.054_dist=100_repair_6_males=4_nmar=3,FG_theta_2.5,70,6,2.5,4,3
0,7,100,100,39.63687408911507,274.3185949834537,46.05502488257834,0,0,0,160,D_pmar=0.054_dist=100_repair_6_males=4_nmar=3,FG_theta_2.5,97,10,2.5,4,3
0.054,4,0,0,40.4590090856769,294.48559840423883,24.358181478559235,3,0.30000000000000004,0.43220064379318274,161,D_pmar=0.054_dist=100_repair_6_males=4_nmar=3,FG_theta_2.5,72,5,2.5,4,3
0.054,7,0,100,38.24280726607534,289.66039047342883,30.581990939383072,11,1.1,0.48148148148148223,161,D_pmar=0.054_dist=100_repair_6_males=4_nmar=3,FG_theta_2.5,54,9,2.5,4,3
0,10,100,0,39.31432873692846,259.9080138192229,60.857620305378575,0,0,0,161,D_pmar=0.054_dist=100_repair_6_males=4_nmar=3,FG_theta_2.5,112,13,2.5,4,3
0.054,15,100,100,39.62940048729921,294.31969194327814,24.644369046958268,9,0.8999999999999999,0.6588363790051,161,D_pmar=0.054_dist=100_repair_6_males=4_nmar=3,FG_theta_2.5,59,15,2.5,4,3
0.054,11,0,0,40.51119708948335,263.37681268369215,55.10448926924333,5,0.5,0.5409852488073418,162,D_pmar=0.054_dist=100_repair_6_males=4_nmar=3,FG_theta_2.5,86,14,2.5,4,3
0.054,6,0,100,38.702564283031066,279.8009895274139,40.647756545266894,6,0.6,0.5497227563434157,162,D_pmar=0.054_dist=100_repair_6_males=4_nmar=3,FG_theta_2.5,68,7,2.5,4,3
0,5,100,0,38.45938296611207,266.7957257996416,54.76695147060609,0,0,0,162,D_pmar=0.054_dist=100_repair_6_males=4_nmar=3,FG_theta_2.5,107,8,2.5,4,3
0.054,14,100,100,40.44767392606219,292.5632603114232,24.61369806664447,18,1.8000000000000005,0.5925925925925938,162,D_pmar=0.054_dist=100_repair_6_males=4_nmar=3,FG_theta_2.5,62,15,2.5,4,3
0.054,12,0,0,39.568597906253025,300.87413640386796,18.43555530995165,8,0.7999999999999999,0.508056089676749,163,D_pmar=0.054_dist=100_repair_6_males=4_nmar=3,FG_theta_2.5,52,13,2.5,4,3
0.054,8,0,100,39.240389873563835,276.9428444950758,42.632154020816834,8,0.7999999999999999,0.4520352329018027,163,D_pmar=0.054_dist=100_repair_6_males=4_nmar=3,FG_theta_2.5,67,10,2.5,4,3
0,7,100,0,42.15457993939168,278.52986077525435,39.39776780757666,0,0,0,163,D_pmar=0.054_dist=100_repair_6_males=4_nmar=3,FG_theta_2.5,80,11,2.5,4,3
0.054,9,100,100,39.287818689973,270.6652420477776,48.81550650866679,9,0.8999999999999999,0.4027777777777782,163,D_pmar=0.054_dist=100_repair_6_males=4_nmar=3,FG_theta_2.5,61,13,2.5,4,3
0,9,0,0,41.02572328811546,264.28200293250177,54.726588653471886,0,0,0,164,D_pmar=0.054_dist=100_repair_6_males=4_nmar=3,FG_theta_2.5,90,14,2.5,4,3
0.054,9,0,100,39.96438190105595,287.5820812833349,30.732235988768167,13,1.3,0.5396691782172405,164,D_pmar=0.054_dist=100_repair_6_males=4_nmar=3,FG_theta_2.5,70,11,2.5,4,3
0.054,10,100,0,37.668705890641455,284.23725873903504,36.66017495346643,11,1.1,0.523148148148149,164,D_pmar=0.054_dist=100_repair_6_males=4_nmar=3,FG_theta_2.5,63,16,2.5,4,3
0.054,8,100,100,39.85526296224195,245.8205741184761,73.04822462218316,8,0.7999999999999999,0.5194257383930252,164,D_pmar=0.054_dist=100_repair_6_males=4_nmar=3,FG_theta_2.5,79,10,2.5,4,3
0,8,0,0,39.05186712457099,265.7991938670619,55.16129357316044,0,0,0,165,D_pmar=0.054_dist=100_repair_6_males=4_nmar=3,FG_theta_2.5,97,13,2.5,4,3
0.054,6,0,100,40.7096303723734,269.1620183536167,48.9530459250207,9,0.8999999999999999,0.4845789238810753,165,D_pmar=0.054_dist=100_repair_6_males=4_nmar=3,FG_theta_2.5,75,7,2.5,4,3
0.054,13,100,0,38.30642240612723,295.2892791134766,24.806069883919633,11,1.1,0.5894717676287254,165,D_pmar=0.054_dist=100_repair_6_males=4_nmar=3,FG_theta_2.5,56,16,2.5,4,3
0.054,9,100,100,38.39973571630579,258.93826714747615,61.1633293745082,11,1.1,0.4919205277589777,165,D_pmar=0.054_dist=100_repair_6_males=4_nmar=3,FG_theta_2.5,68,16,2.5,4,3
0,10,0,0,41.07336078455504,281.3172793220506,37.72852876159075,0,0,0,167,D_pmar=0.054_dist=100_repair_6_males=4_nmar=3,FG_theta_2.5,98,12,2.5,4,3
0.054,9,0,100,38.41527267738824,289.31308946033164,30.62794615082171,12,1.2,0.5417795676742576,167,D_pmar=0.054_dist=100_repair_6_males=4_nmar=3,FG_theta_2.5,58,12,2.5,4,3
0.054,8,100,0,40.39549370560979,288.29510953411426,30.393338956984447,6,0.6,0.5077270720292235,167,D_pmar=0.054_dist=100_repair_6_males=4_nmar=3,FG_theta_2.5,63,9,2.5,4,3
0.054,9,100,100,39.335436440795725,280.42372517198754,39.24829982185766,6,0.6,0.4599784215709606,167,D_pmar=0.054_dist=100_repair_6_males=4_nmar=3,FG_theta_2.5,59,9,2.5,4,3
0.054,14,0,0,0,353.4142204762376,6.040416857102447,1,0.1,0.5925925925925938,168,D_pmar=0.054_dist=100_repair_6_males=4_nmar=3,FG_theta_2.5,87,14,2.5,4,3
0.054,9,0,100,0,359.33811984747655,0,1,0.1,0.6608338674545272,168,D_pmar=0.054_dist=100_repair_6_males=4_nmar=3,FG_theta_2.5,83,9,2.5,4,3
0,5,100,0,0,360.00774307511455,0,0,0,0,168,D_pmar=0.054_dist=100_repair_6_males=4_nmar=3,FG_theta_2.5,125,5,2.5,4,3
0.054,8,100,100,0,353.48721105186706,6.029482404758502,0,0,0.6777637482392141,168,D_pmar=0.054_dist=100_repair_6_males=4_nmar=3,FG_theta_2.5,89,8,2.5,4,3
0.054,7,0,0,0,359.64381789495064,0,0,0,0.5174516325078732,169,D_pmar=0.054_dist=100_repair_6_males=4_nmar=3,FG_theta_2.5,76,7,2.5,4,3
0.054,6,0,100,0,359.4310608493639,0,0,0,0.6603685662351365,169,D_pmar=0.054_dist=100_repair_6_males=4_nmar=3,FG_theta_2.5,88,6,2.5,4,3
0.054,8,100,0,0,359.30105991842845,0,0,0,0.7764383246234033,169,D_pmar=0.054_dist=100_repair_6_males=4_nmar=3,FG_theta_2.5,82,8,2.5,4,3
0,15,100,100,0,360.2994337437336,0,0,0,0,169,D_pmar=0.054_dist=100_repair_6_males=4_nmar=3,FG_theta_2.5,126,15,2.5,4,3
0.054,10,0,0,41.80872675550699,286.26578399354474,30.658407636205585,8,0.7999999999999999,0.5671743888512881,16,D_pmar=0.054_dist=100_repair_6_males=4_nmar=3,FG_theta_2.5,58,12,2.5,4,3
0.054,8,0,100,36.06708520171705,279.56952650777987,42.69596126395558,12,1.2,0.4784969400894792,16,D_pmar=0.054_dist=100_repair_6_males=4_nmar=3,FG_theta_2.5,72,8,2.5,4,3
0,7,100,0,38.552993857866475,278.6717258982324,42.81807494562744,0,0,0,16,D_pmar=0.054_dist=100_repair_6_males=4_nmar=3,FG_theta_2.5,94,9,2.5,4,3
0.054,11,100,100,39.50369231922596,270.9473726551844,48.486723812432714,7,0.7,0.540134479436631,16,D_pmar=0.054_dist=100_repair_6_males=4_nmar=3,FG_theta_2.5,68,13,2.5,4,3
0,11,0,0,37.70669884515018,278.91335231972465,43.41202002254266,0,0,0,170,D_pmar=0.054_dist=100_repair_6_males=4_nmar=3,FG_theta_2.5,106,13,2.5,4,3
0.054,11,0,100,39.10566287934013,295.4875552167584,24.38215870645284,8,0.7999999999999999,0.470361017344661,170,D_pmar=0.054_dist=100_repair_6_males=4_nmar=3,FG_theta_2.5,62,12,2.5,4,3
0.054,10,100,0,37.78829188805211,284.97249202508436,36.62926107563328,2,0.2,0.4490740740740747,170,D_pmar=0.054_dist=100_repair_6_males=4_nmar=3,FG_theta_2.5,60,12,2.5,4,3
0.054,4,100,100,36.11595488325899,304.26007764649114,18.106379987331746,10,1,0.5369572039689678,170,D_pmar=0.054_dist=100_repair_6_males=4_nmar=3,FG_theta_2.5,58,5,2.5,4,3
0.054,8,0,0,38.45752083744333,295.816319356248,24.221473021638,10,1,0.5194257383930252,171,D_pmar=0.054_dist=100_repair_6_males=4_nmar=3,FG_theta_2.5,59,10,2.5,4,3
0.054,9,0,100,38.804956305034985,252.3499045457376,67.18255834363951,14,1.4,0.39899891751885946,171,D_pmar=0.054_dist=100_repair_6_males=4_nmar=3,FG_theta_2.5,78,16,2.5,4,3
0,10,100,0,41.54498953980613,266.79228710874446,51.83717329125953,0,0,0,171,D_pmar=0.054_dist=100_repair_6_males=4_nmar=3,FG_theta_2.5,92,15,2.5,4,3
0.054,9,100,100,40.91542685692093,275.0511939726123,42.82728542886361,7,0.7,0.5428464536849036,171,D_pmar=0.054_dist=100_repair_6_males=4_nmar=3,FG_theta_2.5,39,11,2.5,4,3
0,8,0,0,40.50366554473645,282.49765445625764,37.04306769733919,0,0,0,172,D_pmar=0.054_dist=100_repair_6_males=4_nmar=3,FG_theta_2.5,85,10,2.5,4,3
0.054,9,0,100,42.62408162721564,271.5806596456259,44.80705020092107,5,0.5,0.4997274328562705,172,D_pmar=0.054_dist=100_repair_6_males=4_nmar=3,FG_theta_2.5,71,10,2.5,4,3
0.054,8,100,0,38.910686676510565,276.7229271544025,42.93666853670868,10,1,0.4398148148148154,172,D_pmar=0.054_dist=100_repair_6_males=4_nmar=3,FG_theta_2.5,53,11,2.5,4,3
0.054,11,100,100,38.4299104052851,289.4672477363625,30.55138834683185,11,1.1,0.4545544730744152,172,D_pmar=0.054_dist=100_repair_6_males=4_nmar=3,FG_theta_2.5,71,11,2.5,4,3
0.054,10,0,0,0,359.4450202973697,0,0,0,0.6784217835342647,173,D_pmar=0.054_dist=100_repair_6_males=4_nmar=3,FG_theta_2.5,85,10,2.5,4,3
0.054,6,0,100,0,359.45149582803936,0,0,0,0.7035440375675648,173,D_pmar=0.054_dist=100_repair_6_males=4_nmar=3,FG_theta_2.5,90,6,2.5,4,3
0,11,100,0,0,360.1509953128068,0,0,0,0,173,D_pmar=0.054_dist=100_repair_6_males=4_nmar=3,FG_theta_2.5,121,11,2.5,4,3
0.054,9,100,100,0,359.49192303506953,0,0,0,0.5740740740740752,173,D_pmar=0.054_dist=100_repair_6_males=4_nmar=3,FG_theta_2.5,71,9,2.5,4,3
0.054,9,0,0,37.81559846993619,296.486093612598,24.397342776872403,11,1.1,0.4629629629629636,176,D_pmar=0.054_dist=100_repair_6_males=4_nmar=3,FG_theta_2.5,59,10,2.5,4,3
0.054,7,0,100,37.92568845397023,278.04254429867353,43.04492947583922,6,0.6,0.46923768083021994,176,D_pmar=0.054_dist=100_repair_6_males=4_nmar=3,FG_theta_2.5,67,10,2.5,4,3
0,8,100,0,39.75882328431248,277.33441245308444,42.97221157570869,0,0,0,176,D_pmar=0.054_dist=100_repair_6_males=4_nmar=3,FG_theta_2.5,94,15,2.5,4,3
0.054,12,100,100,39.374260691116554,289.12331299512215,30.639264955711024,6,0.6,0.5396691782172406,176,D_pmar=0.054_dist=100_repair_6_males=4_nmar=3,FG_theta_2.5,71,16,2.5,4,3
0.054,11,0,0,38.315630115728226,276.99792413061357,42.9771364271931,12,1.2,0.5652002829661362,178,D_pmar=0.054_dist=100_repair_6_males=4_nmar=3,FG_theta_2.5,56,14,2.5,4,3
0,13,0,100,40.84524824240517,276.342727508278,42.90680086523969,0,0,0,178,D_pmar=0.054_dist=100_repair_6_males=4_nmar=3,FG_theta_2.5,93,15,2.5,4,3
0.054,5,100,0,40.45384963078084,266.6957021568437,51.63515041390973,9,0.8999999999999999,0.5780222858443789,178,D_pmar=0.054_dist=100_repair_6_males=4_nmar=3,FG_theta_2.5,68,10,2.5,4,3
0.054,7,100,100,39.68271943803381,263.6685191254501,55.274569021252105,11,1.1,0.4259259259259264,178,D_pmar=0.054_dist=100_repair_6_males=4_nmar=3,FG_theta_2.5,83,7,2.5,4,3
0.054,9,0,0,39.6646892169727,294.72653936356926,24.46192499753638,6,0.6,0.5628737768691836,179,D_pmar=0.054_dist=100_repair_6_males=4_nmar=3,FG_theta_2.5,55,11,2.5,4,3
0,10,0,100,39.06897368609312,247.4262769079756,73.75364314444717,0,0,0,179,D_pmar=0.054_dist=100_repair_6_males=4_nmar=3,FG_theta_2.5,105,15,2.5,4,3
0.054,9,100,0,40.753137383187934,281.34283285695653,36.53372548696706,10,1,0.46189607695231766,179,D_pmar=0.054_dist=100_repair_6_males=4_nmar=3,FG_theta_2.5,54,9,2.5,4,3
0.054,8,100,100,40.60517484275182,293.6592328529459,24.39762779966084,10,1,0.3611111111111113,179,D_pmar=0.054_dist=100_repair_6_males=4_nmar=3,FG_theta_2.5,46,13,2.5,4,3
0.054,11,0,0,37.91441652950605,283.9558121517959,36.648796806361744,10,1,0.5019741058851528,17,D_pmar=0.054_dist=100_repair_6_males=4_nmar=3,FG_theta_2.5,52,11,2.5,4,3
0.054,13,0,100,39.55724974639779,264.00860416501894,54.62686715753545,14,1.4,0.45370370370370433,17,D_pmar=0.054_dist=100_repair_6_males=4_nmar=3,FG_theta_2.5,66,15,2.5,4,3
0,3,100,0,38.964040747820654,244.96299306882383,76.1581712132966,0,0,0,17,D_pmar=0.054_dist=100_repair_6_males=4_nmar=3,FG_theta_2.5,103,4,2.5,4,3
0.054,9,100,100,38.85817600470176,283.08373781578575,36.71906229821789,10,1,0.48841423464378914,17,D_pmar=0.054_dist=100_repair_6_males=4_nmar=3,FG_theta_2.5,64,10,2.5,4,3
0,10,0,0,38.19031161489792,285.1334946307923,36.79283469563729,0,0,0,180,D_pmar=0.054_dist=100_repair_6_males=4_nmar=3,FG_theta_2.5,85,14,2.5,4,3
0.054,9,0,100,39.328237450750755,276.2120148421274,42.74509355473791,11,1.1,0.6207558385216919,180,D_pmar=0.054_dist=100_repair_6_males=4_nmar=3,FG_theta_2.5,60,13,2.5,4,3
0.054,5,100,0,39.89835352583443,282.0954841441775,36.77062078346106,11,1.1,0.3935185185185189,180,D_pmar=0.054_dist=100_repair_6_males=4_nmar=3,FG_theta_2.5,65,8,2.5,4,3
0.054,12,100,100,37.98909690420336,266.06918996186437,54.96539394384321,6,0.6,0.4564721284557721,180,D_pmar=0.054_dist=100_repair_6_males=4_nmar=3,FG_theta_2.5,82,15,2.5,4,3
0.054,6,0,0,38.02755308814607,290.2974332185145,30.25205867277092,9,0.8999999999999999,0.5352322826632709,181,D_pmar=0.054_dist=100_repair_6_males=4_nmar=3,FG_theta_2.5,50,7,2.5,4,3
0.054,13,0,100,38.241574136692954,302.53217076927115,18.245186467241847,6,0.6,0.4191060737712098,181,D_pmar=0.054_dist=100_repair_6_males=4_nmar=3,FG_theta_2.5,46,13,2.5,4,3
0.054,12,100,0,40.02775670077957,288.5934972999919,30.348299083465385,7,0.7,0.3842592592592596,181,D_pmar=0.054_dist=100_repair_6_males=4_nmar=3,FG_theta_2.5,70,16,2.5,4,3
0,5,100,100,38.621765987206295,266.1285459406449,55.463304339753655,0,0,0,181,D_pmar=0.054_dist=100_repair_6_males=4_nmar=3,FG_theta_2.5,90,6,2.5,4,3
0.054,9,0,0,39.21732046719221,289.0517812147445,30.324338916636776,10,1,0.4398148148148154,182,D_pmar=0.054_dist=100_repair_6_males=4_nmar=3,FG_theta_2.5,62,14,2.5,4,3
0.054,10,0,100,40.460252078613,275.59162072227724,43.253635784868,2,0.2,0.5382732745590691,182,D_pmar=0.054_dist=100_repair_6_males=4_nmar=3,FG_theta_2.5,77,11,2.5,4,3
0,11,100,0,39.758440862897125,302.0968200057509,18.246521296945403,0,0,0,182,D_pmar=0.054_dist=100_repair_6_males=4_nmar=3,FG_theta_2.5,73,12,2.5,4,3
0.054,6,100,100,39.57224136021005,294.9839480824432,24.31772806997346,7,0.7,0.48841423464378914,182,D_pmar=0.054_dist=100_repair_6_males=4_nmar=3,FG_theta_2.5,65,9,2.5,4,3
0.054,5,0,0,40.75557625344408,275.33320052174736,42.726698154918886,10,1,0.5325203084149983,183,D_pmar=0.054_dist=100_repair_6_males=4_nmar=3,FG_theta_2.5,64,5,2.5,4,3
0.054,13,0,100,38.26725569400055,283.9036117428197,36.43438665985442,11,1.1,0.5648148148148159,183,D_pmar=0.054_dist=100_repair_6_males=4_nmar=3,FG_theta_2.5,64,14,2.5,4,3
0,8,100,0,38.35486058619543,285.2400496708438,36.45438915878782,0,0,0,183,D_pmar=0.054_dist=100_repair_6_males=4_nmar=3,FG_theta_2.5,103,9,2.5,4,3
0.054,10,100,100,39.05182063794,277.4466416816571,42.70691907359017,5,0.5,0.4984678127699641,183,D_pmar=0.054_dist=100_repair_6_males=4_nmar=3,FG_theta_2.5,76,10,2.5,4,3
0.054,11,0,0,41.51395250197192,292.93511039155936,24.42783425899721,6,0.6,0.6102934096799214,184,D_pmar=0.054_dist=100_repair_6_males=4_nmar=3,FG_theta_2.5,61,15,2.5,4,3
0.054,6,0,100,41.67214863603101,272.66535020915836,44.520046474296166,7,0.7,0.45647212845577206,184,D_pmar=0.054_dist=100_repair_6_males=4_nmar=3,FG_theta_2.5,76,7,2.5,4,3
0.054,11,100,0,37.994730368679576,308.37840367286014,12.193374941384938,10,1,0.5447641090662606,184,D_pmar=0.054_dist=100_repair_6_males=4_nmar=3,FG_theta_2.5,59,14,2.5,4,3
0,8,100,100,40.1978581570394,265.3127502805817,54.68694991347114,0,0,0,184,D_pmar=0.054_dist=100_repair_6_males=4_nmar=3,FG_theta_2.5,97,11,2.5,4,3
0.054,8,0,0,40.16947567195661,287.549897523784,30.706118195774746,13,1.3,0.5355048498070014,185,D_pmar=0.054_dist=100_repair_6_males=4_nmar=3,FG_theta_2.5,80,9,2.5,4,3
0,11,0,100,40.36194405795303,271.39609119040585,48.37747012137308,0,0,0,185,D_pmar=0.054_dist=100_repair_6_males=4_nmar=3,FG_theta_2.5,102,12,2.5,4,3
0.054,10,100,0,37.60934195314405,265.56310595735835,55.59623187391809,7,0.7,0.5456148784369714,185,D_pmar=0.054_dist=100_repair_6_males=4_nmar=3,FG_theta_2.5,60,11,2.5,4,3
0.054,7,100,100,40.72107759965343,268.52317218859383,49.27352940922561,10,1,0.5286285471484896,185,D_pmar=0.054_dist=100_repair_6_males=4_nmar=3,FG_theta_2.5,56,10,2.5,4,3
0.054,8,0,0,39.65235536643918,276.4025612652096,43.043346081710226,5,0.5,0.5840478191321801,186,D_pmar=0.054_dist=100_repair_6_males=4_nmar=3,FG_theta_2.5,60,11,2.5,4,3
0.054,11,0,100,38.191110518252856,314.6442389249946,6.126219169003829,7,0.7,0.5138888888888897,186,D_pmar=0.054_dist=100_repair_6_males=4_nmar=3,FG_theta_2.5,69,15,2.5,4,3
0.054,8,100,0,38.928452261924,296.7361558731313,22.79301654064732,11,1.1,0.5099737450581057,186,D_pmar=0.054_dist=100_repair_6_males=4_nmar=3,FG_theta_2.5,65,10,2.5,4,3
0,9,100,100,39.8800136654194,253.2523193630388,67.02143664093788,0,0,0,186,D_pmar=0.054_dist=100_repair_6_males=4_nmar=3,FG_theta_2.5,121,13,2.5,4,3
0.054,7,0,0,38.61540157074226,289.5618277863745,30.57468916918395,9,0.8999999999999999,0.5837188014846548,187,D_pmar=0.054_dist=100_repair_6_males=4_nmar=3,FG_theta_2.5,50,11,2.5,4,3
0,8,0,100,38.55346525626931,266.8356943415796,54.82370496589119,0,0,0,187,D_pmar=0.054_dist=100_repair_6_males=4_nmar=3,FG_theta_2.5,91,11,2.5,4,3
0.054,10,100,0,39.3371828870632,288.69539072654135,30.775037234244856,8,0.7999999999999999,0.4248590399152805,187,D_pmar=0.054_dist=100_repair_6_males=4_nmar=3,FG_theta_2.5,85,12,2.5,4,3
0.054,11,100,100,40.2002453124591,287.98624394103524,30.59227027591194,8,0.7999999999999999,0.4960848561692169,187,D_pmar=0.054_dist=100_repair_6_males=4_nmar=3,FG_theta_2.5,58,12,2.5,4,3
0,7,0,0,39.76969442397041,247.8082426546023,72.57550153718739,0,0,0,188,D_pmar=0.054_dist=100_repair_6_males=4_nmar=3,FG_theta_2.5,111,10,2.5,4,3
0.054,11,0,100,39.13763540905666,270.57051523458574,48.6134653022668,12,1.2,0.6315239024467125,188,D_pmar=0.054_dist=100_repair_6_males=4_nmar=3,FG_theta_2.5,84,12,2.5,4,3
0.054,14,100,0,39.51186969810577,258.1155530551825,61.008373381784786,10,1,0.4027777777777782,188,D_pmar=0.054_dist=100_repair_6_males=4_nmar=3,FG_theta_2.5,66,16,2.5,4,3
0.054,4,100,100,40.79993464104082,286.8412392878279,30.39160496171404,13,1.3,0.6961459831858674,188,D_pmar=0.054_dist=100_repair_6_males=4_nmar=3,FG_theta_2.5,61,7,2.5,4,3
0.054,7,0,0,40.14656038074855,287.8768200404132,30.76527406712087,8,0.7999999999999999,0.4318716261456575,189,D_pmar=0.054_dist=100_repair_6_males=4_nmar=3,FG_theta_2.5,61,11,2.5,4,3
0.054,11,0,100,40.6247157736024,287.10440363175184,30.55022200170939,13,1.3,0.6500424209652311,189,D_pmar=0.054_dist=100_repair_6_males=4_nmar=3,FG_theta_2.5,54,17,2.5,4,3
0,11,100,0,39.25019038449559,253.5112168987363,67.46480911895054,0,0,0,189,D_pmar=0.054_dist=100_repair_6_males=4_nmar=3,FG_theta_2.5,97,13,2.5,4,3
0.054,7,100,100,38.49365963949861,259.18826993568325,60.98058626466414,10,1,0.4305555555555561,189,D_pmar=0.054_dist=100_repair_6_males=4_nmar=3,FG_theta_2.5,77,11,2.5,4,3
0,11,0,0,39.984124405523666,277.5439989206463,42.617252952827975,0,0,0,18,D_pmar=0.054_dist=100_repair_6_males=4_nmar=3,FG_theta_2.5,96,14,2.5,4,3
0.054,13,0,100,37.970406534848635,284.596727156144,36.5154833389258,6,0.6,0.4900028723776207,18,D_pmar=0.054_dist=100_repair_6_males=4_nmar=3,FG_theta_2.5,58,14,2.5,4,3
0.054,6,100,0,36.555160746171055,304.14793001606654,18.181835613746916,7,0.7,0.5312042378248971,18,D_pmar=0.054_dist=100_repair_6_males=4_nmar=3,FG_theta_2.5,66,7,2.5,4,3
0.054,6,100,100,37.39074618077629,291.1763313221063,30.29977948530533,8,0.7999999999999999,0.44444444444444503,18,D_pmar=0.054_dist=100_repair_6_males=4_nmar=3,FG_theta_2.5,68,10,2.5,4,3
0.054,13,0,0,38.83678600068226,295.0688023820182,24.57062694248749,10,1,0.5883484311142845,190,D_pmar=0.054_dist=100_repair_6_males=4_nmar=3,FG_theta_2.5,66,18,2.5,4,3
0.054,5,0,100,39.35234564453344,271.30911592556,48.57731620219188,5,0.5,0.4398712653186105,190,D_pmar=0.054_dist=100_repair_6_males=4_nmar=3,FG_theta_2.5,76,7,2.5,4,3
0,12,100,0,39.80379583591601,259.05929199900095,61.3808547721184,0,0,0,190,D_pmar=0.054_dist=100_repair_6_males=4_nmar=3,FG_theta_2.5,98,16,2.5,4,3
0.054,6,100,100,39.81484983556965,300.3910868176381,18.321966456421897,10,1,0.6391945239721402,190,D_pmar=0.054_dist=100_repair_6_males=4_nmar=3,FG_theta_2.5,63,10,2.5,4,3
0.054,8,0,0,40.11120266359348,281.9284484754454,36.88694181831229,6,0.6,0.5579151295920288,191,D_pmar=0.054_dist=100_repair_6_males=4_nmar=3,FG_theta_2.5,62,10,2.5,4,3
0.054,9,0,100,36.92509591504552,290.9038312295449,30.67850419743928,11,1.1,0.46764904309638833,191,D_pmar=0.054_dist=100_repair_6_males=4_nmar=3,FG_theta_2.5,73,10,2.5,4,3
0.054,12,100,0,38.152618299002015,271.78221646668493,48.5849176785067,10,1,0.5540233683255198,191,D_pmar=0.054_dist=100_repair_6_males=4_nmar=3,FG_theta_2.5,64,14,2.5,4,3
0,7,100,100,38.021171615747875,273.54035180076824,48.52888745026152,0,0,0,191,D_pmar=0.054_dist=100_repair_6_males=4_nmar=3,FG_theta_2.5,90,11,2.5,4,3
0.054,7,0,0,39.00281625475771,264.5909568664147,54.98920536183995,10,1,0.4700319996971357,192,D_pmar=0.054_dist=100_repair_6_males=4_nmar=3,FG_theta_2.5,65,12,2.5,4,3
0,6,0,100,38.29555915588966,248.75884016104635,73.15444731736476,0,0,0,192,D_pmar=0.054_dist=100_repair_6_males=4_nmar=3,FG_theta_2.5,99,12,2.5,4,3
0.054,10,100,0,40.01806445945277,275.6850462791616,42.56884041710747,12,1.2,0.5844332872835004,192,D_pmar=0.054_dist=100_repair_6_males=4_nmar=3,FG_theta_2.5,53,11,2.5,4,3
0.054,13,100,100,38.77167009327986,276.6795218888237,42.782265761978294,13,1.3,0.5019741058851528,192,D_pmar=0.054_dist=100_repair_6_males=4_nmar=3,FG_theta_2.5,67,17,2.5,4,3
0,8,0,0,39.23921486963411,271.92348096746707,48.94762894375823,0,0,0,193,D_pmar=0.054_dist=100_repair_6_males=4_nmar=3,FG_theta_2.5,100,12,2.5,4,3
0.054,11,0,100,38.81830652142891,301.5290326693253,18.195389680428537,10,1,0.49383818314033456,193,D_pmar=0.054_dist=100_repair_6_males=4_nmar=3,FG_theta_2.5,73,11,2.5,4,3
0.054,12,100,0,39.00748095319893,270.5198705121832,49.11521543364569,9,0.8999999999999999,0.5220812621375028,193,D_pmar=0.054_dist=100_repair_6_males=4_nmar=3,FG_theta_2.5,62,16,2.5,4,3
0.054,5,100,100,37.614327029784256,284.6341633527101,36.84996798796936,6,0.6,0.512356701658853,193,D_pmar=0.054_dist=100_repair_6_males=4_nmar=3,FG_theta_2.5,57,8,2.5,4,3
0.054,13,0,0,36.9652659548969,284.71601998909085,36.68377063057806,13,1.3,0.458333333333334,194,D_pmar=0.054_dist=100_repair_6_males=4_nmar=3,FG_theta_2.5,69,16,2.5,4,3
0,3,0,100,40.01721970717981,222.653961344467,97.53016169226753,0,0,0,194,D_pmar=0.054_dist=100_repair_6_males=4_nmar=3,FG_theta_2.5,106,8,2.5,4,3
0.054,11,100,0,38.03411478523472,259.78044096437793,61.03500293137567,7,0.7,0.45296583534058354,194,D_pmar=0.054_dist=100_repair_6_males=4_nmar=3,FG_theta_2.5,79,13,2.5,4,3
0.054,9,100,100,39.58680089753036,306.02617902261835,12.257876137616876,14,1.4,0.7686878700299051,194,D_pmar=0.054_dist=100_repair_6_males=4_nmar=3,FG_theta_2.5,60,12,2.5,4,3
0,6,0,0,36.43698249092957,286.830090417327,36.812984219666284,0,0,0,195,D_pmar=0.054_dist=100_repair_6_males=4_nmar=3,FG_theta_2.5,85,6,2.5,4,3
0.054,13,0,100,37.40947487632959,296.26297657196,24.41617343924306,13,1.3,0.6203469878060963,195,D_pmar=0.054_dist=100_repair_6_males=4_nmar=3,FG_theta_2.5,67,15,2.5,4,3
0.054,9,100,0,39.368245618748055,282.78390267054016,36.81261447631176,6,0.6,0.5254512716808265,195,D_pmar=0.054_dist=100_repair_6_males=4_nmar=3,FG_theta_2.5,61,9,2.5,4,3
0.054,8,100,100,38.367644528546265,259.4196605912126,61.167259789704566,7,0.7,0.4595131203515701,195,D_pmar=0.054_dist=100_repair_6_males=4_nmar=3,FG_theta_2.5,77,10,2.5,4,3
0,5,0,0,40.130792552436155,265.39914243503455,54.599838771822455,0,0,0,196,D_pmar=0.054_dist=100_repair_6_males=4_nmar=3,FG_theta_2.5,97,9,2.5,4,3
0.054,10,0,100,37.30158099351203,260.8211837587649,60.830414327856595,7,0.7,0.4800057447552407,196,D_pmar=0.054_dist=100_repair_6_males=4_nmar=3,FG_theta_2.5,75,15,2.5,4,3
0.054,13,100,0,40.39096226746825,305.535279707043,12.29462366727622,13,1.3,0.5092592592592601,196,D_pmar=0.054_dist=100_repair_6_males=4_nmar=3,FG_theta_2.5,51,16,2.5,4,3
0.054,8,100,100,39.02133545675188,289.29038359835903,30.714727355954672,6,0.6,0.5093157097630551,196,D_pmar=0.054_dist=100_repair_6_males=4_nmar=3,FG_theta_2.5,63,10,2.5,4,3
0.054,10,0,0,36.25528918660568,304.479231208028,18.175801509899397,6,0.6,0.5092592592592601,197,D_pmar=0.054_dist=100_repair_6_males=4_nmar=3,FG_theta_2.5,65,11,2.5,4,3
0.054,10,0,100,40.593348682719245,256.8851561851515,61.08240686114168,12,1.2,0.506331168371052,197,D_pmar=0.054_dist=100_repair_6_males=4_nmar=3,FG_theta_2.5,81,12,2.5,4,3
0.054,7,100,0,40.00557019368964,294.0927344076903,24.586894215435983,9,0.8999999999999999,0.5543523859730453,197,D_pmar=0.054_dist=100_repair_6_males=4_nmar=3,FG_theta_2.5,57,8,2.5,4,3
0,9,100,100,38.12609337828788,261.05160171012193,60.840606437331026,0,0,0,197,D_pmar=0.054_dist=100_repair_6_males=4_nmar=3,FG_theta_2.5,98,14,2.5,4,3
0.054,10,0,0,39.1450377944477,264.7299827604057,55.15085758990739,7,0.7,0.5594473168220655,198,D_pmar=0.054_dist=100_repair_6_males=4_nmar=3,FG_theta_2.5,76,11,2.5,4,3
0.054,10,0,100,38.98189531817399,294.9698201705344,24.508584875540876,11,1.1,0.5798036576538707,198,D_pmar=0.054_dist=100_repair_6_males=4_nmar=3,FG_theta_2.5,61,10,2.5,4,3
0.054,9,100,0,40.31069414263476,281.7335621222998,36.50861950666399,10,1,0.4768518518518526,198,D_pmar=0.054_dist=100_repair_6_males=4_nmar=3,FG_theta_2.5,59,9,2.5,4,3
0,7,100,100,37.67171593988204,270.40787804767916,51.96234369086685,0,0,0,198,D_pmar=0.054_dist=100_repair_6_males=4_nmar=3,FG_theta_2.5,110,8,2.5,4,3
0.054,11,0,0,38.79369932465228,276.66971709489525,42.92770527854384,12,1.2,0.41666666666666713,199,D_pmar=0.054_dist=100_repair_6_males=4_nmar=3,FG_theta_2.5,50,13,2.5,4,3
0.054,7,0,100,40.664192578552026,257.3709520669837,61.07891863308442,7,0.7,0.33385508505651906,199,D_pmar=0.054_dist=100_repair_6_males=4_nmar=3,FG_theta_2.5,46,12,2.5,4,3
0,10,100,0,38.45663242203886,279.372869949351,42.179185844874816,0,0,0,199,D_pmar=0.054_dist=100_repair_6_males=4_nmar=3,FG_theta_2.5,83,12,2.5,4,3
0.054,8,100,100,38.68550869146104,295.7143528877657,24.398423020444813,9,0.8999999999999999,0.38590434749688624,199,D_pmar=0.054_dist=100_repair_6_males=4_nmar=3,FG_theta_2.5,47,12,2.5,4,3
0.054,13,0,0,40.276546312149186,288.0630026795838,30.57813273436725,7,0.7,0.5292865824435401,19,D_pmar=0.054_dist=100_repair_6_males=4_nmar=3,FG_theta_2.5,62,14,2.5,4,3
0,13,0,100,41.01684580117827,306.76141487697265,12.361533111357456,0,0,0,19,D_pmar=0.054_dist=100_repair_6_males=4_nmar=3,FG_theta_2.5,79,16,2.5,4,3
0.054,4,100,0,39.32863257803815,282.6615849389536,36.6778493198978,8,0.7999999999999999,0.6248403338638607,19,D_pmar=0.054_dist=100_repair_6_males=4_nmar=3,FG_theta_2.5,62,5,2.5,4,3
0.054,6,100,100,38.78649224384706,284.00666290884874,36.38946045433173,4,0.4,0.4275710141635531,19,D_pmar=0.054_dist=100_repair_6_males=4_nmar=3,FG_theta_2.5,79,6,2.5,4,3
0.054,15,0,0,40.39506460434647,294.0012398245324,24.466747624764995,8,0.7999999999999999,0.5305462025298464,200,D_pmar=0.054_dist=100_repair_6_males=4_nmar=3,FG_theta_2.5,63,16,2.5,4,3
0.054,9,0,100,38.756985780425026,295.2857081420517,24.461358224653853,11,1.1,0.5185749690223144,200,D_pmar=0.054_dist=100_repair_6_males=4_nmar=3,FG_theta_2.5,72,11,2.5,4,3
0.054,5,100,0,39.530896898381755,258.24101249264436,61.112014159483415,7,0.7,0.4837846050141595,200,D_pmar=0.054_dist=100_repair_6_males=4_nmar=3,FG_theta_2.5,71,8,2.5,4,3
0,7,100,100,40.39685169544643,271.04852673692704,48.58624783684768,0,0,0,200,D_pmar=0.054_dist=100_repair_6_males=4_nmar=3,FG_theta_2.5,87,8,2.5,4,3
0.054,5,0,0,38.75360701798125,302.0631878873334,18.39693471541983,5,0.5,0.4572664473226879,201,D_pmar=0.054_dist=100_repair_6_males=4_nmar=3,FG_theta_2.5,57,6,2.5,4,3
0.054,12,0,100,39.35955711055095,258.1275409911526,61.00912638493607,11,1.1,0.5540798188293149,201,D_pmar=0.054_dist=100_repair_6_males=4_nmar=3,FG_theta_2.5,63,15,2.5,4,3
0.054,10,100,0,38.48076965152222,271.37148819506837,48.79248725470203,11,1.1,0.4398148148148154,201,D_pmar=0.054_dist=100_repair_6_males=4_nmar=3,FG_theta_2.5,60,14,2.5,4,3
0,9,100,100,38.8796312817346,284.67938767231743,36.59161373586483,0,0,0,201,D_pmar=0.054_dist=100_repair_6_males=4_nmar=3,FG_theta_2.5,97,12,2.5,4,3
0.054,12,0,0,38.60829706981848,271.3338039319137,48.90506273346818,8,0.7999999999999999,0.36626249246392656,202,D_pmar=0.054_dist=100_repair_6_males=4_nmar=3,FG_theta_2.5,81,16,2.5,4,3
0,5,0,100,37.51598798568569,255.3029205574772,67.2070718260486,0,0,0,202,D_pmar=0.054_dist=100_repair_6_males=4_nmar=3,FG_theta_2.5,90,11,2.5,4,3
0.054,6,100,0,37.64902684526778,278.22499732056417,42.664031223775666,9,0.8999999999999999,0.6222646431874533,202,D_pmar=0.054_dist=100_repair_6_males=4_nmar=3,FG_theta_2.5,53,9,2.5,4,3
0.054,13,100,100,37.43624474452727,296.5567338348446,24.244308726459337,13,1.3,0.5548176871924356,202,D_pmar=0.054_dist=100_repair_6_males=4_nmar=3,FG_theta_2.5,58,14,2.5,4,3
0.054,11,0,0,41.718505785038744,304.28148304646993,12.125591262962695,13,1.3,0.599854363402426,203,D_pmar=0.054_dist=100_repair_6_males=4_nmar=3,FG_theta_2.5,61,14,2.5,4,3
0.054,8,0,100,38.94108060393356,283.20231127983806,36.68821864408334,7,0.7,0.5890629169131298,203,D_pmar=0.054_dist=100_repair_6_males=4_nmar=3,FG_theta_2.5,70,10,2.5,4,3
0,9,100,0,36.63469480773853,268.1680421851322,55.22612995359985,0,0,0,203,D_pmar=0.054_dist=100_repair_6_males=4_nmar=3,FG_theta_2.5,91,11,2.5,4,3
0.054,8,100,100,38.38418993766905,283.88655821973384,37.17858285975303,4,0.4,0.4417889206999674,203,D_pmar=0.054_dist=100_repair_6_males=4_nmar=3,FG_theta_2.5,71,10,2.5,4,3
0,7,0,0,39.58595064551477,289.2422869470884,31.181489522871807,0,0,0,204,D_pmar=0.054_dist=100_repair_6_males=4_nmar=3,FG_theta_2.5,85,8,2.5,4,3
0.054,9,0,100,38.55018203363036,277.22338597271977,42.869287229128,10,1,0.4357069369083713,204,D_pmar=0.054_dist=100_repair_6_males=4_nmar=3,FG_theta_2.5,66,10,2.5,4,3
0.054,10,100,0,38.583089395064505,301.51618711752405,18.416622041778897,10,1,0.5401344794366311,204,D_pmar=0.054_dist=100_repair_6_males=4_nmar=3,FG_theta_2.5,68,14,2.5,4,3
0.054,10,100,100,40.983755334279415,275.25939322144086,43.10761271150867,3,0.30000000000000004,0.4892085535107049,204,D_pmar=0.054_dist=100_repair_6_males=4_nmar=3,FG_theta_2.5,61,14,2.5,4,3
0.054,7,0,0,38.187940299813135,284.6773539772515,36.412951561034305,5,0.5,0.4229413845339233,205,D_pmar=0.054_dist=100_repair_6_males=4_nmar=3,FG_theta_2.5,68,10,2.5,4,3
0.054,13,0,100,37.943162144962656,276.0499616248504,45.05102088080043,4,0.4,0.5813922953877023,205,D_pmar=0.054_dist=100_repair_6_males=4_nmar=3,FG_theta_2.5,55,16,2.5,4,3
0.054,12,100,0,40.47179524013835,299.7436319841089,18.112087172142207,14,1.4,0.3981481481481486,205,D_pmar=0.054_dist=100_repair_6_males=4_nmar=3,FG_theta_2.5,53,12,2.5,4,3
0,4,100,100,37.6734147370505,285.69306654577275,36.6427464487096,0,0,0,205,D_pmar=0.054_dist=100_repair_6_males=4_nmar=3,FG_theta_2.5,88,6,2.5,4,3
0,9,0,0,39.589771738536335,265.92368580965245,54.581639860390894,0,0,0,206,D_pmar=0.054_dist=100_repair_6_males=4_nmar=3,FG_theta_2.5,91,14,2.5,4,3
0.054,9,0,100,39.660674647116714,282.568562281816,36.55015276463013,9,0.8999999999999999,0.365740740740741,206,D_pmar=0.054_dist=100_repair_6_males=4_nmar=3,FG_theta_2.5,62,10,2.5,4,3
0.054,11,100,0,38.04127741221983,284.7134018822588,36.445896020565755,5,0.5,0.4695666984777453,206,D_pmar=0.054_dist=100_repair_6_males=4_nmar=3,FG_theta_2.5,50,13,2.5,4,3
0.054,7,100,100,38.74503098512454,282.91154578458264,36.45721211569974,13,1.3,0.5903225369994363,206,D_pmar=0.054_dist=100_repair_6_males=4_nmar=3,FG_theta_2.5,66,10,2.5,4,3
0.054,13,0,0,38.46122526727742,283.6743825673443,36.54603127833963,10,1,0.4353779192608459,207,D_pmar=0.054_dist=100_repair_6_males=4_nmar=3,FG_theta_2.5,78,15,2.5,4,3
0.054,8,0,100,42.225184848796005,292.256391523138,24.69258484413509,6,0.6,0.49350916549280927,207,D_pmar=0.054_dist=100_repair_6_males=4_nmar=3,FG_theta_2.5,61,13,2.5,4,3
0.054,7,100,0,38.94041774977213,295.45198487480377,24.44019430087062,8,0.7999999999999999,0.52928658244354,207,D_pmar=0.054_dist=100_repair_6_males=4_nmar=3,FG_theta_2.5,43,9,2.5,4,3
0,8,100,100,38.38561242890455,264.4115734136058,57.29490681957816,0,0,0,207,D_pmar=0.054_dist=100_repair_6_males=4_nmar=3,FG_theta_2.5,99,8,2.5,4,3
0.054,9,0,0,40.625348934360154,270.51384445640014,47.412593978792046,9,0.8999999999999999,0.55440883647684025,208,D_pmar=0.054_dist=100_repair_6_males=4_nmar=3,FG_theta_2.5,68,10,2.5,4,3
0.054,8,0,100,37.85927736009045,296.44564529451725,24.393014655513564,10,1,0.4679780607439136,208,D_pmar=0.054_dist=100_repair_6_males=4_nmar=3,FG_theta_2.5,58,10,2.5,4,3
0.054,10,100,0,40.84874440635206,281.5104571237875,36.72678501930893,6,0.6,0.4679780607439136,208,D_pmar=0.054_dist=100_repair_6_males=4_nmar=3,FG_theta_2.5,60,10,2.5,4,3
0,9,100,100,39.81008145441517,277.29475165342643,42.93006922689385,0,0,0,208,D_pmar=0.054_dist=100_repair_6_males=4_nmar=3,FG_theta_2.5,80,13,2.5,4,3
0.054,11,0,0,40.38755423087506,288.0727379389603,30.528182536120465,7,0.7,0.504220778914035,209,D_pmar=0.054_dist=100_repair_6_males=4_nmar=3,FG_theta_2.5,58,13,2.5,4,3
0.054,11,0,100,38.323835288045245,289.5782454296189,30.89650599814409,7,0.7,0.5567353425737928,209,D_pmar=0.054_dist=100_repair_6_males=4_nmar=3,FG_theta_2.5,76,12,2.5,4,3
0.054,5,100,0,38.4403922535594,277.12917747247417,42.58334972362855,14,1.4,0.5412578159510723,209,D_pmar=0.054_dist=100_repair_6_males=4_nmar=3,FG_theta_2.5,71,7,2.5,4,3
0,9,100,100,39.690748843073365,253.15570705002335,67.19877656897997,0,0,0,209,D_pmar=0.054_dist=100_repair_6_males=4_nmar=3,FG_theta_2.5,98,10,2.5,4,3
0.054,9,0,0,38.257690121354,277.5615976857428,42.71874130936104,11,1.1,0.45838978383712903,20,D_pmar=0.054_dist=100_repair_6_males=4_nmar=3,FG_theta_2.5,64,11,2.5,4,3
0.054,8,0,100,39.331793101823315,288.9987609712866,30.502933050113217,7,0.7,0.5316695390442875,20,D_pmar=0.054_dist=100_repair_6_males=4_nmar=3,FG_theta_2.5,62,11,2.5,4,3
0.054,9,100,0,40.03625310803979,275.46577745241916,43.13155353773245,10,1,0.5412578159510721,20,D_pmar=0.054_dist=100_repair_6_males=4_nmar=3,FG_theta_2.5,65,10,2.5,4,3
0,10,100,100,40.023278632949385,265.2139268029043,54.87066371255996,0,0,0,20,D_pmar=0.054_dist=100_repair_6_males=4_nmar=3,FG_theta_2.5,100,11,2.5,4,3
0,16,0,0,40.04086590272737,259.4404670707292,60.730355925195106,0,0,0,210,D_pmar=0.054_dist=100_repair_6_males=4_nmar=3,FG_theta_2.5,111,18,2.5,4,3
0.054,9,0,100,40.65474406508938,263.20724172228296,54.5498712077639,11,1.1,0.4935091654928093,210,D_pmar=0.054_dist=100_repair_6_males=4_nmar=3,FG_theta_2.5,70,13,2.5,4,3
0.054,4,100,0,38.680178904987976,270.5233497837614,49.23829773441118,12,1.2,0.4831265697191088,210,D_pmar=0.054_dist=100_repair_6_males=4_nmar=3,FG_theta_2.5,60,7,2.5,4,3
0.054,7,100,100,34.60832517860403,293.13939600799745,30.687089204306947,10,1,0.605005744755241,210,D_pmar=0.054_dist=100_repair_6_males=4_nmar=3,FG_theta_2.5,53,9,2.5,4,3
0.054,13,0,0,41.40822609283907,298.5714898861014,18.295930656454136,11,1.1,0.6735195867609045,211,D_pmar=0.054_dist=100_repair_6_males=4_nmar=3,FG_theta_2.5,55,14,2.5,4,3
0,7,0,100,41.90523817098092,256.46147079331496,61.67091287809219,0,0,0,211,D_pmar=0.054_dist=100_repair_6_males=4_nmar=3,FG_theta_2.5,102,10,2.5,4,3
0.054,12,100,0,39.38533465806228,288.9386971544083,30.50416593573278,8,0.7999999999999999,0.5046860801334254,211,D_pmar=0.054_dist=100_repair_6_males=4_nmar=3,FG_theta_2.5,61,13,2.5,4,3
0.054,4,100,100,39.30290071898175,271.12080337759613,48.66742971231174,7,0.7,0.4202294102856507,211,D_pmar=0.054_dist=100_repair_6_males=4_nmar=3,FG_theta_2.5,73,4,2.5,4,3
0.054,7,0,0,38.82035891816191,283.37581636120996,36.728564102731106,8,0.7999999999999999,0.3888888888888892,212,D_pmar=0.054_dist=100_repair_6_males=4_nmar=3,FG_theta_2.5,72,8,2.5,4,3
0.054,7,0,100,36.93987181520286,297.3662121609477,24.44152750862063,6,0.6,0.6538212812241501,212,D_pmar=0.054_dist=100_repair_6_males=4_nmar=3,FG_theta_2.5,58,9,2.5,4,3
0.054,10,100,0,38.08194226805748,289.81801934784977,30.944415628856188,7,0.7,0.5019741058851527,212,D_pmar=0.054_dist=100_repair_6_males=4_nmar=3,FG_theta_2.5,78,13,2.5,4,3
0,12,100,100,38.92742661604824,284.2666556564659,36.86871407942574,0,0,0,212,D_pmar=0.054_dist=100_repair_6_males=4_nmar=3,FG_theta_2.5,95,12,2.5,4,3
0.054,9,0,0,37.42019462171425,296.3390583473278,24.771581522527487,10,1,0.5208216420511966,213,D_pmar=0.054_dist=100_repair_6_males=4_nmar=3,FG_theta_2.5,58,12,2.5,4,3
0.054,13,0,100,37.99877300640932,278.59981069806594,42.77895670055418,3,0.30000000000000004,0.3902049594789906,213,D_pmar=0.054_dist=100_repair_6_males=4_nmar=3,FG_theta_2.5,60,17,2.5,4,3
0.054,8,100,0,38.58765023108322,287.67286536477883,32.42910258181169,11,1.1,0.552105712944163,213,D_pmar=0.054_dist=100_repair_6_males=4_nmar=3,FG_theta_2.5,65,9,2.5,4,3
0,6,100,100,36.936994392462246,280.66906707047553,42.508987702744065,0,0,0,213,D_pmar=0.054_dist=100_repair_6_males=4_nmar=3,FG_theta_2.5,97,10,2.5,4,3
0,6,0,0,38.9481424626671,254.2399349175958,66.90497738171968,0,0,0,214,D_pmar=0.054_dist=100_repair_6_males=4_nmar=3,FG_theta_2.5,100,12,2.5,4,3
0.054,11,0,100,39.95471421798569,275.46485627590965,42.83131357956686,13,1.3,0.5216724114219075,214,D_pmar=0.054_dist=100_repair_6_males=4_nmar=3,FG_theta_2.5,63,13,2.5,4,3
0.054,12,100,0,39.79579408430847,275.93551439688645,42.99617664976236,9,0.8999999999999999,0.4675925925925933,214,D_pmar=0.054_dist=100_repair_6_males=4_nmar=3,FG_theta_2.5,51,14,2.5,4,3
0.054,7,100,100,40.36286870264651,269.3979094654515,48.727247127157135,11,1.1,0.4556778095888563,214,D_pmar=0.054_dist=100_repair_6_males=4_nmar=3,FG_theta_2.5,60,7,2.5,4,3
0.054,9,0,0,38.85496202278985,276.80352092897067,43.55987966240944,3,0.30000000000000004,0.5088504085436646,215,D_pmar=0.054_dist=100_repair_6_males=4_nmar=3,FG_theta_2.5,89,14,2.5,4,3
0,8,0,100,39.50538745214499,253.49934175198493,67.11075812024087,0,0,0,215,D_pmar=0.054_dist=100_repair_6_males=4_nmar=3,FG_theta_2.5,97,11,2.5,4,3
0.054,8,100,0,38.9644990342295,295.0896527414128,24.352918525642185,11,1.1,0.5420521348179879,215,D_pmar=0.054_dist=100_repair_6_males=4_nmar=3,FG_theta_2.5,67,10,2.5,4,3
0.054,11,100,100,40.55485199567088,293.6962438554167,24.19956483710607,12,1.2,0.6495206692420458,215,D_pmar=0.054_dist=100_repair_6_males=4_nmar=3,FG_theta_2.5,65,12,2.5,4,3
0.054,10,0,0,39.11852408791088,277.5103515814013,42.49862452136083,7,0.7,0.4599784215709607,216,D_pmar=0.054_dist=100_repair_6_males=4_nmar=3,FG_theta_2.5,56,11,2.5,4,3
0.054,10,0,100,40.03082925408089,269.54389151126037,48.831329924488614,13,1.3,0.4675925925925933,216,D_pmar=0.054_dist=100_repair_6_males=4_nmar=3,FG_theta_2.5,67,14,2.5,4,3
0,7,100,0,40.115308973955656,289.3415122031037,30.634541788763585,0,0,0,216,D_pmar=0.054_dist=100_repair_6_males=4_nmar=3,FG_theta_2.5,86,11,2.5,4,3
0.054,9,100,100,38.50505072594018,271.3141923185912,48.957566982231015,8,0.7999999999999999,0.4422542219193578,216,D_pmar=0.054_dist=100_repair_6_males=4_nmar=3,FG_theta_2.5,67,13,2.5,4,3
0,8,0,0,38.61612778926811,248.12296694597404,73.43839260991184,0,0,0,217,D_pmar=0.054_dist=100_repair_6_males=4_nmar=3,FG_theta_2.5,99,11,2.5,4,3
0.054,9,0,100,39.746098891651926,263.3186157420364,55.32425845646106,13,1.3,0.54429880784687,217,D_pmar=0.054_dist=100_repair_6_males=4_nmar=3,FG_theta_2.5,62,11,2.5,4,3
0.054,9,100,0,40.11917076085599,252.98905252243236,64.98384540826333,14,1.4,0.5475325338183283,217,D_pmar=0.054_dist=100_repair_6_males=4_nmar=3,FG_theta_2.5,78,12,2.5,4,3
0.054,10,100,100,39.1159329444376,276.83436106763537,42.42099624484987,12,1.2,0.4861111111111119,217,D_pmar=0.054_dist=100_repair_6_males=4_nmar=3,FG_theta_2.5,60,13,2.5,4,3
0.054,10,0,0,39.142376939928326,282.278165745946,36.995532381482505,10,1,0.5987310268879849,218,D_pmar=0.054_dist=100_repair_6_males=4_nmar=3,FG_theta_2.5,68,16,2.5,4,3
0.054,12,0,100,39.410136255531775,276.7226928914825,42.81692960989973,8,0.7999999999999999,0.3425925925925927,218,D_pmar=0.054_dist=100_repair_6_males=4_nmar=3,FG_theta_2.5,70,15,2.5,4,3
0,7,100,0,41.07565529717369,252.01849767446893,66.93478681880056,0,0,0,218,D_pmar=0.054_dist=100_repair_6_males=4_nmar=3,FG_theta_2.5,101,10,2.5,4,3
0.054,7,100,100,38.027225536338456,283.9475397380739,36.33898234887417,12,1.2,0.6345648943425106,218,D_pmar=0.054_dist=100_repair_6_males=4_nmar=3,FG_theta_2.5,55,12,2.5,4,3
0.054,11,0,0,41.50410906839443,301.32578391148047,15.31437791992412,13,1.3,0.5790891718550251,219,D_pmar=0.054_dist=100_repair_6_males=4_nmar=3,FG_theta_2.5,57,12,2.5,4,3
0.054,8,0,100,37.33826407379181,290.8798478642138,30.78592982877062,6,0.6,0.48392088858602456,219,D_pmar=0.054_dist=100_repair_6_males=4_nmar=3,FG_theta_2.5,60,11,2.5,4,3
0.054,10,100,0,42.78344867415349,273.6475756721284,42.69633630450713,6,0.6,0.4545544730744152,219,D_pmar=0.054_dist=100_repair_6_males=4_nmar=3,FG_theta_2.5,79,11,2.5,4,3
0,7,100,100,40.66053339748501,258.78069694320493,60.65977784095638,0,0,0,219,D_pmar=0.054_dist=100_repair_6_males=4_nmar=3,FG_theta_2.5,97,10,2.5,4,3
0.054,8,0,0,38.44843753544974,300.91388157443237,19.24171605529341,10,1,0.4212962962962968,21,D_pmar=0.054_dist=100_repair_6_males=4_nmar=3,FG_theta_2.5,71,9,2.5,4,3
0.054,15,0,100,38.58244911769138,270.69837372029144,49.22447699994021,11,1.1,0.43140632492626696,21,D_pmar=0.054_dist=100_repair_6_males=4_nmar=3,FG_theta_2.5,69,18,2.5,4,3
0.054,6,100,0,40.25665786993208,288.0774464887143,30.43865838350091,6,0.6,0.6473304467169583,21,D_pmar=0.054_dist=100_repair_6_males=4_nmar=3,FG_theta_2.5,55,9,2.5,4,3
0,7,100,100,39.25949727526711,263.97045708107737,57.031366228635775,0,0,0,21,D_pmar=0.054_dist=100_repair_6_males=4_nmar=3,FG_theta_2.5,88,9,2.5,4,3
0.054,5,0,0,41.15853813571069,298.3603919201103,18.803898158494732,12,1.2,0.6091136226616851,220,D_pmar=0.054_dist=100_repair_6_males=4_nmar=3,FG_theta_2.5,58,6,2.5,4,3
0.054,9,0,100,38.51095677122761,259.17455513515625,61.59539050803478,4,0.4,0.3970812621375026,220,D_pmar=0.054_dist=100_repair_6_males=4_nmar=3,FG_theta_2.5,85,11,2.5,4,3
0,11,100,0,42.57052461507708,281.09459450353563,36.43240627352681,0,0,0,220,D_pmar=0.054_dist=100_repair_6_males=4_nmar=3,FG_theta_2.5,88,12,2.5,4,3
0.054,11,100,100,40.4154778919502,287.74307486125,30.535569266125528,9,0.8999999999999999,0.5529000318110789,220,D_pmar=0.054_dist=100_repair_6_males=4_nmar=3,FG_theta_2.5,66,12,2.5,4,3
0.054,7,0,0,37.414081965764595,291.31523911332357,30.43002842788448,3,0.30000000000000004,0.5780222858443789,221,D_pmar=0.054_dist=100_repair_6_males=4_nmar=3,FG_theta_2.5,58,7,2.5,4,3
0.054,8,0,100,38.975287868061905,283.2346454183744,36.97835752889632,4,0.4,0.4460895326820718,221,D_pmar=0.054_dist=100_repair_6_males=4_nmar=3,FG_theta_2.5,69,10,2.5,4,3
0.054,14,100,0,37.398123969369415,315.0418391380818,6.192231845421957,10,1,0.4861111111111119,221,D_pmar=0.054_dist=100_repair_6_males=4_nmar=3,FG_theta_2.5,65,18,2.5,4,3
0,7,100,100,38.56138168473176,290.89302805434204,30.55985579788409,0,0,0,221,D_pmar=0.054_dist=100_repair_6_males=4_nmar=3,FG_theta_2.5,99,8,2.5,4,3
0.054,11,0,0,39.16671919498014,258.82418555788615,61.00984105815576,6,0.6,0.40415029887167464,222,D_pmar=0.054_dist=100_repair_6_males=4_nmar=3,FG_theta_2.5,67,14,2.5,4,3
0.054,4,0,100,39.77852997205193,282.29988955932566,36.61544304043997,9,0.8999999999999999,0.5134800381732944,222,D_pmar=0.054_dist=100_repair_6_males=4_nmar=3,FG_theta_2.5,57,9,2.5,4,3
0,9,100,0,38.130617620731286,285.22853356604134,36.64885923029415,0,0,0,222,D_pmar=0.054_dist=100_repair_6_males=4_nmar=3,FG_theta_2.5,81,11,2.5,4,3
0.054,12,100,100,37.817050842825374,283.9382542456264,36.71742221062515,13,1.3,0.41666666666666713,222,D_pmar=0.054_dist=100_repair_6_males=4_nmar=3,FG_theta_2.5,48,16,2.5,4,3
0.054,11,0,0,39.80716330219169,294.80284999516346,24.283069151678184,6,0.6,0.5706242314626816,223,D_pmar=0.054_dist=100_repair_6_males=4_nmar=3,FG_theta_2.5,64,13,2.5,4,3
0,5,0,100,38.67611599761648,253.91654272312888,67.4579504136769,0,0,0,223,D_pmar=0.054_dist=100_repair_6_males=4_nmar=3,FG_theta_2.5,119,14,2.5,4,3
0.054,12,100,0,39.123750918393945,282.6292106067981,36.766412649750336,11,1.1,0.4864965792624323,223,D_pmar=0.054_dist=100_repair_6_males=4_nmar=3,FG_theta_2.5,79,14,2.5,4,3
0.054,8,100,100,37.96095555306304,296.2319476869733,24.28761456538809,8,0.7999999999999999,0.7241164950393053,223,D_pmar=0.054_dist=100_repair_6_males=4_nmar=3,FG_theta_2.5,66,9,2.5,4,3
0.054,9,0,0,37.12837546017183,296.8265730849531,24.425713393844187,11,1.1,0.5401909299404261,224,D_pmar=0.054_dist=100_repair_6_males=4_nmar=3,FG_theta_2.5,66,12,2.5,4,3
0,7,0,100,39.254556172571064,260.2398178519332,60.80365837224527,0,0,0,224,D_pmar=0.054_dist=100_repair_6_males=4_nmar=3,FG_theta_2.5,85,10,2.5,4,3
0.054,8,100,0,38.8504247260761,282.7601480637266,36.75673796109513,11,1.1,0.5350395485876109,224,D_pmar=0.054_dist=100_repair_6_males=4_nmar=3,FG_theta_2.5,52,11,2.5,4,3
0.054,12,100,100,40.41310105132205,276.46328181496386,42.32644437039416,5,0.5,0.364673854730095,224,D_pmar=0.054_dist=100_repair_6_males=4_nmar=3,FG_theta_2.5,55,18,2.5,4,3
0,13,0,0,39.404575562896625,272.08868308799975,48.84069999810217,0,0,0,225,D_pmar=0.054_dist=100_repair_6_males=4_nmar=3,FG_theta_2.5,93,14,2.5,4,3
0.054,7,0,100,40.76040268693294,263.103488903777,55.23885372694659,5,0.5,0.46030743921848594,225,D_pmar=0.054_dist=100_repair_6_males=4_nmar=3,FG_theta_2.5,54,10,2.5,4,3
0.054,9,100,0,40.300619446084376,275.7723619430923,42.45938990934952,11,1.1,0.417517436037378,225,D_pmar=0.054_dist=100_repair_6_males=4_nmar=3,FG_theta_2.5,58,13,2.5,4,3
0.054,7,100,100,38.85027663780606,294.97964649836575,24.56919303283708,12,1.2,0.4711553362115769,225,D_pmar=0.054_dist=100_repair_6_males=4_nmar=3,FG_theta_2.5,52,11,2.5,4,3
0.054,5,0,0,39.24309471643931,288.9917076162957,30.501661583069072,9,0.8999999999999999,0.3888888888888892,226,D_pmar=0.054_dist=100_repair_6_males=4_nmar=3,FG_theta_2.5,69,7,2.5,4,3
0.054,9,0,100,39.03576811293776,277.02624901325834,42.6691676956275,8,0.7999999999999999,0.5123567016588533,226,D_pmar=0.054_dist=100_repair_6_males=4_nmar=3,FG_theta_2.5,63,11,2.5,4,3
0,15,100,0,38.50088715826435,258.0424097745248,63.510188530668735,0,0,0,226,D_pmar=0.054_dist=100_repair_6_males=4_nmar=3,FG_theta_2.5,110,19,2.5,4,3
0.054,7,100,100,35.92540819927494,310.55154974473436,12.10864881948443,8,0.7999999999999999,0.6241258480650154,226,D_pmar=0.054_dist=100_repair_6_males=4_nmar=3,FG_theta_2.5,56,10,2.5,4,3
0.054,10,0,0,41.78175840317871,274.0212797566691,42.70967807691473,11,1.1,0.458333333333334,227,D_pmar=0.054_dist=100_repair_6_males=4_nmar=3,FG_theta_2.5,46,13,2.5,4,3
0.054,9,0,100,38.71362963700509,288.8364314095128,30.640304007753805,13,1.3,0.5208780925549916,227,D_pmar=0.054_dist=100_repair_6_males=4_nmar=3,FG_theta_2.5,60,11,2.5,4,3
0.054,11,100,0,38.635252396628054,289.57568981256145,30.91146068433036,5,0.5,0.45263681769305825,227,D_pmar=0.054_dist=100_repair_6_males=4_nmar=3,FG_theta_2.5,57,13,2.5,4,3
0,6,100,100,38.67608214921375,248.38234886784625,73.0628936917226,0,0,0,227,D_pmar=0.054_dist=100_repair_6_males=4_nmar=3,FG_theta_2.5,109,10,2.5,4,3
0.054,10,0,0,37.46605796006096,254.81017591569264,66.75633471879907,6,0.6,0.3871639675831925,228,D_pmar=0.054_dist=100_repair_6_males=4_nmar=3,FG_theta_2.5,67,12,2.5,4,3
0.054,7,0,100,39.96869654139792,294.0904925419566,24.443582087273334,11,1.1,0.4957558385216914,228,D_pmar=0.054_dist=100_repair_6_males=4_nmar=3,FG_theta_2.5,63,8,2.5,4,3
0.054,8,100,0,38.58008802378746,277.12525394941156,42.785489130754264,10,1,0.5467382149514125,228,D_pmar=0.054_dist=100_repair_6_males=4_nmar=3,FG_theta_2.5,50,9,2.5,4,3
0,11,100,100,38.05854418164717,296.2741529089222,25.756284249212317,0,0,0,228,D_pmar=0.054_dist=100_repair_6_males=4_nmar=3,FG_theta_2.5,82,13,2.5,4,3
0.054,11,0,0,39.9376690820441,282.00965346693516,36.65113966305712,12,1.2,0.44444444444444503,229,D_pmar=0.054_dist=100_repair_6_males=4_nmar=3,FG_theta_2.5,51,13,2.5,4,3
0.054,7,0,100,41.601282010355234,274.62662065921273,42.43023438780983,9,0.8999999999999999,0.4872908981293479,229,D_pmar=0.054_dist=100_repair_6_males=4_nmar=3,FG_theta_2.5,54,9,2.5,4,3
0.054,11,100,0,39.450181642835474,258.3365614200811,60.98988574291119,9,0.8999999999999999,0.39165731364095713,229,D_pmar=0.054_dist=100_repair_6_males=4_nmar=3,FG_theta_2.5,61,13,2.5,4,3
0,7,100,100,37.289144906599205,280.16790630751075,42.560273827677726,0,0,0,229,D_pmar=0.054_dist=100_repair_6_males=4_nmar=3,FG_theta_2.5,95,8,2.5,4,3
0.054,12,0,0,39.11214646296907,295.26792649246346,24.670039830053582,6,0.6,0.4259259259259264,22,D_pmar=0.054_dist=100_repair_6_males=4_nmar=3,FG_theta_2.5,65,13,2.5,4,3
0,9,0,100,41.16674474545303,282.25611775301434,36.82346332212183,0,0,0,22,D_pmar=0.054_dist=100_repair_6_males=4_nmar=3,FG_theta_2.5,97,12,2.5,4,3
0.054,9,100,0,39.50409754436066,289.04096393308697,30.23914998720621,8,0.7999999999999999,0.5571208107251129,22,D_pmar=0.054_dist=100_repair_6_males=4_nmar=3,FG_theta_2.5,63,11,2.5,4,3
0.054,6,100,100,41.195537348928376,287.3168298693474,30.433613967286057,6,0.6,0.5270399094146581,22,D_pmar=0.054_dist=100_repair_6_males=4_nmar=3,FG_theta_2.5,61,6,2.5,4,3
0.054,12,0,0,39.51514694346201,271.03827191369106,48.72835993877423,5,0.5,0.3539622413088692,230,D_pmar=0.054_dist=100_repair_6_males=4_nmar=3,FG_theta_2.5,62,15,2.5,4,3
0,9,0,100,38.13412859766827,282.86249012444176,39.1967326649444,0,0,0,230,D_pmar=0.054_dist=100_repair_6_males=4_nmar=3,FG_theta_2.5,88,9,2.5,4,3
0.054,8,100,0,37.15568680293769,303.5892806670641,18.078762518390473,8,0.7999999999999999,0.45838978383712914,230,D_pmar=0.054_dist=100_repair_6_males=4_nmar=3,FG_theta_2.5,56,9,2.5,4,3
0.054,7,100,100,39.04710975080785,282.93290453056636,36.47868684840325,11,1.1,0.538216824055274,230,D_pmar=0.054_dist=100_repair_6_males=4_nmar=3,FG_theta_2.5,53,9,2.5,4,3
0.054,7,0,0,38.65295942698525,295.65040764653617,24.394949996450062,8,0.7999999999999999,0.5101100286299709,231,D_pmar=0.054_dist=100_repair_6_males=4_nmar=3,FG_theta_2.5,52,9,2.5,4,3
0.054,11,0,100,38.299453106287686,289.59827429126733,30.92957244957637,6,0.6,0.5813922953877022,231,D_pmar=0.054_dist=100_repair_6_males=4_nmar=3,FG_theta_2.5,59,14,2.5,4,3
0,7,100,0,40.5733473461847,279.27885266041983,40.39265936605897,0,0,0,231,D_pmar=0.054_dist=100_repair_6_males=4_nmar=3,FG_theta_2.5,83,10,2.5,4,3
0.054,11,100,100,38.53337215812336,271.20463329794916,48.885565584418906,10,1,0.4178464536849033,231,D_pmar=0.054_dist=100_repair_6_males=4_nmar=3,FG_theta_2.5,79,12,2.5,4,3
0.054,10,0,0,39.59540109720701,282.3276695308498,36.92447808871477,8,0.7999999999999999,0.3703703703703706,232,D_pmar=0.054_dist=100_repair_6_males=4_nmar=3,FG_theta_2.5,66,15,2.5,4,3
0.054,8,0,100,39.64559536920771,309.3684758267005,9.879976682148092,8,0.7999999999999999,0.5794746400063453,232,D_pmar=0.054_dist=100_repair_6_males=4_nmar=3,FG_theta_2.5,49,10,2.5,4,3
0.054,12,100,0,38.80762993853344,301.7428991847028,18.24505345811975,8,0.7999999999999999,0.4719496550784927,232,D_pmar=0.054_dist=100_repair_6_males=4_nmar=3,FG_theta_2.5,62,15,2.5,4,3
0,6,100,100,39.08710021194228,244.0032218563661,77.10601096684081,0,0,0,232,D_pmar=0.054_dist=100_repair_6_males=4_nmar=3,FG_theta_2.5,92,11,2.5,4,3
0.054,11,0,0,39.965306095701536,259.53854532143197,59.31398361050922,7,0.7,0.49846781276996416,233,D_pmar=0.054_dist=100_repair_6_males=4_nmar=3,FG_theta_2.5,57,12,2.5,4,3
0.054,10,0,100,39.83764250234729,299.6767348840108,18.45196607638396,15,1.5000000000000002,0.5417231171704626,233,D_pmar=0.054_dist=100_repair_6_males=4_nmar=3,FG_theta_2.5,78,15,2.5,4,3
0,11,100,0,37.773994551861946,240.55305757103753,81.75113683079417,0,0,0,233,D_pmar=0.054_dist=100_repair_6_males=4_nmar=3,FG_theta_2.5,110,15,2.5,4,3
0.054,4,100,100,36.791643442205334,289.8133154444049,31.708941854064893,11,1.1,0.6064016484134124,233,D_pmar=0.054_dist=100_repair_6_males=4_nmar=3,FG_theta_2.5,68,7,2.5,4,3
0.054,16,0,0,40.88620961224805,299.3162457690262,18.058489098363985,12,1.2,0.5458874455807019,234,D_pmar=0.054_dist=100_repair_6_males=4_nmar=3,FG_theta_2.5,67,17,2.5,4,3
0.054,8,0,100,38.29873973402193,283.8685217622584,36.89196035817011,5,0.5,0.4829902861472437,234,D_pmar=0.054_dist=100_repair_6_males=4_nmar=3,FG_theta_2.5,66,11,2.5,4,3
0.054,5,100,0,39.29174010321221,270.44536202028905,48.9581960036346,10,1,0.5265746081952675,234,D_pmar=0.054_dist=100_repair_6_males=4_nmar=3,FG_theta_2.5,50,10,2.5,4,3
0,7,100,100,40.659733635737574,258.57657520359885,61.058346466194344,0,0,0,234,D_pmar=0.054_dist=100_repair_6_males=4_nmar=3,FG_theta_2.5,107,10,2.5,4,3
0.054,9,0,0,39.667856444989965,270.79048095067657,48.26918212988294,8,0.7999999999999999,0.5524911810954833,235,D_pmar=0.054_dist=100_repair_6_males=4_nmar=3,FG_theta_2.5,53,12,2.5,4,3
0,7,0,100,39.21313991444178,259.9010073246971,60.94257054783925,0,0,0,235,D_pmar=0.054_dist=100_repair_6_males=4_nmar=3,FG_theta_2.5,81,11,2.5,4,3
0.054,13,100,0,39.72980231317741,282.3960544444483,36.32460909593293,12,1.2,0.4676490430963884,235,D_pmar=0.054_dist=100_repair_6_males=4_nmar=3,FG_theta_2.5,78,15,2.5,4,3
0.054,7,100,100,40.08656930615228,269.3846538110192,49.04835511022557,12,1.2,0.3981481481481486,235,D_pmar=0.054_dist=100_repair_6_males=4_nmar=3,FG_theta_2.5,55,9,2.5,4,3
0.054,6,0,0,38.18768218761752,284.1548405680772,36.23382463625813,11,1.1,0.4490740740740747,236,D_pmar=0.054_dist=100_repair_6_males=4_nmar=3,FG_theta_2.5,84,10,2.5,4,3
0.054,11,0,100,40.79528177370195,269.2683765443403,48.780237062880104,7,0.7,0.5043570624859002,236,D_pmar=0.054_dist=100_repair_6_males=4_nmar=3,FG_theta_2.5,60,12,2.5,4,3
0,10,100,0,39.29352333430432,277.98437404281793,42.83467524479829,0,0,0,236,D_pmar=0.054_dist=100_repair_6_males=4_nmar=3,FG_theta_2.5,93,13,2.5,4,3
0.054,9,100,100,39.96651211716035,288.3144913292209,30.454634856463603,8,0.7999999999999999,0.5458874455807018,236,D_pmar=0.054_dist=100_repair_6_males=4_nmar=3,FG_theta_2.5,62,11,2.5,4,3
0.054,7,0,0,39.47674363790003,288.6276917672858,30.66815769633402,8,0.7999999999999999,0.4919205277589777,237,D_pmar=0.054_dist=100_repair_6_males=4_nmar=3,FG_theta_2.5,65,9,2.5,4,3
0,6,0,100,43.025662040805045,238.12393785477036,78.99730176865941,0,0,0,237,D_pmar=0.054_dist=100_repair_6_males=4_nmar=3,FG_theta_2.5,94,11,2.5,4,3
0.054,16,100,0,40.48085602443762,311.42576197192614,6.083354456138248,15,1.5000000000000002,0.6079902861472442,237,D_pmar=0.054_dist=100_repair_6_males=4_nmar=3,FG_theta_2.5,44,18,2.5,4,3
0.054,7,100,100,38.643067408336435,259.5232428171341,60.91823716098798,6,0.6,0.3554145954708357,237,D_pmar=0.054_dist=100_repair_6_males=4_nmar=3,FG_theta_2.5,72,10,2.5,4,3
0.054,9,0,0,40.32400003303434,287.3896693098992,31.28076421801153,7,0.7,0.47611398348873185,238,D_pmar=0.054_dist=100_repair_6_males=4_nmar=3,FG_theta_2.5,64,12,2.5,4,3
0.054,11,0,100,38.66188831210547,289.4213038227011,30.591091388108826,12,1.2,0.3750000000000003,238,D_pmar=0.054_dist=100_repair_6_males=4_nmar=3,FG_theta_2.5,46,13,2.5,4,3
0,5,100,0,39.40847903654745,265.8644465491102,54.74563490996978,0,0,0,238,D_pmar=0.054_dist=100_repair_6_males=4_nmar=3,FG_theta_2.5,102,7,2.5,4,3
0.054,11,100,100,39.62004475363261,288.5994830731647,30.719698418599215,6,0.6,0.5890629169131301,238,D_pmar=0.054_dist=100_repair_6_males=4_nmar=3,FG_theta_2.5,56,11,2.5,4,3
0.054,11,0,0,38.05554058130617,284.30813069270255,36.339234725784735,10,1,0.5000000000000008,239,D_pmar=0.054_dist=100_repair_6_males=4_nmar=3,FG_theta_2.5,70,13,2.5,4,3
0.054,9,0,100,37.31496689872888,266.389840060092,54.81929553146976,11,1.1,0.5513113940772472,239,D_pmar=0.054_dist=100_repair_6_males=4_nmar=3,FG_theta_2.5,70,9,2.5,4,3
0.054,7,100,0,39.63243755880387,270.2532077791817,48.591072159940474,10,1,0.5513678445810423,239,D_pmar=0.054_dist=100_repair_6_males=4_nmar=3,FG_theta_2.5,67,7,2.5,4,3
0,9,100,100,39.828897815286474,271.698818740614,48.56604732553304,0,0,0,239,D_pmar=0.054_dist=100_repair_6_males=4_nmar=3,FG_theta_2.5,99,11,2.5,4,3
0,5,0,0,37.697984381016894,267.87887135928406,54.70241723999134,0,0,0,23,D_pmar=0.054_dist=100_repair_6_males=4_nmar=3,FG_theta_2.5,110,6,2.5,4,3
0.054,18,0,100,36.85081497080917,273.1898522566669,48.9912436421469,7,0.7,0.5062747178672571,23,D_pmar=0.054_dist=100_repair_6_males=4_nmar=3,FG_theta_2.5,64,18,2.5,4,3
0.054,8,100,0,39.6478833876905,276.35822574809936,42.64754070591652,9,0.8999999999999999,0.5030974423995939,23,D_pmar=0.054_dist=100_repair_6_males=4_nmar=3,FG_theta_2.5,72,9,2.5,4,3
0.054,5,100,100,39.64421432709621,294.3943169368783,24.30244619424665,12,1.2,0.5567353425737926,23,D_pmar=0.054_dist=100_repair_6_males=4_nmar=3,FG_theta_2.5,55,6,2.5,4,3
0.054,7,0,0,38.4748897069771,264.9924352071461,54.75239417107765,15,1.5000000000000002,0.4398148148148154,240,D_pmar=0.054_dist=100_repair_6_males=4_nmar=3,FG_theta_2.5,59,10,2.5,4,3
0.054,10,0,100,38.96994067634285,275.7422237948032,43.00366040053675,17,1.7000000000000004,0.6730542855415141,240,D_pmar=0.054_dist=100_repair_6_males=4_nmar=3,FG_theta_2.5,68,12,2.5,4,3
0,9,100,0,40.411409453467,252.3815514926472,67.33194189909469,0,0,0,240,D_pmar=0.054_dist=100_repair_6_males=4_nmar=3,FG_theta_2.5,92,12,2.5,4,3
0.054,10,100,100,38.35896876081555,265.72234679994193,55.10149804344804,4,0.4,0.4529658353405837,240,D_pmar=0.054_dist=100_repair_6_males=4_nmar=3,FG_theta_2.5,72,14,2.5,4,3
0.054,8,0,0,36.62928852183307,278.5252142672596,43.06903130408727,12,1.2,0.5872250945998434,241,D_pmar=0.054_dist=100_repair_6_males=4_nmar=3,FG_theta_2.5,64,12,2.5,4,3
0,8,0,100,40.0387196908263,241.17848431679232,78.89888333484593,0,0,0,241,D_pmar=0.054_dist=100_repair_6_males=4_nmar=3,FG_theta_2.5,95,14,2.5,4,3
0.054,11,100,0,39.42429543052088,294.8886179580096,24.246278301213703,11,1.1,0.5624883087178635,241,D_pmar=0.054_dist=100_repair_6_males=4_nmar=3,FG_theta_2.5,51,16,2.5,4,3
0.054,9,100,100,37.876000059615286,265.674746192744,55.11421179010309,10,1,0.3611111111111113,241,D_pmar=0.054_dist=100_repair_6_males=4_nmar=3,FG_theta_2.5,89,12,2.5,4,3
0.054,3,0,0,39.254347951447585,277.15521072305705,42.64406919739112,6,0.6,0.4429122572144084,242,D_pmar=0.054_dist=100_repair_6_males=4_nmar=3,FG_theta_2.5,78,5,2.5,4,3
0,8,0,100,38.85500062345952,247.85721570559704,73.28999162245076,0,0,0,242,D_pmar=0.054_dist=100_repair_6_males=4_nmar=3,FG_theta_2.5,99,10,2.5,4,3
0.054,14,100,0,39.421887011263074,295.0594937239888,24.38128718367828,8,0.7999999999999999,0.4684433619633041,242,D_pmar=0.054_dist=100_repair_6_males=4_nmar=3,FG_theta_2.5,56,16,2.5,4,3
0.054,11,100,100,39.76140774374388,306.3828807791165,12.32008208341544,11,1.1,0.5185185185185194,242,D_pmar=0.054_dist=100_repair_6_males=4_nmar=3,FG_theta_2.5,51,11,2.5,4,3
0.054,12,0,0,38.871638152249254,271.5877207226824,48.66976075527105,6,0.6,0.3959579256230614,243,D_pmar=0.054_dist=100_repair_6_males=4_nmar=3,FG_theta_2.5,67,17,2.5,4,3
0.054,6,0,100,39.51034446747715,288.651877236777,30.33424279342603,9,0.8999999999999999,0.6462071102025173,243,D_pmar=0.054_dist=100_repair_6_males=4_nmar=3,FG_theta_2.5,58,9,2.5,4,3
0,9,100,0,39.70616806784078,265.64718654595634,54.700487747097455,0,0,0,243,D_pmar=0.054_dist=100_repair_6_males=4_nmar=3,FG_theta_2.5,97,12,2.5,4,3
0.054,9,100,100,39.88304588687463,300.4238003858254,18.35775081717526,10,1,0.4675925925925933,243,D_pmar=0.054_dist=100_repair_6_males=4_nmar=3,FG_theta_2.5,66,11,2.5,4,3
0.054,7,0,0,38.37906006984046,265.77341217161364,54.98244471579684,5,0.5,0.4507191623117011,244,D_pmar=0.054_dist=100_repair_6_males=4_nmar=3,FG_theta_2.5,78,14,2.5,4,3
0,9,0,100,37.893584360530056,273.4095146999167,48.69879455614247,0,0,0,244,D_pmar=0.054_dist=100_repair_6_males=4_nmar=3,FG_theta_2.5,94,13,2.5,4,3
0.054,15,100,0,36.697671988844824,309.8976635988199,12.034566202079718,9,0.8999999999999999,0.5524347305916886,244,D_pmar=0.054_dist=100_repair_6_males=4_nmar=3,FG_theta_2.5,55,19,2.5,4,3
0.054,5,100,100,37.178534245630914,284.630031127583,36.59730294176586,11,1.1,0.5775005341211935,244,D_pmar=0.054_dist=100_repair_6_males=4_nmar=3,FG_theta_2.5,73,8,2.5,4,3
0.054,9,0,0,38.0459766307408,272.0903989299504,48.62844964259353,7,0.7,0.6022373200031734,245,D_pmar=0.054_dist=100_repair_6_males=4_nmar=3,FG_theta_2.5,79,15,2.5,4,3
0,9,0,100,39.17911705559058,259.8835792840544,61.04811197047121,0,0,0,245,D_pmar=0.054_dist=100_repair_6_males=4_nmar=3,FG_theta_2.5,104,12,2.5,4,3
0.054,7,100,0,38.36384340375102,280.95257546438364,39.109016490340466,13,1.3,0.5101100286299708,245,D_pmar=0.054_dist=100_repair_6_males=4_nmar=3,FG_theta_2.5,84,10,2.5,4,3
0.054,11,100,100,38.41568163694621,301.8227863770747,18.299522918772823,8,0.7999999999999999,0.6669158512461232,245,D_pmar=0.054_dist=100_repair_6_males=4_nmar=3,FG_theta_2.5,73,13,2.5,4,3
0.054,11,0,0,38.87040429172005,258.8839674540266,61.10691750156222,8,0.7999999999999999,0.44641855032959704,246,D_pmar=0.054_dist=100_repair_6_males=4_nmar=3,FG_theta_2.5,57,12,2.5,4,3
0,6,0,100,39.00169566252186,264.8230050143798,56.30312085126453,0,0,0,246,D_pmar=0.054_dist=100_repair_6_males=4_nmar=3,FG_theta_2.5,90,7,2.5,4,3
0.054,8,100,0,40.427146080303835,293.32231414847445,24.409082546115805,13,1.3,0.5628173263653888,246,D_pmar=0.054_dist=100_repair_6_males=4_nmar=3,FG_theta_2.5,45,10,2.5,4,3
0.054,11,100,100,39.28048658654797,282.6474638902603,36.931050855473465,9,0.8999999999999999,0.36513915594948537,246,D_pmar=0.054_dist=100_repair_6_males=4_nmar=3,FG_theta_2.5,68,11,2.5,4,3
0.054,13,0,0,37.934588014632,271.1053166697776,49.145174853653785,14,1.4,0.5868162438842477,247,D_pmar=0.054_dist=100_repair_6_males=4_nmar=3,FG_theta_2.5,66,13,2.5,4,3
0.054,6,0,100,38.780566218037286,277.28064311692555,42.63688501366023,8,0.7999999999999999,0.5339162120731699,247,D_pmar=0.054_dist=100_repair_6_males=4_nmar=3,FG_theta_2.5,69,7,2.5,4,3
0,10,100,0,39.98859415828059,277.65846134702883,42.41400213331489,0,0,0,247,D_pmar=0.054_dist=100_repair_6_males=4_nmar=3,FG_theta_2.5,100,12,2.5,4,3
0.054,7,100,100,42.19377101156374,261.36491656622513,55.184688260844915,9,0.8999999999999999,0.4629629629629636,247,D_pmar=0.054_dist=100_repair_6_males=4_nmar=3,FG_theta_2.5,64,12,2.5,4,3
0.054,7,0,0,40.33406649816576,294.28042572257937,24.16885419977223,8,0.7999999999999999,0.6315239024467125,248,D_pmar=0.054_dist=100_repair_6_males=4_nmar=3,FG_theta_2.5,62,8,2.5,4,3
0.054,6,0,100,40.108319314868574,290.4655716940374,27.883572027525847,10,1,0.5532290494586042,248,D_pmar=0.054_dist=100_repair_6_males=4_nmar=3,FG_theta_2.5,71,7,2.5,4,3
0,17,100,0,39.72622694267725,271.6252576890532,49.015499573700154,0,0,0,248,D_pmar=0.054_dist=100_repair_6_males=4_nmar=3,FG_theta_2.5,105,22,2.5,4,3
0.054,6,100,100,38.23202263204536,265.82954126226986,54.68532985587073,8,0.7999999999999999,0.4869618804818226,248,D_pmar=0.054_dist=100_repair_6_males=4_nmar=3,FG_theta_2.5,68,9,2.5,4,3
0.054,16,0,0,40.07737422684819,294.15745807733555,24.415284652850747,10,1,0.5393401605697152,249,D_pmar=0.054_dist=100_repair_6_males=4_nmar=3,FG_theta_2.5,66,17,2.5,4,3
0.054,9,0,100,39.615282077423736,297.1034905903211,22.236525522665975,6,0.6,0.5193692878892304,249,D_pmar=0.054_dist=100_repair_6_males=4_nmar=3,FG_theta_2.5,66,10,2.5,4,3
0.054,4,100,0,39.601739237307434,282.53517505643435,36.75623801820616,7,0.7,0.5150686759071259,249,D_pmar=0.054_dist=100_repair_6_males=4_nmar=3,FG_theta_2.5,75,9,2.5,4,3
0,7,100,100,38.596620456478426,266.68701752504427,54.8029390674567,0,0,0,249,D_pmar=0.054_dist=100_repair_6_males=4_nmar=3,FG_theta_2.5,94,11,2.5,4,3
0.054,11,0,0,38.55233020036182,289.2977234387179,30.63357231239064,13,1.3,0.38861632174515903,24,D_pmar=0.054_dist=100_repair_6_males=4_nmar=3,FG_theta_2.5,61,12,2.5,4,3
0,9,0,100,41.39622721813842,251.3215561505743,67.41906981199519,0,0,0,24,D_pmar=0.054_dist=100_repair_6_males=4_nmar=3,FG_theta_2.5,78,13,2.5,4,3
0.054,5,100,0,37.677332444191336,272.2643138399463,49.06865027179487,7,0.7,0.3425925925925927,24,D_pmar=0.054_dist=100_repair_6_males=4_nmar=3,FG_theta_2.5,46,8,2.5,4,3
0.054,11,100,100,39.28718470881206,282.67119677612,36.74452996923543,10,1,0.44370657608132424,24,D_pmar=0.054_dist=100_repair_6_males=4_nmar=3,FG_theta_2.5,46,16,2.5,4,3
0.054,6,0,0,37.71042942564208,260.6407371836224,60.38100206158989,8,0.7999999999999999,0.5085778413999343,250,D_pmar=0.054_dist=100_repair_6_males=4_nmar=3,FG_theta_2.5,67,10,2.5,4,3
0,9,0,100,37.71237083770989,279.71051859183314,42.714296332640394,0,0,0,250,D_pmar=0.054_dist=100_repair_6_males=4_nmar=3,FG_theta_2.5,94,12,2.5,4,3
0.054,11,100,0,40.76874717913243,269.2970595964068,49.07975733294776,6,0.6,0.501179787018237,250,D_pmar=0.054_dist=100_repair_6_males=4_nmar=3,FG_theta_2.5,66,12,2.5,4,3
0.054,10,100,100,37.12499295087851,302.55174107871835,18.45300679754695,14,1.4,0.4861111111111119,250,D_pmar=0.054_dist=100_repair_6_males=4_nmar=3,FG_theta_2.5,58,10,2.5,4,3
0.054,9,0,0,39.250019415317226,282.7849457103608,36.965566029795745,6,0.6,0.5019741058851527,251,D_pmar=0.054_dist=100_repair_6_males=4_nmar=3,FG_theta_2.5,61,13,2.5,4,3
0.054,6,0,100,40.438461878910005,293.57293530134166,24.654620116814208,11,1.1,0.4957558385216914,251,D_pmar=0.054_dist=100_repair_6_males=4_nmar=3,FG_theta_2.5,63,10,2.5,4,3
0.054,7,100,0,39.991097182882974,264.14116069220023,54.8286654841927,6,0.6,0.5320550071956077,251,D_pmar=0.054_dist=100_repair_6_males=4_nmar=3,FG_theta_2.5,64,11,2.5,4,3
0,14,100,100,38.38061714519439,297.40874798905634,24.37005097663814,0,0,0,251,D_pmar=0.054_dist=100_repair_6_males=4_nmar=3,FG_theta_2.5,89,15,2.5,4,3
0.054,8,0,0,39.05406052627238,295.49398467059603,24.39853300736358,7,0.7,0.4684433619633041,252,D_pmar=0.054_dist=100_repair_6_males=4_nmar=3,FG_theta_2.5,53,10,2.5,4,3
0,9,0,100,39.06382833422831,244.36440661622024,76.60853830068461,0,0,0,252,D_pmar=0.054_dist=100_repair_6_males=4_nmar=3,FG_theta_2.5,88,13,2.5,4,3
0.054,9,100,0,39.665560583749205,282.05669231086097,36.7635858022326,12,1.2,0.5251222540333009,252,D_pmar=0.054_dist=100_repair_6_males=4_nmar=3,FG_theta_2.5,54,10,2.5,4,3
0.054,10,100,100,38.073558597574674,290.5267517797884,30.319582272033916,9,0.8999999999999999,0.3564814814814817,252,D_pmar=0.054_dist=100_repair_6_males=4_nmar=3,FG_theta_2.5,73,12,2.5,4,3
0.054,6,0,0,38.22210576870532,284.2083802580787,36.67236611150933,8,0.7999999999999999,0.37962962962962993,253,D_pmar=0.054_dist=100_repair_6_males=4_nmar=3,FG_theta_2.5,73,7,2.5,4,3
0.054,14,0,100,39.7399187568401,300.17182634908636,18.720566498138307,9,0.8999999999999999,0.5625447592216585,253,D_pmar=0.054_dist=100_repair_6_males=4_nmar=3,FG_theta_2.5,55,16,2.5,4,3
0,5,100,0,39.402600240291264,259.51209696576683,61.18805176664686,0,0,0,253,D_pmar=0.054_dist=100_repair_6_males=4_nmar=3,FG_theta_2.5,97,9,2.5,4,3
0.054,11,100,100,40.7823941643986,299.97239407123163,18.220987529776977,5,0.5,0.5278342282815739,253,D_pmar=0.054_dist=100_repair_6_males=4_nmar=3,FG_theta_2.5,54,14,2.5,4,3
0.054,8,0,0,39.68373604728219,300.6409126887051,18.569693651086855,7,0.7,0.43814634401291375,254,D_pmar=0.054_dist=100_repair_6_males=4_nmar=3,FG_theta_2.5,63,8,2.5,4,3
0,5,0,100,40.96968101948673,278.32175309024984,40.72561593481799,0,0,0,254,D_pmar=0.054_dist=100_repair_6_males=4_nmar=3,FG_theta_2.5,96,7,2.5,4,3
0.054,9,100,0,41.18574690336858,293.86151799848506,24.313028198775097,4,0.4,0.4769083023556476,254,D_pmar=0.054_dist=100_repair_6_males=4_nmar=3,FG_theta_2.5,47,11,2.5,4,3
0.054,14,100,100,39.99851790241071,300.69979991709783,18.253916396348572,6,0.6,0.4726076903735434,254,D_pmar=0.054_dist=100_repair_6_males=4_nmar=3,FG_theta_2.5,49,14,2.5,4,3
0.054,8,0,0,36.62938522881297,277.19942514502463,44.64576703417976,9,0.8999999999999999,0.653877731727945,255,D_pmar=0.054_dist=100_repair_6_males=4_nmar=3,FG_theta_2.5,74,10,2.5,4,3
0.054,11,0,100,40.38910375166697,287.32883748034465,30.506925094073313,12,1.2,0.6156609076726719,255,D_pmar=0.054_dist=100_repair_6_males=4_nmar=3,FG_theta_2.5,63,11,2.5,4,3
0.054,6,100,0,39.27136099697597,294.870862670337,24.659229933759107,7,0.7,0.5123567016588533,255,D_pmar=0.054_dist=100_repair_6_males=4_nmar=3,FG_theta_2.5,72,7,2.5,4,3
0,11,100,100,39.711214456397954,253.5031177420949,66.8921613689218,0,0,0,255,D_pmar=0.054_dist=100_repair_6_males=4_nmar=3,FG_theta_2.5,115,11,2.5,4,3
0.054,12,0,0,40.03029184512266,300.17361332913526,18.5439294147219,8,0.7999999999999999,0.5960190526397121,256,D_pmar=0.054_dist=100_repair_6_males=4_nmar=3,FG_theta_2.5,53,13,2.5,4,3
0,8,0,100,39.0197954642092,291.0009181046082,30.02522225714758,0,0,0,256,D_pmar=0.054_dist=100_repair_6_males=4_nmar=3,FG_theta_2.5,97,10,2.5,4,3
0.054,11,100,0,38.31595913246876,290.2702801655496,30.610073833253637,4,0.4,0.4730729915929338,256,D_pmar=0.054_dist=100_repair_6_males=4_nmar=3,FG_theta_2.5,68,15,2.5,4,3
0.054,5,100,100,40.07116561453368,282.61774998551687,36.30887448581767,7,0.7,0.44444444444444503,256,D_pmar=0.054_dist=100_repair_6_males=4_nmar=3,FG_theta_2.5,82,7,2.5,4,3
0,4,0,0,38.32547422192364,242.1866339477811,79.49988421443307,0,0,0,257,D_pmar=0.054_dist=100_repair_6_males=4_nmar=3,FG_theta_2.5,106,15,2.5,4,3
0.054,12,0,100,38.84855082903339,289.243719504734,30.42466731710949,10,1,0.5952811842765912,257,D_pmar=0.054_dist=100_repair_6_males=4_nmar=3,FG_theta_2.5,71,14,2.5,4,3
0.054,12,100,0,40.660288187012355,287.7473469408352,30.56393738052836,6,0.6,0.4861111111111119,257,D_pmar=0.054_dist=100_repair_6_males=4_nmar=3,FG_theta_2.5,68,13,2.5,4,3
0.054,8,100,100,39.52849560568748,307.0514262550485,12.040605524315415,9,0.8999999999999999,0.614866588805756,257,D_pmar=0.054_dist=100_repair_6_males=4_nmar=3,FG_theta_2.5,75,11,2.5,4,3
0.054,6,0,0,40.417887338364864,293.64756612130833,24.28736729463201,10,1,0.64891908445079,258,D_pmar=0.054_dist=100_repair_6_males=4_nmar=3,FG_theta_2.5,59,8,2.5,4,3
0.054,10,0,100,38.8773896798879,283.9241005078463,36.481134224662966,4,0.4,0.40362854714848906,258,D_pmar=0.054_dist=100_repair_6_males=4_nmar=3,FG_theta_2.5,71,12,2.5,4,3
0.054,11,100,0,37.83359392395773,308.48442774713203,12.344381261503438,8,0.7999999999999999,0.5706242314626815,258,D_pmar=0.054_dist=100_repair_6_males=4_nmar=3,FG_theta_2.5,57,12,2.5,4,3
0,9,100,100,39.464852787075536,259.707352093168,60.892252937785926,0,0,0,258,D_pmar=0.054_dist=100_repair_6_males=4_nmar=3,FG_theta_2.5,111,10,2.5,4,3
0.054,9,0,0,40.19261538470331,294.12865291818036,24.76125960413843,5,0.5,0.4387479288041693,259,D_pmar=0.054_dist=100_repair_6_males=4_nmar=3,FG_theta_2.5,65,12,2.5,4,3
0.054,9,0,100,38.00283967260336,296.0553781980747,24.672111822856525,9,0.8999999999999999,0.5485994198289745,259,D_pmar=0.054_dist=100_repair_6_males=4_nmar=3,FG_theta_2.5,63,13,2.5,4,3
0,9,100,0,40.50286208146792,276.1978340980139,43.55268504458874,0,0,0,259,D_pmar=0.054_dist=100_repair_6_males=4_nmar=3,FG_theta_2.5,100,13,2.5,4,3
0.054,9,100,100,38.41985309758927,283.40882914994427,36.82100808247227,9,0.8999999999999999,0.5532290494586043,259,D_pmar=0.054_dist=100_repair_6_males=4_nmar=3,FG_theta_2.5,65,11,2.5,4,3
0,8,0,0,39.81944178487017,271.0959708642898,49.16384237538675,0,0,0,25,D_pmar=0.054_dist=100_repair_6_males=4_nmar=3,FG_theta_2.5,88,12,2.5,4,3
0.054,7,0,100,38.28603495581525,306.9916407223252,13.439305873664578,9,0.8999999999999999,0.4305555555555561,25,D_pmar=0.054_dist=100_repair_6_males=4_nmar=3,FG_theta_2.5,65,12,2.5,4,3
0.054,11,100,0,39.44111467968552,271.00572605534444,48.631383001102805,7,0.7,0.5843768367797054,25,D_pmar=0.054_dist=100_repair_6_males=4_nmar=3,FG_theta_2.5,69,19,2.5,4,3
0.054,10,100,100,38.403906404765294,283.4970713536026,36.71711475857427,9,0.8999999999999999,0.5679687077182038,25,D_pmar=0.054_dist=100_repair_6_males=4_nmar=3,FG_theta_2.5,76,11,2.5,4,3
0,11,0,0,38.81658503183184,260.47745701946104,60.917316705306256,0,0,0,260,D_pmar=0.054_dist=100_repair_6_males=4_nmar=3,FG_theta_2.5,108,14,2.5,4,3
0.054,13,0,100,38.81589593803178,271.4040934384821,48.43990462878794,10,1,0.5605706533365065,260,D_pmar=0.054_dist=100_repair_6_males=4_nmar=3,FG_theta_2.5,72,14,2.5,4,3
0.054,5,100,0,39.720135496577655,269.87615323498216,48.91156695136627,11,1.1,0.5077270720292236,260,D_pmar=0.054_dist=100_repair_6_males=4_nmar=3,FG_theta_2.5,62,7,2.5,4,3
0.054,7,100,100,37.198082762980185,272.6551734673088,48.58688514454699,13,1.3,0.4796202766039203,260,D_pmar=0.054_dist=100_repair_6_males=4_nmar=3,FG_theta_2.5,53,12,2.5,4,3
0,10,0,0,38.05138627674461,285.4088342515886,36.55731483231666,0,0,0,261,D_pmar=0.054_dist=100_repair_6_males=4_nmar=3,FG_theta_2.5,97,10,2.5,4,3
0.054,7,0,100,40.17619938360448,276.8813129590428,41.89728719122227,5,0.5,0.5644624146030154,261,D_pmar=0.054_dist=100_repair_6_males=4_nmar=3,FG_theta_2.5,59,8,2.5,4,3
0.054,9,100,0,40.94345703553399,274.6396691839583,43.083831732864496,9,0.8999999999999999,0.5066037355147824,261,D_pmar=0.054_dist=100_repair_6_males=4_nmar=3,FG_theta_2.5,66,13,2.5,4,3
0.054,10,100,100,40.233858038143495,281.64801901857203,36.66585652729603,12,1.2,0.5139453393926847,261,D_pmar=0.054_dist=100_repair_6_males=4_nmar=3,FG_theta_2.5,69,10,2.5,4,3
0.054,6,0,0,41.895482774502746,285.93989654034726,30.778327487044994,10,1,0.5020305563889479,262,D_pmar=0.054_dist=100_repair_6_males=4_nmar=3,FG_theta_2.5,54,7,2.5,4,3
0.054,9,0,100,38.76158463760728,270.53653958981613,48.719766611620166,16,1.6000000000000003,0.5679122572144089,262,D_pmar=0.054_dist=100_repair_6_males=4_nmar=3,FG_theta_2.5,60,9,2.5,4,3
0.054,11,100,0,39.959551116067814,264.85574534634344,54.49818573142641,4,0.4,0.3240740740740741,262,D_pmar=0.054_dist=100_repair_6_males=4_nmar=3,FG_theta_2.5,60,12,2.5,4,3
0,10,100,100,38.45832192158024,273.0764110861134,48.64278835168568,0,0,0,262,D_pmar=0.054_dist=100_repair_6_males=4_nmar=3,FG_theta_2.5,89,13,2.5,4,3
0.054,5,0,0,38.87860226237954,283.1830361260211,36.86919863358427,8,0.7999999999999999,0.48148148148148223,263,D_pmar=0.054_dist=100_repair_6_males=4_nmar=3,FG_theta_2.5,53,7,2.5,4,3
0,10,0,100,37.883185372394,285.35864506109357,36.80427356480708,0,0,0,263,D_pmar=0.054_dist=100_repair_6_males=4_nmar=3,FG_theta_2.5,99,13,2.5,4,3
0.054,12,100,0,39.212880165606286,272.98042298628405,46.80536035630169,6,0.6,0.41176446989330734,263,D_pmar=0.054_dist=100_repair_6_males=4_nmar=3,FG_theta_2.5,70,15,2.5,4,3
0.054,9,100,100,39.52063587523968,307.2884092669733,12.066650737003368,8,0.7999999999999999,0.5374789556921532,263,D_pmar=0.054_dist=100_repair_6_males=4_nmar=3,FG_theta_2.5,51,10,2.5,4,3
0.054,9,0,0,40.126904875200744,288.1469272024584,30.857304837371306,6,0.6,0.3611111111111113,264,D_pmar=0.054_dist=100_repair_6_males=4_nmar=3,FG_theta_2.5,75,10,2.5,4,3
0,9,0,100,38.42001304327992,260.97433642027266,60.797708601891706,0,0,0,264,D_pmar=0.054_dist=100_repair_6_males=4_nmar=3,FG_theta_2.5,89,10,2.5,4,3
0.054,4,100,0,41.163534092268755,275.06671480895113,42.684315209701275,6,0.6,0.5144670911158702,264,D_pmar=0.054_dist=100_repair_6_males=4_nmar=3,FG_theta_2.5,59,7,2.5,4,3
0.054,14,100,100,38.615705489755754,295.0209212413149,24.432695617971103,14,1.4,0.5355048498070014,264,D_pmar=0.054_dist=100_repair_6_males=4_nmar=3,FG_theta_2.5,47,15,2.5,4,3
0.054,11,0,0,38.08832339940123,313.97066614632104,6.107068576622456,14,1.4,0.5224102797850282,265,D_pmar=0.054_dist=100_repair_6_males=4_nmar=3,FG_theta_2.5,52,12,2.5,4,3
0,6,0,100,41.2381159401211,250.02709924868444,68.81136887345545,0,0,0,265,D_pmar=0.054_dist=100_repair_6_males=4_nmar=3,FG_theta_2.5,95,9,2.5,4,3
0.054,8,100,0,41.14323357853894,263.1029558820658,54.935617783638534,7,0.7,0.351851851851852,265,D_pmar=0.054_dist=100_repair_6_males=4_nmar=3,FG_theta_2.5,60,8,2.5,4,3
0.054,11,100,100,38.16980276288669,290.18170690426354,30.619569425366027,6,0.6,0.5085778413999342,265,D_pmar=0.054_dist=100_repair_6_males=4_nmar=3,FG_theta_2.5,54,12,2.5,4,3
0.054,7,0,0,39.31771519489534,270.4120523396153,48.6800030878747,11,1.1,0.5382168240552742,266,D_pmar=0.054_dist=100_repair_6_males=4_nmar=3,FG_theta_2.5,68,8,2.5,4,3
0,15,0,100,39.790938456726245,255.3782506120838,65.01842772980353,0,0,0,266,D_pmar=0.054_dist=100_repair_6_males=4_nmar=3,FG_theta_2.5,113,17,2.5,4,3
0.054,7,100,0,38.85524521953017,282.9283407747257,36.78726665884158,9,0.8999999999999999,0.537093487540833,266,D_pmar=0.054_dist=100_repair_6_males=4_nmar=3,FG_theta_2.5,66,12,2.5,4,3
0.054,7,100,100,38.47474931330677,277.10044692795583,42.77069904779232,12,1.2,0.5960755031435069,266,D_pmar=0.054_dist=100_repair_6_males=4_nmar=3,FG_theta_2.5,61,10,2.5,4,3
0,8,0,0,40.4990938220191,242.6578391974488,77.08755935999878,0,0,0,267,D_pmar=0.054_dist=100_repair_6_males=4_nmar=3,FG_theta_2.5,101,8,2.5,4,3
0.054,7,0,100,38.50838606293216,277.4448971521213,42.56685848051371,10,1,0.5163847464972272,267,D_pmar=0.054_dist=100_repair_6_males=4_nmar=3,FG_theta_2.5,49,9,2.5,4,3
0.054,11,100,0,39.87426197141474,270.40653764271826,48.66310098823672,8,0.7999999999999999,0.43299496266009857,267,D_pmar=0.054_dist=100_repair_6_males=4_nmar=3,FG_theta_2.5,64,13,2.5,4,3
0.054,10,100,100,37.933794949913114,302.2307167503391,18.44131157839997,13,1.3,0.49430348435972526,267,D_pmar=0.054_dist=100_repair_6_males=4_nmar=3,FG_theta_2.5,56,12,2.5,4,3
0.054,13,0,0,38.93701579180684,266.1796454004644,53.881588586880746,7,0.7,0.37664508823762705,268,D_pmar=0.054_dist=100_repair_6_males=4_nmar=3,FG_theta_2.5,61,14,2.5,4,3
0,10,0,100,39.70798697221551,253.33325331734417,67.06441346114258,0,0,0,268,D_pmar=0.054_dist=100_repair_6_males=4_nmar=3,FG_theta_2.5,94,13,2.5,4,3
0.054,8,100,0,36.31849431434029,291.5900651857545,30.45608059023331,13,1.3,0.4853732427479911,268,D_pmar=0.054_dist=100_repair_6_males=4_nmar=3,FG_theta_2.5,43,10,2.5,4,3
0.054,5,100,100,39.69921466694221,275.95397635942834,42.700771092845585,12,1.2,0.5306026530336413,268,D_pmar=0.054_dist=100_repair_6_males=4_nmar=3,FG_theta_2.5,56,11,2.5,4,3
0.054,7,0,0,40.33981385828323,257.18899039053707,61.222502970253856,9,0.8999999999999999,0.5641333969554901,269,D_pmar=0.054_dist=100_repair_6_males=4_nmar=3,FG_theta_2.5,72,10,2.5,4,3
0.054,8,0,100,39.43516980387423,294.5299840374342,24.25344163906905,14,1.4,0.48148148148148223,269,D_pmar=0.054_dist=100_repair_6_males=4_nmar=3,FG_theta_2.5,72,9,2.5,4,3
0.054,10,100,0,41.10784485183857,268.92546620117014,48.884520390813336,7,0.7,0.4954268208741662,269,D_pmar=0.054_dist=100_repair_6_males=4_nmar=3,FG_theta_2.5,64,14,2.5,4,3
0,11,100,100,36.730547162162686,274.11184121959485,49.17713637560986,0,0,0,269,D_pmar=0.054_dist=100_repair_6_males=4_nmar=3,FG_theta_2.5,88,12,2.5,4,3
0.054,7,0,0,37.2906617717346,260.21312704351794,60.769979616559795,13,1.3,0.52928658244354,26,D_pmar=0.054_dist=100_repair_6_males=4_nmar=3,FG_theta_2.5,87,11,2.5,4,3
0.054,11,0,100,38.36104741996024,283.81162103839273,36.64314988741994,8,0.7999999999999999,0.5146033746877354,26,D_pmar=0.054_dist=100_repair_6_males=4_nmar=3,FG_theta_2.5,64,16,2.5,4,3
0.054,6,100,0,38.99550215777492,288.93771507571176,30.564943018587183,10,1,0.550188057562806,26,D_pmar=0.054_dist=100_repair_6_males=4_nmar=3,FG_theta_2.5,52,10,2.5,4,3
0,12,100,100,39.20610730994069,259.91504556877123,60.98824277715675,0,0,0,26,D_pmar=0.054_dist=100_repair_6_males=4_nmar=3,FG_theta_2.5,97,16,2.5,4,3
0.054,7,0,0,39.25522463186204,288.9849171211114,30.573930983046193,8,0.7999999999999999,0.4738673104598495,270,D_pmar=0.054_dist=100_repair_6_males=4_nmar=3,FG_theta_2.5,62,9,2.5,4,3
0.054,7,0,100,39.42365657039819,275.5988624059985,43.155183480316346,13,1.3,0.5783513034919043,270,D_pmar=0.054_dist=100_repair_6_males=4_nmar=3,FG_theta_2.5,59,7,2.5,4,3
0,8,100,0,40.533833239114635,283.2445644247933,36.333482172441315,0,0,0,270,D_pmar=0.054_dist=100_repair_6_males=4_nmar=3,FG_theta_2.5,102,12,2.5,4,3
0.054,14,100,100,38.34217971808928,265.7537875648187,55.03003748346847,6,0.6,0.5513113940772473,270,D_pmar=0.054_dist=100_repair_6_males=4_nmar=3,FG_theta_2.5,72,16,2.5,4,3
0.054,11,0,0,40.34419409019119,299.6929869308068,18.317406142110865,12,1.2,0.4580607661896037,271,D_pmar=0.054_dist=100_repair_6_males=4_nmar=3,FG_theta_2.5,49,12,2.5,4,3
0,10,0,100,40.281165842934605,246.483981836,73.37921795946711,0,0,0,271,D_pmar=0.054_dist=100_repair_6_males=4_nmar=3,FG_theta_2.5,103,16,2.5,4,3
0.054,6,100,0,38.29951947005275,277.67008525301895,43.01306246390061,6,0.6,0.5567917930775875,271,D_pmar=0.054_dist=100_repair_6_males=4_nmar=3,FG_theta_2.5,55,7,2.5,4,3
0.054,9,100,100,38.179092244371695,283.8727209864514,36.56265163919794,10,1,0.4853732427479911,271,D_pmar=0.054_dist=100_repair_6_males=4_nmar=3,FG_theta_2.5,69,11,2.5,4,3
0.054,8,0,0,40.26559963567687,294.16436756288743,24.39651631187037,7,0.7,0.497208192683658,272,D_pmar=0.054_dist=100_repair_6_males=4_nmar=3,FG_theta_2.5,74,8,2.5,4,3
0.054,6,0,100,38.27173858300099,283.40886558983726,36.88796106814031,12,1.2,0.4490740740740747,272,D_pmar=0.054_dist=100_repair_6_males=4_nmar=3,FG_theta_2.5,56,8,2.5,4,3
0.054,11,100,0,39.229877783137255,258.74677684187793,61.01238251181867,5,0.5,0.5343815132925605,272,D_pmar=0.054_dist=100_repair_6_males=4_nmar=3,FG_theta_2.5,60,14,2.5,4,3
0,11,100,100,38.09399937827315,297.66384228605625,24.436871796392207,0,0,0,272,D_pmar=0.054_dist=100_repair_6_males=4_nmar=3,FG_theta_2.5,100,11,2.5,4,3
0,7,0,0,39.90725888602832,240.66244039968777,79.59500265827259,0,0,0,273,D_pmar=0.054_dist=100_repair_6_males=4_nmar=3,FG_theta_2.5,98,10,2.5,4,3
0.054,8,0,100,37.60325598158311,260.80908089631015,60.063877957117626,11,1.1,0.5174516325078733,273,D_pmar=0.054_dist=100_repair_6_males=4_nmar=3,FG_theta_2.5,65,10,2.5,4,3
0.054,9,100,0,38.29153585088214,252.3213530251261,67.36717887549185,15,1.5000000000000002,0.5409287983035469,273,D_pmar=0.054_dist=100_repair_6_males=4_nmar=3,FG_theta_2.5,73,11,2.5,4,3
0.054,12,100,100,37.48876518418936,277.95645795653553,42.58781167804143,15,1.5000000000000002,0.5189039866698397,273,D_pmar=0.054_dist=100_repair_6_males=4_nmar=3,FG_theta_2.5,67,19,2.5,4,3
0,8,0,0,40.413526535486135,240.2652323234019,79.4066408359351,0,0,0,274,D_pmar=0.054_dist=100_repair_6_males=4_nmar=3,FG_theta_2.5,111,13,2.5,4,3
0.054,14,0,100,39.52458799022078,282.4963661151958,36.28268063685182,12,1.2,0.5597763344695906,274,D_pmar=0.054_dist=100_repair_6_males=4_nmar=3,FG_theta_2.5,83,15,2.5,4,3
0.054,8,100,0,39.17389191388483,282.48598325482277,36.61724883507543,13,1.3,0.4675925925925933,274,D_pmar=0.054_dist=100_repair_6_males=4_nmar=3,FG_theta_2.5,45,13,2.5,4,3
0.054,6,100,100,38.96485534907487,267.21868202226506,52.48253016609387,9,0.8999999999999999,0.5959392195716418,274,D_pmar=0.054_dist=100_repair_6_males=4_nmar=3,FG_theta_2.5,64,12,2.5,4,3
0,7,0,0,40.20048764617392,264.95494535770416,55.023261183121235,0,0,0,275,D_pmar=0.054_dist=100_repair_6_males=4_nmar=3,FG_theta_2.5,97,13,2.5,4,3
0.054,10,0,100,38.53219356657762,276.8388776169318,42.54981182450161,17,1.7000000000000004,0.5444350914187354,275,D_pmar=0.054_dist=100_repair_6_males=4_nmar=3,FG_theta_2.5,58,14,2.5,4,3
0.054,11,100,0,37.61306758693364,278.3845365544626,42.59447823109978,11,1.1,0.41666666666666713,275,D_pmar=0.054_dist=100_repair_6_males=4_nmar=3,FG_theta_2.5,52,14,2.5,4,3
0.054,8,100,100,38.19893297477003,259.86651339392,60.99048477030473,5,0.5,0.47022473377279594,275,D_pmar=0.054_dist=100_repair_6_males=4_nmar=3,FG_theta_2.5,74,10,2.5,4,3
0,5,0,0,38.425327889575584,273.0056461907734,48.5777741625794,0,0,0,276,D_pmar=0.054_dist=100_repair_6_males=4_nmar=3,FG_theta_2.5,117,8,2.5,4,3
0.054,9,0,100,37.996614237501994,290.1451514270919,30.416025739664025,9,0.8999999999999999,0.581006827236382,276,D_pmar=0.054_dist=100_repair_6_males=4_nmar=3,FG_theta_2.5,51,12,2.5,4,3
0.054,11,100,0,40.82461357542276,293.2688934212316,24.536735381807773,9,0.8999999999999999,0.5949521666290658,276,D_pmar=0.054_dist=100_repair_6_males=4_nmar=3,FG_theta_2.5,70,12,2.5,4,3
0.054,11,100,100,37.92664301091723,278.40587236908647,42.6178209163304,6,0.6,0.4675925925925933,276,D_pmar=0.054_dist=100_repair_6_males=4_nmar=3,FG_theta_2.5,76,14,2.5,4,3
0.054,6,0,0,38.994927809653795,270.7700172894346,49.08868665374269,6,0.6,0.593034511247709,277,D_pmar=0.054_dist=100_repair_6_males=4_nmar=3,FG_theta_2.5,74,11,2.5,4,3
0,9,0,100,39.54133437716127,277.8481375443692,42.6378337747768,0,0,0,277,D_pmar=0.054_dist=100_repair_6_males=4_nmar=3,FG_theta_2.5,101,13,2.5,4,3
0.054,9,100,0,40.735431345003306,287.18598325349825,30.805671341498343,10,1,0.534245229720695,277,D_pmar=0.054_dist=100_repair_6_males=4_nmar=3,FG_theta_2.5,54,12,2.5,4,3
0.054,12,100,100,38.71162673358285,289.2723997401006,30.78074406839746,9,0.8999999999999999,0.4398148148148154,277,D_pmar=0.054_dist=100_repair_6_males=4_nmar=3,FG_theta_2.5,66,13,2.5,4,3
0.054,8,0,0,40.495989559301265,294.3475721021093,24.31859133418749,6,0.6,0.4398712653186105,278,D_pmar=0.054_dist=100_repair_6_males=4_nmar=3,FG_theta_2.5,52,10,2.5,4,3
0.054,11,0,100,39.83745694359253,294.5770160092792,24.308228903726828,9,0.8999999999999999,0.45343113655997414,278,D_pmar=0.054_dist=100_repair_6_males=4_nmar=3,FG_theta_2.5,58,11,2.5,4,3
0,9,100,0,39.89092719274604,277.195074882391,43.01201103341205,0,0,0,278,D_pmar=0.054_dist=100_repair_6_males=4_nmar=3,FG_theta_2.5,88,10,2.5,4,3
0.054,8,100,100,38.60513148367341,289.9450098259265,30.479983689468735,5,0.5,0.4734020092404592,278,D_pmar=0.054_dist=100_repair_6_males=4_nmar=3,FG_theta_2.5,62,10,2.5,4,3
0.054,10,0,0,41.70527870404473,267.69887731885615,48.78063234860388,13,1.3,0.6514947751271976,279,D_pmar=0.054_dist=100_repair_6_males=4_nmar=3,FG_theta_2.5,59,13,2.5,4,3
0,13,0,100,39.02685534676855,278.4295674058778,42.5752547880615,0,0,0,279,D_pmar=0.054_dist=100_repair_6_males=4_nmar=3,FG_theta_2.5,90,13,2.5,4,3
0.054,6,100,0,39.263701834938665,246.58230404782057,73.11427619712792,7,0.7,0.43603595455589655,279,D_pmar=0.054_dist=100_repair_6_males=4_nmar=3,FG_theta_2.5,76,9,2.5,4,3
0.054,7,100,100,38.05558996477003,271.33554998698736,48.78847853449075,15,1.5000000000000002,0.4259259259259264,279,D_pmar=0.054_dist=100_repair_6_males=4_nmar=3,FG_theta_2.5,58,10,2.5,4,3
0.054,11,0,0,38.24644413097372,274.8431276344526,46.19181645231239,3,0.30000000000000004,0.5439697901993448,27,D_pmar=0.054_dist=100_repair_6_males=4_nmar=3,FG_theta_2.5,65,13,2.5,4,3
0.054,9,0,100,37.35026360035934,277.77719890030954,42.7009703045056,17,1.7000000000000004,0.5622157415741329,27,D_pmar=0.054_dist=100_repair_6_males=4_nmar=3,FG_theta_2.5,67,9,2.5,4,3
0,8,100,0,39.50349934990672,265.33721731206225,55.16326643216093,0,0,0,27,D_pmar=0.054_dist=100_repair_6_males=4_nmar=3,FG_theta_2.5,98,15,2.5,4,3
0.054,8,100,100,39.11259495145333,270.69034149630795,48.72859127126515,12,1.2,0.4629629629629636,27,D_pmar=0.054_dist=100_repair_6_males=4_nmar=3,FG_theta_2.5,70,12,2.5,4,3
0,11,0,0,39.08237509905483,272.1244355755735,48.81559807800251,0,0,0,280,D_pmar=0.054_dist=100_repair_6_males=4_nmar=3,FG_theta_2.5,84,11,2.5,4,3
0.054,10,0,100,38.53661798099101,283.47169697810045,35.79265519697978,17,1.7000000000000004,0.5339162120731699,280,D_pmar=0.054_dist=100_repair_6_males=4_nmar=3,FG_theta_2.5,51,11,2.5,4,3
0.054,7,100,0,39.32860828511092,270.214224264541,48.9600180160621,13,1.3,0.4675925925925933,280,D_pmar=0.054_dist=100_repair_6_males=4_nmar=3,FG_theta_2.5,63,12,2.5,4,3
0.054,8,100,100,39.47807892530988,247.0713029099407,72.80185667924022,4,0.4,0.4073275743393378,280,D_pmar=0.054_dist=100_repair_6_males=4_nmar=3,FG_theta_2.5,74,15,2.5,4,3
0.054,6,0,0,36.76075650283358,266.85227519460807,54.96391274138149,10,1,0.48148148148148223,281,D_pmar=0.054_dist=100_repair_6_males=4_nmar=3,FG_theta_2.5,67,8,2.5,4,3
0.054,6,0,100,38.7212336361122,277.2280631058198,42.88154314188692,7,0.7,0.5168500477166177,281,D_pmar=0.054_dist=100_repair_6_males=4_nmar=3,FG_theta_2.5,63,8,2.5,4,3
0,11,100,0,38.807499557499966,260.4400607496073,60.9666643860214,0,0,0,281,D_pmar=0.054_dist=100_repair_6_males=4_nmar=3,FG_theta_2.5,112,16,2.5,4,3
0.054,13,100,100,39.92954483965835,300.095283854115,18.267575042865797,12,1.2,0.5744595422253955,281,D_pmar=0.054_dist=100_repair_6_males=4_nmar=3,FG_theta_2.5,65,15,2.5,4,3
0.054,11,0,0,39.47496232553402,252.4177415316578,66.95497063224917,8,0.7999999999999999,0.49131894296772194,282,D_pmar=0.054_dist=100_repair_6_males=4_nmar=3,FG_theta_2.5,62,14,2.5,4,3
0.054,9,0,100,40.0442885727678,294.1704265213036,24.380092795560525,11,1.1,0.3425925925925927,282,D_pmar=0.054_dist=100_repair_6_males=4_nmar=3,FG_theta_2.5,65,11,2.5,4,3
0,11,100,0,39.53522268786847,253.89472320138873,66.67204741959368,0,0,0,282,D_pmar=0.054_dist=100_repair_6_males=4_nmar=3,FG_theta_2.5,71,13,2.5,4,3
0.054,5,100,100,40.160494654051554,275.3883638519805,42.625314278694574,14,1.4,0.5173153489360082,282,D_pmar=0.054_dist=100_repair_6_males=4_nmar=3,FG_theta_2.5,57,9,2.5,4,3
0,8,0,0,35.82604011666236,293.6091306381025,30.586922155778662,0,0,0,283,D_pmar=0.054_dist=100_repair_6_males=4_nmar=3,FG_theta_2.5,92,12,2.5,4,3
0.054,10,0,100,37.83381834207988,265.68006687611296,55.18228458963715,9,0.8999999999999999,0.4641427499811998,283,D_pmar=0.054_dist=100_repair_6_males=4_nmar=3,FG_theta_2.5,79,12,2.5,4,3
0.054,9,100,0,38.76933273949396,277.15096826294325,42.63295603955491,11,1.1,0.5575296614407085,283,D_pmar=0.054_dist=100_repair_6_males=4_nmar=3,FG_theta_2.5,47,9,2.5,4,3
0.054,9,100,100,39.580981076830554,276.7634409539517,42.531423018616415,8,0.7999999999999999,0.41990039263812545,283,D_pmar=0.054_dist=100_repair_6_males=4_nmar=3,FG_theta_2.5,59,9,2.5,4,3
0,10,0,0,39.42862289235181,290.37577459437495,30.35814687720071,0,0,0,284,D_pmar=0.054_dist=100_repair_6_males=4_nmar=3,FG_theta_2.5,91,13,2.5,4,3
0.054,8,0,100,39.02426218074515,276.8931535112493,43.04938483023387,7,0.7,0.4734020092404592,284,D_pmar=0.054_dist=100_repair_6_males=4_nmar=3,FG_theta_2.5,67,8,2.5,4,3
0.054,11,100,0,39.02307360324029,289.4999470808837,30.639788009668084,5,0.5,0.4120370370370375,284,D_pmar=0.054_dist=100_repair_6_males=4_nmar=3,FG_theta_2.5,56,13,2.5,4,3
0.054,7,100,100,40.47162926688511,299.96650940345165,18.207434169182108,8,0.7999999999999999,0.5868162438842478,284,D_pmar=0.054_dist=100_repair_6_males=4_nmar=3,FG_theta_2.5,63,9,2.5,4,3
0.054,10,0,0,40.298837750802114,293.7749806100545,24.68295991156101,8,0.7999999999999999,0.4907971912445366,285,D_pmar=0.054_dist=100_repair_6_males=4_nmar=3,FG_theta_2.5,72,11,2.5,4,3
0.054,10,0,100,39.72720504439896,294.71949068929683,24.427025507249855,8,0.7999999999999999,0.5366281863214425,285,D_pmar=0.054_dist=100_repair_6_males=4_nmar=3,FG_theta_2.5,62,14,2.5,4,3
0.054,7,100,0,35.68498790424838,286.1729883454874,36.87257491211924,9,0.8999999999999999,0.5756393292436315,285,D_pmar=0.054_dist=100_repair_6_males=4_nmar=3,FG_theta_2.5,65,8,2.5,4,3
0,9,100,100,40.86506618751742,251.59967317963591,67.82967796823401,0,0,0,285,D_pmar=0.054_dist=100_repair_6_males=4_nmar=3,FG_theta_2.5,93,11,2.5,4,3
0,7,0,0,40.23896834285603,265.0091021398273,54.89024551134909,0,0,0,286,D_pmar=0.054_dist=100_repair_6_males=4_nmar=3,FG_theta_2.5,109,13,2.5,4,3
0.054,7,0,100,39.4284252762849,275.77747703533146,42.87041988570041,14,1.4,0.5972222222222234,286,D_pmar=0.054_dist=100_repair_6_males=4_nmar=3,FG_theta_2.5,80,12,2.5,4,3
0.054,10,100,0,37.35800375513093,266.4424170712278,54.875728660185395,9,0.8999999999999999,0.5856364568660117,286,D_pmar=0.054_dist=100_repair_6_males=4_nmar=3,FG_theta_2.5,75,14,2.5,4,3
0.054,12,100,100,37.87589144602904,265.9141154634656,54.54875674994887,11,1.1,0.576104630463022,286,D_pmar=0.054_dist=100_repair_6_males=4_nmar=3,FG_theta_2.5,77,17,2.5,4,3
0,10,0,0,40.868331789670165,264.41468537641737,54.88426827655672,0,0,0,287,D_pmar=0.054_dist=100_repair_6_males=4_nmar=3,FG_theta_2.5,105,15,2.5,4,3
0.054,9,0,100,39.702783777476085,299.0997859473001,19.513245934447284,11,1.1,0.5845131203515707,287,D_pmar=0.054_dist=100_repair_6_males=4_nmar=3,FG_theta_2.5,57,10,2.5,4,3
0.054,7,100,0,39.106326502734234,276.8109032843284,42.885327789398225,9,0.8999999999999999,0.4027777777777782,287,D_pmar=0.054_dist=100_repair_6_males=4_nmar=3,FG_theta_2.5,64,10,2.5,4,3
0.054,10,100,100,38.85470143666407,277.34781289522704,42.70041441426197,7,0.7,0.5232610491557389,287,D_pmar=0.054_dist=100_repair_6_males=4_nmar=3,FG_theta_2.5,63,13,2.5,4,3
0,9,0,0,40.78610825172449,252.28435076842945,67.07933019810652,0,0,0,288,D_pmar=0.054_dist=100_repair_6_males=4_nmar=3,FG_theta_2.5,76,12,2.5,4,3
0.054,11,0,100,38.481490948507584,263.9007876381699,55.946484772725675,13,1.3,0.4117644698933072,288,D_pmar=0.054_dist=100_repair_6_males=4_nmar=3,FG_theta_2.5,74,12,2.5,4,3
0.054,11,100,0,40.15285852830239,281.9691745492558,36.50777721168102,10,1,0.38716396758319255,288,D_pmar=0.054_dist=100_repair_6_males=4_nmar=3,FG_theta_2.5,44,11,2.5,4,3
0.054,5,100,100,41.05462003141261,280.91285257141965,36.68250014253249,10,1,0.46255411224736814,288,D_pmar=0.054_dist=100_repair_6_males=4_nmar=3,FG_theta_2.5,47,6,2.5,4,3
0,8,0,0,39.95243242604172,246.71105799991824,73.4413309179756,0,0,0,289,D_pmar=0.054_dist=100_repair_6_males=4_nmar=3,FG_theta_2.5,118,11,2.5,4,3
0.054,9,0,100,36.73287096935164,290.7079697329662,30.62992182109036,14,1.4,0.5685702925094596,289,D_pmar=0.054_dist=100_repair_6_males=4_nmar=3,FG_theta_2.5,60,11,2.5,4,3
0.054,10,100,0,39.77212725693933,276.94368228350595,42.52432151999107,4,0.4,0.47770262122256335,289,D_pmar=0.054_dist=100_repair_6_males=4_nmar=3,FG_theta_2.5,68,11,2.5,4,3
0.054,9,100,100,39.1159663961984,295.1431986906052,24.32683411557197,10,1,0.5794181895025504,289,D_pmar=0.054_dist=100_repair_6_males=4_nmar=3,FG_theta_2.5,60,11,2.5,4,3
0.054,9,0,0,0,359.5377229089277,0,0,0,0.6901204498980663,28,D_pmar=0.054_dist=100_repair_6_males=4_nmar=3,FG_theta_2.5,86,9,2.5,4,3
0.054,14,0,100,0,359.5324444222261,0,0,0,0.6052783118989714,28,D_pmar=0.054_dist=100_repair_6_males=4_nmar=3,FG_theta_2.5,75,14,2.5,4,3
0.054,4,100,0,0,359.5822445960641,0,0,0,0.5648148148148159,28,D_pmar=0.054_dist=100_repair_6_males=4_nmar=3,FG_theta_2.5,81,4,2.5,4,3
0,9,100,100,0,360.06276393710533,0,0,0,0,28,D_pmar=0.054_dist=100_repair_6_males=4_nmar=3,FG_theta_2.5,113,9,2.5,4,3
0.054,14,0,0,37.279445764594946,283.8107503300015,36.85243861543458,15,1.5000000000000002,0.6014430011362575,290,D_pmar=0.054_dist=100_repair_6_males=4_nmar=3,FG_theta_2.5,85,16,2.5,4,3
0.054,7,0,100,39.34077080001969,286.84557309136477,32.673285306960885,8,0.7999999999999999,0.45370370370370433,290,D_pmar=0.054_dist=100_repair_6_males=4_nmar=3,FG_theta_2.5,71,11,2.5,4,3
0,11,100,0,38.88242496629963,259.95932325621317,61.16040406985248,0,0,0,290,D_pmar=0.054_dist=100_repair_6_males=4_nmar=3,FG_theta_2.5,92,14,2.5,4,3
0.054,4,100,100,38.80023751571466,271.10322142945023,48.85571996438558,7,0.7,0.5567353425737925,290,D_pmar=0.054_dist=100_repair_6_males=4_nmar=3,FG_theta_2.5,72,13,2.5,4,3
0.054,11,0,0,41.38285533927727,286.3342316315334,30.499311260678297,15,1.5000000000000002,0.4305555555555561,291,D_pmar=0.054_dist=100_repair_6_males=4_nmar=3,FG_theta_2.5,55,12,2.5,4,3
0,5,0,100,39.87890863486197,252.45047615790617,67.74213242267653,0,0,0,291,D_pmar=0.054_dist=100_repair_6_males=4_nmar=3,FG_theta_2.5,100,9,2.5,4,3
0.054,9,100,0,38.17983019368743,284.00922338961345,36.56491166545793,7,0.7,0.6080467366510391,291,D_pmar=0.054_dist=100_repair_6_males=4_nmar=3,FG_theta_2.5,58,9,2.5,4,3
0.054,11,100,100,38.63387942497656,277.5272035069155,42.79945454387175,7,0.7,0.4101758321594755,291,D_pmar=0.054_dist=100_repair_6_males=4_nmar=3,FG_theta_2.5,61,11,2.5,4,3
0,9,0,0,39.734562022036066,252.87323849772395,67.39417173069674,0,0,0,292,D_pmar=0.054_dist=100_repair_6_males=4_nmar=3,FG_theta_2.5,88,13,2.5,4,3
0.054,3,0,100,35.99727211165355,292.0800733941086,30.38930200778942,11,1.1,0.4618960769523176,292,D_pmar=0.054_dist=100_repair_6_males=4_nmar=3,FG_theta_2.5,62,3,2.5,4,3
0.054,13,100,0,39.32711649507526,282.7807045582742,36.48066575404755,10,1,0.45726644732268784,292,D_pmar=0.054_dist=100_repair_6_males=4_nmar=3,FG_theta_2.5,59,15,2.5,4,3
0.054,11,100,100,39.56180546330565,276.0112855521822,43.19394377384644,8,0.7999999999999999,0.4845789238810754,292,D_pmar=0.054_dist=100_repair_6_males=4_nmar=3,FG_theta_2.5,59,14,2.5,4,3
0.054,8,0,0,36.88291673720457,273.2955145647908,48.9295407187234,7,0.7,0.477237320003173,293,D_pmar=0.054_dist=100_repair_6_males=4_nmar=3,FG_theta_2.5,56,9,2.5,4,3
0.054,7,0,100,36.22405554029163,285.8685481210154,36.544655805909144,12,1.2,0.4259259259259264,293,D_pmar=0.054_dist=100_repair_6_males=4_nmar=3,FG_theta_2.5,52,9,2.5,4,3
0,8,100,0,40.68775339738127,246.02359873127145,73.38311432172698,0,0,0,293,D_pmar=0.054_dist=100_repair_6_males=4_nmar=3,FG_theta_2.5,110,10,2.5,4,3
0.054,13,100,100,38.88703966411903,307.6862352640083,12.120984954500043,9,0.8999999999999999,0.5063311683710521,293,D_pmar=0.054_dist=100_repair_6_males=4_nmar=3,FG_theta_2.5,50,16,2.5,4,3
0,8,0,0,39.43433329550186,272.02331105885315,48.634958053345585,0,0,0,294,D_pmar=0.054_dist=100_repair_6_males=4_nmar=3,FG_theta_2.5,111,13,2.5,4,3
0.054,9,0,100,39.577125497693714,263.49467794413727,55.353308675765454,11,1.1,0.5485994198289745,294,D_pmar=0.054_dist=100_repair_6_males=4_nmar=3,FG_theta_2.5,79,11,2.5,4,3
0.054,10,100,0,39.478750809897576,270.1735347332372,48.47905804403224,13,1.3,0.5740740740740752,294,D_pmar=0.054_dist=100_repair_6_males=4_nmar=3,FG_theta_2.5,64,14,2.5,4,3
0.054,9,100,100,39.62110020495725,264.11881136231483,54.88474673374627,10,1,0.5120276840113279,294,D_pmar=0.054_dist=100_repair_6_males=4_nmar=3,FG_theta_2.5,73,16,2.5,4,3
0.054,8,0,0,40.16483534166262,305.90006206906276,12.208847910313748,14,1.4,0.5818011461032979,295,D_pmar=0.054_dist=100_repair_6_males=4_nmar=3,FG_theta_2.5,64,11,2.5,4,3
0.054,9,0,100,38.723890403837494,259.11815889803603,61.35168314465661,5,0.5,0.4360359545558966,295,D_pmar=0.054_dist=100_repair_6_males=4_nmar=3,FG_theta_2.5,69,9,2.5,4,3
0.054,12,100,0,39.58609333545838,276.26217150333457,42.74064385768501,10,1,0.4175174360373779,295,D_pmar=0.054_dist=100_repair_6_males=4_nmar=3,FG_theta_2.5,64,16,2.5,4,3
0,7,100,100,41.21066470481627,257.77761163145124,61.02244877136262,0,0,0,295,D_pmar=0.054_dist=100_repair_6_males=4_nmar=3,FG_theta_2.5,77,14,2.5,4,3
0.054,3,0,0,39.326109529935,290.1486174384943,29.18584860998249,10,1,0.4864965792624322,296,D_pmar=0.054_dist=100_repair_6_males=4_nmar=3,FG_theta_2.5,56,7,2.5,4,3
0.054,7,0,100,41.215566662819,274.55925880038984,42.89501564857277,9,0.8999999999999999,0.5003854681513212,296,D_pmar=0.054_dist=100_repair_6_males=4_nmar=3,FG_theta_2.5,61,10,2.5,4,3
0,11,100,0,39.81082444728509,271.8678073964175,48.44975374039424,0,0,0,296,D_pmar=0.054_dist=100_repair_6_males=4_nmar=3,FG_theta_2.5,87,14,2.5,4,3
0.054,15,100,100,38.444780981661935,289.60732629830744,30.97708027169789,6,0.6,0.5044135129896952,296,D_pmar=0.054_dist=100_repair_6_males=4_nmar=3,FG_theta_2.5,68,18,2.5,4,3
0,14,0,0,38.151774558443186,267.1580554360383,54.71487410030056,0,0,0,297,D_pmar=0.054_dist=100_repair_6_males=4_nmar=3,FG_theta_2.5,84,15,2.5,4,3
0.054,7,0,100,37.436012263079135,290.47894660624667,30.597331799630055,11,1.1,0.3981481481481486,297,D_pmar=0.054_dist=100_repair_6_males=4_nmar=3,FG_theta_2.5,74,13,2.5,4,3
0.054,8,100,0,36.47321762855099,289.7273067497321,32.679203465259505,7,0.7,0.5903225369994363,297,D_pmar=0.054_dist=100_repair_6_males=4_nmar=3,FG_theta_2.5,55,9,2.5,4,3
0.054,7,100,100,38.51898647009773,283.3791661279253,36.857474955760246,8,0.7999999999999999,0.4799492942514456,297,D_pmar=0.054_dist=100_repair_6_males=4_nmar=3,FG_theta_2.5,64,8,2.5,4,3
0,7,0,0,39.307159859334575,265.25335315845285,55.4421391183586,0,0,0,298,D_pmar=0.054_dist=100_repair_6_males=4_nmar=3,FG_theta_2.5,90,8,2.5,4,3
0.054,10,0,100,41.39905959485542,280.13589480569556,36.85610476321204,12,1.2,0.546216463228227,298,D_pmar=0.054_dist=100_repair_6_males=4_nmar=3,FG_theta_2.5,55,12,2.5,4,3
0.054,10,100,0,39.35558725090328,258.4515636556076,61.12319854823348,8,0.7999999999999999,0.3750000000000003,298,D_pmar=0.054_dist=100_repair_6_males=4_nmar=3,FG_theta_2.5,72,11,2.5,4,3
0.054,9,100,100,41.27452541742986,286.61468086059756,30.64892834317057,10,1,0.5753103115961062,298,D_pmar=0.054_dist=100_repair_6_males=4_nmar=3,FG_theta_2.5,64,13,2.5,4,3
0,10,0,0,36.80233635641826,274.2204882042691,49.04557112754356,0,0,0,299,D_pmar=0.054_dist=100_repair_6_males=4_nmar=3,FG_theta_2.5,85,13,2.5,4,3
0.054,7,0,100,39.43928019345495,267.38861342913924,52.645756932031105,2,0.2,0.408587194425644,299,D_pmar=0.054_dist=100_repair_6_males=4_nmar=3,FG_theta_2.5,79,11,2.5,4,3
0.054,9,100,0,37.98532697387381,284.1827692818961,36.57162879171992,9,0.8999999999999999,0.4992621316368801,299,D_pmar=0.054_dist=100_repair_6_males=4_nmar=3,FG_theta_2.5,64,13,2.5,4,3
0.054,10,100,100,39.45702493340469,300.09663515685855,18.385071695797485,15,1.5000000000000002,0.6614919027495778,299,D_pmar=0.054_dist=100_repair_6_males=4_nmar=3,FG_theta_2.5,65,10,2.5,4,3
0,8,0,0,41.50360778756716,245.41372550931783,73.13249082628997,0,0,0,29,D_pmar=0.054_dist=100_repair_6_males=4_nmar=3,FG_theta_2.5,102,9,2.5,4,3
0.054,9,0,100,38.73680459345337,277.6370310972297,42.7552538182621,6,0.6,0.417517436037378,29,D_pmar=0.054_dist=100_repair_6_males=4_nmar=3,FG_theta_2.5,59,12,2.5,4,3
0.054,12,100,0,36.8790912603472,291.7294407774183,30.673799339441445,3,0.30000000000000004,0.4703610173446611,29,D_pmar=0.054_dist=100_repair_6_males=4_nmar=3,FG_theta_2.5,65,13,2.5,4,3
0.054,7,100,100,40.12339224143326,311.6427969524219,6.108238179935319,16,1.6000000000000003,0.6565897059762177,29,D_pmar=0.054_dist=100_repair_6_males=4_nmar=3,FG_theta_2.5,55,8,2.5,4,3
0.054,9,0,0,38.60862333167248,253.56561084951508,66.87092608703291,7,0.7,0.3981481481481486,300,D_pmar=0.054_dist=100_repair_6_males=4_nmar=3,FG_theta_2.5,84,12,2.5,4,3
0.054,10,0,100,36.284739102676376,303.9174758515323,18.38373044114744,10,1,0.624591149284406,300,D_pmar=0.054_dist=100_repair_6_males=4_nmar=3,FG_theta_2.5,58,10,2.5,4,3
0.054,8,100,0,40.00589420432903,281.73837601648285,36.72658122381453,11,1.1,0.6479320315082142,300,D_pmar=0.054_dist=100_repair_6_males=4_nmar=3,FG_theta_2.5,63,11,2.5,4,3
0,9,100,100,40.435969516025175,270.7720162281831,48.856786852890735,0,0,0,300,D_pmar=0.054_dist=100_repair_6_males=4_nmar=3,FG_theta_2.5,119,11,2.5,4,3
0.054,11,0,0,37.53239508201342,278.17888121222046,42.85471495652601,10,1,0.4629629629629636,301,D_pmar=0.054_dist=100_repair_6_males=4_nmar=3,FG_theta_2.5,69,14,2.5,4,3
0.054,8,0,100,38.00198649304708,302.4235658177421,18.251375646795275,7,0.7,0.67384860440843,301,D_pmar=0.054_dist=100_repair_6_males=4_nmar=3,FG_theta_2.5,57,10,2.5,4,3
0,5,100,0,38.74039112829782,241.9892848743391,79.37031458084627,0,0,0,301,D_pmar=0.054_dist=100_repair_6_males=4_nmar=3,FG_theta_2.5,114,10,2.5,4,3
0.054,12,100,100,40.31616248430705,293.5879274118471,24.560143156587635,10,1,0.5359701510263918,301,D_pmar=0.054_dist=100_repair_6_males=4_nmar=3,FG_theta_2.5,77,12,2.5,4,3
0.054,9,0,0,39.29738778908394,300.73293189988783,18.26262723349846,12,1.2,0.5755828787398366,302,D_pmar=0.054_dist=100_repair_6_males=4_nmar=3,FG_theta_2.5,55,12,2.5,4,3
0,7,0,100,38.80442991026724,260.10848827391084,61.11918009963293,0,0,0,302,D_pmar=0.054_dist=100_repair_6_males=4_nmar=3,FG_theta_2.5,102,10,2.5,4,3
0.054,11,100,0,38.55402010701155,284.95735663172286,35.253461779164134,8,0.7999999999999999,0.5167137641447525,302,D_pmar=0.054_dist=100_repair_6_males=4_nmar=3,FG_theta_2.5,71,13,2.5,4,3
0.054,9,100,100,40.842069106738954,282.87094102545626,35.45974269656687,5,0.5,0.472222222222223,302,D_pmar=0.054_dist=100_repair_6_males=4_nmar=3,FG_theta_2.5,71,11,2.5,4,3
0.054,7,0,0,37.97353598480477,277.8461738605693,42.856462230211314,9,0.8999999999999999,0.46573138771503136,303,D_pmar=0.054_dist=100_repair_6_males=4_nmar=3,FG_theta_2.5,67,9,2.5,4,3
0.054,9,0,100,38.437333494611465,307.6750744410865,12.438854375449536,12,1.2,0.4248590399152803,303,D_pmar=0.054_dist=100_repair_6_males=4_nmar=3,FG_theta_2.5,72,10,2.5,4,3
0,6,100,0,38.10607511793872,253.05468334641907,69.03339699357623,0,0,0,303,D_pmar=0.054_dist=100_repair_6_males=4_nmar=3,FG_theta_2.5,92,10,2.5,4,3
0.054,14,100,100,41.24098712404446,281.04012924555997,36.558582873820086,6,0.6,0.5790891718550252,303,D_pmar=0.054_dist=100_repair_6_males=4_nmar=3,FG_theta_2.5,50,16,2.5,4,3
0.054,7,0,0,38.092916710740525,265.91549776345863,54.846062402208055,7,0.7,0.5412578159510721,304,D_pmar=0.054_dist=100_repair_6_males=4_nmar=3,FG_theta_2.5,77,9,2.5,4,3
0,9,0,100,36.84472671463161,286.98110213158213,36.33814453231474,0,0,0,304,D_pmar=0.054_dist=100_repair_6_males=4_nmar=3,FG_theta_2.5,92,11,2.5,4,3
0.054,10,100,0,37.59686487283686,284.2740327680998,36.57665125719804,12,1.2,0.537037037037038,304,D_pmar=0.054_dist=100_repair_6_males=4_nmar=3,FG_theta_2.5,70,10,2.5,4,3
0.054,10,100,100,38.633000581755795,289.359429790975,31.00645512656258,8,0.7999999999999999,0.4692376808302199,304,D_pmar=0.054_dist=100_repair_6_males=4_nmar=3,FG_theta_2.5,70,12,2.5,4,3
0.054,11,0,0,41.47066204505952,280.466912532801,36.48185975968152,11,1.1,0.49074074074074153,305,D_pmar=0.054_dist=100_repair_6_males=4_nmar=3,FG_theta_2.5,70,11,2.5,4,3
0.054,4,0,100,39.42029161803987,276.8238827753433,42.83355823386648,6,0.6,0.47003199969713577,305,D_pmar=0.054_dist=100_repair_6_males=4_nmar=3,FG_theta_2.5,69,6,2.5,4,3
0.054,11,100,0,38.70135765450028,307.8369907927879,12.26353052436719,8,0.7999999999999999,0.6192236512916552,305,D_pmar=0.054_dist=100_repair_6_males=4_nmar=3,FG_theta_2.5,51,14,2.5,4,3
0,10,100,100,40.57560708261233,258.2580668395278,61.220289502373,0,0,0,305,D_pmar=0.054_dist=100_repair_6_males=4_nmar=3,FG_theta_2.5,114,10,2.5,4,3
0.054,8,0,0,39.15088184269269,282.3069299737714,36.527817005042415,15,1.5000000000000002,0.612948933424399,306,D_pmar=0.054_dist=100_repair_6_males=4_nmar=3,FG_theta_2.5,66,10,2.5,4,3
0.054,11,0,100,38.96319574368387,289.39133927249054,30.441116837426588,7,0.7,0.5385458417027994,306,D_pmar=0.054_dist=100_repair_6_males=4_nmar=3,FG_theta_2.5,60,13,2.5,4,3
0,9,100,0,37.67646405059914,260.93649168848907,61.40186202527827,0,0,0,306,D_pmar=0.054_dist=100_repair_6_males=4_nmar=3,FG_theta_2.5,111,12,2.5,4,3
0.054,8,100,100,39.586208754337214,264.5643997475454,54.67978476333703,9,0.8999999999999999,0.4259259259259264,306,D_pmar=0.054_dist=100_repair_6_males=4_nmar=3,FG_theta_2.5,71,10,2.5,4,3
0.054,11,0,0,38.081287699779786,284.03372822156877,36.67956618227767,8,0.7999999999999999,0.49079719124453647,307,D_pmar=0.054_dist=100_repair_6_males=4_nmar=3,FG_theta_2.5,77,13,2.5,4,3
0,8,0,100,40.33607788008688,283.1918887676569,36.64488874879942,0,0,0,307,D_pmar=0.054_dist=100_repair_6_males=4_nmar=3,FG_theta_2.5,88,9,2.5,4,3
0.054,8,100,0,39.468235270156086,252.2426368426454,67.15601017289868,7,0.7,0.5166573136409573,307,D_pmar=0.054_dist=100_repair_6_males=4_nmar=3,FG_theta_2.5,72,11,2.5,4,3
0.054,9,100,100,41.85116378236208,299.6097090678805,16.911533414584127,11,1.1,0.5319985566918127,307,D_pmar=0.054_dist=100_repair_6_males=4_nmar=3,FG_theta_2.5,57,10,2.5,4,3
0.054,5,0,0,39.190619043085206,247.12071637368916,73.18982613475828,4,0.4,0.30350161660233355,308,D_pmar=0.054_dist=100_repair_6_males=4_nmar=3,FG_theta_2.5,67,7,2.5,4,3
0.054,12,0,100,39.63507298248408,294.0959495342849,24.277179861409284,16,1.6000000000000003,0.516192012421567,308,D_pmar=0.054_dist=100_repair_6_males=4_nmar=3,FG_theta_2.5,71,15,2.5,4,3
0,6,100,0,39.18582441754802,265.7313074264258,55.2092703196653,0,0,0,308,D_pmar=0.054_dist=100_repair_6_males=4_nmar=3,FG_theta_2.5,76,8,2.5,4,3
0.054,13,100,100,40.888536770069855,299.6854062760445,18.130050456862534,8,0.7999999999999999,0.4965501573886073,308,D_pmar=0.054_dist=100_repair_6_males=4_nmar=3,FG_theta_2.5,38,17,2.5,4,3
0,9,0,0,39.35732147542315,277.95123679140966,42.88153231323807,0,0,0,309,D_pmar=0.054_dist=100_repair_6_males=4_nmar=3,FG_theta_2.5,98,10,2.5,4,3
0.054,7,0,100,38.436928947929445,259.66712413657694,60.779374462418346,7,0.7,0.436364972203422,309,D_pmar=0.054_dist=100_repair_6_males=4_nmar=3,FG_theta_2.5,68,10,2.5,4,3
0.054,9,100,0,39.307009415020566,300.68855041474853,18.439736105975935,10,1,0.5701589302432911,309,D_pmar=0.054_dist=100_repair_6_males=4_nmar=3,FG_theta_2.5,49,11,2.5,4,3
0.054,11,100,100,37.75013668470282,284.7229263072828,36.334092643858256,9,0.8999999999999999,0.40740740740740783,309,D_pmar=0.054_dist=100_repair_6_males=4_nmar=3,FG_theta_2.5,61,13,2.5,4,3
0.054,9,0,0,41.719096867875415,268.5577892464596,48.731378827276295,9,0.8999999999999999,0.3859043474968863,30,D_pmar=0.054_dist=100_repair_6_males=4_nmar=3,FG_theta_2.5,71,11,2.5,4,3
0.054,5,0,100,40.49877759872226,281.62084970337685,36.48431363925842,10,1,0.526302041051537,30,D_pmar=0.054_dist=100_repair_6_males=4_nmar=3,FG_theta_2.5,58,9,2.5,4,3
0,9,100,0,41.67420799804227,284.93348807880284,33.59981254292522,0,0,0,30,D_pmar=0.054_dist=100_repair_6_males=4_nmar=3,FG_theta_2.5,95,12,2.5,4,3
0.054,13,100,100,38.15848142276219,282.55058076984733,38.01747621205918,8,0.7999999999999999,0.5864307757329276,30,D_pmar=0.054_dist=100_repair_6_males=4_nmar=3,FG_theta_2.5,50,15,2.5,4,3
0.054,16,0,0,41.023134406864074,311.12752482863334,6.233841533891555,10,1,0.6412484629253622,310,D_pmar=0.054_dist=100_repair_6_males=4_nmar=3,FG_theta_2.5,66,18,2.5,4,3
0,2,0,100,39.52837055338197,253.64060179742836,67.04795324269072,0,0,0,310,D_pmar=0.054_dist=100_repair_6_males=4_nmar=3,FG_theta_2.5,99,8,2.5,4,3
0.054,10,100,0,40.68916061426769,287.4628154876978,30.605863607673296,7,0.7,0.5551467048399612,310,D_pmar=0.054_dist=100_repair_6_males=4_nmar=3,FG_theta_2.5,58,12,2.5,4,3
0.054,8,100,100,37.52898504647597,284.99720798252525,36.68615211522129,6,0.6,0.41864077255181914,310,D_pmar=0.054_dist=100_repair_6_males=4_nmar=3,FG_theta_2.5,72,14,2.5,4,3
0,4,0,0,39.461479487157064,259.6453814680583,60.92288598615071,0,0,0,311,D_pmar=0.054_dist=100_repair_6_males=4_nmar=3,FG_theta_2.5,76,8,2.5,4,3
0.054,16,0,100,38.23823985330567,300.6834275686715,19.17775102504573,15,1.5000000000000002,0.5386821252746647,311,D_pmar=0.054_dist=100_repair_6_males=4_nmar=3,FG_theta_2.5,49,18,2.5,4,3
0.054,8,100,0,38.63468645862687,265.16671383066034,55.24204208063533,6,0.6,0.4117644698933072,311,D_pmar=0.054_dist=100_repair_6_males=4_nmar=3,FG_theta_2.5,73,11,2.5,4,3
0.054,8,100,100,39.99974751365554,257.5244591976801,61.02781425929597,12,1.2,0.4212962962962968,311,D_pmar=0.054_dist=100_repair_6_males=4_nmar=3,FG_theta_2.5,78,11,2.5,4,3
0.054,13,0,0,39.38647601887775,276.4054100302071,42.56914511216768,12,1.2,0.511289815648207,312,D_pmar=0.054_dist=100_repair_6_males=4_nmar=3,FG_theta_2.5,65,16,2.5,4,3
0.054,9,0,100,39.18445619628282,264.7492601465792,54.866314142034454,9,0.8999999999999999,0.4622250945998429,312,D_pmar=0.054_dist=100_repair_6_males=4_nmar=3,FG_theta_2.5,65,15,2.5,4,3
0,6,100,0,39.22387334477222,248.0137554185403,73.08395942248792,0,0,0,312,D_pmar=0.054_dist=100_repair_6_males=4_nmar=3,FG_theta_2.5,94,10,2.5,4,3
0.054,8,100,100,41.31981594682768,274.137252146198,42.62686909500193,14,1.4,0.5883484311142845,312,D_pmar=0.054_dist=100_repair_6_males=4_nmar=3,FG_theta_2.5,62,10,2.5,4,3
0.054,8,0,0,38.448349532383176,301.9060490993461,18.249968380152445,9,0.8999999999999999,0.6353592132094263,313,D_pmar=0.054_dist=100_repair_6_males=4_nmar=3,FG_theta_2.5,50,10,2.5,4,3
0.054,4,0,100,39.399116897660306,288.47339285153635,30.545384708056428,10,1,0.5888137323336748,313,D_pmar=0.054_dist=100_repair_6_males=4_nmar=3,FG_theta_2.5,59,7,2.5,4,3
0,14,100,0,39.36299282383733,259.9788773030386,60.7037102379482,0,0,0,313,D_pmar=0.054_dist=100_repair_6_males=4_nmar=3,FG_theta_2.5,117,15,2.5,4,3
0.054,10,100,100,39.297639730414744,260.3808186087961,59.029360444304395,9,0.8999999999999999,0.40984681451195026,313,D_pmar=0.054_dist=100_repair_6_males=4_nmar=3,FG_theta_2.5,76,15,2.5,4,3
0,9,0,0,38.26946108121517,279.3623415102897,42.410762145408846,0,0,0,314,D_pmar=0.054_dist=100_repair_6_males=4_nmar=3,FG_theta_2.5,86,11,2.5,4,3
0.054,10,0,100,39.30603953452732,289.8258575134272,29.691730869019075,8,0.7999999999999999,0.4853732427479911,314,D_pmar=0.054_dist=100_repair_6_males=4_nmar=3,FG_theta_2.5,69,10,2.5,4,3
0.054,10,100,0,37.82566358298094,295.5915344582115,24.60595998295799,15,1.5000000000000002,0.5058094166478665,314,D_pmar=0.054_dist=100_repair_6_males=4_nmar=3,FG_theta_2.5,67,11,2.5,4,3
0.054,7,100,100,37.29110371139121,261.4448167592916,60.55893487243966,3,0.30000000000000004,0.41666666666666713,314,D_pmar=0.054_dist=100_repair_6_males=4_nmar=3,FG_theta_2.5,56,9,2.5,4,3
0.054,11,0,0,38.59938453249297,307.1754020929804,12.027190704533613,16,1.6000000000000003,0.6704221443613119,315,D_pmar=0.054_dist=100_repair_6_males=4_nmar=3,FG_theta_2.5,55,13,2.5,4,3
0.054,10,0,100,38.06906212115766,275.5744717189008,45.38858228579366,6,0.6,0.4202294102856508,315,D_pmar=0.054_dist=100_repair_6_males=4_nmar=3,FG_theta_2.5,75,15,2.5,4,3
0.054,11,100,0,36.85362916244785,273.25496837465874,49.07085808386507,5,0.5,0.5344379637963552,315,D_pmar=0.054_dist=100_repair_6_males=4_nmar=3,FG_theta_2.5,69,17,2.5,4,3
0,4,100,100,40.50825353901275,264.61350471016806,54.9317751957365,0,0,0,315,D_pmar=0.054_dist=100_repair_6_males=4_nmar=3,FG_theta_2.5,99,12,2.5,4,3
0,10,0,0,39.291531630760446,271.75947520010016,48.986949011157215,0,0,0,316,D_pmar=0.054_dist=100_repair_6_males=4_nmar=3,FG_theta_2.5,101,10,2.5,4,3
0.054,9,0,100,41.79248160297089,262.57414706523144,54.59392962428506,8,0.7999999999999999,0.5151251264109208,316,D_pmar=0.054_dist=100_repair_6_males=4_nmar=3,FG_theta_2.5,64,11,2.5,4,3
0.054,6,100,0,39.8243603372595,276.11491756113077,42.72541789462991,10,1,0.4927148466258935,316,D_pmar=0.054_dist=100_repair_6_males=4_nmar=3,FG_theta_2.5,52,9,2.5,4,3
0.054,11,100,100,38.87175692395571,280.2284876538816,39.35473947912118,13,1.3,0.458333333333334,316,D_pmar=0.054_dist=100_repair_6_males=4_nmar=3,FG_theta_2.5,62,16,2.5,4,3
0.054,6,0,0,39.11326305572748,288.482478844409,30.699995744155697,13,1.3,0.49813879512243897,317,D_pmar=0.054_dist=100_repair_6_males=4_nmar=3,FG_theta_2.5,65,9,2.5,4,3
0.054,10,0,100,39.402439749676574,288.8673152993067,30.656373197579754,7,0.7,0.5344379637963552,317,D_pmar=0.054_dist=100_repair_6_males=4_nmar=3,FG_theta_2.5,45,13,2.5,4,3
0,9,100,0,41.05668594207362,264.35732336566986,54.87515533910984,0,0,0,317,D_pmar=0.054_dist=100_repair_6_males=4_nmar=3,FG_theta_2.5,104,10,2.5,4,3
0.054,11,100,100,39.98706268800965,276.5281570516487,42.62981574570968,6,0.6,0.42148903037195695,317,D_pmar=0.054_dist=100_repair_6_males=4_nmar=3,FG_theta_2.5,57,16,2.5,4,3
0.054,7,0,0,40.36390627648426,288.1339861720126,30.752345290833436,4,0.4,0.4472128691965128,318,D_pmar=0.054_dist=100_repair_6_males=4_nmar=3,FG_theta_2.5,60,7,2.5,4,3
0.054,13,0,100,41.18427808585902,281.7285786519778,36.33767980492947,5,0.5,0.5352322826632709,318,D_pmar=0.054_dist=100_repair_6_males=4_nmar=3,FG_theta_2.5,56,16,2.5,4,3
0.054,10,100,0,38.08538403185281,301.83784906668524,18.398044527510876,12,1.2,0.4981387951224388,318,D_pmar=0.054_dist=100_repair_6_males=4_nmar=3,FG_theta_2.5,63,12,2.5,4,3
0,6,100,100,38.426313422575866,278.7052580671463,42.91293304632338,0,0,0,318,D_pmar=0.054_dist=100_repair_6_males=4_nmar=3,FG_theta_2.5,94,9,2.5,4,3
0,10,0,0,38.23138705625283,256.66314021734917,65.1780781090899,0,0,0,319,D_pmar=0.054_dist=100_repair_6_males=4_nmar=3,FG_theta_2.5,97,15,2.5,4,3
0.054,9,0,100,37.569979245686234,284.16230005077955,36.69578735905424,12,1.2,0.5150686759071259,319,D_pmar=0.054_dist=100_repair_6_males=4_nmar=3,FG_theta_2.5,52,12,2.5,4,3
0.054,8,100,0,37.596471034611106,285.07427307562983,36.18728645375145,7,0.7,0.4687723796108295,319,D_pmar=0.054_dist=100_repair_6_males=4_nmar=3,FG_theta_2.5,53,11,2.5,4,3
0.054,9,100,100,38.967259306445506,295.7737406241155,24.336144475202943,8,0.7999999999999999,0.4371592910703378,319,D_pmar=0.054_dist=100_repair_6_males=4_nmar=3,FG_theta_2.5,66,12,2.5,4,3
0,6,0,0,39.116653261678586,278.4350736787897,42.62528500733415,0,0,0,31,D_pmar=0.054_dist=100_repair_6_males=4_nmar=3,FG_theta_2.5,100,6,2.5,4,3
0.054,7,0,100,38.74333712866768,289.145105480433,30.787730746587545,10,1,0.41666666666666713,31,D_pmar=0.054_dist=100_repair_6_males=4_nmar=3,FG_theta_2.5,69,8,2.5,4,3
0.054,10,100,0,41.448694047865715,268.3634083124355,48.86364508135449,9,0.8999999999999999,0.5169863312884828,31,D_pmar=0.054_dist=100_repair_6_males=4_nmar=3,FG_theta_2.5,65,12,2.5,4,3
0.054,13,100,100,40.90467498852661,281.20234194153437,36.67863505495877,8,0.7999999999999999,0.5038917612665098,31,D_pmar=0.054_dist=100_repair_6_males=4_nmar=3,FG_theta_2.5,50,15,2.5,4,3
0.054,10,0,0,40.023641061796766,281.8427142131483,36.59521547621008,10,1,0.5417231171704626,320,D_pmar=0.054_dist=100_repair_6_males=4_nmar=3,FG_theta_2.5,65,12,2.5,4,3
0.054,16,0,100,40.127316605648055,282.69172615765575,36.518438199593405,3,0.30000000000000004,0.49496151965477586,320,D_pmar=0.054_dist=100_repair_6_males=4_nmar=3,FG_theta_2.5,74,17,2.5,4,3
0.054,4,100,0,37.07962798854628,297.2436797268963,24.138210068965876,11,1.1,0.523148148148149,320,D_pmar=0.054_dist=100_repair_6_males=4_nmar=3,FG_theta_2.5,68,8,2.5,4,3
0,6,100,100,40.05842606612136,271.21004276684226,48.935413567421726,0,0,0,320,D_pmar=0.054_dist=100_repair_6_males=4_nmar=3,FG_theta_2.5,103,6,2.5,4,3
0.054,4,0,0,39.539326974288215,258.74996223496464,60.67328686622006,7,0.7,0.416394099522937,321,D_pmar=0.054_dist=100_repair_6_males=4_nmar=3,FG_theta_2.5,71,8,2.5,4,3
0.054,11,0,100,39.795575789122736,300.6724465896723,18.3481233300019,9,0.8999999999999999,0.4351851851851858,321,D_pmar=0.054_dist=100_repair_6_males=4_nmar=3,FG_theta_2.5,60,12,2.5,4,3
0,8,100,0,38.89853858778107,296.8678377930408,24.400267907636184,0,0,0,321,D_pmar=0.054_dist=100_repair_6_males=4_nmar=3,FG_theta_2.5,94,9,2.5,4,3
0.054,13,100,100,39.89692003307899,288.59956137573664,30.415936686516407,6,0.6,0.6053347624027663,321,D_pmar=0.054_dist=100_repair_6_males=4_nmar=3,FG_theta_2.5,52,14,2.5,4,3
0.054,8,0,0,40.33784097769467,275.165291144844,42.92519749394772,11,1.1,0.5332581767781192,322,D_pmar=0.054_dist=100_repair_6_males=4_nmar=3,FG_theta_2.5,81,11,2.5,4,3
0,11,0,100,39.61621105608755,253.23821381365164,67.15098827799937,0,0,0,322,D_pmar=0.054_dist=100_repair_6_males=4_nmar=3,FG_theta_2.5,102,16,2.5,4,3
0.054,5,100,0,38.08155921434557,277.31216751586174,42.92171436859865,12,1.2,0.523204598651944,322,D_pmar=0.054_dist=100_repair_6_males=4_nmar=3,FG_theta_2.5,50,9,2.5,4,3
0.054,12,100,100,39.15174944082039,283.19285322990544,36.3707443752337,8,0.7999999999999999,0.5135364886770892,322,D_pmar=0.054_dist=100_repair_6_males=4_nmar=3,FG_theta_2.5,56,17,2.5,4,3
0.054,7,0,0,39.03018035230503,270.8914031281907,48.69666192514286,11,1.1,0.549064721048365,323,D_pmar=0.054_dist=100_repair_6_males=4_nmar=3,FG_theta_2.5,68,8,2.5,4,3
0.054,8,0,100,39.49783513378091,277.09970114242145,42.68206723662135,3,0.30000000000000004,0.4475418868440381,323,D_pmar=0.054_dist=100_repair_6_males=4_nmar=3,FG_theta_2.5,54,13,2.5,4,3
0,12,100,0,37.93334612608042,297.54979322353296,24.76133992927756,0,0,0,323,D_pmar=0.054_dist=100_repair_6_males=4_nmar=3,FG_theta_2.5,87,13,2.5,4,3
0.054,9,100,100,39.980294471859494,288.22775539330706,30.434260202029066,10,1,0.472278672726018,323,D_pmar=0.054_dist=100_repair_6_males=4_nmar=3,FG_theta_2.5,71,12,2.5,4,3
0.054,14,0,0,38.26281164653478,283.71995315929723,36.48287335631312,13,1.3,0.4206947115050412,324,D_pmar=0.054_dist=100_repair_6_males=4_nmar=3,FG_theta_2.5,58,15,2.5,4,3
0.054,10,0,100,38.98966911673327,270.9100441822112,49.059632495955874,8,0.7999999999999999,0.4212962962962968,324,D_pmar=0.054_dist=100_repair_6_males=4_nmar=3,FG_theta_2.5,69,14,2.5,4,3
0,6,100,0,37.290068274509665,255.32398083293864,67.50214665333607,0,0,0,324,D_pmar=0.054_dist=100_repair_6_males=4_nmar=3,FG_theta_2.5,97,8,2.5,4,3
0.054,6,100,100,40.77212397780677,287.5187323749275,30.335794417216672,9,0.8999999999999999,0.562215741574133,324,D_pmar=0.054_dist=100_repair_6_males=4_nmar=3,FG_theta_2.5,47,7,2.5,4,3
0.054,7,0,0,38.38913236464272,289.6771025242803,31.05884607466069,5,0.5,0.5163847464972272,325,D_pmar=0.054_dist=100_repair_6_males=4_nmar=3,FG_theta_2.5,65,8,2.5,4,3
0.054,12,0,100,39.24372571237049,319.29795713564823,0,9,0.8999999999999999,0.596019052639712,325,D_pmar=0.054_dist=100_repair_6_males=4_nmar=3,FG_theta_2.5,51,13,2.5,4,3
0.054,12,100,0,39.51235493197876,283.0114810898039,36.41479353706351,8,0.7999999999999999,0.44066558418552615,325,D_pmar=0.054_dist=100_repair_6_males=4_nmar=3,FG_theta_2.5,74,13,2.5,4,3
0,5,100,100,41.39762850017043,258.330589957675,60.61409640729005,0,0,0,325,D_pmar=0.054_dist=100_repair_6_males=4_nmar=3,FG_theta_2.5,97,6,2.5,4,3
0.054,7,0,0,39.82403477654157,281.87730877434217,36.86829275853708,10,1,0.5132074710295641,326,D_pmar=0.054_dist=100_repair_6_males=4_nmar=3,FG_theta_2.5,57,15,2.5,4,3
0.054,12,0,100,37.64353698634349,283.64480776840935,37.25927120373913,10,1,0.4804145954708361,326,D_pmar=0.054_dist=100_repair_6_males=4_nmar=3,FG_theta_2.5,60,13,2.5,4,3
0,13,100,0,36.96143716673774,280.35459442899105,42.72042084478721,0,0,0,326,D_pmar=0.054_dist=100_repair_6_males=4_nmar=3,FG_theta_2.5,101,15,2.5,4,3
0.054,4,100,100,39.24665569885107,270.81739353107423,48.71701750409274,8,0.7999999999999999,0.458333333333334,326,D_pmar=0.054_dist=100_repair_6_males=4_nmar=3,FG_theta_2.5,60,7,2.5,4,3
0,12,0,0,39.73865157333369,253.27145560646295,67.23429041598486,0,0,0,327,D_pmar=0.054_dist=100_repair_6_males=4_nmar=3,FG_theta_2.5,90,12,2.5,4,3
0.054,8,0,100,40.565401989741154,287.4964322173226,30.620370143491463,9,0.8999999999999999,0.58404781913218,327,D_pmar=0.054_dist=100_repair_6_males=4_nmar=3,FG_theta_2.5,73,9,2.5,4,3
0.054,5,100,0,39.88716538542524,294.19101628511555,24.19810565550759,12,1.2,0.6241822985688102,327,D_pmar=0.054_dist=100_repair_6_males=4_nmar=3,FG_theta_2.5,65,6,2.5,4,3
0.054,11,100,100,39.08751641216784,277.36444896037165,42.59706838606583,6,0.6,0.4212962962962968,327,D_pmar=0.054_dist=100_repair_6_males=4_nmar=3,FG_theta_2.5,78,14,2.5,4,3
0.054,9,0,0,38.652974000005415,289.6163954187256,30.36731673332816,8,0.7999999999999999,0.5702952138151564,328,D_pmar=0.054_dist=100_repair_6_males=4_nmar=3,FG_theta_2.5,63,12,2.5,4,3
0.054,13,0,100,38.499356268718,302.14083713419564,18.192526695499424,9,0.8999999999999999,0.5546814036205705,328,D_pmar=0.054_dist=100_repair_6_males=4_nmar=3,FG_theta_2.5,78,15,2.5,4,3
0.054,7,100,0,38.64367587559401,283.74040923818,36.55085599250153,5,0.5,0.5717475679771229,328,D_pmar=0.054_dist=100_repair_6_males=4_nmar=3,FG_theta_2.5,58,10,2.5,4,3
0,7,100,100,38.49932543235746,272.55876736651646,48.99501608671491,0,0,0,328,D_pmar=0.054_dist=100_repair_6_males=4_nmar=3,FG_theta_2.5,124,11,2.5,4,3
0.054,6,0,0,39.75672480885764,270.02859634258164,48.83315840612353,9,0.8999999999999999,0.5235336162994695,329,D_pmar=0.054_dist=100_repair_6_males=4_nmar=3,FG_theta_2.5,63,7,2.5,4,3
0.054,7,0,100,39.027363398611406,282.7696025124862,36.6947562944779,12,1.2,0.48148148148148223,329,D_pmar=0.054_dist=100_repair_6_males=4_nmar=3,FG_theta_2.5,62,14,2.5,4,3
0.054,15,100,0,38.40138079601524,277.41405890394844,42.8085619949735,10,1,0.44370657608132424,329,D_pmar=0.054_dist=100_repair_6_males=4_nmar=3,FG_theta_2.5,74,19,2.5,4,3
0,8,100,100,41.79191494646387,257.49711991206965,60.82263705089833,0,0,0,329,D_pmar=0.054_dist=100_repair_6_males=4_nmar=3,FG_theta_2.5,87,13,2.5,4,3
0.054,11,0,0,38.411332487989704,290.086792802153,30.786333621068493,3,0.30000000000000004,0.4679780607439137,32,D_pmar=0.054_dist=100_repair_6_males=4_nmar=3,FG_theta_2.5,63,12,2.5,4,3
0.054,6,0,100,39.64250633915367,275.9578020115338,42.779094218879855,14,1.4,0.4490740740740747,32,D_pmar=0.054_dist=100_repair_6_males=4_nmar=3,FG_theta_2.5,59,8,2.5,4,3
0,8,100,0,37.37701312706945,249.12383937144432,73.51320341801004,0,0,0,32,D_pmar=0.054_dist=100_repair_6_males=4_nmar=3,FG_theta_2.5,102,15,2.5,4,3
0.054,11,100,100,37.0318470828387,284.7835707595129,36.30095834785615,13,1.3,0.628017609331524,32,D_pmar=0.054_dist=100_repair_6_males=4_nmar=3,FG_theta_2.5,65,15,2.5,4,3
0.054,19,0,0,39.903481175530544,299.8604142138566,18.366422855622904,13,1.3,0.5867597933804528,330,D_pmar=0.054_dist=100_repair_6_males=4_nmar=3,FG_theta_2.5,68,22,2.5,4,3
0.054,7,0,100,38.917242765478946,276.9329729495936,42.84950015374335,9,0.8999999999999999,0.5810632777401771,330,D_pmar=0.054_dist=100_repair_6_males=4_nmar=3,FG_theta_2.5,66,12,2.5,4,3
0.054,1,100,0,41.728921431895415,264.065190214204,52.86368633077019,9,0.8999999999999999,0.4490740740740747,330,D_pmar=0.054_dist=100_repair_6_males=4_nmar=3,FG_theta_2.5,64,4,2.5,4,3
0,9,100,100,41.55402323556821,245.01879893236523,73.50889105456467,0,0,0,330,D_pmar=0.054_dist=100_repair_6_males=4_nmar=3,FG_theta_2.5,109,12,2.5,4,3
0.054,8,0,0,40.559692270361104,271.64295178370566,46.32594019092512,10,1,0.5069327531623077,331,D_pmar=0.054_dist=100_repair_6_males=4_nmar=3,FG_theta_2.5,71,10,2.5,4,3
0,13,0,100,38.97904140934642,272.22649658055656,49.07020722476796,0,0,0,331,D_pmar=0.054_dist=100_repair_6_males=4_nmar=3,FG_theta_2.5,84,14,2.5,4,3
0.054,5,100,0,38.66986076392776,295.7947337614718,24.34768318508214,7,0.7,0.5431754713324292,331,D_pmar=0.054_dist=100_repair_6_males=4_nmar=3,FG_theta_2.5,57,9,2.5,4,3
0.054,10,100,100,41.308685283042905,273.88063400813985,43.43736868445644,10,1,0.5197547560405504,331,D_pmar=0.054_dist=100_repair_6_males=4_nmar=3,FG_theta_2.5,72,15,2.5,4,3
0.054,6,0,0,39.01759757705063,282.5909756912786,36.735604992177,12,1.2,0.48148148148148223,332,D_pmar=0.054_dist=100_repair_6_males=4_nmar=3,FG_theta_2.5,68,10,2.5,4,3
0.054,10,0,100,40.3003363520323,263.46770201773626,55.08771914594385,8,0.7999999999999999,0.44576051503454633,332,D_pmar=0.054_dist=100_repair_6_males=4_nmar=3,FG_theta_2.5,71,14,2.5,4,3
0.054,13,100,0,39.609453351573514,270.48078941549153,48.472069893791826,10,1,0.47849694008947913,332,D_pmar=0.054_dist=100_repair_6_males=4_nmar=3,FG_theta_2.5,70,17,2.5,4,3
0,7,100,100,39.65066753789892,277.44581714940097,42.95796426352375,0,0,0,332,D_pmar=0.054_dist=100_repair_6_males=4_nmar=3,FG_theta_2.5,76,11,2.5,4,3
0,13,0,0,39.86090850051831,271.5720120343824,48.59839436592271,0,0,0,333,D_pmar=0.054_dist=100_repair_6_males=4_nmar=3,FG_theta_2.5,85,20,2.5,4,3
0.054,4,0,100,40.145484554411766,278.0205585036413,40.5147168268406,9,0.8999999999999999,0.472222222222223,333,D_pmar=0.054_dist=100_repair_6_males=4_nmar=3,FG_theta_2.5,54,8,2.5,4,3
0.054,13,100,0,40.25183031069381,275.9526589687404,42.50683520184764,10,1,0.4807436131183614,333,D_pmar=0.054_dist=100_repair_6_males=4_nmar=3,FG_theta_2.5,59,14,2.5,4,3
0.054,6,100,100,42.641879754713685,254.63639266835068,61.11432542021654,13,1.3,0.3997932363857752,333,D_pmar=0.054_dist=100_repair_6_males=4_nmar=3,FG_theta_2.5,71,8,2.5,4,3
0.054,11,0,0,39.71201839611159,276.05714404165144,42.66967574387724,12,1.2,0.4893448370825701,334,D_pmar=0.054_dist=100_repair_6_males=4_nmar=3,FG_theta_2.5,85,14,2.5,4,3
0,6,0,100,41.49498356756335,257.89003293411525,60.712118755290554,0,0,0,334,D_pmar=0.054_dist=100_repair_6_males=4_nmar=3,FG_theta_2.5,103,8,2.5,4,3
0.054,9,100,0,40.08157408921232,287.94171570709483,30.86744740690449,8,0.7999999999999999,0.5721330361284431,334,D_pmar=0.054_dist=100_repair_6_males=4_nmar=3,FG_theta_2.5,53,13,2.5,4,3
0.054,10,100,100,40.6776727572081,269.06927410036633,48.74862105505262,10,1,0.6030316388700891,334,D_pmar=0.054_dist=100_repair_6_males=4_nmar=3,FG_theta_2.5,68,14,2.5,4,3
0.054,7,0,0,37.57040800728027,278.88234534047524,42.83947530065562,6,0.6,0.40740740740740783,335,D_pmar=0.054_dist=100_repair_6_males=4_nmar=3,FG_theta_2.5,73,10,2.5,4,3
0.054,10,0,100,41.032268334212986,293.41438778776177,24.526407729206976,8,0.7999999999999999,0.4267766952966372,335,D_pmar=0.054_dist=100_repair_6_males=4_nmar=3,FG_theta_2.5,58,11,2.5,4,3
0.054,8,100,0,38.22212382426454,295.9021219843272,24.5148088873395,10,1,0.6121546145574833,335,D_pmar=0.054_dist=100_repair_6_males=4_nmar=3,FG_theta_2.5,52,8,2.5,4,3
0,11,100,100,37.66596275366665,267.4330197136529,54.93022725186693,0,0,0,335,D_pmar=0.054_dist=100_repair_6_males=4_nmar=3,FG_theta_2.5,100,12,2.5,4,3
0.054,5,0,0,39.34350071196551,270.4442416269291,49.03213807503634,8,0.7999999999999999,0.4629629629629636,336,D_pmar=0.054_dist=100_repair_6_males=4_nmar=3,FG_theta_2.5,56,7,2.5,4,3
0,12,0,100,38.23035656330645,297.7513093932655,24.26442261514408,0,0,0,336,D_pmar=0.054_dist=100_repair_6_males=4_nmar=3,FG_theta_2.5,97,13,2.5,4,3
0.054,9,100,0,39.24138915655388,283.0667297577561,36.56742670008602,8,0.7999999999999999,0.4210237291525666,336,D_pmar=0.054_dist=100_repair_6_males=4_nmar=3,FG_theta_2.5,52,12,2.5,4,3
0.054,10,100,100,39.990795722936895,288.45197491434055,30.452351446057364,7,0.7,0.4309410237068766,336,D_pmar=0.054_dist=100_repair_6_males=4_nmar=3,FG_theta_2.5,55,12,2.5,4,3
0,7,0,0,38.39025057133297,254.32188837290963,67.31487014435692,0,0,0,337,D_pmar=0.054_dist=100_repair_6_males=4_nmar=3,FG_theta_2.5,78,8,2.5,4,3
0.054,14,0,100,37.814392465445955,280.26597238789856,39.97732377683447,15,1.5000000000000002,0.447212869196513,337,D_pmar=0.054_dist=100_repair_6_males=4_nmar=3,FG_theta_2.5,44,17,2.5,4,3
0.054,9,100,0,40.34055367495254,263.463642729095,54.84220443214382,11,1.1,0.3665915101114519,337,D_pmar=0.054_dist=100_repair_6_males=4_nmar=3,FG_theta_2.5,63,12,2.5,4,3
0.054,6,100,100,40.716804319482414,281.5589998854388,36.681328604183584,7,0.7,0.44066558418552626,337,D_pmar=0.054_dist=100_repair_6_males=4_nmar=3,FG_theta_2.5,52,16,2.5,4,3
0,12,0,0,39.11015338248612,247.94865801172293,73.3186185688544,0,0,0,338,D_pmar=0.054_dist=100_repair_6_males=4_nmar=3,FG_theta_2.5,88,16,2.5,4,3
0.054,12,0,100,36.23909618596175,297.5788875414326,24.317833888794127,14,1.4,0.5393401605697152,338,D_pmar=0.054_dist=100_repair_6_males=4_nmar=3,FG_theta_2.5,71,14,2.5,4,3
0.054,6,100,0,41.936603847618315,268.17396559492715,48.86669792289518,6,0.6,0.458333333333334,338,D_pmar=0.054_dist=100_repair_6_males=4_nmar=3,FG_theta_2.5,61,9,2.5,4,3
0.054,6,100,100,40.26187066139583,275.5613076904177,42.61050111887507,11,1.1,0.5475325338183284,338,D_pmar=0.054_dist=100_repair_6_males=4_nmar=3,FG_theta_2.5,74,11,2.5,4,3
0,7,0,0,38.500799115941504,273.0027702953977,48.49976032561555,0,0,0,339,D_pmar=0.054_dist=100_repair_6_males=4_nmar=3,FG_theta_2.5,106,7,2.5,4,3
0.054,11,0,100,40.2984860740432,293.94891593150186,24.17009963773362,10,1,0.5848985885028909,339,D_pmar=0.054_dist=100_repair_6_males=4_nmar=3,FG_theta_2.5,69,14,2.5,4,3
0.054,9,100,0,38.917881021662886,301.5916582057496,18.304911617018632,7,0.7,0.6121546145574831,339,D_pmar=0.054_dist=100_repair_6_males=4_nmar=3,FG_theta_2.5,69,9,2.5,4,3
0.054,9,100,100,39.49735732530274,264.41664613111527,54.88097507240496,7,0.7,0.5155339771265164,339,D_pmar=0.054_dist=100_repair_6_males=4_nmar=3,FG_theta_2.5,70,14,2.5,4,3
0.054,5,0,0,37.659899425396226,271.310992169511,48.85987119535096,17,1.7000000000000004,0.5393401605697153,33,D_pmar=0.054_dist=100_repair_6_males=4_nmar=3,FG_theta_2.5,63,10,2.5,4,3
0,6,0,100,39.19564523850143,247.6705974925608,73.44207353766457,0,0,0,33,D_pmar=0.054_dist=100_repair_6_males=4_nmar=3,FG_theta_2.5,101,11,2.5,4,3
0.054,14,100,0,40.27386763041623,275.89301384288984,42.70713730699699,8,0.7999999999999999,0.4507191623117013,33,D_pmar=0.054_dist=100_repair_6_males=4_nmar=3,FG_theta_2.5,68,16,2.5,4,3
0.054,11,100,100,39.34905061796147,269.7054407012497,49.45599684973925,10,1,0.5196983055367554,33,D_pmar=0.054_dist=100_repair_6_males=4_nmar=3,FG_theta_2.5,56,14,2.5,4,3
0.054,5,0,0,39.387211110386815,277.4904855279436,42.51892376760396,3,0.30000000000000004,0.3766450882376272,340,D_pmar=0.054_dist=100_repair_6_males=4_nmar=3,FG_theta_2.5,66,12,2.5,4,3
0,11,0,100,41.25856509066675,276.159599888973,42.73955183259422,0,0,0,340,D_pmar=0.054_dist=100_repair_6_males=4_nmar=3,FG_theta_2.5,94,15,2.5,4,3
0.054,7,100,0,40.033284657998045,275.920229401513,42.73586793515582,9,0.8999999999999999,0.5444915419225304,340,D_pmar=0.054_dist=100_repair_6_males=4_nmar=3,FG_theta_2.5,56,9,2.5,4,3
0.054,13,100,100,39.29760490796463,294.5789388400281,24.348768619527476,13,1.3,0.5455584279331763,340,D_pmar=0.054_dist=100_repair_6_males=4_nmar=3,FG_theta_2.5,54,14,2.5,4,3
0.054,10,0,0,39.75800057933537,262.8523098370101,56.4682512933536,6,0.6,0.4082581767781188,341,D_pmar=0.054_dist=100_repair_6_males=4_nmar=3,FG_theta_2.5,56,14,2.5,4,3
0.054,9,0,100,40.14978361070038,293.54394407166086,24.45283790834626,13,1.3,0.6091700731654801,341,D_pmar=0.054_dist=100_repair_6_males=4_nmar=3,FG_theta_2.5,52,9,2.5,4,3
0,8,100,0,39.277182015405195,277.8182267437849,42.9099289122868,0,0,0,341,D_pmar=0.054_dist=100_repair_6_males=4_nmar=3,FG_theta_2.5,88,11,2.5,4,3
0.054,9,100,100,40.05745477564374,275.89419670759884,42.73699847483441,9,0.8999999999999999,0.4599784215709605,341,D_pmar=0.054_dist=100_repair_6_males=4_nmar=3,FG_theta_2.5,73,10,2.5,4,3
0.054,9,0,0,36.94866264544585,290.8316650395384,30.830565900119677,8,0.7999999999999999,0.6187018995684699,342,D_pmar=0.054_dist=100_repair_6_males=4_nmar=3,FG_theta_2.5,71,13,2.5,4,3
0.054,8,0,100,36.41168628514195,291.8806648621841,30.495658675468807,7,0.7,0.5224102797850283,342,D_pmar=0.054_dist=100_repair_6_males=4_nmar=3,FG_theta_2.5,65,11,2.5,4,3
0.054,7,100,0,42.74271013277028,285.27663474513434,30.477838443520675,11,1.1,0.525122254033301,342,D_pmar=0.054_dist=100_repair_6_males=4_nmar=3,FG_theta_2.5,73,12,2.5,4,3
0,12,100,100,38.893353994948725,253.88173726575155,67.25470469286833,0,0,0,342,D_pmar=0.054_dist=100_repair_6_males=4_nmar=3,FG_theta_2.5,107,14,2.5,4,3
0.054,10,0,0,40.485498138253085,287.37485387231465,30.871335019063235,9,0.8999999999999999,0.4341182991745398,343,D_pmar=0.054_dist=100_repair_6_males=4_nmar=3,FG_theta_2.5,73,16,2.5,4,3
0.054,15,0,100,40.01551834013245,263.72337924501556,54.77516952846205,9,0.8999999999999999,0.6107587108993118,343,D_pmar=0.054_dist=100_repair_6_males=4_nmar=3,FG_theta_2.5,62,19,2.5,4,3
0,5,100,0,38.442712961700295,272.96636911545176,48.75399411226907,0,0,0,343,D_pmar=0.054_dist=100_repair_6_males=4_nmar=3,FG_theta_2.5,81,7,2.5,4,3
0.054,6,100,100,38.64964146917731,270.6993912596423,49.11480760818475,12,1.2,0.45370370370370433,343,D_pmar=0.054_dist=100_repair_6_males=4_nmar=3,FG_theta_2.5,70,9,2.5,4,3
0.054,8,0,0,38.83548201777357,294.968690959881,24.4525917992128,13,1.3,0.5794746400063453,344,D_pmar=0.054_dist=100_repair_6_males=4_nmar=3,FG_theta_2.5,51,10,2.5,4,3
0.054,9,0,100,38.36610838694551,258.92342433653965,61.072727413588005,12,1.2,0.5247932363857757,344,D_pmar=0.054_dist=100_repair_6_males=4_nmar=3,FG_theta_2.5,54,12,2.5,4,3
0.054,5,100,0,41.16237471207151,256.70047805422485,60.99484731965646,8,0.7999999999999999,0.3831923732486136,344,D_pmar=0.054_dist=100_repair_6_males=4_nmar=3,FG_theta_2.5,74,9,2.5,4,3
0,14,100,100,38.66355162092219,266.2772273193154,55.06431821944096,0,0,0,344,D_pmar=0.054_dist=100_repair_6_males=4_nmar=3,FG_theta_2.5,93,16,2.5,4,3
0.054,9,0,0,40.245387837079655,281.4763614849723,36.893125507210534,10,1,0.472222222222223,345,D_pmar=0.054_dist=100_repair_6_males=4_nmar=3,FG_theta_2.5,49,16,2.5,4,3
0,5,0,100,39.72434844736896,258.7597265770717,61.52845280625394,0,0,0,345,D_pmar=0.054_dist=100_repair_6_males=4_nmar=3,FG_theta_2.5,109,12,2.5,4,3
0.054,10,100,0,39.70134850350357,300.8828553685435,18.21306519939709,7,0.7,0.5509025433616517,345,D_pmar=0.054_dist=100_repair_6_males=4_nmar=3,FG_theta_2.5,56,13,2.5,4,3
0.054,12,100,100,38.07109876361648,284.25331020157694,36.50409966697984,8,0.7999999999999999,0.4542254554268898,345,D_pmar=0.054_dist=100_repair_6_males=4_nmar=3,FG_theta_2.5,67,15,2.5,4,3
0.054,7,0,0,37.80605274604054,314.7852029105435,6.045711687824584,11,1.1,0.47756633765069817,346,D_pmar=0.054_dist=100_repair_6_males=4_nmar=3,FG_theta_2.5,51,9,2.5,4,3
0.054,9,0,100,40.331390512147244,262.9591903488291,56.00166672339496,4,0.4,0.3101851851851852,346,D_pmar=0.054_dist=100_repair_6_males=4_nmar=3,FG_theta_2.5,60,13,2.5,4,3
0.054,11,100,0,39.07368861881335,282.97532226805924,36.69187486048609,8,0.7999999999999999,0.5275616611378433,346,D_pmar=0.054_dist=100_repair_6_males=4_nmar=3,FG_theta_2.5,57,14,2.5,4,3
0,9,100,100,39.06128352555661,284.52619514115185,36.47071917930212,0,0,0,346,D_pmar=0.054_dist=100_repair_6_males=4_nmar=3,FG_theta_2.5,78,10,2.5,4,3
0,9,0,0,38.58614916168547,248.1692866581205,73.26842390334203,0,0,0,347,D_pmar=0.054_dist=100_repair_6_males=4_nmar=3,FG_theta_2.5,123,15,2.5,4,3
0.054,9,0,100,37.28535599965074,278.75867808155357,42.565935803062224,9,0.8999999999999999,0.5984020092404595,347,D_pmar=0.054_dist=100_repair_6_males=4_nmar=3,FG_theta_2.5,64,11,2.5,4,3
0.054,8,100,0,37.812887863826255,308.5150173084206,12.11877706977968,12,1.2,0.5637479288041698,347,D_pmar=0.054_dist=100_repair_6_males=4_nmar=3,FG_theta_2.5,62,10,2.5,4,3
0.054,10,100,100,37.0105303117685,285.5208970508672,36.600562037901426,6,0.6,0.511233365144412,347,D_pmar=0.054_dist=100_repair_6_males=4_nmar=3,FG_theta_2.5,76,12,2.5,4,3
0.054,3,0,0,37.52889663922047,260.5882211661524,60.58541105639548,9,0.8999999999999999,0.3981481481481486,348,D_pmar=0.054_dist=100_repair_6_males=4_nmar=3,FG_theta_2.5,72,5,2.5,4,3
0.054,13,0,100,39.82092809220284,276.05834928145435,42.70651347610494,11,1.1,0.5196983055367556,348,D_pmar=0.054_dist=100_repair_6_males=4_nmar=3,FG_theta_2.5,52,14,2.5,4,3
0.054,10,100,0,38.00446167311494,277.73907304053597,42.6360227915487,13,1.3,0.4488015069303444,348,D_pmar=0.054_dist=100_repair_6_males=4_nmar=3,FG_theta_2.5,57,12,2.5,4,3
0,10,100,100,41.08276224468814,263.751576447628,55.34960253553023,0,0,0,348,D_pmar=0.054_dist=100_repair_6_males=4_nmar=3,FG_theta_2.5,91,10,2.5,4,3
0.054,9,0,0,40.22832150309993,263.29087635032755,55.267681023908494,9,0.8999999999999999,0.5841042696359751,349,D_pmar=0.054_dist=100_repair_6_males=4_nmar=3,FG_theta_2.5,66,14,2.5,4,3
0.054,10,0,100,40.86122456216708,268.5616811472345,48.9631331531444,11,1.1,0.5802125083694664,349,D_pmar=0.054_dist=100_repair_6_males=4_nmar=3,FG_theta_2.5,67,11,2.5,4,3
0,9,100,0,39.37275268492149,247.5069249972139,73.18697594983809,0,0,0,349,D_pmar=0.054_dist=100_repair_6_males=4_nmar=3,FG_theta_2.5,103,11,2.5,4,3
0.054,8,100,100,37.92769988137836,289.4721695048757,30.82265477096689,14,1.4,0.4212962962962968,349,D_pmar=0.054_dist=100_repair_6_males=4_nmar=3,FG_theta_2.5,63,11,2.5,4,3
0,8,0,0,39.90841459149386,240.67727042005305,79.42020603319888,0,0,0,34,D_pmar=0.054_dist=100_repair_6_males=4_nmar=3,FG_theta_2.5,95,16,2.5,4,3
0.054,7,0,100,37.43597069333056,272.3326813713943,48.926755856991534,10,1,0.4259259259259264,34,D_pmar=0.054_dist=100_repair_6_males=4_nmar=3,FG_theta_2.5,73,10,2.5,4,3
0.054,12,100,0,40.439218040960064,269.3724380611441,48.97652417107061,7,0.7,0.5690920442326449,34,D_pmar=0.054_dist=100_repair_6_males=4_nmar=3,FG_theta_2.5,67,14,2.5,4,3
0.054,9,100,100,35.74466855982142,287.55725061479814,34.38052729391474,18,1.8000000000000005,0.5524347305916885,34,D_pmar=0.054_dist=100_repair_6_males=4_nmar=3,FG_theta_2.5,57,12,2.5,4,3
0.054,10,0,0,38.5469990043219,294.7413847459334,25.140623836065412,12,1.2,0.5508460928578567,350,D_pmar=0.054_dist=100_repair_6_males=4_nmar=3,FG_theta_2.5,60,14,2.5,4,3
0.054,11,0,100,40.591610577160544,269.5141281129442,48.45107101927015,9,0.8999999999999999,0.5458874455807018,350,D_pmar=0.054_dist=100_repair_6_males=4_nmar=3,FG_theta_2.5,52,16,2.5,4,3
0.054,8,100,0,42.465512937912266,260.510192918696,55.24939648995802,14,1.4,0.44337755843379895,350,D_pmar=0.054_dist=100_repair_6_males=4_nmar=3,FG_theta_2.5,74,11,2.5,4,3
0,7,100,100,41.01829697256053,239.7083041408177,79.52142478896721,0,0,0,350,D_pmar=0.054_dist=100_repair_6_males=4_nmar=3,FG_theta_2.5,104,9,2.5,4,3
0,7,0,0,39.4811550127239,253.4779152920842,67.11415559626488,0,0,0,351,D_pmar=0.054_dist=100_repair_6_males=4_nmar=3,FG_theta_2.5,96,10,2.5,4,3
0.054,8,0,100,38.35047401318783,301.7381248295207,18.36747517508283,10,1,0.5914458735138775,351,D_pmar=0.054_dist=100_repair_6_males=4_nmar=3,FG_theta_2.5,66,9,2.5,4,3
0.054,8,100,0,40.08019946062869,270.32773566517034,48.88695829363249,4,0.4,0.4502538610923109,351,D_pmar=0.054_dist=100_repair_6_males=4_nmar=3,FG_theta_2.5,82,8,2.5,4,3
0.054,13,100,100,38.13532653109116,295.82917961193255,24.248296910419395,12,1.2,0.606866949632803,351,D_pmar=0.054_dist=100_repair_6_males=4_nmar=3,FG_theta_2.5,57,15,2.5,4,3
0.054,14,0,0,38.113775127409866,266.31094477184195,54.619353868728886,7,0.7,0.4212962962962968,352,D_pmar=0.054_dist=100_repair_6_males=4_nmar=3,FG_theta_2.5,61,16,2.5,4,3
0.054,5,0,100,39.58740535193511,288.9737154914308,30.371847828861984,7,0.7,0.4491305245778698,352,D_pmar=0.054_dist=100_repair_6_males=4_nmar=3,FG_theta_2.5,62,7,2.5,4,3
0,9,100,0,39.72544672307841,271.5302699909452,48.90686473728427,0,0,0,352,D_pmar=0.054_dist=100_repair_6_males=4_nmar=3,FG_theta_2.5,85,12,2.5,4,3
0.054,8,100,100,38.63400554189892,295.1820309200425,24.46887543104784,12,1.2,0.5559974742106718,352,D_pmar=0.054_dist=100_repair_6_males=4_nmar=3,FG_theta_2.5,62,9,2.5,4,3
0.054,9,0,0,39.8087788449125,294.48538454525294,24.52007018949754,8,0.7999999999999999,0.49463250200725034,353,D_pmar=0.054_dist=100_repair_6_males=4_nmar=3,FG_theta_2.5,66,9,2.5,4,3
0.054,10,0,100,39.27966057735309,306.9857504271654,12.136342483767848,11,1.1,0.5297518836629306,353,D_pmar=0.054_dist=100_repair_6_males=4_nmar=3,FG_theta_2.5,59,11,2.5,4,3
0.054,7,100,0,41.00437629118853,281.9849864188388,36.696426155560815,2,0.2,0.4351851851851858,353,D_pmar=0.054_dist=100_repair_6_males=4_nmar=3,FG_theta_2.5,76,10,2.5,4,3
0,10,100,100,39.129878296744614,265.62868332242283,55.253241608920845,0,0,0,353,D_pmar=0.054_dist=100_repair_6_males=4_nmar=3,FG_theta_2.5,89,13,2.5,4,3
0.054,12,0,0,39.50544553584146,276.48401352557573,42.837377260413575,9,0.8999999999999999,0.6009776999168671,354,D_pmar=0.054_dist=100_repair_6_males=4_nmar=3,FG_theta_2.5,61,17,2.5,4,3
0.054,9,0,100,37.382057873432366,290.57097739340094,30.306321610807338,13,1.3,0.5096447274105804,354,D_pmar=0.054_dist=100_repair_6_males=4_nmar=3,FG_theta_2.5,69,11,2.5,4,3
0,6,100,0,41.169395525324575,233.71648615748612,85.23175386557189,0,0,0,354,D_pmar=0.054_dist=100_repair_6_males=4_nmar=3,FG_theta_2.5,114,12,2.5,4,3
0.054,9,100,100,39.40493497199179,282.7155117183129,36.669144397947875,10,1,0.45370370370370433,354,D_pmar=0.054_dist=100_repair_6_males=4_nmar=3,FG_theta_2.5,62,11,2.5,4,3
0.054,9,0,0,39.164783964250766,276.6212091454933,42.92567279549817,9,0.8999999999999999,0.4212962962962968,355,D_pmar=0.054_dist=100_repair_6_males=4_nmar=3,FG_theta_2.5,63,14,2.5,4,3
0,10,0,100,39.51645105274465,275.74832554044985,44.738613378676256,0,0,0,355,D_pmar=0.054_dist=100_repair_6_males=4_nmar=3,FG_theta_2.5,111,12,2.5,4,3
0.054,10,100,0,39.40721676907827,294.26011006888854,24.51107831882174,14,1.4,0.613005383928194,355,D_pmar=0.054_dist=100_repair_6_males=4_nmar=3,FG_theta_2.5,49,14,2.5,4,3
0.054,7,100,100,40.30126222030927,272.9803698869739,45.97421408798857,4,0.4,0.48392088858602467,355,D_pmar=0.054_dist=100_repair_6_males=4_nmar=3,FG_theta_2.5,66,14,2.5,4,3
0.054,13,0,0,39.30903659767237,300.9163262722881,18.380965136607077,10,1,0.5101100286299709,356,D_pmar=0.054_dist=100_repair_6_males=4_nmar=3,FG_theta_2.5,50,14,2.5,4,3
0,11,0,100,38.28837905358086,279.2012235870505,42.7391807267038,0,0,0,356,D_pmar=0.054_dist=100_repair_6_males=4_nmar=3,FG_theta_2.5,84,14,2.5,4,3
0.054,7,100,0,40.36146837359776,282.3212009238394,36.812994370285416,3,0.30000000000000004,0.4212962962962968,356,D_pmar=0.054_dist=100_repair_6_males=4_nmar=3,FG_theta_2.5,81,10,2.5,4,3
0.054,5,100,100,39.12076240523896,276.7763090023477,42.78668636372029,10,1,0.4788259577370045,356,D_pmar=0.054_dist=100_repair_6_males=4_nmar=3,FG_theta_2.5,66,7,2.5,4,3
0,8,0,0,38.47051936071187,272.48681113681425,49.054791937788465,0,0,0,357,D_pmar=0.054_dist=100_repair_6_males=4_nmar=3,FG_theta_2.5,96,9,2.5,4,3
0.054,9,0,100,39.88388407385586,275.78310868884273,42.41813080738424,15,1.5000000000000002,0.592978060743914,357,D_pmar=0.054_dist=100_repair_6_males=4_nmar=3,FG_theta_2.5,71,9,2.5,4,3
0.054,9,100,0,38.36570244260389,258.5429298894018,61.64231690659002,10,1,0.46301941346675873,357,D_pmar=0.054_dist=100_repair_6_males=4_nmar=3,FG_theta_2.5,68,12,2.5,4,3
0.054,10,100,100,38.3505721029892,277.54506221204286,42.855158381792165,7,0.7,0.5767626657580727,357,D_pmar=0.054_dist=100_repair_6_males=4_nmar=3,FG_theta_2.5,63,10,2.5,4,3
0.054,15,0,0,38.089452789950265,283.3406096376139,37.09348326817252,10,1,0.5433117549042942,358,D_pmar=0.054_dist=100_repair_6_males=4_nmar=3,FG_theta_2.5,61,15,2.5,4,3
0.054,7,0,100,40.35540012637466,275.2482688513097,43.074942051159944,10,1,0.5104390462774963,358,D_pmar=0.054_dist=100_repair_6_males=4_nmar=3,FG_theta_2.5,82,9,2.5,4,3
0.054,10,100,0,38.21095658793716,277.05836209918965,42.93395344536904,15,1.5000000000000002,0.5505735257141264,358,D_pmar=0.054_dist=100_repair_6_males=4_nmar=3,FG_theta_2.5,57,12,2.5,4,3
0,4,100,100,41.49879299880232,226.89677095587933,91.73156333648714,0,0,0,358,D_pmar=0.054_dist=100_repair_6_males=4_nmar=3,FG_theta_2.5,96,9,2.5,4,3
0.054,9,0,0,38.81873751430672,265.6146060880933,54.63619578686821,5,0.5,0.46573138771503136,359,D_pmar=0.054_dist=100_repair_6_males=4_nmar=3,FG_theta_2.5,72,11,2.5,4,3
0.054,11,0,100,39.65619059076073,288.45286038819404,30.505136719028204,10,1,0.42214706566700766,359,D_pmar=0.054_dist=100_repair_6_males=4_nmar=3,FG_theta_2.5,64,11,2.5,4,3
0.054,8,100,0,39.69800279157075,294.27523516770157,24.143124164873807,14,1.4,0.49074074074074153,359,D_pmar=0.054_dist=100_repair_6_males=4_nmar=3,FG_theta_2.5,50,11,2.5,4,3
0,8,100,100,39.54908032169069,258.4963809957154,62.03876169691535,0,0,0,359,D_pmar=0.054_dist=100_repair_6_males=4_nmar=3,FG_theta_2.5,89,9,2.5,4,3
0.054,5,0,0,38.9311237958042,270.2349352535536,49.224830063161995,10,1,0.6164552265395875,35,D_pmar=0.054_dist=100_repair_6_males=4_nmar=3,FG_theta_2.5,67,8,2.5,4,3
0,5,0,100,40.46085409424457,277.11429991676425,42.492701092158285,0,0,0,35,D_pmar=0.054_dist=100_repair_6_males=4_nmar=3,FG_theta_2.5,120,7,2.5,4,3
0.054,13,100,0,41.46561694192239,280.7617125360731,36.50253375466166,9,0.8999999999999999,0.4768518518518526,35,D_pmar=0.054_dist=100_repair_6_males=4_nmar=3,FG_theta_2.5,67,14,2.5,4,3
0.054,13,100,100,37.97692130325992,283.788253298966,36.85984433523453,8,0.7999999999999999,0.6288119281984399,35,D_pmar=0.054_dist=100_repair_6_males=4_nmar=3,FG_theta_2.5,72,16,2.5,4,3
0.054,7,0,0,38.012498556552586,284.0340407087306,36.70154438240585,10,1,0.4398148148148154,360,D_pmar=0.054_dist=100_repair_6_males=4_nmar=3,FG_theta_2.5,57,10,2.5,4,3
0.054,11,0,100,38.68734512254024,271.0348102326406,48.72819238264537,11,1.1,0.5355613003107964,360,D_pmar=0.054_dist=100_repair_6_males=4_nmar=3,FG_theta_2.5,64,16,2.5,4,3
0,8,100,0,38.633814836119505,272.4645188560358,48.90361125883428,0,0,0,360,D_pmar=0.054_dist=100_repair_6_males=4_nmar=3,FG_theta_2.5,104,11,2.5,4,3
0.054,10,100,100,38.80762604513829,283.32931433839906,36.86673782515697,7,0.7,0.5327928755587286,360,D_pmar=0.054_dist=100_repair_6_males=4_nmar=3,FG_theta_2.5,61,13,2.5,4,3
0.054,15,0,0,36.22884048153462,289.1375899348059,33.31278067279341,9,0.8999999999999999,0.5243279351663852,361,D_pmar=0.054_dist=100_repair_6_males=4_nmar=3,FG_theta_2.5,73,15,2.5,4,3
0.054,8,0,100,39.20832911272563,276.69452725393484,42.856049882022766,7,0.7,0.5463527468000923,361,D_pmar=0.054_dist=100_repair_6_males=4_nmar=3,FG_theta_2.5,55,11,2.5,4,3
0,6,100,0,39.48217576930059,272.18137718927386,48.412758965495605,0,0,0,361,D_pmar=0.054_dist=100_repair_6_males=4_nmar=3,FG_theta_2.5,105,12,2.5,4,3
0.054,7,100,100,38.01226936026655,283.97488524158223,36.42732157526424,11,1.1,0.5167137641447525,361,D_pmar=0.054_dist=100_repair_6_males=4_nmar=3,FG_theta_2.5,61,13,2.5,4,3
0.054,12,0,0,39.07351502190785,301.0845316091809,18.311338053310543,10,1,0.5818011461032979,362,D_pmar=0.054_dist=100_repair_6_males=4_nmar=3,FG_theta_2.5,57,14,2.5,4,3
0.054,9,0,100,39.364385517300256,276.6934146072534,42.78355318516691,8,0.7999999999999999,0.4027777777777782,362,D_pmar=0.054_dist=100_repair_6_males=4_nmar=3,FG_theta_2.5,71,9,2.5,4,3
0.054,8,100,0,39.66552182312982,263.2792522415658,55.70170897100801,9,0.8999999999999999,0.4780316388700888,362,D_pmar=0.054_dist=100_repair_6_males=4_nmar=3,FG_theta_2.5,68,13,2.5,4,3
0,7,100,100,38.1120740698505,272.86317017021656,49.13611367937508,0,0,0,362,D_pmar=0.054_dist=100_repair_6_males=4_nmar=3,FG_theta_2.5,93,7,2.5,4,3
0,3,0,0,42.149506233575934,248.8221399938034,69.06605437963265,0,0,0,363,D_pmar=0.054_dist=100_repair_6_males=4_nmar=3,FG_theta_2.5,101,7,2.5,4,3
0.054,8,0,100,39.7441033610144,283.4047674686692,35.874325402779476,6,0.6,0.4027777777777782,363,D_pmar=0.054_dist=100_repair_6_males=4_nmar=3,FG_theta_2.5,64,10,2.5,4,3
0.054,14,100,0,40.599796949489225,287.4764880509068,30.46383482354539,10,1,0.5034264600471192,363,D_pmar=0.054_dist=100_repair_6_males=4_nmar=3,FG_theta_2.5,53,17,2.5,4,3
0.054,11,100,100,39.34064207983125,294.6584261112196,24.560700972895088,11,1.1,0.5153976935546511,363,D_pmar=0.054_dist=100_repair_6_males=4_nmar=3,FG_theta_2.5,58,13,2.5,4,3
0.054,8,0,0,39.69545334492811,282.4249184175543,36.321768253458224,12,1.2,0.5254512716808263,364,D_pmar=0.054_dist=100_repair_6_males=4_nmar=3,FG_theta_2.5,64,8,2.5,4,3
0.054,13,0,100,39.468667015020536,282.45075292900344,36.61739192188274,12,1.2,0.4892085535107049,364,D_pmar=0.054_dist=100_repair_6_males=4_nmar=3,FG_theta_2.5,72,15,2.5,4,3
0,5,100,0,40.5308662431688,246.14098720976057,73.4331741407043,0,0,0,364,D_pmar=0.054_dist=100_repair_6_males=4_nmar=3,FG_theta_2.5,93,7,2.5,4,3
0.054,10,100,100,37.84975640607736,265.83176186045023,54.88891437531492,9,0.8999999999999999,0.6422355158679384,364,D_pmar=0.054_dist=100_repair_6_males=4_nmar=3,FG_theta_2.5,68,11,2.5,4,3
0,10,0,0,40.787808284106504,267.3719306266537,51.86703625243462,0,0,0,365,D_pmar=0.054_dist=100_repair_6_males=4_nmar=3,FG_theta_2.5,111,12,2.5,4,3
0.054,11,0,100,38.223504277433506,296.61941312745284,24.33079938819743,5,0.5,0.4915915101114524,365,D_pmar=0.054_dist=100_repair_6_males=4_nmar=3,FG_theta_2.5,52,13,2.5,4,3
0.054,6,100,0,39.0114180678924,289.02166504332155,30.182935004589012,13,1.3,0.5768989493299378,365,D_pmar=0.054_dist=100_repair_6_males=4_nmar=3,FG_theta_2.5,66,8,2.5,4,3
0.054,9,100,100,40.89491788083405,293.96643252712096,24.262487410843953,4,0.4,0.5331218932062539,365,D_pmar=0.054_dist=100_repair_6_males=4_nmar=3,FG_theta_2.5,66,10,2.5,4,3
0,9,0,0,38.523142411938146,291.0995924844888,30.489595145065422,0,0,0,366,D_pmar=0.054_dist=100_repair_6_males=4_nmar=3,FG_theta_2.5,109,9,2.5,4,3
0.054,10,0,100,38.253884974187834,290.7194248082631,30.229379844824027,5,0.5,0.4799492942514456,366,D_pmar=0.054_dist=100_repair_6_males=4_nmar=3,FG_theta_2.5,70,15,2.5,4,3
0.054,7,100,0,38.350060268700126,283.8407831902686,36.613071617804906,8,0.7999999999999999,0.6214138738167425,366,D_pmar=0.054_dist=100_repair_6_males=4_nmar=3,FG_theta_2.5,55,12,2.5,4,3
0.054,10,100,100,39.23157958862487,282.94346007061495,36.64682826960409,9,0.8999999999999999,0.44444444444444503,366,D_pmar=0.054_dist=100_repair_6_males=4_nmar=3,FG_theta_2.5,68,12,2.5,4,3
0,9,0,0,38.58964188010605,278.9197353544974,42.52256410573383,0,0,0,367,D_pmar=0.054_dist=100_repair_6_males=4_nmar=3,FG_theta_2.5,100,9,2.5,4,3
0.054,8,0,100,40.901802624644006,262.5677363459558,55.592959192337304,5,0.5,0.4490740740740747,367,D_pmar=0.054_dist=100_repair_6_males=4_nmar=3,FG_theta_2.5,67,13,2.5,4,3
0.054,10,100,0,38.06913734272312,308.7784477950097,12.072796319715412,8,0.7999999999999999,0.448336205710954,367,D_pmar=0.054_dist=100_repair_6_males=4_nmar=3,FG_theta_2.5,60,13,2.5,4,3
0.054,9,100,100,39.78620254027871,294.1397826695901,24.553073965815052,10,1,0.5366281863214426,367,D_pmar=0.054_dist=100_repair_6_males=4_nmar=3,FG_theta_2.5,55,12,2.5,4,3
0.054,12,0,0,38.65200261679199,259.31178440469523,61.13534991162484,7,0.7,0.4548834907219405,368,D_pmar=0.054_dist=100_repair_6_males=4_nmar=3,FG_theta_2.5,75,12,2.5,4,3
0.054,6,0,100,38.611862954695425,283.2009043182348,36.59442389395391,11,1.1,0.537037037037038,368,D_pmar=0.054_dist=100_repair_6_males=4_nmar=3,FG_theta_2.5,52,8,2.5,4,3
0,7,100,0,38.25790333121273,285.07243855592975,36.810588523455266,0,0,0,368,D_pmar=0.054_dist=100_repair_6_males=4_nmar=3,FG_theta_2.5,97,10,2.5,4,3
0.054,11,100,100,39.97889393543795,288.43029076602204,30.274238081259973,9,0.8999999999999999,0.48893598636697466,368,D_pmar=0.054_dist=100_repair_6_males=4_nmar=3,FG_theta_2.5,59,11,2.5,4,3
0.054,6,0,0,36.92988919754634,269.4303469876472,52.53235119338894,7,0.7,0.4545544730744152,369,D_pmar=0.054_dist=100_repair_6_males=4_nmar=3,FG_theta_2.5,65,9,2.5,4,3
0.054,10,0,100,39.35492505739219,269.96898204329494,48.88359172533154,14,1.4,0.5150686759071259,369,D_pmar=0.054_dist=100_repair_6_males=4_nmar=3,FG_theta_2.5,58,10,2.5,4,3
0.054,10,100,0,38.27409890169864,265.99782509034213,54.360634013322475,11,1.1,0.4938381831403347,369,D_pmar=0.054_dist=100_repair_6_males=4_nmar=3,FG_theta_2.5,61,14,2.5,4,3
0,10,100,100,41.23693938661604,282.0683023005047,36.789407377395456,0,0,0,369,D_pmar=0.054_dist=100_repair_6_males=4_nmar=3,FG_theta_2.5,94,12,2.5,4,3
0.054,10,0,0,40.040266859658374,281.6409673768233,36.917441284306754,9,0.8999999999999999,0.5221377126412979,36,D_pmar=0.054_dist=100_repair_6_males=4_nmar=3,FG_theta_2.5,54,11,2.5,4,3
0,6,0,100,39.1192060700978,282.912649729758,37.98973714357973,0,0,0,36,D_pmar=0.054_dist=100_repair_6_males=4_nmar=3,FG_theta_2.5,104,7,2.5,4,3
0.054,10,100,0,37.45497168725678,257.79704245396334,63.25452741856519,11,1.1,0.4769083023556475,36,D_pmar=0.054_dist=100_repair_6_males=4_nmar=3,FG_theta_2.5,63,12,2.5,4,3
0.054,10,100,100,38.43943619076485,283.66642811133033,36.51821843862077,10,1,0.4738673104598496,36,D_pmar=0.054_dist=100_repair_6_males=4_nmar=3,FG_theta_2.5,52,11,2.5,4,3
0.054,11,0,0,40.7316984163013,282.16753436193096,36.4236450132475,4,0.4,0.4329949626600985,370,D_pmar=0.054_dist=100_repair_6_males=4_nmar=3,FG_theta_2.5,64,13,2.5,4,3
0.054,8,0,100,40.86995219645505,293.8068518838801,24.388354378209023,7,0.7,0.45370370370370433,370,D_pmar=0.054_dist=100_repair_6_males=4_nmar=3,FG_theta_2.5,72,10,2.5,4,3
0,11,100,0,41.084661624808675,288.2974002859557,30.689242355317905,0,0,0,370,D_pmar=0.054_dist=100_repair_6_males=4_nmar=3,FG_theta_2.5,90,12,2.5,4,3
0.054,6,100,100,38.86913303166981,301.498499408098,18.53264978155862,7,0.7,0.591116855866352,370,D_pmar=0.054_dist=100_repair_6_males=4_nmar=3,FG_theta_2.5,58,8,2.5,4,3
0,9,0,0,38.16172343583761,279.01339179204757,42.88058163446819,0,0,0,371,D_pmar=0.054_dist=100_repair_6_males=4_nmar=3,FG_theta_2.5,93,9,2.5,4,3
0.054,8,0,100,41.094644024926104,281.2751796069601,36.54595734414132,7,0.7,0.5467382149514125,371,D_pmar=0.054_dist=100_repair_6_males=4_nmar=3,FG_theta_2.5,66,8,2.5,4,3
0.054,11,100,0,38.976086311393054,289.50383485953716,30.660906709211556,4,0.4,0.5420521348179881,371,D_pmar=0.054_dist=100_repair_6_males=4_nmar=3,FG_theta_2.5,59,14,2.5,4,3
0.054,8,100,100,38.27994698573077,289.58570694512554,30.4767868528686,12,1.2,0.5104390462774963,371,D_pmar=0.054_dist=100_repair_6_males=4_nmar=3,FG_theta_2.5,74,8,2.5,4,3
0,6,0,0,37.43866410980941,251.0041920344476,71.66257258062673,0,0,0,372,D_pmar=0.054_dist=100_repair_6_males=4_nmar=3,FG_theta_2.5,98,7,2.5,4,3
0.054,11,0,100,37.33110723463077,291.53602987650527,30.422417155817033,6,0.6,0.4120370370370375,372,D_pmar=0.054_dist=100_repair_6_males=4_nmar=3,FG_theta_2.5,66,12,2.5,4,3
0.054,12,100,0,38.37957809258899,295.6938828496636,24.352934860423343,12,1.2,0.5204926244036714,372,D_pmar=0.054_dist=100_repair_6_males=4_nmar=3,FG_theta_2.5,52,13,2.5,4,3
0.054,7,100,100,39.635536908164845,282.24032878343144,36.77500055605246,9,0.8999999999999999,0.4679780607439136,372,D_pmar=0.054_dist=100_repair_6_males=4_nmar=3,FG_theta_2.5,60,9,2.5,4,3
0.054,6,0,0,40.5709791134979,281.68833525988657,36.57290906370184,7,0.7,0.47386731045984953,373,D_pmar=0.054_dist=100_repair_6_males=4_nmar=3,FG_theta_2.5,84,7,2.5,4,3
0.054,15,0,100,39.44006644439006,300.4935423675966,18.430323321169393,11,1.1,0.540134479436631,373,D_pmar=0.054_dist=100_repair_6_males=4_nmar=3,FG_theta_2.5,58,16,2.5,4,3
0,6,100,0,38.63713028327605,272.62491937212184,48.8196744734526,0,0,0,373,D_pmar=0.054_dist=100_repair_6_males=4_nmar=3,FG_theta_2.5,80,8,2.5,4,3
0.054,9,100,100,39.412676654182896,270.6156799665015,48.80462667445858,7,0.7,0.542052134817988,373,D_pmar=0.054_dist=100_repair_6_males=4_nmar=3,FG_theta_2.5,76,12,2.5,4,3
0.054,5,0,0,42.22726254015008,280.2471607872677,36.63531839830725,7,0.7,0.48219596728032793,374,D_pmar=0.054_dist=100_repair_6_males=4_nmar=3,FG_theta_2.5,67,7,2.5,4,3
0.054,14,0,100,40.78174150058519,306.184637154112,12.275816300819226,4,0.4,0.3935185185185189,374,D_pmar=0.054_dist=100_repair_6_males=4_nmar=3,FG_theta_2.5,54,15,2.5,4,3
0,10,100,0,40.12987606628257,283.4163261592219,36.46326596578236,0,0,0,374,D_pmar=0.054_dist=100_repair_6_males=4_nmar=3,FG_theta_2.5,100,12,2.5,4,3
0.054,7,100,100,40.3786768893692,300.2522602188974,18.231247396569565,6,0.6,0.6615483532533726,374,D_pmar=0.054_dist=100_repair_6_males=4_nmar=3,FG_theta_2.5,63,9,2.5,4,3
0,10,0,0,37.59970116378169,267.56917254177625,55.05547246667191,0,0,0,375,D_pmar=0.054_dist=100_repair_6_males=4_nmar=3,FG_theta_2.5,93,11,2.5,4,3
0.054,10,0,100,40.8650333184665,280.6657408735354,36.707253773139065,13,1.3,0.536355619177712,375,D_pmar=0.054_dist=100_repair_6_males=4_nmar=3,FG_theta_2.5,43,11,2.5,4,3
0.054,10,100,0,37.64698031686225,283.9520140021,37.221250284788184,8,0.7999999999999999,0.4599784215709605,375,D_pmar=0.054_dist=100_repair_6_males=4_nmar=3,FG_theta_2.5,59,13,2.5,4,3
0.054,6,100,100,40.25735781581604,269.81871262226963,48.767254785211485,8,0.7999999999999999,0.3771103894570175,375,D_pmar=0.054_dist=100_repair_6_males=4_nmar=3,FG_theta_2.5,59,8,2.5,4,3
0.054,11,0,0,40.357326903226735,275.6951882127686,42.52838487926412,12,1.2,0.4212962962962968,376,D_pmar=0.054_dist=100_repair_6_males=4_nmar=3,FG_theta_2.5,63,12,2.5,4,3
0.054,8,0,100,40.66735747572089,275.5353173303808,42.42117854723753,10,1,0.5606271038403016,376,D_pmar=0.054_dist=100_repair_6_males=4_nmar=3,FG_theta_2.5,58,9,2.5,4,3
0.054,6,100,0,38.3648589293769,277.612866570187,42.67474551869349,9,0.8999999999999999,0.5050150977809507,376,D_pmar=0.054_dist=100_repair_6_males=4_nmar=3,FG_theta_2.5,65,8,2.5,4,3
0,11,100,100,37.24933335338963,261.39936160563707,61.46810497182738,0,0,0,376,D_pmar=0.054_dist=100_repair_6_males=4_nmar=3,FG_theta_2.5,95,14,2.5,4,3
0,7,0,0,38.70548830273244,278.8756244522087,42.638734667808514,0,0,0,377,D_pmar=0.054_dist=100_repair_6_males=4_nmar=3,FG_theta_2.5,87,10,2.5,4,3
0.054,9,0,100,41.80635801270223,292.16785240686016,24.623635219952646,11,1.1,0.5003854681513211,377,D_pmar=0.054_dist=100_repair_6_males=4_nmar=3,FG_theta_2.5,57,11,2.5,4,3
0.054,7,100,0,40.8113071706639,259.2337646288891,58.76355320317548,8,0.7999999999999999,0.5309316706811668,377,D_pmar=0.054_dist=100_repair_6_males=4_nmar=3,FG_theta_2.5,59,8,2.5,4,3
0.054,13,100,100,37.98089889832887,284.1768480037472,36.734844104308586,8,0.7999999999999999,0.3611111111111113,377,D_pmar=0.054_dist=100_repair_6_males=4_nmar=3,FG_theta_2.5,58,15,2.5,4,3
0,9,0,0,39.07920423222797,278.363095104762,42.609816819636016,0,0,0,378,D_pmar=0.054_dist=100_repair_6_males=4_nmar=3,FG_theta_2.5,108,14,2.5,4,3
0.054,10,0,100,40.385223859857845,269.83263655549075,48.64692652853852,7,0.7,0.5192330043173651,378,D_pmar=0.054_dist=100_repair_6_males=4_nmar=3,FG_theta_2.5,45,11,2.5,4,3
0.054,7,100,0,38.59977115288166,301.9623036424622,18.36179846550321,8,0.7999999999999999,0.4987968304174896,378,D_pmar=0.054_dist=100_repair_6_males=4_nmar=3,FG_theta_2.5,47,8,2.5,4,3
0.054,10,100,100,40.45941636811038,287.98496787847853,30.52464582612942,8,0.7999999999999999,0.3472222222222224,378,D_pmar=0.054_dist=100_repair_6_males=4_nmar=3,FG_theta_2.5,63,11,2.5,4,3
0.054,6,0,0,40.50045169313289,263.1057541923721,55.13521415031629,7,0.7,0.5609561214878268,379,D_pmar=0.054_dist=100_repair_6_males=4_nmar=3,FG_theta_2.5,83,10,2.5,4,3
0.054,10,0,100,36.76490553245579,303.4709671189201,18.304719069861815,10,1,0.5535580671061294,379,D_pmar=0.054_dist=100_repair_6_males=4_nmar=3,FG_theta_2.5,63,11,2.5,4,3
0.054,10,100,0,37.96358159345311,283.77918121313473,36.82839232107175,9,0.8999999999999999,0.5593110332502003,379,D_pmar=0.054_dist=100_repair_6_males=4_nmar=3,FG_theta_2.5,70,13,2.5,4,3
0,10,100,100,40.78531051272969,270.7357042732075,48.64316311909373,0,0,0,379,D_pmar=0.054_dist=100_repair_6_males=4_nmar=3,FG_theta_2.5,83,13,2.5,4,3
0,8,0,0,41.699632338858805,269.45619380794614,48.882528116337944,0,0,0,37,D_pmar=0.054_dist=100_repair_6_males=4_nmar=3,FG_theta_2.5,106,10,2.5,4,3
0.054,11,0,100,37.47578587100327,285.21196439060043,36.61343737567977,3,0.30000000000000004,0.5208780925549915,37,D_pmar=0.054_dist=100_repair_6_males=4_nmar=3,FG_theta_2.5,96,11,2.5,4,3
0.054,9,100,0,41.49975408415757,298.5898110651148,18.22198840672956,13,1.3,0.6966112844052581,37,D_pmar=0.054_dist=100_repair_6_males=4_nmar=3,FG_theta_2.5,58,15,2.5,4,3
0.054,8,100,100,37.8354286979265,284.8545562825595,36.38691507636856,7,0.7,0.45370370370370433,37,D_pmar=0.054_dist=100_repair_6_males=4_nmar=3,FG_theta_2.5,55,10,2.5,4,3
0.054,8,0,0,37.417258763196145,284.685867534783,36.63209068341789,8,0.7999999999999999,0.5124929852307183,380,D_pmar=0.054_dist=100_repair_6_males=4_nmar=3,FG_theta_2.5,48,12,2.5,4,3
0,10,0,100,39.57516672862192,259.46076379167863,61.1164627237192,0,0,0,380,D_pmar=0.054_dist=100_repair_6_males=4_nmar=3,FG_theta_2.5,89,10,2.5,4,3
0.054,9,100,0,40.344889649796144,275.19046977553256,42.83626413860533,13,1.3,0.4529658353405836,380,D_pmar=0.054_dist=100_repair_6_males=4_nmar=3,FG_theta_2.5,61,12,2.5,4,3
0.054,9,100,100,39.255235494913144,301.9295353777654,18.18871420672056,5,0.5,0.4027777777777782,380,D_pmar=0.054_dist=100_repair_6_males=4_nmar=3,FG_theta_2.5,76,12,2.5,4,3
0.054,11,0,0,39.35172875826379,276.11443777220137,42.55978672410045,14,1.4,0.6087047719460896,381,D_pmar=0.054_dist=100_repair_6_males=4_nmar=3,FG_theta_2.5,65,18,2.5,4,3
0.054,7,0,100,41.8670242948883,268.0642754653667,48.7210617817,10,1,0.477237320003173,381,D_pmar=0.054_dist=100_repair_6_males=4_nmar=3,FG_theta_2.5,60,10,2.5,4,3
0,8,100,0,39.3918332994415,279.8466576714505,40.773139930067366,0,0,0,381,D_pmar=0.054_dist=100_repair_6_males=4_nmar=3,FG_theta_2.5,76,10,2.5,4,3
0.054,10,100,100,39.068565946365375,265.13826919499303,54.85832551365576,7,0.7,0.4622250945998429,381,D_pmar=0.054_dist=100_repair_6_males=4_nmar=3,FG_theta_2.5,75,16,2.5,4,3
0.054,10,0,0,39.30318232894,289.09558717801394,30.38597521079753,9,0.8999999999999999,0.4480071880634286,382,D_pmar=0.054_dist=100_repair_6_males=4_nmar=3,FG_theta_2.5,50,17,2.5,4,3
0.054,13,0,100,38.57772275583166,296.0392368197187,24.335544913027196,7,0.7,0.4796202766039204,382,D_pmar=0.054_dist=100_repair_6_males=4_nmar=3,FG_theta_2.5,55,14,2.5,4,3
0,8,100,0,40.43764661999892,285.42838858475983,34.199107400350854,0,0,0,382,D_pmar=0.054_dist=100_repair_6_males=4_nmar=3,FG_theta_2.5,78,14,2.5,4,3
0.054,5,100,100,39.52719869169487,283.0523176730631,36.67795049902771,5,0.5,0.3670568113308425,382,D_pmar=0.054_dist=100_repair_6_males=4_nmar=3,FG_theta_2.5,66,10,2.5,4,3
0,9,0,0,38.64042389516262,284.50093812416134,36.90582267568449,0,0,0,383,D_pmar=0.054_dist=100_repair_6_males=4_nmar=3,FG_theta_2.5,85,15,2.5,4,3
0.054,4,0,100,39.54004153879556,276.3466627269533,42.663724476933574,10,1,0.5000000000000008,383,D_pmar=0.054_dist=100_repair_6_males=4_nmar=3,FG_theta_2.5,69,10,2.5,4,3
0.054,9,100,0,36.438785917327024,294.18516076586263,28.23829754066259,8,0.7999999999999999,0.48696188048182265,383,D_pmar=0.054_dist=100_repair_6_males=4_nmar=3,FG_theta_2.5,68,10,2.5,4,3
0.054,14,100,100,40.92370246238316,287.5005900097863,30.652363302045188,5,0.5,0.47743005407883304,383,D_pmar=0.054_dist=100_repair_6_males=4_nmar=3,FG_theta_2.5,62,17,2.5,4,3
0.054,4,0,0,38.762392239783495,279.2562635815276,41.085243065519066,5,0.5,0.5350395485876108,384,D_pmar=0.054_dist=100_repair_6_males=4_nmar=3,FG_theta_2.5,86,8,2.5,4,3
0.054,10,0,100,38.02249353930784,283.52454048626,37.221478259193425,9,0.8999999999999999,0.5073980543816982,384,D_pmar=0.054_dist=100_repair_6_males=4_nmar=3,FG_theta_2.5,85,11,2.5,4,3
0.054,14,100,0,39.3433199714147,319.1635073712465,0,10,1,0.6342592592592606,384,D_pmar=0.054_dist=100_repair_6_males=4_nmar=3,FG_theta_2.5,44,18,2.5,4,3
0,8,100,100,38.11799896488807,255.40442679240215,66.59728158702937,0,0,0,384,D_pmar=0.054_dist=100_repair_6_males=4_nmar=3,FG_theta_2.5,119,17,2.5,4,3
0.054,10,0,0,36.055015732977296,292.1054603283263,30.63371834535664,8,0.7999999999999999,0.49074074074074153,385,D_pmar=0.054_dist=100_repair_6_males=4_nmar=3,FG_theta_2.5,77,12,2.5,4,3
0.054,9,0,100,38.66294636999744,289.891665290695,30.510462280993327,6,0.6,0.5483268526852441,385,D_pmar=0.054_dist=100_repair_6_males=4_nmar=3,FG_theta_2.5,60,10,2.5,4,3
0,10,100,0,39.00033908190527,272.1775203526133,48.90666399038809,0,0,0,385,D_pmar=0.054_dist=100_repair_6_males=4_nmar=3,FG_theta_2.5,112,12,2.5,4,3
0.054,7,100,100,39.07037423905326,295.2171682913068,24.399484379867847,8,0.7999999999999999,0.5275052106340484,385,D_pmar=0.054_dist=100_repair_6_males=4_nmar=3,FG_theta_2.5,55,9,2.5,4,3
0.054,8,0,0,38.44158704685223,277.49507791439726,42.99132448901451,7,0.7,0.5336436449294394,386,D_pmar=0.054_dist=100_repair_6_males=4_nmar=3,FG_theta_2.5,75,10,2.5,4,3
0.054,8,0,100,41.121680417909694,281.1225224692391,36.57334768198358,7,0.7,0.5269036258427927,386,D_pmar=0.054_dist=100_repair_6_males=4_nmar=3,FG_theta_2.5,66,12,2.5,4,3
0.054,12,100,0,39.56760111173962,294.18860601056,24.658141565181225,12,1.2,0.4780316388700888,386,D_pmar=0.054_dist=100_repair_6_males=4_nmar=3,FG_theta_2.5,56,14,2.5,4,3
0,8,100,100,40.519966963345944,264.82756646431324,54.65390085172613,0,0,0,386,D_pmar=0.054_dist=100_repair_6_males=4_nmar=3,FG_theta_2.5,79,11,2.5,4,3
0,5,0,0,39.55936996388821,253.82381834556827,66.814414372419,0,0,0,387,D_pmar=0.054_dist=100_repair_6_males=4_nmar=3,FG_theta_2.5,106,10,2.5,4,3
0.054,9,0,100,37.91778878026596,302.1198536188629,18.248234685027132,12,1.2,0.5628173263653887,387,D_pmar=0.054_dist=100_repair_6_males=4_nmar=3,FG_theta_2.5,54,9,2.5,4,3
0.054,10,100,0,38.63454164381256,259.1469753137274,60.96591035121951,9,0.8999999999999999,0.4599784215709606,387,D_pmar=0.054_dist=100_repair_6_males=4_nmar=3,FG_theta_2.5,73,13,2.5,4,3
0.054,12,100,100,38.717117435452494,277.25284042926245,42.59230139916706,10,1,0.609964392032396,387,D_pmar=0.054_dist=100_repair_6_males=4_nmar=3,FG_theta_2.5,65,15,2.5,4,3
0.054,9,0,0,38.814509123027655,265.50419585245436,54.84253771592276,5,0.5,0.5594473168220655,388,D_pmar=0.054_dist=100_repair_6_males=4_nmar=3,FG_theta_2.5,76,16,2.5,4,3
0.054,6,0,100,40.511348882226734,299.5679242809712,18.2862924784391,11,1.1,0.5416666666666676,388,D_pmar=0.054_dist=100_repair_6_males=4_nmar=3,FG_theta_2.5,53,12,2.5,4,3
0.054,9,100,0,39.5844114585424,282.5022405224777,36.53134035685619,10,1,0.43192807664945254,388,D_pmar=0.054_dist=100_repair_6_males=4_nmar=3,FG_theta_2.5,63,16,2.5,4,3
0,12,100,100,40.32665719344709,270.5872151990059,49.191434919917455,0,0,0,388,D_pmar=0.054_dist=100_repair_6_males=4_nmar=3,FG_theta_2.5,106,20,2.5,4,3
0.054,10,0,0,37.64783464978124,290.54414426792,30.661717498442933,7,0.7,0.5767062152542777,389,D_pmar=0.054_dist=100_repair_6_males=4_nmar=3,FG_theta_2.5,62,13,2.5,4,3
0.054,7,0,100,38.35142356889419,259.9240758762295,60.998520508819624,4,0.4,0.4351851851851858,389,D_pmar=0.054_dist=100_repair_6_males=4_nmar=3,FG_theta_2.5,62,10,2.5,4,3
0.054,16,100,0,39.598485796336874,300.50950920794224,18.27093160007368,13,1.3,0.5579151295920287,389,D_pmar=0.054_dist=100_repair_6_males=4_nmar=3,FG_theta_2.5,69,17,2.5,4,3
0,3,100,100,38.071533093539976,285.4147326095818,36.52580941941146,0,0,0,389,D_pmar=0.054_dist=100_repair_6_males=4_nmar=3,FG_theta_2.5,103,4,2.5,4,3
0,10,0,0,37.62271538900595,286.0985940859066,36.2956586417447,0,0,0,38,D_pmar=0.054_dist=100_repair_6_males=4_nmar=3,FG_theta_2.5,98,15,2.5,4,3
0.054,11,0,100,39.05481401767498,270.59534925854325,49.06657736311182,9,0.8999999999999999,0.4679780607439136,38,D_pmar=0.054_dist=100_repair_6_males=4_nmar=3,FG_theta_2.5,64,14,2.5,4,3
0.054,3,100,0,41.51952282050023,250.45504266975345,66.77705230926266,9,0.8999999999999999,0.5567917930775875,38,D_pmar=0.054_dist=100_repair_6_males=4_nmar=3,FG_theta_2.5,74,6,2.5,4,3
0.054,12,100,100,38.32396805108379,295.552053648612,24.546040375095497,11,1.1,0.5416666666666676,38,D_pmar=0.054_dist=100_repair_6_males=4_nmar=3,FG_theta_2.5,63,14,2.5,4,3
0.054,6,0,0,39.81585241628701,251.32702469023351,66.96412801769233,14,1.4,0.5521057129441631,390,D_pmar=0.054_dist=100_repair_6_males=4_nmar=3,FG_theta_2.5,81,8,2.5,4,3
0.054,11,0,100,39.19694475756351,276.38566864771485,42.901712255967446,11,1.1,0.508192373248614,390,D_pmar=0.054_dist=100_repair_6_males=4_nmar=3,FG_theta_2.5,60,12,2.5,4,3
0,9,100,0,39.87333208793271,253.30586525849304,66.92061775954367,0,0,0,390,D_pmar=0.054_dist=100_repair_6_males=4_nmar=3,FG_theta_2.5,79,11,2.5,4,3
0.054,10,100,100,38.55602163383863,283.65978025182824,36.426879684574935,10,1,0.3981481481481486,390,D_pmar=0.054_dist=100_repair_6_males=4_nmar=3,FG_theta_2.5,71,11,2.5,4,3
0.054,7,0,0,42.023937239799665,271.34403306932563,45.487592361931576,8,0.7999999999999999,0.48701833098561775,391,D_pmar=0.054_dist=100_repair_6_males=4_nmar=3,FG_theta_2.5,48,10,2.5,4,3
0.054,7,0,100,40.585315951467145,239.138459591698,79.36889193341256,8,0.7999999999999999,0.30065335878219585,391,D_pmar=0.054_dist=100_repair_6_males=4_nmar=3,FG_theta_2.5,70,9,2.5,4,3
0,10,100,0,39.23940473305072,256.6874320489912,64.10697551418022,0,0,0,391,D_pmar=0.054_dist=100_repair_6_males=4_nmar=3,FG_theta_2.5,76,12,2.5,4,3
0.054,12,100,100,38.33312898544256,301.09645697293155,18.23127106153871,19,1.9000000000000008,0.4398148148148154,391,D_pmar=0.054_dist=100_repair_6_males=4_nmar=3,FG_theta_2.5,38,13,2.5,4,3
0.054,9,0,0,40.49666906050221,287.3409602316707,30.469235052168283,12,1.2,0.5876105627511635,392,D_pmar=0.054_dist=100_repair_6_males=4_nmar=3,FG_theta_2.5,60,13,2.5,4,3
0.054,10,0,100,37.89903416337559,271.3687362471594,48.935535552586394,14,1.4,0.4259259259259264,392,D_pmar=0.054_dist=100_repair_6_males=4_nmar=3,FG_theta_2.5,59,11,2.5,4,3
0,10,100,0,39.28965019040108,271.8124004046091,48.97884328690129,0,0,0,392,D_pmar=0.054_dist=100_repair_6_males=4_nmar=3,FG_theta_2.5,93,11,2.5,4,3
0.054,7,100,100,38.94364372227538,259.409078365353,60.86811806095266,5,0.5,0.4290233683255196,392,D_pmar=0.054_dist=100_repair_6_males=4_nmar=3,FG_theta_2.5,59,9,2.5,4,3
0.054,7,0,0,38.01043120260626,250.5578123834085,69.9984459489921,12,1.2,0.41718841838985266,393,D_pmar=0.054_dist=100_repair_6_males=4_nmar=3,FG_theta_2.5,75,13,2.5,4,3
0.054,10,0,100,37.12316073378538,284.89434825553155,36.55719948420008,10,1,0.5273689270621832,393,D_pmar=0.054_dist=100_repair_6_males=4_nmar=3,FG_theta_2.5,55,11,2.5,4,3
0.054,11,100,0,40.56236820004043,281.2308108127083,36.52084792847329,12,1.2,0.5459438960844968,393,D_pmar=0.054_dist=100_repair_6_males=4_nmar=3,FG_theta_2.5,58,12,2.5,4,3
0,8,100,100,39.3196563429578,259.80435576995336,61.06537538903386,0,0,0,393,D_pmar=0.054_dist=100_repair_6_males=4_nmar=3,FG_theta_2.5,83,13,2.5,4,3
0.054,11,0,0,38.80736814561087,301.35774565570546,18.698978020442244,8,0.7999999999999999,0.4953703703703712,394,D_pmar=0.054_dist=100_repair_6_males=4_nmar=3,FG_theta_2.5,59,13,2.5,4,3
0.054,9,0,100,38.41392576279017,277.67597157311417,42.87040135466232,6,0.6,0.4911262088920619,394,D_pmar=0.054_dist=100_repair_6_males=4_nmar=3,FG_theta_2.5,60,11,2.5,4,3
0.054,7,100,0,40.37263804509536,275.7715065080957,42.71348349954994,10,1,0.5120841345151228,394,D_pmar=0.054_dist=100_repair_6_males=4_nmar=3,FG_theta_2.5,72,9,2.5,4,3
0,9,100,100,38.75468880592127,283.99678009721293,37.29275487067349,0,0,0,394,D_pmar=0.054_dist=100_repair_6_males=4_nmar=3,FG_theta_2.5,95,11,2.5,4,3
0,5,0,0,38.060755367532856,224.4211481111254,97.61063013519042,0,0,0,395,D_pmar=0.054_dist=100_repair_6_males=4_nmar=3,FG_theta_2.5,111,9,2.5,4,3
0.054,10,0,100,37.89607676220738,283.2661958411448,36.8129657091965,16,1.6000000000000003,0.4861111111111119,395,D_pmar=0.054_dist=100_repair_6_males=4_nmar=3,FG_theta_2.5,70,14,2.5,4,3
0.054,12,100,0,41.34603847049144,275.6464999695043,42.38758189433415,5,0.5,0.4599784215709605,395,D_pmar=0.054_dist=100_repair_6_males=4_nmar=3,FG_theta_2.5,66,13,2.5,4,3
0.054,9,100,100,37.51840736693295,277.4708616987904,42.98007702822658,15,1.5000000000000002,0.6565897059762177,395,D_pmar=0.054_dist=100_repair_6_males=4_nmar=3,FG_theta_2.5,59,13,2.5,4,3
0.054,14,0,0,39.93156369966472,272.3456630728634,46.254339595293935,10,1,0.49813879512243886,396,D_pmar=0.054_dist=100_repair_6_males=4_nmar=3,FG_theta_2.5,76,16,2.5,4,3
0.054,7,0,100,41.4939483554681,244.6148811422534,72.9704015094426,5,0.5,0.4400075488904756,396,D_pmar=0.054_dist=100_repair_6_males=4_nmar=3,FG_theta_2.5,76,11,2.5,4,3
0,8,100,0,40.41332044310917,271.0458710901141,48.82302894900705,0,0,0,396,D_pmar=0.054_dist=100_repair_6_males=4_nmar=3,FG_theta_2.5,70,10,2.5,4,3
0.054,7,100,100,40.293904174384096,293.0216794313855,24.647379865825965,17,1.7000000000000004,0.44444444444444503,396,D_pmar=0.054_dist=100_repair_6_males=4_nmar=3,FG_theta_2.5,58,7,2.5,4,3
0.054,8,0,0,39.71046438157185,276.6030154494976,42.85245156505492,3,0.30000000000000004,0.582924482617739,397,D_pmar=0.054_dist=100_repair_6_males=4_nmar=3,FG_theta_2.5,71,9,2.5,4,3
0.054,9,0,100,38.10960226110697,295.5698110702815,24.76270216028253,10,1,0.5714185503295974,397,D_pmar=0.054_dist=100_repair_6_males=4_nmar=3,FG_theta_2.5,80,12,2.5,4,3
0.054,9,100,0,39.06705454158626,289.1006752375032,30.513481860730874,10,1,0.5753103115961062,397,D_pmar=0.054_dist=100_repair_6_males=4_nmar=3,FG_theta_2.5,66,10,2.5,4,3
0,10,100,100,39.78040137811483,277.4967541485329,42.78801915488314,0,0,0,397,D_pmar=0.054_dist=100_repair_6_males=4_nmar=3,FG_theta_2.5,104,13,2.5,4,3
0.054,8,0,0,41.0470948266452,281.3092603532755,36.5114870935482,8,0.7999999999999999,0.4117644698933073,398,D_pmar=0.054_dist=100_repair_6_males=4_nmar=3,FG_theta_2.5,48,11,2.5,4,3
0.054,9,0,100,41.11118225618874,287.3412391930588,30.304016945263232,7,0.7,0.5775569846249884,398,D_pmar=0.054_dist=100_repair_6_males=4_nmar=3,FG_theta_2.5,56,14,2.5,4,3
0.054,8,100,0,36.85463039430869,279.15175575405283,42.74924950134832,9,0.8999999999999999,0.3750000000000003,398,D_pmar=0.054_dist=100_repair_6_males=4_nmar=3,FG_theta_2.5,59,9,2.5,4,3
0,11,100,100,37.984445148503795,285.49439862031505,36.55276013434193,0,0,0,398,D_pmar=0.054_dist=100_repair_6_males=4_nmar=3,FG_theta_2.5,94,14,2.5,4,3
0.054,8,0,0,39.192341494074945,264.2338028544753,54.91019313513021,13,1.3,0.5104954967812911,399,D_pmar=0.054_dist=100_repair_6_males=4_nmar=3,FG_theta_2.5,55,12,2.5,4,3
0,10,0,100,41.80479802543796,222.3923350662246,95.92961193822744,0,0,0,399,D_pmar=0.054_dist=100_repair_6_males=4_nmar=3,FG_theta_2.5,90,14,2.5,4,3
0.054,12,100,0,37.88692397082526,246.6684660520301,73.7817824622195,14,1.4,0.4368302734228124,399,D_pmar=0.054_dist=100_repair_6_males=4_nmar=3,FG_theta_2.5,67,13,2.5,4,3
0.054,6,100,100,38.55227580770325,276.0242552783329,43.30108354825135,17,1.7000000000000004,0.4351851851851858,399,D_pmar=0.054_dist=100_repair_6_males=4_nmar=3,FG_theta_2.5,51,9,2.5,4,3
0,9,0,0,39.231872243120485,271.8223678615002,48.9561212016575,0,0,0,39,D_pmar=0.054_dist=100_repair_6_males=4_nmar=3,FG_theta_2.5,99,14,2.5,4,3
0.054,12,0,100,40.86577724245362,281.2685615370112,36.59764605807083,10,1,0.4684433619633042,39,D_pmar=0.054_dist=100_repair_6_males=4_nmar=3,FG_theta_2.5,78,12,2.5,4,3
0.054,7,100,0,38.56992315967005,289.7982386993168,30.44474830020506,7,0.7,0.5771715164736683,39,D_pmar=0.054_dist=100_repair_6_males=4_nmar=3,FG_theta_2.5,62,9,2.5,4,3
0.054,8,100,100,39.64046437784922,292.0870505856151,27.138086053261784,8,0.7999999999999999,0.5362991686739171,39,D_pmar=0.054_dist=100_repair_6_males=4_nmar=3,FG_theta_2.5,65,12,2.5,4,3
0.054,11,0,0,38.85791776860307,289.1770980471658,30.70908263169307,9,0.8999999999999999,0.537093487540833,400,D_pmar=0.054_dist=100_repair_6_males=4_nmar=3,FG_theta_2.5,63,14,2.5,4,3
0,10,0,100,38.63997269715494,278.80923535844323,42.70504484552602,0,0,0,400,D_pmar=0.054_dist=100_repair_6_males=4_nmar=3,FG_theta_2.5,103,12,2.5,4,3
0.054,10,100,0,39.988412138221754,282.06891696035626,36.52431799704861,10,1,0.49304386427341873,400,D_pmar=0.054_dist=100_repair_6_males=4_nmar=3,FG_theta_2.5,62,13,2.5,4,3
0.054,5,100,100,42.700640561437424,263.22510247655197,52.93918892920741,8,0.7999999999999999,0.477237320003173,400,D_pmar=0.054_dist=100_repair_6_males=4_nmar=3,FG_theta_2.5,57,7,2.5,4,3
0,11,0,0,38.73566693231781,240.6991827930955,80.7862328700675,0,0,0,401,D_pmar=0.054_dist=100_repair_6_males=4_nmar=3,FG_theta_2.5,86,14,2.5,4,3
0.054,8,0,100,38.930580080544814,283.0659296534914,36.37089284787005,13,1.3,0.5436407725518196,401,D_pmar=0.054_dist=100_repair_6_males=4_nmar=3,FG_theta_2.5,71,9,2.5,4,3
0.054,8,100,0,40.81757365147493,286.588404753125,31.309421866000708,9,0.8999999999999999,0.4259259259259264,401,D_pmar=0.054_dist=100_repair_6_males=4_nmar=3,FG_theta_2.5,75,9,2.5,4,3
0.054,9,100,100,38.53309124092287,289.7142235916406,30.324725538778083,9,0.8999999999999999,0.5559974742106718,401,D_pmar=0.054_dist=100_repair_6_males=4_nmar=3,FG_theta_2.5,59,11,2.5,4,3
0.054,9,0,0,39.440162108948584,288.51049149267817,31.227347817025635,6,0.6,0.4390769464516947,402,D_pmar=0.054_dist=100_repair_6_males=4_nmar=3,FG_theta_2.5,65,13,2.5,4,3
0,7,0,100,35.93229201277692,281.1155283678079,43.01744847591392,0,0,0,402,D_pmar=0.054_dist=100_repair_6_males=4_nmar=3,FG_theta_2.5,96,9,2.5,4,3
0.054,14,100,0,39.14046618092025,300.948076677761,18.343219591693707,10,1,0.6118820474137528,402,D_pmar=0.054_dist=100_repair_6_males=4_nmar=3,FG_theta_2.5,57,14,2.5,4,3
0.054,6,100,100,38.63875125283778,283.7386743922797,36.62773082765556,6,0.6,0.4305555555555561,402,D_pmar=0.054_dist=100_repair_6_males=4_nmar=3,FG_theta_2.5,61,9,2.5,4,3
0.054,16,0,0,39.914397931894214,294.1530179613403,24.48509522892912,9,0.8999999999999999,0.5987874773917797,403,D_pmar=0.054_dist=100_repair_6_males=4_nmar=3,FG_theta_2.5,64,19,2.5,4,3
0.054,5,0,100,39.470467441407905,288.82939867754135,30.366455016188436,9,0.8999999999999999,0.472278672726018,403,D_pmar=0.054_dist=100_repair_6_males=4_nmar=3,FG_theta_2.5,69,10,2.5,4,3
0.054,7,100,0,37.91990199928989,271.6790689959885,49.29541392294519,7,0.7,0.5161920124215671,403,D_pmar=0.054_dist=100_repair_6_males=4_nmar=3,FG_theta_2.5,59,9,2.5,4,3
0,8,100,100,40.664646491966046,270.57359171239233,48.93344611364673,0,0,0,403,D_pmar=0.054_dist=100_repair_6_males=4_nmar=3,FG_theta_2.5,97,11,2.5,4,3
0.054,10,0,0,40.378139352131335,293.71824820324935,24.596478787827465,9,0.8999999999999999,0.4992621316368801,404,D_pmar=0.054_dist=100_repair_6_males=4_nmar=3,FG_theta_2.5,72,14,2.5,4,3
0.054,6,0,100,39.951298692522805,294.1317897894112,24.60930819787288,8,0.7999999999999999,0.5644624146030154,404,D_pmar=0.054_dist=100_repair_6_males=4_nmar=3,FG_theta_2.5,61,6,2.5,4,3
0,8,100,0,37.604475080002565,279.8053927174177,42.62484823932125,0,0,0,404,D_pmar=0.054_dist=100_repair_6_males=4_nmar=3,FG_theta_2.5,90,9,2.5,4,3
0.054,12,100,100,37.08571933982782,281.0729875181168,41.10776125336046,5,0.5,0.44444444444444503,404,D_pmar=0.054_dist=100_repair_6_males=4_nmar=3,FG_theta_2.5,63,15,2.5,4,3
0.054,6,0,0,40.20024940703774,263.5577953756929,54.94159976410456,11,1.1,0.45370370370370433,405,D_pmar=0.054_dist=100_repair_6_males=4_nmar=3,FG_theta_2.5,76,12,2.5,4,3
0,8,0,100,39.84483302890766,273.9193084284347,46.26388865530422,0,0,0,405,D_pmar=0.054_dist=100_repair_6_males=4_nmar=3,FG_theta_2.5,93,9,2.5,4,3
0.054,9,100,0,39.18439128200373,264.7550807917136,54.92220234912493,6,0.6,0.5493937386958904,405,D_pmar=0.054_dist=100_repair_6_males=4_nmar=3,FG_theta_2.5,83,13,2.5,4,3
0.054,13,100,100,39.17375645202144,288.43419388067053,30.541279392676437,14,1.4,0.5837188014846548,405,D_pmar=0.054_dist=100_repair_6_males=4_nmar=3,FG_theta_2.5,63,15,2.5,4,3
0.054,10,0,0,41.47396277875602,262.94248464520984,54.84707021283267,5,0.5,0.46652570658194725,406,D_pmar=0.054_dist=100_repair_6_males=4_nmar=3,FG_theta_2.5,74,12,2.5,4,3
0.054,6,0,100,38.00847311300977,290.11851951593195,30.58951346479115,10,1,0.3750000000000003,406,D_pmar=0.054_dist=100_repair_6_males=4_nmar=3,FG_theta_2.5,67,10,2.5,4,3
0.054,11,100,0,40.638923571990674,293.35384554180985,24.70121222788793,8,0.7999999999999999,0.5556120060593517,406,D_pmar=0.054_dist=100_repair_6_males=4_nmar=3,FG_theta_2.5,55,13,2.5,4,3
0,9,100,100,40.67064222211287,289.05241939741074,30.498430329006272,0,0,0,406,D_pmar=0.054_dist=100_repair_6_males=4_nmar=3,FG_theta_2.5,83,12,2.5,4,3
0.054,8,0,0,39.2179497119816,252.70450943384157,67.24372817001608,7,0.7,0.40740740740740783,407,D_pmar=0.054_dist=100_repair_6_males=4_nmar=3,FG_theta_2.5,73,11,2.5,4,3
0.054,12,0,100,37.7575513894421,295.98165970819167,24.32640022656708,14,1.4,0.6912437864125075,407,D_pmar=0.054_dist=100_repair_6_males=4_nmar=3,FG_theta_2.5,57,13,2.5,4,3
0,9,100,0,39.796208930905706,259.74478847585976,60.60097295831021,0,0,0,407,D_pmar=0.054_dist=100_repair_6_males=4_nmar=3,FG_theta_2.5,89,11,2.5,4,3
0.054,7,100,100,38.852370493338675,276.4984311152885,43.126922842633654,12,1.2,0.45806076618960384,407,D_pmar=0.054_dist=100_repair_6_males=4_nmar=3,FG_theta_2.5,75,8,2.5,4,3
0.054,6,0,0,37.07687335070811,273.3125952839982,48.85861970666648,4,0.4,0.4460895326820717,408,D_pmar=0.054_dist=100_repair_6_males=4_nmar=3,FG_theta_2.5,73,9,2.5,4,3
0.054,13,0,100,36.71721210364034,291.08878453399524,30.32786747675225,14,1.4,0.5374225051883583,408,D_pmar=0.054_dist=100_repair_6_males=4_nmar=3,FG_theta_2.5,66,15,2.5,4,3
0.054,8,100,0,39.43486176536519,282.7092983496798,36.75722204660398,6,0.6,0.5340524956450349,408,D_pmar=0.054_dist=100_repair_6_males=4_nmar=3,FG_theta_2.5,69,11,2.5,4,3
0,9,100,100,38.68019831267914,290.7154557955201,30.722783339720117,0,0,0,408,D_pmar=0.054_dist=100_repair_6_males=4_nmar=3,FG_theta_2.5,85,11,2.5,4,3
0.054,7,0,0,39.48147341805821,282.5741298137258,36.69775075433293,9,0.8999999999999999,0.5385458417027995,409,D_pmar=0.054_dist=100_repair_6_males=4_nmar=3,FG_theta_2.5,66,9,2.5,4,3
0.054,10,0,100,38.743875822497394,295.1554731099091,24.389260460153217,12,1.2,0.5798834907219409,409,D_pmar=0.054_dist=100_repair_6_males=4_nmar=3,FG_theta_2.5,60,13,2.5,4,3
0.054,7,100,0,39.86923327704112,282.76216687512857,36.64611485470055,4,0.4,0.3703703703703706,409,D_pmar=0.054_dist=100_repair_6_males=4_nmar=3,FG_theta_2.5,63,11,2.5,4,3
0,12,100,100,39.59076023967512,265.52300841067256,54.889242437176094,0,0,0,409,D_pmar=0.054_dist=100_repair_6_males=4_nmar=3,FG_theta_2.5,104,14,2.5,4,3
0.054,8,0,0,38.722312906057354,307.5057889374462,12.245392787572502,11,1.1,0.5008507693707115,40,D_pmar=0.054_dist=100_repair_6_males=4_nmar=3,FG_theta_2.5,61,8,2.5,4,3
0,12,0,100,39.30488417444499,277.9843901009913,42.84613568162996,0,0,0,40,D_pmar=0.054_dist=100_repair_6_males=4_nmar=3,FG_theta_2.5,90,12,2.5,4,3
0.054,9,100,0,39.38764408308346,271.2288827948979,48.5071878285087,5,0.5,0.4668547242294725,40,D_pmar=0.054_dist=100_repair_6_males=4_nmar=3,FG_theta_2.5,53,10,2.5,4,3
0.054,7,100,100,37.95480270243971,271.82762158674336,48.87395690820769,9,0.8999999999999999,0.48041459547083615,40,D_pmar=0.054_dist=100_repair_6_males=4_nmar=3,FG_theta_2.5,74,7,2.5,4,3
0.054,6,0,0,40.36316518587747,261.7853773949516,56.60027105656019,9,0.8999999999999999,0.472222222222223,410,D_pmar=0.054_dist=100_repair_6_males=4_nmar=3,FG_theta_2.5,79,8,2.5,4,3
0,10,0,100,39.59353990465173,295.7863160493608,24.82915326944713,0,0,0,410,D_pmar=0.054_dist=100_repair_6_males=4_nmar=3,FG_theta_2.5,75,12,2.5,4,3
0.054,12,100,0,40.15502209285213,281.2723815977733,36.51472334665188,15,1.5000000000000002,0.5652002829661362,410,D_pmar=0.054_dist=100_repair_6_males=4_nmar=3,FG_theta_2.5,80,12,2.5,4,3
0.054,8,100,100,37.911526646434055,266.73005739172726,54.53862398325841,5,0.5,0.4801420283271058,410,D_pmar=0.054_dist=100_repair_6_males=4_nmar=3,FG_theta_2.5,59,11,2.5,4,3
0.054,12,0,0,38.74418144153746,307.3935321536923,12.15866183401343,11,1.1,0.6118820474137528,411,D_pmar=0.054_dist=100_repair_6_males=4_nmar=3,FG_theta_2.5,51,13,2.5,4,3
0.054,10,0,100,39.5856595591013,282.423907999814,36.92763904393026,7,0.7,0.47770262122256335,411,D_pmar=0.054_dist=100_repair_6_males=4_nmar=3,FG_theta_2.5,66,12,2.5,4,3
0.054,8,100,0,40.37190526700313,269.41791603238687,49.09124900282863,8,0.7999999999999999,0.3747274328562702,411,D_pmar=0.054_dist=100_repair_6_males=4_nmar=3,FG_theta_2.5,63,14,2.5,4,3
0,6,100,100,39.38356705589904,260.0087440771043,60.9324195888419,0,0,0,411,D_pmar=0.054_dist=100_repair_6_males=4_nmar=3,FG_theta_2.5,87,9,2.5,4,3
0.054,9,0,0,38.80148059535801,265.08242569883276,55.07682769550945,6,0.6,0.5027684247520685,412,D_pmar=0.054_dist=100_repair_6_males=4_nmar=3,FG_theta_2.5,75,13,2.5,4,3
0.054,12,0,100,37.654687333551145,278.1277788380289,42.47622918474389,12,1.2,0.5474760833145335,412,D_pmar=0.054_dist=100_repair_6_males=4_nmar=3,FG_theta_2.5,69,12,2.5,4,3
0,8,100,0,38.53548251526494,284.9281597508097,36.801340817594806,0,0,0,412,D_pmar=0.054_dist=100_repair_6_males=4_nmar=3,FG_theta_2.5,86,11,2.5,4,3
0.054,7,100,100,37.755535344145216,274.6331033421013,45.97953629551711,12,1.2,0.472222222222223,412,D_pmar=0.054_dist=100_repair_6_males=4_nmar=3,FG_theta_2.5,74,11,2.5,4,3
0,8,0,0,39.14225511355678,265.9238201804461,55.13386890429246,0,0,0,413,D_pmar=0.054_dist=100_repair_6_males=4_nmar=3,FG_theta_2.5,97,12,2.5,4,3
0.054,7,0,100,40.49892675982731,281.5667341894245,36.55225311738822,11,1.1,0.47545594819368114,413,D_pmar=0.054_dist=100_repair_6_males=4_nmar=3,FG_theta_2.5,61,9,2.5,4,3
0.054,13,100,0,36.986941011061184,306.3266062711882,15.401050736405317,9,0.8999999999999999,0.4953703703703712,413,D_pmar=0.054_dist=100_repair_6_males=4_nmar=3,FG_theta_2.5,57,14,2.5,4,3
0.054,8,100,100,39.33936706160281,276.92622216236543,42.79659979912432,5,0.5,0.45984213799909546,413,D_pmar=0.054_dist=100_repair_6_males=4_nmar=3,FG_theta_2.5,70,12,2.5,4,3
0.054,6,0,0,40.0482277112457,294.52112995830555,24.382720346350983,6,0.6,0.4788259577370045,414,D_pmar=0.054_dist=100_repair_6_males=4_nmar=3,FG_theta_2.5,62,8,2.5,4,3
0,7,0,100,37.482404311681904,273.39748054928106,49.30154026484382,0,0,0,414,D_pmar=0.054_dist=100_repair_6_males=4_nmar=3,FG_theta_2.5,96,8,2.5,4,3
0.054,9,100,0,38.758362708575966,277.32040501783615,42.76948291493269,8,0.7999999999999999,0.4351851851851858,414,D_pmar=0.054_dist=100_repair_6_males=4_nmar=3,FG_theta_2.5,73,12,2.5,4,3
0.054,14,100,100,37.47301583726967,309.10458036033407,12.187056351089794,7,0.7,0.618100314777214,414,D_pmar=0.054_dist=100_repair_6_males=4_nmar=3,FG_theta_2.5,61,16,2.5,4,3
0.054,13,0,0,39.737108425967286,288.3784042904075,30.51352896727349,9,0.8999999999999999,0.4973444762555231,415,D_pmar=0.054_dist=100_repair_6_males=4_nmar=3,FG_theta_2.5,53,15,2.5,4,3
0,6,0,100,39.45429176558907,265.6794441106228,55.14548286091,0,0,0,415,D_pmar=0.054_dist=100_repair_6_males=4_nmar=3,FG_theta_2.5,101,7,2.5,4,3
0.054,11,100,0,37.88861017205631,277.71491552365546,43.225148361168536,9,0.8999999999999999,0.486167561614907,415,D_pmar=0.054_dist=100_repair_6_males=4_nmar=3,FG_theta_2.5,54,13,2.5,4,3
0.054,6,100,100,39.93502382663474,276.13977395191546,42.65743179709883,10,1,0.43299496266009846,415,D_pmar=0.054_dist=100_repair_6_males=4_nmar=3,FG_theta_2.5,64,13,2.5,4,3
0.054,11,0,0,40.003708809142815,263.10679768695144,55.33924800921756,13,1.3,0.4629629629629636,416,D_pmar=0.054_dist=100_repair_6_males=4_nmar=3,FG_theta_2.5,69,14,2.5,4,3
0.054,3,0,100,39.99001927726029,300.2796612524354,18.118109156481687,13,1.3,0.5493937386958903,416,D_pmar=0.054_dist=100_repair_6_males=4_nmar=3,FG_theta_2.5,61,5,2.5,4,3
0.054,9,100,0,39.68841577887975,277.8301905094524,41.77066150358198,4,0.4,0.5120841345151228,416,D_pmar=0.054_dist=100_repair_6_males=4_nmar=3,FG_theta_2.5,62,14,2.5,4,3
0,13,100,100,39.82629304336859,253.159954630574,67.04436034004713,0,0,0,416,D_pmar=0.054_dist=100_repair_6_males=4_nmar=3,FG_theta_2.5,100,15,2.5,4,3
0.054,11,0,0,39.10194165868951,276.8239993797341,42.61258752857875,11,1.1,0.5385458417027993,417,D_pmar=0.054_dist=100_repair_6_males=4_nmar=3,FG_theta_2.5,75,15,2.5,4,3
0,7,0,100,39.07095545915995,272.32331013713446,48.69199486950661,0,0,0,417,D_pmar=0.054_dist=100_repair_6_males=4_nmar=3,FG_theta_2.5,90,14,2.5,4,3
0.054,7,100,0,41.43238384552632,281.43297702150335,36.39336984710359,4,0.4,0.4082581767781187,417,D_pmar=0.054_dist=100_repair_6_males=4_nmar=3,FG_theta_2.5,58,7,2.5,4,3
0.054,11,100,100,38.56056972266474,282.71615044688826,36.904197228741786,12,1.2,0.636947850943258,417,D_pmar=0.054_dist=100_repair_6_males=4_nmar=3,FG_theta_2.5,64,13,2.5,4,3
0.054,9,0,0,39.21898853046649,270.5388723005736,49.0568688485919,7,0.7,0.6072524177841232,418,D_pmar=0.054_dist=100_repair_6_males=4_nmar=3,FG_theta_2.5,68,13,2.5,4,3
0.054,13,0,100,40.22092227648455,299.9399576214825,18.519258268338753,9,0.8999999999999999,0.49074074074074153,418,D_pmar=0.054_dist=100_repair_6_males=4_nmar=3,FG_theta_2.5,64,14,2.5,4,3
0.054,7,100,0,41.10053799369577,275.89286478700916,41.731145644778046,10,1,0.4382826275847787,418,D_pmar=0.054_dist=100_repair_6_males=4_nmar=3,FG_theta_2.5,67,12,2.5,4,3
0,7,100,100,40.523616842458864,270.68215331978644,48.932676243493,0,0,0,418,D_pmar=0.054_dist=100_repair_6_males=4_nmar=3,FG_theta_2.5,91,10,2.5,4,3
0,11,0,0,39.867933458069515,259.4813629816794,60.80380931091398,0,0,0,419,D_pmar=0.054_dist=100_repair_6_males=4_nmar=3,FG_theta_2.5,90,15,2.5,4,3
0.054,12,0,100,39.012732297252604,289.3340390628833,30.438479132292052,8,0.7999999999999999,0.4398148148148154,419,D_pmar=0.054_dist=100_repair_6_males=4_nmar=3,FG_theta_2.5,57,17,2.5,4,3
0.054,3,100,0,39.675742325752466,280.5352283894582,38.655640872559,8,0.7999999999999999,0.3860970815725466,419,D_pmar=0.054_dist=100_repair_6_males=4_nmar=3,FG_theta_2.5,56,4,2.5,4,3
0.054,10,100,100,37.73970589376083,289.913186755085,30.760778942106047,11,1.1,0.5169863312884829,419,D_pmar=0.054_dist=100_repair_6_males=4_nmar=3,FG_theta_2.5,56,11,2.5,4,3
0.054,10,0,0,39.250910467157766,289.09389920305847,30.398540555104333,10,1,0.4564721284557721,41,D_pmar=0.054_dist=100_repair_6_males=4_nmar=3,FG_theta_2.5,59,12,2.5,4,3
0,5,0,100,41.297376296414235,251.60210535141496,67.15364418339311,0,0,0,41,D_pmar=0.054_dist=100_repair_6_males=4_nmar=3,FG_theta_2.5,93,7,2.5,4,3
0.054,11,100,0,38.89122876440121,277.67981517695614,42.458080254912176,6,0.6,0.4167231171704622,41,D_pmar=0.054_dist=100_repair_6_males=4_nmar=3,FG_theta_2.5,53,13,2.5,4,3
0.054,10,100,100,39.390514452013875,277.39327884107337,41.37852833367972,14,1.4,0.47069003499218653,41,D_pmar=0.054_dist=100_repair_6_males=4_nmar=3,FG_theta_2.5,48,10,2.5,4,3
0.054,11,0,0,38.50782017696275,290.1942101511103,30.3047423135911,6,0.6,0.5297518836629306,420,D_pmar=0.054_dist=100_repair_6_males=4_nmar=3,FG_theta_2.5,71,13,2.5,4,3
0.054,6,0,100,41.42662023398684,294.91256021057,22.32124493512185,7,0.7,0.6607540343864567,420,D_pmar=0.054_dist=100_repair_6_males=4_nmar=3,FG_theta_2.5,56,9,2.5,4,3
0.054,8,100,0,38.17590350579027,287.67460869534784,33.05436030088904,8,0.7999999999999999,0.44444444444444503,420,D_pmar=0.054_dist=100_repair_6_males=4_nmar=3,FG_theta_2.5,74,11,2.5,4,3
0,11,100,100,40.02577021020975,283.5459688561385,36.7802069236612,0,0,0,420,D_pmar=0.054_dist=100_repair_6_males=4_nmar=3,FG_theta_2.5,107,13,2.5,4,3
0.054,9,0,0,38.60047268305662,307.8987735590138,12.242721816562652,8,0.7999999999999999,0.49271484662589343,421,D_pmar=0.054_dist=100_repair_6_males=4_nmar=3,FG_theta_2.5,57,9,2.5,4,3
0.054,7,0,100,38.17677256875794,284.56147816676537,36.41946929146296,5,0.5,0.3425925925925927,421,D_pmar=0.054_dist=100_repair_6_males=4_nmar=3,FG_theta_2.5,62,11,2.5,4,3
0.054,13,100,0,36.87065000939776,291.82868136034915,30.621230260847152,3,0.30000000000000004,0.5232610491557391,421,D_pmar=0.054_dist=100_repair_6_males=4_nmar=3,FG_theta_2.5,54,13,2.5,4,3
0,7,100,100,38.538482113413195,303.58497016469556,18.042860024039285,0,0,0,421,D_pmar=0.054_dist=100_repair_6_males=4_nmar=3,FG_theta_2.5,84,9,2.5,4,3
0,8,0,0,39.186178443774615,278.0434832538297,42.78925180422176,0,0,0,422,D_pmar=0.054_dist=100_repair_6_males=4_nmar=3,FG_theta_2.5,79,11,2.5,4,3
0.054,12,0,100,38.8166015497528,264.4139039972911,55.40529531706655,10,1,0.4861111111111119,422,D_pmar=0.054_dist=100_repair_6_males=4_nmar=3,FG_theta_2.5,56,16,2.5,4,3
0.054,9,100,0,38.91616770772027,247.0402962628997,72.92989050725038,8,0.7999999999999999,0.3311431108082463,422,D_pmar=0.054_dist=100_repair_6_males=4_nmar=3,FG_theta_2.5,75,12,2.5,4,3
0.054,7,100,100,38.946897048633765,299.8260943648308,19.403080057750973,14,1.4,0.5529564823148738,422,D_pmar=0.054_dist=100_repair_6_males=4_nmar=3,FG_theta_2.5,52,10,2.5,4,3
0,7,0,0,38.986327714114495,278.46922818875504,42.72826878046492,0,0,0,423,D_pmar=0.054_dist=100_repair_6_males=4_nmar=3,FG_theta_2.5,87,8,2.5,4,3
0.054,8,0,100,40.47596338284162,312.4293991102943,6.033996325150621,7,0.7,0.5398054617891058,423,D_pmar=0.054_dist=100_repair_6_males=4_nmar=3,FG_theta_2.5,58,9,2.5,4,3
0.054,13,100,0,37.19395394399045,273.49462565218874,48.49995028748432,5,0.5,0.4630194134667587,423,D_pmar=0.054_dist=100_repair_6_males=4_nmar=3,FG_theta_2.5,73,15,2.5,4,3
0.054,8,100,100,40.298962391789345,300.28281859351637,18.273491264875883,7,0.7,0.4629629629629636,423,D_pmar=0.054_dist=100_repair_6_males=4_nmar=3,FG_theta_2.5,75,9,2.5,4,3
0.054,6,0,0,39.51830983901873,301.2011324863595,18.21899496519748,7,0.7,0.5000000000000008,424,D_pmar=0.054_dist=100_repair_6_males=4_nmar=3,FG_theta_2.5,82,8,2.5,4,3
0.054,11,0,100,40.11293073326598,282.20124111576763,36.63361114520191,6,0.6,0.5760481799592271,424,D_pmar=0.054_dist=100_repair_6_males=4_nmar=3,FG_theta_2.5,81,15,2.5,4,3
0,10,100,0,37.7641819719167,276.6920887193494,45.63290363897951,0,0,0,424,D_pmar=0.054_dist=100_repair_6_males=4_nmar=3,FG_theta_2.5,105,12,2.5,4,3
0.054,9,100,100,39.998933599854944,282.08848558885944,36.35252503087646,10,1,0.6331125401805442,424,D_pmar=0.054_dist=100_repair_6_males=4_nmar=3,FG_theta_2.5,61,10,2.5,4,3
0,12,0,0,40.3257106365204,258.56120431542314,61.133443038943796,0,0,0,425,D_pmar=0.054_dist=100_repair_6_males=4_nmar=3,FG_theta_2.5,87,17,2.5,4,3
0.054,12,0,100,38.49343443373611,258.6296570861057,61.284482884076226,12,1.2,0.47915497538452995,425,D_pmar=0.054_dist=100_repair_6_males=4_nmar=3,FG_theta_2.5,71,16,2.5,4,3
0.054,5,100,0,39.64560309402362,300.2593384707015,18.572428917013877,12,1.2,0.5123567016588532,425,D_pmar=0.054_dist=100_repair_6_males=4_nmar=3,FG_theta_2.5,59,7,2.5,4,3
0.054,7,100,100,39.78263959117555,277.0127551403704,42.27772136539612,6,0.6,0.57914562235882,425,D_pmar=0.054_dist=100_repair_6_males=4_nmar=3,FG_theta_2.5,68,10,2.5,4,3
0.054,12,0,0,40.42071301784775,287.68980100154477,30.552361467777555,10,1,0.5327928755587288,426,D_pmar=0.054_dist=100_repair_6_males=4_nmar=3,FG_theta_2.5,54,14,2.5,4,3
0.054,4,0,100,42.04381268536529,267.63778435683054,49.14257156703211,7,0.7,0.4954832713779612,426,D_pmar=0.054_dist=100_repair_6_males=4_nmar=3,FG_theta_2.5,66,6,2.5,4,3
0.054,9,100,0,35.79197815576028,279.93560244352994,42.812850473135406,10,1,0.4629629629629636,426,D_pmar=0.054_dist=100_repair_6_males=4_nmar=3,FG_theta_2.5,63,17,2.5,4,3
0,11,100,100,38.7861722047228,278.6684113787422,42.74099405794184,0,0,0,426,D_pmar=0.054_dist=100_repair_6_males=4_nmar=3,FG_theta_2.5,101,15,2.5,4,3
0.054,13,0,0,39.243187642026015,276.7358609481336,42.59945381849717,10,1,0.5944868654096753,427,D_pmar=0.054_dist=100_repair_6_males=4_nmar=3,FG_theta_2.5,63,13,2.5,4,3
0.054,5,0,100,39.19995358019078,283.08160695220727,36.57723861084336,8,0.7999999999999999,0.44444444444444503,427,D_pmar=0.054_dist=100_repair_6_males=4_nmar=3,FG_theta_2.5,54,7,2.5,4,3
0.054,7,100,0,40.473678616981445,300.2201760604965,18.24422622276261,8,0.7999999999999999,0.44641855032959704,427,D_pmar=0.054_dist=100_repair_6_males=4_nmar=3,FG_theta_2.5,53,9,2.5,4,3
0,11,100,100,40.26317650161106,258.91209555082116,60.88628041280048,0,0,0,427,D_pmar=0.054_dist=100_repair_6_males=4_nmar=3,FG_theta_2.5,109,13,2.5,4,3
0.054,11,0,0,37.27220813094434,282.7601843824587,38.86974876017954,6,0.6,0.5375587887602234,428,D_pmar=0.054_dist=100_repair_6_males=4_nmar=3,FG_theta_2.5,78,12,2.5,4,3
0.054,12,0,100,40.486645290538085,275.4953886507209,42.529727292047205,10,1,0.49074074074074153,428,D_pmar=0.054_dist=100_repair_6_males=4_nmar=3,FG_theta_2.5,93,15,2.5,4,3
0,6,100,0,39.48235320611542,284.1516988631969,36.39366505669547,0,0,0,428,D_pmar=0.054_dist=100_repair_6_males=4_nmar=3,FG_theta_2.5,85,9,2.5,4,3
0.054,7,100,100,41.16023682440286,280.97241067926956,36.36022570089038,10,1,0.6022373200031733,428,D_pmar=0.054_dist=100_repair_6_males=4_nmar=3,FG_theta_2.5,73,10,2.5,4,3
0.054,8,0,0,40.929522239471275,274.34762516345273,42.91875077006176,14,1.4,0.4861111111111119,429,D_pmar=0.054_dist=100_repair_6_males=4_nmar=3,FG_theta_2.5,60,14,2.5,4,3
0.054,9,0,100,38.69171772247996,277.5062464903623,42.55955285350634,8,0.7999999999999999,0.5393966110735101,429,D_pmar=0.054_dist=100_repair_6_males=4_nmar=3,FG_theta_2.5,66,12,2.5,4,3
0.054,13,100,0,38.88938965364183,276.7290504433182,42.74904172038973,13,1.3,0.5003854681513211,429,D_pmar=0.054_dist=100_repair_6_males=4_nmar=3,FG_theta_2.5,65,16,2.5,4,3
0,6,100,100,37.663881217250605,241.18330634107767,81.25672343276285,0,0,0,429,D_pmar=0.054_dist=100_repair_6_males=4_nmar=3,FG_theta_2.5,98,9,2.5,4,3
0,5,0,0,37.61926605874945,249.1064488975126,73.27744784642402,0,0,0,42,D_pmar=0.054_dist=100_repair_6_males=4_nmar=3,FG_theta_2.5,98,9,2.5,4,3
0.054,11,0,100,38.29412103449408,308.1355733824097,12.11721635182926,11,1.1,0.551311394077247,42,D_pmar=0.054_dist=100_repair_6_males=4_nmar=3,FG_theta_2.5,74,12,2.5,4,3
0.054,10,100,0,39.92598884832708,300.32652369007917,18.38751150786586,8,0.7999999999999999,0.6384002051052244,42,D_pmar=0.054_dist=100_repair_6_males=4_nmar=3,FG_theta_2.5,57,14,2.5,4,3
0.054,10,100,100,37.74847230277393,266.2107400977602,55.03879213377873,7,0.7,0.4468838515489876,42,D_pmar=0.054_dist=100_repair_6_males=4_nmar=3,FG_theta_2.5,69,15,2.5,4,3
0,9,0,0,40.54302143942684,252.43692101422025,67.07442765801932,0,0,0,430,D_pmar=0.054_dist=100_repair_6_males=4_nmar=3,FG_theta_2.5,97,16,2.5,4,3
0.054,9,0,100,40.11877759520395,275.1353761135107,43.13945304112553,12,1.2,0.5532290494586042,430,D_pmar=0.054_dist=100_repair_6_males=4_nmar=3,FG_theta_2.5,68,12,2.5,4,3
0.054,7,100,0,38.71960806661948,289.1317732602342,30.534085254457747,12,1.2,0.472222222222223,430,D_pmar=0.054_dist=100_repair_6_males=4_nmar=3,FG_theta_2.5,63,10,2.5,4,3
0.054,11,100,100,40.86940669566476,256.9906019766634,61.00846556044383,9,0.8999999999999999,0.4927148466258934,430,D_pmar=0.054_dist=100_repair_6_males=4_nmar=3,FG_theta_2.5,73,11,2.5,4,3
0.054,8,0,0,37.697181767541785,260.8647848046157,60.477564664822815,5,0.5,0.47419632810737494,431,D_pmar=0.054_dist=100_repair_6_males=4_nmar=3,FG_theta_2.5,75,10,2.5,4,3
0,11,0,100,39.248555195654085,300.82888524374226,19.944223613836805,0,0,0,431,D_pmar=0.054_dist=100_repair_6_males=4_nmar=3,FG_theta_2.5,97,13,2.5,4,3
0.054,11,100,0,39.70756612639614,294.48412456032383,24.63023569420419,8,0.7999999999999999,0.4515134811786171,431,D_pmar=0.054_dist=100_repair_6_males=4_nmar=3,FG_theta_2.5,70,13,2.5,4,3
0.054,6,100,100,38.279943319990096,308.29639741920016,12.128452705633624,7,0.7,0.6969967525565782,431,D_pmar=0.054_dist=100_repair_6_males=4_nmar=3,FG_theta_2.5,53,7,2.5,4,3
0,9,0,0,40.29806789368939,277.043045445853,42.6811336967815,0,0,0,432,D_pmar=0.054_dist=100_repair_6_males=4_nmar=3,FG_theta_2.5,85,11,2.5,4,3
0.054,10,0,100,42.02396359845773,274.12724046389445,42.97513184253264,6,0.6,0.40905249564503454,432,D_pmar=0.054_dist=100_repair_6_males=4_nmar=3,FG_theta_2.5,66,12,2.5,4,3
0.054,11,100,0,40.874985960343686,299.4528563337849,18.94570023529229,4,0.4,0.4741963281073748,432,D_pmar=0.054_dist=100_repair_6_males=4_nmar=3,FG_theta_2.5,55,13,2.5,4,3
0.054,6,100,100,37.560308301937674,283.74928364687236,36.91497716770909,14,1.4,0.519233004317365,432,D_pmar=0.054_dist=100_repair_6_males=4_nmar=3,FG_theta_2.5,58,9,2.5,4,3
0.054,8,0,0,40.1800734985089,288.2971283805889,30.493493664792055,6,0.6,0.5567917930775876,433,D_pmar=0.054_dist=100_repair_6_males=4_nmar=3,FG_theta_2.5,57,9,2.5,4,3
0,9,0,100,38.92124946278768,259.7223365892147,61.417017334238125,0,0,0,433,D_pmar=0.054_dist=100_repair_6_males=4_nmar=3,FG_theta_2.5,112,13,2.5,4,3
0.054,8,100,0,38.829759413471805,295.4073762456612,24.476583630968225,9,0.8999999999999999,0.4675925925925933,433,D_pmar=0.054_dist=100_repair_6_males=4_nmar=3,FG_theta_2.5,64,12,2.5,4,3
0.054,11,100,100,40.14362478324537,287.98669517745356,30.45802214716991,9,0.8999999999999999,0.5142743570402102,433,D_pmar=0.054_dist=100_repair_6_males=4_nmar=3,FG_theta_2.5,60,12,2.5,4,3
0,7,0,0,41.74998621847565,243.80769984696263,74.46700124025918,0,0,0,434,D_pmar=0.054_dist=100_repair_6_males=4_nmar=3,FG_theta_2.5,102,9,2.5,4,3
0.054,7,0,100,36.940624612803795,272.4603930145255,48.85167046573858,12,1.2,0.5616939898509477,434,D_pmar=0.054_dist=100_repair_6_males=4_nmar=3,FG_theta_2.5,55,9,2.5,4,3
0.054,9,100,0,38.71251274832812,276.72429602507924,42.80869122746692,13,1.3,0.45567780958885623,434,D_pmar=0.054_dist=100_repair_6_males=4_nmar=3,FG_theta_2.5,63,10,2.5,4,3
0.054,13,100,100,38.62453007066317,302.12066311976184,18.372987322807777,6,0.6,0.4521715164736679,434,D_pmar=0.054_dist=100_repair_6_males=4_nmar=3,FG_theta_2.5,56,16,2.5,4,3
0.054,9,0,0,40.21782621357329,275.67373314434104,42.644535520081675,9,0.8999999999999999,0.5914458735138775,435,D_pmar=0.054_dist=100_repair_6_males=4_nmar=3,FG_theta_2.5,55,11,2.5,4,3
0.054,11,0,100,40.54568020912258,287.79196798595507,30.306935705874267,9,0.8999999999999999,0.5463527468000923,435,D_pmar=0.054_dist=100_repair_6_males=4_nmar=3,FG_theta_2.5,68,13,2.5,4,3
0.054,5,100,0,39.902860118111555,276.3500734734558,42.48463302612254,8,0.7999999999999999,0.5035627436189845,435,D_pmar=0.054_dist=100_repair_6_males=4_nmar=3,FG_theta_2.5,69,10,2.5,4,3
0,11,100,100,38.54721057077646,284.88149130268835,36.58846080398163,0,0,0,435,D_pmar=0.054_dist=100_repair_6_males=4_nmar=3,FG_theta_2.5,112,12,2.5,4,3
0,7,0,0,41.425000723371326,263.95833986585546,54.73480667673883,0,0,0,436,D_pmar=0.054_dist=100_repair_6_males=4_nmar=3,FG_theta_2.5,81,10,2.5,4,3
0.054,9,0,100,39.056841448362086,289.0034856009273,30.462817642617367,13,1.3,0.37962962962962993,436,D_pmar=0.054_dist=100_repair_6_males=4_nmar=3,FG_theta_2.5,65,10,2.5,4,3
0.054,7,100,0,38.15819311937561,277.8658513507331,43.013027732649014,5,0.5,0.46658215708574213,436,D_pmar=0.054_dist=100_repair_6_males=4_nmar=3,FG_theta_2.5,61,14,2.5,4,3
0.054,13,100,100,38.78900042366344,295.6086584712265,24.42975347477503,7,0.7,0.5597763344695907,436,D_pmar=0.054_dist=100_repair_6_males=4_nmar=3,FG_theta_2.5,59,15,2.5,4,3
0.054,9,0,0,40.60475873655344,275.4178883306222,42.87195971475408,8,0.7999999999999999,0.4027777777777782,437,D_pmar=0.054_dist=100_repair_6_males=4_nmar=3,FG_theta_2.5,77,12,2.5,4,3
0,9,0,100,37.65958667055412,285.7829740704988,36.725838972913735,0,0,0,437,D_pmar=0.054_dist=100_repair_6_males=4_nmar=3,FG_theta_2.5,96,11,2.5,4,3
0.054,8,100,0,38.19605364802828,290.63967120089717,30.34648779666613,4,0.4,0.5548176871924358,437,D_pmar=0.054_dist=100_repair_6_males=4_nmar=3,FG_theta_2.5,67,9,2.5,4,3
0.054,10,100,100,40.351704701188126,293.5504864042691,24.774826113147757,10,1,0.574981293948581,437,D_pmar=0.054_dist=100_repair_6_males=4_nmar=3,FG_theta_2.5,55,13,2.5,4,3
0.054,9,0,0,38.382745129988884,283.68618875260364,36.60267152541003,8,0.7999999999999999,0.5497227563434157,438,D_pmar=0.054_dist=100_repair_6_males=4_nmar=3,FG_theta_2.5,62,10,2.5,4,3
0,9,0,100,41.17134784159935,258.0059629745482,60.92831339633042,0,0,0,438,D_pmar=0.054_dist=100_repair_6_males=4_nmar=3,FG_theta_2.5,116,13,2.5,4,3
0.054,8,100,0,40.48081170042185,305.9417014689671,12.19297048157368,9,0.8999999999999999,0.5212869432705872,438,D_pmar=0.054_dist=100_repair_6_males=4_nmar=3,FG_theta_2.5,56,13,2.5,4,3
0.054,10,100,100,38.64370963450751,289.7621355764528,30.50690038500959,6,0.6,0.5499154904190757,438,D_pmar=0.054_dist=100_repair_6_males=4_nmar=3,FG_theta_2.5,66,13,2.5,4,3
0.054,9,0,0,40.55396602322991,251.0956787585604,67.01444271030513,9,0.8999999999999999,0.46348471468614905,439,D_pmar=0.054_dist=100_repair_6_males=4_nmar=3,FG_theta_2.5,62,12,2.5,4,3
0.054,6,0,100,41.60062797293513,273.9764888071519,42.821001443124686,12,1.2,0.47466162932676526,439,D_pmar=0.054_dist=100_repair_6_males=4_nmar=3,FG_theta_2.5,78,9,2.5,4,3
0,13,100,0,38.78732821377703,278.3478909987298,42.906406767709235,0,0,0,439,D_pmar=0.054_dist=100_repair_6_males=4_nmar=3,FG_theta_2.5,74,18,2.5,4,3
0.054,8,100,100,36.85896482807458,291.2248802440805,30.63747016745524,9,0.8999999999999999,0.4305555555555561,439,D_pmar=0.054_dist=100_repair_6_males=4_nmar=3,FG_theta_2.5,63,10,2.5,4,3
0.054,5,0,0,38.414125699278685,289.7531496792727,30.458217350079032,9,0.8999999999999999,0.5903225369994363,43,D_pmar=0.054_dist=100_repair_6_males=4_nmar=3,FG_theta_2.5,46,8,2.5,4,3
0.054,11,0,100,40.296867119702064,300.4358439887712,18.28094686299926,7,0.7,0.40409384836787954,43,D_pmar=0.054_dist=100_repair_6_males=4_nmar=3,FG_theta_2.5,58,13,2.5,4,3
0,9,100,0,40.8413983764174,270.7547795569135,48.405166123921006,0,0,0,43,D_pmar=0.054_dist=100_repair_6_males=4_nmar=3,FG_theta_2.5,97,13,2.5,4,3
0.054,11,100,100,38.011115321603974,284.52151598290936,36.592679830386984,6,0.6,0.4248590399152804,43,D_pmar=0.054_dist=100_repair_6_males=4_nmar=3,FG_theta_2.5,60,12,2.5,4,3
0.054,8,0,0,39.538130035896266,288.78145723150124,30.44796039541985,8,0.7999999999999999,0.4483362057109539,440,D_pmar=0.054_dist=100_repair_6_males=4_nmar=3,FG_theta_2.5,66,8,2.5,4,3
0.054,11,0,100,41.37648269903445,268.6684896327921,48.87994673386587,7,0.7,0.4665821570857422,440,D_pmar=0.054_dist=100_repair_6_males=4_nmar=3,FG_theta_2.5,65,14,2.5,4,3
0.054,10,100,0,38.37358141219163,301.74643495346146,18.38041637954086,10,1,0.5559410237068768,440,D_pmar=0.054_dist=100_repair_6_males=4_nmar=3,FG_theta_2.5,56,13,2.5,4,3
0,7,100,100,39.07929765706325,266.2278088265796,54.74601771744947,0,0,0,440,D_pmar=0.054_dist=100_repair_6_males=4_nmar=3,FG_theta_2.5,81,7,2.5,4,3
0,6,0,0,39.32486266089491,271.6019350310823,49.16940922411712,0,0,0,441,D_pmar=0.054_dist=100_repair_6_males=4_nmar=3,FG_theta_2.5,98,8,2.5,4,3
0.054,8,0,100,38.867009394498034,301.3641938913505,18.129511400507575,11,1.1,0.5698863630995608,441,D_pmar=0.054_dist=100_repair_6_males=4_nmar=3,FG_theta_2.5,64,10,2.5,4,3
0.054,10,100,0,39.63364334525188,276.526180420987,42.75499186104871,7,0.7,0.44608953268207174,441,D_pmar=0.054_dist=100_repair_6_males=4_nmar=3,FG_theta_2.5,63,13,2.5,4,3
0.054,12,100,100,39.270647388285035,273.09153208430695,46.56225639641584,8,0.7999999999999999,0.5655293006136614,441,D_pmar=0.054_dist=100_repair_6_males=4_nmar=3,FG_theta_2.5,64,15,2.5,4,3
0,13,0,0,38.63205636132458,254.11479340861473,67.33556239865416,0,0,0,442,D_pmar=0.054_dist=100_repair_6_males=4_nmar=3,FG_theta_2.5,97,16,2.5,4,3
0.054,7,0,100,38.90313078885202,277.4118600130282,42.718818317686726,7,0.7,0.5163847464972272,442,D_pmar=0.054_dist=100_repair_6_males=4_nmar=3,FG_theta_2.5,56,10,2.5,4,3
0.054,9,100,0,39.43339929936312,294.88983219269113,24.41727312744428,8,0.7999999999999999,0.4629629629629636,442,D_pmar=0.054_dist=100_repair_6_males=4_nmar=3,FG_theta_2.5,70,12,2.5,4,3
0.054,7,100,100,38.178205782624005,307.8992611882756,12.679777163231462,9,0.8999999999999999,0.5046860801334255,442,D_pmar=0.054_dist=100_repair_6_males=4_nmar=3,FG_theta_2.5,64,11,2.5,4,3
0,6,0,0,37.55868611666115,273.738137864126,48.83904185300854,0,0,0,443,D_pmar=0.054_dist=100_repair_6_males=4_nmar=3,FG_theta_2.5,98,8,2.5,4,3
0.054,10,0,100,39.697918526783226,282.71230376615335,36.53939757767012,5,0.5,0.56903559372885,443,D_pmar=0.054_dist=100_repair_6_males=4_nmar=3,FG_theta_2.5,60,13,2.5,4,3
0.054,11,100,0,39.37936705878683,310.8172060042342,8.330591258716947,11,1.1,0.4675925925925933,443,D_pmar=0.054_dist=100_repair_6_males=4_nmar=3,FG_theta_2.5,64,14,2.5,4,3
0.054,9,100,100,37.79885408614184,290.5778349707758,30.63440951293088,5,0.5,0.49356561599660415,443,D_pmar=0.054_dist=100_repair_6_males=4_nmar=3,FG_theta_2.5,70,10,2.5,4,3
0.054,8,0,0,39.88168816742551,276.1333694251878,42.37727214435697,12,1.2,0.45184249882614247,444,D_pmar=0.054_dist=100_repair_6_males=4_nmar=3,FG_theta_2.5,72,11,2.5,4,3
0,13,0,100,37.78776249018222,273.048372934706,49.27521391017613,0,0,0,444,D_pmar=0.054_dist=100_repair_6_males=4_nmar=3,FG_theta_2.5,91,17,2.5,4,3
0.054,6,100,0,37.74257451820002,278.2623563728107,42.82599953297957,8,0.7999999999999999,0.44444444444444503,444,D_pmar=0.054_dist=100_repair_6_males=4_nmar=3,FG_theta_2.5,58,10,2.5,4,3
0.054,9,100,100,38.922591590063824,270.7020780182194,48.87857786315445,10,1,0.5848985885028908,444,D_pmar=0.054_dist=100_repair_6_males=4_nmar=3,FG_theta_2.5,60,14,2.5,4,3
0.054,8,0,0,39.39924610039128,270.6846877100325,48.79802407693224,7,0.7,0.5227957479363485,445,D_pmar=0.054_dist=100_repair_6_males=4_nmar=3,FG_theta_2.5,69,9,2.5,4,3
0.054,5,0,100,39.39228716814982,270.62479820397533,49.12055968894701,5,0.5,0.4957558385216916,445,D_pmar=0.054_dist=100_repair_6_males=4_nmar=3,FG_theta_2.5,68,8,2.5,4,3
0,9,100,0,38.278687667953555,266.57981468000173,55.19170041098066,0,0,0,445,D_pmar=0.054_dist=100_repair_6_males=4_nmar=3,FG_theta_2.5,92,10,2.5,4,3
0.054,14,100,100,40.14380252968039,293.3584818095551,24.38734034062678,17,1.7000000000000004,0.5347105309400856,445,D_pmar=0.054_dist=100_repair_6_males=4_nmar=3,FG_theta_2.5,51,14,2.5,4,3
0,3,0,0,40.23118383586489,277.2847490675078,42.60572813820035,0,0,0,446,D_pmar=0.054_dist=100_repair_6_males=4_nmar=3,FG_theta_2.5,109,7,2.5,4,3
0.054,11,0,100,39.88185658390228,282.59349930696203,36.55263601355869,6,0.6,0.5433117549042943,446,D_pmar=0.054_dist=100_repair_6_males=4_nmar=3,FG_theta_2.5,59,14,2.5,4,3
0.054,15,100,0,37.65411870086708,302.80338931100573,18.34933772098785,7,0.7,0.5763771976067524,446,D_pmar=0.054_dist=100_repair_6_males=4_nmar=3,FG_theta_2.5,57,18,2.5,4,3
0.054,7,100,100,38.3387178290632,283.65617156169276,36.69876105134254,9,0.8999999999999999,0.4232704021814488,446,D_pmar=0.054_dist=100_repair_6_males=4_nmar=3,FG_theta_2.5,71,11,2.5,4,3
0,8,0,0,40.57725740986885,289.2650497906682,30.277437729205975,0,0,0,447,D_pmar=0.054_dist=100_repair_6_males=4_nmar=3,FG_theta_2.5,99,10,2.5,4,3
0.054,9,0,100,39.26329870957961,289.2936626707282,30.384943267477333,7,0.7,0.41666666666666713,447,D_pmar=0.054_dist=100_repair_6_males=4_nmar=3,FG_theta_2.5,68,9,2.5,4,3
0.054,12,100,0,37.46434699279575,297.5157014480957,24.21229281426274,5,0.5,0.48940128758636514,447,D_pmar=0.054_dist=100_repair_6_males=4_nmar=3,FG_theta_2.5,61,15,2.5,4,3
0.054,7,100,100,37.42744411645992,296.80981686407495,24.707183905861974,6,0.6,0.5409287983035469,447,D_pmar=0.054_dist=100_repair_6_males=4_nmar=3,FG_theta_2.5,51,14,2.5,4,3
0,9,0,0,41.028709342898765,281.53198293835703,37.62041408078954,0,0,0,448,D_pmar=0.054_dist=100_repair_6_males=4_nmar=3,FG_theta_2.5,92,10,2.5,4,3
0.054,6,0,100,37.747788446070615,296.5034065603801,24.380805893283323,9,0.8999999999999999,0.5259730234040119,448,D_pmar=0.054_dist=100_repair_6_males=4_nmar=3,FG_theta_2.5,57,8,2.5,4,3
0.054,10,100,0,37.75951636170186,284.7208423143717,36.76421081454177,4,0.4,0.4218180480194824,448,D_pmar=0.054_dist=100_repair_6_males=4_nmar=3,FG_theta_2.5,67,12,2.5,4,3
0.054,11,100,100,36.89718127256656,284.95907071315963,36.740395416831056,11,1.1,0.5138888888888897,448,D_pmar=0.054_dist=100_repair_6_males=4_nmar=3,FG_theta_2.5,67,13,2.5,4,3
0,8,0,0,38.08320814965999,249.05576132123232,72.99018724620775,0,0,0,449,D_pmar=0.054_dist=100_repair_6_males=4_nmar=3,FG_theta_2.5,80,10,2.5,4,3
0.054,8,0,100,38.660844071712475,276.9087117473705,43.16083647933321,8,0.7999999999999999,0.4839773390898197,449,D_pmar=0.054_dist=100_repair_6_males=4_nmar=3,FG_theta_2.5,60,8,2.5,4,3
0.054,9,100,0,39.78056162495908,269.79334738254056,48.9395911022044,11,1.1,0.4305555555555561,449,D_pmar=0.054_dist=100_repair_6_males=4_nmar=3,FG_theta_2.5,65,9,2.5,4,3
0.054,11,100,100,39.31200220123377,288.49304725256883,30.52888867833476,13,1.3,0.44800718806342854,449,D_pmar=0.054_dist=100_repair_6_males=4_nmar=3,FG_theta_2.5,57,13,2.5,4,3
0,11,0,0,39.572307338537144,271.6513464512174,48.783940080045326,0,0,0,44,D_pmar=0.054_dist=100_repair_6_males=4_nmar=3,FG_theta_2.5,87,12,2.5,4,3
0.054,6,0,100,37.55007136651712,296.07230464051634,24.45766594383939,13,1.3,0.621935625539928,44,D_pmar=0.054_dist=100_repair_6_males=4_nmar=3,FG_theta_2.5,67,10,2.5,4,3
0.054,13,100,0,39.66671375092077,290.418406700374,28.500233632004377,10,1,0.4398148148148154,44,D_pmar=0.054_dist=100_repair_6_males=4_nmar=3,FG_theta_2.5,71,15,2.5,4,3
0.054,6,100,100,38.83469973464574,278.22167143088205,42.47553979351629,1,0.1,0.49496151965477575,44,D_pmar=0.054_dist=100_repair_6_males=4_nmar=3,FG_theta_2.5,69,8,2.5,4,3
0,8,0,0,37.2193884516688,261.6612229749735,61.23184497371432,0,0,0,450,D_pmar=0.054_dist=100_repair_6_males=4_nmar=3,FG_theta_2.5,97,12,2.5,4,3
0.054,11,0,100,39.90047625590917,282.44614566178535,36.52016317436059,8,0.7999999999999999,0.4398148148148154,450,D_pmar=0.054_dist=100_repair_6_males=4_nmar=3,FG_theta_2.5,70,13,2.5,4,3
0.054,9,100,0,40.10312750213564,282.04751036103056,36.30515955893283,12,1.2,0.513151020525769,450,D_pmar=0.054_dist=100_repair_6_males=4_nmar=3,FG_theta_2.5,59,13,2.5,4,3
0.054,8,100,100,36.723253045853006,291.72899604001276,30.51197876768694,7,0.7,0.4927148466258936,450,D_pmar=0.054_dist=100_repair_6_males=4_nmar=3,FG_theta_2.5,61,11,2.5,4,3
0,11,0,0,36.9848907228063,267.8044844514277,55.45326472332858,0,0,0,451,D_pmar=0.054_dist=100_repair_6_males=4_nmar=3,FG_theta_2.5,94,12,2.5,4,3
0.054,5,0,100,40.26870970465511,276.01360339279296,42.72832585991265,6,0.6,0.4904681735970113,451,D_pmar=0.054_dist=100_repair_6_males=4_nmar=3,FG_theta_2.5,71,6,2.5,4,3
0.054,8,100,0,38.0451285662839,296.2907047673089,24.401456340597697,8,0.7999999999999999,0.4739237609636446,451,D_pmar=0.054_dist=100_repair_6_males=4_nmar=3,FG_theta_2.5,55,10,2.5,4,3
0.054,12,100,100,37.899359982177984,302.60808462051,18.22248002111547,9,0.8999999999999999,0.4629629629629636,451,D_pmar=0.054_dist=100_repair_6_males=4_nmar=3,FG_theta_2.5,56,15,2.5,4,3
0.054,10,0,0,36.82826631942228,291.5811257509306,30.381474365303873,8,0.7999999999999999,0.4232704021814488,452,D_pmar=0.054_dist=100_repair_6_males=4_nmar=3,FG_theta_2.5,67,13,2.5,4,3
0,7,0,100,41.31236634392558,257.89652408151863,60.85497093520559,0,0,0,452,D_pmar=0.054_dist=100_repair_6_males=4_nmar=3,FG_theta_2.5,103,12,2.5,4,3
0.054,10,100,0,40.39243963661664,275.32724549241124,42.85038892165108,10,1,0.5259165729002169,452,D_pmar=0.054_dist=100_repair_6_males=4_nmar=3,FG_theta_2.5,63,12,2.5,4,3
0.054,9,100,100,36.8620452225095,291.1908970489081,30.63298379291933,9,0.8999999999999999,0.5085213908961392,452,D_pmar=0.054_dist=100_repair_6_males=4_nmar=3,FG_theta_2.5,45,9,2.5,4,3
0.054,14,0,0,37.924640501586225,290.7571153019349,30.39821544650555,5,0.5,0.4237357034008394,453,D_pmar=0.054_dist=100_repair_6_males=4_nmar=3,FG_theta_2.5,60,16,2.5,4,3
0.054,11,0,100,39.01478962413424,306.8835688540423,12.36284261889251,13,1.3,0.49304386427341873,453,D_pmar=0.054_dist=100_repair_6_males=4_nmar=3,FG_theta_2.5,65,11,2.5,4,3
0,6,100,0,39.98006887368729,265.1766509281023,54.84695634947355,0,0,0,453,D_pmar=0.054_dist=100_repair_6_males=4_nmar=3,FG_theta_2.5,91,8,2.5,4,3
0.054,5,100,100,38.96877446079666,283.82922971633985,36.42547946194829,4,0.4,0.4398148148148154,453,D_pmar=0.054_dist=100_repair_6_males=4_nmar=3,FG_theta_2.5,53,7,2.5,4,3
0.054,8,0,0,38.801865353169845,267.55105473543085,52.10970817414132,12,1.2,0.5189039866698397,454,D_pmar=0.054_dist=100_repair_6_males=4_nmar=3,FG_theta_2.5,65,9,2.5,4,3
0,7,0,100,38.709365554807775,278.47131610728155,42.8831951267358,0,0,0,454,D_pmar=0.054_dist=100_repair_6_males=4_nmar=3,FG_theta_2.5,92,12,2.5,4,3
0.054,13,100,0,39.88433419778371,275.99368587489363,42.6402987966569,10,1,0.5112898156482071,454,D_pmar=0.054_dist=100_repair_6_males=4_nmar=3,FG_theta_2.5,68,15,2.5,4,3
0.054,8,100,100,37.951446152841946,278.6284372086426,42.41599714680375,8,0.7999999999999999,0.4259259259259264,454,D_pmar=0.054_dist=100_repair_6_males=4_nmar=3,FG_theta_2.5,51,12,2.5,4,3
0.054,10,0,0,38.786432280402366,289.71086629811066,30.419257364625523,7,0.7,0.3981481481481486,455,D_pmar=0.054_dist=100_repair_6_males=4_nmar=3,FG_theta_2.5,60,15,2.5,4,3
0.054,7,0,100,40.757087781735414,287.36356450749753,30.34886228864958,11,1.1,0.4587188014846544,455,D_pmar=0.054_dist=100_repair_6_males=4_nmar=3,FG_theta_2.5,53,10,2.5,4,3
0.054,7,100,0,39.00578314816637,264.64840673304457,55.008012393066,9,0.8999999999999999,0.5290140152998098,455,D_pmar=0.054_dist=100_repair_6_males=4_nmar=3,FG_theta_2.5,73,9,2.5,4,3
0,12,100,100,39.30683222726639,272.08809911747267,48.758570531698666,0,0,0,455,D_pmar=0.054_dist=100_repair_6_males=4_nmar=3,FG_theta_2.5,74,15,2.5,4,3
0.054,9,0,0,38.78637900918545,264.7016887692464,55.39197552601622,6,0.6,0.5415868335985974,456,D_pmar=0.054_dist=100_repair_6_males=4_nmar=3,FG_theta_2.5,77,15,2.5,4,3
0.054,11,0,100,40.59851059708349,306.1696068222763,12.179021012816536,7,0.7,0.5046860801334255,456,D_pmar=0.054_dist=100_repair_6_males=4_nmar=3,FG_theta_2.5,59,14,2.5,4,3
0.054,7,100,0,40.488628139765936,287.6929885600854,30.464765969388772,9,0.8999999999999999,0.4768518518518526,456,D_pmar=0.054_dist=100_repair_6_males=4_nmar=3,FG_theta_2.5,63,9,2.5,4,3
0,9,100,100,39.70424907101225,283.7022635804929,36.64212625874375,0,0,0,456,D_pmar=0.054_dist=100_repair_6_males=4_nmar=3,FG_theta_2.5,101,11,2.5,4,3
0.054,7,0,0,39.99236621429271,288.12124042695814,30.683755284356504,7,0.7,0.5605706533365066,457,D_pmar=0.054_dist=100_repair_6_males=4_nmar=3,FG_theta_2.5,63,7,2.5,4,3
0.054,6,0,100,39.45118865291504,258.01159524784043,60.939611903953946,11,1.1,0.5115623827919373,457,D_pmar=0.054_dist=100_repair_6_males=4_nmar=3,FG_theta_2.5,77,9,2.5,4,3
0,9,100,0,37.68805300088745,273.9543951913527,48.430494012318206,0,0,0,457,D_pmar=0.054_dist=100_repair_6_males=4_nmar=3,FG_theta_2.5,95,11,2.5,4,3
0.054,14,100,100,38.98191739724004,287.46927463565316,32.09492109677861,11,1.1,0.5316695390442876,457,D_pmar=0.054_dist=100_repair_6_males=4_nmar=3,FG_theta_2.5,70,17,2.5,4,3
0.054,6,0,0,38.87409857741045,282.6915294423551,36.60442761023021,14,1.4,0.44444444444444503,458,D_pmar=0.054_dist=100_repair_6_males=4_nmar=3,FG_theta_2.5,60,11,2.5,4,3
0,13,0,100,39.66619313534476,247.49432275971395,72.9058718634724,0,0,0,458,D_pmar=0.054_dist=100_repair_6_males=4_nmar=3,FG_theta_2.5,98,16,2.5,4,3
0.054,7,100,0,36.51616546111387,261.4524305468421,60.88682038499864,7,0.7,0.5494501891996852,458,D_pmar=0.054_dist=100_repair_6_males=4_nmar=3,FG_theta_2.5,59,10,2.5,4,3
0.054,10,100,100,40.58286012331608,287.1195132068918,30.745395518924575,12,1.2,0.4599784215709606,458,D_pmar=0.054_dist=100_repair_6_males=4_nmar=3,FG_theta_2.5,61,16,2.5,4,3
0,8,0,0,36.7319848268118,262.37648568772346,60.99581768938556,0,0,0,459,D_pmar=0.054_dist=100_repair_6_males=4_nmar=3,FG_theta_2.5,94,14,2.5,4,3
0.054,6,0,100,38.31775803718855,265.26665461110116,54.89783430425543,11,1.1,0.4788259577370046,459,D_pmar=0.054_dist=100_repair_6_males=4_nmar=3,FG_theta_2.5,66,12,2.5,4,3
0.054,11,100,0,39.027513930518346,294.4650899522583,24.451216711816496,16,1.6000000000000003,0.5278342282815739,459,D_pmar=0.054_dist=100_repair_6_males=4_nmar=3,FG_theta_2.5,57,15,2.5,4,3
0.054,11,100,100,38.2644237841891,265.8554819235357,54.9803682280632,5,0.5,0.4341182991745396,459,D_pmar=0.054_dist=100_repair_6_males=4_nmar=3,FG_theta_2.5,59,14,2.5,4,3
0.054,8,0,0,39.88632300960572,287.7707107597627,30.792734391078906,11,1.1,0.5532290494586041,45,D_pmar=0.054_dist=100_repair_6_males=4_nmar=3,FG_theta_2.5,54,8,2.5,4,3
0.054,11,0,100,37.41307638051597,266.13239917294527,55.31919775522229,8,0.7999999999999999,0.4997274328562705,45,D_pmar=0.054_dist=100_repair_6_males=4_nmar=3,FG_theta_2.5,66,15,2.5,4,3
0,8,100,0,38.752564861248,266.38441480735224,54.872409193490654,0,0,0,45,D_pmar=0.054_dist=100_repair_6_males=4_nmar=3,FG_theta_2.5,98,11,2.5,4,3
0.054,9,100,100,38.71256338315771,283.47143281464537,36.46213186039856,10,1,0.472278672726018,45,D_pmar=0.054_dist=100_repair_6_males=4_nmar=3,FG_theta_2.5,75,11,2.5,4,3
0.054,7,0,0,38.64869442023333,274.0943122516331,46.15292742986843,6,0.6,0.5066037355147825,460,D_pmar=0.054_dist=100_repair_6_males=4_nmar=3,FG_theta_2.5,70,8,2.5,4,3
0.054,10,0,100,38.21521142739282,289.91020364034006,30.40863141026867,10,1,0.5756393292436315,460,D_pmar=0.054_dist=100_repair_6_males=4_nmar=3,FG_theta_2.5,62,15,2.5,4,3
0,8,100,0,38.889192277680515,266.59434630626214,54.67393725744694,0,0,0,460,D_pmar=0.054_dist=100_repair_6_males=4_nmar=3,FG_theta_2.5,104,11,2.5,4,3
0.054,11,100,100,37.42812657415777,290.6282350609258,30.37711670069768,11,1.1,0.5752538610923112,460,D_pmar=0.054_dist=100_repair_6_males=4_nmar=3,FG_theta_2.5,69,13,2.5,4,3
0,8,0,0,40.37497485205451,270.5459146172001,49.095370705987015,0,0,0,461,D_pmar=0.054_dist=100_repair_6_males=4_nmar=3,FG_theta_2.5,87,12,2.5,4,3
0.054,9,0,100,42.17044900377072,273.9669960778548,42.8500358007295,6,0.6,0.46732002544886314,461,D_pmar=0.054_dist=100_repair_6_males=4_nmar=3,FG_theta_2.5,60,14,2.5,4,3
0.054,8,100,0,39.627468899184855,277.23292314290717,41.951632230077074,9,0.8999999999999999,0.48589499447117673,461,D_pmar=0.054_dist=100_repair_6_males=4_nmar=3,FG_theta_2.5,53,12,2.5,4,3
0.054,11,100,100,39.813611579772434,294.2878173027996,24.40076143462077,11,1.1,0.41666666666666713,461,D_pmar=0.054_dist=100_repair_6_males=4_nmar=3,FG_theta_2.5,64,12,2.5,4,3
0.054,10,0,0,39.688783840792595,282.84464408000724,36.52138049184575,8,0.7999999999999999,0.37962962962962993,462,D_pmar=0.054_dist=100_repair_6_males=4_nmar=3,FG_theta_2.5,61,13,2.5,4,3
0,9,0,100,38.74790922014287,260.19225676328995,61.0879367526535,0,0,0,462,D_pmar=0.054_dist=100_repair_6_males=4_nmar=3,FG_theta_2.5,103,13,2.5,4,3
0.054,8,100,0,41.24453617009679,286.72856777197126,30.67850863567594,10,1,0.5227392974325535,462,D_pmar=0.054_dist=100_repair_6_males=4_nmar=3,FG_theta_2.5,56,11,2.5,4,3
0.054,9,100,100,43.098070716694714,291.38377219433426,24.322403764618997,7,0.7,0.6026227881544937,462,D_pmar=0.054_dist=100_repair_6_males=4_nmar=3,FG_theta_2.5,62,15,2.5,4,3
0.054,9,0,0,38.81540950680145,295.5881951354198,24.329738466160528,9,0.8999999999999999,0.5312042378248971,463,D_pmar=0.054_dist=100_repair_6_males=4_nmar=3,FG_theta_2.5,62,9,2.5,4,3
0,15,0,100,37.66507596805958,267.6781247578264,54.836607906370666,0,0,0,463,D_pmar=0.054_dist=100_repair_6_males=4_nmar=3,FG_theta_2.5,107,16,2.5,4,3
0.054,5,100,0,37.774766650810896,284.2059131444736,36.737585014775085,8,0.7999999999999999,0.58404781913218,463,D_pmar=0.054_dist=100_repair_6_males=4_nmar=3,FG_theta_2.5,71,6,2.5,4,3
0.054,7,100,100,40.062260301888465,294.8829727291794,24.30616080745439,6,0.6,0.4622250945998429,463,D_pmar=0.054_dist=100_repair_6_males=4_nmar=3,FG_theta_2.5,56,9,2.5,4,3
0.054,10,0,0,39.54732227059053,270.33000636551253,48.79894478447953,11,1.1,0.41368212527466414,464,D_pmar=0.054_dist=100_repair_6_males=4_nmar=3,FG_theta_2.5,74,13,2.5,4,3
0.054,9,0,100,40.04270631274397,300.31115173315635,18.18295953321887,10,1,0.5267108917671326,464,D_pmar=0.054_dist=100_repair_6_males=4_nmar=3,FG_theta_2.5,54,12,2.5,4,3
0.054,7,100,0,40.98289872036175,281.33210655036413,36.716050938294934,7,0.7,0.4351851851851858,464,D_pmar=0.054_dist=100_repair_6_males=4_nmar=3,FG_theta_2.5,62,10,2.5,4,3
0,10,100,100,39.61654029164044,254.3373701848762,66.06781950523354,0,0,0,464,D_pmar=0.054_dist=100_repair_6_males=4_nmar=3,FG_theta_2.5,86,18,2.5,4,3
0.054,8,0,0,40.273840529963145,262.876101527351,55.3120997224279,11,1.1,0.4529658353405835,465,D_pmar=0.054_dist=100_repair_6_males=4_nmar=3,FG_theta_2.5,66,9,2.5,4,3
0.054,8,0,100,38.671729459016774,289.84415649678255,30.429598273340297,7,0.7,0.5355048498070014,465,D_pmar=0.054_dist=100_repair_6_males=4_nmar=3,FG_theta_2.5,57,10,2.5,4,3
0.054,8,100,0,38.84888475726837,276.8982692611247,42.74191458640158,11,1.1,0.4892085535107049,465,D_pmar=0.054_dist=100_repair_6_males=4_nmar=3,FG_theta_2.5,61,11,2.5,4,3
0,12,100,100,39.18737838335296,272.14977890253664,48.70864139142775,0,0,0,465,D_pmar=0.054_dist=100_repair_6_males=4_nmar=3,FG_theta_2.5,95,16,2.5,4,3
0.054,9,0,0,39.24096266653649,270.1445475382677,49.40577477671957,8,0.7999999999999999,0.46573138771503136,466,D_pmar=0.054_dist=100_repair_6_males=4_nmar=3,FG_theta_2.5,60,13,2.5,4,3
0,9,0,100,39.67828491434978,271.83632776911793,48.57652615631705,0,0,0,466,D_pmar=0.054_dist=100_repair_6_males=4_nmar=3,FG_theta_2.5,88,9,2.5,4,3
0.054,7,100,0,38.99220248130401,258.4920621290044,61.25081449259323,8,0.7999999999999999,0.4970719091117928,466,D_pmar=0.054_dist=100_repair_6_males=4_nmar=3,FG_theta_2.5,61,13,2.5,4,3
0.054,11,100,100,36.58948775709911,278.5828544429356,42.64882618325495,18,1.8000000000000005,0.4490740740740747,466,D_pmar=0.054_dist=100_repair_6_males=4_nmar=3,FG_theta_2.5,62,15,2.5,4,3
0,12,0,0,40.15167694713019,283.47413519680003,36.55055862611106,0,0,0,467,D_pmar=0.054_dist=100_repair_6_males=4_nmar=3,FG_theta_2.5,95,14,2.5,4,3
0.054,10,0,100,39.2017199850732,283.0125122343764,36.66120953233037,5,0.5,0.6307295835797967,467,D_pmar=0.054_dist=100_repair_6_males=4_nmar=3,FG_theta_2.5,53,11,2.5,4,3
0.054,7,100,0,40.30078419054837,275.4447612989876,42.9169794062839,10,1,0.5370934875408331,467,D_pmar=0.054_dist=100_repair_6_males=4_nmar=3,FG_theta_2.5,66,9,2.5,4,3
0.054,7,100,100,38.37189394939198,296.0908327212104,24.4482577204594,8,0.7999999999999999,0.3379629629629631,467,D_pmar=0.054_dist=100_repair_6_males=4_nmar=3,FG_theta_2.5,69,9,2.5,4,3
0.054,13,0,0,39.8831580319408,307.1500175654402,12.072788504443633,4,0.4,0.5208216420511967,468,D_pmar=0.054_dist=100_repair_6_males=4_nmar=3,FG_theta_2.5,54,15,2.5,4,3
0.054,4,0,100,39.37706027442367,301.1063839079587,18.172374794301405,8,0.7999999999999999,0.5474760833145333,468,D_pmar=0.054_dist=100_repair_6_males=4_nmar=3,FG_theta_2.5,46,7,2.5,4,3
0,7,100,0,38.88563877158382,266.20635502677504,54.91456877348086,0,0,0,468,D_pmar=0.054_dist=100_repair_6_males=4_nmar=3,FG_theta_2.5,91,10,2.5,4,3
0.054,12,100,100,39.16591191808783,289.10313604250945,30.886098339278252,7,0.7,0.2870370370370369,468,D_pmar=0.054_dist=100_repair_6_males=4_nmar=3,FG_theta_2.5,74,14,2.5,4,3
0.054,11,0,0,40.27524018905011,300.2179660519656,18.383108117450895,7,0.7,0.5663800699843723,469,D_pmar=0.054_dist=100_repair_6_males=4_nmar=3,FG_theta_2.5,56,13,2.5,4,3
0,10,0,100,40.09915652062255,277.03836197392013,42.91047142777641,0,0,0,469,D_pmar=0.054_dist=100_repair_6_males=4_nmar=3,FG_theta_2.5,100,10,2.5,4,3
0.054,6,100,0,39.348799127751285,288.96796577752013,30.623270219946395,8,0.7999999999999999,0.4351851851851858,469,D_pmar=0.054_dist=100_repair_6_males=4_nmar=3,FG_theta_2.5,59,10,2.5,4,3
0.054,9,100,100,40.25442609885863,288.1238402622882,30.69593790197991,5,0.5,0.45838978383712903,469,D_pmar=0.054_dist=100_repair_6_males=4_nmar=3,FG_theta_2.5,61,11,2.5,4,3
0.054,11,0,0,35.54677772564871,286.5283932934559,36.57140430576271,9,0.8999999999999999,0.5655293006136615,46,D_pmar=0.054_dist=100_repair_6_males=4_nmar=3,FG_theta_2.5,50,11,2.5,4,3
0.054,9,0,100,37.1644874551824,266.4985483567497,55.01714282195237,10,1,0.482332250852193,46,D_pmar=0.054_dist=100_repair_6_males=4_nmar=3,FG_theta_2.5,63,9,2.5,4,3
0.054,8,100,0,40.04066929707421,281.9136352622985,36.63522521316807,10,1,0.44694030205278257,46,D_pmar=0.054_dist=100_repair_6_males=4_nmar=3,FG_theta_2.5,66,9,2.5,4,3
0,8,100,100,39.79675639322109,271.14528892990853,49.15647484249955,0,0,0,46,D_pmar=0.054_dist=100_repair_6_males=4_nmar=3,FG_theta_2.5,95,8,2.5,4,3
0.054,5,0,0,39.090855745158755,294.5150944596777,24.31927397721465,16,1.6000000000000003,0.5659946018330521,470,D_pmar=0.054_dist=100_repair_6_males=4_nmar=3,FG_theta_2.5,39,8,2.5,4,3
0.054,12,0,100,41.1055125620202,256.45155819365465,61.3641075220371,8,0.7999999999999999,0.37962962962962993,470,D_pmar=0.054_dist=100_repair_6_males=4_nmar=3,FG_theta_2.5,78,16,2.5,4,3
0.054,9,100,0,37.48623992932933,262.6994652674371,58.352819103586675,11,1.1,0.4325296614407081,470,D_pmar=0.054_dist=100_repair_6_males=4_nmar=3,FG_theta_2.5,62,12,2.5,4,3
0,10,100,100,39.89272242994513,255.4287026291414,64.74529416666198,0,0,0,470,D_pmar=0.054_dist=100_repair_6_males=4_nmar=3,FG_theta_2.5,93,11,2.5,4,3
0.054,11,0,0,38.78571910658353,289.0601412358697,30.61970151855005,11,1.1,0.523148148148149,471,D_pmar=0.054_dist=100_repair_6_males=4_nmar=3,FG_theta_2.5,48,17,2.5,4,3
0.054,4,0,100,40.872197542294174,257.1376903904719,60.90436380607222,7,0.7,0.3880147369539035,471,D_pmar=0.054_dist=100_repair_6_males=4_nmar=3,FG_theta_2.5,74,8,2.5,4,3
0.054,7,100,0,40.62395889845985,293.5362024493567,24.371079800391993,10,1,0.4976734939030484,471,D_pmar=0.054_dist=100_repair_6_males=4_nmar=3,FG_theta_2.5,64,10,2.5,4,3
0,14,100,100,40.99791371255543,264.2760757321687,54.86494741625833,0,0,0,471,D_pmar=0.054_dist=100_repair_6_males=4_nmar=3,FG_theta_2.5,86,15,2.5,4,3
0.054,7,0,0,38.51894704576645,271.53480558315397,49.04648821162527,5,0.5,0.4897303052338904,472,D_pmar=0.054_dist=100_repair_6_males=4_nmar=3,FG_theta_2.5,77,10,2.5,4,3
0,9,0,100,38.582092462312936,272.769069424314,48.80488855614856,0,0,0,472,D_pmar=0.054_dist=100_repair_6_males=4_nmar=3,FG_theta_2.5,88,10,2.5,4,3
0.054,10,100,0,41.05882161420244,268.9331172059052,48.60693078639346,9,0.8999999999999999,0.5165210300690922,472,D_pmar=0.054_dist=100_repair_6_males=4_nmar=3,FG_theta_2.5,78,11,2.5,4,3
0.054,10,100,100,38.65206824422355,295.2231515746274,24.18013050308908,14,1.4,0.5755828787398366,472,D_pmar=0.054_dist=100_repair_6_males=4_nmar=3,FG_theta_2.5,44,12,2.5,4,3
0,14,0,0,39.04067434295577,296.65392589710734,24.41229372207895,0,0,0,473,D_pmar=0.054_dist=100_repair_6_males=4_nmar=3,FG_theta_2.5,70,17,2.5,4,3
0.054,5,0,100,40.167954363788134,245.51755934360563,73.2862288770922,7,0.7,0.3472222222222224,473,D_pmar=0.054_dist=100_repair_6_males=4_nmar=3,FG_theta_2.5,79,9,2.5,4,3
0.054,9,100,0,38.37746439883098,296.08064361587515,24.579318448229092,6,0.6,0.46778532666825345,473,D_pmar=0.054_dist=100_repair_6_males=4_nmar=3,FG_theta_2.5,63,11,2.5,4,3
0.054,8,100,100,40.37079387329642,293.7226767983361,24.254162115242032,11,1.1,0.5575296614407086,473,D_pmar=0.054_dist=100_repair_6_males=4_nmar=3,FG_theta_2.5,65,9,2.5,4,3
0.054,9,0,0,38.412155098778,265.9010740702189,55.00103199658526,3,0.30000000000000004,0.43907694645169465,474,D_pmar=0.054_dist=100_repair_6_males=4_nmar=3,FG_theta_2.5,83,12,2.5,4,3
0.054,13,0,100,39.586883926040066,294.511881928214,24.36125982984228,11,1.1,0.4675925925925933,474,D_pmar=0.054_dist=100_repair_6_males=4_nmar=3,FG_theta_2.5,62,13,2.5,4,3
0.054,5,100,0,39.66807229917059,293.01719698626465,25.58149868372271,11,1.1,0.6503714386127564,474,D_pmar=0.054_dist=100_repair_6_males=4_nmar=3,FG_theta_2.5,60,9,2.5,4,3
0,9,100,100,37.932442288539264,279.65806123860517,42.52322825387614,0,0,0,474,D_pmar=0.054_dist=100_repair_6_males=4_nmar=3,FG_theta_2.5,87,12,2.5,4,3
0.054,10,0,0,38.44378812379334,302.44700377206567,18.35067853257911,4,0.4,0.5412578159510723,475,D_pmar=0.054_dist=100_repair_6_males=4_nmar=3,FG_theta_2.5,41,10,2.5,4,3
0.054,10,0,100,39.745197048957024,276.139985849285,42.70070053854701,12,1.2,0.44033656653800096,475,D_pmar=0.054_dist=100_repair_6_males=4_nmar=3,FG_theta_2.5,67,13,2.5,4,3
0,9,100,0,37.53303250255929,298.11528124266385,24.555284522226813,0,0,0,475,D_pmar=0.054_dist=100_repair_6_males=4_nmar=3,FG_theta_2.5,87,9,2.5,4,3
0.054,7,100,100,40.2460028773693,270.23040018089483,48.57620259600964,6,0.6,0.3820690367341723,475,D_pmar=0.054_dist=100_repair_6_males=4_nmar=3,FG_theta_2.5,66,9,2.5,4,3
0,4,0,0,39.23346865856221,266.196585432588,54.66177835130344,0,0,0,476,D_pmar=0.054_dist=100_repair_6_males=4_nmar=3,FG_theta_2.5,90,8,2.5,4,3
0.054,11,0,100,38.95711963607463,281.6531692515354,37.395071590277546,15,1.5000000000000002,0.5613649722034224,476,D_pmar=0.054_dist=100_repair_6_males=4_nmar=3,FG_theta_2.5,63,12,2.5,4,3
0.054,11,100,0,41.15109182356369,269.06504186264226,48.836581855811,5,0.5,0.47803163887008887,476,D_pmar=0.054_dist=100_repair_6_males=4_nmar=3,FG_theta_2.5,74,13,2.5,4,3
0.054,10,100,100,40.13107549114473,281.93073208183614,36.64837711329838,9,0.8999999999999999,0.44444444444444503,476,D_pmar=0.054_dist=100_repair_6_males=4_nmar=3,FG_theta_2.5,67,11,2.5,4,3
0.054,10,0,0,37.80168322061445,284.07716591349845,36.62529679277561,12,1.2,0.4259259259259264,477,D_pmar=0.054_dist=100_repair_6_males=4_nmar=3,FG_theta_2.5,57,11,2.5,4,3
0,5,0,100,40.60413643052356,246.08502148374484,73.44303860054244,0,0,0,477,D_pmar=0.054_dist=100_repair_6_males=4_nmar=3,FG_theta_2.5,91,6,2.5,4,3
0.054,9,100,0,40.93104984382824,274.94943412133676,42.84149082561305,8,0.7999999999999999,0.5609561214878268,477,D_pmar=0.054_dist=100_repair_6_males=4_nmar=3,FG_theta_2.5,62,14,2.5,4,3
0.054,12,100,100,38.77677904541648,276.83987940762336,42.74277833525378,12,1.2,0.51427435704021,477,D_pmar=0.054_dist=100_repair_6_males=4_nmar=3,FG_theta_2.5,72,16,2.5,4,3
0.054,10,0,0,38.989463972133926,271.07716486370805,49.22838954565365,5,0.5,0.42425745512402474,478,D_pmar=0.054_dist=100_repair_6_males=4_nmar=3,FG_theta_2.5,64,12,2.5,4,3
0.054,8,0,100,39.096977325279845,288.865661995616,30.764157270237853,9,0.8999999999999999,0.4027777777777782,478,D_pmar=0.054_dist=100_repair_6_males=4_nmar=3,FG_theta_2.5,64,12,2.5,4,3
0.054,9,100,0,39.347732015386384,300.39052722170084,18.528004560568085,12,1.2,0.5775005341211936,478,D_pmar=0.054_dist=100_repair_6_males=4_nmar=3,FG_theta_2.5,38,10,2.5,4,3
0,9,100,100,40.05794754805939,258.7111273799459,61.24207770219326,0,0,0,478,D_pmar=0.054_dist=100_repair_6_males=4_nmar=3,FG_theta_2.5,103,10,2.5,4,3
0.054,10,0,0,37.8223405528572,284.00855898819026,36.824501510490656,9,0.8999999999999999,0.5717475679771228,479,D_pmar=0.054_dist=100_repair_6_males=4_nmar=3,FG_theta_2.5,71,13,2.5,4,3
0,8,0,100,41.380347420408626,269.5291154303484,49.10298734926877,0,0,0,479,D_pmar=0.054_dist=100_repair_6_males=4_nmar=3,FG_theta_2.5,108,11,2.5,4,3
0.054,8,100,0,37.07939666092977,254.7841139802399,67.263573435684,6,0.6,0.41666666666666713,479,D_pmar=0.054_dist=100_repair_6_males=4_nmar=3,FG_theta_2.5,73,11,2.5,4,3
0.054,10,100,100,36.359867131299275,293.1121233712814,28.41732141276653,15,1.5000000000000002,0.6874084756497937,479,D_pmar=0.054_dist=100_repair_6_males=4_nmar=3,FG_theta_2.5,64,15,2.5,4,3
0,5,0,0,40.423800882503926,276.990121681461,42.8626452645748,0,0,0,47,D_pmar=0.054_dist=100_repair_6_males=4_nmar=3,FG_theta_2.5,83,11,2.5,4,3
0.054,11,0,100,42.22934106408411,254.2626837617676,61.380701184187586,17,1.7000000000000004,0.4457605150345463,47,D_pmar=0.054_dist=100_repair_6_males=4_nmar=3,FG_theta_2.5,61,16,2.5,4,3
0.054,13,100,0,39.81618398086527,270.49867439300476,48.75501881741281,5,0.5,0.4488015069303444,47,D_pmar=0.054_dist=100_repair_6_males=4_nmar=3,FG_theta_2.5,64,16,2.5,4,3
0.054,7,100,100,39.353948280970144,263.9518095704994,55.063494311699394,12,1.2,0.5050150977809507,47,D_pmar=0.054_dist=100_repair_6_males=4_nmar=3,FG_theta_2.5,62,9,2.5,4,3
0,10,0,0,37.72899261417094,273.6507011016582,48.79320196646529,0,0,0,480,D_pmar=0.054_dist=100_repair_6_males=4_nmar=3,FG_theta_2.5,98,14,2.5,4,3
0.054,11,0,100,38.342879492933115,270.8020227922145,49.07253029681496,13,1.3,0.5362991686739172,480,D_pmar=0.054_dist=100_repair_6_males=4_nmar=3,FG_theta_2.5,72,17,2.5,4,3
0.054,7,100,0,39.60125528893751,270.344146770285,48.48604917128414,11,1.1,0.5536943506779947,480,D_pmar=0.054_dist=100_repair_6_males=4_nmar=3,FG_theta_2.5,70,10,2.5,4,3
0.054,8,100,100,39.730827731432825,270.23199999344683,48.76365700000327,8,0.7999999999999999,0.5177806501553985,480,D_pmar=0.054_dist=100_repair_6_males=4_nmar=3,FG_theta_2.5,70,13,2.5,4,3
0.054,3,0,0,40.89567751949118,275.23280293371636,42.689017059114654,7,0.7,0.5448205595700556,481,D_pmar=0.054_dist=100_repair_6_males=4_nmar=3,FG_theta_2.5,59,5,2.5,4,3
0.054,12,0,100,39.18578107471036,279.9266617669495,39.74426074405973,8,0.7999999999999999,0.4120370370370375,481,D_pmar=0.054_dist=100_repair_6_males=4_nmar=3,FG_theta_2.5,72,13,2.5,4,3
0,10,100,0,38.51295976405522,287.14960307227847,34.53526413197679,0,0,0,481,D_pmar=0.054_dist=100_repair_6_males=4_nmar=3,FG_theta_2.5,93,11,2.5,4,3
0.054,11,100,100,37.89078820210561,290.02824418793125,30.5349121858626,10,1,0.5656655841855267,481,D_pmar=0.054_dist=100_repair_6_males=4_nmar=3,FG_theta_2.5,68,14,2.5,4,3
0,10,0,0,39.571416142871584,268.77375076275473,51.75601658167798,0,0,0,482,D_pmar=0.054_dist=100_repair_6_males=4_nmar=3,FG_theta_2.5,79,13,2.5,4,3
0.054,8,0,100,41.79518898613455,292.70228424469656,24.372417299069784,7,0.7,0.4499248434447856,482,D_pmar=0.054_dist=100_repair_6_males=4_nmar=3,FG_theta_2.5,71,11,2.5,4,3
0.054,13,100,0,39.726239765305806,288.3630624451183,30.59124833394705,9,0.8999999999999999,0.49224954540650306,482,D_pmar=0.054_dist=100_repair_6_males=4_nmar=3,FG_theta_2.5,59,15,2.5,4,3
0.054,5,100,100,40.74341860697869,281.3161576689099,36.69127858471321,8,0.7999999999999999,0.5652567334699312,482,D_pmar=0.054_dist=100_repair_6_males=4_nmar=3,FG_theta_2.5,64,5,2.5,4,3
0.054,9,0,0,39.631048492475465,288.16591600758954,30.802178607341485,9,0.8999999999999999,0.5034264600471191,483,D_pmar=0.054_dist=100_repair_6_males=4_nmar=3,FG_theta_2.5,55,10,2.5,4,3
0,11,0,100,40.078014825902294,271.00859392480345,48.95791764013168,0,0,0,483,D_pmar=0.054_dist=100_repair_6_males=4_nmar=3,FG_theta_2.5,102,13,2.5,4,3
0.054,7,100,0,39.71498929255439,269.8042952049335,49.185285185011125,11,1.1,0.4973444762555231,483,D_pmar=0.054_dist=100_repair_6_males=4_nmar=3,FG_theta_2.5,56,12,2.5,4,3
0.054,9,100,100,41.56029331357605,274.13701559228156,43.04382952060352,8,0.7999999999999999,0.4595131203515701,483,D_pmar=0.054_dist=100_repair_6_males=4_nmar=3,FG_theta_2.5,61,11,2.5,4,3
0,9,0,0,38.99961183650374,296.57151217326975,24.55102203261214,0,0,0,484,D_pmar=0.054_dist=100_repair_6_males=4_nmar=3,FG_theta_2.5,85,12,2.5,4,3
0.054,7,0,100,38.74635944778468,267.0031675560031,53.02709584912801,9,0.8999999999999999,0.4799492942514458,484,D_pmar=0.054_dist=100_repair_6_males=4_nmar=3,FG_theta_2.5,70,12,2.5,4,3
0.054,10,100,0,38.85228644004943,277.10423854269516,42.598080098659906,10,1,0.453431136559974,484,D_pmar=0.054_dist=100_repair_6_males=4_nmar=3,FG_theta_2.5,73,12,2.5,4,3
0.054,10,100,100,39.086126637739575,276.9696037371171,42.55311021674475,8,0.7999999999999999,0.5987310268879847,484,D_pmar=0.054_dist=100_repair_6_males=4_nmar=3,FG_theta_2.5,64,11,2.5,4,3
0.054,10,0,0,38.68772065437632,290.1517510187214,30.33365478080796,4,0.4,0.4499248434447856,485,D_pmar=0.054_dist=100_repair_6_males=4_nmar=3,FG_theta_2.5,77,12,2.5,4,3
0.054,12,0,100,37.39341453727263,303.4948962591903,18.16259770992347,7,0.7,0.45726644732268784,485,D_pmar=0.054_dist=100_repair_6_males=4_nmar=3,FG_theta_2.5,61,14,2.5,4,3
0.054,11,100,0,41.72013553448931,293.04875530901586,24.17747857780732,6,0.6,0.4861111111111119,485,D_pmar=0.054_dist=100_repair_6_males=4_nmar=3,FG_theta_2.5,54,14,2.5,4,3
0,3,100,100,39.39789268935982,290.31048530951387,30.302295390966925,0,0,0,485,D_pmar=0.054_dist=100_repair_6_males=4_nmar=3,FG_theta_2.5,87,5,2.5,4,3
0.054,9,0,0,39.73344218603344,294.5214066792177,24.28920599278495,9,0.8999999999999999,0.6385364886770896,486,D_pmar=0.054_dist=100_repair_6_males=4_nmar=3,FG_theta_2.5,61,11,2.5,4,3
0,8,0,100,38.27987274227139,266.39579676716875,55.35944958040282,0,0,0,486,D_pmar=0.054_dist=100_repair_6_males=4_nmar=3,FG_theta_2.5,102,11,2.5,4,3
0.054,10,100,0,40.74006529141384,281.0090961485629,36.96283065428383,8,0.7999999999999999,0.539340160569715,486,D_pmar=0.054_dist=100_repair_6_males=4_nmar=3,FG_theta_2.5,65,15,2.5,4,3
0.054,9,100,100,37.67489998982279,272.14347092424697,48.82563893391565,10,1,0.4259259259259264,486,D_pmar=0.054_dist=100_repair_6_males=4_nmar=3,FG_theta_2.5,77,15,2.5,4,3
0.054,11,0,0,38.65679554509768,270.79350292956536,48.623617902061426,15,1.5000000000000002,0.4456242314626812,487,D_pmar=0.054_dist=100_repair_6_males=4_nmar=3,FG_theta_2.5,57,12,2.5,4,3
0,11,0,100,37.94478417861709,260.6979918801749,61.498151396178336,0,0,0,487,D_pmar=0.054_dist=100_repair_6_males=4_nmar=3,FG_theta_2.5,94,11,2.5,4,3
0.054,4,100,0,40.7174760811151,256.58560939520476,61.25670760659151,10,1,0.4820596837084627,487,D_pmar=0.054_dist=100_repair_6_males=4_nmar=3,FG_theta_2.5,70,6,2.5,4,3
0.054,10,100,100,39.1275041025058,282.65334052030454,36.729375816989744,10,1,0.5219449785656377,487,D_pmar=0.054_dist=100_repair_6_males=4_nmar=3,FG_theta_2.5,42,10,2.5,4,3
0.054,4,0,0,38.220090309249294,278.1356644535672,42.56505210616325,7,0.7,0.4861111111111119,488,D_pmar=0.054_dist=100_repair_6_males=4_nmar=3,FG_theta_2.5,63,7,2.5,4,3
0.054,15,0,100,37.281683378540755,290.7812149924795,30.636194939371023,9,0.8999999999999999,0.4548834907219405,488,D_pmar=0.054_dist=100_repair_6_males=4_nmar=3,FG_theta_2.5,59,16,2.5,4,3
0,7,100,0,38.197526541252294,279.2727836327259,42.67732329106465,0,0,0,488,D_pmar=0.054_dist=100_repair_6_males=4_nmar=3,FG_theta_2.5,89,10,2.5,4,3
0.054,10,100,100,37.94057615142998,285.6410309624974,35.09582812258229,9,0.8999999999999999,0.4591841027040448,488,D_pmar=0.054_dist=100_repair_6_males=4_nmar=3,FG_theta_2.5,67,11,2.5,4,3
0.054,11,0,0,38.94562030946573,271.1801951015992,48.43461154294201,10,1,0.5074545048854933,489,D_pmar=0.054_dist=100_repair_6_males=4_nmar=3,FG_theta_2.5,66,16,2.5,4,3
0.054,7,0,100,40.83466937676401,280.81771416993683,36.93847114349873,9,0.8999999999999999,0.5355048498070015,489,D_pmar=0.054_dist=100_repair_6_males=4_nmar=3,FG_theta_2.5,55,12,2.5,4,3
0.054,9,100,0,37.596563098241795,290.89087331084784,30.36606105469225,8,0.7999999999999999,0.5077270720292235,489,D_pmar=0.054_dist=100_repair_6_males=4_nmar=3,FG_theta_2.5,63,12,2.5,4,3
0,9,100,100,39.20303595902802,271.9694324089033,48.86308500198139,0,0,0,489,D_pmar=0.054_dist=100_repair_6_males=4_nmar=3,FG_theta_2.5,100,9,2.5,4,3
0.054,10,0,0,36.38327952566857,279.8603807752466,42.85091160967713,7,0.7,0.4120370370370375,48,D_pmar=0.054_dist=100_repair_6_males=4_nmar=3,FG_theta_2.5,64,12,2.5,4,3
0,11,0,100,38.45672277262859,266.97068722077665,54.60092360482021,0,0,0,48,D_pmar=0.054_dist=100_repair_6_males=4_nmar=3,FG_theta_2.5,88,13,2.5,4,3
0.054,8,100,0,39.24122911310931,276.1747636479261,42.8742203395756,12,1.2,0.5221377126412978,48,D_pmar=0.054_dist=100_repair_6_males=4_nmar=3,FG_theta_2.5,59,14,2.5,4,3
0.054,7,100,100,38.606251461225426,277.65161930301537,42.43164316797513,11,1.1,0.4903318900251461,48,D_pmar=0.054_dist=100_repair_6_males=4_nmar=3,FG_theta_2.5,59,11,2.5,4,3
0.054,11,0,0,39.66893420662631,264.2357083650261,55.24181497057973,5,0.5,0.4749906469742907,490,D_pmar=0.054_dist=100_repair_6_males=4_nmar=3,FG_theta_2.5,65,14,2.5,4,3
0.054,4,0,100,40.60203784687515,268.91004678855376,48.95782046434184,11,1.1,0.5878831298948939,490,D_pmar=0.054_dist=100_repair_6_males=4_nmar=3,FG_theta_2.5,62,6,2.5,4,3
0,7,100,0,39.43771256334559,278.230100830394,42.54007098889281,0,0,0,490,D_pmar=0.054_dist=100_repair_6_males=4_nmar=3,FG_theta_2.5,121,7,2.5,4,3
0.054,14,100,100,38.190773128101014,301.86023296068953,18.435291359545356,11,1.1,0.5818011461032978,490,D_pmar=0.054_dist=100_repair_6_males=4_nmar=3,FG_theta_2.5,65,15,2.5,4,3
0,6,0,0,39.51833548704729,290.13656399012984,30.427165876788223,0,0,0,491,D_pmar=0.054_dist=100_repair_6_males=4_nmar=3,FG_theta_2.5,98,9,2.5,4,3
0.054,9,0,100,39.84818647830488,294.43018319717197,24.27596455375215,9,0.8999999999999999,0.6669723017499181,491,D_pmar=0.054_dist=100_repair_6_males=4_nmar=3,FG_theta_2.5,75,11,2.5,4,3
0.054,12,100,0,39.58988821842439,282.23803872715433,36.95682288761813,7,0.7,0.545093126713786,491,D_pmar=0.054_dist=100_repair_6_males=4_nmar=3,FG_theta_2.5,60,15,2.5,4,3
0.054,9,100,100,39.81919624674202,257.6598136112874,61.27039467638495,9,0.8999999999999999,0.3888888888888892,491,D_pmar=0.054_dist=100_repair_6_males=4_nmar=3,FG_theta_2.5,66,13,2.5,4,3
0.054,10,0,0,40.38298777203734,263.43605183131996,55.23575907369505,7,0.7,0.4360359545558966,492,D_pmar=0.054_dist=100_repair_6_males=4_nmar=3,FG_theta_2.5,68,13,2.5,4,3
0.054,10,0,100,37.63779251660303,284.0154696469676,37.07719545209451,7,0.7,0.5911168558663521,492,D_pmar=0.054_dist=100_repair_6_males=4_nmar=3,FG_theta_2.5,61,11,2.5,4,3
0.054,6,100,0,40.27227513717229,287.4484597449633,30.376141632555235,14,1.4,0.5281632459290991,492,D_pmar=0.054_dist=100_repair_6_males=4_nmar=3,FG_theta_2.5,65,9,2.5,4,3
0,10,100,100,40.6225188070299,270.68178103035035,49.021977727442675,0,0,0,492,D_pmar=0.054_dist=100_repair_6_males=4_nmar=3,FG_theta_2.5,91,13,2.5,4,3
0.054,13,0,0,38.28741538284593,271.70682544837126,49.10125180669804,7,0.7,0.4120370370370375,493,D_pmar=0.054_dist=100_repair_6_males=4_nmar=3,FG_theta_2.5,72,15,2.5,4,3
0.054,13,0,100,39.202469484645725,289.16793215774896,30.223402292365225,9,0.8999999999999999,0.5875541122473686,493,D_pmar=0.054_dist=100_repair_6_males=4_nmar=3,FG_theta_2.5,63,17,2.5,4,3
0.054,3,100,0,41.51478616313111,280.42822296780747,36.792329079843846,10,1,0.4649370688481157,493,D_pmar=0.054_dist=100_repair_6_males=4_nmar=3,FG_theta_2.5,57,7,2.5,4,3
0,7,100,100,39.93596182554422,277.636341454234,42.49906936637902,0,0,0,493,D_pmar=0.054_dist=100_repair_6_males=4_nmar=3,FG_theta_2.5,97,10,2.5,4,3
0.054,4,0,0,38.42072501773987,271.1101196285335,48.89193913328816,12,1.2,0.4958921220935568,494,D_pmar=0.054_dist=100_repair_6_males=4_nmar=3,FG_theta_2.5,71,5,2.5,4,3
0.054,12,0,100,39.65413896481122,276.1914123099005,42.771142063404646,8,0.7999999999999999,0.587883129894894,494,D_pmar=0.054_dist=100_repair_6_males=4_nmar=3,FG_theta_2.5,67,14,2.5,4,3
0,11,100,0,38.076416760364026,266.8967059344474,55.14921710726288,0,0,0,494,D_pmar=0.054_dist=100_repair_6_males=4_nmar=3,FG_theta_2.5,79,14,2.5,4,3
0.054,9,100,100,37.37301395972634,284.65008017861396,36.68787376107668,10,1,0.4499248434447856,494,D_pmar=0.054_dist=100_repair_6_males=4_nmar=3,FG_theta_2.5,77,11,2.5,4,3
0.054,10,0,0,38.746083571372246,276.6542594122031,42.785518338755374,15,1.5000000000000002,0.3935185185185189,495,D_pmar=0.054_dist=100_repair_6_males=4_nmar=3,FG_theta_2.5,72,11,2.5,4,3
0.054,17,0,100,38.70333783732683,289.3379872873977,30.62291980252838,9,0.8999999999999999,0.5377515228358837,495,D_pmar=0.054_dist=100_repair_6_males=4_nmar=3,FG_theta_2.5,62,20,2.5,4,3
0.054,5,100,0,38.55175246091998,264.9241403181721,55.03255844205061,9,0.8999999999999999,0.5968698220104227,495,D_pmar=0.054_dist=100_repair_6_males=4_nmar=3,FG_theta_2.5,69,7,2.5,4,3
0,4,100,100,38.526029535925375,248.12704779400997,73.5237104568528,0,0,0,495,D_pmar=0.054_dist=100_repair_6_males=4_nmar=3,FG_theta_2.5,84,7,2.5,4,3
0,8,0,0,40.67211435733065,252.2804829013377,67.1703058406682,0,0,0,496,D_pmar=0.054_dist=100_repair_6_males=4_nmar=3,FG_theta_2.5,96,11,2.5,4,3
0.054,9,0,100,38.409455169928734,307.92418770456163,12.04586175398836,11,1.1,0.5659946018330521,496,D_pmar=0.054_dist=100_repair_6_males=4_nmar=3,FG_theta_2.5,63,9,2.5,4,3
0.054,9,100,0,37.444592234968574,303.29860690257243,18.341526630540105,5,0.5,0.458333333333334,496,D_pmar=0.054_dist=100_repair_6_males=4_nmar=3,FG_theta_2.5,70,11,2.5,4,3
0.054,10,100,100,38.33637812847711,290.04480710847554,30.64765764280859,5,0.5,0.4905246241008063,496,D_pmar=0.054_dist=100_repair_6_males=4_nmar=3,FG_theta_2.5,63,10,2.5,4,3
0.054,8,0,0,40.012286707701016,280.89950649497723,36.58188595721768,20,2.0000000000000004,0.5567353425737926,497,D_pmar=0.054_dist=100_repair_6_males=4_nmar=3,FG_theta_2.5,68,10,2.5,4,3
0.054,8,0,100,39.98975574474317,282.35060703478746,36.7412617467288,5,0.5,0.6415774805728878,497,D_pmar=0.054_dist=100_repair_6_males=4_nmar=3,FG_theta_2.5,56,11,2.5,4,3
0,9,100,0,39.28302745410643,259.84885918491955,61.12675685666442,0,0,0,497,D_pmar=0.054_dist=100_repair_6_males=4_nmar=3,FG_theta_2.5,97,10,2.5,4,3
0.054,11,100,100,39.41669059261457,270.77150027330276,49.020698062313905,5,0.5,0.402505210634048,497,D_pmar=0.054_dist=100_repair_6_males=4_nmar=3,FG_theta_2.5,73,14,2.5,4,3
0,6,0,0,38.940185145471034,272.4313691670445,48.67701405631371,0,0,0,498,D_pmar=0.054_dist=100_repair_6_males=4_nmar=3,FG_theta_2.5,85,11,2.5,4,3
0.054,9,0,100,37.35769766844882,266.5735869014717,54.74796584080668,9,0.8999999999999999,0.528219696432894,498,D_pmar=0.054_dist=100_repair_6_males=4_nmar=3,FG_theta_2.5,65,11,2.5,4,3
0.054,6,100,0,40.29954607171212,275.0252722216406,43.14217656543891,11,1.1,0.470361017344661,498,D_pmar=0.054_dist=100_repair_6_males=4_nmar=3,FG_theta_2.5,64,9,2.5,4,3
0.054,15,100,100,40.28659861345131,275.30703496300447,42.82745153604238,11,1.1,0.5200273231842809,498,D_pmar=0.054_dist=100_repair_6_males=4_nmar=3,FG_theta_2.5,61,15,2.5,4,3
0.054,6,0,0,40.383771352891166,287.8431680386486,30.317833991682942,10,1,0.5324074074074083,499,D_pmar=0.054_dist=100_repair_6_males=4_nmar=3,FG_theta_2.5,58,10,2.5,4,3
0.054,8,0,100,39.40843803478393,283.26624984118376,36.442260161414545,6,0.6,0.5211506596987219,499,D_pmar=0.054_dist=100_repair_6_males=4_nmar=3,FG_theta_2.5,71,10,2.5,4,3
0,11,100,0,38.85471654672253,266.8257222178327,54.43697504539752,0,0,0,499,D_pmar=0.054_dist=100_repair_6_males=4_nmar=3,FG_theta_2.5,96,15,2.5,4,3
0.054,11,100,100,37.85416195514435,283.71685565743184,36.91332347581851,10,1,0.5194257383930251,499,D_pmar=0.054_dist=100_repair_6_males=4_nmar=3,FG_theta_2.5,75,12,2.5,4,3
0.054,5,0,0,38.888872973712225,280.6919875942084,39.621670362833925,4,0.4,0.4984678127699643,49,D_pmar=0.054_dist=100_repair_6_males=4_nmar=3,FG_theta_2.5,60,8,2.5,4,3
0.054,9,0,100,39.94661547074809,275.9869851020877,42.50586226776707,11,1.1,0.5540798188293149,49,D_pmar=0.054_dist=100_repair_6_males=4_nmar=3,FG_theta_2.5,73,11,2.5,4,3
0.054,13,100,0,37.87405987189147,296.39540215389957,24.412572542784808,9,0.8999999999999999,0.4351851851851858,49,D_pmar=0.054_dist=100_repair_6_males=4_nmar=3,FG_theta_2.5,63,14,2.5,4,3
0,9,100,100,38.384035172557965,287.4899443236986,34.30236697845586,0,0,0,49,D_pmar=0.054_dist=100_repair_6_males=4_nmar=3,FG_theta_2.5,86,11,2.5,4,3
0,8,0,0,39.64903794479474,246.76304592633323,73.61497897925949,0,0,0,500,D_pmar=0.054_dist=100_repair_6_males=4_nmar=3,FG_theta_2.5,94,13,2.5,4,3
0.054,4,0,100,39.405502029619775,282.8385408688582,36.58600353891733,7,0.7,0.4938381831403347,500,D_pmar=0.054_dist=100_repair_6_males=4_nmar=3,FG_theta_2.5,61,4,2.5,4,3
0.054,18,100,0,39.80657887891463,287.41638326786546,30.929030433076477,14,1.4,0.5624883087178635,500,D_pmar=0.054_dist=100_repair_6_males=4_nmar=3,FG_theta_2.5,58,19,2.5,4,3
0.054,6,100,100,37.6455279500645,284.7977973557748,36.63281636059426,8,0.7999999999999999,0.4259823764297215,500,D_pmar=0.054_dist=100_repair_6_males=4_nmar=3,FG_theta_2.5,67,10,2.5,4,3
0,7,0,0,39.79745049679884,271.32483991866474,48.935616226725145,0,0,0,501,D_pmar=0.054_dist=100_repair_6_males=4_nmar=3,FG_theta_2.5,88,11,2.5,4,3
0.054,8,0,100,38.444836225371,282.8650261847173,36.79590348098415,14,1.4,0.5652002829661362,501,D_pmar=0.054_dist=100_repair_6_males=4_nmar=3,FG_theta_2.5,61,10,2.5,4,3
0.054,8,100,0,36.99361544033537,260.22633531048086,61.687589729799335,9,0.8999999999999999,0.4734020092404591,501,D_pmar=0.054_dist=100_repair_6_males=4_nmar=3,FG_theta_2.5,72,10,2.5,4,3
0.054,13,100,100,40.71724587762856,275.6800146329303,42.44628094363105,8,0.7999999999999999,0.4027777777777782,501,D_pmar=0.054_dist=100_repair_6_males=4_nmar=3,FG_theta_2.5,63,16,2.5,4,3
0.054,11,0,0,39.66329485848221,282.2585582070891,36.886553926845785,7,0.7,0.5224102797850282,502,D_pmar=0.054_dist=100_repair_6_males=4_nmar=3,FG_theta_2.5,76,13,2.5,4,3
0.054,8,0,100,39.298017573131915,294.3935099510591,24.534830538127913,11,1.1,0.7128032968268241,502,D_pmar=0.054_dist=100_repair_6_males=4_nmar=3,FG_theta_2.5,56,8,2.5,4,3
0,4,100,0,38.542648002334694,284.82273731138184,36.660869976558786,0,0,0,502,D_pmar=0.054_dist=100_repair_6_males=4_nmar=3,FG_theta_2.5,98,7,2.5,4,3
0.054,13,100,100,38.990012666023496,283.7762261987754,36.44808602690761,4,0.4,0.455348791941331,502,D_pmar=0.054_dist=100_repair_6_males=4_nmar=3,FG_theta_2.5,78,15,2.5,4,3
0.054,15,0,0,37.13722764917477,290.41286819444184,30.521844587005404,14,1.4,0.6803958894194164,503,D_pmar=0.054_dist=100_repair_6_males=4_nmar=3,FG_theta_2.5,57,15,2.5,4,3
0.054,7,0,100,38.85553274482964,289.74194747000195,30.208236083983053,8,0.7999999999999999,0.3981481481481486,503,D_pmar=0.054_dist=100_repair_6_males=4_nmar=3,FG_theta_2.5,61,10,2.5,4,3
0,7,100,0,39.02807055345962,248.9518351255163,72.23727138796517,0,0,0,503,D_pmar=0.054_dist=100_repair_6_males=4_nmar=3,FG_theta_2.5,103,8,2.5,4,3
0.054,7,100,100,40.28533709677209,275.98431274858314,42.57624231182309,7,0.7,0.4769083023556476,503,D_pmar=0.054_dist=100_repair_6_males=4_nmar=3,FG_theta_2.5,69,9,2.5,4,3
0.054,5,0,0,38.55891222886275,301.9368001069945,18.356591995941347,8,0.7999999999999999,0.486167561614907,504,D_pmar=0.054_dist=100_repair_6_males=4_nmar=3,FG_theta_2.5,66,7,2.5,4,3
0.054,14,0,100,39.13528948437837,301.3886127871469,18.236511869839465,9,0.8999999999999999,0.5027684247520685,504,D_pmar=0.054_dist=100_repair_6_males=4_nmar=3,FG_theta_2.5,53,16,2.5,4,3
0,9,100,0,38.91478396253278,229.15652989342405,92.04412781475072,0,0,0,504,D_pmar=0.054_dist=100_repair_6_males=4_nmar=3,FG_theta_2.5,112,12,2.5,4,3
0.054,8,100,100,39.49402837914765,276.2644452822247,42.624830589528464,11,1.1,0.5605706533365066,504,D_pmar=0.054_dist=100_repair_6_males=4_nmar=3,FG_theta_2.5,66,12,2.5,4,3
0.054,10,0,0,39.362105344715445,288.8054572503972,30.550935429808703,8,0.7999999999999999,0.5077270720292235,505,D_pmar=0.054_dist=100_repair_6_males=4_nmar=3,FG_theta_2.5,52,12,2.5,4,3
0.054,10,0,100,38.24505995168571,271.04436699973434,48.801442689915056,14,1.4,0.5298083341667256,505,D_pmar=0.054_dist=100_repair_6_males=4_nmar=3,FG_theta_2.5,70,11,2.5,4,3
0.054,8,100,0,40.66013651893592,262.3269250684379,55.76302542683046,9,0.8999999999999999,0.3981481481481486,505,D_pmar=0.054_dist=100_repair_6_males=4_nmar=3,FG_theta_2.5,60,12,2.5,4,3
0,8,100,100,40.19239264807387,270.9048007466467,48.9159866377634,0,0,0,505,D_pmar=0.054_dist=100_repair_6_males=4_nmar=3,FG_theta_2.5,90,9,2.5,4,3
0.054,8,0,0,41.180275536627065,299.8311222589259,18.054893770912265,3,0.30000000000000004,0.6384002051052243,506,D_pmar=0.054_dist=100_repair_6_males=4_nmar=3,FG_theta_2.5,75,9,2.5,4,3
0.054,8,0,100,37.72555604253593,303.30703815394935,18.184400237718815,4,0.4,0.5385458417027995,506,D_pmar=0.054_dist=100_repair_6_males=4_nmar=3,FG_theta_2.5,68,12,2.5,4,3
0,9,100,0,39.727724151593705,265.48976193355765,54.91735646351966,0,0,0,506,D_pmar=0.054_dist=100_repair_6_males=4_nmar=3,FG_theta_2.5,101,13,2.5,4,3
0.054,11,100,100,38.3872423167461,314.43656738407594,6.014535205941964,9,0.8999999999999999,0.4398148148148154,506,D_pmar=0.054_dist=100_repair_6_males=4_nmar=3,FG_theta_2.5,58,11,2.5,4,3
0.054,8,0,0,39.50390501438181,286.99967733848894,32.1796652378893,10,1,0.37962962962962993,507,D_pmar=0.054_dist=100_repair_6_males=4_nmar=3,FG_theta_2.5,67,11,2.5,4,3
0,9,0,100,40.44196022036234,264.55939075900244,55.159334072335,0,0,0,507,D_pmar=0.054_dist=100_repair_6_males=4_nmar=3,FG_theta_2.5,82,12,2.5,4,3
0.054,8,100,0,38.17535359691657,276.0906712105595,44.671228069218834,8,0.7999999999999999,0.4758414163450015,507,D_pmar=0.054_dist=100_repair_6_males=4_nmar=3,FG_theta_2.5,59,12,2.5,4,3
0.054,11,100,100,39.06451283437204,303.46733032509667,16.136449884435116,8,0.7999999999999999,0.5351758321594762,507,D_pmar=0.054_dist=100_repair_6_males=4_nmar=3,FG_theta_2.5,58,13,2.5,4,3
0.054,16,0,0,37.338700932834335,290.6772665513369,30.395747734921372,11,1.1,0.4953703703703712,508,D_pmar=0.054_dist=100_repair_6_males=4_nmar=3,FG_theta_2.5,63,17,2.5,4,3
0,7,0,100,40.05296738501327,264.9257731704025,55.03280937481207,0,0,0,508,D_pmar=0.054_dist=100_repair_6_males=4_nmar=3,FG_theta_2.5,111,8,2.5,4,3
0.054,8,100,0,38.97656260530172,301.1796599175007,18.273654781146092,10,1,0.6230025115505742,508,D_pmar=0.054_dist=100_repair_6_males=4_nmar=3,FG_theta_2.5,66,9,2.5,4,3
0.054,5,100,100,37.56747250549276,260.6750885581629,60.76258434392365,6,0.6,0.5609561214878268,508,D_pmar=0.054_dist=100_repair_6_males=4_nmar=3,FG_theta_2.5,78,6,2.5,4,3
0,4,0,0,39.469997547626065,259.23209974247305,61.35724888402683,0,0,0,509,D_pmar=0.054_dist=100_repair_6_males=4_nmar=3,FG_theta_2.5,76,8,2.5,4,3
0.054,12,0,100,39.22070623919615,289.3338944030849,30.605506434631245,5,0.5,0.391657313640957,509,D_pmar=0.054_dist=100_repair_6_males=4_nmar=3,FG_theta_2.5,63,13,2.5,4,3
0.054,13,100,0,33.974129148854104,300.36152003977736,24.15849835368512,11,1.1,0.4422542219193578,509,D_pmar=0.054_dist=100_repair_6_males=4_nmar=3,FG_theta_2.5,55,16,2.5,4,3
0.054,7,100,100,40.198756156669745,288.0940866078121,30.548802297035984,8,0.7999999999999999,0.5208216420511966,509,D_pmar=0.054_dist=100_repair_6_males=4_nmar=3,FG_theta_2.5,63,11,2.5,4,3
0,9,0,0,39.182418472737595,284.39082092348826,36.45512838749351,0,0,0,50,D_pmar=0.054_dist=100_repair_6_males=4_nmar=3,FG_theta_2.5,82,10,2.5,4,3
0.054,11,0,100,38.21127952762752,296.38648059563866,24.23949125510731,6,0.6,0.5718040184809177,50,D_pmar=0.054_dist=100_repair_6_males=4_nmar=3,FG_theta_2.5,48,12,2.5,4,3
0.054,6,100,0,40.01767963707981,270.3138256928316,48.43107137604187,8,0.7999999999999999,0.4379536099372535,50,D_pmar=0.054_dist=100_repair_6_males=4_nmar=3,FG_theta_2.5,61,10,2.5,4,3
0.054,10,100,100,38.943815637055145,283.0625183729832,36.66332766272954,10,1,0.4365012557752871,50,D_pmar=0.054_dist=100_repair_6_males=4_nmar=3,FG_theta_2.5,75,14,2.5,4,3
0,7,0,0,38.49594938881342,259.5205782229374,62.06114773393636,0,0,0,510,D_pmar=0.054_dist=100_repair_6_males=4_nmar=3,FG_theta_2.5,99,9,2.5,4,3
0.054,18,0,100,37.59040019528116,302.6134873386025,18.329316998720543,12,1.2,0.5647349817467456,510,D_pmar=0.054_dist=100_repair_6_males=4_nmar=3,FG_theta_2.5,52,20,2.5,4,3
0.054,6,100,0,38.601006018711935,271.1494618482939,48.7897406675921,10,1,0.5158629947740416,510,D_pmar=0.054_dist=100_repair_6_males=4_nmar=3,FG_theta_2.5,64,9,2.5,4,3
0.054,5,100,100,38.76999389801033,265.6799057482037,54.47325577395218,9,0.8999999999999999,0.3703703703703706,510,D_pmar=0.054_dist=100_repair_6_males=4_nmar=3,FG_theta_2.5,69,7,2.5,4,3
0,5,0,0,37.94296741271858,236.88413112830375,85.19331322177875,0,0,0,511,D_pmar=0.054_dist=100_repair_6_males=4_nmar=3,FG_theta_2.5,94,6,2.5,4,3
0.054,8,0,100,38.87822445485181,258.56535132619103,61.16638885586128,11,1.1,0.4112991686739167,511,D_pmar=0.054_dist=100_repair_6_males=4_nmar=3,FG_theta_2.5,76,11,2.5,4,3
0.054,10,100,0,39.7864273849475,270.29387840574276,48.814064764040026,8,0.7999999999999999,0.4780316388700888,511,D_pmar=0.054_dist=100_repair_6_males=4_nmar=3,FG_theta_2.5,59,15,2.5,4,3
0.054,13,100,100,38.754443891533235,307.13174682881737,12.14479108590696,15,1.5000000000000002,0.537037037037038,511,D_pmar=0.054_dist=100_repair_6_males=4_nmar=3,FG_theta_2.5,53,15,2.5,4,3
0.054,8,0,0,38.36463235932713,271.28618898761215,48.94717966963327,10,1,0.42022941028565064,512,D_pmar=0.054_dist=100_repair_6_males=4_nmar=3,FG_theta_2.5,69,11,2.5,4,3
0.054,11,0,100,40.77090734342301,293.2753105820078,24.402617562489382,11,1.1,0.4915915101114523,512,D_pmar=0.054_dist=100_repair_6_males=4_nmar=3,FG_theta_2.5,57,12,2.5,4,3
0.054,11,100,0,37.83398352975188,272.32363849730194,48.87658286222098,7,0.7,0.458333333333334,512,D_pmar=0.054_dist=100_repair_6_males=4_nmar=3,FG_theta_2.5,60,12,2.5,4,3
0,6,100,100,39.8548759007363,271.19248096000166,49.14161330912264,0,0,0,512,D_pmar=0.054_dist=100_repair_6_males=4_nmar=3,FG_theta_2.5,88,7,2.5,4,3
0.054,10,0,0,39.115946116945736,276.69380611962515,43.135155462076206,7,0.7,0.45071916231170134,513,D_pmar=0.054_dist=100_repair_6_males=4_nmar=3,FG_theta_2.5,50,13,2.5,4,3
0,6,0,100,38.67744813383823,278.7738453516264,42.60747547573858,0,0,0,513,D_pmar=0.054_dist=100_repair_6_males=4_nmar=3,FG_theta_2.5,86,11,2.5,4,3
0.054,8,100,0,40.6709394683485,263.03976070968497,55.36041001217885,7,0.7,0.365740740740741,513,D_pmar=0.054_dist=100_repair_6_males=4_nmar=3,FG_theta_2.5,57,9,2.5,4,3
0.054,12,100,100,39.51968887057868,312.96798530163693,6.12314442993607,10,1,0.4750470974780857,513,D_pmar=0.054_dist=100_repair_6_males=4_nmar=3,FG_theta_2.5,52,13,2.5,4,3
0,8,0,0,37.89822652278983,260.81276727955265,61.49946971106235,0,0,0,514,D_pmar=0.054_dist=100_repair_6_males=4_nmar=3,FG_theta_2.5,100,10,2.5,4,3
0.054,5,0,100,38.85821206940302,289.0795935856869,30.467187691833093,13,1.3,0.5388748593503249,514,D_pmar=0.054_dist=100_repair_6_males=4_nmar=3,FG_theta_2.5,51,9,2.5,4,3
0.054,13,100,0,37.46946421838502,296.779421981408,24.52488745680224,9,0.8999999999999999,0.3564814814814817,514,D_pmar=0.054_dist=100_repair_6_males=4_nmar=3,FG_theta_2.5,52,16,2.5,4,3
0.054,10,100,100,40.59692054367904,263.4740063359711,55.05240151617967,6,0.6,0.45025386109231097,514,D_pmar=0.054_dist=100_repair_6_males=4_nmar=3,FG_theta_2.5,57,15,2.5,4,3
0.054,11,0,0,36.33287972391281,298.0720843449777,24.36113802416037,8,0.7999999999999999,0.6495771197458406,515,D_pmar=0.054_dist=100_repair_6_males=4_nmar=3,FG_theta_2.5,60,14,2.5,4,3
0.054,8,0,100,37.44527279092445,291.26273816482967,30.440082994120285,7,0.7,0.4788259577370046,515,D_pmar=0.054_dist=100_repair_6_males=4_nmar=3,FG_theta_2.5,76,11,2.5,4,3
0,7,100,0,37.698733055151685,279.61655950866316,42.761314881646186,0,0,0,515,D_pmar=0.054_dist=100_repair_6_males=4_nmar=3,FG_theta_2.5,84,13,2.5,4,3
0.054,10,100,100,40.103586110702565,282.2343493908958,36.5277139322122,7,0.7,0.497344476255523,515,D_pmar=0.054_dist=100_repair_6_males=4_nmar=3,FG_theta_2.5,74,13,2.5,4,3
0.054,7,0,0,37.629197510011934,272.66848857935616,48.91269416553859,4,0.4,0.4768518518518526,516,D_pmar=0.054_dist=100_repair_6_males=4_nmar=3,FG_theta_2.5,61,8,2.5,4,3
0,15,0,100,38.36073041148988,290.9033765672394,30.804025559069952,0,0,0,516,D_pmar=0.054_dist=100_repair_6_males=4_nmar=3,FG_theta_2.5,107,17,2.5,4,3
0.054,11,100,0,37.60846171562089,302.80278462856126,18.23625233226748,11,1.1,0.5316695390442875,516,D_pmar=0.054_dist=100_repair_6_males=4_nmar=3,FG_theta_2.5,59,13,2.5,4,3
0.054,3,100,100,39.74214119697939,276.2676695030292,42.89952206307603,8,0.7999999999999999,0.5009072198745066,516,D_pmar=0.054_dist=100_repair_6_males=4_nmar=3,FG_theta_2.5,63,8,2.5,4,3
0.054,12,0,0,41.129487036689,299.50476433130484,18.19475157706983,8,0.7999999999999999,0.5218086949937726,517,D_pmar=0.054_dist=100_repair_6_males=4_nmar=3,FG_theta_2.5,57,12,2.5,4,3
0.054,8,0,100,38.67028062218503,289.87726132154074,30.393011823271927,6,0.6,0.46381373233367446,517,D_pmar=0.054_dist=100_repair_6_males=4_nmar=3,FG_theta_2.5,60,9,2.5,4,3
0,12,100,0,38.425192007501344,272.6151786405902,48.96062161189288,0,0,0,517,D_pmar=0.054_dist=100_repair_6_males=4_nmar=3,FG_theta_2.5,93,14,2.5,4,3
0.054,4,100,100,41.179175841381294,295.7436444527474,22.023405745463823,6,0.6,0.4556778095888563,517,D_pmar=0.054_dist=100_repair_6_males=4_nmar=3,FG_theta_2.5,57,4,2.5,4,3
0.054,9,0,0,36.04668114877463,316.1994383458641,6.102844371545161,12,1.2,0.5227392974325535,518,D_pmar=0.054_dist=100_repair_6_males=4_nmar=3,FG_theta_2.5,63,9,2.5,4,3
0.054,10,0,100,39.44293748386744,264.7984709903146,54.909842257250965,6,0.6,0.4379536099372535,518,D_pmar=0.054_dist=100_repair_6_males=4_nmar=3,FG_theta_2.5,73,13,2.5,4,3
0,8,100,0,39.476198276878286,265.5070210650054,55.05310389101198,0,0,0,518,D_pmar=0.054_dist=100_repair_6_males=4_nmar=3,FG_theta_2.5,94,9,2.5,4,3
0.054,9,100,100,39.61728933068395,288.657267401046,30.786538418544087,6,0.6,0.5559410237068769,518,D_pmar=0.054_dist=100_repair_6_males=4_nmar=3,FG_theta_2.5,57,10,2.5,4,3
0.054,12,0,0,38.85944007583435,307.9386561929303,12.09229274119263,7,0.7,0.42485903991528046,519,D_pmar=0.054_dist=100_repair_6_males=4_nmar=3,FG_theta_2.5,42,14,2.5,4,3
0.054,7,0,100,42.43161194040202,274.3672628331926,42.75633765232381,3,0.30000000000000004,0.4066695390442871,519,D_pmar=0.054_dist=100_repair_6_males=4_nmar=3,FG_theta_2.5,57,9,2.5,4,3
0,8,100,0,42.99991389527226,286.6241053169289,30.42098662292921,0,0,0,519,D_pmar=0.054_dist=100_repair_6_males=4_nmar=3,FG_theta_2.5,83,10,2.5,4,3
0.054,9,100,100,36.79027524590925,304.02327990261483,18.22221517691877,7,0.7,0.4248590399152804,519,D_pmar=0.054_dist=100_repair_6_males=4_nmar=3,FG_theta_2.5,55,10,2.5,4,3
0.054,6,0,0,38.515957685977,300.5941825884955,19.9072223578262,6,0.6,0.60407514231646,51,D_pmar=0.054_dist=100_repair_6_males=4_nmar=3,FG_theta_2.5,67,9,2.5,4,3
0.054,14,0,100,39.13443606055307,295.5541668166609,24.210725182082843,7,0.7,0.5532290494586042,51,D_pmar=0.054_dist=100_repair_6_males=4_nmar=3,FG_theta_2.5,81,18,2.5,4,3
0,6,100,0,37.32309157550422,279.803458601592,42.915993874843146,0,0,0,51,D_pmar=0.054_dist=100_repair_6_males=4_nmar=3,FG_theta_2.5,92,11,2.5,4,3
0.054,10,100,100,38.42072138444589,296.2589649770462,24.24224185289824,6,0.6,0.5613649722034224,51,D_pmar=0.054_dist=100_repair_6_males=4_nmar=3,FG_theta_2.5,72,11,2.5,4,3
0,11,0,0,40.20431065803625,270.94546541751305,48.9325728197531,0,0,0,520,D_pmar=0.054_dist=100_repair_6_males=4_nmar=3,FG_theta_2.5,97,13,2.5,4,3
0.054,6,0,100,38.81526005092786,271.17066583178604,48.88745505735557,7,0.7,0.4757849658412066,520,D_pmar=0.054_dist=100_repair_6_males=4_nmar=3,FG_theta_2.5,78,9,2.5,4,3
0.054,11,100,0,37.32171134984544,290.38583338512433,30.9207297012047,10,1,0.5525710141635535,520,D_pmar=0.054_dist=100_repair_6_males=4_nmar=3,FG_theta_2.5,81,15,2.5,4,3
0.054,8,100,100,37.098568145834314,297.3783262380398,24.227531339784186,8,0.7999999999999999,0.6307295835797967,520,D_pmar=0.054_dist=100_repair_6_males=4_nmar=3,FG_theta_2.5,51,8,2.5,4,3
0,5,0,0,41.51229598448268,263.98266952982243,54.635300202774395,0,0,0,521,D_pmar=0.054_dist=100_repair_6_males=4_nmar=3,FG_theta_2.5,92,9,2.5,4,3
0.054,12,0,100,39.72468920355016,282.2936541593751,36.55468985159801,10,1,0.4834555873666342,521,D_pmar=0.054_dist=100_repair_6_males=4_nmar=3,FG_theta_2.5,61,13,2.5,4,3
0.054,10,100,0,38.3923485185729,296.0168576326124,24.503791103188377,7,0.7,0.4734020092404591,521,D_pmar=0.054_dist=100_repair_6_males=4_nmar=3,FG_theta_2.5,59,12,2.5,4,3
0.054,9,100,100,38.3829232480486,277.6772762238025,42.74587930494058,9,0.8999999999999999,0.4259259259259264,521,D_pmar=0.054_dist=100_repair_6_males=4_nmar=3,FG_theta_2.5,61,14,2.5,4,3
0,8,0,0,41.04675467825785,251.62519674380695,67.37105672263858,0,0,0,522,D_pmar=0.054_dist=100_repair_6_males=4_nmar=3,FG_theta_2.5,92,10,2.5,4,3
0.054,8,0,100,38.40607935008948,277.28618867813606,42.776783741382026,10,1,0.5671743888512881,522,D_pmar=0.054_dist=100_repair_6_males=4_nmar=3,FG_theta_2.5,65,9,2.5,4,3
0.054,13,100,0,38.37734379849861,276.5869091651023,43.23039458736934,13,1.3,0.5636116452323047,522,D_pmar=0.054_dist=100_repair_6_males=4_nmar=3,FG_theta_2.5,66,14,2.5,4,3
0.054,7,100,100,39.536680694469126,282.739762119486,36.671956519858725,8,0.7999999999999999,0.4314063249262669,522,D_pmar=0.054_dist=100_repair_6_males=4_nmar=3,FG_theta_2.5,61,10,2.5,4,3
0.054,4,0,0,38.363658739148,270.8616462729962,49.17266277232305,13,1.3,0.46573138771503136,523,D_pmar=0.054_dist=100_repair_6_males=4_nmar=3,FG_theta_2.5,79,7,2.5,4,3
0,10,0,100,40.2013662401931,289.48886805485114,30.354196466925064,0,0,0,523,D_pmar=0.054_dist=100_repair_6_males=4_nmar=3,FG_theta_2.5,89,11,2.5,4,3
0.054,10,100,0,40.5606509249005,281.62688894341295,36.56642128477016,8,0.7999999999999999,0.5093157097630551,523,D_pmar=0.054_dist=100_repair_6_males=4_nmar=3,FG_theta_2.5,62,13,2.5,4,3
0.054,12,100,100,38.40944264486452,271.4374282815776,49.13038899747402,6,0.6,0.5138888888888897,523,D_pmar=0.054_dist=100_repair_6_males=4_nmar=3,FG_theta_2.5,68,15,2.5,4,3
0.054,7,0,0,39.33199818951709,282.9470149274464,36.550862924839905,7,0.7,0.4764430011362571,524,D_pmar=0.054_dist=100_repair_6_males=4_nmar=3,FG_theta_2.5,65,11,2.5,4,3
0,12,0,100,38.39609028433106,290.9668623074356,30.64185384267898,0,0,0,524,D_pmar=0.054_dist=100_repair_6_males=4_nmar=3,FG_theta_2.5,102,16,2.5,4,3
0.054,9,100,0,38.8977615536823,295.1211098820895,24.554655858721688,9,0.8999999999999999,0.5878831298948939,524,D_pmar=0.054_dist=100_repair_6_males=4_nmar=3,FG_theta_2.5,55,13,2.5,4,3
0.054,8,100,100,38.96174652591068,262.0329626140848,57.8195950158208,9,0.8999999999999999,0.49926213163688,524,D_pmar=0.054_dist=100_repair_6_males=4_nmar=3,FG_theta_2.5,71,15,2.5,4,3
0.054,7,0,0,39.46957594963872,263.77390265896923,54.863967164002304,15,1.5000000000000002,0.5046296296296304,525,D_pmar=0.054_dist=100_repair_6_males=4_nmar=3,FG_theta_2.5,75,15,2.5,4,3
0.054,10,0,100,40.46692626180984,270.0193781043126,48.30657950427261,8,0.7999999999999999,0.4379536099372536,525,D_pmar=0.054_dist=100_repair_6_males=4_nmar=3,FG_theta_2.5,62,15,2.5,4,3
0,11,100,0,39.6408083496561,259.77639593337625,60.7366659706015,0,0,0,525,D_pmar=0.054_dist=100_repair_6_males=4_nmar=3,FG_theta_2.5,90,13,2.5,4,3
0.054,8,100,100,40.03859691578387,263.4837854644284,54.68598566186287,13,1.3,0.508192373248614,525,D_pmar=0.054_dist=100_repair_6_males=4_nmar=3,FG_theta_2.5,64,9,2.5,4,3
0.054,8,0,0,41.41163253889869,274.7329428679764,42.89699072533723,6,0.6,0.3888888888888892,526,D_pmar=0.054_dist=100_repair_6_males=4_nmar=3,FG_theta_2.5,64,8,2.5,4,3
0.054,6,0,100,40.627700744951575,275.2387188875204,42.6113824967875,11,1.1,0.4337892815270144,526,D_pmar=0.054_dist=100_repair_6_males=4_nmar=3,FG_theta_2.5,56,7,2.5,4,3
0,9,100,0,39.29519180357733,253.7970556221731,67.11656207070156,0,0,0,526,D_pmar=0.054_dist=100_repair_6_males=4_nmar=3,FG_theta_2.5,95,11,2.5,4,3
0.054,13,100,100,38.55155099394721,289.28501670226865,30.39391941530311,13,1.3,0.545093126713786,526,D_pmar=0.054_dist=100_repair_6_males=4_nmar=3,FG_theta_2.5,56,15,2.5,4,3
0.054,4,0,0,40.97213180564959,292.6995535403479,24.490198546079853,12,1.2,0.6915728040600327,527,D_pmar=0.054_dist=100_repair_6_males=4_nmar=3,FG_theta_2.5,56,8,2.5,4,3
0.054,9,0,100,36.56417814096637,291.75246285515726,30.61416606455611,7,0.7,0.4490740740740747,527,D_pmar=0.054_dist=100_repair_6_males=4_nmar=3,FG_theta_2.5,60,12,2.5,4,3
0.054,14,100,0,40.74307874492819,267.3763228789336,50.769646592340074,7,0.7,0.43411829917453976,527,D_pmar=0.054_dist=100_repair_6_males=4_nmar=3,FG_theta_2.5,84,18,2.5,4,3
0,9,100,100,38.96929822938943,271.84621035985055,49.22548482831364,0,0,0,527,D_pmar=0.054_dist=100_repair_6_males=4_nmar=3,FG_theta_2.5,95,12,2.5,4,3
0.054,8,0,0,38.827034311548694,265.4499769649437,54.88854389591932,4,0.4,0.47611398348873185,528,D_pmar=0.054_dist=100_repair_6_males=4_nmar=3,FG_theta_2.5,74,14,2.5,4,3
0.054,10,0,100,39.908648902656246,293.2817642833901,24.533059675819267,17,1.7000000000000004,0.6200179701585711,528,D_pmar=0.054_dist=100_repair_6_males=4_nmar=3,FG_theta_2.5,50,11,2.5,4,3
0.054,12,100,0,39.62633806749741,264.4409247941762,54.85115399242903,7,0.7,0.3842592592592596,528,D_pmar=0.054_dist=100_repair_6_males=4_nmar=3,FG_theta_2.5,71,14,2.5,4,3
0,6,100,100,38.589697938305605,284.96430252719546,36.63657154254508,0,0,0,528,D_pmar=0.054_dist=100_repair_6_males=4_nmar=3,FG_theta_2.5,85,6,2.5,4,3
0.054,11,0,0,37.353081581902416,290.5757849262005,30.774345957148828,9,0.8999999999999999,0.4259259259259264,529,D_pmar=0.054_dist=100_repair_6_males=4_nmar=3,FG_theta_2.5,66,16,2.5,4,3
0.054,7,0,100,39.041987677462274,271.06171165731064,48.7598853758801,8,0.7999999999999999,0.460307439218486,529,D_pmar=0.054_dist=100_repair_6_males=4_nmar=3,FG_theta_2.5,68,9,2.5,4,3
0,7,100,0,38.16621996578886,279.03357881973403,42.82445042240024,0,0,0,529,D_pmar=0.054_dist=100_repair_6_males=4_nmar=3,FG_theta_2.5,93,10,2.5,4,3
0.054,11,100,100,37.07194133317925,285.0273570792904,36.61071409205445,9,0.8999999999999999,0.5038917612665097,529,D_pmar=0.054_dist=100_repair_6_males=4_nmar=3,FG_theta_2.5,48,13,2.5,4,3
0.054,3,0,0,40.14204936338565,269.67771946611083,48.78447558493557,10,1,0.5278342282815736,52,D_pmar=0.054_dist=100_repair_6_males=4_nmar=3,FG_theta_2.5,59,4,2.5,4,3
0.054,14,0,100,38.490989877422045,277.9162635259644,42.66465488082375,6,0.6,0.3750000000000003,52,D_pmar=0.054_dist=100_repair_6_males=4_nmar=3,FG_theta_2.5,64,17,2.5,4,3
0.054,11,100,0,37.7599123331425,302.359464890192,18.30944070487976,12,1.2,0.5317259895480825,52,D_pmar=0.054_dist=100_repair_6_males=4_nmar=3,FG_theta_2.5,60,12,2.5,4,3
0,8,100,100,37.969492630419346,261.00105279339004,61.05230291997264,0,0,0,52,D_pmar=0.054_dist=100_repair_6_males=4_nmar=3,FG_theta_2.5,90,11,2.5,4,3
0.054,13,0,0,40.16360502874235,282.46994379670497,36.171995769713746,9,0.8999999999999999,0.4826612684997183,530,D_pmar=0.054_dist=100_repair_6_males=4_nmar=3,FG_theta_2.5,69,13,2.5,4,3
0.054,6,0,100,38.964468845626776,289.2924833033805,30.636582610883128,8,0.7999999999999999,0.4141474264940546,530,D_pmar=0.054_dist=100_repair_6_males=4_nmar=3,FG_theta_2.5,56,9,2.5,4,3
0,8,100,0,37.93162757042585,291.5235191776458,30.71842007783591,0,0,0,530,D_pmar=0.054_dist=100_repair_6_males=4_nmar=3,FG_theta_2.5,99,10,2.5,4,3
0.054,9,100,100,38.09678665072098,289.79310359772387,31.07650732863302,5,0.5,0.5999108139062208,530,D_pmar=0.054_dist=100_repair_6_males=4_nmar=3,FG_theta_2.5,50,12,2.5,4,3
0.054,5,0,0,38.83766612633626,283.1013608670437,36.57102354473182,12,1.2,0.41666666666666713,531,D_pmar=0.054_dist=100_repair_6_males=4_nmar=3,FG_theta_2.5,67,7,2.5,4,3
0.054,9,0,100,38.85617971474237,289.4227631736759,30.383708823416715,10,1,0.5124929852307184,531,D_pmar=0.054_dist=100_repair_6_males=4_nmar=3,FG_theta_2.5,50,12,2.5,4,3
0,7,100,0,41.524976102867775,245.91373443845131,72.85761371988045,0,0,0,531,D_pmar=0.054_dist=100_repair_6_males=4_nmar=3,FG_theta_2.5,102,12,2.5,4,3
0.054,15,100,100,36.74299633490296,272.3336901600156,49.55996350267005,9,0.8999999999999999,0.5205490749074663,531,D_pmar=0.054_dist=100_repair_6_males=4_nmar=3,FG_theta_2.5,61,19,2.5,4,3
0.054,7,0,0,39.63709101566868,289.0887677097289,30.55448171455094,5,0.5,0.460307439218486,532,D_pmar=0.054_dist=100_repair_6_males=4_nmar=3,FG_theta_2.5,49,10,2.5,4,3
0.054,11,0,100,38.64723428125718,295.58349734125255,24.38075327494322,10,1,0.3981481481481486,532,D_pmar=0.054_dist=100_repair_6_males=4_nmar=3,FG_theta_2.5,65,16,2.5,4,3
0,9,100,0,38.73451807163834,265.98484756423306,55.28407474163966,0,0,0,532,D_pmar=0.054_dist=100_repair_6_males=4_nmar=3,FG_theta_2.5,110,15,2.5,4,3
0.054,9,100,100,41.59884910751256,280.31614931815807,36.74191743193262,9,0.8999999999999999,0.577035232901803,532,D_pmar=0.054_dist=100_repair_6_males=4_nmar=3,FG_theta_2.5,55,13,2.5,4,3
0.054,12,0,0,38.81102111145285,271.26435147815744,48.40518811502631,11,1.1,0.5433117549042943,533,D_pmar=0.054_dist=100_repair_6_males=4_nmar=3,FG_theta_2.5,72,14,2.5,4,3
0,4,0,100,39.63060246165988,278.3343043092067,42.43029565461417,0,0,0,533,D_pmar=0.054_dist=100_repair_6_males=4_nmar=3,FG_theta_2.5,86,9,2.5,4,3
0.054,10,100,0,40.109161961794925,269.8882386408035,48.89511063991917,8,0.7999999999999999,0.4741963281073749,533,D_pmar=0.054_dist=100_repair_6_males=4_nmar=3,FG_theta_2.5,73,13,2.5,4,3
0.054,10,100,100,39.09525391755299,270.9652004828375,48.34909068237234,12,1.2,0.508192373248614,533,D_pmar=0.054_dist=100_repair_6_males=4_nmar=3,FG_theta_2.5,65,13,2.5,4,3
0.054,3,0,0,38.97227383400072,266.92166555738214,52.739054354487934,9,0.8999999999999999,0.4981387951224388,534,D_pmar=0.054_dist=100_repair_6_males=4_nmar=3,FG_theta_2.5,63,6,2.5,4,3
0,7,0,100,39.23645208309115,265.69121893242425,55.2145285731575,0,0,0,534,D_pmar=0.054_dist=100_repair_6_males=4_nmar=3,FG_theta_2.5,91,12,2.5,4,3
0.054,7,100,0,40.775649747056,257.0721134091608,60.87967667409491,9,0.8999999999999999,0.3929169337272633,534,D_pmar=0.054_dist=100_repair_6_males=4_nmar=3,FG_theta_2.5,68,10,2.5,4,3
0.054,19,100,100,38.5798369207925,313.9050535927039,6.031334970359457,11,1.1,0.511233365144412,534,D_pmar=0.054_dist=100_repair_6_males=4_nmar=3,FG_theta_2.5,49,21,2.5,4,3
0,11,0,0,37.478661166367175,255.19965395296987,67.4313769383834,0,0,0,535,D_pmar=0.054_dist=100_repair_6_males=4_nmar=3,FG_theta_2.5,92,13,2.5,4,3
0.054,11,0,100,39.362872995422805,288.207113674771,30.557514625572068,16,1.6000000000000003,0.4970154586079978,535,D_pmar=0.054_dist=100_repair_6_males=4_nmar=3,FG_theta_2.5,67,12,2.5,4,3
0.054,7,100,0,38.641712850517635,290.0071808512603,30.46463549965811,6,0.6,0.4120370370370375,535,D_pmar=0.054_dist=100_repair_6_males=4_nmar=3,FG_theta_2.5,64,10,2.5,4,3
0.054,7,100,100,37.646637021745256,278.6867429937686,42.668045424492405,6,0.6,0.497400926759318,535,D_pmar=0.054_dist=100_repair_6_males=4_nmar=3,FG_theta_2.5,46,12,2.5,4,3
0.054,8,0,0,39.67849441224151,270.23611225595255,48.763650145698975,10,1,0.3981481481481486,536,D_pmar=0.054_dist=100_repair_6_males=4_nmar=3,FG_theta_2.5,79,14,2.5,4,3
0.054,6,0,100,38.9288448922743,288.883830945476,30.24364689320667,15,1.5000000000000002,0.5586529979551497,536,D_pmar=0.054_dist=100_repair_6_males=4_nmar=3,FG_theta_2.5,55,10,2.5,4,3
0.054,9,100,0,41.20503365445922,275.19816042832747,42.939429476882985,2,0.2,0.46030743921848594,536,D_pmar=0.054_dist=100_repair_6_males=4_nmar=3,FG_theta_2.5,56,14,2.5,4,3
0,13,100,100,38.846823013784025,278.4676444422585,42.7164622233698,0,0,0,536,D_pmar=0.054_dist=100_repair_6_males=4_nmar=3,FG_theta_2.5,90,17,2.5,4,3
0,6,0,0,40.01711710808115,283.6026474552296,36.484317835173655,0,0,0,537,D_pmar=0.054_dist=100_repair_6_males=4_nmar=3,FG_theta_2.5,80,10,2.5,4,3
0.054,8,0,100,40.15498308388273,251.93214349218036,67.02229347292531,6,0.6,0.4175174360373781,537,D_pmar=0.054_dist=100_repair_6_males=4_nmar=3,FG_theta_2.5,69,8,2.5,4,3
0.054,10,100,0,37.98760152531421,265.12766627740376,55.251771122938294,13,1.3,0.4714843538591021,537,D_pmar=0.054_dist=100_repair_6_males=4_nmar=3,FG_theta_2.5,57,10,2.5,4,3
0.054,12,100,100,40.31813117969686,293.5285931615773,24.50582972271791,11,1.1,0.5748450103767155,537,D_pmar=0.054_dist=100_repair_6_males=4_nmar=3,FG_theta_2.5,58,16,2.5,4,3
0.054,7,0,0,38.50675452731539,271.8196512920276,48.36473061415217,8,0.7999999999999999,0.585965474513537,538,D_pmar=0.054_dist=100_repair_6_males=4_nmar=3,FG_theta_2.5,77,8,2.5,4,3
0,6,0,100,36.012484378018456,268.7660763103315,55.31025288806858,0,0,0,538,D_pmar=0.054_dist=100_repair_6_males=4_nmar=3,FG_theta_2.5,119,10,2.5,4,3
0.054,11,100,0,37.02301175087703,284.4734360122561,36.74496391803292,13,1.3,0.5405997806560213,538,D_pmar=0.054_dist=100_repair_6_males=4_nmar=3,FG_theta_2.5,59,13,2.5,4,3
0.054,12,100,100,37.490635222051104,297.0054815557219,24.35455604238029,7,0.7,0.522081262137503,538,D_pmar=0.054_dist=100_repair_6_males=4_nmar=3,FG_theta_2.5,63,15,2.5,4,3
0,4,0,0,37.9463947951647,261.36608870795783,60.71688124302676,0,0,0,539,D_pmar=0.054_dist=100_repair_6_males=4_nmar=3,FG_theta_2.5,92,7,2.5,4,3
0.054,9,0,100,40.65351647846665,275.478502090561,42.5751298636498,9,0.8999999999999999,0.47611398348873174,539,D_pmar=0.054_dist=100_repair_6_males=4_nmar=3,FG_theta_2.5,68,10,2.5,4,3
0.054,10,100,0,37.647117346347095,259.89131695590487,61.47544470236954,7,0.7,0.44444444444444503,539,D_pmar=0.054_dist=100_repair_6_males=4_nmar=3,FG_theta_2.5,62,16,2.5,4,3
0.054,13,100,100,40.72037816767423,299.1803580322356,18.138685649575983,14,1.4,0.5906515546469615,539,D_pmar=0.054_dist=100_repair_6_males=4_nmar=3,FG_theta_2.5,63,16,2.5,4,3
0.054,9,0,0,37.23792346748394,293.35585397949643,27.894194984973858,11,1.1,0.5347105309400856,53,D_pmar=0.054_dist=100_repair_6_males=4_nmar=3,FG_theta_2.5,54,12,2.5,4,3
0.054,7,0,100,40.35323587469026,282.0122368691452,36.496509131342265,8,0.7999999999999999,0.3842592592592596,53,D_pmar=0.054_dist=100_repair_6_males=4_nmar=3,FG_theta_2.5,63,11,2.5,4,3
0,9,100,0,41.29609788472454,245.8910374315704,73.08379703675159,0,0,0,53,D_pmar=0.054_dist=100_repair_6_males=4_nmar=3,FG_theta_2.5,102,13,2.5,4,3
0.054,11,100,100,38.95215284222538,295.5577350562084,24.3551340278517,8,0.7999999999999999,0.4425832395668832,53,D_pmar=0.054_dist=100_repair_6_males=4_nmar=3,FG_theta_2.5,49,12,2.5,4,3
0.054,9,0,0,39.55900929056636,276.16238196165136,43.240841415457325,7,0.7,0.5335871944256444,540,D_pmar=0.054_dist=100_repair_6_males=4_nmar=3,FG_theta_2.5,73,10,2.5,4,3
0,10,0,100,39.02491831132749,272.01200228751304,49.03376175186104,0,0,0,540,D_pmar=0.054_dist=100_repair_6_males=4_nmar=3,FG_theta_2.5,101,14,2.5,4,3
0.054,14,100,0,39.19919027360648,294.9249745000129,24.472728620611004,10,1,0.5101100286299709,540,D_pmar=0.054_dist=100_repair_6_males=4_nmar=3,FG_theta_2.5,60,16,2.5,4,3
0.054,3,100,100,39.77794281962478,288.34432821399446,30.551649318914276,8,0.7999999999999999,0.5319985566918128,540,D_pmar=0.054_dist=100_repair_6_males=4_nmar=3,FG_theta_2.5,67,4,2.5,4,3
0,10,0,0,38.840409760218186,291.09438972262114,30.244708988990197,0,0,0,541,D_pmar=0.054_dist=100_repair_6_males=4_nmar=3,FG_theta_2.5,90,13,2.5,4,3
0.054,12,0,100,38.931904135919005,313.8821164645859,6.045164488174987,8,0.7999999999999999,0.5575861119445035,541,D_pmar=0.054_dist=100_repair_6_males=4_nmar=3,FG_theta_2.5,53,12,2.5,4,3
0.054,4,100,0,40.40895610053545,269.7072985756432,49.398656154375075,2,0.2,0.3148148148148148,541,D_pmar=0.054_dist=100_repair_6_males=4_nmar=3,FG_theta_2.5,69,6,2.5,4,3
0.054,10,100,100,39.01309014043719,295.57224315520153,24.20424160789968,8,0.7999999999999999,0.5120276840113277,541,D_pmar=0.054_dist=100_repair_6_males=4_nmar=3,FG_theta_2.5,51,11,2.5,4,3
0,9,0,0,40.17862394385769,271.03416377118106,48.942431491540106,0,0,0,542,D_pmar=0.054_dist=100_repair_6_males=4_nmar=3,FG_theta_2.5,116,12,2.5,4,3
0.054,7,0,100,39.99398801428023,288.27333486684296,30.32229160700527,10,1,0.5706806819664766,542,D_pmar=0.054_dist=100_repair_6_males=4_nmar=3,FG_theta_2.5,71,9,2.5,4,3
0.054,12,100,0,38.18174665894785,295.93150548234314,24.59628905166138,8,0.7999999999999999,0.5736652233584796,542,D_pmar=0.054_dist=100_repair_6_males=4_nmar=3,FG_theta_2.5,55,13,2.5,4,3
0.054,8,100,100,38.37886139908581,284.0856803580635,36.59409054827456,5,0.5,0.5254512716808264,542,D_pmar=0.054_dist=100_repair_6_males=4_nmar=3,FG_theta_2.5,64,11,2.5,4,3
0.054,5,0,0,40.97481763689104,269.66876246857527,48.65708405494614,5,0.5,0.3921226148603475,543,D_pmar=0.054_dist=100_repair_6_males=4_nmar=3,FG_theta_2.5,69,11,2.5,4,3
0.054,7,0,100,41.28475624435709,293.27654490532456,24.177130885201823,8,0.7999999999999999,0.5928982276758438,543,D_pmar=0.054_dist=100_repair_6_males=4_nmar=3,FG_theta_2.5,50,9,2.5,4,3
0,13,100,0,39.691836322678064,271.68468481956745,48.65331899976792,0,0,0,543,D_pmar=0.054_dist=100_repair_6_males=4_nmar=3,FG_theta_2.5,97,15,2.5,4,3
0.054,11,100,100,39.09127694387149,282.7464230947838,36.50976873889063,13,1.3,0.4212962962962968,543,D_pmar=0.054_dist=100_repair_6_males=4_nmar=3,FG_theta_2.5,48,16,2.5,4,3
0,12,0,0,40.29005443509093,270.8356524168624,48.90501425831793,0,0,0,544,D_pmar=0.054_dist=100_repair_6_males=4_nmar=3,FG_theta_2.5,109,15,2.5,4,3
0.054,8,0,100,37.9938662388165,289.68495324154264,30.533544075964063,13,1.3,0.5497227563434156,544,D_pmar=0.054_dist=100_repair_6_males=4_nmar=3,FG_theta_2.5,63,9,2.5,4,3
0.054,7,100,0,39.81856787961761,270.4335145386229,48.76039441388971,8,0.7999999999999999,0.46540237006750607,544,D_pmar=0.054_dist=100_repair_6_males=4_nmar=3,FG_theta_2.5,78,8,2.5,4,3
0.054,9,100,100,41.58185066287188,274.2654278031902,42.93893646439627,7,0.7,0.541257815951072,544,D_pmar=0.054_dist=100_repair_6_males=4_nmar=3,FG_theta_2.5,46,13,2.5,4,3
0.054,6,0,0,40.74954046689988,268.9590830200379,48.71998739777878,12,1.2,0.485373242747991,545,D_pmar=0.054_dist=100_repair_6_males=4_nmar=3,FG_theta_2.5,50,9,2.5,4,3
0.054,13,0,100,39.952158608962655,287.7483027469582,30.59209013600358,15,1.5000000000000002,0.4047518836629302,545,D_pmar=0.054_dist=100_repair_6_males=4_nmar=3,FG_theta_2.5,67,16,2.5,4,3
0,9,100,0,42.88237232732244,238.09408226332937,79.07886126542799,0,0,0,545,D_pmar=0.054_dist=100_repair_6_males=4_nmar=3,FG_theta_2.5,86,14,2.5,4,3
0.054,8,100,100,39.419627742729034,276.93048123351934,42.63346066613771,6,0.6,0.4310773072787416,545,D_pmar=0.054_dist=100_repair_6_males=4_nmar=3,FG_theta_2.5,48,9,2.5,4,3
0.054,11,0,0,40.58449653807481,293.0296598160004,24.47533778692259,13,1.3,0.6735195867609046,546,D_pmar=0.054_dist=100_repair_6_males=4_nmar=3,FG_theta_2.5,53,12,2.5,4,3
0.054,12,0,100,39.80041725220618,300.8110197408646,18.51804010141736,4,0.4,0.49655015738860736,546,D_pmar=0.054_dist=100_repair_6_males=4_nmar=3,FG_theta_2.5,55,15,2.5,4,3
0.054,5,100,0,40.906413184361504,268.9494146315508,49.18210271306575,8,0.7999999999999999,0.4060115037492365,546,D_pmar=0.054_dist=100_repair_6_males=4_nmar=3,FG_theta_2.5,79,10,2.5,4,3
0,8,100,100,39.824773717047115,259.3576204918098,60.85332276476159,0,0,0,546,D_pmar=0.054_dist=100_repair_6_males=4_nmar=3,FG_theta_2.5,100,15,2.5,4,3
0.054,10,0,0,37.73023806584846,278.3176101142176,42.859757656396695,7,0.7,0.5882121475424192,547,D_pmar=0.054_dist=100_repair_6_males=4_nmar=3,FG_theta_2.5,70,13,2.5,4,3
0.054,14,0,100,37.72460612716096,283.92396663273826,36.520387732151015,12,1.2,0.6939557606607801,547,D_pmar=0.054_dist=100_repair_6_males=4_nmar=3,FG_theta_2.5,75,15,2.5,4,3
0.054,7,100,0,40.8467659906346,299.54488324385164,18.209487677802507,10,1,0.4861675616149069,547,D_pmar=0.054_dist=100_repair_6_males=4_nmar=3,FG_theta_2.5,61,9,2.5,4,3
0,5,100,100,39.300057963636895,241.15030634367,79.64863042741574,0,0,0,547,D_pmar=0.054_dist=100_repair_6_males=4_nmar=3,FG_theta_2.5,113,10,2.5,4,3
0.054,7,0,0,37.203794175735446,279.02413062673133,42.736034830122144,6,0.6,0.4510481799592266,548,D_pmar=0.054_dist=100_repair_6_males=4_nmar=3,FG_theta_2.5,76,10,2.5,4,3
0.054,10,0,100,39.160128879981414,289.133900772327,30.394273820934018,9,0.8999999999999999,0.4641427499812,548,D_pmar=0.054_dist=100_repair_6_males=4_nmar=3,FG_theta_2.5,54,13,2.5,4,3
0,7,100,0,36.95241449063089,286.4605054206446,36.826650026830215,0,0,0,548,D_pmar=0.054_dist=100_repair_6_males=4_nmar=3,FG_theta_2.5,96,7,2.5,4,3
0.054,12,100,100,40.65522795145838,287.67849159687563,30.370940450179393,8,0.7999999999999999,0.5374225051883584,548,D_pmar=0.054_dist=100_repair_6_males=4_nmar=3,FG_theta_2.5,48,14,2.5,4,3
0.054,12,0,0,39.324679248200646,282.63475290354233,36.45379883935301,11,1.1,0.5328493260625237,549,D_pmar=0.054_dist=100_repair_6_males=4_nmar=3,FG_theta_2.5,61,15,2.5,4,3
0.054,9,0,100,38.47382882373632,301.76601893965903,18.158758435528338,11,1.1,0.5219449785656378,549,D_pmar=0.054_dist=100_repair_6_males=4_nmar=3,FG_theta_2.5,54,11,2.5,4,3
0.054,5,100,0,39.579660074991445,265.03727587063554,54.66963546463607,4,0.4,0.4098468145119504,549,D_pmar=0.054_dist=100_repair_6_males=4_nmar=3,FG_theta_2.5,69,8,2.5,4,3
0,10,100,100,40.957885423854336,270.30394762168834,48.79784577688659,0,0,0,549,D_pmar=0.054_dist=100_repair_6_males=4_nmar=3,FG_theta_2.5,81,12,2.5,4,3
0.054,15,0,0,40.26816353539991,281.46333489271194,36.9367078972987,8,0.7999999999999999,0.6477957479363489,54,D_pmar=0.054_dist=100_repair_6_males=4_nmar=3,FG_theta_2.5,75,15,2.5,4,3
0.054,8,0,100,39.028192367139354,259.20463007823247,60.68596968466188,7,0.7,0.4212962962962968,54,D_pmar=0.054_dist=100_repair_6_males=4_nmar=3,FG_theta_2.5,80,11,2.5,4,3
0,3,100,0,40.86718488762188,257.80851551899684,61.34284666071317,0,0,0,54,D_pmar=0.054_dist=100_repair_6_males=4_nmar=3,FG_theta_2.5,93,7,2.5,4,3
0.054,10,100,100,38.64767004785542,294.95916004633915,24.401637875550968,15,1.5000000000000002,0.5963480702872375,54,D_pmar=0.054_dist=100_repair_6_males=4_nmar=3,FG_theta_2.5,67,13,2.5,4,3
0.054,10,0,0,38.97526731517342,289.15185967950015,30.517399448659933,10,1,0.3842592592592596,550,D_pmar=0.054_dist=100_repair_6_males=4_nmar=3,FG_theta_2.5,59,11,2.5,4,3
0.054,8,0,100,39.10225866429741,265.1116022069064,55.0254599771094,4,0.4,0.48345558736663424,550,D_pmar=0.054_dist=100_repair_6_males=4_nmar=3,FG_theta_2.5,74,9,2.5,4,3
0,10,100,0,38.441289899759106,289.5691080539864,32.06786318769883,0,0,0,550,D_pmar=0.054_dist=100_repair_6_males=4_nmar=3,FG_theta_2.5,76,13,2.5,4,3
0.054,8,100,100,40.61584444588861,299.87650980514303,18.21063028649447,9,0.8999999999999999,0.4572664473226879,550,D_pmar=0.054_dist=100_repair_6_males=4_nmar=3,FG_theta_2.5,54,9,2.5,4,3
0.054,7,0,0,41.627975713398264,274.65828319512696,42.58001200032699,8,0.7999999999999999,0.4398712653186104,551,D_pmar=0.054_dist=100_repair_6_males=4_nmar=3,FG_theta_2.5,66,10,2.5,4,3
0.054,14,0,100,38.275393069871065,296.25038357478724,24.40139137981832,7,0.7,0.6064016484134127,551,D_pmar=0.054_dist=100_repair_6_males=4_nmar=3,FG_theta_2.5,68,16,2.5,4,3
0,6,100,0,37.38101260686826,261.7283875861799,60.94231290315521,0,0,0,551,D_pmar=0.054_dist=100_repair_6_males=4_nmar=3,FG_theta_2.5,117,13,2.5,4,3
0.054,9,100,100,39.833589556103774,294.4174588757461,24.14368761130883,10,1,0.7121452615317735,551,D_pmar=0.054_dist=100_repair_6_males=4_nmar=3,FG_theta_2.5,70,11,2.5,4,3
0,10,0,0,37.62742411316128,273.9544233110463,48.500027767507525,0,0,0,552,D_pmar=0.054_dist=100_repair_6_males=4_nmar=3,FG_theta_2.5,104,14,2.5,4,3
0.054,6,0,100,38.077321965683254,277.67137075149594,42.75256914478829,11,1.1,0.5281632459290989,552,D_pmar=0.054_dist=100_repair_6_males=4_nmar=3,FG_theta_2.5,66,7,2.5,4,3
0.054,8,100,0,38.02220847680815,266.1359908489046,54.87169102282134,5,0.5,0.516192012421567,552,D_pmar=0.054_dist=100_repair_6_males=4_nmar=3,FG_theta_2.5,63,10,2.5,4,3
0.054,12,100,100,38.83485608596934,282.76259478571683,36.622448923201375,14,1.4,0.5390111429221899,552,D_pmar=0.054_dist=100_repair_6_males=4_nmar=3,FG_theta_2.5,68,15,2.5,4,3
0.054,9,0,0,41.28988516210555,286.6752832131133,30.736427635550644,8,0.7999999999999999,0.5189039866698398,553,D_pmar=0.054_dist=100_repair_6_males=4_nmar=3,FG_theta_2.5,75,10,2.5,4,3
0,8,0,100,39.33560310702684,270.2446730954458,50.43489078200679,0,0,0,553,D_pmar=0.054_dist=100_repair_6_males=4_nmar=3,FG_theta_2.5,94,12,2.5,4,3
0.054,8,100,0,38.2298497513567,271.3080294574052,48.885715958119256,12,1.2,0.5543523859730453,553,D_pmar=0.054_dist=100_repair_6_males=4_nmar=3,FG_theta_2.5,70,12,2.5,4,3
0.054,11,100,100,39.133548618393434,276.93836113798983,42.579506919850154,9,0.8999999999999999,0.5878831298948938,553,D_pmar=0.054_dist=100_repair_6_males=4_nmar=3,FG_theta_2.5,73,15,2.5,4,3
0,7,0,0,39.954125727934155,283.6053897356291,36.59989889507453,0,0,0,554,D_pmar=0.054_dist=100_repair_6_males=4_nmar=3,FG_theta_2.5,91,10,2.5,4,3
0.054,10,0,100,37.41538272918191,303.25869728719954,18.368309190593077,5,0.5,0.48542969325178625,554,D_pmar=0.054_dist=100_repair_6_males=4_nmar=3,FG_theta_2.5,59,11,2.5,4,3
0.054,8,100,0,39.71718576858119,282.8675612408867,36.73656015010238,3,0.30000000000000004,0.4417889206999675,554,D_pmar=0.054_dist=100_repair_6_males=4_nmar=3,FG_theta_2.5,66,9,2.5,4,3
0.054,11,100,100,40.644701787566966,293.6001693378019,24.377442078578092,11,1.1,0.472222222222223,554,D_pmar=0.054_dist=100_repair_6_males=4_nmar=3,FG_theta_2.5,49,12,2.5,4,3
0.054,11,0,0,39.385091502434314,294.8749990998828,24.285861922729,10,1,0.5416666666666676,555,D_pmar=0.054_dist=100_repair_6_males=4_nmar=3,FG_theta_2.5,50,16,2.5,4,3
0.054,8,0,100,37.89019120878836,284.47769540727023,36.72991937724778,5,0.5,0.4625541122473683,555,D_pmar=0.054_dist=100_repair_6_males=4_nmar=3,FG_theta_2.5,55,14,2.5,4,3
0.054,8,100,0,39.12913962051584,288.92460430399353,30.67321320318231,8,0.7999999999999999,0.4820596837084627,555,D_pmar=0.054_dist=100_repair_6_males=4_nmar=3,FG_theta_2.5,70,12,2.5,4,3
0,9,100,100,40.744493329721685,270.2666041532887,49.03484745606093,0,0,0,555,D_pmar=0.054_dist=100_repair_6_males=4_nmar=3,FG_theta_2.5,110,10,2.5,4,3
0.054,11,0,0,37.10543787078427,303.23369572125665,18.42187278079963,8,0.7999999999999999,0.44066558418552626,556,D_pmar=0.054_dist=100_repair_6_males=4_nmar=3,FG_theta_2.5,64,12,2.5,4,3
0,8,0,100,40.027946106485125,265.25549526663804,54.76665781277917,0,0,0,556,D_pmar=0.054_dist=100_repair_6_males=4_nmar=3,FG_theta_2.5,80,13,2.5,4,3
0.054,8,100,0,37.738321113045075,290.5616012937075,30.487467796014563,9,0.8999999999999999,0.5161920124215671,556,D_pmar=0.054_dist=100_repair_6_males=4_nmar=3,FG_theta_2.5,64,10,2.5,4,3
0.054,9,100,100,39.3757495591022,276.84187316451045,42.5661453757974,7,0.7,0.5309316706811666,556,D_pmar=0.054_dist=100_repair_6_males=4_nmar=3,FG_theta_2.5,62,10,2.5,4,3
0,12,0,0,38.91055386699785,290.77483079498535,30.33140326965333,0,0,0,557,D_pmar=0.054_dist=100_repair_6_males=4_nmar=3,FG_theta_2.5,101,13,2.5,4,3
0.054,9,0,100,40.003610600772085,288.33215660449315,30.629805041165948,6,0.6,0.5128220028782435,557,D_pmar=0.054_dist=100_repair_6_males=4_nmar=3,FG_theta_2.5,63,10,2.5,4,3
0.054,5,100,0,38.35923035406184,271.6597878017638,48.56565945258619,10,1,0.4695666984777453,557,D_pmar=0.054_dist=100_repair_6_males=4_nmar=3,FG_theta_2.5,68,10,2.5,4,3
0.054,10,100,100,40.68379289119044,275.42501427060654,42.56686867113453,9,0.8999999999999999,0.5698299125957658,557,D_pmar=0.054_dist=100_repair_6_males=4_nmar=3,FG_theta_2.5,66,12,2.5,4,3
0.054,10,0,0,39.98369643203958,299.3552523258146,18.367575812692476,19,1.9000000000000008,0.48148148148148223,558,D_pmar=0.054_dist=100_repair_6_males=4_nmar=3,FG_theta_2.5,64,12,2.5,4,3
0.054,7,0,100,39.55498590408075,237.45279230460335,81.99791922886122,5,0.5,0.5074545048854932,558,D_pmar=0.054_dist=100_repair_6_males=4_nmar=3,FG_theta_2.5,68,12,2.5,4,3
0,10,100,0,39.38786388286278,265.7427152385291,55.069809106089664,0,0,0,558,D_pmar=0.054_dist=100_repair_6_males=4_nmar=3,FG_theta_2.5,93,16,2.5,4,3
0.054,9,100,100,38.03078270924824,283.8898410742164,36.82496377552473,8,0.7999999999999999,0.5011797870182371,558,D_pmar=0.054_dist=100_repair_6_males=4_nmar=3,FG_theta_2.5,60,11,2.5,4,3
0.054,7,0,0,38.92032213967456,282.954681460554,37.01249373985713,8,0.7999999999999999,0.542108585321783,559,D_pmar=0.054_dist=100_repair_6_males=4_nmar=3,FG_theta_2.5,80,11,2.5,4,3
0.054,12,0,100,41.328704728753294,274.47347046391906,42.50555062267724,14,1.4,0.5257802893283516,559,D_pmar=0.054_dist=100_repair_6_males=4_nmar=3,FG_theta_2.5,63,13,2.5,4,3
0.054,9,100,0,41.34698491941703,286.9176299345412,30.703747100484023,7,0.7,0.5396691782172405,559,D_pmar=0.054_dist=100_repair_6_males=4_nmar=3,FG_theta_2.5,58,10,2.5,4,3
0,8,100,100,39.60298348263744,253.85043156002536,66.6763772716129,0,0,0,559,D_pmar=0.054_dist=100_repair_6_males=4_nmar=3,FG_theta_2.5,87,12,2.5,4,3
0.054,11,0,0,40.036342953237245,299.7192218108434,18.709956046163875,11,1.1,0.458333333333334,55,D_pmar=0.054_dist=100_repair_6_males=4_nmar=3,FG_theta_2.5,58,15,2.5,4,3
0,10,0,100,38.00468169530199,272.54346596321864,49.47461542752542,0,0,0,55,D_pmar=0.054_dist=100_repair_6_males=4_nmar=3,FG_theta_2.5,96,13,2.5,4,3
0.054,8,100,0,39.43231176510129,289.1169596101685,30.703397413759728,4,0.4,0.5344379637963552,55,D_pmar=0.054_dist=100_repair_6_males=4_nmar=3,FG_theta_2.5,61,11,2.5,4,3
0.054,7,100,100,41.22658944189615,281.0775723278371,36.50399514630101,8,0.7999999999999999,0.42677669529663725,55,D_pmar=0.054_dist=100_repair_6_males=4_nmar=3,FG_theta_2.5,56,7,2.5,4,3
0,11,0,0,38.67090678922698,267.30064287752646,54.13437884748349,0,0,0,560,D_pmar=0.054_dist=100_repair_6_males=4_nmar=3,FG_theta_2.5,88,14,2.5,4,3
0.054,9,0,100,36.86200161772567,284.47694557563864,36.918940478494086,13,1.3,0.472222222222223,560,D_pmar=0.054_dist=100_repair_6_males=4_nmar=3,FG_theta_2.5,72,15,2.5,4,3
0.054,8,100,0,39.88677764489594,258.0546841605108,61.00302348513559,7,0.7,0.4032995295009638,560,D_pmar=0.054_dist=100_repair_6_males=4_nmar=3,FG_theta_2.5,64,12,2.5,4,3
0.054,8,100,100,41.16542876981473,286.6034451684284,30.69453606433723,10,1,0.5564627754300623,560,D_pmar=0.054_dist=100_repair_6_males=4_nmar=3,FG_theta_2.5,53,10,2.5,4,3
0,10,0,0,40.619802896335216,264.41446685530104,55.038688041521816,0,0,0,561,D_pmar=0.054_dist=100_repair_6_males=4_nmar=3,FG_theta_2.5,86,12,2.5,4,3
0.054,9,0,100,38.21101443994792,271.84541327441485,49.06008358525655,5,0.5,0.4283653330304689,561,D_pmar=0.054_dist=100_repair_6_males=4_nmar=3,FG_theta_2.5,68,10,2.5,4,3
0.054,7,100,0,38.36129369178498,283.76338851640304,36.58859039661749,9,0.8999999999999999,0.3935185185185189,561,D_pmar=0.054_dist=100_repair_6_males=4_nmar=3,FG_theta_2.5,62,8,2.5,4,3
0.054,10,100,100,40.076742452804865,299.7663955847713,18.427351311694316,12,1.2,0.5578586790882338,561,D_pmar=0.054_dist=100_repair_6_males=4_nmar=3,FG_theta_2.5,58,13,2.5,4,3
0.054,12,0,0,37.58797693462588,278.7219077740116,42.77080176558949,8,0.7999999999999999,0.4032995295009637,562,D_pmar=0.054_dist=100_repair_6_males=4_nmar=3,FG_theta_2.5,70,12,2.5,4,3
0,6,0,100,41.30998926958827,263.9746353514096,54.87502858390811,0,0,0,562,D_pmar=0.054_dist=100_repair_6_males=4_nmar=3,FG_theta_2.5,94,8,2.5,4,3
0.054,6,100,0,39.03830835367166,276.8058495419934,42.62129336182006,11,1.1,0.5729273549953589,562,D_pmar=0.054_dist=100_repair_6_males=4_nmar=3,FG_theta_2.5,54,8,2.5,4,3
0.054,12,100,100,38.46508996398207,295.95592420966614,24.328633827872235,8,0.7999999999999999,0.5335871944256445,562,D_pmar=0.054_dist=100_repair_6_males=4_nmar=3,FG_theta_2.5,58,14,2.5,4,3
0.054,12,0,0,39.340925760732134,301.04013343159545,18.362163801403007,8,0.7999999999999999,0.527039909414658,563,D_pmar=0.054_dist=100_repair_6_males=4_nmar=3,FG_theta_2.5,64,13,2.5,4,3
0.054,10,0,100,37.772649363075786,296.2432998737004,24.56834323453314,11,1.1,0.5648148148148159,563,D_pmar=0.054_dist=100_repair_6_males=4_nmar=3,FG_theta_2.5,63,13,2.5,4,3
0.054,11,100,0,38.02426855210997,284.86651953726783,36.52408844239442,3,0.30000000000000004,0.39324595137478874,563,D_pmar=0.054_dist=100_repair_6_males=4_nmar=3,FG_theta_2.5,77,12,2.5,4,3
0,3,100,100,39.42481389235794,265.84500385720554,54.902672410958445,0,0,0,563,D_pmar=0.054_dist=100_repair_6_males=4_nmar=3,FG_theta_2.5,94,7,2.5,4,3
0.054,9,0,0,39.544723445961125,282.3132368472239,36.57974171744498,11,1.1,0.46652570658194714,564,D_pmar=0.054_dist=100_repair_6_males=4_nmar=3,FG_theta_2.5,70,11,2.5,4,3
0.054,13,0,100,40.33801361206418,269.28373204552645,48.96172736263456,10,1,0.5196983055367554,564,D_pmar=0.054_dist=100_repair_6_males=4_nmar=3,FG_theta_2.5,62,16,2.5,4,3
0,8,100,0,38.66632832207432,278.8033110703908,42.56660552712413,0,0,0,564,D_pmar=0.054_dist=100_repair_6_males=4_nmar=3,FG_theta_2.5,91,13,2.5,4,3
0.054,6,100,100,39.90216716709871,282.7859532388503,36.34392828742046,6,0.6,0.5046860801334255,564,D_pmar=0.054_dist=100_repair_6_males=4_nmar=3,FG_theta_2.5,63,8,2.5,4,3
0,7,0,0,38.54344197148311,272.84309935252816,48.74626221805448,0,0,0,565,D_pmar=0.054_dist=100_repair_6_males=4_nmar=3,FG_theta_2.5,94,11,2.5,4,3
0.054,7,0,100,37.91360215510908,280.85140406926706,39.75461963942809,12,1.2,0.4864965792624322,565,D_pmar=0.054_dist=100_repair_6_males=4_nmar=3,FG_theta_2.5,70,12,2.5,4,3
0.054,10,100,0,37.86784270450875,289.9092216041261,30.372031051056812,12,1.2,0.6762315610091774,565,D_pmar=0.054_dist=100_repair_6_males=4_nmar=3,FG_theta_2.5,64,14,2.5,4,3
0.054,12,100,100,36.72864359386802,273.97609935811647,48.585723100091194,4,0.4,0.4464185503295971,565,D_pmar=0.054_dist=100_repair_6_males=4_nmar=3,FG_theta_2.5,62,17,2.5,4,3
0,6,0,0,38.43350499895791,272.6784454472996,48.964172324274266,0,0,0,566,D_pmar=0.054_dist=100_repair_6_males=4_nmar=3,FG_theta_2.5,101,7,2.5,4,3
0.054,9,0,100,37.60445727092175,272.36866177501156,49.111500142140486,5,0.5,0.4614307757329271,566,D_pmar=0.054_dist=100_repair_6_males=4_nmar=3,FG_theta_2.5,76,11,2.5,4,3
0.054,9,100,0,40.3027970185485,294.1245507617352,24.358596640231028,8,0.7999999999999999,0.5802689588732611,566,D_pmar=0.054_dist=100_repair_6_males=4_nmar=3,FG_theta_2.5,63,9,2.5,4,3
0.054,12,100,100,39.256458742703025,307.2246865319348,12.198196017450757,9,0.8999999999999999,0.5416666666666676,566,D_pmar=0.054_dist=100_repair_6_males=4_nmar=3,FG_theta_2.5,61,12,2.5,4,3
0.054,12,0,0,39.67205245351941,288.46625947006737,30.688594963880156,8,0.7999999999999999,0.5316695390442875,567,D_pmar=0.054_dist=100_repair_6_males=4_nmar=3,FG_theta_2.5,64,17,2.5,4,3
0,7,0,100,38.34488420701891,291.01614566826174,30.83194345493868,0,0,0,567,D_pmar=0.054_dist=100_repair_6_males=4_nmar=3,FG_theta_2.5,85,8,2.5,4,3
0.054,12,100,0,37.96293598071019,284.19365067939964,36.653154289761325,9,0.8999999999999999,0.5085213908961393,567,D_pmar=0.054_dist=100_repair_6_males=4_nmar=3,FG_theta_2.5,68,17,2.5,4,3
0.054,5,100,100,38.11436893624346,281.2213715474426,39.801149582931046,6,0.6,0.38015138135281545,567,D_pmar=0.054_dist=100_repair_6_males=4_nmar=3,FG_theta_2.5,55,8,2.5,4,3
0,6,0,0,38.48829715977045,266.5867571391123,55.12935956996859,0,0,0,568,D_pmar=0.054_dist=100_repair_6_males=4_nmar=3,FG_theta_2.5,90,11,2.5,4,3
0.054,6,0,100,38.73966219988104,289.39698125135976,30.715321408315056,7,0.7,0.5660510523368469,568,D_pmar=0.054_dist=100_repair_6_males=4_nmar=3,FG_theta_2.5,53,8,2.5,4,3
0.054,10,100,0,39.144582467070606,276.7682158092915,42.79978245768978,9,0.8999999999999999,0.3888888888888892,568,D_pmar=0.054_dist=100_repair_6_males=4_nmar=3,FG_theta_2.5,57,13,2.5,4,3
0.054,14,100,100,35.98403710021376,298.3920743832769,24.45202523884508,9,0.8999999999999999,0.3948345891086203,568,D_pmar=0.054_dist=100_repair_6_males=4_nmar=3,FG_theta_2.5,58,16,2.5,4,3
0.054,11,0,0,40.02525081587372,257.5239902687714,61.41920340915177,8,0.7999999999999999,0.3333333333333334,569,D_pmar=0.054_dist=100_repair_6_males=4_nmar=3,FG_theta_2.5,68,12,2.5,4,3
0.054,9,0,100,37.008951635498335,272.3571204397259,48.88618688688817,13,1.3,0.5281632459290991,569,D_pmar=0.054_dist=100_repair_6_males=4_nmar=3,FG_theta_2.5,62,11,2.5,4,3
0.054,9,100,0,38.51811293264143,289.6120284454415,30.426186073530634,11,1.1,0.5652567334699312,569,D_pmar=0.054_dist=100_repair_6_males=4_nmar=3,FG_theta_2.5,50,11,2.5,4,3
0,7,100,100,38.58637816066187,266.7643234591315,54.68200908755144,0,0,0,569,D_pmar=0.054_dist=100_repair_6_males=4_nmar=3,FG_theta_2.5,88,9,2.5,4,3
0,7,0,0,40.44833060275906,289.1924388182857,30.421920691432,0,0,0,56,D_pmar=0.054_dist=100_repair_6_males=4_nmar=3,FG_theta_2.5,71,10,2.5,4,3
0.054,9,0,100,41.19534526305389,281.1986763185686,36.580104448925645,8,0.7999999999999999,0.416450550026732,56,D_pmar=0.054_dist=100_repair_6_males=4_nmar=3,FG_theta_2.5,60,10,2.5,4,3
0.054,9,100,0,39.3669037343332,277.02055035378635,42.49265996278787,7,0.7,0.4483362057109541,56,D_pmar=0.054_dist=100_repair_6_males=4_nmar=3,FG_theta_2.5,60,11,2.5,4,3
0.054,11,100,100,39.467176572199946,288.62965002420276,30.59949705886608,8,0.7999999999999999,0.509315709763055,56,D_pmar=0.054_dist=100_repair_6_males=4_nmar=3,FG_theta_2.5,59,13,2.5,4,3
0,6,0,0,37.393427622501704,267.6026533045088,55.10060465409079,0,0,0,570,D_pmar=0.054_dist=100_repair_6_males=4_nmar=3,FG_theta_2.5,99,9,2.5,4,3
0.054,10,0,100,38.17913396114973,296.3677989417661,24.70613196748832,4,0.4,0.40740740740740783,570,D_pmar=0.054_dist=100_repair_6_males=4_nmar=3,FG_theta_2.5,62,11,2.5,4,3
0.054,7,100,0,41.543526509729936,292.4689029086519,24.631171029782617,10,1,0.6094990908130054,570,D_pmar=0.054_dist=100_repair_6_males=4_nmar=3,FG_theta_2.5,57,10,2.5,4,3
0.054,13,100,100,37.85134006684068,290.38518746898814,30.508440593624037,8,0.7999999999999999,0.5243279351663851,570,D_pmar=0.054_dist=100_repair_6_males=4_nmar=3,FG_theta_2.5,71,13,2.5,4,3
0.054,7,0,0,37.4691561617478,284.85701693911113,36.56449896301558,8,0.7999999999999999,0.5000000000000008,571,D_pmar=0.054_dist=100_repair_6_males=4_nmar=3,FG_theta_2.5,69,8,2.5,4,3
0.054,12,0,100,39.09788774507347,289.504373665443,30.325382765069037,7,0.7,0.4626903958192333,571,D_pmar=0.054_dist=100_repair_6_males=4_nmar=3,FG_theta_2.5,76,15,2.5,4,3
0,11,100,0,40.92346723081592,282.289034359785,36.85659767423634,0,0,0,571,D_pmar=0.054_dist=100_repair_6_males=4_nmar=3,FG_theta_2.5,98,13,2.5,4,3
0.054,6,100,100,39.945595686170904,288.43549106565854,30.37031271094955,7,0.7,0.582924482617739,571,D_pmar=0.054_dist=100_repair_6_males=4_nmar=3,FG_theta_2.5,66,7,2.5,4,3
0.054,9,0,0,38.842732542508045,270.624238352572,48.8545128869524,13,1.3,0.5278342282815738,572,D_pmar=0.054_dist=100_repair_6_males=4_nmar=3,FG_theta_2.5,60,9,2.5,4,3
0,6,0,100,39.40106872113146,271.9508610761916,48.73150671072364,0,0,0,572,D_pmar=0.054_dist=100_repair_6_males=4_nmar=3,FG_theta_2.5,94,9,2.5,4,3
0.054,11,100,0,38.6632181072949,295.55764803262554,24.439009796681564,8,0.7999999999999999,0.565063999394271,572,D_pmar=0.054_dist=100_repair_6_males=4_nmar=3,FG_theta_2.5,64,13,2.5,4,3
0.054,10,100,100,40.39500122817558,275.8814981603069,42.64194866285833,6,0.6,0.5090431426193247,572,D_pmar=0.054_dist=100_repair_6_males=4_nmar=3,FG_theta_2.5,75,15,2.5,4,3
0.054,5,0,0,38.466668827554614,253.82429165568348,67.15579789050663,4,0.4,0.3055555555555555,573,D_pmar=0.054_dist=100_repair_6_males=4_nmar=3,FG_theta_2.5,71,10,2.5,4,3
0.054,18,0,100,38.78524058359126,301.41938318654996,18.359915809198274,10,1,0.5044135129896952,573,D_pmar=0.054_dist=100_repair_6_males=4_nmar=3,FG_theta_2.5,56,19,2.5,4,3
0.054,3,100,0,41.143412027802626,293.10055827419916,24.46137301929101,10,1,0.5605706533365066,573,D_pmar=0.054_dist=100_repair_6_males=4_nmar=3,FG_theta_2.5,56,7,2.5,4,3
0,10,100,100,37.2339215278561,286.17065876872556,36.6266830690109,0,0,0,573,D_pmar=0.054_dist=100_repair_6_males=4_nmar=3,FG_theta_2.5,77,14,2.5,4,3
0.054,9,0,0,39.80756307811002,288.1519325622353,30.57176489254591,11,1.1,0.5085213908961392,574,D_pmar=0.054_dist=100_repair_6_males=4_nmar=3,FG_theta_2.5,59,12,2.5,4,3
0,8,0,100,39.376470747692906,253.6552865136477,66.9844224485129,0,0,0,574,D_pmar=0.054_dist=100_repair_6_males=4_nmar=3,FG_theta_2.5,92,13,2.5,4,3
0.054,8,100,0,38.80299164094498,277.64732346260314,42.34427202234712,7,0.7,0.5109043474968867,574,D_pmar=0.054_dist=100_repair_6_males=4_nmar=3,FG_theta_2.5,56,11,2.5,4,3
0.054,11,100,100,39.99575576554194,288.05161444323414,30.534122618361184,10,1,0.4341182991745397,574,D_pmar=0.054_dist=100_repair_6_males=4_nmar=3,FG_theta_2.5,73,13,2.5,4,3
0.054,5,0,0,38.50144577110097,283.3948292013991,36.79185320322559,9,0.8999999999999999,0.4965501573886072,575,D_pmar=0.054_dist=100_repair_6_males=4_nmar=3,FG_theta_2.5,56,7,2.5,4,3
0.054,12,0,100,39.02305104353191,283.023151060935,36.46577803649596,12,1.2,0.4398148148148154,575,D_pmar=0.054_dist=100_repair_6_males=4_nmar=3,FG_theta_2.5,67,14,2.5,4,3
0.054,9,100,0,38.41605564510199,277.7106992609841,42.841408915213826,6,0.6,0.49655015738860736,575,D_pmar=0.054_dist=100_repair_6_males=4_nmar=3,FG_theta_2.5,70,9,2.5,4,3
0,10,100,100,39.9071016761237,273.24982380660236,46.9900199351231,0,0,0,575,D_pmar=0.054_dist=100_repair_6_males=4_nmar=3,FG_theta_2.5,90,12,2.5,4,3
0.054,11,0,0,38.83495424252847,275.1041231575521,44.27568288191199,13,1.3,0.5138888888888897,576,D_pmar=0.054_dist=100_repair_6_males=4_nmar=3,FG_theta_2.5,48,13,2.5,4,3
0,9,0,100,38.535694868130186,271.0713953791004,50.42170391761173,0,0,0,576,D_pmar=0.054_dist=100_repair_6_males=4_nmar=3,FG_theta_2.5,94,11,2.5,4,3
0.054,6,100,0,38.81159877961811,282.71678387673313,36.70812097799312,14,1.4,0.417517436037378,576,D_pmar=0.054_dist=100_repair_6_males=4_nmar=3,FG_theta_2.5,53,10,2.5,4,3
0.054,10,100,100,39.86058576383036,233.09456458213663,85.75583937029637,10,1,0.347743973945408,576,D_pmar=0.054_dist=100_repair_6_males=4_nmar=3,FG_theta_2.5,61,13,2.5,4,3
0.054,8,0,0,40.617806459821935,287.33619227556363,30.76339223654905,10,1,0.537149938044628,577,D_pmar=0.054_dist=100_repair_6_males=4_nmar=3,FG_theta_2.5,64,12,2.5,4,3
0,7,0,100,41.4251047093814,251.6666791916416,66.92735396253867,0,0,0,577,D_pmar=0.054_dist=100_repair_6_males=4_nmar=3,FG_theta_2.5,92,9,2.5,4,3
0.054,9,100,0,40.99759929656217,262.7033676619387,55.015209143844494,11,1.1,0.4027777777777782,577,D_pmar=0.054_dist=100_repair_6_males=4_nmar=3,FG_theta_2.5,66,11,2.5,4,3
0.054,12,100,100,41.79549343436878,298.75456914486506,18.26623507495062,7,0.7,0.5308752201773718,577,D_pmar=0.054_dist=100_repair_6_males=4_nmar=3,FG_theta_2.5,58,13,2.5,4,3
0,10,0,0,35.806513975719845,281.34927926963525,42.90524242673433,0,0,0,578,D_pmar=0.054_dist=100_repair_6_males=4_nmar=3,FG_theta_2.5,85,14,2.5,4,3
0.054,9,0,100,39.29333894692051,276.6489847779771,42.72992330583477,10,1,0.4259259259259264,578,D_pmar=0.054_dist=100_repair_6_males=4_nmar=3,FG_theta_2.5,58,10,2.5,4,3
0.054,10,100,0,41.75687292802659,261.67974806185595,55.475657527266705,7,0.7,0.5167137641447526,578,D_pmar=0.054_dist=100_repair_6_males=4_nmar=3,FG_theta_2.5,71,15,2.5,4,3
0.054,7,100,100,39.806000934165255,294.4659922669705,24.57920654312719,10,1,0.4687723796108294,578,D_pmar=0.054_dist=100_repair_6_males=4_nmar=3,FG_theta_2.5,54,9,2.5,4,3
0.054,9,0,0,38.47897482319668,265.0868314682399,55.34869241473486,9,0.8999999999999999,0.4210237291525666,579,D_pmar=0.054_dist=100_repair_6_males=4_nmar=3,FG_theta_2.5,75,10,2.5,4,3
0.054,5,0,100,38.273429943369855,283.9192708926875,36.68203579859635,6,0.6,0.5301373518142509,579,D_pmar=0.054_dist=100_repair_6_males=4_nmar=3,FG_theta_2.5,59,6,2.5,4,3
0,6,100,0,40.031380122238645,265.04457343093134,55.12461196434853,0,0,0,579,D_pmar=0.054_dist=100_repair_6_males=4_nmar=3,FG_theta_2.5,88,9,2.5,4,3
0.054,16,100,100,38.256510351352055,301.9377117065102,18.275119612146835,12,1.2,0.6180438642734193,579,D_pmar=0.054_dist=100_repair_6_males=4_nmar=3,FG_theta_2.5,66,19,2.5,4,3
0.054,7,0,0,38.97332180783734,295.1988274960429,24.35644077552513,10,1,0.5169863312884827,57,D_pmar=0.054_dist=100_repair_6_males=4_nmar=3,FG_theta_2.5,66,7,2.5,4,3
0.054,6,0,100,39.279169911452456,270.5706683696496,48.955607261698376,8,0.7999999999999999,0.5756393292436316,57,D_pmar=0.054_dist=100_repair_6_males=4_nmar=3,FG_theta_2.5,66,9,2.5,4,3
0,11,100,0,39.64989709819444,283.7179464011267,36.69894338273585,0,0,0,57,D_pmar=0.054_dist=100_repair_6_males=4_nmar=3,FG_theta_2.5,92,14,2.5,4,3
0.054,12,100,100,38.899086565080424,289.597014276379,30.629017943872665,5,0.5,0.4845789238810752,57,D_pmar=0.054_dist=100_repair_6_males=4_nmar=3,FG_theta_2.5,62,14,2.5,4,3
0.054,7,0,0,42.61860992031293,276.6318854682294,39.96551535465716,4,0.4,0.448336205710954,580,D_pmar=0.054_dist=100_repair_6_males=4_nmar=3,FG_theta_2.5,60,9,2.5,4,3
0,8,0,100,37.59101565203134,290.19358779584894,32.32174467927696,0,0,0,580,D_pmar=0.054_dist=100_repair_6_males=4_nmar=3,FG_theta_2.5,90,10,2.5,4,3
0.054,10,100,0,38.92486978384092,304.9027375984428,15.255894341115985,7,0.7,0.4433775584337989,580,D_pmar=0.054_dist=100_repair_6_males=4_nmar=3,FG_theta_2.5,62,12,2.5,4,3
0.054,11,100,100,38.66679339923332,289.30881425431755,30.680514035323128,10,1,0.5780222858443791,580,D_pmar=0.054_dist=100_repair_6_males=4_nmar=3,FG_theta_2.5,57,16,2.5,4,3
0.054,10,0,0,39.859356496660304,288.0589205415877,30.693453795427725,11,1.1,0.3820690367341725,581,D_pmar=0.054_dist=100_repair_6_males=4_nmar=3,FG_theta_2.5,71,11,2.5,4,3
0,6,0,100,37.725395544492685,261.28237702609755,61.13927273484591,0,0,0,581,D_pmar=0.054_dist=100_repair_6_males=4_nmar=3,FG_theta_2.5,80,8,2.5,4,3
0.054,11,100,0,41.11868727645926,275.53000107111114,42.57853087456811,4,0.4,0.46764904309638816,581,D_pmar=0.054_dist=100_repair_6_males=4_nmar=3,FG_theta_2.5,61,11,2.5,4,3
0.054,9,100,100,39.32677030940706,294.56287997743624,24.57406012058617,11,1.1,0.4861111111111119,581,D_pmar=0.054_dist=100_repair_6_males=4_nmar=3,FG_theta_2.5,55,9,2.5,4,3
0.054,9,0,0,37.35837142487793,284.7686212124015,36.81242731350367,9,0.8999999999999999,0.48148148148148223,582,D_pmar=0.054_dist=100_repair_6_males=4_nmar=3,FG_theta_2.5,63,11,2.5,4,3
0,8,0,100,40.74119272951318,258.79705254200144,60.64639535886489,0,0,0,582,D_pmar=0.054_dist=100_repair_6_males=4_nmar=3,FG_theta_2.5,103,14,2.5,4,3
0.054,12,100,0,41.4476812075006,280.3447579851854,36.51292110827948,12,1.2,0.5019741058851528,582,D_pmar=0.054_dist=100_repair_6_males=4_nmar=3,FG_theta_2.5,60,14,2.5,4,3
0.054,7,100,100,39.81130897943584,270.36704850526206,48.47650043108097,9,0.8999999999999999,0.5251787045370959,582,D_pmar=0.054_dist=100_repair_6_males=4_nmar=3,FG_theta_2.5,63,9,2.5,4,3
0.054,6,0,0,40.10510685219016,281.9651284025983,36.76203421821772,9,0.8999999999999999,0.4485289397866142,583,D_pmar=0.054_dist=100_repair_6_males=4_nmar=3,FG_theta_2.5,76,9,2.5,4,3
0.054,14,0,100,39.19055076857471,288.8319334038167,30.448646740397407,11,1.1,0.4675925925925933,583,D_pmar=0.054_dist=100_repair_6_males=4_nmar=3,FG_theta_2.5,59,15,2.5,4,3
0.054,8,100,0,38.57974042220435,283.83232438020593,36.673024610272435,7,0.7,0.5235336162994695,583,D_pmar=0.054_dist=100_repair_6_males=4_nmar=3,FG_theta_2.5,50,11,2.5,4,3
0,8,100,100,39.79941283785336,259.407400938999,60.91240070202727,0,0,0,583,D_pmar=0.054_dist=100_repair_6_males=4_nmar=3,FG_theta_2.5,92,9,2.5,4,3
0.054,7,0,0,36.57974619634322,297.2860507399638,24.464559184275807,11,1.1,0.5798834907219411,584,D_pmar=0.054_dist=100_repair_6_males=4_nmar=3,FG_theta_2.5,52,9,2.5,4,3
0.054,9,0,100,41.23997453718784,274.3869506661675,42.64869440140022,13,1.3,0.5472035161708032,584,D_pmar=0.054_dist=100_repair_6_males=4_nmar=3,FG_theta_2.5,59,11,2.5,4,3
0,10,100,0,40.96913576748092,276.46823993357253,42.77566018923983,0,0,0,584,D_pmar=0.054_dist=100_repair_6_males=4_nmar=3,FG_theta_2.5,97,12,2.5,4,3
0.054,10,100,100,41.17652341813231,256.9850026491868,61.124454456856185,4,0.4,0.365740740740741,584,D_pmar=0.054_dist=100_repair_6_males=4_nmar=3,FG_theta_2.5,78,12,2.5,4,3
0,5,0,0,38.38848448119124,287.2209378484067,34.511008456816164,0,0,0,585,D_pmar=0.054_dist=100_repair_6_males=4_nmar=3,FG_theta_2.5,69,5,2.5,4,3
0.054,12,0,100,39.42163590954471,256.4570387676445,62.424615711554765,13,1.3,0.4607727404378764,585,D_pmar=0.054_dist=100_repair_6_males=4_nmar=3,FG_theta_2.5,54,17,2.5,4,3
0.054,5,100,0,40.24922174380574,263.6242023361513,54.968866858161526,8,0.7999999999999999,0.4197641090662602,585,D_pmar=0.054_dist=100_repair_6_males=4_nmar=3,FG_theta_2.5,72,7,2.5,4,3
0.054,14,100,100,40.703372764507165,275.04423923300305,42.662032529093565,12,1.2,0.4818669496328025,585,D_pmar=0.054_dist=100_repair_6_males=4_nmar=3,FG_theta_2.5,62,18,2.5,4,3
0.054,14,0,0,39.71133098383788,300.8212581077724,18.36576237161423,7,0.7,0.5840478191321801,586,D_pmar=0.054_dist=100_repair_6_males=4_nmar=3,FG_theta_2.5,71,17,2.5,4,3
0.054,4,0,100,38.293643688852136,277.0993500733898,42.72987138740015,13,1.3,0.6034171070214094,586,D_pmar=0.054_dist=100_repair_6_males=4_nmar=3,FG_theta_2.5,68,8,2.5,4,3
0,10,100,0,39.91365076115205,271.1307120022681,48.983312256980554,0,0,0,586,D_pmar=0.054_dist=100_repair_6_males=4_nmar=3,FG_theta_2.5,99,13,2.5,4,3
0.054,8,100,100,37.5825715658707,272.60611434921987,48.8957282855173,6,0.6,0.4351851851851858,586,D_pmar=0.054_dist=100_repair_6_males=4_nmar=3,FG_theta_2.5,69,12,2.5,4,3
0.054,8,0,0,37.87392802941996,289.54496457906504,31.418434801227978,8,0.7999999999999999,0.5292865824435402,587,D_pmar=0.054_dist=100_repair_6_males=4_nmar=3,FG_theta_2.5,54,9,2.5,4,3
0.054,8,0,100,38.46376480442794,283.900038538102,36.406170587257776,8,0.7999999999999999,0.5120276840113279,587,D_pmar=0.054_dist=100_repair_6_males=4_nmar=3,FG_theta_2.5,80,11,2.5,4,3
0.054,5,100,0,39.414228113843016,288.84895186140295,30.406695895841334,9,0.8999999999999999,0.4700319996971357,587,D_pmar=0.054_dist=100_repair_6_males=4_nmar=3,FG_theta_2.5,65,8,2.5,4,3
0,15,100,100,37.687996473951834,273.2047536728652,49.1896414576288,0,0,0,587,D_pmar=0.054_dist=100_repair_6_males=4_nmar=3,FG_theta_2.5,91,16,2.5,4,3
0.054,12,0,0,39.17976530798387,270.868710157149,48.90629401499219,6,0.6,0.4708827690678466,588,D_pmar=0.054_dist=100_repair_6_males=4_nmar=3,FG_theta_2.5,53,16,2.5,4,3
0,14,0,100,41.52946728731287,263.4752499442132,55.206862937832895,0,0,0,588,D_pmar=0.054_dist=100_repair_6_males=4_nmar=3,FG_theta_2.5,97,16,2.5,4,3
0.054,6,100,0,39.08358974487875,264.67816468439696,54.81083985895787,12,1.2,0.49972743285627047,588,D_pmar=0.054_dist=100_repair_6_males=4_nmar=3,FG_theta_2.5,60,10,2.5,4,3
0.054,4,100,100,37.1803880792169,278.14213946293586,42.93505666221338,15,1.5000000000000002,0.4861111111111119,588,D_pmar=0.054_dist=100_repair_6_males=4_nmar=3,FG_theta_2.5,74,6,2.5,4,3
0.054,12,0,0,39.274166012886056,246.18786893010576,73.17336870851625,10,1,0.365740740740741,589,D_pmar=0.054_dist=100_repair_6_males=4_nmar=3,FG_theta_2.5,75,19,2.5,4,3
0,8,0,100,39.55616050977986,264.84942422085425,55.707835546949205,0,0,0,589,D_pmar=0.054_dist=100_repair_6_males=4_nmar=3,FG_theta_2.5,93,11,2.5,4,3
0.054,10,100,0,38.16827743052736,265.00090758893816,55.05502198258662,14,1.4,0.511233365144412,589,D_pmar=0.054_dist=100_repair_6_males=4_nmar=3,FG_theta_2.5,63,14,2.5,4,3
0.054,6,100,100,38.85078176370538,272.8457190204033,46.2522204997824,14,1.4,0.6585073613575746,589,D_pmar=0.054_dist=100_repair_6_males=4_nmar=3,FG_theta_2.5,58,7,2.5,4,3
0.054,7,0,0,42.49404481761754,292.21187280302144,24.43109849109416,6,0.6,0.472222222222223,58,D_pmar=0.054_dist=100_repair_6_males=4_nmar=3,FG_theta_2.5,51,7,2.5,4,3
0.054,12,0,100,38.89427702940996,289.1572720905061,30.729700517320246,9,0.8999999999999999,0.4911262088920618,58,D_pmar=0.054_dist=100_repair_6_males=4_nmar=3,FG_theta_2.5,64,13,2.5,4,3
0,8,100,0,38.31420449144161,278.7766249453017,42.93265743334034,0,0,0,58,D_pmar=0.054_dist=100_repair_6_males=4_nmar=3,FG_theta_2.5,98,11,2.5,4,3
0.054,9,100,100,39.41015566729542,295.24613386126873,24.356134152269057,5,0.5,0.5124131521626482,58,D_pmar=0.054_dist=100_repair_6_males=4_nmar=3,FG_theta_2.5,66,12,2.5,4,3
0.054,10,0,0,38.06087894416291,277.8835348378022,42.828216746537024,9,0.8999999999999999,0.5134800381732944,590,D_pmar=0.054_dist=100_repair_6_males=4_nmar=3,FG_theta_2.5,55,13,2.5,4,3
0,7,0,100,39.45096402997537,259.7020650880048,60.92285078302034,0,0,0,590,D_pmar=0.054_dist=100_repair_6_males=4_nmar=3,FG_theta_2.5,97,9,2.5,4,3
0.054,6,100,0,39.54930347351344,294.5550193535,24.28350843811962,12,1.2,0.44688385154898747,590,D_pmar=0.054_dist=100_repair_6_males=4_nmar=3,FG_theta_2.5,55,10,2.5,4,3
0.054,13,100,100,39.28515235812125,276.87771862018064,42.74239369119476,7,0.7,0.476306717564392,590,D_pmar=0.054_dist=100_repair_6_males=4_nmar=3,FG_theta_2.5,59,15,2.5,4,3
0.054,12,0,0,39.08236949355256,277.22496863918667,42.79110380945757,7,0.7,0.4591841027040447,591,D_pmar=0.054_dist=100_repair_6_males=4_nmar=3,FG_theta_2.5,76,13,2.5,4,3
0.054,8,0,100,38.91936149512495,307.33983276339404,12.15069144203271,10,1,0.6126763662806687,591,D_pmar=0.054_dist=100_repair_6_males=4_nmar=3,FG_theta_2.5,62,10,2.5,4,3
0.054,9,100,0,38.231910272090914,276.91609183149143,43.33227996642673,10,1,0.60878460501416,591,D_pmar=0.054_dist=100_repair_6_males=4_nmar=3,FG_theta_2.5,68,11,2.5,4,3
0,7,100,100,41.43290412717603,250.94603844374436,67.74775419078377,0,0,0,591,D_pmar=0.054_dist=100_repair_6_males=4_nmar=3,FG_theta_2.5,104,11,2.5,4,3
0,9,0,0,38.4328575827567,297.27413056036846,24.522860541510273,0,0,0,592,D_pmar=0.054_dist=100_repair_6_males=4_nmar=3,FG_theta_2.5,89,9,2.5,4,3
0.054,14,0,100,39.15916842010592,264.87446236116074,54.87711947824307,7,0.7,0.5008507693707116,592,D_pmar=0.054_dist=100_repair_6_males=4_nmar=3,FG_theta_2.5,69,15,2.5,4,3
0.054,8,100,0,36.99415305320326,278.95982610798467,42.7549325351185,11,1.1,0.4082581767781187,592,D_pmar=0.054_dist=100_repair_6_males=4_nmar=3,FG_theta_2.5,66,9,2.5,4,3
0.054,5,100,100,38.835620365470994,289.63793859623115,30.35116469352524,7,0.7,0.550051773990941,592,D_pmar=0.054_dist=100_repair_6_males=4_nmar=3,FG_theta_2.5,51,6,2.5,4,3
0.054,10,0,0,40.38600581766473,282.0088667466993,36.49406559866352,7,0.7,0.5073980543816983,593,D_pmar=0.054_dist=100_repair_6_males=4_nmar=3,FG_theta_2.5,70,13,2.5,4,3
0.054,9,0,100,38.39519133110082,277.52434549811983,42.709722079007285,9,0.8999999999999999,0.5208216420511967,593,D_pmar=0.054_dist=100_repair_6_males=4_nmar=3,FG_theta_2.5,67,12,2.5,4,3
0.054,7,100,0,40.18843513789662,287.9979670330871,30.326886107944183,11,1.1,0.5377515228358836,593,D_pmar=0.054_dist=100_repair_6_males=4_nmar=3,FG_theta_2.5,60,9,2.5,4,3
0,10,100,100,39.91086039523582,265.38326962255445,54.793341055510616,0,0,0,593,D_pmar=0.054_dist=100_repair_6_males=4_nmar=3,FG_theta_2.5,99,12,2.5,4,3
0.054,10,0,0,39.509105578891614,288.3173831951698,30.721448312189327,10,1,0.5278342282815738,594,D_pmar=0.054_dist=100_repair_6_males=4_nmar=3,FG_theta_2.5,62,11,2.5,4,3
0,12,0,100,37.40087847719372,285.6059389767451,36.99396288187801,0,0,0,594,D_pmar=0.054_dist=100_repair_6_males=4_nmar=3,FG_theta_2.5,69,14,2.5,4,3
0.054,7,100,0,40.121184796214706,257.6856770207934,61.13418987115784,8,0.7999999999999999,0.4264476776491119,594,D_pmar=0.054_dist=100_repair_6_males=4_nmar=3,FG_theta_2.5,73,8,2.5,4,3
0.054,7,100,100,39.27332985432926,264.14649810403023,54.96642473117278,12,1.2,0.4212962962962968,594,D_pmar=0.054_dist=100_repair_6_males=4_nmar=3,FG_theta_2.5,72,10,2.5,4,3
0.054,10,0,0,38.39996921559937,271.21954805965,48.951672712671815,11,1.1,0.3935185185185189,595,D_pmar=0.054_dist=100_repair_6_males=4_nmar=3,FG_theta_2.5,69,12,2.5,4,3
0.054,11,0,100,41.666453901991005,280.4817412784317,36.75575591020977,7,0.7,0.4886069687194493,595,D_pmar=0.054_dist=100_repair_6_males=4_nmar=3,FG_theta_2.5,57,14,2.5,4,3
0.054,8,100,0,37.098438785565165,279.3645760793485,42.095424732432306,10,1,0.48583854396738174,595,D_pmar=0.054_dist=100_repair_6_males=4_nmar=3,FG_theta_2.5,52,12,2.5,4,3
0,7,100,100,40.44575638789318,276.71075540508355,43.05339080836603,0,0,0,595,D_pmar=0.054_dist=100_repair_6_males=4_nmar=3,FG_theta_2.5,86,11,2.5,4,3
0.054,8,0,0,37.52613341159527,290.8576009691329,30.506947930124657,7,0.7,0.565994601833052,596,D_pmar=0.054_dist=100_repair_6_males=4_nmar=3,FG_theta_2.5,49,11,2.5,4,3
0.054,7,0,100,38.88798071022943,283.5713244390901,36.523567926205,7,0.7,0.3570032332046674,596,D_pmar=0.054_dist=100_repair_6_males=4_nmar=3,FG_theta_2.5,83,7,2.5,4,3
0.054,14,100,0,37.73272073173827,290.6826188715428,30.37508034050254,8,0.7999999999999999,0.5425174360373785,596,D_pmar=0.054_dist=100_repair_6_males=4_nmar=3,FG_theta_2.5,56,16,2.5,4,3
0,7,100,100,37.06572471865983,286.34851562195934,36.6218042694175,0,0,0,596,D_pmar=0.054_dist=100_repair_6_males=4_nmar=3,FG_theta_2.5,95,8,2.5,4,3
0.054,9,0,0,38.27898414311012,284.2343200721905,36.67987759758847,5,0.5,0.4935091654928092,597,D_pmar=0.054_dist=100_repair_6_males=4_nmar=3,FG_theta_2.5,81,13,2.5,4,3
0,9,0,100,40.29820862370187,270.5540336951288,49.41089567801186,0,0,0,597,D_pmar=0.054_dist=100_repair_6_males=4_nmar=3,FG_theta_2.5,96,9,2.5,4,3
0.054,7,100,0,39.04806271503376,313.4454653748278,6.006602041259818,11,1.1,0.5941013972583551,597,D_pmar=0.054_dist=100_repair_6_males=4_nmar=3,FG_theta_2.5,59,8,2.5,4,3
0.054,11,100,100,38.962385479472694,295.9651508090891,24.288748274285,3,0.30000000000000004,0.4980025115505738,597,D_pmar=0.054_dist=100_repair_6_males=4_nmar=3,FG_theta_2.5,63,11,2.5,4,3
0,5,0,0,40.45903277856587,295.3250971775841,24.39063921107169,0,0,0,598,D_pmar=0.054_dist=100_repair_6_males=4_nmar=3,FG_theta_2.5,94,8,2.5,4,3
0.054,10,0,100,41.5438447253024,268.11712440318416,48.982397613485,9,0.8999999999999999,0.519233004317365,598,D_pmar=0.054_dist=100_repair_6_males=4_nmar=3,FG_theta_2.5,64,15,2.5,4,3
0.054,11,100,0,38.66427627949765,259.80784134588623,60.93406420515698,4,0.4,0.3654681735970109,598,D_pmar=0.054_dist=100_repair_6_males=4_nmar=3,FG_theta_2.5,63,14,2.5,4,3
0.054,10,100,100,40.410904399869864,299.5822635817378,18.386639539859935,12,1.2,0.4768518518518526,598,D_pmar=0.054_dist=100_repair_6_males=4_nmar=3,FG_theta_2.5,47,13,2.5,4,3
0.054,5,0,0,38.58264737822595,295.66473245255384,24.249601637706277,10,1,0.5837188014846547,599,D_pmar=0.054_dist=100_repair_6_males=4_nmar=3,FG_theta_2.5,57,7,2.5,4,3
0.054,13,0,100,37.22261688693788,291.2951384941375,30.339313763080472,8,0.7999999999999999,0.4675925925925933,599,D_pmar=0.054_dist=100_repair_6_males=4_nmar=3,FG_theta_2.5,72,14,2.5,4,3
0.054,8,100,0,38.94460066832518,283.29976574442617,36.66298140309522,7,0.7,0.5278906787853688,599,D_pmar=0.054_dist=100_repair_6_males=4_nmar=3,FG_theta_2.5,72,9,2.5,4,3
0,10,100,100,38.966729533457944,260.2048377846249,60.98768855083378,0,0,0,599,D_pmar=0.054_dist=100_repair_6_males=4_nmar=3,FG_theta_2.5,102,14,2.5,4,3
0.054,14,0,0,37.99486322056749,277.3470571203719,42.889064924749505,14,1.4,0.5493937386958904,59,D_pmar=0.054_dist=100_repair_6_males=4_nmar=3,FG_theta_2.5,71,15,2.5,4,3
0,8,0,100,40.651297546581176,258.72569192643056,60.67569884528746,0,0,0,59,D_pmar=0.054_dist=100_repair_6_males=4_nmar=3,FG_theta_2.5,110,11,2.5,4,3
0.054,7,100,0,40.2666596185594,274.9481804898676,43.17267393490667,11,1.1,0.558244147239554,59,D_pmar=0.054_dist=100_repair_6_males=4_nmar=3,FG_theta_2.5,61,10,2.5,4,3
0.054,7,100,100,37.26739618857629,278.90014486804154,42.81932085408648,6,0.6,0.4768518518518526,59,D_pmar=0.054_dist=100_repair_6_males=4_nmar=3,FG_theta_2.5,58,10,2.5,4,3
0.054,14,0,0,41.228051101402514,274.124111439931,42.91001725185938,13,1.3,0.49496151965477575,600,D_pmar=0.054_dist=100_repair_6_males=4_nmar=3,FG_theta_2.5,56,17,2.5,4,3
0.054,5,0,100,38.112909683734784,271.2812999208746,49.05348228660187,11,1.1,0.5695573454520354,600,D_pmar=0.054_dist=100_repair_6_males=4_nmar=3,FG_theta_2.5,80,8,2.5,4,3
0.054,13,100,0,37.92496524180193,272.0758639459531,48.80588716869106,8,0.7999999999999999,0.4490740740740747,600,D_pmar=0.054_dist=100_repair_6_males=4_nmar=3,FG_theta_2.5,65,13,2.5,4,3
0,4,100,100,40.21569048513442,271.2728850665052,48.69776867474192,0,0,0,600,D_pmar=0.054_dist=100_repair_6_males=4_nmar=3,FG_theta_2.5,87,8,2.5,4,3
0,8,0,0,38.234355976442224,260.9128378992843,61.00670470782737,0,0,0,601,D_pmar=0.054_dist=100_repair_6_males=4_nmar=3,FG_theta_2.5,84,11,2.5,4,3
0.054,13,0,100,39.29366261886493,269.8733605968032,49.11187285137449,13,1.3,0.4545544730744152,601,D_pmar=0.054_dist=100_repair_6_males=4_nmar=3,FG_theta_2.5,64,14,2.5,4,3
0.054,6,100,0,38.85868949724454,289.1688421630434,30.334355471109763,13,1.3,0.4907971912445366,601,D_pmar=0.054_dist=100_repair_6_males=4_nmar=3,FG_theta_2.5,56,9,2.5,4,3
0.054,9,100,100,39.26984988795035,264.95296362216345,54.61688793673173,7,0.7,0.4622250945998429,601,D_pmar=0.054_dist=100_repair_6_males=4_nmar=3,FG_theta_2.5,64,13,2.5,4,3
0.054,8,0,0,38.17711063795542,283.9262987917459,36.87744614682192,6,0.6,0.5529000318110788,602,D_pmar=0.054_dist=100_repair_6_males=4_nmar=3,FG_theta_2.5,69,12,2.5,4,3
0.054,10,0,100,39.52512309376355,300.33989016305543,18.673643468787976,10,1,0.49542682087416623,602,D_pmar=0.054_dist=100_repair_6_males=4_nmar=3,FG_theta_2.5,73,14,2.5,4,3
0,9,100,0,38.53504083209115,272.6732022799391,48.83518190701008,0,0,0,602,D_pmar=0.054_dist=100_repair_6_males=4_nmar=3,FG_theta_2.5,81,10,2.5,4,3
0.054,9,100,100,39.55544037828037,282.6904893908527,36.726637662144434,7,0.7,0.4351851851851858,602,D_pmar=0.054_dist=100_repair_6_males=4_nmar=3,FG_theta_2.5,73,11,2.5,4,3
0,5,0,0,38.50354457791201,285.08563585067725,36.70961436756068,0,0,0,603,D_pmar=0.054_dist=100_repair_6_males=4_nmar=3,FG_theta_2.5,91,7,2.5,4,3
0.054,13,0,100,40.085681166618954,263.1792698036775,55.39165087316282,10,1,0.5030974423995941,603,D_pmar=0.054_dist=100_repair_6_males=4_nmar=3,FG_theta_2.5,60,13,2.5,4,3
0.054,12,100,0,36.62605430298101,297.781392410365,24.326243248811338,8,0.7999999999999999,0.5038917612665097,603,D_pmar=0.054_dist=100_repair_6_males=4_nmar=3,FG_theta_2.5,62,15,2.5,4,3
0.054,6,100,100,39.571121037860294,264.2277747886297,54.95887818839899,10,1,0.511289815648207,603,D_pmar=0.054_dist=100_repair_6_males=4_nmar=3,FG_theta_2.5,64,9,2.5,4,3
0.054,8,0,0,37.827162235053486,296.35026767664385,24.71389732189162,10,1,0.4351851851851858,604,D_pmar=0.054_dist=100_repair_6_males=4_nmar=3,FG_theta_2.5,60,9,2.5,4,3
0,6,0,100,38.79500764471571,281.5679750710589,39.77700567117353,0,0,0,604,D_pmar=0.054_dist=100_repair_6_males=4_nmar=3,FG_theta_2.5,91,10,2.5,4,3
0.054,12,100,0,37.37903344736426,272.7443676153066,48.87706799322502,8,0.7999999999999999,0.4997838833600654,604,D_pmar=0.054_dist=100_repair_6_males=4_nmar=3,FG_theta_2.5,58,15,2.5,4,3
0.054,10,100,100,39.80201177576743,279.05723099915997,40.11243789142284,8,0.7999999999999999,0.4957558385216917,604,D_pmar=0.054_dist=100_repair_6_males=4_nmar=3,FG_theta_2.5,64,12,2.5,4,3
0.054,11,0,0,40.15910205696034,275.57703071438493,42.80334074672516,10,1,0.4930438642734188,605,D_pmar=0.054_dist=100_repair_6_males=4_nmar=3,FG_theta_2.5,61,13,2.5,4,3
0,12,0,100,37.59390997373622,254.91257272675108,67.51058527768974,0,0,0,605,D_pmar=0.054_dist=100_repair_6_males=4_nmar=3,FG_theta_2.5,86,14,2.5,4,3
0.054,6,100,0,39.63199946375549,264.02005678334723,55.0981026154511,8,0.7999999999999999,0.4815943824890723,605,D_pmar=0.054_dist=100_repair_6_males=4_nmar=3,FG_theta_2.5,71,8,2.5,4,3
0.054,7,100,100,37.20385309386656,302.98316542119323,18.226687951937595,12,1.2,0.5134800381732944,605,D_pmar=0.054_dist=100_repair_6_males=4_nmar=3,FG_theta_2.5,50,10,2.5,4,3
0,7,0,0,40.65878080595195,252.4518524391824,67.06721192593957,0,0,0,606,D_pmar=0.054_dist=100_repair_6_males=4_nmar=3,FG_theta_2.5,120,9,2.5,4,3
0.054,12,0,100,41.26359235770548,278.8366659046276,38.771324752641526,9,0.8999999999999999,0.4970154586079978,606,D_pmar=0.054_dist=100_repair_6_males=4_nmar=3,FG_theta_2.5,75,14,2.5,4,3
0.054,7,100,0,39.024448664873795,294.5527583197237,24.333942525178227,14,1.4,0.7009683468911572,606,D_pmar=0.054_dist=100_repair_6_males=4_nmar=3,FG_theta_2.5,46,10,2.5,4,3
0.054,10,100,100,40.2722009080826,257.52712708490833,60.94870445387623,9,0.8999999999999999,0.4847152074529405,606,D_pmar=0.054_dist=100_repair_6_males=4_nmar=3,FG_theta_2.5,74,14,2.5,4,3
0.054,18,0,0,39.41177950884891,282.53614982226037,36.51165980991622,10,1,0.5428464536849038,607,D_pmar=0.054_dist=100_repair_6_males=4_nmar=3,FG_theta_2.5,68,19,2.5,4,3
0,8,0,100,40.72148027627304,251.68523928677604,67.59733152904168,0,0,0,607,D_pmar=0.054_dist=100_repair_6_males=4_nmar=3,FG_theta_2.5,108,11,2.5,4,3
0.054,6,100,0,39.264278868293246,288.8031771167991,30.483234682724596,9,0.8999999999999999,0.6053347624027663,607,D_pmar=0.054_dist=100_repair_6_males=4_nmar=3,FG_theta_2.5,60,8,2.5,4,3
0.054,4,100,100,39.359657445424254,289.2440386147716,30.226722006413578,8,0.7999999999999999,0.4657313877150314,607,D_pmar=0.054_dist=100_repair_6_males=4_nmar=3,FG_theta_2.5,60,5,2.5,4,3
0.054,9,0,0,38.027125036192835,296.60956124778465,24.39814438199058,6,0.6,0.5270963599184528,608,D_pmar=0.054_dist=100_repair_6_males=4_nmar=3,FG_theta_2.5,65,10,2.5,4,3
0,10,0,100,37.90064702549447,273.430651875808,48.74718783629843,0,0,0,608,D_pmar=0.054_dist=100_repair_6_males=4_nmar=3,FG_theta_2.5,88,12,2.5,4,3
0.054,7,100,0,39.8022771321335,288.6312076512174,30.303671669731216,9,0.8999999999999999,0.5331218932062538,608,D_pmar=0.054_dist=100_repair_6_males=4_nmar=3,FG_theta_2.5,68,9,2.5,4,3
0.054,10,100,100,41.27126709663656,280.89875364295915,36.61230351458872,8,0.7999999999999999,0.47578496584120655,608,D_pmar=0.054_dist=100_repair_6_males=4_nmar=3,FG_theta_2.5,59,11,2.5,4,3
0.054,7,0,0,40.0808733967028,275.37036744793585,42.99305503721823,12,1.2,0.4515134811786172,609,D_pmar=0.054_dist=100_repair_6_males=4_nmar=3,FG_theta_2.5,66,11,2.5,4,3
0.054,12,0,100,39.585840170451846,276.43827627081447,42.887447866622466,7,0.7,0.45370370370370433,609,D_pmar=0.054_dist=100_repair_6_males=4_nmar=3,FG_theta_2.5,54,13,2.5,4,3
0.054,11,100,0,39.07361565503805,270.5057037570091,49.08059752598988,9,0.8999999999999999,0.4807436131183615,609,D_pmar=0.054_dist=100_repair_6_males=4_nmar=3,FG_theta_2.5,73,12,2.5,4,3
0,6,100,100,38.28053281621855,285.5520471054087,36.21990705876373,0,0,0,609,D_pmar=0.054_dist=100_repair_6_males=4_nmar=3,FG_theta_2.5,84,7,2.5,4,3
0.054,7,0,0,38.37221021603803,307.66589050852207,12.232509801454048,14,1.4,0.4398148148148154,60,D_pmar=0.054_dist=100_repair_6_males=4_nmar=3,FG_theta_2.5,54,9,2.5,4,3
0.054,10,0,100,37.71904971419841,290.62812678193876,30.519428601648332,6,0.6,0.5879395803986889,60,D_pmar=0.054_dist=100_repair_6_males=4_nmar=3,FG_theta_2.5,59,13,2.5,4,3
0.054,8,100,0,39.45350446983182,258.9173651305555,60.964595482780915,4,0.4,0.4368302734228125,60,D_pmar=0.054_dist=100_repair_6_males=4_nmar=3,FG_theta_2.5,66,9,2.5,4,3
0,11,100,100,37.11832604058045,280.1035101613634,42.79495241563319,0,0,0,60,D_pmar=0.054_dist=100_repair_6_males=4_nmar=3,FG_theta_2.5,98,15,2.5,4,3
0.054,8,0,0,40.46828128580377,251.1110401381559,67.08514311170498,10,1,0.4595131203515702,610,D_pmar=0.054_dist=100_repair_6_males=4_nmar=3,FG_theta_2.5,69,13,2.5,4,3
0,5,0,100,40.3591232747907,270.9432841673477,48.86084361629707,0,0,0,610,D_pmar=0.054_dist=100_repair_6_males=4_nmar=3,FG_theta_2.5,86,9,2.5,4,3
0.054,10,100,0,38.93877652732306,270.5815863460185,48.504452830698334,15,1.5000000000000002,0.5281632459290991,610,D_pmar=0.054_dist=100_repair_6_males=4_nmar=3,FG_theta_2.5,51,13,2.5,4,3
0.054,13,100,100,40.42313911983768,288.22067628591816,30.28120629995427,7,0.7,0.511289815648207,610,D_pmar=0.054_dist=100_repair_6_males=4_nmar=3,FG_theta_2.5,66,16,2.5,4,3
0,3,0,0,40.14638055859464,258.44798498113306,61.59796401919428,0,0,0,611,D_pmar=0.054_dist=100_repair_6_males=4_nmar=3,FG_theta_2.5,100,11,2.5,4,3
0.054,6,0,100,38.48557313751142,283.12930691937777,36.68862193825061,12,1.2,0.5327928755587287,611,D_pmar=0.054_dist=100_repair_6_males=4_nmar=3,FG_theta_2.5,72,11,2.5,4,3
0.054,16,100,0,38.51313640725436,291.8274618535216,28.625982138971768,8,0.7999999999999999,0.5077270720292237,611,D_pmar=0.054_dist=100_repair_6_males=4_nmar=3,FG_theta_2.5,53,16,2.5,4,3
0.054,11,100,100,39.07247780668743,270.8887050451316,48.71047386196157,9,0.8999999999999999,0.5043570624859002,611,D_pmar=0.054_dist=100_repair_6_males=4_nmar=3,FG_theta_2.5,71,14,2.5,4,3
0,12,0,0,37.099006525456694,261.78127419468905,61.2471136150932,0,0,0,612,D_pmar=0.054_dist=100_repair_6_males=4_nmar=3,FG_theta_2.5,82,18,2.5,4,3
0.054,10,0,100,39.59258422540582,270.65403341908967,48.68976825488238,6,0.6,0.4981387951224389,612,D_pmar=0.054_dist=100_repair_6_males=4_nmar=3,FG_theta_2.5,55,12,2.5,4,3
0.054,4,100,0,38.37004629702774,283.14908325396874,36.70716011706242,13,1.3,0.4799492942514456,612,D_pmar=0.054_dist=100_repair_6_males=4_nmar=3,FG_theta_2.5,58,7,2.5,4,3
0.054,10,100,100,38.79502300474584,283.65130249338023,36.19949176507182,11,1.1,0.3978755810044183,612,D_pmar=0.054_dist=100_repair_6_males=4_nmar=3,FG_theta_2.5,67,14,2.5,4,3
0.054,10,0,0,38.84081593106046,301.5819038939005,18.476320868871216,7,0.7,0.5717475679771227,613,D_pmar=0.054_dist=100_repair_6_males=4_nmar=3,FG_theta_2.5,49,11,2.5,4,3
0.054,11,0,100,38.08977796928093,290.5619183853003,30.44825723699035,5,0.5,0.4684433619633041,613,D_pmar=0.054_dist=100_repair_6_males=4_nmar=3,FG_theta_2.5,70,15,2.5,4,3
0.054,8,100,0,39.72447164305557,288.19119724338924,30.65369749306088,10,1,0.5433682054080893,613,D_pmar=0.054_dist=100_repair_6_males=4_nmar=3,FG_theta_2.5,62,11,2.5,4,3
0,7,100,100,39.07430654553251,265.85119685368363,55.112347135235176,0,0,0,613,D_pmar=0.054_dist=100_repair_6_males=4_nmar=3,FG_theta_2.5,113,9,2.5,4,3
0.054,14,0,0,40.022274141356185,282.19598482030347,36.56570483737032,8,0.7999999999999999,0.4212962962962968,614,D_pmar=0.054_dist=100_repair_6_males=4_nmar=3,FG_theta_2.5,73,15,2.5,4,3
0.054,10,0,100,37.53618682245103,296.92648061376605,24.639135598521417,6,0.6,0.5728709044915639,614,D_pmar=0.054_dist=100_repair_6_males=4_nmar=3,FG_theta_2.5,64,12,2.5,4,3
0.054,6,100,0,37.431774411412654,296.7444404830706,24.221747418478504,10,1,0.6503714386127565,614,D_pmar=0.054_dist=100_repair_6_males=4_nmar=3,FG_theta_2.5,71,6,2.5,4,3
0,6,100,100,38.86744880219226,259.8018376906466,61.5178541980901,0,0,0,614,D_pmar=0.054_dist=100_repair_6_males=4_nmar=3,FG_theta_2.5,100,11,2.5,4,3
0.054,9,0,0,38.65758458505062,295.1812663148366,24.38397665681803,13,1.3,0.5396691782172405,615,D_pmar=0.054_dist=100_repair_6_males=4_nmar=3,FG_theta_2.5,68,12,2.5,4,3
0.054,10,0,100,38.90847857772057,283.45725890849724,36.73380864994952,5,0.5,0.4603074392184858,615,D_pmar=0.054_dist=100_repair_6_males=4_nmar=3,FG_theta_2.5,69,11,2.5,4,3
0.054,9,100,0,39.36944542325271,270.91917063900945,48.97210551629331,4,0.4,0.45422545542688986,615,D_pmar=0.054_dist=100_repair_6_males=4_nmar=3,FG_theta_2.5,65,10,2.5,4,3
0,8,100,100,37.28446446253867,298.4623181288318,24.369524164752484,0,0,0,615,D_pmar=0.054_dist=100_repair_6_males=4_nmar=3,FG_theta_2.5,74,10,2.5,4,3
0,9,0,0,40.62473681241784,277.0443488664517,42.519397816612944,0,0,0,616,D_pmar=0.054_dist=100_repair_6_males=4_nmar=3,FG_theta_2.5,86,13,2.5,4,3
0.054,6,0,100,38.91528427930368,258.91561087600155,61.00720918657052,9,0.8999999999999999,0.3927806501553984,616,D_pmar=0.054_dist=100_repair_6_males=4_nmar=3,FG_theta_2.5,53,10,2.5,4,3
0.054,10,100,0,39.256833540112865,282.9216374076704,36.60757641208119,9,0.8999999999999999,0.4409946018330515,616,D_pmar=0.054_dist=100_repair_6_males=4_nmar=3,FG_theta_2.5,52,13,2.5,4,3
0.054,11,100,100,39.018220891356464,281.8756840597157,37.53026541222173,12,1.2,0.5038917612665098,616,D_pmar=0.054_dist=100_repair_6_males=4_nmar=3,FG_theta_2.5,59,17,2.5,4,3
0.054,11,0,0,38.74024723281612,282.32589443700783,37.742114430009174,9,0.8999999999999999,0.4861111111111119,617,D_pmar=0.054_dist=100_repair_6_males=4_nmar=3,FG_theta_2.5,54,12,2.5,4,3
0,11,0,100,38.05304274943637,279.5419305436254,42.68935381399998,0,0,0,617,D_pmar=0.054_dist=100_repair_6_males=4_nmar=3,FG_theta_2.5,86,16,2.5,4,3
0.054,7,100,0,39.01125690577418,270.7216384215283,48.94797169405471,10,1,0.5030974423995939,617,D_pmar=0.054_dist=100_repair_6_males=4_nmar=3,FG_theta_2.5,72,7,2.5,4,3
0.054,7,100,100,38.77103093421123,271.06623751149516,48.72110556162322,11,1.1,0.4403930170417959,617,D_pmar=0.054_dist=100_repair_6_males=4_nmar=3,FG_theta_2.5,62,11,2.5,4,3
0.054,8,0,0,40.06379620265225,297.64619589934483,20.853045020361247,10,1,0.4490740740740747,618,D_pmar=0.054_dist=100_repair_6_males=4_nmar=3,FG_theta_2.5,56,12,2.5,4,3
0,10,0,100,39.38719593756504,259.93441310254343,60.77219375347248,0,0,0,618,D_pmar=0.054_dist=100_repair_6_males=4_nmar=3,FG_theta_2.5,111,14,2.5,4,3
0.054,10,100,0,38.079568487590045,277.83885845888824,42.49946251525888,10,1,0.5967335384385577,618,D_pmar=0.054_dist=100_repair_6_males=4_nmar=3,FG_theta_2.5,63,14,2.5,4,3
0.054,8,100,100,37.87569173736317,290.5707926369829,30.58644211417084,6,0.6,0.5636116452323047,618,D_pmar=0.054_dist=100_repair_6_males=4_nmar=3,FG_theta_2.5,70,11,2.5,4,3
0.054,9,0,0,39.14653539702394,288.1463592974079,30.87899553141019,14,1.4,0.5508460928578567,619,D_pmar=0.054_dist=100_repair_6_males=4_nmar=3,FG_theta_2.5,70,9,2.5,4,3
0.054,9,0,100,40.95392331419177,275.4388878937806,42.59199229632016,6,0.6,0.4629629629629636,619,D_pmar=0.054_dist=100_repair_6_males=4_nmar=3,FG_theta_2.5,65,13,2.5,4,3
0.054,5,100,0,38.473133134883824,277.95200577687007,42.86512730317149,4,0.4,0.5856929073698065,619,D_pmar=0.054_dist=100_repair_6_males=4_nmar=3,FG_theta_2.5,71,7,2.5,4,3
0,13,100,100,41.31963790415951,288.1286202396014,30.680952794427633,0,0,0,619,D_pmar=0.054_dist=100_repair_6_males=4_nmar=3,FG_theta_2.5,96,14,2.5,4,3
0.054,8,0,0,37.509351487305,272.17027230127815,48.95544442272075,12,1.2,0.4804145954708361,61,D_pmar=0.054_dist=100_repair_6_males=4_nmar=3,FG_theta_2.5,51,11,2.5,4,3
0.054,14,0,100,37.96449613389068,272.37294720803,48.37266571199048,9,0.8999999999999999,0.4387479288041692,61,D_pmar=0.054_dist=100_repair_6_males=4_nmar=3,FG_theta_2.5,66,16,2.5,4,3
0,5,100,0,39.55058866496078,247.56701360134136,73.21678109467508,0,0,0,61,D_pmar=0.054_dist=100_repair_6_males=4_nmar=3,FG_theta_2.5,100,8,2.5,4,3
0.054,9,100,100,38.77677430473667,283.01322036426143,36.46575716068592,13,1.3,0.5016450882376274,61,D_pmar=0.054_dist=100_repair_6_males=4_nmar=3,FG_theta_2.5,58,10,2.5,4,3
0.054,15,0,0,38.21783454226189,293.14855720559945,26.84921336834838,12,1.2,0.5856364568660116,620,D_pmar=0.054_dist=100_repair_6_males=4_nmar=3,FG_theta_2.5,66,15,2.5,4,3
0.054,4,0,100,39.92596429412249,281.6951974996368,36.56692672183423,14,1.4,0.5393401605697152,620,D_pmar=0.054_dist=100_repair_6_males=4_nmar=3,FG_theta_2.5,67,11,2.5,4,3
0.054,5,100,0,41.79575169373424,244.034023428628,73.3486664098946,4,0.4,0.44945954222539497,620,D_pmar=0.054_dist=100_repair_6_males=4_nmar=3,FG_theta_2.5,70,9,2.5,4,3
0,12,100,100,40.39219494471667,277.2221784608551,42.545689626340376,0,0,0,620,D_pmar=0.054_dist=100_repair_6_males=4_nmar=3,FG_theta_2.5,94,14,2.5,4,3
0,7,0,0,37.07600357302562,255.74957440089744,67.19013704262842,0,0,0,621,D_pmar=0.054_dist=100_repair_6_males=4_nmar=3,FG_theta_2.5,110,9,2.5,4,3
0.054,8,0,100,38.845296635251515,292.2753273933771,27.59732123591706,9,0.8999999999999999,0.5578586790882339,621,D_pmar=0.054_dist=100_repair_6_males=4_nmar=3,FG_theta_2.5,72,11,2.5,4,3
0.054,12,100,0,39.8486923289892,288.24138098291934,30.38657624061991,11,1.1,0.5101100286299708,621,D_pmar=0.054_dist=100_repair_6_males=4_nmar=3,FG_theta_2.5,75,15,2.5,4,3
0.054,9,100,100,39.49965249229408,288.8429142571343,30.42601612901809,6,0.6,0.6696842759981908,621,D_pmar=0.054_dist=100_repair_6_males=4_nmar=3,FG_theta_2.5,62,11,2.5,4,3
0.054,12,0,0,39.62678173865324,288.6623480744595,30.38237938017819,11,1.1,0.5061948847991868,622,D_pmar=0.054_dist=100_repair_6_males=4_nmar=3,FG_theta_2.5,42,15,2.5,4,3
0.054,7,0,100,39.58031527022746,276.8249882402673,42.57462250715064,8,0.7999999999999999,0.3425925925925927,622,D_pmar=0.054_dist=100_repair_6_males=4_nmar=3,FG_theta_2.5,55,10,2.5,4,3
0,8,100,0,41.54229546735169,282.0585579998179,36.50248746734374,0,0,0,622,D_pmar=0.054_dist=100_repair_6_males=4_nmar=3,FG_theta_2.5,87,15,2.5,4,3
0.054,9,100,100,39.97195132920613,257.4820657606546,61.190126347178854,9,0.8999999999999999,0.4754559481936812,622,D_pmar=0.054_dist=100_repair_6_males=4_nmar=3,FG_theta_2.5,66,14,2.5,4,3
0.054,5,0,0,41.070876358417834,287.2798417948968,30.759774228821712,5,0.5,0.3935185185185189,623,D_pmar=0.054_dist=100_repair_6_males=4_nmar=3,FG_theta_2.5,60,7,2.5,4,3
0.054,10,0,100,41.298154272632154,293.3184459737974,24.549037386233714,7,0.7,0.4448299125957655,623,D_pmar=0.054_dist=100_repair_6_males=4_nmar=3,FG_theta_2.5,55,12,2.5,4,3
0,10,100,0,37.39878219268529,298.0742598383083,24.58860204468457,0,0,0,623,D_pmar=0.054_dist=100_repair_6_males=4_nmar=3,FG_theta_2.5,93,12,2.5,4,3
0.054,11,100,100,35.73664453867219,292.9420912565194,30.44552736796052,6,0.6,0.5030974423995939,623,D_pmar=0.054_dist=100_repair_6_males=4_nmar=3,FG_theta_2.5,54,12,2.5,4,3
0,14,0,0,40.117709659858306,277.26189274683657,42.64151304577664,0,0,0,624,D_pmar=0.054_dist=100_repair_6_males=4_nmar=3,FG_theta_2.5,103,17,2.5,4,3
0.054,5,0,100,41.334173565477784,280.5607026333696,36.60243043227647,11,1.1,0.4684433619633042,624,D_pmar=0.054_dist=100_repair_6_males=4_nmar=3,FG_theta_2.5,56,6,2.5,4,3
0.054,12,100,0,37.5340238981184,278.2530990149158,42.71401117811224,9,0.8999999999999999,0.6091700731654802,624,D_pmar=0.054_dist=100_repair_6_males=4_nmar=3,FG_theta_2.5,59,13,2.5,4,3
0.054,5,100,100,39.229444393363856,264.67916622663466,54.88201225413029,9,0.8999999999999999,0.3935185185185189,624,D_pmar=0.054_dist=100_repair_6_males=4_nmar=3,FG_theta_2.5,60,9,2.5,4,3
0.054,13,0,0,38.62382504161158,307.8047476615621,12.242822035882096,8,0.7999999999999999,0.5374789556921533,625,D_pmar=0.054_dist=100_repair_6_males=4_nmar=3,FG_theta_2.5,58,14,2.5,4,3
0,5,0,100,36.298291811624786,268.79352722403564,54.9714290120891,0,0,0,625,D_pmar=0.054_dist=100_repair_6_males=4_nmar=3,FG_theta_2.5,83,9,2.5,4,3
0.054,8,100,0,39.39344492021414,276.59304265090935,42.65952690493132,9,0.8999999999999999,0.4984678127699642,625,D_pmar=0.054_dist=100_repair_6_males=4_nmar=3,FG_theta_2.5,85,9,2.5,4,3
0.054,10,100,100,35.950139309744294,286.6451612800781,36.30080352984444,7,0.7,0.5155339771265164,625,D_pmar=0.054_dist=100_repair_6_males=4_nmar=3,FG_theta_2.5,59,16,2.5,4,3
0.054,11,0,0,40.89459605884775,287.32756722017086,30.64502233484095,8,0.7999999999999999,0.4011093069758766,626,D_pmar=0.054_dist=100_repair_6_males=4_nmar=3,FG_theta_2.5,67,16,2.5,4,3
0.054,10,0,100,39.1220312205428,277.2577600945298,42.759563034775304,7,0.7,0.3842592592592596,626,D_pmar=0.054_dist=100_repair_6_males=4_nmar=3,FG_theta_2.5,65,15,2.5,4,3
0,10,100,0,39.64318700953204,271.7431018803335,48.65666935492042,0,0,0,626,D_pmar=0.054_dist=100_repair_6_males=4_nmar=3,FG_theta_2.5,76,13,2.5,4,3
0.054,5,100,100,39.51263883347461,294.49826714528524,24.571524432304017,9,0.8999999999999999,0.5775005341211935,626,D_pmar=0.054_dist=100_repair_6_males=4_nmar=3,FG_theta_2.5,52,7,2.5,4,3
0.054,12,0,0,39.23979917418627,276.69015060737,42.70554528999946,9,0.8999999999999999,0.4884142346437893,627,D_pmar=0.054_dist=100_repair_6_males=4_nmar=3,FG_theta_2.5,85,14,2.5,4,3
0,9,0,100,39.16236589309469,259.611493240169,61.246680955566646,0,0,0,627,D_pmar=0.054_dist=100_repair_6_males=4_nmar=3,FG_theta_2.5,95,11,2.5,4,3
0.054,8,100,0,39.51125160069867,294.9670415143156,24.25754802583058,7,0.7,0.5934433619633045,627,D_pmar=0.054_dist=100_repair_6_males=4_nmar=3,FG_theta_2.5,51,11,2.5,4,3
0.054,7,100,100,39.55957653995205,275.7738116244644,42.99254942150297,12,1.2,0.5047425306372204,627,D_pmar=0.054_dist=100_repair_6_males=4_nmar=3,FG_theta_2.5,62,7,2.5,4,3
0.054,14,0,0,39.6573179613581,275.9610932416876,42.49402071076373,14,1.4,0.5941578477621501,628,D_pmar=0.054_dist=100_repair_6_males=4_nmar=3,FG_theta_2.5,58,16,2.5,4,3
0.054,8,0,100,39.36940576841597,264.62423476568154,54.98416611141852,5,0.5,0.5305462025298464,628,D_pmar=0.054_dist=100_repair_6_males=4_nmar=3,FG_theta_2.5,72,13,2.5,4,3
0.054,6,100,0,40.23389631170933,275.23403911879876,42.92487527800645,11,1.1,0.5251222540333009,628,D_pmar=0.054_dist=100_repair_6_males=4_nmar=3,FG_theta_2.5,58,7,2.5,4,3
0,8,100,100,39.20937017986148,277.9320162421184,43.094653520285455,0,0,0,628,D_pmar=0.054_dist=100_repair_6_males=4_nmar=3,FG_theta_2.5,117,9,2.5,4,3
0,13,0,0,40.18661010478561,295.29182196566336,24.555631325516813,0,0,0,629,D_pmar=0.054_dist=100_repair_6_males=4_nmar=3,FG_theta_2.5,82,15,2.5,4,3
0.054,8,0,100,39.737433614472394,270.2223995649606,49.01238175649219,7,0.7,0.44450089494824024,629,D_pmar=0.054_dist=100_repair_6_males=4_nmar=3,FG_theta_2.5,57,9,2.5,4,3
0.054,9,100,0,39.85420759313881,294.1453827063137,24.62276472525481,9,0.8999999999999999,0.5559974742106718,629,D_pmar=0.054_dist=100_repair_6_males=4_nmar=3,FG_theta_2.5,61,9,2.5,4,3
0.054,6,100,100,40.339351708888785,269.8039682760755,48.66919947437171,8,0.7999999999999999,0.42710571294416266,629,D_pmar=0.054_dist=100_repair_6_males=4_nmar=3,FG_theta_2.5,57,8,2.5,4,3
0.054,5,0,0,39.666052015299755,275.937048026175,42.899820918733845,11,1.1,0.458333333333334,62,D_pmar=0.054_dist=100_repair_6_males=4_nmar=3,FG_theta_2.5,73,9,2.5,4,3
0,10,0,100,35.991815223240764,274.9446868961313,49.070237369278765,0,0,0,62,D_pmar=0.054_dist=100_repair_6_males=4_nmar=3,FG_theta_2.5,96,11,2.5,4,3
0.054,10,100,0,39.39767825044607,267.9802494152945,51.48926310735822,8,0.7999999999999999,0.5790891718550252,62,D_pmar=0.054_dist=100_repair_6_males=4_nmar=3,FG_theta_2.5,65,10,2.5,4,3
0.054,11,100,100,39.011452288862046,282.91569661389616,36.53714383400666,11,1.1,0.5158629947740417,62,D_pmar=0.054_dist=100_repair_6_males=4_nmar=3,FG_theta_2.5,75,12,2.5,4,3
0.054,9,0,0,37.07616727946589,260.31523820555134,61.341065777407586,9,0.8999999999999999,0.43874792880416935,630,D_pmar=0.054_dist=100_repair_6_males=4_nmar=3,FG_theta_2.5,63,12,2.5,4,3
0.054,14,0,100,37.027822738085874,265.70710698011885,55.63869235078663,12,1.2,0.502359574036473,630,D_pmar=0.054_dist=100_repair_6_males=4_nmar=3,FG_theta_2.5,74,16,2.5,4,3
0.054,4,100,0,37.61567730070848,295.7662779173396,24.610574528530947,14,1.4,0.7031585694162443,630,D_pmar=0.054_dist=100_repair_6_males=4_nmar=3,FG_theta_2.5,55,6,2.5,4,3
0,9,100,100,41.18918944402877,255.44343663324344,63.51831223106241,0,0,0,630,D_pmar=0.054_dist=100_repair_6_males=4_nmar=3,FG_theta_2.5,106,12,2.5,4,3
0.054,16,0,0,40.965264604353216,256.1949819846103,61.05849178243788,14,1.4,0.5521621634479581,631,D_pmar=0.054_dist=100_repair_6_males=4_nmar=3,FG_theta_2.5,55,19,2.5,4,3
0,11,0,100,37.444929700269114,231.07158804476393,91.70535975546996,0,0,0,631,D_pmar=0.054_dist=100_repair_6_males=4_nmar=3,FG_theta_2.5,98,13,2.5,4,3
0.054,7,100,0,43.76267908117165,265.8286712560935,48.63753918716533,14,1.4,0.5308752201773715,631,D_pmar=0.054_dist=100_repair_6_males=4_nmar=3,FG_theta_2.5,60,8,2.5,4,3
0.054,2,100,100,39.16123549470642,276.5298976825821,42.8023598002721,12,1.2,0.40740740740740783,631,D_pmar=0.054_dist=100_repair_6_males=4_nmar=3,FG_theta_2.5,70,5,2.5,4,3
0.054,15,0,0,38.039073111811376,289.9836264842155,30.600510565927536,10,1,0.45370370370370433,632,D_pmar=0.054_dist=100_repair_6_males=4_nmar=3,FG_theta_2.5,54,18,2.5,4,3
0.054,13,0,100,38.38220769216249,295.89759677524154,24.26675583900793,8,0.7999999999999999,0.6711366301601571,632,D_pmar=0.054_dist=100_repair_6_males=4_nmar=3,FG_theta_2.5,64,13,2.5,4,3
0,4,100,0,38.2523037949696,266.65208777242543,55.10270911383245,0,0,0,632,D_pmar=0.054_dist=100_repair_6_males=4_nmar=3,FG_theta_2.5,104,6,2.5,4,3
0.054,4,100,100,38.89589034884083,270.61260166727044,49.19664001648194,9,0.8999999999999999,0.4395422476710852,632,D_pmar=0.054_dist=100_repair_6_males=4_nmar=3,FG_theta_2.5,72,10,2.5,4,3
0,5,0,0,40.57625906021554,252.35374124965577,67.3280322323468,0,0,0,633,D_pmar=0.054_dist=100_repair_6_males=4_nmar=3,FG_theta_2.5,95,9,2.5,4,3
0.054,11,0,100,37.71106666639503,271.26450826149426,48.875605077471874,18,1.8000000000000005,0.6434386854504497,633,D_pmar=0.054_dist=100_repair_6_males=4_nmar=3,FG_theta_2.5,75,12,2.5,4,3
0.054,11,100,0,39.07322323323575,264.6697943384312,54.91206755981417,11,1.1,0.4259259259259264,633,D_pmar=0.054_dist=100_repair_6_males=4_nmar=3,FG_theta_2.5,54,12,2.5,4,3
0.054,9,100,100,39.62253400388693,258.370799168995,60.91836160207569,9,0.8999999999999999,0.4441718773007148,633,D_pmar=0.054_dist=100_repair_6_males=4_nmar=3,FG_theta_2.5,76,12,2.5,4,3
0.054,8,0,0,41.597765353256534,262.7826398347271,54.763347024302185,5,0.5,0.4579244826177386,634,D_pmar=0.054_dist=100_repair_6_males=4_nmar=3,FG_theta_2.5,62,10,2.5,4,3
0,11,0,100,39.01121162545249,278.36567818468285,42.64059321823332,0,0,0,634,D_pmar=0.054_dist=100_repair_6_males=4_nmar=3,FG_theta_2.5,100,15,2.5,4,3
0.054,8,100,0,38.536604649618894,314.57670719646296,6.070513309470524,6,0.6,0.49271484662589354,634,D_pmar=0.054_dist=100_repair_6_males=4_nmar=3,FG_theta_2.5,39,8,2.5,4,3
0.054,9,100,100,39.66193128352943,288.5006614752222,30.33954960818965,11,1.1,0.5155904276303113,634,D_pmar=0.054_dist=100_repair_6_males=4_nmar=3,FG_theta_2.5,66,9,2.5,4,3
0.054,5,0,0,39.806212865278205,264.3199206542671,55.03930964051579,5,0.5,0.45296583534058354,635,D_pmar=0.054_dist=100_repair_6_males=4_nmar=3,FG_theta_2.5,81,6,2.5,4,3
0,11,0,100,42.09206247156427,269.25573824894786,48.740763948205,0,0,0,635,D_pmar=0.054_dist=100_repair_6_males=4_nmar=3,FG_theta_2.5,107,14,2.5,4,3
0.054,10,100,0,39.81060866874708,294.378785660447,24.68995688496271,7,0.7,0.5313405213967622,635,D_pmar=0.054_dist=100_repair_6_males=4_nmar=3,FG_theta_2.5,53,10,2.5,4,3
0.054,10,100,100,38.277748030673095,295.56334149086473,24.41608586538421,13,1.3,0.6446184724686856,635,D_pmar=0.054_dist=100_repair_6_males=4_nmar=3,FG_theta_2.5,57,10,2.5,4,3
0.054,9,0,0,38.898115081390834,301.5028222628945,18.116597400498836,10,1,0.4941672007878599,636,D_pmar=0.054_dist=100_repair_6_males=4_nmar=3,FG_theta_2.5,67,10,2.5,4,3
0.054,9,0,100,38.07820185341536,259.8672001779853,61.06627776897637,7,0.7,0.3981481481481486,636,D_pmar=0.054_dist=100_repair_6_males=4_nmar=3,FG_theta_2.5,67,11,2.5,4,3
0,6,100,0,37.46657780616655,286.236343063949,36.30257390035992,0,0,0,636,D_pmar=0.054_dist=100_repair_6_males=4_nmar=3,FG_theta_2.5,81,6,2.5,4,3
0.054,12,100,100,37.32614289637921,278.22051156813615,43.06771759598424,9,0.8999999999999999,0.6126763662806688,636,D_pmar=0.054_dist=100_repair_6_males=4_nmar=3,FG_theta_2.5,67,16,2.5,4,3
0.054,6,0,0,39.82573231358202,288.5023716411495,30.4371836185633,9,0.8999999999999999,0.49074074074074153,637,D_pmar=0.054_dist=100_repair_6_males=4_nmar=3,FG_theta_2.5,54,13,2.5,4,3
0,8,0,100,40.00099804839045,270.82996138360045,49.33943247120732,0,0,0,637,D_pmar=0.054_dist=100_repair_6_males=4_nmar=3,FG_theta_2.5,104,10,2.5,4,3
0.054,12,100,0,38.30422879747847,278.36449335109336,42.23735699461248,7,0.7,0.5197547560405504,637,D_pmar=0.054_dist=100_repair_6_males=4_nmar=3,FG_theta_2.5,83,15,2.5,4,3
0.054,10,100,100,40.081150307634,288.10088443646555,30.51800293677927,9,0.8999999999999999,0.6094426403092105,637,D_pmar=0.054_dist=100_repair_6_males=4_nmar=3,FG_theta_2.5,65,13,2.5,4,3
0.054,16,0,0,40.37115020127454,281.08214616887744,36.70232329230196,13,1.3,0.597936708021069,638,D_pmar=0.054_dist=100_repair_6_males=4_nmar=3,FG_theta_2.5,66,16,2.5,4,3
0.054,6,0,100,37.942820892442384,247.8605947303548,72.93952352728132,8,0.7999999999999999,0.4595131203515704,638,D_pmar=0.054_dist=100_repair_6_males=4_nmar=3,FG_theta_2.5,75,7,2.5,4,3
0.054,8,100,0,38.44985512118552,282.09842041520113,37.88229862805943,11,1.1,0.4768518518518526,638,D_pmar=0.054_dist=100_repair_6_males=4_nmar=3,FG_theta_2.5,62,8,2.5,4,3
0,6,100,100,38.77558782441836,278.66937059360754,42.616845433787525,0,0,0,638,D_pmar=0.054_dist=100_repair_6_males=4_nmar=3,FG_theta_2.5,99,6,2.5,4,3
0.054,12,0,0,39.32000367617229,294.53195321168494,24.650588868117943,10,1,0.5436407725518194,639,D_pmar=0.054_dist=100_repair_6_males=4_nmar=3,FG_theta_2.5,73,15,2.5,4,3
0.054,7,0,100,40.31570607139039,300.33510829430503,18.530955193092183,5,0.5,0.3716864409604721,639,D_pmar=0.054_dist=100_repair_6_males=4_nmar=3,FG_theta_2.5,73,9,2.5,4,3
0.054,13,100,0,38.84445702108726,289.56486318301523,30.398712393146745,6,0.6,0.5971423891541532,639,D_pmar=0.054_dist=100_repair_6_males=4_nmar=3,FG_theta_2.5,50,15,2.5,4,3
0,4,100,100,38.951501794078496,266.4671894832164,54.85624552077541,0,0,0,639,D_pmar=0.054_dist=100_repair_6_males=4_nmar=3,FG_theta_2.5,93,10,2.5,4,3
0.054,8,0,0,39.05543622877534,305.71748576974534,13.748631129275903,10,1,0.6060726307658872,63,D_pmar=0.054_dist=100_repair_6_males=4_nmar=3,FG_theta_2.5,42,9,2.5,4,3
0,8,0,100,37.995833896461136,279.4204308400103,42.68420266829547,0,0,0,63,D_pmar=0.054_dist=100_repair_6_males=4_nmar=3,FG_theta_2.5,111,10,2.5,4,3
0.054,10,100,0,39.548058729521905,258.3053834391971,60.723273484388834,11,1.1,0.536162885102052,63,D_pmar=0.054_dist=100_repair_6_males=4_nmar=3,FG_theta_2.5,83,13,2.5,4,3
0.054,10,100,100,38.441625318028755,265.4412141281196,54.94532198920112,8,0.7999999999999999,0.3888888888888892,63,D_pmar=0.054_dist=100_repair_6_males=4_nmar=3,FG_theta_2.5,62,11,2.5,4,3
0,11,0,0,38.952566211639606,259.7783298817774,61.2763663257444,0,0,0,640,D_pmar=0.054_dist=100_repair_6_males=4_nmar=3,FG_theta_2.5,94,16,2.5,4,3
0.054,8,0,100,39.33485899731565,294.9900571440582,24.408558803092426,9,0.8999999999999999,0.4812653648415469,640,D_pmar=0.054_dist=100_repair_6_males=4_nmar=3,FG_theta_2.5,48,9,2.5,4,3
0.054,8,100,0,38.88698784367643,265.5656365855552,54.83824679273723,5,0.5,0.45370370370370433,640,D_pmar=0.054_dist=100_repair_6_males=4_nmar=3,FG_theta_2.5,60,13,2.5,4,3
0.054,9,100,100,37.90433628493875,302.1230112523013,18.379434894451336,12,1.2,0.45534879194133104,640,D_pmar=0.054_dist=100_repair_6_males=4_nmar=3,FG_theta_2.5,66,10,2.5,4,3
0.054,11,0,0,38.431594529762414,277.8414977335567,42.485853131202454,8,0.7999999999999999,0.5870888110279782,641,D_pmar=0.054_dist=100_repair_6_males=4_nmar=3,FG_theta_2.5,59,14,2.5,4,3
0,11,0,100,37.90452538735397,285.5845948209024,36.63742130284229,0,0,0,641,D_pmar=0.054_dist=100_repair_6_males=4_nmar=3,FG_theta_2.5,105,13,2.5,4,3
0.054,7,100,0,40.17929235276189,299.7073261001684,18.610539797947997,9,0.8999999999999999,0.6086483214422947,641,D_pmar=0.054_dist=100_repair_6_males=4_nmar=3,FG_theta_2.5,58,7,2.5,4,3
0.054,7,100,100,37.267194813746784,279.06696005408236,42.676993201665354,6,0.6,0.4163940995229369,641,D_pmar=0.054_dist=100_repair_6_males=4_nmar=3,FG_theta_2.5,79,7,2.5,4,3
0.054,8,0,0,39.01055761499749,270.8002453737324,48.65385571392235,11,1.1,0.510439046277496,642,D_pmar=0.054_dist=100_repair_6_males=4_nmar=3,FG_theta_2.5,67,12,2.5,4,3
0.054,7,0,100,38.0201851235404,277.178640583193,43.51594497555683,10,1,0.3750000000000003,642,D_pmar=0.054_dist=100_repair_6_males=4_nmar=3,FG_theta_2.5,73,12,2.5,4,3
0,10,100,0,41.253968123717165,282.4534978971594,36.65430868642615,0,0,0,642,D_pmar=0.054_dist=100_repair_6_males=4_nmar=3,FG_theta_2.5,89,12,2.5,4,3
0.054,11,100,100,38.91016577214605,277.11353245350057,42.785042976602874,8,0.7999999999999999,0.6500424209652311,642,D_pmar=0.054_dist=100_repair_6_males=4_nmar=3,FG_theta_2.5,60,16,2.5,4,3
0.054,7,0,0,38.791943027534856,276.9896438864178,43.159349942279995,7,0.7,0.4311337577825368,643,D_pmar=0.054_dist=100_repair_6_males=4_nmar=3,FG_theta_2.5,69,10,2.5,4,3
0,13,0,100,40.28563195540085,265.8209428857981,53.964751550555135,0,0,0,643,D_pmar=0.054_dist=100_repair_6_males=4_nmar=3,FG_theta_2.5,81,14,2.5,4,3
0.054,8,100,0,38.06880964738699,271.4634778570337,48.87522004179854,12,1.2,0.4614307757329271,643,D_pmar=0.054_dist=100_repair_6_males=4_nmar=3,FG_theta_2.5,51,9,2.5,4,3
0.054,8,100,100,37.722927987528365,277.99913704965104,42.700804248251806,12,1.2,0.4351851851851858,643,D_pmar=0.054_dist=100_repair_6_males=4_nmar=3,FG_theta_2.5,51,9,2.5,4,3
0,7,0,0,41.154083530110015,245.1777337474222,73.83648839996974,0,0,0,644,D_pmar=0.054_dist=100_repair_6_males=4_nmar=3,FG_theta_2.5,95,11,2.5,4,3
0.054,11,0,100,39.931545893738154,307.07505550213654,12.315733069872357,4,0.4,0.42724199651602773,644,D_pmar=0.054_dist=100_repair_6_males=4_nmar=3,FG_theta_2.5,85,14,2.5,4,3
0.054,7,100,0,38.75369860949427,295.3751466984837,24.46925897209441,10,1,0.4953703703703712,644,D_pmar=0.054_dist=100_repair_6_males=4_nmar=3,FG_theta_2.5,68,10,2.5,4,3
0.054,11,100,100,38.96493586167569,305.1263819680909,14.59348365554871,7,0.7,0.6542865824435407,644,D_pmar=0.054_dist=100_repair_6_males=4_nmar=3,FG_theta_2.5,69,13,2.5,4,3
0,8,0,0,39.0124796473531,272.2906037985939,48.837488950272345,0,0,0,645,D_pmar=0.054_dist=100_repair_6_males=4_nmar=3,FG_theta_2.5,109,10,2.5,4,3
0.054,13,0,100,39.15072899039615,283.0196477519238,36.75528486019603,9,0.8999999999999999,0.46030743921848594,645,D_pmar=0.054_dist=100_repair_6_males=4_nmar=3,FG_theta_2.5,62,16,2.5,4,3
0.054,6,100,0,40.6937519978927,293.79720486796174,24.302100790780703,9,0.8999999999999999,0.5353685662351362,645,D_pmar=0.054_dist=100_repair_6_males=4_nmar=3,FG_theta_2.5,62,10,2.5,4,3
0.054,9,100,100,37.80043958329993,291.1058188286712,30.25376553913475,5,0.5,0.44444444444444503,645,D_pmar=0.054_dist=100_repair_6_males=4_nmar=3,FG_theta_2.5,47,10,2.5,4,3
0.054,10,0,0,39.15802355000935,306.9353995480914,12.13953184800932,12,1.2,0.6016357352119177,646,D_pmar=0.054_dist=100_repair_6_males=4_nmar=3,FG_theta_2.5,49,11,2.5,4,3
0,7,0,100,38.362147507553594,285.3912598109689,36.50533091180564,0,0,0,646,D_pmar=0.054_dist=100_repair_6_males=4_nmar=3,FG_theta_2.5,82,11,2.5,4,3
0.054,10,100,0,40.35110954413669,275.90564378630904,42.75260135044859,6,0.6,0.48378460501415943,646,D_pmar=0.054_dist=100_repair_6_males=4_nmar=3,FG_theta_2.5,54,11,2.5,4,3
0.054,9,100,100,38.99708345352192,259.0769137782603,60.894733739240486,7,0.7,0.4411873359087118,646,D_pmar=0.054_dist=100_repair_6_males=4_nmar=3,FG_theta_2.5,88,13,2.5,4,3
0,5,0,0,40.11362870736173,246.25937532677463,73.87730893315063,0,0,0,647,D_pmar=0.054_dist=100_repair_6_males=4_nmar=3,FG_theta_2.5,92,7,2.5,4,3
0.054,9,0,100,39.54466327087435,252.5474450588158,66.42072648795146,10,1,0.48855051821565426,647,D_pmar=0.054_dist=100_repair_6_males=4_nmar=3,FG_theta_2.5,77,12,2.5,4,3
0.054,10,100,0,39.262344109497306,282.11862264114006,36.695960787430394,15,1.5000000000000002,0.5046296296296304,647,D_pmar=0.054_dist=100_repair_6_males=4_nmar=3,FG_theta_2.5,63,12,2.5,4,3
0.054,12,100,100,39.77943651124029,269.64925592287216,49.0583302452892,12,1.2,0.47307299159293376,647,D_pmar=0.054_dist=100_repair_6_males=4_nmar=3,FG_theta_2.5,64,13,2.5,4,3
0.054,8,0,0,38.10044293547316,283.49537129494496,36.95588016325647,9,0.8999999999999999,0.6214703243205374,648,D_pmar=0.054_dist=100_repair_6_males=4_nmar=3,FG_theta_2.5,62,10,2.5,4,3
0,9,0,100,39.07763790175754,290.315835559728,30.74713556802443,0,0,0,648,D_pmar=0.054_dist=100_repair_6_males=4_nmar=3,FG_theta_2.5,108,13,2.5,4,3
0.054,9,100,0,40.697873642837855,287.5365099683739,30.407421401120647,10,1,0.4212962962962968,648,D_pmar=0.054_dist=100_repair_6_males=4_nmar=3,FG_theta_2.5,58,11,2.5,4,3
0.054,10,100,100,37.65760275490966,260.4316270778322,60.739631087391885,7,0.7,0.47499064697429066,648,D_pmar=0.054_dist=100_repair_6_males=4_nmar=3,FG_theta_2.5,58,12,2.5,4,3
0.054,11,0,0,40.24292691165014,276.4635598382861,42.72195944520487,4,0.4,0.35587989669022624,649,D_pmar=0.054_dist=100_repair_6_males=4_nmar=3,FG_theta_2.5,51,12,2.5,4,3
0.054,8,0,100,39.30884118473775,271.054586908015,48.7628154966557,6,0.6,0.4279000318110783,649,D_pmar=0.054_dist=100_repair_6_males=4_nmar=3,FG_theta_2.5,68,10,2.5,4,3
0.054,7,100,0,39.84250519736885,305.92671291760325,12.247089571347589,17,1.7000000000000004,0.4768518518518526,649,D_pmar=0.054_dist=100_repair_6_males=4_nmar=3,FG_theta_2.5,49,8,2.5,4,3
0,10,100,100,38.186808426046575,261.0080418836751,60.848770962414314,0,0,0,649,D_pmar=0.054_dist=100_repair_6_males=4_nmar=3,FG_theta_2.5,84,10,2.5,4,3
0.054,9,0,0,38.03551279736668,283.9620039023783,36.62386344664166,10,1,0.45918410270404486,64,D_pmar=0.054_dist=100_repair_6_males=4_nmar=3,FG_theta_2.5,52,14,2.5,4,3
0.054,12,0,100,38.60518765696412,271.15068968853325,48.7304774702726,12,1.2,0.37962962962962993,64,D_pmar=0.054_dist=100_repair_6_males=4_nmar=3,FG_theta_2.5,60,15,2.5,4,3
0,5,100,0,38.53334598220962,256.3247545813538,65.40014006827852,0,0,0,64,D_pmar=0.054_dist=100_repair_6_males=4_nmar=3,FG_theta_2.5,80,7,2.5,4,3
0.054,10,100,100,37.83376731322996,278.3243068652662,42.63085669053038,10,1,0.41639409952293693,64,D_pmar=0.054_dist=100_repair_6_males=4_nmar=3,FG_theta_2.5,58,11,2.5,4,3
0.054,10,0,0,41.12778109481708,273.958441232977,43.01364599281024,14,1.4,0.5344379637963553,650,D_pmar=0.054_dist=100_repair_6_males=4_nmar=3,FG_theta_2.5,55,13,2.5,4,3
0.054,8,0,100,37.56963981621717,275.7171393342839,45.738669854821985,7,0.7,0.44444444444444503,650,D_pmar=0.054_dist=100_repair_6_males=4_nmar=3,FG_theta_2.5,62,10,2.5,4,3
0,9,100,0,39.04696187218939,253.86360256284829,67.17251681308494,0,0,0,650,D_pmar=0.054_dist=100_repair_6_males=4_nmar=3,FG_theta_2.5,89,12,2.5,4,3
0.054,9,100,100,38.17204085142209,268.7345048651054,51.34379239916319,14,1.4,0.39866989987133417,650,D_pmar=0.054_dist=100_repair_6_males=4_nmar=3,FG_theta_2.5,58,12,2.5,4,3
0.054,13,0,0,38.85246026326765,300.92370072269927,18.232564592170885,15,1.5000000000000002,0.4935091654928091,651,D_pmar=0.054_dist=100_repair_6_males=4_nmar=3,FG_theta_2.5,50,16,2.5,4,3
0.054,11,0,100,39.564499619091855,283.09901768814603,36.60011327712585,3,0.30000000000000004,0.44444444444444503,651,D_pmar=0.054_dist=100_repair_6_males=4_nmar=3,FG_theta_2.5,65,12,2.5,4,3
0.054,5,100,0,41.28706920093301,268.85819755417236,48.91564134205355,7,0.7,0.507454504885493,651,D_pmar=0.054_dist=100_repair_6_males=4_nmar=3,FG_theta_2.5,56,9,2.5,4,3
0,7,100,100,39.16739989199685,272.1986459712733,48.80236260290554,0,0,0,651,D_pmar=0.054_dist=100_repair_6_males=4_nmar=3,FG_theta_2.5,106,10,2.5,4,3
0.054,5,0,0,39.17376405054398,283.3615163115147,36.39404264237356,6,0.6,0.5470107820951429,652,D_pmar=0.054_dist=100_repair_6_males=4_nmar=3,FG_theta_2.5,54,8,2.5,4,3
0.054,4,0,100,39.01344939505792,283.02105879905577,36.59784671282272,9,0.8999999999999999,0.5063311683710521,652,D_pmar=0.054_dist=100_repair_6_males=4_nmar=3,FG_theta_2.5,79,7,2.5,4,3
0.054,14,100,0,38.83689629310966,289.39022489449684,30.327712963919485,10,1,0.5257802893283515,652,D_pmar=0.054_dist=100_repair_6_males=4_nmar=3,FG_theta_2.5,56,15,2.5,4,3
0,13,100,100,40.924190549576934,276.6534243849769,42.44244208237957,0,0,0,652,D_pmar=0.054_dist=100_repair_6_males=4_nmar=3,FG_theta_2.5,97,13,2.5,4,3
0.054,8,0,0,36.6969674012149,297.67633045236164,24.325178697387383,8,0.7999999999999999,0.5698299125957658,653,D_pmar=0.054_dist=100_repair_6_males=4_nmar=3,FG_theta_2.5,61,11,2.5,4,3
0.054,12,0,100,38.29285728911528,283.3460892615616,36.892586683874974,10,1,0.472278672726018,653,D_pmar=0.054_dist=100_repair_6_males=4_nmar=3,FG_theta_2.5,56,15,2.5,4,3
0.054,7,100,0,40.984081035356965,273.343418520138,44.52040625070622,8,0.7999999999999999,0.3888888888888892,653,D_pmar=0.054_dist=100_repair_6_males=4_nmar=3,FG_theta_2.5,81,8,2.5,4,3
0,9,100,100,39.94303899894267,275.6403704351742,44.51528403608275,0,0,0,653,D_pmar=0.054_dist=100_repair_6_males=4_nmar=3,FG_theta_2.5,85,9,2.5,4,3
0.054,11,0,0,39.26134567451748,270.7596846095754,48.738650519711115,7,0.7,0.5471470656670081,654,D_pmar=0.054_dist=100_repair_6_males=4_nmar=3,FG_theta_2.5,73,13,2.5,4,3
0.054,12,0,100,40.090958978972054,276.5841880384289,42.509252516977725,5,0.5,0.4398148148148154,654,D_pmar=0.054_dist=100_repair_6_males=4_nmar=3,FG_theta_2.5,68,16,2.5,4,3
0.054,6,100,0,40.151545043007886,299.67464303097,18.542216791228235,11,1.1,0.5876105627511635,654,D_pmar=0.054_dist=100_repair_6_males=4_nmar=3,FG_theta_2.5,54,9,2.5,4,3
0,7,100,100,38.85430033835013,290.5869340090742,30.7846515932063,0,0,0,654,D_pmar=0.054_dist=100_repair_6_males=4_nmar=3,FG_theta_2.5,107,8,2.5,4,3
0,8,0,0,39.57587530760806,270.35932437060904,50.13106529965213,0,0,0,655,D_pmar=0.054_dist=100_repair_6_males=4_nmar=3,FG_theta_2.5,84,8,2.5,4,3
0.054,10,0,100,40.70515567851802,257.1080364191701,60.71518924757506,9,0.8999999999999999,0.6018284692875778,655,D_pmar=0.054_dist=100_repair_6_males=4_nmar=3,FG_theta_2.5,70,14,2.5,4,3
0.054,9,100,0,37.220311089888725,272.61431902535935,48.527000999021915,12,1.2,0.4706900349921865,655,D_pmar=0.054_dist=100_repair_6_males=4_nmar=3,FG_theta_2.5,65,12,2.5,4,3
0.054,9,100,100,39.49825475979851,294.8741735197747,24.28429845100404,10,1,0.5107680639250215,655,D_pmar=0.054_dist=100_repair_6_males=4_nmar=3,FG_theta_2.5,65,11,2.5,4,3
0.054,10,0,0,38.263623472469355,278.36774520642825,42.61882199280433,4,0.4,0.35859187093849887,656,D_pmar=0.054_dist=100_repair_6_males=4_nmar=3,FG_theta_2.5,59,13,2.5,4,3
0.054,9,0,100,38.42366640751612,283.9986462199998,36.521602729324734,9,0.8999999999999999,0.45614311080824665,656,D_pmar=0.054_dist=100_repair_6_males=4_nmar=3,FG_theta_2.5,53,9,2.5,4,3
0.054,4,100,0,39.95801964904335,275.9263607043762,42.41845895031682,13,1.3,0.5428464536849037,656,D_pmar=0.054_dist=100_repair_6_males=4_nmar=3,FG_theta_2.5,54,7,2.5,4,3
0,13,100,100,38.8473028223161,284.8229273061495,36.46609145021709,0,0,0,656,D_pmar=0.054_dist=100_repair_6_males=4_nmar=3,FG_theta_2.5,97,13,2.5,4,3
0.054,6,0,0,38.78825909102285,271.36092484444487,48.49449975974303,9,0.8999999999999999,0.6003761151256113,657,D_pmar=0.054_dist=100_repair_6_males=4_nmar=3,FG_theta_2.5,74,10,2.5,4,3
0,9,0,100,37.36618926083684,268.23116509498146,54.454628061352466,0,0,0,657,D_pmar=0.054_dist=100_repair_6_males=4_nmar=3,FG_theta_2.5,112,12,2.5,4,3
0.054,10,100,0,38.69494129187797,288.55651723715687,31.894174511538026,5,0.5,0.456472128455772,657,D_pmar=0.054_dist=100_repair_6_males=4_nmar=3,FG_theta_2.5,62,11,2.5,4,3
0.054,11,100,100,39.25333040030199,300.9583527799011,18.08757837051216,12,1.2,0.5974714068016785,657,D_pmar=0.054_dist=100_repair_6_males=4_nmar=3,FG_theta_2.5,53,14,2.5,4,3
0.054,6,0,0,41.73790312911914,286.8390666291076,30.393906144511345,7,0.7,0.4968791750361326,658,D_pmar=0.054_dist=100_repair_6_males=4_nmar=3,FG_theta_2.5,42,8,2.5,4,3
0.054,10,0,100,39.3163906941076,270.5717396172345,48.61930596773205,12,1.2,0.4490740740740747,658,D_pmar=0.054_dist=100_repair_6_males=4_nmar=3,FG_theta_2.5,63,18,2.5,4,3
0,7,100,0,38.78036629717531,260.28316345389493,61.06659907907298,0,0,0,658,D_pmar=0.054_dist=100_repair_6_males=4_nmar=3,FG_theta_2.5,110,9,2.5,4,3
0.054,13,100,100,39.416231164482355,288.79240873531245,30.559209908095053,9,0.8999999999999999,0.4606364568660112,658,D_pmar=0.054_dist=100_repair_6_males=4_nmar=3,FG_theta_2.5,59,15,2.5,4,3
0.054,8,0,0,40.4813434699322,269.3387634902905,49.100393406669376,7,0.7,0.4337892815270144,659,D_pmar=0.054_dist=100_repair_6_males=4_nmar=3,FG_theta_2.5,76,11,2.5,4,3
0,11,0,100,39.98963287993599,290.92535755532526,29.182067698244857,0,0,0,659,D_pmar=0.054_dist=100_repair_6_males=4_nmar=3,FG_theta_2.5,92,12,2.5,4,3
0.054,8,100,0,38.25418528131946,283.55335993232796,36.631141890704214,11,1.1,0.6018284692875777,659,D_pmar=0.054_dist=100_repair_6_males=4_nmar=3,FG_theta_2.5,58,8,2.5,4,3
0.054,9,100,100,37.96134084483639,278.1347056872437,42.73541719311646,8,0.7999999999999999,0.4861111111111119,659,D_pmar=0.054_dist=100_repair_6_males=4_nmar=3,FG_theta_2.5,65,11,2.5,4,3
0.054,10,0,0,40.390576324215,287.7730088251824,30.297402567406472,12,1.2,0.5003854681513211,65,D_pmar=0.054_dist=100_repair_6_males=4_nmar=3,FG_theta_2.5,71,12,2.5,4,3
0,12,0,100,38.23320788908448,279.7270215693497,42.2689344860783,0,0,0,65,D_pmar=0.054_dist=100_repair_6_males=4_nmar=3,FG_theta_2.5,95,14,2.5,4,3
0.054,5,100,0,38.357240613034186,264.8922258324351,55.21429431282343,13,1.3,0.5147396582596006,65,D_pmar=0.054_dist=100_repair_6_males=4_nmar=3,FG_theta_2.5,65,7,2.5,4,3
0.054,9,100,100,39.98446334483406,251.89239354701215,67.02514886049659,7,0.7,0.4695666984777452,65,D_pmar=0.054_dist=100_repair_6_males=4_nmar=3,FG_theta_2.5,52,11,2.5,4,3
0,9,0,0,37.00196046584573,268.5623397698627,54.50706751481332,0,0,0,660,D_pmar=0.054_dist=100_repair_6_males=4_nmar=3,FG_theta_2.5,109,9,2.5,4,3
0.054,6,0,100,39.02900451551091,282.96817773231146,36.58117643278528,9,0.8999999999999999,0.6284829105509145,660,D_pmar=0.054_dist=100_repair_6_males=4_nmar=3,FG_theta_2.5,73,11,2.5,4,3
0.054,11,100,0,38.78073935174488,277.7698579255208,42.56378844215822,6,0.6,0.4351851851851858,660,D_pmar=0.054_dist=100_repair_6_males=4_nmar=3,FG_theta_2.5,81,16,2.5,4,3
0.054,10,100,100,38.26598163916131,295.7271640897498,24.250373172083247,11,1.1,0.6720107820951434,660,D_pmar=0.054_dist=100_repair_6_males=4_nmar=3,FG_theta_2.5,68,10,2.5,4,3
0.054,11,0,0,39.927575178541055,262.8351642065979,55.18165330976032,16,1.6000000000000003,0.5058658671516616,661,D_pmar=0.054_dist=100_repair_6_males=4_nmar=3,FG_theta_2.5,78,13,2.5,4,3
0.054,6,0,100,39.451336509832544,286.864691143054,32.47825246244649,8,0.7999999999999999,0.4629629629629636,661,D_pmar=0.054_dist=100_repair_6_males=4_nmar=3,FG_theta_2.5,49,8,2.5,4,3
0.054,13,100,0,39.94057235150702,274.64603963644197,43.63729252741739,13,1.3,0.49655015738860736,661,D_pmar=0.054_dist=100_repair_6_males=4_nmar=3,FG_theta_2.5,55,17,2.5,4,3
0,6,100,100,40.06275306258012,234.7812541719465,85.22053174943159,0,0,0,661,D_pmar=0.054_dist=100_repair_6_males=4_nmar=3,FG_theta_2.5,96,12,2.5,4,3
0,8,0,0,41.49533809818651,263.62960908495853,54.93008460722928,0,0,0,662,D_pmar=0.054_dist=100_repair_6_males=4_nmar=3,FG_theta_2.5,99,11,2.5,4,3
0.054,7,0,100,38.76694455204888,288.9805057759463,30.66443101281087,10,1,0.6276885916839986,662,D_pmar=0.054_dist=100_repair_6_males=4_nmar=3,FG_theta_2.5,54,9,2.5,4,3
0.054,12,100,0,38.41092693158942,265.56882401738875,54.91468284691443,8,0.7999999999999999,0.4325296614407081,662,D_pmar=0.054_dist=100_repair_6_males=4_nmar=3,FG_theta_2.5,61,14,2.5,4,3
0.054,9,100,100,39.5659169154955,289.06674038228624,30.249441953826803,10,1,0.3703703703703706,662,D_pmar=0.054_dist=100_repair_6_males=4_nmar=3,FG_theta_2.5,54,12,2.5,4,3
0.054,10,0,0,38.65180661636542,283.67275741436373,36.75050062903434,6,0.6,0.3379629629629631,663,D_pmar=0.054_dist=100_repair_6_males=4_nmar=3,FG_theta_2.5,67,16,2.5,4,3
0.054,9,0,100,37.68450252592193,308.45582437186397,12.3714664288503,11,1.1,0.47499064697429066,663,D_pmar=0.054_dist=100_repair_6_males=4_nmar=3,FG_theta_2.5,57,12,2.5,4,3
0.054,9,100,0,39.302182580570765,289.3536792452627,30.31309251201712,5,0.5,0.5510388269335169,663,D_pmar=0.054_dist=100_repair_6_males=4_nmar=3,FG_theta_2.5,49,12,2.5,4,3
0,8,100,100,40.364818260882,266.80401014700897,53.003415332058545,0,0,0,663,D_pmar=0.054_dist=100_repair_6_males=4_nmar=3,FG_theta_2.5,86,11,2.5,4,3
0.054,7,0,0,39.18502430902902,294.5725197596201,24.7928643310885,11,1.1,0.4953703703703712,664,D_pmar=0.054_dist=100_repair_6_males=4_nmar=3,FG_theta_2.5,80,8,2.5,4,3
0,10,0,100,39.348203273478326,241.11312243130232,79.58060483813631,0,0,0,664,D_pmar=0.054_dist=100_repair_6_males=4_nmar=3,FG_theta_2.5,95,13,2.5,4,3
0.054,9,100,0,39.22395964559166,295.22657423297284,24.238859431201657,9,0.8999999999999999,0.574186975081665,664,D_pmar=0.054_dist=100_repair_6_males=4_nmar=3,FG_theta_2.5,72,11,2.5,4,3
0.054,10,100,100,40.73084726335556,275.3594488783606,42.63812956839386,8,0.7999999999999999,0.555941023706877,664,D_pmar=0.054_dist=100_repair_6_males=4_nmar=3,FG_theta_2.5,66,10,2.5,4,3
0.054,11,0,0,38.26671118648104,289.8148087270032,30.347263237782236,11,1.1,0.4761139834887318,665,D_pmar=0.054_dist=100_repair_6_males=4_nmar=3,FG_theta_2.5,61,14,2.5,4,3
0.054,7,0,100,40.55615397778844,287.853853627546,30.55742148965777,6,0.6,0.5343815132925601,665,D_pmar=0.054_dist=100_repair_6_males=4_nmar=3,FG_theta_2.5,59,11,2.5,4,3
0,11,100,0,38.188182503067075,284.9761919930931,36.91641692103013,0,0,0,665,D_pmar=0.054_dist=100_repair_6_males=4_nmar=3,FG_theta_2.5,90,12,2.5,4,3
0.054,7,100,100,40.77029674631583,257.03604530245497,60.92541709457089,9,0.8999999999999999,0.4695666984777453,665,D_pmar=0.054_dist=100_repair_6_males=4_nmar=3,FG_theta_2.5,72,14,2.5,4,3
0,4,0,0,38.679292269813104,278.7899717409394,42.5894258851311,0,0,0,666,D_pmar=0.054_dist=100_repair_6_males=4_nmar=3,FG_theta_2.5,89,11,2.5,4,3
0.054,8,0,100,39.688458665193146,282.1806948367062,36.65741661498172,11,1.1,0.41666666666666713,666,D_pmar=0.054_dist=100_repair_6_males=4_nmar=3,FG_theta_2.5,77,11,2.5,4,3
0.054,14,100,0,37.55554779142439,296.60166172405656,24.6500756721802,6,0.6,0.6373567016588536,666,D_pmar=0.054_dist=100_repair_6_males=4_nmar=3,FG_theta_2.5,60,15,2.5,4,3
0.054,10,100,100,39.09757798422486,271.3613751755305,48.43108809418015,8,0.7999999999999999,0.43874792880416935,666,D_pmar=0.054_dist=100_repair_6_males=4_nmar=3,FG_theta_2.5,72,15,2.5,4,3
0.054,10,0,0,39.26809400745231,290.46854290027863,29.13545958085706,6,0.6,0.5363556191777121,667,D_pmar=0.054_dist=100_repair_6_males=4_nmar=3,FG_theta_2.5,62,13,2.5,4,3
0.054,9,0,100,36.92188009154235,284.96532793244927,37.13806781477719,7,0.7,0.4553487919413311,667,D_pmar=0.054_dist=100_repair_6_males=4_nmar=3,FG_theta_2.5,55,9,2.5,4,3
0.054,11,100,0,37.955446556687725,296.15215818127876,24.32550538072084,11,1.1,0.5385458417027993,667,D_pmar=0.054_dist=100_repair_6_males=4_nmar=3,FG_theta_2.5,61,16,2.5,4,3
0,6,100,100,37.41436893616557,273.9230340087883,48.74218223485535,0,0,0,667,D_pmar=0.054_dist=100_repair_6_males=4_nmar=3,FG_theta_2.5,102,11,2.5,4,3
0.054,11,0,0,40.43344405183578,281.57637185803713,36.93607882907309,7,0.7,0.37664508823762705,668,D_pmar=0.054_dist=100_repair_6_males=4_nmar=3,FG_theta_2.5,59,13,2.5,4,3
0.054,10,0,100,40.649496316169646,275.1524565690612,42.63323433384064,11,1.1,0.48345558736663424,668,D_pmar=0.054_dist=100_repair_6_males=4_nmar=3,FG_theta_2.5,46,13,2.5,4,3
0.054,7,100,0,39.74721066556219,282.38789759025764,36.607577240788494,9,0.8999999999999999,0.4438993101569846,668,D_pmar=0.054_dist=100_repair_6_males=4_nmar=3,FG_theta_2.5,55,9,2.5,4,3
0,8,100,100,38.52125437257763,272.8605576770189,48.69532541510912,0,0,0,668,D_pmar=0.054_dist=100_repair_6_males=4_nmar=3,FG_theta_2.5,79,9,2.5,4,3
0.054,10,0,0,38.63082937371138,289.22693080448414,30.86091101893833,8,0.7999999999999999,0.5138888888888897,669,D_pmar=0.054_dist=100_repair_6_males=4_nmar=3,FG_theta_2.5,71,10,2.5,4,3
0.054,8,0,100,38.80012195161093,283.67148292797805,36.34592118104012,7,0.7,0.5163847464972271,669,D_pmar=0.054_dist=100_repair_6_males=4_nmar=3,FG_theta_2.5,55,9,2.5,4,3
0,8,100,0,37.23778459792941,280.1690637632848,42.65443794796875,0,0,0,669,D_pmar=0.054_dist=100_repair_6_males=4_nmar=3,FG_theta_2.5,103,14,2.5,4,3
0.054,10,100,100,38.70292949845714,283.6813595054939,36.36511414607452,9,0.8999999999999999,0.5147396582596007,669,D_pmar=0.054_dist=100_repair_6_males=4_nmar=3,FG_theta_2.5,72,14,2.5,4,3
0.054,9,0,0,41.62319029068002,286.65226716003264,30.57371307128105,7,0.7,0.5583804308114192,66,D_pmar=0.054_dist=100_repair_6_males=4_nmar=3,FG_theta_2.5,74,9,2.5,4,3
0,2,0,100,39.23018374075379,265.60876599299735,55.18830795071534,0,0,0,66,D_pmar=0.054_dist=100_repair_6_males=4_nmar=3,FG_theta_2.5,82,7,2.5,4,3
0.054,13,100,0,39.21924271281541,283.0881019766855,36.45628173420702,11,1.1,0.5497227563434156,66,D_pmar=0.054_dist=100_repair_6_males=4_nmar=3,FG_theta_2.5,54,14,2.5,4,3
0.054,12,100,100,39.646263994391994,276.5002746599843,42.61252717257749,9,0.8999999999999999,0.4027777777777782,66,D_pmar=0.054_dist=100_repair_6_males=4_nmar=3,FG_theta_2.5,77,13,2.5,4,3
0.054,7,0,0,37.60464846204697,277.74578084210873,42.92509488417564,13,1.3,0.43411829917453976,670,D_pmar=0.054_dist=100_repair_6_males=4_nmar=3,FG_theta_2.5,70,8,2.5,4,3
0.054,12,0,100,38.72121307281091,284.3667957163141,35.576639802980885,8,0.7999999999999999,0.5493937386958904,670,D_pmar=0.054_dist=100_repair_6_males=4_nmar=3,FG_theta_2.5,54,13,2.5,4,3
0,12,100,0,37.188162099148485,280.0140700429405,42.906621577563584,0,0,0,670,D_pmar=0.054_dist=100_repair_6_males=4_nmar=3,FG_theta_2.5,85,16,2.5,4,3
0.054,5,100,100,38.591173034623175,277.64731016820224,42.783088644930686,6,0.6,0.4144764441415799,670,D_pmar=0.054_dist=100_repair_6_males=4_nmar=3,FG_theta_2.5,59,9,2.5,4,3
0.054,9,0,0,39.84481424773041,275.99723202434205,42.825688788766385,11,1.1,0.4210237291525664,671,D_pmar=0.054_dist=100_repair_6_males=4_nmar=3,FG_theta_2.5,66,14,2.5,4,3
0.054,14,0,100,38.293491682678734,265.2545270162503,54.80615774659793,12,1.2,0.45370370370370433,671,D_pmar=0.054_dist=100_repair_6_males=4_nmar=3,FG_theta_2.5,59,18,2.5,4,3
0,8,100,0,38.6687860594568,276.0593624755287,45.322317663207954,0,0,0,671,D_pmar=0.054_dist=100_repair_6_males=4_nmar=3,FG_theta_2.5,91,10,2.5,4,3
0.054,5,100,100,41.50949883098639,268.3050630876808,49.04721565672655,9,0.8999999999999999,0.5030974423995938,671,D_pmar=0.054_dist=100_repair_6_males=4_nmar=3,FG_theta_2.5,58,10,2.5,4,3
0,12,0,0,38.12911506067085,248.9173665612753,73.12567234113273,0,0,0,672,D_pmar=0.054_dist=100_repair_6_males=4_nmar=3,FG_theta_2.5,109,12,2.5,4,3
0.054,6,0,100,40.460604334781905,293.9979001307246,24.16969916433548,8,0.7999999999999999,0.6034171070214094,672,D_pmar=0.054_dist=100_repair_6_males=4_nmar=3,FG_theta_2.5,69,7,2.5,4,3
0.054,12,100,0,38.653201042898566,277.0047741289018,42.66571582228135,11,1.1,0.6102369591761264,672,D_pmar=0.054_dist=100_repair_6_males=4_nmar=3,FG_theta_2.5,70,13,2.5,4,3
0.054,6,100,100,39.03615590483915,276.2885689106737,43.20224991970948,12,1.2,0.4526368176930583,672,D_pmar=0.054_dist=100_repair_6_males=4_nmar=3,FG_theta_2.5,56,7,2.5,4,3
0,7,0,0,37.18520561323854,286.27611688515464,36.560264304623125,0,0,0,673,D_pmar=0.054_dist=100_repair_6_males=4_nmar=3,FG_theta_2.5,88,8,2.5,4,3
0.054,6,0,100,39.2625355324685,277.1810673173384,42.45355597801815,8,0.7999999999999999,0.4606364568660113,673,D_pmar=0.054_dist=100_repair_6_males=4_nmar=3,FG_theta_2.5,62,9,2.5,4,3
0.054,11,100,0,36.89238693081364,297.3826197057627,24.4280087749029,8,0.7999999999999999,0.5968698220104227,673,D_pmar=0.054_dist=100_repair_6_males=4_nmar=3,FG_theta_2.5,62,14,2.5,4,3
0.054,12,100,100,41.00150644346551,275.36573872075485,42.48252254725606,8,0.7999999999999999,0.3935185185185189,673,D_pmar=0.054_dist=100_repair_6_males=4_nmar=3,FG_theta_2.5,60,15,2.5,4,3
0.054,9,0,0,38.76599723819945,289.18937266032776,31.005906609182453,7,0.7,0.5069327531623077,674,D_pmar=0.054_dist=100_repair_6_males=4_nmar=3,FG_theta_2.5,76,11,2.5,4,3
0.054,11,0,100,40.28268934573365,300.0998323240263,18.517831239593132,9,0.8999999999999999,0.4490740740740747,674,D_pmar=0.054_dist=100_repair_6_males=4_nmar=3,FG_theta_2.5,60,13,2.5,4,3
0,8,100,0,40.661585093678795,276.751555888916,42.5887994006117,0,0,0,674,D_pmar=0.054_dist=100_repair_6_males=4_nmar=3,FG_theta_2.5,95,10,2.5,4,3
0.054,8,100,100,39.497530991089015,270.3011842536505,48.9314135751241,7,0.7,0.5702153807470861,674,D_pmar=0.054_dist=100_repair_6_males=4_nmar=3,FG_theta_2.5,56,11,2.5,4,3
0.054,11,0,0,37.83149543675538,290.3528665203477,30.876297955721185,5,0.5,0.4607727404378763,675,D_pmar=0.054_dist=100_repair_6_males=4_nmar=3,FG_theta_2.5,60,13,2.5,4,3
0.054,8,0,100,38.79327393401395,289.3623425243687,30.448666996366896,9,0.8999999999999999,0.5395328946453753,675,D_pmar=0.054_dist=100_repair_6_males=4_nmar=3,FG_theta_2.5,58,11,2.5,4,3
0.054,8,100,0,41.12031069960369,286.9207270378463,30.673074074159175,11,1.1,0.3981481481481486,675,D_pmar=0.054_dist=100_repair_6_males=4_nmar=3,FG_theta_2.5,77,13,2.5,4,3
0,9,100,100,38.67728309406204,263.01638640862274,58.47023704785403,0,0,0,675,D_pmar=0.054_dist=100_repair_6_males=4_nmar=3,FG_theta_2.5,76,12,2.5,4,3
0.054,9,0,0,38.99690070042493,301.0977598200141,18.555394316107403,10,1,0.3842592592592596,676,D_pmar=0.054_dist=100_repair_6_males=4_nmar=3,FG_theta_2.5,66,10,2.5,4,3
0.054,11,0,100,38.34628609766497,247.6250550784449,73.20040501523042,4,0.4,0.5134800381732942,676,D_pmar=0.054_dist=100_repair_6_males=4_nmar=3,FG_theta_2.5,70,12,2.5,4,3
0,7,100,0,38.93160015975958,284.59332294495255,36.553433563270275,0,0,0,676,D_pmar=0.054_dist=100_repair_6_males=4_nmar=3,FG_theta_2.5,86,10,2.5,4,3
0.054,9,100,100,36.52818061451139,297.0207605380898,24.803089737835492,11,1.1,0.5509823764297219,676,D_pmar=0.054_dist=100_repair_6_males=4_nmar=3,FG_theta_2.5,64,10,2.5,4,3
0,10,0,0,39.53631198000888,240.99609615198872,79.61053145552094,0,0,0,677,D_pmar=0.054_dist=100_repair_6_males=4_nmar=3,FG_theta_2.5,101,13,2.5,4,3
0.054,13,0,100,39.68414116101574,288.26138943340686,30.566821504630045,10,1,0.5589820156026748,677,D_pmar=0.054_dist=100_repair_6_males=4_nmar=3,FG_theta_2.5,62,14,2.5,4,3
0.054,6,100,0,36.744794439752425,291.3466210653642,30.92172044786962,6,0.6,0.4684433619633042,677,D_pmar=0.054_dist=100_repair_6_males=4_nmar=3,FG_theta_2.5,54,8,2.5,4,3
0.054,7,100,100,39.94810111662751,296.3449140986415,22.286476230896533,11,1.1,0.42453002226775505,677,D_pmar=0.054_dist=100_repair_6_males=4_nmar=3,FG_theta_2.5,61,10,2.5,4,3
0.054,11,0,0,38.92989493667043,295.36502276866474,24.33410833986631,10,1,0.4027777777777782,678,D_pmar=0.054_dist=100_repair_6_males=4_nmar=3,FG_theta_2.5,60,14,2.5,4,3
0.054,10,0,100,38.18889054264697,302.40021955677776,18.276836216076543,9,0.8999999999999999,0.5308752201773718,678,D_pmar=0.054_dist=100_repair_6_males=4_nmar=3,FG_theta_2.5,60,11,2.5,4,3
0.054,8,100,0,39.4515095005029,270.81532102390264,48.964716715858,4,0.4,0.5486558703327694,678,D_pmar=0.054_dist=100_repair_6_males=4_nmar=3,FG_theta_2.5,57,13,2.5,4,3
0,7,100,100,37.37495151830811,279.4572522561015,43.19375697265036,0,0,0,678,D_pmar=0.054_dist=100_repair_6_males=4_nmar=3,FG_theta_2.5,103,10,2.5,4,3
0.054,8,0,0,39.558264679203056,266.14136986893817,53.08300436042411,9,0.8999999999999999,0.4981952456262339,679,D_pmar=0.054_dist=100_repair_6_males=4_nmar=3,FG_theta_2.5,73,13,2.5,4,3
0.054,6,0,100,39.71928037109246,288.92773238670895,30.321520328119888,6,0.6,0.49074074074074153,679,D_pmar=0.054_dist=100_repair_6_males=4_nmar=3,FG_theta_2.5,65,8,2.5,4,3
0.054,11,100,0,38.89597775571362,294.98180355480844,24.412496574407747,12,1.2,0.5717475679771228,679,D_pmar=0.054_dist=100_repair_6_males=4_nmar=3,FG_theta_2.5,58,11,2.5,4,3
0,11,100,100,40.238780314018015,264.6093664048546,55.48908536285911,0,0,0,679,D_pmar=0.054_dist=100_repair_6_males=4_nmar=3,FG_theta_2.5,103,13,2.5,4,3
0.054,10,0,0,38.71371124322573,291.4045952144658,28.60043907603917,10,1,0.3888888888888892,67,D_pmar=0.054_dist=100_repair_6_males=4_nmar=3,FG_theta_2.5,46,10,2.5,4,3
0.054,11,0,100,39.16473285640868,282.90242663909413,36.66633798227759,8,0.7999999999999999,0.5003854681513211,67,D_pmar=0.054_dist=100_repair_6_males=4_nmar=3,FG_theta_2.5,56,13,2.5,4,3
0,9,100,0,39.260043623165366,283.7498443207192,37.08831610615267,0,0,0,67,D_pmar=0.054_dist=100_repair_6_males=4_nmar=3,FG_theta_2.5,103,9,2.5,4,3
0.054,6,100,100,37.8286966820708,272.4658842035065,48.64934718682456,7,0.7,0.5536145176099244,67,D_pmar=0.054_dist=100_repair_6_males=4_nmar=3,FG_theta_2.5,64,8,2.5,4,3
0.054,11,0,0,39.792092435786,288.58393115530373,30.663299763629308,6,0.6,0.5144106406120752,680,D_pmar=0.054_dist=100_repair_6_males=4_nmar=3,FG_theta_2.5,71,13,2.5,4,3
0,6,0,100,38.61304160550936,278.4398271628016,43.06435401501598,0,0,0,680,D_pmar=0.054_dist=100_repair_6_males=4_nmar=3,FG_theta_2.5,114,11,2.5,4,3
0.054,7,100,0,39.68728723537657,300.6218868073616,18.202936991110708,9,0.8999999999999999,0.6434386854504497,680,D_pmar=0.054_dist=100_repair_6_males=4_nmar=3,FG_theta_2.5,48,9,2.5,4,3
0.054,12,100,100,40.109206392539456,282.49762017505043,36.383794249459555,6,0.6,0.42948866954491,680,D_pmar=0.054_dist=100_repair_6_males=4_nmar=3,FG_theta_2.5,73,15,2.5,4,3
0.054,8,0,0,37.826820013129314,284.34811886415656,36.78157923797956,7,0.7,0.4553487919413311,681,D_pmar=0.054_dist=100_repair_6_males=4_nmar=3,FG_theta_2.5,60,9,2.5,4,3
0.054,6,0,100,37.37014625044641,285.4377643508958,36.434813077640385,4,0.4,0.5011797870182368,681,D_pmar=0.054_dist=100_repair_6_males=4_nmar=3,FG_theta_2.5,65,8,2.5,4,3
0,9,100,0,37.304995548615466,291.9650728477759,30.734612686503574,0,0,0,681,D_pmar=0.054_dist=100_repair_6_males=4_nmar=3,FG_theta_2.5,99,11,2.5,4,3
0.054,13,100,100,40.532875209429584,293.63878494315213,24.3365608576557,10,1,0.5668453712037627,681,D_pmar=0.054_dist=100_repair_6_males=4_nmar=3,FG_theta_2.5,57,14,2.5,4,3
0.054,14,0,0,38.321418900608705,277.2566244250308,42.82204452888373,12,1.2,0.4351851851851858,682,D_pmar=0.054_dist=100_repair_6_males=4_nmar=3,FG_theta_2.5,47,15,2.5,4,3
0.054,8,0,100,38.28344381884597,283.5179968477008,36.777796807810304,13,1.3,0.4472128691965128,682,D_pmar=0.054_dist=100_repair_6_males=4_nmar=3,FG_theta_2.5,59,11,2.5,4,3
0,9,100,0,40.50442191397548,277.1994157872266,42.48765938976585,0,0,0,682,D_pmar=0.054_dist=100_repair_6_males=4_nmar=3,FG_theta_2.5,72,11,2.5,4,3
0.054,5,100,100,39.45290253773299,252.43950717021897,67.18053408295289,6,0.6,0.35990794152860023,682,D_pmar=0.054_dist=100_repair_6_males=4_nmar=3,FG_theta_2.5,63,9,2.5,4,3
0.054,8,0,0,39.32573961616541,270.2248125392169,49.11156751715902,9,0.8999999999999999,0.5131510205257689,683,D_pmar=0.054_dist=100_repair_6_males=4_nmar=3,FG_theta_2.5,71,11,2.5,4,3
0.054,7,0,100,39.51300596186445,270.34956161042703,49.04247663484693,7,0.7,0.43140632492626696,683,D_pmar=0.054_dist=100_repair_6_males=4_nmar=3,FG_theta_2.5,61,9,2.5,4,3
0,10,100,0,38.43204096174956,278.73785295636816,42.86365220145852,0,0,0,683,D_pmar=0.054_dist=100_repair_6_males=4_nmar=3,FG_theta_2.5,88,10,2.5,4,3
0.054,11,100,100,41.09844080955377,286.76654957192557,30.466549230491477,12,1.2,0.508192373248614,683,D_pmar=0.054_dist=100_repair_6_males=4_nmar=3,FG_theta_2.5,59,12,2.5,4,3
0.054,17,0,0,37.84105730148187,296.09311579810844,24.65459079157564,10,1,0.49926213163688,684,D_pmar=0.054_dist=100_repair_6_males=4_nmar=3,FG_theta_2.5,65,18,2.5,4,3
0,4,0,100,40.3526184232473,258.2074056960013,61.650112536971605,0,0,0,684,D_pmar=0.054_dist=100_repair_6_males=4_nmar=3,FG_theta_2.5,102,6,2.5,4,3
0.054,8,100,0,40.42832924990336,263.9528066261529,54.20789882502011,11,1.1,0.5017015387414224,684,D_pmar=0.054_dist=100_repair_6_males=4_nmar=3,FG_theta_2.5,65,11,2.5,4,3
0.054,7,100,100,38.93397329628231,270.86933883722105,48.7721346140438,10,1,0.5046296296296304,684,D_pmar=0.054_dist=100_repair_6_males=4_nmar=3,FG_theta_2.5,58,11,2.5,4,3
0.054,8,0,0,36.757721931284344,301.2233044208917,20.01874766517234,17,1.7000000000000004,0.5092592592592601,685,D_pmar=0.054_dist=100_repair_6_males=4_nmar=3,FG_theta_2.5,59,13,2.5,4,3
0.054,6,0,100,39.33235047503037,277.7479370391911,42.30601432371016,4,0.4,0.44548794789081614,685,D_pmar=0.054_dist=100_repair_6_males=4_nmar=3,FG_theta_2.5,70,9,2.5,4,3
0.054,8,100,0,38.866962384692606,282.6782470661774,37.12410690373774,8,0.7999999999999999,0.5466817644476176,685,D_pmar=0.054_dist=100_repair_6_males=4_nmar=3,FG_theta_2.5,59,11,2.5,4,3
0,14,100,100,38.921909769191075,247.06743637901093,74.038792180834065,0,0,0,685,D_pmar=0.054_dist=100_repair_6_males=4_nmar=3,FG_theta_2.5,104,17,2.5,4,3
0.054,12,0,0,38.69749044426556,265.4539505493074,54.8355854614105,7,0.7,0.4117644698933072,686,D_pmar=0.054_dist=100_repair_6_males=4_nmar=3,FG_theta_2.5,56,15,2.5,4,3
0.054,9,0,100,36.98080074500646,290.7727086883781,30.58996877789666,12,1.2,0.4807436131183615,686,D_pmar=0.054_dist=100_repair_6_males=4_nmar=3,FG_theta_2.5,48,11,2.5,4,3
0.054,5,100,0,38.55050315686244,277.9501154254965,42.425511642791214,8,0.7999999999999999,0.3240740740740741,686,D_pmar=0.054_dist=100_repair_6_males=4_nmar=3,FG_theta_2.5,59,8,2.5,4,3
0,10,100,100,38.60102277071262,284.6193469480563,36.85821940005789,0,0,0,686,D_pmar=0.054_dist=100_repair_6_males=4_nmar=3,FG_theta_2.5,77,14,2.5,4,3
0.054,8,0,0,36.46528282219973,297.57928777861747,24.451823767865505,12,1.2,0.4490740740740747,687,D_pmar=0.054_dist=100_repair_6_males=4_nmar=3,FG_theta_2.5,66,8,2.5,4,3
0,7,0,100,37.260938517957776,274.30591427324157,48.525900471182226,0,0,0,687,D_pmar=0.054_dist=100_repair_6_males=4_nmar=3,FG_theta_2.5,87,7,2.5,4,3
0.054,8,100,0,38.44718141753811,265.9074782873549,54.81430763880043,6,0.6,0.49435993486352,687,D_pmar=0.054_dist=100_repair_6_males=4_nmar=3,FG_theta_2.5,61,9,2.5,4,3
0.054,13,100,100,37.19713193977462,297.12254286255074,24.65074537052578,7,0.7,0.5000564505037959,687,D_pmar=0.054_dist=100_repair_6_males=4_nmar=3,FG_theta_2.5,63,14,2.5,4,3
0,10,0,0,40.52683674525418,270.1878378687081,49.34522557879442,0,0,0,688,D_pmar=0.054_dist=100_repair_6_males=4_nmar=3,FG_theta_2.5,89,11,2.5,4,3
0.054,10,0,100,37.97568784451536,289.6170024266688,30.52393956111986,13,1.3,0.6087846050141599,688,D_pmar=0.054_dist=100_repair_6_males=4_nmar=3,FG_theta_2.5,64,13,2.5,4,3
0.054,6,100,0,41.37703460776278,274.87199729461497,42.78186403864347,6,0.6,0.4665821570857422,688,D_pmar=0.054_dist=100_repair_6_males=4_nmar=3,FG_theta_2.5,58,11,2.5,4,3
0.054,10,100,100,37.621740049774864,278.5322298856013,42.62331453356864,8,0.7999999999999999,0.42373570340083927,688,D_pmar=0.054_dist=100_repair_6_males=4_nmar=3,FG_theta_2.5,66,12,2.5,4,3
0,9,0,0,40.429155280817675,264.7149296082718,54.860673364209866,0,0,0,689,D_pmar=0.054_dist=100_repair_6_males=4_nmar=3,FG_theta_2.5,95,14,2.5,4,3
0.054,10,0,100,40.12112351765866,294.8360839807912,24.324041771804744,3,0.30000000000000004,0.5116986663638026,689,D_pmar=0.054_dist=100_repair_6_males=4_nmar=3,FG_theta_2.5,51,12,2.5,4,3
0.054,10,100,0,39.33451805132841,306.70764335704695,12.234338920551783,12,1.2,0.5417795676742576,689,D_pmar=0.054_dist=100_repair_6_males=4_nmar=3,FG_theta_2.5,54,11,2.5,4,3
0.054,7,100,100,38.34807512199086,283.72926716109293,36.92433950137384,6,0.6,0.44370657608132424,689,D_pmar=0.054_dist=100_repair_6_males=4_nmar=3,FG_theta_2.5,77,10,2.5,4,3
0,10,0,0,39.18370098118767,253.6555575279656,67.31286151308551,0,0,0,68,D_pmar=0.054_dist=100_repair_6_males=4_nmar=3,FG_theta_2.5,100,16,2.5,4,3
0.054,10,0,100,38.81450336733652,295.717702668265,24.293435769504207,7,0.7,0.526245590547742,68,D_pmar=0.054_dist=100_repair_6_males=4_nmar=3,FG_theta_2.5,65,14,2.5,4,3
0.054,12,100,0,40.27668302851816,300.48224818905277,18.493827697626536,3,0.30000000000000004,0.49813879512243897,68,D_pmar=0.054_dist=100_repair_6_males=4_nmar=3,FG_theta_2.5,68,13,2.5,4,3
0.054,4,100,100,37.62393848872471,296.5999720398869,24.317386067105236,12,1.2,0.4970154586079978,68,D_pmar=0.054_dist=100_repair_6_males=4_nmar=3,FG_theta_2.5,60,8,2.5,4,3
0.054,8,0,0,39.45865122576106,294.78211495847245,24.666296358445475,7,0.7,0.3932459513747887,690,D_pmar=0.054_dist=100_repair_6_males=4_nmar=3,FG_theta_2.5,67,10,2.5,4,3
0.054,13,0,100,39.662576066887645,306.2519696424811,12.308128341527826,14,1.4,0.4629629629629636,690,D_pmar=0.054_dist=100_repair_6_males=4_nmar=3,FG_theta_2.5,45,14,2.5,4,3
0,6,100,0,38.80262205136765,260.22955427025556,61.08146273903627,0,0,0,690,D_pmar=0.054_dist=100_repair_6_males=4_nmar=3,FG_theta_2.5,83,8,2.5,4,3
0.054,9,100,100,41.44945616138828,262.79385741083576,55.058211657734816,4,0.4,0.4425832395668832,690,D_pmar=0.054_dist=100_repair_6_males=4_nmar=3,FG_theta_2.5,64,13,2.5,4,3
0.054,13,0,0,40.44166740572365,269.8710688759896,48.32198510000973,9,0.8999999999999999,0.5374789556921533,691,D_pmar=0.054_dist=100_repair_6_males=4_nmar=3,FG_theta_2.5,68,14,2.5,4,3
0,12,0,100,38.08720269983749,272.9635055607233,48.9735967549236,0,0,0,691,D_pmar=0.054_dist=100_repair_6_males=4_nmar=3,FG_theta_2.5,84,13,2.5,4,3
0.054,4,100,0,38.48457245611707,277.37184889607846,42.67713065282226,12,1.2,0.458333333333334,691,D_pmar=0.054_dist=100_repair_6_males=4_nmar=3,FG_theta_2.5,52,7,2.5,4,3
0.054,7,100,100,39.457992089714566,264.3288279231758,54.8048304820667,11,1.1,0.4464185503295971,691,D_pmar=0.054_dist=100_repair_6_males=4_nmar=3,FG_theta_2.5,69,11,2.5,4,3
0.054,10,0,0,37.75979339042052,266.674786992976,54.876267820285705,3,0.30000000000000004,0.4114354522457819,692,D_pmar=0.054_dist=100_repair_6_males=4_nmar=3,FG_theta_2.5,60,13,2.5,4,3
0,7,0,100,38.02050908415908,285.2676565259658,36.74174314132732,0,0,0,692,D_pmar=0.054_dist=100_repair_6_males=4_nmar=3,FG_theta_2.5,102,7,2.5,4,3
0.054,9,100,0,38.9370999633734,300.90883653919735,18.126276232194556,16,1.6000000000000003,0.45370370370370433,692,D_pmar=0.054_dist=100_repair_6_males=4_nmar=3,FG_theta_2.5,60,11,2.5,4,3
0.054,10,100,100,39.5775711688624,280.5376698593456,38.75609825018776,6,0.6,0.5783513034919042,692,D_pmar=0.054_dist=100_repair_6_males=4_nmar=3,FG_theta_2.5,55,11,2.5,4,3
0,7,0,0,38.3949858114152,272.85547957966577,48.80243888652299,0,0,0,693,D_pmar=0.054_dist=100_repair_6_males=4_nmar=3,FG_theta_2.5,98,11,2.5,4,3
0.054,11,0,100,39.20607172050249,271.12650825962345,48.67554972948997,7,0.7,0.3981481481481486,693,D_pmar=0.054_dist=100_repair_6_males=4_nmar=3,FG_theta_2.5,76,14,2.5,4,3
0.054,8,100,0,38.11551626094833,283.8493883233198,36.53748737981652,10,1,0.5763771976067525,693,D_pmar=0.054_dist=100_repair_6_males=4_nmar=3,FG_theta_2.5,61,11,2.5,4,3
0.054,10,100,100,40.11358770205289,287.7692596683246,30.592710561139302,10,1,0.5355048498070014,693,D_pmar=0.054_dist=100_repair_6_males=4_nmar=3,FG_theta_2.5,63,12,2.5,4,3
0.054,13,0,0,39.825461230273554,300.3712173094354,18.3325129248436,10,1,0.5185185185185194,694,D_pmar=0.054_dist=100_repair_6_males=4_nmar=3,FG_theta_2.5,53,13,2.5,4,3
0.054,5,0,100,39.320496845339534,246.95206041067996,73.40572661198172,2,0.2,0.3841794261911895,694,D_pmar=0.054_dist=100_repair_6_males=4_nmar=3,FG_theta_2.5,72,10,2.5,4,3
0,8,100,0,37.973317912594055,304.2645481421676,17.898424183189345,0,0,0,694,D_pmar=0.054_dist=100_repair_6_males=4_nmar=3,FG_theta_2.5,78,8,2.5,4,3
0.054,10,100,100,37.04071511189103,297.1896613728849,24.345691288077493,10,1,0.4818669496328026,694,D_pmar=0.054_dist=100_repair_6_males=4_nmar=3,FG_theta_2.5,65,10,2.5,4,3
0.054,11,0,0,39.061944076661526,296.0090918778367,24.253287730527692,4,0.4,0.546216463228227,695,D_pmar=0.054_dist=100_repair_6_males=4_nmar=3,FG_theta_2.5,54,11,2.5,4,3
0,8,0,100,42.12973174756168,299.6090636765508,18.280820128694685,0,0,0,695,D_pmar=0.054_dist=100_repair_6_males=4_nmar=3,FG_theta_2.5,93,8,2.5,4,3
0.054,9,100,0,41.50964784836224,280.99795828742816,36.87762325925669,3,0.30000000000000004,0.3847810109824451,695,D_pmar=0.054_dist=100_repair_6_males=4_nmar=3,FG_theta_2.5,71,11,2.5,4,3
0.054,8,100,100,38.59576464231575,295.4445141122933,24.492228192462328,10,1,0.5760481799592271,695,D_pmar=0.054_dist=100_repair_6_males=4_nmar=3,FG_theta_2.5,69,8,2.5,4,3
0.054,9,0,0,39.16454180147661,277.1774868461047,42.479662100078855,9,0.8999999999999999,0.3894106406120747,696,D_pmar=0.054_dist=100_repair_6_males=4_nmar=3,FG_theta_2.5,62,10,2.5,4,3
0.054,9,0,100,37.694292668826485,283.9935314628173,36.837163655366496,9,0.8999999999999999,0.575174028024241,696,D_pmar=0.054_dist=100_repair_6_males=4_nmar=3,FG_theta_2.5,56,12,2.5,4,3
0.054,7,100,0,39.72183979767786,294.7606367535789,24.474555382456828,7,0.7,0.5096447274105804,696,D_pmar=0.054_dist=100_repair_6_males=4_nmar=3,FG_theta_2.5,68,9,2.5,4,3
0,11,100,100,36.35264656612187,274.70775381054534,49.0310402031744,0,0,0,696,D_pmar=0.054_dist=100_repair_6_males=4_nmar=3,FG_theta_2.5,79,14,2.5,4,3
0.054,4,0,0,38.70594568908467,282.2553516775072,37.08155378350361,13,1.3,0.67384860440843,697,D_pmar=0.054_dist=100_repair_6_males=4_nmar=3,FG_theta_2.5,60,10,2.5,4,3
0,8,0,100,40.05824829619967,228.1426668024905,91.81955771157408,0,0,0,697,D_pmar=0.054_dist=100_repair_6_males=4_nmar=3,FG_theta_2.5,86,11,2.5,4,3
0.054,12,100,0,38.256101906338735,295.71495634214443,24.31142036557577,12,1.2,0.5200273231842808,697,D_pmar=0.054_dist=100_repair_6_males=4_nmar=3,FG_theta_2.5,63,12,2.5,4,3
0.054,12,100,100,41.17266806092651,287.5551243045576,30.415634156052658,5,0.5,0.4191060737712097,697,D_pmar=0.054_dist=100_repair_6_males=4_nmar=3,FG_theta_2.5,81,14,2.5,4,3
0.054,8,0,0,39.42961922154154,282.3230274570943,36.42274743548607,14,1.4,0.4305555555555561,698,D_pmar=0.054_dist=100_repair_6_males=4_nmar=3,FG_theta_2.5,61,13,2.5,4,3
0,12,0,100,38.88849863296313,260.41340748358715,60.88461172343609,0,0,0,698,D_pmar=0.054_dist=100_repair_6_males=4_nmar=3,FG_theta_2.5,91,15,2.5,4,3
0.054,12,100,0,41.00884632865827,268.7669597181677,49.14006809785888,6,0.6,0.5737216738622747,698,D_pmar=0.054_dist=100_repair_6_males=4_nmar=3,FG_theta_2.5,52,14,2.5,4,3
0.054,4,100,100,40.113627592548205,281.6314326059399,36.721005083757646,11,1.1,0.4507191623117013,698,D_pmar=0.054_dist=100_repair_6_males=4_nmar=3,FG_theta_2.5,73,7,2.5,4,3
0.054,12,0,0,40.553614878604115,244.830628899145,73.57665584598425,8,0.7999999999999999,0.4806073295464962,699,D_pmar=0.054_dist=100_repair_6_males=4_nmar=3,FG_theta_2.5,62,14,2.5,4,3
0.054,6,0,100,40.40754611761752,281.08210223862557,37.11632002707086,12,1.2,0.3750000000000003,699,D_pmar=0.054_dist=100_repair_6_males=4_nmar=3,FG_theta_2.5,75,7,2.5,4,3
0,7,100,0,38.3129045333295,254.68046606137253,67.20720065914105,0,0,0,699,D_pmar=0.054_dist=100_repair_6_males=4_nmar=3,FG_theta_2.5,81,9,2.5,4,3
0.054,11,100,100,39.6212156056066,287.8313874968452,30.6507795740643,14,1.4,0.5038917612665097,699,D_pmar=0.054_dist=100_repair_6_males=4_nmar=3,FG_theta_2.5,45,13,2.5,4,3
0.054,10,0,0,39.1082737465923,282.51828875280677,36.85088552509008,10,1,0.5387385757784596,69,D_pmar=0.054_dist=100_repair_6_males=4_nmar=3,FG_theta_2.5,54,11,2.5,4,3
0.054,8,0,100,38.35723589297197,283.3637665530723,36.72417217189472,11,1.1,0.5185749690223144,69,D_pmar=0.054_dist=100_repair_6_males=4_nmar=3,FG_theta_2.5,79,10,2.5,4,3
0.054,10,100,0,38.571786084610174,289.83286159320085,30.60284345680952,5,0.5,0.5109043474968867,69,D_pmar=0.054_dist=100_repair_6_males=4_nmar=3,FG_theta_2.5,58,10,2.5,4,3
0,8,100,100,40.41944717262945,264.1063201723978,55.51154184033838,0,0,0,69,D_pmar=0.054_dist=100_repair_6_males=4_nmar=3,FG_theta_2.5,103,10,2.5,4,3
0.054,10,0,0,39.86461125195664,257.9982858263653,60.85078562481592,8,0.7999999999999999,0.4954832713779612,700,D_pmar=0.054_dist=100_repair_6_males=4_nmar=3,FG_theta_2.5,70,14,2.5,4,3
0,5,0,100,38.70744924186961,272.3415893838775,48.961717846507504,0,0,0,700,D_pmar=0.054_dist=100_repair_6_males=4_nmar=3,FG_theta_2.5,80,11,2.5,4,3
0.054,12,100,0,39.178949192324275,282.43624431159077,36.70838713517733,12,1.2,0.4911262088920618,700,D_pmar=0.054_dist=100_repair_6_males=4_nmar=3,FG_theta_2.5,57,14,2.5,4,3
0.054,9,100,100,39.98356833153794,294.5622942423741,24.378203421034517,8,0.7999999999999999,0.4995911492844053,700,D_pmar=0.054_dist=100_repair_6_males=4_nmar=3,FG_theta_2.5,61,11,2.5,4,3
0,7,0,0,37.10498726955145,276.68177396472305,46.36040660535698,0,0,0,701,D_pmar=0.054_dist=100_repair_6_males=4_nmar=3,FG_theta_2.5,97,11,2.5,4,3
0.054,10,0,100,38.74955115009327,264.7162141546925,54.967190842050336,11,1.1,0.4780316388700887,701,D_pmar=0.054_dist=100_repair_6_males=4_nmar=3,FG_theta_2.5,62,16,2.5,4,3
0.054,10,100,0,39.528479434168915,282.71850431450207,36.69937001644739,7,0.7,0.5120841345151228,701,D_pmar=0.054_dist=100_repair_6_males=4_nmar=3,FG_theta_2.5,62,12,2.5,4,3
0.054,9,100,100,38.40770564376649,289.44406970994226,30.765031834636662,10,1,0.5204926244036715,701,D_pmar=0.054_dist=100_repair_6_males=4_nmar=3,FG_theta_2.5,56,10,2.5,4,3
0.054,6,0,0,38.40634972920599,289.8804248009239,30.356595571635516,9,0.8999999999999999,0.4599784215709607,702,D_pmar=0.054_dist=100_repair_6_males=4_nmar=3,FG_theta_2.5,65,12,2.5,4,3
0.054,7,0,100,39.603284321359304,282.18485358597275,36.866731192310255,9,0.8999999999999999,0.4834555873666343,702,D_pmar=0.054_dist=100_repair_6_males=4_nmar=3,FG_theta_2.5,67,12,2.5,4,3
0.054,14,100,0,39.62393228021649,282.45112828535656,36.55881396462802,9,0.8999999999999999,0.5235336162994694,702,D_pmar=0.054_dist=100_repair_6_males=4_nmar=3,FG_theta_2.5,56,15,2.5,4,3
0,9,100,100,36.981260402503295,262.2255138276307,61.04861075137017,0,0,0,702,D_pmar=0.054_dist=100_repair_6_males=4_nmar=3,FG_theta_2.5,92,14,2.5,4,3
0.054,9,0,0,38.78155290222512,295.01390817962886,24.607671082579554,10,1,0.6364825497238675,703,D_pmar=0.054_dist=100_repair_6_males=4_nmar=3,FG_theta_2.5,54,10,2.5,4,3
0.054,4,0,100,37.7024297261858,266.20716678293803,54.689606377252446,10,1,0.4676490430963884,703,D_pmar=0.054_dist=100_repair_6_males=4_nmar=3,FG_theta_2.5,77,7,2.5,4,3
0,14,100,0,40.39587194722378,264.25622606797344,55.67052131444153,0,0,0,703,D_pmar=0.054_dist=100_repair_6_males=4_nmar=3,FG_theta_2.5,98,16,2.5,4,3
0.054,9,100,100,38.36665168048957,289.0311915951403,31.325152505965143,8,0.7999999999999999,0.4970154586079978,703,D_pmar=0.054_dist=100_repair_6_males=4_nmar=3,FG_theta_2.5,63,9,2.5,4,3
0.054,15,0,0,38.487495519007346,287.89060991455324,32.22338142552987,12,1.2,0.3703703703703706,704,D_pmar=0.054_dist=100_repair_6_males=4_nmar=3,FG_theta_2.5,64,16,2.5,4,3
0.054,5,0,100,39.16100382218279,270.51391405660144,49.1808714929732,7,0.7,0.5093721602668501,704,D_pmar=0.054_dist=100_repair_6_males=4_nmar=3,FG_theta_2.5,66,11,2.5,4,3
0,7,100,0,40.810297502049544,258.95463826307974,60.32497535750314,0,0,0,704,D_pmar=0.054_dist=100_repair_6_males=4_nmar=3,FG_theta_2.5,90,11,2.5,4,3
0.054,9,100,100,40.39478495480352,281.4244574693117,36.68145282614797,11,1.1,0.5319985566918128,704,D_pmar=0.054_dist=100_repair_6_males=4_nmar=3,FG_theta_2.5,46,14,2.5,4,3
0.054,10,0,0,39.81412168541322,276.7217548220968,42.36603848369383,7,0.7,0.40740740740740783,705,D_pmar=0.054_dist=100_repair_6_males=4_nmar=3,FG_theta_2.5,63,14,2.5,4,3
0.054,8,0,100,38.8443124180884,283.03092935966936,36.764879169125415,9,0.8999999999999999,0.5856364568660118,705,D_pmar=0.054_dist=100_repair_6_males=4_nmar=3,FG_theta_2.5,68,11,2.5,4,3
0.054,10,100,0,38.03063990721139,283.9856704669975,36.663224991913665,9,0.8999999999999999,0.5571208107251128,705,D_pmar=0.054_dist=100_repair_6_males=4_nmar=3,FG_theta_2.5,62,12,2.5,4,3
0,8,100,100,39.094293944945264,284.6965216653536,36.38032281145311,0,0,0,705,D_pmar=0.054_dist=100_repair_6_males=4_nmar=3,FG_theta_2.5,100,11,2.5,4,3
0.054,5,0,0,40.31333146634198,269.66108460621683,48.647185735925085,10,1,0.4997838833600655,706,D_pmar=0.054_dist=100_repair_6_males=4_nmar=3,FG_theta_2.5,70,8,2.5,4,3
0,12,0,100,37.72906528163654,285.43775076706663,36.87281695660494,0,0,0,706,D_pmar=0.054_dist=100_repair_6_males=4_nmar=3,FG_theta_2.5,107,13,2.5,4,3
0.054,10,100,0,40.06898864876027,288.4091402759104,30.507215603565687,5,0.5,0.5374225051883584,706,D_pmar=0.054_dist=100_repair_6_males=4_nmar=3,FG_theta_2.5,75,10,2.5,4,3
0.054,9,100,100,35.67970993601581,292.47553645619774,30.419958398355043,9,0.8999999999999999,0.6616281863214429,706,D_pmar=0.054_dist=100_repair_6_males=4_nmar=3,FG_theta_2.5,64,11,2.5,4,3
0.054,10,0,0,39.530222942097765,283.0339873330099,36.48034699146247,7,0.7,0.416394099522937,707,D_pmar=0.054_dist=100_repair_6_males=4_nmar=3,FG_theta_2.5,59,15,2.5,4,3
0.054,10,0,100,38.87782108720296,288.91001433127485,30.61847601566898,10,1,0.5956102019241165,707,D_pmar=0.054_dist=100_repair_6_males=4_nmar=3,FG_theta_2.5,59,12,2.5,4,3
0,8,100,0,37.517136582750425,255.35733931001337,67.1517572414403,0,0,0,707,D_pmar=0.054_dist=100_repair_6_males=4_nmar=3,FG_theta_2.5,104,11,2.5,4,3
0.054,8,100,100,38.346686643603704,271.1036125951872,48.78779466161896,13,1.3,0.4629629629629636,707,D_pmar=0.054_dist=100_repair_6_males=4_nmar=3,FG_theta_2.5,56,11,2.5,4,3
0.054,10,0,0,39.731487736310626,300.45483021419705,18.170933943594843,11,1.1,0.5509259259259269,708,D_pmar=0.054_dist=100_repair_6_males=4_nmar=3,FG_theta_2.5,61,15,2.5,4,3
0.054,11,0,100,37.949618594341885,289.85528507443536,30.80744688231717,11,1.1,0.6353592132094265,708,D_pmar=0.054_dist=100_repair_6_males=4_nmar=3,FG_theta_2.5,74,14,2.5,4,3
0,6,100,0,38.98236728974507,260.20390752400294,60.82728133820045,0,0,0,708,D_pmar=0.054_dist=100_repair_6_males=4_nmar=3,FG_theta_2.5,105,9,2.5,4,3
0.054,9,100,100,39.053830647183936,265.26424606827163,54.71008811734369,5,0.5,0.48107263076588674,708,D_pmar=0.054_dist=100_repair_6_males=4_nmar=3,FG_theta_2.5,75,15,2.5,4,3
0.054,7,0,0,36.4331277803396,279.62178763188274,42.84563180369626,6,0.6,0.5304099189579812,709,D_pmar=0.054_dist=100_repair_6_males=4_nmar=3,FG_theta_2.5,64,10,2.5,4,3
0.054,7,0,100,39.52643454470571,300.3132992749894,18.329287651493544,15,1.5000000000000002,0.4630194134667588,709,D_pmar=0.054_dist=100_repair_6_males=4_nmar=3,FG_theta_2.5,53,10,2.5,4,3
0,13,100,0,38.24838230757544,260.72882195535834,61.040035295034095,0,0,0,709,D_pmar=0.054_dist=100_repair_6_males=4_nmar=3,FG_theta_2.5,79,13,2.5,4,3
0.054,9,100,100,38.47972226727382,265.1981848507995,55.17020544508008,9,0.8999999999999999,0.4673764759526581,709,D_pmar=0.054_dist=100_repair_6_males=4_nmar=3,FG_theta_2.5,69,13,2.5,4,3
0.054,11,0,0,37.75511851625373,283.85425971430226,36.94344574986578,11,1.1,0.4765792847081223,70,D_pmar=0.054_dist=100_repair_6_males=4_nmar=3,FG_theta_2.5,52,13,2.5,4,3
0.054,8,0,100,40.92327975013607,292.00337818034467,25.38635002290828,12,1.2,0.5965408043628975,70,D_pmar=0.054_dist=100_repair_6_males=4_nmar=3,FG_theta_2.5,59,9,2.5,4,3
0,7,100,0,40.868532060404846,257.96287614328645,61.29249865183439,0,0,0,70,D_pmar=0.054_dist=100_repair_6_males=4_nmar=3,FG_theta_2.5,100,7,2.5,4,3
0.054,10,100,100,38.36950223308117,282.0855326787516,38.660324101633805,5,0.5,0.4027777777777782,70,D_pmar=0.054_dist=100_repair_6_males=4_nmar=3,FG_theta_2.5,73,11,2.5,4,3
0.054,8,0,0,39.50455702072992,235.4319432325864,84.09399421614371,6,0.6,0.4216817644476172,710,D_pmar=0.054_dist=100_repair_6_males=4_nmar=3,FG_theta_2.5,78,10,2.5,4,3
0.054,7,0,100,37.383241286799,289.8785885467562,30.608330863187675,15,1.5000000000000002,0.6537414481560798,710,D_pmar=0.054_dist=100_repair_6_males=4_nmar=3,FG_theta_2.5,67,7,2.5,4,3
0.054,10,100,0,40.6780540545737,287.6322245356276,30.589779295768647,7,0.7,0.4984678127699642,710,D_pmar=0.054_dist=100_repair_6_males=4_nmar=3,FG_theta_2.5,57,11,2.5,4,3
0,11,100,100,36.53984429552947,298.76323349275367,24.70029580546533,0,0,0,710,D_pmar=0.054_dist=100_repair_6_males=4_nmar=3,FG_theta_2.5,75,13,2.5,4,3
0.054,11,0,0,40.23011551620624,281.690040818309,36.58486871627836,11,1.1,0.596019052639712,711,D_pmar=0.054_dist=100_repair_6_males=4_nmar=3,FG_theta_2.5,62,12,2.5,4,3
0.054,9,0,100,41.71624719633631,281.0175584190209,36.17276973003005,7,0.7,0.44444444444444503,711,D_pmar=0.054_dist=100_repair_6_males=4_nmar=3,FG_theta_2.5,64,14,2.5,4,3
0.054,10,100,0,40.976958500842706,281.3605040376504,36.60785761736346,7,0.7,0.486167561614907,711,D_pmar=0.054_dist=100_repair_6_males=4_nmar=3,FG_theta_2.5,68,12,2.5,4,3
0,6,100,100,38.42727781878933,278.8632216488004,42.83873143064518,0,0,0,711,D_pmar=0.054_dist=100_repair_6_males=4_nmar=3,FG_theta_2.5,108,9,2.5,4,3
0,8,0,0,39.85893254522875,289.9386719867311,30.311538625580436,0,0,0,712,D_pmar=0.054_dist=100_repair_6_males=4_nmar=3,FG_theta_2.5,98,11,2.5,4,3
0.054,14,0,100,40.37730473086676,294.2159589424155,24.523932433489023,5,0.5,0.4997274328562705,712,D_pmar=0.054_dist=100_repair_6_males=4_nmar=3,FG_theta_2.5,56,16,2.5,4,3
0.054,5,100,0,38.13725896634462,295.7054596926954,24.665096641425183,10,1,0.559174749678335,712,D_pmar=0.054_dist=100_repair_6_males=4_nmar=3,FG_theta_2.5,52,10,2.5,4,3
0.054,9,100,100,39.25115655499888,264.80158896841374,54.904432784814055,7,0.7,0.4027777777777782,712,D_pmar=0.054_dist=100_repair_6_males=4_nmar=3,FG_theta_2.5,77,11,2.5,4,3
0.054,9,0,0,40.53249425290067,276.69456548131865,41.33928076571475,14,1.4,0.365740740740741,713,D_pmar=0.054_dist=100_repair_6_males=4_nmar=3,FG_theta_2.5,72,12,2.5,4,3
0.054,15,0,100,40.83799608246101,293.85770073025583,24.539951648794236,4,0.4,0.4531021189124487,713,D_pmar=0.054_dist=100_repair_6_males=4_nmar=3,FG_theta_2.5,48,19,2.5,4,3
0,5,100,0,39.06204515539003,267.28594207725786,53.66254157248372,0,0,0,713,D_pmar=0.054_dist=100_repair_6_males=4_nmar=3,FG_theta_2.5,67,5,2.5,4,3
0.054,7,100,100,37.4808734946414,278.51341420042013,42.74758165527494,9,0.8999999999999999,0.45534879194133093,713,D_pmar=0.054_dist=100_repair_6_males=4_nmar=3,FG_theta_2.5,70,11,2.5,4,3
0.054,10,0,0,39.79939475645275,277.7077602424276,41.271159529106264,8,0.7999999999999999,0.523204598651944,714,D_pmar=0.054_dist=100_repair_6_males=4_nmar=3,FG_theta_2.5,54,11,2.5,4,3
0,8,0,100,40.90151473906128,264.04600052696486,55.183997838347295,0,0,0,714,D_pmar=0.054_dist=100_repair_6_males=4_nmar=3,FG_theta_2.5,89,13,2.5,4,3
0.054,10,100,0,42.01876676211745,250.27506952789636,66.82856748079878,7,0.7,0.35859187093849887,714,D_pmar=0.054_dist=100_repair_6_males=4_nmar=3,FG_theta_2.5,73,16,2.5,4,3
0.054,8,100,100,38.98996454203548,282.4650479972774,36.47932362206771,18,1.8000000000000005,0.5554757224874863,714,D_pmar=0.054_dist=100_repair_6_males=4_nmar=3,FG_theta_2.5,58,10,2.5,4,3
0.054,10,0,0,38.56520619766105,274.5059377162391,46.02486857747841,7,0.7,0.4269694293722976,715,D_pmar=0.054_dist=100_repair_6_males=4_nmar=3,FG_theta_2.5,67,12,2.5,4,3
0,6,0,100,39.935073480432095,264.37508968011684,55.69198291136259,0,0,0,715,D_pmar=0.054_dist=100_repair_6_males=4_nmar=3,FG_theta_2.5,85,9,2.5,4,3
0.054,12,100,0,36.9367092525012,279.13583194207257,42.833162988612955,7,0.7,0.472222222222223,715,D_pmar=0.054_dist=100_repair_6_males=4_nmar=3,FG_theta_2.5,71,14,2.5,4,3
0.054,8,100,100,40.497033178601136,293.4082154022221,24.435095483201525,14,1.4,0.5343815132925602,715,D_pmar=0.054_dist=100_repair_6_males=4_nmar=3,FG_theta_2.5,56,9,2.5,4,3
0,5,0,0,39.6914167880811,271.7632499767008,48.59703275877419,0,0,0,716,D_pmar=0.054_dist=100_repair_6_males=4_nmar=3,FG_theta_2.5,105,6,2.5,4,3
0.054,12,0,100,38.37048885620609,301.8831757102883,18.438908841139423,8,0.7999999999999999,0.5740740740740752,716,D_pmar=0.054_dist=100_repair_6_males=4_nmar=3,FG_theta_2.5,52,14,2.5,4,3
0.054,6,100,0,38.272566933504734,296.35951639199834,24.18207641822639,6,0.6,0.6048694611833758,716,D_pmar=0.054_dist=100_repair_6_males=4_nmar=3,FG_theta_2.5,58,7,2.5,4,3
0.054,13,100,100,39.72700409342815,299.04654676939373,20.393508740528116,5,0.5,0.39866989987133405,716,D_pmar=0.054_dist=100_repair_6_males=4_nmar=3,FG_theta_2.5,86,14,2.5,4,3
0.054,9,0,0,39.194907875626136,277.52156431512213,42.4601924928029,5,0.5,0.42261236688639814,717,D_pmar=0.054_dist=100_repair_6_males=4_nmar=3,FG_theta_2.5,53,10,2.5,4,3
0.054,8,0,100,38.80538452133491,289.5798542578664,30.43871659717596,7,0.7,0.5098374614862405,717,D_pmar=0.054_dist=100_repair_6_males=4_nmar=3,FG_theta_2.5,53,10,2.5,4,3
0.054,7,100,0,38.08613449960677,283.9603596690757,36.41626089025745,11,1.1,0.48148148148148223,717,D_pmar=0.054_dist=100_repair_6_males=4_nmar=3,FG_theta_2.5,70,9,2.5,4,3
0,12,100,100,39.86132144998169,289.6818752135935,30.56626932516331,0,0,0,717,D_pmar=0.054_dist=100_repair_6_males=4_nmar=3,FG_theta_2.5,100,12,2.5,4,3
0.054,7,0,0,38.28640654215038,290.03835135256503,30.512241063838772,7,0.7,0.5783513034919042,718,D_pmar=0.054_dist=100_repair_6_males=4_nmar=3,FG_theta_2.5,58,7,2.5,4,3
0,7,0,100,40.725181776951814,276.505595400081,42.91347113757485,0,0,0,718,D_pmar=0.054_dist=100_repair_6_males=4_nmar=3,FG_theta_2.5,102,10,2.5,4,3
0.054,10,100,0,38.686852171238975,289.2709055588175,30.67329957942629,9,0.8999999999999999,0.4726076903735434,718,D_pmar=0.054_dist=100_repair_6_males=4_nmar=3,FG_theta_2.5,61,11,2.5,4,3
0.054,12,100,100,40.32543035634407,274.22409429370236,44.096028256507985,9,0.8999999999999999,0.49972743285627047,718,D_pmar=0.054_dist=100_repair_6_males=4_nmar=3,FG_theta_2.5,63,14,2.5,4,3
0.054,12,0,0,36.88089281730784,290.53417788287885,30.642580174063873,14,1.4,0.5767062152542777,719,D_pmar=0.054_dist=100_repair_6_males=4_nmar=3,FG_theta_2.5,62,14,2.5,4,3
0.054,3,0,100,39.60289506802712,264.6478700247598,54.72026865924608,7,0.7,0.4766357352119172,719,D_pmar=0.054_dist=100_repair_6_males=4_nmar=3,FG_theta_2.5,71,5,2.5,4,3
0.054,12,100,0,37.40900566942555,266.4468280452431,55.2435446765752,6,0.6,0.458333333333334,719,D_pmar=0.054_dist=100_repair_6_males=4_nmar=3,FG_theta_2.5,67,15,2.5,4,3
0,9,100,100,40.21449952990192,295.46383414368813,24.40398745120112,0,0,0,719,D_pmar=0.054_dist=100_repair_6_males=4_nmar=3,FG_theta_2.5,88,11,2.5,4,3
0.054,10,0,0,40.35392071498538,287.6711752242609,30.62763965818876,12,1.2,0.3564814814814817,71,D_pmar=0.054_dist=100_repair_6_males=4_nmar=3,FG_theta_2.5,57,14,2.5,4,3
0.054,13,0,100,38.017741501866375,271.7199429968171,48.8410287878272,10,1,0.4722786727260179,71,D_pmar=0.054_dist=100_repair_6_males=4_nmar=3,FG_theta_2.5,49,18,2.5,4,3
0.054,6,100,0,38.351478699865325,277.6567530828194,42.81777380522322,8,0.7999999999999999,0.47663573521191727,71,D_pmar=0.054_dist=100_repair_6_males=4_nmar=3,FG_theta_2.5,57,7,2.5,4,3
0,7,100,100,38.81316750004046,265.67744316392225,55.60352665998408,0,0,0,71,D_pmar=0.054_dist=100_repair_6_males=4_nmar=3,FG_theta_2.5,85,9,2.5,4,3
0.054,5,0,0,39.22517970127514,275.8776343326086,43.00278365396174,13,1.3,0.6712729137320224,720,D_pmar=0.054_dist=100_repair_6_males=4_nmar=3,FG_theta_2.5,57,7,2.5,4,3
0,10,0,100,41.02320020291198,233.81360045698617,85.25491367865858,0,0,0,720,D_pmar=0.054_dist=100_repair_6_males=4_nmar=3,FG_theta_2.5,122,15,2.5,4,3
0.054,10,100,0,40.54920547123516,293.49090982733946,24.467285480497782,10,1,0.5433117549042942,720,D_pmar=0.054_dist=100_repair_6_males=4_nmar=3,FG_theta_2.5,54,13,2.5,4,3
0.054,11,100,100,38.55507986434472,277.25537703915023,43.08886909496012,9,0.8999999999999999,0.48266126849971847,720,D_pmar=0.054_dist=100_repair_6_males=4_nmar=3,FG_theta_2.5,81,13,2.5,4,3
0.054,12,0,0,40.37515913277227,300.2688822160852,18.48365229903187,5,0.5,0.5284922635766244,721,D_pmar=0.054_dist=100_repair_6_males=4_nmar=3,FG_theta_2.5,69,13,2.5,4,3
0.054,6,0,100,41.895386887166715,292.5743906760635,24.375785340856268,8,0.7999999999999999,0.4351851851851858,721,D_pmar=0.054_dist=100_repair_6_males=4_nmar=3,FG_theta_2.5,62,9,2.5,4,3
0.054,10,100,0,39.043887291407486,301.5795797786729,18.369078623674977,7,0.7,0.5548176871924356,721,D_pmar=0.054_dist=100_repair_6_males=4_nmar=3,FG_theta_2.5,67,12,2.5,4,3
0,8,100,100,40.65487303208163,258.6503381135327,60.85487144294091,0,0,0,721,D_pmar=0.054_dist=100_repair_6_males=4_nmar=3,FG_theta_2.5,101,11,2.5,4,3
0.054,10,0,0,38.60941621319564,277.25968100714687,42.69498788833894,10,1,0.5548176871924357,722,D_pmar=0.054_dist=100_repair_6_males=4_nmar=3,FG_theta_2.5,57,11,2.5,4,3
0,11,0,100,40.14452011597873,301.6502314947398,18.385318910829778,0,0,0,722,D_pmar=0.054_dist=100_repair_6_males=4_nmar=3,FG_theta_2.5,91,12,2.5,4,3
0.054,8,100,0,38.702292631378704,277.8709116215899,42.5810277041987,6,0.6,0.4027777777777782,722,D_pmar=0.054_dist=100_repair_6_males=4_nmar=3,FG_theta_2.5,76,9,2.5,4,3
0.054,7,100,100,39.90199525548926,282.0672520251509,36.878305789115,7,0.7,0.513151020525769,722,D_pmar=0.054_dist=100_repair_6_males=4_nmar=3,FG_theta_2.5,68,9,2.5,4,3
0,3,0,0,38.89049357504776,290.82604929474957,30.394805895837713,0,0,0,723,D_pmar=0.054_dist=100_repair_6_males=4_nmar=3,FG_theta_2.5,86,5,2.5,4,3
0.054,10,0,100,38.143302053928664,302.200513121946,18.29666473535205,9,0.8999999999999999,0.4818669496328026,723,D_pmar=0.054_dist=100_repair_6_males=4_nmar=3,FG_theta_2.5,64,11,2.5,4,3
0.054,16,100,0,37.55753314648464,284.6446885591081,36.46356108606503,10,1,0.5186314195261095,723,D_pmar=0.054_dist=100_repair_6_males=4_nmar=3,FG_theta_2.5,58,18,2.5,4,3
0.054,7,100,100,40.11082939178145,244.7700851608759,74.18889319197855,7,0.7,0.4305555555555561,723,D_pmar=0.054_dist=100_repair_6_males=4_nmar=3,FG_theta_2.5,63,10,2.5,4,3
0,12,0,0,41.52904854758162,244.95610118468232,73.55526578357302,0,0,0,724,D_pmar=0.054_dist=100_repair_6_males=4_nmar=3,FG_theta_2.5,94,15,2.5,4,3
0.054,5,0,100,38.20930843862137,277.7890528011187,43.0185643964082,7,0.7,0.44225422191935776,724,D_pmar=0.054_dist=100_repair_6_males=4_nmar=3,FG_theta_2.5,74,5,2.5,4,3
0.054,13,100,0,41.076146631843805,274.5960341854725,42.54509964596692,12,1.2,0.6462071102025173,724,D_pmar=0.054_dist=100_repair_6_males=4_nmar=3,FG_theta_2.5,57,13,2.5,4,3
0.054,6,100,100,39.81908237776131,269.69446734143867,48.65285654041645,15,1.5000000000000002,0.4768518518518526,724,D_pmar=0.054_dist=100_repair_6_males=4_nmar=3,FG_theta_2.5,75,9,2.5,4,3
0,9,0,0,38.6571175878582,260.0083765386204,61.36560097345292,0,0,0,725,D_pmar=0.054_dist=100_repair_6_males=4_nmar=3,FG_theta_2.5,81,12,2.5,4,3
0.054,10,0,100,39.22067958511757,282.4180161226999,36.85966583126928,11,1.1,0.525122254033301,725,D_pmar=0.054_dist=100_repair_6_males=4_nmar=3,FG_theta_2.5,84,12,2.5,4,3
0.054,9,100,0,38.53410383697106,272.1119894616987,48.58276359380175,4,0.4,0.469294131334015,725,D_pmar=0.054_dist=100_repair_6_males=4_nmar=3,FG_theta_2.5,66,12,2.5,4,3
0.054,8,100,100,38.51067714687009,301.4956924274578,18.34978071827212,12,1.2,0.5046296296296304,725,D_pmar=0.054_dist=100_repair_6_males=4_nmar=3,FG_theta_2.5,58,9,2.5,4,3
0,5,0,0,39.16072254775404,265.77551170227434,55.31066848188982,0,0,0,726,D_pmar=0.054_dist=100_repair_6_males=4_nmar=3,FG_theta_2.5,117,8,2.5,4,3
0.054,10,0,100,37.192757422992266,315.7201068949826,6.012542622567523,7,0.7,0.5109043474968868,726,D_pmar=0.054_dist=100_repair_6_males=4_nmar=3,FG_theta_2.5,59,10,2.5,4,3
0.054,9,100,0,41.412472465322374,299.49290782385265,18.12154819485002,5,0.5,0.49972743285627047,726,D_pmar=0.054_dist=100_repair_6_males=4_nmar=3,FG_theta_2.5,58,11,2.5,4,3
0.054,12,100,100,38.09242929475194,290.417002050002,30.413465527196784,6,0.6,0.5439697901993447,726,D_pmar=0.054_dist=100_repair_6_males=4_nmar=3,FG_theta_2.5,67,12,2.5,4,3
0.054,13,0,0,37.99331436777125,277.6177373695604,42.94053309358235,12,1.2,0.4212962962962968,727,D_pmar=0.054_dist=100_repair_6_males=4_nmar=3,FG_theta_2.5,57,15,2.5,4,3
0,6,0,100,38.60694094217474,275.403432999113,46.09838306188067,0,0,0,727,D_pmar=0.054_dist=100_repair_6_males=4_nmar=3,FG_theta_2.5,83,6,2.5,4,3
0.054,7,100,0,38.10268885362848,265.8786049250175,54.75819963647103,10,1,0.3921226148603475,727,D_pmar=0.054_dist=100_repair_6_males=4_nmar=3,FG_theta_2.5,69,12,2.5,4,3
0.054,10,100,100,40.23143994079978,269.2444048836795,48.97418460867455,10,1,0.5551467048399611,727,D_pmar=0.054_dist=100_repair_6_males=4_nmar=3,FG_theta_2.5,63,12,2.5,4,3
0.054,10,0,0,36.98803222710795,309.67170945034604,12.070662715501737,8,0.7999999999999999,0.5733926562147494,728,D_pmar=0.054_dist=100_repair_6_males=4_nmar=3,FG_theta_2.5,56,12,2.5,4,3
0.054,10,0,100,39.66329109445387,279.43331893707335,39.552425520267064,11,1.1,0.41666666666666713,728,D_pmar=0.054_dist=100_repair_6_males=4_nmar=3,FG_theta_2.5,73,12,2.5,4,3
0,14,100,0,38.15738458009178,264.41587853221597,57.45031310229154,0,0,0,728,D_pmar=0.054_dist=100_repair_6_males=4_nmar=3,FG_theta_2.5,104,16,2.5,4,3
0.054,2,100,100,40.90614100388503,287.67086574889646,30.518645077308783,5,0.5,0.4719496550784927,728,D_pmar=0.054_dist=100_repair_6_males=4_nmar=3,FG_theta_2.5,48,4,2.5,4,3
0,8,0,0,41.23953487086854,269.8587973506762,49.03349552363253,0,0,0,729,D_pmar=0.054_dist=100_repair_6_males=4_nmar=3,FG_theta_2.5,86,13,2.5,4,3
0.054,9,0,100,39.68765247344186,288.2492337628471,30.389423609265496,13,1.3,0.4259259259259264,729,D_pmar=0.054_dist=100_repair_6_males=4_nmar=3,FG_theta_2.5,59,12,2.5,4,3
0.054,9,100,0,40.58307201661429,256.32595864952816,61.6950386643075,9,0.8999999999999999,0.5134800381732944,729,D_pmar=0.054_dist=100_repair_6_males=4_nmar=3,FG_theta_2.5,72,11,2.5,4,3
0.054,10,100,100,38.86232204394789,271.05537908999725,48.88696214939616,9,0.8999999999999999,0.5440262407031398,729,D_pmar=0.054_dist=100_repair_6_males=4_nmar=3,FG_theta_2.5,62,13,2.5,4,3
0.054,4,0,0,38.03083894357445,271.7524238269581,48.62075664150308,11,1.1,0.5505170752103316,72,D_pmar=0.054_dist=100_repair_6_males=4_nmar=3,FG_theta_2.5,66,6,2.5,4,3
0.054,11,0,100,39.17481682187587,288.92587152782494,30.646769484059,8,0.7999999999999999,0.5660510523368469,72,D_pmar=0.054_dist=100_repair_6_males=4_nmar=3,FG_theta_2.5,66,13,2.5,4,3
0,10,100,0,38.66597997286502,272.76108797422205,48.681469116779695,0,0,0,72,D_pmar=0.054_dist=100_repair_6_males=4_nmar=3,FG_theta_2.5,90,14,2.5,4,3
0.054,11,100,100,38.69251145524497,295.96351407936817,24.314967374881757,6,0.6,0.511233365144412,72,D_pmar=0.054_dist=100_repair_6_males=4_nmar=3,FG_theta_2.5,77,11,2.5,4,3
0,8,0,0,39.25463580375876,272.40552617611746,48.51085105277706,0,0,0,730,D_pmar=0.054_dist=100_repair_6_males=4_nmar=3,FG_theta_2.5,99,14,2.5,4,3
0.054,13,0,100,41.400674241617494,286.4175054767467,30.373922431129444,12,1.2,0.6626716897678138,730,D_pmar=0.054_dist=100_repair_6_males=4_nmar=3,FG_theta_2.5,61,15,2.5,4,3
0.054,11,100,0,37.304590195793885,284.6882286889207,36.60007580058746,11,1.1,0.511233365144412,730,D_pmar=0.054_dist=100_repair_6_males=4_nmar=3,FG_theta_2.5,74,12,2.5,4,3
0.054,4,100,100,40.78981838408366,250.9479814913438,67.17464438938325,7,0.7,0.41666666666666713,730,D_pmar=0.054_dist=100_repair_6_males=4_nmar=3,FG_theta_2.5,64,7,2.5,4,3
0,9,0,0,40.40730012387833,282.76756596044964,36.92953925490565,0,0,0,731,D_pmar=0.054_dist=100_repair_6_males=4_nmar=3,FG_theta_2.5,99,10,2.5,4,3
0.054,11,0,100,40.38680625004415,263.49788560884326,55.164402063478974,6,0.6,0.5482704021814492,731,D_pmar=0.054_dist=100_repair_6_males=4_nmar=3,FG_theta_2.5,62,13,2.5,4,3
0.054,7,100,0,39.91143743358268,282.0716921861201,36.650105519559936,9,0.8999999999999999,0.4769083023556477,731,D_pmar=0.054_dist=100_repair_6_males=4_nmar=3,FG_theta_2.5,72,10,2.5,4,3
0.054,9,100,100,37.932029610429176,289.8263053036487,30.749502225704138,11,1.1,0.5046296296296304,731,D_pmar=0.054_dist=100_repair_6_males=4_nmar=3,FG_theta_2.5,73,9,2.5,4,3
0.054,8,0,0,38.21941475437996,289.8764604878284,30.529732727920663,10,1,0.5485994198289744,732,D_pmar=0.054_dist=100_repair_6_males=4_nmar=3,FG_theta_2.5,77,12,2.5,4,3
0,4,0,100,36.96846348809453,274.2942609696487,48.7973259323726,0,0,0,732,D_pmar=0.054_dist=100_repair_6_males=4_nmar=3,FG_theta_2.5,110,6,2.5,4,3
0.054,6,100,0,38.36823480652184,283.4089551966697,36.78438435610786,9,0.8999999999999999,0.5578586790882339,732,D_pmar=0.054_dist=100_repair_6_males=4_nmar=3,FG_theta_2.5,59,8,2.5,4,3
0.054,18,100,100,38.7168885707155,277.921661688237,42.536901874641714,7,0.7,0.4861111111111119,732,D_pmar=0.054_dist=100_repair_6_males=4_nmar=3,FG_theta_2.5,69,19,2.5,4,3
0,11,0,0,39.64849516937834,271.5406813886949,48.85254904080987,0,0,0,733,D_pmar=0.054_dist=100_repair_6_males=4_nmar=3,FG_theta_2.5,92,14,2.5,4,3
0.054,6,0,100,39.022882565777664,289.03607403923365,30.575934248176495,9,0.8999999999999999,0.5270963599184529,733,D_pmar=0.054_dist=100_repair_6_males=4_nmar=3,FG_theta_2.5,63,12,2.5,4,3
0.054,7,100,0,38.19232182295862,296.32271479287965,24.34312355766075,7,0.7,0.4861111111111119,733,D_pmar=0.054_dist=100_repair_6_males=4_nmar=3,FG_theta_2.5,69,9,2.5,4,3
0.054,12,100,100,38.28347241552564,290.4820710025413,30.326767637285613,6,0.6,0.4896738547300955,733,D_pmar=0.054_dist=100_repair_6_males=4_nmar=3,FG_theta_2.5,65,12,2.5,4,3
0.054,9,0,0,39.46373575580452,264.4652500938245,55.0659476353819,5,0.5,0.5093157097630553,734,D_pmar=0.054_dist=100_repair_6_males=4_nmar=3,FG_theta_2.5,75,11,2.5,4,3
0.054,9,0,100,39.64926309182555,303.632679135889,15.0392513795898,12,1.2,0.55243473059168835,734,D_pmar=0.054_dist=100_repair_6_males=4_nmar=3,FG_theta_2.5,54,12,2.5,4,3
0.054,10,100,0,39.002954792216535,276.77922164898695,42.75395192957789,11,1.1,0.4815379319852772,734,D_pmar=0.054_dist=100_repair_6_males=4_nmar=3,FG_theta_2.5,66,11,2.5,4,3
0,8,100,100,40.55506850487478,264.80510250271806,54.784041049680376,0,0,0,734,D_pmar=0.054_dist=100_repair_6_males=4_nmar=3,FG_theta_2.5,99,12,2.5,4,3
0.054,11,0,0,36.877463540677425,279.181649425308,42.88778582433931,8,0.7999999999999999,0.4510481799592268,735,D_pmar=0.054_dist=100_repair_6_males=4_nmar=3,FG_theta_2.5,61,13,2.5,4,3
0.054,9,0,100,39.52118860174451,276.89137529379695,42.56477477578705,6,0.6,0.4534311365599742,735,D_pmar=0.054_dist=100_repair_6_males=4_nmar=3,FG_theta_2.5,54,11,2.5,4,3
0.054,11,100,0,36.47378466224538,297.42097326307106,24.603902316055507,11,1.1,0.4556778095888562,735,D_pmar=0.054_dist=100_repair_6_males=4_nmar=3,FG_theta_2.5,55,13,2.5,4,3
0,5,100,100,40.53806366598053,280.3185226714483,39.22954782974266,0,0,0,735,D_pmar=0.054_dist=100_repair_6_males=4_nmar=3,FG_theta_2.5,89,7,2.5,4,3
0,11,0,0,39.51933007490128,271.5753922528412,49.06892665917609,0,0,0,736,D_pmar=0.054_dist=100_repair_6_males=4_nmar=3,FG_theta_2.5,111,15,2.5,4,3
0.054,10,0,100,36.31880054749173,279.6512999079792,43.17390278320859,5,0.5,0.4472128691965129,736,D_pmar=0.054_dist=100_repair_6_males=4_nmar=3,FG_theta_2.5,84,16,2.5,4,3
0.054,8,100,0,39.38575792979117,270.50675683291286,48.77965099374136,8,0.7999999999999999,0.6334415578280695,736,D_pmar=0.054_dist=100_repair_6_males=4_nmar=3,FG_theta_2.5,68,11,2.5,4,3
0.054,7,100,100,37.58598811963979,295.4845681061043,24.860743148970176,15,1.5000000000000002,0.6342592592592606,736,D_pmar=0.054_dist=100_repair_6_males=4_nmar=3,FG_theta_2.5,66,11,2.5,4,3
0.054,4,0,0,37.32523318265748,308.83152197081046,12.44433484004934,9,0.8999999999999999,0.6099079415286012,737,D_pmar=0.054_dist=100_repair_6_males=4_nmar=3,FG_theta_2.5,55,6,2.5,4,3
0.054,11,0,100,38.96302412715042,295.54129131388856,24.5617988020293,5,0.5,0.4907971912445365,737,D_pmar=0.054_dist=100_repair_6_males=4_nmar=3,FG_theta_2.5,68,13,2.5,4,3
0.054,8,100,0,37.71470127045819,285.05762974340274,36.7014191262125,4,0.4,0.4117644698933074,737,D_pmar=0.054_dist=100_repair_6_males=4_nmar=3,FG_theta_2.5,63,9,2.5,4,3
0,13,100,100,37.687546418929166,286.00218596285066,36.50970110988004,0,0,0,737,D_pmar=0.054_dist=100_repair_6_males=4_nmar=3,FG_theta_2.5,103,13,2.5,4,3
0.054,12,0,0,37.783510502168824,278.014867615337,42.796759203548746,10,1,0.48148148148148223,738,D_pmar=0.054_dist=100_repair_6_males=4_nmar=3,FG_theta_2.5,67,13,2.5,4,3
0.054,7,0,100,39.74777770454054,270.16093597650934,48.928225257727576,7,0.7,0.5186314195261094,738,D_pmar=0.054_dist=100_repair_6_males=4_nmar=3,FG_theta_2.5,76,8,2.5,4,3
0.054,7,100,0,41.1488390414524,286.8213141556672,30.64689358528889,10,1,0.5755828787398366,738,D_pmar=0.054_dist=100_repair_6_males=4_nmar=3,FG_theta_2.5,58,8,2.5,4,3
0,10,100,100,40.28789752897218,277.02196291114535,42.699124775432246,0,0,0,738,D_pmar=0.054_dist=100_repair_6_males=4_nmar=3,FG_theta_2.5,100,11,2.5,4,3
0.054,6,0,0,37.506257363210395,297.46335850371383,24.40107736050448,3,0.30000000000000004,0.4641427499811998,739,D_pmar=0.054_dist=100_repair_6_males=4_nmar=3,FG_theta_2.5,75,7,2.5,4,3
0,12,0,100,40.275048512078975,258.8216705361618,60.94069549626663,0,0,0,739,D_pmar=0.054_dist=100_repair_6_males=4_nmar=3,FG_theta_2.5,110,12,2.5,4,3
0.054,8,100,0,39.48289766820835,306.53914130992786,12.052840909216284,13,1.3,0.6588363790050998,739,D_pmar=0.054_dist=100_repair_6_males=4_nmar=3,FG_theta_2.5,57,8,2.5,4,3
0.054,10,100,100,40.76248936113066,275.3894477135459,42.67734365070867,7,0.7,0.4970154586079978,739,D_pmar=0.054_dist=100_repair_6_males=4_nmar=3,FG_theta_2.5,52,12,2.5,4,3
0.054,13,0,0,41.060866719553566,286.35388401898865,30.613877662237215,15,1.5000000000000002,0.5317259895480825,73,D_pmar=0.054_dist=100_repair_6_males=4_nmar=3,FG_theta_2.5,61,15,2.5,4,3
0.054,7,0,100,37.4279593119521,254.39658294015723,67.25370448441811,6,0.6,0.45567780958885634,73,D_pmar=0.054_dist=100_repair_6_males=4_nmar=3,FG_theta_2.5,71,9,2.5,4,3
0,10,100,0,40.48518763584138,252.0853362806696,67.55755679652641,0,0,0,73,D_pmar=0.054_dist=100_repair_6_males=4_nmar=3,FG_theta_2.5,91,13,2.5,4,3
0.054,6,100,100,38.5964863700056,276.61423097896056,42.8615021162759,14,1.4,0.5501880575628061,73,D_pmar=0.054_dist=100_repair_6_males=4_nmar=3,FG_theta_2.5,59,8,2.5,4,3
0,10,0,0,38.99438183530339,296.4411231353229,24.60600748904005,0,0,0,740,D_pmar=0.054_dist=100_repair_6_males=4_nmar=3,FG_theta_2.5,93,14,2.5,4,3
0.054,10,0,100,38.028003265414384,296.37370783463797,24.214593271638048,9,0.8999999999999999,0.48808521699626384,740,D_pmar=0.054_dist=100_repair_6_males=4_nmar=3,FG_theta_2.5,62,14,2.5,4,3
0.054,9,100,0,37.6643852541871,262.0082519325012,59.47146397529627,6,0.6,0.4120370370370375,740,D_pmar=0.054_dist=100_repair_6_males=4_nmar=3,FG_theta_2.5,70,15,2.5,4,3
0.054,7,100,100,40.91284325877539,287.6893090866303,30.31790338697498,8,0.7999999999999999,0.5524347305916885,740,D_pmar=0.054_dist=100_repair_6_males=4_nmar=3,FG_theta_2.5,61,12,2.5,4,3
0.054,12,0,0,39.775004806671525,276.01400467589804,42.81196995581461,9,0.8999999999999999,0.5459438960844968,741,D_pmar=0.054_dist=100_repair_6_males=4_nmar=3,FG_theta_2.5,70,13,2.5,4,3
0.054,6,0,100,39.5463147102646,300.1628266732733,19.05106027776372,8,0.7999999999999999,0.5092592592592601,741,D_pmar=0.054_dist=100_repair_6_males=4_nmar=3,FG_theta_2.5,50,7,2.5,4,3
0.054,10,100,0,37.99877484003349,290.4855044112529,30.560412839788253,5,0.5,0.4587188014846544,741,D_pmar=0.054_dist=100_repair_6_males=4_nmar=3,FG_theta_2.5,76,11,2.5,4,3
0,7,100,100,39.27291723054643,284.1706111211863,36.58743388006225,0,0,0,741,D_pmar=0.054_dist=100_repair_6_males=4_nmar=3,FG_theta_2.5,90,10,2.5,4,3
0.054,11,0,0,39.73592240012098,258.02250988467574,61.21405487476044,6,0.6,0.5259730234040118,742,D_pmar=0.054_dist=100_repair_6_males=4_nmar=3,FG_theta_2.5,56,11,2.5,4,3
0.054,9,0,100,39.32374748359173,289.3355836524124,30.335982526158265,7,0.7,0.3472222222222224,742,D_pmar=0.054_dist=100_repair_6_males=4_nmar=3,FG_theta_2.5,55,12,2.5,4,3
0.054,11,100,0,39.56556945444439,294.60167907122513,24.150676389130755,13,1.3,0.4695666984777452,742,D_pmar=0.054_dist=100_repair_6_males=4_nmar=3,FG_theta_2.5,49,12,2.5,4,3
0,5,100,100,38.50201884874615,278.72586580128035,42.7726071584375,0,0,0,742,D_pmar=0.054_dist=100_repair_6_males=4_nmar=3,FG_theta_2.5,94,8,2.5,4,3
0.054,11,0,0,38.29843242353208,307.5000855036881,12.296050942722507,14,1.4,0.5493937386958903,743,D_pmar=0.054_dist=100_repair_6_males=4_nmar=3,FG_theta_2.5,60,12,2.5,4,3
0.054,7,0,100,39.61934607612143,276.1743038461625,43.19958835129826,7,0.7,0.4480071880634286,743,D_pmar=0.054_dist=100_repair_6_males=4_nmar=3,FG_theta_2.5,69,10,2.5,4,3
0.054,6,100,0,39.60427200319685,265.35719829630415,54.044524845685814,6,0.6,0.5270963599184528,743,D_pmar=0.054_dist=100_repair_6_males=4_nmar=3,FG_theta_2.5,59,9,2.5,4,3
0,12,100,100,37.678944220898195,267.6098538848891,54.773223889999734,0,0,0,743,D_pmar=0.054_dist=100_repair_6_males=4_nmar=3,FG_theta_2.5,92,13,2.5,4,3
0.054,5,0,0,39.36880366035265,288.74656681480764,30.26363881717532,13,1.3,0.4027777777777782,744,D_pmar=0.054_dist=100_repair_6_males=4_nmar=3,FG_theta_2.5,49,7,2.5,4,3
0,7,0,100,37.00742210221696,253.5075400297439,69.5583022914887,0,0,0,744,D_pmar=0.054_dist=100_repair_6_males=4_nmar=3,FG_theta_2.5,100,10,2.5,4,3
0.054,11,100,0,40.30591648088775,294.6105093241672,24.211634100747567,6,0.6,0.43874792880416935,744,D_pmar=0.054_dist=100_repair_6_males=4_nmar=3,FG_theta_2.5,59,12,2.5,4,3
0.054,13,100,100,39.837046151181674,288.28802024823176,30.716823581413756,7,0.7,0.5230683150800789,744,D_pmar=0.054_dist=100_repair_6_males=4_nmar=3,FG_theta_2.5,59,14,2.5,4,3
0.054,12,0,0,39.658845015476984,281.7727980712604,36.43571778477897,17,1.7000000000000004,0.6181003147772138,745,D_pmar=0.054_dist=100_repair_6_males=4_nmar=3,FG_theta_2.5,61,12,2.5,4,3
0.054,11,0,100,39.320086300004846,294.9225359807355,24.361918191955102,9,0.8999999999999999,0.5092592592592601,745,D_pmar=0.054_dist=100_repair_6_males=4_nmar=3,FG_theta_2.5,73,15,2.5,4,3
0,6,100,0,37.70766225258176,249.14304923966264,73.23514798089597,0,0,0,745,D_pmar=0.054_dist=100_repair_6_males=4_nmar=3,FG_theta_2.5,91,11,2.5,4,3
0.054,7,100,100,41.14884205275936,256.85492613703997,61.10215365746801,6,0.6,0.4052171848823206,745,D_pmar=0.054_dist=100_repair_6_males=4_nmar=3,FG_theta_2.5,70,8,2.5,4,3
0.054,14,0,0,40.5385505842082,280.90923429215064,36.63662105286972,13,1.3,0.6330560896767492,746,D_pmar=0.054_dist=100_repair_6_males=4_nmar=3,FG_theta_2.5,59,16,2.5,4,3
0.054,11,0,100,38.25272368322724,277.4403911668415,42.81239852360289,9,0.8999999999999999,0.6241822985688101,746,D_pmar=0.054_dist=100_repair_6_males=4_nmar=3,FG_theta_2.5,67,13,2.5,4,3
0.054,5,100,0,38.980551481140175,283.6062597595929,36.38773454756761,8,0.7999999999999999,0.4306120060593512,746,D_pmar=0.054_dist=100_repair_6_males=4_nmar=3,FG_theta_2.5,82,9,2.5,4,3
0,6,100,100,39.84008203855231,253.0704537421642,67.19176784734256,0,0,0,746,D_pmar=0.054_dist=100_repair_6_males=4_nmar=3,FG_theta_2.5,99,10,2.5,4,3
0.054,12,0,0,38.41393307600744,286.4812178507991,33.611138703851566,11,1.1,0.3981481481481486,747,D_pmar=0.054_dist=100_repair_6_males=4_nmar=3,FG_theta_2.5,61,13,2.5,4,3
0.054,10,0,100,40.12174870791937,281.79947845396424,36.69696542417376,9,0.8999999999999999,0.4826612684997183,747,D_pmar=0.054_dist=100_repair_6_males=4_nmar=3,FG_theta_2.5,64,11,2.5,4,3
0.054,6,100,0,39.93348050806441,270.42957843792544,48.62514287548321,6,0.6,0.4133531076271388,747,D_pmar=0.054_dist=100_repair_6_males=4_nmar=3,FG_theta_2.5,56,9,2.5,4,3
0,8,100,100,40.614925639163005,282.99764867473294,36.669636615059346,0,0,0,747,D_pmar=0.054_dist=100_repair_6_males=4_nmar=3,FG_theta_2.5,77,11,2.5,4,3
0.054,9,0,0,40.39304159848401,290.915297470178,27.091618912322605,12,1.2,0.4861111111111119,748,D_pmar=0.054_dist=100_repair_6_males=4_nmar=3,FG_theta_2.5,55,10,2.5,4,3
0.054,5,0,100,40.74931064958571,263.0625294209766,55.116007205349234,8,0.7999999999999999,0.5034264600471191,748,D_pmar=0.054_dist=100_repair_6_males=4_nmar=3,FG_theta_2.5,74,9,2.5,4,3
0.054,15,100,0,38.527575925776766,295.62824017898794,24.678008454333945,8,0.7999999999999999,0.5448205595700556,748,D_pmar=0.054_dist=100_repair_6_males=4_nmar=3,FG_theta_2.5,70,16,2.5,4,3
0,7,100,100,39.374696375691094,259.28980836063687,61.43838743338426,0,0,0,748,D_pmar=0.054_dist=100_repair_6_males=4_nmar=3,FG_theta_2.5,91,12,2.5,4,3
0.054,10,0,0,39.21606723454512,264.8778439305934,54.71324700123983,7,0.7,0.5254512716808263,749,D_pmar=0.054_dist=100_repair_6_males=4_nmar=3,FG_theta_2.5,82,14,2.5,4,3
0.054,8,0,100,38.82385756236343,295.6701065831358,24.573392610088113,6,0.6,0.4351851851851858,749,D_pmar=0.054_dist=100_repair_6_males=4_nmar=3,FG_theta_2.5,72,8,2.5,4,3
0.054,11,100,0,38.826924802419235,295.3541815282676,24.54840219960508,7,0.7,0.6407831617059718,749,D_pmar=0.054_dist=100_repair_6_males=4_nmar=3,FG_theta_2.5,59,12,2.5,4,3
0,7,100,100,38.731441869915265,303.22001079148436,18.155087975280356,0,0,0,749,D_pmar=0.054_dist=100_repair_6_males=4_nmar=3,FG_theta_2.5,89,8,2.5,4,3
0.054,7,0,0,38.01755885025299,296.9006273341596,24.47410912121937,4,0.4,0.41288780640774825,74,D_pmar=0.054_dist=100_repair_6_males=4_nmar=3,FG_theta_2.5,65,7,2.5,4,3
0.054,16,0,100,38.35251427636814,277.5478462031479,42.74526799958296,9,0.8999999999999999,0.5362991686739174,74,D_pmar=0.054_dist=100_repair_6_males=4_nmar=3,FG_theta_2.5,65,19,2.5,4,3
0.054,6,100,0,39.68681036697018,294.8557617044299,24.16565110496193,9,0.8999999999999999,0.5092592592592601,74,D_pmar=0.054_dist=100_repair_6_males=4_nmar=3,FG_theta_2.5,60,9,2.5,4,3
0,7,100,100,37.76824772729675,279.57599554236367,42.689809841827426,0,0,0,74,D_pmar=0.054_dist=100_repair_6_males=4_nmar=3,FG_theta_2.5,101,7,2.5,4,3
0.054,10,0,0,39.5831380566502,294.82333990885314,24.340357272669102,9,0.8999999999999999,0.5390675934259849,750,D_pmar=0.054_dist=100_repair_6_males=4_nmar=3,FG_theta_2.5,65,12,2.5,4,3
0.054,9,0,100,41.18783301651159,287.5110472733888,30.227574870699097,6,0.6,0.48148148148148223,750,D_pmar=0.054_dist=100_repair_6_males=4_nmar=3,FG_theta_2.5,46,11,2.5,4,3
0,14,100,0,39.85155409120627,280.7210140279763,39.44201313872222,0,0,0,750,D_pmar=0.054_dist=100_repair_6_males=4_nmar=3,FG_theta_2.5,93,18,2.5,4,3
0.054,3,100,100,38.066567820340225,293.7568814520552,27.40615470623818,6,0.6,0.4232704021814488,750,D_pmar=0.054_dist=100_repair_6_males=4_nmar=3,FG_theta_2.5,71,7,2.5,4,3
0.054,9,0,0,39.82663315307225,281.89771414514354,36.658191650397306,11,1.1,0.5317259895480825,751,D_pmar=0.054_dist=100_repair_6_males=4_nmar=3,FG_theta_2.5,65,9,2.5,4,3
0,12,0,100,40.57609749106067,252.28170413100577,67.23469129318335,0,0,0,751,D_pmar=0.054_dist=100_repair_6_males=4_nmar=3,FG_theta_2.5,95,14,2.5,4,3
0.054,10,100,0,40.59381744958937,293.1598457246971,24.326056656881352,15,1.5000000000000002,0.458333333333334,751,D_pmar=0.054_dist=100_repair_6_males=4_nmar=3,FG_theta_2.5,60,12,2.5,4,3
0.054,5,100,100,40.74376110294399,257.18403852748435,61.12336328112271,5,0.5,0.4515134811786172,751,D_pmar=0.054_dist=100_repair_6_males=4_nmar=3,FG_theta_2.5,57,11,2.5,4,3
0.054,12,0,0,41.040043582462175,274.85337869478894,42.60321268592238,11,1.1,0.434447316822065,752,D_pmar=0.054_dist=100_repair_6_males=4_nmar=3,FG_theta_2.5,60,15,2.5,4,3
0.054,8,0,100,39.00236925458971,264.7264411945414,55.32136226153177,7,0.7,0.4032995295009638,752,D_pmar=0.054_dist=100_repair_6_males=4_nmar=3,FG_theta_2.5,63,8,2.5,4,3
0.054,11,100,0,37.53168973955728,278.3702294914707,42.7489952533756,9,0.8999999999999999,0.4734020092404592,752,D_pmar=0.054_dist=100_repair_6_males=4_nmar=3,FG_theta_2.5,59,15,2.5,4,3
0,5,100,100,40.86703585030082,301.03767179860745,18.37598247093752,0,0,0,752,D_pmar=0.054_dist=100_repair_6_males=4_nmar=3,FG_theta_2.5,66,6,2.5,4,3
0.054,13,0,0,40.901596659329655,263.63418816099835,54.54040942903812,7,0.7,0.40105285647208144,753,D_pmar=0.054_dist=100_repair_6_males=4_nmar=3,FG_theta_2.5,77,17,2.5,4,3
0,7,0,100,38.18478440244517,272.7556841348814,49.135024968058886,0,0,0,753,D_pmar=0.054_dist=100_repair_6_males=4_nmar=3,FG_theta_2.5,81,13,2.5,4,3
0.054,8,100,0,38.7284833438712,283.1846658354064,36.531512678045736,11,1.1,0.53901114292219,753,D_pmar=0.054_dist=100_repair_6_males=4_nmar=3,FG_theta_2.5,57,11,2.5,4,3
0.054,8,100,100,36.970585701628224,278.56554275778404,42.918987802934346,12,1.2,0.4490740740740747,753,D_pmar=0.054_dist=100_repair_6_males=4_nmar=3,FG_theta_2.5,66,12,2.5,4,3
0,10,0,0,40.536097811592825,294.7295985462564,24.798785395518895,0,0,0,754,D_pmar=0.054_dist=100_repair_6_males=4_nmar=3,FG_theta_2.5,92,15,2.5,4,3
0.054,15,0,100,39.21351584367366,294.67114788527084,24.381257595288663,13,1.3,0.5236698998713346,754,D_pmar=0.054_dist=100_repair_6_males=4_nmar=3,FG_theta_2.5,62,17,2.5,4,3
0.054,7,100,0,40.0960879621202,270.2271887256352,48.75052500450756,5,0.5,0.4700319996971357,754,D_pmar=0.054_dist=100_repair_6_males=4_nmar=3,FG_theta_2.5,78,14,2.5,4,3
0.054,4,100,100,42.570690183316096,267.3212237702426,49.09882145905296,6,0.6,0.4842499062335499,754,D_pmar=0.054_dist=100_repair_6_males=4_nmar=3,FG_theta_2.5,57,5,2.5,4,3
0,8,0,0,40.62514837120257,270.2632632790684,49.16536093530553,0,0,0,755,D_pmar=0.054_dist=100_repair_6_males=4_nmar=3,FG_theta_2.5,91,12,2.5,4,3
0.054,8,0,100,38.1281904958307,271.6467074913083,49.28163095094852,4,0.4,0.5756393292436315,755,D_pmar=0.054_dist=100_repair_6_males=4_nmar=3,FG_theta_2.5,69,8,2.5,4,3
0.054,10,100,0,38.005099790939845,289.7879579564672,30.320855921978264,15,1.5000000000000002,0.5671179383474931,755,D_pmar=0.054_dist=100_repair_6_males=4_nmar=3,FG_theta_2.5,70,12,2.5,4,3
0.054,10,100,100,39.86469539392755,286.1750484540783,32.654345036769435,9,0.8999999999999999,0.4212962962962968,755,D_pmar=0.054_dist=100_repair_6_males=4_nmar=3,FG_theta_2.5,66,12,2.5,4,3
0,9,0,0,40.72829046617484,270.6847020958754,48.61788091315383,0,0,0,756,D_pmar=0.054_dist=100_repair_6_males=4_nmar=3,FG_theta_2.5,103,11,2.5,4,3
0.054,10,0,100,39.707205494438575,301.113636812147,18.297389502240357,6,0.6,0.5035627436189843,756,D_pmar=0.054_dist=100_repair_6_males=4_nmar=3,FG_theta_2.5,58,11,2.5,4,3
0.054,10,100,0,40.17594371762359,282.137432982797,36.72141598140506,5,0.5,0.4711553362115767,756,D_pmar=0.054_dist=100_repair_6_males=4_nmar=3,FG_theta_2.5,70,12,2.5,4,3
0.054,7,100,100,38.39041927446028,296.8088801134284,23.344103248342364,10,1,0.52399891751886,756,D_pmar=0.054_dist=100_repair_6_males=4_nmar=3,FG_theta_2.5,60,10,2.5,4,3
0.054,10,0,0,40.66326149452361,293.5889381905475,24.508481953996633,10,1,0.41666666666666713,757,D_pmar=0.054_dist=100_repair_6_males=4_nmar=3,FG_theta_2.5,63,12,2.5,4,3
0.054,6,0,100,39.464742239130274,281.1355149737683,38.08551969089406,9,0.8999999999999999,0.5366281863214424,757,D_pmar=0.054_dist=100_repair_6_males=4_nmar=3,FG_theta_2.5,63,8,2.5,4,3
0,7,100,0,36.81841829757238,275.0968644245289,48.29058861759564,0,0,0,757,D_pmar=0.054_dist=100_repair_6_males=4_nmar=3,FG_theta_2.5,87,9,2.5,4,3
0.054,13,100,100,38.35938688833782,278.2686861808153,42.40418307977924,7,0.7,0.4441718773007147,757,D_pmar=0.054_dist=100_repair_6_males=4_nmar=3,FG_theta_2.5,64,14,2.5,4,3
0.054,8,0,0,39.95685017584553,288.3585516927334,30.78515304685385,5,0.5,0.4490740740740747,758,D_pmar=0.054_dist=100_repair_6_males=4_nmar=3,FG_theta_2.5,64,10,2.5,4,3
0,12,0,100,39.34229638608096,278.12317060663213,42.64691137040622,0,0,0,758,D_pmar=0.054_dist=100_repair_6_males=4_nmar=3,FG_theta_2.5,102,16,2.5,4,3
0.054,11,100,0,39.34562345859092,289.539713964212,30.315158664188115,4,0.4,0.5682977253657292,758,D_pmar=0.054_dist=100_repair_6_males=4_nmar=3,FG_theta_2.5,62,14,2.5,4,3
0.054,5,100,100,40.40998765368342,305.81753801326727,12.317125045507556,10,1,0.5112333651444121,758,D_pmar=0.054_dist=100_repair_6_males=4_nmar=3,FG_theta_2.5,62,8,2.5,4,3
0.054,14,0,0,38.80074928181081,271.0794777159449,48.8109082873386,8,0.7999999999999999,0.6019083023556481,759,D_pmar=0.054_dist=100_repair_6_males=4_nmar=3,FG_theta_2.5,68,14,2.5,4,3
0.054,6,0,100,39.611825139242896,288.01016674496447,30.450982338453205,14,1.4,0.5386022922065944,759,D_pmar=0.054_dist=100_repair_6_males=4_nmar=3,FG_theta_2.5,66,8,2.5,4,3
0.054,6,100,0,38.62275527375981,253.21616252777525,66.67303385921223,12,1.2,0.45370370370370433,759,D_pmar=0.054_dist=100_repair_6_males=4_nmar=3,FG_theta_2.5,70,9,2.5,4,3
0,10,100,100,40.46855444574447,263.92817100125137,55.707262864145726,0,0,0,759,D_pmar=0.054_dist=100_repair_6_males=4_nmar=3,FG_theta_2.5,101,14,2.5,4,3
0,12,0,0,41.64311722084407,257.65433599164027,60.82078781919579,0,0,0,75,D_pmar=0.054_dist=100_repair_6_males=4_nmar=3,FG_theta_2.5,91,13,2.5,4,3
0.054,9,0,100,40.30929019938638,288.10618295723737,30.65478307779903,6,0.6,0.4398148148148154,75,D_pmar=0.054_dist=100_repair_6_males=4_nmar=3,FG_theta_2.5,67,11,2.5,4,3
0.054,10,100,0,38.20773350706928,290.1785655054215,30.316721641365213,9,0.8999999999999999,0.4425832395668832,75,D_pmar=0.054_dist=100_repair_6_males=4_nmar=3,FG_theta_2.5,63,11,2.5,4,3
0.054,5,100,100,38.51296118735143,282.8139680571227,37.10260973994709,11,1.1,0.5428464536849037,75,D_pmar=0.054_dist=100_repair_6_males=4_nmar=3,FG_theta_2.5,62,8,2.5,4,3
0.054,7,0,0,38.36652100395916,271.25371108710846,49.171126438922734,8,0.7999999999999999,0.4494595422253951,760,D_pmar=0.054_dist=100_repair_6_males=4_nmar=3,FG_theta_2.5,63,11,2.5,4,3
0.054,9,0,100,40.209156253335514,263.47416118119764,55.00323303092,10,1,0.5698863630995606,760,D_pmar=0.054_dist=100_repair_6_males=4_nmar=3,FG_theta_2.5,74,12,2.5,4,3
0,10,100,0,40.312321390083206,240.04021610168675,79.75974487914475,0,0,0,760,D_pmar=0.054_dist=100_repair_6_males=4_nmar=3,FG_theta_2.5,94,13,2.5,4,3
0.054,10,100,100,40.29374845391638,293.4017394762069,24.08942272587752,17,1.7000000000000004,0.5813358448839074,760,D_pmar=0.054_dist=100_repair_6_males=4_nmar=3,FG_theta_2.5,58,12,2.5,4,3
0,7,0,0,40.37609872658171,264.86823952177855,54.81118988735413,0,0,0,761,D_pmar=0.054_dist=100_repair_6_males=4_nmar=3,FG_theta_2.5,79,10,2.5,4,3
0.054,5,0,100,39.379021793672585,276.57385818058884,42.53937623047059,12,1.2,0.42485903991528035,761,D_pmar=0.054_dist=100_repair_6_males=4_nmar=3,FG_theta_2.5,59,5,2.5,4,3
0.054,12,100,0,39.082471153095945,276.1315828507393,43.213358935530174,11,1.1,0.5120841345151228,761,D_pmar=0.054_dist=100_repair_6_males=4_nmar=3,FG_theta_2.5,68,13,2.5,4,3
0.054,12,100,100,40.0141468714752,263.4946581087872,55.208463049631305,9,0.8999999999999999,0.44444444444444503,761,D_pmar=0.054_dist=100_repair_6_males=4_nmar=3,FG_theta_2.5,58,12,2.5,4,3
0,3,0,0,35.96757769891533,263.24588141797756,60.811927860665485,0,0,0,762,D_pmar=0.054_dist=100_repair_6_males=4_nmar=3,FG_theta_2.5,94,7,2.5,4,3
0.054,11,0,100,37.872227141173674,290.241376959603,30.5927102655085,9,0.8999999999999999,0.485373242747991,762,D_pmar=0.054_dist=100_repair_6_males=4_nmar=3,FG_theta_2.5,61,14,2.5,4,3
0.054,13,100,0,38.797277620419536,296.04676496310157,24.430448385372458,4,0.4,0.5038917612665098,762,D_pmar=0.054_dist=100_repair_6_males=4_nmar=3,FG_theta_2.5,65,15,2.5,4,3
0.054,9,100,100,40.01793944435267,292.12936791068796,26.222556713771436,11,1.1,0.5464091973038872,762,D_pmar=0.054_dist=100_repair_6_males=4_nmar=3,FG_theta_2.5,62,12,2.5,4,3
0,8,0,0,38.83232312536525,253.29845536054563,67.95690109196583,0,0,0,763,D_pmar=0.054_dist=100_repair_6_males=4_nmar=3,FG_theta_2.5,98,9,2.5,4,3
0.054,4,0,100,43.286704566221175,278.6490571801601,36.65760980627273,10,1,0.5439697901993448,763,D_pmar=0.054_dist=100_repair_6_males=4_nmar=3,FG_theta_2.5,63,8,2.5,4,3
0.054,10,100,0,39.17121183235921,282.73662638915255,36.528740257743735,11,1.1,0.5158629947740417,763,D_pmar=0.054_dist=100_repair_6_males=4_nmar=3,FG_theta_2.5,84,10,2.5,4,3
0.054,14,100,100,39.7197808873062,282.4022269893306,36.59270134328053,8,0.7999999999999999,0.5138888888888897,763,D_pmar=0.054_dist=100_repair_6_males=4_nmar=3,FG_theta_2.5,68,14,2.5,4,3
0.054,6,0,0,36.59033104680323,292.17704904241634,30.172440283642445,7,0.7,0.3611111111111113,764,D_pmar=0.054_dist=100_repair_6_males=4_nmar=3,FG_theta_2.5,68,9,2.5,4,3
0,5,0,100,40.091592207301865,259.1547770275605,60.89512058983703,0,0,0,764,D_pmar=0.054_dist=100_repair_6_males=4_nmar=3,FG_theta_2.5,84,9,2.5,4,3
0.054,15,100,0,38.80020124948088,277.19456820026727,42.37780274021913,10,1,0.6345648943425106,764,D_pmar=0.054_dist=100_repair_6_males=4_nmar=3,FG_theta_2.5,61,17,2.5,4,3
0.054,10,100,100,39.190513555653226,264.31285141142894,54.72624861601054,14,1.4,0.5270399094146578,764,D_pmar=0.054_dist=100_repair_6_males=4_nmar=3,FG_theta_2.5,72,14,2.5,4,3
0.054,10,0,0,37.464383941838314,278.4139861828438,42.68904977960949,10,1,0.49074074074074153,765,D_pmar=0.054_dist=100_repair_6_males=4_nmar=3,FG_theta_2.5,60,13,2.5,4,3
0,10,0,100,37.888121028814936,273.0925270691342,49.21648228257707,0,0,0,765,D_pmar=0.054_dist=100_repair_6_males=4_nmar=3,FG_theta_2.5,93,12,2.5,4,3
0.054,9,100,0,38.83485155330006,265.0879556796524,55.060516184403355,7,0.7,0.430612006059351,765,D_pmar=0.054_dist=100_repair_6_males=4_nmar=3,FG_theta_2.5,74,14,2.5,4,3
0.054,7,100,100,39.2215134001399,294.89871309075977,24.20672134425891,11,1.1,0.5895282181325205,765,D_pmar=0.054_dist=100_repair_6_males=4_nmar=3,FG_theta_2.5,60,9,2.5,4,3
0.054,7,0,0,38.817177576006685,264.712809423927,55.503406499229136,6,0.6,0.43411829917453976,766,D_pmar=0.054_dist=100_repair_6_males=4_nmar=3,FG_theta_2.5,75,10,2.5,4,3
0,15,0,100,38.75118330052406,284.4808618351352,36.84201056107218,0,0,0,766,D_pmar=0.054_dist=100_repair_6_males=4_nmar=3,FG_theta_2.5,85,16,2.5,4,3
0.054,7,100,0,39.32832690920433,276.45858905347524,42.5623002010087,12,1.2,0.5412578159510721,766,D_pmar=0.054_dist=100_repair_6_males=4_nmar=3,FG_theta_2.5,68,8,2.5,4,3
0.054,7,100,100,37.367931355442465,290.4168089212698,30.70434106899659,10,1,0.6241822985688102,766,D_pmar=0.054_dist=100_repair_6_males=4_nmar=3,FG_theta_2.5,62,15,2.5,4,3
0.054,10,0,0,38.53906844384694,265.34244828645615,55.07653245993199,8,0.7999999999999999,0.445295213815156,767,D_pmar=0.054_dist=100_repair_6_males=4_nmar=3,FG_theta_2.5,64,12,2.5,4,3
0.054,8,0,100,37.88024006281585,296.22293969237614,24.36574350148483,12,1.2,0.5046296296296304,767,D_pmar=0.054_dist=100_repair_6_males=4_nmar=3,FG_theta_2.5,60,11,2.5,4,3
0,8,100,0,39.53101819132501,265.6357847886066,54.84094432811773,0,0,0,767,D_pmar=0.054_dist=100_repair_6_males=4_nmar=3,FG_theta_2.5,86,10,2.5,4,3
0.054,10,100,100,40.56417142873116,269.3369422328096,48.74099036272327,10,1,0.426447677649112,767,D_pmar=0.054_dist=100_repair_6_males=4_nmar=3,FG_theta_2.5,67,12,2.5,4,3
0.054,11,0,0,40.71094461182445,280.9923064064363,36.599605539973574,13,1.3,0.5181096678029239,768,D_pmar=0.054_dist=100_repair_6_males=4_nmar=3,FG_theta_2.5,56,17,2.5,4,3
0,10,0,100,40.6298203537742,269.1502505482271,50.22394505372073,0,0,0,768,D_pmar=0.054_dist=100_repair_6_males=4_nmar=3,FG_theta_2.5,84,11,2.5,4,3
0.054,9,100,0,39.42122317468845,258.8928590841949,60.6043844158022,7,0.7,0.41666666666666713,768,D_pmar=0.054_dist=100_repair_6_males=4_nmar=3,FG_theta_2.5,71,14,2.5,4,3
0.054,6,100,100,38.21213699004065,270.82557437398157,49.13254200275613,13,1.3,0.5452858607894462,768,D_pmar=0.054_dist=100_repair_6_males=4_nmar=3,FG_theta_2.5,71,11,2.5,4,3
0.054,13,0,0,40.008769768929774,282.3030783961051,36.670155394152594,9,0.8999999999999999,0.4120370370370375,769,D_pmar=0.054_dist=100_repair_6_males=4_nmar=3,FG_theta_2.5,66,15,2.5,4,3
0.054,11,0,100,39.82173285613513,263.6893568773468,54.86446877785038,12,1.2,0.5675034064988133,769,D_pmar=0.054_dist=100_repair_6_males=4_nmar=3,FG_theta_2.5,64,15,2.5,4,3
0,7,100,0,39.194338875817465,235.6735314690276,85.19404051115059,0,0,0,769,D_pmar=0.054_dist=100_repair_6_males=4_nmar=3,FG_theta_2.5,105,10,2.5,4,3
0.054,5,100,100,37.76986733366741,289.8419454011758,30.627618744196827,13,1.3,0.6330560896767492,769,D_pmar=0.054_dist=100_repair_6_males=4_nmar=3,FG_theta_2.5,69,7,2.5,4,3
0.054,4,0,0,38.68589043683303,283.4896025778277,36.46714875276366,11,1.1,0.4098468145119504,76,D_pmar=0.054_dist=100_repair_6_males=4_nmar=3,FG_theta_2.5,61,8,2.5,4,3
0,13,0,100,40.41763814232721,252.312367105989,67.34226382459997,0,0,0,76,D_pmar=0.054_dist=100_repair_6_males=4_nmar=3,FG_theta_2.5,86,16,2.5,4,3
0.054,8,100,0,39.79220815926595,276.7569704601269,42.52879664387097,6,0.6,0.4831830202229039,76,D_pmar=0.054_dist=100_repair_6_males=4_nmar=3,FG_theta_2.5,63,9,2.5,4,3
0.054,11,100,100,38.06579500240069,289.5938573636615,30.692251835047415,12,1.2,0.5489284374764998,76,D_pmar=0.054_dist=100_repair_6_males=4_nmar=3,FG_theta_2.5,53,12,2.5,4,3
0.054,5,0,0,38.40233257512439,283.75281507557185,36.526882218468415,10,1,0.45370370370370433,770,D_pmar=0.054_dist=100_repair_6_males=4_nmar=3,FG_theta_2.5,61,6,2.5,4,3
0.054,14,0,100,39.71308888411817,258.1394197145562,60.906276853019875,9,0.8999999999999999,0.47069003499218626,770,D_pmar=0.054_dist=100_repair_6_males=4_nmar=3,FG_theta_2.5,82,18,2.5,4,3
0.054,9,100,0,39.28798316978994,276.1951895060894,42.691373120987485,13,1.3,0.5570643602213181,770,D_pmar=0.054_dist=100_repair_6_males=4_nmar=3,FG_theta_2.5,53,11,2.5,4,3
0,8,100,100,38.45796142856673,269.8411489526707,51.87331655729666,0,0,0,770,D_pmar=0.054_dist=100_repair_6_males=4_nmar=3,FG_theta_2.5,95,9,2.5,4,3
0.054,12,0,0,38.951384480609626,294.8890515296177,24.574586309710632,11,1.1,0.5698299125957658,771,D_pmar=0.054_dist=100_repair_6_males=4_nmar=3,FG_theta_2.5,66,14,2.5,4,3
0,6,0,100,41.32343191562085,263.651166204967,55.11300740613163,0,0,0,771,D_pmar=0.054_dist=100_repair_6_males=4_nmar=3,FG_theta_2.5,103,11,2.5,4,3
0.054,12,100,0,40.54393665659988,263.53440058076706,55.203266002857234,4,0.4,0.455348791941331,771,D_pmar=0.054_dist=100_repair_6_males=4_nmar=3,FG_theta_2.5,66,16,2.5,4,3
0.054,6,100,100,39.25481769764161,294.7390276009104,24.480179665802883,11,1.1,0.5278342282815737,771,D_pmar=0.054_dist=100_repair_6_males=4_nmar=3,FG_theta_2.5,64,11,2.5,4,3
0.054,11,0,0,36.72481862704536,309.25098215027026,12.072249557873944,15,1.5000000000000002,0.4768518518518526,772,D_pmar=0.054_dist=100_repair_6_males=4_nmar=3,FG_theta_2.5,57,16,2.5,4,3
0.054,6,0,100,39.51938339917612,271.31423161511907,48.452122302081435,4,0.4,0.4368302734228125,772,D_pmar=0.054_dist=100_repair_6_males=4_nmar=3,FG_theta_2.5,61,8,2.5,4,3
0.054,9,100,0,41.06285850911605,262.3837146734003,55.239339336101246,8,0.7999999999999999,0.5208216420511967,772,D_pmar=0.054_dist=100_repair_6_males=4_nmar=3,FG_theta_2.5,71,16,2.5,4,3
0,10,100,100,40.48076212805706,270.7107861958751,48.952198909935035,0,0,0,772,D_pmar=0.054_dist=100_repair_6_males=4_nmar=3,FG_theta_2.5,96,14,2.5,4,3
0.054,10,0,0,39.08843949420664,251.6196194896537,68.35776276772664,7,0.7,0.39436928788922976,773,D_pmar=0.054_dist=100_repair_6_males=4_nmar=3,FG_theta_2.5,73,13,2.5,4,3
0.054,12,0,100,38.82697900741643,282.5674773979451,36.96546899603223,14,1.4,0.46189607695231766,773,D_pmar=0.054_dist=100_repair_6_males=4_nmar=3,FG_theta_2.5,68,14,2.5,4,3
0,8,100,0,39.9561188922473,252.65270131008523,67.51302759783326,0,0,0,773,D_pmar=0.054_dist=100_repair_6_males=4_nmar=3,FG_theta_2.5,77,11,2.5,4,3
0.054,6,100,100,40.5277161985623,280.63853833122477,36.85446239615143,14,1.4,0.6457418089831268,773,D_pmar=0.054_dist=100_repair_6_males=4_nmar=3,FG_theta_2.5,53,8,2.5,4,3
0.054,10,0,0,40.540579685095615,275.68033331632677,42.91465550847589,6,0.6,0.4317353425737924,774,D_pmar=0.054_dist=100_repair_6_males=4_nmar=3,FG_theta_2.5,50,16,2.5,4,3
0.054,10,0,100,38.71379516690485,288.88593413485876,30.94224239916618,11,1.1,0.528163245929099,774,D_pmar=0.054_dist=100_repair_6_males=4_nmar=3,FG_theta_2.5,59,11,2.5,4,3
0.054,6,100,0,39.04680287892379,288.8325251917467,30.76127318731617,9,0.8999999999999999,0.4599784215709605,774,D_pmar=0.054_dist=100_repair_6_males=4_nmar=3,FG_theta_2.5,73,9,2.5,4,3
0,10,100,100,39.30756607842329,268.4316853251453,52.30594217101227,0,0,0,774,D_pmar=0.054_dist=100_repair_6_males=4_nmar=3,FG_theta_2.5,87,11,2.5,4,3
0.054,11,0,0,37.3093821201974,284.47251104462356,36.63163205001835,11,1.1,0.5390111429221899,775,D_pmar=0.054_dist=100_repair_6_males=4_nmar=3,FG_theta_2.5,64,12,2.5,4,3
0.054,9,0,100,37.84132089276931,296.50054733716865,24.279771920316087,10,1,0.4305555555555561,775,D_pmar=0.054_dist=100_repair_6_males=4_nmar=3,FG_theta_2.5,62,9,2.5,4,3
0,8,100,0,39.973136264308685,252.78181670011537,67.30146290101578,0,0,0,775,D_pmar=0.054_dist=100_repair_6_males=4_nmar=3,FG_theta_2.5,113,10,2.5,4,3
0.054,8,100,100,39.51612525979221,282.68058803621847,36.639127387014696,6,0.6,0.6157173581764667,775,D_pmar=0.054_dist=100_repair_6_males=4_nmar=3,FG_theta_2.5,62,9,2.5,4,3
0.054,6,0,0,39.00973830076637,277.4278140205499,42.26665460448923,10,1,0.4027777777777782,776,D_pmar=0.054_dist=100_repair_6_males=4_nmar=3,FG_theta_2.5,61,9,2.5,4,3
0,9,0,100,39.594671291679575,253.6482699181618,66.82071654224112,0,0,0,776,D_pmar=0.054_dist=100_repair_6_males=4_nmar=3,FG_theta_2.5,83,16,2.5,4,3
0.054,9,100,0,39.5027693957456,282.8788706000779,36.47830190717488,8,0.7999999999999999,0.502303123532678,776,D_pmar=0.054_dist=100_repair_6_males=4_nmar=3,FG_theta_2.5,72,14,2.5,4,3
0.054,12,100,100,38.355538542102934,295.81194785434934,24.367266626956557,10,1,0.5559974742106718,776,D_pmar=0.054_dist=100_repair_6_males=4_nmar=3,FG_theta_2.5,59,14,2.5,4,3
0.054,10,0,0,40.72959651834058,298.9344706824396,18.405467651125424,13,1.3,0.6364825497238674,777,D_pmar=0.054_dist=100_repair_6_males=4_nmar=3,FG_theta_2.5,68,12,2.5,4,3
0,8,0,100,38.003658262946374,266.9637037592452,55.1649413321811,0,0,0,777,D_pmar=0.054_dist=100_repair_6_males=4_nmar=3,FG_theta_2.5,72,17,2.5,4,3
0.054,10,100,0,40.137314583340526,294.30838226307117,24.60844740176984,6,0.6,0.5200273231842809,777,D_pmar=0.054_dist=100_repair_6_males=4_nmar=3,FG_theta_2.5,73,16,2.5,4,3
0.054,8,100,100,38.710706453635865,271.8139038726223,48.60376413970283,5,0.5,0.4437065760813243,777,D_pmar=0.054_dist=100_repair_6_males=4_nmar=3,FG_theta_2.5,73,14,2.5,4,3
0.054,9,0,0,39.790076070912505,276.82272802183024,42.86456049722698,3,0.30000000000000004,0.3935185185185189,778,D_pmar=0.054_dist=100_repair_6_males=4_nmar=3,FG_theta_2.5,65,10,2.5,4,3
0.054,1,0,100,38.735646163967346,295.0824428196987,24.634992054876673,11,1.1,0.5030974423995939,778,D_pmar=0.054_dist=100_repair_6_males=4_nmar=3,FG_theta_2.5,62,6,2.5,4,3
0,15,100,0,38.13868743506127,285.4497395085829,36.567124435021235,0,0,0,778,D_pmar=0.054_dist=100_repair_6_males=4_nmar=3,FG_theta_2.5,95,15,2.5,4,3
0.054,11,100,100,40.81397970398007,302.59436355701746,15.510936864091304,6,0.6,0.4965501573886073,778,D_pmar=0.054_dist=100_repair_6_males=4_nmar=3,FG_theta_2.5,52,13,2.5,4,3
0.054,8,0,0,37.97356791713329,283.48860153907475,36.68841652986123,13,1.3,0.567968707718204,779,D_pmar=0.054_dist=100_repair_6_males=4_nmar=3,FG_theta_2.5,54,12,2.5,4,3
0.054,6,0,100,39.13153782269343,258.17589893786027,61.253300193901985,10,1,0.46301941346675857,779,D_pmar=0.054_dist=100_repair_6_males=4_nmar=3,FG_theta_2.5,64,10,2.5,4,3
0,9,100,0,40.073824570152496,264.4575914410766,55.48164481885567,0,0,0,779,D_pmar=0.054_dist=100_repair_6_males=4_nmar=3,FG_theta_2.5,85,12,2.5,4,3
0.054,13,100,100,38.89414537153495,277.17633143831023,42.73131038274694,9,0.8999999999999999,0.40740740740740783,779,D_pmar=0.054_dist=100_repair_6_males=4_nmar=3,FG_theta_2.5,70,13,2.5,4,3
0.054,10,0,0,39.81442735855229,258.3824742350679,60.795673687115936,7,0.7,0.4675925925925933,77,D_pmar=0.054_dist=100_repair_6_males=4_nmar=3,FG_theta_2.5,60,11,2.5,4,3
0.054,9,0,100,39.46428792917442,270.11726673109797,48.76826440047208,11,1.1,0.5756393292436313,77,D_pmar=0.054_dist=100_repair_6_males=4_nmar=3,FG_theta_2.5,64,11,2.5,4,3
0,8,100,0,37.62749467389361,286.2144965895407,36.246375165497206,0,0,0,77,D_pmar=0.054_dist=100_repair_6_males=4_nmar=3,FG_theta_2.5,99,9,2.5,4,3
0.054,9,100,100,38.381853188805096,295.7500186779344,24.460672685672407,10,1,0.4826612684997184,77,D_pmar=0.054_dist=100_repair_6_males=4_nmar=3,FG_theta_2.5,66,11,2.5,4,3
0.054,8,0,0,40.24765997967316,294.4881997965156,24.2543978543671,6,0.6,0.5034264600471192,780,D_pmar=0.054_dist=100_repair_6_males=4_nmar=3,FG_theta_2.5,58,8,2.5,4,3
0.054,7,0,100,41.06288525827189,275.0554457712379,42.608393933890824,10,1,0.45370370370370433,780,D_pmar=0.054_dist=100_repair_6_males=4_nmar=3,FG_theta_2.5,53,9,2.5,4,3
0,8,100,0,38.84606319871808,278.73929981842457,42.46944816591543,0,0,0,780,D_pmar=0.054_dist=100_repair_6_males=4_nmar=3,FG_theta_2.5,93,9,2.5,4,3
0.054,13,100,100,38.868222269203535,287.9644349367386,31.93446534344676,8,0.7999999999999999,0.5120841345151228,780,D_pmar=0.054_dist=100_repair_6_males=4_nmar=3,FG_theta_2.5,74,14,2.5,4,3
0.054,9,0,0,38.806552500327264,270.4452179137153,49.03881870246525,12,1.2,0.5109607980006817,781,D_pmar=0.054_dist=100_repair_6_males=4_nmar=3,FG_theta_2.5,66,14,2.5,4,3
0,5,0,100,39.621400528479626,253.57944636586177,67.14277010773606,0,0,0,781,D_pmar=0.054_dist=100_repair_6_males=4_nmar=3,FG_theta_2.5,97,9,2.5,4,3
0.054,7,100,0,38.07726783731969,265.6990517609956,54.735236834254685,11,1.1,0.5794181895025504,781,D_pmar=0.054_dist=100_repair_6_males=4_nmar=3,FG_theta_2.5,56,10,2.5,4,3
0.054,15,100,100,38.1395814596437,302.2683271976608,18.3816660052322,8,0.7999999999999999,0.445295213815156,781,D_pmar=0.054_dist=100_repair_6_males=4_nmar=3,FG_theta_2.5,63,15,2.5,4,3
0.054,7,0,0,38.59001281629098,289.92725840329035,30.563383286640807,5,0.5,0.4259259259259264,782,D_pmar=0.054_dist=100_repair_6_males=4_nmar=3,FG_theta_2.5,54,9,2.5,4,3
0,8,0,100,39.432962128444856,271.61486444869854,49.09217102699769,0,0,0,782,D_pmar=0.054_dist=100_repair_6_males=4_nmar=3,FG_theta_2.5,92,12,2.5,4,3
0.054,9,100,0,36.971381302234825,290.96844276025143,30.705585786575913,9,0.8999999999999999,0.55243473059168835,782,D_pmar=0.054_dist=100_repair_6_males=4_nmar=3,FG_theta_2.5,52,11,2.5,4,3
0.054,12,100,100,41.6506193197009,286.2891379615026,30.74593702675041,9,0.8999999999999999,0.4488579574341395,782,D_pmar=0.054_dist=100_repair_6_males=4_nmar=3,FG_theta_2.5,73,14,2.5,4,3
0,12,0,0,40.69113985081009,282.90509662210997,36.41408521106714,0,0,0,783,D_pmar=0.054_dist=100_repair_6_males=4_nmar=3,FG_theta_2.5,89,16,2.5,4,3
0.054,4,0,100,38.27215807013951,265.7995532093875,54.91117994015741,6,0.6,0.4472128691965129,783,D_pmar=0.054_dist=100_repair_6_males=4_nmar=3,FG_theta_2.5,69,6,2.5,4,3
0.054,8,100,0,41.224801761445804,268.2627399399008,48.94818268335578,12,1.2,0.46732002544886303,783,D_pmar=0.054_dist=100_repair_6_males=4_nmar=3,FG_theta_2.5,82,14,2.5,4,3
0.054,11,100,100,39.196528875821855,295.4042028315058,24.14797137306325,9,0.8999999999999999,0.5509259259259269,783,D_pmar=0.054_dist=100_repair_6_males=4_nmar=3,FG_theta_2.5,55,14,2.5,4,3
0,9,0,0,36.79487143043105,268.3290362649419,54.88753311971237,0,0,0,784,D_pmar=0.054_dist=100_repair_6_males=4_nmar=3,FG_theta_2.5,89,12,2.5,4,3
0.054,7,0,100,38.61087329455523,249.81057526554784,70.14951486485583,11,1.1,0.4120934875408325,784,D_pmar=0.054_dist=100_repair_6_males=4_nmar=3,FG_theta_2.5,78,9,2.5,4,3
0.054,12,100,0,39.22657739531256,295.0537261928875,24.121303394978455,12,1.2,0.5933070783914394,784,D_pmar=0.054_dist=100_repair_6_males=4_nmar=3,FG_theta_2.5,52,12,2.5,4,3
0.054,8,100,100,37.800689994197874,271.4953914783552,49.25951865838177,10,1,0.4595131203515702,784,D_pmar=0.054_dist=100_repair_6_males=4_nmar=3,FG_theta_2.5,56,10,2.5,4,3
0.054,8,0,0,39.29596333704969,275.96934354037614,43.46796942311354,8,0.7999999999999999,0.5085213908961395,785,D_pmar=0.054_dist=100_repair_6_males=4_nmar=3,FG_theta_2.5,77,8,2.5,4,3
0,5,0,100,38.10718295832545,279.337947677227,42.60338937385042,0,0,0,785,D_pmar=0.054_dist=100_repair_6_males=4_nmar=3,FG_theta_2.5,93,8,2.5,4,3
0.054,13,100,0,37.70242426464072,290.5975451076508,30.48119038849176,7,0.7,0.5421085853217829,785,D_pmar=0.054_dist=100_repair_6_males=4_nmar=3,FG_theta_2.5,57,13,2.5,4,3
0.054,10,100,100,39.4565561638578,288.3859829881546,30.778822577273715,9,0.8999999999999999,0.5128220028782436,785,D_pmar=0.054_dist=100_repair_6_males=4_nmar=3,FG_theta_2.5,61,12,2.5,4,3
0.054,8,0,0,40.27614296875055,294.0655549271645,24.444906756703155,8,0.7999999999999999,0.4741963281073749,786,D_pmar=0.054_dist=100_repair_6_males=4_nmar=3,FG_theta_2.5,71,9,2.5,4,3
0.054,10,0,100,39.41948743934723,276.89007044125134,42.86528817026872,5,0.5,0.3425925925925927,786,D_pmar=0.054_dist=100_repair_6_males=4_nmar=3,FG_theta_2.5,68,14,2.5,4,3
0.054,8,100,0,40.10848828796037,293.6168590234111,24.460316556528102,12,1.2,0.6322617708098335,786,D_pmar=0.054_dist=100_repair_6_males=4_nmar=3,FG_theta_2.5,45,11,2.5,4,3
0,10,100,100,38.766786687301696,260.43393774602333,60.843031917351595,0,0,0,786,D_pmar=0.054_dist=100_repair_6_males=4_nmar=3,FG_theta_2.5,100,12,2.5,4,3
0,9,0,0,39.484136798243064,271.683271884745,48.95391763149622,0,0,0,787,D_pmar=0.054_dist=100_repair_6_males=4_nmar=3,FG_theta_2.5,100,16,2.5,4,3
0.054,13,0,100,39.54630170504751,276.3377936936416,42.749657273281215,10,1,0.3888888888888892,787,D_pmar=0.054_dist=100_repair_6_males=4_nmar=3,FG_theta_2.5,54,17,2.5,4,3
0.054,7,100,0,41.287607392027034,274.41208103658795,42.775424218320765,12,1.2,0.5532290494586042,787,D_pmar=0.054_dist=100_repair_6_males=4_nmar=3,FG_theta_2.5,59,10,2.5,4,3
0.054,7,100,100,41.579934900920975,262.22794658012873,54.83628695360075,9,0.8999999999999999,0.5255077221846213,787,D_pmar=0.054_dist=100_repair_6_males=4_nmar=3,FG_theta_2.5,63,13,2.5,4,3
0,10,0,0,39.34492551883495,272.95292473500155,47.94155342445977,0,0,0,788,D_pmar=0.054_dist=100_repair_6_males=4_nmar=3,FG_theta_2.5,90,11,2.5,4,3
0.054,12,0,100,40.36480686155246,286.53144698991423,31.069464792097182,16,1.6000000000000003,0.5632826275847794,788,D_pmar=0.054_dist=100_repair_6_males=4_nmar=3,FG_theta_2.5,51,13,2.5,4,3
0.054,8,100,0,40.95172753486208,258.24184997726866,60.15518823514567,4,0.4,0.3333333333333334,788,D_pmar=0.054_dist=100_repair_6_males=4_nmar=3,FG_theta_2.5,69,9,2.5,4,3
0.054,6,100,100,38.241741053906495,290.1420909043609,30.404534624342727,8,0.7999999999999999,0.5050150977809508,788,D_pmar=0.054_dist=100_repair_6_males=4_nmar=3,FG_theta_2.5,65,8,2.5,4,3
0.054,10,0,0,39.66495856432648,275.52601854568394,42.71849581043368,15,1.5000000000000002,0.6048130106795807,789,D_pmar=0.054_dist=100_repair_6_males=4_nmar=3,FG_theta_2.5,50,11,2.5,4,3
0.054,8,0,100,38.35093928529536,272.16867736215346,48.53664558606009,7,0.7,0.4488579574341395,789,D_pmar=0.054_dist=100_repair_6_males=4_nmar=3,FG_theta_2.5,72,13,2.5,4,3
0.054,7,100,0,37.56671305387966,272.4364445860113,48.843806061165346,7,0.7,0.4638137323336744,789,D_pmar=0.054_dist=100_repair_6_males=4_nmar=3,FG_theta_2.5,69,10,2.5,4,3
0,11,100,100,37.88741036230209,285.5059321370048,36.67709651017108,0,0,0,789,D_pmar=0.054_dist=100_repair_6_males=4_nmar=3,FG_theta_2.5,85,11,2.5,4,3
0,6,0,0,41.05244862995178,264.24267482864246,54.760761362873986,0,0,0,78,D_pmar=0.054_dist=100_repair_6_males=4_nmar=3,FG_theta_2.5,103,6,2.5,4,3
0.054,9,0,100,38.93491658897331,295.21117648896785,24.372921426923785,10,1,0.5324074074074083,78,D_pmar=0.054_dist=100_repair_6_males=4_nmar=3,FG_theta_2.5,57,12,2.5,4,3
0.054,11,100,0,40.53051649584632,287.44995297233334,30.666468722989663,9,0.8999999999999999,0.4788259577370044,78,D_pmar=0.054_dist=100_repair_6_males=4_nmar=3,FG_theta_2.5,57,12,2.5,4,3
0.054,10,100,100,40.25043143236149,276.10193702442734,42.68718970599956,7,0.7,0.4884142346437892,78,D_pmar=0.054_dist=100_repair_6_males=4_nmar=3,FG_theta_2.5,80,13,2.5,4,3
0.054,10,0,0,40.05462210345568,271.7875632652882,46.94003732301466,8,0.7999999999999999,0.5300809013104558,790,D_pmar=0.054_dist=100_repair_6_males=4_nmar=3,FG_theta_2.5,68,12,2.5,4,3
0.054,8,0,100,40.504480647772176,280.62300884019055,36.79463097722165,15,1.5000000000000002,0.5879395803986889,790,D_pmar=0.054_dist=100_repair_6_males=4_nmar=3,FG_theta_2.5,68,9,2.5,4,3
0,9,100,0,40.40393361275367,241.0133204004122,78.79398088349767,0,0,0,790,D_pmar=0.054_dist=100_repair_6_males=4_nmar=3,FG_theta_2.5,99,9,2.5,4,3
0.054,9,100,100,38.17501190084951,271.40691255291665,48.76118505454563,12,1.2,0.458333333333334,790,D_pmar=0.054_dist=100_repair_6_males=4_nmar=3,FG_theta_2.5,62,12,2.5,4,3
0.054,13,0,0,38.10940507526612,277.65816483706914,42.99566892664185,8,0.7999999999999999,0.5786238706356346,791,D_pmar=0.054_dist=100_repair_6_males=4_nmar=3,FG_theta_2.5,72,15,2.5,4,3
0.054,10,0,100,37.50216403153918,290.156738041786,30.98080743584496,9,0.8999999999999999,0.5128220028782435,791,D_pmar=0.054_dist=100_repair_6_males=4_nmar=3,FG_theta_2.5,69,11,2.5,4,3
0,7,100,0,38.30385483941916,266.8216726801147,55.02941905185957,0,0,0,791,D_pmar=0.054_dist=100_repair_6_males=4_nmar=3,FG_theta_2.5,120,11,2.5,4,3
0.054,6,100,100,40.54944844401658,299.92713476510585,18.28971349298515,7,0.7,0.5725418868440386,791,D_pmar=0.054_dist=100_repair_6_males=4_nmar=3,FG_theta_2.5,57,8,2.5,4,3
0.054,11,0,0,40.453454214172055,302.1089894795884,15.965304049516432,11,1.1,0.4730729915929339,792,D_pmar=0.054_dist=100_repair_6_males=4_nmar=3,FG_theta_2.5,49,12,2.5,4,3
0.054,9,0,100,39.07814019170604,259.052862570546,60.75237917122109,8,0.7999999999999999,0.4368302734228125,792,D_pmar=0.054_dist=100_repair_6_males=4_nmar=3,FG_theta_2.5,57,12,2.5,4,3
0.054,12,100,0,39.81527158668686,275.63760725355644,42.99954764728813,11,1.1,0.4987968304174896,792,D_pmar=0.054_dist=100_repair_6_males=4_nmar=3,FG_theta_2.5,67,14,2.5,4,3
0,4,100,100,39.937492193279766,259.0593424843543,61.18323189632099,0,0,0,792,D_pmar=0.054_dist=100_repair_6_males=4_nmar=3,FG_theta_2.5,94,6,2.5,4,3
0,12,0,0,39.093154065403354,266.2029368709941,54.808102358484064,0,0,0,793,D_pmar=0.054_dist=100_repair_6_males=4_nmar=3,FG_theta_2.5,88,13,2.5,4,3
0.054,6,0,100,39.02833873901681,252.66397461670584,67.35595523954481,7,0.7,0.41308054048340864,793,D_pmar=0.054_dist=100_repair_6_males=4_nmar=3,FG_theta_2.5,61,8,2.5,4,3
0.054,14,100,0,36.692370092883856,291.2188069277272,30.293020489398465,14,1.4,0.5516404117247725,793,D_pmar=0.054_dist=100_repair_6_males=4_nmar=3,FG_theta_2.5,45,14,2.5,4,3
0.054,4,100,100,37.882329640874026,290.1908666707112,30.63159962041596,10,1,0.37089212209355626,793,D_pmar=0.054_dist=100_repair_6_males=4_nmar=3,FG_theta_2.5,51,5,2.5,4,3
0,7,0,0,40.465824531628165,265.08821463450755,54.70215556597202,0,0,0,794,D_pmar=0.054_dist=100_repair_6_males=4_nmar=3,FG_theta_2.5,92,10,2.5,4,3
0.054,9,0,100,39.141016381708475,283.27171926761986,36.45624255773253,9,0.8999999999999999,0.4907971912445365,794,D_pmar=0.054_dist=100_repair_6_males=4_nmar=3,FG_theta_2.5,71,12,2.5,4,3
0.054,7,100,0,36.546952695493275,291.4153083215417,30.641334244686,10,1,0.5123567016588532,794,D_pmar=0.054_dist=100_repair_6_males=4_nmar=3,FG_theta_2.5,65,12,2.5,4,3
0.054,13,100,100,39.20931380436296,264.52446798283904,54.80352632759567,10,1,0.5597763344695907,794,D_pmar=0.054_dist=100_repair_6_males=4_nmar=3,FG_theta_2.5,69,13,2.5,4,3
0,7,0,0,39.226058291466735,259.4712447644394,61.36134008546112,0,0,0,795,D_pmar=0.054_dist=100_repair_6_males=4_nmar=3,FG_theta_2.5,93,8,2.5,4,3
0.054,7,0,100,39.65648168443153,282.1265390296386,36.451206975967835,13,1.3,0.4675925925925933,795,D_pmar=0.054_dist=100_repair_6_males=4_nmar=3,FG_theta_2.5,54,7,2.5,4,3
0.054,9,100,0,40.04237451728349,270.23336518178354,48.78117185801328,6,0.6,0.5077270720292236,795,D_pmar=0.054_dist=100_repair_6_males=4_nmar=3,FG_theta_2.5,64,12,2.5,4,3
0.054,13,100,100,40.528475711495084,263.12649086731193,54.47900530593662,14,1.4,0.4924422794821632,795,D_pmar=0.054_dist=100_repair_6_males=4_nmar=3,FG_theta_2.5,70,13,2.5,4,3
0.054,11,0,0,37.142909508011186,303.0481011652997,18.332596146024542,10,1,0.537037037037038,796,D_pmar=0.054_dist=100_repair_6_males=4_nmar=3,FG_theta_2.5,59,14,2.5,4,3
0,9,0,100,40.71739202429313,252.15396474979752,67.3121432317268,0,0,0,796,D_pmar=0.054_dist=100_repair_6_males=4_nmar=3,FG_theta_2.5,108,11,2.5,4,3
0.054,8,100,0,37.974826918356314,290.2796310382528,30.55914029151458,9,0.8999999999999999,0.5300809013104559,796,D_pmar=0.054_dist=100_repair_6_males=4_nmar=3,FG_theta_2.5,63,11,2.5,4,3
0.054,8,100,100,38.67365767527593,265.2670633248438,54.72558454739023,9,0.8999999999999999,0.5524911810954833,796,D_pmar=0.054_dist=100_repair_6_males=4_nmar=3,FG_theta_2.5,78,12,2.5,4,3
0.054,11,0,0,37.82099627952274,284.3434539353875,36.38894697685048,10,1,0.5109043474968867,797,D_pmar=0.054_dist=100_repair_6_males=4_nmar=3,FG_theta_2.5,72,12,2.5,4,3
0.054,8,0,100,39.94665903948678,288.6105896056489,30.359917705836754,6,0.6,0.5000564505037958,797,D_pmar=0.054_dist=100_repair_6_males=4_nmar=3,FG_theta_2.5,74,9,2.5,4,3
0,6,100,0,38.68068137094276,235.5260058074476,85.94485769590074,0,0,0,797,D_pmar=0.054_dist=100_repair_6_males=4_nmar=3,FG_theta_2.5,95,10,2.5,4,3
0.054,11,100,100,39.258386268685435,288.3807938964747,30.53906269782514,14,1.4,0.5366281863214424,797,D_pmar=0.054_dist=100_repair_6_males=4_nmar=3,FG_theta_2.5,56,13,2.5,4,3
0,5,0,0,40.59093687172008,295.1003407555786,24.308814938160943,0,0,0,798,D_pmar=0.054_dist=100_repair_6_males=4_nmar=3,FG_theta_2.5,94,7,2.5,4,3
0.054,10,0,100,39.856079326692786,300.6869546409806,18.364769711066003,7,0.7,0.5224102797850282,798,D_pmar=0.054_dist=100_repair_6_males=4_nmar=3,FG_theta_2.5,68,13,2.5,4,3
0.054,8,100,0,36.8487575429789,279.38554095570316,42.747166186989745,6,0.6,0.46301941346675873,798,D_pmar=0.054_dist=100_repair_6_males=4_nmar=3,FG_theta_2.5,64,9,2.5,4,3
0.054,13,100,100,38.645466907158024,277.3068332385258,42.836115271583544,8,0.7999999999999999,0.56903559372885,798,D_pmar=0.054_dist=100_repair_6_males=4_nmar=3,FG_theta_2.5,70,16,2.5,4,3
0.054,8,0,0,39.16204009688953,284.815239506743,34.57239440010357,10,1,0.485373242747991,799,D_pmar=0.054_dist=100_repair_6_males=4_nmar=3,FG_theta_2.5,65,9,2.5,4,3
0.054,6,0,100,40.62189741928519,293.77413208001167,24.655857864917213,6,0.6,0.5104390462774961,799,D_pmar=0.054_dist=100_repair_6_males=4_nmar=3,FG_theta_2.5,68,6,2.5,4,3
0.054,11,100,0,36.70718774359012,297.7675127105378,24.308089327708934,8,0.7999999999999999,0.567912257214409,799,D_pmar=0.054_dist=100_repair_6_males=4_nmar=3,FG_theta_2.5,64,16,2.5,4,3
0,11,100,100,38.848350702200946,260.38262945746584,60.87423902521037,0,0,0,799,D_pmar=0.054_dist=100_repair_6_males=4_nmar=3,FG_theta_2.5,101,12,2.5,4,3
0,13,0,0,40.10257297389338,234.58559226841493,85.46792983687251,0,0,0,79,D_pmar=0.054_dist=100_repair_6_males=4_nmar=3,FG_theta_2.5,94,17,2.5,4,3
0.054,7,0,100,41.19246438211515,299.0972508191645,18.134431915163727,10,1,0.5845131203515707,79,D_pmar=0.054_dist=100_repair_6_males=4_nmar=3,FG_theta_2.5,57,10,2.5,4,3
0.054,8,100,0,40.03703456480513,270.0392527345068,48.86011280284035,9,0.8999999999999999,0.44800718806342854,79,D_pmar=0.054_dist=100_repair_6_males=4_nmar=3,FG_theta_2.5,64,9,2.5,4,3
0.054,8,100,100,39.28911842400082,295.0313781374443,24.329830845137796,10,1,0.4695666984777453,79,D_pmar=0.054_dist=100_repair_6_males=4_nmar=3,FG_theta_2.5,73,11,2.5,4,3
0,7,0,0,37.78504111203919,273.53098318503646,48.792038160152224,0,0,0,800,D_pmar=0.054_dist=100_repair_6_males=4_nmar=3,FG_theta_2.5,93,10,2.5,4,3
0.054,8,0,100,38.95725320867617,276.7039355274496,42.98453940216616,9,0.8999999999999999,0.5011797870182368,800,D_pmar=0.054_dist=100_repair_6_males=4_nmar=3,FG_theta_2.5,70,11,2.5,4,3
0.054,7,100,0,38.90523003019542,276.7332487910039,42.72535872221929,10,1,0.6530834128610292,800,D_pmar=0.054_dist=100_repair_6_males=4_nmar=3,FG_theta_2.5,71,12,2.5,4,3
0.054,14,100,100,39.41285040837576,270.4290134579678,48.70964113058091,11,1.1,0.4821959672803279,800,D_pmar=0.054_dist=100_repair_6_males=4_nmar=3,FG_theta_2.5,59,17,2.5,4,3
0,6,0,0,38.22661145086036,242.33273914079052,79.46075601182214,0,0,0,801,D_pmar=0.054_dist=100_repair_6_males=4_nmar=3,FG_theta_2.5,81,11,2.5,4,3
0.054,12,0,100,37.59244643793972,278.4679547526688,42.82095851528124,7,0.7,0.5261093069758769,801,D_pmar=0.054_dist=100_repair_6_males=4_nmar=3,FG_theta_2.5,73,16,2.5,4,3
0.054,12,100,0,39.58117030643298,300.1401854655429,18.368390235035218,15,1.5000000000000002,0.6572477412712684,801,D_pmar=0.054_dist=100_repair_6_males=4_nmar=3,FG_theta_2.5,71,13,2.5,4,3
0.054,6,100,100,38.83212775613899,264.65674935673763,55.27274915446869,10,1,0.44800718806342865,801,D_pmar=0.054_dist=100_repair_6_males=4_nmar=3,FG_theta_2.5,64,6,2.5,4,3
0.054,14,0,0,41.196950291683315,293.3834226388017,24.393297512354263,6,0.6,0.4406655841855262,802,D_pmar=0.054_dist=100_repair_6_males=4_nmar=3,FG_theta_2.5,57,17,2.5,4,3
0.054,11,0,100,39.70625613877172,294.5221578862637,24.181022932547904,11,1.1,0.6290844953421703,802,D_pmar=0.054_dist=100_repair_6_males=4_nmar=3,FG_theta_2.5,52,12,2.5,4,3
0,3,100,0,39.33716880931392,241.6751201641727,79.13833285642701,0,0,0,802,D_pmar=0.054_dist=100_repair_6_males=4_nmar=3,FG_theta_2.5,103,7,2.5,4,3
0.054,8,100,100,38.06029613967785,271.83354087220283,48.66728408552419,12,1.2,0.3703703703703706,802,D_pmar=0.054_dist=100_repair_6_males=4_nmar=3,FG_theta_2.5,68,9,2.5,4,3
0,17,0,0,40.06011315950784,271.02396144008867,49.09767515244743,0,0,0,803,D_pmar=0.054_dist=100_repair_6_males=4_nmar=3,FG_theta_2.5,90,19,2.5,4,3
0.054,7,0,100,39.62493694345839,263.6066486844382,55.4405485413,9,0.8999999999999999,0.5175080830116682,803,D_pmar=0.054_dist=100_repair_6_males=4_nmar=3,FG_theta_2.5,65,9,2.5,4,3
0.054,6,100,0,38.01050443763308,290.1783892192491,30.32970936814109,11,1.1,0.5289575647960147,803,D_pmar=0.054_dist=100_repair_6_males=4_nmar=3,FG_theta_2.5,49,8,2.5,4,3
0.054,6,100,100,38.93519822278681,264.6416812996226,54.9727567147049,11,1.1,0.44291225721440847,803,D_pmar=0.054_dist=100_repair_6_males=4_nmar=3,FG_theta_2.5,68,8,2.5,4,3
0.054,14,0,0,38.86583548976271,295.1931743619752,24.473029733127618,9,0.8999999999999999,0.5687065760813246,804,D_pmar=0.054_dist=100_repair_6_males=4_nmar=3,FG_theta_2.5,61,15,2.5,4,3
0.054,7,0,100,39.71557897299955,274.9514686117448,44.12362975213473,8,0.7999999999999999,0.43028298841182583,804,D_pmar=0.054_dist=100_repair_6_males=4_nmar=3,FG_theta_2.5,60,8,2.5,4,3
0.054,8,100,0,39.536076069573106,288.5248278136027,30.76700567353607,8,0.7999999999999999,0.4626903958192333,804,D_pmar=0.054_dist=100_repair_6_males=4_nmar=3,FG_theta_2.5,57,11,2.5,4,3
0,7,100,100,39.23159849487995,271.84008718195764,49.087225549907885,0,0,0,804,D_pmar=0.054_dist=100_repair_6_males=4_nmar=3,FG_theta_2.5,105,11,2.5,4,3
0.054,6,0,0,38.49398763941019,276.9349265542993,42.67741661521106,14,1.4,0.5415868335985974,805,D_pmar=0.054_dist=100_repair_6_males=4_nmar=3,FG_theta_2.5,60,9,2.5,4,3
0.054,13,0,100,40.12398170212589,282.89712977951535,36.3698131314901,6,0.6,0.365740740740741,805,D_pmar=0.054_dist=100_repair_6_males=4_nmar=3,FG_theta_2.5,67,13,2.5,4,3
0,4,100,0,40.85177654170929,259.25664306385545,59.94788199858141,0,0,0,805,D_pmar=0.054_dist=100_repair_6_males=4_nmar=3,FG_theta_2.5,101,6,2.5,4,3
0.054,13,100,100,36.06601954041143,273.235746754138,49.09926881089014,11,1.1,0.5262455905477421,805,D_pmar=0.054_dist=100_repair_6_males=4_nmar=3,FG_theta_2.5,51,13,2.5,4,3
0.054,9,0,0,37.54074731556896,285.3018142580351,36.36447680724025,5,0.5,0.4360359545558966,806,D_pmar=0.054_dist=100_repair_6_males=4_nmar=3,FG_theta_2.5,57,13,2.5,4,3
0,2,0,100,41.20101689947794,267.415261593542,51.5346491764434,0,0,0,806,D_pmar=0.054_dist=100_repair_6_males=4_nmar=3,FG_theta_2.5,87,7,2.5,4,3
0.054,15,100,0,38.78681468047696,289.19756461569585,30.429837506687367,12,1.2,0.4564721284557721,806,D_pmar=0.054_dist=100_repair_6_males=4_nmar=3,FG_theta_2.5,62,16,2.5,4,3
0.054,10,100,100,38.762393421532146,301.80212894333437,18.428522029353957,6,0.6,0.45370370370370433,806,D_pmar=0.054_dist=100_repair_6_males=4_nmar=3,FG_theta_2.5,62,12,2.5,4,3
0.054,13,0,0,39.10995331472904,279.21981454002196,40.38466047792646,9,0.8999999999999999,0.4305555555555561,807,D_pmar=0.054_dist=100_repair_6_males=4_nmar=3,FG_theta_2.5,45,18,2.5,4,3
0.054,8,0,100,38.58063622353088,301.6632188587783,18.191959855314224,11,1.1,0.4695666984777452,807,D_pmar=0.054_dist=100_repair_6_males=4_nmar=3,FG_theta_2.5,62,9,2.5,4,3
0,7,100,0,40.66475344577412,285.26592105837517,34.278246233634384,0,0,0,807,D_pmar=0.054_dist=100_repair_6_males=4_nmar=3,FG_theta_2.5,77,8,2.5,4,3
0.054,8,100,100,39.520121588734014,264.61821717078016,55.02901171107588,5,0.5,0.41097015102639145,807,D_pmar=0.054_dist=100_repair_6_males=4_nmar=3,FG_theta_2.5,76,10,2.5,4,3
0,9,0,0,40.73935816245751,270.3464837344379,48.92367363472985,0,0,0,808,D_pmar=0.054_dist=100_repair_6_males=4_nmar=3,FG_theta_2.5,92,13,2.5,4,3
0.054,7,0,100,39.10127946070477,288.90137182672726,30.94676125305423,7,0.7,0.4202294102856507,808,D_pmar=0.054_dist=100_repair_6_males=4_nmar=3,FG_theta_2.5,70,9,2.5,4,3
0.054,8,100,0,39.23539236601227,294.9449366167687,24.332128243959605,10,1,0.6480683150800793,808,D_pmar=0.054_dist=100_repair_6_males=4_nmar=3,FG_theta_2.5,64,13,2.5,4,3
0.054,12,100,100,41.33153484436327,284.47483910629865,33.23522088211068,6,0.6,0.4027777777777782,808,D_pmar=0.054_dist=100_repair_6_males=4_nmar=3,FG_theta_2.5,64,13,2.5,4,3
0.054,11,0,0,39.35887098317575,289.09081927687464,30.475523640324734,6,0.6,0.5050150977809509,809,D_pmar=0.054_dist=100_repair_6_males=4_nmar=3,FG_theta_2.5,58,14,2.5,4,3
0,7,0,100,41.510987895464886,275.8376527771179,42.72965368277929,0,0,0,809,D_pmar=0.054_dist=100_repair_6_males=4_nmar=3,FG_theta_2.5,104,8,2.5,4,3
0.054,5,100,0,38.95807912429316,289.4427659386838,31.012185329822955,3,0.30000000000000004,0.5104954967812911,809,D_pmar=0.054_dist=100_repair_6_males=4_nmar=3,FG_theta_2.5,60,10,2.5,4,3
0.054,13,100,100,37.96311008663478,302.2501976170593,18.389828329996437,11,1.1,0.5313405213967621,809,D_pmar=0.054_dist=100_repair_6_males=4_nmar=3,FG_theta_2.5,62,14,2.5,4,3
0.054,8,0,0,37.61494846972609,296.389363866019,24.664725327571492,9,0.8999999999999999,0.5636116452323047,80,D_pmar=0.054_dist=100_repair_6_males=4_nmar=3,FG_theta_2.5,69,9,2.5,4,3
0.054,15,0,100,37.7472072471205,302.391599834713,18.589016156009993,8,0.7999999999999999,0.4953703703703712,80,D_pmar=0.054_dist=100_repair_6_males=4_nmar=3,FG_theta_2.5,56,15,2.5,4,3
0,4,100,0,39.91554013544004,252.8257296400133,67.40614816338193,0,0,0,80,D_pmar=0.054_dist=100_repair_6_males=4_nmar=3,FG_theta_2.5,100,7,2.5,4,3
0.054,9,100,100,38.54154543790817,265.3472840340994,54.71283205327401,10,1,0.3997932363857752,80,D_pmar=0.054_dist=100_repair_6_males=4_nmar=3,FG_theta_2.5,64,11,2.5,4,3
0.054,14,0,0,38.728622517766006,307.9613473875217,12.249532127076185,6,0.6,0.5374225051883584,810,D_pmar=0.054_dist=100_repair_6_males=4_nmar=3,FG_theta_2.5,68,16,2.5,4,3
0.054,7,0,100,39.015656764727815,301.6542539760772,18.15829872393906,10,1,0.5529000318110788,810,D_pmar=0.054_dist=100_repair_6_males=4_nmar=3,FG_theta_2.5,63,11,2.5,4,3
0.054,6,100,0,37.118144547198234,273.14506853477087,48.98543841747604,3,0.30000000000000004,0.5224667302888233,810,D_pmar=0.054_dist=100_repair_6_males=4_nmar=3,FG_theta_2.5,64,7,2.5,4,3
0,9,100,100,41.29871070009909,281.8174291314376,36.906383542539245,0,0,0,810,D_pmar=0.054_dist=100_repair_6_males=4_nmar=3,FG_theta_2.5,102,12,2.5,4,3
0.054,8,0,0,40.63522328290673,287.8870431588414,30.5389096069993,6,0.6,0.5286849976522845,811,D_pmar=0.054_dist=100_repair_6_males=4_nmar=3,FG_theta_2.5,74,11,2.5,4,3
0,13,0,100,39.50855961617206,271.77173057691505,48.7490994619279,0,0,0,811,D_pmar=0.054_dist=100_repair_6_males=4_nmar=3,FG_theta_2.5,111,13,2.5,4,3
0.054,8,100,0,38.30036342910743,284.034344459248,36.57368191144752,7,0.7,0.5077270720292235,811,D_pmar=0.054_dist=100_repair_6_males=4_nmar=3,FG_theta_2.5,72,9,2.5,4,3
0.054,7,100,100,37.50860385285421,302.652802238647,18.374897859487596,9,0.8999999999999999,0.680475722487487,811,D_pmar=0.054_dist=100_repair_6_males=4_nmar=3,FG_theta_2.5,60,8,2.5,4,3
0.054,10,0,0,38.45844908231019,289.67183050210514,30.448116866718387,10,1,0.4946325020072505,812,D_pmar=0.054_dist=100_repair_6_males=4_nmar=3,FG_theta_2.5,64,10,2.5,4,3
0,12,0,100,40.94781474208617,276.13852388313654,42.968234190798846,0,0,0,812,D_pmar=0.054_dist=100_repair_6_males=4_nmar=3,FG_theta_2.5,91,13,2.5,4,3
0.054,7,100,0,39.46694838390765,286.6992013390037,32.5399512675892,8,0.7999999999999999,0.605005744755241,812,D_pmar=0.054_dist=100_repair_6_males=4_nmar=3,FG_theta_2.5,64,10,2.5,4,3
0.054,7,100,100,41.17747800950618,275.2992405668599,42.54440529012893,7,0.7,0.44444444444444503,812,D_pmar=0.054_dist=100_repair_6_males=4_nmar=3,FG_theta_2.5,76,10,2.5,4,3
0.054,12,0,0,40.76956041255652,299.34206702054786,18.459724850386394,10,1,0.5529000318110788,813,D_pmar=0.054_dist=100_repair_6_males=4_nmar=3,FG_theta_2.5,52,15,2.5,4,3
0.054,8,0,100,39.61899017197261,258.7457238795557,60.6808775221155,6,0.6,0.438418911156644,813,D_pmar=0.054_dist=100_repair_6_males=4_nmar=3,FG_theta_2.5,66,10,2.5,4,3
0,9,100,0,40.710408315181915,288.75920108503766,30.574266229548368,0,0,0,813,D_pmar=0.054_dist=100_repair_6_males=4_nmar=3,FG_theta_2.5,95,11,2.5,4,3
0.054,7,100,100,40.01440898679737,300.9951678856769,18.232989233691935,5,0.5,0.4568011461032973,813,D_pmar=0.054_dist=100_repair_6_males=4_nmar=3,FG_theta_2.5,65,12,2.5,4,3
0.054,8,0,0,40.90343974844228,281.22790693911077,36.446714945256694,11,1.1,0.515068675907126,814,D_pmar=0.054_dist=100_repair_6_males=4_nmar=3,FG_theta_2.5,62,8,2.5,4,3
0.054,10,0,100,38.25657110232273,277.8178758278905,42.54958854678947,9,0.8999999999999999,0.5682412748619342,814,D_pmar=0.054_dist=100_repair_6_males=4_nmar=3,FG_theta_2.5,58,12,2.5,4,3
0.054,9,100,0,39.82449141087805,276.06523010013683,42.67405921847822,11,1.1,0.43603595455589655,814,D_pmar=0.054_dist=100_repair_6_males=4_nmar=3,FG_theta_2.5,66,12,2.5,4,3
0,9,100,100,39.17053228797355,253.55549102129456,67.28207516096161,0,0,0,814,D_pmar=0.054_dist=100_repair_6_males=4_nmar=3,FG_theta_2.5,102,11,2.5,4,3
0.054,10,0,0,39.47178320112779,276.1266491823694,42.88783993214744,13,1.3,0.4259259259259264,815,D_pmar=0.054_dist=100_repair_6_males=4_nmar=3,FG_theta_2.5,46,12,2.5,4,3
0.054,10,0,100,37.7744700410978,278.21017480148043,42.75311742238084,8,0.7999999999999999,0.4691013972583547,815,D_pmar=0.054_dist=100_repair_6_males=4_nmar=3,FG_theta_2.5,56,14,2.5,4,3
0.054,5,100,0,39.28788505267096,267.5766142658878,51.81592949347855,10,1,0.4595131203515702,815,D_pmar=0.054_dist=100_repair_6_males=4_nmar=3,FG_theta_2.5,61,10,2.5,4,3
0,11,100,100,38.81895889099603,274.67736943155063,46.52074208884591,0,0,0,815,D_pmar=0.054_dist=100_repair_6_males=4_nmar=3,FG_theta_2.5,101,14,2.5,4,3
0.054,9,0,0,36.59854991607363,298.04885378204614,24.344317006156427,6,0.6,0.5147396582596006,816,D_pmar=0.054_dist=100_repair_6_males=4_nmar=3,FG_theta_2.5,59,10,2.5,4,3
0.054,10,0,100,39.560301078012486,270.2922619291859,48.77106637686243,10,1,0.5513113940772472,816,D_pmar=0.054_dist=100_repair_6_males=4_nmar=3,FG_theta_2.5,74,11,2.5,4,3
0.054,10,100,0,37.68429809070724,289.93673034673037,30.56510149030957,14,1.4,0.5821301637508232,816,D_pmar=0.054_dist=100_repair_6_males=4_nmar=3,FG_theta_2.5,77,12,2.5,4,3
0,7,100,100,40.20286304816942,240.1559545975379,79.85840690700408,0,0,0,816,D_pmar=0.054_dist=100_repair_6_males=4_nmar=3,FG_theta_2.5,105,9,2.5,4,3
0,5,0,0,39.538858815510686,277.793471462874,42.71139373145608,0,0,0,817,D_pmar=0.054_dist=100_repair_6_males=4_nmar=3,FG_theta_2.5,88,6,2.5,4,3
0.054,8,0,100,38.20090792485434,295.5778422387208,24.195788828294074,16,1.6000000000000003,0.5478051009620586,817,D_pmar=0.054_dist=100_repair_6_males=4_nmar=3,FG_theta_2.5,53,15,2.5,4,3
0.054,13,100,0,40.317056266373974,275.9649099925883,42.696396172714266,6,0.6,0.43570693690837126,817,D_pmar=0.054_dist=100_repair_6_males=4_nmar=3,FG_theta_2.5,67,15,2.5,4,3
0.054,10,100,100,39.89202624224453,264.5560511003601,54.7792113738885,5,0.5,0.4199003926381254,817,D_pmar=0.054_dist=100_repair_6_males=4_nmar=3,FG_theta_2.5,62,16,2.5,4,3
0.054,10,0,0,40.530274131970366,275.680172301927,43.12092132598367,5,0.5,0.3472222222222224,818,D_pmar=0.054_dist=100_repair_6_males=4_nmar=3,FG_theta_2.5,82,13,2.5,4,3
0.054,9,0,100,42.16392492719803,297.5214297477497,18.4757365060336,12,1.2,0.7163095899420124,818,D_pmar=0.054_dist=100_repair_6_males=4_nmar=3,FG_theta_2.5,52,12,2.5,4,3
0,12,100,0,37.94624818186284,260.15569209733377,61.90887874705406,0,0,0,818,D_pmar=0.054_dist=100_repair_6_males=4_nmar=3,FG_theta_2.5,82,18,2.5,4,3
0.054,5,100,100,38.14151722729628,283.85028083401414,36.48645674116806,10,1,0.5327928755587285,818,D_pmar=0.054_dist=100_repair_6_males=4_nmar=3,FG_theta_2.5,82,9,2.5,4,3
0.054,15,0,0,38.5213487144057,296.0998670618786,24.139812560015493,8,0.7999999999999999,0.6036896741651399,819,D_pmar=0.054_dist=100_repair_6_males=4_nmar=3,FG_theta_2.5,71,17,2.5,4,3
0,4,0,100,38.011645715082565,273.0984126629432,48.924424842626834,0,0,0,819,D_pmar=0.054_dist=100_repair_6_males=4_nmar=3,FG_theta_2.5,95,8,2.5,4,3
0.054,7,100,0,40.77081447765213,268.9104956144074,48.932069008358134,9,0.8999999999999999,0.5779658353405839,819,D_pmar=0.054_dist=100_repair_6_males=4_nmar=3,FG_theta_2.5,66,7,2.5,4,3
0.054,10,100,100,37.68253329918785,284.6275205834966,36.47056164787943,9,0.8999999999999999,0.40740740740740783,819,D_pmar=0.054_dist=100_repair_6_males=4_nmar=3,FG_theta_2.5,81,12,2.5,4,3
0.054,8,0,0,38.42106982991918,302.53853526249037,18.252341852356516,6,0.6,0.4351851851851858,81,D_pmar=0.054_dist=100_repair_6_males=4_nmar=3,FG_theta_2.5,62,9,2.5,4,3
0.054,13,0,100,38.401255134708606,272.2236479780806,48.47410912179579,5,0.5,0.42485903991528035,81,D_pmar=0.054_dist=100_repair_6_males=4_nmar=3,FG_theta_2.5,73,17,2.5,4,3
0.054,6,100,0,37.10178087197671,309.13610956508205,12.165671357093364,10,1,0.6811902082863323,81,D_pmar=0.054_dist=100_repair_6_males=4_nmar=3,FG_theta_2.5,58,6,2.5,4,3
0,9,100,100,39.70166967988231,271.4091450623851,48.96510950658393,0,0,0,81,D_pmar=0.054_dist=100_repair_6_males=4_nmar=3,FG_theta_2.5,96,12,2.5,4,3
0.054,10,0,0,38.969126167196855,282.518809151497,36.532976771589546,15,1.5000000000000002,0.5444350914187354,820,D_pmar=0.054_dist=100_repair_6_males=4_nmar=3,FG_theta_2.5,63,15,2.5,4,3
0.054,14,0,100,38.62127739157128,271.77824780140037,48.60393910684875,6,0.6,0.4152707630084957,820,D_pmar=0.054_dist=100_repair_6_males=4_nmar=3,FG_theta_2.5,82,17,2.5,4,3
0.054,4,100,0,39.62658412401612,288.2102659397958,30.681796773528703,9,0.8999999999999999,0.6384002051052244,820,D_pmar=0.054_dist=100_repair_6_males=4_nmar=3,FG_theta_2.5,49,7,2.5,4,3
0,8,100,100,40.75999004646046,251.9112518136249,67.33364452193732,0,0,0,820,D_pmar=0.054_dist=100_repair_6_males=4_nmar=3,FG_theta_2.5,99,11,2.5,4,3
0.054,8,0,0,37.30639352577122,290.8922867383097,30.54887966348272,9,0.8999999999999999,0.5267108917671326,821,D_pmar=0.054_dist=100_repair_6_males=4_nmar=3,FG_theta_2.5,59,9,2.5,4,3
0,11,0,100,39.68245321825496,283.9443613077604,36.43182833473202,0,0,0,821,D_pmar=0.054_dist=100_repair_6_males=4_nmar=3,FG_theta_2.5,90,14,2.5,4,3
0.054,3,100,0,38.99012650441439,265.27465544664165,54.94755316640222,4,0.4,0.4259259259259264,821,D_pmar=0.054_dist=100_repair_6_males=4_nmar=3,FG_theta_2.5,69,6,2.5,4,3
0.054,14,100,100,38.76481642126001,276.87154629736625,42.600525461697494,14,1.4,0.5513113940772473,821,D_pmar=0.054_dist=100_repair_6_males=4_nmar=3,FG_theta_2.5,82,18,2.5,4,3
0.054,9,0,0,37.202706852006095,296.9846770420498,24.296324446190138,11,1.1,0.5733362057109543,822,D_pmar=0.054_dist=100_repair_6_males=4_nmar=3,FG_theta_2.5,57,13,2.5,4,3
0.054,15,0,100,42.26720739347994,273.85526904163754,42.814010565399464,7,0.7,0.3750000000000003,822,D_pmar=0.054_dist=100_repair_6_males=4_nmar=3,FG_theta_2.5,75,17,2.5,4,3
0,3,100,0,37.92089707790207,256.54288269662464,65.61852886059516,0,0,0,822,D_pmar=0.054_dist=100_repair_6_males=4_nmar=3,FG_theta_2.5,101,9,2.5,4,3
0.054,9,100,100,40.237186328221235,287.85942903061215,30.52220250602185,9,0.8999999999999999,0.5450931267137861,822,D_pmar=0.054_dist=100_repair_6_males=4_nmar=3,FG_theta_2.5,61,17,2.5,4,3
0.054,9,0,0,37.72546595664194,290.47057234350626,30.641988945469073,8,0.7999999999999999,0.5760481799592272,823,D_pmar=0.054_dist=100_repair_6_males=4_nmar=3,FG_theta_2.5,64,10,2.5,4,3
0,11,0,100,38.778245767897616,284.6467794483804,36.674895903610654,0,0,0,823,D_pmar=0.054_dist=100_repair_6_males=4_nmar=3,FG_theta_2.5,80,12,2.5,4,3
0.054,11,100,0,38.25232490327304,284.0013934411163,36.47834124657457,10,1,0.4872908981293479,823,D_pmar=0.054_dist=100_repair_6_males=4_nmar=3,FG_theta_2.5,81,11,2.5,4,3
0.054,5,100,100,40.40766642001845,282.24871173872947,36.50568939732656,5,0.5,0.4726076903735434,823,D_pmar=0.054_dist=100_repair_6_males=4_nmar=3,FG_theta_2.5,67,8,2.5,4,3
0.054,5,0,0,39.540560201713006,284.0617044179321,34.960187184865156,10,1,0.49271484662589343,824,D_pmar=0.054_dist=100_repair_6_males=4_nmar=3,FG_theta_2.5,68,5,2.5,4,3
0.054,11,0,100,39.98730187485532,263.2975390414131,55.05445721362637,12,1.2,0.4885505182156543,824,D_pmar=0.054_dist=100_repair_6_males=4_nmar=3,FG_theta_2.5,67,16,2.5,4,3
0,8,100,0,37.331745436725576,248.6547507292498,74.04564426512948,0,0,0,824,D_pmar=0.054_dist=100_repair_6_males=4_nmar=3,FG_theta_2.5,101,11,2.5,4,3
0.054,12,100,100,41.72357393251955,292.5989652045856,24.244657477211923,9,0.8999999999999999,0.5739942410060048,824,D_pmar=0.054_dist=100_repair_6_males=4_nmar=3,FG_theta_2.5,61,16,2.5,4,3
0.054,9,0,0,38.21251078424711,272.5187444265853,48.71457660583167,3,0.30000000000000004,0.4286943506779942,825,D_pmar=0.054_dist=100_repair_6_males=4_nmar=3,FG_theta_2.5,55,11,2.5,4,3
0,9,0,100,36.98886795820961,274.3360520606366,48.764763380320694,0,0,0,825,D_pmar=0.054_dist=100_repair_6_males=4_nmar=3,FG_theta_2.5,95,12,2.5,4,3
0.054,13,100,0,41.52878108746638,298.4304784535438,18.376355385386585,13,1.3,0.4842499062335501,825,D_pmar=0.054_dist=100_repair_6_males=4_nmar=3,FG_theta_2.5,49,15,2.5,4,3
0.054,5,100,100,41.07254182676197,288.2235513590657,29.698582898148914,8,0.7999999999999999,0.4027777777777782,825,D_pmar=0.054_dist=100_repair_6_males=4_nmar=3,FG_theta_2.5,62,9,2.5,4,3
0.054,6,0,0,39.36985818884835,270.17576987943073,48.78172345130445,12,1.2,0.5536943506779948,826,D_pmar=0.054_dist=100_repair_6_males=4_nmar=3,FG_theta_2.5,64,10,2.5,4,3
0.054,9,0,100,38.627076839095714,295.4267959741586,24.201832274737352,15,1.5000000000000002,0.4675925925925933,826,D_pmar=0.054_dist=100_repair_6_males=4_nmar=3,FG_theta_2.5,77,10,2.5,4,3
0,10,100,0,40.1071752071371,272.77055361125105,47.21718065513802,0,0,0,826,D_pmar=0.054_dist=100_repair_6_males=4_nmar=3,FG_theta_2.5,89,14,2.5,4,3
0.054,11,100,100,40.41926299752064,259.19953749473086,59.637625429648736,3,0.30000000000000004,0.48668931333809234,826,D_pmar=0.054_dist=100_repair_6_males=4_nmar=3,FG_theta_2.5,63,13,2.5,4,3
0,9,0,0,40.065267288650205,252.86732426995576,67.12994474758132,0,0,0,827,D_pmar=0.054_dist=100_repair_6_males=4_nmar=3,FG_theta_2.5,82,14,2.5,4,3
0.054,9,0,100,39.51279115659363,282.164887273085,36.702780905576454,11,1.1,0.5297518836629306,827,D_pmar=0.054_dist=100_repair_6_males=4_nmar=3,FG_theta_2.5,46,12,2.5,4,3
0.054,8,100,0,37.2173694004075,266.1043270880295,55.12795387113052,13,1.3,0.3703703703703706,827,D_pmar=0.054_dist=100_repair_6_males=4_nmar=3,FG_theta_2.5,64,11,2.5,4,3
0.054,10,100,100,40.04692953512293,263.74553996294634,54.94353572819674,11,1.1,0.4133531076271389,827,D_pmar=0.054_dist=100_repair_6_males=4_nmar=3,FG_theta_2.5,71,11,2.5,4,3
0.054,6,0,0,40.034592266573256,282.36455725676734,36.49170061004148,7,0.7,0.47915497538452984,828,D_pmar=0.054_dist=100_repair_6_males=4_nmar=3,FG_theta_2.5,68,9,2.5,4,3
0.054,14,0,100,36.827968181150226,296.60089719942675,24.443229640915053,16,1.6000000000000003,0.538216824055274,828,D_pmar=0.054_dist=100_repair_6_males=4_nmar=3,FG_theta_2.5,62,15,2.5,4,3
0,8,100,0,37.90313434444377,280.57023497762196,41.75720164258168,0,0,0,828,D_pmar=0.054_dist=100_repair_6_males=4_nmar=3,FG_theta_2.5,82,9,2.5,4,3
0.054,8,100,100,39.78884328767314,264.1262892812753,55.3679620756403,3,0.30000000000000004,0.48457892388107526,828,D_pmar=0.054_dist=100_repair_6_males=4_nmar=3,FG_theta_2.5,71,8,2.5,4,3
0.054,5,0,0,38.34544972227755,289.5936836539274,30.691719756113308,10,1,0.5185749690223145,829,D_pmar=0.054_dist=100_repair_6_males=4_nmar=3,FG_theta_2.5,61,5,2.5,4,3
0,6,0,100,38.24118863544702,258.7690427641654,63.18284115262359,0,0,0,829,D_pmar=0.054_dist=100_repair_6_males=4_nmar=3,FG_theta_2.5,83,11,2.5,4,3
0.054,14,100,0,39.5021259486611,270.2633727266425,49.22725790579008,7,0.7,0.5019741058851527,829,D_pmar=0.054_dist=100_repair_6_males=4_nmar=3,FG_theta_2.5,77,18,2.5,4,3
0.054,11,100,100,38.4620834675464,283.1803358346562,36.64165091781744,13,1.3,0.4212962962962968,829,D_pmar=0.054_dist=100_repair_6_males=4_nmar=3,FG_theta_2.5,66,13,2.5,4,3
0.054,7,0,0,37.621146478586766,278.09307028188573,42.668893740020216,11,1.1,0.5431754713324292,82,D_pmar=0.054_dist=100_repair_6_males=4_nmar=3,FG_theta_2.5,62,9,2.5,4,3
0.054,10,0,100,40.05133783810658,287.1619017322814,31.59099028891084,7,0.7,0.5050150977809508,82,D_pmar=0.054_dist=100_repair_6_males=4_nmar=3,FG_theta_2.5,68,15,2.5,4,3
0,8,100,0,41.717381026573115,275.71365482410494,42.76460197624195,0,0,0,82,D_pmar=0.054_dist=100_repair_6_males=4_nmar=3,FG_theta_2.5,85,16,2.5,4,3
0.054,11,100,100,40.44295304091395,275.5416869129492,42.87566578402837,9,0.8999999999999999,0.5366846368252374,82,D_pmar=0.054_dist=100_repair_6_males=4_nmar=3,FG_theta_2.5,71,12,2.5,4,3
0.054,12,0,0,36.78100562474578,273.5949773702,48.610899968102665,7,0.7,0.4120370370370375,830,D_pmar=0.054_dist=100_repair_6_males=4_nmar=3,FG_theta_2.5,68,15,2.5,4,3
0,3,0,100,40.54867401042074,240.44326961270383,79.23290635475605,0,0,0,830,D_pmar=0.054_dist=100_repair_6_males=4_nmar=3,FG_theta_2.5,100,7,2.5,4,3
0.054,8,100,0,39.00162011507737,289.11221241782323,30.739961492220345,8,0.7999999999999999,0.5278342282815738,830,D_pmar=0.054_dist=100_repair_6_males=4_nmar=3,FG_theta_2.5,57,9,2.5,4,3
0.054,13,100,100,39.37147757150311,306.7111549360707,12.073917422180603,14,1.4,0.4976734939030485,830,D_pmar=0.054_dist=100_repair_6_males=4_nmar=3,FG_theta_2.5,59,15,2.5,4,3
0.054,10,0,0,37.61839700976972,284.5040686584768,36.3394683802244,10,1,0.5535580671061294,831,D_pmar=0.054_dist=100_repair_6_males=4_nmar=3,FG_theta_2.5,58,13,2.5,4,3
0.054,11,0,100,38.28036356223139,283.436601507745,36.560629403334026,13,1.3,0.4861111111111119,831,D_pmar=0.054_dist=100_repair_6_males=4_nmar=3,FG_theta_2.5,51,15,2.5,4,3
0.054,6,100,0,37.902512589869986,266.0186744767278,54.774893890132866,9,0.8999999999999999,0.47419632810737494,831,D_pmar=0.054_dist=100_repair_6_males=4_nmar=3,FG_theta_2.5,88,11,2.5,4,3
0,9,100,100,39.73382130624067,252.95782139337723,67.53129536773004,0,0,0,831,D_pmar=0.054_dist=100_repair_6_males=4_nmar=3,FG_theta_2.5,101,15,2.5,4,3
0.054,15,0,0,38.054820880009814,269.3894279834798,50.954550165371174,12,1.2,0.4675925925925933,832,D_pmar=0.054_dist=100_repair_6_males=4_nmar=3,FG_theta_2.5,79,18,2.5,4,3
0,6,0,100,37.98913717249184,254.7378145086842,67.3627204231874,0,0,0,832,D_pmar=0.054_dist=100_repair_6_males=4_nmar=3,FG_theta_2.5,96,9,2.5,4,3
0.054,7,100,0,37.580742088902895,261.423466288671,59.756808330581514,8,0.7999999999999999,0.4537601542074995,832,D_pmar=0.054_dist=100_repair_6_males=4_nmar=3,FG_theta_2.5,80,9,2.5,4,3
0.054,8,100,100,41.21245243989877,274.0625197781867,42.53256094350003,17,1.7000000000000004,0.6450273231842814,832,D_pmar=0.054_dist=100_repair_6_males=4_nmar=3,FG_theta_2.5,56,14,2.5,4,3
0.054,11,0,0,42.277103440161845,287.71917899374483,28.349046579900325,12,1.2,0.4629629629629636,833,D_pmar=0.054_dist=100_repair_6_males=4_nmar=3,FG_theta_2.5,64,13,2.5,4,3
0.054,4,0,100,41.913624703521386,276.52212603810614,40.581263676748435,5,0.5,0.48504422510046585,833,D_pmar=0.054_dist=100_repair_6_males=4_nmar=3,FG_theta_2.5,64,8,2.5,4,3
0,9,100,0,38.866849433397505,282.00677953451,39.219203441974365,0,0,0,833,D_pmar=0.054_dist=100_repair_6_males=4_nmar=3,FG_theta_2.5,106,13,2.5,4,3
0.054,11,100,100,39.82643295239546,282.6743553054275,36.27944612237788,8,0.7999999999999999,0.6102934096799213,833,D_pmar=0.054_dist=100_repair_6_males=4_nmar=3,FG_theta_2.5,62,12,2.5,4,3
0.054,5,0,0,39.84695712234315,276.1063663636122,42.86918483367173,8,0.7999999999999999,0.458333333333334,834,D_pmar=0.054_dist=100_repair_6_males=4_nmar=3,FG_theta_2.5,74,12,2.5,4,3
0.054,11,0,100,38.80557733898665,271.0888894041084,48.83110280660345,8,0.7999999999999999,0.5254512716808264,834,D_pmar=0.054_dist=100_repair_6_males=4_nmar=3,FG_theta_2.5,61,15,2.5,4,3
0.054,11,100,0,38.70529549048555,282.653893796345,36.59106643014295,14,1.4,0.697791071423494,834,D_pmar=0.054_dist=100_repair_6_males=4_nmar=3,FG_theta_2.5,65,15,2.5,4,3
0,9,100,100,37.268706605738465,269.03566004750144,53.76296387846489,0,0,0,834,D_pmar=0.054_dist=100_repair_6_males=4_nmar=3,FG_theta_2.5,116,11,2.5,4,3
0.054,6,0,0,38.770484651074234,259.2017628218098,60.92450606493884,8,0.7999999999999999,0.46685472422947255,835,D_pmar=0.054_dist=100_repair_6_males=4_nmar=3,FG_theta_2.5,73,10,2.5,4,3
0.054,6,0,100,40.77335273209861,275.7419709085845,42.36910157783534,7,0.7,0.5739942410060052,835,D_pmar=0.054_dist=100_repair_6_males=4_nmar=3,FG_theta_2.5,55,7,2.5,4,3
0,12,100,0,40.56001074080789,307.3048147024197,12.217776919496805,0,0,0,835,D_pmar=0.054_dist=100_repair_6_males=4_nmar=3,FG_theta_2.5,91,15,2.5,4,3
0.054,12,100,100,38.639499625433686,295.6751417202792,24.49450086721399,8,0.7999999999999999,0.4607727404378764,835,D_pmar=0.054_dist=100_repair_6_males=4_nmar=3,FG_theta_2.5,66,14,2.5,4,3
0.054,9,0,0,38.52937878863944,280.7833631195911,39.13366139601186,11,1.1,0.4896738547300955,836,D_pmar=0.054_dist=100_repair_6_males=4_nmar=3,FG_theta_2.5,56,13,2.5,4,3
0.054,13,0,100,37.48551388503259,302.74879802143954,18.20275427191608,10,1,0.5663800699843723,836,D_pmar=0.054_dist=100_repair_6_males=4_nmar=3,FG_theta_2.5,62,17,2.5,4,3
0.054,12,100,0,40.17578049995318,276.06827873559104,42.77077456771737,6,0.6,0.3981481481481486,836,D_pmar=0.054_dist=100_repair_6_males=4_nmar=3,FG_theta_2.5,70,12,2.5,4,3
0,2,100,100,38.729361861556605,260.4420033266466,60.99799374601855,0,0,0,836,D_pmar=0.054_dist=100_repair_6_males=4_nmar=3,FG_theta_2.5,88,8,2.5,4,3
0.054,9,0,0,39.231733584446815,267.03166959012646,52.45255694414283,8,0.7999999999999999,0.5510388269335169,837,D_pmar=0.054_dist=100_repair_6_males=4_nmar=3,FG_theta_2.5,65,10,2.5,4,3
0,5,0,100,38.94069342451167,262.64389063721154,58.60354278712409,0,0,0,837,D_pmar=0.054_dist=100_repair_6_males=4_nmar=3,FG_theta_2.5,85,10,2.5,4,3
0.054,13,100,0,38.39907366422182,307.3114631216968,12.498431146577731,13,1.3,0.5080560896767488,837,D_pmar=0.054_dist=100_repair_6_males=4_nmar=3,FG_theta_2.5,65,13,2.5,4,3
0.054,9,100,100,41.9861068926844,280.5176176131024,36.56631647027187,6,0.6,0.4212962962962968,837,D_pmar=0.054_dist=100_repair_6_males=4_nmar=3,FG_theta_2.5,65,12,2.5,4,3
0,8,0,0,40.313052537914366,253.00557796139535,66.73270865680995,0,0,0,838,D_pmar=0.054_dist=100_repair_6_males=4_nmar=3,FG_theta_2.5,112,10,2.5,4,3
0.054,11,0,100,41.33378945082041,298.67718371064785,18.127542984190743,14,1.4,0.4638137323336745,838,D_pmar=0.054_dist=100_repair_6_males=4_nmar=3,FG_theta_2.5,60,13,2.5,4,3
0.054,10,100,0,39.0765474983345,265.13092132027714,54.601725378964936,8,0.7999999999999999,0.5548176871924357,838,D_pmar=0.054_dist=100_repair_6_males=4_nmar=3,FG_theta_2.5,63,11,2.5,4,3
0.054,7,100,100,41.214967300522346,274.70234035424187,42.78995426364764,8,0.7999999999999999,0.530080901310456,838,D_pmar=0.054_dist=100_repair_6_males=4_nmar=3,FG_theta_2.5,61,10,2.5,4,3
0.054,11,0,0,39.32212474806093,295.4598557790537,24.27323393586341,6,0.6,0.5586529979551497,839,D_pmar=0.054_dist=100_repair_6_males=4_nmar=3,FG_theta_2.5,55,13,2.5,4,3
0.054,12,0,100,40.72156732399236,298.9625145367049,18.493922438769268,14,1.4,0.5374225051883583,839,D_pmar=0.054_dist=100_repair_6_males=4_nmar=3,FG_theta_2.5,62,15,2.5,4,3
0,7,100,0,40.93822790265006,264.38567490803337,54.7218815227819,0,0,0,839,D_pmar=0.054_dist=100_repair_6_males=4_nmar=3,FG_theta_2.5,94,9,2.5,4,3
0.054,6,100,100,40.35467264893649,254.57159224293736,63.995483502178296,7,0.7,0.3888888888888892,839,D_pmar=0.054_dist=100_repair_6_males=4_nmar=3,FG_theta_2.5,82,9,2.5,4,3
0.054,7,0,0,40.47498978425767,281.807236822581,36.739881040078515,7,0.7,0.4120370370370375,83,D_pmar=0.054_dist=100_repair_6_males=4_nmar=3,FG_theta_2.5,68,10,2.5,4,3
0,10,0,100,39.503250461261494,271.8703205555136,48.63800952423795,0,0,0,83,D_pmar=0.054_dist=100_repair_6_males=4_nmar=3,FG_theta_2.5,103,11,2.5,4,3
0.054,7,100,0,39.4411141605889,282.44880067754906,36.60861130375785,12,1.2,0.5259165729002168,83,D_pmar=0.054_dist=100_repair_6_males=4_nmar=3,FG_theta_2.5,57,9,2.5,4,3
0.054,12,100,100,37.716961836379014,285.0504781509937,36.24155933969587,7,0.7,0.5971988396579482,83,D_pmar=0.054_dist=100_repair_6_males=4_nmar=3,FG_theta_2.5,63,13,2.5,4,3
0.054,11,0,0,37.92120903898355,296.74302726584625,24.21739169375233,8,0.7999999999999999,0.5212869432705872,840,D_pmar=0.054_dist=100_repair_6_males=4_nmar=3,FG_theta_2.5,74,17,2.5,4,3
0,8,0,100,39.68744402331255,277.8535572543265,42.51259530076645,0,0,0,840,D_pmar=0.054_dist=100_repair_6_males=4_nmar=3,FG_theta_2.5,95,11,2.5,4,3
0.054,8,100,0,37.48245213876653,303.01752328130766,18.408515781831404,7,0.7,0.5744595422253955,840,D_pmar=0.054_dist=100_repair_6_males=4_nmar=3,FG_theta_2.5,65,9,2.5,4,3
0.054,9,100,100,42.722055979723834,284.93154272628936,31.575637766015237,5,0.5,0.4745253457549003,840,D_pmar=0.054_dist=100_repair_6_males=4_nmar=3,FG_theta_2.5,65,11,2.5,4,3
0.054,12,0,0,37.0693359997439,296.5098829773672,24.329819511932655,15,1.5000000000000002,0.6303441154284765,841,D_pmar=0.054_dist=100_repair_6_males=4_nmar=3,FG_theta_2.5,68,12,2.5,4,3
0,9,0,100,38.44559864485435,248.4744770603216,73.23221082589372,0,0,0,841,D_pmar=0.054_dist=100_repair_6_males=4_nmar=3,FG_theta_2.5,129,11,2.5,4,3
0.054,7,100,0,38.82967878380352,264.07778012089136,55.25477265727104,13,1.3,0.5597763344695907,841,D_pmar=0.054_dist=100_repair_6_males=4_nmar=3,FG_theta_2.5,69,9,2.5,4,3
0.054,8,100,100,39.66690395499501,258.2240727156681,60.93931422795912,7,0.7,0.6107022603955168,841,D_pmar=0.054_dist=100_repair_6_males=4_nmar=3,FG_theta_2.5,77,14,2.5,4,3
0.054,11,0,0,39.38472344519707,294.77744180934576,24.538544175953,10,1,0.5259165729002168,842,D_pmar=0.054_dist=100_repair_6_males=4_nmar=3,FG_theta_2.5,58,14,2.5,4,3
0.054,9,0,100,38.77790281342953,282.92866919633053,36.33065924993318,14,1.4,0.6542067493754703,842,D_pmar=0.054_dist=100_repair_6_males=4_nmar=3,FG_theta_2.5,53,13,2.5,4,3
0.054,9,100,0,39.81578873257722,252.0614306713788,67.43696904766689,5,0.5,0.37201545860799745,842,D_pmar=0.054_dist=100_repair_6_males=4_nmar=3,FG_theta_2.5,83,11,2.5,4,3
0,7,100,100,41.368921513270955,270.0897054286146,48.71288647926779,0,0,0,842,D_pmar=0.054_dist=100_repair_6_males=4_nmar=3,FG_theta_2.5,87,11,2.5,4,3
0.054,13,0,0,39.09127359988662,264.849904604803,55.13507353893435,6,0.6,0.41242250518835794,843,D_pmar=0.054_dist=100_repair_6_males=4_nmar=3,FG_theta_2.5,56,16,2.5,4,3
0,3,0,100,41.97341658230746,268.980925321089,49.14980731596342,0,0,0,843,D_pmar=0.054_dist=100_repair_6_males=4_nmar=3,FG_theta_2.5,97,10,2.5,4,3
0.054,12,100,0,39.64946256595533,276.80983724601793,42.663486039674,5,0.5,0.49627759024487694,843,D_pmar=0.054_dist=100_repair_6_males=4_nmar=3,FG_theta_2.5,67,18,2.5,4,3
0.054,8,100,100,39.291087688939626,312.67524476259536,6.152309489746855,14,1.4,0.5092592592592601,843,D_pmar=0.054_dist=100_repair_6_males=4_nmar=3,FG_theta_2.5,49,9,2.5,4,3
0,13,0,0,38.9322166373242,264.42021735814757,56.663728696590994,0,0,0,844,D_pmar=0.054_dist=100_repair_6_males=4_nmar=3,FG_theta_2.5,103,14,2.5,4,3
0.054,9,0,100,38.98418429887669,294.45416933846076,24.53448254251413,14,1.4,0.6786145176099249,844,D_pmar=0.054_dist=100_repair_6_males=4_nmar=3,FG_theta_2.5,50,9,2.5,4,3
0.054,7,100,0,39.293703436432786,277.95044941382736,41.69460973581088,7,0.7,0.4210237291525666,844,D_pmar=0.054_dist=100_repair_6_males=4_nmar=3,FG_theta_2.5,54,9,2.5,4,3
0.054,7,100,100,38.29809075997845,277.9813749655424,42.83267599734486,7,0.7,0.3693034843597248,844,D_pmar=0.054_dist=100_repair_6_males=4_nmar=3,FG_theta_2.5,61,10,2.5,4,3
0.054,13,0,0,39.57958788600631,270.07205877273555,49.24303228987313,8,0.7999999999999999,0.4931801478452838,845,D_pmar=0.054_dist=100_repair_6_males=4_nmar=3,FG_theta_2.5,63,14,2.5,4,3
0.054,9,0,100,39.00138570149059,295.8113528860055,24.158736309033426,6,0.6,0.5043570624859001,845,D_pmar=0.054_dist=100_repair_6_males=4_nmar=3,FG_theta_2.5,59,12,2.5,4,3
0.054,7,100,0,40.78266570080719,287.43062829908206,30.352111541110332,11,1.1,0.4757849658412064,845,D_pmar=0.054_dist=100_repair_6_males=4_nmar=3,FG_theta_2.5,61,11,2.5,4,3
0,7,100,100,39.040798556110175,276.4527681541153,44.60026199980713,0,0,0,845,D_pmar=0.054_dist=100_repair_6_males=4_nmar=3,FG_theta_2.5,105,10,2.5,4,3
0.054,12,0,0,39.785441638961224,270.40029817918486,48.762594133958736,6,0.6,0.509315709763055,846,D_pmar=0.054_dist=100_repair_6_males=4_nmar=3,FG_theta_2.5,55,13,2.5,4,3
0.054,9,0,100,38.94767837270658,273.6802563376083,46.08854344871685,9,0.8999999999999999,0.4927148466258934,846,D_pmar=0.054_dist=100_repair_6_males=4_nmar=3,FG_theta_2.5,68,11,2.5,4,3
0.054,10,100,0,41.38590986781325,292.6299736698292,24.4545806528765,11,1.1,0.545093126713786,846,D_pmar=0.054_dist=100_repair_6_males=4_nmar=3,FG_theta_2.5,72,10,2.5,4,3
0,5,100,100,38.043964066840815,285.1439112368099,36.84762722804356,0,0,0,846,D_pmar=0.054_dist=100_repair_6_males=4_nmar=3,FG_theta_2.5,99,8,2.5,4,3
0.054,16,0,0,39.09733683758414,300.878215122207,18.42011253643517,11,1.1,0.652697944709709,847,D_pmar=0.054_dist=100_repair_6_males=4_nmar=3,FG_theta_2.5,60,18,2.5,4,3
0.054,8,0,100,39.74921519275762,270.07634570697354,48.637668297762055,11,1.1,0.4629629629629636,847,D_pmar=0.054_dist=100_repair_6_males=4_nmar=3,FG_theta_2.5,78,10,2.5,4,3
0.054,6,100,0,39.256633341813256,270.8324928943181,48.9288816671889,6,0.6,0.49112620889206193,847,D_pmar=0.054_dist=100_repair_6_males=4_nmar=3,FG_theta_2.5,68,10,2.5,4,3
0,6,100,100,38.35399758436894,266.6749792997123,54.977498341022255,0,0,0,847,D_pmar=0.054_dist=100_repair_6_males=4_nmar=3,FG_theta_2.5,110,9,2.5,4,3
0.054,10,0,0,41.06820703003382,275.6757322258872,42.73650499889756,3,0.30000000000000004,0.3611111111111113,848,D_pmar=0.054_dist=100_repair_6_males=4_nmar=3,FG_theta_2.5,59,11,2.5,4,3
0.054,7,0,100,40.05987948315016,300.45583507120404,18.11996713345463,10,1,0.405546202529846,848,D_pmar=0.054_dist=100_repair_6_males=4_nmar=3,FG_theta_2.5,54,8,2.5,4,3
0,7,100,0,38.933721797383726,259.94378139109455,61.205108426658775,0,0,0,848,D_pmar=0.054_dist=100_repair_6_males=4_nmar=3,FG_theta_2.5,89,10,2.5,4,3
0.054,12,100,100,37.280316627432754,289.90111091759644,31.055524220721345,12,1.2,0.5783513034919042,848,D_pmar=0.054_dist=100_repair_6_males=4_nmar=3,FG_theta_2.5,50,18,2.5,4,3
0,8,0,0,41.38343187184005,257.2288677431106,61.40798388526459,0,0,0,849,D_pmar=0.054_dist=100_repair_6_males=4_nmar=3,FG_theta_2.5,94,11,2.5,4,3
0.054,6,0,100,40.72114740193417,275.66603642433466,42.440483428018354,7,0.7,0.5335871944256445,849,D_pmar=0.054_dist=100_repair_6_males=4_nmar=3,FG_theta_2.5,59,10,2.5,4,3
0.054,9,100,0,39.61206990845944,300.45238198360573,18.409465807281077,11,1.1,0.4305555555555561,849,D_pmar=0.054_dist=100_repair_6_males=4_nmar=3,FG_theta_2.5,65,13,2.5,4,3
0.054,13,100,100,37.93177875376403,290.361858745472,30.49429984456196,7,0.7,0.5409852488073419,849,D_pmar=0.054_dist=100_repair_6_males=4_nmar=3,FG_theta_2.5,69,15,2.5,4,3
0,10,0,0,37.981681415782226,267.50641578275713,54.63171147266943,0,0,0,84,D_pmar=0.054_dist=100_repair_6_males=4_nmar=3,FG_theta_2.5,78,13,2.5,4,3
0.054,11,0,100,38.73216696074561,277.2210684495766,43.01780612690645,6,0.6,0.5083851073242741,84,D_pmar=0.054_dist=100_repair_6_males=4_nmar=3,FG_theta_2.5,63,14,2.5,4,3
0.054,6,100,0,39.11236063583784,271.4630948772106,48.62497057951243,5,0.5,0.4019036258427924,84,D_pmar=0.054_dist=100_repair_6_males=4_nmar=3,FG_theta_2.5,75,9,2.5,4,3
0.054,9,100,100,38.7977756394897,294.78345695579657,24.3989831945145,17,1.7000000000000004,0.5046296296296304,84,D_pmar=0.054_dist=100_repair_6_males=4_nmar=3,FG_theta_2.5,54,13,2.5,4,3
0,8,0,0,39.39504346286666,269.52096935090367,51.16215697527759,0,0,0,850,D_pmar=0.054_dist=100_repair_6_males=4_nmar=3,FG_theta_2.5,82,13,2.5,4,3
0.054,7,0,100,37.15089762854506,297.5097522230012,24.112554572542745,5,0.5,0.7270212033632383,850,D_pmar=0.054_dist=100_repair_6_males=4_nmar=3,FG_theta_2.5,65,7,2.5,4,3
0.054,11,100,0,40.150158113667295,295.502851910866,23.14588779452827,9,0.8999999999999999,0.5736652233584796,850,D_pmar=0.054_dist=100_repair_6_males=4_nmar=3,FG_theta_2.5,70,13,2.5,4,3
0.054,10,100,100,40.18702214803491,269.6406282849398,48.760865671149034,11,1.1,0.4537601542074995,850,D_pmar=0.054_dist=100_repair_6_males=4_nmar=3,FG_theta_2.5,99,13,2.5,4,3
0.054,9,0,0,38.60047495252073,289.31572528167476,30.723575740212627,9,0.8999999999999999,0.5058094166478666,851,D_pmar=0.054_dist=100_repair_6_males=4_nmar=3,FG_theta_2.5,58,14,2.5,4,3
0.054,6,0,100,39.470478899479446,275.95573263879993,43.08770747502256,11,1.1,0.4267766952966372,851,D_pmar=0.054_dist=100_repair_6_males=4_nmar=3,FG_theta_2.5,65,12,2.5,4,3
0.054,12,100,0,39.2320986633436,270.38785925107004,48.951094305614895,12,1.2,0.5385458417027995,851,D_pmar=0.054_dist=100_repair_6_males=4_nmar=3,FG_theta_2.5,56,13,2.5,4,3
0,9,100,100,39.81108926326613,248.6277051236935,71.84647536211509,0,0,0,851,D_pmar=0.054_dist=100_repair_6_males=4_nmar=3,FG_theta_2.5,99,13,2.5,4,3
0.054,7,0,0,38.85072059891699,307.09713629609917,12.217702597759818,13,1.3,0.5913894230100823,852,D_pmar=0.054_dist=100_repair_6_males=4_nmar=3,FG_theta_2.5,52,9,2.5,4,3
0.054,9,0,100,39.651692378088576,258.18368554245654,61.334336085509,5,0.5,0.47915497538452984,852,D_pmar=0.054_dist=100_repair_6_males=4_nmar=3,FG_theta_2.5,71,10,2.5,4,3
0.054,8,100,0,39.312508487889545,283.3397599240707,36.359525231928714,7,0.7,0.3888888888888892,852,D_pmar=0.054_dist=100_repair_6_males=4_nmar=3,FG_theta_2.5,63,11,2.5,4,3
0,12,100,100,39.92702965687945,277.5824704778794,42.63570826617975,0,0,0,852,D_pmar=0.054_dist=100_repair_6_males=4_nmar=3,FG_theta_2.5,99,12,2.5,4,3
0.054,11,0,0,39.44753186742368,288.33956580482584,30.520272383779623,13,1.3,0.4675925925925933,853,D_pmar=0.054_dist=100_repair_6_males=4_nmar=3,FG_theta_2.5,52,13,2.5,4,3
0.054,5,0,100,38.73817140918054,271.69259269740184,48.74626844180888,5,0.5,0.5115623827919374,853,D_pmar=0.054_dist=100_repair_6_males=4_nmar=3,FG_theta_2.5,60,10,2.5,4,3
0,9,100,0,39.306847729999944,276.13629986524273,44.678251901183195,0,0,0,853,D_pmar=0.054_dist=100_repair_6_males=4_nmar=3,FG_theta_2.5,101,12,2.5,4,3
0.054,11,100,100,38.94393561509793,283.21859707722393,36.63383617322582,9,0.8999999999999999,0.4429122572144085,853,D_pmar=0.054_dist=100_repair_6_males=4_nmar=3,FG_theta_2.5,66,14,2.5,4,3
0,12,0,0,38.05629839544074,273.37665132636454,48.702541170578286,0,0,0,854,D_pmar=0.054_dist=100_repair_6_males=4_nmar=3,FG_theta_2.5,90,15,2.5,4,3
0.054,4,0,100,37.57372074865272,261.2450003963238,59.554226454017915,14,1.4,0.44444444444444503,854,D_pmar=0.054_dist=100_repair_6_males=4_nmar=3,FG_theta_2.5,57,9,2.5,4,3
0.054,7,100,0,38.96527645378767,277.06192407418155,42.70592600065337,9,0.8999999999999999,0.4507191623117014,854,D_pmar=0.054_dist=100_repair_6_males=4_nmar=3,FG_theta_2.5,66,10,2.5,4,3
0.054,12,100,100,39.162361896117,257.90501432583596,61.373849260714394,12,1.2,0.5489848879802948,854,D_pmar=0.054_dist=100_repair_6_males=4_nmar=3,FG_theta_2.5,60,15,2.5,4,3
0,10,0,0,38.57621114813156,243.90842381937372,77.65727277991405,0,0,0,855,D_pmar=0.054_dist=100_repair_6_males=4_nmar=3,FG_theta_2.5,101,12,2.5,4,3
0.054,11,0,100,41.00178148546134,293.1996128810336,24.388499574078743,12,1.2,0.4799492942514458,855,D_pmar=0.054_dist=100_repair_6_males=4_nmar=3,FG_theta_2.5,48,12,2.5,4,3
0.054,6,100,0,39.37012351279935,288.98474531835774,30.302773940468995,9,0.8999999999999999,0.5315332554724225,855,D_pmar=0.054_dist=100_repair_6_males=4_nmar=3,FG_theta_2.5,51,8,2.5,4,3
0.054,9,100,100,37.637944471825655,278.4995857676869,42.7059173884271,8,0.7999999999999999,0.4175174360373779,855,D_pmar=0.054_dist=100_repair_6_males=4_nmar=3,FG_theta_2.5,66,9,2.5,4,3
0.054,9,0,0,38.730695534686035,284.324147090745,36.501643115263654,3,0.30000000000000004,0.36242718170121274,856,D_pmar=0.054_dist=100_repair_6_males=4_nmar=3,FG_theta_2.5,63,11,2.5,4,3
0.054,10,0,100,38.45864806773264,284.2932715301561,36.26478843597064,7,0.7,0.5011797870182368,856,D_pmar=0.054_dist=100_repair_6_males=4_nmar=3,FG_theta_2.5,73,15,2.5,4,3
0.054,11,100,0,40.34726690334835,299.76303906159063,18.418676151294516,10,1,0.472222222222223,856,D_pmar=0.054_dist=100_repair_6_males=4_nmar=3,FG_theta_2.5,45,12,2.5,4,3
0,6,100,100,39.42050575193881,290.22792223532366,30.40630756635321,0,0,0,856,D_pmar=0.054_dist=100_repair_6_males=4_nmar=3,FG_theta_2.5,86,10,2.5,4,3
0,13,0,0,39.19586704896153,241.3604574853312,79.46145314209875,0,0,0,857,D_pmar=0.054_dist=100_repair_6_males=4_nmar=3,FG_theta_2.5,113,17,2.5,4,3
0.054,9,0,100,38.754680669774935,293.9500179902193,26.27612034486758,6,0.6,0.49397446671219974,857,D_pmar=0.054_dist=100_repair_6_males=4_nmar=3,FG_theta_2.5,62,9,2.5,4,3
0.054,8,100,0,38.557894074605464,301.336775619457,18.184758338108,14,1.4,0.5513113940772472,857,D_pmar=0.054_dist=100_repair_6_males=4_nmar=3,FG_theta_2.5,50,11,2.5,4,3
0.054,6,100,100,38.63937459423813,288.02777715630253,32.168742907334554,7,0.7,0.506138434295392,857,D_pmar=0.054_dist=100_repair_6_males=4_nmar=3,FG_theta_2.5,72,7,2.5,4,3
0,14,0,0,38.918613570174195,278.37805270804444,42.77914605018863,0,0,0,858,D_pmar=0.054_dist=100_repair_6_males=4_nmar=3,FG_theta_2.5,88,15,2.5,4,3
0.054,6,0,100,38.94063963615962,270.3925064452457,49.009173449205925,12,1.2,0.5106317803531564,858,D_pmar=0.054_dist=100_repair_6_males=4_nmar=3,FG_theta_2.5,75,9,2.5,4,3
0.054,10,100,0,38.228481039396975,287.4425294713798,32.7622197689536,11,1.1,0.5620230074984729,858,D_pmar=0.054_dist=100_repair_6_males=4_nmar=3,FG_theta_2.5,54,12,2.5,4,3
0.054,6,100,100,40.763881964983526,269.29911895158597,49.14477115452157,6,0.6,0.4305555555555561,858,D_pmar=0.054_dist=100_repair_6_males=4_nmar=3,FG_theta_2.5,70,7,2.5,4,3
0.054,11,0,0,40.11061307481211,278.3307304664733,40.52208717117175,8,0.7999999999999999,0.4132168240552736,859,D_pmar=0.054_dist=100_repair_6_males=4_nmar=3,FG_theta_2.5,67,13,2.5,4,3
0.054,7,0,100,38.291051330429156,296.22815312665097,24.364595554097324,7,0.7,0.5864872262367223,859,D_pmar=0.054_dist=100_repair_6_males=4_nmar=3,FG_theta_2.5,66,8,2.5,4,3
0.054,8,100,0,39.2682896648949,282.73776378685517,36.82882282638387,8,0.7999999999999999,0.5374225051883583,859,D_pmar=0.054_dist=100_repair_6_males=4_nmar=3,FG_theta_2.5,50,8,2.5,4,3
0,10,100,100,38.01241439926707,285.4505830685233,36.73199008892943,0,0,0,859,D_pmar=0.054_dist=100_repair_6_males=4_nmar=3,FG_theta_2.5,96,11,2.5,4,3
0,7,0,0,39.31908111214574,270.48937416159805,50.26591812266833,0,0,0,85,D_pmar=0.054_dist=100_repair_6_males=4_nmar=3,FG_theta_2.5,104,12,2.5,4,3
0.054,10,0,100,38.51031663990768,265.2327902399265,54.870193421589505,9,0.8999999999999999,0.4986040963418295,85,D_pmar=0.054_dist=100_repair_6_males=4_nmar=3,FG_theta_2.5,54,11,2.5,4,3
0.054,12,100,0,39.64155562851332,301.2069909455624,18.1840830137215,6,0.6,0.4259259259259264,85,D_pmar=0.054_dist=100_repair_6_males=4_nmar=3,FG_theta_2.5,71,15,2.5,4,3
0.054,7,100,100,39.59499564755085,300.75594889493334,18.25069022104509,9,0.8999999999999999,0.5278906787853687,85,D_pmar=0.054_dist=100_repair_6_males=4_nmar=3,FG_theta_2.5,52,9,2.5,4,3
0.054,10,0,0,38.95763196464588,282.38139469875927,36.85851893916726,14,1.4,0.6202905373023014,860,D_pmar=0.054_dist=100_repair_6_males=4_nmar=3,FG_theta_2.5,54,14,2.5,4,3
0,7,0,100,38.31421366653869,236.7903518245425,85.11456315286779,0,0,0,860,D_pmar=0.054_dist=100_repair_6_males=4_nmar=3,FG_theta_2.5,118,13,2.5,4,3
0.054,10,100,0,39.72749648961633,257.63163752646295,61.25636488582158,9,0.8999999999999999,0.501179787018237,860,D_pmar=0.054_dist=100_repair_6_males=4_nmar=3,FG_theta_2.5,59,15,2.5,4,3
0.054,9,100,100,39.64864178221667,293.58143683846924,25.166779710147175,12,1.2,0.5275616611378433,860,D_pmar=0.054_dist=100_repair_6_males=4_nmar=3,FG_theta_2.5,73,12,2.5,4,3
0.054,10,0,0,38.67072666610563,289.43726820841874,30.3217513590964,12,1.2,0.49074074074074153,861,D_pmar=0.054_dist=100_repair_6_males=4_nmar=3,FG_theta_2.5,66,12,2.5,4,3
0,7,0,100,39.53414961718927,259.5257589335222,61.13657653341872,0,0,0,861,D_pmar=0.054_dist=100_repair_6_males=4_nmar=3,FG_theta_2.5,104,9,2.5,4,3
0.054,11,100,0,39.54916927608297,282.4414577862587,36.56313813390363,9,0.8999999999999999,0.609964392032396,861,D_pmar=0.054_dist=100_repair_6_males=4_nmar=3,FG_theta_2.5,57,11,2.5,4,3
0.054,8,100,100,39.317948404832045,277.21198515528965,42.464377484576815,7,0.7,0.4684433619633041,861,D_pmar=0.054_dist=100_repair_6_males=4_nmar=3,FG_theta_2.5,73,8,2.5,4,3
0,8,0,0,40.09965864120969,266.05323275326117,53.862912537273026,0,0,0,862,D_pmar=0.054_dist=100_repair_6_males=4_nmar=3,FG_theta_2.5,110,8,2.5,4,3
0.054,11,0,100,40.47964395296586,281.7612529335627,36.41240460248607,9,0.8999999999999999,0.5454221443613114,862,D_pmar=0.054_dist=100_repair_6_males=4_nmar=3,FG_theta_2.5,67,13,2.5,4,3
0.054,9,100,0,39.91979797456595,263.95589662341814,54.81354313830742,10,1,0.3564814814814817,862,D_pmar=0.054_dist=100_repair_6_males=4_nmar=3,FG_theta_2.5,63,11,2.5,4,3
0.054,8,100,100,41.37327326575099,292.57680360291175,24.591800446240168,9,0.8999999999999999,0.5701589302432912,862,D_pmar=0.054_dist=100_repair_6_males=4_nmar=3,FG_theta_2.5,44,9,2.5,4,3
0.054,6,0,0,40.81635158513858,280.86244666495753,36.58518391334422,13,1.3,0.5802689588732612,863,D_pmar=0.054_dist=100_repair_6_males=4_nmar=3,FG_theta_2.5,51,7,2.5,4,3
0.054,11,0,100,39.365903291730874,276.8601083366459,42.77646664668985,7,0.7,0.4507191623117014,863,D_pmar=0.054_dist=100_repair_6_males=4_nmar=3,FG_theta_2.5,62,15,2.5,4,3
0.054,10,100,0,35.659797353684766,284.92856281529146,38.48015616210664,7,0.7,0.3842592592592596,863,D_pmar=0.054_dist=100_repair_6_males=4_nmar=3,FG_theta_2.5,64,16,2.5,4,3
0,9,100,100,39.7524356663129,277.6651944779339,42.70211635842704,0,0,0,863,D_pmar=0.054_dist=100_repair_6_males=4_nmar=3,FG_theta_2.5,91,13,2.5,4,3
0.054,10,0,0,38.18346882536002,264.74307396530685,56.05363334755303,5,0.5,0.5254512716808263,864,D_pmar=0.054_dist=100_repair_6_males=4_nmar=3,FG_theta_2.5,81,11,2.5,4,3
0.054,7,0,100,38.20970417980394,283.5879056950206,36.797725105502074,10,1,0.5000000000000008,864,D_pmar=0.054_dist=100_repair_6_males=4_nmar=3,FG_theta_2.5,76,10,2.5,4,3
0.054,9,100,0,40.49718149815094,293.2354971563936,24.568483583678997,12,1.2,0.5452294102856512,864,D_pmar=0.054_dist=100_repair_6_males=4_nmar=3,FG_theta_2.5,59,10,2.5,4,3
0,10,100,100,40.35845334340466,276.9215862514134,42.72714949291685,0,0,0,864,D_pmar=0.054_dist=100_repair_6_males=4_nmar=3,FG_theta_2.5,98,10,2.5,4,3
0.054,6,0,0,39.55928203912374,282.63426568287656,36.61529134598339,10,1,0.5193692878892301,865,D_pmar=0.054_dist=100_repair_6_males=4_nmar=3,FG_theta_2.5,64,6,2.5,4,3
0.054,10,0,100,39.14882326690665,270.7835918787011,49.1160258979755,7,0.7,0.4090524956450345,865,D_pmar=0.054_dist=100_repair_6_males=4_nmar=3,FG_theta_2.5,82,11,2.5,4,3
0.054,14,100,0,38.98590212717146,282.60220184741786,36.78251149797467,11,1.1,0.5704879478908164,865,D_pmar=0.054_dist=100_repair_6_males=4_nmar=3,FG_theta_2.5,61,14,2.5,4,3
0,6,100,100,37.823628731635225,273.3370310311732,48.84273035886364,0,0,0,865,D_pmar=0.054_dist=100_repair_6_males=4_nmar=3,FG_theta_2.5,77,11,2.5,4,3
0.054,12,0,0,40.00480616792503,239.56146559549387,78.91998519061856,11,1.1,0.508192373248614,866,D_pmar=0.054_dist=100_repair_6_males=4_nmar=3,FG_theta_2.5,65,16,2.5,4,3
0.054,9,0,100,38.84420059998289,301.0724424914264,18.289292342299326,14,1.4,0.5216159609181124,866,D_pmar=0.054_dist=100_repair_6_males=4_nmar=3,FG_theta_2.5,63,9,2.5,4,3
0,6,100,0,37.89370474006649,267.08848022449683,55.14388979075124,0,0,0,866,D_pmar=0.054_dist=100_repair_6_males=4_nmar=3,FG_theta_2.5,95,7,2.5,4,3
0.054,9,100,100,39.27595833923268,276.69824670763813,42.91551484336797,7,0.7,0.4259259259259264,866,D_pmar=0.054_dist=100_repair_6_males=4_nmar=3,FG_theta_2.5,67,11,2.5,4,3
0.054,10,0,0,40.559214288256264,287.6271514523539,30.268698341924768,10,1,0.55402336832552,867,D_pmar=0.054_dist=100_repair_6_males=4_nmar=3,FG_theta_2.5,68,12,2.5,4,3
0.054,9,0,100,38.57484005947615,295.4224445314254,24.704450144641115,10,1,0.6202905373023014,867,D_pmar=0.054_dist=100_repair_6_males=4_nmar=3,FG_theta_2.5,62,11,2.5,4,3
0.054,8,100,0,39.87235125172807,282.2470406899954,37.10349866267211,4,0.4,0.46877237961082946,867,D_pmar=0.054_dist=100_repair_6_males=4_nmar=3,FG_theta_2.5,74,9,2.5,4,3
0,9,100,100,40.17684345967635,264.83082149408136,55.05793087457165,0,0,0,867,D_pmar=0.054_dist=100_repair_6_males=4_nmar=3,FG_theta_2.5,107,11,2.5,4,3
0.054,4,0,0,39.803593676782384,257.3595803992649,61.67031780275531,8,0.7999999999999999,0.4499248434447855,868,D_pmar=0.054_dist=100_repair_6_males=4_nmar=3,FG_theta_2.5,71,9,2.5,4,3
0.054,14,0,100,40.07978729513973,282.05650543704604,36.296466966815295,12,1.2,0.5409287983035468,868,D_pmar=0.054_dist=100_repair_6_males=4_nmar=3,FG_theta_2.5,60,19,2.5,4,3
0.054,8,100,0,40.43458872762235,287.4119431623258,30.498614316451327,12,1.2,0.5289575647960149,868,D_pmar=0.054_dist=100_repair_6_males=4_nmar=3,FG_theta_2.5,62,9,2.5,4,3
0,10,100,100,40.52663253892983,253.0792732665942,66.43734356784815,0,0,0,868,D_pmar=0.054_dist=100_repair_6_males=4_nmar=3,FG_theta_2.5,98,15,2.5,4,3
0.054,8,0,0,37.676957435866306,268.7573501336511,52.10792943180265,11,1.1,0.48920855351070514,869,D_pmar=0.054_dist=100_repair_6_males=4_nmar=3,FG_theta_2.5,62,12,2.5,4,3
0,9,0,100,37.96153120943744,303.68905651267346,18.39547200798739,0,0,0,869,D_pmar=0.054_dist=100_repair_6_males=4_nmar=3,FG_theta_2.5,88,10,2.5,4,3
0.054,9,100,0,36.15493184075682,291.9253443723737,30.687395207608144,8,0.7999999999999999,0.5024394071045433,869,D_pmar=0.054_dist=100_repair_6_males=4_nmar=3,FG_theta_2.5,71,14,2.5,4,3
0.054,10,100,100,38.66092265757124,283.9201259564354,36.63395234047213,4,0.4,0.5000000000000008,869,D_pmar=0.054_dist=100_repair_6_males=4_nmar=3,FG_theta_2.5,78,12,2.5,4,3
0.054,2,0,0,42.60821171638376,268.0290252691125,48.73362161245888,3,0.30000000000000004,0.48477165795673544,86,D_pmar=0.054_dist=100_repair_6_males=4_nmar=3,FG_theta_2.5,73,6,2.5,4,3
0.054,14,0,100,40.116458348060526,300.1232162824947,18.198139802806303,11,1.1,0.5655293006136615,86,D_pmar=0.054_dist=100_repair_6_males=4_nmar=3,FG_theta_2.5,73,15,2.5,4,3
0.054,9,100,0,37.10076273722381,292.88689201564523,28.71767240855402,8,0.7999999999999999,0.5837188014846549,86,D_pmar=0.054_dist=100_repair_6_males=4_nmar=3,FG_theta_2.5,49,12,2.5,4,3
0,11,100,100,38.011365450839435,284.93427907199373,37.16542402211301,0,0,0,86,D_pmar=0.054_dist=100_repair_6_males=4_nmar=3,FG_theta_2.5,107,13,2.5,4,3
0,6,0,0,38.34327304726785,254.04766873557708,67.63054837548944,0,0,0,870,D_pmar=0.054_dist=100_repair_6_males=4_nmar=3,FG_theta_2.5,95,8,2.5,4,3
0.054,8,0,100,37.942503515152126,278.16630015695523,42.445357916059955,10,1,0.4676490430963882,870,D_pmar=0.054_dist=100_repair_6_males=4_nmar=3,FG_theta_2.5,70,12,2.5,4,3
0.054,7,100,0,40.51873939441092,287.57579058531775,30.25973264622935,11,1.1,0.6514947751271977,870,D_pmar=0.054_dist=100_repair_6_males=4_nmar=3,FG_theta_2.5,64,8,2.5,4,3
0.054,15,100,100,40.86103882732953,275.10336724489423,42.70748325385104,9,0.8999999999999999,0.5254512716808263,870,D_pmar=0.054_dist=100_repair_6_males=4_nmar=3,FG_theta_2.5,67,16,2.5,4,3
0,11,0,0,38.007177976717664,261.0832405729943,60.92739965574578,0,0,0,871,D_pmar=0.054_dist=100_repair_6_males=4_nmar=3,FG_theta_2.5,102,12,2.5,4,3
0.054,8,0,100,38.29820438245312,281.1892748906184,38.999260893896675,12,1.2,0.4120370370370375,871,D_pmar=0.054_dist=100_repair_6_males=4_nmar=3,FG_theta_2.5,73,10,2.5,4,3
0.054,7,100,0,40.87856630731658,256.46952014573793,61.270527981601056,10,1,0.5044135129896952,871,D_pmar=0.054_dist=100_repair_6_males=4_nmar=3,FG_theta_2.5,66,10,2.5,4,3
0.054,10,100,100,38.817392636044566,295.2901714050187,24.399428240015155,9,0.8999999999999999,0.6226734939030488,871,D_pmar=0.054_dist=100_repair_6_males=4_nmar=3,FG_theta_2.5,55,16,2.5,4,3
0.054,5,0,0,38.64445741030265,283.9314187173147,36.61341551394639,4,0.4,0.45263681769305825,872,D_pmar=0.054_dist=100_repair_6_males=4_nmar=3,FG_theta_2.5,59,7,2.5,4,3
0.054,7,0,100,39.268585666651205,276.3778643587863,42.718351260040066,12,1.2,0.5161920124215669,872,D_pmar=0.054_dist=100_repair_6_males=4_nmar=3,FG_theta_2.5,52,8,2.5,4,3
0,14,100,0,38.02360727649016,315.9884697033026,6.106816321451481,0,0,0,872,D_pmar=0.054_dist=100_repair_6_males=4_nmar=3,FG_theta_2.5,87,14,2.5,4,3
0.054,10,100,100,38.36285945180309,265.2057259886412,55.51356686046711,7,0.7,0.4082581767781187,872,D_pmar=0.054_dist=100_repair_6_males=4_nmar=3,FG_theta_2.5,63,11,2.5,4,3
0,9,0,0,42.16068823396207,257.14861570713333,60.77455352864143,0,0,0,873,D_pmar=0.054_dist=100_repair_6_males=4_nmar=3,FG_theta_2.5,95,18,2.5,4,3
0.054,11,0,100,40.74225958799639,287.2126759173643,30.675437376589073,9,0.8999999999999999,0.5093157097630552,873,D_pmar=0.054_dist=100_repair_6_males=4_nmar=3,FG_theta_2.5,61,12,2.5,4,3
0.054,6,100,0,38.090276132690704,265.8948435848886,54.76754189142893,8,0.7999999999999999,0.5884048816180794,873,D_pmar=0.054_dist=100_repair_6_males=4_nmar=3,FG_theta_2.5,73,12,2.5,4,3
0.054,10,100,100,38.98425798842125,295.1367983912484,24.447411134250157,11,1.1,0.4675925925925933,873,D_pmar=0.054_dist=100_repair_6_males=4_nmar=3,FG_theta_2.5,71,13,2.5,4,3
0,10,0,0,39.10924203113549,266.2116611508893,54.74296631400256,0,0,0,874,D_pmar=0.054_dist=100_repair_6_males=4_nmar=3,FG_theta_2.5,118,15,2.5,4,3
0.054,6,0,100,37.54251379404725,278.20200907168476,43.06064867090995,8,0.7999999999999999,0.5278342282815737,874,D_pmar=0.054_dist=100_repair_6_males=4_nmar=3,FG_theta_2.5,72,9,2.5,4,3
0.054,6,100,0,41.44673855213235,274.7565532690481,42.4040860420257,9,0.8999999999999999,0.5882121475424192,874,D_pmar=0.054_dist=100_repair_6_males=4_nmar=3,FG_theta_2.5,74,7,2.5,4,3
0.054,14,100,100,39.854048696687734,293.965273261182,24.668093451882484,10,1,0.5736652233584796,874,D_pmar=0.054_dist=100_repair_6_males=4_nmar=3,FG_theta_2.5,55,16,2.5,4,3
0.054,9,0,0,39.92509295961161,275.9798664341704,42.869166233314104,9,0.8999999999999999,0.4845789238810753,875,D_pmar=0.054_dist=100_repair_6_males=4_nmar=3,FG_theta_2.5,61,14,2.5,4,3
0.054,9,0,100,38.39768027282228,281.03455377949257,39.70195101049029,6,0.6,0.501236237522032,875,D_pmar=0.054_dist=100_repair_6_males=4_nmar=3,FG_theta_2.5,69,14,2.5,4,3
0,12,100,0,38.94269418882674,260.0722552517406,60.993064069136786,0,0,0,875,D_pmar=0.054_dist=100_repair_6_males=4_nmar=3,FG_theta_2.5,89,18,2.5,4,3
0.054,6,100,100,42.21047689166256,291.7097287190058,24.329454948352236,13,1.3,0.5875541122473686,875,D_pmar=0.054_dist=100_repair_6_males=4_nmar=3,FG_theta_2.5,67,8,2.5,4,3
0.054,9,0,0,38.077769306677595,278.7440549827416,42.544416412772634,3,0.30000000000000004,0.5038917612665096,876,D_pmar=0.054_dist=100_repair_6_males=4_nmar=3,FG_theta_2.5,68,12,2.5,4,3
0.054,10,0,100,41.06407562328993,317.85103467272734,0,7,0.7,0.4654023700675061,876,D_pmar=0.054_dist=100_repair_6_males=4_nmar=3,FG_theta_2.5,65,11,2.5,4,3
0,5,100,0,38.99515370120064,259.91046393396897,61.204035118951445,0,0,0,876,D_pmar=0.054_dist=100_repair_6_males=4_nmar=3,FG_theta_2.5,91,10,2.5,4,3
0.054,12,100,100,38.10091534663963,308.25809178800165,12.34268765533057,9,0.8999999999999999,0.487290898129348,876,D_pmar=0.054_dist=100_repair_6_males=4_nmar=3,FG_theta_2.5,55,15,2.5,4,3
0,11,0,0,37.150367348920426,283.1013928530272,39.85379617485735,0,0,0,877,D_pmar=0.054_dist=100_repair_6_males=4_nmar=3,FG_theta_2.5,92,12,2.5,4,3
0.054,7,0,100,39.574833911018125,276.6597082386836,42.364126748108816,9,0.8999999999999999,0.5074545048854933,877,D_pmar=0.054_dist=100_repair_6_males=4_nmar=3,FG_theta_2.5,74,11,2.5,4,3
0.054,9,100,0,38.151620989803384,288.98388916155926,30.692554996091793,17,1.7000000000000004,0.5925925925925938,877,D_pmar=0.054_dist=100_repair_6_males=4_nmar=3,FG_theta_2.5,56,12,2.5,4,3
0.054,9,100,100,38.393736473056286,269.6254177439859,51.5519788179616,2,0.2,0.4417889206999674,877,D_pmar=0.054_dist=100_repair_6_males=4_nmar=3,FG_theta_2.5,75,11,2.5,4,3
0,5,0,0,41.00980145029411,264.0582003494193,55.143101279269445,0,0,0,878,D_pmar=0.054_dist=100_repair_6_males=4_nmar=3,FG_theta_2.5,107,9,2.5,4,3
0.054,10,0,100,38.456119258859275,271.36279740456166,48.682914977328856,11,1.1,0.40740740740740783,878,D_pmar=0.054_dist=100_repair_6_males=4_nmar=3,FG_theta_2.5,73,12,2.5,4,3
0.054,13,100,0,39.95660761360124,300.0506470311594,18.175620690207143,12,1.2,0.6495206692420459,878,D_pmar=0.054_dist=100_repair_6_males=4_nmar=3,FG_theta_2.5,59,14,2.5,4,3
0.054,8,100,100,39.26428596247128,270.7736591226759,49.03473933705451,5,0.5,0.516192012421567,878,D_pmar=0.054_dist=100_repair_6_males=4_nmar=3,FG_theta_2.5,66,11,2.5,4,3
0.054,8,0,0,39.68878771031474,270.2850993156478,49.00037700620138,7,0.7,0.4372955746422029,879,D_pmar=0.054_dist=100_repair_6_males=4_nmar=3,FG_theta_2.5,63,11,2.5,4,3
0.054,6,0,100,38.82071560859735,295.6675598279616,24.346968015511585,7,0.7,0.47115533621157674,879,D_pmar=0.054_dist=100_repair_6_males=4_nmar=3,FG_theta_2.5,79,8,2.5,4,3
0.054,14,100,0,38.21917623268078,314.6059345080078,6.090050804300816,6,0.6,0.5717475679771227,879,D_pmar=0.054_dist=100_repair_6_males=4_nmar=3,FG_theta_2.5,55,14,2.5,4,3
0,8,100,100,39.04644913076108,277.91971524072954,43.067616381510135,0,0,0,879,D_pmar=0.054_dist=100_repair_6_males=4_nmar=3,FG_theta_2.5,90,11,2.5,4,3
0,4,0,0,40.73727057716612,282.8296303482704,36.57926751316004,0,0,0,87,D_pmar=0.054_dist=100_repair_6_males=4_nmar=3,FG_theta_2.5,86,8,2.5,4,3
0.054,11,0,100,39.327421117278064,279.1475548228801,40.854359423717895,4,0.4,0.4526368176930582,87,D_pmar=0.054_dist=100_repair_6_males=4_nmar=3,FG_theta_2.5,68,12,2.5,4,3
0.054,10,100,0,39.00299879550826,301.7179997318791,18.217438990245252,7,0.7,0.5019741058851528,87,D_pmar=0.054_dist=100_repair_6_males=4_nmar=3,FG_theta_2.5,53,10,2.5,4,3
0.054,11,100,100,40.179346892501314,287.97727104310127,30.49668997810488,10,1,0.4490740740740747,87,D_pmar=0.054_dist=100_repair_6_males=4_nmar=3,FG_theta_2.5,73,12,2.5,4,3
0.054,14,0,0,38.499357687106915,295.49269866408486,24.33697295835822,11,1.1,0.6118255969099579,880,D_pmar=0.054_dist=100_repair_6_males=4_nmar=3,FG_theta_2.5,61,16,2.5,4,3
0,10,0,100,38.979815101732896,270.1031325030353,50.999266896207544,0,0,0,880,D_pmar=0.054_dist=100_repair_6_males=4_nmar=3,FG_theta_2.5,92,13,2.5,4,3
0.054,8,100,0,40.50738639780318,274.76610012334567,43.15178150623354,10,1,0.5976641408773387,880,D_pmar=0.054_dist=100_repair_6_males=4_nmar=3,FG_theta_2.5,72,11,2.5,4,3
0.054,4,100,100,40.45478207594354,285.8363752457548,32.96863306516181,5,0.5,0.4212962962962968,880,D_pmar=0.054_dist=100_repair_6_males=4_nmar=3,FG_theta_2.5,85,8,2.5,4,3
0.054,7,0,0,38.72264533722479,302.1496287068702,18.075486998862687,6,0.6,0.5548741376962307,881,D_pmar=0.054_dist=100_repair_6_males=4_nmar=3,FG_theta_2.5,55,11,2.5,4,3
0.054,9,0,100,38.85448892508786,265.331874218408,54.84332946273315,6,0.6,0.4210237291525666,881,D_pmar=0.054_dist=100_repair_6_males=4_nmar=3,FG_theta_2.5,60,11,2.5,4,3
0,9,100,0,40.64901077210781,264.57940686975206,54.83551759941863,0,0,0,881,D_pmar=0.054_dist=100_repair_6_males=4_nmar=3,FG_theta_2.5,87,13,2.5,4,3
0.054,11,100,100,39.55598346499976,294.24960756260583,24.560103677261473,13,1.3,0.3935185185185189,881,D_pmar=0.054_dist=100_repair_6_males=4_nmar=3,FG_theta_2.5,59,15,2.5,4,3
0.054,10,0,0,40.62599424721466,269.35451679510675,48.61246031303536,10,1,0.4469403020527826,882,D_pmar=0.054_dist=100_repair_6_males=4_nmar=3,FG_theta_2.5,64,11,2.5,4,3
0.054,8,0,100,36.901996870255225,265.7076752123329,55.645789357781425,14,1.4,0.46189607695231766,882,D_pmar=0.054_dist=100_repair_6_males=4_nmar=3,FG_theta_2.5,65,9,2.5,4,3
0.054,6,100,0,38.45343027477494,289.6410269943937,30.61862495894095,7,0.7,0.62379683041749,882,D_pmar=0.054_dist=100_repair_6_males=4_nmar=3,FG_theta_2.5,56,9,2.5,4,3
0,12,100,100,35.655971431587986,275.7144164819092,48.68391025807312,0,0,0,882,D_pmar=0.054_dist=100_repair_6_males=4_nmar=3,FG_theta_2.5,98,15,2.5,4,3
0.054,13,0,0,39.50071897254853,300.26544539849107,18.191686437119852,16,1.6000000000000003,0.5733362057109543,883,D_pmar=0.054_dist=100_repair_6_males=4_nmar=3,FG_theta_2.5,63,13,2.5,4,3
0,8,0,100,38.6803157261123,278.7264672045838,42.70284579956704,0,0,0,883,D_pmar=0.054_dist=100_repair_6_males=4_nmar=3,FG_theta_2.5,80,11,2.5,4,3
0.054,8,100,0,40.357831002708494,257.53716776089925,61.34406615416591,4,0.4,0.42948866954490994,883,D_pmar=0.054_dist=100_repair_6_males=4_nmar=3,FG_theta_2.5,66,13,2.5,4,3
0.054,7,100,100,38.81974439026766,296.05633598494404,24.40365276891772,4,0.4,0.4425832395668833,883,D_pmar=0.054_dist=100_repair_6_males=4_nmar=3,FG_theta_2.5,68,9,2.5,4,3
0,7,0,0,39.590603325354415,277.4256501476496,43.091890729297006,0,0,0,884,D_pmar=0.054_dist=100_repair_6_males=4_nmar=3,FG_theta_2.5,97,9,2.5,4,3
0.054,13,0,100,40.402272228164875,299.03163092671195,18.392526725742325,15,1.5000000000000002,0.6923671229269485,884,D_pmar=0.054_dist=100_repair_6_males=4_nmar=3,FG_theta_2.5,47,13,2.5,4,3
0.054,8,100,0,39.21013602136534,264.89681612223535,54.91981155492551,6,0.6,0.4261186600015868,884,D_pmar=0.054_dist=100_repair_6_males=4_nmar=3,FG_theta_2.5,83,12,2.5,4,3
0.054,8,100,100,39.53055462038184,260.4045672855504,58.736728315456745,8,0.7999999999999999,0.5482704021814493,884,D_pmar=0.054_dist=100_repair_6_males=4_nmar=3,FG_theta_2.5,80,12,2.5,4,3
0.054,5,0,0,38.76431908822451,289.7360564077018,30.452422539343065,7,0.7,0.5052078318566109,885,D_pmar=0.054_dist=100_repair_6_males=4_nmar=3,FG_theta_2.5,60,5,2.5,4,3
0,9,0,100,37.60676937910607,248.92508389655495,73.67051516771525,0,0,0,885,D_pmar=0.054_dist=100_repair_6_males=4_nmar=3,FG_theta_2.5,95,11,2.5,4,3
0.054,7,100,0,39.36208651013932,282.7883352675678,36.2618759132321,12,1.2,0.41666666666666713,885,D_pmar=0.054_dist=100_repair_6_males=4_nmar=3,FG_theta_2.5,60,9,2.5,4,3
0.054,15,100,100,39.59089212153851,294.5920989231072,24.711865326295307,8,0.7999999999999999,0.4753196646218162,885,D_pmar=0.054_dist=100_repair_6_males=4_nmar=3,FG_theta_2.5,52,16,2.5,4,3
0.054,7,0,0,36.912389455707206,265.46977214998714,55.820083774458794,13,1.3,0.5123567016588533,886,D_pmar=0.054_dist=100_repair_6_males=4_nmar=3,FG_theta_2.5,66,10,2.5,4,3
0.054,9,0,100,39.005959141045054,288.6762507158718,30.448189494831453,14,1.4,0.55243473059168835,886,D_pmar=0.054_dist=100_repair_6_males=4_nmar=3,FG_theta_2.5,60,17,2.5,4,3
0.054,13,100,0,39.77718884677873,270.3037329998096,48.78787035595668,8,0.7999999999999999,0.4818669496328026,886,D_pmar=0.054_dist=100_repair_6_males=4_nmar=3,FG_theta_2.5,60,19,2.5,4,3
0,7,100,100,41.02839420371093,239.8972754439905,79.26755360630801,0,0,0,886,D_pmar=0.054_dist=100_repair_6_males=4_nmar=3,FG_theta_2.5,105,12,2.5,4,3
0.054,8,0,0,38.44316368428659,289.22550827923686,30.87800705591188,9,0.8999999999999999,0.5763771976067523,887,D_pmar=0.054_dist=100_repair_6_males=4_nmar=3,FG_theta_2.5,60,11,2.5,4,3
0,11,0,100,41.74696910908062,257.1657997108808,61.155364590115575,0,0,0,887,D_pmar=0.054_dist=100_repair_6_males=4_nmar=3,FG_theta_2.5,88,15,2.5,4,3
0.054,5,100,0,41.15282330310289,286.77725024977605,30.623995428702237,10,1,0.448336205710954,887,D_pmar=0.054_dist=100_repair_6_males=4_nmar=3,FG_theta_2.5,72,9,2.5,4,3
0.054,12,100,100,41.40780719516587,268.4488518549682,48.87764414646914,9,0.8999999999999999,0.4259259259259264,887,D_pmar=0.054_dist=100_repair_6_males=4_nmar=3,FG_theta_2.5,66,12,2.5,4,3
0.054,10,0,0,41.4660752402203,293.1525158344935,24.20090412809841,6,0.6,0.5928417771720489,888,D_pmar=0.054_dist=100_repair_6_males=4_nmar=3,FG_theta_2.5,58,11,2.5,4,3
0.054,8,0,100,37.86418530487212,290.5541136561421,30.28073236339729,9,0.8999999999999999,0.5254512716808264,888,D_pmar=0.054_dist=100_repair_6_males=4_nmar=3,FG_theta_2.5,64,9,2.5,4,3
0,7,100,0,38.43803159940707,285.04536638590315,36.5865551142821,0,0,0,888,D_pmar=0.054_dist=100_repair_6_males=4_nmar=3,FG_theta_2.5,98,8,2.5,4,3
0.054,11,100,100,40.765139642581026,287.68148467123916,30.657801891575875,5,0.5,0.486167561614907,888,D_pmar=0.054_dist=100_repair_6_males=4_nmar=3,FG_theta_2.5,81,15,2.5,4,3
0,9,0,0,40.8045176094468,276.1599278358346,43.04724819215027,0,0,0,889,D_pmar=0.054_dist=100_repair_6_males=4_nmar=3,FG_theta_2.5,102,12,2.5,4,3
0.054,9,0,100,38.75408242665096,277.28188222951957,42.53163090425691,10,1,0.48041459547083626,889,D_pmar=0.054_dist=100_repair_6_males=4_nmar=3,FG_theta_2.5,65,10,2.5,4,3
0.054,8,100,0,38.42206545582213,289.49163202418185,30.589996461110985,9,0.8999999999999999,0.6238532809212848,889,D_pmar=0.054_dist=100_repair_6_males=4_nmar=3,FG_theta_2.5,53,11,2.5,4,3
0.054,10,100,100,39.51053216264731,282.74433651164406,36.76148788673386,6,0.6,0.44444444444444503,889,D_pmar=0.054_dist=100_repair_6_males=4_nmar=3,FG_theta_2.5,76,12,2.5,4,3
0,5,0,0,38.02249437543818,267.1581543038847,54.86800091283053,0,0,0,88,D_pmar=0.054_dist=100_repair_6_males=4_nmar=3,FG_theta_2.5,102,8,2.5,4,3
0.054,10,0,100,37.53548725336363,290.86992292475003,30.45693231044482,7,0.7,0.48266126849971847,88,D_pmar=0.054_dist=100_repair_6_males=4_nmar=3,FG_theta_2.5,68,13,2.5,4,3
0.054,12,100,0,40.09083499914669,275.7901076399347,42.84096523061032,8,0.7999999999999999,0.6696278254943959,88,D_pmar=0.054_dist=100_repair_6_males=4_nmar=3,FG_theta_2.5,64,13,2.5,4,3
0.054,9,100,100,39.046233440622856,301.28311953092845,18.32886651593862,9,0.8999999999999999,0.5502445080666011,88,D_pmar=0.054_dist=100_repair_6_males=4_nmar=3,FG_theta_2.5,77,9,2.5,4,3
0.054,5,0,0,41.026118490745645,268.5231355827127,48.78485858092074,12,1.2,0.47148435385910215,890,D_pmar=0.054_dist=100_repair_6_males=4_nmar=3,FG_theta_2.5,54,7,2.5,4,3
0.054,5,0,100,39.13560863999037,259.1938424326617,60.56640317105605,9,0.8999999999999999,0.47008845020093065,890,D_pmar=0.054_dist=100_repair_6_males=4_nmar=3,FG_theta_2.5,57,8,2.5,4,3
0.054,14,100,0,39.81799802514749,276.32344105411823,42.24073060285012,13,1.3,0.3970812621375024,890,D_pmar=0.054_dist=100_repair_6_males=4_nmar=3,FG_theta_2.5,50,15,2.5,4,3
0,12,100,100,36.90314527448702,274.24208526429686,49.02197528987799,0,0,0,890,D_pmar=0.054_dist=100_repair_6_males=4_nmar=3,FG_theta_2.5,83,14,2.5,4,3
0.054,10,0,0,40.04957177936304,260.98205613866565,58.112964269994606,4,0.4,0.48186694963280247,891,D_pmar=0.054_dist=100_repair_6_males=4_nmar=3,FG_theta_2.5,79,13,2.5,4,3
0.054,3,0,100,38.761351316413666,271.7083731782568,48.69692513115767,5,0.5,0.4027777777777782,891,D_pmar=0.054_dist=100_repair_6_males=4_nmar=3,FG_theta_2.5,61,3,2.5,4,3
0.054,9,100,0,38.31148800835967,313.0988716013389,6.004264412443603,19,1.9000000000000008,0.7370747814894134,891,D_pmar=0.054_dist=100_repair_6_males=4_nmar=3,FG_theta_2.5,57,9,2.5,4,3
0,14,100,100,40.81400643758039,264.38493484842115,54.887386630759664,0,0,0,891,D_pmar=0.054_dist=100_repair_6_males=4_nmar=3,FG_theta_2.5,104,17,2.5,4,3
0.054,7,0,0,39.336304039133424,295.1936455183774,24.588473344087856,5,0.5,0.6140722699388401,892,D_pmar=0.054_dist=100_repair_6_males=4_nmar=3,FG_theta_2.5,71,10,2.5,4,3
0,9,0,100,41.68441230507398,267.32110682394085,51.19836161645612,0,0,0,892,D_pmar=0.054_dist=100_repair_6_males=4_nmar=3,FG_theta_2.5,110,14,2.5,4,3
0.054,9,100,0,38.34496766232922,295.7804668108596,24.183033734858423,12,1.2,0.6295497965615607,892,D_pmar=0.054_dist=100_repair_6_males=4_nmar=3,FG_theta_2.5,68,11,2.5,4,3
0.054,11,100,100,39.84410768635075,263.8508327803049,54.963856988939824,9,0.8999999999999999,0.461430775732927,892,D_pmar=0.054_dist=100_repair_6_males=4_nmar=3,FG_theta_2.5,70,15,2.5,4,3
0.054,3,0,0,39.1521444967754,282.0017902616447,37.026810039449494,16,1.6000000000000003,0.4853732427479911,893,D_pmar=0.054_dist=100_repair_6_males=4_nmar=3,FG_theta_2.5,70,7,2.5,4,3
0,11,0,100,40.08426636719575,264.74639614855363,55.199607667208326,0,0,0,893,D_pmar=0.054_dist=100_repair_6_males=4_nmar=3,FG_theta_2.5,119,12,2.5,4,3
0.054,10,100,0,36.71393304799624,298.3056410734265,24.36305099840568,3,0.30000000000000004,0.472222222222223,893,D_pmar=0.054_dist=100_repair_6_males=4_nmar=3,FG_theta_2.5,49,13,2.5,4,3
0.054,12,100,100,38.170953129093085,277.8996819645551,42.565052149947235,8,0.7999999999999999,0.6026227881544935,893,D_pmar=0.054_dist=100_repair_6_males=4_nmar=3,FG_theta_2.5,58,13,2.5,4,3
0.054,7,0,0,40.57777571966312,263.3224407406154,54.9424585589003,8,0.7999999999999999,0.4718133715066275,894,D_pmar=0.054_dist=100_repair_6_males=4_nmar=3,FG_theta_2.5,73,11,2.5,4,3
0.054,10,0,100,37.70912829578602,283.9249793651214,36.74920179331622,11,1.1,0.6514947751271976,894,D_pmar=0.054_dist=100_repair_6_males=4_nmar=3,FG_theta_2.5,60,17,2.5,4,3
0.054,11,100,0,38.4246496126915,271.27204215021584,48.64674999019895,12,1.2,0.4904681735970113,894,D_pmar=0.054_dist=100_repair_6_males=4_nmar=3,FG_theta_2.5,66,13,2.5,4,3
0,8,100,100,39.85482550201824,271.2028111255011,49.008416376468155,0,0,0,894,D_pmar=0.054_dist=100_repair_6_males=4_nmar=3,FG_theta_2.5,92,11,2.5,4,3
0,3,0,0,39.135608493138015,256.7696152409897,64.2880205451765,0,0,0,895,D_pmar=0.054_dist=100_repair_6_males=4_nmar=3,FG_theta_2.5,102,8,2.5,4,3
0.054,11,0,100,37.69443532765064,290.4215803324413,30.53520133654732,9,0.8999999999999999,0.49926213163688,895,D_pmar=0.054_dist=100_repair_6_males=4_nmar=3,FG_theta_2.5,70,12,2.5,4,3
0.054,12,100,0,36.40585568069902,291.64140638406633,30.60677817278349,8,0.7999999999999999,0.5891427499812002,895,D_pmar=0.054_dist=100_repair_6_males=4_nmar=3,FG_theta_2.5,62,13,2.5,4,3
0.054,10,100,100,38.74035199072362,283.1469925003979,36.6758438833823,10,1,0.5177806501553986,895,D_pmar=0.054_dist=100_repair_6_males=4_nmar=3,FG_theta_2.5,74,14,2.5,4,3
0.054,11,0,0,38.51835541442963,277.6739816773311,42.933692259809945,7,0.7,0.475319664621816,896,D_pmar=0.054_dist=100_repair_6_males=4_nmar=3,FG_theta_2.5,64,13,2.5,4,3
0.054,7,0,100,40.26248076250343,287.52652827534627,30.644067442537303,11,1.1,0.4861111111111119,896,D_pmar=0.054_dist=100_repair_6_males=4_nmar=3,FG_theta_2.5,51,12,2.5,4,3
0.054,9,100,0,38.26189295938281,296.02186824656695,24.489473095168407,8,0.7999999999999999,0.47723732000317287,896,D_pmar=0.054_dist=100_repair_6_males=4_nmar=3,FG_theta_2.5,63,11,2.5,4,3
0,9,100,100,42.09865028769981,256.69675494994897,61.229416128934325,0,0,0,896,D_pmar=0.054_dist=100_repair_6_males=4_nmar=3,FG_theta_2.5,105,13,2.5,4,3
0.054,8,0,0,39.89263971878069,257.14891301001086,61.14428002939977,14,1.4,0.4490740740740747,897,D_pmar=0.054_dist=100_repair_6_males=4_nmar=3,FG_theta_2.5,68,15,2.5,4,3
0.054,9,0,100,38.11415520357016,234.97644339570095,85.61614827601261,8,0.7999999999999999,0.49786622797870855,897,D_pmar=0.054_dist=100_repair_6_males=4_nmar=3,FG_theta_2.5,70,16,2.5,4,3
0.054,9,100,0,40.50493274702455,299.66594731329633,18.092487950867024,12,1.2,0.5497227563434156,897,D_pmar=0.054_dist=100_repair_6_males=4_nmar=3,FG_theta_2.5,62,13,2.5,4,3
0,10,100,100,40.18880440092613,277.34195685227684,42.665521156448115,0,0,0,897,D_pmar=0.054_dist=100_repair_6_males=4_nmar=3,FG_theta_2.5,86,12,2.5,4,3
0,11,0,0,38.865552820858234,272.6763955648435,48.70627911001313,0,0,0,898,D_pmar=0.054_dist=100_repair_6_males=4_nmar=3,FG_theta_2.5,85,15,2.5,4,3
0.054,5,0,100,41.96819563749711,255.40436686831293,61.417518388169086,9,0.8999999999999999,0.5034264600471192,898,D_pmar=0.054_dist=100_repair_6_males=4_nmar=3,FG_theta_2.5,77,9,2.5,4,3
0.054,13,100,0,39.26839172933119,281.83600342560635,38.4245431008795,5,0.5,0.3842592592592596,898,D_pmar=0.054_dist=100_repair_6_males=4_nmar=3,FG_theta_2.5,60,16,2.5,4,3
0.054,7,100,100,37.744955113000266,289.751206310492,30.277299306486988,17,1.7000000000000004,0.5564063249262674,898,D_pmar=0.054_dist=100_repair_6_males=4_nmar=3,FG_theta_2.5,63,10,2.5,4,3
0.054,9,0,0,38.51968919499224,270.91602388960234,49.01585233191136,10,1,0.5559410237068769,899,D_pmar=0.054_dist=100_repair_6_males=4_nmar=3,FG_theta_2.5,73,10,2.5,4,3
0.054,11,0,100,37.41413494685677,278.45980470087216,42.56242170168595,11,1.1,0.5069327531623078,899,D_pmar=0.054_dist=100_repair_6_males=4_nmar=3,FG_theta_2.5,69,14,2.5,4,3
0,10,100,0,38.477018179752065,284.9354808426016,36.61783041330895,0,0,0,899,D_pmar=0.054_dist=100_repair_6_males=4_nmar=3,FG_theta_2.5,83,11,2.5,4,3
0.054,6,100,100,39.74137936647416,263.7793898578422,55.06953646764388,9,0.8999999999999999,0.5552031553437561,899,D_pmar=0.054_dist=100_repair_6_males=4_nmar=3,FG_theta_2.5,69,11,2.5,4,3
0.054,10,0,0,36.40623093758584,274.08137480193193,48.74560037693833,5,0.5,0.3750000000000003,89,D_pmar=0.054_dist=100_repair_6_males=4_nmar=3,FG_theta_2.5,67,13,2.5,4,3
0,3,0,100,39.64752261937573,283.58595543534346,36.77882930097663,0,0,0,89,D_pmar=0.054_dist=100_repair_6_males=4_nmar=3,FG_theta_2.5,91,6,2.5,4,3
0.054,10,100,0,37.10791003431761,290.7784748571358,30.783724592058533,8,0.7999999999999999,0.5848421379990959,89,D_pmar=0.054_dist=100_repair_6_males=4_nmar=3,FG_theta_2.5,62,11,2.5,4,3
0.054,13,100,100,38.26838104359905,295.90737860470546,24.379237256002487,10,1,0.5436407725518195,89,D_pmar=0.054_dist=100_repair_6_males=4_nmar=3,FG_theta_2.5,77,13,2.5,4,3
0,9,0,0,39.407981191684065,284.05548941782286,36.600340289917256,0,0,0,900,D_pmar=0.054_dist=100_repair_6_males=4_nmar=3,FG_theta_2.5,106,12,2.5,4,3
0.054,11,0,100,38.83774271747916,270.86822662307577,48.95071525136265,9,0.8999999999999999,0.5184386854504492,900,D_pmar=0.054_dist=100_repair_6_males=4_nmar=3,FG_theta_2.5,61,14,2.5,4,3
0.054,10,100,0,41.12063034250975,299.22716728264555,18.434551125822622,9,0.8999999999999999,0.5008507693707117,900,D_pmar=0.054_dist=100_repair_6_males=4_nmar=3,FG_theta_2.5,47,11,2.5,4,3
0.054,6,100,100,39.857872106587344,257.6237882797472,61.27763933292313,9,0.8999999999999999,0.42948866954491,900,D_pmar=0.054_dist=100_repair_6_males=4_nmar=3,FG_theta_2.5,60,8,2.5,4,3
0.054,8,0,0,39.14793733426976,276.85770276355765,42.985269453858265,6,0.6,0.48920855351070497,901,D_pmar=0.054_dist=100_repair_6_males=4_nmar=3,FG_theta_2.5,68,13,2.5,4,3
0,8,0,100,38.34108510326461,291.5310634923168,30.35684323731144,0,0,0,901,D_pmar=0.054_dist=100_repair_6_males=4_nmar=3,FG_theta_2.5,79,8,2.5,4,3
0.054,12,100,0,39.31516583789627,276.9639526903606,42.56387506938708,9,0.8999999999999999,0.45918410270404486,901,D_pmar=0.054_dist=100_repair_6_males=4_nmar=3,FG_theta_2.5,70,15,2.5,4,3
0.054,8,100,100,40.03158207286062,287.8831719086827,30.91835862027195,9,0.8999999999999999,0.4880852169962638,901,D_pmar=0.054_dist=100_repair_6_males=4_nmar=3,FG_theta_2.5,56,9,2.5,4,3
0.054,9,0,0,39.077596405599714,282.8313780908899,36.80643920588704,10,1,0.5000000000000008,902,D_pmar=0.054_dist=100_repair_6_males=4_nmar=3,FG_theta_2.5,71,12,2.5,4,3
0.054,7,0,100,38.60959317469577,277.4064110173146,42.909278470235854,7,0.7,0.4561431108082468,902,D_pmar=0.054_dist=100_repair_6_males=4_nmar=3,FG_theta_2.5,67,9,2.5,4,3
0,10,100,0,38.56339202367179,272.4346042444309,49.00320806123098,0,0,0,902,D_pmar=0.054_dist=100_repair_6_males=4_nmar=3,FG_theta_2.5,102,13,2.5,4,3
0.054,10,100,100,39.69662113331312,276.47401957122014,42.35643128058901,11,1.1,0.5968698220104227,902,D_pmar=0.054_dist=100_repair_6_males=4_nmar=3,FG_theta_2.5,59,12,2.5,4,3
0.054,9,0,0,39.410392992225106,276.4779174749264,42.75894240705315,9,0.8999999999999999,0.4768518518518526,903,D_pmar=0.054_dist=100_repair_6_males=4_nmar=3,FG_theta_2.5,49,11,2.5,4,3
0.054,13,0,100,38.584697246144174,271.2472836151359,48.761582727299896,11,1.1,0.5251787045370958,903,D_pmar=0.054_dist=100_repair_6_males=4_nmar=3,FG_theta_2.5,68,17,2.5,4,3
0.054,8,100,0,38.17593964037855,284.0065662925941,36.48729572940104,9,0.8999999999999999,0.48490794152860056,903,D_pmar=0.054_dist=100_repair_6_males=4_nmar=3,FG_theta_2.5,63,10,2.5,4,3
0,6,100,100,39.59719910155774,271.6277991207302,48.95312134289574,0,0,0,903,D_pmar=0.054_dist=100_repair_6_males=4_nmar=3,FG_theta_2.5,101,12,2.5,4,3
0.054,5,0,0,38.53419780909763,287.51200683899776,32.07887483759974,14,1.4,0.5046296296296304,904,D_pmar=0.054_dist=100_repair_6_males=4_nmar=3,FG_theta_2.5,71,7,2.5,4,3
0.054,10,0,100,41.66557810556757,274.5419352702391,42.52402174887654,8,0.7999999999999999,0.5417231171704626,904,D_pmar=0.054_dist=100_repair_6_males=4_nmar=3,FG_theta_2.5,64,12,2.5,4,3
0,13,100,0,38.56897897942214,279.7852728586926,41.67569434725535,0,0,0,904,D_pmar=0.054_dist=100_repair_6_males=4_nmar=3,FG_theta_2.5,104,16,2.5,4,3
0.054,8,100,100,37.27579969021543,270.58992265577103,50.93857371667542,7,0.7,0.49707190911179294,904,D_pmar=0.054_dist=100_repair_6_males=4_nmar=3,FG_theta_2.5,60,11,2.5,4,3
0,9,0,0,40.651205596783534,258.1715500832898,61.4379705444762,0,0,0,905,D_pmar=0.054_dist=100_repair_6_males=4_nmar=3,FG_theta_2.5,93,11,2.5,4,3
0.054,10,0,100,40.041433015025255,293.5538227544073,24.50628319561003,16,1.6000000000000003,0.5366281863214427,905,D_pmar=0.054_dist=100_repair_6_males=4_nmar=3,FG_theta_2.5,47,14,2.5,4,3
0.054,9,100,0,40.43175069873726,275.7941452258482,42.6193344813794,8,0.7999999999999999,0.3986698998713341,905,D_pmar=0.054_dist=100_repair_6_males=4_nmar=3,FG_theta_2.5,61,12,2.5,4,3
0.054,8,100,100,38.02166372493855,260.2597625676534,60.83857012289083,7,0.7,0.4279000318110784,905,D_pmar=0.054_dist=100_repair_6_males=4_nmar=3,FG_theta_2.5,57,15,2.5,4,3
0,10,0,0,39.54632120674397,265.590635285006,55.02883532322747,0,0,0,906,D_pmar=0.054_dist=100_repair_6_males=4_nmar=3,FG_theta_2.5,84,11,2.5,4,3
0.054,9,0,100,40.38949963685658,269.2583262338537,48.79561529460534,12,1.2,0.4036285471484891,906,D_pmar=0.054_dist=100_repair_6_males=4_nmar=3,FG_theta_2.5,72,12,2.5,4,3
0.054,13,100,0,39.9859500709847,275.9609403842975,42.549132032869885,11,1.1,0.5597763344695907,906,D_pmar=0.054_dist=100_repair_6_males=4_nmar=3,FG_theta_2.5,66,16,2.5,4,3
0.054,4,100,100,39.67468981550789,269.88215539727804,49.04555255877398,9,0.8999999999999999,0.5219449785656378,906,D_pmar=0.054_dist=100_repair_6_males=4_nmar=3,FG_theta_2.5,57,7,2.5,4,3
0.054,13,0,0,39.24808513378899,270.63817414883096,49.079816216506714,6,0.6,0.44066558418552626,907,D_pmar=0.054_dist=100_repair_6_males=4_nmar=3,FG_theta_2.5,56,16,2.5,4,3
0.054,5,0,100,40.031147762098335,294.57264886324566,24.10638384867353,8,0.7999999999999999,0.5644624146030153,907,D_pmar=0.054_dist=100_repair_6_males=4_nmar=3,FG_theta_2.5,62,9,2.5,4,3
0.054,7,100,0,39.41340709798048,294.74044660402194,24.18754202379297,13,1.3,0.4398148148148154,907,D_pmar=0.054_dist=100_repair_6_males=4_nmar=3,FG_theta_2.5,51,8,2.5,4,3
0,11,100,100,38.79350013128971,257.8340657177494,63.63249111228137,0,0,0,907,D_pmar=0.054_dist=100_repair_6_males=4_nmar=3,FG_theta_2.5,105,15,2.5,4,3
0,4,0,0,39.25950101620503,259.39601868676374,61.398968946543235,0,0,0,908,D_pmar=0.054_dist=100_repair_6_males=4_nmar=3,FG_theta_2.5,99,8,2.5,4,3
0.054,13,0,100,38.39110951186978,296.2327869186059,24.304193427224888,7,0.7,0.4834555873666341,908,D_pmar=0.054_dist=100_repair_6_males=4_nmar=3,FG_theta_2.5,58,14,2.5,4,3
0.054,10,100,0,39.32017787397784,257.6835447984787,61.496435326368406,11,1.1,0.458333333333334,908,D_pmar=0.054_dist=100_repair_6_males=4_nmar=3,FG_theta_2.5,69,17,2.5,4,3
0.054,9,100,100,40.432393658831664,287.5393043258068,30.403370478107977,11,1.1,0.5733926562147494,908,D_pmar=0.054_dist=100_repair_6_males=4_nmar=3,FG_theta_2.5,64,11,2.5,4,3
0.054,9,0,0,39.561624447930186,294.60938144208114,24.19865000867789,10,1,0.6411121793534971,909,D_pmar=0.054_dist=100_repair_6_males=4_nmar=3,FG_theta_2.5,58,11,2.5,4,3
0,8,0,100,39.91426604416236,277.7095574587105,42.589491224354894,0,0,0,909,D_pmar=0.054_dist=100_repair_6_males=4_nmar=3,FG_theta_2.5,85,13,2.5,4,3
0.054,12,100,0,39.7497793284972,301.1230419003255,18.24576293657045,7,0.7,0.4483362057109539,909,D_pmar=0.054_dist=100_repair_6_males=4_nmar=3,FG_theta_2.5,69,13,2.5,4,3
0.054,7,100,100,37.51939131382328,266.6180557286213,54.92304457114422,6,0.6,0.45918410270404497,909,D_pmar=0.054_dist=100_repair_6_males=4_nmar=3,FG_theta_2.5,67,11,2.5,4,3
0.054,6,0,0,38.70794694936533,253.05972056646448,67.19131176810058,8,0.7999999999999999,0.4259259259259264,90,D_pmar=0.054_dist=100_repair_6_males=4_nmar=3,FG_theta_2.5,66,11,2.5,4,3
0.054,8,0,100,37.857883249372435,265.66649460721027,54.81320930799915,12,1.2,0.5300809013104559,90,D_pmar=0.054_dist=100_repair_6_males=4_nmar=3,FG_theta_2.5,57,11,2.5,4,3
0,8,100,0,38.791116325041465,278.3743694686559,42.96327463298381,0,0,0,90,D_pmar=0.054_dist=100_repair_6_males=4_nmar=3,FG_theta_2.5,87,10,2.5,4,3
0.054,14,100,100,36.60914283913898,272.6069297593084,48.9048748970406,15,1.5000000000000002,0.5017015387414224,90,D_pmar=0.054_dist=100_repair_6_males=4_nmar=3,FG_theta_2.5,68,15,2.5,4,3
0,6,0,0,39.85447344255913,271.1741175866291,49.05949776779671,0,0,0,910,D_pmar=0.054_dist=100_repair_6_males=4_nmar=3,FG_theta_2.5,68,11,2.5,4,3
0.054,10,0,100,37.21714322402877,297.012465347809,24.2042911634673,13,1.3,0.47148435385910215,910,D_pmar=0.054_dist=100_repair_6_males=4_nmar=3,FG_theta_2.5,49,14,2.5,4,3
0.054,7,100,0,39.05409353448978,271.6293649283505,48.67440439686765,3,0.30000000000000004,0.3859043474968863,910,D_pmar=0.054_dist=100_repair_6_males=4_nmar=3,FG_theta_2.5,68,10,2.5,4,3
0.054,13,100,100,38.42093819054398,290.03996419417325,30.492238460002596,9,0.8999999999999999,0.47312944209672875,910,D_pmar=0.054_dist=100_repair_6_males=4_nmar=3,FG_theta_2.5,56,16,2.5,4,3
0.054,13,0,0,40.72271064707807,287.66459960301347,30.600590945004036,8,0.7999999999999999,0.472222222222223,911,D_pmar=0.054_dist=100_repair_6_males=4_nmar=3,FG_theta_2.5,55,13,2.5,4,3
0.054,11,0,100,39.11097958589225,276.78057118830225,42.863723173007,8,0.7999999999999999,0.4888795358631798,911,D_pmar=0.054_dist=100_repair_6_males=4_nmar=3,FG_theta_2.5,85,14,2.5,4,3
0,8,100,0,37.17418684908162,267.7014085564848,55.2629804704814,0,0,0,911,D_pmar=0.054_dist=100_repair_6_males=4_nmar=3,FG_theta_2.5,97,11,2.5,4,3
0.054,4,100,100,38.86900542117219,289.21372784240907,30.42684570855605,10,1,0.5898572357800457,911,D_pmar=0.054_dist=100_repair_6_males=4_nmar=3,FG_theta_2.5,57,8,2.5,4,3
0,4,0,0,41.4240338045877,274.3861920383171,44.268641892219755,0,0,0,912,D_pmar=0.054_dist=100_repair_6_males=4_nmar=3,FG_theta_2.5,89,6,2.5,4,3
0.054,10,0,100,38.08972951143828,289.9083719482977,30.59169988762869,10,1,0.5267108917671325,912,D_pmar=0.054_dist=100_repair_6_males=4_nmar=3,FG_theta_2.5,60,12,2.5,4,3
0.054,10,100,0,37.91037856172617,259.96347665024683,61.28872785327477,6,0.6,0.4472128691965128,912,D_pmar=0.054_dist=100_repair_6_males=4_nmar=3,FG_theta_2.5,71,13,2.5,4,3
0.054,12,100,100,39.042427358855,295.0613057424212,24.48697933248687,11,1.1,0.4398148148148154,912,D_pmar=0.054_dist=100_repair_6_males=4_nmar=3,FG_theta_2.5,63,14,2.5,4,3
0.054,4,0,0,38.00100309333538,265.61151323424207,54.99850928121891,10,1,0.4730729915929337,913,D_pmar=0.054_dist=100_repair_6_males=4_nmar=3,FG_theta_2.5,67,8,2.5,4,3
0.054,17,0,100,38.518565917887656,295.11997695699944,24.444717657078733,15,1.5000000000000002,0.5138888888888897,913,D_pmar=0.054_dist=100_repair_6_males=4_nmar=3,FG_theta_2.5,55,20,2.5,4,3
0,8,100,0,39.37311972692601,271.9616461859559,48.712104841193906,0,0,0,913,D_pmar=0.054_dist=100_repair_6_males=4_nmar=3,FG_theta_2.5,93,14,2.5,4,3
0.054,7,100,100,38.93024692475093,251.7797425755427,68.17117197998037,7,0.7,0.4966066078924023,913,D_pmar=0.054_dist=100_repair_6_males=4_nmar=3,FG_theta_2.5,69,12,2.5,4,3
0,11,0,0,37.03756294769623,280.1552799018673,43.021407865375345,0,0,0,914,D_pmar=0.054_dist=100_repair_6_males=4_nmar=3,FG_theta_2.5,88,12,2.5,4,3
0.054,12,0,100,40.42272311155006,293.69325495940376,24.70002895375392,7,0.7,0.5107680639250215,914,D_pmar=0.054_dist=100_repair_6_males=4_nmar=3,FG_theta_2.5,71,12,2.5,4,3
0.054,6,100,0,40.54263670355498,293.9046563806759,24.32148409309729,7,0.7,0.7185562629708947,914,D_pmar=0.054_dist=100_repair_6_males=4_nmar=3,FG_theta_2.5,65,6,2.5,4,3
0.054,7,100,100,39.28773657151348,295.46209263870855,24.469386939806665,5,0.5,0.45184249882614247,914,D_pmar=0.054_dist=100_repair_6_males=4_nmar=3,FG_theta_2.5,77,8,2.5,4,3
0.054,8,0,0,38.03100168149344,290.0028484850512,30.786408821036357,7,0.7,0.5982657256685943,915,D_pmar=0.054_dist=100_repair_6_males=4_nmar=3,FG_theta_2.5,73,14,2.5,4,3
0.054,10,0,100,40.09292767342906,312.3082656133028,6.021284106426417,10,1,0.6453563408318066,915,D_pmar=0.054_dist=100_repair_6_males=4_nmar=3,FG_theta_2.5,61,11,2.5,4,3
0,9,100,0,38.78468480317223,252.34216900693107,69.19226649031896,0,0,0,915,D_pmar=0.054_dist=100_repair_6_males=4_nmar=3,FG_theta_2.5,119,15,2.5,4,3
0.054,9,100,100,40.10818956595455,269.6348506627244,48.867532453828034,9,0.8999999999999999,0.6288119281984398,915,D_pmar=0.054_dist=100_repair_6_males=4_nmar=3,FG_theta_2.5,86,13,2.5,4,3
0.054,13,0,0,37.83318256673942,278.30483589905344,42.93214016893885,6,0.6,0.4027777777777782,916,D_pmar=0.054_dist=100_repair_6_males=4_nmar=3,FG_theta_2.5,54,15,2.5,4,3
0.054,7,0,100,38.56072685048201,301.82254330063734,18.25835518015985,9,0.8999999999999999,0.505344115428476,916,D_pmar=0.054_dist=100_repair_6_males=4_nmar=3,FG_theta_2.5,64,9,2.5,4,3
0.054,10,100,0,38.659673842569106,289.57680549942177,30.493751990385817,8,0.7999999999999999,0.5069327531623076,916,D_pmar=0.054_dist=100_repair_6_males=4_nmar=3,FG_theta_2.5,61,13,2.5,4,3
0,6,100,100,38.60946617103902,272.77449273636876,48.781461830532066,0,0,0,916,D_pmar=0.054_dist=100_repair_6_males=4_nmar=3,FG_theta_2.5,96,10,2.5,4,3
0.054,12,0,0,43.04509320474028,288.1740853812877,26.90029641005025,15,1.5000000000000002,0.48457892388107543,917,D_pmar=0.054_dist=100_repair_6_males=4_nmar=3,FG_theta_2.5,58,18,2.5,4,3
0.054,8,0,100,39.29739415759094,258.6379233926233,61.06671663686612,6,0.6,0.47882595773700454,917,D_pmar=0.054_dist=100_repair_6_males=4_nmar=3,FG_theta_2.5,65,12,2.5,4,3
0.054,6,100,0,39.06013463092866,289.276601248347,30.38108161015879,9,0.8999999999999999,0.4831265697191088,917,D_pmar=0.054_dist=100_repair_6_males=4_nmar=3,FG_theta_2.5,61,12,2.5,4,3
0,10,100,100,40.717094205985546,258.01974381074325,61.4463315741392,0,0,0,917,D_pmar=0.054_dist=100_repair_6_males=4_nmar=3,FG_theta_2.5,92,12,2.5,4,3
0.054,6,0,0,38.473596456476926,294.7602448416914,24.76956941101924,16,1.6000000000000003,0.5818575966070927,918,D_pmar=0.054_dist=100_repair_6_males=4_nmar=3,FG_theta_2.5,53,8,2.5,4,3
0.054,10,0,100,39.7060812594305,277.1307132370236,42.49704069930926,3,0.30000000000000004,0.45997842157096064,918,D_pmar=0.054_dist=100_repair_6_males=4_nmar=3,FG_theta_2.5,65,15,2.5,4,3
0.054,8,100,0,39.97096595187885,288.6145377036024,30.261063794323345,8,0.7999999999999999,0.4120370370370375,918,D_pmar=0.054_dist=100_repair_6_males=4_nmar=3,FG_theta_2.5,64,10,2.5,4,3
0,12,100,100,39.34591837982899,259.66887818883555,61.056335448415034,0,0,0,918,D_pmar=0.054_dist=100_repair_6_males=4_nmar=3,FG_theta_2.5,96,12,2.5,4,3
0.054,9,0,0,40.62955418866243,287.47915272396267,30.53740755072526,9,0.8999999999999999,0.516192012421567,919,D_pmar=0.054_dist=100_repair_6_males=4_nmar=3,FG_theta_2.5,75,12,2.5,4,3
0,5,0,100,39.086514644648126,259.9164828422895,61.03883255789501,0,0,0,919,D_pmar=0.054_dist=100_repair_6_males=4_nmar=3,FG_theta_2.5,94,8,2.5,4,3
0.054,14,100,0,38.68968440826329,295.77039658173913,24.525549888037407,6,0.6,0.4360359545558966,919,D_pmar=0.054_dist=100_repair_6_males=4_nmar=3,FG_theta_2.5,68,16,2.5,4,3
0.054,8,100,100,37.32051803638744,278.41366419085574,42.669416281935355,11,1.1,0.5771715164736682,919,D_pmar=0.054_dist=100_repair_6_males=4_nmar=3,FG_theta_2.5,54,10,2.5,4,3
0.054,7,0,0,39.0871758330803,282.3736525387137,36.51692577529657,15,1.5000000000000002,0.5583239803076243,91,D_pmar=0.054_dist=100_repair_6_males=4_nmar=3,FG_theta_2.5,68,10,2.5,4,3
0.054,10,0,100,39.767341763452386,282.2601073676272,36.453719984511345,11,1.1,0.5019741058851529,91,D_pmar=0.054_dist=100_repair_6_males=4_nmar=3,FG_theta_2.5,68,13,2.5,4,3
0,9,100,0,39.11056350371577,266.3046814499677,54.717344099896614,0,0,0,91,D_pmar=0.054_dist=100_repair_6_males=4_nmar=3,FG_theta_2.5,91,13,2.5,4,3
0.054,10,100,100,40.35112749130768,263.8596194885624,54.92279980571355,5,0.5,0.4305555555555561,91,D_pmar=0.054_dist=100_repair_6_males=4_nmar=3,FG_theta_2.5,71,15,2.5,4,3
0.054,11,0,0,40.03524450412733,257.5407787460916,60.94053306759204,10,1,0.489208553510705,920,D_pmar=0.054_dist=100_repair_6_males=4_nmar=3,FG_theta_2.5,59,17,2.5,4,3
0.054,8,0,100,41.76836167153131,273.9573383918367,42.83867332536365,11,1.1,0.365740740740741,920,D_pmar=0.054_dist=100_repair_6_males=4_nmar=3,FG_theta_2.5,62,10,2.5,4,3
0,9,100,0,38.07212035679249,279.2910641828241,42.660949541980074,0,0,0,920,D_pmar=0.054_dist=100_repair_6_males=4_nmar=3,FG_theta_2.5,93,15,2.5,4,3
0.054,8,100,100,39.33934638377255,288.8974634151495,30.415610457389644,8,0.7999999999999999,0.5903225369994363,920,D_pmar=0.054_dist=100_repair_6_males=4_nmar=3,FG_theta_2.5,58,12,2.5,4,3
0.054,8,0,0,39.74838802896705,246.09490385134433,73.14475323575742,6,0.6,0.47855339059327423,921,D_pmar=0.054_dist=100_repair_6_males=4_nmar=3,FG_theta_2.5,76,11,2.5,4,3
0.054,9,0,100,39.79026396270243,280.27387543165383,37.88433611644832,15,1.5000000000000002,0.6210848561692173,921,D_pmar=0.054_dist=100_repair_6_males=4_nmar=3,FG_theta_2.5,66,12,2.5,4,3
0.054,12,100,0,38.65113824025515,283.0895323279065,36.39231098817363,15,1.5000000000000002,0.6033606565176146,921,D_pmar=0.054_dist=100_repair_6_males=4_nmar=3,FG_theta_2.5,61,13,2.5,4,3
0,7,100,100,40.873510604976055,257.8301650169554,61.3513879547185,0,0,0,921,D_pmar=0.054_dist=100_repair_6_males=4_nmar=3,FG_theta_2.5,111,10,2.5,4,3
0.054,8,0,0,38.71643955725964,295.571312269061,24.374121903732455,10,1,0.4629629629629636,922,D_pmar=0.054_dist=100_repair_6_males=4_nmar=3,FG_theta_2.5,56,13,2.5,4,3
0,12,0,100,38.27013167067031,285.1710123513954,36.77924633077184,0,0,0,922,D_pmar=0.054_dist=100_repair_6_males=4_nmar=3,FG_theta_2.5,87,14,2.5,4,3
0.054,8,100,0,39.24555373634742,276.13802457933724,43.37939174568988,7,0.7,0.5713387172615272,922,D_pmar=0.054_dist=100_repair_6_males=4_nmar=3,FG_theta_2.5,67,12,2.5,4,3
0.054,8,100,100,40.4684373162087,275.52265453777335,42.76148330201139,8,0.7999999999999999,0.46110175808540177,922,D_pmar=0.054_dist=100_repair_6_males=4_nmar=3,FG_theta_2.5,72,13,2.5,4,3
0.054,9,0,0,38.19959259738459,277.0534243982499,42.87758921211335,13,1.3,0.6118820474137527,923,D_pmar=0.054_dist=100_repair_6_males=4_nmar=3,FG_theta_2.5,48,11,2.5,4,3
0.054,8,0,100,39.5041389839259,264.72360303207654,54.80220593902334,6,0.6,0.4283653330304688,923,D_pmar=0.054_dist=100_repair_6_males=4_nmar=3,FG_theta_2.5,60,10,2.5,4,3
0.054,13,100,0,38.681044773485425,283.8087706130469,36.40440943167856,9,0.8999999999999999,0.3951636067561457,923,D_pmar=0.054_dist=100_repair_6_males=4_nmar=3,FG_theta_2.5,71,17,2.5,4,3
0,6,100,100,36.68706980042517,287.1277952089769,36.460743921643434,0,0,0,923,D_pmar=0.054_dist=100_repair_6_males=4_nmar=3,FG_theta_2.5,83,7,2.5,4,3
0.054,10,0,0,39.034824750980775,289.7105062872424,30.399960372602457,6,0.6,0.458333333333334,924,D_pmar=0.054_dist=100_repair_6_males=4_nmar=3,FG_theta_2.5,66,12,2.5,4,3
0.054,9,0,100,41.064397393846654,287.05265192858155,30.70417057542505,7,0.7,0.6165116770433826,924,D_pmar=0.054_dist=100_repair_6_males=4_nmar=3,FG_theta_2.5,67,11,2.5,4,3
0,6,100,0,38.62252992549169,261.3056804371713,60.152957470111936,0,0,0,924,D_pmar=0.054_dist=100_repair_6_males=4_nmar=3,FG_theta_2.5,91,8,2.5,4,3
0.054,11,100,100,40.1505132391064,287.4508668853927,30.818029811232936,12,1.2,0.4930438642734188,924,D_pmar=0.054_dist=100_repair_6_males=4_nmar=3,FG_theta_2.5,72,13,2.5,4,3
0.054,11,0,0,38.215185136973886,277.1589648131016,42.773970367883805,15,1.5000000000000002,0.4384189111566439,925,D_pmar=0.054_dist=100_repair_6_males=4_nmar=3,FG_theta_2.5,64,12,2.5,4,3
0.054,10,0,100,38.43904097531821,258.7146893411185,61.2789119873799,11,1.1,0.49224954540650306,925,D_pmar=0.054_dist=100_repair_6_males=4_nmar=3,FG_theta_2.5,61,14,2.5,4,3
0.054,8,100,0,38.33598040044403,265.35719662627014,55.08298019411166,8,0.7999999999999999,0.49350916549280927,925,D_pmar=0.054_dist=100_repair_6_males=4_nmar=3,FG_theta_2.5,69,9,2.5,4,3
0,7,100,100,39.3243850115886,272.47294575693377,48.37684218347744,0,0,0,925,D_pmar=0.054_dist=100_repair_6_males=4_nmar=3,FG_theta_2.5,78,11,2.5,4,3
0.054,9,0,0,38.639762868194744,283.1242634878841,36.65714564054575,11,1.1,0.5377515228358836,926,D_pmar=0.054_dist=100_repair_6_males=4_nmar=3,FG_theta_2.5,52,11,2.5,4,3
0.054,11,0,100,39.08363165992742,277.1076923039532,41.93425598493748,14,1.4,0.5450931267137858,926,D_pmar=0.054_dist=100_repair_6_males=4_nmar=3,FG_theta_2.5,51,14,2.5,4,3
0.054,10,100,0,40.35278512960839,251.1820961543613,67.24958744576574,9,0.8999999999999999,0.49211326183463794,926,D_pmar=0.054_dist=100_repair_6_males=4_nmar=3,FG_theta_2.5,77,13,2.5,4,3
0,6,100,100,38.5986054752109,260.39435659295935,61.13873470043646,0,0,0,926,D_pmar=0.054_dist=100_repair_6_males=4_nmar=3,FG_theta_2.5,108,9,2.5,4,3
0,12,0,0,39.6276276547452,284.05721754684765,36.3782512751752,0,0,0,927,D_pmar=0.054_dist=100_repair_6_males=4_nmar=3,FG_theta_2.5,88,16,2.5,4,3
0.054,9,0,100,39.14345552311703,270.86271530505314,48.732136848651194,8,0.7999999999999999,0.4788259577370047,927,D_pmar=0.054_dist=100_repair_6_males=4_nmar=3,FG_theta_2.5,65,12,2.5,4,3
0.054,5,100,0,39.362028364454346,282.15102685467383,36.57684729967783,15,1.5000000000000002,0.4938381831403346,927,D_pmar=0.054_dist=100_repair_6_males=4_nmar=3,FG_theta_2.5,57,6,2.5,4,3
0.054,10,100,100,39.372206327328065,265.10563715913435,54.48862353499754,6,0.6,0.5175080830116683,927,D_pmar=0.054_dist=100_repair_6_males=4_nmar=3,FG_theta_2.5,63,12,2.5,4,3
0.054,7,0,0,40.05447224288639,275.8440313255178,42.686581924566646,8,0.7999999999999999,0.6192236512916552,928,D_pmar=0.054_dist=100_repair_6_males=4_nmar=3,FG_theta_2.5,57,13,2.5,4,3
0,14,0,100,40.894150846556506,270.0084462462531,49.210671350979815,0,0,0,928,D_pmar=0.054_dist=100_repair_6_males=4_nmar=3,FG_theta_2.5,97,17,2.5,4,3
0.054,6,100,0,40.43274085694935,268.79509706590056,49.160794103361035,11,1.1,0.5158629947740417,928,D_pmar=0.054_dist=100_repair_6_males=4_nmar=3,FG_theta_2.5,73,10,2.5,4,3
0.054,9,100,100,40.55521005831744,269.13322550145443,48.7827101278795,12,1.2,0.4398148148148154,928,D_pmar=0.054_dist=100_repair_6_males=4_nmar=3,FG_theta_2.5,73,11,2.5,4,3
0,7,0,0,39.96151452341858,259.36739039742343,60.833552397494365,0,0,0,929,D_pmar=0.054_dist=100_repair_6_males=4_nmar=3,FG_theta_2.5,82,11,2.5,4,3
0.054,5,0,100,39.86470416025795,264.0175654466043,55.001966195671535,6,0.6,0.5379442569115437,929,D_pmar=0.054_dist=100_repair_6_males=4_nmar=3,FG_theta_2.5,76,10,2.5,4,3
0.054,8,100,0,41.29687243441159,274.5760802961719,43.01059854508676,8,0.7999999999999999,0.4398148148148154,929,D_pmar=0.054_dist=100_repair_6_males=4_nmar=3,FG_theta_2.5,69,14,2.5,4,3
0.054,16,100,100,38.55337724251776,307.36034106130245,12.279125187480403,14,1.4,0.5096447274105804,929,D_pmar=0.054_dist=100_repair_6_males=4_nmar=3,FG_theta_2.5,57,17,2.5,4,3
0.054,10,0,0,39.61662264474467,258.1554239853356,61.15879244777208,8,0.7999999999999999,0.3842592592592596,92,D_pmar=0.054_dist=100_repair_6_males=4_nmar=3,FG_theta_2.5,75,12,2.5,4,3
0.054,9,0,100,37.46207326955764,308.64957756675017,12.237352235190905,11,1.1,0.5872250945998434,92,D_pmar=0.054_dist=100_repair_6_males=4_nmar=3,FG_theta_2.5,54,9,2.5,4,3
0,6,100,0,38.00243751592101,267.2390345233066,54.969460248021775,0,0,0,92,D_pmar=0.054_dist=100_repair_6_males=4_nmar=3,FG_theta_2.5,92,13,2.5,4,3
0.054,11,100,100,39.22075086604615,282.8522621730688,36.680460158255435,8,0.7999999999999999,0.5085213908961392,92,D_pmar=0.054_dist=100_repair_6_males=4_nmar=3,FG_theta_2.5,73,13,2.5,4,3
0.054,8,0,0,40.51261610288056,272.6884623736107,45.067692142054696,12,1.2,0.5556120060593517,930,D_pmar=0.054_dist=100_repair_6_males=4_nmar=3,FG_theta_2.5,66,12,2.5,4,3
0.054,15,0,100,39.572010409230664,249.4929902024888,69.85242355978714,7,0.7,0.4402002829661358,930,D_pmar=0.054_dist=100_repair_6_males=4_nmar=3,FG_theta_2.5,79,18,2.5,4,3
0,8,100,0,40.208686322192754,252.99579050271467,67.11191422313132,0,0,0,930,D_pmar=0.054_dist=100_repair_6_males=4_nmar=3,FG_theta_2.5,103,8,2.5,4,3
0.054,5,100,100,40.34293002576992,299.2383655274034,18.567914102062325,15,1.5000000000000002,0.5944304149058804,930,D_pmar=0.054_dist=100_repair_6_males=4_nmar=3,FG_theta_2.5,52,8,2.5,4,3
0.054,12,0,0,40.19139428178555,306.82037017705676,12.046575173491313,6,0.6,0.594895716125271,931,D_pmar=0.054_dist=100_repair_6_males=4_nmar=3,FG_theta_2.5,60,14,2.5,4,3
0.054,11,0,100,40.020005116836536,288.1641360702169,30.605713789544794,8,0.7999999999999999,0.4212962962962968,931,D_pmar=0.054_dist=100_repair_6_males=4_nmar=3,FG_theta_2.5,74,15,2.5,4,3
0,5,100,0,40.15804504671844,271.11876648117897,48.76309964470718,0,0,0,931,D_pmar=0.054_dist=100_repair_6_males=4_nmar=3,FG_theta_2.5,88,6,2.5,4,3
0.054,8,100,100,39.24542486529903,287.08965467440385,32.6415786579988,7,0.7,0.510166479133766,931,D_pmar=0.054_dist=100_repair_6_males=4_nmar=3,FG_theta_2.5,70,9,2.5,4,3
0.054,7,0,0,41.2486342845404,292.9646186264777,24.474059889151967,9,0.8999999999999999,0.5625447592216585,932,D_pmar=0.054_dist=100_repair_6_males=4_nmar=3,FG_theta_2.5,55,11,2.5,4,3
0.054,11,0,100,38.33349652130144,278.3563749749212,42.08399727006865,7,0.7,0.5771715164736682,932,D_pmar=0.054_dist=100_repair_6_males=4_nmar=3,FG_theta_2.5,75,14,2.5,4,3
0,7,100,0,39.32106079621798,290.31468552144287,30.38751048732689,0,0,0,932,D_pmar=0.054_dist=100_repair_6_males=4_nmar=3,FG_theta_2.5,99,12,2.5,4,3
0.054,11,100,100,38.27469775939136,271.74841748477365,48.76732210123576,8,0.7999999999999999,0.4588550850565194,932,D_pmar=0.054_dist=100_repair_6_males=4_nmar=3,FG_theta_2.5,67,16,2.5,4,3
0,9,0,0,38.812373130944515,284.7072512979797,36.5088743369351,0,0,0,933,D_pmar=0.054_dist=100_repair_6_males=4_nmar=3,FG_theta_2.5,76,10,2.5,4,3
0.054,8,0,100,39.075919562820886,273.4090973390578,46.54928634709593,8,0.7999999999999999,0.3379629629629631,933,D_pmar=0.054_dist=100_repair_6_males=4_nmar=3,FG_theta_2.5,78,11,2.5,4,3
0.054,9,100,0,38.516690654027734,296.45307825579096,24.369268655726824,4,0.4,0.35587989669022624,933,D_pmar=0.054_dist=100_repair_6_males=4_nmar=3,FG_theta_2.5,58,9,2.5,4,3
0.054,10,100,100,40.364700448780816,300.2750475210415,18.08397882799004,9,0.8999999999999999,0.6403976935546516,933,D_pmar=0.054_dist=100_repair_6_males=4_nmar=3,FG_theta_2.5,53,11,2.5,4,3
0.054,9,0,0,39.29463147152386,300.8114227394912,18.32976722365225,13,1.3,0.4398148148148154,934,D_pmar=0.054_dist=100_repair_6_males=4_nmar=3,FG_theta_2.5,54,14,2.5,4,3
0.054,5,0,100,39.061528061528975,295.85195706126785,24.27889061542885,4,0.4,0.4499248434447856,934,D_pmar=0.054_dist=100_repair_6_males=4_nmar=3,FG_theta_2.5,70,8,2.5,4,3
0.054,11,100,0,36.77978205723463,267.88184894190994,54.55981291561143,3,0.30000000000000004,0.4823887013559881,934,D_pmar=0.054_dist=100_repair_6_males=4_nmar=3,FG_theta_2.5,58,14,2.5,4,3
0,11,100,100,39.97339845760825,295.38481102397606,24.792444168949107,0,0,0,934,D_pmar=0.054_dist=100_repair_6_males=4_nmar=3,FG_theta_2.5,80,13,2.5,4,3
0,7,0,0,40.64217196306412,270.6109137306131,48.78275248761915,0,0,0,935,D_pmar=0.054_dist=100_repair_6_males=4_nmar=3,FG_theta_2.5,110,11,2.5,4,3
0.054,9,0,100,39.216188290426935,276.589517858432,42.95894801620316,9,0.8999999999999999,0.5107680639250216,935,D_pmar=0.054_dist=100_repair_6_males=4_nmar=3,FG_theta_2.5,77,12,2.5,4,3
0.054,6,100,0,39.263693319275006,309.9719354446651,9.803100720662744,7,0.7,0.472222222222223,935,D_pmar=0.054_dist=100_repair_6_males=4_nmar=3,FG_theta_2.5,62,7,2.5,4,3
0.054,14,100,100,39.4569339755039,276.8171174978426,42.361390391835414,8,0.7999999999999999,0.5832535002652642,935,D_pmar=0.054_dist=100_repair_6_males=4_nmar=3,FG_theta_2.5,57,18,2.5,4,3
0.054,9,0,0,40.29443478494701,281.9050826943052,36.58521241299823,8,0.7999999999999999,0.41666666666666713,936,D_pmar=0.054_dist=100_repair_6_males=4_nmar=3,FG_theta_2.5,73,11,2.5,4,3
0.054,8,0,100,40.30521858208514,294.4174645005701,24.43609964085983,4,0.4,0.5112333651444121,936,D_pmar=0.054_dist=100_repair_6_males=4_nmar=3,FG_theta_2.5,61,9,2.5,4,3
0,7,100,0,36.2313816563546,287.3164110408001,36.616015480483725,0,0,0,936,D_pmar=0.054_dist=100_repair_6_males=4_nmar=3,FG_theta_2.5,91,10,2.5,4,3
0.054,12,100,100,39.382096078322334,294.89688738670924,24.511709248349113,8,0.7999999999999999,0.5505170752103313,936,D_pmar=0.054_dist=100_repair_6_males=4_nmar=3,FG_theta_2.5,67,13,2.5,4,3
0,8,0,0,40.59591022474783,260.7133745322056,58.83212641342755,0,0,0,937,D_pmar=0.054_dist=100_repair_6_males=4_nmar=3,FG_theta_2.5,88,9,2.5,4,3
0.054,7,0,100,40.19079697078456,294.094084136881,24.372955694281274,9,0.8999999999999999,0.49224954540650295,937,D_pmar=0.054_dist=100_repair_6_males=4_nmar=3,FG_theta_2.5,62,10,2.5,4,3
0.054,9,100,0,37.59794263525146,296.7451563657237,24.312635524395837,8,0.7999999999999999,0.5835825179127896,937,D_pmar=0.054_dist=100_repair_6_males=4_nmar=3,FG_theta_2.5,56,10,2.5,4,3
0.054,12,100,100,39.19653496541506,283.1922029899623,36.6041343755358,7,0.7,0.41751743603737806,937,D_pmar=0.054_dist=100_repair_6_males=4_nmar=3,FG_theta_2.5,71,16,2.5,4,3
0.054,18,0,0,38.500159539350875,289.3142783010166,30.651575620637693,13,1.3,0.4490740740740747,938,D_pmar=0.054_dist=100_repair_6_males=4_nmar=3,FG_theta_2.5,66,22,2.5,4,3
0.054,5,0,100,38.8626272742808,265.13659843523493,55.00133893456466,6,0.6,0.4060115037492365,938,D_pmar=0.054_dist=100_repair_6_males=4_nmar=3,FG_theta_2.5,58,13,2.5,4,3
0.054,6,100,0,40.939967227500894,293.3863561772624,24.451243577481836,8,0.7999999999999999,0.4872908981293479,938,D_pmar=0.054_dist=100_repair_6_males=4_nmar=3,FG_theta_2.5,61,8,2.5,4,3
0,7,100,100,39.21209413897037,266.1040341766927,54.85270318453704,0,0,0,938,D_pmar=0.054_dist=100_repair_6_males=4_nmar=3,FG_theta_2.5,83,12,2.5,4,3
0.054,9,0,0,38.92167688095184,277.1192499258037,42.90848832685432,5,0.5,0.5583804308114194,939,D_pmar=0.054_dist=100_repair_6_males=4_nmar=3,FG_theta_2.5,57,10,2.5,4,3
0,12,0,100,38.84270324733898,291.07467262769603,30.2919088485178,0,0,0,939,D_pmar=0.054_dist=100_repair_6_males=4_nmar=3,FG_theta_2.5,103,12,2.5,4,3
0.054,4,100,0,40.91584768110529,275.27041530724347,43.047387894369045,6,0.6,0.3921226148603475,939,D_pmar=0.054_dist=100_repair_6_males=4_nmar=3,FG_theta_2.5,67,6,2.5,4,3
0.054,11,100,100,39.73011204670727,306.65190614822245,12.115831513790448,10,1,0.5458874455807016,939,D_pmar=0.054_dist=100_repair_6_males=4_nmar=3,FG_theta_2.5,49,12,2.5,4,3
0,9,0,0,40.143458516466104,271.4851294635977,48.504931746944195,0,0,0,93,D_pmar=0.054_dist=100_repair_6_males=4_nmar=3,FG_theta_2.5,80,13,2.5,4,3
0.054,11,0,100,39.336703983921765,276.8599405825858,42.45766062394118,9,0.8999999999999999,0.5491211715521599,93,D_pmar=0.054_dist=100_repair_6_males=4_nmar=3,FG_theta_2.5,67,15,2.5,4,3
0.054,8,100,0,38.542649237639985,278.07198855416317,42.49236991388591,5,0.5,0.4459532491102065,93,D_pmar=0.054_dist=100_repair_6_males=4_nmar=3,FG_theta_2.5,70,10,2.5,4,3
0.054,8,100,100,38.635114341987915,289.03202228698694,30.58120641140126,13,1.3,0.472222222222223,93,D_pmar=0.054_dist=100_repair_6_males=4_nmar=3,FG_theta_2.5,61,11,2.5,4,3
0.054,8,0,0,39.041582300445675,270.552800998155,49.22246488846553,7,0.7,0.5050150977809509,940,D_pmar=0.054_dist=100_repair_6_males=4_nmar=3,FG_theta_2.5,67,11,2.5,4,3
0.054,9,0,100,39.05944956656678,289.4210977322562,30.42468134669801,8,0.7999999999999999,0.5050150977809508,940,D_pmar=0.054_dist=100_repair_6_males=4_nmar=3,FG_theta_2.5,64,11,2.5,4,3
0,12,100,0,38.87293302184004,278.3928800973009,42.73950637374092,0,0,0,940,D_pmar=0.054_dist=100_repair_6_males=4_nmar=3,FG_theta_2.5,99,14,2.5,4,3
0.054,7,100,100,40.19194306443628,293.7892550364248,24.663075189340557,9,0.8999999999999999,0.5243279351663852,940,D_pmar=0.054_dist=100_repair_6_males=4_nmar=3,FG_theta_2.5,60,10,2.5,4,3
0,13,0,0,41.01975220559969,264.32308635707534,54.70318067937578,0,0,0,941,D_pmar=0.054_dist=100_repair_6_males=4_nmar=3,FG_theta_2.5,94,14,2.5,4,3
0.054,11,0,100,37.73131085578004,302.1939230189532,18.607993388234146,11,1.1,0.5447641090662607,941,D_pmar=0.054_dist=100_repair_6_males=4_nmar=3,FG_theta_2.5,62,14,2.5,4,3
0.054,8,100,0,39.420743355604024,290.9287772131807,28.66160872957951,7,0.7,0.43378928152701424,941,D_pmar=0.054_dist=100_repair_6_males=4_nmar=3,FG_theta_2.5,61,9,2.5,4,3
0.054,4,100,100,39.03774391715306,283.2310108192149,36.81152091898364,5,0.5,0.4398148148148154,941,D_pmar=0.054_dist=100_repair_6_males=4_nmar=3,FG_theta_2.5,67,8,2.5,4,3
0.054,7,0,0,38.06784748301201,296.06639465061517,24.61916254524687,9,0.8999999999999999,0.5216159609181122,942,D_pmar=0.054_dist=100_repair_6_males=4_nmar=3,FG_theta_2.5,58,11,2.5,4,3
0,9,0,100,38.65772807950604,272.2495818771335,49.314487899764735,0,0,0,942,D_pmar=0.054_dist=100_repair_6_males=4_nmar=3,FG_theta_2.5,104,12,2.5,4,3
0.054,8,100,0,38.84853368450136,276.6500740815442,42.91355977969278,12,1.2,0.44444444444444503,942,D_pmar=0.054_dist=100_repair_6_males=4_nmar=3,FG_theta_2.5,52,8,2.5,4,3
0.054,12,100,100,39.04906729159397,271.1791748612054,48.79127984058008,6,0.6,0.5104954967812911,942,D_pmar=0.054_dist=100_repair_6_males=4_nmar=3,FG_theta_2.5,66,14,2.5,4,3
0.054,11,0,0,40.64183819879234,262.4513229065113,55.004856031726234,16,1.6000000000000003,0.5297518836629306,943,D_pmar=0.054_dist=100_repair_6_males=4_nmar=3,FG_theta_2.5,73,15,2.5,4,3
0,5,0,100,38.1443149466756,285.36683213641595,36.71362251224015,0,0,0,943,D_pmar=0.054_dist=100_repair_6_males=4_nmar=3,FG_theta_2.5,95,7,2.5,4,3
0.054,6,100,0,37.92934091280339,246.85354145536309,73.8736938375672,11,1.1,0.4675925925925933,943,D_pmar=0.054_dist=100_repair_6_males=4_nmar=3,FG_theta_2.5,80,14,2.5,4,3
0.054,14,100,100,38.56076392024629,277.32546409865927,43.00079603569901,7,0.7,0.5624883087178634,943,D_pmar=0.054_dist=100_repair_6_males=4_nmar=3,FG_theta_2.5,62,17,2.5,4,3
0.054,6,0,0,39.916742472790155,275.97894039002665,42.714854192608414,11,1.1,0.5077270720292235,944,D_pmar=0.054_dist=100_repair_6_males=4_nmar=3,FG_theta_2.5,60,8,2.5,4,3
0.054,12,0,100,38.25653806441245,271.9068060009889,48.68847960699971,9,0.8999999999999999,0.5216159609181125,944,D_pmar=0.054_dist=100_repair_6_males=4_nmar=3,FG_theta_2.5,72,14,2.5,4,3
0.054,5,100,0,38.471092461061374,289.7591779589827,30.66349242346543,7,0.7,0.518245951374789,944,D_pmar=0.054_dist=100_repair_6_males=4_nmar=3,FG_theta_2.5,63,7,2.5,4,3
0,13,100,100,40.29988073221783,277.0410355659089,42.67853779660595,0,0,0,944,D_pmar=0.054_dist=100_repair_6_males=4_nmar=3,FG_theta_2.5,102,14,2.5,4,3
0.054,10,0,0,39.56329043155238,264.4021492608635,54.847187635796494,8,0.7999999999999999,0.49323659834907896,945,D_pmar=0.054_dist=100_repair_6_males=4_nmar=3,FG_theta_2.5,82,14,2.5,4,3
0.054,11,0,100,39.93365322263833,281.87024301707044,36.485901237149086,14,1.4,0.5000000000000008,945,D_pmar=0.054_dist=100_repair_6_males=4_nmar=3,FG_theta_2.5,60,13,2.5,4,3
0,8,100,0,40.87925229734115,273.33522708831356,45.84624671789381,0,0,0,945,D_pmar=0.054_dist=100_repair_6_males=4_nmar=3,FG_theta_2.5,93,10,2.5,4,3
0.054,7,100,100,39.89024315942269,282.31641148150254,36.56577276090387,7,0.7,0.5396691782172406,945,D_pmar=0.054_dist=100_repair_6_males=4_nmar=3,FG_theta_2.5,58,9,2.5,4,3
0.054,16,0,0,40.081343671178104,275.93108533824534,42.52775615273641,10,1,0.5000000000000008,946,D_pmar=0.054_dist=100_repair_6_males=4_nmar=3,FG_theta_2.5,61,18,2.5,4,3
0,8,0,100,38.90485239961848,278.3574308734412,42.747972667875715,0,0,0,946,D_pmar=0.054_dist=100_repair_6_males=4_nmar=3,FG_theta_2.5,88,10,2.5,4,3
0.054,8,100,0,38.49370063446126,265.6805040891649,54.78953262329435,8,0.7999999999999999,0.4720061055822876,946,D_pmar=0.054_dist=100_repair_6_males=4_nmar=3,FG_theta_2.5,75,12,2.5,4,3
0.054,4,100,100,40.469238633914635,294.06596578177516,24.209984493781807,9,0.8999999999999999,0.5196983055367554,946,D_pmar=0.054_dist=100_repair_6_males=4_nmar=3,FG_theta_2.5,63,8,2.5,4,3
0.054,10,0,0,39.37010295540072,282.6647796733328,36.79312531815662,7,0.7,0.5080560896767489,947,D_pmar=0.054_dist=100_repair_6_males=4_nmar=3,FG_theta_2.5,55,12,2.5,4,3
0,9,0,100,37.50098025192486,286.1320907399581,36.449540232318355,0,0,0,947,D_pmar=0.054_dist=100_repair_6_males=4_nmar=3,FG_theta_2.5,88,13,2.5,4,3
0.054,10,100,0,39.60259315645738,288.2743841630381,30.711059621764385,10,1,0.4834555873666342,947,D_pmar=0.054_dist=100_repair_6_males=4_nmar=3,FG_theta_2.5,74,11,2.5,4,3
0.054,7,100,100,39.705462428324296,276.54015477404863,42.72744703150702,7,0.7,0.5868162438842478,947,D_pmar=0.054_dist=100_repair_6_males=4_nmar=3,FG_theta_2.5,68,11,2.5,4,3
0.054,9,0,0,41.02483652243406,299.35467891411514,18.298931915873464,9,0.8999999999999999,0.5396691782172406,948,D_pmar=0.054_dist=100_repair_6_males=4_nmar=3,FG_theta_2.5,44,10,2.5,4,3
0,7,0,100,38.0634626115853,267.03119712843073,54.95216817284006,0,0,0,948,D_pmar=0.054_dist=100_repair_6_males=4_nmar=3,FG_theta_2.5,95,10,2.5,4,3
0.054,8,100,0,38.7001832293196,283.6984632564569,36.46826695341454,10,1,0.44304854078627354,948,D_pmar=0.054_dist=100_repair_6_males=4_nmar=3,FG_theta_2.5,65,10,2.5,4,3
0.054,12,100,100,39.24977844218976,258.52637753739106,60.94329563442515,9,0.8999999999999999,0.4317353425737924,948,D_pmar=0.054_dist=100_repair_6_males=4_nmar=3,FG_theta_2.5,63,14,2.5,4,3
0.054,5,0,0,37.57174867906112,290.9501834899833,30.512267047977563,6,0.6,0.5027684247520686,949,D_pmar=0.054_dist=100_repair_6_males=4_nmar=3,FG_theta_2.5,60,8,2.5,4,3
0,9,0,100,40.652989528372295,276.7701728076939,42.69624235722437,0,0,0,949,D_pmar=0.054_dist=100_repair_6_males=4_nmar=3,FG_theta_2.5,106,13,2.5,4,3
0.054,9,100,0,37.50083553860881,291.29051578548035,30.46677845721252,5,0.5,0.5317259895480825,949,D_pmar=0.054_dist=100_repair_6_males=4_nmar=3,FG_theta_2.5,71,12,2.5,4,3
0.054,13,100,100,41.092154170833936,301.21124966241234,16.259759566340826,9,0.8999999999999999,0.587088811027978,949,D_pmar=0.054_dist=100_repair_6_males=4_nmar=3,FG_theta_2.5,59,13,2.5,4,3
0.054,5,0,0,38.20435950979484,284.12741955398195,36.446744609036664,9,0.8999999999999999,0.4433775584337989,94,D_pmar=0.054_dist=100_repair_6_males=4_nmar=3,FG_theta_2.5,73,7,2.5,4,3
0.054,10,0,100,38.61426109912222,281.2534613343298,38.75026285843163,10,1,0.5786238706356346,94,D_pmar=0.054_dist=100_repair_6_males=4_nmar=3,FG_theta_2.5,50,13,2.5,4,3
0.054,11,100,0,39.28870892521177,295.11639258635483,24.48749333145071,7,0.7,0.4818669496328026,94,D_pmar=0.054_dist=100_repair_6_males=4_nmar=3,FG_theta_2.5,65,11,2.5,4,3
0,10,100,100,38.7449525794964,266.09234966083267,55.28165374370847,0,0,0,94,D_pmar=0.054_dist=100_repair_6_males=4_nmar=3,FG_theta_2.5,95,12,2.5,4,3
0,10,0,0,36.58046014268844,280.86008219160647,42.62680721912352,0,0,0,950,D_pmar=0.054_dist=100_repair_6_males=4_nmar=3,FG_theta_2.5,106,14,2.5,4,3
0.054,3,0,100,39.60505202260808,295.5323836294472,24.123683568424624,5,0.5,0.4845789238810753,950,D_pmar=0.054_dist=100_repair_6_males=4_nmar=3,FG_theta_2.5,58,3,2.5,4,3
0.054,9,100,0,39.69086965245026,282.7003961787799,36.51638727798283,6,0.6,0.5671743888512879,950,D_pmar=0.054_dist=100_repair_6_males=4_nmar=3,FG_theta_2.5,69,11,2.5,4,3
0.054,14,100,100,41.47514681511854,298.6933627108952,18.44367393328889,9,0.8999999999999999,0.5597763344695907,950,D_pmar=0.054_dist=100_repair_6_males=4_nmar=3,FG_theta_2.5,60,15,2.5,4,3
0.054,8,0,0,35.90278286710291,292.7001001501822,30.225473821357323,8,0.7999999999999999,0.4730729915929338,951,D_pmar=0.054_dist=100_repair_6_males=4_nmar=3,FG_theta_2.5,61,12,2.5,4,3
0.054,9,0,100,40.034595682997654,294.36019467221075,24.499948643841325,7,0.7,0.5583239803076242,951,D_pmar=0.054_dist=100_repair_6_males=4_nmar=3,FG_theta_2.5,58,12,2.5,4,3
0,5,100,0,41.27241666292413,264.14572307430007,54.85439348561464,0,0,0,951,D_pmar=0.054_dist=100_repair_6_males=4_nmar=3,FG_theta_2.5,102,11,2.5,4,3
0.054,14,100,100,39.03928005988772,282.91681891257656,36.729157840468325,9,0.8999999999999999,0.4534311365599741,951,D_pmar=0.054_dist=100_repair_6_males=4_nmar=3,FG_theta_2.5,67,19,2.5,4,3
0.054,12,0,0,38.25685172550843,290.3681786540118,30.408662047018822,7,0.7,0.4930438642734187,952,D_pmar=0.054_dist=100_repair_6_males=4_nmar=3,FG_theta_2.5,68,20,2.5,4,3
0.054,10,0,100,40.20431304937477,290.3754000695734,28.222903882886243,9,0.8999999999999999,0.555146704839961,952,D_pmar=0.054_dist=100_repair_6_males=4_nmar=3,FG_theta_2.5,51,11,2.5,4,3
0,8,100,0,40.22784629856317,270.9796105548055,48.878786384909475,0,0,0,952,D_pmar=0.054_dist=100_repair_6_males=4_nmar=3,FG_theta_2.5,95,16,2.5,4,3
0.054,6,100,100,40.278790348004655,275.283131965354,43.209575895180826,9,0.8999999999999999,0.5072617708098329,952,D_pmar=0.054_dist=100_repair_6_males=4_nmar=3,FG_theta_2.5,76,9,2.5,4,3
0.054,7,0,0,40.161141884669874,299.8381959583757,18.40812101997539,10,1,0.6334415578280693,953,D_pmar=0.054_dist=100_repair_6_males=4_nmar=3,FG_theta_2.5,59,8,2.5,4,3
0,10,0,100,39.600803398423466,265.7758895433204,54.788467689458365,0,0,0,953,D_pmar=0.054_dist=100_repair_6_males=4_nmar=3,FG_theta_2.5,103,12,2.5,4,3
0.054,11,100,0,37.714431111888,309.1130439346324,12.131424489397874,6,0.6,0.5782948529881093,953,D_pmar=0.054_dist=100_repair_6_males=4_nmar=3,FG_theta_2.5,62,11,2.5,4,3
0.054,8,100,100,37.370716789306215,279.1370599082844,42.5931429794851,5,0.5,0.4283653330304689,953,D_pmar=0.054_dist=100_repair_6_males=4_nmar=3,FG_theta_2.5,76,9,2.5,4,3
0,12,0,0,37.16503275608456,274.0322005775676,48.990938604298506,0,0,0,954,D_pmar=0.054_dist=100_repair_6_males=4_nmar=3,FG_theta_2.5,103,14,2.5,4,3
0.054,13,0,100,39.65256217683695,270.58414809816236,48.756694069755376,9,0.8999999999999999,0.4714843538591022,954,D_pmar=0.054_dist=100_repair_6_males=4_nmar=3,FG_theta_2.5,69,13,2.5,4,3
0.054,7,100,0,40.00535447456676,288.08912527872803,30.286068403555877,12,1.2,0.472222222222223,954,D_pmar=0.054_dist=100_repair_6_males=4_nmar=3,FG_theta_2.5,54,9,2.5,4,3
0.054,4,100,100,38.60035179027947,281.78822216983343,38.50142089789418,7,0.7,0.4884142346437891,954,D_pmar=0.054_dist=100_repair_6_males=4_nmar=3,FG_theta_2.5,56,6,2.5,4,3
0.054,4,0,0,42.31593160988991,292.3347524057677,24.291590774649855,7,0.7,0.3935185185185189,955,D_pmar=0.054_dist=100_repair_6_males=4_nmar=3,FG_theta_2.5,49,6,2.5,4,3
0,12,0,100,38.47197022534814,260.4242767204643,61.15808663821932,0,0,0,955,D_pmar=0.054_dist=100_repair_6_males=4_nmar=3,FG_theta_2.5,87,13,2.5,4,3
0.054,14,100,0,39.72794857527378,282.6180378316707,36.617007268749965,9,0.8999999999999999,0.4112991686739168,955,D_pmar=0.054_dist=100_repair_6_males=4_nmar=3,FG_theta_2.5,57,16,2.5,4,3
0.054,6,100,100,38.706942566311426,289.644240354957,30.442453717194017,9,0.8999999999999999,0.5374789556921532,955,D_pmar=0.054_dist=100_repair_6_males=4_nmar=3,FG_theta_2.5,58,8,2.5,4,3
0.054,12,0,0,37.06835275535192,289.65572904584275,32.01193566200081,8,0.7999999999999999,0.5232045986519439,956,D_pmar=0.054_dist=100_repair_6_males=4_nmar=3,FG_theta_2.5,63,13,2.5,4,3
0,8,0,100,36.08907688650065,256.93652408441386,66.98119951352561,0,0,0,956,D_pmar=0.054_dist=100_repair_6_males=4_nmar=3,FG_theta_2.5,108,13,2.5,4,3
0.054,10,100,0,38.9137404354899,294.8852228311469,24.770558628687375,11,1.1,0.458333333333334,956,D_pmar=0.054_dist=100_repair_6_males=4_nmar=3,FG_theta_2.5,58,11,2.5,4,3
0.054,6,100,100,39.311209458705584,270.5982391657446,48.60660502336784,10,1,0.5165210300690922,956,D_pmar=0.054_dist=100_repair_6_males=4_nmar=3,FG_theta_2.5,66,9,2.5,4,3
0.054,10,0,0,39.515109325021776,300.72709920347336,18.39953042466302,8,0.7999999999999999,0.6296062470653556,957,D_pmar=0.054_dist=100_repair_6_males=4_nmar=3,FG_theta_2.5,56,10,2.5,4,3
0,11,0,100,42.37907152556352,287.3855560258296,30.37792793809825,0,0,0,957,D_pmar=0.054_dist=100_repair_6_males=4_nmar=3,FG_theta_2.5,102,14,2.5,4,3
0.054,8,100,0,38.134932398639975,290.48753760025136,30.29032788843576,9,0.8999999999999999,0.458333333333334,957,D_pmar=0.054_dist=100_repair_6_males=4_nmar=3,FG_theta_2.5,72,9,2.5,4,3
0.054,7,100,100,38.36634483786852,271.9826189330623,48.96683955379469,4,0.4,0.42757101416355303,957,D_pmar=0.054_dist=100_repair_6_males=4_nmar=3,FG_theta_2.5,58,8,2.5,4,3
0.054,10,0,0,40.315367555575484,268.7399736936584,48.97768369525831,16,1.6000000000000003,0.5999108139062208,958,D_pmar=0.054_dist=100_repair_6_males=4_nmar=3,FG_theta_2.5,63,13,2.5,4,3
0.054,6,0,100,40.73639866049493,274.6097411736221,43.013486716301294,12,1.2,0.4768518518518526,958,D_pmar=0.054_dist=100_repair_6_males=4_nmar=3,FG_theta_2.5,59,8,2.5,4,3
0,6,100,0,39.18621538549528,235.86937766206324,84.965698076543,0,0,0,958,D_pmar=0.054_dist=100_repair_6_males=4_nmar=3,FG_theta_2.5,102,10,2.5,4,3
0.054,14,100,100,40.643912441405945,268.8351023214865,49.35956207850816,9,0.8999999999999999,0.48186694963280263,958,D_pmar=0.054_dist=100_repair_6_males=4_nmar=3,FG_theta_2.5,70,14,2.5,4,3
0,4,0,0,38.2885471859742,260.5008779351316,61.2155499998261,0,0,0,959,D_pmar=0.054_dist=100_repair_6_males=4_nmar=3,FG_theta_2.5,100,5,2.5,4,3
0.054,11,0,100,40.15911957274674,275.0719426827591,42.518690245380775,17,1.7000000000000004,0.5894717676287256,959,D_pmar=0.054_dist=100_repair_6_males=4_nmar=3,FG_theta_2.5,58,12,2.5,4,3
0.054,9,100,0,38.11832688989029,259.89319590961753,60.951789589852666,6,0.6,0.4638137323336746,959,D_pmar=0.054_dist=100_repair_6_males=4_nmar=3,FG_theta_2.5,65,14,2.5,4,3
0.054,12,100,100,40.844446015430094,287.19130017361374,30.60193642066715,9,0.8999999999999999,0.4630194134667587,959,D_pmar=0.054_dist=100_repair_6_males=4_nmar=3,FG_theta_2.5,66,16,2.5,4,3
0.054,9,0,0,39.13248429490024,277.0054482184738,42.95519502580588,7,0.7,0.5633390780885742,95,D_pmar=0.054_dist=100_repair_6_males=4_nmar=3,FG_theta_2.5,70,9,2.5,4,3
0.054,7,0,100,37.98631091666555,289.8824870178366,30.55360915367294,11,1.1,0.49959114928440534,95,D_pmar=0.054_dist=100_repair_6_males=4_nmar=3,FG_theta_2.5,53,8,2.5,4,3
0,14,100,0,38.39774161058389,277.65937018832557,43.94374655357924,0,0,0,95,D_pmar=0.054_dist=100_repair_6_males=4_nmar=3,FG_theta_2.5,95,17,2.5,4,3
0.054,6,100,100,39.620700934767775,288.33889981186906,30.914666952596384,7,0.7,0.4398148148148154,95,D_pmar=0.054_dist=100_repair_6_males=4_nmar=3,FG_theta_2.5,66,9,2.5,4,3
0.054,13,0,0,38.446648877992544,290.6243804588086,30.24061738540466,4,0.4,0.42710571294416266,960,D_pmar=0.054_dist=100_repair_6_males=4_nmar=3,FG_theta_2.5,66,14,2.5,4,3
0,8,0,100,40.80582170874499,282.93710156298937,36.44676416228732,0,0,0,960,D_pmar=0.054_dist=100_repair_6_males=4_nmar=3,FG_theta_2.5,92,10,2.5,4,3
0.054,8,100,0,38.21227584256633,301.8987265276506,18.51432797464072,11,1.1,0.439542247671085,960,D_pmar=0.054_dist=100_repair_6_males=4_nmar=3,FG_theta_2.5,48,9,2.5,4,3
0.054,7,100,100,38.9015888726684,277.4639792422823,42.58065548786837,6,0.6,0.5841042696359751,960,D_pmar=0.054_dist=100_repair_6_males=4_nmar=3,FG_theta_2.5,56,10,2.5,4,3
0.054,7,0,0,39.23165334385098,282.95705036589146,36.855402030021885,7,0.7,0.4305555555555561,961,D_pmar=0.054_dist=100_repair_6_males=4_nmar=3,FG_theta_2.5,64,11,2.5,4,3
0,9,0,100,38.67207393847255,285.9190356575721,35.55626239463889,0,0,0,961,D_pmar=0.054_dist=100_repair_6_males=4_nmar=3,FG_theta_2.5,93,10,2.5,4,3
0.054,7,100,0,41.57263953319059,286.23989165962905,30.473486918744797,12,1.2,0.5933070783914394,961,D_pmar=0.054_dist=100_repair_6_males=4_nmar=3,FG_theta_2.5,66,10,2.5,4,3
0.054,13,100,100,38.89635946642981,264.78204958191657,55.27467638355289,7,0.7,0.5101664791337658,961,D_pmar=0.054_dist=100_repair_6_males=4_nmar=3,FG_theta_2.5,69,16,2.5,4,3
0,5,0,0,39.622410379022405,253.16700660124212,67.25511145777251,0,0,0,962,D_pmar=0.054_dist=100_repair_6_males=4_nmar=3,FG_theta_2.5,96,9,2.5,4,3
0.054,7,0,100,39.56081619332503,300.20281198907884,18.375491050785055,13,1.3,0.5848421379990959,962,D_pmar=0.054_dist=100_repair_6_males=4_nmar=3,FG_theta_2.5,63,9,2.5,4,3
0.054,14,100,0,38.24826850869881,302.1709427965747,18.271115466852446,10,1,0.4730729915929336,962,D_pmar=0.054_dist=100_repair_6_males=4_nmar=3,FG_theta_2.5,66,17,2.5,4,3
0.054,10,100,100,37.97654956220485,242.53877832988465,78.32255357807819,7,0.7,0.47770262122256335,962,D_pmar=0.054_dist=100_repair_6_males=4_nmar=3,FG_theta_2.5,69,12,2.5,4,3
0.054,14,0,0,39.075596364267994,294.09918413810146,24.485106721679557,18,1.8000000000000005,0.5485994198289745,963,D_pmar=0.054_dist=100_repair_6_males=4_nmar=3,FG_theta_2.5,62,17,2.5,4,3
0,9,0,100,40.040947865637385,256.8717617663954,63.21712258060707,0,0,0,963,D_pmar=0.054_dist=100_repair_6_males=4_nmar=3,FG_theta_2.5,87,13,2.5,4,3
0.054,8,100,0,40.43928688258549,257.3666408748304,61.00908979880297,9,0.8999999999999999,0.43570693690837126,963,D_pmar=0.054_dist=100_repair_6_males=4_nmar=3,FG_theta_2.5,73,10,2.5,4,3
0.054,5,100,100,37.636549748340606,265.859329492159,55.33594502754223,7,0.7,0.5158629947740416,963,D_pmar=0.054_dist=100_repair_6_males=4_nmar=3,FG_theta_2.5,66,10,2.5,4,3
0.054,9,0,0,39.36810537565877,270.9411376042983,48.67509918225769,7,0.7,0.5312042378248971,964,D_pmar=0.054_dist=100_repair_6_males=4_nmar=3,FG_theta_2.5,69,15,2.5,4,3
0.054,8,0,100,38.8765176507819,288.8544737407261,30.566676971681485,12,1.2,0.6776274646673491,964,D_pmar=0.054_dist=100_repair_6_males=4_nmar=3,FG_theta_2.5,65,10,2.5,4,3
0,14,100,0,38.22373039353331,272.95606865425236,48.848783021751366,0,0,0,964,D_pmar=0.054_dist=100_repair_6_males=4_nmar=3,FG_theta_2.5,117,19,2.5,4,3
0.054,5,100,100,40.91133428974384,263.3291092934585,54.57559810218875,11,1.1,0.4027777777777782,964,D_pmar=0.054_dist=100_repair_6_males=4_nmar=3,FG_theta_2.5,59,7,2.5,4,3
0.054,12,0,0,40.44952766621058,274.8714860050119,42.74355179794589,14,1.4,0.5544088364768401,965,D_pmar=0.054_dist=100_repair_6_males=4_nmar=3,FG_theta_2.5,76,15,2.5,4,3
0.054,5,0,100,39.49192601032221,252.3126713638951,67.1099569797361,7,0.7,0.3888888888888892,965,D_pmar=0.054_dist=100_repair_6_males=4_nmar=3,FG_theta_2.5,64,14,2.5,4,3
0,10,100,0,38.75268641859017,266.64737822875003,54.646574600977765,0,0,0,965,D_pmar=0.054_dist=100_repair_6_males=4_nmar=3,FG_theta_2.5,90,15,2.5,4,3
0.054,9,100,100,38.2615820059721,295.1855593080677,24.96032481961968,11,1.1,0.587883129894894,965,D_pmar=0.054_dist=100_repair_6_males=4_nmar=3,FG_theta_2.5,56,13,2.5,4,3
0.054,10,0,0,37.46103752531785,314.6033889663721,6.1092550585368155,13,1.3,0.6492481020983153,966,D_pmar=0.054_dist=100_repair_6_males=4_nmar=3,FG_theta_2.5,60,12,2.5,4,3
0.054,8,0,100,39.65695714008607,277.40263199404563,41.65106560564511,9,0.8999999999999999,0.4490740740740747,966,D_pmar=0.054_dist=100_repair_6_males=4_nmar=3,FG_theta_2.5,75,9,2.5,4,3
0.054,9,100,0,39.54631434807841,270.3685890874289,49.21953630189236,4,0.4,0.5050150977809507,966,D_pmar=0.054_dist=100_repair_6_males=4_nmar=3,FG_theta_2.5,70,14,2.5,4,3
0,9,100,100,39.99383809792111,259.4680793283492,60.721695735982834,0,0,0,966,D_pmar=0.054_dist=100_repair_6_males=4_nmar=3,FG_theta_2.5,97,12,2.5,4,3
0.054,8,0,0,38.261449797487195,277.7485765710125,42.658554108673634,10,1,0.541121532379207,967,D_pmar=0.054_dist=100_repair_6_males=4_nmar=3,FG_theta_2.5,50,13,2.5,4,3
0.054,9,0,100,39.26590128566277,271.1829494355734,48.86078648995099,4,0.4,0.4098468145119502,967,D_pmar=0.054_dist=100_repair_6_males=4_nmar=3,FG_theta_2.5,83,12,2.5,4,3
0,10,100,0,39.106295265248306,278.27613172270384,42.6827398171341,0,0,0,967,D_pmar=0.054_dist=100_repair_6_males=4_nmar=3,FG_theta_2.5,82,14,2.5,4,3
0.054,9,100,100,39.457681496144126,294.7978416966527,24.227350718120977,12,1.2,0.5096447274105803,967,D_pmar=0.054_dist=100_repair_6_males=4_nmar=3,FG_theta_2.5,57,10,2.5,4,3
0.054,9,0,0,39.48412455237221,258.1047349931608,61.51500299821867,6,0.6,0.3472222222222224,968,D_pmar=0.054_dist=100_repair_6_males=4_nmar=3,FG_theta_2.5,65,11,2.5,4,3
0.054,5,0,100,39.42219932776172,294.6051967487027,24.46074611701164,12,1.2,0.5625447592216584,968,D_pmar=0.054_dist=100_repair_6_males=4_nmar=3,FG_theta_2.5,61,8,2.5,4,3
0.054,10,100,0,39.56032248333539,273.4499857132163,45.77454528300088,10,1,0.5096447274105804,968,D_pmar=0.054_dist=100_repair_6_males=4_nmar=3,FG_theta_2.5,67,12,2.5,4,3
0,12,100,100,40.06903433527872,283.5405076734633,36.600480552848424,0,0,0,968,D_pmar=0.054_dist=100_repair_6_males=4_nmar=3,FG_theta_2.5,73,12,2.5,4,3
0.054,13,0,0,38.8951107727283,301.53572396046417,18.3742906382545,8,0.7999999999999999,0.5740740740740752,969,D_pmar=0.054_dist=100_repair_6_males=4_nmar=3,FG_theta_2.5,55,15,2.5,4,3
0.054,6,0,100,38.5439700303045,289.55194973681034,30.67936121101674,10,1,0.4595131203515701,969,D_pmar=0.054_dist=100_repair_6_males=4_nmar=3,FG_theta_2.5,77,7,2.5,4,3
0.054,10,100,0,40.31405815294301,269.9349181799966,48.91907435098609,5,0.5,0.4834555873666342,969,D_pmar=0.054_dist=100_repair_6_males=4_nmar=3,FG_theta_2.5,72,13,2.5,4,3
0,7,100,100,40.19547547832077,277.08350267324755,42.76208607635514,0,0,0,969,D_pmar=0.054_dist=100_repair_6_males=4_nmar=3,FG_theta_2.5,98,10,2.5,4,3
0.054,9,0,0,39.55497875524217,306.88938133226986,12.19478325743686,10,1,0.5185749690223144,96,D_pmar=0.054_dist=100_repair_6_males=4_nmar=3,FG_theta_2.5,62,10,2.5,4,3
0,11,0,100,38.15122086150274,285.7149750278597,36.256556488943865,0,0,0,96,D_pmar=0.054_dist=100_repair_6_males=4_nmar=3,FG_theta_2.5,88,12,2.5,4,3
0.054,6,100,0,39.17379719218034,252.46446338910556,67.41874266893241,6,0.6,0.484306356737345,96,D_pmar=0.054_dist=100_repair_6_males=4_nmar=3,FG_theta_2.5,61,7,2.5,4,3
0.054,10,100,100,36.76145608323177,291.7042773085859,30.520866265764464,8,0.7999999999999999,0.49192052775897765,96,D_pmar=0.054_dist=100_repair_6_males=4_nmar=3,FG_theta_2.5,63,11,2.5,4,3
0.054,8,0,0,38.50732321636945,283.144255393003,36.511298313495274,13,1.3,0.5463527468000923,970,D_pmar=0.054_dist=100_repair_6_males=4_nmar=3,FG_theta_2.5,50,12,2.5,4,3
0,10,0,100,40.12130074136781,234.15882204099756,85.92095854281389,0,0,0,970,D_pmar=0.054_dist=100_repair_6_males=4_nmar=3,FG_theta_2.5,117,15,2.5,4,3
0.054,11,100,0,38.78461037972468,295.4301232826212,24.576593803999337,8,0.7999999999999999,0.5703516643189512,970,D_pmar=0.054_dist=100_repair_6_males=4_nmar=3,FG_theta_2.5,48,14,2.5,4,3
0.054,7,100,100,39.852916175372314,269.51357847765826,49.15290518944936,11,1.1,0.4299539707643005,970,D_pmar=0.054_dist=100_repair_6_males=4_nmar=3,FG_theta_2.5,76,9,2.5,4,3
0.054,6,0,0,41.13313339041112,281.2115507830043,36.44630843883881,7,0.7,0.5097011779143754,971,D_pmar=0.054_dist=100_repair_6_males=4_nmar=3,FG_theta_2.5,59,7,2.5,4,3
0,14,0,100,38.39017288465346,275.6169940958149,46.01106168992459,0,0,0,971,D_pmar=0.054_dist=100_repair_6_males=4_nmar=3,FG_theta_2.5,82,17,2.5,4,3
0.054,8,100,0,39.741238726517174,264.2846474417903,54.864007337226454,9,0.8999999999999999,0.4206947115050411,971,D_pmar=0.054_dist=100_repair_6_males=4_nmar=3,FG_theta_2.5,70,11,2.5,4,3
0.054,8,100,100,39.18252410053666,294.8627447132706,24.323813208005255,11,1.1,0.5905951041431666,971,D_pmar=0.054_dist=100_repair_6_males=4_nmar=3,FG_theta_2.5,67,10,2.5,4,3
0.054,7,0,0,40.299599336357815,287.9292346473774,30.480006322021612,9,0.8999999999999999,0.41666666666666713,972,D_pmar=0.054_dist=100_repair_6_males=4_nmar=3,FG_theta_2.5,64,10,2.5,4,3
0.054,8,0,100,39.30553279993094,276.4322049033598,42.55604410003843,12,1.2,0.5101100286299709,972,D_pmar=0.054_dist=100_repair_6_males=4_nmar=3,FG_theta_2.5,63,10,2.5,4,3
0,8,100,0,39.31061979869525,253.62334406792004,67.18492799537556,0,0,0,972,D_pmar=0.054_dist=100_repair_6_males=4_nmar=3,FG_theta_2.5,96,11,2.5,4,3
0.054,13,100,100,38.98372349812211,273.202129359139,46.25794552964353,10,1,0.5841042696359748,972,D_pmar=0.054_dist=100_repair_6_males=4_nmar=3,FG_theta_2.5,64,16,2.5,4,3
0.054,9,0,0,39.887061214492746,306.430394123785,12.265341410131365,9,0.8999999999999999,0.587883129894894,973,D_pmar=0.054_dist=100_repair_6_males=4_nmar=3,FG_theta_2.5,61,10,2.5,4,3
0.054,9,0,100,40.8249317128657,275.29191081865815,42.75175569608637,7,0.7,0.4441718773007147,973,D_pmar=0.054_dist=100_repair_6_males=4_nmar=3,FG_theta_2.5,67,14,2.5,4,3
0.054,11,100,0,39.92313597555144,276.3026914449281,42.75753667533578,5,0.5,0.5564627754300624,973,D_pmar=0.054_dist=100_repair_6_males=4_nmar=3,FG_theta_2.5,65,14,2.5,4,3
0,7,100,100,37.52189323783632,291.9725148066594,30.617679047869892,0,0,0,973,D_pmar=0.054_dist=100_repair_6_males=4_nmar=3,FG_theta_2.5,100,9,2.5,4,3
0.054,13,0,0,40.43894013958374,281.53565916269076,36.50871424785276,10,1,0.5494501891996852,974,D_pmar=0.054_dist=100_repair_6_males=4_nmar=3,FG_theta_2.5,68,14,2.5,4,3
0,7,0,100,36.546998939478,274.55631441716525,48.91617472564843,0,0,0,974,D_pmar=0.054_dist=100_repair_6_males=4_nmar=3,FG_theta_2.5,100,8,2.5,4,3
0.054,7,100,0,40.960797314453835,287.3993156545926,30.494113028995933,8,0.7999999999999999,0.5069327531623078,974,D_pmar=0.054_dist=100_repair_6_males=4_nmar=3,FG_theta_2.5,59,11,2.5,4,3
0.054,9,100,100,38.571789145226134,289.5126844905397,30.96803476185711,7,0.7,0.5077270720292235,974,D_pmar=0.054_dist=100_repair_6_males=4_nmar=3,FG_theta_2.5,57,10,2.5,4,3
0,11,0,0,39.53643010152789,259.3230463488931,61.196137040857515,0,0,0,975,D_pmar=0.054_dist=100_repair_6_males=4_nmar=3,FG_theta_2.5,96,14,2.5,4,3
0.054,10,0,100,37.800292224710546,290.22240692163916,30.49445977406716,12,1.2,0.4580607661896037,975,D_pmar=0.054_dist=100_repair_6_males=4_nmar=3,FG_theta_2.5,44,12,2.5,4,3
0.054,7,100,0,37.17829928280691,272.58737845242064,48.43841339774187,13,1.3,0.5499154904190757,975,D_pmar=0.054_dist=100_repair_6_males=4_nmar=3,FG_theta_2.5,52,10,2.5,4,3
0.054,8,100,100,39.36371672569541,252.37733252540832,67.22362834029269,9,0.8999999999999999,0.3287037037037038,975,D_pmar=0.054_dist=100_repair_6_males=4_nmar=3,FG_theta_2.5,64,13,2.5,4,3
0,6,0,0,40.21848226621257,283.2868336641319,36.67042500878516,0,0,0,976,D_pmar=0.054_dist=100_repair_6_males=4_nmar=3,FG_theta_2.5,95,12,2.5,4,3
0.054,8,0,100,39.74753822862467,282.42215524430026,36.585849881904245,9,0.8999999999999999,0.44444444444444503,976,D_pmar=0.054_dist=100_repair_6_males=4_nmar=3,FG_theta_2.5,69,10,2.5,4,3
0.054,12,100,0,38.858189924758854,257.67854562319604,61.83412803306099,12,1.2,0.49159151011145225,976,D_pmar=0.054_dist=100_repair_6_males=4_nmar=3,FG_theta_2.5,62,17,2.5,4,3
0.054,10,100,100,38.37610513062817,286.58179187909127,33.87232075687525,8,0.7999999999999999,0.4676490430963884,976,D_pmar=0.054_dist=100_repair_6_males=4_nmar=3,FG_theta_2.5,54,10,2.5,4,3
0.054,9,0,0,38.11542277473052,283.4430271451087,36.684666124576914,13,1.3,0.5369572039689677,977,D_pmar=0.054_dist=100_repair_6_males=4_nmar=3,FG_theta_2.5,52,10,2.5,4,3
0.054,8,0,100,36.7879327694201,267.3068740555658,54.88797997294917,8,0.7999999999999999,0.35316792244195333,977,D_pmar=0.054_dist=100_repair_6_males=4_nmar=3,FG_theta_2.5,66,9,2.5,4,3
0.054,9,100,0,39.606637502210454,269.96599813595355,49.05506068547788,10,1,0.4212962962962968,977,D_pmar=0.054_dist=100_repair_6_males=4_nmar=3,FG_theta_2.5,51,11,2.5,4,3
0,10,100,100,39.86718926252274,271.34708784758084,49.04146746468942,0,0,0,977,D_pmar=0.054_dist=100_repair_6_males=4_nmar=3,FG_theta_2.5,89,11,2.5,4,3
0.054,4,0,0,42.65104444321129,266.94024147374284,48.89985231741701,11,1.1,0.45693742967516254,978,D_pmar=0.054_dist=100_repair_6_males=4_nmar=3,FG_theta_2.5,58,9,2.5,4,3
0.054,8,0,100,37.2548212354639,284.6853925072283,36.74610881788608,10,1,0.39946421873825,978,D_pmar=0.054_dist=100_repair_6_males=4_nmar=3,FG_theta_2.5,58,12,2.5,4,3
0.054,13,100,0,39.94800610075094,282.08385316079864,36.52676612730415,10,1,0.44913052457786984,978,D_pmar=0.054_dist=100_repair_6_males=4_nmar=3,FG_theta_2.5,50,17,2.5,4,3
0,11,100,100,37.9232787313844,255.4047068484346,66.69342830042653,0,0,0,978,D_pmar=0.054_dist=100_repair_6_males=4_nmar=3,FG_theta_2.5,87,15,2.5,4,3
0.054,10,0,0,38.566444657403245,301.962776656572,18.273288045631876,8,0.7999999999999999,0.5189039866698397,979,D_pmar=0.054_dist=100_repair_6_males=4_nmar=3,FG_theta_2.5,53,12,2.5,4,3
0.054,10,0,100,38.16182904304287,273.8138419557526,47.0083551862036,6,0.6,0.4884142346437892,979,D_pmar=0.054_dist=100_repair_6_males=4_nmar=3,FG_theta_2.5,72,13,2.5,4,3
0.054,8,100,0,37.79219756296262,290.3513879714473,30.573532725991523,8,0.7999999999999999,0.4857022603955165,979,D_pmar=0.054_dist=100_repair_6_males=4_nmar=3,FG_theta_2.5,63,9,2.5,4,3
0,8,100,100,37.22292163003526,286.30479257553935,36.5196342430135,0,0,0,979,D_pmar=0.054_dist=100_repair_6_males=4_nmar=3,FG_theta_2.5,91,15,2.5,4,3
0.054,7,0,0,40.66362932958886,280.94089451463066,37.2514164274531,8,0.7999999999999999,0.507398054381698,97,D_pmar=0.054_dist=100_repair_6_males=4_nmar=3,FG_theta_2.5,57,8,2.5,4,3
0,9,0,100,38.48240673515331,265.82336992446784,55.70194848479897,0,0,0,97,D_pmar=0.054_dist=100_repair_6_males=4_nmar=3,FG_theta_2.5,98,9,2.5,4,3
0.054,7,100,0,37.508027749710045,284.52735321987626,36.85853104704031,7,0.7,0.4842499062335499,97,D_pmar=0.054_dist=100_repair_6_males=4_nmar=3,FG_theta_2.5,72,9,2.5,4,3
0.054,13,100,100,38.6290698677364,306.438897643379,13.587406843003544,9,0.8999999999999999,0.5429029041886988,97,D_pmar=0.054_dist=100_repair_6_males=4_nmar=3,FG_theta_2.5,56,15,2.5,4,3
0,13,0,0,41.20139658864775,270.1819574467986,48.62709270288576,0,0,0,980,D_pmar=0.054_dist=100_repair_6_males=4_nmar=3,FG_theta_2.5,94,19,2.5,4,3
0.054,6,0,100,38.06410910303279,284.0039291673686,36.78919345210676,8,0.7999999999999999,0.4919205277589777,980,D_pmar=0.054_dist=100_repair_6_males=4_nmar=3,FG_theta_2.5,77,7,2.5,4,3
0.054,8,100,0,40.89231134306552,286.861527582283,30.72523862559962,11,1.1,0.5578586790882338,980,D_pmar=0.054_dist=100_repair_6_males=4_nmar=3,FG_theta_2.5,70,9,2.5,4,3
0.054,9,100,100,39.01880876894799,283.1217115381236,36.75568038935435,6,0.6,0.5570643602213179,980,D_pmar=0.054_dist=100_repair_6_males=4_nmar=3,FG_theta_2.5,63,9,2.5,4,3
0.054,7,0,0,38.52042526892034,271.6730161062789,48.8008781873387,9,0.8999999999999999,0.41666666666666713,981,D_pmar=0.054_dist=100_repair_6_males=4_nmar=3,FG_theta_2.5,64,12,2.5,4,3
0.054,10,0,100,38.0963124599938,289.4796327980444,30.68759184262248,13,1.3,0.5093157097630551,981,D_pmar=0.054_dist=100_repair_6_males=4_nmar=3,FG_theta_2.5,61,11,2.5,4,3
0,11,100,0,39.85815354417591,265.0005086535889,55.25289441620557,0,0,0,981,D_pmar=0.054_dist=100_repair_6_males=4_nmar=3,FG_theta_2.5,83,13,2.5,4,3
0.054,8,100,100,38.471104440861104,265.3856531256645,54.913090194208515,9,0.8999999999999999,0.4842499062335499,981,D_pmar=0.054_dist=100_repair_6_males=4_nmar=3,FG_theta_2.5,73,9,2.5,4,3
0.054,10,0,0,37.557162651129794,290.75724872184765,30.18189293988487,11,1.1,0.44450089494824013,982,D_pmar=0.054_dist=100_repair_6_males=4_nmar=3,FG_theta_2.5,74,11,2.5,4,3
0,3,0,100,38.078695927161625,273.3946829289685,48.76296133870166,0,0,0,982,D_pmar=0.054_dist=100_repair_6_males=4_nmar=3,FG_theta_2.5,101,8,2.5,4,3
0.054,13,100,0,39.918027135811464,297.42331941596785,21.337381459960667,9,0.8999999999999999,0.5818011461032978,982,D_pmar=0.054_dist=100_repair_6_males=4_nmar=3,FG_theta_2.5,49,16,2.5,4,3
0.054,10,100,100,41.29239948380717,269.19328431024655,48.563934041377074,5,0.5,0.4673200254488629,982,D_pmar=0.054_dist=100_repair_6_males=4_nmar=3,FG_theta_2.5,63,10,2.5,4,3
0.054,8,0,0,40.450622966039745,281.18281404412204,36.61360956130544,12,1.2,0.56413339695549,983,D_pmar=0.054_dist=100_repair_6_males=4_nmar=3,FG_theta_2.5,57,8,2.5,4,3
0.054,8,0,100,39.1173218973739,246.92768137497697,73.33429221063828,3,0.30000000000000004,0.37962962962962993,983,D_pmar=0.054_dist=100_repair_6_males=4_nmar=3,FG_theta_2.5,68,14,2.5,4,3
0,3,100,0,38.67265252550251,278.2598791507115,43.10198006703204,0,0,0,983,D_pmar=0.054_dist=100_repair_6_males=4_nmar=3,FG_theta_2.5,80,5,2.5,4,3
0.054,17,100,100,38.67608308703386,295.08729224757064,24.463976370899072,14,1.4,0.45951312035157016,983,D_pmar=0.054_dist=100_repair_6_males=4_nmar=3,FG_theta_2.5,60,18,2.5,4,3
0.054,9,0,0,41.349765213500206,287.1537512895863,30.29485285260864,8,0.7999999999999999,0.5208216420511967,984,D_pmar=0.054_dist=100_repair_6_males=4_nmar=3,FG_theta_2.5,66,12,2.5,4,3
0,10,0,100,38.690422145391125,272.805223817139,48.54541776061831,0,0,0,984,D_pmar=0.054_dist=100_repair_6_males=4_nmar=3,FG_theta_2.5,110,14,2.5,4,3
0.054,10,100,0,40.02698943757533,269.6804647096174,48.92165258821446,11,1.1,0.562159291070338,984,D_pmar=0.054_dist=100_repair_6_males=4_nmar=3,FG_theta_2.5,50,14,2.5,4,3
0.054,7,100,100,41.43414888988453,274.49620917665635,42.793108243266005,9,0.8999999999999999,0.4507191623117016,984,D_pmar=0.054_dist=100_repair_6_males=4_nmar=3,FG_theta_2.5,68,12,2.5,4,3
0,6,0,0,38.57537255692808,291.0314139748985,30.578163732202636,0,0,0,985,D_pmar=0.054_dist=100_repair_6_males=4_nmar=3,FG_theta_2.5,84,9,2.5,4,3
0.054,11,0,100,40.93606107401113,269.7038484687184,48.63618140596177,3,0.30000000000000004,0.42869435067799416,985,D_pmar=0.054_dist=100_repair_6_males=4_nmar=3,FG_theta_2.5,71,16,2.5,4,3
0.054,12,100,0,38.18692241968408,283.62789653662105,36.845501932602765,9,0.8999999999999999,0.47466162932676537,985,D_pmar=0.054_dist=100_repair_6_males=4_nmar=3,FG_theta_2.5,68,15,2.5,4,3
0.054,7,100,100,38.91753720336851,295.25613136535856,24.326240892103485,11,1.1,0.5061384342953918,985,D_pmar=0.054_dist=100_repair_6_males=4_nmar=3,FG_theta_2.5,45,9,2.5,4,3
0.054,14,0,0,39.74109355499794,300.0699759288535,18.20954689544391,15,1.5000000000000002,0.5209579256230619,986,D_pmar=0.054_dist=100_repair_6_males=4_nmar=3,FG_theta_2.5,70,14,2.5,4,3
0,9,0,100,37.25450359229112,274.01940413566456,48.88865404417776,0,0,0,986,D_pmar=0.054_dist=100_repair_6_males=4_nmar=3,FG_theta_2.5,77,10,2.5,4,3
0.054,7,100,0,38.934039430184704,282.6270762929127,37.01241316527523,10,1,0.4861111111111119,986,D_pmar=0.054_dist=100_repair_6_males=4_nmar=3,FG_theta_2.5,63,11,2.5,4,3
0.054,6,100,100,36.45244677578938,255.90872834062304,67.08652284015719,3,0.30000000000000004,0.44992484344478545,986,D_pmar=0.054_dist=100_repair_6_males=4_nmar=3,FG_theta_2.5,84,10,2.5,4,3
0.054,8,0,0,40.92255108728937,275.5240897119014,42.607680266403094,6,0.6,0.4777026212225633,987,D_pmar=0.054_dist=100_repair_6_males=4_nmar=3,FG_theta_2.5,71,9,2.5,4,3
0,7,0,100,38.941254216773594,278.2963997581132,42.79226257080741,0,0,0,987,D_pmar=0.054_dist=100_repair_6_males=4_nmar=3,FG_theta_2.5,96,9,2.5,4,3
0.054,9,100,0,39.16594822061567,294.66533585287567,24.43883177007188,12,1.2,0.5347105309400856,987,D_pmar=0.054_dist=100_repair_6_males=4_nmar=3,FG_theta_2.5,63,10,2.5,4,3
0.054,12,100,100,39.106529910271746,289.01466747281916,30.992387413066616,5,0.5,0.5791456223588201,987,D_pmar=0.054_dist=100_repair_6_males=4_nmar=3,FG_theta_2.5,62,15,2.5,4,3
0.054,8,0,0,37.17389011629499,260.95207658932486,61.07273983413306,5,0.5,0.4120370370370375,988,D_pmar=0.054_dist=100_repair_6_males=4_nmar=3,FG_theta_2.5,77,13,2.5,4,3
0.054,7,0,100,40.443773783226845,293.88532829779655,24.594894549599317,6,0.6,0.503290176475254,988,D_pmar=0.054_dist=100_repair_6_males=4_nmar=3,FG_theta_2.5,58,11,2.5,4,3
0.054,8,100,0,39.235937334577066,300.7558899413866,18.29514329007946,12,1.2,0.5297518836629306,988,D_pmar=0.054_dist=100_repair_6_males=4_nmar=3,FG_theta_2.5,51,13,2.5,4,3
0,13,100,100,38.367068129608974,285.65340435087137,36.28358268365538,0,0,0,988,D_pmar=0.054_dist=100_repair_6_males=4_nmar=3,FG_theta_2.5,93,15,2.5,4,3
0.054,6,0,0,39.014147024149985,270.7842039762768,48.8316175927876,10,1,0.4499248434447856,989,D_pmar=0.054_dist=100_repair_6_males=4_nmar=3,FG_theta_2.5,50,8,2.5,4,3
0.054,10,0,100,38.02366012902754,302.4229840054672,18.212686574557907,11,1.1,0.4341182991745396,989,D_pmar=0.054_dist=100_repair_6_males=4_nmar=3,FG_theta_2.5,59,11,2.5,4,3
0,9,100,0,39.789827816762305,264.755644077322,55.57615148033218,0,0,0,989,D_pmar=0.054_dist=100_repair_6_males=4_nmar=3,FG_theta_2.5,93,11,2.5,4,3
0.054,11,100,100,39.74422800748669,270.3400984635656,48.84297142523362,7,0.7,0.4687723796108294,989,D_pmar=0.054_dist=100_repair_6_males=4_nmar=3,FG_theta_2.5,55,13,2.5,4,3
0,11,0,0,36.682626317915705,286.8928565486186,36.633088306899324,0,0,0,98,D_pmar=0.054_dist=100_repair_6_males=4_nmar=3,FG_theta_2.5,83,16,2.5,4,3
0.054,7,0,100,39.264801044039274,295.34657596720274,24.272850522626428,8,0.7999999999999999,0.4984678127699642,98,D_pmar=0.054_dist=100_repair_6_males=4_nmar=3,FG_theta_2.5,68,14,2.5,4,3
0.054,9,100,0,38.23444645258629,296.5726318107101,24.359249926739107,5,0.5,0.5270963599184529,98,D_pmar=0.054_dist=100_repair_6_males=4_nmar=3,FG_theta_2.5,66,11,2.5,4,3
0.054,9,100,100,37.42548813245678,284.91970683751987,36.67375133193047,7,0.7,0.4490740740740747,98,D_pmar=0.054_dist=100_repair_6_males=4_nmar=3,FG_theta_2.5,63,13,2.5,4,3
0.054,14,0,0,37.0373362654888,290.773814254616,30.899242228093556,10,1,0.48148148148148223,990,D_pmar=0.054_dist=100_repair_6_males=4_nmar=3,FG_theta_2.5,61,14,2.5,4,3
0.054,10,0,100,37.96364061285913,277.9564327263398,42.712162850385766,10,1,0.47499064697429066,990,D_pmar=0.054_dist=100_repair_6_males=4_nmar=3,FG_theta_2.5,70,13,2.5,4,3
0,5,100,0,39.52679058558423,261.19761696440736,59.418592993373515,0,0,0,990,D_pmar=0.054_dist=100_repair_6_males=4_nmar=3,FG_theta_2.5,100,9,2.5,4,3
0.054,7,100,100,38.67668382317898,301.93107284549654,18.46645091882323,5,0.5,0.523261049155739,990,D_pmar=0.054_dist=100_repair_6_males=4_nmar=3,FG_theta_2.5,53,10,2.5,4,3
0,5,0,0,40.33100940220637,246.61448788559204,73.2685466353822,0,0,0,991,D_pmar=0.054_dist=100_repair_6_males=4_nmar=3,FG_theta_2.5,103,12,2.5,4,3
0.054,7,0,100,39.868136586095474,283.04581852405045,35.31830465012482,12,1.2,0.5755828787398366,991,D_pmar=0.054_dist=100_repair_6_males=4_nmar=3,FG_theta_2.5,62,11,2.5,4,3
0.054,15,100,0,38.21968409455421,284.1743717324763,36.463262184612134,8,0.7999999999999999,0.5169863312884828,991,D_pmar=0.054_dist=100_repair_6_males=4_nmar=3,FG_theta_2.5,61,16,2.5,4,3
0.054,9,100,100,41.16642054238966,273.2217179697285,44.20979099475529,12,1.2,0.4305555555555561,991,D_pmar=0.054_dist=100_repair_6_males=4_nmar=3,FG_theta_2.5,74,11,2.5,4,3
0.054,10,0,0,39.66321332444496,293.7269143654487,24.421729857479384,17,1.7000000000000004,0.5232045986519441,992,D_pmar=0.054_dist=100_repair_6_males=4_nmar=3,FG_theta_2.5,58,11,2.5,4,3
0.054,7,0,100,41.76247639179781,250.34438800842435,67.1901370928388,5,0.5,0.4336529979551491,992,D_pmar=0.054_dist=100_repair_6_males=4_nmar=3,FG_theta_2.5,69,10,2.5,4,3
0,5,100,0,39.16321807931042,278.1933185880126,42.70456760654233,0,0,0,992,D_pmar=0.054_dist=100_repair_6_males=4_nmar=3,FG_theta_2.5,75,11,2.5,4,3
0.054,14,100,100,37.71713852142576,278.53790762226777,42.814458189909075,7,0.7,0.47994929425144567,992,D_pmar=0.054_dist=100_repair_6_males=4_nmar=3,FG_theta_2.5,69,16,2.5,4,3
0.054,7,0,0,39.94511311166528,251.62325000191865,67.62306062181094,6,0.6,0.3866986663638022,993,D_pmar=0.054_dist=100_repair_6_males=4_nmar=3,FG_theta_2.5,79,12,2.5,4,3
0.054,8,0,100,37.68537021503561,295.894478049468,24.327242656911256,15,1.5000000000000002,0.6387292227527497,993,D_pmar=0.054_dist=100_repair_6_males=4_nmar=3,FG_theta_2.5,58,11,2.5,4,3
0.054,9,100,0,39.77007408467889,282.6593275972867,36.66136442498486,7,0.7,0.472222222222223,993,D_pmar=0.054_dist=100_repair_6_males=4_nmar=3,FG_theta_2.5,43,11,2.5,4,3
0,12,100,100,35.95314910793264,281.1171408129365,42.9360662366005,0,0,0,993,D_pmar=0.054_dist=100_repair_6_males=4_nmar=3,FG_theta_2.5,100,14,2.5,4,3
0.054,14,0,0,40.88509482900505,274.901414533407,42.999869075712326,9,0.8999999999999999,0.45647212845577206,994,D_pmar=0.054_dist=100_repair_6_males=4_nmar=3,FG_theta_2.5,68,18,2.5,4,3
0.054,8,0,100,40.95268487457725,280.8353139155465,36.758804977662976,10,1,0.5169863312884828,994,D_pmar=0.054_dist=100_repair_6_males=4_nmar=3,FG_theta_2.5,61,8,2.5,4,3
0.054,6,100,0,37.970055546549105,277.804459372252,42.71851680879818,10,1,0.6511657574796723,994,D_pmar=0.054_dist=100_repair_6_males=4_nmar=3,FG_theta_2.5,61,9,2.5,4,3
0,8,100,100,38.25846570753972,267.120470611466,54.7006187437379,0,0,0,994,D_pmar=0.054_dist=100_repair_6_males=4_nmar=3,FG_theta_2.5,105,14,2.5,4,3
0.054,13,0,0,40.06873627703144,282.463108994495,36.50401178723619,7,0.7,0.48940128758636525,995,D_pmar=0.054_dist=100_repair_6_males=4_nmar=3,FG_theta_2.5,75,17,2.5,4,3
0,4,0,100,37.85223335377128,266.83173077205277,55.38754861523704,0,0,0,995,D_pmar=0.054_dist=100_repair_6_males=4_nmar=3,FG_theta_2.5,91,5,2.5,4,3
0.054,8,100,0,39.9701269262718,294.52249621923386,24.53979873493445,6,0.6,0.5832535002652642,995,D_pmar=0.054_dist=100_repair_6_males=4_nmar=3,FG_theta_2.5,56,8,2.5,4,3
0.054,11,100,100,37.41951615201968,289.56225187705735,31.44216759508117,12,1.2,0.4629629629629636,995,D_pmar=0.054_dist=100_repair_6_males=4_nmar=3,FG_theta_2.5,72,11,2.5,4,3
0.054,7,0,0,39.364531987315246,289.5824905748554,30.214502472745153,7,0.7,0.4780316388700888,996,D_pmar=0.054_dist=100_repair_6_males=4_nmar=3,FG_theta_2.5,59,10,2.5,4,3
0.054,13,0,100,38.17683943222907,277.11769389879464,43.22740942874934,10,1,0.5120841345151229,996,D_pmar=0.054_dist=100_repair_6_males=4_nmar=3,FG_theta_2.5,76,14,2.5,4,3
0.054,7,100,0,39.18609119138907,264.41898385960354,54.79315891378516,10,1,0.6075249849278538,996,D_pmar=0.054_dist=100_repair_6_males=4_nmar=3,FG_theta_2.5,66,10,2.5,4,3
0,9,100,100,41.17688704494845,282.2411576546678,36.73221861090737,0,0,0,996,D_pmar=0.054_dist=100_repair_6_males=4_nmar=3,FG_theta_2.5,89,13,2.5,4,3
0,9,0,0,40.25838218107993,252.82042289626855,67.09668187934903,0,0,0,997,D_pmar=0.054_dist=100_repair_6_males=4_nmar=3,FG_theta_2.5,70,11,2.5,4,3
0.054,8,0,100,40.72356863687128,257.2351398201424,60.762889178756375,10,1,0.3379629629629631,997,D_pmar=0.054_dist=100_repair_6_males=4_nmar=3,FG_theta_2.5,61,12,2.5,4,3
0.054,5,100,0,40.82348983817917,280.66894705974187,36.94244184947625,12,1.2,0.5200273231842807,997,D_pmar=0.054_dist=100_repair_6_males=4_nmar=3,FG_theta_2.5,56,8,2.5,4,3
0.054,14,100,100,36.28353771315309,279.40517796017843,42.66279952183598,12,1.2,0.45428190593068496,997,D_pmar=0.054_dist=100_repair_6_males=4_nmar=3,FG_theta_2.5,60,15,2.5,4,3
0,8,0,0,39.081556279685714,272.003259917441,49.02567299710879,0,0,0,998,D_pmar=0.054_dist=100_repair_6_males=4_nmar=3,FG_theta_2.5,105,12,2.5,4,3
0.054,10,0,100,38.30977354191299,289.9035462285232,30.439025543650637,9,0.8999999999999999,0.6276321411802037,998,D_pmar=0.054_dist=100_repair_6_males=4_nmar=3,FG_theta_2.5,50,10,2.5,4,3
0.054,10,100,0,40.16475969270083,277.3040470849137,41.2178607163158,9,0.8999999999999999,0.5676396900706785,998,D_pmar=0.054_dist=100_repair_6_males=4_nmar=3,FG_theta_2.5,70,12,2.5,4,3
0.054,8,100,100,39.80200798192262,288.49352749234356,30.72741105454647,7,0.7,0.4510481799592268,998,D_pmar=0.054_dist=100_repair_6_males=4_nmar=3,FG_theta_2.5,78,11,2.5,4,3
0.054,13,0,0,38.642496499644736,277.40868206226025,42.765864302097874,8,0.7999999999999999,0.5559410237068769,999,D_pmar=0.054_dist=100_repair_6_males=4_nmar=3,FG_theta_2.5,73,17,2.5,4,3
0.054,9,0,100,39.764178670752,294.0637916693792,24.277683878165845,15,1.5000000000000002,0.522137712641298,999,D_pmar=0.054_dist=100_repair_6_males=4_nmar=3,FG_theta_2.5,62,12,2.5,4,3
0,6,100,0,40.2374605420765,254.812978145074,65.0171040599478,0,0,0,999,D_pmar=0.054_dist=100_repair_6_males=4_nmar=3,FG_theta_2.5,96,11,2.5,4,3
0.054,8,100,100,38.73308123062469,277.5687483598224,42.67051138436312,6,0.6,0.48148148148148223,999,D_pmar=0.054_dist=100_repair_6_males=4_nmar=3,FG_theta_2.5,69,10,2.5,4,3
0.054,13,0,0,39.31588472189544,307.09712625652475,12.190533138138733,9,0.8999999999999999,0.5308752201773718,99,D_pmar=0.054_dist=100_repair_6_males=4_nmar=3,FG_theta_2.5,72,13,2.5,4,3
0.054,7,0,100,37.03966896592291,296.9121276067899,24.595585948791577,9,0.8999999999999999,0.5956900349921868,99,D_pmar=0.054_dist=100_repair_6_males=4_nmar=3,FG_theta_2.5,62,11,2.5,4,3
0.054,9,100,0,37.67336634686469,278.4018067919546,42.98038111174168,6,0.6,0.4120370370370375,99,D_pmar=0.054_dist=100_repair_6_males=4_nmar=3,FG_theta_2.5,72,10,2.5,4,3
0,7,100,100,40.45128698716982,252.33687782503344,67.23617619908458,0,0,0,99,D_pmar=0.054_dist=100_repair_6_males=4_nmar=3,FG_theta_2.5,99,11,2.5,4,3
