id,probability_maraud,successful_mating,next_foraging_time,x_pos,y_pos,foraging_events,foraging_hrs,foraging_sqhrs,staying_events,staying_hrs,staying_sqhrs,repairing_events,repairing_hrs,repairing_sqhrs,marauding_events,marauding_hrs,marauding_sqhrs,traveling_events,traveling_hrs,traveling_sqhrs
0,0.0,9,360.344393328964,0.0,0.0,574.0,69.39589351242832,13.573474049385284,1494.0,248.07449992671755,52.20688197146169,239.0,42.67215928085686,9.396696762125929,0.0,0.0,0.0,0.0,0.0,0.0
1,0.054,8,360.1940370627533,0.0,1000.0,581.0,68.3658765986717,13.914977843721244,1479.0,250.41053783534517,53.2365187951332,223.0,36.693732468851344,7.8671181314810985,10.0,0.9999999999999999,0.10000000000000003,80.0,3.703703703703703,0.17146776406035646
2,0.054,7,360.13838785722777,1000.0,0.0,569.0,76.01774858870765,17.62227407862395,1455.0,248.62754271285374,53.744794162437266,172.0,30.517171985478292,6.781452132786589,10.0,0.9999999999999999,0.10000000000000003,82.0,3.892179065364141,0.18647119341563764
3,0.054,8,360.41602291115305,1000.0,1000.0,567.0,69.1532158709129,14.159459547148998,1215.0,200.51516131783686,41.906237076579544,519.0,85.90599847470196,18.10643268218324,14.0,1.4000000000000001,0.14000000000000007,65.0,3.0284358130728277,0.14146090534979422
4,0.0,13,359.9521102877666,2000.0,0.0,569.0,69.95238596923048,14.148926702341422,1081.0,186.27572619480674,40.171266591935364,607.0,103.8005544711317,22.587905530280914,0.0,0.0,0.0,0.0,0.0,0.0
5,0.054,15,360.35315255671355,2000.0,1000.0,563.0,70.50889948729674,14.261350011024293,1536.0,259.3975868705711,55.820135632617074,144.0,24.445285915573123,5.210721765911359,15.0,1.5000000000000002,0.15000000000000008,94.0,4.390204959478993,0.20576131687242763
6,0.054,5,360.2620063609561,3000.0,0.0,555.0,70.954184438411,14.441651472183759,1731.0,283.73409919169484,59.212051732032954,0.0,0.0,0.0,10.0,0.9999999999999999,0.10000000000000003,92.0,4.316788920699969,0.20361796982167324
7,0.0,7,360.2945324753118,3000.0,1000.0,573.0,69.3877470007223,13.691112048404472,1504.0,254.26002715040477,54.82619637225332,211.0,36.48652348177251,7.93254195379896,0.0,0.0,0.0,0.0,0.0,0.0
