id,probability_maraud,successful_mating,next_foraging_time,x_pos,y_pos,foraging_events,foraging_hrs,foraging_sqhrs,staying_events,staying_hrs,staying_sqhrs,repairing_events,repairing_hrs,repairing_sqhrs,marauding_events,marauding_hrs,marauding_sqhrs,traveling_events,traveling_hrs,traveling_sqhrs
0,0.0,9,360.23474463639775,0.0,0.0,572.0,73.10540896243626,15.461688590564018,1555.0,268.48513579484785,58.89725313473626,108.0,18.52656770856836,4.027171282999644,0.0,0.0,0.0,0.0,0.0,0.0
1,0.0,3,359.90932362764244,0.0,1000.0,562.0,68.96530678504259,13.952857161822768,1585.0,266.48288721733616,56.179239935099,140.0,24.62394018831535,5.5765262673942635,0.0,0.0,0.0,0.0,0.0,0.0
2,0.054,7,359.8713753338223,1000.0,0.0,562.0,71.14862845240631,15.080408465452969,1466.0,247.9427588164825,53.08083871392186,207.0,36.63855864897205,7.966719573888511,11.0,1.0999999999999999,0.11000000000000004,68.0,3.1865012557752856,0.150034293552812
3,0.054,9,360.0800308831159,1000.0,1000.0,570.0,72.40549926499787,14.476523846553174,1321.0,221.04575655013363,46.93263531003652,370.0,60.94761554504604,13.218376392513676,17.0,1.7000000000000004,0.1700000000000001,86.0,4.019834589108619,0.18861454046639206
4,0.0,15,360.16265088045606,2000.0,0.0,570.0,68.55835562589387,12.909944226624335,1344.0,218.18656577070146,45.55666140326851,433.0,73.41223468284794,15.491463923103003,0.0,0.0,0.0,0.0,0.0,0.0
5,0.054,10,360.10690909338956,2000.0,1000.0,562.0,68.36689039403821,14.09957147045547,1146.0,196.5638798864884,41.92311690023742,527.0,91.64276284721721,20.214800133482157,9.0,0.8999999999999999,0.09000000000000002,54.0,2.5383531076271377,0.12002743484224972
6,0.054,10,360.5267156928911,3000.0,0.0,557.0,71.03069474685213,15.05648709267656,1312.0,229.07106253040305,50.018577590125474,325.0,54.69046896845833,11.892908333753894,14.0,1.4000000000000001,0.14000000000000007,85.0,3.9927148466258915,0.18861454046639203
7,0.054,9,360.07401554645116,3000.0,1000.0,559.0,70.6932869753788,16.06220508921431,1338.0,227.96593735267706,49.229277060452645,323.0,54.96248348313224,11.351209593144395,17.0,1.7000000000000004,0.1700000000000001,103.0,4.8260481799592325,0.2271947873799721
