id,probability_maraud,successful_mating,next_foraging_time,x_pos,y_pos,foraging_events,foraging_hrs,foraging_sqhrs,staying_events,staying_hrs,staying_sqhrs,repairing_events,repairing_hrs,repairing_sqhrs,marauding_events,marauding_hrs,marauding_sqhrs,traveling_events,traveling_hrs,traveling_sqhrs
0,0.054,7,359.9633759478748,0.0,0.0,573.0,67.7040632177089,13.494810670230475,1445.0,238.48716336456806,50.20772873466355,274.0,49.34348478488086,10.635798382305694,11.0,1.0999999999999999,0.11000000000000004,75.0,3.529751883662929,0.1671810699588476
1,0.0,4,360.04486404350644,0.0,1000.0,554.0,68.30704911840508,15.275093162166632,1447.0,243.02700306117805,51.8669287849596,285.0,48.72242987598133,10.489687857800812,0.0,0.0,0.0,0.0,0.0,0.0
2,0.054,9,360.2889246794581,1000.0,0.0,548.0,70.1449662450674,14.688017832574758,1247.0,216.76429458834554,47.36429642053306,399.0,67.44030740752032,14.463260583790355,17.0,1.7000000000000004,0.1700000000000001,87.0,4.085307439218485,0.19290123456790095
3,0.054,13,360.1655821299796,1000.0,1000.0,566.0,68.46897395060324,12.92395241427489,1447.0,249.67092615360477,53.8413942632627,207.0,36.48691496420704,8.0687699749784,16.0,1.6000000000000003,0.1600000000000001,80.0,3.780409918957979,0.18004115226337428
4,0.054,15,359.9029550313237,2000.0,0.0,574.0,69.59588803225442,14.055497247528352,1382.0,237.4729023706125,51.71536580900643,287.0,48.747239005525905,10.257715083071416,7.0,0.7,0.07,79.0,3.6765839612209756,0.17146776406035646
5,0.054,6,359.98073695934596,2000.0,1000.0,567.0,70.8698098312981,13.768612474756898,1300.0,218.14706051372738,47.06863429373715,396.0,67.23609180268903,14.425114408918082,6.0,0.6,0.06000000000000001,68.0,3.1865012557752856,0.150034293552812
6,0.0,7,360.34907798122936,3000.0,0.0,555.0,71.71908682980079,14.985558401136366,1643.0,270.2421062457638,56.142939180529595,105.0,18.14050869299816,3.9709579417954486,0.0,0.0,0.0,0.0,0.0,0.0
7,0.0,11,360.38128519198057,3000.0,1000.0,562.0,69.61056134168984,13.992135954817167,1661.0,278.1753743164032,59.46825966842573,76.0,12.39339895158546,2.54021652625425,0.0,0.0,0.0,0.0,0.0,0.0
