id,probability_maraud,successful_mating,next_foraging_time,x_pos,y_pos,foraging_events,foraging_hrs,foraging_sqhrs,staying_events,staying_hrs,staying_sqhrs,repairing_events,repairing_hrs,repairing_sqhrs,marauding_events,marauding_hrs,marauding_sqhrs,traveling_events,traveling_hrs,traveling_sqhrs
0,0.0,7,359.9218169131491,0.0,0.0,571.0,69.32935503169713,13.735693824291438,1607.0,272.59142803160984,58.6647857733489,111.0,18.310305630032424,3.690730055330191,0.0,0.0,0.0,0.0,0.0,0.0
1,0.0,9,360.6071194338953,0.0,1000.0,577.0,72.28559400191256,14.621369059500028,1635.0,275.52099689813025,59.60740080174934,76.0,12.262509978823642,2.8512177646859955,0.0,0.0,0.0,0.0,0.0,0.0
2,0.054,7,360.6526902366666,1000.0,0.0,563.0,71.92414012402435,15.56658948848612,1416.0,239.76690457974988,51.42428821921133,258.0,42.91686588552852,9.011936425005638,14.0,1.4000000000000001,0.14000000000000007,89.0,4.158723477997509,0.19504458161865537
3,0.054,9,359.98949245818886,1000.0,1000.0,571.0,69.49749239037176,13.908518073985624,1355.0,224.28648402468735,47.31527139261045,361.0,60.52931529408561,12.55893876886161,15.0,1.5000000000000002,0.15000000000000008,93.0,4.343908663182696,0.20361796982167318
4,0.054,8,360.20627993162833,2000.0,0.0,569.0,73.5293162249867,15.601787554068997,1227.0,208.24918844957588,44.537208242688976,432.0,73.60086395332712,15.82380846494629,13.0,1.3,0.13000000000000006,72.0,3.3333333333333326,0.1543209876543209
5,0.054,22,359.89551153260527,2000.0,1000.0,562.0,68.9096457541627,14.520528119687942,1264.0,213.69492614894784,45.640072553330285,421.0,73.18963986907293,15.933144358359922,8.0,0.7999999999999999,0.08000000000000002,74.0,3.4642790335530633,0.16289437585733868
6,0.054,4,360.5093038734742,3000.0,0.0,549.0,71.24092049808864,14.573082158141226,1469.0,247.68196468032593,52.80290102545485,218.0,36.35263164728546,7.632057525934144,11.0,1.0999999999999999,0.11000000000000004,81.0,3.769176553813568,0.17575445816186536
7,0.0,6,360.2157140163408,3000.0,1000.0,578.0,72.53658747932573,15.5195340619351,1356.0,232.71701509806542,50.12826440805904,332.0,55.056322451130875,11.397646781193773,0.0,0.0,0.0,0.0,0.0,0.0
