id,probability_maraud,successful_mating,next_foraging_time,x_pos,y_pos,foraging_events,foraging_hrs,foraging_sqhrs,staying_events,staying_hrs,staying_sqhrs,repairing_events,repairing_hrs,repairing_sqhrs,marauding_events,marauding_hrs,marauding_sqhrs,traveling_events,traveling_hrs,traveling_sqhrs
0,0.0,9,360.03957263461496,0.0,0.0,575.0,67.71661039692589,12.658454389342092,1322.0,225.20739648863253,48.765044195894674,394.0,67.26106050136953,14.614541088647917,0.0,0.0,0.0,0.0,0.0,0.0
1,0.054,7,360.06079774600806,0.0,1000.0,560.0,67.38304827018771,13.264315287431245,1530.0,262.69121921865707,56.47921737984703,156.0,24.606356752099057,4.931358164465198,15.0,1.5000000000000002,0.15000000000000008,84.0,3.908065442702457,0.1821844993141287
2,0.054,13,360.0860687557812,1000.0,0.0,557.0,69.53793290772118,14.92392981810969,1645.0,272.189244773076,57.50266712341013,76.0,12.289515516697067,2.646695618436115,15.0,1.5000000000000002,0.15000000000000008,97.0,4.548270402181452,0.21433470507544544
3,0.054,7,360.0668766415435,1000.0,1000.0,580.0,71.96018202411294,14.88842338808908,1184.0,199.45483224398183,42.58298939853345,492.0,85.30507027748928,18.450666406066922,9.0,0.8999999999999999,0.09000000000000002,55.0,2.546296296296296,0.11788408779149526
4,0.0,11,360.24376717024745,2000.0,0.0,563.0,69.7240479817094,14.016922496928691,1264.0,207.2444778731904,43.09081832713639,465.0,83.28843770286666,18.57587380588207,0.0,0.0,0.0,0.0,0.0,0.0
5,0.0,8,359.75829397273355,2000.0,1000.0,569.0,70.3423948915902,14.71057553748074,1413.0,234.7760864572312,49.83140268545364,343.0,54.88480308922433,11.237535380938526,0.0,0.0,0.0,0.0,0.0,0.0
6,0.054,6,360.2992185439018,3000.0,0.0,559.0,71.15363710699428,15.28576524643486,1338.0,227.34739962193981,49.396033961654155,322.0,55.16667077511035,11.884538622823342,19.0,1.9000000000000006,0.1900000000000001,97.0,4.509917294554314,0.2100480109739365
7,0.054,11,360.31232421846033,3000.0,1000.0,570.0,70.26372162546701,14.324848209628392,1318.0,224.2625970363915,48.60543758825653,370.0,60.87985866955043,12.97973254013214,15.0,1.5000000000000002,0.15000000000000008,69.0,3.213620998258013,0.150034293552812
