id,probability_maraud,successful_mating,next_foraging_time,x_pos,y_pos,foraging_events,foraging_hrs,foraging_sqhrs,staying_events,staying_hrs,staying_sqhrs,repairing_events,repairing_hrs,repairing_sqhrs,marauding_events,marauding_hrs,marauding_sqhrs,traveling_events,traveling_hrs,traveling_sqhrs
0,0.0,9,360.00011089355763,0.0,0.0,558.0,72.41763303121519,15.252077784417333,1205.0,208.11150670333217,45.60457396162952,477.0,79.59275099127011,16.83613565738435,0.0,0.0,0.0,0.0,0.0,0.0
1,0.054,11,360.27273506597913,0.0,1000.0,573.0,71.28204404606218,15.489327420790303,1514.0,253.51644923690682,53.39818480723857,185.0,30.62028397883938,6.609870449995344,12.0,1.2,0.12000000000000005,72.0,3.39086299477404,0.16075102880658426
2,0.054,10,360.3739723572711,1000.0,0.0,571.0,72.20665383763239,15.768555624343998,1457.0,251.21755329384374,55.05726491379554,185.0,30.288448998484302,6.19054697806017,16.0,1.6000000000000003,0.1600000000000001,98.0,4.736745763841892,0.23362482853223546
3,0.054,10,360.2907527657717,1000.0,1000.0,563.0,69.12181412752157,14.794858008248772,1285.0,219.28022410429145,47.513972652600124,404.0,66.78383297929123,14.276051983568054,15.0,1.5000000000000002,0.15000000000000008,72.0,3.3525098871469017,0.15646433470507534
4,0.0,2,360.3414677625033,2000.0,0.0,565.0,69.59563014345933,13.447622468718949,1031.0,174.12984759022294,37.27543090292081,681.0,116.35134659186605,25.1589462704723,0.0,0.0,0.0,0.0,0.0,0.0
5,0.054,11,359.94161893298025,2000.0,1000.0,565.0,71.78768496236694,15.87483976487983,1436.0,247.816598288727,53.59604195520313,206.0,34.756065186090375,7.41790443640255,15.0,1.5000000000000002,0.15000000000000008,89.0,4.177900031811078,0.19718792866940982
6,0.054,12,360.15328674357653,3000.0,0.0,584.0,69.44811065441358,13.512174488325272,1662.0,283.96081676071236,61.504974509977025,0.0,0.0,0.0,16.0,1.6000000000000003,0.1600000000000001,110.0,5.111769146406171,0.2379115226337443
7,0.0,7,360.2610823843524,3000.0,1000.0,567.0,68.48225156402286,13.301257997126584,1194.0,202.64102385993618,43.436207719601235,528.0,88.92812807902575,19.085394915667294,0.0,0.0,0.0,0.0,0.0,0.0
