id,probability_maraud,successful_mating,next_foraging_time,x_pos,y_pos,foraging_events,foraging_hrs,foraging_sqhrs,staying_events,staying_hrs,staying_sqhrs,repairing_events,repairing_hrs,repairing_sqhrs,marauding_events,marauding_hrs,marauding_sqhrs,traveling_events,traveling_hrs,traveling_sqhrs
0,0.0,13,360.1983630689038,0.0,0.0,566.0,68.42210468178978,13.971310618102917,1497.0,255.93184593257487,56.255740624026885,215.0,35.75857339304991,7.396029472957086,0.0,0.0,0.0,0.0,0.0,0.0
1,0.0,10,359.97792608519774,0.0,1000.0,560.0,71.98820867295287,14.751580681584272,1590.0,263.51405661079013,55.663321889653076,146.0,24.5081996953314,5.338396028091165,0.0,0.0,0.0,0.0,0.0,0.0
2,0.054,9,360.32337162647707,1000.0,0.0,581.0,72.06549413661189,14.263163832865526,1276.0,214.85298498470016,45.9430633807975,367.0,67.51144434699155,15.720056518516538,19.0,1.9000000000000006,0.1900000000000001,81.0,3.7883531076271373,0.17789780521261986
3,0.054,12,360.1644514428435,1000.0,1000.0,558.0,71.45650722803579,15.677396835733811,1326.0,228.1517601591962,49.564880932711375,338.0,55.26000609679754,11.470607507935563,13.0,1.3,0.13000000000000006,83.0,3.900122254033299,0.18432784636488314
4,0.054,7,359.9278947988481,2000.0,0.0,555.0,73.34516664887808,15.718787208193987,1278.0,222.1188479832342,48.11732557336802,349.0,59.285519397850145,12.520694296882555,16.0,1.6000000000000003,0.1600000000000001,80.0,3.703703703703703,0.17146776406035646
5,0.054,9,360.5355568322038,2000.0,1000.0,562.0,72.0498128953498,16.18329981536684,1163.0,197.97062104151192,42.68068927176218,497.0,85.60408575587883,18.997037465522762,10.0,0.9999999999999999,0.10000000000000003,74.0,3.4642790335530638,0.16289437585733868
6,0.0,4,359.9699120231091,3000.0,0.0,566.0,70.22439076084918,13.935312317969403,1408.0,234.56671322821143,49.48246346449702,325.0,55.32606944912728,11.922207231011779,0.0,0.0,0.0,0.0,0.0,0.0
7,0.054,8,360.0856463927314,3000.0,1000.0,567.0,72.41484827414534,14.880009623137115,1559.0,258.9677299275547,54.51584503752567,146.0,24.14069097151799,5.050877059748659,9.0,0.8999999999999999,0.09000000000000002,78.0,3.6111111111111103,0.16718106995884757
