id,probability_maraud,successful_mating,next_foraging_time,x_pos,y_pos,foraging_events,foraging_hrs,foraging_sqhrs,staying_events,staying_hrs,staying_sqhrs,repairing_events,repairing_hrs,repairing_sqhrs,marauding_events,marauding_hrs,marauding_sqhrs,traveling_events,traveling_hrs,traveling_sqhrs
0,0.054,3,360.40351583471204,0.0,0.0,560.0,70.9307983365879,14.86506986562432,1165.0,199.46122753288947,43.236982549445464,519.0,85.4243712014832,17.46976873442194,13.0,1.3,0.13000000000000006,62.0,2.889546924183939,0.13503086419753088
1,0.054,7,360.04420791425497,0.0,1000.0,567.0,69.02777821274285,14.451014449641995,1321.0,225.61475146286463,48.762735530616084,348.0,60.8546640197042,13.084368309017314,9.0,0.8999999999999999,0.09000000000000002,77.0,3.6223444762555213,0.1714677640603565
2,0.054,15,360.06133429707916,1000.0,0.0,567.0,72.06198480954365,15.06257528771266,1367.0,229.0741578089539,48.54110371383489,322.0,54.88108564729662,11.43129438853242,12.0,1.2,0.12000000000000005,62.0,2.87037037037037,0.13288751714677643
3,0.054,10,360.414378475684,1000.0,1000.0,569.0,70.68873396185029,14.344672725992538,1416.0,242.26624496892677,52.580723431119495,241.0,42.867076011381585,9.329870541675348,12.0,1.2,0.12000000000000005,66.0,3.055555555555555,0.14146090534979422
4,0.0,9,360.40888595714523,2000.0,0.0,571.0,70.15290261335356,13.80315567189368,1416.0,247.34142659308776,54.21280001722671,248.0,42.506149674875374,9.474654914598945,0.0,0.0,0.0,0.0,0.0,0.0
5,0.054,13,359.9913421326852,2000.0,1000.0,577.0,67.4321455064167,12.598958286273358,1498.0,257.6921201193909,55.2466309422146,174.0,30.3714189781057,6.61464277172498,11.0,1.0999999999999999,0.11000000000000004,77.0,3.564814814814814,0.16503772290809313
6,0.0,11,360.19367404504527,3000.0,0.0,568.0,68.2850681976476,13.29577153481747,1768.0,291.80981458562445,62.36773510433823,0.0,0.0,0.0,0.0,0.0,0.0,0.0,0.0,0.0
7,0.0,4,360.1053952747021,3000.0,1000.0,562.0,69.11540200852387,14.291980313655579,1551.0,260.4321103579931,55.54098472143667,182.0,30.52645763651843,6.457467009210296,0.0,0.0,0.0,0.0,0.0,0.0
