id,probability_maraud,successful_mating,next_foraging_time,x_pos,y_pos,foraging_events,foraging_hrs,foraging_sqhrs,staying_events,staying_hrs,staying_sqhrs,repairing_events,repairing_hrs,repairing_sqhrs,marauding_events,marauding_hrs,marauding_sqhrs,traveling_events,traveling_hrs,traveling_sqhrs
0,0.0,5,360.0254127160287,0.0,0.0,568.0,73.44967675434536,15.311146388119816,1359.0,225.80834582356505,47.60318226516677,356.0,60.802995918143395,12.947213458474446,0.0,0.0,0.0,0.0,0.0,0.0
1,0.054,7,360.37539129787143,0.0,1000.0,566.0,71.55352264706099,14.860169333945638,1632.0,282.3194874474727,61.467041742340186,0.0,0.0,0.0,18.0,1.8000000000000005,0.1800000000000001,94.0,4.351851851851854,0.2014746227709187
2,0.0,18,360.0467703664561,1000.0,0.0,567.0,70.97592397942536,14.75357511862867,1492.0,252.02880788739492,53.609678217786474,211.0,37.026548419013,8.364867242226614,0.0,0.0,0.0,0.0,0.0,0.0
3,0.0,9,360.3659189688256,1000.0,1000.0,565.0,70.28567860808731,16.3107192131794,1254.0,212.9134760318275,46.13841418600098,459.0,77.01707762342151,16.44225295629866,0.0,0.0,0.0,0.0,0.0,0.0
4,0.054,5,359.9790761865699,2000.0,0.0,573.0,69.95076279788586,13.82256449631802,1395.0,235.88471336771698,50.59210084704248,290.0,48.80142935821895,10.485774018566447,17.0,1.7000000000000004,0.1700000000000001,79.0,3.6765839612209756,0.17146776406035646
5,0.054,7,360.0408922154747,2000.0,1000.0,566.0,70.07901909544577,14.36518418248282,1227.0,205.91618994245906,43.500240676564204,481.0,79.16209765149253,16.89957740549518,13.0,1.3,0.13000000000000006,81.0,3.8075296614407064,0.18004115226337428
6,0.054,8,360.19673612372287,3000.0,0.0,571.0,67.83253203735747,13.155590444422343,1247.0,214.7885773324534,46.96990285866201,443.0,72.93729978970238,15.019921186520657,10.0,0.9999999999999999,0.10000000000000003,74.0,3.4642790335530633,0.16289437585733874
7,0.054,13,360.2761795607705,3000.0,1000.0,566.0,74.96970233229699,16.837059195062434,1303.0,220.71673867693127,47.07703155653006,349.0,58.77896732447473,12.368245082591043,14.0,1.4000000000000001,0.14000000000000007,95.0,4.455677809588859,0.21004801097393655
