id,probability_maraud,successful_mating,next_foraging_time,x_pos,y_pos,foraging_events,foraging_hrs,foraging_sqhrs,staying_events,staying_hrs,staying_sqhrs,repairing_events,repairing_hrs,repairing_sqhrs,marauding_events,marauding_hrs,marauding_sqhrs,traveling_events,traveling_hrs,traveling_sqhrs
0,0.054,11,360.1327279991799,0.0,0.0,564.0,72.23307621518967,15.60885652747999,1684.0,282.41492177694465,60.18440157100604,0.0,0.0,0.0,14.0,1.4000000000000001,0.14000000000000007,85.0,3.9735382928123224,0.18647119341563761
1,0.0,4,360.2057545099791,0.0,1000.0,551.0,69.7262912685447,14.94929750112469,1131.0,193.01016279174883,41.55117577857222,591.0,97.40855164590391,20.674596673062695,0.0,0.0,0.0,0.0,0.0,0.0
2,0.0,7,359.9081533414846,1000.0,0.0,564.0,73.06214235276012,14.468511543628885,1154.0,196.17726331606582,42.623805712715026,536.0,90.88554541758307,19.633729899095705,0.0,0.0,0.0,0.0,0.0,0.0
3,0.054,10,360.10706834980334,1000.0,1000.0,568.0,69.24076341228265,14.909089330896421,1691.0,284.6707110667646,60.43761694629349,0.0,0.0,0.0,18.0,1.8000000000000005,0.1800000000000001,95.0,4.474854363402428,0.21219135802469105
4,0.054,13,360.3404245126946,2000.0,0.0,572.0,69.90789028945086,14.294910266293385,1404.0,236.9427249505497,50.20384419372293,280.0,49.048078748528226,10.83866282610534,10.0,0.9999999999999999,0.10000000000000003,71.0,3.3445666984777436,0.1586076817558298
5,0.0,7,360.0392228706831,2000.0,1000.0,564.0,70.16320593126454,15.007169609493271,1204.0,199.7623832919981,42.478300742915465,527.0,90.1066033123043,19.392068088621386,0.0,0.0,0.0,0.0,0.0,0.0
6,0.054,12,360.0049467693836,3000.0,0.0,575.0,68.98584581534833,13.000068193655428,1399.0,237.30461986099564,50.8378351596109,284.0,48.328742938371406,10.506462419205944,16.0,1.6000000000000003,0.1600000000000001,82.0,3.8154728501098645,0.1778978052126198
7,0.054,8,360.15594882471373,3000.0,1000.0,566.0,68.92978191123262,13.743910533494457,1399.0,238.86160523668232,51.9349140081347,273.0,47.247898500557945,10.158484686166378,12.0,1.2,0.12000000000000005,82.0,3.8346494039234336,0.18004115226337425
