id,probability_maraud,successful_mating,next_foraging_time,x_pos,y_pos,foraging_events,foraging_hrs,foraging_sqhrs,staying_events,staying_hrs,staying_sqhrs,repairing_events,repairing_hrs,repairing_sqhrs,marauding_events,marauding_hrs,marauding_sqhrs,traveling_events,traveling_hrs,traveling_sqhrs
0,0.0,2,360.26535292805175,0.0,0.0,574.0,72.37189750554285,15.121193085443423,1392.0,238.86764615205507,51.770985111407796,283.0,48.83781743412059,10.816290032502918,0.0,0.0,0.0,0.0,0.0,0.0
1,0.054,10,360.24362527557537,0.0,1000.0,570.0,68.84153889058817,13.640950884090822,1642.0,285.4750920666495,62.49905798002817,0.0,0.0,0.0,16.0,1.6000000000000003,0.1600000000000001,90.0,4.224196328107375,0.19933127572016426
2,0.0,15,360.42425999137686,1000.0,0.0,566.0,69.87372919492722,14.061564977752724,1558.0,265.8250305520834,57.773755846908706,142.0,24.449367955454573,5.188799023920019,0.0,0.0,0.0,0.0,0.0,0.0
3,0.0,10,359.91465237908625,1000.0,1000.0,568.0,67.61133413994233,13.314227035880098,1295.0,225.01828363209714,49.2536188864955,412.0,67.56312675459822,13.964478584927233,0.0,0.0,0.0,0.0,0.0,0.0
4,0.054,13,360.3436394790117,2000.0,0.0,554.0,65.14822570362276,12.716784107684585,1368.0,229.38884210861556,48.34283045455898,367.0,61.11385317376386,12.95631267194384,9.0,0.8999999999999999,0.09000000000000002,74.0,3.483455587366633,0.16503772290809313
5,0.054,12,360.80302011748284,2000.0,1000.0,569.0,72.10356104057556,15.729455521688129,1343.0,227.03745885454123,49.04451491759111,332.0,55.016260375174014,11.56170312097811,16.0,1.6000000000000003,0.1600000000000001,97.0,4.548270402181452,0.21433470507544547
6,0.054,6,360.36111683688546,3000.0,0.0,559.0,67.94219738457032,12.97343336099691,1549.0,262.46683898224387,56.981488002478955,148.0,24.272949436272324,5.142513297140035,9.0,0.8999999999999999,0.09000000000000002,95.0,4.455677809588859,0.21004801097393652
7,0.054,4,360.6471653158719,3000.0,1000.0,566.0,71.39509716961474,14.80895067360511,1244.0,211.50666722651917,44.53221971730139,439.0,73.11864641091047,15.521365759379615,8.0,0.7999999999999999,0.08000000000000002,69.0,3.213620998258013,0.150034293552812
