id,probability_maraud,successful_mating,next_foraging_time,x_pos,y_pos,foraging_events,foraging_hrs,foraging_sqhrs,staying_events,staying_hrs,staying_sqhrs,repairing_events,repairing_hrs,repairing_sqhrs,marauding_events,marauding_hrs,marauding_sqhrs,traveling_events,traveling_hrs,traveling_sqhrs
0,0.054,8,360.5305895002915,0.0,0.0,565.0,69.70313563204701,13.801531013105235,1664.0,285.54570865765487,62.07548360230231,0.0,0.0,0.0,8.0,0.7999999999999999,0.08000000000000002,86.0,4.019834589108619,0.18861454046639203
1,0.0,9,360.7657171097972,0.0,1000.0,550.0,69.36148231013132,14.393524147719033,1652.0,278.61831238831564,59.56887456027618,76.0,12.155834625711877,2.5058476566296815,0.0,0.0,0.0,0.0,0.0,0.0
2,0.0,9,360.38386158270106,1000.0,0.0,554.0,73.09068349824032,15.272233850561301,1294.0,220.2109657547805,47.832307817091774,389.0,66.95992109028225,14.376264135961152,0.0,0.0,0.0,0.0,0.0,0.0
3,0.0,10,360.0382180700095,1000.0,1000.0,562.0,72.73374708125726,15.11217305779669,1403.0,238.67288463134526,51.56295189585665,269.0,48.6335959410047,10.728681891766884,0.0,0.0,0.0,0.0,0.0,0.0
4,0.054,11,360.26340888171916,2000.0,0.0,579.0,67.08346677992209,13.09545635233843,1398.0,234.96133433046577,49.70649635576582,329.0,53.49421626002976,11.281778413181122,13.0,1.3,0.13000000000000006,67.0,3.1785580671061275,0.15217764060356645
5,0.054,8,360.44292223310043,2000.0,1000.0,575.0,71.88602647535774,15.056587285744087,1370.0,227.74990188697953,48.36885986502856,331.0,54.90616663348814,11.775869761386073,16.0,1.6000000000000003,0.1600000000000001,84.0,3.927241996516026,0.18432784636488317
6,0.054,10,360.12300251665795,3000.0,0.0,566.0,71.02342129247633,14.454116838824069,1434.0,241.54894478298974,51.41654695422044,242.0,42.57866606460528,9.471995791613354,11.0,1.0999999999999999,0.11000000000000004,81.0,3.769176553813568,0.17575445816186536
7,0.054,7,360.22680899503655,3000.0,1000.0,559.0,66.3534838145476,12.72216646157607,1343.0,228.37708002159366,48.718043129520176,346.0,61.5074715558105,13.305502306535548,9.0,0.8999999999999999,0.09000000000000002,65.0,3.0284358130728277,0.14146090534979422
