id,probability_maraud,successful_mating,next_foraging_time,x_pos,y_pos,foraging_events,foraging_hrs,foraging_sqhrs,staying_events,staying_hrs,staying_sqhrs,repairing_events,repairing_hrs,repairing_sqhrs,marauding_events,marauding_hrs,marauding_sqhrs,traveling_events,traveling_hrs,traveling_sqhrs
0,0.0,8,360.00141097137634,0.0,0.0,577.0,70.28335006926326,14.944540617532727,1489.0,253.11729026545274,54.420109973594776,228.0,36.6650163750895,7.5023011638168215,0.0,0.0,0.0,0.0,0.0,0.0
1,0.0,7,360.03213862669645,0.0,1000.0,556.0,67.13539700078415,13.024140607822174,1608.0,274.5695119275605,58.99927356562179,111.0,18.331553070162816,3.9191716676574027,0.0,0.0,0.0,0.0,0.0,0.0
2,0.054,12,359.9227772711505,1000.0,0.0,570.0,70.52743402595831,14.251078454016493,1406.0,241.45418740958664,52.04761201529272,255.0,42.549954737673374,9.075622404027477,17.0,1.7000000000000004,0.1700000000000001,82.0,3.8154728501098645,0.1778978052126198
3,0.054,10,360.0721588357722,1000.0,1000.0,562.0,69.78601857315377,14.09633056846853,1228.0,207.2449377033804,44.12260431858631,480.0,79.42373574398185,16.83699874928563,7.0,0.7,0.07,60.0,2.854483993032054,0.13717421124828533
4,0.054,13,359.9835973968645,2000.0,0.0,593.0,69.26157281534906,13.532099141195493,1312.0,225.18933884252897,48.891046179385725,350.0,61.333455263086336,13.468870008716912,14.0,1.4000000000000001,0.14000000000000007,65.0,3.0284358130728277,0.14146090534979422
5,0.054,12,360.3527080347434,2000.0,1000.0,562.0,68.0443716646893,13.253698218778093,1398.0,236.8562543124286,50.774085014164946,278.0,49.07098761273531,10.561931505536645,15.0,1.5000000000000002,0.15000000000000008,98.0,4.556213590850611,0.21219135802469094
6,0.0,4,360.0877609961128,3000.0,0.0,578.0,70.35424481586952,14.505941331247525,1273.0,215.12694568843338,45.87938966178267,437.0,74.52164100368988,15.903011718060597,0.0,0.0,0.0,0.0,0.0,0.0
7,0.054,6,360.01151662659254,3000.0,1000.0,575.0,70.14386255902407,14.897144497092057,1551.0,260.5373271013182,55.39934775910167,149.0,24.60168582407174,5.146672729712029,11.0,1.0999999999999999,0.11000000000000004,81.0,3.769176553813568,0.17575445816186536
