id,probability_maraud,successful_mating,next_foraging_time,x_pos,y_pos,foraging_events,foraging_hrs,foraging_sqhrs,staying_events,staying_hrs,staying_sqhrs,repairing_events,repairing_hrs,repairing_sqhrs,marauding_events,marauding_hrs,marauding_sqhrs,traveling_events,traveling_hrs,traveling_sqhrs
0,0.054,5,360.32928211694247,0.0,0.0,567.0,73.12884311169013,15.592736086380127,1553.0,263.14723428203405,56.78272597042616,107.0,18.22579648002039,4.121338419560284,16.0,1.6000000000000003,0.1600000000000001,89.0,4.13954692418394,0.19290123456790095
1,0.0,6,360.1037130442968,0.0,1000.0,553.0,68.53500523925852,13.791269310308603,1352.0,230.6602048402848,49.776839307257816,356.0,60.902304449227024,12.911278749574567,0.0,0.0,0.0,0.0,0.0,0.0
2,0.054,12,359.9798400306697,1000.0,0.0,573.0,68.41591786677192,13.013809445782577,1107.0,189.3592635315736,40.779002267920184,567.0,98.16189247341333,21.50532971638097,10.0,0.9999999999999999,0.10000000000000003,65.0,3.0667889206999663,0.1457475994513031
3,0.054,16,360.2673081125422,1000.0,1000.0,572.0,71.88589387042332,14.626384175301945,1463.0,252.05111296050282,54.75089766311043,183.0,30.472860415968068,6.35573552038518,12.0,1.2,0.12000000000000005,94.0,4.390204959478993,0.20576131687242763
4,0.054,9,360.51245809425177,2000.0,0.0,566.0,71.36484239267851,14.864885257922074,1597.0,265.9900807316352,56.903565788408166,107.0,18.21986987565134,4.036627401886946,10.0,0.9999999999999999,0.10000000000000003,81.0,3.865059322881414,0.18647119341563764
5,0.0,11,359.94622110779926,2000.0,1000.0,564.0,73.48772900059791,15.45209068142216,1153.0,195.16699697136016,41.47635694384582,534.0,91.45244956905213,19.229969429259217,0.0,0.0,0.0,0.0,0.0,0.0
6,0.0,2,360.3602496787801,3000.0,0.0,569.0,70.64508666926858,14.605595427013327,1344.0,227.71137120278416,49.41420677402285,361.0,61.72859735041526,13.148882077770043,0.0,0.0,0.0,0.0,0.0,0.0
7,0.054,11,360.24241347822345,3000.0,1000.0,567.0,72.44007164650975,15.192090013412452,1622.0,274.94813022729676,59.35699876200695,38.0,6.268917709344156,1.3457675803835119,15.0,1.5000000000000002,0.15000000000000008,103.0,4.845224733772802,0.22933813443072656
