id,probability_maraud,successful_mating,next_foraging_time,x_pos,y_pos,foraging_events,foraging_hrs,foraging_sqhrs,staying_events,staying_hrs,staying_sqhrs,repairing_events,repairing_hrs,repairing_sqhrs,marauding_events,marauding_hrs,marauding_sqhrs,traveling_events,traveling_hrs,traveling_sqhrs
0,0.054,12,360.2426603616781,0.0,0.0,550.0,69.96634822935744,14.991877931707755,1660.0,278.0110884385851,59.19005498322054,34.0,6.086645572485858,1.4580182047560633,17.0,1.7000000000000004,0.1700000000000001,93.0,4.305555555555557,0.19933127572016426
1,0.0,8,360.1406091500989,0.0,1000.0,556.0,72.09912272104158,15.896893399650084,1288.0,221.9291398959743,48.17297049720488,394.0,66.1211744576069,14.077285422847288,0.0,0.0,0.0,0.0,0.0,0.0
2,0.0,5,359.9934505295594,1000.0,0.0,562.0,69.89604680257393,15.620897312820775,1114.0,192.69088755420026,42.13887526839629,583.0,97.46753292198139,20.393562171439566,0.0,0.0,0.0,0.0,0.0,0.0
3,0.054,17,360.4909208021819,1000.0,1000.0,555.0,75.8864103843109,17.948167391518126,1565.0,266.19094965107547,57.08340527627176,81.0,12.267158722543561,2.4245824137087206,9.0,0.8999999999999999,0.09000000000000002,103.0,4.8260481799592325,0.22719478737997212
4,0.054,12,360.30727226625623,2000.0,0.0,563.0,71.56357899159929,15.554656507828362,1384.0,228.0599227539627,48.40821493070129,320.0,55.49936947994083,12.371206966548536,14.0,1.4000000000000001,0.14000000000000007,75.0,3.5681049912900673,0.1714677640603565
5,0.0,10,360.861931485214,2000.0,1000.0,569.0,68.94572713610798,13.755505186323742,1408.0,236.20846379671724,50.124379797502996,325.0,55.00254875562576,11.81965258738743,0.0,0.0,0.0,0.0,0.0,0.0
6,0.054,4,359.8705740714339,3000.0,0.0,553.0,76.66735914282307,17.857902186885195,1369.0,229.6077192782222,49.24461546986038,297.0,48.94052890916194,10.26095478652753,14.0,1.4000000000000001,0.14000000000000007,73.0,3.4563358448839057,0.16503772290809313
7,0.054,4,360.3158833355815,3000.0,1000.0,560.0,69.60013387242934,14.606282794178522,1505.0,251.72875025593206,52.78630849920382,201.0,34.45330466146261,7.477968273163845,8.0,0.7999999999999999,0.08000000000000002,76.0,3.556871626145656,0.1671810699588476
