id,probability_maraud,successful_mating,next_foraging_time,x_pos,y_pos,foraging_events,foraging_hrs,foraging_sqhrs,staying_events,staying_hrs,staying_sqhrs,repairing_events,repairing_hrs,repairing_sqhrs,marauding_events,marauding_hrs,marauding_sqhrs,traveling_events,traveling_hrs,traveling_sqhrs
0,0.054,8,360.3534781675491,0.0,0.0,563.0,68.77139162039005,13.550726113296834,1462.0,248.9897278436831,53.62821400445925,228.0,36.483752464148836,7.667219410281442,19.0,1.9000000000000006,0.1900000000000001,83.0,3.8617691464061608,0.18004115226337425
1,0.054,6,360.0853932888401,0.0,1000.0,575.0,71.10441756029812,14.365663635005243,1264.0,214.9980308177729,45.95047748570883,416.0,68.74153918843736,14.362260955771301,16.0,1.6000000000000003,0.1600000000000001,80.0,3.76123336514441,0.17789780521261986
2,0.0,10,360.2916171154571,1000.0,0.0,576.0,72.31483174664835,15.51767846520829,1262.0,214.2677205479525,46.439225876956016,432.0,73.63932345137813,16.21136244329799,0.0,0.0,0.0,0.0,0.0,0.0
3,0.0,13,359.91170959328684,1000.0,1000.0,571.0,70.70165724345175,15.385899863105529,1367.0,228.58137177107994,48.514355606935986,361.0,60.74052253873253,13.216374271866618,0.0,0.0,0.0,0.0,0.0,0.0
4,0.054,8,359.79945873949436,2000.0,0.0,569.0,68.9323977041145,13.574194526781657,1448.0,243.40947019377109,52.12695596226564,249.0,42.45437819005134,9.32594879792041,13.0,1.3,0.13000000000000006,84.0,3.946418550329595,0.18647119341563764
5,0.0,15,359.8433274018348,2000.0,1000.0,561.0,69.24099859554791,14.969602266025044,1338.0,229.78321707931505,49.76172044435215,359.0,61.014938941654556,12.9329664993917,0.0,0.0,0.0,0.0,0.0,0.0
6,0.054,7,360.40842825393696,3000.0,0.0,561.0,70.29235083676124,15.242554764451867,1264.0,212.10904021977967,45.43473101967397,435.0,73.07189700981367,15.211176292547322,13.0,1.3,0.13000000000000006,70.0,3.259917294554309,0.15217764060356645
7,0.054,5,360.10996493725804,3000.0,1000.0,570.0,70.23079464383736,14.140529404000462,1485.0,247.88895755892025,52.60145338902351,223.0,36.671152153868256,7.912559195464228,14.0,1.4000000000000001,0.14000000000000007,84.0,3.927241996516026,0.18432784636488314
