id,probability_maraud,successful_mating,next_foraging_time,x_pos,y_pos,foraging_events,foraging_hrs,foraging_sqhrs,staying_events,staying_hrs,staying_sqhrs,repairing_events,repairing_hrs,repairing_sqhrs,marauding_events,marauding_hrs,marauding_sqhrs,traveling_events,traveling_hrs,traveling_sqhrs
0,0.054,8,360.2404909903189,0.0,0.0,566.0,69.63291337609638,13.90926504974563,1694.0,285.51010193278773,60.983930815020756,0.0,0.0,0.0,11.0,1.0999999999999999,0.11000000000000004,81.0,3.8075296614407064,0.18004115226337428
1,0.0,10,360.71860703966337,0.0,1000.0,560.0,68.95720013904945,13.750509259705435,1437.0,242.43882935063326,52.10167871394769,287.0,48.717718844738435,10.499223548317842,0.0,0.0,0.0,0.0,0.0,0.0
2,0.0,12,360.76582545259896,1000.0,0.0,558.0,70.98598317998722,14.448816303594977,1302.0,222.13699905096777,47.91479535999649,388.0,67.01588748331177,14.52776645115262,0.0,0.0,0.0,0.0,0.0,0.0
3,0.054,13,360.0629548548135,1000.0,1000.0,557.0,67.17514948693085,13.609893256100452,1348.0,233.30248572290998,50.5709617951746,327.0,55.17340805045006,12.046088289251218,14.0,1.4000000000000001,0.14000000000000007,64.0,3.02049262440367,0.14360425240054867
4,0.0,5,360.1449951870283,2000.0,0.0,563.0,70.6198931957971,15.296979399755113,1165.0,197.75247143468414,42.24205328553179,528.0,91.67804692554097,20.341089415099226,0.0,0.0,0.0,0.0,0.0,0.0
5,0.054,12,360.19857395170965,2000.0,1000.0,568.0,73.41580643938887,16.017889401957067,1345.0,226.16152218602224,48.85218735469816,332.0,55.20916829115948,11.521819311273214,18.0,1.8000000000000005,0.1800000000000001,76.0,3.576048179959225,0.16932441700960207
6,0.054,4,360.13773411750697,3000.0,0.0,558.0,73.54071226387214,15.84846462926944,1470.0,250.90099369388707,53.74515509420211,172.0,30.686589465129448,6.760317613910588,13.0,1.3,0.13000000000000006,78.0,3.6302876649246794,0.16932441700960202
7,0.054,8,360.005387186742,3000.0,1000.0,580.0,75.2651494463112,17.158663701935744,1337.0,224.52143806660436,47.692515996951585,332.0,55.89520786122829,11.907447300342508,11.0,1.0999999999999999,0.11000000000000004,73.0,3.417982737256767,0.16075102880658426
