id,probability_maraud,successful_mating,next_foraging_time,x_pos,y_pos,foraging_events,foraging_hrs,foraging_sqhrs,staying_events,staying_hrs,staying_sqhrs,repairing_events,repairing_hrs,repairing_sqhrs,marauding_events,marauding_hrs,marauding_sqhrs,traveling_events,traveling_hrs,traveling_sqhrs
0,0.0,7,360.5367862076171,0.0,0.0,575.0,70.38402794123864,14.413162837928082,1538.0,259.1899027613956,55.27595154527288,186.0,30.51411918328857,6.445289028778795,0.0,0.0,0.0,0.0,0.0,0.0
1,0.0,8,360.17540341636277,0.0,1000.0,555.0,70.66179464299502,14.272466380154379,1696.0,289.41297876542023,62.608948764446886,0.0,0.0,0.0,0.0,0.0,0.0,0.0,0.0,0.0
2,0.054,17,360.24375915537394,1000.0,0.0,563.0,71.06319558579685,15.565453171233077,1579.0,265.3694722238642,57.2868620774454,102.0,18.51338965416713,4.182822384656326,14.0,1.4000000000000001,0.14000000000000007,80.0,3.742056811330841,0.17575445816186536
3,0.0,10,360.0930436173851,1000.0,1000.0,577.0,73.60729633705857,14.951263924357587,1503.0,256.3249620691788,54.72635967552973,166.0,30.16108264513348,6.806653991786271,0.0,0.0,0.0,0.0,0.0,0.0
4,0.054,11,360.5528563811077,2000.0,0.0,575.0,68.67204801100176,13.670495346674643,1195.0,202.01648449747682,43.30435643827055,498.0,85.39618464906734,18.058763321449415,10.0,0.9999999999999999,0.10000000000000003,63.0,2.9550197742938042,0.13931755829903977
5,0.054,3,360.1499611142405,2000.0,1000.0,563.0,65.44918610556421,12.990393744423761,1209.0,199.89510430685283,41.95703780969105,531.0,91.3043733861838,19.886632612855667,6.0,0.6,0.06000000000000001,59.0,2.7890111429221887,0.13288751714677643
6,0.054,5,360.2898261633619,3000.0,0.0,566.0,69.84346924049838,13.95492934931695,1459.0,243.0035785647808,51.60769907871195,262.0,42.70476298097917,8.666744804306742,13.0,1.3,0.13000000000000006,71.0,3.3062135908506054,0.1543209876543209
7,0.054,11,360.30940854111265,3000.0,1000.0,583.0,69.02771278129423,13.447608888195122,1422.0,236.8301502085947,50.05178561891495,282.0,49.286323539272765,10.602581463653427,14.0,1.4000000000000001,0.14000000000000007,76.0,3.5185185185185177,0.16289437585733868
