id,probability_maraud,successful_mating,next_foraging_time,x_pos,y_pos,foraging_events,foraging_hrs,foraging_sqhrs,staying_events,staying_hrs,staying_sqhrs,repairing_events,repairing_hrs,repairing_sqhrs,marauding_events,marauding_hrs,marauding_sqhrs,traveling_events,traveling_hrs,traveling_sqhrs
0,0.0,9,360.610869355509,0.0,0.0,578.0,72.44288826786763,14.383086062066878,1487.0,251.25385049796859,53.68208465871178,211.0,36.453296116026785,7.880563559912747,0.0,0.0,0.0,0.0,0.0,0.0
1,0.054,10,360.2451120728927,0.0,1000.0,571.0,67.71488551137266,13.320395406020758,1755.0,286.9706408291423,59.77206475109784,0.0,0.0,0.0,14.0,1.4000000000000001,0.14000000000000007,86.0,4.019834589108619,0.18861454046639203
2,0.054,15,360.0973685797719,1000.0,0.0,568.0,69.37745657788554,14.201109117683512,1467.0,243.48578916695533,51.47263203375376,235.0,43.04237195630571,9.83934006507058,9.0,0.8999999999999999,0.09000000000000002,69.0,3.213620998258013,0.150034293552812
3,0.0,8,359.83951824107015,1000.0,1000.0,555.0,73.91237147892694,15.100425253752187,1324.0,225.37807361065924,48.05381128479113,369.0,60.903220198217994,12.814357605046322,0.0,0.0,0.0,0.0,0.0,0.0
4,0.054,14,360.33864307561765,2000.0,0.0,574.0,69.54685483040474,13.791828071680598,1195.0,204.3079423875217,44.47338217740369,483.0,81.2513129357996,17.310473121918285,16.0,1.6000000000000003,0.1600000000000001,71.0,3.3062135908506054,0.1543209876543209
5,0.0,6,359.86585192537564,2000.0,1000.0,566.0,69.19193358971913,14.21877166340968,1430.0,238.88564928124012,49.600431385544354,298.0,51.932217653385294,11.713599770800858,0.0,0.0,0.0,0.0,0.0,0.0
6,0.054,3,360.3241467780542,3000.0,0.0,558.0,72.28504344708324,15.42839448566409,1239.0,206.65299192356179,43.65732449917603,435.0,75.82036262528462,16.84058410635983,14.0,1.4000000000000001,0.14000000000000007,85.0,3.9735382928123224,0.1864711934156376
7,0.054,7,360.12420023480735,3000.0,1000.0,589.0,69.41949830789615,13.578396071903953,1436.0,242.41828053457832,51.0894487496737,266.0,42.97687044556516,8.895315703115063,13.0,1.3,0.13000000000000006,83.0,3.938475361660437,0.1886145404663921
