id,probability_maraud,successful_mating,next_foraging_time,x_pos,y_pos,foraging_events,foraging_hrs,foraging_sqhrs,staying_events,staying_hrs,staying_sqhrs,repairing_events,repairing_hrs,repairing_sqhrs,marauding_events,marauding_hrs,marauding_sqhrs,traveling_events,traveling_hrs,traveling_sqhrs
0,0.054,12,359.966020644267,0.0,0.0,561.0,66.02726331511293,13.01728365787023,1705.0,289.3694529116648,61.83825779465779,0.0,0.0,0.0,13.0,1.3,0.13000000000000006,71.0,3.3062135908506054,0.1543209876543209
1,0.0,6,360.3967223310856,0.0,1000.0,566.0,69.93763126635554,14.935481235036793,1389.0,235.1320508028422,49.26302416575732,319.0,54.988943941040574,12.052342445721376,0.0,0.0,0.0,0.0,0.0,0.0
2,0.0,12,360.1838562487293,1000.0,0.0,559.0,72.93632706141523,15.333838463958752,1325.0,220.1259292551874,46.09768376745062,401.0,67.02621255666172,14.526756252619975,0.0,0.0,0.0,0.0,0.0,0.0
3,0.054,12,360.03840165198994,1000.0,1000.0,561.0,68.63177555799531,13.843167912586527,1545.0,262.1856053121592,56.45248119085799,146.0,24.581133673326743,5.228302407150012,12.0,1.2,0.12000000000000005,75.0,3.4913987760357905,0.16289437585733868
4,0.0,6,360.62021978657606,2000.0,0.0,561.0,71.43815600732833,15.16773075445481,1387.0,226.0214208579825,47.283863600783675,378.0,62.63547496673396,13.275036189123194,0.0,0.0,0.0,0.0,0.0,0.0
5,0.054,10,360.4104656157944,2000.0,1000.0,565.0,69.84564876598742,15.154929216338006,1312.0,219.02830463869714,46.287887113909164,386.0,67.31259727156235,14.837805247110662,10.0,0.9999999999999999,0.10000000000000003,60.0,2.835307439218485,0.13503086419753088
6,0.054,7,360.44802986991334,3000.0,0.0,566.0,70.50144843575673,14.95086268482861,1470.0,246.1500064360114,52.20359619763216,223.0,37.795578025187936,8.199912215838914,14.0,1.4000000000000001,0.14000000000000007,91.0,4.251316070590103,0.1993312757201643
7,0.054,7,360.4185043155014,3000.0,1000.0,566.0,66.67727211627225,13.204494645459498,1472.0,246.04788294152314,52.03020020365795,241.0,42.59517155886195,9.300972805233808,11.0,1.0999999999999999,0.11000000000000004,80.0,3.722880257517272,0.1736111111111109
