id,probability_maraud,successful_mating,next_foraging_time,x_pos,y_pos,foraging_events,foraging_hrs,foraging_sqhrs,staying_events,staying_hrs,staying_sqhrs,repairing_events,repairing_hrs,repairing_sqhrs,marauding_events,marauding_hrs,marauding_sqhrs,traveling_events,traveling_hrs,traveling_sqhrs
0,0.054,8,359.88899880911873,0.0,0.0,576.0,71.66707816488547,14.898112564854832,1655.0,282.46179958865105,60.276479275417415,0.0,0.0,0.0,17.0,1.7000000000000004,0.1700000000000001,90.0,4.205019774293806,0.19718792866940987
1,0.0,7,360.0410072447622,0.0,1000.0,560.0,70.37689719056647,14.940275488507243,1385.0,231.86535200429168,48.5669884804437,344.0,57.7735448027634,12.07591550494068,0.0,0.0,0.0,0.0,0.0,0.0
2,0.0,7,360.2967345772346,1000.0,0.0,570.0,71.32471005011811,14.712327250159339,1036.0,175.85133540408634,37.64452721691863,682.0,112.8945958288324,23.830434024022882,0.0,0.0,0.0,0.0,0.0,0.0
3,0.054,8,360.439549699496,1000.0,1000.0,568.0,73.56133393013782,15.96779898797617,1467.0,245.0167089347777,52.36994139877423,223.0,36.46097268236905,7.487630248863973,13.0,1.3,0.13000000000000006,78.0,3.6878173263653866,0.17575445816186536
4,0.054,15,360.1202308768106,2000.0,0.0,580.0,71.0854678456097,15.08815288955407,1635.0,277.29597900169045,59.4773562875826,33.0,6.004247311779475,1.2964172444951734,10.0,0.9999999999999999,0.10000000000000003,100.0,4.687159291070342,0.22076474622770875
5,0.054,12,360.4116979464286,2000.0,1000.0,570.0,68.69898374425533,13.481880473502349,1210.0,209.1001921877374,45.00891779481747,466.0,78.04500022667973,16.6265467660509,14.0,1.4000000000000001,0.14000000000000007,62.0,2.87037037037037,0.13288751714677643
6,0.0,6,360.0519684907655,3000.0,0.0,577.0,70.25812264373822,13.996851773358484,1210.0,202.961226081868,43.06155215656245,536.0,86.95496459639094,18.15613703797679,0.0,0.0,0.0,0.0,0.0,0.0
7,0.054,9,360.14365383637744,3000.0,1000.0,572.0,71.84908011113626,15.187421712208712,1411.0,239.6217939750888,51.64071600811768,259.0,42.873881038853476,8.955311565370089,17.0,1.7000000000000004,0.1700000000000001,87.0,4.066130885404916,0.19075788751714648
