id,probability_maraud,successful_mating,next_foraging_time,x_pos,y_pos,foraging_events,foraging_hrs,foraging_sqhrs,staying_events,staying_hrs,staying_sqhrs,repairing_events,repairing_hrs,repairing_sqhrs,marauding_events,marauding_hrs,marauding_sqhrs,traveling_events,traveling_hrs,traveling_sqhrs
0,0.054,4,360.07717608275885,0.0,0.0,559.0,71.69402250286714,15.903778054791964,1660.0,283.37324946466697,61.331791896717924,0.0,0.0,0.0,11.0,1.0999999999999999,0.11000000000000004,82.0,3.8346494039234336,0.18004115226337428
1,0.0,12,360.360790938238,0.0,1000.0,562.0,73.77328571737505,15.659221733212693,1279.0,219.25076991816354,47.234115695255674,403.0,66.98798290126804,14.066949875518329,0.0,0.0,0.0,0.0,0.0,0.0
2,0.0,10,360.14733001148477,1000.0,0.0,579.0,68.72494375294231,13.306520139793832,1387.0,236.5297125642561,50.70056805087983,335.0,55.03634922304802,11.819265816046176,0.0,0.0,0.0,0.0,0.0,0.0
3,0.054,7,360.06155080460474,1000.0,1000.0,573.0,69.87470466224717,13.592075955921201,1564.0,267.7651991422988,57.635619102717335,104.0,18.455009216804616,4.185990360250903,10.0,0.9999999999999999,0.10000000000000003,67.0,3.1210284056654203,0.1457475994513031
4,0.0,10,360.0096461290392,2000.0,0.0,575.0,72.00527125029248,14.634597797939549,1223.0,205.1605717126084,43.92638761963446,520.0,82.94197253886007,17.202022145982426,0.0,0.0,0.0,0.0,0.0,0.0
5,0.054,14,360.3962767595455,2000.0,1000.0,565.0,70.59709115559293,14.841562413151633,1471.0,246.49050176766318,52.40491940543113,218.0,36.897452596288495,8.020355040462288,15.0,1.5000000000000002,0.15000000000000008,97.0,4.58662350980859,0.21862139917695436
6,0.054,11,360.19532885729893,3000.0,0.0,574.0,71.8115343360584,14.291604575587256,1444.0,239.74144344501585,50.31817858477231,246.0,43.1665907397902,9.519688766362842,17.0,1.7000000000000004,0.1700000000000001,77.0,3.583991368628383,0.16718106995884757
7,0.054,4,360.0132320803729,3000.0,1000.0,550.0,71.08401253858985,14.9658917342578,1150.0,199.8112185060378,43.806533421655715,523.0,85.16285836135918,17.733559066918914,11.0,1.0999999999999999,0.11000000000000004,65.0,3.0284358130728277,0.14146090534979422
