id,probability_maraud,successful_mating,next_foraging_time,x_pos,y_pos,foraging_events,foraging_hrs,foraging_sqhrs,staying_events,staying_hrs,staying_sqhrs,repairing_events,repairing_hrs,repairing_sqhrs,marauding_events,marauding_hrs,marauding_sqhrs,traveling_events,traveling_hrs,traveling_sqhrs
0,0.054,5,360.33038985497626,0.0,0.0,567.0,70.53016156278198,13.822229300174993,1500.0,253.43393551206248,54.39220686662299,173.0,30.503227947784588,6.797231289888171,15.0,1.5000000000000002,0.15000000000000008,88.0,4.0932506278876435,0.1907578875171465
1,0.054,8,360.08536513507664,0.0,1000.0,563.0,70.75668417336232,15.187257647177862,1317.0,224.33895971567281,47.617089496490536,354.0,60.93140311368833,13.222421556910241,9.0,0.8999999999999999,0.09000000000000002,67.0,3.159381513292559,0.150034293552812
2,0.054,11,359.9800740627018,1000.0,0.0,563.0,71.72687475467724,15.72415110619136,1167.0,197.15082458851484,42.228630842813224,509.0,87.46492992313428,19.23814579823957,12.0,1.2,0.12000000000000005,58.0,2.7043617389987538,0.1264574759945131
3,0.054,10,360.1066090952857,1000.0,1000.0,556.0,73.4865137149648,15.581289429939048,1283.0,221.2009439369336,48.593474884683495,340.0,60.98720143917496,13.586858430067887,13.0,1.3,0.13000000000000006,67.0,3.14020495947899,0.14789094650205756
4,0.0,16,360.4356556708751,2000.0,0.0,549.0,70.00190071495444,15.227612453946154,1514.0,259.77984068971784,57.17163143316729,185.0,30.426752183479902,6.42887256592665,0.0,0.0,0.0,0.0,0.0,0.0
5,0.0,5,360.4249031590483,2000.0,1000.0,554.0,72.78789030999005,16.000070165106365,1405.0,244.53132859076825,53.214727459840816,257.0,42.700853847754246,9.120876690058925,0.0,0.0,0.0,0.0,0.0,0.0
6,0.0,5,360.0934408093326,3000.0,0.0,567.0,71.85033095258407,15.519342374244088,1512.0,257.94135095503157,55.416949714337804,184.0,30.435726594833227,6.245576356720232,0.0,0.0,0.0,0.0,0.0,0.0
7,0.054,12,360.58785604845673,3000.0,1000.0,563.0,71.36557922479277,14.659534525329978,1699.0,284.42797968353506,60.98310640613808,0.0,0.0,0.0,8.0,0.7999999999999999,0.08000000000000002,78.0,3.6111111111111103,0.16718106995884757
