id,probability_maraud,successful_mating,next_foraging_time,x_pos,y_pos,foraging_events,foraging_hrs,foraging_sqhrs,staying_events,staying_hrs,staying_sqhrs,repairing_events,repairing_hrs,repairing_sqhrs,marauding_events,marauding_hrs,marauding_sqhrs,traveling_events,traveling_hrs,traveling_sqhrs
0,0.054,3,359.9176100825644,0.0,0.0,552.0,71.6755268043079,15.26256354668328,1372.0,232.10051431415442,49.511360038252086,302.0,51.60220729645962,11.16273009768269,13.0,1.3,0.13000000000000006,73.0,3.417982737256767,0.16075102880658426
1,0.054,10,360.2622265279546,0.0,1000.0,576.0,71.42746167407394,14.415084899577414,1504.0,253.16367004990488,54.25401187942943,190.0,30.524230952477474,6.438840936465241,12.0,1.2,0.12000000000000005,83.0,3.8617691464061608,0.18004115226337425
2,0.054,8,360.18070861436894,1000.0,0.0,571.0,70.02269695563656,14.445946687086343,1152.0,196.41246407068527,42.354123223986804,548.0,90.02058193887086,18.702970937243894,13.0,1.3,0.13000000000000006,50.0,2.372344476255522,0.11359739368998634
3,0.0,7,360.11524589591585,1000.0,1000.0,570.0,69.90281168891988,13.84363812687435,1172.0,204.67980681386908,45.112463846199375,508.0,85.49219472608992,18.590119583564054,0.0,0.0,0.0,0.0,0.0,0.0
4,0.054,18,360.1544555276971,2000.0,0.0,563.0,71.60225292209385,15.160707188086917,1530.0,257.1370916588443,55.47649223673207,151.0,24.404843776627366,4.943198824973086,20.0,2.0000000000000004,0.20000000000000012,108.0,5.057529661440716,0.2379115226337443
5,0.0,11,359.8495840453597,2000.0,1000.0,575.0,74.17010397138442,16.392243006157788,1156.0,194.04502303597255,41.29312211992408,540.0,91.89711726320503,19.25242602180065,0.0,0.0,0.0,0.0,0.0,0.0
6,0.0,5,360.2832581430833,3000.0,0.0,571.0,71.6256980731969,14.791613534297097,1226.0,208.76673633756934,45.05453328177076,507.0,79.65924002331211,16.076892031506954,0.0,0.0,0.0,0.0,0.0,0.0
7,0.054,10,360.43194558631524,3000.0,1000.0,566.0,71.85182318214201,15.236384589566457,1646.0,281.4482412373025,60.65976188031404,0.0,0.0,0.0,17.0,1.7000000000000004,0.1700000000000001,110.0,5.111769146406171,0.23791152263374432
