id,probability_maraud,successful_mating,next_foraging_time,x_pos,y_pos,foraging_events,foraging_hrs,foraging_sqhrs,staying_events,staying_hrs,staying_sqhrs,repairing_events,repairing_hrs,repairing_sqhrs,marauding_events,marauding_hrs,marauding_sqhrs,traveling_events,traveling_hrs,traveling_sqhrs
0,0.054,10,360.09494283118227,0.0,0.0,566.0,72.43935638795179,15.624023328548017,1407.0,234.05111491607565,49.605589260065436,300.0,48.717424458391626,10.237826664737833,10.0,0.9999999999999999,0.10000000000000003,84.0,3.908065442702457,0.18218449931412872
1,0.054,5,360.3759724108772,0.0,1000.0,575.0,72.01496604616995,15.216632162734314,1459.0,246.1664051043195,52.74379770369821,240.0,36.58554180767823,7.30121891720608,12.0,1.2,0.12000000000000005,87.0,4.046954331591347,0.18861454046639203
2,0.054,9,360.05054768017527,1000.0,0.0,575.0,69.76368854871507,14.50733849329914,1503.0,254.19257100746034,54.381147253548924,179.0,30.594442607333363,6.595616382868835,14.0,1.4000000000000001,0.14000000000000007,90.0,4.205019774293806,0.19718792866940982
3,0.0,8,360.49269810784057,1000.0,1000.0,569.0,69.09473197781719,13.12995603270154,1300.0,222.8812051604376,47.92712202088003,414.0,68.12304691340574,14.604678592394034,0.0,0.0,0.0,0.0,0.0,0.0
4,0.0,9,360.2169222110544,2000.0,0.0,571.0,68.67270589019105,13.835597667408887,1307.0,224.11067757654766,48.43432211842534,407.0,67.28338405751877,14.087052993114995,0.0,0.0,0.0,0.0,0.0,0.0
5,0.054,10,359.899296030864,2000.0,1000.0,552.0,70.88807872856587,15.720771492718322,1703.0,283.98451227987493,60.72361050799842,0.0,0.0,0.0,6.0,0.6,0.06000000000000001,98.0,4.613743252291318,0.21862139917695433
6,0.054,13,360.17809723288957,3000.0,0.0,565.0,72.45499037126622,15.39327153221552,1716.0,283.04435929603636,59.940088849214135,0.0,0.0,0.0,7.0,0.7,0.07,83.0,3.8425925925925917,0.1778978052126198
7,0.0,8,360.18651956210834,3000.0,1000.0,569.0,68.27227496920476,13.984313726680352,1461.0,249.18925956834173,53.69405553054192,260.0,42.68341763905527,8.934360029078936,0.0,0.0,0.0,0.0,0.0,0.0
