id,probability_maraud,successful_mating,next_foraging_time,x_pos,y_pos,foraging_events,foraging_hrs,foraging_sqhrs,staying_events,staying_hrs,staying_sqhrs,repairing_events,repairing_hrs,repairing_sqhrs,marauding_events,marauding_hrs,marauding_sqhrs,traveling_events,traveling_hrs,traveling_sqhrs
0,0.0,5,360.0740193686231,0.0,0.0,567.0,70.24721427894,14.600609835628521,1356.0,229.1149449739955,49.48685988898768,360.0,60.756999940685226,13.065697192951651,0.0,0.0,0.0,0.0,0.0,0.0
1,0.054,10,360.1911833251867,0.0,1000.0,567.0,72.27603228181496,15.819581903944815,1530.0,252.24813317919887,53.04139646899627,178.0,30.40061847226504,6.556469109575192,11.0,1.0999999999999999,0.11000000000000004,91.0,4.232139516776534,0.19718792866940982
2,0.054,16,359.823251035964,1000.0,0.0,567.0,71.26090815946395,15.91553510143875,1115.0,187.73043823595282,39.74383334735145,586.0,98.07399579687717,21.115986798501154,8.0,0.7999999999999999,0.08000000000000002,45.0,2.1408629947740403,0.10288065843621404
3,0.054,12,360.2770718431487,1000.0,1000.0,568.0,69.99837211910267,13.873367573115365,1391.0,235.21642795904611,50.64961017061334,292.0,49.21796535398928,10.32185521734973,14.0,1.4000000000000001,0.14000000000000007,90.0,4.243372881920945,0.20147462277091874
4,0.054,5,360.00520245005424,2000.0,0.0,572.0,71.0811815765458,14.841488982114107,1613.0,275.7973740774812,59.25103449106439,41.0,6.151853862157003,1.2533940932533507,19.0,1.9000000000000006,0.1900000000000001,109.0,5.103825957737013,0.2400548696844988
5,0.0,11,360.44513832015167,2000.0,1000.0,560.0,74.16839699780866,17.386205234350527,1114.0,187.83594101412032,39.96618906683951,585.0,98.1077242529679,21.00860076394607,0.0,0.0,0.0,0.0,0.0,0.0
6,0.0,7,360.04733251048305,3000.0,0.0,562.0,70.02443689424963,13.893270816960035,1354.0,228.7847346302432,48.67122553030471,370.0,61.32333852275151,12.885660583789962,0.0,0.0,0.0,0.0,0.0,0.0
7,0.054,6,359.87399673878485,3000.0,1000.0,583.0,69.57594565946617,13.67065800513332,1722.0,284.9965669964317,60.24987847460433,0.0,0.0,0.0,14.0,1.4000000000000001,0.14000000000000007,87.0,4.046954331591347,0.18861454046639206
