id,probability_maraud,successful_mating,next_foraging_time,x_pos,y_pos,foraging_events,foraging_hrs,foraging_sqhrs,staying_events,staying_hrs,staying_sqhrs,repairing_events,repairing_hrs,repairing_sqhrs,marauding_events,marauding_hrs,marauding_sqhrs,traveling_events,traveling_hrs,traveling_sqhrs
0,0.0,6,360.21196336880234,0.0,0.0,554.0,71.8967563625805,15.658805504444041,1304.0,221.18795074204246,47.65453891137941,382.0,67.00979119055009,14.436420860142324,0.0,0.0,0.0,0.0,0.0,0.0
1,0.054,8,360.4057671450319,0.0,1000.0,571.0,73.64641643364313,16.504873242302843,1487.0,250.69735478295559,53.8423634165347,188.0,30.886362038087043,6.246205671680007,13.0,1.3,0.13000000000000006,76.0,3.5185185185185177,0.16289437585733868
2,0.054,12,360.16122901503445,1000.0,0.0,572.0,67.53274044364747,13.124692510578532,1412.0,233.1995589896201,48.97645462345652,319.0,54.78544627075464,11.562843062867193,13.0,1.3,0.13000000000000006,70.0,3.279093848367878,0.1543209876543209
3,0.054,8,359.9578038959143,1000.0,1000.0,573.0,69.41862044082731,13.894945448021293,1349.0,224.63409435501174,46.9104031977396,364.0,61.01499487217046,12.931575133768916,18.0,1.8000000000000005,0.1800000000000001,67.0,3.1402049594789894,0.14789094650205756
4,0.054,8,359.89948950300004,2000.0,0.0,556.0,72.4479833162939,16.240755661197458,1245.0,209.6924960647403,44.6407563453982,420.0,73.56108049910867,16.102450410824765,14.0,1.4000000000000001,0.14000000000000007,65.0,3.0667889206999663,0.1457475994513031
5,0.054,14,360.20541205722225,2000.0,1000.0,552.0,76.09589613684824,17.705371164367783,1324.0,224.54271028061822,48.50060631310258,329.0,55.19613288430911,11.798688781595127,9.0,0.8999999999999999,0.09000000000000002,69.0,3.2903272135122896,0.1586076817558298
6,0.0,5,360.4655618844138,3000.0,0.0,570.0,71.70630951818787,15.369373975609887,1439.0,242.7305520381753,51.78045297422894,278.0,45.695327567070635,9.645298209853117,0.0,0.0,0.0,0.0,0.0,0.0
7,0.0,11,360.2844884771876,3000.0,1000.0,551.0,73.02412684880098,16.42087238269038,1585.0,268.81933812080075,57.93774463539278,115.0,18.242371719822756,3.74174984697638,0.0,0.0,0.0,0.0,0.0,0.0
