id,probability_maraud,successful_mating,next_foraging_time,x_pos,y_pos,foraging_events,foraging_hrs,foraging_sqhrs,staying_events,staying_hrs,staying_sqhrs,repairing_events,repairing_hrs,repairing_sqhrs,marauding_events,marauding_hrs,marauding_sqhrs,traveling_events,traveling_hrs,traveling_sqhrs
0,0.054,7,359.84334726534786,0.0,0.0,574.0,67.96639802702741,13.145681665027551,1415.0,238.55409108180342,50.80916524390893,292.0,48.67390620313197,10.136051496436343,13.0,1.3,0.13000000000000006,76.0,3.5185185185185177,0.16289437585733868
1,0.054,7,360.3038750259047,0.0,1000.0,556.0,69.94336204244455,14.320974135903489,1124.0,194.54280293939618,42.488175363072095,531.0,91.97909414163358,19.95584992035183,9.0,0.8999999999999999,0.09000000000000002,58.0,2.723538292812323,0.12860082304526754
2,0.0,7,360.23710583227296,1000.0,0.0,559.0,68.11703396928378,13.277523993401333,1262.0,221.36572235372574,48.970728433977115,416.0,70.67286795769745,15.290721664907466,0.0,0.0,0.0,0.0,0.0,0.0
3,0.054,15,360.23453504175694,1000.0,1000.0,567.0,68.8187654824047,13.682436936208697,1658.0,279.2475533829481,59.625703288603376,38.0,6.14976990729357,1.3247357977797973,16.0,1.6000000000000003,0.1600000000000001,90.0,4.224196328107375,0.19933127572016432
4,0.0,12,359.98462865319374,2000.0,0.0,563.0,74.01691341555654,15.882514623239562,1513.0,258.92102817589364,55.64488613884564,167.0,27.358140205274555,5.651165669830413,0.0,0.0,0.0,0.0,0.0,0.0
5,0.0,9,360.0655647597968,2000.0,1000.0,566.0,73.98545152969861,15.768462179455742,1372.0,237.31418989664377,51.27011037895892,296.0,48.77397365537308,10.22372158590022,0.0,0.0,0.0,0.0,0.0,0.0
6,0.054,7,359.9898142901678,3000.0,0.0,571.0,70.1257935977329,13.819662959112161,1377.0,236.9370612785465,52.18948663726296,274.0,48.87838346975705,10.802527305365004,10.0,0.9999999999999999,0.10000000000000003,67.0,3.1210284056654203,0.1457475994513031
7,0.054,8,360.08698051495475,3000.0,1000.0,569.0,71.31758539669327,15.267900529506615,1477.0,252.39198494059426,54.921009960879154,174.0,30.18792601805825,6.460259177686733,14.0,1.4000000000000001,0.14000000000000007,102.0,4.779751883662936,0.22505144032921767
