id,probability_maraud,successful_mating,next_foraging_time,x_pos,y_pos,foraging_events,foraging_hrs,foraging_sqhrs,staying_events,staying_hrs,staying_sqhrs,repairing_events,repairing_hrs,repairing_sqhrs,marauding_events,marauding_hrs,marauding_sqhrs,traveling_events,traveling_hrs,traveling_sqhrs
0,0.054,8,360.12562402685654,0.0,0.0,569.0,71.71125075315216,15.086388318217374,1420.0,246.5316174063951,54.04951151809046,204.0,36.48951179629514,8.047019528145553,12.0,1.2,0.12000000000000005,90.0,4.224196328107375,0.19933127572016432
1,0.0,7,360.25812487218985,0.0,1000.0,569.0,69.24377598241071,15.018272043863584,1367.0,229.6945097097232,48.014338378266324,367.0,61.13341560931358,12.778350713725999,0.0,0.0,0.0,0.0,0.0,0.0
2,0.054,8,359.9249207281219,1000.0,0.0,573.0,70.42434114962757,15.169101409489233,1279.0,217.45234753322524,46.37233226582894,410.0,67.21785166871265,14.031801972822626,15.0,1.5000000000000002,0.15000000000000008,75.0,3.4722222222222214,0.16075102880658423
3,0.054,18,360.33496548526506,1000.0,1000.0,568.0,70.22432668456248,14.625038322452044,1486.0,253.95003229643928,54.66214085203632,192.0,30.777557292642744,6.3890770104377665,15.0,1.5000000000000002,0.15000000000000008,81.0,3.749999999999999,0.1736111111111109
4,0.0,5,360.1438812472678,2000.0,0.0,559.0,70.98781552137616,14.56060254894881,1310.0,221.4948957972048,47.088089739256425,389.0,67.72491700061337,14.749052880395014,0.0,0.0,0.0,0.0,0.0,0.0
5,0.0,10,360.19126218056186,2000.0,1000.0,571.0,68.80065475813414,13.953173813903545,1202.0,205.6987986123251,44.007709490610715,517.0,85.6125334344388,18.110693575669547,0.0,0.0,0.0,0.0,0.0,0.0
6,0.054,7,360.4426462090526,3000.0,0.0,567.0,69.65744817119904,14.430691622256713,1386.0,236.09313445857995,51.04661089656317,283.0,49.126622662928554,10.506336034732604,13.0,1.3,0.13000000000000006,84.0,3.908065442702457,0.1821844993141287
7,0.054,9,360.16047251564396,3000.0,1000.0,573.0,71.76871645579081,14.69928201796286,1459.0,245.64569274401956,52.859441557019785,219.0,36.52048158575616,7.455707262800987,17.0,1.7000000000000004,0.1700000000000001,93.0,4.382261770809834,0.20790466392318208
