id,probability_maraud,successful_mating,next_foraging_time,x_pos,y_pos,foraging_events,foraging_hrs,foraging_sqhrs,staying_events,staying_hrs,staying_sqhrs,repairing_events,repairing_hrs,repairing_sqhrs,marauding_events,marauding_hrs,marauding_sqhrs,traveling_events,traveling_hrs,traveling_sqhrs
0,0.054,11,360.0497595817227,0.0,0.0,547.0,72.40914558537447,15.206077729856208,1478.0,251.6727695741487,54.4946816549217,190.0,30.44439642618903,6.211512065409735,14.0,1.4000000000000001,0.14000000000000007,89.0,4.158723477997509,0.19504458161865537
1,0.054,4,360.35270065820043,0.0,1000.0,553.0,71.70145950795451,15.749376577309828,1435.0,246.2435668204437,53.420505737591505,223.0,36.8274259054677,7.6412859700713405,17.0,1.7000000000000004,0.1700000000000001,78.0,3.6302876649246794,0.16932441700960202
2,0.054,14,359.90893643569336,1000.0,0.0,569.0,69.14275821564144,14.903424571122128,1252.0,208.69626474975124,44.02914731148008,488.0,79.34611448603239,16.310697569409722,4.0,0.4,0.04000000000000001,51.0,2.418640772551818,0.1157407407407408
3,0.0,12,360.26029231408967,1000.0,1000.0,554.0,76.23485438911817,16.685677719504117,1203.0,204.1849009635843,43.659494927277244,472.0,79.70725294541656,16.81415982372211,0.0,0.0,0.0,0.0,0.0,0.0
4,0.054,10,360.1173469234488,2000.0,0.0,559.0,72.2429957994048,15.21300140924849,1585.0,265.04067601620443,55.74453782596181,113.0,18.227375731455986,3.872437933392933,12.0,1.2,0.12000000000000005,74.0,3.4451024797394942,0.16075102880658423
5,0.0,8,360.02562374271207,2000.0,1000.0,572.0,71.05975984168812,14.955946651850885,1491.0,252.43725861442582,53.307350447688094,213.0,36.741795839203846,8.063100860019704,0.0,0.0,0.0,0.0,0.0,0.0
6,0.0,6,360.4792804353741,3000.0,0.0,565.0,71.67976213310186,15.000134634858947,1346.0,227.69273248218042,49.13921313310104,361.0,60.74891608027847,12.88295155381391,0.0,0.0,0.0,0.0,0.0,0.0
7,0.054,7,360.3802051514128,3000.0,1000.0,567.0,71.2906876561792,14.857355565748037,1696.0,283.7388492011671,59.32961995052077,0.0,0.0,0.0,9.0,0.8999999999999999,0.09000000000000002,93.0,4.324732109369126,0.20147462277091874
