id,probability_maraud,successful_mating,next_foraging_time,x_pos,y_pos,foraging_events,foraging_hrs,foraging_sqhrs,staying_events,staying_hrs,staying_sqhrs,repairing_events,repairing_hrs,repairing_sqhrs,marauding_events,marauding_hrs,marauding_sqhrs,traveling_events,traveling_hrs,traveling_sqhrs
0,0.0,8,359.9880479551585,0.0,0.0,563.0,68.75100886284463,14.845202611908066,1232.0,210.59116118999785,45.55195845076503,508.0,80.81323910097892,17.01438816588383,0.0,0.0,0.0,0.0,0.0,0.0
1,0.054,8,360.0592552631542,0.0,1000.0,563.0,71.70908206681297,14.255055423873568,1584.0,270.3516026491589,58.470793025525275,77.0,12.147374436513218,2.455495986351064,18.0,1.8000000000000005,0.1800000000000001,88.0,4.131603735514782,0.19504458161865537
2,0.054,16,360.0074374934845,1000.0,0.0,572.0,70.69419886334383,14.72081511769381,1486.0,253.72461469792185,54.56771157108382,177.0,30.740124063637648,6.633610912331243,11.0,1.0999999999999999,0.11000000000000004,83.0,3.8617691464061608,0.18004115226337428
3,0.054,10,360.33420370451944,1000.0,1000.0,560.0,72.78799117824803,15.095903810285813,1049.0,179.6384872610113,38.351023315240006,627.0,104.24486355735456,22.365998477359053,8.0,0.7999999999999999,0.08000000000000002,58.0,2.742714846625892,0.130744170096022
4,0.0,8,359.8601999935584,2000.0,0.0,567.0,74.19325384510428,15.816937167384323,1224.0,206.80397408587285,43.476144952310136,481.0,79.04706830587422,16.492340263729705,0.0,0.0,0.0,0.0,0.0,0.0
5,0.054,9,360.3486595643673,2000.0,1000.0,566.0,70.67149801989234,14.938400663679124,1525.0,258.4089007969619,55.332283274039945,137.0,24.705425924868976,5.74575096744854,13.0,1.3,0.13000000000000006,108.0,5.057529661440716,0.23791152263374435
6,0.054,2,360.226777735525,3000.0,0.0,561.0,71.89072157241154,15.22512751222354,1658.0,283.1743217201082,61.61864246880098,0.0,0.0,0.0,8.0,0.7999999999999999,0.08000000000000002,89.0,4.13954692418394,0.19290123456790095
7,0.0,11,360.2015825965812,3000.0,1000.0,562.0,65.71962229777235,13.473026395520721,1644.0,279.3629623343771,60.56155020339088,95.0,15.01997602655215,3.0170874979102638,0.0,0.0,0.0,0.0,0.0,0.0
