id,probability_maraud,successful_mating,next_foraging_time,x_pos,y_pos,foraging_events,foraging_hrs,foraging_sqhrs,staying_events,staying_hrs,staying_sqhrs,repairing_events,repairing_hrs,repairing_sqhrs,marauding_events,marauding_hrs,marauding_sqhrs,traveling_events,traveling_hrs,traveling_sqhrs
0,0.0,10,360.1643617005013,0.0,0.0,564.0,73.59668625951932,16.17059654551583,1459.0,243.64200081001184,52.047439030753395,252.0,42.8636101114017,9.325037257654651,0.0,0.0,0.0,0.0,0.0,0.0
1,0.054,8,360.6691770713828,0.0,1000.0,576.0,71.52301088953563,14.834778601359021,1689.0,283.0528294742156,60.243567898363835,0.0,0.0,0.0,9.0,0.8999999999999999,0.09000000000000002,101.0,4.675925925925931,0.21647805212619983
2,0.054,12,360.2348053535376,1000.0,0.0,571.0,71.3264717504819,14.147642085834647,1639.0,282.0044826209722,61.04563276116552,0.0,0.0,0.0,16.0,1.6000000000000003,0.1600000000000001,110.0,5.111769146406171,0.2379115226337443
3,0.0,13,360.4866978331163,1000.0,1000.0,562.0,68.28547624327594,14.506455500732214,1159.0,199.8279224528136,43.41276318363866,542.0,91.96085954255204,19.85664849130584,0.0,0.0,0.0,0.0,0.0,0.0
4,0.0,3,360.261077511963,2000.0,0.0,560.0,72.37154533350348,15.227251245131693,1240.0,208.41141444662114,45.310096778019364,474.0,79.43260610668163,16.718310425795323,0.0,0.0,0.0,0.0,0.0,0.0
5,0.054,12,360.20740186775754,2000.0,1000.0,560.0,70.65961412180306,14.948482780013784,1509.0,254.23668943081705,53.96422389804469,176.0,30.53703414340362,6.516864639649793,8.0,0.7999999999999999,0.08000000000000002,82.0,3.8538259577370026,0.1821844993141287
6,0.054,10,360.1935083945152,3000.0,0.0,569.0,68.89422341517485,14.2936393210296,1423.0,237.96554771680883,51.00003106009611,280.0,48.57931535100007,10.438167432515773,12.0,1.2,0.12000000000000005,74.0,3.425925925925925,0.1586076817558298
7,0.054,4,359.99695041173027,3000.0,1000.0,571.0,74.54158272478396,16.336971757729245,1273.0,219.55874776901615,48.02485984168659,369.0,61.29502389437468,12.903579695075647,14.0,1.4000000000000001,0.14000000000000007,71.0,3.3445666984777436,0.15860768175582984
