id,probability_maraud,successful_mating,next_foraging_time,x_pos,y_pos,foraging_events,foraging_hrs,foraging_sqhrs,staying_events,staying_hrs,staying_sqhrs,repairing_events,repairing_hrs,repairing_sqhrs,marauding_events,marauding_hrs,marauding_sqhrs,traveling_events,traveling_hrs,traveling_sqhrs
0,0.0,6,360.4650613965636,0.0,0.0,575.0,74.33571210746072,15.80225915336796,1446.0,248.82145441455293,53.15059899358535,219.0,36.854957359718405,7.665116363803429,0.0,0.0,0.0,0.0,0.0,0.0
1,0.0,14,360.19504392625834,0.0,1000.0,555.0,67.46421181779667,14.49249839159737,1578.0,268.1856822039681,58.01224721491436,139.0,24.421295382299252,5.463528106364535,0.0,0.0,0.0,0.0,0.0,0.0
2,0.054,9,360.5374292694111,1000.0,0.0,587.0,70.16084693155389,14.585579695327041,1441.0,242.36392149670536,51.97135769241242,256.0,42.250262499235916,8.923538043013234,14.0,1.4000000000000001,0.14000000000000007,82.0,3.8346494039234336,0.18004115226337428
3,0.054,11,360.88927101679496,1000.0,1000.0,569.0,73.86578477007747,15.487374115577241,1495.0,256.06176163293327,54.90728665473765,144.0,24.44017575996839,5.161757995468965,19.0,1.9000000000000006,0.1900000000000001,86.0,4.019834589108619,0.18861454046639203
4,0.054,14,359.92319166233403,2000.0,0.0,567.0,68.4313476332032,13.255808860598924,1211.0,208.14527532277788,44.87197232952118,476.0,79.33630836767094,16.419159581114126,13.0,1.3,0.13000000000000006,61.0,2.8624271817012117,0.13503086419753088
5,0.054,7,360.00741247215177,2000.0,1000.0,574.0,72.44743209710093,15.041479678583533,926.0,150.63133591760248,31.66389914802836,814.0,133.06707446773305,27.776128080929222,13.0,1.3,0.13000000000000006,57.0,2.6964185503295957,0.12860082304526754
6,0.0,5,360.1777019636427,3000.0,0.0,551.0,71.95515187184462,14.705655781523502,1316.0,219.03118559737294,46.500735825984975,390.0,69.05967919691912,15.354795896068836,0.0,0.0,0.0,0.0,0.0,0.0
7,0.054,6,360.58197930647515,3000.0,1000.0,562.0,70.69473019831176,15.224360654556271,1500.0,253.79091256916644,54.357417827450625,189.0,30.640170006380913,6.275664070475591,14.0,1.4000000000000001,0.14000000000000007,78.0,3.6111111111111103,0.16718106995884757
