id,probability_maraud,successful_mating,next_foraging_time,x_pos,y_pos,foraging_events,foraging_hrs,foraging_sqhrs,staying_events,staying_hrs,staying_sqhrs,repairing_events,repairing_hrs,repairing_sqhrs,marauding_events,marauding_hrs,marauding_sqhrs,traveling_events,traveling_hrs,traveling_sqhrs
0,0.054,10,360.07454814024635,0.0,0.0,566.0,72.31069890098317,15.67052866221144,1382.0,234.15455763901258,50.29145586689617,289.0,48.42103619700281,10.434596082135096,15.0,1.5000000000000002,0.15000000000000008,79.0,3.6765839612209756,0.17146776406035646
1,0.054,5,360.0740037797877,0.0,1000.0,575.0,67.07036493046938,13.113129138569501,1249.0,209.19167132023304,44.7666926292337,482.0,78.94181395182191,16.212072376412745,12.0,1.2,0.12000000000000005,79.0,3.6574074074074066,0.16932441700960202
2,0.0,8,360.2633227761462,1000.0,0.0,564.0,74.18541719553812,16.15181085548007,1192.0,200.46169167115167,43.13862289835488,522.0,85.38865392540035,18.01258856824852,0.0,0.0,0.0,0.0,0.0,0.0
3,0.054,10,360.42628329834315,1000.0,1000.0,556.0,66.97169347691236,13.305865206667534,1370.0,233.0548261949967,49.81519930980082,332.0,54.83434355452159,11.784769650493592,12.0,1.2,0.12000000000000005,85.0,4.0310679542530305,0.19290123456790093
4,0.054,15,360.2516982157363,2000.0,0.0,566.0,71.63711388767332,14.734709941565432,1499.0,257.96808565394497,56.11805696517305,142.0,24.225445309321742,5.271496371911956,16.0,1.6000000000000003,0.1600000000000001,100.0,4.687159291070342,0.22076474622770872
5,0.054,8,360.32650221481464,2000.0,1000.0,569.0,68.38506850237934,14.312230941590371,1365.0,231.4752445170783,49.705719646392964,318.0,55.08392095905568,11.975431051824737,9.0,0.8999999999999999,0.09000000000000002,90.0,4.262549435734513,0.20361796982167324
6,0.0,10,360.5044375546945,3000.0,0.0,565.0,70.87558426469474,15.170063315116558,1494.0,252.49680528396112,54.19872167848843,208.0,36.680524966465484,8.23018173159332,0.0,0.0,0.0,0.0,0.0,0.0
7,0.0,6,360.2609699188645,3000.0,1000.0,559.0,67.88529778171088,13.44250861660846,1659.0,286.12763743136446,62.05638435777601,33.0,6.088834212638154,1.3834058244131524,0.0,0.0,0.0,0.0,0.0,0.0
