id,probability_maraud,successful_mating,next_foraging_time,x_pos,y_pos,foraging_events,foraging_hrs,foraging_sqhrs,staying_events,staying_hrs,staying_sqhrs,repairing_events,repairing_hrs,repairing_sqhrs,marauding_events,marauding_hrs,marauding_sqhrs,traveling_events,traveling_hrs,traveling_sqhrs
0,0.054,8,360.051068586454,0.0,0.0,568.0,74.49125929678458,15.826402492191887,1214.0,201.9271229165174,43.352195516880904,463.0,79.57963100656043,17.139202112839957,12.0,1.2,0.12000000000000005,60.0,2.8353074392184845,0.13503086419753088
1,0.054,9,360.2357451959605,0.0,1000.0,574.0,72.87555815619812,15.328496375577192,1415.0,239.07916632917622,51.75436491386359,244.0,42.922273511248214,9.59020882885513,14.0,1.4000000000000001,0.14000000000000007,83.0,3.88094570021973,0.1821844993141287
2,0.0,11,359.69130646918234,1000.0,0.0,579.0,69.84441621984277,14.76647041037364,1253.0,209.3610002508809,44.47597098769638,484.0,80.85964436603454,17.16278884913998,0.0,0.0,0.0,0.0,0.0,0.0
3,0.054,13,360.2665161033357,1000.0,1000.0,565.0,70.4402890284811,14.933416789944964,1360.0,230.6914298025196,50.26942943053232,331.0,55.38883704211978,11.637988983303009,7.0,0.7,0.07,63.0,2.916666666666666,0.13503086419753088
4,0.054,14,360.0664267877656,2000.0,0.0,569.0,68.14907867015143,13.816120120905559,1602.0,268.28515875524573,57.12475806804126,107.0,18.227855679117948,3.809518162459034,15.0,1.5000000000000002,0.15000000000000008,83.0,3.8617691464061608,0.18004115226337425
5,0.054,6,360.7628141078239,2000.0,1000.0,562.0,69.98226815087935,14.08093702099486,1404.0,235.50736190197884,50.271177980110146,279.0,49.05994197551719,10.6013585780044,11.0,1.0999999999999999,0.11000000000000004,96.0,4.540327213512294,0.21647805212619992
6,0.0,6,360.6697250565809,3000.0,0.0,571.0,72.39696728195887,15.484655139089453,1571.0,269.5166786427733,58.513994408208596,104.0,18.256853658327334,3.990574231867821,0.0,0.0,0.0,0.0,0.0,0.0
7,0.0,5,359.98809802149736,3000.0,1000.0,570.0,68.60344739952434,13.546855802678866,1658.0,279.35225379028606,59.349315456177514,70.0,12.11227658236062,2.616200188184511,0.0,0.0,0.0,0.0,0.0,0.0
