id,probability_maraud,successful_mating,next_foraging_time,x_pos,y_pos,foraging_events,foraging_hrs,foraging_sqhrs,staying_events,staying_hrs,staying_sqhrs,repairing_events,repairing_hrs,repairing_sqhrs,marauding_events,marauding_hrs,marauding_sqhrs,traveling_events,traveling_hrs,traveling_sqhrs
0,0.0,5,360.4727337556094,0.0,0.0,565.0,72.42755850531348,15.076404821913064,1261.0,214.79394315879722,46.1411639718193,457.0,72.91547477142949,15.036127269291441,0.0,0.0,0.0,0.0,0.0,0.0
1,0.054,13,360.2773004243906,0.0,1000.0,557.0,71.4271255433032,15.684341356159605,1594.0,265.0964071623516,55.98451796115917,99.0,18.369150773645536,4.214476244846796,10.0,0.9999999999999999,0.10000000000000003,89.0,4.177900031811078,0.19718792866940985
2,0.054,9,360.0817736475323,1000.0,0.0,568.0,68.28842305145386,12.921447650698877,1469.0,249.8784678800492,53.419822906801286,209.0,36.786146419364975,8.1295757437415,14.0,1.4000000000000001,0.14000000000000007,82.0,3.8730025115505717,0.18432784636488317
3,0.054,13,360.5194577521403,1000.0,1000.0,564.0,73.28625153016677,15.57687969666656,1421.0,239.38172757787385,50.72382483456864,257.0,42.83216606194196,9.143580473292625,10.0,0.9999999999999999,0.10000000000000003,75.0,3.5105753298493596,0.16503772290809315
4,0.0,10,360.28725560051817,2000.0,0.0,566.0,72.26269099813736,14.979866022955003,1341.0,220.55592764896076,46.597913137851144,393.0,67.35819509590706,14.51691975668042,0.0,0.0,0.0,0.0,0.0,0.0
5,0.0,11,360.4178093011231,2000.0,1000.0,561.0,69.23237941706125,13.92316588857755,1538.0,260.46944108764933,55.71635794494843,180.0,30.327876251312688,6.2113504050500135,0.0,0.0,0.0,0.0,0.0,0.0
6,0.054,7,360.0108152089674,3000.0,0.0,572.0,74.60018663739417,15.71256614646112,1460.0,250.33593574521444,54.138135229226755,176.0,30.423333364422916,6.729134162864829,15.0,1.5000000000000002,0.15000000000000008,69.0,3.232797552071582,0.15217764060356645
7,0.054,4,360.7267809631787,3000.0,1000.0,571.0,70.42616919621662,14.258672779756967,1428.0,242.91412903341325,52.26602687042524,257.0,42.61245557604843,9.035420462032604,7.0,0.7,0.07,72.0,3.3525098871469017,0.15646433470507534
