id,probability_maraud,successful_mating,next_foraging_time,x_pos,y_pos,foraging_events,foraging_hrs,foraging_sqhrs,staying_events,staying_hrs,staying_sqhrs,repairing_events,repairing_hrs,repairing_sqhrs,marauding_events,marauding_hrs,marauding_sqhrs,traveling_events,traveling_hrs,traveling_sqhrs
0,0.0,8,360.46756438247036,0.0,0.0,561.0,69.58774643487925,14.163740487526498,1693.0,290.4936880641897,63.192512672675406,0.0,0.0,0.0,0.0,0.0,0.0,0.0,0.0,0.0
1,0.0,8,360.37141081797535,0.0,1000.0,580.0,66.8780861282747,12.691947545095347,1450.0,250.39969701602863,54.40134531115101,253.0,42.728563230003516,8.851241969189312,0.0,0.0,0.0,0.0,0.0,0.0
2,0.0,14,360.35612970041507,1000.0,0.0,581.0,70.03333241545886,14.09630127232294,1508.0,259.5854671872716,56.32754599922936,189.0,30.39988748757348,6.387039833574072,0.0,0.0,0.0,0.0,0.0,0.0
3,0.054,13,360.6671411394847,1000.0,1000.0,559.0,69.75243233535569,14.869674764106751,1638.0,278.6447946827485,59.81026056948316,38.0,6.058241776061584,1.22247086106312,15.0,1.5000000000000002,0.15000000000000008,91.0,4.251316070590103,0.1993312757201643
4,0.054,9,360.0071309095661,2000.0,0.0,560.0,67.00733524452588,13.075563809524624,1276.0,217.46407753456327,47.073212977321894,421.0,71.30939704920911,15.283762614914679,11.0,1.0999999999999999,0.11000000000000004,71.0,3.3253901446641745,0.15646433470507534
5,0.054,8,360.9618231380295,2000.0,1000.0,562.0,69.64741015993194,14.654640449337833,1173.0,200.71620926235437,43.53172161502738,490.0,85.57941916049222,18.89352024226607,10.0,0.9999999999999999,0.10000000000000003,70.0,3.2790938483678786,0.1543209876543209
6,0.054,1,360.36438720071493,3000.0,0.0,565.0,71.89711597920116,14.71407649794544,1157.0,197.00165547573118,42.42120465078289,514.0,86.60901729321024,18.327738296886842,12.0,1.2,0.12000000000000005,71.0,3.3253901446641745,0.15646433470507534
7,0.054,11,360.4256390661772,3000.0,1000.0,577.0,72.10877151517185,14.768087616945142,1357.0,228.01003476107232,48.8510464792017,322.0,54.9375052943295,11.872226330461018,14.0,1.4000000000000001,0.14000000000000007,78.0,3.6111111111111103,0.16718106995884757
