id,probability_maraud,successful_mating,next_foraging_time,x_pos,y_pos,foraging_events,foraging_hrs,foraging_sqhrs,staying_events,staying_hrs,staying_sqhrs,repairing_events,repairing_hrs,repairing_sqhrs,marauding_events,marauding_hrs,marauding_sqhrs,traveling_events,traveling_hrs,traveling_sqhrs
0,0.0,6,360.3788690674284,0.0,0.0,555.0,70.36229937028216,14.969609888163363,1472.0,247.21360723255037,52.84824377719384,235.0,42.44472259229057,9.596563747250197,0.0,0.0,0.0,0.0,0.0,0.0
1,0.054,6,360.3140009814962,0.0,1000.0,563.0,72.62063810780823,15.64819045903014,1586.0,268.6925297124797,57.505894749659745,66.0,12.140234773948567,2.63490685289693,15.0,1.5000000000000002,0.15000000000000008,112.0,5.204361738998764,0.2421982167352532
2,0.0,16,360.19745258840595,1000.0,0.0,554.0,75.16186412723737,17.360759987266626,1247.0,211.5145652951339,45.28037694208922,418.0,73.40900597047089,15.76478080210284,0.0,0.0,0.0,0.0,0.0,0.0
3,0.054,6,360.36663573173416,1000.0,1000.0,561.0,68.7076359959614,13.85198787694483,1232.0,201.73646659672409,41.90295106962918,485.0,85.42008754893632,18.748797937194258,12.0,1.2,0.12000000000000005,69.0,3.2519741058851515,0.1543209876543209
4,0.054,13,360.40906351578946,2000.0,0.0,567.0,73.20219333970823,15.92760585273106,1591.0,267.81889572338315,57.59752367178012,71.0,12.055812404631393,2.520770151006304,16.0,1.6000000000000003,0.1600000000000001,115.0,5.400780289328362,0.25505829903978006
5,0.054,12,360.06207661857115,2000.0,1000.0,570.0,75.1174668205881,15.994372535310276,1266.0,215.7353601211742,46.13571330786077,390.0,64.58891039508468,13.50707006819284,11.0,1.0999999999999999,0.11000000000000004,78.0,3.6494642187382484,0.1714677640603565
6,0.0,5,360.68271917082217,3000.0,0.0,561.0,73.19890419494217,16.31249341108199,1190.0,201.1623158635318,43.47682854364721,503.0,85.74932966224732,18.46985486996179,0.0,0.0,0.0,0.0,0.0,0.0
7,0.054,8,360.3552186337059,3000.0,1000.0,566.0,67.16675365141667,13.539479526985064,1561.0,263.1477768623003,56.160236267946594,136.0,24.475372483257306,5.415476169632726,12.0,1.2,0.12000000000000005,87.0,4.123660546845624,0.19718792866940987
