id,probability_maraud,successful_mating,next_foraging_time,x_pos,y_pos,foraging_events,foraging_hrs,foraging_sqhrs,staying_events,staying_hrs,staying_sqhrs,repairing_events,repairing_hrs,repairing_sqhrs,marauding_events,marauding_hrs,marauding_sqhrs,traveling_events,traveling_hrs,traveling_sqhrs
0,0.054,11,360.169383515029,0.0,0.0,565.0,70.29979300640333,13.80570395668204,1593.0,271.95074410313356,58.24841035226435,75.0,12.201154015299503,2.662200735629537,16.0,1.6000000000000003,0.1600000000000001,85.0,3.9735382928123224,0.18647119341563761
1,0.0,5,360.2364413170334,0.0,1000.0,559.0,69.78651885882908,14.662614074766056,1290.0,223.18354485481646,49.448920211391794,420.0,67.13645698225638,13.521643363974691,0.0,0.0,0.0,0.0,0.0,0.0
2,0.054,9,360.2074263887452,1000.0,0.0,576.0,72.10196307078789,14.982135863748544,1215.0,204.22868348296666,43.04301971527117,473.0,79.51299637179143,16.71635162685569,11.0,1.0999999999999999,0.11000000000000004,67.0,3.101851851851851,0.14360425240054867
3,0.054,12,359.9414394239418,1000.0,1000.0,563.0,69.73289112489407,14.56225644059056,1340.0,224.36331220625883,47.747250182621514,349.0,61.25321578167265,13.36995589813099,11.0,1.0999999999999999,0.11000000000000004,78.0,3.6494642187382484,0.1714677640603565
4,0.0,7,360.31654237311926,2000.0,0.0,568.0,69.95813840203921,14.427972231845967,1372.0,229.20300850354386,49.136583082389585,363.0,60.83934388983293,12.89753021163941,0.0,0.0,0.0,0.0,0.0,0.0
5,0.054,10,359.89737004163885,2000.0,1000.0,565.0,67.43593062409087,13.147188393788749,1307.0,220.86039590630438,47.06267834074418,404.0,67.1228895816087,14.124752993883577,15.0,1.5000000000000002,0.15000000000000008,67.0,3.1402049594789894,0.14789094650205756
6,0.0,7,359.9073692239953,3000.0,0.0,564.0,72.34556012191007,15.599683945524081,1546.0,255.19544396199504,53.96188380486483,193.0,32.51165234758012,6.949037118556393,0.0,0.0,0.0,0.0,0.0,0.0
7,0.054,11,359.88599702256727,3000.0,1000.0,560.0,70.39357445990676,14.276740190329187,1564.0,266.1109188696662,57.38783994958459,106.0,18.30147037834554,4.110696986602192,13.0,1.3,0.13000000000000006,85.0,3.9735382928123224,0.1864711934156376
