id,probability_maraud,successful_mating,next_foraging_time,x_pos,y_pos,foraging_events,foraging_hrs,foraging_sqhrs,staying_events,staying_hrs,staying_sqhrs,repairing_events,repairing_hrs,repairing_sqhrs,marauding_events,marauding_hrs,marauding_sqhrs,traveling_events,traveling_hrs,traveling_sqhrs
0,0.0,10,360.2143379837581,0.0,0.0,560.0,71.57500972556392,15.991534852398683,1265.0,211.41344995113135,44.881299280244384,446.0,77.01419926288395,16.664536341550306,0.0,0.0,0.0,0.0,0.0,0.0
1,0.054,5,360.1805725124716,0.0,1000.0,560.0,67.2108114083254,12.927116172755882,1673.0,286.06782717063487,62.260706943299795,0.0,0.0,0.0,16.0,1.6000000000000003,0.1600000000000001,112.0,5.281067954253041,0.25077160493827105
2,0.054,17,360.1395460045631,1000.0,0.0,565.0,73.5988676638159,15.398544810714785,1645.0,279.8005060917507,59.7500868953862,0.0,0.0,0.0,19.0,1.9000000000000006,0.1900000000000001,104.0,4.872344476255529,0.22933813443072654
3,0.0,10,360.2699997878187,1000.0,1000.0,572.0,69.5227775484873,13.477747676563514,1213.0,198.85351056255087,41.07843340679244,542.0,91.76242358785039,19.17910124512105,0.0,0.0,0.0,0.0,0.0,0.0
4,0.0,2,360.00381090999207,2000.0,0.0,571.0,74.14006850360943,15.893304094145998,1402.0,242.9697763562068,52.346212807469406,257.0,42.92508808905086,9.317928883815423,0.0,0.0,0.0,0.0,0.0,0.0
5,0.0,10,360.065435469264,2000.0,1000.0,562.0,71.77091615449616,14.210002546272332,1718.0,288.50653465528114,60.46835485839315,0.0,0.0,0.0,0.0,0.0,0.0,0.0,0.0,0.0
