id,probability_maraud,successful_mating,next_foraging_time,x_pos,y_pos,foraging_events,foraging_hrs,foraging_sqhrs,staying_events,staying_hrs,staying_sqhrs,repairing_events,repairing_hrs,repairing_sqhrs,marauding_events,marauding_hrs,marauding_sqhrs,traveling_events,traveling_hrs,traveling_sqhrs
0,0.0,9,360.0033008965105,0.0,0.0,575.0,67.76661729302353,13.239704640159886,1719.0,292.4472012874274,62.55963011353104,0.0,0.0,0.0,0.0,0.0,0.0,0.0,0.0,0.0
1,0.0,11,360.40647649273143,0.0,1000.0,573.0,71.00134670298817,14.657100584191877,1752.0,289.09251652296285,60.84090808534808,0.0,0.0,0.0,0.0,0.0,0.0,0.0,0.0,0.0
2,0.0,10,359.8197994602185,1000.0,0.0,547.0,74.09933029804496,15.999343093986905,1533.0,261.56686946420814,57.240868335916474,143.0,24.335836056606826,5.197618408790701,0.0,0.0,0.0,0.0,0.0,0.0
3,0.0,8,360.4386206935065,1000.0,1000.0,558.0,71.78111442403907,16.539235686800232,1475.0,251.93509572704633,54.50393384053165,210.0,36.469471420729946,7.947891995331811,0.0,0.0,0.0,0.0,0.0,0.0
4,0.054,9,360.00182128984585,2000.0,0.0,568.0,71.83534748196578,15.369335962488975,1349.0,229.18953205817763,48.94121110786635,343.0,55.100597063593035,11.447169876302938,9.0,0.8999999999999999,0.09000000000000002,65.0,3.0092592592592586,0.13931755829903977
5,0.054,7,360.75840901871703,2000.0,1000.0,574.0,70.60909475664897,14.76111058045502,1475.0,253.75348848660073,54.465554471388465,181.0,30.72745558611879,6.64546399664871,15.0,1.5000000000000002,0.15000000000000008,81.0,3.769176553813568,0.17575445816186536
