id,probability_maraud,successful_mating,next_foraging_time,x_pos,y_pos,foraging_events,foraging_hrs,foraging_sqhrs,staying_events,staying_hrs,staying_sqhrs,repairing_events,repairing_hrs,repairing_sqhrs,marauding_events,marauding_hrs,marauding_sqhrs,traveling_events,traveling_hrs,traveling_sqhrs
0,0.0,13,360.24094890501897,0.0,0.0,555.0,68.58867534801257,15.369825465019554,1616.0,273.2167852363257,59.0353156384511,102.0,18.269579682345043,4.125034502231149,0.0,0.0,0.0,0.0,0.0,0.0
1,0.054,12,360.2204091533763,0.0,1000.0,586.0,68.3331156129606,13.513378073975252,1613.0,272.88384412869226,58.30720039218348,74.0,12.561918937455236,2.8059531514273415,19.0,1.9000000000000006,0.1900000000000001,95.0,4.398148148148151,0.20361796982167316
2,0.0,9,360.5251428746459,1000.0,0.0,564.0,73.02191774754628,15.764059084473468,1604.0,268.5419496821896,56.87733087902768,114.0,18.46870217517287,3.760950449840036,0.0,0.0,0.0,0.0,0.0,0.0
3,0.054,9,360.4499448064713,1000.0,1000.0,566.0,69.91899707501209,14.549496397642438,1146.0,189.2863234702787,39.60347340466744,577.0,97.65194540657794,20.385283591632216,6.0,0.6,0.06000000000000001,55.0,2.584649403923434,0.12217078189300418
4,0.0,5,360.0086746949016,2000.0,0.0,581.0,68.089371345172,13.462443588251151,1716.0,291.99587572890636,62.7950556725993,0.0,0.0,0.0,0.0,0.0,0.0,0.0,0.0,0.0
5,0.0,6,360.4888611473935,2000.0,1000.0,553.0,73.39572297241712,16.804667861807836,1626.0,280.5565396906359,61.20352210407756,36.0,6.099517588738383,1.2147478699623968,0.0,0.0,0.0,0.0,0.0,0.0
