id,probability_maraud,successful_mating,next_foraging_time,x_pos,y_pos,foraging_events,foraging_hrs,foraging_sqhrs,staying_events,staying_hrs,staying_sqhrs,repairing_events,repairing_hrs,repairing_sqhrs,marauding_events,marauding_hrs,marauding_sqhrs,traveling_events,traveling_hrs,traveling_sqhrs
0,0.0,10,360.2079766423896,0.0,0.0,561.0,73.34968546431804,16.259040600879803,1707.0,286.8510696162347,60.77389548371716,0.0,0.0,0.0,0.0,0.0,0.0,0.0,0.0,0.0
1,0.0,7,360.5437563752659,0.0,1000.0,561.0,70.5748940147231,15.057380327887442,1719.0,289.60085967302535,61.888122932362286,0.0,0.0,0.0,0.0,0.0,0.0,0.0,0.0,0.0
2,0.0,12,360.09240716204204,1000.0,0.0,568.0,67.46104012364103,13.340228665752564,1472.0,249.8425188978925,53.03146958276243,249.0,42.74519288834153,9.24099012182783,0.0,0.0,0.0,0.0,0.0,0.0
3,0.0,12,360.242436221855,1000.0,1000.0,551.0,71.86909006288275,14.881408809962666,1412.0,239.05826514901963,50.373175386918284,281.0,49.08127463763903,10.93994480163567,0.0,0.0,0.0,0.0,0.0,0.0
4,0.054,9,360.35101358718737,2000.0,0.0,565.0,72.11034043132291,14.965339688762551,1445.0,245.10548992197997,52.70129024065676,218.0,36.68412475927223,7.597824830290254,16.0,1.6000000000000003,0.1600000000000001,98.0,4.537037037037041,0.2100480109739365
5,0.054,4,359.75953134400686,2000.0,1000.0,569.0,71.49080514799454,15.37896982515115,1365.0,229.681355186939,49.76902798427373,330.0,54.629883226687234,11.243998604218074,14.0,1.4000000000000001,0.14000000000000007,60.0,2.8353074392184845,0.1350308641975309
