id,probability_maraud,successful_mating,next_foraging_time,x_pos,y_pos,foraging_events,foraging_hrs,foraging_sqhrs,staying_events,staying_hrs,staying_sqhrs,repairing_events,repairing_hrs,repairing_sqhrs,marauding_events,marauding_hrs,marauding_sqhrs,traveling_events,traveling_hrs,traveling_sqhrs
0,0.0,5,360.2152951206449,0.0,0.0,572.0,69.80272995688142,14.360931390260372,1522.0,259.83804516520877,56.0024621994769,203.0,30.426530717863216,5.838204781168577,0.0,0.0,0.0,0.0,0.0,0.0
1,0.0,8,360.0548890466442,0.0,1000.0,554.0,74.79812033563451,16.105884879637827,1716.0,285.34845615777687,59.82877820989653,0.0,0.0,0.0,0.0,0.0,0.0,0.0,0.0,0.0
2,0.054,18,360.33792340205486,1000.0,0.0,552.0,69.71031117368595,15.03930267421353,1699.0,284.89804030836655,60.6611563724616,0.0,0.0,0.0,11.0,1.0999999999999999,0.11000000000000004,92.0,4.2976123668863995,0.2014746227709187
3,0.0,4,359.86087140858746,1000.0,1000.0,560.0,70.6949520474281,15.64950909470106,1280.0,215.9809177556311,46.41778941867953,435.0,73.37970261701646,15.85379075894409,0.0,0.0,0.0,0.0,0.0,0.0
4,0.0,4,360.21009910695227,2000.0,0.0,567.0,72.14004001159691,15.49558643646344,1394.0,231.59971432116293,49.81107849885331,350.0,56.333912915131705,11.583799412633523,0.0,0.0,0.0,0.0,0.0,0.0
5,0.054,15,360.3503485405266,2000.0,1000.0,569.0,69.09741940709411,14.450086559278365,1684.0,285.82081208929543,62.24814529087276,0.0,0.0,0.0,16.0,1.6000000000000003,0.1600000000000001,78.0,3.6302876649246794,0.16932441700960202
