id,probability_maraud,successful_mating,next_foraging_time,x_pos,y_pos,foraging_events,foraging_hrs,foraging_sqhrs,staying_events,staying_hrs,staying_sqhrs,repairing_events,repairing_hrs,repairing_sqhrs,marauding_events,marauding_hrs,marauding_sqhrs,traveling_events,traveling_hrs,traveling_sqhrs
0,0.054,7,360.2949165086849,0.0,0.0,574.0,68.78712936688495,13.16694824584386,1688.0,285.6379192991146,60.750769113039055,0.0,0.0,0.0,12.0,1.2,0.12000000000000005,96.0,4.5019741058851555,0.212191358024691
1,0.0,5,359.8812227762778,0.0,1000.0,562.0,68.76311217221435,14.22695668294714,1548.0,261.11716398819027,55.72912484861953,163.0,30.2153802051254,6.814414869998652,0.0,0.0,0.0,0.0,0.0,0.0
2,0.0,10,360.1653799239461,1000.0,0.0,567.0,70.99709711454366,14.74179323280192,1366.0,233.8679546938528,50.46895296753892,344.0,55.27642768814066,11.251307272694804,0.0,0.0,0.0,0.0,0.0,0.0
3,0.0,14,360.45543637757703,1000.0,1000.0,555.0,69.05356639300332,13.845710700740172,1656.0,284.98024595175815,61.52681369157178,35.0,6.151428955091862,1.312813342979399,0.0,0.0,0.0,0.0,0.0,0.0
4,0.054,8,360.46403446393754,2000.0,0.0,576.0,70.36542890486822,14.842052535671517,1710.0,285.1312378482495,60.49466761545786,0.0,0.0,0.0,9.0,0.8999999999999999,0.09000000000000002,80.0,3.76123336514441,0.17789780521261983
5,0.0,10,360.1502417101318,2000.0,1000.0,578.0,72.21041374319596,14.95949111198188,1505.0,255.031826106765,54.08732937006085,189.0,33.00042251231638,7.166432792337982,0.0,0.0,0.0,0.0,0.0,0.0
