id,probability_maraud,successful_mating,next_foraging_time,x_pos,y_pos,foraging_events,foraging_hrs,foraging_sqhrs,staying_events,staying_hrs,staying_sqhrs,repairing_events,repairing_hrs,repairing_sqhrs,marauding_events,marauding_hrs,marauding_sqhrs,traveling_events,traveling_hrs,traveling_sqhrs
0,0.0,9,360.4991042826495,0.0,0.0,551.0,70.2009117532836,14.613149158804758,1684.0,289.9663552997666,62.79353448648031,0.0,0.0,0.0,0.0,0.0,0.0,0.0,0.0,0.0
1,0.0,5,360.26585379711696,0.0,1000.0,555.0,68.74417739233816,14.361390145893292,1557.0,266.8257386513933,58.00044177721096,144.0,24.606345543076007,5.581749414876045,0.0,0.0,0.0,0.0,0.0,0.0
2,0.0,15,360.10691014213194,1000.0,0.0,560.0,67.9637540114434,13.738276205353376,1653.0,273.67840496641026,57.97856555393305,116.0,18.419518510097802,3.95313391228167,0.0,0.0,0.0,0.0,0.0,0.0
3,0.054,10,360.2627610750493,1000.0,1000.0,567.0,70.3913599016384,15.135016547874958,1450.0,242.03835740865907,51.42706583838655,248.0,42.87377236334126,9.52611028293951,11.0,1.0999999999999999,0.11000000000000004,77.0,3.603167922441952,0.16932441700960205
4,0.0,5,360.14976339267184,2000.0,0.0,574.0,67.84519968110045,13.230298370422423,1457.0,243.08340713523043,51.54836415409922,286.0,49.079735071596154,10.87350955740487,0.0,0.0,0.0,0.0,0.0,0.0
5,0.054,10,360.10858318356276,2000.0,1000.0,567.0,71.01566626215882,15.12823815488495,1461.0,252.0426086227852,54.828186563897304,176.0,30.376862972413967,6.362181496190823,16.0,1.6000000000000003,0.1600000000000001,108.0,5.076706215254285,0.2400548696844988
