id,probability_maraud,successful_mating,next_foraging_time,x_pos,y_pos,foraging_events,foraging_hrs,foraging_sqhrs,staying_events,staying_hrs,staying_sqhrs,repairing_events,repairing_hrs,repairing_sqhrs,marauding_events,marauding_hrs,marauding_sqhrs,traveling_events,traveling_hrs,traveling_sqhrs
0,0.0,7,360.14375889299663,0.0,0.0,566.0,68.94167878239655,13.800159384840773,1346.0,231.40197533192654,49.905174707368694,346.0,59.71403788646561,13.092020409045137,0.0,0.0,0.0,0.0,0.0,0.0
1,0.054,12,360.06159455504724,0.0,1000.0,571.0,70.67764174245801,14.153150967486603,1688.0,282.90139864606965,60.048422043499514,0.0,0.0,0.0,18.0,1.8000000000000005,0.1800000000000001,100.0,4.648806183443204,0.21647805212619983
2,0.0,10,360.07363848460477,1000.0,0.0,572.0,69.42867801174012,13.711444041153207,1699.0,290.65529965629105,63.05394536831685,0.0,0.0,0.0,0.0,0.0,0.0,0.0,0.0,0.0
3,0.0,8,360.0686591256883,1000.0,1000.0,552.0,71.87174877817763,15.696871206623028,1123.0,191.2675127914913,41.26098784641587,572.0,96.88150165451411,20.72486028812622,0.0,0.0,0.0,0.0,0.0,0.0
4,0.0,5,360.3991753476717,2000.0,0.0,569.0,69.00453669672224,14.625513699498972,1559.0,260.3373973034323,55.13131343241187,183.0,30.76992280787939,6.598689264867498,0.0,0.0,0.0,0.0,0.0,0.0
5,0.054,12,360.4082344579293,2000.0,1000.0,549.0,70.74874082130812,16.027849952045322,1673.0,284.085663101395,59.814332393925646,0.0,0.0,0.0,13.0,1.3,0.13000000000000006,90.0,4.166666666666667,0.19290123456790093
