id,probability_maraud,successful_mating,next_foraging_time,x_pos,y_pos,foraging_events,foraging_hrs,foraging_sqhrs,staying_events,staying_hrs,staying_sqhrs,repairing_events,repairing_hrs,repairing_sqhrs,marauding_events,marauding_hrs,marauding_sqhrs,traveling_events,traveling_hrs,traveling_sqhrs
0,0.054,13,359.9185963931212,0.0,0.0,556.0,73.42954609961842,15.87915494056941,1659.0,280.1628536012823,59.48126979346179,0.0,0.0,0.0,15.0,1.5000000000000002,0.15000000000000008,107.0,4.99205681133085,0.2336248285322354
1,0.0,8,360.07619519473303,0.0,1000.0,560.0,69.20487714715152,13.945510936037808,1492.0,248.06508233021174,53.03856100980894,253.0,42.88055573246799,9.282472744600131,0.0,0.0,0.0,0.0,0.0,0.0
2,0.0,8,360.02636269724906,1000.0,0.0,560.0,70.71070013010751,15.265609076822962,1228.0,216.1504166821697,47.910017507706414,446.0,73.21824213950715,15.266104248838037,0.0,0.0,0.0,0.0,0.0,0.0
3,0.0,14,360.4271871271322,1000.0,1000.0,555.0,69.89837317370936,14.428725658504186,1678.0,284.08911620423106,61.28294370453569,31.0,6.028046456759509,1.4266900318873217,0.0,0.0,0.0,0.0,0.0,0.0
4,0.054,6,360.29711671524564,2000.0,0.0,560.0,70.00383150961692,14.00819688762764,1656.0,284.0906062581274,61.910826170206576,0.0,0.0,0.0,13.0,1.3,0.13000000000000006,99.0,4.6216864409604765,0.21647805212619983
5,0.0,5,360.0433790520399,2000.0,1000.0,561.0,72.43804225282301,15.554312033275403,1395.0,238.81776138699544,51.45881481206332,304.0,48.9078598869388,10.115232223479246,0.0,0.0,0.0,0.0,0.0,0.0
