id,probability_maraud,successful_mating,next_foraging_time,x_pos,y_pos,foraging_events,foraging_hrs,foraging_sqhrs,staying_events,staying_hrs,staying_sqhrs,repairing_events,repairing_hrs,repairing_sqhrs,marauding_events,marauding_hrs,marauding_sqhrs,traveling_events,traveling_hrs,traveling_sqhrs
0,0.054,10,359.9915722279616,0.0,0.0,571.0,71.3216705870967,14.44567048135886,1698.0,283.80170154225544,59.819618893003344,0.0,0.0,0.0,13.0,1.3,0.13000000000000006,78.0,3.6878173263653866,0.17575445816186538
1,0.0,4,360.33808869349355,0.0,1000.0,568.0,71.19002919938555,14.854058672688943,1502.0,248.69229647382062,51.92512232783071,232.0,40.32593894869399,8.672715698753258,0.0,0.0,0.0,0.0,0.0,0.0
2,0.0,10,359.96097954965137,1000.0,0.0,557.0,71.89781212987324,15.506924570689952,1517.0,251.70529531838713,53.8826886526307,218.0,36.59228806722281,7.686136044886296,0.0,0.0,0.0,0.0,0.0,0.0
3,0.0,7,360.0676140537351,1000.0,1000.0,573.0,69.68610497711963,14.22920979464662,1420.0,236.2241355267607,49.59086752750133,317.0,54.25925705946727,11.680711467278357,0.0,0.0,0.0,0.0,0.0,0.0
4,0.0,10,360.5282497526545,2000.0,0.0,567.0,70.62691112722418,14.527713423736913,1478.0,246.7216734214296,52.301646591256414,263.0,42.773475380127856,9.062463541300712,0.0,0.0,0.0,0.0,0.0,0.0
5,0.054,13,360.4265418414497,2000.0,1000.0,554.0,70.99018421888869,14.925596909895125,1688.0,282.89562070343806,59.78008929199923,0.0,0.0,0.0,16.0,1.6000000000000003,0.1600000000000001,101.0,4.675925925925931,0.21647805212619983
