id,probability_maraud,successful_mating,next_foraging_time,x_pos,y_pos,foraging_events,foraging_hrs,foraging_sqhrs,staying_events,staying_hrs,staying_sqhrs,repairing_events,repairing_hrs,repairing_sqhrs,marauding_events,marauding_hrs,marauding_sqhrs,traveling_events,traveling_hrs,traveling_sqhrs
0,0.0,6,360.0743052140823,0.0,0.0,565.0,70.79887454228916,14.685237063541027,1730.0,289.5237005971483,62.03426268402733,0.0,0.0,0.0,0.0,0.0,0.0,0.0,0.0,0.0
1,0.0,9,360.37970707579706,0.0,1000.0,572.0,69.90335718812351,13.7583518477028,1703.0,290.1796607223953,62.003713256222504,0.0,0.0,0.0,0.0,0.0,0.0,0.0,0.0,0.0
2,0.0,16,360.1731428851007,1000.0,0.0,570.0,70.5062801718781,14.646263726475826,1504.0,252.85385141028087,53.95784193034496,215.0,36.72235554784138,7.985408123629876,0.0,0.0,0.0,0.0,0.0,0.0
3,0.0,6,360.14596121622054,1000.0,1000.0,581.0,69.17816476734781,13.84663833710166,1448.0,242.13936537860988,51.66916644304588,297.0,48.73513026912478,10.014485381450868,0.0,0.0,0.0,0.0,0.0,0.0
4,0.054,10,360.0655878112382,2000.0,0.0,572.0,70.31947797475569,14.56885931363362,1290.0,218.09931964688235,46.333118279615306,398.0,67.09692603571891,14.2857146414179,13.0,1.3,0.13000000000000006,70.0,3.259917294554309,0.15217764060356645
5,0.054,7,360.1638280474895,2000.0,1000.0,563.0,73.79779913970383,15.524235592162746,1404.0,237.46768712275744,50.964535001178504,259.0,42.661433886995916,9.205782223782206,19.0,1.9000000000000006,0.1900000000000001,90.0,4.185843220480237,0.1950445816186554
