id,probability_maraud,successful_mating,next_foraging_time,x_pos,y_pos,foraging_events,foraging_hrs,foraging_sqhrs,staying_events,staying_hrs,staying_sqhrs,repairing_events,repairing_hrs,repairing_sqhrs,marauding_events,marauding_hrs,marauding_sqhrs,traveling_events,traveling_hrs,traveling_sqhrs
0,0.0,6,360.2378072947761,0.0,0.0,564.0,67.17544532455511,13.680794391561784,1583.0,268.5757499199937,57.74518192136679,138.0,24.30952703701371,5.167456846734495,0.0,0.0,0.0,0.0,0.0,0.0
1,0.0,3,360.5715976416182,0.0,1000.0,579.0,71.33625385319135,14.843689095624395,1704.0,288.8413376813736,61.97815817799279,0.0,0.0,0.0,0.0,0.0,0.0,0.0,0.0,0.0
2,0.054,15,360.18106853473233,1000.0,0.0,587.0,68.3880020686,13.195525989261865,1307.0,218.9727053461894,45.557963625104264,400.0,67.42372839980808,14.589382031188473,16.0,1.6000000000000003,0.1600000000000001,81.0,3.7883531076271373,0.17789780521261983
3,0.0,11,360.1740286593189,1000.0,1000.0,570.0,73.32439260623921,15.76058627997931,1403.0,236.7371384694684,51.05965018543685,287.0,50.12992806299824,10.567596745869848,0.0,0.0,0.0,0.0,0.0,0.0
4,0.054,14,360.1015555779091,2000.0,0.0,555.0,70.8585956449419,15.020865721201066,1534.0,257.79392888328954,54.88969578714596,145.0,24.62206774101921,5.263370983746778,20.0,2.0000000000000004,0.20000000000000012,102.0,4.798928437476505,0.2271947873799721
5,0.0,5,360.1300349016139,2000.0,1000.0,561.0,70.52749766908786,14.194963535426991,1446.0,242.416469412936,52.43131845987333,276.0,47.20666612622363,10.083036342851027,0.0,0.0,0.0,0.0,0.0,0.0
