id,probability_maraud,successful_mating,next_foraging_time,x_pos,y_pos,foraging_events,foraging_hrs,foraging_sqhrs,staying_events,staying_hrs,staying_sqhrs,repairing_events,repairing_hrs,repairing_sqhrs,marauding_events,marauding_hrs,marauding_sqhrs,traveling_events,traveling_hrs,traveling_sqhrs
0,0.054,5,360.2986462135125,0.0,0.0,558.0,66.76054785119366,13.708485630003123,1285.0,221.60001302766224,48.11428139210119,400.0,67.24776046097519,14.424678783144117,14.0,1.4000000000000001,0.14000000000000007,67.0,3.1210284056654203,0.1457475994513031
1,0.054,11,360.0973106319621,0.0,1000.0,567.0,68.26985878179272,13.700515226494847,1469.0,249.45468896046893,53.77793605970065,217.0,36.67427936571277,7.707042674190197,17.0,1.7000000000000004,0.1700000000000001,88.0,4.0932506278876435,0.19075788751714648
2,0.0,14,360.3773240180762,1000.0,0.0,566.0,70.93173676016852,14.923891544021112,1386.0,240.53670040604646,52.3923745372169,280.0,48.5582543927209,10.462649130801317,0.0,0.0,0.0,0.0,0.0,0.0
3,0.0,9,360.2479837596058,1000.0,1000.0,576.0,71.63212067248357,14.823168552429282,1466.0,251.33005902987327,53.46781844831862,212.0,37.05600189216367,8.192278848992157,0.0,0.0,0.0,0.0,0.0,0.0
4,0.0,10,360.64876465361056,2000.0,0.0,553.0,66.42753539077889,12.961570156612416,1728.0,293.79047771611886,63.917412634587876,0.0,0.0,0.0,0.0,0.0,0.0,0.0,0.0,0.0
5,0.0,5,359.8467039773573,2000.0,1000.0,557.0,69.98169613715818,14.077662638226714,1745.0,290.06994808451265,61.24822139300894,0.0,0.0,0.0,0.0,0.0,0.0,0.0,0.0,0.0
