id,probability_maraud,successful_mating,next_foraging_time,x_pos,y_pos,foraging_events,foraging_hrs,foraging_sqhrs,staying_events,staying_hrs,staying_sqhrs,repairing_events,repairing_hrs,repairing_sqhrs,marauding_events,marauding_hrs,marauding_sqhrs,traveling_events,traveling_hrs,traveling_sqhrs
0,0.054,8,360.32859283240646,0.0,0.0,570.0,67.84884576618975,13.359844047153318,1690.0,286.73053411773907,62.06009819874096,0.0,0.0,0.0,14.0,1.4000000000000001,0.14000000000000007,87.0,4.027777777777777,0.1864711934156376
1,0.0,9,360.7322788202725,0.0,1000.0,573.0,73.28316226615172,15.318673387699922,1354.0,226.02665518826004,48.142671575077564,356.0,60.7714550734363,13.000951818479745,0.0,0.0,0.0,0.0,0.0,0.0
2,0.0,17,360.45413200653877,1000.0,0.0,553.0,72.82721962589838,15.900835084909122,1349.0,231.4212497645045,50.447749463372475,330.0,55.866656282786685,11.951790405820955,0.0,0.0,0.0,0.0,0.0,0.0
3,0.054,11,360.86660852452945,1000.0,1000.0,577.0,74.85136722088286,16.753376726793977,1662.0,279.07596750473647,59.1672213172839,0.0,0.0,0.0,14.0,1.4000000000000001,0.14000000000000007,101.0,4.752632141180209,0.22505144032921764
4,0.0,5,360.22227185197966,2000.0,0.0,581.0,67.69432749826319,13.160314157170719,1734.0,292.5521095131969,62.04328675164976,0.0,0.0,0.0,0.0,0.0,0.0,0.0,0.0,0.0
5,0.0,4,360.37130001094823,2000.0,1000.0,562.0,72.89089762123128,14.948078232012623,1403.0,239.38709003159667,51.46779393295083,297.0,47.884040300327,9.848829452727463,0.0,0.0,0.0,0.0,0.0,0.0
