id,probability_maraud,successful_mating,next_foraging_time,x_pos,y_pos,foraging_events,foraging_hrs,foraging_sqhrs,staying_events,staying_hrs,staying_sqhrs,repairing_events,repairing_hrs,repairing_sqhrs,marauding_events,marauding_hrs,marauding_sqhrs,traveling_events,traveling_hrs,traveling_sqhrs
0,0.0,8,360.12449550237557,0.0,0.0,556.0,68.68970743983762,13.65305096931554,1515.0,260.5899232361245,55.924021530216436,188.0,30.839333220500347,6.590425050354239,0.0,0.0,0.0,0.0,0.0,0.0
1,0.0,6,360.1462659911531,0.0,1000.0,547.0,71.77685791206319,15.136769682547573,1679.0,288.2322646269955,62.28323631506836,0.0,0.0,0.0,0.0,0.0,0.0,0.0,0.0,0.0
2,0.054,13,360.1380505987839,1000.0,0.0,562.0,73.24598585327325,15.993401477289787,1414.0,239.20822172676748,51.24904554436125,253.0,42.98421642361504,9.376656236757041,14.0,1.4000000000000001,0.14000000000000007,68.0,3.1673247019617166,0.14789094650205756
3,0.0,12,360.1736100830951,1000.0,1000.0,567.0,72.14235571732932,15.035113757020387,1470.0,250.5579855981514,54.27732228447746,236.0,37.40094890066552,7.847707121248746,0.0,0.0,0.0,0.0,0.0,0.0
4,0.054,8,360.0146075095474,2000.0,0.0,555.0,67.8198886256796,13.374341150031023,1579.0,267.9540024738507,57.80588767570642,111.0,18.35513486549661,4.0482595499117435,19.0,1.9000000000000006,0.1900000000000001,88.0,4.0932506278876435,0.19075788751714648
5,0.0,7,360.48838272447597,2000.0,1000.0,569.0,74.52237080796401,15.996953577849919,1259.0,211.94560228695812,44.830633845913624,420.0,73.53824522293134,16.028319637365115,0.0,0.0,0.0,0.0,0.0,0.0
