id,probability_maraud,successful_mating,next_foraging_time,x_pos,y_pos,foraging_events,foraging_hrs,foraging_sqhrs,staying_events,staying_hrs,staying_sqhrs,repairing_events,repairing_hrs,repairing_sqhrs,marauding_events,marauding_hrs,marauding_sqhrs,traveling_events,traveling_hrs,traveling_sqhrs
0,0.0,6,360.1766274013942,0.0,0.0,580.0,68.61988047976226,13.365410607292024,1392.0,242.6406943029134,52.78452870174182,278.0,48.89334686570689,10.682028291401274,0.0,0.0,0.0,0.0,0.0,0.0
1,0.054,10,360.22651021080236,0.0,1000.0,572.0,71.50946728272073,14.9883165031072,1666.0,282.18768467418624,60.60511912479618,0.0,0.0,0.0,18.0,1.8000000000000005,0.1800000000000001,101.0,4.752632141180208,0.22505144032921767
2,0.0,11,360.20137173158355,1000.0,0.0,561.0,67.10588798629,13.417316244804294,1464.0,250.2320612204446,54.67340434087704,250.0,42.792360068417494,8.90899243083016,0.0,0.0,0.0,0.0,0.0,0.0
3,0.0,7,360.08382935488197,1000.0,1000.0,564.0,72.63347181844254,15.335956969075633,1304.0,221.03788264843536,47.81629850962485,379.0,66.41658220187284,14.70348945619939,0.0,0.0,0.0,0.0,0.0,0.0
4,0.054,12,360.0067177526455,2000.0,0.0,567.0,72.7609121172434,15.330141775212704,1705.0,281.0653802081297,58.57820269160372,0.0,0.0,0.0,17.0,1.7000000000000004,0.1700000000000001,97.0,4.509917294554313,0.21004801097393652
5,0.0,8,359.96720489219206,2000.0,1000.0,575.0,70.80516881975049,14.804152762744149,1392.0,234.34903260444017,50.32894662864798,332.0,54.87777678165707,11.321368160653464,0.0,0.0,0.0,0.0,0.0,0.0
