id,probability_maraud,successful_mating,next_foraging_time,x_pos,y_pos,foraging_events,foraging_hrs,foraging_sqhrs,staying_events,staying_hrs,staying_sqhrs,repairing_events,repairing_hrs,repairing_sqhrs,marauding_events,marauding_hrs,marauding_sqhrs,traveling_events,traveling_hrs,traveling_sqhrs
0,0.054,10,360.002280496079,0.0,0.0,570.0,69.6567947182193,14.752742947165807,1442.0,245.14296405579063,52.636641115988056,228.0,40.913358466913586,9.04932002617967,12.0,1.2,0.12000000000000005,69.0,3.2327975520715824,0.15217764060356645
1,0.054,9,360.0985121819883,0.0,1000.0,554.0,71.36140375927313,15.58541999572922,1530.0,253.98761950774733,53.78025593302854,176.0,30.2994892705091,6.614167448747484,8.0,0.7999999999999999,0.08000000000000002,78.0,3.6494642187382484,0.1714677640603565
2,0.0,8,360.1903064981521,1000.0,0.0,575.0,71.40628540043704,14.675538504307347,1467.0,245.7393355361893,52.99216324231804,242.0,42.90626096096714,9.351318646160033,0.0,0.0,0.0,0.0,0.0,0.0
3,0.0,15,360.3069459850913,1000.0,1000.0,575.0,67.2699073989561,12.760182277709534,1672.0,286.6888999127559,62.042672183017835,33.0,6.059352667577703,1.3596268466299377,0.0,0.0,0.0,0.0,0.0,0.0
4,0.0,4,360.34868180731075,2000.0,0.0,559.0,71.23515161195704,14.842492916523165,1683.0,288.82705050405764,62.843320520599164,0.0,0.0,0.0,0.0,0.0,0.0,0.0,0.0,0.0
5,0.0,8,360.030078529745,2000.0,1000.0,578.0,67.36327018763578,12.937695042010025,1748.0,292.8625420321842,63.14538056033032,0.0,0.0,0.0,0.0,0.0,0.0,0.0,0.0,0.0
