id,probability_maraud,successful_mating,next_foraging_time,x_pos,y_pos,foraging_events,foraging_hrs,foraging_sqhrs,staying_events,staying_hrs,staying_sqhrs,repairing_events,repairing_hrs,repairing_sqhrs,marauding_events,marauding_hrs,marauding_sqhrs,traveling_events,traveling_hrs,traveling_sqhrs
0,0.054,13,360.8184385794765,0.0,0.0,578.0,72.95125920793356,15.29943253146658,1670.0,281.84817502040937,60.69436892727342,0.0,0.0,0.0,11.0,1.0999999999999999,0.11000000000000004,90.0,4.224196328107375,0.1993312757201643
1,0.0,10,360.6238572233773,0.0,1000.0,559.0,70.06254164050642,14.962710078216487,1518.0,259.5122516133495,55.48537160709923,181.0,30.48994847731347,6.448163975646362,0.0,0.0,0.0,0.0,0.0,0.0
2,0.0,14,360.4045345862902,1000.0,0.0,561.0,67.96167206257049,14.16453088602884,1496.0,257.47517566754675,55.25587484820631,199.0,34.57272078987949,7.473680173769981,0.0,0.0,0.0,0.0,0.0,0.0
3,0.0,10,360.1218208825227,1000.0,1000.0,564.0,69.92547668266758,14.190111434120055,1565.0,259.98090399571157,55.4165727863005,178.0,30.266459863155806,6.447933049002062,0.0,0.0,0.0,0.0,0.0,0.0
4,0.0,5,360.42285854279527,2000.0,0.0,563.0,72.3408863133541,15.743859620352385,1351.0,229.95863858911375,49.671655009211946,346.0,57.704760949003195,12.156494656765432,0.0,0.0,0.0,0.0,0.0,0.0
5,0.054,2,360.0072255047419,2000.0,1000.0,569.0,68.45216656242742,13.920459008175554,1695.0,285.2090868012845,59.980940282173265,0.0,0.0,0.0,15.0,1.5000000000000002,0.15000000000000008,106.0,4.9265839612209845,0.22933813443072654
