id,probability_maraud,successful_mating,next_foraging_time,x_pos,y_pos,foraging_events,foraging_hrs,foraging_sqhrs,staying_events,staying_hrs,staying_sqhrs,repairing_events,repairing_hrs,repairing_sqhrs,marauding_events,marauding_hrs,marauding_sqhrs,traveling_events,traveling_hrs,traveling_sqhrs
0,0.054,5,360.1632498447944,0.0,0.0,577.0,66.53901693304961,13.594372362262135,1583.0,263.5174831813738,56.32551614666745,140.0,24.347053877822926,5.444753146583709,17.0,1.7000000000000004,0.1700000000000001,83.0,3.919298807846868,0.18647119341563764
1,0.0,5,360.07320374312997,0.0,1000.0,572.0,68.95978832236464,13.842032691246391,1374.0,230.35668109806275,48.99400254598389,348.0,60.7062454685479,13.171342125802417,0.0,0.0,0.0,0.0,0.0,0.0
2,0.054,16,360.2579313380139,1000.0,0.0,563.0,69.23456367867186,13.748990749980248,1449.0,242.8823844075844,51.42740730895999,256.0,43.02487051724318,9.113303455054222,14.0,1.4000000000000001,0.14000000000000007,79.0,3.6957605150345447,0.1736111111111109
3,0.0,10,360.26909469643005,1000.0,1000.0,565.0,67.86933043791254,13.362979106400141,1526.0,261.52322905101346,56.92017054657784,182.0,30.748616311706872,6.6505172520397675,0.0,0.0,0.0,0.0,0.0,0.0
4,0.0,8,359.99587673893404,2000.0,0.0,552.0,69.72937515003687,14.662491773939925,1559.0,265.5960716305876,57.33121828104188,148.0,24.69098748402799,5.222718513451639,0.0,0.0,0.0,0.0,0.0,0.0
5,0.0,10,360.72711899897564,2000.0,1000.0,570.0,71.54485496422171,14.426759931113015,1669.0,282.5318783049276,60.724102139002696,33.0,6.003298361836915,1.380440247116061,0.0,0.0,0.0,0.0,0.0,0.0
