id,probability_maraud,successful_mating,next_foraging_time,x_pos,y_pos,foraging_events,foraging_hrs,foraging_sqhrs,staying_events,staying_hrs,staying_sqhrs,repairing_events,repairing_hrs,repairing_sqhrs,marauding_events,marauding_hrs,marauding_sqhrs,traveling_events,traveling_hrs,traveling_sqhrs
0,0.0,4,360.2981619949638,0.0,0.0,556.0,70.80825323316523,15.280335221087064,1416.0,240.41099495027638,51.48538448106358,289.0,48.79392867588556,10.705812928005935,0.0,0.0,0.0,0.0,0.0,0.0
1,0.054,10,360.04365807928804,0.0,1000.0,584.0,70.55385123290323,14.600211746691357,1690.0,283.7061244247859,60.159584376700856,0.0,0.0,0.0,18.0,1.8000000000000005,0.1800000000000001,88.0,4.0932506278876435,0.19075788751714648
2,0.0,15,360.172253597711,1000.0,0.0,579.0,70.01606486394073,14.106822551177046,1446.0,247.55489619080763,53.28920258468423,261.0,42.71112494175779,8.980422102162471,0.0,0.0,0.0,0.0,0.0,0.0
3,0.0,9,360.062530749329,1000.0,1000.0,569.0,70.24886951296537,14.692798343150862,1341.0,229.3965535148665,48.823262980000486,372.0,60.45195761111243,12.585269791409084,0.0,0.0,0.0,0.0,0.0,0.0
4,0.054,5,360.09382348775654,2000.0,0.0,569.0,71.3724710806142,14.66143720568969,1683.0,282.4816338706555,60.21628757549042,0.0,0.0,0.0,16.0,1.6000000000000003,0.1600000000000001,99.0,4.6216864409604765,0.21647805212619986
5,0.0,11,360.5951978366423,2000.0,1000.0,572.0,70.58141472363928,15.033295139476285,1370.0,234.74077507838385,51.22177927462887,332.0,54.83274772575239,11.350046799276774,0.0,0.0,0.0,0.0,0.0,0.0
