id,probability_maraud,successful_mating,next_foraging_time,x_pos,y_pos,foraging_events,foraging_hrs,foraging_sqhrs,staying_events,staying_hrs,staying_sqhrs,repairing_events,repairing_hrs,repairing_sqhrs,marauding_events,marauding_hrs,marauding_sqhrs,traveling_events,traveling_hrs,traveling_sqhrs
0,0.0,1,360.2262328973804,0.0,0.0,561.0,73.29522088513873,15.55936505955943,1439.0,243.92457517323663,53.11682591798129,273.0,42.83707830456206,8.666654729376171,0.0,0.0,0.0,0.0,0.0,0.0
1,0.054,11,360.0304872045963,0.0,1000.0,576.0,68.29275644424453,14.320808489599289,1697.0,286.11862949052033,61.54451144280461,0.0,0.0,0.0,12.0,1.2,0.12000000000000005,95.0,4.417324701961721,0.2057613168724276
2,0.0,14,360.49158113007616,1000.0,0.0,570.0,71.53690411303019,14.82434626404564,1729.0,288.54179784752745,61.36014234736945,0.0,0.0,0.0,0.0,0.0,0.0,0.0,0.0,0.0
3,0.0,12,360.14358670606606,1000.0,1000.0,554.0,71.9877196756435,16.05129658267293,1232.0,208.7348576486167,44.52948288936174,483.0,79.32015619289768,17.15551314363604,0.0,0.0,0.0,0.0,0.0,0.0
4,0.0,7,360.4420789646449,2000.0,0.0,559.0,72.22731279479738,16.275043290048476,1494.0,251.30366243446127,53.36891998494509,218.0,36.49653578608305,7.869783488358585,0.0,0.0,0.0,0.0,0.0,0.0
5,0.054,9,360.3194120394487,2000.0,1000.0,556.0,71.22923230396243,15.443947112399398,1686.0,282.8283766193997,60.15730187496868,0.0,0.0,0.0,14.0,1.4000000000000001,0.14000000000000007,98.0,4.556213590850611,0.21219135802469094
