id,probability_maraud,successful_mating,next_foraging_time,x_pos,y_pos,foraging_events,foraging_hrs,foraging_sqhrs,staying_events,staying_hrs,staying_sqhrs,repairing_events,repairing_hrs,repairing_sqhrs,marauding_events,marauding_hrs,marauding_sqhrs,traveling_events,traveling_hrs,traveling_sqhrs
0,0.054,8,360.31509573114863,0.0,0.0,569.0,71.71629338019207,15.01553767826771,1499.0,253.73897847271058,54.59968921001682,186.0,30.14362456363335,6.3406737862358025,9.0,0.8999999999999999,0.09000000000000002,77.0,3.583991368628383,0.16718106995884757
1,0.054,2,360.58279519280234,0.0,1000.0,563.0,68.25047398688116,13.948818455991747,1531.0,255.55767144862006,53.201771527172134,178.0,30.308143211135302,6.570774371344398,16.0,1.6000000000000003,0.1600000000000001,97.0,4.529093848367883,0.21219135802469094
2,0.0,13,360.14223656209066,1000.0,0.0,577.0,71.60341784618663,14.700283970580637,1566.0,263.8007282314049,55.8771744101934,143.0,24.624917074416263,5.513051173840755,0.0,0.0,0.0,0.0,0.0,0.0
3,0.0,12,360.37312647259773,1000.0,1000.0,579.0,70.21355272008465,14.49239714678477,1319.0,223.14191011179193,47.78910247132021,394.0,66.67951931671588,14.280303038136898,0.0,0.0,0.0,0.0,0.0,0.0
4,0.0,9,360.3189303327983,2000.0,0.0,571.0,74.44378320056236,15.926729415446474,1679.0,285.7520660151435,62.79379604498631,0.0,0.0,0.0,0.0,0.0,0.0,0.0,0.0,0.0
5,0.0,10,360.1570297747018,2000.0,1000.0,571.0,69.20337192800682,14.092945626476869,1753.0,290.89259455784907,60.94962427101681,0.0,0.0,0.0,0.0,0.0,0.0,0.0,0.0,0.0
