id,probability_maraud,successful_mating,next_foraging_time,x_pos,y_pos,foraging_events,foraging_hrs,foraging_sqhrs,staying_events,staying_hrs,staying_sqhrs,repairing_events,repairing_hrs,repairing_sqhrs,marauding_events,marauding_hrs,marauding_sqhrs,traveling_events,traveling_hrs,traveling_sqhrs
0,0.0,10,360.0173150399333,0.0,0.0,561.0,73.14910799296882,15.78045528655104,1594.0,267.77718933288406,56.872327729594254,114.0,19.485508147564065,4.1795240805270355,0.0,0.0,0.0,0.0,0.0,0.0
1,0.0,9,360.25031643539296,0.0,1000.0,555.0,69.69065258291354,15.232076265832719,1694.0,290.3334342710272,63.08957483565784,0.0,0.0,0.0,0.0,0.0,0.0,0.0,0.0,0.0
2,0.054,12,360.30310694671743,1000.0,0.0,561.0,69.93723538973954,14.675456287527291,1436.0,242.4620517446734,51.85492115838576,248.0,43.00260346832447,9.347498276085426,14.0,1.4000000000000001,0.14000000000000007,70.0,3.2982704021814477,0.15646433470507537
3,0.0,9,360.2265740345615,1000.0,1000.0,568.0,70.25626692091075,14.168289319911725,1535.0,253.2258335102345,52.673183712303675,219.0,36.534872737165735,7.707189931732443,0.0,0.0,0.0,0.0,0.0,0.0
4,0.054,5,360.36556986559503,2000.0,0.0,569.0,66.23606306398038,12.415780505880477,1625.0,270.31155145007585,56.744569932228735,109.0,18.16886735920915,3.8529144225115495,14.0,1.4000000000000001,0.14000000000000007,84.0,3.888888888888888,0.18004115226337425
5,0.0,9,360.05118102792665,2000.0,1000.0,549.0,74.05818029554287,16.306914123670495,1403.0,237.04916228906114,51.027409481713576,299.0,49.08909052283221,10.30926070874335,0.0,0.0,0.0,0.0,0.0,0.0
