id,probability_maraud,successful_mating,next_foraging_time,x_pos,y_pos,foraging_events,foraging_hrs,foraging_sqhrs,staying_events,staying_hrs,staying_sqhrs,repairing_events,repairing_hrs,repairing_sqhrs,marauding_events,marauding_hrs,marauding_sqhrs,traveling_events,traveling_hrs,traveling_sqhrs
0,0.054,6,360.14021067950955,0.0,0.0,563.0,68.26949758749214,14.082359362161897,1447.0,244.46529740790407,52.22059310602269,257.0,42.645084351035955,9.38679085290409,12.0,1.2,0.12000000000000005,76.0,3.556871626145656,0.16718106995884757
1,0.0,8,360.57707963015787,0.0,1000.0,560.0,68.62643802323178,14.368513984573394,1364.0,236.7745786136624,51.614756285213275,315.0,54.68056985186739,11.769740387386891,0.0,0.0,0.0,0.0,0.0,0.0
2,0.054,10,359.8761991689027,1000.0,0.0,571.0,70.73563958379323,15.546752036933094,1636.0,268.69646845211264,56.5651961043767,80.0,14.934833429460635,3.4377924747936297,19.0,1.9000000000000006,0.1900000000000001,82.0,3.8154728501098645,0.1778978052126198
3,0.0,18,360.3774271347661,1000.0,1000.0,570.0,70.43154184090842,13.719705703597711,1511.0,259.17354767282353,55.94454773859196,177.0,30.574912423258958,6.544656039027075,0.0,0.0,0.0,0.0,0.0,0.0
4,0.0,4,359.8074200847718,2000.0,0.0,573.0,72.13386560912886,15.578998324475302,1448.0,245.1496645247463,52.5832443904506,261.0,42.88191634262192,8.872092110377555,0.0,0.0,0.0,0.0,0.0,0.0
5,0.0,8,360.1025541379184,2000.0,1000.0,558.0,70.41377512325022,14.676876385493944,1706.0,289.62630107678825,62.63711989494681,0.0,0.0,0.0,0.0,0.0,0.0,0.0,0.0,0.0
