id,probability_maraud,successful_mating,next_foraging_time,x_pos,y_pos,foraging_events,foraging_hrs,foraging_sqhrs,staying_events,staying_hrs,staying_sqhrs,repairing_events,repairing_hrs,repairing_sqhrs,marauding_events,marauding_hrs,marauding_sqhrs,traveling_events,traveling_hrs,traveling_sqhrs
0,0.0,5,360.58811812461465,0.0,0.0,561.0,70.15488687502739,14.399495684446748,1649.0,283.86868981133716,61.4601748572894,42.0,6.001434345495741,1.116068605420938,0.0,0.0,0.0,0.0,0.0,0.0
1,0.0,6,359.9039244725372,0.0,1000.0,561.0,71.53743846342321,15.643338289866014,1609.0,276.38003924482376,59.46548940645359,68.0,12.093083282618782,2.6673766497929225,0.0,0.0,0.0,0.0,0.0,0.0
2,0.0,12,360.0916008834668,1000.0,0.0,578.0,72.96015045717368,15.814202826615558,1302.0,221.16346249060908,47.32563526970402,387.0,66.00597573329075,14.106834132279454,0.0,0.0,0.0,0.0,0.0,0.0
3,0.054,11,360.0579567786929,1000.0,1000.0,564.0,72.33541827268866,15.69039680382316,1635.0,275.4618865009816,58.30078816654938,33.0,6.071648049744874,1.3623689842042312,13.0,1.3,0.13000000000000006,102.0,4.856458098917212,0.23362482853223554
4,0.054,12,360.3250981902816,2000.0,0.0,572.0,72.1379250490212,14.531495850097254,1642.0,276.1612957797111,59.07293765136551,32.0,6.1027817564813605,1.3886583420542484,13.0,1.3,0.13000000000000006,93.0,4.343908663182696,0.20361796982167316
5,0.0,8,360.0645553738787,2000.0,1000.0,564.0,70.28585842219871,14.129769048714168,1343.0,232.14815315771452,51.17396266977158,343.0,57.68732540504162,12.443773991210078,0.0,0.0,0.0,0.0,0.0,0.0
