id,probability_maraud,successful_mating,next_foraging_time,x_pos,y_pos,foraging_events,foraging_hrs,foraging_sqhrs,staying_events,staying_hrs,staying_sqhrs,repairing_events,repairing_hrs,repairing_sqhrs,marauding_events,marauding_hrs,marauding_sqhrs,traveling_events,traveling_hrs,traveling_sqhrs
0,0.0,11,360.4920805902291,0.0,0.0,560.0,72.68798025165283,15.743569577312106,1727.0,287.46455803047917,61.29589618412084,0.0,0.0,0.0,0.0,0.0,0.0,0.0,0.0,0.0
1,0.0,3,360.24604605926305,0.0,1000.0,565.0,68.88449021221884,14.290578670523349,1567.0,266.92922908588764,57.666905786122385,150.0,24.29222006937711,5.069005141318273,0.0,0.0,0.0,0.0,0.0,0.0
2,0.0,14,359.9905811467396,1000.0,0.0,558.0,69.93312889984053,14.478327469272116,1551.0,253.38832038220153,52.522245518285715,216.0,36.73008004100279,7.688205294335982,0.0,0.0,0.0,0.0,0.0,0.0
3,0.054,13,360.3171110941668,1000.0,1000.0,578.0,72.33688658562816,14.811354647255103,1442.0,245.8807767967809,53.20921911107733,234.0,36.49704668766786,7.461567749195539,16.0,1.6000000000000003,0.1600000000000001,80.0,3.76123336514441,0.1778978052126198
4,0.0,8,359.94395253598975,2000.0,0.0,570.0,68.99669611438755,13.923080104636911,1529.0,266.8189778491742,58.42817543652519,145.0,24.261664211729503,5.118487083418072,0.0,0.0,0.0,0.0,0.0,0.0
5,0.054,5,360.47159770769775,2000.0,1000.0,577.0,70.49193855944858,14.810444178430483,1417.0,241.74554305791207,52.45801738760726,272.0,42.43200052800639,8.681557887755329,11.0,1.0999999999999999,0.11000000000000004,91.0,4.232139516776534,0.19718792866940982
