id,probability_maraud,successful_mating,next_foraging_time,x_pos,y_pos,foraging_events,foraging_hrs,foraging_sqhrs,staying_events,staying_hrs,staying_sqhrs,repairing_events,repairing_hrs,repairing_sqhrs,marauding_events,marauding_hrs,marauding_sqhrs,traveling_events,traveling_hrs,traveling_sqhrs
0,0.0,6,360.37486143614836,0.0,0.0,560.0,69.35201522855604,14.445845291891793,1489.0,253.95858967507027,54.3596380606857,190.0,36.8862784209839,8.777698670372585,0.0,0.0,0.0,0.0,0.0,0.0
1,0.054,9,360.02247052250374,0.0,1000.0,565.0,68.32134510069487,13.307376737295426,1675.0,286.110025534126,61.346264231265806,0.0,0.0,0.0,15.0,1.5000000000000002,0.15000000000000008,90.0,4.185843220480237,0.19504458161865537
2,0.0,13,360.01668225978216,1000.0,0.0,561.0,73.35493770929752,16.37292666419593,1605.0,274.24498893060616,59.04082248389722,71.0,12.456543492920353,2.7202055240524494,0.0,0.0,0.0,0.0,0.0,0.0
3,0.0,11,360.43710002103165,1000.0,1000.0,568.0,68.92230375011523,13.898347492097503,1274.0,218.00562742581286,46.69866243689747,435.0,73.11313566244563,15.525294416673978,0.0,0.0,0.0,0.0,0.0,0.0
4,0.0,7,360.27835739652346,2000.0,0.0,559.0,70.83724590392427,15.024723908836146,1457.0,246.44846842080594,52.76536823061704,251.0,42.76353245623009,8.964129273931293,0.0,0.0,0.0,0.0,0.0,0.0
5,0.054,8,360.1427701410025,2000.0,1000.0,568.0,71.11604157397518,14.95016806030066,1646.0,283.56208316535435,60.9630013337715,0.0,0.0,0.0,12.0,1.2,0.12000000000000005,90.0,4.205019774293806,0.19718792866940985
