id,probability_maraud,successful_mating,next_foraging_time,x_pos,y_pos,foraging_events,foraging_hrs,foraging_sqhrs,staying_events,staying_hrs,staying_sqhrs,repairing_events,repairing_hrs,repairing_sqhrs,marauding_events,marauding_hrs,marauding_sqhrs,traveling_events,traveling_hrs,traveling_sqhrs
0,0.054,10,360.44034516647787,0.0,0.0,559.0,72.19324675209313,14.765106394084336,1690.0,281.5409232336888,60.11246905340262,0.0,0.0,0.0,15.0,1.5000000000000002,0.15000000000000008,103.0,4.806871626145663,0.22505144032921762
1,0.0,7,360.5607954391559,0.0,1000.0,558.0,70.60704562470177,14.339890157278539,1388.0,233.99377892556126,49.96260464101968,327.0,55.47323423826858,12.342665275612045,0.0,0.0,0.0,0.0,0.0,0.0
2,0.0,15,360.4180748237474,1000.0,0.0,575.0,68.10996468052055,13.487338743486841,1519.0,256.44581354322037,54.80979151785367,208.0,35.623626907447644,7.762252619461106,0.0,0.0,0.0,0.0,0.0,0.0
3,0.0,13,360.4936222509004,1000.0,1000.0,560.0,75.86912953745508,17.371904076825768,1371.0,235.19079610872706,50.517253896931024,296.0,49.007317449838204,10.432332547681012,0.0,0.0,0.0,0.0,0.0,0.0
4,0.0,3,360.14106835475013,2000.0,0.0,562.0,70.86922737329839,15.297887490826401,1551.0,264.6728899526877,57.06275844897175,140.0,24.60372238843982,5.180310538985674,0.0,0.0,0.0,0.0,0.0,0.0
5,0.054,6,360.221309843651,2000.0,1000.0,560.0,70.83096478644352,14.906100624759022,1647.0,283.12878277879776,61.47634122873031,0.0,0.0,0.0,12.0,1.2,0.12000000000000005,105.0,4.880287664924687,0.2271947873799721
