id,probability_maraud,successful_mating,next_foraging_time,x_pos,y_pos,foraging_events,foraging_hrs,foraging_sqhrs,staying_events,staying_hrs,staying_sqhrs,repairing_events,repairing_hrs,repairing_sqhrs,marauding_events,marauding_hrs,marauding_sqhrs,traveling_events,traveling_hrs,traveling_sqhrs
0,0.0,7,360.7249331088874,0.0,0.0,569.0,69.10817146176994,13.814567480611842,1420.0,236.19925090324756,49.49353258653838,319.0,54.923999828508165,12.142513013275119,0.0,0.0,0.0,0.0,0.0,0.0
1,0.054,12,360.41014612710205,0.0,1000.0,567.0,69.25994005245173,13.707266554066251,1697.0,279.6755990117736,58.905262105504406,34.0,6.037720778788966,1.2838527909139577,11.0,1.0999999999999999,0.11000000000000004,85.0,3.9735382928123224,0.1864711934156376
2,0.054,7,360.34111872710037,1000.0,0.0,570.0,68.36339056198412,14.621558298649473,1674.0,285.3842819831946,61.64583161600571,0.0,0.0,0.0,16.0,1.6000000000000003,0.1600000000000001,99.0,4.679216102401185,0.2229080932784632
3,0.0,12,360.3643233912363,1000.0,1000.0,567.0,70.55978678365334,14.209286706642253,1309.0,224.5565114023505,48.44032389029459,390.0,64.88510839595484,13.664708303344451,0.0,0.0,0.0,0.0,0.0,0.0
4,0.0,8,360.156421354592,2000.0,0.0,559.0,71.84816319782352,14.706224090036493,1495.0,257.81013825981785,56.13934982328392,182.0,30.507198950927755,6.60341486429109,0.0,0.0,0.0,0.0,0.0,0.0
5,0.0,8,360.10398316348875,2000.0,1000.0,566.0,69.17234181612594,14.525617925916514,1677.0,284.893432827286,61.06151433149724,37.0,6.083261224161658,1.344347812919583,0.0,0.0,0.0,0.0,0.0,0.0
