id,probability_maraud,successful_mating,next_foraging_time,x_pos,y_pos,foraging_events,foraging_hrs,foraging_sqhrs,staying_events,staying_hrs,staying_sqhrs,repairing_events,repairing_hrs,repairing_sqhrs,marauding_events,marauding_hrs,marauding_sqhrs,traveling_events,traveling_hrs,traveling_sqhrs
0,0.054,12,360.2144726454583,0.0,0.0,569.0,68.61016860312323,13.89155408669159,1711.0,284.9339647772932,60.45616171504735,0.0,0.0,0.0,17.0,1.7000000000000004,0.1700000000000001,104.0,4.833991368628391,0.22505144032921764
1,0.0,6,360.0242817684643,0.0,1000.0,555.0,67.60443764085545,13.824761285465536,1212.0,200.58691770319257,42.40796516050501,547.0,91.81159085873401,19.40515169434416,0.0,0.0,0.0,0.0,0.0,0.0
2,0.0,11,360.4030451974514,1000.0,0.0,554.0,70.5305314491676,15.586883076423986,1414.0,241.02240714436107,51.401682360922784,296.0,48.57328466725056,10.163916289766435,0.0,0.0,0.0,0.0,0.0,0.0
3,0.054,12,359.9834323619432,1000.0,1000.0,566.0,74.39739943612341,16.147232829419615,1644.0,278.90270863409467,59.92242714421634,0.0,0.0,0.0,12.0,1.2,0.12000000000000005,118.0,5.5396691782172525,0.2614883401920434
4,0.0,6,360.27636630160106,2000.0,0.0,556.0,74.26811261660798,16.285211717789252,1681.0,286.1065634872907,61.087990112960874,0.0,0.0,0.0,0.0,0.0,0.0,0.0,0.0,0.0
5,0.0,7,360.0393311189353,2000.0,1000.0,566.0,70.2317658258803,14.410504369663709,1526.0,253.00959365666117,53.67048582309222,209.0,36.77502614531168,8.205153192567233,0.0,0.0,0.0,0.0,0.0,0.0
