id,probability_maraud,successful_mating,next_foraging_time,x_pos,y_pos,foraging_events,foraging_hrs,foraging_sqhrs,staying_events,staying_hrs,staying_sqhrs,repairing_events,repairing_hrs,repairing_sqhrs,marauding_events,marauding_hrs,marauding_sqhrs,traveling_events,traveling_hrs,traveling_sqhrs
0,0.0,7,359.7915329543407,0.0,0.0,568.0,69.01115225557179,14.180277591125078,1387.0,236.19918237326692,51.10200642000885,330.0,54.86878902499739,11.594303626021855,0.0,0.0,0.0,0.0,0.0,0.0
1,0.054,10,359.92057727944814,0.0,1000.0,561.0,74.80040142315934,17.371599937230144,1635.0,279.358967678649,60.28078168298092,0.0,0.0,0.0,16.0,1.6000000000000003,0.1600000000000001,91.0,4.270492624403672,0.2014746227709187
2,0.0,10,360.03486970403605,1000.0,0.0,562.0,69.31875537267187,14.126347947387856,1393.0,233.68140275037408,49.9004930341131,346.0,57.138141079171035,11.99579979508736,0.0,0.0,0.0,0.0,0.0,0.0
3,0.0,13,360.1452699705648,1000.0,1000.0,560.0,72.79456014653344,16.754829494094597,1473.0,250.62883458819243,54.17425941285306,212.0,36.6086524480778,8.067911262050528,0.0,0.0,0.0,0.0,0.0,0.0
4,0.054,7,359.8361843275122,2000.0,0.0,572.0,73.1225302697325,16.21462899502041,1655.0,279.97754923783896,60.31168678002082,0.0,0.0,0.0,16.0,1.6000000000000003,0.1600000000000001,114.0,5.3353074392184965,0.25077160493827105
5,0.0,7,360.3695824750745,2000.0,1000.0,556.0,73.01270645245904,15.378411666047189,1484.0,249.75766380055256,54.03086873611581,223.0,37.30475553721824,7.778755360741555,0.0,0.0,0.0,0.0,0.0,0.0
