id,probability_maraud,successful_mating,next_foraging_time,x_pos,y_pos,foraging_events,foraging_hrs,foraging_sqhrs,staying_events,staying_hrs,staying_sqhrs,repairing_events,repairing_hrs,repairing_sqhrs,marauding_events,marauding_hrs,marauding_sqhrs,traveling_events,traveling_hrs,traveling_sqhrs
0,0.0,6,360.02277707271026,0.0,0.0,579.0,72.22088590109195,15.286470008067527,1247.0,207.47851651984024,43.5765359041352,484.0,80.34355036496513,17.347021087787883,0.0,0.0,0.0,0.0,0.0,0.0
1,0.054,12,360.19651220207334,0.0,1000.0,572.0,72.5548697746684,14.804028345855327,1687.0,279.00293540190455,58.555938188670005,0.0,0.0,0.0,24.0,2.400000000000001,0.24000000000000016,135.0,6.2691765538135895,0.291495198902606
2,0.0,5,360.1789664012709,1000.0,0.0,560.0,71.6291921164701,15.341289231581822,1450.0,245.4935047355512,52.7551020480845,255.0,42.88610744413377,9.224014848611231,0.0,0.0,0.0,0.0,0.0,0.0
3,0.0,6,360.17490811679346,1000.0,1000.0,562.0,73.54568666128495,16.386835263310175,1362.0,225.68171366844533,47.89946229291623,366.0,60.80150371395771,13.263303960215184,0.0,0.0,0.0,0.0,0.0,0.0
4,0.054,12,360.7450268321756,2000.0,0.0,583.0,70.78481590684568,14.680315606198596,1683.0,283.4442996112734,60.2956792683456,0.0,0.0,0.0,13.0,1.3,0.13000000000000006,103.0,4.768518518518524,0.22076474622770872
5,0.0,13,360.2979725179579,2000.0,1000.0,561.0,69.25411017404122,13.91183927788256,1482.0,254.15927019338133,55.79378989079551,217.0,36.60595690689302,7.857799918877568,0.0,0.0,0.0,0.0,0.0,0.0
