id,probability_maraud,successful_mating,next_foraging_time,x_pos,y_pos,foraging_events,foraging_hrs,foraging_sqhrs,staying_events,staying_hrs,staying_sqhrs,repairing_events,repairing_hrs,repairing_sqhrs,marauding_events,marauding_hrs,marauding_sqhrs,traveling_events,traveling_hrs,traveling_sqhrs
0,0.054,13,360.2090356522877,0.0,0.0,566.0,71.4035629722784,14.057581428213835,1663.0,282.6385605579226,61.17020582577856,0.0,0.0,0.0,13.0,1.3,0.13000000000000006,103.0,4.768518518518524,0.22076474622770872
1,0.0,8,360.03283811312974,0.0,1000.0,566.0,73.5900320750619,16.229978180789956,1492.0,249.85913070740085,52.9558624939624,220.0,36.64041697448175,8.154151462742664,0.0,0.0,0.0,0.0,0.0,0.0
2,0.0,11,360.4708142031201,1000.0,0.0,555.0,70.10049272030233,15.32888033682462,1433.0,247.48822459564946,54.01437108492915,253.0,42.589023261213086,9.208757375965133,0.0,0.0,0.0,0.0,0.0,0.0
3,0.0,11,359.79415081237727,1000.0,1000.0,569.0,72.90035978781353,15.047935152773688,1535.0,262.86304411117453,57.65484903583828,143.0,24.30210782614252,5.28677729803995,0.0,0.0,0.0,0.0,0.0,0.0
4,0.0,2,359.97537422198144,2000.0,0.0,561.0,74.37556729203585,16.25307855458299,1488.0,249.51606563168352,53.6480758902887,215.0,36.258510674635296,7.83783112200939,0.0,0.0,0.0,0.0,0.0,0.0
5,0.054,9,359.9923161892016,2000.0,1000.0,563.0,69.78737932971082,14.77890771732996,1677.0,285.088437963278,61.24166010075525,0.0,0.0,0.0,10.0,0.9999999999999999,0.10000000000000003,90.0,4.224196328107375,0.19933127572016426
