id,probability_maraud,successful_mating,next_foraging_time,x_pos,y_pos,foraging_events,foraging_hrs,foraging_sqhrs,staying_events,staying_hrs,staying_sqhrs,repairing_events,repairing_hrs,repairing_sqhrs,marauding_events,marauding_hrs,marauding_sqhrs,traveling_events,traveling_hrs,traveling_sqhrs
0,0.0,12,360.38307384672976,0.0,0.0,568.0,70.5488129684523,14.587190442650856,1695.0,289.4810056983954,61.96909748564305,0.0,0.0,0.0,0.0,0.0,0.0,0.0,0.0,0.0
1,0.0,6,360.54975589795083,0.0,1000.0,565.0,70.67259770934484,15.352457410619463,1710.0,289.3391355440372,61.8398654092639,0.0,0.0,0.0,0.0,0.0,0.0,0.0,0.0,0.0
2,0.0,11,360.0352150884256,1000.0,0.0,573.0,68.4078221554556,13.569460632764283,1422.0,242.69898046426093,52.11715286359436,287.0,48.98506744367472,10.629889428183143,0.0,0.0,0.0,0.0,0.0,0.0
3,0.0,14,360.4944120230589,1000.0,1000.0,569.0,67.9773247683098,14.266626374861383,1460.0,249.42509567465166,53.94756090232694,232.0,42.648576253376895,9.639225736826235,0.0,0.0,0.0,0.0,0.0,0.0
4,0.054,4,360.4398136508602,2000.0,0.0,580.0,67.69842285999852,13.100608341399349,1447.0,244.298999424986,51.890700814319466,257.0,42.8021863517995,9.135274892759426,11.0,1.0999999999999999,0.11000000000000004,89.0,4.158723477997509,0.1950445816186554
5,0.054,7,360.38318377667593,2000.0,1000.0,565.0,69.6906349546051,13.758873389062376,1497.0,260.92735015332676,56.789992092987646,150.0,24.351334428535168,5.205595137972559,15.0,1.5000000000000002,0.15000000000000008,75.0,3.568104991290067,0.17146776406035652
