id,probability_maraud,successful_mating,next_foraging_time,x_pos,y_pos,foraging_events,foraging_hrs,foraging_sqhrs,staying_events,staying_hrs,staying_sqhrs,repairing_events,repairing_hrs,repairing_sqhrs,marauding_events,marauding_hrs,marauding_sqhrs,traveling_events,traveling_hrs,traveling_sqhrs
0,0.054,11,360.1129578859132,0.0,0.0,567.0,69.9110747013971,13.357212921363178,1708.0,283.7608640885579,60.233487879004876,0.0,0.0,0.0,16.0,1.6000000000000003,0.1600000000000001,106.0,4.945760515034554,0.23148148148148098
1,0.0,6,360.15716358035195,0.0,1000.0,568.0,70.59396933271404,14.595886723475013,1454.0,247.16351688396563,53.246815181307355,249.0,42.32779180525263,8.902709992748168,0.0,0.0,0.0,0.0,0.0,0.0
2,0.0,12,360.36593966108126,1000.0,0.0,556.0,70.90521028079488,14.58923704779586,1165.0,197.98102848090855,42.68835082097734,540.0,91.22137072755613,20.022345756014253,0.0,0.0,0.0,0.0,0.0,0.0
3,0.0,10,359.815154014474,1000.0,1000.0,561.0,72.2316531607254,15.66802410798773,1598.0,269.32168569118534,57.713800552525605,112.0,18.458524576378434,3.817910895938409,0.0,0.0,0.0,0.0,0.0,0.0
4,0.054,11,360.13252652682667,2000.0,0.0,557.0,75.17264748359239,16.669852459305744,1657.0,279.46614137113505,59.70013988939084,0.0,0.0,0.0,13.0,1.3,0.13000000000000006,91.0,4.270492624403672,0.20147462277091874
5,0.0,4,360.59152982101665,2000.0,1000.0,567.0,69.77000366852825,13.745275811516253,1563.0,266.0495930434236,57.373006535995735,154.0,24.394512747405898,4.962449820385481,0.0,0.0,0.0,0.0,0.0,0.0
