id,probability_maraud,successful_mating,next_foraging_time,x_pos,y_pos,foraging_events,foraging_hrs,foraging_sqhrs,staying_events,staying_hrs,staying_sqhrs,repairing_events,repairing_hrs,repairing_sqhrs,marauding_events,marauding_hrs,marauding_sqhrs,traveling_events,traveling_hrs,traveling_sqhrs
0,0.0,8,360.37066930179833,0.0,0.0,568.0,74.51331648139181,16.206523599583505,1446.0,243.1056271350817,51.52152099487817,242.0,42.49583502311921,9.34193273538587,0.0,0.0,0.0,0.0,0.0,0.0
1,0.054,11,360.27438699313205,0.0,1000.0,571.0,71.30879740874124,15.133127719138022,1565.0,264.7929333553405,57.089860654466676,117.0,18.55435840795139,3.9647620923823474,16.0,1.6000000000000003,0.1600000000000001,81.0,3.769176553813568,0.17575445816186536
2,0.0,11,359.8987067877346,1000.0,0.0,559.0,75.39104223471377,17.01779921057677,1488.0,253.97631172663654,53.99910587559497,182.0,30.69269375008447,6.416099277891515,0.0,0.0,0.0,0.0,0.0,0.0
3,0.054,9,360.2860084336155,1000.0,1000.0,557.0,74.37919923311958,16.86967562626153,1339.0,225.8256565600884,48.46025967042341,334.0,55.101080302057134,11.665593367855237,14.0,1.4000000000000001,0.14000000000000007,73.0,3.398806183443198,0.1586076817558298
4,0.0,8,360.01940605851644,2000.0,0.0,580.0,71.18698245267122,14.593237022727745,1704.0,289.0008357633717,62.12483204493249,0.0,0.0,0.0,0.0,0.0,0.0,0.0,0.0,0.0
5,0.0,7,360.10471553626996,2000.0,1000.0,577.0,70.25762392755327,14.231463859857936,1469.0,253.01048475144924,54.72638641551323,227.0,36.94576226156868,7.753597768936973,0.0,0.0,0.0,0.0,0.0,0.0
