id,probability_maraud,successful_mating,next_foraging_time,x_pos,y_pos,foraging_events,foraging_hrs,foraging_sqhrs,staying_events,staying_hrs,staying_sqhrs,repairing_events,repairing_hrs,repairing_sqhrs,marauding_events,marauding_hrs,marauding_sqhrs,traveling_events,traveling_hrs,traveling_sqhrs
0,0.0,8,360.21978653238256,0.0,0.0,564.0,67.84473133952234,13.472235111599892,1324.0,230.81405124739814,50.90181841761253,354.0,61.407210073276175,13.797613104362346,0.0,0.0,0.0,0.0,0.0,0.0
1,0.054,11,360.5043399268243,0.0,1000.0,580.0,69.33206245571432,13.691009857773189,1455.0,247.0616327771921,52.88955970745442,225.0,36.87415809539797,7.724181387739587,23.0,2.3000000000000007,0.23000000000000015,99.0,4.5833333333333375,0.21219135802469094
2,0.0,10,360.15208782892637,1000.0,0.0,559.0,70.84958242658851,14.857001439112425,1622.0,270.75560163244575,57.33388398444673,108.0,18.47674831687064,3.981959084240641,0.0,0.0,0.0,0.0,0.0,0.0
3,0.054,11,360.0349748921736,1000.0,1000.0,579.0,70.64442014757113,14.716947846872483,1244.0,208.69727339355723,44.5158752698364,441.0,76.07258871180353,16.36047566777401,15.0,1.5000000000000002,0.15000000000000008,66.0,3.093908663182693,0.1457475994513031
4,0.0,6,359.99924339506464,2000.0,0.0,569.0,72.79528466691197,15.606296530543393,1690.0,287.38956614938866,61.08883159945071,0.0,0.0,0.0,0.0,0.0,0.0,0.0,0.0,0.0
5,0.0,8,360.5924732843289,2000.0,1000.0,564.0,73.86238518425714,16.259741136625,1476.0,249.2617564919694,52.7662429284995,219.0,36.91150811410764,7.888328137455784,0.0,0.0,0.0,0.0,0.0,0.0
