id,probability_maraud,successful_mating,next_foraging_time,x_pos,y_pos,foraging_events,foraging_hrs,foraging_sqhrs,staying_events,staying_hrs,staying_sqhrs,repairing_events,repairing_hrs,repairing_sqhrs,marauding_events,marauding_hrs,marauding_sqhrs,traveling_events,traveling_hrs,traveling_sqhrs
0,0.0,5,360.27383096572805,0.0,0.0,574.0,71.94054759799691,14.95489261627769,1693.0,288.08933167998833,62.59234566993878,0.0,0.0,0.0,0.0,0.0,0.0,0.0,0.0,0.0
1,0.0,14,360.46641723504445,0.0,1000.0,562.0,71.50719526105927,15.03104558326076,1672.0,288.59925092270527,62.51565272251972,0.0,0.0,0.0,0.0,0.0,0.0,0.0,0.0,0.0
2,0.0,12,360.2077855539162,1000.0,0.0,567.0,69.09953239828866,14.24319480229151,1471.0,248.08845477655572,52.74477874333381,261.0,42.83529780504071,9.32339945876804,0.0,0.0,0.0,0.0,0.0,0.0
3,0.0,6,359.84434741824685,1000.0,1000.0,565.0,71.63031221362364,15.220734863372451,1468.0,251.52241343431425,54.09147394786501,211.0,36.927124430181266,7.922081190436766,0.0,0.0,0.0,0.0,0.0,0.0
4,0.054,12,359.91938287520895,2000.0,0.0,571.0,72.4877552532511,15.33403331975277,1516.0,251.43181574221416,52.52724894836777,187.0,30.613816488480456,6.360480665375172,15.0,1.5000000000000002,0.15000000000000008,88.0,4.112427181701213,0.19290123456790093
5,0.054,5,360.20117253472324,2000.0,1000.0,557.0,71.02087296120484,14.902635294234877,1390.0,235.99338709738097,50.52751867610879,275.0,48.64233077993668,10.762086947121592,11.0,1.0999999999999999,0.11000000000000004,71.0,3.3445666984777436,0.15860768175582982
