id,probability_maraud,successful_mating,next_foraging_time,x_pos,y_pos,foraging_events,foraging_hrs,foraging_sqhrs,staying_events,staying_hrs,staying_sqhrs,repairing_events,repairing_hrs,repairing_sqhrs,marauding_events,marauding_hrs,marauding_sqhrs,traveling_events,traveling_hrs,traveling_sqhrs
0,0.0,11,360.16762431727585,0.0,0.0,570.0,67.6590352790407,13.698678560190274,1773.0,292.36582933132115,61.83686736487318,0.0,0.0,0.0,0.0,0.0,0.0,0.0,0.0,0.0
1,0.0,9,360.23151690454256,0.0,1000.0,571.0,68.68642211944795,13.609867326744919,1607.0,266.9067753416049,55.57997078187085,144.0,24.511960339086006,5.189371853988345,0.0,0.0,0.0,0.0,0.0,0.0
2,0.0,10,360.796185747713,1000.0,0.0,572.0,71.243286928983,14.61866449265669,1420.0,240.13970156455423,51.55059207974625,290.0,48.899298888753584,10.665696475828963,0.0,0.0,0.0,0.0,0.0,0.0
3,0.054,11,360.13231007683544,1000.0,1000.0,557.0,73.12228359276246,15.949464717598005,1690.0,281.6705154943242,59.54452674623953,0.0,0.0,0.0,13.0,1.3,0.13000000000000006,86.0,4.00065803529505,0.1864711934156376
4,0.054,8,360.21770560031075,2000.0,0.0,574.0,68.05973148126465,13.096848161864534,1666.0,286.74318467079775,62.61368309906622,0.0,0.0,0.0,11.0,1.0999999999999999,0.11000000000000004,88.0,4.112427181701213,0.19290123456790095
5,0.0,5,360.00725205629533,2000.0,1000.0,573.0,72.5958497996345,15.26567676355476,1283.0,214.86487347688467,46.07419251152772,435.0,72.8260404889,15.131803648424777,0.0,0.0,0.0,0.0,0.0,0.0
