id,probability_maraud,successful_mating,next_foraging_time,x_pos,y_pos,foraging_events,foraging_hrs,foraging_sqhrs,staying_events,staying_hrs,staying_sqhrs,repairing_events,repairing_hrs,repairing_sqhrs,marauding_events,marauding_hrs,marauding_sqhrs,traveling_events,traveling_hrs,traveling_sqhrs
0,0.0,11,360.09482920155665,0.0,0.0,561.0,72.71765097601018,15.449429868379037,1703.0,287.34142833759495,61.91812399111797,0.0,0.0,0.0,0.0,0.0,0.0,0.0,0.0,0.0
1,0.0,7,360.5976425869404,0.0,1000.0,560.0,70.9894366958904,15.83821697101643,1633.0,276.80680009881763,60.02979686972521,68.0,12.389800397653515,2.888562164319236,0.0,0.0,0.0,0.0,0.0,0.0
2,0.0,9,360.3019244462679,1000.0,0.0,562.0,71.43298641894044,14.63856323853397,1544.0,264.26783807284465,57.139701623692,148.0,24.327147874612574,4.9734067063820495,0.0,0.0,0.0,0.0,0.0,0.0
3,0.054,8,360.1201266100105,1000.0,1000.0,555.0,70.27585093972142,15.188511151236805,1357.0,236.5199130692817,51.868203296826216,282.0,48.777035917076255,10.598717321530648,13.0,1.3,0.13000000000000006,67.0,3.1402049594789894,0.14789094650205756
4,0.0,9,360.24336142338956,2000.0,0.0,571.0,71.89502716175491,14.887330131291606,1479.0,245.43502337903453,50.959991682289875,251.0,42.94860383022409,9.48385560760982,0.0,0.0,0.0,0.0,0.0,0.0
5,0.054,10,360.09569564183323,2000.0,1000.0,561.0,70.18251027047229,14.701131200586447,1425.0,241.72395248374002,51.73193094523466,244.0,42.544748121753166,9.507300159189022,15.0,1.5000000000000002,0.15000000000000008,93.0,4.324732109369127,0.2014746227709187
